0, 0
1, 0
2, 0
3, 0
4, 0
6, 0
7, 0
8, 0
9, 0
10, 0
12, 0
13, 0
14, 0
15, 0
17, 0
18, 0
19, 0
20, 0
21, 0
23, 0
24, 0
25, 0
26, 0
28, 0
29, 0
30, 0
31, 0
32, 0
34, 0
35, 0
36, 0
37, 0
38, 0
40, 0
41, 0
42, 0
43, 0
45, 0
46, 0
47, 0
48, 0
50, 0
51, 0
52, 0
53, 0
54, 0
56, 0
57, 0
58, 0
59, 0
60, 0
62, 0
63, 0
64, 0
65, 0
69, -2
70, -2
71, 0
73, 0
74, 0
75, 0
76, 0
78, 0
79, 0
80, 0
81, 0
82, 0
84, 0
85, 0
86, 0
87, 0
89, 0
90, 0
91, 0
92, 0
93, 0
95, 0
96, 0
97, 0
98, 0
100, 0
101, 0
102, 0
103, 0
104, 0
106, 0
107, 0
108, 0
109, 0
110, 0
112, 0
113, 0
114, 0
115, 0
117, 0
118, 0
119, 0
120, 0
121, 0
123, 0
124, 0
125, 0
126, 0
128, 0
129, 0
130, 0
131, 0
132, 0
137, -5
138, -2
139, 0
140, 0
141, 0
142, 0
143, 0
145, 0
146, 0
147, 0
148, 0
150, 0
151, 0
152, 0
153, 0
154, 0
156, 0
157, 0
158, 0
159, 0
160, 0
162, 0
163, 0
164, 0
165, 0
167, 0
168, 0
169, 0
170, 0
172, 0
173, 0
174, 0
175, 0
176, 0
178, 0
179, 0
180, 0
181, 0
182, 0
185, -1
186, 0
187, 0
189, 0
190, 0
191, 0
192, 0
193, 0
195, 0
196, 0
197, 0
198, 0
200, 0
201, 0
202, 0
203, 0
204, 0
206, 0
207, 0
208, 0
213, -3
214, -5
215, -2
216, -2
217, 0
218, 0
219, 0
220, 0
222, 0
223, 0
224, 0
225, 0
226, 0
228, 0
229, 0
230, 0
231, 0
232, 0
234, 0
235, 0
237, 0
239, 0
240, 0
241, 0
242, 0
243, 0
245, 0
246, 0
247, 0
248, 0
250, 0
251, 0
252, 0
253, 0
254, 0
256, 0
257, 0
258, 0
259, 0
261, 0
262, 0
263, 0
264, 0
265, 0
267, 0
268, 0
269, 0
270, 0
272, 0
273, 0
274, 0
275, 0
276, 0
278, 0
279, 0
281, 0
283, 0
284, 0
285, 0
286, 0
287, 0
289, 0
290, 0
291, 0
295, -2
296, -3
297, 0
298, 0
299, 0
300, 0
301, 0
302, 0
303, 0
304, 0
306, 0
307, 0
308, 0
309, 0
311, 0
312, 0
313, 0
314, 0
315, 0
317, 0
318, 0
319, 0
320, 0
322, 0
323, 0
324, 0
325, 0
326, 0
328, 0
329, 0
330, 0
331, 0
333, 0
334, 0
335, 0
336, 0
337, 0
339, 0
340, 0
341, 0
342, 0
344, 0
345, 0
346, 0
347, 0
348, 0
350, 0
351, 0
352, 0
353, 0
355, 0
356, 0
357, 0
358, 0
359, 0
361, 0
362, 0
363, 0
364, 0
365, 0
367, 0
368, 0
369, 0
370, 0
372, 0
373, 0
374, 0
375, 0
376, 0
381, -3
382, -4
383, -2
384, 0
385, 0
386, 0
387, 0
389, 0
390, 0
391, 0
392, 0
394, 0
395, 0
396, 0
397, 0
398, 0
400, 0
401, 0
402, 0
403, 0
404, 0
406, 0
407, 0
408, 0
409, 0
411, 0
412, 0
413, 0
414, 0
415, 0
417, 0
418, 0
419, 0
420, 0
422, 0
423, 0
424, 0
425, 0
426, 0
428, 0
429, 0
430, 0
431, 0
433, 0
434, 0
435, 0
436, 0
437, 0
439, 0
440, 0
441, 0
442, 0
444, 0
445, 0
446, 0
447, 0
448, 0
450, 0
451, 0
452, 0
453, 0
455, 0
456, 0
457, 0
458, 0
459, 0
461, 0
462, 0
463, 0
464, 0
466, 0
467, 0
468, 0
469, 0
470, 0
472, 0
473, 0
474, 0
475, 0
476, 0
478, 0
479, 0
480, 0
481, 0
483, 0
484, 0
485, 0
486, 0
487, 0
492, -5
493, -2
494, 0
495, 0
496, 0
497, 0
498, 0
500, 0
501, 0
502, 0
503, 0
505, 0
506, 0
507, 0
508, 0
509, 0
511, 0
512, 0
513, 0
514, 0
516, 0
517, 0
518, 0
519, 0
520, 0
522, 0
523, 0
524, 0
525, 0
527, 0
528, 0
529, 0
530, 0
531, 0
533, 0
534, 0
535, 0
536, 0
538, 0
539, 0
540, 0
541, 0
542, 0
544, 0
545, 0
546, 0
547, 0
548, 0
550, 0
551, 0
552, 0
553, 0
555, 0
556, 0
557, 0
558, 0
559, 0
561, 0
562, 0
563, 0
564, 0
566, 0
567, 0
568, 0
569, 0
570, 0
572, 0
573, 0
574, 0
575, 0
577, 0
578, 0
579, 0
580, 0
581, 0
583, 0
584, 0
585, 0
586, 0
588, 0
589, 0
590, 0
591, 0
595, -3
596, -1
597, 0
599, 0
600, 0
601, 0
602, 0
603, 0
605, 0
606, 0
607, 0
608, 0
609, 0
611, 0
612, 0
613, 0
614, 0
616, 0
617, 0
618, 0
619, 0
620, 0
622, 0
623, 0
624, 0
625, 0
627, 0
628, 0
629, 0
630, 0
631, 0
633, 0
634, 0
635, 0
636, 0
638, 0
639, 0
640, 0
641, 0
642, 0
644, 0
645, 0
646, 0
647, 0
649, 0
650, 0
651, 0
652, 0
653, 0
655, 0
656, 0
657, 0
658, 0
660, 0
661, 0
662, 0
664, 0
666, 0
667, 0
668, 0
669, 0
670, 0
672, 0
673, 0
674, 0
675, 0
677, 0
678, 0
679, 0
680, 0
681, 0
683, 0
684, 0
685, 0
686, 0
688, 0
689, 0
690, 0
691, 0
692, 0
694, 0
695, 0
698, -2
699, -1
700, -1
701, 0
702, 0
703, 0
705, 0
706, 0
707, 0
708, 0
709, 0
711, 0
712, 0
713, 0
714, 0
716, 0
717, 0
718, 0
719, 0
720, 0
722, 0
723, 0
724, 0
725, 0
727, 0
728, 0
729, 0
730, 0
731, 0
733, 0
734, 0
735, 0
736, 0
738, 0
739, 0
740, 0
741, 0
742, 0
744, 0
745, 0
746, 0
747, 0
749, 0
750, 0
751, 0
752, 0
753, 0
755, 0
756, 0
757, 0
758, 0
760, 0
761, 0
762, 0
763, 0
764, 0
766, 0
767, 0
768, 0
769, 0
771, 0
772, 0
773, 0
774, 0
775, 0
777, 0
778, 0
779, 0
780, 0
781, 0
783, 0
784, 0
786, 0
788, 0
789, 0
790, 0
791, 0
792, 0
794, 0
795, 0
796, 0
797, 0
799, 0
800, 0
803, -2
804, 0
805, 0
806, 0
807, 0
808, 0
810, 0
811, 0
812, 0
813, 0
814, 0
816, 0
817, 0
818, 0
819, 0
821, 0
822, 0
823, 0
824, 0
825, 0
827, 0
828, 0
829, 0
830, 0
832, 0
833, 0
834, 0
835, 0
836, 0
838, 0
839, 0
840, 0
841, 0
842, 0
844, 0
845, 0
846, 0
847, 0
849, 0
850, 0
851, 0
852, 0
853, 0
855, 0
856, 0
857, 0
858, 0
860, 0
861, 0
862, 0
863, 0
864, 0
866, 0
867, 0
868, 0
869, 0
871, 0
872, 0
873, 0
874, 0
875, 0
877, 0
878, 0
879, 0
880, 0
882, 0
883, 0
884, 0
885, 0
886, 0
888, 0
889, 0
890, 0
891, 0
892, 0
894, 0
895, 0
896, 0
897, 0
899, 0
900, 0
901, 0
902, 0
903, 0
907, -3
908, 0
910, 0
911, 0
912, 0
914, -1
915, 0
916, 0
918, -1
920, 0
921, 0
922, 0
923, 0
924, 0
925, 0
927, 0
928, 0
929, 0
930, 0
932, 0
933, 0
934, 0
935, 0
936, 0
938, 0
939, 0
940, 0
941, 0
943, 0
944, 0
945, 0
946, 0
947, 0
949, 0
950, 0
951, 0
952, 0
954, 0
955, 0
956, 0
957, 0
958, 0
960, 0
961, 0
962, 0
963, 0
964, 0
966, 0
967, 0
968, 0
969, 0
971, 0
972, 0
973, 0
974, 0
975, 0
977, 0
978, 0
979, 0
980, 0
982, 0
983, 0
984, 0
985, 0
986, 0
988, 0
989, 0
990, 0
991, 0
993, 0
994, 0
995, 0
996, 0
998, 0
999, 0
1000, 0
1001, 0
1002, 0
1004, 0
1005, 0
1006, 0
1007, 0
1010, -1
1011, -1
1012, 0
1013, 0
1015, 0
1016, 0
1017, 0
1018, 0
1019, 0
1021, 0
1022, 0
1023, 0
1024, 0
1026, 0
1027, 0
1028, 0
1030, 0
1031, 0
1032, 0
1034, 0
1035, 0
1037, 0
1038, 0
1039, 0
1040, 0
1041, 0
1043, 0
1044, 0
1045, 0
1046, 0
1047, 0
1049, 0
1050, 0
1051, 0
1052, 0
1054, 0
1055, 0
1056, 0
1057, 0
1058, 0
1060, 0
1061, 0
1062, 0
1063, 0
1065, 0
1066, 0
1067, 0
1068, 0
1069, 0
1071, 0
1072, 0
1073, 0
1074, 0
1075, 0
1077, 0
1078, 0
1079, 0
1080, 0
1082, 0
1083, 0
1084, 0
1085, 0
1086, 0
1088, 0
1089, 0
1090, 0
1091, 0
1093, 0
1094, 0
1095, 0
1096, 0
1097, 0
1099, 0
1100, 0
1101, 0
1103, 0
1104, 0
1105, 0
1107, 0
1108, 0
1110, 0
1111, 0
1113, -1
1114, 0
1115, 0
1116, 0
1117, 0
1118, 0
1119, 0
1121, 0
1122, 0
1123, 0
1124, 0
1126, 0
1127, 0
1128, 0
1129, 0
1130, 0
1132, 0
1133, 0
1134, 0
1135, 0
1137, 0
1138, 0
1139, 0
1140, 0
1141, 0
1143, 0
1144, 0
1145, 0
1146, 0
1147, 0
1149, 0
1150, 0
1151, 0
1152, 0
1154, 0
1155, 0
1156, 0
1157, 0
1158, 0
1160, 0
1161, 0
1162, 0
1163, 0
1165, 0
1166, 0
1167, 0
1168, 0
1170, 0
1171, 0
1172, 0
1173, 0
1174, 0
1176, 0
1177, 0
1178, 0
1179, 0
1180, 0
1182, 0
1183, 0
1184, 0
1186, 0
1187, 0
1188, 0
1189, 0
1190, 0
1191, 0
1193, 0
1194, 0
1195, 0
1196, 0
1198, 0
1199, 0
1200, 0
1201, 0
1202, 0
1204, 0
1205, 0
1206, 0
1207, 0
1208, 0
1210, 0
1211, 0
1212, 0
1213, 0
1215, 0
1216, 0
1219, -2
1220, 0
1221, 0
1222, 0
1223, 0
1224, 0
1226, 0
1227, 0
1228, 0
1229, 0
1230, 0
1232, 0
1233, 0
1234, 0
1235, 0
1237, 0
1238, 0
1239, 0
1240, 0
1241, 0
1243, 0
1244, 0
1245, 0
1246, 0
1248, 0
1249, 0
1250, 0
1251, 0
1252, 0
1254, 0
1255, 0
1256, 0
1257, 0
1259, 0
1260, 0
1262, -1
1263, 0
1265, 0
1266, 0
1267, 0
1268, 0
1269, 0
1271, 0
1272, 0
1273, 0
1274, 0
1276, 0
1277, 0
1278, 0
1279, 0
1280, 0
1282, 0
1283, 0
1284, 0
1285, 0
1287, 0
1288, 0
1289, 0
1290, 0
1291, 0
1293, 0
1294, 0
1295, 0
1296, 0
1298, 0
1299, 0
1300, 0
1301, 0
1302, 0
1304, 0
1305, 0
1306, 0
1307, 0
1309, 0
1310, 0
1311, 0
1312, 0
1313, 0
1315, 0
1316, 0
1317, 0
1318, 0
1319, 0
1323, -2
1324, 0
1326, 0
1327, 0
1328, 0
1329, 0
1330, 0
1332, 0
1333, 0
1334, 0
1335, 0
1337, 0
1338, 0
1339, 0
1340, 0
1341, 0
1343, 0
1344, 0
1345, 0
1346, 0
1348, 0
1349, 0
1350, 0
1351, 0
1352, 0
1354, 0
1355, 0
1356, 0
1357, 0
1359, 0
1360, 0
1361, 0
1362, 0
1363, 0
1365, 0
1366, 0
1367, 0
1368, 0
1370, 0
1371, 0
1372, 0
1373, 0
1374, 0
1376, 0
1377, 0
1378, 0
1379, 0
1380, 0
1382, 0
1383, 0
1384, 0
1385, 0
1387, 0
1388, 0
1389, 0
1390, 0
1391, 0
1393, 0
1394, 0
1395, 0
1396, 0
1398, 0
1399, 0
1400, 0
1401, 0
1402, 0
1404, 0
1405, 0
1406, 0
1407, 0
1409, 0
1410, 0
1411, 0
1412, 0
1413, 0
1415, 0
1416, 0
1417, 0
1418, 0
1420, 0
1421, 0
1422, 0
1423, 0
1426, -1
1427, 0
1428, 0
1429, 0
1431, 0
1432, 0
1433, 0
1434, 0
1435, 0
1437, 0
1438, 0
1439, 0
1440, 0
1442, 0
1443, 0
1444, 0
1445, 0
1446, 0
1448, 0
1449, 0
1450, 0
1451, 0
1452, 0
1454, 0
1455, 0
1456, 0
1457, 0
1459, 0
1460, 0
1461, 0
1462, 0
1463, 0
1465, 0
1466, 0
1467, 0
1468, 0
1470, 0
1471, 0
1472, 0
1473, 0
1474, 0
1476, 0
1477, 0
1478, 0
1479, 0
1481, 0
1482, 0
1483, 0
1484, 0
1485, 0
1487, 0
1488, 0
1489, 0
1490, 0
1492, 0
1493, 0
1494, 0
1495, 0
1496, 0
1498, 0
1499, 0
1500, 0
1501, 0
1502, 0
1504, 0
1505, 0
1506, 0
1507, 0
1509, 0
1510, 0
1511, 0
1512, 0
1513, 0
1515, 0
1516, 0
1517, 0
1518, 0
1520, 0
1521, 0
1522, 0
1523, 0
1524, 0
1526, 0
1527, 0
1530, -2
1531, 0
1532, 0
1533, 0
1534, 0
1535, 0
1537, 0
1538, 0
1539, 0
1540, 0
1542, 0
1543, 0
1544, 0
1545, 0
1546, 0
1548, 0
1549, 0
1550, 0
1551, 0
1553, 0
1554, 0
1555, 0
1556, 0
1557, 0
1559, 0
1560, 0
1561, 0
1562, 0
1563, 0
1565, 0
1566, 0
1567, 0
1568, 0
1570, 0
1571, 0
1572, 0
1573, 0
1574, 0
1576, 0
1577, 0
1578, 0
1579, 0
1581, 0
1582, 0
1583, 0
1584, 0
1585, 0
1587, 0
1588, 0
1589, 0
1590, 0
1592, 0
1593, 0
1594, 0
1595, 0
1596, 0
1598, 0
1599, 0
1600, 0
1601, 0
1603, 0
1604, 0
1605, 0
1606, 0
1607, 0
1609, 0
1610, 0
1611, 0
1612, 0
1614, 0
1615, 0
1616, 0
1617, 0
1618, 0
1620, 0
1621, 0
1622, 0
1623, 0
1624, 0
1626, 0
1627, 0
1628, 0
1629, 0
1631, 0
1634, -3
1635, 0
1637, 0
1638, 0
1639, 0
1640, 0
1642, 0
1643, 0
1644, 0
1645, 0
1646, 0
1648, 0
1649, 0
1650, 0
1651, 0
1653, 0
1654, 0
1655, 0
1656, 0
1657, 0
1659, 0
1660, 0
1661, 0
1662, 0
1664, 0
1665, 0
1666, 0
1667, 0
1668, 0
1670, 0
1671, 0
1672, 0
1673, 0
1675, 0
1676, 0
1677, 0
1678, 0
1679, 0
1681, 0
1682, 0
1683, 0
1684, 0
1686, 0
1687, 0
1688, 0
1689, 0
1690, 0
1692, 0
1693, 0
1694, 0
1695, 0
1696, 0
1698, 0
1699, 0
1700, 0
1701, 0
1703, 0
1704, 0
1705, 0
1706, 0
1707, 0
1709, 0
1710, 0
1711, 0
1712, 0
1714, 0
1715, 0
1716, 0
1717, 0
1718, 0
1720, 0
1721, 0
1722, 0
1723, 0
1725, 0
1726, 0
1727, 0
1728, 0
1729, 0
1731, 0
1732, 0
1733, 0
1734, 0
1736, 0
1738, -1
1739, 0
1740, 0
1742, 0
1743, 0
1744, 0
1745, 0
1747, 0
1748, 0
1749, 0
1750, 0
1751, 0
1753, 0
1754, 0
1755, 0
1756, 0
1757, 0
1759, 0
1760, 0
1761, 0
1762, 0
1764, 0
1765, 0
1766, 0
1767, 0
1768, 0
1770, 0
1771, 0
1772, 0
1773, 0
1775, 0
1776, 0
1777, 0
1778, 0
1779, 0
1781, 0
1782, 0
1783, 0
1784, 0
1786, 0
1787, 0
1788, 0
1789, 0
1790, 0
1792, 0
1793, 0
1794, 0
1795, 0
1797, 0
1798, 0
1799, 0
1800, 0
1801, 0
1803, 0
1804, 0
1805, 0
1806, 0
1807, 0
1809, 0
1810, 0
1812, 0
1814, 0
1815, 0
1816, 0
1817, 0
1818, 0
1820, 0
1821, 0
1822, 0
1823, 0
1825, 0
1826, 0
1827, 0
1828, 0
1829, 0
1831, 0
1832, 0
1833, 0
1834, 0
1836, 0
1837, 0
1838, 0
1842, -4
1843, -1
1844, 0
1845, 0
1847, 0
1848, 0
1849, 0
1850, 0
1851, 0
1853, 0
1854, 0
1855, 0
1856, 0
1858, 0
1859, 0
1860, 0
1861, 0
1862, 0
1864, 0
1865, 0
1867, 0
1868, 0
1871, 0
1872, 0
1873, 0
1875, 0
1876, 0
1877, 0
1878, 0
1879, 0
1881, 0
1882, 0
1883, 0
1884, 0
1886, 0
1887, 0
1888, 0
1889, 0
1890, 0
1892, 0
1893, 0
1894, 0
1895, 0
1897, 0
1898, 0
1899, 0
1900, 0
1901, 0
1903, 0
1904, 0
1905, 0
1906, 0
1908, 0
1909, 0
1910, 0
1911, 0
1912, 0
1914, 0
1916, -1
1917, 0
1919, 0
1920, 0
1921, 0
1922, 0
1923, 0
1925, 0
1926, 0
1927, 0
1928, 0
1930, 0
1931, 0
1932, 0
1933, 0
1934, 0
1936, 0
1937, 0
1939, 0
1940, 0
1942, 0
1943, 0
1945, -1
1946, 0
1947, 0
1948, 0
1949, 0
1950, 0
1951, 0
1953, 0
1954, 0
1955, 0
1956, 0
1958, 0
1959, 0
1961, 0
1962, 0
1964, 0
1965, 0
1966, 0
1967, 0
1969, 0
1970, 0
1971, 0
1972, 0
1973, 0
1975, 0
1976, 0
1977, 0
1978, 0
1980, 0
1981, 0
1982, 0
1983, 0
1984, 0
1986, 0
1987, 0
1988, 0
1989, 0
1991, 0
1992, 0
1993, 0
1994, 0
1995, 0
1997, 0
1998, 0
1999, 0
2000, 0
2002, 0
2003, 0
2004, 0
2005, 0
2006, 0
2008, 0
2009, 0
2010, 0
2011, 0
2012, 0
2014, 0
2015, 0
2016, 0
2017, 0
2019, 0
2020, 0
2021, 0
2025, -3
2026, -2
2027, -3
2028, 0
2033, -5
2034, -2
2035, 0
2039, -3
2040, -3
2041, -4
2042, -1
2043, 0
2046, -1
2047, -1
2050, -3
2051, 0
2052, 0
2168, -115
2343, -289
2344, -576
2345, -573
2346, -285
2347, -569
2348, -566
2349, -564
2350, -561
2351, -558
2352, -556
2353, -277
2354, -551
2355, -549
2356, -546
2357, -543
2358, -540
2359, -538
2360, -535
2361, -532
2362, -265
2398, -300
2399, -598
2400, -595
2401, -593
2402, -590
2403, -294
2404, -586
2405, -583
2406, -580
2407, -577
2408, -575
2409, -572
2410, -569
2411, -283
2412, -565
2413, -281
2447, -315
2448, -628
2449, -313
2450, -624
2451, -621
2452, -619
2453, -616
2454, -613
2455, -305
2456, -609
2457, -606
2458, -604
2459, -601
2460, -598
2461, -595
2462, -593
2463, -295
2468, -597
2469, -297
2470, -593
2471, -590
2472, -294
2476, -297
2477, -593
2478, -590
2479, -587
2480, -585
2481, -582
2482, -579
2483, -288
2484, -575
2485, -573
2486, -570
2487, -567
2488, -282
2489, -563
2490, -560
2491, -557
2492, -555
2493, -552
2494, -275
2499, -556
2500, -554
2501, -551
2502, -548
2503, -545
2504, -271
2505, -541
2506, -539
2507, -536
2508, -533
2509, -530
2510, -527
2511, -525
2512, -261
2513, -521
2514, -259
2518, -524
2519, -261
2520, -520
2521, -518
2522, -515
2523, -512
2524, -255
2525, -508
2526, -505
2527, -502
2528, -500
2529, -497
2530, -494
2531, -491
2532, -489
2533, -486
2537, -245
2538, -244
2539, -487
2540, -485
2541, -482
2542, -479
2543, -476
2544, -237
2545, -472
2546, -470
2547, -467
2548, -464
2549, -461
2550, -459
2551, -456
2552, -453
2553, -225
2554, -225
2557, -227
2558, -453
2559, -225
2560, -449
2561, -446
2562, -443
2563, -441
2564, -438
2565, -435
2566, -432
2567, -215
2568, -428
2569, -425
2570, -423
2571, -420
2572, -417
2573, -414
2579, -421
2580, -418
2581, -416
2582, -413
2583, -205
2584, -409
2585, -406
2586, -403
2587, -401
2588, -398
2589, -395
2590, -392
2591, -390
2592, -194
2593, -385
2594, -191
2598, -388
2599, -386
2600, -383
2601, -190
2602, -379
2603, -376
2604, -373
2605, -371
2606, -368
2607, -365
2608, -363
2609, -180
2610, -358
2611, -356
2612, -353
2613, -350
2614, -174
2617, -176
2618, -351
2619, -174
2620, -347
2621, -344
2622, -341
2623, -338
2624, -336
2625, -333
2626, -165
2627, -329
2628, -326
2629, -323
2630, -321
2631, -318
2632, -315
2633, -312
2638, -317
2639, -158
2640, -314
2641, -311
2642, -308
2643, -305
2644, -303
2645, -300
2646, -297
2647, -147
2648, -293
2649, -290
2650, -287
2651, -285
2652, -282
2653, -279
2658, -284
2659, -141
2660, -280
2661, -278
2662, -275
2663, -272
2664, -269
2665, -267
2666, -132
2667, -263
2668, -260
2669, -257
2670, -254
2671, -252
2672, -249
2673, -246
2678, -251
2679, -248
2683, -126
2684, -250
2685, -248
2686, -245
2687, -242
2688, -120
2689, -238
2690, -235
2691, -233
2692, -230
2693, -114
2694, -226
2695, -224
2696, -110
2700, -227
2701, -112
2702, -223
2703, -220
2704, -217
2705, -214
2706, -212
2707, -209
2708, -206
2709, -102
2710, -202
2711, -199
2712, -197
2713, -194
2714, -191
2715, -188
2716, -93
2720, -96
2721, -191
2722, -188
2723, -185
2724, -91
2725, -181
2726, -178
2727, -175
2728, -173
2729, -170
2730, -167
2731, -82
2732, -163
2733, -160
2734, -158
2735, -155
2736, -76
2740, -80
2741, -158
2742, -78
2743, -154
2744, -151
2745, -148
2746, -146
2747, -143
2748, -70
2749, -139
2750, -136
2751, -133
2752, -130
2753, -128
2754, -125
2755, -122
2756, -60
2760, -63
2761, -124
2762, -121
2763, -119
2764, -58
2765, -115
2766, -112
2767, -109
2768, -106
2769, -104
2770, -101
2771, -98
2772, -48
2773, -94
2774, -91
2775, -88
2776, -86
2780, -89
2781, -86
2782, -83
2783, -81
2786, -81
2787, -78
2788, -75
2789, -73
2790, -70
2791, -67
2792, -64
2793, -31
2794, -60
2795, -57
2796, -55
2797, -26
2801, -29
2802, -57
2803, -54
2804, -51
2805, -49
2806, -46
2807, -43
2808, -20
2809, -39
2810, -36
2811, -34
2812, -31
2813, -28
2814, -25
2815, -22
2816, -20
2817, -9
2818, -16
2819, -13
2820, -10
2821, -7
2822, -5
2823, -2
2824, 0
2825, 0
2826, 0
2828, 0
2829, 0
2830, 0
2831, 0
2832, 0
2834, 0
2835, 0
2836, 0
2838, 0
2839, 0
2840, 0
2842, -1
2843, 0
2845, 0
2846, 0
2847, 0
2848, 0
2849, 0
2851, 0
2852, 0
2853, 0
2854, 0
2855, 0
2857, 0
2858, 0
2859, 0
2860, 0
2862, 0
2863, 0
2864, 0
2866, 0
2867, 0
2868, 0
2869, 0
2870, 0
2871, 0
2873, 0
2874, 0
2875, 0
2876, 0
2877, 0
2879, 0
2880, 0
2881, 0
2882, 0
2884, 0
2885, 0
2886, 0
2887, 0
2891, -4
2892, -1
2893, 0
2895, 0
2896, 0
2897, 0
2898, 0
2899, 0
2901, 0
2902, 0
2903, 0
2904, 0
2906, 0
2907, 0
2908, 0
2909, 0
2910, 0
2912, 0
2913, 0
2914, 0
2915, 0
2916, 0
2918, 0
2919, 0
2920, 0
2921, 0
2923, 0
2924, 0
2925, 0
2926, 0
2927, 0
2929, 0
2930, 0
2931, 0
2932, 0
2934, 0
2935, 0
2936, 0
2937, 0
2938, 0
2940, 0
2941, 0
2942, 0
2943, 0
2945, 0
2946, 0
2947, 0
2948, 0
2949, 0
2951, 0
2952, 0
2953, 0
2954, 0
2956, 0
2957, 0
2958, 0
2959, 0
2960, 0
2962, 0
2963, 0
2964, 0
2965, 0
2967, 0
2968, 0
2969, 0
2970, 0
2971, 0
2973, 0
2974, 0
2975, 0
2976, 0
2977, 0
2979, 0
2980, 0
2981, 0
2982, 0
2984, 0
2985, 0
2986, 0
2987, 0
2988, 0
2990, 0
2991, 0
2992, 0
2993, 0
2995, 0
2996, 0
2997, 0
2998, 0
2999, 0
3001, 0
3002, 0
3003, 0
3004, 0
3006, 0
3007, 0
3008, 0
3009, 0
3010, 0
3012, 0
3013, 0
3014, 0
3015, 0
3017, 0
3018, 0
3019, 0
3020, 0
3021, 0
3023, 0
3024, 0
3025, 0
3026, 0
3028, 0
3029, 0
3030, 0
3031, 0
3032, 0
3034, 0
3035, 0
3036, 0
3037, 0
3038, 0
3040, 0
3041, 0
3042, 0
3043, 0
3045, 0
3046, 0
3047, 0
3048, 0
3049, 0
3051, 0
3052, 0
3053, 0
3054, 0
3056, 0
3057, 0
3058, 0
3059, 0
3060, 0
3062, 0
3063, 0
3064, 0
3065, 0
3067, 0
3068, 0
3069, 0
3070, 0
3071, 0
3073, 0
3074, 0
3075, 0
3076, 0
3078, 0
3079, 0
3080, 0
3081, 0
3082, 0
3084, 0
3085, 0
3086, 0
3087, 0
3088, 0
3090, 0
3091, 0
3092, 0
3093, 0
3095, 0
3096, 0
3097, 0
3098, 0
3099, 0
3101, 0
3102, 0
3103, 0
3104, 0
3106, 0
3107, 0
3108, 0
3109, 0
3110, 0
3112, 0
3113, 0
3114, 0
3115, 0
3117, 0
3118, 0
3119, 0
3120, 0
3121, 0
3123, 0
3124, 0
3125, 0
3126, 0
3128, 0
3129, 0
3130, 0
3131, 0
3132, 0
3134, 0
3135, 0
3136, 0
3137, 0
3139, 0
3140, 0
3141, 0
3142, 0
3143, 0
3145, 0
3146, 0
3147, 0
3148, 0
3149, 0
3151, 0
3152, 0
3153, 0
3155, 0
3156, 0
3157, 0
3158, 0
3159, 0
3160, 0
3162, 0
3163, 0
3164, 0
3165, 0
3167, 0
3168, 0
3169, 0
3170, 0
3171, 0
3173, 0
3175, 0
3176, 0
3178, 0
3179, 0
3180, 0
3181, 0
3182, 0
3184, 0
3185, 0
3186, 0
3187, 0
3189, 0
3190, 0
3191, 0
3192, 0
3193, 0
3195, 0
3196, 0
3197, 0
3198, 0
3200, 0
3201, 0
3202, 0
3203, 0
3204, 0
3206, 0
3208, 0
3209, 0
3211, 0
3212, 0
3213, 0
3214, 0
3215, 0
3217, 0
3218, 0
3219, 0
3220, 0
3221, 0
3223, 0
3224, 0
3225, 0
3226, 0
3228, 0
3229, 0
3230, 0
3231, 0
3232, 0
3234, 0
3236, 0
3237, 0
3239, 0
3240, 0
3241, 0
3242, 0
3243, 0
3245, 0
3246, 0
3247, 0
3248, 0
3250, 0
3251, 0
3252, 0
3253, 0
3254, 0
3256, 0
3257, 0
3258, 0
3259, 0
3261, 0
3262, 0
3263, 0
3264, 0
3265, 0
3267, 0
3269, 0
3270, 0
3272, 0
3273, 0
3274, 0
3275, 0
3276, 0
3278, 0
3279, 0
3280, 0
3281, 0
3283, 0
3284, 0
3285, 0
3286, 0
3287, 0
3289, 0
3290, 0
3291, 0
3292, 0
3293, 0
3295, 0
3296, 0
3297, 0
3298, 0
3300, 0
3301, 0
3302, 0
3303, 0
3304, 0
3306, 0
3307, 0
3308, 0
3310, -1
3311, 0
3312, 0
3314, 0
3315, 0
3317, 0
3318, 0
3319, 0
3322, -1
3323, -1
3324, 0
3326, 0
3327, 0
3328, 0
3329, 0
3330, 0
3332, 0
3333, 0
3334, 0
3336, -1
3337, 0
3339, 0
3340, 0
3342, -1
3343, 0
3345, 0
3346, 0
3347, 0
3350, -2
3351, -1
3352, 0
3354, -1
3355, 0
3356, 0
3360, -5
3361, -1
3362, -1
3363, 0
3364, 0
3365, 0
3367, 0
3368, 0
3372, -3
3373, -4
3374, -1
3375, 0
3377, 0
3378, 0
3379, 0
3380, 0
3381, 0
3383, 0
3388, -7
3389, -2
3390, -3
3391, -1
3392, 0
3394, 0
3395, 0
3396, 0
3397, 0
3398, 0
3400, 0
3401, 0
3408, -10
3409, -8
3410, -3
3411, -4
3412, -1
3413, 0
3414, 0
3416, 0
3417, 0
3418, 0
3419, 0
3420, 0
3422, 0
3423, 0
3424, 0
3425, 0
3434, -13
3435, -11
3436, -4
3437, -7
3438, -4
3439, -1
3440, -1
3443, -2
3444, 0
3445, 0
3446, 0
3447, 0
3449, 0
3450, 0
3451, 0
3452, 0
3453, 0
3455, 0
3456, 0
3467, -18
3468, -16
3469, -7
3470, -6
3471, -7
3472, -6
3473, -11
3474, -8
3475, -3
3476, -4
3477, -2
3478, 0
3479, 0
3480, 0
3481, 0
3483, 0
3484, 0
3485, 0
3486, 0
3487, 0
3489, 0
3490, 0
3491, 0
3492, 0
3494, 0
3495, 0
3496, 0
3510, -24
3511, -21
3512, -9
3513, -17
3514, -15
3515, -12
3516, -5
3517, -8
3518, -6
3520, -2
3523, -5
3524, -8
3525, -3
3526, -4
3527, -2
3528, 0
3529, 0
3530, 0
3532, 0
3533, 0
3534, 0
3535, 0
3536, 0
3537, 0
3539, 0
3540, 0
3541, 0
3542, 0
3544, 0
3545, 0
3546, 0
3561, -25
3562, -12
3563, -23
3564, -10
3565, -19
3566, -16
3567, -14
3568, -6
3569, -10
3570, -7
3575, -12
3576, -5
3577, -9
3578, -6
3579, -4
3580, -1
3581, 0
3582, 0
3583, 0
3584, 0
3585, 0
3586, 0
3587, 0
3589, 0
3590, 0
3591, 0
3592, 0
3594, 0
3596, 0
3597, 0
3598, 0
3600, 0
3611, -10
3612, -18
3613, -8
3614, -14
3615, -12
3616, -9
3617, -6
3618, -2
3619, -2
3620, 0
3621, 0
3622, 0
3623, 0
3625, 0
3626, 0
3628, 0
3629, 0
3630, 0
3631, 0
3633, 0
3634, 0
3635, 0
3636, 0
3638, 0
3639, 0
3640, 0
3641, 0
3645, -2
3646, -3
3647, 0
3648, 0
3650, 0
3651, 0
3652, 0
3653, 0
3655, 0
3656, 0
3657, 0
3658, 0
3659, 0
3661, 0
3662, 0
3663, 0
3664, 0
3666, 0
3667, 0
3672, -3
3673, -6
3674, -2
3675, -2
3676, 0
3677, 0
3678, 0
3679, 0
3680, 0
3681, 0
3683, 0
3684, 0
3685, 0
3686, 0
3688, 0
3689, 0
3690, 0
3691, 0
3692, 0
3694, 0
3695, 0
3696, 0
3697, 0
3699, 0
3700, 0
3701, 0
3702, 0
3703, 0
3705, 0
3706, 0
3707, 0
3708, 0
3709, 0
3711, 0
3712, 0
3713, 0
3714, 0
3716, 0
3717, 0
3718, 0
3719, 0
3720, 0
3722, 0
3723, 0
3724, 0
3725, 0
3727, 0
3728, 0
3729, 0
3730, 0
3731, 0
3733, 0
3734, 0
3735, 0
3736, 0
3738, 0
3739, 0
3740, 0
3741, 0
3742, 0
3744, 0
3745, 0
3746, 0
3747, 0
3749, 0
3750, 0
3751, 0
3752, 0
3753, 0
3755, 0
3756, 0
3757, 0
3758, 0
3759, 0
3761, 0
3762, 0
3763, 0
3764, 0
3766, 0
3767, 0
3768, 0
3769, 0
3770, 0
3772, 0
3773, 0
3774, 0
3775, 0
3777, 0
3778, 0
3779, 0
3780, 0
3781, 0
3783, 0
3784, 0
3785, 0
3786, 0
3788, 0
3789, 0
3790, 0
3791, 0
3792, 0
3794, 0
3795, 0
3796, 0
3797, 0
3799, 0
3800, 0
3801, 0
3802, 0
3803, 0
3805, 0
3806, 0
3807, 0
3808, 0
3809, 0
3811, 0
3812, 0
3813, 0
3814, 0
3816, 0
3817, 0
3818, 0
3819, 0
3820, 0
3822, 0
3823, 0
3824, 0
3825, 0
3827, 0
3828, 0
3829, 0
3830, 0
3831, 0
3833, 0
3834, 0
3835, 0
3836, 0
3838, 0
3839, 0
3840, 0
3841, 0
3842, 0
3844, 0
3845, 0
3846, 0
3847, 0
3849, 0
3850, 0
3851, 0
3853, 0
3855, 0
3856, 0
3857, 0
3858, 0
3860, 0
3861, 0
3862, 0
3863, 0
3864, 0
3866, 0
3867, 0
3868, 0
3869, 0
3871, 0
3872, 0
3873, 0
3874, 0
3875, 0
3877, 0
3878, 0
3879, 0
3880, 0
3881, 0
3883, 0
3884, 0
3885, 0
3886, 0
3888, 0
3889, 0
3890, 0
3891, 0
3892, 0
3894, 0
3895, 0
3896, 0
3897, 0
3899, 0
3900, 0
3901, 0
3902, 0
3903, 0
3905, 0
3906, 0
3907, 0
3908, 0
3910, 0
3911, 0
3912, 0
3913, 0
3914, 0
3916, 0
3917, 0
3918, 0
3919, 0
3921, 0
3922, 0
3923, 0
3924, 0
3925, 0
3927, 0
3928, 0
3929, 0
3930, 0
3931, 0
3933, 0
3934, 0
3935, 0
3936, 0
3938, 0
3939, 0
3940, 0
3941, 0
3942, 0
3944, 0
3945, 0
3946, 0
3947, 0
3949, 0
3950, 0
3951, 0
3952, 0
3953, 0
3955, 0
3956, 0
3957, 0
3958, 0
3960, 0
3961, 0
3962, 0
3963, 0
3964, 0
3966, 0
3967, 0
3968, 0
3969, 0
3971, 0
3972, 0
3973, 0
3974, 0
3975, 0
3977, 0
3978, 0
3979, 0
3980, 0
3982, 0
3983, 0
3984, 0
3985, 0
3986, 0
3988, 0
3989, 0
3990, 0
3991, 0
3993, 0
3994, 0
3995, 0
3996, 0
3997, 0
3999, 0
4000, 0
4001, 0
4002, 0
4003, 0
4005, 0
4006, 0
4007, 0
4008, 0
4010, 0
4011, 0
4012, 0
4013, 0
4014, 0
4016, 0
4017, 0
4018, 0
4019, 0
4021, 0
4022, 0
4023, 0
4024, 0
4025, 0
4027, 0
4028, 0
4029, 0
4030, 0
4032, 0
4033, 0
4034, 0
4035, 0
4036, 0
4038, 0
4039, 0
4040, 0
4041, 0
4043, 0
4044, 0
4045, 0
4046, 0
4047, 0
4049, 0
4050, 0
4051, 0
4052, 0
4054, 0
4055, 0
4056, 0
4057, 0
4058, 0
4060, 0
4061, 0
4062, 0
4063, 0
4064, 0
4066, 0
4067, 0
4068, 0
4069, 0
4071, 0
4072, 0
4073, 0
4074, 0
4075, 0
4077, 0
4078, 0
4079, 0
4080, 0
4082, 0
4083, 0
4084, 0
4085, 0
4086, 0
4088, 0
4089, 0
4090, 0
4091, 0
4093, 0
4094, 0
4095, 0
4096, 0
4097, 0
4099, 0
4100, 0
4101, 0
4102, 0
4104, 0
4105, 0
4106, 0
4107, 0
4108, 0
4110, 0
4111, 0
4112, 0
4113, 0
4115, 0
4116, 0
4117, 0
4118, 0
4119, 0
4121, 0
4122, 0
4128, -8
4129, -5
4130, -2
4131, 0
4132, 0
4152, -19
4153, -36
4154, -33
4155, -31
4156, -14
4157, -27
4158, -24
4159, -21
4160, -18
4161, -16
4162, -6
4242, -86
4243, -170
4244, -84
4245, -166
4246, -163
4247, -160
4248, -158
4249, -155
4250, -152
4251, -149
4252, -147
4253, -72
4254, -143
4255, -140
4256, -137
4257, -134
4258, -132
4259, -129
4260, -126
4261, -123
4295, -186
4296, -183
4297, -180
4298, -177
4299, -175
4300, -172
4301, -169
4302, -83
4303, -165
4304, -162
4305, -159
4306, -157
4307, -154
4308, -151
4309, -148
4310, -145
4311, -143
4312, -140
4313, -137
4314, -67
4315, -66
4356, -213
4357, -210
4358, -207
4359, -204
4360, -202
4361, -199
4362, -196
4363, -193
4364, -95
4365, -189
4366, -186
4367, -183
4368, -180
4369, -178
4370, -175
4371, -172
4372, -169
4373, -166
4374, -164
4375, -80
4420, -125
4421, -124
4422, -247
4423, -123
4424, -244
4425, -121
4426, -240
4427, -238
4428, -235
4429, -232
4430, -229
4431, -113
4467, -148
4468, -295
4469, -293
4470, -290
4471, -144
4472, -286
4473, -283
4474, -280
4475, -277
4476, -275
4477, -272
4478, -269
4479, -266
4480, -264
4481, -261
4482, -129
4483, -257
4484, -254
4485, -251
4486, -248
4487, -123
4528, -325
4529, -323
4530, -160
4531, -318
4532, -315
4533, -313
4534, -310
4535, -307
4536, -304
4537, -301
4538, -299
4539, -296
4540, -293
4541, -290
4542, -287
4543, -285
4544, -141
4545, -280
4546, -278
4547, -275
4589, -354
4590, -352
4591, -349
4592, -173
4593, -345
4594, -342
4595, -339
4596, -337
4597, -334
4598, -331
4599, -164
4600, -327
4601, -324
4602, -321
4603, -319
4604, -316
4605, -313
4606, -310
4607, -154
4608, -153
4653, -395
4654, -196
4655, -391
4656, -194
4657, -388
4658, -193
4659, -384
4660, -381
4661, -378
4662, -376
4663, -187
4693, -216
4694, -430
4695, -427
4696, -424
4697, -422
4698, -419
4699, -416
4700, -207
4701, -412
4702, -409
4703, -406
4704, -404
4705, -401
4706, -398
4707, -395
4708, -392
4731, -433
4732, -431
4733, -428
4734, -425
4735, -422
4736, -210
4737, -418
4738, -415
4739, -412
4740, -410
4741, -407
4742, -404
4743, -401
4744, -399
4745, -396
4746, -393
4747, -390
4748, -194
4749, -193
4756, -398
4757, -198
4758, -394
4759, -392
4760, -389
4761, -386
4762, -383
4763, -380
4764, -378
4765, -375
4766, -372
4767, -369
4768, -183
4769, -365
4775, -373
4776, -185
4777, -369
4778, -366
4779, -363
4780, -361
4781, -358
4782, -355
4783, -352
4784, -175
4785, -348
4786, -345
4787, -343
4788, -340
4789, -337
4796, -174
4797, -173
4798, -345
4799, -342
4800, -339
4801, -337
4802, -334
4803, -331
4804, -328
4805, -325
4806, -323
4807, -320
4808, -159
4809, -316
4814, -321
4815, -318
4816, -316
4817, -313
4818, -155
4819, -309
4820, -306
4821, -303
4822, -300
4823, -297
4824, -295
4825, -292
4826, -289
4827, -286
4828, -284
4829, -281
4836, -145
4837, -289
4838, -286
4839, -283
4840, -281
4841, -278
4842, -275
4843, -272
4844, -135
4845, -268
4846, -265
4847, -262
4848, -260
4849, -257
4850, -127
4854, -130
4855, -259
4856, -257
4857, -254
4858, -251
4859, -248
4860, -123
4861, -244
4862, -241
4863, -238
4864, -236
4865, -233
4866, -230
4867, -227
4868, -224
4869, -221
4870, -109
4877, -230
4878, -227
4879, -224
4880, -222
4881, -110
4882, -218
4883, -215
4884, -212
4885, -209
4886, -207
4887, -204
4888, -201
4889, -99
4890, -99
4894, -102
4895, -203
4896, -100
4897, -199
4898, -196
4899, -194
4900, -191
4901, -94
4902, -187
4903, -184
4904, -181
4905, -179
4906, -176
4907, -173
4908, -170
4909, -168
4910, -82
4915, -86
4916, -171
4917, -85
4918, -168
4919, -165
4920, -162
4921, -160
4922, -157
4923, -154
4924, -151
4925, -148
4926, -73
4927, -144
4928, -141
4929, -139
4930, -136
4934, -70
4935, -139
4936, -68
4937, -135
4938, -132
4939, -129
4940, -127
4941, -124
4942, -61
4943, -120
4944, -117
4945, -114
4946, -112
4947, -109
4948, -106
4949, -103
4950, -101
4957, -109
4958, -106
4959, -103
4960, -101
4961, -98
4962, -95
4963, -92
4964, -90
4965, -87
4966, -84
4967, -81
4968, -39
4969, -77
4970, -74
4971, -36
4976, -40
4977, -40
4978, -78
4979, -75
4980, -72
4981, -69
4982, -67
4983, -64
4984, -61
4985, -58
4986, -55
4987, -53
4988, -25
4989, -48
4990, -46
4991, -22
4997, -53
4998, -50
4999, -47
5000, -44
5001, -42
5002, -39
5003, -18
5004, -35
5005, -32
5006, -29
5007, -26
5008, -23
5009, -21
5010, -18
5011, -8
5017, -13
5018, -24
5019, -21
5020, -18
5021, -16
5022, -13
5023, -10
5024, -4
5025, -6
5026, -3
5027, 0
5028, 0
5030, 0
5031, 0
5032, 0
5033, 0
5034, 0
5036, 0
5037, 0
5038, 0
5039, 0
5040, 0
5042, 0
5043, 0
5044, 0
5045, 0
5047, 0
5048, 0
5049, 0
5050, 0
5051, 0
5053, 0
5054, 0
5055, 0
5056, 0
5058, 0
5059, 0
5060, 0
5061, 0
5062, 0
5064, 0
5065, 0
5066, 0
5067, 0
5069, 0
5070, 0
5071, 0
5072, 0
5073, 0
5075, 0
5076, 0
5077, 0
5078, 0
5080, 0
5081, 0
5082, 0
5083, 0
5084, 0
5086, 0
5087, 0
5088, 0
5089, 0
5091, 0
5092, 0
5093, 0
5094, 0
5095, 0
5097, 0
5098, 0
5099, 0
5100, 0
5101, 0
5103, 0
5104, 0
5105, 0
5106, 0
5108, 0
5109, 0
5110, 0
5111, 0
5112, 0
5114, 0
5115, 0
5116, 0
5117, 0
5119, 0
5120, 0
5121, 0
5122, 0
5123, 0
5125, 0
5126, 0
5127, 0
5128, 0
5130, 0
5131, 0
5132, 0
5133, 0
5134, 0
5136, 0
5137, 0
5138, 0
5139, 0
5141, 0
5142, 0
5143, 0
5144, 0
5145, 0
5147, 0
5148, 0
5149, 0
5150, 0
5152, 0
5153, 0
5154, 0
5155, 0
5156, 0
5158, 0
5159, 0
5160, 0
5161, 0
5162, 0
5164, 0
5165, 0
5166, 0
5167, 0
5169, 0
5170, 0
5171, 0
5172, 0
5173, 0
5175, 0
5176, 0
5177, 0
5178, 0
5180, 0
5181, 0
5182, 0
5183, 0
5184, 0
5186, 0
5187, 0
5188, 0
5189, 0
5191, 0
5192, 0
5193, 0
5194, 0
5195, 0
5197, 0
5198, 0
5199, 0
5200, 0
5202, 0
5203, 0
5204, 0
5205, 0
5206, 0
5208, 0
5209, 0
5210, 0
5211, 0
5213, 0
5214, 0
5215, 0
5216, 0
5217, 0
5219, 0
5220, 0
5221, 0
5222, 0
5223, 0
5225, 0
5226, 0
5227, 0
5228, 0
5230, 0
5231, 0
5232, 0
5233, 0
5234, 0
5236, 0
5237, 0
5238, 0
5239, 0
5241, 0
5242, 0
5243, 0
5244, 0
5245, 0
5247, 0
5248, 0
5249, 0
5250, 0
5252, 0
5253, 0
5254, 0
5255, 0
5256, 0
5258, 0
5259, 0
5260, 0
5261, 0
5263, 0
5264, 0
5265, 0
5266, 0
5267, 0
5269, 0
5270, 0
5271, 0
5272, 0
5274, 0
5275, 0
5276, 0
5277, 0
5278, 0
5280, 0
5281, 0
5282, 0
5283, 0
5284, 0
5286, 0
5287, 0
5288, 0
5289, 0
5291, 0
5292, 0
5293, 0
5294, 0
5296, 0
5297, 0
5298, 0
5299, 0
5300, 0
5302, 0
5303, 0
5304, 0
5305, 0
5306, 0
5308, 0
5309, 0
5310, 0
5311, 0
5313, 0
5314, 0
5315, 0
5316, 0
5317, 0
5319, 0
5320, 0
5321, 0
5322, 0
5324, 0
5325, 0
5326, 0
5327, 0
5328, 0
5330, 0
5331, 0
5332, 0
5333, 0
5335, 0
5336, 0
5337, 0
5338, 0
5339, 0
5341, 0
5342, 0
5343, 0
5344, 0
5345, 0
5347, 0
5348, 0
5349, 0
5350, 0
5352, 0
5353, 0
5354, 0
5355, 0
5356, 0
5358, 0
5359, 0
5360, 0
5361, 0
5363, 0
5364, 0
5365, 0
5366, 0
5367, 0
5369, 0
5370, 0
5371, 0
5372, 0
5374, 0
5375, 0
5376, 0
5377, 0
5378, 0
5380, 0
5381, 0
5382, 0
5383, 0
5385, 0
5386, 0
5387, 0
5388, 0
5389, 0
5391, 0
5392, 0
5393, 0
5394, 0
5396, 0
5397, 0
5398, 0
5399, 0
5400, 0
5402, 0
5403, 0
5404, 0
5405, 0
5406, 0
5408, 0
5409, 0
5410, 0
5411, 0
5413, 0
5414, 0
5415, 0
5416, 0
5417, 0
5419, 0
5420, 0
5421, 0
5422, 0
5424, 0
5425, 0
5426, 0
5427, 0
5428, 0
5430, 0
5431, 0
5432, 0
5433, 0
5435, 0
5436, 0
5437, 0
5438, 0
5439, 0
5441, 0
5442, 0
5443, 0
5444, 0
5446, 0
5447, 0
5448, 0
5449, 0
5450, 0
5452, 0
5453, 0
5454, 0
5455, 0
5457, 0
5458, 0
5459, 0
5460, 0
5461, 0
5463, 0
5464, 0
5465, 0
5466, 0
5467, 0
5469, 0
5470, 0
5471, 0
5472, 0
5474, 0
5475, 0
5476, 0
5477, 0
5478, 0
5480, 0
5481, 0
5482, 0
5483, 0
5485, 0
5486, 0
5487, 0
5488, 0
5489, 0
5491, 0
5492, 0
5493, 0
5494, 0
5496, 0
5497, 0
5498, 0
5499, 0
5500, 0
5502, 0
5503, 0
5504, 0
5505, 0
5507, 0
5508, 0
5509, 0
5510, 0
5511, 0
5513, 0
5514, 0
5515, 0
5516, 0
5518, 0
5519, 0
5520, 0
5521, 0
5522, 0
5524, 0
5525, 0
5526, 0
5527, 0
5528, 0
5530, 0
5531, 0
5532, 0
5533, 0
5535, 0
5536, 0
5537, 0
5538, 0
5539, 0
5541, 0
5542, 0
5543, 0
5544, 0
5546, 0
5547, 0
5548, 0
5549, 0
5550, 0
5552, 0
5553, 0
5554, 0
5555, 0
5557, 0
5558, 0
5559, 0
5560, 0
5561, 0
5563, 0
5564, 0
5565, 0
5566, 0
5568, 0
5569, 0
5570, 0
5571, 0
5572, 0
5574, 0
5575, 0
5576, 0
5577, 0
5579, 0
5580, 0
5581, 0
5582, 0
5583, 0
5585, 0
5586, 0
5587, 0
5588, 0
5589, 0
5591, 0
5592, 0
5593, 0
5594, 0
5596, 0
5597, 0
5598, 0
5599, 0
5600, 0
5602, 0
5603, 0
5604, 0
5605, 0
5607, 0
5608, 0
5609, 0
5610, 0
5611, 0
5613, 0
5614, 0
5615, 0
5616, 0
5618, 0
5619, 0
5620, 0
5621, 0
5622, 0
5624, 0
5625, 0
5626, 0
5627, 0
5629, 0
5630, 0
5631, 0
5632, 0
5633, 0
5635, 0
5636, 0
5637, 0
5638, 0
5640, 0
5641, 0
5642, 0
5643, 0
5644, 0
5646, 0
5647, 0
5648, 0
5649, 0
5650, 0
5652, 0
5653, 0
5654, 0
5655, 0
5657, 0
5658, 0
5659, 0
5660, 0
5661, 0
5663, 0
5664, 0
5665, 0
5666, 0
5668, 0
5669, 0
5670, 0
5671, 0
5672, 0
5674, 0
5675, 0
5676, 0
5677, 0
5679, 0
5680, 0
5681, 0
5682, 0
5683, 0
5685, 0
5686, 0
5687, 0
5688, 0
5690, 0
5691, 0
5692, 0
5693, 0
5694, 0
5696, 0
5697, 0
5698, 0
5699, 0
5701, 0
5702, 0
5703, 0
5704, 0
5705, 0
5707, 0
5708, 0
5709, 0
5710, 0
5712, 0
5713, 0
5714, 0
5715, 0
5716, 0
5718, 0
5719, 0
5720, 0
5721, 0
5722, 0
5724, 0
5725, 0
5726, 0
5727, 0
5729, 0
5730, 0
5731, 0
5732, 0
5733, 0
5735, 0
5736, 0
5737, 0
5738, 0
5740, 0
5741, 0
5742, 0
5743, 0
5744, 0
5746, 0
5747, 0
5748, 0
5749, 0
5751, 0
5752, 0
5753, 0
5754, 0
5755, 0
5757, 0
5758, 0
5759, 0
5760, 0
5762, 0
5763, 0
5764, 0
5765, 0
5766, 0
5768, 0
5769, 0
5770, 0
5771, 0
5772, 0
5774, 0
5775, 0
5776, 0
5777, 0
5779, 0
5780, 0
5781, 0
5782, 0
5783, 0
5785, 0
5786, 0
5787, 0
5788, 0
5790, 0
5791, 0
5792, 0
5793, 0
5794, 0
5796, 0
5797, 0
5798, 0
5799, 0
5801, 0
5802, 0
5803, 0
5804, 0
5805, 0
5807, 0
5808, 0
5809, 0
5810, 0
5812, 0
5813, 0
5814, 0
5815, 0
5816, 0
5818, 0
5819, 0
5820, 0
5821, 0
5823, 0
5824, 0
5825, 0
5826, 0
5827, 0
5829, 0
5830, 0
5831, 0
5832, 0
5834, 0
5835, 0
5836, 0
5837, 0
5838, 0
5840, 0
5841, 0
5842, 0
5843, 0
5844, 0
5846, 0
5847, 0
5848, 0
5849, 0
5851, 0
5852, 0
5853, 0
5854, 0
5855, 0
5857, 0
5858, 0
5859, 0
5860, 0
5862, 0
5863, 0
5864, 0
5865, 0
5866, 0
5868, 0
5869, 0
5870, 0
5871, 0
5873, 0
5874, 0
5875, 0
5876, 0
5877, 0
5879, 0
5880, 0
5881, 0
5882, 0
5884, 0
5885, 0
5886, 0
5887, 0
5888, 0
5890, 0
5891, 0
5892, 0
5893, 0
5894, 0
5896, 0
5897, 0
5898, 0
5899, 0
5901, 0
5902, 0
5903, 0
5904, 0
5905, 0
5907, 0
5908, 0
5909, 0
5910, 0
5912, 0
5913, 0
5914, 0
5915, 0
5916, 0
5918, 0
5919, 0
5920, 0
5921, 0
5923, 0
5924, 0
5925, 0
5926, 0
5927, 0
5929, 0
5930, 0
5931, 0
5932, 0
5934, 0
5935, 0
5936, 0
5937, 0
5938, 0
5940, 0
5941, 0
5942, 0
5943, 0
5945, 0
5946, 0
5947, 0
5948, 0
5949, 0
5951, 0
5952, 0
5953, 0
5954, 0
5955, 0
5957, 0
5958, 0
5959, 0
5960, 0
5962, 0
5963, 0
5964, 0
5965, 0
5966, 0
5968, 0
5969, 0
5970, 0
5971, 0
5973, 0
5974, 0
5975, 0
5976, 0
5977, 0
5979, 0
5980, 0
5981, 0
5982, 0
5984, 0
5985, 0
5986, 0
5987, 0
5988, 0
5990, 0
5991, 0
5992, 0
5993, 0
5995, 0
5996, 0
5997, 0
5998, 0
5999, 0
6001, 0
6002, 0
6003, 0
6004, 0
6006, 0
6007, 0
6008, 0
6009, 0
6010, 0
6012, 0
6013, 0
6014, 0
6015, 0
6016, 0
6018, 0
6019, 0
6020, 0
6021, 0
6023, 0
6024, 0
6025, 0
6026, 0
6027, 0
6029, 0
6030, 0
6031, 0
6032, 0
6034, 0
6035, 0
6037, 0
6243, -204
6244, -407
6245, -202
6246, -403
6247, -400
6248, -397
6249, -395
6250, -392
6251, -195
6292, -469
6293, -466
6294, -463
6295, -460
6296, -457
6297, -455
6298, -452
6299, -449
6300, -223
6301, -445
6302, -442
6303, -439
6304, -436
6305, -434
6306, -431
6307, -428
6308, -425
6309, -422
6310, -419
6311, -208
6352, -249
6353, -496
6354, -493
6355, -490
6356, -244
6357, -486
6358, -483
6359, -480
6360, -478
6361, -475
6362, -472
6363, -469
6364, -466
6365, -464
6366, -461
6367, -458
6368, -455
6369, -452
6370, -225
6371, -448
6372, -223
6405, -509
6406, -506
6407, -504
6408, -501
6409, -249
6410, -497
6411, -494
6412, -491
6413, -489
6414, -486
6415, -483
6416, -480
6417, -239
6418, -476
6419, -237
6460, -277
6461, -277
6462, -552
6463, -549
6464, -547
6465, -544
6466, -541
6467, -538
6468, -268
6469, -534
6470, -532
6471, -529
6472, -526
6473, -524
6474, -521
6475, -518
6476, -258
6477, -514
6478, -511
6479, -508
6486, -518
6487, -258
6488, -514
6489, -511
6490, -508
6491, -506
6492, -503
6493, -500
6494, -249
6495, -496
6496, -493
6497, -491
6498, -488
6499, -485
6506, -248
6507, -494
6508, -246
6509, -490
6510, -487
6511, -484
6512, -482
6515, -242
6516, -483
6517, -480
6518, -239
6519, -476
6524, -241
6525, -481
6526, -478
6527, -475
6528, -473
6529, -235
6530, -468
6531, -466
6532, -463
6533, -460
6534, -457
6535, -455
6536, -226
6537, -451
6538, -448
6539, -445
6545, -226
6546, -452
6547, -449
6548, -446
6549, -444
6550, -441
6551, -219
6552, -437
6553, -435
6554, -432
6555, -429
6556, -213
6557, -425
6558, -422
6559, -419
6560, -208
6563, -211
6564, -420
6565, -209
6566, -416
6567, -413
6568, -411
6569, -408
6570, -405
6571, -201
6572, -401
6573, -399
6574, -396
6575, -393
6576, -390
6577, -387
6578, -385
6579, -191
6580, -381
6585, -194
6586, -386
6587, -192
6588, -382
6589, -379
6590, -377
6591, -374
6592, -371
6593, -184
6594, -367
6595, -364
6596, -362
6597, -359
6598, -356
6599, -353
6600, -175
6603, -178
6604, -177
6605, -353
6606, -350
6607, -347
6608, -345
6609, -342
6610, -170
6611, -338
6612, -335
6613, -332
6614, -329
6615, -327
6619, -330
6620, -327
6626, -167
6627, -334
6628, -166
6629, -330
6630, -327
6631, -324
6632, -322
6633, -319
6634, -316
6635, -157
6636, -312
6637, -309
6638, -307
6639, -304
6640, -301
6641, -150
6642, -298
6643, -148
6644, -294
6645, -292
6646, -145
6647, -288
6648, -286
6649, -142
6650, -282
6651, -279
6652, -138
6653, -275
6654, -273
6655, -135
6656, -269
6657, -266
6658, -264
6659, -261
6660, -129
6661, -129
6669, -271
6670, -268
6671, -133
6672, -265
6673, -262
6674, -259
6675, -257
6676, -127
6677, -253
6678, -250
6679, -247
6680, -245
6685, -249
6686, -247
6687, -244
6688, -121
6689, -240
6690, -237
6691, -235
6692, -232
6693, -229
6694, -113
6695, -225
6696, -222
6697, -220
6698, -217
6699, -214
6700, -106
6701, -105
6707, -110
6708, -220
6709, -109
6710, -216
6711, -214
6712, -106
6713, -210
6714, -207
6715, -205
6716, -202
6717, -100
6718, -198
6719, -195
6724, -101
6725, -200
6726, -197
6727, -195
6728, -96
6729, -191
6730, -94
6731, -187
6733, -187
6734, -92
6735, -92
6736, -92
6737, -183
6738, -90
6739, -90
6740, -179
6741, -88
6742, -88
6755, -199
6756, -196
6757, -97
6758, -193
6759, -190
6760, -94
6761, -186
6762, -184
6763, -181
6764, -89
6765, -178
6766, -175
6767, -86
6768, -171
6769, -169
6770, -166
6771, -82
6772, -162
6773, -160
6774, -79
6775, -156
6776, -153
6777, -151
6778, -74
6779, -147
6780, -144
6781, -142
6799, -87
6800, -86
6801, -172
6802, -85
6807, -89
6808, -176
6809, -87
6810, -172
6811, -170
6812, -84
6825, -191
6826, -94
6827, -187
6828, -92
6829, -183
6830, -181
6831, -178
6832, -88
6833, -174
6834, -172
6835, -169
6847, -188
6848, -93
6849, -185
6850, -182
6851, -90
6852, -178
6853, -176
6854, -173
6855, -85
6856, -169
6857, -167
6858, -82
6859, -163
6860, -160
6861, -158
6862, -78
6863, -154
6864, -151
6865, -74
6866, -147
6882, -175
6883, -86
6884, -171
6885, -169
6886, -83
6887, -165
6888, -163
6889, -160
6890, -79
6891, -156
6892, -154
6893, -76
6894, -150
6895, -147
6896, -73
6901, -77
6902, -76
6903, -151
6904, -75
6905, -148
6906, -73
6907, -144
6908, -142
6909, -70
6910, -138
6911, -135
6912, -133
6913, -65
6914, -129
6915, -126
6916, -62
6917, -61
6937, -81
6938, -80
6939, -159
6940, -157
6941, -77
6942, -153
6943, -151
6944, -74
6945, -147
6946, -144
6947, -71
6950, -73
6951, -145
6958, -154
6959, -76
6960, -150
6961, -148
6962, -73
6963, -144
6964, -141
6965, -139
6966, -68
6967, -135
6971, -70
6972, -69
6973, -137
6974, -135
6975, -66
6976, -131
6977, -128
6978, -126
6979, -62
6980, -122
6981, -119
6982, -58
6983, -116
6984, -113
6985, -110
6986, -54
6987, -107
7012, -77
7013, -76
7014, -151
7015, -148
7016, -146
7017, -72
7018, -142
7019, -139
7020, -68
7021, -135
7022, -133
7023, -130
7024, -64
7025, -126
7026, -124
7027, -121
7033, -64
7034, -127
7035, -125
7036, -61
7037, -121
7038, -59
7039, -118
7040, -115
7041, -113
7042, -55
7043, -109
7044, -106
7045, -103
7046, -51
7047, -100
7048, -49
7053, -105
7054, -51
7055, -101
7056, -98
7057, -48
7058, -95
7059, -92
7063, -95
7064, -92
7065, -90
7066, -44
7067, -86
7068, -83
7069, -41
7070, -80
7071, -77
7072, -75
7073, -36
7074, -71
7075, -68
7076, -33
7077, -64
7078, -31
7094, -92
7095, -45
7096, -88
7097, -85
7098, -82
7099, -80
7100, -77
7101, -37
7102, -73
7103, -70
7104, -67
7105, -65
7106, -62
7107, -59
7108, -28
7109, -55
7110, -52
7111, -50
7112, -47
7113, -44
7114, -41
7115, -39
7116, -18
7117, -34
7118, -16
7123, -39
7124, -37
7125, -34
7126, -31
7127, -28
7128, -25
7129, -23
7130, -20
7131, -9
7132, -16
7133, -13
7134, -10
7135, -7
7136, -5
7137, -2
7138, 0
7139, 0
7140, 0
7142, 0
7143, 0
7144, 0
7145, 0
7146, 0
7148, 0
7149, 0
7150, 0
7151, 0
7152, 0
7154, 0
7155, 0
7156, 0
7157, 0
7159, 0
7160, 0
7161, 0
7162, 0
7163, 0
7165, 0
7166, 0
7167, 0
7168, 0
7169, 0
7171, 0
7172, 0
7173, 0
7174, 0
7175, 0
7177, 0
7178, 0
7179, 0
7180, 0
7182, 0
7183, 0
7184, 0
7185, 0
7186, 0
7188, 0
7189, 0
7190, 0
7191, 0
7193, 0
7194, 0
7195, 0
7196, 0
7197, 0
7199, 0
7200, 0
7201, 0
7202, 0
7204, 0
7205, 0
7206, 0
7207, 0
7208, 0
7210, 0
7211, 0
7212, 0
7213, 0
7215, 0
7216, 0
7217, 0
7218, 0
7219, 0
7221, 0
7222, 0
7223, 0
7224, 0
7226, 0
7227, 0
7228, 0
7229, 0
7230, 0
7232, 0
7233, 0
7234, 0
7235, 0
7237, 0
7238, 0
7239, 0
7240, 0
7241, 0
7243, 0
7244, 0
7245, 0
7246, 0
7247, 0
7249, 0
7250, 0
7251, 0
7252, 0
7254, 0
7255, 0
7256, 0
7257, 0
7258, 0
7260, 0
7262, -1
7263, 0
7265, 0
7266, 0
7267, 0
7268, 0
7269, 0
7271, 0
7272, 0
7273, 0
7274, 0
7276, 0
7277, 0
7278, 0
7279, 0
7280, 0
7282, 0
7283, 0
7284, 0
7285, 0
7287, 0
7288, 0
7289, 0
7290, 0
7291, 0
7293, 0
7294, 0
7295, 0
7296, 0
7297, 0
7299, 0
7300, 0
7301, 0
7302, 0
7304, 0
7305, 0
7306, 0
7307, 0
7308, 0
7310, 0
7311, 0
7312, 0
7313, 0
7315, 0
7316, 0
7317, 0
7318, 0
7319, 0
7321, 0
7322, 0
7323, 0
7324, 0
7326, 0
7327, 0
7328, 0
7329, 0
7330, 0
7332, 0
7333, 0
7334, 0
7335, 0
7337, 0
7338, 0
7339, 0
7340, 0
7341, 0
7343, 0
7344, 0
7345, 0
7346, 0
7348, 0
7349, 0
7350, 0
7351, 0
7352, 0
7354, 0
7355, 0
7356, 0
7357, 0
7358, 0
7360, 0
7361, 0
7362, 0
7363, 0
7365, 0
7366, 0
7367, 0
7368, 0
7369, 0
7371, 0
7372, 0
7373, 0
7374, 0
7376, 0
7377, 0
7378, 0
7379, 0
7380, 0
7382, 0
7383, 0
7384, 0
7385, 0
7387, 0
7388, 0
7389, 0
7390, 0
7391, 0
7393, 0
7394, 0
7395, 0
7396, 0
7398, 0
7399, 0
7400, 0
7401, 0
7402, 0
7404, 0
7405, 0
7406, 0
7407, 0
7409, 0
7410, 0
7411, 0
7412, 0
7413, 0
7415, 0
7416, 0
7417, 0
7418, 0
7419, 0
7421, 0
7422, 0
7423, 0
7424, 0
7426, 0
7427, 0
7428, 0
7429, 0
7430, 0
7432, 0
7433, 0
7434, 0
7435, 0
7437, 0
7438, 0
7439, 0
7440, 0
7441, 0
7443, 0
7444, 0
7445, 0
7446, 0
7448, 0
7449, 0
7450, 0
7451, 0
7452, 0
7454, 0
7455, 0
7456, 0
7457, 0
7459, 0
7460, 0
7461, 0
7462, 0
7463, 0
7465, 0
7466, 0
7467, 0
7468, 0
7470, 0
7471, 0
7472, 0
7473, 0
7474, 0
7476, 0
7477, 0
7478, 0
7479, 0
7481, 0
7482, 0
7483, 0
7484, 0
7485, 0
7487, 0
7488, 0
7489, 0
7490, 0
7491, 0
7493, 0
7494, 0
7495, 0
7496, 0
7498, 0
7499, 0
7500, 0
7501, 0
7502, 0
7504, 0
7505, 0
7506, 0
7507, 0
7509, 0
7510, 0
7511, 0
7512, 0
7513, 0
7515, 0
7516, 0
7517, 0
7518, 0
7520, 0
7521, 0
7522, 0
7523, 0
7524, 0
7526, 0
7527, 0
7528, 0
7529, 0
7531, 0
7532, 0
7533, 0
7534, 0
7535, 0
7537, 0
7538, 0
7539, 0
7540, 0
7542, 0
7543, 0
7544, 0
7545, 0
7546, 0
7548, 0
7549, 0
7550, 0
7551, 0
7552, 0
7554, 0
7555, 0
7556, 0
7557, 0
7559, 0
7560, 0
7561, 0
7562, 0
7563, 0
7565, 0
7566, 0
7567, 0
7568, 0
7570, 0
7571, 0
7572, 0
7573, 0
7574, 0
7576, 0
7577, 0
7578, 0
7579, 0
7581, 0
7582, 0
7583, 0
7584, 0
7585, 0
7587, 0
7588, 0
7589, 0
7590, 0
7592, 0
7593, 0
7594, 0
7595, 0
7596, 0
7598, 0
7599, 0
7600, 0
7601, 0
7602, 0
7604, 0
7605, 0
7606, 0
7607, 0
7609, 0
7610, 0
7611, 0
7612, 0
7613, 0
7615, 0
7616, 0
7617, 0
7618, 0
7620, 0
7621, 0
7622, 0
7623, 0
7624, 0
7626, 0
7627, 0
7628, 0
7629, 0
7631, 0
7632, 0
7633, 0
7634, 0
7635, 0
7637, 0
7638, 0
7639, 0
7640, 0
7642, 0
7643, 0
7644, 0
7645, 0
7646, 0
7648, 0
7649, 0
7650, 0
7651, 0
7653, 0
7654, 0
7655, 0
7656, 0
7657, 0
7659, 0
7660, 0
7661, 0
7662, 0
7663, 0
7665, 0
7666, 0
7667, 0
7668, 0
7670, 0
7671, 0
7672, 0
7673, 0
7674, 0
7676, 0
7677, 0
7678, 0
7679, 0
7681, 0
7682, 0
7683, 0
7684, 0
7685, 0
7687, 0
7688, 0
7689, 0
7690, 0
7692, 0
7693, 0
7694, 0
7695, 0
7696, 0
7698, 0
7699, 0
7700, 0
7701, 0
7703, 0
7704, 0
7705, 0
7706, 0
7707, 0
7709, 0
7710, 0
7711, 0
7712, 0
7714, 0
7715, 0
7716, 0
7717, 0
7718, 0
7720, 0
7721, 0
7722, 0
7723, 0
7724, 0
7726, 0
7727, 0
7728, 0
7729, 0
7731, 0
7732, 0
7733, 0
7734, 0
7735, 0
7737, 0
7738, 0
7739, 0
7740, 0
7742, 0
7743, 0
7744, 0
7745, 0
7746, 0
7748, 0
7749, 0
7750, 0
7751, 0
7753, 0
7754, 0
7755, 0
7756, 0
7757, 0
7759, 0
7760, 0
7761, 0
7762, 0
7764, 0
7765, 0
7766, 0
7767, 0
7768, 0
7770, 0
7771, 0
7772, 0
7773, 0
7775, 0
7776, 0
7777, 0
7778, 0
7779, 0
7781, 0
7782, 0
7783, 0
7784, 0
7785, 0
7787, 0
7788, 0
7789, 0
7790, 0
7792, 0
7793, 0
7794, 0
7795, 0
7796, 0
7798, 0
7799, 0
7800, 0
7801, 0
7803, 0
7804, 0
7805, 0
7806, 0
7807, 0
7809, 0
7810, 0
7811, 0
7812, 0
7814, 0
7815, 0
7816, 0
7817, 0
7818, 0
7820, 0
7821, 0
7822, 0
7823, 0
7825, 0
7826, 0
7827, 0
7828, 0
7829, 0
7831, 0
7832, 0
7833, 0
7834, 0
7836, 0
7837, 0
7838, 0
7839, 0
7840, 0
7842, 0
7843, 0
7844, 0
7845, 0
7847, 0
7848, 0
7849, 0
7850, 0
7851, 0
7853, 0
7854, 0
7855, 0
7856, 0
7857, 0
7859, 0
7860, 0
7861, 0
7862, 0
7864, 0
7865, 0
7866, 0
7867, 0
7868, 0
7870, 0
7871, 0
7872, 0
7873, 0
7875, 0
7876, 0
7877, 0
7878, 0
7879, 0
7881, 0
7882, 0
7883, 0
7884, 0
7886, 0
7887, 0
7888, 0
7889, 0
7890, 0
7892, 0
7893, 0
7894, 0
7895, 0
7897, 0
7898, 0
7899, 0
7900, 0
7901, 0
7903, 0
7904, 0
7905, 0
7906, 0
7907, 0
7909, 0
7910, 0
7911, 0
7912, 0
7914, 0
7915, 0
7916, 0
7917, 0
7918, 0
7920, 0
7921, 0
7922, 0
7923, 0
7925, 0
7926, 0
7927, 0
7928, 0
7929, 0
7931, 0
7932, 0
7933, 0
7934, 0
7936, 0
7937, 0
7938, 0
7939, 0
7940, 0
7942, 0
7943, 0
7944, 0
7945, 0
7947, 0
7948, 0
7949, 0
7950, 0
7951, 0
7953, 0
7954, 0
7955, 0
7956, 0
7958, 0
7959, 0
7960, 0
7961, 0
7962, 0
7964, 0
7965, 0
7966, 0
7967, 0
7968, 0
7970, 0
7971, 0
7972, 0
7973, 0
7975, 0
7976, 0
7977, 0
7978, 0
7979, 0
7981, 0
7982, 0
7983, 0
7984, 0
7986, 0
7987, 0
7988, 0
7989, 0
7990, 0
7992, 0
7993, 0
7994, 0
7995, 0
7997, 0
7998, 0
7999, 0
8000, 0
8001, 0
8003, 0
8004, 0
8005, 0
8006, 0
8008, 0
8009, 0
8010, 0
8011, 0
8012, 0
8014, 0
8015, 0
8016, 0
8017, 0
8018, 0
8020, 0
8021, 0
8022, 0
8023, 0
8025, 0
8026, 0
8027, 0
8028, 0
8030, 0
8031, 0
8032, 0
8033, 0
8034, 0
8036, 0
8037, 0
8038, 0
8039, 0
8040, 0
8042, 0
8043, 0
8044, 0
8045, 0
8047, 0
8048, 0
8049, 0
8050, 0
8051, 0
8053, 0
8054, 0
8055, 0
8056, 0
8058, 0
8059, 0
8060, 0
8061, 0
8062, 0
8064, 0
8065, 0
8066, 0
8067, 0
8069, 0
8070, 0
8071, 0
8072, 0
8073, 0
8075, 0
8076, 0
8077, 0
8078, 0
8080, 0
8081, 0
8082, 0
8083, 0
8084, 0
8086, 0
8087, 0
8088, 0
8089, 0
8091, 0
8092, 0
8093, 0
8094, 0
8095, 0
8097, 0
8098, 0
8099, 0
8100, 0
8101, 0
8103, 0
8104, 0
8105, 0
8106, 0
8108, 0
8109, 0
8110, 0
8111, 0
8112, 0
8114, 0
8115, 0
8116, 0
8117, 0
8119, 0
8120, 0
8121, 0
8122, 0
8123, 0
8125, 0
8126, 0
8127, 0
8128, 0
8130, 0
8131, 0
8132, 0
8133, 0
8134, 0
8136, 0
8137, 0
8138, 0
8139, 0
8141, 0
8142, 0
8143, 0
8148, -4
8149, -6
8150, -3
8151, 0
8152, 0
8157, -7
8158, -4
8159, -1
8160, 0
8164, -4
8165, -1
8166, 0
8184, -32
8185, -15
8186, -28
8187, -25
8188, -22
8189, -19
8190, -16
8191, -14
8192, -11
8193, -8
8292, -101
8293, -201
8294, -198
8295, -195
8296, -96
8297, -191
8298, -188
8299, -186
8300, -183
8301, -180
8302, -177
8303, -175
8304, -86
8305, -171
8306, -168
8421, -393
8422, -196
8423, -390
8424, -194
8425, -386
8426, -384
8427, -191
8428, -380
8429, -377
8430, -375
8464, -438
8465, -435
8466, -432
8467, -429
8468, -427
8469, -212
8470, -422
8471, -420
8472, -417
8473, -414
8474, -411
8475, -408
8476, -406
8477, -403
8478, -400
8525, -489
8526, -243
8527, -486
8528, -242
8529, -482
8530, -480
8531, -239
8532, -476
8533, -473
8534, -470
8535, -234
8578, -276
8579, -551
8580, -274
8581, -547
8582, -544
8583, -541
8584, -539
8585, -536
8586, -533
8587, -530
8588, -264
8589, -526
8590, -524
8591, -521
8592, -518
8593, -515
8594, -513
8595, -510
8596, -507
8597, -504
8598, -251
8599, -500
8600, -497
8601, -495
8602, -492
8603, -489
8604, -486
8605, -483
8606, -480
8607, -478
8608, -238
8609, -474
8610, -471
8611, -468
8612, -465
8613, -462
8614, -460
8615, -457
8616, -454
8617, -451
8638, -245
8639, -244
8640, -487
8641, -484
8642, -481
8643, -479
8644, -476
8645, -473
8646, -470
8647, -467
8648, -465
8649, -231
8650, -460
8651, -458
8652, -455
8653, -452
8654, -449
8655, -446
8656, -444
8657, -441
8658, -219
8691, -501
8692, -499
8693, -496
8694, -493
8695, -490
8696, -487
8697, -242
8698, -483
8699, -480
8700, -478
8701, -475
8702, -472
8703, -469
8704, -467
8705, -464
8706, -461
8707, -458
8708, -455
8709, -226
8710, -226
8747, -524
8748, -261
8749, -520
8750, -517
8751, -514
8752, -511
8753, -508
8754, -506
8755, -503
8756, -500
8757, -249
8758, -248
8799, -288
8800, -575
8801, -572
8802, -570
8803, -567
8804, -564
8805, -561
8806, -558
8807, -555
8820, -289
8821, -288
8822, -575
8823, -573
8824, -570
8825, -567
8826, -564
8827, -561
8828, -559
8829, -556
8830, -553
8831, -275
8832, -549
8833, -546
8834, -543
8835, -540
8836, -537
8837, -535
8838, -266
8846, -545
8847, -542
8848, -540
8849, -537
8850, -534
8851, -531
8852, -528
8853, -526
8854, -523
8855, -260
8856, -519
8857, -516
8858, -257
8863, -261
8864, -520
8865, -518
8866, -515
8867, -512
8868, -509
8869, -506
8870, -504
8871, -501
8872, -249
8873, -496
8874, -494
8875, -491
8876, -488
8877, -485
8878, -241
8882, -488
8883, -485
8884, -482
8885, -480
8886, -477
8887, -474
8888, -471
8889, -234
8890, -467
8891, -464
8892, -461
8893, -459
8894, -456
8895, -453
8896, -450
8897, -448
8902, -227
8903, -452
8904, -225
8905, -448
8906, -445
8907, -443
8908, -440
8909, -437
8910, -434
8911, -432
8912, -215
8913, -428
8914, -425
8915, -422
8916, -419
8917, -416
8918, -207
8923, -211
8924, -421
8925, -418
8926, -415
8927, -412
8928, -409
8929, -407
8930, -202
8931, -403
8932, -400
8933, -397
8934, -395
8935, -392
8936, -389
8937, -386
8942, -196
8943, -196
8944, -390
8945, -387
8946, -384
8947, -381
8948, -378
8949, -376
8950, -373
8951, -370
8952, -184
8953, -366
8954, -363
8955, -361
8956, -358
8957, -355
8958, -176
8964, -362
8965, -359
8966, -356
8967, -177
8968, -352
8969, -350
8970, -347
8971, -344
8972, -341
8973, -338
8974, -336
8975, -333
8976, -165
8977, -329
8978, -163
8984, -168
8985, -335
8986, -332
8987, -330
8988, -327
8989, -324
8990, -161
8991, -320
8992, -318
8993, -315
8994, -312
8995, -309
8996, -306
8997, -303
8998, -150
9004, -310
9005, -307
9006, -305
9007, -151
9008, -300
9009, -298
9010, -295
9011, -292
9012, -289
9013, -286
9014, -284
9015, -281
9016, -278
9017, -275
9019, -274
9020, -271
9021, -135
9022, -267
9023, -265
9024, -262
9025, -259
9026, -256
9027, -253
9028, -251
9029, -248
9030, -245
9031, -242
9032, -239
9033, -237
9034, -234
9035, -231
9036, -114
9037, -227
9038, -112
9044, -117
9045, -233
9046, -231
9047, -228
9048, -113
9049, -224
9050, -221
9051, -218
9052, -215
9053, -213
9054, -210
9055, -207
9056, -204
9057, -201
9058, -99
9062, -103
9063, -204
9064, -201
9065, -99
9066, -197
9067, -194
9068, -191
9069, -188
9070, -186
9071, -183
9072, -180
9073, -178
9074, -88
9075, -173
9076, -171
9077, -168
9078, -83
9084, -88
9085, -88
9086, -174
9087, -86
9088, -171
9089, -84
9090, -167
9091, -165
9092, -162
9093, -80
9094, -158
9095, -155
9098, -156
9099, -154
9100, -151
9101, -148
9102, -145
9103, -142
9104, -70
9105, -138
9106, -135
9107, -133
9108, -130
9109, -127
9110, -124
9115, -65
9116, -65
9117, -128
9118, -125
9119, -122
9120, -120
9121, -117
9122, -114
9123, -111
9124, -108
9125, -106
9126, -103
9127, -100
9128, -49
9129, -96
9130, -93
9136, -51
9137, -100
9138, -97
9139, -95
9140, -92
9141, -89
9142, -86
9143, -42
9144, -82
9145, -79
9146, -76
9147, -74
9148, -71
9149, -68
9150, -65
9156, -37
9157, -36
9158, -71
9159, -68
9160, -65
9161, -63
9162, -60
9163, -57
9164, -54
9165, -52
9166, -49
9167, -46
9168, -43
9169, -20
9170, -39
9171, -18
9177, -23
9178, -45
9179, -43
9180, -40
9181, -37
9182, -34
9183, -16
9184, -30
9185, -27
9186, -25
9187, -22
9188, -19
9189, -16
9190, -13
9191, -5
9197, -20
9198, -18
9199, -8
9200, -13
9201, -11
9202, -8
9203, -5
9204, -2
9205, 0
9206, 0
9207, 0
9208, 0
9209, 0
9210, 0
9212, 0
9213, 0
9214, 0
9215, 0
9217, 0
9218, 0
9219, 0
9220, 0
9221, 0
9223, 0
9224, 0
9225, 0
9226, 0
9228, 0
9229, 0
9230, 0
9231, 0
9232, 0
9234, 0
9235, 0
9236, 0
9237, 0
9239, 0
9240, 0
9241, 0
9242, 0
9243, 0
9245, 0
9246, 0
9247, 0
9248, 0
9250, 0
9251, 0
9252, 0
9253, 0
9254, 0
9256, 0
9257, 0
9258, 0
9259, 0
9260, 0
9262, 0
9263, 0
9264, 0
9265, 0
9267, 0
9269, 0
9271, 0
9272, 0
9273, 0
9274, 0
9275, 0
9276, 0
9278, 0
9279, 0
9280, 0
9281, 0
9282, 0
9284, 0
9285, 0
9286, 0
9287, 0
9289, 0
9290, 0
9291, 0
9292, 0
9293, 0
9295, 0
9296, 0
9297, 0
9298, 0
9300, 0
9301, 0
9302, 0
9303, 0
9304, 0
9306, 0
9307, 0
9308, 0
9309, 0
9310, 0
9312, 0
9313, 0
9314, 0
9315, 0
9317, 0
9318, 0
9319, 0
9320, 0
9321, 0
9323, 0
9324, 0
9325, 0
9326, 0
9328, 0
9329, 0
9330, 0
9332, -1
9333, 0
9334, 0
9336, 0
9337, 0
9339, 0
9340, 0
9341, 0
9342, 0
9343, 0
9345, 0
9346, 0
9347, 0
9348, 0
9350, 0
9351, 0
9352, 0
9353, 0
9354, 0
9356, 0
9357, 0
9358, 0
9359, 0
9361, 0
9362, 0
9363, 0
9364, 0
9365, 0
9367, 0
9368, 0
9369, 0
9370, 0
9372, 0
9373, 0
9374, 0
9375, 0
9376, 0
9378, 0
9379, 0
9380, 0
9381, 0
9382, 0
9384, 0
9385, 0
9386, 0
9387, 0
9389, 0
9390, 0
9391, 0
9392, 0
9393, 0
9395, 0
9396, 0
9397, 0
9398, 0
9400, 0
9401, 0
9402, 0
9403, 0
9404, 0
9406, 0
9407, 0
9408, 0
9409, 0
9411, 0
9412, 0
9413, 0
9414, 0
9415, 0
9417, 0
9418, 0
9419, 0
9420, 0
9422, 0
9423, 0
9424, 0
9425, 0
9426, 0
9428, 0
9429, 0
9430, 0
9431, 0
9432, 0
9434, 0
9435, 0
9436, 0
9437, 0
9439, 0
9440, 0
9441, 0
9442, 0
9443, 0
9445, 0
9446, 0
9447, 0
9448, 0
9450, 0
9451, 0
9452, 0
9453, 0
9454, 0
9456, 0
9457, 0
9458, 0
9459, 0
9461, 0
9462, 0
9464, 0
9466, 0
9467, 0
9468, 0
9469, 0
9470, 0
9472, 0
9473, 0
9474, 0
9475, 0
9476, 0
9478, 0
9479, 0
9481, 0
9483, 0
9484, 0
9485, 0
9486, 0
9487, 0
9489, 0
9490, 0
9491, 0
9492, 0
9493, 0
9495, 0
9496, 0
9498, 0
9500, 0
9501, 0
9502, 0
9503, 0
9505, 0
9506, 0
9507, 0
9508, 0
9509, 0
9511, 0
9512, 0
9513, 0
9514, 0
9515, 0
9517, 0
9518, 0
9519, 0
9520, 0
9522, 0
9523, 0
9524, 0
9525, 0
9526, 0
9528, 0
9529, 0
9530, 0
9531, 0
9533, 0
9534, 0
9535, 0
9536, 0
9537, 0
9539, 0
9540, 0
9541, 0
9542, 0
9544, 0
9545, 0
9546, 0
9547, 0
9548, 0
9550, 0
9551, 0
9552, 0
9553, 0
9555, 0
9556, 0
9557, 0
9558, 0
9559, 0
9561, 0
9562, 0
9563, 0
9565, 0
9567, 0
9568, 0
9569, 0
9570, 0
9572, 0
9573, 0
9574, 0
9575, 0
9576, 0
9578, 0
9579, 0
9580, 0
9581, 0
9583, 0
9584, 0
9585, 0
9586, 0
9587, 0
9589, 0
9590, 0
9591, 0
9592, 0
9594, 0
9595, 0
9596, 0
9597, 0
9598, 0
9600, 0
9601, 0
9602, 0
9603, 0
9605, 0
9606, 0
9607, 0
9608, 0
9610, 0
9611, 0
9613, -1
9614, 0
9616, 0
9617, 0
9618, 0
9619, 0
9620, 0
9622, 0
9623, 0
9624, 0
9625, 0
9626, 0
9628, 0
9629, 0
9630, 0
9631, 0
9633, 0
9634, 0
9635, 0
9636, 0
9637, 0
9639, 0
9640, 0
9641, 0
9642, 0
9644, 0
9645, 0
9646, 0
9647, 0
9648, 0
9650, 0
9651, 0
9652, 0
9653, 0
9655, 0
9656, 0
9657, 0
9658, 0
9659, 0
9661, 0
9662, 0
9663, 0
9664, 0
9666, 0
9667, 0
9668, 0
9669, 0
9670, 0
9672, 0
9673, 0
9674, 0
9675, 0
9676, 0
9678, 0
9679, 0
9680, 0
9681, 0
9683, 0
9684, 0
9685, 0
9686, 0
9687, 0
9689, 0
9690, 0
9691, 0
9692, 0
9694, 0
9695, 0
9696, 0
9698, 0
9699, 0
9700, 0
9702, 0
9704, 0
9705, 0
9706, 0
9707, 0
9708, 0
9709, 0
9711, 0
9712, 0
9713, 0
9714, 0
9716, 0
9717, 0
9718, 0
9719, 0
9720, 0
9722, 0
9723, 0
9724, 0
9725, 0
9727, 0
9728, 0
9729, 0
9730, 0
9731, 0
9733, 0
9734, 0
9735, 0
9736, 0
9738, 0
9739, 0
9740, 0
9741, 0
9742, 0
9744, 0
9745, 0
9746, 0
9747, 0
9748, 0
9750, 0
9751, 0
9752, 0
9753, 0
9755, 0
9756, 0
9757, 0
9758, 0
9759, 0
9761, 0
9762, 0
9763, 0
9764, 0
9766, 0
9767, 0
9768, 0
9769, 0
9770, 0
9772, 0
9773, 0
9774, 0
9775, 0
9777, 0
9778, 0
9779, 0
9780, 0
9781, 0
9783, 0
9784, 0
9785, 0
9786, 0
9788, 0
9789, 0
9790, 0
9791, 0
9792, 0
9794, 0
9795, 0
9796, 0
9797, 0
9799, 0
9800, 0
9801, 0
9802, 0
9803, 0
9805, 0
9806, 0
9807, 0
9808, 0
9809, 0
9811, 0
9812, 0
9813, 0
9814, 0
9816, 0
9817, 0
9819, -1
9820, 0
9822, 0
9823, 0
9824, 0
9825, 0
9827, 0
9828, 0
9829, 0
9830, 0
9831, 0
9833, 0
9834, 0
9835, 0
9836, 0
9838, 0
9839, 0
9841, 0
9843, 0
9844, 0
9845, 0
9846, 0
9847, 0
9849, 0
9850, 0
9851, 0
9852, 0
9853, 0
9855, 0
9856, 0
9857, 0
9858, 0
9860, 0
9861, 0
9862, 0
9863, 0
9864, 0
9866, 0
9867, 0
9868, 0
9869, 0
9870, 0
9872, 0
9873, 0
9874, 0
9875, 0
9877, 0
9878, 0
9879, 0
9881, 0
9883, 0
9884, 0
9885, 0
9886, 0
9888, 0
9889, 0
9890, 0
9891, 0
9892, 0
9894, 0
9895, 0
9896, 0
9897, 0
9899, 0
9900, 0
9901, 0
9902, 0
9903, 0
9905, 0
9906, 0
9907, 0
9908, 0
9910, 0
9911, 0
9912, 0
9913, 0
9914, 0
9916, 0
9917, 0
9918, 0
9919, 0
9920, 0
9922, 0
9923, 0
9924, 0
9925, 0
9927, 0
9928, 0
9929, 0
9931, 0
9932, 0
9933, 0
9934, 0
9935, 0
9936, 0
9938, 0
9939, 0
9940, 0
9941, 0
9943, 0
9944, 0
9945, 0
9946, 0
9947, 0
9949, 0
9950, 0
9951, 0
9952, 0
9953, 0
9955, 0
9956, 0
9957, 0
9958, 0
9960, 0
9961, 0
9962, 0
9963, 0
9964, 0
9966, 0
9967, 0
9968, 0
9969, 0
9971, 0
9972, 0
9973, 0
9974, 0
9976, 0
9977, 0
9978, 0
9980, -1
9981, 0
9982, 0
9983, 0
9984, 0
9985, 0
9986, 0
9988, 0
9989, 0
9990, 0
9991, 0
9992, 0
9995, -1
9996, 0
9998, 0
9999, 0
10000, 0
10001, 0
10002, 0
10003, 0
10006, -1
10008, -1
10009, 0
10010, 0
10011, 0
10012, 0
10013, 0
10015, 0
10016, 0
10017, 0
10018, 0
10019, 0
10021, 0
10022, 0
10023, 0
10024, 0
10025, 0
10027, 0
10028, 0
10029, 0
10030, 0
10032, 0
10033, 0
10034, 0
10035, 0
10036, 0
10038, 0
10039, 0
10040, 0
10041, 0
10042, 0
10044, 0
10045, 0
10046, 0
10047, 0
10049, 0
10050, 0
10051, 0
10052, 0
10053, 0
10055, 0
10056, 0
10057, 0
10058, 0
10060, 0
10061, 0
10062, 0
10063, 0
10064, 0
10067, -1
10078, -10
10079, -9
10080, -17
10081, -14
10082, -11
10083, -8
10084, -6
10085, -3
10086, 0
10087, 0
10088, 0
10089, 0
10090, 0
10094, -4
10095, -1
10099, -3
10100, -1
10103, -2
10104, -1
10105, -1
10107, -1
10108, 0
10187, -77
10188, -153
10189, -75
10190, -149
10191, -146
10192, -143
10193, -140
10194, -138
10195, -135
10196, -132
10197, -129
10198, -126
10199, -124
10200, -121
10201, -118
10202, -115
10203, -56
10204, -111
10205, -109
10206, -106
10207, -103
10208, -100
10209, -97
10210, -95
10211, -46
10212, -90
10213, -88
10214, -85
10215, -82
10216, -79
10217, -76
10218, -74
10219, -71
10220, -68
10221, -65
10222, -62
10223, -59
10246, -100
10247, -98
10248, -95
10249, -92
10250, -45
10251, -88
10252, -85
10253, -82
10254, -79
10255, -77
10256, -74
10257, -71
10258, -68
10259, -65
10260, -63
10261, -60
10262, -57
10263, -27
10264, -26
10495, -257
10496, -512
10497, -509
10498, -507
10499, -504
10500, -251
10501, -500
10502, -498
10503, -248
10506, -498
10507, -496
10508, -247
10509, -492
10510, -489
10511, -486
10512, -242
10513, -483
10514, -480
10515, -477
10516, -475
10517, -236
10518, -235
10550, -267
10551, -532
10552, -529
10553, -526
10554, -524
10555, -261
10556, -520
10557, -517
10558, -515
10559, -256
10560, -511
10561, -508
10562, -505
10563, -503
10564, -250
10565, -499
10566, -496
10567, -493
10568, -491
10569, -244
10570, -487
10571, -484
10572, -481
10573, -479
10574, -238
10575, -475
10576, -472
10577, -469
10578, -233
10607, -261
10608, -261
10609, -261
10610, -261
10611, -520
10612, -517
10613, -515
10614, -256
10615, -511
10616, -508
10617, -506
10618, -503
10619, -250
10626, -256
10627, -256
10628, -510
10629, -508
10630, -253
10631, -504
10632, -501
10633, -499
10634, -248
10635, -495
10636, -492
10637, -490
10661, -532
10662, -530
10663, -527
10664, -262
10665, -523
10666, -520
10667, -518
10668, -515
10669, -256
10670, -511
10671, -509
10672, -506
10673, -503
10674, -250
10675, -499
10676, -497
10677, -494
10684, -503
10685, -500
10686, -249
10687, -496
10688, -494
10689, -491
10690, -244
10691, -487
10692, -485
10693, -482
10694, -479
10695, -238
10696, -475
10697, -473
10698, -235
10702, -475
10703, -473
10704, -235
10705, -469
10706, -466
10707, -464
10708, -231
10709, -460
10710, -457
10711, -454
10714, -228
10715, -455
10716, -226
10717, -451
10718, -224
10736, -482
10737, -480
10738, -239
10739, -476
10740, -473
10741, -471
10742, -234
10743, -467
10744, -464
10745, -461
10746, -459
10747, -228
10748, -455
10749, -452
10750, -225
10768, -242
10769, -482
10770, -480
10771, -477
10772, -474
10773, -471
10774, -234
10775, -467
10776, -464
10777, -462
10778, -459
10779, -456
10780, -453
10781, -450
10782, -448
10783, -445
10784, -442
10785, -439
10786, -436
10787, -434
10788, -215
10789, -429
10790, -213
10796, -219
10797, -436
10798, -434
10799, -215
10800, -429
10801, -427
10802, -424
10803, -421
10804, -418
10805, -415
10806, -413
10807, -410
10808, -407
10809, -404
10813, -407
10814, -404
10815, -402
10817, -401
10818, -398
10819, -395
10820, -196
10821, -391
10822, -388
10823, -385
10824, -382
10825, -380
10826, -377
10827, -374
10828, -371
10829, -368
10830, -183
10834, -186
10835, -186
10836, -370
10837, -367
10838, -364
10839, -361
10840, -359
10841, -356
10842, -353
10843, -350
10844, -347
10845, -345
10846, -342
10847, -170
10848, -338
10849, -335
10850, -166
10855, -170
10856, -339
10857, -337
10858, -334
10859, -331
10860, -328
10861, -163
10862, -324
10863, -321
10864, -318
10865, -316
10866, -313
10867, -310
10868, -307
10869, -304
10870, -151
10873, -153
10874, -305
10875, -302
10876, -150
10877, -298
10878, -295
10879, -292
10880, -290
10881, -287
10882, -284
10883, -281
10884, -278
10885, -276
10886, -273
10887, -270
10888, -267
10889, -264
10890, -131
10891, -131
10892, -260
10893, -257
10894, -254
10895, -251
10896, -248
10897, -246
10898, -243
10899, -240
10900, -237
10901, -234
10902, -232
10903, -115
10904, -227
10905, -225
10906, -222
10907, -219
10908, -216
10909, -213
10910, -105
10917, -112
10918, -111
10919, -221
10920, -218
10921, -216
10922, -213
10923, -210
10924, -207
10925, -204
10926, -202
10927, -100
10928, -197
10929, -195
10930, -96
10933, -98
10934, -195
10935, -193
10936, -190
10937, -94
10938, -186
10939, -183
10940, -180
10941, -178
10942, -175
10943, -172
10944, -169
10945, -166
10946, -163
10947, -161
10948, -79
10949, -156
10950, -77
10955, -161
10956, -159
10957, -156
10958, -153
10959, -150
10960, -74
10961, -146
10962, -144
10963, -141
10964, -138
10965, -135
10966, -133
10967, -130
10968, -127
10969, -62
10970, -62
10972, -63
10973, -63
10974, -124
10975, -121
10976, -118
10977, -115
10978, -112
10979, -110
10980, -107
10981, -104
10982, -51
10983, -100
10984, -97
10985, -95
10986, -92
10987, -89
10988, -86
10989, -83
10990, -40
10993, -43
10994, -84
10995, -81
10996, -39
10997, -77
10998, -74
10999, -71
11000, -69
11001, -66
11002, -63
11003, -60
11004, -29
11005, -56
11006, -53
11007, -51
11008, -48
11009, -45
11010, -21
11015, -25
11016, -49
11017, -47
11018, -44
11019, -41
11020, -38
11021, -18
11022, -34
11023, -31
11024, -28
11025, -26
11026, -23
11027, -20
11028, -17
11029, -14
11030, -6
11035, -19
11036, -8
11037, -15
11038, -12
11039, -10
11040, -7
11041, -4
11042, -1
11043, 0
11044, 0
11046, 0
11047, 0
11048, 0
11049, 0
11050, 0
11051, 0
11053, 0
11054, 0
11055, 0
11056, 0
11058, 0
11059, 0
11060, 0
11061, 0
11062, 0
11064, 0
11065, 0
11066, 0
11067, 0
11068, 0
11070, 0
11071, 0
11072, 0
11073, 0
11075, 0
11076, 0
11077, 0
11078, 0
11079, 0
11081, 0
11082, 0
11083, 0
11084, 0
11086, 0
11087, 0
11088, 0
11089, 0
11090, 0
11092, 0
11093, 0
11094, 0
11095, 0
11097, 0
11098, 0
11099, 0
11100, 0
11101, 0
11103, 0
11104, 0
11105, 0
11106, 0
11108, 0
11109, 0
11110, 0
11111, 0
11112, 0
11114, 0
11115, 0
11116, 0
11117, 0
11119, 0
11120, 0
11121, 0
11122, 0
11123, 0
11125, 0
11126, 0
11127, 0
11128, 0
11130, 0
11131, 0
11132, 0
11133, 0
11134, 0
11136, 0
11137, 0
11138, 0
11139, 0
11141, 0
11142, 0
11143, 0
11144, 0
11145, 0
11147, 0
11148, 0
11149, 0
11150, 0
11151, 0
11153, 0
11154, 0
11155, 0
11156, 0
11158, 0
11159, 0
11160, 0
11161, 0
11162, 0
11164, 0
11165, 0
11166, 0
11167, 0
11169, 0
11170, 0
11171, 0
11172, 0
11173, 0
11175, 0
11176, 0
11177, 0
11178, 0
11180, 0
11181, 0
11182, 0
11183, 0
11184, 0
11186, 0
11187, 0
11188, 0
11189, 0
11191, 0
11192, 0
11193, 0
11194, 0
11195, 0
11197, 0
11198, 0
11199, 0
11200, 0
11202, 0
11203, 0
11204, 0
11205, 0
11206, 0
11208, 0
11209, 0
11210, 0
11211, 0
11212, 0
11214, 0
11215, 0
11216, 0
11217, 0
11219, 0
11220, 0
11221, 0
11222, 0
11223, 0
11225, 0
11226, 0
11227, 0
11228, 0
11230, 0
11231, 0
11232, 0
11233, 0
11234, 0
11236, 0
11237, 0
11238, 0
11239, 0
11241, 0
11242, 0
11243, 0
11244, 0
11245, 0
11247, 0
11248, 0
11249, 0
11250, 0
11251, 0
11253, 0
11254, 0
11255, 0
11256, 0
11258, 0
11259, 0
11260, 0
11261, 0
11262, 0
11264, 0
11265, 0
11266, 0
11267, 0
11269, 0
11270, 0
11271, 0
11272, 0
11273, 0
11275, 0
11276, 0
11277, 0
11278, 0
11280, 0
11281, 0
11282, 0
11283, 0
11284, 0
11286, 0
11287, 0
11288, 0
11289, 0
11291, 0
11292, 0
11293, 0
11294, 0
11295, 0
11297, 0
11298, 0
11299, 0
11300, 0
11302, 0
11303, 0
11304, 0
11305, 0
11306, 0
11308, 0
11309, 0
11310, 0
11311, 0
11313, 0
11314, 0
11315, 0
11316, 0
11317, 0
11319, 0
11320, 0
11321, 0
11322, 0
11324, 0
11325, 0
11326, 0
11327, 0
11328, 0
11330, 0
11331, 0
11332, 0
11333, 0
11334, 0
11336, 0
11337, 0
11338, 0
11339, 0
11341, 0
11342, 0
11343, 0
11344, 0
11345, 0
11347, 0
11348, 0
11349, 0
11350, 0
11352, 0
11353, 0
11354, 0
11355, 0
11356, 0
11358, 0
11359, 0
11360, 0
11361, 0
11363, 0
11364, 0
11365, 0
11366, 0
11367, 0
11369, 0
11370, 0
11371, 0
11372, 0
11374, 0
11375, 0
11376, 0
11377, 0
11378, 0
11380, 0
11381, 0
11382, 0
11383, 0
11384, 0
11386, 0
11387, 0
11388, 0
11389, 0
11391, 0
11392, 0
11393, 0
11394, 0
11395, 0
11397, 0
11398, 0
11399, 0
11400, 0
11402, 0
11403, 0
11404, 0
11405, 0
11406, 0
11408, 0
11409, 0
11410, 0
11411, 0
11413, 0
11414, 0
11415, 0
11416, 0
11417, 0
11419, 0
11420, 0
11421, 0
11422, 0
11424, 0
11425, 0
11426, 0
11427, 0
11428, 0
11430, 0
11431, 0
11432, 0
11433, 0
11435, 0
11436, 0
11437, 0
11438, 0
11439, 0
11441, 0
11442, 0
11443, 0
11444, 0
11445, 0
11447, 0
11448, 0
11449, 0
11450, 0
11452, 0
11453, 0
11454, 0
11455, 0
11456, 0
11458, 0
11459, 0
11460, 0
11461, 0
11463, 0
11464, 0
11465, 0
11466, 0
11467, 0
11469, 0
11470, 0
11471, 0
11472, 0
11474, 0
11475, 0
11476, 0
11477, 0
11478, 0
11480, 0
11481, 0
11482, 0
11483, 0
11485, 0
11486, 0
11487, 0
11488, 0
11489, 0
11491, 0
11492, 0
11493, 0
11494, 0
11496, 0
11497, 0
11498, 0
11499, 0
11500, 0
11502, 0
11503, 0
11504, 0
11505, 0
11507, 0
11508, 0
11509, 0
11510, 0
11511, 0
11513, 0
11514, 0
11515, 0
11516, 0
11517, 0
11519, 0
11520, 0
11521, 0
11522, 0
11524, 0
11525, 0
11526, 0
11527, 0
11528, 0
11530, 0
11531, 0
11532, 0
11533, 0
11535, 0
11536, 0
11537, 0
11538, 0
11539, 0
11541, 0
11542, 0
11543, 0
11544, 0
11546, 0
11547, 0
11548, 0
11549, 0
11550, 0
11552, 0
11553, 0
11554, 0
11555, 0
11557, 0
11558, 0
11559, 0
11560, 0
11561, 0
11563, 0
11564, 0
11565, 0
11566, 0
11567, 0
11569, 0
11570, 0
11571, 0
11572, 0
11574, 0
11575, 0
11576, 0
11577, 0
11578, 0
11580, 0
11581, 0
11582, 0
11583, 0
11585, 0
11586, 0
11587, 0
11588, 0
11589, 0
11591, 0
11592, 0
11593, 0
11594, 0
11596, 0
11597, 0
11598, 0
11599, 0
11600, 0
11602, 0
11603, 0
11604, 0
11605, 0
11607, 0
11608, 0
11609, 0
11610, 0
11611, 0
11613, 0
11614, 0
11615, 0
11616, 0
11618, 0
11619, 0
11620, 0
11621, 0
11622, 0
11624, 0
11625, 0
11626, 0
11627, 0
11628, 0
11630, 0
11631, 0
11632, 0
11633, 0
11635, 0
11636, 0
11637, 0
11638, 0
11639, 0
11641, 0
11642, 0
11643, 0
11644, 0
11646, 0
11647, 0
11648, 0
11649, 0
11650, 0
11652, 0
11653, 0
11654, 0
11655, 0
11657, 0
11658, 0
11659, 0
11660, 0
11661, 0
11663, 0
11664, 0
11665, 0
11666, 0
11668, 0
11669, 0
11670, 0
11671, 0
11672, 0
11674, 0
11675, 0
11676, 0
11677, 0
11679, 0
11680, 0
11681, 0
11682, 0
11683, 0
11685, 0
11686, 0
11687, 0
11688, 0
11690, 0
11691, 0
11692, 0
11693, 0
11694, 0
11696, 0
11697, 0
11698, 0
11699, 0
11700, 0
11702, 0
11703, 0
11704, 0
11705, 0
11707, 0
11708, 0
11709, 0
11710, 0
11711, 0
11713, 0
11714, 0
11715, 0
11716, 0
11718, 0
11719, 0
11720, 0
11721, 0
11722, 0
11724, 0
11725, 0
11726, 0
11727, 0
11729, 0
11730, 0
11731, 0
11732, 0
11733, 0
11735, 0
11736, 0
11737, 0
11738, 0
11740, 0
11741, 0
11742, 0
11743, 0
11744, 0
11746, 0
11747, 0
11748, 0
11749, 0
11750, 0
11752, 0
11753, 0
11754, 0
11755, 0
11757, 0
11758, 0
11759, 0
11760, 0
11761, 0
11763, 0
11764, 0
11765, 0
11766, 0
11768, 0
11769, 0
11770, 0
11771, 0
11772, 0
11774, 0
11775, 0
11776, 0
11777, 0
11779, 0
11780, 0
11781, 0
11782, 0
11783, 0
11785, 0
11786, 0
11787, 0
11788, 0
11790, 0
11791, 0
11792, 0
11793, 0
11794, 0
11796, 0
11797, 0
11798, 0
11799, 0
11801, 0
11802, 0
11803, 0
11804, 0
11805, 0
11807, 0
11808, 0
11809, 0
11810, 0
11811, 0
11813, 0
11814, 0
11815, 0
11816, 0
11818, 0
11819, 0
11820, 0
11821, 0
11823, 0
11824, 0
11825, 0
11826, 0
11827, 0
11829, 0
11830, 0
11831, 0
11832, 0
11833, 0
11835, 0
11836, 0
11837, 0
11838, 0
11840, 0
11841, 0
11842, 0
11843, 0
11844, 0
11846, 0
11847, 0
11848, 0
11849, 0
11851, 0
11852, 0
11853, 0
11854, 0
11855, 0
11857, 0
11858, 0
11859, 0
11860, 0
11862, 0
11863, 0
11864, 0
11865, 0
11866, 0
11868, 0
11869, 0
11870, 0
11871, 0
11872, 0
11874, 0
11875, 0
11876, 0
11877, 0
11879, 0
11880, 0
11881, 0
11882, 0
11883, 0
11885, 0
11886, 0
11887, 0
11888, 0
11890, 0
11891, 0
11892, 0
11893, 0
11894, 0
11896, 0
11897, 0
11898, 0
11899, 0
11901, 0
11902, 0
11903, 0
11904, 0
11905, 0
11907, 0
11908, 0
11909, 0
11910, 0
11912, 0
11913, 0
11914, 0
11915, 0
11916, 0
11918, 0
11919, 0
11920, 0
11921, 0
11923, 0
11924, 0
11925, 0
11926, 0
11927, 0
11929, 0
11930, 0
11931, 0
11932, 0
11933, 0
11935, 0
11936, 0
11937, 0
11938, 0
11940, 0
11941, 0
11942, 0
11943, 0
11944, 0
11946, 0
11947, 0
11948, 0
11949, 0
11951, 0
11952, 0
11953, 0
11954, 0
11955, 0
11957, 0
11958, 0
11959, 0
11960, 0
11962, 0
11963, 0
11964, 0
11965, 0
11966, 0
11968, 0
11969, 0
11970, 0
11971, 0
11973, 0
11974, 0
11975, 0
11976, 0
11977, 0
11979, 0
11980, 0
11981, 0
11982, 0
11984, 0
11985, 0
11986, 0
11987, 0
11988, 0
11990, 0
11991, 0
11992, 0
11993, 0
11994, 0
11996, 0
11997, 0
11998, 0
11999, 0
12001, 0
12002, 0
12003, 0
12004, 0
12005, 0
12007, 0
12008, 0
12009, 0
12010, 0
12012, 0
12013, 0
12014, 0
12015, 0
12016, 0
12018, 0
12019, 0
12020, 0
12021, 0
12023, 0
12024, 0
12025, 0
12026, 0
12027, 0
12029, 0
12030, 0
12031, 0
12032, 0
12034, 0
12035, 0
12036, 0
12037, 0
12038, 0
12040, 0
12041, 0
12042, 0
12043, 0
12045, 0
12046, 0
12047, 0
12048, 0
12049, 0
12051, 0
12052, 0
12053, 0
12054, 0
12055, 0
12057, 0
12058, 0
12059, 0
12060, 0
12062, 0
12063, 0
12064, 0
12065, 0
12066, 0
12068, 0
12069, 0
12070, 0
12071, 0
12073, 0
12074, 0
12075, 0
12076, 0
12077, 0
12079, 0
12080, 0
12081, 0
12082, 0
12084, 0
12085, 0
12086, 0
12087, 0
12088, 0
12090, 0
12091, 0
12092, 0
12093, 0
12095, 0
12096, 0
12097, 0
12098, 0
12103, -3
12104, -5
12105, -2
12106, 0
12107, 0
12112, -6
12113, -3
12114, 0
12119, -3
12120, -5
12121, -3
12122, 0
12123, 0
12124, 0
12138, -13
12139, -24
12140, -21
12141, -18
12142, -8
12143, -14
12144, -11
12145, -9
12146, -6
12147, -3
12148, 0
12199, -100
12200, -97
12201, -94
12202, -92
12203, -44
12204, -87
12205, -85
12206, -82
12207, -79
12208, -76
12209, -74
12210, -71
12211, -68
12212, -65
12213, -31
12214, -61
12215, -58
12216, -55
12217, -53
12218, -25
12258, -65
12259, -64
12260, -126
12261, -124
12262, -121
12263, -118
12264, -115
12265, -112
12266, -110
12267, -107
12268, -52
12269, -103
12270, -100
12271, -97
12272, -94
12273, -92
12274, -89
12275, -86
12276, -83
12277, -81
12318, -79
12319, -157
12320, -154
12321, -151
12322, -149
12323, -73
12324, -144
12325, -142
12326, -139
12327, -136
12328, -133
12329, -131
12330, -128
12331, -63
12332, -124
12333, -121
12334, -118
12335, -115
12336, -113
12337, -110
12338, -54
12372, -173
12373, -170
12374, -167
12375, -164
12376, -81
12377, -160
12378, -157
12379, -154
12380, -152
12381, -149
12382, -146
12383, -143
12384, -140
12385, -138
12386, -135
12427, -107
12428, -106
12429, -210
12430, -208
12431, -205
12432, -202
12433, -199
12434, -197
12435, -194
12436, -191
12437, -94
12438, -187
12439, -184
12440, -181
12441, -179
12442, -176
12443, -173
12444, -170
12445, -168
12446, -165
12488, -243
12489, -241
12490, -238
12491, -235
12492, -232
12493, -115
12494, -228
12495, -225
12496, -223
12497, -220
12498, -217
12499, -214
12500, -212
12501, -209
12502, -206
12503, -203
12504, -100
12505, -199
12506, -196
12507, -193
12549, -273
12550, -270
12551, -267
12552, -264
12553, -262
12554, -130
12555, -257
12556, -255
12557, -252
12558, -249
12559, -246
12560, -244
12561, -241
12562, -119
12563, -237
12564, -234
12565, -231
12566, -229
12567, -226
12588, -112
12604, -293
12605, -145
12606, -289
12607, -286
12608, -283
12609, -280
12610, -278
12611, -275
12612, -272
12613, -269
12614, -133
12615, -265
12616, -263
12617, -260
12618, -129
12662, -172
12663, -342
12664, -170
12665, -338
12666, -336
12667, -333
12668, -165
12669, -329
12670, -326
12671, -324
12672, -321
12673, -318
12674, -315
12675, -312
12676, -155
12717, -195
12718, -389
12719, -386
12720, -192
12721, -382
12722, -379
12723, -376
12724, -374
12725, -371
12726, -368
12727, -365
12728, -363
12729, -360
12730, -357
12731, -354
12732, -176
12733, -350
12734, -347
12735, -344
12736, -342
12737, -169
12785, -433
12786, -430
12787, -214
12788, -426
12789, -423
12790, -420
12791, -417
12792, -415
12793, -412
12794, -409
12795, -406
12796, -404
12797, -200
12821, -446
12822, -443
12823, -440
12824, -437
12825, -435
12826, -432
12827, -429
12828, -426
12829, -212
12830, -422
12831, -419
12832, -416
12833, -414
12834, -411
12835, -408
12836, -405
12837, -402
12848, -419
12849, -416
12850, -414
12851, -411
12852, -408
12853, -405
12854, -402
12855, -400
12856, -199
12857, -395
12858, -196
12866, -407
12867, -202
12868, -403
12869, -400
12870, -397
12871, -395
12872, -392
12873, -389
12874, -386
12875, -383
12876, -381
12877, -189
12878, -188
12885, -195
12886, -388
12887, -385
12888, -382
12889, -380
12890, -189
12891, -376
12892, -373
12893, -370
12894, -367
12895, -364
12896, -362
12897, -359
12898, -178
12903, -363
12904, -361
12905, -358
12906, -355
12907, -352
12908, -175
12909, -348
12910, -345
12911, -343
12912, -340
12913, -337
12914, -334
12915, -331
12916, -328
12917, -326
12918, -162
12922, -329
12923, -163
12924, -325
12925, -322
12926, -319
12927, -316
12928, -314
12929, -311
12930, -308
12931, -305
12932, -151
12933, -301
12934, -298
12935, -295
12936, -292
12937, -290
12938, -144
12942, -147
12943, -292
12944, -289
12945, -286
12946, -284
12947, -281
12948, -139
12949, -277
12950, -274
12951, -271
12952, -269
12953, -266
12954, -263
12955, -260
12956, -129
12957, -256
12958, -253
12964, -261
12965, -258
12966, -256
12967, -253
12968, -125
12969, -249
12970, -246
12971, -243
12972, -120
12973, -239
12974, -237
12975, -234
12976, -231
12977, -228
12978, -225
12983, -116
12984, -115
12985, -229
12986, -227
12987, -224
12988, -221
12989, -109
12990, -218
12991, -215
12992, -212
12993, -105
12994, -208
12995, -205
12996, -203
12997, -200
12998, -197
13003, -102
13004, -202
13005, -100
13006, -198
13007, -195
13008, -193
13009, -190
13010, -187
13011, -184
13012, -181
13013, -179
13014, -176
13015, -173
13016, -85
13017, -169
13018, -166
13019, -82
13026, -175
13027, -87
13028, -171
13029, -169
13030, -166
13031, -163
13032, -160
13033, -158
13034, -155
13035, -152
13036, -149
13037, -146
13038, -143
13039, -70
13046, -152
13047, -149
13048, -146
13049, -143
13050, -70
13051, -139
13052, -136
13053, -134
13054, -131
13055, -128
13056, -63
13057, -125
13058, -61
13059, -121
13067, -67
13068, -66
13069, -131
13070, -129
13071, -63
13072, -125
13073, -123
13074, -120
13075, -59
13076, -116
13077, -114
13078, -56
13079, -110
13081, -109
13082, -54
13083, -106
13084, -103
13085, -101
13086, -49
13087, -97
13088, -94
13089, -91
13090, -45
13091, -87
13092, -85
13093, -82
13094, -80
13095, -77
13096, -37
13097, -73
13098, -70
13099, -68
13107, -78
13108, -38
13109, -75
13110, -72
13111, -70
13112, -67
13113, -32
13114, -63
13115, -60
13116, -57
13117, -55
13118, -52
13119, -49
13125, -56
13126, -27
13127, -53
13128, -50
13129, -47
13130, -22
13131, -43
13132, -40
13133, -38
13134, -35
13135, -32
13136, -29
13137, -27
13138, -12
13139, -23
13140, -10
13146, -15
13147, -29
13148, -26
13149, -24
13150, -11
13151, -20
13152, -17
13153, -14
13154, -12
13155, -9
13156, -3
13157, -5
13158, -2
13159, 0
13160, 0
13161, 0
13162, 0
13163, 0
13165, 0
13166, 0
13167, 0
13168, 0
13169, 0
13171, 0
13172, 0
13173, 0
13174, 0
13176, 0
13177, 0
13178, 0
13179, 0
13180, 0
13182, 0
13183, 0
13184, 0
13185, 0
13186, 0
13188, 0
13189, 0
13190, 0
13191, 0
13193, 0
13194, 0
13195, 0
13196, 0
13197, 0
13199, 0
13200, 0
13201, 0
13202, 0
13204, 0
13205, 0
13206, 0
13207, 0
13208, 0
13210, 0
13211, 0
13212, 0
13214, 0
13215, 0
13216, 0
13217, 0
13218, 0
13219, 0
13221, 0
13222, 0
13223, 0
13224, 0
13225, 0
13227, 0
13228, 0
13229, 0
13230, 0
13232, 0
13233, 0
13234, 0
13235, 0
13236, 0
13238, 0
13239, 0
13240, 0
13241, 0
13243, 0
13244, 0
13245, 0
13246, 0
13247, 0
13249, 0
13250, 0
13251, 0
13252, 0
13254, 0
13255, 0
13256, 0
13257, 0
13258, 0
13260, 0
13261, 0
13262, 0
13263, 0
13265, 0
13266, 0
13267, 0
13268, 0
13269, 0
13271, 0
13272, 0
13273, 0
13274, 0
13275, 0
13277, 0
13278, 0
13279, 0
13280, 0
13282, 0
13283, 0
13284, 0
13285, 0
13286, 0
13288, 0
13289, 0
13290, 0
13291, 0
13293, 0
13294, 0
13295, 0
13296, 0
13297, 0
13299, 0
13300, 0
13301, 0
13302, 0
13304, 0
13305, 0
13306, 0
13307, 0
13308, 0
13310, 0
13311, 0
13312, 0
13313, 0
13315, 0
13316, 0
13317, 0
13318, 0
13319, 0
13321, 0
13322, 0
13323, 0
13324, 0
13326, 0
13327, 0
13328, 0
13329, 0
13330, 0
13332, 0
13333, 0
13334, 0
13335, 0
13336, 0
13338, 0
13339, 0
13340, 0
13341, 0
13343, 0
13344, 0
13345, 0
13346, 0
13347, 0
13349, 0
13350, 0
13351, 0
13352, 0
13354, 0
13355, 0
13356, 0
13357, 0
13358, 0
13360, 0
13361, 0
13362, 0
13363, 0
13365, 0
13366, 0
13367, 0
13368, 0
13369, 0
13371, 0
13372, 0
13373, 0
13374, 0
13376, 0
13377, 0
13378, 0
13379, 0
13380, 0
13382, 0
13383, 0
13384, 0
13385, 0
13387, 0
13388, 0
13389, 0
13390, 0
13391, 0
13393, 0
13394, 0
13395, 0
13396, 0
13397, 0
13399, 0
13400, 0
13401, 0
13402, 0
13404, 0
13405, 0
13406, 0
13407, 0
13408, 0
13410, 0
13411, 0
13412, 0
13413, 0
13415, 0
13416, 0
13417, 0
13418, 0
13419, 0
13421, 0
13422, 0
13423, 0
13424, 0
13426, 0
13427, 0
13428, 0
13429, 0
13430, 0
13432, 0
13433, 0
13434, 0
13435, 0
13437, 0
13438, 0
13439, 0
13440, 0
13441, 0
13443, 0
13444, 0
13445, 0
13446, 0
13448, 0
13449, 0
13450, 0
13451, 0
13452, 0
13454, 0
13455, 0
13456, 0
13457, 0
13458, 0
13460, 0
13461, 0
13462, 0
13463, 0
13465, 0
13466, 0
13467, 0
13468, 0
13469, 0
13471, 0
13472, 0
13473, 0
13474, 0
13476, 0
13477, 0
13478, 0
13479, 0
13480, 0
13482, 0
13483, 0
13484, 0
13485, 0
13487, 0
13488, 0
13489, 0
13490, 0
13491, 0
13493, 0
13494, 0
13495, 0
13496, 0
13498, 0
13499, 0
13500, 0
13501, 0
13502, 0
13504, 0
13505, 0
13506, 0
13507, 0
13509, 0
13510, 0
13511, 0
13512, 0
13513, 0
13515, 0
13516, 0
13517, 0
13518, 0
13519, 0
13521, 0
13522, 0
13523, 0
13524, 0
13526, 0
13527, 0
13528, 0
13529, 0
13530, 0
13532, 0
13533, 0
13534, 0
13535, 0
13537, 0
13538, 0
13539, 0
13540, 0
13541, 0
13543, 0
13544, 0
13545, 0
13546, 0
13548, 0
13549, 0
13550, 0
13551, 0
13552, 0
13554, 0
13555, 0
13556, 0
13557, 0
13559, 0
13560, 0
13561, 0
13562, 0
13563, 0
13565, 0
13566, 0
13567, 0
13568, 0
13570, 0
13571, 0
13572, 0
13573, 0
13574, 0
13576, 0
13577, 0
13578, 0
13579, 0
13581, 0
13582, 0
13583, 0
13584, 0
13585, 0
13587, 0
13588, 0
13589, 0
13590, 0
13591, 0
13593, 0
13594, 0
13595, 0
13596, 0
13598, 0
13599, 0
13600, 0
13601, 0
13602, 0
13604, 0
13605, 0
13606, 0
13607, 0
13609, 0
13610, 0
13611, 0
13612, 0
13613, 0
13615, 0
13616, 0
13617, 0
13618, 0
13620, 0
13621, 0
13622, 0
13623, 0
13624, 0
13626, 0
13627, 0
13628, 0
13629, 0
13631, 0
13632, 0
13633, 0
13634, 0
13635, 0
13637, 0
13638, 0
13639, 0
13640, 0
13642, 0
13643, 0
13644, 0
13645, 0
13646, 0
13648, 0
13649, 0
13650, 0
13651, 0
13652, 0
13654, 0
13655, 0
13656, 0
13657, 0
13659, 0
13660, 0
13661, 0
13662, 0
13663, 0
13665, 0
13666, 0
13667, 0
13668, 0
13670, 0
13671, 0
13672, 0
13673, 0
13674, 0
13676, 0
13677, 0
13678, 0
13679, 0
13681, 0
13682, 0
13683, 0
13684, 0
13685, 0
13687, 0
13688, 0
13689, 0
13690, 0
13692, 0
13693, 0
13694, 0
13695, 0
13696, 0
13698, 0
13699, 0
13700, 0
13701, 0
13702, 0
13704, 0
13705, 0
13706, 0
13707, 0
13709, 0
13710, 0
13711, 0
13712, 0
13713, 0
13715, 0
13716, 0
13718, 0
13720, 0
13721, 0
13722, 0
13723, 0
13724, 0
13726, 0
13727, 0
13728, 0
13729, 0
13731, 0
13732, 0
13733, 0
13734, 0
13735, 0
13737, 0
13738, 0
13739, 0
13740, 0
13742, 0
13743, 0
13744, 0
13746, 0
13748, 0
13749, 0
13750, 0
13751, 0
13753, 0
13754, 0
13755, 0
13756, 0
13757, 0
13759, 0
13760, 0
13761, 0
13762, 0
13764, 0
13765, 0
13766, 0
13767, 0
13768, 0
13770, 0
13771, 0
13772, 0
13773, 0
13774, 0
13776, 0
13777, 0
13778, 0
13779, 0
13781, 0
13782, 0
13783, 0
13784, 0
13785, 0
13787, 0
13788, 0
13789, 0
13790, 0
13792, 0
13793, 0
13794, 0
13795, 0
13796, 0
13798, 0
13799, 0
13800, 0
13801, 0
13803, 0
13804, 0
13805, 0
13806, 0
13807, 0
13809, 0
13810, 0
13811, 0
13812, 0
13813, 0
13815, 0
13816, 0
13817, 0
13818, 0
13820, 0
13821, 0
13822, 0
13823, 0
13824, 0
13826, 0
13827, 0
13828, 0
13829, 0
13831, 0
13832, 0
13833, 0
13834, 0
13835, 0
13837, 0
13838, 0
13839, 0
13840, 0
13842, 0
13843, 0
13844, 0
13845, 0
13847, 0
13848, 0
13849, 0
13850, 0
13851, 0
13853, 0
13854, 0
13855, 0
13856, 0
13857, 0
13859, 0
13860, 0
13861, 0
13862, 0
13864, 0
13865, 0
13866, 0
13867, 0
13868, 0
13870, 0
13871, 0
13872, 0
13873, 0
13875, 0
13876, 0
13877, 0
13878, 0
13879, 0
13881, 0
13882, 0
13883, 0
13884, 0
13885, 0
13887, 0
13888, 0
13889, 0
13890, 0
13892, 0
13893, 0
13894, 0
13895, 0
13896, 0
13898, 0
13899, 0
13900, 0
13901, 0
13903, 0
13904, 0
13905, 0
13906, 0
13907, 0
13909, 0
13910, 0
13911, 0
13912, 0
13914, 0
13915, 0
13916, 0
13917, 0
13918, 0
13920, 0
13922, -1
13923, 0
13925, 0
13926, 0
13927, 0
13928, 0
13929, 0
13931, 0
13933, 0
13935, -1
13936, 0
13937, 0
13938, 0
13939, 0
13940, 0
13942, 0
13943, 0
13944, 0
13945, 0
13947, 0
13948, 0
13949, 0
13950, 0
13951, 0
13953, 0
13954, 0
13955, 0
13956, 0
13957, 0
13959, 0
13960, 0
13961, 0
13962, 0
13964, 0
13965, 0
13966, 0
13967, 0
13968, 0
13970, 0
13971, 0
13972, 0
13973, 0
13975, 0
13976, 0
13977, 0
13978, 0
13979, 0
13981, 0
13982, 0
13983, 0
13984, 0
13986, 0
13987, 0
13988, 0
13989, 0
13990, 0
13992, 0
13993, 0
13994, 0
13995, 0
13997, 0
13998, 0
13999, 0
14000, 0
14001, 0
14003, 0
14004, 0
14005, 0
14006, 0
14007, 0
14009, 0
14010, 0
14011, 0
14012, 0
14014, 0
14015, 0
14016, 0
14017, 0
14018, 0
14020, 0
14021, 0
14022, 0
14023, 0
14025, 0
14026, 0
14027, 0
14028, 0
14029, 0
14031, 0
14032, 0
14033, 0
14034, 0
14036, 0
14037, 0
14038, 0
14039, 0
14040, 0
14042, 0
14043, 0
14044, 0
14045, 0
14047, 0
14048, 0
14049, 0
14050, 0
14051, 0
14053, 0
14054, 0
14055, 0
14056, 0
14058, 0
14059, 0
14060, 0
14061, 0
14062, 0
14064, 0
14065, 0
14066, 0
14067, 0
14068, 0
14070, 0
14071, 0
14072, 0
14073, 0
14075, 0
14076, 0
14077, 0
14078, 0
14079, 0
14081, 0
14082, 0
14083, 0
14084, 0
14086, 0
14087, 0
14088, 0
14089, 0
14090, 0
14092, 0
14093, 0
14094, 0
14095, 0
14097, 0
14098, 0
14099, 0
14100, 0
14101, 0
14103, 0
14104, 0
14105, 0
14106, 0
14108, 0
14109, 0
14110, 0
14111, 0
14113, 0
14114, 0
14115, 0
14116, 0
14117, 0
14119, 0
14120, 0
14121, 0
14122, 0
14123, 0
14125, 0
14126, 0
14127, 0
14128, 0
14129, 0
14131, 0
14133, 0
14134, 0
14136, 0
14137, 0
14138, 0
14140, 0
14142, 0
14143, 0
14144, 0
14145, 0
14147, 0
14148, 0
14149, 0
14150, 0
14151, 0
14154, -1
14155, 0
14156, 0
14158, 0
14159, 0
14161, -1
14162, 0
14164, 0
14165, 0
14166, 0
14167, 0
14169, 0
14170, 0
14171, 0
14172, 0
14174, 0
14175, 0
14176, 0
14177, 0
14179, 0
14180, 0
14181, 0
14182, 0
14184, 0
14185, 0
14186, 0
14188, -1
14189, 0
14190, 0
14191, 0
14764, -572
14765, -1143
14766, -570
14767, -1139
14768, -1136
14769, -1133
14770, -1130
14771, -1127
14772, -1125
14773, -1122
14774, -1119
14775, -558
14776, -1115
14777, -1112
14778, -1110
14779, -1107
14780, -1104
14781, -1101
14782, -549
14787, -1106
14788, -552
14789, -1102
14790, -1099
14791, -1097
14792, -1094
14793, -1091
14794, -1088
14795, -1085
14796, -1083
14797, -1080
14798, -1077
14799, -1074
14800, -536
14801, -1070
14802, -534
14806, -537
14807, -1072
14808, -1070
14809, -1067
14810, -1064
14811, -1061
14812, -1059
14813, -1056
14814, -1053
14815, -1050
14816, -524
14817, -1046
14818, -1043
14819, -1040
14820, -1037
14821, -1035
14822, -516
14826, -519
14827, -1037
14828, -517
14829, -1033
14830, -1031
14831, -1028
14832, -1025
14833, -1022
14834, -1019
14835, -1017
14836, -1014
14837, -1011
14838, -1008
14839, -503
14840, -1004
14841, -1001
14842, -499
14846, -503
14847, -1004
14848, -501
14849, -1000
14850, -997
14851, -995
14852, -992
14853, -989
14854, -986
14855, -983
14856, -981
14857, -978
14858, -975
14859, -972
14860, -485
14861, -968
14862, -965
14863, -962
14864, -960
14865, -957
14866, -954
14867, -951
14868, -948
14869, -946
14870, -943
14871, -940
14872, -469
14873, -936
14874, -467
14879, -941
14880, -938
14881, -936
14882, -466
14883, -931
14884, -929
14885, -926
14886, -923
14887, -920
14888, -918
14889, -915
14890, -912
14891, -455
14892, -908
14893, -905
14894, -451
14899, -456
14900, -910
14901, -454
14902, -906
14903, -903
14904, -900
14905, -898
14906, -895
14907, -892
14908, -889
14909, -886
14910, -883
14911, -881
14912, -878
14913, -875
14917, -440
14918, -439
14919, -877
14920, -874
14921, -871
14922, -868
14923, -866
14924, -863
14925, -860
14926, -857
14927, -427
14928, -853
14929, -850
14930, -847
14931, -845
14932, -842
14933, -839
14934, -418
14939, -844
14940, -841
14941, -838
14942, -835
14943, -832
14944, -415
14945, -828
14946, -826
14947, -823
14948, -820
14949, -817
14950, -814
14951, -811
14952, -809
14953, -806
14954, -402
14959, -810
14960, -808
14961, -805
14962, -802
14963, -799
14964, -398
14965, -795
14966, -793
14967, -790
14968, -787
14969, -784
14970, -782
14971, -779
14972, -388
14973, -775
14974, -386
14977, -388
14978, -775
14979, -772
14980, -769
14981, -767
14982, -764
14983, -761
14984, -379
14985, -757
14986, -754
14987, -752
14988, -749
14989, -746
14990, -743
14991, -741
14992, -738
14993, -368
14994, -367
14998, -371
14999, -370
15000, -739
15001, -736
15002, -733
15003, -731
15004, -364
15005, -726
15006, -724
15007, -721
15008, -718
15009, -716
15010, -357
15011, -712
15012, -709
15013, -706
15014, -352
15018, -355
15019, -355
15020, -708
15021, -705
15022, -702
15023, -700
15024, -697
15025, -347
15026, -693
15027, -690
15028, -687
15029, -684
15030, -681
15031, -679
15032, -676
15033, -673
15034, -335
15038, -675
15039, -673
15040, -670
15041, -667
15042, -664
15043, -661
15044, -659
15045, -656
15046, -327
15047, -652
15048, -649
15049, -646
15050, -644
15051, -641
15052, -638
15053, -635
15054, -316
15060, -321
15061, -641
15062, -320
15063, -637
15064, -635
15065, -632
15066, -629
15067, -626
15068, -624
15069, -621
15070, -618
15071, -615
15072, -612
15073, -609
15078, -308
15079, -614
15080, -611
15081, -304
15082, -607
15083, -604
15084, -602
15085, -599
15086, -596
15087, -593
15088, -590
15089, -588
15090, -585
15091, -582
15092, -579
15093, -576
15097, -290
15098, -578
15099, -576
15100, -573
15101, -570
15102, -567
15103, -565
15104, -281
15105, -560
15106, -558
15107, -555
15108, -552
15109, -549
15110, -546
15111, -543
15112, -541
15113, -538
15114, -268
15119, -272
15120, -271
15121, -541
15122, -539
15123, -536
15124, -533
15125, -530
15126, -528
15127, -525
15128, -261
15129, -521
15130, -518
15131, -515
15132, -512
15133, -509
15134, -253
15137, -510
15138, -508
15139, -253
15140, -504
15141, -501
15142, -498
15143, -495
15144, -492
15145, -490
15146, -487
15147, -484
15148, -481
15149, -478
15150, -476
15151, -473
15152, -235
15153, -469
15154, -233
15159, -473
15160, -471
15161, -468
15162, -465
15163, -463
15164, -230
15165, -458
15166, -456
15167, -453
15168, -450
15169, -447
15170, -444
15171, -442
15172, -439
15173, -436
15174, -217
15178, -438
15179, -436
15180, -433
15181, -430
15182, -427
15183, -424
15184, -211
15185, -420
15186, -417
15187, -415
15188, -412
15189, -409
15190, -406
15191, -403
15192, -400
15193, -398
15194, -198
15199, -202
15200, -402
15201, -399
15202, -396
15203, -394
15204, -391
15205, -194
15206, -387
15207, -384
15208, -381
15209, -378
15210, -375
15211, -372
15212, -370
15213, -367
15214, -182
15215, -364
15216, -181
15217, -360
15218, -357
15219, -354
15220, -352
15221, -349
15222, -346
15223, -343
15224, -340
15225, -338
15226, -335
15227, -332
15228, -165
15229, -328
15230, -325
15231, -322
15232, -319
15233, -316
15234, -157
15241, -163
15242, -325
15243, -322
15244, -160
15245, -318
15246, -315
15247, -313
15248, -310
15249, -307
15250, -304
15251, -301
15252, -299
15253, -296
15254, -147
15258, -150
15259, -298
15260, -295
15261, -292
15262, -290
15263, -287
15264, -142
15265, -283
15266, -280
15267, -277
15268, -274
15269, -271
15270, -269
15271, -266
15272, -263
15273, -260
15274, -129
15279, -265
15280, -131
15281, -262
15282, -259
15283, -256
15284, -127
15285, -252
15286, -249
15287, -246
15288, -243
15289, -241
15290, -238
15291, -235
15292, -232
15293, -229
15294, -113
15297, -115
15298, -229
15299, -227
15300, -224
15301, -221
15302, -218
15303, -108
15304, -214
15305, -211
15306, -209
15307, -206
15308, -203
15309, -200
15310, -197
15311, -195
15312, -192
15313, -189
15319, -99
15320, -98
15321, -195
15322, -192
15323, -189
15324, -187
15325, -184
15326, -181
15327, -178
15328, -88
15329, -174
15330, -171
15331, -168
15332, -165
15333, -163
15334, -80
15336, -82
15337, -81
15338, -160
15339, -158
15340, -155
15341, -152
15342, -149
15343, -146
15344, -143
15345, -141
15346, -138
15347, -135
15348, -132
15349, -129
15350, -126
15351, -124
15352, -61
15353, -119
15354, -58
15359, -125
15360, -61
15361, -121
15362, -118
15363, -116
15364, -113
15365, -110
15366, -107
15367, -104
15368, -51
15369, -100
15370, -97
15371, -94
15372, -92
15373, -89
15374, -43
15375, -86
15376, -42
15377, -82
15378, -79
15379, -77
15380, -74
15381, -71
15382, -68
15383, -65
15384, -63
15385, -60
15386, -57
15387, -27
15388, -53
15389, -50
15390, -47
15391, -44
15392, -42
15393, -39
15394, -18
15401, -24
15402, -47
15403, -44
15404, -41
15405, -39
15406, -36
15407, -33
15408, -30
15409, -27
15410, -25
15411, -11
15412, -20
15413, -17
15414, -7
15419, -23
15420, -10
15421, -19
15422, -16
15423, -13
15424, -10
15425, -8
15426, -5
15427, -2
15428, 0
15429, 0
15430, 0
15431, 0
15432, 0
15434, 0
15435, 0
15436, 0
15437, 0
15439, 0
15440, 0
15441, 0
15442, 0
15443, 0
15445, 0
15446, 0
15447, 0
15448, 0
15450, 0
15451, 0
15452, 0
15453, 0
15454, 0
15456, 0
15457, 0
15458, 0
15459, 0
15461, 0
15462, 0
15463, 0
15464, 0
15465, 0
15467, 0
15468, 0
15469, 0
15470, 0
15471, 0
15473, 0
15474, 0
15475, 0
15476, 0
15478, 0
15479, 0
15480, 0
15481, 0
15482, 0
15484, 0
15485, 0
15486, 0
15487, 0
15489, 0
15490, 0
15491, 0
15492, 0
15493, 0
15495, 0
15496, 0
15497, 0
15498, 0
15500, 0
15501, 0
15502, 0
15503, 0
15504, 0
15506, 0
15507, 0
15508, 0
15509, 0
15511, 0
15512, 0
15513, 0
15514, 0
15515, 0
15517, 0
15518, 0
15519, 0
15520, 0
15522, 0
15523, 0
15524, 0
15525, 0
15526, 0
15528, 0
15529, 0
15530, 0
15531, 0
15533, 0
15534, 0
15535, 0
15536, 0
15537, 0
15539, 0
15540, 0
15541, 0
15542, 0
15543, 0
15545, 0
15546, 0
15547, 0
15548, 0
15550, 0
15551, 0
15552, 0
15553, 0
15554, 0
15556, 0
15557, 0
15558, 0
15559, 0
15561, 0
15562, 0
15563, 0
15564, 0
15565, 0
15567, 0
15568, 0
15569, 0
15570, 0
15572, 0
15573, 0
15574, 0
15575, 0
15576, 0
15578, 0
15579, 0
15580, 0
15581, 0
15583, 0
15584, 0
15585, 0
15586, 0
15587, 0
15589, 0
15590, 0
15591, 0
15592, 0
15594, 0
15595, 0
15596, 0
15597, 0
15598, 0
15600, 0
15601, 0
15602, 0
15603, 0
15604, 0
15606, 0
15607, 0
15608, 0
15609, 0
15611, 0
15612, 0
15613, 0
15614, 0
15615, 0
15617, 0
15618, 0
15619, 0
15620, 0
15622, 0
15623, 0
15624, 0
15625, 0
15626, 0
15628, 0
15629, 0
15630, 0
15631, 0
15633, 0
15634, 0
15635, 0
15636, 0
15637, 0
15639, 0
15640, 0
15641, 0
15642, 0
15644, 0
15645, 0
15646, 0
15647, 0
15648, 0
15650, 0
15651, 0
15652, 0
15653, 0
15655, 0
15656, 0
15657, 0
15658, 0
15659, 0
15661, 0
15662, 0
15663, 0
15664, 0
15665, 0
15667, 0
15668, 0
15669, 0
15670, 0
15672, 0
15673, 0
15674, 0
15675, 0
15676, 0
15678, 0
15679, 0
15680, 0
15681, 0
15683, 0
15684, 0
15685, 0
15686, 0
15687, 0
15689, 0
15690, 0
15691, 0
15692, 0
15694, 0
15695, 0
15696, 0
15697, 0
15698, 0
15700, 0
15701, 0
15702, 0
15703, 0
15705, 0
15706, 0
15707, 0
15708, 0
15709, 0
15711, 0
15712, 0
15713, 0
15714, 0
15716, 0
15717, 0
15718, 0
15719, 0
15720, 0
15722, 0
15723, 0
15724, 0
15725, 0
15726, 0
15728, 0
15729, 0
15730, 0
15731, 0
15733, 0
15734, 0
15735, 0
15736, 0
15737, 0
15739, 0
15740, 0
15741, 0
15742, 0
15744, 0
15745, 0
15746, 0
15747, 0
15748, 0
15750, 0
15751, 0
15752, 0
15753, 0
15755, 0
15756, 0
15757, 0
15758, 0
15759, 0
15761, 0
15762, 0
15763, 0
15764, 0
15765, 0
15767, 0
15768, 0
15769, 0
15770, 0
15772, 0
15773, 0
15774, 0
15775, 0
15776, 0
15778, 0
15779, 0
15780, 0
15781, 0
15783, 0
15784, 0
15785, 0
15786, 0
15787, 0
15789, 0
15790, 0
15791, 0
15792, 0
15794, 0
15795, 0
15796, 0
15797, 0
15798, 0
15800, 0
15801, 0
15802, 0
15803, 0
15805, 0
15806, 0
15807, 0
15808, 0
15809, 0
15811, 0
15812, 0
15813, 0
15814, 0
15816, 0
15817, 0
15818, 0
15819, 0
15820, 0
15822, 0
15823, 0
15824, 0
15825, 0
15827, 0
15828, 0
15829, 0
15830, 0
15831, 0
15833, 0
15834, 0
15835, 0
15836, 0
15837, 0
15839, 0
15840, 0
15841, 0
15842, 0
15844, 0
15845, 0
15846, 0
15847, 0
15848, 0
15850, 0
15851, 0
15852, 0
15853, 0
15855, 0
15856, 0
15857, 0
15858, 0
15859, 0
15861, 0
15862, 0
15863, 0
15864, 0
15866, 0
15867, 0
15868, 0
15869, 0
15870, 0
15872, 0
15873, 0
15874, 0
15875, 0
15877, 0
15878, 0
15879, 0
15880, 0
15881, 0
15883, 0
15884, 0
15885, 0
15886, 0
15888, 0
15889, 0
15890, 0
15891, 0
15892, 0
15894, 0
15895, 0
15896, 0
15897, 0
15899, 0
15900, 0
15901, 0
15902, 0
15903, 0
15905, 0
15906, 0
15907, 0
15908, 0
15909, 0
15911, 0
15912, 0
15913, 0
15914, 0
15916, 0
15917, 0
15918, 0
15919, 0
15920, 0
15922, 0
15923, 0
15924, 0
15925, 0
15927, 0
15928, 0
15929, 0
15930, 0
15931, 0
15933, 0
15934, 0
15935, 0
15936, 0
15938, 0
15939, 0
15940, 0
15941, 0
15942, 0
15944, 0
15945, 0
15946, 0
15947, 0
15949, 0
15950, 0
15951, 0
15952, 0
15953, 0
15955, 0
15956, 0
15957, 0
15958, 0
15959, 0
15961, 0
15962, 0
15963, 0
15964, 0
15966, 0
15967, 0
15968, 0
15969, 0
15970, 0
15972, 0
15973, 0
15974, 0
15975, 0
15977, 0
15978, 0
15979, 0
15980, 0
15981, 0
15983, 0
15984, 0
15985, 0
15986, 0
15988, 0
15989, 0
15990, 0
15991, 0
15992, 0
15994, 0
15995, 0
15996, 0
15997, 0
15999, 0
16000, 0
16001, 0
16002, 0
16003, 0
16005, 0
16006, 0
16007, 0
16008, 0
16010, 0
16011, 0
16012, 0
16013, 0
16014, 0
16016, 0
16017, 0
16018, 0
16019, 0
16020, 0
16022, 0
16023, 0
16024, 0
16025, 0
16027, 0
16028, 0
16029, 0
16030, 0
16031, 0
16033, 0
16034, 0
16035, 0
16036, 0
16038, 0
16039, 0
16040, 0
16041, 0
16042, 0
16044, 0
16045, 0
16046, 0
16047, 0
16049, 0
16050, 0
16051, 0
16052, 0
16053, 0
16055, 0
16056, 0
16057, 0
16058, 0
16062, -3
16063, -1
16068, -5
16069, -3
16070, 0
16322, -250
16323, -250
16324, -498
16325, -495
16326, -492
16327, -489
16328, -486
16329, -483
16330, -481
16331, -478
16332, -475
16333, -472
16334, -235
16335, -468
16336, -465
16337, -462
16338, -460
16339, -457
16340, -454
16341, -452
16383, -530
16384, -528
16385, -525
16386, -522
16387, -519
16388, -258
16389, -515
16390, -512
16391, -509
16392, -507
16393, -504
16394, -501
16395, -498
16396, -495
16397, -493
16398, -490
16399, -487
16400, -484
16401, -481
16443, -560
16444, -558
16445, -555
16446, -552
16447, -275
16448, -548
16449, -545
16450, -542
16451, -539
16452, -537
16453, -534
16454, -531
16455, -528
16456, -525
16457, -522
16458, -520
16459, -517
16460, -514
16461, -511
16501, -586
16502, -583
16503, -581
16504, -289
16505, -576
16506, -573
16507, -571
16508, -568
16509, -565
16510, -562
16511, -560
16512, -557
16513, -554
16514, -551
16515, -274
16516, -547
16517, -544
16518, -541
16519, -539
16520, -536
16521, -533
16522, -530
16523, -528
16524, -525
16525, -261
16526, -521
16527, -518
16528, -515
16529, -512
16530, -510
16531, -507
16532, -504
16533, -501
16534, -498
16535, -496
16536, -493
16537, -490
16538, -487
16539, -484
16540, -481
16566, -265
16567, -264
16568, -527
16569, -262
16570, -523
16571, -521
16572, -518
16573, -515
16574, -512
16575, -510
16576, -507
16577, -504
16578, -501
16579, -249
16580, -249
16641, -309
16642, -309
16643, -616
16644, -307
16645, -612
16646, -610
16647, -607
16648, -604
16649, -601
16650, -598
16651, -595
16652, -593
16653, -590
16654, -587
16655, -584
16656, -581
16657, -579
16658, -576
16659, -573
16660, -570
16661, -284
16662, -283
16667, -288
16668, -287
16669, -573
16670, -570
16671, -567
16672, -565
16673, -562
16674, -559
16675, -556
16676, -277
16677, -552
16678, -549
16679, -546
16680, -544
16681, -541
16682, -269
16691, -277
16692, -553
16693, -551
16694, -274
16695, -546
16696, -544
16697, -541
16698, -538
16699, -535
16700, -532
16701, -530
16702, -527
16703, -524
16704, -521
16705, -519
16706, -258
16707, -514
16708, -512
16709, -509
16710, -506
16717, -258
16718, -515
16719, -512
16720, -509
16721, -507
16722, -504
16723, -251
16724, -500
16725, -497
16726, -494
16727, -491
16728, -488
16729, -485
16730, -483
16731, -241
16732, -240
16733, -479
16734, -476
16735, -473
16736, -470
16737, -467
16738, -465
16739, -462
16740, -459
16741, -456
16742, -453
16743, -450
16744, -448
16745, -223
16746, -444
16747, -441
16748, -438
16749, -435
16750, -433
16758, -443
16759, -441
16760, -438
16761, -435
16762, -216
16763, -431
16764, -428
16765, -426
16766, -423
16767, -420
16768, -417
16769, -414
16770, -412
16771, -205
16775, -414
16776, -411
16777, -409
16778, -406
16779, -403
16780, -400
16781, -199
16782, -396
16783, -393
16784, -390
16785, -388
16786, -385
16787, -382
16788, -379
16789, -376
16790, -373
16791, -185
16797, -190
16798, -379
16799, -377
16800, -374
16801, -186
16802, -370
16803, -367
16804, -364
16805, -362
16806, -359
16807, -356
16808, -353
16809, -350
16810, -348
16811, -172
16816, -352
16817, -349
16818, -347
16819, -344
16820, -171
16821, -340
16822, -337
16823, -334
16824, -331
16825, -329
16826, -326
16827, -323
16828, -320
16829, -317
16830, -314
16831, -312
16838, -161
16839, -320
16840, -317
16841, -315
16842, -312
16843, -155
16844, -308
16845, -305
16846, -302
16847, -299
16848, -297
16849, -294
16850, -291
16851, -288
16858, -297
16859, -148
16860, -294
16861, -291
16862, -288
16863, -285
16864, -283
16865, -280
16866, -277
16867, -274
16868, -136
16869, -270
16870, -267
16871, -264
16872, -131
16875, -133
16876, -133
16877, -264
16878, -261
16879, -258
16880, -256
16881, -253
16882, -250
16883, -247
16884, -122
16885, -243
16886, -241
16887, -238
16888, -235
16889, -232
16890, -229
16891, -227
16892, -112
16898, -117
16899, -117
16900, -232
16901, -229
16902, -226
16903, -224
16904, -221
16905, -218
16906, -215
16907, -212
16908, -105
16909, -208
16910, -205
16911, -203
16912, -100
16916, -103
16917, -103
16918, -204
16919, -202
16920, -199
16921, -196
16922, -193
16923, -190
16924, -188
16925, -185
16926, -182
16927, -179
16928, -88
16929, -175
16930, -172
16931, -169
16932, -167
16933, -83
16934, -164
16935, -161
16936, -158
16937, -155
16938, -76
16939, -151
16940, -148
16941, -146
16942, -143
16943, -140
16944, -137
16945, -135
16946, -132
16947, -129
16948, -63
16949, -125
16950, -122
16951, -119
16952, -116
16960, -64
16961, -64
16962, -126
16963, -124
16964, -121
16965, -118
16966, -115
16967, -112
16968, -110
16969, -107
16970, -104
16971, -101
16972, -49
16976, -52
16977, -103
16978, -101
16979, -49
16980, -97
16981, -94
16982, -91
16983, -89
16984, -86
16985, -83
16986, -80
16987, -77
16988, -37
16989, -73
16990, -70
16991, -68
16992, -65
16997, -35
16998, -69
16999, -67
17000, -64
17001, -61
17002, -58
17003, -55
17004, -53
17005, -50
17006, -24
17007, -46
17008, -43
17009, -41
17010, -38
17011, -18
17012, -34
17013, -16
17017, -37
17018, -34
17019, -31
17020, -29
17021, -26
17022, -12
17023, -21
17024, -19
17025, -16
17026, -13
17027, -10
17028, -7
17029, -5
17030, -2
17031, 0
17032, 0
17033, 0
17034, 0
17036, 0
17037, 0
17038, 0
17039, 0
17040, 0
17042, 0
17043, 0
17044, 0
17046, 0
17047, 0
17048, 0
17049, 0
17050, 0
17051, 0
17053, 0
17054, 0
17055, 0
17056, 0
17058, 0
17059, 0
17060, 0
17061, 0
17062, 0
17064, 0
17065, 0
17066, 0
17067, 0
17068, 0
17070, 0
17071, 0
17072, 0
17073, 0
17075, 0
17076, 0
17077, 0
17078, 0
17079, 0
17081, 0
17082, 0
17083, 0
17084, 0
17086, 0
17087, 0
17089, 0
17091, 0
17092, 0
17093, 0
17094, 0
17095, 0
17097, 0
17098, 0
17099, 0
17100, 0
17101, 0
17103, 0
17104, 0
17105, 0
17106, 0
17107, 0
17109, 0
17110, 0
17111, 0
17112, 0
17114, 0
17115, 0
17116, 0
17117, 0
17118, 0
17120, 0
17121, 0
17122, 0
17123, 0
17125, 0
17126, 0
17127, 0
17128, 0
17129, 0
17131, 0
17132, 0
17133, 0
17134, 0
17136, 0
17137, 0
17138, 0
17139, 0
17140, 0
17142, 0
17143, 0
17144, 0
17145, 0
17147, 0
17148, 0
17149, 0
17150, 0
17151, 0
17153, 0
17154, 0
17155, 0
17156, 0
17158, 0
17159, 0
17160, 0
17161, 0
17162, 0
17164, 0
17165, 0
17166, 0
17167, 0
17169, 0
17170, 0
17171, 0
17172, 0
17173, 0
17175, 0
17176, 0
17177, 0
17178, 0
17179, 0
17181, 0
17182, 0
17183, 0
17184, 0
17186, 0
17187, 0
17188, 0
17189, 0
17190, 0
17192, 0
17193, 0
17194, 0
17195, 0
17197, 0
17198, 0
17199, 0
17200, 0
17201, 0
17203, 0
17204, 0
17205, 0
17206, 0
17208, 0
17209, 0
17210, 0
17211, 0
17212, 0
17214, 0
17215, 0
17216, 0
17217, 0
17219, 0
17220, 0
17221, 0
17222, 0
17223, 0
17225, 0
17226, 0
17227, 0
17228, 0
17230, 0
17231, 0
17232, 0
17233, 0
17234, 0
17236, 0
17237, 0
17238, 0
17239, 0
17241, 0
17242, 0
17243, 0
17244, 0
17245, 0
17247, 0
17248, 0
17249, 0
17250, 0
17251, 0
17253, 0
17254, 0
17255, 0
17256, 0
17258, 0
17259, 0
17260, 0
17261, 0
17262, 0
17264, 0
17265, 0
17266, 0
17267, 0
17269, 0
17270, 0
17271, 0
17272, 0
17273, 0
17275, 0
17276, 0
17277, 0
17279, 0
17280, 0
17281, 0
17283, 0
17284, 0
17286, 0
17287, 0
17288, 0
17289, 0
17291, 0
17292, 0
17293, 0
17294, 0
17295, 0
17297, 0
17298, 0
17299, 0
17300, 0
17301, 0
17303, 0
17304, 0
17305, 0
17306, 0
17308, 0
17309, 0
17310, 0
17311, 0
17312, 0
17314, 0
17315, 0
17316, 0
17317, 0
17319, 0
17320, 0
17321, 0
17322, 0
17324, 0
17325, 0
17326, 0
17328, 0
17330, 0
17331, 0
17332, 0
17333, 0
17334, 0
17336, 0
17337, 0
17338, 0
17339, 0
17341, 0
17342, 0
17343, 0
17344, 0
17345, 0
17347, 0
17348, 0
17349, 0
17350, 0
17352, 0
17353, 0
17354, 0
17355, 0
17356, 0
17358, 0
17359, 0
17360, 0
17361, 0
17363, 0
17364, 0
17365, 0
17366, 0
17367, 0
17369, 0
17370, 0
17371, 0
17372, 0
17373, 0
17375, 0
17376, 0
17377, 0
17378, 0
17380, 0
17381, 0
17382, 0
17383, 0
17384, 0
17386, 0
17387, 0
17388, 0
17389, 0
17391, 0
17392, 0
17393, 0
17394, 0
17395, 0
17397, 0
17398, 0
17399, 0
17400, 0
17402, 0
17403, 0
17404, 0
17405, 0
17406, 0
17408, 0
17409, 0
17410, 0
17411, 0
17413, 0
17414, 0
17415, 0
17416, 0
17417, 0
17419, 0
17420, 0
17421, 0
17422, 0
17423, 0
17425, 0
17426, 0
17427, 0
17428, 0
17430, 0
17431, 0
17432, 0
17433, 0
17434, 0
17436, 0
17437, 0
17438, 0
17439, 0
17441, 0
17442, 0
17443, 0
17447, -2
17448, -3
17449, 0
17450, 0
17452, 0
17453, 0
17454, 0
17455, 0
17456, 0
17458, 0
17459, 0
17460, 0
17461, 0
17463, 0
17464, 0
17465, 0
17466, 0
17467, 0
17469, 0
17470, 0
17471, 0
17472, 0
17474, 0
17475, 0
17476, 0
17477, 0
17478, 0
17480, 0
17481, 0
17482, 0
17483, 0
17484, 0
17486, 0
17487, 0
17488, 0
17489, 0
17491, 0
17492, 0
17493, 0
17494, 0
17495, 0
17497, 0
17498, 0
17499, 0
17500, 0
17502, 0
17503, 0
17504, 0
17505, 0
17506, 0
17508, 0
17509, 0
17510, 0
17511, 0
17513, 0
17514, 0
17515, 0
17516, 0
17517, 0
17519, 0
17520, 0
17521, 0
17522, 0
17524, 0
17525, 0
17526, 0
17527, 0
17528, 0
17530, 0
17531, 0
17532, 0
17533, 0
17535, 0
17536, 0
17537, 0
17538, 0
17539, 0
17541, 0
17543, -1
17544, 0
17547, -1
17548, 0
17549, 0
17550, 0
17552, 0
17553, 0
17554, 0
17555, 0
17558, -1
17559, -1
17560, 0
17561, 0
17563, 0
17564, 0
17565, 0
17566, 0
17567, 0
17569, 0
17570, 0
17571, 0
17572, 0
17574, 0
17575, 0
17576, 0
17577, 0
17578, 0
17581, -1
17582, 0
17583, 0
17585, 0
17586, 0
17587, 0
17588, 0
17589, 0
17591, 0
17592, 0
17593, 0
17594, 0
17596, 0
17597, 0
17598, 0
17599, 0
17600, 0
17602, 0
17603, 0
17604, 0
17605, 0
17606, 0
17608, 0
17609, 0
17610, 0
17611, 0
17613, 0
17614, 0
17615, 0
17616, 0
17617, 0
17619, 0
17620, 0
17621, 0
17622, 0
17624, 0
17626, -1
17627, 0
17629, 0
17630, 0
17631, 0
17632, 0
17633, 0
17635, 0
17636, 0
17637, 0
17638, 0
17639, 0
17641, 0
17642, 0
17643, 0
17644, 0
17646, 0
17647, 0
17648, 0
17649, 0
17650, 0
17652, 0
17653, 0
17654, 0
17655, 0
17657, 0
17658, 0
17659, 0
17660, 0
17661, 0
17663, 0
17664, 0
17665, 0
17666, 0
17667, 0
17669, 0
17670, 0
17671, 0
17672, 0
17674, 0
17675, 0
17676, 0
17677, 0
17678, 0
17681, -1
17682, 0
17684, 0
17685, 0
17686, 0
17687, 0
17688, 0
17689, 0
17691, 0
17692, 0
17693, 0
17694, 0
17696, 0
17697, 0
17698, 0
17699, 0
17700, 0
17702, 0
17703, 0
17704, 0
17705, 0
17707, 0
17708, 0
17709, 0
17710, 0
17711, 0
17713, 0
17714, 0
17715, 0
17716, 0
17718, 0
17719, 0
17720, 0
17721, 0
17722, 0
17724, 0
17725, 0
17726, 0
17727, 0
17728, 0
17730, 0
17731, 0
17732, 0
17733, 0
17735, 0
17736, 0
17737, 0
17738, 0
17739, 0
17741, 0
17742, 0
17743, 0
17744, 0
17746, 0
17747, 0
17748, 0
17749, 0
17750, 0
17752, 0
17753, 0
17754, 0
17755, 0
17757, 0
17758, 0
17759, 0
17760, 0
17761, 0
17763, 0
17764, 0
17765, 0
17766, 0
17768, 0
17769, 0
17770, 0
17771, 0
17772, 0
17774, 0
17775, 0
17776, 0
17777, 0
17778, 0
17780, 0
17781, 0
17782, 0
17783, 0
17785, 0
17786, 0
17787, 0
17788, 0
17789, 0
17791, 0
17792, 0
17793, 0
17794, 0
17796, 0
17797, 0
17799, 0
17800, 0
17802, 0
17803, 0
17804, 0
17805, 0
17807, 0
17808, 0
17809, 0
17810, 0
17811, 0
17813, 0
17814, 0
17815, 0
17816, 0
17818, 0
17819, 0
17820, 0
17821, 0
17822, 0
17824, 0
17825, 0
17826, 0
17827, 0
17829, 0
17830, 0
17831, 0
17832, 0
17833, 0
17835, 0
17836, 0
17837, 0
17838, 0
17840, 0
17841, 0
17842, 0
17843, 0
17844, 0
17846, 0
17847, 0
17848, 0
17849, 0
17851, 0
17852, 0
17853, 0
17854, 0
17855, 0
17857, 0
17858, 0
17859, 0
17860, 0
17861, 0
17863, 0
17864, 0
17865, 0
17866, 0
17868, 0
17869, 0
17870, 0
17871, 0
17873, 0
17874, 0
17876, -1
17877, 0
17879, 0
17880, 0
17881, 0
17882, 0
17883, 0
17885, 0
17886, 0
17887, 0
17888, 0
17890, 0
17891, 0
17892, 0
17893, 0
17894, 0
17896, 0
17897, 0
17898, 0
17899, 0
17901, 0
17902, 0
17903, 0
17904, 0
17905, 0
17907, 0
17908, 0
17909, 0
17910, 0
17912, 0
17913, 0
17914, 0
17915, 0
17916, 0
17918, 0
17919, 0
17920, 0
17921, 0
17923, 0
17924, 0
17925, 0
17926, 0
17928, 0
17929, 0
17930, 0
17931, 0
17933, 0
17935, 0
17936, 0
17937, 0
17938, 0
17941, -1
17942, 0
17943, 0
17946, -2
17947, 0
17948, 0
17949, 0
17953, -3
17954, 0
17955, 0
17957, 0
17958, 0
17962, -4
17963, -1
17964, 0
17965, 0
17966, 0
17968, 0
17969, 0
17973, -3
17974, -4
17975, -1
17976, 0
17977, 0
17979, 0
17980, 0
17981, 0
17982, 0
17988, -7
17989, -3
17990, -4
17991, -1
17992, 0
17993, 0
17994, 0
17996, 0
17997, 0
17998, 0
17999, 0
18001, 0
18007, -5
18008, -8
18009, -5
18010, -3
18011, 0
18012, 0
18013, 0
18014, 0
18015, 0
18016, 0
18018, 0
18019, 0
18020, 0
18035, -26
18036, -12
18037, -22
18038, -20
18039, -17
18040, -7
18041, -13
18043, -7
18044, -6
18045, -11
18046, -9
18047, -6
18048, -2
18049, -2
18050, 0
18051, 0
18052, 0
18053, 0
18054, 0
18055, 0
18057, 0
18068, -18
18069, -8
18070, -15
18071, -12
18073, -6
18074, -11
18075, -8
18076, -3
18077, -4
18078, -2
18079, 0
18080, 0
18081, 0
18082, 0
18084, 0
18085, 0
18086, 0
18087, 0
18088, 0
18090, 0
18096, -5
18097, -8
18098, -6
18099, -2
18100, -2
18101, 0
18187, -169
18188, -83
18189, -165
18190, -162
18191, -160
18192, -79
18193, -156
18194, -153
18195, -151
18196, -148
18197, -73
18198, -144
18199, -141
18200, -139
18201, -68
18202, -135
18203, -132
18204, -65
18206, -66
18328, -373
18329, -185
18330, -369
18331, -366
18332, -363
18333, -361
18334, -179
18335, -357
18336, -354
18337, -352
18338, -349
18339, -173
18340, -345
18341, -342
18342, -170
18390, -433
18391, -430
18392, -427
18393, -425
18394, -422
18395, -419
18396, -208
18397, -415
18398, -412
18399, -409
18400, -406
18401, -404
18402, -200
18428, -450
18429, -448
18430, -445
18431, -442
18432, -439
18433, -436
18434, -434
18435, -431
18436, -214
18437, -427
18438, -424
18439, -421
18440, -418
18441, -415
18442, -412
18483, -246
18484, -245
18485, -488
18486, -486
18487, -483
18488, -480
18489, -477
18490, -474
18491, -471
18492, -469
18493, -466
18494, -463
18495, -460
18496, -458
18497, -455
18498, -452
18499, -449
18500, -223
18501, -445
18502, -442
18503, -220
18544, -260
18545, -518
18546, -516
18547, -513
18548, -510
18549, -507
18550, -504
18551, -501
18552, -499
18553, -496
18554, -493
18555, -490
18556, -244
18557, -486
18558, -483
18559, -480
18560, -478
18561, -475
18562, -472
18563, -469
18599, -269
18600, -536
18601, -533
18602, -265
18603, -529
18604, -526
18605, -524
18606, -521
18607, -518
18608, -515
18609, -512
18610, -510
18611, -507
18612, -504
18613, -501
18631, -266
18632, -532
18633, -265
18634, -528
18635, -525
18636, -523
18637, -520
18638, -517
18639, -514
18640, -511
18641, -254
18642, -507
18643, -504
18644, -251
18650, -511
18651, -508
18652, -506
18653, -503
18654, -250
18655, -499
18656, -496
18657, -493
18658, -491
18659, -488
18660, -485
18661, -482
18662, -479
18663, -477
18664, -237
18668, -240
18669, -479
18670, -238
18671, -475
18672, -472
18673, -469
18674, -466
18675, -464
18676, -461
18677, -458
18678, -455
18679, -453
18680, -450
18681, -447
18682, -444
18683, -441
18684, -219
18689, -446
18690, -443
18691, -220
18692, -439
18693, -436
18694, -433
18695, -430
18696, -428
18697, -425
18698, -422
18699, -419
18700, -417
18701, -414
18702, -411
18703, -204
18704, -407
18711, -416
18712, -413
18713, -411
18714, -408
18715, -203
18716, -404
18717, -401
18718, -398
18719, -395
18720, -393
18721, -390
18722, -387
18723, -384
18724, -191
18728, -194
18729, -386
18730, -383
18731, -381
18732, -378
18733, -375
18734, -372
18735, -369
18736, -367
18737, -182
18738, -362
18739, -360
18740, -357
18741, -354
18742, -351
18743, -348
18744, -346
18745, -171
18752, -178
18753, -177
18754, -353
18755, -351
18756, -348
18757, -345
18758, -342
18759, -339
18760, -168
18761, -335
18762, -332
18763, -330
18764, -327
18765, -162
18771, -168
18772, -167
18773, -333
18774, -330
18775, -327
18776, -325
18777, -161
18778, -320
18779, -318
18780, -315
18781, -312
18782, -309
18783, -307
18784, -304
18785, -151
18789, -153
18790, -305
18791, -303
18792, -300
18793, -297
18794, -294
18795, -292
18796, -289
18797, -286
18798, -283
18799, -280
18800, -139
18801, -276
18802, -273
18803, -270
18804, -268
18805, -265
18810, -136
18811, -270
18812, -134
18813, -267
18814, -132
18815, -263
18816, -260
18817, -257
18818, -254
18819, -251
18820, -249
18821, -246
18822, -243
18823, -240
18824, -237
18825, -234
18829, -119
18830, -237
18831, -117
18832, -233
18833, -231
18834, -228
18835, -225
18836, -222
18837, -219
18838, -216
18839, -214
18840, -211
18841, -208
18842, -205
18843, -202
18844, -200
18845, -98
18846, -98
18851, -102
18852, -203
18853, -100
18854, -199
18855, -196
18856, -194
18857, -191
18858, -188
18859, -185
18860, -182
18861, -179
18862, -177
18863, -174
18864, -171
18865, -168
18871, -88
18872, -175
18873, -86
18874, -171
18875, -168
18876, -165
18877, -163
18878, -160
18879, -157
18880, -154
18881, -151
18882, -149
18883, -146
18884, -72
18885, -142
18886, -70
18889, -72
18890, -142
18891, -140
18892, -69
18893, -136
18894, -133
18895, -130
18896, -127
18897, -124
18898, -122
18899, -119
18900, -116
18901, -113
18902, -110
18903, -108
18904, -105
18905, -51
18906, -50
18910, -54
18911, -53
18912, -105
18913, -103
18914, -100
18915, -97
18916, -94
18917, -46
18918, -91
18919, -88
18920, -85
18921, -83
18922, -80
18923, -39
18924, -76
18925, -73
18926, -70
18929, -37
18930, -36
18931, -70
18932, -67
18933, -65
18934, -62
18935, -59
18936, -56
18937, -54
18938, -51
18939, -48
18940, -23
18941, -44
18942, -41
18943, -38
18944, -35
18945, -33
18946, -30
18952, -19
18953, -36
18954, -34
18955, -31
18956, -28
18957, -25
18958, -23
18959, -20
18960, -9
18961, -15
18962, -13
18963, -10
18964, -7
18965, -4
18966, -1
18970, -3
18971, -4
18972, -2
18973, 0
18974, 0
18975, 0
18977, 0
18978, 0
18979, 0
18980, 0
18981, 0
18983, 0
18984, 0
18985, 0
18986, 0
18988, 0
18989, 0
18990, 0
18991, 0
18992, 0
18994, 0
18995, 0
18996, 0
18997, 0
18998, 0
19000, 0
19001, 0
19002, 0
19003, 0
19005, 0
19006, 0
19007, 0
19008, 0
19009, 0
19011, 0
19012, 0
19013, 0
19014, 0
19016, 0
19017, 0
19018, 0
19019, 0
19020, 0
19022, 0
19023, 0
19024, 0
19025, 0
19027, 0
19028, 0
19029, 0
19030, 0
19031, 0
19033, 0
19034, 0
19035, 0
19036, 0
19038, 0
19039, 0
19040, 0
19041, 0
19042, 0
19044, 0
19045, 0
19046, 0
19047, 0
19049, 0
19050, 0
19051, 0
19052, 0
19053, 0
19055, 0
19056, 0
19057, 0
19058, 0
19060, 0
19061, 0
19062, 0
19063, 0
19064, 0
19066, 0
19067, 0
19068, 0
19069, 0
19070, 0
19072, 0
19073, 0
19074, 0
19075, 0
19077, 0
19078, 0
19079, 0
19080, 0
19081, 0
19083, 0
19084, 0
19085, 0
19086, 0
19088, 0
19089, 0
19090, 0
19091, 0
19092, 0
19094, 0
19095, 0
19096, 0
19097, 0
19099, 0
19100, 0
19101, 0
19102, 0
19103, 0
19105, 0
19106, 0
19107, 0
19108, 0
19110, 0
19111, 0
19112, 0
19113, 0
19114, 0
19116, 0
19117, 0
19118, 0
19119, 0
19121, 0
19122, 0
19123, 0
19124, 0
19125, 0
19127, 0
19128, 0
19129, 0
19130, 0
19131, 0
19133, 0
19134, 0
19135, 0
19136, 0
19138, 0
19139, 0
19140, 0
19141, 0
19142, 0
19144, 0
19145, 0
19146, 0
19147, 0
19149, 0
19150, 0
19151, 0
19152, 0
19153, 0
19155, 0
19156, 0
19157, 0
19158, 0
19160, 0
19161, 0
19162, 0
19163, 0
19164, 0
19166, 0
19167, 0
19168, 0
19169, 0
19171, 0
19172, 0
19173, 0
19174, 0
19175, 0
19177, 0
19178, 0
19179, 0
19180, 0
19182, 0
19183, 0
19184, 0
19185, 0
19186, 0
19188, 0
19189, 0
19190, 0
19191, 0
19193, 0
19194, 0
19195, 0
19196, 0
19197, 0
19199, 0
19200, 0
19201, 0
19202, 0
19203, 0
19205, 0
19206, 0
19207, 0
19208, 0
19210, 0
19211, 0
19212, 0
19213, 0
19214, 0
19216, 0
19217, 0
19218, 0
19219, 0
19221, 0
19222, 0
19223, 0
19224, 0
19225, 0
19227, 0
19228, 0
19229, 0
19230, 0
19232, 0
19233, 0
19234, 0
19235, 0
19236, 0
19238, 0
19239, 0
19240, 0
19241, 0
19243, 0
19244, 0
19245, 0
19246, 0
19247, 0
19249, 0
19250, 0
19251, 0
19252, 0
19253, 0
19255, 0
19256, 0
19257, 0
19258, 0
19260, 0
19261, 0
19262, 0
19263, 0
19264, 0
19266, 0
19267, 0
19268, 0
19269, 0
19271, 0
19272, 0
19273, 0
19274, 0
19275, 0
19277, 0
19278, 0
19279, 0
19280, 0
19282, 0
19283, 0
19284, 0
19285, 0
19286, 0
19288, 0
19289, 0
19290, 0
19291, 0
19293, 0
19294, 0
19295, 0
19296, 0
19297, 0
19299, 0
19300, 0
19301, 0
19302, 0
19303, 0
19305, 0
19306, 0
19307, 0
19308, 0
19310, 0
19311, 0
19312, 0
19313, 0
19314, 0
19316, 0
19317, 0
19318, 0
19319, 0
19321, 0
19322, 0
19323, 0
19324, 0
19325, 0
19327, 0
19328, 0
19329, 0
19330, 0
19332, 0
19333, 0
19334, 0
19335, 0
19336, 0
19338, 0
19339, 0
19340, 0
19341, 0
19343, 0
19344, 0
19345, 0
19346, 0
19347, 0
19349, 0
19350, 0
19351, 0
19352, 0
19354, 0
19355, 0
19356, 0
19357, 0
19358, 0
19360, 0
19361, 0
19362, 0
19363, 0
19365, 0
19366, 0
19367, 0
19368, 0
19369, 0
19371, 0
19372, 0
19373, 0
19374, 0
19375, 0
19377, 0
19378, 0
19379, 0
19380, 0
19382, 0
19383, 0
19384, 0
19385, 0
19386, 0
19388, 0
19389, 0
19390, 0
19391, 0
19393, 0
19394, 0
19395, 0
19396, 0
19397, 0
19399, 0
19400, 0
19401, 0
19402, 0
19404, 0
19405, 0
19406, 0
19407, 0
19408, 0
19410, 0
19411, 0
19412, 0
19413, 0
19415, 0
19416, 0
19417, 0
19418, 0
19419, 0
19421, 0
19422, 0
19423, 0
19424, 0
19426, 0
19427, 0
19428, 0
19429, 0
19430, 0
19432, 0
19433, 0
19434, 0
19435, 0
19436, 0
19438, 0
19439, 0
19440, 0
19441, 0
19443, 0
19444, 0
19445, 0
19446, 0
19447, 0
19449, 0
19450, 0
19451, 0
19452, 0
19454, 0
19455, 0
19456, 0
19457, 0
19458, 0
19460, 0
19461, 0
19462, 0
19463, 0
19465, 0
19466, 0
19467, 0
19468, 0
19469, 0
19471, 0
19472, 0
19473, 0
19474, 0
19476, 0
19477, 0
19478, 0
19479, 0
19480, 0
19482, 0
19483, 0
19484, 0
19485, 0
19487, 0
19488, 0
19489, 0
19490, 0
19491, 0
19493, 0
19494, 0
19495, 0
19496, 0
19497, 0
19499, 0
19500, 0
19501, 0
19502, 0
19504, 0
19505, 0
19506, 0
19507, 0
19508, 0
19510, 0
19511, 0
19512, 0
19513, 0
19515, 0
19516, 0
19517, 0
19518, 0
19519, 0
19521, 0
19522, 0
19523, 0
19524, 0
19526, 0
19527, 0
19528, 0
19529, 0
19530, 0
19532, 0
19533, 0
19534, 0
19535, 0
19537, 0
19538, 0
19539, 0
19540, 0
19541, 0
19543, 0
19544, 0
19545, 0
19546, 0
19548, 0
19549, 0
19550, 0
19551, 0
19552, 0
19554, 0
19555, 0
19556, 0
19557, 0
19558, 0
19560, 0
19561, 0
19562, 0
19563, 0
19565, 0
19566, 0
19567, 0
19568, 0
19569, 0
19571, 0
19572, 0
19573, 0
19574, 0
19576, 0
19577, 0
19578, 0
19579, 0
19580, 0
19582, 0
19583, 0
19584, 0
19585, 0
19587, 0
19588, 0
19589, 0
19590, 0
19591, 0
19593, 0
19594, 0
19595, 0
19596, 0
19598, 0
19599, 0
19600, 0
19601, 0
19602, 0
19604, 0
19605, 0
19606, 0
19607, 0
19609, 0
19610, 0
19611, 0
19612, 0
19613, 0
19615, 0
19616, 0
19617, 0
19618, 0
19620, 0
19621, 0
19622, 0
19623, 0
19624, 0
19626, 0
19627, 0
19628, 0
19629, 0
19630, 0
19632, 0
19633, 0
19634, 0
19635, 0
19637, 0
19638, 0
19639, 0
19640, 0
19641, 0
19643, 0
19644, 0
19645, 0
19646, 0
19648, 0
19649, 0
19650, 0
19651, 0
19652, 0
19654, 0
19655, 0
19656, 0
19657, 0
19659, 0
19660, 0
19661, 0
19662, 0
19663, 0
19665, 0
19666, 0
19667, 0
19668, 0
19670, 0
19671, 0
19672, 0
19673, 0
19674, 0
19676, 0
19677, 0
19678, 0
19679, 0
19680, 0
19682, 0
19683, 0
19684, 0
19685, 0
19687, 0
19688, 0
19689, 0
19690, 0
19691, 0
19693, 0
19694, 0
19695, 0
19696, 0
19698, 0
19699, 0
19700, 0
19701, 0
19702, 0
19704, 0
19705, 0
19706, 0
19707, 0
19709, 0
19710, 0
19711, 0
19712, 0
19713, 0
19715, 0
19716, 0
19717, 0
19718, 0
19720, 0
19721, 0
19722, 0
19723, 0
19724, 0
19726, 0
19727, 0
19728, 0
19729, 0
19731, 0
19732, 0
19733, 0
19734, 0
19735, 0
19737, 0
19738, 0
19739, 0
19740, 0
19741, 0
19743, 0
19744, 0
19745, 0
19746, 0
19748, 0
19749, 0
19750, 0
19751, 0
19752, 0
19754, 0
19755, 0
19756, 0
19757, 0
19759, 0
19760, 0
19761, 0
19762, 0
19763, 0
19765, 0
19766, 0
19767, 0
19768, 0
19770, 0
19771, 0
19772, 0
19773, 0
19774, 0
19776, 0
19777, 0
19778, 0
19779, 0
19781, 0
19782, 0
19783, 0
19784, 0
19785, 0
19787, 0
19788, 0
19789, 0
19790, 0
19792, 0
19793, 0
19794, 0
19795, 0
19796, 0
19798, 0
19799, 0
19800, 0
19801, 0
19802, 0
19804, 0
19805, 0
19806, 0
19807, 0
19809, 0
19810, 0
19811, 0
19812, 0
19813, 0
19815, 0
19816, 0
19817, 0
19818, 0
19820, 0
19821, 0
19822, 0
19823, 0
19824, 0
19826, 0
19827, 0
19828, 0
19829, 0
19831, 0
19832, 0
19833, 0
19834, 0
19835, 0
19837, 0
19838, 0
19839, 0
19840, 0
19842, 0
19843, 0
19844, 0
19845, 0
19846, 0
19848, 0
19849, 0
19850, 0
19851, 0
19853, 0
19854, 0
19855, 0
19856, 0
19857, 0
19859, 0
19860, 0
19861, 0
19862, 0
19863, 0
19865, 0
19866, 0
19867, 0
19868, 0
19870, 0
19871, 0
19872, 0
19873, 0
19874, 0
19876, 0
19877, 0
19878, 0
19879, 0
19881, 0
19882, 0
19883, 0
19884, 0
19885, 0
19887, 0
19888, 0
19889, 0
19890, 0
19892, 0
19893, 0
19894, 0
19895, 0
19896, 0
19898, 0
19899, 0
19900, 0
19901, 0
19903, 0
19904, 0
19905, 0
19906, 0
19907, 0
19909, 0
19910, 0
19911, 0
19912, 0
19914, 0
19915, 0
19916, 0
19917, 0
19918, 0
19920, 0
19921, 0
19922, 0
19923, 0
19924, 0
19926, 0
19927, 0
19928, 0
19929, 0
19931, 0
19932, 0
19933, 0
19934, 0
19935, 0
19937, 0
19938, 0
19939, 0
19940, 0
19942, 0
19943, 0
19944, 0
19945, 0
19946, 0
19948, 0
19949, 0
19950, 0
19951, 0
19953, 0
19954, 0
19955, 0
19956, 0
19957, 0
19959, 0
19960, 0
19961, 0
19962, 0
19964, 0
19965, 0
19966, 0
19967, 0
19968, 0
19970, 0
19971, 0
19972, 0
19973, 0
19975, 0
19976, 0
19977, 0
19978, 0
19979, 0
19981, 0
19982, 0
19983, 0
19984, 0
19985, 0
19987, 0
19988, 0
19989, 0
19990, 0
19992, 0
19993, 0
19994, 0
19995, 0
19996, 0
19998, 0
19999, 0
20000, 0
20001, 0
20003, 0
20004, 0
20005, 0
20006, 0
20007, 0
20009, 0
20010, 0
20011, 0
20012, 0
20014, 0
20015, 0
20016, 0
20017, 0
20018, 0
20020, 0
20021, 0
20022, 0
20023, 0
20025, 0
20026, 0
20027, 0
20028, 0
20029, 0
20031, 0
20032, 0
20033, 0
20034, 0
20036, 0
20037, 0
20038, 0
20039, 0
20040, 0
20042, 0
20043, 0
20044, 0
20045, 0
20046, 0
20048, 0
20049, 0
20050, 0
20051, 0
20053, 0
20054, 0
20055, 0
20056, 0
20057, 0
20059, 0
20060, 0
20061, 0
20062, 0
20064, 0
20065, 0
20066, 0
20067, 0
20068, 0
20070, 0
20071, 0
20072, 0
20073, 0
20075, 0
20076, 0
20077, 0
20078, 0
20079, 0
20081, 0
20082, 0
20083, 0
20084, 0
20086, 0
20087, 0
20088, 0
20089, 0
20090, 0
20092, 0
20093, 0
20094, 0
20095, 0
20097, 0
20102, -4
20103, -3
20104, -5
20105, -3
20106, 0
20110, -3
20111, -1
20117, -8
20118, -5
20119, -2
20120, 0
20266, -144
20516, -786
20517, -392
20518, -782
20519, -779
20520, -777
20521, -774
20522, -771
20523, -768
20524, -765
20525, -763
20526, -760
20527, -757
20528, -754
20529, -751
20530, -374
20572, -830
20573, -827
20574, -824
20575, -411
20576, -820
20577, -817
20578, -815
20579, -812
20580, -809
20581, -806
20582, -803
20583, -801
20584, -798
20585, -795
20586, -792
20587, -395
20588, -788
20589, -785
20590, -782
20591, -390
20632, -430
20633, -859
20634, -856
20635, -853
20636, -851
20637, -848
20638, -845
20639, -842
20640, -420
20641, -838
20642, -835
20643, -832
20644, -830
20645, -827
20646, -824
20647, -821
20648, -818
20649, -815
20650, -813
20651, -405
20697, -450
20698, -899
20699, -448
20700, -895
20701, -447
20702, -892
20703, -889
20704, -886
20705, -884
20706, -881
20707, -439
20738, -937
20739, -935
20740, -466
20741, -931
20742, -928
20743, -925
20744, -922
20745, -919
20746, -917
20747, -914
20748, -911
20749, -908
20750, -905
20751, -903
20752, -450
20753, -449
20762, -914
20763, -912
20764, -909
20765, -906
20766, -903
20767, -450
20768, -899
20769, -896
20770, -894
20771, -891
20772, -888
20778, -448
20779, -895
20780, -446
20781, -891
20782, -888
20783, -885
20784, -883
20785, -880
20786, -877
20787, -874
20788, -872
20789, -869
20790, -866
20791, -432
20792, -862
20793, -430
20798, -434
20799, -866
20800, -863
20801, -861
20802, -858
20803, -855
20804, -852
20805, -850
20806, -423
20807, -845
20808, -843
20809, -840
20810, -837
20811, -834
20812, -832
20813, -414
20817, -834
20818, -831
20819, -829
20820, -826
20821, -823
20822, -410
20823, -819
20824, -816
20825, -813
20826, -810
20827, -808
20828, -805
20829, -802
20830, -799
20831, -796
20832, -794
20833, -395
20838, -798
20839, -795
20840, -792
20841, -790
20842, -787
20843, -784
20844, -391
20845, -780
20846, -777
20847, -774
20848, -771
20849, -769
20850, -766
20851, -763
20852, -760
20853, -757
20857, -381
20858, -760
20859, -757
20860, -754
20861, -751
20862, -749
20863, -746
20864, -743
20865, -370
20866, -739
20867, -736
20868, -733
20869, -731
20870, -728
20871, -725
20872, -722
20873, -719
20879, -727
20880, -362
20881, -722
20882, -720
20883, -717
20884, -714
20885, -712
20886, -709
20887, -706
20888, -703
20889, -700
20890, -697
20891, -347
20892, -693
20893, -691
20897, -348
20898, -694
20899, -691
20900, -344
20901, -687
20902, -684
20903, -681
20904, -679
20905, -676
20906, -673
20907, -670
20908, -668
20909, -665
20910, -331
20911, -660
20912, -658
20913, -655
20914, -326
20919, -331
20920, -330
20921, -659
20922, -656
20923, -653
20924, -650
20925, -647
20926, -645
20927, -642
20928, -639
20929, -636
20930, -633
20931, -631
20932, -314
20933, -626
20934, -312
20936, -314
20937, -313
20938, -624
20939, -622
20940, -619
20941, -616
20942, -613
20943, -611
20944, -304
20945, -606
20946, -604
20947, -601
20948, -598
20949, -596
20950, -593
20951, -590
20952, -294
20953, -586
20954, -292
20959, -296
20960, -591
20961, -588
20962, -585
20963, -582
20964, -290
20965, -578
20966, -575
20967, -573
20968, -570
20969, -567
20970, -564
20971, -561
20972, -559
20973, -556
20974, -277
20978, -280
20979, -558
20980, -278
20981, -554
20982, -551
20983, -548
20984, -546
20985, -543
20986, -540
20987, -537
20988, -534
20989, -532
20990, -529
20991, -263
20992, -525
20993, -522
20994, -519
21002, -266
21003, -266
21004, -265
21005, -265
21006, -529
21007, -526
21008, -524
21009, -260
21010, -519
21011, -517
21012, -514
21013, -511
21014, -508
21015, -505
21016, -251
21021, -255
21022, -509
21023, -254
21024, -506
21025, -252
21026, -503
21027, -500
21028, -498
21029, -248
21030, -493
21031, -491
21034, -492
21035, -489
21036, -486
21037, -484
21038, -481
21039, -478
21040, -475
21041, -236
21042, -471
21043, -468
21044, -466
21045, -463
21046, -460
21051, -465
21052, -231
21053, -461
21054, -459
21055, -456
21056, -453
21057, -450
21058, -448
21059, -445
21060, -221
21061, -441
21062, -438
21063, -435
21064, -433
21065, -430
21066, -427
21067, -212
21068, -423
21069, -420
21070, -418
21071, -415
21072, -412
21073, -409
21074, -407
21075, -404
21076, -201
21077, -400
21078, -397
21079, -394
21080, -391
21081, -388
21082, -386
21083, -383
21084, -380
21085, -189
21086, -376
21087, -187
21095, -194
21096, -387
21097, -384
21098, -191
21099, -380
21100, -378
21101, -375
21102, -372
21103, -185
21104, -368
21105, -365
21106, -363
21107, -180
21110, -182
21111, -363
21112, -360
21113, -357
21114, -355
21115, -352
21116, -349
21117, -346
21118, -343
21119, -340
21120, -169
21121, -336
21122, -333
21123, -331
21124, -328
21125, -325
21126, -323
21127, -160
21132, -164
21133, -327
21134, -162
21135, -323
21136, -320
21137, -317
21138, -315
21139, -312
21140, -309
21141, -306
21142, -152
21143, -302
21144, -299
21145, -297
21146, -294
21147, -291
21152, -296
21153, -293
21154, -290
21155, -288
21156, -285
21157, -282
21158, -279
21159, -277
21160, -137
21161, -273
21162, -270
21163, -267
21164, -132
21165, -263
21166, -260
21167, -258
21171, -261
21172, -258
21173, -255
21174, -126
21175, -251
21176, -249
21177, -246
21178, -243
21179, -240
21180, -238
21181, -235
21182, -232
21183, -229
21184, -113
21185, -225
21186, -222
21187, -220
21193, -227
21194, -224
21195, -222
21196, -110
21197, -217
21198, -215
21199, -212
21200, -209
21201, -206
21202, -204
21203, -201
21204, -198
21205, -195
21206, -96
21207, -191
21208, -94
21210, -96
21211, -190
21212, -187
21213, -184
21214, -181
21215, -179
21216, -88
21217, -175
21218, -172
21219, -169
21220, -167
21221, -164
21222, -81
21223, -160
21224, -157
21225, -154
21226, -151
21227, -148
21228, -73
21234, -155
21235, -76
21236, -152
21237, -149
21238, -146
21239, -143
21240, -140
21241, -138
21242, -135
21243, -132
21244, -129
21245, -126
21246, -62
21247, -122
21248, -119
21253, -125
21254, -61
21255, -121
21256, -119
21257, -116
21258, -113
21259, -110
21260, -108
21261, -105
21262, -51
21263, -101
21264, -98
21265, -95
21266, -92
21267, -89
21268, -87
21272, -90
21273, -44
21274, -86
21275, -83
21276, -80
21277, -78
21278, -75
21279, -72
21280, -69
21281, -66
21282, -64
21283, -61
21284, -29
21285, -57
21286, -54
21287, -51
21288, -48
21293, -28
21294, -54
21295, -26
21296, -50
21297, -47
21298, -44
21299, -41
21300, -38
21301, -36
21302, -33
21303, -30
21304, -27
21305, -12
21306, -23
21307, -20
21308, -17
21311, -10
21312, -18
21313, -16
21314, -13
21315, -10
21316, -4
21317, -6
21318, -3
21319, 0
21320, 0
21322, 0
21323, 0
21324, 0
21325, 0
21326, 0
21328, 0
21329, 0
21330, 0
21331, 0
21332, 0
21334, 0
21335, 0
21336, 0
21337, 0
21338, 0
21340, 0
21341, 0
21342, 0
21343, 0
21345, 0
21346, 0
21347, 0
21348, 0
21349, 0
21351, 0
21352, 0
21353, 0
21354, 0
21356, 0
21357, 0
21358, 0
21359, 0
21360, 0
21362, 0
21363, 0
21364, 0
21365, 0
21367, 0
21368, 0
21369, 0
21370, 0
21371, 0
21373, 0
21374, 0
21375, 0
21376, 0
21378, 0
21379, 0
21380, 0
21381, 0
21382, 0
21384, 0
21385, 0
21387, 0
21388, 0
21390, 0
21391, 0
21392, 0
21393, 0
21395, 0
21396, 0
21397, 0
21398, 0
21399, 0
21401, 0
21402, 0
21403, 0
21404, 0
21406, 0
21407, 0
21408, 0
21409, 0
21410, 0
21412, 0
21413, 0
21414, 0
21415, 0
21417, 0
21418, 0
21419, 0
21420, 0
21421, 0
21423, 0
21424, 0
21425, 0
21426, 0
21428, 0
21429, 0
21430, 0
21431, 0
21432, 0
21434, 0
21435, 0
21436, 0
21437, 0
21439, 0
21440, 0
21441, 0
21442, 0
21443, 0
21445, 0
21446, 0
21447, 0
21448, 0
21449, 0
21451, 0
21452, 0
21453, 0
21454, 0
21456, 0
21457, 0
21458, 0
21459, 0
21460, 0
21462, 0
21463, 0
21464, 0
21465, 0
21467, 0
21468, 0
21469, 0
21470, 0
21471, 0
21473, 0
21474, 0
21475, 0
21476, 0
21478, 0
21479, 0
21480, 0
21481, 0
21482, 0
21484, 0
21485, 0
21486, 0
21487, 0
21489, 0
21490, 0
21491, 0
21492, 0
21493, 0
21495, 0
21496, 0
21497, 0
21498, 0
21500, 0
21501, 0
21502, 0
21503, 0
21504, 0
21506, 0
21507, 0
21508, 0
21509, 0
21511, 0
21512, 0
21513, 0
21514, 0
21515, 0
21517, 0
21518, 0
21519, 0
21520, 0
21521, 0
21523, 0
21524, 0
21525, 0
21526, 0
21528, 0
21529, 0
21530, 0
21531, 0
21532, 0
21534, 0
21535, 0
21536, 0
21537, 0
21539, 0
21540, 0
21541, 0
21542, 0
21543, 0
21545, 0
21546, 0
21547, 0
21548, 0
21550, 0
21551, 0
21552, 0
21553, 0
21554, 0
21556, 0
21557, 0
21558, 0
21559, 0
21561, 0
21562, 0
21563, 0
21564, 0
21565, 0
21567, 0
21568, 0
21569, 0
21570, 0
21571, 0
21573, 0
21574, 0
21575, 0
21576, 0
21578, 0
21579, 0
21580, 0
21581, 0
21582, 0
21584, 0
21585, 0
21586, 0
21587, 0
21589, 0
21590, 0
21591, 0
21592, 0
21593, 0
21595, 0
21596, 0
21597, 0
21598, 0
21600, 0
21601, 0
21602, 0
21603, 0
21604, 0
21606, 0
21607, 0
21608, 0
21609, 0
21611, 0
21612, 0
21613, 0
21614, 0
21615, 0
21617, 0
21618, 0
21619, 0
21620, 0
21622, 0
21623, 0
21624, 0
21625, 0
21626, 0
21628, 0
21629, 0
21630, 0
21631, 0
21632, 0
21634, 0
21635, 0
21636, 0
21637, 0
21639, 0
21640, 0
21641, 0
21642, 0
21643, 0
21645, 0
21646, 0
21647, 0
21648, 0
21650, 0
21651, 0
21652, 0
21653, 0
21654, 0
21656, 0
21657, 0
21658, 0
21659, 0
21661, 0
21662, 0
21663, 0
21664, 0
21665, 0
21667, 0
21668, 0
21669, 0
21670, 0
21672, 0
21673, 0
21674, 0
21675, 0
21676, 0
21678, 0
21679, 0
21680, 0
21681, 0
21683, 0
21684, 0
21685, 0
21686, 0
21687, 0
21689, 0
21690, 0
21691, 0
21692, 0
21693, 0
21695, 0
21696, 0
21697, 0
21698, 0
21700, 0
21701, 0
21702, 0
21703, 0
21704, 0
21706, 0
21707, 0
21708, 0
21709, 0
21711, 0
21712, 0
21713, 0
21714, 0
21715, 0
21717, 0
21718, 0
21719, 0
21720, 0
21722, 0
21723, 0
21724, 0
21725, 0
21726, 0
21728, 0
21729, 0
21730, 0
21731, 0
21733, 0
21734, 0
21735, 0
21736, 0
21737, 0
21739, 0
21740, 0
21741, 0
21742, 0
21744, 0
21745, 0
21746, 0
21747, 0
21748, 0
21750, 0
21751, 0
21752, 0
21753, 0
21755, 0
21756, 0
21757, 0
21758, 0
21759, 0
21761, 0
21762, 0
21763, 0
21764, 0
21766, 0
21767, 0
21768, 0
21769, 0
21770, 0
21772, 0
21773, 0
21774, 0
21775, 0
21776, 0
21778, 0
21779, 0
21780, 0
21781, 0
21783, 0
21784, 0
21785, 0
21786, 0
21788, 0
21789, 0
21791, -1
21792, 0
21794, 0
21795, 0
21796, 0
21797, 0
21800, -2
21801, 0
21802, 0
21803, 0
21806, -1
21807, -1
21808, 0
21809, 0
21811, 0
21814, -2
21815, -2
21816, 0
21817, 0
21818, 0
21819, 0
21820, 0
21824, -2
21825, -2
21826, -2
21827, 0
21828, 0
21829, 0
21830, 0
21831, 0
21833, 0
21838, -6
21839, -3
21840, -1
21841, 0
21842, 0
21844, 0
21845, 0
21846, 0
21847, 0
21848, 0
21854, -4
21855, -4
21856, -6
21857, -3
21858, 0
21859, 0
21861, 0
21862, 0
21863, 0
21864, 0
21866, 0
21867, 0
21868, 0
21869, 0
21876, -6
21877, -5
21878, -8
21879, -5
21880, -3
21881, 0
21883, 0
21884, 0
21885, 0
21886, 0
21887, 0
21889, 0
21890, 0
21891, 0
21892, 0
21894, 0
21895, 0
21904, -8
21905, -14
21906, -11
21907, -4
21908, -7
21909, -4
21910, -2
21911, 0
21912, 0
21913, 0
21914, 0
21916, 0
21917, 0
21918, 0
21919, 0
21920, 0
21922, 0
21923, 0
21924, 0
21925, 0
21927, 0
21928, 0
21929, 0
21941, -20
21942, -17
21943, -14
21945, -7
21946, -13
21947, -10
21948, -7
21949, -5
21950, -1
21951, 0
21952, 0
21953, 0
21955, 0
21956, 0
21957, 0
21958, 0
21959, 0
21961, 0
21962, 0
21963, 0
21964, 0
21966, 0
21967, 0
21968, 0
21969, 0
21970, 0
21972, 0
21973, 0
21985, -20
21986, -17
21987, -15
21988, -6
21989, -11
21990, -8
21991, -5
21992, -3
21993, 0
21994, 0
21995, 0
21996, 0
21997, 0
21998, 0
22000, 0
22001, 0
22002, 0
22003, 0
22005, 0
22006, 0
22007, 0
22008, 0
22010, 0
22011, 0
22012, 0
22013, 0
22014, 0
22016, 0
22017, 0
22035, -32
22036, -30
22037, -14
22038, -26
22039, -23
22040, -20
22041, -18
22042, -15
22043, -6
22044, -11
22047, -7
22048, -6
22049, -11
22050, -9
22051, -6
22052, -3
22053, 0
22054, 0
22055, 0
22056, 0
22057, 0
22058, 0
22059, 0
22061, 0
22062, 0
22063, 0
22064, 0
22066, 0
22067, 0
22068, 0
22069, 0
22070, 0
22072, 0
22073, 0
22074, 0
22075, 0
22081, -4
22082, -7
22083, -4
22084, -1
22085, -1
22481, -787
22482, -785
22483, -782
22484, -779
22485, -776
22486, -387
22487, -772
22488, -769
22489, -767
22490, -764
22491, -761
22492, -758
22493, -755
22494, -753
22495, -750
22496, -747
22497, -744
22498, -741
22499, -738
22500, -368
22542, -816
22543, -814
22544, -811
22545, -808
22546, -805
22547, -802
22548, -800
22549, -797
22550, -794
22551, -791
22552, -788
22553, -786
22554, -391
22555, -781
22556, -779
22557, -776
22558, -773
22559, -770
22560, -767
22596, -418
22597, -418
22598, -834
22599, -416
22600, -830
22601, -827
22602, -824
22603, -822
22604, -819
22605, -816
22606, -813
22607, -810
22608, -808
22609, -403
22610, -803
22611, -400
22614, -403
22615, -804
22616, -802
22617, -799
22618, -796
22619, -397
22620, -792
22621, -789
22622, -786
22623, -784
22624, -781
22625, -778
22626, -775
22627, -772
22628, -770
22629, -384
22630, -765
22631, -381
22636, -771
22637, -384
22638, -767
22639, -764
22640, -761
22641, -759
22642, -756
22643, -753
22644, -750
22645, -747
22646, -745
22647, -742
22648, -370
22649, -738
22650, -735
22651, -732
22652, -365
22653, -365
22654, -728
22655, -726
22656, -723
22657, -720
22658, -717
22659, -714
22660, -712
22661, -709
22662, -353
22663, -705
22664, -702
22665, -699
22666, -696
22667, -693
22668, -690
22669, -688
22670, -685
22671, -682
22678, -691
22679, -688
22680, -685
22681, -683
22682, -680
22683, -677
22684, -337
22685, -673
22686, -670
22687, -667
22688, -664
22689, -662
22690, -659
22691, -656
22697, -663
22698, -330
22699, -660
22700, -657
22701, -654
22702, -651
22703, -649
22704, -646
22705, -643
22706, -640
22707, -319
22708, -636
22709, -633
22710, -630
22711, -627
22712, -312
22715, -628
22716, -626
22717, -623
22718, -620
22719, -617
22720, -307
22721, -613
22722, -610
22723, -608
22724, -605
22725, -602
22726, -599
22727, -597
22728, -594
22729, -591
22730, -588
22731, -585
22733, -584
22734, -291
22735, -580
22736, -578
22737, -575
22738, -572
22739, -569
22740, -566
22741, -564
22742, -561
22743, -558
22744, -278
22745, -554
22746, -551
22747, -548
22748, -546
22749, -543
22750, -540
22751, -537
22752, -267
22759, -273
22760, -545
22761, -542
22762, -539
22763, -537
22764, -534
22765, -531
22766, -528
22767, -525
22768, -523
22769, -260
22770, -518
22771, -516
22772, -256
22778, -262
22779, -522
22780, -519
22781, -517
22782, -514
22783, -511
22784, -254
22785, -507
22786, -504
22787, -501
22788, -499
22789, -496
22790, -493
22791, -490
22792, -244
22797, -494
22798, -492
22799, -489
22800, -243
22801, -485
22802, -482
22803, -480
22804, -477
22805, -474
22806, -471
22807, -468
22808, -466
22809, -463
22810, -460
22811, -457
22812, -227
22817, -462
22818, -230
22819, -458
22820, -455
22821, -453
22822, -450
22823, -447
22824, -444
22825, -441
22826, -439
22827, -218
22828, -434
22829, -432
22830, -429
22831, -426
22832, -423
22837, -215
22838, -428
22839, -425
22840, -422
22841, -420
22842, -417
22843, -207
22844, -413
22845, -410
22846, -407
22847, -404
22848, -402
22849, -399
22850, -396
22851, -393
22852, -390
22857, -198
22858, -395
22859, -196
22860, -391
22861, -388
22862, -385
22863, -383
22864, -380
22865, -377
22866, -374
22867, -371
22868, -369
22869, -366
22870, -363
22871, -360
22872, -179
22873, -178
22878, -183
22879, -182
22880, -182
22881, -363
22882, -180
22883, -359
22884, -356
22885, -354
22886, -351
22887, -348
22888, -345
22889, -342
22890, -340
22891, -169
22892, -168
22894, -338
22895, -168
22896, -334
22897, -331
22898, -328
22899, -325
22900, -322
22901, -320
22902, -317
22903, -314
22904, -311
22905, -309
22906, -306
22907, -152
22908, -302
22909, -299
22910, -296
22911, -293
22912, -290
22913, -288
22914, -285
22915, -282
22916, -279
22917, -276
22918, -274
22919, -271
22920, -134
22921, -267
22922, -132
22929, -138
22930, -275
22931, -137
22932, -272
22933, -269
22934, -266
22935, -263
22936, -260
22937, -258
22938, -255
22939, -252
22940, -249
22941, -123
22942, -123
22943, -245
22944, -243
22945, -240
22946, -119
22947, -236
22948, -233
22949, -230
22950, -227
22951, -224
22952, -222
22953, -219
22954, -216
22955, -213
22956, -210
22957, -208
22958, -103
22959, -203
22960, -201
22961, -198
22962, -98
22969, -207
22970, -204
22971, -201
22972, -99
22973, -197
22974, -195
22975, -192
22976, -189
22977, -186
22978, -183
22979, -181
22980, -178
22981, -175
22982, -172
22983, -169
22984, -83
22985, -165
22986, -162
22987, -160
22988, -157
22989, -154
22990, -151
22991, -148
22992, -146
22993, -143
22998, -148
22999, -145
23000, -142
23001, -139
23002, -137
23003, -67
23004, -132
23005, -130
23006, -127
23007, -124
23008, -121
23009, -119
23010, -116
23011, -113
23012, -110
23013, -54
23014, -53
23020, -58
23021, -115
23022, -113
23023, -110
23024, -107
23025, -104
23026, -101
23027, -99
23028, -96
23029, -93
23030, -45
23031, -89
23032, -86
23033, -83
23034, -40
23038, -44
23039, -43
23040, -85
23041, -82
23042, -79
23043, -76
23044, -74
23045, -71
23046, -68
23047, -65
23048, -62
23049, -60
23050, -57
23051, -54
23052, -51
23053, -48
23059, -28
23060, -55
23061, -52
23062, -25
23063, -48
23064, -45
23065, -42
23066, -40
23067, -37
23068, -34
23069, -31
23070, -28
23071, -26
23072, -23
23073, -10
23074, -9
23079, -27
23080, -12
23081, -23
23082, -21
23083, -18
23084, -8
23085, -14
23086, -11
23087, -8
23088, -5
23089, -3
23090, 0
23092, 0
23093, 0
23094, 0
23095, 0
23097, 0
23098, 0
23099, 0
23100, 0
23101, 0
23103, 0
23104, 0
23105, 0
23106, 0
23107, 0
23109, 0
23110, 0
23111, 0
23112, 0
23114, 0
23115, 0
23116, 0
23117, 0
23118, 0
23120, 0
23121, 0
23122, 0
23123, 0
23125, 0
23126, 0
23127, 0
23128, 0
23129, 0
23131, 0
23132, 0
23133, 0
23134, 0
23136, 0
23137, 0
23138, 0
23139, 0
23140, 0
23142, 0
23143, 0
23144, 0
23145, 0
23147, 0
23148, 0
23149, 0
23150, 0
23151, 0
23153, 0
23154, 0
23155, 0
23156, 0
23158, 0
23159, 0
23160, 0
23161, 0
23162, 0
23164, 0
23165, 0
23166, 0
23167, 0
23168, 0
23170, 0
23171, 0
23172, 0
23173, 0
23175, 0
23176, 0
23177, 0
23178, 0
23179, 0
23181, 0
23182, 0
23183, 0
23184, 0
23186, 0
23187, 0
23188, 0
23189, 0
23190, 0
23192, 0
23193, 0
23194, 0
23195, 0
23197, 0
23198, 0
23199, 0
23200, 0
23201, 0
23203, 0
23204, 0
23205, 0
23206, 0
23208, 0
23209, 0
23210, 0
23211, 0
23212, 0
23214, 0
23215, 0
23216, 0
23217, 0
23218, 0
23220, 0
23221, 0
23222, 0
23223, 0
23225, 0
23226, 0
23227, 0
23228, 0
23229, 0
23231, 0
23232, 0
23233, 0
23234, 0
23236, 0
23237, 0
23238, 0
23239, 0
23240, 0
23242, 0
23243, 0
23244, 0
23245, 0
23247, 0
23248, 0
23249, 0
23250, 0
23251, 0
23253, 0
23254, 0
23255, 0
23256, 0
23258, 0
23259, 0
23260, 0
23261, 0
23262, 0
23264, 0
23265, 0
23266, 0
23267, 0
23269, 0
23270, 0
23271, 0
23272, 0
23273, 0
23275, 0
23276, 0
23277, 0
23278, 0
23280, 0
23281, 0
23282, 0
23283, 0
23284, 0
23286, 0
23287, 0
23288, 0
23289, 0
23290, 0
23292, 0
23293, 0
23294, 0
23295, 0
23297, 0
23298, 0
23299, 0
23300, 0
23301, 0
23303, 0
23304, 0
23305, 0
23306, 0
23308, 0
23309, 0
23310, 0
23311, 0
23312, 0
23314, 0
23315, 0
23316, 0
23317, 0
23319, 0
23320, 0
23321, 0
23322, 0
23323, 0
23325, 0
23326, 0
23327, 0
23328, 0
23330, 0
23331, 0
23332, 0
23333, 0
23334, 0
23336, 0
23337, 0
23338, 0
23339, 0
23340, 0
23342, 0
23343, 0
23344, 0
23345, 0
23347, 0
23348, 0
23349, 0
23350, 0
23351, 0
23353, 0
23354, 0
23355, 0
23356, 0
23358, 0
23359, 0
23360, 0
23361, 0
23362, 0
23364, 0
23365, 0
23366, 0
23367, 0
23369, 0
23370, 0
23371, 0
23372, 0
23373, 0
23375, 0
23376, 0
23377, 0
23378, 0
23380, 0
23381, 0
23382, 0
23383, 0
23384, 0
23386, 0
23387, 0
23388, 0
23389, 0
23391, 0
23392, 0
23393, 0
23394, 0
23395, 0
23397, 0
23398, 0
23399, 0
23400, 0
23402, 0
23403, 0
23404, 0
23405, 0
23406, 0
23408, 0
23409, 0
23410, 0
23411, 0
23412, 0
23414, 0
23415, 0
23416, 0
23417, 0
23419, 0
23420, 0
23421, 0
23422, 0
23423, 0
23425, 0
23426, 0
23427, 0
23428, 0
23430, 0
23431, 0
23432, 0
23433, 0
23434, 0
23436, 0
23437, 0
23438, 0
23439, 0
23441, 0
23442, 0
23443, 0
23444, 0
23445, 0
23447, 0
23448, 0
23449, 0
23450, 0
23452, 0
23453, 0
23454, 0
23455, 0
23456, 0
23458, 0
23459, 0
23460, 0
23461, 0
23463, 0
23464, 0
23465, 0
23466, 0
23467, 0
23469, 0
23470, 0
23471, 0
23472, 0
23474, 0
23475, 0
23476, 0
23477, 0
23478, 0
23480, 0
23481, 0
23482, 0
23483, 0
23484, 0
23486, 0
23487, 0
23488, 0
23489, 0
23491, 0
23492, 0
23493, 0
23494, 0
23495, 0
23497, 0
23498, 0
23499, 0
23500, 0
23502, 0
23503, 0
23504, 0
23505, 0
23506, 0
23508, 0
23509, 0
23510, 0
23511, 0
23513, 0
23514, 0
23515, 0
23516, 0
23517, 0
23519, 0
23520, 0
23521, 0
23522, 0
23523, 0
23525, 0
23526, 0
23527, 0
23528, 0
23530, 0
23531, 0
23532, 0
23533, 0
23534, 0
23536, 0
23537, 0
23538, 0
23539, 0
23541, 0
23542, 0
23543, 0
23544, 0
23545, 0
23547, 0
23548, 0
23549, 0
23550, 0
23552, 0
23553, 0
23554, 0
23555, 0
23556, 0
23558, 0
23559, 0
23560, 0
23561, 0
23563, 0
23564, 0
23565, 0
23566, 0
23567, 0
23569, 0
23570, 0
23571, 0
23572, 0
23574, 0
23575, 0
23576, 0
23577, 0
23578, 0
23580, 0
23581, 0
23582, 0
23583, 0
23584, 0
23586, 0
23587, 0
23588, 0
23589, 0
23591, 0
23592, 0
23593, 0
23594, 0
23595, 0
23597, 0
23598, 0
23599, 0
23600, 0
23602, 0
23603, 0
23604, 0
23605, 0
23606, 0
23608, 0
23609, 0
23610, 0
23611, 0
23613, 0
23614, 0
23615, 0
23616, 0
23617, 0
23619, 0
23620, 0
23621, 0
23622, 0
23624, 0
23625, 0
23626, 0
23627, 0
23628, 0
23630, 0
23631, 0
23632, 0
23633, 0
23635, 0
23636, 0
23637, 0
23638, 0
23639, 0
23641, 0
23642, 0
23643, 0
23644, 0
23645, 0
23647, 0
23648, 0
23649, 0
23650, 0
23652, 0
23653, 0
23654, 0
23655, 0
23656, 0
23658, 0
23659, 0
23660, 0
23661, 0
23663, 0
23664, 0
23665, 0
23666, 0
23667, 0
23669, 0
23670, 0
23671, 0
23672, 0
23674, 0
23675, 0
23676, 0
23677, 0
23678, 0
23680, 0
23681, 0
23682, 0
23683, 0
23685, 0
23686, 0
23687, 0
23688, 0
23689, 0
23691, 0
23692, 0
23693, 0
23694, 0
23696, 0
23697, 0
23698, 0
23699, 0
23700, 0
23702, 0
23703, 0
23704, 0
23705, 0
23707, 0
23708, 0
23709, 0
23710, 0
23711, 0
23713, 0
23714, 0
23715, 0
23716, 0
23717, 0
23719, 0
23720, 0
23721, 0
23722, 0
23724, 0
23725, 0
23726, 0
23727, 0
23728, 0
23730, 0
23731, 0
23732, 0
23733, 0
23735, 0
23736, 0
23737, 0
23738, 0
23739, 0
23741, 0
23742, 0
23743, 0
23744, 0
23746, 0
23747, 0
23748, 0
23749, 0
23750, 0
23752, 0
23753, 0
23754, 0
23755, 0
23757, 0
23758, 0
23759, 0
23760, 0
23761, 0
23763, 0
23764, 0
23765, 0
23766, 0
23767, 0
23769, 0
23770, 0
23771, 0
23772, 0
23774, 0
23775, 0
23776, 0
23777, 0
23778, 0
23780, 0
23781, 0
23782, 0
23783, 0
23785, 0
23786, 0
23787, 0
23788, 0
23789, 0
23791, 0
23792, 0
23793, 0
23794, 0
23796, 0
23797, 0
23798, 0
23799, 0
23800, 0
23802, 0
23803, 0
23804, 0
23805, 0
23807, 0
23808, 0
23809, 0
23810, 0
23811, 0
23813, 0
23814, 0
23815, 0
23816, 0
23818, 0
23819, 0
23820, 0
23821, 0
23822, 0
23824, 0
23825, 0
23826, 0
23827, 0
23828, 0
23830, 0
23831, 0
23832, 0
23833, 0
23835, 0
23836, 0
23837, 0
23838, 0
23839, 0
23841, 0
23842, 0
23843, 0
23844, 0
23846, 0
23847, 0
23848, 0
23849, 0
23850, 0
23852, 0
23853, 0
23854, 0
23855, 0
23857, 0
23858, 0
23859, 0
23860, 0
23861, 0
23863, 0
23864, 0
23865, 0
23866, 0
23868, 0
23869, 0
23870, 0
23871, 0
23872, 0
23874, 0
23875, 0
23876, 0
23877, 0
23879, 0
23880, 0
23881, 0
23882, 0
23883, 0
23885, 0
23886, 0
23887, 0
23888, 0
23890, 0
23891, 0
23892, 0
23893, 0
23894, 0
23896, 0
23897, 0
23898, 0
23899, 0
23900, 0
23902, 0
23903, 0
23904, 0
23905, 0
23907, 0
23908, 0
23909, 0
23910, 0
23911, 0
23913, 0
23914, 0
23915, 0
23916, 0
23918, 0
23919, 0
23920, 0
23921, 0
23922, 0
23924, 0
23925, 0
23926, 0
23927, 0
23929, 0
23930, 0
23931, 0
23932, 0
23933, 0
23935, 0
23936, 0
23937, 0
23938, 0
23940, 0
23941, 0
23942, 0
23943, 0
23944, 0
23946, 0
23947, 0
23948, 0
23949, 0
23950, 0
23952, 0
23953, 0
23954, 0
23955, 0
23957, 0
23958, 0
23959, 0
23960, 0
23961, 0
23963, 0
23964, 0
23965, 0
23966, 0
23968, 0
23969, 0
23970, 0
23971, 0
23972, 0
23974, 0
23975, 0
23976, 0
23977, 0
23979, 0
23980, 0
23981, 0
23982, 0
23983, 0
23985, 0
23986, 0
23987, 0
23988, 0
23990, 0
23991, 0
23992, 0
23993, 0
23994, 0
23996, 0
23997, 0
23998, 0
23999, 0
24001, 0
24002, 0
24003, 0
24004, 0
24005, 0
24007, 0
24008, 0
24009, 0
24010, 0
24011, 0
24013, 0
24014, 0
24015, 0
24016, 0
24018, 0
24019, 0
24020, 0
24021, 0
24022, 0
24024, 0
24025, 0
24026, 0
24027, 0
24029, 0
24030, 0
24031, 0
24032, 0
24033, 0
24035, 0
24036, 0
24037, 0
24038, 0
24040, 0
24041, 0
24042, 0
24043, 0
24044, 0
24046, 0
24047, 0
24048, 0
24049, 0
24051, 0
24052, 0
24053, 0
24054, 0
24055, 0
24057, 0
24058, 0
24059, 0
24060, 0
24061, 0
24063, 0
24064, 0
24065, 0
24066, 0
24068, 0
24069, 0
24070, 0
24071, 0
24072, 0
24074, 0
24075, 0
24076, 0
24077, 0
24079, 0
24080, 0
24081, 0
24082, 0
24084, 0
24085, 0
24086, 0
24087, 0
24088, 0
24090, 0
24092, -1
24093, 0
24343, -248
24344, -495
24345, -492
24346, -489
24347, -487
24348, -242
24349, -482
24350, -480
24351, -477
24352, -474
24353, -471
24354, -469
24355, -466
24356, -463
24357, -460
24358, -229
24359, -456
24360, -453
24361, -451
24362, -448
24363, -445
24364, -443
24365, -220
24366, -438
24367, -436
24368, -433
24369, -430
24370, -427
24371, -424
24372, -422
24373, -419
24374, -416
24375, -207
24376, -412
24377, -409
24378, -406
24379, -404
24380, -401
24381, -398
24382, -395
24383, -196
24404, -217
24405, -432
24406, -215
24407, -428
24408, -425
24409, -423
24410, -420
24411, -417
24412, -207
24413, -413
24414, -410
24415, -407
24416, -404
24417, -402
24418, -399
24419, -396
24420, -393
24421, -390
24422, -388
24423, -385
24475, -484
24476, -481
24477, -478
24478, -475
24479, -236
24480, -471
24481, -468
24482, -466
24483, -463
24484, -460
24485, -457
24486, -454
24487, -452
24488, -449
24489, -446
24490, -443
24491, -440
24492, -219
24493, -436
24494, -433
24535, -256
24536, -511
24537, -254
24538, -507
24539, -504
24540, -501
24541, -498
24542, -495
24543, -493
24544, -490
24545, -487
24546, -484
24547, -482
24548, -479
24549, -238
24550, -474
24551, -472
24552, -469
24553, -466
24554, -463
24596, -542
24597, -540
24598, -537
24599, -534
24600, -531
24601, -528
24602, -525
24603, -523
24604, -520
24605, -259
24606, -516
24607, -513
24608, -510
24609, -507
24610, -504
24611, -502
24612, -499
24613, -496
24614, -493
24615, -245
24667, -297
24668, -296
24669, -591
24670, -588
24671, -585
24672, -582
24673, -580
24674, -577
24675, -574
24676, -286
24677, -570
24678, -567
24679, -565
24680, -562
24681, -559
24682, -556
24683, -553
24684, -551
24685, -548
24687, -547
24688, -272
24689, -543
24690, -540
24691, -537
24692, -535
24693, -532
24694, -529
24695, -263
24696, -525
24697, -522
24698, -519
24699, -517
24700, -514
24701, -511
24702, -508
24703, -506
24704, -252
24705, -501
24706, -249
24728, -541
24729, -269
24730, -537
24731, -534
24732, -531
24733, -528
24734, -526
24735, -523
24736, -520
24737, -517
24738, -515
24739, -512
24740, -255
24741, -508
24742, -505
24743, -502
24744, -499
24745, -496
24746, -247
24751, -251
24752, -501
24753, -498
24754, -495
24755, -492
24756, -490
24757, -244
24758, -485
24759, -483
24760, -480
24761, -477
24762, -474
24763, -471
24764, -469
24765, -466
24766, -232
24776, -240
24777, -480
24778, -477
24779, -237
24780, -473
24781, -471
24782, -468
24783, -465
24784, -462
24785, -459
24786, -457
24787, -454
24794, -463
24795, -460
24796, -229
24797, -456
24798, -453
24799, -451
24800, -448
24801, -445
24802, -442
24803, -439
24804, -437
24805, -434
24806, -216
24813, -222
24814, -442
24815, -439
24816, -436
24817, -433
24818, -431
24819, -428
24820, -213
24821, -424
24822, -421
24823, -418
24824, -416
24825, -413
24832, -422
24833, -419
24834, -416
24835, -413
24836, -205
24837, -409
24838, -406
24839, -404
24840, -401
24841, -398
24842, -395
24843, -392
24844, -389
24845, -387
24846, -192
24852, -197
24853, -392
24854, -390
24855, -387
24856, -384
24857, -191
24858, -381
24859, -378
24860, -375
24861, -373
24862, -370
24863, -367
24864, -364
24865, -181
24866, -180
24871, -363
24872, -365
24873, -363
24874, -180
24875, -358
24876, -356
24877, -353
24878, -350
24879, -347
24880, -344
24881, -342
24882, -339
24883, -336
24884, -333
24885, -330
24892, -339
24893, -336
24894, -334
24895, -166
24896, -330
24897, -327
24898, -324
24899, -321
24900, -318
24901, -316
24902, -313
24903, -310
24904, -307
24905, -304
24910, -155
24911, -309
24912, -306
24913, -303
24914, -150
24915, -299
24916, -297
24917, -294
24918, -291
24919, -288
24920, -285
24921, -283
24922, -280
24923, -277
24924, -274
24925, -271
24930, -139
24931, -138
24932, -275
24933, -272
24934, -269
24935, -267
24936, -264
24937, -261
24938, -258
24939, -255
24940, -253
24941, -250
24942, -124
24943, -246
24944, -243
24945, -240
24946, -119
24951, -245
24952, -242
24953, -239
24954, -237
24955, -117
24956, -232
24957, -230
24958, -227
24959, -224
24960, -221
24961, -219
24962, -216
24963, -213
24964, -210
24965, -104
24966, -103
24970, -212
24971, -209
24972, -207
24973, -204
24974, -101
24975, -200
24976, -197
24977, -194
24978, -191
24979, -189
24980, -186
24981, -183
24982, -180
24983, -177
24984, -175
24985, -86
24986, -85
24990, -176
24991, -174
24992, -171
24993, -168
24994, -165
24995, -81
24996, -161
24997, -158
24998, -156
24999, -153
25000, -150
25001, -147
25002, -144
25003, -141
25004, -139
25005, -136
25006, -67
25010, -70
25011, -138
25012, -68
25013, -134
25014, -132
25015, -129
25016, -126
25017, -123
25018, -120
25019, -118
25020, -115
25021, -112
25022, -109
25023, -106
25024, -52
25025, -102
25026, -50
25031, -54
25032, -106
25033, -104
25034, -101
25035, -98
25036, -95
25037, -93
25038, -90
25039, -87
25040, -42
25041, -83
25042, -80
25043, -77
25044, -75
25045, -72
25046, -35
25050, -38
25051, -74
25052, -71
25053, -68
25054, -66
25055, -63
25056, -60
25057, -29
25058, -56
25059, -53
25060, -50
25061, -47
25062, -45
25063, -42
25064, -39
25065, -36
25066, -17
25070, -20
25071, -38
25072, -35
25073, -33
25074, -30
25075, -27
25076, -12
25077, -23
25078, -20
25079, -17
25080, -15
25081, -12
25082, -9
25083, -6
25084, -3
25085, -1
25087, 0
25088, 0
25089, 0
25090, 0
25091, 0
25093, 0
25094, 0
25095, 0
25096, 0
25097, 0
25098, 0
25100, 0
25101, 0
25102, 0
25103, 0
25105, 0
25106, 0
25107, 0
25108, 0
25109, 0
25111, 0
25112, 0
25113, 0
25114, 0
25116, 0
25117, 0
25118, 0
25119, 0
25120, 0
25122, 0
25123, 0
25124, 0
25125, 0
25127, 0
25128, 0
25129, 0
25130, 0
25131, 0
25133, 0
25134, 0
25135, 0
25136, 0
25138, 0
25139, 0
25140, 0
25141, 0
25142, 0
25144, 0
25145, 0
25146, 0
25147, 0
25149, 0
25150, 0
25151, 0
25152, 0
25153, 0
25155, 0
25156, 0
25157, 0
25158, 0
25160, 0
25161, 0
25162, 0
25163, 0
25164, 0
25166, 0
25167, 0
25168, 0
25169, 0
25170, 0
25172, 0
25173, 0
25174, 0
25175, 0
25177, 0
25178, 0
25179, 0
25180, 0
25181, 0
25183, 0
25184, 0
25185, 0
25186, 0
25188, 0
25189, 0
25190, 0
25191, 0
25192, 0
25194, 0
25195, 0
25196, 0
25197, 0
25199, 0
25200, 0
25201, 0
25202, 0
25203, 0
25205, 0
25206, 0
25207, 0
25208, 0
25210, 0
25211, 0
25212, 0
25213, 0
25214, 0
25216, 0
25217, 0
25218, 0
25219, 0
25221, 0
25222, 0
25223, 0
25224, 0
25225, 0
25227, 0
25228, 0
25229, 0
25230, 0
25232, 0
25233, 0
25234, 0
25235, 0
25236, 0
25238, 0
25239, 0
25240, 0
25241, 0
25242, 0
25244, 0
25245, 0
25246, 0
25247, 0
25249, 0
25250, 0
25251, 0
25252, 0
25253, 0
25255, 0
25256, 0
25257, 0
25258, 0
25260, 0
25261, 0
25262, 0
25263, 0
25264, 0
25266, 0
25267, 0
25268, 0
25269, 0
25271, 0
25272, 0
25273, 0
25274, 0
25275, 0
25277, 0
25278, 0
25279, 0
25280, 0
25282, 0
25283, 0
25284, 0
25285, 0
25286, 0
25288, 0
25289, 0
25290, 0
25291, 0
25292, 0
25294, 0
25295, 0
25296, 0
25297, 0
25299, 0
25300, 0
25301, 0
25302, 0
25303, 0
25305, 0
25306, 0
25307, 0
25308, 0
25310, 0
25311, 0
25312, 0
25313, 0
25314, 0
25316, 0
25317, 0
25318, 0
25319, 0
25321, 0
25322, 0
25323, 0
25324, 0
25325, 0
25327, 0
25328, 0
25329, 0
25330, 0
25332, 0
25333, 0
25334, 0
25335, 0
25336, 0
25338, 0
25339, 0
25340, 0
25341, 0
25343, 0
25344, 0
25345, 0
25346, 0
25347, 0
25349, 0
25350, 0
25351, 0
25352, 0
25354, 0
25355, 0
25356, 0
25357, 0
25358, 0
25360, 0
25361, 0
25362, 0
25363, 0
25364, 0
25366, 0
25367, 0
25368, 0
25369, 0
25371, 0
25372, 0
25373, 0
25374, 0
25375, 0
25377, 0
25378, 0
25379, 0
25380, 0
25382, 0
25383, 0
25384, 0
25385, 0
25386, 0
25388, 0
25389, 0
25390, 0
25391, 0
25393, 0
25394, 0
25395, 0
25396, 0
25397, 0
25399, 0
25400, 0
25401, 0
25402, 0
25404, 0
25405, 0
25406, 0
25407, 0
25408, 0
25410, 0
25411, 0
25412, 0
25413, 0
25415, 0
25416, 0
25417, 0
25418, 0
25419, 0
25421, 0
25422, 0
25423, 0
25424, 0
25425, 0
25427, 0
25428, 0
25429, 0
25430, 0
25432, 0
25433, 0
25434, 0
25435, 0
25436, 0
25438, 0
25439, 0
25440, 0
25441, 0
25443, 0
25444, 0
25445, 0
25446, 0
25447, 0
25449, 0
25450, 0
25451, 0
25452, 0
25454, 0
25455, 0
25456, 0
25457, 0
25458, 0
25460, 0
25461, 0
25462, 0
25463, 0
25464, 0
25466, 0
25467, 0
25468, 0
25469, 0
25471, 0
25472, 0
25473, 0
25474, 0
25476, 0
25477, 0
25478, 0
25479, 0
25480, 0
25482, 0
25483, 0
25484, 0
25485, 0
25486, 0
25488, 0
25489, 0
25490, 0
25491, 0
25493, 0
25494, 0
25495, 0
25496, 0
25497, 0
25499, 0
25500, 0
25501, 0
25502, 0
25504, 0
25505, 0
25506, 0
25507, 0
25508, 0
25510, 0
25511, 0
25512, 0
25513, 0
25515, 0
25516, 0
25517, 0
25518, 0
25519, 0
25521, 0
25522, 0
25523, 0
25524, 0
25526, 0
25527, 0
25528, 0
25529, 0
25530, 0
25532, 0
25533, 0
25534, 0
25535, 0
25536, 0
25538, 0
25539, 0
25540, 0
25541, 0
25543, 0
25544, 0
25545, 0
25546, 0
25547, 0
25549, 0
25550, 0
25551, 0
25552, 0
25554, 0
25555, 0
25556, 0
25557, 0
25558, 0
25560, 0
25561, 0
25562, 0
25563, 0
25565, 0
25566, 0
25568, 0
25569, 0
25571, 0
25572, 0
25573, 0
25574, 0
25576, 0
25577, 0
25578, 0
25579, 0
25580, 0
25582, 0
25583, 0
25584, 0
25585, 0
25587, 0
25588, 0
25589, 0
25590, 0
25591, 0
25593, 0
25594, 0
25595, 0
25596, 0
25597, 0
25599, 0
25600, 0
25601, 0
25602, 0
25604, 0
25605, 0
25606, 0
25607, 0
25608, 0
25610, 0
25611, 0
25612, 0
25613, 0
25615, 0
25616, 0
25617, 0
25618, 0
25619, 0
25621, 0
25622, 0
25623, 0
25624, 0
25626, 0
25627, 0
25628, 0
25629, 0
25630, 0
25632, 0
25633, 0
25634, 0
25635, 0
25637, 0
25638, 0
25639, 0
25640, 0
25641, 0
25643, 0
25644, 0
25645, 0
25646, 0
25648, 0
25649, 0
25650, 0
25651, 0
25652, 0
25654, 0
25655, 0
25656, 0
25657, 0
25658, 0
25661, -1
25662, 0
25664, 0
25665, 0
25666, 0
25667, 0
25668, 0
25669, 0
25671, 0
25672, 0
25673, 0
25674, 0
25676, 0
25677, 0
25678, 0
25679, 0
25680, 0
25682, 0
25683, 0
25684, 0
25685, 0
25687, 0
25688, 0
25689, 0
25690, 0
25691, 0
25693, 0
25694, 0
25695, 0
25696, 0
25698, 0
25699, 0
25700, 0
25701, 0
25702, 0
25704, 0
25705, 0
25706, 0
25707, 0
25709, 0
25710, 0
25711, 0
25712, 0
25713, 0
25715, 0
25716, 0
25717, 0
25718, 0
25720, 0
25721, 0
25722, 0
25723, 0
25724, 0
25726, 0
25728, 0
25729, 0
25730, 0
25732, 0
25733, 0
25734, 0
25735, 0
25737, 0
25738, 0
25739, 0
25740, 0
25743, -1
25744, 0
25746, 0
25747, 0
25748, 0
25749, 0
25750, 0
25751, 0
25752, 0
25754, 0
25755, 0
25756, 0
25757, 0
25759, 0
25760, 0
25761, 0
25762, 0
25763, 0
25765, 0
25766, 0
25767, 0
25768, 0
25770, 0
25771, 0
25772, 0
25773, 0
25774, 0
25776, 0
25777, 0
25778, 0
25779, 0
25780, 0
25782, 0
25783, 0
25784, 0
25785, 0
25787, 0
25788, 0
25789, 0
25790, 0
25791, 0
25793, 0
25794, 0
25795, 0
25796, 0
25798, 0
25799, 0
25801, -1
25802, 0
25804, 0
25805, 0
25806, 0
25807, 0
25809, 0
25810, 0
25811, 0
25812, 0
25813, 0
25815, 0
25816, 0
25817, 0
25818, 0
25820, 0
25821, 0
25822, 0
25823, 0
25824, 0
25826, 0
25827, 0
25828, 0
25829, 0
25831, 0
25832, 0
25833, 0
25834, 0
25835, 0
25837, 0
25838, 0
25839, 0
25840, 0
25841, 0
25843, 0
25844, 0
25845, 0
25846, 0
25848, 0
25849, 0
25850, 0
25851, 0
25852, 0
25854, 0
25855, 0
25856, 0
25857, 0
25859, 0
25860, 0
25861, 0
25863, 0
25865, 0
25866, 0
25867, 0
25868, 0
25870, 0
25871, 0
25872, 0
25873, 0
25874, 0
25876, 0
25877, 0
25878, 0
25879, 0
25881, 0
25882, 0
25883, 0
25884, 0
25885, 0
25887, 0
25888, 0
25889, 0
25890, 0
25892, 0
25893, 0
25894, 0
25895, 0
25896, 0
25898, 0
25899, 0
25900, 0
25901, 0
25902, 0
25904, 0
25905, 0
25906, 0
25907, 0
25909, 0
25910, 0
25911, 0
25912, 0
25913, 0
25915, 0
25916, 0
25917, 0
25918, 0
25920, 0
25921, 0
25922, 0
25923, 0
25925, 0
25926, 0
25927, 0
25928, 0
25930, 0
25931, 0
25932, 0
25934, 0
25935, 0
25937, 0
25939, 0
25940, 0
25942, 0
25944, -1
25945, 0
25946, 0
25948, 0
25949, 0
25952, -2
25953, 0
25954, 0
25955, 0
25956, 0
25957, 0
25961, -2
25962, -3
25963, 0
25965, 0
25966, 0
25967, 0
25968, 0
25973, -3
25974, -5
25975, -2
25976, 0
25977, 0
25978, 0
25979, 0
25981, 0
25982, 0
25983, 0
25984, 0
25990, -4
25991, -4
25992, -7
25993, -2
25994, -3
25995, -1
25996, 0
25997, 0
25998, 0
25999, 0
26000, 0
26001, 0
26003, 0
26010, -6
26011, -10
26012, -4
26013, -7
26014, -2
26015, -3
26016, -1
26017, 0
26019, 0
26020, 0
26021, 0
26022, 0
26023, 0
26025, 0
26026, 0
26027, 0
26028, 0
26037, -8
26038, -7
26039, -13
26040, -5
26041, -9
26042, -7
26043, -2
26044, -3
26045, 0
26046, 0
26047, 0
26048, 0
26049, 0
26050, 0
26051, 0
26053, 0
26054, 0
26055, 0
26056, 0
26057, 0
26059, 0
26060, 0
26061, 0
26073, -19
26074, -17
26075, -7
26076, -13
26077, -11
26078, -4
26079, -7
26080, -5
26081, -1
26082, -1
26083, 0
26084, 0
26086, 0
26087, 0
26088, 0
26089, 0
26094, -3
26095, -5
26096, -2
26097, 0
26101, -5
26102, -1
26103, -1
26302, -198
26387, -563
26388, -280
26389, -559
26390, -556
26391, -277
26392, -552
26393, -550
26394, -547
26395, -272
26396, -543
26397, -541
26398, -538
26399, -268
26400, -534
26401, -532
26402, -529
26403, -263
26404, -525
26405, -523
26466, -320
26467, -639
26468, -319
26469, -636
26470, -633
26471, -315
26472, -630
26473, -627
26474, -312
26475, -623
26476, -621
26477, -309
26478, -617
26479, -614
26481, -614
26482, -611
26483, -304
26484, -607
26485, -604
26486, -301
26547, -361
26548, -720
26549, -718
26550, -715
26551, -356
26552, -711
26553, -709
26554, -353
26555, -705
26556, -702
26557, -700
26558, -349
26559, -696
26560, -693
26561, -691
26562, -344
26563, -687
26564, -685
26565, -341
26566, -340
26618, -392
26619, -782
26620, -779
26621, -776
26622, -774
26623, -771
26624, -768
26625, -765
26626, -381
26627, -761
26628, -758
26629, -756
26630, -753
26631, -750
26632, -747
26633, -745
26634, -742
26635, -370
26636, -738
26637, -735
26696, -848
26697, -846
26698, -843
26699, -840
26700, -419
26701, -418
26702, -836
26703, -833
26704, -830
26705, -827
26706, -825
26707, -822
26708, -410
26713, -414
26714, -826
26715, -823
26716, -410
26717, -819
26718, -816
26719, -814
26720, -811
26721, -808
26722, -806
26723, -402
26724, -801
26725, -799
26726, -796
26727, -793
26728, -395
26732, -399
26733, -398
26734, -795
26735, -792
26736, -789
26737, -786
26738, -784
26739, -781
26740, -389
26741, -777
26742, -774
26743, -771
26744, -769
26745, -766
26746, -763
26747, -760
26748, -379
26754, -766
26755, -764
26756, -761
26757, -758
26758, -756
26759, -377
26760, -751
26761, -749
26762, -746
26763, -743
26764, -740
26765, -737
26766, -735
26767, -732
26768, -729
26771, -730
26772, -727
26773, -362
26774, -723
26775, -720
26776, -718
26777, -715
26778, -712
26779, -709
26780, -707
26781, -704
26782, -701
26783, -698
26784, -695
26785, -346
26786, -691
26787, -688
26788, -686
26794, -347
26795, -692
26796, -690
26797, -687
26798, -684
26799, -681
26800, -679
26801, -338
26802, -674
26803, -672
26804, -669
26805, -666
26806, -663
26807, -660
26808, -658
26814, -664
26815, -662
26816, -659
26817, -656
26818, -654
26819, -326
26820, -650
26821, -647
26822, -644
26823, -641
26824, -639
26825, -636
26826, -317
26827, -632
26828, -629
26829, -313
26833, -317
26834, -316
26835, -631
26836, -628
26837, -625
26838, -622
26839, -619
26840, -617
26841, -614
26842, -611
26843, -608
26844, -303
26845, -604
26846, -601
26847, -599
26848, -596
26849, -297
26855, -302
26856, -602
26857, -599
26858, -596
26859, -594
26860, -591
26861, -588
26862, -585
26863, -582
26864, -290
26865, -578
26866, -575
26867, -573
26868, -570
26869, -567
26874, -573
26875, -570
26876, -284
26877, -566
26878, -563
26879, -560
26880, -558
26881, -555
26882, -552
26883, -549
26884, -273
26885, -545
26886, -542
26887, -540
26888, -537
26889, -534
26895, -541
26896, -270
26897, -537
26898, -535
26899, -532
26900, -529
26901, -526
26902, -524
26903, -521
26904, -518
26905, -515
26906, -512
26907, -255
26908, -508
26909, -505
26912, -254
26913, -254
26914, -506
26915, -503
26916, -500
26917, -497
26918, -494
26919, -492
26920, -489
26921, -486
26922, -242
26923, -482
26924, -479
26925, -476
26926, -474
26927, -471
26928, -468
26929, -465
26934, -236
26935, -470
26936, -467
26937, -465
26938, -231
26939, -460
26940, -458
26941, -455
26942, -452
26943, -449
26944, -446
26945, -444
26946, -441
26947, -438
26948, -218
26949, -434
26950, -216
26951, -431
26952, -428
26953, -425
26954, -423
26955, -420
26956, -417
26957, -414
26958, -206
26959, -410
26960, -407
26961, -405
26962, -402
26963, -399
26964, -396
26965, -394
26966, -391
26967, -388
26968, -193
26969, -384
26970, -381
26971, -378
26972, -375
26973, -373
26974, -185
26982, -383
26983, -380
26984, -378
26985, -375
26986, -186
26987, -371
26988, -368
26989, -365
26990, -363
26991, -360
26992, -357
26993, -354
26996, -178
26997, -355
26998, -176
26999, -351
27000, -348
27001, -346
27002, -343
27003, -340
27004, -337
27005, -334
27006, -332
27007, -329
27008, -163
27009, -325
27010, -322
27011, -319
27012, -316
27013, -314
27014, -155
27021, -322
27022, -319
27023, -317
27024, -314
27025, -311
27026, -154
27027, -307
27028, -304
27029, -301
27030, -299
27031, -296
27032, -293
27033, -290
27035, -289
27036, -287
27037, -284
27038, -281
27039, -139
27040, -277
27041, -274
27042, -271
27043, -269
27044, -266
27045, -263
27046, -260
27047, -129
27048, -256
27049, -254
27050, -251
27051, -248
27052, -245
27053, -242
27054, -120
27061, -126
27062, -250
27063, -248
27064, -245
27065, -242
27066, -120
27067, -238
27068, -235
27069, -233
27070, -230
27071, -227
27072, -224
27073, -221
27074, -109
27079, -226
27080, -223
27081, -221
27082, -218
27083, -108
27084, -214
27085, -211
27086, -208
27087, -205
27088, -203
27089, -200
27090, -197
27091, -194
27092, -96
27093, -190
27094, -94
27098, -193
27099, -190
27100, -188
27101, -185
27102, -91
27103, -181
27104, -178
27105, -175
27106, -173
27107, -170
27108, -167
27109, -164
27110, -161
27111, -159
27112, -78
27113, -155
27114, -76
27118, -158
27119, -78
27120, -154
27121, -151
27122, -149
27123, -146
27124, -72
27125, -142
27126, -139
27127, -136
27128, -133
27129, -131
27130, -128
27131, -125
27132, -122
27133, -120
27138, -124
27139, -122
27140, -119
27141, -116
27142, -57
27143, -112
27144, -109
27145, -107
27146, -104
27147, -101
27148, -98
27149, -48
27150, -94
27151, -91
27152, -89
27153, -86
27154, -42
27157, -44
27158, -44
27159, -85
27160, -83
27161, -80
27162, -77
27163, -74
27164, -72
27165, -69
27166, -66
27167, -63
27168, -30
27169, -59
27170, -56
27171, -53
27172, -51
27173, -48
27174, -23
27179, -52
27180, -50
27181, -47
27182, -44
27183, -41
27184, -38
27185, -36
27186, -33
27187, -30
27188, -14
27189, -26
27190, -23
27191, -21
27192, -18
27193, -15
27198, -20
27199, -17
27200, -7
27201, -13
27202, -10
27203, -8
27204, -5
27205, -2
27206, 0
27207, 0
27208, 0
27209, 0
27210, 0
27212, 0
27213, 0
27214, 0
27215, 0
27217, 0
27218, 0
27219, 0
27220, 0
27221, 0
27223, 0
27224, 0
27225, 0
27226, 0
27227, 0
27229, 0
27230, 0
27231, 0
27232, 0
27233, 0
27235, 0
27236, 0
27237, 0
27238, 0
27240, 0
27241, 0
27242, 0
27243, 0
27244, 0
27246, 0
27247, 0
27248, 0
27249, 0
27251, 0
27252, 0
27253, 0
27254, 0
27255, 0
27257, 0
27258, 0
27259, 0
27260, 0
27262, 0
27263, 0
27264, 0
27265, 0
27266, 0
27268, 0
27269, 0
27270, 0
27271, 0
27273, 0
27274, 0
27275, 0
27276, 0
27277, 0
27279, 0
27280, 0
27281, 0
27282, 0
27284, 0
27285, 0
27286, 0
27287, 0
27288, 0
27290, 0
27291, 0
27292, 0
27293, 0
27294, 0
27296, 0
27297, 0
27298, 0
27299, 0
27301, 0
27302, 0
27303, 0
27304, 0
27306, 0
27307, 0
27308, 0
27309, 0
27310, 0
27312, 0
27313, 0
27314, 0
27315, 0
27316, 0
27318, 0
27319, 0
27320, 0
27321, 0
27323, 0
27324, 0
27325, 0
27326, 0
27327, 0
27329, 0
27330, 0
27331, 0
27332, 0
27334, 0
27335, 0
27336, 0
27337, 0
27338, 0
27340, 0
27341, 0
27342, 0
27343, 0
27345, 0
27346, 0
27347, 0
27348, 0
27349, 0
27351, 0
27352, 0
27353, 0
27354, 0
27356, 0
27357, 0
27358, 0
27359, 0
27360, 0
27362, 0
27363, 0
27364, 0
27365, 0
27366, 0
27368, 0
27369, 0
27370, 0
27371, 0
27373, 0
27374, 0
27375, 0
27376, 0
27378, 0
27379, 0
27380, 0
27381, 0
27382, 0
27384, 0
27385, 0
27386, 0
27387, 0
27388, 0
27390, 0
27391, 0
27392, 0
27393, 0
27395, 0
27396, 0
27397, 0
27398, 0
27399, 0
27401, 0
27402, 0
27403, 0
27404, 0
27406, 0
27407, 0
27408, 0
27409, 0
27410, 0
27412, 0
27413, 0
27414, 0
27415, 0
27417, 0
27418, 0
27419, 0
27420, 0
27421, 0
27423, 0
27424, 0
27425, 0
27426, 0
27428, 0
27429, 0
27430, 0
27431, 0
27432, 0
27434, 0
27435, 0
27436, 0
27437, 0
27438, 0
27440, 0
27441, 0
27442, 0
27443, 0
27445, 0
27446, 0
27447, 0
27448, 0
27449, 0
27451, 0
27452, 0
27453, 0
27454, 0
27456, 0
27457, 0
27458, 0
27459, 0
27460, 0
27462, 0
27463, 0
27464, 0
27465, 0
27467, 0
27468, 0
27469, 0
27470, 0
27471, 0
27473, 0
27474, 0
27475, 0
27476, 0
27478, 0
27479, 0
27480, 0
27481, 0
27482, 0
27484, 0
27485, 0
27486, 0
27487, 0
27488, 0
27490, 0
27491, 0
27492, 0
27493, 0
27495, 0
27496, 0
27497, 0
27498, 0
27499, 0
27501, 0
27502, 0
27503, 0
27504, 0
27506, 0
27507, 0
27508, 0
27509, 0
27510, 0
27512, 0
27513, 0
27514, 0
27515, 0
27517, 0
27518, 0
27519, 0
27520, 0
27521, 0
27523, 0
27524, 0
27525, 0
27526, 0
27528, 0
27529, 0
27530, 0
27531, 0
27532, 0
27534, 0
27535, 0
27536, 0
27537, 0
27539, 0
27540, 0
27541, 0
27542, 0
27543, 0
27545, 0
27546, 0
27547, 0
27548, 0
27549, 0
27551, 0
27552, 0
27553, 0
27554, 0
27556, 0
27557, 0
27558, 0
27559, 0
27560, 0
27562, 0
27563, 0
27564, 0
27565, 0
27567, 0
27568, 0
27569, 0
27570, 0
27571, 0
27573, 0
27574, 0
27575, 0
27576, 0
27578, 0
27579, 0
27580, 0
27581, 0
27582, 0
27584, 0
27585, 0
27586, 0
27587, 0
27589, 0
27590, 0
27591, 0
27592, 0
27593, 0
27595, 0
27596, 0
27597, 0
27598, 0
27600, 0
27601, 0
27602, 0
27603, 0
27604, 0
27606, 0
27607, 0
27608, 0
27609, 0
27610, 0
27612, 0
27613, 0
27614, 0
27615, 0
27617, 0
27618, 0
27619, 0
27620, 0
27621, 0
27623, 0
27624, 0
27625, 0
27626, 0
27628, 0
27629, 0
27630, 0
27631, 0
27632, 0
27634, 0
27635, 0
27636, 0
27637, 0
27639, 0
27640, 0
27641, 0
27642, 0
27643, 0
27645, 0
27646, 0
27647, 0
27648, 0
27650, 0
27651, 0
27652, 0
27653, 0
27654, 0
27656, 0
27657, 0
27658, 0
27659, 0
27661, 0
27662, 0
27663, 0
27664, 0
27665, 0
27667, 0
27668, 0
27669, 0
27670, 0
27672, 0
27673, 0
27674, 0
27675, 0
27676, 0
27678, 0
27679, 0
27680, 0
27681, 0
27682, 0
27684, 0
27685, 0
27686, 0
27687, 0
27692, -3
27693, -5
27694, -2
27695, 0
27696, 0
27697, 0
27698, 0
27700, 0
27701, 0
27702, 0
27703, 0
27704, 0
27706, 0
27707, 0
27708, 0
27709, 0
27711, 0
27712, 0
27713, 0
27714, 0
27715, 0
27717, 0
27718, 0
27719, 0
27720, 0
27722, 0
27723, 0
27724, 0
27725, 0
27726, 0
27728, 0
27729, 0
27730, 0
27731, 0
27732, 0
27734, 0
27735, 0
27736, 0
27737, 0
27739, 0
27740, 0
27741, 0
27742, 0
27743, 0
27745, 0
27746, 0
27747, 0
27748, 0
27750, 0
27751, 0
27752, 0
27753, 0
27754, 0
27756, 0
27757, 0
27758, 0
27759, 0
27761, 0
27762, 0
27763, 0
27764, 0
27765, 0
27767, 0
27768, 0
27769, 0
27770, 0
27772, 0
27773, 0
27774, 0
27775, 0
27776, 0
27778, 0
27779, 0
27780, 0
27781, 0
27783, 0
27784, 0
27785, 0
27786, 0
27787, 0
27789, 0
27790, 0
27791, 0
27792, 0
27794, 0
27795, 0
27796, 0
27797, 0
27798, 0
27800, 0
27801, 0
27802, 0
27803, 0
27804, 0
27806, 0
27807, 0
27808, 0
27809, 0
27811, 0
27812, 0
27813, 0
27814, 0
27815, 0
27817, 0
27818, 0
27819, 0
27820, 0
27822, 0
27823, 0
27824, 0
27825, 0
27826, 0
27828, 0
27829, 0
27830, 0
27831, 0
27833, 0
27834, 0
27835, 0
27836, 0
27837, 0
27839, 0
27840, 0
27841, 0
27842, 0
27844, 0
27845, 0
27846, 0
27847, 0
27848, 0
27850, 0
27851, 0
27852, 0
27853, 0
27855, 0
27856, 0
27857, 0
27858, 0
27859, 0
27861, 0
27862, 0
27863, 0
27864, 0
27865, 0
27867, 0
27868, 0
27869, 0
27870, 0
27872, 0
27873, 0
27874, 0
27875, 0
27876, 0
27878, 0
27879, 0
27880, 0
27881, 0
27883, 0
27884, 0
27885, 0
27886, 0
27887, 0
27889, 0
27890, 0
27891, 0
27892, 0
27894, 0
27895, 0
27896, 0
27897, 0
27898, 0
27900, 0
27901, 0
27902, 0
27903, 0
27905, 0
27906, 0
27907, 0
27908, 0
27909, 0
27911, 0
27912, 0
27913, 0
27914, 0
27916, 0
27917, 0
27918, 0
27919, 0
27920, 0
27922, 0
27923, 0
27924, 0
27925, 0
27926, 0
27928, 0
27929, 0
27930, 0
27931, 0
27933, 0
27934, 0
27935, 0
27936, 0
27937, 0
27939, 0
27940, 0
27941, 0
27942, 0
27944, 0
27945, 0
27946, 0
27947, 0
27948, 0
27950, 0
27951, 0
27952, 0
27953, 0
27955, 0
27956, 0
27957, 0
27958, 0
27959, 0
27961, 0
27962, 0
27963, 0
27968, -3
27969, -5
27970, -2
27971, 0
27972, 0
27977, -7
27978, -4
27979, -1
27984, -4
27985, -6
27986, -3
27987, 0
27988, 0
27992, -3
27993, -4
27994, -2
27995, 0
28000, -4
28001, -5
28002, -3
28003, 0
28005, 0
28006, 0
28007, 0
28009, 0
28010, 0
28011, 0
28012, 0
28013, 0
28014, 0
28016, 0
28017, 0
28018, 0
28019, 0
28020, 0
28022, 0
28023, 0
28024, 0
28025, 0
28027, 0
28028, 0
28029, 0
28030, 0
28031, 0
28033, 0
28034, 0
28035, 0
28036, 0
28037, 0
28039, 0
28040, 0
28041, 0
28042, 0
28044, 0
28045, 0
28046, 0
28047, 0
28048, 0
28050, 0
28051, 0
28052, 0
28053, 0
28055, 0
28056, 0
28057, 0
28058, 0
28059, 0
28061, 0
28062, 0
28063, 0
28064, 0
28066, 0
28067, 0
28068, 0
28069, 0
28070, 0
28072, 0
28073, 0
28074, 0
28075, 0
28077, 0
28078, 0
28079, 0
28080, 0
28081, 0
28083, 0
28084, 0
28085, 0
28086, 0
28087, 0
28089, 0
28090, 0
28091, 0
28092, 0
28094, 0
28095, 0
28096, 0
28097, 0
28098, 0
28100, 0
28101, 0
28102, 0
28103, 0
28105, 0
28106, 0
28107, 0
28108, 0
28109, 0
28113, -3
28114, 0
28116, -1
28117, -1
28122, -4
28123, -6
28124, -3
28125, 0
28131, -4
28132, -6
28133, -4
28134, -1
28135, 0
28150, -13
28151, -25
28152, -23
28153, -20
28154, -9
28155, -16
28156, -13
28157, -10
28158, -7
28159, -4
28160, -1
28251, -91
28252, -91
28253, -180
28254, -177
28255, -174
28256, -172
28257, -169
28258, -166
28259, -163
28260, -160
28261, -158
28262, -155
28263, -152
28264, -75
28265, -148
28266, -145
28267, -142
28268, -139
28269, -137
28270, -134
28271, -66
28312, -211
28313, -208
28314, -103
28315, -204
28316, -201
28317, -198
28318, -195
28319, -193
28320, -190
28321, -187
28322, -184
28323, -181
28324, -179
28325, -176
28326, -173
28327, -170
28328, -84
28329, -166
28330, -163
28331, -160
28368, -229
28369, -227
28370, -224
28371, -221
28372, -218
28373, -215
28374, -213
28375, -210
28376, -207
28377, -204
28378, -201
28379, -99
28380, -197
28381, -195
28382, -192
28423, -135
28424, -269
28425, -266
28426, -132
28427, -262
28428, -259
28429, -256
28430, -254
28431, -251
28432, -248
28433, -245
28434, -243
28435, -240
28436, -119
28437, -236
28438, -233
28439, -230
28440, -227
28441, -224
28442, -222
28483, -150
28484, -149
28485, -297
28486, -295
28487, -292
28488, -289
28489, -286
28490, -283
28491, -280
28492, -278
28493, -275
28494, -272
28495, -269
28496, -267
28497, -264
28498, -261
28499, -258
28500, -128
28501, -254
28502, -251
28503, -248
28544, -163
28545, -325
28546, -322
28547, -319
28548, -317
28549, -314
28550, -311
28551, -308
28552, -305
28553, -302
28554, -150
28555, -298
28556, -296
28557, -293
28558, -290
28559, -287
28560, -284
28561, -282
28562, -279
28563, -276
28564, -137
28565, -272
28566, -269
28567, -267
28568, -264
28569, -261
28570, -258
28571, -255
28572, -253
28573, -250
28574, -124
28575, -246
28576, -243
28577, -240
28578, -237
28579, -234
28580, -232
28581, -229
28582, -226
28583, -223
28595, -242
28596, -239
28597, -237
28598, -234
28599, -231
28600, -228
28601, -225
28602, -111
28603, -221
28604, -218
28605, -216
28606, -213
28607, -210
28608, -208
28609, -102
28610, -203
28611, -201
28612, -198
28613, -195
28614, -192
28615, -190
28616, -94
28617, -186
28618, -183
28619, -180
28620, -177
28621, -174
28622, -172
28623, -169
28624, -166
28625, -163
28626, -160
28627, -158
28628, -155
28629, -152
28630, -149
28631, -146
28632, -72
28633, -142
28634, -139
28645, -79
28646, -156
28647, -154
28648, -151
28649, -148
28650, -145
28651, -142
28652, -70
28653, -138
28654, -135
28655, -132
28656, -130
28657, -127
28658, -124
28659, -121
28660, -118
28661, -116
28662, -113
28663, -110
28664, -107
28701, -89
28702, -176
28703, -173
28704, -170
28705, -167
28706, -82
28707, -163
28708, -160
28709, -158
28710, -155
28711, -152
28712, -149
28713, -146
28714, -144
28715, -141
28716, -138
28717, -135
28759, -214
28760, -211
28761, -208
28762, -206
28763, -203
28764, -100
28765, -199
28766, -196
28767, -193
28768, -190
28769, -187
28770, -185
28771, -182
28772, -179
28773, -176
28774, -174
28775, -171
28776, -84
28777, -167
28778, -82
28819, -244
28820, -241
28821, -119
28822, -237
28823, -234
28824, -231
28825, -229
28826, -226
28827, -223
28828, -220
28829, -217
28830, -214
28831, -212
28832, -209
28833, -206
28834, -203
28835, -200
28836, -99
28837, -196
28838, -97
28923, -181
28924, -361
28925, -358
28926, -356
28927, -176
28928, -352
28929, -349
28930, -346
28931, -343
28932, -341
28933, -338
28934, -168
28935, -334
28936, -331
28937, -328
28938, -163
28947, -341
28948, -338
28949, -335
28950, -333
28951, -330
28952, -164
28953, -326
28954, -323
28955, -320
28956, -317
28957, -315
28958, -156
28964, -161
28965, -320
28966, -318
28967, -315
28968, -312
28969, -309
28970, -307
28971, -304
28972, -301
28973, -298
28974, -295
28975, -293
28976, -145
28977, -288
28978, -143
28985, -298
28986, -148
28987, -294
28988, -291
28989, -288
28990, -286
28991, -283
28992, -280
28993, -277
28994, -137
28995, -273
28996, -270
28997, -267
28998, -132
29003, -273
29004, -135
29005, -269
29006, -266
29007, -263
29008, -260
29009, -258
29010, -255
29011, -252
29012, -249
29013, -123
29014, -245
29015, -242
29016, -240
29017, -237
29018, -234
29019, -231
29020, -228
29021, -226
29022, -223
29023, -220
29024, -109
29025, -216
29026, -213
29027, -210
29028, -208
29029, -205
29030, -101
29036, -106
29037, -211
29038, -209
29039, -103
29040, -205
29041, -202
29042, -199
29043, -196
29044, -193
29045, -191
29046, -188
29047, -185
29048, -182
29049, -179
29055, -94
29056, -93
29057, -185
29058, -182
29059, -179
29060, -177
29061, -174
29062, -171
29063, -168
29064, -83
29065, -164
29066, -161
29067, -159
29068, -156
29069, -153
29070, -75
29075, -80
29076, -79
29077, -157
29078, -154
29079, -151
29080, -148
29081, -146
29082, -143
29083, -140
29084, -137
29085, -134
29086, -66
29087, -130
29088, -127
29089, -125
29090, -61
29097, -68
29098, -67
29099, -132
29100, -129
29101, -127
29102, -124
29103, -121
29104, -118
29105, -116
29106, -113
29107, -110
29108, -54
29109, -106
29110, -52
29116, -57
29117, -112
29118, -110
29119, -107
29120, -104
29121, -101
29122, -99
29123, -48
29124, -94
29125, -92
29126, -89
29127, -86
29128, -83
29129, -81
29130, -39
29138, -91
29139, -44
29140, -87
29141, -85
29142, -82
29143, -79
29144, -76
29145, -74
29146, -71
29147, -34
29148, -67
29149, -64
29150, -31
29156, -71
29157, -68
29158, -65
29159, -63
29160, -30
29161, -59
29162, -56
29163, -53
29164, -26
29165, -50
29166, -47
29167, -44
29168, -21
29169, -40
29170, -19
29175, -23
29176, -23
29177, -44
29178, -42
29179, -39
29180, -36
29181, -34
29182, -15
29183, -29
29184, -26
29185, -24
29186, -21
29187, -18
29188, -15
29189, -13
29190, -5
29197, -21
29198, -18
29199, -15
29200, -13
29201, -10
29202, -7
29203, -2
29204, -3
29205, -1
29206, 0
29207, 0
29209, 0
29210, 0
29211, 0
29212, 0
29214, 0
29215, 0
29216, 0
29217, 0
29219, 0
29220, 0
29221, 0
29222, 0
29223, 0
29225, 0
29226, 0
29227, 0
29228, 0
29229, 0
29238, -13
29239, -10
29240, -7
29241, -4
29242, -2
29243, 0
29244, 0
29245, 0
29246, 0
29248, 0
29249, 0
29250, 0
29252, 0
29253, 0
29254, 0
29255, 0
29256, 0
29258, 0
29259, 0
29260, 0
29261, 0
29262, 0
29264, 0
29265, 0
29266, 0
29267, 0
29268, 0
29270, 0
29271, 0
29272, 0
29273, 0
29275, 0
29276, 0
29277, 0
29278, 0
29279, 0
29281, 0
29282, 0
29283, 0
29284, 0
29286, 0
29287, 0
29288, 0
29289, 0
29290, 0
29292, 0
29293, 0
29294, 0
29296, 0
29297, 0
29298, 0
29299, 0
29300, 0
29301, 0
29303, 0
29304, 0
29305, 0
29306, 0
29308, 0
29309, 0
29310, 0
29311, 0
29312, 0
29314, 0
29315, 0
29317, 0
29319, 0
29320, 0
29321, 0
29322, 0
29324, 0
29325, 0
29326, 0
29327, 0
29328, 0
29329, 0
29331, 0
29332, 0
29333, 0
29334, 0
29336, 0
29337, 0
29339, 0
29341, 0
29342, 0
29344, -1
29345, 0
29347, 0
29348, 0
29349, 0
29350, 0
29352, 0
29353, 0
29354, 0
29355, 0
29356, 0
29358, 0
29359, 0
29360, 0
29361, 0
29363, 0
29364, 0
29365, 0
29366, 0
29367, 0
29369, 0
29370, 0
29371, 0
29372, 0
29373, 0
29375, 0
29376, 0
29377, 0
29378, 0
29380, 0
29381, 0
29382, 0
29383, 0
29384, 0
29386, 0
29387, 0
29388, 0
29389, 0
29390, 0
29392, 0
29393, 0
29394, 0
29395, 0
29397, 0
29399, 0
29400, 0
29402, 0
29403, 0
29404, 0
29405, 0
29406, 0
29408, 0
29409, 0
29410, 0
29411, 0
29412, 0
29414, 0
29415, 0
29416, 0
29417, 0
29419, 0
29420, 0
29421, 0
29422, 0
29423, 0
29425, 0
29426, 0
29427, 0
29428, 0
29430, 0
29431, 0
29432, 0
29433, 0
29434, 0
29436, 0
29437, 0
29438, 0
29439, 0
29441, 0
29442, 0
29443, 0
29444, 0
29446, 0
29447, 0
29448, 0
29449, 0
29450, 0
29451, 0
29453, 0
29454, 0
29455, 0
29456, 0
29458, 0
29459, 0
29460, 0
29461, 0
29462, 0
29464, 0
29465, 0
29466, 0
29467, 0
29469, 0
29470, 0
29471, 0
29472, 0
29473, 0
29475, 0
29476, 0
29477, 0
29478, 0
29480, 0
29481, 0
29482, 0
29483, 0
29484, 0
29486, 0
29487, 0
29488, 0
29489, 0
29491, 0
29492, 0
29493, 0
29494, 0
29495, 0
29497, 0
29498, 0
29499, 0
29500, 0
29502, 0
29503, 0
29504, 0
29506, 0
29508, 0
29509, 0
29510, 0
29511, 0
29513, 0
29514, 0
29515, 0
29516, 0
29517, 0
29519, 0
29520, 0
29521, 0
29522, 0
29523, 0
29525, 0
29526, 0
29527, 0
29528, 0
29530, 0
29531, 0
29532, 0
29533, 0
29534, 0
29536, 0
29537, 0
29538, 0
29539, 0
29541, 0
29542, 0
29543, 0
29544, 0
29545, 0
29547, 0
29548, 0
29549, 0
29550, 0
29552, 0
29553, 0
29554, 0
29555, 0
29556, 0
29558, 0
29559, 0
29560, 0
29561, 0
29563, 0
29564, 0
29565, 0
29566, 0
29567, 0
29569, 0
29570, 0
29571, 0
29572, 0
29573, 0
29575, 0
29576, 0
29577, 0
29578, 0
29580, 0
29581, 0
29582, 0
29583, 0
29584, 0
29586, 0
29587, 0
29588, 0
29589, 0
29591, 0
29592, 0
29593, 0
29594, 0
29595, 0
29597, 0
29598, 0
29599, 0
29600, 0
29602, 0
29603, 0
29604, 0
29605, 0
29606, 0
29608, 0
29609, 0
29610, 0
29611, 0
29613, 0
29614, 0
29615, 0
29616, 0
29617, 0
29619, 0
29620, 0
29621, 0
29622, 0
29623, 0
29625, 0
29626, 0
29627, 0
29628, 0
29630, 0
29631, 0
29632, 0
29633, 0
29634, 0
29636, 0
29638, 0
29640, 0
29641, 0
29643, -1
29644, 0
29646, 0
29647, 0
29648, 0
29649, 0
29650, 0
29652, 0
29653, 0
29654, 0
29655, 0
29656, 0
29658, 0
29659, 0
29660, 0
29661, 0
29663, 0
29664, 0
29665, 0
29666, 0
29667, 0
29669, 0
29670, 0
29671, 0
29672, 0
29674, 0
29675, 0
29677, 0
29679, 0
29680, 0
29681, 0
29682, 0
29683, 0
29684, 0
29686, 0
29687, 0
29688, 0
29689, 0
29691, 0
29692, 0
29693, 0
29694, 0
29695, 0
29697, 0
29698, 0
29699, 0
29700, 0
29702, 0
29703, 0
29704, 0
29705, 0
29706, 0
29708, 0
29710, 0
29712, 0
29713, 0
29714, 0
29715, 0
29716, 0
29717, 0
29719, 0
29720, 0
29721, 0
29722, 0
29724, 0
29725, 0
29726, 0
29727, 0
29728, 0
29730, 0
29731, 0
29732, 0
29733, 0
29735, 0
29736, 0
29737, 0
29739, 0
29740, 0
29742, -1
29743, 0
29745, 0
29747, 0
29749, 0
29751, -1
29752, 0
29753, 0
29754, 0
29755, 0
29756, 0
29758, 0
29759, 0
29760, 0
29761, 0
29763, 0
29764, 0
29765, 0
29766, 0
29767, 0
29769, 0
29770, 0
29771, 0
29773, 0
29774, 0
29775, 0
29776, 0
29777, 0
29778, 0
29780, 0
29781, 0
29782, 0
29783, 0
29785, 0
29786, 0
29787, 0
29788, 0
29789, 0
29791, 0
29792, 0
29794, 0
29796, 0
29797, 0
29798, 0
29799, 0
29800, 0
29802, 0
29803, 0
29804, 0
29805, 0
29806, 0
29809, -1
29811, -1
29812, 0
29813, 0
29814, 0
29815, 0
29816, 0
29817, 0
29819, 0
29820, 0
29821, 0
29822, 0
29824, 0
29825, 0
29826, 0
29827, 0
29828, 0
29830, 0
29831, 0
29832, 0
29833, 0
29835, 0
29836, 0
29837, 0
29838, 0
29839, 0
29841, 0
29842, 0
29843, 0
29844, 0
29846, 0
29847, 0
29848, 0
29849, 0
29850, 0
29852, 0
29853, 0
29854, 0
29855, 0
29857, 0
29858, 0
29859, 0
29860, 0
29861, 0
29863, 0
29864, 0
29865, 0
29866, 0
29867, 0
29869, 0
29871, 0
29873, 0
29874, 0
29876, -1
29877, 0
29878, 0
29880, 0
29881, 0
29882, 0
29883, 0
29885, 0
29886, 0
29887, 0
29888, 0
29889, 0
29891, 0
29892, 0
29893, 0
29894, 0
29896, 0
29897, 0
29898, 0
29899, 0
29900, 0
29902, 0
29903, 0
29905, 0
29907, 0
29908, 0
29909, 0
29910, 0
29911, 0
29913, 0
29914, 0
29915, 0
29916, 0
29918, 0
29919, 0
29920, 0
29922, 0
29924, 0
29925, 0
29926, 0
29927, 0
29928, 0
29930, 0
29931, 0
29932, 0
29933, 0
29935, 0
29936, 0
29937, 0
29938, 0
29939, 0
29941, 0
29942, 0
29943, 0
29944, 0
29946, 0
29947, 0
29948, 0
29949, 0
29950, 0
29952, 0
29953, 0
29954, 0
29955, 0
29957, 0
29958, 0
29959, 0
29960, 0
29961, 0
29963, 0
29964, 0
29965, 0
29966, 0
29968, 0
29969, 0
29970, 0
29971, 0
29972, 0
29974, 0
29975, 0
29977, 0
29979, 0
29980, 0
29981, 0
29982, 0
29983, 0
29985, 0
29986, 0
29987, 0
29988, 0
29989, 0
29991, 0
29992, 0
29993, 0
29995, 0
29996, 0
29997, 0
29998, 0
29999, 0
