0, 1
1, 1
2, 1
3, 1
4, 1
6, 1
7, 1
8, 1
9, 1
10, 1
12, 1
13, 1
14, 1
15, 1
17, 1
18, 1
19, 1
20, 1
21, 1
23, 1
24, 1
25, 1
26, 1
27, 1
29, 1
30, 1
31, 1
32, 1
34, 1
35, 1
36, 1
37, 1
38, 1
40, 1
41, 1
42, 1
43, 1
45, 1
46, 1
47, 1
48, 1
49, 1
51, 1
52, 1
53, 1
54, 1
56, 1
57, 1
58, 1
59, 1
60, 1
62, 1
63, 1
64, 1
65, 1
69, 2
70, 1
71, 1
72, 1
73, 1
74, 1
75, 1
76, 1
78, 1
79, 1
80, 1
81, 1
82, 1
84, 1
85, 1
86, 1
87, 1
89, 1
90, 1
91, 1
92, 1
93, 1
95, 1
96, 1
97, 1
98, 1
99, 1
101, 1
102, 1
103, 1
104, 1
106, 1
107, 1
108, 1
109, 1
110, 1
112, 1
113, 1
114, 1
115, 1
117, 1
118, 1
119, 1
120, 1
121, 1
123, 1
124, 1
125, 1
126, 1
128, 1
129, 1
130, 1
131, 1
132, 1
137, 2
138, 2
139, 1
140, 1
141, 1
142, 1
143, 1
145, 1
146, 1
147, 1
148, 1
149, 1
151, 1
152, 1
153, 1
154, 1
156, 1
157, 1
158, 1
159, 1
160, 1
162, 1
163, 1
164, 1
165, 1
167, 1
168, 1
169, 1
170, 1
171, 1
173, 1
174, 1
175, 1
176, 1
178, 1
179, 1
180, 1
181, 1
182, 1
184, 1
185, 1
186, 1
187, 1
189, 1
190, 1
191, 1
192, 1
193, 1
195, 1
196, 1
197, 1
198, 1
200, 1
201, 1
202, 1
203, 1
204, 1
206, 1
207, 1
208, 1
213, 1
214, 2
215, 1
216, 2
217, 1
218, 1
219, 1
220, 1
221, 1
223, 1
224, 1
225, 1
226, 1
228, 1
229, 1
230, 1
231, 1
232, 1
234, 1
236, 2
237, 1
239, 1
240, 1
241, 1
242, 1
243, 1
245, 1
246, 1
247, 1
248, 1
250, 1
251, 1
252, 1
253, 1
254, 1
256, 1
257, 1
258, 1
259, 1
261, 1
262, 1
263, 1
264, 1
265, 1
267, 1
268, 1
269, 1
270, 1
272, 1
273, 1
274, 1
275, 1
276, 1
278, 1
279, 1
280, 1
281, 1
283, 1
284, 1
285, 1
286, 1
287, 1
289, 1
290, 1
291, 1
295, 1
296, 2
297, 2
299, 1
300, 1
301, 1
302, 1
303, 1
304, 1
306, 1
307, 1
308, 1
309, 1
311, 1
312, 1
313, 1
314, 1
315, 1
317, 1
318, 1
319, 1
320, 1
322, 1
323, 1
324, 1
325, 1
326, 1
328, 1
329, 1
330, 1
331, 1
333, 1
334, 1
335, 1
336, 1
337, 1
339, 1
340, 1
341, 1
342, 1
344, 1
345, 1
346, 1
347, 1
348, 1
350, 1
351, 1
352, 1
353, 1
354, 1
356, 1
357, 1
358, 1
359, 1
361, 1
362, 1
363, 1
364, 1
365, 1
367, 1
368, 1
369, 1
370, 1
372, 1
373, 1
374, 1
375, 1
376, 1
381, 2
382, 1
383, 2
384, 1
385, 1
386, 1
387, 1
389, 1
390, 1
391, 1
392, 1
393, 1
395, 1
396, 1
397, 1
398, 1
400, 1
401, 1
402, 1
403, 1
404, 1
406, 1
407, 1
408, 1
409, 1
411, 1
412, 1
413, 1
414, 1
415, 1
417, 1
418, 1
419, 1
420, 1
422, 1
423, 1
424, 1
425, 1
426, 1
428, 1
429, 1
430, 1
431, 1
433, 1
434, 1
435, 1
436, 1
437, 1
439, 1
440, 1
441, 1
442, 1
444, 1
445, 1
446, 1
447, 1
448, 1
450, 1
451, 1
452, 1
453, 1
455, 1
456, 1
457, 1
458, 1
459, 1
461, 1
462, 1
463, 1
464, 1
466, 1
467, 1
468, 1
469, 1
470, 1
472, 1
473, 1
474, 1
475, 1
476, 1
478, 1
479, 1
480, 1
481, 1
483, 1
484, 1
485, 1
486, 1
487, 1
491, 1
492, 1
493, 2
494, 1
495, 1
496, 1
497, 1
498, 1
500, 1
501, 1
502, 1
503, 1
505, 1
506, 1
507, 1
508, 1
509, 1
511, 1
512, 1
513, 1
514, 1
515, 1
517, 1
518, 1
519, 1
520, 1
522, 1
523, 1
524, 1
525, 1
526, 1
528, 1
529, 1
530, 1
531, 1
533, 1
534, 1
535, 1
536, 1
537, 1
539, 1
540, 1
541, 1
542, 1
544, 1
545, 1
546, 1
547, 1
548, 1
550, 1
551, 1
552, 1
553, 1
555, 1
556, 1
557, 1
558, 1
559, 1
561, 1
562, 1
563, 1
564, 1
566, 1
567, 1
568, 1
569, 1
570, 1
572, 1
573, 1
574, 1
575, 1
577, 1
578, 1
579, 1
580, 1
581, 1
583, 1
584, 1
585, 1
586, 1
587, 1
589, 1
590, 1
591, 1
595, 2
596, 2
597, 1
598, 1
600, 1
601, 1
602, 1
603, 1
605, 1
606, 1
607, 1
608, 1
609, 1
611, 1
612, 1
613, 1
614, 1
616, 1
617, 1
618, 1
619, 1
620, 1
622, 1
623, 1
624, 1
625, 1
627, 1
628, 1
629, 1
630, 1
631, 1
633, 1
634, 1
635, 1
636, 1
638, 1
639, 1
640, 1
641, 1
642, 1
644, 1
645, 1
646, 1
647, 1
648, 1
650, 1
651, 1
652, 1
653, 1
655, 1
656, 1
657, 1
658, 1
660, 1
661, 1
663, 2
664, 1
666, 1
667, 1
668, 1
669, 1
670, 1
672, 1
673, 1
674, 1
675, 1
677, 1
678, 1
679, 1
680, 1
681, 1
683, 1
684, 1
685, 1
686, 1
688, 1
689, 1
690, 1
691, 1
692, 1
694, 1
695, 1
698, 1
699, 2
700, 1
701, 1
702, 1
703, 1
705, 1
706, 1
707, 1
708, 1
709, 1
711, 1
712, 1
713, 1
714, 1
716, 1
717, 1
718, 1
719, 1
720, 1
722, 1
723, 1
724, 1
725, 1
727, 1
728, 1
729, 1
730, 1
731, 1
733, 1
734, 1
735, 1
736, 1
738, 1
739, 1
740, 1
741, 1
742, 1
744, 1
745, 1
746, 1
747, 1
749, 1
750, 1
751, 1
752, 1
753, 1
755, 1
756, 1
757, 1
758, 1
759, 1
761, 1
762, 1
763, 1
764, 1
766, 1
767, 1
768, 1
769, 1
770, 1
772, 1
773, 1
774, 1
775, 1
777, 1
778, 1
779, 1
780, 1
781, 1
783, 1
784, 1
786, 2
788, 1
789, 1
790, 1
791, 1
792, 1
794, 1
795, 1
796, 1
797, 1
799, 1
802, 1
803, 2
804, 1
805, 1
806, 1
807, 1
808, 1
809, 1
811, 1
812, 1
813, 1
814, 1
816, 1
817, 1
818, 1
819, 1
821, 1
822, 1
823, 1
824, 1
825, 1
827, 1
828, 1
829, 1
830, 1
831, 1
833, 1
834, 1
835, 1
836, 1
838, 1
839, 1
840, 1
841, 1
842, 1
844, 1
845, 1
846, 1
847, 1
849, 1
850, 1
851, 1
852, 1
853, 1
855, 1
856, 1
857, 1
858, 1
860, 1
861, 1
862, 1
863, 1
864, 1
866, 1
867, 1
868, 1
869, 1
871, 1
872, 1
873, 1
874, 1
875, 1
877, 1
878, 1
879, 1
880, 1
881, 1
883, 1
884, 1
885, 1
886, 1
888, 1
889, 1
890, 1
891, 1
892, 1
894, 1
895, 1
896, 1
897, 1
899, 1
900, 1
901, 1
902, 1
903, 1
907, 2
908, 2
910, 1
911, 1
912, 1
914, 1
915, 1
916, 1
918, 2
920, 1
921, 1
922, 1
923, 1
924, 1
925, 1
927, 1
928, 1
929, 1
930, 1
932, 1
933, 1
934, 1
935, 1
936, 1
938, 1
939, 1
940, 1
941, 1
942, 1
944, 1
945, 1
946, 1
947, 1
949, 1
950, 1
951, 1
952, 1
953, 1
955, 1
956, 1
957, 1
958, 1
960, 1
961, 1
962, 1
963, 1
964, 1
966, 1
967, 1
968, 1
969, 1
971, 1
972, 1
973, 1
974, 1
975, 1
977, 1
978, 1
979, 1
980, 1
982, 1
983, 1
984, 1
985, 1
986, 1
988, 1
989, 1
990, 1
991, 1
993, 1
994, 1
995, 1
996, 1
998, 1
999, 1
1000, 1
1001, 1
1002, 1
1003, 1
1005, 1
1006, 1
1007, 1
1010, 1
1011, 2
1012, 1
1013, 1
1014, 1
1016, 1
1017, 1
1018, 1
1019, 1
1021, 1
1022, 1
1023, 1
1024, 1
1025, 1
1027, 1
1028, 1
1030, 1
1031, 1
1032, 1
1033, 1
1034, 1
1036, 1
1037, 1
1038, 1
1039, 1
1040, 1
1041, 1
1043, 1
1044, 1
1045, 1
1046, 1
1047, 1
1049, 1
1050, 1
1051, 1
1052, 1
1053, 1
1055, 1
1056, 1
1057, 1
1058, 1
1060, 1
1061, 1
1062, 1
1063, 1
1064, 1
1066, 1
1067, 1
1068, 1
1069, 1
1071, 1
1072, 1
1073, 1
1074, 1
1075, 1
1077, 1
1078, 1
1079, 1
1080, 1
1082, 1
1083, 1
1084, 1
1085, 1
1086, 1
1088, 1
1089, 1
1090, 1
1091, 1
1093, 1
1094, 1
1095, 1
1096, 1
1097, 1
1099, 1
1100, 1
1101, 1
1103, 1
1104, 1
1105, 1
1107, 2
1108, 1
1110, 1
1111, 1
1113, 1
1114, 1
1115, 1
1116, 1
1117, 1
1118, 1
1119, 1
1121, 1
1122, 1
1123, 1
1124, 1
1125, 1
1127, 1
1128, 1
1129, 1
1130, 1
1132, 1
1133, 1
1134, 1
1135, 1
1136, 1
1138, 1
1139, 1
1140, 1
1141, 1
1143, 1
1144, 1
1145, 1
1146, 1
1147, 1
1149, 1
1150, 1
1151, 1
1152, 1
1154, 1
1155, 1
1156, 1
1157, 1
1158, 1
1160, 1
1161, 1
1162, 1
1163, 1
1165, 1
1166, 1
1167, 1
1168, 1
1169, 1
1171, 1
1172, 1
1173, 1
1174, 1
1175, 1
1177, 1
1178, 1
1179, 1
1180, 1
1182, 1
1183, 1
1184, 1
1186, 2
1188, 1
1189, 1
1190, 1
1191, 1
1193, 1
1194, 1
1195, 1
1196, 1
1197, 1
1199, 1
1200, 1
1201, 1
1202, 1
1204, 1
1205, 1
1206, 1
1207, 1
1208, 1
1210, 1
1211, 1
1212, 1
1213, 1
1215, 1
1218, 2
1219, 1
1220, 1
1221, 1
1222, 1
1223, 1
1224, 1
1226, 1
1227, 1
1228, 1
1229, 1
1230, 1
1232, 1
1233, 1
1234, 1
1235, 1
1236, 1
1238, 1
1239, 1
1240, 1
1241, 1
1243, 1
1244, 1
1245, 1
1246, 1
1247, 1
1249, 1
1250, 1
1251, 1
1252, 1
1254, 1
1255, 1
1256, 1
1258, 1
1259, 1
1260, 1
1262, 2
1263, 1
1265, 1
1266, 1
1267, 1
1268, 1
1269, 1
1271, 1
1272, 1
1273, 1
1274, 1
1276, 1
1277, 1
1278, 1
1279, 1
1280, 1
1282, 1
1283, 1
1284, 1
1285, 1
1287, 1
1288, 1
1289, 1
1290, 1
1291, 1
1293, 1
1294, 1
1295, 1
1296, 1
1298, 1
1299, 1
1300, 1
1301, 1
1302, 1
1304, 1
1305, 1
1306, 1
1307, 1
1309, 1
1310, 1
1311, 1
1312, 1
1313, 1
1315, 1
1316, 1
1317, 1
1318, 1
1319, 1
1322, 1
1323, 2
1324, 1
1326, 1
1327, 1
1328, 1
1329, 1
1330, 1
1332, 1
1333, 1
1334, 1
1335, 1
1337, 1
1338, 1
1339, 1
1340, 1
1341, 1
1343, 1
1344, 1
1345, 1
1346, 1
1348, 1
1349, 1
1350, 1
1351, 1
1352, 1
1354, 1
1355, 1
1356, 1
1357, 1
1358, 1
1360, 1
1361, 1
1362, 1
1363, 1
1365, 1
1366, 1
1367, 1
1368, 1
1370, 1
1371, 1
1372, 1
1373, 1
1374, 1
1376, 1
1377, 1
1378, 1
1379, 1
1380, 1
1382, 1
1383, 1
1384, 1
1385, 1
1387, 1
1388, 1
1389, 1
1390, 1
1391, 1
1393, 1
1394, 1
1395, 1
1396, 1
1398, 1
1399, 1
1400, 1
1401, 1
1402, 1
1404, 1
1405, 1
1406, 1
1407, 1
1409, 1
1410, 1
1411, 1
1412, 1
1413, 1
1415, 1
1416, 1
1417, 1
1418, 1
1420, 1
1421, 1
1422, 1
1423, 1
1425, 1
1426, 1
1427, 1
1428, 1
1429, 1
1430, 1
1432, 1
1433, 1
1434, 1
1435, 1
1437, 1
1438, 1
1439, 1
1440, 1
1441, 1
1443, 1
1444, 1
1445, 1
1446, 1
1448, 1
1449, 1
1450, 1
1451, 1
1452, 1
1454, 1
1455, 1
1456, 1
1457, 1
1459, 1
1460, 1
1461, 1
1462, 1
1463, 1
1465, 1
1466, 1
1467, 1
1468, 1
1470, 1
1471, 1
1472, 1
1473, 1
1474, 1
1476, 1
1477, 1
1478, 1
1479, 1
1481, 1
1482, 1
1483, 1
1484, 1
1485, 1
1487, 1
1488, 1
1489, 1
1490, 1
1491, 1
1493, 1
1494, 1
1495, 1
1496, 1
1498, 1
1499, 1
1500, 1
1501, 1
1502, 1
1504, 1
1505, 1
1506, 1
1507, 1
1509, 1
1510, 1
1511, 1
1512, 1
1513, 1
1515, 1
1516, 1
1517, 1
1518, 1
1520, 1
1521, 1
1522, 1
1523, 1
1524, 1
1526, 1
1527, 1
1530, 2
1531, 1
1532, 1
1533, 1
1534, 1
1535, 1
1537, 1
1538, 1
1539, 1
1540, 1
1542, 1
1543, 1
1544, 1
1545, 1
1546, 1
1548, 1
1549, 1
1550, 1
1551, 1
1553, 1
1554, 1
1555, 1
1556, 1
1557, 1
1559, 1
1560, 1
1561, 1
1562, 1
1563, 1
1565, 1
1566, 1
1567, 1
1568, 1
1570, 1
1571, 1
1572, 1
1573, 1
1574, 1
1576, 1
1577, 1
1578, 1
1579, 1
1581, 1
1582, 1
1583, 1
1584, 1
1585, 1
1587, 1
1588, 1
1589, 1
1590, 1
1592, 1
1593, 1
1594, 1
1595, 1
1596, 1
1598, 1
1599, 1
1600, 1
1601, 1
1603, 1
1604, 1
1605, 1
1606, 1
1607, 1
1609, 1
1610, 1
1611, 1
1612, 1
1613, 1
1615, 1
1616, 1
1617, 1
1618, 1
1620, 1
1621, 1
1622, 1
1623, 1
1624, 1
1626, 1
1627, 1
1628, 1
1629, 1
1631, 1
1634, 2
1635, 2
1637, 1
1638, 1
1639, 1
1640, 1
1642, 1
1643, 1
1644, 1
1645, 1
1646, 1
1648, 1
1649, 1
1650, 1
1651, 1
1653, 1
1654, 1
1655, 1
1656, 1
1657, 1
1659, 1
1660, 1
1661, 1
1662, 1
1663, 1
1665, 1
1666, 1
1667, 1
1668, 1
1670, 1
1671, 1
1672, 1
1673, 1
1674, 1
1676, 1
1677, 1
1678, 1
1679, 1
1681, 1
1682, 1
1683, 1
1684, 1
1685, 1
1687, 1
1688, 1
1689, 1
1690, 1
1692, 1
1693, 1
1694, 1
1695, 1
1696, 1
1698, 1
1699, 1
1700, 1
1701, 1
1703, 1
1704, 1
1705, 1
1706, 1
1707, 1
1709, 1
1710, 1
1711, 1
1712, 1
1714, 1
1715, 1
1716, 1
1717, 1
1718, 1
1720, 1
1721, 1
1722, 1
1723, 1
1724, 1
1726, 1
1727, 1
1728, 1
1729, 1
1731, 1
1732, 1
1733, 1
1734, 1
1735, 1
1738, 1
1739, 2
1740, 1
1742, 1
1743, 1
1744, 1
1745, 1
1746, 1
1748, 1
1749, 1
1750, 1
1751, 1
1753, 1
1754, 1
1755, 1
1756, 1
1757, 1
1759, 1
1760, 1
1761, 1
1762, 1
1764, 1
1765, 1
1766, 1
1767, 1
1768, 1
1770, 1
1771, 1
1772, 1
1773, 1
1775, 1
1776, 1
1777, 1
1778, 1
1779, 1
1781, 1
1782, 1
1783, 1
1784, 1
1786, 1
1787, 1
1788, 1
1789, 1
1790, 1
1792, 1
1793, 1
1794, 1
1795, 1
1797, 1
1798, 1
1799, 1
1800, 1
1801, 1
1803, 1
1804, 1
1805, 1
1806, 1
1807, 1
1809, 1
1810, 1
1812, 2
1814, 1
1815, 1
1816, 1
1817, 1
1818, 1
1820, 1
1821, 1
1822, 1
1823, 1
1825, 1
1826, 1
1827, 1
1828, 1
1829, 1
1831, 1
1832, 1
1833, 1
1834, 1
1836, 1
1837, 1
1838, 1
1842, 2
1843, 2
1844, 1
1845, 1
1847, 1
1848, 1
1849, 1
1850, 1
1851, 1
1853, 1
1854, 1
1855, 1
1856, 1
1857, 1
1859, 1
1860, 1
1861, 1
1862, 1
1864, 1
1865, 1
1867, 2
1868, 1
1870, 1
1871, 1
1872, 1
1873, 1
1875, 1
1876, 1
1877, 1
1878, 1
1879, 1
1881, 1
1882, 1
1883, 1
1884, 1
1886, 1
1887, 1
1888, 1
1889, 1
1890, 1
1892, 1
1893, 1
1894, 1
1895, 1
1897, 1
1898, 1
1899, 1
1900, 1
1901, 1
1903, 1
1904, 1
1905, 1
1906, 1
1908, 1
1909, 1
1910, 1
1911, 1
1912, 1
1914, 1
1916, 2
1917, 1
1919, 1
1920, 1
1921, 1
1922, 1
1923, 1
1925, 1
1926, 1
1927, 1
1928, 1
1929, 1
1931, 1
1932, 1
1933, 1
1934, 1
1936, 1
1937, 1
1938, 1
1939, 1
1940, 1
1942, 1
1943, 1
1945, 1
1946, 1
1947, 1
1948, 1
1949, 1
1950, 1
1951, 1
1953, 1
1954, 1
1955, 1
1956, 1
1958, 1
1959, 1
1961, 2
1963, 1
1964, 1
1965, 1
1966, 1
1967, 1
1969, 1
1970, 1
1971, 1
1972, 1
1973, 1
1975, 1
1976, 1
1977, 1
1978, 1
1979, 1
1981, 1
1982, 1
1983, 1
1984, 1
1986, 1
1987, 1
1988, 1
1989, 1
1990, 1
1992, 1
1993, 1
1994, 1
1995, 1
1997, 1
1998, 1
1999, 1
2001, 1
2002, 1
2003, 1
2004, 1
2005, 1
2006, 1
2008, 1
2009, 1
2010, 1
2011, 1
2012, 1
2014, 1
2015, 1
2016, 1
2017, 1
2019, 1
2020, 1
2025, 2
2026, 2
2027, 1
2028, 1
2032, 1
2033, 2
2034, 2
2035, 1
2039, 1
2040, 2
2041, 1
2042, 2
2043, 1
2046, 1
2047, 2
2050, 2
2051, 1
2052, 1
2282, 1
2343, 1
2344, 2
2345, 2
2346, 2
2347, 2
2348, 1
2349, 2
2350, 2
2351, 2
2352, 2
2353, 2
2354, 2
2355, 1
2356, 2
2357, 2
2358, 2
2359, 2
2360, 2
2361, 2
2362, 1
2398, 1
2399, 2
2400, 2
2401, 2
2402, 2
2403, 2
2404, 1
2405, 2
2406, 2
2407, 2
2408, 2
2409, 2
2410, 2
2411, 2
2412, 1
2413, 1
2447, 1
2448, 2
2449, 2
2450, 1
2451, 2
2452, 2
2453, 2
2454, 2
2455, 2
2456, 2
2457, 1
2458, 2
2459, 2
2460, 2
2461, 2
2462, 2
2463, 1
2468, 2
2469, 2
2470, 2
2471, 1
2472, 1
2476, 1
2477, 2
2478, 2
2479, 2
2480, 2
2481, 2
2482, 2
2483, 2
2484, 1
2485, 2
2486, 2
2487, 2
2488, 2
2489, 2
2490, 1
2491, 2
2492, 2
2493, 2
2494, 1
2498, 1
2499, 1
2500, 2
2501, 2
2502, 2
2503, 2
2504, 2
2505, 1
2506, 2
2507, 2
2508, 2
2509, 2
2510, 2
2511, 2
2512, 2
2513, 2
2518, 2
2519, 1
2520, 2
2521, 2
2522, 2
2523, 2
2524, 2
2525, 2
2526, 2
2527, 1
2528, 2
2529, 2
2530, 2
2531, 2
2532, 2
2533, 2
2537, 1
2538, 1
2539, 2
2540, 2
2541, 2
2542, 2
2543, 2
2544, 2
2545, 2
2546, 1
2547, 2
2548, 2
2549, 2
2550, 2
2551, 2
2552, 2
2553, 2
2557, 1
2558, 2
2559, 2
2560, 1
2561, 2
2562, 2
2563, 2
2564, 2
2565, 2
2566, 2
2567, 2
2568, 1
2569, 2
2570, 2
2571, 2
2572, 2
2573, 2
2579, 2
2580, 2
2581, 2
2582, 2
2583, 2
2584, 1
2585, 2
2586, 2
2587, 2
2588, 2
2589, 2
2590, 2
2591, 2
2592, 2
2593, 2
2598, 2
2599, 2
2600, 2
2601, 2
2602, 2
2603, 1
2604, 2
2605, 2
2606, 2
2607, 2
2608, 2
2609, 2
2610, 2
2611, 1
2612, 2
2613, 2
2614, 1
2617, 1
2618, 2
2619, 2
2620, 1
2621, 2
2622, 2
2623, 2
2624, 2
2625, 2
2626, 2
2627, 2
2628, 1
2629, 2
2630, 2
2631, 2
2632, 2
2633, 2
2638, 2
2639, 2
2640, 1
2641, 2
2642, 2
2643, 2
2644, 2
2645, 2
2646, 2
2647, 2
2648, 1
2649, 2
2650, 2
2651, 2
2652, 2
2653, 2
2658, 2
2659, 2
2660, 1
2661, 2
2662, 2
2663, 2
2664, 2
2665, 2
2666, 2
2667, 2
2668, 1
2669, 2
2670, 2
2671, 2
2672, 2
2673, 2
2678, 2
2679, 2
2683, 2
2684, 1
2685, 2
2686, 2
2687, 2
2688, 2
2689, 2
2690, 1
2691, 2
2692, 2
2693, 2
2694, 2
2695, 1
2696, 1
2700, 2
2701, 2
2702, 2
2703, 1
2704, 2
2705, 2
2706, 2
2707, 2
2708, 2
2709, 2
2710, 2
2711, 1
2712, 2
2713, 2
2714, 2
2715, 2
2716, 1
2720, 1
2721, 2
2722, 2
2723, 2
2724, 2
2725, 2
2726, 1
2727, 2
2728, 2
2729, 2
2730, 2
2731, 2
2732, 1
2733, 2
2734, 2
2735, 2
2736, 1
2740, 1
2741, 2
2742, 1
2743, 2
2744, 2
2745, 2
2746, 2
2747, 2
2748, 2
2749, 1
2750, 2
2751, 2
2752, 2
2753, 2
2754, 2
2755, 2
2756, 1
2760, 1
2761, 2
2762, 2
2763, 2
2764, 2
2765, 1
2766, 2
2767, 2
2768, 2
2769, 2
2770, 2
2771, 2
2772, 2
2773, 1
2774, 2
2775, 2
2776, 2
2780, 2
2781, 2
2782, 2
2783, 2
2785, 1
2786, 2
2787, 1
2788, 2
2789, 2
2790, 2
2791, 2
2792, 2
2793, 2
2794, 2
2795, 1
2796, 2
2800, 1
2801, 2
2802, 1
2803, 2
2804, 2
2805, 2
2806, 2
2807, 2
2808, 2
2809, 1
2810, 2
2811, 2
2812, 2
2813, 2
2814, 2
2815, 2
2816, 2
2817, 2
2818, 1
2819, 2
2820, 2
2821, 2
2822, 2
2823, 2
2824, 1
2825, 1
2826, 1
2828, 1
2829, 1
2830, 1
2831, 1
2832, 1
2834, 1
2835, 1
2836, 1
2837, 1
2839, 1
2840, 1
2842, 1
2843, 2
2844, 1
2846, 1
2847, 1
2848, 1
2849, 1
2851, 1
2852, 1
2853, 1
2854, 1
2855, 1
2857, 1
2858, 1
2859, 1
2860, 1
2862, 1
2863, 1
2864, 1
2865, 1
2866, 1
2868, 1
2869, 1
2870, 1
2871, 1
2873, 1
2874, 1
2875, 1
2876, 1
2878, 1
2879, 1
2880, 1
2881, 1
2882, 1
2884, 1
2885, 1
2886, 1
2887, 1
2891, 2
2892, 2
2893, 1
2894, 1
2896, 1
2897, 1
2898, 1
2899, 1
2901, 1
2902, 1
2903, 1
2904, 1
2906, 1
2907, 1
2908, 1
2909, 1
2910, 1
2912, 1
2913, 1
2914, 1
2915, 1
2916, 1
2918, 1
2919, 1
2920, 1
2921, 1
2923, 1
2924, 1
2925, 1
2926, 1
2927, 1
2929, 1
2930, 1
2931, 1
2932, 1
2934, 1
2935, 1
2936, 1
2937, 1
2938, 1
2940, 1
2941, 1
2942, 1
2943, 1
2945, 1
2946, 1
2947, 1
2948, 1
2949, 1
2951, 1
2952, 1
2953, 1
2954, 1
2955, 1
2957, 1
2958, 1
2959, 1
2960, 1
2962, 1
2963, 1
2964, 1
2965, 1
2966, 1
2968, 1
2969, 1
2970, 1
2971, 1
2973, 1
2974, 1
2975, 1
2976, 1
2977, 1
2979, 1
2980, 1
2981, 1
2982, 1
2984, 1
2985, 1
2986, 1
2987, 1
2988, 1
2990, 1
2991, 1
2992, 1
2993, 1
2995, 1
2996, 1
2997, 1
2998, 1
2999, 1
3001, 1
3002, 1
3003, 1
3004, 1
3006, 1
3007, 1
3008, 1
3009, 1
3010, 1
3012, 1
3013, 1
3014, 1
3015, 1
3016, 1
3018, 1
3019, 1
3020, 1
3021, 1
3023, 1
3024, 1
3025, 1
3026, 1
3027, 1
3029, 1
3030, 1
3031, 1
3032, 1
3034, 1
3035, 1
3036, 1
3037, 1
3038, 1
3040, 1
3041, 1
3042, 1
3043, 1
3045, 1
3046, 1
3047, 1
3048, 1
3049, 1
3051, 1
3052, 1
3053, 1
3054, 1
3056, 1
3057, 1
3058, 1
3059, 1
3060, 1
3062, 1
3063, 1
3064, 1
3065, 1
3066, 1
3068, 1
3069, 1
3070, 1
3071, 1
3073, 1
3074, 1
3075, 1
3076, 1
3078, 1
3079, 1
3080, 1
3081, 1
3082, 1
3084, 1
3085, 1
3086, 1
3087, 1
3088, 1
3090, 1
3091, 1
3092, 1
3093, 1
3095, 1
3096, 1
3097, 1
3098, 1
3099, 1
3101, 1
3102, 1
3103, 1
3104, 1
3106, 1
3107, 1
3108, 1
3109, 1
3110, 1
3112, 1
3113, 1
3114, 1
3115, 1
3117, 1
3118, 1
3119, 1
3120, 1
3121, 1
3123, 1
3124, 1
3125, 1
3126, 1
3127, 1
3129, 1
3130, 1
3131, 1
3132, 1
3134, 1
3135, 1
3136, 1
3137, 1
3138, 1
3140, 1
3141, 1
3142, 1
3143, 1
3145, 1
3146, 1
3147, 1
3148, 1
3149, 1
3151, 1
3152, 1
3153, 1
3154, 1
3156, 1
3157, 1
3158, 1
3159, 1
3160, 1
3162, 1
3163, 1
3164, 1
3165, 1
3167, 1
3168, 1
3169, 1
3170, 1
3171, 1
3173, 1
3175, 2
3176, 1
3178, 1
3179, 1
3180, 1
3181, 1
3182, 1
3184, 1
3185, 1
3186, 1
3187, 1
3188, 1
3190, 1
3191, 1
3192, 1
3193, 1
3195, 1
3196, 1
3197, 1
3198, 1
3199, 1
3201, 1
3202, 1
3203, 1
3204, 1
3206, 1
3207, 1
3208, 1
3209, 1
3210, 1
3212, 1
3213, 1
3214, 1
3215, 1
3217, 1
3218, 1
3219, 1
3220, 1
3221, 1
3223, 1
3224, 1
3225, 1
3226, 1
3228, 1
3229, 1
3230, 1
3231, 1
3232, 1
3234, 1
3235, 1
3236, 1
3237, 1
3239, 1
3240, 1
3241, 1
3242, 1
3243, 1
3245, 1
3246, 1
3247, 1
3248, 1
3250, 1
3251, 1
3252, 1
3253, 1
3254, 1
3256, 1
3257, 1
3258, 1
3259, 1
3261, 1
3262, 1
3263, 1
3264, 1
3265, 1
3267, 1
3269, 2
3270, 1
3271, 1
3273, 1
3274, 1
3275, 1
3276, 1
3278, 1
3279, 1
3280, 1
3281, 1
3283, 1
3284, 1
3285, 1
3286, 1
3287, 1
3289, 1
3290, 1
3291, 1
3292, 1
3293, 1
3295, 1
3296, 1
3297, 1
3298, 1
3300, 1
3301, 1
3302, 1
3303, 1
3304, 1
3306, 1
3307, 1
3308, 1
3310, 1
3311, 1
3312, 1
3314, 2
3315, 1
3317, 1
3318, 1
3319, 1
3322, 2
3323, 1
3324, 1
3326, 1
3327, 1
3328, 1
3329, 1
3330, 1
3332, 1
3333, 1
3334, 1
3336, 1
3337, 2
3339, 1
3340, 1
3342, 1
3343, 2
3345, 1
3346, 1
3347, 1
3350, 1
3351, 2
3352, 1
3354, 1
3355, 1
3356, 1
3360, 2
3361, 1
3362, 2
3363, 1
3364, 1
3365, 1
3367, 1
3368, 1
3372, 1
3373, 2
3374, 2
3375, 1
3376, 1
3378, 1
3379, 1
3380, 1
3381, 1
3387, 1
3388, 2
3389, 1
3390, 2
3391, 2
3392, 1
3394, 1
3395, 1
3396, 1
3397, 1
3398, 1
3400, 1
3401, 1
3408, 2
3409, 2
3410, 1
3411, 2
3412, 2
3414, 2
3416, 1
3417, 1
3418, 1
3419, 1
3420, 1
3422, 1
3423, 1
3424, 1
3425, 1
3434, 2
3435, 2
3436, 1
3437, 2
3438, 2
3439, 2
3442, 1
3443, 2
3444, 1
3445, 1
3446, 1
3447, 1
3449, 1
3450, 1
3451, 1
3452, 1
3453, 1
3455, 1
3456, 1
3466, 1
3467, 1
3468, 2
3469, 2
3471, 1
3472, 1
3473, 2
3474, 2
3475, 2
3476, 1
3477, 2
3478, 1
3479, 1
3480, 1
3481, 1
3483, 1
3484, 1
3485, 1
3486, 1
3487, 1
3489, 1
3490, 1
3491, 1
3492, 1
3493, 1
3495, 1
3509, 2
3510, 1
3511, 2
3512, 2
3513, 1
3514, 2
3515, 2
3516, 2
3517, 1
3518, 1
3519, 1
3520, 1
3523, 1
3524, 2
3525, 1
3526, 2
3527, 2
3528, 1
3529, 1
3530, 1
3532, 1
3533, 1
3534, 1
3535, 1
3536, 1
3537, 1
3539, 1
3540, 1
3541, 1
3542, 1
3544, 1
3545, 1
3546, 1
3560, 1
3561, 1
3562, 1
3563, 2
3564, 2
3565, 1
3566, 2
3567, 2
3568, 1
3569, 2
3570, 1
3574, 1
3575, 2
3576, 1
3577, 2
3578, 2
3579, 2
3580, 1
3581, 2
3583, 1
3584, 1
3585, 1
3586, 1
3587, 1
3589, 1
3590, 1
3591, 1
3592, 1
3594, 1
3595, 1
3596, 1
3597, 1
3598, 1
3600, 1
3611, 1
3612, 2
3613, 2
3614, 1
3615, 2
3616, 2
3617, 2
3618, 2
3619, 1
3620, 1
3621, 1
3622, 1
3623, 1
3625, 2
3626, 1
3628, 1
3629, 1
3630, 1
3631, 1
3633, 1
3634, 1
3635, 1
3636, 1
3637, 1
3639, 1
3640, 1
3641, 1
3645, 2
3646, 1
3647, 2
3648, 1
3650, 1
3651, 1
3652, 1
3653, 1
3655, 1
3656, 1
3657, 1
3658, 1
3659, 1
3661, 1
3662, 1
3663, 1
3664, 1
3666, 1
3667, 1
3672, 1
3673, 2
3674, 1
3675, 2
3676, 1
3677, 1
3678, 1
3679, 1
3680, 1
3681, 1
3683, 1
3684, 1
3685, 1
3686, 1
3687, 1
3689, 1
3690, 1
3691, 1
3692, 1
3694, 1
3695, 1
3696, 1
3697, 1
3698, 1
3700, 1
3701, 1
3702, 1
3703, 1
3705, 1
3706, 1
3707, 1
3708, 1
3709, 1
3711, 1
3712, 1
3713, 1
3714, 1
3716, 1
3717, 1
3718, 1
3719, 1
3720, 1
3722, 1
3723, 1
3724, 1
3725, 1
3727, 1
3728, 1
3729, 1
3730, 1
3731, 1
3733, 1
3734, 1
3735, 1
3736, 1
3738, 1
3739, 1
3740, 1
3741, 1
3742, 1
3744, 1
3745, 1
3746, 1
3747, 1
3748, 1
3750, 1
3751, 1
3752, 1
3753, 1
3755, 1
3756, 1
3757, 1
3758, 1
3759, 1
3761, 1
3762, 1
3763, 1
3764, 1
3766, 1
3767, 1
3768, 1
3769, 1
3770, 1
3772, 1
3773, 1
3774, 1
3775, 1
3777, 1
3778, 1
3779, 1
3780, 1
3781, 1
3783, 1
3784, 1
3785, 1
3786, 1
3788, 1
3789, 1
3790, 1
3791, 1
3792, 1
3794, 1
3795, 1
3796, 1
3797, 1
3799, 1
3800, 1
3801, 1
3802, 1
3803, 1
3805, 1
3806, 1
3807, 1
3808, 1
3809, 1
3811, 1
3812, 1
3813, 1
3814, 1
3816, 1
3817, 1
3818, 1
3819, 1
3820, 1
3822, 1
3823, 1
3824, 1
3825, 1
3827, 1
3828, 1
3829, 1
3830, 1
3831, 1
3833, 1
3834, 1
3835, 1
3836, 1
3838, 1
3839, 1
3840, 1
3841, 1
3842, 1
3844, 1
3845, 1
3846, 1
3847, 1
3849, 1
3850, 1
3851, 1
3852, 1
3853, 1
3855, 1
3856, 1
3857, 1
3858, 1
3859, 1
3861, 1
3862, 1
3863, 1
3864, 1
3866, 1
3867, 1
3868, 1
3869, 1
3870, 1
3872, 1
3873, 1
3874, 1
3875, 1
3877, 1
3878, 1
3879, 1
3880, 1
3881, 1
3883, 1
3884, 1
3885, 1
3886, 1
3888, 1
3889, 1
3890, 1
3891, 1
3892, 1
3894, 1
3895, 1
3896, 1
3897, 1
3899, 1
3900, 1
3901, 1
3902, 1
3903, 1
3905, 1
3906, 1
3907, 1
3908, 1
3910, 1
3911, 1
3912, 1
3913, 1
3914, 1
3916, 1
3917, 1
3918, 1
3919, 1
3921, 1
3922, 1
3923, 1
3924, 1
3925, 1
3927, 1
3928, 1
3929, 1
3930, 1
3931, 1
3933, 1
3934, 1
3935, 1
3936, 1
3938, 1
3939, 1
3940, 1
3941, 1
3942, 1
3944, 1
3945, 1
3946, 1
3947, 1
3949, 1
3950, 1
3951, 1
3952, 1
3953, 1
3955, 1
3956, 1
3957, 1
3958, 1
3960, 1
3961, 1
3962, 1
3963, 1
3964, 1
3966, 1
3967, 1
3968, 1
3969, 1
3971, 1
3972, 1
3973, 1
3974, 1
3975, 1
3977, 1
3978, 1
3979, 1
3980, 1
3982, 1
3983, 1
3984, 1
3985, 1
3986, 1
3988, 1
3989, 1
3990, 1
3991, 1
3992, 1
3994, 1
3995, 1
3996, 1
3997, 1
3999, 1
4000, 1
4001, 1
4002, 1
4003, 1
4005, 1
4006, 1
4007, 1
4008, 1
4010, 1
4011, 1
4012, 1
4013, 1
4014, 1
4016, 1
4017, 1
4018, 1
4019, 1
4021, 1
4022, 1
4023, 1
4024, 1
4025, 1
4027, 1
4028, 1
4029, 1
4030, 1
4032, 1
4033, 1
4034, 1
4035, 1
4036, 1
4038, 1
4039, 1
4040, 1
4041, 1
4042, 1
4044, 1
4045, 1
4046, 1
4047, 1
4049, 1
4050, 1
4051, 1
4052, 1
4053, 1
4055, 1
4056, 1
4057, 1
4058, 1
4060, 1
4061, 1
4062, 1
4063, 1
4064, 1
4066, 1
4067, 1
4068, 1
4069, 1
4071, 1
4072, 1
4073, 1
4074, 1
4075, 1
4077, 1
4078, 1
4079, 1
4080, 1
4082, 1
4083, 1
4084, 1
4085, 1
4086, 1
4088, 1
4089, 1
4090, 1
4091, 1
4093, 1
4094, 1
4095, 1
4096, 1
4097, 1
4099, 1
4100, 1
4101, 1
4102, 1
4103, 1
4105, 1
4106, 1
4107, 1
4108, 1
4110, 1
4111, 1
4112, 1
4113, 1
4114, 1
4116, 1
4117, 1
4118, 1
4119, 1
4121, 1
4122, 1
4127, 1
4128, 1
4129, 2
4130, 2
4131, 1
4132, 1
4152, 1
4153, 2
4154, 2
4155, 2
4156, 2
4157, 2
4158, 1
4159, 2
4160, 2
4161, 2
4162, 1
4242, 1
4243, 2
4244, 2
4245, 2
4246, 1
4247, 2
4248, 2
4249, 2
4250, 2
4251, 2
4252, 2
4253, 2
4254, 1
4255, 2
4256, 2
4257, 2
4258, 2
4259, 2
4260, 2
4261, 2
4295, 2
4296, 2
4297, 2
4298, 2
4299, 2
4300, 2
4301, 2
4302, 2
4303, 2
4304, 1
4305, 2
4306, 2
4307, 2
4308, 2
4309, 2
4310, 2
4311, 2
4312, 2
4313, 2
4314, 2
4355, 1
4356, 1
4357, 2
4358, 2
4359, 2
4360, 2
4361, 2
4362, 2
4363, 2
4364, 2
4365, 2
4366, 2
4367, 1
4368, 2
4369, 2
4370, 2
4371, 2
4372, 2
4373, 2
4374, 2
4375, 1
4420, 1
4421, 1
4422, 2
4423, 1
4424, 2
4425, 1
4426, 2
4427, 2
4428, 2
4429, 2
4430, 2
4431, 1
4467, 1
4468, 2
4469, 2
4470, 2
4471, 2
4472, 2
4473, 1
4474, 2
4475, 2
4476, 2
4477, 2
4478, 2
4479, 2
4480, 2
4481, 2
4482, 2
4483, 2
4484, 1
4485, 3
4486, 1
4487, 1
4528, 2
4529, 2
4530, 2
4531, 2
4532, 2
4533, 2
4534, 1
4535, 2
4536, 2
4537, 2
4538, 2
4539, 2
4540, 2
4541, 2
4542, 2
4543, 2
4544, 2
4545, 2
4546, 2
4547, 1
4589, 2
4590, 2
4591, 2
4592, 2
4593, 1
4594, 2
4595, 2
4596, 2
4597, 2
4598, 2
4599, 2
4600, 1
4601, 2
4602, 2
4603, 2
4604, 2
4605, 2
4606, 2
4607, 2
4653, 2
4654, 1
4655, 2
4656, 1
4657, 2
4658, 2
4659, 2
4660, 1
4661, 2
4662, 2
4663, 1
4693, 1
4694, 2
4695, 2
4696, 2
4697, 2
4698, 2
4699, 2
4700, 2
4701, 2
4702, 1
4703, 2
4704, 2
4705, 2
4706, 2
4707, 2
4708, 2
4731, 2
4732, 2
4733, 2
4734, 2
4735, 2
4736, 2
4737, 2
4738, 1
4739, 2
4740, 2
4741, 2
4742, 2
4743, 2
4744, 2
4745, 2
4746, 2
4747, 2
4748, 2
4756, 2
4757, 2
4758, 1
4759, 2
4760, 2
4761, 2
4762, 2
4763, 2
4764, 2
4765, 2
4766, 2
4767, 2
4768, 2
4769, 1
4775, 2
4776, 1
4777, 2
4778, 2
4779, 2
4780, 2
4781, 2
4782, 2
4783, 2
4784, 2
4785, 2
4786, 1
4787, 2
4788, 2
4789, 1
4796, 2
4797, 2
4798, 2
4799, 1
4800, 2
4801, 2
4802, 2
4803, 2
4804, 2
4805, 2
4806, 2
4807, 2
4808, 2
4809, 1
4814, 2
4815, 2
4816, 2
4817, 2
4818, 2
4819, 2
4820, 1
4821, 2
4822, 2
4823, 2
4824, 2
4825, 2
4826, 2
4827, 2
4828, 2
4829, 2
4836, 1
4837, 2
4838, 2
4839, 2
4840, 2
4841, 2
4842, 2
4843, 2
4844, 2
4845, 2
4846, 1
4847, 2
4848, 2
4849, 2
4854, 2
4855, 2
4856, 2
4857, 2
4858, 2
4859, 2
4860, 2
4861, 2
4862, 2
4863, 1
4864, 2
4865, 2
4866, 2
4867, 2
4868, 2
4869, 2
4876, 1
4877, 2
4878, 2
4879, 2
4880, 2
4881, 2
4882, 1
4883, 2
4884, 2
4885, 2
4886, 2
4887, 2
4888, 2
4889, 2
4894, 1
4895, 2
4896, 2
4897, 1
4898, 2
4899, 2
4900, 2
4901, 2
4902, 2
4903, 1
4904, 2
4905, 2
4906, 2
4907, 2
4908, 2
4909, 2
4910, 1
4915, 2
4916, 1
4917, 1
4918, 2
4919, 2
4920, 2
4921, 2
4922, 2
4923, 2
4924, 2
4925, 2
4926, 2
4927, 2
4928, 1
4929, 2
4930, 2
4934, 1
4935, 2
4936, 2
4937, 2
4938, 1
4939, 2
4940, 2
4941, 2
4942, 2
4943, 2
4944, 1
4945, 2
4946, 2
4947, 2
4948, 2
4949, 2
4950, 2
4956, 1
4957, 1
4958, 2
4959, 2
4960, 2
4961, 2
4962, 2
4963, 2
4964, 2
4965, 2
4966, 2
4967, 2
4968, 2
4969, 2
4970, 1
4971, 1
4976, 1
4977, 2
4978, 1
4979, 2
4980, 2
4981, 2
4982, 2
4983, 2
4984, 2
4985, 2
4986, 2
4987, 2
4988, 2
4989, 2
4990, 1
4991, 1
4997, 2
4998, 2
4999, 2
5000, 2
5001, 2
5002, 2
5003, 2
5004, 2
5005, 2
5006, 1
5007, 2
5008, 2
5009, 2
5010, 2
5011, 1
5017, 1
5018, 2
5019, 2
5020, 2
5021, 2
5022, 2
5023, 2
5024, 2
5025, 2
5026, 1
5027, 2
5028, 1
5030, 1
5031, 1
5032, 1
5033, 1
5034, 1
5036, 1
5037, 1
5038, 1
5039, 1
5041, 1
5042, 1
5043, 1
5044, 1
5045, 1
5047, 1
5048, 1
5049, 1
5050, 1
5051, 1
5053, 1
5054, 1
5055, 1
5056, 1
5058, 1
5059, 1
5060, 1
5061, 1
5062, 1
5064, 1
5065, 1
5066, 1
5067, 1
5069, 1
5070, 1
5071, 1
5072, 1
5073, 1
5075, 1
5076, 1
5077, 1
5078, 1
5080, 1
5081, 1
5082, 1
5083, 1
5084, 1
5086, 1
5087, 1
5088, 1
5089, 1
5090, 1
5092, 1
5093, 1
5094, 1
5095, 1
5097, 1
5098, 1
5099, 1
5100, 1
5101, 1
5103, 1
5104, 1
5105, 1
5106, 1
5108, 1
5109, 1
5110, 1
5111, 1
5112, 1
5114, 1
5115, 1
5116, 1
5117, 1
5119, 1
5120, 1
5121, 1
5122, 1
5123, 1
5125, 1
5126, 1
5127, 1
5128, 1
5130, 1
5131, 1
5132, 1
5133, 1
5134, 1
5136, 1
5137, 1
5138, 1
5139, 1
5140, 1
5142, 1
5143, 1
5144, 1
5145, 1
5147, 1
5148, 1
5149, 1
5150, 1
5151, 1
5153, 1
5154, 1
5155, 1
5156, 1
5158, 1
5159, 1
5160, 1
5161, 1
5162, 1
5164, 1
5165, 1
5166, 1
5167, 1
5169, 1
5170, 1
5171, 1
5172, 1
5173, 1
5175, 1
5176, 1
5177, 1
5178, 1
5180, 1
5181, 1
5182, 1
5183, 1
5184, 1
5186, 1
5187, 1
5188, 1
5189, 1
5191, 1
5192, 1
5193, 1
5194, 1
5195, 1
5197, 1
5198, 1
5199, 1
5200, 1
5202, 1
5203, 1
5204, 1
5205, 1
5206, 1
5208, 1
5209, 1
5210, 1
5211, 1
5212, 1
5214, 1
5215, 1
5216, 1
5217, 1
5219, 1
5220, 1
5221, 1
5222, 1
5223, 1
5225, 1
5226, 1
5227, 1
5228, 1
5230, 1
5231, 1
5232, 1
5233, 1
5234, 1
5236, 1
5237, 1
5238, 1
5239, 1
5241, 1
5242, 1
5243, 1
5244, 1
5245, 1
5247, 1
5248, 1
5249, 1
5250, 1
5252, 1
5253, 1
5254, 1
5255, 1
5256, 1
5258, 1
5259, 1
5260, 1
5261, 1
5262, 1
5264, 1
5265, 1
5266, 1
5267, 1
5269, 1
5270, 1
5271, 1
5272, 1
5273, 1
5275, 1
5276, 1
5277, 1
5278, 1
5280, 1
5281, 1
5282, 1
5283, 1
5284, 1
5286, 1
5287, 1
5288, 1
5289, 1
5291, 1
5292, 1
5293, 1
5294, 1
5295, 1
5297, 1
5298, 1
5299, 1
5300, 1
5302, 1
5303, 1
5304, 1
5305, 1
5306, 1
5308, 1
5309, 1
5310, 1
5311, 1
5312, 1
5314, 1
5315, 1
5316, 1
5317, 1
5319, 1
5320, 1
5321, 1
5322, 1
5323, 1
5325, 1
5326, 1
5327, 1
5328, 1
5330, 1
5331, 1
5332, 1
5333, 1
5334, 1
5336, 1
5337, 1
5338, 1
5339, 1
5341, 1
5342, 1
5343, 1
5344, 1
5345, 1
5347, 1
5348, 1
5349, 1
5350, 1
5352, 1
5353, 1
5354, 1
5355, 1
5356, 1
5358, 1
5359, 1
5360, 1
5361, 1
5363, 1
5364, 1
5365, 1
5366, 1
5367, 1
5369, 1
5370, 1
5371, 1
5372, 1
5374, 1
5375, 1
5376, 1
5377, 1
5378, 1
5380, 1
5381, 1
5382, 1
5383, 1
5384, 1
5386, 1
5387, 1
5388, 1
5389, 1
5391, 1
5392, 1
5393, 1
5394, 1
5395, 1
5397, 1
5398, 1
5399, 1
5400, 1
5402, 1
5403, 1
5404, 1
5405, 1
5406, 1
5408, 1
5409, 1
5410, 1
5411, 1
5413, 1
5414, 1
5415, 1
5416, 1
5417, 1
5419, 1
5420, 1
5421, 1
5422, 1
5424, 1
5425, 1
5426, 1
5427, 1
5428, 1
5430, 1
5431, 1
5432, 1
5433, 1
5435, 1
5436, 1
5437, 1
5438, 1
5439, 1
5441, 1
5442, 1
5443, 1
5444, 1
5446, 1
5447, 1
5448, 1
5449, 1
5450, 1
5452, 1
5453, 1
5454, 1
5455, 1
5456, 1
5458, 1
5459, 1
5460, 1
5461, 1
5463, 1
5464, 1
5465, 1
5466, 1
5467, 1
5469, 1
5470, 1
5471, 1
5472, 1
5474, 1
5475, 1
5476, 1
5477, 1
5478, 1
5480, 1
5481, 1
5482, 1
5483, 1
5485, 1
5486, 1
5487, 1
5488, 1
5489, 1
5491, 1
5492, 1
5493, 1
5494, 1
5496, 1
5497, 1
5498, 1
5499, 1
5500, 1
5502, 1
5503, 1
5504, 1
5505, 1
5507, 1
5508, 1
5509, 1
5510, 1
5511, 1
5513, 1
5514, 1
5515, 1
5516, 1
5517, 1
5519, 1
5520, 1
5521, 1
5522, 1
5524, 1
5525, 1
5526, 1
5527, 1
5528, 1
5530, 1
5531, 1
5532, 1
5533, 1
5535, 1
5536, 1
5537, 1
5538, 1
5539, 1
5541, 1
5542, 1
5543, 1
5544, 1
5546, 1
5547, 1
5548, 1
5549, 1
5550, 1
5552, 1
5553, 1
5554, 1
5555, 1
5557, 1
5558, 1
5559, 1
5560, 1
5561, 1
5563, 1
5564, 1
5565, 1
5566, 1
5567, 1
5569, 1
5570, 1
5571, 1
5572, 1
5574, 1
5575, 1
5576, 1
5577, 1
5579, 1
5580, 1
5581, 1
5582, 1
5583, 1
5585, 1
5586, 1
5587, 1
5588, 1
5589, 1
5591, 1
5592, 1
5593, 1
5594, 1
5596, 1
5597, 1
5598, 1
5599, 1
5600, 1
5602, 1
5603, 1
5604, 1
5605, 1
5607, 1
5608, 1
5609, 1
5610, 1
5611, 1
5613, 1
5614, 1
5615, 1
5616, 1
5618, 1
5619, 1
5620, 1
5621, 1
5622, 1
5624, 1
5625, 1
5626, 1
5627, 1
5629, 1
5630, 1
5631, 1
5632, 1
5633, 1
5635, 1
5636, 1
5637, 1
5638, 1
5639, 1
5641, 1
5642, 1
5643, 1
5644, 1
5646, 1
5647, 1
5648, 1
5649, 1
5650, 1
5652, 1
5653, 1
5654, 1
5655, 1
5657, 1
5658, 1
5659, 1
5660, 1
5661, 1
5663, 1
5664, 1
5665, 1
5666, 1
5668, 1
5669, 1
5670, 1
5671, 1
5672, 1
5674, 1
5675, 1
5676, 1
5677, 1
5679, 1
5680, 1
5681, 1
5682, 1
5683, 1
5685, 1
5686, 1
5687, 1
5688, 1
5689, 1
5691, 1
5692, 1
5693, 1
5694, 1
5696, 1
5697, 1
5698, 1
5699, 1
5700, 1
5702, 1
5703, 1
5704, 1
5705, 1
5707, 1
5708, 1
5709, 1
5710, 1
5711, 1
5713, 1
5714, 1
5715, 1
5716, 1
5718, 1
5719, 1
5720, 1
5721, 1
5722, 1
5724, 1
5725, 1
5726, 1
5727, 1
5729, 1
5730, 1
5731, 1
5732, 1
5733, 1
5735, 1
5736, 1
5737, 1
5738, 1
5740, 1
5741, 1
5742, 1
5743, 1
5744, 1
5746, 1
5747, 1
5748, 1
5749, 1
5750, 1
5752, 1
5753, 1
5754, 1
5755, 1
5757, 1
5758, 1
5759, 1
5760, 1
5761, 1
5763, 1
5764, 1
5765, 1
5766, 1
5768, 1
5769, 1
5770, 1
5771, 1
5772, 1
5774, 1
5775, 1
5776, 1
5777, 1
5779, 1
5780, 1
5781, 1
5782, 1
5783, 1
5785, 1
5786, 1
5787, 1
5788, 1
5790, 1
5791, 1
5792, 1
5793, 1
5794, 1
5796, 1
5797, 1
5798, 1
5799, 1
5801, 1
5802, 1
5803, 1
5804, 1
5805, 1
5807, 1
5808, 1
5809, 1
5810, 1
5811, 1
5813, 1
5814, 1
5815, 1
5816, 1
5818, 1
5819, 1
5820, 1
5821, 1
5822, 1
5824, 1
5825, 1
5826, 1
5827, 1
5829, 1
5830, 1
5831, 1
5832, 1
5833, 1
5835, 1
5836, 1
5837, 1
5838, 1
5840, 1
5841, 1
5842, 1
5843, 1
5844, 1
5846, 1
5847, 1
5848, 1
5849, 1
5851, 1
5852, 1
5853, 1
5854, 1
5855, 1
5857, 1
5858, 1
5859, 1
5860, 1
5862, 1
5863, 1
5864, 1
5865, 1
5866, 1
5868, 1
5869, 1
5870, 1
5871, 1
5872, 1
5874, 1
5875, 1
5876, 1
5877, 1
5879, 1
5880, 1
5881, 1
5882, 1
5883, 1
5885, 1
5886, 1
5887, 1
5888, 1
5890, 1
5891, 1
5892, 1
5893, 1
5894, 1
5896, 1
5897, 1
5898, 1
5899, 1
5901, 1
5902, 1
5903, 1
5904, 1
5905, 1
5907, 1
5908, 1
5909, 1
5910, 1
5912, 1
5913, 1
5914, 1
5915, 1
5916, 1
5918, 1
5919, 1
5920, 1
5921, 1
5923, 1
5924, 1
5925, 1
5926, 1
5927, 1
5929, 1
5930, 1
5931, 1
5932, 1
5934, 1
5935, 1
5936, 1
5937, 1
5938, 1
5940, 1
5941, 1
5942, 1
5943, 1
5944, 1
5946, 1
5947, 1
5948, 1
5949, 1
5951, 1
5952, 1
5953, 1
5954, 1
5955, 1
5957, 1
5958, 1
5959, 1
5960, 1
5962, 1
5963, 1
5964, 1
5965, 1
5966, 1
5968, 1
5969, 1
5970, 1
5971, 1
5973, 1
5974, 1
5975, 1
5976, 1
5977, 1
5979, 1
5980, 1
5981, 1
5982, 1
5984, 1
5985, 1
5986, 1
5987, 1
5988, 1
5990, 1
5991, 1
5992, 1
5993, 1
5994, 1
5996, 1
5997, 1
5998, 1
5999, 1
6001, 1
6002, 1
6003, 1
6004, 1
6005, 1
6007, 1
6008, 1
6009, 1
6010, 1
6012, 1
6013, 1
6014, 1
6015, 1
6016, 1
6018, 1
6019, 1
6020, 1
6021, 1
6023, 1
6024, 1
6025, 1
6026, 1
6027, 1
6029, 1
6030, 1
6031, 1
6032, 1
6034, 1
6035, 1
6037, 2
6243, 1
6244, 2
6245, 2
6246, 2
6247, 2
6248, 1
6249, 2
6250, 2
6251, 1
6292, 2
6293, 2
6294, 2
6295, 2
6296, 2
6297, 2
6298, 2
6299, 2
6300, 2
6301, 2
6302, 1
6303, 2
6304, 2
6305, 2
6306, 2
6307, 2
6308, 2
6309, 2
6310, 2
6311, 1
6352, 1
6353, 2
6354, 2
6355, 2
6356, 2
6357, 2
6358, 2
6359, 2
6360, 1
6361, 2
6362, 2
6363, 2
6364, 2
6365, 2
6366, 2
6367, 2
6368, 2
6369, 2
6370, 2
6371, 2
6405, 2
6406, 2
6407, 2
6408, 2
6409, 2
6410, 2
6411, 1
6412, 2
6413, 2
6414, 2
6415, 2
6416, 2
6417, 2
6418, 2
6460, 1
6461, 2
6462, 1
6463, 2
6464, 2
6465, 2
6466, 2
6467, 2
6468, 2
6469, 1
6470, 2
6471, 2
6472, 2
6473, 2
6474, 2
6475, 2
6476, 2
6477, 1
6478, 2
6479, 2
6486, 2
6487, 2
6488, 1
6489, 2
6490, 2
6491, 2
6492, 2
6493, 2
6494, 2
6495, 2
6496, 1
6497, 2
6498, 2
6499, 2
6506, 1
6507, 2
6508, 2
6509, 1
6510, 2
6511, 2
6512, 1
6515, 2
6516, 2
6517, 2
6518, 2
6519, 1
6524, 1
6525, 2
6526, 2
6527, 2
6528, 2
6529, 2
6530, 2
6531, 1
6532, 2
6533, 2
6534, 2
6535, 2
6536, 2
6537, 2
6538, 1
6539, 2
6545, 1
6546, 2
6547, 2
6548, 2
6549, 2
6550, 2
6551, 2
6552, 1
6553, 2
6554, 2
6555, 2
6556, 2
6557, 1
6558, 2
6559, 2
6560, 1
6563, 1
6564, 2
6565, 1
6566, 2
6567, 2
6568, 2
6569, 2
6570, 2
6571, 2
6572, 1
6573, 2
6574, 2
6575, 2
6576, 2
6577, 2
6578, 2
6579, 2
6585, 2
6586, 2
6587, 2
6588, 1
6589, 2
6590, 2
6591, 2
6592, 2
6593, 2
6594, 2
6595, 1
6596, 2
6597, 2
6598, 2
6599, 2
6600, 1
6603, 1
6604, 1
6605, 2
6606, 2
6607, 2
6608, 2
6609, 2
6610, 2
6611, 1
6612, 2
6613, 2
6614, 2
6615, 2
6619, 2
6620, 1
6625, 1
6626, 1
6627, 2
6628, 2
6629, 2
6630, 1
6631, 2
6632, 2
6633, 2
6634, 2
6635, 2
6636, 1
6637, 2
6638, 2
6639, 2
6640, 2
6641, 1
6642, 2
6643, 1
6644, 2
6645, 2
6646, 1
6647, 2
6648, 2
6649, 1
6650, 2
6651, 2
6652, 1
6653, 2
6654, 2
6655, 2
6656, 1
6657, 2
6658, 2
6659, 2
6660, 1
6661, 1
6668, 1
6669, 1
6670, 2
6671, 2
6672, 1
6673, 2
6674, 2
6675, 2
6676, 2
6677, 1
6678, 2
6679, 2
6680, 2
6684, 1
6685, 1
6686, 2
6687, 2
6688, 2
6689, 1
6690, 2
6691, 2
6692, 2
6693, 2
6694, 2
6695, 1
6696, 2
6697, 2
6698, 2
6699, 2
6700, 1
6701, 1
6707, 2
6708, 1
6709, 1
6710, 2
6711, 2
6712, 1
6713, 2
6714, 2
6715, 2
6716, 2
6717, 2
6718, 1
6719, 2
6724, 1
6725, 2
6726, 2
6727, 2
6728, 2
6729, 1
6730, 2
6731, 1
6733, 2
6734, 1
6735, 1
6736, 1
6737, 2
6738, 1
6739, 2
6740, 1
6741, 2
6754, 1
6755, 1
6756, 2
6757, 1
6758, 2
6759, 2
6760, 2
6761, 1
6762, 2
6763, 2
6764, 1
6765, 2
6766, 2
6767, 2
6768, 1
6769, 2
6770, 2
6771, 2
6772, 1
6773, 2
6774, 2
6775, 1
6776, 2
6777, 2
6778, 2
6779, 1
6780, 2
6781, 2
6799, 1
6800, 1
6801, 2
6802, 1
6807, 1
6808, 2
6809, 2
6810, 1
6811, 2
6824, 1
6825, 2
6826, 1
6827, 2
6828, 2
6829, 1
6830, 2
6831, 2
6832, 2
6833, 1
6834, 2
6835, 2
6847, 2
6848, 1
6849, 2
6850, 2
6851, 2
6852, 1
6853, 2
6854, 2
6855, 1
6856, 2
6857, 2
6858, 2
6859, 1
6860, 2
6861, 2
6862, 1
6863, 2
6864, 2
6865, 2
6866, 1
6882, 2
6883, 1
6884, 2
6885, 2
6886, 2
6887, 1
6888, 2
6889, 2
6890, 1
6891, 2
6892, 2
6893, 1
6894, 2
6895, 2
6896, 1
6901, 1
6902, 1
6903, 2
6904, 1
6905, 2
6906, 1
6907, 2
6908, 2
6909, 2
6910, 1
6911, 2
6912, 2
6913, 1
6914, 2
6915, 2
6916, 1
6937, 2
6938, 1
6939, 2
6940, 2
6941, 1
6942, 2
6943, 2
6944, 2
6945, 1
6946, 2
6950, 2
6951, 2
6958, 2
6959, 2
6960, 1
6961, 2
6962, 2
6963, 1
6964, 2
6965, 2
6966, 1
6967, 2
6971, 1
6972, 1
6973, 2
6974, 2
6975, 2
6976, 1
6977, 2
6978, 2
6979, 1
6980, 2
6981, 2
6982, 2
6983, 1
6984, 2
6985, 2
6986, 1
6987, 2
7012, 1
7013, 2
7014, 1
7015, 2
7016, 2
7017, 1
7018, 2
7019, 2
7020, 2
7021, 1
7022, 2
7023, 2
7024, 2
7025, 1
7026, 2
7027, 2
7033, 1
7034, 2
7035, 2
7036, 1
7037, 2
7038, 2
7039, 1
7040, 2
7041, 2
7042, 2
7043, 1
7044, 2
7045, 2
7046, 2
7047, 1
7048, 1
7053, 2
7054, 1
7055, 2
7056, 2
7057, 2
7058, 1
7059, 2
7062, 1
7063, 1
7064, 2
7065, 2
7066, 1
7067, 2
7068, 2
7069, 2
7070, 1
7071, 2
7072, 2
7073, 2
7074, 1
7075, 2
7076, 2
7077, 1
7078, 1
7094, 2
7095, 2
7096, 1
7097, 2
7098, 2
7099, 2
7100, 2
7101, 2
7102, 1
7103, 2
7104, 2
7105, 2
7106, 2
7107, 2
7108, 2
7109, 1
7110, 2
7111, 2
7112, 2
7113, 2
7114, 2
7115, 2
7116, 2
7117, 2
7122, 1
7123, 1
7124, 2
7125, 2
7126, 2
7127, 2
7128, 2
7129, 2
7130, 2
7131, 2
7132, 2
7133, 1
7134, 2
7135, 2
7136, 2
7137, 2
7138, 1
7139, 1
7140, 1
7141, 1
7143, 1
7144, 1
7145, 1
7146, 1
7148, 1
7149, 1
7150, 1
7151, 1
7152, 1
7153, 1
7155, 1
7156, 1
7157, 1
7158, 1
7160, 1
7161, 1
7162, 1
7163, 1
7164, 1
7166, 1
7167, 1
7168, 1
7169, 1
7171, 1
7172, 1
7173, 1
7174, 1
7175, 1
7177, 1
7178, 1
7179, 1
7180, 1
7182, 1
7183, 1
7184, 1
7185, 1
7186, 1
7188, 1
7189, 1
7190, 1
7191, 1
7193, 1
7194, 1
7195, 1
7196, 1
7197, 1
7199, 1
7200, 1
7201, 1
7202, 1
7204, 1
7205, 1
7206, 1
7207, 1
7208, 1
7210, 1
7211, 1
7212, 1
7213, 1
7214, 1
7216, 1
7217, 1
7218, 1
7219, 1
7221, 1
7222, 1
7223, 1
7224, 1
7225, 1
7227, 1
7228, 1
7229, 1
7230, 1
7232, 1
7233, 1
7234, 1
7235, 1
7236, 1
7238, 1
7239, 1
7240, 1
7241, 1
7243, 1
7244, 1
7245, 1
7246, 1
7247, 1
7249, 1
7250, 1
7251, 1
7252, 1
7254, 1
7255, 1
7256, 1
7257, 1
7258, 1
7260, 1
7262, 1
7263, 2
7265, 1
7266, 1
7267, 1
7268, 1
7269, 1
7271, 1
7272, 1
7273, 1
7274, 1
7276, 1
7277, 1
7278, 1
7279, 1
7280, 1
7282, 1
7283, 1
7284, 1
7285, 1
7286, 1
7288, 1
7289, 1
7290, 1
7291, 1
7293, 1
7294, 1
7295, 1
7296, 1
7297, 1
7299, 1
7300, 1
7301, 1
7302, 1
7304, 1
7305, 1
7306, 1
7307, 1
7308, 1
7310, 1
7311, 1
7312, 1
7313, 1
7315, 1
7316, 1
7317, 1
7318, 1
7319, 1
7321, 1
7322, 1
7323, 1
7324, 1
7326, 1
7327, 1
7328, 1
7329, 1
7330, 1
7332, 1
7333, 1
7334, 1
7335, 1
7337, 1
7338, 1
7339, 1
7340, 1
7341, 1
7343, 1
7344, 1
7345, 1
7346, 1
7347, 1
7349, 1
7350, 1
7351, 1
7352, 1
7354, 1
7355, 1
7356, 1
7357, 1
7358, 1
7360, 1
7361, 1
7362, 1
7363, 1
7365, 1
7366, 1
7367, 1
7368, 1
7369, 1
7371, 1
7372, 1
7373, 1
7374, 1
7376, 1
7377, 1
7378, 1
7379, 1
7380, 1
7382, 1
7383, 1
7384, 1
7385, 1
7387, 1
7388, 1
7389, 1
7390, 1
7391, 1
7393, 1
7394, 1
7395, 1
7396, 1
7398, 1
7399, 1
7400, 1
7401, 1
7402, 1
7404, 1
7405, 1
7406, 1
7407, 1
7408, 1
7410, 1
7411, 1
7412, 1
7413, 1
7415, 1
7416, 1
7417, 1
7418, 1
7419, 1
7421, 1
7422, 1
7423, 1
7424, 1
7426, 1
7427, 1
7428, 1
7429, 1
7430, 1
7432, 1
7433, 1
7434, 1
7435, 1
7437, 1
7438, 1
7439, 1
7440, 1
7441, 1
7443, 1
7444, 1
7445, 1
7446, 1
7448, 1
7449, 1
7450, 1
7451, 1
7452, 1
7454, 1
7455, 1
7456, 1
7457, 1
7459, 1
7460, 1
7461, 1
7462, 1
7463, 1
7465, 1
7466, 1
7467, 1
7468, 1
7469, 1
7471, 1
7472, 1
7473, 1
7474, 1
7476, 1
7477, 1
7478, 1
7479, 1
7480, 1
7482, 1
7483, 1
7484, 1
7485, 1
7487, 1
7488, 1
7489, 1
7490, 1
7491, 1
7493, 1
7494, 1
7495, 1
7496, 1
7498, 1
7499, 1
7500, 1
7501, 1
7502, 1
7504, 1
7505, 1
7506, 1
7507, 1
7509, 1
7510, 1
7511, 1
7512, 1
7513, 1
7515, 1
7516, 1
7517, 1
7518, 1
7520, 1
7521, 1
7522, 1
7523, 1
7524, 1
7526, 1
7527, 1
7528, 1
7529, 1
7530, 1
7532, 1
7533, 1
7534, 1
7535, 1
7537, 1
7538, 1
7539, 1
7540, 1
7541, 1
7543, 1
7544, 1
7545, 1
7546, 1
7548, 1
7549, 1
7550, 1
7551, 1
7552, 1
7554, 1
7555, 1
7556, 1
7557, 1
7559, 1
7560, 1
7561, 1
7562, 1
7563, 1
7565, 1
7566, 1
7567, 1
7568, 1
7570, 1
7571, 1
7572, 1
7573, 1
7574, 1
7576, 1
7577, 1
7578, 1
7579, 1
7581, 1
7582, 1
7583, 1
7584, 1
7585, 1
7587, 1
7588, 1
7589, 1
7590, 1
7591, 1
7593, 1
7594, 1
7595, 1
7596, 1
7598, 1
7599, 1
7600, 1
7601, 1
7602, 1
7604, 1
7605, 1
7606, 1
7607, 1
7609, 1
7610, 1
7611, 1
7612, 1
7613, 1
7615, 1
7616, 1
7617, 1
7618, 1
7620, 1
7621, 1
7622, 1
7623, 1
7624, 1
7626, 1
7627, 1
7628, 1
7629, 1
7631, 1
7632, 1
7633, 1
7634, 1
7635, 1
7637, 1
7638, 1
7639, 1
7640, 1
7642, 1
7643, 1
7644, 1
7645, 1
7646, 1
7648, 1
7649, 1
7650, 1
7651, 1
7652, 1
7654, 1
7655, 1
7656, 1
7657, 1
7659, 1
7660, 1
7661, 1
7662, 1
7663, 1
7665, 1
7666, 1
7667, 1
7668, 1
7670, 1
7671, 1
7672, 1
7673, 1
7674, 1
7676, 1
7677, 1
7678, 1
7679, 1
7681, 1
7682, 1
7683, 1
7684, 1
7685, 1
7687, 1
7688, 1
7689, 1
7690, 1
7692, 1
7693, 1
7694, 1
7695, 1
7696, 1
7698, 1
7699, 1
7700, 1
7701, 1
7703, 1
7704, 1
7705, 1
7706, 1
7707, 1
7709, 1
7710, 1
7711, 1
7712, 1
7713, 1
7715, 1
7716, 1
7717, 1
7718, 1
7720, 1
7721, 1
7722, 1
7723, 1
7724, 1
7726, 1
7727, 1
7728, 1
7729, 1
7731, 1
7732, 1
7733, 1
7734, 1
7735, 1
7737, 1
7738, 1
7739, 1
7740, 1
7742, 1
7743, 1
7744, 1
7745, 1
7746, 1
7748, 1
7749, 1
7750, 1
7751, 1
7753, 1
7754, 1
7755, 1
7756, 1
7757, 1
7759, 1
7760, 1
7761, 1
7762, 1
7763, 1
7765, 1
7766, 1
7767, 1
7768, 1
7770, 1
7771, 1
7772, 1
7773, 1
7774, 1
7776, 1
7777, 1
7778, 1
7779, 1
7781, 1
7782, 1
7783, 1
7784, 1
7785, 1
7787, 1
7788, 1
7789, 1
7790, 1
7792, 1
7793, 1
7794, 1
7795, 1
7796, 1
7798, 1
7799, 1
7800, 1
7801, 1
7803, 1
7804, 1
7805, 1
7806, 1
7807, 1
7809, 1
7810, 1
7811, 1
7812, 1
7814, 1
7815, 1
7816, 1
7817, 1
7818, 1
7820, 1
7821, 1
7822, 1
7823, 1
7824, 1
7826, 1
7827, 1
7828, 1
7829, 1
7831, 1
7832, 1
7833, 1
7834, 1
7835, 1
7837, 1
7838, 1
7839, 1
7840, 1
7842, 1
7843, 1
7844, 1
7845, 1
7846, 1
7848, 1
7849, 1
7850, 1
7851, 1
7853, 1
7854, 1
7855, 1
7856, 1
7857, 1
7859, 1
7860, 1
7861, 1
7862, 1
7864, 1
7865, 1
7866, 1
7867, 1
7868, 1
7870, 1
7871, 1
7872, 1
7873, 1
7875, 1
7876, 1
7877, 1
7878, 1
7879, 1
7881, 1
7882, 1
7883, 1
7884, 1
7886, 1
7887, 1
7888, 1
7889, 1
7890, 1
7892, 1
7893, 1
7894, 1
7895, 1
7896, 1
7898, 1
7899, 1
7900, 1
7901, 1
7903, 1
7904, 1
7905, 1
7906, 1
7907, 1
7909, 1
7910, 1
7911, 1
7912, 1
7914, 1
7915, 1
7916, 1
7917, 1
7918, 1
7920, 1
7921, 1
7922, 1
7923, 1
7925, 1
7926, 1
7927, 1
7928, 1
7929, 1
7931, 1
7932, 1
7933, 1
7934, 1
7936, 1
7937, 1
7938, 1
7939, 1
7940, 1
7942, 1
7943, 1
7944, 1
7945, 1
7947, 1
7948, 1
7949, 1
7950, 1
7951, 1
7953, 1
7954, 1
7955, 1
7956, 1
7957, 1
7959, 1
7960, 1
7961, 1
7962, 1
7964, 1
7965, 1
7966, 1
7967, 1
7968, 1
7970, 1
7971, 1
7972, 1
7973, 1
7975, 1
7976, 1
7977, 1
7978, 1
7979, 1
7981, 1
7982, 1
7983, 1
7984, 1
7986, 1
7987, 1
7988, 1
7989, 1
7990, 1
7992, 1
7993, 1
7994, 1
7995, 1
7997, 1
7998, 1
7999, 1
8000, 1
8001, 1
8003, 1
8004, 1
8005, 1
8006, 1
8007, 1
8009, 1
8010, 1
8011, 1
8012, 1
8014, 1
8015, 1
8016, 1
8017, 1
8018, 1
8020, 1
8021, 1
8022, 1
8023, 1
8025, 1
8026, 1
8027, 1
8028, 1
8029, 1
8031, 1
8032, 1
8033, 1
8034, 1
8036, 1
8037, 1
8038, 1
8039, 1
8040, 1
8042, 1
8043, 1
8044, 1
8045, 1
8047, 1
8048, 1
8049, 1
8050, 1
8051, 1
8053, 1
8054, 1
8055, 1
8056, 1
8058, 1
8059, 1
8060, 1
8061, 1
8062, 1
8064, 1
8065, 1
8066, 1
8067, 1
8068, 1
8070, 1
8071, 1
8072, 1
8073, 1
8075, 1
8076, 1
8077, 1
8078, 1
8079, 1
8081, 1
8082, 1
8083, 1
8084, 1
8086, 1
8087, 1
8088, 1
8089, 1
8090, 1
8092, 1
8093, 1
8094, 1
8095, 1
8097, 1
8098, 1
8099, 1
8100, 1
8101, 1
8103, 1
8104, 1
8105, 1
8107, 1
8108, 1
8109, 1
8110, 1
8111, 1
8112, 1
8114, 1
8115, 1
8116, 1
8117, 1
8119, 1
8120, 1
8121, 1
8122, 1
8123, 1
8125, 1
8126, 1
8127, 1
8128, 1
8129, 1
8131, 1
8132, 1
8133, 1
8134, 1
8136, 1
8137, 1
8138, 1
8139, 1
8140, 1
8142, 1
8143, 1
8148, 1
8149, 2
8150, 2
8151, 1
8152, 1
8157, 2
8158, 2
8159, 2
8163, 1
8164, 2
8165, 2
8166, 1
8184, 2
8185, 2
8186, 2
8187, 2
8188, 1
8189, 2
8190, 2
8191, 2
8192, 2
8193, 2
8292, 1
8293, 2
8294, 2
8295, 2
8296, 2
8297, 2
8298, 2
8299, 1
8300, 2
8301, 2
8302, 2
8303, 2
8304, 2
8305, 2
8306, 1
8421, 2
8422, 1
8423, 2
8424, 1
8425, 2
8426, 2
8427, 2
8428, 1
8429, 2
8430, 2
8464, 2
8465, 2
8466, 2
8467, 2
8468, 2
8469, 2
8470, 2
8471, 1
8472, 2
8473, 2
8474, 2
8475, 2
8476, 2
8477, 2
8478, 2
8525, 2
8526, 1
8527, 2
8528, 2
8529, 1
8530, 2
8531, 2
8532, 1
8533, 2
8534, 2
8535, 1
8578, 1
8579, 2
8580, 2
8581, 1
8582, 2
8583, 2
8584, 2
8585, 2
8586, 2
8587, 2
8588, 2
8589, 1
8590, 2
8591, 2
8592, 2
8593, 2
8594, 2
8595, 2
8596, 2
8597, 2
8598, 1
8599, 2
8600, 2
8601, 2
8602, 2
8603, 2
8604, 2
8605, 2
8606, 2
8607, 2
8608, 2
8609, 2
8610, 1
8611, 2
8612, 2
8613, 2
8614, 2
8615, 2
8616, 2
8617, 2
8638, 1
8639, 2
8640, 1
8641, 2
8642, 2
8643, 2
8644, 2
8645, 2
8646, 2
8647, 2
8648, 2
8649, 2
8650, 2
8651, 2
8652, 1
8653, 2
8654, 2
8655, 2
8656, 2
8657, 2
8658, 1
8691, 2
8692, 2
8693, 2
8694, 2
8695, 2
8696, 2
8697, 2
8698, 2
8699, 1
8700, 2
8701, 2
8702, 2
8703, 2
8704, 2
8705, 2
8706, 2
8707, 2
8708, 2
8709, 2
8747, 2
8748, 1
8749, 2
8750, 2
8751, 2
8752, 2
8753, 2
8754, 2
8755, 2
8756, 2
8757, 2
8799, 2
8800, 1
8801, 2
8802, 2
8803, 2
8804, 2
8805, 2
8806, 2
8807, 2
8820, 1
8821, 1
8822, 2
8823, 2
8824, 2
8825, 2
8826, 2
8827, 2
8828, 2
8829, 2
8830, 2
8831, 2
8832, 2
8833, 2
8834, 1
8835, 2
8836, 2
8837, 2
8838, 1
8846, 2
8847, 2
8848, 2
8849, 2
8850, 2
8851, 2
8852, 2
8853, 2
8854, 2
8855, 2
8856, 2
8857, 1
8858, 1
8863, 1
8864, 2
8865, 2
8866, 2
8867, 2
8868, 2
8869, 2
8870, 2
8871, 2
8872, 2
8873, 2
8874, 2
8875, 2
8876, 1
8877, 2
8878, 1
8882, 2
8883, 2
8884, 2
8885, 2
8886, 2
8887, 2
8888, 2
8889, 2
8890, 2
8891, 2
8892, 1
8893, 2
8894, 2
8895, 2
8896, 2
8897, 2
8902, 1
8903, 2
8904, 2
8905, 2
8906, 2
8907, 1
8908, 2
8909, 2
8910, 2
8911, 2
8912, 2
8913, 2
8914, 2
8915, 1
8916, 2
8917, 2
8918, 1
8923, 1
8924, 2
8925, 2
8926, 2
8927, 2
8928, 2
8929, 2
8930, 2
8931, 1
8932, 2
8933, 2
8934, 2
8935, 2
8936, 2
8937, 2
8942, 1
8943, 2
8944, 2
8945, 1
8946, 2
8947, 2
8948, 2
8949, 2
8950, 2
8951, 2
8952, 2
8953, 2
8954, 2
8955, 1
8956, 2
8957, 2
8958, 1
8964, 2
8965, 2
8966, 2
8967, 2
8968, 1
8969, 2
8970, 2
8971, 2
8972, 2
8973, 2
8974, 2
8975, 2
8976, 2
8977, 2
8984, 1
8985, 2
8986, 2
8987, 2
8988, 2
8989, 2
8990, 2
8991, 1
8992, 2
8993, 2
8994, 2
8995, 2
8996, 2
8997, 2
9003, 1
9004, 2
9005, 2
9006, 2
9007, 2
9008, 1
9009, 2
9010, 2
9011, 2
9012, 2
9013, 2
9014, 2
9015, 2
9016, 2
9017, 2
9018, 1
9019, 1
9020, 2
9021, 2
9022, 2
9023, 2
9024, 1
9025, 2
9026, 2
9027, 2
9028, 2
9029, 2
9030, 2
9031, 2
9032, 2
9033, 2
9034, 2
9035, 2
9036, 2
9037, 2
9044, 1
9045, 2
9046, 2
9047, 2
9048, 2
9049, 2
9050, 2
9051, 2
9052, 1
9053, 2
9054, 2
9055, 2
9056, 2
9057, 2
9058, 1
9062, 1
9063, 2
9064, 2
9065, 2
9066, 2
9067, 2
9068, 1
9069, 2
9070, 2
9071, 2
9072, 2
9073, 2
9074, 2
9075, 2
9076, 1
9077, 2
9078, 1
9084, 1
9085, 1
9086, 2
9087, 1
9088, 2
9089, 1
9090, 2
9091, 2
9092, 2
9093, 2
9094, 2
9095, 1
9098, 2
9099, 2
9100, 2
9101, 2
9102, 2
9103, 2
9104, 2
9105, 2
9106, 2
9107, 1
9108, 2
9109, 2
9110, 2
9115, 1
9116, 2
9117, 2
9118, 2
9119, 1
9120, 2
9121, 2
9122, 2
9123, 2
9124, 2
9125, 2
9126, 2
9127, 2
9128, 2
9129, 2
9130, 1
9136, 1
9137, 2
9138, 2
9139, 2
9140, 2
9141, 2
9142, 2
9143, 2
9144, 2
9145, 1
9146, 2
9147, 2
9148, 2
9149, 2
9150, 2
9156, 1
9157, 2
9158, 1
9159, 2
9160, 2
9161, 2
9162, 2
9163, 2
9164, 2
9165, 2
9166, 2
9167, 2
9168, 2
9169, 2
9170, 2
9177, 1
9178, 2
9179, 2
9180, 2
9181, 2
9182, 2
9183, 2
9184, 2
9185, 1
9186, 2
9187, 2
9188, 2
9189, 2
9190, 2
9191, 1
9197, 2
9198, 2
9199, 2
9200, 2
9201, 1
9202, 2
9203, 2
9204, 2
9205, 1
9206, 1
9207, 1
9208, 1
9209, 1
9210, 1
9212, 1
9213, 1
9214, 1
9215, 1
9217, 1
9218, 1
9219, 1
9220, 1
9221, 1
9223, 1
9224, 1
9225, 1
9226, 1
9228, 1
9229, 1
9230, 1
9231, 1
9232, 1
9234, 1
9235, 1
9236, 1
9237, 1
9238, 1
9240, 1
9241, 1
9242, 1
9243, 1
9245, 1
9246, 1
9247, 1
9248, 1
9249, 1
9251, 1
9252, 1
9253, 1
9254, 1
9256, 1
9257, 1
9258, 1
9259, 1
9260, 1
9262, 1
9263, 1
9264, 1
9265, 1
9267, 1
9268, 1
9269, 1
9271, 1
9272, 1
9273, 1
9274, 1
9275, 1
9276, 1
9278, 1
9279, 1
9280, 1
9281, 1
9282, 1
9284, 1
9285, 1
9286, 1
9287, 1
9288, 1
9290, 1
9291, 1
9292, 1
9293, 1
9295, 1
9296, 1
9297, 1
9298, 1
9299, 1
9301, 1
9302, 1
9303, 1
9304, 1
9306, 1
9307, 1
9308, 1
9309, 1
9310, 1
9312, 1
9313, 1
9314, 1
9315, 1
9317, 1
9318, 1
9319, 1
9320, 1
9321, 1
9323, 1
9324, 1
9325, 1
9326, 1
9328, 1
9329, 1
9330, 1
9332, 1
9333, 1
9334, 1
9335, 1
9336, 1
9337, 1
9339, 1
9340, 1
9341, 1
9342, 1
9343, 1
9345, 1
9346, 1
9347, 1
9348, 1
9350, 1
9351, 1
9352, 1
9353, 1
9354, 1
9356, 1
9357, 1
9358, 1
9359, 1
9361, 1
9362, 1
9363, 1
9364, 1
9365, 1
9367, 1
9368, 1
9369, 1
9370, 1
9371, 1
9373, 1
9374, 1
9375, 1
9376, 1
9378, 1
9379, 1
9380, 1
9381, 1
9382, 1
9384, 1
9385, 1
9386, 1
9387, 1
9389, 1
9390, 1
9391, 1
9392, 1
9393, 1
9395, 1
9396, 1
9397, 1
9398, 1
9400, 1
9401, 1
9402, 1
9403, 1
9404, 1
9406, 1
9407, 1
9408, 1
9409, 1
9411, 1
9412, 1
9413, 1
9414, 1
9415, 1
9417, 1
9418, 1
9419, 1
9420, 1
9421, 1
9423, 1
9424, 1
9425, 1
9426, 1
9428, 1
9429, 1
9430, 1
9431, 1
9432, 1
9434, 1
9435, 1
9436, 1
9437, 1
9439, 1
9440, 1
9441, 1
9442, 1
9443, 1
9445, 1
9446, 1
9447, 1
9448, 1
9450, 1
9451, 1
9452, 1
9453, 1
9454, 1
9456, 1
9457, 1
9458, 1
9459, 1
9461, 1
9462, 1
9463, 1
9464, 1
9466, 1
9467, 1
9468, 1
9469, 1
9470, 1
9472, 1
9473, 1
9474, 1
9475, 1
9476, 1
9478, 1
9479, 1
9480, 1
9481, 1
9483, 1
9484, 1
9485, 1
9486, 1
9487, 1
9489, 1
9490, 1
9491, 1
9492, 1
9495, 2
9496, 1
9498, 2
9500, 1
9501, 1
9502, 1
9503, 1
9505, 1
9506, 1
9508, 2
9509, 1
9511, 1
9512, 1
9513, 1
9514, 1
9515, 1
9517, 1
9519, 2
9520, 1
9522, 1
9523, 1
9524, 1
9525, 1
9526, 1
9528, 1
9529, 1
9530, 1
9531, 1
9532, 1
9534, 1
9535, 1
9536, 1
9537, 1
9539, 1
9540, 1
9541, 1
9542, 1
9543, 1
9545, 1
9546, 1
9547, 1
9548, 1
9550, 1
9551, 1
9552, 1
9553, 1
9554, 1
9556, 1
9557, 1
9558, 1
9559, 1
9561, 1
9562, 1
9563, 1
9565, 2
9567, 1
9568, 1
9569, 1
9570, 1
9572, 1
9573, 1
9574, 1
9575, 1
9576, 1
9578, 1
9579, 1
9580, 1
9581, 1
9583, 1
9584, 1
9585, 1
9586, 1
9587, 1
9589, 1
9590, 1
9591, 1
9592, 1
9594, 1
9595, 1
9596, 1
9597, 1
9598, 1
9600, 1
9601, 1
9602, 1
9603, 1
9605, 1
9606, 1
9607, 1
9608, 1
9610, 1
9611, 1
9613, 2
9614, 1
9616, 1
9617, 1
9618, 1
9619, 1
9620, 1
9622, 1
9623, 1
9624, 1
9625, 1
9626, 1
9628, 1
9629, 1
9630, 1
9631, 1
9633, 1
9634, 1
9635, 1
9636, 1
9637, 1
9639, 1
9640, 1
9641, 1
9642, 1
9644, 1
9645, 1
9646, 1
9647, 1
9648, 1
9650, 1
9651, 1
9652, 1
9653, 1
9654, 1
9656, 1
9657, 1
9658, 1
9659, 1
9661, 1
9662, 1
9663, 1
9664, 1
9665, 1
9667, 1
9668, 1
9669, 1
9670, 1
9672, 1
9673, 1
9674, 1
9675, 1
9676, 1
9678, 1
9679, 1
9680, 1
9681, 1
9683, 1
9684, 1
9685, 1
9686, 1
9687, 1
9689, 1
9690, 1
9691, 1
9692, 1
9694, 1
9695, 1
9696, 1
9698, 1
9699, 1
9700, 1
9701, 1
9702, 1
9704, 1
9705, 1
9706, 1
9707, 1
9708, 1
9709, 1
9711, 1
9712, 1
9713, 1
9714, 1
9716, 1
9717, 1
9718, 1
9719, 1
9720, 1
9722, 1
9723, 1
9724, 1
9725, 1
9726, 1
9728, 1
9729, 1
9730, 1
9731, 1
9733, 1
9734, 1
9735, 1
9736, 1
9737, 1
9739, 1
9740, 1
9741, 1
9742, 1
9744, 1
9745, 1
9746, 1
9747, 1
9748, 1
9750, 1
9751, 1
9752, 1
9753, 1
9755, 1
9756, 1
9757, 1
9758, 1
9759, 1
9761, 1
9762, 1
9763, 1
9764, 1
9766, 1
9767, 1
9768, 1
9769, 1
9770, 1
9772, 1
9773, 1
9774, 1
9775, 1
9777, 1
9778, 1
9779, 1
9780, 1
9781, 1
9783, 1
9784, 1
9785, 1
9786, 1
9787, 1
9789, 1
9790, 1
9791, 1
9792, 1
9794, 1
9795, 1
9796, 1
9797, 1
9798, 1
9800, 1
9801, 1
9802, 1
9803, 1
9805, 1
9806, 1
9807, 1
9808, 1
9809, 1
9811, 1
9812, 1
9813, 1
9814, 1
9816, 1
9817, 1
9819, 2
9820, 1
9822, 1
9823, 1
9824, 1
9825, 1
9827, 1
9828, 1
9829, 1
9830, 1
9831, 1
9833, 1
9834, 1
9835, 1
9836, 1
9838, 1
9839, 1
9841, 2
9843, 1
9844, 1
9845, 1
9846, 1
9847, 1
9848, 1
9850, 1
9851, 1
9852, 1
9853, 1
9855, 1
9856, 1
9857, 1
9858, 1
9859, 1
9861, 1
9862, 1
9863, 1
9864, 1
9866, 1
9867, 1
9868, 1
9869, 1
9870, 1
9872, 1
9873, 1
9874, 1
9875, 1
9877, 1
9878, 1
9880, 1
9881, 2
9883, 1
9884, 1
9885, 1
9886, 1
9888, 1
9889, 1
9890, 1
9891, 1
9892, 1
9894, 1
9895, 1
9896, 1
9897, 1
9898, 1
9900, 1
9901, 1
9902, 1
9903, 1
9905, 1
9906, 1
9907, 1
9908, 1
9909, 1
9911, 1
9912, 1
9913, 1
9914, 1
9916, 1
9917, 1
9918, 1
9919, 1
9920, 1
9922, 1
9923, 1
9924, 1
9925, 1
9927, 1
9928, 1
9929, 1
9931, 1
9932, 1
9933, 1
9934, 1
9935, 1
9936, 1
9938, 1
9939, 1
9940, 1
9942, 1
9943, 1
9944, 1
9945, 1
9946, 1
9947, 1
9949, 1
9950, 1
9951, 1
9952, 1
9953, 1
9955, 1
9956, 1
9957, 1
9958, 1
9959, 1
9961, 1
9962, 1
9963, 1
9964, 1
9966, 1
9967, 1
9968, 1
9969, 1
9970, 1
9972, 1
9973, 1
9974, 1
9976, 1
9977, 1
9978, 1
9980, 1
9981, 2
9983, 1
9984, 1
9985, 1
9986, 1
9988, 1
9989, 1
9990, 1
9991, 1
9992, 1
9995, 2
9996, 1
9998, 1
9999, 1
10000, 1
10001, 1
10002, 1
10003, 1
10006, 2
10008, 1
10009, 1
10010, 1
10011, 1
10012, 1
10013, 1
10015, 1
10016, 1
10017, 1
10018, 1
10019, 1
10022, 2
10023, 1
10024, 1
10025, 1
10027, 1
10028, 1
10029, 1
10030, 1
10031, 1
10033, 1
10034, 1
10035, 1
10036, 1
10038, 1
10039, 1
10040, 1
10041, 1
10042, 1
10044, 1
10045, 1
10046, 1
10047, 1
10049, 1
10050, 1
10051, 1
10052, 1
10053, 1
10055, 1
10056, 1
10057, 1
10058, 1
10060, 1
10061, 1
10062, 1
10063, 1
10064, 1
10066, 1
10067, 1
10078, 1
10079, 2
10080, 1
10081, 2
10082, 2
10083, 2
10084, 2
10085, 2
10086, 1
10087, 1
10088, 1
10089, 1
10090, 1
10094, 2
10095, 2
10098, 1
10099, 1
10100, 2
10103, 1
10104, 2
10105, 1
10107, 1
10108, 2
10187, 1
10188, 2
10189, 2
10190, 2
10191, 2
10192, 1
10193, 2
10194, 2
10195, 2
10196, 2
10197, 2
10198, 2
10199, 2
10200, 2
10201, 2
10202, 2
10203, 1
10204, 2
10205, 2
10206, 2
10207, 2
10208, 2
10209, 2
10210, 2
10211, 2
10212, 2
10213, 1
10214, 2
10215, 2
10216, 2
10217, 2
10218, 2
10219, 2
10220, 2
10221, 2
10222, 2
10223, 2
10246, 2
10247, 2
10248, 2
10249, 2
10250, 2
10251, 2
10252, 1
10253, 2
10254, 2
10255, 2
10256, 2
10257, 2
10258, 2
10259, 2
10260, 2
10261, 2
10262, 2
10263, 2
10495, 2
10496, 1
10497, 2
10498, 2
10499, 2
10500, 1
10501, 2
10502, 2
10503, 1
10506, 2
10507, 2
10508, 1
10509, 2
10510, 2
10511, 2
10512, 2
10513, 1
10514, 2
10515, 2
10516, 2
10517, 2
10550, 2
10551, 1
10552, 2
10553, 2
10554, 2
10555, 2
10556, 1
10557, 2
10558, 2
10559, 2
10560, 1
10561, 2
10562, 2
10563, 2
10564, 2
10565, 1
10566, 2
10567, 2
10568, 2
10569, 2
10570, 1
10571, 2
10572, 2
10573, 2
10574, 2
10575, 1
10576, 2
10577, 2
10606, 1
10607, 2
10609, 1
10610, 1
10611, 2
10612, 2
10613, 2
10614, 2
10615, 1
10616, 2
10617, 2
10618, 2
10619, 1
10626, 1
10627, 1
10628, 2
10629, 2
10630, 2
10631, 1
10632, 2
10633, 2
10634, 2
10635, 1
10636, 2
10637, 2
10660, 1
10661, 1
10662, 2
10663, 2
10664, 2
10665, 1
10666, 2
10667, 2
10668, 2
10669, 2
10670, 1
10671, 2
10672, 2
10673, 2
10674, 2
10675, 1
10676, 2
10677, 2
10684, 2
10685, 2
10686, 1
10687, 2
10688, 2
10689, 2
10690, 2
10691, 1
10692, 2
10693, 2
10694, 2
10695, 2
10696, 1
10697, 2
10698, 1
10702, 2
10703, 2
10704, 2
10705, 1
10706, 2
10707, 2
10708, 2
10709, 1
10710, 2
10711, 2
10714, 1
10715, 2
10716, 2
10717, 1
10718, 1
10735, 1
10736, 1
10737, 2
10738, 2
10739, 1
10740, 2
10741, 2
10742, 2
10743, 1
10744, 2
10745, 2
10746, 2
10747, 2
10748, 1
10749, 2
10750, 1
10768, 1
10769, 2
10770, 2
10771, 2
10772, 2
10773, 2
10774, 2
10775, 2
10776, 2
10777, 1
10778, 2
10779, 2
10780, 2
10781, 2
10782, 2
10783, 2
10784, 2
10785, 2
10786, 2
10787, 2
10788, 2
10789, 2
10796, 1
10797, 2
10798, 2
10799, 2
10800, 1
10801, 2
10802, 2
10803, 2
10804, 2
10805, 2
10806, 2
10807, 2
10808, 2
10809, 2
10813, 2
10814, 2
10815, 2
10817, 2
10818, 2
10819, 2
10820, 2
10821, 2
10822, 2
10823, 2
10824, 1
10825, 2
10826, 2
10827, 2
10828, 2
10829, 2
10830, 1
10834, 1
10835, 1
10836, 2
10837, 2
10838, 2
10839, 2
10840, 2
10841, 2
10842, 2
10843, 2
10844, 2
10845, 2
10846, 2
10847, 2
10848, 2
10849, 1
10850, 1
10855, 1
10856, 2
10857, 2
10858, 2
10859, 2
10860, 2
10861, 2
10862, 2
10863, 2
10864, 1
10865, 2
10866, 2
10867, 2
10868, 2
10869, 2
10870, 1
10873, 1
10874, 2
10875, 2
10876, 2
10877, 2
10878, 2
10879, 1
10880, 2
10881, 2
10882, 2
10883, 2
10884, 2
10885, 2
10886, 2
10887, 2
10888, 2
10889, 2
10890, 1
10891, 2
10892, 2
10893, 1
10894, 2
10895, 2
10896, 2
10897, 2
10898, 2
10899, 2
10900, 2
10901, 2
10902, 2
10903, 2
10904, 2
10905, 1
10906, 2
10907, 2
10908, 2
10909, 2
10910, 1
10917, 1
10918, 2
10919, 1
10920, 2
10921, 2
10922, 2
10923, 2
10924, 2
10925, 2
10926, 2
10927, 2
10928, 1
10929, 2
10930, 1
10933, 1
10934, 2
10935, 2
10936, 2
10937, 2
10938, 1
10939, 2
10940, 2
10941, 2
10942, 2
10943, 2
10944, 2
10945, 2
10946, 2
10947, 2
10948, 2
10949, 2
10954, 1
10955, 1
10956, 2
10957, 2
10958, 2
10959, 2
10960, 2
10961, 2
10962, 1
10963, 2
10964, 2
10965, 2
10966, 2
10967, 2
10968, 2
10969, 1
10970, 1
10972, 1
10973, 2
10974, 2
10975, 1
10976, 2
10977, 2
10978, 2
10979, 2
10980, 2
10981, 2
10982, 2
10983, 1
10984, 2
10985, 2
10986, 2
10987, 2
10988, 2
10989, 2
10990, 1
10993, 1
10994, 2
10995, 2
10996, 2
10997, 2
10998, 2
10999, 1
11000, 2
11001, 2
11002, 2
11003, 2
11004, 2
11005, 2
11006, 1
11007, 2
11008, 2
11009, 2
11010, 1
11015, 1
11016, 2
11017, 2
11018, 2
11019, 2
11020, 2
11021, 2
11022, 2
11023, 2
11024, 1
11025, 2
11026, 2
11027, 2
11028, 2
11029, 2
11030, 1
11035, 2
11036, 2
11037, 2
11038, 2
11039, 1
11040, 2
11041, 2
11042, 2
11043, 1
11044, 1
11045, 1
11047, 1
11048, 1
11049, 1
11050, 1
11052, 1
11053, 1
11054, 1
11055, 1
11056, 1
11057, 1
11059, 1
11060, 1
11061, 1
11062, 1
11064, 1
11065, 1
11066, 1
11067, 1
11068, 1
11070, 1
11071, 1
11072, 1
11073, 1
11075, 1
11076, 1
11077, 1
11078, 1
11079, 1
11081, 1
11082, 1
11083, 1
11084, 1
11086, 1
11087, 1
11088, 1
11089, 1
11090, 1
11092, 1
11093, 1
11094, 1
11095, 1
11097, 1
11098, 1
11099, 1
11100, 1
11101, 1
11103, 1
11104, 1
11105, 1
11106, 1
11108, 1
11109, 1
11110, 1
11111, 1
11112, 1
11114, 1
11115, 1
11116, 1
11117, 1
11119, 1
11120, 1
11121, 1
11122, 1
11123, 1
11125, 1
11126, 1
11127, 1
11128, 1
11129, 1
11131, 1
11132, 1
11133, 1
11134, 1
11136, 1
11137, 1
11138, 1
11139, 1
11140, 1
11142, 1
11143, 1
11144, 1
11145, 1
11147, 1
11148, 1
11149, 1
11150, 1
11151, 1
11153, 1
11154, 1
11155, 1
11156, 1
11158, 1
11159, 1
11160, 1
11161, 1
11162, 1
11164, 1
11165, 1
11166, 1
11167, 1
11169, 1
11170, 1
11171, 1
11172, 1
11173, 1
11175, 1
11176, 1
11177, 1
11178, 1
11180, 1
11181, 1
11182, 1
11183, 1
11184, 1
11186, 1
11187, 1
11188, 1
11189, 1
11190, 1
11192, 1
11193, 1
11194, 1
11195, 1
11197, 1
11198, 1
11199, 1
11200, 1
11201, 1
11203, 1
11204, 1
11205, 1
11206, 1
11208, 1
11209, 1
11210, 1
11211, 1
11212, 1
11214, 1
11215, 1
11216, 1
11217, 1
11219, 1
11220, 1
11221, 1
11222, 1
11223, 1
11225, 1
11226, 1
11227, 1
11228, 1
11230, 1
11231, 1
11232, 1
11233, 1
11234, 1
11236, 1
11237, 1
11238, 1
11239, 1
11241, 1
11242, 1
11243, 1
11244, 1
11245, 1
11247, 1
11248, 1
11249, 1
11250, 1
11251, 1
11253, 1
11254, 1
11255, 1
11256, 1
11258, 1
11259, 1
11260, 1
11261, 1
11262, 1
11264, 1
11265, 1
11266, 1
11267, 1
11269, 1
11270, 1
11271, 1
11272, 1
11273, 1
11275, 1
11276, 1
11277, 1
11278, 1
11280, 1
11281, 1
11282, 1
11283, 1
11284, 1
11286, 1
11287, 1
11288, 1
11289, 1
11291, 1
11292, 1
11293, 1
11294, 1
11295, 1
11297, 1
11298, 1
11299, 1
11300, 1
11302, 1
11303, 1
11304, 1
11305, 1
11306, 1
11308, 1
11309, 1
11310, 1
11311, 1
11313, 1
11314, 1
11315, 1
11316, 1
11317, 1
11319, 1
11320, 1
11321, 1
11322, 1
11323, 1
11325, 1
11326, 1
11327, 1
11328, 1
11330, 1
11331, 1
11332, 1
11333, 1
11334, 1
11336, 1
11337, 1
11338, 1
11339, 1
11341, 1
11342, 1
11343, 1
11344, 1
11345, 1
11347, 1
11348, 1
11349, 1
11350, 1
11352, 1
11353, 1
11354, 1
11355, 1
11356, 1
11358, 1
11359, 1
11360, 1
11361, 1
11363, 1
11364, 1
11365, 1
11366, 1
11367, 1
11369, 1
11370, 1
11371, 1
11372, 1
11373, 1
11375, 1
11376, 1
11377, 1
11378, 1
11380, 1
11381, 1
11382, 1
11383, 1
11384, 1
11386, 1
11387, 1
11388, 1
11389, 1
11391, 1
11392, 1
11393, 1
11394, 1
11395, 1
11397, 1
11398, 1
11399, 1
11400, 1
11402, 1
11403, 1
11404, 1
11405, 1
11406, 1
11408, 1
11409, 1
11410, 1
11411, 1
11413, 1
11414, 1
11415, 1
11416, 1
11417, 1
11419, 1
11420, 1
11421, 1
11422, 1
11423, 1
11425, 1
11426, 1
11427, 1
11428, 1
11430, 1
11431, 1
11432, 1
11433, 1
11434, 1
11436, 1
11437, 1
11438, 1
11439, 1
11441, 1
11442, 1
11443, 1
11444, 1
11445, 1
11447, 1
11448, 1
11449, 1
11450, 1
11452, 1
11453, 1
11454, 1
11455, 1
11456, 1
11458, 1
11459, 1
11460, 1
11461, 1
11463, 1
11464, 1
11465, 1
11466, 1
11467, 1
11469, 1
11470, 1
11471, 1
11472, 1
11474, 1
11475, 1
11476, 1
11477, 1
11478, 1
11480, 1
11481, 1
11482, 1
11483, 1
11484, 1
11486, 1
11487, 1
11488, 1
11489, 1
11491, 1
11492, 1
11493, 1
11494, 1
11495, 1
11497, 1
11498, 1
11499, 1
11500, 1
11502, 1
11503, 1
11504, 1
11505, 1
11506, 1
11508, 1
11509, 1
11510, 1
11511, 1
11513, 1
11514, 1
11515, 1
11516, 1
11517, 1
11519, 1
11520, 1
11521, 1
11522, 1
11524, 1
11525, 1
11526, 1
11527, 1
11528, 1
11530, 1
11531, 1
11532, 1
11533, 1
11535, 1
11536, 1
11537, 1
11538, 1
11539, 1
11541, 1
11542, 1
11543, 1
11544, 1
11546, 1
11547, 1
11548, 1
11549, 1
11550, 1
11552, 1
11553, 1
11554, 1
11555, 1
11557, 1
11558, 1
11559, 1
11560, 1
11561, 1
11563, 1
11564, 1
11565, 1
11566, 1
11567, 1
11569, 1
11570, 1
11571, 1
11572, 1
11574, 1
11575, 1
11576, 1
11577, 1
11578, 1
11580, 1
11581, 1
11582, 1
11583, 1
11585, 1
11586, 1
11587, 1
11588, 1
11589, 1
11591, 1
11592, 1
11593, 1
11594, 1
11596, 1
11597, 1
11598, 1
11599, 1
11600, 1
11602, 1
11603, 1
11604, 1
11605, 1
11607, 1
11608, 1
11609, 1
11610, 1
11611, 1
11613, 1
11614, 1
11615, 1
11616, 1
11617, 1
11619, 1
11620, 1
11621, 1
11622, 1
11624, 1
11625, 1
11626, 1
11627, 1
11628, 1
11630, 1
11631, 1
11632, 1
11633, 1
11635, 1
11636, 1
11637, 1
11638, 1
11639, 1
11641, 1
11642, 1
11643, 1
11644, 1
11646, 1
11647, 1
11648, 1
11649, 1
11650, 1
11652, 1
11653, 1
11654, 1
11655, 1
11657, 1
11658, 1
11659, 1
11660, 1
11661, 1
11663, 1
11664, 1
11665, 1
11666, 1
11667, 1
11669, 1
11670, 1
11671, 1
11672, 1
11674, 1
11675, 1
11676, 1
11677, 1
11678, 1
11680, 1
11681, 1
11682, 1
11683, 1
11685, 1
11686, 1
11687, 1
11688, 1
11689, 1
11691, 1
11692, 1
11693, 1
11694, 1
11696, 1
11697, 1
11698, 1
11699, 1
11700, 1
11702, 1
11703, 1
11704, 1
11705, 1
11707, 1
11708, 1
11709, 1
11710, 1
11711, 1
11713, 1
11714, 1
11715, 1
11716, 1
11718, 1
11719, 1
11720, 1
11721, 1
11722, 1
11724, 1
11725, 1
11726, 1
11727, 1
11729, 1
11730, 1
11731, 1
11732, 1
11733, 1
11735, 1
11736, 1
11737, 1
11738, 1
11739, 1
11741, 1
11742, 1
11743, 1
11744, 1
11746, 1
11747, 1
11748, 1
11749, 1
11750, 1
11752, 1
11753, 1
11754, 1
11755, 1
11757, 1
11758, 1
11759, 1
11760, 1
11761, 1
11763, 1
11764, 1
11765, 1
11766, 1
11768, 1
11769, 1
11770, 1
11771, 1
11772, 1
11774, 1
11775, 1
11776, 1
11777, 1
11779, 1
11780, 1
11781, 1
11782, 1
11783, 1
11785, 1
11786, 1
11787, 1
11788, 1
11789, 1
11791, 1
11792, 1
11793, 1
11794, 1
11796, 1
11797, 1
11798, 1
11799, 1
11800, 1
11802, 1
11803, 1
11804, 1
11805, 1
11807, 1
11808, 1
11809, 1
11810, 1
11811, 1
11813, 1
11814, 1
11815, 1
11816, 1
11818, 1
11819, 1
11820, 1
11821, 1
11822, 1
11824, 1
11825, 1
11826, 1
11827, 1
11829, 1
11830, 1
11831, 1
11832, 1
11833, 1
11835, 1
11836, 1
11837, 1
11838, 1
11840, 1
11841, 1
11842, 1
11843, 1
11844, 1
11846, 1
11847, 1
11848, 1
11849, 1
11850, 1
11852, 1
11853, 1
11854, 1
11855, 1
11857, 1
11858, 1
11859, 1
11860, 1
11861, 1
11863, 1
11864, 1
11865, 1
11866, 1
11868, 1
11869, 1
11870, 1
11871, 1
11872, 1
11874, 1
11875, 1
11876, 1
11877, 1
11879, 1
11880, 1
11881, 1
11882, 1
11883, 1
11885, 1
11886, 1
11887, 1
11888, 1
11890, 1
11891, 1
11892, 1
11893, 1
11894, 1
11896, 1
11897, 1
11898, 1
11899, 1
11901, 1
11902, 1
11903, 1
11904, 1
11905, 1
11907, 1
11908, 1
11909, 1
11910, 1
11912, 1
11913, 1
11914, 1
11915, 1
11916, 1
11918, 1
11919, 1
11920, 1
11921, 1
11922, 1
11924, 1
11925, 1
11926, 1
11927, 1
11929, 1
11930, 1
11931, 1
11932, 1
11933, 1
11935, 1
11936, 1
11937, 1
11938, 1
11940, 1
11941, 1
11942, 1
11943, 1
11944, 1
11946, 1
11947, 1
11948, 1
11949, 1
11951, 1
11952, 1
11953, 1
11954, 1
11955, 1
11957, 1
11958, 1
11959, 1
11960, 1
11962, 1
11963, 1
11964, 1
11965, 1
11966, 1
11968, 1
11969, 1
11970, 1
11971, 1
11972, 1
11974, 1
11975, 1
11976, 1
11977, 1
11979, 1
11980, 1
11981, 1
11982, 1
11983, 1
11985, 1
11986, 1
11987, 1
11988, 1
11990, 1
11991, 1
11992, 1
11993, 1
11994, 1
11996, 1
11997, 1
11998, 1
11999, 1
12001, 1
12002, 1
12003, 1
12004, 1
12005, 1
12007, 1
12008, 1
12009, 1
12010, 1
12012, 1
12013, 1
12014, 1
12015, 1
12016, 1
12018, 1
12019, 1
12020, 1
12021, 1
12023, 1
12024, 1
12025, 1
12026, 1
12027, 1
12029, 1
12030, 1
12031, 1
12032, 1
12033, 1
12035, 1
12036, 1
12037, 1
12038, 1
12040, 1
12041, 1
12042, 1
12043, 1
12044, 1
12046, 1
12047, 1
12048, 1
12049, 1
12051, 1
12052, 1
12053, 1
12054, 1
12055, 1
12057, 1
12058, 1
12059, 1
12060, 1
12062, 1
12063, 1
12064, 1
12065, 1
12066, 1
12068, 1
12069, 1
12070, 1
12071, 1
12073, 1
12074, 1
12075, 1
12076, 1
12077, 1
12079, 1
12080, 1
12081, 1
12082, 1
12084, 1
12085, 1
12086, 1
12087, 1
12088, 1
12090, 1
12091, 1
12092, 1
12093, 1
12095, 1
12096, 1
12097, 1
12098, 1
12103, 1
12104, 2
12105, 2
12106, 1
12111, 2
12112, 1
12113, 2
12114, 2
12119, 1
12120, 2
12121, 2
12122, 1
12123, 1
12124, 1
12138, 1
12139, 2
12140, 2
12141, 2
12142, 2
12143, 2
12144, 1
12145, 2
12146, 2
12147, 2
12148, 1
12199, 2
12200, 2
12201, 2
12202, 2
12203, 2
12204, 2
12205, 1
12206, 2
12207, 2
12208, 2
12209, 2
12210, 2
12211, 2
12212, 2
12213, 2
12214, 2
12215, 2
12216, 1
12217, 2
12218, 1
12258, 1
12259, 2
12260, 1
12261, 2
12262, 2
12263, 2
12264, 2
12265, 2
12266, 2
12267, 2
12268, 2
12269, 2
12270, 1
12271, 2
12272, 2
12273, 2
12274, 2
12275, 2
12276, 2
12277, 2
12318, 1
12319, 2
12320, 2
12321, 2
12322, 2
12323, 2
12324, 1
12325, 2
12326, 2
12327, 2
12328, 2
12329, 2
12330, 2
12331, 2
12332, 2
12333, 2
12334, 1
12335, 2
12336, 2
12337, 2
12338, 1
12372, 2
12373, 2
12374, 2
12375, 2
12376, 2
12377, 2
12378, 2
12379, 2
12380, 1
12381, 2
12382, 2
12383, 2
12384, 2
12385, 2
12386, 2
12427, 1
12428, 2
12429, 2
12430, 1
12431, 2
12432, 2
12433, 2
12434, 2
12435, 2
12436, 2
12437, 2
12438, 2
12439, 1
12440, 2
12441, 2
12442, 2
12443, 2
12444, 2
12445, 2
12446, 2
12488, 2
12489, 2
12490, 2
12491, 2
12492, 2
12493, 2
12494, 2
12495, 2
12496, 1
12497, 2
12498, 2
12499, 2
12500, 2
12501, 2
12502, 2
12503, 2
12504, 2
12505, 2
12506, 1
12507, 2
12549, 2
12550, 2
12551, 2
12552, 2
12553, 2
12554, 2
12555, 2
12556, 1
12557, 2
12558, 2
12559, 2
12560, 2
12561, 2
12562, 2
12563, 2
12564, 1
12565, 2
12566, 2
12567, 2
12603, 1
12604, 2
12605, 2
12606, 2
12607, 1
12608, 2
12609, 2
12610, 2
12611, 2
12612, 2
12613, 2
12614, 2
12615, 1
12616, 2
12617, 2
12618, 1
12662, 2
12663, 1
12664, 2
12665, 1
12666, 2
12667, 2
12668, 2
12669, 2
12670, 2
12671, 1
12672, 2
12673, 2
12674, 2
12675, 2
12676, 1
12717, 1
12718, 2
12719, 2
12720, 2
12721, 2
12722, 2
12723, 1
12724, 2
12725, 2
12726, 2
12727, 2
12728, 2
12729, 2
12730, 2
12731, 2
12732, 2
12733, 2
12734, 2
12735, 1
12736, 2
12784, 1
12785, 2
12786, 2
12787, 2
12788, 2
12789, 2
12790, 1
12791, 2
12792, 2
12793, 2
12794, 2
12795, 2
12796, 2
12797, 1
12821, 2
12822, 2
12823, 2
12824, 2
12825, 2
12826, 2
12827, 2
12828, 2
12829, 2
12830, 2
12831, 2
12832, 1
12833, 2
12834, 2
12835, 2
12836, 2
12837, 2
12848, 2
12849, 2
12850, 2
12851, 2
12852, 2
12853, 2
12854, 2
12855, 2
12856, 2
12857, 2
12866, 2
12867, 2
12868, 1
12869, 2
12870, 2
12871, 2
12872, 2
12873, 2
12874, 2
12875, 2
12876, 2
12877, 2
12885, 1
12886, 2
12887, 2
12888, 2
12889, 2
12890, 2
12891, 2
12892, 1
12893, 2
12894, 2
12895, 2
12896, 2
12897, 2
12898, 1
12903, 2
12904, 2
12905, 2
12906, 2
12907, 2
12908, 2
12909, 2
12910, 2
12911, 1
12912, 2
12913, 2
12914, 2
12915, 2
12916, 2
12917, 2
12918, 1
12922, 2
12923, 1
12924, 2
12925, 2
12926, 2
12927, 2
12928, 2
12929, 2
12930, 2
12931, 2
12932, 2
12933, 2
12934, 2
12935, 2
12936, 1
12937, 2
12938, 1
12942, 1
12943, 2
12944, 2
12945, 2
12946, 2
12947, 2
12948, 2
12949, 2
12950, 1
12951, 2
12952, 2
12953, 2
12954, 2
12955, 2
12956, 2
12957, 2
12958, 1
12964, 2
12965, 2
12966, 2
12967, 2
12968, 2
12969, 1
12970, 2
12971, 2
12972, 2
12973, 2
12974, 2
12975, 1
12976, 2
12977, 2
12978, 2
12983, 1
12984, 2
12985, 1
12986, 2
12987, 2
12988, 2
12989, 2
12990, 1
12991, 2
12992, 2
12993, 2
12994, 2
12995, 2
12996, 1
12997, 2
12998, 2
13003, 1
13004, 2
13005, 2
13006, 2
13007, 1
13008, 2
13009, 2
13010, 2
13011, 2
13012, 2
13013, 2
13014, 2
13015, 2
13016, 2
13017, 2
13018, 2
13026, 2
13027, 2
13028, 1
13029, 2
13030, 2
13031, 2
13032, 2
13033, 2
13034, 2
13035, 2
13036, 2
13037, 2
13038, 2
13045, 1
13046, 2
13047, 2
13048, 2
13049, 2
13050, 2
13051, 2
13052, 1
13053, 2
13054, 2
13055, 2
13056, 1
13057, 2
13058, 2
13066, 1
13067, 1
13068, 2
13069, 1
13070, 2
13071, 2
13072, 1
13073, 2
13074, 2
13075, 1
13076, 2
13077, 2
13078, 2
13079, 1
13081, 2
13082, 2
13083, 1
13084, 2
13085, 2
13086, 2
13087, 1
13088, 2
13089, 2
13090, 2
13091, 1
13092, 2
13093, 2
13094, 2
13095, 2
13096, 2
13097, 1
13098, 2
13099, 2
13107, 2
13108, 2
13109, 1
13110, 2
13111, 2
13112, 2
13113, 2
13114, 1
13115, 2
13116, 2
13117, 2
13118, 2
13119, 2
13125, 2
13126, 1
13127, 2
13128, 2
13129, 2
13130, 2
13131, 2
13132, 1
13133, 2
13134, 2
13135, 2
13136, 2
13137, 2
13138, 2
13139, 1
13140, 1
13146, 1
13147, 2
13148, 2
13149, 2
13150, 2
13151, 1
13152, 2
13153, 2
13154, 2
13155, 2
13156, 2
13157, 1
13158, 2
13159, 1
13160, 1
13161, 1
13162, 1
13163, 1
13165, 1
13166, 1
13167, 1
13168, 1
13169, 1
13171, 1
13172, 1
13173, 1
13174, 1
13176, 1
13177, 1
13178, 1
13179, 1
13180, 1
13182, 1
13183, 1
13184, 1
13185, 1
13186, 1
13188, 1
13189, 1
13190, 1
13191, 1
13193, 1
13194, 1
13195, 1
13196, 1
13197, 1
13199, 1
13200, 1
13201, 1
13202, 1
13203, 1
13205, 1
13206, 1
13207, 1
13208, 1
13210, 1
13211, 1
13212, 1
13213, 1
13215, 1
13216, 1
13217, 1
13218, 1
13219, 1
13221, 1
13222, 1
13223, 1
13224, 1
13225, 1
13227, 1
13228, 1
13229, 1
13230, 1
13232, 1
13233, 1
13234, 1
13235, 1
13236, 1
13238, 1
13239, 1
13240, 1
13241, 1
13243, 1
13244, 1
13245, 1
13246, 1
13247, 1
13249, 1
13250, 1
13251, 1
13252, 1
13253, 1
13255, 1
13256, 1
13257, 1
13258, 1
13260, 1
13261, 1
13262, 1
13263, 1
13264, 1
13266, 1
13267, 1
13268, 1
13269, 1
13271, 1
13272, 1
13273, 1
13274, 1
13275, 1
13277, 1
13278, 1
13279, 1
13280, 1
13282, 1
13283, 1
13284, 1
13285, 1
13286, 1
13288, 1
13289, 1
13290, 1
13291, 1
13293, 1
13294, 1
13295, 1
13296, 1
13297, 1
13299, 1
13300, 1
13301, 1
13302, 1
13304, 1
13305, 1
13306, 1
13307, 1
13308, 1
13310, 1
13311, 1
13312, 1
13313, 1
13314, 1
13316, 1
13317, 1
13318, 1
13319, 1
13321, 1
13322, 1
13323, 1
13324, 1
13325, 1
13327, 1
13328, 1
13329, 1
13330, 1
13332, 1
13333, 1
13334, 1
13335, 1
13336, 1
13338, 1
13339, 1
13340, 1
13341, 1
13343, 1
13344, 1
13345, 1
13346, 1
13347, 1
13349, 1
13350, 1
13351, 1
13352, 1
13354, 1
13355, 1
13356, 1
13357, 1
13358, 1
13360, 1
13361, 1
13362, 1
13363, 1
13365, 1
13366, 1
13367, 1
13368, 1
13369, 1
13371, 1
13372, 1
13373, 1
13374, 1
13375, 1
13377, 1
13378, 1
13379, 1
13380, 1
13382, 1
13383, 1
13384, 1
13385, 1
13386, 1
13388, 1
13389, 1
13390, 1
13391, 1
13393, 1
13394, 1
13395, 1
13396, 1
13397, 1
13399, 1
13400, 1
13401, 1
13402, 1
13404, 1
13405, 1
13406, 1
13407, 1
13408, 1
13410, 1
13411, 1
13412, 1
13413, 1
13415, 1
13416, 1
13417, 1
13418, 1
13419, 1
13421, 1
13422, 1
13423, 1
13424, 1
13426, 1
13427, 1
13428, 1
13429, 1
13430, 1
13432, 1
13433, 1
13434, 1
13435, 1
13437, 1
13438, 1
13439, 1
13440, 1
13441, 1
13443, 1
13444, 1
13445, 1
13446, 1
13448, 1
13449, 1
13450, 1
13451, 1
13452, 1
13454, 1
13455, 1
13456, 1
13457, 1
13458, 1
13460, 1
13461, 1
13462, 1
13463, 1
13465, 1
13466, 1
13467, 1
13468, 1
13469, 1
13471, 1
13472, 1
13473, 1
13474, 1
13476, 1
13477, 1
13478, 1
13479, 1
13480, 1
13482, 1
13483, 1
13484, 1
13485, 1
13486, 1
13488, 1
13489, 1
13490, 1
13491, 1
13493, 1
13494, 1
13495, 1
13496, 1
13498, 1
13499, 1
13500, 1
13501, 1
13502, 1
13504, 1
13505, 1
13506, 1
13507, 1
13509, 1
13510, 1
13511, 1
13512, 1
13513, 1
13515, 1
13516, 1
13517, 1
13518, 1
13519, 1
13521, 1
13522, 1
13523, 1
13524, 1
13526, 1
13527, 1
13528, 1
13529, 1
13530, 1
13532, 1
13533, 1
13534, 1
13535, 1
13537, 1
13538, 1
13539, 1
13540, 1
13541, 1
13543, 1
13544, 1
13545, 1
13546, 1
13548, 1
13549, 1
13550, 1
13551, 1
13552, 1
13554, 1
13555, 1
13556, 1
13557, 1
13559, 1
13560, 1
13561, 1
13562, 1
13563, 1
13565, 1
13566, 1
13567, 1
13568, 1
13569, 1
13571, 1
13572, 1
13573, 1
13574, 1
13576, 1
13577, 1
13578, 1
13579, 1
13580, 1
13582, 1
13583, 1
13584, 1
13585, 1
13587, 1
13588, 1
13589, 1
13590, 1
13591, 1
13593, 1
13594, 1
13595, 1
13596, 1
13598, 1
13599, 1
13600, 1
13601, 1
13602, 1
13604, 1
13605, 1
13606, 1
13607, 1
13609, 1
13610, 1
13611, 1
13612, 1
13613, 1
13615, 1
13616, 1
13617, 1
13618, 1
13620, 1
13621, 1
13622, 1
13623, 1
13624, 1
13626, 1
13627, 1
13628, 1
13629, 1
13630, 1
13632, 1
13633, 1
13634, 1
13635, 1
13637, 1
13638, 1
13639, 1
13640, 1
13641, 1
13643, 1
13644, 1
13645, 1
13646, 1
13648, 1
13649, 1
13650, 1
13651, 1
13652, 1
13654, 1
13655, 1
13656, 1
13657, 1
13659, 1
13660, 1
13661, 1
13662, 1
13663, 1
13665, 1
13666, 1
13667, 1
13668, 1
13670, 1
13671, 1
13672, 1
13673, 1
13674, 1
13676, 1
13677, 1
13678, 1
13679, 1
13681, 1
13682, 1
13683, 1
13684, 1
13685, 1
13687, 1
13688, 1
13689, 1
13690, 1
13691, 1
13693, 1
13694, 1
13695, 1
13696, 1
13698, 1
13699, 1
13700, 1
13701, 1
13702, 1
13704, 1
13705, 1
13706, 1
13707, 1
13709, 1
13710, 1
13711, 1
13712, 1
13713, 1
13715, 1
13716, 1
13718, 2
13720, 1
13721, 1
13722, 1
13723, 1
13724, 1
13726, 1
13727, 1
13728, 1
13729, 1
13731, 1
13732, 1
13733, 1
13734, 1
13735, 1
13737, 1
13738, 1
13739, 1
13740, 1
13742, 1
13743, 1
13744, 1
13746, 2
13748, 1
13749, 1
13750, 1
13751, 1
13752, 1
13754, 1
13755, 1
13756, 1
13757, 1
13759, 1
13760, 1
13761, 1
13762, 1
13763, 1
13765, 1
13766, 1
13767, 1
13768, 1
13770, 1
13771, 1
13772, 1
13773, 1
13774, 1
13776, 1
13777, 1
13778, 1
13779, 1
13781, 1
13782, 1
13783, 1
13784, 1
13785, 1
13787, 1
13788, 1
13789, 1
13790, 1
13792, 1
13793, 1
13794, 1
13795, 1
13796, 1
13798, 1
13799, 1
13800, 1
13801, 1
13803, 1
13804, 1
13805, 1
13806, 1
13807, 1
13809, 1
13810, 1
13811, 1
13812, 1
13813, 1
13815, 1
13816, 1
13817, 1
13818, 1
13820, 1
13821, 1
13822, 1
13823, 1
13824, 1
13826, 1
13827, 1
13828, 1
13829, 1
13831, 1
13832, 1
13833, 1
13834, 1
13835, 1
13837, 1
13838, 1
13839, 1
13840, 1
13842, 1
13843, 1
13844, 1
13845, 1
13847, 1
13848, 1
13849, 1
13850, 1
13851, 1
13853, 1
13854, 1
13855, 1
13856, 1
13857, 1
13859, 1
13860, 1
13861, 1
13862, 1
13863, 1
13865, 1
13866, 1
13867, 1
13868, 1
13870, 1
13871, 1
13872, 1
13873, 1
13874, 1
13876, 1
13877, 1
13878, 1
13879, 1
13881, 1
13882, 1
13883, 1
13884, 1
13885, 1
13887, 1
13888, 1
13889, 1
13890, 1
13892, 1
13893, 1
13894, 1
13895, 1
13896, 1
13898, 1
13899, 1
13900, 1
13901, 1
13903, 1
13904, 1
13905, 1
13906, 1
13907, 1
13909, 1
13910, 1
13911, 1
13912, 1
13914, 1
13915, 1
13916, 1
13917, 1
13918, 1
13920, 1
13922, 2
13924, 2
13926, 1
13927, 1
13928, 1
13929, 1
13931, 1
13932, 1
13933, 1
13935, 1
13936, 1
13937, 1
13938, 1
13939, 1
13940, 1
13942, 1
13943, 1
13944, 1
13945, 1
13946, 1
13948, 1
13949, 1
13950, 1
13951, 1
13953, 1
13954, 1
13955, 1
13956, 1
13957, 1
13959, 1
13960, 1
13961, 1
13962, 1
13964, 1
13965, 1
13966, 1
13967, 1
13968, 1
13970, 1
13971, 1
13972, 1
13973, 1
13975, 1
13976, 1
13977, 1
13978, 1
13979, 1
13981, 1
13982, 1
13983, 1
13984, 1
13986, 1
13987, 1
13988, 1
13989, 1
13990, 1
13992, 1
13993, 1
13994, 1
13995, 1
13996, 1
13998, 1
13999, 1
14000, 1
14001, 1
14003, 1
14004, 1
14005, 1
14006, 1
14007, 1
14009, 1
14010, 1
14011, 1
14012, 1
14014, 1
14015, 1
14016, 1
14017, 1
14018, 1
14020, 1
14021, 1
14022, 1
14023, 1
14025, 1
14026, 1
14027, 1
14028, 1
14029, 1
14031, 1
14032, 1
14033, 1
14034, 1
14036, 1
14037, 1
14038, 1
14039, 1
14040, 1
14042, 1
14043, 1
14044, 1
14045, 1
14047, 1
14048, 1
14049, 1
14050, 1
14051, 1
14053, 1
14054, 1
14055, 1
14056, 1
14057, 1
14059, 1
14060, 1
14061, 1
14062, 1
14064, 1
14065, 1
14066, 1
14067, 1
14068, 1
14070, 1
14071, 1
14072, 1
14073, 1
14075, 1
14076, 1
14077, 1
14078, 1
14079, 1
14081, 1
14082, 1
14083, 1
14084, 1
14086, 1
14087, 1
14088, 1
14089, 1
14090, 1
14092, 1
14093, 1
14094, 1
14095, 1
14097, 1
14098, 1
14099, 1
14100, 1
14101, 1
14103, 1
14104, 1
14105, 1
14106, 1
14107, 1
14109, 1
14110, 1
14111, 1
14113, 1
14114, 1
14115, 1
14116, 1
14117, 1
14118, 1
14120, 1
14121, 1
14122, 1
14123, 1
14125, 1
14126, 1
14127, 1
14128, 1
14129, 1
14131, 1
14133, 2
14135, 1
14136, 1
14137, 1
14138, 1
14140, 2
14142, 1
14143, 1
14144, 1
14145, 1
14147, 1
14148, 1
14149, 1
14150, 1
14151, 1
14154, 2
14155, 1
14156, 1
14158, 1
14159, 1
14161, 2
14162, 1
14164, 1
14165, 1
14166, 1
14167, 1
14169, 1
14171, 2
14172, 1
14174, 1
14175, 1
14176, 1
14177, 1
14178, 1
14179, 1
14181, 1
14182, 1
14184, 2
14186, 1
14188, 1
14189, 1
14190, 2
14764, 1
14765, 2
14766, 2
14767, 1
14768, 2
14769, 2
14770, 2
14771, 2
14772, 2
14773, 2
14774, 2
14775, 2
14776, 2
14777, 1
14778, 2
14779, 2
14780, 2
14781, 2
14782, 1
14787, 2
14788, 1
14789, 2
14790, 2
14791, 2
14792, 2
14793, 2
14794, 2
14795, 2
14796, 2
14797, 2
14798, 2
14799, 2
14800, 2
14801, 2
14806, 2
14807, 1
14808, 2
14809, 2
14810, 2
14811, 2
14812, 2
14813, 2
14814, 2
14815, 2
14816, 2
14817, 2
14818, 1
14819, 2
14820, 2
14821, 2
14822, 1
14826, 1
14827, 2
14828, 2
14829, 1
14830, 2
14831, 2
14832, 2
14833, 2
14834, 2
14835, 2
14836, 2
14837, 2
14838, 2
14839, 2
14840, 2
14841, 2
14846, 1
14847, 2
14848, 1
14849, 2
14850, 2
14851, 2
14852, 2
14853, 2
14854, 2
14855, 2
14856, 2
14857, 2
14858, 2
14859, 2
14860, 2
14861, 2
14862, 1
14863, 2
14864, 2
14865, 2
14866, 2
14867, 2
14868, 2
14869, 2
14870, 2
14871, 2
14872, 2
14873, 2
14879, 2
14880, 2
14881, 2
14882, 2
14883, 2
14884, 1
14885, 2
14886, 2
14887, 2
14888, 2
14889, 2
14890, 2
14891, 2
14892, 1
14893, 2
14894, 1
14899, 1
14900, 2
14901, 2
14902, 2
14903, 2
14904, 1
14905, 2
14906, 2
14907, 2
14908, 2
14909, 2
14910, 2
14911, 2
14912, 2
14913, 2
14917, 1
14918, 1
14919, 2
14920, 2
14921, 2
14922, 2
14923, 2
14924, 2
14925, 2
14926, 2
14927, 2
14928, 2
14929, 2
14930, 2
14931, 1
14932, 2
14933, 2
14934, 1
14939, 2
14940, 2
14941, 2
14942, 2
14943, 2
14944, 2
14945, 2
14946, 2
14947, 2
14948, 1
14949, 2
14950, 2
14951, 2
14952, 2
14953, 2
14954, 1
14959, 2
14960, 2
14961, 2
14962, 2
14963, 2
14964, 1
14965, 2
14966, 2
14967, 2
14968, 2
14969, 2
14970, 2
14971, 2
14972, 2
14973, 1
14974, 1
14977, 2
14978, 1
14979, 2
14980, 2
14981, 2
14982, 2
14983, 2
14984, 2
14985, 1
14986, 2
14987, 2
14988, 2
14989, 2
14990, 2
14991, 2
14992, 2
14993, 1
14994, 1
14998, 1
14999, 1
15000, 2
15001, 2
15002, 2
15003, 2
15004, 2
15005, 2
15006, 2
15007, 1
15008, 2
15009, 2
15010, 2
15011, 2
15012, 1
15013, 2
15014, 1
15018, 1
15019, 2
15020, 1
15021, 2
15022, 2
15023, 2
15024, 2
15025, 2
15026, 2
15027, 2
15028, 1
15029, 2
15030, 2
15031, 2
15032, 2
15033, 2
15034, 1
15037, 1
15038, 1
15039, 2
15040, 2
15041, 2
15042, 2
15043, 2
15044, 2
15045, 2
15046, 2
15047, 1
15048, 2
15049, 2
15050, 2
15051, 2
15052, 2
15053, 2
15059, 1
15060, 1
15061, 2
15062, 2
15063, 2
15064, 1
15065, 2
15066, 2
15067, 2
15068, 2
15069, 2
15070, 2
15071, 2
15072, 2
15073, 2
15078, 1
15079, 2
15080, 2
15081, 2
15082, 2
15083, 2
15084, 1
15085, 2
15086, 2
15087, 2
15088, 2
15089, 2
15090, 2
15091, 2
15092, 2
15093, 2
15097, 1
15098, 2
15099, 2
15100, 2
15101, 2
15102, 2
15103, 2
15104, 2
15105, 2
15106, 2
15107, 2
15108, 1
15109, 2
15110, 2
15111, 2
15112, 2
15113, 2
15114, 1
15119, 1
15120, 1
15121, 2
15122, 2
15123, 2
15124, 2
15125, 2
15126, 2
15127, 2
15128, 2
15129, 2
15130, 2
15131, 2
15132, 1
15133, 2
15134, 1
15137, 2
15138, 2
15139, 2
15140, 1
15141, 2
15142, 2
15143, 2
15144, 2
15145, 2
15146, 2
15147, 2
15148, 2
15149, 2
15150, 2
15151, 2
15152, 2
15153, 2
15158, 1
15159, 1
15160, 2
15161, 2
15162, 2
15163, 2
15164, 2
15165, 2
15166, 1
15167, 2
15168, 2
15169, 2
15170, 2
15171, 2
15172, 2
15173, 2
15177, 2
15178, 1
15179, 2
15180, 2
15181, 2
15182, 2
15183, 2
15184, 2
15185, 2
15186, 2
15187, 2
15188, 1
15189, 2
15190, 2
15191, 2
15192, 2
15193, 2
15194, 1
15199, 1
15200, 2
15201, 2
15202, 2
15203, 2
15204, 2
15205, 2
15206, 2
15207, 2
15208, 2
15209, 2
15210, 1
15211, 2
15212, 2
15213, 2
15214, 1
15215, 2
15216, 2
15217, 1
15218, 2
15219, 2
15220, 2
15221, 2
15222, 2
15223, 2
15224, 2
15225, 2
15226, 2
15227, 2
15228, 2
15229, 2
15230, 2
15231, 1
15232, 2
15233, 2
15234, 1
15241, 1
15242, 2
15243, 2
15244, 2
15245, 2
15246, 2
15247, 1
15248, 2
15249, 2
15250, 2
15251, 2
15252, 2
15253, 2
15254, 1
15258, 1
15259, 2
15260, 2
15261, 2
15262, 2
15263, 2
15264, 2
15265, 2
15266, 1
15267, 2
15268, 2
15269, 2
15270, 2
15271, 2
15272, 2
15273, 2
15278, 1
15279, 2
15280, 1
15281, 2
15282, 2
15283, 2
15284, 2
15285, 2
15286, 2
15287, 2
15288, 1
15289, 2
15290, 2
15291, 2
15292, 2
15293, 2
15294, 1
15297, 1
15298, 2
15299, 2
15300, 2
15301, 2
15302, 2
15303, 2
15304, 2
15305, 1
15306, 2
15307, 2
15308, 2
15309, 2
15310, 2
15311, 2
15312, 2
15313, 2
15319, 1
15320, 1
15321, 2
15322, 2
15323, 2
15324, 2
15325, 2
15326, 2
15327, 2
15328, 2
15329, 2
15330, 2
15331, 2
15332, 1
15333, 2
15334, 1
15336, 1
15337, 2
15338, 1
15339, 2
15340, 2
15341, 2
15342, 2
15343, 2
15344, 2
15345, 2
15346, 2
15347, 2
15348, 2
15349, 2
15350, 2
15351, 2
15352, 2
15353, 2
15359, 2
15360, 1
15361, 2
15362, 2
15363, 2
15364, 2
15365, 2
15366, 2
15367, 2
15368, 2
15369, 2
15370, 2
15371, 2
15372, 1
15373, 2
15374, 1
15375, 2
15376, 2
15377, 2
15378, 1
15379, 2
15380, 2
15381, 2
15382, 2
15383, 2
15384, 2
15385, 2
15386, 2
15387, 2
15388, 2
15389, 1
15390, 2
15391, 2
15392, 2
15393, 2
15394, 1
15401, 2
15402, 1
15403, 2
15404, 2
15405, 2
15406, 2
15407, 2
15408, 2
15409, 2
15410, 2
15411, 2
15412, 2
15413, 2
15419, 2
15420, 2
15421, 2
15422, 2
15423, 1
15424, 2
15425, 2
15426, 2
15427, 2
15428, 1
15429, 1
15430, 1
15431, 1
15432, 1
15434, 1
15435, 1
15436, 1
15437, 1
15439, 1
15440, 1
15441, 1
15442, 1
15443, 1
15445, 1
15446, 1
15447, 1
15448, 1
15449, 1
15451, 1
15452, 1
15453, 1
15454, 1
15456, 1
15457, 1
15458, 1
15459, 1
15460, 1
15462, 1
15463, 1
15464, 1
15465, 1
15467, 1
15468, 1
15469, 1
15470, 1
15471, 1
15473, 1
15474, 1
15475, 1
15476, 1
15478, 1
15479, 1
15480, 1
15481, 1
15482, 1
15484, 1
15485, 1
15486, 1
15487, 1
15489, 1
15490, 1
15491, 1
15492, 1
15493, 1
15495, 1
15496, 1
15497, 1
15498, 1
15500, 1
15501, 1
15502, 1
15503, 1
15504, 1
15506, 1
15507, 1
15508, 1
15509, 1
15510, 1
15512, 1
15513, 1
15514, 1
15515, 1
15517, 1
15518, 1
15519, 1
15520, 1
15521, 1
15523, 1
15524, 1
15525, 1
15526, 1
15528, 1
15529, 1
15530, 1
15531, 1
15532, 1
15534, 1
15535, 1
15536, 1
15537, 1
15539, 1
15540, 1
15541, 1
15542, 1
15543, 1
15545, 1
15546, 1
15547, 1
15548, 1
15550, 1
15551, 1
15552, 1
15553, 1
15554, 1
15556, 1
15557, 1
15558, 1
15559, 1
15561, 1
15562, 1
15563, 1
15564, 1
15565, 1
15567, 1
15568, 1
15569, 1
15570, 1
15572, 1
15573, 1
15574, 1
15575, 1
15576, 1
15578, 1
15579, 1
15580, 1
15581, 1
15582, 1
15584, 1
15585, 1
15586, 1
15587, 1
15589, 1
15590, 1
15591, 1
15592, 1
15593, 1
15595, 1
15596, 1
15597, 1
15598, 1
15600, 1
15601, 1
15602, 1
15603, 1
15604, 1
15606, 1
15607, 1
15608, 1
15609, 1
15611, 1
15612, 1
15613, 1
15614, 1
15615, 1
15617, 1
15618, 1
15619, 1
15620, 1
15622, 1
15623, 1
15624, 1
15625, 1
15626, 1
15628, 1
15629, 1
15630, 1
15631, 1
15633, 1
15634, 1
15635, 1
15636, 1
15637, 1
15639, 1
15640, 1
15641, 1
15642, 1
15643, 1
15645, 1
15646, 1
15647, 1
15648, 1
15650, 1
15651, 1
15652, 1
15653, 1
15654, 1
15656, 1
15657, 1
15658, 1
15659, 1
15661, 1
15662, 1
15663, 1
15664, 1
15665, 1
15667, 1
15668, 1
15669, 1
15670, 1
15672, 1
15673, 1
15674, 1
15675, 1
15676, 1
15678, 1
15679, 1
15680, 1
15681, 1
15683, 1
15684, 1
15685, 1
15686, 1
15687, 1
15689, 1
15690, 1
15691, 1
15692, 1
15694, 1
15695, 1
15696, 1
15697, 1
15698, 1
15700, 1
15701, 1
15702, 1
15703, 1
15704, 1
15706, 1
15707, 1
15708, 1
15709, 1
15711, 1
15712, 1
15713, 1
15714, 1
15715, 1
15717, 1
15718, 1
15719, 1
15720, 1
15722, 1
15723, 1
15724, 1
15725, 1
15726, 1
15728, 1
15729, 1
15730, 1
15731, 1
15733, 1
15734, 1
15735, 1
15736, 1
15737, 1
15739, 1
15740, 1
15741, 1
15742, 1
15744, 1
15745, 1
15746, 1
15747, 1
15748, 1
15750, 1
15751, 1
15752, 1
15753, 1
15754, 1
15756, 1
15757, 1
15758, 1
15759, 1
15761, 1
15762, 1
15763, 1
15764, 1
15765, 1
15767, 1
15768, 1
15769, 1
15770, 1
15772, 1
15773, 1
15774, 1
15775, 1
15776, 1
15778, 1
15779, 1
15780, 1
15781, 1
15783, 1
15784, 1
15785, 1
15786, 1
15787, 1
15789, 1
15790, 1
15791, 1
15792, 1
15794, 1
15795, 1
15796, 1
15797, 1
15798, 1
15800, 1
15801, 1
15802, 1
15803, 1
15805, 1
15806, 1
15807, 1
15808, 1
15809, 1
15811, 1
15812, 1
15813, 1
15814, 1
15816, 1
15817, 1
15818, 1
15819, 1
15820, 1
15822, 1
15823, 1
15824, 1
15825, 1
15826, 1
15828, 1
15829, 1
15830, 1
15831, 1
15833, 1
15834, 1
15835, 1
15836, 1
15837, 1
15839, 1
15840, 1
15841, 1
15842, 1
15844, 1
15845, 1
15846, 1
15847, 1
15848, 1
15850, 1
15851, 1
15852, 1
15853, 1
15855, 1
15856, 1
15857, 1
15858, 1
15859, 1
15861, 1
15862, 1
15863, 1
15864, 1
15866, 1
15867, 1
15868, 1
15869, 1
15870, 1
15872, 1
15873, 1
15874, 1
15875, 1
15876, 1
15878, 1
15879, 1
15880, 1
15881, 1
15883, 1
15884, 1
15885, 1
15886, 1
15887, 1
15889, 1
15890, 1
15891, 1
15892, 1
15894, 1
15895, 1
15896, 1
15897, 1
15898, 1
15900, 1
15901, 1
15902, 1
15903, 1
15905, 1
15906, 1
15907, 1
15908, 1
15909, 1
15911, 1
15912, 1
15913, 1
15914, 1
15916, 1
15917, 1
15918, 1
15919, 1
15920, 1
15922, 1
15923, 1
15924, 1
15925, 1
15927, 1
15928, 1
15929, 1
15930, 1
15931, 1
15933, 1
15934, 1
15935, 1
15936, 1
15938, 1
15939, 1
15940, 1
15941, 1
15942, 1
15944, 1
15945, 1
15946, 1
15947, 1
15948, 1
15950, 1
15951, 1
15952, 1
15953, 1
15955, 1
15956, 1
15957, 1
15958, 1
15959, 1
15961, 1
15962, 1
15963, 1
15964, 1
15966, 1
15967, 1
15968, 1
15969, 1
15970, 1
15972, 1
15973, 1
15974, 1
15975, 1
15977, 1
15978, 1
15979, 1
15980, 1
15981, 1
15983, 1
15984, 1
15985, 1
15986, 1
15988, 1
15989, 1
15990, 1
15991, 1
15992, 1
15994, 1
15995, 1
15996, 1
15997, 1
15998, 1
16000, 1
16001, 1
16002, 1
16003, 1
16005, 1
16006, 1
16007, 1
16008, 1
16009, 1
16011, 1
16012, 1
16013, 1
16014, 1
16016, 1
16017, 1
16018, 1
16019, 1
16020, 1
16022, 1
16023, 1
16024, 1
16025, 1
16027, 1
16028, 1
16029, 1
16030, 1
16031, 1
16033, 1
16034, 1
16035, 1
16036, 1
16038, 1
16039, 1
16040, 1
16041, 1
16042, 1
16044, 1
16045, 1
16046, 1
16047, 1
16049, 1
16050, 1
16051, 1
16052, 1
16053, 1
16055, 1
16056, 1
16057, 1
16058, 1
16062, 2
16063, 2
16068, 2
16069, 2
16070, 1
16071, 1
16322, 1
16323, 2
16324, 1
16325, 3
16326, 2
16327, 1
16328, 2
16329, 2
16330, 2
16331, 2
16332, 2
16333, 2
16334, 2
16335, 2
16336, 2
16337, 1
16338, 2
16339, 2
16340, 2
16341, 2
16383, 2
16384, 2
16385, 2
16386, 2
16387, 2
16388, 2
16389, 2
16390, 2
16391, 2
16392, 1
16393, 2
16394, 2
16395, 2
16396, 2
16397, 2
16398, 2
16399, 2
16400, 2
16401, 2
16443, 2
16444, 2
16445, 2
16446, 2
16447, 2
16448, 2
16449, 2
16450, 1
16451, 2
16452, 2
16453, 2
16454, 2
16455, 2
16456, 2
16457, 2
16458, 2
16459, 2
16460, 2
16461, 2
16501, 2
16502, 2
16503, 2
16504, 2
16505, 2
16506, 2
16507, 2
16508, 1
16509, 2
16510, 2
16511, 2
16512, 2
16513, 2
16514, 2
16515, 2
16516, 2
16517, 2
16518, 2
16519, 1
16520, 2
16521, 2
16522, 2
16523, 2
16524, 2
16525, 2
16526, 2
16527, 2
16528, 1
16529, 2
16530, 2
16531, 2
16532, 2
16533, 2
16534, 2
16535, 2
16536, 2
16537, 2
16538, 2
16539, 2
16540, 2
16566, 1
16567, 2
16568, 1
16569, 2
16570, 1
16571, 2
16572, 2
16573, 2
16574, 2
16575, 2
16576, 2
16577, 2
16578, 2
16579, 2
16641, 1
16642, 1
16643, 2
16644, 2
16645, 2
16646, 2
16647, 2
16648, 1
16649, 2
16650, 2
16651, 2
16652, 2
16653, 2
16654, 2
16655, 2
16656, 2
16657, 2
16658, 2
16659, 2
16660, 2
16661, 2
16667, 1
16668, 1
16669, 2
16670, 2
16671, 2
16672, 2
16673, 2
16674, 2
16675, 2
16676, 2
16677, 2
16678, 1
16679, 2
16680, 2
16681, 2
16691, 2
16692, 2
16693, 2
16694, 2
16695, 2
16696, 1
16697, 2
16698, 2
16699, 2
16700, 2
16701, 2
16702, 2
16703, 2
16704, 2
16705, 2
16706, 2
16707, 1
16708, 2
16709, 2
16710, 2
16717, 1
16718, 2
16719, 2
16720, 2
16721, 2
16722, 2
16723, 2
16724, 2
16725, 2
16726, 1
16727, 2
16728, 2
16729, 2
16730, 2
16731, 1
16732, 2
16733, 2
16734, 1
16735, 2
16736, 2
16737, 2
16738, 2
16739, 2
16740, 2
16741, 2
16742, 2
16743, 2
16744, 2
16745, 2
16746, 1
16747, 2
16748, 2
16749, 2
16750, 2
16758, 2
16759, 2
16760, 2
16761, 2
16762, 2
16763, 2
16764, 1
16765, 2
16766, 2
16767, 2
16768, 2
16769, 2
16770, 2
16771, 1
16775, 2
16776, 2
16777, 2
16778, 2
16779, 2
16780, 2
16781, 2
16782, 2
16783, 2
16784, 1
16785, 2
16786, 2
16787, 2
16788, 2
16789, 2
16790, 2
16791, 1
16797, 2
16798, 1
16799, 2
16800, 2
16801, 2
16802, 2
16803, 2
16804, 1
16805, 2
16806, 2
16807, 2
16808, 2
16809, 2
16810, 2
16811, 1
16815, 1
16816, 1
16817, 2
16818, 2
16819, 2
16820, 2
16821, 2
16822, 2
16823, 1
16824, 2
16825, 2
16826, 2
16827, 2
16828, 2
16829, 2
16830, 2
16831, 2
16838, 1
16839, 2
16840, 2
16841, 2
16842, 2
16843, 2
16844, 1
16845, 2
16846, 2
16847, 2
16848, 2
16849, 2
16850, 2
16851, 2
16858, 2
16859, 1
16860, 2
16861, 2
16862, 2
16863, 2
16864, 2
16865, 2
16866, 2
16867, 2
16868, 2
16869, 2
16870, 2
16871, 2
16875, 1
16876, 2
16877, 2
16878, 1
16879, 2
16880, 2
16881, 2
16882, 2
16883, 2
16884, 2
16885, 1
16886, 2
16887, 2
16888, 2
16889, 2
16890, 2
16891, 2
16892, 1
16898, 1
16899, 1
16900, 2
16901, 2
16902, 2
16903, 2
16904, 2
16905, 2
16906, 2
16907, 2
16908, 2
16909, 2
16910, 2
16911, 1
16912, 1
16916, 1
16917, 2
16918, 1
16919, 2
16920, 2
16921, 2
16922, 2
16923, 2
16924, 2
16925, 2
16926, 2
16927, 2
16928, 2
16929, 2
16930, 2
16931, 1
16932, 1
16933, 2
16934, 2
16935, 2
16936, 2
16937, 2
16938, 2
16939, 2
16940, 1
16941, 2
16942, 2
16943, 2
16944, 2
16945, 2
16946, 2
16947, 2
16948, 2
16949, 2
16950, 2
16951, 2
16952, 1
16960, 1
16961, 2
16962, 2
16963, 1
16964, 2
16965, 2
16966, 2
16967, 2
16968, 2
16969, 2
16970, 2
16971, 2
16972, 1
16976, 1
16977, 2
16978, 2
16979, 1
16980, 2
16981, 2
16982, 2
16983, 2
16984, 2
16985, 2
16986, 2
16987, 2
16988, 2
16989, 2
16990, 1
16991, 2
16992, 2
16997, 1
16998, 2
16999, 2
17000, 2
17001, 2
17002, 2
17003, 2
17004, 2
17005, 2
17006, 1
17007, 2
17008, 2
17009, 2
17010, 2
17011, 2
17012, 1
17013, 1
17017, 2
17018, 2
17019, 2
17020, 2
17021, 2
17022, 2
17023, 2
17024, 1
17025, 2
17026, 2
17027, 2
17028, 2
17029, 2
17030, 2
17031, 1
17032, 1
17033, 1
17034, 1
17036, 1
17037, 1
17038, 1
17039, 1
17040, 1
17042, 1
17043, 1
17044, 1
17045, 1
17047, 1
17048, 1
17049, 1
17050, 1
17052, 1
17053, 1
17054, 1
17055, 1
17056, 1
17057, 1
17059, 1
17060, 1
17061, 1
17062, 1
17064, 1
17065, 1
17066, 1
17067, 1
17068, 1
17070, 1
17071, 1
17072, 1
17073, 1
17075, 1
17076, 1
17077, 1
17078, 1
17079, 1
17081, 1
17082, 1
17083, 1
17084, 1
17086, 1
17087, 1
17089, 2
17091, 1
17092, 1
17093, 1
17094, 1
17095, 1
17097, 1
17098, 1
17099, 1
17100, 1
17101, 1
17103, 1
17104, 1
17105, 1
17106, 1
17107, 1
17109, 1
17110, 1
17111, 1
17112, 1
17114, 1
17115, 1
17116, 1
17117, 1
17118, 1
17120, 1
17121, 1
17122, 1
17123, 1
17125, 1
17126, 1
17127, 1
17128, 1
17129, 1
17131, 1
17132, 1
17133, 1
17134, 1
17136, 1
17137, 1
17138, 1
17139, 1
17140, 1
17142, 1
17143, 1
17144, 1
17145, 1
17147, 1
17148, 1
17149, 1
17150, 1
17151, 1
17153, 1
17154, 1
17155, 1
17156, 1
17158, 1
17159, 1
17160, 1
17161, 1
17162, 1
17164, 1
17165, 1
17166, 1
17167, 1
17168, 1
17170, 1
17171, 1
17172, 1
17173, 1
17175, 1
17176, 1
17177, 1
17178, 1
17179, 1
17181, 1
17182, 1
17183, 1
17184, 1
17186, 1
17187, 1
17188, 1
17189, 1
17190, 1
17192, 1
17193, 1
17194, 1
17195, 1
17197, 1
17198, 1
17199, 1
17200, 1
17201, 1
17203, 1
17204, 1
17205, 1
17206, 1
17208, 1
17209, 1
17210, 1
17211, 1
17212, 1
17214, 1
17215, 1
17216, 1
17217, 1
17219, 1
17220, 1
17221, 1
17222, 1
17223, 1
17225, 1
17226, 1
17227, 1
17228, 1
17229, 1
17231, 1
17232, 1
17233, 1
17234, 1
17236, 1
17237, 1
17238, 1
17239, 1
17240, 1
17242, 1
17243, 1
17244, 1
17245, 1
17247, 1
17248, 1
17249, 1
17250, 1
17251, 1
17253, 1
17254, 1
17255, 1
17256, 1
17258, 1
17259, 1
17260, 1
17261, 1
17262, 1
17264, 1
17265, 1
17266, 1
17267, 1
17269, 1
17270, 1
17271, 1
17272, 1
17273, 1
17275, 1
17276, 1
17277, 1
17279, 1
17280, 1
17281, 1
17282, 1
17283, 1
17284, 1
17286, 1
17287, 1
17288, 1
17289, 1
17290, 1
17292, 1
17293, 1
17294, 1
17295, 1
17297, 1
17298, 1
17299, 1
17300, 1
17301, 1
17303, 1
17304, 1
17305, 1
17306, 1
17308, 1
17309, 1
17310, 1
17311, 1
17312, 1
17314, 1
17315, 1
17316, 1
17317, 1
17319, 1
17320, 1
17321, 1
17322, 1
17324, 1
17325, 1
17326, 1
17327, 1
17328, 1
17330, 1
17331, 1
17332, 1
17333, 1
17334, 1
17336, 1
17337, 1
17338, 1
17339, 1
17341, 1
17342, 1
17343, 1
17344, 1
17345, 1
17347, 1
17348, 1
17349, 1
17350, 1
17352, 1
17353, 1
17354, 1
17355, 1
17356, 1
17358, 1
17359, 1
17360, 1
17361, 1
17362, 1
17364, 1
17365, 1
17366, 1
17367, 1
17369, 1
17370, 1
17371, 1
17372, 1
17373, 1
17375, 1
17376, 1
17377, 1
17378, 1
17380, 1
17381, 1
17382, 1
17383, 1
17384, 1
17386, 1
17387, 1
17388, 1
17389, 1
17391, 1
17392, 1
17393, 1
17394, 1
17395, 1
17397, 1
17398, 1
17399, 1
17400, 1
17401, 1
17403, 1
17404, 1
17405, 1
17406, 1
17408, 1
17409, 1
17410, 1
17411, 1
17412, 1
17414, 1
17415, 1
17416, 1
17417, 1
17419, 1
17420, 1
17421, 1
17422, 1
17423, 1
17425, 1
17426, 1
17427, 1
17428, 1
17430, 1
17431, 1
17432, 1
17433, 1
17434, 1
17436, 1
17437, 1
17438, 1
17439, 1
17441, 1
17442, 1
17443, 1
17447, 1
17448, 2
17449, 2
17450, 1
17452, 1
17453, 1
17454, 1
17455, 1
17456, 1
17458, 1
17459, 1
17460, 1
17461, 1
17462, 1
17464, 1
17465, 1
17466, 1
17467, 1
17469, 1
17470, 1
17471, 1
17472, 1
17473, 1
17475, 1
17476, 1
17477, 1
17478, 1
17480, 1
17481, 1
17482, 1
17483, 1
17484, 1
17486, 1
17487, 1
17488, 1
17489, 1
17491, 1
17492, 1
17493, 1
17494, 1
17495, 1
17497, 1
17498, 1
17499, 1
17500, 1
17502, 1
17503, 1
17504, 1
17505, 1
17506, 1
17508, 1
17509, 1
17510, 1
17511, 1
17513, 1
17514, 1
17515, 1
17516, 1
17517, 1
17519, 1
17520, 1
17521, 1
17522, 1
17524, 1
17525, 1
17526, 1
17527, 1
17528, 1
17530, 1
17531, 1
17532, 1
17533, 1
17534, 1
17536, 1
17537, 1
17538, 1
17539, 1
17541, 1
17543, 2
17544, 1
17546, 1
17547, 1
17548, 1
17549, 1
17550, 1
17552, 1
17553, 1
17554, 1
17555, 1
17558, 1
17559, 2
17560, 1
17561, 1
17563, 1
17564, 1
17565, 1
17566, 1
17567, 1
17569, 1
17570, 1
17571, 1
17572, 1
17574, 1
17575, 1
17576, 1
17577, 1
17578, 1
17580, 1
17581, 1
17582, 1
17583, 1
17585, 1
17586, 1
17587, 1
17588, 1
17589, 1
17591, 1
17592, 1
17593, 1
17594, 1
17595, 1
17597, 1
17598, 1
17599, 1
17600, 1
17602, 1
17603, 1
17604, 1
17605, 1
17606, 1
17608, 1
17609, 1
17610, 1
17611, 1
17613, 1
17614, 1
17615, 1
17616, 1
17617, 1
17619, 1
17620, 1
17621, 1
17622, 1
17624, 1
17626, 2
17628, 2
17630, 1
17631, 1
17632, 1
17633, 1
17635, 1
17636, 1
17637, 1
17638, 1
17639, 1
17641, 1
17642, 1
17643, 1
17644, 1
17646, 1
17647, 1
17648, 1
17649, 1
17650, 1
17652, 1
17653, 1
17654, 1
17655, 1
17656, 1
17658, 1
17659, 1
17660, 1
17661, 1
17663, 1
17664, 1
17665, 1
17666, 1
17667, 1
17669, 1
17670, 1
17671, 1
17672, 1
17674, 1
17675, 1
17676, 1
17677, 1
17678, 1
17681, 2
17682, 1
17684, 1
17685, 1
17686, 1
17687, 1
17688, 1
17689, 1
17691, 1
17692, 1
17693, 1
17694, 1
17696, 1
17697, 1
17698, 1
17699, 1
17700, 1
17702, 1
17703, 1
17704, 1
17705, 1
17707, 1
17708, 1
17709, 1
17710, 1
17711, 1
17713, 1
17714, 1
17715, 1
17716, 1
17717, 1
17719, 1
17720, 1
17721, 1
17722, 1
17724, 1
17725, 1
17726, 1
17727, 1
17728, 1
17730, 1
17731, 1
17732, 1
17733, 1
17735, 1
17736, 1
17737, 1
17738, 1
17739, 1
17741, 1
17742, 1
17743, 1
17744, 1
17746, 1
17747, 1
17748, 1
17749, 1
17750, 1
17752, 1
17753, 1
17754, 1
17755, 1
17757, 1
17758, 1
17759, 1
17760, 1
17761, 1
17763, 1
17764, 1
17765, 1
17766, 1
17767, 1
17769, 1
17770, 1
17771, 1
17772, 1
17774, 1
17775, 1
17776, 1
17777, 1
17778, 1
17780, 1
17781, 1
17782, 1
17783, 1
17785, 1
17786, 1
17787, 1
17788, 1
17789, 1
17791, 1
17792, 1
17793, 1
17794, 1
17796, 1
17797, 1
17799, 2
17800, 1
17802, 1
17803, 1
17804, 1
17805, 1
17807, 1
17808, 1
17809, 1
17810, 1
17811, 1
17813, 1
17814, 1
17815, 1
17816, 1
17818, 1
17819, 1
17820, 1
17821, 1
17822, 1
17824, 1
17825, 1
17826, 1
17827, 1
17829, 1
17830, 1
17831, 1
17832, 1
17833, 1
17835, 1
17836, 1
17837, 1
17838, 1
17839, 1
17841, 1
17842, 1
17843, 1
17844, 1
17846, 1
17847, 1
17848, 1
17849, 1
17850, 1
17852, 1
17853, 1
17854, 1
17855, 1
17857, 1
17858, 1
17859, 1
17860, 1
17861, 1
17863, 1
17864, 1
17865, 1
17866, 1
17868, 1
17870, 2
17871, 1
17873, 1
17874, 1
17876, 2
17877, 1
17879, 1
17880, 1
17881, 1
17882, 1
17883, 1
17885, 1
17886, 1
17887, 1
17888, 1
17890, 1
17891, 1
17892, 1
17893, 1
17894, 1
17896, 1
17897, 1
17898, 1
17899, 1
17900, 1
17902, 1
17903, 1
17904, 1
17905, 1
17907, 1
17908, 1
17909, 1
17910, 1
17911, 1
17913, 1
17914, 1
17915, 1
17916, 1
17918, 1
17919, 1
17920, 1
17921, 1
17923, 1
17924, 1
17925, 1
17926, 1
17928, 1
17929, 1
17930, 1
17931, 1
17933, 2
17935, 1
17936, 1
17937, 1
17938, 1
17940, 1
17941, 1
17942, 1
17943, 1
17946, 2
17947, 1
17948, 1
17949, 1
17953, 2
17954, 2
17955, 1
17957, 1
17958, 1
17962, 2
17963, 2
17964, 1
17965, 1
17966, 1
17968, 1
17969, 1
17973, 1
17974, 2
17975, 2
17976, 1
17977, 1
17979, 1
17980, 1
17981, 1
17982, 1
17988, 2
17989, 2
17990, 1
17991, 2
17992, 1
17993, 1
17995, 1
17996, 1
17997, 1
17998, 1
17999, 1
18001, 1
18007, 2
18008, 1
18009, 2
18010, 2
18011, 1
18012, 1
18013, 1
18014, 1
18015, 1
18016, 1
18018, 1
18019, 1
18020, 1
18035, 2
18036, 1
18037, 2
18038, 2
18039, 2
18040, 2
18041, 1
18043, 1
18044, 1
18045, 2
18046, 2
18047, 2
18048, 2
18049, 1
18050, 1
18051, 1
18052, 1
18053, 1
18054, 1
18056, 1
18057, 1
18068, 2
18069, 2
18070, 1
18071, 2
18073, 1
18074, 2
18075, 2
18076, 1
18077, 2
18078, 2
18079, 1
18080, 1
18081, 1
18082, 1
18083, 1
18085, 1
18086, 1
18087, 1
18088, 1
18090, 1
18096, 1
18097, 2
18098, 2
18099, 1
18100, 2
18101, 1
18187, 2
18188, 1
18189, 2
18190, 2
18191, 2
18192, 2
18193, 1
18194, 2
18195, 2
18196, 2
18197, 1
18198, 2
18199, 2
18200, 2
18201, 2
18202, 1
18203, 2
18204, 1
18206, 1
18328, 2
18329, 2
18330, 1
18331, 2
18332, 2
18333, 2
18334, 2
18335, 1
18336, 2
18337, 2
18338, 2
18339, 2
18340, 1
18341, 2
18342, 1
18390, 2
18391, 2
18392, 2
18393, 2
18394, 2
18395, 2
18396, 2
18397, 2
18398, 2
18399, 2
18400, 1
18401, 2
18402, 1
18428, 2
18429, 2
18430, 2
18431, 2
18432, 2
18433, 2
18434, 2
18435, 2
18436, 2
18437, 2
18438, 2
18439, 2
18440, 1
18441, 2
18442, 2
18483, 1
18484, 2
18485, 2
18486, 1
18487, 2
18488, 2
18489, 2
18490, 2
18491, 2
18492, 2
18493, 2
18494, 2
18495, 2
18496, 2
18497, 2
18498, 2
18499, 2
18500, 2
18501, 2
18502, 2
18544, 1
18545, 2
18546, 2
18547, 2
18548, 2
18549, 2
18550, 2
18551, 2
18552, 2
18553, 2
18554, 2
18555, 2
18556, 2
18557, 2
18558, 2
18559, 2
18560, 1
18561, 2
18562, 2
18563, 2
18599, 1
18600, 2
18601, 2
18602, 2
18603, 2
18604, 1
18605, 2
18606, 2
18607, 2
18608, 2
18609, 2
18610, 2
18611, 2
18612, 2
18613, 2
18631, 1
18632, 2
18633, 1
18634, 2
18635, 2
18636, 2
18637, 2
18638, 2
18639, 2
18640, 2
18641, 2
18642, 2
18643, 2
18649, 1
18650, 1
18651, 2
18652, 2
18653, 2
18654, 2
18655, 2
18656, 2
18657, 2
18658, 1
18659, 2
18660, 2
18661, 2
18662, 2
18663, 2
18664, 1
18668, 1
18669, 2
18670, 2
18671, 2
18672, 1
18673, 2
18674, 2
18675, 2
18676, 2
18677, 2
18678, 2
18679, 2
18680, 2
18681, 2
18682, 2
18683, 2
18684, 1
18689, 2
18690, 2
18691, 2
18692, 2
18693, 1
18694, 2
18695, 2
18696, 2
18697, 2
18698, 2
18699, 2
18700, 2
18701, 2
18702, 2
18703, 2
18704, 1
18711, 2
18712, 2
18713, 2
18714, 2
18715, 2
18716, 1
18717, 2
18718, 2
18719, 2
18720, 2
18721, 2
18722, 2
18723, 2
18724, 1
18728, 2
18729, 1
18730, 2
18731, 2
18732, 2
18733, 2
18734, 2
18735, 2
18736, 2
18737, 2
18738, 2
18739, 2
18740, 2
18741, 1
18742, 2
18743, 2
18744, 2
18752, 2
18753, 1
18754, 2
18755, 2
18756, 2
18757, 2
18758, 2
18759, 2
18760, 2
18761, 2
18762, 2
18763, 2
18764, 1
18765, 1
18771, 1
18772, 1
18773, 2
18774, 2
18775, 2
18776, 2
18777, 2
18778, 2
18779, 2
18780, 2
18781, 1
18782, 2
18783, 2
18784, 2
18785, 1
18789, 2
18790, 1
18791, 2
18792, 2
18793, 2
18794, 2
18795, 2
18796, 2
18797, 2
18798, 2
18799, 2
18800, 2
18801, 2
18802, 2
18803, 2
18804, 1
18805, 2
18810, 1
18811, 2
18812, 1
18813, 2
18814, 2
18815, 2
18816, 2
18817, 1
18818, 2
18819, 2
18820, 2
18821, 2
18822, 2
18823, 2
18824, 2
18825, 2
18829, 1
18830, 2
18831, 2
18832, 2
18833, 1
18834, 2
18835, 2
18836, 2
18837, 2
18838, 2
18839, 2
18840, 2
18841, 2
18842, 2
18843, 2
18844, 2
18845, 1
18850, 1
18851, 1
18852, 2
18853, 2
18854, 2
18855, 1
18856, 2
18857, 2
18858, 2
18859, 2
18860, 2
18861, 2
18862, 2
18863, 2
18864, 2
18865, 2
18871, 1
18872, 2
18873, 2
18874, 1
18875, 2
18876, 2
18877, 2
18878, 2
18879, 2
18880, 2
18881, 2
18882, 2
18883, 2
18884, 2
18885, 2
18889, 1
18890, 2
18891, 2
18892, 2
18893, 2
18894, 2
18895, 2
18896, 1
18897, 2
18898, 2
18899, 2
18900, 2
18901, 2
18902, 2
18903, 2
18904, 2
18905, 2
18910, 1
18911, 2
18912, 1
18913, 2
18914, 2
18915, 2
18916, 2
18917, 1
18918, 2
18919, 2
18920, 2
18921, 2
18922, 2
18923, 2
18924, 2
18925, 1
18926, 1
18929, 2
18930, 2
18931, 1
18932, 2
18933, 2
18934, 2
18935, 2
18936, 2
18937, 2
18938, 2
18939, 2
18940, 2
18941, 2
18942, 2
18943, 2
18944, 1
18945, 2
18946, 2
18952, 1
18953, 2
18954, 2
18955, 2
18956, 2
18957, 2
18958, 2
18959, 2
18960, 2
18961, 2
18962, 2
18963, 1
18964, 2
18965, 2
18966, 2
18970, 1
18971, 2
18972, 2
18973, 1
18974, 1
18975, 1
18977, 1
18978, 1
18979, 1
18980, 1
18981, 1
18983, 1
18984, 1
18985, 1
18986, 1
18987, 1
18989, 1
18990, 1
18991, 1
18992, 1
18994, 1
18995, 1
18996, 1
18997, 1
18998, 1
19000, 1
19001, 1
19002, 1
19003, 1
19005, 1
19006, 1
19007, 1
19008, 1
19009, 1
19011, 1
19012, 1
19013, 1
19014, 1
19016, 1
19017, 1
19018, 1
19019, 1
19020, 1
19022, 1
19023, 1
19024, 1
19025, 1
19027, 1
19028, 1
19029, 1
19030, 1
19031, 1
19033, 1
19034, 1
19035, 1
19036, 1
19037, 1
19039, 1
19040, 1
19041, 1
19042, 1
19044, 1
19045, 1
19046, 1
19047, 1
19049, 1
19050, 1
19051, 1
19052, 1
19053, 1
19055, 1
19056, 1
19057, 1
19058, 1
19059, 1
19061, 1
19062, 1
19063, 1
19064, 1
19066, 1
19067, 1
19068, 1
19069, 1
19070, 1
19072, 1
19073, 1
19074, 1
19075, 1
19077, 1
19078, 1
19079, 1
19080, 1
19081, 1
19083, 1
19084, 1
19085, 1
19086, 1
19088, 1
19089, 1
19090, 1
19091, 1
19092, 1
19094, 1
19095, 1
19096, 1
19097, 1
19099, 1
19100, 1
19101, 1
19102, 1
19103, 1
19105, 1
19106, 1
19107, 1
19108, 1
19109, 1
19111, 1
19112, 1
19113, 1
19114, 1
19116, 1
19117, 1
19118, 1
19119, 1
19120, 1
19122, 1
19123, 1
19124, 1
19125, 1
19127, 1
19128, 1
19129, 1
19130, 1
19131, 1
19133, 1
19134, 1
19135, 1
19136, 1
19138, 1
19139, 1
19140, 1
19141, 1
19142, 1
19144, 1
19145, 1
19146, 1
19147, 1
19149, 1
19150, 1
19151, 1
19152, 1
19153, 1
19155, 1
19156, 1
19157, 1
19158, 1
19160, 1
19161, 1
19162, 1
19163, 1
19164, 1
19166, 1
19167, 1
19168, 1
19169, 1
19171, 1
19172, 1
19173, 1
19174, 1
19175, 1
19177, 1
19178, 1
19179, 1
19180, 1
19181, 1
19183, 1
19184, 1
19185, 1
19186, 1
19188, 1
19189, 1
19190, 1
19191, 1
19192, 1
19194, 1
19195, 1
19196, 1
19197, 1
19199, 1
19200, 1
19201, 1
19202, 1
19203, 1
19205, 1
19206, 1
19207, 1
19208, 1
19210, 1
19211, 1
19212, 1
19213, 1
19214, 1
19216, 1
19217, 1
19218, 1
19219, 1
19221, 1
19222, 1
19223, 1
19224, 1
19225, 1
19227, 1
19228, 1
19229, 1
19230, 1
19231, 1
19233, 1
19234, 1
19235, 1
19236, 1
19238, 1
19239, 1
19240, 1
19241, 1
19242, 1
19244, 1
19245, 1
19246, 1
19247, 1
19249, 1
19250, 1
19251, 1
19252, 1
19253, 1
19255, 1
19256, 1
19257, 1
19258, 1
19260, 1
19261, 1
19262, 1
19263, 1
19264, 1
19266, 1
19267, 1
19268, 1
19269, 1
19271, 1
19272, 1
19273, 1
19274, 1
19275, 1
19277, 1
19278, 1
19279, 1
19280, 1
19282, 1
19283, 1
19284, 1
19285, 1
19286, 1
19288, 1
19289, 1
19290, 1
19291, 1
19292, 1
19294, 1
19295, 1
19296, 1
19297, 1
19299, 1
19300, 1
19301, 1
19302, 1
19303, 1
19305, 1
19306, 1
19307, 1
19308, 1
19310, 1
19311, 1
19312, 1
19313, 1
19314, 1
19316, 1
19317, 1
19318, 1
19319, 1
19321, 1
19322, 1
19323, 1
19324, 1
19325, 1
19327, 1
19328, 1
19329, 1
19330, 1
19332, 1
19333, 1
19334, 1
19335, 1
19336, 1
19338, 1
19339, 1
19340, 1
19341, 1
19343, 1
19344, 1
19345, 1
19346, 1
19347, 1
19349, 1
19350, 1
19351, 1
19352, 1
19353, 1
19355, 1
19356, 1
19357, 1
19358, 1
19360, 1
19361, 1
19362, 1
19363, 1
19364, 1
19366, 1
19367, 1
19368, 1
19369, 1
19371, 1
19372, 1
19373, 1
19374, 1
19375, 1
19377, 1
19378, 1
19379, 1
19380, 1
19382, 1
19383, 1
19384, 1
19385, 1
19386, 1
19388, 1
19389, 1
19390, 1
19391, 1
19393, 1
19394, 1
19395, 1
19396, 1
19397, 1
19399, 1
19400, 1
19401, 1
19402, 1
19404, 1
19405, 1
19406, 1
19407, 1
19408, 1
19410, 1
19411, 1
19412, 1
19413, 1
19415, 1
19416, 1
19417, 1
19418, 1
19419, 1
19421, 1
19422, 1
19423, 1
19424, 1
19425, 1
19427, 1
19428, 1
19429, 1
19430, 1
19432, 1
19433, 1
19434, 1
19435, 1
19436, 1
19438, 1
19439, 1
19440, 1
19441, 1
19443, 1
19444, 1
19445, 1
19446, 1
19447, 1
19449, 1
19450, 1
19451, 1
19452, 1
19454, 1
19455, 1
19456, 1
19457, 1
19458, 1
19460, 1
19461, 1
19462, 1
19463, 1
19465, 1
19466, 1
19467, 1
19468, 1
19469, 1
19471, 1
19472, 1
19473, 1
19474, 1
19475, 1
19477, 1
19478, 1
19479, 1
19480, 1
19482, 1
19483, 1
19484, 1
19485, 1
19486, 1
19488, 1
19489, 1
19490, 1
19491, 1
19493, 1
19494, 1
19495, 1
19496, 1
19497, 1
19499, 1
19500, 1
19501, 1
19502, 1
19504, 1
19505, 1
19506, 1
19507, 1
19508, 1
19510, 1
19511, 1
19512, 1
19513, 1
19515, 1
19516, 1
19517, 1
19518, 1
19519, 1
19521, 1
19522, 1
19523, 1
19524, 1
19526, 1
19527, 1
19528, 1
19529, 1
19530, 1
19532, 1
19533, 1
19534, 1
19535, 1
19537, 1
19538, 1
19539, 1
19540, 1
19541, 1
19543, 1
19544, 1
19545, 1
19546, 1
19547, 1
19549, 1
19550, 1
19551, 1
19552, 1
19554, 1
19555, 1
19556, 1
19557, 1
19558, 1
19560, 1
19561, 1
19562, 1
19563, 1
19565, 1
19566, 1
19567, 1
19568, 1
19569, 1
19571, 1
19572, 1
19573, 1
19574, 1
19576, 1
19577, 1
19578, 1
19579, 1
19580, 1
19582, 1
19583, 1
19584, 1
19585, 1
19587, 1
19588, 1
19589, 1
19590, 1
19591, 1
19593, 1
19594, 1
19595, 1
19596, 1
19598, 1
19599, 1
19600, 1
19601, 1
19602, 1
19604, 1
19605, 1
19606, 1
19607, 1
19608, 1
19610, 1
19611, 1
19612, 1
19613, 1
19615, 1
19616, 1
19617, 1
19618, 1
19619, 1
19621, 1
19622, 1
19623, 1
19624, 1
19626, 1
19627, 1
19628, 1
19629, 1
19630, 1
19632, 1
19633, 1
19634, 1
19635, 1
19637, 1
19638, 1
19639, 1
19640, 1
19641, 1
19643, 1
19644, 1
19645, 1
19646, 1
19648, 1
19649, 1
19650, 1
19651, 1
19652, 1
19654, 1
19655, 1
19656, 1
19657, 1
19659, 1
19660, 1
19661, 1
19662, 1
19663, 1
19665, 1
19666, 1
19667, 1
19668, 1
19669, 1
19671, 1
19672, 1
19673, 1
19674, 1
19676, 1
19677, 1
19678, 1
19679, 1
19680, 1
19682, 1
19683, 1
19684, 1
19685, 1
19687, 1
19688, 1
19689, 1
19690, 1
19691, 1
19693, 1
19694, 1
19695, 1
19696, 1
19698, 1
19699, 1
19700, 1
19701, 1
19702, 1
19704, 1
19705, 1
19706, 1
19707, 1
19709, 1
19710, 1
19711, 1
19712, 1
19713, 1
19715, 1
19716, 1
19717, 1
19718, 1
19720, 1
19721, 1
19722, 1
19723, 1
19724, 1
19726, 1
19727, 1
19728, 1
19729, 1
19731, 1
19732, 1
19733, 1
19734, 1
19735, 1
19737, 1
19738, 1
19739, 1
19740, 1
19741, 1
19743, 1
19744, 1
19745, 1
19746, 1
19748, 1
19749, 1
19750, 1
19751, 1
19752, 1
19754, 1
19755, 1
19756, 1
19757, 1
19759, 1
19760, 1
19761, 1
19762, 1
19763, 1
19765, 1
19766, 1
19767, 1
19768, 1
19770, 1
19771, 1
19772, 1
19773, 1
19774, 1
19776, 1
19777, 1
19778, 1
19779, 1
19780, 1
19782, 1
19783, 1
19784, 1
19785, 1
19787, 1
19788, 1
19789, 1
19790, 1
19791, 1
19793, 1
19794, 1
19795, 1
19796, 1
19798, 1
19799, 1
19800, 1
19801, 1
19802, 1
19804, 1
19805, 1
19806, 1
19807, 1
19809, 1
19810, 1
19811, 1
19812, 1
19813, 1
19815, 1
19816, 1
19817, 1
19818, 1
19820, 1
19821, 1
19822, 1
19823, 1
19824, 1
19826, 1
19827, 1
19828, 1
19829, 1
19831, 1
19832, 1
19833, 1
19834, 1
19835, 1
19837, 1
19838, 1
19839, 1
19840, 1
19841, 1
19843, 1
19844, 1
19845, 1
19846, 1
19848, 1
19849, 1
19850, 1
19851, 1
19852, 1
19854, 1
19855, 1
19856, 1
19857, 1
19859, 1
19860, 1
19861, 1
19862, 1
19863, 1
19865, 1
19866, 1
19867, 1
19868, 1
19870, 1
19871, 1
19872, 1
19873, 1
19874, 1
19876, 1
19877, 1
19878, 1
19879, 1
19881, 1
19882, 1
19883, 1
19884, 1
19885, 1
19887, 1
19888, 1
19889, 1
19890, 1
19892, 1
19893, 1
19894, 1
19895, 1
19896, 1
19898, 1
19899, 1
19900, 1
19901, 1
19903, 1
19904, 1
19905, 1
19906, 1
19907, 1
19909, 1
19910, 1
19911, 1
19912, 1
19913, 1
19915, 1
19916, 1
19917, 1
19918, 1
19920, 1
19921, 1
19922, 1
19923, 1
19924, 1
19926, 1
19927, 1
19928, 1
19929, 1
19931, 1
19932, 1
19933, 1
19934, 1
19935, 1
19937, 1
19938, 1
19939, 1
19940, 1
19942, 1
19943, 1
19944, 1
19945, 1
19946, 1
19948, 1
19949, 1
19950, 1
19951, 1
19953, 1
19954, 1
19955, 1
19956, 1
19957, 1
19959, 1
19960, 1
19961, 1
19962, 1
19963, 1
19965, 1
19966, 1
19967, 1
19968, 1
19970, 1
19971, 1
19972, 1
19973, 1
19975, 1
19976, 1
19977, 1
19978, 1
19979, 1
19981, 1
19982, 1
19983, 1
19984, 1
19985, 1
19987, 1
19988, 1
19989, 1
19990, 1
19992, 1
19993, 1
19994, 1
19995, 1
19996, 1
19998, 1
19999, 1
20000, 1
20001, 1
20003, 1
20004, 1
20005, 1
20006, 1
20007, 1
20009, 1
20010, 1
20011, 1
20012, 1
20014, 1
20015, 1
20016, 1
20017, 1
20018, 1
20020, 1
20021, 1
20022, 1
20023, 1
20024, 1
20026, 1
20027, 1
20028, 1
20029, 1
20031, 1
20032, 1
20033, 1
20034, 1
20035, 1
20037, 1
20038, 1
20039, 1
20040, 1
20042, 1
20043, 1
20044, 1
20045, 1
20046, 1
20048, 1
20049, 1
20050, 1
20051, 1
20053, 1
20054, 1
20055, 1
20056, 1
20057, 1
20059, 1
20060, 1
20061, 1
20062, 1
20064, 1
20065, 1
20066, 1
20067, 1
20068, 1
20070, 1
20071, 1
20072, 1
20073, 1
20075, 1
20076, 1
20077, 1
20078, 1
20079, 1
20081, 1
20082, 1
20083, 1
20084, 1
20086, 1
20087, 1
20088, 1
20089, 1
20090, 1
20092, 1
20093, 1
20094, 1
20095, 1
20096, 1
20102, 1
20103, 2
20104, 2
20105, 1
20106, 2
20110, 2
20111, 2
20117, 2
20118, 2
20119, 2
20120, 1
20379, 1
20516, 2
20517, 2
20518, 2
20519, 2
20520, 1
20521, 2
20522, 2
20523, 2
20524, 2
20525, 2
20526, 2
20527, 2
20528, 2
20529, 2
20530, 1
20572, 2
20573, 2
20574, 2
20575, 2
20576, 2
20577, 1
20578, 2
20579, 2
20580, 2
20581, 2
20582, 2
20583, 2
20584, 2
20585, 2
20586, 2
20587, 2
20588, 2
20589, 2
20590, 1
20591, 1
20632, 1
20633, 2
20634, 2
20635, 2
20636, 2
20637, 2
20638, 2
20639, 2
20640, 2
20641, 1
20642, 2
20643, 2
20644, 2
20645, 2
20646, 2
20647, 2
20648, 2
20649, 2
20650, 2
20651, 1
20697, 1
20698, 2
20699, 1
20700, 2
20701, 1
20702, 2
20703, 2
20704, 2
20705, 2
20706, 2
20707, 1
20738, 2
20739, 2
20740, 2
20741, 2
20742, 1
20743, 2
20744, 2
20745, 2
20746, 2
20747, 2
20748, 2
20749, 2
20750, 2
20751, 2
20752, 1
20761, 2
20762, 1
20763, 2
20764, 2
20765, 2
20766, 2
20767, 2
20768, 2
20769, 1
20770, 2
20771, 2
20772, 2
20778, 1
20779, 2
20780, 2
20781, 1
20782, 2
20783, 2
20784, 2
20785, 2
20786, 2
20787, 2
20788, 2
20789, 2
20790, 2
20791, 2
20792, 2
20798, 2
20799, 1
20800, 2
20801, 2
20802, 2
20803, 2
20804, 2
20805, 2
20806, 2
20807, 2
20808, 1
20809, 2
20810, 2
20811, 2
20812, 2
20813, 1
20817, 2
20818, 2
20819, 2
20820, 2
20821, 2
20822, 2
20823, 2
20824, 1
20825, 2
20826, 2
20827, 2
20828, 2
20829, 2
20830, 2
20831, 2
20832, 2
20833, 1
20838, 2
20839, 2
20840, 2
20841, 2
20842, 2
20843, 2
20844, 2
20845, 2
20846, 2
20847, 1
20848, 2
20849, 2
20850, 2
20851, 2
20852, 2
20853, 1
20856, 1
20857, 1
20858, 2
20859, 2
20860, 2
20861, 2
20862, 2
20863, 2
20864, 2
20865, 2
20866, 2
20867, 1
20868, 2
20869, 2
20870, 2
20871, 2
20872, 2
20873, 2
20879, 2
20880, 2
20881, 1
20882, 2
20883, 2
20884, 2
20885, 2
20886, 2
20887, 2
20888, 2
20889, 2
20890, 2
20891, 2
20892, 1
20893, 2
20897, 1
20898, 2
20899, 2
20900, 2
20901, 1
20902, 2
20903, 2
20904, 2
20905, 2
20906, 2
20907, 2
20908, 2
20909, 2
20910, 2
20911, 2
20912, 1
20913, 2
20914, 1
20919, 1
20920, 2
20921, 2
20922, 1
20923, 2
20924, 2
20925, 2
20926, 2
20927, 2
20928, 2
20929, 2
20930, 2
20931, 2
20932, 2
20933, 2
20936, 1
20937, 1
20938, 2
20939, 2
20940, 2
20941, 2
20942, 2
20943, 2
20944, 2
20945, 2
20946, 1
20947, 2
20948, 2
20949, 2
20950, 2
20951, 2
20952, 2
20953, 1
20954, 1
20959, 1
20960, 2
20961, 2
20962, 2
20963, 2
20964, 2
20965, 1
20966, 2
20967, 2
20968, 2
20969, 2
20970, 2
20971, 2
20972, 2
20973, 2
20974, 1
20978, 1
20979, 2
20980, 2
20981, 2
20982, 2
20983, 1
20984, 2
20985, 2
20986, 2
20987, 2
20988, 2
20989, 2
20990, 2
20991, 2
20992, 2
20993, 2
20994, 1
21002, 1
21003, 1
21004, 1
21005, 1
21006, 2
21007, 2
21008, 2
21009, 2
21010, 2
21011, 1
21012, 2
21013, 2
21014, 2
21015, 2
21016, 1
21021, 2
21022, 1
21023, 1
21024, 2
21025, 2
21026, 1
21027, 2
21028, 2
21029, 2
21030, 2
21031, 1
21033, 1
21034, 1
21035, 2
21036, 2
21037, 2
21038, 2
21039, 2
21040, 2
21041, 2
21042, 2
21043, 1
21044, 2
21045, 2
21046, 2
21051, 2
21052, 2
21053, 2
21054, 2
21055, 1
21056, 2
21057, 2
21058, 2
21059, 2
21060, 1
21061, 2
21062, 2
21063, 2
21064, 2
21065, 2
21066, 2
21067, 2
21068, 1
21069, 2
21070, 2
21071, 2
21072, 2
21073, 2
21074, 2
21075, 2
21076, 2
21077, 1
21078, 2
21079, 2
21080, 2
21081, 2
21082, 2
21083, 2
21084, 2
21085, 2
21086, 1
21087, 1
21095, 1
21096, 2
21097, 2
21098, 1
21099, 2
21100, 2
21101, 2
21102, 2
21103, 2
21104, 2
21105, 2
21106, 1
21107, 1
21110, 2
21111, 1
21112, 2
21113, 2
21114, 2
21115, 2
21116, 2
21117, 2
21118, 2
21119, 2
21120, 2
21121, 2
21122, 2
21123, 1
21124, 2
21125, 2
21126, 2
21127, 1
21132, 1
21133, 2
21134, 1
21135, 2
21136, 2
21137, 2
21138, 2
21139, 2
21140, 2
21141, 2
21142, 2
21143, 2
21144, 1
21145, 2
21146, 2
21147, 2
21151, 1
21152, 1
21153, 2
21154, 2
21155, 2
21156, 2
21157, 2
21158, 2
21159, 2
21160, 1
21161, 2
21162, 2
21163, 2
21164, 2
21165, 2
21166, 1
21167, 2
21171, 2
21172, 2
21173, 2
21174, 2
21175, 2
21176, 1
21177, 2
21178, 2
21179, 2
21180, 2
21181, 2
21182, 2
21183, 2
21184, 2
21185, 2
21186, 1
21187, 2
21193, 2
21194, 2
21195, 2
21196, 2
21197, 2
21198, 1
21199, 2
21200, 2
21201, 2
21202, 2
21203, 2
21204, 2
21205, 2
21206, 2
21207, 1
21208, 1
21210, 1
21211, 2
21212, 2
21213, 2
21214, 2
21215, 2
21216, 1
21217, 2
21218, 2
21219, 2
21220, 2
21221, 2
21222, 2
21223, 2
21224, 1
21225, 2
21226, 2
21227, 2
21228, 1
21234, 2
21235, 2
21236, 1
21237, 2
21238, 2
21239, 2
21240, 2
21241, 2
21242, 2
21243, 2
21244, 2
21245, 2
21246, 2
21247, 2
21252, 1
21253, 2
21254, 1
21255, 2
21256, 2
21257, 2
21258, 2
21259, 2
21260, 2
21261, 2
21262, 2
21263, 2
21264, 1
21265, 2
21266, 2
21267, 2
21268, 1
21271, 1
21272, 2
21273, 2
21274, 2
21275, 2
21276, 1
21277, 2
21278, 2
21279, 2
21280, 2
21281, 2
21282, 2
21283, 2
21284, 2
21285, 2
21286, 2
21287, 1
21288, 2
21293, 1
21294, 2
21295, 2
21296, 1
21297, 2
21298, 2
21299, 2
21300, 2
21301, 2
21302, 2
21303, 2
21304, 2
21305, 2
21306, 2
21307, 2
21308, 1
21311, 1
21312, 2
21313, 2
21314, 2
21315, 2
21316, 2
21317, 2
21318, 2
21319, 1
21320, 1
21321, 1
21323, 1
21324, 1
21325, 1
21326, 1
21328, 1
21329, 1
21330, 1
21331, 1
21332, 1
21334, 1
21335, 1
21336, 1
21337, 1
21338, 1
21340, 1
21341, 1
21342, 1
21343, 1
21345, 1
21346, 1
21347, 1
21348, 1
21349, 1
21351, 1
21352, 1
21353, 1
21354, 1
21356, 1
21357, 1
21358, 1
21359, 1
21360, 1
21362, 1
21363, 1
21364, 1
21365, 1
21367, 1
21368, 1
21369, 1
21370, 1
21371, 1
21373, 1
21374, 1
21375, 1
21376, 1
21377, 1
21379, 1
21380, 1
21381, 1
21382, 1
21384, 1
21385, 1
21387, 2
21388, 1
21390, 1
21391, 1
21392, 1
21393, 1
21395, 1
21396, 1
21397, 1
21398, 1
21399, 1
21401, 1
21402, 1
21403, 1
21404, 1
21406, 1
21407, 1
21408, 1
21409, 1
21410, 1
21412, 1
21413, 1
21414, 1
21415, 1
21417, 1
21418, 1
21419, 1
21420, 1
21421, 1
21423, 1
21424, 1
21425, 1
21426, 1
21427, 1
21429, 1
21430, 1
21431, 1
21432, 1
21434, 1
21435, 1
21436, 1
21437, 1
21438, 1
21440, 1
21441, 1
21442, 1
21443, 1
21445, 1
21446, 1
21447, 1
21448, 1
21449, 1
21451, 1
21452, 1
21453, 1
21454, 1
21456, 1
21457, 1
21458, 1
21459, 1
21460, 1
21462, 1
21463, 1
21464, 1
21465, 1
21467, 1
21468, 1
21469, 1
21470, 1
21471, 1
21473, 1
21474, 1
21475, 1
21476, 1
21478, 1
21479, 1
21480, 1
21481, 1
21482, 1
21484, 1
21485, 1
21486, 1
21487, 1
21489, 1
21490, 1
21491, 1
21492, 1
21493, 1
21495, 1
21496, 1
21497, 1
21498, 1
21499, 1
21501, 1
21502, 1
21503, 1
21504, 1
21506, 1
21507, 1
21508, 1
21509, 1
21510, 1
21512, 1
21513, 1
21514, 1
21515, 1
21517, 1
21518, 1
21519, 1
21520, 1
21521, 1
21523, 1
21524, 1
21525, 1
21526, 1
21528, 1
21529, 1
21530, 1
21531, 1
21532, 1
21534, 1
21535, 1
21536, 1
21537, 1
21539, 1
21540, 1
21541, 1
21542, 1
21543, 1
21545, 1
21546, 1
21547, 1
21548, 1
21550, 1
21551, 1
21552, 1
21553, 1
21554, 1
21556, 1
21557, 1
21558, 1
21559, 1
21561, 1
21562, 1
21563, 1
21564, 1
21565, 1
21567, 1
21568, 1
21569, 1
21570, 1
21571, 1
21573, 1
21574, 1
21575, 1
21576, 1
21578, 1
21579, 1
21580, 1
21581, 1
21582, 1
21584, 1
21585, 1
21586, 1
21587, 1
21589, 1
21590, 1
21591, 1
21592, 1
21593, 1
21595, 1
21596, 1
21597, 1
21598, 1
21600, 1
21601, 1
21602, 1
21603, 1
21604, 1
21606, 1
21607, 1
21608, 1
21609, 1
21611, 1
21612, 1
21613, 1
21614, 1
21615, 1
21617, 1
21618, 1
21619, 1
21620, 1
21621, 1
21623, 1
21624, 1
21625, 1
21626, 1
21628, 1
21629, 1
21630, 1
21631, 1
21632, 1
21634, 1
21635, 1
21636, 1
21637, 1
21639, 1
21640, 1
21641, 1
21642, 1
21643, 1
21645, 1
21646, 1
21647, 1
21648, 1
21650, 1
21651, 1
21652, 1
21653, 1
21654, 1
21656, 1
21657, 1
21658, 1
21659, 1
21661, 1
21662, 1
21663, 1
21664, 1
21665, 1
21667, 1
21668, 1
21669, 1
21670, 1
21672, 1
21673, 1
21674, 1
21675, 1
21676, 1
21678, 1
21679, 1
21680, 1
21681, 1
21682, 1
21684, 1
21685, 1
21686, 1
21687, 1
21689, 1
21690, 1
21691, 1
21692, 1
21693, 1
21695, 1
21696, 1
21697, 1
21698, 1
21700, 1
21701, 1
21702, 1
21703, 1
21704, 1
21706, 1
21707, 1
21708, 1
21709, 1
21711, 1
21712, 1
21713, 1
21714, 1
21715, 1
21717, 1
21718, 1
21719, 1
21720, 1
21722, 1
21723, 1
21724, 1
21725, 1
21726, 1
21728, 1
21729, 1
21730, 1
21731, 1
21732, 1
21734, 1
21735, 1
21736, 1
21737, 1
21739, 1
21740, 1
21741, 1
21742, 1
21743, 1
21745, 1
21746, 1
21747, 1
21748, 1
21750, 1
21751, 1
21752, 1
21753, 1
21754, 1
21756, 1
21757, 1
21758, 1
21759, 1
21761, 1
21762, 1
21763, 1
21764, 1
21765, 1
21767, 1
21768, 1
21769, 1
21770, 1
21772, 1
21773, 1
21774, 1
21775, 1
21776, 1
21778, 1
21779, 1
21780, 1
21781, 1
21783, 1
21784, 1
21785, 1
21786, 1
21788, 1
21789, 1
21791, 2
21792, 1
21794, 1
21795, 1
21796, 1
21797, 1
21800, 2
21801, 1
21802, 1
21803, 1
21806, 1
21807, 2
21808, 1
21809, 1
21811, 1
21814, 2
21815, 1
21816, 1
21817, 1
21818, 1
21819, 1
21820, 1
21824, 1
21825, 2
21826, 1
21827, 1
21828, 1
21829, 1
21830, 1
21831, 1
21833, 1
21837, 1
21838, 1
21839, 2
21840, 2
21841, 1
21842, 1
21844, 1
21845, 1
21846, 1
21847, 1
21848, 1
21854, 1
21855, 2
21856, 1
21857, 2
21858, 2
21859, 1
21861, 1
21862, 1
21863, 1
21864, 1
21865, 1
21867, 1
21868, 1
21869, 1
21876, 1
21877, 2
21878, 1
21879, 2
21880, 2
21881, 1
21882, 1
21883, 1
21884, 1
21885, 1
21886, 1
21887, 1
21889, 1
21890, 1
21891, 1
21892, 1
21894, 1
21895, 1
21904, 1
21905, 2
21906, 2
21907, 2
21908, 1
21909, 2
21910, 2
21911, 1
21912, 1
21913, 1
21914, 1
21916, 1
21917, 1
21918, 1
21919, 1
21920, 1
21922, 1
21923, 1
21924, 1
21925, 1
21926, 1
21928, 1
21929, 1
21941, 2
21942, 2
21943, 2
21945, 1
21946, 2
21947, 2
21948, 2
21949, 2
21950, 2
21951, 1
21952, 1
21953, 1
21955, 1
21956, 1
21957, 1
21958, 1
21959, 1
21961, 1
21962, 1
21963, 1
21964, 1
21966, 1
21967, 1
21968, 1
21969, 1
21970, 1
21972, 1
21984, 1
21985, 2
21986, 2
21987, 2
21988, 2
21989, 1
21990, 2
21991, 2
21992, 2
21993, 1
21994, 1
21995, 1
21996, 1
21997, 1
21998, 1
22000, 1
22001, 1
22002, 1
22003, 1
22005, 1
22006, 1
22007, 1
22008, 1
22009, 1
22011, 1
22012, 1
22013, 1
22014, 1
22016, 1
22017, 1
22035, 2
22036, 2
22037, 2
22038, 1
22039, 2
22040, 2
22041, 2
22042, 2
22043, 2
22044, 1
22047, 1
22048, 1
22049, 2
22050, 2
22051, 2
22052, 2
22053, 2
22055, 1
22056, 1
22057, 1
22058, 1
22059, 1
22061, 1
22062, 1
22063, 1
22064, 1
22066, 1
22067, 1
22068, 1
22069, 1
22070, 1
22072, 1
22073, 1
22074, 1
22075, 1
22081, 1
22082, 2
22083, 2
22084, 1
22085, 2
22481, 2
22482, 2
22483, 2
22484, 2
22485, 2
22486, 2
22487, 2
22488, 2
22489, 2
22490, 1
22491, 2
22492, 2
22493, 2
22494, 2
22495, 2
22496, 2
22497, 2
22498, 2
22499, 2
22500, 1
22541, 1
22542, 2
22543, 2
22544, 1
22545, 2
22546, 2
22547, 2
22548, 2
22549, 2
22550, 2
22551, 2
22552, 2
22553, 2
22554, 2
22555, 2
22556, 2
22557, 1
22558, 2
22559, 2
22560, 2
22596, 1
22597, 1
22598, 2
22599, 2
22600, 2
22601, 1
22602, 2
22603, 2
22604, 2
22605, 2
22606, 2
22607, 2
22608, 2
22609, 2
22610, 2
22614, 1
22615, 2
22616, 2
22617, 2
22618, 2
22619, 2
22620, 2
22621, 1
22622, 2
22623, 2
22624, 2
22625, 2
22626, 2
22627, 2
22628, 2
22629, 2
22630, 2
22636, 2
22637, 2
22638, 1
22639, 2
22640, 2
22641, 2
22642, 2
22643, 2
22644, 2
22645, 2
22646, 2
22647, 2
22648, 2
22649, 2
22650, 2
22651, 1
22652, 1
22653, 1
22654, 2
22655, 2
22656, 2
22657, 2
22658, 2
22659, 2
22660, 2
22661, 2
22662, 2
22663, 2
22664, 2
22665, 1
22666, 2
22667, 2
22668, 2
22669, 2
22670, 2
22671, 2
22678, 2
22679, 2
22680, 2
22681, 2
22682, 2
22683, 2
22684, 2
22685, 2
22686, 2
22687, 2
22688, 1
22689, 2
22690, 2
22691, 2
22696, 1
22697, 1
22698, 2
22699, 1
22700, 2
22701, 2
22702, 2
22703, 2
22704, 2
22705, 2
22706, 2
22707, 2
22708, 2
22709, 2
22710, 1
22711, 2
22714, 1
22715, 2
22716, 2
22717, 2
22718, 2
22719, 2
22720, 2
22721, 2
22722, 1
22723, 2
22724, 2
22725, 2
22726, 2
22727, 2
22728, 2
22729, 2
22730, 2
22731, 2
22733, 2
22734, 1
22735, 2
22736, 2
22737, 2
22738, 2
22739, 2
22740, 2
22741, 2
22742, 2
22743, 2
22744, 2
22745, 1
22746, 2
22747, 2
22748, 2
22749, 2
22750, 2
22751, 2
22752, 1
22759, 2
22760, 1
22761, 2
22762, 2
22763, 2
22764, 2
22765, 2
22766, 2
22767, 2
22768, 2
22769, 2
22770, 2
22771, 2
22778, 2
22779, 1
22780, 2
22781, 2
22782, 2
22783, 2
22784, 2
22785, 2
22786, 1
22787, 2
22788, 2
22789, 2
22790, 2
22791, 2
22792, 1
22796, 1
22797, 1
22798, 2
22799, 2
22800, 2
22801, 2
22802, 1
22803, 2
22804, 2
22805, 2
22806, 2
22807, 2
22808, 2
22809, 2
22810, 2
22811, 2
22812, 1
22817, 2
22818, 2
22819, 1
22820, 2
22821, 2
22822, 2
22823, 2
22824, 2
22825, 2
22826, 2
22827, 2
22828, 1
22829, 2
22830, 2
22831, 2
22832, 2
22837, 1
22838, 2
22839, 2
22840, 2
22841, 2
22842, 2
22843, 2
22844, 1
22845, 2
22846, 2
22847, 2
22848, 2
22849, 2
22850, 2
22851, 2
22852, 2
22857, 1
22858, 2
22859, 2
22860, 2
22861, 2
22862, 1
22863, 2
22864, 2
22865, 2
22866, 2
22867, 2
22868, 2
22869, 2
22870, 2
22871, 2
22872, 2
22878, 1
22879, 1
22880, 1
22881, 2
22882, 1
22883, 2
22884, 2
22885, 2
22886, 2
22887, 2
22888, 2
22889, 2
22890, 2
22891, 2
22894, 2
22895, 2
22896, 2
22897, 1
22898, 2
22899, 2
22900, 2
22901, 2
22902, 2
22903, 2
22904, 2
22905, 2
22906, 2
22907, 2
22908, 1
22909, 2
22910, 2
22911, 2
22912, 2
22913, 2
22914, 2
22915, 2
22916, 2
22917, 2
22918, 2
22919, 2
22920, 2
22921, 2
22929, 1
22930, 2
22931, 2
22932, 1
22933, 2
22934, 2
22935, 2
22936, 2
22937, 2
22938, 2
22939, 2
22940, 2
22941, 2
22943, 2
22944, 2
22945, 2
22946, 2
22947, 2
22948, 2
22949, 1
22950, 2
22951, 2
22952, 2
22953, 2
22954, 2
22955, 2
22956, 2
22957, 2
22958, 2
22959, 1
22960, 2
22961, 2
22962, 1
22969, 2
22970, 2
22971, 2
22972, 2
22973, 2
22974, 1
22975, 2
22976, 2
22977, 2
22978, 2
22979, 2
22980, 2
22981, 2
22982, 2
22983, 2
22984, 2
22985, 2
22986, 1
22987, 2
22988, 2
22989, 2
22990, 2
22991, 2
22992, 2
22993, 2
22998, 2
22999, 2
23000, 2
23001, 2
23002, 2
23003, 2
23004, 1
23005, 2
23006, 2
23007, 2
23008, 2
23009, 2
23010, 2
23011, 2
23012, 2
23013, 2
23020, 2
23021, 1
23022, 2
23023, 2
23024, 2
23025, 2
23026, 2
23027, 2
23028, 2
23029, 2
23030, 2
23031, 2
23032, 1
23033, 2
23034, 1
23038, 1
23039, 2
23040, 1
23041, 2
23042, 2
23043, 2
23044, 2
23045, 2
23046, 2
23047, 2
23048, 2
23049, 2
23050, 2
23051, 2
23052, 2
23053, 2
23059, 1
23060, 2
23061, 2
23062, 2
23063, 2
23064, 1
23065, 2
23066, 2
23067, 2
23068, 2
23069, 2
23070, 2
23071, 2
23072, 2
23073, 2
23079, 2
23080, 2
23081, 1
23082, 2
23083, 2
23084, 2
23085, 2
23086, 2
23087, 1
23088, 2
23089, 2
23090, 1
23091, 1
23092, 1
23093, 1
23094, 1
23095, 1
23096, 1
23098, 1
23099, 1
23100, 1
23101, 1
23103, 1
23104, 1
23105, 1
23106, 1
23107, 1
23109, 1
23110, 1
23111, 1
23112, 1
23114, 1
23115, 1
23116, 1
23117, 1
23118, 1
23120, 1
23121, 1
23122, 1
23123, 1
23125, 1
23126, 1
23127, 1
23128, 1
23129, 1
23131, 1
23132, 1
23133, 1
23134, 1
23136, 1
23137, 1
23138, 1
23139, 1
23140, 1
23142, 1
23143, 1
23144, 1
23145, 1
23146, 1
23148, 1
23149, 1
23150, 1
23151, 1
23153, 1
23154, 1
23155, 1
23156, 1
23157, 1
23159, 1
23160, 1
23161, 1
23162, 1
23164, 1
23165, 1
23166, 1
23167, 1
23168, 1
23170, 1
23171, 1
23172, 1
23173, 1
23175, 1
23176, 1
23177, 1
23178, 1
23179, 1
23181, 1
23182, 1
23183, 1
23184, 1
23186, 1
23187, 1
23188, 1
23189, 1
23190, 1
23192, 1
23193, 1
23194, 1
23195, 1
23197, 1
23198, 1
23199, 1
23200, 1
23201, 1
23203, 1
23204, 1
23205, 1
23206, 1
23207, 1
23209, 1
23210, 1
23211, 1
23212, 1
23214, 1
23215, 1
23216, 1
23217, 1
23218, 1
23220, 1
23221, 1
23222, 1
23223, 1
23225, 1
23226, 1
23227, 1
23228, 1
23229, 1
23231, 1
23232, 1
23233, 1
23234, 1
23236, 1
23237, 1
23238, 1
23239, 1
23240, 1
23242, 1
23243, 1
23244, 1
23245, 1
23247, 1
23248, 1
23249, 1
23250, 1
23251, 1
23253, 1
23254, 1
23255, 1
23256, 1
23258, 1
23259, 1
23260, 1
23261, 1
23262, 1
23264, 1
23265, 1
23266, 1
23267, 1
23268, 1
23270, 1
23271, 1
23272, 1
23273, 1
23275, 1
23276, 1
23277, 1
23278, 1
23279, 1
23281, 1
23282, 1
23283, 1
23284, 1
23286, 1
23287, 1
23288, 1
23289, 1
23290, 1
23292, 1
23293, 1
23294, 1
23295, 1
23297, 1
23298, 1
23299, 1
23300, 1
23301, 1
23303, 1
23304, 1
23305, 1
23306, 1
23308, 1
23309, 1
23310, 1
23311, 1
23312, 1
23314, 1
23315, 1
23316, 1
23317, 1
23318, 1
23320, 1
23321, 1
23322, 1
23323, 1
23325, 1
23326, 1
23327, 1
23328, 1
23329, 1
23331, 1
23332, 1
23333, 1
23334, 1
23336, 1
23337, 1
23338, 1
23339, 1
23340, 1
23342, 1
23343, 1
23344, 1
23345, 1
23347, 1
23348, 1
23349, 1
23350, 1
23351, 1
23353, 1
23354, 1
23355, 1
23356, 1
23358, 1
23359, 1
23360, 1
23361, 1
23362, 1
23364, 1
23365, 1
23366, 1
23367, 1
23369, 1
23370, 1
23371, 1
23372, 1
23373, 1
23375, 1
23376, 1
23377, 1
23378, 1
23380, 1
23381, 1
23382, 1
23383, 1
23384, 1
23386, 1
23387, 1
23388, 1
23389, 1
23390, 1
23392, 1
23393, 1
23394, 1
23395, 1
23397, 1
23398, 1
23399, 1
23400, 1
23401, 1
23403, 1
23404, 1
23405, 1
23406, 1
23408, 1
23409, 1
23410, 1
23411, 1
23412, 1
23414, 1
23415, 1
23416, 1
23417, 1
23419, 1
23420, 1
23421, 1
23422, 1
23423, 1
23425, 1
23426, 1
23427, 1
23428, 1
23430, 1
23431, 1
23432, 1
23433, 1
23434, 1
23436, 1
23437, 1
23438, 1
23439, 1
23441, 1
23442, 1
23443, 1
23444, 1
23445, 1
23447, 1
23448, 1
23449, 1
23450, 1
23451, 1
23453, 1
23454, 1
23455, 1
23456, 1
23458, 1
23459, 1
23460, 1
23461, 1
23462, 1
23464, 1
23465, 1
23466, 1
23467, 1
23469, 1
23470, 1
23471, 1
23472, 1
23473, 1
23475, 1
23476, 1
23477, 1
23478, 1
23480, 1
23481, 1
23482, 1
23483, 1
23484, 1
23486, 1
23487, 1
23488, 1
23489, 1
23491, 1
23492, 1
23493, 1
23494, 1
23495, 1
23497, 1
23498, 1
23499, 1
23500, 1
23502, 1
23503, 1
23504, 1
23505, 1
23506, 1
23508, 1
23509, 1
23510, 1
23511, 1
23512, 1
23514, 1
23515, 1
23516, 1
23517, 1
23519, 1
23520, 1
23521, 1
23522, 1
23523, 1
23525, 1
23526, 1
23527, 1
23528, 1
23530, 1
23531, 1
23532, 1
23533, 1
23534, 1
23536, 1
23537, 1
23538, 1
23539, 1
23541, 1
23542, 1
23543, 1
23544, 1
23545, 1
23547, 1
23548, 1
23549, 1
23550, 1
23552, 1
23553, 1
23554, 1
23555, 1
23556, 1
23558, 1
23559, 1
23560, 1
23561, 1
23562, 1
23564, 1
23565, 1
23566, 1
23567, 1
23569, 1
23570, 1
23571, 1
23572, 1
23573, 1
23575, 1
23576, 1
23577, 1
23578, 1
23580, 1
23581, 1
23582, 1
23583, 1
23584, 1
23586, 1
23587, 1
23588, 1
23589, 1
23591, 1
23592, 1
23593, 1
23594, 1
23595, 1
23597, 1
23598, 1
23599, 1
23600, 1
23602, 1
23603, 1
23604, 1
23605, 1
23606, 1
23608, 1
23609, 1
23610, 1
23611, 1
23613, 1
23614, 1
23615, 1
23616, 1
23617, 1
23619, 1
23620, 1
23621, 1
23622, 1
23623, 1
23625, 1
23626, 1
23627, 1
23628, 1
23630, 1
23631, 1
23632, 1
23633, 1
23634, 1
23636, 1
23637, 1
23638, 1
23639, 1
23641, 1
23642, 1
23643, 1
23644, 1
23645, 1
23647, 1
23648, 1
23649, 1
23650, 1
23652, 1
23653, 1
23654, 1
23655, 1
23656, 1
23658, 1
23659, 1
23660, 1
23661, 1
23663, 1
23664, 1
23665, 1
23666, 1
23667, 1
23669, 1
23670, 1
23671, 1
23672, 1
23674, 1
23675, 1
23676, 1
23677, 1
23678, 1
23680, 1
23681, 1
23682, 1
23683, 1
23685, 1
23686, 1
23687, 1
23688, 1
23689, 1
23691, 1
23692, 1
23693, 1
23694, 1
23695, 1
23697, 1
23698, 1
23699, 1
23700, 1
23702, 1
23703, 1
23704, 1
23705, 1
23706, 1
23708, 1
23709, 1
23710, 1
23711, 1
23713, 1
23714, 1
23715, 1
23716, 1
23717, 1
23719, 1
23720, 1
23721, 1
23722, 1
23724, 1
23725, 1
23726, 1
23727, 1
23728, 1
23730, 1
23731, 1
23732, 1
23733, 1
23735, 1
23736, 1
23737, 1
23738, 1
23739, 1
23741, 1
23742, 1
23743, 1
23744, 1
23746, 1
23747, 1
23748, 1
23749, 1
23750, 1
23752, 1
23753, 1
23754, 1
23755, 1
23756, 1
23758, 1
23759, 1
23760, 1
23761, 1
23763, 1
23764, 1
23765, 1
23766, 1
23767, 1
23769, 1
23770, 1
23771, 1
23772, 1
23774, 1
23775, 1
23776, 1
23777, 1
23778, 1
23780, 1
23781, 1
23782, 1
23783, 1
23785, 1
23786, 1
23787, 1
23788, 1
23789, 1
23791, 1
23792, 1
23793, 1
23794, 1
23796, 1
23797, 1
23798, 1
23799, 1
23800, 1
23802, 1
23803, 1
23804, 1
23805, 1
23806, 1
23808, 1
23809, 1
23810, 1
23811, 1
23813, 1
23814, 1
23815, 1
23816, 1
23817, 1
23819, 1
23820, 1
23821, 1
23822, 1
23824, 1
23825, 1
23826, 1
23827, 1
23828, 1
23830, 1
23831, 1
23832, 1
23833, 1
23835, 1
23836, 1
23837, 1
23838, 1
23839, 1
23841, 1
23842, 1
23843, 1
23844, 1
23846, 1
23847, 1
23848, 1
23849, 1
23850, 1
23852, 1
23853, 1
23854, 1
23855, 1
23857, 1
23858, 1
23859, 1
23860, 1
23861, 1
23863, 1
23864, 1
23865, 1
23866, 1
23867, 1
23869, 1
23870, 1
23871, 1
23872, 1
23874, 1
23875, 1
23876, 1
23877, 1
23878, 1
23880, 1
23881, 1
23882, 1
23883, 1
23885, 1
23886, 1
23887, 1
23888, 1
23889, 1
23891, 1
23892, 1
23893, 1
23894, 1
23896, 1
23897, 1
23898, 1
23899, 1
23900, 1
23902, 1
23903, 1
23904, 1
23905, 1
23907, 1
23908, 1
23909, 1
23910, 1
23911, 1
23913, 1
23914, 1
23915, 1
23916, 1
23918, 1
23919, 1
23920, 1
23921, 1
23922, 1
23924, 1
23925, 1
23926, 1
23927, 1
23929, 1
23930, 1
23931, 1
23932, 1
23933, 1
23935, 1
23936, 1
23937, 1
23938, 1
23939, 1
23941, 1
23942, 1
23943, 1
23944, 1
23946, 1
23947, 1
23948, 1
23949, 1
23950, 1
23952, 1
23953, 1
23954, 1
23955, 1
23957, 1
23958, 1
23959, 1
23960, 1
23961, 1
23963, 1
23964, 1
23965, 1
23966, 1
23968, 1
23969, 1
23970, 1
23971, 1
23972, 1
23974, 1
23975, 1
23976, 1
23977, 1
23979, 1
23980, 1
23981, 1
23982, 1
23983, 1
23985, 1
23986, 1
23987, 1
23988, 1
23989, 1
23991, 1
23992, 1
23993, 1
23994, 1
23996, 1
23997, 1
23998, 1
23999, 1
24000, 1
24002, 1
24003, 1
24004, 1
24005, 1
24007, 1
24008, 1
24009, 1
24010, 1
24011, 1
24013, 1
24014, 1
24015, 1
24016, 1
24018, 1
24019, 1
24020, 1
24021, 1
24022, 1
24024, 1
24025, 1
24026, 1
24027, 1
24029, 1
24030, 1
24031, 1
24032, 1
24033, 1
24035, 1
24036, 1
24037, 1
24038, 1
24040, 1
24041, 1
24042, 1
24043, 1
24044, 1
24046, 1
24047, 1
24048, 1
24049, 1
24050, 1
24052, 1
24053, 1
24054, 1
24055, 1
24057, 1
24058, 1
24059, 1
24060, 1
24061, 1
24063, 1
24064, 1
24065, 1
24066, 1
24068, 1
24069, 1
24070, 1
24071, 1
24072, 1
24074, 1
24075, 1
24076, 1
24077, 1
24079, 1
24080, 1
24081, 1
24082, 1
24083, 1
24085, 1
24086, 1
24087, 1
24088, 1
24092, 2
24093, 2
24343, 1
24344, 2
24345, 2
24346, 2
24347, 2
24348, 2
24349, 2
24350, 2
24351, 1
24352, 2
24353, 2
24354, 2
24355, 2
24356, 2
24357, 2
24358, 2
24359, 2
24360, 1
24361, 2
24362, 2
24363, 2
24364, 2
24365, 2
24366, 2
24367, 2
24368, 1
24369, 2
24370, 2
24371, 2
24372, 2
24373, 2
24374, 2
24375, 2
24376, 2
24377, 1
24378, 2
24379, 2
24380, 2
24381, 2
24382, 2
24383, 1
24404, 1
24405, 2
24406, 2
24407, 1
24408, 2
24409, 2
24410, 2
24411, 2
24412, 2
24413, 2
24414, 1
24415, 2
24416, 2
24417, 2
24418, 2
24419, 2
24420, 2
24421, 2
24422, 2
24423, 2
24475, 2
24476, 2
24477, 2
24478, 2
24479, 2
24480, 2
24481, 1
24482, 2
24483, 2
24484, 2
24485, 2
24486, 2
24487, 2
24488, 2
24489, 2
24490, 2
24491, 2
24492, 2
24493, 1
24494, 1
24535, 2
24536, 2
24537, 2
24538, 2
24539, 2
24540, 1
24541, 2
24542, 2
24543, 2
24544, 2
24545, 2
24546, 2
24547, 2
24548, 2
24549, 2
24550, 2
24551, 2
24552, 1
24553, 2
24554, 2
24595, 1
24596, 1
24597, 2
24598, 2
24599, 2
24600, 2
24601, 2
24602, 2
24603, 2
24604, 2
24605, 2
24606, 2
24607, 2
24608, 1
24609, 2
24610, 2
24611, 2
24612, 2
24613, 2
24614, 2
24615, 1
24667, 1
24668, 1
24669, 2
24670, 2
24671, 2
24672, 2
24673, 2
24674, 2
24675, 2
24676, 1
24677, 2
24678, 2
24679, 2
24680, 2
24681, 2
24682, 2
24683, 2
24684, 2
24685, 2
24687, 2
24688, 1
24689, 2
24690, 2
24691, 2
24692, 2
24693, 2
24694, 2
24695, 2
24696, 1
24697, 2
24698, 2
24699, 2
24700, 2
24701, 2
24702, 2
24703, 2
24704, 2
24705, 2
24728, 2
24729, 2
24730, 2
24731, 2
24732, 1
24733, 2
24734, 2
24735, 2
24736, 2
24737, 2
24738, 2
24739, 2
24740, 2
24741, 2
24742, 1
24743, 2
24744, 2
24745, 2
24746, 1
24751, 1
24752, 2
24753, 2
24754, 2
24755, 2
24756, 2
24757, 2
24758, 2
24759, 2
24760, 1
24761, 2
24762, 2
24763, 2
24764, 2
24765, 2
24766, 1
24776, 2
24777, 1
24778, 2
24779, 2
24780, 1
24781, 2
24782, 2
24783, 2
24784, 2
24785, 2
24786, 2
24787, 2
24794, 2
24795, 2
24796, 2
24797, 2
24798, 1
24799, 2
24800, 2
24801, 2
24802, 2
24803, 2
24804, 2
24805, 2
24813, 2
24814, 2
24815, 2
24816, 2
24817, 2
24818, 2
24819, 2
24820, 1
24821, 2
24822, 2
24823, 2
24824, 2
24825, 2
24832, 2
24833, 2
24834, 2
24835, 2
24836, 2
24837, 2
24838, 2
24839, 2
24840, 1
24841, 2
24842, 2
24843, 2
24844, 2
24845, 2
24846, 1
24852, 2
24853, 2
24854, 2
24855, 2
24856, 1
24857, 1
24858, 2
24859, 2
24860, 2
24861, 2
24862, 2
24863, 2
24864, 2
24865, 2
24871, 2
24872, 2
24873, 2
24874, 2
24875, 2
24876, 1
24877, 2
24878, 2
24879, 2
24880, 2
24881, 2
24882, 2
24883, 2
24884, 2
24885, 2
24891, 1
24892, 1
24893, 2
24894, 2
24895, 2
24896, 2
24897, 1
24898, 2
24899, 2
24900, 2
24901, 2
24902, 2
24903, 2
24904, 2
24905, 2
24910, 1
24911, 2
24912, 2
24913, 2
24914, 2
24915, 2
24916, 1
24917, 2
24918, 2
24919, 2
24920, 2
24921, 2
24922, 2
24923, 2
24924, 2
24925, 2
24930, 1
24931, 2
24932, 1
24933, 2
24934, 2
24935, 2
24936, 2
24937, 2
24938, 2
24939, 2
24940, 2
24941, 2
24942, 2
24943, 1
24944, 2
24945, 2
24946, 1
24951, 2
24952, 2
24953, 2
24954, 2
24955, 2
24956, 1
24957, 2
24958, 2
24959, 2
24960, 2
24961, 2
24962, 2
24963, 2
24964, 2
24965, 2
24969, 1
24970, 1
24971, 2
24972, 2
24973, 2
24974, 2
24975, 2
24976, 1
24977, 2
24978, 2
24979, 2
24980, 2
24981, 2
24982, 2
24983, 2
24984, 2
24985, 2
24989, 1
24990, 1
24991, 2
24992, 2
24993, 2
24994, 2
24995, 2
24996, 2
24997, 1
24998, 2
24999, 2
25000, 2
25001, 2
25002, 2
25003, 2
25004, 2
25005, 2
25010, 2
25011, 2
25012, 1
25013, 2
25014, 2
25015, 2
25016, 2
25017, 2
25018, 2
25019, 2
25020, 2
25021, 2
25022, 2
25023, 2
25024, 2
25025, 2
25031, 2
25032, 1
25033, 2
25034, 2
25035, 2
25036, 2
25037, 2
25038, 2
25039, 2
25040, 2
25041, 2
25042, 1
25043, 2
25044, 2
25045, 2
25046, 1
25050, 1
25051, 2
25052, 2
25053, 2
25054, 2
25055, 2
25056, 2
25057, 2
25058, 2
25059, 2
25060, 1
25061, 2
25062, 2
25063, 2
25064, 2
25065, 2
25066, 1
25070, 1
25071, 2
25072, 2
25073, 2
25074, 2
25075, 2
25076, 2
25077, 2
25078, 2
25079, 1
25080, 2
25081, 2
25082, 2
25083, 2
25084, 2
25085, 2
25086, 1
25088, 1
25089, 1
25090, 1
25091, 1
25093, 1
25094, 1
25095, 1
25096, 1
25097, 1
25098, 1
25100, 1
25101, 1
25102, 1
25103, 1
25105, 1
25106, 1
25107, 1
25108, 1
25109, 1
25111, 1
25112, 1
25113, 1
25114, 1
25116, 1
25117, 1
25118, 1
25119, 1
25120, 1
25122, 1
25123, 1
25124, 1
25125, 1
25127, 1
25128, 1
25129, 1
25130, 1
25131, 1
25133, 1
25134, 1
25135, 1
25136, 1
25138, 1
25139, 1
25140, 1
25141, 1
25142, 1
25144, 1
25145, 1
25146, 1
25147, 1
25148, 1
25150, 1
25151, 1
25152, 1
25153, 1
25155, 1
25156, 1
25157, 1
25158, 1
25159, 1
25161, 1
25162, 1
25163, 1
25164, 1
25166, 1
25167, 1
25168, 1
25169, 1
25170, 1
25172, 1
25173, 1
25174, 1
25175, 1
25177, 1
25178, 1
25179, 1
25180, 1
25181, 1
25183, 1
25184, 1
25185, 1
25186, 1
25188, 1
25189, 1
25190, 1
25191, 1
25192, 1
25194, 1
25195, 1
25196, 1
25197, 1
25199, 1
25200, 1
25201, 1
25202, 1
25203, 1
25205, 1
25206, 1
25207, 1
25208, 1
25210, 1
25211, 1
25212, 1
25213, 1
25214, 1
25216, 1
25217, 1
25218, 1
25219, 1
25220, 1
25222, 1
25223, 1
25224, 1
25225, 1
25227, 1
25228, 1
25229, 1
25230, 1
25231, 1
25233, 1
25234, 1
25235, 1
25236, 1
25238, 1
25239, 1
25240, 1
25241, 1
25242, 1
25244, 1
25245, 1
25246, 1
25247, 1
25249, 1
25250, 1
25251, 1
25252, 1
25253, 1
25255, 1
25256, 1
25257, 1
25258, 1
25260, 1
25261, 1
25262, 1
25263, 1
25264, 1
25266, 1
25267, 1
25268, 1
25269, 1
25271, 1
25272, 1
25273, 1
25274, 1
25275, 1
25277, 1
25278, 1
25279, 1
25280, 1
25281, 1
25283, 1
25284, 1
25285, 1
25286, 1
25288, 1
25289, 1
25290, 1
25291, 1
25292, 1
25294, 1
25295, 1
25296, 1
25297, 1
25299, 1
25300, 1
25301, 1
25302, 1
25303, 1
25305, 1
25306, 1
25307, 1
25308, 1
25310, 1
25311, 1
25312, 1
25313, 1
25314, 1
25316, 1
25317, 1
25318, 1
25319, 1
25321, 1
25322, 1
25323, 1
25324, 1
25325, 1
25327, 1
25328, 1
25329, 1
25330, 1
25331, 1
25333, 1
25334, 1
25335, 1
25336, 1
25338, 1
25339, 1
25340, 1
25341, 1
25342, 1
25344, 1
25345, 1
25346, 1
25347, 1
25349, 1
25350, 1
25351, 1
25352, 1
25353, 1
25355, 1
25356, 1
25357, 1
25358, 1
25360, 1
25361, 1
25362, 1
25363, 1
25364, 1
25366, 1
25367, 1
25368, 1
25369, 1
25371, 1
25372, 1
25373, 1
25374, 1
25375, 1
25377, 1
25378, 1
25379, 1
25380, 1
25382, 1
25383, 1
25384, 1
25385, 1
25386, 1
25388, 1
25389, 1
25390, 1
25391, 1
25392, 1
25394, 1
25395, 1
25396, 1
25397, 1
25399, 1
25400, 1
25401, 1
25402, 1
25404, 1
25405, 1
25406, 1
25407, 1
25408, 1
25410, 1
25411, 1
25412, 1
25413, 1
25414, 1
25416, 1
25417, 1
25418, 1
25419, 1
25421, 1
25422, 1
25423, 1
25424, 1
25425, 1
25427, 1
25428, 1
25429, 1
25430, 1
25432, 1
25433, 1
25434, 1
25435, 1
25436, 1
25438, 1
25439, 1
25440, 1
25441, 1
25443, 1
25444, 1
25445, 1
25446, 1
25447, 1
25449, 1
25450, 1
25451, 1
25452, 1
25453, 1
25455, 1
25456, 1
25457, 1
25458, 1
25460, 1
25461, 1
25462, 1
25463, 1
25464, 1
25466, 1
25467, 1
25468, 1
25469, 1
25471, 1
25472, 1
25473, 1
25474, 1
25475, 1
25477, 1
25478, 1
25479, 1
25480, 1
25482, 1
25483, 1
25484, 1
25485, 1
25486, 1
25488, 1
25489, 1
25490, 1
25491, 1
25493, 1
25494, 1
25495, 1
25496, 1
25497, 1
25499, 1
25500, 1
25501, 1
25502, 1
25504, 1
25505, 1
25506, 1
25507, 1
25508, 1
25510, 1
25511, 1
25512, 1
25513, 1
25515, 1
25516, 1
25517, 1
25518, 1
25519, 1
25521, 1
25522, 1
25523, 1
25524, 1
25525, 1
25527, 1
25528, 1
25529, 1
25530, 1
25532, 1
25533, 1
25534, 1
25535, 1
25536, 1
25538, 1
25539, 1
25540, 1
25541, 1
25543, 1
25544, 1
25545, 1
25546, 1
25547, 1
25549, 1
25550, 1
25551, 1
25552, 1
25554, 1
25555, 1
25556, 1
25557, 1
25558, 1
25560, 1
25561, 1
25562, 1
25563, 1
25565, 1
25567, 2
25568, 1
25569, 1
25571, 1
25572, 1
25573, 1
25574, 1
25576, 1
25577, 1
25578, 1
25579, 1
25580, 1
25582, 1
25583, 1
25584, 1
25585, 1
25586, 1
25588, 1
25589, 1
25590, 1
25591, 1
25593, 1
25594, 1
25595, 1
25596, 1
25597, 1
25599, 1
25600, 1
25601, 1
25602, 1
25604, 1
25605, 1
25606, 1
25607, 1
25608, 1
25610, 1
25611, 1
25612, 1
25613, 1
25615, 1
25616, 1
25617, 1
25618, 1
25619, 1
25621, 1
25622, 1
25623, 1
25624, 1
25626, 1
25627, 1
25628, 1
25629, 1
25630, 1
25632, 1
25633, 1
25634, 1
25635, 1
25637, 1
25638, 1
25639, 1
25640, 1
25641, 1
25643, 1
25644, 1
25645, 1
25646, 1
25647, 1
25649, 1
25650, 1
25651, 1
25652, 1
25654, 1
25655, 1
25656, 1
25657, 1
25658, 1
25661, 2
25662, 1
25664, 1
25665, 1
25666, 1
25667, 1
25668, 1
25669, 1
25671, 1
25672, 1
25673, 1
25674, 1
25676, 1
25677, 1
25678, 1
25679, 1
25680, 1
25682, 1
25683, 1
25684, 1
25685, 1
25687, 1
25688, 1
25689, 1
25690, 1
25691, 1
25693, 1
25694, 1
25695, 1
25696, 1
25697, 1
25699, 1
25700, 1
25701, 1
25702, 1
25704, 1
25705, 1
25706, 1
25707, 1
25708, 1
25710, 1
25711, 1
25712, 1
25713, 1
25715, 1
25716, 1
25717, 1
25718, 1
25719, 1
25721, 1
25722, 1
25723, 1
25724, 1
25726, 1
25727, 1
25728, 1
25729, 1
25730, 1
25732, 1
25733, 1
25734, 1
25735, 1
25737, 1
25738, 1
25739, 1
25740, 1
25742, 1
25743, 1
25744, 1
25746, 2
25748, 1
25749, 1
25750, 1
25751, 1
25752, 1
25754, 1
25755, 1
25756, 1
25757, 1
25759, 1
25760, 1
25761, 1
25762, 1
25763, 1
25765, 1
25766, 1
25767, 1
25768, 1
25769, 1
25771, 1
25772, 1
25773, 1
25774, 1
25776, 1
25777, 1
25778, 1
25779, 1
25780, 1
25782, 1
25783, 1
25784, 1
25785, 1
25787, 1
25788, 1
25789, 1
25790, 1
25791, 1
25793, 1
25794, 1
25795, 1
25796, 1
25798, 1
25799, 1
25801, 2
25802, 1
25804, 1
25805, 1
25806, 1
25807, 1
25809, 1
25810, 1
25811, 1
25812, 1
25813, 1
25815, 1
25816, 1
25817, 1
25818, 1
25820, 1
25821, 1
25822, 1
25823, 1
25824, 1
25826, 1
25827, 1
25828, 1
25829, 1
25830, 1
25832, 1
25833, 1
25834, 1
25835, 1
25837, 1
25838, 1
25839, 1
25840, 1
25841, 1
25843, 1
25844, 1
25845, 1
25846, 1
25848, 1
25849, 1
25850, 1
25851, 1
25852, 1
25854, 1
25855, 1
25856, 1
25857, 1
25859, 1
25860, 1
25862, 1
25863, 2
25865, 1
25866, 1
25867, 1
25868, 1
25870, 1
25871, 1
25872, 1
25873, 1
25874, 1
25876, 1
25877, 1
25878, 1
25879, 1
25881, 1
25882, 1
25883, 1
25884, 1
25885, 1
25887, 1
25888, 1
25889, 1
25890, 1
25891, 1
25893, 1
25894, 1
25895, 1
25896, 1
25898, 1
25899, 1
25900, 1
25901, 1
25902, 1
25904, 1
25905, 1
25906, 1
25907, 1
25909, 1
25910, 1
25911, 1
25912, 1
25913, 1
25915, 1
25916, 1
25917, 1
25918, 1
25920, 1
25921, 1
25922, 1
25923, 1
25924, 1
25926, 1
25927, 1
25928, 1
25930, 1
25931, 1
25932, 1
25934, 2
25935, 1
25937, 1
25939, 2
25940, 1
25942, 1
25944, 1
25945, 2
25946, 1
25948, 1
25949, 1
25952, 2
25953, 1
25954, 1
25955, 1
25956, 1
25957, 1
25961, 1
25962, 2
25963, 2
25965, 1
25966, 1
25967, 1
25968, 1
25973, 1
25974, 2
25975, 2
25976, 1
25977, 1
25978, 1
25979, 1
25981, 1
25982, 1
25983, 1
25989, 1
25990, 1
25991, 1
25992, 2
25993, 1
25994, 2
25995, 1
25996, 1
25997, 1
25998, 1
25999, 1
26000, 1
26001, 1
26002, 1
26010, 1
26011, 2
26012, 1
26013, 2
26014, 2
26015, 1
26016, 2
26017, 1
26018, 1
26020, 1
26021, 1
26022, 1
26023, 1
26024, 1
26026, 1
26027, 1
26028, 1
26037, 1
26038, 1
26039, 2
26040, 1
26041, 2
26042, 2
26043, 1
26044, 2
26045, 2
26047, 1
26048, 1
26049, 1
26050, 1
26051, 1
26053, 1
26054, 1
26055, 1
26056, 1
26057, 1
26059, 1
26060, 1
26061, 1
26072, 1
26073, 1
26074, 2
26075, 2
26076, 1
26077, 2
26078, 1
26079, 2
26080, 2
26081, 1
26082, 2
26083, 1
26084, 1
26086, 1
26087, 1
26088, 1
26089, 1
26094, 2
26095, 1
26096, 2
26097, 1
26101, 2
26102, 2
26103, 1
26386, 1
26387, 2
26388, 1
26389, 2
26390, 2
26391, 2
26392, 1
26393, 2
26394, 2
26395, 2
26396, 1
26397, 2
26398, 2
26399, 2
26400, 1
26401, 2
26402, 2
26403, 1
26404, 2
26405, 2
26466, 1
26467, 2
26468, 1
26469, 2
26470, 2
26471, 1
26472, 2
26473, 2
26474, 1
26475, 2
26476, 2
26477, 2
26478, 1
26479, 2
26481, 2
26482, 2
26483, 2
26484, 1
26485, 2
26546, 1
26547, 2
26548, 1
26549, 2
26550, 2
26551, 2
26552, 1
26553, 2
26554, 2
26555, 1
26556, 2
26557, 2
26558, 2
26559, 1
26560, 2
26561, 2
26562, 1
26563, 2
26564, 2
26565, 2
26618, 1
26619, 2
26620, 2
26621, 2
26622, 2
26623, 2
26624, 2
26625, 2
26626, 2
26627, 2
26628, 1
26629, 2
26630, 2
26631, 2
26632, 2
26633, 2
26634, 2
26635, 2
26636, 2
26637, 1
26696, 2
26697, 2
26698, 2
26699, 2
26700, 1
26701, 2
26702, 1
26703, 2
26704, 2
26705, 2
26706, 2
26707, 2
26713, 2
26714, 2
26715, 2
26716, 2
26717, 1
26718, 2
26719, 2
26720, 2
26721, 2
26722, 2
26723, 2
26724, 2
26725, 1
26726, 2
26727, 2
26728, 1
26732, 1
26733, 2
26734, 1
26735, 2
26736, 2
26737, 2
26738, 2
26739, 2
26740, 2
26741, 2
26742, 1
26743, 2
26744, 2
26745, 2
26746, 2
26747, 2
26748, 1
26753, 1
26754, 1
26755, 2
26756, 2
26757, 2
26758, 2
26759, 2
26760, 2
26761, 1
26762, 2
26763, 2
26764, 2
26765, 2
26766, 2
26767, 2
26768, 1
26770, 1
26771, 2
26772, 2
26773, 2
26774, 2
26775, 2
26776, 1
26777, 2
26778, 2
26779, 2
26780, 2
26781, 2
26782, 2
26783, 2
26784, 2
26785, 2
26786, 2
26787, 2
26788, 1
26794, 1
26795, 2
26796, 2
26797, 2
26798, 2
26799, 2
26800, 2
26801, 2
26802, 2
26803, 2
26804, 1
26805, 2
26806, 2
26807, 2
26808, 2
26813, 1
26814, 1
26815, 2
26816, 2
26817, 2
26818, 2
26819, 2
26820, 1
26821, 2
26822, 2
26823, 2
26824, 2
26825, 2
26826, 2
26827, 2
26828, 1
26829, 1
26833, 1
26834, 2
26835, 2
26836, 1
26837, 2
26838, 2
26839, 2
26840, 2
26841, 2
26842, 2
26843, 2
26844, 2
26845, 2
26846, 1
26847, 2
26848, 2
26849, 1
26855, 2
26856, 1
26857, 2
26858, 2
26859, 2
26860, 2
26861, 2
26862, 2
26863, 2
26864, 2
26865, 2
26866, 2
26867, 1
26868, 2
26869, 1
26873, 1
26874, 2
26875, 2
26876, 1
26877, 2
26878, 2
26879, 2
26880, 2
26881, 2
26882, 2
26883, 2
26884, 2
26885, 2
26886, 1
26887, 2
26888, 2
26889, 2
26895, 2
26896, 2
26897, 1
26898, 2
26899, 2
26900, 2
26901, 2
26902, 2
26903, 2
26904, 2
26905, 2
26906, 2
26907, 2
26908, 2
26909, 1
26912, 1
26913, 2
26914, 1
26915, 2
26916, 2
26917, 2
26918, 2
26919, 2
26920, 2
26921, 2
26922, 2
26923, 2
26924, 1
26925, 2
26926, 2
26927, 2
26928, 2
26929, 2
26934, 1
26935, 2
26936, 2
26937, 2
26938, 2
26939, 2
26940, 1
26941, 2
26942, 2
26943, 2
26944, 2
26945, 2
26946, 2
26947, 2
26948, 2
26949, 2
26950, 1
26951, 1
26952, 2
26953, 2
26954, 2
26955, 2
26956, 2
26957, 2
26958, 2
26959, 2
26960, 1
26961, 2
26962, 2
26963, 2
26964, 2
26965, 2
26966, 2
26967, 2
26968, 2
26969, 2
26970, 1
26971, 2
26972, 2
26973, 2
26974, 1
26982, 2
26983, 2
26984, 2
26985, 2
26986, 2
26987, 2
26988, 1
26989, 2
26990, 2
26991, 2
26992, 2
26993, 2
26996, 1
26997, 2
26998, 2
26999, 2
27000, 1
27001, 2
27002, 2
27003, 2
27004, 2
27005, 2
27006, 2
27007, 2
27008, 2
27009, 2
27010, 1
27011, 2
27012, 2
27013, 2
27014, 1
27021, 2
27022, 2
27023, 2
27024, 2
27025, 2
27026, 2
27027, 2
27028, 1
27029, 2
27030, 2
27031, 2
27032, 2
27033, 2
27034, 1
27035, 1
27036, 2
27037, 2
27038, 2
27039, 2
27040, 1
27041, 2
27042, 2
27043, 2
27044, 2
27045, 2
27046, 2
27047, 2
27048, 2
27049, 1
27050, 2
27051, 2
27052, 2
27053, 2
27060, 1
27061, 1
27062, 2
27063, 2
27064, 2
27065, 2
27066, 2
27067, 2
27068, 2
27069, 1
27070, 2
27071, 2
27072, 2
27073, 2
27078, 1
27079, 2
27080, 2
27081, 2
27082, 2
27083, 2
27084, 1
27085, 2
27086, 2
27087, 2
27088, 2
27089, 2
27090, 2
27091, 2
27092, 2
27093, 2
27098, 2
27099, 2
27100, 2
27101, 2
27102, 2
27103, 1
27104, 2
27105, 2
27106, 2
27107, 2
27108, 2
27109, 2
27110, 2
27111, 2
27112, 2
27113, 1
27114, 1
27118, 2
27119, 2
27120, 1
27121, 2
27122, 2
27123, 2
27124, 2
27125, 2
27126, 1
27127, 2
27128, 2
27129, 2
27130, 2
27131, 2
27132, 2
27133, 2
27138, 2
27139, 2
27140, 2
27141, 2
27142, 2
27143, 1
27144, 2
27145, 2
27146, 2
27147, 2
27148, 2
27149, 2
27150, 2
27151, 2
27152, 1
27153, 2
27154, 1
27157, 1
27158, 2
27159, 2
27160, 1
27161, 2
27162, 2
27163, 2
27164, 2
27165, 2
27166, 2
27167, 2
27168, 2
27169, 2
27170, 2
27171, 1
27172, 2
27173, 2
27174, 1
27178, 1
27179, 1
27180, 2
27181, 2
27182, 2
27183, 2
27184, 2
27185, 2
27186, 2
27187, 2
27188, 1
27189, 2
27190, 2
27191, 2
27192, 2
27193, 2
27198, 2
27199, 2
27200, 2
27201, 2
27202, 1
27203, 2
27204, 2
27205, 2
27206, 1
27207, 1
27208, 1
27209, 1
27210, 1
27211, 1
27213, 1
27214, 1
27215, 1
27216, 1
27218, 1
27219, 1
27220, 1
27221, 1
27222, 1
27224, 1
27225, 1
27226, 1
27227, 1
27229, 1
27230, 1
27231, 1
27232, 1
27233, 1
27235, 1
27236, 1
27237, 1
27238, 1
27240, 1
27241, 1
27242, 1
27243, 1
27244, 1
27246, 1
27247, 1
27248, 1
27249, 1
27251, 1
27252, 1
27253, 1
27254, 1
27255, 1
27257, 1
27258, 1
27259, 1
27260, 1
27262, 1
27263, 1
27264, 1
27265, 1
27266, 1
27268, 1
27269, 1
27270, 1
27271, 1
27273, 1
27274, 1
27275, 1
27276, 1
27277, 1
27279, 1
27280, 1
27281, 1
27282, 1
27284, 1
27285, 1
27286, 1
27287, 1
27288, 1
27290, 1
27291, 1
27292, 1
27293, 1
27294, 1
27296, 1
27297, 1
27298, 1
27299, 1
27301, 1
27302, 1
27303, 1
27304, 1
27305, 1
27307, 1
27308, 1
27309, 1
27310, 1
27312, 1
27313, 1
27314, 1
27315, 1
27316, 1
27318, 1
27319, 1
27320, 1
27321, 1
27323, 1
27324, 1
27325, 1
27326, 1
27327, 1
27329, 1
27330, 1
27331, 1
27332, 1
27334, 1
27335, 1
27336, 1
27337, 1
27338, 1
27340, 1
27341, 1
27342, 1
27343, 1
27345, 1
27346, 1
27347, 1
27348, 1
27349, 1
27351, 1
27352, 1
27353, 1
27354, 1
27355, 1
27357, 1
27358, 1
27359, 1
27360, 1
27362, 1
27363, 1
27364, 1
27365, 1
27366, 1
27368, 1
27369, 1
27370, 1
27371, 1
27373, 1
27374, 1
27375, 1
27376, 1
27377, 1
27379, 1
27380, 1
27381, 1
27382, 1
27384, 1
27385, 1
27386, 1
27387, 1
27388, 1
27390, 1
27391, 1
27392, 1
27393, 1
27395, 1
27396, 1
27397, 1
27398, 1
27399, 1
27401, 1
27402, 1
27403, 1
27404, 1
27405, 1
27407, 1
27408, 1
27409, 1
27410, 1
27412, 1
27413, 1
27414, 1
27415, 1
27416, 1
27418, 1
27419, 1
27420, 1
27421, 1
27423, 1
27424, 1
27425, 1
27426, 1
27427, 1
27429, 1
27430, 1
27431, 1
27432, 1
27434, 1
27435, 1
27436, 1
27437, 1
27438, 1
27440, 1
27441, 1
27442, 1
27443, 1
27445, 1
27446, 1
27447, 1
27448, 1
27449, 1
27451, 1
27452, 1
27453, 1
27454, 1
27456, 1
27457, 1
27458, 1
27459, 1
27460, 1
27462, 1
27463, 1
27464, 1
27465, 1
27467, 1
27468, 1
27469, 1
27470, 1
27471, 1
27473, 1
27474, 1
27475, 1
27476, 1
27477, 1
27479, 1
27480, 1
27481, 1
27482, 1
27484, 1
27485, 1
27486, 1
27487, 1
27488, 1
27490, 1
27491, 1
27492, 1
27493, 1
27495, 1
27496, 1
27497, 1
27498, 1
27499, 1
27501, 1
27502, 1
27503, 1
27504, 1
27506, 1
27507, 1
27508, 1
27509, 1
27510, 1
27512, 1
27513, 1
27514, 1
27515, 1
27517, 1
27518, 1
27519, 1
27520, 1
27521, 1
27523, 1
27524, 1
27525, 1
27526, 1
27528, 1
27529, 1
27530, 1
27531, 1
27532, 1
27534, 1
27535, 1
27536, 1
27537, 1
27538, 1
27540, 1
27541, 1
27542, 1
27543, 1
27545, 1
27546, 1
27547, 1
27548, 1
27549, 1
27551, 1
27552, 1
27553, 1
27554, 1
27556, 1
27557, 1
27558, 1
27559, 1
27560, 1
27562, 1
27563, 1
27564, 1
27565, 1
27567, 1
27568, 1
27569, 1
27570, 1
27571, 1
27573, 1
27574, 1
27575, 1
27576, 1
27578, 1
27579, 1
27580, 1
27581, 1
27582, 1
27584, 1
27585, 1
27586, 1
27587, 1
27588, 1
27590, 1
27591, 1
27592, 1
27593, 1
27595, 1
27596, 1
27597, 1
27598, 1
27599, 1
27601, 1
27602, 1
27603, 1
27604, 1
27606, 1
27607, 1
27608, 1
27609, 1
27610, 1
27612, 1
27613, 1
27614, 1
27615, 1
27617, 1
27618, 1
27619, 1
27620, 1
27621, 1
27623, 1
27624, 1
27625, 1
27626, 1
27628, 1
27629, 1
27630, 1
27631, 1
27632, 1
27634, 1
27635, 1
27636, 1
27637, 1
27639, 1
27640, 1
27641, 1
27642, 1
27643, 1
27645, 1
27646, 1
27647, 1
27648, 1
27650, 1
27651, 1
27652, 1
27653, 1
27654, 1
27656, 1
27657, 1
27658, 1
27659, 1
27660, 1
27662, 1
27663, 1
27664, 1
27665, 1
27667, 1
27668, 1
27669, 1
27670, 1
27671, 1
27673, 1
27674, 1
27675, 1
27676, 1
27678, 1
27679, 1
27680, 1
27681, 1
27682, 1
27684, 1
27685, 1
27686, 1
27687, 1
27692, 1
27693, 2
27694, 2
27695, 1
27696, 1
27697, 1
27698, 1
27700, 1
27701, 1
27702, 1
27703, 1
27704, 1
27706, 1
27707, 1
27708, 1
27709, 1
27711, 1
27712, 1
27713, 1
27714, 1
27715, 1
27717, 1
27718, 1
27719, 1
27720, 1
27721, 1
27723, 1
27724, 1
27725, 1
27726, 1
27728, 1
27729, 1
27730, 1
27731, 1
27732, 1
27734, 1
27735, 1
27736, 1
27737, 1
27739, 1
27740, 1
27741, 1
27742, 1
27743, 1
27745, 1
27746, 1
27747, 1
27748, 1
27750, 1
27751, 1
27752, 1
27753, 1
27754, 1
27756, 1
27757, 1
27758, 1
27759, 1
27761, 1
27762, 1
27763, 1
27764, 1
27765, 1
27767, 1
27768, 1
27769, 1
27770, 1
27772, 1
27773, 1
27774, 1
27775, 1
27776, 1
27778, 1
27779, 1
27780, 1
27781, 1
27782, 1
27784, 1
27785, 1
27786, 1
27787, 1
27789, 1
27790, 1
27791, 1
27792, 1
27793, 1
27795, 1
27796, 1
27797, 1
27798, 1
27800, 1
27801, 1
27802, 1
27803, 1
27804, 1
27806, 1
27807, 1
27808, 1
27809, 1
27811, 1
27812, 1
27813, 1
27814, 1
27815, 1
27817, 1
27818, 1
27819, 1
27820, 1
27822, 1
27823, 1
27824, 1
27825, 1
27826, 1
27828, 1
27829, 1
27830, 1
27831, 1
27832, 1
27834, 1
27835, 1
27836, 1
27837, 1
27839, 1
27840, 1
27841, 1
27842, 1
27843, 1
27845, 1
27846, 1
27847, 1
27848, 1
27850, 1
27851, 1
27852, 1
27853, 1
27854, 1
27856, 1
27857, 1
27858, 1
27859, 1
27861, 1
27862, 1
27863, 1
27864, 1
27865, 1
27867, 1
27868, 1
27869, 1
27870, 1
27872, 1
27873, 1
27874, 1
27875, 1
27876, 1
27878, 1
27879, 1
27880, 1
27881, 1
27883, 1
27884, 1
27885, 1
27886, 1
27887, 1
27889, 1
27890, 1
27891, 1
27892, 1
27894, 1
27895, 1
27896, 1
27897, 1
27898, 1
27900, 1
27901, 1
27902, 1
27903, 1
27904, 1
27906, 1
27907, 1
27908, 1
27909, 1
27911, 1
27912, 1
27913, 1
27914, 1
27915, 1
27917, 1
27918, 1
27919, 1
27920, 1
27922, 1
27923, 1
27924, 1
27925, 1
27926, 1
27928, 1
27929, 1
27930, 1
27931, 1
27933, 1
27934, 1
27935, 1
27936, 1
27937, 1
27939, 1
27940, 1
27941, 1
27942, 1
27944, 1
27945, 1
27946, 1
27947, 1
27948, 1
27950, 1
27951, 1
27952, 1
27953, 1
27954, 1
27956, 1
27957, 1
27958, 1
27959, 1
27961, 1
27962, 1
27963, 1
27968, 1
27969, 2
27970, 2
27971, 1
27976, 1
27977, 2
27978, 2
27979, 2
27984, 1
27985, 2
27986, 2
27987, 2
27992, 1
27993, 2
27994, 2
27995, 1
28000, 2
28001, 1
28002, 2
28003, 2
28005, 1
28006, 1
28007, 1
28009, 2
28011, 1
28012, 1
28013, 1
28014, 1
28016, 1
28017, 1
28018, 1
28019, 1
28020, 1
28022, 1
28023, 1
28024, 1
28025, 1
28026, 1
28028, 1
28029, 1
28030, 1
28031, 1
28033, 1
28034, 1
28035, 1
28036, 1
28037, 1
28039, 1
28040, 1
28041, 1
28042, 1
28044, 1
28045, 1
28046, 1
28047, 1
28048, 1
28050, 1
28051, 1
28052, 1
28053, 1
28055, 1
28056, 1
28057, 1
28058, 1
28059, 1
28061, 1
28062, 1
28063, 1
28064, 1
28066, 1
28067, 1
28068, 1
28069, 1
28070, 1
28072, 1
28073, 1
28074, 1
28075, 1
28077, 1
28078, 1
28079, 1
28080, 1
28081, 1
28083, 1
28084, 1
28085, 1
28086, 1
28087, 1
28089, 1
28090, 1
28091, 1
28092, 1
28094, 1
28095, 1
28096, 1
28097, 1
28098, 1
28100, 1
28101, 1
28102, 1
28103, 1
28105, 1
28106, 1
28107, 1
28108, 1
28109, 1
28112, 1
28113, 1
28114, 1
28116, 1
28117, 2
28122, 1
28123, 2
28124, 2
28125, 2
28131, 2
28132, 1
28133, 2
28134, 2
28135, 1
28150, 1
28151, 2
28152, 2
28153, 2
28154, 2
28155, 2
28156, 1
28157, 2
28158, 2
28159, 2
28160, 1
28251, 1
28252, 2
28253, 2
28254, 1
28255, 2
28256, 2
28257, 2
28258, 2
28259, 2
28260, 2
28261, 2
28262, 2
28263, 2
28264, 2
28265, 2
28266, 1
28267, 2
28268, 2
28269, 2
28270, 2
28271, 1
28312, 2
28313, 2
28314, 2
28315, 2
28316, 2
28317, 2
28318, 1
28319, 2
28320, 2
28321, 2
28322, 2
28323, 2
28324, 2
28325, 2
28326, 2
28327, 2
28328, 2
28329, 2
28330, 2
28331, 1
28367, 1
28368, 2
28369, 1
28370, 2
28371, 2
28372, 2
28373, 2
28374, 2
28375, 2
28376, 2
28377, 2
28378, 2
28379, 2
28380, 1
28381, 2
28382, 1
28423, 2
28424, 2
28425, 2
28426, 2
28427, 2
28428, 1
28429, 2
28430, 2
28431, 2
28432, 2
28433, 2
28434, 2
28435, 2
28436, 2
28437, 2
28438, 2
28439, 1
28440, 2
28441, 2
28442, 2
28483, 1
28484, 2
28485, 2
28486, 2
28487, 2
28488, 1
28489, 2
28490, 2
28491, 2
28492, 2
28493, 2
28494, 2
28495, 2
28496, 2
28497, 2
28498, 2
28499, 2
28500, 2
28501, 2
28502, 2
28503, 1
28544, 1
28545, 2
28546, 2
28547, 2
28548, 2
28549, 2
28550, 2
28551, 2
28552, 2
28553, 2
28554, 2
28555, 2
28556, 2
28557, 1
28558, 2
28559, 2
28560, 2
28561, 2
28562, 2
28563, 2
28564, 1
28565, 2
28566, 2
28567, 2
28568, 2
28569, 2
28570, 2
28571, 2
28572, 2
28573, 2
28574, 2
28575, 1
28576, 2
28577, 2
28578, 2
28579, 2
28580, 2
28581, 2
28582, 2
28583, 2
28595, 2
28596, 2
28597, 2
28598, 2
28599, 2
28600, 2
28601, 2
28602, 2
28603, 1
28604, 2
28605, 2
28606, 2
28607, 2
28608, 2
28609, 2
28610, 2
28611, 2
28612, 1
28613, 2
28614, 2
28615, 2
28616, 2
28617, 2
28618, 2
28619, 2
28620, 1
28621, 2
28622, 2
28623, 2
28624, 2
28625, 2
28626, 2
28627, 2
28628, 2
28629, 2
28630, 2
28631, 2
28632, 2
28633, 2
28634, 1
28645, 1
28646, 2
28647, 2
28648, 2
28649, 2
28650, 2
28651, 2
28652, 2
28653, 2
28654, 2
28655, 1
28656, 2
28657, 2
28658, 2
28659, 2
28660, 2
28661, 2
28662, 2
28663, 2
28664, 2
28701, 1
28702, 2
28703, 2
28704, 2
28705, 2
28706, 2
28707, 2
28708, 1
28709, 2
28710, 2
28711, 2
28712, 2
28713, 2
28714, 2
28715, 2
28716, 2
28717, 2
28759, 2
28760, 2
28761, 2
28762, 2
28763, 2
28764, 2
28765, 2
28766, 2
28767, 1
28768, 2
28769, 2
28770, 2
28771, 2
28772, 2
28773, 2
28774, 2
28775, 2
28776, 2
28777, 2
28819, 2
28820, 2
28821, 2
28822, 2
28823, 2
28824, 1
28825, 2
28826, 2
28827, 2
28828, 2
28829, 2
28830, 2
28831, 2
28832, 2
28833, 2
28834, 2
28835, 2
28836, 2
28837, 1
28838, 1
28923, 1
28924, 2
28925, 2
28926, 2
28927, 2
28928, 1
28929, 2
28930, 2
28931, 2
28932, 2
28933, 2
28934, 2
28935, 2
28936, 2
28937, 1
28938, 1
28946, 1
28947, 1
28948, 2
28949, 2
28950, 2
28951, 2
28952, 2
28953, 2
28954, 2
28955, 1
28956, 2
28957, 2
28958, 1
28964, 2
28965, 2
28966, 1
28967, 2
28968, 2
28969, 2
28970, 2
28971, 2
28972, 2
28973, 2
28974, 2
28975, 2
28976, 2
28977, 2
28985, 2
28986, 2
28987, 1
28988, 2
28989, 2
28990, 2
28991, 2
28992, 2
28993, 2
28994, 2
28995, 2
28996, 1
28997, 2
28998, 1
29003, 2
29004, 2
29005, 1
29006, 2
29007, 2
29008, 2
29009, 2
29010, 2
29011, 2
29012, 2
29013, 2
29014, 2
29015, 2
29016, 1
29017, 2
29018, 2
29019, 2
29020, 2
29021, 2
29022, 2
29023, 2
29024, 2
29025, 2
29026, 1
29027, 2
29028, 2
29029, 2
29030, 1
29036, 1
29037, 2
29038, 2
29039, 2
29040, 2
29041, 1
29042, 2
29043, 2
29044, 2
29045, 2
29046, 2
29047, 2
29048, 2
29049, 2
29055, 1
29056, 2
29057, 1
29058, 2
29059, 2
29060, 2
29061, 2
29062, 2
29063, 2
29064, 2
29065, 2
29066, 1
29067, 2
29068, 2
29069, 2
29070, 1
29075, 1
29076, 2
29077, 1
29078, 2
29079, 2
29080, 2
29081, 2
29082, 2
29083, 2
29084, 2
29085, 2
29086, 2
29087, 2
29088, 1
29089, 2
29090, 1
29097, 1
29098, 2
29099, 2
29100, 1
29101, 2
29102, 2
29103, 2
29104, 2
29105, 2
29106, 2
29107, 2
29108, 2
29109, 2
29116, 2
29117, 1
29118, 2
29119, 2
29120, 2
29121, 2
29122, 2
29123, 2
29124, 1
29125, 2
29126, 2
29127, 2
29128, 2
29129, 2
29130, 1
29138, 2
29139, 2
29140, 1
29141, 2
29142, 2
29143, 2
29144, 2
29145, 2
29146, 2
29147, 2
29148, 2
29149, 1
29150, 1
29156, 2
29157, 2
29158, 2
29159, 2
29160, 2
29161, 1
29162, 2
29163, 2
29164, 1
29165, 2
29166, 2
29167, 2
29168, 2
29169, 2
29175, 1
29176, 1
29177, 2
29178, 2
29179, 2
29180, 2
29181, 2
29182, 2
29183, 2
29184, 2
29185, 1
29186, 2
29187, 2
29188, 2
29189, 2
29190, 1
29196, 1
29197, 1
29198, 2
29199, 2
29200, 2
29201, 2
29202, 2
29203, 1
29204, 2
29205, 2
29206, 1
29207, 1
29209, 1
29210, 1
29211, 1
29213, 1
29214, 1
29215, 1
29216, 1
29217, 1
29218, 1
29220, 1
29221, 1
29222, 1
29223, 1
29225, 1
29226, 1
29227, 1
29228, 1
29229, 1
29237, 1
29238, 1
29239, 2
29240, 2
29241, 2
29242, 2
29243, 1
29244, 1
29245, 1
29246, 1
29248, 1
29249, 1
29250, 1
29252, 1
29253, 1
29254, 1
29255, 1
29256, 1
29258, 1
29259, 1
29260, 1
29261, 1
29262, 1
29264, 1
29265, 1
29266, 1
29267, 1
29269, 1
29270, 1
29271, 1
29272, 1
29273, 1
29275, 1
29276, 1
29277, 1
29278, 1
29279, 1
29281, 1
29282, 1
29283, 1
29284, 1
29286, 1
29287, 1
29288, 1
29289, 1
29290, 1
29292, 1
29293, 1
29294, 1
29296, 2
29298, 1
29299, 1
29300, 1
29301, 1
29303, 1
29304, 1
29305, 1
29306, 1
29308, 1
29309, 1
29310, 1
29311, 1
29312, 1
29314, 1
29315, 1
29317, 2
29319, 1
29320, 1
29321, 1
29322, 1
29323, 1
29325, 1
29326, 1
29327, 1
29328, 1
29329, 1
29331, 1
29332, 1
29333, 1
29334, 1
29336, 1
29337, 1
29339, 2
29341, 1
29342, 1
29344, 2
29345, 1
29347, 1
29348, 1
29349, 1
29350, 1
29351, 1
29353, 1
29354, 1
29355, 1
29356, 1
29358, 1
29359, 1
29360, 1
29361, 1
29363, 1
29364, 1
29365, 1
29366, 1
29367, 1
29368, 1
29370, 1
29371, 1
29372, 1
29373, 1
29375, 1
29376, 1
29377, 1
29378, 1
29380, 1
29381, 1
29382, 1
29383, 1
29384, 1
29386, 1
29387, 1
29388, 1
29389, 1
29390, 1
29392, 1
29393, 1
29394, 1
29395, 1
29397, 1
29399, 2
29401, 1
29402, 1
29403, 1
29404, 1
29405, 1
29406, 1
29408, 1
29409, 1
29410, 1
29411, 1
29412, 1
29414, 1
29415, 1
29416, 1
29417, 1
29418, 1
29420, 1
29421, 1
29422, 1
29423, 1
29425, 1
29426, 1
29427, 1
29428, 1
29430, 1
29431, 1
29432, 1
29433, 1
29434, 1
29436, 1
29437, 1
29438, 1
29439, 1
29440, 1
29442, 1
29443, 1
29444, 1
29446, 1
29447, 1
29448, 1
29449, 1
29450, 1
29451, 1
29453, 1
29454, 1
29455, 1
29456, 1
29458, 1
29459, 1
29460, 1
29461, 1
29462, 1
29464, 1
29465, 1
29466, 1
29467, 1
29469, 1
29470, 1
29471, 1
29472, 1
29473, 1
29475, 1
29476, 1
29477, 1
29478, 1
29480, 1
29481, 1
29482, 1
29483, 1
29484, 1
29486, 1
29487, 1
29488, 1
29489, 1
29490, 1
29492, 1
29493, 1
29494, 1
29495, 1
29497, 1
29498, 1
29499, 1
29500, 1
29501, 1
29503, 1
29504, 1
29505, 1
29506, 1
29508, 1
29509, 1
29510, 1
29511, 1
29512, 1
29514, 1
29515, 1
29516, 1
29517, 1
29519, 1
29520, 1
29521, 1
29522, 1
29523, 1
29525, 1
29526, 1
29527, 1
29528, 1
29530, 1
29531, 1
29532, 1
29533, 1
29534, 1
29536, 1
29537, 1
29538, 1
29539, 1
29540, 1
29542, 1
29543, 1
29544, 1
29545, 1
29547, 1
29548, 1
29549, 1
29550, 1
29551, 1
29553, 1
29554, 1
29555, 1
29556, 1
29558, 1
29559, 1
29560, 1
29561, 1
29562, 1
29564, 1
29565, 1
29566, 1
29567, 1
29569, 1
29570, 1
29571, 1
29572, 1
29573, 1
29575, 1
29576, 1
29577, 1
29578, 1
29580, 1
29581, 1
29582, 1
29583, 1
29584, 1
29586, 1
29587, 1
29588, 1
29589, 1
29591, 1
29592, 1
29593, 1
29594, 1
29595, 1
29597, 1
29598, 1
29599, 1
29600, 1
29602, 1
29603, 1
29604, 1
29605, 1
29606, 1
29608, 1
29609, 1
29610, 1
29611, 1
29612, 1
29614, 1
29615, 1
29616, 1
29617, 1
29619, 1
29620, 1
29621, 1
29622, 1
29623, 1
29625, 1
29626, 1
29627, 1
29628, 1
29630, 1
29631, 1
29632, 1
29633, 1
29634, 1
29636, 1
29638, 2
29640, 1
29641, 1
29643, 2
29644, 1
29646, 1
29647, 1
29648, 1
29649, 1
29650, 1
29652, 1
29653, 1
29654, 1
29655, 1
29656, 1
29658, 1
29659, 1
29660, 1
29661, 1
29663, 1
29664, 1
29666, 2
29667, 1
29669, 1
29670, 1
29671, 1
29672, 1
29674, 1
29675, 1
29677, 2
29679, 1
29680, 1
29681, 1
29682, 1
29683, 1
29684, 1
29686, 1
29687, 1
29688, 1
29689, 1
29691, 1
29692, 1
29693, 1
29694, 1
29695, 1
29697, 1
29698, 1
29699, 1
29700, 1
29702, 1
29703, 1
29704, 1
29705, 1
29706, 1
29708, 1
29710, 2
29712, 1
29713, 1
29714, 1
29715, 1
29716, 1
29717, 1
29719, 1
29720, 1
29721, 1
29722, 1
29724, 1
29725, 1
29726, 1
29727, 1
29728, 1
29730, 1
29731, 1
29732, 1
29733, 1
29734, 1
29736, 1
29737, 1
29739, 2
29742, 2
29743, 1
29745, 2
29747, 1
29749, 2
29751, 1
29752, 1
29753, 1
29754, 1
29755, 1
29756, 1
29759, 2
29760, 1
29761, 1
29763, 1
29764, 1
29765, 1
29766, 1
29767, 1
29769, 1
29770, 1
29771, 1
29772, 1
29774, 1
29775, 1
29776, 1
29777, 1
29778, 1
29780, 1
29781, 1
29782, 1
29783, 1
29785, 1
29786, 1
29787, 1
29788, 1
29790, 1
29791, 1
29792, 1
29794, 2
29796, 1
29797, 1
29798, 1
29799, 1
29800, 1
29802, 1
29803, 1
29804, 1
29805, 1
29806, 1
29809, 2
29811, 1
29812, 1
29813, 1
29814, 1
29815, 1
29816, 1
29817, 1
29819, 1
29820, 1
29821, 1
29822, 1
29824, 1
29825, 1
29826, 1
29827, 1
29828, 1
29830, 1
29831, 1
29832, 1
29833, 1
29835, 1
29836, 1
29837, 1
29838, 1
29839, 1
29841, 1
29842, 1
29843, 1
29844, 1
29846, 1
29847, 1
29848, 1
29849, 1
29850, 1
29852, 1
29853, 1
29854, 1
29855, 1
29856, 1
29858, 1
29859, 1
29860, 1
29861, 1
29863, 1
29864, 1
29865, 1
29866, 1
29867, 1
29869, 1
29871, 2
29873, 1
29874, 1
29876, 2
29877, 1
29878, 1
29880, 1
29881, 1
29882, 1
29883, 1
29885, 1
29886, 1
29887, 1
29888, 1
29889, 1
29891, 1
29892, 1
29893, 1
29894, 1
29896, 1
29897, 1
29898, 1
29899, 1
29900, 1
29902, 1
29903, 1
29905, 2
29907, 1
29908, 1
29909, 1
29910, 1
29911, 1
29913, 1
29914, 1
29915, 1
29916, 1
29917, 1
29919, 1
29920, 1
29922, 2
29924, 1
29925, 1
29926, 1
29927, 1
29928, 1
29930, 1
29931, 1
29932, 1
29933, 1
29935, 1
29936, 1
29937, 1
29938, 1
29939, 1
29941, 1
29942, 1
29943, 1
29944, 1
29946, 1
29947, 1
29948, 1
29949, 1
29950, 1
29952, 1
29953, 1
29954, 1
29955, 1
29957, 1
29958, 1
29959, 1
29960, 1
29961, 1
29963, 1
29964, 1
29965, 1
29966, 1
29967, 1
29969, 1
29970, 1
29971, 1
29972, 1
29974, 1
29975, 1
29977, 2
29979, 1
29980, 1
29981, 1
29982, 1
29983, 1
29985, 1
29986, 1
29987, 1
29988, 1
29989, 1
29991, 1
29992, 1
29993, 1
29995, 1
29996, 1
29997, 1
29998, 1
29999, 1
