13742, 1
13743, 1
13761, 1
13766, 1
13770, 2
13785, 1
13786, 1
13806, 1
13821, 1
13831, 1
13842, 1
13846, 1
13850, 1
13863, 1
13877, 2
13884, 1
13888, 1
13889, 1
13901, 1
13907, 1
13908, 1
13922, 1
13926, 1
13933, 1
13943, 1
13951, 1
13965, 2
13973, 1
13979, 1
13990, 1
13995, 1
14010, 1
14018, 1
14023, 1
14024, 1
14030, 1
14034, 1
14045, 1
14054, 1
14056, 1
14060, 1
14063, 1
14073, 2
14078, 1
14090, 1
14101, 1
14102, 1
14103, 1
14105, 1
14112, 1
14114, 1
14118, 1
14119, 1
14125, 1
14128, 1
14142, 1
14145, 1
14153, 1
14156, 1
14157, 1
14158, 1
14162, 1
14165, 1
14172, 1
14173, 1
14174, 1
14175, 2
14177, 1
14181, 1
14184, 2
14191, 2
14195, 1
14196, 1
14204, 1
14206, 2
14211, 1
14215, 2
14220, 1
14221, 2
14223, 1
14229, 1
14235, 1
14238, 1
14242, 2
14246, 1
14247, 1
14250, 1
14255, 1
14259, 1
14269, 1
14271, 2
14272, 1
14274, 1
14279, 1
14281, 1
14283, 1
14284, 1
14286, 1
14287, 1
14290, 1
14294, 1
14298, 1
14299, 1
14300, 2
14301, 1
14305, 1
14309, 2
14310, 1
14313, 1
14315, 1
14318, 1
14319, 1
14324, 2
14327, 1
14328, 2
14330, 1
14335, 1
14336, 1
14337, 1
14340, 1
14342, 1
14345, 1
14347, 1
14348, 2
14351, 1
14354, 1
14355, 1
14358, 1
14361, 1
14362, 1
14364, 2
14365, 1
14366, 2
14367, 1
14368, 1
14369, 1
14371, 1
14372, 1
14373, 1
14374, 1
14376, 2
14377, 1
14378, 1
14379, 1
14383, 1
14384, 1
14385, 2
14388, 1
14393, 1
14394, 1
14396, 1
14400, 1
14401, 1
14402, 1
14403, 2
14404, 1
14405, 1
14407, 2
14411, 2
14419, 1
14422, 1
14425, 1
14429, 1
14434, 1
14435, 1
14437, 2
14439, 1
14442, 1
14443, 1
14444, 1
14445, 1
14450, 2
14452, 1
14453, 2
14454, 2
14455, 1
14460, 1
14461, 1
14463, 3
14464, 2
14466, 1
14470, 1
14474, 1
14475, 1
14476, 1
14478, 1
14480, 2
14481, 1
14482, 1
14483, 1
14485, 1
14487, 1
14488, 1
14490, 1
14492, 1
14494, 1
14495, 1
14497, 1
14499, 1
14502, 1
14505, 1
14506, 1
14508, 1
14511, 1
14512, 3
14520, 1
14521, 2
14526, 1
14530, 1
14532, 1
14533, 2
14534, 1
14537, 2
14538, 1
14540, 1
14541, 1
14543, 1
14545, 2
14546, 4
14547, 2
14548, 2
14549, 3
14551, 1
14552, 1
14553, 1
14555, 1
14557, 1
14559, 1
14561, 1
14565, 2
14568, 2
14569, 3
14570, 1
14575, 1
14576, 2
14580, 1
14581, 2
14582, 1
14583, 1
14587, 2
14589, 2
14590, 1
14592, 1
14594, 2
14597, 1
14599, 2
14600, 1
14601, 1
14602, 2
14603, 2
14604, 3
14605, 1
14606, 1
14607, 1
14609, 1
14610, 1
14611, 1
14612, 1
14613, 3
14615, 2
14616, 3
14620, 1
14621, 3
14622, 2
14624, 1
14625, 2
14626, 1
14630, 1
14631, 1
14634, 3
14635, 1
14636, 1
14637, 3
14639, 2
14642, 1
14643, 1
14644, 1
14645, 1
14646, 2
14647, 1
14648, 3
14649, 3
14650, 1
14653, 1
14654, 3
14655, 1
14657, 5
14660, 2
14661, 4
14662, 4
14663, 1
14664, 1
14665, 3
14668, 1
14669, 1
14670, 2
14671, 1
14672, 2
14673, 1
14674, 3
14675, 3
14676, 1
14677, 2
14678, 1
14684, 1
14685, 3
14687, 2
14689, 1
14693, 2
14694, 1
14695, 3
14698, 1
14699, 2
14702, 1
14703, 1
14705, 2
14706, 1
14707, 4
14709, 1
14710, 2
14713, 1
14714, 1
14715, 1
14716, 2
14718, 1
14720, 1
14721, 1
14722, 1
14723, 2
14724, 1
14726, 2
14727, 1
14729, 3
14730, 1
14733, 1
14736, 2
14737, 4
14739, 1
14740, 1
14741, 3
14744, 3
14748, 1
14751, 2
14752, 2
14753, 2
14754, 2
14756, 1
14757, 2
14758, 1
14760, 2
14761, 1
14762, 2
14763, 1
14764, 1
14765, 1
14766, 2
14767, 2
14768, 1
14769, 1
14770, 2
14771, 2
14773, 1
14774, 2
14775, 2
14776, 4
14777, 4
14778, 2
14779, 1
14780, 1
14782, 2
14785, 2
14786, 1
14787, 3
14788, 2
14791, 2
14792, 2
14793, 1
14794, 1
14795, 2
14796, 2
14797, 2
14798, 1
14799, 1
14800, 2
14801, 4
14802, 3
14805, 2
14807, 3
14808, 2
14809, 2
14811, 1
14812, 2
14813, 1
14814, 3
14817, 3
14818, 2
14819, 3
14821, 5
14822, 1
14823, 1
14824, 1
14826, 1
14827, 1
14828, 6
14829, 1
14831, 3
14832, 5
14833, 2
14834, 1
14835, 2
14836, 1
14837, 1
14838, 6
14839, 3
14840, 3
14841, 2
14842, 2
14844, 2
14845, 4
14846, 3
14847, 3
14848, 2
14850, 1
14851, 2
14852, 1
14853, 4
14854, 4
14855, 4
14856, 1
14857, 1
14858, 2
14859, 6
14861, 1
14862, 1
14863, 3
14865, 6
14867, 3
14868, 2
14870, 1
14871, 2
14872, 1
14874, 2
14876, 2
14877, 2
14879, 2
14880, 5
14883, 2
14884, 1
14885, 1
14886, 1
14888, 1
14889, 2
14891, 2
14892, 1
14893, 1
14894, 2
14895, 3
14896, 1
14897, 3
14898, 5
14901, 1
14902, 1
14903, 2
14905, 1
14906, 1
14907, 4
14908, 2
14909, 1
14911, 3
14912, 1
14913, 2
14915, 4
14916, 2
14917, 1
14918, 3
14919, 1
14920, 1
14921, 2
14922, 4
14923, 4
14924, 3
14925, 3
14926, 2
14928, 2
14929, 2
14930, 3
14931, 1
14932, 1
14933, 1
14934, 2
14935, 2
14936, 4
14938, 5
14939, 3
14940, 2
14941, 2
14942, 2
14943, 2
14944, 4
14946, 3
14947, 3
14948, 2
14950, 2
14952, 1
14953, 4
14954, 1
14955, 3
14956, 4
14957, 2
14958, 2
14960, 2
14962, 1
14963, 3
14965, 2
14966, 3
14968, 3
14969, 1
14970, 1
14971, 1
14972, 4
14974, 2
14976, 2
14977, 1
14978, 3
14979, 1
14981, 1
14982, 1
14983, 4
14984, 2
14986, 1
14987, 3
14988, 4
14989, 4
14990, 2
14991, 4
14992, 3
14994, 1
14995, 4
14996, 7
14997, 5
14998, 1
14999, 4
15000, 4
15001, 1
15002, 2
15003, 5
15004, 2
15005, 2
15006, 1
15008, 2
15009, 5
15010, 4
15011, 5
15013, 3
15015, 3
15016, 3
15017, 1
15018, 3
15019, 5
15020, 3
15021, 3
15022, 4
15023, 4
15024, 1
15025, 4
15026, 2
15027, 2
15028, 2
15029, 2
15030, 2
15031, 5
15032, 4
15033, 2
15034, 1
15035, 4
15036, 2
15038, 2
15039, 2
15040, 2
15041, 1
15042, 1
15043, 2
15044, 1
15045, 2
15047, 2
15048, 2
15049, 2
15050, 4
15051, 1
15052, 2
15054, 1
15055, 5
15056, 1
15058, 2
15060, 5
15061, 3
15063, 2
15064, 1
15065, 1
15066, 3
15067, 3
15068, 3
15069, 3
15070, 2
15071, 2
15072, 2
15073, 1
15074, 1
15075, 2
15076, 6
15077, 3
15078, 3
15080, 2
15081, 3
15083, 3
15084, 2
15085, 3
15086, 6
15088, 1
15089, 2
15090, 1
15091, 5
15092, 1
15093, 1
15094, 3
15095, 4
15096, 2
15097, 3
15099, 3
15100, 3
15101, 4
15103, 4
15104, 3
15105, 3
15106, 6
15107, 4
15108, 3
15109, 1
15110, 3
15111, 2
15112, 2
15113, 1
15114, 5
15115, 3
15116, 5
15117, 1
15118, 3
15119, 2
15120, 4
15121, 3
15122, 2
15123, 2
15124, 1
15125, 3
15126, 2
15127, 2
15128, 6
15130, 1
15131, 1
15132, 2
15133, 1
15134, 4
15135, 6
15136, 1
15137, 1
15138, 1
15139, 1
15140, 2
15141, 1
15142, 3
15143, 2
15144, 2
15145, 2
15146, 2
15147, 2
15148, 2
15149, 4
15150, 4
15151, 1
15152, 4
15154, 1
15155, 2
15156, 2
15157, 3
15158, 3
15159, 4
15160, 3
15161, 1
15162, 6
15163, 2
15164, 3
15165, 1
15166, 6
15167, 5
15168, 6
15169, 2
15170, 1
15171, 4
15172, 4
15174, 2
15175, 5
15176, 2
15177, 2
15178, 1
15179, 1
15180, 2
15181, 8
15182, 4
15183, 3
15184, 3
15185, 4
15186, 6
15187, 1
15188, 1
15189, 6
15191, 2
15192, 5
15193, 4
15194, 4
15195, 1
15196, 2
15197, 3
15198, 6
15199, 3
15200, 4
15201, 5
15203, 3
15205, 3
15208, 1
15209, 3
15210, 3
15211, 2
15212, 3
15213, 7
15214, 4
15215, 4
15216, 3
15217, 1
15218, 3
15219, 2
15220, 5
15222, 2
15223, 1
15224, 3
15225, 3
15227, 6
15228, 5
15229, 2
15230, 4
15231, 2
15233, 3
15235, 4
15238, 1
15239, 1
15240, 1
15241, 3
15242, 3
15243, 4
15244, 2
15245, 6
15246, 2
15247, 2
15249, 5
15250, 4
15251, 2
15252, 4
15253, 2
15254, 1
15255, 4
15256, 1
15257, 4
15258, 2
15259, 2
15260, 3
15261, 3
15262, 1
15264, 2
15265, 2
15266, 2
15267, 4
15268, 3
15269, 5
15270, 1
15271, 3
15272, 4
15273, 2
15274, 5
15275, 3
15276, 3
15277, 4
15278, 4
15279, 2
15280, 6
15281, 1
15282, 4
15283, 5
15284, 1
15285, 1
15286, 3
15287, 2
15288, 2
15289, 3
15290, 2
15291, 3
15292, 3
15293, 2
15294, 6
15295, 4
15296, 2
15297, 2
15298, 1
15299, 3
15300, 3
15301, 1
15302, 2
15303, 1
15304, 8
15305, 2
15306, 2
15307, 1
15308, 8
15309, 1
15312, 3
15313, 2
15314, 4
15315, 2
15316, 4
15317, 1
15318, 1
15319, 2
15320, 5
15321, 4
15322, 3
15323, 1
15324, 1
15325, 1
15326, 1
15327, 3
15328, 4
15329, 2
15330, 4
15332, 4
15334, 4
15335, 2
15336, 1
15337, 2
15338, 2
15339, 5
15340, 4
15341, 6
15342, 3
15343, 4
15344, 1
15345, 1
15346, 5
15347, 4
15348, 1
15349, 3
15351, 4
15352, 1
15354, 2
15355, 4
15356, 3
15357, 2
15358, 3
15359, 6
15360, 4
15361, 2
15362, 4
15363, 2
15364, 1
15365, 2
15366, 5
15367, 1
15368, 2
15369, 5
15370, 3
15371, 5
15372, 3
15373, 3
15374, 2
15375, 1
15376, 1
15377, 6
15378, 4
15379, 4
15380, 2
15381, 3
15382, 2
15383, 2
15384, 3
15385, 4
15386, 3
15387, 3
15388, 4
15389, 2
15390, 8
15391, 5
15392, 1
15393, 6
15394, 3
15395, 5
15396, 2
15397, 2
15398, 1
15399, 5
15400, 5
15401, 5
15402, 1
15403, 3
15404, 3
15405, 1
15406, 3
15407, 2
15408, 2
15409, 4
15410, 3
15411, 3
15412, 3
15413, 3
15414, 2
15415, 2
15416, 2
15418, 3
15419, 2
15420, 4
15421, 1
15422, 1
15423, 1
15424, 2
15425, 4
15426, 1
15427, 5
15428, 1
15429, 3
15430, 3
15431, 3
15432, 1
15434, 3
15435, 4
15436, 6
15437, 1
15438, 4
15439, 5
15440, 3
15441, 4
15442, 3
15443, 7
15444, 3
15445, 3
15446, 2
15447, 4
15448, 4
15449, 2
15450, 2
15451, 6
15452, 2
15453, 4
15454, 3
15455, 2
15456, 4
15457, 3
15458, 2
15459, 3
15460, 4
15461, 3
15462, 4
15463, 1
15464, 2
15465, 4
15466, 2
15467, 2
15468, 5
15469, 2
15470, 1
15471, 2
15472, 4
15473, 4
15474, 1
15476, 3
15477, 2
15478, 2
15479, 3
15480, 4
15481, 1
15483, 5
15484, 5
15485, 3
15486, 4
15488, 2
15489, 2
15490, 4
15491, 3
15492, 4
15493, 4
15494, 1
15495, 3
15496, 1
15497, 4
15498, 2
15499, 2
15500, 2
15501, 2
15502, 5
15503, 2
15504, 3
15505, 5
15506, 4
15507, 4
15508, 2
15509, 4
15510, 2
15511, 3
15512, 5
15513, 4
15514, 6
15515, 6
15516, 5
15517, 2
15518, 4
15519, 5
15520, 3
15521, 4
15522, 5
15523, 2
15524, 2
15525, 6
15526, 5
15527, 4
15528, 2
15529, 8
15530, 9
15531, 3
15532, 3
15534, 4
15535, 4
15536, 2
15537, 9
15538, 4
15539, 6
15540, 2
15541, 4
15542, 3
15543, 4
15544, 3
15545, 5
15546, 7
15547, 7
15548, 5
15549, 3
15550, 3
15551, 3
15552, 4
15553, 2
15554, 4
15555, 2
15558, 1
15560, 6
15561, 2
15562, 2
15563, 1
15564, 9
15565, 2
15566, 6
15567, 3
15568, 3
15569, 3
15570, 4
15571, 5
15572, 4
15573, 8
15575, 5
15576, 3
15577, 4
15578, 3
15579, 2
15580, 4
15581, 8
15582, 1
15584, 2
15585, 2
15586, 6
15587, 2
15588, 2
15589, 1
15590, 6
15591, 3
15592, 7
15594, 4
15595, 5
15596, 2
15597, 2
15598, 3
15599, 4
15600, 2
15601, 4
15602, 5
15603, 5
15604, 4
15605, 2
15606, 5
15607, 5
15608, 5
15609, 8
15610, 5
15611, 2
15612, 6
15613, 4
15614, 2
15615, 10
15616, 4
15617, 6
15618, 4
15619, 5
15620, 2
15621, 5
15622, 3
15623, 7
15624, 3
15625, 4
15626, 2
15627, 6
15628, 9
15629, 5
15630, 4
15631, 5
15632, 2
15633, 2
15634, 2
15635, 2
15636, 4
15637, 6
15639, 3
15640, 6
15641, 3
15642, 2
15643, 5
15644, 1
15645, 4
15646, 4
15647, 5
15648, 2
15649, 7
15650, 4
15651, 4
15652, 4
15653, 2
15654, 2
15655, 2
15656, 9
15657, 4
15658, 5
15659, 4
15660, 9
15661, 2
15662, 4
15663, 3
15664, 2
15665, 5
15666, 5
15667, 3
15668, 4
15669, 2
15670, 1
15671, 2
15672, 6
15673, 3
15674, 5
15675, 5
15676, 3
15677, 4
15678, 7
15679, 8
15680, 3
15681, 7
15682, 5
15683, 4
15684, 5
15685, 3
15686, 7
15687, 6
15688, 7
15689, 1
15690, 1
15691, 4
15692, 6
15693, 5
15694, 7
15695, 2
15696, 2
15697, 4
15698, 5
15699, 5
15700, 4
15701, 3
15702, 9
15703, 5
15704, 7
15705, 2
15706, 3
15707, 5
15708, 4
15709, 5
15710, 4
15711, 4
15712, 2
15713, 4
15714, 5
15715, 8
15716, 5
15717, 2
15718, 4
15719, 4
15720, 2
15721, 7
15722, 5
15723, 5
15724, 5
15725, 3
15726, 1
15727, 6
15728, 6
15729, 5
15730, 4
15731, 2
15732, 7
15733, 7
15734, 4
15735, 5
15736, 5
15737, 3
15738, 3
15739, 4
15740, 4
15741, 3
15742, 8
15743, 6
15744, 4
15745, 4
15746, 1
15747, 3
15748, 3
15749, 6
15750, 7
15751, 3
15752, 6
15753, 3
15754, 6
15755, 6
15756, 5
15757, 7
15758, 5
15759, 5
15760, 5
15761, 8
15762, 4
15763, 4
15764, 6
15765, 2
15766, 3
15767, 8
15768, 5
15769, 5
15771, 5
15772, 4
15773, 4
15774, 6
15775, 7
15776, 4
15777, 4
15778, 7
15779, 7
15780, 7
15781, 5
15782, 4
15783, 5
15784, 5
15785, 5
15786, 3
15787, 5
15788, 8
15789, 6
15790, 9
15791, 3
15792, 7
15793, 3
15794, 4
15795, 7
15796, 2
15797, 3
15798, 2
15799, 7
15800, 5
15801, 4
15802, 3
15803, 3
15804, 6
15805, 5
15806, 3
15807, 6
15808, 2
15809, 6
15810, 6
15811, 4
15812, 5
15813, 3
15814, 6
15815, 2
15816, 5
15817, 7
15818, 6
15819, 6
15820, 3
15821, 7
15822, 3
15823, 3
15824, 4
15825, 10
15826, 3
15827, 5
15828, 6
15829, 6
15830, 3
15831, 6
15832, 4
15833, 3
15834, 1
15835, 2
15836, 5
15837, 5
15838, 4
15839, 7
15840, 15
15841, 10
15842, 9
15843, 7
15844, 6
15845, 3
15846, 6
15847, 3
15848, 5
15849, 8
15850, 2
15851, 8
15852, 5
15853, 5
15854, 5
15855, 3
15856, 6
15857, 4
15858, 9
15859, 7
15860, 7
15861, 5
15862, 4
15863, 6
15864, 7
15865, 6
15866, 2
15867, 5
15868, 5
15869, 6
15870, 6
15871, 6
15872, 9
15873, 5
15874, 2
15875, 8
15876, 3
15877, 3
15878, 3
15879, 2
15880, 4
15881, 9
15882, 7
15883, 10
15884, 4
15885, 7
15886, 3
15887, 5
15888, 6
15889, 5
15890, 4
15891, 9
15892, 5
15893, 3
15894, 2
15895, 8
15896, 8
15897, 7
15898, 4
15899, 5
15900, 5
15901, 8
15902, 6
15903, 5
15904, 6
15905, 8
15906, 7
15907, 6
15908, 5
15909, 4
15910, 7
15911, 11
15912, 6
15913, 5
15914, 9
15915, 6
15916, 5
15917, 4
15918, 4
15919, 6
15920, 4
15921, 5
15922, 6
15923, 7
15924, 1
15925, 8
15926, 6
15927, 6
15928, 10
15929, 6
15930, 7
15931, 5
15932, 6
15933, 7
15934, 3
15935, 3
15936, 7
15937, 6
15938, 3
15939, 11
15940, 12
15941, 8
15942, 3
15943, 2
15944, 6
15945, 2
15946, 7
15947, 9
15948, 2
15949, 3
15950, 9
15951, 6
15952, 5
15953, 8
15954, 7
15955, 5
15956, 5
15957, 4
15958, 8
15959, 3
15960, 7
15961, 5
15962, 4
15963, 3
15964, 6
15965, 4
15966, 6
15967, 6
15968, 6
15969, 7
15970, 5
15971, 5
15972, 6
15973, 5
15974, 2
15975, 7
15976, 5
15977, 3
15978, 5
15979, 4
15980, 1
15981, 7
15982, 4
15983, 7
15984, 6
15985, 2
15986, 9
15987, 12
15988, 7
15989, 6
15990, 5
15991, 10
15992, 7
15993, 7
15994, 5
15995, 11
15996, 8
15997, 11
15998, 5
15999, 4
16000, 6
16001, 5
16002, 7
16003, 6
16004, 7
16005, 8
16006, 1
16007, 5
16008, 4
16009, 7
16010, 4
16011, 10
16012, 7
16013, 7
16014, 6
16015, 7
16016, 6
16017, 6
16018, 3
16019, 2
16020, 4
16021, 7
16022, 6
16023, 11
16024, 6
16025, 8
16026, 5
16027, 4
16028, 4
16029, 2
16030, 3
16031, 5
16032, 4
16033, 3
16034, 5
16035, 4
16036, 6
16037, 6
16038, 3
16039, 3
16040, 2
16041, 8
16042, 6
16043, 8
16044, 5
16045, 9
16046, 3
16047, 1
16048, 7
16049, 9
16050, 8
16051, 7
16052, 3
16053, 7
16054, 9
16055, 8
16056, 8
16057, 6
16058, 4
16059, 6
16060, 9
16061, 7
16062, 10
16063, 11
16064, 5
16065, 7
16066, 9
16067, 6
16068, 6
16069, 5
16070, 8
16071, 8
16072, 9
16073, 7
16074, 4
16075, 10
16076, 7
16077, 12
16078, 7
16079, 4
16080, 1
16081, 7
16082, 2
16083, 9
16084, 9
16085, 9
16086, 6
16087, 3
16088, 5
16089, 4
16090, 8
16091, 8
16092, 5
16093, 9
16094, 13
16095, 6
16096, 12
16097, 10
16098, 7
16099, 9
16100, 6
16101, 5
16102, 8
16103, 6
16104, 5
16105, 4
16106, 10
16107, 5
16108, 7
16109, 3
16110, 7
16111, 5
16112, 8
16113, 12
16114, 2
16115, 6
16116, 5
16117, 2
16118, 5
16119, 6
16120, 6
16121, 4
16122, 8
16123, 3
16124, 10
16125, 5
16126, 4
16127, 11
16128, 7
16129, 5
16130, 3
16131, 10
16132, 8
16133, 2
16134, 5
16135, 3
16136, 10
16137, 6
16138, 8
16139, 6
16140, 4
16141, 10
16142, 5
16143, 5
16144, 5
16145, 5
16146, 4
16147, 6
16148, 9
16149, 8
16150, 8
16151, 2
16152, 4
16153, 4
16154, 6
16155, 5
16156, 4
16157, 7
16158, 8
16159, 3
16160, 6
16161, 6
16162, 10
16163, 8
16164, 8
16165, 5
16166, 7
16167, 7
16168, 8
16169, 2
16170, 8
16171, 8
16172, 7
16173, 7
16174, 8
16175, 7
16176, 11
16177, 6
16178, 2
16179, 6
16180, 8
16181, 9
16182, 10
16183, 4
16184, 11
16185, 8
16186, 2
16187, 11
16188, 11
16189, 8
16190, 9
16191, 7
16192, 6
16193, 6
16194, 2
16195, 8
16196, 3
16197, 10
16198, 9
16199, 7
16200, 7
16201, 5
16202, 5
16203, 9
16204, 9
16205, 6
16206, 5
16207, 4
16208, 12
16209, 5
16210, 10
16211, 15
16212, 8
16213, 5
16214, 5
16215, 6
16216, 6
16217, 4
16218, 8
16219, 6
16220, 13
16221, 13
16222, 6
16223, 9
16224, 10
16225, 9
16226, 4
16227, 5
16228, 7
16229, 9
16230, 4
16231, 8
16232, 7
16233, 6
16234, 5
16235, 4
16236, 3
16237, 8
16238, 6
16239, 5
16240, 10
16241, 7
16242, 5
16243, 8
16244, 6
16245, 6
16246, 6
16247, 7
16248, 8
16249, 8
16250, 3
16251, 5
16252, 3
16253, 6
16254, 6
16255, 8
16256, 13
16257, 10
16258, 12
16259, 3
16260, 5
16261, 7
16262, 7
16263, 3
16264, 10
16265, 10
16266, 4
16267, 6
16268, 3
16269, 5
16270, 8
16271, 3
16272, 8
16273, 5
16274, 9
16275, 10
16276, 5
16277, 6
16278, 6
16279, 7
16280, 3
16281, 12
16282, 8
16283, 7
16284, 5
16285, 4
16286, 9
16287, 10
16288, 10
16289, 5
16290, 7
16291, 5
16292, 12
16293, 6
16294, 3
16295, 6
16296, 11
16297, 4
16298, 2
16299, 10
16300, 6
16301, 11
16302, 7
16303, 9
16304, 10
16305, 10
16306, 4
16307, 7
16308, 5
16309, 6
16310, 4
16311, 13
16312, 14
16313, 8
16314, 6
16315, 10
16316, 6
16317, 4
16318, 3
16319, 11
16320, 6
16321, 7
16322, 7
16323, 4
16324, 5
16325, 8
16326, 11
16327, 8
16328, 6
16329, 7
16330, 9
16331, 10
16332, 8
16333, 14
16334, 5
16335, 7
16336, 8
16337, 7
16338, 7
16339, 7
16340, 10
16341, 4
16342, 7
16343, 6
16344, 9
16345, 8
16346, 9
16347, 5
16348, 8
16349, 12
16350, 7
16351, 9
16352, 11
16353, 4
16354, 7
16355, 4
16356, 7
16357, 11
16358, 4
16359, 13
16360, 5
16361, 11
16362, 6
16363, 9
16364, 7
16365, 6
16366, 8
16367, 4
16368, 12
16369, 5
16370, 11
16371, 5
16372, 6
16373, 4
16374, 8
16375, 4
16376, 5
16377, 10
16378, 9
16379, 6
16380, 8
16381, 4
16382, 8
16383, 7
16384, 8
16385, 11
16386, 6
16387, 7
16388, 8
16389, 3
16390, 6
16391, 10
16392, 10
16393, 8
16394, 9
16395, 6
16396, 10
16397, 1
16398, 13
16399, 8
16400, 11
16401, 8
16402, 7
16403, 13
16404, 7
16405, 2
16406, 5
16407, 10
16408, 12
16409, 4
16410, 7
16411, 10
16412, 9
16413, 7
16414, 9
16415, 14
16416, 8
16417, 13
16418, 7
16419, 9
16420, 6
16421, 6
16422, 12
16423, 9
16424, 14
16425, 9
16426, 14
16427, 8
16428, 6
16429, 10
16430, 4
16431, 10
16432, 8
16433, 9
16434, 12
16435, 8
16436, 12
16437, 7
16438, 10
16439, 9
16440, 9
16441, 5
16442, 5
16443, 13
16444, 8
16445, 11
16446, 5
16447, 5
16448, 14
16449, 7
16450, 13
16451, 13
16452, 14
16453, 5
16454, 3
16455, 7
16456, 7
16457, 10
16458, 7
16459, 15
16460, 10
16461, 9
16462, 9
16463, 11
16464, 11
16465, 3
16466, 6
16467, 6
16468, 9
16469, 9
16470, 6
16471, 8
16472, 14
16473, 11
16474, 11
16475, 5
16476, 9
16477, 4
16478, 10
16479, 8
16480, 6
16481, 14
16482, 12
16483, 7
16484, 13
16485, 11
16486, 7
16487, 5
16488, 16
16489, 11
16490, 2
16491, 8
16492, 7
16493, 6
16494, 13
16495, 12
16496, 8
16497, 5
16498, 8
16499, 4
16500, 9
16501, 10
16502, 8
16503, 15
16504, 11
16505, 10
16506, 10
16507, 7
16508, 10
16509, 6
16510, 5
16511, 9
16512, 7
16513, 10
16514, 9
16515, 7
16516, 6
16517, 11
16518, 13
16519, 10
16520, 9
16521, 14
16522, 8
16523, 12
16524, 12
16525, 13
16526, 5
16527, 14
16528, 4
16529, 10
16530, 12
16531, 11
16532, 9
16533, 7
16534, 14
16535, 8
16536, 9
16537, 11
16538, 6
16539, 3
16540, 9
16541, 10
16542, 12
16543, 3
16544, 10
16545, 9
16546, 7
16547, 5
16548, 9
16549, 10
16550, 10
16551, 9
16552, 9
16553, 16
16554, 5
16555, 9
16556, 8
16557, 11
16558, 11
16559, 5
16560, 10
16561, 5
16562, 8
16563, 9
16564, 6
16565, 16
16566, 9
16567, 13
16568, 15
16569, 5
16570, 12
16571, 6
16572, 13
16573, 7
16574, 8
16575, 10
16576, 12
16577, 11
16578, 9
16579, 11
16580, 12
16581, 8
16582, 9
16583, 9
16584, 11
16585, 10
16586, 13
16587, 8
16588, 9
16589, 14
16590, 13
16591, 12
16592, 11
16593, 12
16594, 8
16595, 14
16596, 7
16597, 10
16598, 11
16599, 8
16600, 10
16601, 5
16602, 8
16603, 9
16604, 14
16605, 9
16606, 13
16607, 12
16608, 6
16609, 14
16610, 10
16611, 14
16612, 12
16613, 6
16614, 10
16615, 11
16616, 7
16617, 8
16618, 7
16619, 15
16620, 14
16621, 12
16622, 11
16623, 14
16624, 7
16625, 7
16626, 11
16627, 12
16628, 11
16629, 11
16630, 10
16631, 16
16632, 13
16633, 14
16634, 12
16635, 12
16636, 13
16637, 11
16638, 19
16639, 5
16640, 8
16641, 10
16642, 9
16643, 13
16644, 9
16645, 15
16646, 12
16647, 14
16648, 10
16649, 7
16650, 15
16651, 14
16652, 11
16653, 11
16654, 12
16655, 11
16656, 7
16657, 14
16658, 10
16659, 8
16660, 7
16661, 12
16662, 10
16663, 10
16664, 15
16665, 6
16666, 11
16667, 7
16668, 10
16669, 8
16670, 14
16671, 16
16672, 14
16673, 8
16674, 10
16675, 10
16676, 16
16677, 14
16678, 12
16679, 8
16680, 14
16681, 15
16682, 12
16683, 8
16684, 10
16685, 11
16686, 11
16687, 9
16688, 14
16689, 11
16690, 9
16691, 13
16692, 12
16693, 13
16694, 10
16695, 12
16696, 14
16697, 20
16698, 11
16699, 7
16700, 9
16701, 7
16702, 6
16703, 12
16704, 11
16705, 8
16706, 14
16707, 15
16708, 9
16709, 13
16710, 6
16711, 5
16712, 14
16713, 11
16714, 15
16715, 6
16716, 12
16717, 5
16718, 12
16719, 10
16720, 12
16721, 12
16722, 8
16723, 16
16724, 12
16725, 16
16726, 14
16727, 6
16728, 7
16729, 24
16730, 10
16731, 11
16732, 11
16733, 12
16734, 14
16735, 16
16736, 8
16737, 14
16738, 15
16739, 11
16740, 7
16741, 15
16742, 12
16743, 6
16744, 15
16745, 7
16746, 15
16747, 13
16748, 10
16749, 18
16750, 8
16751, 12
16752, 14
16753, 12
16754, 21
16755, 7
16756, 16
16757, 14
16758, 16
16759, 8
16760, 17
16761, 8
16762, 11
16763, 11
16764, 11
16765, 9
16766, 12
16767, 11
16768, 7
16769, 15
16770, 14
16771, 17
16772, 12
16773, 9
16774, 12
16775, 11
16776, 12
16777, 10
16778, 11
16779, 14
16780, 21
16781, 5
16782, 13
16783, 15
16784, 11
16785, 12
16786, 12
16787, 14
16788, 17
16789, 10
16790, 22
16791, 14
16792, 12
16793, 14
16794, 8
16795, 9
16796, 15
16797, 12
16798, 14
16799, 8
16800, 8
16801, 14
16802, 12
16803, 14
16804, 8
16805, 11
16806, 8
16807, 8
16808, 14
16809, 6
16810, 14
16811, 10
16812, 14
16813, 18
16814, 18
16815, 14
16816, 10
16817, 13
16818, 6
16819, 10
16820, 13
16821, 25
16822, 21
16823, 15
16824, 10
16825, 14
16826, 10
16827, 21
16828, 16
16829, 10
16830, 20
16831, 15
16832, 11
16833, 10
16834, 10
16835, 7
16836, 14
16837, 15
16838, 15
16839, 8
16840, 12
16841, 10
16842, 14
16843, 15
16844, 8
16845, 14
16846, 21
16847, 12
16848, 7
16849, 24
16850, 13
16851, 18
16852, 16
16853, 13
16854, 9
16855, 20
16856, 8
16857, 14
16858, 13
16859, 16
16860, 18
16861, 16
16862, 11
16863, 14
16864, 20
16865, 16
16866, 15
16867, 10
16868, 18
16869, 12
16870, 17
16871, 13
16872, 10
16873, 12
16874, 15
16875, 8
16876, 13
16877, 11
16878, 11
16879, 7
16880, 10
16881, 20
16882, 19
16883, 11
16884, 9
16885, 15
16886, 15
16887, 13
16888, 14
16889, 23
16890, 12
16891, 9
16892, 10
16893, 11
16894, 13
16895, 18
16896, 19
16897, 7
16898, 14
16899, 16
16900, 19
16901, 16
16902, 16
16903, 18
16904, 18
16905, 19
16906, 11
16907, 21
16908, 18
16909, 16
16910, 16
16911, 13
16912, 11
16913, 17
16914, 14
16915, 16
16916, 12
16917, 12
16918, 14
16919, 9
16920, 12
16921, 22
16922, 15
16923, 14
16924, 14
16925, 18
16926, 15
16927, 10
16928, 22
16929, 13
16930, 15
16931, 10
16932, 12
16933, 24
16934, 13
16935, 11
16936, 15
16937, 9
16938, 18
16939, 14
16940, 22
16941, 20
16942, 8
16943, 15
16944, 23
16945, 18
16946, 20
16947, 14
16948, 15
16949, 16
16950, 18
16951, 13
16952, 8
16953, 17
16954, 14
16955, 19
16956, 17
16957, 25
16958, 8
16959, 9
16960, 15
16961, 20
16962, 16
16963, 8
16964, 13
16965, 11
16966, 18
16967, 14
16968, 19
16969, 8
16970, 20
16971, 14
16972, 11
16973, 14
16974, 13
16975, 27
16976, 16
16977, 15
16978, 18
16979, 15
16980, 18
16981, 13
16982, 14
16983, 21
16984, 21
16985, 18
16986, 15
16987, 10
16988, 14
16989, 11
16990, 24
16991, 15
16992, 15
16993, 20
16994, 13
16995, 15
16996, 22
16997, 14
16998, 16
16999, 18
17000, 15
17001, 11
17002, 16
17003, 22
17004, 17
17005, 9
17006, 16
17007, 10
17008, 19
17009, 22
17010, 20
17011, 16
17012, 12
17013, 25
17014, 16
17015, 18
17016, 16
17017, 17
17018, 12
17019, 11
17020, 20
17021, 15
17022, 15
17023, 14
17024, 16
17025, 18
17026, 13
17027, 14
17028, 18
17029, 20
17030, 16
17031, 18
17032, 16
17033, 20
17034, 15
17035, 23
17036, 12
17037, 13
17038, 12
17039, 21
17040, 22
17041, 14
17042, 19
17043, 16
17044, 18
17045, 21
17046, 16
17047, 14
17048, 15
17049, 16
17050, 18
17051, 21
17052, 20
17053, 15
17054, 13
17055, 18
17056, 10
17057, 12
17058, 18
17059, 12
17060, 31
17061, 14
17062, 14
17063, 17
17064, 20
17065, 13
17066, 17
17067, 15
17068, 24
17069, 16
17070, 17
17071, 24
17072, 18
17073, 12
17074, 11
17075, 24
17076, 11
17077, 19
17078, 12
17079, 24
17080, 17
17081, 15
17082, 20
17083, 21
17084, 16
17085, 20
17086, 18
17087, 19
17088, 16
17089, 13
17090, 17
17091, 17
17092, 23
17093, 15
17094, 9
17095, 29
17096, 20
17097, 10
17098, 15
17099, 19
17100, 24
17101, 19
17102, 16
17103, 14
17104, 20
17105, 20
17106, 11
17107, 21
17108, 17
17109, 17
17110, 23
17111, 18
17112, 18
17113, 15
17114, 14
17115, 27
17116, 32
17117, 17
17118, 16
17119, 12
17120, 11
17121, 16
17122, 23
17123, 19
17124, 17
17125, 16
17126, 21
17127, 15
17128, 27
17129, 18
17130, 10
17131, 21
17132, 12
17133, 19
17134, 29
17135, 22
17136, 20
17137, 19
17138, 15
17139, 17
17140, 14
17141, 20
17142, 10
17143, 24
17144, 20
17145, 20
17146, 21
17147, 20
17148, 14
17149, 10
17150, 15
17151, 22
17152, 26
17153, 14
17154, 16
17155, 11
17156, 19
17157, 13
17158, 18
17159, 14
17160, 18
17161, 17
17162, 16
17163, 19
17164, 19
17165, 24
17166, 22
17167, 17
17168, 21
17169, 20
17170, 11
17171, 16
17172, 22
17173, 23
17174, 18
17175, 14
17176, 22
17177, 19
17178, 19
17179, 15
17180, 20
17181, 17
17182, 13
17183, 11
17184, 19
17185, 19
17186, 23
17187, 15
17188, 17
17189, 23
17190, 24
17191, 13
17192, 16
17193, 17
17194, 11
17195, 20
17196, 24
17197, 18
17198, 19
17199, 18
17200, 13
17201, 26
17202, 15
17203, 20
17204, 18
17205, 23
17206, 16
17207, 16
17208, 22
17209, 19
17210, 24
17211, 28
17212, 18
17213, 17
17214, 20
17215, 16
17216, 20
17217, 20
17218, 15
17219, 23
17220, 15
17221, 17
17222, 17
17223, 15
17224, 20
17225, 14
17226, 25
17227, 18
17228, 16
17229, 23
17230, 17
17231, 21
17232, 16
17233, 27
17234, 15
17235, 18
17236, 11
17237, 29
17238, 14
17239, 23
17240, 21
17241, 22
17242, 15
17243, 12
17244, 20
17245, 12
17246, 15
17247, 17
17248, 14
17249, 16
17250, 23
17251, 19
17252, 11
17253, 19
17254, 14
17255, 20
17256, 23
17257, 20
17258, 17
17259, 22
17260, 21
17261, 17
17262, 25
17263, 21
17264, 22
17265, 17
17266, 17
17267, 19
17268, 17
17269, 19
17270, 26
17271, 17
17272, 19
17273, 25
17274, 17
17275, 21
17276, 22
17277, 24
17278, 16
17279, 20
17280, 16
17281, 21
17282, 19
17283, 25
17284, 18
17285, 14
17286, 10
17287, 21
17288, 18
17289, 16
17290, 19
17291, 22
17292, 23
17293, 16
17294, 17
17295, 15
17296, 21
17297, 22
17298, 20
17299, 22
17300, 15
17301, 21
17302, 15
17303, 24
17304, 23
17305, 21
17306, 14
17307, 29
17308, 15
17309, 13
17310, 22
17311, 25
17312, 20
17313, 13
17314, 16
17315, 23
17316, 24
17317, 15
17318, 24
17319, 21
17320, 21
17321, 14
17322, 19
17323, 15
17324, 19
17325, 15
17326, 24
17327, 25
17328, 22
17329, 14
17330, 24
17331, 20
17332, 19
17333, 24
17334, 25
17335, 13
17336, 17
17337, 15
17338, 20
17339, 19
17340, 16
17341, 17
17342, 18
17343, 12
17344, 19
17345, 21
17346, 21
17347, 17
17348, 19
17349, 19
17350, 15
17351, 22
17352, 19
17353, 18
17354, 28
17355, 19
17356, 15
17357, 22
17358, 18
17359, 12
17360, 20
17361, 19
17362, 23
17363, 19
17364, 18
17365, 25
17366, 19
17367, 24
17368, 17
17369, 21
17370, 16
17371, 26
17372, 23
17373, 17
17374, 14
17375, 22
17376, 20
17377, 14
17378, 19
17379, 17
17380, 23
17381, 26
17382, 19
17383, 15
17384, 16
17385, 13
17386, 17
17387, 20
17388, 26
17389, 24
17390, 22
17391, 21
17392, 23
17393, 26
17394, 19
17395, 12
17396, 30
17397, 16
17398, 19
17399, 19
17400, 21
17401, 19
17402, 22
17403, 22
17404, 23
17405, 17
17406, 14
17407, 22
17408, 15
17409, 22
17410, 27
17411, 9
17412, 19
17413, 30
17414, 16
17415, 20
17416, 20
17417, 15
17418, 20
17419, 24
17420, 16
17421, 30
17422, 19
17423, 12
17424, 24
17425, 17
17426, 32
17427, 20
17428, 22
17429, 20
17430, 27
17431, 23
17432, 27
17433, 17
17434, 16
17435, 16
17436, 22
17437, 25
17438, 19
17439, 22
17440, 17
17441, 26
17442, 17
17443, 22
17444, 28
17445, 24
17446, 19
17447, 15
17448, 17
17449, 19
17450, 9
17451, 21
17452, 14
17453, 28
17454, 26
17455, 18
17456, 18
17457, 22
17458, 19
17459, 25
17460, 24
17461, 20
17462, 16
17463, 24
17464, 13
17465, 18
17466, 28
17467, 16
17468, 25
17469, 17
17470, 25
17471, 27
17472, 26
17473, 24
17474, 15
17475, 28
17476, 20
17477, 16
17478, 12
17479, 27
17480, 30
17481, 22
17482, 14
17483, 17
17484, 12
17485, 28
17486, 20
17487, 21
17488, 16
17489, 18
17490, 19
17491, 11
17492, 25
17493, 19
17494, 19
17495, 19
17496, 20
17497, 26
17498, 35
17499, 23
17500, 15
17501, 18
17502, 20
17503, 22
17504, 26
17505, 29
17506, 21
17507, 22
17508, 20
17509, 15
17510, 22
17511, 29
17512, 24
17513, 24
17514, 19
17515, 28
17516, 16
17517, 10
17518, 17
17519, 22
17520, 29
17521, 20
17522, 12
17523, 21
17524, 16
17525, 24
17526, 19
17527, 19
17528, 18
17529, 18
17530, 17
17531, 12
17532, 29
17533, 25
17534, 33
17535, 23
17536, 29
17537, 18
17538, 17
17539, 22
17540, 20
17541, 12
17542, 29
17543, 19
17544, 20
17545, 22
17546, 25
17547, 20
17548, 29
17549, 16
17550, 24
17551, 19
17552, 16
17553, 23
17554, 23
17555, 12
17556, 6
17557, 19
17558, 11
17559, 12
17560, 19
17561, 22
17562, 18
17563, 18
17564, 20
17565, 29
17566, 21
17567, 20
17568, 24
17569, 23
17570, 17
17571, 23
17572, 30
17573, 16
17574, 19
17575, 13
17576, 18
17577, 15
17578, 22
17579, 31
17580, 26
17581, 24
17582, 17
17583, 24
17584, 23
17585, 24
17586, 26
17587, 19
17588, 23
17589, 26
17590, 25
17591, 28
17592, 30
17593, 31
17594, 23
17595, 15
17596, 17
17597, 23
17598, 20
17599, 22
17600, 22
17601, 25
17602, 21
17603, 21
17604, 25
17605, 25
17606, 16
17607, 20
17608, 20
17609, 26
17610, 8
17611, 23
17612, 25
17613, 26
17614, 15
17615, 20
17616, 19
17617, 33
17618, 21
17619, 19
17620, 20
17621, 19
17622, 21
17623, 19
17624, 31
17625, 27
17626, 22
17627, 20
17628, 30
17629, 30
17630, 29
17631, 18
17632, 19
17633, 27
17634, 25
17635, 17
17636, 16
17637, 23
17638, 22
17639, 21
17640, 17
17641, 25
17642, 17
17643, 15
17644, 25
17645, 23
17646, 19
17647, 15
17648, 16
17649, 23
17650, 22
17651, 23
17652, 18
17653, 18
17654, 12
17655, 27
17656, 17
17657, 17
17658, 22
17659, 32
17660, 18
17661, 27
17662, 25
17663, 23
17664, 23
17665, 23
17666, 19
17667, 23
17668, 32
17669, 16
17670, 13
17671, 20
17672, 18
17673, 21
17674, 37
17675, 22
17676, 21
17677, 25
17678, 21
17679, 26
17680, 22
17681, 16
17682, 21
17683, 23
17684, 24
17685, 13
17686, 29
17687, 22
17688, 15
17689, 22
17690, 19
17691, 17
17692, 18
17693, 22
17694, 28
17695, 19
17696, 20
17697, 28
17698, 21
17699, 33
17700, 27
17701, 18
17702, 14
17703, 22
17704, 25
17705, 28
17706, 12
17707, 12
17708, 25
17709, 19
17710, 19
17711, 15
17712, 21
17713, 18
17714, 24
17715, 17
17716, 25
17717, 21
17718, 24
17719, 33
17720, 18
17721, 22
17722, 20
17723, 22
17724, 24
17725, 26
17726, 25
17727, 25
17728, 23
17729, 24
17730, 16
17731, 20
17732, 24
17733, 17
17734, 27
17735, 23
17736, 34
17737, 16
17738, 25
17739, 23
17740, 13
17741, 29
17742, 20
17743, 20
17744, 25
17745, 21
17746, 21
17747, 23
17748, 22
17749, 15
17750, 23
17751, 22
17752, 25
17753, 20
17754, 23
17755, 34
17756, 21
17757, 14
17758, 19
17759, 16
17760, 18
17761, 19
17762, 17
17763, 27
17764, 23
17765, 22
17766, 27
17767, 25
17768, 21
17769, 28
17770, 24
17771, 23
17772, 18
17773, 18
17774, 26
17775, 21
17776, 22
17777, 23
17778, 19
17779, 30
17780, 14
17781, 16
17782, 21
17783, 25
17784, 28
17785, 23
17786, 25
17787, 24
17788, 16
17789, 31
17790, 22
17791, 26
17792, 18
17793, 22
17794, 31
17795, 24
17796, 17
17797, 16
17798, 27
17799, 27
17800, 25
17801, 21
17802, 11
17803, 19
17804, 19
17805, 24
17806, 25
17807, 19
17808, 22
17809, 18
17810, 24
17811, 24
17812, 18
17813, 19
17814, 14
17815, 31
17816, 17
17817, 29
17818, 15
17819, 20
17820, 28
17821, 20
17822, 18
17823, 22
17824, 20
17825, 20
17826, 18
17827, 24
17828, 20
17829, 24
17830, 21
17831, 27
17832, 18
17833, 18
17834, 23
17835, 32
17836, 23
17837, 15
17838, 16
17839, 19
17840, 20
17841, 22
17842, 18
17843, 16
17844, 16
17845, 25
17846, 23
17847, 20
17848, 29
17849, 25
17850, 37
17851, 15
17852, 16
17853, 27
17854, 18
17855, 24
17856, 25
17857, 24
17858, 31
17859, 19
17860, 22
17861, 27
17862, 28
17863, 18
17864, 23
17865, 16
17866, 19
17867, 20
17868, 18
17869, 26
17870, 31
17871, 24
17872, 25
17873, 33
17874, 32
17875, 22
17876, 16
17877, 18
17878, 14
17879, 24
17880, 23
17881, 25
17882, 20
17883, 15
17884, 24
17885, 33
17886, 19
17887, 24
17888, 14
17889, 22
17890, 28
17891, 18
17892, 22
17893, 18
17894, 26
17895, 22
17896, 17
17897, 28
17898, 22
17899, 23
17900, 22
17901, 32
17902, 25
17903, 24
17904, 20
17905, 15
17906, 20
17907, 20
17908, 14
17909, 27
17910, 21
17911, 19
17912, 27
17913, 26
17914, 22
17915, 27
17916, 15
17917, 29
17918, 27
17919, 25
17920, 22
17921, 28
17922, 30
17923, 25
17924, 18
17925, 21
17926, 21
17927, 21
17928, 17
17929, 17
17930, 21
17931, 17
17932, 18
17933, 20
17934, 22
17935, 23
17936, 19
17937, 22
17938, 18
17939, 21
17940, 21
17941, 20
17942, 14
17943, 26
17944, 24
17945, 30
17946, 20
17947, 23
17948, 20
17949, 30
17950, 21
17951, 21
17952, 17
17953, 23
17954, 25
17955, 24
17956, 29
17957, 20
17958, 22
17959, 28
17960, 29
17961, 23
17962, 21
17963, 19
17964, 25
17965, 19
17966, 25
17967, 20
17968, 23
17969, 23
17970, 19
17971, 27
17972, 22
17973, 24
17974, 23
17975, 21
17976, 23
17977, 27
17978, 22
17979, 26
17980, 25
17981, 22
17982, 29
17983, 22
17984, 17
17985, 18
17986, 23
17987, 26
17988, 30
17989, 26
17990, 27
17991, 19
17992, 16
17993, 22
17994, 29
17995, 23
17996, 23
17997, 20
17998, 17
17999, 23
18000, 27
18001, 37
18002, 13
18003, 29
18004, 24
18005, 16
18006, 15
18007, 19
18008, 22
18009, 21
18010, 25
18011, 26
18012, 26
18013, 19
18014, 22
18015, 33
18016, 27
18017, 24
18018, 25
18019, 20
18020, 18
18021, 27
18022, 29
18023, 21
18024, 26
18025, 22
18026, 27
18027, 16
18028, 26
18029, 24
18030, 23
18031, 30
18032, 26
18033, 22
18034, 21
18035, 25
18036, 28
18037, 24
18038, 23
18039, 25
18040, 28
18041, 23
18042, 17
18043, 16
18044, 23
18045, 31
18046, 25
18047, 24
18048, 26
18049, 29
18050, 25
18051, 18
18052, 19
18053, 20
18054, 25
18055, 26
18056, 24
18057, 16
18058, 30
18059, 21
18060, 20
18061, 25
18062, 19
18063, 19
18064, 31
18065, 18
18066, 22
18067, 14
18068, 22
18069, 19
18070, 16
18071, 27
18072, 21
18073, 29
18074, 31
18075, 30
18076, 23
18077, 24
18078, 17
18079, 18
18080, 36
18081, 25
18082, 17
18083, 25
18084, 21
18085, 20
18086, 31
18087, 32
18088, 19
18089, 26
18090, 19
18091, 25
18092, 16
18093, 28
18094, 25
18095, 20
18096, 25
18097, 30
18098, 18
18099, 26
18100, 13
18101, 28
18102, 18
18103, 27
18104, 23
18105, 26
18106, 20
18107, 23
18108, 27
18109, 26
18110, 31
18111, 26
18112, 22
18113, 19
18114, 30
18115, 23
18116, 26
18117, 28
18118, 14
18119, 27
18120, 21
18121, 20
18122, 26
18123, 22
18124, 32
18125, 28
18126, 25
18127, 25
18128, 20
18129, 33
18130, 28
18131, 29
18132, 29
18133, 22
18134, 19
18135, 21
18136, 24
18137, 29
18138, 23
18139, 28
18140, 25
18141, 19
18142, 29
18143, 25
18144, 17
18145, 30
18146, 25
18147, 24
18148, 16
18149, 23
18150, 30
18151, 26
18152, 22
18153, 26
18154, 23
18155, 27
18156, 25
18157, 26
18158, 17
18159, 23
18160, 31
18161, 19
18162, 28
18163, 24
18164, 19
18165, 24
18166, 22
18167, 21
18168, 25
18169, 33
18170, 20
18171, 29
18172, 18
18173, 24
18174, 24
18175, 19
18176, 16
18177, 35
18178, 17
18179, 17
18180, 27
18181, 31
18182, 31
18183, 27
18184, 18
18185, 22
18186, 32
18187, 26
18188, 25
18189, 25
18190, 32
18191, 23
18192, 24
18193, 21
18194, 21
18195, 26
18196, 33
18197, 27
18198, 21
18199, 27
18200, 17
18201, 19
18202, 25
18203, 34
18204, 23
18205, 22
18206, 22
18207, 28
18208, 21
18209, 24
18210, 26
18211, 28
18212, 16
18213, 16
18214, 20
18215, 27
18216, 27
18217, 30
18218, 27
18219, 31
18220, 28
18221, 25
18222, 24
18223, 15
18224, 22
18225, 23
18226, 29
18227, 18
18228, 25
18229, 22
18230, 34
18231, 18
18232, 18
18233, 24
18234, 18
18235, 24
18236, 26
18237, 24
18238, 21
18239, 14
18240, 20
18241, 16
18242, 23
18243, 23
18244, 16
18245, 24
18246, 23
18247, 20
18248, 26
18249, 30
18250, 26
18251, 13
18252, 18
18253, 24
18254, 24
18255, 25
18256, 24
18257, 29
18258, 22
18259, 19
18260, 21
18261, 27
18262, 20
18263, 30
18264, 29
18265, 15
18266, 30
18267, 22
18268, 22
18269, 27
18270, 20
18271, 36
18272, 27
18273, 25
18274, 29
18275, 32
18276, 22
18277, 29
18278, 15
18279, 28
18280, 21
18281, 25
18282, 31
18283, 24
18284, 27
18285, 26
18286, 29
18287, 27
18288, 25
18289, 29
18290, 21
18291, 19
18292, 24
18293, 17
18294, 15
18295, 27
18296, 33
18297, 14
18298, 29
18299, 21
18300, 22
18301, 33
18302, 25
18303, 24
18304, 29
18305, 22
18306, 21
18307, 36
18308, 26
18309, 25
18310, 21
18311, 22
18312, 27
18313, 30
18314, 18
18315, 32
18316, 12
18317, 29
18318, 22
18319, 21
18320, 21
18321, 27
18322, 20
18323, 22
18324, 20
18325, 27
18326, 15
18327, 18
18328, 27
18329, 35
18330, 19
18331, 15
18332, 19
18333, 19
18334, 30
18335, 21
18336, 26
18337, 19
18338, 23
18339, 27
18340, 22
18341, 17
18342, 21
18343, 32
18344, 23
18345, 24
18346, 24
18347, 31
18348, 20
18349, 22
18350, 27
18351, 27
18352, 22
18353, 23
18354, 20
18355, 23
18356, 26
18357, 18
18358, 31
18359, 32
18360, 29
18361, 35
18362, 19
18363, 29
18364, 21
18365, 29
18366, 29
18367, 32
18368, 23
18369, 31
18370, 25
18371, 29
18372, 14
18373, 23
18374, 22
18375, 20
18376, 21
18377, 28
18378, 29
18379, 25
18380, 23
18381, 24
18382, 28
18383, 21
18384, 23
18385, 14
18386, 25
18387, 27
18388, 24
18389, 27
18390, 27
18391, 22
18392, 24
18393, 30
18394, 23
18395, 32
18396, 24
18397, 22
18398, 22
18399, 30
18400, 27
18401, 19
18402, 18
18403, 31
18404, 19
18405, 27
18406, 34
18407, 26
18408, 20
18409, 19
18410, 22
18411, 25
18412, 22
18413, 25
18414, 15
18415, 22
18416, 29
18417, 23
18418, 24
18419, 25
18420, 27
18421, 21
18422, 21
18423, 27
18424, 20
18425, 23
18426, 22
18427, 25
18428, 26
18429, 20
18430, 23
18431, 22
18432, 19
18433, 22
18434, 16
18435, 24
18436, 21
18437, 21
18438, 29
18439, 34
18440, 15
18441, 26
18442, 26
18443, 28
18444, 17
18445, 19
18446, 15
18447, 21
18448, 23
18449, 26
18450, 34
18451, 28
18452, 33
18453, 23
18454, 17
18455, 23
18456, 19
18457, 29
18458, 30
18459, 26
18460, 21
18461, 21
18462, 30
18463, 14
18464, 24
18465, 21
18466, 18
18467, 31
18468, 25
18469, 21
18470, 20
18471, 26
18472, 21
18473, 25
18474, 15
18475, 22
18476, 18
18477, 26
18478, 17
18479, 25
18480, 24
18481, 23
18482, 26
18483, 22
18484, 25
18485, 19
18486, 14
18487, 22
18488, 10
18489, 30
18490, 24
18491, 23
18492, 24
18493, 22
18494, 17
18495, 21
18496, 18
18497, 21
18498, 15
18499, 20
18500, 15
18501, 18
18502, 19
18503, 21
18504, 27
18505, 28
18506, 24
18507, 16
18508, 31
18509, 26
18510, 21
18511, 17
18512, 32
18513, 20
18514, 15
18515, 19
18516, 17
18517, 24
18518, 22
18519, 22
18520, 23
18521, 19
18522, 21
18523, 20
18524, 24
18525, 14
18526, 15
18527, 19
18528, 25
18529, 26
18530, 24
18531, 33
18532, 24
18533, 30
18534, 27
18535, 25
18536, 22
18537, 18
18538, 14
18539, 25
18540, 18
18541, 28
18542, 26
18543, 13
18544, 21
18545, 30
18546, 20
18547, 19
18548, 20
18549, 14
18550, 21
18551, 24
18552, 23
18553, 24
18554, 26
18555, 15
18556, 24
18557, 31
18558, 30
18559, 29
18560, 23
18561, 24
18562, 20
18563, 25
18564, 25
18565, 21
18566, 20
18567, 28
18568, 20
18569, 24
18570, 12
18571, 23
18572, 22
18573, 19
18574, 25
18575, 12
18576, 24
18577, 22
18578, 25
18579, 16
18580, 22
18581, 22
18582, 28
18583, 23
18584, 25
18585, 20
18586, 19
18587, 23
18588, 19
18589, 24
18590, 13
18591, 15
18592, 24
18593, 22
18594, 32
18595, 16
18596, 26
18597, 23
18598, 25
18599, 27
18600, 28
18601, 21
18602, 25
18603, 18
18604, 17
18605, 20
18606, 28
18607, 23
18608, 18
18609, 14
18610, 12
18611, 16
18612, 17
18613, 21
18614, 25
18615, 18
18616, 14
18617, 25
18618, 28
18619, 17
18620, 17
18621, 21
18622, 20
18623, 19
18624, 18
18625, 14
18626, 17
18627, 24
18628, 23
18629, 22
18630, 25
18631, 19
18632, 18
18633, 13
18634, 20
18635, 14
18636, 28
18637, 18
18638, 19
18639, 22
18640, 15
18641, 25
18642, 25
18643, 27
18644, 22
18645, 19
18646, 22
18647, 10
18648, 22
18649, 14
18650, 18
18651, 19
18652, 27
18653, 17
18654, 20
18655, 22
18656, 23
18657, 15
18658, 16
18659, 20
18660, 23
18661, 23
18662, 26
18663, 16
18664, 29
18665, 15
18666, 31
18667, 22
18668, 17
18669, 15
18670, 14
18671, 25
18672, 16
18673, 29
18674, 26
18675, 21
18676, 14
18677, 19
18678, 21
18679, 26
18680, 27
18681, 21
18682, 15
18683, 23
18684, 22
18685, 16
18686, 27
18687, 27
18688, 20
18689, 19
18690, 11
18691, 16
18692, 29
18693, 13
18694, 30
18695, 23
18696, 14
18697, 22
18698, 16
18699, 20
18700, 31
18701, 14
18702, 18
18703, 11
18704, 28
18705, 19
18706, 25
18707, 18
18708, 16
18709, 16
18710, 16
18711, 17
18712, 22
18713, 27
18714, 24
18715, 14
18716, 23
18717, 18
18718, 22
18719, 19
18720, 23
18721, 17
18722, 22
18723, 21
18724, 23
18725, 20
18726, 24
18727, 20
18728, 20
18729, 20
18730, 25
18731, 18
18732, 22
18733, 15
18734, 23
18735, 19
18736, 25
18737, 17
18738, 15
18739, 17
18740, 18
18741, 15
18742, 15
18743, 11
18744, 18
18745, 15
18746, 18
18747, 23
18748, 22
18749, 19
18750, 20
18751, 18
18752, 20
18753, 14
18754, 25
18755, 15
18756, 23
18757, 21
18758, 22
18759, 22
18760, 23
18761, 25
18762, 16
18763, 14
18764, 20
18765, 18
18766, 13
18767, 27
18768, 17
18769, 19
18770, 22
18771, 16
18772, 22
18773, 16
18774, 18
18775, 16
18776, 22
18777, 17
18778, 29
18779, 20
18780, 13
18781, 25
18782, 22
18783, 20
18784, 16
18785, 18
18786, 14
18787, 21
18788, 14
18789, 21
18790, 15
18791, 16
18792, 24
18793, 23
18794, 25
18795, 28
18796, 16
18797, 21
18798, 30
18799, 31
18800, 10
18801, 23
18802, 15
18803, 18
18804, 18
18805, 21
18806, 21
18807, 17
18808, 22
18809, 29
18810, 20
18811, 22
18812, 16
18813, 19
18814, 23
18815, 23
18816, 12
18817, 19
18818, 17
18819, 16
18820, 19
18821, 21
18822, 20
18823, 21
18824, 25
18825, 25
18826, 23
18827, 25
18828, 25
18829, 14
18830, 18
18831, 14
18832, 21
18833, 19
18834, 19
18835, 20
18836, 22
18837, 19
18838, 18
18839, 19
18840, 15
18841, 16
18842, 14
18843, 21
18844, 19
18845, 16
18846, 26
18847, 16
18848, 15
18849, 18
18850, 12
18851, 27
18852, 20
18853, 16
18854, 15
18855, 16
18856, 12
18857, 18
18858, 19
18859, 15
18860, 18
18861, 15
18862, 20
18863, 15
18864, 20
18865, 19
18866, 21
18867, 20
18868, 21
18869, 16
18870, 16
18871, 15
18872, 27
18873, 16
18874, 20
18875, 14
18876, 19
18877, 15
18878, 20
18879, 18
18880, 25
18881, 15
18882, 13
18883, 20
18884, 16
18885, 17
18886, 29
18887, 15
18888, 13
18889, 18
18890, 16
18891, 22
18892, 19
18893, 13
18894, 19
18895, 25
18896, 16
18897, 11
18898, 15
18899, 16
18900, 15
18901, 19
18902, 22
18903, 16
18904, 24
18905, 21
18906, 23
18907, 17
18908, 15
18909, 22
18910, 20
18911, 16
18912, 16
18913, 24
18914, 21
18915, 11
18916, 21
18917, 17
18918, 23
18919, 22
18920, 21
18921, 19
18922, 20
18923, 9
18924, 13
18925, 17
18926, 18
18927, 9
18928, 10
18929, 20
18930, 20
18931, 15
18932, 18
18933, 14
18934, 15
18935, 16
18936, 17
18937, 13
18938, 17
18939, 23
18940, 17
18941, 16
18942, 21
18943, 23
18944, 22
18945, 21
18946, 19
18947, 17
18948, 21
18949, 18
18950, 14
18951, 14
18952, 24
18953, 15
18954, 22
18955, 19
18956, 29
18957, 25
18958, 20
18959, 19
18960, 19
18961, 19
18962, 18
18963, 21
18964, 18
18965, 26
18966, 19
18967, 15
18968, 19
18969, 14
18970, 20
18971, 21
18972, 18
18973, 17
18974, 12
18975, 20
18976, 19
18977, 15
18978, 17
18979, 14
18980, 23
18981, 11
18982, 13
18983, 19
18984, 19
18985, 18
18986, 12
18987, 15
18988, 16
18989, 17
18990, 19
18991, 22
18992, 18
18993, 13
18994, 17
18995, 21
18996, 14
18997, 17
18998, 19
18999, 13
19000, 18
19001, 21
19002, 16
19003, 16
19004, 16
19005, 11
19006, 21
19007, 18
19008, 10
19009, 16
19010, 12
19011, 18
19012, 13
19013, 22
19014, 14
19015, 12
19016, 22
19017, 14
19018, 16
19019, 16
19020, 9
19021, 21
19022, 18
19023, 25
19024, 9
19025, 14
19026, 16
19027, 15
19028, 15
19029, 18
19030, 14
19031, 16
19032, 14
19033, 12
19034, 13
19035, 29
19036, 20
19037, 16
19038, 13
19039, 14
19040, 15
19041, 25
19042, 17
19043, 20
19044, 21
19045, 22
19046, 15
19047, 13
19048, 19
19049, 21
19050, 29
19051, 15
19052, 16
19053, 21
19054, 16
19055, 12
19056, 8
19057, 22
19058, 13
19059, 10
19060, 21
19061, 13
19062, 13
19063, 17
19064, 17
19065, 19
19066, 15
19067, 21
19068, 14
19069, 16
19070, 13
19071, 16
19072, 19
19073, 19
19074, 16
19075, 13
19076, 19
19077, 28
19078, 9
19079, 17
19080, 15
19081, 18
19082, 14
19083, 9
19084, 14
19085, 19
19086, 15
19087, 16
19088, 10
19089, 16
19090, 17
19091, 12
19092, 14
19093, 13
19094, 11
19095, 19
19096, 16
19097, 9
19098, 12
19099, 17
19100, 23
19101, 10
19102, 12
19103, 16
19104, 20
19105, 7
19106, 12
19107, 18
19108, 14
19109, 22
19110, 16
19111, 16
19112, 13
19113, 13
19114, 18
19115, 16
19116, 18
19117, 7
19118, 15
19119, 21
19120, 11
19121, 16
19122, 20
19123, 15
19124, 14
19125, 13
19126, 14
19127, 18
19128, 14
19129, 15
19130, 21
19131, 11
19132, 18
19133, 12
19134, 15
19135, 16
19136, 25
19137, 14
19138, 18
19139, 16
19140, 16
19141, 17
19142, 22
19143, 14
19144, 16
19145, 11
19146, 14
19147, 12
19148, 17
19149, 17
19150, 16
19151, 17
19152, 10
19153, 7
19154, 13
19155, 6
19156, 25
19157, 12
19158, 13
19159, 10
19160, 9
19161, 13
19162, 23
19163, 14
19164, 14
19165, 21
19166, 17
19167, 15
19168, 18
19169, 16
19170, 9
19171, 11
19172, 10
19173, 14
19174, 15
19175, 11
19176, 15
19177, 21
19178, 8
19179, 8
19180, 22
19181, 14
19182, 13
19183, 8
19184, 19
19185, 17
19186, 9
19187, 16
19188, 14
19189, 24
19190, 10
19191, 9
19192, 19
19193, 12
19194, 11
19195, 13
19196, 14
19197, 11
19198, 12
19199, 13
19200, 18
19201, 10
19202, 15
19203, 11
19204, 13
19205, 18
19206, 11
19207, 14
19208, 16
19209, 8
19210, 13
19211, 24
19212, 10
19213, 14
19214, 20
19215, 13
19216, 8
19217, 21
19218, 13
19219, 15
19220, 19
19221, 7
19222, 11
19223, 11
19224, 18
19225, 17
19226, 22
19227, 11
19228, 13
19229, 16
19230, 12
19231, 13
19232, 9
19233, 16
19234, 10
19235, 12
19236, 22
19237, 16
19238, 20
19239, 15
19240, 12
19241, 23
19242, 15
19243, 16
19244, 16
19245, 13
19246, 9
19247, 11
19248, 18
19249, 13
19250, 21
19251, 16
19252, 11
19253, 10
19254, 8
19255, 8
19256, 11
19257, 15
19258, 12
19259, 7
19260, 15
19261, 15
19262, 17
19263, 13
19264, 15
19265, 14
19266, 13
19267, 15
19268, 15
19269, 19
19270, 16
19271, 13
19272, 10
19273, 17
19274, 14
19275, 10
19276, 11
19277, 13
19278, 12
19279, 13
19280, 13
19281, 17
19282, 16
19283, 15
19284, 14
19285, 14
19286, 17
19287, 10
19288, 8
19289, 8
19290, 18
19291, 10
19292, 13
19293, 16
19294, 10
19295, 14
19296, 11
19297, 15
19298, 16
19299, 13
19300, 13
19301, 20
19302, 18
19303, 18
19304, 13
19305, 13
19306, 14
19307, 17
19308, 20
19309, 11
19310, 13
19311, 8
19312, 16
19313, 11
19314, 13
19315, 14
19316, 11
19317, 9
19318, 13
19319, 16
19320, 13
19321, 10
19322, 9
19323, 16
19324, 13
19325, 20
19326, 15
19327, 14
19328, 11
19329, 14
19330, 14
19331, 8
19332, 14
19333, 7
19334, 9
19335, 16
19336, 13
19337, 14
19338, 11
19339, 15
19340, 11
19341, 7
19342, 12
19343, 9
19344, 7
19345, 24
19346, 21
19347, 17
19348, 9
19349, 6
19350, 25
19351, 12
19352, 7
19353, 12
19354, 10
19355, 8
19356, 15
19357, 12
19358, 10
19359, 13
19360, 20
19361, 13
19362, 13
19363, 14
19364, 15
19365, 9
19366, 13
19367, 13
19368, 14
19369, 10
19370, 10
19371, 12
19372, 18
19373, 6
19374, 12
19375, 13
19376, 9
19377, 12
19378, 12
19379, 13
19380, 14
19381, 8
19382, 7
19383, 10
19384, 13
19385, 9
19386, 10
19387, 13
19388, 11
19389, 14
19390, 15
19391, 12
19392, 16
19393, 14
19394, 12
19395, 8
19396, 14
19397, 20
19398, 14
19399, 10
19400, 9
19401, 12
19402, 15
19403, 10
19404, 13
19405, 15
19406, 13
19407, 16
19408, 15
19409, 5
19410, 13
19411, 14
19412, 13
19413, 15
19414, 15
19415, 13
19416, 12
19417, 10
19418, 12
19419, 15
19420, 18
19421, 7
19422, 7
19423, 11
19424, 9
19425, 12
19426, 9
19427, 7
19428, 19
19429, 10
19430, 10
19431, 13
19432, 12
19433, 13
19434, 11
19435, 12
19436, 12
19437, 15
19438, 14
19439, 13
19440, 16
19441, 13
19442, 7
19443, 17
19444, 9
19445, 13
19446, 7
19447, 14
19448, 13
19449, 8
19450, 13
19451, 13
19452, 7
19453, 15
19454, 17
19455, 5
19456, 11
19457, 8
19458, 9
19459, 8
19460, 14
19461, 15
19462, 21
19463, 17
19464, 13
19465, 9
19466, 15
19467, 10
19468, 10
19469, 9
19470, 9
19471, 11
19472, 6
19473, 17
19474, 10
19475, 11
19476, 11
19477, 17
19478, 10
19479, 13
19480, 13
19481, 13
19482, 14
19483, 10
19484, 12
19485, 15
19486, 9
19487, 12
19488, 9
19489, 10
19490, 10
19491, 16
19492, 16
19493, 16
19494, 17
19495, 11
19496, 6
19497, 22
19498, 16
19499, 13
19500, 12
19501, 13
19502, 7
19503, 6
19504, 10
19505, 11
19506, 6
19507, 11
19508, 15
19509, 12
19510, 8
19511, 8
19512, 18
19513, 11
19514, 10
19515, 9
19516, 14
19517, 10
19518, 14
19519, 11
19520, 11
19521, 9
19522, 8
19523, 11
19524, 11
19525, 8
19526, 10
19527, 14
19528, 18
19529, 7
19530, 13
19531, 11
19532, 5
19533, 8
19534, 13
19535, 11
19536, 7
19537, 10
19538, 9
19539, 11
19540, 10
19541, 5
19542, 7
19543, 9
19544, 10
19545, 11
19546, 15
19547, 10
19548, 9
19549, 12
19550, 18
19551, 8
19552, 16
19553, 9
19554, 5
19555, 9
19556, 19
19557, 10
19558, 14
19559, 3
19560, 8
19561, 11
19562, 12
19563, 13
19564, 4
19565, 13
19566, 10
19567, 11
19568, 11
19569, 13
19570, 18
19571, 8
19572, 9
19573, 7
19574, 7
19575, 12
19576, 11
19577, 5
19578, 14
19579, 21
19580, 9
19581, 6
19582, 7
19583, 9
19584, 9
19585, 17
19586, 10
19587, 6
19588, 15
19589, 9
19590, 15
19591, 7
19592, 10
19593, 12
19594, 7
19595, 17
19596, 5
19597, 9
19598, 9
19599, 8
19600, 10
19601, 14
19602, 7
19603, 16
19604, 13
19605, 16
19606, 6
19607, 11
19608, 13
19609, 11
19610, 13
19611, 5
19612, 11
19613, 10
19614, 8
19615, 7
19616, 10
19617, 7
19618, 12
19619, 10
19620, 9
19621, 6
19622, 12
19623, 13
19624, 13
19625, 12
19626, 9
19627, 21
19628, 16
19629, 20
19630, 12
19631, 6
19632, 14
19633, 7
19634, 10
19635, 17
19636, 10
19637, 7
19638, 19
19639, 12
19640, 15
19641, 20
19642, 11
19643, 9
19644, 9
19645, 9
19646, 14
19647, 15
19648, 15
19649, 10
19650, 10
19651, 8
19652, 12
19653, 10
19654, 13
19655, 10
19656, 10
19657, 8
19658, 6
19659, 10
19660, 7
19661, 9
19662, 11
19663, 11
19664, 13
19665, 6
19666, 8
19667, 13
19668, 9
19669, 9
19670, 4
19671, 13
19672, 15
19673, 8
19674, 11
19675, 13
19676, 12
19677, 8
19678, 10
19679, 12
19680, 6
19681, 10
19682, 14
19683, 13
19684, 10
19685, 8
19686, 14
19687, 8
19688, 13
19689, 11
19690, 9
19691, 5
19692, 11
19693, 8
19694, 6
19695, 8
19696, 12
19697, 12
19698, 12
19699, 6
19700, 10
19701, 11
19702, 9
19703, 8
19704, 9
19705, 14
19706, 7
19707, 14
19708, 8
19709, 7
19710, 11
19711, 7
19712, 8
19713, 7
19714, 11
19715, 11
19716, 10
19717, 12
19718, 12
19719, 11
19720, 14
19721, 11
19722, 9
19723, 8
19724, 14
19725, 11
19726, 9
19727, 15
19728, 7
19729, 5
19730, 6
19731, 10
19732, 10
19733, 15
19734, 14
19735, 14
19736, 12
19737, 9
19738, 12
19739, 10
19740, 10
19741, 8
19742, 12
19743, 5
19744, 7
19745, 5
19746, 9
19747, 12
19748, 12
19749, 6
19750, 16
19751, 6
19752, 9
19753, 15
19754, 12
19755, 17
19756, 6
19757, 19
19758, 13
19759, 12
19760, 13
19761, 16
19762, 9
19763, 10
19764, 11
19765, 13
19766, 7
19767, 9
19768, 15
19769, 4
19770, 11
19771, 10
19772, 8
19773, 18
19774, 16
19775, 10
19776, 14
19777, 5
19778, 9
19779, 11
19780, 7
19781, 9
19782, 8
19783, 14
19784, 10
19785, 11
19786, 13
19787, 12
19788, 7
19789, 9
19790, 5
19791, 11
19792, 12
19793, 11
19794, 8
19795, 11
19796, 11
19797, 7
19798, 14
19799, 10
19800, 8
19801, 8
19802, 11
19803, 14
19804, 5
19805, 11
19806, 10
19807, 11
19808, 7
19809, 13
19810, 11
19811, 13
19812, 11
19813, 18
19814, 8
19815, 6
19816, 7
19817, 6
19818, 12
19819, 14
19820, 10
19821, 6
19822, 10
19823, 8
19824, 15
19825, 13
19826, 8
19827, 10
19828, 5
19829, 14
19830, 9
19831, 15
19832, 11
19833, 13
19834, 6
19835, 8
19836, 8
19837, 9
19838, 8
19839, 11
19840, 16
19841, 8
19842, 12
19843, 8
19844, 10
19845, 10
19846, 12
19847, 9
19848, 12
19849, 13
19850, 10
19851, 12
19852, 11
19853, 11
19854, 11
19855, 8
19856, 5
19857, 20
19858, 8
19859, 9
19860, 15
19861, 12
19862, 14
19863, 6
19864, 9
19865, 15
19866, 10
19867, 6
19868, 14
19869, 8
19870, 8
19871, 11
19872, 8
19873, 10
19874, 10
19875, 10
19876, 12
19877, 10
19878, 10
19879, 15
19880, 11
19881, 6
19882, 8
19883, 8
19884, 9
19885, 12
19886, 7
19887, 10
19888, 10
19889, 7
19890, 7
19891, 11
19892, 12
19893, 11
19894, 7
19895, 8
19896, 13
19897, 6
19898, 13
19899, 7
19900, 7
19901, 10
19902, 12
19903, 12
19904, 10
19905, 8
19906, 10
19907, 10
19908, 7
19909, 14
19910, 14
19911, 7
19912, 4
19913, 11
19914, 9
19915, 8
19916, 11
19917, 7
19918, 14
19919, 12
19920, 14
19921, 13
19922, 14
19923, 12
19924, 11
19925, 7
19926, 13
19927, 14
19928, 13
19929, 10
19930, 8
19931, 14
19932, 9
19933, 8
19934, 16
19935, 12
19936, 6
19937, 10
19938, 7
19939, 7
19940, 6
19941, 12
19942, 7
19943, 13
19944, 14
19945, 16
19946, 14
19947, 11
19948, 10
19949, 12
19950, 8
19951, 9
19952, 9
19953, 12
19954, 14
19955, 9
19956, 10
19957, 6
19958, 8
19959, 6
19960, 12
19961, 12
19962, 8
19963, 9
19964, 13
19965, 14
19966, 16
19967, 7
19968, 3
19969, 14
19970, 9
19971, 8
19972, 5
19973, 9
19974, 7
19975, 7
19976, 10
19977, 14
19978, 3
19979, 8
19980, 13
19981, 11
19982, 9
19983, 16
19984, 13
19985, 17
19986, 10
19987, 15
19988, 11
19989, 12
19990, 12
19991, 18
19992, 9
19993, 7
19994, 11
19995, 16
19996, 14
19997, 12
19998, 6
19999, 10
20000, 7
20001, 10
20002, 12
20003, 11
20004, 8
20005, 17
20006, 12
20007, 8
20008, 12
20009, 18
20010, 14
20011, 8
20012, 10
20013, 11
20014, 6
20015, 6
20016, 17
20017, 5
20018, 8
20019, 14
20020, 8
20021, 13
20022, 8
20023, 5
20024, 7
20025, 4
20026, 13
20027, 5
20028, 12
20029, 16
20030, 12
20031, 8
20032, 13
20033, 12
20034, 11
20035, 8
20036, 7
20037, 12
20038, 5
20039, 13
20040, 9
20041, 12
20042, 7
20043, 10
20044, 12
20045, 10
20046, 12
20047, 11
20048, 12
20049, 6
20050, 6
20051, 8
20052, 7
20053, 5
20054, 4
20055, 11
20056, 7
20057, 6
20058, 10
20059, 10
20060, 7
20061, 8
20062, 14
20063, 7
20064, 5
20065, 10
20066, 7
20067, 5
20068, 13
20069, 5
20070, 5
20071, 7
20072, 12
20073, 13
20074, 14
20075, 8
20076, 12
20077, 9
20078, 9
20079, 8
20080, 14
20081, 11
20082, 11
20083, 7
20084, 5
20085, 11
20086, 5
20087, 3
20088, 10
20089, 12
20090, 9
20091, 13
20092, 7
20093, 11
20094, 8
20095, 4
20096, 10
20097, 7
20098, 7
20099, 7
20100, 13
20101, 12
20102, 8
20103, 11
20104, 11
20105, 7
20106, 8
20107, 9
20108, 11
20109, 3
20110, 7
20111, 13
20112, 15
20113, 10
20114, 12
20115, 13
20116, 6
20117, 13
20118, 3
20119, 6
20120, 12
20121, 6
20122, 13
20123, 9
20124, 15
20125, 14
20126, 11
20127, 7
20128, 10
20129, 12
20130, 4
20131, 10
20132, 13
20133, 5
20134, 8
20135, 7
20136, 5
20137, 7
20138, 5
20139, 7
20140, 11
20141, 11
20142, 4
20143, 6
20144, 7
20145, 7
20146, 13
20147, 13
20148, 12
20149, 13
20150, 2
20151, 9
20152, 3
20153, 3
20154, 14
20155, 8
20156, 9
20157, 6
20158, 7
20159, 8
20160, 7
20161, 11
20162, 10
20163, 7
20164, 9
20165, 5
20166, 6
20167, 9
20168, 4
20169, 5
20170, 6
20171, 7
20172, 4
20173, 8
20174, 9
20175, 11
20176, 9
20177, 8
20178, 12
20179, 5
20180, 9
20181, 14
20182, 5
20183, 10
20184, 15
20185, 9
20186, 7
20187, 13
20188, 13
20189, 8
20190, 8
20191, 8
20192, 7
20193, 9
20194, 7
20195, 4
20196, 7
20197, 5
20198, 6
20199, 6
20200, 17
20201, 7
20202, 10
20203, 10
20204, 8
20205, 3
20206, 8
20207, 5
20208, 9
20209, 12
20210, 8
20211, 4
20212, 12
20213, 9
20214, 12
20215, 6
20216, 10
20217, 6
20218, 7
20219, 13
20220, 4
20221, 9
20222, 14
20223, 1
20224, 1
20225, 9
20226, 4
20227, 8
20228, 5
20229, 9
20230, 9
20231, 2
20232, 9
20233, 11
20234, 7
20235, 12
20236, 3
20237, 4
20238, 6
20239, 6
20240, 9
20241, 8
20242, 7
20243, 4
20244, 10
20245, 6
20246, 7
20247, 4
20248, 7
20249, 8
20250, 6
20251, 8
20252, 8
20253, 7
20254, 3
20255, 5
20256, 4
20257, 11
20258, 6
20259, 16
20260, 6
20261, 7
20262, 7
20263, 13
20264, 7
20265, 7
20266, 6
20267, 10
20268, 9
20269, 5
20270, 4
20271, 7
20272, 4
20273, 9
20274, 10
20275, 6
20276, 6
20277, 6
20278, 3
20279, 9
20280, 4
20281, 8
20282, 7
20283, 14
20284, 3
20285, 13
20286, 4
20287, 8
20288, 4
20289, 6
20290, 8
20291, 17
20292, 9
20293, 4
20294, 8
20295, 4
20296, 8
20297, 8
20298, 6
20299, 4
20300, 6
20301, 9
20302, 4
20303, 7
20304, 3
20305, 3
20306, 4
20307, 5
20308, 5
20309, 10
20310, 9
20311, 10
20312, 8
20313, 9
20314, 8
20315, 3
20316, 4
20317, 7
20318, 5
20319, 10
20320, 6
20321, 8
20322, 12
20323, 9
20324, 9
20325, 12
20326, 6
20327, 11
20328, 4
20329, 8
20330, 11
20331, 7
20332, 6
20333, 9
20334, 6
20335, 7
20336, 5
20337, 8
20338, 5
20339, 6
20340, 6
20341, 3
20342, 6
20343, 7
20344, 4
20345, 8
20346, 4
20347, 8
20348, 5
20349, 8
20350, 8
20351, 10
20352, 9
20353, 4
20354, 6
20355, 3
20356, 7
20357, 9
20358, 2
20359, 4
20360, 7
20361, 3
20362, 9
20363, 7
20364, 7
20365, 8
20366, 5
20367, 7
20368, 4
20369, 5
20370, 9
20371, 4
20372, 6
20373, 4
20374, 5
20375, 7
20376, 5
20377, 2
20378, 6
20379, 3
20380, 9
20381, 6
20382, 8
20383, 5
20384, 6
20385, 7
20386, 9
20387, 8
20388, 4
20389, 7
20390, 7
20391, 5
20392, 5
20393, 8
20394, 6
20395, 7
20396, 7
20397, 9
20398, 2
20399, 5
20400, 4
20401, 3
20402, 1
20403, 4
20404, 13
20405, 3
20406, 4
20407, 6
20408, 4
20409, 12
20410, 6
20411, 5
20412, 6
20413, 8
20414, 7
20415, 7
20416, 3
20417, 5
20418, 12
20419, 8
20420, 4
20421, 6
20422, 6
20423, 3
20424, 2
20425, 6
20426, 6
20427, 1
20428, 6
20429, 6
20430, 10
20431, 9
20432, 4
20433, 11
20434, 3
20435, 1
20436, 10
20437, 10
20438, 6
20439, 7
20440, 5
20441, 4
20442, 7
20443, 6
20444, 5
20445, 4
20446, 13
20447, 7
20448, 5
20449, 4
20450, 3
20451, 3
20452, 6
20453, 8
20454, 5
20455, 4
20456, 8
20457, 6
20458, 3
20459, 7
20460, 7
20461, 4
20462, 8
20463, 4
20464, 7
20465, 6
20466, 9
20467, 3
20468, 7
20469, 5
20470, 5
20471, 9
20472, 3
20473, 5
20474, 9
20475, 6
20476, 8
20477, 3
20478, 10
20479, 2
20480, 3
20481, 8
20482, 4
20483, 5
20484, 5
20485, 5
20486, 11
20487, 2
20488, 5
20489, 6
20490, 2
20491, 7
20492, 12
20493, 5
20494, 8
20495, 7
20496, 4
20497, 5
20498, 6
20499, 2
20500, 6
20501, 5
20502, 5
20503, 9
20504, 7
20505, 5
20506, 8
20507, 8
20508, 4
20509, 12
20510, 8
20511, 4
20512, 3
20513, 6
20514, 10
20515, 6
20516, 10
20517, 7
20518, 6
20519, 10
20520, 4
20521, 8
20522, 7
20523, 9
20524, 2
20525, 6
20526, 3
20527, 3
20528, 7
20529, 5
20530, 5
20531, 5
20532, 7
20533, 5
20534, 3
20535, 7
20536, 4
20537, 4
20538, 4
20539, 9
20540, 3
20541, 9
20542, 5
20543, 9
20544, 3
20545, 10
20546, 6
20547, 3
20548, 10
20549, 7
20550, 6
20551, 5
20552, 11
20553, 12
20554, 4
20555, 8
20556, 6
20557, 4
20558, 9
20559, 1
20560, 7
20561, 9
20562, 4
20563, 9
20564, 3
20565, 6
20566, 4
20567, 6
20568, 3
20569, 6
20570, 4
20571, 9
20572, 1
20573, 4
20574, 6
20575, 4
20576, 5
20577, 2
20578, 5
20579, 4
20580, 4
20581, 6
20582, 3
20583, 3
20584, 4
20585, 7
20586, 4
20587, 5
20588, 3
20589, 5
20590, 5
20591, 5
20592, 8
20593, 5
20594, 6
20595, 7
20596, 6
20597, 7
20598, 2
20599, 4
20600, 5
20601, 5
20602, 10
20603, 4
20604, 5
20605, 9
20606, 6
20607, 5
20608, 2
20609, 1
20610, 6
20611, 7
20612, 6
20613, 10
20614, 4
20615, 3
20616, 4
20617, 5
20618, 5
20619, 6
20620, 5
20621, 9
20622, 6
20623, 4
20624, 6
20625, 5
20626, 7
20627, 10
20628, 11
20629, 3
20630, 7
20631, 5
20632, 3
20633, 11
20634, 5
20635, 1
20636, 4
20637, 6
20638, 5
20639, 5
20640, 8
20641, 3
20642, 6
20643, 5
20644, 6
20645, 3
20646, 3
20647, 5
20648, 5
20649, 7
20650, 6
20651, 3
20652, 3
20653, 8
20654, 5
20655, 5
20656, 3
20657, 5
20658, 5
20659, 3
20660, 8
20661, 3
20662, 2
20663, 7
20664, 4
20665, 3
20666, 6
20667, 7
20668, 4
20669, 5
20670, 4
20671, 9
20672, 5
20673, 8
20674, 6
20675, 7
20676, 4
20677, 3
20678, 9
20679, 7
20680, 4
20681, 4
20682, 4
20683, 4
20684, 7
20685, 2
20686, 5
20687, 7
20688, 5
20689, 3
20690, 2
20691, 4
20692, 5
20693, 7
20694, 7
20695, 5
20696, 1
20697, 4
20699, 6
20700, 5
20701, 5
20702, 6
20703, 3
20704, 7
20705, 6
20706, 2
20707, 2
20708, 2
20709, 2
20710, 3
20711, 4
20712, 3
20713, 9
20714, 4
20715, 6
20716, 3
20717, 4
20718, 6
20719, 3
20720, 8
20721, 2
20722, 4
20723, 7
20724, 6
20725, 4
20726, 4
20727, 5
20728, 6
20729, 2
20730, 10
20731, 4
20732, 6
20733, 1
20734, 3
20735, 2
20736, 3
20737, 2
20738, 5
20739, 4
20740, 4
20742, 8
20743, 2
20744, 5
20745, 3
20746, 2
20747, 4
20748, 1
20749, 7
20750, 5
20751, 3
20752, 6
20753, 2
20754, 4
20755, 3
20756, 6
20757, 6
20758, 3
20759, 2
20760, 7
20761, 10
20762, 4
20763, 2
20764, 8
20765, 4
20766, 2
20767, 4
20768, 4
20769, 2
20770, 3
20771, 2
20772, 6
20773, 7
20774, 6
20775, 5
20776, 2
20777, 5
20779, 5
20780, 4
20781, 5
20782, 1
20783, 3
20784, 5
20785, 4
20786, 6
20787, 5
20788, 5
20789, 3
20790, 6
20791, 8
20792, 5
20793, 4
20794, 2
20795, 6
20796, 6
20797, 5
20798, 12
20799, 3
20800, 1
20801, 2
20802, 3
20803, 6
20804, 6
20805, 3
20806, 8
20807, 5
20808, 8
20809, 6
20810, 6
20811, 3
20812, 8
20813, 4
20814, 3
20815, 5
20816, 2
20817, 3
20818, 2
20819, 4
20820, 1
20821, 8
20822, 1
20823, 6
20824, 6
20825, 6
20826, 2
20827, 4
20828, 3
20829, 3
20830, 4
20831, 5
20832, 5
20833, 5
20834, 2
20835, 4
20836, 3
20837, 5
20838, 2
20839, 3
20840, 5
20841, 2
20842, 2
20843, 5
20844, 7
20845, 4
20846, 4
20847, 3
20848, 2
20849, 3
20850, 2
20851, 4
20852, 1
20853, 1
20854, 1
20855, 3
20856, 3
20857, 3
20858, 5
20859, 4
20860, 4
20861, 3
20862, 4
20863, 3
20864, 12
20865, 1
20866, 3
20867, 4
20868, 10
20869, 6
20870, 7
20871, 3
20872, 8
20873, 2
20874, 4
20875, 2
20876, 3
20877, 2
20878, 5
20879, 5
20880, 1
20881, 3
20882, 3
20883, 5
20884, 3
20885, 1
20886, 5
20887, 2
20888, 5
20889, 3
20890, 2
20891, 4
20892, 3
20893, 4
20894, 1
20895, 3
20896, 3
20897, 4
20898, 4
20899, 5
20900, 3
20901, 7
20902, 4
20903, 1
20904, 3
20905, 11
20906, 2
20907, 2
20908, 3
20909, 5
20911, 7
20913, 7
20914, 6
20915, 5
20917, 7
20918, 6
20919, 3
20920, 3
20921, 3
20922, 2
20923, 4
20924, 5
20925, 5
20926, 2
20927, 3
20928, 7
20929, 4
20930, 4
20931, 1
20932, 4
20933, 3
20934, 2
20935, 6
20936, 3
20937, 3
20939, 5
20940, 2
20941, 6
20942, 5
20943, 5
20944, 5
20945, 3
20946, 2
20947, 6
20948, 5
20949, 2
20950, 4
20951, 7
20952, 2
20953, 2
20954, 5
20955, 3
20956, 3
20957, 3
20958, 3
20959, 3
20960, 3
20961, 2
20962, 7
20963, 3
20964, 3
20965, 5
20966, 7
20967, 5
20968, 6
20969, 4
20970, 3
20971, 3
20972, 3
20973, 2
20974, 10
20975, 5
20976, 3
20977, 1
20978, 3
20979, 4
20980, 4
20981, 3
20982, 2
20983, 4
20984, 9
20985, 2
20986, 7
20987, 7
20988, 1
20989, 3
20990, 1
20991, 3
20992, 2
20993, 4
20994, 8
20995, 2
20996, 3
20997, 2
20998, 3
20999, 1
21000, 4
21001, 4
21002, 3
21003, 3
21004, 3
21005, 5
21006, 6
21007, 3
21008, 7
21009, 3
21010, 2
21011, 6
21012, 3
21013, 6
21014, 7
21015, 4
21016, 3
21017, 3
21018, 4
21019, 2
21020, 4
21021, 7
21022, 1
21023, 3
21024, 2
21025, 3
21026, 5
21027, 9
21028, 3
21029, 3
21030, 5
21032, 3
21033, 4
21034, 6
21035, 7
21036, 4
21037, 5
21038, 5
21040, 2
21041, 5
21042, 4
21043, 3
21044, 3
21045, 3
21046, 5
21047, 5
21048, 3
21049, 6
21050, 4
21051, 3
21052, 3
21053, 2
21054, 6
21055, 2
21056, 2
21057, 2
21058, 3
21059, 3
21060, 5
21061, 5
21062, 2
21063, 1
21064, 5
21065, 1
21066, 4
21067, 5
21068, 5
21069, 1
21070, 3
21071, 4
21072, 5
21073, 3
21074, 5
21075, 4
21076, 3
21077, 6
21078, 6
21079, 7
21080, 4
21082, 2
21083, 1
21084, 2
21085, 2
21086, 1
21087, 3
21088, 5
21089, 3
21090, 2
21091, 5
21092, 4
21093, 8
21094, 3
21095, 2
21096, 4
21097, 3
21098, 3
21099, 5
21100, 2
21101, 4
21102, 4
21103, 4
21104, 4
21105, 2
21106, 2
21107, 1
21108, 2
21109, 2
21110, 3
21111, 1
21112, 2
21113, 4
21114, 6
21115, 7
21116, 3
21117, 5
21118, 4
21119, 2
21120, 4
21121, 6
21122, 2
21123, 3
21124, 2
21125, 4
21126, 7
21127, 1
21128, 2
21129, 9
21130, 5
21131, 8
21132, 2
21134, 2
21136, 8
21137, 3
21138, 4
21139, 2
21140, 2
21141, 5
21142, 3
21143, 5
21144, 3
21145, 3
21146, 5
21147, 8
21148, 3
21149, 3
21150, 5
21151, 6
21152, 4
21153, 1
21154, 3
21155, 2
21156, 2
21157, 4
21158, 3
21159, 1
21160, 3
21161, 3
21162, 3
21163, 3
21164, 5
21165, 2
21166, 10
21167, 4
21168, 6
21169, 5
21170, 1
21171, 2
21172, 2
21173, 3
21174, 2
21175, 3
21176, 11
21177, 3
21178, 7
21179, 3
21180, 3
21181, 4
21182, 2
21183, 4
21184, 5
21185, 1
21186, 3
21187, 5
21188, 2
21189, 4
21190, 3
21191, 5
21192, 4
21193, 6
21194, 3
21195, 7
21196, 3
21197, 6
21198, 2
21199, 4
21200, 5
21201, 1
21202, 5
21203, 6
21204, 5
21205, 7
21206, 6
21207, 5
21208, 1
21209, 4
21210, 2
21211, 1
21212, 2
21213, 5
21214, 1
21215, 8
21216, 6
21217, 4
21218, 7
21219, 4
21220, 3
21221, 5
21222, 3
21223, 4
21224, 3
21225, 10
21226, 3
21227, 7
21228, 5
21229, 3
21230, 2
21232, 8
21233, 4
21234, 7
21235, 2
21236, 4
21237, 4
21238, 6
21239, 3
21240, 4
21241, 3
21242, 3
21244, 5
21245, 2
21246, 5
21247, 3
21248, 3
21249, 2
21250, 1
21251, 3
21252, 3
21253, 4
21254, 3
21255, 2
21256, 4
21257, 4
21258, 4
21259, 3
21260, 4
21261, 1
21262, 4
21263, 1
21264, 4
21265, 3
21266, 1
21267, 2
21268, 1
21269, 3
21270, 3
21271, 2
21273, 5
21274, 3
21275, 3
21276, 2
21277, 5
21278, 3
21279, 5
21280, 2
21281, 3
21282, 4
21283, 3
21284, 2
21285, 5
21286, 7
21287, 3
21288, 2
21289, 4
21290, 4
21291, 7
21292, 3
21293, 6
21294, 3
21295, 4
21296, 3
21297, 6
21298, 3
21299, 4
21300, 3
21301, 3
21302, 6
21303, 1
21304, 2
21305, 3
21306, 9
21307, 4
21308, 7
21309, 3
21310, 3
21311, 11
21312, 6
21313, 1
21314, 8
21315, 3
21316, 3
21317, 6
21318, 4
21319, 3
21320, 2
21321, 3
21322, 4
21323, 5
21324, 4
21325, 1
21326, 5
21327, 3
21328, 8
21329, 2
21330, 2
21331, 2
21332, 5
21333, 5
21334, 6
21335, 2
21336, 2
21337, 5
21338, 2
21339, 3
21340, 2
21341, 1
21342, 6
21343, 1
21344, 4
21345, 3
21346, 4
21347, 3
21348, 2
21349, 3
21350, 2
21351, 10
21352, 8
21353, 4
21354, 8
21355, 2
21356, 3
21357, 9
21358, 5
21359, 8
21360, 3
21361, 3
21362, 11
21363, 2
21364, 4
21365, 4
21366, 1
21367, 4
21368, 3
21369, 5
21370, 2
21371, 3
21372, 3
21373, 4
21374, 2
21375, 3
21376, 5
21377, 4
21379, 5
21380, 2
21381, 3
21382, 4
21383, 5
21384, 7
21385, 4
21386, 3
21387, 5
21388, 5
21389, 1
21390, 3
21391, 2
21392, 4
21393, 1
21394, 1
21395, 6
21396, 3
21397, 6
21398, 3
21399, 4
21400, 6
21401, 4
21402, 4
21403, 6
21404, 8
21405, 3
21406, 5
21407, 3
21408, 6
21409, 5
21410, 3
21411, 2
21412, 2
21413, 7
21414, 6
21415, 3
21416, 3
21417, 3
21418, 4
21419, 4
21421, 2
21422, 1
21423, 4
21424, 1
21425, 2
21426, 5
21427, 8
21428, 4
21429, 6
21430, 5
21431, 1
21432, 4
21433, 6
21434, 4
21435, 5
21436, 3
21437, 2
21438, 2
21439, 4
21440, 3
21441, 7
21442, 4
21443, 6
21444, 3
21445, 4
21446, 5
21447, 3
21448, 6
21449, 1
21450, 6
21451, 4
21452, 3
21453, 3
21454, 4
21455, 2
21456, 4
21457, 2
21458, 4
21459, 5
21460, 3
21461, 3
21462, 3
21463, 2
21464, 3
21465, 5
21466, 2
21467, 4
21468, 6
21469, 2
21470, 3
21471, 4
21472, 2
21473, 5
21474, 5
21475, 9
21476, 2
21477, 7
21478, 2
21479, 3
21480, 8
21481, 7
21482, 8
21483, 4
21484, 1
21485, 1
21486, 2
21487, 5
21488, 5
21489, 2
21490, 5
21491, 5
21492, 6
21493, 10
21494, 5
21495, 8
21496, 2
21497, 4
21498, 5
21499, 3
21500, 2
21501, 3
21502, 1
21503, 6
21504, 4
21505, 4
21506, 1
21507, 3
21508, 8
21509, 3
21510, 3
21511, 4
21512, 2
21513, 1
21514, 4
21515, 4
21516, 6
21517, 3
21519, 4
21520, 4
21521, 2
21522, 3
21523, 4
21524, 2
21525, 4
21526, 5
21527, 8
21528, 1
21529, 4
21530, 9
21531, 2
21532, 3
21533, 2
21534, 1
21535, 4
21536, 1
21537, 2
21538, 3
21539, 1
21540, 5
21541, 5
21542, 5
21543, 5
21544, 4
21545, 7
21546, 1
21547, 6
21548, 10
21549, 3
21550, 4
21551, 5
21552, 8
21553, 7
21554, 3
21555, 5
21556, 3
21557, 3
21558, 4
21559, 2
21560, 3
21561, 1
21562, 2
21563, 3
21564, 3
21565, 3
21566, 3
21567, 3
21568, 2
21569, 3
21570, 1
21571, 1
21572, 4
21573, 4
21574, 6
21575, 1
21576, 4
21577, 4
21578, 2
21579, 4
21580, 1
21581, 3
21582, 2
21583, 7
21584, 7
21585, 2
21586, 2
21587, 4
21588, 6
21589, 8
21590, 1
21591, 1
21592, 5
21593, 4
21594, 1
21595, 5
21596, 5
21597, 2
21598, 3
21599, 6
21600, 3
21601, 4
21602, 6
21603, 3
21604, 2
21605, 6
21607, 6
21608, 3
21609, 3
21610, 3
21611, 4
21612, 5
21613, 5
21614, 5
21615, 2
21616, 4
21617, 2
21618, 5
21619, 7
21620, 1
21621, 1
21622, 2
21623, 3
21624, 6
21625, 2
21626, 7
21627, 4
21628, 4
21629, 4
21630, 2
21631, 6
21632, 7
21633, 1
21634, 1
21635, 7
21636, 5
21637, 4
21638, 1
21639, 4
21640, 2
21641, 4
21642, 5
21643, 3
21644, 3
21645, 2
21646, 8
21647, 2
21648, 4
21649, 2
21650, 8
21651, 5
21652, 8
21653, 3
21654, 6
21655, 4
21656, 3
21657, 2
21658, 7
21659, 3
21660, 6
21661, 1
21662, 4
21663, 3
21664, 4
21665, 1
21666, 3
21667, 3
21668, 5
21669, 4
21670, 3
21671, 5
21672, 3
21673, 3
21674, 1
21675, 2
21676, 3
21677, 4
21678, 3
21679, 3
21680, 1
21681, 3
21682, 2
21683, 2
21684, 1
21685, 6
21686, 1
21687, 2
21688, 5
21689, 6
21690, 1
21691, 6
21692, 5
21693, 2
21694, 3
21695, 3
21696, 5
21697, 5
21698, 7
21699, 2
21700, 2
21701, 3
21702, 3
21703, 4
21704, 4
21705, 3
21706, 2
21707, 3
21708, 2
21709, 3
21710, 5
21711, 3
21712, 3
21713, 3
21714, 2
21715, 3
21716, 3
21717, 5
21718, 8
21719, 2
21720, 5
21721, 2
21722, 7
21723, 3
21724, 5
21725, 3
21726, 3
21727, 3
21728, 2
21729, 1
21730, 6
21731, 3
21732, 1
21733, 2
21734, 2
21735, 1
21736, 3
21737, 2
21738, 2
21739, 1
21740, 3
21741, 2
21742, 2
21743, 6
21744, 4
21745, 2
21747, 3
21748, 1
21749, 4
21750, 6
21751, 2
21752, 4
21753, 1
21754, 3
21755, 2
21756, 3
21757, 1
21759, 4
21760, 2
21761, 7
21762, 5
21763, 3
21764, 2
21767, 2
21768, 2
21769, 1
21770, 1
21772, 3
21773, 2
21774, 5
21775, 3
21776, 6
21777, 3
21778, 1
21779, 1
21780, 2
21781, 2
21782, 5
21783, 4
21784, 1
21785, 4
21786, 5
21787, 3
21788, 4
21790, 1
21792, 1
21793, 1
21794, 1
21795, 3
21796, 4
21797, 3
21798, 1
21799, 3
21800, 1
21801, 4
21802, 2
21803, 4
21804, 3
21805, 5
21806, 1
21807, 2
21808, 2
21809, 1
21810, 2
21811, 3
21812, 1
21813, 7
21814, 7
21815, 4
21816, 3
21817, 2
21818, 1
21820, 2
21821, 1
21822, 2
21823, 2
21824, 3
21825, 2
21826, 2
21827, 3
21828, 1
21830, 6
21831, 2
21832, 4
21833, 5
21834, 4
21835, 5
21836, 1
21838, 3
21839, 2
21840, 1
21841, 5
21842, 2
21843, 2
21844, 3
21845, 4
21846, 2
21847, 3
21848, 1
21849, 1
21850, 3
21851, 2
21852, 5
21853, 2
21854, 3
21855, 3
21856, 2
21857, 1
21858, 2
21859, 5
21860, 6
21861, 2
21862, 3
21863, 1
21864, 3
21865, 5
21867, 3
21868, 4
21869, 2
21871, 3
21872, 1
21873, 2
21875, 4
21876, 4
21877, 3
21878, 2
21879, 1
21880, 1
21881, 3
21882, 2
21883, 2
21884, 1
21886, 2
21887, 4
21888, 2
21889, 4
21890, 1
21891, 1
21892, 2
21893, 1
21894, 1
21895, 2
21896, 2
21898, 1
21899, 5
21900, 1
21901, 1
21902, 1
21903, 1
21904, 2
21905, 2
21906, 3
21907, 2
21908, 4
21909, 1
21910, 5
21911, 2
21913, 2
21914, 2
21915, 3
21916, 1
21917, 3
21919, 2
21920, 3
21921, 5
21922, 2
21923, 2
21924, 3
21925, 1
21926, 4
21928, 4
21929, 1
21930, 4
21931, 2
21932, 3
21933, 1
21934, 1
21935, 2
21936, 1
21937, 2
21938, 1
21939, 1
21942, 2
21943, 1
21944, 3
21946, 2
21947, 1
21948, 2
21952, 2
21953, 3
21956, 1
21957, 3
21958, 2
21959, 1
21960, 4
21961, 4
21962, 1
21963, 2
21964, 2
21965, 1
21966, 1
21967, 2
21968, 1
21969, 1
21970, 1
21971, 1
21972, 3
21973, 1
21974, 1
21975, 2
21976, 3
21977, 2
21978, 2
21979, 3
21980, 4
21981, 1
21982, 3
21985, 1
21986, 2
21988, 1
21989, 3
21991, 3
21992, 5
21995, 5
21998, 3
22000, 1
22001, 1
22006, 1
22009, 3
22010, 1
22011, 3
22013, 1
22015, 1
22016, 2
22018, 2
22020, 1
22022, 1
22023, 1
22026, 1
22027, 2
22028, 4
22029, 1
22030, 2
22032, 1
22033, 1
22035, 3
22036, 2
22037, 2
22039, 1
22040, 1
22041, 1
22042, 1
22043, 2
22046, 1
22047, 1
22050, 2
22051, 1
22052, 1
22053, 2
22054, 1
22055, 1
22056, 2
22058, 1
22059, 2
22060, 1
22061, 1
22062, 1
22064, 2
22065, 2
22066, 2
22067, 2
22068, 1
22070, 2
22072, 1
22074, 1
22075, 4
22077, 1
22078, 1
22079, 2
22080, 1
22081, 3
22083, 2
22085, 1
22087, 1
22088, 1
22090, 3
22091, 2
22092, 2
22095, 1
22096, 3
22097, 1
22098, 1
22100, 3
22101, 2
22103, 1
22104, 1
22105, 1
22106, 1
22107, 1
22108, 1
22109, 1
22110, 1
22111, 2
22112, 2
22113, 3
22115, 2
22116, 2
22117, 1
22118, 1
22119, 4
22121, 1
22123, 1
22124, 2
22125, 1
22126, 1
22127, 2
22129, 3
22130, 1
22131, 1
22135, 1
22136, 2
22138, 1
22139, 1
22140, 1
22141, 1
22142, 1
22143, 2
22145, 1
22147, 1
22148, 1
22149, 2
22152, 1
22153, 3
22156, 1
22159, 3
22160, 2
22161, 2
22162, 1
22164, 1
22165, 3
22167, 1
22168, 2
22169, 1
22171, 1
22176, 1
22178, 1
22181, 2
22182, 1
22187, 1
22188, 1
22193, 1
22196, 1
22198, 1
22200, 1
22202, 2
22205, 1
22208, 2
22209, 1
22211, 1
22212, 2
22215, 2
22222, 1
22223, 1
22227, 1
22228, 1
22229, 4
22231, 1
22232, 1
22233, 2
22234, 2
22235, 1
22237, 1
22241, 1
22242, 2
22246, 1
22247, 1
22253, 1
22255, 3
22256, 1
22258, 2
22261, 1
22269, 2
22270, 1
22271, 1
22272, 1
22273, 2
22276, 1
22280, 1
22281, 1
22282, 1
22286, 2
22287, 2
22289, 1
22290, 1
22291, 1
22292, 2
22296, 2
22297, 1
22298, 2
22299, 2
22300, 1
22303, 4
22306, 1
22308, 1
22313, 1
22315, 1
22319, 1
22320, 1
22321, 2
22323, 2
22332, 1
22333, 1
22337, 1
22338, 2
22340, 1
22341, 1
22342, 1
22343, 1
22344, 1
22346, 1
22352, 1
22356, 2
22362, 1
22365, 1
22366, 1
22367, 1
22369, 1
22370, 1
22372, 2
22373, 1
22374, 1
22376, 1
22379, 1
22381, 1
22383, 1
22387, 1
22389, 1
22390, 2
22392, 4
22394, 1
22396, 1
22397, 3
22399, 1
22401, 1
22403, 1
22405, 1
22407, 3
22408, 2
22409, 1
22414, 1
22417, 2
22419, 1
22420, 1
22422, 1
22427, 2
22433, 1
22437, 3
22438, 1
22439, 2
22441, 1
22447, 1
22448, 1
22451, 1
22456, 1
22459, 1
22460, 1
22462, 1
22463, 1
22464, 1
22470, 1
22474, 1
22476, 2
22477, 1
22478, 1
22481, 1
22483, 2
22485, 1
22487, 1
22489, 1
22494, 1
22497, 1
22498, 2
22512, 1
22513, 2
22514, 1
22515, 1
22519, 1
22522, 1
22523, 2
22524, 2
22527, 1
22528, 3
22529, 2
22532, 1
22533, 1
22534, 1
22540, 2
22541, 1
22543, 4
22544, 1
22546, 1
22547, 3
22549, 1
22551, 1
22552, 2
22555, 1
22556, 1
22557, 1
22558, 2
22559, 1
22560, 1
22563, 1
22564, 1
22573, 1
22576, 1
22579, 2
22582, 1
22583, 1
22586, 1
22587, 1
22589, 2
22590, 2
22592, 4
22593, 2
22595, 1
22598, 1
22599, 1
22602, 1
22606, 2
22608, 1
22610, 1
22615, 1
22620, 1
22627, 1
22628, 2
22629, 1
22636, 1
22639, 1
22640, 1
22641, 1
22642, 1
22644, 2
22646, 1
22648, 1
22649, 1
22651, 1
22655, 1
22656, 2
22657, 2
22658, 2
22660, 1
22661, 2
22663, 4
22664, 1
22665, 1
22666, 2
22672, 2
22675, 2
22677, 1
22679, 1
22681, 1
22687, 1
22689, 1
22695, 2
22696, 1
22701, 1
22704, 1
22708, 1
22712, 1
22713, 2
22716, 2
22717, 1
22719, 2
22723, 2
22725, 2
22726, 1
22731, 2
22732, 1
22734, 2
22735, 1
22737, 1
22738, 2
22739, 2
22740, 1
22741, 1
22743, 1
22747, 2
22749, 1
22751, 1
22759, 2
22764, 2
22768, 1
22769, 1
22773, 2
22774, 1
22775, 1
22777, 1
22779, 1
22780, 1
22782, 1
22783, 1
22784, 2
22789, 1
22793, 1
22795, 1
22796, 2
22797, 1
22799, 1
22800, 1
22801, 1
22803, 2
22804, 1
22805, 1
22807, 2
22809, 1
22811, 1
22812, 1
22813, 2
22818, 1
22819, 1
22820, 1
22827, 1
22828, 1
22831, 1
22832, 1
22833, 1
22834, 1
22836, 1
22839, 1
22840, 1
22842, 1
22843, 2
22844, 1
22845, 1
22847, 1
22848, 1
22849, 2
22850, 1
22851, 1
22857, 1
22859, 1
22865, 1
22866, 1
22867, 1
22871, 1
22872, 1
22873, 2
22876, 1
22883, 2
22885, 1
22890, 1
22893, 1
22898, 1
22907, 1
22912, 1
22913, 5
22914, 2
22915, 1
22917, 3
22919, 1
22922, 1
22926, 1
22927, 1
22928, 1
22929, 1
22930, 1
22931, 1
22940, 1
22941, 2
22945, 2
22953, 1
22954, 1
22955, 1
22956, 2
22960, 2
22961, 1
22963, 1
22965, 1
22969, 1
22970, 1
22971, 2
22973, 2
22975, 3
22976, 1
22977, 1
22979, 3
22980, 1
22981, 1
22982, 1
22983, 2
22986, 3
22987, 1
22988, 1
22990, 1
23003, 2
23005, 1
23006, 1
23007, 1
23009, 1
23015, 1
23017, 1
23019, 2
23022, 1
23023, 1
23025, 1
23026, 1
23028, 1
23030, 1
23032, 1
23039, 2
23041, 1
23049, 2
23051, 1
23052, 1
23053, 1
23055, 1
23056, 1
23058, 1
23059, 1
23063, 2
23064, 1
23066, 1
23067, 1
23068, 1
23070, 1
23072, 2
23074, 1
23075, 2
23076, 1
23078, 2
23079, 1
23081, 2
23083, 1
23085, 1
23089, 1
23091, 1
23092, 3
23095, 1
23098, 1
23100, 1
23101, 1
23103, 1
23105, 1
23111, 1
23117, 1
23121, 2
23123, 1
23125, 1
23132, 2
23140, 1
23144, 1
23145, 1
23147, 2
23149, 1
23154, 1
23160, 1
23161, 2
23162, 1
23165, 1
23169, 1
23170, 2
23174, 1
23176, 1
23177, 1
23178, 1
23182, 2
23184, 2
23191, 1
23193, 1
23197, 3
23200, 1
23202, 2
23205, 1
23207, 2
23208, 2
23212, 4
23215, 1
23216, 1
23217, 1
23223, 1
23226, 2
23227, 2
23228, 1
23230, 1
23231, 2
23233, 1
23235, 2
23237, 2
23239, 1
23240, 2
23241, 1
23243, 2
23246, 1
23247, 1
23254, 1
23256, 1
23259, 1
23263, 1
23268, 1
23273, 2
23275, 1
23276, 1
23277, 1
23278, 2
23281, 1
23287, 1
23288, 1
23293, 1
23296, 1
23297, 1
23301, 1
23305, 1
23307, 1
23314, 1
23325, 1
23328, 1
23332, 1
23335, 3
23341, 2
23343, 1
23344, 1
23345, 1
23346, 1
23347, 1
23349, 1
23350, 1
23358, 1
23359, 1
23360, 2
23362, 2
23363, 1
23373, 1
23376, 1
23380, 1
23387, 1
23393, 1
23394, 1
23396, 1
23400, 1
23401, 1
23402, 2
23407, 1
23414, 2
23415, 1
23418, 1
23419, 1
23423, 2
23426, 1
23431, 1
23432, 1
23443, 2
23447, 1
23451, 1
23453, 1
23454, 1
23459, 2
23463, 2
23465, 1
23469, 1
23472, 1
23478, 1
23480, 1
23481, 1
23483, 1
23486, 1
23487, 1
23490, 1
23496, 1
23503, 1
23512, 1
23516, 1
23523, 1
23527, 1
23532, 2
23533, 1
23534, 1
23549, 2
23555, 1
23556, 1
23567, 1
23577, 1
23592, 1
23596, 2
23597, 1
23601, 1
23604, 1
23654, 1
23659, 1
23663, 1
23670, 1
23687, 1
23688, 1
23699, 1
23725, 1
23750, 1
23758, 1
23947, 1
23989, 1
30321, 1
30339, 1
30355, 1
30363, 1
30365, 1
30425, 1
30432, 1
30433, 1
30436, 1
30438, 1
30440, 1
30442, 1
30446, 1
30447, 1
30448, 1
30452, 1
30458, 1
30459, 1
30469, 1
30473, 1
30486, 1
30490, 1
30496, 1
30498, 1
30499, 1
30500, 1
30501, 1
30502, 1
30514, 1
30518, 1
30530, 1
30537, 2
30541, 1
30546, 1
30547, 1
30554, 1
30557, 1
30562, 1
30567, 1
30582, 1
30587, 1
30588, 1
30590, 3
30598, 1
30602, 1
30603, 1
30608, 1
30612, 1
30613, 2
30620, 1
30621, 1
30622, 1
30625, 1
30627, 1
30628, 1
30632, 1
30633, 2
30634, 1
30636, 1
30641, 1
30644, 1
30645, 1
30646, 2
30650, 1
30654, 1
30662, 1
30663, 1
30664, 1
30665, 1
30667, 1
30668, 1
30674, 1
30675, 1
30679, 1
30682, 1
30683, 1
30686, 1
30687, 1
30696, 2
30698, 1
30699, 1
30704, 1
30707, 1
30709, 1
30710, 1
30718, 1
30722, 1
30724, 1
30728, 1
30730, 1
30732, 1
30735, 1
30741, 1
30742, 1
30749, 1
30753, 1
30756, 1
30759, 1
30763, 1
30765, 1
30766, 1
30770, 1
30773, 1
30778, 1
30780, 1
30784, 1
30787, 1
30789, 1
30792, 1
30793, 1
30794, 1
30797, 3
30798, 1
30800, 1
30802, 1
30807, 1
30808, 1
30810, 1
30819, 1
30821, 1
30823, 1
30825, 2
30829, 1
30833, 2
30835, 1
30839, 1
30840, 2
30841, 1
30845, 1
30846, 1
30850, 1
30853, 1
30856, 1
30867, 2
30869, 1
30873, 1
30875, 2
30883, 1
30886, 1
30888, 1
30892, 1
30897, 1
30899, 1
30902, 1
30903, 1
30915, 1
30916, 2
30918, 2
30921, 3
30922, 2
30925, 1
30926, 1
30930, 1
30934, 1
30936, 1
30938, 1
30942, 1
30944, 1
30945, 1
30950, 2
30955, 1
30957, 1
30958, 2
30959, 1
30965, 1
30967, 1
30971, 1
30972, 1
30973, 1
30974, 1
30979, 1
30982, 2
30988, 1
30991, 1
30992, 1
30994, 1
30995, 1
31005, 1
31006, 1
31008, 1
31011, 1
31020, 1
31023, 1
31024, 1
31025, 2
31026, 1
31032, 1
31033, 1
31034, 1
31038, 2
31039, 1
31045, 1
31047, 3
31048, 1
31049, 1
31052, 2
31058, 1
31059, 1
31061, 1
31064, 1
31066, 1
31067, 2
31070, 1
31074, 1
31080, 1
31084, 1
31093, 1
31098, 1
31111, 2
31112, 1
31113, 1
31115, 1
31116, 1
31119, 1
31120, 1
31122, 1
31123, 1
31124, 1
31125, 2
31127, 1
31130, 1
31131, 1
31133, 2
31136, 1
31138, 1
31143, 1
31155, 1
31169, 1
31170, 1
31174, 1
31179, 1
31180, 1
31181, 2
31184, 1
31185, 2
31186, 1
31195, 1
31200, 1
31202, 1
31204, 1
31213, 1
31220, 2
31223, 1
31226, 1
31229, 1
31230, 1
31232, 1
31236, 2
31238, 1
31241, 1
31247, 1
31252, 1
31266, 1
31269, 1
31271, 1
31272, 1
31274, 2
31276, 1
31282, 2
31287, 1
31291, 1
31293, 1
31295, 1
31296, 1
31298, 1
31304, 1
31305, 1
31306, 1
31308, 3
31312, 1
31316, 1
31317, 1
31318, 1
31320, 2
31321, 1
31325, 2
31328, 1
31329, 1
31330, 2
31334, 1
31335, 1
31338, 1
31339, 1
31347, 1
31348, 1
31350, 2
31351, 1
31359, 2
31363, 1
31364, 1
31366, 1
31369, 1
31370, 1
31379, 1
31382, 3
31386, 1
31388, 1
31389, 1
31393, 3
31402, 1
31404, 1
31407, 1
31408, 1
31411, 1
31414, 1
31415, 1
31419, 1
31425, 1
31427, 1
31433, 1
31436, 1
31440, 1
31443, 1
31447, 1
31448, 1
31449, 1
31454, 1
31456, 1
31462, 1
31464, 1
31466, 1
31472, 2
31475, 2
31477, 1
31478, 1
31480, 3
31482, 1
31483, 1
31488, 1
31491, 1
31493, 1
31494, 1
31496, 1
31503, 1
31505, 1
31506, 1
31509, 1
31510, 1
31516, 1
31518, 1
31519, 1
31522, 1
31524, 1
31525, 2
31529, 1
31534, 1
31540, 1
31550, 1
31551, 1
31559, 2
31567, 1
31570, 1
31574, 1
31576, 1
31579, 1
31582, 1
31583, 1
31586, 1
31587, 1
31600, 2
31601, 1
31602, 2
31604, 2
31605, 1
31606, 1
31607, 1
31609, 2
31615, 1
31618, 1
31619, 1
31622, 1
31627, 1
31628, 1
31629, 1
31634, 2
31639, 1
31641, 1
31642, 3
31649, 1
31651, 1
31654, 1
31657, 1
31658, 1
31662, 1
31665, 1
31666, 1
31672, 1
31675, 1
31677, 2
31679, 1
31684, 1
31689, 1
31690, 1
31693, 1
31696, 1
31704, 1
31707, 1
31709, 3
31716, 1
31717, 1
31718, 1
31719, 1
31721, 2
31723, 2
31730, 3
31731, 1
31732, 1
31734, 1
31736, 1
31740, 1
31742, 2
31746, 1
31747, 1
31750, 2
31752, 1
31755, 1
31757, 1
31763, 1
31764, 1
31767, 1
31777, 1
31782, 1
31793, 1
31794, 2
31798, 1
31799, 1
31800, 1
31803, 2
31806, 1
31807, 2
31809, 2
31811, 1
31814, 1
31815, 2
31816, 1
31819, 1
31826, 1
31837, 1
31839, 1
31853, 1
31854, 1
31864, 3
31865, 1
31867, 2
31868, 1
31869, 1
31870, 1
31880, 1
31883, 1
31885, 1
31887, 1
31897, 1
31905, 2
31906, 1
31908, 1
31913, 1
31914, 1
31917, 1
31919, 1
31920, 1
31921, 1
31926, 1
31931, 1
31935, 1
31949, 1
31955, 2
31958, 2
31959, 1
31966, 2
31969, 1
31975, 1
31977, 1
31979, 1
31981, 2
31989, 2
31990, 1
31991, 2
31993, 1
31995, 1
32000, 1
32001, 1
32002, 2
32003, 1
32005, 1
32008, 1
32009, 1
32012, 2
32013, 1
32014, 1
32018, 2
32022, 2
32031, 1
32032, 1
32034, 1
32035, 1
32039, 1
32041, 1
32042, 1
32047, 2
32051, 1
32053, 1
32054, 1
32062, 1
32064, 1
32065, 1
32066, 1
32068, 1
32072, 1
32073, 1
32075, 1
32076, 1
32078, 1
32086, 1
32087, 1
32092, 1
32093, 1
32094, 1
32098, 1
32100, 1
32103, 1
32109, 1
32110, 1
32116, 1
32121, 1
32124, 1
32127, 1
32130, 1
32132, 1
32133, 1
32137, 2
32138, 1
32146, 1
32148, 1
32150, 1
32154, 1
32157, 1
32159, 1
32161, 2
32163, 1
32164, 1
32165, 2
32167, 1
32171, 1
32174, 1
32175, 1
32178, 1
32186, 1
32188, 1
32189, 1
32191, 1
32193, 1
32198, 1
32200, 1
32201, 1
32202, 2
32206, 1
32208, 1
32209, 1
32214, 1
32218, 1
32221, 1
32223, 1
32234, 1
32235, 1
32237, 1
32243, 2
32246, 1
32251, 1
32253, 1
32256, 1
32261, 1
32262, 1
32265, 1
32271, 2
32283, 2
32284, 1
32287, 2
32288, 4
32289, 1
32292, 1
32293, 1
32298, 1
32302, 1
32305, 1
32310, 1
32312, 2
32318, 2
32322, 1
32323, 1
32324, 1
32325, 1
32326, 2
32333, 1
32335, 1
32340, 1
32341, 2
32346, 1
32347, 1
32350, 1
32355, 1
32360, 3
32363, 1
32369, 1
32372, 1
32374, 1
32376, 1
32379, 1
32388, 1
32390, 1
32392, 4
32400, 2
32401, 1
32405, 1
32406, 3
32413, 1
32414, 1
32415, 1
32416, 2
32419, 1
32425, 2
32429, 1
32431, 1
32432, 1
32434, 1
32435, 1
32438, 1
32439, 1
32447, 3
32461, 1
32466, 1
32476, 3
32480, 1
32483, 1
32485, 1
32487, 1
32490, 1
32491, 2
32492, 2
32493, 1
32498, 4
32504, 1
32505, 1
32509, 1
32510, 1
32520, 1
32523, 1
32524, 1
32526, 1
32537, 2
32541, 1
32548, 2
32550, 2
32552, 1
32553, 2
32564, 1
32566, 1
32569, 1
32571, 1
32581, 1
32588, 2
32593, 1
32597, 1
32598, 1
32600, 1
32604, 2
32605, 1
32608, 1
32613, 1
32618, 1
32631, 1
32638, 1
32639, 1
32641, 2
32642, 1
32650, 2
32653, 1
32659, 1
32661, 1
32664, 1
32665, 1
32672, 2
32674, 2
32675, 1
32676, 1
32682, 1
32683, 1
32684, 1
32686, 1
32689, 1
32692, 2
32693, 1
32695, 1
32702, 2
32705, 1
32714, 1
32715, 2
32717, 1
32727, 1
32730, 1
34852, 1
34864, 1
34885, 1
34918, 1
34935, 1
34937, 1
34947, 1
34952, 1
34964, 1
34969, 1
34972, 1
34986, 1
34999, 1
35000, 1
35003, 1
35008, 2
35011, 1
35013, 1
35023, 1
35034, 1
35037, 1
35059, 1
35062, 1
35068, 1
35079, 1
35083, 1
35102, 1
35115, 1
35119, 1
35120, 1
35123, 1
35124, 1
35130, 1
35132, 1
35137, 1
35142, 1
35144, 1
35148, 2
35152, 1
35168, 1
35169, 1
35171, 2
35178, 1
35179, 1
35180, 1
35184, 1
35195, 2
35197, 1
35200, 1
35201, 1
35204, 1
35207, 1
35213, 1
35214, 1
35216, 1
35218, 1
35225, 1
35227, 1
35228, 1
35229, 1
35238, 1
35243, 1
35253, 1
35254, 1
35256, 1
35257, 1
35261, 1
35267, 1
35268, 1
35270, 2
35273, 1
35284, 1
35286, 1
35287, 1
35292, 1
35302, 2
35303, 1
35305, 1
35306, 1
35311, 2
35320, 1
35321, 1
35323, 1
35329, 1
35332, 2
35333, 1
35336, 1
35337, 1
35338, 1
35343, 1
35346, 1
35357, 3
35361, 1
35364, 1
35366, 1
35368, 1
35370, 2
35371, 1
35374, 2
35376, 1
35377, 1
35378, 1
35380, 1
35381, 1
35387, 1
35390, 1
35396, 1
35400, 1
35402, 1
35404, 1
35406, 1
35410, 1
35411, 1
35415, 2
35418, 1
35421, 1
35422, 1
35425, 1
35427, 1
35434, 1
35435, 1
35438, 1
35449, 1
35450, 1
35457, 1
35459, 1
35465, 1
35468, 1
35470, 1
35473, 2
35475, 1
35477, 1
35479, 3
35482, 1
35483, 1
35484, 2
35489, 1
35497, 1
35499, 2
35500, 2
35502, 1
35503, 1
35504, 1
35505, 1
35510, 2
35515, 1
35519, 1
35520, 1
35521, 1
35525, 1
35528, 1
35530, 1
35532, 2
35535, 1
35538, 1
35541, 1
35542, 1
35548, 1
35549, 1
35563, 1
35567, 1
35568, 1
35569, 1
35570, 1
35574, 1
35575, 1
35576, 4
35579, 1
35586, 1
35587, 1
35590, 1
35591, 1
35594, 1
35598, 1
35599, 1
35602, 2
35603, 1
35607, 1
35609, 1
35611, 1
35615, 1
35616, 1
35618, 1
35629, 1
35633, 1
35634, 1
35635, 1
35637, 1
35648, 2
35649, 1
35655, 1
35656, 1
35658, 2
35666, 1
35670, 1
35679, 1
35683, 2
35689, 1
35692, 3
35697, 1
35702, 1
35706, 1
35707, 2
35708, 1
35711, 1
35712, 1
35718, 2
35720, 1
35730, 1
35731, 2
35733, 1
35735, 1
35736, 1
35742, 1
35744, 2
35746, 2
35749, 2
35755, 1
35758, 1
35762, 1
35763, 1
35765, 1
35767, 1
35768, 1
35769, 1
35774, 1
35778, 1
35786, 1
35789, 1
35790, 1
35798, 1
35804, 2
35805, 1
35807, 2
35809, 1
35814, 1
35815, 1
35816, 1
35820, 1
35826, 1
35828, 1
35829, 1
35831, 1
35832, 1
35836, 2
35841, 1
35842, 1
35849, 1
35851, 2
35853, 1
35855, 2
35861, 1
35863, 1
35867, 1
35868, 1
35869, 1
35870, 1
35873, 1
35877, 1
35879, 2
35882, 1
35892, 1
35894, 1
35895, 1
35897, 1
35898, 1
35900, 1
35902, 1
35905, 1
35907, 1
35909, 1
35910, 1
35911, 1
35912, 1
35922, 1
35928, 1
35936, 1
35938, 1
35940, 2
35947, 1
35951, 1
35952, 2
35954, 1
35955, 1
35957, 1
35958, 1
35959, 1
35962, 1
35966, 3
35971, 2
35976, 1
35985, 2
35988, 1
35990, 1
35994, 1
35995, 1
36000, 1
36003, 1
36006, 1
36008, 1
36010, 1
36013, 1
36016, 2
36017, 1
36019, 1
36020, 1
36021, 2
36026, 1
36040, 1
36041, 1
36042, 2
36045, 1
36048, 1
36051, 2
36053, 1
36055, 1
36057, 1
36058, 1
36060, 1
36063, 1
36070, 1
36071, 1
36077, 1
36079, 1
36083, 1
36086, 1
36090, 1
36093, 1
36095, 1
36099, 2
36102, 1
36103, 1
36104, 1
36106, 1
36110, 1
36114, 1
36118, 1
36121, 2
36123, 1
36131, 1
36133, 1
36137, 1
36141, 1
36143, 1
36145, 1
36152, 1
36153, 1
36155, 1
36161, 1
36163, 1
36164, 1
36165, 1
36168, 1
36172, 1
36173, 1
36182, 1
36183, 3
36184, 3
36185, 1
36187, 2
36190, 1
36194, 1
36202, 1
36205, 1
36207, 1
36208, 2
36210, 1
36212, 1
36213, 1
36216, 2
36218, 2
36219, 1
36220, 1
36221, 1
36224, 2
36231, 1
36232, 1
36241, 1
36243, 1
36250, 1
36253, 1
36254, 1
36259, 1
36260, 1
36263, 1
36270, 1
36276, 1
36278, 1
36281, 2
36282, 1
36283, 1
36285, 1
36286, 1
36290, 1
36292, 1
36294, 1
36298, 1
36302, 1
36305, 1
36310, 1
36312, 1
36317, 1
36320, 1
36323, 1
36329, 2
36331, 1
36332, 1
36335, 1
36338, 1
36339, 2
36342, 1
36343, 1
36348, 1
36349, 2
36354, 1
36366, 1
36367, 1
36368, 1
36375, 1
36376, 1
36379, 1
36381, 1
36385, 2
36390, 3
36392, 1
36394, 2
36400, 1
36402, 1
36403, 1
36404, 1
36405, 1
36416, 1
36418, 1
36423, 1
36429, 2
36430, 1
36432, 1
36434, 1
36446, 1
36450, 1
36453, 1
36454, 1
36458, 1
36463, 1
36465, 1
36470, 1
36473, 1
36477, 1
36478, 1
36481, 1
36483, 1
36484, 1
36488, 2
36491, 2
36492, 1
36498, 1
36499, 2
36510, 1
36512, 2
36515, 2
36516, 1
36519, 1
36520, 1
36525, 1
36528, 1
36529, 1
36535, 1
36536, 1
36538, 1
36539, 1
36542, 1
36547, 1
36550, 1
36552, 1
36554, 1
36557, 1
36562, 2
36563, 1
36564, 1
36570, 1
36575, 1
36578, 1
36580, 1
36581, 1
36582, 1
36584, 1
36585, 1
36589, 1
36590, 1
36591, 1
36592, 1
36594, 2
36596, 2
36602, 1
36606, 1
36611, 1
36613, 1
36620, 1
36622, 1
36623, 2
36626, 1
36629, 1
36632, 1
36634, 1
36635, 1
36638, 1
36641, 1
36645, 1
36649, 1
36653, 1
36654, 1
36665, 1
36669, 1
36670, 1
36672, 1
36674, 2
36678, 1
36687, 1
36689, 2
36693, 2
36694, 1
36697, 1
36699, 1
36700, 2
36701, 1
36704, 1
36705, 1
36706, 1
36714, 1
36715, 1
36724, 1
36725, 2
36730, 1
36731, 1
36734, 2
36735, 2
36736, 1
36739, 1
36741, 1
36746, 2
36749, 1
36754, 1
36759, 1
36764, 1
36767, 1
36769, 1
36772, 1
36775, 1
36777, 1
36779, 1
36782, 2
36786, 1
36789, 1
36791, 1
36794, 1
36802, 1
36806, 2
36816, 1
36819, 1
36825, 1
36829, 1
36833, 1
36835, 1
36836, 1
36837, 1
36838, 1
36841, 2
36847, 1
36849, 1
36851, 1
36852, 1
36854, 1
36856, 1
36858, 1
36865, 1
36866, 1
36867, 2
36869, 1
36873, 2
36877, 1
36880, 1
36882, 1
36886, 1
36887, 1
36888, 1
36890, 1
36891, 1
36893, 1
36895, 1
36897, 2
36899, 1
36900, 1
36902, 1
36904, 2
36907, 1
36908, 1
36911, 1
36913, 1
36915, 1
36926, 1
36934, 1
36935, 1
36937, 1
36938, 1
36941, 1
36943, 2
36954, 1
36959, 1
36961, 1
36962, 1
36964, 2
36965, 1
36969, 1
36971, 1
36974, 1
36980, 1
36982, 1
36985, 1
36989, 1
36993, 1
36996, 1
36999, 1
37004, 1
37011, 1
37012, 1
37014, 1
37016, 1
37017, 1
37022, 1
37029, 1
37031, 2
37034, 1
37037, 1
37045, 1
37047, 1
37051, 2
37052, 1
37056, 1
37058, 1
37060, 1
37062, 1
37069, 1
37070, 1
37075, 1
37077, 1
37084, 1
37085, 1
37087, 1
37088, 1
37098, 1
37100, 1
37101, 1
37106, 1
37112, 1
37118, 1
37123, 1
37131, 1
37134, 1
37136, 1
37137, 1
37138, 1
37156, 1
37160, 1
37171, 1
37172, 1
37174, 1
37175, 1
37181, 1
37182, 1
37187, 1
37189, 1
37193, 1
37198, 1
37199, 1
37200, 1
37201, 1
37207, 1
37209, 1
37211, 1
37224, 1
37226, 1
37228, 1
37231, 1
37234, 1
37237, 1
37240, 1
37245, 2
37251, 1
37252, 1
37255, 1
37263, 1
37273, 1
37276, 1
37295, 1
37308, 1
37312, 1
37315, 1
37321, 1
37333, 1
37336, 3
37343, 1
37355, 1
37371, 1
37374, 1
37398, 1
37416, 1
37508, 1
37527, 1
37531, 1
37550, 1
37562, 1
37571, 1
37572, 1
37593, 1
38293, 1
38313, 1
38317, 1
38321, 1
38334, 1
38342, 2
38368, 1
38376, 1
38380, 2
38382, 1
38383, 2
38384, 1
38385, 1
38402, 1
38405, 1
38414, 1
38419, 1
38425, 1
38433, 1
38446, 1
38449, 1
38456, 1
38466, 1
38470, 1
38471, 1
38475, 1
38478, 1
38479, 1
38487, 1
38488, 1
38489, 1
38493, 1
38529, 1
38538, 1
38545, 2
38551, 4
38553, 3
38557, 1
38571, 1
38572, 2
38574, 1
38600, 2
38608, 1
38621, 1
38626, 1
38630, 1
38632, 1
38639, 1
38642, 1
38648, 2
38659, 1
38660, 1
38661, 1
38673, 1
38682, 1
38687, 2
38696, 1
38701, 1
38717, 1
38721, 1
38729, 2
38733, 1
38739, 1
38740, 1
38743, 1
38747, 1
38750, 1
38775, 1
38776, 1
38778, 1
38784, 1
38791, 1
38792, 1
38796, 2
38799, 1
38802, 1
38807, 1
38813, 1
38814, 1
38825, 2
38838, 2
38840, 1
38842, 1
38845, 1
38853, 1
38879, 1
38887, 1
38890, 1
38892, 1
38895, 1
38907, 1
38912, 1
38914, 2
38925, 2
38938, 1
38939, 1
38940, 1
38949, 1
38955, 1
38960, 1
38964, 2
38973, 1
38975, 1
38977, 1
38980, 1
38981, 1
38994, 1
38995, 2
38996, 2
38997, 2
38998, 1
38999, 1
39001, 1
39002, 2
39006, 1
39014, 1
39017, 1
39024, 1
39026, 1
39031, 2
39038, 1
39050, 1
39051, 1
39060, 2
39064, 4
39066, 1
39067, 1
39068, 2
39075, 1
39078, 1
39080, 1
39081, 1
39083, 1
39086, 1
39090, 1
39094, 1
39097, 1
39103, 1
39109, 2
39110, 2
39111, 1
39114, 1
39117, 1
39118, 1
39127, 1
39130, 1
39131, 1
39133, 1
39141, 1
39142, 1
39147, 1
39148, 1
39150, 1
39153, 1
39155, 2
39159, 1
39161, 1
39163, 1
39164, 1
39169, 1
39171, 2
39172, 1
39173, 1
39176, 2
39177, 1
39189, 1
39190, 2
39201, 1
39205, 1
39207, 1
39209, 1
39212, 1
39213, 1
39215, 1
39217, 1
39222, 1
39223, 1
39228, 1
39229, 1
39232, 2
39234, 1
39235, 2
39236, 3
39237, 1
39238, 1
39241, 1
39244, 1
39248, 1
39252, 1
39255, 1
39256, 2
39257, 1
39284, 1
39287, 1
39291, 1
39292, 1
39301, 1
39305, 2
39309, 2
39314, 1
39315, 1
39316, 2
39317, 1
39320, 1
39323, 1
39325, 1
39326, 1
39328, 1
39331, 1
39332, 1
39338, 1
39340, 1
39342, 1
39344, 1
39345, 1
39347, 1
39350, 1
39352, 1
39357, 3
39358, 1
39362, 1
39367, 1
39369, 1
39370, 1
39371, 1
39375, 3
39376, 1
39379, 1
39380, 1
39384, 1
39386, 1
39389, 1
39397, 1
39400, 1
39403, 2
39408, 1
39412, 1
39413, 2
39416, 1
39421, 2
39422, 1
39423, 1
39431, 1
39433, 1
39434, 1
39446, 1
39450, 2
39458, 1
39460, 1
39462, 1
39463, 1
39474, 1
39475, 2
39477, 1
39479, 1
39481, 1
39482, 1
39486, 2
39491, 2
39493, 1
39495, 1
39497, 1
39509, 2
39511, 1
39514, 1
39520, 2
39523, 1
39527, 1
39529, 2
39532, 1
39534, 1
39537, 2
39541, 1
39545, 1
39551, 1
39552, 1
39558, 1
39563, 1
39567, 1
39569, 1
39570, 3
39572, 1
39573, 1
39576, 1
39578, 1
39582, 1
39585, 1
39586, 1
39588, 1
39589, 1
39591, 1
39597, 1
39598, 2
39602, 1
39608, 1
39609, 1
39622, 1
39624, 2
39628, 1
39629, 1
39633, 1
39636, 1
39637, 1
39639, 1
39644, 1
39645, 1
39646, 1
39648, 3
39657, 1
39659, 1
39660, 1
39663, 1
39665, 1
39671, 1
39672, 1
39674, 1
39676, 1
39678, 2
39680, 3
39682, 3
39686, 2
39691, 1
39692, 1
39698, 1
39701, 1
39703, 2
39707, 1
39715, 1
39720, 1
39722, 1
39735, 2
39741, 1
39744, 2
39747, 3
39748, 1
39750, 1
39751, 2
39753, 1
39763, 1
39765, 2
39766, 1
39770, 2
39778, 1
39782, 1
39791, 1
39792, 2
39794, 1
39795, 1
39801, 1
39802, 1
39811, 1
39813, 1
39815, 1
39817, 1
39825, 1
39826, 1
39834, 2
39835, 1
39836, 1
39837, 1
39838, 2
39839, 1
39843, 1
39845, 1
39847, 1
39849, 1
39850, 1
39851, 1
39852, 1
39854, 2
39856, 1
39857, 1
39859, 1
39860, 1
39861, 1
39862, 1
39872, 1
39886, 1
39889, 1
39892, 1
39894, 1
39896, 1
39900, 1
39901, 1
39906, 1
39912, 2
39915, 1
39917, 1
39918, 1
39919, 2
39920, 1
39921, 3
39924, 1
39928, 1
39931, 3
39935, 1
39940, 2
39942, 1
39943, 1
39967, 1
39969, 1
39970, 1
39974, 1
39976, 1
39986, 1
39988, 1
39992, 1
39994, 1
39997, 1
39999, 2
40001, 1
40003, 2
40007, 1
40009, 2
40014, 1
40015, 1
40016, 1
40023, 2
40026, 1
40028, 1
40029, 2
40036, 1
40041, 1
40042, 2
40045, 1
40051, 1
40053, 1
40054, 1
40055, 1
40058, 1
40059, 2
40060, 2
40062, 1
40064, 1
40069, 2
40070, 1
40073, 1
40082, 1
40084, 1
40086, 2
40087, 1
40088, 1
40096, 2
40101, 2
40107, 2
40110, 1
40114, 1
40117, 1
40118, 1
40130, 1
40134, 2
40143, 1
40144, 1
40146, 2
40156, 1
40158, 2
40159, 1
40161, 1
40162, 1
40164, 2
40167, 1
40169, 1
40170, 1
40176, 1
40177, 1
40178, 1
40180, 1
40182, 1
40193, 2
40195, 1
40198, 1
40203, 2
40206, 1
40210, 1
40211, 1
40212, 2
40216, 1
40218, 1
40226, 1
40229, 1
40237, 2
40244, 1
40246, 1
40250, 1
40252, 1
40253, 1
40254, 1
40255, 1
40258, 1
40260, 1
40262, 1
40265, 1
40269, 1
40270, 1
40271, 1
40272, 1
40273, 1
40276, 1
40280, 1
40281, 1
40283, 1
40287, 1
40305, 1
40307, 1
40308, 2
40312, 1
40319, 1
40320, 1
40324, 1
40328, 1
40330, 3
40331, 1
40332, 1
40333, 1
40341, 1
40344, 2
40348, 1
40350, 1
40354, 1
40355, 1
40357, 1
40359, 1
40362, 2
40364, 3
40365, 1
40366, 2
40369, 1
40371, 1
40373, 1
40381, 1
40385, 1
40386, 1
40388, 1
40391, 1
40393, 2
40398, 2
40406, 1
40418, 1
40419, 1
40428, 1
40429, 1
40431, 3
40432, 1
40434, 3
40435, 1
40436, 1
40446, 1
40447, 1
40448, 1
40454, 1
40456, 2
40462, 1
40470, 1
40474, 1
40476, 2
40477, 1
40479, 1
40484, 1
40485, 1
40496, 1
40497, 1
40498, 1
40516, 1
40517, 2
40521, 1
40523, 1
40526, 1
40530, 1
40533, 1
40535, 1
40536, 1
40539, 2
40541, 1
40542, 1
40544, 2
40557, 2
40558, 1
40571, 1
40575, 1
40583, 1
40589, 1
40600, 2
40603, 1
40614, 2
40619, 1
40623, 1
40646, 1
40654, 1
40656, 1
40658, 1
40669, 1
40673, 1
40677, 1
40684, 1
40686, 3
40694, 1
40696, 1
40706, 2
40712, 1
40725, 3
40737, 1
40743, 2
40744, 2
40745, 1
40752, 1
40757, 1
40765, 1
40769, 2
40770, 1
40778, 1
40784, 1
40790, 1
40815, 1
40818, 2
40829, 1
40838, 1
40841, 1
40844, 1
40852, 1
40859, 1
40861, 1
40879, 1
40881, 1
40888, 2
40895, 2
40900, 2
40909, 1
40919, 1
40920, 1
40926, 1
40935, 2
40936, 1
40938, 1
40950, 1
40954, 1
40955, 2
40969, 1
40984, 1
40991, 1
40996, 1
41002, 1
41003, 1
41007, 1
41016, 1
41028, 1
41031, 1
41034, 1
41038, 2
41044, 1
41046, 1
41047, 1
41048, 1
41049, 1
41053, 1
41065, 1
41069, 1
41071, 1
41082, 1
41100, 1
41115, 2
41132, 1
41137, 1
41144, 1
41158, 1
41162, 1
41163, 1
41178, 1
41183, 1
41198, 1
41204, 1
41216, 1
41221, 1
41227, 1
41240, 1
42106, 1
42125, 1
42149, 1
42177, 1
42182, 1
42183, 1
42186, 2
42192, 1
42194, 1
42202, 1
42203, 1
42210, 1
42215, 1
42223, 1
42228, 1
42231, 1
42235, 1
42240, 1
42248, 1
42270, 1
42271, 1
42285, 1
42287, 1
42294, 2
42301, 1
42302, 1
42316, 1
42319, 1
42321, 1
42323, 1
42331, 1
42337, 1
42340, 1
42352, 2
42353, 1
42357, 1
42371, 1
42373, 2
42379, 1
42382, 1
42383, 2
42386, 1
42390, 2
42401, 1
42406, 1
42408, 1
42424, 1
42427, 1
42435, 1
42445, 1
42447, 1
42453, 1
42456, 1
42460, 1
42464, 1
42465, 1
42475, 1
42480, 1
42481, 1
42484, 1
42492, 1
42497, 1
42500, 1
42501, 1
42506, 1
42511, 1
42516, 1
42517, 1
42521, 1
42524, 2
42525, 2
42526, 2
42533, 1
42536, 1
42538, 2
42539, 1
42547, 1
42551, 1
42554, 1
42560, 1
42565, 1
42566, 1
42568, 1
42569, 1
42572, 2
42574, 1
42579, 1
42581, 1
42582, 1
42583, 1
42588, 1
42592, 1
42596, 1
42598, 1
42600, 1
42603, 1
42605, 1
42609, 1
42610, 2
42622, 1
42627, 1
42628, 1
42630, 1
42633, 3
42635, 3
42636, 1
42639, 1
42641, 1
42642, 1
42643, 1
42648, 1
42653, 1
42654, 1
42657, 1
42658, 1
42662, 1
42664, 1
42665, 1
42667, 1
42677, 2
42683, 2
42684, 1
42685, 1
42693, 1
42695, 1
42700, 1
42701, 1
42710, 1
42711, 1
42714, 1
42717, 1
42718, 1
42719, 1
42723, 1
42724, 1
42728, 1
42729, 1
42738, 1
42740, 1
42742, 1
42745, 1
42750, 1
42753, 2
42755, 2
42761, 1
42762, 1
42766, 1
42773, 1
42775, 1
42785, 2
42788, 1
42791, 1
42792, 1
42793, 1
42801, 1
42802, 2
42804, 1
42806, 1
42807, 1
42808, 2
42811, 1
42812, 1
42813, 1
42820, 1
42821, 1
42822, 1
42823, 1
42824, 1
42825, 1
42826, 1
42832, 1
42839, 3
42841, 2
42843, 1
42848, 1
42851, 1
42856, 1
42865, 1
42866, 1
42868, 1
42870, 1
42871, 1
42878, 1
42881, 1
42887, 2
42893, 2
42894, 1
42897, 1
42902, 2
42903, 1
42904, 1
42905, 1
42911, 1
42914, 1
42915, 1
42917, 1
42920, 1
42921, 2
42925, 2
42927, 1
42932, 1
42933, 1
42937, 1
42938, 1
42941, 2
42942, 1
42947, 1
42951, 1
42953, 1
42958, 1
42969, 1
42974, 2
42979, 2
42980, 1
42983, 1
42985, 2
42986, 2
42987, 1
42989, 1
42994, 1
42997, 1
42998, 1
43000, 1
43006, 1
43009, 1
43016, 1
43021, 1
43022, 1
43025, 1
43029, 2
43031, 1
43036, 2
43041, 1
43043, 1
43049, 1
43054, 1
43055, 1
43057, 1
43062, 1
43063, 1
43064, 2
43066, 1
43070, 2
43071, 1
43072, 1
43073, 1
43076, 1
43078, 1
43080, 1
43084, 1
43085, 1
43087, 1
43091, 1
43096, 2
43101, 1
43113, 1
43115, 1
43118, 1
43119, 1
43120, 1
43129, 1
43131, 2
43132, 1
43137, 3
43140, 1
43142, 1
43147, 1
43148, 1
43151, 1
43155, 1
43162, 1
43165, 2
43167, 2
43172, 2
43173, 1
43175, 1
43177, 1
43179, 2
43183, 1
43185, 1
43196, 1
43199, 1
43200, 1
43205, 1
43208, 1
43209, 1
43212, 1
43216, 1
43221, 1
43222, 1
43231, 1
43233, 2
43234, 1
43236, 1
43238, 1
43242, 1
43244, 1
43248, 2
43250, 1
43252, 1
43258, 1
43261, 1
43266, 2
43271, 1
43272, 1
43278, 1
43279, 1
43282, 1
43283, 1
43285, 1
43290, 1
43292, 1
43293, 1
43298, 1
43301, 1
43306, 2
43313, 1
43316, 1
43317, 1
43319, 2
43320, 1
43323, 1
43324, 1
43329, 1
43331, 2
43337, 1
43339, 1
43344, 2
43346, 1
43347, 1
43349, 1
43353, 3
43355, 1
43359, 1
43365, 1
43368, 1
43369, 1
43373, 1
43376, 1
43381, 1
43386, 1
43387, 1
43391, 2
43392, 1
43393, 1
43394, 1
43395, 1
43396, 1
43399, 1
43406, 1
43409, 1
43411, 1
43413, 1
43416, 2
43418, 1
43427, 1
43431, 1
43436, 2
43437, 1
43440, 2
43442, 1
43443, 1
43445, 1
43447, 1
43454, 1
43455, 1
43456, 1
43459, 1
43460, 1
43464, 2
43472, 1
43475, 2
43482, 2
43486, 1
43489, 2
43490, 1
43491, 1
43492, 1
43495, 1
43496, 2
43499, 1
43508, 4
43514, 1
43517, 1
43519, 1
43524, 1
43525, 1
43526, 1
43527, 2
43532, 1
43541, 1
43543, 1
43550, 1
43551, 1
43562, 1
43570, 2
43571, 1
43576, 2
43577, 2
43579, 1
43583, 1
43584, 1
43587, 1
43591, 1
43592, 1
43593, 1
43594, 1
43595, 1
43596, 1
43602, 1
43603, 1
43604, 1
43609, 1
43612, 1
43613, 1
43615, 1
43617, 1
43620, 1
43621, 1
43622, 1
43631, 1
43635, 1
43637, 1
43639, 1
43642, 1
43650, 1
43652, 2
43653, 1
43655, 1
43657, 1
43660, 1
43662, 1
43663, 1
43666, 1
43669, 1
43672, 1
43683, 1
43686, 1
43687, 1
43692, 1
43693, 2
43699, 1
43701, 1
43705, 2
43706, 1
43709, 1
43710, 1
43712, 1
43717, 1
43719, 1
43725, 1
43737, 2
43739, 1
43745, 1
43747, 1
43750, 3
43751, 2
43754, 1
43755, 1
43761, 1
43763, 1
43765, 1
43766, 2
43767, 1
43771, 1
43773, 1
43777, 2
43779, 1
43780, 1
43784, 1
43785, 1
43791, 1
43792, 1
43793, 1
43795, 1
43797, 1
43798, 1
43799, 1
43803, 2
43814, 2
43815, 1
43816, 1
43821, 1
43822, 1
43828, 1
43833, 1
43835, 1
43836, 1
43838, 1
43840, 1
43842, 1
43845, 1
43846, 1
43855, 1
43859, 1
43862, 1
43863, 1
43864, 1
43867, 1
43873, 1
43874, 1
43883, 1
43894, 1
43896, 1
43898, 1
43899, 1
43904, 2
43905, 1
43906, 1
43912, 1
43913, 1
43915, 1
43916, 1
43917, 1
43919, 1
43921, 2
43922, 1
43923, 1
43926, 1
43932, 1
43934, 1
43935, 2
43938, 1
43939, 1
43943, 1
43946, 1
43949, 1
43959, 1
43962, 1
43973, 1
43975, 2
43976, 1
43981, 2
43985, 1
43990, 1
44000, 2
44003, 2
44012, 2
44013, 1
44015, 1
44016, 1
44021, 1
44022, 1
44024, 1
44026, 3
44027, 1
44029, 1
44035, 1
44036, 2
44040, 1
44042, 1
44048, 1
44050, 1
44052, 2
44053, 1
44057, 2
44059, 1
44061, 1
44063, 1
44064, 1
44068, 2
44069, 2
44070, 1
44078, 1
44082, 1
44083, 1
44097, 2
44099, 2
44100, 1
44105, 1
44106, 2
44107, 1
44118, 2
44119, 1
44125, 1
44126, 1
44127, 1
44131, 1
44132, 1
44135, 1
44137, 1
44143, 1
44144, 1
44146, 1
44147, 2
44152, 1
44158, 1
44161, 1
44165, 1
44171, 1
44173, 1
44176, 3
44177, 1
44179, 1
44180, 2
44186, 1
44188, 1
44190, 1
44199, 1
44203, 1
44207, 1
44209, 1
44210, 1
44215, 1
44216, 1
44228, 1
44229, 1
44233, 2
44234, 1
44235, 1
44238, 1
44239, 1
44240, 1
44242, 1
44244, 1
44245, 1
44246, 1
44253, 1
44254, 1
44263, 1
44265, 1
44266, 1
44271, 1
44274, 1
44276, 1
44277, 1
44282, 1
44286, 1
44291, 1
44292, 2
44293, 1
44302, 1
44305, 1
44309, 3
44310, 1
44318, 1
44321, 1
44332, 1
44336, 1
44339, 1
44341, 1
44344, 1
44352, 1
44353, 1
44358, 1
44360, 2
44365, 1
44369, 1
44378, 1
44386, 1
44392, 1
44395, 1
44399, 1
44400, 1
44407, 1
44409, 1
44424, 1
44435, 1
44436, 1
44437, 1
44440, 1
44443, 1
44446, 1
44450, 1
44454, 1
44457, 1
44459, 1
44461, 1
44473, 1
44479, 1
44487, 1
44497, 2
44499, 1
44505, 1
44511, 1
44524, 1
44531, 1
44537, 1
44540, 1
44550, 1
44552, 1
44558, 1
44568, 1
44575, 2
44576, 1
44578, 1
44589, 1
44599, 1
44606, 1
44617, 1
44619, 1
44622, 1
44631, 1
44639, 1
44654, 1
44660, 1
44662, 1
44674, 1
44687, 1
44691, 1
44695, 1
44704, 1
44717, 1
49983, 1
49991, 1
50009, 1
50012, 1
50013, 1
50041, 2
50044, 1
50047, 1
50051, 1
50056, 1
50063, 1
50066, 1
50067, 1
50072, 2
50081, 1
50085, 1
50094, 1
50102, 1
50103, 1
50104, 3
50111, 2
50112, 1
50113, 1
50114, 1
50116, 1
50121, 1
50131, 1
50133, 1
50138, 1
50147, 2
50148, 1
50159, 1
50164, 1
50165, 1
50168, 1
50171, 1
50172, 1
50174, 2
50175, 1
50177, 2
50178, 1
50182, 2
50184, 1
50190, 1
50191, 2
50195, 1
50196, 1
50202, 1
50205, 1
50209, 2
50221, 1
50226, 1
50229, 1
50232, 4
50234, 1
50236, 1
50237, 1
50240, 1
50243, 2
50245, 1
50250, 1
50251, 1
50254, 1
50255, 1
50256, 1
50258, 1
50262, 1
50263, 1
50265, 3
50266, 1
50270, 1
50274, 1
50279, 1
50280, 1
50283, 1
50284, 1
50285, 1
50289, 1
50301, 2
50302, 1
50317, 1
50322, 1
50326, 2
50330, 1
50334, 2
50335, 1
50336, 2
50346, 1
50347, 1
50348, 1
50350, 1
50353, 1
50355, 1
50356, 1
50363, 1
50365, 1
50368, 1
50372, 1
50374, 2
50379, 1
50382, 1
50384, 1
50389, 1
50390, 1
50395, 1
50399, 1
50400, 1
50401, 1
50402, 1
50403, 1
50407, 1
50417, 1
50419, 1
50420, 1
50422, 1
50426, 1
50431, 1
50432, 2
50433, 1
50437, 1
50440, 1
50441, 1
50445, 2
50449, 1
50451, 1
50455, 1
50458, 1
50460, 1
50462, 1
50465, 1
50473, 1
50474, 1
50477, 2
50479, 1
50482, 2
50488, 1
50489, 1
50490, 1
50491, 2
50495, 1
50503, 3
50519, 1
50521, 3
50525, 1
50526, 1
50528, 1
50529, 1
50533, 1
50534, 1
50538, 1
50539, 1
50541, 2
50544, 1
50545, 1
50554, 1
50555, 1
50556, 1
50564, 2
50568, 2
50569, 1
50570, 1
50573, 2
50576, 1
50582, 1
50583, 1
50591, 2
50596, 1
50597, 1
50599, 2
50603, 1
50605, 1
50606, 2
50613, 2
50614, 1
50621, 1
50627, 1
50630, 1
50633, 1
50635, 2
50640, 2
50650, 1
50655, 1
50656, 2
50657, 1
50659, 1
50660, 2
50662, 1
50663, 1
50664, 2
50672, 1
50676, 1
50677, 1
50680, 1
50682, 1
50683, 1
50684, 1
50686, 1
50690, 1
50693, 1
50694, 1
50695, 1
50697, 1
50699, 1
50701, 1
50712, 1
50716, 1
50719, 1
50724, 1
50725, 1
50726, 2
50727, 2
50731, 1
50733, 1
50739, 2
50741, 1
50745, 3
50754, 1
50756, 1
50757, 1
50761, 1
50762, 1
50778, 1
50779, 1
50781, 1
50785, 2
50786, 1
50787, 2
50788, 1
50791, 1
50794, 1
50795, 1
50796, 1
50798, 1
50815, 1
50817, 1
50823, 1
50826, 1
50831, 1
50832, 1
50833, 1
50841, 2
50846, 1
50847, 1
50851, 1
50852, 1
50855, 1
50857, 1
50861, 1
50862, 1
50863, 1
50865, 1
50871, 1
50874, 2
50875, 1
50877, 1
50878, 1
50880, 1
50885, 2
50890, 1
50891, 1
50894, 1
50901, 1
50906, 1
50907, 1
50910, 1
50913, 1
50916, 2
50918, 1
50920, 1
50921, 2
50924, 1
50926, 3
50930, 1
50932, 1
50934, 1
50935, 1
50939, 1
50941, 1
50942, 1
50946, 1
50947, 1
50948, 1
50954, 1
50962, 1
50964, 1
50967, 1
50968, 1
50976, 1
50986, 3
50987, 1
50988, 1
50990, 2
50998, 1
51002, 1
51003, 1
51005, 3
51009, 1
51010, 1
51013, 1
51015, 1
51020, 1
51026, 1
51032, 1
51037, 1
51044, 1
51046, 1
51047, 1
51048, 1
51049, 1
51050, 1
51052, 1
51055, 1
51056, 1
51057, 1
51060, 1
51067, 1
51074, 1
51075, 1
51079, 1
51081, 1
51083, 2
51084, 1
51085, 1
51087, 1
51103, 1
51109, 2
51111, 1
51115, 1
51116, 2
51117, 1
51118, 2
51119, 1
51123, 1
51124, 1
51125, 1
51127, 1
51128, 2
51135, 1
51136, 1
51138, 1
51142, 1
51144, 2
51148, 1
51149, 1
51157, 1
51158, 1
51160, 1
51163, 1
51165, 1
51168, 1
51173, 1
51174, 1
51175, 2
51179, 2
51181, 1
51189, 1
51193, 1
51201, 1
51203, 1
51204, 1
51209, 1
51213, 1
51217, 1
51219, 1
51222, 2
51223, 1
51224, 1
51225, 1
51227, 1
51230, 1
51237, 1
51239, 1
51240, 2
51244, 1
51247, 1
51248, 1
51252, 1
51254, 2
51255, 1
51262, 1
51263, 1
51266, 1
51274, 1
51276, 1
51278, 1
51279, 1
51283, 1
51286, 1
51290, 1
51291, 1
51294, 1
51297, 1
51304, 1
51311, 1
51314, 1
51317, 1
51319, 3
51322, 1
51323, 1
51332, 1
51334, 1
51336, 1
51340, 2
51342, 1
51343, 1
51348, 3
51352, 1
51359, 1
51362, 1
51367, 1
51368, 1
51369, 1
51371, 1
51373, 1
51374, 1
51375, 1
51377, 2
51380, 1
51383, 2
51389, 1
51394, 1
51400, 1
51402, 1
51405, 1
51406, 1
51408, 1
51410, 1
51411, 1
51414, 1
51416, 1
51419, 1
51420, 1
51422, 1
51423, 1
51428, 1
51431, 1
51432, 1
51436, 1
51438, 1
51439, 1
51440, 2
51441, 1
51445, 1
51452, 1
51459, 1
51461, 1
51462, 1
51463, 1
51471, 1
51474, 1
51475, 1
51478, 1
51480, 1
51482, 1
51488, 1
51495, 1
51497, 1
51499, 1
51500, 1
51506, 1
51507, 2
51515, 1
51516, 2
51517, 1
51523, 1
51529, 1
51530, 1
51532, 1
51534, 1
51536, 1
51540, 1
51541, 1
51543, 1
51544, 1
51545, 2
51549, 1
51550, 1
51551, 1
51554, 1
51556, 1
51559, 1
51568, 1
51569, 1
51571, 1
51575, 1
51577, 1
51582, 1
51584, 1
51588, 1
51589, 1
51591, 1
51594, 1
51597, 1
51599, 1
51601, 1
51603, 1
51605, 1
51610, 2
51615, 1
51618, 1
51622, 1
51623, 1
51625, 1
51631, 2
51633, 1
51634, 1
51644, 1
51647, 1
51648, 1
51650, 2
51652, 1
51666, 1
51669, 2
51670, 1
51671, 1
51673, 1
51678, 2
51680, 1
51684, 1
51687, 1
51689, 1
51691, 1
51692, 1
51694, 1
51695, 1
51698, 1
51702, 1
51703, 1
51704, 1
51709, 1
51714, 1
51715, 2
51717, 1
51729, 1
51731, 1
51732, 2
51734, 1
51738, 1
51739, 1
51741, 1
51742, 1
51748, 1
51749, 1
51751, 1
51758, 1
51760, 1
51762, 1
51767, 3
51769, 1
51774, 1
51787, 1
51788, 2
51790, 1
51794, 1
51799, 1
51800, 1
51801, 3
51806, 1
51808, 1
51810, 1
51811, 1
51812, 1
51816, 1
51818, 1
51819, 1
51822, 1
51828, 2
51829, 1
51831, 1
51835, 1
51840, 1
51841, 1
51843, 1
51844, 1
51847, 1
51850, 3
51851, 1
51852, 1
51857, 1
51858, 2
51870, 1
51871, 1
51872, 2
51886, 1
51888, 1
51896, 1
51900, 1
51902, 1
51906, 1
51907, 1
51908, 2
51909, 1
51910, 1
51913, 1
51920, 1
51924, 1
51926, 1
51928, 1
51930, 1
51932, 2
51936, 1
51937, 1
51938, 1
51944, 1
51946, 2
51951, 1
51956, 1
51957, 1
51959, 2
51966, 2
51967, 1
51970, 1
51973, 1
51974, 1
51977, 1
51981, 1
51987, 1
51994, 1
51996, 1
51997, 1
52001, 1
52003, 1
52004, 1
52008, 2
52013, 1
52016, 1
52018, 1
52020, 1
52024, 2
52029, 1
52031, 3
52035, 1
52040, 1
52043, 1
52045, 1
52046, 1
52050, 1
52051, 1
52055, 1
52056, 1
52057, 1
52061, 1
52063, 1
52064, 1
52066, 2
52073, 1
52084, 1
52092, 1
52093, 1
52095, 1
52096, 1
52098, 1
52099, 1
52102, 1
52103, 1
52106, 1
52107, 1
52108, 1
52110, 1
52112, 2
52115, 1
52117, 1
52119, 1
52120, 2
52123, 2
52124, 1
52132, 1
52135, 1
52142, 1
52145, 1
52152, 1
52154, 2
52155, 2
52157, 1
52163, 1
52164, 1
52165, 1
52168, 1
52172, 1
52182, 1
52184, 1
52189, 1
52198, 1
52199, 2
52215, 1
52216, 1
52220, 1
52222, 1
52223, 1
52226, 1
52228, 1
52229, 2
52242, 2
52253, 1
52278, 1
57582, 1
57673, 1
57737, 1
57740, 1
57741, 1
57748, 1
57754, 1
57763, 1
57764, 1
57768, 1
57777, 1
57780, 1
57786, 1
57797, 1
57805, 1
57812, 1
57823, 1
57826, 2
57832, 1
57834, 2
57835, 2
57838, 1
57843, 1
57844, 1
57845, 1
57846, 1
57856, 1
57857, 1
57863, 1
57868, 1
57869, 1
57876, 1
57878, 2
57879, 2
57880, 1
57882, 1
57898, 1
57899, 1
57900, 1
57901, 2
57902, 1
57905, 1
57908, 1
57909, 1
57911, 1
57913, 1
57916, 1
57917, 2
57919, 1
57923, 1
57926, 1
57930, 1
57938, 1
57939, 1
57942, 1
57944, 1
57948, 1
57949, 1
57955, 1
57956, 1
57960, 1
57963, 1
57972, 1
57982, 1
57983, 1
57984, 1
57986, 2
57988, 1
57995, 1
57996, 1
57997, 1
57998, 2
57999, 1
58001, 1
58002, 1
58004, 2
58006, 1
58008, 1
58009, 1
58012, 1
58013, 2
58014, 1
58018, 1
58020, 1
58023, 3
58037, 1
58040, 1
58046, 1
58047, 1
58058, 1
58065, 1
58069, 1
58072, 2
58075, 2
58077, 1
58092, 1
58093, 2
58094, 1
58095, 1
58103, 1
58105, 1
58107, 1
58108, 1
58110, 1
58111, 2
58114, 1
58115, 2
58118, 2
58126, 1
58130, 1
58138, 1
58141, 1
58142, 1
58149, 1
58151, 1
58159, 1
58160, 1
58163, 2
58166, 1
58169, 1
58170, 1
58174, 1
58177, 3
58179, 1
58182, 1
58187, 1
58195, 1
58197, 1
58200, 1
58201, 1
58203, 1
58204, 1
58211, 1
58212, 1
58216, 1
58218, 1
58219, 1
58223, 1
58227, 1
58228, 2
58231, 1
58237, 2
58240, 1
58242, 1
58243, 1
58244, 1
58247, 1
58248, 1
58250, 1
58251, 1
58254, 2
58255, 1
58256, 1
58257, 1
58262, 1
58266, 1
58267, 1
58268, 1
58269, 1
58279, 1
58281, 2
58282, 1
58284, 1
58293, 2
58299, 1
58303, 1
58306, 1
58310, 1
58311, 1
58317, 1
58319, 1
58320, 1
58323, 1
58333, 2
58335, 2
58342, 1
58343, 1
58345, 2
58349, 2
58350, 1
58355, 2
58358, 1
58359, 2
58360, 1
58364, 1
58367, 2
58369, 1
58378, 1
58385, 1
58389, 1
58399, 2
58402, 1
58403, 1
58404, 1
58406, 1
58411, 2
58414, 1
58415, 1
58422, 1
58424, 1
58427, 2
58432, 1
58433, 1
58435, 3
58436, 1
58437, 1
58443, 2
58445, 1
58446, 1
58447, 2
58451, 1
58455, 1
58463, 1
58464, 2
58467, 1
58469, 2
58481, 1
58483, 1
58488, 1
58489, 1
58494, 1
58495, 1
58496, 1
58497, 1
58504, 1
58505, 1
58506, 1
58508, 1
58510, 1
58517, 1
58518, 1
58519, 1
58526, 1
58528, 1
58529, 1
58530, 1
58532, 1
58533, 1
58541, 1
58546, 1
58550, 1
58552, 1
58553, 3
58562, 2
58563, 2
58564, 1
58575, 1
58578, 1
58581, 1
58583, 1
58585, 2
58593, 1
58598, 1
58599, 1
58602, 1
58606, 1
58608, 1
58612, 1
58615, 1
58620, 1
58621, 2
58623, 1
58627, 1
58628, 1
58632, 1
58635, 1
58638, 1
58639, 1
58640, 1
58644, 1
58647, 1
58657, 1
58658, 1
58660, 1
58663, 1
58666, 2
58667, 2
58670, 1
58671, 1
58673, 1
58676, 1
58679, 1
58682, 2
58683, 1
58686, 3
58687, 1
58689, 2
58690, 1
58692, 2
58697, 2
58698, 1
58703, 2
58708, 1
58709, 1
58711, 1
58721, 1
58731, 1
58732, 1
58742, 1
58745, 1
58747, 1
58755, 1
58758, 1
58771, 1
58774, 1
58776, 2
58778, 2
58782, 3
58788, 1
58789, 2
58792, 2
58793, 1
58794, 2
58795, 2
58797, 1
58798, 1
58799, 1
58809, 1
58810, 1
58815, 2
58818, 1
58822, 1
58825, 1
58832, 1
58838, 1
58842, 1
58846, 1
58847, 2
58850, 1
58852, 1
58854, 1
58855, 1
58857, 1
58858, 2
58860, 2
58862, 1
58866, 1
58870, 2
58880, 1
58884, 2
58891, 1
58895, 1
58896, 1
58898, 1
58899, 1
58900, 1
58903, 1
58906, 1
58910, 1
58912, 1
58915, 1
58916, 1
58921, 1
58924, 1
58928, 2
58931, 1
58935, 1
58937, 1
58939, 2
58941, 1
58945, 1
58951, 1
58954, 1
58955, 1
58963, 1
58964, 1
58966, 1
58968, 1
58969, 1
58976, 1
58979, 1
58982, 1
58986, 1
58990, 1
58991, 1
58994, 1
58995, 1
59000, 1
59002, 1
59005, 2
59007, 2
59011, 1
59013, 1
59016, 1
59017, 1
59018, 1
59020, 1
59026, 1
59028, 1
59029, 1
59030, 2
59031, 2
59032, 1
59038, 1
59039, 1
59042, 3
59044, 1
59051, 1
59053, 1
59060, 1
59061, 1
59069, 1
59074, 1
59076, 1
59083, 1
59085, 1
59087, 1
59088, 2
59089, 1
59096, 1
59099, 1
59108, 1
59112, 1
59115, 1
59116, 1
59117, 2
59118, 2
59119, 1
59121, 1
59123, 1
59127, 1
59128, 1
59130, 1
59131, 2
59134, 1
59140, 1
59147, 1
59156, 1
59164, 2
59166, 1
59168, 1
59173, 2
59178, 1
59179, 1
59181, 1
59189, 1
59192, 1
59200, 2
59201, 2
59202, 1
59203, 1
59205, 1
59211, 2
59213, 2
59214, 1
59215, 1
59224, 1
59230, 1
59234, 1
59236, 2
59237, 1
59245, 3
59246, 1
59248, 1
59250, 1
59253, 1
59255, 1
59258, 1
59262, 2
59266, 2
59268, 1
59276, 1
59278, 1
59279, 2
59281, 1
59282, 1
59284, 1
59285, 1
59290, 1
59291, 1
59295, 1
59299, 1
59305, 2
59306, 3
59309, 1
59311, 1
59317, 3
59322, 1
59323, 1
59329, 1
59331, 1
59340, 2
59350, 1
59355, 1
59356, 1
59357, 1
59360, 1
59361, 1
59362, 1
59365, 2
59366, 1
59369, 1
59370, 1
59372, 1
59373, 1
59374, 1
59375, 1
59376, 1
59379, 1
59380, 1
59381, 1
59384, 1
59386, 1
59388, 1
59391, 1
59394, 1
59398, 1
59405, 1
59414, 1
59415, 1
59416, 1
59423, 1
59425, 1
59431, 1
59433, 1
59442, 1
59446, 1
59455, 1
59457, 1
59459, 1
59460, 2
59461, 1
59464, 1
59472, 2
59475, 1
59477, 1
59478, 4
59479, 2
59480, 1
59483, 2
59489, 1
59492, 1
59499, 1
59502, 1
59507, 1
59508, 1
59509, 1
59510, 2
59515, 1
59524, 2
59528, 1
59530, 2
59536, 1
59538, 2
59539, 1
59542, 1
59543, 1
59544, 1
59545, 1
59547, 1
59555, 1
59560, 1
59563, 1
59567, 1
59568, 1
59571, 1
59572, 1
59573, 1
59578, 1
59579, 1
59581, 1
59586, 1
59595, 1
59599, 1
59604, 1
59605, 1
59607, 1
59608, 1
59611, 2
59615, 1
59618, 1
59619, 1
59622, 1
59623, 1
59624, 1
59629, 1
59633, 2
59635, 1
59636, 1
59647, 1
59649, 1
59651, 1
59653, 1
59660, 1
59661, 1
59664, 1
59669, 2
59670, 2
59677, 2
59678, 1
59684, 1
59687, 1
59688, 1
59690, 1
59691, 1
59692, 1
59695, 1
59697, 1
59699, 2
59700, 1
59701, 1
59707, 1
59711, 1
59713, 2
59714, 1
59716, 2
59723, 2
59724, 1
59725, 2
59728, 1
59732, 1
59736, 1
59751, 2
59758, 1
59767, 1
59770, 1
59771, 1
59772, 2
59781, 1
59783, 1
59788, 1
59791, 1
59792, 1
59794, 1
59795, 1
59798, 1
59799, 1
59800, 2
59801, 1
59803, 1
59805, 1
59806, 1
59811, 1
59814, 1
59815, 1
59819, 1
59822, 1
59827, 1
59830, 1
59832, 1
59836, 1
59837, 1
59848, 1
59849, 1
59856, 1
59863, 1
59871, 1
59873, 1
59877, 1
59878, 1
59884, 4
59885, 1
59890, 1
59894, 1
59895, 1
59896, 1
59897, 1
59898, 1
59908, 1
59909, 1
59913, 1
59915, 1
59918, 1
59920, 1
59928, 1
59929, 4
59930, 1
59931, 1
59933, 1
59949, 1
59951, 1
59953, 1
59956, 1
59960, 1
59961, 1
59963, 1
59964, 1
59968, 1
59974, 1
59978, 1
59981, 1
60000, 1
60023, 1
60034, 1
60494, 1
60529, 1
60538, 1
60556, 1
60559, 1
60577, 1
60585, 1
60604, 1
60609, 1
60613, 1
60614, 2
60620, 1
60624, 1
60629, 2
60634, 1
60638, 1
60642, 1
60660, 1
60662, 1
60682, 1
60692, 1
60710, 1
60717, 1
60718, 1
60719, 1
60720, 1
60728, 1
60734, 1
60739, 1
60740, 1
60745, 1
60747, 1
60751, 2
60753, 1
60757, 1
60758, 1
60760, 1
60767, 1
60770, 1
60773, 1
60778, 1
60779, 1
60780, 1
60781, 1
60782, 1
60785, 1
60789, 1
60795, 1
60799, 2
60803, 1
60805, 2
60807, 2
60809, 1
60816, 1
60817, 1
60821, 2
60823, 1
60826, 1
60829, 1
60834, 1
60836, 1
60847, 1
60848, 1
60851, 1
60853, 1
60857, 1
60859, 1
60861, 1
60863, 1
60865, 1
60868, 1
60871, 1
60876, 2
60881, 2
60886, 1
60887, 1
60901, 1
60903, 1
60906, 1
60907, 2
60908, 2
60909, 1
60911, 1
60916, 1
60922, 1
60923, 1
60924, 3
60927, 2
60937, 1
60940, 2
60945, 1
60953, 1
60954, 1
60957, 1
60961, 1
60963, 1
60969, 1
60970, 1
60973, 1
60974, 1
60975, 1
60977, 2
60980, 1
60981, 1
60991, 1
60992, 1
60998, 1
61001, 1
61002, 1
61003, 1
61006, 1
61008, 2
61010, 1
61012, 1
61013, 1
61024, 1
61026, 1
61032, 1
61040, 3
61043, 1
61050, 1
61059, 1
61060, 1
61063, 1
61067, 1
61073, 1
61079, 1
61082, 2
61084, 1
61085, 3
61090, 1
61092, 1
61096, 1
61099, 1
61105, 1
61107, 1
61109, 2
61111, 1
61112, 2
61118, 1
61120, 1
61121, 1
61126, 1
61127, 2
61128, 1
61131, 1
61133, 2
61136, 1
61140, 1
61143, 1
61144, 2
61146, 1
61147, 1
61148, 1
61149, 1
61150, 1
61153, 1
61155, 1
61159, 1
61164, 1
61165, 1
61168, 1
61171, 1
61172, 1
61178, 1
61181, 1
61182, 1
61185, 1
61188, 1
61189, 1
61192, 1
61195, 1
61205, 1
61214, 1
61216, 1
61217, 1
61227, 1
61231, 1
61232, 1
61234, 1
61235, 1
61236, 1
61238, 1
61241, 1
61242, 1
61244, 2
61245, 1
61249, 1
61253, 1
61258, 1
61259, 1
61262, 1
61268, 1
61271, 1
61272, 1
61273, 1
61281, 1
61289, 3
61291, 2
61292, 1
61295, 2
61297, 2
61299, 1
61302, 1
61303, 1
61305, 1
61306, 1
61315, 1
61316, 2
61317, 1
61321, 1
61323, 2
61327, 1
61329, 1
61338, 1
61344, 2
61345, 1
61346, 1
61347, 1
61348, 1
61353, 1
61356, 1
61368, 1
61370, 1
61373, 1
61378, 2
61381, 1
61382, 1
61386, 1
61390, 1
61394, 2
61396, 1
61400, 2
61403, 2
61404, 1
61405, 1
61408, 1
61416, 1
61418, 1
61421, 1
61424, 1
61426, 1
61428, 1
61430, 1
61434, 1
61437, 1
61438, 2
61441, 1
61452, 2
61456, 1
61464, 2
61465, 2
61466, 1
61467, 1
61482, 1
61483, 1
61487, 1
61488, 4
61500, 1
61503, 1
61504, 1
61505, 1
61508, 1
61512, 1
61513, 1
61515, 1
61517, 1
61519, 1
61525, 1
61526, 2
61534, 1
61535, 1
61540, 1
61543, 1
61544, 1
61546, 1
61547, 1
61549, 3
61556, 1
61559, 3
61569, 1
61572, 1
61573, 1
61574, 1
61577, 1
61580, 1
61581, 1
61588, 1
61590, 2
61591, 2
61592, 2
61596, 1
61601, 1
61603, 1
61604, 1
61606, 1
61607, 2
61608, 1
61610, 1
61612, 1
61614, 1
61617, 1
61620, 1
61625, 2
61634, 1
61637, 1
61644, 1
61647, 2
61652, 1
61654, 1
61656, 1
61658, 3
61661, 1
61664, 1
61666, 1
61667, 1
61680, 1
61684, 1
61686, 1
61687, 1
61689, 1
61690, 1
61691, 2
61692, 1
61702, 1
61704, 1
61708, 2
61714, 1
61715, 1
61717, 1
61720, 1
61724, 2
61726, 1
61733, 2
61737, 1
61740, 1
61741, 1
61743, 1
61751, 1
61753, 1
61755, 2
61756, 1
61757, 1
61761, 1
61762, 1
61767, 1
61768, 1
61769, 1
61773, 1
61782, 1
61791, 1
61793, 1
61798, 1
61805, 1
61810, 1
61811, 1
61812, 2
61817, 1
61818, 1
61819, 1
61827, 1
61828, 2
61829, 1
61830, 1
61832, 2
61836, 1
61840, 1
61841, 2
61842, 1
61843, 1
61848, 2
61851, 1
61853, 1
61855, 1
61857, 1
61858, 1
61860, 1
61861, 1
61865, 1
61866, 1
61868, 1
61875, 1
61876, 1
61877, 1
61880, 1
61889, 1
61891, 1
61896, 1
61899, 1
61908, 1
61911, 1
61916, 1
61917, 3
61920, 1
61921, 1
61923, 1
61925, 2
61929, 2
61936, 1
61937, 1
61944, 1
61946, 1
61947, 2
61949, 1
61954, 1
61956, 1
61962, 1
61963, 1
61966, 1
61968, 1
61971, 1
61974, 1
61975, 2
61977, 1
61979, 1
61980, 1
61981, 1
61982, 1
61987, 1
61990, 1
61991, 1
61997, 1
61999, 2
62000, 1
62002, 1
62003, 2
62004, 1
62007, 1
62010, 1
62014, 2
62015, 1
62021, 1
62027, 1
62028, 1
62029, 1
62030, 1
62040, 1
62043, 1
62052, 1
62056, 1
62061, 1
62064, 1
62065, 1
62067, 1
62070, 1
62077, 1
62080, 1
62083, 1
62088, 1
62095, 2
62096, 1
62100, 1
62103, 1
62105, 2
62106, 1
62108, 1
62110, 2
62113, 1
62114, 2
62116, 1
62122, 2
62126, 1
62131, 1
62137, 1
62138, 1
62147, 2
62148, 2
62150, 1
62151, 1
62155, 1
62156, 1
62164, 1
62167, 2
62171, 1
62175, 1
62177, 1
62189, 2
62191, 1
62192, 1
62194, 1
62196, 2
62199, 1
62200, 1
62209, 1
62210, 1
62215, 1
62216, 1
62219, 1
62220, 1
62221, 2
62226, 1
62227, 1
62231, 3
62232, 1
62235, 1
62239, 2
62241, 1
62245, 1
62255, 1
62257, 1
62259, 1
62263, 1
62264, 1
62265, 1
62271, 1
62272, 1
62274, 1
62276, 2
62280, 1
62284, 1
62286, 1
62288, 1
62291, 3
62292, 1
62294, 2
62296, 1
62297, 2
62300, 1
62301, 2
62305, 1
62306, 1
62308, 2
62315, 1
62319, 1
62330, 1
62337, 1
62340, 1
62342, 2
62345, 2
62348, 1
62354, 1
62365, 1
62366, 1
62369, 2
62373, 1
62374, 2
62375, 1
62378, 1
62383, 1
62391, 1
62392, 1
62395, 2
62405, 1
62407, 1
62408, 1
62412, 1
62413, 1
62416, 1
62418, 1
62421, 1
62426, 1
62435, 1
62437, 1
62438, 1
62439, 1
62440, 1
62441, 1
62445, 1
62449, 1
62450, 1
62451, 2
62453, 1
62462, 2
62463, 1
62464, 1
62465, 1
62466, 1
62474, 1
62475, 1
62478, 1
62480, 1
62481, 1
62486, 1
62487, 1
62489, 1
62490, 1
62494, 1
62496, 1
62501, 1
62505, 1
62511, 1
62512, 2
62515, 1
62516, 1
62523, 1
62524, 1
62526, 1
62530, 1
62533, 1
62536, 1
62539, 2
62540, 1
62541, 1
62544, 1
62545, 1
62546, 1
62547, 1
62560, 1
62561, 1
62562, 2
62566, 1
62568, 1
62572, 1
62574, 1
62580, 1
62582, 2
62589, 1
62590, 1
62598, 1
62600, 2
62601, 1
62604, 2
62607, 1
62608, 1
62610, 1
62615, 1
62624, 1
62627, 1
62628, 1
62630, 2
62635, 1
62637, 1
62639, 1
62646, 1
62649, 2
62653, 1
62654, 1
62659, 3
62663, 1
62664, 3
62665, 1
62671, 1
62672, 1
62675, 1
62679, 1
62680, 1
62681, 1
62684, 1
62686, 2
62687, 2
62688, 2
62690, 1
62691, 1
62693, 1
62712, 2
62713, 1
62721, 1
62727, 1
62733, 1
62744, 1
62745, 1
62746, 1
62752, 1
62758, 1
62761, 2
62767, 1
62768, 1
62770, 1
62772, 1
62779, 1
62786, 1
62791, 1
62796, 1
62798, 1
62800, 1
62805, 1
62820, 1
62822, 1
62830, 1
62831, 1
62835, 1
62840, 1
62850, 2
62855, 1
62859, 1
62872, 1
62873, 1
62874, 1
62888, 1
62899, 1
62903, 1
62932, 1
62937, 1
62959, 1
62991, 1
62992, 1
63015, 1
63024, 1
63868, 1
63884, 1
63913, 1
63924, 1
63947, 1
63965, 1
63971, 1
63984, 1
63989, 1
64014, 1
64025, 1
64027, 1
64028, 1
64036, 1
64049, 1
64057, 1
64060, 1
64073, 1
64075, 1
64080, 1
64089, 1
64092, 1
64104, 2
64106, 1
64108, 1
64110, 1
64119, 1
64120, 1
64123, 1
64128, 1
64132, 1
64136, 1
64139, 1
64145, 1
64146, 1
64152, 1
64158, 1
64163, 1
64175, 1
64177, 1
64179, 1
64196, 1
64201, 1
64202, 1
64210, 1
64216, 1
64217, 1
64225, 1
64229, 1
64236, 1
64245, 1
64246, 2
64251, 1
64258, 1
64260, 1
64269, 1
64274, 1
64281, 1
64286, 1
64287, 1
64296, 1
64304, 1
64307, 1
64308, 1
64312, 1
64320, 1
64322, 1
64323, 1
64328, 1
64329, 1
64339, 1
64342, 1
64351, 1
64363, 1
64376, 1
64377, 3
64402, 1
64414, 1
64422, 1
64424, 1
64428, 2
64433, 1
64446, 1
64451, 1
64459, 1
64467, 1
64473, 2
64481, 1
64484, 1
64487, 1
64489, 1
64490, 1
64491, 1
64498, 1
64501, 1
64503, 1
64505, 1
64512, 1
64531, 1
64535, 1
64547, 1
64556, 2
64558, 1
64564, 1
64568, 1
64571, 1
64572, 1
64573, 1
64575, 1
64582, 2
64594, 1
64595, 1
64597, 2
64601, 1
64609, 1
64615, 1
64624, 1
64631, 1
64633, 1
64645, 1
64654, 1
64657, 1
64660, 1
64666, 1
64667, 1
64674, 1
64675, 1
64683, 1
64693, 1
64697, 1
64698, 1
64702, 1
64707, 1
64710, 1
64714, 1
64720, 1
64723, 2
64724, 1
64725, 2
64731, 1
64733, 1
64741, 1
64746, 2
64756, 1
64757, 1
64760, 1
64764, 1
64765, 2
64781, 2
64787, 1
64795, 2
64798, 1
64800, 1
64803, 1
64806, 1
64810, 1
64811, 1
64813, 1
64817, 2
64819, 1
64820, 1
64823, 1
64828, 1
64829, 1
64830, 1
64837, 2
64842, 1
64844, 1
64849, 1
64853, 1
64855, 1
64858, 1
64859, 1
64862, 1
64863, 1
64871, 1
64874, 1
64881, 1
64885, 1
64890, 1
64893, 2
64894, 1
64896, 1
64900, 1
64908, 1
64910, 1
64913, 1
64917, 1
64920, 1
64921, 1
64923, 1
64925, 1
64926, 1
64927, 2
64928, 1
64929, 3
64932, 1
64934, 1
64935, 1
64939, 1
64941, 1
64948, 1
64952, 2
64954, 1
64957, 1
64961, 1
64963, 1
64966, 1
64969, 2
64978, 1
64982, 1
64987, 1
64992, 2
64994, 1
64997, 1
65000, 1
65001, 2
65003, 2
65005, 1
65011, 1
65013, 1
65019, 2
65020, 1
65023, 1
65026, 2
65027, 1
65034, 1
65035, 2
65041, 1
65045, 1
65047, 2
65048, 1
65060, 1
65061, 1
65068, 1
65079, 1
65081, 1
65084, 1
65087, 1
65092, 2
65093, 1
65094, 2
65098, 1
65099, 1
65107, 2
65108, 1
65109, 1
65112, 1
65115, 1
65117, 1
65118, 1
65121, 1
65122, 2
65130, 1
65135, 1
65141, 1
65142, 1
65146, 1
65150, 1
65151, 1
65152, 1
65153, 1
65155, 1
65156, 1
65159, 2
65161, 1
65163, 1
65165, 1
65170, 2
65174, 1
65175, 3
65176, 1
65182, 2
65186, 1
65195, 1
65197, 2
65203, 2
65207, 1
65209, 2
65215, 1
65216, 2
65231, 1
65232, 1
65234, 1
65238, 1
65240, 1
65249, 1
65250, 1
65253, 1
65257, 1
65259, 2
65260, 2
65261, 1
65265, 1
65270, 2
65271, 1
65274, 1
65278, 1
65281, 1
65283, 2
65284, 3
65285, 1
65293, 1
65294, 1
65301, 1
65303, 1
65305, 2
65308, 1
65319, 1
65329, 1
65332, 1
65339, 1
65343, 1
65344, 2
65349, 1
65351, 2
65361, 1
65363, 1
65366, 1
65367, 1
65373, 2
65375, 2
65377, 1
65379, 1
65380, 1
65382, 1
65388, 2
65390, 1
65391, 1
65392, 1
65393, 1
65394, 2
65398, 1
65399, 1
65401, 1
65402, 1
65404, 1
65405, 1
65406, 1
65409, 1
65420, 1
65426, 1
65428, 2
65431, 1
65435, 1
65438, 1
65441, 1
65442, 1
65444, 1
65448, 1
65452, 2
65456, 1
65460, 1
65471, 1
65472, 1
65473, 1
65474, 3
65476, 1
65478, 1
65479, 1
65483, 1
65486, 1
65488, 1
65495, 1
65497, 1
65499, 2
65502, 2
65503, 1
65513, 1
65516, 1
65517, 1
65520, 2
65523, 1
65527, 1
65531, 1
65532, 1
65534, 1
65536, 1
65538, 1
65539, 1
65540, 1
65541, 1
65544, 1
65545, 1
65546, 1
65548, 1
65554, 1
65558, 1
65559, 1
65560, 1
65561, 1
65564, 1
65565, 1
65580, 1
65584, 1
65586, 1
65592, 1
65593, 1
65596, 1
65601, 1
65602, 2
65603, 1
65606, 2
65611, 2
65612, 2
65621, 1
65623, 1
65624, 2
65626, 1
65628, 1
65630, 1
65633, 1
65643, 1
65644, 1
65645, 1
65649, 1
65650, 1
65652, 1
65657, 2
65664, 1
65668, 2
65672, 1
65674, 1
65678, 1
65680, 1
65682, 2
65683, 1
65687, 1
65688, 1
65696, 1
65697, 1
65701, 1
65702, 1
65703, 2
65704, 2
65706, 1
65710, 2
65718, 1
65721, 1
65729, 2
65730, 1
65734, 1
65744, 2
65745, 1
65746, 1
65751, 1
65760, 1
65769, 1
65775, 1
65776, 1
65780, 1
65782, 1
65785, 1
65787, 2
65788, 1
65789, 1
65791, 4
65801, 1
65802, 1
65803, 1
65805, 1
65806, 1
65812, 1
65813, 1
65815, 1
65819, 1
65822, 1
65830, 1
65831, 1
65835, 1
65836, 1
65837, 1
65841, 1
65843, 2
65847, 2
65850, 1
65852, 1
65853, 1
65857, 1
65859, 2
65861, 1
65865, 1
65867, 1
65868, 1
65871, 1
65872, 1
65874, 1
65876, 2
65882, 1
65891, 2
65898, 1
65899, 1
65908, 1
65909, 1
65913, 1
65914, 2
65919, 1
65921, 1
65932, 2
65934, 1
65935, 1
65937, 1
65939, 1
65940, 1
65942, 1
65943, 1
65944, 1
65945, 1
65948, 1
65950, 1
65953, 1
65956, 1
65958, 1
65964, 2
65966, 2
65976, 1
65979, 1
65982, 1
65987, 2
65989, 2
65991, 1
66008, 1
66009, 1
66013, 2
66016, 2
66017, 1
66022, 2
66024, 1
66027, 1
66028, 1
66035, 1
66038, 1
66041, 1
66043, 1
66047, 1
66049, 1
66050, 1
66053, 1
66057, 1
66058, 1
66066, 1
66073, 1
66075, 1
66077, 2
66078, 1
66079, 1
66081, 1
66088, 1
66090, 1
66091, 1
66094, 1
66108, 1
66109, 1
66111, 1
66112, 1
66114, 1
66124, 1
66125, 1
66127, 1
66133, 1
66137, 1
66140, 1
66141, 2
66143, 1
66145, 1
66153, 1
66155, 1
66156, 3
66161, 1
66162, 1
66163, 1
66167, 1
66168, 1
66170, 1
66171, 1
66175, 1
66190, 1
66195, 1
66196, 1
66197, 1
66198, 1
66203, 1
66212, 1
66215, 1
66220, 2
66221, 1
66223, 1
66228, 2
66231, 1
66234, 1
66243, 1
66248, 1
66276, 2
66285, 3
66286, 1
66293, 1
66296, 1
66297, 2
66298, 1
66300, 1
66302, 1
66317, 1
66318, 1
66325, 1
66340, 1
66350, 1
66351, 1
66353, 1
66355, 1
66357, 1
66365, 1
66366, 1
66370, 1
66371, 1
66380, 1
66387, 2
66389, 2
66391, 1
66398, 1
66408, 2
66411, 1
66420, 1
66429, 1
66437, 1
66441, 1
66449, 1
66457, 1
66470, 2
66476, 1
66483, 1
66488, 1
66491, 1
66499, 1
66509, 1
66511, 1
66518, 1
66519, 1
66525, 1
66528, 1
66539, 1
66540, 1
66542, 1
66546, 1
66547, 1
66548, 1
66549, 1
66554, 1
66565, 1
66568, 1
66571, 1
66574, 1
66584, 1
66585, 1
66600, 1
66602, 1
66605, 1
66620, 1
66627, 1
66630, 1
66638, 1
66642, 1
66649, 1
66653, 1
66661, 1
66662, 1
66665, 1
66673, 1
66680, 1
66684, 1
66689, 1
66699, 1
66701, 1
66705, 2
66707, 1
66718, 1
66734, 2
66741, 1
66743, 1
66745, 1
66753, 2
66756, 1
66757, 1
66766, 1
66777, 1
66797, 1
66802, 1
66808, 1
66812, 1
66813, 1
66816, 1
66820, 1
66832, 1
66838, 1
66849, 1
66857, 1
66864, 1
66870, 1
66878, 1
66880, 1
66894, 1
66900, 1
66911, 1
66913, 1
66914, 1
66916, 1
66926, 1
66941, 1
66951, 1
66968, 1
66979, 1
66980, 1
66983, 1
66995, 1
67012, 1
67054, 1
67063, 1
67070, 1
71674, 1
71759, 1
71784, 1
71801, 1
71806, 1
71824, 1
71828, 1
71835, 1
71843, 1
71876, 2
71877, 1
71881, 1
71882, 1
71884, 1
71904, 1
71914, 1
71929, 1
71935, 1
71939, 1
71943, 1
71946, 1
71947, 1
71951, 2
71982, 2
71987, 1
72002, 1
72003, 2
72008, 1
72009, 1
72011, 1
72023, 1
72033, 1
72039, 1
72042, 1
72043, 1
72048, 1
72063, 1
72066, 1
72074, 1
72075, 1
72080, 1
72083, 1
72087, 1
72088, 2
72090, 1
72095, 1
72103, 1
72120, 1
72122, 1
72128, 1
72131, 1
72133, 1
72134, 1
72142, 1
72152, 1
72161, 1
72166, 1
72167, 1
72179, 1
72180, 1
72189, 1
72203, 1
72204, 1
72208, 1
72212, 2
72214, 1
72219, 1
72233, 1
72235, 1
72242, 1
72243, 1
72249, 1
72253, 1
72254, 1
72256, 1
72265, 1
72277, 1
72278, 1
72282, 1
72287, 1
72294, 1
72306, 1
72311, 1
72315, 1
72317, 1
72330, 2
72336, 1
72339, 1
72344, 1
72350, 1
72356, 1
72359, 1
72364, 1
72369, 1
72370, 1
72381, 1
72385, 1
72395, 1
72396, 3
72413, 1
72426, 1
72431, 1
72436, 1
72438, 1
72451, 1
72463, 1
72467, 1
72476, 1
72477, 1
72484, 2
72487, 1
72496, 1
72501, 2
72505, 2
72508, 1
72509, 1
72511, 1
72527, 3
72550, 1
72551, 1
72559, 1
72561, 1
72568, 1
72569, 1
72573, 1
72586, 1
72589, 1
72595, 1
72605, 1
72606, 1
72608, 1
72613, 1
72619, 1
72620, 1
72627, 1
72629, 1
72630, 1
72635, 1
72656, 1
72661, 1
72665, 2
72666, 1
72667, 1
72670, 1
72674, 1
72679, 1
72687, 1
72693, 1
72699, 1
72710, 1
72725, 1
72726, 1
72727, 1
72731, 1
72736, 1
72738, 1
72741, 1
72750, 1
72769, 1
72770, 1
72774, 2
72788, 1
72792, 1
72794, 1
72799, 1
72805, 1
72811, 1
72821, 1
72826, 1
72828, 1
72831, 1
72833, 1
72843, 2
72845, 1
72851, 1
72854, 1
72855, 1
72873, 1
72883, 1
72885, 1
72887, 1
72888, 1
72891, 1
72892, 1
72896, 1
72898, 1
72899, 1
72910, 1
72911, 1
72918, 1
72925, 1
72932, 1
72947, 1
72948, 2
72949, 1
72964, 1
72969, 1
72979, 1
72986, 1
72994, 1
73002, 1
73007, 1
73010, 1
73014, 2
73020, 1
73034, 1
73035, 1
73048, 1
73049, 1
73053, 1
73069, 3
73079, 1
73080, 1
73090, 1
73093, 1
73097, 1
73098, 1
73100, 1
73119, 1
73126, 1
73130, 1
73135, 1
73144, 1
73152, 2
73162, 1
73168, 1
73171, 1
73177, 1
73188, 1
73191, 1
73193, 1
73195, 1
73201, 1
73203, 1
73210, 1
73211, 1
73212, 1
73215, 1
73219, 1
73234, 1
73235, 1
73247, 2
73252, 1
73253, 1
73256, 1
73258, 1
73260, 1
73273, 1
73278, 1
73296, 1
73300, 1
73303, 1
73305, 1
73318, 1
73330, 1
73341, 1
73349, 1
73350, 1
73351, 2
73354, 1
73355, 1
73358, 1
73363, 1
73371, 1
73373, 1
73376, 1
73378, 1
73394, 1
73399, 1
73401, 1
73404, 1
73409, 1
73433, 1
73443, 1
73450, 1
73452, 1
73456, 1
73458, 1
73467, 1
73473, 1
73476, 1
73477, 1
73483, 1
73491, 1
73492, 1
73494, 1
73496, 1
73498, 1
73503, 1
73504, 1
73505, 1
73507, 1
73514, 1
73518, 1
73519, 1
73520, 1
73527, 1
73529, 2
73549, 1
73561, 1
73567, 1
73575, 1
73579, 1
73585, 1
73587, 1
73593, 1
73594, 1
73601, 1
73611, 1
73616, 1
73622, 1
73630, 1
73645, 2
73662, 1
73663, 2
73666, 1
73674, 1
73675, 1
73677, 1
73682, 1
73686, 1
73690, 1
73695, 1
73697, 1
73700, 1
73706, 1
73724, 1
73725, 1
73733, 1
73749, 1
73751, 1
73753, 1
73754, 1
73755, 1
73763, 3
73768, 1
73774, 1
73776, 1
73781, 1
73801, 1
73804, 1
73805, 1
73809, 1
73810, 1
73815, 1
73828, 1
73836, 1
73843, 1
73852, 1
73857, 1
73865, 1
73872, 1
73875, 1
73879, 1
73887, 1
73889, 1
73894, 2
73896, 2
73899, 1
73928, 3
73929, 1
73934, 1
73935, 1
73943, 1
73945, 1
73955, 1
73965, 1
73987, 1
73991, 1
74003, 1
74033, 1
74051, 1
74054, 1
74059, 1
74061, 1
74074, 1
74084, 1
74140, 1
74173, 1
79433, 1
79500, 1
79527, 1
79532, 1
79559, 1
79564, 1
79572, 1
79573, 1
79575, 1
79601, 1
79622, 1
79623, 1
79662, 1
79665, 1
79682, 1
79691, 1
79698, 1
79707, 1
79714, 1
79724, 1
79729, 1
79733, 2
79738, 1
79741, 1
79746, 1
79752, 1
79755, 1
79761, 1
79763, 1
79767, 1
79768, 2
79769, 1
79781, 1
79782, 1
79800, 1
79801, 1
79807, 1
79820, 1
79826, 1
79834, 1
79845, 1
79848, 1
79858, 1
79870, 1
79877, 1
79883, 1
79885, 1
79892, 1
79904, 1
79905, 1
79909, 1
79914, 2
79917, 1
79925, 1
79927, 2
79931, 1
79932, 1
79933, 1
79945, 1
79946, 1
79947, 2
79953, 1
79959, 1
79963, 1
79978, 1
79979, 1
79980, 1
79990, 1
80002, 1
80022, 1
80024, 1
80027, 2
80033, 1
80043, 1
80050, 1
80058, 1
80061, 1
80066, 2
80083, 1
80085, 2
80092, 1
80097, 1
80110, 1
80111, 1
80113, 1
80118, 1
80126, 2
80130, 1
80138, 1
80141, 1
80142, 2
80147, 1
80154, 1
80160, 1
80166, 1
80170, 1
80181, 1
80186, 1
80191, 1
80198, 1
80204, 1
80207, 1
80215, 1
80216, 1
80217, 1
80225, 1
80226, 1
80229, 1
80235, 1
80242, 1
80245, 1
80254, 1
80260, 1
80263, 1
80279, 1
80280, 1
80290, 1
80292, 1
80299, 1
80310, 1
80324, 1
80326, 1
80332, 1
80339, 1
80342, 1
80352, 1
80354, 1
80358, 1
80365, 1
80368, 1
80373, 2
80384, 1
80386, 1
80389, 1
80393, 2
80395, 1
80409, 1
80417, 1
80422, 2
80425, 1
80430, 2
80445, 1
80447, 1
80448, 2
80457, 1
80461, 1
80471, 1
80485, 1
80490, 2
80495, 1
80504, 1
80508, 1
80509, 1
80510, 1
80518, 1
80520, 1
80537, 1
80538, 1
80542, 1
80554, 1
80561, 1
80564, 1
80567, 1
80571, 1
80572, 1
80576, 1
80579, 1
80589, 1
80590, 1
80597, 1
80605, 1
80611, 1
80616, 1
80623, 1
80630, 1
80631, 2
80632, 1
80641, 1
80643, 1
80663, 1
80668, 1
80688, 1
80703, 1
80706, 1
80708, 3
80712, 1
80724, 1
80725, 1
80727, 1
80728, 1
80732, 1
80734, 1
80742, 1
80746, 1
80750, 1
80767, 1
80768, 1
80769, 1
80770, 1
80799, 1
80802, 1
80803, 1
80814, 1
80815, 2
80819, 1
80821, 1
80823, 1
80826, 1
80830, 1
80832, 1
80844, 2
80851, 1
80867, 1
80872, 1
80873, 1
80874, 1
80877, 1
80881, 1
80888, 1
80900, 1
80910, 1
80913, 1
80917, 1
80925, 1
80929, 1
80931, 1
80941, 1
80944, 1
80945, 1
80962, 2
80972, 1
80974, 1
80978, 2
80981, 1
80995, 1
80999, 1
81001, 1
81002, 1
81007, 1
81009, 1
81022, 1
81023, 1
81028, 1
81036, 1
81040, 1
81042, 1
81052, 1
81053, 1
81057, 1
81066, 1
81074, 1
81079, 1
81082, 1
81086, 1
81093, 1
81106, 1
81110, 1
81114, 1
81115, 1
81122, 1
81129, 2
81132, 1
81140, 1
81141, 1
81145, 1
81150, 1
81163, 1
81167, 1
81180, 1
81187, 1
81193, 1
81200, 1
81203, 1
81205, 1
81220, 2
81221, 1
81226, 1
81227, 1
81235, 1
81253, 2
81254, 1
81271, 1
81272, 2
81273, 1
81274, 1
81276, 1
81289, 1
81299, 2
81314, 1
81319, 1
81322, 1
81327, 1
81340, 1
81344, 1
81348, 1
81350, 1
81352, 2
81357, 1
81358, 1
81374, 1
81386, 1
81387, 2
81389, 1
81392, 3
81394, 1
81396, 1
81401, 1
81405, 1
81406, 1
81409, 1
81411, 1
81417, 2
81425, 1
81428, 1
81433, 2
81435, 2
81436, 1
81439, 1
81455, 1
81459, 1
81461, 2
81464, 1
81478, 2
81483, 1
81484, 1
81486, 2
81487, 1
81493, 1
81494, 1
81498, 1
81499, 1
81502, 2
81504, 1
81505, 1
81509, 3
81515, 3
81522, 2
81526, 1
81528, 1
81531, 1
81532, 1
81535, 1
81537, 1
81542, 1
81552, 2
81553, 1
81556, 1
81557, 1
81560, 1
81563, 1
81573, 1
81576, 1
81577, 1
81578, 2
81582, 1
81583, 2
81585, 1
81586, 1
81601, 2
81603, 1
81607, 1
81611, 1
81612, 1
81614, 1
81615, 1
81620, 1
81623, 1
81625, 1
81626, 1
81631, 1
81638, 1
81643, 2
81644, 2
81645, 1
81647, 1
81652, 1
81657, 2
81660, 1
81664, 1
81666, 1
81668, 1
81674, 1
81675, 1
81676, 1
81677, 1
81678, 1
81681, 1
81682, 1
81684, 1
81685, 1
81686, 1
81696, 1
81703, 1
81707, 1
81710, 1
81713, 1
81714, 1
81717, 1
81718, 1
81720, 1
81732, 1
81733, 1
81735, 1
81738, 1
81748, 2
81749, 2
81753, 1
81757, 1
81766, 1
81768, 1
81775, 1
81784, 1
81785, 1
81788, 1
81789, 1
81793, 1
81800, 3
81803, 1
81806, 1
81809, 1
81814, 1
81819, 2
81820, 2
81821, 1
81833, 1
81844, 2
81851, 1
81854, 1
81860, 1
81861, 1
81868, 1
81886, 1
81888, 1
81895, 1
81896, 1
81908, 1
81909, 2
81913, 1
81916, 1
81918, 1
81922, 1
81924, 1
81925, 1
81953, 1
81957, 1
81961, 1
81974, 1
81975, 1
81979, 1
81980, 1
81994, 1
81995, 1
81997, 1
81999, 1
82010, 1
82015, 1
82016, 1
82018, 1
82028, 1
82030, 1
82033, 1
82035, 1
82038, 1
82048, 1
82050, 1
82057, 1
82063, 1
82066, 1
82069, 1
82070, 1
82074, 1
82084, 1
82085, 1
82092, 1
82112, 1
82118, 1
82137, 2
82143, 1
82146, 1
82151, 1
82158, 1
82159, 1
82168, 1
82171, 1
82178, 1
82183, 1
82185, 1
82189, 1
82199, 2
82202, 1
82210, 1
82216, 1
82218, 1
82220, 1
82221, 1
82224, 1
82226, 1
82240, 1
82252, 1
82253, 1
82260, 1
82261, 1
82263, 1
82266, 1
82267, 1
82271, 1
82278, 1
82285, 1
82297, 1
82303, 1
82315, 1
82318, 1
82323, 1
82325, 2
82326, 1
82336, 1
82357, 1
82362, 1
82365, 2
82368, 1
82369, 1
82372, 1
82382, 1
82387, 1
82389, 1
82391, 1
82397, 2
82403, 2
82406, 1
82408, 1
82412, 1
82423, 1
82425, 1
82432, 1
82441, 1
82444, 1
82462, 1
82467, 1
82471, 2
82480, 1
82482, 2
82487, 1
82489, 1
82498, 1
82503, 1
82511, 1
82523, 1
82528, 1
82549, 1
82570, 1
82573, 1
82578, 1
82581, 1
82588, 1
82597, 1
82604, 1
82605, 1
82607, 2
82612, 1
82614, 1
82627, 1
82635, 1
82644, 1
82655, 1
82662, 1
82663, 1
82669, 1
82677, 1
82678, 1
82679, 1
82680, 1
82681, 1
82684, 1
82688, 1
82692, 1
82696, 1
82698, 1
82701, 1
82709, 1
82711, 1
82713, 1
82716, 1
82721, 1
82732, 1
82737, 1
82740, 1
82742, 1
82753, 2
82756, 1
82765, 1
82768, 2
82784, 1
82788, 1
82804, 1
82810, 1
82820, 1
82826, 1
82829, 1
82830, 1
82833, 1
82843, 1
82844, 1
82850, 1
82856, 1
82861, 1
82866, 1
82872, 1
82874, 1
82883, 1
82898, 1
82901, 1
82905, 1
82909, 1
82911, 1
82912, 1
82924, 1
82929, 1
82935, 1
82939, 1
82940, 1
82941, 1
82948, 1
82952, 1
82954, 1
82962, 1
82963, 1
82979, 1
82980, 1
82981, 1
82999, 1
83005, 2
83009, 1
83023, 1
83030, 1
83032, 1
83034, 1
83041, 1
83044, 1
83048, 1
83049, 1
83050, 1
83052, 1
83070, 1
83072, 1
83085, 1
83087, 1
83091, 1
83094, 1
83096, 1
83098, 1
83101, 1
83105, 1
83106, 2
83116, 1
83124, 1
83145, 1
83154, 1
83157, 1
83158, 1
83161, 1
83163, 1
83165, 1
83167, 1
83171, 1
83173, 1
83188, 1
83195, 1
83199, 1
83205, 1
83206, 1
83212, 1
83222, 1
83228, 1
83231, 1
83248, 1
83252, 1
83259, 1
83266, 1
83272, 1
83276, 1
83282, 2
83288, 1
83289, 1
83294, 1
83308, 1
83309, 1
83310, 1
83318, 1
83332, 1
83336, 1
83341, 1
83342, 1
83352, 1
83358, 1
83360, 1
83364, 1
83367, 2
83370, 1
83379, 1
83380, 1
83383, 1
83384, 1
83385, 1
83387, 1
83391, 1
83402, 1
83407, 1
83417, 1
83422, 1
83425, 1
83433, 1
83437, 1
83441, 1
83456, 1
83471, 1
83486, 2
83487, 2
83506, 1
83511, 1
83514, 1
83538, 2
83544, 1
83553, 1
83554, 1
83557, 1
83561, 1
83566, 1
83577, 1
83580, 1
83583, 1
83584, 1
83624, 1
83697, 1
83708, 1
83728, 1
83732, 1
83733, 1
87302, 1
87355, 1
87376, 1
87447, 1
87467, 1
87483, 1
87484, 1
87496, 1
87497, 1
87508, 1
87529, 1
87533, 1
87538, 1
87544, 1
87547, 1
87554, 1
87555, 1
87556, 1
87574, 2
87581, 1
87585, 1
87596, 1
87612, 1
87613, 1
87615, 1
87618, 1
87619, 1
87624, 1
87640, 1
87641, 2
87645, 1
87647, 1
87660, 1
87664, 1
87665, 1
87667, 1
87679, 1
87683, 1
87684, 1
87697, 1
87703, 1
87711, 1
87721, 1
87723, 1
87724, 1
87748, 1
87754, 1
87767, 1
87775, 1
87785, 1
87788, 2
87792, 1
87800, 1
87809, 2
87817, 1
87818, 2
87819, 1
87833, 1
87834, 2
87835, 1
87836, 1
87837, 1
87846, 1
87847, 1
87857, 1
87859, 1
87870, 3
87875, 1
87877, 2
87896, 1
87898, 1
87912, 1
87922, 1
87923, 1
87931, 1
87948, 2
87952, 1
87955, 2
87967, 1
87968, 1
87975, 2
87978, 1
87997, 1
88004, 1
88009, 1
88012, 1
88017, 1
88019, 2
88035, 1
88038, 2
88041, 1
88042, 1
88051, 1
88052, 1
88058, 1
88059, 1
88060, 1
88068, 1
88076, 1
88091, 2
88096, 1
88106, 1
88109, 2
88115, 1
88117, 1
88123, 1
88132, 1
88150, 1
88154, 1
88155, 1
88157, 2
88167, 1
88174, 1
88181, 1
88183, 1
88192, 1
88200, 1
88208, 1
88214, 1
88216, 1
88228, 1
88229, 1
88236, 1
88239, 2
88240, 1
88244, 1
88253, 1
88268, 1
88273, 1
88274, 1
88279, 1
88289, 1
88290, 1
88296, 2
88299, 1
88304, 1
88307, 1
88312, 1
88319, 1
88325, 2
88327, 1
88329, 1
88333, 1
88348, 2
88352, 1
88366, 1
88372, 1
88374, 1
88376, 1
88378, 1
88398, 1
88400, 1
88417, 1
88420, 1
88424, 1
88437, 2
88448, 1
88458, 1
88459, 1
88462, 1
88468, 1
88469, 1
88477, 1
88478, 1
88479, 1
88484, 1
88486, 1
88494, 1
88514, 1
88517, 1
88518, 2
88529, 1
88531, 1
88541, 1
88542, 1
88546, 1
88551, 1
88553, 1
88558, 2
88561, 1
88576, 1
88581, 1
88589, 1
88595, 1
88600, 1
88606, 1
88616, 1
88617, 2
88634, 1
88637, 1
88643, 1
88647, 1
88651, 1
88656, 2
88658, 1
88662, 1
88668, 1
88681, 2
88683, 1
88701, 1
88714, 1
88715, 1
88719, 1
88724, 1
88725, 1
88727, 1
88735, 1
88742, 2
88747, 1
88752, 1
88754, 1
88763, 1
88772, 1
88775, 1
88779, 1
88788, 1
88790, 1
88792, 1
88804, 1
88806, 1
88807, 1
88811, 1
88819, 1
88822, 1
88829, 1
88840, 2
88841, 2
88864, 1
88878, 1
88883, 1
88892, 1
88903, 1
88905, 1
88920, 1
88923, 1
88924, 1
88928, 2
88930, 1
88938, 1
88939, 1
88941, 1
88955, 1
88958, 1
88963, 1
88965, 1
88971, 1
88977, 1
88983, 2
88985, 1
88987, 1
88993, 1
88997, 1
89003, 1
89009, 1
89011, 1
89013, 1
89015, 1
89018, 1
89026, 1
89037, 1
89051, 1
89055, 1
89060, 1
89066, 2
89073, 1
89077, 1
89080, 1
89082, 1
89091, 1
89097, 1
89098, 1
89108, 1
89111, 1
89112, 1
89123, 1
89125, 1
89129, 1
89141, 1
89142, 1
89147, 1
89148, 1
89150, 1
89155, 1
89156, 1
89159, 1
89161, 1
89163, 1
89164, 1
89169, 1
89170, 1
89172, 1
89176, 1
89177, 1
89185, 2
89186, 2
89189, 1
89192, 1
89193, 1
89204, 2
89212, 1
89216, 1
89217, 1
89219, 1
89227, 1
89235, 1
89236, 1
89238, 1
89241, 1
89244, 2
89245, 2
89253, 1
89257, 1
89265, 1
89266, 1
89267, 1
89270, 1
89273, 1
89277, 1
89281, 2
89284, 1
89286, 2
89287, 1
89288, 1
89289, 2
89296, 1
89298, 1
89302, 1
89304, 1
89305, 1
89315, 1
89316, 1
89317, 1
89319, 1
89320, 1
89322, 1
89323, 3
89326, 1
89328, 1
89336, 1
89340, 1
89345, 1
89351, 1
89354, 1
89355, 1
89356, 1
89373, 1
89378, 1
89379, 1
89385, 2
89386, 1
89390, 2
89397, 1
89400, 1
89401, 1
89404, 1
89406, 1
89409, 1
89410, 1
89413, 1
89414, 1
89418, 2
89420, 2
89421, 1
89424, 1
89425, 1
89426, 1
89427, 1
89429, 1
89430, 1
89433, 1
89436, 1
89437, 3
89442, 1
89443, 1
89446, 1
89450, 1
89456, 1
89460, 1
89470, 1
89475, 1
89476, 1
89477, 1
89479, 1
89480, 1
89482, 1
89484, 1
89490, 1
89495, 1
89503, 4
89506, 2
89513, 1
89518, 1
89526, 1
89529, 1
89534, 1
89535, 1
89542, 1
89548, 2
89555, 1
89559, 1
89561, 1
89562, 2
89563, 1
89566, 1
89568, 1
89572, 1
89580, 1
89581, 1
89584, 1
89586, 1
89589, 1
89597, 1
89599, 1
89601, 1
89607, 1
89608, 1
89614, 1
89617, 1
89630, 1
89631, 1
89636, 3
89640, 1
89643, 1
89644, 1
89647, 1
89649, 1
89654, 2
89658, 1
89660, 2
89664, 2
89670, 1
89690, 1
89693, 1
89696, 1
89698, 1
89709, 1
89717, 1
89720, 1
89731, 1
89732, 1
89733, 2
89736, 1
89740, 1
89743, 1
89761, 1
89762, 1
89774, 2
89777, 1
89778, 1
89783, 1
89804, 1
89807, 1
89814, 1
89816, 1
89822, 1
89829, 1
89831, 1
89835, 1
89840, 1
89841, 1
89844, 2
89852, 1
89855, 1
89856, 1
89861, 1
89876, 1
89880, 1
89896, 2
89897, 1
89898, 1
89901, 1
89905, 2
89911, 1
89923, 1
89927, 1
89928, 2
89934, 1
89951, 1
89954, 1
89959, 1
89962, 2
89967, 1
89970, 1
89971, 1
89978, 1
89998, 1
89999, 1
90001, 1
90009, 1
90010, 1
90012, 1
90024, 1
90027, 1
90030, 1
90045, 2
90078, 1
90081, 1
90083, 1
90088, 1
90092, 3
90097, 1
90098, 2
90110, 2
90115, 1
90125, 2
90133, 1
90141, 1
90144, 1
90149, 1
90154, 1
90155, 1
90156, 1
90158, 1
90176, 1
90185, 1
90186, 1
90188, 1
90190, 1
90195, 2
90205, 1
90211, 1
90212, 1
90233, 1
90240, 1
90241, 1
90245, 2
90251, 1
90264, 1
90268, 1
90269, 1
90280, 1
90291, 1
90298, 1
90300, 1
90309, 1
90314, 1
90318, 1
90323, 1
90324, 1
90331, 1
90336, 2
90337, 1
90340, 1
90341, 1
90342, 1
90352, 2
90362, 1
90369, 1
90373, 1
90381, 1
90391, 1
90392, 1
90394, 2
90400, 1
90414, 1
90417, 1
90422, 1
90426, 1
90440, 1
90445, 2
90451, 1
90454, 1
90459, 1
90482, 1
90486, 1
90494, 1
90496, 1
90497, 1
90505, 1
90512, 1
90519, 1
90525, 1
90527, 1
90534, 1
90543, 1
90546, 1
90552, 1
90559, 1
90577, 1
90580, 2
90581, 1
90585, 2
90590, 1
90595, 1
90606, 1
90609, 1
90613, 1
90616, 1
90617, 1
90625, 1
90626, 1
90638, 1
90639, 1
90644, 1
90646, 1
90650, 1
90654, 1
90661, 1
90669, 1
90672, 1
90684, 1
90686, 1
90693, 2
90707, 1
90708, 1
90713, 2
90723, 1
90724, 1
90733, 1
90734, 1
90742, 1
90752, 1
90753, 1
90757, 1
90770, 1
90773, 1
90776, 2
90778, 1
90788, 1
90790, 1
90798, 1
90805, 1
90806, 1
90822, 1
90839, 1
90845, 2
90862, 1
90870, 2
90871, 1
90872, 1
90873, 1
90878, 1
90884, 1
90893, 1
90894, 1
90895, 1
90903, 1
90923, 3
90926, 1
90932, 1
90936, 1
90943, 1
90944, 1
90947, 1
90950, 1
90952, 1
90966, 1
90969, 1
90982, 2
90994, 1
91001, 2
91005, 1
91006, 1
91008, 1
91011, 1
91019, 2
91020, 1
91029, 1
91031, 1
91035, 2
91045, 1
91052, 1
91064, 1
91093, 1
91100, 1
91102, 1
91104, 1
91105, 1
91107, 1
91108, 2
91109, 1
91118, 1
91119, 1
91128, 1
91131, 1
91133, 1
91142, 2
91148, 1
91155, 1
91163, 1
91166, 1
91170, 1
91176, 1
91184, 1
91198, 1
91205, 1
91213, 1
91215, 1
91223, 1
91229, 2
91240, 1
91242, 1
91244, 1
91254, 1
91256, 1
91264, 2
91267, 1
91270, 1
91271, 1
91296, 2
91304, 1
91309, 1
91317, 1
91318, 1
91328, 1
91333, 2
91337, 2
91339, 2
91367, 1
91434, 1
91451, 1
91471, 1
91481, 1
91493, 1
95066, 1
95076, 1
95120, 1
95158, 1
95163, 1
95172, 1
95184, 1
95190, 1
95195, 1
95196, 1
95205, 2
95238, 1
95239, 1
95241, 1
95244, 2
95252, 1
95253, 1
95272, 1
95274, 1
95276, 1
95282, 1
95291, 1
95322, 1
95328, 2
95332, 2
95337, 1
95344, 1
95346, 1
95347, 1
95364, 1
95387, 1
95391, 1
95392, 1
95400, 1
95411, 1
95417, 1
95418, 2
95419, 1
95422, 1
95424, 1
95451, 1
95460, 1
95466, 1
95467, 1
95469, 1
95473, 1
95474, 1
95476, 1
95486, 1
95492, 1
95496, 1
95497, 1
95501, 1
95507, 1
95521, 1
95536, 1
95544, 1
95547, 1
95550, 1
95556, 1
95559, 1
95562, 2
95576, 1
95591, 1
95594, 1
95596, 1
95604, 1
95607, 1
95614, 1
95627, 2
95629, 1
95641, 1
95645, 1
95646, 1
95649, 2
95650, 1
95655, 1
95660, 1
95672, 1
95678, 1
95685, 1
95688, 1
95703, 1
95708, 1
95711, 1
95716, 1
95721, 2
95723, 1
95733, 1
95739, 2
95744, 1
95747, 1
95751, 1
95756, 1
95762, 1
95772, 1
95774, 1
95784, 1
95795, 1
95803, 1
95815, 1
95816, 1
95820, 1
95831, 1
95842, 1
95844, 1
95846, 2
95847, 1
95848, 1
95852, 1
95856, 1
95858, 1
95860, 1
95861, 1
95871, 1
95877, 1
95881, 1
95888, 2
95889, 1
95909, 1
95934, 1
95937, 2
95938, 1
95943, 1
95950, 1
95958, 2
95965, 1
95970, 1
95971, 1
95975, 1
95978, 1
95985, 1
95989, 1
96005, 1
96011, 1
96016, 1
96017, 1
96021, 2
96024, 1
96036, 1
96043, 1
96049, 1
96050, 1
96051, 1
96057, 1
96064, 1
96075, 1
96077, 1
96079, 1
96102, 2
96105, 1
96107, 1
96108, 1
96113, 1
96115, 1
96126, 1
96135, 1
96140, 1
96141, 1
96144, 1
96149, 1
96150, 1
96153, 1
96169, 1
96176, 1
96185, 1
96186, 1
96202, 1
96208, 1
96220, 1
96221, 1
96230, 1
96231, 1
96233, 1
96237, 1
96238, 1
96240, 1
96241, 1
96246, 1
96270, 1
96273, 1
96274, 1
96277, 1
96286, 1
96287, 1
96291, 1
96292, 1
96310, 1
96314, 1
96319, 1
96321, 1
96327, 1
96328, 1
96329, 1
96330, 1
96339, 1
96341, 1
96342, 1
96356, 1
96360, 1
96372, 1
96379, 1
96391, 1
96393, 1
96396, 1
96404, 1
96405, 1
96412, 1
96414, 1
96423, 1
96424, 1
96435, 1
96444, 1
96447, 2
96451, 1
96463, 1
96468, 1
96472, 1
96475, 1
96476, 1
96478, 1
96484, 1
96486, 1
96488, 1
96498, 1
96512, 1
96513, 1
96515, 1
96519, 1
96526, 1
96528, 2
96539, 1
96544, 1
96552, 1
96555, 1
96563, 1
96564, 1
96572, 1
96573, 1
96579, 1
96584, 1
96604, 1
96607, 1
96609, 1
96610, 1
96612, 1
96621, 1
96629, 1
96630, 1
96634, 1
96645, 1
96647, 1
96650, 1
96654, 1
96662, 1
96670, 1
96672, 1
96688, 1
96690, 1
96699, 1
96700, 2
96705, 1
96712, 1
96714, 1
96718, 1
96726, 1
96731, 1
96733, 2
96755, 1
96760, 1
96763, 1
96773, 1
96779, 1
96784, 1
96786, 1
96787, 1
96788, 1
96790, 2
96807, 1
96815, 1
96818, 1
96826, 1
96827, 2
96830, 1
96842, 1
96860, 2
96863, 1
96865, 1
96867, 1
96870, 3
96887, 1
96888, 1
96892, 2
96893, 2
96894, 1
96903, 1
96914, 1
96916, 1
96920, 1
96938, 1
96944, 1
96947, 1
96948, 1
96951, 1
96954, 1
96957, 1
96958, 3
96963, 1
96969, 1
96970, 1
96974, 2
96978, 1
96981, 1
96987, 1
96998, 1
96999, 1
97000, 1
97009, 1
97010, 1
97011, 2
97013, 1
97016, 1
97017, 3
97023, 1
97025, 1
97027, 2
97028, 1
97030, 1
97032, 1
97037, 1
97038, 1
97041, 2
97044, 1
97053, 1
97054, 2
97058, 1
97059, 1
97064, 1
97065, 1
97066, 1
97068, 1
97069, 1
97074, 1
97076, 1
97087, 1
97088, 1
97094, 1
97101, 1
97106, 1
97107, 2
97115, 2
97117, 1
97123, 1
97128, 1
97133, 1
97135, 1
97141, 2
97148, 1
97152, 1
97159, 1
97161, 1
97164, 1
97165, 1
97166, 1
97167, 1
97169, 1
97170, 1
97171, 1
97178, 1
97182, 1
97188, 1
97191, 1
97193, 1
97196, 1
97198, 1
97201, 1
97205, 1
97208, 1
97209, 2
97210, 1
97212, 1
97214, 1
97223, 1
97225, 1
97228, 1
97229, 1
97230, 1
97231, 1
97232, 1
97236, 1
97238, 1
97241, 1
97242, 1
97247, 1
97248, 1
97250, 1
97256, 1
97257, 1
97261, 2
97263, 1
97264, 1
97267, 1
97273, 1
97276, 1
97283, 1
97284, 2
97289, 1
97290, 1
97293, 3
97296, 1
97298, 1
97303, 1
97304, 1
97305, 1
97306, 1
97310, 1
97316, 1
97320, 1
97326, 2
97327, 1
97328, 1
97332, 1
97334, 2
97337, 1
97343, 1
97346, 1
97351, 2
97363, 1
97380, 1
97383, 1
97388, 1
97389, 1
97392, 1
97394, 1
97396, 1
97409, 1
97411, 1
97418, 1
97424, 1
97436, 1
97444, 1
97445, 1
97455, 2
97456, 1
97458, 1
97460, 1
97461, 1
97465, 1
97469, 1
97478, 1
97480, 1
97483, 1
97485, 1
97487, 1
97489, 1
97490, 1
97498, 1
97500, 3
97514, 1
97517, 1
97534, 1
97537, 1
97542, 1
97543, 1
97550, 1
97551, 1
97552, 1
97563, 1
97573, 1
97577, 1
97586, 1
97588, 1
97589, 1
97597, 1
97600, 1
97607, 1
97610, 1
97612, 2
97613, 1
97616, 1
97619, 1
97626, 1
97634, 1
97638, 1
97641, 1
97642, 1
97646, 1
97658, 1
97665, 1
97666, 1
97667, 1
97672, 1
97681, 1
97682, 1
97685, 1
97702, 1
97706, 1
97711, 1
97728, 1
97737, 1
97738, 1
97741, 1
97745, 1
97747, 1
97751, 1
97758, 1
97759, 1
97766, 1
97771, 1
97774, 3
97781, 1
97785, 1
97812, 1
97817, 1
97835, 1
97840, 1
97841, 1
97844, 1
97848, 1
97854, 1
97855, 1
97868, 1
97870, 1
97873, 1
97875, 1
97876, 1
97884, 1
97888, 1
97892, 1
97893, 1
97904, 1
97907, 1
97913, 1
97914, 1
97915, 1
97919, 1
97923, 1
97930, 1
97946, 1
97953, 1
97963, 1
97968, 2
97977, 1
97985, 1
97989, 1
97991, 1
97995, 2
98007, 1
98010, 2
98012, 2
98025, 1
98033, 1
98035, 1
98041, 1
98046, 1
98055, 1
98066, 1
98068, 1
98075, 1
98076, 1
98079, 1
98085, 2
98092, 1
98095, 1
98102, 1
98111, 1
98113, 1
98114, 1
98120, 1
98122, 1
98131, 1
98138, 1
98144, 2
98171, 1
98178, 1
98183, 1
98184, 1
98191, 1
98196, 1
98197, 1
98204, 1
98211, 1
98212, 2
98218, 1
98220, 1
98223, 1
98227, 1
98233, 1
98235, 1
98241, 1
98243, 1
98249, 1
98252, 1
98259, 1
98260, 1
98263, 1
98271, 1
98279, 1
98283, 1
98286, 1
98302, 1
98320, 2
98324, 1
98331, 1
98332, 1
98339, 1
98341, 1
98349, 1
98355, 1
98363, 1
98368, 3
98381, 1
98386, 2
98400, 1
98402, 1
98404, 1
98406, 1
98419, 1
98423, 1
98435, 1
98443, 1
98457, 1
98458, 2
98483, 1
98486, 1
98492, 1
98494, 1
98496, 1
98500, 1
98508, 1
98509, 1
98510, 1
98511, 1
98513, 1
98518, 1
98522, 2
98523, 1
98524, 1
98527, 1
98550, 1
98559, 2
98563, 1
98571, 1
98580, 1
98587, 1
98600, 1
98601, 1
98609, 1
98612, 1
98613, 2
98614, 1
98626, 1
98631, 2
98635, 1
98636, 1
98640, 1
98644, 1
98651, 1
98665, 1
98674, 1
98681, 1
98682, 1
98685, 1
98687, 1
98695, 1
98699, 1
98701, 1
98702, 1
98715, 1
98723, 1
98731, 1
98732, 1
98748, 1
98761, 1
98763, 1
98764, 1
98769, 1
98772, 1
98778, 1
98786, 1
98791, 1
98795, 1
98797, 1
98804, 1
98805, 1
98806, 1
98814, 1
98818, 1
98827, 3
98828, 1
98850, 1
98853, 1
98854, 2
98858, 1
98871, 1
98872, 1
98874, 1
98877, 1
98896, 1
98899, 1
98902, 1
98906, 1
98910, 1
98914, 1
98916, 1
98917, 1
98921, 1
98933, 1
98942, 1
98943, 1
98944, 1
98953, 1
98957, 1
98958, 1
98961, 1
98968, 1
98978, 1
98994, 1
98999, 1
99003, 1
99009, 1
99021, 1
99033, 1
99038, 1
99050, 1
99051, 1
99062, 1
99068, 1
99078, 1
99079, 2
99082, 1
99083, 1
99092, 2
99104, 1
99105, 1
99106, 1
99118, 1
99119, 1
99138, 1
99142, 1
99153, 1
99185, 1
99192, 1
99193, 1
99212, 1
99240, 1
99243, 1
99254, 1
99259, 1
99315, 1
99389, 1
99697, 1
104705, 1
104720, 1
104739, 1
104753, 1
104761, 1
104765, 1
104779, 1
104802, 1
104804, 1
104813, 1
104816, 1
104820, 1
104826, 1
104837, 1
104842, 2
104844, 1
104846, 1
104849, 1
104862, 1
104863, 1
104867, 1
104907, 1
104913, 1
104919, 1
104920, 1
104934, 1
104942, 1
104944, 1
104952, 1
104958, 3
104963, 1
104966, 1
104969, 1
104986, 1
104989, 1
104990, 1
104993, 1
104998, 1
105013, 1
105020, 1
105027, 1
105032, 2
105040, 1
105054, 1
105057, 1
105061, 2
105065, 2
105067, 1
105083, 1
105096, 1
105105, 1
105124, 1
105125, 1
105127, 1
105136, 1
105137, 1
105139, 1
105140, 1
105141, 1
105152, 1
105159, 1
105168, 1
105170, 1
105174, 1
105178, 1
105180, 1
105186, 2
105187, 1
105188, 1
105193, 1
105199, 1
105200, 1
105209, 1
105212, 1
105214, 1
105234, 1
105240, 1
105253, 1
105267, 1
105274, 1
105289, 3
105290, 1
105295, 1
105302, 1
105307, 1
105309, 2
105313, 1
105317, 1
105325, 1
105326, 1
105329, 1
105331, 1
105337, 2
105343, 1
105344, 1
105346, 1
105356, 1
105357, 1
105363, 2
105367, 1
105374, 2
105427, 1
105431, 1
105433, 2
105435, 1
105441, 1
105444, 1
105446, 1
105455, 1
105460, 1
105463, 1
105464, 1
105475, 1
105477, 1
105485, 1
105487, 1
105496, 1
105499, 1
105511, 1
105514, 1
105520, 1
105526, 1
105529, 1
105530, 1
105535, 1
105537, 1
105541, 1
105551, 1
105559, 1
105571, 1
105575, 1
105579, 1
105580, 1
105588, 1
105590, 1
105601, 1
105609, 1
105616, 1
105617, 1
105622, 1
105623, 1
105626, 1
105636, 1
105642, 1
105651, 1
105654, 1
105669, 1
105671, 1
105673, 2
105675, 1
105694, 1
105695, 1
105696, 1
105698, 1
105704, 1
105707, 1
105710, 1
105711, 1
105727, 1
105733, 1
105734, 1
105738, 1
105748, 2
105769, 1
105777, 1
105784, 2
105790, 1
105800, 1
105805, 1
105808, 2
105809, 1
105811, 1
105817, 1
105820, 1
105829, 2
105830, 1
105833, 1
105851, 1
105852, 1
105860, 2
105868, 1
105869, 1
105870, 1
105872, 1
105877, 1
105884, 1
105892, 1
105896, 1
105918, 1
105919, 2
105922, 1
105924, 1
105927, 1
105950, 1
105956, 1
105964, 1
105965, 1
105966, 1
105967, 1
105972, 2
105976, 1
105993, 1
105996, 1
105999, 1
106008, 1
106015, 1
106017, 1
106020, 2
106026, 1
106028, 1
106030, 1
106037, 1
106039, 1
106042, 1
106049, 1
106058, 1
106059, 2
106071, 1
106085, 1
106099, 1
106103, 1
106110, 2
106112, 1
106116, 1
106117, 1
106129, 1
106135, 1
106139, 1
106144, 1
106158, 1
106167, 1
106168, 1
106171, 1
106179, 1
106181, 1
106194, 1
106199, 1
106200, 1
106203, 1
106206, 1
106217, 1
106224, 1
106227, 1
106231, 2
106241, 1
106242, 1
106254, 1
106264, 1
106268, 1
106271, 1
106282, 1
106284, 2
106287, 1
106288, 1
106291, 1
106299, 2
106301, 1
106305, 1
106313, 1
106315, 1
106331, 1
106332, 1
106356, 1
106358, 1
106377, 1
106384, 1
106388, 1
106389, 1
106400, 1
106411, 1
106413, 1
106415, 1
106418, 1
106419, 1
106429, 2
106435, 1
106439, 1
106444, 1
106449, 1
106450, 1
106451, 1
106452, 1
106472, 2
106485, 1
106487, 1
106493, 1
106499, 1
106503, 1
106508, 1
106509, 1
106512, 1
106513, 1
106516, 1
106520, 1
106523, 1
106531, 1
106534, 1
106542, 1
106543, 1
106546, 1
106551, 2
106554, 1
106556, 1
106561, 1
106568, 1
106572, 1
106578, 1
106589, 1
106610, 1
106614, 1
106616, 1
106622, 2
106623, 1
106638, 1
106642, 1
106644, 1
106645, 1
106648, 1
106657, 1
106659, 1
106663, 1
106670, 1
106678, 1
106683, 1
106685, 1
106698, 1
106706, 1
106724, 2
106725, 1
106726, 1
106728, 1
106731, 1
106735, 1
106741, 1
106743, 1
106755, 1
106757, 1
106767, 1
106772, 1
106784, 1
106785, 1
106790, 1
106797, 1
106802, 1
106803, 1
106804, 1
106812, 1
106813, 1
106816, 1
106830, 1
106854, 1
106855, 1
106863, 1
106866, 2
106872, 1
106878, 1
106889, 1
106893, 2
106897, 1
106900, 1
106913, 1
106914, 1
106919, 1
106920, 1
106947, 1
106958, 1
106962, 1
106965, 1
106970, 1
106972, 1
106975, 1
106993, 1
106996, 1
107009, 2
107015, 1
107018, 1
107041, 1
107065, 1
107105, 1
107148, 1
107238, 1
111401, 1
111446, 1
111456, 1
111470, 1
111473, 1
111481, 1
111486, 1
111490, 1
111498, 1
111502, 1
111506, 1
111509, 1
111514, 1
111519, 1
111520, 1
111526, 1
111528, 1
111533, 1
111536, 2
111539, 1
111546, 1
111547, 1
111564, 1
111576, 1
111580, 1
111583, 1
111586, 1
111590, 1
111592, 2
111596, 1
111598, 1
111599, 1
111602, 1
111608, 1
111609, 1
111612, 1
111614, 1
111618, 1
111620, 1
111626, 1
111628, 1
111629, 1
111630, 1
111632, 1
111639, 1
111642, 1
111647, 1
111652, 1
111653, 1
111655, 1
111660, 2
111661, 1
111666, 1
111668, 1
111675, 1
111678, 3
111681, 1
111684, 1
111685, 1
111692, 2
111695, 2
111698, 1
111705, 1
111718, 1
111722, 1
111724, 1
111727, 1
111735, 1
111739, 1
111742, 1
111747, 2
111751, 1
111752, 1
111754, 1
111755, 1
111757, 1
111759, 1
111760, 1
111761, 1
111769, 1
111774, 1
111775, 2
111776, 1
111780, 3
111783, 1
111785, 1
111789, 2
111790, 1
111791, 2
111792, 1
111798, 1
111806, 1
111810, 1
111811, 2
111820, 1
111824, 1
111827, 1
111828, 2
111836, 1
111842, 3
111844, 1
111849, 1
111850, 1
111851, 1
111855, 1
111857, 1
111859, 1
111860, 1
111861, 1
111866, 1
111871, 1
111873, 1
111877, 1
111879, 2
111880, 2
111881, 2
111882, 1
111884, 1
111886, 1
111888, 1
111894, 1
111901, 1
111910, 1
111913, 1
111916, 1
111918, 1
111920, 1
111923, 1
111929, 1
111931, 1
111934, 1
111939, 2
111942, 1
111943, 2
111945, 1
111946, 1
111952, 1
111954, 1
111957, 2
111958, 1
111963, 1
111964, 1
111965, 1
111967, 2
111968, 1
111969, 1
111971, 2
111974, 1
111979, 3
111987, 1
111988, 1
111989, 2
111993, 2
111996, 1
112000, 1
112008, 1
112010, 1
112012, 1
112014, 1
112020, 1
112027, 2
112031, 1
112034, 1
112035, 1
112036, 1
112037, 3
112043, 1
112044, 3
112048, 2
112052, 1
112057, 1
112060, 1
112065, 1
112068, 1
112071, 1
112073, 1
112074, 1
112080, 1
112087, 1
112088, 1
112089, 2
112096, 1
112100, 1
112104, 1
112107, 1
112110, 1
112116, 2
112122, 1
112123, 2
112125, 1
112129, 2
112131, 1
112138, 1
112140, 1
112142, 1
112151, 2
112152, 1
112153, 1
112155, 1
112157, 1
112158, 1
112163, 1
112165, 2
112169, 1
112173, 1
112177, 1
112185, 1
112191, 3
112193, 1
112194, 2
112195, 1
112197, 1
112198, 1
112203, 1
112204, 2
112206, 1
112212, 2
112214, 1
112217, 1
112225, 2
112227, 1
112229, 1
112233, 1
112235, 2
112240, 1
112242, 1
112244, 1
112246, 2
112252, 1
112255, 1
112256, 1
112259, 1
112263, 1
112265, 3
112268, 1
112274, 2
112276, 1
112283, 1
112285, 1
112287, 1
112288, 1
112290, 1
112293, 1
112295, 1
112298, 1
112304, 2
112314, 1
112319, 2
112322, 1
112325, 1
112326, 1
112327, 1
112330, 1
112332, 1
112333, 1
112337, 1
112339, 2
112340, 1
112345, 1
112348, 1
112361, 1
112368, 1
112370, 1
112375, 2
112378, 2
112385, 1
112388, 1
112389, 2
112390, 1
112394, 1
112398, 1
112402, 1
112404, 1
112407, 1
112408, 1
112416, 1
112417, 1
112421, 1
112422, 1
112428, 1
112432, 1
112434, 1
112436, 1
112438, 1
112442, 1
112443, 2
112444, 1
112450, 1
112451, 2
112453, 2
112456, 1
112460, 1
112462, 1
112463, 1
112464, 1
112468, 1
112471, 1
112472, 1
112475, 2
112477, 1
112478, 1
112480, 1
112485, 1
112488, 2
112491, 1
112494, 1
112495, 1
112498, 1
112501, 1
112508, 1
112509, 1
112510, 1
112512, 2
112516, 1
112525, 2
112527, 1
112531, 2
112532, 1
112535, 1
112537, 1
112538, 1
112541, 1
112542, 1
112551, 1
112553, 1
112555, 1
112560, 1
112565, 3
112566, 1
112568, 1
112571, 1
112572, 3
112575, 1
112576, 1
112577, 1
112579, 1
112586, 1
112588, 1
112591, 1
112592, 1
112599, 2
112605, 1
112607, 1
112611, 1
112620, 1
112625, 1
112628, 1
112630, 1
112632, 1
112635, 1
112638, 1
112640, 2
112647, 1
112648, 3
112649, 1
112650, 4
112654, 1
112655, 3
112657, 2
112659, 1
112660, 1
112662, 1
112663, 1
112667, 1
112668, 1
112670, 1
112672, 1
112673, 2
112674, 1
112675, 1
112676, 1
112679, 1
112682, 1
112684, 1
112685, 1
112686, 1
112687, 1
112694, 1
112697, 1
112698, 3
112699, 2
112700, 1
112701, 1
112702, 2
112703, 1
112705, 2
112708, 1
112711, 1
112715, 1
112717, 1
112720, 3
112721, 1
112723, 1
112727, 1
112728, 1
112729, 2
112730, 1
112737, 2
112738, 1
112742, 1
112748, 1
112750, 1
112751, 1
112752, 2
112754, 1
112756, 1
112757, 1
112758, 2
112760, 1
112762, 2
112763, 1
112766, 2
112768, 1
112769, 1
112771, 1
112776, 1
112781, 1
112782, 1
112785, 1
112788, 1
112792, 1
112793, 1
112798, 1
112800, 1
112801, 3
112802, 1
112805, 3
112806, 2
112808, 1
112809, 1
112813, 1
112814, 3
112815, 1
112816, 1
112817, 1
112819, 1
112825, 1
112828, 2
112830, 1
112831, 1
112832, 1
112835, 3
112837, 1
112838, 1
112839, 1
112841, 1
112847, 3
112848, 1
112849, 1
112850, 2
112852, 1
112853, 2
112854, 1
112855, 1
112856, 1
112859, 1
112862, 1
112863, 1
112864, 1
112870, 1
112871, 1
112872, 1
112873, 1
112875, 1
112876, 1
112877, 1
112878, 1
112879, 2
112880, 1
112881, 1
112885, 1
112886, 3
112887, 1
112891, 1
112893, 1
112894, 2
112895, 2
112896, 1
112897, 3
112900, 2
112901, 3
112904, 1
112905, 2
112910, 1
112911, 1
112913, 1
112918, 1
112920, 1
112922, 4
112924, 1
112926, 1
112928, 1
112929, 1
112930, 1
112932, 1
112933, 1
112935, 2
112940, 1
112942, 2
112944, 2
112946, 1
112947, 1
112948, 4
112949, 2
112950, 1
112951, 2
112952, 1
112955, 1
112956, 1
112957, 3
112959, 1
112961, 1
112963, 1
112964, 1
112965, 2
112968, 1
112970, 1
112971, 2
112972, 1
112973, 2
112974, 3
112975, 2
112976, 2
112977, 1
112978, 2
112985, 1
112987, 1
112988, 2
112990, 2
112996, 1
112997, 1
112998, 1
113001, 2
113004, 1
113008, 1
113020, 1
113022, 1
113023, 2
113027, 1
113028, 1
113030, 2
113033, 2
113036, 1
113039, 1
113041, 1
113042, 1
113043, 2
113045, 1
113049, 1
113052, 2
113056, 1
113058, 2
113059, 1
113061, 1
113066, 1
113067, 1
113071, 2
113072, 3
113073, 1
113077, 1
113079, 1
113084, 1
113085, 1
113086, 1
113096, 1
113097, 1
113098, 2
113101, 1
113106, 2
113107, 1
113109, 1
113110, 1
113112, 1
113114, 3
113117, 3
113119, 2
113124, 2
113125, 1
113127, 1
113128, 2
113130, 1
113131, 1
113133, 1
113136, 1
113137, 1
113139, 1
113140, 1
113141, 1
113142, 2
113143, 1
113145, 1
113146, 2
113147, 1
113148, 1
113149, 1
113150, 2
113156, 1
113157, 1
113158, 1
113159, 1
113160, 1
113162, 1
113163, 1
113164, 1
113169, 2
113176, 1
113178, 2
113179, 1
113180, 2
113181, 1
113182, 1
113183, 1
113185, 1
113192, 1
113193, 1
113194, 1
113197, 1
113199, 1
113201, 1
113203, 1
113204, 1
113209, 2
113210, 2
113218, 1
113219, 1
113220, 2
113223, 1
113225, 1
113227, 1
113228, 1
113233, 3
113234, 1
113235, 1
113236, 2
113238, 1
113247, 1
113249, 1
113251, 1
113255, 1
113256, 1
113257, 3
113259, 1
113260, 1
113274, 1
113275, 1
113278, 1
113279, 1
113280, 1
113289, 2
113290, 1
113292, 1
113294, 1
113297, 1
113299, 1
113303, 1
113306, 1
113313, 1
113315, 1
113316, 1
113322, 2
113327, 1
113333, 2
113335, 1
113337, 1
113350, 1
113355, 1
113356, 1
113357, 2
113368, 1
113370, 1
113372, 1
113373, 1
113378, 1
113379, 1
113380, 1
113381, 1
113382, 2
113385, 1
113390, 1
113391, 1
113393, 1
113400, 1
113401, 1
113403, 1
113405, 2
113406, 1
113408, 1
113410, 1
113411, 1
113412, 3
113413, 1
113418, 1
113421, 1
113425, 1
113427, 1
113432, 1
113434, 1
113440, 1
113444, 2
113445, 1
113452, 1
113453, 1
113457, 2
113459, 1
113460, 1
113468, 1
113470, 1
113471, 1
113479, 1
113481, 1
113483, 1
113486, 1
113488, 2
113498, 1
113499, 1
113503, 2
113505, 1
113509, 1
113511, 1
113513, 1
113516, 1
113522, 2
113529, 1
113530, 1
113531, 2
113532, 1
113533, 1
113534, 1
113537, 1
113538, 2
113539, 1
113546, 1
113548, 1
113552, 1
113553, 1
113554, 1
113555, 2
113561, 1
113564, 2
113565, 1
113567, 1
113568, 1
113571, 1
113574, 2
113579, 1
113581, 1
113583, 1
113584, 1
113585, 1
113593, 1
113594, 1
113602, 1
113606, 1
113612, 1
113617, 1
113625, 1
113626, 1
113627, 1
113631, 1
113633, 2
113637, 1
113639, 1
113640, 1
113641, 1
113645, 1
113647, 2
113648, 1
113649, 1
113652, 1
113656, 1
113659, 2
113660, 2
113661, 2
113664, 1
113672, 1
113675, 1
113679, 1
113684, 1
113685, 1
113689, 1
113691, 1
113692, 1
113706, 1
113710, 1
113713, 1
113714, 1
113717, 1
113723, 1
113725, 1
113726, 1
113727, 1
113729, 1
113734, 1
113736, 1
113738, 1
113740, 1
113741, 1
113744, 1
113746, 1
113747, 1
113752, 1
113762, 1
113768, 2
113773, 1
113776, 1
113778, 1
113780, 1
113781, 1
113784, 1
113786, 2
113790, 1
113791, 1
113795, 1
113796, 1
113798, 1
113801, 1
113805, 1
113807, 1
113808, 1
113811, 1
113814, 1
113816, 1
113817, 1
113821, 1
113825, 1
113827, 1
113828, 2
113829, 2
113833, 1
113834, 1
113835, 1
113841, 1
113845, 1
113846, 2
113849, 1
113850, 1
113852, 1
113863, 1
113865, 1
113868, 1
113869, 1
113870, 1
113871, 1
113872, 1
113876, 1
113880, 1
113885, 1
113886, 1
113887, 1
113890, 1
113892, 1
113894, 1
113895, 1
113903, 2
113905, 2
113909, 2
113910, 2
113912, 1
113917, 1
113918, 1
113919, 1
113922, 1
113923, 1
113927, 2
113930, 1
113939, 1
113941, 1
113943, 1
113960, 1
113961, 1
113964, 1
113967, 1
113974, 2
113975, 1
113983, 1
113984, 3
113989, 1
113996, 1
113997, 1
114000, 1
114003, 1
114004, 1
114006, 1
114010, 1
114013, 2
114014, 1
114016, 2
114019, 1
114024, 1
114025, 1
114027, 1
114031, 1
114036, 1
114039, 1
114040, 1
114047, 1
114054, 1
114055, 1
114064, 1
114065, 1
114072, 1
114074, 1
114075, 1
114076, 2
114079, 1
114083, 2
114084, 1
114087, 1
114088, 1
114089, 1
114091, 2
114095, 1
114096, 1
114102, 1
114105, 2
114108, 1
114110, 1
114113, 1
114116, 1
114121, 1
114123, 1
114126, 1
114127, 1
114128, 2
114131, 1
114132, 1
114134, 1
114135, 2
114137, 1
114141, 1
114143, 1
114148, 1
114152, 1
114153, 1
114161, 1
114162, 1
114164, 1
114168, 1
114169, 2
114172, 1
114175, 1
114177, 1
114182, 1
114187, 1
114188, 1
114196, 1
114201, 1
114212, 1
114214, 2
114217, 1
114221, 2
114222, 1
114223, 1
114228, 1
114229, 1
114231, 1
114233, 1
114235, 1
114237, 1
114244, 1
114245, 2
114248, 2
114249, 1
114251, 1
114254, 1
114255, 1
114258, 1
114264, 2
114268, 2
114269, 1
114270, 1
114273, 1
114277, 1
114278, 1
114286, 2
114289, 1
114291, 1
114298, 1
114304, 1
114307, 1
114308, 1
114309, 1
114314, 1
114316, 1
114317, 1
114318, 2
114321, 1
114325, 1
114327, 1
114328, 2
114329, 1
114331, 1
114332, 1
114333, 1
114340, 2
114342, 1
114343, 2
114344, 1
114347, 1
114350, 1
114356, 1
114358, 1
114359, 1
114360, 1
114373, 1
114375, 1
114379, 1
114387, 1
114390, 1
114392, 1
114395, 1
114397, 1
114399, 1
114401, 1
114402, 1
114403, 1
114408, 1
114409, 1
114410, 1
114415, 1
114419, 1
114423, 1
114424, 1
114434, 1
114435, 1
114436, 1
114438, 1
114444, 1
114451, 1
114455, 1
114457, 2
114463, 1
114464, 1
114470, 1
114472, 1
114477, 1
114479, 1
114481, 1
114484, 1
114485, 1
114489, 1
114490, 1
114491, 2
114497, 1
114499, 1
114500, 2
114508, 1
114511, 1
114512, 1
114516, 1
114524, 1
114525, 1
114528, 1
114529, 1
114530, 2
114531, 1
114532, 1
114537, 2
114538, 1
114544, 1
114545, 1
114546, 1
114551, 1
114553, 1
114554, 1
114560, 1
114563, 2
114568, 1
114572, 2
114577, 1
114579, 1
114584, 1
114586, 1
114587, 2
114588, 3
114589, 1
114591, 1
114592, 2
114593, 1
114597, 1
114601, 2
114602, 1
114603, 1
114613, 1
114618, 1
114619, 1
114623, 1
114626, 2
114627, 2
114643, 1
114644, 1
114651, 1
114656, 2
114667, 2
114670, 1
114672, 1
114677, 1
114679, 1
114680, 1
114688, 1
114690, 1
114694, 1
114696, 1
114702, 2
114707, 1
114711, 1
114717, 1
114718, 1
114719, 1
114722, 1
114725, 3
114728, 1
114731, 1
114737, 1
114740, 1
114742, 1
114747, 1
114748, 2
114756, 1
114757, 1
114758, 1
114768, 1
114771, 1
114773, 1
114774, 1
114778, 1
114786, 1
114789, 1
114793, 1
114801, 1
114803, 1
114810, 1
114811, 1
114813, 1
114819, 1
114826, 1
114828, 1
114845, 1
114848, 1
114852, 1
114856, 1
114865, 1
114870, 1
114879, 2
114897, 1
114904, 1
114906, 1
114923, 1
114931, 1
114938, 1
114946, 1
114947, 1
114951, 1
114973, 1
115001, 1
115027, 1
115028, 1
115033, 1
115091, 1
115135, 1
115147, 1
115159, 1
115182, 1
