0, 2
1, 1
2, 1
3, 2
4, 1
5, 1
6, 2
7, 5
8, 2
9, 3
10, 2
11, 1
12, 2
13, 4
15, 2
16, 3
17, 3
18, 2
19, 2
20, 1
21, 6
22, 5
23, 3
24, 2
25, 3
26, 4
27, 4
28, 4
29, 3
30, 1
31, 2
32, 3
33, 5
34, 1
35, 3
36, 3
38, 6
81, 1
83, 1
85, 1
86, 1
87, 1
88, 1
89, 1
90, 3
92, 1
93, 2
95, 2
96, 1
97, 1
98, 1
102, 2
103, 1
106, 2
108, 3
111, 6
114, 2
115, 3
116, 1
118, 1
119, 2
120, 2
121, 1
122, 1
124, 1
125, 1
126, 2
129, 2
130, 1
139, 2
142, 1
143, 1
145, 1
153, 1
165, 1
326, 1
327, 2
330, 2
332, 2
335, 1
339, 2
342, 1
345, 2
347, 2
349, 1
351, 1
352, 4
355, 1
357, 2
358, 1
361, 2
363, 1
365, 3
392, 1
393, 1
417, 1
419, 1
420, 2
423, 3
425, 2
427, 2
428, 1
429, 2
430, 1
432, 2
433, 3
434, 2
436, 4
437, 1
438, 2
441, 1
442, 2
443, 2
444, 3
445, 1
446, 1
448, 4
449, 5
450, 2
451, 7
452, 4
453, 7
454, 3
455, 6
456, 6
457, 2
458, 2
461, 4
462, 4
463, 2
464, 3
465, 1
466, 3
467, 1
469, 3
473, 2
475, 4
476, 1
477, 3
478, 1
479, 1
480, 2
481, 1
482, 1
483, 4
484, 3
485, 4
486, 3
487, 2
488, 3
489, 1
490, 3
492, 4
494, 2
496, 1
497, 2
500, 1
502, 1
503, 3
504, 3
505, 2
507, 6
508, 2
509, 2
510, 2
511, 1
512, 6
513, 4
514, 6
515, 2
516, 3
517, 5
518, 3
519, 1
520, 1
521, 2
522, 1
523, 2
524, 2
526, 2
527, 5
528, 5
529, 4
531, 2
532, 1
533, 4
534, 3
535, 5
536, 3
537, 6
538, 4
539, 5
540, 3
541, 4
542, 4
544, 3
546, 3
547, 5
548, 2
549, 3
550, 2
551, 2
552, 1
554, 3
555, 2
556, 1
557, 1
558, 2
559, 1
560, 1
561, 1
562, 1
563, 1
565, 2
567, 1
568, 1
569, 3
573, 1
576, 2
579, 2
581, 2
585, 2
592, 2
594, 2
601, 1
608, 2
613, 2
735, 1
738, 3
740, 1
741, 2
742, 2
743, 2
744, 2
745, 1
746, 2
749, 4
752, 1
754, 2
755, 1
756, 2
758, 3
760, 2
763, 1
766, 2
767, 6
768, 3
769, 1
770, 1
772, 2
773, 2
775, 1
777, 6
795, 1
796, 1
797, 1
798, 3
799, 4
800, 2
802, 4
803, 1
804, 3
805, 4
806, 10
807, 3
808, 5
809, 3
810, 1
811, 3
812, 5
813, 3
814, 3
815, 5
816, 7
817, 12
818, 6
819, 4
820, 2
821, 4
822, 4
823, 4
825, 2
826, 3
827, 5
828, 6
829, 6
830, 6
831, 5
832, 17
833, 6
834, 15
835, 8
836, 6
837, 2
838, 4
839, 1
840, 3
841, 1
850, 3
853, 1
855, 1
859, 6
863, 7
866, 4
868, 3
869, 1
872, 6
873, 2
874, 7
875, 2
876, 2
877, 1
878, 3
879, 8
880, 8
882, 4
883, 7
885, 2
886, 8
887, 6
888, 3
889, 4
891, 4
892, 6
893, 2
894, 14
895, 7
896, 15
897, 1
898, 8
899, 1
900, 7
901, 3
902, 5
903, 1
904, 9
905, 6
906, 4
907, 4
908, 4
909, 6
910, 6
911, 5
912, 8
913, 2
914, 10
915, 16
916, 12
917, 12
918, 1
919, 6
920, 6
922, 3
923, 9
924, 4
925, 6
926, 13
927, 3
928, 3
929, 1
930, 2
932, 3
933, 4
935, 1
936, 1
938, 4
940, 7
942, 4
945, 4
946, 3
949, 1
950, 4
1059, 2
1060, 1
1061, 1
1062, 1
1063, 1
1064, 2
1065, 2
1067, 12
1068, 17
1069, 7
1070, 5
1072, 8
1073, 10
1074, 11
1075, 19
1076, 7
1077, 13
1078, 9
1079, 19
1080, 9
1081, 23
1082, 1
1083, 3
1084, 9
1085, 7
1086, 3
1087, 8
1088, 16
1089, 4
1090, 10
1091, 30
1092, 25
1093, 16
1094, 22
1095, 23
1096, 3
1097, 9
1098, 17
1099, 9
1100, 4
1101, 7
1102, 14
1103, 14
1104, 18
1105, 10
1106, 8
1107, 6
1109, 2
1110, 4
1112, 3
1113, 12
1114, 7
1116, 7
1117, 3
1118, 4
1132, 6
1133, 3
1138, 5
1139, 5
1141, 7
1142, 3
1143, 14
1144, 7
1145, 3
1146, 2
1148, 2
1149, 3
1150, 3
1151, 3
1152, 1
1153, 4
1154, 11
1155, 7
1157, 16
1158, 8
1159, 5
1160, 6
1161, 13
1162, 12
1163, 9
1165, 9
1166, 10
1167, 12
1168, 16
1169, 14
1170, 1
1171, 11
1172, 12
1173, 8
1174, 17
1175, 7
1176, 7
1177, 11
1178, 14
1179, 2
1182, 1
1183, 5
1184, 11
1185, 3
1186, 13
1187, 3
1188, 4
1189, 4
1190, 6
1191, 4
1192, 1
1193, 1
1194, 2
1196, 7
1197, 4
1198, 6
1199, 2
1200, 3
1201, 2
1202, 2
1204, 2
1205, 2
1206, 3
1209, 4
1210, 2
1211, 1
1212, 2
1213, 1
1214, 5
1221, 5
1225, 2
1226, 3
1379, 2
1380, 11
1381, 8
1382, 2
1383, 7
1385, 4
1386, 4
1387, 10
1388, 4
1389, 9
1390, 8
1391, 4
1392, 13
1393, 6
1395, 2
1396, 9
1397, 10
1398, 3
1399, 9
1400, 6
1401, 5
1402, 6
1403, 6
1404, 8
1405, 12
1406, 2
1407, 4
1408, 8
1409, 17
1410, 4
1411, 15
1412, 10
1413, 3
1414, 1
1415, 2
1416, 1
1417, 11
1418, 17
1427, 2
1428, 2
1434, 1
1435, 1
1487, 1
1490, 2
1491, 1
1492, 2
1493, 2
1494, 1
1495, 1
1497, 3
1498, 1
1499, 5
1500, 1
1501, 2
1503, 5
1504, 3
1506, 2
1507, 2
1508, 6
1509, 1
1510, 5
1511, 2
1512, 5
1513, 5
1515, 4
1516, 2
1517, 4
1519, 1
1520, 6
1521, 2
1522, 1
1523, 3
1524, 2
1525, 2
1526, 1
1528, 3
1529, 1
1535, 2
1538, 1
1545, 1
1555, 1
1564, 1
1565, 1
1568, 1
1569, 3
1570, 2
1572, 1
1574, 2
1575, 3
1576, 2
1577, 5
1579, 3
1580, 1
1582, 3
1583, 2
1584, 5
1586, 5
1590, 4
1591, 3
1593, 2
1595, 6
1596, 3
1598, 1
1599, 6
1600, 2
1601, 5
1602, 3
1603, 1
1604, 2
1605, 4
1606, 2
1608, 3
1609, 1
1610, 1
1611, 2
1612, 5
1613, 2
1614, 2
1615, 2
1616, 2
1617, 2
1618, 1
1619, 7
1620, 2
1621, 1
1622, 2
1624, 2
1625, 2
1626, 6
1627, 1
1628, 1
1629, 1
1630, 3
1631, 2
1632, 2
1633, 2
1635, 2
1636, 2
1637, 4
1639, 2
1640, 4
1644, 2
1647, 2
1651, 1
1654, 1
1663, 2
1665, 1
1672, 1
1676, 2
1677, 1
1678, 1
1794, 4
1796, 4
1799, 2
1801, 1
1804, 5
1805, 2
1806, 4
1810, 5
1811, 2
1812, 1
1813, 4
1814, 3
1815, 1
1817, 1
1819, 1
1820, 2
1821, 1
1822, 3
1824, 3
1825, 2
1827, 3
1828, 1
1829, 5
1830, 3
1831, 2
1832, 3
1833, 6
1835, 3
1836, 3
1837, 4
1838, 3
1839, 4
1840, 1
1842, 1
1843, 2
1844, 8
1845, 4
1847, 3
1848, 1
1849, 2
1850, 1
1851, 4
1852, 2
1854, 2
1856, 2
1858, 2
1861, 1
1862, 1
1864, 3
1865, 2
3772, 1
3774, 3
3775, 1
3776, 5
3778, 1
3779, 4
3780, 1
3781, 1
3782, 4
3783, 3
3784, 2
3785, 3
3786, 2
3787, 2
3788, 5
3789, 6
3790, 4
3791, 5
3792, 4
3793, 2
3794, 3
3795, 1
3796, 3
3797, 1
3798, 3
3799, 4
3800, 9
3801, 12
3802, 2
3803, 12
3804, 4
3805, 6
3806, 5
3807, 9
3808, 12
3809, 3
3810, 9
3811, 2
3812, 6
3813, 5
3816, 6
3819, 5
3822, 6
3826, 2
3827, 5
3833, 4
3837, 7
3838, 12
3840, 6
3843, 4
3845, 10
3846, 2
3848, 3
3849, 8
3854, 6
3855, 9
3858, 10
3859, 17
3860, 8
3861, 2
3862, 8
3864, 4
3865, 4
3866, 7
3867, 4
3868, 11
3869, 6
3870, 1
3871, 9
3872, 18
3873, 11
3874, 3
3875, 8
3876, 4
3877, 13
3878, 5
3879, 22
3880, 1
3881, 18
3882, 13
3883, 7
3884, 17
3885, 5
3886, 11
3887, 6
3888, 10
3889, 5
3890, 1
3891, 8
3892, 1
3893, 2
3894, 16
3895, 22
3896, 3
3897, 17
3898, 4
3899, 10
3900, 13
3901, 10
3902, 12
3903, 1
3904, 5
3905, 3
3906, 4
3907, 17
3908, 4
3910, 1
3911, 9
3912, 6
3913, 4
3914, 6
3916, 7
3917, 2
3923, 5
3927, 5
3928, 5
3932, 5
4042, 1
4043, 1
4044, 2
4045, 6
4048, 1
4049, 3
4050, 3
4051, 3
4052, 6
4054, 10
4055, 1
4056, 1
4057, 2
4058, 1
4059, 1
4060, 8
4061, 9
4062, 3
4063, 1
4064, 5
4065, 8
4067, 3
4068, 6
4069, 6
4071, 4
4072, 12
4073, 3
4074, 6
4075, 7
4076, 6
4077, 9
4078, 2
4079, 5
4080, 1
4081, 7
4082, 2
4083, 2
4085, 1
4090, 3
4091, 1
4094, 1
4095, 4
4102, 1
4103, 2
4109, 2
4112, 3
4117, 2
4119, 2
4120, 6
4121, 4
4122, 8
4123, 1
4124, 9
4125, 3
4126, 7
4127, 14
4128, 10
4129, 4
4130, 6
4131, 6
4132, 6
4133, 6
4134, 5
4135, 2
4136, 5
4137, 5
4138, 8
4139, 7
4140, 9
4141, 6
4142, 11
4143, 4
4144, 8
4145, 7
4146, 10
4147, 8
4148, 12
4149, 2
4150, 4
4151, 9
4152, 5
4153, 14
4154, 9
4155, 4
4156, 9
4157, 14
4158, 6
4159, 9
4160, 14
4161, 18
4162, 6
4163, 14
4164, 9
4165, 7
4166, 4
4167, 5
4168, 3
4169, 3
4170, 12
4171, 6
4172, 3
4174, 2
4175, 5
4176, 1
4177, 3
4178, 4
4179, 3
4180, 3
4183, 5
4184, 2
4185, 5
4186, 3
4187, 8
4189, 3
4191, 5
4194, 3
4195, 4
4197, 6
4199, 1
4200, 2
4201, 6
4203, 3
4205, 6
4206, 6
4208, 3
4209, 2
4210, 3
4213, 2
4217, 1
4218, 3
4219, 2
4220, 3
4221, 4
4223, 4
4224, 2
4226, 6
4227, 4
4228, 4
4229, 9
4231, 10
4232, 4
4233, 13
4234, 6
4235, 8
4236, 9
4237, 14
4238, 10
4239, 12
4240, 7
4241, 3
4242, 6
4244, 4
4245, 3
4246, 8
4247, 15
4248, 7
4249, 5
4250, 3
4251, 13
4252, 2
4253, 13
4254, 1
4255, 4
4256, 6
4257, 3
4258, 3
4259, 5
4260, 3
4261, 3
4262, 7
4263, 6
4264, 12
4266, 7
4267, 9
4268, 6
4269, 11
4270, 4
4271, 5
4272, 9
4273, 4
4274, 9
4276, 7
4277, 3
4278, 3
4279, 6
4280, 8
4281, 3
4282, 1
4283, 3
4284, 2
4287, 3
4289, 3
4290, 5
4291, 4
4292, 13
4293, 1
4294, 6
4295, 5
4297, 1
4298, 3
4299, 2
4301, 2
4302, 1
4303, 3
4308, 1
4309, 2
4310, 4
4311, 1
4312, 1
4313, 4
4314, 2
4317, 1
4319, 1
4320, 2
4323, 2
4337, 1
4338, 1
4340, 1
4341, 4
4342, 3
4343, 3
4345, 3
4350, 3
4352, 2
4353, 1
4390, 3
4398, 3
4399, 3
4400, 2
4401, 2
4402, 1
4403, 2
4404, 2
4405, 5
4407, 3
4408, 2
4409, 3
4410, 3
4411, 4
4412, 1
4413, 2
4414, 12
4415, 8
4416, 5
4417, 4
4418, 6
4419, 3
4420, 5
4421, 11
4422, 1
4423, 5
4424, 7
4425, 18
4426, 4
4427, 10
4428, 10
4429, 13
4430, 10
4431, 6
4432, 9
4433, 14
4434, 8
4435, 16
4436, 12
4437, 3
4438, 10
4439, 11
4440, 15
4442, 3
4445, 4
4446, 2
4448, 10
4449, 5
4450, 6
4451, 1
4452, 4
4453, 1
4458, 5
4461, 5
4464, 6
4470, 7
4471, 5
4473, 5
4475, 5
4476, 1
4478, 1
4479, 9
4480, 3
4481, 2
4482, 9
4483, 1
4484, 13
4485, 6
4487, 5
4488, 7
4491, 10
4492, 7
4493, 8
4494, 3
4495, 8
4497, 7
4498, 8
4499, 10
4500, 5
4501, 12
4502, 9
4503, 7
4504, 5
4505, 16
4506, 12
4507, 17
4508, 5
4509, 6
4510, 8
4511, 9
4512, 8
4513, 6
4514, 14
4515, 6
4516, 2
4517, 11
4518, 9
4519, 5
4520, 4
4521, 5
4522, 9
4523, 5
4524, 5
4525, 5
4526, 15
4527, 9
4528, 11
4530, 4
4532, 6
4533, 5
4534, 6
4538, 4
4539, 1
4542, 1
4543, 4
4544, 6
4551, 5
4567, 5
4756, 3
4757, 3
4774, 4
4775, 2
5183, 2
5184, 2
5185, 1
5187, 1
5188, 1
5190, 3
5191, 3
5192, 4
5193, 2
5194, 3
5195, 1
5197, 3
5198, 7
5199, 6
5200, 6
5201, 2
5202, 6
5203, 4
5204, 3
5205, 10
5206, 8
5207, 13
5208, 5
5209, 13
5210, 15
5211, 11
5212, 12
5213, 3
5214, 14
5215, 5
5216, 13
5217, 16
5218, 12
5219, 8
5220, 16
5221, 21
5222, 33
5223, 28
5224, 34
5225, 39
5226, 13
5227, 11
5228, 27
5229, 24
5230, 23
5231, 14
5232, 25
5233, 47
5234, 27
5235, 22
5236, 18
5237, 18
5238, 20
5239, 14
5240, 38
5241, 20
5242, 38
5243, 42
5244, 22
5245, 7
5246, 5
5247, 19
5248, 18
5249, 16
5250, 15
5251, 20
5252, 17
5253, 25
5254, 12
5255, 32
5256, 43
5257, 3
5258, 21
5259, 11
5261, 4
5263, 3
5264, 3
5265, 5
5266, 9
5267, 7
5268, 12
5269, 7
5270, 8
5271, 1
5272, 7
5273, 14
5274, 5
5275, 6
5276, 3
5277, 6
5278, 14
5279, 19
5280, 28
5281, 16
5282, 11
5283, 14
5284, 18
5285, 14
5286, 20
5287, 17
5288, 9
5289, 12
5290, 14
5291, 31
5292, 15
5293, 23
5294, 8
5295, 23
5296, 16
5297, 28
5298, 6
5299, 23
5300, 27
5301, 9
5302, 6
5303, 4
5304, 14
5305, 22
5306, 21
5307, 11
5308, 11
5309, 4
5310, 9
5311, 5
5312, 10
5313, 13
5314, 11
5315, 18
5316, 10
5317, 2
5319, 2
5320, 14
5321, 1
5325, 6
5326, 11
5327, 3
5328, 2
5329, 4
5331, 4
5335, 10
5336, 3
5338, 3
5339, 4
5340, 2
5342, 4
5343, 3
5345, 3
5347, 2
5349, 7
5354, 1
5355, 1
5356, 1
5357, 1
5358, 2
5359, 5
5360, 4
5361, 3
5362, 9
5363, 3
5364, 4
5365, 4
5366, 6
5367, 4
5368, 6
5369, 8
5370, 4
5371, 6
5372, 4
5373, 11
5374, 5
5375, 8
5376, 5
5377, 4
5378, 10
5379, 6
5380, 4
5381, 10
5382, 14
5383, 12
5384, 10
5385, 2
5386, 8
5387, 14
5388, 9
5389, 18
5390, 9
5391, 10
5392, 4
5393, 7
5394, 19
5395, 14
5396, 12
5397, 5
5398, 3
5399, 4
5400, 14
5401, 10
5402, 11
5403, 1
5404, 13
5405, 10
5406, 3
5407, 7
5408, 12
5409, 14
5410, 3
5411, 9
5412, 14
5413, 5
5414, 3
5415, 5
5416, 13
5417, 2
5418, 9
5419, 6
5420, 12
5421, 15
5422, 4
5423, 7
5424, 7
5425, 6
5426, 8
5427, 4
5428, 8
5429, 7
5430, 2
5431, 8
5432, 3
5433, 4
5434, 14
5435, 11
5436, 2
5437, 6
5438, 2
5439, 1
5440, 10
5442, 2
5443, 1
5444, 1
5445, 2
5446, 7
5447, 2
5451, 7
5452, 8
5453, 3
5455, 9
5456, 7
5458, 2
5459, 3
5460, 5
5461, 9
5463, 3
5464, 3
5467, 3
5468, 5
5469, 5
5471, 2
5472, 2
5473, 3
5476, 2
5477, 9
5478, 7
5479, 1
5480, 2
5481, 1
5482, 6
5485, 3
5487, 1
5492, 2
5699, 3
5700, 3
5703, 3
5712, 3
5715, 3
6302, 1
6303, 3
6305, 1
6306, 2
6307, 3
6308, 3
6309, 3
6310, 3
6311, 1
6312, 4
6313, 2
6314, 1
6315, 1
6317, 4
6318, 2
6319, 4
6320, 5
6321, 3
6322, 1
6323, 5
6324, 1
6325, 5
6326, 4
6327, 3
6328, 4
6329, 6
6330, 3
6331, 7
6332, 6
6333, 3
6334, 9
6335, 4
6336, 1
6337, 7
6338, 4
6339, 3
6340, 7
6341, 8
6342, 5
6343, 4
6345, 1
6374, 2
6378, 3
6379, 1
6380, 1
6382, 3
6385, 1
6387, 2
6388, 1
6389, 4
6390, 2
6392, 4
6393, 3
6394, 3
6395, 5
6397, 2
6398, 2
6399, 1
6400, 4
6401, 6
6402, 4
6403, 7
6406, 4
6407, 2
6408, 2
6409, 3
6410, 2
6411, 7
6412, 2
6413, 2
6414, 3
6415, 9
6416, 8
6417, 2
6418, 4
6419, 6
6420, 5
6421, 2
6422, 4
6423, 8
6424, 1
6425, 4
6426, 1
6428, 2
6430, 1
6432, 10
6433, 2
6434, 2
6435, 2
6436, 2
6437, 1
6438, 2
6439, 1
6441, 4
6443, 3
6446, 3
6455, 4
6626, 2
6645, 2
6650, 2
6651, 2
6678, 2
6687, 2
6763, 2
6819, 2
6820, 1
6821, 2
6822, 3
6823, 5
6824, 1
6825, 7
6826, 2
6827, 11
6828, 4
6829, 4
6830, 2
6831, 9
6832, 10
6833, 5
6834, 5
6835, 10
6836, 12
6837, 12
6838, 6
6839, 8
6840, 9
6841, 16
6842, 11
6843, 19
6844, 13
6845, 10
6846, 15
6847, 11
6848, 5
6849, 24
6850, 19
6851, 17
6852, 8
6853, 9
6854, 24
6855, 19
6856, 37
6857, 28
6858, 28
6859, 32
6860, 40
6861, 14
6862, 12
6863, 16
6864, 15
6865, 11
6866, 22
6867, 18
6868, 7
6869, 9
6870, 21
6871, 35
6872, 14
6873, 15
6874, 8
6875, 28
6876, 20
6877, 24
6878, 7
6879, 19
6880, 9
6881, 26
6882, 28
6883, 32
6884, 42
6885, 50
6886, 39
6887, 36
6888, 31
6889, 15
6890, 32
6891, 46
6892, 40
6893, 6
6894, 25
6895, 22
6896, 21
6897, 27
6898, 49
6899, 73
6900, 43
6901, 49
6902, 29
6903, 20
6904, 25
6905, 13
6906, 28
6907, 44
6908, 29
6909, 16
6910, 22
6911, 41
6912, 52
6913, 45
6914, 26
6915, 8
6916, 12
6917, 25
6918, 49
6919, 41
6920, 51
6921, 6
6922, 11
6923, 36
6924, 21
6925, 19
6926, 24
6927, 19
6928, 13
6929, 14
6930, 11
6931, 16
6932, 14
6933, 2
6934, 38
6935, 31
6936, 18
6937, 27
6938, 10
6939, 23
6940, 20
6941, 14
6942, 23
6943, 15
6944, 13
6945, 2
6946, 8
6947, 5
6948, 18
6949, 4
6950, 8
6951, 14
6952, 19
6953, 29
6954, 13
6955, 21
6956, 27
6957, 10
6958, 11
6959, 15
6960, 6
6961, 7
6962, 5
6963, 11
6964, 4
6965, 14
6966, 28
6967, 29
6968, 7
6969, 12
6970, 4
6971, 17
6972, 3
6973, 12
6975, 3
6976, 14
6977, 3
6978, 3
6979, 5
6981, 6
6982, 5
6984, 1
6985, 1
6986, 3
6987, 5
6988, 6
6989, 10
6990, 1
6991, 5
6992, 9
6993, 9
6994, 10
6995, 15
6996, 5
6997, 8
6998, 14
6999, 2
7000, 13
7001, 12
7002, 7
7004, 3
7007, 2
7009, 5
7010, 6
7011, 3
7014, 4
7017, 6
7019, 1
7020, 1
7021, 1
7022, 2
7023, 2
7024, 6
7027, 3
7028, 2
7030, 2
7032, 8
7033, 1
7035, 5
7036, 2
7038, 1
7039, 1
7040, 1
7044, 6
7045, 5
7046, 1
7047, 1
7048, 8
7049, 7
7050, 1
7051, 5
7052, 1
7053, 7
7054, 6
7055, 9
7056, 2
7057, 1
7058, 5
7059, 8
7060, 20
7061, 4
7062, 5
7063, 7
7064, 2
7065, 1
7066, 5
7067, 13
7068, 10
7069, 11
7070, 3
7071, 10
7072, 3
7074, 9
7075, 2
7078, 10
7079, 12
7080, 8
7081, 7
7083, 10
7084, 2
7085, 7
7086, 6
7087, 5
7088, 13
7089, 2
7090, 10
7092, 9
7095, 20
7096, 14
7097, 5
7098, 16
7100, 13
7101, 22
7102, 13
7103, 3
7104, 14
7105, 13
7106, 6
7107, 2
7108, 7
7109, 7
7110, 19
7111, 13
7112, 4
7113, 17
7114, 1
7115, 24
7116, 5
7117, 6
7118, 25
7119, 8
7120, 14
7121, 43
7122, 24
7123, 11
7124, 18
7125, 13
7126, 8
7127, 10
7128, 18
7129, 32
7130, 25
7131, 10
7132, 4
7133, 27
7134, 26
7135, 49
7136, 26
7137, 40
7138, 10
7139, 11
7140, 23
7141, 21
7142, 10
7143, 29
7144, 30
7145, 24
7146, 23
7147, 14
7148, 11
7149, 20
7150, 15
7151, 12
7152, 22
7153, 6
7154, 10
7155, 22
7156, 17
7157, 9
7158, 18
7159, 5
7160, 21
7161, 11
7162, 9
7163, 6
7164, 20
7165, 6
7166, 3
7167, 2
7168, 1
7169, 3
7170, 7
7173, 4
7174, 2
7176, 1
7177, 6
7178, 1
7179, 3
7180, 4
7181, 3
7182, 4
7184, 1
7189, 2
7193, 2
7194, 1
7196, 2
7203, 5
7217, 1
7218, 2
7924, 6
7925, 4
7926, 7
7927, 1
7928, 3
7929, 9
7930, 8
7931, 7
7932, 8
7933, 4
7934, 2
7935, 6
7936, 7
7937, 6
7938, 10
7939, 10
7940, 13
7941, 3
7942, 8
7943, 11
7944, 6
7945, 9
7946, 10
7947, 4
7948, 7
7949, 9
7950, 8
7951, 10
7952, 8
7953, 6
7954, 3
7955, 13
7956, 10
7957, 14
7958, 10
7959, 17
7960, 9
7961, 11
7962, 6
7963, 14
7964, 5
7965, 5
7966, 1
7967, 5
7992, 1
7998, 1
8000, 2
8005, 1
8006, 1
8008, 1
8009, 1
8011, 1
8013, 1
8017, 1
8018, 2
8019, 1
8020, 1
8022, 1
8024, 1
8025, 1
8027, 3
8028, 2
8029, 1
8030, 1
8031, 2
8032, 2
8034, 1
8035, 2
8038, 1
8039, 1
8044, 3
8048, 1
8051, 1
8056, 1
8057, 1
8058, 1
8059, 1
8060, 1
8062, 1
8075, 2
8083, 1
8683, 3
8684, 1
8685, 3
8686, 1
8687, 3
8688, 3
8689, 8
8690, 3
8691, 5
8692, 4
8693, 5
8694, 1
8695, 4
8696, 3
8697, 7
8698, 6
8699, 4
8700, 2
8701, 4
8702, 7
8703, 6
8704, 5
8705, 3
8706, 6
8707, 4
8708, 8
8709, 11
8710, 10
8711, 9
8712, 13
8713, 13
8714, 4
8715, 13
8716, 20
8717, 15
8718, 8
8719, 16
8720, 10
8721, 11
8722, 4
8723, 3
8724, 2
8725, 1
8728, 4
8729, 3
8732, 1
8735, 4
8745, 2
8749, 8
8750, 1
8751, 3
8752, 5
8753, 2
8755, 6
8756, 2
8757, 4
8758, 3
8759, 4
8760, 6
8761, 4
8762, 5
8763, 10
8764, 8
8765, 6
8766, 6
8767, 17
8769, 6
8770, 11
8771, 9
8773, 15
8774, 11
8775, 25
8776, 10
8777, 7
8778, 8
8779, 2
8780, 16
8781, 11
8782, 21
8783, 8
8784, 18
8785, 14
8786, 24
8787, 10
8788, 14
8789, 11
8790, 22
8791, 18
8792, 48
8793, 20
8794, 23
8795, 19
8796, 24
8797, 15
8798, 28
8799, 6
8800, 14
8801, 12
8802, 17
8803, 6
8804, 13
8805, 5
8806, 12
8807, 11
8808, 18
8810, 11
8811, 9
8812, 14
8813, 3
8814, 12
8815, 17
8816, 3
8817, 10
8818, 9
8819, 7
8820, 9
8821, 10
8822, 2
8823, 3
8824, 5
8825, 8
8826, 3
8827, 8
8828, 3
8830, 5
8832, 2
8833, 3
8834, 2
8836, 2
8837, 2
8844, 1
8851, 1
8994, 1
8995, 2
8996, 1
8998, 5
8999, 3
9000, 2
9001, 3
9002, 5
9003, 6
9004, 4
9005, 3
9006, 5
9007, 9
9008, 6
9009, 3
9010, 10
9011, 3
9012, 17
9013, 8
9014, 5
9015, 8
9016, 5
9017, 4
9018, 8
9019, 9
9020, 15
9021, 16
9022, 16
9023, 1
9024, 7
9025, 7
9026, 14
9027, 21
9028, 22
9029, 11
9030, 5
9031, 7
9032, 18
9033, 20
9034, 16
9035, 16
9036, 10
9037, 2
9038, 5
9039, 1
9040, 1
9041, 3
9043, 1
9044, 11
9045, 10
9046, 1
9048, 6
9050, 1
9063, 1
9067, 3
9068, 5
9069, 7
9070, 2
9071, 5
9072, 3
9073, 4
9075, 1
9077, 5
9078, 8
9079, 9
9080, 7
9081, 6
9082, 6
9083, 1
9084, 10
9085, 6
9086, 7
9087, 9
9088, 6
9089, 11
9090, 9
9091, 1
9092, 3
9093, 16
9094, 14
9095, 26
9096, 15
9097, 25
9098, 5
9099, 16
9100, 16
9101, 4
9102, 19
9103, 8
9104, 14
9105, 19
9106, 8
9107, 16
9108, 10
9109, 8
9110, 16
9111, 8
9112, 10
9113, 27
9114, 28
9115, 9
9116, 12
9117, 14
9118, 25
9119, 16
9120, 12
9121, 8
9122, 23
9123, 3
9124, 11
9125, 5
9126, 20
9127, 4
9128, 15
9129, 2
9130, 16
9131, 1
9132, 7
9133, 8
9134, 1
9135, 5
9136, 15
9137, 3
9138, 2
9139, 3
9140, 6
9142, 3
9143, 10
9144, 1
9145, 1
9146, 2
9155, 2
9269, 2
9270, 1
9271, 1
9272, 1
9273, 1
9274, 1
9275, 1
9278, 3
9279, 1
9281, 4
9282, 3
9283, 3
9284, 3
9285, 1
9286, 5
9287, 10
9288, 11
9289, 1
9291, 4
9293, 9
9294, 6
9295, 2
9296, 12
9297, 2
9298, 7
9299, 17
9300, 8
9301, 13
9302, 7
9303, 2
9304, 7
9305, 11
9306, 6
9307, 11
9308, 2
9309, 17
9310, 7
9311, 10
9312, 4
9313, 9
9314, 2
9318, 6
9321, 2
9322, 5
9328, 2
9333, 5
9337, 6
9341, 3
9342, 3
9344, 5
9346, 14
9352, 2
9353, 2
9354, 12
9355, 3
9356, 13
9357, 2
9358, 8
9359, 8
9360, 9
9361, 11
9362, 13
9363, 9
9364, 12
9365, 1
9369, 5
9371, 9
9372, 6
9373, 3
9374, 11
9375, 19
9376, 1
9377, 22
9379, 6
9383, 11
9384, 10
9385, 11
9386, 3
9387, 21
9388, 3
9389, 11
9390, 17
9391, 2
9392, 14
9393, 10
9394, 6
9395, 9
9396, 14
9397, 9
9398, 1
9399, 19
9400, 27
9401, 9
9402, 15
9403, 8
9404, 5
9405, 5
9406, 3
9409, 3
9410, 6
9411, 14
9412, 3
9413, 7
9416, 2
9417, 2
9418, 6
9423, 3
9424, 4
9430, 5
9444, 4
9510, 1
9512, 2
9513, 3
9514, 3
9515, 2
9516, 1
9517, 1
9518, 4
9519, 5
9520, 5
9521, 7
9522, 1
9523, 1
9524, 5
9526, 8
9527, 1
9528, 13
9529, 9
9530, 3
9531, 7
9532, 4
9533, 14
9534, 7
9535, 5
9536, 10
9537, 12
9538, 13
9539, 10
9540, 10
9541, 3
9542, 5
9543, 4
9544, 10
9545, 14
9546, 9
9547, 11
9548, 9
9549, 22
9550, 6
9551, 4
9552, 7
9553, 4
9555, 3
9557, 2
9564, 1
9566, 1
9570, 1
9575, 2
9580, 3
9585, 1
9587, 1
9590, 1
9592, 1
9595, 3
9597, 2
9600, 2
9602, 2
9603, 3
9604, 2
9606, 2
9607, 2
9608, 1
9610, 1
9611, 3
9612, 3
9613, 2
9615, 1
9617, 2
9618, 3
9619, 1
9621, 1
9622, 2
9623, 1
9624, 1
9625, 4
9627, 2
9628, 4
9630, 3
9632, 2
9633, 2
9634, 3
9635, 2
9636, 3
9637, 1
9638, 5
9640, 2
9641, 1
9642, 3
9643, 2
9645, 1
9646, 1
9649, 1
9650, 1
9661, 2
9890, 3
10136, 1
10137, 2
10138, 1
10141, 1
10142, 1
10143, 1
10145, 5
10146, 1
10147, 4
10148, 1
10149, 1
10150, 3
10152, 7
10153, 5
10154, 2
10155, 12
10156, 9
10157, 6
10158, 7
10159, 11
10160, 16
10161, 15
10163, 13
10164, 18
10165, 12
10166, 17
10167, 41
10168, 14
10169, 36
10170, 21
10171, 9
10172, 32
10173, 28
10174, 37
10175, 33
10176, 14
10177, 19
10178, 7
10179, 46
10180, 31
10181, 21
10182, 23
10183, 7
10184, 3
10185, 18
10186, 28
10187, 40
10188, 26
10189, 4
10190, 23
10191, 25
10192, 28
10193, 17
10194, 20
10195, 20
10196, 23
10197, 23
10198, 2
10199, 18
10200, 13
10201, 10
10202, 13
10203, 3
10205, 3
10206, 2
10207, 2
10211, 5
10215, 1
10216, 9
10217, 1
10220, 4
10221, 3
10222, 6
10224, 2
10225, 14
10226, 1
10227, 11
10228, 2
10230, 5
10231, 23
10232, 2
10233, 12
10234, 2
10235, 6
10236, 18
10237, 7
10238, 20
10239, 6
10240, 22
10241, 20
10242, 16
10243, 5
10244, 5
10245, 11
10246, 6
10247, 19
10248, 10
10249, 18
10250, 20
10251, 15
10252, 15
10253, 30
10254, 12
10255, 6
10256, 24
10257, 21
10258, 23
10259, 28
10260, 9
10261, 18
10262, 6
10263, 10
10264, 20
10265, 26
10266, 18
10267, 1
10268, 28
10269, 29
10270, 1
10271, 32
10272, 5
10273, 4
10274, 7
10275, 26
10276, 13
10277, 4
10278, 10
10279, 10
10280, 17
10281, 8
10282, 24
10283, 6
10284, 27
10285, 27
10287, 1
10288, 5
10289, 6
10290, 3
10292, 11
10293, 7
10294, 2
10295, 6
10297, 6
10302, 2
10303, 4
10304, 2
10306, 15
10307, 1
10310, 9
10311, 2
10316, 4
10322, 1
10496, 2
10596, 1
10597, 3
10598, 3
10599, 7
10600, 3
10601, 4
10603, 1
10604, 4
10605, 2
10606, 3
10607, 7
10608, 4
10609, 6
10610, 3
10611, 3
10612, 7
10613, 3
10614, 9
10615, 6
10616, 3
10617, 10
10618, 8
10619, 7
10620, 8
10621, 7
10622, 5
10623, 7
10624, 3
10625, 9
10626, 18
10627, 8
10628, 13
10629, 6
10630, 2
10631, 16
10632, 9
10633, 7
10634, 18
10635, 25
10636, 7
10637, 4
10638, 8
10639, 4
10640, 5
10641, 6
10643, 4
10663, 1
10668, 6
10669, 3
10670, 4
10673, 2
10675, 6
10677, 6
10678, 4
10679, 2
10680, 5
10682, 2
10683, 1
10684, 3
10685, 6
10686, 3
10687, 3
10688, 15
10689, 7
10690, 8
10691, 2
10692, 10
10693, 1
10694, 11
10695, 6
10696, 9
10697, 3
10698, 13
10699, 14
10700, 5
10701, 22
10702, 11
10703, 20
10704, 9
10705, 11
10706, 6
10707, 9
10708, 4
10709, 6
10710, 13
10711, 13
10712, 11
10713, 6
10714, 14
10715, 7
10716, 6
10717, 12
10718, 9
10719, 3
10720, 4
10721, 1
10722, 3
10723, 5
10724, 10
10726, 7
10727, 6
10728, 2
10729, 3
10730, 3
10731, 3
10732, 6
10733, 5
10735, 3
10737, 3
10738, 1
10740, 3
10741, 1
10742, 4
10743, 1
10744, 3
10745, 2
10746, 3
10754, 1
10776, 1
11108, 1
11109, 1
11111, 1
11112, 3
11113, 3
11114, 4
11115, 3
11116, 3
11117, 2
11119, 4
11120, 2
11122, 14
11123, 4
11124, 7
11125, 3
11126, 7
11127, 5
11128, 2
11129, 8
11130, 3
11131, 4
11132, 1
11133, 9
11134, 4
11135, 9
11136, 5
11137, 11
11138, 9
11139, 9
11140, 15
11141, 13
11142, 5
11143, 9
11144, 9
11145, 18
11146, 15
11147, 7
11148, 6
11149, 2
11150, 6
11151, 14
11152, 8
11154, 3
11155, 4
11156, 4
11158, 3
11160, 1
11161, 2
11175, 9
11177, 16
11178, 7
11179, 7
11181, 6
11182, 5
11183, 3
11184, 8
11185, 11
11186, 1
11187, 2
11188, 1
11190, 5
11191, 9
11192, 26
11193, 18
11194, 5
11196, 5
11197, 17
11198, 19
11199, 6
11200, 21
11201, 6
11202, 5
11203, 9
11204, 6
11205, 19
11206, 11
11207, 22
11208, 10
11209, 12
11210, 14
11211, 13
11212, 38
11213, 24
11214, 12
11215, 8
11216, 24
11217, 15
11218, 13
11219, 2
11220, 7
11221, 3
11222, 6
11223, 10
11224, 15
11225, 10
11226, 5
11227, 10
11228, 13
11229, 17
11230, 23
11231, 21
11232, 7
11233, 15
11234, 12
11235, 28
11236, 4
11237, 7
11238, 4
11239, 5
11240, 3
11241, 13
11242, 8
11243, 10
11244, 9
11245, 14
11246, 9
11247, 12
11248, 6
11249, 4
11250, 10
11251, 14
11252, 3
11253, 5
11254, 4
11255, 2
11258, 3
11259, 3
11260, 6
11263, 5
11265, 2
11266, 5
11268, 1
11269, 3
11270, 3
11272, 3
11273, 2
11591, 1
11592, 1
11593, 1
11594, 1
11595, 2
11596, 1
11597, 1
11598, 4
11599, 2
11600, 3
11602, 4
11603, 5
11604, 2
11605, 1
11606, 5
11607, 4
11608, 5
11609, 3
11610, 4
11611, 6
11612, 4
11613, 7
11614, 8
11615, 10
11616, 7
11617, 6
11618, 5
11619, 15
11620, 3
11621, 11
11622, 8
11623, 5
11624, 2
11625, 15
11626, 13
11627, 19
11628, 7
11629, 12
11630, 5
11631, 5
11632, 3
11657, 2
11658, 1
11659, 3
11661, 1
11662, 1
11664, 3
11665, 9
11666, 3
11667, 10
11668, 5
11669, 6
11670, 5
11671, 8
11672, 12
11673, 5
11674, 6
11675, 13
11676, 6
11677, 6
11678, 9
11679, 11
11680, 7
11681, 13
11682, 8
11683, 13
11684, 15
11685, 7
11686, 17
11687, 4
11688, 47
11689, 34
11690, 12
11691, 22
11692, 15
11693, 27
11694, 11
11695, 10
11696, 37
11697, 38
11698, 12
11699, 9
11700, 29
11701, 31
11702, 17
11703, 23
11704, 20
11705, 27
11706, 14
11707, 15
11708, 32
11709, 45
11710, 23
11711, 19
11712, 19
11713, 36
11714, 13
11715, 17
11716, 23
11717, 22
11718, 13
11719, 14
11720, 21
11721, 15
11722, 20
11723, 35
11724, 19
11725, 32
11726, 22
11727, 17
11728, 8
11729, 18
11730, 7
11731, 1
11732, 15
11733, 11
11734, 13
11735, 5
11736, 11
11737, 5
11738, 5
11739, 11
11740, 11
11742, 13
11743, 2
11744, 3
11745, 10
11746, 17
11748, 4
11749, 10
11751, 11
11754, 6
11755, 14
11756, 3
11757, 6
11758, 10
11759, 8
11760, 6
11761, 5
11762, 10
11765, 7
11767, 5
11768, 4
11769, 6
11770, 4
11771, 6
11772, 10
11773, 13
11774, 3
11775, 3
11776, 5
11778, 3
11781, 12
11782, 3
11783, 3
11784, 3
11785, 4
11786, 3
11787, 8
11788, 5
11790, 4
11791, 6
11793, 5
11794, 11
11797, 9
11800, 6
11802, 3
11804, 9
11805, 6
11806, 3
11807, 3
11809, 10
11810, 4
11811, 6
11812, 9
11813, 13
11816, 9
11817, 2
11820, 3
11821, 3
11822, 6
11823, 3
11824, 2
11825, 1
11826, 2
11828, 4
11829, 3
11830, 4
11833, 2
11837, 1
11838, 3
11843, 2
11844, 2
11845, 3
11848, 2
11850, 1
11851, 2
11852, 8
11854, 1
11856, 16
11857, 5
11858, 2
11859, 3
11861, 1
11862, 2
11863, 2
11864, 5
11866, 6
11867, 8
11868, 6
11869, 2
11870, 4
11871, 7
11872, 7
11873, 2
11875, 2
11876, 10
11877, 2
11878, 6
11879, 10
11880, 15
11881, 6
11882, 6
11883, 10
11884, 15
11885, 10
11886, 8
11887, 11
11888, 14
11889, 1
11890, 1
11891, 2
11892, 4
11894, 2
11895, 1
11896, 2
11898, 2
11900, 4
11904, 3
11905, 2
11906, 7
11907, 5
11908, 2
11909, 8
11910, 1
11912, 2
11913, 1
11914, 4
11915, 1
11916, 2
11917, 2
11918, 4
11920, 8
11921, 1
11922, 5
11923, 5
11925, 2
11926, 1
11927, 1
11928, 2
11929, 3
11932, 2
11933, 2
11934, 3
11935, 1
11936, 4
11938, 1
11940, 2
11942, 3
11943, 3
11944, 2
11945, 1
11946, 8
11947, 2
11949, 3
11950, 5
11951, 6
11952, 2
11955, 4
11957, 4
11958, 5
11959, 1
11960, 4
11961, 3
11962, 2
11963, 4
11965, 2
11967, 1
11968, 1
11969, 4
11970, 3
11971, 2
11973, 2
11974, 3
11975, 1
11976, 3
11978, 1
11984, 1
11986, 2
11989, 2
11991, 2
11995, 2
12490, 2
12491, 1
12493, 1
12494, 3
12496, 2
12497, 2
12498, 3
12500, 7
12501, 1
12502, 1
12503, 5
12504, 3
12506, 3
12507, 1
12508, 3
12509, 2
12510, 5
12512, 1
12513, 2
12514, 3
12515, 7
12516, 2
12517, 9
12518, 3
12519, 5
12520, 4
12521, 5
12522, 5
12523, 2
12524, 2
12525, 5
12526, 7
12527, 9
12528, 13
12529, 6
12530, 1
12533, 2
12558, 2
12560, 2
12565, 4
12567, 2
12569, 1
12571, 1
12572, 3
12573, 2
12577, 5
12578, 6
12579, 4
12580, 6
12581, 6
12583, 4
12584, 4
12585, 3
12586, 5
12587, 3
12588, 2
12589, 1
12590, 3
12591, 9
12592, 4
12593, 4
12594, 8
12595, 10
12596, 13
12597, 5
12598, 4
12599, 2
12600, 6
12602, 8
12603, 10
12604, 1
12605, 6
12606, 7
12607, 6
12608, 4
12609, 4
12610, 8
12611, 6
12612, 2
12613, 7
12615, 2
12617, 4
12618, 2
12620, 2
12621, 4
12622, 2
12623, 2
12624, 5
12627, 2
12628, 3
12632, 2
12634, 2
12635, 1
12636, 2
12638, 2
12639, 5
12640, 1
12643, 3
12644, 2
12645, 1
12647, 7
12648, 1
12651, 8
12653, 1
12655, 6
12656, 5
12657, 2
12658, 1
12660, 1
12662, 1
12663, 6
12664, 2
12665, 7
12666, 1
12667, 3
12668, 1
12669, 3
12671, 3
12673, 6
12675, 6
12676, 3
12677, 5
12680, 8
12681, 2
12682, 2
12683, 9
12685, 3
12687, 6
12688, 7
12689, 4
12691, 6
12692, 2
12693, 3
12694, 2
12695, 3
12696, 8
12697, 4
12698, 3
12699, 2
12700, 3
12701, 11
12702, 6
12703, 14
12704, 7
12706, 8
12707, 6
12709, 3
12710, 4
12711, 3
12712, 10
12713, 3
12714, 3
12715, 6
12717, 11
12718, 3
12719, 4
12720, 14
12721, 6
12722, 6
12723, 7
12724, 3
12725, 2
12726, 1
12728, 7
12730, 3
12731, 4
12732, 5
12733, 1
12735, 5
12736, 7
12740, 3
12743, 2
12744, 1
12745, 1
12748, 6
12749, 3
12750, 3
12754, 1
12755, 5
12759, 3
12763, 3
12764, 3
12765, 4
12768, 3
12791, 3
13413, 1
13414, 3
13415, 1
13416, 2
13417, 3
13418, 3
13419, 1
13420, 1
13422, 3
13423, 3
13424, 6
13425, 4
13426, 6
13427, 7
13428, 5
13429, 9
13430, 3
13431, 2
13432, 4
13433, 13
13434, 8
13435, 10
13436, 7
13437, 4
13438, 3
13439, 5
13440, 4
13441, 6
13442, 7
13443, 7
13444, 9
13445, 7
13446, 12
13447, 16
13448, 9
13449, 11
13450, 12
13451, 11
13452, 9
13453, 4
13454, 10
13456, 1
13457, 1
13482, 1
13490, 1
13491, 2
13493, 1
13494, 3
13496, 2
13497, 2
13498, 1
13500, 1
13501, 4
13502, 1
13503, 2
13504, 5
13505, 2
13507, 3
13508, 2
13509, 4
13510, 6
13511, 2
13513, 2
13516, 3
13517, 2
13519, 2
13520, 1
13521, 1
13522, 6
13524, 3
13525, 4
13526, 4
13527, 2
13528, 1
13529, 4
13530, 5
13531, 5
13534, 2
13536, 2
13537, 2
13538, 4
13539, 3
13540, 1
13541, 1
13542, 1
13544, 1
13545, 1
13547, 3
13548, 5
13549, 3
13550, 1
13553, 1
13561, 3
13564, 1
14381, 1
14383, 2
14384, 1
14386, 1
14388, 2
14389, 5
14390, 1
14391, 10
14392, 3
14393, 9
14394, 7
14395, 9
14396, 4
14397, 10
14398, 5
14399, 9
14400, 6
14401, 12
14402, 3
14403, 11
14404, 21
14405, 9
14406, 5
14407, 11
14408, 16
14409, 13
14410, 9
14411, 9
14412, 20
14413, 3
14414, 10
14415, 17
14416, 29
14417, 10
14418, 20
14419, 21
14420, 19
14421, 16
14422, 5
14423, 6
14424, 4
14425, 2
14429, 3
14430, 2
14459, 5
14460, 3
14462, 4
14466, 9
14469, 4
14471, 7
14472, 8
14473, 2
14474, 7
14475, 14
14476, 11
14477, 10
14478, 10
14479, 2
14480, 20
14481, 22
14482, 8
14483, 3
14484, 15
14485, 10
14486, 8
14487, 4
14489, 23
14490, 6
14491, 2
14492, 13
14493, 12
14494, 15
14495, 6
14497, 3
14498, 2
14500, 6
14501, 5
14502, 5
14503, 2
14504, 8
14505, 7
14506, 4
14507, 2
14508, 7
14509, 10
14510, 5
14511, 3
14513, 4
14515, 8
14516, 11
14517, 5
14518, 1
14519, 4
14521, 2
14522, 1
14524, 2
14525, 14
14527, 14
14528, 5
14529, 1
14539, 1
14540, 4
14556, 3
14746, 1
14747, 3
14748, 2
14749, 3
14750, 3
14751, 2
14752, 3
14753, 1
14754, 6
14756, 1
14758, 5
14759, 3
14760, 3
14761, 1
14762, 1
14763, 3
14764, 4
14765, 3
14766, 3
14767, 10
14768, 9
14769, 18
14770, 3
14771, 14
14772, 16
14773, 6
14774, 10
14775, 18
14776, 11
14777, 16
14778, 28
14779, 18
14780, 21
14781, 25
14782, 11
14783, 18
14784, 22
14785, 23
14786, 12
14787, 16
14788, 8
14789, 7
14790, 13
14791, 2
14792, 10
14794, 6
14795, 3
14797, 6
14798, 2
14825, 10
14826, 1
14827, 5
14830, 6
14831, 4
14832, 13
14834, 8
14835, 2
14837, 6
14838, 11
14839, 11
14840, 11
14841, 7
14842, 6
14843, 15
14844, 9
14845, 19
14846, 12
14847, 20
14848, 16
14849, 15
14850, 10
14851, 5
14852, 11
14853, 13
14854, 31
14855, 16
14856, 7
14857, 9
14858, 10
14859, 9
14860, 16
14861, 29
14862, 24
14863, 24
14864, 9
14865, 11
14866, 12
14867, 17
14868, 15
14869, 12
14870, 18
14871, 16
14872, 22
14873, 7
14874, 7
14875, 17
14876, 2
14877, 1
14878, 1
14879, 3
14880, 8
14881, 3
14882, 15
14883, 9
14884, 12
14886, 6
14887, 10
14888, 4
14889, 15
14890, 3
14891, 2
14894, 6
14895, 3
14896, 1
14898, 2
14900, 5
14905, 1
14909, 1
14912, 1
14919, 6
14930, 1
14931, 8
14936, 8
14937, 8
14938, 7
14939, 4
14943, 3
14944, 8
14946, 9
14950, 9
14951, 2
14953, 9
14954, 2
14955, 7
14956, 3
14957, 6
14958, 21
14959, 16
14960, 9
14961, 16
14962, 29
14963, 38
14964, 23
14965, 34
14966, 27
14967, 25
14968, 49
14969, 26
14970, 44
14971, 25
14972, 32
14973, 31
14974, 25
14975, 28
14976, 33
14977, 37
14978, 36
14979, 32
14980, 27
14981, 21
14982, 41
14983, 13
14984, 29
14985, 54
14986, 32
14987, 39
14988, 38
14989, 41
14990, 56
14991, 63
14992, 50
14993, 21
14994, 36
14995, 43
14996, 75
14997, 105
14998, 36
14999, 37
15000, 67
15001, 35
15002, 61
15003, 58
15004, 49
15005, 9
15006, 30
15007, 32
15008, 12
15009, 10
15010, 17
15011, 35
15012, 17
15013, 24
15014, 37
15015, 14
15016, 31
15017, 55
15018, 55
15019, 61
15020, 19
15021, 30
15022, 17
15023, 9
15024, 8
15025, 17
15026, 15
15027, 16
15028, 20
15029, 14
15030, 9
15031, 17
15032, 7
15033, 19
15034, 7
15035, 1
15037, 7
15038, 10
15039, 1
15040, 13
15041, 14
15043, 13
15044, 10
15045, 5
15046, 9
15048, 9
15049, 9
15051, 6
15053, 12
15054, 4
15055, 9
15056, 13
15057, 2
15058, 7
15059, 15
15060, 11
15061, 21
15062, 5
15063, 10
15064, 1
15065, 8
15067, 2
15068, 5
15069, 18
15070, 13
15071, 5
15074, 6
15075, 6
15077, 3
15078, 4
15079, 4
15080, 3
15081, 8
15082, 14
15083, 11
15084, 6
15085, 18
15089, 1
15090, 18
15092, 6
15094, 6
15099, 3
15100, 13
15101, 3
15102, 4
15109, 9
15116, 9
15120, 5
15121, 1
15123, 3
15124, 9
15125, 1
15129, 7
15143, 10
15147, 3
15148, 6
15170, 3
15235, 2
15238, 4
15239, 5
15240, 2
15241, 5
15242, 4
15244, 5
15245, 18
15246, 12
15247, 4
15248, 3
15249, 7
15250, 8
15251, 1
15252, 4
15253, 5
15254, 4
15255, 3
15256, 5
15257, 4
15258, 9
15259, 13
15260, 4
15261, 11
15262, 14
15263, 18
15264, 22
15265, 9
15266, 3
15267, 10
15268, 13
15269, 22
15270, 15
15271, 6
15272, 8
15273, 3
15274, 3
15275, 3
15276, 2
15277, 1
15279, 4
15283, 2
15296, 5
15300, 2
15305, 1
15306, 1
15307, 1
15309, 3
15310, 6
15311, 1
15313, 1
15315, 3
15316, 3
15319, 5
15321, 6
15323, 2
15324, 7
15325, 2
15327, 8
15328, 4
15329, 1
15330, 6
15331, 7
15332, 6
15333, 7
15334, 2
15335, 2
15336, 2
15337, 3
15338, 2
15339, 1
15340, 8
15342, 3
15343, 8
15344, 3
15345, 4
15346, 2
15347, 1
15348, 1
15349, 1
15350, 6
15351, 4
15352, 3
15353, 2
15354, 4
15355, 1
15356, 4
15357, 4
15358, 3
15360, 5
15361, 2
15365, 1
15366, 2
15369, 2
15371, 2
15376, 2
15378, 1
15596, 1
15597, 1
15598, 1
15600, 6
15601, 1
15602, 4
15604, 2
15605, 2
15606, 2
15607, 3
15608, 1
15609, 2
15610, 4
15611, 5
15612, 3
15613, 5
15614, 6
15615, 2
15616, 5
15617, 7
15618, 4
15620, 3
15621, 5
15622, 6
15623, 9
15624, 4
15625, 5
15626, 10
15627, 9
15628, 11
15629, 3
15630, 6
15631, 3
15632, 5
15633, 3
15634, 12
15635, 9
15636, 5
15637, 3
15665, 2
15670, 1
15672, 2
15675, 1
15677, 2
15678, 4
15679, 1
15680, 6
15681, 1
15682, 1
15685, 3
15687, 3
15688, 2
15689, 5
15690, 3
15692, 3
15693, 5
15694, 3
15695, 7
15696, 6
15697, 1
15698, 1
15699, 5
15700, 1
15701, 1
15702, 3
15703, 1
15704, 2
15705, 2
15706, 6
15707, 2
15708, 2
15710, 7
15711, 7
15712, 7
15713, 4
15714, 5
15715, 3
15716, 5
15718, 2
15719, 2
15721, 5
15723, 2
15724, 2
15726, 3
15727, 3
15729, 3
15730, 1
15732, 1
15734, 2
15735, 4
15737, 3
15738, 3
15740, 2
15745, 3
15747, 1
15752, 2
15753, 2
15757, 4
15769, 2
16182, 1
16183, 1
16184, 1
16185, 1
16186, 1
16188, 2
16189, 2
16190, 3
16191, 2
16192, 3
16193, 4
16194, 5
16195, 2
16196, 5
16197, 4
16198, 4
16199, 3
16200, 7
16201, 1
16202, 8
16203, 6
16204, 2
16205, 6
16206, 4
16207, 4
16208, 10
16209, 7
16210, 5
16211, 5
16212, 4
16213, 12
16214, 8
16215, 15
16216, 5
16217, 5
16218, 7
16219, 4
16220, 14
16221, 4
16222, 13
16223, 6
16224, 3
16225, 1
16249, 1
16250, 1
16252, 3
16256, 2
16257, 1
16259, 2
16261, 3
16265, 1
16266, 1
16267, 1
16270, 1
16271, 2
16272, 3
16273, 6
16275, 2
16276, 3
16277, 2
16278, 7
16279, 4
16280, 4
16282, 6
16283, 7
16284, 3
16285, 7
16286, 7
16287, 4
16289, 3
16290, 5
16291, 6
16292, 8
16293, 2
16294, 4
16295, 6
16296, 7
16297, 9
16298, 7
16299, 5
16300, 2
16301, 2
16302, 1
16303, 8
16305, 1
16306, 2
16307, 2
16308, 4
16309, 3
16310, 2
16311, 2
16313, 1
16314, 1
16315, 1
16320, 2
16324, 1
16330, 2
16337, 1
17863, 3
17864, 2
17866, 1
17867, 5
17868, 2
17869, 2
17870, 2
17871, 2
17872, 3
17874, 5
17875, 3
17876, 8
17877, 8
17878, 13
17879, 6
17880, 9
17881, 7
17882, 4
17883, 5
17884, 9
17885, 5
17886, 10
17887, 23
17888, 8
17889, 16
17890, 20
17891, 17
17892, 9
17893, 7
17894, 23
17895, 21
17896, 32
17897, 17
17898, 20
17899, 22
17900, 17
17901, 10
17902, 12
17903, 17
17904, 6
17905, 8
17906, 1
17907, 8
17908, 15
17909, 12
17910, 6
17911, 6
17912, 6
17913, 12
17914, 5
17915, 5
17916, 9
17922, 1
17923, 3
17924, 1
17925, 1
17926, 3
17933, 1
17934, 6
17935, 3
17936, 5
17940, 2
17942, 4
17943, 1
17944, 11
17945, 11
17946, 16
17947, 18
17948, 6
17949, 18
17950, 15
17952, 7
17953, 16
17954, 3
17955, 7
17956, 16
17957, 17
17958, 23
17959, 33
17960, 19
17961, 5
17962, 22
17963, 15
17964, 16
17965, 18
17966, 29
17967, 36
17968, 21
17969, 15
17970, 24
17971, 9
17972, 27
17973, 14
17974, 31
17975, 32
17976, 37
17977, 17
17978, 26
17979, 18
17980, 20
17981, 24
17982, 20
17983, 26
17984, 26
17985, 19
17986, 33
17987, 37
17988, 40
17989, 34
17990, 45
17991, 18
17992, 20
17993, 12
17994, 27
17995, 15
17996, 15
17997, 28
17998, 13
17999, 26
18000, 15
18001, 18
18002, 9
18003, 12
18004, 18
18005, 12
18006, 16
18007, 16
18008, 11
18009, 7
18010, 16
18011, 4
18012, 2
18013, 3
18014, 7
18015, 8
18016, 4
18017, 7
18019, 3
18022, 3
18023, 2
18025, 1
18026, 3
18029, 3
18031, 4
18032, 7
18033, 4
18034, 2
18035, 7
18039, 2
18049, 2
18050, 1
18051, 1
18052, 3
18056, 1
18057, 1
18058, 3
18071, 2
18097, 1
18100, 4
18101, 1
18102, 1
18103, 2
18104, 2
18105, 3
18107, 2
18108, 2
18109, 1
18110, 2
18111, 4
18112, 2
18113, 2
18114, 4
18115, 7
18116, 7
18117, 6
18118, 6
18119, 1
18120, 6
18121, 7
18122, 11
18123, 11
18124, 10
18125, 5
18126, 6
18127, 10
18128, 7
18129, 3
18130, 10
18131, 22
18132, 13
18133, 16
18134, 17
18135, 10
18136, 18
18137, 20
18138, 25
18139, 16
18140, 9
18141, 11
18142, 8
18143, 16
18144, 4
18145, 10
18146, 3
18147, 11
18148, 6
18149, 10
18150, 5
18151, 4
18152, 5
18153, 7
18154, 1
18156, 8
18157, 4
18158, 3
18159, 7
18160, 2
18161, 12
18162, 1
18163, 13
18164, 8
18165, 18
18166, 2
18167, 9
18168, 10
18169, 8
18170, 4
18171, 15
18172, 7
18174, 2
18175, 1
18176, 6
18177, 14
18178, 11
18179, 12
18180, 28
18181, 6
18182, 8
18183, 13
18184, 10
18185, 3
18186, 12
18187, 11
18188, 17
18189, 17
18190, 27
18191, 14
18192, 22
18193, 15
18194, 29
18195, 21
18196, 16
18197, 31
18198, 24
18199, 33
18200, 29
18201, 34
18202, 29
18203, 30
18204, 23
18205, 43
18206, 34
18207, 24
18208, 19
18209, 16
18210, 42
18211, 33
18212, 20
18213, 15
18214, 29
18215, 29
18216, 23
18217, 24
18218, 29
18219, 31
18220, 19
18221, 27
18222, 17
18223, 15
18224, 36
18225, 15
18226, 38
18227, 9
18228, 12
18229, 21
18230, 15
18231, 47
18232, 39
18233, 35
18234, 18
18235, 17
18236, 34
18237, 43
18238, 20
18239, 7
18240, 6
18241, 22
18242, 20
18243, 13
18244, 19
18245, 11
18246, 29
18247, 28
18248, 19
18249, 11
18250, 5
18252, 19
18253, 17
18255, 6
18256, 3
18257, 11
18258, 8
18259, 10
18260, 4
18261, 3
18262, 14
18264, 4
18265, 13
18266, 1
18267, 6
18268, 17
18269, 14
18270, 5
18271, 10
18275, 2
18276, 8
18277, 10
18278, 5
18280, 9
18281, 14
18282, 14
18283, 7
18284, 4
18285, 7
18286, 3
18288, 10
18289, 6
18290, 1
18292, 6
18293, 2
18294, 5
18295, 5
18296, 2
18298, 4
18299, 3
18300, 11
18301, 3
18303, 7
18304, 4
18305, 3
18306, 16
18307, 13
18308, 2
18309, 2
18310, 15
18311, 6
18312, 4
18313, 10
18314, 5
18315, 1
18316, 2
18317, 6
18318, 9
18319, 14
18320, 8
18321, 14
18322, 15
18323, 6
18324, 11
18325, 4
18326, 4
18327, 2
18328, 7
18329, 12
18330, 19
18331, 12
18332, 3
18334, 14
18335, 5
18336, 17
18337, 11
18338, 10
18339, 3
18340, 4
18341, 4
18342, 11
18343, 4
18344, 3
18345, 9
18346, 9
18347, 14
18348, 7
18351, 1
18352, 5
18353, 9
18354, 8
18355, 3
18356, 5
18357, 2
18358, 1
18359, 2
18361, 3
18362, 9
18363, 8
18364, 6
18365, 13
18367, 6
18369, 5
18370, 7
18371, 5
18372, 1
18375, 15
18376, 2
18377, 5
18378, 1
18379, 2
18380, 1
18381, 3
18382, 5
18383, 2
18386, 3
18387, 2
18388, 5
18389, 5
18390, 4
18391, 2
18392, 2
18395, 7
18397, 2
18399, 2
18400, 2
18401, 3
18403, 6
18406, 3
18408, 2
18410, 5
18411, 1
18413, 1
18414, 4
18415, 1
18416, 5
18417, 3
18420, 4
18421, 4
18422, 2
18424, 6
18426, 3
18427, 2
18428, 1
18436, 1
18437, 1
18439, 3
18452, 3
18494, 6
18662, 3
18663, 1
18766, 2
18929, 1
18930, 2
18932, 3
18934, 1
18935, 2
18936, 1
18937, 1
18939, 3
18940, 2
18941, 1
18942, 5
18943, 2
18944, 3
18945, 1
18946, 4
18948, 2
18949, 9
18950, 3
18951, 3
18952, 4
18953, 2
18955, 4
18956, 8
18957, 1
18958, 4
18959, 6
18960, 4
18961, 1
18962, 8
18963, 4
18964, 5
18965, 5
18966, 6
18967, 10
18968, 8
18969, 5
18970, 2
18971, 4
18973, 2
19002, 2
19003, 3
19004, 2
19005, 4
19006, 4
19008, 3
19009, 6
19010, 2
19011, 3
19012, 4
19013, 2
19014, 1
19015, 2
19016, 2
19017, 4
19018, 1
19019, 4
19020, 4
19021, 4
19022, 2
19023, 2
19024, 4
19025, 8
19026, 4
19027, 11
19028, 4
19030, 6
19031, 2
19032, 12
19033, 2
19034, 3
19035, 3
19036, 6
19037, 6
19038, 4
19039, 8
19040, 6
19041, 10
19042, 5
19043, 8
19044, 9
19045, 4
19046, 3
19047, 2
19048, 3
19050, 1
19051, 6
19053, 6
19054, 2
19055, 4
19056, 4
19057, 3
19058, 2
19060, 2
19061, 4
19062, 2
19063, 4
19064, 1
19065, 6
19066, 2
19069, 4
19072, 3
19079, 1
19080, 1
19648, 1
19649, 4
19650, 2
19652, 7
19653, 1
19655, 3
19656, 2
19657, 2
19658, 4
19659, 7
19660, 1
19661, 4
19662, 10
19663, 4
19665, 5
19666, 5
19667, 6
19668, 2
19669, 4
19670, 5
19671, 6
19672, 3
19673, 7
19674, 7
19675, 4
19676, 4
19677, 8
19678, 9
19679, 7
19680, 7
19681, 10
19682, 12
19683, 4
19684, 10
19685, 8
19686, 6
19687, 3
19689, 1
19690, 1
19711, 1
19716, 2
19718, 2
19727, 1
19728, 2
19729, 2
19730, 3
19732, 1
19733, 2
19734, 1
19735, 1
19736, 2
19737, 3
19738, 4
19739, 4
19740, 1
19741, 1
19743, 5
19744, 1
19745, 1
19748, 5
19749, 7
19750, 7
19751, 9
19752, 8
19753, 5
19754, 8
19755, 2
19756, 3
19757, 4
19758, 5
19759, 2
19760, 3
19761, 2
19762, 5
19763, 3
19764, 6
19765, 2
19766, 2
19767, 1
19768, 5
19769, 2
19770, 4
19771, 3
19772, 2
19773, 1
19775, 3
19776, 2
19777, 2
19780, 2
19784, 2
19786, 2
19787, 7
19788, 1
19796, 3
19808, 2
19972, 1
19973, 1
19975, 2
19976, 1
19977, 3
19978, 2
19979, 2
19980, 4
19982, 4
19983, 5
19985, 2
19986, 1
19987, 2
19988, 1
19989, 8
19990, 8
19991, 11
19992, 5
19993, 7
19994, 9
19995, 13
19996, 5
19997, 9
19998, 7
19999, 21
20000, 23
20001, 37
20002, 30
20003, 5
20004, 17
20005, 41
20006, 18
20007, 26
20008, 24
20009, 21
20010, 18
20011, 32
20012, 21
20013, 11
20014, 16
20015, 12
20016, 27
20017, 19
20018, 24
20019, 24
20020, 21
20021, 32
20022, 24
20023, 13
20024, 12
20025, 6
20026, 16
20027, 6
20029, 9
20030, 10
20031, 3
20032, 11
20034, 3
20041, 17
20042, 3
20046, 5
20048, 6
20052, 6
20056, 2
20057, 7
20058, 3
20059, 8
20060, 1
20065, 2
20066, 17
20068, 7
20069, 12
20070, 9
20071, 6
20072, 9
20073, 3
20074, 6
20075, 3
20076, 12
20077, 17
20078, 13
20079, 10
20080, 26
20082, 11
20083, 14
20084, 8
20085, 19
20086, 8
20087, 21
20088, 20
20089, 15
20090, 9
20091, 23
20092, 26
20093, 15
20094, 9
20095, 6
20096, 21
20097, 12
20098, 1
20099, 7
20100, 11
20101, 2
20102, 7
20104, 3
20105, 10
20106, 19
20108, 6
20109, 2
20110, 18
20111, 9
20112, 5
20113, 6
20114, 5
20116, 2
20117, 7
20120, 3
20121, 10
20122, 3
20123, 6
20124, 6
20125, 5
20126, 2
20128, 8
20132, 2
20134, 6
20137, 6
20139, 2
20140, 3
20145, 1
20146, 1
20259, 7
20260, 3
20261, 19
20262, 13
20263, 2
20264, 4
20265, 2
20266, 8
20267, 2
20268, 2
20269, 5
20270, 8
20271, 2
20272, 1
20273, 3
20274, 9
20275, 15
20276, 5
20277, 15
20278, 9
20279, 6
20280, 10
20281, 12
20282, 9
20283, 18
20284, 17
20285, 25
20286, 7
20287, 5
20288, 10
20289, 25
20290, 30
20291, 28
20292, 23
20293, 42
20294, 52
20295, 27
20296, 37
20297, 28
20298, 11
20299, 27
20300, 41
20301, 31
20302, 18
20303, 14
20304, 27
20305, 14
20306, 27
20307, 7
20308, 8
20309, 25
20310, 19
20311, 24
20312, 27
20313, 9
20314, 7
20315, 25
20316, 25
20317, 9
20318, 3
20319, 14
20320, 33
20321, 27
20322, 13
20323, 4
20324, 16
20325, 12
20326, 10
20327, 8
20328, 6
20329, 5
20330, 7
20331, 7
20332, 5
20333, 10
20334, 5
20336, 4
20337, 9
20338, 5
20339, 8
20341, 14
20342, 5
20343, 3
20344, 6
20345, 14
20346, 9
20347, 9
20348, 2
20349, 6
20350, 22
20351, 9
20352, 7
20354, 18
20355, 10
20356, 8
20357, 6
20358, 13
20359, 1
20360, 6
20361, 8
20362, 8
20363, 35
20364, 37
20365, 18
20366, 3
20367, 15
20368, 12
20369, 20
20370, 10
20371, 13
20372, 23
20373, 15
20374, 35
20375, 16
20376, 33
20377, 25
20378, 14
20379, 20
20380, 24
20381, 22
20382, 15
20383, 27
20384, 20
20385, 20
20386, 9
20387, 28
20388, 21
20389, 21
20390, 10
20391, 8
20392, 11
20393, 51
20394, 36
20395, 47
20396, 30
20397, 17
20398, 19
20399, 23
20400, 11
20401, 46
20402, 22
20403, 11
20404, 4
20405, 9
20406, 17
20407, 8
20408, 37
20409, 29
20410, 17
20411, 14
20412, 17
20413, 27
20414, 10
20415, 40
20416, 18
20417, 4
20418, 2
20419, 40
20420, 28
20421, 5
20422, 27
20423, 60
20424, 44
20425, 34
20426, 25
20427, 31
20428, 22
20429, 34
20430, 51
20431, 73
20432, 48
20433, 23
20434, 38
20435, 29
20436, 27
20437, 17
20438, 34
20439, 57
20440, 20
20441, 34
20442, 12
20443, 25
20444, 9
20445, 20
20446, 11
20447, 30
20448, 23
20449, 33
20450, 25
20451, 17
20452, 19
20453, 11
20454, 1
20455, 9
20456, 30
20457, 35
20458, 13
20459, 21
20460, 11
20461, 18
20462, 11
20463, 7
20464, 24
20465, 32
20466, 29
20467, 17
20468, 25
20469, 21
20470, 32
20471, 17
20472, 9
20473, 30
20474, 25
20475, 29
20476, 38
20477, 14
20478, 13
20479, 40
20480, 21
20481, 23
20482, 15
20483, 14
20484, 21
20485, 52
20486, 19
20487, 24
20488, 15
20489, 22
20490, 5
20491, 9
20492, 16
20493, 20
20494, 23
20495, 32
20496, 12
20497, 17
20498, 20
20499, 28
20500, 36
20501, 33
20502, 12
20504, 6
20505, 8
20506, 3
20507, 11
20508, 10
20509, 2
20510, 28
20511, 25
20512, 9
20513, 15
20514, 3
20515, 2
20516, 9
20517, 30
20518, 33
20519, 34
20520, 17
20521, 18
20522, 16
20523, 3
20527, 12
20528, 22
20530, 19
20531, 1
20532, 3
20533, 4
20534, 25
20535, 15
20536, 1
20537, 16
20538, 20
20539, 43
20540, 11
20541, 14
20542, 23
20543, 15
20544, 13
20545, 27
20546, 22
20547, 6
20548, 19
20549, 35
20550, 16
20551, 46
20552, 32
20553, 15
20554, 34
20555, 20
20556, 5
20557, 8
20558, 18
20559, 20
20560, 23
20561, 15
20562, 37
20563, 30
20564, 18
20565, 35
20566, 40
20567, 27
20568, 18
20569, 27
20570, 30
20571, 24
20572, 37
20573, 30
20574, 30
20575, 27
20576, 22
20577, 29
20578, 23
20579, 30
20580, 34
20581, 32
20582, 26
20583, 21
20584, 26
20585, 32
20586, 13
20587, 15
20588, 12
20589, 27
20590, 39
20591, 24
20592, 30
20593, 13
20594, 9
20595, 5
20596, 1
20597, 22
20598, 8
20599, 6
20600, 20
20601, 11
20602, 16
20603, 20
20604, 15
20605, 4
20606, 18
20607, 13
20608, 19
20609, 17
20610, 13
20611, 61
20612, 17
20613, 17
20614, 14
20615, 13
20616, 1
20619, 26
20620, 15
20621, 32
20622, 24
20623, 18
20624, 4
20625, 14
20626, 24
20627, 25
20628, 16
20629, 21
20630, 40
20631, 18
20632, 34
20633, 33
20634, 41
20635, 18
20636, 4
20637, 15
20638, 7
20639, 17
20640, 15
20641, 15
20642, 61
20643, 34
20644, 15
20645, 35
20646, 14
20647, 34
20648, 58
20649, 44
20650, 22
20651, 19
20652, 24
20653, 49
20654, 32
20655, 81
20656, 59
20657, 11
20658, 31
20659, 13
20660, 9
20661, 46
20662, 17
20663, 34
20664, 48
20665, 73
20666, 57
20667, 17
20668, 30
20669, 28
20670, 48
20671, 42
20672, 25
20673, 18
20674, 30
20675, 44
20676, 19
20677, 17
20678, 14
20679, 20
20680, 7
20681, 56
20683, 2
20684, 11
20685, 19
20686, 13
20687, 17
20688, 33
20689, 18
20690, 17
20691, 48
20692, 52
20693, 29
20694, 43
20695, 30
20696, 1
20697, 55
20698, 28
20699, 24
20700, 37
20701, 15
20702, 22
20703, 40
20704, 42
20705, 4
20706, 17
20707, 34
20708, 24
20710, 11
20711, 29
20712, 26
20713, 14
20714, 15
20716, 14
20718, 5
20719, 7
20720, 3
20721, 2
20724, 4
20726, 1
20727, 10
20729, 14
20730, 21
20731, 12
20732, 9
20733, 29
20734, 20
20735, 9
20737, 2
20738, 2
20739, 13
20740, 14
20741, 10
20742, 29
20743, 4
20747, 6
20748, 13
20749, 13
20750, 12
20751, 29
20753, 12
20754, 20
20755, 2
20756, 2
20757, 32
20758, 5
20761, 3
20762, 5
20763, 17
20764, 21
20765, 32
20766, 7
20767, 20
20768, 10
20769, 4
20770, 10
20771, 16
20772, 21
20773, 16
20774, 1
20775, 9
20777, 1
20778, 30
20779, 8
20780, 7
20781, 8
20782, 15
20783, 2
20784, 29
20785, 8
20786, 21
20787, 9
20788, 10
20789, 8
20790, 15
20791, 25
20792, 10
20794, 1
20795, 1
20796, 3
20797, 14
20798, 11
20799, 2
20800, 3
20801, 5
20803, 13
20804, 4
20805, 6
20806, 13
20807, 6
20808, 17
20809, 10
20810, 2
20811, 3
20812, 8
20813, 10
20814, 14
20815, 12
20816, 7
20817, 2
20818, 3
20822, 1
20824, 4
20825, 1
20827, 5
20828, 7
20829, 1
20830, 6
20832, 2
20833, 9
20836, 4
20838, 3
20839, 2
20842, 1
20843, 1
20850, 3
20853, 3
20856, 4
20858, 5
20864, 4
20865, 1
20866, 2
20867, 8
20868, 7
20869, 1
20871, 3
20872, 6
20875, 2
20876, 6
20877, 5
20878, 2
20880, 1
20881, 8
20883, 4
20884, 4
20885, 21
20886, 16
20887, 14
20888, 29
20889, 6
20890, 2
20891, 7
20892, 20
20893, 4
20894, 3
20895, 3
20896, 2
20897, 3
20898, 3
20899, 4
20900, 6
20901, 5
20902, 7
20903, 1
20904, 3
20905, 9
20907, 10
20908, 6
20909, 3
20910, 9
20911, 5
20912, 5
20913, 6
20914, 11
20915, 5
20916, 27
20917, 26
20918, 15
20919, 5
20920, 8
20921, 12
20922, 23
20923, 5
20924, 2
20926, 3
20927, 2
20928, 10
20929, 11
20930, 1
20934, 10
20935, 8
20936, 4
20937, 5
20938, 6
20939, 7
20941, 15
20942, 13
20943, 10
20944, 6
20945, 1
20946, 11
20947, 5
20948, 2
20949, 1
20950, 10
20951, 8
20952, 7
20954, 16
20955, 7
20956, 16
20957, 6
20958, 3
20959, 5
20961, 3
20968, 4
20969, 3
20970, 10
20973, 3
20974, 3
20979, 16
20981, 3
20982, 1
20983, 13
20984, 1
20986, 3
20987, 3
20988, 2
20990, 7
20992, 13
20994, 3
20997, 3
20999, 9
21000, 2
21001, 6
21004, 3
21005, 7
21007, 1
21008, 8
21009, 3
21010, 11
21011, 8
21012, 19
21013, 8
21015, 2
21016, 2
21017, 3
21021, 3
21026, 3
21029, 2
21030, 1
21031, 3
21033, 4
21034, 14
21038, 3
21039, 2
21040, 11
21041, 6
21042, 6
21043, 14
21044, 6
21046, 5
21047, 9
21048, 3
21051, 4
21052, 5
21053, 4
21054, 11
21055, 2
21056, 14
21057, 9
21058, 6
21059, 1
21060, 6
21061, 5
21062, 9
21063, 6
21064, 2
21065, 9
21066, 3
21067, 1
21068, 2
21070, 10
21071, 4
21072, 7
21073, 11
21075, 5
21076, 4
21077, 8
21078, 15
21080, 3
21081, 3
21082, 3
21083, 4
21084, 6
21093, 3
21094, 3
21095, 10
21096, 5
21097, 6
21100, 7
21101, 7
21104, 5
21105, 3
21106, 4
21108, 3
21109, 6
21110, 15
21112, 14
21113, 12
21115, 7
21116, 22
21117, 28
21118, 12
21119, 14
21120, 16
21121, 25
21122, 19
21123, 10
21124, 1
21125, 5
21126, 35
21127, 21
21128, 38
21129, 42
21130, 10
21131, 16
21132, 21
21133, 15
21134, 22
21135, 15
21136, 7
21137, 14
21138, 39
21139, 10
21140, 26
21141, 22
21142, 15
21143, 23
21144, 5
21145, 33
21146, 13
21147, 6
21148, 18
21149, 17
21150, 13
21151, 4
21152, 8
21153, 8
21154, 26
21155, 5
21156, 7
21157, 2
21159, 4
21160, 4
21161, 2
21163, 3
21164, 25
21165, 9
21167, 6
21168, 5
21169, 2
21170, 9
21172, 8
21173, 3
21174, 4
21176, 1
21177, 2
21178, 3
21181, 6
21185, 1
21188, 3
21189, 6
21190, 4
21191, 11
21192, 10
21194, 4
21195, 11
21196, 4
21197, 9
21198, 6
21199, 4
21200, 16
21201, 3
21202, 3
21203, 5
21205, 7
21206, 10
21207, 6
21208, 6
21209, 3
21210, 13
21211, 5
21212, 10
21213, 5
21214, 9
21215, 11
21216, 3
21217, 3
21218, 4
21219, 3
21220, 1
21221, 2
21222, 3
21223, 10
21224, 20
21225, 11
21226, 5
21227, 9
21228, 1
21229, 3
21230, 3
21231, 19
21232, 4
21233, 2
21236, 8
21237, 1
21238, 2
21241, 5
21250, 3
21257, 2
21258, 2
21262, 1
21267, 4
21268, 10
21274, 3
21275, 2
21278, 7
21279, 1
21280, 3
21290, 4
21295, 1
21296, 8
21297, 1
21298, 4
21300, 2
21301, 3
21303, 7
21304, 10
21306, 6
21307, 1
21308, 12
21309, 5
21310, 1
21311, 1
21312, 7
21313, 3
21314, 12
21315, 9
21316, 31
21317, 4
21318, 6
21319, 1
21320, 5
21321, 5
21322, 6
21323, 13
21324, 11
21325, 1
21326, 21
21327, 3
21328, 6
21329, 4
21330, 9
21331, 2
21332, 9
21333, 3
21334, 2
21336, 3
21337, 3
21340, 6
21341, 16
21342, 3
21343, 2
21349, 1
21350, 6
21352, 3
21355, 3
21356, 3
21357, 3
21361, 2
21362, 1
21364, 6
21365, 1
21366, 5
21367, 2
21368, 1
21369, 2
21371, 3
21372, 4
21376, 1
21377, 3
21378, 4
21382, 3
21384, 6
21385, 2
21386, 3
21388, 5
21389, 9
21392, 4
21394, 2
21395, 5
21396, 1
21401, 4
21403, 1
21405, 2
21406, 1
21409, 6
21412, 1
21413, 3
21414, 2
21420, 3
21427, 10
21428, 1
21432, 10
21433, 2
21437, 4
21443, 6
21444, 16
21445, 7
21455, 7
21458, 3
21459, 7
21460, 2
21468, 1
21469, 2
21474, 1
21475, 7
21485, 3
21492, 4
21493, 2
21497, 3
21509, 13
21515, 1
21519, 3
21520, 3
21522, 3
21529, 1
21530, 2
21536, 3
21555, 4
21557, 9
21558, 9
21559, 3
21562, 6
21563, 6
21564, 7
21565, 16
21566, 4
21569, 3
21572, 3
21574, 5
21575, 2
21577, 3
21578, 1
21579, 2
21580, 7
21581, 5
21582, 3
21583, 10
21584, 4
21585, 1
21586, 6
21588, 6
21589, 6
21590, 1
21591, 7
21593, 5
21594, 5
21595, 4
21596, 3
21599, 3
21602, 3
21608, 3
21611, 2
21612, 1
21615, 6
21616, 3
21618, 2
21619, 1
21623, 8
21624, 14
21626, 6
21629, 3
21631, 3
21632, 1
21633, 2
21634, 3
21637, 6
21638, 10
21639, 2
21642, 4
21643, 3
21649, 3
21652, 2
21653, 1
21656, 7
21658, 3
21659, 3
21661, 2
21662, 1
21665, 7
21666, 4
21667, 3
21668, 2
21669, 5
21670, 6
21672, 5
21673, 1
21676, 5
21677, 13
21684, 5
21685, 6
21686, 2
21690, 3
21692, 2
21693, 1
21696, 5
21697, 3
21698, 1
21702, 3
21706, 12
21707, 5
21708, 4
21709, 2
21710, 2
21713, 1
21714, 2
21719, 1
21720, 1
21722, 10
21723, 3
21724, 5
21725, 2
21727, 9
21728, 3
21729, 7
21731, 27
21732, 8
21733, 5
21734, 2
21737, 8
21738, 6
21739, 9
21741, 7
21742, 6
21743, 5
21744, 3
21745, 11
21746, 5
21747, 10
21748, 14
21749, 6
21750, 4
21751, 4
21753, 9
21754, 12
21755, 9
21756, 6
21757, 3
21758, 10
21759, 4
21765, 3
21767, 3
21768, 3
21769, 6
21770, 12
21771, 13
21772, 1
21773, 1
21775, 3
21777, 6
21779, 1
21780, 2
21782, 6
21783, 5
21786, 3
21787, 3
21789, 3
21791, 2
21793, 2
21795, 5
21796, 4
21797, 3
21798, 7
21800, 2
21802, 2
21804, 3
21807, 2
21812, 7
21813, 3
21815, 3
21816, 7
21817, 3
21819, 3
21820, 5
21821, 3
21822, 2
21824, 3
21825, 8
21826, 6
21827, 6
21828, 8
21829, 6
21830, 12
21831, 4
21832, 3
21833, 9
21834, 3
21835, 2
21837, 2
21838, 5
21840, 3
21842, 5
21843, 3
21844, 1
21845, 15
21846, 4
21847, 6
21848, 1
21849, 3
21851, 6
21853, 2
21855, 3
21856, 3
21861, 3
21862, 3
21864, 3
21868, 3
21879, 3
21881, 5
21882, 1
21883, 3
21886, 1
21887, 2
21891, 7
21895, 6
21901, 3
21909, 6
21912, 5
21913, 3
21915, 4
21916, 1
21919, 1
21920, 4
21921, 6
21922, 7
21923, 9
21924, 2
21925, 6
21926, 3
21927, 3
21928, 7
21929, 4
21930, 3
21931, 11
21932, 3
21933, 3
21934, 3
21935, 5
21936, 4
21937, 15
21938, 1
21940, 4
21941, 10
21942, 7
21943, 6
21944, 2
21945, 1
21946, 9
21947, 17
21948, 18
21949, 9
21950, 5
21951, 6
21952, 4
21953, 4
21954, 4
21956, 1
21957, 4
21958, 2
21959, 2
21961, 3
21962, 2
21963, 4
21964, 4
21965, 2
21967, 3
21968, 5
21969, 4
21970, 3
21971, 6
21973, 8
21975, 3
21976, 3
21980, 4
21981, 4
21982, 1
21986, 4
21987, 2
21989, 3
21990, 2
21992, 3
21993, 1
21994, 4
21995, 6
21996, 4
21998, 4
21999, 14
22000, 4
22001, 12
22002, 8
22003, 6
22004, 7
22005, 6
22006, 9
22007, 10
22008, 4
22009, 6
22010, 8
22011, 15
22012, 5
22013, 8
22014, 11
22016, 2
22017, 5
22018, 21
22019, 7
22020, 5
22021, 4
22022, 11
22023, 8
22024, 3
22025, 17
22026, 7
22027, 6
22028, 10
22029, 2
22030, 8
22031, 4
22032, 11
22033, 2
22034, 18
22035, 6
22036, 3
22037, 9
22038, 7
22039, 13
22040, 5
22041, 3
22042, 4
22043, 2
22044, 3
22045, 3
22046, 5
22047, 5
22048, 1
22049, 2
22050, 7
22053, 3
22054, 5
22055, 6
22056, 3
22057, 5
22058, 2
22059, 6
22067, 4
22068, 3
22071, 5
22072, 3
22073, 2
22074, 3
22076, 6
22080, 3
22082, 2
22087, 3
22090, 7
22093, 3
22110, 2
22112, 3
22128, 1
22129, 2
22130, 3
22131, 1
22132, 1
22135, 9
22138, 9
22139, 1
22140, 2
22141, 2
22142, 4
22143, 1
22144, 9
22145, 2
22146, 3
22147, 2
22148, 3
22149, 4
22150, 8
22151, 5
22152, 3
22153, 7
22154, 5
22155, 2
22156, 3
22157, 7
22158, 6
22159, 8
22160, 10
22161, 7
22162, 7
22163, 9
22164, 7
22165, 14
22166, 6
22167, 2
22168, 4
22169, 2
22171, 3
22172, 4
22179, 9
22180, 3
22181, 3
22182, 3
22184, 2
22186, 1
22187, 2
22188, 2
22189, 7
22191, 2
22192, 8
22193, 4
22194, 5
22195, 1
22197, 5
22198, 1
22200, 3
22203, 6
22204, 4
22205, 6
22206, 2
22207, 4
22209, 4
22210, 1
22211, 3
22212, 6
22214, 2
22216, 2
22217, 2
22218, 2
22220, 3
22221, 2
22222, 3
22223, 3
22224, 7
22225, 2
22226, 7
22227, 1
22229, 1
22230, 5
22231, 3
22232, 3
22235, 1
22238, 2
22239, 2
22240, 7
22242, 5
22243, 7
22244, 4
22247, 2
22248, 6
22251, 2
22253, 2
22257, 3
22258, 3
22260, 2
22334, 2
22339, 1
22340, 1
22341, 1
22342, 1
22343, 1
22345, 2
22347, 5
22348, 1
22349, 2
22350, 3
22351, 2
22352, 3
22353, 2
22354, 1
22355, 11
22356, 3
22357, 4
22358, 5
22359, 12
22360, 5
22361, 8
22362, 6
22363, 7
22364, 7
22365, 12
22366, 12
22367, 7
22368, 7
22369, 12
22370, 8
22371, 7
22372, 10
22373, 13
22374, 2
22375, 1
22376, 3
22377, 8
22378, 3
22379, 4
22380, 1
22381, 1
22383, 7
22384, 2
22385, 2
22388, 4
22389, 1
22390, 3
22400, 2
22402, 3
22403, 3
22406, 3
22408, 1
22409, 3
22411, 2
22412, 2
22415, 6
22416, 4
22417, 1
22418, 5
22419, 6
22420, 2
22421, 2
22423, 1
22424, 5
22426, 2
22427, 1
22428, 2
22429, 1
22430, 1
22431, 1
22432, 2
22433, 2
22434, 7
22436, 3
22438, 2
22439, 3
22441, 1
22444, 3
22445, 3
22446, 2
22447, 10
22448, 6
22449, 1
22450, 4
22451, 6
22452, 1
22453, 5
22454, 3
22455, 1
22460, 1
22462, 2
22463, 5
22464, 1
22466, 2
22467, 3
22470, 1
22471, 2
22639, 3
22640, 1
22641, 1
22643, 1
22645, 1
22646, 1
22647, 3
22648, 4
22649, 1
22650, 4
22651, 1
22653, 3
22654, 3
22655, 5
22656, 5
22657, 5
22658, 5
22659, 2
22660, 7
22661, 8
22662, 4
22663, 5
22664, 8
22665, 8
22666, 2
22667, 4
22668, 9
22669, 2
22670, 8
22671, 16
22672, 1
22673, 3
22674, 7
22675, 6
22676, 11
22677, 14
22678, 9
22679, 6
22680, 1
22705, 1
22706, 1
22710, 2
22713, 3
22714, 1
22715, 3
22717, 1
22718, 3
22719, 1
22720, 5
22721, 3
22724, 3
22725, 10
22726, 2
22727, 3
22728, 2
22729, 1
22730, 3
22731, 4
22732, 6
22733, 5
22734, 3
22735, 8
22736, 3
22737, 3
22738, 5
22739, 8
22740, 7
22741, 10
22742, 16
22743, 12
22744, 4
22745, 5
22746, 6
22747, 9
22748, 7
22749, 11
22750, 7
22751, 6
22752, 2
22753, 7
22754, 12
22755, 13
22756, 16
22757, 17
22758, 14
22759, 17
22760, 22
22761, 7
22762, 14
22763, 6
22764, 12
22765, 7
22766, 13
22767, 11
22768, 18
22769, 8
22770, 5
22771, 5
22772, 4
22773, 2
22774, 15
22775, 8
22776, 5
22777, 9
22778, 8
22779, 16
22780, 6
22781, 5
22782, 3
22785, 4
22786, 4
22787, 6
22788, 4
22789, 1
22791, 4
22792, 2
22794, 3
22795, 4
22796, 6
22797, 3
22801, 2
22807, 3
22811, 3
22812, 3
22815, 3
22819, 5
22821, 4
22823, 2
22825, 3
22826, 2
22827, 3
22830, 4
22835, 4
22836, 3
22837, 2
22840, 1
22843, 1
22856, 2
22859, 2
22860, 3
22869, 2
22949, 1
22950, 1
22951, 3
22952, 1
22953, 3
22954, 1
22955, 1
22956, 2
22957, 2
22958, 2
22960, 2
22961, 5
22962, 3
22963, 1
22964, 6
22965, 3
22966, 3
22967, 8
22968, 4
22969, 3
22970, 4
22971, 3
22972, 7
22973, 6
22974, 4
22975, 4
22976, 8
22977, 3
22978, 7
22979, 9
22980, 3
22981, 13
22982, 8
22983, 15
22984, 5
22985, 13
22986, 11
22987, 7
22988, 5
22989, 5
22991, 1
22994, 2
22997, 2
22998, 2
23001, 1
23002, 1
23004, 2
23011, 4
23019, 4
23020, 4
23021, 4
23023, 8
23024, 5
23025, 3
23026, 3
23027, 4
23028, 3
23029, 6
23030, 4
23032, 7
23033, 4
23034, 6
23035, 5
23037, 6
23040, 2
23041, 5
23042, 3
23043, 2
23044, 3
23045, 2
23046, 1
23047, 4
23048, 3
23049, 1
23050, 6
23051, 3
23052, 1
23053, 6
23054, 1
23055, 5
23056, 6
23057, 2
23058, 1
23059, 3
23060, 5
23061, 5
23062, 10
23063, 4
23064, 5
23065, 6
23066, 6
23067, 4
23068, 8
23069, 5
23070, 7
23071, 13
23072, 3
23073, 6
23074, 8
23075, 7
23076, 13
23077, 10
23078, 8
23079, 5
23080, 12
23081, 9
23082, 7
23083, 7
23084, 8
23085, 11
23086, 10
23087, 12
23088, 2
23089, 8
23090, 5
23092, 5
23093, 3
23094, 5
23095, 5
23096, 3
23097, 3
23098, 2
23099, 2
23100, 5
23101, 4
23103, 4
23105, 7
23106, 3
23107, 5
23110, 2
23111, 3
23115, 3
23116, 4
23117, 4
23121, 3
23122, 2
23123, 7
23124, 4
23128, 3
23129, 1
23130, 6
23131, 2
23132, 2
23133, 8
23135, 2
23137, 5
23138, 3
23139, 2
23140, 2
23141, 1
23142, 1
23143, 4
23144, 1
23146, 5
23148, 3
23150, 2
23153, 2
23156, 4
23157, 6
23158, 5
23159, 4
23160, 4
23161, 1
23163, 9
23164, 4
23165, 4
23166, 9
23167, 4
23168, 11
23169, 6
23170, 8
23171, 4
23172, 6
23173, 2
23174, 11
23175, 3
23176, 1
23177, 10
23178, 12
23179, 8
23180, 2
23181, 14
23182, 6
23183, 4
23184, 11
23185, 1
23186, 9
23187, 11
23188, 9
23189, 6
23190, 11
23191, 16
23192, 5
23193, 10
23194, 12
23195, 2
23196, 5
23197, 7
23198, 3
23199, 2
23202, 7
23203, 1
23204, 2
23206, 10
23207, 3
23208, 7
23211, 6
23212, 2
23215, 2
23219, 2
23220, 3
23221, 5
23222, 4
23223, 2
23225, 3
23226, 3
23227, 2
23228, 2
23230, 2
23231, 4
23233, 1
23234, 2
23237, 3
23238, 6
23239, 2
23240, 1
23242, 1
23243, 3
23245, 2
23247, 2
23249, 1
23251, 2
23254, 2
23255, 8
23256, 1
23260, 4
23261, 7
23263, 1
23266, 1
23267, 5
23268, 1
23271, 3
23272, 2
23274, 4
23275, 1
23277, 2
23281, 3
23282, 1
23284, 1
23292, 1
23305, 1
23401, 1
23403, 2
23404, 5
23405, 1
23406, 2
23407, 1
23408, 3
23409, 2
23411, 3
23412, 3
23413, 1
23414, 2
23415, 5
23416, 4
23417, 8
23418, 1
23419, 4
23420, 10
23421, 7
23422, 5
23423, 5
23424, 7
23425, 4
23426, 6
23427, 5
23428, 4
23429, 4
23430, 4
23431, 5
23432, 11
23433, 3
23434, 7
23435, 11
23436, 9
23437, 12
23438, 4
23440, 1
23441, 1
23443, 4
23447, 2
23455, 2
23458, 1
23461, 2
23465, 2
23467, 2
23468, 2
23470, 3
23472, 1
23473, 2
23474, 2
23475, 2
23476, 1
23478, 2
23479, 2
23481, 8
23482, 2
23483, 2
23484, 4
23485, 5
23486, 3
23487, 7
23488, 2
23489, 4
23490, 4
23491, 8
23492, 3
23493, 7
23494, 5
23495, 4
23496, 4
23499, 7
23500, 7
23501, 9
23502, 7
23503, 2
23504, 10
23505, 4
23506, 1
23507, 2
23508, 1
23509, 6
23510, 2
23511, 4
23512, 3
23513, 5
23514, 1
23515, 3
23516, 3
23517, 6
23519, 3
23520, 1
23521, 1
23522, 1
23527, 2
23530, 1
23533, 1
23536, 4
23538, 2
23637, 2
23638, 1
23640, 2
23641, 1
23642, 3
23643, 3
23645, 2
23646, 1
23647, 7
23648, 1
23649, 4
23650, 1
23651, 2
23652, 1
23653, 3
23654, 4
23655, 4
23656, 5
23657, 5
23658, 5
23659, 3
23660, 9
23661, 2
23662, 1
23663, 6
23664, 2
23665, 9
23666, 10
23667, 10
23668, 17
23669, 11
23670, 3
23671, 12
23672, 6
23673, 18
23674, 11
23675, 4
23676, 8
23677, 12
23679, 3
23681, 6
23684, 5
23685, 4
23686, 1
23693, 4
23694, 2
23695, 1
23696, 1
23700, 2
23701, 6
23702, 4
23703, 4
23705, 6
23706, 2
23707, 7
23708, 6
23709, 6
23710, 6
23711, 4
23712, 6
23715, 2
23716, 8
23717, 4
23718, 5
23719, 17
23720, 7
23721, 5
23722, 2
23723, 7
23724, 5
23725, 10
23726, 8
23727, 7
23728, 13
23729, 20
23730, 15
23731, 5
23732, 27
23733, 10
23734, 8
23735, 21
23736, 14
23737, 16
23738, 26
23739, 15
23740, 4
23741, 10
23743, 3
23744, 11
23745, 18
23746, 11
23747, 23
23748, 8
23749, 9
23750, 4
23751, 5
23752, 12
23753, 6
23756, 7
23757, 6
23758, 9
23759, 10
23760, 10
23761, 1
23762, 1
23763, 4
23766, 8
23767, 9
23768, 6
23769, 12
23770, 15
23771, 5
23778, 5
23779, 2
23819, 1
23821, 1
23822, 1
23823, 1
23825, 4
23826, 1
23827, 4
23828, 2
23829, 1
23830, 1
23831, 1
23832, 8
23833, 1
23834, 1
23835, 2
23836, 6
23837, 2
23838, 1
23839, 9
23840, 2
23841, 4
23842, 5
23843, 5
23845, 4
23846, 13
23847, 6
23848, 6
23849, 8
23850, 5
23851, 8
23852, 19
23853, 12
23854, 13
23855, 13
23856, 9
23857, 12
23858, 5
23859, 11
23860, 1
23861, 3
23862, 11
23864, 6
23866, 5
23867, 15
23868, 2
23869, 8
23870, 6
23871, 2
23872, 8
23873, 5
23874, 3
23877, 4
23878, 8
23882, 8
23884, 2
23885, 12
23886, 5
23887, 2
23888, 2
23890, 1
23891, 5
23892, 2
23893, 4
23894, 1
23896, 3
23897, 2
23898, 1
23901, 2
23902, 9
23903, 1
23904, 2
23905, 1
23908, 5
23911, 6
23912, 1
23913, 2
23914, 2
23916, 4
23917, 3
23919, 2
23920, 2
23924, 5
23925, 2
23928, 2
23930, 3
23931, 1
23932, 2
23939, 1
23957, 1
23965, 2
24063, 2
24064, 1
24065, 1
24066, 1
24069, 2
24071, 4
24072, 2
24073, 1
24074, 1
24075, 1
24076, 7
24077, 4
24079, 2
24080, 1
24081, 6
24082, 2
24083, 9
24084, 10
24085, 9
24086, 8
24087, 5
24088, 14
24089, 10
24090, 11
24091, 4
24092, 9
24093, 12
24094, 13
24095, 6
24096, 11
24097, 8
24098, 9
24099, 6
24100, 8
24101, 7
24102, 7
24103, 4
24107, 2
24119, 3
24129, 3
24130, 1
24133, 1
24135, 2
24137, 3
24138, 1
24140, 1
24141, 1
24142, 3
24143, 2
24144, 1
24145, 4
24146, 2
24147, 3
24149, 2
24150, 4
24151, 2
24152, 4
24153, 3
24154, 3
24156, 5
24157, 1
24158, 5
24159, 7
24160, 3
24161, 2
24162, 8
24163, 2
24164, 7
24165, 5
24166, 3
24167, 4
24168, 3
24169, 6
24170, 1
24171, 6
24172, 2
24173, 2
24174, 1
24175, 2
24176, 3
24177, 1
24178, 1
24179, 4
24180, 2
24181, 1
24182, 1
24183, 5
24185, 1
24188, 2
24191, 1
24193, 1
24195, 1
24196, 1
24200, 1
24205, 2
24207, 1
24213, 2
24322, 1
24324, 2
24325, 1
24327, 4
24328, 1
24329, 1
24331, 1
24333, 2
24334, 2
24337, 4
24338, 2
24339, 7
24340, 2
24343, 6
24344, 7
24345, 2
24346, 5
24347, 9
24348, 5
24349, 4
24350, 3
24351, 5
24352, 3
24353, 7
24354, 6
24355, 5
24356, 6
24357, 7
24358, 7
24359, 7
24360, 16
24361, 12
24362, 14
24363, 5
24364, 3
24371, 1
24372, 1
24376, 3
24385, 1
24390, 4
24391, 2
24392, 2
24394, 1
24395, 4
24398, 5
24399, 7
24400, 4
24402, 7
24403, 12
24404, 12
24405, 6
24406, 10
24407, 11
24408, 7
24409, 3
24410, 7
24411, 5
24412, 15
24413, 5
24414, 5
24415, 5
24416, 14
24417, 3
24418, 13
24419, 2
24420, 13
24421, 18
24422, 6
24423, 19
24424, 10
24425, 22
24426, 10
24427, 3
24428, 22
24429, 20
24430, 11
24431, 21
24432, 14
24433, 17
24434, 13
24435, 16
24436, 16
24437, 5
24438, 11
24439, 10
24440, 8
24441, 11
24442, 9
24443, 11
24444, 7
24445, 9
24446, 7
24447, 3
24448, 3
24449, 11
24450, 14
24451, 7
24452, 1
24453, 6
24454, 9
24456, 1
24457, 3
24458, 3
24459, 2
24460, 2
24462, 3
24467, 2
24468, 2
24515, 1
24517, 3
24518, 3
24520, 3
24521, 2
24522, 1
24524, 2
24525, 2
24527, 1
24528, 4
24529, 1
24530, 1
24531, 2
24532, 8
24533, 6
24534, 7
24535, 7
24536, 8
24537, 5
24538, 4
24539, 4
24540, 6
24541, 11
24542, 9
24543, 8
24544, 8
24545, 11
24546, 18
24547, 13
24548, 6
24549, 5
24550, 11
24551, 8
24552, 12
24553, 15
24554, 11
24555, 11
24556, 2
24557, 4
24558, 13
24559, 3
24560, 3
24562, 8
24563, 2
24566, 8
24567, 2
24568, 5
24569, 5
24570, 3
24571, 4
24572, 3
24573, 4
24574, 3
24575, 7
24576, 3
24578, 7
24579, 4
24580, 2
24581, 6
24582, 2
24583, 3
24584, 20
24586, 7
24587, 6
24588, 11
24589, 3
24590, 3
24592, 7
24593, 11
24594, 9
24595, 7
24596, 5
24597, 4
24598, 2
24599, 2
24601, 4
24602, 7
24603, 3
24604, 9
24605, 2
24606, 15
24607, 1
24608, 3
24609, 14
24610, 8
24611, 9
24612, 2
24613, 9
24614, 18
24615, 4
24616, 17
24617, 13
24618, 10
24619, 18
24620, 8
24621, 8
24622, 17
24623, 6
24624, 3
24625, 2
24626, 3
24627, 5
24628, 5
24629, 7
24630, 4
24631, 5
24632, 6
24633, 11
24634, 5
24635, 6
24636, 7
24637, 1
24638, 3
24639, 5
24640, 4
24641, 4
24642, 5
24643, 5
24644, 8
24646, 3
24647, 5
24648, 4
24650, 3
24652, 6
24653, 6
24657, 4
24663, 1
24664, 2
24676, 2
24683, 2
24685, 1
24686, 1
24687, 2
24688, 2
24689, 2
24692, 3
24693, 1
24694, 4
24695, 2
24696, 3
24697, 1
24698, 1
24699, 4
24700, 3
24701, 2
24702, 4
24703, 7
24704, 2
24705, 3
24706, 5
24707, 6
24708, 8
24709, 18
24710, 1
24711, 15
24712, 14
24713, 5
24714, 9
24715, 13
24716, 5
24717, 5
24718, 13
24719, 17
24720, 13
24721, 14
24722, 9
24723, 4
24724, 5
24725, 6
24726, 4
24727, 4
24728, 10
24729, 9
24730, 4
24731, 8
24732, 2
24733, 3
24735, 2
24736, 7
24737, 1
24738, 7
24739, 2
24741, 2
24742, 3
24743, 4
24744, 1
24746, 4
24747, 1
24748, 6
24749, 1
24751, 2
24752, 2
24753, 5
24757, 4
24758, 4
24759, 6
24760, 2
24761, 1
24762, 3
24763, 2
24764, 1
24765, 3
24766, 6
24768, 1
24769, 2
24772, 1
24773, 3
24779, 1
24781, 1
24782, 2
24784, 1
24786, 3
24787, 4
24789, 1
24790, 1
24791, 3
24793, 3
24794, 2
24795, 3
24800, 2
24801, 2
24808, 1
24809, 4
24819, 2
24822, 3
24825, 2
24826, 1
24827, 1
24831, 1
24834, 1
24835, 1
24836, 2
24837, 6
24838, 5
24839, 3
24842, 3
24843, 3
24844, 1
24845, 1
24846, 2
24847, 3
24848, 2
24849, 4
24850, 7
24851, 4
24852, 4
24853, 6
24854, 4
24855, 4
24856, 4
24857, 8
24858, 10
24859, 7
24860, 13
24861, 9
24862, 9
24863, 19
24864, 18
24865, 12
24866, 18
24867, 6
24868, 2
24870, 6
24871, 3
24872, 4
24873, 6
24874, 4
24875, 1
24876, 7
24877, 3
24878, 1
24879, 1
24881, 1
24882, 5
24884, 2
24885, 4
24886, 5
24887, 3
24888, 1
24889, 1
24890, 2
24891, 4
24892, 3
24893, 3
24894, 3
24895, 1
24896, 1
24897, 2
24898, 1
24899, 1
24900, 3
24901, 2
24902, 5
24903, 5
24904, 10
24905, 3
24906, 2
24907, 3
24908, 2
24909, 5
24910, 2
24911, 1
24912, 4
24913, 1
24914, 3
24915, 1
24918, 1
24919, 8
24920, 2
24921, 1
24923, 3
24924, 5
24925, 3
24926, 1
24927, 2
24928, 1
24929, 1
24930, 3
24931, 4
24932, 6
24933, 3
24934, 3
24935, 2
24936, 2
24937, 1
24938, 2
24939, 1
24945, 2
24946, 4
24947, 2
24948, 1
24949, 2
24950, 3
24951, 2
24953, 1
24955, 1
24956, 3
24957, 2
24958, 2
24959, 5
24960, 2
24962, 5
24963, 4
24964, 1
24965, 1
24966, 6
24967, 2
24968, 5
24969, 2
24970, 5
24971, 5
24972, 1
24973, 2
24974, 1
24975, 5
24976, 5
24977, 6
24978, 2
24979, 4
24980, 5
24981, 10
24982, 5
24983, 10
24984, 2
24985, 11
24986, 11
24987, 4
24988, 8
24989, 7
24990, 10
24991, 1
24993, 3
24994, 3
24996, 1
24997, 8
25001, 3
25002, 2
25003, 2
25006, 6
25008, 7
25009, 3
25010, 1
25014, 4
25015, 6
25016, 2
25017, 1
25018, 1
25019, 2
25020, 2
25021, 7
25022, 2
25023, 2
25024, 2
25025, 4
25026, 5
25027, 2
25028, 1
25029, 4
25030, 2
25031, 7
25032, 2
25034, 5
25036, 2
25038, 10
25039, 2
25040, 3
25041, 2
25042, 6
25043, 1
25044, 4
25046, 2
25047, 6
25048, 1
25049, 3
25050, 2
25051, 6
25052, 1
25053, 6
25055, 7
25056, 3
25059, 3
25060, 2
25061, 3
25064, 7
25066, 1
25068, 2
25069, 2
25070, 1
25072, 4
25074, 4
25076, 3
25079, 3
25297, 3
25298, 1
25299, 1
25300, 1
25302, 1
25303, 3
25304, 2
25305, 1
25307, 6
25308, 2
25309, 1
25310, 2
25311, 5
25312, 3
25313, 3
25314, 1
25315, 6
25316, 3
25318, 8
25319, 5
25320, 3
25321, 3
25322, 8
25323, 7
25324, 5
25325, 3
25326, 6
25327, 3
25328, 15
25329, 10
25330, 7
25331, 6
25332, 12
25333, 7
25334, 8
25335, 16
25336, 5
25337, 2
25352, 2
25353, 5
25354, 5
25355, 7
25357, 3
25358, 3
25359, 1
25360, 4
25361, 3
25363, 12
25364, 6
25365, 10
25366, 11
25367, 5
25369, 4
25370, 6
25371, 3
25372, 9
25373, 3
25374, 8
25375, 4
25376, 4
25377, 3
25378, 9
25379, 3
25380, 2
25381, 18
25382, 5
25383, 9
25384, 15
25385, 10
25386, 11
25387, 8
25388, 9
25389, 3
25390, 8
25391, 7
25392, 21
25393, 2
25394, 8
25395, 4
25397, 4
25398, 4
25399, 16
25400, 8
25401, 15
25402, 7
25403, 13
25404, 22
25406, 6
25407, 10
25408, 2
25409, 20
25410, 6
25411, 4
25412, 2
25413, 4
25414, 10
25415, 7
25416, 10
25417, 10
25418, 9
25419, 5
25420, 7
25421, 10
25422, 6
25423, 1
25424, 7
25425, 4
25426, 3
25428, 2
25429, 2
25431, 2
25432, 4
25433, 1
25434, 6
25435, 2
25436, 4
25437, 2
25439, 1
25440, 4
25441, 1
25442, 1
25444, 2
25446, 7
25451, 3
25458, 4
25459, 3
25460, 2
25461, 2
25465, 1
25467, 2
25471, 2
25496, 2
25509, 1
25510, 6
25511, 2
25512, 4
25513, 2
25515, 6
25516, 1
25518, 4
25520, 1
25521, 5
25522, 3
25523, 3
25524, 1
25525, 7
25526, 1
25527, 1
25528, 4
25529, 1
25530, 4
25531, 2
25532, 4
25533, 3
25534, 9
25535, 6
25536, 7
25537, 5
25538, 6
25539, 11
25540, 8
25541, 5
25542, 14
25543, 9
25544, 6
25545, 8
25546, 17
25547, 14
25548, 8
25549, 3
25550, 1
25552, 1
25553, 4
25554, 2
25556, 3
25559, 2
25560, 1
25561, 2
25562, 3
25564, 6
25566, 5
25568, 5
25569, 3
25570, 3
25571, 7
25572, 9
25575, 10
25576, 3
25578, 7
25579, 1
25581, 4
25582, 2
25583, 4
25584, 8
25585, 6
25587, 3
25588, 6
25591, 1
25592, 5
25593, 3
25594, 4
25595, 1
25596, 2
25598, 3
25599, 4
25601, 5
25602, 3
25604, 3
25605, 5
25606, 2
25607, 2
25609, 3
25610, 4
25611, 2
25612, 2
25613, 2
25614, 1
25616, 2
25617, 6
25618, 2
25620, 2
25623, 5
25624, 3
25626, 2
25627, 2
25629, 1
25634, 2
25637, 1
25643, 1
25644, 1
25647, 2
25653, 2
25851, 1
25852, 3
25854, 1
25856, 1
25858, 4
25859, 2
25860, 2
25861, 1
25863, 4
25864, 4
25865, 2
25866, 5
25867, 3
25868, 4
25869, 7
25870, 4
25871, 3
25872, 4
25873, 4
25874, 13
25875, 3
25876, 9
25877, 13
25878, 10
25879, 3
25880, 9
25881, 6
25882, 11
25883, 10
25884, 13
25885, 12
25886, 11
25887, 10
25888, 4
25890, 1
25905, 2
25911, 2
25913, 3
25915, 2
25916, 5
25918, 2
25920, 3
25921, 3
25922, 4
25923, 6
25924, 3
25926, 10
25927, 4
25928, 9
25929, 3
25930, 7
25931, 13
25932, 8
25933, 12
25934, 4
25935, 15
25936, 9
25937, 10
25938, 25
25939, 11
25940, 8
25941, 10
25942, 4
25943, 5
25944, 5
25945, 6
25946, 9
25947, 1
25948, 9
25949, 7
25950, 24
25951, 13
25952, 20
25953, 26
25954, 8
25955, 18
25956, 18
25957, 9
25958, 5
25959, 13
25960, 4
25961, 7
25962, 20
25963, 12
25964, 5
25965, 9
25966, 8
25967, 20
25968, 6
25969, 10
25970, 10
25971, 8
25972, 2
25973, 3
25974, 9
25975, 5
25976, 1
25977, 3
25978, 4
25979, 3
25981, 2
25982, 3
25983, 10
25985, 3
25986, 3
25991, 2
25994, 3
25997, 3
25998, 1
26000, 3
26006, 1
26007, 4
26008, 1
26009, 2
26011, 2
26012, 1
26013, 3
26014, 4
26015, 1
26016, 1
26017, 1
26018, 8
26019, 2
26023, 2
26024, 2
26025, 4
26026, 1
26027, 5
26028, 4
26029, 5
26030, 1
26031, 4
26032, 6
26033, 1
26034, 3
26035, 3
26036, 2
26037, 1
26039, 7
26040, 2
26041, 3
26042, 4
26043, 10
26044, 6
26045, 8
26047, 6
26048, 1
26049, 3
26050, 5
26051, 7
26052, 6
26053, 7
26054, 3
26055, 2
26057, 14
26058, 7
26059, 3
26060, 4
26061, 8
26062, 1
26063, 12
26065, 4
26066, 5
26067, 3
26068, 4
26069, 9
26071, 5
26073, 2
26076, 3
26077, 2
26078, 3
26079, 12
26080, 3
26081, 8
26082, 6
26083, 1
26084, 2
26085, 8
26086, 2
26088, 7
26089, 3
26092, 13
26094, 3
26095, 2
26096, 2
26097, 1
26098, 3
26100, 12
26101, 6
26102, 6
26104, 7
26106, 3
26111, 3
26112, 3
26113, 1
26114, 2
26116, 2
26117, 2
26118, 3
26120, 1
26121, 3
26122, 1
26123, 7
26125, 2
26126, 1
26127, 1
26128, 3
26129, 3
26131, 4
26133, 2
26134, 3
26135, 2
26136, 5
26137, 8
26138, 5
26139, 6
26140, 3
26141, 1
26142, 6
26143, 4
26144, 2
26145, 3
26146, 6
26147, 4
26148, 11
26149, 6
26150, 3
26151, 7
26152, 9
26153, 6
26154, 5
26155, 9
26156, 6
26157, 6
26158, 11
26159, 7
26160, 3
26161, 5
26162, 3
26163, 1
26164, 4
26165, 1
26166, 4
26167, 7
26168, 4
26170, 2
26172, 3
26174, 5
26175, 2
26177, 2
26178, 3
26179, 2
26180, 6
26181, 4
26183, 1
26184, 1
26185, 9
26186, 1
26187, 4
26190, 7
26192, 3
26193, 1
26194, 2
26195, 5
26196, 1
26197, 2
26198, 3
26199, 6
26200, 9
26201, 5
26202, 1
26203, 1
26204, 7
26205, 4
26206, 3
26207, 7
26208, 6
26210, 9
26211, 3
26212, 1
26213, 3
26215, 3
26216, 5
26218, 3
26221, 2
26222, 2
26223, 2
26227, 5
26228, 3
26232, 2
26234, 1
26235, 2
26238, 1
26244, 2
26249, 2
26252, 2
26298, 1
26299, 1
26300, 2
26302, 1
26303, 2
26304, 1
26305, 5
26306, 1
26307, 1
26308, 1
26309, 1
26310, 3
26311, 2
26312, 3
26314, 1
26315, 1
26316, 1
26317, 1
26318, 1
26319, 4
26320, 5
26321, 7
26322, 2
26323, 7
26324, 4
26325, 4
26326, 9
26327, 11
26328, 10
26329, 6
26330, 5
26331, 8
26332, 20
26333, 10
26334, 16
26335, 11
26336, 8
26337, 8
26338, 15
26339, 12
26340, 11
26341, 6
26342, 5
26343, 8
26344, 3
26345, 5
26347, 2
26348, 5
26349, 4
26350, 3
26351, 2
26352, 1
26353, 8
26356, 2
26357, 3
26358, 2
26360, 2
26361, 4
26362, 3
26363, 7
26364, 2
26365, 2
26366, 3
26367, 2
26368, 3
26371, 3
26373, 4
26374, 4
26375, 2
26377, 1
26379, 1
26380, 1
26381, 3
26382, 3
26385, 3
26387, 3
26388, 1
26389, 7
26391, 1
26392, 2
26396, 2
26397, 3
26399, 1
26400, 3
26402, 1
26404, 2
26405, 3
26406, 4
26407, 4
26408, 1
26409, 2
26416, 5
26417, 1
26426, 1
26427, 1
26442, 1
26443, 1
26445, 1
26446, 4
26447, 1
26449, 2
26450, 5
26451, 2
26452, 1
26455, 1
26456, 2
26457, 3
26458, 5
26459, 2
26460, 1
26461, 2
26462, 3
26463, 3
26464, 1
26465, 3
26466, 1
26467, 5
26468, 2
26469, 3
26470, 5
26471, 12
26472, 8
26473, 8
26474, 10
26475, 11
26476, 10
26477, 6
26478, 11
26479, 10
26480, 10
26481, 7
26482, 6
26484, 2
26485, 5
26488, 3
26490, 4
26491, 2
26492, 9
26493, 2
26494, 2
26496, 4
26497, 2
26498, 4
26500, 4
26501, 3
26502, 9
26503, 2
26504, 3
26505, 2
26508, 5
26511, 2
26512, 3
26513, 2
26514, 2
26515, 3
26517, 5
26519, 5
26520, 6
26521, 2
26522, 1
26523, 6
26524, 7
26525, 3
26526, 4
26528, 3
26529, 6
26530, 10
26531, 2
26533, 4
26534, 6
26536, 10
26537, 3
26538, 4
26539, 6
26540, 2
26541, 2
26543, 4
26544, 3
26545, 3
26546, 2
26548, 1
26549, 3
26550, 3
26551, 2
26552, 3
26558, 4
26559, 4
26560, 2
26563, 1
26570, 7
26571, 3
26572, 2
26573, 5
26574, 2
26575, 1
26577, 1
26578, 2
26579, 3
26580, 3
26582, 3
26583, 2
26584, 3
26585, 2
26586, 2
26587, 3
26588, 6
26589, 3
26591, 4
26592, 8
26593, 3
26594, 3
26595, 6
26596, 6
26597, 4
26598, 5
26599, 7
26600, 14
26601, 5
26602, 15
26603, 10
26604, 12
26605, 5
26606, 7
26607, 5
26610, 1
26612, 5
26613, 8
26614, 2
26615, 4
26616, 1
26617, 3
26619, 2
26620, 2
26621, 4
26622, 4
26623, 4
26626, 9
26627, 4
26628, 4
26629, 5
26630, 1
26631, 3
26634, 2
26635, 1
26636, 10
26637, 4
26639, 6
26640, 4
26643, 2
26644, 1
26650, 4
26651, 2
26652, 3
26653, 6
26655, 4
26656, 1
26657, 3
26658, 1
26659, 2
26660, 2
26661, 4
26662, 2
26663, 4
26664, 6
26665, 5
26666, 1
26668, 5
26669, 2
26670, 1
26671, 6
26672, 5
26673, 5
26674, 3
26676, 4
26677, 4
26678, 4
26679, 2
26680, 8
26681, 2
26682, 2
26686, 2
26687, 1
26688, 6
26689, 3
26691, 2
26695, 1
26699, 4
26700, 2
26860, 1
26863, 1
26864, 1
26865, 1
26866, 1
26867, 1
26868, 2
26869, 2
26870, 1
26872, 3
26873, 1
26874, 3
26875, 2
26876, 4
26877, 2
26878, 2
26879, 3
26880, 4
26881, 2
26882, 2
26883, 5
26884, 6
26885, 6
26886, 7
26887, 4
26888, 9
26889, 7
26890, 10
26891, 5
26892, 6
26893, 18
26894, 3
26895, 9
26896, 11
26897, 4
26898, 11
26899, 10
26900, 6
26901, 4
26902, 1
26916, 3
26918, 3
26929, 3
26932, 3
26938, 4
26939, 3
26940, 1
26941, 2
26943, 5
26944, 4
26945, 7
26946, 3
26947, 5
26948, 4
26949, 2
26951, 6
26952, 2
26953, 6
26954, 3
26955, 5
26956, 1
26957, 3
26959, 5
26960, 8
26961, 9
26962, 7
26963, 9
26964, 1
26965, 3
26966, 1
26967, 3
26968, 8
26969, 3
26970, 8
26971, 8
26973, 6
26974, 10
26975, 2
26976, 3
26977, 2
26978, 2
26979, 6
26980, 3
26981, 4
26982, 3
26983, 3
26984, 2
26985, 1
26986, 2
26989, 1
26990, 3
26991, 2
26992, 1
26993, 1
26997, 2
26998, 4
27000, 1
27008, 2
27011, 2
27090, 2
27094, 1
27095, 1
27096, 1
27097, 2
27098, 1
27099, 3
27100, 1
27102, 3
27103, 5
27104, 2
27105, 3
27106, 5
27107, 6
27108, 3
27109, 5
27111, 2
27112, 4
27113, 4
27114, 2
27115, 6
27116, 2
27117, 9
27118, 9
27119, 4
27120, 7
27121, 6
27122, 9
27123, 7
27124, 14
27125, 10
27126, 16
27127, 9
27128, 5
27129, 4
27130, 5
27131, 3
27132, 1
27133, 2
27134, 2
27135, 6
27136, 1
27137, 4
27140, 2
27142, 2
27147, 3
27148, 2
27162, 4
27169, 2
27170, 2
27171, 1
27172, 1
27173, 7
27174, 3
27175, 2
27178, 2
27179, 3
27180, 7
27181, 2
27182, 5
27183, 3
27184, 6
27185, 1
27189, 4
27190, 4
27191, 3
27192, 2
27193, 8
27194, 2
27195, 5
27196, 4
27197, 4
27198, 4
27199, 2
27200, 2
27201, 2
27202, 2
27203, 5
27204, 3
27205, 6
27206, 6
27207, 2
27208, 4
27209, 3
27210, 4
27211, 2
27212, 2
27214, 6
27217, 1
27218, 2
27219, 4
27220, 4
27223, 2
27225, 1
27228, 2
27240, 2
27449, 2
27454, 1
27455, 2
27456, 2
27458, 1
27459, 6
27461, 2
27462, 4
27463, 8
27464, 4
27465, 9
27466, 2
27467, 11
27468, 4
27469, 4
27470, 5
27471, 7
27472, 2
27473, 4
27474, 8
27475, 10
27476, 8
27477, 15
27478, 8
27479, 4
27480, 8
27481, 10
27482, 11
27483, 6
27484, 18
27485, 26
27486, 12
27487, 16
27488, 13
27489, 10
27490, 3
27491, 2
27492, 1
27517, 1
27519, 2
27521, 1
27523, 1
27526, 1
27527, 1
27530, 1
27534, 1
27535, 1
27536, 3
27537, 1
27538, 3
27540, 4
27541, 4
27542, 5
27543, 1
27545, 1
27546, 4
27547, 7
27548, 5
27549, 1
27550, 4
27551, 4
27552, 6
27553, 2
27554, 1
27555, 3
27556, 8
27557, 1
27558, 1
27559, 4
27560, 3
27561, 2
27562, 6
27563, 5
27564, 2
27565, 5
27566, 2
27567, 1
27568, 1
27569, 3
27570, 2
27571, 4
27572, 2
27573, 3
27574, 3
27575, 1
27579, 1
27581, 2
27586, 1
28086, 1
28088, 2
28090, 1
28091, 2
28092, 3
28093, 2
28094, 4
28095, 3
28096, 3
28097, 2
28098, 3
28099, 2
28100, 1
28101, 3
28104, 8
28105, 1
28106, 2
28107, 3
28108, 5
28109, 3
28110, 7
28111, 6
28112, 5
28113, 6
28114, 7
28115, 5
28116, 8
28117, 6
28118, 9
28119, 7
28120, 1
28121, 3
28122, 10
28123, 7
28124, 4
28126, 1
28150, 2
28151, 1
28152, 3
28154, 2
28156, 2
28158, 4
28161, 2
28162, 2
28163, 8
28165, 2
28166, 5
28167, 1
28168, 8
28169, 2
28170, 4
28171, 1
28173, 5
28174, 2
28175, 1
28176, 7
28177, 2
28178, 8
28179, 7
28180, 6
28181, 5
28182, 5
28183, 10
28184, 1
28185, 10
28186, 2
28187, 8
28188, 6
28189, 4
28190, 5
28192, 3
28193, 8
28194, 10
28195, 8
28196, 2
28198, 5
28199, 4
28200, 2
28201, 2
28202, 2
28203, 4
28204, 2
28205, 4
28206, 3
28208, 7
28209, 3
28211, 2
28212, 6
28214, 2
28215, 1
28216, 7
28217, 2
28220, 3
28222, 2
28227, 2
28228, 2
28236, 2
28314, 2
28317, 1
28318, 1
28319, 3
28320, 1
28321, 1
28322, 5
28323, 1
28324, 1
28326, 3
28328, 1
28329, 3
28330, 4
28331, 2
28332, 3
28333, 3
28334, 2
28335, 3
28336, 7
28337, 4
28338, 9
28339, 4
28340, 10
28341, 4
28342, 5
28343, 7
28344, 4
28345, 9
28346, 4
28347, 8
28348, 5
28349, 7
28350, 14
28351, 10
28352, 17
28353, 5
28354, 3
28355, 1
28356, 5
28357, 4
28359, 3
28362, 2
28367, 3
28369, 1
28370, 6
28371, 5
28372, 4
28373, 1
28375, 2
28376, 4
28378, 5
28379, 1
28380, 3
28383, 6
28384, 6
28385, 2
28386, 5
28387, 1
28388, 6
28389, 2
28390, 4
28391, 4
28392, 6
28393, 4
28394, 7
28396, 1
28397, 10
28398, 4
28399, 9
28400, 5
28401, 1
28402, 14
28403, 11
28404, 8
28405, 13
28406, 6
28407, 4
28408, 6
28409, 12
28410, 9
28411, 4
28412, 15
28413, 9
28414, 8
28415, 9
28416, 4
28417, 8
28418, 12
28419, 8
28420, 11
28421, 6
28422, 5
28423, 9
28424, 5
28425, 6
28426, 15
28427, 12
28428, 9
28429, 13
28430, 23
28431, 14
28432, 18
28433, 18
28434, 22
28435, 6
28436, 11
28437, 10
28438, 8
28439, 21
28440, 32
28441, 3
28442, 4
28443, 11
28444, 7
28445, 24
28446, 18
28447, 14
28448, 26
28449, 16
28450, 14
28451, 10
28452, 6
28453, 13
28454, 4
28455, 6
28456, 24
28457, 24
28458, 1
28459, 14
28460, 13
28461, 1
28462, 8
28463, 17
28464, 8
28465, 8
28466, 6
28467, 8
28470, 15
28472, 6
28475, 7
28477, 7
28478, 7
28480, 37
28481, 5
28482, 3
28483, 9
28485, 5
28486, 4
28487, 6
28488, 4
28489, 4
28490, 1
28491, 4
28492, 3
28493, 17
28494, 5
28495, 4
28496, 9
28497, 6
28498, 4
28499, 3
28501, 7
28502, 18
28503, 12
28504, 9
28505, 24
28506, 13
28507, 8
28508, 22
28509, 8
28510, 8
28512, 18
28513, 17
28514, 8
28515, 15
28516, 4
28517, 13
28518, 9
28519, 12
28520, 14
28521, 13
28522, 30
28523, 8
28524, 16
28525, 2
28526, 24
28527, 18
28528, 17
28529, 7
28530, 4
28531, 7
28532, 8
28533, 7
28534, 18
28535, 6
28536, 14
28537, 12
28538, 35
28539, 6
28540, 15
28541, 5
28542, 7
28543, 3
28544, 32
28545, 5
28546, 9
28547, 2
28548, 7
28549, 11
28550, 2
28551, 18
28553, 2
28554, 3
28557, 3
28559, 7
28560, 4
28561, 9
28563, 9
28565, 2
28567, 1
28568, 5
28570, 10
28571, 3
28574, 4
28575, 1
28576, 1
28578, 3
28580, 1
28582, 1
28583, 2
28584, 3
28585, 1
28587, 1
28589, 3
28590, 1
28592, 4
28593, 1
28594, 2
28595, 6
28596, 4
28597, 1
28599, 7
28601, 3
28602, 10
28603, 4
28604, 6
28606, 6
28607, 1
28608, 8
28609, 7
28610, 2
28611, 8
28612, 8
28613, 3
28614, 11
28615, 8
28616, 20
28617, 7
28618, 15
28619, 12
28620, 8
28621, 19
28622, 26
28623, 7
28624, 10
28625, 3
28627, 8
28628, 5
28629, 4
28630, 11
28632, 9
28633, 9
28634, 6
28635, 5
28636, 2
28637, 3
28638, 8
28639, 1
28640, 4
28641, 3
28642, 2
28644, 3
28646, 2
28649, 3
28652, 5
28653, 5
28654, 4
28655, 3
28656, 2
28658, 2
28659, 4
28662, 5
28664, 1
28665, 4
28667, 2
28668, 2
28670, 1
28671, 3
28673, 1
28674, 6
28675, 3
28678, 1
28679, 3
28683, 3
28684, 2
28685, 2
28687, 1
28708, 2
28709, 1
28717, 2
28773, 1
28774, 1
28777, 1
28778, 2
28780, 3
28782, 2
28783, 1
28784, 2
28785, 1
28786, 4
28787, 3
28788, 2
28790, 4
28791, 3
28792, 2
28793, 5
28794, 4
28795, 3
28796, 2
28797, 3
28798, 2
28799, 4
28800, 9
28801, 3
28802, 5
28803, 3
28804, 3
28805, 4
28806, 8
28807, 15
28808, 13
28809, 14
28810, 16
28811, 15
28812, 20
28813, 7
28814, 14
28817, 4
28818, 2
28819, 2
28821, 3
28822, 4
28823, 2
28825, 1
28826, 2
28828, 1
28829, 1
28830, 1
28832, 2
28834, 8
28835, 3
28836, 2
28837, 1
28838, 2
28841, 2
28842, 3
28843, 1
28844, 2
28846, 1
28847, 1
28848, 3
28851, 3
28854, 1
28856, 1
28857, 4
28858, 6
28861, 1
28862, 2
28864, 5
28865, 4
28866, 2
28867, 3
28868, 1
28869, 2
28871, 2
28872, 2
28873, 1
28874, 5
28875, 2
28876, 5
28877, 2
28878, 4
28879, 2
28880, 5
28881, 2
28882, 3
28884, 4
28885, 5
28886, 1
28887, 1
28888, 5
28889, 3
28892, 2
28895, 1
28896, 1
28897, 3
28899, 2
28901, 1
28902, 2
28903, 4
28905, 1
28907, 1
28908, 2
28910, 2
28915, 2
28930, 2
28931, 2
28932, 1
28933, 3
28934, 1
28935, 2
28937, 2
28938, 1
28939, 4
28941, 2
28943, 3
28944, 2
28946, 1
28947, 3
28948, 4
28949, 4
28950, 4
28951, 3
28952, 5
28953, 8
28955, 4
28956, 10
28957, 3
28958, 6
28959, 7
28960, 6
28961, 3
28962, 5
28963, 14
28964, 15
28965, 11
28966, 12
28967, 13
28968, 4
28969, 3
28970, 8
28971, 7
28972, 3
28973, 7
28974, 1
28975, 2
28976, 2
28978, 2
28980, 4
28981, 4
28982, 1
28983, 3
28984, 5
28985, 3
28986, 4
28987, 8
28988, 6
28989, 8
28990, 2
28991, 1
28994, 5
28996, 7
28997, 3
28999, 6
29000, 5
29002, 3
29003, 2
29004, 6
29005, 3
29006, 6
29007, 5
29008, 3
29009, 5
29010, 5
29011, 2
29012, 1
29013, 2
29014, 2
29015, 4
29016, 6
29018, 5
29020, 2
29021, 1
29022, 2
29024, 3
29025, 3
29026, 7
29027, 3
29029, 2
29033, 1
29034, 6
29042, 1
29046, 1
29052, 2
29605, 1
29607, 1
29608, 2
29610, 1
29611, 1
29612, 3
29613, 2
29614, 5
29615, 2
29616, 3
29617, 2
29619, 3
29620, 5
29621, 6
29622, 1
29623, 4
29624, 1
29625, 2
29626, 4
29627, 5
29628, 8
29629, 3
29630, 4
29631, 10
29632, 9
29633, 6
29634, 3
29635, 9
29636, 10
29637, 7
29638, 12
29639, 10
29640, 6
29641, 12
29642, 19
29643, 14
29644, 12
29645, 3
29646, 13
29647, 7
29648, 4
29649, 3
29650, 5
29651, 3
29652, 5
29653, 9
29654, 9
29655, 13
29656, 6
29657, 10
29658, 4
29659, 2
29660, 3
29661, 11
29662, 9
29663, 4
29664, 5
29665, 7
29666, 5
29667, 10
29668, 2
29669, 1
29670, 3
29671, 9
29672, 10
29673, 7
29674, 4
29675, 1
29676, 3
29677, 12
29678, 10
29679, 1
29680, 5
29681, 5
29682, 8
29683, 1
29687, 2
29688, 3
29689, 1
29690, 8
29693, 6
29694, 8
29696, 8
29697, 7
29698, 12
29699, 3
29700, 17
29701, 5
29703, 6
29704, 19
29705, 5
29706, 2
29707, 6
29708, 3
29709, 1
29710, 7
29711, 26
29712, 9
29714, 6
29715, 4
29716, 8
29717, 13
29718, 18
29719, 9
29720, 1
29721, 11
29722, 13
29723, 17
29724, 3
29725, 7
29726, 15
29727, 14
29728, 9
29729, 13
29730, 8
29731, 23
29732, 12
29733, 3
29734, 4
29735, 10
29736, 9
29737, 16
29738, 27
29739, 12
29740, 2
29741, 17
29742, 12
29743, 13
29744, 15
29745, 7
29746, 17
29747, 25
29748, 3
29749, 2
29750, 17
29751, 7
29753, 4
29754, 3
29756, 10
29757, 8
29758, 3
29759, 2
29760, 4
29761, 4
29762, 1
29763, 3
29765, 6
29766, 9
29767, 1
29771, 1
29772, 5
29775, 4
29776, 17
29777, 2
29779, 10
29780, 8
29784, 5
29785, 3
29787, 4
29788, 4
29791, 4
29792, 3
29793, 4
29794, 1
29796, 8
29802, 3
29807, 2
29810, 5
29811, 3
29813, 5
29816, 3
29818, 3
29821, 2
29831, 1
29832, 1
29834, 1
29835, 3
29836, 1
29837, 1
29838, 4
29839, 1
29841, 3
29842, 2
29843, 2
29844, 2
29845, 3
29846, 1
29847, 2
29848, 3
29849, 2
29850, 7
29851, 5
29852, 5
29853, 3
29854, 4
29855, 1
29856, 4
29857, 7
29858, 3
29859, 5
29860, 13
29861, 10
29862, 9
29863, 10
29864, 10
29865, 12
29866, 12
29867, 17
29868, 8
29869, 13
29870, 6
29871, 4
29873, 8
29874, 2
29875, 4
29876, 7
29879, 7
29880, 2
29881, 2
29882, 3
29883, 4
29884, 11
29885, 1
29886, 2
29888, 3
29889, 3
29892, 9
29893, 4
29894, 3
29896, 2
29897, 5
29898, 7
29899, 2
29900, 13
29901, 8
29902, 4
29903, 7
29904, 5
29907, 11
29908, 3
29909, 1
29910, 10
29911, 10
29912, 12
29913, 9
29914, 11
29915, 10
29916, 11
29917, 12
29918, 5
29919, 3
29920, 11
29921, 2
29922, 15
29923, 11
29924, 22
29925, 4
29926, 5
29927, 13
29928, 17
29929, 11
29930, 7
29931, 4
29932, 19
29933, 30
29934, 11
29935, 20
29936, 14
29937, 11
29938, 10
29939, 16
29940, 19
29941, 6
29942, 15
29944, 21
29945, 17
29946, 4
29947, 15
29948, 15
29949, 3
29950, 18
29951, 23
29952, 7
29953, 14
29954, 5
29955, 14
29956, 16
29957, 13
29958, 20
29959, 8
29960, 16
29961, 9
29962, 9
29963, 13
29964, 15
29965, 7
29966, 14
29967, 13
29969, 4
29970, 12
29971, 2
29972, 13
29973, 11
29975, 1
29976, 2
29977, 12
29978, 7
29979, 6
29980, 18
29981, 10
29982, 9
29983, 6
29985, 18
29986, 4
29987, 16
29988, 9
29989, 22
29990, 3
29991, 15
29992, 4
29993, 6
29994, 1
29995, 1
29996, 4
29997, 10
29998, 14
29999, 2
30000, 4
30001, 10
30002, 4
30003, 2
30004, 7
30005, 15
30006, 10
30007, 15
30008, 9
30009, 9
30010, 11
30011, 7
30012, 20
30013, 14
30014, 5
30015, 14
30016, 7
30017, 14
30018, 22
30019, 26
30020, 8
30021, 10
30022, 16
30023, 10
30024, 11
30025, 14
30026, 11
30027, 1
30028, 13
30029, 5
30030, 7
30031, 14
30032, 7
30033, 20
30034, 5
30035, 3
30036, 13
30037, 7
30038, 14
30039, 25
30040, 13
30041, 13
30042, 16
30043, 10
30044, 19
30045, 5
30046, 8
30047, 5
30048, 3
30049, 17
30051, 12
30052, 8
30053, 6
30054, 3
30055, 11
30057, 6
30058, 7
30059, 1
30060, 2
30061, 4
30062, 2
30063, 11
30064, 11
30065, 7
30066, 4
30067, 3
30068, 4
30069, 5
30072, 2
30073, 1
30075, 7
30076, 2
30077, 1
30078, 1
30080, 3
30081, 10
30083, 3
30090, 3
30091, 1
30093, 3
30094, 1
30095, 3
30097, 1
30098, 6
30099, 1
30100, 1
30101, 3
30102, 1
30103, 4
30104, 1
30107, 2
30108, 10
30109, 1
30110, 8
30111, 7
30112, 10
30113, 1
30114, 9
30115, 7
30116, 2
30117, 2
30118, 15
30119, 11
30120, 6
30121, 6
30122, 8
30123, 9
30124, 10
30125, 11
30126, 12
30127, 12
30128, 10
30129, 11
30130, 18
30132, 3
30133, 3
30134, 17
30135, 11
30136, 6
30137, 9
30138, 7
30139, 3
30140, 12
30141, 9
30142, 3
30143, 3
30144, 19
30145, 10
30146, 11
30147, 14
30148, 15
30149, 15
30150, 18
30151, 6
30152, 12
30153, 5
30154, 17
30155, 6
30156, 6
30157, 6
30158, 13
30159, 2
30160, 9
30161, 18
30162, 18
30163, 8
30164, 8
30165, 4
30166, 19
30167, 1
30168, 37
30169, 7
30170, 14
30171, 11
30172, 12
30173, 14
30174, 15
30175, 20
30176, 13
30177, 15
30178, 16
30179, 23
30180, 13
30181, 11
30182, 18
30183, 11
30184, 8
30185, 12
30186, 14
30187, 22
30188, 12
30189, 19
30190, 7
30191, 8
30192, 16
30193, 8
30194, 9
30195, 6
30196, 18
30197, 14
30198, 18
30199, 5
30200, 8
30201, 3
30202, 8
30203, 4
30204, 7
30205, 18
30206, 6
30207, 1
30208, 3
30209, 1
30211, 4
30212, 4
30213, 6
30214, 2
30215, 8
30216, 4
30217, 13
30218, 4
30220, 4
30223, 6
30224, 4
30226, 1
30230, 2
30231, 2
30232, 7
30237, 3
30238, 2
30262, 2
30263, 2
30304, 1
30305, 2
30308, 1
30310, 2
30311, 3
30312, 2
30313, 2
30314, 3
30315, 3
30316, 1
30317, 1
30318, 7
30319, 7
30321, 5
30323, 6
30324, 2
30325, 4
30326, 5
30327, 6
30328, 4
30329, 6
30330, 6
30331, 1
30332, 7
30333, 4
30334, 6
30335, 7
30336, 10
30337, 8
30338, 8
30339, 6
30340, 12
30341, 19
30342, 15
30343, 9
30344, 7
30345, 6
30346, 1
30348, 4
30349, 1
30350, 4
30351, 1
30352, 2
30357, 1
30358, 2
30359, 2
30360, 2
30362, 3
30363, 1
30365, 4
30366, 3
30367, 2
30370, 6
30371, 3
30372, 1
30375, 6
30377, 4
30378, 1
30380, 2
30382, 4
30383, 4
30384, 4
30385, 4
30386, 3
30389, 2
30390, 1
30391, 2
30393, 2
30394, 4
30395, 3
30396, 1
30397, 3
30398, 4
30399, 2
30401, 6
30402, 5
30403, 3
30404, 3
30405, 3
30407, 3
30409, 6
30410, 3
30411, 5
30412, 4
30413, 4
30414, 3
30415, 2
30416, 10
30418, 3
30419, 2
30420, 1
30421, 4
30422, 3
30423, 2
30424, 3
30425, 7
30426, 1
30427, 4
30428, 10
30429, 3
30430, 7
30431, 5
30432, 7
30433, 7
30434, 9
30435, 10
30436, 9
30437, 6
30438, 2
30439, 9
30440, 4
30441, 13
30442, 7
30443, 2
30444, 6
30445, 14
30446, 6
30447, 12
30448, 9
30449, 3
30451, 9
30452, 11
30453, 2
30454, 3
30455, 7
30456, 10
30459, 2
30461, 4
30462, 7
30463, 6
30464, 2
30465, 4
30469, 5
30470, 4
30473, 2
30474, 2
30475, 1
30476, 11
30477, 7
30478, 3
30479, 4
30480, 3
30481, 6
30483, 11
30484, 6
30485, 5
30486, 2
30488, 1
30489, 3
30490, 3
30492, 6
30493, 8
30494, 7
30495, 5
30496, 14
30497, 13
30498, 13
30499, 1
30500, 11
30501, 11
30502, 7
30503, 11
30504, 3
30505, 9
30506, 3
30507, 3
30508, 6
30509, 6
30510, 8
30511, 28
30512, 6
30513, 3
30514, 25
30515, 6
30516, 14
30517, 3
30518, 5
30519, 7
30520, 8
30521, 12
30522, 18
30523, 9
30524, 2
30525, 9
30526, 8
30527, 5
30528, 4
30529, 1
30530, 18
30531, 3
30532, 5
30533, 7
30534, 6
30535, 5
30536, 4
30537, 11
30539, 5
30540, 3
30541, 8
30542, 5
30543, 9
30544, 7
30545, 10
30546, 7
30547, 8
30548, 3
30549, 2
30550, 2
30551, 2
30553, 7
30554, 5
30555, 2
30556, 4
30557, 2
30558, 1
30559, 1
30560, 2
30561, 4
30562, 1
30565, 4
30566, 1
30567, 1
30568, 2
30569, 4
30570, 12
30571, 3
30572, 1
30573, 8
30574, 8
30575, 7
30576, 8
30577, 5
30578, 1
30579, 6
30580, 4
30581, 1
30582, 6
30583, 5
30584, 13
30585, 16
30586, 7
30587, 10
30588, 4
30589, 10
30590, 17
30591, 4
30592, 15
30593, 9
30594, 9
30595, 3
30596, 7
30597, 3
30598, 12
30599, 5
30600, 1
30601, 5
30603, 4
30604, 2
30605, 3
30606, 5
30607, 8
30608, 2
30609, 2
30611, 7
30612, 3
30613, 4
30614, 7
30615, 5
30616, 1
30617, 3
30619, 9
30620, 4
30621, 2
30622, 7
30623, 1
30626, 4
30627, 5
30631, 1
30633, 2
30634, 4
30635, 3
30636, 5
30637, 1
30638, 3
30639, 2
30644, 6
30645, 1
30646, 5
30647, 2
30649, 1
30650, 3
30652, 4
30653, 2
30655, 2
30658, 1
30659, 3
30660, 1
30661, 4
30662, 5
30663, 1
30664, 2
30665, 2
30666, 4
30667, 1
30668, 4
30669, 1
30670, 4
30671, 2
30672, 5
30673, 6
30674, 3
30675, 5
30676, 8
30677, 5
30678, 8
30679, 5
30680, 8
30681, 4
30682, 6
30683, 6
30684, 2
30685, 11
30686, 13
30687, 4
30688, 13
30689, 15
30690, 16
30691, 6
30692, 14
30693, 6
30694, 14
30695, 6
30696, 2
30697, 1
30698, 6
30699, 3
30701, 6
30702, 2
30704, 9
30705, 2
30706, 3
30707, 4
30708, 1
30709, 2
30711, 3
30714, 2
30715, 1
30716, 4
30717, 4
30718, 3
30719, 2
30720, 3
30721, 3
30722, 5
30723, 1
30724, 8
30725, 5
30726, 1
30728, 2
30729, 5
30731, 7
30732, 1
30733, 2
30734, 6
30735, 3
30736, 5
30737, 2
30738, 10
30739, 3
30740, 3
30742, 5
30743, 2
30744, 7
30745, 10
30746, 4
30747, 2
30748, 1
30749, 1
30750, 5
30752, 4
30753, 4
30754, 3
30755, 2
30756, 1
30757, 3
30758, 4
30759, 1
30760, 3
30761, 2
30762, 4
30763, 2
30765, 5
30766, 3
30767, 4
30768, 2
30769, 3
30770, 3
30772, 5
30773, 1
30774, 1
30775, 1
30776, 2
30778, 3
30780, 1
30782, 4
30783, 3
30784, 2
30785, 2
30786, 1
30787, 2
30788, 11
30789, 2
30790, 4
30791, 4
30792, 7
30793, 5
30794, 6
30795, 8
30796, 4
30797, 1
30798, 2
30799, 4
30800, 13
30801, 6
30802, 5
30803, 9
30804, 6
30805, 14
30806, 15
30807, 9
30808, 20
30809, 5
30810, 9
30811, 6
30812, 7
30813, 11
30814, 10
30815, 4
30816, 12
30817, 5
30818, 5
30819, 6
30821, 1
30822, 11
30825, 5
30826, 5
30827, 9
30828, 7
30829, 2
30830, 7
30831, 10
30833, 4
30834, 4
30835, 18
30836, 10
30837, 3
30838, 5
30839, 10
30840, 14
30841, 6
30842, 20
30843, 6
30844, 9
30845, 13
30846, 4
30847, 4
30848, 2
30849, 6
30850, 26
30851, 21
30852, 18
30853, 15
30854, 13
30855, 25
30856, 22
30857, 34
30858, 12
30859, 20
30860, 22
30861, 18
30862, 25
30863, 9
30864, 32
30865, 28
30866, 22
30867, 17
30868, 21
30869, 11
30870, 25
30871, 22
30872, 42
30873, 28
30874, 22
30875, 29
30876, 16
30877, 33
30878, 16
30879, 18
30880, 28
30881, 22
30882, 33
30883, 10
30884, 20
30885, 36
30886, 24
30887, 13
30888, 21
30889, 34
30890, 29
30891, 32
30892, 19
30893, 20
30894, 19
30895, 22
30896, 22
30897, 10
30898, 31
30899, 24
30900, 22
30901, 24
30902, 23
30903, 18
30904, 12
30905, 15
30906, 14
30907, 21
30908, 13
30909, 10
30910, 10
30911, 13
30912, 19
30913, 18
30914, 15
30915, 6
30916, 7
30917, 8
30918, 5
30919, 8
30920, 11
30921, 11
30922, 9
30923, 12
30924, 10
30925, 6
30926, 5
30927, 11
30928, 7
30929, 2
30930, 5
30931, 2
30932, 11
30933, 2
30934, 7
30935, 19
30936, 6
30937, 7
30938, 5
30939, 8
30940, 4
30941, 7
30942, 3
30943, 4
30944, 12
30945, 12
30946, 1
30947, 1
30948, 5
30949, 6
30950, 4
30951, 3
30952, 4
30953, 11
30954, 1
30955, 6
30956, 14
30957, 8
30958, 5
30959, 2
30960, 6
30961, 6
30962, 8
30963, 2
30964, 5
30965, 4
30966, 17
30967, 7
30968, 6
30969, 3
30970, 4
30971, 14
30972, 3
30973, 3
30974, 2
30975, 7
30976, 11
30977, 4
30978, 8
30979, 3
30980, 9
30981, 2
30982, 3
30983, 10
30984, 3
30985, 3
30986, 3
30988, 2
30991, 3
30992, 3
30993, 1
30995, 1
30997, 1
30998, 1
31000, 1
31001, 1
31002, 3
31004, 1
31006, 1
31008, 1
31009, 1
31011, 2
31017, 2
31024, 3
31025, 1
31026, 4
31027, 2
31029, 1
31030, 2
31031, 3
31032, 1
31034, 1
31035, 2
31036, 4
31037, 3
31038, 2
31039, 4
31040, 1
31041, 3
31042, 1
31043, 4
31044, 1
31045, 2
31046, 1
31047, 2
31048, 1
31049, 3
31050, 2
31051, 9
31052, 7
31053, 11
31054, 6
31055, 2
31056, 6
31057, 3
31058, 9
31059, 4
31060, 10
31061, 6
31062, 10
31063, 11
31064, 10
31065, 12
31066, 9
31067, 7
31068, 1
31069, 2
31070, 1
31071, 3
31073, 4
31074, 1
31076, 2
31077, 5
31078, 2
31079, 5
31081, 1
31082, 2
31084, 1
31085, 1
31086, 1
31087, 4
31088, 1
31090, 1
31091, 1
31092, 2
31093, 1
31094, 2
31097, 3
31098, 4
31100, 1
31101, 1
31102, 1
31103, 3
31104, 2
31105, 2
31109, 1
31110, 3
31111, 1
31112, 4
31113, 1
31114, 6
31115, 3
31117, 3
31118, 5
31119, 1
31120, 7
31121, 12
31122, 4
31123, 14
31125, 3
31126, 5
31127, 5
31128, 8
31129, 3
31130, 3
31131, 3
31132, 12
31133, 1
31134, 6
31135, 15
31136, 10
31137, 21
31138, 8
31139, 33
31140, 4
31141, 13
31142, 13
31143, 20
31144, 20
31145, 8
31146, 14
31147, 24
31148, 21
31149, 13
31150, 20
31151, 4
31152, 7
31153, 19
31154, 12
31155, 6
31156, 24
31157, 17
31158, 18
31159, 7
31160, 21
31161, 12
31162, 16
31163, 14
31164, 12
31165, 8
31166, 25
31167, 11
31168, 17
31169, 2
31170, 8
31171, 18
31172, 15
31173, 16
31174, 3
31175, 9
31176, 2
31177, 12
31178, 10
31179, 8
31180, 8
31181, 5
31182, 13
31183, 27
31184, 21
31185, 12
31186, 5
31187, 5
31188, 6
31189, 2
31190, 10
31191, 13
31192, 5
31193, 12
31194, 7
31195, 7
31196, 1
31197, 1
31198, 11
31199, 7
31200, 7
31201, 2
31202, 5
31203, 13
31204, 1
31205, 9
31206, 13
31207, 7
31208, 8
31209, 9
31210, 10
31211, 6
31212, 10
31213, 7
31214, 17
31215, 11
31216, 20
31217, 7
31218, 13
31219, 10
31220, 11
31221, 26
31222, 11
31223, 9
31224, 21
31225, 15
31226, 35
31227, 9
31228, 26
31229, 13
31230, 25
31231, 20
31232, 22
31233, 43
31234, 36
31235, 2
31236, 12
31237, 29
31238, 10
31239, 14
31240, 31
31241, 15
31242, 12
31243, 4
31244, 13
31245, 6
31246, 5
31247, 11
31248, 25
31249, 26
31250, 13
31251, 10
31252, 15
31253, 14
31254, 20
31255, 12
31256, 24
31257, 5
31258, 13
31259, 9
31260, 10
31261, 8
31262, 7
31263, 14
31264, 13
31265, 12
31266, 8
31267, 15
31268, 9
31269, 6
31270, 9
31271, 11
31272, 17
31273, 17
31274, 13
31275, 19
31276, 6
31277, 13
31278, 18
31279, 11
31280, 7
31281, 12
31282, 14
31283, 16
31284, 11
31285, 6
31286, 9
31287, 13
31288, 18
31289, 11
31290, 15
31291, 6
31292, 33
31293, 13
31294, 8
31295, 17
31296, 7
31297, 11
31298, 11
31299, 11
31300, 24
31301, 31
31302, 17
31303, 15
31304, 10
31305, 14
31306, 30
31307, 13
31308, 17
31309, 8
31310, 11
31311, 18
31312, 18
31313, 7
31314, 26
31315, 19
31316, 10
31317, 3
31318, 3
31319, 19
31320, 13
31321, 12
31322, 13
31323, 3
31324, 13
31325, 16
31326, 4
31327, 12
31328, 6
31329, 6
31330, 20
31331, 9
31332, 13
31333, 8
31334, 16
31335, 10
31336, 21
31337, 12
31338, 15
31339, 16
31340, 7
31341, 16
31342, 8
31343, 27
31344, 16
31345, 9
31346, 13
31347, 11
31348, 1
31349, 18
31350, 19
31351, 8
31352, 14
31353, 9
31354, 19
31355, 13
31356, 5
31357, 4
31358, 12
31359, 2
31360, 9
31361, 9
31362, 10
31363, 25
31364, 4
31365, 2
31366, 18
31367, 9
31368, 2
31369, 16
31370, 2
31371, 4
31372, 5
31373, 6
31374, 8
31375, 2
31376, 8
31377, 3
31378, 9
31379, 18
31380, 8
31381, 3
31382, 1
31384, 3
31385, 7
31386, 6
31387, 3
31388, 5
31389, 4
31391, 1
31392, 7
31394, 10
31395, 5
31396, 11
31397, 3
31398, 5
31399, 6
31400, 14
31401, 5
31402, 10
31403, 12
31404, 5
31405, 16
31406, 12
31407, 4
31408, 12
31409, 7
31410, 17
31411, 21
31412, 9
31413, 10
31414, 16
31415, 12
31416, 12
31417, 8
31418, 5
31419, 23
31421, 8
31422, 3
31423, 8
31424, 9
31425, 6
31426, 4
31427, 4
31428, 1
31429, 3
31430, 10
31431, 2
31432, 3
31433, 5
31434, 5
31435, 1
31436, 5
31437, 5
31439, 10
31440, 3
31441, 3
31442, 3
31443, 5
31444, 3
31445, 4
31446, 5
31447, 4
31448, 1
31449, 5
31450, 1
31451, 6
31452, 3
31453, 3
31454, 4
31456, 5
31459, 5
31460, 1
31472, 2
31488, 4
31537, 1
31538, 2
31541, 1
31544, 1
31545, 4
31546, 1
31547, 4
31548, 4
31550, 2
31551, 2
31552, 4
31553, 2
31554, 1
31555, 4
31556, 4
31557, 5
31558, 7
31559, 7
31560, 5
31561, 2
31562, 3
31563, 4
31564, 8
31565, 7
31566, 2
31567, 13
31568, 4
31569, 10
31570, 14
31571, 9
31572, 9
31573, 11
31574, 15
31575, 9
31576, 14
31577, 5
31578, 13
31579, 1
31580, 1
31585, 1
31586, 2
31587, 2
31588, 1
31589, 1
31590, 2
31591, 2
31594, 6
31595, 1
31596, 1
31597, 2
31598, 4
31601, 4
31602, 2
31603, 3
31604, 2
31605, 4
31606, 3
31608, 4
31609, 3
31610, 2
31611, 3
31612, 2
31614, 1
31615, 3
31617, 1
31618, 1
31619, 2
31620, 1
31621, 2
31622, 5
31623, 1
31625, 1
31626, 4
31627, 2
31628, 1
31629, 2
31631, 7
31632, 4
31633, 4
31634, 4
31635, 2
31636, 2
31637, 5
31639, 2
31640, 2
31641, 4
31643, 6
31644, 2
31647, 1
31648, 1
31650, 5
31651, 4
31653, 4
31655, 6
31656, 5
31657, 4
31658, 4
31659, 1
31660, 2
31661, 3
31662, 1
31663, 2
31664, 4
31665, 2
31666, 3
31668, 4
31669, 1
31670, 2
31672, 2
31673, 3
31674, 3
31675, 6
31676, 4
31677, 2
31678, 3
31679, 8
31680, 1
31681, 2
31682, 3
31683, 4
31684, 2
31685, 2
31686, 1
31687, 8
31688, 3
31689, 5
31690, 10
31691, 5
31692, 4
31693, 2
31694, 7
31695, 6
31696, 6
31697, 2
31698, 6
31699, 6
31700, 4
31701, 9
31702, 12
31703, 2
31704, 2
31705, 2
31708, 5
31711, 5
31713, 4
31715, 5
31716, 2
31717, 1
31719, 8
31720, 3
31721, 2
31724, 5
31726, 5
31727, 5
31728, 2
31729, 3
31731, 4
31732, 2
31733, 8
31734, 5
31735, 5
31737, 6
31738, 8
31739, 3
31740, 5
31741, 5
31742, 2
31743, 9
31745, 6
31746, 10
31747, 3
31751, 3
31752, 1
31753, 5
31754, 6
31757, 6
31758, 2
31760, 7
31761, 7
31763, 3
31764, 2
31765, 1
31767, 2
31769, 4
31770, 3
31771, 5
31772, 2
31773, 3
31774, 7
31775, 3
31776, 4
31777, 4
31778, 3
31780, 3
31781, 3
31782, 6
31784, 3
31785, 4
31786, 2
31789, 3
31790, 2
36117, 1
36120, 2
36122, 3
36124, 4
36125, 3
36126, 5
36128, 2
36129, 2
36130, 7
36131, 5
36132, 3
36133, 5
36134, 3
36135, 4
36136, 3
36137, 4
36138, 4
36139, 6
36140, 10
36141, 4
36142, 8
36143, 4
36144, 3
36145, 6
36146, 10
36147, 4
36148, 5
36149, 6
36150, 2
36151, 9
36152, 5
36153, 7
36154, 4
36155, 8
36156, 9
36157, 3
36190, 2
36191, 4
36194, 1
36195, 1
36196, 1
36197, 1
36198, 2
36199, 5
36200, 3
36201, 2
36202, 2
36203, 9
36204, 4
36205, 2
36206, 3
36207, 2
36208, 4
36209, 4
36210, 5
36211, 12
36212, 5
36213, 4
36215, 7
36216, 2
36217, 6
36218, 7
36219, 2
36220, 2
36221, 5
36222, 4
36223, 7
36224, 3
36225, 5
36226, 3
36227, 2
36228, 4
36229, 2
36230, 6
36231, 7
36232, 2
36233, 5
36234, 6
36235, 11
36236, 4
36237, 9
36238, 3
36239, 3
36240, 2
36241, 10
36242, 2
36244, 1
36245, 3
36246, 2
36247, 4
36248, 1
36249, 5
36250, 2
36251, 1
36252, 2
36255, 2
36476, 2
36477, 3
36478, 2
36479, 2
36480, 1
36481, 1
36482, 1
36483, 2
36484, 2
36485, 2
36488, 2
36489, 2
36490, 2
36491, 2
36492, 3
36493, 3
36494, 3
36495, 7
36496, 2
36497, 3
36498, 4
36499, 8
36500, 7
36501, 8
36502, 5
36503, 5
36504, 9
36505, 5
36506, 3
36507, 19
36508, 7
36509, 5
36510, 8
36511, 7
36512, 9
36513, 7
36514, 6
36515, 9
36516, 3
36545, 1
36546, 1
36547, 3
36548, 2
36549, 1
36550, 3
36552, 1
36553, 2
36555, 2
36556, 2
36557, 2
36558, 3
36559, 2
36560, 3
36561, 3
36562, 2
36563, 3
36564, 3
36565, 3
36566, 4
36567, 4
36568, 2
36569, 3
36570, 10
36571, 9
36572, 5
36573, 7
36574, 2
36575, 5
36576, 2
36577, 5
36578, 5
36579, 2
36580, 5
36581, 5
36582, 3
36583, 8
36584, 6
36585, 3
36586, 2
36587, 5
36588, 4
36589, 1
36590, 5
36591, 7
36592, 3
36593, 3
36594, 7
36595, 4
36596, 5
36597, 5
36598, 2
36599, 6
36600, 4
36601, 2
36602, 1
36603, 3
36604, 2
36605, 4
36606, 5
36607, 1
36608, 2
36609, 2
36610, 1
36614, 2
36615, 1
36616, 1
36617, 1
36625, 1
36626, 2
46187, 1
46188, 1
46189, 2
46191, 1
46192, 1
46193, 3
46194, 1
46195, 1
46196, 2
46197, 3
46198, 3
46199, 1
46200, 2
46201, 2
46202, 2
46203, 2
46204, 4
46205, 4
46206, 5
46207, 3
46208, 6
46209, 5
46210, 3
46211, 9
46212, 2
46213, 10
46214, 1
46215, 7
46216, 5
46217, 5
46218, 8
46219, 6
46220, 8
46221, 9
46222, 7
46223, 3
46224, 1
46225, 1
46242, 9
46243, 2
46244, 2
46245, 9
46246, 5
46247, 4
46248, 6
46249, 9
46250, 10
46252, 1
46253, 4
46254, 13
46255, 3
46256, 8
46257, 10
46258, 6
46259, 14
46260, 6
46261, 9
46262, 10
46263, 7
46264, 8
46265, 6
46266, 7
46267, 9
46268, 2
46269, 8
46270, 10
46271, 4
46272, 12
46273, 7
46274, 6
46275, 5
46276, 11
46277, 6
46278, 7
46279, 10
46280, 23
46281, 15
46282, 2
46283, 6
46285, 4
46286, 10
46287, 4
46288, 2
46289, 3
46290, 2
46291, 3
46292, 5
46293, 2
46294, 2
46295, 9
46296, 8
46297, 3
46298, 11
46299, 9
46300, 8
46301, 4
46302, 8
46303, 8
46304, 5
46305, 8
46306, 7
46307, 8
46308, 4
46309, 4
46310, 2
46311, 8
46312, 9
46313, 6
46314, 13
46315, 7
46316, 6
46317, 8
46318, 5
46319, 5
46320, 3
46321, 4
46322, 3
46323, 8
46324, 8
46325, 3
46326, 3
46327, 2
46329, 3
46330, 3
46331, 2
46332, 1
46333, 3
46335, 2
46336, 3
46337, 3
46338, 2
46339, 1
46340, 3
46341, 5
46342, 8
46343, 2
46344, 2
46345, 1
46346, 2
46347, 3
46348, 7
46349, 2
46351, 3
46354, 4
46355, 6
46356, 3
46358, 2
46359, 4
46360, 5
46361, 4
46362, 3
46363, 5
46364, 2
46365, 1
46366, 1
46368, 1
46369, 1
46370, 1
46372, 2
46373, 3
46374, 1
46375, 1
46380, 1
46381, 1
46383, 2
46384, 3
46385, 2
56096, 2
56097, 2
56100, 1
56101, 1
56103, 1
56104, 3
56105, 2
56106, 6
56108, 1
56110, 1
56111, 1
56112, 7
56115, 3
56117, 8
56118, 4
56119, 5
56120, 8
56121, 2
56122, 6
56123, 9
56124, 5
56125, 12
56126, 2
56127, 6
56128, 8
56129, 8
56130, 3
56131, 8
56132, 9
56133, 14
56134, 5
56136, 2
56137, 1
56138, 2
56164, 2
56166, 1
56167, 1
56169, 2
56170, 2
56171, 2
56172, 4
56174, 4
56176, 2
56177, 2
56179, 4
56180, 3
56181, 8
56182, 4
56183, 4
56184, 9
56186, 7
56187, 4
56188, 8
56189, 4
56190, 2
56191, 9
56193, 6
56194, 24
56195, 6
56196, 12
56197, 8
56198, 4
56199, 12
56200, 8
56201, 10
56202, 11
56203, 19
56204, 19
56205, 18
56206, 15
56207, 7
56208, 16
56209, 11
56210, 11
56211, 17
56212, 16
56213, 20
56214, 16
56215, 15
56216, 20
56217, 22
56218, 10
56219, 9
56220, 7
56221, 11
56222, 8
56223, 8
56224, 8
56225, 6
56226, 4
56227, 9
56228, 9
56229, 7
56230, 7
56231, 1
56232, 9
56233, 6
56234, 6
56235, 6
56236, 5
56237, 6
56238, 3
56239, 2
56240, 1
56241, 3
56242, 5
56243, 3
56244, 4
56245, 3
56246, 2
56247, 1
56248, 3
56249, 5
56250, 2
56251, 1
56252, 1
56253, 3
56254, 1
56257, 4
56258, 5
56259, 3
56260, 3
56267, 1
56268, 1
56269, 1
56272, 3
56276, 1
56277, 1
56278, 2
56279, 1
56280, 1
56281, 5
56289, 1
56290, 1
56296, 3
56299, 1
56300, 2
56301, 1
56309, 1
56310, 1
61125, 1
61127, 3
61128, 6
61129, 2
61130, 4
61131, 3
61132, 3
61133, 2
61134, 4
61135, 1
61136, 4
61137, 1
61138, 5
61139, 2
61140, 1
61141, 4
61142, 7
61143, 4
61144, 5
61145, 10
61146, 10
61147, 1
61148, 8
61149, 6
61150, 7
61151, 3
61152, 9
61153, 5
61154, 2
61155, 4
61156, 7
61157, 7
61158, 18
61159, 9
61160, 5
61161, 4
61162, 16
61163, 8
61164, 12
61165, 9
61166, 5
61192, 2
61196, 3
61201, 2
61205, 2
61206, 2
61207, 2
61208, 2
61209, 1
61211, 2
61212, 2
61213, 3
61214, 1
61215, 2
61216, 1
61217, 2
61218, 4
61219, 3
61220, 7
61221, 2
61222, 1
61223, 7
61224, 8
61225, 6
61226, 2
61227, 5
61228, 3
61229, 3
61230, 8
61231, 3
61232, 5
61233, 3
61234, 6
61235, 2
61236, 8
61237, 4
61238, 6
61239, 13
61240, 3
61242, 2
61243, 3
61244, 5
61245, 2
61247, 3
61248, 2
61249, 2
61250, 1
61251, 4
61252, 5
61253, 2
61254, 4
61255, 5
61257, 4
61258, 3
61259, 2
61260, 4
61261, 2
61262, 4
61263, 1
61264, 2
61265, 1
61266, 2
61267, 8
61268, 3
61269, 3
61270, 1
61272, 6
61273, 1
61274, 3
61275, 1
61277, 2
61278, 3
61279, 7
61280, 4
61281, 4
61282, 1
61283, 1
61284, 5
61285, 2
61286, 3
61287, 2
61288, 5
61289, 2
61290, 5
61291, 1
61292, 3
61293, 2
61294, 2
61295, 4
61296, 3
61297, 1
61299, 4
61300, 6
61301, 5
61302, 5
61303, 6
61304, 4
61305, 3
61306, 2
61307, 2
61308, 1
61310, 5
61311, 3
61315, 2
61316, 3
61317, 3
61318, 5
61319, 3
61320, 1
61321, 4
61322, 4
61323, 2
61324, 1
61325, 1
61326, 4
61327, 4
61328, 4
61329, 6
61330, 2
61331, 3
61332, 6
61333, 4
61334, 8
61335, 8
61336, 8
61337, 10
61338, 3
61339, 4
61341, 3
61342, 10
61343, 9
61344, 10
61345, 6
61347, 5
61349, 3
61350, 6
61351, 6
61352, 7
61353, 11
61354, 5
61355, 9
61356, 6
61357, 1
61358, 1
61361, 3
61362, 5
61364, 1
61365, 4
61366, 5
61367, 2
61368, 1
61369, 2
61370, 2
61371, 4
61372, 3
61373, 2
61374, 2
61375, 3
61376, 1
61380, 1
61381, 1
61398, 3
66691, 1
66693, 1
66694, 1
66695, 2
66696, 4
66697, 1
66699, 1
66700, 1
66701, 6
66702, 3
66703, 2
66704, 2
66705, 1
66707, 5
66708, 4
66709, 2
66710, 2
66711, 3
66712, 3
66713, 3
66714, 7
66715, 7
66716, 3
66717, 3
66718, 2
66719, 6
66720, 9
66721, 7
66722, 6
66723, 11
66724, 9
66725, 9
66726, 8
66727, 6
66728, 11
66729, 14
66730, 7
66731, 11
66733, 1
66744, 9
66760, 1
66763, 1
66764, 2
66766, 1
66769, 6
66771, 11
66772, 2
66773, 4
66774, 7
66775, 1
66777, 2
66778, 1
66780, 5
66782, 8
66783, 3
66784, 5
66785, 9
66786, 2
66787, 3
66788, 5
66789, 5
66790, 6
66791, 1
66792, 2
66793, 3
66794, 6
66795, 4
66796, 4
66797, 6
66798, 11
66799, 4
66800, 4
66801, 5
66802, 9
66803, 8
66804, 9
66805, 1
66806, 8
66808, 1
66810, 2
66811, 2
66812, 2
66813, 2
66814, 6
66815, 1
66816, 8
66818, 2
66819, 1
66821, 7
66822, 2
66823, 5
66824, 1
66825, 2
66832, 1
67474, 2
67475, 1
67476, 3
67477, 3
67478, 1
67479, 1
67480, 1
67481, 1
67483, 5
67484, 1
67485, 2
67486, 4
67487, 1
67488, 2
67489, 1
67490, 3
67491, 3
67492, 6
67493, 6
67494, 2
67495, 3
67496, 8
67497, 4
67498, 7
67499, 6
67500, 3
67501, 1
67502, 6
67503, 10
67504, 6
67505, 9
67506, 8
67507, 5
67508, 10
67509, 3
67510, 8
67511, 6
67512, 3
67513, 12
67514, 2
67541, 1
67542, 1
67545, 1
67546, 2
67550, 2
67551, 1
67552, 4
67553, 3
67554, 2
67555, 3
67556, 1
67558, 1
67559, 1
67560, 1
67561, 5
67562, 4
67563, 6
67564, 5
67565, 1
67566, 1
67567, 4
67568, 4
67569, 5
67570, 10
67571, 9
67572, 9
67573, 9
67574, 4
67575, 3
67576, 8
67577, 10
67578, 2
67579, 9
67580, 6
67581, 8
67582, 5
67583, 8
67584, 2
67585, 5
67586, 4
67587, 4
67588, 8
67589, 6
67590, 3
67591, 7
67592, 6
67593, 1
67594, 3
67595, 6
67596, 3
67597, 5
67598, 2
67600, 2
67601, 1
67602, 4
67604, 1
67605, 2
67606, 1
67607, 2
67608, 4
67610, 1
67611, 1
67623, 2
76758, 1
76759, 1
76760, 3
76762, 1
76763, 2
76764, 2
76767, 2
76768, 2
76769, 1
76770, 1
76771, 3
76772, 3
76773, 1
76774, 1
76775, 4
76776, 7
76777, 3
76778, 4
76779, 3
76780, 2
76781, 9
76782, 6
76783, 4
76784, 6
76785, 7
76786, 1
76787, 5
76788, 8
76789, 5
76790, 11
76791, 11
76792, 6
76793, 8
76794, 7
76795, 7
76796, 10
76797, 15
76798, 7
76826, 1
76828, 1
76829, 1
76835, 6
76837, 3
76838, 3
76840, 1
76841, 2
76842, 3
76843, 9
76845, 12
76846, 8
76847, 2
76848, 4
76849, 7
76850, 8
76851, 5
76852, 3
76854, 8
76855, 3
76856, 2
76857, 3
76859, 7
76860, 4
76861, 11
76862, 7
76863, 3
76864, 4
76865, 9
76866, 5
76867, 3
76868, 8
76869, 3
76870, 3
76871, 3
76872, 10
76873, 6
76874, 3
76875, 2
76876, 2
76877, 1
76878, 3
76879, 2
76880, 6
76881, 2
76883, 4
76885, 2
76886, 3
76887, 1
76888, 4
76889, 4
76891, 2
76892, 2
76895, 3
76898, 3
76908, 2
86322, 1
86323, 3
86324, 2
86327, 1
86328, 2
86329, 1
86330, 2
86332, 1
86333, 3
86334, 3
86336, 8
86337, 4
86338, 5
86339, 2
86340, 5
86341, 6
86342, 7
86343, 7
86344, 1
86345, 4
86346, 4
86347, 3
86348, 3
86349, 8
86350, 6
86351, 4
86352, 5
86353, 5
86354, 6
86355, 11
86356, 8
86357, 4
86358, 6
86359, 8
86360, 7
86361, 7
86362, 7
86363, 2
86396, 1
86397, 1
86399, 1
86400, 3
86401, 2
86402, 2
86406, 2
86407, 3
86408, 2
86409, 1
86410, 1
86411, 1
86412, 5
86413, 6
86414, 3
86415, 11
86416, 8
86417, 4
86418, 7
86419, 3
86420, 4
86421, 5
86422, 7
86423, 4
86424, 7
86425, 7
86426, 9
86427, 9
86428, 10
86429, 7
86430, 10
86431, 2
86432, 2
86433, 6
86434, 10
86435, 11
86436, 7
86437, 4
86438, 5
86439, 2
86440, 2
86441, 5
86442, 5
86443, 4
86444, 1
86445, 2
86446, 1
86447, 3
86448, 3
86449, 4
86450, 3
86451, 2
86452, 1
86455, 1
86463, 1
86464, 2
86465, 1
86467, 1
86468, 1
86699, 1
86700, 2
86701, 1
86702, 1
86703, 1
86705, 4
86707, 1
86708, 3
86709, 1
86710, 2
86711, 3
86712, 3
86713, 2
86714, 3
86715, 2
86716, 5
86717, 4
86718, 4
86719, 5
86720, 3
86721, 6
86722, 2
86723, 8
86724, 3
86725, 9
86726, 5
86727, 3
86728, 3
86729, 7
86730, 4
86731, 15
86732, 8
86733, 4
86734, 13
86735, 12
86736, 11
86737, 12
86738, 2
86739, 1
86770, 2
86772, 2
86773, 2
86774, 3
86775, 2
86778, 1
86779, 3
86780, 2
86781, 4
86782, 4
86784, 2
86785, 2
86786, 3
86787, 5
86788, 2
86789, 5
86790, 4
86791, 5
86792, 3
86793, 1
86794, 5
86795, 11
86796, 2
86797, 2
86798, 5
86799, 7
86800, 5
86801, 10
86802, 3
86804, 3
86805, 4
86806, 4
86807, 7
86808, 8
86809, 4
86810, 11
86811, 2
86812, 3
86813, 3
86814, 6
86815, 7
86816, 11
86819, 4
86820, 3
86821, 9
86822, 2
86824, 5
86825, 1
86827, 6
86828, 2
86829, 2
86830, 2
86832, 2
86833, 2
86834, 2
86837, 2
86839, 1
96299, 1
96301, 2
96302, 2
96303, 1
96305, 2
96306, 1
96308, 3
96309, 1
96310, 1
96311, 8
96312, 2
96313, 3
96314, 5
96315, 3
96316, 5
96317, 9
96318, 1
96319, 2
96320, 1
96321, 4
96322, 1
96323, 1
96324, 4
96325, 5
96326, 1
96327, 6
96328, 4
96329, 3
96330, 7
96331, 9
96332, 4
96333, 7
96334, 7
96335, 13
96336, 11
96337, 14
96338, 9
96339, 11
96340, 3
96370, 1
96371, 1
96378, 2
96379, 2
96380, 2
96382, 4
96383, 7
96384, 3
96385, 5
96386, 4
96387, 1
96388, 2
96389, 1
96390, 9
96391, 4
96392, 1
96393, 5
96394, 4
96395, 2
96396, 3
96397, 5
96398, 7
96399, 5
96400, 8
96401, 7
96402, 4
96403, 5
96404, 6
96405, 1
96406, 12
96407, 9
96408, 5
96409, 4
96410, 3
96411, 9
96412, 7
96413, 4
96414, 2
96415, 4
96416, 10
96417, 7
96418, 4
96419, 2
96420, 7
96421, 1
96422, 1
96423, 2
96425, 2
96426, 3
96427, 3
96428, 2
96430, 4
96431, 4
96432, 5
96434, 2
96435, 1
96436, 1
96437, 2
96446, 1
96459, 1
96460, 1
96741, 2
96744, 1
96745, 1
96746, 2
96750, 2
96751, 6
96752, 3
96753, 1
96754, 2
96755, 4
96756, 1
96757, 2
96758, 3
96759, 4
96760, 5
96762, 5
96763, 6
96764, 6
96765, 7
96766, 2
96767, 6
96768, 4
96769, 6
96770, 6
96771, 8
96772, 7
96773, 14
96774, 3
96775, 10
96776, 5
96777, 5
96778, 11
96779, 7
96780, 1
96781, 1
96813, 2
96815, 3
96816, 3
96817, 2
96818, 3
96819, 6
96820, 5
96821, 1
96822, 1
96824, 4
96825, 3
96826, 2
96827, 2
96829, 5
96830, 5
96831, 2
96832, 6
96833, 4
96834, 9
96835, 7
96836, 2
96837, 6
96838, 2
96839, 4
96840, 7
96841, 6
96842, 1
96843, 7
96844, 2
96845, 6
96846, 7
96847, 5
96848, 8
96849, 5
96850, 1
96851, 5
96852, 8
96853, 8
96854, 4
96855, 6
96856, 6
96858, 8
96859, 6
96860, 4
96861, 4
96862, 6
96863, 2
96864, 2
96865, 4
96866, 4
96869, 2
96870, 4
96872, 3
96874, 2
96875, 2
96880, 1
96882, 2
96883, 2
96893, 1
96895, 2
106276, 2
106277, 2
106278, 1
106279, 1
106280, 3
106281, 2
106282, 3
106283, 4
106284, 3
106285, 3
106286, 4
106287, 1
106290, 3
106291, 2
106292, 5
106293, 7
106294, 3
106295, 2
106296, 4
106297, 8
106298, 5
106299, 5
106300, 10
106301, 3
106302, 1
106303, 1
106304, 3
106305, 4
106306, 8
106307, 11
106308, 5
106309, 5
106310, 10
106311, 14
106312, 15
106313, 11
106314, 12
106315, 6
106316, 4
106317, 2
106318, 3
106342, 1
106348, 2
106352, 1
106355, 4
106356, 3
106357, 2
106358, 6
106359, 8
106361, 5
106362, 1
106363, 2
106364, 1
106365, 1
106366, 2
106367, 1
106368, 3
106369, 3
106371, 7
106372, 5
106373, 7
106374, 3
106375, 5
106376, 3
106377, 9
106378, 3
106379, 8
106380, 1
106381, 6
106382, 5
106383, 4
106384, 5
106385, 2
106386, 3
106387, 1
106388, 3
106389, 8
106390, 7
106391, 4
106392, 4
106393, 8
106394, 6
106395, 5
106396, 5
106398, 2
106399, 4
106401, 1
106402, 2
106403, 2
106404, 2
106405, 2
106406, 3
106407, 2
106408, 6
106410, 2
106411, 2
106412, 3
106413, 1
106415, 1
106416, 3
106417, 2
106418, 2
106703, 1
106704, 1
106705, 3
106707, 1
106709, 1
106710, 1
106711, 4
106712, 6
106713, 2
106714, 1
106715, 1
106717, 3
106718, 4
106719, 3
106720, 5
106721, 6
106722, 1
106723, 5
106724, 2
106725, 4
106726, 6
106727, 7
106728, 2
106729, 8
106730, 7
106731, 2
106732, 3
106733, 5
106734, 3
106735, 7
106736, 3
106737, 4
106738, 13
106739, 8
106740, 8
106741, 6
106742, 7
106743, 1
106768, 3
106774, 2
106775, 2
106776, 5
106777, 2
106778, 2
106779, 1
106781, 2
106782, 2
106783, 2
106785, 4
106786, 3
106787, 6
106789, 2
106790, 2
106791, 8
106792, 5
106793, 6
106794, 3
106795, 5
106796, 7
106799, 1
106800, 3
106801, 13
106803, 9
106804, 4
106805, 11
106806, 3
106807, 8
106808, 3
106809, 1
106810, 10
106811, 2
106812, 2
106813, 10
106814, 10
106815, 7
106816, 3
106817, 3
106818, 4
106819, 2
106820, 14
106821, 9
106822, 2
106823, 2
106824, 4
106825, 6
106826, 4
106827, 7
106828, 2
106829, 5
106831, 1
106834, 2
106835, 4
106837, 2
106838, 2
106843, 1
106844, 3
106845, 1
106848, 1
116276, 1
116277, 1
116279, 1
116280, 1
116281, 2
116282, 2
116283, 2
116284, 2
116285, 3
116286, 1
116287, 1
116288, 1
116289, 2
116290, 1
116291, 2
116292, 2
116293, 3
116294, 1
116295, 4
116296, 2
116297, 1
116298, 5
116299, 5
116300, 2
116301, 8
116302, 6
116304, 10
116305, 4
116306, 7
116307, 6
116308, 8
116309, 7
116310, 3
116311, 6
116312, 9
116313, 7
116314, 10
116315, 4
116316, 6
116317, 1
116350, 5
116351, 3
116352, 2
116353, 3
116355, 2
116357, 1
116358, 3
116359, 4
116360, 4
116361, 7
116362, 6
116363, 5
116364, 3
116365, 1
116367, 5
116368, 2
116369, 1
116370, 3
116371, 9
116372, 7
116373, 4
116374, 9
116375, 11
116376, 5
116377, 8
116378, 6
116379, 6
116380, 6
116381, 4
116382, 3
116383, 1
116384, 8
116385, 6
116386, 9
116387, 8
116388, 4
116389, 6
116390, 6
116391, 3
116392, 2
116393, 1
116395, 3
116396, 7
116397, 3
116398, 7
116399, 6
116400, 6
116401, 3
116402, 4
116403, 4
116404, 3
116405, 3
116406, 5
116407, 4
116408, 4
116410, 2
116411, 1
116412, 2
116413, 2
116414, 1
116417, 1
116418, 3
116419, 1
126280, 1
126281, 1
126284, 1
126285, 3
126286, 1
126288, 2
126289, 2
126290, 1
126291, 4
126292, 3
126293, 3
126294, 2
126295, 2
126296, 2
126297, 5
126298, 5
126299, 1
126300, 10
126301, 2
126302, 3
126303, 2
126304, 3
126305, 9
126306, 10
126307, 3
126308, 5
126309, 10
126310, 7
126311, 3
126312, 4
126313, 7
126314, 9
126315, 9
126316, 10
126317, 8
126318, 11
126319, 8
126320, 1
126350, 2
126353, 1
126354, 1
126355, 1
126357, 3
126358, 2
126361, 1
126362, 2
126363, 1
126364, 10
126365, 2
126366, 4
126367, 2
126368, 5
126369, 5
126370, 5
126371, 4
126373, 3
126374, 5
126375, 7
126376, 2
126377, 8
126378, 8
126379, 5
126380, 2
126381, 2
126382, 8
126383, 8
126384, 16
126385, 6
126386, 2
126387, 6
126388, 2
126389, 3
126390, 6
126391, 2
126392, 1
126393, 1
126394, 9
126395, 5
126396, 9
126397, 7
126398, 5
126399, 1
126400, 1
126401, 2
126405, 3
126406, 3
126407, 9
126408, 4
126410, 2
126412, 6
126414, 4
126416, 3
126418, 3
126435, 3
126444, 2
126445, 1
126446, 1
126447, 1
126449, 1
126451, 1
126453, 3
126455, 1
126456, 3
126457, 4
126458, 1
126459, 7
126460, 3
126461, 3
126462, 2
126463, 2
126464, 3
126465, 4
126466, 6
126467, 3
126468, 2
126469, 1
126470, 2
126471, 12
126472, 2
126473, 13
126474, 7
126475, 9
126476, 8
126477, 1
126478, 3
126479, 14
126480, 9
126481, 10
126482, 9
126483, 5
126484, 7
126485, 7
126486, 6
126487, 11
126488, 3
126490, 5
126491, 4
126492, 3
126493, 3
126494, 1
126495, 6
126496, 14
126497, 9
126498, 4
126499, 6
126500, 2
126501, 3
126502, 3
126503, 6
126504, 6
126505, 7
126506, 6
126507, 7
126508, 4
126509, 5
126510, 5
126511, 9
126512, 2
126513, 2
126514, 4
126515, 4
126516, 6
126517, 2
126518, 1
126519, 1
126520, 4
126521, 4
126522, 6
126523, 3
126524, 3
126525, 1
126526, 2
126527, 6
126528, 7
126529, 2
126532, 1
126533, 1
126534, 1
126535, 2
126536, 6
126541, 3
126543, 2
126544, 2
126545, 2
126546, 2
126552, 1
126553, 2
126563, 3
126565, 1
126575, 1
126576, 1
126724, 1
126726, 1
126727, 2
126728, 4
126729, 3
126730, 1
126731, 2
126732, 1
126733, 2
126735, 3
126737, 3
126738, 2
126739, 4
126740, 2
126741, 3
126742, 3
126743, 5
126744, 6
126745, 4
126746, 6
126747, 5
126748, 6
126749, 4
126750, 2
126751, 5
126752, 5
126753, 7
126754, 13
126755, 4
126756, 3
126757, 12
126758, 13
126759, 14
126760, 4
126761, 5
126762, 6
126763, 13
126764, 10
126765, 5
126766, 2
126777, 1
126792, 1
126799, 2
126800, 2
126804, 3
126805, 1
126806, 1
126807, 2
126808, 1
126809, 1
126811, 1
126812, 5
126813, 3
126814, 1
126815, 2
126816, 1
126817, 1
126819, 5
126820, 1
126821, 1
126822, 2
126823, 2
126824, 3
126825, 2
126826, 3
126827, 2
126828, 3
126829, 2
126830, 2
126831, 3
126832, 1
126833, 5
126834, 1
126835, 2
126836, 1
126837, 2
126838, 1
126839, 4
126841, 1
126842, 2
126843, 4
126844, 3
126845, 1
126846, 1
126847, 1
126848, 1
126849, 1
126851, 1
126852, 1
126853, 1
126855, 2
126857, 1
126859, 3
126860, 1
126864, 1
126881, 2
126888, 1
126890, 2
126891, 2
126892, 1
126893, 1
126894, 1
126895, 2
126897, 2
126898, 1
126899, 1
126900, 1
126901, 1
126902, 1
126903, 1
126904, 2
126906, 4
126908, 3
126909, 4
126910, 3
126911, 2
126912, 2
126913, 2
126914, 5
126915, 4
126916, 3
126917, 8
126918, 8
126919, 6
126920, 11
126921, 4
126922, 8
126923, 9
126924, 12
126925, 8
126926, 8
126927, 4
126928, 2
126929, 5
126930, 4
126931, 3
126932, 5
126933, 5
126934, 5
126935, 5
126936, 4
126937, 2
126939, 1
126940, 1
126941, 2
126942, 4
126943, 1
126944, 9
126945, 6
126946, 5
126947, 3
126948, 1
126950, 1
126951, 4
126952, 1
126953, 6
126954, 7
126956, 4
126957, 4
126958, 1
126959, 6
126960, 3
126961, 1
126962, 5
126964, 4
126965, 1
126967, 1
126969, 2
126970, 1
126974, 3
126975, 4
126976, 7
126977, 4
126978, 3
126980, 3
126981, 3
126982, 2
126983, 1
126987, 1
126988, 1
126989, 3
126996, 1
127000, 2
127004, 1
127008, 1
127009, 1
127026, 1
127029, 1
