0, 1
15, 1
22, 1
24, 1
27, 1
30, 2
31, 1
35, 1
36, 1
37, 1
38, 4
41, 1
42, 2
43, 2
44, 3
45, 3
46, 2
47, 2
48, 3
49, 3
50, 1
51, 1
52, 2
53, 4
54, 1
56, 4
57, 3
58, 3
59, 2
60, 1
61, 4
62, 3
63, 5
64, 2
65, 3
66, 2
67, 2
68, 4
69, 5
70, 2
71, 6
72, 3
73, 5
74, 2
75, 1
76, 4
77, 6
78, 6
79, 3
80, 4
81, 1
82, 5
83, 3
84, 5
85, 6
86, 4
87, 6
88, 5
89, 4
90, 4
91, 2
92, 10
93, 2
94, 4
95, 4
96, 5
97, 2
98, 1
99, 7
100, 4
101, 2
102, 3
103, 3
104, 5
106, 2
107, 4
109, 2
110, 2
111, 2
113, 1
114, 1
115, 1
116, 2
117, 3
118, 2
119, 1
120, 5
121, 3
122, 3
123, 1
124, 3
125, 2
126, 2
127, 1
128, 3
129, 1
130, 4
131, 1
132, 3
133, 4
134, 3
135, 3
136, 2
137, 1
138, 4
139, 5
142, 3
143, 4
144, 5
145, 1
146, 2
147, 2
148, 2
149, 4
150, 4
151, 2
152, 4
153, 2
154, 5
155, 3
156, 4
157, 4
158, 3
159, 4
160, 2
161, 3
162, 4
163, 6
164, 4
165, 2
166, 4
167, 2
168, 5
169, 4
170, 6
171, 5
172, 7
173, 4
174, 6
175, 4
176, 3
177, 7
178, 3
179, 4
180, 4
181, 1
182, 4
183, 3
184, 3
185, 4
186, 4
187, 3
188, 3
189, 4
190, 4
191, 1
192, 2
193, 2
194, 2
195, 1
196, 2
197, 1
198, 1
200, 3
201, 1
202, 2
203, 2
204, 3
205, 2
206, 3
207, 5
208, 3
209, 1
210, 1
211, 1
212, 3
213, 1
214, 3
215, 2
216, 2
217, 1
218, 4
219, 4
220, 4
221, 1
222, 2
223, 4
224, 3
225, 3
227, 1
228, 3
229, 4
230, 4
231, 2
232, 2
233, 2
234, 3
235, 2
236, 4
237, 3
238, 4
239, 2
240, 6
241, 1
242, 4
243, 6
244, 4
245, 3
246, 2
247, 3
248, 4
249, 7
250, 2
251, 2
252, 4
253, 4
254, 4
255, 4
256, 6
257, 6
258, 7
259, 3
260, 6
261, 2
262, 4
263, 8
264, 3
265, 4
266, 2
267, 3
268, 5
269, 1
270, 4
271, 4
272, 4
273, 2
274, 5
275, 3
276, 2
277, 2
278, 3
280, 2
281, 3
282, 1
284, 1
285, 2
286, 1
287, 2
288, 2
289, 2
290, 2
291, 3
292, 7
293, 2
294, 1
295, 2
297, 2
298, 2
299, 3
300, 2
301, 3
302, 1
303, 2
304, 2
305, 5
306, 4
307, 1
308, 3
309, 3
310, 4
311, 1
312, 1
313, 1
314, 5
315, 3
316, 3
317, 2
318, 4
320, 4
321, 4
322, 1
323, 4
324, 3
325, 4
326, 4
327, 4
328, 4
329, 5
330, 2
331, 3
332, 3
333, 3
334, 6
335, 5
336, 2
337, 2
338, 4
339, 3
340, 5
341, 5
342, 8
343, 3
344, 7
345, 4
346, 5
347, 3
348, 6
349, 5
350, 3
351, 2
352, 2
353, 6
354, 2
355, 6
356, 1
357, 4
358, 3
359, 4
360, 3
361, 4
362, 1
363, 1
364, 3
365, 2
366, 2
367, 1
368, 1
370, 1
371, 1
372, 3
373, 2
374, 2
375, 3
376, 1
377, 9
378, 1
379, 1
380, 3
382, 1
383, 2
384, 4
385, 2
386, 2
387, 1
388, 2
389, 3
390, 4
391, 4
392, 1
393, 2
394, 2
395, 6
396, 1
397, 1
398, 2
399, 3
400, 3
401, 4
402, 2
403, 2
404, 3
405, 4
406, 1
407, 2
408, 5
409, 3
410, 2
411, 5
412, 4
413, 6
414, 2
415, 4
416, 2
417, 3
418, 3
419, 5
420, 6
421, 2
422, 1
423, 6
424, 5
425, 3
426, 5
427, 3
428, 8
429, 5
430, 4
431, 6
432, 5
433, 2
434, 8
435, 2
436, 4
437, 2
438, 4
439, 3
440, 3
441, 5
442, 3
443, 3
444, 2
445, 4
446, 6
448, 2
449, 3
450, 2
451, 1
452, 2
454, 1
455, 1
456, 2
457, 2
458, 2
459, 1
460, 2
461, 2
462, 4
463, 4
464, 4
465, 1
466, 2
467, 1
468, 2
470, 5
471, 2
472, 2
473, 1
474, 4
475, 3
476, 2
477, 4
478, 1
479, 3
480, 2
481, 5
482, 1
484, 2
485, 5
486, 4
487, 1
488, 3
489, 3
490, 3
491, 2
492, 1
493, 5
494, 4
495, 3
496, 3
497, 5
498, 3
499, 5
500, 3
501, 2
502, 3
503, 3
504, 3
505, 9
506, 3
507, 1
508, 1
509, 6
510, 4
511, 5
512, 5
513, 6
514, 6
515, 3
516, 7
517, 3
518, 3
519, 8
520, 4
521, 4
522, 1
523, 3
524, 6
525, 1
526, 4
527, 4
528, 4
529, 2
530, 4
531, 5
532, 2
534, 1
535, 4
536, 2
537, 3
539, 1
540, 1
541, 1
542, 2
543, 2
544, 1
545, 2
546, 3
547, 2
548, 5
549, 3
550, 2
551, 2
552, 1
553, 1
554, 3
555, 2
556, 2
557, 4
559, 1
560, 5
561, 3
562, 4
563, 1
564, 2
565, 3
566, 5
567, 2
569, 1
570, 5
571, 5
572, 2
573, 1
574, 2
575, 4
576, 3
577, 2
578, 3
579, 1
580, 5
581, 4
582, 3
583, 4
584, 3
585, 5
586, 2
587, 4
588, 5
589, 1
590, 4
591, 7
592, 3
593, 1
594, 4
595, 6
596, 2
597, 5
598, 7
599, 5
600, 5
601, 5
602, 6
603, 2
604, 6
605, 5
606, 4
607, 3
608, 2
609, 3
610, 4
611, 2
612, 5
613, 3
614, 4
615, 5
616, 2
617, 5
619, 2
620, 3
621, 1
622, 2
623, 2
625, 2
627, 2
628, 2
629, 2
631, 4
632, 2
633, 3
634, 5
635, 3
636, 1
637, 2
638, 1
639, 1
640, 3
641, 3
642, 2
644, 3
645, 4
646, 3
647, 3
648, 3
649, 1
650, 2
651, 4
652, 4
653, 1
654, 1
655, 1
656, 5
657, 4
658, 2
659, 2
660, 2
661, 5
662, 2
663, 3
664, 2
665, 3
666, 4
667, 4
668, 3
669, 4
670, 5
671, 4
672, 2
673, 2
674, 4
675, 3
676, 5
677, 5
678, 3
679, 3
680, 2
681, 6
682, 3
683, 7
684, 4
685, 8
686, 3
687, 5
688, 5
689, 3
690, 7
691, 5
692, 2
693, 3
694, 4
695, 4
697, 5
698, 4
699, 3
700, 3
701, 6
702, 2
703, 3
704, 1
705, 2
706, 2
707, 3
708, 1
709, 1
710, 1
711, 1
712, 1
713, 1
714, 2
715, 2
716, 3
717, 1
718, 4
719, 5
720, 3
721, 2
722, 2
724, 2
725, 2
726, 3
727, 1
728, 3
729, 2
730, 2
731, 5
732, 1
733, 5
734, 1
735, 2
736, 3
737, 4
738, 2
740, 2
741, 5
742, 1
743, 4
744, 3
746, 5
747, 3
748, 2
749, 3
750, 3
751, 4
752, 3
753, 5
754, 1
755, 5
756, 5
757, 3
758, 4
759, 3
760, 2
761, 6
762, 4
763, 3
764, 2
765, 5
766, 4
767, 2
768, 7
769, 4
770, 7
771, 5
772, 4
773, 5
774, 4
775, 4
776, 7
777, 3
778, 3
779, 2
780, 4
781, 3
782, 3
783, 4
784, 5
785, 2
786, 5
787, 3
788, 4
789, 1
790, 1
791, 3
792, 1
793, 2
794, 2
795, 1
796, 1
798, 1
799, 3
800, 2
802, 3
803, 2
804, 5
805, 5
806, 1
807, 2
808, 2
810, 3
811, 1
812, 4
813, 1
814, 3
815, 1
816, 2
817, 5
818, 2
819, 4
820, 1
821, 2
822, 5
823, 4
826, 6
827, 2
828, 4
829, 1
830, 2
831, 4
832, 3
833, 1
834, 3
835, 3
836, 3
837, 4
838, 4
839, 3
840, 4
841, 5
842, 3
843, 3
844, 3
845, 4
846, 4
847, 5
848, 4
849, 1
850, 5
851, 3
852, 6
853, 2
854, 6
855, 5
856, 8
857, 3
858, 5
859, 4
860, 2
861, 8
862, 5
863, 3
864, 3
865, 1
866, 6
867, 1
868, 7
869, 1
870, 4
871, 3
872, 5
873, 2
874, 3
876, 3
877, 2
878, 3
879, 2
881, 1
882, 1
884, 3
885, 1
886, 2
887, 2
888, 3
889, 3
890, 6
891, 3
893, 2
894, 1
895, 2
896, 1
897, 5
899, 2
900, 3
901, 1
902, 4
903, 5
904, 3
905, 1
906, 2
907, 2
908, 6
909, 1
911, 2
912, 5
913, 3
914, 2
915, 2
916, 1
917, 5
918, 2
919, 4
920, 2
921, 4
922, 3
923, 3
924, 5
925, 2
926, 6
927, 3
928, 3
929, 2
930, 5
931, 1
932, 5
933, 6
934, 2
935, 3
936, 3
937, 4
938, 6
939, 3
940, 6
941, 7
942, 4
943, 6
944, 5
945, 2
946, 6
947, 7
948, 3
949, 3
950, 2
951, 4
952, 3
953, 2
954, 6
955, 4
956, 2
957, 4
958, 2
959, 4
960, 2
962, 4
963, 2
964, 1
965, 2
966, 1
968, 1
969, 2
970, 2
971, 1
972, 2
973, 2
974, 4
975, 4
976, 4
977, 2
978, 1
979, 2
980, 1
981, 2
982, 1
983, 4
984, 2
985, 3
986, 1
987, 1
988, 6
989, 4
990, 1
991, 1
992, 4
993, 3
994, 4
997, 6
998, 1
999, 5
1000, 2
1001, 1
1002, 4
1003, 3
1004, 2
1005, 2
1006, 3
1007, 4
1008, 3
1009, 4
1010, 3
1011, 5
1012, 4
1013, 3
1014, 4
1015, 2
1016, 4
1017, 1
1018, 9
1019, 3
1020, 2
1021, 4
1022, 3
1023, 5
1024, 4
1025, 5
1026, 6
1027, 6
1028, 3
1029, 7
1030, 3
1031, 4
1032, 5
1033, 6
1034, 4
1035, 2
1036, 3
1037, 3
1038, 3
1039, 4
1040, 3
1041, 4
1042, 2
1043, 5
1044, 5
1045, 1
1046, 1
1047, 3
1048, 1
1049, 2
1050, 2
1051, 2
1053, 1
1055, 4
1056, 1
1057, 1
1058, 3
1060, 5
1061, 7
1062, 2
1064, 2
1065, 1
1066, 2
1067, 1
1068, 5
1069, 1
1070, 3
1072, 3
1073, 4
1074, 3
1075, 4
1077, 3
1078, 2
1079, 6
1080, 1
1082, 3
1083, 3
1084, 2
1085, 3
1086, 4
1087, 2
1088, 2
1089, 3
1090, 3
1091, 3
1092, 3
1093, 4
1094, 4
1095, 4
1096, 3
1097, 5
1098, 3
1099, 4
1100, 3
1101, 2
1102, 3
1103, 6
1104, 4
1105, 3
1106, 4
1107, 1
1108, 5
1109, 5
1110, 5
1111, 7
1112, 4
1113, 4
1114, 6
1115, 5
1116, 3
1117, 4
1118, 6
1119, 4
1120, 4
1121, 1
1122, 5
1123, 2
1124, 3
1125, 6
1126, 4
1127, 2
1128, 5
1129, 1
1130, 4
1131, 2
1132, 1
1133, 3
1134, 1
1135, 3
1136, 1
1137, 1
1138, 1
1140, 1
1141, 3
1142, 1
1143, 2
1144, 2
1145, 4
1146, 3
1147, 6
1148, 1
1149, 1
1150, 2
1151, 2
1152, 1
1153, 1
1154, 5
1155, 2
1156, 1
1157, 2
1158, 3
1159, 4
1160, 3
1161, 2
1162, 2
1163, 2
1164, 5
1165, 2
1166, 1
1167, 1
1168, 2
1169, 4
1170, 5
1171, 2
1172, 1
1173, 4
1174, 3
1175, 2
1176, 3
1177, 1
1178, 5
1179, 3
1180, 6
1181, 1
1182, 6
1183, 3
1184, 3
1185, 3
1186, 3
1187, 4
1188, 3
1189, 5
1190, 5
1191, 1
1192, 4
1193, 4
1194, 5
1195, 4
1196, 7
1197, 3
1198, 5
1199, 6
1200, 5
1201, 4
1202, 4
1203, 6
1204, 5
1205, 3
1206, 3
1207, 2
1208, 5
1209, 2
1210, 5
1211, 2
1212, 4
1213, 3
1214, 4
1215, 2
1216, 4
1217, 1
1218, 3
1219, 1
1220, 3
1222, 2
1223, 1
1224, 1
1226, 3
1227, 2
1228, 1
1229, 3
1230, 2
1231, 2
1232, 5
1233, 5
1235, 2
1236, 2
1237, 1
1238, 2
1239, 2
1240, 3
1241, 2
1242, 2
1243, 2
1244, 4
1245, 3
1246, 4
1247, 1
1248, 1
1249, 5
1250, 4
1251, 1
1253, 3
1254, 4
1255, 2
1256, 4
1257, 2
1258, 1
1259, 4
1260, 4
1261, 1
1262, 4
1263, 5
1264, 1
1265, 3
1266, 5
1267, 4
1268, 1
1269, 7
1270, 2
1271, 4
1272, 2
1273, 4
1274, 6
1275, 4
1276, 2
1277, 1
1278, 6
1279, 5
1280, 3
1281, 5
1282, 7
1283, 4
1284, 6
1285, 5
1286, 4
1287, 5
1288, 2
1289, 9
1290, 1
1291, 4
1292, 2
1293, 6
1295, 3
1296, 6
1297, 2
1298, 4
1299, 4
1300, 3
1301, 4
1303, 2
1304, 3
1305, 1
1306, 3
1307, 1
1308, 1
1309, 1
1311, 3
1312, 1
1313, 1
1314, 3
1315, 2
1316, 2
1317, 7
1318, 2
1319, 2
1320, 2
1321, 1
1322, 1
1323, 3
1324, 1
1325, 3
1326, 2
1327, 2
1328, 1
1329, 4
1330, 4
1331, 2
1332, 3
1333, 2
1334, 2
1335, 5
1336, 3
1338, 1
1339, 3
1340, 2
1341, 6
1342, 2
1343, 2
1344, 2
1345, 5
1347, 2
1348, 4
1349, 3
1350, 4
1351, 3
1352, 4
1353, 5
1354, 2
1355, 7
1357, 4
1358, 4
1359, 4
1360, 7
1361, 2
1362, 1
1363, 4
1364, 5
1365, 3
1366, 5
1367, 6
1368, 6
1369, 5
1370, 3
1371, 7
1372, 4
1373, 3
1374, 8
1375, 4
1376, 2
1377, 3
1378, 3
1379, 4
1380, 1
1381, 6
1382, 3
1383, 3
1384, 4
1385, 3
1386, 5
1387, 1
1388, 1
1389, 3
1390, 1
1391, 3
1392, 1
1393, 2
1395, 1
1397, 2
1398, 3
1399, 1
1400, 3
1401, 2
1402, 4
1403, 5
1404, 3
1405, 1
1406, 2
1408, 3
1409, 1
1410, 4
1411, 1
1412, 2
1413, 2
1414, 3
1415, 3
1416, 3
1417, 4
1419, 3
1420, 4
1421, 5
1423, 1
1425, 6
1426, 5
1427, 1
1428, 1
1429, 3
1430, 3
1431, 3
1432, 3
1433, 2
1434, 2
1435, 4
1436, 5
1437, 4
1438, 4
1439, 4
1440, 4
1441, 3
1442, 3
1443, 4
1444, 2
1445, 7
1446, 2
1447, 3
1448, 3
1449, 3
1450, 5
1451, 5
1452, 3
1453, 6
1454, 9
1455, 3
1456, 6
1457, 4
1458, 3
1459, 6
1460, 6
1461, 2
1462, 3
1463, 1
1464, 5
1465, 3
1466, 3
1467, 4
1468, 5
1469, 2
1470, 3
1471, 4
1472, 4
1473, 1
1474, 1
1475, 3
1476, 2
1477, 1
1478, 2
1479, 1
1481, 2
1482, 1
1483, 2
1484, 2
1485, 1
1486, 2
1487, 4
1488, 3
1489, 5
1490, 2
1491, 1
1492, 2
1493, 1
1494, 3
1495, 2
1496, 3
1498, 4
1500, 3
1501, 4
1502, 5
1503, 1
1504, 3
1505, 2
1506, 5
1507, 2
1509, 1
1510, 4
1511, 2
1512, 5
1513, 2
1514, 1
1515, 4
1516, 3
1517, 2
1518, 3
1519, 2
1520, 6
1521, 1
1522, 5
1523, 2
1524, 5
1525, 4
1526, 4
1527, 3
1528, 2
1529, 4
1530, 4
1531, 4
1532, 6
1533, 1
1534, 4
1535, 3
1536, 6
1537, 4
1538, 4
1539, 6
1540, 6
1541, 3
1542, 8
1543, 3
1544, 3
1545, 8
1546, 4
1547, 3
1548, 2
1549, 2
1550, 5
1551, 2
1552, 6
1553, 3
1554, 3
1555, 3
1556, 3
1557, 6
1559, 2
1560, 2
1561, 1
1562, 3
1563, 1
1564, 1
1565, 2
1567, 2
1568, 1
1569, 2
1570, 1
1571, 3
1572, 2
1573, 3
1574, 6
1575, 3
1576, 1
1577, 1
1578, 1
1579, 2
1580, 2
1581, 4
1582, 1
1583, 2
1584, 2
1585, 2
1586, 5
1587, 1
1588, 5
1590, 3
1591, 4
1592, 4
1593, 1
1595, 4
1596, 2
1597, 6
1598, 2
1600, 4
1601, 3
1602, 3
1603, 3
1604, 1
1605, 3
1606, 5
1607, 1
1608, 5
1609, 3
1610, 4
1611, 7
1612, 2
1613, 2
1614, 5
1615, 2
1616, 7
1617, 3
1618, 2
1619, 3
1620, 2
1621, 7
1622, 5
1623, 3
1624, 4
1625, 8
1626, 5
1627, 3
1628, 7
1629, 4
1630, 6
1631, 5
1632, 2
1633, 4
1635, 7
1636, 1
1637, 4
1638, 4
1639, 4
1640, 2
1641, 4
1642, 3
1643, 4
1644, 1
1645, 1
1646, 3
1647, 2
1648, 1
1649, 2
1650, 1
1651, 1
1652, 1
1653, 1
1654, 3
1655, 1
1656, 1
1657, 4
1658, 2
1659, 6
1660, 3
1661, 1
1662, 2
1663, 1
1664, 2
1665, 2
1666, 2
1667, 3
1668, 1
1669, 2
1670, 2
1671, 4
1672, 3
1673, 5
1675, 3
1676, 2
1677, 6
1678, 1
1680, 1
1681, 3
1682, 7
1683, 1
1684, 2
1685, 1
1686, 4
1687, 3
1688, 1
1689, 5
1690, 1
1691, 6
1692, 1
1693, 6
1694, 2
1695, 6
1696, 3
1697, 2
1698, 4
1699, 2
1700, 4
1701, 5
1702, 5
1703, 4
1704, 1
1705, 4
1706, 6
1707, 3
1708, 3
1709, 7
1710, 5
1711, 5
1712, 5
1713, 7
1714, 2
1715, 4
1716, 8
1717, 3
1718, 3
1719, 2
1720, 5
1721, 2
1722, 2
1723, 5
1724, 6
1726, 3
1727, 4
1728, 5
1729, 1
1730, 1
1731, 2
1732, 3
1733, 2
1734, 2
1736, 1
1737, 1
1738, 2
1740, 3
1741, 1
1742, 3
1743, 3
1744, 2
1745, 7
1746, 1
1747, 2
1748, 2
1749, 1
1750, 2
1751, 1
1752, 4
1753, 1
1754, 3
1755, 1
1756, 2
1757, 5
1758, 2
1759, 4
1760, 1
1761, 3
1762, 3
1763, 4
1764, 1
1766, 3
1767, 4
1768, 4
1769, 2
1770, 2
1772, 5
1773, 3
1774, 3
1775, 2
1776, 4
1777, 4
1778, 3
1779, 4
1780, 5
1781, 3
1782, 4
1783, 3
1784, 2
1785, 5
1786, 3
1787, 5
1788, 3
1789, 3
1790, 3
1791, 5
1792, 3
1793, 4
1794, 5
1795, 6
1796, 6
1797, 5
1798, 7
1799, 3
1800, 4
1801, 7
1802, 3
1803, 3
1804, 3
1805, 2
1806, 4
1807, 3
1808, 3
1809, 5
1810, 4
1811, 2
1812, 3
1813, 4
1814, 4
1815, 1
1816, 2
1817, 2
1818, 2
1819, 1
1820, 2
1821, 1
1822, 1
1824, 1
1825, 2
1826, 2
1827, 4
1828, 1
1829, 3
1830, 5
1831, 4
1832, 1
1833, 2
1834, 1
1835, 2
1836, 2
1837, 3
1838, 1
1839, 1
1840, 4
1841, 1
1842, 4
1843, 3
1844, 5
1846, 2
1847, 4
1848, 4
1849, 2
1851, 2
1852, 4
1853, 2
1854, 4
1855, 2
1856, 2
1857, 4
1858, 3
1859, 1
1860, 4
1861, 2
1862, 6
1864, 5
1865, 3
1866, 5
1867, 4
1868, 4
1869, 2
1870, 4
1871, 3
1872, 5
1873, 4
1874, 4
1876, 5
1877, 7
1878, 2
1879, 4
1880, 6
1881, 5
1882, 6
1883, 4
1884, 5
1885, 5
1886, 4
1887, 7
1888, 3
1889, 2
1890, 3
1891, 4
1892, 3
1893, 2
1894, 6
1895, 2
1896, 4
1897, 4
1898, 3
1899, 4
1900, 2
1902, 4
1904, 3
1905, 2
1907, 1
1908, 1
1909, 1
1910, 3
1911, 1
1912, 1
1913, 2
1914, 3
1915, 6
1916, 4
1918, 3
1919, 2
1920, 1
1921, 1
1922, 3
1923, 3
1924, 2
1925, 2
1926, 2
1927, 2
1928, 1
1929, 6
1930, 3
1931, 1
1932, 3
1933, 5
1934, 3
1937, 4
1938, 3
1939, 5
1940, 1
1941, 2
1942, 3
1943, 2
1944, 3
1945, 2
1946, 4
1947, 2
1948, 4
1949, 6
1950, 3
1951, 3
1952, 3
1953, 5
1954, 2
1955, 4
1956, 2
1957, 3
1958, 8
1959, 3
1960, 2
1961, 4
1962, 5
1963, 3
1964, 5
1965, 5
1966, 3
1967, 7
1968, 4
1969, 8
1970, 2
1971, 4
1972, 4
1973, 7
1974, 3
1975, 2
1976, 2
1977, 7
1978, 1
1979, 5
1980, 2
1981, 5
1982, 2
1983, 4
1984, 4
1985, 3
1987, 4
1988, 1
1989, 2
1990, 1
1991, 2
1992, 1
1994, 2
1995, 1
1996, 2
1997, 2
1998, 2
1999, 2
2000, 2
2001, 7
2002, 3
2003, 1
2004, 2
2005, 1
2006, 2
2007, 1
2008, 5
2009, 1
2010, 3
2011, 1
2012, 1
2013, 3
2014, 4
2015, 5
2016, 1
2017, 1
2018, 4
2019, 5
2020, 1
2023, 4
2024, 4
2025, 4
2026, 2
2027, 2
2028, 2
2029, 3
2030, 4
2031, 3
2032, 3
2033, 4
2034, 2
2035, 5
2036, 2
2037, 4
2038, 6
2039, 3
2040, 2
2041, 4
2042, 2
2043, 7
2044, 5
2045, 2
2046, 1
2047, 4
2048, 5
2049, 4
2050, 5
2051, 6
2052, 4
2053, 7
2054, 6
2055, 3
2056, 4
2057, 4
2058, 6
2059, 4
2060, 3
2061, 2
2062, 6
2063, 1
2064, 2
2065, 4
2066, 4
2067, 5
2068, 2
2069, 4
2070, 5
2072, 2
2073, 2
2074, 2
2075, 2
2076, 2
2078, 1
2079, 1
2080, 1
2081, 2
2082, 2
2083, 1
2084, 4
2085, 1
2086, 7
2087, 1
2088, 4
2089, 2
2091, 1
2092, 3
2093, 2
2094, 2
2095, 2
2096, 3
2097, 1
2098, 4
2099, 3
2100, 1
2101, 5
2102, 2
2103, 1
2104, 6
2105, 3
2107, 1
2108, 3
2109, 3
2110, 5
2111, 1
2112, 2
2113, 3
2114, 3
2115, 2
2116, 3
2117, 2
2118, 3
2119, 5
2120, 5
2121, 2
2122, 5
2123, 1
2124, 6
2125, 3
2126, 3
2127, 4
2128, 2
2129, 5
2130, 5
2131, 2
2132, 3
2133, 3
2134, 6
2135, 3
2136, 4
2137, 7
2138, 6
2139, 3
2140, 9
2141, 3
2142, 3
2143, 8
2144, 2
2145, 4
2146, 3
2147, 3
2148, 4
2149, 1
2150, 6
2151, 3
2152, 3
2153, 3
2154, 5
2155, 2
2156, 4
2158, 2
2159, 3
2160, 2
2161, 3
2163, 1
2164, 1
2165, 1
2166, 2
2167, 2
2168, 1
2169, 3
2170, 1
2171, 4
2172, 4
2173, 4
2174, 1
2175, 1
2176, 2
2177, 2
2178, 1
2179, 5
2181, 4
2182, 1
2183, 2
2184, 1
2185, 6
2186, 4
2188, 2
2189, 5
2190, 4
2191, 1
2193, 2
2194, 4
2195, 4
2196, 2
2197, 3
2199, 5
2200, 2
2201, 3
2202, 3
2203, 4
2204, 3
2205, 1
2206, 6
2207, 2
2208, 4
2209, 4
2210, 5
2211, 2
2212, 3
2213, 3
2214, 3
2215, 8
2216, 2
2217, 3
2218, 4
2219, 5
2220, 3
2221, 3
2222, 6
2223, 6
2224, 6
2225, 5
2226, 5
2227, 4
2228, 6
2229, 5
2230, 2
2231, 3
2232, 3
2233, 5
2234, 3
2235, 3
2236, 3
2237, 3
2238, 4
2239, 3
2240, 4
2241, 4
2242, 1
2243, 1
2244, 4
2245, 2
2246, 1
2247, 2
2249, 1
2250, 1
2251, 2
2252, 2
2253, 2
2255, 4
2256, 2
2257, 3
2258, 6
2259, 2
2260, 1
2261, 2
2262, 1
2263, 2
2264, 1
2265, 4
2266, 1
2267, 3
2268, 1
2269, 3
2270, 4
2271, 4
2272, 2
2273, 1
2274, 3
2275, 4
2276, 4
2278, 1
2279, 4
2280, 1
2281, 6
2282, 2
2283, 1
2284, 3
2285, 3
2286, 2
2287, 2
2288, 3
2289, 6
2290, 2
2291, 5
2292, 3
2293, 2
2294, 5
2295, 4
2296, 3
2297, 3
2298, 4
2299, 1
2300, 7
2301, 6
2302, 1
2303, 1
2304, 6
2305, 6
2306, 3
2307, 5
2308, 6
2309, 5
2310, 4
2311, 8
2312, 2
2313, 3
2314, 7
2315, 4
2316, 4
2317, 3
2319, 7
2320, 1
2321, 4
2322, 5
2323, 3
2324, 2
2325, 5
2326, 4
2327, 2
2328, 1
2329, 2
2330, 2
2331, 3
2332, 2
2334, 1
2335, 1
2336, 1
2337, 2
2338, 2
2339, 1
2340, 2
2341, 3
2342, 1
2343, 7
2344, 3
2345, 1
2346, 2
2347, 1
2348, 2
2349, 1
2350, 3
2351, 3
2352, 2
2353, 2
2354, 2
2355, 4
2356, 2
2357, 5
2358, 1
2359, 1
2360, 5
2361, 4
2362, 1
2364, 3
2365, 3
2366, 3
2367, 4
2368, 1
2369, 2
2370, 4
2371, 3
2372, 2
2373, 3
2374, 4
2375, 3
2376, 1
2377, 4
2378, 5
2379, 3
2380, 6
2381, 3
2382, 3
2383, 2
2384, 5
2385, 3
2386, 7
2387, 1
2388, 4
2389, 5
2390, 2
2391, 6
2392, 2
2393, 6
2394, 5
2395, 8
2396, 5
2397, 5
2398, 2
2399, 4
2400, 7
2401, 3
2402, 4
2403, 1
2404, 5
2405, 2
2406, 2
2407, 6
2408, 3
2409, 3
2410, 6
2411, 1
2412, 5
2414, 1
2415, 3
2416, 1
2417, 3
2418, 2
2420, 2
2422, 1
2423, 3
2424, 1
2425, 1
2426, 3
2427, 4
2428, 3
2429, 4
2430, 3
2431, 1
2432, 2
2433, 2
2434, 1
2435, 2
2436, 3
2437, 1
2438, 3
2439, 1
2440, 3
2441, 3
2442, 4
2443, 3
2444, 2
2445, 3
2446, 4
2447, 3
2449, 1
2450, 3
2451, 3
2452, 4
2453, 2
2454, 2
2455, 3
2456, 4
2457, 2
2458, 4
2460, 5
2461, 2
2462, 4
2463, 4
2464, 4
2465, 4
2466, 4
2467, 3
2468, 4
2469, 4
2470, 2
2471, 6
2472, 4
2473, 1
2474, 3
2475, 6
2476, 3
2477, 4
2478, 5
2479, 6
2480, 7
2481, 4
2482, 6
2483, 3
2484, 4
2485, 7
2486, 4
2487, 2
2488, 4
2489, 1
2490, 5
2491, 2
2492, 3
2493, 5
2494, 4
2495, 3
2496, 4
2497, 2
2498, 4
2499, 2
2501, 3
2502, 3
2503, 2
2504, 1
2506, 1
2508, 3
2509, 2
2510, 2
2511, 1
2512, 3
2513, 2
2514, 7
2515, 3
2517, 1
2518, 3
2519, 1
2520, 2
2521, 2
2522, 2
2523, 3
2524, 1
2525, 2
2526, 4
2527, 3
2528, 4
2529, 1
2530, 3
2531, 4
2532, 4
2533, 1
2535, 2
2536, 5
2537, 3
2538, 2
2539, 2
2540, 3
2541, 3
2542, 3
2543, 1
2544, 4
2545, 5
2546, 1
2547, 2
2548, 5
2549, 3
2550, 4
2551, 6
2552, 4
2553, 2
2554, 3
2555, 4
2556, 4
2557, 6
2558, 2
2559, 2
2560, 5
2561, 4
2562, 5
2563, 3
2564, 9
2565, 2
2566, 6
2567, 5
2568, 5
2569, 2
2570, 6
2571, 6
2572, 3
2573, 3
2574, 2
2575, 5
2576, 3
2577, 2
2578, 5
2579, 2
2580, 5
2581, 1
2582, 5
2583, 4
2584, 2
2585, 2
2586, 2
2587, 1
2588, 2
2589, 2
2591, 2
2593, 2
2594, 3
2595, 1
2596, 1
2597, 2
2598, 3
2599, 5
2600, 5
2601, 1
2602, 1
2603, 1
2604, 2
2605, 2
2606, 2
2607, 3
2608, 1
2609, 3
2610, 2
2611, 2
2612, 4
2613, 5
2614, 1
2615, 2
2616, 3
2617, 2
2618, 5
2621, 4
2622, 3
2623, 5
2624, 2
2625, 1
2626, 3
2627, 2
2628, 4
2629, 4
2630, 2
2631, 4
2632, 3
2633, 4
2634, 2
2635, 3
2636, 3
2637, 7
2638, 3
2639, 3
2640, 3
2641, 4
2642, 6
2643, 2
2644, 2
2645, 3
2646, 7
2647, 2
2648, 5
2649, 5
2650, 6
2651, 6
2652, 4
2653, 6
2654, 4
2655, 2
2656, 6
2657, 6
2658, 3
2659, 2
2660, 4
2661, 3
2662, 3
2663, 6
2664, 1
2665, 5
2666, 2
2667, 5
2668, 4
2669, 1
2670, 1
2671, 3
2672, 1
2673, 2
2674, 2
2675, 1
2676, 1
2677, 1
2678, 1
2679, 2
2680, 1
2681, 2
2682, 2
2683, 4
2684, 4
2685, 4
2686, 1
2687, 2
2688, 3
2690, 2
2691, 1
2692, 5
2693, 1
2694, 2
2695, 2
2696, 1
2697, 6
2698, 2
2699, 4
2700, 1
2701, 2
2702, 3
2703, 6
2706, 3
2707, 3
2708, 4
2709, 3
2710, 1
2711, 4
2712, 1
2713, 4
2714, 1
2715, 4
2716, 3
2717, 4
2718, 3
2719, 4
2720, 3
2721, 4
2722, 6
2723, 3
2724, 1
2725, 6
2727, 9
2728, 2
2729, 3
2730, 2
2731, 4
2732, 4
2733, 6
2734, 4
2735, 7
2736, 5
2737, 5
2738, 4
2739, 6
2740, 2
2741, 5
2742, 6
2743, 4
2744, 2
2745, 2
2746, 5
2747, 3
2748, 4
2749, 2
2750, 3
2751, 5
2752, 4
2753, 3
2754, 4
2756, 1
2757, 4
2758, 1
2759, 2
2760, 2
2761, 1
2762, 1
2764, 2
2765, 3
2766, 1
2767, 2
2768, 1
2769, 4
2770, 3
2771, 5
2772, 2
2773, 2
2774, 1
2775, 1
2776, 3
2778, 4
2779, 1
2780, 4
2781, 1
2782, 4
2783, 3
2784, 3
2785, 2
2786, 1
2787, 3
2788, 5
2789, 3
2791, 1
2792, 5
2793, 2
2794, 4
2795, 2
2796, 1
2797, 4
2798, 3
2799, 1
2800, 3
2801, 4
2802, 5
2803, 1
2804, 5
2805, 2
2806, 5
2807, 4
2808, 4
2809, 1
2810, 5
2811, 3
2812, 3
2813, 5
2814, 5
2815, 1
2816, 5
2817, 4
2818, 3
2819, 5
2820, 7
2821, 7
2822, 2
2823, 7
2824, 4
2825, 3
2826, 5
2827, 5
2828, 5
2829, 4
2830, 2
2831, 2
2832, 5
2833, 1
2834, 5
2835, 4
2836, 4
2837, 3
2838, 4
2839, 4
2840, 1
2841, 2
2842, 2
2843, 2
2844, 2
2845, 2
2846, 1
2848, 1
2849, 1
2850, 2
2851, 1
2852, 2
2853, 3
2854, 2
2855, 3
2856, 6
2857, 3
2858, 1
2859, 1
2860, 1
2861, 3
2862, 1
2863, 2
2864, 3
2865, 2
2866, 2
2867, 2
2868, 5
2869, 4
2870, 2
2871, 2
2872, 2
2873, 3
2874, 5
2876, 1
2877, 3
2878, 2
2879, 6
2880, 1
2881, 1
2882, 1
2883, 5
2884, 4
2885, 1
2886, 4
2887, 3
2888, 4
2889, 1
2890, 6
2891, 4
2892, 2
2893, 6
2894, 3
2895, 2
2896, 4
2897, 2
2898, 6
2899, 4
2900, 3
2901, 4
2902, 1
2903, 6
2904, 4
2905, 4
2906, 9
2907, 2
2908, 7
2909, 7
2910, 2
2911, 5
2912, 3
2913, 6
2914, 4
2915, 3
2916, 1
2917, 7
2918, 1
2919, 4
2920, 3
2921, 2
2922, 5
2923, 4
2924, 3
2925, 4
2927, 2
2928, 3
2929, 2
2930, 3
2932, 1
2934, 1
2935, 2
2936, 2
2937, 2
2938, 1
2939, 2
2940, 3
2941, 7
2942, 3
2943, 1
2944, 3
2946, 2
2947, 2
2948, 3
2949, 1
2950, 3
2951, 1
2952, 2
2953, 4
2954, 3
2955, 4
2956, 1
2957, 2
2958, 4
2959, 3
2960, 3
2962, 1
2963, 3
2964, 4
2965, 4
2966, 2
2967, 2
2968, 3
2969, 3
2970, 2
2971, 2
2972, 3
2973, 4
2974, 3
2975, 5
2976, 3
2977, 4
2978, 4
2979, 5
2980, 3
2981, 2
2982, 4
2983, 3
2984, 5
2985, 4
2986, 2
2987, 3
2988, 5
2989, 5
2990, 3
2991, 7
2992, 6
2993, 4
2994, 4
2995, 6
2996, 5
2997, 3
2998, 7
2999, 4
3000, 2
3001, 3
3002, 4
3003, 3
3004, 2
3005, 6
3006, 2
3007, 5
3008, 3
3009, 3
3010, 4
3011, 1
3012, 1
3013, 3
3014, 1
3015, 3
3016, 2
3017, 1
3019, 1
3020, 1
3021, 2
3022, 2
3023, 1
3024, 3
3025, 1
3026, 6
3027, 5
3028, 2
3029, 1
3030, 2
3031, 1
3032, 1
3033, 2
3034, 2
3035, 4
3036, 1
3037, 2
3038, 3
3039, 4
3040, 2
3041, 4
3042, 1
3043, 4
3045, 7
3048, 5
3049, 1
3050, 6
3051, 1
3052, 1
3053, 2
3054, 3
3055, 4
3056, 2
3057, 3
3058, 5
3059, 2
3060, 3
3061, 5
3062, 3
3063, 3
3064, 5
3065, 3
3066, 3
3067, 4
3068, 4
3069, 4
3070, 4
3071, 3
3072, 3
3073, 4
3074, 3
3075, 7
3076, 4
3077, 5
3078, 7
3079, 4
3080, 5
3081, 4
3082, 4
3083, 5
3084, 6
3085, 4
3086, 2
3087, 2
3088, 5
3089, 1
3090, 6
3091, 3
3092, 3
3093, 3
3094, 5
3095, 2
3096, 4
3097, 1
3098, 2
3099, 2
3100, 3
3102, 2
3104, 2
3106, 2
3107, 3
3109, 2
3110, 3
3111, 2
3112, 6
3113, 4
3114, 2
3115, 2
3117, 1
3118, 3
3119, 1
3120, 4
3121, 1
3122, 3
3123, 2
3124, 2
3125, 4
3126, 4
3127, 1
3128, 3
3129, 2
3130, 4
3131, 3
3133, 2
3134, 4
3135, 5
3136, 1
3137, 2
3138, 1
3139, 4
3140, 4
3141, 1
3142, 3
3143, 4
3144, 3
3145, 4
3146, 2
3147, 3
3148, 5
3149, 5
3150, 4
3151, 3
3152, 1
3153, 5
3154, 4
3155, 6
3156, 3
3157, 1
3158, 5
3159, 4
3160, 4
3161, 4
3162, 6
3163, 7
3164, 2
3165, 7
3166, 5
3167, 4
3168, 6
3169, 4
3170, 4
3171, 3
3172, 2
3173, 4
3174, 3
3175, 2
3176, 6
3177, 2
3178, 5
3179, 3
3180, 3
3181, 5
3183, 1
3184, 3
3185, 3
3186, 1
3187, 2
3189, 2
3191, 1
3192, 3
3193, 1
3194, 2
3195, 2
3196, 3
3197, 1
3198, 7
3199, 2
3200, 2
3201, 2
3203, 1
3204, 3
3205, 4
3206, 1
3207, 3
3208, 1
3209, 3
3210, 4
3211, 2
3212, 4
3213, 1
3214, 2
3215, 6
3216, 3
3218, 1
3219, 1
3220, 4
3221, 4
3222, 2
3223, 3
3224, 3
3225, 3
3226, 3
3227, 3
3228, 1
3229, 3
3230, 5
3231, 4
3232, 3
3233, 2
3234, 3
3235, 6
3236, 3
3237, 3
3238, 3
3239, 3
3240, 7
3241, 4
3242, 3
3244, 7
3245, 4
3246, 4
3247, 4
3248, 6
3249, 7
3250, 4
3251, 6
3252, 3
3253, 4
3254, 7
3255, 3
3256, 4
3257, 4
3258, 1
3259, 6
3260, 2
3261, 3
3262, 3
3263, 3
3264, 4
3265, 4
3266, 4
3267, 3
3268, 1
3269, 2
3270, 2
3271, 2
3272, 1
3273, 2
3274, 1
3276, 1
3277, 3
3278, 1
3279, 2
3280, 2
3281, 2
3282, 3
3283, 4
3284, 4
3285, 2
3286, 2
3287, 1
3288, 1
3289, 3
3290, 2
3291, 3
3292, 2
3293, 2
3294, 1
3295, 4
3296, 3
3297, 4
3298, 1
3299, 2
3300, 3
3301, 4
3302, 2
3303, 1
3304, 1
3305, 5
3306, 2
3307, 5
3308, 1
3309, 2
3310, 1
3311, 6
3312, 1
3313, 4
3314, 2
3315, 5
3316, 3
3317, 4
3318, 2
3319, 6
3320, 2
3321, 4
3322, 3
3323, 6
3324, 1
3325, 3
3326, 7
3327, 3
3328, 2
3329, 3
3330, 6
3331, 4
3332, 3
3333, 6
3334, 5
3335, 7
3336, 5
3337, 4
3338, 4
3339, 5
3340, 3
3341, 6
3342, 4
3343, 1
3344, 4
3345, 3
3346, 3
3347, 3
3348, 6
3349, 1
3350, 6
3351, 2
3352, 5
3354, 2
3355, 3
3356, 1
3357, 2
3358, 2
3359, 1
3361, 1
3362, 1
3363, 2
3364, 2
3365, 2
3366, 1
3367, 3
3368, 2
3369, 8
3370, 2
3371, 1
3372, 1
3373, 2
3374, 1
3375, 2
3376, 3
3377, 2
3378, 2
3379, 2
3380, 3
3381, 5
3382, 2
3383, 3
3384, 1
3385, 2
3386, 3
3387, 6
3390, 3
3391, 4
3392, 4
3393, 3
3394, 1
3395, 2
3396, 3
3397, 3
3398, 2
3399, 4
3400, 2
3401, 4
3402, 5
3403, 4
3404, 4
3405, 3
3406, 3
3407, 4
3408, 2
3409, 5
3410, 2
3411, 6
3412, 4
3413, 2
3414, 4
3415, 4
3416, 3
3417, 4
3418, 6
3419, 6
3420, 6
3421, 4
3422, 4
3423, 7
3424, 3
3425, 3
3426, 7
3427, 3
3428, 3
3429, 1
3430, 6
3431, 3
3432, 5
3433, 1
3434, 5
3435, 1
3436, 5
3437, 4
3438, 3
3439, 1
3440, 1
3441, 3
3442, 2
3443, 2
3444, 1
3445, 1
3446, 1
3447, 1
3448, 2
3449, 2
3451, 3
3452, 2
3453, 3
3454, 7
3455, 1
3456, 3
3457, 2
3459, 2
3460, 2
3461, 1
3462, 4
3463, 1
3464, 3
3465, 1
3466, 5
3467, 2
3468, 5
3469, 1
3470, 2
3471, 3
3472, 5
3473, 1
3475, 1
3476, 5
3477, 4
3478, 3
3479, 1
3480, 2
3481, 4
3482, 1
3483, 4
3484, 3
3485, 2
3486, 4
3487, 2
3488, 7
3489, 3
3490, 3
3491, 5
3492, 3
3493, 4
3494, 2
3495, 2
3496, 5
3497, 6
3498, 3
3499, 3
3500, 4
3501, 4
3502, 3
3503, 5
3504, 6
3505, 4
3506, 6
3507, 4
3508, 7
3509, 3
3510, 4
3511, 7
3512, 4
3513, 2
3514, 2
3515, 3
3516, 4
3517, 3
3518, 5
3519, 4
3520, 3
3521, 3
3522, 2
3523, 5
3524, 1
3525, 2
3526, 3
3527, 2
3528, 1
3529, 2
3531, 2
3533, 2
3534, 1
3535, 2
3536, 1
3537, 4
3538, 2
3539, 6
3540, 3
3541, 2
3542, 1
3543, 2
3544, 1
3545, 2
3546, 3
3547, 2
3548, 2
3549, 2
3550, 1
3551, 3
3552, 4
3553, 4
3554, 2
3555, 2
3556, 1
3557, 5
3558, 3
3559, 1
3561, 4
3562, 3
3563, 3
3564, 4
3565, 1
3566, 2
3567, 4
3568, 3
3569, 1
3570, 4
3571, 5
3572, 2
3573, 5
3574, 2
3575, 5
3576, 4
3577, 3
3578, 3
3579, 3
3580, 4
3581, 3
3582, 6
3583, 3
3584, 2
3585, 3
3586, 5
3587, 5
3588, 3
3589, 4
3590, 9
3591, 4
3592, 4
3593, 7
3594, 2
3595, 5
3596, 6
3597, 5
3598, 3
3599, 3
3600, 1
3601, 6
3602, 2
3603, 4
3604, 3
3605, 4
3606, 1
3607, 6
3608, 4
3609, 2
3610, 1
3611, 2
3612, 2
3613, 3
3614, 2
3616, 1
3618, 2
3619, 2
3620, 1
3621, 2
3622, 2
3623, 1
3624, 5
3625, 5
3626, 4
3627, 1
3628, 2
3630, 2
3631, 1
3632, 3
3633, 2
3634, 3
3635, 2
3636, 3
3637, 4
3638, 2
3639, 4
3641, 2
3642, 4
3643, 6
3646, 3
3647, 4
3648, 1
3649, 6
3651, 2
3652, 3
3653, 4
3655, 5
3656, 2
3657, 6
3658, 2
3659, 4
3660, 3
3661, 4
3662, 4
3663, 5
3664, 3
3665, 3
3666, 2
3667, 7
3668, 3
3669, 3
3670, 2
3671, 3
3672, 4
3673, 5
3674, 4
3675, 6
3676, 6
3677, 6
3678, 4
3679, 7
3680, 2
3681, 4
3682, 8
3683, 2
3684, 3
3685, 2
3686, 4
3687, 3
3688, 2
3689, 7
3690, 2
3691, 3
3692, 3
3693, 5
3694, 4
3695, 1
3696, 1
3697, 3
3698, 1
3699, 2
3700, 2
3702, 2
3704, 2
3705, 2
3706, 1
3707, 2
3708, 3
3709, 3
3710, 3
3711, 4
3712, 3
3713, 1
3714, 2
3715, 1
3716, 2
3717, 3
3718, 3
3720, 2
3721, 2
3722, 4
3723, 4
3724, 1
3725, 4
3726, 2
3727, 2
3728, 6
3729, 2
3732, 4
3733, 3
3734, 5
3735, 1
3736, 2
3737, 2
3738, 5
3739, 1
3740, 4
3741, 2
3742, 6
3743, 1
3744, 5
3745, 1
3746, 6
3747, 4
3748, 3
3749, 3
3750, 3
3751, 4
3752, 3
3753, 7
3754, 2
3755, 2
3756, 4
3757, 4
3758, 5
3759, 4
3760, 4
3761, 8
3762, 5
3763, 5
3764, 5
3765, 2
3766, 5
3767, 7
3768, 4
3769, 3
3770, 3
3771, 1
3772, 6
3773, 2
3774, 4
3775, 3
3776, 5
3777, 1
3778, 5
3779, 5
3780, 1
3782, 5
3784, 3
3785, 2
3787, 1
3788, 1
3790, 3
3791, 2
3792, 1
3793, 1
3794, 4
3795, 4
3796, 4
3797, 3
3798, 1
3799, 2
3800, 1
3801, 1
3802, 3
3803, 2
3804, 3
3805, 3
3806, 1
3807, 3
3808, 1
3809, 4
3810, 5
3812, 3
3813, 4
3814, 4
3815, 1
3817, 3
3818, 3
3819, 2
3820, 5
3821, 2
3822, 1
3823, 3
3824, 4
3825, 1
3826, 4
3827, 3
3828, 5
3829, 2
3830, 5
3831, 1
3832, 7
3833, 2
3834, 4
3835, 3
3836, 4
3837, 2
3838, 7
3839, 3
3840, 3
3841, 2
3842, 4
3843, 4
3844, 6
3845, 3
3846, 8
3847, 5
3848, 5
3849, 3
3850, 6
3851, 4
3852, 4
3853, 6
3854, 3
3855, 3
3856, 2
3857, 5
3858, 2
3859, 2
3860, 6
3861, 3
3862, 4
3863, 2
3864, 5
3865, 3
3866, 1
3867, 2
3868, 2
3869, 3
3870, 1
3871, 2
3872, 1
3873, 1
3875, 2
3876, 3
3878, 2
3879, 2
3880, 3
3881, 3
3882, 5
3883, 3
3884, 2
3885, 1
3886, 1
3887, 1
3888, 2
3889, 4
3890, 3
3891, 1
3892, 1
3893, 4
3894, 4
3895, 2
3896, 3
3897, 2
3898, 3
3899, 3
3900, 3
3901, 1
3902, 1
3903, 5
3904, 1
3905, 4
3906, 3
3908, 5
3909, 3
3910, 2
3911, 4
3912, 1
3913, 4
3914, 5
3915, 3
3916, 3
3917, 4
3918, 3
3919, 6
3920, 2
3921, 2
3922, 4
3923, 2
3924, 8
3925, 3
3926, 1
3927, 4
3928, 3
3929, 6
3930, 4
3931, 7
3932, 6
3933, 4
3934, 3
3935, 7
3936, 4
3937, 3
3938, 6
3939, 4
3940, 4
3941, 3
3942, 2
3943, 5
3944, 1
3945, 7
3946, 1
3947, 4
3948, 2
3949, 6
3950, 2
3951, 3
3952, 1
3953, 2
3954, 2
3955, 3
3956, 2
3957, 1
3959, 1
3960, 1
3961, 2
3962, 2
3963, 1
3964, 3
3965, 2
3966, 3
3967, 7
3968, 2
3970, 3
3972, 2
3973, 2
3974, 3
3975, 2
3976, 1
3977, 3
3978, 1
3979, 6
3980, 1
3981, 5
3983, 3
3984, 4
3985, 3
3986, 2
3988, 1
3989, 6
3990, 5
3991, 1
3992, 1
3993, 3
3994, 2
3995, 3
3996, 2
3997, 5
3998, 1
3999, 5
4000, 3
4001, 5
4002, 4
4003, 1
4004, 7
4005, 3
4006, 3
4007, 3
4008, 2
4009, 4
4010, 5
4011, 4
4012, 1
4013, 4
4014, 7
4015, 4
4016, 3
4017, 8
4018, 5
4019, 3
4020, 6
4021, 6
4022, 3
4023, 5
4024, 5
4025, 3
4026, 3
4027, 3
4028, 6
4029, 1
4030, 3
4031, 4
4032, 2
4033, 5
4034, 4
4035, 3
4036, 4
4037, 1
4038, 1
4039, 3
4040, 1
4041, 2
4042, 2
4043, 1
4045, 1
4046, 1
4047, 4
4048, 1
4049, 2
4050, 2
4051, 3
4052, 3
4053, 5
4054, 2
4055, 2
4056, 1
4058, 3
4059, 3
4060, 2
4061, 1
4062, 4
4064, 3
4065, 5
4066, 4
4067, 1
4069, 5
4070, 5
4071, 2
4073, 1
4074, 5
4075, 1
4076, 5
4077, 1
4078, 1
4079, 4
4080, 5
4081, 1
4082, 4
4083, 1
4084, 5
4085, 2
4086, 3
4087, 5
4088, 3
4089, 4
4090, 6
4091, 2
4092, 3
4093, 3
4094, 3
4095, 7
4096, 2
4097, 2
4098, 5
4099, 3
4100, 5
4101, 4
4102, 6
4103, 6
4104, 5
4105, 3
4106, 6
4107, 5
4108, 3
4109, 8
4110, 3
4111, 3
4112, 3
4113, 3
4114, 4
4115, 1
4116, 4
4117, 5
4118, 4
4119, 2
4120, 5
4121, 3
4122, 2
4123, 1
4124, 2
4125, 3
4126, 1
4127, 3
4129, 1
4130, 1
4131, 1
4132, 2
4133, 2
4134, 2
4135, 2
4136, 3
4137, 3
4138, 4
4139, 4
4141, 2
4142, 1
4143, 1
4144, 3
4145, 3
4146, 2
4147, 2
4148, 2
4149, 2
4150, 5
4151, 1
4152, 5
4154, 3
4155, 4
4156, 4
4157, 1
4159, 3
4160, 3
4161, 4
4162, 4
4164, 3
4165, 3
4166, 2
4167, 3
4168, 4
4169, 2
4170, 4
4171, 2
4172, 5
4173, 4
4174, 5
4175, 2
4176, 4
4177, 4
4178, 4
4179, 2
4180, 3
4181, 7
4182, 2
4183, 3
4184, 4
4185, 3
4186, 5
4187, 4
4188, 7
4189, 6
4190, 3
4191, 6
4192, 6
4193, 1
4194, 6
4195, 5
4196, 5
4197, 3
4198, 1
4199, 6
4200, 2
4201, 2
4202, 5
4203, 3
4204, 4
4205, 3
4206, 3
4207, 5
4209, 2
4210, 3
4211, 1
4212, 2
4213, 2
4214, 1
4215, 1
4217, 2
4218, 2
4219, 2
4220, 2
4221, 3
4222, 2
4223, 4
4224, 5
4225, 1
4226, 2
4227, 1
4228, 1
4229, 1
4230, 3
4231, 3
4232, 1
4233, 4
4235, 4
4236, 4
4237, 4
4238, 1
4239, 2
4240, 3
4241, 2
4242, 5
4244, 1
4245, 4
4246, 5
4247, 2
4248, 2
4249, 1
4250, 4
4251, 2
4252, 3
4253, 3
4254, 2
4255, 3
4256, 4
4257, 4
4258, 4
4259, 5
4260, 3
4261, 4
4262, 3
4263, 3
4264, 4
4265, 1
4266, 8
4267, 3
4268, 2
4269, 2
4270, 6
4271, 3
4272, 6
4273, 7
4274, 6
4275, 2
4276, 3
4277, 7
4278, 5
4279, 4
4280, 7
4281, 3
4282, 2
4283, 4
4284, 2
4285, 6
4286, 1
4287, 3
4288, 4
4289, 4
4290, 2
4291, 5
4292, 4
4293, 2
4294, 2
4295, 2
4296, 1
4297, 3
4298, 1
4299, 1
4300, 1
4301, 1
4303, 2
4304, 3
4305, 1
4306, 3
4307, 1
4308, 3
4309, 7
4310, 3
4312, 2
4313, 1
4314, 2
4315, 2
4316, 3
4317, 1
4318, 4
4319, 1
4320, 1
4321, 4
4322, 3
4323, 5
4324, 1
4325, 2
4326, 3
4327, 4
4328, 2
4330, 3
4331, 3
4332, 5
4333, 2
4334, 1
4335, 4
4336, 1
4337, 4
4338, 2
4339, 4
4340, 3
4341, 4
4342, 3
4343, 3
4344, 4
4345, 5
4346, 3
4347, 4
4348, 3
4349, 4
4350, 1
4351, 9
4352, 2
4353, 2
4354, 3
4355, 4
4356, 2
4357, 6
4358, 6
4359, 6
4360, 5
4361, 4
4362, 6
4363, 4
4364, 4
4365, 8
4366, 3
4367, 2
4368, 3
4369, 3
4370, 5
4371, 2
4372, 5
4373, 3
4374, 4
4375, 1
4376, 6
4377, 1
4378, 5
4379, 1
4380, 1
4381, 3
4382, 2
4383, 1
4384, 2
4385, 1
4387, 2
4388, 1
4389, 2
4390, 1
4391, 3
4392, 1
4393, 3
4394, 7
4395, 2
4396, 2
4397, 2
4398, 1
4399, 1
4400, 2
4401, 2
4402, 4
4403, 2
4404, 1
4405, 2
4406, 2
4407, 3
4408, 6
4409, 1
4410, 1
4411, 3
4412, 5
4413, 3
4415, 1
4416, 5
4417, 1
4418, 5
4419, 2
4420, 2
4421, 2
4422, 4
4423, 2
4424, 4
4425, 1
4426, 6
4427, 1
4428, 6
4429, 1
4430, 7
4431, 2
4432, 4
4433, 3
4434, 3
4435, 3
4436, 2
4437, 9
4438, 2
4439, 2
4440, 4
4441, 4
4442, 5
4443, 3
4444, 8
4445, 3
4446, 6
4447, 6
4448, 3
4449, 6
4450, 3
4451, 6
4452, 5
4453, 2
4454, 3
4455, 2
4456, 5
4457, 1
4458, 7
4459, 2
4460, 5
4461, 3
4462, 3
4463, 3
4464, 2
4465, 2
4466, 1
4467, 3
4468, 2
4469, 2
4471, 1
4472, 1
4474, 3
4475, 3
4477, 2
4478, 3
4479, 4
4480, 5
4481, 3
4482, 1
4483, 2
4484, 1
4486, 3
4487, 3
4488, 3
4489, 1
4490, 1
4491, 4
4492, 4
4493, 2
4494, 4
4495, 1
4496, 2
4497, 6
4498, 3
4500, 1
4501, 2
4502, 4
4503, 2
4504, 4
4505, 1
4506, 3
4507, 3
4508, 3
4509, 5
4511, 4
4512, 4
4513, 2
4514, 3
4515, 7
4516, 3
4517, 3
4518, 5
4519, 1
4520, 4
4521, 2
4522, 7
4523, 4
4524, 2
4525, 2
4526, 5
4527, 3
4528, 7
4529, 1
4530, 10
4531, 5
4532, 4
4533, 5
4534, 4
4535, 4
4536, 5
4537, 6
4538, 2
4539, 4
4540, 1
4541, 6
4542, 1
4543, 3
4544, 5
4545, 4
4546, 3
4547, 5
4548, 2
4549, 4
4550, 1
4551, 1
4552, 2
4553, 2
4554, 4
4556, 1
4557, 1
4558, 1
4559, 1
4560, 3
4562, 2
4563, 4
4564, 1
4565, 7
4566, 3
4567, 1
4568, 1
4569, 2
4571, 4
4572, 2
4573, 3
4574, 2
4575, 1
4576, 2
4577, 3
4578, 3
4579, 4
4580, 2
4581, 3
4582, 2
4583, 4
4584, 3
4586, 1
4587, 2
4588, 5
4589, 4
4590, 2
4591, 2
4592, 4
4593, 2
4594, 2
4595, 4
4597, 6
4598, 4
4599, 3
4600, 3
4601, 4
4602, 5
4603, 3
4604, 4
4605, 3
4606, 2
4607, 4
4608, 6
4609, 4
4610, 1
4611, 4
4612, 4
4613, 4
4614, 3
4615, 9
4616, 5
4617, 4
4618, 3
4619, 8
4620, 3
4621, 3
4622, 6
4623, 6
4624, 3
4625, 2
4626, 4
4627, 4
4628, 1
4629, 6
4630, 2
4631, 3
4632, 3
4633, 5
4634, 3
4635, 2
4636, 1
4637, 2
4638, 3
4639, 2
4640, 2
4642, 1
4643, 1
4644, 2
4645, 2
4646, 2
4647, 1
4648, 1
4649, 4
4650, 2
4651, 7
4652, 1
4653, 2
4655, 3
4656, 1
4657, 2
4658, 4
4659, 1
4660, 2
4661, 2
4662, 3
4663, 3
4664, 4
4665, 3
4666, 1
4667, 4
4668, 4
4669, 2
4670, 1
4672, 3
4673, 4
4674, 4
4675, 3
4677, 3
4678, 3
4679, 3
4680, 2
4681, 3
4682, 3
4683, 4
4684, 1
4685, 6
4686, 4
4687, 4
4688, 5
4689, 3
4690, 2
4691, 3
4692, 3
4693, 6
4694, 5
4695, 2
4696, 2
4697, 5
4698, 5
4699, 4
4700, 4
4701, 8
4702, 4
4703, 5
4704, 4
4705, 7
4706, 2
4707, 5
4708, 6
4709, 2
4710, 4
4711, 1
4712, 7
4714, 6
4715, 2
4716, 5
4717, 2
4718, 5
4719, 1
4720, 5
4722, 3
4723, 2
4724, 3
4725, 1
4726, 1
4727, 1
4728, 1
4730, 2
4731, 2
4732, 2
4733, 3
4734, 2
4735, 3
4736, 5
4737, 2
4738, 2
4739, 3
4741, 2
4742, 2
4743, 2
4744, 3
4745, 2
4746, 2
4747, 1
4748, 3
4749, 4
4750, 4
4751, 1
4752, 3
4753, 3
4754, 5
4755, 1
4757, 1
4758, 4
4759, 5
4760, 3
4761, 1
4762, 1
4763, 3
4764, 3
4765, 3
4766, 4
4767, 1
4768, 7
4769, 2
4770, 3
4771, 3
4772, 6
4773, 2
4774, 3
4775, 4
4776, 4
4777, 3
4778, 3
4779, 7
4780, 3
4781, 3
4782, 1
4783, 5
4784, 5
4785, 3
4786, 9
4787, 3
4788, 8
4789, 4
4790, 3
4791, 3
4792, 8
4793, 4
4794, 4
4795, 2
4796, 3
4797, 4
4798, 3
4799, 3
4800, 6
4801, 2
4802, 3
4803, 4
4804, 3
4805, 5
4807, 1
4808, 3
4809, 1
4810, 3
4811, 2
4812, 1
4814, 1
4815, 1
4816, 2
4817, 2
4818, 2
4819, 3
4820, 2
4821, 3
4822, 5
4823, 2
4824, 1
4825, 3
4827, 3
4828, 1
4829, 4
4830, 1
4831, 2
4832, 2
4833, 4
4834, 4
4835, 3
4836, 2
4837, 1
4838, 4
4839, 4
4840, 3
4843, 3
4844, 4
4845, 5
4846, 2
4848, 3
4849, 3
4850, 4
4851, 1
4852, 4
4853, 3
4854, 4
4855, 3
4856, 3
4857, 5
4858, 5
4859, 2
4860, 3
4861, 3
4862, 5
4863, 1
4864, 9
4865, 3
4866, 1
4867, 3
4868, 5
4869, 4
4870, 4
4871, 5
4872, 7
4873, 4
4874, 5
4875, 5
4876, 4
4877, 5
4878, 5
4879, 4
4880, 3
4881, 4
4882, 1
4883, 5
4884, 3
4885, 6
4886, 2
4887, 3
4888, 3
4889, 6
4890, 1
4891, 4
4892, 1
4893, 1
4894, 3
4895, 2
4896, 3
4898, 1
4899, 1
4900, 1
4901, 1
4902, 3
4904, 4
4906, 5
4907, 3
4908, 5
4909, 1
4910, 3
4912, 3
4913, 1
4914, 2
4915, 2
4916, 2
4917, 2
4918, 3
4919, 2
4920, 4
4921, 4
4922, 1
4923, 3
4924, 3
4925, 5
4926, 1
4928, 2
4929, 4
4930, 3
4931, 2
4932, 3
4933, 2
4934, 4
4935, 1
4936, 3
4937, 4
4938, 1
4939, 6
4940, 1
4941, 5
4942, 5
4943, 2
4944, 5
4945, 4
4946, 3
4947, 3
4948, 3
4949, 6
4950, 3
4951, 3
4952, 3
4953, 3
4954, 4
4955, 6
4956, 3
4957, 6
4958, 6
4959, 5
4960, 5
4961, 4
4962, 5
4963, 5
4964, 5
4965, 4
4966, 2
4967, 3
4968, 5
4969, 2
4970, 2
4971, 6
4972, 2
4973, 5
4974, 4
4975, 2
4976, 4
4977, 1
4978, 1
4979, 3
4980, 1
4981, 2
4982, 3
4983, 1
4985, 1
4986, 1
4987, 3
4988, 2
4990, 3
4991, 2
4992, 5
4993, 5
4994, 2
4995, 1
4996, 2
4997, 1
4998, 2
4999, 1
5000, 4
5001, 2
5002, 2
5003, 1
5004, 3
5005, 4
5006, 2
5007, 4
5008, 1
5009, 2
5010, 4
5011, 5
5013, 1
5014, 2
5015, 4
5016, 5
5017, 1
5018, 2
5019, 3
5020, 3
5021, 3
5022, 1
5023, 3
5024, 4
5025, 5
5026, 3
5027, 3
5028, 5
5029, 4
5030, 2
5031, 5
5032, 2
5033, 4
5034, 1
5035, 9
5036, 2
5037, 2
5038, 4
5039, 4
5040, 4
5041, 5
5042, 3
5043, 9
5044, 3
5045, 5
5046, 7
5047, 4
5048, 3
5049, 4
5050, 6
5051, 3
5052, 4
5053, 2
5054, 5
5055, 1
5056, 5
5057, 3
5058, 4
5059, 3
5060, 5
5061, 2
5062, 3
5063, 1
5064, 2
5065, 2
5066, 1
5067, 3
5068, 1
5069, 1
5070, 1
5071, 1
5072, 1
5073, 2
5074, 2
5075, 3
5076, 2
5077, 3
5078, 4
5079, 5
5081, 3
5083, 1
5084, 2
5085, 3
5086, 2
5087, 3
5088, 2
5090, 4
5091, 5
5092, 4
5094, 2
5095, 6
5096, 3
5097, 1
5099, 2
5100, 5
5102, 6
5103, 1
5104, 3
5105, 2
5106, 4
5107, 1
5108, 5
5109, 1
5110, 4
5111, 5
5112, 3
5113, 2
5114, 7
5115, 2
5116, 4
5117, 2
5118, 4
5119, 3
5120, 4
5121, 6
5122, 3
5123, 1
5124, 4
5125, 6
5126, 4
5127, 2
5128, 10
5129, 3
5130, 7
5131, 6
5132, 2
5133, 3
5134, 4
5135, 7
5136, 4
5137, 4
5138, 1
5139, 3
5140, 4
5141, 3
5142, 5
5143, 3
5144, 4
5145, 4
5146, 2
5147, 4
5148, 1
5149, 2
5150, 1
5151, 3
5152, 2
5153, 2
5154, 1
5156, 1
5157, 1
5158, 3
5159, 1
5160, 3
5161, 1
5162, 2
5163, 6
5164, 5
5165, 1
5166, 1
5167, 2
5168, 1
5169, 1
5170, 2
5171, 4
5172, 1
5173, 4
5175, 4
5176, 3
5177, 4
5178, 2
5180, 3
5181, 5
5182, 4
5185, 5
5186, 2
5187, 5
5188, 2
5189, 1
5190, 2
5191, 2
5192, 5
5193, 3
5194, 1
5195, 6
5196, 2
5197, 2
5198, 6
5199, 1
5200, 5
5201, 5
5202, 4
5203, 2
5204, 3
5205, 3
5206, 7
5207, 4
5208, 2
5209, 2
5210, 5
5211, 5
5212, 4
5213, 4
5214, 8
5215, 6
5216, 3
5217, 4
5218, 4
5219, 4
5220, 7
5221, 5
5222, 2
5223, 4
5224, 2
5225, 4
5226, 3
5227, 3
5228, 3
5229, 5
5230, 2
5231, 6
5232, 4
5233, 1
5235, 3
5236, 2
5237, 3
5238, 1
5239, 1
5240, 1
5241, 1
5243, 3
5244, 2
5245, 1
5246, 3
5247, 3
5248, 2
5249, 5
5250, 3
5251, 2
5252, 2
5254, 2
5255, 2
5256, 3
5257, 1
5258, 3
5259, 2
5260, 1
5261, 3
5262, 4
5263, 5
5265, 3
5266, 3
5267, 4
5268, 2
5270, 2
5271, 3
5272, 6
5273, 2
5274, 1
5275, 1
5276, 5
5277, 3
5278, 2
5279, 3
5280, 1
5281, 6
5282, 2
5283, 6
5284, 3
5285, 4
5286, 4
5287, 3
5288, 3
5289, 5
5290, 1
5291, 3
5292, 7
5293, 3
5294, 1
5295, 3
5296, 6
5297, 4
5298, 4
5299, 9
5300, 3
5301, 5
5302, 4
5303, 6
5304, 4
5305, 5
5306, 4
5307, 6
5308, 2
5309, 2
5310, 6
5311, 2
5312, 1
5313, 7
5314, 2
5315, 4
5316, 2
5317, 5
5318, 3
5319, 1
5320, 2
5321, 3
5322, 1
5323, 2
5324, 2
5325, 1
5327, 1
5328, 2
5329, 2
5330, 2
5331, 2
5332, 2
5333, 1
5334, 6
5335, 4
5336, 2
5337, 1
5338, 2
5339, 1
5340, 1
5341, 2
5342, 4
5343, 2
5344, 3
5346, 3
5347, 4
5348, 2
5349, 4
5350, 2
5351, 2
5352, 6
5353, 2
5355, 1
5356, 4
5357, 2
5358, 4
5359, 3
5360, 1
5361, 3
5362, 5
5363, 1
5365, 5
5366, 5
5367, 2
5368, 4
5369, 3
5370, 5
5371, 3
5372, 5
5373, 3
5374, 1
5375, 5
5376, 3
5377, 5
5378, 4
5379, 2
5380, 4
5381, 4
5382, 3
5383, 6
5384, 6
5385, 6
5386, 4
5387, 5
5388, 6
5389, 3
5390, 5
5391, 6
5392, 4
5393, 2
5394, 2
5395, 4
5396, 5
5397, 2
5398, 3
5399, 4
5400, 4
5401, 2
5402, 5
5403, 3
5404, 3
5405, 1
5406, 3
5407, 1
5408, 2
5409, 1
5410, 2
5411, 1
5412, 1
5414, 2
5415, 2
5416, 2
5417, 3
5418, 1
5419, 4
5420, 6
5421, 2
5422, 1
5423, 3
5425, 2
5426, 2
5427, 2
5428, 3
5429, 3
5431, 1
5432, 4
5433, 4
5434, 5
5435, 1
5436, 2
5437, 4
5438, 4
5439, 1
5441, 3
5442, 4
5443, 4
5444, 3
5446, 2
5447, 4
5448, 2
5449, 2
5450, 4
5451, 4
5452, 3
5453, 3
5454, 3
5455, 6
5456, 2
5457, 5
5458, 4
5459, 3
5460, 3
5461, 3
5462, 4
5463, 5
5464, 1
5465, 4
5466, 5
5467, 4
5468, 3
5469, 5
5470, 5
5471, 7
5472, 4
5473, 7
5474, 5
5475, 3
5476, 5
5477, 5
5478, 3
5479, 3
5480, 2
5481, 5
5482, 2
5483, 3
5484, 6
5485, 2
5486, 4
5487, 4
5488, 2
5489, 4
5490, 1
5491, 3
5492, 2
5494, 4
5495, 1
5496, 1
5497, 1
5499, 2
5500, 3
5501, 1
5502, 2
5503, 2
5504, 3
5505, 4
5506, 4
5507, 2
5508, 1
5509, 2
5510, 1
5511, 2
5512, 2
5513, 4
5515, 3
5516, 2
5517, 1
5518, 6
5519, 4
5520, 1
5521, 3
5522, 2
5523, 6
5524, 1
5527, 4
5528, 3
5529, 4
5530, 3
5531, 1
5532, 3
5533, 4
5534, 1
5535, 5
5536, 1
5537, 4
5538, 3
5539, 6
5540, 2
5541, 4
5542, 3
5543, 4
5544, 5
5545, 1
5546, 4
5547, 2
5548, 6
5549, 6
5550, 1
5551, 3
5552, 5
5553, 4
5554, 5
5555, 5
5556, 7
5557, 3
5558, 4
5559, 5
5560, 5
5561, 5
5562, 5
5563, 5
5564, 2
5565, 4
5566, 3
5567, 4
5568, 2
5569, 2
5570, 7
5571, 2
5572, 3
5573, 5
5574, 2
5575, 3
5576, 1
5577, 3
5578, 1
5579, 3
5580, 2
5582, 1
5583, 1
5585, 2
5586, 3
5587, 1
5588, 2
5589, 3
5590, 3
5591, 6
5592, 3
5593, 1
5594, 1
5595, 1
5596, 2
5597, 1
5598, 4
5599, 2
5600, 3
5601, 1
5602, 1
5603, 5
5604, 4
5605, 3
5606, 1
5607, 2
5608, 4
5609, 5
5611, 1
5612, 3
5613, 2
5614, 5
5615, 2
5616, 1
5617, 3
5618, 3
5619, 3
5620, 2
5621, 4
5622, 2
5623, 4
5624, 1
5625, 6
5626, 3
5627, 5
5628, 4
5629, 3
5630, 3
5631, 3
5632, 3
5633, 4
5634, 6
5635, 3
5636, 4
5637, 2
5638, 4
5639, 6
5640, 5
5641, 4
5642, 7
5643, 4
5644, 5
5645, 6
5646, 2
5647, 4
5648, 6
5649, 5
5650, 1
5651, 3
5652, 4
5653, 4
5654, 2
5655, 6
5656, 3
5657, 3
5658, 4
5659, 3
5660, 4
5661, 1
5663, 3
5664, 2
5665, 3
5666, 1
5667, 1
5669, 2
5670, 1
5671, 2
5672, 2
5673, 1
5674, 3
5675, 3
5676, 5
5677, 3
5678, 2
5679, 2
5680, 1
5681, 1
5682, 1
5683, 2
5684, 4
5685, 3
5686, 1
5687, 1
5688, 3
5689, 5
5690, 4
5691, 1
5692, 2
5693, 2
5694, 5
5695, 3
5697, 1
5698, 5
5699, 4
5700, 2
5701, 2
5702, 1
5703, 2
5704, 5
5705, 1
5706, 4
5707, 2
5708, 4
5709, 5
5710, 2
5711, 3
5712, 5
5713, 3
5714, 5
5715, 3
5716, 3
5717, 3
5718, 5
5719, 5
5720, 3
5721, 2
5722, 3
5723, 5
5724, 3
5725, 6
5726, 5
5727, 7
5728, 4
5729, 5
5730, 5
5731, 3
5732, 3
5733, 8
5734, 3
5735, 3
5736, 4
5737, 4
5738, 3
5739, 2
5740, 2
5741, 6
5742, 3
5743, 4
5744, 4
5745, 3
5746, 2
5747, 1
5748, 2
5749, 2
5750, 3
5751, 2
5752, 1
5754, 1
5755, 1
5756, 2
5757, 2
5758, 1
5759, 3
5760, 1
5761, 4
5762, 7
5763, 2
5765, 2
5766, 1
5767, 3
5768, 1
5769, 4
5770, 1
5771, 3
5772, 1
5773, 3
5774, 2
5775, 5
5776, 2
5777, 1
5778, 4
5779, 3
5780, 5
5783, 2
5784, 5
5785, 2
5786, 5
5787, 1
5788, 2
5789, 3
5790, 3
5791, 5
5793, 4
5794, 3
5795, 1
5796, 5
5797, 5
5798, 5
5799, 5
5800, 2
5801, 3
5802, 4
5803, 2
5804, 4
5805, 5
5806, 3
5807, 3
5808, 3
5809, 5
5810, 4
5811, 6
5812, 3
5813, 8
5814, 5
5815, 4
5816, 4
5817, 5
5818, 5
5819, 6
5820, 2
5821, 4
5822, 2
5823, 6
5824, 1
5825, 4
5826, 4
5827, 1
5828, 4
5829, 6
5830, 1
5831, 5
5832, 1
5833, 1
5834, 3
5835, 3
5837, 2
5838, 1
5840, 2
5841, 1
5842, 3
5843, 1
5844, 1
5845, 3
5846, 3
5847, 3
5848, 6
5849, 2
5851, 2
5852, 2
5853, 1
5854, 2
5855, 4
5856, 1
5857, 3
5859, 3
5860, 5
5861, 3
5862, 2
5863, 2
5864, 3
5865, 5
5866, 2
5868, 1
5869, 5
5870, 1
5871, 5
5872, 2
5873, 1
5874, 3
5875, 5
5877, 4
5878, 2
5879, 4
5880, 2
5881, 6
5882, 3
5883, 4
5884, 5
5885, 4
5886, 3
5887, 3
5888, 3
5889, 3
5890, 7
5891, 2
5892, 2
5893, 4
5894, 6
5895, 2
5896, 4
5897, 7
5898, 7
5899, 1
5900, 8
5901, 5
5902, 4
5903, 2
5904, 8
5905, 3
5906, 3
5907, 3
5908, 3
5909, 5
5910, 1
5911, 5
5912, 5
5913, 3
5914, 2
5915, 4
5916, 3
5917, 2
5918, 2
5919, 2
5920, 1
5921, 3
5922, 2
5923, 1
5925, 1
5926, 1
5927, 2
5928, 3
5930, 3
5931, 2
5932, 4
5933, 4
5934, 3
5935, 2
5936, 2
5938, 2
5939, 2
5940, 4
5941, 2
5942, 2
5943, 1
5944, 3
5945, 3
5946, 5
5947, 2
5948, 1
5949, 3
5950, 2
5951, 6
5954, 5
5955, 2
5956, 3
5957, 4
5959, 4
5960, 2
5961, 4
5962, 1
5963, 4
5964, 2
5965, 4
5966, 4
5967, 4
5968, 4
5969, 5
5970, 4
5971, 1
5972, 3
5973, 4
5974, 2
5975, 5
5976, 5
5977, 3
5978, 2
5979, 5
5980, 5
5981, 3
5982, 3
5983, 7
5984, 6
5985, 7
5986, 3
5987, 5
5988, 3
5989, 6
5990, 4
5991, 3
5992, 2
5993, 4
5994, 6
5995, 2
5996, 5
5997, 3
5998, 3
5999, 2
6000, 4
6001, 4
6002, 4
6003, 1
6004, 2
6005, 2
6006, 2
6007, 2
6008, 1
6009, 1
6011, 2
6012, 1
6013, 2
6014, 1
6015, 2
6016, 3
6017, 2
6018, 6
6019, 3
6020, 3
6022, 2
6023, 2
6024, 1
6025, 3
6026, 3
6027, 2
6028, 1
6029, 3
6030, 4
6031, 2
6032, 5
6034, 2
6035, 3
6036, 5
6037, 2
6039, 2
6040, 3
6041, 3
6042, 3
6043, 3
6044, 2
6045, 3
6046, 3
6047, 1
6048, 3
6049, 4
6050, 3
6051, 3
6052, 6
6053, 2
6054, 6
6055, 3
6056, 3
6057, 3
6058, 2
6059, 5
6060, 4
6061, 5
6062, 3
6063, 2
6064, 5
6065, 3
6066, 5
6067, 4
6068, 6
6069, 7
6070, 2
6071, 5
6072, 7
6073, 4
6074, 3
6075, 8
6076, 1
6077, 5
6078, 2
6079, 4
6080, 3
6081, 1
6082, 7
6083, 2
6084, 3
6085, 3
6086, 5
6087, 5
6089, 1
6090, 2
6091, 3
6092, 2
6093, 1
6094, 1
6095, 2
6097, 1
6098, 3
6099, 1
6100, 2
6101, 3
6102, 1
6103, 6
6104, 3
6105, 3
6106, 1
6107, 2
6108, 1
6109, 1
6110, 3
6111, 2
6112, 2
6113, 3
6114, 1
6115, 3
6116, 3
6117, 3
6118, 4
6119, 1
6120, 1
6121, 5
6122, 4
6123, 1
6124, 1
6125, 3
6126, 3
6127, 2
6128, 5
6129, 1
6130, 2
6131, 4
6132, 2
6133, 3
6134, 3
6135, 4
6136, 2
6137, 6
6138, 3
6139, 1
6140, 5
6141, 5
6142, 3
6143, 3
6144, 4
6145, 2
6146, 5
6147, 5
6148, 2
6149, 3
6150, 4
6151, 5
6152, 4
6153, 4
6154, 6
6155, 8
6156, 3
6157, 5
6158, 5
6159, 4
6160, 6
6161, 3
6162, 4
6163, 3
6164, 2
6165, 4
6166, 3
6167, 5
6168, 2
6169, 3
6170, 3
6171, 5
6172, 4
6173, 3
6174, 1
6175, 2
6176, 2
6177, 3
6178, 1
6179, 1
6180, 1
6181, 1
6182, 1
6183, 2
6184, 1
6185, 1
6186, 4
6187, 1
6188, 5
6189, 3
6190, 4
6191, 1
6192, 2
6193, 1
6194, 2
6195, 2
6196, 3
6197, 2
6198, 2
6199, 2
6200, 1
6201, 3
6202, 4
6203, 5
6205, 2
6206, 4
6207, 3
6208, 3
6210, 2
6211, 4
6212, 4
6213, 1
6214, 3
6215, 3
6216, 2
6217, 4
6218, 1
6219, 4
6220, 2
6221, 3
6222, 3
6223, 6
6224, 2
6225, 4
6226, 5
6227, 4
6228, 3
6229, 2
6230, 3
6231, 4
6232, 7
6233, 2
6234, 3
6235, 3
6236, 6
6237, 4
6238, 2
6239, 8
6240, 4
6241, 7
6242, 4
6243, 6
6244, 2
6245, 6
6246, 4
6247, 5
6248, 3
6249, 2
6250, 4
6251, 3
6252, 2
6253, 5
6254, 5
6255, 1
6256, 3
6257, 5
6258, 5
6260, 2
6261, 3
6262, 2
6263, 1
6264, 1
6265, 1
6266, 1
6267, 1
6268, 2
6269, 2
6270, 1
6271, 2
6272, 2
6273, 3
6274, 4
6275, 5
6276, 2
6277, 1
6278, 2
6279, 1
6280, 1
6281, 3
6282, 3
6283, 2
6284, 1
6285, 2
6286, 3
6287, 4
6288, 3
6289, 3
6290, 1
6291, 4
6292, 2
6293, 5
6295, 1
6296, 2
6297, 4
6298, 5
6299, 2
6300, 1
6301, 4
6302, 2
6303, 2
6304, 1
6305, 4
6306, 5
6307, 3
6308, 3
6309, 3
6310, 5
6311, 4
6312, 4
6313, 3
6314, 4
6315, 3
6316, 2
6317, 6
6318, 4
6319, 3
6320, 3
6321, 3
6322, 6
6323, 4
6324, 6
6325, 4
6326, 6
6327, 5
6328, 6
6329, 4
6330, 2
6331, 6
6332, 6
6333, 3
6334, 2
6335, 3
6336, 4
6337, 2
6338, 4
6339, 4
6340, 3
6341, 4
6342, 4
6343, 3
6344, 3
6345, 1
6346, 2
6347, 2
6348, 3
6350, 2
6351, 1
6352, 1
6353, 1
6354, 2
6355, 1
6356, 1
6357, 4
6358, 2
6359, 1
6360, 7
6361, 4
6363, 3
6365, 1
6366, 2
6367, 3
6368, 2
6369, 3
6370, 2
6372, 6
6373, 2
6374, 5
6376, 3
6377, 3
6378, 4
6379, 2
6381, 2
6382, 3
6383, 3
6384, 5
6385, 2
6387, 4
6388, 3
6389, 2
6390, 4
6391, 4
6392, 4
6394, 7
6395, 3
6396, 2
6397, 5
6398, 4
6399, 3
6400, 5
6402, 3
6403, 7
6404, 4
6405, 1
6406, 4
6407, 4
6408, 4
6409, 5
6410, 9
6411, 2
6412, 6
6413, 5
6414, 4
6415, 6
6416, 4
6417, 6
6418, 4
6419, 4
6421, 4
6422, 3
6423, 2
6424, 5
6425, 6
6426, 1
6427, 3
6428, 4
6429, 4
6430, 1
6431, 2
6432, 1
6433, 4
6434, 2
6435, 1
6436, 1
6437, 1
6439, 1
6440, 2
6441, 2
6442, 1
6443, 2
6444, 3
6445, 5
6446, 4
6447, 3
6448, 1
6449, 2
6450, 1
6451, 1
6452, 4
6453, 2
6454, 2
6455, 2
6456, 1
6457, 3
6458, 3
6459, 5
6460, 2
6461, 2
6462, 3
6463, 4
6464, 3
6467, 5
6468, 3
6469, 3
6470, 1
6471, 3
6472, 4
6473, 2
6474, 3
6475, 2
6476, 3
6477, 2
6478, 5
6479, 3
6480, 5
6481, 3
6482, 2
6483, 8
6484, 1
6485, 3
6486, 3
6487, 3
6488, 8
6489, 4
6490, 1
6491, 3
6492, 4
6493, 5
6494, 3
6495, 7
6496, 6
6497, 5
6498, 5
6499, 5
6500, 3
6501, 4
6502, 5
6503, 5
6504, 4
6505, 3
6506, 2
6507, 4
6508, 2
6509, 4
6510, 5
6511, 3
6512, 1
6513, 7
6514, 3
6515, 2
6516, 1
6517, 3
6518, 1
6519, 3
6520, 2
6522, 1
6523, 1
6524, 1
6525, 1
6526, 2
6527, 2
6528, 2
6529, 2
6530, 3
6531, 8
6532, 2
6534, 1
6535, 2
6536, 2
6537, 2
6538, 2
6539, 3
6540, 1
6541, 3
6543, 6
6544, 3
6545, 3
6546, 2
6547, 2
6548, 5
6549, 2
6550, 2
6552, 2
6553, 4
6554, 4
6555, 3
6556, 1
6557, 2
6558, 3
6559, 4
6560, 3
6561, 1
6562, 4
6563, 5
6564, 1
6565, 6
6566, 1
6567, 5
6568, 4
6569, 4
6570, 3
6571, 2
6572, 5
6573, 7
6574, 1
6575, 4
6576, 2
6577, 3
6578, 5
6579, 4
6580, 5
6581, 7
6582, 4
6583, 6
6584, 4
6585, 5
6586, 2
6587, 4
6588, 9
6589, 3
6590, 3
6591, 2
6592, 4
6593, 4
6594, 2
6595, 5
6596, 4
6597, 3
6598, 5
6600, 5
6601, 2
6602, 1
6603, 3
6605, 3
6606, 2
6608, 2
6610, 2
6611, 1
6612, 2
6613, 2
6614, 2
6615, 3
6616, 4
6617, 5
6618, 2
6619, 1
6620, 2
6621, 1
6622, 2
6623, 3
6624, 1
6625, 3
6626, 2
6627, 1
6628, 2
6629, 5
6630, 4
6631, 2
6632, 2
6633, 2
6634, 2
6635, 6
6638, 3
6639, 4
6640, 5
6641, 2
6642, 1
6643, 2
6644, 3
6645, 3
6646, 4
6647, 2
6648, 4
6649, 3
6650, 3
6651, 4
6652, 4
6653, 4
6654, 3
6655, 6
6656, 1
6657, 4
6658, 3
6659, 6
6660, 3
6661, 2
6662, 3
6663, 6
6664, 3
6665, 5
6666, 5
6667, 6
6668, 4
6669, 7
6670, 6
6671, 2
6672, 3
6673, 8
6674, 4
6675, 3
6676, 2
6677, 3
6678, 5
6679, 2
6680, 4
6681, 3
6682, 4
6683, 4
6684, 3
6685, 4
6686, 2
6687, 1
6688, 3
6689, 1
6690, 3
6691, 2
6693, 1
6694, 1
6695, 1
6696, 2
6697, 2
6698, 1
6699, 2
6700, 3
6701, 3
6702, 5
6703, 3
6704, 2
6705, 2
6706, 1
6707, 2
6708, 1
6709, 4
6710, 1
6711, 3
6712, 1
6713, 1
6714, 6
6715, 1
6716, 5
6718, 2
6719, 3
6720, 6
6721, 1
6723, 2
6724, 3
6725, 3
6726, 5
6727, 1
6728, 3
6729, 2
6730, 4
6731, 2
6732, 3
6733, 3
6734, 5
6736, 6
6737, 3
6738, 5
6739, 3
6740, 5
6741, 1
6742, 5
6743, 1
6744, 5
6745, 7
6746, 2
6747, 3
6748, 4
6749, 2
6750, 6
6751, 2
6752, 7
6753, 7
6754, 5
6755, 4
6756, 6
6757, 2
6758, 6
6759, 6
6760, 3
6761, 2
6762, 3
6763, 4
6764, 4
6765, 1
6766, 6
6767, 4
6768, 2
6769, 2
6770, 6
6771, 4
6772, 1
6773, 1
6774, 3
6776, 3
6777, 2
6778, 1
6780, 1
6781, 1
6782, 3
6783, 1
6784, 2
6785, 3
6786, 3
6787, 4
6788, 3
6789, 3
6790, 1
6791, 1
6792, 1
6793, 2
6794, 4
6795, 3
6797, 3
6798, 1
6799, 3
6800, 5
6801, 3
6802, 2
6803, 2
6804, 3
6805, 3
6806, 4
6808, 1
6809, 3
6810, 4
6811, 3
6812, 2
6813, 1
6814, 3
6815, 3
6816, 4
6817, 1
6818, 4
6819, 4
6820, 3
6821, 4
6822, 4
6823, 3
6824, 5
6825, 4
6826, 2
6827, 3
6828, 4
6829, 3
6830, 7
6831, 2
6832, 2
6833, 5
6834, 1
6835, 7
6836, 4
6837, 6
6838, 4
6839, 5
6840, 6
6841, 4
6842, 5
6843, 4
6844, 6
6845, 5
6846, 3
6847, 3
6848, 2
6849, 5
6850, 2
6851, 3
6852, 4
6853, 4
6854, 4
6855, 4
6857, 5
6858, 1
6859, 1
6860, 3
6861, 2
6862, 2
6863, 1
6864, 1
6865, 1
6866, 1
6867, 2
6868, 2
6869, 1
6870, 2
6871, 4
6872, 2
6873, 6
6874, 3
6875, 1
6876, 2
6878, 1
6879, 2
6880, 3
6881, 3
6882, 3
6883, 1
6884, 1
6885, 6
6886, 3
6887, 2
6888, 1
6889, 4
6890, 3
6891, 5
6894, 3
6895, 3
6896, 5
6897, 2
6898, 1
6899, 2
6900, 4
6901, 2
6902, 2
6903, 5
6904, 4
6905, 2
6906, 5
6907, 2
6908, 2
6909, 5
6910, 5
6911, 3
6912, 4
6913, 2
6914, 3
6915, 6
6916, 4
6917, 3
6918, 2
6919, 4
6920, 4
6921, 4
6922, 5
6923, 6
6924, 7
6925, 4
6926, 6
6927, 3
6928, 6
6929, 4
6930, 5
6931, 2
6932, 3
6933, 3
6934, 6
6935, 2
6936, 3
6937, 5
6938, 2
6939, 3
6940, 5
6941, 4
6942, 2
6943, 1
6944, 2
6945, 2
6946, 3
6947, 2
6948, 1
6950, 1
6951, 1
6952, 1
6953, 3
6954, 1
6955, 2
6956, 3
6957, 3
6958, 2
6959, 6
6960, 2
6961, 1
6962, 2
6963, 2
6964, 1
6965, 3
6966, 1
6967, 3
6968, 2
6969, 2
6970, 2
6971, 5
6972, 5
6974, 2
6975, 2
6976, 5
6977, 2
6978, 1
6979, 1
6980, 2
6981, 5
6982, 4
6983, 1
6984, 2
6985, 2
6986, 4
6987, 3
6988, 4
6989, 2
6990, 4
6991, 3
6992, 3
6993, 4
6994, 4
6995, 3
6996, 5
6997, 3
6998, 3
6999, 3
7000, 2
7001, 8
7002, 3
7003, 2
7004, 3
7005, 7
7006, 3
7007, 3
7008, 5
7009, 8
7010, 3
7011, 4
7012, 6
7013, 5
7014, 3
7015, 7
7016, 4
7017, 3
7018, 3
7019, 1
7020, 7
7022, 5
7023, 4
7024, 3
7025, 3
7026, 4
7027, 6
7029, 1
7030, 3
7031, 2
7032, 2
7033, 2
7035, 1
7036, 1
7037, 1
7038, 2
7039, 2
7040, 1
7041, 3
7042, 2
7043, 2
7044, 6
7045, 4
7047, 2
7048, 1
7049, 3
7050, 1
7051, 4
7052, 1
7053, 3
7054, 1
7055, 2
7056, 3
7057, 4
7058, 4
7059, 1
7060, 2
7061, 3
7062, 5
7063, 1
7065, 1
7066, 6
7067, 4
7068, 1
7069, 3
7070, 2
7071, 3
7072, 3
7073, 2
7074, 4
7075, 2
7076, 4
7077, 1
7078, 7
7079, 3
7080, 5
7081, 4
7082, 3
7083, 2
7084, 4
7085, 3
7086, 5
7087, 4
7088, 3
7089, 2
7090, 4
7091, 4
7092, 4
7093, 5
7094, 7
7095, 6
7096, 5
7097, 5
7098, 5
7099, 2
7100, 5
7101, 7
7102, 3
7103, 3
7104, 1
7105, 5
7106, 3
7107, 4
7108, 3
7109, 4
7110, 3
7111, 4
7112, 2
7113, 5
7115, 3
7116, 2
7117, 2
7118, 2
7119, 1
7120, 1
7121, 1
7123, 2
7124, 2
7125, 1
7126, 1
7127, 4
7128, 3
7129, 5
7130, 3
7131, 2
7132, 1
7133, 2
7134, 1
7135, 2
7136, 1
7137, 5
7139, 4
7140, 1
7141, 2
7142, 5
7143, 1
7144, 4
7145, 1
7146, 4
7147, 6
7149, 1
7150, 1
7151, 4
7152, 2
7153, 5
7154, 1
7155, 2
7156, 4
7157, 3
7158, 2
7159, 3
7160, 2
7161, 3
7162, 4
7163, 4
7164, 3
7165, 8
7166, 1
7167, 3
7168, 4
7169, 4
7170, 3
7171, 3
7172, 7
7173, 1
7174, 4
7175, 3
7176, 5
7177, 2
7178, 4
7179, 6
7180, 7
7181, 6
7182, 5
7183, 4
7184, 4
7185, 3
7186, 8
7187, 4
7188, 2
7189, 3
7190, 4
7191, 4
7192, 1
7193, 4
7194, 4
7195, 4
7196, 1
7197, 6
7198, 2
7199, 3
7200, 2
7201, 2
7202, 1
7203, 3
7204, 2
7206, 1
7207, 1
7209, 3
7210, 2
7211, 2
7212, 2
7213, 2
7214, 4
7215, 6
7216, 1
7217, 1
7218, 2
7219, 1
7220, 1
7221, 3
7222, 2
7223, 3
7224, 3
7225, 1
7226, 1
7227, 5
7228, 3
7229, 4
7230, 1
7231, 3
7232, 2
7233, 6
7235, 1
7236, 1
7237, 5
7238, 4
7239, 2
7240, 1
7241, 3
7242, 4
7243, 2
7244, 4
7245, 2
7246, 4
7247, 2
7248, 4
7249, 3
7250, 3
7251, 4
7252, 5
7253, 4
7254, 2
7255, 4
7256, 3
7257, 5
7258, 6
7259, 1
7260, 1
7261, 5
7262, 5
7263, 5
7264, 3
7265, 6
7266, 8
7267, 4
7268, 5
7269, 4
7270, 3
7271, 7
7272, 4
7273, 4
7274, 1
7275, 3
7276, 6
7277, 1
7278, 5
7279, 4
7280, 4
7281, 2
7282, 4
7283, 2
7284, 5
7286, 2
7287, 3
7288, 3
7289, 1
7290, 1
7291, 1
7293, 1
7294, 2
7295, 2
7296, 1
7297, 3
7298, 1
7299, 4
7300, 4
7301, 4
7302, 2
7303, 2
7304, 1
7305, 1
7306, 2
7307, 3
7308, 2
7309, 2
7310, 2
7311, 2
7312, 2
7313, 5
7314, 5
7317, 5
7318, 5
7319, 1
7320, 1
7321, 2
7322, 3
7323, 3
7324, 3
7325, 3
7326, 1
7327, 4
7328, 2
7329, 3
7330, 3
7331, 2
7332, 5
7333, 2
7334, 3
7335, 5
7336, 4
7337, 4
7338, 4
7339, 3
7340, 3
7341, 4
7342, 3
7343, 6
7344, 4
7345, 2
7346, 2
7347, 6
7348, 3
7349, 4
7350, 6
7351, 6
7352, 4
7353, 6
7354, 6
7355, 4
7356, 3
7357, 6
7358, 5
7359, 2
7360, 3
7361, 5
7362, 2
7363, 2
7364, 4
7365, 4
7366, 4
7367, 3
7368, 4
7369, 3
7370, 2
7371, 1
7372, 3
7373, 2
7374, 2
7375, 2
7377, 1
7378, 1
7379, 1
7380, 2
7381, 2
7382, 1
7383, 3
7384, 3
7385, 1
7386, 7
7387, 2
7388, 1
7389, 2
7390, 1
7391, 2
7392, 2
7393, 4
7394, 1
7395, 3
7396, 1
7397, 3
7398, 4
7399, 2
7400, 4
7401, 1
7402, 2
7403, 6
7404, 2
7405, 1
7407, 4
7408, 2
7409, 4
7410, 2
7411, 3
7412, 3
7413, 1
7414, 4
7415, 4
7416, 2
7417, 3
7418, 4
7419, 4
7420, 2
7421, 4
7422, 6
7423, 1
7424, 5
7425, 3
7426, 4
7427, 1
7428, 7
7429, 3
7430, 3
7431, 4
7432, 2
7433, 5
7434, 3
7435, 9
7436, 3
7437, 6
7438, 4
7439, 7
7440, 2
7441, 5
7442, 6
7443, 7
7444, 1
7445, 4
7446, 1
7447, 5
7448, 2
7449, 4
7450, 3
7451, 5
7452, 2
7453, 3
7454, 4
7455, 4
7457, 4
7458, 1
7459, 2
7460, 1
7461, 2
7462, 1
7463, 1
7464, 1
7465, 1
7466, 3
7467, 1
7468, 3
7470, 2
7471, 8
7472, 4
7474, 3
7476, 2
7477, 2
7478, 2
7479, 2
7480, 1
7481, 4
7482, 2
7483, 2
7484, 4
7485, 4
7486, 1
7487, 2
7488, 3
7489, 5
7490, 2
7492, 2
7493, 3
7494, 4
7495, 4
7496, 1
7497, 2
7498, 3
7499, 2
7500, 2
7501, 5
7502, 2
7503, 4
7504, 2
7505, 4
7506, 4
7507, 5
7508, 3
7509, 4
7510, 4
7511, 2
7512, 3
7513, 3
7514, 7
7515, 2
7516, 3
7517, 3
7518, 5
7519, 4
7520, 4
7521, 5
7522, 8
7523, 4
7524, 6
7525, 4
7526, 4
7527, 5
7528, 6
7529, 4
7530, 2
7531, 3
7532, 3
7533, 5
7535, 7
7536, 3
7537, 3
7538, 4
7539, 2
7540, 6
7542, 1
7543, 3
7544, 1
7545, 2
7546, 3
7547, 1
7549, 1
7550, 2
7552, 3
7553, 2
7554, 2
7555, 2
7556, 5
7557, 3
7558, 4
7560, 3
7561, 1
7562, 1
7563, 1
7564, 4
7565, 2
7566, 3
7567, 1
7568, 3
7569, 1
7570, 5
7571, 4
7572, 2
7573, 2
7574, 5
7575, 2
7576, 1
7578, 3
7579, 3
7580, 4
7581, 4
7582, 1
7583, 1
7584, 3
7585, 4
7586, 2
7587, 3
7588, 5
7589, 2
7590, 4
7591, 5
7592, 4
7593, 3
7594, 4
7595, 2
7596, 4
7597, 4
7598, 1
7599, 4
7600, 7
7601, 3
7602, 3
7603, 4
7604, 4
7605, 4
7606, 3
7607, 9
7608, 5
7609, 5
7610, 6
7611, 3
7612, 2
7613, 6
7614, 5
7615, 4
7616, 3
7617, 3
7618, 3
7619, 3
7620, 4
7621, 4
7622, 4
7623, 2
7624, 5
7625, 4
7626, 2
7627, 1
7628, 2
7629, 2
7630, 2
7631, 1
7632, 2
7633, 1
7634, 1
7636, 2
7637, 2
7638, 1
7639, 3
7640, 3
7641, 1
7642, 7
7643, 3
7644, 1
7645, 1
7646, 2
7647, 1
7648, 2
7649, 5
7651, 3
7652, 1
7653, 2
7654, 2
7655, 5
7656, 5
7658, 2
7659, 3
7660, 5
7661, 2
7663, 1
7664, 3
7665, 4
7666, 3
7667, 3
7668, 2
7669, 3
7670, 3
7671, 2
7672, 3
7673, 4
7674, 5
7675, 2
7676, 3
7677, 2
7678, 5
7679, 5
7680, 3
7681, 3
7682, 5
7683, 2
7684, 4
7685, 6
7686, 3
7687, 1
7688, 4
7689, 3
7690, 6
7691, 4
7692, 5
7693, 6
7694, 6
7695, 4
7696, 6
7697, 3
7698, 5
7699, 6
7700, 5
7702, 4
7703, 3
7704, 4
7705, 3
7706, 4
7707, 4
7708, 2
7709, 4
7710, 3
7711, 5
7712, 1
7713, 1
7714, 3
7715, 1
7716, 3
7717, 2
7719, 1
7720, 1
7721, 1
7722, 3
7723, 2
7725, 3
7726, 3
7727, 6
7728, 2
7729, 3
7730, 1
7731, 2
7732, 1
7733, 1
7734, 3
7735, 3
7736, 1
7737, 3
7738, 1
7739, 2
7740, 4
7741, 5
7742, 2
7743, 1
7744, 3
7745, 3
7746, 5
7748, 1
7749, 2
7750, 3
7751, 6
7752, 1
7753, 2
7754, 4
7755, 2
7756, 3
7757, 4
7758, 1
7759, 4
7760, 3
7761, 2
7762, 5
7763, 4
7764, 3
7765, 5
7766, 2
7767, 4
7768, 4
7769, 3
7770, 6
7771, 4
7772, 1
7773, 3
7774, 4
7775, 5
7776, 5
7777, 3
7778, 7
7779, 7
7780, 5
7781, 5
7782, 3
7783, 3
7784, 5
7785, 6
7786, 3
7787, 4
7788, 3
7789, 2
7790, 4
7791, 3
7792, 3
7793, 4
7794, 3
7795, 5
7796, 4
7797, 2
7798, 1
7799, 3
7800, 1
7801, 3
7802, 1
7803, 1
7804, 1
7805, 1
7806, 1
7807, 2
7808, 2
7809, 1
7810, 2
7811, 3
7812, 2
7813, 6
7814, 2
7815, 2
7816, 2
7817, 1
7818, 1
7819, 2
7820, 3
7821, 3
7822, 2
7823, 2
7824, 1
7825, 2
7826, 5
7827, 5
7829, 3
7830, 2
7831, 4
7832, 3
7834, 3
7835, 3
7836, 3
7837, 3
7838, 2
7839, 1
7840, 5
7841, 2
7842, 3
7843, 3
7844, 3
7845, 3
7846, 4
7847, 4
7848, 1
7849, 8
7850, 2
7851, 4
7852, 3
7853, 4
7854, 1
7855, 7
7856, 3
7857, 4
7858, 2
7859, 5
7860, 5
7861, 3
7862, 4
7863, 8
7864, 3
7865, 4
7866, 6
7867, 6
7868, 2
7869, 4
7870, 8
7871, 3
7872, 3
7873, 2
7874, 3
7875, 5
7876, 2
7877, 5
7878, 3
7879, 4
7880, 1
7881, 5
7882, 4
7883, 1
7884, 1
7885, 3
7886, 2
7887, 2
7888, 2
7889, 1
7890, 1
7892, 1
7893, 2
7894, 3
7895, 1
7896, 2
7897, 3
7898, 3
7899, 6
7900, 2
7901, 1
7902, 2
7904, 3
7905, 2
7906, 3
7907, 2
7908, 1
7909, 2
7910, 3
7911, 4
7912, 4
7913, 2
7915, 4
7916, 4
7917, 4
7919, 1
7920, 2
7921, 3
7922, 6
7923, 1
7924, 2
7925, 2
7926, 5
7927, 2
7928, 1
7929, 4
7930, 4
7931, 3
7932, 4
7933, 3
7934, 5
7935, 5
7936, 3
7937, 1
7938, 3
7939, 4
7940, 4
7941, 6
7942, 3
7943, 2
7944, 4
7945, 5
7946, 4
7947, 3
7948, 5
7949, 7
7950, 3
7951, 6
7952, 7
7953, 4
7954, 3
7955, 5
7956, 7
7957, 1
7958, 3
7959, 2
7960, 6
7961, 1
7962, 5
7963, 3
7964, 4
7965, 1
7966, 6
7967, 3
7968, 3
7969, 1
7970, 2
7971, 2
7972, 3
7973, 2
7975, 1
7976, 1
7978, 3
7979, 2
7980, 1
7981, 2
7982, 3
7983, 3
7984, 4
7985, 4
7986, 1
7987, 3
7989, 1
7990, 3
7991, 1
7992, 4
7993, 2
7994, 2
7995, 2
7996, 4
7997, 2
7998, 5
8000, 3
8001, 3
8002, 5
8003, 1
8006, 6
8007, 4
8008, 2
8009, 3
8010, 1
8011, 3
8012, 4
8013, 1
8014, 4
8015, 2
8016, 5
8017, 1
8018, 6
8019, 3
8020, 4
8021, 3
8022, 5
8023, 4
8024, 1
8025, 4
8026, 6
8027, 4
8028, 1
8029, 4
8030, 4
8031, 3
8032, 4
8033, 5
8034, 7
8035, 6
8036, 4
8037, 6
8038, 6
8039, 2
8040, 5
8041, 5
8042, 5
8043, 3
8044, 1
8045, 6
8046, 1
8047, 3
8048, 6
8049, 3
8050, 3
8051, 4
8052, 2
8053, 4
8054, 2
8055, 1
8056, 3
8057, 1
8058, 2
8059, 2
8061, 2
8063, 1
8064, 3
8065, 1
8066, 2
8067, 2
8068, 4
8069, 3
8070, 4
8071, 3
8072, 1
8073, 2
8074, 1
8075, 2
8076, 2
8077, 3
8078, 1
8079, 3
8080, 1
8081, 4
8082, 4
8083, 3
8084, 2
8085, 1
8086, 3
8087, 5
8088, 2
8089, 1
8091, 4
8092, 4
8093, 3
8094, 3
8095, 1
8096, 3
8097, 4
8098, 1
8099, 3
8100, 2
8101, 5
8102, 3
8103, 6
8104, 2
8105, 4
8106, 3
8107, 5
8108, 3
8109, 2
8110, 4
8111, 3
8112, 6
8113, 4
8114, 1
8115, 4
8116, 5
8117, 3
8118, 5
8119, 6
8120, 4
8121, 5
8122, 6
8123, 5
8124, 5
8125, 3
8126, 5
8127, 6
8128, 4
8129, 1
8130, 3
8131, 5
8132, 1
8133, 5
8134, 3
8135, 4
8136, 2
8137, 5
8138, 4
8139, 2
8140, 1
8141, 3
8142, 1
8143, 2
8144, 1
8145, 2
8146, 1
8147, 1
8149, 2
8150, 3
8151, 1
8152, 2
8153, 3
8154, 2
8155, 6
8156, 3
8157, 1
8158, 2
8159, 1
8160, 2
8161, 1
8162, 3
8163, 3
8164, 1
8165, 3
8166, 2
8167, 4
8168, 2
8169, 5
8171, 3
8172, 2
8173, 6
8174, 1
8176, 1
8177, 5
8178, 1
8179, 6
8180, 1
8181, 2
8182, 3
8183, 3
8184, 3
8185, 3
8186, 3
8187, 4
8188, 3
8189, 4
8190, 4
8191, 5
8192, 3
8193, 2
8194, 5
8195, 1
8196, 4
8197, 6
8198, 4
8199, 1
8200, 4
8201, 4
8202, 5
8203, 3
8204, 4
8205, 6
8206, 6
8207, 7
8208, 6
8209, 2
8210, 4
8211, 6
8212, 5
8213, 3
8214, 1
8215, 4
8216, 5
8217, 2
8218, 2
8219, 6
8220, 4
8221, 2
8222, 2
8223, 6
8224, 4
8225, 1
8226, 1
8227, 2
8228, 3
8229, 2
8230, 1
8231, 1
8232, 1
8234, 1
8235, 3
8236, 2
8237, 2
8238, 1
8239, 2
8240, 3
8241, 7
8242, 2
8243, 1
8244, 2
8245, 1
8246, 2
8247, 3
8248, 2
8249, 1
8250, 3
8251, 1
8252, 3
8253, 5
8254, 3
8255, 2
8256, 2
8257, 2
8258, 5
8259, 3
8262, 4
8263, 4
8264, 3
8265, 2
8266, 2
8267, 3
8268, 4
8269, 2
8270, 2
8271, 3
8272, 4
8273, 4
8274, 4
8275, 2
8276, 5
8277, 5
8278, 3
8279, 1
8280, 5
8281, 3
8282, 2
8283, 8
8284, 2
8285, 3
8286, 4
8287, 3
8288, 5
8289, 4
8290, 6
8291, 4
8292, 7
8293, 4
8294, 4
8295, 6
8296, 3
8297, 7
8298, 5
8299, 3
8300, 1
8301, 3
8302, 4
8303, 2
8304, 5
8305, 5
8306, 3
8307, 1
8308, 6
8309, 3
8310, 2
8311, 1
8312, 3
8313, 1
8314, 3
8315, 1
8316, 2
8318, 1
8319, 1
8320, 1
8321, 3
8322, 1
8323, 3
8324, 2
8325, 2
8326, 6
8327, 3
8328, 2
8329, 2
8331, 2
8332, 2
8333, 2
8334, 3
8335, 2
8336, 2
8337, 1
8338, 4
8339, 4
8340, 4
8342, 2
8343, 4
8344, 5
8345, 1
8347, 2
8348, 4
8349, 4
8350, 3
8351, 1
8352, 1
8353, 5
8354, 2
8355, 2
8356, 4
8357, 3
8358, 3
8359, 4
8360, 5
8361, 5
8362, 1
8363, 5
8364, 3
8365, 4
8366, 3
8367, 2
8368, 6
8369, 5
8370, 2
8371, 3
8372, 3
8373, 3
8374, 6
8375, 3
8376, 6
8377, 7
8378, 6
8379, 5
8380, 3
8381, 5
8382, 4
8383, 7
8384, 3
8385, 3
8386, 1
8387, 4
8388, 4
8389, 4
8390, 4
8391, 2
8392, 4
8393, 4
8394, 4
8395, 3
8396, 1
8398, 4
8399, 1
8400, 3
8401, 1
8402, 1
8404, 1
8405, 2
8406, 2
8407, 2
8409, 4
8410, 3
8411, 4
8412, 4
8413, 2
8414, 2
8415, 1
8416, 1
8417, 1
8418, 4
8419, 2
8420, 2
8421, 2
8422, 2
8423, 2
8424, 4
8425, 5
8426, 1
8427, 1
8428, 4
8429, 3
8430, 4
8433, 4
8434, 3
8435, 5
8436, 2
8437, 1
8438, 3
8439, 4
8440, 2
8441, 4
8442, 1
8443, 4
8444, 3
8445, 3
8446, 4
8447, 5
8448, 3
8449, 5
8450, 3
8451, 2
8452, 4
8453, 3
8454, 6
8455, 3
8456, 2
8457, 5
8458, 3
8459, 5
8460, 3
8461, 8
8462, 4
8463, 5
8464, 5
8465, 5
8466, 6
8467, 2
8468, 8
8469, 4
8470, 2
8471, 3
8472, 3
8473, 4
8474, 1
8475, 6
8476, 2
8477, 5
8478, 2
8479, 5
8480, 4
8481, 1
8482, 2
8483, 1
8484, 2
8485, 3
8486, 1
8487, 1
8488, 1
8489, 1
8490, 1
8491, 2
8492, 2
8493, 2
8495, 4
8496, 3
8497, 5
8498, 4
8500, 2
8501, 2
8502, 1
8503, 2
8504, 4
8506, 4
8507, 1
8508, 2
8509, 5
8510, 2
8511, 4
8513, 2
8514, 6
8515, 3
8516, 1
8518, 3
8519, 4
8520, 4
8521, 2
8522, 2
8523, 2
8524, 4
8525, 2
8526, 2
8527, 3
8528, 5
8529, 3
8530, 2
8531, 5
8532, 2
8533, 4
8534, 6
8535, 3
8536, 2
8537, 4
8538, 2
8539, 6
8540, 5
8541, 2
8542, 4
8543, 3
8544, 3
8545, 6
8546, 5
8547, 4
8548, 6
8549, 5
8550, 6
8551, 4
8552, 2
8553, 7
8554, 6
8555, 3
8556, 3
8557, 1
8558, 4
8559, 4
8560, 1
8561, 7
8562, 3
8563, 3
8564, 5
8565, 2
8566, 4
8567, 1
8568, 2
8569, 1
8570, 3
8571, 1
8572, 2
8573, 1
8574, 1
8576, 1
8577, 4
8578, 1
8579, 1
8580, 4
8581, 1
8582, 8
8583, 1
8584, 3
8585, 1
8586, 1
8587, 1
8588, 2
8589, 1
8590, 5
8592, 3
8593, 2
8594, 1
8595, 6
8596, 4
8597, 1
8598, 3
8599, 1
8600, 5
8601, 2
8602, 1
8603, 1
8604, 3
8605, 4
8606, 4
8607, 2
8609, 3
8610, 3
8611, 4
8612, 3
8613, 2
8614, 6
8615, 1
8616, 5
8617, 3
8618, 4
8619, 5
8620, 2
8621, 3
8622, 3
8623, 5
8624, 3
8625, 6
8626, 4
8627, 1
8628, 3
8629, 4
8630, 5
8631, 5
8632, 3
8633, 7
8634, 4
8635, 8
8636, 5
8637, 4
8638, 2
8639, 7
8640, 4
8641, 3
8642, 3
8643, 2
8644, 5
8645, 2
8646, 5
8647, 2
8648, 6
8649, 3
8650, 3
8651, 5
8653, 2
8654, 3
8656, 3
8657, 2
8659, 1
8660, 1
8661, 1
8662, 2
8663, 2
8664, 1
8665, 2
8666, 2
8667, 7
8668, 3
8669, 3
8670, 1
8671, 2
8672, 1
8673, 2
8674, 1
8675, 4
8676, 1
8677, 3
8678, 1
8679, 3
8680, 3
8681, 4
8682, 3
8684, 4
8685, 4
8686, 3
8687, 1
8689, 4
8690, 3
8691, 3
8692, 4
8693, 1
8694, 1
8695, 4
8696, 3
8697, 3
8698, 3
8699, 4
8700, 2
8701, 3
8702, 6
8703, 3
8704, 4
8705, 2
8706, 5
8707, 3
8709, 7
8710, 3
8711, 5
8712, 3
8713, 3
8714, 3
8715, 4
8716, 6
8717, 5
8718, 4
8719, 7
8720, 5
8721, 6
8722, 3
8723, 2
8724, 6
8725, 6
8726, 4
8727, 4
8729, 5
8730, 3
8731, 1
8732, 6
8733, 4
8734, 3
8735, 6
8736, 1
8737, 4
8738, 1
8739, 1
8740, 3
8741, 2
8742, 2
8743, 1
8744, 1
8745, 1
8747, 3
8748, 1
8749, 2
8750, 1
8751, 2
8752, 2
8753, 8
8754, 3
8755, 1
8756, 1
8757, 2
8758, 1
8759, 2
8760, 2
8761, 4
8763, 2
8764, 3
8765, 2
8766, 5
8767, 3
8768, 2
8769, 3
8770, 1
8771, 6
8772, 2
8774, 2
8775, 2
8776, 3
8777, 5
8778, 2
8779, 1
8780, 3
8781, 4
8782, 2
8783, 2
8784, 4
8785, 4
8786, 4
8787, 4
8788, 2
8789, 3
8790, 5
8791, 5
8792, 2
8793, 3
8794, 3
8795, 3
8796, 7
8797, 3
8798, 2
8799, 3
8800, 5
8801, 4
8802, 3
8803, 9
8804, 4
8805, 7
8806, 4
8807, 5
8808, 2
8809, 4
8810, 7
8811, 5
8812, 4
8813, 1
8814, 2
8815, 5
8816, 2
8817, 6
8818, 2
8819, 4
8820, 3
8821, 4
8822, 3
8823, 2
8824, 2
8825, 2
8826, 2
8827, 2
8828, 2
8830, 2
8832, 1
8833, 3
8834, 2
8835, 1
8836, 2
8837, 4
8838, 2
8839, 5
8840, 1
8841, 3
8842, 2
8844, 2
8845, 2
8846, 4
8847, 2
8848, 2
8849, 1
8850, 4
8851, 4
8852, 2
8853, 3
8854, 1
8855, 3
8856, 2
8857, 6
8860, 3
8861, 3
8862, 6
8863, 1
8864, 2
8865, 4
8866, 3
8867, 1
8868, 2
8869, 4
8870, 1
8871, 6
8872, 2
8873, 5
8874, 4
8875, 3
8876, 4
8877, 3
8878, 4
8879, 4
8880, 1
8881, 6
8882, 4
8883, 3
8884, 3
8885, 3
8886, 7
8887, 2
8888, 7
8889, 5
8890, 5
8891, 5
8892, 5
8893, 4
8894, 4
8895, 4
8896, 7
8897, 2
8898, 4
8899, 3
8900, 4
8901, 2
8902, 2
8903, 6
8904, 3
8905, 3
8906, 3
8907, 5
8908, 3
8909, 1
8911, 3
8912, 3
8913, 1
8914, 2
8915, 1
8916, 1
8917, 1
8918, 2
8919, 2
8920, 1
8921, 1
8922, 3
8923, 2
8924, 7
8925, 2
8926, 2
8927, 1
8928, 2
8929, 2
8930, 1
8931, 2
8932, 4
8933, 2
8934, 1
8935, 2
8936, 2
8937, 5
8938, 5
8940, 2
8941, 3
8942, 4
8943, 3
8945, 3
8946, 3
8947, 4
8948, 2
8949, 3
8951, 4
8952, 3
8953, 2
8954, 4
8955, 2
8956, 4
8957, 2
8958, 6
8959, 2
8960, 4
8961, 4
8962, 4
8963, 3
8964, 2
8965, 4
8966, 4
8967, 6
8968, 3
8969, 2
8970, 4
8971, 5
8972, 4
8973, 2
8974, 8
8975, 5
8976, 6
8977, 3
8978, 7
8979, 3
8980, 4
8981, 7
8982, 3
8983, 4
8984, 1
8985, 2
8986, 6
8987, 2
8988, 6
8989, 2
8990, 4
8991, 3
8992, 4
8993, 3
8994, 2
8995, 1
8996, 3
8997, 1
8998, 3
8999, 1
9000, 1
9001, 2
9003, 1
9004, 3
9005, 2
9006, 1
9007, 2
9008, 2
9009, 5
9010, 5
9011, 1
9012, 2
9013, 2
9014, 1
9015, 1
9016, 2
9017, 4
9018, 2
9019, 2
9020, 1
9021, 4
9022, 3
9023, 2
9024, 4
9026, 3
9027, 5
9028, 3
9029, 1
9030, 1
9031, 3
9032, 3
9033, 4
9034, 3
9035, 1
9036, 3
9037, 3
9038, 2
9039, 1
9040, 5
9041, 4
9042, 2
9043, 5
9044, 4
9045, 2
9046, 6
9047, 4
9048, 2
9049, 2
9050, 4
9051, 3
9052, 5
9053, 5
9054, 2
9055, 3
9056, 3
9057, 6
9058, 3
9059, 6
9060, 4
9061, 7
9062, 6
9063, 4
9064, 5
9065, 4
9066, 4
9067, 6
9068, 4
9069, 3
9070, 1
9071, 3
9072, 4
9073, 2
9074, 6
9075, 4
9076, 2
9077, 5
9078, 3
9079, 3
9081, 2
9082, 3
9083, 3
9084, 1
9085, 1
9086, 1
9087, 1
9088, 1
9089, 2
9090, 2
9091, 1
9092, 2
9093, 3
9094, 2
9095, 5
9096, 3
9097, 2
9098, 3
9100, 1
9101, 3
9102, 2
9103, 2
9104, 3
9105, 1
9106, 3
9107, 2
9108, 3
9109, 6
9111, 2
9112, 2
9113, 6
9114, 2
9116, 2
9117, 4
9118, 4
9119, 3
9120, 1
9121, 2
9122, 4
9123, 1
9124, 3
9125, 3
9126, 3
9127, 4
9128, 2
9129, 7
9130, 2
9131, 6
9132, 2
9133, 4
9134, 3
9135, 2
9136, 3
9137, 7
9138, 4
9139, 2
9140, 2
9141, 4
9142, 5
9143, 5
9144, 2
9145, 8
9146, 6
9147, 4
9148, 6
9149, 4
9150, 4
9151, 4
9152, 5
9153, 5
9154, 2
9155, 3
9156, 1
9157, 6
9158, 1
9159, 6
9160, 5
9161, 3
9162, 4
9163, 2
9164, 4
9165, 1
9166, 2
9167, 3
9169, 3
9170, 1
9171, 2
9173, 1
9174, 1
9175, 2
9176, 3
9178, 4
9179, 1
9180, 4
9181, 5
9182, 3
9184, 2
9185, 1
9186, 2
9187, 2
9188, 4
9189, 1
9190, 3
9191, 1
9192, 2
9193, 5
9194, 4
9195, 2
9196, 1
9197, 3
9198, 3
9199, 5
9201, 1
9202, 1
9203, 6
9204, 3
9205, 2
9206, 2
9207, 3
9208, 2
9209, 3
9210, 4
9211, 2
9212, 5
9213, 2
9214, 3
9215, 3
9216, 6
9217, 2
9218, 6
9219, 2
9220, 3
9221, 2
9222, 3
9223, 9
9224, 4
9226, 4
9227, 3
9228, 5
9229, 5
9230, 5
9231, 7
9232, 4
9233, 5
9234, 6
9235, 2
9236, 3
9237, 6
9238, 7
9239, 2
9240, 2
9241, 2
9242, 7
9244, 7
9245, 2
9246, 4
9247, 2
9248, 5
9249, 3
9250, 3
9251, 1
9252, 2
9253, 2
9254, 2
9255, 1
9256, 2
9257, 1
9258, 1
9259, 1
9260, 1
9261, 2
9262, 2
9263, 2
9264, 3
9265, 2
9266, 5
9267, 5
9269, 2
9270, 1
9271, 3
9273, 4
9274, 2
9275, 1
9276, 3
9277, 1
9278, 2
9279, 5
9280, 4
9281, 2
9282, 1
9283, 2
9284, 7
9285, 1
9287, 2
9288, 4
9289, 4
9290, 2
9291, 2
9292, 2
9293, 3
9294, 3
9295, 2
9296, 4
9297, 3
9298, 5
9299, 2
9300, 4
9301, 2
9302, 7
9303, 4
9304, 2
9305, 4
9306, 1
9307, 4
9308, 7
9309, 2
9310, 2
9311, 5
9312, 2
9313, 4
9314, 4
9315, 5
9316, 6
9317, 7
9318, 3
9319, 6
9320, 5
9321, 3
9322, 5
9323, 6
9324, 4
9325, 4
9326, 1
9327, 4
9328, 4
9329, 2
9330, 3
9331, 4
9332, 4
9333, 2
9334, 5
9335, 5
9337, 2
9338, 3
9339, 2
9340, 1
9341, 2
9343, 2
9345, 1
9346, 3
9347, 2
9348, 2
9349, 2
9350, 1
9351, 6
9352, 4
9353, 2
9354, 1
9355, 2
9356, 1
9357, 2
9358, 2
9359, 3
9360, 2
9361, 1
9362, 2
9363, 2
9364, 6
9365, 3
9366, 2
9367, 1
9368, 2
9369, 4
9370, 5
9373, 4
9374, 3
9375, 5
9376, 1
9377, 1
9378, 3
9379, 4
9380, 2
9381, 3
9382, 2
9383, 3
9384, 5
9385, 4
9386, 3
9387, 6
9388, 2
9389, 4
9390, 4
9391, 3
9392, 2
9393, 3
9394, 8
9395, 3
9396, 1
9397, 5
9398, 3
9399, 4
9400, 4
9401, 6
9402, 8
9403, 3
9404, 4
9405, 6
9406, 5
9407, 3
9408, 5
9409, 6
9410, 2
9411, 3
9412, 3
9413, 4
9414, 2
9415, 2
9416, 5
9417, 5
9418, 2
9419, 5
9420, 5
9421, 1
9422, 1
9423, 3
9424, 1
9425, 1
9426, 4
9428, 1
9429, 1
9431, 3
9432, 2
9433, 1
9434, 3
9435, 1
9436, 3
9437, 6
9438, 2
9439, 3
9440, 2
9442, 2
9443, 2
9444, 1
9445, 4
9446, 3
9448, 2
9449, 3
9450, 5
9451, 4
9453, 2
9454, 2
9455, 6
9456, 2
9458, 3
9459, 4
9460, 4
9461, 3
9463, 2
9464, 3
9465, 4
9466, 2
9467, 3
9468, 3
9469, 3
9470, 3
9471, 5
9472, 3
9473, 5
9474, 3
9475, 3
9476, 4
9477, 5
9478, 1
9479, 5
9480, 5
9481, 3
9482, 4
9483, 2
9484, 4
9485, 6
9486, 2
9487, 7
9488, 6
9489, 4
9490, 5
9491, 6
9492, 3
9493, 5
9494, 5
9495, 4
9496, 3
9497, 2
9498, 6
9499, 1
9500, 3
9501, 6
9502, 1
9503, 5
9504, 2
9505, 4
9506, 5
9508, 1
9509, 3
9510, 2
9511, 2
9512, 2
9513, 1
9514, 1
9516, 1
9517, 3
9518, 2
9519, 1
9520, 3
9521, 2
9522, 5
9523, 3
9524, 3
9525, 1
9526, 2
9527, 1
9528, 2
9529, 1
9530, 5
9531, 1
9532, 1
9533, 3
9534, 3
9535, 4
9536, 2
9537, 3
9539, 5
9540, 4
9541, 3
9543, 1
9544, 4
9545, 2
9546, 5
9547, 2
9548, 1
9549, 2
9550, 3
9551, 3
9552, 1
9553, 5
9554, 4
9555, 3
9556, 4
9557, 4
9558, 4
9559, 4
9560, 4
9561, 2
9562, 3
9563, 3
9564, 2
9565, 9
9566, 2
9567, 3
9568, 2
9569, 5
9570, 6
9571, 2
9572, 6
9573, 8
9574, 2
9575, 5
9576, 6
9577, 5
9578, 3
9579, 4
9580, 7
9581, 3
9582, 3
9583, 1
9584, 5
9585, 2
9586, 3
9587, 6
9588, 3
9589, 2
9590, 5
9591, 4
9592, 2
9594, 4
9595, 1
9596, 2
9597, 2
9598, 1
9599, 1
9600, 1
9601, 1
9602, 2
9603, 1
9604, 2
9605, 3
9606, 1
9607, 4
9608, 6
9609, 3
9610, 1
9611, 1
9612, 1
9613, 1
9614, 3
9615, 3
9616, 1
9617, 4
9619, 3
9620, 2
9621, 5
9622, 4
9624, 3
9625, 2
9626, 6
9627, 1
9629, 1
9630, 5
9631, 2
9632, 5
9633, 1
9634, 4
9635, 1
9636, 3
9637, 2
9638, 5
9639, 1
9640, 6
9641, 2
9642, 4
9643, 4
9644, 2
9645, 5
9646, 4
9647, 3
9648, 5
9649, 1
9650, 3
9651, 6
9652, 4
9653, 3
9654, 4
9655, 4
9656, 2
9657, 5
9658, 7
9659, 7
9660, 3
9661, 7
9662, 4
9663, 3
9664, 4
9665, 7
9666, 3
9667, 3
9668, 2
9669, 6
9670, 2
9671, 1
9672, 6
9673, 5
9674, 1
9675, 3
9676, 5
9677, 4
9679, 2
9680, 2
9681, 2
9682, 2
9683, 2
9684, 1
9686, 1
9687, 1
9688, 3
9689, 2
9690, 1
9691, 2
9692, 4
9693, 4
9694, 4
9695, 2
9696, 2
9697, 1
9698, 1
9699, 2
9700, 3
9701, 2
9702, 1
9703, 4
9705, 4
9706, 2
9707, 6
9708, 1
9709, 2
9710, 2
9711, 6
9712, 2
9715, 4
9716, 3
9717, 4
9718, 3
9720, 4
9721, 3
9722, 2
9723, 3
9724, 3
9725, 4
9726, 3
9727, 4
9728, 2
9729, 7
9730, 2
9731, 4
9732, 4
9733, 2
9734, 4
9735, 5
9736, 5
9737, 3
9738, 2
9739, 3
9740, 4
9741, 5
9742, 4
9743, 7
9744, 3
9745, 4
9746, 8
9747, 4
9748, 5
9749, 2
9750, 9
9751, 4
9752, 3
9753, 2
9754, 1
9755, 5
9756, 3
9757, 1
9758, 6
9759, 5
9760, 1
9761, 5
9762, 4
9763, 2
9764, 1
9765, 3
9766, 1
9767, 3
9769, 2
9770, 1
9771, 1
9773, 2
9774, 3
9775, 1
9776, 2
9777, 2
9778, 5
9779, 4
9780, 4
9781, 1
9782, 2
9783, 1
9784, 1
9785, 2
9786, 3
9787, 2
9788, 1
9789, 3
9790, 2
9791, 4
9792, 5
9793, 2
9795, 2
9796, 4
9797, 4
9798, 2
9800, 3
9801, 4
9802, 2
9803, 4
9804, 2
9805, 2
9806, 2
9807, 3
9808, 3
9809, 3
9810, 4
9811, 2
9812, 5
9813, 3
9814, 3
9815, 3
9816, 6
9817, 3
9818, 4
9819, 3
9820, 2
9821, 7
9822, 4
9823, 2
9824, 3
9825, 3
9826, 5
9827, 3
9828, 4
9829, 9
9830, 3
9831, 6
9832, 6
9833, 3
9834, 5
9835, 1
9836, 10
9837, 2
9838, 5
9840, 5
9841, 2
9842, 5
9843, 4
9844, 3
9845, 3
9846, 5
9847, 1
9848, 4
9849, 2
9851, 4
9852, 2
9853, 2
9854, 1
9855, 1
9856, 1
9858, 1
9859, 3
9860, 2
9862, 5
9863, 2
9864, 5
9865, 2
9866, 3
9867, 1
9868, 2
9869, 1
9870, 3
9871, 2
9872, 3
9873, 1
9874, 2
9875, 2
9876, 2
9877, 5
9878, 3
9879, 2
9880, 1
9881, 3
9882, 6
9883, 1
9884, 1
9885, 1
9886, 3
9887, 4
9888, 4
9889, 2
9890, 1
9891, 4
9892, 2
9893, 2
9894, 5
9895, 1
9896, 5
9897, 2
9898, 4
9899, 4
9900, 4
9901, 4
9902, 5
9903, 2
9904, 3
9905, 4
9906, 2
9907, 7
9908, 4
9909, 1
9910, 4
9911, 3
9912, 5
9913, 4
9914, 7
9915, 5
9916, 5
9917, 5
9918, 5
9919, 4
9920, 2
9921, 7
9922, 5
9923, 2
9924, 4
9925, 2
9926, 5
9927, 2
9928, 4
9929, 4
9930, 4
9931, 2
9932, 5
9933, 4
9934, 1
9935, 2
9936, 2
9937, 1
9938, 2
9939, 2
9940, 2
9942, 1
9943, 1
9944, 2
9945, 1
9946, 2
9947, 3
9948, 3
9949, 1
9950, 7
9951, 3
9952, 1
9953, 1
9954, 1
9955, 2
9956, 2
9957, 4
9958, 1
9959, 2
9960, 2
9961, 1
9962, 5
9963, 3
9964, 4
9966, 3
9967, 4
9968, 3
9969, 2
9971, 3
9972, 4
9973, 5
9974, 1
9975, 2
9976, 2
9977, 3
9978, 3
9979, 2
9980, 4
9981, 1
9982, 5
9983, 2
9984, 5
9985, 2
9986, 7
9987, 5
9988, 2
9989, 3
9990, 3
9991, 2
9992, 7
9993, 3
9994, 3
9995, 3
9996, 4
9997, 4
9998, 4
9999, 5
10000, 5
10001, 6
10002, 5
10003, 5
10004, 4
10005, 6
10006, 3
10007, 6
10008, 3
10009, 4
10010, 1
10011, 5
10012, 3
10013, 1
10014, 7
10015, 3
10016, 3
10017, 4
10018, 3
10019, 4
10020, 1
10022, 4
10023, 2
10024, 3
10027, 2
10029, 1
10030, 3
10031, 2
10032, 2
10033, 1
10034, 4
10035, 5
10036, 4
10037, 1
10038, 2
10039, 1
10040, 1
10041, 3
10042, 2
10043, 2
10044, 2
10045, 3
10046, 1
10047, 2
10048, 5
10049, 2
10050, 3
10051, 2
10052, 3
10053, 4
10054, 3
10057, 4
10058, 4
10059, 4
10060, 2
10061, 2
10062, 2
10063, 3
10064, 2
10065, 3
10066, 4
10067, 3
10068, 3
10069, 3
10070, 6
10071, 3
10072, 5
10073, 3
10074, 3
10075, 3
10076, 3
10077, 3
10078, 6
10079, 4
10080, 2
10081, 3
10082, 4
10083, 7
10084, 2
10085, 6
10086, 6
10087, 4
10088, 7
10089, 4
10090, 3
10091, 4
10092, 8
10093, 4
10094, 3
10095, 2
10096, 5
10097, 2
10098, 2
10099, 6
10100, 2
10101, 4
10102, 2
10103, 5
10104, 5
10105, 1
10107, 3
10108, 1
10109, 3
10110, 2
10112, 1
10113, 1
10114, 2
10115, 2
10116, 1
10117, 1
10118, 3
10119, 2
10120, 2
10121, 7
10122, 3
10123, 1
10124, 1
10125, 2
10126, 2
10127, 1
10128, 3
10129, 2
10130, 3
10131, 1
10132, 3
10133, 3
10134, 2
10135, 5
10137, 4
10138, 3
10139, 4
10140, 1
10142, 1
10143, 5
10144, 5
10145, 2
10146, 2
10147, 2
10148, 4
10149, 2
10150, 3
10151, 2
10152, 4
10153, 4
10154, 3
10155, 3
10156, 2
10157, 6
10158, 4
10159, 3
10160, 4
10161, 2
10162, 3
10163, 9
10164, 1
10165, 3
10166, 2
10167, 4
10168, 5
10169, 5
10170, 2
10171, 9
10172, 5
10173, 5
10174, 5
10175, 4
10176, 5
10177, 4
10178, 7
10179, 1
10180, 4
10181, 2
10182, 6
10183, 1
10184, 2
10185, 6
10186, 3
10187, 3
10188, 4
10189, 3
10190, 4
10192, 2
10193, 3
10195, 5
10197, 1
10198, 1
10200, 3
10201, 2
10203, 4
10204, 2
10205, 1
10206, 5
10207, 5
10208, 1
10209, 1
10210, 2
10211, 1
10212, 3
10213, 2
10214, 3
10216, 3
10217, 2
10218, 3
10219, 4
10220, 4
10221, 1
10222, 2
10223, 4
10224, 4
10225, 2
10227, 1
10228, 5
10229, 3
10230, 3
10231, 2
10232, 1
10233, 4
10234, 3
10235, 1
10236, 5
10237, 1
10238, 4
10239, 3
10240, 6
10241, 2
10242, 6
10243, 3
10244, 3
10245, 4
10246, 3
10247, 2
10248, 4
10249, 7
10250, 3
10252, 4
10253, 5
10254, 4
10255, 4
10256, 8
10257, 4
10258, 5
10259, 5
10260, 5
10261, 4
10262, 5
10263, 7
10264, 2
10265, 2
10266, 4
10267, 4
10268, 3
10269, 2
10270, 6
10271, 3
10272, 3
10273, 3
10274, 3
10275, 5
10276, 1
10277, 2
10278, 2
10279, 2
10280, 2
10281, 1
10282, 2
10284, 1
10285, 1
10286, 2
10287, 2
10288, 2
10289, 2
10290, 2
10291, 4
10292, 6
10293, 1
10294, 2
10295, 2
10297, 2
10298, 2
10299, 3
10300, 2
10301, 2
10302, 2
10303, 3
10304, 4
10305, 4
10306, 2
10307, 1
10308, 3
10309, 2
10310, 5
10311, 1
10312, 1
10313, 1
10314, 4
10315, 5
10316, 3
10317, 1
10318, 3
10319, 3
10320, 2
10321, 3
10322, 2
10323, 5
10324, 3
10325, 3
10326, 4
10327, 4
10328, 4
10329, 5
10330, 2
10331, 2
10332, 3
10333, 4
10334, 7
10335, 4
10336, 1
10337, 4
10338, 3
10339, 5
10340, 3
10341, 7
10342, 4
10343, 6
10344, 4
10345, 6
10346, 5
10347, 3
10348, 4
10349, 7
10350, 2
10351, 3
10352, 2
10353, 7
10354, 1
10355, 5
10356, 3
10357, 3
10358, 2
10359, 5
10360, 4
10361, 3
10362, 1
10363, 2
10364, 2
10365, 3
10366, 1
10367, 1
10369, 2
10371, 2
10372, 3
10373, 1
10374, 1
10375, 3
10376, 2
10377, 6
10378, 5
10379, 1
10380, 2
10382, 1
10383, 2
10384, 4
10385, 1
10386, 3
10387, 1
10388, 1
10389, 5
10390, 3
10391, 4
10392, 1
10393, 3
10394, 3
10395, 3
10396, 3
10398, 1
10399, 5
10400, 2
10401, 3
10402, 3
10403, 2
10404, 1
10405, 4
10406, 3
10407, 4
10408, 2
10409, 4
10410, 2
10411, 6
10412, 3
10413, 5
10414, 3
10415, 2
10416, 3
10417, 4
10418, 3
10419, 5
10420, 6
10421, 3
10422, 2
10423, 3
10424, 5
10425, 4
10426, 3
10427, 6
10428, 7
10429, 3
10430, 8
10431, 5
10432, 3
10433, 3
10434, 8
10435, 3
10436, 2
10437, 3
10438, 3
10439, 4
10440, 2
10441, 5
10442, 4
10443, 3
10444, 5
10445, 1
10446, 6
10448, 1
10449, 3
10450, 3
10451, 1
10452, 1
10453, 1
10454, 1
10455, 1
10456, 1
10457, 2
10458, 3
10460, 2
10461, 4
10462, 3
10463, 6
10464, 2
10466, 3
10467, 1
10468, 2
10469, 2
10470, 3
10471, 1
10472, 3
10473, 1
10474, 3
10475, 5
10476, 3
10477, 2
10478, 2
10479, 1
10480, 4
10481, 5
10484, 5
10485, 2
10486, 4
10487, 2
10488, 2
10489, 1
10490, 4
10491, 3
10492, 1
10493, 5
10494, 3
10495, 4
10496, 4
10497, 3
10498, 2
10499, 6
10500, 4
10501, 3
10502, 3
10503, 4
10504, 1
10505, 8
10506, 3
10507, 2
10508, 3
10509, 4
10510, 5
10511, 2
10512, 7
10513, 4
10514, 8
10515, 4
10516, 5
10517, 5
10518, 4
10519, 5
10520, 5
10521, 2
10522, 5
10523, 1
10524, 5
10525, 2
10526, 6
10527, 2
10528, 4
10529, 2
10530, 3
10531, 4
10532, 4
10533, 1
10534, 2
10535, 2
10536, 1
10537, 3
10538, 1
10539, 1
10541, 2
10542, 1
10543, 3
10544, 1
10545, 3
10547, 5
10548, 5
10549, 3
10550, 2
10551, 1
10552, 1
10553, 1
10554, 3
10555, 3
10556, 2
10557, 3
10558, 1
10559, 1
10560, 5
10561, 2
10562, 4
10563, 1
10564, 3
10565, 3
10566, 5
10567, 1
10569, 1
10570, 2
10571, 8
10572, 2
10573, 2
10574, 1
10575, 3
10576, 4
10577, 2
10578, 3
10579, 3
10580, 4
10581, 3
10582, 5
10583, 1
10584, 4
10585, 5
10586, 5
10587, 2
10588, 4
10589, 2
10590, 5
10591, 4
10592, 3
10593, 2
10594, 4
10595, 5
10596, 5
10597, 5
10598, 4
10599, 7
10600, 3
10601, 5
10602, 6
10603, 3
10604, 6
10605, 6
10606, 3
10607, 3
10608, 2
10609, 5
10610, 2
10611, 1
10612, 7
10613, 1
10614, 5
10615, 5
10616, 2
10617, 5
10619, 2
10620, 2
10621, 1
10622, 3
10623, 2
10625, 1
10626, 1
10627, 1
10628, 3
10629, 1
10630, 2
10631, 4
10632, 2
10633, 3
10634, 4
10635, 3
10636, 2
10638, 2
10639, 2
10640, 2
10641, 3
10642, 1
10643, 3
10644, 1
10645, 4
10646, 4
10647, 2
10648, 3
10649, 1
10650, 1
10651, 6
10652, 4
10654, 1
10655, 4
10656, 1
10657, 5
10658, 2
10659, 2
10660, 3
10661, 2
10662, 3
10663, 2
10664, 4
10665, 5
10666, 2
10667, 4
10668, 4
10669, 2
10670, 4
10671, 5
10672, 3
10673, 3
10674, 2
10675, 4
10676, 5
10677, 4
10678, 3
10679, 4
10680, 4
10681, 4
10682, 5
10683, 3
10684, 8
10685, 5
10686, 4
10687, 6
10688, 4
10689, 4
10690, 2
10691, 8
10692, 4
10693, 2
10694, 2
10695, 6
10696, 1
10697, 5
10698, 3
10699, 4
10700, 3
10701, 4
10702, 4
10703, 2
10704, 2
10705, 1
10706, 2
10707, 1
10708, 3
10709, 1
10710, 1
10712, 2
10713, 1
10714, 3
10716, 3
10717, 2
10718, 3
10719, 5
10720, 4
10721, 1
10722, 3
10724, 2
10725, 1
10726, 4
10727, 1
10728, 3
10729, 2
10730, 1
10731, 4
10732, 5
10733, 3
10735, 3
10736, 2
10737, 6
10738, 1
10740, 2
10741, 4
10742, 2
10743, 5
10744, 2
10745, 1
10746, 3
10747, 4
10748, 1
10749, 4
10750, 2
10751, 5
10752, 1
10753, 6
10754, 5
10755, 1
10756, 6
10757, 4
10758, 3
10759, 1
10760, 4
10761, 4
10762, 6
10763, 3
10764, 3
10765, 3
10766, 5
10767, 3
10768, 5
10769, 5
10770, 7
10771, 6
10772, 5
10773, 3
10774, 4
10775, 5
10776, 6
10777, 3
10778, 4
10779, 1
10780, 5
10781, 2
10782, 2
10783, 7
10784, 3
10785, 1
10786, 6
10787, 1
10788, 6
10790, 2
10791, 3
10793, 3
10794, 2
10795, 1
10796, 1
10798, 1
10799, 2
10800, 3
10801, 1
10802, 3
10803, 3
10804, 6
10805, 2
10806, 2
10808, 2
10809, 1
10810, 3
10811, 2
10812, 2
10813, 2
10814, 4
10816, 3
10817, 2
10818, 3
10819, 5
10820, 1
10821, 3
10822, 6
10823, 2
10825, 1
10826, 3
10827, 3
10828, 4
10829, 3
10830, 1
10831, 3
10832, 3
10833, 2
10834, 4
10835, 2
10836, 5
10837, 2
10838, 3
10839, 5
10840, 3
10841, 4
10842, 3
10843, 4
10844, 4
10845, 1
10846, 4
10847, 7
10848, 3
10849, 3
10850, 3
10851, 5
10852, 2
10853, 5
10854, 6
10855, 5
10856, 5
10857, 4
10858, 8
10859, 2
10860, 5
10861, 6
10862, 5
10863, 3
10864, 2
10865, 1
10866, 7
10867, 1
10868, 5
10869, 4
10870, 3
10871, 2
10872, 6
10873, 5
10875, 1
10876, 1
10877, 3
10878, 3
10879, 1
10880, 1
10881, 1
10883, 1
10884, 3
10885, 1
10886, 2
10887, 2
10888, 2
10889, 4
10890, 5
10891, 3
10892, 1
10893, 3
10895, 2
10896, 2
10897, 1
10898, 3
10899, 3
10900, 2
10901, 1
10902, 5
10903, 3
10904, 3
10905, 1
10906, 3
10907, 4
10908, 4
10909, 1
10911, 2
10912, 4
10913, 3
10914, 3
10915, 2
10916, 2
10917, 3
10918, 2
10919, 3
10920, 4
10921, 2
10922, 4
10923, 4
10924, 5
10925, 2
10926, 3
10927, 7
10928, 2
10929, 2
10930, 4
10931, 3
10932, 8
10933, 3
10934, 2
10935, 1
10936, 4
10937, 6
10938, 4
10939, 3
10940, 7
10941, 6
10942, 4
10943, 5
10944, 4
10945, 3
10946, 6
10947, 7
10948, 3
10949, 3
10950, 2
10951, 7
10952, 1
10953, 1
10954, 6
10955, 2
10956, 4
10957, 5
10958, 3
10959, 3
10960, 1
10961, 2
10962, 3
10963, 2
10964, 2
10965, 1
10967, 2
10969, 1
10970, 3
10971, 2
10972, 1
10973, 3
10974, 1
10975, 5
10976, 5
10977, 2
10978, 1
10979, 2
10980, 1
10981, 2
10982, 1
10983, 4
10984, 2
10985, 2
10986, 2
10987, 3
10988, 3
10989, 4
10990, 2
10991, 2
10992, 2
10993, 6
10994, 2
10996, 1
10997, 4
10998, 2
10999, 5
11000, 1
11001, 2
11002, 3
11003, 4
11004, 1
11005, 3
11006, 3
11007, 3
11008, 4
11009, 3
11010, 4
11011, 4
11012, 5
11013, 4
11014, 3
11015, 2
11016, 4
11017, 3
11018, 7
11019, 2
11020, 3
11021, 3
11022, 3
11023, 6
11024, 4
11025, 6
11026, 4
11027, 5
11028, 6
11029, 5
11030, 4
11031, 4
11032, 8
11033, 2
11034, 5
11035, 2
11036, 1
11037, 6
11038, 1
11039, 3
11040, 5
11041, 4
11042, 2
11043, 5
11044, 4
11045, 2
11046, 1
11047, 3
11048, 1
11049, 3
11050, 2
11052, 1
11053, 1
11054, 1
11055, 1
11056, 3
11057, 2
11058, 2
11059, 2
11060, 2
11061, 6
11062, 3
11063, 2
11064, 1
11065, 1
11066, 2
11067, 1
11068, 3
11069, 3
11070, 3
11072, 2
11073, 4
11074, 5
11075, 3
11077, 2
11078, 4
11079, 5
11080, 1
11082, 2
11083, 4
11084, 2
11085, 4
11086, 2
11087, 2
11088, 4
11089, 3
11090, 3
11091, 2
11092, 2
11093, 5
11094, 3
11095, 5
11096, 3
11097, 2
11098, 6
11099, 4
11100, 3
11101, 2
11102, 2
11103, 6
11104, 5
11105, 3
11106, 3
11107, 4
11108, 4
11109, 3
11110, 6
11111, 4
11112, 6
11113, 7
11114, 4
11115, 3
11116, 6
11117, 3
11118, 8
11119, 2
11120, 3
11121, 2
11122, 5
11123, 2
11124, 3
11125, 5
11126, 4
11127, 2
11128, 4
11129, 3
11130, 5
11131, 1
11133, 4
11134, 2
11135, 2
11136, 1
11138, 1
11139, 1
11140, 2
11141, 2
11142, 1
11143, 2
11144, 2
11145, 3
11146, 8
11147, 1
11148, 2
11149, 1
11150, 2
11152, 3
11153, 3
11154, 1
11155, 2
11156, 2
11157, 2
11158, 3
11159, 4
11160, 5
11161, 1
11162, 2
11163, 1
11164, 5
11165, 4
11168, 5
11169, 3
11170, 3
11171, 2
11172, 2
11173, 2
11174, 4
11175, 2
11176, 3
11177, 3
11178, 5
11179, 3
11180, 2
11181, 5
11182, 4
11183, 4
11184, 3
11185, 3
11186, 3
11187, 4
11188, 2
11189, 8
11190, 2
11191, 2
11192, 3
11193, 5
11194, 5
11195, 3
11196, 5
11197, 10
11198, 3
11199, 6
11200, 4
11201, 4
11202, 3
11203, 5
11204, 6
11205, 2
11206, 3
11207, 3
11208, 4
11209, 2
11210, 4
11211, 5
11212, 5
11214, 5
11215, 5
11216, 1
11217, 2
11218, 2
11219, 1
11220, 3
11221, 2
11222, 1
11224, 1
11225, 1
11226, 3
11228, 2
11229, 3
11230, 2
11231, 2
11232, 8
11233, 2
11234, 1
11235, 1
11236, 1
11237, 2
11238, 2
11239, 2
11240, 3
11241, 1
11242, 2
11243, 3
11244, 2
11245, 4
11246, 5
11248, 2
11249, 6
11250, 4
11253, 2
11254, 4
11255, 4
11256, 2
11257, 2
11258, 1
11259, 4
11260, 3
11261, 3
11262, 4
11263, 3
11264, 4
11265, 3
11266, 4
11267, 1
11268, 7
11269, 2
11270, 4
11271, 3
11272, 2
11273, 3
11274, 6
11275, 5
11276, 3
11277, 3
11278, 3
11279, 5
11280, 4
11281, 4
11282, 5
11283, 8
11284, 5
11285, 4
11286, 4
11287, 4
11288, 4
11289, 7
11290, 4
11291, 3
11292, 1
11293, 5
11294, 2
11295, 3
11296, 6
11297, 2
11298, 4
11299, 5
11300, 1
11301, 5
11303, 3
11304, 2
11305, 1
11306, 3
11307, 1
11309, 2
11311, 1
11312, 3
11313, 1
11314, 2
11315, 3
11316, 2
11317, 6
11318, 3
11319, 2
11320, 2
11321, 1
11322, 2
11323, 2
11324, 2
11325, 2
11326, 1
11327, 2
11328, 2
11329, 4
11330, 3
11331, 4
11332, 2
11333, 1
11334, 5
11335, 5
11336, 1
11339, 5
11340, 2
11341, 4
11342, 3
11343, 1
11344, 3
11345, 4
11346, 2
11347, 3
11348, 2
11349, 6
11350, 1
11351, 5
11352, 2
11353, 5
11354, 5
11355, 3
11356, 4
11357, 3
11358, 2
11359, 4
11360, 6
11361, 3
11362, 1
11363, 3
11364, 5
11365, 6
11366, 2
11367, 8
11368, 6
11369, 3
11370, 5
11371, 6
11372, 3
11373, 4
11374, 5
11375, 5
11376, 4
11377, 3
11378, 2
11379, 5
11380, 1
11381, 5
11382, 4
11383, 5
11384, 2
11385, 4
11386, 3
11387, 2
11388, 1
11389, 3
11390, 1
11391, 3
11392, 2
11394, 1
11395, 1
11397, 2
11398, 3
11399, 1
11400, 2
11401, 3
11402, 5
11403, 4
11404, 3
11405, 1
11406, 1
11407, 2
11408, 2
11410, 4
11411, 2
11412, 3
11413, 1
11414, 2
11415, 3
11416, 4
11417, 4
11418, 1
11419, 2
11420, 4
11421, 4
11422, 1
11424, 3
11425, 3
11426, 4
11427, 3
11428, 1
11429, 3
11430, 2
11431, 5
11432, 2
11433, 2
11434, 4
11435, 4
11436, 2
11437, 5
11438, 3
11439, 3
11440, 5
11441, 3
11442, 2
11443, 5
11444, 2
11445, 8
11446, 2
11447, 3
11448, 2
11449, 3
11450, 5
11451, 4
11452, 4
11453, 9
11454, 5
11455, 4
11456, 4
11457, 7
11458, 1
11459, 6
11460, 6
11461, 3
11462, 4
11463, 2
11464, 5
11465, 1
11466, 3
11467, 5
11468, 4
11469, 3
11470, 4
11471, 2
11472, 5
11473, 1
11475, 4
11476, 2
11477, 2
11478, 1
11480, 2
11481, 1
11482, 2
11483, 2
11484, 1
11485, 1
11486, 2
11487, 3
11488, 5
11489, 5
11490, 1
11491, 2
11492, 1
11493, 2
11494, 2
11496, 5
11498, 3
11499, 1
11500, 3
11501, 5
11502, 3
11503, 2
11504, 2
11505, 3
11506, 5
11507, 2
11509, 1
11510, 3
11511, 4
11512, 4
11513, 2
11514, 1
11515, 4
11516, 2
11517, 3
11518, 3
11519, 2
11520, 5
11521, 4
11522, 3
11523, 3
11524, 4
11525, 5
11526, 4
11527, 2
11528, 3
11529, 3
11530, 3
11531, 7
11532, 2
11533, 2
11534, 5
11535, 3
11536, 6
11537, 2
11538, 8
11539, 6
11540, 3
11541, 5
11542, 5
11543, 4
11544, 4
11545, 7
11546, 5
11547, 2
11548, 3
11549, 2
11550, 5
11551, 2
11552, 3
11553, 4
11554, 4
11555, 2
11556, 6
11557, 3
11558, 3
11559, 1
11560, 1
11561, 2
11562, 3
11563, 2
11564, 1
11566, 1
11568, 4
11569, 1
11570, 1
11571, 3
11572, 1
11573, 6
11574, 3
11575, 3
11576, 1
11577, 3
11579, 3
11580, 1
11581, 3
11582, 2
11583, 2
11584, 2
11585, 1
11586, 5
11587, 4
11588, 3
11589, 1
11590, 2
11591, 3
11592, 4
11593, 2
11595, 3
11596, 4
11597, 4
11598, 2
11599, 2
11600, 2
11601, 4
11602, 2
11603, 3
11604, 3
11605, 3
11606, 3
11607, 3
11608, 5
11609, 3
11610, 3
11611, 6
11612, 3
11613, 2
11614, 4
11615, 2
11616, 8
11617, 3
11618, 2
11619, 2
11620, 6
11621, 4
11622, 4
11623, 5
11624, 3
11625, 9
11626, 4
11627, 4
11628, 5
11629, 4
11630, 3
11631, 7
11632, 4
11633, 3
11634, 1
11635, 7
11637, 5
11638, 4
11639, 3
11640, 2
11641, 6
11642, 2
11643, 4
11645, 2
11646, 3
11647, 2
11648, 2
11649, 1
11651, 2
11653, 3
11654, 2
11656, 1
11657, 4
11658, 3
11659, 6
11660, 2
11661, 2
11662, 2
11663, 1
11664, 1
11665, 3
11666, 2
11667, 2
11668, 3
11669, 1
11670, 2
11671, 3
11672, 5
11673, 3
11674, 1
11675, 3
11676, 1
11677, 5
11678, 3
11680, 2
11681, 4
11682, 2
11683, 4
11684, 2
11685, 2
11686, 3
11687, 3
11688, 2
11689, 4
11691, 6
11692, 2
11693, 4
11694, 3
11695, 8
11697, 5
11698, 3
11699, 3
11700, 3
11701, 7
11702, 3
11703, 4
11704, 2
11705, 3
11706, 5
11707, 5
11708, 2
11709, 6
11710, 7
11711, 5
11712, 4
11713, 7
11714, 2
11715, 3
11716, 10
11717, 1
11718, 3
11719, 3
11720, 4
11721, 4
11722, 1
11723, 5
11724, 4
11725, 3
11726, 2
11727, 5
11728, 3
11729, 3
11731, 3
11732, 2
11733, 1
11734, 3
11736, 1
11737, 1
11738, 1
11739, 2
11740, 2
11741, 1
11742, 3
11743, 3
11744, 3
11745, 6
11746, 1
11747, 2
11748, 2
11750, 2
11751, 1
11752, 4
11753, 2
11754, 2
11755, 2
11756, 2
11757, 5
11758, 1
11759, 5
11760, 1
11761, 2
11762, 3
11763, 6
11766, 4
11767, 2
11768, 6
11770, 3
11771, 3
11772, 3
11773, 2
11774, 2
11775, 4
11776, 5
11777, 2
11778, 2
11779, 5
11780, 2
11781, 4
11782, 6
11783, 3
11784, 3
11785, 4
11786, 1
11787, 6
11788, 5
11789, 2
11790, 2
11791, 5
11792, 5
11793, 5
11794, 2
11795, 7
11796, 6
11797, 5
11798, 5
11799, 6
11800, 3
11801, 6
11802, 4
11803, 3
11804, 2
11805, 2
11806, 5
11807, 3
11808, 3
11809, 4
11810, 4
11811, 3
11812, 4
11813, 4
11814, 3
11815, 1
11816, 2
11817, 2
11818, 3
11820, 2
11821, 1
11822, 1
11824, 1
11825, 4
11826, 1
11827, 2
11828, 2
11829, 3
11830, 6
11831, 2
11832, 3
11833, 2
11835, 2
11836, 2
11837, 2
11838, 3
11839, 1
11840, 3
11841, 1
11842, 5
11843, 2
11844, 4
11845, 1
11846, 1
11847, 3
11848, 7
11849, 1
11851, 2
11852, 5
11853, 3
11854, 3
11855, 2
11857, 4
11858, 3
11859, 1
11860, 5
11861, 2
11862, 5
11863, 3
11864, 4
11865, 2
11866, 7
11867, 1
11868, 4
11869, 4
11870, 1
11871, 5
11872, 4
11873, 6
11874, 3
11876, 5
11877, 4
11878, 5
11879, 4
11880, 6
11881, 5
11882, 5
11883, 6
11884, 3
11885, 5
11886, 5
11887, 7
11888, 2
11889, 5
11890, 1
11891, 4
11892, 3
11893, 2
11894, 6
11895, 2
11896, 4
11897, 4
11898, 3
11899, 4
11900, 1
11901, 1
11902, 3
11903, 2
11904, 2
11905, 1
11906, 2
11907, 1
11909, 1
11910, 3
11911, 1
11912, 2
11913, 3
11914, 3
11916, 8
11917, 2
11919, 3
11920, 1
11921, 1
11922, 2
11923, 4
11924, 1
11925, 4
11927, 3
11928, 3
11929, 3
11930, 4
11931, 1
11932, 2
11933, 5
11934, 4
11937, 5
11938, 2
11939, 5
11940, 1
11941, 2
11942, 4
11943, 2
11944, 2
11945, 2
11946, 3
11947, 4
11948, 3
11949, 5
11950, 3
11951, 2
11952, 7
11953, 4
11954, 1
11955, 4
11956, 3
11957, 4
11958, 4
11959, 5
11960, 2
11961, 3
11962, 4
11963, 6
11964, 3
11965, 5
11966, 6
11967, 5
11968, 4
11969, 7
11970, 5
11971, 2
11972, 6
11973, 5
11974, 2
11975, 4
11976, 2
11977, 4
11978, 4
11979, 4
11980, 2
11981, 6
11982, 1
11983, 4
11984, 6
11985, 1
11986, 1
11987, 1
11988, 3
11989, 2
11990, 1
11991, 2
11992, 1
11993, 1
11994, 1
11995, 1
11996, 2
11997, 2
11998, 2
11999, 2
12000, 3
12001, 6
12002, 4
12004, 2
12005, 1
12006, 1
12007, 2
12008, 3
12009, 3
12010, 2
12011, 2
12013, 4
12014, 4
12015, 5
12017, 1
12018, 4
12019, 5
12020, 2
12022, 2
12023, 4
12024, 2
12025, 4
12026, 3
12028, 3
12029, 3
12030, 3
12031, 4
12032, 4
12033, 3
12034, 1
12035, 5
12036, 5
12037, 4
12038, 4
12039, 4
12040, 2
12041, 4
12042, 1
12043, 4
12044, 6
12045, 4
12046, 1
12047, 4
12048, 5
12049, 5
12050, 2
12051, 7
12052, 6
12053, 5
12054, 5
12055, 5
12056, 4
12057, 3
12058, 7
12059, 4
12060, 4
12061, 1
12062, 5
12063, 2
12064, 2
12065, 6
12066, 4
12067, 3
12068, 2
12069, 4
12070, 4
12071, 1
12072, 2
12073, 3
12074, 2
12075, 1
12076, 2
12078, 1
12079, 1
12080, 1
12081, 3
12082, 1
12083, 3
12084, 3
12085, 1
12086, 3
12087, 6
12088, 1
12089, 1
12090, 2
12091, 1
12092, 3
12093, 1
12094, 5
12095, 1
12096, 2
12097, 1
12098, 3
12099, 4
12100, 3
12101, 3
12102, 2
12103, 1
12104, 5
12105, 4
12107, 1
12108, 4
12109, 3
12110, 3
12111, 2
12112, 2
12113, 1
12114, 5
12115, 2
12116, 1
12117, 5
12118, 5
12119, 1
12120, 4
12121, 4
12122, 4
12123, 4
12124, 4
12125, 3
12126, 4
12127, 3
12128, 1
12129, 9
12130, 2
12131, 2
12132, 4
12133, 3
12134, 4
12135, 4
12136, 7
12137, 3
12138, 8
12139, 6
12140, 4
12141, 4
12142, 2
12143, 5
12144, 6
12145, 5
12146, 2
12147, 2
12148, 5
12149, 2
12150, 4
12151, 4
12152, 2
12153, 4
12154, 5
12155, 3
12156, 3
12158, 3
12159, 2
12160, 3
12161, 2
12163, 1
12164, 1
12165, 1
12166, 2
12167, 2
12169, 3
12170, 3
12171, 2
12172, 7
12173, 3
12175, 2
12176, 1
12177, 2
12178, 1
12179, 3
12180, 3
12181, 3
12183, 2
12184, 5
12185, 2
12186, 3
12187, 2
12188, 3
12189, 2
12190, 6
12191, 1
12193, 2
12194, 5
12195, 3
12196, 2
12197, 2
12198, 2
12199, 3
12200, 2
12201, 3
12202, 5
12204, 6
12205, 2
12206, 5
12207, 1
12208, 6
12209, 3
12210, 4
12211, 4
12212, 3
12213, 2
12214, 5
12215, 6
12216, 2
12217, 3
12218, 2
12219, 7
12220, 3
12221, 4
12222, 5
12223, 8
12224, 5
12225, 4
12226, 5
12227, 5
12228, 3
12229, 8
12230, 2
12231, 2
12232, 3
12233, 4
12234, 4
12235, 1
12236, 6
12237, 3
12238, 3
12239, 4
12240, 3
12241, 4
12242, 2
12244, 3
12245, 2
12246, 2
12247, 2
12249, 1
12250, 1
12251, 2
12252, 2
12253, 2
12254, 1
12255, 4
12256, 2
12257, 1
12258, 7
12259, 2
12260, 2
12261, 1
12263, 3
12264, 1
12265, 4
12266, 1
12267, 3
12268, 2
12269, 2
12270, 5
12271, 2
12272, 3
12273, 1
12274, 3
12275, 2
12276, 6
12278, 1
12279, 4
12280, 3
12281, 3
12282, 3
12284, 4
12285, 4
12286, 1
12287, 3
12288, 3
12289, 4
12290, 3
12291, 2
12292, 5
12293, 3
12294, 6
12295, 4
12296, 3
12297, 2
12298, 5
12299, 1
12300, 8
12301, 2
12302, 2
12303, 4
12304, 2
12305, 7
12306, 3
12307, 5
12308, 6
12309, 7
12310, 5
12311, 5
12312, 4
12313, 2
12314, 3
12315, 8
12316, 3
12317, 3
12318, 4
12319, 4
12320, 1
12321, 1
12322, 7
12323, 4
12324, 2
12325, 6
12326, 2
12327, 3
12328, 1
12329, 3
12330, 1
12331, 2
12332, 2
12333, 1
12334, 1
12335, 1
12337, 2
12338, 3
12339, 1
12340, 3
12341, 2
12342, 4
12343, 4
12344, 4
12346, 2
12347, 1
12348, 2
12349, 2
12350, 2
12351, 3
12352, 2
12353, 2
12355, 4
12356, 4
12357, 5
12358, 1
12359, 1
12360, 4
12361, 5
12362, 1
12364, 1
12365, 6
12366, 1
12367, 5
12368, 2
12370, 5
12371, 3
12372, 1
12373, 4
12374, 3
12375, 4
12376, 3
12377, 4
12378, 3
12379, 4
12380, 4
12381, 4
12382, 4
12383, 2
12384, 3
12385, 8
12386, 1
12387, 4
12388, 2
12389, 4
12390, 4
12391, 5
12392, 2
12393, 7
12394, 8
12395, 1
12396, 7
12397, 4
12398, 5
12399, 4
12400, 7
12401, 3
12402, 3
12403, 2
12404, 5
12405, 2
12406, 3
12407, 5
12408, 4
12409, 2
12410, 4
12411, 3
12412, 5
12414, 1
12415, 3
12416, 2
12417, 3
12418, 1
12419, 1
12421, 1
12422, 2
12423, 2
12424, 2
12425, 1
12426, 2
12427, 3
12428, 6
12429, 2
12430, 3
12431, 2
12432, 1
12433, 1
12434, 2
12435, 1
12436, 4
12437, 2
12438, 2
12439, 1
12440, 3
12441, 4
12442, 4
12443, 2
12444, 2
12445, 3
12446, 3
12447, 3
12448, 1
12450, 5
12451, 1
12452, 5
12453, 3
12454, 1
12455, 4
12456, 3
12457, 2
12458, 4
12460, 6
12461, 2
12462, 5
12463, 2
12464, 5
12465, 4
12466, 3
12467, 3
12468, 3
12469, 5
12470, 2
12471, 7
12472, 1
12473, 3
12474, 4
12475, 4
12476, 5
12477, 3
12478, 6
12479, 5
12480, 7
12481, 3
12482, 6
12483, 5
12484, 3
12485, 6
12486, 4
12487, 4
12488, 2
12489, 4
12490, 4
12491, 1
12492, 3
12493, 5
12494, 4
12495, 2
12496, 5
12497, 3
12498, 3
12499, 1
12500, 4
12502, 3
12503, 1
12504, 1
12505, 1
12506, 1
12508, 2
12509, 2
12510, 3
12512, 4
12513, 2
12514, 6
12515, 4
12517, 2
12518, 1
12519, 2
12520, 1
12521, 4
12522, 1
12523, 4
12525, 2
12526, 5
12527, 2
12528, 5
12530, 2
12531, 5
12532, 4
12533, 1
12535, 1
12536, 6
12537, 2
12538, 3
12539, 3
12541, 5
12542, 2
12543, 4
12544, 2
12545, 3
12546, 4
12547, 3
12548, 4
12549, 3
12550, 4
12551, 4
12552, 4
12553, 3
12554, 4
12555, 3
12556, 5
12557, 5
12558, 1
12559, 2
12560, 3
12561, 5
12562, 7
12563, 3
12564, 7
12565, 4
12566, 4
12567, 9
12568, 4
12569, 4
12570, 5
12571, 3
12572, 5
12573, 2
12574, 2
12575, 6
12576, 2
12577, 2
12578, 5
12579, 3
12580, 4
12581, 3
12582, 4
12583, 3
12584, 1
12585, 1
12586, 4
12587, 1
12588, 2
12589, 2
12591, 2
12593, 1
12594, 2
12595, 3
12596, 2
12597, 2
12598, 2
12599, 3
12600, 6
12601, 2
12602, 1
12603, 2
12605, 4
12606, 1
12607, 3
12608, 2
12609, 2
12610, 1
12611, 3
12612, 5
12613, 2
12614, 3
12615, 2
12616, 2
12617, 5
12618, 3
12620, 1
12621, 2
12622, 4
12623, 5
12624, 2
12625, 1
12626, 3
12627, 4
12628, 2
12629, 2
12630, 3
12631, 4
12632, 3
12633, 4
12634, 4
12635, 4
12636, 4
12637, 4
12638, 2
12639, 3
12640, 4
12641, 3
12642, 7
12643, 3
12644, 1
12645, 5
12646, 3
12647, 6
12648, 3
12649, 7
12650, 5
12651, 5
12652, 4
12653, 6
12654, 4
12655, 3
12656, 6
12657, 5
12658, 2
12659, 4
12660, 2
12661, 5
12662, 2
12663, 5
12664, 2
12665, 5
12666, 1
12667, 5
12668, 2
12669, 4
12671, 3
12672, 2
12673, 3
12674, 2
12676, 1
12677, 1
12678, 1
12679, 2
12680, 1
12681, 2
12682, 3
12683, 1
12684, 3
12685, 7
12686, 3
12687, 1
12688, 1
12689, 2
12691, 3
12692, 1
12693, 4
12694, 2
12695, 2
12696, 2
12697, 2
12698, 4
12699, 5
12700, 1
12701, 3
12702, 3
12703, 4
12704, 1
12706, 2
12707, 5
12708, 2
12709, 3
12710, 3
12711, 1
12712, 4
12713, 3
12714, 2
12715, 3
12716, 3
12717, 4
12718, 4
12719, 3
12720, 3
12721, 3
12722, 5
12723, 5
12724, 1
12725, 5
12726, 2
12727, 8
12728, 2
12729, 3
12730, 3
12731, 4
12732, 4
12733, 4
12734, 6
12735, 3
12736, 7
12737, 4
12738, 6
12739, 6
12740, 3
12741, 5
12742, 5
12743, 3
12744, 4
12745, 1
12746, 7
12747, 1
12748, 3
12749, 5
12750, 3
12751, 3
12752, 2
12753, 6
12754, 3
12755, 1
12756, 1
12757, 2
12758, 3
12759, 2
12760, 1
12761, 1
12762, 1
12763, 1
12764, 1
12765, 3
12766, 1
12767, 1
12768, 2
12769, 4
12770, 6
12771, 2
12772, 3
12774, 2
12776, 3
12777, 1
12778, 4
12779, 1
12780, 4
12782, 5
12783, 3
12784, 4
12785, 1
12786, 1
12787, 5
12788, 5
12789, 1
12791, 1
12792, 4
12793, 3
12794, 3
12795, 3
12796, 2
12797, 3
12798, 2
12799, 3
12800, 2
12801, 3
12802, 5
12803, 2
12804, 4
12805, 3
12806, 5
12807, 4
12808, 5
12809, 3
12810, 1
12811, 4
12812, 2
12813, 6
12814, 6
12815, 2
12816, 2
12817, 6
12818, 3
12819, 5
12820, 2
12821, 10
12822, 4
12823, 3
12824, 6
12825, 6
12826, 2
12827, 7
12828, 3
12829, 5
12830, 2
12831, 3
12832, 4
12833, 2
12834, 3
12835, 6
12836, 2
12837, 3
12838, 4
12839, 4
12840, 2
12841, 2
12843, 3
12844, 3
12845, 1
12846, 1
12847, 1
12848, 1
12849, 2
12851, 3
12852, 2
12853, 2
12854, 2
12855, 3
12856, 7
12857, 1
12858, 1
12859, 3
12861, 2
12862, 1
12863, 4
12864, 2
12865, 3
12866, 1
12867, 2
12868, 3
12869, 4
12870, 4
12871, 1
12872, 2
12873, 3
12874, 5
12875, 1
12877, 2
12878, 5
12879, 3
12880, 2
12881, 3
12882, 1
12883, 4
12884, 3
12885, 2
12886, 4
12887, 4
12888, 3
12889, 2
12890, 4
12891, 4
12892, 4
12893, 4
12894, 3
12895, 4
12896, 3
12897, 2
12898, 8
12899, 4
12900, 1
12901, 3
12902, 4
12903, 4
12904, 5
12905, 3
12906, 7
12907, 6
12908, 5
12909, 3
12910, 7
12911, 4
12912, 4
12913, 6
12914, 4
12915, 1
12916, 2
12917, 7
12918, 1
12919, 3
12920, 5
12921, 4
12922, 2
12923, 4
12924, 2
12925, 5
12926, 1
12927, 1
12928, 2
12929, 3
12930, 2
12931, 1
12932, 1
12933, 1
12935, 3
12936, 1
12937, 2
12938, 1
12939, 2
12940, 3
12941, 5
12942, 6
12944, 3
12946, 1
12947, 1
12948, 5
12949, 1
12950, 3
12951, 2
12952, 1
12953, 3
12954, 4
12955, 4
12956, 1
12957, 2
12958, 3
12959, 2
12960, 5
12963, 4
12964, 4
12965, 5
12966, 1
12967, 1
12968, 2
12969, 3
12970, 4
12971, 3
12972, 3
12973, 4
12974, 2
12975, 6
12976, 3
12977, 3
12978, 4
12979, 3
12980, 5
12981, 1
12982, 4
12983, 2
12984, 9
12985, 3
12986, 1
12987, 5
12988, 4
12989, 2
12990, 5
12991, 6
12992, 5
12993, 5
12994, 7
12995, 5
12996, 3
12997, 5
12998, 6
12999, 4
13000, 1
13001, 4
13002, 2
13003, 5
13004, 2
13005, 5
13006, 3
13007, 4
13008, 1
13009, 6
13010, 4
13011, 1
13012, 2
13013, 2
13014, 3
13015, 1
13016, 2
13017, 1
13019, 1
13020, 1
13021, 2
13022, 2
13023, 2
13024, 2
13025, 3
13026, 5
13027, 3
13028, 3
13030, 3
13031, 1
13032, 1
13033, 2
13034, 3
13035, 2
13036, 2
13037, 2
13038, 1
13039, 6
13040, 4
13041, 2
13043, 4
13044, 3
13045, 5
13047, 1
13048, 1
13049, 5
13050, 5
13051, 1
13052, 2
13053, 2
13054, 4
13055, 2
13056, 2
13057, 3
13058, 3
13059, 5
13060, 5
13061, 2
13062, 3
13063, 5
13064, 4
13065, 2
13066, 4
13067, 1
13068, 5
13069, 5
13070, 5
13071, 2
13072, 3
13073, 5
13074, 4
13075, 3
13076, 5
13077, 8
13078, 3
13079, 6
13080, 6
13081, 2
13082, 5
13083, 6
13084, 5
13085, 3
13086, 3
13087, 3
13088, 5
13089, 1
13090, 2
13091, 6
13092, 4
13093, 1
13094, 6
13095, 3
13096, 3
13097, 1
13098, 1
13099, 3
13100, 2
13101, 2
13102, 1
13103, 1
13105, 1
13106, 1
13107, 2
13108, 3
13109, 2
13110, 3
13111, 1
13112, 7
13113, 4
13115, 3
13117, 2
13118, 2
13119, 1
13120, 3
13121, 1
13122, 3
13123, 2
13124, 3
13125, 3
13126, 5
13127, 1
13128, 2
13129, 2
13130, 6
13131, 2
13133, 1
13134, 4
13135, 6
13136, 1
13137, 2
13138, 1
13139, 4
13140, 2
13141, 3
13142, 4
13143, 2
13144, 5
13145, 3
13146, 3
13147, 4
13148, 4
13149, 4
13150, 4
13151, 2
13152, 4
13153, 2
13154, 5
13155, 6
13156, 2
13157, 3
13158, 1
13159, 7
13160, 3
13161, 4
13162, 6
13163, 7
13164, 4
13165, 6
13166, 4
13167, 4
13168, 4
13169, 7
13170, 4
13171, 3
13172, 2
13173, 3
13174, 4
13175, 2
13176, 5
13177, 4
13178, 2
13179, 4
13180, 4
13181, 3
13182, 3
13183, 1
13184, 1
13185, 3
13186, 2
13187, 2
13189, 1
13190, 1
13191, 1
13192, 2
13193, 2
13194, 1
13195, 3
13196, 3
13197, 3
13198, 5
13199, 3
13200, 1
13201, 1
13202, 2
13203, 2
13204, 1
13205, 4
13206, 1
13207, 3
13208, 1
13209, 4
13210, 2
13211, 4
13212, 3
13213, 1
13214, 2
13215, 6
13216, 3
13219, 2
13220, 5
13221, 4
13222, 1
13223, 2
13224, 3
13225, 5
13226, 1
13227, 3
13228, 3
13229, 4
13230, 3
13232, 7
13233, 4
13234, 2
13235, 6
13236, 3
13237, 4
13238, 1
13239, 4
13240, 7
13241, 1
13242, 4
13243, 3
13244, 4
13245, 3
13246, 7
13247, 2
13248, 8
13249, 6
13250, 5
13251, 5
13252, 3
13253, 4
13254, 6
13255, 5
13256, 3
13257, 3
13258, 2
13259, 5
13260, 2
13261, 3
13262, 5
13263, 3
13264, 3
13265, 5
13266, 3
13267, 3
13268, 1
13269, 1
13270, 3
13271, 2
13272, 3
13274, 1
13275, 1
13277, 2
13278, 3
13280, 2
13281, 4
13282, 2
13283, 7
13285, 3
13286, 3
13288, 2
13289, 2
13290, 2
13291, 3
13292, 1
13293, 2
13294, 1
13295, 3
13296, 6
13297, 4
13299, 2
13300, 1
13301, 6
13302, 3
13304, 2
13305, 4
13306, 1
13307, 5
13308, 3
13309, 1
13310, 3
13311, 3
13312, 1
13313, 4
13314, 3
13315, 5
13316, 1
13317, 6
13318, 4
13319, 3
13320, 4
13321, 4
13322, 2
13323, 5
13324, 1
13325, 5
13326, 6
13327, 3
13328, 1
13329, 5
13330, 3
13331, 5
13332, 3
13333, 6
13334, 5
13335, 6
13336, 4
13337, 6
13338, 4
13339, 4
13340, 7
13341, 4
13342, 3
13343, 2
13344, 3
13345, 5
13346, 1
13347, 4
13348, 5
13349, 4
13350, 2
13351, 4
13352, 3
13353, 2
13354, 1
13355, 3
13356, 1
13357, 2
13358, 2
13359, 1
13360, 1
13361, 1
13362, 1
13363, 3
13364, 1
13365, 2
13366, 3
13367, 2
13368, 3
13369, 6
13370, 2
13371, 1
13372, 1
13373, 2
13374, 2
13375, 1
13376, 4
13377, 1
13378, 3
13379, 1
13380, 3
13381, 5
13382, 2
13383, 3
13384, 1
13385, 2
13386, 4
13387, 4
13388, 1
13390, 4
13391, 2
13392, 4
13393, 4
13394, 1
13395, 3
13396, 3
13397, 2
13398, 2
13399, 4
13400, 2
13401, 5
13402, 2
13403, 4
13404, 4
13405, 5
13406, 3
13407, 3
13408, 4
13409, 3
13410, 3
13411, 7
13412, 3
13413, 2
13414, 3
13415, 3
13416, 5
13417, 5
13418, 5
13419, 4
13420, 8
13421, 5
13422, 4
13423, 5
13424, 3
13425, 4
13426, 6
13427, 4
13428, 4
13429, 2
13430, 3
13431, 3
13432, 3
13433, 5
13434, 5
13435, 1
13436, 6
13437, 1
13438, 4
13440, 4
13441, 1
13442, 3
13444, 2
13445, 1
13446, 1
13447, 1
13448, 1
13449, 2
13450, 2
13451, 2
13452, 2
13453, 2
13454, 7
13455, 3
13456, 2
13457, 1
13458, 1
13459, 1
13460, 3
13461, 3
13462, 1
13463, 1
13464, 3
13465, 2
13466, 4
13467, 4
13468, 3
13469, 1
13470, 1
13471, 4
13472, 5
13473, 2
13475, 1
13476, 5
13477, 2
13478, 4
13479, 2
13480, 1
13481, 4
13482, 3
13483, 2
13484, 4
13485, 2
13486, 4
13487, 4
13488, 3
13489, 3
13490, 5
13491, 3
13492, 4
13493, 4
13494, 2
13495, 3
13496, 4
13497, 7
13498, 3
13499, 2
13500, 3
13501, 6
13502, 1
13503, 6
13504, 6
13505, 6
13506, 4
13507, 6
13508, 5
13509, 5
13510, 2
13511, 6
13512, 5
13513, 2
13514, 3
13515, 3
13516, 5
13517, 1
13518, 6
13519, 2
13520, 3
13521, 3
13522, 5
13523, 4
13524, 1
13525, 2
13526, 2
13527, 3
13528, 1
13529, 2
13530, 1
13532, 1
13534, 3
13535, 2
13536, 3
13537, 1
13538, 3
13539, 4
13540, 5
13541, 2
13542, 1
13543, 2
13544, 1
13545, 2
13546, 1
13547, 4
13548, 2
13549, 2
13550, 1
13551, 4
13552, 3
13553, 4
13554, 2
13555, 1
13556, 2
13557, 4
13558, 4
13559, 1
13560, 1
13561, 3
13562, 3
13563, 5
13564, 1
13565, 2
13566, 3
13567, 2
13568, 3
13569, 4
13570, 1
13571, 4
13572, 4
13573, 4
13574, 3
13575, 3
13576, 2
13577, 8
13578, 2
13579, 3
13580, 4
13581, 2
13582, 6
13583, 4
13584, 2
13585, 3
13586, 5
13587, 5
13588, 3
13589, 4
13590, 6
13591, 7
13592, 3
13593, 8
13594, 3
13595, 3
13596, 7
13597, 4
13598, 2
13599, 4
13600, 3
13601, 5
13602, 1
13603, 4
13604, 4
13605, 4
13606, 2
13607, 5
13608, 4
13609, 2
13610, 1
13611, 1
13612, 3
13613, 3
13614, 1
13615, 1
13616, 1
13617, 1
13618, 1
13619, 2
13620, 2
13621, 1
13622, 2
13623, 3
13624, 3
13625, 5
13626, 4
13627, 1
13628, 2
13630, 1
13631, 2
13632, 3
13633, 3
13634, 1
13635, 3
13636, 1
13637, 4
13638, 4
13639, 4
13641, 3
13642, 4
13643, 3
13644, 2
13646, 2
13647, 4
13648, 2
13649, 5
13650, 1
13651, 2
13652, 4
13653, 2
13654, 2
13655, 5
13656, 1
13657, 5
13658, 1
13659, 7
13660, 4
13661, 2
13662, 6
13663, 2
13664, 3
13665, 1
13666, 5
13667, 6
13668, 4
13669, 2
13670, 2
13671, 4
13672, 7
13673, 2
13674, 6
13675, 5
13676, 6
13677, 5
13678, 4
13679, 4
13680, 4
13681, 3
13682, 9
13683, 3
13684, 3
13685, 2
13686, 4
13687, 3
13688, 3
13689, 5
13690, 5
13691, 2
13692, 2
13693, 4
13694, 4
13695, 2
13696, 1
13697, 2
13698, 3
13699, 2
13700, 1
13701, 1
13703, 1
13704, 1
13705, 2
13706, 2
13707, 1
13708, 4
13709, 2
13710, 5
13711, 4
13712, 2
13713, 1
13714, 2
13716, 3
13717, 1
13718, 5
13719, 1
13720, 3
13722, 4
13723, 2
13724, 4
13725, 3
13726, 1
13727, 3
13728, 5
13729, 3
13732, 5
13733, 2
13734, 4
13735, 3
13736, 1
13737, 3
13738, 3
13739, 2
13740, 4
13741, 1
13742, 4
13743, 5
13744, 3
13745, 3
13746, 4
13747, 6
13748, 2
13749, 3
13750, 3
13751, 3
13752, 3
13753, 8
13754, 1
13755, 3
13756, 5
13757, 2
13758, 5
13759, 3
13760, 7
13761, 8
13762, 3
13763, 6
13764, 3
13765, 6
13766, 3
13767, 6
13768, 5
13769, 3
13770, 3
13771, 2
13772, 5
13773, 2
13774, 3
13775, 5
13776, 3
13777, 2
13778, 5
13779, 4
13780, 2
13781, 1
13782, 3
13783, 1
13784, 3
13785, 2
13787, 1
13788, 1
13789, 1
13790, 1
13791, 3
13793, 2
13794, 3
13795, 4
13796, 5
13797, 4
13798, 1
13800, 2
13801, 1
13802, 3
13803, 3
13804, 1
13805, 4
13806, 1
13807, 2
13808, 2
13809, 4
13810, 5
13812, 2
13813, 4
13814, 4
13815, 2
13817, 3
13818, 3
13819, 5
13820, 1
13821, 2
13822, 2
13823, 3
13824, 3
13825, 2
13826, 4
13827, 1
13828, 7
13829, 3
13830, 2
13831, 4
13832, 4
13833, 4
13834, 4
13835, 3
13836, 5
13838, 5
13839, 7
13840, 2
13841, 2
13842, 5
13843, 4
13844, 5
13845, 2
13846, 7
13847, 6
13848, 4
13849, 6
13850, 6
13851, 3
13852, 5
13853, 5
13854, 3
13855, 5
13857, 5
13858, 3
13859, 1
13860, 6
13861, 5
13863, 6
13864, 2
13865, 5
13867, 2
13868, 3
13869, 1
13870, 2
13871, 2
13873, 2
13875, 1
13876, 4
13878, 2
13879, 3
13880, 1
13881, 8
13882, 2
13883, 2
13884, 1
13885, 2
13886, 2
13887, 1
13888, 2
13889, 2
13890, 2
13891, 4
13892, 1
13893, 2
13894, 3
13895, 6
13896, 1
13897, 1
13898, 3
13899, 5
13900, 2
13901, 1
13902, 1
13903, 2
13904, 4
13905, 4
13906, 3
13907, 2
13908, 3
13909, 1
13910, 4
13911, 1
13912, 4
13913, 4
13914, 3
13915, 5
13916, 2
13917, 5
13918, 3
13919, 5
13920, 4
13921, 2
13922, 3
13923, 2
13924, 7
13925, 3
13926, 2
13927, 3
13928, 5
13929, 4
13930, 5
13931, 7
13932, 4
13933, 5
13934, 5
13935, 6
13936, 4
13937, 3
13938, 7
13939, 5
13941, 5
13942, 1
13943, 6
13944, 1
13945, 6
13946, 3
13947, 4
13948, 1
13949, 6
13950, 4
13951, 1
13952, 2
13953, 2
13954, 2
13955, 2
13956, 1
13957, 1
13958, 1
13959, 1
13960, 1
13961, 1
13962, 2
13963, 2
13964, 3
13965, 1
13966, 3
13967, 7
13968, 3
13970, 1
13971, 3
13972, 1
13973, 2
13974, 3
13975, 2
13976, 3
13977, 1
13978, 1
13979, 7
13980, 1
13981, 4
13983, 4
13984, 2
13985, 5
13986, 1
13988, 2
13989, 4
13990, 6
13992, 2
13993, 3
13994, 3
13995, 3
13996, 2
13997, 4
13998, 4
13999, 3
14000, 3
14001, 4
14002, 3
14003, 5
14004, 3
14005, 3
14006, 3
14007, 3
14008, 3
14009, 5
14010, 5
14011, 3
14012, 2
14013, 5
14014, 4
14015, 4
14016, 3
14017, 7
14018, 7
14019, 5
14020, 2
14021, 8
14022, 3
14023, 2
14024, 8
14025, 3
14026, 4
14027, 1
14028, 6
14029, 2
14030, 4
14031, 4
14032, 3
14033, 3
14034, 4
14035, 2
14036, 4
14037, 1
14038, 1
14039, 4
14040, 1
14041, 3
14042, 1
14043, 1
14045, 2
14046, 1
14047, 1
14048, 3
14049, 1
14050, 3
14051, 2
14052, 6
14053, 3
14054, 2
14055, 1
14056, 2
14058, 3
14059, 2
14060, 3
14061, 1
14062, 3
14063, 2
14064, 3
14065, 4
14066, 4
14067, 1
14068, 1
14069, 3
14070, 4
14071, 3
14072, 1
14073, 1
14074, 3
14075, 3
14076, 4
14077, 3
14078, 1
14079, 3
14080, 4
14081, 2
14082, 2
14083, 3
14084, 4
14085, 3
14086, 3
14087, 5
14088, 3
14089, 5
14090, 5
14091, 1
14092, 4
14093, 3
14094, 3
14095, 7
14096, 3
14097, 2
14098, 2
14099, 6
14100, 4
14101, 4
14102, 4
14103, 6
14104, 6
14105, 4
14106, 7
14107, 3
14108, 4
14109, 7
14110, 4
14111, 2
14112, 4
14113, 1
14114, 5
14115, 2
14116, 7
14117, 2
14118, 4
14119, 2
14120, 4
14121, 5
14122, 1
14123, 1
14124, 3
14125, 1
14126, 2
14127, 3
14129, 1
14131, 2
14132, 2
14133, 2
14134, 1
14135, 3
14136, 3
14137, 2
14138, 6
14139, 2
14140, 2
14141, 2
14143, 2
14144, 2
14145, 3
14146, 2
14147, 2
14148, 2
14149, 1
14150, 5
14151, 3
14152, 4
14153, 2
14154, 1
14155, 3
14156, 4
14157, 2
14159, 3
14160, 4
14162, 6
14163, 2
14164, 3
14165, 2
14166, 2
14167, 3
14168, 3
14169, 1
14170, 7
14171, 2
14172, 5
14173, 5
14174, 3
14175, 2
14176, 4
14177, 3
14178, 4
14179, 1
14180, 7
14181, 4
14182, 3
14183, 3
14184, 5
14185, 3
14186, 4
14187, 6
14188, 3
14189, 7
14190, 6
14191, 4
14192, 6
14193, 2
14194, 5
14195, 6
14196, 4
14197, 3
14198, 1
14199, 6
14200, 2
14201, 4
14202, 4
14203, 3
14204, 3
14205, 4
14206, 4
14207, 3
14209, 3
14210, 2
14211, 1
14212, 2
14213, 2
14214, 1
14216, 1
14217, 2
14218, 1
14219, 3
14220, 1
14221, 2
14222, 2
14223, 3
14224, 8
14225, 1
14226, 2
14227, 1
14228, 1
14229, 2
14230, 1
14231, 5
14232, 2
14233, 2
14235, 3
14236, 4
14237, 5
14238, 1
14239, 2
14240, 4
14241, 4
14242, 2
14244, 2
14245, 4
14246, 4
14247, 1
14248, 2
14249, 2
14250, 2
14251, 3
14252, 3
14253, 2
14254, 4
14255, 5
14256, 2
14257, 5
14258, 3
14259, 4
14260, 5
14261, 4
14262, 2
14263, 2
14264, 4
14265, 3
14266, 7
14267, 3
14268, 2
14269, 3
14270, 5
14271, 4
14272, 4
14273, 4
14274, 5
14275, 7
14276, 6
14277, 4
14278, 5
14279, 4
14280, 6
14281, 5
14282, 2
14283, 3
14284, 3
14285, 4
14286, 1
14287, 6
14288, 3
14289, 4
14290, 3
14291, 4
14292, 1
14293, 4
14294, 2
14295, 2
14296, 2
14297, 1
14298, 2
14299, 1
14300, 1
14301, 1
14303, 3
14304, 2
14305, 2
14306, 1
14307, 3
14308, 3
14309, 5
14310, 4
14312, 2
14313, 1
14314, 2
14315, 2
14316, 4
14317, 2
14318, 2
14319, 1
14320, 3
14321, 3
14322, 3
14323, 3
14324, 1
14325, 4
14326, 2
14327, 5
14328, 1
14329, 1
14330, 4
14331, 2
14332, 3
14333, 4
14334, 1
14335, 1
14336, 4
14337, 3
14338, 4
14339, 1
14340, 3
14341, 4
14342, 2
14343, 6
14344, 2
14345, 3
14346, 7
14347, 2
14348, 3
14349, 3
14350, 4
14351, 3
14352, 6
14353, 3
14354, 3
14355, 3
14356, 6
14357, 2
14358, 3
14359, 7
14360, 7
14361, 7
14362, 4
14363, 4
14364, 3
14365, 6
14366, 5
14367, 4
14368, 4
14370, 6
14371, 1
14372, 6
14373, 2
14374, 2
14375, 5
14376, 3
14377, 4
14378, 4
14379, 1
14380, 1
14381, 2
14382, 3
14383, 1
14384, 2
14386, 1
14387, 1
14388, 2
14389, 2
14390, 1
14391, 3
14392, 2
14393, 3
14394, 6
14395, 3
14396, 1
14397, 1
14398, 2
14399, 1
14400, 2
14401, 2
14402, 4
14403, 2
14404, 2
14406, 4
14407, 4
14408, 3
14409, 2
14410, 1
14411, 3
14412, 5
14413, 3
14415, 1
14416, 6
14417, 4
14418, 1
14419, 2
14420, 1
14421, 4
14422, 2
14423, 2
14424, 5
14425, 1
14426, 5
14427, 4
14428, 2
14429, 4
14430, 4
14431, 3
14432, 6
14433, 3
14434, 2
14435, 4
14436, 3
14437, 7
14438, 1
14439, 4
14440, 2
14441, 5
14442, 4
14443, 5
14444, 7
14445, 4
14446, 4
14447, 6
14448, 5
14449, 4
14450, 3
14451, 8
14452, 3
14453, 4
14454, 2
14455, 2
14456, 5
14457, 2
14458, 4
14459, 4
14460, 4
14461, 2
14462, 5
14463, 5
14465, 1
14466, 3
14467, 1
14468, 3
14469, 2
14470, 1
14472, 1
14473, 1
14474, 2
14475, 3
14476, 1
14477, 2
14478, 2
14479, 3
14480, 7
14481, 2
14483, 2
14484, 2
14485, 1
14486, 2
14487, 3
14488, 1
14489, 3
14490, 2
14491, 2
14492, 6
14493, 3
14494, 2
14495, 2
14496, 2
14497, 4
14498, 3
14499, 1
14501, 2
14502, 5
14503, 3
14504, 3
14505, 2
14506, 2
14507, 3
14508, 3
14509, 4
14510, 2
14511, 2
14512, 5
14513, 2
14514, 5
14515, 3
14516, 5
14517, 4
14518, 2
14519, 4
14520, 3
14521, 2
14522, 7
14523, 4
14524, 2
14525, 4
14526, 4
14527, 4
14528, 3
14529, 6
14530, 3
14531, 7
14532, 5
14533, 7
14534, 3
14535, 4
14536, 4
14537, 6
14538, 4
14539, 3
14540, 2
14541, 5
14542, 2
14543, 1
14544, 7
14545, 2
14546, 4
14547, 5
14548, 3
14549, 3
14551, 2
14552, 3
14553, 2
14554, 2
14555, 1
14557, 2
14559, 2
14560, 1
14561, 3
14562, 1
14563, 4
14564, 1
14565, 5
14566, 4
14567, 2
14568, 2
14569, 1
14570, 1
14571, 3
14572, 1
14573, 4
14574, 2
14575, 2
14576, 2
14577, 1
14578, 4
14579, 4
14580, 2
14581, 2
14582, 3
14583, 6
14584, 1
14586, 1
14587, 4
14588, 4
14589, 2
14590, 3
14591, 1
14592, 4
14593, 4
14594, 1
14595, 3
14596, 2
14597, 6
14598, 3
14599, 4
14600, 2
14601, 3
14602, 5
14603, 4
14604, 3
14605, 3
14606, 4
14607, 4
14608, 6
14609, 2
14610, 4
14611, 2
14612, 3
14613, 5
14614, 4
14615, 8
14616, 6
14617, 4
14618, 3
14619, 7
14620, 3
14621, 5
14622, 7
14623, 1
14624, 5
14625, 2
14626, 4
14627, 4
14629, 6
14630, 3
14631, 4
14632, 1
14633, 6
14634, 4
14635, 1
14636, 2
14637, 2
14638, 2
14639, 2
14640, 2
14641, 1
14643, 1
14644, 1
14645, 2
14646, 2
14647, 2
14648, 2
14649, 3
14650, 2
14651, 6
14652, 2
14653, 2
14654, 2
14656, 2
14657, 2
14658, 4
14659, 1
14660, 3
14661, 1
14662, 3
14663, 4
14664, 2
14665, 4
14666, 2
14667, 1
14668, 6
14669, 2
14670, 1
14671, 1
14672, 2
14673, 4
14674, 5
14675, 1
14676, 1
14677, 2
14678, 4
14679, 4
14680, 1
14681, 3
14682, 6
14683, 1
14684, 3
14685, 4
14686, 3
14687, 7
14688, 2
14689, 3
14690, 4
14691, 4
14692, 3
14693, 5
14694, 4
14695, 2
14696, 2
14697, 4
14698, 6
14699, 4
14700, 3
14701, 8
14702, 7
14703, 3
14704, 5
14705, 4
14706, 3
14707, 7
14708, 5
14709, 3
14710, 4
14711, 1
14712, 6
14713, 1
14714, 5
14715, 3
14716, 3
14717, 2
14718, 5
14719, 3
14720, 4
14722, 2
14723, 3
14724, 2
14725, 2
14726, 1
14727, 1
14728, 1
14729, 1
14730, 2
14731, 2
14733, 4
14734, 1
14735, 2
14736, 7
14737, 4
14738, 1
14739, 2
14741, 1
14742, 3
14743, 1
14744, 3
14745, 1
14746, 4
14747, 2
14748, 4
14749, 2
14750, 4
14751, 1
14752, 2
14753, 2
14754, 5
14755, 3
14757, 2
14758, 4
14759, 2
14760, 4
14761, 2
14762, 1
14763, 4
14764, 3
14765, 2
14766, 4
14767, 2
14768, 4
14769, 4
14770, 4
14771, 3
14772, 4
14773, 4
14774, 3
14775, 4
14776, 2
14777, 3
14778, 6
14779, 5
14780, 2
14781, 2
14782, 3
14783, 8
14784, 3
14785, 1
14786, 8
14787, 5
14788, 6
14789, 4
14790, 5
14791, 6
14792, 3
14793, 7
14794, 2
14795, 3
14796, 3
14797, 4
14798, 4
14799, 1
14800, 6
14801, 2
14802, 3
14803, 5
14804, 3
14805, 4
14806, 1
14807, 2
14808, 2
14809, 2
14810, 1
14811, 2
14812, 2
14813, 1
14815, 2
14816, 1
14817, 2
14818, 2
14819, 2
14820, 2
14821, 5
14822, 4
14823, 3
14824, 1
14825, 2
14827, 2
14828, 2
14829, 3
14830, 2
14831, 3
14832, 1
14833, 4
14834, 3
14835, 5
14836, 1
14837, 2
14838, 3
14839, 3
14840, 3
14841, 1
14843, 2
14844, 4
14845, 6
14846, 1
14847, 1
14848, 3
14849, 4
14850, 2
14851, 5
14852, 1
14853, 3
14854, 3
14855, 6
14856, 2
14857, 3
14858, 5
14859, 4
14860, 2
14861, 4
14862, 4
14863, 1
14864, 7
14865, 5
14866, 1
14867, 3
14868, 5
14869, 3
14870, 3
14871, 8
14872, 5
14873, 5
14874, 6
14875, 5
14876, 4
14877, 4
14878, 4
14879, 6
14880, 4
14881, 3
14883, 7
14884, 1
14885, 4
14886, 3
14887, 5
14888, 2
14889, 6
14890, 1
14891, 4
14892, 1
14893, 2
14894, 2
14895, 2
14896, 2
14897, 1
14898, 1
14900, 2
14901, 1
14902, 3
14903, 1
14904, 2
14905, 1
14906, 4
14907, 5
14908, 4
14909, 1
14910, 2
14911, 1
14912, 2
14913, 2
14914, 1
14915, 4
14916, 2
14917, 1
14918, 1
14919, 4
14920, 4
14921, 4
14922, 1
14923, 2
14924, 2
14925, 6
14926, 2
14928, 1
14929, 5
14930, 3
14931, 4
14932, 1
14933, 2
14934, 3
14935, 3
14936, 1
14937, 5
14938, 3
14939, 5
14941, 6
14942, 3
14943, 4
14944, 5
14945, 2
14946, 4
14947, 2
14948, 4
14949, 4
14950, 5
14951, 3
14952, 2
14953, 4
14954, 5
14955, 5
14956, 2
14957, 10
14958, 1
14959, 7
14960, 6
14961, 3
14962, 6
14963, 1
14964, 8
14965, 3
14966, 3
14967, 3
14968, 4
14969, 3
14970, 3
14971, 5
14972, 2
14973, 4
14974, 3
14975, 4
14976, 5
14978, 2
14979, 3
14981, 4
14982, 1
14984, 1
14985, 1
14986, 1
14987, 4
14989, 1
14990, 4
14991, 2
14992, 4
14993, 5
14994, 1
14995, 2
14996, 1
14997, 2
14998, 2
14999, 1
15000, 4
15001, 2
15002, 1
15003, 2
15004, 3
15005, 2
15006, 5
15007, 3
15008, 1
15009, 3
15010, 5
15011, 3
15013, 1
15014, 3
15015, 3
15016, 5
15017, 1
15018, 2
15019, 2
15020, 4
15021, 2
15022, 2
15023, 4
15024, 4
15025, 3
15026, 4
15027, 2
15028, 6
15029, 3
15030, 5
15031, 3
15032, 2
15033, 3
15034, 3
15035, 8
15036, 2
15037, 3
15038, 2
15039, 5
15040, 4
15041, 3
15042, 7
15043, 5
15044, 7
15045, 5
15046, 5
15047, 2
15048, 4
15049, 5
15050, 8
15051, 1
15052, 4
15053, 1
15054, 5
15055, 3
15057, 6
15058, 6
15059, 1
15060, 4
15061, 4
15062, 3
15063, 1
15064, 2
15065, 2
15066, 2
15067, 3
15069, 1
15071, 2
15072, 1
15073, 3
15074, 1
15075, 2
15076, 2
15077, 4
15078, 7
15079, 2
15081, 2
15082, 1
15083, 2
15084, 2
15085, 2
15086, 2
15087, 4
15088, 1
15089, 2
15090, 5
15091, 1
15092, 5
15094, 2
15095, 3
15096, 6
15097, 1
15099, 1
15100, 5
15101, 4
15102, 2
15103, 3
15104, 1
15105, 2
15106, 5
15107, 2
15108, 3
15109, 2
15110, 6
15112, 7
15113, 3
15114, 5
15115, 2
15116, 4
15117, 3
15118, 2
15119, 5
15120, 5
15121, 5
15122, 2
15123, 1
15124, 4
15125, 6
15126, 3
15127, 5
15128, 6
15129, 6
15130, 6
15131, 3
15132, 5
15133, 4
15134, 4
15135, 7
15136, 2
15137, 4
15138, 2
15139, 6
15140, 2
15141, 2
15142, 5
15143, 4
15144, 1
15145, 5
15146, 3
15147, 4
15148, 1
15149, 2
15150, 3
15152, 3
15153, 2
15155, 2
15157, 2
15158, 3
15159, 1
15160, 1
15161, 2
15162, 4
15163, 2
15164, 6
15165, 2
15166, 1
15167, 2
15168, 1
15169, 2
15170, 2
15171, 3
15172, 2
15173, 2
15174, 2
15175, 3
15176, 3
15177, 2
15178, 4
15179, 1
15180, 4
15181, 2
15182, 5
15184, 1
15185, 5
15186, 1
15187, 5
15188, 2
15189, 1
15190, 3
15191, 3
15192, 2
15193, 2
15194, 4
15195, 3
15196, 6
15197, 4
15198, 1
15199, 4
15200, 3
15201, 6
15202, 3
15203, 3
15204, 3
15205, 2
15206, 8
15207, 4
15209, 3
15210, 5
15211, 5
15212, 2
15213, 9
15214, 4
15215, 5
15216, 7
15217, 4
15218, 2
15219, 5
15220, 7
15221, 5
15222, 2
15223, 3
15224, 3
15225, 4
15226, 1
15227, 6
15228, 2
15229, 4
15230, 2
15231, 6
15232, 2
15233, 3
15234, 1
15235, 2
15236, 2
15237, 2
15238, 3
15240, 1
15241, 1
15243, 3
15244, 2
15245, 1
15246, 3
15247, 3
15248, 1
15249, 6
15250, 4
15251, 1
15252, 1
15253, 1
15254, 1
15255, 3
15256, 1
15257, 4
15258, 2
15259, 1
15260, 2
15261, 5
15262, 3
15263, 4
15265, 3
15266, 5
15267, 3
15268, 1
15270, 2
15271, 3
15272, 4
15273, 4
15274, 2
15275, 1
15276, 3
15277, 4
15278, 1
15279, 5
15280, 4
15281, 2
15282, 3
15283, 4
15284, 3
15285, 5
15286, 3
15287, 4
15288, 4
15289, 1
15290, 5
15291, 5
15292, 4
15293, 3
15294, 2
15295, 3
15296, 5
15297, 7
15298, 3
15299, 3
15300, 8
15301, 5
15302, 5
15303, 5
15304, 3
15305, 5
15306, 7
15307, 3
15308, 3
15309, 1
15310, 5
15311, 3
15312, 1
15313, 6
15314, 2
15315, 4
15316, 3
15317, 4
15318, 4
15319, 1
15320, 1
15321, 3
15322, 3
15323, 1
15324, 2
15326, 1
15327, 1
15328, 1
15329, 3
15330, 1
15331, 2
15332, 4
15333, 1
15334, 3
15335, 6
15336, 2
15337, 1
15338, 2
15339, 1
15340, 1
15341, 2
15342, 4
15343, 2
15344, 2
15345, 1
15346, 4
15347, 2
15348, 5
15349, 2
15350, 2
15351, 1
15352, 5
15353, 3
15354, 1
15356, 6
15357, 1
15358, 4
15359, 3
15360, 1
15361, 4
15362, 2
15363, 2
15364, 1
15365, 5
15366, 6
15367, 1
15368, 3
15369, 4
15370, 4
15371, 4
15372, 4
15373, 4
15374, 2
15375, 4
15376, 2
15377, 7
15378, 3
15379, 2
15380, 4
15381, 3
15382, 4
15383, 6
15384, 5
15385, 3
15386, 6
15387, 7
15388, 5
15389, 4
15390, 5
15391, 6
15392, 3
15393, 3
15394, 4
15395, 1
15396, 6
15397, 2
15398, 5
15399, 3
15400, 4
15401, 3
15402, 3
15403, 4
15404, 2
15405, 1
15406, 3
15407, 1
15408, 3
15409, 2
15411, 1
15412, 1
15413, 1
15414, 1
15415, 3
15416, 1
15417, 3
15418, 3
15419, 2
15420, 4
15421, 3
15422, 3
15423, 1
15424, 2
15426, 3
15427, 3
15428, 2
15429, 2
15430, 2
15431, 2
15432, 4
15433, 2
15434, 5
15435, 1
15436, 2
15437, 4
15438, 4
15439, 1
15441, 2
15442, 4
15443, 2
15444, 5
15445, 1
15446, 4
15447, 1
15448, 4
15449, 1
15450, 4
15451, 3
15452, 5
15453, 3
15454, 3
15455, 4
15456, 4
15457, 5
15458, 2
15459, 3
15460, 4
15461, 2
15462, 6
15463, 4
15464, 3
15465, 2
15466, 4
15467, 6
15468, 4
15469, 4
15470, 5
15471, 8
15472, 2
15473, 6
15474, 4
15475, 5
15476, 4
15477, 5
15478, 4
15479, 4
15480, 2
15481, 4
15482, 3
15483, 4
15484, 4
15485, 3
15486, 2
15487, 5
15488, 5
15489, 2
15491, 1
15492, 3
15493, 2
15494, 2
15495, 2
15497, 1
15498, 1
15499, 1
15500, 4
15501, 1
15502, 2
15503, 2
15504, 2
15505, 3
15506, 6
15507, 2
15508, 1
15509, 2
15511, 2
15512, 3
15513, 3
15514, 2
15515, 2
15516, 1
15517, 4
15518, 4
15519, 2
15520, 3
15521, 2
15522, 2
15523, 4
15524, 4
15526, 1
15527, 4
15528, 3
15529, 4
15530, 2
15531, 2
15532, 2
15533, 3
15534, 3
15535, 3
15536, 2
15537, 5
15538, 2
15539, 5
15540, 3
15541, 2
15542, 7
15543, 1
15544, 4
15545, 3
15546, 5
15547, 2
15548, 8
15549, 2
15550, 1
15551, 5
15552, 3
15553, 4
15554, 5
15555, 7
15556, 3
15557, 5
15558, 7
15559, 4
15560, 4
15561, 3
15562, 8
15563, 4
15564, 3
15565, 2
15566, 2
15567, 6
15568, 2
15569, 5
15570, 3
15571, 4
15572, 1
15573, 6
15574, 4
15575, 1
15576, 1
15577, 1
15578, 3
15579, 3
15580, 2
15582, 1
15583, 1
15585, 3
15586, 2
15587, 2
15588, 2
15589, 1
15590, 5
15591, 5
15592, 3
15593, 1
15594, 2
15596, 3
15597, 1
15598, 3
15599, 2
15600, 2
15601, 2
15602, 2
15603, 4
15604, 4
15605, 3
15606, 1
15607, 2
15608, 4
15609, 5
15612, 3
15613, 3
15614, 5
15615, 1
15616, 2
15617, 2
15618, 4
15619, 3
15620, 3
15621, 2
15622, 4
15623, 3
15624, 4
15625, 4
15626, 3
15627, 2
15628, 6
15629, 4
15630, 3
15631, 1
15632, 4
15633, 7
15634, 3
15635, 3
15636, 3
15637, 3
15638, 5
15639, 3
15640, 6
15641, 5
15642, 8
15643, 5
15644, 3
15645, 6
15646, 3
15647, 2
15648, 9
15649, 2
15650, 3
15651, 2
15652, 6
15653, 2
15654, 3
15655, 4
15656, 5
15657, 1
15658, 5
15659, 3
15660, 4
15662, 1
15663, 2
15664, 4
15665, 2
15666, 1
15667, 1
15668, 1
15669, 1
15671, 3
15672, 2
15673, 2
15674, 2
15675, 3
15676, 5
15677, 4
15678, 1
15679, 2
15680, 1
15681, 1
15682, 2
15683, 3
15684, 3
15686, 3
15687, 1
15688, 3
15689, 4
15690, 4
15691, 2
15692, 2
15693, 4
15694, 3
15695, 3
15697, 2
15698, 4
15699, 1
15700, 4
15701, 2
15702, 3
15703, 2
15704, 3
15705, 2
15706, 5
15707, 1
15708, 5
15709, 2
15710, 4
15711, 3
15712, 6
15713, 4
15714, 2
15715, 4
15716, 2
15717, 4
15718, 5
15719, 4
15720, 4
15721, 3
15722, 2
15723, 4
15724, 6
15725, 3
15726, 8
15727, 2
15728, 8
15729, 5
15730, 3
15731, 5
15732, 3
15733, 8
15734, 3
15735, 3
15736, 3
15737, 3
15738, 4
15739, 2
15740, 6
15741, 1
15742, 4
15743, 3
15744, 5
15745, 4
15746, 1
15747, 2
15748, 2
15749, 2
15750, 2
15751, 2
15753, 1
15754, 1
15755, 1
15756, 1
15757, 3
15758, 1
15759, 3
15760, 3
15761, 3
15762, 4
15763, 3
15764, 1
15765, 2
15766, 2
15767, 2
15769, 3
15770, 3
15771, 2
15772, 2
15773, 1
15774, 3
15775, 4
15776, 5
15777, 1
15778, 2
15779, 5
15780, 3
15781, 1
15783, 2
15784, 5
15785, 5
15786, 1
15787, 2
15788, 3
15789, 1
15790, 4
15791, 1
15792, 4
15793, 2
15794, 5
15795, 5
15796, 3
15797, 2
15798, 4
15799, 5
15800, 3
15801, 2
15802, 6
15804, 6
15805, 5
15806, 3
15807, 2
15808, 6
15809, 4
15810, 2
15811, 4
15812, 7
15813, 7
15814, 4
15815, 6
15816, 3
15817, 5
15818, 5
15819, 4
15820, 5
15821, 2
15822, 3
15823, 4
15824, 3
15825, 3
15826, 3
15827, 5
15828, 3
15829, 5
15830, 2
15831, 4
15832, 1
15834, 3
15835, 3
15836, 3
15838, 1
15839, 1
15841, 1
15842, 2
15843, 3
15844, 2
15845, 3
15846, 1
15847, 6
15848, 4
15849, 1
15850, 2
15851, 1
15852, 2
15853, 1
15854, 2
15855, 4
15856, 2
15857, 2
15859, 4
15860, 4
15861, 5
15863, 2
15864, 4
15865, 3
15866, 3
15868, 1
15869, 5
15870, 5
15871, 1
15872, 2
15873, 1
15874, 3
15875, 2
15876, 4
15877, 4
15878, 2
15879, 5
15880, 1
15881, 4
15882, 4
15883, 5
15884, 3
15885, 5
15886, 1
15887, 5
15888, 2
15889, 3
15890, 8
15891, 2
15892, 2
15893, 3
15894, 6
15895, 3
15896, 4
15897, 6
15898, 8
15899, 3
15900, 4
15901, 6
15902, 4
15903, 3
15904, 6
15905, 6
15906, 2
15907, 3
15908, 2
15909, 5
15910, 2
15911, 5
15912, 2
15913, 6
15915, 6
15916, 5
15918, 2
15919, 2
15920, 1
15921, 2
15922, 3
15923, 1
15925, 1
15926, 2
15927, 1
15928, 2
15929, 2
15930, 2
15931, 2
15932, 4
15933, 5
15934, 3
15935, 1
15936, 1
15937, 1
15938, 2
15939, 2
15940, 3
15941, 2
15942, 3
15943, 1
15944, 4
15945, 1
15946, 6
15947, 2
15949, 3
15950, 5
15951, 3
15952, 1
15953, 1
15954, 3
15955, 2
15956, 5
15957, 3
15959, 3
15960, 3
15961, 4
15963, 5
15965, 6
15966, 3
15967, 5
15968, 3
15969, 5
15970, 5
15971, 2
15972, 3
15973, 3
15974, 1
15975, 8
15976, 3
15977, 3
15978, 3
15979, 3
15980, 5
15981, 4
15982, 7
15983, 5
15984, 6
15985, 3
15986, 5
15987, 6
15988, 3
15989, 7
15990, 4
15991, 2
15992, 4
15993, 2
15994, 6
15995, 2
15996, 3
15997, 4
15998, 4
15999, 2
16000, 5
16001, 4
16002, 2
16003, 1
16004, 2
16005, 2
16006, 1
16007, 2
16008, 2
16010, 2
16011, 1
16012, 1
16013, 2
16014, 2
16015, 1
16016, 4
16017, 2
16018, 5
16019, 4
16020, 1
16021, 2
16022, 1
16023, 2
16024, 2
16025, 3
16026, 1
16027, 3
16028, 1
16029, 1
16030, 5
16031, 3
16032, 3
16033, 2
16034, 2
16035, 2
16036, 7
16037, 1
16039, 1
16040, 4
16041, 3
16042, 5
16043, 1
16044, 2
16045, 2
16046, 5
16048, 5
16049, 3
16050, 4
16051, 3
16052, 1
16053, 4
16054, 5
16055, 4
16056, 4
16057, 4
16058, 2
16059, 4
16060, 2
16061, 7
16062, 3
16063, 3
16064, 2
16065, 6
16066, 3
16067, 5
16068, 6
16069, 7
16070, 3
16071, 5
16072, 5
16073, 3
16074, 7
16075, 3
16076, 5
16077, 3
16078, 3
16079, 3
16080, 4
16081, 4
16082, 2
16083, 4
16084, 4
16085, 2
16086, 5
16087, 3
16088, 2
16089, 2
16090, 2
16091, 3
16092, 1
16093, 2
16095, 1
16096, 1
16097, 1
16098, 3
16099, 2
16100, 1
16101, 3
16102, 2
16103, 2
16104, 5
16105, 4
16106, 1
16107, 1
16108, 2
16109, 1
16110, 3
16111, 3
16112, 1
16113, 2
16114, 2
16115, 2
16116, 4
16117, 4
16118, 3
16119, 1
16120, 3
16121, 2
16122, 5
16123, 1
16125, 3
16126, 4
16127, 5
16128, 2
16129, 1
16130, 2
16131, 2
16132, 4
16133, 3
16134, 3
16135, 5
16136, 2
16137, 3
16138, 4
16139, 3
16140, 6
16141, 2
16142, 5
16143, 2
16144, 4
16145, 1
16146, 7
16147, 4
16148, 2
16149, 3
16150, 3
16151, 7
16152, 2
16153, 7
16154, 6
16155, 5
16156, 6
16157, 2
16158, 5
16159, 5
16160, 4
16161, 7
16162, 2
16163, 3
16164, 1
16165, 7
16166, 1
16167, 4
16168, 3
16169, 4
16170, 3
16171, 4
16172, 4
16173, 3
16175, 3
16176, 2
16177, 2
16178, 2
16179, 1
16180, 1
16181, 1
16182, 1
16183, 2
16184, 2
16186, 2
16187, 3
16188, 4
16189, 5
16190, 3
16191, 1
16192, 2
16193, 1
16194, 1
16195, 3
16196, 1
16197, 4
16199, 4
16201, 7
16203, 5
16204, 1
16205, 2
16206, 3
16207, 5
16208, 2
16210, 3
16211, 2
16212, 2
16213, 5
16214, 2
16215, 2
16216, 3
16217, 3
16218, 2
16219, 4
16220, 1
16221, 6
16222, 1
16223, 4
16224, 6
16225, 3
16226, 4
16227, 3
16228, 4
16229, 2
16230, 3
16231, 4
16232, 7
16233, 3
16235, 5
16236, 5
16237, 3
16238, 5
16239, 6
16240, 7
16241, 3
16242, 6
16243, 4
16244, 5
16245, 4
16246, 6
16247, 3
16248, 5
16249, 1
16250, 2
16251, 5
16252, 2
16253, 7
16254, 4
16255, 1
16256, 2
16257, 4
16258, 6
16260, 2
16261, 2
16262, 1
16263, 3
16264, 2
16265, 1
16267, 1
16268, 1
16269, 2
16270, 3
16271, 2
16272, 1
16273, 4
16274, 3
16275, 5
16276, 1
16277, 2
16278, 2
16280, 2
16281, 2
16282, 3
16283, 3
16284, 2
16285, 2
16286, 3
16287, 1
16288, 3
16289, 5
16291, 3
16292, 5
16293, 4
16295, 1
16296, 1
16297, 5
16298, 3
16299, 3
16300, 1
16301, 4
16302, 2
16303, 3
16304, 2
16305, 3
16306, 5
16307, 3
16308, 5
16309, 2
16310, 4
16311, 3
16312, 5
16313, 4
16314, 1
16315, 5
16316, 2
16317, 5
16318, 5
16319, 2
16320, 4
16321, 4
16322, 5
16323, 3
16324, 3
16325, 10
16326, 3
16327, 6
16328, 4
16329, 6
16330, 3
16331, 6
16332, 4
16333, 3
16334, 3
16335, 3
16336, 5
16337, 1
16338, 2
16339, 7
16340, 3
16341, 2
16342, 5
16343, 4
16344, 2
16345, 1
16346, 2
16347, 2
16348, 2
16349, 2
16350, 1
16352, 2
16354, 3
16355, 2
16357, 3
16358, 3
16359, 2
16360, 7
16361, 2
16362, 1
16363, 3
16365, 1
16366, 2
16367, 1
16368, 5
16370, 4
16371, 1
16372, 5
16373, 2
16374, 4
16375, 1
16376, 2
16377, 2
16378, 5
16379, 3
16381, 2
16382, 5
16383, 2
16384, 3
16385, 2
16386, 2
16387, 4
16388, 2
16389, 2
16390, 4
16391, 3
16392, 4
16393, 3
16394, 4
16395, 5
16396, 3
16397, 3
16398, 2
16399, 4
16400, 5
16401, 2
16402, 4
16403, 6
16404, 2
16405, 4
16406, 2
16407, 4
16408, 6
16409, 4
16410, 7
16411, 4
16412, 5
16413, 5
16414, 5
16415, 3
16416, 6
16417, 6
16418, 3
16419, 3
16420, 2
16421, 5
16422, 2
16423, 2
16424, 7
16425, 1
16426, 5
16427, 1
16428, 5
16429, 4
16430, 1
16431, 2
16432, 3
16434, 2
16435, 3
16436, 1
16438, 1
16439, 1
16440, 2
16441, 2
16442, 1
16443, 4
16444, 2
16445, 6
16446, 3
16447, 2
16448, 1
16449, 2
16451, 4
16452, 1
16453, 3
16454, 2
16455, 1
16456, 2
16457, 3
16458, 2
16459, 6
16460, 2
16461, 1
16462, 4
16463, 2
16464, 4
16465, 1
16467, 3
16468, 5
16469, 3
16470, 2
16471, 2
16472, 2
16473, 3
16474, 3
16475, 2
16476, 3
16477, 4
16478, 4
16479, 3
16480, 5
16481, 2
16482, 5
16483, 5
16484, 3
16485, 2
16486, 3
16487, 4
16488, 6
16489, 4
16490, 1
16491, 3
16492, 6
16493, 4
16494, 3
16495, 3
16496, 9
16497, 5
16498, 5
16499, 5
16500, 3
16501, 5
16502, 6
16503, 4
16504, 2
16505, 5
16506, 1
16507, 6
16508, 2
16509, 1
16510, 5
16511, 5
16512, 2
16513, 4
16514, 5
16515, 2
16516, 2
16517, 2
16518, 1
16519, 2
16520, 1
16521, 2
16522, 1
16523, 1
16524, 1
16525, 1
16526, 2
16527, 2
16528, 2
16529, 3
16530, 1
16531, 6
16532, 4
16533, 1
16534, 3
16536, 2
16537, 2
16538, 3
16539, 1
16540, 2
16541, 3
16542, 1
16543, 5
16544, 2
16545, 5
16547, 2
16548, 5
16549, 3
16550, 2
16552, 1
16553, 6
16554, 4
16555, 1
16556, 3
16558, 3
16559, 3
16560, 3
16561, 3
16562, 3
16563, 5
16564, 4
16565, 2
16566, 5
16567, 3
16568, 4
16569, 5
16570, 2
16571, 2
16572, 4
16573, 5
16574, 5
16575, 2
16576, 4
16577, 2
16578, 7
16580, 7
16581, 6
16582, 5
16583, 5
16584, 6
16585, 5
16586, 2
16587, 6
16588, 6
16589, 3
16590, 3
16591, 2
16592, 4
16593, 4
16594, 2
16595, 4
16596, 6
16597, 1
16598, 2
16599, 4
16600, 6
16601, 1
16602, 1
16603, 3
16604, 1
16605, 2
16606, 2
16607, 1
16609, 1
16610, 1
16611, 2
16612, 3
16613, 2
16614, 1
16615, 3
16616, 3
16617, 6
16618, 2
16619, 1
16620, 2
16621, 1
16622, 2
16623, 2
16624, 3
16625, 2
16626, 2
16627, 1
16628, 4
16629, 4
16630, 2
16631, 3
16632, 1
16633, 2
16634, 7
16635, 2
16637, 1
16638, 4
16639, 2
16640, 4
16641, 3
16642, 2
16643, 2
16644, 4
16645, 2
16646, 2
16647, 2
16648, 4
16649, 4
16650, 5
16651, 2
16652, 4
16653, 6
16654, 3
16655, 4
16656, 1
16657, 4
16658, 3
16659, 6
16660, 4
16661, 2
16662, 3
16663, 4
16664, 5
16665, 2
16666, 5
16667, 8
16668, 7
16669, 4
16670, 4
16671, 4
16672, 4
16673, 5
16674, 7
16675, 2
16676, 3
16677, 1
16678, 6
16679, 2
16680, 3
16681, 4
16682, 3
16683, 5
16684, 3
16685, 3
16686, 3
16687, 1
16688, 1
16689, 3
16690, 3
16691, 2
16693, 1
16694, 1
16696, 2
16697, 3
16698, 1
16699, 2
16700, 2
16701, 5
16702, 3
16703, 5
16705, 3
16707, 2
16708, 2
16709, 2
16710, 3
16711, 1
16712, 2
16713, 2
16714, 6
16715, 1
16716, 5
16718, 2
16719, 3
16720, 6
16721, 1
16723, 2
16724, 4
16725, 2
16726, 5
16727, 2
16728, 1
16729, 3
16730, 4
16731, 2
16732, 3
16733, 4
16734, 4
16735, 3
16736, 3
16737, 3
16738, 6
16739, 2
16740, 4
16741, 3
16742, 3
16743, 2
16744, 6
16745, 5
16746, 3
16747, 2
16748, 3
16749, 6
16750, 3
16751, 6
16752, 4
16753, 6
16754, 3
16755, 8
16756, 3
16757, 5
16758, 2
16759, 7
16760, 6
16761, 3
16762, 1
16763, 4
16764, 3
16765, 3
16766, 6
16767, 3
16768, 1
16769, 5
16770, 4
16771, 3
16772, 1
16773, 2
16774, 1
16775, 4
16776, 2
16777, 1
16779, 2
16781, 1
16782, 2
16783, 3
16784, 1
16785, 2
16786, 3
16787, 4
16788, 5
16789, 2
16790, 1
16791, 2
16792, 1
16793, 3
16794, 1
16795, 4
16796, 1
16797, 2
16798, 2
16799, 1
16800, 5
16801, 3
16802, 3
16803, 2
16804, 2
16805, 5
16806, 3
16808, 1
16809, 3
16810, 4
16811, 3
16812, 3
16813, 1
16814, 3
16815, 4
16816, 1
16817, 4
16818, 2
16819, 5
16820, 2
16821, 2
16822, 5
16823, 5
16824, 4
16825, 2
16826, 5
16827, 2
16828, 4
16829, 3
16830, 8
16831, 1
16832, 2
16833, 5
16834, 2
16835, 5
16836, 4
16837, 6
16838, 6
16839, 7
16840, 3
16841, 6
16842, 4
16843, 3
16844, 8
16845, 3
16846, 3
16847, 2
16848, 5
16849, 2
16850, 2
16851, 4
16852, 4
16853, 4
16854, 2
16855, 6
16857, 5
16858, 2
16859, 2
16860, 1
16861, 3
16862, 1
16863, 1
16864, 1
16865, 1
16866, 1
16867, 2
16868, 2
16869, 1
16870, 2
16871, 2
16872, 4
16873, 5
16874, 4
16876, 2
16877, 1
16878, 1
16879, 2
16880, 4
16881, 2
16882, 1
16883, 3
16884, 1
16885, 7
16886, 3
16887, 2
16888, 1
16889, 2
16890, 5
16891, 2
16892, 2
16894, 2
16895, 5
16896, 3
16897, 2
16898, 2
16899, 3
16900, 2
16901, 4
16902, 3
16903, 2
16904, 3
16905, 5
16906, 2
16907, 4
16908, 3
16909, 4
16910, 6
16911, 1
16912, 5
16913, 3
16914, 2
16915, 6
16916, 4
16917, 3
16918, 3
16919, 2
16920, 5
16921, 5
16922, 5
16923, 5
16924, 5
16925, 7
16926, 3
16927, 6
16928, 3
16929, 6
16930, 7
16931, 1
16932, 4
16933, 1
16934, 4
16935, 4
16936, 2
16937, 6
16938, 3
16939, 3
16940, 4
16941, 5
16942, 2
16943, 1
16945, 3
16946, 3
16947, 2
16948, 1
16950, 1
16951, 1
16952, 1
16953, 4
16955, 3
16956, 1
16957, 4
16958, 2
16959, 6
16960, 2
16961, 1
16962, 2
16963, 1
16964, 3
16965, 3
16966, 1
16967, 1
16968, 3
16969, 2
16970, 3
16971, 4
16972, 3
16973, 2
16974, 2
16975, 2
16976, 6
16977, 2
16980, 5
16981, 3
16982, 3
16983, 3
16984, 1
16985, 3
16986, 3
16987, 3
16988, 2
16989, 3
16990, 5
16991, 2
16992, 5
16993, 3
16994, 4
16995, 4
16996, 3
16997, 3
16998, 5
16999, 3
17000, 2
17001, 8
17002, 2
17003, 2
17004, 3
17005, 5
17006, 3
17007, 5
17008, 7
17009, 2
17010, 9
17011, 3
17012, 7
17013, 3
17014, 3
17015, 5
17016, 6
17017, 2
17018, 3
17019, 3
17020, 4
17021, 2
17022, 3
17023, 5
17024, 5
17025, 4
17026, 3
17027, 5
17029, 1
17030, 4
17032, 3
17033, 2
17035, 1
17036, 1
17037, 1
17038, 1
17039, 2
17040, 2
17041, 2
17042, 4
17043, 3
17044, 5
17045, 3
17047, 2
17048, 1
17049, 3
17050, 1
17051, 2
17052, 2
17053, 4
17054, 1
17055, 3
17056, 2
17057, 6
17058, 2
17060, 4
17061, 3
17062, 5
17065, 4
17066, 3
17067, 2
17068, 4
17069, 2
17071, 5
17072, 3
17073, 4
17074, 1
17075, 4
17076, 3
17077, 1
17078, 7
17079, 3
17080, 4
17081, 3
17082, 4
17083, 4
17084, 3
17085, 3
17086, 5
17087, 5
17088, 2
17089, 4
17090, 2
17091, 7
17092, 2
17093, 6
17094, 4
17095, 6
17096, 5
17097, 6
17098, 5
17099, 3
17100, 5
17101, 5
17102, 4
17103, 3
17104, 1
17105, 5
17106, 3
17107, 1
17108, 6
17109, 3
17110, 4
17111, 4
17112, 3
17113, 4
17114, 1
17115, 1
17116, 2
17117, 2
17118, 3
17119, 1
17120, 1
17122, 1
17123, 3
17124, 1
17125, 2
17126, 2
17127, 3
17129, 6
17130, 4
17131, 2
17132, 2
17133, 1
17135, 3
17136, 3
17137, 2
17138, 3
17139, 1
17140, 1
17141, 3
17142, 5
17143, 4
17144, 1
17145, 2
17146, 4
17147, 2
17148, 4
17150, 1
17151, 4
17152, 2
17153, 5
17154, 1
17155, 2
17156, 3
17157, 3
17158, 2
17159, 3
17160, 3
17161, 4
17162, 3
17163, 3
17164, 5
17165, 5
17166, 3
17167, 4
17168, 4
17169, 1
17170, 4
17171, 3
17172, 6
17173, 5
17174, 2
17175, 3
17176, 4
17177, 5
17178, 3
17179, 6
17180, 7
17181, 3
17182, 5
17183, 6
17184, 6
17185, 3
17186, 4
17187, 5
17188, 3
17189, 2
17190, 3
17191, 4
17192, 2
17193, 6
17194, 2
17195, 5
17196, 2
17197, 5
17198, 3
17199, 2
17200, 1
17201, 3
17202, 3
17204, 3
17206, 1
17207, 1
17208, 2
17209, 1
17210, 2
17211, 2
17212, 2
17213, 3
17214, 1
17215, 7
17216, 2
17217, 2
17218, 2
17220, 2
17221, 1
17222, 4
17223, 2
17224, 3
17225, 1
17226, 1
17227, 3
17228, 5
17229, 3
17230, 2
17231, 2
17232, 2
17233, 6
17234, 1
17236, 4
17237, 3
17238, 1
17239, 4
17240, 3
17241, 2
17242, 2
17243, 4
17244, 2
17245, 4
17246, 3
17247, 3
17248, 4
17249, 4
17250, 2
17251, 6
17252, 4
17253, 3
17254, 2
17255, 4
17256, 3
17257, 7
17258, 2
17259, 3
17260, 3
17261, 3
17262, 6
17263, 3
17264, 4
17265, 7
17266, 5
17267, 6
17268, 6
17269, 4
17270, 3
17271, 3
17272, 8
17273, 2
17274, 3
17275, 2
17276, 5
17277, 3
17278, 4
17279, 3
17280, 5
17281, 1
17282, 5
17283, 3
17284, 4
17285, 1
17286, 2
17287, 2
17288, 2
17289, 2
17290, 1
17291, 1
17293, 2
17294, 1
17295, 2
17296, 2
17297, 1
17298, 3
17299, 1
17300, 8
17301, 2
17302, 2
17303, 2
17304, 1
17305, 2
17307, 4
17308, 2
17309, 2
17310, 2
17311, 1
17312, 4
17313, 4
17314, 5
17316, 2
17317, 2
17318, 6
17319, 1
17320, 1
17321, 1
17322, 5
17323, 1
17324, 6
17325, 1
17326, 2
17327, 3
17328, 3
17329, 2
17330, 3
17331, 2
17332, 5
17333, 2
17334, 6
17335, 1
17336, 6
17337, 5
17338, 3
17339, 1
17340, 4
17341, 3
17342, 4
17343, 6
17344, 2
17345, 2
17346, 4
17347, 5
17348, 3
17349, 5
17350, 5
17351, 6
17352, 7
17353, 5
17354, 5
17355, 4
17356, 2
17357, 7
17358, 5
17359, 3
17360, 2
17361, 1
17362, 7
17364, 6
17365, 3
17366, 5
17367, 3
17368, 3
17369, 3
17370, 2
17371, 2
17372, 2
17373, 2
17374, 2
17375, 2
17377, 1
17378, 1
17379, 1
17380, 2
17381, 2
17382, 1
17383, 3
17384, 3
17385, 5
17386, 3
17387, 3
17388, 1
17389, 2
17390, 1
17391, 2
17392, 1
17393, 4
17394, 1
17395, 3
17396, 1
17397, 3
17398, 5
17399, 1
17400, 4
17401, 1
17402, 2
17403, 4
17404, 5
17406, 1
17407, 2
17408, 3
17409, 5
17410, 2
17411, 2
17412, 2
17413, 3
17414, 3
17415, 4
17416, 2
17417, 5
17419, 5
17420, 4
17421, 2
17422, 7
17423, 1
17424, 4
17425, 4
17426, 3
17427, 1
17428, 9
17429, 3
17430, 3
17431, 1
17432, 5
17433, 3
17434, 5
17435, 4
17436, 7
17437, 6
17438, 4
17439, 5
17440, 6
17441, 3
17442, 3
17443, 7
17444, 4
17445, 4
17446, 1
17447, 4
17448, 3
17449, 4
17450, 4
17451, 2
17452, 4
17453, 4
17454, 2
17455, 5
17456, 1
17457, 1
17458, 3
17459, 2
17460, 1
17461, 2
17462, 1
17463, 1
17465, 2
17466, 1
17467, 3
17468, 1
17469, 4
17470, 2
17471, 6
17472, 2
17473, 2
17474, 1
17475, 2
17476, 1
17477, 3
17478, 3
17479, 2
17480, 1
17481, 2
17482, 2
17483, 4
17484, 3
17485, 4
17486, 1
17487, 2
17488, 3
17489, 6
17490, 1
17492, 1
17493, 5
17494, 3
17495, 3
17496, 2
17497, 1
17498, 3
17499, 3
17500, 3
17501, 4
17502, 3
17503, 3
17504, 2
17505, 5
17506, 3
17507, 4
17508, 4
17509, 4
17510, 3
17511, 3
17512, 4
17513, 2
17514, 7
17515, 3
17516, 2
17517, 4
17518, 5
17519, 4
17520, 4
17521, 6
17522, 6
17523, 5
17524, 5
17525, 5
17526, 4
17527, 3
17528, 7
17529, 3
17530, 2
17531, 4
17532, 4
17533, 3
17534, 3
17535, 3
17536, 5
17537, 3
17538, 4
17539, 3
17540, 3
17541, 2
17542, 1
17543, 2
17544, 3
17545, 2
17546, 1
17547, 1
17548, 1
17549, 1
17550, 1
17551, 2
17552, 2
17553, 1
17554, 3
17555, 2
17556, 5
17557, 5
17558, 2
17559, 1
17560, 2
17562, 2
17563, 2
17564, 4
17565, 1
17566, 2
17567, 2
17568, 3
17569, 4
17570, 2
17571, 4
17572, 1
17573, 3
17574, 3
17575, 4
17576, 1
17578, 4
17579, 3
17580, 3
17581, 4
17582, 1
17583, 1
17584, 4
17585, 4
17586, 2
17587, 3
17588, 4
17589, 3
17590, 4
17591, 4
17592, 2
17593, 6
17594, 3
17595, 3
17596, 3
17597, 4
17598, 1
17599, 6
17600, 5
17601, 2
17602, 3
17603, 5
17604, 4
17605, 4
17606, 4
17607, 8
17608, 4
17609, 5
17610, 4
17611, 6
17612, 4
17613, 6
17614, 5
17615, 2
17616, 3
17617, 1
17618, 7
17619, 1
17620, 2
17621, 6
17622, 3
17623, 3
17624, 3
17625, 5
17626, 3
17627, 1
17628, 2
17629, 2
17630, 1
17631, 3
17632, 1
17633, 1
17634, 1
17636, 2
17637, 2
17638, 2
17639, 3
17640, 1
17641, 3
17642, 5
17643, 4
17644, 1
17645, 2
17646, 1
17647, 2
17648, 1
17649, 4
17650, 2
17651, 2
17652, 1
17653, 1
17654, 4
17655, 6
17656, 2
17657, 1
17658, 2
17659, 2
17660, 5
17661, 2
17662, 1
17663, 1
17664, 5
17665, 2
17666, 5
17667, 1
17668, 1
17669, 5
17670, 2
17671, 2
17672, 4
17673, 2
17674, 5
17675, 1
17676, 6
17677, 1
17678, 7
17679, 3
17680, 4
17681, 4
17682, 1
17683, 4
17685, 9
17686, 3
17687, 2
17688, 5
17689, 3
17690, 5
17691, 6
17692, 5
17693, 5
17694, 4
17695, 5
17696, 4
17697, 5
17698, 3
17699, 6
17700, 5
17701, 5
17702, 1
17703, 6
17704, 1
17705, 2
17706, 7
17707, 1
17708, 4
17709, 4
17710, 3
17711, 4
17712, 1
17713, 2
17714, 2
17715, 3
17716, 1
17717, 2
17719, 1
17720, 1
17721, 2
17722, 1
17723, 3
17724, 1
17725, 2
17726, 3
17727, 5
17728, 4
17729, 2
17730, 2
17731, 1
17733, 2
17734, 3
17735, 3
17736, 1
17737, 3
17738, 1
17739, 3
17740, 3
17741, 6
17742, 1
17743, 2
17745, 4
17746, 6
17749, 4
17750, 4
17751, 3
17752, 2
17753, 2
17754, 2
17755, 3
17756, 4
17757, 3
17758, 2
17759, 4
17760, 3
17761, 4
17762, 4
17763, 2
17764, 5
17765, 4
17766, 2
17767, 4
17768, 2
17769, 5
17770, 7
17771, 2
17772, 2
17773, 5
17774, 4
17775, 3
17776, 2
17777, 6
17778, 4
17779, 9
17780, 3
17781, 6
17782, 5
17783, 4
17784, 5
17785, 6
17786, 1
17787, 4
17788, 2
17789, 4
17790, 3
17791, 3
17792, 5
17793, 4
17794, 2
17795, 5
17796, 1
17797, 5
17798, 1
17799, 1
17800, 3
17801, 3
17803, 2
17804, 1
17805, 1
17807, 3
17808, 2
17809, 1
17810, 1
17811, 3
17812, 3
17813, 6
17814, 3
17815, 1
17816, 3
17818, 2
17819, 2
17820, 2
17821, 3
17822, 2
17823, 2
17824, 2
17825, 2
17826, 4
17827, 5
17828, 1
17829, 1
17830, 3
17831, 5
17832, 2
17834, 2
17835, 3
17836, 5
17837, 2
17838, 2
17839, 1
17840, 4
17841, 3
17842, 2
17843, 4
17844, 2
17845, 6
17846, 2
17847, 3
17848, 2
17849, 8
17850, 1
17851, 4
17852, 3
17853, 6
17855, 6
17856, 5
17857, 3
17858, 2
17859, 2
17860, 7
17861, 3
17862, 5
17863, 5
17864, 5
17865, 4
17866, 6
17867, 7
17868, 2
17869, 4
17870, 7
17871, 4
17872, 1
17873, 4
17874, 5
17875, 3
17876, 2
17877, 6
17878, 2
17879, 4
17880, 2
17881, 5
17882, 4
17883, 1
17884, 1
17885, 2
17886, 2
17887, 2
17888, 2
17889, 1
17890, 1
17892, 2
17893, 2
17894, 1
17895, 2
17896, 2
17897, 4
17898, 3
17899, 5
17900, 2
17902, 3
17903, 1
17904, 1
17905, 2
17906, 4
17907, 2
17908, 2
17909, 1
17910, 3
17911, 5
17912, 2
17913, 3
17914, 1
17915, 2
17916, 4
17917, 4
17918, 1
17919, 1
17920, 4
17921, 2
17922, 4
17923, 2
17924, 2
17925, 1
17926, 4
17927, 4
17928, 3
17929, 2
17930, 3
17931, 3
17932, 5
17933, 2
17934, 5
17935, 6
17936, 1
17937, 4
17938, 3
17939, 4
17940, 3
17941, 6
17942, 3
17943, 2
17944, 3
17945, 5
17946, 4
17947, 4
17948, 7
17949, 5
17950, 5
17951, 6
17952, 4
17953, 4
17954, 3
17955, 6
17956, 4
17957, 4
17958, 3
17959, 2
17960, 6
17961, 2
17962, 3
17963, 4
17964, 4
17965, 3
17966, 4
17967, 5
17968, 1
17969, 1
17970, 2
17971, 2
17972, 2
17973, 3
17975, 1
17976, 1
17978, 2
17979, 2
17980, 2
17981, 2
17982, 2
17983, 4
17984, 4
17985, 4
17986, 1
17987, 3
17989, 2
17990, 2
17991, 3
17992, 2
17994, 3
17995, 3
17996, 1
17997, 6
17998, 3
17999, 1
18000, 2
18001, 4
18002, 4
18003, 2
18005, 1
18006, 6
18007, 2
18008, 3
18009, 2
18010, 3
18011, 2
18012, 3
18013, 2
18014, 4
18015, 3
18016, 3
18017, 4
18018, 4
18019, 2
18020, 7
18021, 1
18022, 6
18023, 3
18024, 1
18025, 4
18026, 4
18027, 6
18028, 3
18029, 3
18030, 4
18031, 3
18032, 4
18033, 4
18034, 5
18035, 8
18036, 4
18037, 6
18038, 3
18039, 5
18040, 2
18041, 8
18042, 4
18043, 3
18044, 2
18045, 3
18046, 4
18047, 3
18048, 6
18049, 2
18050, 3
18051, 3
18052, 4
18053, 4
18054, 1
18055, 2
18056, 3
18057, 1
18058, 2
18059, 2
18061, 2
18063, 1
18064, 3
18065, 1
18066, 1
18067, 5
18068, 1
18069, 4
18070, 5
18071, 2
18072, 1
18073, 2
18074, 1
18075, 2
18076, 2
18077, 4
18079, 3
18080, 1
18081, 4
18082, 4
18083, 5
18085, 1
18086, 3
18087, 5
18088, 2
18089, 1
18090, 1
18091, 2
18092, 5
18093, 4
18094, 2
18095, 1
18096, 3
18097, 1
18098, 5
18099, 2
18100, 3
18101, 5
18102, 2
18103, 3
18104, 4
18105, 4
18106, 2
18107, 7
18108, 3
18109, 3
18110, 1
18111, 3
18112, 8
18113, 4
18114, 1
18115, 4
18116, 5
18117, 4
18118, 4
18119, 6
18120, 6
18121, 3
18122, 6
18123, 5
18124, 4
18125, 4
18126, 5
18127, 6
18128, 3
18129, 2
18130, 4
18131, 3
18132, 2
18133, 5
18134, 3
18135, 5
18136, 1
18137, 6
18138, 3
18139, 2
18140, 1
18141, 2
18142, 2
18143, 3
18145, 2
18146, 1
18147, 1
18149, 3
18150, 2
18151, 2
18152, 2
18153, 2
18154, 3
18155, 3
18156, 6
18158, 2
18159, 1
18160, 2
18161, 2
18162, 4
18163, 1
18164, 3
18165, 1
18166, 1
18167, 5
18168, 3
18169, 4
18170, 1
18171, 1
18172, 4
18173, 6
18176, 3
18177, 4
18178, 4
18179, 1
18180, 2
18181, 3
18182, 2
18183, 3
18184, 2
18185, 4
18186, 3
18187, 4
18188, 3
18189, 3
18190, 5
18191, 5
18192, 3
18193, 2
18194, 4
18195, 3
18196, 3
18197, 6
18198, 4
18199, 3
18200, 3
18201, 3
18202, 3
18203, 5
18204, 6
18205, 5
18206, 6
18207, 5
18208, 6
18209, 3
18210, 4
18211, 7
18212, 4
18213, 3
18214, 4
18215, 1
18216, 6
18217, 1
18218, 2
18219, 7
18220, 2
18221, 3
18222, 5
18223, 3
18224, 4
18225, 1
18226, 1
18227, 3
18228, 2
18229, 1
18230, 2
18231, 1
18233, 1
18234, 2
18235, 1
18236, 3
18237, 1
18238, 3
18239, 1
18240, 5
18241, 5
18242, 2
18243, 2
18244, 1
18245, 1
18246, 2
18247, 3
18248, 1
18249, 3
18250, 2
18251, 2
18252, 2
18253, 5
18254, 2
18255, 3
18256, 1
18257, 2
18258, 7
18259, 1
18260, 1
18261, 1
18262, 3
18263, 4
18264, 4
18265, 2
18266, 1
18267, 3
18268, 4
18269, 2
18270, 1
18271, 4
18272, 6
18273, 3
18274, 3
18275, 2
18276, 5
18277, 3
18278, 4
18279, 3
18280, 5
18281, 2
18282, 3
18283, 7
18284, 3
18285, 1
18286, 3
18287, 5
18288, 4
18289, 4
18290, 5
18291, 8
18292, 4
18293, 5
18294, 5
18295, 3
18296, 5
18297, 7
18298, 3
18299, 4
18300, 3
18301, 1
18302, 7
18303, 1
18304, 4
18305, 4
18306, 4
18307, 1
18308, 6
18309, 3
18310, 2
18311, 1
18312, 3
18313, 1
18314, 3
18315, 2
18317, 1
18318, 1
18319, 1
18320, 2
18321, 2
18322, 1
18323, 3
18324, 3
18325, 1
18326, 6
18327, 3
18328, 1
18329, 2
18330, 1
18331, 1
18332, 3
18333, 4
18334, 1
18335, 2
18336, 2
18337, 2
18338, 2
18339, 4
18340, 5
18341, 1
18342, 1
18343, 4
18344, 5
18345, 1
18346, 1
18347, 3
18348, 3
18349, 3
18350, 2
18351, 2
18352, 2
18353, 4
18354, 3
18355, 1
18356, 4
18357, 3
18358, 4
18359, 3
18360, 3
18361, 5
18362, 3
18363, 6
18364, 2
18365, 3
18366, 3
18367, 3
18368, 7
18369, 3
18370, 3
18371, 2
18372, 5
18373, 4
18374, 5
18375, 3
18376, 7
18377, 5
18378, 5
18379, 4
18380, 4
18381, 5
18382, 3
18383, 7
18384, 4
18385, 4
18386, 1
18387, 4
18388, 4
18389, 4
18390, 4
18391, 2
18392, 4
18393, 4
18394, 2
18395, 5
18396, 1
18397, 1
18398, 3
18399, 2
18400, 3
18402, 1
18403, 1
18405, 2
18406, 2
18407, 2
18409, 3
18410, 3
18411, 4
18412, 5
18413, 2
18414, 2
18415, 1
18416, 1
18417, 3
18418, 1
18419, 3
18420, 1
18421, 3
18422, 2
18423, 1
18424, 5
18425, 4
18426, 2
18427, 1
18428, 3
18429, 6
18430, 2
18433, 6
18434, 2
18435, 4
18436, 2
18438, 4
18439, 3
18440, 3
18441, 4
18442, 1
18443, 4
18444, 3
18445, 5
18446, 2
18447, 5
18448, 4
18449, 4
18450, 3
18451, 2
18452, 4
18453, 3
18454, 7
18455, 3
18456, 2
18457, 3
18458, 4
18459, 5
18460, 5
18461, 4
18462, 8
18463, 3
18464, 5
18465, 7
18466, 2
18467, 4
18468, 6
18469, 4
18470, 2
18471, 5
18472, 3
18473, 3
18474, 3
18475, 3
18476, 4
18477, 4
18478, 5
18479, 3
18480, 4
18481, 1
18482, 1
18483, 3
18484, 1
18485, 2
18486, 3
18487, 1
18489, 1
18491, 2
18492, 3
18493, 1
18494, 2
18495, 2
18496, 5
18497, 5
18498, 3
18500, 2
18501, 2
18502, 2
18503, 1
18504, 4
18505, 1
18506, 3
18507, 1
18508, 3
18509, 4
18510, 3
18511, 2
18512, 2
18513, 3
18514, 3
18515, 5
18518, 3
18519, 4
18520, 3
18521, 3
18522, 1
18523, 3
18524, 2
18525, 4
18526, 3
18527, 2
18528, 3
18529, 3
18530, 6
18531, 2
18532, 4
18533, 5
18534, 4
18535, 3
18536, 2
18537, 4
18538, 3
18539, 5
18540, 4
18541, 4
18542, 3
18543, 3
18544, 4
18545, 4
18546, 5
18547, 5
18548, 7
18549, 5
18550, 4
18551, 4
18552, 5
18553, 6
18554, 5
18555, 3
18556, 3
18557, 1
18558, 7
18559, 1
18560, 3
18561, 5
18562, 3
18563, 3
18564, 4
18565, 4
18566, 3
18568, 2
18569, 3
18570, 2
18571, 2
18572, 1
18573, 1
18575, 1
18576, 2
18577, 2
18578, 2
18579, 2
18580, 1
18581, 3
18582, 7
18583, 3
18584, 1
18585, 1
18586, 2
18587, 2
18588, 1
18589, 3
18590, 2
18591, 3
18592, 2
18594, 5
18595, 3
18596, 4
18597, 1
18598, 3
18599, 1
18600, 6
18601, 1
18602, 1
18604, 5
18605, 2
18606, 5
18607, 1
18608, 3
18609, 3
18610, 2
18611, 3
18612, 1
18613, 5
18614, 3
18615, 5
18616, 3
18617, 3
18618, 4
18619, 4
18620, 4
18621, 4
18622, 3
18623, 2
18624, 4
18625, 6
18626, 3
18627, 2
18628, 4
18629, 4
18630, 4
18631, 4
18632, 7
18633, 3
18634, 5
18635, 6
18636, 6
18637, 5
18638, 3
18639, 6
18640, 4
18641, 3
18642, 3
18643, 3
18644, 4
18645, 2
18646, 6
18647, 2
18648, 5
18649, 2
18650, 4
18651, 4
18652, 1
18653, 2
18654, 3
18656, 3
18657, 2
18659, 1
18660, 1
18661, 1
18662, 3
18663, 1
18664, 2
18665, 2
18666, 3
18667, 3
18668, 4
18669, 4
18670, 1
18671, 2
18672, 1
18673, 1
18674, 2
18675, 4
18676, 1
18677, 3
18678, 1
18679, 3
18680, 3
18681, 3
18682, 4
18684, 4
18685, 3
18686, 4
18687, 1
18689, 5
18690, 1
18691, 4
18692, 3
18693, 2
18694, 3
18695, 3
18696, 2
18697, 1
18698, 5
18699, 3
18700, 3
18701, 4
18702, 4
18703, 5
18704, 3
18705, 3
18706, 4
18707, 3
18708, 3
18709, 3
18710, 3
18711, 6
18712, 3
18713, 3
18714, 5
18715, 3
18716, 5
18717, 5
18718, 7
18719, 5
18720, 3
18721, 7
18722, 3
18723, 5
18724, 7
18725, 4
18726, 1
18727, 5
18729, 6
18730, 2
18731, 3
18732, 5
18733, 3
18734, 2
18735, 6
18736, 3
18737, 3
18738, 1
18739, 1
18740, 3
18741, 3
18742, 1
18743, 1
18744, 1
18746, 1
18747, 3
18748, 1
18749, 2
18750, 1
18751, 4
18752, 2
18753, 6
18754, 3
18755, 2
18756, 2
18758, 2
18759, 2
18760, 1
18761, 4
18762, 1
18763, 2
18764, 2
18765, 2
18766, 5
18767, 5
18769, 2
18770, 2
18771, 5
18772, 3
18775, 4
18776, 5
18777, 3
18778, 2
18779, 2
18780, 2
18781, 5
18783, 5
18784, 1
18785, 5
18786, 2
18787, 5
18788, 3
18789, 5
18790, 4
18791, 4
18792, 2
18793, 4
18794, 3
18795, 4
18796, 5
18797, 4
18799, 3
18800, 9
18801, 1
18802, 5
18803, 6
18804, 6
18805, 5
18806, 5
18807, 5
18808, 3
18809, 4
18810, 8
18811, 3
18812, 2
18813, 2
18814, 5
18815, 3
18816, 3
18817, 6
18818, 2
18819, 2
18820, 3
18821, 5
18822, 4
18823, 1
18824, 2
18825, 2
18826, 2
18827, 2
18828, 2
18830, 1
18831, 1
18832, 2
18833, 2
18834, 2
18835, 1
18836, 2
18837, 2
18838, 6
18839, 3
18840, 3
18841, 1
18842, 1
18843, 1
18844, 3
18845, 1
18846, 3
18847, 3
18848, 1
18849, 2
18850, 3
18851, 4
18852, 4
18853, 2
18854, 2
18855, 2
18856, 3
18857, 5
18859, 1
18860, 4
18861, 2
18862, 1
18863, 5
18864, 2
18865, 2
18866, 4
18867, 3
18868, 4
18870, 4
18871, 3
18872, 4
18873, 3
18874, 4
18875, 5
18876, 4
18877, 3
18878, 3
18879, 4
18880, 3
18881, 5
18882, 3
18883, 3
18884, 3
18885, 3
18886, 7
18887, 1
18888, 8
18889, 4
18890, 6
18891, 6
18892, 2
18893, 7
18894, 3
18895, 6
18896, 4
18897, 4
18898, 2
18899, 4
18900, 4
18901, 2
18902, 2
18903, 5
18904, 4
18905, 3
18906, 5
18907, 3
18908, 3
18910, 3
18911, 2
18912, 3
18913, 1
18914, 1
18915, 1
18917, 1
18918, 2
18919, 3
18920, 1
18921, 3
18922, 1
18923, 3
18924, 6
18925, 3
18926, 1
18927, 1
18928, 2
18929, 2
18930, 2
18931, 3
18932, 2
18933, 3
18934, 1
18935, 2
18936, 1
18937, 5
18938, 4
18939, 1
18940, 2
18941, 4
18942, 5
18943, 1
18945, 1
18946, 4
18947, 3
18948, 5
18949, 2
18951, 4
18952, 4
18953, 1
18954, 4
18955, 1
18956, 5
18957, 2
18958, 5
18959, 3
18960, 4
18961, 5
18962, 3
18963, 2
18964, 4
18965, 3
18966, 6
18967, 4
18968, 3
18969, 2
18970, 5
18971, 4
18972, 4
18973, 3
18974, 7
18975, 6
18976, 5
18977, 4
18978, 6
18979, 4
18980, 2
18981, 8
18982, 4
18983, 3
18984, 1
18985, 5
18986, 4
18988, 7
18989, 2
18990, 4
18991, 4
18992, 3
18993, 4
18994, 2
18996, 3
18997, 1
18998, 3
18999, 1
19000, 1
19001, 1
19002, 1
19003, 1
19004, 3
19005, 1
19006, 2
19007, 2
19008, 2
19009, 5
19010, 5
19011, 2
19012, 1
19013, 2
19014, 1
19015, 1
19016, 2
19017, 4
19018, 2
19019, 1
19020, 2
19021, 2
19022, 4
19023, 3
19024, 4
19025, 2
19026, 3
19027, 4
19028, 2
19029, 1
19030, 1
19031, 4
19032, 1
19033, 4
19034, 4
19035, 1
19036, 2
19037, 4
19038, 2
19039, 4
19040, 1
19041, 6
19043, 7
19044, 3
19045, 3
19046, 5
19047, 5
19048, 1
19049, 2
19050, 4
19051, 3
19052, 6
19053, 5
19054, 1
19055, 3
19056, 4
19057, 5
19058, 4
19059, 6
19060, 5
19061, 4
19062, 5
19063, 6
19064, 6
19065, 1
19066, 6
19067, 6
19068, 3
19069, 4
19071, 7
19072, 2
19074, 6
19075, 4
19076, 3
19077, 4
19078, 5
19079, 2
19080, 1
19081, 2
19082, 2
19083, 3
19085, 2
19086, 1
19088, 2
19090, 4
19092, 3
19093, 3
19094, 2
19095, 5
19096, 4
19097, 1
19098, 2
19099, 1
19100, 2
19101, 2
19102, 3
19103, 2
19104, 2
19105, 2
19107, 5
19108, 4
19109, 3
19110, 1
19111, 3
19112, 1
19113, 4
19114, 4
19116, 2
19117, 4
19118, 3
19119, 3
19120, 2
19121, 1
19122, 4
19123, 4
19124, 1
19125, 4
19126, 4
19127, 3
19128, 2
19129, 4
19130, 5
19131, 3
19132, 5
19133, 3
19134, 3
19135, 3
19136, 2
19137, 4
19138, 7
19139, 3
19140, 1
19141, 5
19142, 4
19143, 4
19144, 4
19145, 6
19146, 6
19147, 7
19148, 3
19149, 5
19150, 4
19151, 3
19152, 8
19153, 3
19154, 3
19155, 2
19156, 5
19157, 3
19158, 2
19159, 5
19160, 2
19161, 4
19162, 4
19163, 2
19164, 6
19166, 1
19167, 4
19168, 1
19169, 2
19170, 2
19171, 1
19172, 1
19174, 2
19175, 1
19176, 2
19177, 2
19178, 2
19179, 3
19180, 4
19181, 4
19182, 3
19183, 1
19184, 1
19185, 1
19186, 3
19187, 2
19188, 2
19189, 2
19190, 2
19191, 2
19192, 2
19193, 6
19194, 3
19195, 2
19196, 2
19197, 2
19198, 4
19199, 3
19200, 1
19202, 4
19203, 3
19204, 5
19205, 2
19206, 1
19207, 3
19208, 4
19209, 1
19210, 2
19211, 4
19212, 5
19213, 2
19214, 3
19215, 4
19216, 4
19217, 4
19218, 6
19219, 1
19220, 3
19221, 2
19222, 4
19223, 7
19224, 3
19225, 2
19226, 4
19227, 3
19228, 4
19229, 6
19230, 5
19231, 5
19232, 7
19233, 4
19234, 6
19235, 3
19236, 4
19237, 5
19238, 4
19239, 5
19240, 1
19241, 3
19242, 6
19243, 1
19244, 6
19245, 2
19246, 5
19247, 1
19248, 3
19249, 5
19250, 3
19251, 1
19252, 3
19253, 1
19254, 2
19255, 1
19256, 2
19257, 1
19258, 1
19259, 1
19260, 2
19261, 2
19262, 1
19263, 2
19264, 3
19265, 3
19266, 5
19267, 4
19268, 1
19269, 1
19270, 1
19271, 2
19272, 1
19273, 3
19274, 3
19275, 2
19276, 1
19277, 2
19278, 3
19279, 5
19280, 4
19282, 2
19283, 3
19284, 6
19285, 1
19287, 3
19288, 4
19289, 3
19290, 2
19291, 3
19292, 1
19293, 4
19294, 2
19295, 2
19296, 4
19297, 3
19298, 4
19299, 3
19300, 4
19301, 2
19302, 7
19303, 2
19304, 4
19305, 3
19306, 3
19307, 3
19308, 4
19309, 6
19310, 3
19311, 3
19312, 3
19313, 4
19314, 4
19315, 5
19316, 6
19317, 5
19318, 4
19319, 6
19320, 5
19321, 3
19322, 7
19323, 5
19324, 3
19325, 4
19326, 1
19327, 4
19328, 3
19329, 2
19330, 7
19331, 2
19332, 3
19333, 1
19334, 6
19335, 3
19336, 2
19337, 2
19338, 3
19340, 3
19341, 2
19342, 1
19344, 1
19345, 2
19347, 4
19348, 1
19349, 4
19351, 5
19352, 4
19353, 3
19355, 3
19356, 1
19357, 2
19358, 1
19359, 3
19360, 2
19361, 3
19362, 1
19363, 2
19364, 4
19365, 3
19366, 4
19367, 2
19368, 1
19369, 6
19370, 3
19372, 1
19373, 4
19374, 3
19375, 4
19376, 1
19377, 2
19378, 3
19379, 3
19380, 2
19381, 4
19382, 1
19383, 6
19384, 2
19385, 4
19386, 3
19387, 5
19388, 4
19389, 2
19390, 4
19391, 3
19392, 4
19393, 2
19394, 7
19395, 3
19396, 2
19397, 4
19398, 5
19399, 4
19400, 4
19401, 4
19402, 6
19403, 7
19404, 4
19405, 6
19406, 2
19407, 3
19408, 7
19409, 6
19410, 4
19411, 2
19412, 1
19413, 6
19414, 2
19415, 3
19416, 4
19417, 4
19418, 2
19419, 5
19420, 3
19421, 3
19422, 1
19423, 3
19424, 1
19425, 2
19426, 2
19427, 1
19428, 1
19430, 1
19431, 2
19432, 3
19433, 1
19434, 2
19435, 2
19436, 3
19437, 6
19438, 3
19439, 1
19440, 2
19441, 1
19442, 2
19443, 1
19444, 4
19445, 2
19446, 2
19447, 1
19448, 2
19449, 3
19450, 5
19451, 4
19453, 3
19454, 3
19455, 4
19456, 2
19458, 3
19459, 4
19460, 3
19461, 2
19462, 2
19463, 2
19464, 3
19465, 4
19466, 2
19467, 3
19468, 2
19469, 4
19470, 4
19471, 4
19472, 3
19473, 4
19474, 3
19475, 6
19476, 1
19477, 5
19478, 2
19479, 5
19480, 5
19481, 3
19482, 2
19483, 4
19484, 5
19485, 2
19486, 5
19487, 9
19488, 4
19489, 5
19490, 4
19491, 5
19492, 5
19493, 4
19494, 6
19495, 4
19496, 3
19497, 1
19498, 5
19499, 2
19500, 3
19501, 4
19502, 4
19503, 4
19504, 1
19505, 5
19506, 4
19507, 2
19509, 3
19510, 3
19511, 1
19512, 2
19513, 1
19515, 1
19516, 2
19517, 1
19518, 3
19519, 1
19520, 2
19521, 3
19522, 5
19523, 5
19524, 1
19525, 1
19526, 2
19527, 2
19528, 2
19530, 3
19531, 3
19532, 2
19533, 1
19534, 4
19535, 3
19536, 4
19537, 2
19538, 1
19539, 3
19540, 5
19541, 3
19543, 1
19544, 3
19545, 4
19546, 3
19547, 3
19548, 1
19549, 3
19550, 4
19551, 2
19552, 1
19553, 3
19554, 5
19555, 5
19556, 2
19557, 3
19558, 4
19559, 5
19560, 3
19561, 4
19562, 3
19563, 3
19564, 2
19565, 7
19566, 4
19567, 2
19568, 3
19569, 4
19570, 5
19571, 4
19572, 4
19573, 8
19574, 4
19575, 7
19576, 4
19577, 4
19578, 3
19579, 6
19580, 5
19581, 4
19582, 2
19583, 1
19584, 6
19585, 2
19586, 3
19587, 4
19588, 4
19589, 3
19590, 4
19591, 5
19592, 1
19593, 1
19594, 3
19595, 2
19596, 2
19597, 2
19599, 1
19600, 1
19601, 1
19602, 2
19603, 1
19604, 2
19605, 2
19606, 2
19607, 3
19608, 7
19609, 1
19610, 3
19611, 2
19613, 2
19614, 1
19615, 4
19616, 2
19617, 3
19618, 1
19619, 1
19620, 5
19621, 4
19622, 3
19623, 1
19624, 2
19625, 4
19626, 3
19627, 2
19629, 2
19630, 5
19631, 1
19632, 5
19633, 1
19634, 1
19635, 5
19636, 2
19637, 5
19638, 1
19639, 3
19640, 5
19641, 2
19642, 4
19643, 5
19644, 2
19645, 5
19646, 3
19647, 4
19648, 3
19649, 1
19650, 5
19651, 7
19652, 2
19653, 2
19654, 5
19655, 5
19656, 2
19657, 6
19658, 4
19659, 6
19660, 8
19661, 3
19662, 4
19663, 4
19664, 5
19665, 6
19666, 3
19667, 4
19668, 1
19669, 5
19670, 3
19671, 1
19672, 6
19673, 4
19674, 2
19675, 5
19676, 3
19677, 4
19679, 2
19680, 3
19681, 2
19682, 2
19683, 1
19684, 1
19686, 1
19687, 1
19688, 3
19689, 1
19690, 1
19691, 4
19692, 1
19693, 6
19694, 3
19695, 3
19696, 1
19697, 2
19698, 1
19699, 3
19700, 1
19701, 4
19702, 1
19703, 3
19705, 4
19706, 4
19707, 2
19708, 3
19709, 2
19710, 2
19711, 3
19712, 5
19714, 1
19715, 3
19716, 4
19717, 4
19718, 2
19719, 1
19720, 2
19721, 5
19722, 2
19723, 3
19724, 2
19725, 5
19726, 1
19727, 7
19728, 1
19729, 5
19730, 5
19731, 1
19732, 3
19733, 6
19734, 3
19735, 2
19736, 7
19737, 3
19738, 2
19739, 3
19740, 5
19741, 4
19742, 4
19743, 5
19744, 7
19745, 4
19746, 6
19747, 4
19748, 4
19749, 4
19750, 8
19751, 3
19752, 2
19753, 2
19754, 3
19755, 6
19756, 1
19757, 6
19758, 3
19759, 4
19760, 2
19761, 5
19762, 3
19763, 2
19764, 1
19765, 2
19766, 2
19767, 3
19768, 1
19769, 1
19770, 1
19771, 1
19772, 1
19773, 2
19774, 2
19775, 1
19776, 3
19777, 1
19778, 4
19779, 6
19780, 2
19781, 2
19782, 1
19783, 1
19784, 2
19785, 2
19786, 1
19787, 4
19788, 1
19789, 3
19791, 5
19792, 4
19793, 4
19794, 1
19795, 2
19796, 3
19797, 5
19798, 1
19800, 2
19801, 4
19802, 5
19803, 3
19804, 1
19805, 1
19806, 3
19807, 4
19808, 3
19809, 3
19810, 2
19811, 3
19812, 5
19813, 3
19814, 4
19815, 3
19816, 5
19817, 4
19818, 3
19819, 3
19820, 2
19821, 6
19822, 4
19823, 3
19824, 3
19825, 4
19826, 2
19827, 6
19828, 4
19829, 5
19830, 7
19831, 6
19832, 4
19833, 5
19834, 5
19835, 3
19836, 6
19837, 4
19838, 2
19839, 3
19840, 3
19841, 4
19842, 1
19843, 7
19844, 4
19845, 1
19846, 5
19847, 3
19848, 4
19850, 1
19851, 3
19852, 4
19853, 1
19854, 1
19855, 1
19856, 1
19858, 1
19859, 2
19860, 3
19861, 1
19862, 3
19863, 2
19864, 5
19865, 4
19866, 2
19867, 1
19868, 2
19869, 1
19870, 3
19871, 2
19872, 2
19873, 1
19874, 3
19875, 1
19876, 2
19877, 6
19878, 3
19879, 2
19880, 2
19881, 2
19882, 5
19883, 3
19886, 5
19887, 2
19888, 5
19889, 1
19890, 3
19891, 1
19892, 5
19893, 2
19894, 4
19895, 1
19896, 6
19897, 1
19898, 6
19899, 2
19900, 4
19901, 4
19902, 3
19903, 3
19904, 5
19905, 2
19906, 3
19907, 7
19908, 2
19909, 3
19910, 2
19911, 5
19912, 4
19913, 4
19914, 9
19915, 3
19916, 6
19917, 4
19918, 5
19919, 4
19920, 4
19921, 7
19922, 4
19923, 3
19924, 3
19925, 1
19926, 7
19927, 1
19928, 5
19929, 3
19930, 3
19931, 3
19932, 5
19933, 3
19934, 2
19935, 2
19937, 3
19938, 3
19939, 2
19941, 1
19942, 1
19943, 1
19944, 1
19945, 4
19947, 3
19949, 5
19950, 7
19952, 2
19953, 2
19954, 1
19955, 3
19956, 1
19957, 3
19958, 2
19959, 3
19960, 1
19961, 3
19962, 4
19963, 2
19964, 4
19966, 3
19967, 3
19968, 5
19969, 1
19971, 3
19972, 4
19973, 4
19974, 1
19975, 2
19976, 3
19977, 3
19978, 3
19979, 4
19980, 2
19981, 3
19982, 4
19983, 3
19984, 3
19985, 5
19986, 4
19987, 2
19988, 5
19989, 3
19990, 4
19991, 1
19992, 4
19993, 6
19994, 3
19995, 3
19996, 3
19997, 5
19998, 4
19999, 5
20000, 6
20001, 6
20002, 5
20003, 4
20004, 5
20005, 4
20006, 3
20007, 9
20008, 2
20009, 3
20010, 1
20011, 4
20012, 4
20013, 4
20014, 3
20015, 4
20016, 2
20017, 6
20018, 2
20019, 4
20020, 1
20022, 4
20023, 2
20024, 3
20027, 2
20029, 3
20030, 1
20031, 1
20032, 3
20033, 2
20034, 2
20035, 6
20036, 3
20037, 2
20038, 3
20040, 1
20041, 2
20042, 3
20043, 3
20045, 4
20047, 4
20048, 4
20049, 4
20050, 1
20051, 3
20052, 2
20053, 4
20054, 2
20055, 1
20056, 1
20057, 6
20058, 1
20059, 4
20060, 2
20061, 1
20062, 5
20063, 2
20064, 1
20065, 5
20066, 1
20067, 4
20068, 3
20069, 4
20070, 3
20071, 6
20072, 2
20073, 5
20074, 3
20075, 3
20076, 3
20077, 5
20078, 5
20079, 3
20080, 2
20081, 4
20082, 4
20083, 5
20084, 4
20085, 7
20086, 5
20087, 5
20088, 5
20089, 3
20090, 5
20091, 3
20092, 7
20093, 5
20094, 1
20095, 4
20096, 4
20097, 3
20098, 2
20099, 5
20100, 3
20101, 4
20102, 3
20103, 4
20104, 2
20105, 3
20106, 2
20107, 2
20108, 3
20109, 1
20110, 2
20111, 1
20113, 1
20115, 4
20116, 1
20117, 1
20118, 2
20119, 3
20120, 3
20121, 6
20122, 3
20123, 1
20124, 2
20126, 2
20127, 2
20128, 4
20129, 2
20130, 2
20131, 1
20132, 3
20133, 3
20134, 5
20135, 2
20136, 1
20137, 2
20138, 3
20139, 5
20140, 1
20142, 3
20143, 4
20144, 5
20145, 2
20147, 1
20148, 6
20149, 2
20150, 3
20151, 2
20152, 4
20153, 4
20154, 4
20155, 4
20156, 2
20157, 4
20158, 4
20159, 4
20160, 3
20161, 4
20162, 2
20163, 7
20164, 2
20165, 3
20166, 3
20167, 4
20168, 5
20169, 4
20170, 2
20171, 7
20172, 7
20173, 5
20174, 5
20175, 5
20176, 4
20177, 7
20178, 4
20179, 3
20180, 2
20181, 2
20182, 5
20183, 2
20184, 5
20185, 3
20186, 4
20187, 2
20188, 4
20189, 3
20190, 4
20191, 1
20193, 4
20194, 2
20195, 2
20196, 1
20197, 1
20199, 2
20201, 3
20202, 1
20203, 3
20204, 2
20205, 3
20206, 5
20207, 4
20208, 1
20209, 2
20210, 1
20211, 2
20212, 2
20213, 1
20214, 3
20215, 3
20216, 2
20217, 1
20218, 3
20219, 4
20220, 3
20221, 2
20222, 2
20223, 4
20224, 4
20225, 1
20226, 1
20227, 1
20228, 5
20229, 1
20230, 5
20231, 2
20232, 2
20233, 3
20234, 2
20235, 3
20236, 3
20237, 3
20238, 3
20239, 5
20240, 2
20241, 4
20242, 5
20243, 4
20244, 2
20245, 4
20246, 4
20247, 2
20248, 4
20249, 6
20250, 2
20251, 3
20252, 4
20253, 4
20254, 5
20255, 3
20256, 8
20257, 3
20258, 6
20259, 6
20260, 4
20261, 4
20262, 3
20263, 8
20264, 3
20265, 4
20266, 2
20267, 3
20268, 5
20269, 1
20270, 4
20271, 5
20272, 3
20273, 3
20274, 4
20275, 4
20276, 1
20277, 1
20278, 4
20280, 2
20281, 3
20283, 1
20284, 1
20285, 1
20286, 1
20287, 3
20288, 1
20289, 3
20290, 2
20291, 3
20292, 7
20293, 2
20295, 2
20296, 1
20297, 3
20299, 4
20300, 2
20301, 3
20302, 1
20303, 2
20304, 4
20305, 5
20306, 2
20308, 2
20309, 6
20310, 3
20311, 1
20313, 3
20314, 4
20315, 4
20316, 2
20317, 2
20318, 2
20319, 2
20320, 4
20321, 2
20322, 4
20323, 3
20324, 3
20325, 5
20326, 3
20327, 2
20328, 4
20329, 5
20330, 4
20331, 3
20332, 4
20333, 2
20334, 8
20335, 2
20336, 2
20337, 3
20338, 5
20339, 3
20340, 6
20341, 1
20342, 8
20343, 7
20344, 5
20345, 4
20346, 4
20347, 4
20348, 8
20349, 4
20350, 2
20351, 4
20353, 6
20354, 2
20355, 4
20356, 4
20357, 4
20358, 2
20359, 4
20360, 3
20361, 4
20362, 1
20364, 3
20365, 4
20366, 1
20367, 1
20368, 1
20369, 1
20370, 1
20371, 2
20372, 2
20374, 3
20375, 1
20376, 4
20377, 4
20378, 4
20379, 2
20380, 3
20383, 3
20384, 4
20385, 2
20386, 2
20387, 1
20388, 3
20389, 2
20390, 4
20391, 4
20392, 1
20393, 3
20394, 1
20395, 7
20396, 1
20398, 2
20399, 2
20400, 6
20401, 2
20402, 2
20403, 1
20404, 5
20405, 3
20406, 1
20407, 4
20408, 4
20409, 3
20410, 1
20411, 6
20412, 2
20413, 4
20414, 5
20415, 4
20416, 2
20417, 3
20418, 3
20419, 3
20420, 7
20421, 3
20422, 2
20423, 5
20424, 4
20425, 4
20426, 4
20427, 5
20428, 8
20429, 2
20430, 7
20431, 5
20432, 4
20433, 3
20434, 8
20435, 3
20436, 2
20437, 3
20438, 3
20439, 4
20440, 2
20441, 6
20442, 2
20443, 4
20444, 4
20445, 3
20446, 4
20447, 1
20448, 2
20449, 2
20450, 2
20451, 2
20452, 2
20453, 1
20454, 1
20456, 1
20457, 3
20458, 1
20459, 2
20460, 3
20461, 2
20462, 3
20463, 6
20464, 2
20465, 1
20466, 2
20467, 1
20468, 2
20469, 3
20470, 2
20471, 1
20472, 2
20473, 2
20474, 2
20475, 5
20476, 3
20477, 3
20478, 1
20479, 3
20480, 4
20481, 4
20483, 1
20484, 2
20485, 3
20486, 5
20487, 2
20488, 2
20489, 2
20490, 3
20491, 3
20492, 2
20493, 3
20494, 5
20495, 3
20496, 3
20497, 5
20498, 2
20499, 6
20500, 3
20501, 3
20502, 3
20503, 4
20504, 2
20505, 7
20506, 4
20507, 1
20508, 2
20509, 5
20510, 5
20511, 5
20512, 6
20513, 5
20514, 6
20515, 4
20516, 3
20517, 6
20518, 4
20519, 4
20520, 6
20521, 3
20522, 4
20524, 7
20525, 2
20526, 4
20527, 2
20528, 4
20529, 3
20530, 4
20531, 3
20532, 4
20533, 1
20534, 2
20535, 2
20536, 2
20537, 2
20538, 1
20539, 1
20540, 1
20542, 2
20543, 3
20545, 3
20546, 2
20547, 4
20548, 4
20549, 4
20550, 1
20551, 1
20552, 2
20553, 1
20554, 2
20555, 2
20556, 4
20558, 3
20559, 3
20560, 1
20561, 5
20562, 4
20563, 1
20564, 2
20565, 5
20566, 3
20567, 2
20569, 1
20570, 5
20571, 2
20572, 4
20573, 2
20574, 2
20575, 3
20576, 3
20577, 2
20578, 4
20579, 3
20580, 4
20581, 1
20582, 5
20583, 4
20584, 3
20585, 5
20586, 4
20587, 1
20588, 6
20589, 1
20590, 4
20591, 7
20592, 3
20594, 5
20595, 5
20596, 2
20597, 6
20598, 5
20599, 6
20600, 4
20601, 6
20602, 8
20603, 1
20604, 4
20605, 7
20606, 4
20607, 2
20608, 3
20609, 4
20610, 3
20611, 2
20612, 5
20613, 5
20614, 1
20615, 4
20616, 4
20617, 4
20618, 1
20619, 2
20620, 1
20621, 3
20622, 2
20623, 2
20625, 2
20628, 3
20629, 2
20630, 3
20631, 2
20632, 2
20633, 3
20634, 4
20635, 4
20636, 1
20637, 2
20638, 1
20639, 1
20640, 2
20641, 4
20642, 2
20643, 3
20644, 1
20645, 1
20646, 6
20647, 2
20648, 3
20650, 3
20651, 7
20652, 1
20653, 1
20654, 1
20655, 4
20656, 2
20657, 5
20658, 2
20659, 1
20660, 3
20661, 2
20662, 4
20663, 1
20664, 4
20665, 6
20666, 1
20667, 2
20668, 5
20669, 4
20670, 6
20671, 1
20672, 4
20673, 3
20674, 3
20675, 4
20676, 7
20677, 2
20678, 2
20679, 4
20680, 3
20681, 6
20682, 3
20683, 3
20684, 8
20685, 4
20686, 7
20687, 5
20688, 4
20689, 4
20690, 8
20691, 3
20692, 1
20693, 3
20694, 4
20695, 4
20696, 3
20697, 2
20698, 5
20699, 4
20700, 2
20701, 5
20702, 4
20703, 2
20704, 1
20705, 2
20706, 2
20707, 3
20708, 1
20709, 1
20710, 1
20711, 1
20713, 3
20714, 2
20715, 1
20716, 2
20717, 2
20718, 3
20719, 7
20720, 2
20721, 1
20722, 2
20723, 1
20724, 2
20725, 2
20726, 1
20727, 3
20728, 4
20729, 1
20730, 1
20731, 2
20732, 4
20733, 4
20734, 2
20735, 3
20736, 3
20737, 5
20739, 1
20740, 2
20741, 4
20742, 2
20743, 4
20744, 2
20745, 2
20746, 3
20747, 4
20748, 1
20749, 4
20750, 4
20751, 3
20752, 1
20753, 5
20754, 4
20755, 4
20756, 4
20757, 4
20758, 1
20759, 7
20760, 1
20761, 6
20762, 3
20763, 4
20764, 2
20765, 4
20766, 3
20767, 5
20768, 3
20769, 7
20770, 6
20771, 6
20772, 6
20773, 3
20774, 3
20775, 4
20776, 9
20777, 2
20778, 2
20779, 3
20780, 5
20781, 2
20782, 1
20783, 6
20784, 4
20785, 2
20786, 5
20787, 2
20788, 5
20789, 2
20791, 4
20792, 2
20793, 1
20794, 2
20795, 1
20797, 1
20798, 2
20799, 2
20800, 2
20801, 1
20802, 2
20803, 3
20804, 4
20805, 4
20806, 3
20807, 1
20808, 2
20810, 2
20811, 2
20812, 5
20814, 4
20815, 1
20816, 2
20817, 4
20818, 5
20819, 1
20821, 5
20822, 3
20823, 3
20824, 1
20825, 1
20826, 3
20827, 4
20828, 3
20829, 3
20830, 1
20831, 3
20832, 4
20833, 2
20834, 1
20835, 4
20836, 4
20837, 3
20838, 3
20839, 4
20840, 5
20841, 4
20842, 3
20843, 4
20844, 3
20845, 3
20846, 3
20847, 7
20848, 2
20849, 2
20850, 3
20851, 4
20852, 4
20853, 6
20854, 3
20855, 8
20856, 6
20857, 5
20858, 3
20859, 6
20860, 3
20861, 8
20862, 3
20863, 4
20864, 2
20866, 7
20867, 1
20868, 3
20869, 5
20870, 4
20871, 2
20872, 6
20873, 4
20874, 1
20876, 3
20877, 2
20879, 5
20880, 1
20882, 1
20884, 2
20885, 3
20886, 1
20887, 2
20888, 4
20889, 3
20890, 5
20891, 3
20893, 2
20894, 1
20895, 2
20896, 1
20897, 4
20898, 2
20899, 2
20900, 2
20901, 1
20902, 5
20903, 2
20904, 4
20905, 1
20906, 3
20907, 2
20908, 5
20909, 2
20911, 3
20912, 3
20913, 3
20914, 4
20915, 1
20916, 2
20917, 3
20918, 3
20919, 2
20920, 5
20921, 1
20922, 6
20923, 2
20924, 4
20925, 4
20926, 3
20927, 5
20928, 4
20929, 2
20930, 4
20931, 3
20932, 4
20933, 5
20934, 3
20935, 1
20936, 6
20937, 3
20938, 4
20939, 4
20940, 6
20941, 6
20942, 6
20943, 5
20944, 4
20945, 3
20946, 5
20947, 7
20948, 4
20949, 2
20950, 2
20951, 5
20952, 3
20953, 2
20954, 6
20955, 3
20956, 3
20957, 4
20958, 1
20959, 5
20960, 2
20962, 3
20963, 3
20964, 2
20965, 1
20967, 1
20968, 1
20969, 1
20970, 2
20971, 3
20972, 2
20973, 2
20974, 3
20975, 3
20976, 5
20977, 2
20978, 2
20979, 1
20981, 3
20982, 3
20983, 2
20984, 1
20985, 3
20986, 1
20987, 3
20988, 5
20989, 3
20990, 2
20991, 2
20992, 2
20993, 7
20994, 1
20996, 1
20997, 4
20998, 2
20999, 4
21000, 3
21002, 5
21003, 3
21004, 2
21005, 1
21006, 4
21007, 5
21008, 2
21009, 3
21010, 5
21011, 3
21012, 4
21013, 5
21014, 2
21015, 4
21016, 2
21017, 3
21018, 9
21019, 3
21020, 1
21021, 2
21022, 5
21023, 5
21024, 4
21025, 7
21026, 4
21027, 7
21028, 4
21029, 5
21030, 3
21031, 4
21032, 6
21033, 5
21034, 3
21035, 2
21036, 2
21037, 6
21038, 2
21039, 4
21040, 4
21041, 4
21042, 2
21043, 4
21044, 4
21045, 2
21046, 1
21047, 3
21048, 1
21049, 3
21050, 1
21051, 2
21053, 1
21055, 4
21056, 1
21057, 2
21058, 2
21059, 2
21060, 4
21061, 5
21062, 2
21063, 1
21064, 3
21066, 2
21067, 1
21068, 4
21069, 2
21070, 2
21071, 2
21072, 1
21073, 4
21074, 3
21075, 5
21076, 1
21077, 1
21078, 4
21079, 6
21082, 2
21083, 5
21084, 4
21085, 1
21086, 3
21087, 1
21088, 4
21089, 3
21090, 2
21091, 3
21092, 3
21093, 5
21094, 3
21095, 3
21096, 5
21097, 4
21098, 2
21099, 4
21100, 4
21101, 4
21102, 1
21103, 5
21104, 6
21105, 1
21106, 3
21107, 5
21108, 4
21109, 3
21110, 4
21111, 9
21112, 3
21113, 6
21114, 4
21115, 5
21116, 5
21117, 4
21118, 6
21119, 4
21120, 2
21121, 2
21122, 7
21123, 1
21124, 1
21125, 5
21126, 6
21127, 1
21128, 5
21129, 3
21130, 4
21131, 1
21132, 2
21133, 2
21134, 2
21135, 1
21136, 2
21137, 1
21139, 1
21140, 2
21141, 2
21142, 1
21143, 2
21144, 4
21145, 2
21146, 4
21147, 3
21148, 2
21149, 2
21150, 2
21151, 1
21152, 2
21153, 3
21154, 3
21155, 1
21156, 1
21157, 3
21158, 2
21159, 5
21160, 3
21161, 2
21163, 5
21164, 5
21165, 1
21166, 1
21167, 1
21168, 4
21169, 3
21170, 4
21171, 1
21172, 2
21173, 4
21174, 2
21175, 2
21176, 3
21177, 3
21178, 5
21179, 2
21180, 5
21181, 3
21182, 3
21183, 6
21184, 2
21185, 4
21186, 3
21187, 3
21188, 3
21189, 5
21190, 4
21191, 2
21192, 5
21193, 3
21194, 6
21195, 4
21196, 4
21197, 4
21198, 7
21199, 6
21200, 5
21201, 5
21202, 1
21203, 8
21204, 5
21205, 2
21206, 3
21207, 2
21208, 5
21209, 1
21210, 5
21211, 4
21212, 3
21213, 2
21214, 6
21215, 2
21216, 3
21217, 1
21218, 4
21220, 2
21221, 2
21222, 2
21224, 1
21225, 1
21226, 2
21227, 1
21228, 2
21229, 2
21230, 3
21231, 2
21232, 8
21233, 1
21234, 2
21235, 1
21236, 1
21237, 1
21238, 3
21239, 3
21240, 2
21241, 2
21242, 2
21243, 2
21244, 5
21245, 3
21246, 3
21248, 4
21249, 3
21250, 5
21253, 2
21254, 3
21255, 4
21256, 3
21257, 3
21258, 1
21259, 3
21260, 4
21261, 2
21262, 4
21263, 1
21264, 4
21265, 2
21266, 6
21267, 3
21268, 6
21269, 2
21270, 4
21271, 3
21272, 4
21273, 3
21274, 3
21275, 6
21276, 3
21277, 1
21278, 5
21279, 6
21280, 3
21281, 3
21282, 6
21283, 10
21284, 2
21285, 6
21286, 3
21287, 4
21288, 4
21289, 6
21290, 5
21291, 4
21293, 5
21294, 2
21295, 2
21296, 7
21297, 1
21298, 5
21299, 4
21300, 2
21301, 4
21302, 2
21303, 1
21304, 2
21305, 3
21306, 2
21307, 1
21309, 1
21310, 1
21311, 2
21312, 1
21313, 3
21315, 4
21316, 3
21317, 5
21318, 3
21319, 3
21321, 2
21322, 2
21323, 2
21324, 1
21325, 2
21326, 3
21327, 3
21328, 1
21329, 4
21330, 2
21331, 4
21332, 2
21333, 2
21334, 3
21335, 4
21336, 2
21337, 1
21339, 5
21340, 2
21341, 5
21342, 2
21343, 1
21344, 4
21345, 2
21346, 3
21347, 4
21348, 1
21349, 5
21350, 4
21351, 5
21352, 1
21353, 4
21354, 3
21355, 6
21356, 1
21357, 4
21358, 3
21359, 3
21360, 7
21361, 3
21362, 1
21363, 4
21364, 5
21365, 3
21366, 6
21367, 6
21368, 4
21369, 6
21370, 4
21371, 5
21372, 4
21373, 4
21374, 9
21375, 3
21376, 3
21377, 2
21378, 2
21379, 5
21380, 2
21381, 6
21382, 2
21383, 4
21384, 1
21385, 6
21386, 3
21387, 2
21388, 2
21389, 1
21390, 2
21391, 2
21392, 3
21394, 1
21395, 1
21396, 1
21397, 2
21398, 2
21399, 1
21400, 2
21401, 3
21402, 4
21403, 5
21404, 2
21405, 1
21406, 2
21407, 2
21409, 3
21410, 1
21411, 4
21412, 2
21413, 2
21414, 2
21415, 6
21416, 3
21417, 2
21419, 3
21420, 3
21421, 5
21422, 1
21424, 1
21425, 5
21426, 4
21427, 3
21428, 2
21429, 1
21430, 4
21431, 3
21432, 3
21433, 3
21434, 1
21435, 5
21436, 4
21437, 4
21438, 3
21439, 5
21440, 4
21441, 2
21442, 2
21443, 6
21444, 2
21445, 4
21446, 6
21447, 2
21448, 2
21449, 4
21450, 6
21451, 3
21452, 5
21453, 5
21454, 6
21455, 5
21456, 7
21457, 4
21458, 3
21459, 4
21460, 6
21461, 3
21462, 4
21463, 2
21464, 5
21465, 1
21466, 3
21467, 5
21468, 3
21469, 4
21470, 4
21471, 3
21472, 4
21473, 1
21474, 2
21475, 2
21477, 4
21478, 1
21479, 1
21481, 2
21483, 3
21484, 2
21485, 2
21486, 2
21487, 3
21488, 6
21489, 3
21490, 1
21491, 2
21492, 1
21493, 1
21494, 2
21495, 3
21496, 3
21497, 1
21498, 3
21500, 5
21501, 3
21502, 3
21503, 2
21504, 2
21505, 3
21506, 3
21507, 4
21509, 1
21510, 4
21511, 4
21512, 3
21513, 2
21514, 2
21515, 2
21516, 3
21517, 3
21518, 4
21519, 3
21520, 3
21521, 2
21522, 6
21523, 2
21524, 4
21525, 4
21526, 4
21527, 3
21528, 3
21529, 4
21530, 3
21531, 6
21532, 4
21533, 2
21534, 2
21535, 6
21536, 3
21537, 4
21538, 6
21539, 6
21540, 4
21541, 5
21542, 6
21543, 3
21544, 4
21545, 8
21546, 4
21547, 3
21548, 2
21549, 2
21550, 5
21551, 2
21552, 5
21553, 4
21554, 3
21555, 2
21556, 5
21557, 3
21558, 2
21559, 1
21560, 3
21561, 1
21562, 2
21563, 3
21564, 1
21566, 1
21567, 1
21568, 2
21569, 3
21570, 1
21571, 2
21572, 3
21573, 3
21574, 5
21575, 3
21577, 3
21578, 1
21579, 1
21580, 2
21581, 3
21582, 2
21583, 3
21584, 1
21585, 2
21586, 3
21587, 6
21588, 2
21589, 1
21590, 3
21591, 2
21592, 6
21595, 3
21596, 4
21597, 4
21598, 1
21599, 3
21600, 3
21601, 1
21602, 4
21603, 2
21604, 3
21605, 5
21606, 3
21607, 4
21608, 3
21609, 3
21610, 6
21611, 2
21612, 4
21613, 3
21614, 2
21615, 3
21616, 7
21617, 4
21618, 2
21619, 4
21620, 3
21621, 5
21622, 4
21623, 4
21624, 6
21625, 7
21626, 4
21627, 5
21628, 4
21629, 5
21630, 4
21631, 7
21632, 3
21633, 3
21634, 1
21635, 4
21636, 3
21637, 2
21638, 6
21639, 2
21640, 4
21641, 5
21642, 3
21643, 3
21644, 1
21645, 2
21646, 2
21647, 2
21648, 1
21649, 2
21650, 1
21652, 2
21653, 1
21654, 1
21655, 3
21656, 3
21658, 5
21659, 4
21660, 5
21662, 2
21663, 1
21664, 2
21665, 2
21666, 1
21667, 4
21668, 2
21669, 1
21670, 1
21671, 4
21672, 4
21673, 3
21674, 2
21675, 1
21676, 3
21677, 5
21678, 3
21680, 2
21681, 4
21682, 2
21683, 4
21684, 2
21685, 2
21686, 3
21687, 2
21688, 3
21689, 4
21690, 3
21691, 4
21692, 1
21693, 5
21694, 4
21695, 4
21696, 3
21697, 5
21698, 4
21699, 2
21700, 3
21701, 6
21702, 4
21703, 2
21704, 1
21705, 5
21706, 3
21707, 6
21708, 2
21709, 7
21710, 7
21711, 5
21712, 6
21713, 3
21714, 4
21715, 4
21716, 7
21717, 4
21718, 2
21719, 3
21720, 3
21721, 4
21722, 3
21723, 4
21724, 3
21725, 4
21726, 2
21727, 5
21728, 5
21730, 1
21731, 4
21733, 2
21734, 2
21735, 2
21737, 1
21738, 2
21739, 1
21740, 2
21741, 1
21742, 3
21743, 2
21744, 2
21745, 7
21746, 3
21748, 3
21749, 1
21750, 1
21751, 2
21752, 4
21753, 1
21754, 2
21755, 2
21756, 2
21757, 5
21758, 2
21759, 4
21760, 1
21761, 3
21762, 3
21763, 4
21764, 1
21765, 1
21766, 1
21767, 6
21768, 3
21769, 3
21771, 4
21772, 2
21773, 4
21774, 1
21775, 4
21776, 3
21777, 4
21778, 3
21779, 4
21780, 4
21781, 5
21782, 2
21783, 4
21784, 3
21785, 4
21786, 2
21787, 7
21788, 2
21789, 3
21790, 2
21791, 5
21792, 5
21793, 5
21794, 1
21795, 11
21796, 1
21797, 6
21798, 6
21799, 4
21800, 5
21801, 4
21802, 6
21803, 2
21804, 5
21806, 6
21807, 2
21808, 6
21809, 1
21810, 5
21811, 2
21812, 6
21813, 1
21814, 4
21815, 1
21816, 3
21817, 1
21818, 2
21819, 2
21820, 1
21821, 1
21822, 1
21823, 1
21824, 1
21825, 2
21826, 2
21827, 3
21828, 2
21829, 1
21830, 5
21831, 5
21832, 1
21833, 2
21834, 1
21835, 2
21836, 2
21837, 2
21838, 3
21840, 4
21841, 1
21842, 5
21843, 2
21844, 4
21845, 1
21846, 2
21847, 4
21848, 4
21849, 2
21851, 1
21852, 5
21853, 3
21854, 4
21855, 1
21856, 2
21857, 3
21858, 4
21859, 1
21860, 4
21861, 1
21862, 6
21863, 3
21864, 4
21865, 2
21866, 4
21867, 4
21868, 5
21869, 2
21870, 3
21871, 3
21872, 3
21873, 8
21874, 3
21875, 1
21876, 5
21877, 4
21878, 4
21879, 3
21880, 10
21881, 2
21882, 6
21883, 4
21884, 7
21885, 4
21886, 2
21887, 7
21888, 4
21889, 3
21890, 2
21891, 4
21892, 3
21893, 3
21894, 5
21895, 2
21896, 5
21897, 2
21898, 4
21899, 5
21901, 2
21902, 3
21903, 1
21904, 2
21905, 2
21906, 1
21907, 1
21909, 2
21910, 2
21911, 2
21912, 1
21913, 2
21914, 3
21915, 3
21916, 6
21917, 2
21918, 1
21919, 1
21920, 1
21921, 2
21922, 4
21923, 1
21924, 2
21925, 3
21927, 5
21928, 4
21929, 1
21930, 4
21932, 4
21933, 4
21934, 4
21936, 1
21937, 3
21938, 3
21939, 4
21940, 2
21941, 1
21942, 3
21943, 4
21944, 2
21945, 4
21946, 2
21947, 3
21948, 4
21949, 4
21950, 3
21951, 4
21952, 6
21953, 3
21954, 2
21955, 3
21956, 3
21957, 3
21958, 6
21959, 3
21960, 3
21961, 2
21962, 5
21963, 6
21964, 4
21965, 4
21966, 6
21967, 4
21968, 5
21969, 4
21970, 5
21971, 6
21972, 6
21973, 6
21974, 1
21975, 4
21976, 2
21977, 4
21978, 1
21979, 7
21980, 1
21981, 4
21982, 3
21983, 6
21984, 1
21985, 4
21986, 1
21987, 2
21988, 2
21989, 3
21990, 2
21992, 1
21993, 1
21995, 3
21996, 1
21997, 2
21998, 2
21999, 2
22000, 3
22001, 5
22002, 4
22003, 1
22004, 2
22005, 1
22007, 4
22008, 3
22009, 2
22010, 2
22011, 1
22012, 1
22013, 6
22014, 3
22015, 3
22016, 1
22017, 3
22018, 3
22019, 5
22020, 1
22022, 1
22023, 4
22024, 5
22025, 3
22026, 1
22027, 2
22028, 3
22029, 4
22030, 1
22031, 4
22032, 1
22033, 4
22034, 5
22035, 4
22036, 2
22037, 5
22038, 4
22039, 4
22040, 2
22041, 3
22042, 4
22043, 5
22044, 5
22045, 3
22046, 1
22047, 4
22048, 6
22049, 2
22050, 5
22051, 6
22052, 6
22053, 6
22054, 4
22055, 5
22056, 4
22057, 4
22058, 8
22059, 1
22060, 4
22061, 2
22062, 3
22063, 5
22064, 2
22065, 4
22066, 4
22067, 3
22068, 2
22069, 5
22070, 4
22071, 2
22072, 1
22073, 3
22075, 3
22076, 2
22077, 1
22079, 1
22080, 1
22081, 2
22082, 3
22084, 3
22085, 3
22086, 3
22087, 6
22088, 1
22089, 2
22090, 2
22091, 1
22092, 1
22093, 3
22094, 3
22095, 1
22096, 3
22097, 2
22098, 1
22099, 4
22100, 5
22101, 2
22103, 3
22104, 7
22105, 2
22108, 5
22109, 3
22110, 4
22111, 2
22113, 4
22114, 3
22115, 2
22116, 4
22117, 2
22118, 5
22119, 2
22120, 4
22121, 3
22122, 4
22123, 4
22124, 3
22125, 4
22126, 4
22127, 2
22128, 3
22129, 8
22130, 2
22131, 2
22132, 4
22133, 4
22134, 4
22135, 3
22136, 7
22137, 5
22138, 4
22139, 7
22140, 7
22141, 3
22142, 2
22143, 6
22144, 5
22145, 4
22146, 3
22147, 1
22148, 6
22149, 1
22150, 5
22151, 3
22152, 3
22153, 3
22154, 5
22155, 2
22156, 4
22158, 3
22159, 2
22160, 3
22162, 2
22163, 1
22164, 1
22165, 1
22166, 1
22167, 3
22168, 1
22169, 1
22170, 3
22171, 5
22172, 4
22173, 2
22174, 2
22175, 3
22177, 2
22178, 1
22179, 2
22180, 4
22181, 3
22183, 2
22184, 6
22185, 1
22186, 5
22188, 2
22189, 4
22190, 4
22191, 2
22193, 3
22194, 3
22195, 3
22196, 3
22197, 2
22198, 2
22199, 3
22200, 4
22201, 3
22202, 2
22203, 1
22204, 6
22205, 2
22206, 4
22207, 6
22208, 1
22209, 5
22210, 4
22211, 4
22212, 1
22213, 3
22214, 8
22215, 4
22216, 2
22217, 1
22218, 6
22219, 3
22220, 6
22221, 4
22222, 5
22223, 5
22224, 5
22225, 6
22226, 3
22227, 4
22228, 4
22229, 9
22230, 2
22231, 4
22232, 1
22233, 5
22234, 3
22235, 2
22236, 6
22237, 2
22238, 4
22239, 3
22240, 3
22241, 3
22242, 3
22243, 1
22244, 3
22245, 2
22246, 1
22247, 2
22248, 1
22250, 1
22251, 1
22252, 2
22253, 3
22254, 2
22255, 2
22256, 2
22257, 2
22258, 7
22259, 2
22260, 1
22261, 2
22262, 1
22263, 2
22264, 2
22265, 4
22267, 3
22268, 2
22269, 2
22270, 4
22271, 3
22272, 3
22273, 1
22274, 3
22275, 4
22276, 4
22279, 4
22280, 3
22281, 4
22282, 2
22283, 2
22284, 2
22285, 3
22286, 4
22287, 3
22288, 2
22289, 4
22290, 3
22291, 5
22292, 3
22293, 1
22294, 5
22295, 5
22296, 4
22297, 2
22298, 3
22299, 3
22300, 7
22301, 3
22302, 2
22303, 3
22304, 4
22305, 5
22306, 4
22307, 5
22308, 7
22309, 4
22310, 7
22311, 4
22312, 4
22313, 4
22314, 3
22315, 8
22316, 1
22317, 4
22318, 2
22319, 6
22320, 1
22321, 6
22322, 2
22323, 3
22324, 3
22325, 5
22326, 3
22327, 3
22328, 1
22329, 3
22330, 1
22331, 2
22332, 2
22333, 1
22334, 1
22335, 1
22336, 1
22337, 3
22338, 1
22339, 1
22340, 1
22341, 5
22342, 1
22343, 8
22345, 2
22346, 3
22348, 1
22349, 3
22350, 1
22351, 4
22353, 4
22354, 2
22355, 5
22356, 1
22357, 5
22358, 1
22359, 1
22360, 3
22361, 6
22362, 1
22364, 1
22365, 6
22366, 1
22367, 6
22369, 3
22370, 2
22371, 3
22372, 1
22373, 5
22374, 2
22375, 4
22376, 4
22377, 5
22378, 2
22379, 6
22380, 3
22381, 3
22382, 3
22383, 4
22384, 1
22385, 4
22386, 7
22387, 3
22388, 3
22389, 4
22390, 3
22391, 6
22392, 3
22393, 6
22394, 5
22395, 5
22396, 6
22397, 4
22398, 4
22399, 5
22400, 7
22401, 3
22402, 2
22403, 2
22404, 6
22405, 2
22407, 6
22408, 5
22409, 3
22410, 3
22411, 3
22412, 5
22414, 1
22415, 3
22416, 2
22417, 2
22418, 2
22419, 1
22421, 1
22422, 2
22423, 2
22424, 2
22425, 1
22426, 3
22427, 2
22428, 5
22429, 4
22430, 2
22431, 1
22432, 2
22433, 1
22434, 2
22435, 3
22436, 2
22437, 2
22438, 3
22439, 2
22440, 1
22441, 5
22442, 1
22443, 4
22445, 4
22446, 3
22447, 5
22449, 1
22450, 3
22451, 3
22452, 4
22453, 2
22454, 1
22455, 5
22456, 2
22457, 2
22458, 4
22459, 1
22460, 5
22461, 3
22462, 4
22463, 4
22464, 3
22465, 5
22466, 4
22467, 2
22468, 3
22469, 4
22470, 2
22471, 8
22472, 3
22473, 2
22474, 3
22475, 4
22476, 5
22477, 4
22478, 7
22479, 5
22480, 3
22481, 6
22482, 5
22483, 4
22484, 3
22485, 6
22486, 5
22487, 3
22488, 4
22489, 2
22490, 4
22491, 3
22492, 3
22493, 5
22494, 3
22495, 2
22496, 6
22497, 2
22498, 3
22499, 1
22500, 2
22501, 2
22502, 3
22503, 1
22504, 1
22505, 1
22507, 1
22508, 2
22509, 3
22510, 2
22511, 1
22512, 3
22513, 2
22514, 7
22515, 3
22516, 1
22517, 2
22518, 1
22519, 1
22520, 2
22521, 2
22522, 3
22523, 2
22524, 1
22525, 2
22526, 3
22527, 5
22528, 3
22529, 1
22530, 2
22531, 4
22532, 5
22533, 1
22535, 2
22536, 5
22537, 1
22538, 4
22539, 3
22540, 2
22541, 2
22542, 3
22543, 3
22544, 3
22545, 2
22546, 5
22547, 4
22548, 3
22549, 4
22550, 2
22551, 6
22552, 4
22553, 2
22554, 4
22555, 1
22556, 8
22557, 4
22558, 2
22559, 3
22560, 4
22561, 5
22562, 2
22563, 4
22564, 8
22565, 5
22566, 5
22567, 4
22568, 7
22569, 1
22570, 8
22571, 4
22572, 3
22573, 4
22574, 1
22575, 7
22577, 3
22578, 5
22579, 4
22580, 2
22581, 5
22582, 2
22583, 5
22584, 1
22585, 2
22586, 2
22587, 2
22588, 2
22589, 1
22590, 1
22592, 1
22593, 1
22594, 2
22595, 3
22596, 2
22597, 1
22598, 2
22599, 3
22600, 7
22601, 2
22602, 2
22603, 1
22605, 3
22606, 1
22607, 4
22608, 3
22609, 2
22611, 2
22612, 5
22613, 4
22614, 2
22615, 2
22616, 3
22617, 5
22618, 2
22621, 3
22622, 4
22623, 4
22624, 2
22625, 2
22626, 4
22627, 2
22628, 3
22629, 2
22630, 4
22631, 3
22632, 3
22633, 3
22634, 5
22635, 3
22636, 6
22637, 3
22638, 3
22639, 2
22640, 4
22641, 3
22642, 7
22643, 3
22644, 2
22645, 4
22646, 4
22647, 3
22648, 5
22649, 4
22650, 9
22651, 2
22652, 6
22653, 6
22654, 2
22655, 5
22656, 7
22657, 4
22658, 2
22659, 4
22660, 2
22661, 5
22662, 2
22663, 3
22664, 4
22665, 4
22666, 2
22667, 6
22668, 2
22669, 3
22670, 1
22671, 2
22672, 2
22673, 2
22674, 3
22675, 1
22677, 1
22678, 1
22679, 1
22680, 2
22681, 2
22682, 3
22683, 2
22684, 4
22685, 5
22686, 2
22687, 1
22688, 3
22690, 2
22691, 1
22692, 3
22693, 2
22694, 3
22695, 2
22696, 2
22697, 4
22698, 2
22699, 5
22700, 1
22701, 2
22702, 3
22703, 5
22704, 1
22706, 3
22707, 4
22708, 4
22709, 2
22710, 2
22711, 1
22712, 4
22713, 3
22714, 1
22715, 4
22716, 6
22717, 1
22718, 2
22719, 6
22720, 4
22721, 4
22722, 4
22723, 3
22724, 3
22725, 3
22726, 3
22727, 5
22728, 4
22729, 3
22730, 3
22731, 3
22732, 4
22733, 5
22734, 5
22735, 6
22736, 4
22737, 8
22738, 2
22739, 6
22740, 4
22741, 6
22742, 5
22743, 3
22744, 3
22745, 1
22746, 6
22747, 1
22748, 3
22749, 5
22750, 4
22751, 2
22752, 5
22753, 3
22754, 4
22756, 2
22757, 2
22758, 4
22759, 1
22760, 1
22761, 1
22762, 1
22764, 2
22765, 2
22766, 2
22767, 3
22768, 1
22769, 3
22770, 3
22771, 7
22773, 1
22774, 2
22775, 2
22776, 2
22777, 2
22778, 2
22779, 2
22780, 3
22781, 1
22782, 2
22783, 4
22784, 5
22785, 1
22786, 3
22787, 1
22788, 5
22789, 3
22791, 1
22792, 4
22793, 2
22794, 4
22795, 3
22796, 1
22797, 4
22798, 2
22799, 3
22800, 4
22801, 1
22802, 5
22803, 3
22804, 4
22805, 2
22806, 5
22807, 3
22808, 5
22809, 3
22810, 3
22811, 3
22812, 4
22813, 7
22814, 2
22815, 2
22816, 3
22817, 4
22818, 5
22819, 5
22820, 4
22821, 4
22822, 7
22823, 7
22824, 5
22825, 3
22826, 3
22827, 8
22828, 4
22829, 1
22830, 4
22831, 3
22832, 3
22833, 3
22834, 5
22835, 2
22836, 4
22837, 2
22838, 6
22839, 2
22840, 3
22841, 2
22842, 3
22844, 3
22845, 1
22846, 1
22847, 1
22848, 1
22850, 4
22852, 2
22853, 3
22854, 3
22855, 1
22856, 6
22857, 4
22859, 1
22860, 3
22861, 2
22862, 1
22863, 4
22864, 1
22865, 2
22866, 2
22867, 2
22868, 6
22869, 3
22870, 1
22871, 1
22872, 4
22873, 4
22874, 4
22877, 2
22878, 5
22879, 4
22880, 1
22881, 3
22882, 1
22883, 4
22884, 3
22885, 2
22886, 3
22887, 2
22888, 4
22889, 4
22890, 5
22891, 2
22892, 4
22893, 5
22894, 4
22895, 2
22896, 4
22897, 2
22898, 6
22899, 4
22900, 3
22901, 3
22902, 5
22903, 4
22904, 2
22905, 6
22906, 5
22907, 6
22908, 6
22909, 6
22910, 4
22911, 3
22912, 4
22913, 6
22914, 3
22915, 4
22916, 1
22917, 6
22918, 1
22919, 6
22920, 3
22921, 4
22922, 2
22923, 5
22924, 2
22925, 4
22927, 3
22928, 2
22930, 4
22931, 1
22932, 1
22933, 1
22935, 2
22936, 2
22937, 2
22939, 5
22940, 2
22941, 6
22942, 2
22943, 2
22944, 2
22945, 1
22946, 1
22947, 3
22948, 1
22949, 3
22950, 3
22951, 2
22952, 2
22953, 2
22954, 3
22955, 4
22956, 2
22957, 1
22958, 3
22959, 6
22960, 2
22962, 1
22963, 4
22964, 3
22965, 4
22966, 2
22967, 1
22968, 5
22969, 1
22970, 3
22971, 4
22972, 2
22973, 4
22974, 2
22975, 6
22976, 2
22977, 4
22978, 4
22979, 4
22980, 3
22981, 3
22982, 3
22983, 3
22984, 8
22985, 2
22986, 1
22987, 4
22988, 5
22989, 4
22990, 4
22991, 7
22992, 4
22993, 7
22994, 5
22995, 4
22996, 4
22997, 2
22998, 8
22999, 4
23000, 4
23001, 2
23002, 3
23003, 4
23004, 1
23005, 5
23006, 4
23007, 3
23008, 2
23009, 6
23010, 3
23011, 2
23012, 2
23013, 1
23014, 2
23015, 3
23016, 1
23017, 2
23019, 1
23020, 1
23021, 2
23022, 1
23023, 2
23024, 3
23025, 3
23026, 1
23027, 7
23028, 2
23029, 2
23030, 1
23031, 2
23032, 1
23033, 2
23034, 2
23035, 4
23036, 1
23037, 2
23038, 4
23039, 3
23040, 3
23041, 3
23042, 1
23043, 1
23044, 5
23045, 4
23046, 1
23047, 1
23048, 2
23049, 3
23050, 4
23051, 3
23052, 2
23053, 2
23054, 3
23055, 3
23056, 1
23057, 4
23058, 3
23059, 5
23060, 2
23061, 4
23062, 4
23063, 4
23064, 5
23065, 2
23066, 3
23067, 3
23068, 5
23069, 7
23070, 2
23071, 2
23072, 3
23073, 3
23074, 5
23075, 4
23076, 3
23077, 7
23078, 7
23079, 5
23080, 3
23081, 7
23082, 3
23083, 5
23084, 6
23085, 3
23086, 2
23087, 2
23088, 7
23089, 1
23090, 4
23091, 3
23092, 5
23093, 2
23094, 4
23095, 3
23096, 4
23097, 1
23098, 2
23099, 2
23100, 2
23101, 1
23102, 2
23103, 1
23105, 1
23106, 1
23107, 4
23108, 1
23109, 1
23110, 3
23111, 2
23112, 5
23113, 4
23114, 2
23115, 2
23116, 1
23117, 1
23118, 3
23119, 3
23120, 2
23121, 3
23123, 2
23124, 3
23125, 4
23126, 4
23127, 1
23128, 2
23129, 2
23130, 7
23131, 1
23133, 1
23134, 4
23135, 5
23136, 2
23137, 2
23138, 2
23139, 3
23140, 3
23141, 2
23142, 2
23143, 5
23144, 4
23145, 3
23146, 4
23147, 4
23148, 5
23149, 3
23150, 1
23151, 4
23152, 3
23153, 3
23154, 4
23155, 6
23156, 3
23157, 2
23158, 4
23159, 3
23160, 5
23161, 3
23162, 8
23163, 6
23164, 4
23165, 6
23166, 4
23167, 3
23168, 5
23169, 7
23170, 4
23171, 2
23172, 3
23173, 3
23174, 4
23175, 2
23176, 5
23177, 4
23178, 3
23179, 3
23180, 4
23181, 5
23182, 1
23184, 3
23185, 1
23186, 3
23187, 2
23189, 1
23190, 1
23191, 2
23192, 1
23193, 2
23194, 2
23195, 2
23196, 3
23197, 3
23198, 6
23199, 1
23200, 2
23201, 2
23203, 2
23204, 2
23205, 4
23207, 4
23208, 1
23209, 2
23210, 5
23211, 3
23212, 3
23213, 1
23214, 1
23215, 5
23216, 5
23219, 4
23220, 2
23221, 4
23222, 4
23224, 4
23225, 3
23226, 3
23227, 4
23228, 1
23229, 4
23230, 2
23231, 4
23232, 4
23233, 5
23234, 1
23235, 5
23236, 4
23237, 3
23238, 1
23239, 5
23240, 6
23241, 4
23242, 2
23243, 4
23244, 4
23245, 4
23246, 5
23247, 3
23248, 5
23249, 8
23250, 5
23251, 6
23252, 2
23253, 4
23254, 5
23255, 7
23256, 2
23257, 3
23258, 2
23259, 6
23260, 2
23261, 4
23262, 2
23263, 3
23264, 4
23265, 5
23266, 3
23267, 3
23269, 2
23270, 3
23271, 2
23272, 2
23273, 1
23274, 1
23275, 1
23277, 2
23278, 3
23279, 1
23280, 1
23281, 2
23282, 3
23283, 6
23284, 4
23285, 1
23286, 2
23287, 1
23288, 2
23289, 1
23290, 4
23291, 1
23292, 1
23293, 4
23294, 1
23295, 2
23296, 6
23297, 3
23298, 1
23299, 2
23300, 4
23301, 3
23302, 3
23304, 1
23305, 5
23306, 1
23307, 4
23308, 3
23309, 2
23310, 3
23311, 3
23312, 2
23313, 4
23314, 2
23315, 6
23317, 5
23318, 3
23319, 5
23320, 3
23321, 4
23322, 3
23323, 2
23324, 4
23325, 3
23326, 8
23327, 3
23328, 1
23329, 3
23330, 6
23331, 5
23332, 3
23333, 7
23334, 3
23335, 7
23336, 4
23337, 6
23338, 3
23339, 4
23340, 8
23341, 3
23342, 3
23343, 2
23344, 3
23345, 4
23346, 3
23347, 5
23348, 2
23349, 4
23350, 4
23351, 3
23352, 3
23353, 2
23354, 1
23355, 3
23356, 3
23357, 1
23358, 1
23359, 2
23361, 1
23362, 1
23363, 3
23364, 1
23365, 2
23366, 3
23367, 1
23368, 5
23369, 5
23370, 1
23371, 1
23372, 3
23373, 1
23374, 1
23375, 2
23376, 4
23377, 2
23378, 1
23379, 2
23380, 3
23381, 4
23382, 2
23383, 4
23384, 1
23385, 2
23386, 5
23387, 4
23390, 1
23391, 6
23392, 4
23393, 3
23394, 1
23395, 2
23396, 4
23397, 2
23398, 4
23399, 1
23400, 2
23401, 6
23402, 3
23403, 3
23404, 4
23405, 6
23406, 3
23407, 3
23408, 3
23409, 4
23410, 2
23411, 5
23412, 5
23413, 2
23414, 4
23415, 3
23416, 6
23417, 2
23418, 7
23419, 3
23420, 8
23421, 3
23422, 7
23423, 3
23424, 4
23425, 5
23426, 5
23427, 4
23428, 4
23429, 2
23430, 4
23431, 2
23432, 5
23433, 3
23434, 4
23435, 2
23436, 4
23437, 4
23438, 3
23439, 1
23440, 1
23441, 3
23442, 2
23443, 2
23444, 1
23445, 1
23446, 1
23448, 1
23449, 3
23450, 1
23451, 4
23452, 1
23453, 3
23454, 6
23455, 3
23456, 2
23457, 2
23459, 1
23460, 3
23461, 3
23462, 1
23463, 3
23464, 2
23465, 1
23466, 3
23467, 5
23468, 4
23470, 3
23471, 2
23472, 6
23473, 1
23475, 2
23476, 5
23477, 4
23478, 2
23479, 2
23480, 1
23481, 4
23482, 3
23484, 5
23485, 2
23486, 4
23487, 4
23488, 4
23489, 3
23490, 4
23491, 4
23492, 4
23493, 3
23494, 4
23495, 1
23496, 8
23497, 3
23498, 3
23499, 2
23500, 3
23501, 6
23502, 3
23503, 5
23504, 5
23505, 5
23506, 6
23507, 6
23508, 4
23509, 5
23510, 3
23511, 6
23512, 4
23513, 3
23514, 2
23515, 5
23516, 3
23517, 1
23518, 5
23519, 4
23520, 3
23521, 3
23522, 4
23523, 5
23525, 2
23526, 2
23527, 2
23528, 2
23529, 2
23531, 2
23533, 2
23534, 2
23535, 2
23536, 1
23537, 3
23538, 1
23539, 6
23540, 4
23541, 1
23542, 2
23543, 2
23544, 1
23545, 2
23546, 2
23547, 3
23548, 1
23549, 4
23551, 4
23552, 3
23553, 3
23554, 3
23555, 2
23556, 1
23557, 4
23558, 4
23559, 1
23561, 4
23562, 3
23563, 4
23564, 2
23565, 2
23566, 3
23567, 2
23568, 3
23569, 2
23570, 3
23571, 5
23572, 3
23573, 3
23574, 4
23575, 5
23576, 4
23577, 4
23578, 3
23579, 2
23580, 4
23581, 1
23582, 9
23583, 1
23584, 4
23585, 4
23586, 1
23587, 5
23588, 4
23589, 6
23590, 5
23591, 7
23592, 5
23593, 5
23594, 3
23595, 4
23596, 9
23597, 4
23599, 4
23600, 2
23601, 6
23602, 1
23603, 2
23604, 6
23605, 4
23606, 3
23607, 5
23608, 3
23609, 2
23610, 1
23611, 2
23612, 2
23614, 4
23615, 1
23616, 1
23618, 1
23619, 2
23620, 2
23621, 2
23622, 3
23623, 1
23624, 3
23625, 5
23626, 4
23627, 1
23628, 1
23629, 2
23630, 1
23631, 2
23632, 4
23633, 1
23634, 3
23635, 1
23636, 2
23637, 3
23638, 4
23639, 4
23640, 1
23641, 2
23642, 4
23643, 5
23644, 1
23646, 1
23647, 6
23648, 3
23649, 3
23650, 1
23651, 2
23652, 4
23653, 3
23654, 1
23655, 4
23656, 3
23657, 3
23658, 4
23659, 5
23660, 2
23661, 4
23662, 3
23663, 6
23664, 3
23665, 3
23666, 2
23667, 3
23668, 7
23669, 2
23670, 2
23671, 5
23672, 5
23673, 2
23674, 4
23675, 7
23676, 7
23677, 4
23678, 6
23679, 5
23680, 4
23681, 5
23682, 4
23683, 4
23684, 2
23685, 3
23686, 3
23687, 4
23688, 3
23689, 5
23690, 2
23691, 4
23692, 4
23693, 3
23694, 4
23695, 1
23696, 2
23697, 3
23698, 2
23699, 2
23700, 1
23701, 1
23703, 1
23704, 1
23705, 2
23706, 2
23707, 2
23708, 3
23709, 2
23710, 3
23711, 6
23712, 2
23713, 1
23714, 2
23715, 1
23716, 1
23717, 4
23718, 2
23719, 2
23720, 3
23721, 1
23722, 2
23723, 3
23724, 3
23725, 4
23727, 4
23728, 4
23729, 4
23731, 1
23732, 4
23733, 1
23734, 6
23735, 2
23736, 1
23737, 3
23738, 3
23739, 3
23740, 3
23741, 1
23742, 5
23743, 3
23744, 5
23745, 3
23746, 3
23747, 5
23748, 3
23749, 3
23750, 5
23751, 1
23752, 4
23753, 6
23754, 2
23755, 3
23756, 2
23757, 7
23758, 3
23759, 3
23760, 8
23761, 5
23762, 5
23763, 6
23764, 2
23765, 4
23766, 6
23767, 5
23768, 5
23769, 3
23770, 4
23771, 2
23772, 4
23773, 2
23774, 6
23775, 3
23776, 3
23777, 3
23778, 4
23779, 3
23780, 3
23782, 2
23783, 4
23784, 2
23785, 2
23787, 1
23788, 1
23790, 3
23791, 1
23792, 2
23793, 3
23794, 3
23795, 2
23796, 6
23797, 2
23798, 1
23799, 1
23800, 2
23801, 2
23802, 2
23803, 3
23804, 1
23805, 2
23806, 3
23807, 2
23808, 2
23809, 6
23810, 3
23812, 3
23813, 3
23814, 4
23815, 2
23817, 2
23818, 5
23819, 3
23820, 2
23821, 3
23823, 4
23824, 3
23825, 3
23826, 3
23827, 4
23828, 3
23829, 1
23830, 7
23831, 3
23832, 4
23833, 3
23834, 4
23835, 4
23836, 2
23837, 3
23838, 4
23839, 6
23840, 3
23841, 2
23842, 4
23843, 3
23844, 6
23845, 3
23846, 9
23847, 3
23848, 4
23849, 6
23850, 5
23851, 5
23852, 5
23853, 6
23854, 3
23855, 1
23856, 3
23857, 4
23858, 4
23859, 1
23860, 6
23861, 3
23862, 3
23863, 4
23864, 4
23865, 4
23867, 2
23868, 3
23869, 1
23870, 2
23871, 2
23872, 1
23874, 1
23875, 2
23876, 2
23877, 1
23878, 1
23879, 3
23880, 3
23881, 6
23882, 3
23883, 2
23884, 1
23885, 2
23886, 1
23887, 2
23888, 4
23889, 1
23890, 2
23891, 3
23892, 1
23893, 2
23894, 5
23895, 3
23896, 2
23897, 1
23898, 4
23899, 6
23900, 1
23902, 1
23903, 2
23904, 4
23905, 4
23906, 3
23908, 5
23909, 3
23910, 1
23911, 4
23912, 2
23913, 5
23914, 2
23915, 5
23916, 2
23917, 5
23918, 4
23919, 4
23920, 3
23921, 3
23922, 3
23923, 3
23924, 7
23925, 4
23927, 3
23928, 6
23929, 4
23930, 3
23931, 6
23932, 7
23933, 3
23934, 5
23935, 6
23936, 4
23937, 3
23938, 8
23939, 3
23940, 4
23941, 2
23942, 4
23943, 4
23944, 2
23945, 4
23946, 2
23947, 6
23948, 1
23949, 6
23950, 2
23951, 3
23952, 1
23953, 3
23954, 1
23955, 3
23956, 2
23958, 1
23960, 2
23961, 2
23962, 1
23963, 2
23964, 3
23965, 3
23966, 3
23967, 3
23968, 4
23969, 1
23970, 2
23971, 1
23972, 2
23973, 2
23974, 3
23975, 2
23976, 2
23977, 2
23978, 3
23979, 3
23980, 3
23981, 3
23982, 1
23983, 3
23984, 5
23985, 2
23986, 2
23988, 3
23989, 4
23990, 2
23991, 3
23992, 2
23993, 2
23994, 3
23995, 4
23996, 1
23997, 4
23998, 1
23999, 5
24000, 3
24001, 6
24002, 2
24003, 4
24004, 5
24005, 4
24006, 3
24007, 1
24008, 4
24009, 6
24010, 4
24011, 3
24012, 4
24013, 3
24014, 3
24015, 5
24016, 4
24017, 5
24018, 6
24019, 7
24020, 5
24021, 3
24022, 4
24023, 6
24024, 4
24025, 4
24026, 4
24027, 1
24028, 5
24029, 3
24030, 1
24031, 7
24032, 3
24033, 3
24034, 2
24035, 5
24036, 4
24037, 1
24039, 4
24040, 2
24041, 2
24042, 1
24044, 1
24045, 1
24046, 1
24047, 2
24048, 3
24049, 2
24050, 2
24051, 2
24052, 6
24053, 2
24054, 3
24055, 1
24056, 2
24057, 2
24058, 1
24059, 1
24060, 5
24062, 4
24063, 1
24064, 3
24065, 3
24066, 3
24067, 3
24068, 1
24069, 4
24070, 3
24071, 3
24072, 1
24073, 1
24074, 4
24075, 2
24076, 4
24077, 3
24078, 2
24079, 3
24080, 2
24081, 3
24082, 3
24083, 2
24084, 4
24085, 3
24086, 5
24087, 2
24088, 4
24089, 5
24090, 4
24091, 2
24092, 4
24093, 3
24094, 3
24095, 6
24096, 3
24097, 2
24098, 3
24099, 6
24100, 3
24101, 4
24102, 6
24103, 6
24104, 6
24105, 5
24106, 4
24107, 4
24108, 4
24109, 6
24110, 5
24111, 3
24112, 3
24113, 1
24114, 6
24115, 2
24116, 5
24117, 4
24118, 3
24119, 2
24120, 5
24121, 3
24122, 2
24123, 1
24124, 2
24125, 3
24126, 1
24127, 2
24128, 1
24129, 1
24130, 1
24131, 2
24133, 3
24134, 2
24135, 1
24136, 2
24137, 5
24138, 4
24139, 4
24140, 1
24141, 1
24142, 2
24143, 1
24144, 2
24145, 4
24146, 1
24147, 3
24148, 1
24149, 1
24150, 6
24151, 1
24152, 4
24153, 1
24154, 4
24155, 3
24156, 4
24157, 1
24159, 2
24160, 5
24161, 2
24162, 5
24163, 1
24164, 1
24165, 4
24166, 3
24167, 4
24168, 1
24169, 4
24170, 3
24171, 3
24172, 5
24173, 3
24174, 2
24175, 5
24176, 5
24177, 1
24178, 6
24179, 1
24180, 6
24181, 4
24182, 3
24183, 2
24184, 5
24185, 3
24186, 5
24187, 3
24188, 8
24189, 7
24190, 5
24191, 3
24192, 6
24193, 3
24194, 3
24195, 7
24196, 4
24197, 4
24199, 5
24200, 3
24201, 1
24202, 7
24203, 4
24204, 1
24205, 5
24206, 2
24207, 5
24209, 2
24210, 3
24211, 1
24212, 3
24213, 1
24214, 1
24215, 1
24217, 2
24218, 2
24219, 1
24220, 3
24221, 2
24222, 3
24223, 4
24224, 5
24225, 2
24227, 2
24228, 1
24229, 2
24230, 2
24231, 4
24232, 1
24233, 2
24234, 2
24235, 3
24236, 4
24237, 4
24238, 1
24240, 4
24241, 6
24242, 2
24244, 1
24245, 4
24246, 4
24247, 3
24248, 2
24249, 1
24250, 3
24251, 4
24252, 1
24253, 4
24254, 2
24255, 5
24256, 2
24257, 3
24258, 5
24259, 3
24260, 5
24261, 3
24262, 4
24263, 4
24264, 2
24265, 2
24266, 8
24267, 3
24268, 2
24269, 3
24270, 6
24271, 4
24272, 3
24273, 4
24274, 8
24275, 4
24276, 6
24277, 5
24278, 4
24279, 3
24280, 7
24281, 5
24282, 3
24283, 2
24284, 2
24285, 4
24286, 3
24287, 4
24288, 4
24289, 4
24290, 3
24291, 4
24292, 2
24293, 3
24294, 1
24295, 4
24296, 1
24297, 2
24298, 2
24299, 1
24301, 1
24302, 1
24303, 2
24304, 2
24305, 1
24306, 3
24307, 2
24308, 5
24309, 5
24310, 2
24311, 1
24312, 1
24313, 2
24314, 2
24315, 1
24316, 4
24317, 1
24318, 3
24319, 1
24320, 2
24321, 6
24322, 2
24323, 3
24324, 1
24325, 1
24326, 5
24327, 5
24330, 3
24331, 4
24332, 1
24333, 6
24334, 1
24335, 2
24336, 2
24337, 4
24338, 3
24339, 2
24340, 3
24341, 4
24342, 4
24343, 3
24344, 3
24345, 5
24346, 4
24347, 3
24348, 3
24349, 4
24350, 1
24351, 9
24352, 3
24353, 1
24354, 3
24355, 4
24356, 5
24357, 3
24358, 8
24359, 3
24360, 8
24361, 4
24362, 4
24363, 4
24364, 5
24365, 5
24366, 6
24367, 3
24368, 4
24370, 7
24372, 3
24373, 6
24374, 3
24375, 1
24376, 6
24377, 3
24378, 4
24379, 1
24380, 2
24381, 2
24382, 2
24383, 3
24385, 1
24387, 1
24388, 2
24389, 3
24391, 3
24392, 1
24393, 4
24394, 7
24395, 2
24396, 1
24397, 2
24398, 1
24400, 4
24401, 2
24402, 3
24404, 3
24405, 2
24406, 5
24407, 2
24408, 4
24409, 1
24410, 1
24411, 4
24412, 3
24413, 4
24415, 1
24416, 5
24417, 3
24418, 3
24419, 2
24420, 1
24421, 4
24422, 1
24423, 4
24424, 3
24425, 2
24426, 5
24427, 4
24428, 4
24429, 1
24430, 5
24431, 5
24432, 3
24433, 3
24434, 4
24435, 3
24436, 3
24437, 7
24438, 2
24439, 3
24440, 1
24441, 7
24442, 3
24443, 4
24444, 8
24445, 4
24446, 6
24447, 4
24448, 5
24449, 3
24450, 4
24451, 9
24452, 1
24453, 4
24454, 3
24455, 4
24456, 3
24457, 1
24458, 5
24459, 4
24460, 4
24461, 3
24462, 4
24463, 5
24465, 2
24466, 2
24467, 2
24468, 2
24469, 2
24470, 1
24472, 1
24473, 1
24474, 1
24475, 3
24476, 1
24477, 3
24478, 2
24479, 6
24480, 4
24481, 2
24482, 1
24483, 2
24485, 3
24486, 1
24487, 3
24488, 2
24489, 2
24490, 2
24491, 2
24492, 3
24493, 4
24494, 4
24495, 1
24496, 3
24497, 3
24498, 4
24499, 1
24501, 3
24502, 4
24503, 3
24504, 4
24505, 1
24506, 1
24507, 3
24508, 4
24509, 2
24510, 4
24511, 4
24512, 3
24513, 3
24514, 4
24515, 4
24516, 2
24517, 5
24518, 3
24519, 4
24520, 3
24521, 3
24522, 6
24523, 2
24524, 5
24525, 1
24526, 5
24527, 4
24528, 5
24529, 4
24530, 7
24531, 5
24532, 4
24533, 6
24534, 4
24535, 4
24536, 4
24537, 7
24538, 3
24539, 3
24540, 1
24541, 6
24542, 2
24543, 1
24544, 6
24545, 5
24547, 7
24548, 3
24549, 2
24550, 2
24551, 3
24552, 1
24553, 1
24554, 4
24556, 1
24557, 1
24559, 1
24560, 4
24561, 1
24562, 2
24563, 3
24564, 2
24565, 6
24566, 2
24567, 2
24568, 2
24569, 1
24570, 2
24571, 1
24572, 2
24573, 4
24575, 4
24576, 1
24577, 3
24578, 4
24579, 4
24580, 1
24581, 1
24582, 4
24583, 6
24584, 1
24586, 2
24587, 4
24588, 3
24589, 3
24590, 2
24591, 2
24592, 4
24593, 3
24594, 1
24595, 4
24596, 2
24597, 3
24598, 5
24599, 3
24600, 3
24601, 4
24602, 5
24603, 4
24604, 1
24605, 5
24606, 2
24607, 3
24608, 7
24609, 3
24610, 2
24611, 4
24612, 4
24613, 4
24614, 4
24615, 5
24616, 7
24617, 5
24618, 5
24619, 6
24620, 3
24621, 5
24622, 5
24623, 5
24624, 3
24625, 2
24626, 2
24627, 6
24628, 1
24629, 6
24630, 3
24631, 3
24632, 2
24633, 4
24634, 5
24635, 2
24636, 1
24637, 2
24638, 1
24639, 3
24640, 2
24642, 1
24643, 1
24645, 3
24646, 3
24648, 3
24649, 3
24650, 4
24651, 4
24652, 2
24653, 1
24654, 2
24655, 2
24656, 2
24657, 1
24658, 3
24659, 2
24660, 3
24661, 1
24662, 2
24663, 5
24664, 4
24665, 2
24667, 4
24668, 2
24669, 6
24672, 2
24673, 5
24674, 4
24675, 3
24676, 1
24677, 2
24678, 3
24679, 4
24680, 1
24681, 4
24682, 3
24683, 4
24684, 2
24685, 4
24686, 6
24687, 4
24688, 3
24689, 2
24690, 4
24691, 4
24692, 1
24693, 9
24694, 3
24695, 1
24696, 3
24697, 3
24698, 6
24699, 4
24700, 5
24701, 5
24702, 8
24703, 3
24704, 5
24705, 6
24706, 2
24707, 6
24708, 6
24709, 2
24710, 4
24711, 1
24712, 5
24713, 1
24714, 4
24715, 5
24716, 3
24717, 3
24718, 6
24719, 3
24720, 2
24721, 1
24722, 1
24723, 3
24724, 2
24725, 2
24726, 1
24727, 1
24729, 2
24730, 1
24731, 2
24732, 2
24733, 1
24734, 3
24735, 3
24736, 6
24737, 2
24738, 2
24739, 2
24740, 1
24741, 1
24742, 2
24743, 5
24745, 3
24746, 1
24747, 3
24748, 2
24749, 4
24750, 4
24751, 1
24752, 3
24753, 3
24754, 5
24755, 1
24757, 2
24758, 3
24759, 4
24760, 3
24761, 2
24762, 3
24763, 2
24764, 2
24765, 4
24766, 2
24767, 2
24768, 5
24769, 2
24770, 6
24771, 1
24772, 5
24773, 5
24774, 3
24775, 4
24776, 2
24777, 4
24778, 5
24779, 4
24780, 2
24781, 3
24782, 5
24783, 2
24784, 7
24785, 2
24786, 8
24787, 6
24788, 4
24789, 5
24790, 5
24791, 3
24792, 6
24793, 4
24794, 4
24795, 4
24796, 2
24797, 4
24798, 3
24799, 2
24800, 3
24801, 6
24802, 4
24803, 3
24804, 4
24805, 3
24806, 1
24807, 1
24808, 4
24810, 3
24811, 2
24813, 2
24815, 2
24816, 1
24817, 3
24819, 3
24820, 2
24821, 4
24822, 5
24823, 3
24825, 2
24826, 1
24827, 3
24828, 1
24829, 3
24830, 2
24831, 3
24832, 1
24833, 3
24834, 3
24835, 4
24836, 3
24837, 1
24838, 3
24839, 5
24840, 2
24841, 1
24843, 3
24844, 4
24845, 3
24846, 3
24847, 2
24848, 3
24849, 4
24850, 1
24851, 4
24852, 1
24853, 5
24854, 2
24855, 5
24856, 4
24857, 4
24858, 3
24859, 5
24860, 1
24861, 4
24862, 3
24863, 3
24864, 7
24865, 3
24866, 2
24867, 3
24868, 4
24869, 6
24870, 3
24871, 4
24872, 6
24873, 8
24874, 4
24875, 3
24876, 6
24877, 3
24878, 8
24879, 4
24880, 2
24881, 4
24882, 2
24883, 4
24884, 1
24885, 6
24886, 3
24887, 4
24888, 2
24889, 6
24890, 4
24891, 1
24892, 1
24893, 2
24894, 2
24895, 2
24896, 1
24897, 2
24898, 1
24900, 1
24901, 3
24902, 2
24903, 1
24904, 2
24905, 2
24906, 3
24907, 4
24908, 6
24910, 2
24911, 1
24912, 2
24913, 1
24914, 3
24915, 3
24916, 1
24917, 2
24918, 2
24919, 4
24920, 3
24921, 4
24922, 1
24923, 2
24924, 3
24925, 4
24926, 3
24928, 1
24929, 5
24930, 5
24931, 1
24932, 2
24933, 2
24934, 3
24935, 4
24936, 1
24937, 5
24938, 1
24939, 4
24940, 4
24941, 4
24942, 5
24943, 3
24944, 3
24945, 4
24946, 4
24947, 1
24948, 4
24949, 2
24950, 8
24951, 2
24952, 3
24953, 4
24954, 6
24955, 1
24956, 6
24957, 5
24958, 5
24959, 6
24960, 5
24961, 5
24962, 4
24963, 3
24964, 7
24965, 4
24966, 3
24967, 2
24968, 5
24969, 2
24970, 2
24971, 5
24972, 5
24973, 2
24974, 6
24975, 1
24976, 5
24978, 1
24979, 4
24980, 1
24981, 3
24982, 1
24984, 1
24985, 1
24986, 1
24987, 1
24988, 3
24989, 2
24990, 4
24992, 5
24993, 5
24994, 2
24996, 3
24997, 1
24998, 2
24999, 1
25000, 4
25001, 2
25002, 2
25003, 1
25004, 2
25005, 5
25006, 3
25007, 3
25009, 5
25010, 2
25011, 4
25012, 1
25014, 5
25015, 3
25016, 4
25017, 1
25018, 2
25019, 2
25020, 4
25021, 2
25022, 3
25023, 2
25024, 5
25025, 3
25026, 4
25027, 3
25028, 4
25029, 5
25030, 4
25031, 2
25032, 3
25033, 4
25034, 2
25035, 8
25036, 2
25037, 2
25038, 3
25039, 3
25040, 7
25041, 3
25042, 5
25043, 8
25044, 3
25045, 5
25046, 4
25047, 6
25048, 4
25049, 7
25050, 3
25051, 4
25052, 2
25053, 2
25054, 6
25055, 1
25056, 6
25057, 2
25058, 5
25059, 1
25060, 6
25061, 1
25062, 4
25063, 1
25064, 2
25065, 2
25066, 2
25067, 3
25069, 1
25070, 1
25071, 1
25072, 3
25073, 1
25074, 1
25075, 1
25076, 5
25077, 3
25078, 5
25079, 2
25080, 1
25081, 3
25083, 2
25084, 2
25085, 2
25086, 3
25087, 1
25088, 3
25089, 1
25090, 3
25091, 4
25092, 5
25094, 3
25095, 3
25096, 5
25097, 1
25099, 1
25100, 6
25101, 2
25102, 3
25103, 2
25104, 2
25105, 4
25106, 3
25107, 2
25108, 4
25109, 2
25110, 4
25111, 1
25112, 7
25113, 3
25114, 3
25115, 3
25116, 6
25117, 2
25118, 3
25119, 2
25120, 6
25121, 6
25122, 2
25123, 2
25124, 4
25125, 4
25126, 4
25127, 5
25128, 5
25129, 5
25130, 5
25131, 5
25132, 6
25133, 4
25134, 5
25135, 6
25136, 4
25137, 2
25138, 2
25139, 4
25140, 3
25141, 3
25142, 5
25143, 3
25144, 3
25145, 3
25146, 4
25147, 4
25148, 1
25149, 2
25150, 2
25151, 3
25152, 2
25153, 1
25154, 1
25156, 1
25157, 2
25158, 2
25159, 1
25160, 3
25161, 2
25162, 2
25163, 5
25164, 5
25165, 1
25166, 1
25167, 2
25168, 1
25169, 1
25170, 3
25171, 3
25172, 2
25173, 2
25174, 2
25175, 2
25176, 4
25177, 5
25178, 1
25180, 3
25181, 7
25182, 2
25184, 1
25185, 5
25186, 2
25187, 4
25188, 2
25189, 1
25190, 4
25191, 2
25192, 2
25193, 4
25194, 1
25195, 5
25196, 3
25197, 4
25198, 2
25199, 6
25200, 4
25201, 3
25202, 5
25203, 1
25204, 4
25205, 3
25206, 8
25207, 2
25208, 1
25209, 4
25210, 3
25211, 7
25212, 3
25213, 5
25214, 7
25215, 5
25216, 3
25217, 7
25218, 2
25219, 3
25220, 7
25221, 6
25222, 2
25223, 4
25224, 1
25225, 6
25226, 1
25227, 4
25228, 4
25229, 4
25230, 2
25231, 4
25232, 6
25233, 1
25234, 2
25235, 1
25236, 2
25237, 3
25238, 1
25239, 1
25240, 1
25241, 1
25243, 2
25244, 3
25245, 2
25246, 1
25247, 3
25248, 4
25249, 3
25250, 3
25251, 3
25252, 1
25253, 1
25254, 2
25255, 2
25256, 4
25257, 1
25258, 2
25259, 2
25260, 2
25261, 3
25262, 4
25263, 4
25265, 3
25266, 3
25267, 5
25268, 1
25270, 2
25271, 3
25272, 3
25273, 5
25274, 1
25275, 1
25276, 5
25277, 2
25278, 2
25279, 4
25280, 3
25281, 4
25282, 4
25283, 3
25284, 3
25285, 5
25286, 4
25287, 3
25288, 4
25289, 2
25290, 2
25291, 5
25292, 6
25293, 3
25294, 2
25295, 5
25296, 4
25297, 2
25298, 7
25299, 5
25300, 6
25301, 6
25302, 3
25303, 6
25304, 3
25305, 3
25306, 9
25307, 2
25308, 3
25309, 2
25310, 5
25311, 2
25312, 2
25313, 5
25314, 5
25315, 2
25316, 5
25317, 2
25318, 5
25320, 2
25321, 3
25322, 1
25323, 3
25324, 1
25325, 1
25327, 1
25328, 1
25329, 3
25330, 1
25331, 2
25332, 4
25333, 2
25334, 4
25335, 5
25336, 1
25337, 1
25338, 2
25339, 1
25340, 2
25341, 2
25342, 3
25343, 1
25344, 4
25346, 4
25347, 3
25348, 3
25349, 3
25350, 2
25351, 2
25352, 5
25353, 3
25356, 4
25357, 4
25358, 4
25359, 1
25360, 2
25361, 2
25362, 4
25363, 2
25364, 3
25365, 3
25366, 3
25367, 4
25368, 4
25369, 3
25370, 5
25371, 4
25372, 2
25373, 4
25374, 4
25375, 3
25376, 2
25377, 9
25378, 2
25379, 1
25380, 6
25381, 2
25382, 4
25383, 4
25384, 4
25385, 8
25386, 5
25387, 4
25388, 7
25389, 4
25390, 3
25391, 7
25392, 4
25393, 3
25394, 2
25395, 2
25396, 6
25397, 2
25398, 4
25399, 5
25400, 3
25401, 1
25402, 6
25403, 2
25404, 3
25405, 1
25406, 2
25407, 2
25408, 3
25409, 2
25411, 1
25412, 1
25414, 3
25415, 1
25416, 3
25417, 1
25418, 3
25419, 4
25420, 4
25421, 4
25422, 1
25423, 2
25424, 1
25425, 1
25426, 2
25427, 2
25428, 3
25429, 2
25430, 2
25431, 2
25432, 4
25433, 4
25434, 3
25436, 2
25437, 4
25438, 4
25439, 2
25441, 3
25442, 3
25443, 5
25444, 3
25446, 3
25447, 3
25448, 2
25449, 3
25450, 4
25451, 2
25452, 4
25453, 3
25454, 4
25455, 3
25456, 6
25457, 2
25458, 4
25459, 4
25460, 4
25461, 1
25462, 3
25463, 8
25464, 2
25465, 1
25466, 6
25467, 4
25468, 4
25469, 5
25470, 4
25471, 5
25472, 8
25473, 4
25474, 6
25475, 3
25476, 6
25477, 5
25478, 2
25479, 4
25480, 1
25481, 7
25482, 1
25483, 2
25484, 6
25485, 4
25486, 1
25487, 4
25488, 3
25489, 4
25490, 1
25491, 2
25492, 2
25493, 1
25494, 3
25495, 2
25496, 1
25497, 1
25499, 1
25500, 2
25501, 2
25502, 4
25503, 1
25504, 3
25505, 4
25506, 4
25507, 2
25508, 1
25509, 2
25510, 1
25511, 2
25512, 2
25513, 4
25515, 3
25516, 2
25517, 3
25518, 4
25519, 4
25520, 1
25521, 2
25522, 2
25523, 3
25524, 5
25526, 1
25527, 3
25528, 3
25529, 5
25530, 2
25531, 2
25532, 3
25533, 2
25534, 2
25535, 5
25537, 6
25538, 2
25539, 5
25540, 1
25541, 6
25542, 4
25543, 5
25544, 1
25545, 3
25546, 4
25547, 4
25548, 7
25549, 2
25550, 2
25551, 5
25552, 3
25553, 4
25554, 4
25555, 5
25556, 6
25557, 6
25558, 6
25559, 3
25560, 5
25561, 3
25562, 5
25563, 6
25564, 3
25565, 3
25566, 3
25567, 4
25568, 2
25569, 5
25570, 2
25571, 5
25572, 3
25573, 4
25574, 5
25576, 2
25578, 4
25579, 2
25580, 2
25582, 1
25583, 1
25585, 4
25586, 1
25587, 1
25588, 2
25589, 1
25590, 6
25591, 5
25592, 3
25594, 3
25596, 2
25597, 2
25598, 2
25599, 3
25600, 2
25601, 2
25602, 2
25603, 3
25604, 5
25605, 3
25607, 2
25608, 5
25609, 4
25610, 1
25612, 2
25613, 4
25614, 5
25615, 2
25616, 2
25617, 3
25618, 2
25619, 3
25620, 4
25621, 1
25622, 4
25623, 4
25624, 3
25625, 4
25626, 3
25627, 3
25628, 5
25629, 4
25630, 1
25631, 6
25632, 1
25633, 7
25634, 3
25635, 3
25636, 3
25637, 5
25638, 4
25639, 3
25640, 4
25641, 7
25642, 6
25643, 3
25644, 7
25645, 2
25646, 6
25647, 5
25648, 5
25649, 3
25650, 3
25651, 3
25652, 6
25653, 1
25654, 2
25655, 6
25656, 3
25657, 3
25658, 4
25659, 4
25660, 3
25662, 3
25663, 2
25664, 1
25665, 2
25666, 2
25667, 1
25669, 1
25670, 2
25671, 2
25672, 2
25673, 2
25674, 1
25675, 2
25676, 8
25677, 2
25678, 2
25679, 2
25680, 1
25681, 2
25682, 2
25683, 2
25684, 2
25685, 2
25686, 2
25687, 1
25688, 3
25689, 5
25690, 3
25691, 2
25693, 5
25694, 4
25695, 3
25697, 1
25698, 6
25700, 5
25701, 1
25702, 3
25703, 3
25704, 1
25705, 4
25706, 1
25707, 5
25708, 4
25709, 2
25710, 4
25711, 3
25712, 4
25713, 5
25714, 4
25715, 2
25716, 4
25717, 3
25718, 5
25719, 5
25720, 2
25721, 2
25722, 3
25723, 7
25724, 2
25725, 4
25726, 9
25727, 5
25728, 2
25729, 8
25730, 3
25731, 4
25732, 3
25733, 7
25734, 5
25735, 4
25736, 2
25737, 2
25738, 5
25739, 2
25740, 5
25741, 4
25742, 3
25743, 3
25744, 4
25745, 3
25746, 2
25747, 1
25748, 2
25749, 3
25750, 2
25751, 1
25752, 1
25753, 1
25754, 1
25755, 1
25756, 2
25757, 2
25758, 1
25759, 2
25760, 3
25761, 4
25762, 4
25763, 3
25764, 2
25765, 1
25766, 2
25767, 1
25768, 2
25769, 4
25770, 1
25771, 3
25773, 3
25774, 5
25775, 4
25776, 2
25778, 4
25779, 4
25780, 3
25781, 1
25783, 3
25784, 4
25785, 1
25786, 4
25787, 3
25788, 1
25789, 3
25790, 4
25791, 3
25792, 2
25793, 1
25794, 7
25795, 3
25796, 4
25797, 4
25798, 3
25799, 4
25800, 3
25801, 4
25802, 2
25803, 3
25804, 4
25805, 7
25806, 2
25807, 3
25808, 6
25809, 3
25810, 3
25811, 6
25812, 6
25813, 4
25814, 5
25815, 5
25816, 6
25817, 3
25818, 5
25819, 5
25820, 4
25821, 3
25822, 2
25823, 6
25824, 1
25825, 2
25826, 6
25827, 3
25828, 3
25829, 5
25830, 1
25831, 5
25832, 1
25833, 1
25834, 3
25835, 1
25836, 3
25837, 1
25838, 1
25839, 1
25841, 2
25842, 3
25844, 4
25846, 4
25847, 3
25848, 5
25849, 2
25850, 2
25851, 1
25852, 1
25853, 2
25854, 3
25855, 2
25856, 2
25857, 3
25858, 1
25859, 2
25860, 5
25861, 4
25862, 1
25863, 2
25864, 3
25865, 4
25866, 3
25868, 1
25869, 4
25870, 2
25871, 5
25872, 2
25873, 2
25874, 3
25875, 2
25876, 3
25877, 3
25878, 2
25879, 4
25880, 5
25881, 3
25882, 3
25883, 5
25884, 2
25885, 6
25886, 2
25887, 2
25888, 4
25889, 7
25890, 4
25891, 3
25892, 1
25893, 3
25894, 4
25895, 6
25896, 4
25897, 5
25898, 6
25899, 6
25900, 5
25901, 3
25902, 5
25903, 4
25904, 8
25905, 2
25906, 3
25907, 3
25908, 3
25909, 4
25910, 2
25911, 3
25912, 4
25913, 5
25914, 3
25915, 3
25916, 6
25918, 2
25919, 2
25920, 3
25921, 1
25922, 2
25924, 1
25925, 1
25926, 1
25927, 1
25928, 3
25929, 1
25930, 3
25931, 3
25932, 2
25933, 6
25934, 3
25936, 2
25937, 1
25938, 2
25939, 2
25940, 4
25941, 1
25942, 3
25943, 1
25944, 3
25945, 4
25946, 3
25947, 3
25948, 1
25949, 2
25950, 6
25951, 3
25953, 1
25954, 3
25955, 3
25956, 4
25957, 3
25958, 1
25959, 2
25960, 3
25961, 3
25962, 5
25963, 1
25964, 3
25965, 4
25966, 3
25967, 4
25968, 4
25969, 2
25970, 5
25971, 4
25972, 3
25973, 4
25974, 2
25975, 7
25976, 3
25977, 2
25978, 4
25979, 2
25980, 6
25981, 3
25982, 7
25983, 3
25984, 8
25985, 6
25986, 3
25987, 4
25988, 3
25989, 6
25990, 6
25991, 2
25992, 4
25993, 1
25994, 7
25995, 1
25996, 3
25997, 5
25998, 4
25999, 2
26000, 3
26001, 5
26002, 3
26004, 2
26005, 2
26006, 3
26007, 2
26008, 1
26009, 1
26010, 1
26011, 1
26012, 1
26013, 3
26014, 1
26015, 2
26016, 3
26017, 2
26018, 5
26019, 3
26020, 2
26021, 2
26022, 1
26023, 1
26024, 3
26025, 2
26026, 2
26027, 3
26028, 1
26029, 2
26030, 5
26031, 3
26032, 3
26033, 1
26034, 2
26035, 2
26036, 6
26037, 2
26039, 1
26040, 4
26041, 3
26042, 5
26043, 2
26045, 4
26046, 2
26047, 3
26048, 4
26049, 1
26050, 5
26051, 4
26052, 5
26053, 1
26054, 4
26055, 5
26056, 4
26057, 3
26058, 1
26059, 4
26060, 4
26061, 6
26062, 3
26063, 2
26064, 3
26065, 6
26066, 3
26067, 6
26068, 5
26069, 5
26070, 6
26071, 3
26072, 7
26073, 3
26074, 4
26075, 9
26076, 2
26077, 3
26078, 2
26079, 3
26080, 5
26081, 1
26082, 6
26083, 2
26084, 5
26085, 4
26086, 2
26087, 5
26089, 2
26090, 2
26091, 1
26092, 2
26093, 3
26095, 1
26096, 1
26097, 2
26098, 1
26099, 2
26100, 1
26101, 3
26102, 4
26103, 3
26104, 5
26105, 2
26106, 1
26107, 1
26108, 2
26109, 1
26110, 2
26111, 3
26112, 2
26113, 3
26114, 1
26115, 4
26117, 5
26118, 4
26119, 1
26120, 3
26121, 4
26122, 3
26123, 1
26125, 3
26126, 4
26127, 3
26128, 2
26129, 3
26130, 2
26131, 3
26132, 3
26133, 4
26134, 1
26135, 4
26136, 4
26137, 3
26138, 4
26139, 3
26140, 3
26141, 5
26142, 4
26143, 4
26144, 1
26145, 4
26146, 5
26147, 5
26148, 3
26149, 2
26150, 4
26151, 5
26152, 3
26153, 6
26154, 5
26155, 7
26156, 3
26157, 6
26158, 4
26159, 4
26160, 7
26161, 3
26162, 4
26163, 4
26165, 6
26166, 2
26167, 3
26168, 5
26169, 3
26170, 3
26171, 5
26172, 3
26173, 3
26174, 1
26175, 2
26176, 2
26177, 1
26178, 2
26179, 2
26180, 1
26182, 1
26183, 1
26184, 3
26185, 2
26186, 2
26187, 2
26188, 5
26189, 3
26190, 4
26191, 1
26192, 2
26193, 1
26194, 1
26195, 3
26197, 5
26198, 2
26199, 2
26200, 1
26201, 3
26202, 4
26203, 4
26204, 1
26205, 2
26206, 3
26207, 4
26208, 3
26210, 3
26211, 3
26212, 2
26213, 4
26214, 2
26215, 1
26216, 3
26217, 5
26218, 1
26219, 4
26220, 2
26221, 5
26222, 1
26223, 4
26224, 3
26225, 6
26226, 4
26227, 5
26228, 2
26229, 2
26230, 3
26231, 5
26232, 6
26233, 1
26234, 4
26235, 3
26236, 4
26237, 5
26238, 3
26239, 6
26240, 8
26241, 2
26242, 6
26243, 7
26244, 2
26245, 5
26246, 6
26247, 4
26248, 1
26249, 4
26250, 2
26251, 5
26252, 2
26253, 4
26254, 4
26255, 4
26256, 5
26257, 2
26258, 5
26259, 1
26260, 1
26261, 1
26262, 3
26263, 2
26264, 2
26265, 1
26267, 1
26268, 2
26269, 1
26270, 2
26271, 3
26272, 2
26273, 1
26274, 5
26275, 4
26276, 3
26277, 1
26278, 2
26279, 1
26280, 1
26281, 2
26282, 3
26283, 2
26284, 3
26285, 1
26286, 3
26287, 4
26288, 2
26289, 4
26290, 1
26291, 4
26292, 4
26293, 2
26294, 1
26296, 3
26297, 4
26298, 3
26299, 4
26300, 1
26301, 3
26302, 2
26303, 4
26304, 3
26305, 1
26306, 2
26307, 6
26308, 4
26309, 3
26310, 3
26311, 6
26312, 1
26313, 5
26314, 2
26315, 5
26316, 1
26317, 6
26318, 6
26319, 1
26320, 4
26321, 2
26322, 6
26323, 4
26324, 5
26325, 7
26326, 4
26327, 5
26328, 5
26329, 5
26330, 4
26331, 5
26332, 6
26333, 3
26334, 2
26335, 2
26336, 6
26337, 2
26338, 3
26339, 4
26340, 3
26341, 3
26342, 5
26343, 2
26344, 4
26345, 1
26346, 2
26347, 2
26348, 2
26349, 2
26350, 1
26351, 1
26353, 2
26354, 1
26355, 2
26356, 1
26357, 2
26358, 3
26359, 5
26360, 4
26361, 3
26362, 1
26363, 2
26364, 1
26365, 1
26366, 2
26367, 3
26368, 2
26369, 3
26370, 1
26371, 3
26372, 2
26373, 5
26374, 4
26376, 2
26377, 4
26378, 5
26379, 1
26381, 2
26382, 5
26383, 2
26384, 5
26386, 2
26387, 2
26388, 5
26389, 2
26390, 3
26391, 2
26392, 5
26393, 3
26394, 5
26395, 1
26396, 7
26397, 3
26398, 3
26399, 4
26400, 4
26401, 1
26402, 6
26403, 4
26404, 3
26405, 3
26406, 4
26407, 3
26408, 4
26409, 5
26410, 4
26411, 8
26412, 3
26413, 5
26414, 6
26415, 4
26416, 4
26417, 8
26418, 2
26419, 3
26420, 2
26421, 5
26422, 3
26423, 3
26424, 4
26425, 3
26426, 4
26427, 3
26428, 3
26429, 4
26430, 1
26431, 2
26432, 2
26433, 1
26434, 3
26435, 2
26436, 1
26438, 1
26439, 1
26440, 3
26441, 1
26442, 2
26443, 2
26444, 3
26445, 4
26446, 5
26447, 2
26448, 1
26449, 2
26451, 3
26452, 1
26453, 4
26454, 1
26455, 3
26456, 1
26457, 3
26458, 4
26459, 4
26460, 2
26461, 1
26462, 3
26463, 5
26464, 3
26466, 1
26467, 4
26468, 3
26469, 4
26470, 2
26471, 1
26472, 3
26473, 4
26474, 2
26475, 2
26476, 3
26477, 3
26478, 3
26479, 5
26480, 4
26481, 4
26482, 5
26483, 1
26484, 4
26485, 3
26486, 4
26487, 3
26488, 7
26489, 3
26490, 1
26491, 5
26492, 3
26493, 3
26494, 6
26495, 6
26496, 6
26497, 5
26498, 2
26499, 6
26500, 4
26501, 4
26502, 6
26503, 7
26504, 2
26505, 2
26506, 2
26507, 5
26508, 3
26509, 3
26510, 3
26511, 6
26512, 1
26513, 5
26514, 3
26515, 3
26516, 1
26517, 2
26518, 2
26519, 3
26521, 3
26523, 1
26525, 2
26526, 3
26527, 1
26528, 3
26529, 2
26530, 2
26531, 5
26532, 5
26534, 2
26535, 1
26536, 2
26537, 1
26538, 4
26539, 2
26541, 3
26542, 4
26543, 3
26544, 3
26545, 4
26547, 2
26548, 4
26549, 6
26552, 2
26553, 5
26554, 2
26555, 4
26556, 2
26558, 5
26559, 3
26560, 2
26561, 3
26562, 5
26563, 2
26564, 3
26565, 5
26566, 1
26567, 6
26568, 3
26569, 5
26570, 2
26571, 2
26572, 3
26573, 6
26574, 6
26575, 2
26576, 1
26577, 4
26578, 5
26579, 4
26580, 5
26581, 5
26582, 5
26583, 7
26584, 5
26585, 6
26586, 3
26587, 2
26588, 8
26589, 3
26590, 4
26591, 1
26592, 5
26593, 3
26594, 2
26595, 3
26596, 5
26597, 4
26598, 2
26599, 5
26600, 3
26601, 1
26602, 3
26604, 3
26605, 2
26606, 2
26608, 1
26609, 1
26610, 1
26611, 2
26612, 3
26613, 2
26614, 2
26615, 2
26616, 4
26617, 5
26618, 2
26619, 1
26620, 2
26621, 1
26622, 2
26623, 2
26624, 3
26625, 1
26626, 3
26627, 1
26628, 3
26629, 4
26630, 4
26631, 2
26632, 2
26633, 3
26634, 5
26635, 1
26636, 1
26637, 1
26638, 4
26639, 2
26640, 5
26641, 2
26643, 3
26644, 5
26645, 2
26646, 3
26647, 2
26648, 5
26649, 2
26650, 4
26651, 4
26652, 5
26653, 3
26654, 4
26655, 3
26656, 2
26657, 3
26658, 3
26659, 8
26660, 2
26661, 2
26662, 5
26663, 4
26664, 3
26665, 5
26666, 5
26667, 6
26668, 5
26669, 5
26670, 6
26671, 3
26672, 3
26673, 9
26674, 2
26675, 5
26676, 2
26678, 7
26679, 2
26680, 2
26681, 6
26682, 2
26683, 3
26684, 5
26685, 4
26686, 2
26687, 1
26688, 1
26689, 3
26690, 3
26691, 2
26692, 1
26694, 1
26695, 1
26696, 1
26697, 3
26698, 1
26699, 2
26700, 3
26701, 2
26702, 6
26703, 3
26704, 2
26705, 1
26706, 1
26707, 2
26708, 1
26709, 3
26710, 3
26711, 1
26712, 3
26713, 2
26714, 2
26715, 5
26716, 4
26718, 2
26719, 3
26720, 6
26721, 1
26723, 2
26724, 2
26725, 5
26726, 4
26727, 1
26728, 1
26729, 4
26730, 3
26731, 5
26732, 1
26733, 3
26734, 4
26735, 3
26736, 4
26737, 3
26738, 6
26739, 2
26740, 4
26741, 2
26742, 5
26743, 3
26744, 4
26745, 5
26746, 3
26747, 1
26748, 5
26749, 5
26750, 4
26751, 4
26752, 5
26753, 6
26754, 7
26755, 3
26756, 7
26757, 4
26758, 3
26759, 6
26760, 3
26761, 3
26762, 2
26763, 6
26764, 2
26765, 1
26766, 5
26767, 5
26768, 2
26769, 4
26770, 4
26771, 4
26773, 3
26774, 1
26775, 1
26776, 5
26778, 1
26780, 1
26781, 2
26782, 1
26783, 2
26784, 3
26785, 1
26786, 3
26787, 5
26788, 4
26789, 2
26790, 1
26791, 2
26792, 2
26794, 3
26795, 3
26796, 1
26797, 3
26798, 1
26799, 3
26800, 3
26801, 5
26802, 2
26803, 2
26804, 2
26805, 3
26806, 5
26808, 1
26809, 5
26810, 1
26811, 5
26812, 2
26813, 1
26814, 4
26815, 4
26816, 1
26817, 4
26818, 1
26819, 5
26820, 4
26821, 1
26822, 4
26823, 3
26824, 7
26825, 3
26826, 2
26827, 3
26828, 3
26829, 3
26830, 8
26831, 4
26832, 1
26833, 4
26834, 1
26835, 6
26836, 4
26837, 7
26838, 5
26839, 3
26840, 7
26841, 5
26842, 4
26843, 4
26844, 8
26845, 3
26846, 3
26847, 3
26848, 1
26849, 6
26850, 2
26851, 5
26852, 2
26853, 4
26854, 3
26855, 4
26856, 3
26857, 3
26858, 2
26859, 1
26860, 2
26861, 2
26862, 2
26863, 1
26864, 1
26865, 1
26867, 3
26868, 1
26869, 2
26870, 3
26871, 1
26872, 3
26873, 8
26875, 2
26876, 2
26877, 1
26878, 1
26879, 3
26880, 1
26881, 4
26882, 1
26883, 3
26884, 2
26885, 2
26886, 4
26887, 5
26889, 2
26890, 3
26891, 6
26892, 1
26893, 1
26895, 5
26896, 4
26897, 2
26898, 2
26899, 3
26900, 2
26901, 3
26902, 2
26903, 4
26904, 3
26905, 4
26906, 3
26907, 5
26908, 1
26909, 7
26910, 5
26912, 5
26913, 2
26914, 4
26915, 4
26916, 5
26917, 3
26918, 2
26919, 4
26920, 3
26921, 7
26922, 3
26923, 6
26924, 6
26925, 5
26926, 4
26927, 7
26928, 3
26929, 5
26930, 5
26931, 3
26932, 3
26933, 2
26934, 6
26935, 2
26936, 3
26937, 5
26938, 3
26939, 3
26940, 1
26941, 5
26942, 5
26943, 1
26945, 4
26946, 2
26947, 1
26948, 2
26950, 2
26952, 1
26953, 3
26954, 2
26955, 2
26956, 1
26957, 4
26958, 3
26959, 6
26960, 1
26961, 1
26962, 2
26963, 2
26964, 1
26965, 3
26966, 1
26967, 2
26968, 3
26969, 2
26970, 3
26971, 4
26972, 4
26973, 1
26975, 5
26976, 5
26977, 2
26980, 4
26981, 3
26982, 4
26983, 3
26984, 2
26985, 2
26986, 4
26987, 2
26988, 2
26989, 3
26990, 5
26991, 2
26992, 6
26993, 2
26994, 4
26995, 4
26996, 3
26997, 4
26998, 3
26999, 4
27000, 2
27001, 7
27002, 3
27003, 2
27004, 4
27005, 4
27006, 3
27007, 4
27008, 7
27009, 7
27010, 3
27011, 6
27012, 5
27013, 2
27014, 4
27015, 7
27016, 3
27017, 5
27018, 3
27019, 3
27020, 5
27021, 1
27022, 6
27023, 4
27024, 2
27025, 2
27026, 4
27027, 5
27028, 1
27029, 1
27030, 2
27031, 2
27032, 3
27033, 2
27035, 1
27036, 1
27038, 3
27039, 2
27040, 1
27041, 2
27042, 3
27043, 4
27044, 5
27045, 3
27046, 1
27047, 2
27048, 1
27050, 3
27051, 3
27052, 2
27053, 2
27054, 2
27055, 1
27056, 5
27057, 5
27058, 2
27059, 1
27060, 2
27061, 4
27062, 4
27063, 1
27064, 1
27065, 2
27066, 4
27067, 4
27068, 2
27069, 1
27070, 3
27071, 3
27072, 3
27073, 1
27074, 5
27075, 3
27076, 3
27077, 3
27078, 5
27079, 3
27080, 4
27081, 4
27082, 4
27083, 3
27084, 3
27085, 3
27086, 7
27087, 1
27088, 4
27089, 3
27090, 4
27091, 5
27092, 3
27093, 4
27094, 6
27095, 7
27096, 6
27097, 5
27098, 3
27099, 4
27100, 6
27101, 6
27102, 2
27103, 2
27104, 2
27105, 6
27106, 2
27107, 1
27108, 6
27109, 5
27110, 2
27111, 4
27112, 2
27113, 4
27114, 2
27115, 2
27116, 2
27117, 1
27118, 3
27119, 1
27120, 1
27121, 1
27123, 2
27124, 2
27125, 2
27126, 3
27127, 1
27128, 3
27129, 3
27130, 7
27132, 2
27133, 1
27134, 1
27135, 3
27136, 3
27137, 1
27138, 1
27139, 4
27141, 4
27142, 4
27143, 3
27144, 2
27145, 1
27146, 3
27147, 5
27148, 3
27150, 2
27151, 1
27152, 8
27153, 2
27154, 1
27155, 1
27156, 4
27157, 2
27158, 3
27159, 2
27160, 3
27161, 6
27162, 1
27163, 4
27164, 3
27165, 5
27166, 4
27167, 5
27168, 3
27169, 1
27170, 4
27171, 4
27172, 7
27173, 2
27174, 2
27175, 3
27176, 5
27177, 4
27178, 3
27179, 8
27180, 6
27181, 3
27182, 7
27183, 4
27184, 4
27185, 3
27186, 7
27187, 4
27188, 2
27189, 4
27190, 2
27191, 5
27192, 2
27193, 4
27194, 5
27195, 2
27196, 3
27197, 5
27198, 3
27199, 2
27200, 1
27201, 2
27202, 4
27203, 1
27204, 2
27206, 1
27207, 1
27208, 2
27209, 1
27210, 2
27211, 2
27212, 2
27213, 2
27214, 2
27215, 7
27216, 2
27217, 2
27218, 2
27220, 1
27221, 3
27222, 4
27223, 1
27224, 3
27225, 1
27226, 3
27227, 3
27228, 4
27229, 3
27230, 2
27231, 2
27232, 2
27233, 6
27236, 2
27237, 4
27238, 5
27239, 3
27240, 1
27241, 2
27242, 3
27243, 3
27244, 1
27245, 4
27246, 5
27247, 3
27248, 5
27249, 2
27250, 4
27251, 3
27252, 6
27253, 2
27254, 2
27255, 3
27256, 3
27257, 7
27258, 4
27259, 2
27260, 3
27261, 4
27262, 4
27263, 3
27264, 5
27265, 8
27266, 5
27267, 5
27268, 6
27269, 3
27270, 3
27271, 6
27272, 6
27273, 2
27274, 4
27275, 1
27276, 6
27277, 2
27278, 3
27279, 5
27280, 4
27281, 2
27282, 3
27283, 3
27284, 5
27285, 1
27286, 1
27287, 3
27288, 1
27289, 4
27291, 1
27292, 1
27293, 1
27294, 2
27295, 1
27296, 2
27297, 2
27298, 2
27299, 3
27300, 4
27301, 5
27302, 2
27303, 2
27305, 1
27306, 3
27308, 5
27309, 1
27310, 3
27312, 6
27313, 2
27314, 3
27315, 2
27316, 3
27317, 3
27318, 3
27319, 3
27321, 1
27322, 6
27323, 3
27324, 2
27325, 2
27326, 1
27327, 4
27328, 2
27329, 3
27330, 3
27331, 3
27332, 5
27333, 1
27334, 5
27335, 3
27336, 4
27337, 5
27338, 4
27339, 4
27341, 4
27342, 3
27343, 7
27344, 3
27345, 1
27346, 4
27347, 5
27348, 3
27349, 6
27350, 4
27351, 8
27352, 3
27353, 7
27354, 4
27355, 4
27356, 4
27357, 7
27358, 3
27359, 3
27360, 3
27361, 4
27362, 3
27363, 2
27364, 4
27365, 3
27366, 6
27367, 2
27368, 4
27369, 4
27370, 1
27371, 2
27372, 1
27373, 2
27374, 3
27375, 2
27376, 1
27378, 1
27379, 1
27380, 2
27381, 2
27382, 1
27383, 3
27384, 3
27385, 3
27386, 6
27387, 1
27388, 2
27389, 2
27391, 3
27392, 1
27393, 4
27394, 1
27395, 3
27396, 1
27397, 2
27398, 4
27399, 5
27400, 2
27402, 3
27403, 4
27404, 4
27405, 1
27407, 3
27408, 4
27409, 4
27410, 2
27411, 1
27412, 3
27413, 4
27414, 2
27415, 4
27416, 2
27417, 4
27418, 2
27419, 2
27420, 6
27421, 5
27422, 4
27423, 2
27424, 4
27425, 3
27426, 3
27427, 3
27428, 5
27429, 4
27430, 3
27431, 2
27432, 5
27433, 5
27434, 5
27435, 4
27436, 6
27437, 5
27438, 6
27439, 4
27440, 5
27441, 2
27442, 5
27443, 9
27444, 2
27445, 3
27446, 2
27447, 5
27448, 1
27449, 1
27450, 6
27451, 5
27452, 2
27453, 4
27454, 5
27455, 2
27457, 3
27458, 2
27459, 1
27460, 2
27461, 2
27462, 1
27463, 1
27465, 3
27467, 3
27468, 3
27469, 2
27470, 2
27471, 6
27472, 4
27474, 3
27476, 1
27477, 2
27478, 4
27479, 1
27480, 3
27481, 2
27482, 1
27483, 3
27484, 4
27485, 3
27486, 2
27487, 2
27488, 3
27489, 4
27490, 3
27492, 2
27493, 2
27494, 5
27495, 4
27496, 1
27497, 1
27498, 4
27499, 3
27500, 2
27501, 4
27502, 2
27503, 5
27504, 1
27505, 7
27506, 1
27507, 7
27508, 1
27509, 4
27510, 3
27511, 5
27512, 2
27513, 5
27514, 4
27515, 4
27516, 1
27517, 4
27518, 4
27519, 5
27520, 5
27521, 4
27522, 4
27523, 8
27524, 5
27525, 3
27526, 4
27527, 7
27528, 5
27529, 2
27530, 6
27531, 1
27532, 5
27533, 2
27534, 2
27535, 6
27536, 4
27537, 2
27538, 4
27539, 2
27540, 5
27541, 2
27543, 3
27544, 2
27545, 2
27546, 2
27548, 1
27549, 1
27550, 1
27551, 2
27552, 2
27553, 2
27554, 2
27555, 4
27556, 3
27557, 5
27558, 2
27560, 3
27561, 1
27562, 2
27563, 1
27564, 3
27565, 2
27566, 3
27567, 1
27568, 3
27569, 4
27570, 3
27571, 3
27572, 1
27573, 3
27574, 3
27575, 5
27577, 1
27578, 1
27579, 5
27580, 4
27581, 3
27582, 1
27583, 2
27584, 4
27585, 2
27586, 5
27588, 4
27589, 4
27590, 4
27591, 4
27593, 8
27594, 2
27595, 4
27596, 3
27597, 4
27598, 2
27599, 7
27600, 4
27601, 1
27602, 3
27603, 3
27604, 4
27605, 5
27606, 6
27607, 5
27608, 6
27609, 5
27610, 7
27611, 1
27612, 6
27613, 6
27614, 4
27615, 3
27616, 3
27617, 2
27618, 6
27619, 1
27620, 2
27621, 6
27622, 4
27623, 2
27624, 6
27625, 2
27626, 3
27628, 3
27629, 2
27630, 2
27631, 2
27632, 1
27633, 1
27635, 1
27636, 3
27638, 3
27639, 1
27640, 4
27641, 1
27642, 7
27643, 2
27644, 3
27645, 1
27646, 1
27647, 2
27648, 2
27649, 1
27650, 3
27651, 2
27652, 3
27653, 1
27654, 5
27655, 2
27656, 5
27658, 1
27659, 5
27660, 2
27661, 4
27663, 2
27664, 4
27665, 3
27666, 3
27667, 3
27669, 4
27670, 3
27671, 2
27672, 4
27673, 3
27674, 4
27675, 1
27676, 4
27677, 4
27678, 5
27679, 5
27680, 3
27681, 2
27682, 2
27683, 5
27684, 3
27685, 7
27686, 2
27687, 2
27688, 5
27689, 4
27690, 3
27691, 5
27692, 6
27693, 6
27694, 5
27695, 5
27696, 5
27697, 3
27698, 5
27699, 6
27700, 4
27701, 1
27702, 4
27703, 5
27704, 2
27705, 4
27706, 2
27707, 5
27708, 3
27709, 4
27710, 3
27711, 5
27713, 1
27714, 3
27715, 1
27716, 3
27717, 2
27718, 1
27719, 1
27721, 1
27722, 2
27723, 2
27724, 2
27725, 2
27726, 4
27727, 2
27728, 6
27729, 1
27730, 2
27731, 2
27732, 1
27733, 2
27734, 4
27735, 1
27736, 1
27737, 3
27738, 2
27739, 1
27740, 4
27741, 5
27742, 2
27743, 1
27744, 3
27745, 5
27746, 3
27749, 4
27750, 3
27751, 5
27752, 2
27753, 1
27754, 4
27755, 2
27756, 2
27757, 3
27758, 3
27759, 5
27760, 2
27761, 4
27762, 2
27763, 6
27764, 4
27765, 3
27766, 3
27767, 3
27768, 3
27769, 3
27770, 7
27771, 2
27772, 3
27773, 4
27774, 5
27775, 3
27776, 5
27777, 4
27778, 5
27779, 7
27780, 3
27781, 5
27782, 7
27783, 1
27784, 8
27785, 4
27786, 4
27787, 2
27788, 3
27789, 5
27790, 2
27791, 4
27792, 2
27793, 5
27794, 2
27795, 4
27796, 6
27797, 1
27798, 1
27799, 2
27800, 2
27801, 3
27803, 2
27804, 1
27805, 1
27807, 2
27808, 2
27809, 2
27810, 2
27811, 2
27812, 3
27813, 4
27814, 5
27815, 1
27816, 2
27817, 1
27818, 1
27819, 3
27820, 2
27821, 3
27822, 2
27823, 2
27824, 1
27825, 5
27826, 2
27827, 4
27828, 1
27829, 3
27830, 4
27831, 3
27832, 2
27834, 1
27835, 5
27836, 5
27837, 2
27838, 2
27839, 2
27840, 3
27841, 3
27843, 5
27844, 2
27845, 5
27846, 3
27847, 4
27848, 4
27849, 2
27850, 6
27851, 3
27852, 1
27853, 6
27854, 1
27855, 5
27856, 6
27857, 2
27858, 3
27859, 3
27860, 3
27861, 5
27862, 6
27863, 5
27864, 6
27865, 5
27866, 5
27867, 5
27868, 4
27869, 4
27870, 6
27871, 3
27872, 5
27873, 1
27874, 5
27875, 2
27876, 2
27877, 5
27878, 5
27879, 2
27880, 2
27881, 6
27882, 3
27883, 2
27884, 1
27885, 3
27887, 3
27888, 1
27889, 2
27891, 1
27892, 1
27893, 3
27894, 2
27896, 2
27897, 4
27898, 3
27899, 5
27900, 2
27901, 2
27902, 2
27903, 1
27904, 2
27905, 1
27906, 5
27907, 1
27908, 2
27909, 2
27910, 3
27911, 4
27912, 2
27913, 3
27914, 1
27915, 3
27916, 4
27917, 4
27920, 3
27921, 4
27922, 4
27923, 2
27924, 2
27925, 2
27926, 3
27927, 4
27928, 2
27929, 2
27930, 4
27931, 4
27932, 3
27933, 3
27934, 5
27935, 4
27936, 4
27937, 3
27938, 4
27939, 1
27940, 4
27941, 6
27942, 4
27943, 2
27944, 3
27945, 4
27946, 5
27947, 3
27948, 7
27949, 5
27950, 4
27951, 7
27952, 6
27953, 3
27954, 3
27955, 8
27956, 4
27957, 1
27958, 4
27959, 1
27960, 7
27961, 1
27962, 5
27963, 3
27964, 4
27965, 2
27966, 5
27967, 3
27968, 3
27969, 1
27970, 3
27971, 1
27972, 2
27973, 3
27974, 1
27976, 1
27978, 3
27979, 2
27980, 1
27981, 2
27982, 3
27983, 3
27984, 6
27985, 1
27986, 3
27987, 2
27989, 2
27990, 1
27991, 3
27992, 3
27993, 2
27994, 2
27995, 2
27996, 4
27997, 2
27998, 5
27999, 1
28000, 1
28001, 5
28002, 4
28003, 1
28005, 1
28006, 5
28007, 4
28008, 3
28009, 1
28010, 2
28011, 3
28012, 4
28013, 1
28014, 4
28015, 4
28016, 4
28018, 6
28019, 2
28020, 7
28021, 4
28022, 2
28023, 4
28024, 2
28025, 2
28026, 7
28027, 4
28028, 3
28029, 1
28030, 4
28031, 4
28032, 6
28033, 3
28034, 7
28035, 6
28036, 6
28037, 3
28038, 5
28039, 4
28040, 3
28041, 8
28042, 3
28043, 2
28044, 3
28045, 5
28046, 2
28047, 3
28048, 4
28049, 5
28050, 2
28051, 3
28052, 4
28053, 5
28054, 1
28055, 1
28056, 2
28057, 2
28058, 3
28059, 1
28060, 1
28061, 1
28063, 1
28064, 3
28065, 1
28066, 1
28067, 3
28068, 2
28069, 6
28070, 4
28071, 2
28072, 1
28073, 2
28074, 1
28075, 2
28076, 1
28077, 4
28078, 1
28079, 3
28080, 1
28081, 4
28082, 3
28083, 4
28084, 2
28085, 1
28086, 3
28087, 5
28088, 3
28090, 1
28091, 2
28092, 4
28093, 4
28094, 3
28095, 1
28096, 2
28097, 5
28098, 2
28099, 4
28100, 1
28101, 3
28102, 5
28103, 2
28104, 5
28105, 4
28106, 4
28107, 3
28108, 4
28109, 3
28110, 3
28111, 3
28112, 7
28113, 3
28114, 1
28115, 5
28116, 2
28117, 5
28118, 5
28119, 5
28120, 6
28121, 6
28122, 4
28123, 5
28124, 5
28125, 4
28126, 5
28127, 5
28128, 2
28129, 4
28131, 6
28132, 2
28133, 7
28134, 1
28135, 4
28136, 4
28137, 2
28138, 4
28139, 3
28140, 2
28141, 1
28142, 2
28143, 2
28144, 2
28145, 1
28146, 1
28147, 1
28148, 1
28149, 3
28150, 1
28152, 3
28153, 3
28154, 2
28155, 5
28156, 4
28157, 1
28158, 2
28159, 1
28160, 2
28161, 2
28162, 2
28163, 3
28164, 3
28166, 3
28167, 2
28168, 4
28169, 5
28171, 3
28172, 2
28173, 6
28174, 1
28176, 3
28177, 4
28178, 3
28179, 4
28180, 1
28181, 1
28182, 4
28183, 3
28184, 3
28185, 2
28186, 4
28187, 3
28188, 1
28189, 7
28190, 3
28191, 5
28192, 3
28193, 2
28194, 5
28195, 3
28196, 2
28197, 4
28198, 6
28199, 3
28200, 2
28201, 5
28202, 3
28203, 6
28204, 4
28205, 6
28206, 3
28207, 7
28208, 7
28209, 3
28210, 3
28211, 5
28212, 5
28213, 6
28214, 1
28215, 2
28216, 3
28217, 4
28218, 5
28219, 3
28220, 5
28222, 5
28223, 4
28224, 3
28225, 2
28226, 2
28227, 2
28228, 1
28229, 2
28230, 2
28232, 1
28233, 1
28234, 2
28235, 2
28236, 2
28237, 2
28238, 1
28239, 3
28240, 4
28241, 6
28242, 1
28243, 1
28244, 2
28246, 3
28247, 1
28248, 5
28249, 1
28250, 3
28252, 4
28253, 4
28254, 2
28255, 3
28256, 2
28257, 2
28258, 5
28259, 2
28260, 1
28261, 1
28262, 5
28263, 2
28264, 2
28265, 4
28266, 1
28267, 2
28268, 5
28269, 2
28270, 3
28271, 2
28272, 6
28273, 1
28274, 5
28275, 2
28276, 4
28277, 5
28278, 3
28279, 4
28280, 4
28281, 2
28282, 3
28283, 7
28284, 3
28285, 2
28286, 2
28287, 5
28288, 5
28289, 3
28290, 7
28291, 4
28292, 6
28293, 5
28294, 7
28295, 1
28296, 5
28297, 7
28298, 3
28299, 4
28300, 3
28301, 1
28302, 5
28303, 3
28304, 5
28305, 4
28306, 2
28307, 3
28308, 4
28309, 5
28310, 1
28311, 1
28312, 2
28313, 2
28314, 3
28315, 1
28316, 2
28318, 1
28319, 1
28320, 1
28321, 2
28322, 2
28323, 3
28324, 2
28325, 2
28326, 6
28327, 3
28328, 1
28329, 1
28330, 2
28331, 3
28332, 1
28333, 4
28334, 1
28335, 2
28336, 2
28337, 1
28338, 5
28339, 3
28340, 3
28341, 2
28342, 3
28344, 7
28345, 1
28347, 4
28348, 3
28349, 4
28350, 3
28351, 1
28352, 1
28353, 3
28354, 4
28355, 2
28356, 3
28357, 1
28358, 5
28359, 4
28360, 4
28361, 5
28362, 2
28363, 4
28364, 4
28365, 2
28366, 6
28367, 1
28368, 6
28369, 4
28370, 3
28371, 4
28372, 4
28373, 2
28374, 4
28375, 3
28376, 10
28377, 3
28378, 7
28379, 5
28380, 5
28381, 3
28382, 4
28383, 6
28384, 4
28385, 4
28387, 6
28388, 1
28389, 4
28390, 5
28391, 3
28392, 3
28393, 4
28394, 3
28395, 4
28396, 1
28397, 2
28398, 2
28399, 1
28400, 2
28401, 2
28402, 1
28404, 2
28406, 3
28407, 2
28408, 2
28409, 2
28410, 2
28411, 5
28412, 4
28413, 3
28415, 2
28416, 1
28417, 2
28418, 4
28419, 1
28420, 3
28421, 2
28423, 3
28424, 5
28425, 4
28426, 1
28427, 3
28428, 3
28429, 4
28430, 2
28433, 3
28434, 7
28435, 2
28436, 1
28437, 2
28438, 3
28439, 3
28440, 2
28441, 5
28442, 2
28443, 5
28444, 1
28445, 4
28446, 4
28447, 3
28448, 6
28449, 3
28450, 3
28451, 3
28452, 3
28453, 2
28454, 8
28455, 3
28456, 1
28457, 5
28458, 3
28459, 4
28460, 5
28461, 5
28462, 7
28463, 6
28464, 2
28465, 6
28466, 4
28467, 5
28468, 6
28469, 5
28470, 2
28471, 3
28472, 3
28473, 4
28474, 1
28475, 6
28476, 2
28477, 4
28478, 3
28479, 5
28480, 4
28481, 1
28482, 1
28483, 4
28484, 1
28485, 1
28486, 2
28487, 1
28488, 1
28489, 1
28490, 1
28491, 2
28492, 2
28493, 1
28494, 2
28495, 4
28496, 4
28497, 2
28498, 5
28500, 3
28502, 2
28503, 1
28504, 5
28505, 1
28506, 3
28507, 1
28508, 3
28509, 1
28510, 5
28511, 4
28513, 3
28514, 4
28515, 5
28518, 3
28519, 3
28520, 3
28521, 4
28522, 1
28523, 2
28524, 4
28525, 4
28527, 5
28528, 4
28529, 2
28530, 3
28531, 5
28532, 3
28533, 5
28534, 3
28535, 3
28536, 4
28537, 3
28538, 3
28539, 5
28540, 5
28541, 2
28542, 4
28543, 4
28544, 3
28545, 3
28546, 8
28547, 5
28548, 5
28549, 4
28550, 5
28551, 5
28552, 4
28553, 5
28554, 6
28555, 2
28556, 4
28557, 1
28558, 5
28559, 2
28560, 2
28561, 6
28562, 3
28563, 3
28564, 6
28565, 2
28566, 4
28568, 3
28569, 2
28570, 2
28571, 2
28572, 1
28573, 1
28575, 2
28577, 2
28578, 3
28579, 2
28580, 1
28581, 4
28582, 4
28583, 4
28584, 3
28585, 1
28586, 1
28587, 1
28588, 3
28590, 4
28591, 1
28592, 4
28593, 1
28594, 3
28595, 4
28596, 2
28597, 3
28598, 1
28599, 4
28600, 5
28601, 2
28603, 2
28604, 3
28605, 3
28606, 4
28607, 2
28608, 2
28609, 2
28610, 2
28611, 4
28612, 4
28613, 1
28614, 5
28615, 2
28616, 4
28617, 3
28618, 5
28619, 5
28620, 3
28621, 5
28622, 2
28623, 2
28624, 4
28625, 5
28626, 4
28627, 2
28628, 3
28629, 3
28630, 5
28631, 5
28632, 7
28633, 7
28634, 3
28635, 5
28636, 4
28637, 5
28638, 4
28639, 7
28640, 4
28641, 2
28642, 2
28643, 5
28644, 3
28645, 1
28646, 5
28647, 3
28648, 4
28649, 4
28650, 4
28651, 3
28652, 2
28653, 1
28654, 4
28656, 3
28657, 2
28658, 1
28660, 1
28661, 1
28662, 3
28663, 1
28664, 2
28665, 2
28666, 2
28667, 2
28668, 8
28669, 2
28670, 1
28671, 1
28672, 1
28673, 2
28674, 2
28675, 4
28676, 1
28677, 3
28678, 1
28679, 2
28680, 5
28681, 3
28682, 3
28684, 3
28685, 4
28686, 5
28689, 5
28690, 2
28691, 3
28692, 4
28693, 1
28694, 1
28695, 4
28696, 4
28697, 4
28698, 1
28699, 3
28700, 3
28701, 3
28702, 4
28703, 3
28704, 4
28705, 7
28706, 1
28707, 3
28708, 5
28709, 2
28710, 5
28711, 4
28712, 4
28713, 2
28714, 4
28715, 3
28716, 5
28717, 3
28718, 7
28719, 6
28720, 5
28721, 6
28722, 4
28723, 5
28724, 3
28725, 6
28726, 4
28727, 3
28728, 1
28729, 7
28730, 1
28731, 3
28732, 5
28733, 3
28734, 2
28735, 4
28736, 3
28737, 5
28739, 3
28740, 2
28741, 2
28742, 1
28743, 2
28744, 1
28746, 1
28747, 3
28748, 2
28749, 1
28750, 2
28751, 2
28752, 3
28753, 6
28754, 2
28755, 2
28756, 1
28757, 2
28758, 2
28759, 1
28760, 3
28761, 2
28762, 1
28763, 4
28764, 1
28765, 3
28766, 4
28767, 4
28768, 1
28769, 2
28770, 3
28771, 5
28772, 2
28775, 6
28776, 1
28777, 5
28778, 2
28779, 1
28780, 3
28781, 4
28782, 2
28783, 3
28784, 2
28785, 6
28786, 1
28787, 5
28788, 3
28789, 4
28790, 4
28791, 4
28792, 3
28793, 3
28794, 4
28795, 2
28796, 8
28797, 2
28798, 2
28799, 5
28800, 4
28801, 3
28802, 4
28803, 8
28804, 3
28805, 6
28806, 6
28807, 3
28808, 4
28809, 5
28810, 7
28811, 3
28812, 3
28813, 2
28814, 4
28815, 4
28816, 2
28817, 6
28818, 3
28819, 4
28820, 3
28821, 2
28822, 5
28823, 1
28824, 2
28825, 1
28826, 2
28827, 3
28828, 2
28829, 1
28831, 1
28832, 2
28833, 1
28834, 2
28835, 1
28836, 2
28837, 4
28838, 1
28839, 7
28840, 3
28842, 3
28844, 2
28845, 2
28846, 3
28847, 2
28848, 3
28850, 2
28851, 4
28852, 5
28853, 3
28855, 3
28856, 4
28857, 4
28858, 1
28860, 6
28862, 2
28863, 5
28864, 2
28865, 1
28866, 3
28867, 5
28868, 1
28869, 4
28870, 1
28871, 6
28872, 2
28873, 5
28874, 4
28875, 1
28876, 7
28877, 3
28878, 2
28879, 4
28880, 3
28881, 5
28882, 5
28883, 2
28884, 4
28885, 2
28886, 5
28887, 5
28888, 5
28889, 5
28890, 5
28891, 5
28892, 6
28893, 3
28894, 6
28895, 4
28896, 6
28897, 2
28898, 5
28900, 7
28901, 1
28902, 4
28903, 3
28904, 3
28905, 4
28906, 4
28907, 4
28908, 3
28909, 1
28910, 2
28911, 2
28912, 3
28913, 1
28914, 1
28915, 1
28916, 1
28918, 1
28919, 2
28920, 2
28921, 3
28922, 1
28923, 3
28924, 7
28925, 3
28926, 1
28927, 2
28928, 1
28929, 1
28930, 3
28931, 2
28932, 2
28933, 2
28934, 2
28935, 3
28936, 2
28937, 4
28938, 4
28939, 1
28940, 1
28941, 4
28942, 6
28943, 1
28945, 2
28946, 2
28947, 3
28948, 5
28949, 2
28950, 2
28951, 2
28952, 4
28953, 1
28954, 5
28955, 1
28956, 6
28957, 1
28958, 5
28959, 4
28960, 3
28961, 5
28962, 4
28963, 3
28964, 3
28965, 3
28966, 1
28967, 8
28968, 4
28969, 1
28970, 4
28971, 5
28972, 4
28973, 4
28974, 6
28975, 6
28976, 5
28977, 5
28978, 5
28979, 4
28980, 4
28981, 7
28982, 3
28983, 3
28984, 2
28985, 5
28986, 2
28987, 3
28988, 5
28989, 3
28990, 3
28991, 3
28992, 4
28993, 4
28994, 2
28995, 1
28996, 2
28997, 3
28998, 1
28999, 1
29000, 1
29001, 1
29002, 1
29003, 1
29004, 3
29005, 1
29006, 1
29007, 3
29008, 2
29009, 2
29010, 7
29011, 3
29012, 1
29013, 2
29015, 3
29016, 2
29017, 3
29018, 1
29019, 2
29020, 2
29021, 2
29022, 5
29023, 3
29024, 3
29025, 2
29026, 1
29027, 3
29028, 5
29029, 1
29031, 4
29032, 3
29033, 4
29034, 3
29035, 1
29036, 3
29037, 3
29038, 2
29039, 4
29040, 1
29041, 5
29042, 3
29043, 3
29044, 4
29045, 4
29046, 4
29047, 3
29048, 4
29049, 4
29050, 2
29051, 2
29052, 5
29053, 6
29054, 2
29055, 4
29056, 3
29057, 4
29058, 5
29059, 5
29060, 7
29061, 6
29062, 2
29063, 6
29064, 3
29065, 4
29066, 5
29067, 7
29068, 3
29069, 3
29070, 1
29071, 6
29072, 2
29073, 4
29074, 3
29075, 4
29076, 3
29077, 4
29078, 4
29079, 3
29080, 1
29081, 3
29082, 1
29083, 1
29084, 2
29085, 2
29086, 1
29087, 1
29089, 2
29090, 2
29091, 2
29092, 2
29093, 1
29094, 5
29095, 5
29096, 2
29097, 2
29098, 2
29099, 1
29100, 2
29101, 2
29102, 3
29103, 2
29104, 3
29105, 1
29106, 1
29107, 2
29108, 5
29109, 4
29110, 1
29111, 2
29112, 3
29113, 5
29114, 2
29116, 1
29117, 4
29118, 3
29119, 5
29120, 1
29121, 2
29122, 2
29123, 3
29124, 3
29125, 4
29126, 2
29127, 4
29128, 4
29129, 3
29130, 3
29131, 4
29132, 6
29133, 3
29134, 4
29136, 4
29137, 5
29138, 5
29139, 4
29140, 1
29141, 3
29142, 8
29144, 6
29145, 7
29146, 6
29147, 5
29148, 3
29149, 8
29150, 2
29151, 5
29152, 5
29153, 3
29154, 4
29155, 2
29156, 5
29157, 2
29158, 2
29159, 6
29160, 4
29161, 2
29162, 3
29163, 5
29164, 3
29165, 1
29166, 2
29167, 2
29168, 2
29169, 2
29170, 1
29171, 2
29173, 1
29174, 1
29175, 2
29176, 2
29177, 3
29178, 1
29179, 3
29180, 5
29181, 4
29182, 2
29183, 2
29184, 1
29185, 1
29186, 2
29187, 1
29188, 4
29189, 2
29190, 3
29192, 3
29193, 4
29194, 2
29195, 4
29196, 2
29197, 1
29198, 5
29199, 4
29201, 1
29202, 3
29203, 3
29204, 4
29205, 2
29206, 2
29207, 3
29208, 3
29209, 2
29210, 4
29211, 1
29212, 4
29213, 3
29214, 4
29215, 4
29216, 4
29217, 5
29218, 3
29219, 3
29220, 3
29221, 3
29222, 4
29223, 5
29224, 5
29225, 1
29226, 5
29227, 2
29228, 3
29229, 7
29230, 5
29231, 4
29232, 8
29233, 2
29234, 6
29235, 5
29236, 4
29237, 5
29238, 6
29239, 2
29240, 4
29241, 2
29242, 5
29243, 1
29244, 6
29245, 2
29246, 4
29247, 2
29248, 5
29249, 3
29250, 3
29251, 1
29252, 1
29253, 3
29254, 2
29255, 1
29256, 2
29257, 1
29258, 1
29260, 3
29261, 1
29262, 2
29263, 2
29264, 2
29265, 3
29266, 6
29267, 2
29268, 3
29269, 2
29270, 1
29271, 1
29272, 2
29273, 3
29274, 1
29275, 1
29276, 3
29277, 2
29278, 3
29279, 4
29280, 5
29281, 1
29282, 1
29283, 3
29284, 4
29285, 3
29287, 3
29288, 3
29289, 3
29290, 5
29292, 2
29293, 3
29294, 3
29295, 2
29296, 4
29297, 3
29298, 4
29299, 1
29300, 6
29301, 4
29302, 3
29303, 3
29304, 4
29305, 4
29306, 1
29307, 5
29308, 4
29309, 5
29310, 3
29311, 4
29312, 2
29313, 6
29314, 5
29315, 3
29316, 6
29317, 5
29318, 7
29319, 4
29320, 5
29321, 3
29322, 3
29323, 6
29324, 4
29325, 4
29326, 2
29327, 4
29328, 4
29329, 1
29330, 7
29331, 3
29332, 1
29333, 6
29334, 2
29335, 4
29336, 1
29337, 3
29338, 1
29339, 2
29340, 3
29342, 2
29343, 1
29345, 2
29346, 1
29347, 3
29349, 5
29350, 1
29351, 5
29352, 3
29353, 3
29354, 1
29355, 2
29357, 2
29358, 4
29359, 1
29360, 2
29361, 4
29363, 2
29364, 5
29365, 3
29366, 3
29367, 2
29368, 3
29369, 3
29370, 4
29373, 3
29374, 4
29375, 3
29376, 4
29377, 1
29378, 3
29379, 3
29380, 2
29381, 3
29382, 2
29383, 5
29384, 3
29385, 4
29386, 3
29387, 5
29388, 2
29389, 5
29390, 3
29391, 3
29392, 5
29393, 2
29394, 5
29395, 4
29396, 2
29397, 3
29398, 5
29399, 5
29400, 4
29401, 3
29402, 9
29403, 5
29404, 3
29405, 8
29406, 3
29407, 3
29408, 7
29409, 4
29410, 2
29411, 4
29412, 2
29413, 3
29414, 4
29415, 5
29416, 3
29417, 3
29418, 3
29419, 4
29420, 3
29421, 3
29422, 1
29423, 3
29424, 1
29425, 2
29426, 2
29427, 1
29428, 1
29429, 1
29431, 2
29432, 3
29433, 1
29434, 3
29435, 2
29436, 3
29437, 6
29438, 2
29439, 1
29440, 3
29442, 1
29443, 3
29444, 3
29445, 2
29446, 1
29447, 2
29448, 3
29449, 4
29450, 2
29451, 5
29453, 3
29454, 3
29455, 4
29456, 2
29458, 2
29459, 5
29460, 1
29461, 6
29462, 1
29463, 2
29464, 2
29465, 4
29466, 1
29467, 4
29468, 4
29469, 3
29470, 1
29471, 7
29472, 1
29473, 7
29474, 1
29475, 4
29476, 4
29477, 2
29478, 4
29479, 4
29480, 6
29481, 3
29482, 2
29483, 5
29484, 4
29485, 6
29486, 3
29487, 7
29488, 5
29489, 4
29490, 5
29491, 4
29492, 5
29493, 3
29494, 6
29495, 5
29496, 2
29497, 2
29498, 7
29499, 1
29500, 1
29501, 5
29502, 5
29503, 2
29504, 4
29505, 3
29506, 3
29507, 2
29508, 2
29509, 2
29510, 3
29511, 2
29512, 1
29513, 1
29514, 1
29516, 2
29517, 3
29519, 2
29520, 2
29521, 3
29522, 5
29523, 4
29524, 2
29525, 1
29526, 2
29527, 1
29528, 1
29529, 3
29530, 3
29531, 3
29532, 1
29533, 1
29534, 4
29535, 4
29536, 5
29538, 2
29539, 3
29540, 4
29541, 2
29542, 1
29544, 4
29545, 3
29546, 5
29547, 2
29548, 2
29549, 3
29550, 3
29551, 2
29552, 2
29553, 4
29554, 4
29555, 2
29556, 3
29557, 5
29558, 3
29559, 6
29560, 2
29561, 4
29562, 2
29563, 4
29564, 2
29565, 5
29566, 5
29567, 3
29568, 3
29569, 4
29570, 5
29571, 2
29572, 7
29573, 6
29574, 4
29575, 6
29576, 7
29577, 2
29578, 4
29579, 7
29580, 3
29581, 3
29582, 4
29583, 4
29584, 2
29585, 3
29586, 4
29587, 3
29588, 4
29589, 3
29590, 4
29591, 5
29592, 1
29593, 1
29594, 3
29595, 2
29596, 2
29597, 1
29598, 2
29600, 1
29601, 1
29602, 3
29603, 1
29604, 1
29605, 2
29606, 3
29607, 3
29608, 6
29609, 3
29611, 1
29612, 2
29613, 2
29614, 2
29615, 4
29616, 1
29617, 2
29618, 2
29619, 2
29620, 5
29621, 2
29622, 4
29624, 3
29625, 3
29626, 6
29629, 2
29630, 4
29631, 5
29632, 3
29633, 1
29634, 2
29635, 2
29636, 3
29637, 2
29638, 4
29639, 2
29640, 5
29641, 3
29642, 4
29643, 2
29644, 5
29645, 6
29646, 3
29647, 1
29648, 3
29649, 5
29650, 6
29651, 3
29652, 3
29654, 7
29655, 4
29656, 3
29657, 6
29658, 5
29659, 5
29660, 6
29661, 4
29662, 4
29663, 6
29664, 5
29665, 5
29666, 3
29667, 5
29669, 5
29670, 3
29671, 2
29672, 6
29673, 3
29674, 2
29675, 4
29676, 3
29677, 5
29678, 1
29679, 1
29680, 3
29681, 1
29682, 3
29683, 1
29684, 1
29686, 1
29687, 2
29688, 2
29689, 2
29690, 1
29691, 4
29692, 1
29693, 4
29694, 5
29695, 2
29696, 1
29697, 2
29698, 2
29699, 1
29700, 2
29701, 3
29702, 1
29703, 4
29705, 4
29706, 3
29707, 3
29708, 3
29709, 2
29710, 3
29711, 5
29712, 2
29714, 1
29715, 2
29716, 4
29717, 5
29718, 1
29719, 2
29720, 4
29721, 3
29722, 2
29723, 3
29724, 2
29725, 3
29726, 4
29727, 5
29728, 2
29729, 4
29730, 5
29731, 3
29732, 4
29733, 2
29734, 4
29735, 3
29736, 8
29737, 3
29739, 4
29740, 5
29741, 4
29742, 4
29743, 4
29744, 9
29745, 5
29746, 4
29747, 6
29748, 3
29749, 4
29750, 8
29751, 1
29752, 4
29753, 2
29754, 3
29755, 5
29756, 2
29757, 5
29758, 4
29759, 2
29760, 2
29761, 6
29762, 4
29763, 1
29764, 1
29765, 3
29766, 2
29767, 2
29768, 2
29770, 1
29771, 1
29772, 1
29773, 2
29774, 2
29775, 2
29776, 2
29777, 2
29778, 3
29779, 7
29780, 2
29781, 1
29782, 2
29784, 3
29785, 1
29786, 4
29787, 1
29788, 2
29789, 2
29790, 1
29791, 6
29792, 2
29793, 4
29794, 1
29795, 3
29796, 3
29797, 4
29798, 1
29800, 3
29801, 4
29802, 5
29804, 3
29805, 1
29806, 4
29807, 3
29808, 3
29809, 2
29810, 4
29811, 4
29812, 3
29813, 4
29814, 3
29815, 3
29816, 5
29817, 2
29818, 3
29819, 4
29820, 3
29821, 7
29822, 3
29823, 3
29824, 2
29825, 5
29826, 5
29827, 3
29828, 3
29829, 9
29830, 4
29831, 6
29832, 6
29833, 2
29834, 4
29835, 6
29836, 5
29837, 4
29838, 3
29839, 2
29840, 6
29841, 1
29842, 4
29843, 4
29844, 4
29845, 1
29846, 6
29847, 1
29848, 4
29849, 2
29850, 2
29851, 1
29852, 3
29853, 1
29854, 2
29856, 1
29857, 1
29858, 2
29859, 3
29861, 3
29862, 2
29863, 3
29864, 6
29865, 3
29866, 1
29867, 1
29868, 2
29869, 1
29870, 2
29871, 3
29872, 2
29873, 1
29874, 4
29875, 1
29876, 3
29877, 4
29878, 4
29879, 1
29880, 2
29881, 3
29882, 5
29883, 2
29886, 4
29887, 4
29888, 2
29889, 4
29890, 1
29891, 4
29892, 4
29893, 1
29894, 3
29895, 2
29896, 4
29897, 5
29898, 2
29899, 4
29900, 4
29901, 4
29902, 5
29903, 2
29904, 3
29905, 3
29906, 3
29907, 7
29908, 4
29910, 4
29911, 5
29912, 4
29913, 4
29914, 7
29915, 4
29916, 7
29917, 4
29918, 6
29919, 3
29920, 2
29921, 8
29922, 5
29923, 3
29924, 2
29925, 5
29926, 2
29927, 2
29928, 5
29929, 3
29930, 3
29931, 5
29932, 3
29933, 3
29934, 2
29935, 1
29936, 2
29937, 3
29938, 2
29939, 2
29941, 1
29942, 1
29944, 2
29945, 3
29946, 2
29947, 2
29948, 2
29949, 4
29950, 5
29951, 2
29952, 1
29953, 3
29955, 3
29957, 3
29958, 3
29959, 2
29960, 2
29961, 3
29962, 3
29963, 5
29964, 2
29965, 1
29966, 2
29967, 2
29968, 6
29969, 1
29971, 4
29972, 3
29973, 5
29974, 1
29975, 1
29976, 4
29977, 3
29978, 3
29979, 3
29980, 2
29981, 2
29982, 4
29983, 1
29984, 7
29985, 3
29986, 6
29987, 3
29988, 2
29989, 3
29990, 5
29991, 1
29992, 9
29993, 2
29994, 2
29995, 1
29996, 5
29997, 7
29998, 2
29999, 5
30000, 6
30001, 4
30002, 7
30003, 5
30004, 3
30005, 5
30006, 4
30007, 6
30008, 4
30009, 2
30010, 2
30011, 6
30012, 2
30013, 3
30014, 4
30015, 3
30016, 4
30017, 6
30018, 1
30019, 3
30020, 2
30021, 2
30022, 2
30023, 3
30024, 1
30025, 1
30026, 1
30027, 1
30029, 1
30030, 4
30031, 1
30032, 2
30033, 3
30034, 2
30035, 5
30036, 3
30037, 2
30038, 2
30039, 1
30040, 2
30041, 1
30042, 4
30043, 1
30044, 1
30045, 3
30046, 1
30047, 1
30048, 6
30049, 3
30050, 2
30051, 2
30052, 2
30053, 5
30054, 2
30055, 1
30057, 5
30058, 3
30059, 4
30060, 2
30061, 2
30062, 2
30063, 5
30064, 1
30065, 4
30066, 2
30067, 4
30068, 3
30069, 4
30070, 2
30071, 6
30072, 2
30073, 6
30074, 1
30075, 4
30076, 3
30077, 4
30078, 6
30079, 4
30081, 5
30082, 2
30083, 6
30084, 3
30085, 8
30086, 2
30087, 7
30088, 4
30089, 7
30090, 3
30091, 3
30092, 8
30093, 3
30094, 4
30095, 2
30096, 4
30097, 4
30099, 4
30100, 5
30101, 3
30102, 3
30103, 4
30104, 4
30106, 2
30107, 2
30109, 2
30110, 2
30112, 1
30115, 3
30117, 1
30118, 3
30119, 2
30120, 2
30121, 3
30122, 1
30123, 1
30126, 1
30128, 1
30133, 1
30134, 1
30136, 1
30137, 1
