0, 1
6, 1
12, 1
13, 1
14, 2
17, 1
18, 2
22, 1
24, 1
27, 1
28, 3
29, 3
30, 1
31, 1
32, 1
34, 4
35, 5
36, 1
37, 1
39, 1
40, 2
41, 1
42, 2
43, 2
44, 1
45, 2
46, 2
47, 5
48, 1
49, 2
50, 4
51, 3
52, 2
53, 3
54, 2
55, 3
56, 2
57, 2
58, 5
59, 4
60, 3
61, 1
62, 5
63, 4
64, 1
65, 1
66, 8
67, 6
68, 1
69, 4
70, 2
71, 3
72, 5
73, 2
74, 4
75, 4
76, 9
77, 1
78, 3
79, 3
80, 7
81, 6
82, 1
83, 4
84, 3
85, 3
86, 3
87, 3
88, 6
89, 2
90, 3
91, 5
92, 3
93, 4
94, 2
95, 2
96, 1
97, 1
98, 1
99, 5
100, 3
101, 3
102, 3
103, 3
104, 7
105, 1
106, 1
107, 2
108, 1
109, 1
110, 4
112, 2
113, 6
114, 6
115, 2
116, 3
117, 5
118, 4
119, 1
120, 2
121, 3
122, 3
123, 2
124, 1
125, 2
126, 1
127, 2
129, 4
130, 1
131, 4
132, 3
133, 5
135, 5
136, 3
137, 2
138, 3
139, 1
140, 2
141, 5
142, 2
143, 3
144, 3
145, 6
146, 3
147, 1
148, 3
149, 4
150, 3
151, 2
152, 6
153, 2
154, 2
155, 4
156, 2
157, 5
158, 5
159, 5
160, 7
161, 4
162, 3
163, 1
164, 3
165, 2
166, 7
167, 5
168, 1
169, 6
170, 5
171, 1
172, 3
173, 3
174, 4
175, 4
176, 2
177, 7
178, 3
179, 2
180, 1
181, 1
182, 2
183, 1
184, 3
185, 4
186, 3
187, 3
188, 5
189, 3
190, 5
191, 1
193, 2
194, 1
195, 3
196, 2
197, 2
198, 2
199, 7
200, 5
201, 2
202, 5
203, 3
204, 2
206, 4
207, 2
208, 2
209, 2
210, 3
212, 2
213, 1
214, 1
215, 3
216, 4
217, 2
218, 4
219, 3
220, 2
221, 4
222, 4
224, 4
225, 2
226, 3
227, 2
228, 4
229, 2
230, 5
231, 4
232, 2
233, 1
234, 6
235, 2
236, 2
237, 5
238, 3
239, 4
240, 2
241, 3
242, 3
243, 7
244, 3
245, 5
246, 6
247, 4
248, 3
249, 1
250, 2
251, 4
252, 8
253, 2
254, 4
255, 6
256, 3
257, 1
258, 4
259, 3
260, 4
261, 3
262, 3
263, 6
264, 3
265, 1
266, 3
267, 1
268, 1
269, 2
270, 3
271, 2
272, 5
273, 5
274, 2
275, 5
276, 2
277, 1
278, 2
279, 1
280, 1
281, 4
282, 1
283, 3
284, 3
285, 5
286, 4
287, 4
288, 4
289, 4
290, 1
291, 1
292, 4
293, 2
294, 1
295, 2
296, 2
297, 1
298, 1
299, 1
300, 4
301, 2
302, 2
303, 4
304, 3
305, 3
306, 3
307, 3
308, 3
309, 3
310, 2
311, 2
312, 4
313, 2
314, 4
315, 2
316, 6
317, 3
319, 4
320, 4
321, 3
322, 2
323, 4
324, 4
325, 3
326, 3
327, 4
328, 5
329, 5
330, 3
331, 3
332, 8
333, 4
335, 2
336, 2
337, 8
338, 5
339, 1
340, 6
341, 5
342, 1
343, 2
344, 3
345, 5
346, 5
348, 8
349, 2
350, 2
351, 2
352, 1
353, 3
354, 1
355, 2
356, 5
357, 3
358, 5
359, 1
360, 5
361, 4
362, 1
364, 3
366, 3
367, 1
368, 3
369, 2
370, 7
371, 5
372, 2
373, 5
374, 4
375, 1
376, 2
377, 3
378, 2
379, 2
380, 2
382, 3
383, 1
384, 1
385, 3
386, 1
387, 3
388, 3
389, 4
390, 3
391, 4
392, 2
393, 4
394, 1
395, 3
396, 1
397, 5
398, 1
399, 3
400, 4
401, 3
402, 5
403, 2
404, 3
405, 5
407, 3
408, 4
409, 6
410, 2
411, 1
412, 5
413, 6
414, 3
415, 5
416, 2
417, 6
418, 6
419, 2
420, 2
421, 2
422, 5
423, 7
424, 1
425, 6
426, 4
427, 3
429, 5
430, 3
431, 3
432, 4
433, 6
434, 3
435, 2
436, 3
437, 1
438, 2
439, 1
440, 1
441, 5
442, 3
443, 4
444, 4
445, 2
446, 7
448, 1
449, 2
450, 1
451, 1
452, 3
453, 2
454, 2
455, 6
456, 4
457, 3
458, 5
459, 3
460, 4
461, 1
462, 2
463, 2
464, 3
465, 2
466, 2
467, 1
468, 1
469, 2
471, 4
472, 1
473, 3
474, 3
475, 6
477, 4
478, 5
479, 1
480, 4
482, 4
483, 3
485, 5
486, 4
487, 5
488, 3
490, 5
491, 3
492, 2
493, 2
494, 5
495, 5
496, 1
497, 3
498, 4
499, 5
500, 5
501, 4
502, 6
503, 2
504, 6
505, 2
506, 2
507, 3
508, 8
509, 3
510, 2
511, 6
512, 4
513, 2
515, 5
516, 4
517, 5
518, 2
519, 5
520, 3
521, 4
523, 3
524, 1
525, 1
526, 1
527, 6
528, 1
529, 6
530, 2
531, 2
532, 7
534, 2
535, 2
537, 3
538, 2
539, 3
540, 6
541, 2
542, 4
543, 1
544, 7
545, 4
546, 1
547, 2
548, 3
549, 3
550, 1
551, 2
552, 1
553, 2
554, 1
555, 1
556, 2
557, 3
558, 3
559, 2
560, 4
561, 3
562, 3
563, 5
564, 2
565, 1
566, 2
567, 2
568, 4
569, 2
570, 5
571, 2
572, 5
573, 3
574, 2
575, 2
576, 4
577, 2
578, 4
579, 2
580, 7
581, 1
582, 3
583, 3
584, 4
585, 8
586, 2
587, 4
588, 5
589, 5
590, 3
591, 1
592, 3
593, 3
594, 9
595, 1
596, 2
597, 7
598, 3
599, 3
600, 3
601, 5
602, 1
603, 4
604, 5
605, 4
606, 3
607, 2
609, 3
610, 1
611, 2
612, 3
613, 4
614, 4
615, 4
616, 2
617, 7
619, 1
620, 1
621, 2
622, 1
623, 2
624, 3
625, 2
626, 6
627, 4
628, 3
629, 6
630, 2
631, 4
632, 1
633, 2
634, 3
635, 2
636, 1
637, 2
638, 2
639, 1
640, 2
642, 4
643, 2
644, 3
645, 2
646, 6
648, 5
649, 4
650, 1
651, 3
652, 1
653, 3
654, 4
655, 2
656, 4
657, 4
658, 5
659, 2
661, 4
662, 4
663, 2
664, 3
665, 4
666, 5
667, 2
668, 3
669, 4
670, 8
671, 2
672, 5
673, 4
674, 3
675, 6
676, 1
677, 2
678, 3
679, 6
680, 5
681, 3
682, 4
683, 4
684, 1
685, 4
686, 5
687, 2
688, 5
689, 3
690, 4
691, 4
692, 2
693, 2
694, 2
696, 1
697, 3
698, 4
699, 4
700, 3
701, 4
702, 6
703, 2
704, 1
705, 2
706, 1
707, 1
709, 4
710, 3
711, 5
712, 2
713, 6
714, 1
715, 7
716, 2
717, 3
718, 1
719, 3
720, 3
722, 3
724, 3
725, 1
726, 1
727, 3
728, 3
729, 1
730, 3
731, 4
732, 3
733, 5
734, 1
735, 3
736, 1
737, 4
738, 1
739, 5
740, 1
741, 3
742, 4
743, 6
744, 4
746, 2
747, 6
748, 1
749, 2
750, 6
751, 3
752, 3
753, 3
754, 2
755, 8
756, 3
757, 3
758, 5
759, 5
760, 7
762, 1
763, 3
764, 8
765, 3
766, 2
767, 5
768, 6
769, 2
770, 1
771, 4
772, 4
773, 3
774, 3
775, 5
776, 4
777, 3
778, 2
779, 2
780, 1
781, 1
782, 2
783, 3
784, 6
785, 3
786, 3
787, 2
788, 6
789, 1
790, 1
791, 2
792, 1
793, 1
794, 3
795, 1
796, 4
797, 3
798, 8
799, 1
800, 7
801, 1
802, 4
803, 1
804, 2
805, 3
806, 2
807, 1
808, 4
809, 1
810, 1
811, 1
813, 4
814, 2
815, 2
816, 5
817, 4
818, 2
819, 4
820, 2
821, 2
822, 3
823, 1
824, 4
825, 3
826, 3
827, 3
828, 3
829, 6
830, 2
832, 6
833, 2
834, 2
835, 2
836, 7
837, 2
838, 3
839, 3
840, 3
841, 7
842, 4
843, 5
844, 4
845, 4
846, 5
847, 2
848, 1
849, 4
850, 6
851, 4
852, 4
853, 4
854, 4
855, 1
856, 3
857, 5
858, 1
859, 6
860, 4
861, 4
862, 2
863, 4
865, 3
866, 1
868, 4
869, 4
870, 3
871, 5
872, 2
873, 5
874, 3
876, 2
877, 2
878, 1
879, 2
880, 3
881, 2
882, 2
883, 6
884, 4
885, 3
886, 6
887, 4
889, 2
890, 3
891, 3
893, 3
894, 1
895, 2
896, 1
897, 1
898, 4
899, 1
900, 2
901, 2
902, 5
903, 3
904, 4
905, 3
906, 3
907, 2
908, 2
909, 3
910, 3
911, 1
912, 4
913, 3
914, 6
915, 2
916, 2
917, 4
918, 3
919, 2
920, 2
921, 6
922, 4
923, 2
924, 2
925, 4
926, 5
927, 4
928, 5
929, 5
930, 3
931, 6
932, 2
933, 2
934, 1
935, 7
936, 5
937, 3
938, 5
939, 6
940, 1
941, 2
942, 3
943, 4
944, 4
945, 2
946, 6
947, 5
948, 1
949, 2
950, 1
951, 2
952, 1
953, 1
954, 7
955, 2
956, 4
957, 3
958, 1
959, 8
961, 1
962, 3
964, 2
965, 2
966, 2
967, 4
968, 5
969, 5
970, 1
971, 6
972, 2
973, 4
974, 2
975, 1
976, 3
977, 2
978, 2
979, 3
981, 2
982, 1
984, 3
985, 2
986, 4
987, 5
988, 3
989, 3
990, 2
991, 5
993, 4
994, 1
995, 4
996, 2
997, 2
998, 5
999, 3
1000, 3
1001, 3
1002, 3
1003, 3
1004, 3
1005, 3
1006, 4
1007, 3
1008, 3
1009, 3
1010, 3
1011, 6
1012, 3
1013, 5
1014, 5
1015, 3
1016, 7
1017, 3
1018, 1
1019, 2
1020, 2
1021, 10
1022, 2
1023, 4
1024, 5
1025, 3
1026, 2
1027, 1
1028, 7
1029, 2
1030, 4
1031, 2
1032, 6
1033, 3
1034, 3
1035, 1
1036, 2
1037, 1
1039, 4
1040, 5
1041, 3
1042, 5
1043, 1
1044, 3
1045, 5
1047, 3
1048, 1
1049, 1
1050, 2
1051, 2
1052, 3
1053, 3
1054, 6
1055, 4
1056, 4
1057, 4
1058, 4
1060, 2
1061, 2
1062, 4
1063, 1
1064, 2
1065, 1
1066, 2
1067, 1
1068, 1
1069, 2
1070, 3
1071, 3
1072, 3
1073, 5
1074, 1
1075, 3
1076, 5
1077, 2
1079, 4
1080, 2
1081, 4
1082, 2
1083, 4
1084, 2
1085, 8
1086, 1
1087, 1
1088, 3
1089, 5
1090, 2
1091, 2
1092, 4
1093, 4
1094, 4
1095, 1
1096, 3
1097, 7
1098, 4
1099, 4
1100, 5
1101, 4
1102, 6
1103, 2
1104, 1
1105, 2
1106, 7
1107, 5
1108, 1
1109, 6
1110, 6
1111, 1
1112, 1
1113, 5
1114, 4
1115, 3
1116, 2
1117, 6
1118, 5
1119, 1
1120, 2
1121, 1
1122, 3
1124, 2
1125, 3
1126, 4
1127, 4
1128, 4
1129, 3
1130, 6
1132, 1
1133, 3
1135, 1
1136, 3
1137, 3
1138, 2
1139, 6
1140, 4
1141, 2
1142, 6
1143, 3
1144, 3
1146, 3
1147, 3
1148, 2
1149, 2
1150, 1
1151, 3
1152, 1
1153, 1
1154, 1
1155, 2
1156, 3
1157, 2
1158, 5
1159, 3
1160, 2
1161, 5
1162, 4
1163, 1
1164, 3
1165, 1
1166, 3
1167, 3
1168, 2
1169, 5
1170, 5
1171, 4
1172, 1
1173, 1
1174, 6
1175, 2
1176, 2
1177, 3
1178, 3
1179, 5
1180, 2
1181, 3
1182, 4
1183, 7
1184, 4
1185, 1
1186, 7
1187, 4
1188, 4
1189, 3
1190, 1
1191, 4
1192, 8
1193, 2
1194, 4
1195, 4
1196, 4
1197, 2
1198, 3
1199, 2
1200, 5
1201, 2
1202, 4
1203, 6
1204, 3
1205, 3
1206, 1
1207, 1
1208, 2
1209, 2
1210, 1
1211, 4
1212, 5
1213, 4
1214, 2
1215, 6
1216, 2
1218, 2
1219, 2
1221, 3
1222, 2
1223, 4
1224, 4
1225, 4
1226, 4
1227, 2
1228, 6
1229, 3
1230, 2
1231, 2
1232, 2
1233, 2
1234, 2
1235, 2
1236, 2
1237, 1
1238, 1
1239, 1
1240, 3
1241, 3
1242, 1
1243, 4
1244, 4
1245, 2
1246, 4
1247, 3
1248, 3
1249, 2
1250, 2
1251, 3
1252, 4
1253, 2
1254, 3
1255, 2
1256, 6
1257, 3
1258, 1
1259, 4
1260, 3
1261, 3
1262, 2
1263, 6
1264, 2
1265, 3
1266, 5
1267, 1
1268, 8
1269, 2
1270, 3
1271, 6
1272, 3
1273, 7
1274, 2
1276, 3
1277, 6
1278, 7
1279, 1
1280, 5
1281, 6
1282, 1
1283, 1
1284, 5
1285, 4
1286, 3
1287, 3
1288, 6
1289, 2
1290, 3
1291, 2
1292, 2
1293, 1
1294, 1
1295, 2
1296, 4
1297, 4
1298, 6
1299, 2
1300, 3
1301, 5
1303, 2
1304, 1
1305, 1
1306, 2
1307, 3
1308, 3
1309, 2
1310, 6
1311, 4
1312, 4
1313, 4
1314, 3
1315, 2
1316, 1
1317, 2
1318, 5
1320, 2
1321, 1
1322, 3
1323, 1
1324, 1
1325, 1
1326, 3
1327, 2
1328, 4
1329, 4
1330, 3
1331, 3
1332, 1
1333, 5
1334, 1
1335, 4
1336, 1
1337, 3
1338, 3
1339, 1
1340, 6
1341, 1
1342, 8
1343, 1
1344, 3
1345, 3
1346, 3
1347, 2
1348, 4
1349, 5
1350, 2
1351, 3
1352, 2
1353, 6
1354, 6
1355, 3
1356, 3
1357, 4
1358, 6
1359, 4
1360, 1
1361, 2
1362, 6
1363, 4
1364, 4
1365, 3
1366, 7
1367, 2
1368, 3
1369, 2
1370, 5
1371, 1
1372, 5
1373, 4
1374, 4
1375, 3
1376, 3
1377, 1
1378, 2
1380, 3
1381, 4
1382, 2
1383, 4
1384, 3
1385, 3
1386, 5
1387, 3
1388, 1
1389, 2
1390, 1
1391, 1
1392, 2
1393, 3
1394, 3
1395, 4
1396, 4
1397, 4
1398, 2
1399, 6
1400, 4
1402, 2
1403, 3
1404, 3
1406, 3
1407, 2
1408, 1
1409, 1
1410, 1
1411, 4
1412, 3
1413, 1
1414, 3
1415, 5
1416, 1
1417, 4
1418, 6
1420, 2
1421, 2
1422, 2
1423, 4
1424, 1
1425, 6
1426, 2
1427, 6
1428, 3
1430, 3
1431, 4
1432, 2
1433, 2
1434, 6
1435, 3
1436, 4
1438, 6
1439, 7
1440, 2
1441, 4
1442, 5
1443, 4
1444, 6
1445, 1
1446, 2
1447, 2
1448, 7
1449, 5
1450, 1
1451, 6
1452, 4
1453, 2
1454, 3
1455, 4
1456, 4
1457, 2
1458, 3
1459, 6
1460, 5
1461, 1
1462, 2
1463, 1
1464, 3
1466, 2
1467, 4
1468, 5
1469, 3
1470, 3
1471, 2
1472, 6
1473, 1
1474, 2
1475, 2
1477, 2
1478, 3
1479, 2
1480, 3
1481, 4
1482, 6
1483, 3
1484, 6
1485, 2
1486, 2
1487, 2
1488, 3
1489, 3
1491, 2
1492, 2
1493, 2
1495, 2
1496, 1
1497, 3
1498, 3
1499, 2
1500, 5
1501, 3
1502, 3
1503, 3
1504, 4
1505, 1
1506, 3
1507, 1
1508, 3
1509, 3
1510, 2
1511, 5
1512, 5
1513, 3
1514, 2
1516, 5
1517, 4
1518, 3
1519, 3
1520, 3
1521, 5
1522, 3
1523, 2
1524, 3
1525, 7
1526, 3
1527, 5
1528, 4
1529, 6
1530, 3
1531, 1
1532, 3
1533, 2
1534, 9
1535, 2
1536, 4
1537, 4
1538, 4
1539, 1
1540, 3
1541, 6
1542, 2
1543, 4
1544, 3
1545, 6
1546, 1
1547, 4
1548, 1
1549, 2
1550, 1
1551, 1
1552, 5
1553, 2
1554, 5
1555, 3
1556, 2
1557, 6
1558, 2
1560, 4
1562, 1
1563, 2
1564, 3
1565, 2
1566, 5
1567, 4
1568, 4
1569, 4
1570, 4
1571, 2
1572, 3
1573, 1
1574, 4
1575, 2
1577, 3
1578, 2
1579, 1
1580, 1
1581, 1
1582, 3
1583, 2
1584, 4
1585, 3
1586, 5
1587, 1
1588, 4
1589, 4
1590, 1
1591, 2
1592, 2
1593, 3
1594, 4
1595, 2
1596, 3
1597, 3
1598, 6
1599, 2
1600, 1
1601, 4
1602, 4
1603, 3
1604, 1
1605, 7
1606, 2
1607, 2
1608, 3
1609, 5
1610, 6
1611, 3
1612, 3
1613, 6
1614, 5
1615, 5
1617, 3
1618, 1
1619, 8
1620, 4
1621, 4
1622, 3
1623, 5
1624, 1
1625, 2
1626, 5
1627, 4
1628, 5
1630, 6
1631, 4
1632, 4
1634, 2
1635, 1
1636, 1
1637, 2
1638, 5
1639, 4
1640, 1
1641, 5
1642, 5
1643, 4
1645, 1
1646, 3
1648, 1
1649, 4
1650, 2
1651, 3
1652, 5
1653, 5
1654, 1
1655, 8
1656, 2
1657, 2
1658, 2
1659, 2
1660, 3
1661, 1
1662, 2
1663, 1
1664, 3
1666, 2
1667, 1
1668, 3
1669, 4
1670, 2
1671, 5
1672, 2
1673, 3
1674, 2
1675, 5
1676, 1
1677, 3
1678, 2
1679, 4
1680, 2
1681, 2
1682, 4
1683, 2
1684, 6
1685, 2
1686, 2
1687, 5
1688, 2
1689, 2
1690, 4
1691, 5
1692, 2
1693, 1
1694, 5
1695, 5
1696, 6
1697, 3
1698, 2
1699, 6
1700, 8
1701, 1
1702, 1
1703, 2
1704, 4
1705, 9
1706, 1
1707, 2
1708, 7
1709, 2
1710, 2
1711, 4
1712, 5
1713, 2
1714, 4
1715, 4
1716, 5
1717, 2
1718, 3
1719, 1
1720, 1
1721, 1
1722, 2
1723, 2
1724, 5
1725, 4
1726, 5
1727, 2
1728, 6
1729, 1
1730, 1
1731, 3
1733, 1
1734, 3
1735, 2
1736, 2
1737, 4
1738, 7
1739, 2
1740, 5
1741, 2
1742, 5
1744, 2
1745, 2
1746, 4
1747, 1
1748, 2
1749, 2
1750, 1
1751, 2
1753, 4
1754, 2
1755, 3
1756, 3
1757, 3
1758, 4
1759, 3
1760, 2
1761, 3
1762, 3
1763, 2
1764, 3
1765, 3
1767, 5
1768, 4
1769, 7
1770, 1
1771, 1
1772, 3
1773, 4
1774, 2
1775, 2
1776, 4
1777, 6
1778, 1
1779, 3
1780, 2
1781, 6
1782, 6
1783, 4
1784, 6
1785, 3
1786, 5
1787, 1
1788, 3
1789, 3
1790, 7
1791, 4
1792, 1
1793, 6
1794, 5
1796, 3
1797, 4
1798, 4
1799, 3
1800, 2
1801, 7
1802, 3
1803, 3
1804, 1
1805, 2
1806, 2
1807, 1
1808, 2
1809, 3
1810, 5
1811, 4
1812, 3
1813, 4
1814, 4
1815, 1
1817, 3
1819, 3
1820, 2
1821, 2
1822, 4
1823, 5
1824, 4
1825, 3
1826, 6
1827, 2
1828, 2
1829, 2
1830, 1
1831, 4
1832, 1
1833, 3
1834, 2
1835, 1
1836, 1
1837, 1
1838, 1
1839, 3
1840, 3
1841, 3
1842, 4
1843, 3
1844, 4
1845, 4
1846, 2
1847, 2
1848, 1
1849, 2
1850, 5
1851, 1
1852, 3
1853, 4
1854, 7
1855, 2
1856, 1
1857, 1
1858, 5
1859, 3
1860, 2
1861, 3
1862, 6
1863, 3
1864, 2
1865, 3
1866, 7
1867, 3
1868, 3
1869, 6
1870, 4
1871, 6
1872, 2
1873, 1
1874, 3
1875, 3
1876, 8
1877, 3
1878, 2
1879, 8
1880, 1
1881, 1
1882, 5
1883, 4
1884, 4
1885, 2
1886, 7
1887, 1
1888, 4
1889, 2
1891, 3
1892, 1
1893, 2
1894, 2
1895, 6
1896, 2
1897, 4
1898, 3
1899, 5
1900, 2
1901, 1
1902, 1
1903, 2
1905, 3
1906, 3
1907, 2
1908, 5
1909, 6
1910, 2
1911, 6
1912, 2
1913, 4
1914, 1
1915, 2
1916, 3
1917, 2
1918, 1
1919, 2
1920, 2
1921, 1
1922, 2
1924, 3
1925, 3
1926, 2
1927, 4
1928, 4
1929, 2
1930, 4
1931, 4
1932, 1
1933, 2
1934, 3
1935, 1
1936, 4
1937, 3
1938, 3
1939, 3
1940, 6
1941, 3
1943, 6
1944, 1
1945, 2
1946, 3
1947, 7
1948, 3
1949, 2
1950, 4
1951, 3
1952, 6
1953, 3
1954, 7
1955, 1
1956, 4
1957, 6
1958, 2
1959, 2
1960, 1
1961, 9
1962, 4
1963, 2
1964, 6
1965, 4
1966, 2
1967, 1
1968, 4
1969, 4
1970, 3
1971, 4
1972, 6
1973, 3
1974, 1
1975, 2
1976, 2
1977, 1
1978, 1
1979, 3
1980, 5
1981, 3
1982, 4
1983, 2
1984, 6
1985, 3
1987, 1
1988, 3
1990, 3
1991, 1
1992, 3
1993, 5
1994, 3
1995, 6
1996, 2
1997, 6
1998, 1
1999, 3
2000, 2
2001, 2
2002, 3
2003, 1
2004, 2
2005, 3
2006, 1
2007, 1
2008, 1
2009, 1
2010, 4
2011, 3
2012, 2
2013, 4
2014, 3
2015, 3
2016, 5
2017, 1
2018, 3
2019, 2
2020, 1
2021, 5
2022, 2
2023, 3
2024, 2
2025, 6
2026, 4
2027, 1
2028, 4
2029, 4
2030, 1
2031, 3
2032, 2
2033, 6
2034, 3
2035, 3
2036, 3
2037, 3
2038, 7
2039, 2
2040, 6
2041, 4
2042, 5
2043, 3
2044, 2
2045, 2
2046, 4
2047, 7
2048, 2
2049, 3
2050, 7
2051, 2
2052, 1
2053, 4
2054, 4
2055, 6
2056, 1
2057, 4
2058, 5
2059, 2
2060, 3
2061, 1
2062, 2
2063, 1
2064, 2
2065, 2
2066, 7
2068, 6
2069, 1
2070, 8
2072, 1
2073, 2
2074, 1
2075, 1
2076, 3
2077, 2
2078, 4
2079, 2
2080, 7
2081, 2
2082, 4
2083, 5
2084, 3
2086, 3
2087, 2
2088, 3
2089, 2
2090, 1
2091, 3
2093, 2
2095, 4
2096, 2
2097, 3
2098, 2
2099, 6
2100, 2
2101, 3
2102, 4
2103, 1
2104, 2
2105, 2
2106, 4
2107, 3
2108, 2
2109, 2
2110, 4
2111, 5
2112, 4
2113, 1
2114, 2
2115, 6
2117, 4
2118, 4
2119, 6
2121, 4
2122, 5
2123, 4
2124, 4
2125, 4
2126, 5
2127, 3
2128, 7
2129, 1
2130, 2
2131, 3
2132, 7
2133, 4
2134, 3
2135, 5
2136, 3
2137, 2
2138, 2
2139, 4
2140, 4
2141, 4
2142, 4
2143, 5
2144, 2
2145, 2
2146, 3
2147, 1
2148, 2
2149, 1
2150, 3
2151, 3
2152, 4
2153, 5
2154, 1
2155, 7
2156, 2
2158, 3
2160, 1
2161, 3
2162, 2
2163, 4
2164, 3
2165, 3
2166, 6
2167, 3
2168, 5
2169, 3
2170, 1
2171, 2
2172, 2
2173, 4
2174, 1
2175, 2
2176, 2
2177, 1
2178, 1
2179, 1
2181, 4
2182, 3
2183, 4
2184, 5
2185, 1
2186, 3
2187, 4
2188, 3
2189, 2
2190, 1
2191, 3
2192, 3
2193, 2
2194, 5
2195, 2
2196, 6
2197, 3
2198, 1
2199, 3
2200, 5
2202, 4
2203, 4
2204, 4
2205, 3
2206, 4
2207, 1
2208, 8
2209, 2
2210, 4
2211, 5
2212, 5
2213, 5
2214, 3
2216, 2
2217, 7
2218, 6
2219, 1
2220, 6
2221, 4
2222, 2
2223, 2
2224, 5
2225, 2
2226, 6
2227, 1
2228, 6
2229, 4
2230, 1
2231, 3
2232, 2
2233, 1
2234, 1
2235, 2
2236, 4
2237, 2
2238, 4
2239, 5
2240, 1
2241, 8
2244, 2
2245, 2
2246, 2
2247, 2
2248, 3
2249, 3
2250, 5
2251, 3
2252, 3
2253, 5
2254, 3
2255, 4
2257, 2
2258, 4
2259, 2
2260, 1
2261, 2
2262, 3
2263, 1
2264, 1
2266, 4
2267, 1
2268, 4
2269, 4
2270, 3
2271, 2
2272, 4
2273, 3
2274, 2
2275, 3
2276, 2
2277, 3
2278, 3
2279, 3
2280, 3
2281, 3
2282, 6
2283, 2
2285, 6
2286, 3
2287, 2
2288, 3
2289, 3
2290, 4
2291, 2
2292, 4
2293, 2
2294, 8
2295, 4
2296, 5
2297, 5
2298, 5
2299, 3
2300, 1
2301, 1
2302, 5
2303, 7
2304, 3
2305, 3
2306, 4
2307, 5
2309, 4
2310, 3
2311, 3
2312, 6
2313, 3
2314, 6
2315, 1
2316, 3
2317, 1
2318, 3
2319, 1
2321, 4
2322, 4
2323, 3
2324, 6
2326, 7
2327, 2
2328, 1
2329, 2
2330, 1
2332, 2
2333, 2
2334, 4
2335, 2
2336, 7
2337, 3
2338, 4
2339, 5
2340, 2
2341, 2
2342, 2
2343, 1
2344, 4
2345, 1
2346, 2
2347, 3
2348, 1
2349, 1
2350, 1
2351, 3
2352, 1
2353, 4
2354, 2
2355, 6
2356, 1
2357, 2
2358, 6
2359, 2
2360, 1
2361, 3
2362, 2
2363, 3
2364, 4
2365, 2
2366, 3
2367, 6
2368, 2
2369, 2
2370, 4
2371, 3
2372, 2
2373, 2
2374, 6
2375, 4
2376, 1
2377, 2
2378, 5
2379, 5
2380, 5
2381, 3
2382, 4
2383, 5
2384, 7
2385, 1
2386, 2
2387, 2
2388, 7
2389, 6
2391, 5
2392, 5
2393, 2
2394, 3
2395, 3
2396, 5
2397, 3
2398, 2
2399, 4
2400, 5
2401, 3
2402, 2
2403, 2
2404, 1
2405, 1
2406, 2
2407, 5
2408, 4
2409, 4
2410, 1
2411, 2
2412, 8
2414, 1
2415, 2
2416, 1
2417, 1
2418, 3
2419, 2
2420, 3
2421, 6
2422, 4
2423, 3
2424, 5
2425, 2
2426, 4
2427, 1
2428, 2
2429, 5
2431, 2
2432, 2
2433, 2
2435, 1
2436, 1
2437, 3
2438, 3
2439, 3
2440, 2
2441, 6
2442, 2
2443, 2
2444, 6
2446, 3
2447, 2
2448, 3
2449, 3
2450, 3
2451, 3
2452, 4
2453, 5
2454, 2
2455, 1
2456, 4
2457, 4
2458, 2
2459, 1
2460, 7
2461, 4
2462, 1
2463, 3
2464, 3
2465, 6
2466, 5
2467, 4
2468, 5
2469, 5
2470, 4
2471, 1
2472, 3
2473, 3
2474, 6
2475, 4
2476, 2
2477, 5
2478, 5
2479, 1
2480, 2
2481, 5
2482, 4
2483, 4
2484, 2
2485, 7
2486, 2
2487, 1
2488, 3
2489, 2
2490, 1
2491, 1
2492, 2
2493, 4
2494, 4
2495, 5
2496, 1
2497, 7
2498, 2
2500, 2
2501, 2
2503, 3
2504, 2
2505, 3
2506, 3
2507, 5
2508, 5
2509, 1
2510, 5
2511, 6
2513, 2
2514, 2
2515, 4
2516, 1
2517, 1
2518, 3
2519, 1
2520, 1
2521, 1
2522, 3
2523, 2
2524, 2
2525, 4
2526, 5
2527, 1
2528, 4
2529, 2
2530, 4
2531, 1
2532, 2
2533, 3
2534, 2
2535, 3
2536, 3
2537, 4
2538, 4
2539, 5
2540, 1
2541, 2
2542, 6
2543, 2
2544, 2
2545, 4
2546, 6
2548, 3
2549, 3
2550, 8
2551, 3
2552, 3
2553, 5
2554, 5
2555, 5
2556, 2
2557, 3
2558, 1
2559, 4
2560, 9
2562, 5
2563, 5
2564, 3
2565, 1
2566, 5
2567, 4
2568, 2
2569, 3
2570, 6
2571, 4
2572, 2
2573, 2
2575, 3
2576, 1
2577, 2
2578, 4
2579, 5
2580, 3
2581, 3
2582, 2
2583, 7
2585, 1
2586, 3
2588, 1
2589, 2
2590, 3
2591, 4
2592, 2
2593, 7
2594, 4
2595, 5
2596, 3
2597, 2
2598, 2
2600, 5
2601, 1
2602, 2
2603, 2
2604, 1
2605, 2
2606, 1
2607, 1
2608, 3
2609, 2
2610, 3
2611, 3
2612, 4
2613, 3
2614, 3
2615, 4
2616, 1
2617, 3
2618, 1
2619, 4
2620, 3
2622, 6
2623, 4
2624, 5
2625, 2
2626, 2
2627, 6
2628, 1
2629, 1
2630, 4
2631, 5
2632, 3
2633, 1
2634, 4
2635, 5
2636, 5
2637, 3
2638, 5
2639, 3
2640, 7
2641, 4
2642, 1
2643, 3
2644, 2
2645, 9
2646, 2
2647, 4
2648, 5
2649, 3
2650, 1
2651, 4
2652, 3
2653, 3
2654, 5
2655, 3
2656, 6
2657, 2
2658, 3
2660, 3
2661, 1
2662, 2
2663, 2
2664, 4
2665, 4
2666, 3
2667, 4
2668, 6
2669, 1
2670, 1
2671, 1
2672, 2
2674, 3
2675, 2
2676, 3
2677, 2
2678, 8
2679, 3
2680, 2
2681, 5
2682, 4
2683, 1
2684, 3
2685, 2
2686, 3
2687, 1
2688, 1
2689, 3
2690, 1
2691, 2
2693, 3
2694, 3
2695, 3
2696, 3
2697, 4
2698, 1
2699, 5
2700, 3
2701, 2
2702, 3
2703, 1
2704, 1
2705, 6
2706, 2
2707, 1
2708, 4
2709, 6
2710, 4
2712, 4
2713, 4
2714, 2
2715, 1
2716, 5
2717, 6
2718, 1
2719, 4
2720, 3
2721, 4
2722, 6
2723, 3
2724, 6
2725, 3
2726, 4
2727, 4
2728, 2
2729, 1
2730, 9
2731, 4
2732, 1
2733, 4
2734, 6
2735, 2
2736, 2
2737, 4
2738, 4
2739, 4
2740, 1
2741, 7
2742, 4
2743, 1
2744, 2
2745, 2
2746, 1
2747, 1
2748, 2
2749, 5
2750, 4
2751, 3
2752, 4
2753, 4
2754, 4
2756, 2
2757, 2
2759, 2
2760, 3
2761, 2
2762, 3
2763, 3
2764, 8
2765, 2
2766, 4
2767, 6
2769, 2
2770, 2
2771, 4
2773, 3
2774, 1
2775, 1
2776, 2
2777, 1
2778, 1
2779, 3
2780, 3
2781, 2
2782, 5
2783, 3
2784, 3
2785, 2
2786, 5
2787, 1
2788, 2
2789, 1
2790, 4
2791, 3
2792, 1
2793, 6
2794, 3
2795, 6
2796, 1
2797, 3
2798, 4
2799, 2
2800, 2
2801, 4
2802, 5
2803, 2
2804, 3
2805, 3
2806, 6
2807, 3
2808, 5
2809, 5
2810, 4
2811, 3
2812, 5
2813, 1
2814, 2
2815, 6
2816, 6
2817, 2
2818, 5
2819, 2
2820, 5
2821, 3
2822, 1
2823, 5
2824, 3
2825, 4
2826, 2
2827, 7
2828, 2
2829, 3
2830, 1
2831, 2
2832, 1
2834, 5
2835, 5
2836, 2
2837, 5
2838, 1
2839, 7
2840, 1
2842, 3
2843, 1
2845, 3
2846, 2
2847, 2
2848, 4
2849, 7
2850, 3
2851, 4
2852, 4
2853, 4
2854, 1
2855, 1
2856, 4
2857, 2
2858, 2
2859, 1
2860, 2
2861, 1
2862, 1
2863, 1
2864, 2
2865, 3
2866, 3
2867, 3
2868, 5
2869, 2
2870, 4
2871, 3
2872, 2
2873, 2
2874, 3
2875, 2
2876, 3
2877, 2
2878, 5
2879, 3
2880, 5
2881, 2
2882, 1
2883, 4
2884, 4
2885, 1
2886, 3
2887, 4
2888, 5
2889, 3
2890, 2
2891, 3
2892, 6
2893, 5
2894, 4
2895, 6
2896, 3
2897, 6
2898, 1
2899, 2
2900, 2
2901, 9
2902, 3
2904, 6
2905, 5
2906, 2
2907, 1
2908, 5
2909, 3
2910, 4
2911, 4
2912, 3
2913, 6
2914, 1
2915, 2
2916, 3
2917, 1
2919, 2
2920, 4
2921, 5
2922, 3
2923, 3
2924, 2
2925, 7
2927, 1
2928, 3
2930, 3
2931, 1
2932, 3
2933, 4
2934, 3
2935, 6
2936, 3
2937, 5
2938, 3
2939, 2
2940, 1
2941, 3
2942, 2
2943, 3
2944, 1
2945, 1
2946, 3
2947, 1
2948, 1
2949, 2
2950, 2
2951, 1
2952, 5
2953, 5
2954, 2
2955, 3
2956, 2
2957, 5
2959, 4
2960, 1
2961, 6
2963, 3
2964, 4
2965, 3
2966, 6
2967, 1
2968, 2
2969, 5
2970, 1
2971, 2
2972, 4
2973, 6
2974, 2
2975, 3
2976, 3
2977, 3
2978, 8
2979, 1
2980, 3
2981, 6
2982, 7
2983, 3
2984, 2
2985, 1
2986, 1
2987, 11
2988, 2
2989, 4
2990, 2
2991, 6
2992, 2
2993, 3
2994, 4
2995, 3
2996, 4
2997, 5
2998, 3
2999, 3
3000, 3
3002, 3
3004, 2
3005, 4
3006, 3
3007, 5
3008, 4
3009, 1
3010, 6
3011, 2
3012, 1
3013, 1
3014, 2
3016, 3
3017, 3
3018, 4
3019, 2
3020, 6
3021, 3
3022, 3
3023, 5
3024, 4
3026, 2
3027, 3
3028, 3
3029, 2
3030, 2
3031, 1
3032, 1
3033, 1
3034, 1
3035, 4
3036, 3
3037, 1
3038, 3
3039, 6
3040, 1
3041, 4
3042, 5
3044, 3
3045, 2
3047, 6
3048, 1
3049, 4
3050, 3
3051, 7
3052, 2
3054, 5
3055, 3
3056, 1
3057, 2
3058, 5
3059, 5
3060, 2
3061, 4
3062, 5
3063, 4
3064, 5
3065, 3
3066, 4
3067, 5
3068, 6
3070, 3
3071, 1
3072, 7
3073, 6
3074, 2
3075, 5
3076, 5
3077, 1
3078, 2
3079, 6
3080, 1
3081, 5
3082, 2
3083, 6
3084, 3
3085, 2
3086, 2
3087, 3
3089, 1
3090, 4
3091, 4
3092, 2
3093, 4
3094, 3
3095, 7
3096, 2
3097, 1
3099, 3
3101, 3
3102, 2
3103, 2
3104, 4
3105, 6
3106, 1
3107, 6
3108, 5
3109, 3
3110, 1
3111, 2
3112, 2
3113, 3
3114, 2
3115, 2
3116, 2
3117, 1
3119, 2
3120, 2
3121, 2
3122, 3
3123, 3
3124, 6
3125, 1
3126, 3
3127, 3
3128, 4
3129, 1
3130, 2
3131, 3
3132, 3
3133, 2
3134, 3
3135, 4
3136, 6
3137, 3
3138, 1
3139, 1
3140, 7
3141, 1
3142, 2
3143, 6
3144, 3
3145, 3
3146, 2
3147, 2
3148, 7
3149, 4
3150, 4
3151, 3
3152, 6
3153, 6
3154, 2
3155, 1
3156, 2
3157, 6
3158, 8
3159, 1
3160, 5
3161, 4
3162, 2
3163, 2
3164, 3
3165, 4
3166, 4
3167, 3
3168, 5
3169, 4
3170, 3
3171, 2
3172, 1
3173, 1
3174, 2
3175, 2
3176, 5
3177, 2
3178, 3
3179, 5
3180, 2
3181, 7
3183, 1
3184, 3
3187, 5
3188, 1
3189, 3
3190, 5
3191, 4
3192, 3
3193, 4
3194, 4
3195, 2
3196, 2
3197, 2
3198, 4
3199, 2
3200, 1
3201, 3
3202, 1
3203, 1
3204, 1
3205, 1
3206, 4
3207, 2
3208, 2
3209, 3
3210, 6
3211, 2
3212, 3
3213, 1
3214, 4
3215, 3
3216, 1
3217, 4
3218, 3
3219, 1
3220, 4
3221, 3
3222, 6
3223, 3
3225, 4
3226, 4
3227, 3
3228, 1
3229, 7
3230, 4
3232, 2
3233, 3
3234, 8
3235, 4
3236, 3
3237, 4
3238, 6
3239, 6
3241, 4
3242, 1
3243, 9
3244, 2
3245, 5
3246, 2
3247, 6
3248, 1
3249, 4
3250, 1
3251, 4
3252, 6
3254, 6
3255, 4
3256, 3
3257, 1
3258, 3
3259, 1
3261, 2
3262, 6
3263, 3
3264, 5
3265, 1
3266, 5
3267, 4
3268, 1
3269, 1
3270, 2
3272, 2
3273, 3
3274, 2
3275, 2
3276, 7
3277, 4
3278, 1
3279, 7
3280, 3
3281, 2
3282, 2
3283, 3
3284, 3
3285, 1
3286, 2
3287, 2
3289, 2
3290, 1
3291, 2
3292, 2
3293, 3
3294, 3
3295, 6
3296, 1
3297, 4
3298, 2
3299, 3
3300, 2
3301, 3
3303, 6
3304, 1
3305, 3
3306, 4
3307, 3
3308, 6
3309, 1
3310, 4
3311, 3
3312, 2
3313, 3
3314, 2
3315, 7
3316, 2
3317, 2
3318, 3
3319, 5
3320, 6
3321, 3
3322, 5
3323, 4
3324, 8
3326, 2
3327, 1
3328, 5
3329, 7
3330, 2
3331, 5
3332, 6
3333, 2
3334, 2
3335, 4
3336, 3
3337, 2
3338, 4
3339, 5
3340, 3
3341, 3
3342, 2
3343, 3
3344, 1
3345, 1
3346, 1
3347, 5
3348, 3
3349, 5
3350, 3
3351, 1
3352, 7
3353, 1
3354, 1
3355, 2
3356, 1
3357, 2
3358, 1
3359, 2
3360, 3
3361, 6
3362, 5
3363, 2
3364, 4
3365, 4
3366, 4
3368, 3
3369, 3
3370, 2
3372, 4
3373, 1
3374, 2
3375, 1
3377, 2
3378, 5
3379, 2
3380, 4
3381, 4
3382, 1
3383, 4
3384, 4
3385, 1
3386, 2
3387, 2
3388, 3
3389, 3
3390, 4
3391, 3
3392, 3
3393, 7
3394, 1
3396, 5
3397, 3
3398, 2
3399, 3
3400, 4
3401, 6
3403, 5
3404, 2
3405, 6
3406, 4
3407, 3
3408, 4
3409, 6
3410, 6
3412, 3
3413, 3
3414, 8
3415, 3
3416, 2
3417, 7
3418, 2
3419, 2
3420, 4
3421, 3
3422, 3
3423, 4
3424, 4
3425, 4
3426, 3
3427, 2
3428, 3
3429, 1
3430, 2
3431, 1
3432, 2
3433, 5
3434, 4
3435, 4
3436, 2
3437, 3
3438, 5
3440, 2
3441, 2
3443, 2
3444, 2
3445, 4
3446, 4
3447, 5
3448, 4
3449, 2
3450, 5
3451, 3
3452, 2
3453, 1
3454, 3
3455, 4
3456, 1
3457, 1
3458, 3
3459, 1
3461, 2
3462, 2
3463, 3
3464, 3
3465, 3
3466, 4
3467, 2
3468, 4
3469, 3
3470, 3
3472, 4
3473, 1
3474, 4
3475, 2
3476, 3
3477, 3
3478, 6
3479, 4
3480, 1
3481, 2
3482, 5
3483, 2
3484, 2
3485, 5
3486, 4
3487, 3
3488, 3
3489, 3
3490, 4
3491, 5
3492, 4
3493, 5
3494, 4
3495, 6
3496, 2
3497, 2
3498, 2
3499, 7
3500, 4
3501, 2
3502, 5
3503, 6
3504, 2
3505, 2
3506, 3
3507, 4
3508, 3
3509, 3
3510, 5
3511, 3
3512, 4
3513, 2
3514, 1
3515, 2
3516, 1
3517, 2
3518, 3
3519, 5
3520, 2
3521, 5
3522, 2
3523, 7
3525, 1
3526, 1
3527, 2
3528, 1
3529, 4
3530, 1
3531, 1
3532, 6
3533, 7
3534, 1
3535, 6
3536, 2
3537, 4
3538, 1
3539, 2
3540, 2
3541, 3
3542, 2
3543, 1
3544, 3
3546, 1
3547, 1
3548, 4
3549, 3
3550, 1
3551, 4
3552, 5
3553, 4
3554, 1
3555, 4
3556, 1
3557, 3
3558, 2
3559, 2
3560, 4
3561, 3
3562, 4
3563, 1
3564, 7
3565, 2
3567, 7
3568, 2
3569, 2
3570, 1
3571, 7
3572, 3
3573, 1
3574, 4
3575, 3
3576, 8
3577, 4
3578, 3
3579, 4
3580, 7
3581, 3
3582, 2
3583, 1
3584, 1
3585, 9
3586, 4
3587, 2
3588, 8
3589, 2
3590, 1
3591, 3
3592, 3
3593, 4
3594, 4
3595, 3
3596, 5
3597, 3
3598, 3
3599, 1
3600, 2
3601, 1
3602, 1
3603, 3
3604, 5
3605, 3
3606, 2
3607, 5
3608, 3
3609, 5
3611, 1
3612, 3
3614, 3
3615, 2
3616, 2
3617, 4
3618, 6
3619, 3
3620, 1
3621, 7
3622, 3
3623, 2
3624, 2
3625, 3
3626, 2
3627, 1
3628, 2
3629, 3
3630, 1
3631, 1
3632, 1
3633, 1
3634, 4
3635, 4
3636, 2
3637, 4
3638, 2
3639, 3
3640, 2
3641, 5
3642, 2
3643, 1
3644, 2
3645, 5
3646, 2
3647, 3
3648, 3
3649, 5
3650, 3
3651, 2
3652, 3
3653, 5
3654, 1
3655, 3
3656, 4
3657, 4
3658, 2
3659, 3
3660, 3
3661, 5
3662, 7
3663, 2
3664, 4
3665, 5
3666, 7
3667, 1
3668, 1
3669, 3
3670, 4
3671, 9
3672, 1
3673, 5
3674, 4
3675, 2
3676, 2
3677, 4
3678, 4
3679, 3
3680, 3
3681, 7
3682, 3
3683, 2
3684, 1
3685, 1
3686, 2
3687, 2
3688, 2
3689, 5
3690, 1
3691, 5
3692, 4
3693, 2
3694, 7
3696, 1
3697, 2
3698, 1
3699, 2
3700, 1
3701, 3
3702, 3
3703, 6
3704, 4
3705, 2
3706, 6
3707, 2
3708, 4
3709, 1
3710, 2
3711, 4
3712, 1
3713, 2
3714, 2
3715, 2
3716, 1
3717, 1
3718, 1
3719, 3
3720, 3
3721, 2
3722, 3
3723, 5
3724, 4
3725, 1
3726, 4
3727, 1
3728, 4
3729, 1
3730, 4
3731, 2
3732, 3
3733, 3
3734, 3
3735, 5
3736, 3
3737, 2
3738, 2
3739, 4
3740, 3
3741, 2
3742, 6
3743, 3
3744, 1
3745, 3
3746, 5
3747, 8
3748, 1
3749, 3
3750, 6
3751, 7
3752, 2
3753, 2
3754, 2
3755, 5
3756, 6
3757, 3
3758, 3
3759, 4
3760, 4
3761, 2
3762, 3
3763, 6
3764, 2
3765, 3
3766, 2
3767, 6
3768, 4
3769, 2
3770, 2
3771, 2
3773, 2
3774, 2
3775, 5
3776, 4
3777, 4
3778, 2
3779, 8
3781, 1
3782, 1
3783, 2
3785, 2
3786, 3
3787, 2
3788, 4
3789, 7
3790, 3
3791, 3
3792, 5
3793, 1
3794, 3
3795, 2
3796, 3
3797, 3
3798, 1
3799, 2
3800, 2
3801, 1
3802, 1
3803, 1
3804, 2
3805, 3
3806, 2
3807, 3
3808, 5
3809, 2
3810, 3
3811, 4
3812, 3
3813, 2
3814, 2
3815, 3
3816, 3
3817, 2
3818, 4
3819, 1
3820, 6
3821, 5
3823, 4
3824, 2
3825, 5
3826, 1
3827, 6
3828, 3
3829, 3
3830, 3
3831, 1
3832, 7
3833, 5
3834, 4
3835, 3
3836, 4
3837, 6
3838, 2
3839, 2
3840, 2
3841, 7
3842, 6
3843, 1
3844, 4
3845, 5
3846, 3
3847, 2
3848, 2
3849, 5
3850, 5
3851, 2
3852, 5
3853, 3
3854, 2
3855, 3
3856, 2
3857, 1
3858, 1
3859, 2
3860, 6
3861, 3
3862, 5
3863, 1
3865, 8
3866, 1
3867, 1
3868, 2
3869, 1
3870, 1
3871, 3
3872, 2
3873, 4
3874, 4
3875, 5
3876, 4
3877, 5
3878, 1
3879, 4
3880, 1
3881, 2
3882, 3
3883, 2
3884, 1
3885, 2
3886, 3
3888, 2
3889, 1
3890, 3
3891, 2
3892, 4
3893, 3
3894, 4
3895, 2
3896, 4
3897, 4
3899, 3
3900, 3
3901, 2
3902, 3
3903, 1
3904, 5
3905, 5
3906, 5
3907, 1
3908, 2
3909, 3
3910, 4
3912, 4
3913, 6
3914, 4
3915, 1
3916, 3
3917, 5
3918, 7
3919, 3
3920, 4
3921, 2
3922, 6
3923, 5
3924, 2
3926, 5
3927, 6
3928, 4
3929, 3
3930, 5
3931, 4
3932, 2
3933, 1
3934, 4
3935, 5
3936, 4
3937, 3
3938, 6
3939, 1
3940, 2
3941, 2
3942, 3
3943, 1
3945, 5
3946, 3
3947, 3
3948, 5
3949, 2
3950, 5
3951, 3
3953, 4
3955, 1
3956, 1
3957, 3
3958, 4
3959, 4
3960, 4
3961, 4
3962, 3
3963, 5
3964, 3
3965, 2
3966, 1
3967, 3
3968, 2
3969, 2
3970, 2
3971, 2
3972, 1
3973, 1
3974, 1
3975, 4
3976, 1
3977, 3
3978, 3
3979, 5
3980, 1
3981, 4
3982, 2
3983, 4
3984, 1
3985, 3
3986, 2
3987, 4
3988, 2
3989, 4
3990, 1
3991, 5
3992, 6
3994, 4
3995, 4
3996, 2
3997, 2
3998, 2
3999, 7
4000, 2
4001, 4
4002, 1
4003, 7
4004, 5
4005, 2
4006, 7
4007, 4
4008, 4
4009, 2
4010, 3
4011, 1
4012, 8
4013, 5
4014, 1
4015, 5
4016, 6
4017, 1
4018, 2
4019, 3
4020, 5
4021, 2
4022, 3
4023, 6
4024, 4
4025, 2
4026, 2
4027, 1
4028, 2
4029, 1
4030, 2
4031, 4
4032, 4
4033, 3
4034, 3
4035, 4
4036, 6
4038, 1
4039, 3
4041, 2
4042, 3
4043, 1
4044, 3
4045, 5
4046, 5
4047, 2
4048, 8
4049, 2
4050, 2
4051, 1
4052, 2
4053, 2
4054, 3
4055, 2
4056, 2
4057, 2
4059, 2
4061, 3
4062, 3
4063, 4
4064, 3
4065, 4
4066, 2
4067, 3
4068, 4
4069, 1
4070, 3
4071, 2
4072, 3
4073, 3
4074, 3
4075, 2
4076, 4
4077, 6
4078, 2
4080, 6
4081, 3
4082, 1
4083, 2
4084, 7
4085, 4
4086, 2
4087, 3
4088, 4
4089, 5
4090, 3
4091, 5
4092, 3
4093, 8
4094, 3
4096, 3
4097, 4
4098, 8
4099, 2
4100, 2
4101, 7
4102, 3
4103, 1
4104, 5
4105, 4
4106, 1
4107, 5
4108, 2
4109, 7
4110, 2
4111, 3
4112, 1
4113, 1
4114, 2
4115, 1
4116, 5
4117, 2
4118, 4
4119, 3
4120, 3
4121, 6
4122, 2
4124, 2
4125, 2
4127, 3
4128, 2
4129, 4
4130, 4
4131, 3
4132, 5
4133, 3
4134, 5
4135, 4
4136, 1
4137, 2
4138, 2
4139, 3
4140, 1
4141, 1
4142, 3
4143, 1
4144, 2
4146, 4
4147, 2
4148, 2
4149, 3
4150, 5
4151, 1
4152, 5
4153, 4
4154, 1
4155, 3
4156, 1
4157, 1
4158, 5
4159, 1
4160, 3
4161, 3
4162, 6
4163, 5
4165, 3
4166, 6
4168, 3
4169, 5
4170, 3
4171, 3
4172, 2
4173, 4
4174, 6
4175, 5
4176, 3
4177, 4
4178, 6
4179, 5
4180, 1
4181, 2
4182, 2
4183, 7
4184, 5
4185, 2
4186, 5
4187, 4
4188, 3
4189, 2
4190, 2
4191, 5
4192, 5
4193, 1
4194, 5
4195, 5
4196, 1
4197, 3
4198, 2
4199, 1
4200, 1
4201, 2
4202, 6
4203, 1
4204, 5
4205, 3
4206, 4
4207, 5
4209, 1
4210, 3
4212, 1
4213, 3
4214, 3
4215, 2
4216, 5
4217, 5
4218, 4
4219, 6
4221, 4
4223, 4
4224, 2
4225, 3
4226, 1
4227, 2
4228, 2
4229, 1
4230, 1
4232, 4
4233, 3
4234, 3
4235, 3
4236, 4
4237, 2
4238, 4
4239, 4
4241, 3
4242, 2
4243, 4
4244, 2
4245, 3
4246, 4
4247, 4
4248, 5
4249, 1
4250, 2
4251, 4
4252, 2
4253, 3
4254, 4
4255, 4
4256, 3
4257, 3
4258, 2
4259, 3
4260, 7
4261, 4
4262, 3
4263, 6
4264, 6
4265, 3
4266, 2
4267, 1
4268, 3
4269, 8
4270, 4
4271, 2
4272, 7
4273, 2
4274, 1
4275, 3
4276, 4
4277, 4
4278, 4
4279, 3
4280, 5
4281, 2
4282, 4
4283, 1
4284, 2
4285, 1
4286, 1
4287, 4
4288, 3
4289, 3
4290, 5
4291, 2
4292, 4
4293, 4
4294, 1
4295, 1
4296, 2
4298, 3
4299, 3
4300, 3
4301, 1
4302, 8
4303, 3
4304, 5
4305, 3
4306, 4
4308, 3
4309, 1
4310, 4
4312, 3
4313, 2
4314, 1
4315, 1
4316, 1
4317, 4
4318, 2
4319, 1
4320, 3
4321, 6
4322, 2
4323, 4
4324, 3
4325, 2
4326, 2
4327, 3
4329, 5
4330, 2
4331, 2
4332, 4
4333, 8
4334, 2
4336, 4
4337, 4
4338, 1
4339, 3
4340, 6
4341, 3
4342, 2
4343, 3
4344, 3
4345, 8
4346, 3
4347, 2
4348, 5
4349, 5
4350, 6
4351, 2
4352, 1
4353, 2
4354, 7
4355, 6
4356, 1
4357, 6
4358, 4
4359, 2
4360, 2
4361, 4
4362, 4
4363, 5
4365, 5
4366, 4
4367, 2
4368, 3
4369, 2
4370, 1
4371, 1
4372, 2
4373, 6
4374, 3
4375, 2
4376, 3
4377, 4
4378, 6
4379, 1
4381, 3
4383, 2
4384, 2
4385, 3
4386, 2
4387, 6
4388, 5
4389, 3
4390, 5
4391, 2
4392, 3
4393, 1
4394, 2
4395, 5
4397, 1
4398, 4
4399, 1
4400, 1
4401, 1
4402, 1
4403, 3
4404, 3
4405, 2
4406, 5
4407, 3
4408, 2
4409, 5
4410, 1
4411, 3
4412, 3
4413, 1
4414, 3
4415, 3
4416, 4
4417, 3
4418, 4
4419, 4
4420, 2
4421, 1
4422, 5
4423, 3
4424, 2
4425, 2
4426, 6
4427, 3
4428, 2
4429, 4
4430, 4
4431, 6
4432, 2
4433, 5
4434, 5
4435, 5
4436, 4
4437, 1
4438, 3
4439, 6
4440, 3
4441, 4
4442, 4
4443, 5
4444, 3
4445, 3
4446, 1
4447, 6
4448, 2
4449, 4
4450, 5
4451, 4
4452, 2
4453, 3
4455, 3
4456, 1
4457, 2
4458, 3
4459, 3
4460, 4
4461, 4
4462, 2
4463, 7
4464, 1
4465, 1
4466, 1
4467, 2
4468, 1
4469, 2
4470, 2
4471, 3
4472, 5
4473, 5
4474, 3
4475, 2
4476, 6
4477, 4
4478, 1
4480, 3
4481, 4
4482, 2
4483, 1
4484, 2
4485, 1
4486, 2
4488, 3
4489, 2
4490, 3
4491, 3
4492, 6
4493, 1
4494, 4
4495, 3
4496, 2
4497, 2
4498, 2
4499, 2
4500, 5
4501, 1
4502, 3
4503, 3
4504, 6
4505, 3
4506, 1
4507, 2
4508, 6
4509, 3
4510, 1
4511, 4
4512, 6
4513, 2
4514, 2
4515, 2
4516, 8
4517, 3
4518, 4
4519, 4
4520, 4
4521, 8
4523, 3
4524, 3
4525, 5
4526, 6
4527, 1
4528, 5
4529, 4
4530, 3
4531, 2
4532, 5
4533, 3
4534, 4
4535, 1
4536, 8
4537, 2
4538, 3
4539, 1
4540, 2
4541, 2
4543, 2
4544, 5
4545, 4
4546, 3
4547, 3
4548, 2
4549, 7
4551, 1
4552, 3
4554, 1
4555, 3
4556, 4
4557, 3
4558, 5
4559, 5
4560, 1
4561, 5
4562, 3
4563, 3
4564, 2
4565, 2
4566, 3
4567, 1
4568, 2
4569, 3
4570, 1
4572, 2
4573, 1
4574, 3
4575, 2
4576, 3
4577, 4
4578, 4
4579, 3
4580, 3
4581, 3
4582, 1
4583, 3
4584, 2
4585, 5
4586, 1
4587, 4
4588, 2
4589, 5
4590, 4
4591, 2
4592, 2
4593, 6
4594, 1
4595, 2
4596, 3
4597, 6
4598, 2
4599, 2
4600, 3
4601, 5
4602, 8
4603, 3
4604, 3
4605, 2
4606, 8
4607, 3
4608, 2
4609, 1
4610, 4
4611, 9
4612, 1
4613, 5
4614, 5
4615, 2
4616, 2
4617, 3
4618, 5
4619, 2
4620, 4
4621, 5
4622, 4
4623, 1
4624, 4
4626, 3
4627, 1
4628, 2
4629, 5
4630, 3
4631, 5
4632, 2
4633, 1
4634, 5
4635, 3
4636, 1
4637, 2
4638, 1
4640, 3
4641, 3
4642, 2
4643, 6
4644, 4
4645, 3
4646, 5
4647, 3
4648, 3
4649, 2
4650, 2
4651, 1
4652, 4
4653, 1
4654, 3
4655, 1
4656, 1
4657, 1
4658, 1
4659, 3
4660, 3
4661, 2
4662, 4
4663, 4
4664, 3
4665, 3
4666, 4
4667, 1
4668, 2
4669, 2
4670, 3
4671, 3
4672, 3
4673, 1
4674, 4
4675, 6
4676, 3
4677, 1
4678, 3
4679, 6
4680, 1
4681, 2
4682, 5
4683, 5
4684, 1
4685, 4
4686, 3
4687, 5
4688, 5
4689, 3
4690, 6
4691, 5
4692, 5
4693, 1
4694, 3
4696, 9
4697, 4
4698, 2
4699, 6
4700, 4
4701, 1
4702, 2
4703, 3
4704, 4
4705, 5
4706, 1
4707, 7
4708, 4
4709, 1
4710, 2
4711, 1
4712, 2
4713, 2
4714, 2
4715, 4
4716, 4
4717, 3
4718, 3
4719, 4
4720, 5
4721, 1
4723, 3
4725, 2
4726, 3
4727, 3
4728, 2
4729, 7
4730, 4
4731, 2
4732, 4
4733, 5
4734, 1
4735, 2
4736, 1
4737, 4
4738, 2
4739, 2
4740, 2
4741, 1
4742, 1
4743, 1
4744, 2
4745, 3
4746, 2
4747, 4
4748, 3
4749, 3
4750, 3
4751, 2
4752, 5
4754, 4
4755, 1
4756, 4
4757, 2
4758, 3
4759, 4
4760, 4
4761, 4
4762, 2
4763, 1
4764, 7
4765, 1
4766, 1
4767, 6
4768, 3
4769, 3
4770, 3
4771, 3
4772, 5
4773, 6
4774, 4
4775, 4
4776, 4
4777, 6
4778, 2
4779, 1
4780, 2
4781, 3
4782, 10
4783, 1
4784, 6
4785, 3
4786, 4
4788, 5
4789, 5
4790, 2
4791, 3
4792, 5
4793, 4
4794, 3
4795, 2
4796, 2
4797, 1
4798, 1
4799, 1
4800, 3
4801, 7
4802, 1
4803, 4
4804, 3
4805, 7
4808, 3
4809, 1
4810, 1
4811, 2
4812, 2
4813, 5
4814, 2
4815, 8
4816, 1
4817, 3
4818, 5
4819, 4
4820, 1
4821, 2
4822, 2
4823, 3
4824, 2
4825, 1
4826, 2
4827, 2
4828, 1
4829, 1
4830, 3
4831, 1
4832, 3
4833, 4
4834, 4
4835, 1
4836, 5
4837, 5
4839, 1
4840, 3
4841, 2
4842, 4
4843, 3
4844, 5
4845, 1
4846, 6
4847, 3
4849, 7
4850, 2
4851, 1
4852, 3
4853, 6
4854, 2
4855, 3
4856, 3
4857, 4
4858, 6
4859, 4
4860, 4
4861, 4
4862, 6
4863, 4
4865, 3
4866, 1
4867, 8
4868, 5
4869, 1
4870, 6
4871, 5
4872, 2
4873, 2
4874, 3
4875, 4
4876, 3
4877, 3
4878, 8
4879, 2
4880, 2
4881, 1
4882, 2
4883, 2
4884, 1
4885, 3
4886, 4
4887, 3
4888, 2
4889, 4
4890, 3
4891, 6
4892, 1
4893, 1
4894, 2
4896, 3
4897, 1
4898, 3
4899, 4
4900, 4
4901, 5
4902, 2
4903, 6
4904, 5
4906, 2
4907, 2
4908, 4
4910, 3
4911, 1
4912, 2
4914, 2
4915, 1
4916, 3
4917, 3
4918, 2
4919, 5
4920, 3
4921, 4
4922, 1
4923, 5
4924, 1
4925, 2
4926, 3
4927, 4
4928, 1
4929, 3
4930, 4
4931, 6
4932, 2
4933, 2
4934, 1
4935, 6
4936, 2
4937, 3
4938, 3
4939, 5
4940, 3
4941, 2
4942, 3
4943, 6
4944, 5
4945, 3
4946, 4
4947, 5
4948, 7
4949, 2
4950, 2
4951, 1
4952, 6
4953, 6
4954, 2
4955, 4
4956, 6
4957, 1
4958, 2
4959, 5
4960, 3
4961, 4
4962, 2
4963, 6
4964, 4
4965, 1
4966, 3
4967, 1
4968, 2
4969, 1
4970, 2
4971, 2
4972, 6
4973, 3
4974, 4
4975, 1
4976, 8
4978, 1
4979, 3
4981, 1
4982, 3
4983, 2
4984, 3
4985, 6
4986, 4
4987, 2
4988, 4
4989, 5
4990, 3
4991, 1
4992, 2
4993, 3
4994, 2
4995, 2
4996, 1
4997, 3
4999, 1
5000, 1
5001, 4
5002, 2
5003, 3
5004, 3
5005, 5
5007, 5
5008, 2
5009, 3
5010, 1
5011, 3
5012, 3
5013, 3
5014, 2
5015, 6
5016, 2
5017, 6
5018, 2
5019, 1
5020, 3
5021, 5
5022, 2
5023, 2
5024, 6
5025, 3
5026, 2
5027, 4
5028, 3
5029, 6
5030, 4
5031, 2
5032, 7
5033, 4
5034, 4
5035, 2
5036, 2
5037, 1
5038, 8
5039, 5
5040, 2
5041, 5
5042, 4
5043, 2
5044, 2
5045, 6
5046, 3
5047, 3
5048, 1
5049, 7
5050, 4
5051, 3
5053, 3
5055, 1
5056, 3
5057, 5
5058, 4
5059, 3
5060, 2
5061, 4
5062, 5
5064, 1
5065, 3
5067, 2
5068, 2
5069, 4
5070, 3
5071, 6
5072, 3
5073, 4
5074, 5
5075, 2
5076, 2
5077, 1
5078, 3
5079, 4
5080, 1
5081, 2
5082, 2
5083, 1
5084, 1
5085, 1
5086, 4
5087, 1
5088, 3
5089, 3
5090, 4
5091, 2
5092, 3
5093, 2
5094, 5
5095, 1
5096, 2
5097, 3
5098, 4
5099, 2
5100, 1
5101, 4
5102, 6
5103, 4
5104, 1
5105, 4
5106, 4
5107, 2
5108, 1
5109, 5
5110, 3
5111, 4
5112, 2
5113, 4
5114, 6
5115, 3
5116, 3
5117, 6
5118, 5
5119, 7
5121, 3
5122, 1
5123, 5
5124, 8
5126, 4
5127, 7
5128, 2
5129, 1
5130, 4
5131, 4
5132, 2
5133, 4
5134, 6
5135, 4
5136, 1
5137, 3
5138, 2
5139, 1
5140, 1
5141, 1
5142, 6
5143, 1
5144, 6
5145, 3
5146, 1
5147, 8
5149, 1
5150, 2
5151, 1
5152, 2
5153, 1
5154, 3
5155, 3
5156, 6
5157, 5
5158, 3
5159, 2
5160, 4
5161, 4
5163, 4
5164, 2
5165, 2
5166, 2
5167, 2
5168, 2
5170, 1
5171, 2
5172, 1
5173, 2
5174, 5
5175, 3
5176, 5
5177, 2
5178, 2
5179, 4
5180, 2
5181, 3
5182, 1
5183, 3
5184, 4
5185, 2
5186, 4
5187, 3
5188, 5
5189, 3
5191, 4
5192, 4
5193, 1
5194, 4
5195, 5
5196, 5
5197, 1
5198, 2
5199, 5
5200, 5
5201, 4
5202, 3
5203, 7
5204, 3
5205, 5
5206, 2
5207, 1
5208, 3
5209, 9
5210, 3
5211, 3
5212, 5
5213, 4
5214, 1
5215, 2
5216, 6
5217, 3
5218, 4
5220, 8
5221, 2
5222, 4
5224, 3
5226, 1
5227, 2
5228, 5
5229, 5
5230, 4
5231, 2
5232, 4
5233, 4
5235, 2
5236, 2
5238, 2
5239, 3
5240, 3
5241, 3
5242, 7
5243, 2
5244, 5
5245, 3
5246, 2
5247, 4
5249, 3
5250, 3
5251, 2
5252, 2
5253, 1
5254, 1
5255, 2
5256, 1
5257, 1
5258, 3
5259, 3
5260, 3
5261, 5
5262, 2
5263, 5
5264, 2
5265, 3
5267, 4
5268, 2
5269, 3
5270, 2
5271, 4
5272, 3
5273, 4
5274, 5
5275, 1
5276, 2
5277, 5
5278, 2
5279, 3
5280, 3
5281, 5
5282, 2
5283, 3
5284, 4
5285, 3
5286, 6
5287, 4
5288, 5
5289, 4
5290, 6
5291, 2
5292, 2
5293, 1
5294, 5
5295, 9
5296, 2
5297, 5
5298, 5
5299, 1
5300, 1
5301, 4
5302, 4
5303, 3
5304, 3
5305, 6
5306, 4
5307, 2
5308, 2
5309, 1
5310, 2
5311, 1
5312, 2
5313, 3
5314, 5
5315, 4
5316, 2
5317, 4
5318, 6
5320, 1
5321, 2
5322, 1
5323, 2
5324, 3
5325, 2
5326, 3
5327, 4
5328, 5
5329, 2
5330, 4
5331, 5
5332, 3
5334, 3
5335, 2
5336, 3
5337, 2
5338, 1
5339, 2
5340, 2
5341, 1
5342, 1
5343, 3
5344, 2
5345, 2
5346, 6
5347, 3
5349, 5
5350, 3
5351, 2
5352, 3
5353, 1
5354, 4
5355, 3
5356, 3
5357, 3
5358, 5
5359, 5
5360, 1
5361, 1
5362, 4
5363, 3
5364, 3
5365, 2
5366, 4
5367, 5
5368, 2
5369, 4
5370, 3
5371, 7
5372, 3
5373, 5
5374, 3
5375, 6
5376, 3
5377, 1
5378, 4
5380, 10
5381, 3
5382, 3
5383, 7
5384, 2
5385, 2
5386, 2
5387, 4
5388, 4
5389, 2
5390, 5
5391, 5
5392, 3
5393, 1
5394, 2
5395, 2
5396, 2
5397, 1
5398, 2
5399, 5
5400, 4
5401, 4
5402, 1
5403, 5
5404, 4
5405, 1
5406, 2
5407, 1
5409, 3
5410, 2
5411, 2
5412, 2
5413, 9
5414, 3
5415, 2
5416, 6
5417, 3
5418, 1
5419, 2
5420, 2
5421, 4
5422, 2
5423, 1
5424, 1
5425, 2
5426, 1
5427, 1
5428, 2
5429, 2
5430, 4
5431, 2
5432, 5
5433, 3
5434, 2
5435, 5
5436, 2
5437, 3
5438, 1
5439, 1
5440, 5
5441, 3
5442, 1
5443, 5
5444, 4
5445, 4
5446, 1
5447, 2
5448, 5
5449, 3
5450, 2
5451, 2
5452, 7
5453, 2
5454, 3
5455, 2
5456, 6
5457, 5
5458, 4
5459, 4
5460, 5
5461, 5
5462, 2
5463, 2
5464, 2
5465, 9
5466, 2
5467, 3
5468, 4
5469, 6
5470, 1
5471, 2
5472, 4
5473, 5
5474, 4
5475, 1
5476, 6
5477, 5
5478, 1
5479, 2
5481, 3
5482, 1
5483, 2
5484, 5
5485, 3
5486, 4
5487, 2
5488, 2
5489, 7
5490, 2
5492, 1
5493, 2
5494, 3
5495, 2
5496, 2
5497, 2
5498, 6
5499, 4
5500, 2
5501, 5
5502, 3
5503, 4
5504, 1
5505, 2
5506, 3
5507, 2
5508, 2
5509, 3
5510, 1
5512, 2
5513, 1
5514, 3
5515, 3
5516, 2
5517, 3
5518, 5
5520, 6
5521, 4
5523, 3
5524, 3
5525, 2
5526, 3
5527, 3
5528, 3
5529, 3
5530, 6
5531, 2
5532, 1
5533, 4
5534, 3
5535, 3
5536, 4
5537, 4
5538, 4
5539, 1
5540, 4
5541, 1
5542, 9
5543, 3
5544, 2
5545, 5
5546, 7
5547, 4
5548, 1
5549, 3
5550, 3
5551, 8
5552, 2
5553, 2
5554, 8
5555, 2
5556, 2
5557, 3
5558, 5
5559, 1
5560, 5
5561, 6
5562, 3
5563, 2
5564, 3
5566, 3
5567, 1
5569, 5
5570, 2
5571, 4
5572, 6
5574, 5
5575, 4
5576, 1
5577, 1
5578, 2
5580, 3
5581, 2
5582, 3
5583, 4
5584, 5
5585, 3
5586, 6
5587, 3
5588, 1
5589, 3
5590, 2
5591, 3
5592, 3
5593, 1
5594, 2
5595, 2
5596, 1
5597, 2
5599, 2
5600, 3
5601, 4
5602, 2
5603, 2
5604, 5
5605, 4
5606, 4
5607, 1
5608, 1
5609, 3
5610, 2
5611, 5
5612, 2
5613, 2
5614, 3
5615, 6
5616, 4
5618, 3
5619, 5
5620, 2
5621, 2
5622, 4
5623, 4
5624, 4
5626, 5
5627, 7
5628, 4
5629, 3
5630, 3
5631, 6
5632, 6
5633, 1
5634, 1
5635, 3
5636, 6
5637, 6
5638, 1
5639, 5
5640, 5
5641, 2
5642, 2
5643, 5
5644, 3
5645, 4
5646, 2
5647, 6
5648, 3
5649, 3
5650, 2
5651, 2
5652, 2
5654, 2
5655, 6
5656, 3
5657, 4
5658, 2
5659, 5
5660, 3
5661, 1
5662, 1
5663, 3
5665, 2
5666, 2
5667, 1
5668, 5
5669, 4
5670, 6
5671, 1
5672, 6
5673, 2
5674, 4
5676, 4
5677, 3
5678, 1
5679, 2
5680, 3
5681, 1
5682, 1
5683, 1
5684, 1
5685, 3
5686, 2
5687, 3
5688, 4
5689, 4
5690, 1
5691, 4
5692, 5
5694, 4
5696, 4
5697, 3
5698, 2
5699, 4
5700, 5
5701, 4
5702, 2
5703, 1
5704, 6
5705, 2
5706, 1
5707, 4
5708, 7
5709, 2
5710, 1
5711, 4
5712, 2
5713, 9
5714, 3
5715, 4
5716, 4
5717, 5
5718, 4
5719, 1
5720, 2
5721, 3
5722, 9
5723, 2
5724, 2
5725, 6
5726, 4
5727, 2
5728, 2
5729, 4
5730, 4
5731, 3
5732, 4
5733, 5
5734, 3
5735, 3
5737, 2
5738, 2
5740, 5
5741, 3
5742, 5
5743, 2
5744, 3
5745, 7
5746, 1
5747, 1
5748, 1
5749, 2
5750, 1
5751, 2
5752, 2
5753, 2
5754, 3
5755, 7
5756, 3
5757, 5
5758, 4
5759, 3
5760, 1
5761, 1
5762, 5
5763, 2
5765, 3
5766, 3
5768, 1
5769, 1
5770, 2
5771, 3
5772, 3
5773, 2
5774, 7
5775, 1
5776, 3
5777, 3
5778, 3
5779, 2
5780, 2
5781, 1
5782, 5
5783, 3
5784, 2
5785, 5
5786, 4
5787, 3
5788, 1
5789, 3
5790, 6
5792, 3
5793, 5
5794, 4
5795, 3
5796, 3
5797, 2
5798, 7
5799, 3
5800, 4
5801, 4
5802, 5
5803, 7
5805, 3
5806, 1
5807, 7
5808, 6
5809, 2
5810, 4
5811, 5
5812, 1
5813, 3
5814, 3
5815, 4
5816, 5
5817, 2
5818, 6
5819, 3
5820, 2
5821, 2
5822, 1
5823, 2
5824, 1
5825, 2
5826, 5
5827, 4
5828, 4
5829, 2
5830, 4
5831, 5
5833, 1
5834, 3
5836, 1
5837, 3
5838, 2
5839, 4
5840, 6
5841, 5
5842, 2
5843, 3
5844, 5
5845, 2
5846, 1
5847, 4
5848, 1
5849, 3
5850, 1
5851, 1
5852, 3
5853, 1
5854, 1
5855, 2
5856, 2
5857, 3
5858, 3
5859, 4
5860, 3
5861, 2
5862, 3
5863, 4
5864, 2
5865, 2
5866, 2
5867, 2
5868, 4
5869, 3
5870, 4
5871, 5
5872, 3
5873, 2
5874, 2
5875, 4
5876, 3
5877, 2
5878, 4
5879, 4
5880, 4
5881, 3
5882, 2
5883, 5
5884, 5
5885, 4
5886, 4
5887, 6
5888, 4
5889, 3
5890, 2
5891, 2
5892, 6
5893, 4
5894, 3
5895, 5
5896, 5
5897, 3
5899, 5
5900, 4
5901, 2
5902, 4
5903, 4
5904, 5
5905, 2
5906, 3
5908, 2
5909, 2
5910, 1
5911, 2
5912, 5
5913, 4
5914, 5
5915, 2
5916, 5
5917, 2
5918, 1
5919, 3
5921, 1
5922, 2
5923, 3
5924, 2
5925, 3
5926, 6
5927, 4
5928, 4
5929, 4
5930, 4
5931, 1
5932, 1
5933, 3
5934, 3
5936, 4
5937, 1
5938, 1
5939, 2
5941, 2
5942, 4
5943, 3
5944, 3
5945, 4
5946, 1
5947, 5
5948, 4
5949, 1
5950, 3
5951, 1
5952, 3
5953, 4
5954, 2
5955, 3
5956, 3
5957, 6
5958, 3
5960, 4
5961, 4
5962, 1
5963, 4
5964, 6
5965, 2
5966, 3
5967, 2
5968, 5
5969, 4
5970, 5
5971, 3
5972, 6
5973, 6
5974, 3
5975, 2
5976, 2
5977, 1
5978, 10
5979, 2
5980, 2
5981, 6
5982, 5
5983, 1
5984, 2
5985, 4
5986, 4
5987, 4
5988, 1
5989, 7
5990, 4
5991, 2
5992, 1
5993, 2
5994, 1
5995, 1
5996, 3
5997, 4
5998, 4
5999, 5
6000, 1
6001, 5
6002, 4
6004, 1
6005, 3
6007, 1
6008, 3
6009, 3
6010, 3
6011, 5
6012, 4
6013, 3
6014, 7
6015, 1
6016, 3
6017, 2
6018, 1
6019, 4
6020, 1
6021, 3
6022, 1
6023, 1
6024, 2
6025, 1
6026, 2
6027, 2
6028, 3
6029, 3
6030, 2
6031, 5
6032, 3
6033, 4
6034, 3
6036, 3
6037, 2
6038, 5
6039, 2
6040, 1
6041, 5
6042, 4
6043, 5
6044, 1
6045, 1
6046, 6
6047, 1
6048, 3
6049, 5
6050, 5
6051, 1
6052, 2
6053, 4
6054, 4
6055, 7
6056, 3
6057, 5
6058, 4
6059, 6
6060, 2
6061, 1
6062, 2
6063, 5
6064, 7
6065, 3
6066, 4
6067, 5
6068, 2
6069, 2
6070, 5
6071, 4
6072, 2
6073, 3
6074, 5
6075, 4
6076, 2
6077, 2
6078, 2
6079, 2
6080, 1
6081, 1
6082, 3
6083, 7
6084, 3
6085, 3
6086, 2
6087, 6
6088, 1
6089, 1
6090, 2
6091, 1
6092, 1
6093, 3
6094, 2
6095, 4
6096, 4
6097, 5
6098, 2
6099, 3
6100, 5
6101, 4
6103, 3
6104, 1
6105, 4
6106, 2
6107, 2
6108, 1
6109, 1
6110, 2
6112, 3
6113, 1
6114, 4
6115, 3
6116, 6
6118, 5
6119, 4
6120, 1
6121, 2
6122, 3
6123, 2
6124, 4
6125, 1
6126, 5
6127, 3
6128, 5
6129, 3
6131, 5
6132, 3
6133, 3
6134, 1
6135, 6
6136, 3
6137, 2
6138, 5
6139, 1
6140, 8
6141, 3
6142, 5
6143, 3
6144, 8
6145, 1
6146, 3
6147, 2
6148, 1
6149, 8
6150, 5
6151, 3
6152, 3
6153, 6
6154, 1
6155, 2
6156, 4
6157, 5
6158, 2
6159, 3
6160, 7
6161, 3
6162, 2
6163, 2
6164, 1
6165, 1
6166, 1
6167, 4
6168, 4
6169, 3
6170, 2
6171, 4
6172, 2
6173, 7
6175, 1
6176, 3
6178, 1
6179, 4
6180, 2
6181, 4
6182, 5
6183, 5
6184, 2
6185, 4
6186, 4
6187, 2
6188, 1
6189, 2
6190, 4
6191, 1
6192, 3
6194, 3
6196, 2
6197, 1
6198, 4
6199, 2
6200, 4
6201, 2
6202, 4
6203, 4
6204, 4
6205, 2
6206, 2
6207, 2
6208, 2
6209, 4
6210, 1
6211, 3
6212, 3
6213, 6
6214, 4
6215, 1
6216, 3
6217, 3
6218, 3
6219, 3
6220, 4
6221, 3
6222, 4
6223, 1
6224, 4
6225, 5
6226, 4
6227, 4
6228, 5
6229, 7
6230, 2
6231, 4
6232, 1
6233, 3
6234, 2
6235, 8
6236, 3
6237, 6
6238, 4
6239, 2
6240, 3
6241, 3
6242, 4
6243, 2
6244, 4
6245, 4
6246, 4
6247, 4
6248, 2
6249, 1
6250, 2
6252, 3
6253, 3
6254, 3
6255, 4
6256, 5
6257, 2
6258, 7
6260, 1
6261, 2
6262, 1
6264, 3
6265, 3
6266, 3
6267, 5
6268, 5
6269, 2
6270, 5
6271, 3
6272, 4
6274, 3
6275, 4
6276, 1
6277, 2
6278, 2
6279, 2
6281, 1
6282, 1
6283, 4
6284, 3
6285, 2
6286, 3
6287, 5
6288, 1
6289, 4
6290, 3
6291, 2
6292, 2
6293, 2
6294, 3
6295, 4
6297, 5
6298, 3
6299, 6
6300, 3
6301, 2
6302, 4
6303, 3
6304, 1
6305, 3
6306, 6
6307, 1
6308, 3
6309, 4
6310, 4
6311, 5
6312, 5
6313, 4
6314, 2
6315, 6
6316, 4
6317, 3
6318, 2
6319, 1
6320, 10
6321, 2
6322, 2
6323, 6
6324, 3
6325, 3
6326, 1
6327, 7
6328, 3
6329, 2
6330, 2
6331, 7
6332, 3
6333, 1
6334, 4
6335, 1
6336, 1
6337, 1
6338, 3
6339, 5
6340, 3
6341, 4
6342, 3
6343, 5
6344, 3
6346, 2
6347, 2
6349, 2
6350, 2
6351, 3
6352, 3
6353, 7
6354, 3
6355, 4
6356, 5
6357, 3
6358, 1
6359, 2
6360, 2
6361, 4
6363, 3
6364, 2
6365, 1
6366, 1
6367, 1
6368, 3
6369, 2
6370, 2
6371, 2
6372, 6
6373, 2
6374, 4
6375, 3
6376, 2
6377, 2
6378, 3
6379, 1
6380, 4
6381, 2
6382, 3
6383, 4
6384, 5
6385, 4
6386, 1
6387, 2
6388, 5
6389, 2
6390, 2
6391, 3
6392, 5
6393, 4
6394, 2
6395, 4
6396, 5
6397, 5
6398, 2
6399, 6
6400, 5
6401, 7
6403, 3
6404, 1
6405, 8
6406, 4
6407, 2
6408, 3
6409, 6
6410, 3
6411, 1
6412, 4
6413, 4
6414, 3
6415, 3
6416, 5
6417, 4
6418, 2
6419, 3
6420, 1
6421, 2
6422, 1
6423, 2
6424, 4
6425, 4
6426, 4
6427, 3
6428, 2
6429, 6
6430, 1
6431, 1
6432, 3
6435, 3
6436, 3
6437, 4
6438, 4
6439, 5
6440, 2
6441, 8
6443, 4
6445, 2
6446, 4
6447, 2
6448, 2
6449, 2
6450, 1
6451, 1
6452, 2
6454, 3
6455, 3
6456, 2
6457, 4
6458, 5
6459, 3
6460, 2
6461, 4
6462, 1
6463, 3
6464, 1
6465, 2
6466, 4
6467, 3
6468, 3
6469, 5
6470, 4
6471, 3
6472, 1
6473, 6
6474, 2
6475, 2
6476, 3
6477, 3
6478, 6
6480, 2
6481, 7
6482, 6
6483, 3
6484, 4
6485, 6
6486, 3
6487, 5
6488, 1
6489, 2
6490, 2
6491, 7
6492, 5
6493, 2
6494, 5
6495, 4
6496, 2
6497, 3
6498, 5
6499, 2
6500, 5
6501, 2
6502, 7
6503, 2
6504, 2
6505, 1
6506, 2
6507, 2
6508, 1
6509, 2
6510, 5
6511, 3
6512, 5
6513, 2
6514, 5
6515, 3
6516, 1
6518, 3
6519, 1
6520, 1
6521, 3
6522, 3
6523, 6
6524, 1
6525, 5
6526, 4
6527, 4
6528, 5
6530, 2
6531, 1
6532, 4
6533, 3
6534, 1
6535, 1
6536, 2
6538, 2
6539, 3
6540, 1
6541, 3
6542, 3
6543, 3
6544, 4
6545, 5
6546, 2
6547, 3
6548, 2
6549, 1
6550, 3
6551, 3
6552, 2
6553, 5
6554, 2
6555, 6
6556, 2
6557, 2
6558, 3
6559, 4
6560, 2
6561, 3
6562, 3
6563, 6
6564, 2
6565, 2
6566, 3
6567, 4
6568, 7
6569, 3
6570, 6
6571, 5
6572, 3
6573, 3
6574, 2
6575, 2
6576, 5
6577, 6
6578, 3
6579, 5
6580, 6
6582, 1
6583, 4
6584, 4
6585, 3
6586, 4
6587, 4
6588, 7
6590, 3
6591, 2
6593, 2
6594, 2
6595, 4
6596, 4
6597, 3
6598, 4
6599, 3
6600, 6
6602, 1
6603, 2
6604, 1
6605, 1
6606, 3
6607, 1
6608, 3
6609, 5
6610, 5
6611, 3
6612, 5
6613, 3
6614, 3
6615, 1
6616, 3
6617, 3
6618, 2
6619, 1
6620, 3
6621, 2
6623, 2
6625, 4
6626, 3
6627, 2
6628, 4
6629, 4
6630, 2
6631, 3
6632, 5
6634, 3
6635, 2
6636, 2
6637, 4
6638, 2
6639, 4
6640, 2
6641, 7
6642, 2
6644, 5
6645, 3
6646, 2
6647, 2
6648, 6
6649, 4
6650, 2
6651, 4
6652, 3
6653, 7
6654, 2
6655, 4
6656, 4
6657, 8
6658, 2
6659, 2
6660, 2
6661, 2
6662, 8
6663, 4
6664, 4
6665, 5
6666, 3
6667, 2
6668, 3
6669, 4
6670, 3
6671, 3
6672, 6
6673, 4
6674, 1
6675, 2
6676, 2
6677, 2
6678, 2
6679, 1
6680, 2
6681, 5
6682, 3
6683, 4
6684, 3
6685, 3
6686, 5
6687, 1
6688, 1
6689, 2
6691, 3
6692, 2
6693, 2
6694, 3
6695, 6
6696, 5
6697, 1
6698, 6
6699, 5
6701, 1
6702, 4
6703, 2
6704, 2
6705, 2
6706, 2
6707, 1
6708, 1
6709, 1
6710, 4
6711, 2
6712, 1
6713, 4
6714, 4
6715, 2
6716, 5
6717, 3
6718, 2
6719, 1
6720, 3
6721, 2
6722, 4
6723, 2
6724, 3
6725, 3
6726, 6
6727, 4
6729, 3
6730, 5
6731, 1
6732, 3
6733, 3
6734, 6
6735, 2
6736, 2
6737, 4
6738, 2
6739, 9
6740, 3
6741, 4
6742, 5
6743, 4
6744, 3
6745, 2
6746, 2
6747, 4
6748, 8
6749, 2
6750, 4
6751, 5
6752, 2
6753, 2
6754, 5
6755, 4
6756, 2
6757, 3
6758, 7
6759, 2
6760, 2
6761, 3
6762, 2
6763, 1
6764, 1
6765, 2
6766, 5
6767, 4
6768, 1
6769, 4
6770, 3
6771, 7
6773, 1
6774, 2
6775, 1
6776, 1
6777, 3
6778, 2
6779, 3
6780, 3
6781, 7
6782, 2
6783, 6
6784, 4
6785, 2
6786, 1
6787, 2
6788, 4
6789, 1
6790, 2
6791, 2
6792, 2
6793, 1
6795, 1
6796, 4
6797, 2
6798, 3
6799, 4
6800, 4
6801, 2
6802, 3
6803, 5
6805, 4
6807, 3
6808, 4
6809, 3
6810, 3
6811, 5
6812, 3
6813, 3
6815, 5
6816, 3
6817, 3
6818, 4
6819, 4
6820, 3
6821, 2
6822, 3
6823, 3
6824, 7
6825, 4
6826, 4
6827, 4
6828, 6
6829, 3
6830, 2
6831, 1
6832, 3
6833, 9
6834, 3
6835, 4
6836, 3
6837, 5
6838, 1
6839, 4
6840, 5
6841, 3
6842, 3
6843, 4
6844, 3
6845, 3
6846, 2
6847, 2
6848, 3
6849, 1
6850, 1
6851, 3
6852, 3
6853, 4
6854, 6
6856, 6
6857, 3
6858, 1
6859, 1
6860, 2
6861, 1
6862, 2
6863, 2
6864, 3
6865, 4
6866, 4
6867, 4
6868, 5
6869, 4
6870, 3
6871, 1
6872, 3
6873, 2
6874, 3
6875, 2
6876, 1
6877, 2
6878, 1
6879, 1
6880, 1
6881, 2
6882, 3
6883, 2
6884, 3
6885, 4
6886, 3
6887, 4
6888, 2
6889, 4
6890, 2
6891, 2
6892, 3
6893, 3
6894, 3
6895, 3
6896, 2
6897, 5
6898, 3
6899, 2
6900, 4
6901, 1
6902, 4
6903, 3
6904, 5
6905, 4
6906, 2
6907, 4
6908, 1
6909, 7
6910, 4
6911, 3
6912, 6
6913, 4
6914, 6
6915, 1
6916, 2
6917, 2
6918, 6
6919, 6
6920, 1
6921, 5
6922, 3
6923, 4
6924, 2
6925, 3
6926, 6
6927, 3
6928, 2
6929, 4
6930, 6
6931, 2
6932, 2
6933, 1
6934, 3
6936, 1
6937, 6
6938, 3
6939, 5
6940, 2
6941, 5
6942, 4
6944, 1
6945, 3
6947, 2
6948, 1
6949, 4
6950, 3
6951, 4
6952, 6
6953, 1
6954, 6
6955, 4
6956, 2
6957, 2
6958, 1
6959, 4
6960, 1
6961, 2
6962, 2
6963, 2
6964, 1
6965, 1
6966, 2
6967, 2
6968, 1
6969, 5
6970, 2
6971, 5
6972, 3
6973, 2
6974, 5
6976, 4
6977, 1
6978, 2
6979, 4
6980, 3
6981, 3
6982, 3
6983, 5
6984, 3
6985, 2
6986, 4
6987, 2
6988, 2
6989, 3
6990, 6
6991, 3
6992, 2
6993, 2
6994, 5
6995, 6
6996, 4
6997, 6
6998, 3
6999, 5
7000, 4
7001, 1
7002, 2
7003, 4
7004, 7
7005, 3
7006, 2
7007, 5
7008, 5
7009, 2
7010, 2
7011, 4
7012, 5
7013, 3
7014, 4
7015, 3
7016, 4
7017, 3
7019, 3
7020, 1
7021, 1
7022, 2
7023, 6
7024, 2
7025, 6
7026, 1
7027, 6
7028, 2
7030, 3
7031, 1
7032, 1
7033, 1
7034, 4
7036, 5
7037, 8
7038, 2
7039, 4
7040, 4
7041, 3
7042, 1
7043, 3
7044, 2
7045, 3
7047, 3
7048, 2
7049, 1
7050, 1
7051, 1
7052, 1
7053, 5
7054, 1
7055, 4
7056, 4
7057, 2
7058, 4
7059, 4
7060, 2
7061, 2
7062, 2
7063, 1
7064, 4
7065, 2
7066, 5
7067, 3
7068, 4
7069, 4
7070, 1
7071, 4
7072, 4
7073, 1
7074, 4
7075, 3
7076, 4
7077, 4
7078, 1
7079, 4
7080, 6
7081, 4
7082, 3
7083, 7
7084, 2
7085, 6
7086, 2
7087, 3
7088, 1
7089, 8
7090, 5
7091, 1
7092, 3
7093, 7
7094, 2
7095, 2
7096, 3
7097, 4
7098, 4
7099, 2
7100, 5
7101, 4
7102, 3
7103, 2
7104, 2
7105, 1
7106, 1
7107, 3
7108, 3
7109, 5
7110, 2
7111, 4
7112, 3
7113, 6
7115, 1
7116, 3
7118, 1
7119, 3
7120, 3
7121, 3
7122, 4
7123, 5
7124, 4
7125, 3
7126, 5
7127, 2
7128, 1
7129, 3
7130, 2
7131, 2
7132, 2
7133, 2
7134, 2
7135, 1
7136, 1
7138, 4
7139, 2
7140, 3
7141, 4
7142, 4
7143, 3
7144, 3
7145, 4
7147, 4
7148, 1
7149, 3
7150, 3
7151, 3
7152, 3
7153, 2
7154, 6
7155, 3
7156, 1
7157, 5
7158, 3
7159, 3
7160, 3
7161, 5
7162, 3
7163, 1
7164, 4
7165, 3
7166, 7
7167, 2
7168, 6
7169, 5
7170, 7
7171, 1
7172, 1
7173, 3
7174, 3
7175, 8
7176, 2
7177, 1
7178, 8
7179, 2
7180, 3
7181, 1
7182, 6
7183, 3
7184, 4
7185, 3
7186, 4
7187, 4
7188, 3
7190, 3
7191, 1
7192, 1
7193, 4
7194, 4
7195, 3
7196, 5
7198, 4
7199, 5
7200, 1
7202, 3
7204, 2
7205, 4
7206, 3
7207, 2
7208, 6
7209, 4
7210, 3
7211, 5
7212, 3
7213, 1
7214, 3
7215, 1
7216, 4
7217, 2
7219, 3
7220, 1
7222, 2
7223, 4
7224, 1
7225, 4
7226, 2
7227, 4
7228, 3
7229, 3
7230, 4
7231, 2
7232, 3
7233, 1
7234, 2
7235, 4
7236, 3
7237, 3
7238, 2
7239, 6
7240, 3
7241, 1
7242, 4
7243, 5
7245, 4
7246, 4
7247, 4
7248, 3
7249, 2
7250, 2
7251, 7
7252, 5
7253, 3
7254, 7
7255, 5
7256, 1
7257, 4
7258, 1
7259, 1
7260, 10
7261, 3
7262, 2
7263, 4
7264, 7
7265, 1
7266, 1
7267, 3
7268, 5
7269, 4
7270, 2
7271, 7
7272, 3
7273, 3
7274, 1
7275, 1
7276, 3
7277, 1
7278, 2
7279, 5
7280, 2
7281, 5
7282, 2
7283, 5
7284, 4
7286, 1
7287, 3
7289, 2
7290, 2
7291, 4
7292, 3
7293, 4
7294, 5
7295, 3
7296, 6
7297, 2
7298, 2
7300, 4
7301, 3
7302, 1
7303, 1
7304, 3
7305, 2
7306, 1
7308, 3
7309, 2
7310, 3
7311, 2
7312, 5
7313, 3
7314, 5
7316, 5
7318, 4
7319, 1
7320, 2
7321, 4
7322, 3
7323, 2
7324, 5
7325, 6
7326, 1
7327, 1
7328, 7
7330, 3
7331, 5
7332, 3
7333, 4
7334, 2
7335, 3
7336, 5
7337, 5
7338, 2
7339, 6
7340, 4
7341, 7
7342, 2
7343, 2
7344, 1
7345, 8
7346, 4
7347, 2
7348, 3
7349, 7
7350, 2
7351, 1
7352, 5
7353, 3
7354, 3
7355, 4
7356, 3
7357, 5
7358, 3
7359, 3
7360, 1
7361, 2
7362, 1
7364, 6
7365, 1
7366, 7
7367, 2
7368, 2
7369, 6
7370, 2
7371, 1
7372, 3
7374, 1
7375, 2
7376, 3
7377, 3
7378, 5
7379, 3
7380, 4
7381, 5
7382, 3
7383, 4
7385, 1
7386, 4
7387, 3
7388, 1
7389, 2
7390, 3
7392, 1
7393, 1
7394, 2
7395, 4
7396, 1
7397, 5
7398, 4
7399, 1
7400, 4
7401, 6
7403, 1
7404, 3
7405, 3
7406, 3
7407, 2
7408, 4
7409, 2
7410, 6
7411, 4
7413, 3
7414, 5
7415, 2
7416, 4
7417, 5
7418, 2
7419, 2
7420, 3
7421, 4
7422, 5
7423, 4
7424, 5
7425, 5
7426, 5
7427, 5
7428, 1
7429, 2
7430, 3
7431, 6
7432, 5
7433, 2
7434, 4
7435, 5
7436, 1
7437, 2
7438, 5
7439, 4
7440, 2
7441, 3
7442, 7
7443, 3
7444, 3
7445, 1
7446, 2
7447, 1
7448, 2
7449, 1
7450, 5
7451, 4
7452, 2
7453, 4
7454, 4
7455, 5
7457, 1
7458, 2
7459, 1
7460, 2
7461, 3
7462, 3
7463, 2
7464, 5
7465, 4
7466, 2
7467, 7
7468, 2
7469, 3
7470, 1
7471, 4
7472, 2
7473, 1
7474, 2
7475, 1
7476, 2
7477, 2
7479, 2
7480, 3
7481, 3
7482, 3
7483, 3
7484, 4
7485, 4
7486, 2
7487, 3
7488, 1
7489, 3
7490, 2
7491, 3
7492, 4
7493, 2
7494, 3
7495, 5
7496, 5
7497, 1
7499, 7
7500, 2
7501, 3
7502, 3
7503, 5
7504, 2
7505, 3
7506, 3
7507, 4
7508, 6
7509, 3
7510, 6
7511, 5
7512, 2
7513, 5
7514, 1
7515, 2
7516, 4
7517, 7
7518, 4
7519, 3
7520, 4
7521, 4
7522, 3
7523, 2
7524, 5
7525, 3
7526, 3
7527, 6
7528, 3
7529, 2
7530, 2
7531, 2
7532, 1
7533, 2
7534, 2
7535, 3
7536, 3
7537, 5
7538, 3
7539, 3
7540, 5
7541, 2
7542, 1
7543, 2
7544, 1
7545, 1
7546, 2
7547, 3
7548, 3
7549, 5
7550, 5
7551, 2
7552, 3
7553, 6
7554, 3
7556, 2
7557, 3
7558, 3
7560, 3
7561, 2
7562, 1
7563, 1
7564, 1
7565, 3
7566, 1
7567, 5
7568, 2
7569, 4
7570, 4
7571, 3
7572, 5
7574, 3
7575, 1
7576, 3
7577, 3
7578, 3
7579, 3
7580, 3
7581, 5
7582, 4
7583, 1
7584, 4
7585, 3
7586, 1
7587, 3
7588, 5
7589, 3
7590, 4
7591, 3
7592, 3
7593, 6
7594, 5
7595, 3
7596, 7
7597, 5
7598, 3
7600, 3
7601, 2
7602, 9
7603, 2
7604, 3
7605, 6
7606, 4
7607, 2
7608, 2
7609, 4
7610, 3
7611, 4
7612, 3
7613, 6
7614, 2
7615, 3
7616, 1
7617, 2
7618, 1
7619, 2
7620, 2
7621, 4
7622, 3
7623, 5
7624, 2
7625, 7
7626, 2
7627, 1
7629, 3
7630, 1
7631, 1
7632, 3
7633, 1
7634, 4
7635, 5
7636, 6
7638, 7
7639, 3
7640, 2
7641, 1
7642, 4
7643, 1
7644, 2
7645, 3
7646, 1
7647, 2
7649, 2
7650, 1
7651, 3
7652, 4
7653, 1
7654, 6
7655, 2
7656, 4
7657, 2
7658, 4
7659, 2
7660, 1
7661, 2
7662, 3
7663, 3
7664, 5
7665, 1
7666, 5
7667, 5
7668, 1
7669, 1
7670, 5
7671, 4
7672, 2
7673, 2
7674, 7
7675, 1
7676, 4
7677, 2
7678, 5
7679, 5
7680, 4
7681, 4
7682, 5
7683, 5
7684, 3
7685, 2
7686, 2
7687, 4
7688, 7
7689, 2
7690, 5
7691, 6
7692, 1
7693, 2
7694, 3
7695, 5
7696, 2
7697, 4
7698, 4
7699, 5
7700, 2
7701, 3
7702, 2
7704, 2
7705, 2
7706, 2
7707, 5
7708, 3
7709, 5
7711, 8
7712, 1
7713, 1
7714, 3
7716, 1
7717, 2
7718, 3
7719, 3
7720, 2
7721, 7
7722, 3
7723, 6
7724, 2
7725, 4
7727, 3
7728, 2
7729, 3
7730, 1
7731, 2
7732, 3
7734, 1
7735, 1
7736, 3
7737, 3
7738, 2
7739, 2
7740, 5
7741, 3
7742, 4
7743, 3
7744, 2
7745, 3
7746, 2
7747, 3
7748, 3
7749, 2
7750, 4
7751, 2
7752, 7
7753, 2
7755, 5
7756, 3
7757, 3
7758, 1
7759, 7
7760, 4
7762, 5
7763, 1
7764, 7
7765, 5
7766, 3
7767, 3
7768, 8
7769, 4
7770, 1
7771, 1
7772, 4
7773, 7
7774, 4
7775, 3
7776, 4
7777, 4
7778, 2
7779, 1
7780, 7
7781, 3
7782, 3
7783, 3
7784, 6
7785, 1
7786, 4
7787, 2
7789, 2
7790, 1
7791, 4
7792, 4
7793, 2
7794, 5
7795, 2
7796, 7
7797, 2
7798, 1
7799, 1
7800, 2
7802, 2
7803, 3
7804, 1
7805, 4
7806, 6
7807, 3
7808, 5
7809, 4
7810, 5
7812, 1
7813, 4
7814, 2
7815, 2
7816, 2
7817, 2
7818, 1
7819, 1
7820, 1
7821, 3
7822, 2
7823, 3
7824, 3
7825, 4
7826, 2
7827, 4
7828, 1
7829, 5
7831, 4
7832, 3
7833, 3
7834, 1
7835, 3
7836, 3
7837, 7
7838, 3
7839, 1
7840, 3
7841, 4
7842, 2
7843, 3
7844, 4
7845, 5
7846, 2
7847, 2
7848, 4
7849, 7
7850, 3
7851, 5
7852, 1
7853, 7
7854, 7
7856, 2
7857, 1
7858, 5
7859, 7
7860, 2
7861, 3
7862, 7
7863, 2
7864, 1
7865, 4
7866, 5
7867, 3
7868, 3
7869, 4
7870, 5
7871, 2
7872, 3
7874, 3
7875, 1
7876, 2
7877, 1
7878, 7
7879, 2
7880, 5
7881, 2
7882, 6
7883, 1
7884, 1
7885, 2
7886, 1
7887, 1
7888, 3
7889, 2
7890, 3
7891, 4
7892, 6
7893, 2
7894, 7
7895, 1
7896, 3
7897, 3
7898, 1
7899, 4
7900, 1
7901, 1
7902, 2
7903, 3
7904, 1
7906, 1
7907, 3
7908, 4
7909, 1
7910, 5
7911, 4
7913, 5
7914, 4
7915, 1
7916, 3
7917, 2
7918, 2
7919, 4
7920, 2
7921, 5
7922, 1
7923, 6
7924, 2
7925, 2
7926, 5
7927, 2
7928, 3
7929, 2
7930, 6
7931, 4
7932, 2
7933, 2
7934, 5
7935, 6
7936, 3
7937, 3
7938, 4
7939, 7
7940, 3
7941, 3
7942, 1
7943, 1
7944, 10
7945, 3
7946, 3
7947, 6
7948, 2
7949, 2
7950, 2
7951, 6
7952, 3
7953, 4
7954, 3
7955, 4
7956, 4
7957, 3
7958, 1
7959, 1
7960, 2
7962, 4
7963, 4
7964, 3
7965, 5
7966, 2
7967, 4
7968, 4
7969, 1
7971, 3
7972, 1
7973, 2
7974, 2
7975, 2
7976, 4
7977, 6
7978, 4
7979, 3
7980, 5
7981, 3
7982, 1
7983, 1
7984, 4
7985, 3
7987, 2
7988, 3
7989, 1
7990, 2
7992, 4
7993, 1
7994, 2
7995, 4
7996, 3
7997, 3
7998, 4
7999, 3
8000, 3
8001, 1
8002, 3
8003, 1
8004, 3
8005, 3
8006, 5
8007, 2
8008, 5
8009, 4
8010, 1
8011, 2
8012, 6
8013, 1
8014, 3
8015, 5
8016, 4
8017, 2
8018, 2
8019, 3
8020, 6
8021, 5
8022, 4
8023, 4
8024, 5
8025, 6
8026, 1
8027, 2
8028, 2
8029, 6
8030, 6
8031, 2
8032, 4
8033, 5
8034, 3
8035, 2
8036, 4
8037, 1
8038, 6
8039, 2
8040, 7
8041, 2
8042, 2
8043, 3
8044, 2
8045, 2
8047, 2
8048, 4
8049, 2
8050, 5
8051, 4
8052, 2
8053, 7
8055, 1
8056, 2
8057, 1
8058, 1
8059, 3
8060, 2
8061, 3
8062, 7
8063, 4
8064, 3
8065, 4
8066, 2
8067, 4
8069, 3
8070, 4
8071, 1
8072, 2
8073, 3
8074, 1
8075, 1
8076, 1
8078, 4
8079, 3
8080, 2
8081, 2
8082, 6
8083, 2
8084, 4
8085, 4
8087, 4
8088, 1
8089, 3
8090, 3
8091, 3
8092, 4
8093, 3
8094, 5
8095, 2
8097, 6
8098, 3
8099, 1
8100, 4
8101, 5
8102, 4
8103, 1
8104, 3
8105, 3
8106, 9
8107, 3
8108, 5
8109, 3
8110, 5
8111, 4
8112, 1
8113, 3
8114, 3
8115, 8
8116, 2
8117, 4
8118, 4
8119, 4
8120, 2
8121, 2
8122, 5
8123, 4
8124, 3
8125, 4
8126, 4
8127, 3
8128, 2
8129, 2
8130, 2
8131, 1
8132, 1
8133, 2
8134, 5
8135, 3
8136, 5
8137, 1
8138, 7
8139, 2
8140, 1
8141, 1
8142, 2
8143, 1
8144, 1
8145, 3
8146, 4
8147, 1
8148, 6
8149, 5
8150, 2
8151, 6
8152, 3
8153, 2
8154, 1
8155, 1
8156, 3
8157, 2
8158, 3
8159, 2
8160, 1
8161, 1
8162, 1
8163, 3
8164, 2
8165, 4
8166, 2
8167, 6
8169, 4
8170, 2
8171, 4
8172, 2
8173, 2
8174, 1
8175, 6
8176, 1
8177, 3
8178, 3
8179, 6
8180, 4
8182, 3
8183, 4
8184, 3
8185, 2
8186, 4
8187, 4
8188, 3
8189, 2
8190, 4
8191, 5
8192, 6
8193, 3
8194, 7
8195, 1
8196, 5
8197, 3
8198, 3
8199, 1
8200, 7
8201, 6
8202, 1
8203, 4
8204, 5
8205, 3
8206, 1
8207, 4
8208, 3
8209, 5
8210, 2
8211, 5
8212, 5
8213, 2
8214, 2
8215, 2
8216, 1
8217, 1
8218, 1
8219, 5
8220, 4
8221, 5
8222, 2
8223, 4
8224, 5
8226, 1
8227, 2
8228, 1
8229, 2
8230, 1
8231, 3
8232, 3
8233, 7
8234, 5
8236, 6
8237, 3
8238, 3
8239, 2
8241, 4
8242, 2
8243, 2
8244, 2
8245, 2
8246, 1
8248, 1
8249, 4
8250, 2
8251, 3
8252, 5
8253, 3
8254, 2
8255, 3
8256, 3
8257, 2
8258, 4
8259, 1
8260, 4
8261, 2
8262, 3
8263, 3
8264, 5
8265, 4
8266, 2
8267, 1
8268, 7
8269, 1
8270, 1
8271, 5
8272, 4
8273, 4
8275, 5
8276, 4
8277, 6
8278, 3
8279, 4
8280, 5
8281, 5
8282, 3
8283, 3
8284, 1
8285, 4
8286, 8
8287, 2
8288, 3
8289, 3
8290, 6
8291, 2
8292, 2
8293, 5
8294, 3
8295, 3
8296, 1
8297, 8
8298, 3
8299, 3
8300, 1
8301, 1
8302, 1
8303, 3
8304, 2
8305, 4
8306, 4
8307, 5
8309, 5
8310, 4
8311, 1
8312, 2
8313, 1
8315, 3
8316, 2
8317, 3
8318, 4
8319, 6
8320, 2
8321, 4
8322, 4
8323, 3
8324, 2
8325, 3
8326, 1
8327, 4
8328, 1
8329, 1
8330, 3
8331, 1
8332, 2
8334, 2
8335, 4
8336, 2
8337, 1
8338, 6
8339, 2
8340, 5
8341, 2
8342, 3
8343, 2
8344, 2
8345, 4
8346, 2
8347, 2
8348, 2
8349, 3
8350, 5
8351, 6
8353, 3
8354, 5
8355, 2
8356, 2
8357, 5
8358, 4
8359, 3
8360, 2
8361, 4
8362, 3
8363, 7
8364, 3
8365, 5
8366, 6
8367, 3
8368, 3
8369, 2
8370, 1
8371, 6
8372, 7
8373, 1
8374, 5
8375, 4
8376, 3
8377, 2
8378, 2
8379, 6
8380, 4
8381, 1
8382, 7
8383, 2
8384, 3
8385, 2
8386, 2
8387, 2
8389, 2
8390, 5
8391, 3
8392, 5
8393, 2
8394, 2
8395, 6
8396, 1
8397, 1
8398, 3
8400, 2
8401, 1
8402, 2
8403, 5
8404, 5
8405, 4
8406, 3
8407, 4
8408, 4
8409, 3
8410, 2
8411, 1
8412, 4
8413, 1
8414, 3
8415, 1
8416, 2
8417, 1
8418, 1
8420, 4
8421, 2
8422, 2
8423, 3
8424, 5
8425, 4
8426, 3
8427, 3
8428, 1
8429, 4
8430, 1
8431, 5
8432, 1
8433, 2
8434, 5
8435, 2
8436, 6
8437, 2
8438, 2
8439, 3
8440, 4
8441, 2
8442, 1
8443, 8
8444, 3
8445, 1
8446, 3
8447, 6
8448, 4
8449, 4
8450, 5
8451, 2
8452, 7
8453, 3
8454, 3
8455, 1
8456, 6
8457, 6
8458, 2
8459, 4
8460, 4
8461, 4
8462, 1
8463, 3
8464, 4
8465, 3
8466, 5
8467, 2
8468, 6
8469, 3
8470, 2
8471, 2
8472, 2
8473, 1
8474, 1
8475, 2
8476, 6
8477, 3
8478, 5
8479, 1
8480, 7
8481, 1
8482, 1
8483, 2
8484, 1
8485, 1
8486, 2
8487, 2
8488, 3
8489, 4
8490, 6
8491, 3
8492, 4
8493, 4
8494, 3
8495, 1
8496, 3
8497, 2
8498, 3
8499, 1
8500, 1
8501, 3
8502, 1
8503, 1
8504, 1
8505, 3
8506, 2
8507, 4
8508, 2
8509, 4
8510, 2
8511, 5
8512, 1
8513, 4
8514, 1
8515, 3
8516, 3
8517, 2
8518, 4
8519, 1
8520, 5
8521, 4
8522, 5
8524, 3
8525, 5
8526, 3
8527, 1
8528, 3
8529, 5
8530, 3
8531, 1
8532, 4
8533, 7
8534, 5
8535, 4
8536, 3
8537, 6
8538, 5
8539, 2
8540, 1
8541, 2
8542, 9
8543, 3
8544, 2
8545, 5
8546, 4
8547, 2
8548, 3
8549, 4
8550, 4
8551, 5
8553, 7
8554, 2
8555, 2
8556, 3
8557, 1
8558, 2
8559, 1
8560, 3
8561, 4
8562, 4
8563, 1
8564, 5
8565, 3
8566, 5
8567, 1
8568, 2
8569, 1
8570, 1
8571, 3
8572, 1
8573, 4
8574, 2
8575, 4
8576, 6
8577, 4
8578, 3
8579, 3
8580, 3
8581, 1
8582, 3
8583, 3
8584, 1
8585, 3
8586, 1
8587, 2
8588, 1
8590, 3
8591, 2
8592, 2
8593, 3
8594, 4
8595, 4
8596, 4
8597, 2
8598, 4
8600, 4
8602, 4
8603, 3
8604, 2
8605, 3
8606, 7
8607, 2
8608, 3
8609, 2
8610, 5
8611, 2
8612, 2
8613, 5
8614, 3
8615, 3
8616, 4
8617, 2
8618, 4
8619, 7
8620, 3
8621, 4
8622, 5
8623, 5
8624, 3
8625, 1
8626, 3
8627, 5
8628, 6
8629, 3
8630, 2
8631, 7
8632, 2
8633, 1
8634, 3
8635, 6
8636, 2
8637, 4
8638, 4
8639, 5
8640, 2
8641, 3
8642, 1
8643, 2
8645, 1
8646, 5
8647, 3
8648, 4
8649, 4
8650, 2
8651, 8
8653, 1
8654, 2
8655, 1
8656, 1
8657, 3
8658, 1
8659, 3
8660, 5
8661, 6
8662, 2
8663, 6
8664, 2
8665, 3
8666, 1
8667, 3
8668, 1
8669, 4
8670, 2
8672, 3
8673, 1
8674, 1
8675, 1
8676, 2
8677, 3
8678, 3
8679, 2
8680, 7
8681, 1
8682, 3
8683, 5
8684, 1
8685, 1
8686, 3
8687, 2
8688, 4
8689, 1
8690, 5
8691, 3
8692, 7
8693, 1
8694, 1
8695, 4
8696, 4
8697, 3
8698, 1
8699, 4
8700, 6
8701, 2
8702, 2
8703, 3
8704, 6
8705, 4
8706, 6
8707, 3
8708, 6
8709, 5
8710, 1
8711, 2
8712, 3
8713, 5
8714, 5
8715, 2
8716, 5
8717, 5
8718, 1
8719, 3
8720, 3
8721, 4
8722, 5
8723, 2
8724, 6
8725, 3
8726, 3
8727, 1
8728, 3
8730, 1
8731, 2
8732, 5
8733, 3
8734, 5
8735, 2
8736, 5
8737, 4
8739, 1
8740, 3
8742, 1
8743, 3
8744, 3
8745, 4
8746, 3
8747, 6
8748, 2
8749, 5
8750, 5
8751, 1
8752, 2
8753, 2
8754, 3
8755, 2
8756, 2
8757, 2
8758, 1
8760, 2
8761, 1
8762, 3
8763, 4
8764, 2
8765, 2
8766, 5
8767, 5
8768, 1
8769, 3
8770, 1
8771, 4
8773, 6
8774, 2
8775, 1
8776, 5
8777, 4
8778, 6
8780, 3
8781, 3
8782, 2
8783, 3
8784, 4
8785, 5
8786, 3
8787, 3
8788, 1
8789, 5
8790, 6
8791, 5
8792, 4
8793, 3
8794, 4
8795, 5
8796, 1
8797, 2
8798, 2
8799, 8
8800, 4
8801, 4
8802, 5
8803, 3
8804, 2
8805, 2
8806, 6
8807, 2
8808, 4
8809, 5
8810, 2
8811, 4
8812, 2
8813, 2
8814, 1
8815, 2
8816, 2
8817, 4
8818, 2
8819, 4
8820, 4
8821, 3
8822, 5
8823, 2
8824, 1
8825, 2
8826, 1
8828, 3
8829, 3
8830, 2
8831, 4
8832, 6
8833, 3
8834, 4
8835, 4
8836, 3
8837, 2
8838, 1
8839, 4
8840, 2
8841, 1
8842, 2
8843, 2
8844, 1
8845, 2
8847, 1
8848, 4
8849, 2
8850, 5
8851, 4
8852, 2
8853, 4
8854, 2
8855, 3
8856, 1
8857, 3
8858, 2
8859, 5
8860, 1
8861, 3
8862, 3
8863, 6
8864, 4
8866, 4
8867, 4
8868, 2
8869, 3
8870, 6
8871, 2
8872, 3
8873, 4
8875, 7
8876, 5
8877, 4
8878, 6
8879, 3
8880, 5
8881, 1
8882, 3
8883, 4
8884, 6
8885, 4
8886, 3
8887, 3
8888, 4
8889, 2
8890, 3
8891, 4
8892, 4
8893, 4
8894, 3
8895, 5
8896, 2
8897, 3
8898, 2
8899, 1
8900, 2
8901, 2
8902, 1
8903, 4
8904, 5
8905, 5
8906, 1
8907, 5
8908, 3
8909, 1
8910, 2
8911, 2
8913, 2
8914, 3
8915, 3
8916, 1
8917, 5
8918, 7
8919, 3
8920, 5
8921, 2
8922, 2
8924, 4
8925, 2
8926, 2
8927, 3
8928, 1
8929, 1
8930, 2
8931, 1
8933, 4
8934, 2
8935, 3
8936, 5
8937, 3
8938, 3
8939, 3
8940, 4
8941, 1
8942, 3
8943, 1
8944, 4
8945, 2
8946, 2
8947, 4
8948, 4
8949, 6
8950, 1
8951, 1
8952, 5
8953, 3
8954, 3
8955, 2
8956, 6
8957, 3
8958, 2
8959, 3
8960, 4
8961, 8
8962, 3
8963, 2
8964, 6
8965, 5
8966, 3
8967, 1
8968, 3
8969, 4
8970, 5
8971, 5
8972, 4
8973, 4
8974, 3
8975, 3
8976, 4
8977, 1
8978, 5
8979, 3
8980, 2
8981, 6
8982, 3
8983, 3
8985, 3
8986, 1
8987, 1
8988, 4
8989, 4
8990, 3
8991, 4
8992, 3
8993, 7
8995, 1
8996, 2
8997, 1
8998, 1
8999, 2
9000, 3
9001, 2
9002, 3
9003, 7
9004, 3
9005, 5
9006, 3
9007, 3
9008, 1
9009, 2
9010, 3
9011, 3
9012, 2
9013, 1
9014, 2
9015, 1
9016, 1
9017, 1
9018, 4
9019, 2
9020, 2
9021, 4
9022, 4
9023, 1
9024, 6
9025, 3
9026, 1
9027, 3
9028, 1
9029, 4
9030, 3
9031, 1
9032, 5
9033, 2
9034, 6
9035, 2
9036, 1
9037, 2
9038, 6
9039, 1
9040, 3
9041, 7
9042, 3
9043, 1
9044, 5
9046, 8
9047, 4
9048, 4
9049, 7
9050, 1
9051, 7
9052, 1
9053, 2
9054, 2
9055, 7
9056, 5
9057, 1
9058, 5
9059, 6
9060, 1
9061, 3
9062, 2
9063, 5
9064, 5
9066, 8
9067, 3
9069, 3
9070, 2
9071, 2
9072, 1
9073, 3
9074, 2
9075, 6
9076, 3
9077, 2
9078, 6
9079, 3
9081, 2
9082, 2
9083, 1
9084, 2
9085, 2
9086, 2
9087, 3
9088, 5
9089, 5
9090, 3
9091, 5
9092, 3
9093, 2
9094, 2
9095, 3
9096, 3
9098, 3
9099, 1
9100, 2
9102, 2
9103, 3
9104, 1
9105, 4
9106, 3
9107, 4
9108, 2
9109, 3
9110, 2
9111, 5
9112, 1
9113, 3
9114, 2
9115, 4
9116, 1
9117, 3
9118, 4
9119, 5
9120, 4
9121, 1
9122, 3
9123, 5
9125, 4
9126, 5
9127, 3
9128, 3
9129, 3
9130, 2
9131, 5
9132, 5
9133, 4
9134, 4
9135, 5
9136, 6
9137, 2
9138, 2
9139, 1
9140, 3
9141, 8
9142, 5
9144, 9
9145, 1
9146, 2
9147, 3
9148, 2
9149, 5
9150, 4
9151, 3
9152, 6
9153, 3
9154, 2
9155, 2
9156, 1
9158, 2
9159, 5
9160, 2
9161, 4
9162, 4
9163, 3
9164, 7
9167, 3
9168, 1
9169, 1
9170, 2
9171, 2
9172, 2
9173, 4
9174, 8
9175, 2
9176, 5
9177, 3
9178, 4
9179, 1
9180, 3
9181, 3
9182, 1
9183, 1
9184, 3
9185, 1
9186, 1
9187, 2
9189, 4
9190, 2
9191, 3
9192, 3
9193, 4
9194, 2
9195, 3
9196, 6
9198, 2
9199, 3
9200, 1
9201, 5
9202, 2
9203, 3
9204, 4
9205, 7
9207, 2
9208, 4
9209, 3
9210, 2
9211, 3
9212, 5
9213, 4
9214, 2
9215, 3
9216, 5
9217, 4
9218, 4
9219, 5
9220, 2
9221, 7
9222, 4
9223, 2
9224, 2
9225, 1
9226, 8
9227, 5
9228, 3
9229, 4
9230, 5
9231, 1
9232, 4
9233, 4
9234, 3
9235, 3
9236, 3
9237, 6
9238, 2
9239, 3
9240, 1
9241, 2
9242, 2
9244, 2
9245, 6
9246, 4
9247, 3
9248, 2
9249, 5
9250, 4
9252, 3
9253, 1
9255, 1
9256, 4
9257, 2
9258, 2
9259, 8
9260, 2
9261, 5
9262, 4
9263, 4
9264, 1
9265, 1
9266, 3
9267, 4
9268, 1
9269, 1
9270, 2
9271, 2
9272, 1
9273, 1
9274, 4
9275, 2
9276, 3
9277, 1
9278, 3
9279, 4
9280, 5
9281, 2
9282, 2
9283, 2
9284, 3
9285, 1
9286, 4
9287, 2
9288, 3
9289, 4
9290, 6
9291, 3
9292, 1
9293, 4
9294, 4
9296, 3
9297, 6
9298, 4
9299, 2
9300, 3
9301, 3
9302, 4
9303, 6
9304, 4
9305, 4
9306, 4
9307, 7
9308, 1
9309, 2
9310, 1
9311, 6
9312, 7
9313, 1
9314, 4
9315, 6
9316, 2
9317, 1
9318, 6
9320, 6
9321, 3
9322, 6
9323, 2
9324, 4
9325, 2
9326, 1
9327, 2
9328, 1
9329, 1
9330, 4
9331, 4
9332, 7
9333, 1
9334, 2
9335, 7
9337, 1
9338, 2
9339, 1
9340, 1
9341, 3
9342, 2
9343, 3
9344, 3
9345, 7
9346, 2
9347, 4
9348, 4
9349, 4
9350, 1
9351, 2
9352, 2
9353, 3
9354, 2
9355, 2
9356, 2
9358, 2
9360, 4
9361, 2
9362, 2
9363, 3
9364, 5
9365, 2
9366, 5
9367, 1
9368, 3
9369, 3
9370, 1
9371, 4
9372, 3
9373, 2
9374, 1
9375, 7
9376, 4
9377, 3
9379, 7
9380, 1
9381, 3
9382, 1
9383, 5
9384, 5
9385, 2
9386, 4
9387, 1
9388, 8
9389, 3
9390, 3
9391, 8
9392, 3
9393, 4
9394, 2
9395, 3
9396, 1
9397, 8
9398, 4
9399, 1
9400, 9
9401, 2
9402, 2
9403, 1
9404, 6
9405, 3
9406, 4
9407, 2
9408, 6
9409, 3
9410, 3
9412, 2
9413, 2
9414, 1
9415, 3
9416, 5
9417, 1
9418, 6
9419, 2
9420, 4
9421, 4
9423, 1
9424, 3
9426, 3
9427, 2
9428, 3
9429, 1
9430, 6
9431, 6
9432, 3
9433, 5
9434, 4
9436, 1
9437, 3
9438, 4
9440, 3
9441, 2
9442, 1
9443, 1
9444, 1
9445, 1
9446, 4
9447, 3
9448, 2
9449, 5
9450, 2
9451, 3
9452, 5
9453, 2
9455, 3
9456, 4
9457, 4
9458, 1
9459, 3
9460, 3
9461, 4
9462, 5
9463, 1
9464, 4
9465, 4
9467, 3
9468, 6
9469, 4
9470, 3
9471, 2
9472, 2
9473, 5
9474, 6
9475, 3
9476, 5
9477, 4
9478, 6
9479, 2
9480, 2
9481, 2
9482, 7
9483, 5
9484, 2
9485, 5
9486, 4
9487, 3
9488, 1
9489, 5
9490, 3
9491, 5
9492, 1
9493, 6
9494, 3
9495, 2
9496, 3
9497, 1
9498, 2
9499, 1
9500, 1
9501, 4
9502, 5
9503, 4
9504, 3
9505, 2
9506, 7
9508, 1
9509, 2
9510, 1
9511, 2
9512, 2
9513, 1
9514, 4
9515, 5
9516, 4
9517, 5
9518, 4
9519, 2
9520, 4
9522, 3
9523, 3
9524, 2
9525, 2
9526, 2
9527, 1
9528, 2
9529, 1
9531, 4
9532, 2
9533, 3
9534, 4
9535, 4
9537, 5
9538, 5
9540, 4
9542, 4
9543, 3
9545, 6
9546, 3
9547, 7
9548, 1
9550, 5
9551, 3
9552, 3
9553, 1
9554, 5
9555, 5
9556, 2
9557, 3
9558, 4
9559, 5
9560, 5
9561, 4
9562, 4
9563, 6
9564, 4
9565, 1
9566, 3
9568, 9
9569, 4
9570, 2
9571, 6
9572, 4
9573, 2
9574, 2
9575, 3
9576, 5
9577, 4
9578, 1
9579, 6
9580, 4
9581, 2
9582, 1
9583, 3
9584, 1
9585, 1
9586, 2
9587, 4
9588, 5
9589, 4
9590, 1
9591, 7
9592, 2
9593, 1
9594, 1
9595, 2
9597, 3
9598, 2
9599, 3
9600, 3
9601, 3
9602, 7
9603, 1
9604, 7
9605, 3
9606, 1
9607, 2
9608, 2
9609, 4
9610, 1
9611, 1
9612, 3
9613, 1
9614, 2
9616, 3
9617, 2
9618, 3
9619, 1
9620, 7
9621, 1
9622, 4
9623, 3
9624, 3
9625, 2
9626, 1
9627, 2
9628, 5
9629, 1
9630, 4
9631, 3
9632, 5
9633, 5
9635, 3
9636, 5
9637, 2
9638, 2
9639, 4
9640, 6
9642, 3
9643, 3
9644, 8
9645, 4
9646, 2
9647, 5
9648, 4
9649, 7
9650, 2
9651, 1
9652, 2
9653, 4
9654, 8
9655, 2
9656, 3
9657, 3
9658, 6
9659, 1
9660, 3
9661, 4
9662, 4
9663, 4
9664, 5
9665, 4
9666, 1
9667, 3
9668, 2
9669, 1
9670, 1
9671, 2
9672, 6
9673, 2
9674, 2
9675, 5
9676, 5
9677, 4
9679, 1
9680, 2
9681, 1
9683, 4
9684, 2
9685, 2
9686, 6
9687, 5
9688, 2
9689, 6
9690, 2
9691, 4
9692, 1
9693, 2
9694, 3
9695, 2
9696, 3
9697, 2
9698, 1
9700, 2
9701, 1
9702, 3
9703, 3
9704, 3
9705, 3
9706, 4
9707, 2
9708, 3
9709, 4
9710, 1
9711, 3
9712, 1
9713, 4
9714, 3
9715, 1
9716, 5
9717, 3
9718, 5
9719, 3
9720, 1
9721, 5
9722, 2
9723, 2
9724, 3
9725, 5
9726, 5
9727, 1
9728, 4
9729, 4
9730, 6
9731, 4
9732, 4
9733, 2
9734, 6
9735, 5
9736, 1
9737, 2
9738, 2
9739, 10
9740, 2
9741, 3
9742, 5
9743, 3
9744, 3
9745, 2
9746, 3
9747, 4
9748, 5
9749, 3
9750, 4
9751, 4
9752, 3
9754, 3
9755, 1
9756, 1
9757, 3
9758, 3
9759, 4
9760, 3
9761, 5
9762, 2
9763, 5
9764, 1
9765, 1
9766, 2
9767, 1
9768, 1
9769, 3
9770, 3
9771, 3
9772, 6
9773, 4
9774, 2
9775, 6
9776, 3
9777, 1
9778, 2
9779, 3
9780, 3
9781, 1
9782, 1
9783, 2
9784, 2
9785, 1
9786, 1
9787, 2
9788, 3
9789, 2
9790, 4
9791, 4
9792, 2
9793, 5
9794, 2
9795, 3
9796, 2
9797, 2
9798, 3
9799, 2
9800, 4
9801, 2
9802, 3
9803, 4
9804, 5
9805, 1
9806, 2
9807, 6
9808, 1
9809, 3
9810, 4
9811, 6
9812, 1
9813, 2
9814, 5
9815, 5
9816, 5
9817, 3
9818, 5
9819, 4
9820, 7
9822, 3
9823, 1
9824, 7
9825, 6
9826, 2
9827, 5
9828, 4
9829, 2
9830, 2
9831, 3
9832, 5
9833, 4
9834, 1
9835, 7
9836, 4
9837, 1
9838, 2
9839, 2
9840, 1
9841, 1
9842, 3
9843, 3
9844, 2
9845, 6
9846, 3
9847, 4
9848, 5
9849, 1
9851, 3
9853, 2
9854, 2
9855, 3
9856, 3
9857, 5
9858, 4
9859, 5
9860, 3
9861, 5
9862, 1
9863, 1
9864, 2
9865, 3
9866, 2
9867, 2
9868, 1
9869, 3
9871, 2
9873, 4
9874, 2
9875, 2
9876, 5
9877, 4
9878, 3
9879, 2
9880, 4
9881, 1
9882, 4
9884, 3
9885, 4
9886, 2
9887, 2
9888, 6
9889, 5
9890, 2
9891, 2
9892, 3
9893, 4
9894, 2
9895, 6
9896, 2
9897, 4
9899, 4
9900, 6
9901, 6
9902, 2
9903, 6
9904, 1
9905, 7
9906, 4
9908, 3
9909, 2
9910, 10
9911, 3
9912, 3
9913, 3
9914, 5
9915, 2
9916, 3
9917, 3
9918, 5
9919, 2
9920, 4
9921, 4
9922, 4
9923, 3
9924, 1
9925, 1
9926, 2
9927, 2
9928, 2
9929, 4
9930, 4
9931, 5
9932, 1
9933, 5
9934, 3
9935, 1
9936, 1
9937, 2
9939, 3
9940, 3
9941, 1
9942, 6
9943, 3
9944, 4
9945, 3
9946, 6
9947, 3
9948, 1
9949, 2
9950, 2
9951, 3
9952, 1
9953, 2
9954, 2
9955, 2
9956, 1
9957, 1
9958, 2
9959, 2
9960, 4
9961, 2
9962, 4
9963, 4
9964, 4
9965, 2
9966, 3
9967, 1
9968, 3
9969, 2
9970, 3
9971, 3
9972, 2
9973, 5
9974, 5
9975, 4
9977, 3
9978, 5
9979, 2
9980, 2
9981, 6
9982, 2
9983, 3
9984, 3
9985, 4
9986, 6
9987, 4
9988, 2
9989, 7
9990, 6
9991, 2
9992, 3
9993, 1
9994, 2
9995, 5
9996, 7
9997, 3
9998, 4
9999, 4
10000, 3
10001, 1
10002, 5
10003, 3
10004, 4
10005, 2
10006, 7
10007, 4
10008, 2
10009, 1
10010, 3
10012, 1
10013, 2
10014, 4
10015, 2
10016, 6
10017, 3
10018, 4
10019, 5
10020, 1
10022, 3
10024, 2
10025, 2
10026, 3
10027, 3
10028, 4
10029, 7
10030, 2
10031, 5
10032, 2
10033, 3
10034, 1
10035, 3
10036, 2
10037, 3
10038, 1
10039, 2
10040, 2
10041, 1
10043, 3
10044, 2
10045, 3
10046, 2
10047, 5
10048, 3
10049, 3
10050, 4
10051, 3
10053, 4
10054, 2
10055, 3
10056, 2
10057, 2
10058, 4
10059, 5
10060, 5
10061, 1
10062, 1
10063, 6
10064, 2
10065, 2
10066, 4
10067, 3
10068, 4
10069, 2
10070, 4
10071, 6
10072, 4
10073, 3
10074, 4
10075, 6
10076, 5
10077, 3
10078, 1
10079, 2
10080, 7
10081, 5
10082, 3
10083, 1
10084, 6
10085, 3
10086, 4
10087, 2
10088, 5
10089, 2
10090, 4
10091, 4
10092, 4
10093, 3
10094, 3
10095, 1
10096, 2
10097, 1
10098, 1
10099, 5
10100, 3
10101, 2
10102, 5
10103, 2
10104, 6
10105, 2
10106, 1
10107, 2
10108, 1
10109, 1
10110, 1
10111, 4
10112, 3
10113, 5
10114, 3
10115, 4
10116, 4
10117, 4
10118, 3
10119, 2
10120, 1
10121, 3
10122, 3
10123, 1
10124, 2
10125, 2
10126, 1
10127, 1
10128, 1
10129, 3
10130, 3
10131, 3
10132, 2
10133, 5
10134, 2
10135, 4
10136, 1
10137, 4
10138, 3
10139, 1
10140, 3
10141, 3
10142, 2
10143, 2
10144, 4
10145, 6
10146, 3
10147, 2
10148, 3
10149, 5
10150, 1
10151, 2
10152, 6
10153, 4
10154, 1
10155, 4
10156, 3
10157, 7
10158, 4
10159, 4
10160, 5
10161, 6
10162, 3
10164, 2
10165, 2
10166, 8
10167, 5
10168, 2
10169, 5
10170, 3
10171, 3
10172, 3
10173, 2
10174, 5
10175, 4
10176, 1
10177, 7
10178, 2
10179, 4
10180, 1
10181, 2
10182, 2
10184, 2
10185, 4
10186, 4
10187, 3
10188, 5
10189, 2
10190, 6
10192, 2
10193, 2
10195, 3
10196, 2
10197, 3
10198, 5
10199, 3
10200, 3
10201, 3
10202, 7
10203, 1
10204, 3
10205, 2
10206, 2
10207, 3
10208, 2
10209, 1
10210, 2
10211, 2
10212, 1
10213, 1
10214, 2
10215, 2
10216, 4
10217, 1
10218, 4
10219, 4
10220, 3
10221, 4
10222, 3
10223, 1
10224, 2
10225, 2
10226, 5
10227, 1
10228, 3
10229, 3
10230, 4
10231, 6
10232, 1
10233, 2
10234, 3
10235, 4
10236, 1
10237, 5
10238, 5
10239, 2
10240, 4
10241, 2
10242, 6
10243, 4
10244, 5
10245, 2
10246, 6
10247, 7
10248, 1
10249, 2
10250, 2
10251, 5
10252, 7
10253, 1
10254, 4
10255, 7
10257, 3
10258, 3
10259, 5
10260, 2
10261, 4
10262, 2
10263, 7
10264, 3
10265, 1
10266, 3
10268, 2
10269, 1
10270, 3
10271, 7
10272, 2
10273, 3
10274, 2
10275, 6
10276, 2
10278, 3
10279, 1
10280, 1
10281, 3
10282, 1
10283, 3
10284, 6
10285, 5
10286, 2
10287, 6
10288, 2
10289, 4
10290, 1
10291, 1
10292, 4
10293, 2
10294, 1
10295, 2
10296, 2
10297, 1
10298, 1
10299, 1
10300, 3
10301, 3
10302, 3
10303, 3
10304, 4
10305, 1
10306, 5
10307, 3
10308, 2
10309, 2
10310, 2
10311, 4
10312, 3
10313, 1
10314, 5
10315, 4
10316, 3
10317, 4
10318, 1
10319, 2
10320, 6
10321, 2
10322, 3
10323, 5
10324, 3
10325, 1
10326, 4
10327, 2
10328, 7
10329, 5
10330, 3
10331, 5
10332, 4
10333, 5
10334, 1
10335, 3
10336, 2
10337, 6
10338, 6
10339, 1
10340, 7
10341, 4
10342, 1
10343, 1
10344, 5
10345, 4
10346, 5
10347, 1
10348, 7
10349, 3
10350, 3
10352, 2
10353, 1
10354, 2
10355, 1
10356, 6
10357, 3
10358, 4
10359, 2
10360, 3
10361, 6
10363, 2
10364, 2
10365, 1
10366, 2
10367, 2
10368, 2
10369, 5
10370, 4
10371, 5
10372, 3
10373, 5
10374, 3
10375, 1
10376, 1
10377, 4
10378, 3
10380, 3
10381, 2
10382, 1
10383, 1
10384, 1
10386, 4
10387, 4
10388, 3
10389, 3
10390, 3
10391, 3
10392, 3
10393, 4
10395, 4
10396, 2
10397, 3
10398, 3
10399, 2
10400, 4
10401, 5
10402, 4
10403, 1
10405, 7
10406, 2
10407, 3
10408, 3
10409, 5
10410, 3
10411, 2
10412, 3
10413, 7
10414, 5
10415, 1
10416, 5
10417, 6
10418, 5
10419, 2
10420, 2
10421, 2
10422, 4
10423, 7
10424, 3
10425, 5
10426, 4
10427, 3
10428, 1
10429, 3
10430, 5
10431, 3
10432, 3
10433, 7
10434, 3
10435, 2
10436, 2
10437, 1
10438, 2
10439, 1
10440, 1
10441, 4
10442, 5
10443, 2
10444, 4
10445, 3
10446, 5
10447, 2
10448, 1
10449, 1
10450, 2
10451, 1
10452, 2
10453, 2
10454, 4
10455, 5
10456, 5
10457, 2
10458, 5
10459, 3
10460, 4
10462, 3
10463, 2
10464, 3
10465, 1
10466, 3
10467, 2
10469, 1
10470, 1
10471, 4
10472, 2
10473, 2
10474, 4
10475, 5
10476, 1
10477, 4
10478, 3
10479, 2
10480, 3
10481, 2
10482, 2
10483, 4
10484, 2
10485, 3
10486, 5
10487, 4
10488, 3
10489, 1
10490, 5
10491, 2
10492, 1
10493, 4
10494, 6
10495, 3
10496, 1
10497, 3
10498, 6
10499, 4
10500, 5
10501, 4
10502, 4
10503, 5
10504, 4
10505, 2
10506, 2
10507, 1
10508, 8
10509, 5
10510, 1
10511, 8
10512, 2
10513, 2
10514, 2
10515, 5
10516, 3
10517, 4
10518, 3
10519, 6
10520, 3
10521, 2
10522, 2
10523, 1
10524, 1
10525, 2
10526, 2
10527, 5
10528, 3
10529, 5
10530, 1
10531, 6
10532, 3
10533, 1
10535, 3
10537, 3
10538, 2
10539, 3
10540, 2
10541, 6
10542, 3
10543, 5
10544, 5
10545, 2
10546, 2
10547, 2
10548, 2
10549, 4
10551, 3
10552, 2
10553, 1
10554, 1
10555, 1
10556, 2
10557, 2
10558, 3
10559, 2
10560, 6
10561, 2
10562, 3
10563, 2
10564, 5
10565, 1
10566, 3
10567, 2
10568, 3
10569, 2
10570, 2
10571, 4
10572, 7
10573, 3
10574, 1
10575, 1
10576, 5
10577, 3
10578, 3
10579, 1
10580, 5
10581, 4
10582, 2
10583, 4
10584, 5
10585, 7
10586, 3
10587, 3
10588, 6
10589, 4
10590, 4
10591, 2
10592, 1
10593, 5
10594, 5
10595, 4
10596, 2
10597, 8
10598, 1
10599, 2
10600, 3
10601, 6
10602, 1
10603, 4
10604, 6
10605, 3
10606, 2
10607, 2
10608, 1
10609, 3
10610, 1
10611, 2
10612, 2
10613, 5
10614, 3
10615, 5
10616, 2
10617, 7
10620, 2
10621, 2
10622, 3
10624, 3
10625, 2
10626, 5
10627, 6
10628, 3
10629, 2
10630, 5
10631, 3
10632, 1
10633, 2
10634, 4
10635, 2
10636, 2
10637, 1
10638, 2
10639, 1
10640, 1
10641, 1
10642, 4
10643, 3
10644, 1
10645, 3
10646, 6
10647, 3
10648, 1
10649, 4
10650, 2
10651, 3
10652, 1
10653, 3
10654, 4
10655, 3
10656, 2
10657, 4
10658, 5
10659, 3
10661, 4
10662, 4
10663, 2
10664, 3
10665, 6
10666, 3
10667, 1
10668, 3
10669, 5
10670, 6
10671, 4
10672, 5
10673, 3
10674, 6
10675, 4
10676, 1
10677, 2
10678, 4
10679, 6
10680, 4
10681, 1
10682, 6
10683, 4
10684, 2
10685, 2
10686, 4
10687, 5
10688, 3
10689, 3
10690, 6
10691, 3
10692, 2
10693, 1
10694, 2
10695, 2
10697, 3
10698, 3
10699, 5
10700, 4
10701, 2
10702, 5
10703, 4
10705, 4
10708, 2
10709, 4
10710, 1
10711, 7
10712, 2
10713, 4
10714, 3
10715, 5
10716, 3
10717, 2
10718, 2
10719, 3
10720, 2
10721, 1
10722, 3
10723, 2
10725, 1
10726, 2
10727, 2
10728, 3
10729, 2
10730, 2
10731, 4
10732, 4
10733, 5
10734, 3
10735, 2
10736, 2
10737, 2
10738, 1
10739, 6
10741, 3
10742, 3
10743, 6
10744, 3
10745, 2
10746, 4
10747, 2
10748, 4
10749, 2
10750, 4
10751, 4
10752, 3
10753, 1
10754, 5
10755, 6
10756, 4
10757, 3
10758, 4
10759, 5
10760, 7
10761, 2
10762, 1
10763, 2
10764, 6
10765, 6
10766, 2
10767, 5
10768, 5
10769, 1
10770, 1
10771, 6
10772, 3
10773, 4
10774, 2
10775, 6
10776, 2
10777, 3
10778, 3
10780, 3
10781, 1
10782, 2
10783, 4
10784, 5
10785, 1
10786, 5
10787, 2
10788, 6
10789, 1
10790, 1
10791, 2
10792, 1
10793, 1
10794, 3
10795, 2
10796, 4
10797, 3
10798, 5
10799, 3
10800, 5
10801, 3
10802, 4
10804, 2
10805, 4
10806, 2
10807, 1
10808, 4
10809, 1
10811, 2
10813, 4
10814, 2
10815, 3
10816, 3
10817, 4
10818, 3
10819, 3
10820, 4
10821, 1
10822, 3
10823, 2
10824, 3
10825, 3
10826, 1
10827, 5
10828, 2
10829, 5
10830, 4
10831, 1
10832, 5
10833, 2
10834, 3
10835, 3
10836, 5
10837, 4
10838, 2
10839, 3
10840, 3
10841, 4
10842, 6
10843, 6
10844, 3
10845, 4
10846, 5
10847, 2
10848, 2
10849, 4
10850, 4
10851, 5
10852, 3
10853, 4
10854, 4
10855, 2
10856, 2
10857, 5
10858, 4
10859, 3
10860, 2
10861, 7
10862, 2
10863, 3
10864, 2
10865, 1
10866, 2
10867, 1
10868, 1
10869, 7
10870, 2
10871, 5
10872, 2
10873, 7
10874, 1
10875, 1
10876, 1
10877, 1
10878, 1
10879, 1
10880, 4
10881, 2
10882, 3
10883, 7
10884, 4
10885, 3
10886, 5
10887, 2
10888, 2
10889, 1
10890, 2
10891, 5
10892, 1
10893, 1
10894, 1
10895, 3
10896, 1
10897, 1
10898, 2
10899, 3
10900, 2
10901, 3
10902, 5
10903, 2
10904, 5
10905, 1
10906, 4
10907, 1
10908, 3
10909, 1
10910, 3
10911, 5
10912, 3
10913, 2
10914, 6
10915, 4
10917, 3
10918, 4
10919, 2
10920, 3
10921, 4
10922, 3
10923, 4
10924, 3
10925, 4
10926, 5
10927, 4
10928, 3
10929, 5
10930, 6
10931, 6
10933, 2
10934, 2
10935, 3
10936, 9
10937, 3
10938, 2
10939, 8
10940, 1
10942, 6
10943, 3
10944, 4
10945, 2
10946, 6
10947, 3
10948, 2
10949, 3
10950, 1
10951, 1
10952, 2
10953, 1
10954, 6
10955, 2
10956, 4
10957, 4
10958, 1
10959, 7
10960, 1
10961, 1
10962, 3
10964, 1
10965, 3
10966, 3
10967, 2
10968, 5
10969, 6
10970, 3
10971, 6
10972, 1
10973, 3
10974, 1
10975, 2
10976, 4
10977, 1
10978, 2
10979, 1
10980, 2
10981, 2
10982, 1
10984, 3
10985, 3
10986, 3
10987, 2
10988, 6
10989, 2
10990, 4
10991, 4
10993, 4
10995, 3
10996, 4
10997, 3
10998, 2
10999, 3
11000, 6
11001, 3
11002, 1
11003, 5
11004, 3
11005, 2
11006, 2
11007, 6
11008, 3
11009, 1
11010, 5
11011, 4
11012, 4
11013, 5
11014, 4
11015, 4
11016, 7
11017, 3
11019, 2
11020, 5
11021, 7
11022, 3
11023, 3
11024, 5
11025, 4
11026, 2
11027, 1
11028, 5
11029, 3
11030, 5
11031, 2
11032, 6
11033, 3
11034, 2
11035, 1
11036, 3
11038, 2
11039, 3
11040, 3
11041, 4
11042, 5
11043, 2
11044, 4
11045, 4
11047, 3
11048, 1
11050, 3
11051, 2
11052, 2
11053, 4
11054, 5
11055, 4
11056, 3
11057, 6
11058, 2
11059, 2
11060, 2
11061, 3
11062, 2
11063, 1
11064, 3
11065, 2
11066, 1
11067, 1
11068, 1
11069, 2
11070, 2
11071, 4
11072, 3
11073, 3
11074, 3
11075, 5
11076, 1
11077, 4
11078, 2
11079, 2
11080, 3
11081, 3
11082, 3
11083, 4
11084, 1
11085, 6
11086, 4
11088, 2
11089, 5
11090, 3
11091, 3
11092, 1
11093, 7
11094, 2
11095, 3
11096, 2
11097, 5
11098, 7
11099, 3
11100, 5
11101, 4
11102, 4
11103, 3
11104, 2
11105, 1
11106, 6
11107, 8
11108, 2
11109, 4
11110, 5
11111, 1
11112, 3
11113, 3
11114, 4
11115, 5
11116, 1
11117, 4
11118, 5
11119, 2
11120, 3
11121, 2
11122, 2
11124, 1
11125, 6
11126, 4
11127, 5
11128, 2
11130, 8
11132, 1
11133, 2
11134, 1
11136, 4
11137, 3
11138, 2
11139, 5
11140, 5
11141, 4
11142, 4
11143, 4
11144, 2
11145, 1
11146, 3
11147, 2
11148, 2
11149, 2
11150, 2
11151, 2
11152, 1
11153, 1
11155, 4
11156, 3
11157, 1
11158, 3
11159, 6
11160, 3
11161, 3
11162, 3
11163, 2
11164, 2
11165, 2
11166, 5
11167, 1
11168, 3
11169, 2
11170, 4
11171, 5
11172, 3
11173, 1
11174, 4
11175, 4
11176, 3
11177, 3
11178, 4
11179, 3
11180, 2
11181, 4
11182, 2
11183, 7
11184, 3
11185, 6
11186, 5
11187, 3
11188, 5
11189, 1
11190, 3
11191, 2
11192, 6
11193, 5
11194, 2
11195, 7
11196, 3
11197, 2
11198, 3
11199, 4
11200, 4
11201, 2
11202, 3
11203, 6
11204, 3
11205, 3
11207, 3
11208, 1
11209, 2
11210, 3
11211, 3
11212, 4
11213, 3
11214, 3
11215, 6
11216, 2
11218, 2
11219, 2
11221, 3
11222, 1
11223, 5
11224, 2
11225, 7
11226, 2
11227, 4
11228, 5
11229, 4
11230, 1
11231, 2
11232, 1
11233, 4
11234, 1
11235, 2
11236, 2
11237, 1
11238, 1
11239, 1
11240, 3
11241, 2
11242, 2
11243, 4
11244, 5
11245, 2
11246, 4
11247, 3
11248, 2
11249, 2
11250, 2
11251, 3
11252, 4
11253, 1
11254, 5
11255, 2
11256, 3
11257, 5
11258, 1
11259, 4
11260, 5
11262, 3
11263, 5
11264, 4
11265, 2
11266, 4
11267, 2
11268, 6
11269, 3
11270, 5
11271, 5
11272, 4
11273, 6
11274, 1
11275, 2
11276, 2
11277, 6
11278, 6
11279, 2
11280, 4
11281, 6
11282, 1
11283, 2
11284, 4
11285, 5
11286, 3
11287, 2
11288, 7
11289, 3
11290, 1
11291, 3
11292, 1
11293, 2
11294, 1
11295, 2
11296, 4
11297, 3
11298, 4
11299, 5
11300, 1
11301, 7
11303, 1
11304, 3
11306, 3
11307, 1
11308, 2
11309, 6
11310, 2
11311, 5
11312, 3
11313, 7
11314, 2
11315, 2
11316, 1
11317, 2
11318, 3
11319, 2
11320, 2
11321, 2
11322, 1
11323, 1
11324, 2
11325, 1
11326, 3
11327, 2
11328, 5
11329, 1
11330, 5
11331, 3
11332, 1
11333, 6
11334, 1
11335, 2
11336, 1
11337, 5
11338, 2
11339, 3
11340, 4
11341, 4
11342, 3
11343, 3
11345, 6
11346, 3
11347, 1
11348, 2
11349, 7
11350, 3
11351, 2
11352, 4
11353, 4
11354, 6
11355, 2
11356, 5
11357, 4
11358, 6
11359, 4
11360, 2
11361, 1
11362, 5
11363, 5
11364, 4
11365, 3
11366, 4
11367, 5
11368, 2
11369, 2
11370, 3
11371, 4
11372, 5
11373, 3
11374, 5
11375, 3
11376, 3
11378, 2
11379, 2
11381, 6
11382, 2
11383, 3
11384, 5
11385, 1
11386, 6
11387, 3
11388, 1
11390, 3
11392, 4
11393, 1
11394, 4
11395, 5
11396, 4
11397, 2
11398, 6
11399, 3
11400, 4
11402, 2
11403, 3
11404, 3
11405, 1
11406, 1
11407, 2
11408, 2
11409, 1
11410, 1
11411, 2
11412, 3
11413, 4
11414, 2
11415, 4
11416, 2
11417, 4
11418, 4
11419, 2
11420, 1
11421, 3
11422, 2
11423, 5
11425, 6
11426, 1
11427, 6
11428, 3
11429, 1
11430, 3
11431, 5
11432, 2
11433, 2
11434, 3
11435, 7
11436, 2
11437, 2
11438, 4
11439, 5
11440, 5
11441, 3
11442, 5
11443, 5
11444, 4
11445, 3
11446, 2
11447, 1
11448, 4
11449, 7
11450, 3
11451, 6
11452, 4
11453, 2
11454, 2
11455, 5
11456, 2
11457, 5
11458, 1
11459, 7
11460, 3
11461, 1
11462, 3
11463, 1
11464, 3
11466, 2
11467, 6
11468, 2
11469, 3
11470, 4
11471, 5
11472, 4
11474, 1
11475, 2
11476, 1
11477, 2
11478, 2
11479, 4
11480, 1
11481, 6
11482, 5
11483, 1
11484, 6
11485, 4
11486, 2
11488, 4
11489, 3
11490, 1
11491, 2
11492, 1
11493, 3
11495, 2
11496, 1
11497, 3
11498, 3
11499, 3
11500, 4
11501, 3
11502, 3
11503, 4
11504, 3
11506, 4
11507, 1
11508, 4
11509, 2
11510, 3
11511, 3
11512, 3
11513, 5
11514, 3
11515, 2
11516, 5
11517, 2
11518, 2
11519, 4
11520, 4
11521, 3
11522, 3
11523, 3
11524, 4
11525, 7
11526, 3
11527, 2
11528, 7
11529, 5
11530, 3
11532, 4
11533, 2
11534, 6
11535, 5
11536, 3
11537, 4
11538, 5
11539, 2
11540, 3
11541, 4
11542, 4
11543, 3
11544, 2
11545, 7
11546, 2
11547, 2
11548, 3
11550, 1
11551, 3
11552, 3
11553, 5
11554, 1
11555, 5
11556, 3
11557, 3
11558, 4
11559, 1
11560, 1
11561, 2
11563, 3
11564, 3
11566, 7
11567, 4
11568, 4
11569, 4
11570, 4
11571, 4
11573, 3
11574, 2
11575, 3
11576, 1
11577, 3
11578, 2
11580, 2
11582, 1
11583, 3
11584, 4
11585, 3
11586, 5
11587, 1
11588, 4
11589, 2
11590, 4
11592, 4
11593, 4
11594, 2
11595, 1
11596, 3
11597, 4
11598, 7
11599, 2
11600, 1
11601, 3
11602, 5
11603, 2
11604, 1
11605, 5
11606, 5
11607, 3
11608, 1
11609, 5
11610, 5
11611, 4
11612, 5
11613, 5
11614, 4
11615, 4
11616, 2
11617, 3
11618, 1
11619, 7
11620, 6
11621, 2
11622, 4
11623, 5
11624, 1
11625, 2
11626, 5
11627, 3
11628, 3
11629, 5
11630, 5
11631, 2
11632, 3
11633, 2
11634, 3
11636, 2
11637, 1
11638, 5
11639, 2
11640, 6
11641, 3
11642, 2
11643, 6
11645, 1
11646, 3
11648, 2
11649, 3
11650, 1
11651, 4
11652, 4
11653, 7
11655, 7
11656, 3
11657, 2
11658, 1
11659, 3
11660, 3
11661, 1
11662, 2
11663, 1
11664, 3
11665, 1
11666, 1
11667, 1
11668, 3
11669, 3
11670, 3
11671, 5
11672, 2
11673, 3
11674, 5
11675, 2
11676, 2
11677, 2
11678, 2
11679, 3
11680, 2
11681, 4
11682, 3
11683, 5
11684, 3
11685, 2
11686, 2
11687, 3
11688, 3
11689, 3
11690, 4
11691, 4
11692, 3
11693, 1
11694, 6
11695, 3
11696, 7
11697, 3
11698, 3
11699, 3
11700, 5
11701, 6
11702, 1
11703, 2
11704, 2
11705, 9
11706, 3
11707, 4
11708, 4
11709, 5
11711, 3
11712, 6
11713, 3
11714, 3
11715, 4
11716, 5
11717, 2
11718, 2
11719, 2
11720, 2
11722, 3
11723, 2
11724, 5
11725, 3
11726, 4
11727, 2
11728, 5
11729, 3
11730, 1
11731, 3
11733, 1
11734, 4
11736, 3
11737, 4
11738, 5
11739, 4
11740, 3
11741, 5
11742, 4
11744, 3
11745, 1
11746, 4
11747, 1
11748, 1
11749, 3
11750, 1
11751, 2
11753, 4
11754, 2
11755, 2
11756, 4
11757, 4
11758, 2
11759, 4
11760, 4
11761, 1
11762, 3
11763, 2
11764, 1
11765, 3
11766, 4
11767, 4
11768, 1
11769, 7
11770, 3
11771, 1
11772, 3
11773, 4
11774, 2
11775, 2
11776, 6
11777, 4
11778, 1
11779, 3
11780, 3
11781, 6
11782, 4
11783, 4
11784, 5
11785, 4
11786, 6
11787, 1
11788, 3
11789, 1
11790, 9
11791, 3
11792, 2
11793, 5
11794, 6
11795, 1
11796, 2
11797, 4
11798, 4
11799, 4
11800, 2
11801, 5
11802, 5
11803, 2
11804, 1
11805, 1
11806, 2
11807, 2
11808, 2
11809, 4
11810, 4
11811, 5
11812, 2
11813, 3
11814, 5
11816, 1
11817, 3
11819, 1
11820, 3
11821, 3
11822, 4
11823, 5
11824, 5
11825, 1
11826, 6
11827, 3
11828, 2
11829, 2
11830, 3
11831, 2
11832, 1
11833, 2
11834, 1
11835, 3
11836, 1
11837, 1
11838, 1
11839, 4
11840, 3
11841, 2
11842, 4
11843, 3
11844, 2
11845, 5
11846, 3
11847, 1
11848, 3
11849, 1
11850, 4
11851, 3
11852, 4
11853, 2
11854, 3
11855, 6
11856, 1
11857, 3
11858, 4
11859, 2
11860, 3
11861, 4
11862, 3
11863, 4
11864, 3
11865, 2
11866, 6
11867, 3
11868, 4
11869, 6
11870, 4
11871, 4
11872, 5
11873, 1
11874, 2
11875, 6
11876, 6
11877, 1
11878, 5
11879, 5
11880, 2
11881, 1
11882, 5
11883, 2
11884, 3
11885, 5
11886, 4
11887, 5
11888, 2
11889, 3
11891, 3
11892, 1
11893, 1
11894, 4
11895, 3
11896, 6
11897, 2
11898, 2
11899, 7
11900, 1
11901, 1
11902, 3
11904, 1
11905, 2
11906, 2
11907, 3
11908, 3
11909, 9
11910, 1
11911, 2
11912, 6
11913, 3
11914, 1
11915, 3
11916, 2
11917, 3
11918, 1
11919, 2
11920, 2
11921, 1
11922, 1
11923, 1
11924, 2
11925, 4
11926, 2
11927, 3
11928, 6
11929, 2
11930, 3
11931, 3
11932, 2
11933, 2
11934, 2
11935, 3
11936, 3
11937, 2
11938, 6
11939, 2
11940, 5
11941, 2
11942, 2
11943, 3
11944, 5
11945, 1
11946, 2
11947, 7
11948, 3
11949, 2
11950, 3
11951, 3
11952, 6
11953, 5
11954, 1
11955, 7
11956, 3
11957, 6
11958, 1
11959, 3
11960, 1
11961, 8
11962, 5
11963, 4
11964, 4
11965, 3
11966, 2
11967, 2
11968, 3
11969, 5
11970, 4
11971, 2
11972, 6
11973, 2
11974, 4
11975, 1
11976, 3
11977, 1
11978, 2
11979, 1
11980, 4
11981, 5
11982, 4
11983, 2
11984, 4
11985, 4
11987, 2
11988, 1
11989, 2
11990, 1
11991, 3
11992, 3
11993, 4
11994, 5
11995, 3
11996, 4
11997, 5
11998, 1
11999, 3
12000, 1
12001, 3
12002, 3
12003, 1
12004, 3
12005, 2
12006, 1
12007, 1
12008, 1
12009, 1
12010, 3
12011, 4
12012, 2
12013, 7
12015, 3
12016, 3
12017, 4
12018, 1
12019, 2
12020, 2
12021, 3
12022, 3
12023, 2
12024, 5
12025, 4
12026, 5
12027, 1
12028, 2
12029, 3
12030, 4
12031, 2
12032, 3
12033, 5
12034, 4
12035, 2
12036, 2
12037, 4
12038, 8
12039, 3
12040, 4
12041, 5
12042, 6
12043, 2
12044, 1
12045, 3
12046, 2
12047, 9
12048, 3
12049, 3
12050, 7
12051, 1
12052, 2
12053, 4
12054, 3
12055, 4
12056, 3
12057, 4
12058, 5
12059, 2
12060, 2
12061, 2
12062, 2
12063, 1
12064, 1
12065, 5
12066, 3
12067, 4
12068, 3
12069, 3
12070, 7
12072, 1
12073, 1
12074, 2
12075, 2
12076, 1
12077, 2
12078, 3
12079, 4
12080, 6
12081, 3
12082, 6
12083, 2
12084, 4
12085, 1
12086, 2
12087, 3
12088, 2
12089, 1
12090, 2
12091, 3
12093, 1
12094, 1
12095, 3
12096, 3
12097, 2
12098, 2
12099, 7
12100, 1
12101, 4
12102, 3
12103, 2
12104, 1
12105, 3
12106, 4
12107, 3
12108, 2
12109, 4
12110, 2
12111, 6
12112, 3
12113, 1
12114, 4
12115, 4
12116, 1
12117, 2
12118, 7
12119, 2
12120, 2
12121, 3
12122, 5
12123, 5
12124, 5
12125, 3
12126, 5
12127, 5
12128, 5
12129, 1
12130, 1
12131, 3
12132, 8
12133, 3
12134, 4
12135, 5
12136, 3
12137, 2
12138, 2
12139, 6
12140, 3
12141, 3
12142, 1
12143, 8
12144, 2
12145, 3
12146, 1
12147, 3
12149, 1
12150, 3
12151, 5
12152, 3
12153, 5
12154, 1
12155, 5
12156, 4
12158, 2
12159, 2
12161, 2
12162, 3
12163, 2
12164, 3
12165, 6
12166, 5
12167, 2
12168, 6
12169, 3
12170, 1
12171, 1
12172, 4
12173, 1
12174, 2
12175, 2
12176, 3
12178, 2
12179, 1
12180, 2
12181, 3
12182, 3
12183, 1
12184, 6
12185, 2
12186, 4
12187, 2
12188, 4
12190, 4
12191, 1
12192, 5
12193, 1
12194, 3
12195, 4
12196, 4
12197, 5
12198, 1
12199, 3
12200, 4
12201, 2
12202, 3
12203, 4
12204, 3
12205, 4
12206, 2
12207, 4
12208, 5
12209, 5
12210, 4
12211, 3
12212, 6
12213, 5
12214, 3
12215, 2
12216, 1
12217, 6
12218, 6
12219, 2
12220, 4
12221, 6
12222, 1
12223, 1
12224, 6
12225, 3
12226, 3
12227, 3
12228, 7
12229, 2
12230, 2
12231, 3
12232, 2
12233, 1
12234, 1
12235, 2
12236, 5
12237, 4
12238, 2
12239, 4
12240, 1
12241, 6
12242, 2
12243, 1
12244, 3
12247, 3
12248, 3
12249, 3
12250, 5
12251, 4
12252, 3
12253, 6
12254, 2
12255, 4
12256, 1
12257, 2
12258, 3
12259, 2
12260, 1
12261, 4
12262, 1
12264, 2
12266, 4
12267, 1
12268, 3
12269, 4
12270, 5
12271, 2
12272, 3
12273, 4
12274, 1
12275, 2
12276, 2
12277, 2
12278, 5
12279, 3
12280, 3
12281, 3
12282, 4
12283, 4
12284, 1
12285, 4
12286, 3
12287, 3
12288, 2
12289, 6
12290, 4
12291, 1
12292, 4
12293, 2
12294, 7
12295, 3
12296, 5
12297, 6
12298, 3
12299, 4
12300, 2
12301, 2
12302, 3
12303, 6
12304, 5
12305, 4
12306, 4
12307, 4
12308, 1
12309, 3
12310, 5
12311, 3
12312, 4
12313, 3
12314, 4
12315, 2
12316, 5
12317, 1
12318, 1
12319, 2
12320, 1
12321, 3
12322, 4
12323, 3
12324, 3
12325, 5
12326, 4
12327, 3
12328, 1
12329, 1
12330, 2
12332, 2
12333, 4
12334, 2
12335, 6
12336, 2
12337, 5
12338, 2
12339, 6
12340, 2
12341, 2
12342, 2
12343, 2
12344, 3
12345, 3
12346, 1
12347, 2
12348, 1
12349, 1
12350, 1
12351, 2
12352, 2
12353, 5
12354, 3
12355, 2
12356, 3
12357, 5
12358, 2
12359, 3
12360, 2
12361, 1
12362, 3
12363, 4
12364, 2
12365, 3
12366, 3
12367, 5
12368, 3
12369, 2
12370, 2
12371, 6
12372, 1
12373, 3
12374, 4
12375, 6
12376, 1
12377, 3
12378, 3
12379, 5
12380, 4
12381, 5
12382, 3
12383, 5
12384, 7
12385, 1
12386, 3
12387, 1
12388, 5
12389, 7
12390, 2
12391, 4
12392, 7
12393, 1
12394, 1
12395, 3
12396, 5
12397, 4
12398, 2
12399, 5
12400, 4
12401, 2
12402, 3
12403, 2
12404, 1
12405, 1
12406, 1
12407, 5
12408, 3
12409, 6
12410, 3
12411, 2
12412, 6
12414, 1
12415, 2
12416, 1
12417, 1
12418, 3
12419, 2
12420, 3
12421, 5
12422, 6
12423, 1
12424, 7
12425, 2
12426, 3
12427, 1
12428, 3
12429, 4
12431, 2
12432, 2
12433, 2
12435, 2
12437, 3
12438, 3
12439, 3
12440, 6
12441, 2
12442, 3
12443, 2
12444, 5
12446, 4
12447, 2
12448, 2
12449, 3
12450, 2
12451, 4
12452, 4
12453, 6
12454, 1
12456, 6
12457, 3
12458, 2
12459, 5
12460, 3
12461, 4
12462, 1
12463, 3
12464, 4
12465, 5
12466, 4
12467, 7
12468, 2
12469, 4
12470, 6
12471, 2
12472, 2
12473, 2
12474, 7
12475, 4
12476, 3
12477, 4
12478, 4
12479, 2
12480, 3
12481, 3
12482, 5
12483, 4
12484, 3
12485, 4
12486, 3
12487, 2
12488, 3
12489, 1
12490, 2
12492, 4
12493, 3
12494, 5
12495, 5
12496, 2
12497, 5
12498, 2
12499, 1
12500, 2
12501, 1
12503, 3
12504, 2
12505, 4
12506, 5
12507, 3
12508, 3
12509, 5
12510, 3
12511, 4
12512, 2
12513, 2
12514, 2
12515, 3
12516, 1
12517, 2
12518, 2
12519, 1
12520, 1
12521, 1
12522, 3
12523, 2
12524, 2
12525, 4
12526, 5
12527, 1
12528, 4
12529, 4
12530, 2
12531, 2
12532, 2
12533, 3
12534, 3
12535, 1
12536, 3
12537, 4
12538, 6
12539, 2
12540, 2
12541, 3
12542, 5
12544, 4
12545, 5
12546, 3
12547, 3
12548, 3
12549, 3
12550, 7
12551, 4
12552, 3
12553, 4
12554, 5
12555, 7
12557, 2
12558, 2
12559, 9
12560, 4
12561, 1
12562, 6
12563, 1
12564, 5
12565, 1
12566, 3
12567, 5
12568, 3
12569, 3
12570, 7
12571, 2
12572, 3
12573, 2
12574, 2
12575, 1
12576, 1
12577, 2
12578, 5
12579, 4
12581, 6
12582, 2
12583, 7
12585, 1
12586, 3
12588, 3
12589, 2
12590, 3
12591, 2
12592, 3
12593, 6
12594, 4
12595, 4
12596, 2
12597, 4
12598, 1
12599, 3
12600, 3
12601, 1
12602, 1
12603, 3
12604, 2
12606, 2
12607, 1
12608, 3
12609, 3
12610, 4
12612, 6
12613, 1
12614, 4
12615, 2
12616, 3
12617, 3
12618, 3
12619, 2
12620, 3
12621, 1
12622, 3
12623, 7
12624, 3
12625, 3
12626, 1
12627, 6
12628, 2
12629, 3
12630, 1
12631, 6
12632, 4
12634, 5
12635, 4
12636, 7
12637, 4
12638, 2
12639, 3
12640, 8
12641, 3
12643, 3
12644, 4
12645, 7
12646, 3
12647, 4
12648, 3
12649, 5
12650, 1
12651, 2
12652, 5
12653, 4
12654, 4
12655, 3
12656, 5
12657, 3
12658, 2
12659, 2
12660, 2
12661, 1
12662, 2
12663, 3
12664, 3
12665, 3
12666, 6
12668, 3
12669, 6
12670, 1
12671, 1
12672, 2
12673, 1
12674, 2
12675, 2
12676, 2
12677, 4
12678, 6
12679, 4
12680, 2
12681, 6
12682, 3
12683, 1
12684, 3
12685, 1
12686, 4
12687, 1
12688, 2
12689, 2
12690, 1
12691, 1
12692, 1
12693, 2
12694, 3
12695, 2
12696, 4
12697, 6
12698, 1
12699, 3
12700, 4
12701, 2
12702, 2
12703, 2
12704, 4
12705, 2
12706, 3
12707, 4
12708, 1
12709, 6
12710, 3
12711, 1
12712, 4
12713, 4
12714, 2
12715, 2
12716, 3
12717, 5
12718, 3
12719, 4
12720, 1
12721, 8
12722, 4
12723, 4
12724, 3
12725, 7
12726, 4
12727, 1
12728, 3
12730, 8
12731, 6
12732, 2
12733, 4
12734, 5
12735, 2
12736, 2
12737, 4
12738, 3
12739, 4
12740, 2
12741, 6
12742, 3
12743, 2
12744, 3
12745, 1
12746, 2
12747, 1
12748, 2
12749, 5
12750, 4
12751, 4
12752, 3
12753, 1
12754, 7
12755, 1
12756, 1
12757, 2
12759, 3
12760, 1
12761, 1
12762, 5
12763, 2
12764, 7
12765, 2
12766, 5
12767, 5
12768, 2
12769, 1
12770, 4
12771, 3
12772, 1
12773, 1
12774, 3
12776, 1
12777, 2
12778, 1
12779, 3
12780, 2
12781, 2
12782, 4
12783, 5
12784, 2
12785, 3
12786, 3
12787, 3
12788, 3
12789, 1
12790, 3
12791, 3
12792, 3
12793, 3
12794, 4
12795, 6
12796, 1
12797, 2
12798, 5
12799, 2
12800, 1
12801, 4
12802, 4
12803, 4
12804, 1
12805, 4
12806, 4
12807, 8
12808, 3
12809, 2
12810, 7
12811, 6
12812, 2
12813, 2
12815, 4
12816, 10
12817, 1
12818, 4
12819, 3
12820, 5
12821, 2
12822, 2
12823, 7
12824, 1
12825, 4
12826, 3
12827, 6
12828, 2
12829, 3
12831, 2
12832, 2
12834, 4
12835, 4
12836, 4
12837, 4
12838, 2
12839, 8
12841, 1
12842, 1
12843, 2
12845, 2
12846, 3
12847, 3
12848, 4
12849, 5
12850, 3
12851, 7
12852, 1
12853, 5
12855, 3
12856, 2
12857, 2
12858, 2
12859, 1
12860, 3
12861, 1
12862, 1
12863, 1
12864, 2
12865, 3
12866, 3
12867, 3
12868, 5
12869, 1
12870, 5
12871, 1
12872, 4
12873, 3
12874, 1
12875, 3
12876, 3
12877, 4
12878, 1
12879, 3
12880, 6
12881, 3
12882, 1
12883, 4
12884, 4
12885, 1
12886, 2
12887, 7
12888, 3
12889, 2
12890, 3
12891, 3
12892, 6
12893, 5
12894, 2
12895, 6
12896, 5
12897, 5
12898, 1
12899, 3
12900, 1
12901, 5
12902, 8
12903, 2
12904, 3
12905, 5
12906, 2
12907, 3
12908, 2
12909, 5
12910, 5
12911, 2
12912, 5
12913, 4
12914, 1
12915, 3
12916, 1
12917, 3
12919, 3
12920, 4
12921, 3
12922, 4
12923, 3
12924, 2
12925, 7
12926, 1
12928, 3
12930, 2
12931, 2
12932, 4
12933, 2
12934, 4
12935, 4
12936, 4
12937, 6
12938, 2
12939, 3
12940, 2
12941, 2
12942, 3
12943, 1
12944, 3
12946, 2
12947, 1
12948, 1
12949, 2
12950, 3
12951, 3
12952, 2
12953, 4
12954, 4
12955, 3
12956, 4
12957, 3
12958, 1
12959, 2
12960, 2
12961, 3
12962, 3
12963, 3
12964, 3
12965, 7
12966, 2
12967, 2
12968, 3
12969, 3
12970, 3
12971, 3
12972, 4
12973, 4
12974, 2
12975, 3
12976, 3
12977, 2
12978, 8
12979, 4
12980, 5
12981, 4
12982, 5
12983, 3
12984, 1
12985, 3
12986, 3
12987, 6
12988, 4
12989, 4
12990, 5
12991, 2
12992, 2
12993, 4
12994, 5
12995, 2
12996, 3
12997, 4
12998, 6
12999, 2
13000, 2
13001, 2
13002, 2
13004, 2
13005, 3
13006, 4
13007, 3
13008, 5
13009, 3
13010, 5
13011, 2
13012, 1
13013, 3
13016, 3
13017, 2
13018, 4
13019, 4
13020, 5
13021, 3
13022, 4
13023, 4
13024, 4
13025, 1
13026, 1
13027, 3
13028, 3
13029, 1
13030, 2
13031, 2
13032, 1
13033, 2
13035, 3
13036, 3
13037, 3
13038, 2
13039, 6
13040, 1
13041, 4
13042, 2
13043, 3
13044, 1
13045, 3
13046, 2
13047, 3
13048, 4
13049, 2
13050, 3
13051, 7
13052, 1
13053, 2
13054, 5
13055, 3
13056, 3
13057, 2
13058, 4
13059, 5
13060, 1
13061, 3
13062, 4
13063, 5
13064, 5
13065, 2
13066, 7
13067, 4
13068, 4
13069, 3
13070, 2
13071, 2
13072, 7
13073, 5
13074, 2
13075, 5
13076, 5
13078, 3
13079, 4
13080, 4
13081, 5
13083, 8
13084, 1
13085, 3
13086, 2
13087, 2
13088, 1
13089, 1
13090, 2
13091, 6
13092, 3
13093, 2
13094, 4
13095, 3
13096, 6
13098, 2
13099, 2
13101, 2
13102, 3
13103, 2
13104, 3
13105, 4
13106, 6
13107, 3
13108, 5
13109, 3
13110, 2
13111, 2
13112, 3
13113, 1
13114, 2
13115, 2
13116, 2
13117, 1
13118, 1
13119, 2
13121, 4
13122, 3
13123, 3
13124, 4
13125, 3
13126, 3
13127, 3
13128, 4
13130, 4
13131, 1
13132, 4
13133, 3
13134, 2
13135, 3
13136, 7
13137, 2
13138, 2
13139, 2
13140, 5
13141, 2
13142, 3
13143, 4
13144, 3
13145, 3
13146, 3
13147, 3
13148, 6
13149, 4
13150, 4
13151, 4
13152, 4
13153, 7
13154, 2
13155, 3
13157, 6
13158, 4
13159, 5
13160, 1
13161, 7
13162, 3
13163, 1
13164, 5
13165, 4
13166, 1
13167, 5
13168, 4
13169, 4
13170, 3
13171, 3
13173, 3
13174, 1
13175, 2
13176, 3
13177, 5
13178, 1
13179, 5
13180, 3
13181, 6
13182, 1
13183, 1
13184, 1
13185, 2
13186, 1
13187, 3
13188, 2
13189, 3
13190, 4
13191, 6
13192, 1
13193, 5
13194, 4
13195, 4
13197, 3
13198, 2
13199, 3
13200, 2
13201, 1
13202, 2
13203, 1
13204, 2
13206, 2
13207, 4
13208, 1
13209, 4
13210, 4
13211, 3
13212, 4
13213, 2
13214, 3
13215, 3
13216, 2
13217, 3
13218, 2
13219, 4
13221, 5
13222, 7
13223, 1
13224, 1
13225, 5
13226, 2
13227, 3
13228, 2
13229, 7
13230, 2
13231, 3
13232, 2
13233, 4
13234, 6
13235, 3
13236, 5
13237, 6
13238, 4
13239, 4
13240, 1
13241, 3
13242, 1
13243, 10
13244, 2
13245, 3
13246, 5
13247, 3
13248, 3
13249, 3
13250, 3
13251, 4
13252, 4
13253, 3
13254, 4
13255, 5
13256, 2
13257, 1
13258, 2
13259, 1
13260, 2
13261, 2
13262, 2
13263, 4
13264, 6
13265, 2
13266, 9
13268, 1
13269, 1
13270, 2
13271, 1
13272, 1
13273, 3
13274, 3
13275, 3
13276, 3
13277, 7
13278, 3
13279, 4
13280, 1
13281, 4
13282, 2
13283, 3
13284, 1
13285, 3
13286, 1
13287, 1
13288, 2
13289, 1
13290, 2
13291, 1
13292, 3
13293, 4
13294, 1
13295, 5
13296, 3
13297, 3
13298, 2
13299, 5
13300, 2
13301, 2
13302, 1
13303, 5
13304, 1
13305, 2
13306, 5
13307, 3
13308, 5
13309, 2
13310, 1
13311, 5
13312, 3
13313, 2
13314, 4
13315, 4
13316, 3
13317, 2
13318, 4
13319, 5
13320, 7
13321, 2
13322, 3
13323, 6
13324, 7
13325, 1
13326, 2
13327, 2
13328, 4
13329, 7
13330, 2
13331, 4
13332, 5
13333, 4
13334, 1
13335, 3
13336, 3
13337, 4
13338, 4
13339, 6
13340, 3
13341, 2
13342, 3
13343, 1
13344, 1
13345, 2
13346, 1
13347, 3
13348, 5
13349, 4
13350, 4
13351, 1
13352, 6
13353, 2
13354, 1
13355, 3
13358, 3
13359, 3
13360, 3
13361, 4
13362, 5
13363, 3
13364, 8
13366, 4
13368, 1
13369, 4
13370, 3
13371, 1
13372, 3
13373, 2
13375, 2
13377, 4
13378, 1
13379, 4
13380, 3
13381, 5
13382, 1
13383, 4
13384, 2
13385, 3
13386, 3
13387, 1
13388, 3
13389, 4
13390, 3
13391, 2
13392, 4
13393, 4
13394, 4
13395, 1
13396, 4
13397, 4
13398, 1
13399, 2
13400, 5
13401, 5
13402, 2
13403, 2
13404, 5
13405, 7
13406, 2
13407, 4
13408, 6
13409, 5
13410, 4
13411, 1
13412, 2
13413, 3
13414, 8
13415, 2
13416, 4
13417, 2
13418, 6
13419, 1
13420, 2
13421, 5
13422, 5
13423, 4
13425, 7
13426, 2
13427, 5
13429, 2
13430, 2
13431, 2
13433, 6
13434, 3
13435, 3
13436, 4
13437, 5
13438, 3
13439, 1
13441, 3
13443, 2
13444, 3
13445, 1
13446, 3
13447, 7
13448, 5
13449, 1
13450, 6
13451, 4
13452, 1
13453, 1
13454, 3
13455, 2
13456, 2
13457, 3
13458, 2
13459, 1
13460, 1
13461, 1
13462, 4
13463, 1
13464, 3
13465, 3
13466, 2
13467, 4
13468, 3
13469, 4
13470, 3
13471, 1
13472, 3
13474, 6
13475, 1
13476, 2
13477, 5
13478, 4
13479, 4
13480, 2
13481, 2
13482, 6
13483, 1
13484, 3
13485, 2
13486, 7
13487, 2
13488, 3
13489, 2
13490, 7
13491, 4
13492, 2
13493, 6
13494, 4
13495, 5
13496, 3
13497, 2
13498, 2
13499, 5
13500, 7
13501, 2
13502, 3
13503, 4
13504, 4
13505, 1
13506, 5
13507, 3
13508, 4
13509, 3
13510, 4
13511, 5
13512, 3
13513, 1
13514, 2
13515, 2
13516, 1
13517, 1
13518, 4
13519, 4
13520, 4
13521, 3
13522, 2
13523, 7
13524, 1
13525, 1
13526, 3
13528, 2
13529, 2
13530, 2
13531, 3
13532, 5
13533, 5
13534, 2
13535, 5
13536, 3
13537, 3
13538, 1
13539, 2
13540, 5
13541, 1
13542, 2
13543, 1
13544, 2
13545, 1
13546, 1
13547, 1
13548, 3
13549, 2
13550, 3
13551, 4
13552, 5
13553, 1
13554, 4
13555, 4
13556, 1
13557, 3
13558, 1
13559, 4
13560, 3
13561, 2
13562, 1
13563, 6
13564, 4
13565, 4
13566, 1
13567, 5
13568, 3
13569, 1
13570, 2
13571, 7
13572, 2
13573, 2
13574, 4
13575, 2
13576, 9
13577, 3
13578, 3
13579, 6
13580, 4
13581, 5
13582, 1
13583, 3
13585, 9
13586, 4
13587, 3
13588, 6
13589, 3
13590, 1
13591, 3
13592, 3
13593, 5
13594, 3
13595, 2
13596, 7
13597, 3
13598, 1
13599, 3
13600, 1
13601, 2
13602, 1
13603, 1
13604, 7
13605, 2
13606, 5
13607, 1
13608, 7
13609, 2
13610, 1
13611, 1
13612, 2
13613, 1
13614, 1
13615, 3
13616, 3
13617, 5
13618, 2
13619, 6
13620, 4
13621, 4
13622, 2
13623, 2
13624, 2
13625, 2
13626, 4
13628, 2
13629, 2
13630, 2
13631, 1
13632, 1
13633, 2
13634, 2
13635, 3
13636, 3
13637, 5
13638, 2
13639, 4
13640, 4
13641, 2
13643, 4
13645, 6
13646, 1
13647, 3
13648, 4
13649, 6
13650, 3
13651, 1
13652, 3
13653, 4
13654, 3
13655, 2
13656, 5
13657, 3
13658, 3
13659, 3
13660, 3
13661, 6
13662, 3
13663, 4
13664, 4
13665, 7
13666, 4
13667, 2
13668, 1
13669, 3
13670, 5
13671, 8
13672, 1
13673, 2
13674, 9
13676, 2
13677, 4
13678, 2
13679, 4
13680, 4
13681, 6
13682, 4
13683, 1
13684, 3
13685, 1
13686, 2
13687, 1
13688, 1
13689, 6
13690, 3
13691, 3
13692, 3
13693, 3
13694, 6
13695, 1
13696, 1
13697, 2
13698, 1
13699, 2
13700, 3
13701, 2
13702, 3
13703, 4
13704, 6
13705, 3
13706, 3
13707, 4
13708, 3
13710, 2
13711, 5
13712, 1
13713, 2
13714, 2
13715, 2
13717, 1
13718, 1
13719, 3
13720, 3
13721, 2
13722, 4
13723, 5
13724, 2
13725, 3
13726, 5
13728, 4
13729, 1
13730, 2
13731, 4
13732, 3
13733, 3
13734, 1
13735, 8
13736, 1
13737, 2
13738, 6
13739, 2
13740, 2
13741, 4
13742, 2
13743, 5
13744, 2
13745, 3
13746, 3
13747, 5
13748, 5
13749, 3
13750, 8
13751, 5
13752, 3
13753, 2
13754, 1
13755, 3
13756, 8
13757, 3
13758, 3
13759, 5
13760, 4
13761, 2
13762, 2
13763, 5
13764, 3
13765, 4
13766, 2
13767, 4
13768, 4
13769, 3
13770, 1
13771, 2
13772, 1
13773, 2
13774, 2
13775, 6
13776, 2
13777, 4
13778, 3
13779, 5
13780, 3
13782, 2
13783, 2
13785, 2
13786, 3
13787, 3
13788, 5
13789, 3
13790, 4
13791, 3
13792, 5
13793, 4
13794, 1
13795, 2
13796, 1
13797, 5
13799, 2
13800, 2
13801, 2
13802, 1
13803, 1
13804, 2
13805, 2
13806, 4
13807, 2
13808, 6
13809, 1
13810, 5
13811, 3
13812, 2
13813, 3
13814, 1
13815, 2
13816, 3
13817, 2
13818, 3
13819, 3
13820, 5
13821, 5
13822, 1
13823, 4
13824, 4
13825, 2
13826, 2
13827, 3
13828, 6
13829, 3
13830, 2
13831, 3
13832, 5
13833, 4
13834, 5
13835, 4
13836, 4
13837, 7
13838, 1
13839, 1
13840, 3
13841, 8
13842, 5
13843, 1
13844, 5
13845, 3
13846, 3
13847, 1
13848, 4
13849, 4
13850, 4
13851, 3
13852, 6
13853, 2
13854, 3
13855, 3
13856, 1
13857, 2
13858, 1
13859, 1
13860, 5
13861, 4
13862, 3
13863, 4
13864, 2
13865, 7
13867, 1
13868, 2
13869, 1
13870, 1
13871, 3
13872, 2
13873, 3
13874, 6
13875, 4
13876, 2
13877, 5
13878, 4
13879, 3
13881, 4
13882, 1
13883, 3
13884, 2
13885, 2
13886, 2
13887, 1
13888, 1
13890, 4
13891, 1
13892, 5
13893, 3
13894, 4
13895, 3
13896, 3
13897, 4
13899, 2
13900, 2
13901, 4
13902, 3
13903, 2
13904, 4
13905, 5
13906, 5
13907, 1
13908, 1
13909, 3
13910, 4
13911, 1
13912, 4
13913, 6
13914, 3
13915, 2
13916, 4
13917, 5
13918, 4
13919, 4
13920, 6
13921, 2
13922, 5
13923, 5
13924, 1
13925, 2
13926, 5
13927, 7
13928, 2
13929, 2
13930, 5
13931, 5
13932, 1
13933, 2
13934, 7
13935, 2
13936, 3
13937, 3
13938, 6
13939, 3
13940, 3
13942, 3
13943, 1
13944, 1
13945, 3
13946, 4
13947, 3
13948, 6
13949, 2
13950, 5
13951, 2
13953, 2
13954, 2
13956, 3
13957, 2
13958, 2
13959, 7
13960, 3
13961, 4
13962, 3
13963, 5
13964, 4
13965, 1
13966, 1
13967, 3
13968, 3
13970, 2
13971, 3
13972, 1
13973, 1
13974, 1
13975, 3
13976, 1
13977, 5
13978, 2
13979, 5
13980, 1
13981, 5
13982, 2
13983, 3
13984, 2
13985, 2
13986, 2
13987, 4
13988, 3
13989, 3
13990, 2
13991, 5
13992, 4
13993, 1
13994, 2
13995, 6
13996, 2
13997, 1
13998, 6
13999, 5
14000, 1
14001, 3
14002, 2
14003, 5
14004, 6
14005, 4
14006, 4
14007, 5
14008, 5
14009, 3
14011, 3
14012, 7
14013, 5
14014, 3
14015, 3
14016, 6
14017, 2
14018, 2
14019, 3
14020, 4
14021, 2
14022, 4
14023, 6
14024, 4
14025, 1
14026, 3
14027, 1
14028, 2
14029, 1
14030, 1
14031, 6
14032, 4
14033, 3
14034, 3
14035, 4
14036, 5
14038, 1
14039, 2
14040, 1
14041, 1
14042, 4
14043, 1
14044, 2
14045, 8
14046, 3
14047, 2
14048, 6
14049, 3
14050, 3
14051, 1
14052, 3
14053, 1
14054, 3
14055, 2
14056, 2
14057, 2
14058, 1
14059, 1
14060, 1
14061, 2
14062, 4
14063, 2
14064, 4
14065, 3
14066, 3
14067, 3
14068, 5
14070, 4
14072, 3
14073, 4
14074, 3
14075, 4
14076, 4
14077, 4
14078, 2
14079, 1
14080, 6
14081, 1
14082, 2
14083, 4
14084, 6
14085, 3
14086, 1
14087, 4
14088, 4
14089, 5
14090, 4
14091, 3
14092, 5
14093, 5
14094, 4
14095, 3
14096, 2
14097, 2
14098, 7
14099, 4
14100, 5
14101, 3
14102, 3
14103, 2
14104, 4
14105, 5
14106, 2
14107, 4
14108, 2
14109, 7
14110, 2
14111, 3
14112, 1
14113, 2
14115, 2
14116, 2
14117, 6
14118, 3
14119, 3
14120, 3
14121, 6
14122, 2
14123, 1
14125, 3
14126, 1
14127, 2
14128, 2
14129, 4
14130, 5
14131, 2
14132, 5
14133, 4
14134, 2
14135, 6
14137, 2
14138, 3
14139, 2
14140, 2
14141, 2
14142, 2
14143, 1
14144, 1
14145, 1
14146, 2
14147, 2
14148, 5
14149, 2
14150, 6
14152, 3
14153, 5
14154, 2
14155, 2
14156, 2
14157, 3
14158, 3
14159, 1
14160, 4
14161, 3
14162, 6
14163, 3
14164, 1
14165, 4
14166, 4
14167, 2
14168, 2
14169, 6
14170, 3
14171, 3
14172, 1
14173, 3
14174, 8
14175, 4
14176, 3
14177, 4
14178, 6
14179, 6
14180, 1
14181, 1
14182, 2
14183, 5
14184, 7
14185, 2
14186, 4
14187, 5
14188, 3
14189, 2
14190, 3
14191, 5
14192, 1
14193, 5
14194, 7
14195, 2
14196, 2
14197, 2
14198, 1
14199, 2
14200, 1
14201, 2
14202, 4
14203, 4
14204, 3
14205, 4
14206, 2
14207, 7
14208, 1
14210, 2
14211, 1
14212, 2
14213, 3
14214, 1
14215, 4
14216, 4
14217, 6
14218, 1
14219, 6
14220, 4
14221, 2
14222, 2
14223, 3
14224, 3
14226, 3
14227, 2
14228, 1
14230, 2
14231, 2
14232, 2
14233, 3
14234, 3
14235, 5
14236, 1
14237, 4
14238, 2
14239, 5
14241, 3
14242, 1
14243, 4
14244, 3
14245, 4
14246, 2
14247, 3
14248, 5
14249, 3
14250, 2
14251, 3
14252, 4
14253, 2
14254, 5
14255, 4
14256, 2
14257, 2
14258, 3
14259, 6
14260, 6
14261, 2
14262, 6
14263, 4
14264, 5
14265, 3
14266, 1
14267, 2
14268, 6
14269, 5
14270, 3
14271, 4
14272, 6
14273, 2
14274, 1
14275, 2
14276, 6
14277, 4
14278, 3
14279, 5
14280, 3
14281, 2
14282, 3
14283, 1
14284, 2
14285, 2
14286, 2
14287, 2
14288, 5
14289, 3
14290, 5
14291, 1
14292, 5
14293, 3
14294, 1
14295, 2
14296, 1
14298, 3
14299, 2
14300, 3
14301, 4
14302, 5
14303, 4
14304, 4
14305, 4
14306, 3
14307, 2
14308, 2
14309, 2
14310, 3
14311, 1
14312, 1
14313, 3
14314, 1
14315, 2
14317, 3
14318, 3
14319, 2
14320, 3
14321, 3
14322, 3
14323, 4
14324, 2
14325, 4
14326, 1
14327, 3
14328, 1
14329, 6
14330, 2
14331, 3
14332, 3
14333, 6
14334, 2
14335, 1
14336, 3
14337, 6
14338, 2
14339, 1
14340, 4
14341, 6
14342, 1
14343, 4
14344, 4
14345, 6
14346, 2
14347, 4
14348, 6
14349, 4
14350, 4
14351, 2
14352, 3
14353, 1
14354, 9
14355, 4
14356, 2
14357, 4
14358, 5
14359, 2
14360, 2
14361, 3
14362, 4
14363, 3
14364, 3
14365, 8
14366, 1
14367, 4
14368, 1
14369, 2
14370, 2
14372, 2
14373, 5
14374, 3
14375, 2
14376, 5
14377, 4
14378, 5
14379, 1
14381, 3
14383, 2
14384, 2
14385, 3
14386, 4
14387, 4
14388, 5
14389, 1
14390, 6
14391, 6
14393, 1
14394, 1
14395, 5
14396, 1
14397, 2
14398, 2
14399, 1
14400, 1
14401, 1
14402, 2
14403, 3
14404, 3
14405, 3
14406, 6
14407, 1
14408, 2
14409, 5
14410, 3
14412, 4
14413, 2
14414, 2
14415, 3
14416, 3
14417, 3
14418, 4
14419, 6
14420, 1
14421, 2
14422, 5
14423, 1
14424, 4
14425, 3
14426, 5
14427, 2
14428, 2
14429, 4
14430, 5
14431, 6
14432, 3
14433, 5
14434, 4
14435, 7
14436, 1
14437, 2
14438, 1
14439, 6
14440, 4
14441, 4
14442, 4
14443, 5
14444, 3
14445, 1
14446, 3
14447, 5
14448, 4
14449, 3
14450, 5
14451, 2
14452, 4
14453, 2
14454, 2
14455, 2
14456, 1
14457, 1
14458, 3
14459, 4
14460, 3
14461, 6
14462, 2
14463, 6
14464, 1
14465, 1
14466, 3
14469, 3
14470, 3
14471, 1
14472, 5
14473, 7
14474, 2
14475, 4
14476, 4
14477, 3
14478, 1
14479, 3
14480, 2
14481, 3
14482, 2
14483, 1
14484, 2
14485, 1
14486, 1
14487, 1
14488, 3
14489, 2
14490, 3
14491, 3
14492, 6
14493, 1
14494, 4
14495, 2
14496, 3
14497, 3
14498, 1
14499, 4
14500, 3
14501, 1
14502, 4
14503, 2
14504, 6
14505, 3
14506, 2
14507, 3
14508, 5
14510, 3
14511, 6
14512, 3
14513, 2
14514, 3
14515, 3
14516, 5
14517, 5
14518, 4
14519, 5
14520, 6
14521, 5
14523, 3
14524, 1
14525, 8
14526, 4
14527, 3
14528, 4
14529, 6
14530, 1
14531, 2
14532, 6
14533, 3
14534, 3
14535, 1
14536, 7
14537, 4
14538, 2
14539, 1
14540, 2
14541, 1
14542, 1
14543, 2
14544, 5
14545, 4
14546, 4
14547, 3
14548, 3
14549, 5
14551, 2
14552, 2
14554, 2
14555, 3
14556, 2
14557, 5
14558, 3
14559, 4
14560, 4
14561, 4
14562, 6
14564, 1
14565, 2
14566, 2
14567, 3
14568, 3
14569, 1
14570, 2
14571, 1
14572, 1
14574, 4
14575, 4
14576, 2
14577, 2
14578, 5
14579, 4
14580, 4
14581, 2
14582, 1
14583, 2
14584, 2
14585, 3
14586, 3
14587, 3
14588, 4
14589, 4
14590, 5
14591, 1
14592, 3
14593, 4
14594, 2
14595, 2
14596, 3
14597, 7
14598, 1
14599, 2
14600, 4
14601, 6
14602, 4
14603, 5
14605, 8
14606, 7
14607, 1
14608, 2
14609, 2
14610, 5
14611, 8
14613, 5
14614, 3
14615, 4
14616, 2
14617, 3
14618, 5
14619, 3
14620, 3
14621, 3
14622, 6
14623, 2
14624, 3
14625, 1
14626, 1
14627, 1
14628, 2
14629, 4
14630, 3
14631, 4
14632, 5
14633, 1
14634, 5
14635, 3
14637, 2
14638, 2
14640, 3
14641, 3
14642, 2
14643, 3
14644, 7
14645, 3
14646, 2
14647, 6
14648, 3
14649, 2
14650, 2
14651, 2
14652, 3
14653, 1
14654, 3
14655, 1
14656, 1
14657, 1
14658, 1
14659, 4
14660, 1
14661, 4
14662, 3
14663, 5
14664, 1
14665, 3
14666, 3
14667, 3
14668, 2
14669, 2
14670, 2
14671, 4
14672, 4
14673, 2
14674, 4
14675, 5
14676, 3
14678, 5
14679, 3
14680, 3
14681, 2
14682, 4
14683, 2
14684, 4
14685, 4
14686, 2
14687, 7
14688, 4
14689, 3
14690, 6
14691, 4
14692, 6
14694, 3
14695, 1
14696, 10
14697, 3
14699, 8
14700, 4
14701, 1
14702, 2
14703, 6
14704, 2
14705, 2
14706, 6
14707, 4
14708, 3
14709, 2
14710, 2
14711, 3
14712, 1
14713, 2
14714, 2
14715, 4
14716, 3
14717, 5
14718, 2
14719, 3
14720, 4
14721, 2
14722, 1
14723, 2
14725, 2
14726, 3
14727, 2
14728, 6
14729, 2
14730, 5
14731, 4
14732, 3
14733, 5
14734, 1
14735, 2
14736, 2
14737, 4
14738, 1
14739, 2
14740, 2
14741, 1
14743, 2
14744, 1
14745, 4
14746, 2
14747, 3
14748, 5
14749, 2
14750, 2
14751, 3
14752, 5
14753, 2
14754, 2
14756, 5
14757, 2
14758, 3
14759, 4
14760, 3
14761, 7
14763, 3
14764, 3
14765, 3
14766, 2
14767, 5
14768, 3
14769, 4
14770, 2
14771, 4
14772, 3
14773, 6
14774, 4
14775, 4
14776, 5
14777, 6
14778, 2
14779, 1
14780, 2
14781, 8
14782, 5
14783, 2
14784, 6
14785, 3
14786, 2
14787, 2
14788, 5
14789, 2
14790, 4
14791, 3
14792, 5
14793, 4
14794, 3
14795, 2
14796, 1
14797, 2
14798, 1
14799, 2
14800, 4
14801, 2
14802, 4
14803, 5
14804, 1
14805, 7
14806, 1
14807, 1
14808, 1
14809, 2
14810, 1
14811, 2
14812, 3
14813, 3
14814, 6
14815, 3
14816, 3
14817, 7
14818, 1
14819, 4
14820, 1
14821, 2
14822, 3
14823, 2
14824, 2
14826, 4
14828, 1
14829, 2
14830, 3
14831, 1
14832, 4
14833, 3
14834, 5
14836, 4
14837, 4
14838, 2
14839, 2
14840, 2
14841, 2
14842, 4
14843, 4
14844, 3
14845, 2
14846, 7
14847, 1
14848, 2
14849, 4
14850, 3
14851, 3
14852, 1
14853, 6
14854, 4
14855, 1
14856, 4
14857, 3
14858, 6
14859, 4
14860, 5
14861, 3
14862, 8
14863, 3
14865, 3
14866, 1
14867, 9
14868, 3
14869, 4
14870, 4
14871, 5
14872, 2
14874, 5
14875, 5
14876, 4
14877, 1
14878, 6
14879, 3
14880, 2
14881, 2
14882, 3
14884, 3
14885, 2
14886, 4
14887, 3
14888, 5
14889, 2
14890, 4
14891, 4
14893, 1
14894, 2
14895, 1
14896, 2
14897, 2
14898, 2
14899, 4
14900, 7
14901, 4
14902, 2
14903, 5
14904, 3
14905, 2
14906, 2
14907, 3
14908, 2
14909, 2
14910, 1
14911, 3
14912, 1
14913, 1
14914, 1
14915, 3
14916, 2
14917, 2
14918, 4
14919, 3
14920, 3
14921, 4
14922, 4
14923, 2
14924, 1
14925, 3
14926, 1
14927, 3
14928, 4
14929, 2
14930, 4
14931, 5
14932, 4
14933, 1
14934, 2
14935, 6
14936, 1
14937, 2
14938, 3
14939, 7
14940, 2
14941, 2
14942, 4
14943, 6
14944, 3
14945, 3
14946, 6
14947, 4
14948, 6
14949, 2
14950, 2
14951, 2
14952, 7
14953, 4
14954, 3
14955, 5
14956, 4
14957, 3
14958, 1
14959, 3
14960, 3
14961, 7
14962, 1
14963, 3
14964, 4
14965, 4
14966, 3
14967, 1
14968, 2
14969, 1
14970, 2
14971, 2
14972, 7
14973, 1
14974, 5
14975, 2
14976, 6
14977, 1
14978, 1
14979, 2
14980, 1
14981, 1
14982, 4
14983, 1
14984, 4
14985, 4
14986, 5
14987, 2
14988, 6
14989, 2
14990, 4
14992, 3
14993, 3
14994, 2
14995, 2
14996, 2
14997, 2
14998, 1
14999, 1
15001, 4
15002, 2
15003, 2
15004, 3
15005, 6
15006, 1
15007, 5
15008, 4
15010, 2
15011, 3
15012, 3
15013, 3
15014, 1
15015, 5
15016, 5
15017, 2
15018, 4
15020, 5
15021, 4
15023, 4
15024, 6
15025, 2
15026, 4
15027, 2
15028, 4
15029, 7
15030, 3
15031, 5
15032, 5
15033, 3
15034, 4
15035, 1
15036, 3
15037, 5
15038, 7
15039, 2
15040, 3
15041, 5
15042, 3
15043, 2
15044, 2
15045, 6
15046, 3
15047, 3
15048, 5
15049, 4
15050, 3
15051, 2
15052, 2
15053, 1
15054, 1
15055, 2
15056, 2
15057, 4
15058, 5
15059, 3
15060, 2
15061, 3
15062, 6
15063, 1
15064, 2
15065, 1
15066, 1
15067, 2
15068, 3
15069, 2
15070, 5
15071, 5
15072, 3
15073, 2
15074, 6
15075, 4
15077, 3
15078, 1
15079, 4
15080, 1
15081, 2
15082, 2
15083, 1
15084, 1
15085, 1
15086, 2
15087, 2
15088, 3
15089, 4
15090, 4
15091, 2
15092, 5
15093, 1
15094, 4
15095, 2
15096, 2
15097, 1
15098, 5
15099, 1
15100, 5
15101, 2
15102, 5
15103, 3
15104, 2
15105, 3
15106, 5
15107, 1
15108, 3
15109, 4
15110, 5
15111, 2
15112, 3
15113, 3
15114, 7
15115, 4
15116, 2
15117, 5
15118, 4
15119, 5
15120, 4
15121, 1
15122, 2
15123, 8
15124, 4
15125, 2
15126, 3
15127, 5
15128, 4
15130, 6
15131, 4
15132, 4
15133, 1
15134, 7
15135, 2
15136, 2
15137, 3
15138, 1
15139, 2
15141, 3
15142, 2
15143, 6
15144, 4
15145, 3
15146, 2
15147, 4
15148, 3
15149, 1
15150, 3
15153, 5
15154, 1
15155, 3
15156, 6
15157, 5
15158, 1
15159, 6
15160, 2
15161, 4
15162, 1
15163, 3
15164, 3
15165, 1
15166, 1
15167, 3
15168, 2
15169, 1
15170, 1
15172, 4
15173, 3
15174, 2
15175, 3
15176, 4
15177, 1
15178, 5
15179, 5
15181, 3
15182, 2
15183, 2
15184, 4
15185, 3
15186, 3
15187, 4
15188, 6
15189, 1
15190, 3
15191, 3
15192, 3
15193, 1
15194, 4
15195, 5
15196, 4
15197, 2
15198, 2
15199, 4
15200, 7
15201, 2
15202, 6
15203, 3
15204, 8
15205, 2
15207, 3
15208, 3
15209, 5
15210, 6
15211, 3
15212, 5
15213, 3
15214, 1
15215, 3
15216, 6
15217, 1
15218, 6
15219, 5
15220, 4
15221, 1
15222, 4
15223, 1
15224, 1
15225, 2
15226, 1
15227, 1
15228, 6
15229, 3
15230, 3
15231, 3
15232, 7
15233, 2
15234, 1
15235, 1
15236, 2
15238, 1
15239, 5
15240, 2
15241, 3
15242, 5
15243, 4
15244, 3
15245, 6
15246, 4
15248, 3
15249, 2
15250, 3
15252, 2
15253, 3
15254, 1
15255, 1
15256, 1
15257, 2
15258, 2
15259, 4
15260, 4
15261, 3
15262, 2
15263, 4
15264, 3
15265, 3
15266, 1
15267, 3
15268, 2
15269, 4
15270, 1
15271, 3
15272, 4
15273, 5
15274, 5
15277, 7
15278, 3
15279, 2
15280, 3
15281, 5
15282, 3
15283, 3
15284, 2
15285, 7
15286, 5
15287, 1
15288, 6
15289, 5
15290, 5
15291, 2
15292, 1
15293, 3
15294, 4
15295, 9
15296, 2
15297, 5
15298, 5
15299, 1
15300, 1
15301, 3
15302, 5
15303, 3
15304, 3
15305, 7
15306, 2
15307, 3
15308, 2
15309, 2
15310, 1
15311, 1
15312, 2
15313, 4
15314, 5
15315, 3
15316, 3
15317, 4
15318, 4
15319, 1
15320, 1
15321, 3
15323, 1
15324, 3
15325, 3
15326, 3
15327, 5
15328, 3
15329, 3
15330, 6
15331, 2
15332, 4
15333, 1
15334, 4
15335, 3
15337, 1
15338, 3
15339, 2
15341, 2
15343, 4
15344, 3
15345, 3
15346, 4
15347, 3
15348, 2
15349, 3
15350, 4
15351, 1
15352, 3
15353, 2
15354, 3
15355, 3
15356, 3
15357, 4
15358, 3
15359, 4
15360, 3
15361, 2
15362, 4
15363, 3
15364, 3
15365, 4
15366, 3
15367, 4
15368, 1
15369, 4
15370, 4
15371, 6
15372, 3
15373, 5
15374, 5
15375, 3
15376, 5
15377, 1
15378, 2
15379, 4
15380, 7
15381, 3
15382, 4
15383, 5
15384, 3
15385, 2
15386, 3
15387, 2
15388, 4
15389, 4
15390, 4
15391, 4
15392, 4
15393, 2
15394, 2
15395, 1
15396, 2
15397, 1
15398, 3
15399, 5
15400, 3
15401, 3
15402, 3
15403, 3
15404, 5
15405, 1
15406, 2
15407, 1
15409, 3
15410, 3
15411, 1
15412, 4
15413, 6
15414, 4
15415, 1
15416, 7
15417, 3
15418, 1
15419, 1
15420, 3
15421, 4
15422, 2
15423, 1
15424, 1
15425, 2
15427, 2
15428, 1
15429, 3
15430, 4
15431, 3
15432, 6
15434, 5
15435, 2
15436, 3
15437, 3
15438, 1
15439, 2
15440, 4
15441, 1
15442, 5
15443, 2
15444, 5
15445, 4
15446, 1
15447, 3
15448, 5
15449, 3
15450, 1
15451, 5
15452, 3
15453, 3
15454, 3
15455, 3
15456, 7
15457, 3
15458, 3
15459, 7
15460, 3
15461, 5
15462, 2
15463, 2
15464, 2
15465, 7
15466, 4
15467, 3
15468, 5
15469, 4
15470, 3
15471, 1
15472, 3
15473, 6
15474, 4
15475, 1
15476, 5
15477, 5
15478, 2
15479, 2
15480, 1
15481, 2
15482, 1
15483, 2
15484, 4
15485, 5
15486, 5
15487, 1
15488, 2
15489, 7
15491, 1
15492, 2
15493, 1
15494, 1
15495, 4
15496, 2
15497, 3
15498, 6
15499, 2
15500, 3
15501, 7
15502, 2
15503, 3
15504, 1
15505, 2
15506, 3
15507, 2
15508, 2
15509, 2
15510, 2
15511, 1
15513, 1
15514, 4
15515, 2
15516, 5
15517, 2
15518, 4
15519, 3
15520, 3
15521, 4
15523, 4
15524, 1
15525, 4
15526, 2
15527, 2
15528, 4
15529, 3
15530, 7
15531, 1
15532, 1
15533, 3
15534, 5
15535, 2
15536, 3
15537, 4
15538, 5
15539, 2
15540, 2
15541, 5
15542, 5
15543, 5
15544, 1
15545, 6
15546, 7
15547, 2
15548, 2
15549, 1
15550, 6
15551, 7
15552, 3
15553, 2
15554, 4
15555, 5
15556, 2
15557, 3
15558, 4
15559, 3
15560, 3
15561, 5
15562, 5
15563, 2
15564, 2
15565, 2
15566, 2
15567, 1
15568, 1
15569, 4
15570, 3
15571, 3
15572, 5
15573, 2
15574, 8
15577, 2
15578, 2
15579, 1
15580, 2
15581, 3
15582, 2
15583, 3
15584, 5
15585, 4
15586, 2
15587, 7
15588, 3
15589, 1
15590, 2
15591, 4
15592, 2
15593, 1
15594, 2
15595, 2
15596, 1
15597, 2
15599, 2
15600, 3
15601, 2
15602, 3
15603, 6
15604, 1
15605, 4
15606, 4
15607, 2
15608, 3
15609, 1
15610, 2
15611, 4
15612, 1
15613, 4
15614, 3
15615, 5
15616, 4
15617, 1
15618, 4
15619, 5
15620, 1
15621, 2
15622, 5
15623, 5
15624, 1
15625, 2
15626, 5
15627, 5
15628, 4
15629, 5
15630, 5
15631, 5
15632, 3
15633, 2
15634, 3
15635, 1
15636, 7
15637, 6
15638, 1
15639, 4
15640, 6
15641, 2
15642, 3
15643, 2
15644, 3
15645, 6
15646, 2
15647, 6
15648, 2
15649, 4
15650, 1
15651, 1
15652, 2
15653, 1
15654, 2
15655, 5
15656, 2
15657, 6
15658, 2
15659, 4
15660, 4
15661, 2
15662, 1
15663, 2
15665, 3
15666, 1
15667, 2
15668, 4
15669, 5
15670, 3
15671, 3
15672, 7
15673, 1
15674, 4
15675, 2
15676, 1
15677, 2
15678, 3
15679, 2
15680, 1
15681, 3
15682, 1
15683, 1
15685, 4
15686, 3
15687, 2
15688, 5
15689, 3
15690, 3
15691, 2
15692, 3
15693, 2
15694, 3
15695, 2
15696, 1
15697, 5
15698, 3
15699, 3
15700, 6
15701, 3
15702, 2
15703, 2
15704, 3
15705, 4
15706, 2
15707, 5
15708, 3
15709, 3
15710, 2
15711, 4
15712, 4
15713, 7
15714, 2
15715, 4
15716, 4
15717, 7
15718, 3
15719, 1
15720, 2
15721, 2
15722, 9
15723, 3
15724, 3
15725, 6
15726, 3
15727, 1
15728, 3
15729, 5
15730, 3
15731, 4
15732, 3
15733, 6
15734, 2
15735, 2
15736, 2
15737, 1
15738, 2
15739, 1
15740, 4
15741, 5
15742, 2
15743, 5
15744, 2
15745, 5
15746, 2
15747, 1
15748, 2
15749, 1
15751, 4
15752, 2
15753, 3
15754, 3
15755, 5
15756, 4
15757, 4
15758, 4
15759, 3
15760, 2
15761, 2
15762, 3
15763, 2
15764, 2
15765, 1
15766, 2
15767, 1
15768, 2
15770, 3
15771, 2
15772, 4
15774, 6
15775, 2
15776, 5
15777, 5
15779, 3
15780, 1
15781, 2
15782, 5
15784, 5
15785, 3
15786, 6
15787, 2
15788, 1
15789, 5
15790, 4
15791, 1
15792, 2
15793, 4
15794, 5
15795, 2
15796, 3
15797, 2
15798, 7
15799, 5
15800, 4
15801, 3
15802, 6
15803, 5
15804, 1
15805, 2
15806, 4
15807, 5
15808, 6
15809, 1
15810, 5
15811, 6
15812, 1
15813, 2
15814, 4
15815, 3
15816, 5
15817, 3
15818, 4
15819, 4
15820, 2
15821, 2
15822, 2
15823, 2
15825, 3
15826, 3
15827, 4
15828, 5
15829, 2
15830, 5
15831, 4
15833, 2
15834, 2
15836, 2
15837, 3
15838, 2
15839, 4
15840, 4
15841, 5
15842, 3
15843, 4
15844, 6
15846, 2
15847, 3
15848, 2
15849, 1
15850, 1
15851, 2
15852, 2
15853, 1
15854, 2
15855, 3
15856, 1
15857, 3
15858, 2
15859, 6
15860, 2
15861, 5
15863, 5
15865, 4
15867, 6
15868, 1
15869, 3
15870, 3
15871, 3
15872, 7
15873, 1
15874, 2
15875, 4
15876, 3
15877, 2
15878, 6
15879, 3
15880, 3
15881, 1
15882, 4
15883, 4
15884, 8
15885, 1
15886, 5
15887, 5
15888, 7
15889, 1
15890, 1
15891, 2
15892, 7
15893, 4
15894, 4
15895, 3
15896, 6
15897, 2
15898, 2
15899, 4
15900, 3
15901, 3
15902, 4
15903, 6
15904, 3
15905, 2
15906, 2
15907, 2
15908, 2
15909, 1
15910, 1
15911, 3
15912, 5
15913, 3
15914, 5
15915, 2
15916, 5
15917, 2
15919, 3
15920, 1
15921, 1
15922, 2
15923, 2
15924, 3
15925, 3
15926, 8
15927, 1
15928, 5
15929, 4
15930, 3
15931, 1
15932, 3
15933, 2
15934, 3
15935, 2
15936, 2
15937, 1
15938, 1
15939, 1
15940, 1
15941, 4
15942, 3
15943, 2
15944, 2
15945, 6
15947, 5
15948, 2
15949, 3
15950, 2
15951, 3
15952, 1
15953, 5
15955, 6
15956, 1
15957, 6
15958, 4
15960, 5
15961, 4
15962, 1
15963, 2
15964, 7
15965, 2
15966, 2
15967, 3
15968, 4
15969, 7
15970, 3
15971, 3
15972, 5
15973, 5
15974, 6
15976, 3
15977, 1
15978, 7
15979, 6
15980, 2
15981, 3
15982, 7
15983, 1
15984, 1
15985, 4
15986, 4
15987, 5
15988, 2
15989, 6
15990, 3
15991, 3
15992, 2
15993, 1
15994, 2
15996, 2
15997, 5
15998, 4
15999, 5
16000, 1
16001, 6
16002, 3
16003, 1
16005, 3
16007, 2
16008, 3
16009, 2
16010, 3
16011, 6
16012, 5
16014, 8
16015, 2
16016, 2
16017, 3
16018, 1
16019, 2
16020, 2
16021, 2
16022, 2
16023, 2
16025, 2
16026, 2
16027, 2
16028, 3
16029, 3
16030, 6
16031, 1
16032, 4
16033, 1
16034, 5
16035, 1
16036, 2
16037, 2
16038, 4
16039, 3
16040, 2
16041, 4
16042, 4
16043, 4
16044, 2
16045, 3
16046, 3
16047, 3
16048, 3
16049, 2
16050, 5
16051, 4
16052, 2
16053, 3
16054, 5
16055, 6
16056, 3
16057, 4
16058, 6
16059, 2
16060, 5
16061, 1
16062, 3
16063, 2
16064, 8
16065, 4
16066, 3
16067, 4
16068, 5
16069, 1
16070, 2
16071, 6
16072, 3
16073, 3
16074, 4
16075, 5
16076, 2
16077, 2
16078, 1
16079, 2
16080, 2
16081, 2
16082, 4
16083, 5
16084, 1
16085, 5
16086, 2
16087, 6
16088, 1
16089, 1
16090, 3
16092, 1
16093, 4
16094, 1
16095, 3
16096, 5
16097, 5
16098, 2
16099, 3
16100, 5
16101, 4
16103, 3
16104, 3
16105, 2
16106, 1
16107, 2
16108, 3
16110, 2
16112, 2
16113, 5
16114, 2
16115, 2
16116, 6
16118, 4
16119, 5
16120, 1
16121, 2
16122, 3
16123, 3
16124, 3
16126, 6
16127, 3
16128, 5
16129, 3
16131, 4
16132, 4
16133, 2
16134, 4
16135, 4
16136, 3
16137, 3
16138, 3
16139, 3
16140, 6
16141, 5
16142, 3
16143, 4
16144, 4
16145, 7
16146, 1
16147, 1
16148, 4
16149, 7
16150, 4
16151, 4
16153, 6
16154, 3
16155, 2
16156, 4
16157, 4
16158, 3
16159, 5
16160, 5
16161, 3
16162, 2
16163, 1
16164, 2
16165, 1
16166, 1
16167, 2
16168, 6
16169, 3
16170, 3
16171, 3
16172, 4
16173, 5
16175, 1
16176, 3
16178, 2
16179, 3
16180, 3
16181, 2
16182, 5
16183, 5
16184, 1
16185, 7
16186, 3
16187, 2
16188, 2
16189, 2
16190, 3
16191, 1
16192, 2
16193, 2
16194, 2
16195, 1
16196, 1
16198, 4
16199, 3
16200, 2
16201, 5
16202, 3
16203, 4
16204, 3
16205, 3
16206, 1
16207, 2
16208, 2
16209, 3
16210, 3
16211, 3
16212, 3
16213, 6
16214, 4
16215, 1
16216, 1
16217, 7
16218, 1
16219, 2
16220, 5
16221, 3
16222, 4
16223, 1
16224, 5
16225, 4
16226, 5
16227, 4
16228, 5
16229, 4
16230, 5
16231, 3
16232, 2
16233, 2
16234, 5
16235, 6
16236, 2
16237, 4
16238, 4
16239, 4
16240, 1
16241, 6
16242, 2
16243, 5
16244, 2
16245, 4
16246, 6
16247, 1
16248, 3
16249, 1
16250, 2
16251, 1
16252, 1
16253, 4
16254, 4
16255, 2
16256, 6
16257, 2
16258, 6
16259, 1
16260, 1
16261, 2
16262, 1
16263, 1
16264, 2
16265, 3
16266, 3
16267, 4
16268, 7
16269, 1
16270, 4
16271, 4
16272, 4
16274, 3
16275, 3
16276, 2
16277, 1
16278, 4
16280, 1
16281, 2
16283, 4
16284, 3
16285, 1
16286, 4
16287, 5
16288, 1
16289, 4
16290, 3
16291, 2
16292, 3
16293, 2
16294, 2
16295, 4
16296, 3
16297, 1
16298, 5
16299, 5
16300, 2
16301, 1
16302, 4
16303, 4
16304, 1
16305, 4
16306, 5
16307, 4
16308, 2
16309, 3
16310, 4
16311, 5
16312, 4
16313, 6
16314, 2
16315, 6
16316, 4
16317, 1
16318, 3
16319, 4
16320, 7
16321, 3
16322, 1
16323, 7
16324, 3
16325, 2
16326, 2
16327, 6
16328, 3
16329, 3
16330, 2
16331, 6
16332, 4
16334, 3
16335, 1
16336, 3
16337, 1
16338, 1
16339, 6
16340, 3
16341, 5
16342, 1
16343, 5
16344, 4
16346, 2
16347, 1
16348, 1
16349, 1
16350, 4
16351, 3
16352, 3
16353, 5
16354, 5
16356, 7
16357, 2
16358, 3
16359, 3
16360, 1
16361, 3
16362, 2
16363, 1
16364, 2
16365, 2
16366, 1
16367, 1
16368, 2
16369, 2
16370, 3
16371, 3
16372, 4
16373, 3
16374, 4
16375, 4
16376, 2
16377, 2
16378, 2
16379, 1
16380, 3
16381, 3
16382, 3
16383, 4
16384, 6
16385, 2
16386, 2
16387, 4
16388, 3
16389, 2
16390, 3
16391, 2
16392, 6
16393, 3
16394, 2
16395, 4
16396, 2
16397, 7
16398, 4
16399, 4
16400, 5
16401, 6
16402, 2
16403, 2
16404, 1
16405, 6
16406, 6
16407, 3
16408, 3
16409, 7
16410, 1
16411, 2
16412, 4
16413, 4
16414, 4
16415, 2
16416, 3
16417, 6
16418, 3
16419, 2
16421, 3
16422, 1
16423, 2
16424, 3
16425, 5
16426, 2
16427, 5
16428, 1
16429, 8
16432, 4
16434, 2
16435, 2
16436, 2
16437, 4
16438, 4
16439, 4
16440, 3
16441, 5
16442, 4
16443, 3
16444, 1
16445, 2
16446, 4
16447, 1
16448, 1
16449, 4
16451, 1
16452, 2
16454, 2
16455, 3
16456, 3
16457, 4
16458, 5
16459, 2
16460, 3
16461, 4
16462, 1
16463, 3
16464, 1
16465, 4
16466, 2
16467, 4
16468, 2
16469, 5
16470, 4
16471, 3
16473, 4
16474, 5
16475, 1
16476, 4
16477, 4
16478, 5
16479, 1
16480, 3
16481, 4
16482, 5
16483, 4
16484, 5
16485, 3
16486, 8
16487, 3
16489, 3
16490, 1
16491, 10
16492, 3
16493, 2
16494, 6
16495, 4
16496, 2
16497, 2
16498, 6
16499, 1
16500, 4
16501, 3
16502, 7
16503, 1
16504, 4
16506, 2
16507, 1
16508, 1
16509, 3
16510, 5
16511, 3
16512, 4
16513, 2
16514, 8
16515, 1
16517, 2
16518, 2
16519, 1
16520, 2
16521, 2
16522, 2
16523, 5
16524, 4
16525, 5
16526, 2
16527, 6
16528, 1
16529, 3
16530, 3
16531, 2
16532, 3
16533, 1
16534, 2
16535, 1
16536, 2
16537, 1
16538, 1
16539, 3
16540, 2
16541, 3
16542, 4
16543, 4
16544, 1
16545, 4
16546, 1
16547, 5
16548, 1
16549, 2
16550, 2
16551, 4
16552, 3
16553, 2
16554, 4
16555, 5
16556, 3
16557, 2
16558, 2
16559, 6
16560, 2
16561, 2
16562, 4
16563, 4
16564, 3
16565, 3
16566, 2
16567, 5
16568, 5
16569, 4
16570, 5
16571, 5
16572, 6
16573, 2
16574, 1
16575, 2
16576, 5
16577, 8
16578, 1
16579, 3
16580, 7
16581, 1
16582, 2
16583, 5
16584, 4
16585, 4
16586, 1
16587, 5
16588, 4
16589, 3
16590, 2
16592, 3
16593, 1
16594, 2
16595, 3
16596, 6
16597, 4
16598, 2
16599, 1
16600, 7
16601, 1
16602, 1
16603, 3
16605, 1
16606, 3
16607, 2
16608, 4
16609, 4
16610, 5
16611, 2
16612, 5
16613, 5
16614, 2
16615, 2
16616, 1
16617, 4
16618, 1
16619, 2
16620, 2
16621, 2
16623, 2
16624, 1
16625, 3
16626, 2
16627, 3
16628, 3
16629, 5
16630, 1
16631, 4
16632, 4
16633, 1
16634, 4
16635, 1
16636, 2
16637, 2
16638, 5
16639, 2
16640, 3
16641, 8
16642, 1
16644, 5
16645, 4
16646, 1
16647, 3
16648, 5
16649, 3
16650, 2
16651, 5
16652, 3
16653, 5
16654, 6
16655, 3
16656, 5
16657, 5
16658, 4
16660, 4
16661, 2
16662, 7
16663, 4
16664, 2
16665, 5
16666, 5
16667, 1
16668, 4
16669, 5
16670, 3
16671, 2
16672, 1
16673, 8
16674, 3
16675, 2
16676, 1
16677, 2
16678, 2
16679, 2
16680, 2
16681, 4
16682, 3
16683, 6
16685, 7
16686, 2
16687, 1
16688, 1
16689, 2
16691, 3
16692, 2
16693, 4
16694, 2
16695, 6
16696, 4
16697, 3
16698, 5
16699, 3
16700, 1
16701, 2
16702, 3
16703, 3
16704, 1
16705, 2
16706, 2
16707, 1
16708, 1
16709, 1
16710, 2
16711, 3
16712, 4
16713, 2
16714, 3
16715, 4
16716, 4
16717, 3
16718, 2
16719, 1
16720, 3
16721, 2
16722, 3
16723, 2
16724, 3
16725, 5
16726, 6
16727, 2
16728, 1
16729, 2
16730, 5
16731, 1
16732, 4
16733, 5
16734, 5
16735, 1
16736, 4
16737, 2
16738, 3
16739, 7
16740, 2
16741, 6
16742, 6
16743, 5
16744, 1
16745, 2
16746, 2
16747, 2
16748, 10
16749, 2
16750, 3
16751, 6
16752, 3
16753, 1
16754, 4
16755, 4
16756, 4
16757, 2
16758, 4
16759, 5
16760, 2
16761, 3
16762, 1
16763, 2
16764, 1
16765, 1
16766, 7
16768, 7
16769, 2
16770, 3
16771, 6
16773, 1
16774, 3
16776, 2
16777, 3
16778, 1
16779, 4
16780, 5
16781, 5
16782, 1
16783, 6
16784, 2
16785, 4
16787, 3
16788, 2
16789, 3
16790, 1
16791, 3
16792, 1
16793, 1
16794, 2
16796, 4
16797, 3
16798, 2
16799, 5
16800, 3
16801, 2
16802, 3
16803, 3
16804, 2
16805, 3
16806, 2
16807, 3
16808, 3
16809, 2
16810, 5
16811, 3
16812, 4
16813, 3
16814, 2
16815, 5
16816, 2
16817, 1
16818, 3
16819, 4
16820, 5
16821, 3
16822, 3
16823, 4
16824, 6
16825, 5
16826, 3
16827, 5
16828, 6
16829, 2
16830, 2
16831, 2
16832, 4
16833, 6
16834, 3
16835, 3
16836, 4
16837, 4
16838, 1
16839, 5
16840, 5
16841, 2
16842, 3
16843, 6
16844, 4
16845, 2
16846, 2
16847, 2
16848, 1
16849, 2
16850, 2
16851, 3
16852, 3
16853, 4
16854, 2
16855, 4
16856, 5
16857, 3
16858, 1
16859, 2
16860, 1
16862, 3
16863, 2
16864, 3
16865, 6
16866, 1
16867, 5
16868, 4
16869, 5
16870, 2
16871, 2
16872, 2
16873, 3
16874, 2
16875, 1
16876, 3
16877, 2
16878, 1
16879, 2
16881, 1
16882, 4
16883, 2
16884, 4
16885, 4
16886, 2
16887, 4
16888, 4
16889, 2
16890, 3
16891, 1
16892, 2
16893, 4
16894, 2
16895, 4
16896, 2
16897, 6
16898, 3
16899, 1
16900, 4
16901, 4
16902, 2
16903, 2
16904, 5
16905, 5
16906, 1
16907, 4
16908, 1
16909, 7
16910, 4
16911, 4
16912, 4
16913, 4
16914, 6
16915, 2
16916, 2
16917, 2
16918, 6
16919, 7
16920, 1
16921, 5
16922, 5
16923, 2
16924, 2
16925, 3
16926, 5
16927, 1
16928, 4
16929, 6
16930, 3
16931, 4
16932, 1
16933, 1
16934, 2
16935, 1
16936, 2
16937, 6
16939, 7
16940, 2
16941, 3
16942, 6
16944, 1
16945, 3
16947, 3
16948, 1
16949, 3
16950, 2
16951, 5
16952, 6
16953, 3
16954, 5
16955, 2
16956, 3
16957, 1
16958, 3
16959, 1
16960, 3
16961, 2
16962, 1
16963, 3
16964, 1
16965, 1
16966, 1
16967, 3
16968, 2
16969, 4
16970, 5
16971, 2
16972, 3
16973, 3
16974, 2
16975, 3
16976, 3
16978, 4
16979, 3
16980, 3
16981, 3
16982, 5
16983, 5
16984, 1
16985, 2
16986, 4
16987, 2
16988, 2
16989, 2
16990, 7
16991, 3
16992, 1
16993, 5
16994, 4
16995, 6
16996, 4
16997, 4
16998, 5
16999, 3
17000, 5
17001, 2
17002, 1
17003, 4
17004, 9
17005, 1
17006, 4
17007, 6
17008, 2
17009, 2
17010, 3
17011, 5
17012, 1
17013, 4
17014, 3
17015, 6
17016, 3
17017, 2
17018, 2
17019, 2
17020, 1
17022, 3
17023, 5
17024, 4
17025, 5
17027, 4
17028, 5
17030, 2
17031, 2
17033, 2
17034, 3
17035, 3
17036, 5
17037, 4
17038, 4
17039, 2
17040, 6
17041, 4
17042, 1
17043, 1
17044, 3
17045, 3
17046, 1
17047, 2
17049, 3
17050, 2
17052, 3
17053, 2
17054, 4
17055, 2
17056, 4
17057, 2
17058, 5
17059, 2
17060, 3
17061, 1
17062, 3
17063, 1
17064, 5
17065, 3
17066, 3
17067, 2
17068, 7
17069, 2
17070, 1
17071, 4
17072, 4
17073, 2
17074, 3
17075, 4
17076, 4
17077, 2
17078, 2
17079, 4
17080, 5
17081, 5
17082, 4
17083, 5
17084, 5
17085, 4
17086, 2
17087, 3
17088, 1
17089, 6
17090, 7
17091, 2
17092, 3
17093, 5
17094, 3
17095, 2
17096, 4
17097, 3
17098, 6
17100, 6
17101, 5
17103, 3
17104, 1
17105, 3
17107, 3
17108, 4
17109, 4
17110, 4
17111, 2
17112, 3
17113, 6
17115, 1
17116, 3
17118, 1
17119, 3
17120, 2
17121, 3
17122, 6
17123, 4
17124, 5
17125, 5
17126, 1
17127, 3
17128, 1
17129, 2
17130, 3
17131, 3
17132, 1
17133, 1
17134, 3
17135, 1
17136, 1
17137, 1
17138, 3
17139, 3
17140, 2
17141, 5
17142, 3
17143, 3
17144, 4
17145, 2
17146, 1
17147, 4
17148, 1
17149, 5
17150, 1
17151, 3
17152, 4
17153, 4
17154, 3
17155, 3
17156, 3
17157, 3
17158, 2
17159, 3
17160, 2
17161, 7
17162, 3
17163, 1
17164, 3
17165, 4
17166, 7
17167, 3
17168, 5
17169, 4
17170, 7
17171, 2
17172, 1
17173, 3
17174, 2
17175, 8
17176, 3
17177, 3
17178, 7
17179, 2
17180, 2
17181, 2
17182, 4
17183, 4
17184, 3
17185, 5
17186, 4
17187, 3
17188, 3
17189, 1
17190, 2
17191, 1
17192, 2
17193, 4
17194, 3
17195, 2
17196, 5
17197, 2
17198, 7
17199, 1
17200, 1
17201, 3
17203, 1
17204, 3
17205, 2
17206, 2
17207, 4
17208, 6
17209, 3
17210, 3
17211, 5
17212, 3
17213, 2
17214, 1
17215, 3
17216, 3
17217, 2
17218, 1
17219, 2
17220, 1
17221, 2
17223, 2
17224, 3
17225, 4
17226, 3
17227, 3
17228, 2
17229, 4
17230, 5
17231, 1
17232, 2
17233, 1
17234, 4
17235, 3
17236, 1
17237, 3
17238, 5
17239, 6
17240, 2
17241, 1
17242, 5
17243, 4
17244, 1
17245, 2
17246, 5
17247, 2
17248, 5
17249, 1
17250, 6
17251, 4
17252, 6
17253, 2
17254, 7
17255, 4
17256, 5
17258, 2
17259, 3
17260, 9
17261, 3
17262, 1
17263, 6
17264, 5
17266, 3
17267, 3
17268, 5
17269, 4
17270, 2
17271, 6
17272, 4
17273, 1
17274, 2
17275, 3
17276, 1
17277, 1
17278, 2
17279, 3
17280, 4
17281, 5
17282, 2
17283, 4
17284, 5
17286, 1
17287, 3
17289, 3
17290, 1
17291, 2
17292, 2
17293, 6
17294, 6
17295, 2
17296, 7
17297, 3
17298, 1
17299, 1
17300, 3
17301, 3
17302, 1
17303, 2
17304, 2
17305, 2
17306, 1
17307, 1
17308, 3
17309, 1
17310, 3
17311, 3
17312, 3
17313, 4
17314, 3
17315, 4
17316, 3
17317, 1
17318, 3
17319, 1
17320, 4
17321, 2
17322, 3
17323, 3
17324, 5
17325, 4
17326, 2
17327, 2
17328, 6
17329, 1
17330, 1
17331, 4
17332, 5
17333, 3
17334, 3
17335, 3
17336, 6
17337, 4
17338, 3
17339, 5
17340, 3
17341, 5
17342, 5
17343, 2
17344, 1
17345, 5
17346, 9
17347, 1
17348, 4
17349, 6
17350, 1
17351, 2
17352, 4
17353, 2
17354, 4
17355, 4
17356, 4
17357, 5
17358, 2
17359, 3
17360, 1
17361, 2
17362, 1
17363, 1
17364, 3
17365, 5
17366, 3
17367, 4
17368, 1
17369, 8
17370, 1
17372, 1
17373, 3
17374, 1
17375, 3
17376, 1
17377, 5
17378, 4
17379, 4
17380, 3
17381, 5
17382, 3
17383, 4
17385, 2
17386, 3
17387, 3
17388, 2
17389, 2
17390, 1
17391, 1
17392, 1
17393, 1
17394, 3
17395, 2
17396, 4
17397, 3
17398, 4
17399, 2
17400, 4
17401, 2
17402, 3
17403, 2
17404, 3
17405, 2
17406, 4
17407, 3
17408, 3
17409, 1
17410, 6
17411, 4
17413, 4
17414, 4
17415, 2
17416, 3
17417, 5
17418, 4
17419, 1
17420, 4
17421, 3
17422, 4
17423, 6
17424, 5
17425, 3
17426, 6
17427, 4
17428, 2
17429, 2
17430, 1
17431, 6
17432, 7
17433, 1
17434, 6
17435, 3
17436, 2
17437, 4
17438, 3
17439, 4
17440, 5
17442, 8
17443, 3
17444, 2
17445, 2
17446, 2
17448, 1
17449, 2
17450, 4
17451, 4
17452, 5
17453, 2
17454, 4
17455, 5
17456, 1
17458, 3
17460, 2
17461, 2
17462, 3
17463, 7
17464, 3
17465, 4
17466, 2
17467, 5
17468, 1
17469, 4
17470, 2
17471, 3
17472, 2
17473, 1
17474, 2
17475, 3
17476, 1
17477, 1
17478, 1
17479, 1
17480, 3
17481, 3
17482, 2
17483, 5
17484, 3
17485, 4
17486, 2
17487, 3
17488, 3
17489, 2
17491, 6
17492, 1
17493, 5
17494, 1
17495, 7
17496, 3
17497, 1
17498, 3
17499, 1
17500, 5
17501, 3
17502, 1
17503, 7
17504, 3
17505, 3
17506, 2
17507, 4
17508, 7
17509, 3
17510, 5
17511, 3
17512, 7
17513, 2
17514, 2
17515, 1
17516, 5
17517, 8
17518, 2
17519, 3
17520, 4
17521, 4
17522, 2
17523, 3
17524, 2
17525, 6
17526, 2
17527, 5
17528, 4
17529, 3
17530, 3
17531, 2
17532, 1
17533, 1
17534, 2
17535, 4
17536, 3
17537, 3
17538, 4
17539, 3
17540, 6
17541, 1
17542, 1
17543, 2
17544, 1
17545, 1
17546, 4
17548, 4
17549, 3
17550, 6
17551, 3
17552, 4
17553, 5
17554, 3
17555, 1
17556, 1
17557, 3
17558, 3
17559, 1
17560, 2
17561, 2
17562, 1
17563, 1
17564, 1
17565, 2
17566, 4
17567, 2
17568, 3
17569, 6
17571, 4
17572, 4
17573, 2
17574, 1
17575, 3
17576, 1
17577, 5
17578, 3
17579, 1
17580, 6
17581, 4
17582, 4
17584, 6
17585, 2
17586, 1
17587, 3
17588, 5
17589, 6
17590, 1
17591, 3
17592, 3
17593, 7
17594, 5
17595, 1
17596, 6
17597, 3
17598, 6
17599, 2
17600, 1
17601, 2
17602, 7
17603, 6
17604, 2
17605, 4
17606, 6
17608, 2
17609, 5
17610, 4
17611, 4
17612, 1
17613, 8
17614, 3
17615, 3
17617, 2
17618, 1
17619, 1
17620, 3
17621, 4
17622, 4
17623, 3
17624, 4
17625, 3
17626, 5
17628, 2
17629, 2
17631, 3
17632, 2
17633, 2
17634, 2
17635, 9
17636, 3
17637, 1
17638, 6
17639, 3
17640, 2
17641, 2
17642, 2
17643, 2
17644, 3
17645, 2
17646, 2
17647, 1
17648, 1
17649, 1
17650, 3
17651, 1
17652, 4
17653, 1
17654, 7
17655, 1
17656, 4
17657, 3
17658, 3
17659, 1
17660, 2
17661, 2
17662, 4
17663, 2
17664, 3
17665, 4
17666, 3
17667, 6
17668, 1
17669, 3
17670, 5
17671, 1
17672, 2
17673, 2
17674, 7
17675, 2
17676, 3
17677, 3
17678, 6
17679, 5
17680, 4
17681, 2
17682, 7
17683, 5
17684, 2
17685, 1
17686, 3
17687, 4
17688, 8
17689, 2
17690, 4
17691, 5
17692, 3
17693, 1
17694, 3
17695, 5
17696, 3
17697, 3
17698, 4
17699, 4
17700, 3
17701, 3
17702, 1
17703, 2
17704, 1
17705, 2
17706, 5
17707, 1
17708, 6
17709, 3
17710, 1
17711, 6
17712, 2
17713, 1
17714, 2
17715, 1
17716, 1
17717, 3
17718, 2
17719, 3
17720, 5
17721, 4
17722, 3
17723, 6
17724, 3
17725, 3
17727, 3
17728, 2
17729, 3
17730, 2
17731, 3
17733, 2
17735, 1
17736, 3
17737, 3
17738, 3
17739, 2
17740, 4
17741, 5
17742, 2
17743, 5
17745, 3
17746, 1
17747, 3
17748, 4
17749, 2
17750, 4
17751, 2
17752, 7
17753, 2
17754, 1
17755, 4
17756, 3
17757, 2
17758, 2
17759, 7
17760, 3
17761, 2
17762, 3
17763, 2
17764, 6
17765, 4
17766, 3
17767, 9
17768, 4
17769, 2
17770, 3
17771, 2
17772, 5
17773, 4
17774, 5
17775, 2
17776, 5
17777, 4
17778, 2
17779, 2
17780, 7
17781, 1
17782, 4
17783, 3
17784, 5
17785, 4
17786, 1
17787, 2
17788, 2
17789, 1
17790, 2
17791, 2
17792, 5
17793, 4
17794, 4
17795, 1
17796, 6
17797, 3
17798, 1
17800, 3
17802, 1
17803, 3
17804, 3
17805, 6
17806, 3
17807, 4
17808, 4
17809, 4
17810, 3
17811, 2
17812, 1
17813, 3
17814, 3
17815, 1
17816, 2
17817, 2
17818, 2
17819, 1
17820, 1
17821, 3
17822, 1
17823, 4
17824, 2
17825, 3
17826, 4
17827, 4
17828, 4
17829, 2
17831, 4
17832, 1
17833, 3
17834, 3
17835, 3
17836, 4
17837, 4
17838, 5
17839, 1
17840, 3
17841, 5
17842, 1
17843, 3
17844, 5
17845, 3
17846, 3
17847, 2
17848, 4
17849, 5
17850, 5
17851, 3
17852, 4
17853, 6
17854, 6
17855, 1
17856, 1
17857, 2
17858, 7
17859, 5
17860, 3
17861, 5
17862, 4
17863, 3
17864, 1
17865, 3
17866, 5
17867, 2
17868, 4
17869, 3
17870, 6
17871, 2
17872, 3
17873, 1
17874, 2
17875, 1
17876, 2
17877, 4
17878, 4
17879, 3
17880, 4
17881, 1
17882, 8
17884, 1
17885, 2
17886, 1
17887, 2
17888, 1
17889, 2
17890, 4
17891, 7
17892, 3
17893, 2
17894, 7
17895, 1
17896, 4
17897, 1
17898, 2
17899, 3
17900, 2
17901, 2
17902, 1
17903, 2
17904, 1
17905, 2
17907, 2
17908, 4
17909, 3
17910, 2
17911, 5
17912, 3
17913, 3
17914, 4
17915, 1
17916, 2
17917, 3
17918, 2
17919, 4
17920, 2
17921, 4
17922, 4
17923, 4
17924, 3
17926, 6
17927, 3
17928, 1
17929, 3
17930, 4
17931, 5
17932, 2
17933, 4
17934, 3
17935, 7
17936, 2
17937, 6
17938, 2
17939, 7
17940, 4
17941, 1
17942, 3
17943, 1
17944, 9
17945, 3
17946, 3
17947, 5
17948, 3
17949, 2
17950, 5
17951, 1
17952, 4
17953, 5
17954, 4
17955, 4
17956, 2
17957, 2
17958, 2
17959, 3
17960, 1
17961, 1
17962, 3
17963, 4
17964, 3
17965, 4
17966, 2
17967, 5
17968, 4
17969, 1
17971, 3
17973, 3
17974, 2
17975, 2
17976, 4
17977, 5
17978, 4
17979, 2
17980, 6
17981, 4
17982, 1
17983, 2
17984, 3
17985, 3
17987, 2
17988, 3
17989, 1
17990, 1
17991, 1
17992, 3
17993, 1
17994, 4
17995, 2
17996, 6
17997, 1
17998, 4
17999, 4
18000, 2
18001, 3
18002, 1
18003, 3
18004, 4
18006, 5
18007, 2
18008, 5
18009, 5
18011, 4
18012, 3
18013, 2
18014, 3
18015, 2
18016, 7
18017, 2
18018, 3
18019, 3
18020, 6
18021, 4
18022, 2
18023, 5
18024, 5
18025, 6
18026, 2
18027, 2
18028, 1
18029, 9
18030, 3
18031, 3
18032, 4
18033, 5
18034, 2
18035, 2
18036, 4
18037, 4
18038, 3
18039, 3
18040, 5
18041, 4
18042, 3
18043, 2
18044, 1
18045, 2
18046, 1
18047, 2
18048, 4
18049, 3
18050, 4
18051, 4
18052, 3
18053, 4
18054, 2
18055, 1
18056, 1
18057, 2
18058, 1
18059, 3
18060, 3
18061, 2
18062, 6
18063, 4
18064, 2
18065, 6
18066, 3
18067, 3
18068, 1
18069, 1
18070, 5
18071, 1
18072, 2
18073, 1
18074, 3
18076, 2
18078, 4
18079, 3
18080, 2
18081, 3
18082, 5
18083, 1
18084, 4
18085, 5
18087, 3
18088, 2
18089, 3
18090, 3
18091, 2
18092, 4
18093, 2
18094, 6
18095, 3
18097, 5
18098, 3
18099, 3
18100, 2
18101, 7
18102, 2
18103, 2
18104, 4
18105, 3
18106, 6
18107, 4
18108, 6
18109, 1
18110, 7
18111, 3
18112, 2
18113, 2
18114, 4
18115, 8
18116, 1
18117, 2
18118, 7
18119, 3
18120, 2
18121, 3
18122, 5
18123, 3
18124, 4
18125, 3
18126, 5
18127, 3
18128, 3
18130, 1
18131, 3
18133, 4
18134, 6
18135, 2
18136, 4
18137, 2
18138, 4
18139, 4
18141, 3
18142, 1
18144, 2
18145, 2
18146, 4
18147, 2
18148, 7
18149, 4
18150, 4
18151, 4
18152, 2
18153, 2
18154, 2
18155, 3
18156, 3
18157, 1
18158, 1
18159, 3
18160, 1
18161, 1
18162, 1
18163, 2
18164, 2
18165, 4
18166, 3
18167, 4
18168, 2
18169, 5
18170, 3
18171, 2
18172, 2
18173, 2
18174, 2
18175, 4
18176, 1
18177, 5
18178, 2
18179, 4
18180, 5
18181, 1
18182, 4
18183, 4
18184, 2
18185, 2
18186, 2
18187, 6
18188, 3
18189, 3
18190, 2
18191, 8
18192, 3
18193, 3
18194, 6
18195, 5
18196, 4
18197, 3
18198, 1
18199, 2
18200, 6
18201, 6
18202, 1
18203, 5
18204, 5
18205, 3
18206, 2
18207, 2
18208, 6
18209, 1
18210, 4
18211, 4
18212, 6
18213, 2
18214, 2
18215, 3
18217, 1
18218, 3
18219, 3
18220, 5
18221, 5
18222, 1
18223, 3
18224, 6
18226, 1
18227, 2
18228, 1
18229, 2
18230, 1
18231, 3
18232, 4
18233, 5
18234, 4
18235, 4
18236, 5
18237, 1
18238, 4
18239, 1
18240, 3
18241, 2
18242, 2
18243, 2
18244, 2
18245, 2
18247, 2
18249, 4
18250, 2
18251, 2
18252, 4
18253, 5
18254, 1
18255, 4
18256, 4
18257, 1
18258, 3
18259, 2
18260, 3
18261, 3
18262, 3
18263, 3
18264, 4
18265, 4
18266, 2
18267, 3
18268, 5
18269, 2
18270, 2
18271, 2
18272, 4
18273, 5
18274, 3
18275, 3
18276, 2
18277, 5
18278, 6
18279, 4
18280, 4
18281, 5
18282, 5
18283, 1
18284, 1
18285, 5
18286, 6
18287, 4
18288, 1
18289, 7
18290, 4
18291, 1
18292, 4
18293, 3
18294, 4
18295, 3
18296, 4
18297, 5
18298, 3
18299, 2
18300, 1
18301, 2
18302, 2
18304, 4
18305, 4
18306, 3
18307, 5
18308, 2
18309, 8
18312, 1
18313, 3
18315, 3
18316, 3
18317, 2
18318, 3
18319, 6
18320, 4
18321, 4
18322, 4
18323, 4
18325, 3
18326, 1
18327, 4
18328, 2
18330, 3
18331, 1
18332, 1
18333, 1
18334, 2
18335, 3
18336, 4
18337, 1
18338, 6
18339, 2
18340, 4
18341, 1
18342, 4
18343, 1
18344, 3
18345, 2
18346, 4
18347, 3
18348, 1
18349, 4
18350, 6
18351, 3
18352, 1
18353, 3
18354, 5
18355, 1
18356, 3
18357, 7
18358, 2
18359, 3
18360, 3
18361, 1
18362, 9
18363, 3
18364, 4
18365, 4
18366, 5
18367, 4
18368, 3
18370, 3
18371, 9
18372, 4
18373, 1
18374, 5
18375, 6
18376, 1
18377, 2
18378, 4
18379, 4
18380, 4
18381, 1
18382, 7
18383, 3
18384, 3
18385, 1
18386, 1
18387, 2
18388, 1
18389, 3
18390, 4
18391, 2
18392, 6
18393, 2
18394, 2
18395, 7
18397, 1
18398, 3
18400, 2
18401, 1
18402, 2
18403, 5
18404, 4
18405, 4
18406, 3
18407, 7
18408, 3
18409, 2
18410, 2
18411, 1
18412, 4
18413, 1
18414, 2
18415, 1
18416, 2
18417, 1
18418, 2
18420, 4
18421, 3
18422, 2
18423, 5
18424, 3
18425, 3
18426, 3
18427, 4
18429, 4
18431, 5
18432, 2
18433, 3
18434, 3
18435, 4
18436, 6
18437, 1
18439, 5
18440, 3
18441, 3
18442, 2
18443, 6
18444, 3
18445, 2
18446, 4
18447, 4
18448, 5
18449, 4
18450, 5
18451, 4
18452, 4
18453, 5
18454, 1
18455, 2
18456, 2
18457, 9
18458, 3
18459, 2
18460, 5
18461, 5
18462, 1
18463, 4
18464, 4
18465, 2
18466, 5
18467, 3
18468, 4
18469, 3
18470, 2
18471, 2
18472, 3
18473, 1
18474, 2
18475, 3
18476, 4
18477, 3
18478, 5
18479, 1
18480, 6
18481, 2
18483, 3
18484, 1
18486, 2
18487, 4
18488, 3
18489, 3
18490, 5
18491, 4
18492, 5
18493, 2
18494, 5
18496, 2
18497, 3
18498, 3
18499, 1
18500, 1
18501, 3
18502, 1
18503, 1
18504, 1
18505, 3
18506, 2
18507, 3
18508, 3
18509, 5
18510, 1
18511, 5
18512, 2
18513, 3
18514, 1
18515, 3
18516, 2
18517, 5
18518, 2
18519, 1
18520, 4
18521, 6
18522, 4
18524, 2
18525, 6
18526, 3
18527, 1
18528, 5
18529, 4
18530, 2
18531, 4
18532, 2
18533, 6
18534, 5
18535, 3
18536, 4
18537, 5
18538, 6
18539, 1
18540, 3
18541, 1
18542, 9
18543, 3
18544, 1
18545, 5
18546, 6
18547, 2
18548, 2
18549, 3
18550, 4
18551, 4
18552, 2
18553, 7
18554, 3
18555, 2
18556, 2
18557, 1
18558, 3
18560, 2
18561, 5
18562, 3
18563, 5
18564, 3
18565, 3
18566, 4
18567, 2
18568, 1
18569, 2
18571, 2
18572, 1
18573, 5
18574, 4
18575, 3
18576, 4
18577, 3
18578, 6
18579, 5
18581, 1
18582, 2
18583, 5
18585, 1
18586, 4
18588, 2
18589, 1
18590, 1
18591, 3
18592, 3
18593, 1
18594, 6
18595, 3
18596, 3
18597, 3
18598, 3
18599, 1
18600, 3
18601, 2
18602, 4
18603, 2
18604, 2
18605, 4
18606, 3
18607, 7
18608, 1
18609, 2
18610, 4
18611, 3
18612, 2
18613, 4
18614, 4
18615, 4
18616, 1
18617, 4
18618, 4
18619, 6
18620, 4
18621, 5
18622, 3
18623, 6
18624, 3
18625, 2
18626, 1
18627, 3
18628, 7
18629, 5
18630, 4
18631, 5
18632, 3
18633, 2
18634, 2
18635, 4
18636, 3
18637, 4
18638, 5
18639, 4
18640, 2
18641, 3
18643, 3
18644, 1
18645, 1
18646, 5
18647, 3
18648, 3
18649, 5
18650, 2
18651, 6
18652, 1
18654, 3
18655, 1
18657, 3
18658, 2
18659, 4
18660, 2
18661, 7
18662, 3
18663, 5
18664, 3
18665, 3
18666, 2
18667, 1
18668, 3
18669, 3
18671, 3
18672, 2
18673, 1
18674, 1
18675, 1
18676, 3
18677, 3
18678, 3
18679, 3
18680, 3
18681, 3
18682, 4
18683, 5
18685, 2
18686, 2
18687, 3
18688, 3
18689, 1
18690, 6
18691, 2
18692, 6
18693, 2
18694, 1
18695, 4
18696, 4
18697, 1
18698, 4
18699, 4
18700, 4
18701, 3
18702, 2
18703, 2
18704, 8
18705, 4
18706, 3
18707, 7
18708, 3
18709, 5
18710, 1
18711, 3
18712, 1
18713, 8
18714, 5
18715, 1
18716, 6
18717, 5
18718, 2
18720, 6
18721, 3
18722, 4
18723, 3
18724, 4
18725, 4
18726, 2
18727, 2
18728, 2
18729, 2
18731, 2
18732, 5
18733, 4
18734, 6
18736, 5
18737, 4
18738, 1
18740, 2
18741, 1
18742, 2
18743, 3
18744, 2
18745, 3
18746, 4
18747, 6
18748, 4
18749, 3
18750, 3
18751, 3
18752, 1
18753, 4
18754, 1
18755, 2
18756, 3
18757, 1
18758, 2
18760, 2
18761, 2
18762, 2
18763, 4
18764, 1
18765, 6
18766, 2
18767, 5
18768, 2
18769, 3
18770, 1
18771, 3
18772, 1
18773, 5
18774, 1
18775, 2
18776, 5
18777, 3
18778, 6
18779, 1
18780, 3
18781, 4
18782, 2
18783, 3
18785, 9
18786, 2
18787, 2
18788, 3
18789, 5
18790, 5
18791, 4
18792, 5
18793, 3
18794, 5
18795, 4
18796, 2
18797, 1
18798, 3
18799, 9
18800, 2
18801, 4
18802, 5
18803, 3
18804, 3
18805, 2
18806, 3
18807, 5
18808, 3
18809, 4
18810, 5
18811, 2
18812, 3
18813, 1
18814, 2
18815, 1
18816, 1
18817, 3
18818, 5
18819, 3
18820, 5
18822, 7
18823, 2
18824, 1
18825, 1
18826, 2
18828, 3
18829, 3
18830, 3
18831, 3
18832, 6
18833, 3
18834, 5
18835, 3
18836, 3
18837, 1
18838, 2
18839, 4
18840, 2
18841, 1
18842, 2
18843, 3
18845, 2
18847, 3
18848, 3
18849, 3
18850, 2
18851, 6
18852, 2
18853, 2
18854, 6
18856, 3
18857, 1
18858, 2
18859, 5
18860, 2
18861, 3
18862, 2
18863, 7
18864, 2
18865, 2
18866, 2
18867, 6
18868, 1
18869, 1
18870, 6
18871, 3
18872, 3
18873, 3
18874, 3
18875, 8
18876, 3
18877, 4
18878, 6
18879, 5
18880, 4
18882, 3
18883, 1
18884, 11
18885, 2
18886, 2
18887, 5
18888, 5
18889, 1
18890, 2
18891, 3
18892, 5
18893, 4
18894, 3
18895, 5
18896, 3
18897, 2
18898, 3
18899, 1
18900, 2
18902, 2
18903, 6
18904, 3
18905, 5
18906, 1
18907, 3
18908, 6
18910, 3
18911, 1
18913, 2
18914, 2
18915, 2
18916, 4
18917, 6
18918, 3
18919, 5
18920, 3
18921, 3
18922, 3
18923, 1
18924, 4
18925, 2
18926, 1
18927, 1
18928, 3
18929, 2
18930, 1
18931, 1
18932, 2
18933, 2
18934, 4
18935, 1
18936, 8
18938, 3
18939, 3
18940, 4
18941, 2
18942, 2
18943, 1
18944, 5
18945, 1
18946, 3
18947, 3
18948, 5
18949, 5
18950, 1
18951, 3
18952, 4
18953, 2
18954, 2
18955, 4
18956, 5
18957, 3
18958, 2
18959, 3
18960, 6
18961, 5
18962, 4
18963, 3
18964, 5
18965, 5
18966, 3
18967, 2
18968, 2
18969, 5
18970, 7
18971, 1
18972, 4
18973, 5
18974, 3
18975, 3
18976, 1
18977, 5
18978, 3
18979, 4
18980, 4
18981, 5
18982, 3
18983, 2
18984, 2
18986, 2
18987, 2
18988, 3
18989, 4
18990, 6
18991, 2
18992, 1
18993, 6
18994, 2
18995, 1
18996, 2
18997, 1
18998, 1
18999, 3
19000, 2
19001, 4
19002, 3
19003, 5
19004, 3
19005, 5
19006, 3
19007, 3
19008, 2
19009, 1
19010, 5
19011, 1
19012, 2
19014, 4
19016, 2
19017, 1
19018, 2
19019, 2
19020, 3
19021, 4
19022, 5
19023, 1
19024, 4
19025, 5
19027, 2
19028, 3
19029, 2
19030, 4
19031, 2
19032, 4
19033, 4
19034, 3
19035, 4
19037, 7
19038, 1
19039, 2
19040, 2
19041, 6
19042, 3
19043, 2
19044, 3
19045, 3
19046, 8
19047, 4
19048, 1
19049, 8
19050, 3
19051, 5
19052, 2
19053, 1
19054, 2
19055, 8
19056, 5
19057, 2
19058, 5
19059, 5
19060, 2
19061, 1
19062, 4
19063, 4
19064, 5
19065, 3
19066, 6
19067, 1
19068, 2
19069, 2
19070, 2
19071, 2
19073, 2
19074, 5
19075, 2
19076, 7
19077, 2
19078, 5
19079, 3
19080, 1
19081, 1
19082, 1
19083, 1
19084, 3
19085, 2
19086, 2
19087, 6
19088, 4
19089, 3
19090, 5
19091, 3
19092, 3
19093, 2
19094, 1
19095, 3
19096, 3
19097, 2
19098, 1
19099, 2
19100, 2
19102, 2
19103, 2
19104, 2
19105, 3
19106, 2
19107, 4
19108, 4
19109, 1
19110, 4
19111, 5
19113, 4
19114, 1
19115, 5
19116, 2
19117, 2
19118, 4
19119, 4
19120, 3
19121, 3
19122, 3
19123, 4
19124, 2
19125, 2
19126, 5
19127, 4
19128, 3
19129, 2
19130, 3
19131, 5
19132, 6
19133, 4
19134, 4
19135, 4
19136, 7
19137, 1
19138, 2
19139, 1
19140, 7
19141, 6
19142, 3
19143, 3
19144, 6
19145, 1
19146, 1
19147, 4
19148, 5
19149, 4
19150, 2
19151, 4
19152, 5
19153, 2
19154, 3
19155, 1
19156, 2
19158, 3
19159, 4
19160, 2
19161, 5
19162, 4
19163, 1
19164, 7
19165, 1
19166, 1
19167, 2
19168, 1
19169, 1
19170, 3
19171, 2
19172, 3
19173, 5
19174, 5
19175, 2
19176, 4
19177, 4
19178, 3
19179, 2
19180, 3
19181, 3
19182, 1
19183, 1
19184, 3
19185, 2
19187, 2
19189, 4
19190, 2
19191, 3
19192, 3
19193, 5
19194, 2
19195, 4
19196, 1
19197, 3
19198, 4
19199, 1
19200, 2
19201, 3
19202, 4
19203, 3
19204, 2
19205, 6
19206, 3
19208, 6
19209, 3
19210, 2
19211, 2
19212, 6
19213, 4
19215, 5
19216, 3
19217, 6
19218, 3
19219, 6
19220, 4
19221, 4
19222, 5
19223, 1
19224, 2
19225, 4
19226, 7
19227, 3
19228, 3
19229, 3
19230, 6
19231, 2
19232, 2
19233, 5
19234, 2
19235, 5
19236, 2
19237, 5
19238, 4
19239, 2
19240, 2
19241, 2
19243, 1
19244, 3
19245, 4
19246, 4
19247, 5
19248, 1
19249, 4
19250, 5
19251, 1
19252, 1
19253, 2
19254, 1
19255, 1
19256, 2
19257, 3
19258, 4
19259, 7
19260, 3
19261, 4
19262, 3
19263, 4
19264, 1
19265, 2
19266, 3
19267, 2
19268, 1
19269, 3
19270, 1
19271, 2
19272, 1
19273, 1
19274, 3
19275, 1
19276, 5
19277, 2
19278, 4
19279, 2
19280, 3
19281, 5
19282, 2
19283, 1
19284, 3
19285, 1
19286, 5
19287, 1
19288, 3
19289, 4
19290, 4
19291, 5
19292, 1
19293, 3
19294, 5
19295, 2
19296, 2
19297, 2
19298, 7
19299, 2
19300, 2
19301, 4
19302, 6
19303, 5
19304, 3
19305, 5
19306, 5
19307, 2
19308, 5
19309, 2
19310, 1
19311, 7
19312, 5
19313, 2
19314, 5
19315, 3
19316, 4
19317, 1
19318, 5
19319, 3
19320, 4
19321, 2
19322, 4
19323, 4
19324, 3
19325, 2
19326, 2
19327, 1
19328, 2
19329, 2
19330, 5
19331, 2
19332, 4
19333, 4
19334, 1
19335, 8
19337, 1
19338, 3
19340, 1
19341, 4
19342, 1
19343, 2
19344, 6
19345, 4
19346, 3
19347, 6
19348, 3
19349, 3
19350, 1
19351, 3
19352, 2
19353, 2
19354, 1
19355, 3
19356, 1
19357, 1
19358, 2
19360, 3
19361, 3
19362, 2
19363, 4
19364, 5
19365, 3
19366, 1
19367, 3
19368, 3
19369, 4
19371, 3
19372, 4
19373, 2
19374, 4
19375, 4
19376, 5
19377, 2
19379, 7
19380, 2
19381, 2
19382, 3
19383, 5
19384, 4
19385, 2
19386, 3
19387, 4
19388, 5
19389, 3
19390, 5
19391, 4
19392, 4
19393, 5
19394, 2
19395, 2
19396, 5
19397, 5
19398, 4
19399, 2
19400, 5
19401, 4
19402, 2
19403, 3
19404, 5
19405, 2
19406, 4
19407, 4
19408, 4
19409, 3
19410, 1
19411, 4
19412, 1
19413, 1
19414, 3
19415, 3
19416, 2
19417, 4
19418, 6
19419, 1
19420, 3
19421, 5
19423, 3
19424, 1
19426, 2
19427, 3
19428, 4
19429, 3
19430, 6
19431, 2
19432, 3
19433, 5
19434, 4
19435, 1
19436, 2
19437, 3
19438, 3
19439, 1
19440, 1
19441, 3
19442, 1
19443, 1
19444, 1
19445, 2
19446, 3
19447, 3
19448, 1
19449, 7
19450, 1
19451, 5
19452, 2
19453, 3
19454, 3
19455, 1
19456, 2
19457, 3
19458, 2
19459, 5
19460, 2
19461, 4
19462, 5
19463, 1
19464, 3
19465, 3
19466, 3
19467, 3
19468, 3
19469, 6
19470, 2
19471, 3
19472, 3
19473, 4
19474, 5
19475, 6
19476, 3
19477, 4
19478, 7
19479, 1
19480, 2
19481, 2
19482, 6
19483, 6
19484, 3
19485, 2
19486, 5
19487, 4
19488, 2
19489, 4
19490, 4
19491, 2
19492, 3
19493, 5
19494, 4
19495, 2
19496, 3
19497, 1
19498, 2
19499, 1
19500, 2
19501, 5
19502, 3
19503, 3
19504, 4
19505, 2
19506, 7
19508, 1
19509, 2
19510, 1
19511, 2
19512, 2
19513, 2
19514, 3
19515, 5
19516, 4
19517, 3
19518, 4
19519, 5
19520, 3
19521, 1
19522, 2
19523, 3
19524, 2
19525, 2
19526, 2
19527, 2
19529, 1
19530, 1
19531, 4
19532, 3
19533, 1
19534, 6
19535, 3
19536, 2
19537, 3
19538, 5
19540, 4
19542, 5
19543, 2
19544, 3
19545, 3
19546, 4
19547, 6
19548, 1
19549, 1
19550, 4
19551, 4
19552, 1
19553, 2
19554, 6
19555, 4
19556, 2
19557, 3
19558, 4
19559, 8
19560, 2
19561, 6
19562, 3
19563, 4
19564, 5
19565, 2
19567, 4
19568, 9
19569, 2
19570, 4
19571, 4
19572, 4
19573, 1
19574, 2
19575, 4
19576, 4
19577, 4
19578, 4
19579, 6
19581, 3
19582, 3
19583, 1
19584, 1
19585, 2
19586, 4
19587, 3
19588, 3
19589, 6
19591, 5
19592, 4
19594, 3
19595, 1
19597, 2
19598, 3
19599, 4
19600, 3
19601, 5
19602, 4
19603, 5
19604, 3
19605, 2
19606, 2
19607, 3
19608, 2
19609, 3
19610, 1
19611, 2
19612, 2
19613, 1
19615, 2
19616, 2
19617, 2
19618, 5
19619, 2
19620, 6
19622, 5
19623, 3
19624, 2
19625, 1
19626, 3
19627, 1
19628, 5
19629, 1
19630, 5
19631, 2
19632, 6
19633, 3
19634, 1
19635, 3
19636, 5
19637, 2
19638, 2
19639, 5
19640, 5
19641, 1
19642, 3
19643, 3
19644, 6
19645, 4
19646, 4
19647, 3
19648, 5
19649, 7
19650, 1
19651, 3
19652, 1
19653, 7
19654, 5
19655, 2
19656, 5
19657, 5
19658, 1
19659, 3
19660, 2
19661, 5
19662, 4
19663, 2
19664, 7
19665, 2
19666, 3
19667, 2
19668, 2
19669, 1
19670, 1
19671, 2
19672, 4
19673, 4
19674, 4
19675, 3
19676, 3
19677, 6
19679, 1
19680, 2
19681, 1
19682, 2
19683, 2
19684, 3
19685, 2
19686, 6
19687, 4
19688, 2
19689, 7
19690, 2
19691, 3
19692, 1
19693, 3
19694, 4
19696, 2
19697, 1
19698, 3
19700, 2
19702, 4
19703, 3
19704, 2
19705, 3
19706, 5
19707, 2
19708, 4
19709, 3
19710, 1
19711, 3
19712, 1
19713, 5
19714, 2
19715, 3
19716, 3
19717, 3
19718, 7
19719, 1
19720, 2
19721, 4
19722, 3
19723, 2
19724, 2
19725, 6
19726, 4
19727, 2
19728, 3
19729, 5
19730, 4
19731, 4
19732, 6
19733, 2
19734, 6
19735, 4
19736, 1
19737, 3
19738, 3
19739, 8
19740, 2
19741, 3
19742, 6
19743, 2
19744, 2
19745, 4
19746, 5
19747, 3
19748, 3
19749, 3
19750, 6
19751, 2
19752, 3
19753, 1
19754, 1
19755, 2
19757, 4
19758, 3
19759, 4
19760, 6
19762, 8
19763, 1
19764, 1
19765, 2
19766, 1
19767, 1
19768, 2
19769, 3
19770, 1
19771, 6
19772, 3
19773, 5
19774, 4
19775, 4
19776, 4
19778, 3
19779, 2
19780, 3
19781, 1
19782, 2
19783, 1
19784, 2
19785, 1
19786, 1
19787, 2
19788, 4
19789, 2
19790, 4
19791, 5
19793, 4
19794, 3
19795, 3
19796, 2
19797, 1
19798, 3
19799, 4
19800, 2
19801, 2
19802, 4
19803, 6
19804, 4
19806, 3
19807, 4
19808, 3
19809, 2
19810, 4
19811, 6
19812, 1
19813, 3
19814, 3
19815, 8
19816, 2
19817, 5
19818, 4
19819, 5
19820, 6
19822, 3
19823, 1
19824, 7
19825, 5
19826, 2
19827, 5
19828, 4
19829, 3
19830, 1
19831, 4
19832, 4
19833, 5
19834, 1
19835, 6
19836, 3
19837, 2
19838, 3
19839, 2
19840, 1
19841, 1
19842, 2
19843, 6
19844, 3
19845, 4
19846, 1
19847, 2
19848, 8
19849, 1
19851, 3
19853, 2
19854, 1
19855, 3
19856, 4
19857, 5
19858, 4
19859, 2
19860, 7
19861, 3
19862, 2
19863, 1
19864, 2
19865, 3
19866, 2
19867, 3
19868, 1
19869, 1
19870, 1
19871, 2
19873, 4
19874, 3
19875, 1
19876, 6
19877, 3
19878, 3
19879, 2
19880, 5
19881, 1
19882, 3
19883, 1
19884, 3
19885, 3
19886, 2
19887, 5
19888, 2
19889, 6
19890, 2
19891, 1
19892, 6
19893, 2
19894, 2
19895, 4
19896, 4
19897, 3
19898, 2
19899, 4
19900, 4
19901, 5
19902, 4
19903, 4
19904, 5
19905, 5
19906, 4
19907, 1
19908, 2
19909, 6
19910, 5
19911, 3
19912, 2
19913, 5
19914, 5
19915, 1
19916, 4
19917, 4
19918, 4
19919, 2
19920, 5
19921, 4
19922, 3
19923, 2
19924, 2
19925, 2
19927, 1
19928, 6
19929, 2
19930, 3
19931, 6
19933, 8
19934, 1
19935, 1
19936, 1
19937, 2
19939, 3
19940, 2
19941, 3
19942, 5
19943, 4
19944, 4
19945, 3
19946, 5
19947, 3
19948, 1
19949, 2
19950, 3
19951, 3
19952, 2
19953, 1
19954, 2
19955, 1
19956, 1
19957, 1
19958, 2
19959, 2
19960, 4
19961, 3
19962, 5
19963, 2
19964, 3
19965, 4
19966, 2
19967, 2
19968, 2
19969, 2
19970, 3
19971, 4
19972, 3
19973, 2
19974, 7
19975, 2
19976, 1
19977, 3
19978, 5
19979, 2
19980, 2
19981, 3
19982, 7
19983, 1
19984, 4
19985, 2
19986, 6
19987, 5
19988, 3
19989, 5
19990, 4
19991, 6
19992, 1
19993, 2
19994, 2
19995, 8
19996, 5
19997, 1
19998, 4
19999, 6
20000, 2
20001, 1
20002, 7
20003, 3
20004, 3
20005, 1
20006, 7
20007, 3
20008, 3
20009, 1
20010, 2
20011, 1
20012, 2
20013, 1
20014, 4
20015, 4
20016, 4
20017, 3
20018, 4
20019, 5
20021, 1
20022, 3
20024, 2
20025, 2
20026, 2
20027, 5
20028, 3
20029, 6
20030, 1
20031, 6
20032, 4
20033, 2
20034, 1
20035, 2
20036, 5
20038, 2
20039, 1
20040, 3
20042, 2
20043, 1
20044, 3
20045, 2
20046, 3
20047, 5
20048, 3
20050, 6
20051, 4
20052, 1
20053, 3
20055, 6
20056, 1
20057, 2
20058, 4
20059, 4
20060, 6
20061, 1
20062, 1
20063, 6
20064, 2
20065, 1
20066, 6
20067, 1
20068, 5
20069, 2
20070, 4
20071, 3
20072, 6
20073, 5
20074, 4
20075, 4
20076, 5
20077, 4
20078, 2
20079, 1
20080, 4
20081, 8
20082, 2
20083, 3
20084, 5
20085, 3
20086, 2
20087, 3
20088, 5
20089, 4
20090, 2
20091, 6
20092, 2
20093, 3
20094, 3
20095, 1
20096, 3
20097, 1
20098, 1
20099, 1
20100, 9
20101, 1
20102, 4
20103, 1
20104, 7
20105, 2
20107, 3
20108, 1
20110, 3
20111, 2
20112, 4
20113, 2
20114, 6
20115, 4
20116, 4
20117, 4
20118, 4
20120, 2
20121, 2
20122, 4
20123, 2
20124, 1
20125, 2
20126, 1
20127, 1
20128, 1
20129, 4
20130, 1
20131, 4
20132, 2
20133, 5
20134, 3
20135, 3
20136, 3
20137, 2
20138, 3
20139, 1
20140, 4
20141, 2
20142, 3
20143, 3
20144, 2
20145, 7
20146, 3
20148, 4
20149, 4
20150, 1
20151, 4
20152, 4
20153, 4
20154, 3
20155, 2
20156, 3
20157, 7
20158, 3
20159, 3
20160, 8
20161, 4
20162, 2
20163, 3
20164, 3
20165, 1
20166, 9
20167, 2
20168, 4
20169, 4
20170, 6
20172, 2
20173, 6
20174, 2
20175, 3
20176, 4
20177, 5
20178, 4
20179, 3
20180, 1
20181, 1
20182, 3
20184, 4
20185, 3
20186, 4
20187, 4
20188, 3
20189, 3
20190, 5
20192, 1
20193, 3
20195, 1
20196, 4
20197, 1
20198, 4
20199, 5
20200, 4
20201, 5
20202, 5
20204, 4
20205, 2
20206, 3
20207, 1
20208, 3
20209, 1
20210, 3
20211, 1
20212, 1
20214, 2
20215, 3
20216, 3
20217, 3
20218, 3
20219, 4
20220, 2
20221, 3
20222, 4
20223, 1
20224, 3
20225, 2
20226, 4
20227, 2
20228, 2
20229, 4
20230, 4
20231, 4
20232, 3
20233, 2
20234, 4
20235, 2
20236, 4
20237, 4
20238, 5
20239, 1
20240, 3
20241, 3
20242, 4
20243, 6
20244, 3
20245, 5
20246, 4
20247, 6
20248, 3
20249, 2
20250, 1
20251, 2
20252, 7
20253, 5
20254, 1
20255, 8
20256, 3
20257, 2
20258, 3
20259, 5
20260, 3
20261, 2
20262, 6
20263, 4
20264, 2
20265, 3
20266, 1
20267, 2
20268, 1
20269, 1
20270, 3
20271, 5
20272, 3
20273, 4
20274, 2
20275, 8
20277, 1
20278, 2
20279, 1
20280, 1
20281, 3
20282, 1
20283, 4
20284, 5
20285, 3
20286, 3
20287, 5
20288, 4
20289, 4
20290, 1
20291, 1
20292, 3
20293, 3
20294, 2
20295, 1
20296, 3
20298, 1
20299, 1
20300, 3
20301, 3
20302, 3
20303, 2
20304, 5
20305, 3
20306, 4
20308, 4
20309, 2
20310, 2
20311, 2
20312, 4
20313, 3
20314, 2
20315, 4
20316, 6
20317, 2
20318, 2
20319, 3
20320, 4
20321, 2
20322, 3
20323, 5
20324, 3
20325, 3
20326, 3
20327, 4
20328, 6
20329, 2
20330, 5
20331, 4
20332, 6
20333, 4
20334, 1
20335, 2
20336, 2
20337, 8
20338, 5
20339, 2
20340, 5
20341, 4
20342, 2
20343, 3
20344, 2
20345, 6
20346, 2
20347, 4
20348, 5
20349, 2
20350, 4
20351, 2
20352, 1
20353, 1
20354, 1
20355, 2
20356, 5
20357, 4
20358, 4
20359, 2
20360, 6
20361, 3
20362, 1
20364, 3
20366, 2
20367, 2
20368, 3
20369, 3
20370, 5
20371, 4
20372, 4
20373, 5
20374, 2
20375, 3
20376, 2
20377, 2
20378, 2
20379, 3
20380, 2
20381, 1
20382, 1
20383, 2
20384, 1
20385, 2
20386, 2
20387, 3
20388, 2
20389, 5
20390, 3
20391, 3
20392, 4
20393, 3
20394, 1
20395, 2
20396, 2
20397, 2
20398, 5
20399, 2
20400, 4
20401, 2
20402, 7
20403, 1
20404, 3
20405, 5
20406, 1
20407, 1
20408, 4
20409, 6
20410, 2
20411, 1
20412, 5
20413, 6
20414, 4
20415, 4
20416, 4
20417, 4
20418, 7
20419, 2
20420, 2
20421, 2
20422, 3
20423, 8
20424, 2
20425, 3
20426, 5
20427, 4
20428, 2
20429, 4
20430, 3
20431, 4
20432, 3
20433, 5
20434, 5
20435, 2
20436, 1
20437, 1
20438, 2
20439, 2
20440, 2
20441, 1
20442, 6
20443, 3
20444, 4
20445, 3
20446, 7
20449, 4
20451, 1
20452, 2
20453, 3
20454, 4
20455, 3
20456, 4
20457, 4
20458, 3
20459, 6
20460, 3
20461, 1
20462, 1
20463, 3
20464, 3
20465, 2
20466, 1
20467, 2
20468, 1
20469, 1
20470, 1
20471, 4
20472, 3
20473, 2
20474, 2
20475, 6
20476, 1
20477, 4
20478, 2
20479, 3
20480, 2
20481, 3
20482, 1
20483, 5
20484, 2
20485, 4
20486, 2
20487, 6
20488, 3
20489, 2
20490, 3
20491, 3
20492, 1
20493, 3
20494, 5
20495, 3
20496, 3
20497, 4
20498, 1
20499, 9
20500, 4
20501, 3
20502, 3
20503, 6
20504, 6
20505, 1
20506, 1
20507, 2
20508, 9
20509, 4
20510, 3
20511, 6
20512, 2
20513, 2
20514, 3
20515, 3
20516, 4
20517, 4
20518, 2
20519, 7
20520, 2
20521, 2
20522, 2
20523, 1
20524, 2
20525, 1
20526, 5
20527, 1
20528, 5
20529, 3
20530, 3
20531, 6
20532, 3
20533, 1
20535, 3
20537, 2
20538, 3
20539, 4
20540, 1
20541, 5
20542, 6
20543, 4
20544, 4
20545, 3
20546, 1
20547, 2
20548, 2
20549, 3
20550, 2
20551, 1
20552, 3
20553, 1
20554, 1
20555, 1
20556, 2
20557, 2
20558, 5
20560, 5
20561, 3
20562, 4
20563, 4
20564, 2
20565, 1
20566, 3
20567, 1
20568, 4
20569, 3
20570, 2
20571, 3
20572, 5
20573, 4
20574, 2
20575, 2
20576, 6
20577, 1
20578, 3
20579, 4
20580, 4
20581, 2
20582, 2
20583, 4
20584, 6
20585, 5
20586, 4
20587, 4
20588, 5
20589, 5
20590, 2
20591, 1
20592, 2
20593, 5
20594, 8
20595, 1
20596, 4
20597, 4
20598, 4
20599, 2
20600, 4
20601, 4
20602, 3
20603, 3
20604, 4
20605, 5
20606, 3
20607, 2
20608, 1
20609, 2
20610, 1
20611, 1
20612, 5
20613, 3
20614, 3
20615, 4
20616, 2
20617, 8
20620, 3
20621, 1
20622, 1
20623, 3
20624, 1
20625, 3
20626, 5
20627, 6
20628, 2
20629, 6
20630, 3
20631, 3
20632, 1
20633, 1
20634, 3
20635, 3
20636, 2
20637, 1
20638, 3
20640, 2
20642, 4
20643, 2
20644, 1
20645, 6
20646, 3
20647, 3
20648, 3
20649, 3
20650, 2
20651, 2
20652, 3
20653, 2
20654, 3
20655, 4
20656, 3
20657, 4
20658, 4
20659, 3
20660, 1
20661, 3
20662, 5
20663, 1
20664, 4
20665, 2
20666, 7
20668, 2
20669, 7
20670, 5
20671, 4
20672, 4
20673, 4
20674, 4
20675, 6
20677, 3
20678, 3
20679, 9
20680, 2
20682, 8
20683, 2
20684, 3
20685, 2
20686, 6
20687, 2
20688, 5
20689, 1
20690, 7
20691, 2
20692, 4
20693, 1
20694, 2
20696, 1
20697, 2
20698, 4
20699, 5
20700, 3
20701, 4
20702, 6
20703, 2
20704, 1
20705, 1
20706, 2
20708, 3
20709, 2
20710, 3
20711, 5
20712, 2
20713, 6
20714, 4
20715, 3
20716, 3
20717, 2
20718, 1
20719, 4
20720, 3
20721, 1
20722, 1
20723, 3
20724, 1
20725, 1
20726, 1
20727, 1
20728, 3
20729, 3
20730, 4
20731, 6
20733, 3
20734, 3
20735, 4
20736, 1
20737, 2
20738, 2
20739, 4
20740, 3
20741, 1
20742, 5
20743, 5
20744, 4
20745, 1
20746, 3
20747, 4
20748, 1
20749, 3
20750, 6
20751, 3
20752, 3
20753, 3
20754, 2
20755, 6
20756, 6
20757, 2
20758, 5
20759, 4
20760, 5
20761, 3
20762, 2
20763, 2
20764, 7
20765, 5
20766, 2
20767, 4
20768, 5
20769, 2
20770, 2
20771, 3
20772, 5
20773, 4
20774, 2
20775, 3
20776, 5
20777, 3
20778, 3
20779, 2
20780, 1
20781, 1
20782, 2
20783, 3
20784, 6
20785, 3
20786, 3
20787, 2
20788, 7
20790, 1
20791, 2
20792, 1
20793, 3
20794, 1
20795, 2
20796, 4
20797, 4
20798, 6
20799, 2
20800, 5
20801, 2
20802, 4
20804, 2
20805, 3
20806, 3
20807, 1
20808, 4
20809, 1
20811, 2
20813, 4
20814, 2
20815, 4
20816, 1
20817, 6
20818, 2
20819, 3
20820, 5
20822, 3
20823, 1
20824, 4
20825, 3
20826, 2
20827, 4
20828, 3
20829, 5
20830, 3
20832, 4
20833, 4
20834, 3
20835, 1
20836, 7
20837, 4
20838, 2
20839, 1
20840, 3
20841, 7
20842, 5
20843, 2
20844, 7
20845, 3
20846, 5
20847, 2
20848, 2
20849, 3
20850, 10
20851, 1
20852, 2
20853, 6
20854, 4
20855, 2
20856, 3
20857, 2
20858, 4
20859, 5
20860, 3
20861, 4
20862, 4
20863, 2
20864, 2
20865, 2
20867, 1
20868, 4
20869, 4
20870, 3
20871, 5
20872, 2
20873, 3
20874, 5
20875, 1
20876, 2
20877, 1
20879, 3
20880, 1
20881, 5
20882, 3
20883, 4
20884, 3
20885, 3
20886, 7
20887, 1
20888, 4
20889, 2
20890, 2
20891, 1
20892, 2
20893, 2
20894, 3
20895, 1
20896, 2
20898, 1
20899, 4
20900, 2
20901, 4
20902, 3
20903, 3
20904, 4
20905, 4
20906, 2
20907, 1
20908, 3
20909, 1
20910, 4
20911, 3
20912, 4
20913, 2
20914, 6
20915, 4
20917, 3
20918, 3
20919, 3
20920, 3
20921, 5
20922, 3
20923, 4
20924, 2
20925, 3
20926, 6
20927, 5
20928, 2
20929, 5
20930, 5
20931, 4
20932, 3
20933, 2
20934, 2
20935, 6
20936, 5
20937, 3
20938, 6
20939, 5
20940, 1
20942, 5
20943, 4
20944, 3
20945, 3
20946, 5
20947, 4
20948, 2
20949, 3
20950, 1
20951, 2
20952, 1
20953, 1
20954, 3
20955, 6
20956, 3
20957, 4
20958, 2
20959, 7
20961, 1
20962, 3
20964, 1
20965, 3
20966, 2
20967, 4
20968, 5
20969, 5
20970, 1
20971, 7
20972, 1
20973, 4
20974, 1
20975, 3
20976, 3
20977, 1
20978, 2
20979, 3
20980, 1
20981, 1
20982, 1
20983, 1
20984, 3
20985, 2
20986, 2
20987, 3
20988, 6
20989, 2
20990, 3
20991, 4
20992, 1
20993, 2
20994, 3
20995, 3
20996, 2
20997, 2
20998, 5
20999, 4
21000, 3
21001, 4
21003, 6
21004, 3
21005, 2
21006, 1
21007, 6
21008, 4
21009, 2
21010, 3
21011, 5
21012, 4
21013, 5
21014, 3
21015, 7
21016, 4
21017, 3
21018, 1
21019, 3
21020, 2
21021, 8
21022, 5
21023, 1
21024, 5
21025, 4
21026, 2
21027, 2
21028, 7
21029, 2
21030, 3
21031, 4
21032, 5
21033, 2
21034, 4
21036, 3
21037, 1
21038, 1
21039, 2
21040, 6
21041, 2
21042, 5
21043, 1
21044, 7
21045, 2
21046, 1
21048, 3
21049, 1
21050, 2
21051, 2
21052, 3
21053, 2
21054, 7
21055, 3
21056, 4
21057, 4
21058, 5
21060, 2
21061, 2
21062, 4
21064, 3
21065, 2
21066, 1
21067, 1
21068, 1
21069, 2
21070, 3
21071, 4
21072, 1
21073, 7
21075, 3
21076, 5
21077, 2
21079, 4
21080, 1
21081, 4
21082, 4
21083, 3
21084, 2
21085, 4
21086, 5
21087, 1
21088, 3
21089, 3
21090, 3
21091, 3
21092, 2
21093, 7
21094, 2
21095, 1
21096, 5
21097, 5
21098, 6
21099, 2
21100, 5
21101, 5
21102, 5
21103, 2
21104, 3
21105, 1
21106, 6
21107, 6
21108, 2
21109, 4
21110, 5
21111, 3
21112, 1
21113, 5
21114, 3
21115, 4
21116, 2
21117, 7
21118, 4
21119, 1
21120, 2
21121, 1
21122, 2
21123, 1
21124, 2
21125, 3
21126, 5
21127, 5
21128, 2
21129, 2
21130, 7
21132, 1
21133, 2
21134, 1
21135, 2
21136, 2
21137, 2
21138, 4
21139, 3
21140, 8
21142, 5
21143, 3
21144, 4
21145, 2
21146, 1
21147, 4
21148, 1
21149, 1
21150, 2
21151, 2
21152, 1
21153, 2
21155, 4
21156, 2
21157, 3
21158, 2
21159, 6
21160, 2
21161, 3
21162, 5
21163, 1
21164, 2
21165, 2
21166, 4
21167, 2
21168, 3
21170, 7
21171, 6
21172, 1
21173, 1
21174, 4
21175, 3
21176, 2
21177, 4
21178, 6
21179, 2
21180, 1
21181, 5
21182, 2
21183, 8
21184, 4
21185, 2
21186, 5
21187, 5
21188, 4
21189, 2
21190, 2
21191, 3
21192, 10
21193, 1
21194, 3
21195, 7
21196, 1
21197, 2
21198, 3
21199, 4
21200, 3
21201, 4
21202, 3
21203, 6
21204, 3
21205, 3
21206, 1
21207, 1
21208, 2
21209, 1
21210, 3
21211, 4
21212, 3
21213, 5
21214, 2
21215, 8
21218, 3
21219, 1
21220, 1
21221, 1
21222, 4
21223, 2
21224, 4
21225, 7
21226, 1
21227, 4
21228, 5
21229, 3
21230, 1
21231, 2
21232, 3
21233, 2
21234, 2
21235, 2
21236, 2
21237, 1
21238, 1
21239, 1
21240, 1
21241, 4
21242, 2
21243, 4
21244, 3
21245, 3
21246, 3
21247, 6
21248, 1
21249, 2
21250, 2
21251, 2
21252, 3
21253, 4
21254, 1
21255, 4
21256, 6
21257, 3
21258, 1
21259, 3
21260, 5
21261, 1
21262, 2
21263, 4
21264, 5
21265, 4
21266, 2
21267, 2
21268, 7
21269, 5
21270, 3
21271, 6
21272, 3
21273, 6
21274, 2
21275, 1
21276, 2
21277, 8
21278, 4
21279, 3
21280, 4
21281, 6
21283, 3
21284, 2
21285, 5
21286, 4
21287, 2
21288, 6
21289, 3
21290, 2
21291, 3
21292, 1
21293, 2
21294, 1
21295, 3
21296, 5
21297, 2
21298, 5
21299, 2
21300, 2
21301, 7
21302, 1
21303, 1
21304, 2
21306, 2
21307, 3
21308, 1
21309, 3
21310, 8
21311, 2
21312, 4
21313, 3
21314, 4
21315, 3
21317, 5
21318, 2
21319, 1
21320, 2
21321, 2
21322, 2
21324, 2
21326, 4
21327, 3
21328, 2
21329, 3
21330, 5
21331, 4
21332, 1
21333, 5
21335, 3
21336, 2
21337, 4
21338, 2
21339, 2
21340, 5
21341, 4
21342, 5
21343, 1
21344, 1
21345, 6
21346, 1
21347, 1
21348, 4
21349, 6
21350, 3
21351, 2
21352, 4
21353, 4
21354, 6
21355, 2
21356, 4
21357, 5
21358, 5
21359, 5
21360, 1
21361, 1
21362, 3
21363, 10
21364, 2
21365, 2
21366, 6
21367, 4
21368, 3
21369, 1
21370, 5
21371, 3
21372, 4
21373, 3
21374, 6
21375, 2
21376, 2
21377, 1
21378, 3
21379, 1
21381, 3
21382, 6
21383, 3
21384, 4
21385, 1
21386, 8
21387, 1
21388, 1
21389, 1
21390, 2
21391, 1
21392, 2
21393, 2
21394, 2
21395, 5
21396, 6
21397, 2
21398, 4
21399, 5
21400, 2
21401, 2
21402, 3
21403, 3
21404, 2
21405, 1
21406, 1
21407, 3
21408, 1
21409, 2
21411, 3
21412, 3
21413, 3
21414, 3
21415, 4
21416, 2
21417, 3
21418, 3
21419, 3
21420, 2
21421, 2
21422, 4
21423, 3
21425, 5
21426, 2
21427, 6
21428, 4
21430, 6
21431, 2
21432, 1
21433, 3
21434, 4
21435, 5
21436, 3
21437, 2
21438, 3
21439, 6
21440, 4
21441, 4
21442, 6
21443, 6
21444, 4
21446, 3
21447, 2
21448, 6
21449, 6
21450, 3
21451, 2
21452, 6
21453, 2
21454, 2
21455, 4
21456, 4
21457, 2
21458, 4
21459, 7
21460, 1
21461, 3
21462, 2
21463, 1
21464, 2
21465, 1
21466, 2
21467, 6
21468, 3
21469, 3
21470, 2
21471, 7
21472, 3
21473, 1
21475, 3
21477, 1
21478, 3
21479, 4
21480, 3
21481, 3
21482, 7
21484, 8
21486, 4
21487, 2
21488, 3
21489, 3
21491, 3
21493, 3
21494, 1
21495, 1
21496, 3
21497, 1
21498, 4
21499, 1
21500, 5
21501, 3
21502, 2
21503, 3
21504, 5
21506, 3
21507, 1
21508, 4
21509, 3
21510, 3
21511, 3
21512, 6
21513, 3
21514, 2
21515, 2
21516, 4
21517, 3
21518, 2
21519, 3
21520, 7
21521, 2
21522, 1
21523, 3
21524, 4
21525, 7
21526, 4
21527, 4
21528, 4
21529, 6
21530, 3
21531, 2
21532, 1
21533, 5
21534, 7
21535, 3
21536, 3
21537, 6
21538, 3
21539, 1
21540, 2
21541, 5
21542, 3
21543, 4
21544, 5
21545, 4
21546, 1
21547, 3
21548, 2
21549, 2
21551, 3
21552, 2
21553, 4
21554, 4
21555, 4
21556, 2
21557, 6
21558, 2
21559, 1
21560, 2
21561, 1
21562, 1
21563, 2
21564, 2
21565, 4
21566, 3
21567, 6
21568, 2
21569, 5
21570, 4
21571, 3
21572, 2
21573, 1
21574, 3
21575, 3
21576, 1
21577, 2
21578, 2
21579, 1
21580, 1
21581, 1
21582, 2
21583, 4
21584, 3
21585, 2
21586, 5
21587, 1
21588, 5
21589, 3
21590, 2
21591, 3
21592, 1
21593, 3
21594, 3
21595, 2
21596, 2
21597, 6
21598, 4
21599, 3
21600, 1
21601, 5
21602, 4
21603, 1
21604, 1
21605, 7
21606, 2
21607, 4
21608, 2
21609, 3
21610, 5
21611, 6
21612, 5
21613, 3
21614, 6
21615, 4
21616, 2
21617, 1
21618, 2
21619, 9
21620, 4
21621, 2
21622, 3
21623, 6
21624, 2
21625, 1
21626, 5
21627, 4
21628, 4
21629, 3
21630, 5
21631, 3
21632, 2
21633, 2
21634, 2
21635, 1
21636, 1
21637, 3
21638, 4
21639, 4
21640, 3
21641, 3
21642, 3
21643, 6
21645, 1
21646, 3
21648, 1
21649, 3
21650, 3
21651, 4
21652, 3
21653, 6
21654, 1
21655, 6
21656, 3
21657, 3
21659, 4
21660, 4
21662, 2
21663, 2
21664, 1
21665, 1
21666, 2
21667, 1
21668, 3
21669, 2
21670, 4
21671, 5
21672, 2
21673, 5
21674, 2
21675, 2
21676, 3
21677, 2
21678, 2
21679, 3
21680, 3
21681, 1
21682, 5
21683, 4
21684, 4
21685, 2
21686, 3
21687, 4
21688, 2
21689, 2
21690, 4
21691, 4
21692, 3
21693, 3
21694, 2
21695, 6
21696, 6
21697, 3
21698, 5
21699, 5
21700, 6
21701, 1
21703, 3
21704, 4
21705, 7
21706, 3
21707, 4
21708, 4
21709, 5
21710, 2
21711, 3
21712, 3
21713, 4
21714, 3
21715, 6
21716, 3
21717, 2
21718, 3
21719, 1
21720, 1
21721, 1
21722, 3
21723, 4
21724, 2
21725, 4
21726, 4
21727, 2
21728, 7
21729, 1
21730, 1
21731, 1
21732, 2
21733, 2
21734, 3
21735, 1
21736, 3
21737, 2
21738, 9
21739, 1
21740, 4
21741, 4
21742, 3
21743, 1
21744, 3
21745, 2
21746, 3
21747, 2
21748, 1
21749, 3
21751, 1
21752, 1
21753, 2
21754, 3
21755, 4
21756, 2
21757, 6
21758, 1
21759, 3
21760, 5
21761, 1
21762, 3
21763, 2
21764, 2
21765, 3
21766, 1
21767, 3
21768, 6
21769, 6
21770, 2
21772, 4
21773, 3
21774, 3
21775, 4
21776, 2
21777, 5
21778, 3
21779, 4
21780, 4
21781, 6
21782, 2
21783, 6
21784, 4
21785, 5
21786, 3
21787, 1
21788, 3
21789, 1
21790, 9
21791, 4
21792, 2
21793, 4
21794, 4
21795, 3
21796, 2
21797, 6
21798, 1
21799, 4
21800, 3
21801, 6
21802, 3
21803, 3
21804, 1
21805, 3
21807, 1
21808, 2
21809, 5
21810, 4
21811, 4
21812, 2
21813, 4
21814, 5
21815, 1
21817, 3
21819, 2
21820, 3
21821, 1
21822, 5
21823, 5
21824, 5
21825, 1
21826, 5
21827, 2
21828, 4
21829, 2
21830, 1
21831, 4
21832, 2
21833, 2
21834, 1
21835, 2
21836, 1
21837, 1
21838, 2
21839, 2
21840, 3
21841, 3
21842, 5
21843, 2
21844, 3
21845, 4
21846, 3
21847, 1
21848, 3
21850, 6
21851, 1
21852, 3
21853, 4
21854, 5
21855, 4
21856, 1
21857, 2
21858, 5
21859, 2
21860, 3
21861, 2
21862, 8
21864, 2
21865, 4
21866, 4
21867, 7
21868, 1
21869, 6
21870, 4
21871, 7
21872, 2
21873, 3
21875, 6
21876, 6
21877, 3
21878, 3
21879, 7
21880, 1
21881, 2
21882, 3
21883, 3
21884, 4
21885, 4
21886, 5
21887, 4
21888, 2
21889, 2
21890, 2
21891, 2
21892, 1
21893, 2
21894, 2
21895, 4
21896, 7
21897, 2
21898, 1
21899, 7
21900, 1
21901, 1
21902, 3
21904, 1
21905, 2
21906, 2
21907, 3
21908, 6
21909, 4
21910, 3
21911, 5
21912, 3
21913, 4
21915, 3
21916, 4
21917, 1
21918, 2
21919, 2
21920, 1
21921, 1
21922, 1
21923, 2
21924, 3
21925, 1
21926, 4
21927, 3
21928, 5
21929, 1
21930, 4
21931, 5
21933, 2
21934, 3
21935, 3
21936, 2
21937, 4
21938, 3
21939, 1
21940, 8
21941, 2
21943, 4
21944, 5
21945, 1
21946, 2
21947, 5
21948, 4
21949, 2
21950, 4
21951, 3
21952, 7
21953, 4
21954, 3
21955, 6
21956, 3
21957, 6
21958, 1
21959, 2
21960, 4
21961, 6
21962, 4
21964, 7
21965, 4
21966, 2
21967, 2
21968, 6
21969, 2
21970, 5
21972, 7
21973, 2
21974, 3
21975, 2
21976, 2
21977, 2
21979, 3
21980, 5
21981, 4
21982, 2
21983, 4
21984, 4
21985, 4
21987, 2
21988, 2
21990, 3
21991, 2
21992, 3
21993, 3
21994, 4
21995, 6
21996, 3
21997, 5
21998, 2
21999, 2
22000, 3
22001, 2
22002, 1
22003, 2
22004, 3
22005, 2
22007, 2
22008, 1
22009, 2
22010, 2
22011, 5
22012, 2
22013, 4
22014, 2
22015, 5
22017, 5
22018, 3
22019, 1
22021, 6
22022, 2
22023, 2
22024, 4
22025, 5
22026, 4
22027, 1
22028, 2
22029, 5
22030, 2
22031, 3
22032, 2
22033, 6
22034, 3
22035, 1
22036, 4
22037, 5
22038, 6
22039, 2
22040, 6
22041, 3
22042, 8
22043, 1
22044, 1
22045, 3
22046, 5
22047, 7
22048, 3
22049, 3
22050, 5
22051, 3
22053, 5
22054, 4
22055, 2
22056, 4
22057, 3
22058, 5
22059, 4
22060, 1
22061, 2
22062, 2
22063, 1
22064, 1
22065, 6
22066, 4
22067, 4
22068, 2
22070, 6
22071, 3
22072, 1
22073, 2
22074, 1
22075, 2
22076, 1
22077, 2
22078, 3
22079, 6
22080, 4
22081, 3
22082, 4
22083, 4
22084, 4
22085, 1
22086, 2
22087, 3
22088, 2
22089, 1
22090, 2
22091, 2
22092, 1
22093, 2
22095, 3
22096, 4
22097, 2
22098, 3
22099, 5
22100, 1
22101, 4
22102, 2
22103, 3
22104, 3
22105, 1
22106, 4
22107, 3
22108, 3
22109, 3
22110, 4
22111, 4
22112, 3
22114, 3
22115, 5
22116, 2
22117, 4
22118, 5
22119, 2
22120, 3
22121, 2
22122, 5
22123, 6
22124, 4
22125, 6
22126, 2
22127, 6
22128, 4
22130, 3
22131, 3
22132, 8
22133, 3
22134, 1
22135, 7
22136, 4
22137, 2
22138, 2
22139, 5
22140, 1
22141, 6
22142, 1
22143, 7
22144, 1
22145, 4
22146, 2
22147, 2
22148, 1
22149, 2
22150, 1
22151, 5
22152, 4
22153, 3
22154, 3
22155, 4
22156, 4
22158, 1
22159, 3
22161, 3
22162, 2
22163, 2
22164, 2
22165, 6
22166, 5
22167, 2
22168, 7
22169, 1
22170, 3
22171, 2
22172, 2
22173, 4
22174, 1
22175, 1
22176, 3
22177, 1
22179, 2
22180, 2
22181, 3
22182, 4
22183, 2
22184, 5
22185, 1
22186, 3
22187, 4
22188, 3
22190, 4
22191, 1
22192, 5
22193, 1
22194, 3
22195, 3
22196, 8
22197, 2
22198, 1
22199, 2
22200, 5
22201, 3
22202, 1
22203, 6
22204, 4
22205, 2
22206, 2
22207, 3
22208, 5
22209, 7
22210, 3
22211, 4
22212, 4
22213, 7
22214, 2
22215, 2
22216, 1
22217, 7
22218, 5
22219, 3
22220, 4
22221, 4
22222, 2
22223, 2
22224, 2
22225, 7
22226, 3
22227, 2
22228, 6
22229, 3
22230, 2
22231, 3
22233, 3
22234, 1
22235, 2
22236, 5
22237, 2
22238, 4
22239, 4
22240, 1
22241, 8
22243, 1
22244, 3
22246, 1
22247, 3
22248, 2
22249, 3
22250, 4
22251, 6
22252, 2
22253, 6
22254, 3
22255, 3
22257, 3
22258, 2
22259, 3
22260, 2
22261, 2
22262, 2
22264, 2
22266, 4
22267, 1
22268, 4
22269, 2
22270, 6
22271, 3
22272, 3
22273, 2
22274, 2
22275, 3
22276, 2
22277, 3
22278, 3
22279, 3
22280, 3
22281, 1
22282, 7
22283, 3
22284, 1
22285, 4
22286, 3
22287, 3
22288, 1
22289, 7
22290, 3
22291, 1
22292, 5
22293, 3
22294, 4
22295, 6
22296, 6
22297, 4
22298, 3
22299, 5
22300, 2
22301, 1
22302, 2
22303, 9
22304, 3
22305, 4
22306, 5
22307, 3
22308, 1
22309, 2
22310, 7
22311, 1
22312, 5
22313, 2
22314, 6
22315, 2
22316, 4
22318, 3
22320, 1
22321, 3
22322, 5
22323, 4
22324, 3
22325, 3
22326, 7
22327, 1
22329, 2
22330, 2
22332, 3
22333, 1
22334, 3
22335, 5
22336, 5
22337, 4
22338, 3
22339, 4
22340, 3
22341, 2
22342, 2
22343, 3
22344, 2
22345, 3
22346, 1
22348, 3
22349, 1
22350, 1
22351, 3
22352, 1
22353, 3
22354, 4
22355, 4
22356, 2
22357, 4
22358, 2
22359, 4
22360, 1
22361, 3
22362, 1
22363, 4
22364, 2
22365, 3
22366, 3
22367, 7
22368, 4
22370, 2
22371, 5
22372, 3
22373, 1
22374, 7
22375, 2
22376, 4
22377, 1
22378, 3
22379, 7
22380, 5
22381, 2
22382, 5
22383, 4
22384, 7
22385, 1
22386, 2
22387, 2
22388, 8
22389, 5
22390, 1
22391, 3
22392, 7
22393, 1
22394, 2
22395, 5
22396, 4
22397, 1
22398, 4
22399, 6
22400, 4
22401, 2
22402, 2
22403, 2
22404, 1
22405, 1
22406, 2
22407, 4
22408, 4
22409, 5
22410, 1
22411, 3
22412, 7
22413, 1
22415, 3
22417, 1
22418, 3
22419, 1
22420, 4
22421, 5
22422, 5
22423, 2
22424, 3
22425, 7
22426, 2
22427, 1
22428, 1
22429, 4
22430, 2
22431, 2
22432, 1
22433, 3
22434, 1
22435, 1
22436, 1
22437, 3
22439, 6
22440, 1
22441, 5
22442, 3
22443, 3
22444, 3
22445, 2
22446, 3
22447, 2
22448, 3
22449, 3
22450, 3
22451, 4
22452, 2
22453, 5
22454, 3
22455, 1
22456, 3
22457, 5
22458, 2
22459, 2
22460, 6
22461, 3
22462, 3
22463, 3
22464, 2
22465, 8
22466, 3
22467, 5
22468, 3
22469, 5
22470, 4
22471, 1
22472, 3
22473, 5
22474, 7
22475, 2
22476, 2
22477, 5
22478, 5
22479, 1
22480, 2
22481, 4
22482, 6
22483, 2
22484, 5
22485, 4
22486, 2
22487, 2
22488, 2
22489, 3
22490, 1
22491, 1
22492, 3
22493, 4
22494, 3
22495, 6
22496, 1
22497, 4
22498, 4
22500, 2
22501, 2
22502, 1
22503, 1
22504, 3
22505, 4
22506, 1
22507, 7
22508, 3
22509, 4
22510, 5
22511, 2
22512, 2
22513, 2
22514, 3
22515, 2
22516, 2
22517, 1
22518, 2
22519, 2
22520, 1
22521, 1
22522, 4
22523, 1
22524, 4
22525, 1
22526, 6
22527, 1
22528, 4
22529, 5
22530, 1
22531, 2
22532, 1
22533, 4
22534, 3
22535, 3
22536, 3
22537, 2
22538, 7
22539, 1
22540, 2
22541, 3
22542, 5
22543, 1
22544, 3
22545, 5
22546, 4
22547, 2
22548, 2
22549, 5
22550, 5
22551, 5
22552, 2
22553, 7
22554, 2
22555, 6
22556, 3
22557, 2
22558, 1
22559, 8
22560, 4
22561, 2
22562, 4
22563, 5
22564, 2
22565, 3
22566, 4
22567, 3
22568, 4
22569, 2
22570, 6
22571, 4
22572, 1
22573, 3
22574, 2
22575, 1
22576, 1
22577, 2
22578, 5
22579, 4
22580, 3
22581, 2
22582, 3
22583, 7
22585, 1
22586, 3
22588, 1
22589, 4
22590, 2
22591, 2
22592, 6
22593, 4
22594, 2
22595, 6
22596, 4
22597, 2
22598, 1
22599, 3
22600, 3
22601, 1
22602, 2
22603, 2
22604, 1
22605, 1
22606, 1
22607, 2
22608, 3
22609, 1
22610, 5
22611, 3
22612, 4
22613, 2
22614, 4
22615, 4
22616, 1
22617, 3
22618, 1
22619, 3
22620, 3
22621, 3
22622, 3
22623, 4
22624, 5
22625, 2
22626, 2
22627, 4
22628, 2
22629, 3
22630, 5
22631, 3
22632, 3
22633, 1
22634, 5
22635, 4
22636, 7
22637, 2
22638, 4
22639, 4
22640, 6
22641, 4
22642, 1
22643, 3
22644, 3
22645, 9
22646, 1
22647, 3
22648, 4
22649, 5
22650, 2
22651, 3
22652, 4
22653, 3
22654, 4
22655, 2
22656, 7
22657, 2
22658, 3
22660, 3
22662, 3
22663, 5
22664, 1
22665, 3
22666, 5
22667, 2
22668, 8
22670, 1
22671, 1
22672, 2
22673, 1
22674, 1
22675, 3
22676, 4
22677, 5
22678, 4
22679, 3
22680, 3
22681, 4
22682, 4
22683, 2
22684, 2
22685, 1
22686, 4
22687, 2
22688, 1
22689, 3
22691, 1
22692, 1
22693, 2
22694, 3
22695, 4
22696, 3
22697, 4
22698, 1
22699, 5
22700, 1
22701, 4
22702, 2
22703, 2
22704, 1
22705, 5
22706, 3
22707, 1
22708, 5
22709, 6
22710, 3
22712, 4
22713, 4
22714, 2
22715, 2
22716, 7
22717, 3
22718, 2
22719, 2
22720, 3
22721, 6
22722, 6
22723, 2
22724, 4
22725, 5
22726, 7
22728, 2
22729, 2
22730, 6
22731, 6
22732, 3
22733, 5
22734, 5
22735, 1
22736, 2
22737, 3
22738, 5
22739, 5
22741, 5
22742, 5
22743, 3
22744, 1
22745, 2
22746, 1
22747, 1
22748, 2
22749, 5
22750, 3
22751, 5
22752, 1
22753, 4
22754, 6
22756, 2
22757, 2
22759, 1
22760, 3
22761, 3
22762, 4
22763, 5
22764, 5
22765, 2
22766, 5
22767, 3
22768, 2
22769, 1
22770, 3
22771, 2
22772, 2
22773, 2
22774, 3
22775, 1
22776, 1
22777, 1
22779, 4
22780, 2
22781, 5
22782, 4
22783, 2
22784, 3
22785, 3
22786, 3
22787, 1
22788, 4
22790, 3
22791, 4
22792, 3
22793, 4
22794, 4
22795, 4
22796, 2
22797, 2
22798, 5
22799, 2
22800, 3
22801, 3
22802, 4
22803, 3
22804, 2
22805, 4
22806, 5
22807, 5
22808, 5
22809, 1
22810, 5
22811, 6
22812, 4
22813, 1
22814, 2
22815, 3
22816, 9
22817, 2
22818, 4
22819, 6
22820, 2
22821, 2
22822, 4
22823, 4
22824, 2
22825, 4
22826, 3
22827, 4
22828, 3
22829, 3
22830, 2
22831, 2
22832, 1
22833, 1
22834, 4
22835, 3
22836, 5
22837, 3
22838, 2
22839, 5
22840, 3
22841, 1
22842, 1
22843, 2
22845, 3
22846, 3
22847, 2
22848, 5
22849, 4
22850, 4
22851, 3
22852, 5
22853, 4
22855, 2
22856, 3
22857, 3
22858, 1
22859, 2
22860, 2
22861, 1
22862, 1
22863, 1
22864, 3
22865, 3
22866, 1
22867, 3
22868, 6
22869, 1
22870, 5
22871, 2
22872, 3
22873, 2
22874, 2
22875, 2
22876, 4
22877, 3
22878, 1
22879, 5
22880, 6
22881, 3
22883, 4
22884, 4
22885, 1
22886, 3
22887, 6
22888, 4
22889, 2
22890, 3
22891, 4
22892, 5
22893, 4
22894, 4
22895, 6
22896, 4
22897, 3
22898, 2
22899, 2
22900, 2
22901, 8
22902, 5
22903, 2
22904, 4
22905, 6
22906, 1
22907, 1
22908, 5
22909, 4
22910, 4
22911, 2
22912, 6
22913, 4
22914, 2
22915, 1
22916, 3
22918, 1
22919, 3
22920, 3
22921, 5
22922, 5
22923, 2
22924, 2
22925, 6
22927, 1
22928, 3
22930, 3
22931, 1
22932, 2
22933, 3
22934, 6
22935, 5
22936, 3
22937, 5
22938, 2
22939, 3
22940, 1
22941, 4
22942, 2
22943, 1
22944, 2
22945, 1
22946, 3
22948, 2
22950, 4
22951, 4
22953, 5
22954, 4
22955, 3
22956, 3
22957, 4
22958, 1
22959, 3
22960, 2
22961, 2
22962, 3
22963, 2
22964, 5
22965, 3
22966, 6
22967, 1
22968, 1
22969, 4
22970, 4
22971, 1
22972, 5
22973, 4
22974, 3
22975, 2
22976, 4
22977, 4
22978, 7
22979, 2
22980, 4
22981, 6
22982, 6
22983, 2
22984, 1
22985, 3
22986, 5
22987, 6
22988, 2
22989, 4
22990, 4
22991, 4
22992, 3
22993, 2
22994, 5
22995, 2
22996, 4
22997, 4
22998, 5
22999, 3
23000, 1
23001, 2
23002, 1
23003, 2
23004, 1
23005, 2
23006, 6
23007, 2
23008, 5
23009, 3
23010, 6
23011, 1
23012, 1
23013, 2
23014, 1
23016, 3
23017, 3
23018, 4
23019, 2
23020, 5
23021, 4
23022, 3
23023, 4
23024, 4
23025, 1
23026, 3
23027, 4
23028, 1
23029, 1
23030, 2
23031, 2
23032, 1
23033, 1
23034, 1
23035, 4
23036, 1
23037, 3
23038, 4
23039, 5
23040, 1
23041, 3
23042, 5
23043, 1
23044, 3
23045, 2
23046, 2
23047, 4
23048, 2
23049, 1
23050, 4
23051, 6
23052, 3
23053, 2
23054, 5
23055, 3
23056, 2
23057, 1
23058, 5
23059, 4
23060, 3
23061, 3
23062, 3
23063, 7
23064, 3
23065, 3
23066, 7
23067, 4
23068, 4
23069, 1
23070, 2
23071, 2
23072, 9
23073, 4
23074, 2
23075, 4
23076, 6
23077, 1
23078, 3
23079, 3
23080, 4
23081, 4
23082, 2
23083, 8
23084, 1
23085, 2
23086, 2
23087, 1
23088, 3
23089, 1
23090, 2
23091, 5
23092, 3
23093, 4
23094, 2
23095, 6
23096, 3
23098, 1
23099, 3
23101, 3
23102, 1
23103, 3
23104, 4
23105, 6
23106, 2
23107, 4
23108, 4
23109, 3
23110, 3
23112, 4
23113, 2
23114, 2
23115, 2
23116, 3
23117, 1
23119, 2
23120, 2
23121, 2
23122, 2
23123, 4
23124, 3
23125, 4
23126, 2
23127, 5
23128, 3
23130, 4
23132, 5
23133, 2
23134, 2
23135, 5
23136, 5
23137, 3
23138, 2
23139, 2
23140, 3
23141, 4
23142, 1
23143, 2
23144, 8
23145, 3
23146, 1
23147, 4
23148, 4
23149, 7
23150, 3
23151, 3
23152, 5
23153, 5
23154, 4
23155, 2
23156, 1
23157, 7
23158, 5
23159, 2
23160, 4
23161, 6
23162, 3
23164, 3
23165, 4
23166, 5
23167, 3
23168, 5
23169, 2
23170, 3
23171, 4
23172, 1
23173, 2
23174, 1
23175, 1
23176, 4
23177, 4
23178, 3
23179, 4
23180, 2
23181, 7
23182, 1
23183, 1
23184, 3
23186, 1
23187, 2
23188, 3
23189, 3
23190, 5
23191, 4
23192, 3
23193, 3
23194, 5
23195, 4
23197, 3
23198, 3
23199, 2
23200, 1
23201, 2
23202, 2
23203, 1
23204, 1
23205, 1
23206, 3
23207, 2
23208, 4
23209, 4
23210, 2
23211, 2
23212, 6
23213, 3
23214, 1
23215, 3
23216, 2
23217, 2
23218, 4
23219, 3
23220, 2
23221, 4
23222, 5
23223, 2
23224, 2
23225, 4
23226, 4
23227, 1
23228, 3
23229, 6
23230, 2
23231, 3
23232, 3
23233, 2
23234, 7
23235, 4
23236, 4
23237, 4
23238, 8
23239, 3
23241, 2
23242, 3
23243, 7
23244, 5
23245, 1
23246, 9
23248, 2
23249, 3
23250, 4
23251, 3
23252, 5
23253, 3
23254, 6
23255, 1
23256, 4
23257, 1
23258, 2
23259, 1
23260, 1
23261, 2
23262, 5
23263, 5
23264, 2
23265, 3
23266, 3
23267, 6
23269, 1
23270, 3
23272, 2
23273, 2
23274, 3
23275, 5
23276, 4
23277, 5
23278, 2
23279, 4
23280, 3
23281, 3
23282, 1
23283, 4
23284, 3
23286, 2
23287, 3
23288, 1
23290, 2
23291, 2
23292, 2
23293, 2
23294, 5
23295, 3
23296, 3
23297, 3
23298, 2
23299, 5
23300, 1
23301, 3
23302, 1
23303, 6
23304, 1
23305, 4
23306, 1
23307, 8
23308, 1
23309, 2
23310, 2
23311, 5
23312, 2
23313, 3
23314, 4
23315, 4
23316, 3
23317, 2
23318, 3
23319, 5
23320, 6
23321, 3
23322, 5
23323, 4
23324, 6
23325, 2
23326, 2
23327, 2
23329, 11
23330, 3
23331, 3
23332, 5
23333, 3
23334, 3
23335, 2
23336, 4
23337, 4
23338, 3
23339, 2
23340, 6
23341, 3
23342, 2
23343, 1
23344, 3
23345, 1
23346, 2
23347, 3
23348, 4
23349, 4
23350, 3
23351, 2
23352, 7
23353, 1
23355, 2
23356, 2
23357, 1
23358, 3
23359, 2
23360, 3
23361, 5
23362, 4
23363, 2
23364, 6
23365, 3
23366, 4
23368, 3
23369, 3
23370, 2
23371, 1
23372, 3
23373, 2
23375, 2
23377, 3
23378, 3
23379, 3
23380, 2
23381, 6
23382, 1
23383, 4
23384, 4
23385, 1
23386, 3
23387, 1
23388, 2
23389, 4
23390, 3
23391, 3
23392, 4
23393, 6
23394, 2
23396, 4
23397, 4
23398, 3
23399, 2
23400, 6
23401, 3
23402, 2
23403, 4
23404, 2
23405, 6
23406, 5
23407, 3
23408, 3
23409, 8
23410, 3
23411, 1
23412, 3
23413, 2
23414, 10
23415, 2
23416, 1
23417, 8
23418, 1
23419, 3
23420, 2
23421, 3
23422, 5
23423, 3
23424, 4
23425, 4
23426, 3
23427, 5
23429, 3
23431, 2
23432, 3
23433, 4
23434, 3
23435, 5
23436, 2
23437, 4
23438, 4
23440, 1
23441, 3
23443, 3
23444, 2
23445, 1
23446, 5
23447, 5
23448, 4
23449, 2
23450, 7
23451, 4
23453, 2
23454, 2
23455, 3
23456, 3
23457, 1
23458, 1
23459, 2
23460, 1
23461, 1
23462, 3
23463, 2
23464, 3
23465, 3
23466, 4
23467, 2
23468, 4
23469, 2
23470, 3
23471, 2
23472, 3
23473, 2
23474, 3
23475, 2
23476, 5
23477, 2
23478, 4
23479, 6
23481, 2
23482, 5
23483, 2
23484, 3
23485, 4
23486, 6
23488, 2
23489, 5
23490, 2
23491, 7
23492, 4
23493, 4
23494, 5
23495, 6
23496, 3
23497, 1
23498, 2
23499, 3
23500, 10
23502, 6
23503, 4
23504, 2
23505, 3
23506, 3
23507, 4
23508, 3
23509, 3
23510, 3
23511, 6
23512, 2
23513, 3
23514, 2
23516, 2
23517, 2
23518, 3
23519, 4
23520, 3
23521, 5
23522, 2
23523, 7
23525, 1
23526, 2
23527, 1
23528, 1
23529, 2
23530, 4
23531, 1
23532, 4
23533, 7
23534, 3
23535, 4
23536, 3
23537, 4
23539, 3
23540, 3
23541, 2
23542, 2
23543, 2
23544, 1
23545, 1
23546, 1
23547, 2
23548, 2
23549, 4
23550, 1
23551, 3
23552, 5
23553, 4
23554, 2
23555, 5
23557, 2
23558, 3
23559, 3
23560, 3
23561, 2
23562, 4
23563, 2
23564, 7
23565, 2
23567, 5
23568, 3
23569, 1
23570, 4
23571, 4
23572, 4
23573, 3
23574, 3
23575, 5
23576, 1
23577, 8
23578, 4
23579, 4
23580, 4
23581, 4
23582, 4
23584, 3
23585, 7
23586, 5
23587, 3
23588, 3
23589, 6
23590, 1
23591, 4
23592, 2
23593, 4
23594, 4
23595, 3
23596, 6
23597, 2
23598, 2
23599, 3
23600, 2
23601, 1
23603, 3
23604, 5
23605, 3
23606, 5
23607, 1
23608, 4
23609, 5
23611, 2
23612, 2
23613, 1
23614, 2
23615, 1
23616, 3
23617, 5
23618, 3
23619, 4
23620, 4
23621, 6
23622, 3
23623, 1
23624, 1
23625, 4
23626, 3
23627, 1
23628, 2
23629, 2
23630, 1
23631, 1
23632, 1
23633, 3
23634, 1
23635, 4
23636, 2
23637, 5
23638, 2
23639, 4
23640, 1
23641, 5
23642, 1
23643, 3
23645, 6
23646, 1
23647, 3
23648, 3
23649, 6
23650, 5
23652, 2
23653, 6
23654, 2
23655, 2
23656, 3
23657, 4
23658, 4
23659, 2
23660, 4
23661, 4
23662, 7
23663, 3
23664, 3
23665, 5
23666, 7
23667, 1
23668, 3
23669, 1
23670, 6
23671, 6
23672, 2
23673, 4
23674, 5
23675, 3
23676, 1
23677, 2
23678, 6
23679, 3
23680, 3
23681, 4
23682, 5
23683, 2
23684, 3
23685, 1
23686, 2
23687, 1
23688, 2
23689, 5
23690, 2
23691, 4
23692, 3
23693, 2
23694, 8
23696, 1
23697, 2
23698, 1
23699, 2
23700, 2
23701, 2
23702, 2
23703, 6
23704, 5
23705, 2
23706, 4
23707, 5
23708, 3
23709, 1
23710, 2
23711, 3
23712, 2
23713, 2
23714, 2
23715, 2
23716, 1
23717, 1
23719, 4
23720, 2
23721, 4
23722, 4
23723, 2
23724, 2
23725, 4
23726, 3
23727, 2
23728, 3
23729, 1
23730, 3
23731, 4
23732, 2
23733, 3
23734, 5
23735, 5
23736, 1
23737, 2
23738, 4
23739, 4
23740, 1
23741, 3
23742, 6
23743, 4
23744, 1
23745, 4
23746, 1
23747, 8
23748, 4
23749, 3
23750, 6
23751, 4
23752, 5
23753, 1
23754, 2
23755, 2
23756, 7
23757, 5
23758, 2
23759, 8
23760, 1
23761, 2
23762, 3
23763, 6
23764, 1
23765, 5
23766, 1
23767, 6
23768, 4
23769, 2
23770, 2
23771, 2
23773, 3
23775, 6
23776, 4
23777, 4
23778, 2
23779, 6
23780, 2
23782, 1
23783, 3
23784, 1
23786, 4
23787, 3
23788, 2
23789, 5
23790, 5
23791, 2
23792, 7
23793, 4
23795, 2
23796, 3
23797, 1
23798, 2
23799, 2
23800, 2
23801, 2
23802, 1
23803, 1
23804, 1
23805, 4
23806, 2
23807, 4
23808, 5
23809, 1
23810, 4
23811, 4
23812, 2
23813, 2
23814, 2
23815, 3
23816, 3
23817, 1
23818, 5
23819, 2
23820, 5
23821, 4
23822, 1
23823, 3
23824, 3
23825, 4
23826, 1
23827, 5
23828, 6
23829, 1
23830, 2
23831, 3
23832, 6
23833, 6
23834, 3
23835, 5
23836, 4
23837, 6
23838, 2
23839, 2
23840, 1
23841, 3
23842, 9
23843, 2
23844, 4
23845, 6
23846, 1
23847, 3
23848, 4
23849, 3
23850, 6
23852, 3
23853, 7
23854, 1
23855, 3
23856, 1
23857, 2
23858, 1
23859, 2
23860, 5
23861, 2
23862, 4
23863, 4
23864, 3
23865, 6
23867, 1
23868, 3
23870, 2
23871, 2
23872, 4
23873, 2
23874, 3
23875, 6
23876, 2
23877, 6
23878, 2
23879, 4
23880, 1
23881, 3
23882, 4
23884, 2
23885, 2
23886, 2
23888, 2
23889, 1
23890, 3
23891, 2
23892, 3
23893, 4
23894, 4
23895, 1
23896, 4
23897, 4
23898, 1
23899, 4
23900, 1
23901, 3
23902, 3
23903, 2
23904, 4
23905, 4
23906, 5
23907, 1
23908, 1
23909, 7
23910, 2
23911, 2
23912, 3
23913, 5
23914, 4
23915, 1
23916, 3
23917, 5
23918, 5
23919, 4
23920, 5
23921, 3
23922, 7
23923, 3
23924, 2
23925, 1
23926, 2
23927, 8
23928, 4
23929, 4
23930, 6
23931, 2
23932, 1
23933, 2
23934, 5
23935, 3
23936, 5
23937, 2
23938, 6
23939, 3
23940, 3
23942, 3
23943, 1
23944, 1
23945, 3
23946, 5
23947, 2
23948, 2
23949, 5
23950, 5
23951, 3
23953, 3
23954, 1
23955, 1
23956, 2
23957, 2
23958, 4
23959, 2
23960, 7
23961, 2
23962, 3
23963, 6
23964, 4
23966, 2
23967, 2
23968, 4
23970, 3
23971, 2
23972, 1
23973, 2
23975, 4
23977, 3
23978, 4
23979, 5
23980, 1
23981, 3
23982, 6
23983, 1
23984, 1
23985, 3
23986, 2
23987, 3
23988, 5
23989, 2
23990, 4
23991, 5
23992, 3
23994, 4
23995, 3
23996, 2
23997, 3
23998, 4
23999, 6
24000, 1
24001, 3
24002, 2
24003, 7
24004, 5
24005, 2
24006, 5
24007, 5
24008, 7
24010, 2
24011, 2
24012, 7
24013, 6
24014, 1
24015, 5
24016, 6
24017, 1
24018, 1
24019, 5
24020, 3
24021, 5
24022, 1
24023, 6
24024, 4
24025, 2
24026, 2
24028, 3
24029, 1
24030, 2
24031, 5
24032, 1
24033, 6
24034, 3
24035, 2
24036, 7
24038, 1
24039, 3
24041, 3
24042, 2
24043, 1
24044, 3
24045, 4
24046, 8
24048, 6
24049, 3
24050, 3
24051, 1
24052, 2
24053, 2
24054, 3
24055, 1
24056, 4
24057, 1
24059, 1
24060, 1
24061, 4
24062, 3
24063, 2
24064, 4
24065, 3
24066, 2
24067, 5
24068, 4
24070, 3
24071, 1
24072, 4
24073, 3
24074, 3
24075, 4
24076, 2
24077, 6
24078, 2
24079, 3
24080, 4
24081, 2
24082, 2
24083, 2
24084, 7
24085, 3
24086, 1
24087, 3
24088, 5
24089, 6
24090, 4
24091, 4
24092, 5
24093, 6
24094, 2
24095, 2
24096, 1
24097, 6
24098, 7
24099, 2
24100, 3
24101, 5
24102, 2
24103, 2
24104, 4
24105, 5
24106, 2
24107, 4
24108, 3
24109, 5
24110, 3
24111, 2
24112, 1
24113, 2
24114, 2
24115, 2
24116, 3
24117, 2
24118, 5
24119, 5
24121, 5
24122, 4
24123, 1
24124, 2
24125, 1
24127, 3
24128, 2
24129, 4
24130, 5
24131, 1
24132, 6
24134, 8
24135, 4
24137, 3
24138, 1
24139, 4
24140, 2
24141, 1
24142, 1
24143, 2
24144, 1
24145, 1
24146, 3
24147, 3
24148, 3
24149, 2
24150, 4
24151, 2
24152, 5
24153, 2
24154, 3
24155, 2
24156, 2
24157, 3
24158, 1
24159, 6
24160, 2
24161, 2
24162, 6
24163, 4
24165, 3
24166, 5
24167, 2
24168, 1
24169, 6
24170, 5
24172, 4
24173, 3
24174, 8
24175, 3
24176, 3
24177, 6
24178, 4
24179, 5
24180, 1
24181, 2
24182, 2
24183, 7
24184, 5
24185, 2
24186, 4
24187, 5
24188, 3
24189, 2
24190, 2
24191, 6
24192, 2
24193, 4
24194, 4
24195, 5
24196, 1
24197, 3
24198, 3
24199, 1
24201, 2
24202, 6
24203, 3
24204, 4
24205, 3
24206, 4
24207, 4
24209, 1
24210, 3
24212, 1
24213, 2
24214, 4
24215, 3
24216, 4
24217, 6
24218, 1
24219, 7
24220, 1
24221, 4
24222, 1
24223, 3
24224, 3
24225, 1
24226, 3
24227, 2
24228, 1
24229, 1
24231, 2
24232, 3
24233, 2
24234, 4
24235, 2
24236, 5
24237, 2
24238, 4
24239, 4
24241, 3
24242, 2
24243, 3
24244, 3
24245, 2
24246, 3
24247, 5
24248, 4
24249, 3
24250, 1
24251, 7
24252, 1
24253, 2
24254, 3
24255, 4
24256, 4
24257, 2
24258, 4
24259, 5
24260, 6
24261, 3
24262, 3
24263, 5
24264, 7
24265, 2
24266, 1
24267, 3
24268, 3
24269, 7
24270, 3
24271, 3
24272, 7
24273, 3
24275, 2
24276, 7
24277, 3
24278, 3
24279, 5
24280, 3
24281, 3
24282, 1
24283, 3
24284, 1
24285, 1
24286, 3
24287, 1
24288, 6
24289, 4
24290, 4
24291, 1
24292, 7
24293, 1
24294, 1
24295, 2
24296, 1
24298, 3
24299, 2
24300, 2
24301, 6
24302, 3
24303, 5
24304, 5
24305, 2
24306, 3
24307, 2
24308, 2
24309, 4
24310, 2
24311, 1
24312, 2
24313, 3
24315, 1
24316, 1
24317, 2
24318, 2
24319, 4
24320, 2
24321, 6
24322, 1
24323, 5
24324, 2
24325, 3
24326, 1
24327, 3
24328, 3
24329, 4
24330, 1
24331, 5
24332, 2
24333, 5
24334, 4
24336, 5
24337, 3
24338, 1
24339, 4
24340, 4
24341, 5
24342, 1
24343, 2
24344, 4
24345, 5
24346, 5
24347, 6
24348, 4
24349, 4
24350, 4
24351, 3
24352, 1
24353, 2
24354, 7
24355, 6
24356, 2
24357, 4
24358, 5
24359, 1
24360, 2
24361, 5
24362, 4
24363, 2
24364, 3
24365, 8
24366, 3
24368, 3
24369, 1
24370, 2
24371, 1
24372, 2
24373, 5
24374, 2
24375, 6
24376, 1
24377, 4
24378, 6
24379, 1
24381, 3
24383, 1
24384, 3
24385, 2
24386, 4
24387, 4
24388, 5
24389, 4
24390, 5
24391, 3
24392, 2
24393, 1
24394, 2
24395, 5
24396, 1
24397, 1
24398, 3
24400, 2
24401, 1
24402, 2
24403, 2
24404, 3
24405, 3
24406, 2
24407, 5
24408, 2
24409, 5
24410, 3
24412, 4
24413, 1
24414, 3
24415, 3
24416, 4
24417, 1
24418, 5
24419, 6
24420, 1
24421, 3
24422, 4
24423, 2
24424, 3
24425, 2
24426, 5
24427, 3
24428, 1
24429, 5
24430, 7
24431, 4
24432, 2
24433, 5
24434, 6
24435, 4
24436, 3
24437, 3
24439, 1
24440, 12
24441, 1
24442, 4
24443, 5
24444, 3
24445, 1
24446, 5
24447, 3
24448, 3
24449, 4
24450, 5
24451, 3
24452, 3
24453, 2
24454, 2
24455, 1
24456, 2
24457, 1
24458, 4
24459, 3
24460, 4
24461, 4
24462, 2
24463, 6
24464, 2
24465, 1
24466, 1
24467, 2
24468, 1
24469, 2
24470, 2
24471, 3
24472, 5
24473, 5
24474, 3
24475, 5
24476, 3
24477, 4
24479, 3
24480, 2
24481, 3
24482, 2
24483, 1
24484, 3
24486, 1
24487, 1
24488, 3
24489, 2
24490, 4
24491, 2
24492, 6
24493, 1
24494, 3
24495, 3
24496, 3
24497, 3
24498, 1
24499, 3
24500, 3
24501, 3
24502, 2
24503, 4
24504, 3
24505, 5
24506, 1
24507, 3
24508, 5
24509, 1
24510, 3
24511, 7
24512, 2
24513, 2
24514, 3
24515, 4
24516, 4
24517, 6
24518, 5
24519, 3
24520, 6
24521, 4
24522, 1
24523, 2
24524, 3
24525, 5
24526, 7
24527, 2
24528, 4
24529, 6
24530, 1
24531, 2
24532, 6
24533, 2
24534, 3
24535, 2
24536, 7
24537, 3
24538, 2
24539, 2
24540, 2
24541, 1
24542, 1
24543, 2
24544, 5
24545, 3
24546, 5
24547, 2
24548, 5
24549, 4
24550, 1
24552, 3
24554, 2
24555, 3
24556, 1
24557, 4
24558, 6
24559, 4
24560, 3
24561, 4
24562, 3
24563, 3
24564, 2
24565, 3
24566, 1
24567, 3
24568, 2
24569, 1
24570, 2
24571, 1
24572, 1
24573, 1
24574, 3
24575, 4
24576, 2
24577, 5
24578, 2
24579, 4
24580, 1
24581, 5
24582, 1
24583, 3
24584, 2
24585, 2
24586, 3
24587, 3
24588, 4
24589, 3
24590, 6
24591, 1
24592, 2
24593, 6
24594, 1
24595, 3
24596, 3
24597, 5
24598, 2
24599, 2
24600, 5
24601, 4
24602, 6
24603, 3
24604, 4
24605, 5
24606, 6
24607, 2
24608, 2
24609, 2
24610, 7
24611, 5
24612, 2
24613, 3
24614, 5
24615, 3
24616, 2
24617, 4
24618, 2
24619, 4
24620, 4
24621, 5
24622, 4
24623, 2
24624, 2
24625, 1
24626, 3
24627, 1
24628, 1
24629, 4
24630, 3
24631, 4
24632, 4
24633, 2
24634, 8
24636, 1
24637, 2
24638, 1
24639, 1
24640, 4
24641, 1
24642, 2
24643, 4
24644, 6
24645, 3
24646, 3
24647, 5
24648, 4
24649, 1
24650, 1
24651, 3
24652, 3
24653, 1
24654, 4
24656, 1
24657, 2
24659, 2
24660, 3
24661, 3
24662, 4
24663, 4
24664, 1
24665, 5
24666, 3
24667, 2
24668, 3
24669, 2
24670, 2
24671, 4
24672, 1
24673, 6
24674, 1
24675, 6
24676, 3
24678, 5
24679, 4
24680, 2
24681, 3
24682, 3
24683, 5
24684, 2
24685, 2
24686, 4
24687, 7
24688, 4
24689, 3
24690, 5
24691, 6
24692, 4
24693, 1
24694, 2
24695, 2
24696, 8
24697, 4
24698, 3
24699, 3
24700, 5
24701, 2
24702, 3
24703, 5
24704, 2
24705, 4
24706, 4
24707, 4
24708, 4
24709, 2
24710, 1
24711, 2
24712, 2
24713, 1
24714, 3
24715, 4
24716, 3
24717, 5
24718, 1
24719, 4
24720, 5
24722, 1
24723, 3
24724, 1
24725, 1
24726, 3
24727, 2
24728, 3
24729, 5
24730, 6
24731, 3
24732, 5
24733, 2
24734, 2
24735, 3
24736, 1
24737, 3
24738, 1
24739, 2
24740, 2
24741, 2
24743, 2
24744, 1
24745, 3
24746, 3
24747, 3
24748, 3
24749, 4
24750, 4
24751, 1
24752, 5
24754, 3
24755, 2
24756, 4
24757, 2
24758, 3
24759, 4
24760, 6
24761, 3
24762, 1
24763, 4
24764, 2
24765, 3
24766, 3
24767, 3
24768, 4
24769, 3
24770, 2
24771, 4
24772, 7
24773, 3
24774, 3
24775, 6
24776, 4
24777, 7
24778, 1
24779, 1
24780, 2
24781, 3
24782, 11
24783, 1
24784, 4
24785, 5
24786, 2
24787, 2
24788, 2
24789, 7
24790, 2
24791, 3
24792, 4
24793, 6
24794, 1
24795, 3
24796, 2
24797, 1
24798, 1
24799, 2
24800, 3
24801, 3
24802, 5
24803, 4
24804, 1
24805, 7
24806, 1
24807, 1
24808, 3
24810, 2
24811, 1
24812, 3
24813, 3
24814, 3
24815, 5
24816, 4
24817, 6
24818, 2
24819, 4
24821, 3
24822, 2
24823, 3
24824, 1
24825, 3
24826, 2
24827, 1
24828, 1
24830, 4
24831, 1
24832, 4
24833, 3
24834, 5
24835, 1
24836, 5
24837, 2
24838, 2
24839, 3
24840, 2
24841, 3
24842, 1
24843, 4
24844, 5
24845, 2
24846, 4
24847, 4
24849, 6
24850, 3
24851, 1
24852, 3
24853, 6
24854, 3
24855, 1
24856, 4
24857, 2
24858, 7
24859, 3
24860, 6
24861, 3
24862, 6
24863, 5
24865, 3
24866, 2
24867, 9
24868, 3
24869, 3
24870, 5
24871, 4
24872, 1
24873, 3
24874, 3
24875, 4
24876, 4
24877, 3
24878, 5
24879, 4
24880, 2
24881, 2
24882, 1
24883, 2
24884, 2
24885, 2
24886, 4
24887, 2
24888, 6
24889, 1
24890, 2
24891, 7
24893, 1
24894, 3
24896, 2
24897, 3
24898, 3
24899, 3
24900, 6
24901, 3
24902, 3
24903, 4
24904, 5
24905, 1
24906, 2
24907, 3
24908, 2
24909, 1
24910, 3
24912, 3
24913, 1
24914, 1
24915, 2
24916, 3
24917, 2
24918, 3
24919, 5
24920, 2
24921, 3
24922, 3
24923, 4
24924, 2
24925, 2
24926, 1
24927, 5
24928, 2
24929, 3
24930, 2
24931, 5
24932, 5
24933, 1
24934, 3
24935, 4
24936, 4
24937, 1
24938, 3
24939, 4
24940, 3
24941, 2
24942, 5
24943, 5
24944, 5
24945, 2
24946, 4
24947, 6
24948, 5
24949, 4
24951, 2
24952, 5
24953, 7
24954, 4
24955, 2
24956, 7
24957, 2
24958, 2
24959, 2
24960, 5
24961, 4
24962, 2
24963, 6
24964, 3
24965, 3
24966, 2
24967, 2
24968, 1
24970, 2
24971, 6
24972, 3
24973, 4
24974, 3
24975, 1
24976, 8
24978, 1
24979, 2
24980, 1
24981, 2
24982, 1
24983, 3
24984, 2
24985, 5
24986, 5
24987, 4
24988, 4
24989, 3
24990, 4
24991, 2
24992, 1
24993, 3
24994, 2
24995, 2
24996, 1
24997, 3
24999, 2
25001, 4
25002, 3
25003, 1
25004, 4
25005, 4
25006, 2
25007, 5
25008, 4
25010, 4
25011, 1
25012, 2
25013, 4
25014, 2
25015, 5
25016, 1
25017, 6
25018, 3
25020, 3
25021, 6
25022, 1
25023, 2
25024, 7
25025, 3
25026, 2
25027, 4
25028, 3
25029, 6
25030, 4
25031, 3
25032, 7
25033, 4
25034, 4
25035, 2
25036, 1
25037, 2
25038, 9
25039, 3
25040, 2
25041, 6
25042, 3
25043, 2
25044, 3
25045, 6
25046, 1
25047, 5
25048, 3
25049, 5
25050, 3
25051, 1
25052, 2
25053, 1
25054, 2
25055, 1
25056, 4
25057, 2
25058, 5
25059, 4
25060, 3
25061, 4
25062, 4
25063, 1
25064, 1
25065, 2
25067, 3
25068, 2
25069, 3
25070, 3
25071, 7
25072, 1
25073, 3
25074, 6
25075, 4
25076, 1
25077, 2
25078, 2
25079, 2
25080, 2
25081, 2
25082, 2
25083, 2
25085, 2
25086, 3
25087, 1
25088, 4
25089, 3
25090, 5
25091, 1
25092, 4
25093, 1
25094, 5
25095, 2
25096, 1
25097, 3
25098, 4
25099, 1
25100, 3
25101, 4
25102, 5
25103, 4
25104, 1
25105, 1
25106, 6
25107, 3
25108, 1
25109, 4
25110, 6
25111, 2
25112, 2
25113, 3
25114, 7
25115, 5
25116, 2
25117, 4
25118, 6
25119, 6
25120, 2
25121, 1
25122, 1
25123, 8
25124, 5
25125, 2
25126, 4
25127, 6
25128, 1
25129, 3
25130, 2
25131, 6
25132, 3
25133, 2
25134, 5
25135, 5
25136, 2
25137, 2
25138, 1
25139, 2
25140, 1
25141, 1
25142, 6
25143, 1
25144, 5
25145, 4
25146, 2
25147, 7
25149, 1
25150, 3
25152, 3
25153, 1
25154, 2
25155, 2
25156, 6
25157, 5
25158, 2
25159, 5
25160, 3
25161, 4
25162, 2
25163, 2
25164, 4
25166, 1
25167, 3
25168, 2
25169, 1
25171, 2
25172, 3
25173, 2
25174, 3
25175, 2
25176, 5
25177, 3
25178, 3
25179, 5
25181, 3
25182, 2
25183, 3
25184, 2
25185, 3
25186, 5
25187, 3
25188, 4
25189, 2
25190, 2
25191, 5
25192, 2
25193, 3
25194, 1
25195, 7
25196, 4
25197, 1
25198, 2
25199, 5
25200, 6
25201, 3
25202, 6
25203, 5
25204, 5
25205, 3
25207, 3
25208, 2
25209, 7
25210, 5
25211, 4
25212, 3
25213, 4
25214, 2
25215, 3
25216, 4
25217, 4
25218, 4
25219, 2
25220, 6
25221, 3
25222, 1
25223, 2
25224, 3
25226, 2
25227, 2
25228, 5
25229, 3
25230, 2
25231, 4
25232, 5
25233, 4
25235, 2
25236, 2
25237, 1
25238, 2
25239, 2
25240, 4
25241, 4
25242, 4
25243, 4
25244, 3
25245, 5
25246, 3
25247, 1
25248, 2
25249, 3
25250, 3
25251, 2
25253, 3
25254, 1
25255, 1
25256, 1
25257, 1
25258, 3
25259, 5
25260, 2
25261, 5
25262, 1
25263, 5
25264, 2
25265, 3
25266, 1
25267, 3
25268, 4
25269, 1
25270, 2
25271, 4
25272, 3
25273, 5
25274, 5
25276, 3
25277, 5
25278, 1
25279, 2
25280, 5
25281, 6
25282, 2
25283, 1
25284, 3
25285, 7
25286, 4
25287, 4
25288, 4
25289, 6
25290, 4
25291, 3
25292, 1
25293, 1
25294, 4
25295, 8
25296, 3
25297, 6
25298, 3
25299, 2
25300, 2
25301, 4
25302, 4
25303, 4
25304, 3
25305, 5
25306, 4
25307, 3
25308, 1
25309, 1
25310, 2
25311, 1
25312, 2
25313, 3
25314, 6
25316, 5
25317, 3
25318, 6
25319, 1
25320, 1
25321, 3
25323, 1
25324, 3
25325, 3
25326, 2
25327, 6
25328, 5
25329, 1
25330, 5
25331, 3
25332, 4
25334, 3
25335, 5
25337, 1
25338, 3
25339, 2
25340, 1
25341, 1
25342, 1
25343, 3
25344, 2
25345, 3
25346, 4
25347, 4
25348, 2
25349, 3
25350, 4
25351, 1
25352, 3
25353, 2
25354, 1
25355, 5
25356, 3
25357, 2
25358, 4
25359, 7
25360, 1
25361, 1
25362, 4
25363, 4
25364, 2
25365, 3
25366, 6
25367, 2
25368, 1
25369, 4
25370, 4
25371, 6
25372, 4
25373, 4
25374, 5
25375, 3
25376, 6
25378, 3
25379, 2
25380, 10
25381, 2
25382, 5
25383, 5
25384, 1
25385, 2
25386, 2
25387, 5
25388, 4
25389, 3
25390, 3
25391, 7
25392, 2
25393, 3
25394, 1
25395, 1
25396, 1
25397, 1
25398, 5
25399, 3
25400, 3
25401, 4
25402, 3
25403, 5
25404, 3
25405, 1
25406, 2
25407, 1
25408, 1
25409, 2
25410, 2
25411, 3
25412, 5
25413, 3
25414, 5
25415, 5
25416, 2
25417, 4
25418, 2
25419, 1
25420, 3
25421, 3
25423, 2
25424, 3
25425, 1
25426, 1
25427, 1
25428, 2
25429, 2
25430, 5
25431, 3
25432, 3
25433, 2
25434, 5
25435, 3
25436, 2
25437, 1
25438, 3
25439, 2
25440, 4
25441, 4
25442, 1
25443, 3
25444, 6
25445, 3
25446, 1
25447, 3
25448, 5
25449, 2
25450, 2
25451, 7
25452, 2
25453, 2
25454, 4
25455, 2
25456, 7
25457, 4
25458, 2
25459, 7
25460, 5
25461, 3
25462, 3
25463, 1
25464, 2
25465, 8
25466, 5
25467, 1
25468, 4
25469, 6
25470, 2
25471, 1
25472, 5
25473, 3
25474, 3
25475, 3
25476, 6
25477, 3
25478, 4
25479, 1
25480, 1
25481, 2
25482, 1
25483, 2
25484, 4
25485, 5
25486, 1
25487, 5
25488, 4
25489, 5
25491, 1
25492, 3
25494, 2
25495, 3
25496, 1
25497, 4
25498, 4
25499, 4
25500, 5
25501, 3
25502, 3
25503, 4
25504, 1
25505, 2
25506, 4
25507, 1
25508, 1
25509, 2
25510, 3
25512, 2
25514, 4
25515, 3
25516, 1
25517, 3
25518, 6
25519, 4
25520, 1
25521, 4
25522, 1
25523, 2
25524, 4
25525, 1
25526, 4
25527, 2
25528, 4
25529, 3
25530, 6
25531, 2
25533, 8
25534, 1
25535, 1
25536, 5
25537, 2
25538, 5
25539, 2
25540, 4
25541, 3
25542, 7
25543, 3
25544, 5
25545, 2
25546, 7
25547, 4
25548, 1
25549, 3
25551, 11
25552, 2
25553, 4
25554, 5
25555, 2
25556, 2
25557, 6
25558, 3
25559, 2
25560, 4
25561, 4
25562, 5
25563, 2
25564, 2
25565, 1
25566, 2
25567, 1
25568, 3
25569, 1
25570, 6
25571, 3
25572, 3
25573, 3
25574, 4
25575, 4
25577, 1
25578, 3
25579, 1
25580, 2
25581, 2
25582, 3
25583, 5
25584, 2
25585, 6
25586, 4
25587, 4
25588, 4
25590, 1
25591, 3
25592, 4
25593, 2
25595, 3
25596, 1
25597, 2
25599, 3
25600, 3
25601, 2
25602, 3
25603, 4
25604, 3
25605, 3
25606, 3
25607, 3
25608, 1
25609, 3
25610, 4
25611, 2
25612, 1
25613, 5
25614, 2
25615, 7
25616, 3
25618, 4
25619, 3
25620, 3
25621, 3
25622, 4
25623, 4
25624, 2
25625, 3
25626, 3
25627, 6
25628, 5
25629, 3
25630, 2
25631, 9
25632, 3
25633, 3
25634, 2
25635, 1
25636, 8
25637, 3
25638, 4
25639, 5
25640, 1
25641, 5
25642, 1
25643, 4
25644, 5
25645, 3
25646, 2
25647, 6
25648, 5
25649, 2
25650, 1
25651, 2
25652, 1
25653, 1
25654, 2
25655, 6
25656, 3
25657, 5
25658, 1
25659, 2
25660, 7
25662, 1
25663, 3
25665, 2
25666, 3
25667, 2
25668, 3
25669, 4
25670, 6
25671, 1
25672, 5
25673, 5
25674, 2
25675, 1
25676, 2
25677, 2
25678, 3
25679, 3
25680, 2
25681, 1
25682, 1
25683, 1
25685, 4
25686, 3
25687, 3
25688, 4
25689, 3
25690, 2
25691, 3
25692, 3
25693, 2
25694, 3
25695, 2
25696, 2
25697, 4
25698, 3
25699, 3
25700, 4
25701, 6
25702, 1
25704, 4
25705, 5
25706, 2
25707, 2
25708, 7
25709, 2
25710, 2
25711, 3
25712, 4
25713, 6
25714, 3
25715, 6
25716, 5
25717, 5
25718, 3
25719, 1
25720, 1
25721, 4
25722, 9
25723, 2
25724, 4
25725, 6
25726, 2
25727, 2
25728, 5
25729, 3
25730, 3
25731, 2
25732, 5
25733, 5
25734, 2
25735, 1
25736, 3
25737, 2
25738, 1
25739, 2
25740, 2
25741, 5
25742, 2
25743, 5
25744, 1
25745, 5
25746, 4
25747, 1
25748, 3
25751, 3
25752, 2
25753, 3
25754, 6
25755, 5
25756, 2
25757, 3
25758, 5
25759, 4
25761, 2
25762, 3
25763, 3
25764, 2
25765, 1
25766, 2
25767, 1
25768, 2
25770, 3
25771, 2
25772, 4
25773, 1
25774, 6
25775, 2
25776, 3
25777, 4
25778, 2
25779, 2
25780, 2
25781, 4
25782, 2
25783, 3
25784, 4
25785, 1
25786, 7
25787, 2
25788, 1
25789, 6
25790, 2
25791, 2
25792, 2
25793, 5
25794, 3
25795, 3
25796, 4
25797, 3
25798, 7
25799, 4
25800, 2
25801, 6
25802, 4
25803, 5
25804, 2
25805, 1
25806, 3
25807, 9
25808, 3
25809, 3
25810, 3
25811, 4
25812, 2
25813, 3
25814, 3
25815, 6
25816, 2
25817, 3
25818, 4
25819, 5
25820, 3
25821, 1
25822, 2
25823, 1
25824, 1
25825, 3
25826, 4
25827, 3
25828, 6
25829, 1
25830, 4
25831, 5
25832, 1
25834, 3
25836, 2
25837, 3
25838, 2
25839, 2
25840, 5
25841, 7
25842, 2
25843, 5
25844, 2
25845, 3
25846, 1
25847, 4
25848, 2
25849, 1
25850, 2
25851, 3
25852, 1
25853, 1
25854, 1
25855, 1
25856, 3
25857, 3
25858, 3
25859, 4
25860, 3
25861, 3
25862, 2
25863, 5
25864, 1
25865, 3
25866, 1
25867, 5
25868, 1
25869, 2
25870, 5
25871, 3
25872, 5
25873, 2
25874, 3
25875, 4
25876, 2
25877, 1
25878, 3
25879, 6
25880, 3
25881, 2
25882, 4
25883, 4
25884, 6
25885, 4
25886, 4
25887, 3
25888, 7
25889, 3
25890, 1
25891, 2
25892, 6
25893, 6
25894, 2
25895, 5
25896, 3
25897, 5
25898, 1
25899, 3
25900, 4
25901, 4
25902, 3
25903, 6
25904, 3
25905, 2
25906, 2
25907, 1
25908, 3
25909, 1
25910, 1
25911, 4
25912, 3
25913, 3
25914, 5
25915, 2
25916, 5
25917, 3
25919, 2
25920, 2
25921, 1
25922, 2
25923, 2
25924, 3
25925, 5
25926, 5
25927, 2
25928, 5
25929, 4
25930, 4
25931, 1
25933, 4
25934, 3
25935, 2
25936, 1
25937, 3
25939, 2
25941, 2
25942, 2
25943, 4
25944, 4
25945, 4
25946, 2
25947, 3
25948, 4
25949, 2
25950, 1
25951, 3
25952, 3
25953, 4
25954, 2
25955, 4
25956, 1
25957, 8
25958, 2
25960, 4
25961, 4
25962, 3
25963, 2
25964, 2
25965, 6
25966, 3
25967, 4
25968, 3
25969, 6
25970, 3
25971, 5
25972, 3
25973, 6
25974, 5
25976, 2
25977, 2
25978, 8
25979, 4
25980, 1
25981, 6
25982, 6
25983, 1
25984, 2
25985, 5
25986, 3
25987, 4
25988, 3
25989, 6
25990, 2
25991, 1
25992, 3
25993, 2
25994, 1
25995, 1
25996, 2
25997, 4
25998, 3
25999, 5
26000, 3
26001, 3
26002, 6
26003, 1
26005, 3
26007, 1
26008, 4
26009, 1
26010, 3
26011, 5
26012, 6
26013, 3
26014, 6
26015, 2
26016, 2
26017, 2
26018, 2
26019, 3
26020, 1
26021, 2
26022, 3
26024, 2
26025, 1
26026, 2
26027, 2
26028, 4
26029, 1
26030, 4
26031, 4
26032, 5
26033, 1
26034, 4
26035, 1
26036, 2
26037, 2
26038, 3
26039, 3
26040, 4
26041, 3
26042, 5
26043, 4
26044, 1
26045, 2
26046, 4
26047, 3
26048, 2
26049, 5
26050, 3
26051, 3
26052, 1
26053, 5
26054, 4
26055, 7
26056, 3
26057, 5
26058, 4
26059, 4
26060, 4
26062, 4
26063, 5
26064, 6
26065, 2
26066, 4
26067, 7
26068, 1
26069, 2
26070, 4
26071, 2
26072, 6
26073, 2
26074, 3
26075, 5
26076, 3
26077, 3
26078, 2
26079, 1
26080, 1
26081, 1
26082, 5
26083, 2
26084, 6
26085, 2
26086, 2
26087, 7
26088, 1
26090, 2
26091, 2
26092, 1
26093, 3
26094, 1
26095, 4
26096, 4
26097, 4
26098, 4
26099, 5
26100, 3
26101, 4
26102, 1
26103, 1
26104, 3
26105, 3
26106, 1
26107, 2
26108, 2
26109, 1
26110, 1
26111, 1
26112, 2
26113, 4
26114, 2
26115, 3
26116, 4
26117, 2
26118, 5
26119, 5
26121, 4
26123, 3
26124, 3
26125, 2
26126, 5
26127, 3
26128, 6
26129, 2
26131, 4
26132, 4
26133, 2
26134, 1
26135, 8
26136, 3
26137, 2
26138, 4
26139, 1
26140, 6
26141, 5
26142, 5
26143, 2
26144, 4
26145, 6
26146, 3
26147, 1
26148, 4
26149, 6
26150, 5
26151, 3
26152, 3
26153, 5
26154, 2
26155, 4
26156, 2
26157, 5
26158, 2
26159, 2
26160, 7
26161, 4
26162, 1
26163, 2
26164, 3
26166, 2
26167, 2
26168, 3
26169, 5
26170, 3
26171, 4
26172, 5
26173, 3
26175, 1
26176, 3
26178, 3
26179, 1
26180, 2
26181, 5
26182, 5
26183, 5
26184, 3
26185, 5
26186, 3
26187, 1
26188, 1
26189, 3
26190, 3
26191, 2
26192, 2
26193, 1
26194, 1
26195, 2
26196, 1
26197, 2
26198, 2
26199, 3
26200, 3
26201, 6
26202, 1
26203, 4
26204, 4
26205, 2
26206, 1
26207, 3
26209, 6
26210, 1
26211, 5
26212, 2
26213, 4
26214, 5
26215, 1
26216, 2
26217, 5
26218, 2
26219, 2
26220, 4
26221, 5
26222, 3
26223, 2
26224, 2
26225, 6
26226, 7
26227, 2
26228, 5
26229, 4
26230, 6
26231, 2
26232, 1
26233, 2
26234, 4
26235, 9
26236, 1
26237, 4
26238, 6
26239, 3
26240, 2
26241, 4
26243, 5
26244, 4
26245, 4
26246, 4
26247, 3
26248, 3
26249, 1
26250, 1
26251, 2
26252, 1
26253, 5
26254, 5
26256, 5
26257, 3
26258, 6
26259, 1
26260, 1
26261, 3
26264, 3
26265, 3
26266, 3
26267, 4
26268, 6
26269, 3
26270, 3
26271, 4
26272, 3
26273, 1
26274, 2
26275, 3
26276, 3
26277, 2
26278, 2
26279, 1
26280, 1
26281, 2
26283, 4
26284, 2
26285, 2
26286, 4
26287, 5
26288, 1
26289, 3
26290, 4
26291, 2
26292, 4
26294, 3
26295, 4
26296, 1
26297, 6
26298, 1
26299, 6
26300, 2
26301, 2
26302, 4
26303, 4
26304, 1
26305, 3
26306, 6
26307, 3
26308, 1
26309, 4
26310, 2
26311, 8
26312, 3
26313, 5
26314, 4
26315, 6
26316, 2
26317, 2
26318, 3
26319, 1
26320, 8
26321, 5
26322, 4
26323, 3
26324, 5
26325, 1
26326, 2
26327, 6
26328, 2
26329, 4
26330, 3
26331, 6
26332, 2
26333, 4
26335, 3
26337, 1
26338, 3
26339, 5
26340, 2
26341, 6
26342, 1
26343, 6
26344, 3
26346, 3
26347, 1
26349, 2
26350, 3
26351, 2
26352, 3
26353, 4
26354, 5
26355, 5
26356, 5
26357, 3
26358, 1
26359, 2
26360, 3
26361, 2
26362, 1
26363, 2
26364, 3
26365, 1
26366, 1
26367, 1
26368, 1
26369, 3
26370, 3
26371, 3
26372, 4
26373, 3
26374, 4
26375, 2
26376, 4
26377, 2
26378, 1
26379, 1
26380, 6
26381, 1
26382, 2
26383, 4
26384, 7
26385, 3
26386, 1
26387, 2
26388, 5
26389, 1
26390, 4
26391, 4
26392, 5
26393, 1
26394, 2
26395, 3
26396, 5
26397, 6
26398, 4
26399, 5
26400, 4
26401, 6
26402, 2
26403, 1
26404, 3
26405, 5
26406, 8
26407, 1
26408, 2
26409, 7
26410, 2
26411, 2
26412, 3
26413, 3
26414, 5
26415, 3
26416, 4
26417, 5
26418, 3
26419, 1
26420, 1
26421, 3
26422, 1
26423, 2
26424, 3
26425, 4
26426, 3
26427, 5
26428, 1
26429, 8
26431, 1
26432, 2
26433, 1
26434, 1
26435, 3
26436, 1
26437, 4
26438, 3
26439, 7
26440, 2
26441, 5
26442, 3
26443, 4
26445, 4
26446, 1
26447, 3
26448, 2
26449, 1
26450, 3
26452, 2
26454, 3
26455, 3
26456, 3
26457, 3
26458, 5
26459, 1
26460, 4
26461, 3
26462, 2
26463, 3
26464, 1
26465, 3
26466, 4
26467, 3
26468, 3
26469, 4
26470, 3
26471, 3
26472, 1
26473, 7
26474, 2
26475, 2
26476, 2
26477, 4
26478, 5
26479, 1
26480, 4
26481, 2
26482, 7
26483, 4
26484, 6
26485, 5
26486, 3
26487, 4
26488, 1
26489, 2
26490, 2
26491, 9
26492, 4
26493, 1
26494, 8
26495, 2
26496, 2
26497, 3
26498, 3
26499, 4
26500, 4
26501, 3
26502, 6
26503, 3
26504, 2
26505, 1
26506, 3
26508, 2
26509, 1
26510, 6
26511, 3
26512, 4
26513, 3
26514, 6
26515, 2
26517, 2
26518, 2
26520, 3
26521, 2
26522, 3
26523, 3
26524, 3
26525, 7
26526, 2
26527, 6
26528, 3
26529, 1
26530, 2
26531, 2
26532, 4
26533, 1
26534, 1
26535, 2
26536, 2
26537, 1
26538, 1
26539, 3
26540, 2
26541, 2
26542, 4
26543, 5
26544, 1
26545, 4
26546, 3
26547, 3
26548, 2
26549, 2
26550, 1
26551, 5
26552, 1
26553, 2
26554, 5
26555, 3
26556, 6
26557, 1
26558, 4
26559, 3
26560, 2
26561, 3
26562, 5
26563, 4
26564, 1
26565, 3
26566, 3
26567, 6
26568, 5
26569, 4
26570, 3
26571, 5
26572, 7
26573, 2
26574, 2
26576, 7
26577, 4
26578, 3
26579, 5
26580, 6
26581, 2
26582, 1
26583, 3
26584, 6
26585, 4
26586, 1
26587, 6
26588, 4
26589, 1
26590, 3
26591, 1
26592, 2
26594, 3
26595, 5
26596, 3
26597, 3
26598, 3
26599, 4
26600, 6
26602, 1
26603, 2
26604, 1
26605, 1
26606, 4
26607, 1
26608, 3
26609, 5
26610, 5
26611, 2
26612, 5
26613, 3
26614, 4
26615, 2
26616, 1
26617, 3
26618, 2
26619, 2
26620, 2
26621, 2
26622, 1
26623, 1
26625, 4
26626, 2
26627, 3
26628, 4
26629, 4
26631, 6
26632, 1
26633, 3
26634, 3
26635, 1
26636, 4
26637, 3
26638, 3
26639, 2
26640, 4
26641, 5
26642, 2
26643, 3
26644, 3
26645, 4
26646, 1
26647, 3
26648, 6
26649, 3
26650, 2
26651, 4
26652, 1
26653, 7
26654, 5
26655, 3
26656, 6
26657, 3
26658, 6
26659, 1
26660, 2
26661, 6
26662, 5
26663, 3
26664, 2
26665, 5
26666, 5
26667, 1
26668, 3
26669, 5
26670, 3
26671, 3
26672, 4
26673, 6
26674, 2
26675, 2
26676, 1
26677, 2
26678, 2
26680, 4
26681, 4
26682, 3
26683, 4
26684, 2
26685, 8
26686, 1
26687, 1
26688, 1
26689, 2
26691, 3
26692, 2
26693, 3
26694, 5
26695, 4
26696, 4
26697, 3
26698, 5
26699, 1
26700, 3
26701, 2
26702, 3
26703, 3
26705, 2
26706, 3
26707, 1
26708, 1
26709, 1
26710, 3
26711, 1
26712, 3
26713, 3
26714, 6
26715, 1
26716, 4
26717, 3
26718, 3
26719, 2
26720, 2
26721, 3
26722, 3
26723, 1
26724, 3
26725, 4
26726, 5
26727, 4
26728, 1
26729, 3
26730, 4
26731, 2
26732, 3
26733, 4
26734, 3
26735, 4
26736, 2
26737, 4
26738, 5
26739, 6
26740, 3
26741, 4
26742, 5
26743, 4
26744, 3
26745, 1
26746, 2
26747, 8
26748, 5
26749, 2
26750, 3
26751, 8
26753, 1
26754, 6
26755, 3
26756, 3
26757, 3
26758, 4
26759, 4
26760, 3
26761, 3
26762, 2
26763, 2
26765, 2
26766, 4
26767, 4
26768, 3
26769, 4
26770, 3
26771, 6
26773, 1
26774, 1
26775, 2
26776, 2
26777, 1
26778, 3
26779, 4
26780, 4
26781, 4
26782, 3
26783, 6
26784, 3
26785, 3
26786, 1
26787, 1
26788, 3
26789, 3
26790, 2
26791, 2
26792, 2
26793, 1
26794, 1
26796, 4
26797, 3
26798, 3
26799, 5
26800, 1
26801, 3
26802, 4
26803, 2
26804, 2
26805, 2
26806, 3
26807, 3
26808, 3
26809, 2
26810, 3
26811, 6
26812, 3
26813, 3
26814, 1
26815, 5
26816, 3
26817, 2
26818, 4
26819, 4
26820, 3
26821, 2
26822, 3
26823, 5
26824, 6
26825, 2
26826, 4
26827, 7
26828, 5
26829, 2
26830, 2
26831, 3
26833, 12
26834, 1
26835, 3
26836, 6
26837, 3
26838, 1
26839, 3
26840, 3
26841, 3
26842, 6
26843, 2
26844, 6
26845, 3
26846, 3
26848, 3
26849, 1
26850, 1
26851, 4
26852, 4
26853, 2
26854, 6
26856, 6
26857, 3
26858, 1
26859, 1
26860, 2
26862, 1
26863, 5
26864, 1
26865, 4
26866, 4
26867, 6
26868, 4
26869, 4
26870, 1
26871, 3
26872, 1
26873, 3
26874, 4
26875, 1
26876, 1
26877, 2
26878, 2
26879, 1
26880, 1
26881, 3
26882, 3
26883, 2
26884, 4
26885, 4
26886, 1
26887, 4
26888, 2
26889, 4
26890, 1
26891, 3
26892, 3
26893, 3
26894, 3
26895, 1
26896, 5
26897, 7
26898, 1
26899, 1
26900, 2
26901, 6
26902, 1
26903, 3
26904, 5
26905, 5
26906, 1
26907, 3
26908, 2
26909, 8
26910, 3
26911, 3
26912, 6
26913, 4
26914, 6
26915, 2
26916, 1
26917, 2
26918, 8
26919, 5
26920, 2
26921, 4
26922, 5
26923, 2
26924, 1
26925, 5
26926, 3
26927, 5
26928, 1
26929, 6
26930, 4
26931, 2
26932, 2
26933, 1
26934, 2
26935, 1
26936, 1
26937, 6
26938, 4
26939, 5
26940, 1
26941, 6
26942, 3
26944, 1
26945, 3
26947, 2
26948, 2
26949, 4
26950, 2
26951, 4
26952, 7
26953, 1
26954, 6
26955, 1
26956, 4
26957, 2
26958, 1
26959, 5
26961, 1
26962, 3
26963, 1
26964, 1
26965, 2
26967, 4
26968, 3
26969, 2
26970, 5
26971, 3
26972, 2
26973, 4
26974, 2
26975, 2
26976, 4
26977, 1
26978, 3
26979, 3
26980, 3
26981, 3
26982, 4
26983, 6
26984, 1
26985, 3
26986, 3
26987, 3
26988, 2
26989, 3
26990, 6
26991, 2
26992, 3
26993, 3
26994, 5
26995, 5
26996, 4
26997, 2
26998, 7
26999, 5
27000, 3
27001, 1
27002, 2
27003, 5
27004, 6
27005, 4
27006, 3
27007, 6
27008, 2
27009, 2
27010, 4
27011, 4
27012, 2
27013, 4
27014, 5
27015, 4
27016, 2
27017, 3
27018, 1
27019, 2
27020, 1
27021, 1
27022, 5
27023, 3
27024, 3
27025, 5
27026, 2
27027, 4
27028, 3
27030, 4
27032, 1
27033, 2
27034, 2
27035, 3
27036, 3
27037, 7
27038, 3
27039, 4
27040, 4
27041, 4
27043, 2
27044, 3
27045, 3
27046, 1
27047, 2
27048, 2
27049, 1
27050, 1
27051, 1
27052, 2
27053, 2
27054, 5
27055, 2
27056, 5
27057, 1
27058, 4
27059, 4
27060, 2
27061, 2
27062, 2
27063, 3
27064, 4
27065, 2
27066, 1
27067, 5
27068, 6
27069, 3
27071, 4
27072, 4
27073, 3
27074, 2
27075, 6
27076, 2
27077, 3
27078, 4
27079, 2
27080, 5
27081, 5
27082, 4
27083, 5
27084, 2
27085, 7
27086, 1
27087, 3
27088, 1
27089, 9
27090, 4
27091, 2
27092, 5
27093, 3
27094, 3
27095, 1
27096, 5
27097, 4
27098, 4
27099, 1
27100, 5
27101, 6
27102, 1
27103, 2
27104, 1
27105, 2
27106, 1
27107, 2
27108, 4
27109, 3
27110, 7
27111, 1
27112, 2
27113, 7
27114, 1
27115, 1
27116, 2
27118, 2
27119, 2
27120, 3
27121, 2
27122, 6
27123, 6
27124, 1
27125, 7
27126, 2
27127, 2
27128, 2
27129, 2
27130, 4
27131, 1
27132, 1
27133, 2
27134, 1
27135, 2
27137, 3
27138, 2
27139, 4
27140, 2
27141, 2
27142, 5
27143, 4
27144, 1
27145, 5
27146, 2
27147, 1
27148, 2
27149, 3
27150, 4
27151, 2
27152, 4
27153, 2
27154, 6
27155, 2
27156, 2
27157, 6
27158, 1
27159, 2
27160, 5
27161, 5
27162, 2
27163, 2
27164, 3
27165, 5
27166, 5
27167, 3
27168, 6
27169, 4
27170, 3
27171, 5
27172, 2
27173, 1
27174, 8
27175, 3
27176, 3
27177, 3
27178, 6
27179, 3
27180, 2
27181, 3
27182, 5
27183, 3
27184, 2
27185, 6
27186, 4
27187, 2
27188, 1
27189, 3
27190, 2
27192, 1
27193, 5
27194, 3
27195, 4
27196, 4
27197, 2
27198, 8
27200, 1
27201, 3
27203, 1
27204, 2
27205, 3
27206, 2
27207, 6
27208, 4
27209, 3
27210, 5
27211, 3
27212, 3
27213, 2
27214, 1
27215, 3
27216, 3
27217, 1
27218, 1
27219, 4
27221, 1
27222, 1
27223, 3
27224, 3
27225, 3
27226, 3
27227, 4
27228, 1
27229, 4
27230, 4
27231, 2
27232, 3
27233, 1
27234, 2
27235, 5
27236, 1
27237, 4
27238, 3
27239, 7
27240, 2
27242, 4
27243, 4
27244, 2
27245, 2
27246, 6
27247, 3
27248, 2
27249, 3
27250, 6
27251, 5
27252, 2
27253, 5
27254, 7
27255, 1
27256, 5
27257, 3
27258, 2
27259, 1
27260, 10
27261, 3
27262, 1
27263, 5
27264, 6
27265, 1
27266, 2
27267, 5
27268, 3
27269, 4
27270, 2
27271, 6
27272, 3
27273, 2
27274, 2
27275, 2
27276, 1
27277, 1
27278, 4
27279, 3
27280, 3
27281, 6
27282, 2
27283, 4
27284, 4
27286, 1
27287, 3
27289, 3
27290, 2
27291, 3
27292, 4
27293, 3
27294, 5
27295, 2
27296, 5
27297, 4
27298, 2
27299, 1
27300, 4
27301, 2
27302, 1
27303, 2
27304, 3
27306, 2
27307, 1
27308, 2
27309, 2
27310, 4
27311, 2
27312, 3
27313, 4
27314, 3
27315, 3
27316, 3
27317, 2
27318, 3
27319, 1
27320, 3
27321, 3
27322, 4
27323, 2
27324, 6
27325, 3
27326, 2
27327, 2
27328, 4
27329, 3
27330, 2
27331, 3
27332, 6
27333, 3
27334, 1
27335, 4
27336, 4
27337, 7
27338, 2
27339, 4
27340, 5
27341, 7
27342, 2
27343, 2
27344, 2
27345, 4
27346, 6
27347, 4
27348, 5
27349, 5
27350, 2
27351, 1
27352, 5
27353, 3
27354, 3
27355, 3
27356, 4
27357, 5
27358, 2
27359, 3
27360, 1
27361, 2
27362, 1
27363, 1
27364, 3
27365, 6
27366, 3
27367, 4
27368, 1
27369, 7
27370, 1
27371, 1
27372, 1
27373, 2
27375, 3
27376, 2
27377, 4
27378, 5
27379, 6
27380, 1
27381, 5
27382, 3
27383, 4
27384, 1
27385, 2
27386, 3
27387, 2
27388, 2
27389, 2
27390, 2
27392, 1
27393, 1
27394, 3
27395, 2
27396, 3
27397, 4
27398, 4
27399, 1
27400, 5
27401, 2
27402, 3
27403, 3
27404, 1
27405, 3
27406, 2
27407, 3
27408, 4
27409, 3
27410, 6
27411, 3
27413, 4
27414, 4
27415, 3
27416, 3
27417, 3
27418, 4
27419, 3
27420, 3
27421, 3
27422, 5
27423, 5
27424, 6
27425, 3
27426, 4
27427, 5
27428, 2
27429, 2
27430, 2
27431, 7
27432, 5
27433, 1
27434, 6
27435, 4
27436, 3
27437, 2
27438, 5
27439, 2
27440, 5
27441, 3
27442, 5
27443, 2
27444, 1
27445, 4
27447, 2
27448, 2
27449, 2
27450, 4
27451, 5
27452, 4
27453, 1
27454, 7
27455, 2
27456, 1
27457, 1
27458, 2
27460, 2
27461, 3
27462, 1
27463, 4
27464, 7
27465, 3
27466, 1
27467, 6
27468, 4
27469, 2
27471, 3
27472, 4
27473, 1
27474, 2
27475, 3
27476, 1
27478, 2
27479, 3
27480, 2
27481, 1
27482, 5
27483, 4
27484, 2
27485, 4
27486, 3
27487, 3
27489, 4
27490, 2
27491, 4
27492, 1
27493, 3
27494, 3
27495, 7
27496, 3
27497, 1
27498, 2
27499, 4
27500, 3
27501, 2
27502, 3
27503, 5
27504, 4
27505, 2
27506, 3
27507, 5
27508, 6
27509, 2
27510, 5
27511, 5
27512, 5
27513, 3
27514, 2
27515, 2
27516, 6
27517, 3
27518, 4
27519, 5
27520, 5
27521, 2
27522, 1
27523, 5
27524, 4
27525, 3
27526, 3
27527, 4
27528, 5
27529, 2
27530, 2
27531, 2
27532, 2
27533, 1
27534, 2
27535, 2
27536, 4
27537, 6
27538, 3
27540, 9
27542, 1
27543, 1
27544, 2
27545, 1
27546, 3
27547, 2
27548, 2
27549, 6
27550, 3
27551, 4
27552, 4
27553, 5
27554, 3
27556, 2
27557, 3
27558, 3
27559, 2
27560, 2
27561, 2
27563, 1
27564, 1
27565, 3
27566, 2
27567, 4
27568, 3
27569, 4
27570, 1
27571, 5
27572, 2
27573, 3
27574, 1
27575, 4
27576, 3
27577, 2
27578, 4
27580, 7
27581, 4
27582, 2
27583, 2
27584, 4
27585, 3
27586, 3
27587, 3
27588, 4
27589, 2
27590, 4
27591, 3
27592, 3
27593, 7
27594, 4
27595, 3
27596, 3
27597, 6
27598, 5
27599, 3
27600, 1
27601, 4
27602, 5
27603, 5
27604, 2
27605, 4
27606, 5
27607, 2
27608, 2
27609, 4
27610, 3
27611, 3
27612, 6
27613, 5
27614, 2
27615, 2
27616, 2
27617, 3
27618, 1
27620, 4
27621, 3
27622, 5
27623, 3
27624, 2
27625, 4
27626, 5
27628, 1
27629, 2
27630, 1
27631, 2
27632, 2
27633, 3
27634, 3
27635, 6
27636, 4
27637, 1
27638, 8
27639, 3
27640, 1
27641, 2
27642, 2
27643, 3
27644, 1
27645, 3
27646, 2
27647, 1
27648, 1
27649, 1
27650, 1
27651, 3
27652, 2
27653, 4
27654, 4
27655, 3
27656, 3
27657, 3
27658, 4
27659, 1
27660, 3
27662, 6
27663, 1
27664, 3
27665, 4
27666, 4
27667, 5
27668, 1
27669, 2
27670, 6
27672, 4
27673, 2
27674, 5
27675, 4
27676, 2
27677, 3
27678, 5
27679, 4
27680, 6
27681, 4
27682, 4
27683, 6
27684, 2
27685, 1
27686, 3
27687, 3
27688, 10
27689, 1
27690, 2
27691, 6
27692, 3
27693, 3
27694, 2
27695, 5
27696, 4
27697, 2
27698, 3
27699, 6
27700, 2
27701, 2
27702, 3
27703, 1
27704, 1
27705, 1
27706, 4
27707, 3
27708, 6
27709, 3
27710, 1
27711, 8
27714, 2
27715, 2
27716, 1
27717, 3
27718, 2
27719, 3
27720, 2
27721, 8
27722, 2
27723, 7
27724, 1
27725, 3
27726, 1
27727, 2
27728, 5
27729, 1
27730, 2
27731, 1
27732, 3
27734, 2
27736, 3
27737, 2
27738, 4
27739, 3
27740, 5
27741, 1
27742, 4
27743, 4
27744, 1
27745, 3
27746, 1
27747, 3
27748, 4
27749, 2
27750, 4
27751, 3
27752, 7
27754, 3
27755, 3
27756, 4
27758, 4
27759, 6
27760, 3
27761, 2
27762, 4
27763, 3
27764, 5
27765, 5
27766, 4
27767, 5
27768, 4
27769, 4
27770, 3
27771, 1
27772, 1
27773, 9
27774, 4
27775, 2
27776, 4
27777, 5
27778, 2
27779, 3
27780, 4
27781, 4
27782, 2
27783, 4
27784, 7
27785, 1
27786, 3
27787, 1
27788, 2
27789, 2
27790, 1
27791, 3
27792, 3
27793, 4
27794, 6
27796, 5
27797, 4
27798, 1
27800, 3
27802, 3
27803, 2
27804, 3
27805, 3
27806, 6
27807, 2
27808, 5
27809, 4
27810, 5
27812, 1
27813, 4
27814, 3
27816, 3
27817, 1
27818, 1
27819, 1
27820, 2
27821, 1
27822, 3
27823, 4
27824, 2
27825, 7
27827, 4
27828, 3
27829, 2
27830, 2
27831, 3
27832, 2
27833, 4
27834, 1
27835, 3
27836, 4
27837, 6
27838, 3
27839, 1
27840, 2
27841, 6
27842, 1
27843, 3
27844, 5
27845, 3
27846, 3
27847, 1
27848, 4
27849, 6
27850, 5
27851, 5
27852, 3
27853, 6
27854, 4
27855, 2
27856, 3
27857, 1
27858, 5
27859, 8
27860, 1
27861, 2
27862, 7
27863, 3
27865, 4
27866, 5
27867, 6
27869, 7
27870, 3
27871, 2
27872, 2
27873, 1
27874, 2
27875, 1
27876, 2
27877, 4
27878, 4
27879, 4
27880, 2
27881, 3
27882, 7
27884, 1
27885, 3
27887, 2
27888, 2
27889, 2
27890, 4
27891, 5
27892, 4
27893, 3
27894, 4
27895, 3
27896, 3
27897, 2
27898, 3
27899, 3
27900, 1
27901, 1
27902, 3
27903, 2
27904, 1
27906, 1
27907, 4
27908, 3
27909, 2
27910, 3
27911, 5
27913, 5
27914, 4
27915, 1
27916, 3
27917, 2
27918, 2
27919, 3
27920, 3
27921, 4
27922, 3
27923, 7
27924, 1
27925, 1
27926, 4
27927, 3
27928, 2
27929, 4
27930, 4
27931, 5
27932, 1
27933, 4
27934, 4
27935, 5
27936, 4
27937, 5
27938, 3
27939, 4
27940, 5
27941, 2
27942, 2
27943, 4
27944, 7
27945, 3
27946, 1
27947, 8
27948, 3
27949, 1
27950, 3
27951, 5
27952, 1
27953, 5
27954, 4
27955, 5
27956, 3
27957, 3
27958, 1
27959, 1
27960, 2
27961, 1
27962, 4
27963, 3
27964, 3
27965, 5
27966, 2
27967, 7
27968, 1
27970, 1
27971, 2
27972, 1
27973, 3
27974, 3
27975, 2
27976, 1
27977, 6
27978, 4
27979, 4
27980, 5
27981, 2
27982, 2
27983, 4
27984, 2
27985, 2
27986, 1
27987, 3
27988, 1
27989, 2
27990, 1
27991, 1
27992, 2
27993, 2
27994, 3
27995, 2
27996, 5
27997, 3
27998, 5
28000, 5
28001, 2
28002, 2
28003, 3
28004, 3
28005, 3
28006, 2
28007, 2
28008, 6
28009, 3
28010, 2
28011, 1
28012, 6
28013, 2
28014, 3
28015, 4
28016, 4
28017, 3
28018, 3
28019, 2
28020, 8
28021, 1
28022, 6
28023, 4
28024, 5
28025, 5
28026, 2
28027, 3
28028, 1
28029, 8
28030, 4
28031, 2
28032, 3
28033, 5
28034, 3
28035, 2
28036, 3
28037, 5
28038, 4
28039, 2
28040, 5
28041, 6
28042, 1
28043, 2
28044, 1
28045, 2
28046, 1
28047, 2
28048, 4
28049, 4
28050, 2
28051, 5
28052, 4
28053, 5
28055, 1
28056, 2
28057, 1
28058, 1
28059, 3
28060, 2
28061, 4
28062, 3
28063, 6
28064, 2
28065, 8
28067, 3
28068, 2
28069, 1
28070, 4
28071, 2
28072, 2
28073, 1
28074, 2
28075, 1
28076, 2
28078, 4
28079, 2
28080, 4
28081, 2
28082, 5
28083, 2
28084, 2
28085, 5
28086, 1
28087, 3
28088, 1
28089, 4
28090, 3
28091, 3
28092, 3
28093, 4
28094, 5
28095, 2
28097, 5
28098, 4
28100, 5
28101, 4
28102, 4
28103, 2
28104, 4
28105, 3
28106, 7
28107, 3
28108, 4
28109, 4
28110, 7
28111, 3
28112, 2
28113, 1
28114, 3
28115, 10
28116, 1
28117, 3
28118, 6
28119, 2
28120, 2
28121, 2
28122, 5
28123, 4
28124, 4
28125, 2
28126, 5
28127, 4
28128, 2
28129, 1
28130, 3
28132, 2
28133, 2
28134, 6
28135, 2
28136, 5
28137, 1
28138, 7
28139, 2
28141, 2
28142, 2
28144, 2
28145, 4
28147, 4
28148, 6
28149, 3
28150, 5
28151, 4
28152, 5
28154, 1
28155, 3
28156, 3
28157, 2
28158, 2
28159, 1
28160, 2
28161, 1
28162, 1
28163, 3
28164, 1
28165, 5
28166, 1
28167, 6
28168, 1
28169, 4
28170, 5
28171, 1
28172, 3
28173, 1
28174, 1
28175, 5
28176, 1
28177, 4
28178, 2
28179, 7
28180, 4
28182, 2
28183, 4
28184, 3
28185, 3
28186, 4
28187, 4
28188, 4
28189, 1
28190, 4
28191, 5
28192, 6
28193, 3
28194, 5
28195, 4
28196, 5
28197, 2
28198, 2
28199, 2
28200, 6
28201, 5
28202, 4
28203, 4
28204, 2
28205, 5
28206, 1
28207, 2
28208, 6
28209, 3
28210, 4
28211, 5
28212, 4
28213, 1
28214, 3
28215, 1
28216, 2
28217, 1
28218, 2
28219, 5
28220, 2
28221, 5
28222, 3
28223, 5
28224, 2
28225, 2
28226, 1
28227, 2
28228, 1
28229, 2
28230, 2
28231, 3
28232, 2
28233, 5
28234, 5
28235, 2
28236, 6
28237, 3
28238, 3
28239, 1
28240, 2
28241, 5
28243, 2
28244, 2
28245, 1
28246, 2
28247, 1
28248, 1
28249, 2
28250, 4
28251, 2
28252, 2
28253, 6
28254, 1
28255, 5
28256, 4
28257, 1
28258, 1
28259, 2
28260, 4
28261, 3
28262, 2
28263, 5
28264, 1
28265, 7
28266, 2
28268, 5
28269, 3
28270, 3
28271, 2
28272, 7
28273, 3
28274, 1
28275, 4
28276, 5
28277, 4
28278, 3
28279, 7
28281, 8
28282, 4
28284, 3
28285, 3
28286, 10
28287, 1
28288, 2
28289, 7
28290, 2
28291, 2
28292, 2
28293, 6
28294, 4
28295, 2
28296, 3
28297, 5
28298, 4
28299, 2
28300, 2
28301, 2
28303, 2
28304, 4
28305, 3
28306, 3
28307, 4
28308, 2
28309, 7
28310, 2
28312, 2
28313, 2
28314, 1
28315, 2
28316, 2
28317, 4
28318, 2
28319, 7
28320, 3
28321, 3
28322, 5
28323, 4
28325, 3
28326, 1
28327, 3
28328, 2
28329, 2
28330, 3
28332, 1
28333, 1
28334, 2
28335, 3
28336, 4
28337, 2
28338, 6
28340, 4
28341, 4
28342, 2
28343, 2
28344, 2
28345, 3
28346, 3
28347, 1
28348, 3
28349, 4
28350, 5
28351, 4
28352, 1
28353, 3
28354, 5
28355, 1
28356, 2
28357, 5
28358, 6
28359, 1
28360, 4
28361, 2
28362, 5
28363, 6
28364, 3
28365, 5
28366, 4
28367, 5
28368, 3
28369, 1
28370, 2
28371, 7
28372, 6
28373, 1
28374, 5
28375, 4
28376, 2
28377, 3
28378, 3
28379, 4
28380, 6
28382, 7
28383, 3
28384, 2
28385, 2
28386, 2
28387, 1
28388, 1
28389, 2
28390, 5
28391, 1
28392, 7
28393, 2
28394, 3
28395, 6
28397, 1
28398, 2
28399, 1
28400, 2
28401, 2
28402, 2
28403, 3
28404, 7
28405, 3
28406, 2
28407, 6
28408, 3
28409, 3
28410, 1
28411, 3
28412, 2
28413, 2
28414, 3
28415, 1
28416, 2
28418, 1
28419, 1
28420, 4
28421, 2
28422, 3
28423, 4
28424, 4
28425, 1
28426, 5
28427, 2
28428, 2
28429, 3
28430, 1
28431, 3
28432, 4
28433, 1
28434, 6
28435, 2
28436, 7
28437, 1
28438, 2
28439, 5
28440, 2
28441, 2
28442, 4
28443, 3
28444, 4
28445, 1
28446, 5
28447, 4
28448, 5
28449, 3
28450, 6
28451, 4
28452, 5
28453, 4
28454, 1
28455, 3
28456, 3
28457, 7
28458, 3
28459, 4
28460, 5
28461, 3
28462, 2
28463, 3
28464, 5
28466, 6
28467, 3
28468, 5
28469, 3
28470, 2
28471, 1
28472, 2
28473, 2
28474, 2
28475, 2
28476, 4
28477, 4
28478, 5
28479, 1
28480, 7
28481, 1
28483, 3
28484, 1
28486, 2
28487, 3
28488, 4
28489, 3
28490, 5
28491, 4
28492, 4
28493, 4
28494, 3
28495, 2
28496, 2
28497, 2
28498, 3
28499, 1
28500, 1
28501, 3
28502, 1
28503, 1
28504, 1
28505, 3
28506, 2
28507, 3
28508, 3
28509, 5
28510, 1
28511, 5
28512, 3
28513, 2
28514, 2
28515, 2
28516, 3
28517, 2
28518, 3
28519, 4
28520, 3
28521, 4
28522, 4
28523, 1
28524, 4
28525, 4
28526, 3
28527, 1
28528, 5
28529, 3
28530, 4
28531, 2
28532, 3
28533, 8
28534, 4
28535, 2
28536, 6
28537, 3
28538, 5
28539, 2
28540, 3
28541, 2
28542, 7
28543, 5
28544, 1
28545, 5
28546, 4
28547, 3
28548, 1
28549, 5
28550, 4
28551, 3
28552, 2
28553, 9
28554, 2
28555, 1
28556, 2
28557, 3
28558, 1
28560, 2
28561, 5
28562, 3
28563, 4
28564, 3
28565, 4
28566, 5
28568, 1
28569, 3
28571, 2
28572, 3
28573, 2
28574, 4
28575, 6
28576, 2
28577, 3
28578, 7
28579, 1
28580, 3
28582, 3
28583, 3
28584, 2
28585, 2
28586, 2
28587, 1
28588, 2
28589, 1
28590, 1
28591, 3
28592, 3
28593, 2
28594, 4
28595, 4
28596, 3
28597, 4
28598, 3
28599, 1
28600, 2
28601, 1
28602, 4
28603, 3
28604, 3
28605, 4
28606, 5
28607, 4
28608, 1
28609, 3
28610, 4
28611, 2
28612, 3
28613, 2
28614, 5
28615, 4
28616, 1
28617, 4
28618, 3
28619, 9
28620, 1
28621, 5
28622, 5
28623, 3
28624, 5
28625, 2
28626, 1
28627, 2
28628, 11
28629, 1
28630, 4
28631, 6
28632, 2
28633, 2
28634, 3
28635, 2
28636, 5
28637, 4
28638, 5
28639, 2
28640, 4
28641, 3
28642, 1
28643, 2
28644, 1
28645, 2
28646, 1
28647, 5
28648, 3
28649, 3
28650, 4
28651, 8
28654, 1
28655, 3
28657, 2
28658, 4
28659, 3
28660, 4
28661, 4
28662, 4
28663, 6
28664, 2
28665, 3
28666, 2
28667, 1
28668, 4
28669, 2
28670, 1
28671, 2
28672, 2
28673, 1
28674, 1
28675, 1
28676, 4
28677, 2
28678, 3
28679, 3
28680, 3
28681, 2
28682, 4
28683, 1
28684, 5
28685, 3
28686, 1
28687, 3
28688, 4
28689, 2
28690, 1
28691, 6
28692, 4
28693, 4
28695, 2
28696, 6
28697, 2
28698, 2
28699, 7
28700, 1
28701, 4
28702, 2
28703, 2
28704, 8
28705, 3
28706, 4
28707, 4
28708, 7
28709, 3
28710, 3
28711, 2
28712, 3
28713, 7
28714, 4
28715, 2
28716, 4
28717, 6
28718, 1
28719, 1
28720, 4
28721, 6
28722, 3
28723, 2
28724, 6
28725, 4
28726, 1
28727, 2
28728, 1
28729, 3
28730, 1
28731, 2
28732, 5
28733, 3
28734, 2
28735, 4
28736, 5
28737, 4
28739, 2
28740, 2
28742, 1
28743, 2
28744, 3
28745, 4
28746, 4
28747, 6
28748, 3
28749, 5
28750, 4
28751, 1
28752, 2
28753, 2
28754, 2
28755, 3
28756, 1
28757, 3
28758, 1
28760, 2
28761, 1
28762, 3
28763, 3
28764, 2
28765, 4
28766, 4
28767, 4
28768, 3
28769, 3
28770, 1
28771, 2
28772, 2
28773, 4
28774, 2
28775, 3
28776, 2
28777, 6
28778, 5
28779, 1
28780, 2
28781, 4
28782, 3
28783, 3
28784, 4
28785, 4
28786, 3
28787, 3
28788, 2
28789, 4
28790, 7
28791, 3
28792, 5
28793, 4
28794, 5
28795, 3
28796, 2
28797, 2
28798, 1
28799, 11
28800, 1
28801, 3
28802, 6
28803, 3
28804, 2
28805, 3
28806, 4
28807, 3
28808, 4
28809, 4
28810, 4
28811, 3
28812, 3
28814, 3
28815, 1
28817, 5
28818, 4
28819, 4
28820, 4
28821, 2
28822, 7
28824, 1
28825, 1
28826, 2
28828, 3
28829, 3
28830, 3
28831, 4
28832, 7
28833, 1
28834, 5
28835, 3
28836, 4
28838, 3
28839, 3
28840, 2
28841, 2
28842, 1
28843, 2
28844, 1
28845, 2
28847, 3
28848, 1
28849, 5
28850, 2
28851, 6
28852, 2
28853, 3
28854, 4
28855, 1
28856, 4
28858, 3
28859, 4
28861, 3
28862, 4
28863, 7
28864, 3
28866, 5
28867, 3
28868, 2
28869, 2
28870, 7
28871, 2
28872, 3
28873, 3
28874, 4
28875, 5
28876, 4
28877, 4
28878, 3
28879, 6
28880, 6
28882, 3
28883, 1
28884, 8
28885, 5
28886, 3
28887, 3
28888, 4
28889, 3
28890, 2
28891, 3
28892, 6
28893, 2
28894, 3
28895, 7
28896, 2
28897, 2
28898, 2
28899, 2
28900, 1
28901, 1
28902, 2
28903, 6
28904, 3
28905, 2
28906, 4
28907, 4
28908, 5
28910, 1
28911, 3
28913, 3
28914, 1
28915, 3
28916, 4
28917, 4
28918, 6
28919, 1
28920, 7
28921, 1
28922, 3
28923, 2
28924, 2
28925, 4
28927, 3
28928, 2
28929, 1
28930, 1
28931, 1
28932, 1
28933, 3
28934, 4
28935, 2
28936, 6
28937, 1
28938, 4
28939, 2
28940, 4
28942, 4
28943, 2
28944, 3
28945, 2
28946, 3
28947, 3
28948, 4
28949, 6
28950, 1
28951, 2
28952, 5
28953, 1
28954, 4
28955, 4
28956, 4
28957, 3
28958, 3
28959, 2
28960, 4
28961, 6
28962, 4
28963, 4
28964, 5
28965, 4
28966, 4
28967, 1
28968, 2
28969, 4
28970, 7
28971, 4
28972, 4
28973, 5
28974, 2
28975, 2
28976, 5
28977, 2
28978, 4
28979, 3
28980, 4
28981, 4
28982, 3
28983, 3
28984, 1
28985, 1
28986, 2
28987, 1
28988, 4
28989, 5
28990, 3
28991, 3
28992, 3
28993, 7
28995, 1
28996, 2
28997, 1
28998, 1
28999, 2
29000, 2
29001, 2
29002, 5
29003, 7
29004, 1
29005, 4
29006, 5
29007, 4
29009, 3
29010, 3
29011, 2
29012, 2
29013, 2
29014, 2
29016, 2
29018, 2
29019, 4
29020, 2
29021, 5
29022, 4
29023, 3
29024, 2
29025, 5
29027, 2
29028, 2
29029, 2
29030, 5
29031, 2
29032, 4
29033, 3
29034, 5
29035, 2
29036, 1
29037, 6
29038, 2
29039, 3
29040, 1
29041, 7
29042, 3
29043, 1
29044, 5
29045, 3
29046, 6
29047, 3
29048, 5
29049, 5
29050, 2
29051, 7
29052, 1
29053, 1
29054, 3
29055, 8
29056, 4
29057, 2
29058, 8
29059, 1
29060, 2
29061, 1
29062, 4
29063, 5
29064, 5
29065, 2
29066, 5
29067, 3
29068, 2
29069, 2
29070, 3
29071, 1
29072, 1
29073, 1
29074, 5
29075, 4
29076, 5
29077, 2
29078, 4
29079, 4
29080, 1
29081, 1
29082, 1
29083, 1
29084, 1
29085, 5
29086, 2
29087, 6
29089, 5
29090, 3
29091, 7
29092, 3
29093, 1
29094, 3
29095, 2
29096, 3
29098, 2
29099, 2
29100, 2
29102, 2
29103, 4
29104, 1
29105, 3
29106, 3
29107, 3
29108, 3
29109, 4
29110, 2
29111, 4
29113, 4
29114, 2
29115, 3
29116, 2
29117, 3
29118, 4
29119, 5
29120, 4
29121, 1
29122, 3
29123, 5
29124, 1
29125, 3
29126, 1
29127, 5
29128, 5
29129, 2
29130, 3
29131, 7
29132, 3
29133, 5
29134, 2
29135, 6
29136, 6
29137, 2
29138, 2
29139, 2
29140, 6
29141, 5
29142, 3
29143, 4
29144, 6
29145, 1
29146, 2
29147, 4
29148, 4
29149, 4
29150, 2
29151, 6
29152, 4
29153, 1
29154, 2
29155, 2
29156, 2
29157, 1
29158, 2
29159, 2
29160, 4
29161, 6
29162, 3
29163, 2
29164, 5
29165, 2
29166, 1
29167, 2
29168, 1
29169, 1
29170, 2
29171, 2
29172, 4
29173, 5
29174, 6
29175, 1
29176, 6
29177, 2
29178, 4
29179, 1
29180, 2
29181, 4
29182, 1
29183, 2
29184, 2
29185, 2
29186, 1
29187, 1
29189, 4
29190, 3
29191, 3
29192, 3
29193, 4
29194, 3
29195, 2
29196, 4
29197, 1
29198, 3
29199, 1
29200, 2
29201, 5
29202, 3
29203, 3
29204, 3
29205, 6
29206, 1
29207, 1
29208, 6
29209, 2
29210, 2
29211, 4
29212, 4
29213, 4
29214, 2
29215, 2
29216, 6
29217, 5
29218, 4
29219, 5
29220, 1
29221, 6
29222, 6
29223, 1
29224, 3
29225, 1
29226, 9
29227, 3
29228, 1
29229, 5
29230, 6
29231, 2
29232, 3
29233, 3
29234, 4
29235, 4
29236, 1
29237, 7
29238, 2
29239, 3
29240, 1
29241, 3
29243, 1
29244, 3
29245, 5
29246, 3
29247, 5
29248, 2
29249, 4
29250, 4
29252, 1
29253, 3
29255, 2
29256, 3
29257, 2
29258, 4
29259, 7
29260, 3
29261, 4
29262, 3
29263, 3
29264, 3
29265, 1
29266, 3
29267, 2
29268, 2
29269, 1
29270, 2
29271, 2
29272, 1
29273, 1
29274, 2
29275, 3
29276, 4
29277, 2
29278, 5
29279, 1
29280, 4
29281, 4
29282, 2
29283, 3
29285, 4
29286, 3
29287, 2
29288, 2
29289, 4
29290, 5
29291, 4
29292, 1
29293, 2
29294, 5
29295, 2
29296, 2
29297, 4
29298, 7
29299, 1
29300, 3
29301, 2
29302, 7
29303, 3
29304, 5
29305, 3
29306, 5
29307, 7
29308, 1
29309, 2
29310, 1
29311, 7
29312, 5
29313, 4
29314, 1
29315, 8
29316, 2
29317, 1
29318, 5
29319, 3
29320, 4
29321, 2
29322, 4
29323, 6
29324, 1
29325, 3
29326, 1
29327, 2
29328, 1
29329, 1
29330, 6
29331, 2
29332, 3
29333, 5
29334, 2
29335, 7
29337, 1
29338, 3
29340, 1
29341, 3
29342, 2
29343, 2
29344, 6
29345, 3
29346, 4
29347, 6
29348, 3
29349, 3
29351, 3
29352, 3
29353, 2
29354, 2
29355, 1
29356, 3
29358, 2
29360, 4
29361, 3
29362, 2
29363, 3
29364, 5
29365, 4
29367, 6
29369, 3
29370, 2
29371, 3
29372, 3
29373, 3
29374, 3
29375, 3
29376, 6
29377, 2
29379, 4
29380, 5
29381, 1
29382, 4
29383, 5
29384, 4
29385, 1
29386, 2
29387, 6
29388, 6
29389, 4
29390, 4
29391, 1
29392, 8
29393, 2
29394, 2
29395, 3
29396, 4
29397, 8
29398, 2
29399, 2
29400, 6
29401, 4
29402, 1
29403, 4
29404, 3
29405, 3
29406, 4
29407, 3
29408, 7
29409, 2
29410, 1
29411, 3
29412, 1
29413, 2
29415, 4
29416, 3
29417, 5
29418, 4
29419, 1
29420, 7
29421, 2
29423, 2
29424, 2
29425, 1
29426, 1
29427, 3
29428, 2
29429, 4
29430, 5
29431, 4
29432, 5
29433, 3
29434, 4
29435, 1
29436, 1
29437, 3
29438, 3
29439, 1
29440, 3
29441, 2
29442, 1
29444, 2
29445, 4
29446, 1
29447, 2
29448, 3
29449, 6
29450, 1
29451, 3
29452, 2
29453, 5
29454, 1
29455, 2
29456, 2
29457, 5
29458, 1
29459, 5
29460, 2
29461, 6
29462, 3
29463, 1
29464, 2
29465, 5
29466, 2
29467, 3
29468, 3
29469, 6
29470, 2
29471, 2
29472, 3
29473, 5
29474, 5
29475, 4
29476, 5
29477, 4
29478, 7
29479, 1
29480, 3
29481, 1
29482, 8
29483, 4
29484, 2
29485, 4
29486, 6
29487, 2
29488, 1
29489, 3
29490, 5
29491, 3
29492, 3
29493, 5
29494, 4
29495, 3
29496, 2
29497, 2
29498, 1
29499, 1
29500, 2
29501, 5
29502, 3
29503, 3
29504, 4
29505, 1
29506, 8
29508, 1
29509, 3
29511, 3
29513, 2
29514, 3
29515, 6
29516, 5
29517, 3
29518, 3
29519, 6
29520, 2
29521, 1
29522, 2
29523, 2
29524, 3
29525, 1
29526, 4
29528, 1
29529, 1
29530, 1
29531, 4
29532, 3
29533, 2
29534, 5
29535, 3
29536, 1
29537, 3
29538, 6
29540, 4
29541, 1
29542, 3
29543, 3
29544, 3
29545, 4
29546, 2
29547, 4
29548, 4
29549, 1
29550, 5
29551, 2
29552, 4
29553, 1
29554, 6
29555, 3
29556, 1
29557, 5
29558, 3
29559, 7
29560, 3
29561, 5
29562, 5
29563, 5
29564, 2
29565, 3
29566, 1
29567, 1
29568, 12
29569, 1
29570, 4
29571, 3
29572, 5
29573, 2
29574, 2
29575, 5
29576, 3
29577, 4
29578, 4
29579, 5
29580, 2
29581, 2
29582, 1
29583, 3
29584, 1
29585, 2
29586, 1
29587, 5
29588, 4
29589, 4
29590, 3
29591, 6
29592, 1
29593, 1
29594, 1
29595, 2
29596, 1
29597, 2
29598, 1
29599, 4
29600, 5
29601, 3
29602, 5
29603, 2
29604, 6
29605, 1
29606, 3
29607, 3
29608, 2
29609, 2
29610, 2
29611, 2
29612, 2
29613, 1
29614, 1
29615, 1
29616, 2
29617, 2
29618, 4
29619, 2
29620, 6
29621, 2
29622, 4
29623, 2
29624, 3
29625, 3
29627, 2
29628, 5
29629, 2
29630, 3
29631, 4
29632, 5
29633, 3
29634, 1
29635, 2
29636, 6
29637, 1
29638, 3
29639, 3
29640, 5
29641, 3
29642, 3
29643, 2
29644, 6
29645, 5
29646, 4
29647, 4
29648, 7
29649, 3
29650, 3
29651, 2
29652, 1
29653, 9
29654, 3
29655, 2
29656, 5
29657, 5
29658, 2
29659, 2
29660, 3
29661, 4
29662, 3
29663, 3
29664, 7
29665, 2
29666, 3
29667, 2
29668, 2
29669, 1
29670, 1
29671, 3
29672, 4
29673, 4
29674, 4
29675, 1
29676, 6
29677, 4
29678, 1
29680, 3
29682, 2
29683, 2
29684, 2
29685, 2
29686, 7
29687, 5
29688, 2
29689, 7
29690, 1
29691, 3
29692, 2
29693, 2
29694, 3
29695, 1
29696, 2
29697, 1
29698, 3
29700, 2
29702, 4
29703, 2
29704, 3
29705, 4
29706, 4
29707, 4
29708, 2
29709, 3
29710, 1
29711, 4
29713, 3
29714, 4
29715, 3
29716, 3
29717, 5
29718, 4
29719, 2
29720, 3
29721, 3
29722, 3
29723, 2
29724, 4
29725, 3
29726, 4
29727, 2
29728, 4
29729, 5
29730, 7
29732, 7
29733, 4
29734, 4
29735, 4
29736, 1
29737, 2
29738, 4
29739, 9
29740, 1
29741, 3
29742, 8
29743, 1
29744, 1
29745, 3
29746, 4
29747, 5
29748, 2
29749, 6
29750, 4
29751, 1
29752, 4
29753, 1
29754, 2
29755, 1
29756, 1
29757, 3
29758, 3
29759, 4
29760, 5
29761, 3
29762, 6
29763, 1
29764, 1
29765, 3
29767, 1
29768, 1
29769, 3
29770, 3
29771, 1
29772, 7
29773, 4
29774, 1
29775, 7
29776, 4
29777, 2
29778, 1
29779, 2
29780, 4
29781, 1
29782, 2
29783, 2
29784, 1
29785, 1
29786, 1
29787, 2
29788, 3
29789, 4
29790, 3
29791, 5
29792, 1
29793, 3
29794, 2
29795, 4
29796, 3
29797, 1
29798, 2
29799, 3
29800, 2
29801, 3
29802, 4
29803, 6
29804, 3
29805, 1
29806, 4
29807, 5
29808, 1
29809, 2
29810, 4
29811, 6
29812, 1
29813, 4
29814, 3
29815, 5
29816, 5
29817, 3
29818, 4
29819, 6
29820, 4
29821, 2
29822, 3
29823, 1
29824, 7
29825, 5
29826, 3
29827, 2
29828, 7
29829, 1
29830, 3
29831, 3
29832, 5
29833, 3
29834, 2
29835, 7
29836, 2
29837, 3
29838, 2
29839, 2
29840, 1
29841, 1
29842, 2
29843, 6
29844, 3
29845, 3
29846, 2
29847, 3
29848, 7
29850, 1
29851, 2
29852, 1
29853, 1
29854, 4
29855, 1
29856, 4
29857, 5
29858, 5
29859, 1
29860, 7
29861, 3
29862, 2
29863, 1
29864, 4
29865, 2
29866, 1
29867, 3
29868, 1
29869, 2
29870, 1
29871, 1
29872, 2
29873, 2
29874, 3
29875, 2
29876, 3
29877, 5
29878, 4
29879, 2
29880, 4
29881, 1
29882, 1
29883, 3
29884, 2
29885, 4
29886, 3
29887, 3
29888, 3
29889, 7
29890, 1
29891, 1
29892, 5
29893, 3
29894, 2
29895, 2
29896, 6
29897, 4
29898, 1
29899, 3
29900, 5
29901, 7
29902, 2
29903, 5
29904, 3
29905, 5
29906, 5
29907, 2
29908, 1
29909, 1
29910, 9
29911, 4
29912, 2
29913, 8
29914, 2
29915, 1
29916, 5
29917, 4
29918, 3
29919, 2
29920, 3
29921, 6
29922, 3
29923, 3
29924, 1
29925, 2
29926, 1
29927, 2
29928, 4
29929, 3
29930, 2
29931, 5
29932, 1
29933, 8
29934, 1
29936, 3
29937, 1
29939, 4
29940, 1
29941, 4
29942, 4
29943, 4
29944, 4
29945, 4
29946, 4
29947, 3
29948, 1
29949, 3
29950, 2
29951, 3
29952, 2
29953, 1
29954, 2
29955, 1
29957, 2
29958, 2
29959, 4
29960, 2
29961, 2
29962, 5
29963, 3
29964, 3
29965, 3
29966, 3
29967, 2
29968, 1
29969, 5
29970, 2
29971, 2
29972, 4
29973, 2
29974, 5
29975, 5
29977, 2
29978, 6
29979, 1
29980, 3
29981, 5
29982, 4
29983, 2
29984, 4
29985, 2
29986, 6
29987, 4
29988, 4
29989, 4
29990, 8
29991, 3
29992, 2
29993, 1
29994, 3
29995, 7
29996, 3
29997, 3
29998, 5
29999, 5
30000, 2
30001, 1
30002, 4
30003, 4
30004, 4
30005, 3
30006, 7
30007, 2
30008, 3
30009, 1
30010, 2
30011, 2
30013, 2
30014, 5
30015, 4
30016, 2
30017, 4
30018, 6
30019, 3
30021, 2
30022, 2
30024, 1
30025, 3
30026, 3
30027, 2
30028, 6
30029, 4
30030, 4
30031, 5
30032, 2
30033, 3
30034, 2
30035, 2
30036, 4
30037, 1
30038, 1
30039, 2
30040, 2
30042, 2
30043, 1
30044, 3
30045, 3
30046, 3
30047, 2
30048, 5
30049, 3
30050, 3
30051, 4
30053, 3
30054, 2
30055, 3
30056, 3
30057, 3
30058, 4
30059, 5
30060, 3
30061, 2
30062, 3
30063, 4
30064, 1
30065, 3
30066, 1
30067, 7
30068, 3
30069, 2
30070, 4
30071, 5
30072, 5
30073, 4
30074, 4
30075, 5
30076, 5
30077, 3
30078, 1
30079, 2
30080, 6
30081, 7
30082, 2
30083, 1
30084, 6
30085, 3
30086, 2
30087, 3
30088, 5
30089, 2
30090, 4
30091, 5
30092, 3
30093, 2
30094, 2
30095, 1
30096, 1
30097, 1
30098, 1
30099, 3
30101, 4
30102, 4
30103, 2
30105, 6
30106, 1
30107, 1
30108, 1
30110, 2
30111, 3
30112, 1
30113, 1
30114, 4
30115, 2
30116, 1
30118, 3
30120, 2
30122, 1
30123, 2
30129, 1
30134, 1
