13969, 1
13970, 1
13977, 1
13993, 1
13995, 1
14004, 1
14007, 1
14009, 1
14011, 1
14017, 1
14025, 1
14027, 1
14029, 1
14041, 2
14042, 1
14048, 1
14052, 2
14057, 1
14080, 1
14091, 1
14095, 1
14096, 1
14104, 1
14105, 1
14106, 1
14107, 1
14114, 1
14116, 1
14118, 1
14124, 1
14152, 1
14153, 1
14163, 1
14164, 1
14169, 1
14172, 1
14177, 1
14178, 1
14181, 1
14185, 2
14187, 1
14188, 1
14197, 1
14200, 1
14201, 1
14206, 1
14232, 1
14239, 1
14246, 1
14251, 1
14252, 2
14255, 1
14256, 1
14261, 1
14270, 1
14274, 1
14286, 1
14294, 1
14296, 3
14297, 1
14310, 1
14329, 1
14334, 1
14343, 2
14349, 1
14350, 1
14352, 1
14372, 1
14376, 1
14380, 2
14385, 1
14390, 1
14391, 1
14396, 1
14424, 1
14431, 1
14434, 1
14444, 1
14446, 2
14452, 1
14457, 2
14460, 3
14463, 1
14480, 1
14481, 1
14489, 1
14498, 1
14499, 1
14511, 1
14517, 1
14521, 1
14523, 1
14524, 2
14531, 1
14532, 1
14533, 3
14539, 1
14540, 1
14542, 1
14574, 1
14592, 1
14597, 1
14601, 1
14606, 1
14609, 1
14610, 1
14615, 1
14624, 1
14625, 1
14628, 1
14630, 1
14646, 1
14653, 1
14654, 1
14660, 1
14677, 2
14679, 1
14680, 1
14690, 1
14694, 2
14701, 1
14702, 1
14703, 1
14711, 1
14724, 2
14726, 1
14732, 1
14735, 2
14741, 1
14766, 1
14775, 1
14782, 1
14784, 1
14786, 1
14787, 1
14788, 1
14789, 1
14790, 1
14798, 1
14799, 1
14802, 1
14838, 1
14848, 1
14849, 1
14850, 1
14853, 1
14855, 1
14858, 2
14860, 1
14861, 1
14866, 1
14871, 1
14880, 1
14881, 1
14884, 1
14885, 1
14904, 1
14908, 1
14923, 2
14930, 1
14936, 2
14938, 1
14943, 1
14945, 1
14953, 1
14958, 1
14966, 1
14976, 1
14977, 1
14978, 1
14985, 1
14987, 1
14994, 1
14996, 1
15006, 1
15020, 1
15022, 1
15025, 1
15032, 1
15036, 2
15037, 1
15039, 2
15046, 1
15049, 1
15053, 2
15061, 1
15070, 1
15076, 1
15078, 1
15080, 1
15084, 1
15091, 1
15103, 1
15108, 2
15110, 2
15120, 1
15124, 1
15125, 1
15131, 1
15146, 1
15152, 1
15156, 1
15157, 1
15160, 1
15162, 1
15164, 1
15168, 1
15169, 1
15175, 1
15178, 1
15182, 1
15191, 2
15194, 1
15200, 1
15205, 2
15206, 1
15210, 1
15214, 3
15216, 2
15223, 2
15224, 1
15225, 1
15227, 1
15230, 1
15235, 1
15237, 2
15245, 1
15246, 1
15256, 2
15258, 1
15264, 1
15267, 1
15278, 2
15281, 3
15282, 1
15286, 2
15289, 1
15290, 1
15292, 1
15296, 2
15303, 1
15312, 1
15316, 1
15317, 2
15324, 1
15325, 1
15326, 1
15329, 1
15330, 1
15333, 1
15338, 1
15339, 1
15340, 1
15341, 1
15343, 1
15344, 1
15345, 3
15351, 1
15352, 1
15353, 1
15354, 1
15358, 1
15363, 1
15365, 1
15366, 1
15370, 1
15374, 2
15377, 1
15378, 2
15379, 1
15385, 1
15388, 1
15392, 1
15394, 1
15396, 1
15399, 1
15402, 1
15405, 1
15420, 1
15426, 1
15427, 1
15430, 1
15432, 1
15434, 1
15435, 1
15436, 1
15441, 1
15445, 1
15450, 1
15453, 1
15455, 1
15460, 1
15461, 1
15465, 1
15470, 1
15473, 1
15474, 1
15478, 2
15479, 1
15484, 2
15486, 1
15487, 1
15488, 1
15489, 2
15492, 1
15496, 2
15501, 1
15505, 2
15511, 1
15512, 1
15522, 1
15523, 2
15527, 2
15528, 1
15530, 1
15533, 1
15536, 3
15537, 1
15542, 1
15546, 2
15547, 2
15553, 1
15554, 1
15555, 1
15559, 1
15560, 1
15562, 1
15565, 1
15567, 1
15569, 1
15574, 1
15582, 1
15586, 1
15597, 1
15607, 1
15614, 1
15615, 2
15616, 1
15624, 1
15626, 2
15627, 1
15628, 2
15631, 1
15632, 1
15633, 1
15637, 2
15641, 2
15642, 1
15644, 1
15651, 1
15653, 1
15656, 1
15657, 1
15660, 1
15662, 1
15666, 1
15667, 1
15668, 1
15672, 1
15673, 1
15675, 1
15678, 1
15680, 1
15681, 1
15683, 1
15690, 1
15691, 1
15697, 1
15698, 1
15703, 1
15704, 1
15706, 1
15715, 1
15718, 1
15719, 1
15720, 2
15723, 1
15726, 1
15727, 1
15730, 1
15731, 1
15736, 1
15737, 1
15747, 1
15748, 1
15754, 1
15760, 1
15763, 1
15764, 1
15771, 1
15783, 1
15787, 2
15792, 1
15793, 1
15794, 1
15795, 1
15801, 1
15802, 1
15803, 1
15804, 1
15807, 1
15808, 1
15813, 2
15814, 1
15823, 1
15827, 1
15830, 1
15831, 1
15835, 1
15836, 3
15837, 2
15841, 1
15843, 1
15852, 2
15853, 2
15855, 1
15856, 1
15858, 1
15859, 1
15861, 1
15862, 1
15865, 1
15868, 1
15869, 1
15870, 1
15872, 2
15873, 1
15874, 2
15876, 1
15877, 1
15878, 1
15880, 1
15884, 2
15885, 1
15889, 3
15891, 2
15893, 2
15894, 1
15897, 1
15898, 1
15899, 1
15901, 1
15902, 2
15907, 4
15909, 1
15911, 1
15913, 1
15914, 3
15916, 1
15918, 1
15919, 1
15920, 1
15921, 2
15923, 2
15924, 2
15926, 1
15928, 1
15929, 1
15932, 1
15933, 1
15934, 1
15935, 1
15937, 1
15939, 1
15940, 2
15942, 2
15943, 1
15946, 1
15947, 1
15948, 1
15949, 1
15951, 1
15955, 2
15958, 1
15959, 2
15960, 1
15962, 1
15963, 1
15964, 1
15965, 3
15966, 1
15967, 1
15970, 3
15971, 1
15973, 1
15974, 2
15975, 1
15976, 2
15977, 1
15978, 1
15979, 1
15980, 1
15982, 1
15983, 1
15984, 2
15985, 1
15986, 1
15987, 2
15988, 1
15989, 2
15990, 1
15991, 2
15993, 3
15994, 1
15996, 1
15997, 1
15998, 1
15999, 5
16000, 1
16001, 1
16002, 2
16003, 2
16005, 1
16006, 1
16007, 1
16009, 2
16010, 1
16011, 2
16012, 2
16013, 1
16014, 1
16015, 1
16016, 2
16017, 3
16018, 1
16021, 1
16023, 2
16024, 1
16026, 1
16027, 1
16029, 2
16030, 1
16032, 2
16033, 1
16034, 1
16035, 3
16037, 1
16038, 1
16039, 1
16042, 1
16043, 2
16044, 3
16045, 1
16046, 1
16048, 1
16050, 2
16052, 2
16053, 3
16054, 1
16055, 2
16056, 1
16058, 2
16062, 2
16063, 2
16064, 1
16067, 1
16068, 1
16069, 4
16070, 1
16071, 1
16072, 1
16073, 1
16074, 1
16075, 1
16078, 3
16080, 2
16082, 1
16083, 1
16084, 3
16086, 2
16087, 2
16089, 1
16090, 1
16091, 1
16092, 1
16093, 2
16094, 1
16095, 1
16096, 2
16097, 2
16098, 1
16103, 1
16104, 2
16105, 3
16106, 1
16110, 3
16114, 1
16115, 3
16116, 3
16118, 1
16119, 1
16120, 1
16121, 1
16123, 1
16124, 3
16127, 1
16129, 1
16131, 1
16132, 1
16134, 1
16136, 1
16138, 1
16140, 4
16141, 1
16142, 1
16144, 2
16145, 3
16147, 1
16148, 4
16149, 1
16150, 1
16151, 1
16152, 1
16153, 1
16154, 1
16155, 1
16156, 1
16158, 1
16159, 2
16161, 1
16163, 1
16165, 3
16166, 1
16167, 1
16168, 1
16169, 1
16170, 3
16171, 4
16177, 1
16178, 2
16179, 1
16180, 1
16181, 2
16182, 2
16183, 2
16187, 1
16188, 3
16189, 1
16190, 3
16191, 2
16193, 1
16195, 3
16196, 2
16197, 2
16200, 1
16202, 3
16203, 1
16204, 2
16206, 1
16207, 2
16208, 3
16209, 1
16210, 1
16211, 2
16212, 1
16213, 1
16214, 3
16215, 1
16216, 2
16220, 2
16221, 1
16222, 1
16226, 3
16227, 1
16229, 3
16231, 1
16232, 2
16233, 3
16234, 1
16236, 1
16237, 1
16238, 1
16239, 1
16240, 2
16241, 1
16242, 1
16243, 1
16244, 3
16248, 1
16249, 1
16250, 4
16251, 3
16252, 3
16253, 2
16254, 3
16255, 1
16256, 1
16258, 3
16259, 1
16260, 2
16262, 1
16263, 2
16265, 3
16266, 2
16267, 3
16268, 1
16269, 1
16270, 1
16271, 2
16272, 1
16273, 1
16274, 1
16277, 1
16278, 1
16280, 1
16283, 1
16285, 1
16286, 1
16287, 2
16289, 1
16290, 2
16291, 1
16293, 2
16294, 1
16295, 1
16296, 2
16297, 1
16298, 1
16299, 1
16301, 1
16303, 1
16305, 1
16306, 2
16307, 1
16309, 2
16310, 1
16312, 1
16313, 1
16314, 3
16315, 3
16316, 1
16317, 2
16318, 1
16319, 2
16320, 2
16323, 2
16324, 1
16325, 1
16326, 2
16328, 1
16329, 4
16330, 1
16331, 3
16332, 4
16333, 4
16334, 1
16335, 2
16337, 2
16339, 1
16340, 1
16341, 5
16343, 1
16344, 1
16345, 2
16346, 1
16347, 1
16349, 2
16350, 1
16351, 3
16352, 1
16353, 2
16354, 3
16355, 2
16357, 3
16358, 2
16359, 1
16360, 1
16362, 1
16368, 1
16369, 2
16371, 1
16373, 2
16376, 1
16377, 1
16379, 1
16380, 1
16381, 1
16384, 1
16385, 5
16386, 1
16389, 1
16390, 1
16394, 1
16395, 3
16396, 2
16397, 1
16399, 3
16400, 2
16401, 3
16402, 1
16403, 1
16404, 2
16405, 1
16406, 3
16407, 2
16408, 1
16410, 3
16411, 3
16412, 2
16413, 2
16414, 1
16415, 1
16416, 3
16417, 1
16418, 2
16419, 3
16420, 2
16421, 2
16422, 1
16424, 1
16425, 2
16426, 2
16427, 3
16428, 2
16429, 3
16430, 1
16432, 2
16433, 3
16434, 1
16436, 3
16438, 1
16439, 2
16440, 1
16442, 3
16444, 1
16445, 2
16446, 2
16447, 3
16448, 1
16449, 1
16451, 2
16452, 1
16453, 3
16454, 3
16455, 1
16456, 2
16457, 1
16458, 2
16459, 4
16460, 2
16461, 1
16462, 2
16463, 4
16465, 4
16466, 2
16467, 3
16468, 1
16469, 7
16470, 3
16471, 1
16472, 3
16473, 3
16474, 1
16475, 4
16476, 1
16477, 5
16478, 2
16479, 4
16480, 2
16481, 4
16482, 7
16483, 1
16484, 2
16485, 3
16486, 2
16487, 5
16489, 3
16490, 2
16492, 1
16493, 4
16494, 4
16495, 3
16496, 4
16497, 2
16498, 2
16499, 1
16500, 3
16501, 1
16502, 4
16503, 1
16504, 4
16505, 3
16506, 1
16507, 1
16508, 2
16509, 3
16511, 2
16512, 7
16513, 4
16514, 1
16517, 1
16518, 1
16519, 3
16520, 4
16521, 2
16522, 2
16524, 1
16525, 1
16528, 2
16529, 4
16530, 3
16531, 4
16532, 1
16533, 2
16534, 3
16535, 2
16536, 2
16537, 1
16538, 4
16539, 1
16540, 1
16541, 4
16542, 2
16543, 3
16544, 3
16545, 5
16546, 2
16547, 1
16548, 5
16549, 2
16550, 3
16551, 5
16552, 4
16553, 5
16554, 8
16555, 2
16556, 3
16557, 6
16558, 1
16559, 5
16560, 1
16561, 4
16562, 3
16563, 8
16564, 6
16565, 3
16566, 4
16567, 3
16568, 2
16569, 5
16571, 4
16572, 4
16573, 4
16574, 4
16575, 4
16576, 3
16577, 3
16578, 5
16579, 2
16580, 1
16581, 7
16582, 4
16584, 2
16585, 2
16586, 5
16587, 4
16588, 1
16589, 2
16591, 2
16592, 3
16593, 4
16594, 1
16595, 5
16596, 7
16597, 3
16598, 4
16599, 2
16600, 1
16601, 2
16602, 5
16604, 5
16605, 3
16606, 1
16607, 5
16608, 5
16609, 1
16610, 2
16611, 1
16612, 3
16613, 3
16614, 1
16615, 1
16616, 2
16617, 3
16618, 3
16619, 5
16620, 1
16621, 2
16622, 3
16623, 4
16624, 5
16625, 6
16626, 6
16627, 1
16628, 1
16629, 2
16630, 7
16631, 1
16632, 4
16633, 2
16634, 4
16635, 1
16636, 7
16637, 4
16638, 3
16639, 5
16640, 4
16641, 3
16642, 5
16643, 2
16644, 4
16645, 5
16646, 2
16647, 1
16648, 6
16649, 4
16650, 3
16651, 7
16652, 6
16653, 5
16654, 4
16655, 3
16656, 4
16657, 5
16658, 3
16659, 2
16660, 5
16661, 4
16662, 6
16663, 2
16664, 3
16665, 6
16666, 3
16667, 5
16668, 3
16670, 3
16671, 3
16672, 7
16673, 5
16674, 3
16676, 2
16677, 4
16678, 3
16680, 2
16681, 1
16682, 4
16683, 4
16684, 2
16685, 4
16686, 3
16687, 5
16688, 5
16689, 1
16690, 3
16691, 3
16692, 4
16693, 1
16694, 2
16695, 2
16696, 6
16697, 1
16698, 2
16699, 4
16700, 1
16701, 5
16702, 3
16703, 7
16704, 1
16705, 1
16706, 3
16708, 4
16710, 3
16711, 2
16712, 6
16713, 2
16714, 2
16715, 2
16716, 6
16718, 5
16719, 2
16720, 6
16721, 3
16722, 2
16723, 2
16724, 1
16725, 2
16726, 5
16727, 3
16728, 4
16729, 4
16730, 4
16731, 3
16732, 2
16733, 5
16734, 1
16735, 4
16736, 7
16737, 7
16738, 11
16739, 6
16740, 4
16742, 2
16743, 5
16744, 3
16745, 4
16746, 3
16747, 3
16748, 2
16749, 3
16750, 3
16751, 3
16752, 5
16753, 6
16754, 3
16755, 6
16756, 3
16757, 2
16758, 6
16759, 1
16761, 4
16762, 2
16764, 2
16766, 4
16767, 3
16768, 8
16769, 6
16770, 1
16771, 1
16772, 4
16773, 3
16774, 2
16775, 3
16776, 3
16777, 1
16778, 1
16779, 2
16780, 6
16781, 3
16782, 2
16783, 3
16784, 2
16786, 4
16787, 1
16788, 4
16789, 2
16790, 5
16791, 5
16792, 4
16793, 3
16794, 7
16795, 3
16796, 5
16797, 3
16798, 4
16799, 1
16800, 5
16801, 4
16802, 2
16804, 5
16805, 4
16807, 3
16808, 5
16809, 1
16810, 1
16811, 2
16812, 5
16813, 6
16814, 1
16815, 3
16816, 5
16817, 5
16818, 5
16819, 3
16820, 2
16821, 5
16822, 7
16823, 5
16824, 6
16825, 5
16826, 1
16827, 7
16828, 1
16829, 3
16831, 5
16832, 4
16833, 2
16834, 5
16835, 3
16836, 3
16837, 2
16838, 4
16839, 3
16840, 1
16841, 3
16842, 9
16843, 4
16844, 3
16845, 3
16846, 2
16847, 1
16848, 2
16849, 4
16850, 7
16851, 4
16852, 2
16853, 5
16854, 5
16855, 4
16856, 3
16857, 4
16858, 2
16859, 1
16860, 5
16861, 3
16862, 1
16863, 4
16864, 2
16865, 2
16866, 5
16867, 2
16868, 2
16869, 2
16870, 1
16871, 3
16872, 3
16873, 6
16874, 4
16875, 3
16876, 3
16877, 4
16878, 4
16879, 5
16880, 4
16881, 3
16882, 4
16883, 4
16884, 5
16885, 3
16886, 4
16887, 3
16888, 1
16889, 1
16890, 2
16891, 3
16892, 4
16893, 4
16894, 5
16895, 3
16896, 4
16897, 5
16898, 2
16899, 6
16900, 3
16901, 3
16902, 4
16903, 1
16904, 3
16905, 4
16906, 4
16907, 2
16908, 4
16909, 6
16910, 7
16911, 4
16912, 2
16913, 9
16914, 6
16915, 2
16916, 4
16917, 2
16918, 4
16919, 3
16920, 5
16921, 2
16922, 3
16923, 6
16924, 2
16925, 2
16926, 4
16927, 3
16928, 2
16929, 3
16930, 2
16931, 1
16932, 4
16933, 1
16934, 4
16935, 3
16936, 6
16937, 2
16938, 5
16939, 4
16940, 1
16941, 3
16942, 2
16943, 4
16944, 2
16945, 1
16946, 2
16947, 8
16948, 3
16949, 1
16950, 4
16951, 1
16952, 3
16953, 3
16954, 3
16955, 4
16956, 1
16957, 4
16958, 3
16959, 2
16960, 1
16961, 3
16962, 3
16963, 1
16964, 3
16965, 3
16966, 4
16967, 4
16968, 4
16969, 4
16970, 3
16971, 3
16972, 4
16973, 4
16974, 3
16975, 4
16976, 2
16977, 4
16978, 4
16979, 3
16980, 3
16981, 3
16982, 5
16983, 6
16984, 4
16985, 2
16986, 4
16987, 5
16988, 6
16989, 3
16990, 2
16991, 7
16992, 4
16993, 4
16994, 9
16995, 3
16996, 3
16997, 3
16998, 4
16999, 4
17000, 5
17002, 7
17003, 4
17004, 4
17005, 4
17006, 5
17007, 3
17008, 4
17009, 3
17011, 2
17012, 3
17013, 3
17014, 3
17015, 4
17016, 4
17017, 1
17018, 4
17019, 4
17020, 5
17021, 3
17022, 4
17023, 1
17024, 3
17025, 2
17026, 5
17027, 2
17028, 3
17029, 3
17030, 3
17031, 6
17032, 4
17033, 2
17034, 1
17035, 3
17036, 1
17037, 5
17038, 3
17040, 5
17041, 1
17042, 2
17043, 5
17044, 4
17045, 7
17046, 3
17047, 3
17048, 1
17049, 3
17050, 2
17051, 4
17052, 7
17053, 3
17054, 3
17055, 4
17056, 1
17057, 2
17058, 1
17059, 3
17060, 2
17061, 4
17062, 3
17063, 3
17064, 2
17065, 1
17066, 3
17067, 5
17068, 3
17069, 3
17070, 5
17071, 1
17072, 6
17073, 8
17074, 3
17075, 2
17076, 9
17077, 6
17078, 3
17079, 4
17080, 4
17081, 7
17082, 4
17083, 6
17084, 6
17085, 3
17086, 7
17087, 2
17088, 4
17089, 6
17090, 6
17091, 2
17092, 2
17093, 3
17094, 1
17095, 2
17096, 1
17097, 3
17098, 3
17099, 2
17100, 6
17101, 3
17102, 6
17103, 1
17104, 2
17105, 6
17106, 1
17107, 1
17108, 2
17109, 4
17110, 5
17111, 5
17112, 8
17115, 2
17116, 4
17117, 3
17118, 5
17120, 2
17121, 4
17122, 1
17123, 5
17124, 1
17125, 5
17127, 4
17128, 4
17129, 2
17130, 3
17131, 3
17132, 1
17133, 1
17134, 3
17135, 6
17136, 2
17137, 1
17138, 4
17139, 5
17140, 5
17141, 3
17142, 8
17143, 6
17144, 4
17145, 4
17146, 9
17147, 8
17148, 3
17149, 6
17150, 7
17151, 2
17152, 9
17153, 13
17154, 5
17155, 3
17156, 5
17157, 3
17158, 6
17159, 2
17160, 10
17161, 5
17162, 3
17163, 4
17164, 3
17165, 7
17166, 6
17167, 8
17168, 6
17169, 6
17170, 1
17171, 4
17172, 5
17173, 2
17175, 3
17176, 4
17177, 7
17178, 5
17179, 4
17180, 3
17181, 1
17182, 4
17183, 1
17184, 2
17185, 6
17186, 7
17187, 3
17188, 3
17189, 2
17190, 1
17191, 4
17192, 4
17193, 2
17194, 1
17195, 2
17196, 10
17197, 5
17198, 5
17199, 6
17200, 4
17201, 6
17202, 3
17203, 5
17204, 4
17205, 1
17206, 3
17207, 4
17208, 6
17209, 2
17210, 2
17211, 2
17212, 2
17213, 6
17214, 3
17215, 7
17216, 6
17217, 3
17218, 4
17219, 4
17220, 5
17221, 3
17222, 6
17223, 6
17224, 3
17225, 5
17226, 6
17227, 4
17228, 3
17229, 7
17230, 4
17231, 8
17232, 7
17233, 4
17234, 6
17235, 7
17236, 6
17237, 5
17238, 6
17239, 5
17240, 3
17241, 5
17242, 5
17243, 7
17244, 7
17245, 4
17246, 8
17247, 10
17248, 6
17249, 8
17250, 3
17251, 5
17252, 11
17253, 4
17254, 1
17255, 6
17256, 4
17257, 4
17258, 2
17259, 4
17260, 7
17261, 4
17262, 6
17263, 3
17264, 3
17265, 5
17266, 2
17267, 5
17268, 3
17270, 7
17271, 7
17272, 8
17273, 2
17274, 3
17275, 1
17276, 6
17277, 5
17278, 4
17279, 6
17280, 3
17281, 4
17282, 5
17283, 6
17284, 5
17285, 6
17286, 3
17287, 2
17288, 6
17289, 5
17290, 6
17291, 4
17292, 4
17293, 4
17294, 3
17295, 1
17296, 3
17297, 5
17298, 2
17299, 4
17300, 8
17301, 4
17302, 7
17303, 3
17304, 5
17305, 3
17306, 6
17307, 4
17308, 4
17309, 8
17310, 6
17311, 3
17312, 5
17313, 7
17314, 7
17315, 1
17316, 6
17317, 7
17318, 7
17319, 5
17320, 2
17321, 7
17322, 6
17323, 6
17324, 8
17325, 8
17326, 6
17327, 3
17328, 12
17329, 5
17330, 4
17331, 6
17332, 10
17333, 5
17334, 7
17335, 8
17336, 5
17337, 4
17338, 5
17339, 7
17340, 5
17341, 6
17342, 5
17343, 3
17344, 4
17345, 5
17346, 7
17347, 6
17348, 6
17349, 5
17350, 9
17351, 3
17352, 6
17353, 6
17354, 7
17355, 3
17356, 4
17357, 4
17358, 4
17359, 6
17360, 5
17361, 2
17362, 5
17363, 4
17364, 1
17365, 5
17366, 2
17367, 4
17368, 5
17369, 5
17370, 5
17371, 11
17372, 5
17373, 5
17374, 7
17375, 4
17376, 6
17378, 2
17379, 9
17380, 3
17381, 4
17383, 6
17384, 9
17385, 2
17386, 8
17387, 8
17388, 5
17389, 4
17390, 3
17391, 3
17392, 5
17393, 6
17394, 6
17395, 5
17396, 8
17397, 3
17398, 3
17399, 7
17400, 6
17401, 4
17402, 9
17403, 4
17404, 10
17405, 6
17406, 5
17407, 8
17408, 5
17409, 10
17410, 6
17411, 6
17412, 5
17413, 4
17414, 4
17415, 9
17416, 4
17417, 5
17418, 3
17419, 6
17420, 11
17421, 6
17422, 9
17423, 7
17424, 7
17425, 5
17426, 3
17427, 7
17428, 6
17429, 4
17430, 4
17431, 3
17432, 7
17433, 7
17434, 6
17435, 6
17436, 6
17438, 7
17439, 2
17440, 3
17441, 9
17442, 5
17444, 4
17445, 3
17446, 2
17447, 6
17448, 4
17449, 5
17450, 6
17451, 6
17452, 4
17453, 3
17454, 4
17455, 8
17456, 8
17457, 3
17458, 3
17459, 4
17460, 3
17461, 3
17462, 2
17463, 6
17464, 5
17465, 2
17466, 8
17467, 4
17468, 2
17469, 3
17470, 5
17471, 7
17472, 5
17473, 5
17474, 6
17475, 7
17476, 5
17477, 7
17478, 4
17479, 11
17480, 3
17481, 6
17482, 5
17483, 2
17484, 6
17485, 8
17486, 1
17487, 4
17488, 2
17489, 6
17490, 2
17491, 1
17492, 3
17493, 5
17494, 5
17495, 5
17496, 9
17497, 10
17498, 3
17499, 5
17500, 4
17501, 6
17502, 6
17503, 7
17504, 9
17505, 4
17506, 7
17507, 1
17508, 9
17509, 6
17511, 6
17512, 3
17513, 3
17514, 6
17515, 6
17516, 7
17517, 4
17518, 5
17519, 3
17520, 4
17521, 4
17522, 6
17523, 1
17524, 4
17525, 8
17526, 4
17527, 4
17528, 3
17529, 4
17530, 2
17531, 6
17532, 4
17533, 2
17534, 4
17535, 6
17536, 8
17537, 7
17538, 2
17539, 4
17540, 4
17541, 7
17542, 7
17543, 2
17545, 2
17546, 7
17547, 6
17548, 3
17549, 4
17550, 7
17552, 10
17553, 6
17554, 4
17555, 4
17556, 7
17557, 10
17558, 7
17559, 4
17560, 5
17561, 11
17562, 1
17563, 4
17564, 5
17565, 9
17566, 2
17567, 5
17568, 5
17569, 10
17570, 7
17571, 5
17572, 5
17573, 4
17574, 2
17575, 4
17576, 9
17577, 4
17578, 12
17579, 6
17580, 5
17581, 7
17582, 6
17583, 4
17584, 4
17585, 6
17586, 8
17587, 5
17588, 5
17589, 5
17590, 4
17591, 6
17592, 5
17593, 7
17594, 3
17595, 5
17596, 4
17597, 6
17598, 3
17599, 3
17600, 2
17601, 5
17602, 5
17603, 4
17604, 7
17605, 4
17606, 7
17607, 7
17608, 2
17609, 2
17610, 3
17612, 2
17613, 3
17614, 4
17615, 4
17616, 3
17617, 6
17618, 6
17619, 5
17620, 5
17621, 4
17622, 5
17623, 4
17624, 5
17625, 2
17626, 7
17627, 10
17628, 4
17629, 6
17630, 6
17631, 10
17632, 5
17633, 3
17634, 7
17635, 7
17636, 3
17637, 1
17638, 5
17639, 8
17640, 3
17641, 4
17642, 8
17643, 5
17644, 1
17645, 5
17646, 2
17647, 3
17648, 5
17649, 5
17650, 3
17651, 3
17652, 10
17653, 5
17654, 3
17655, 4
17656, 10
17657, 7
17658, 3
17659, 4
17660, 9
17661, 3
17662, 4
17663, 8
17664, 5
17665, 2
17666, 6
17667, 2
17668, 5
17669, 3
17670, 5
17671, 9
17672, 4
17673, 4
17674, 2
17675, 6
17676, 6
17677, 7
17678, 10
17679, 3
17680, 5
17681, 6
17682, 6
17683, 6
17684, 6
17685, 5
17686, 9
17687, 4
17688, 4
17689, 3
17690, 6
17691, 5
17692, 2
17693, 6
17694, 5
17695, 9
17696, 8
17697, 4
17698, 6
17699, 5
17700, 5
17701, 4
17702, 6
17703, 2
17704, 7
17705, 2
17706, 9
17707, 6
17708, 9
17709, 6
17710, 3
17711, 6
17712, 6
17713, 6
17714, 6
17715, 6
17716, 11
17717, 6
17718, 5
17719, 3
17720, 3
17721, 6
17722, 8
17723, 4
17724, 5
17725, 3
17726, 4
17727, 15
17728, 2
17729, 7
17730, 7
17731, 8
17732, 4
17733, 4
17734, 7
17735, 5
17736, 2
17737, 6
17738, 6
17739, 7
17740, 10
17741, 11
17742, 7
17743, 9
17744, 4
17745, 7
17746, 7
17747, 6
17748, 6
17749, 5
17750, 9
17751, 4
17752, 5
17753, 7
17754, 9
17755, 9
17756, 9
17757, 4
17758, 4
17759, 4
17760, 6
17761, 12
17762, 11
17763, 4
17764, 7
17765, 5
17766, 9
17767, 8
17768, 6
17769, 8
17770, 9
17771, 8
17772, 5
17773, 7
17774, 8
17775, 9
17776, 6
17777, 3
17778, 6
17779, 6
17780, 14
17781, 5
17782, 9
17783, 6
17784, 8
17785, 4
17786, 8
17787, 6
17788, 10
17789, 7
17790, 3
17791, 9
17792, 6
17793, 8
17794, 10
17795, 4
17796, 7
17797, 6
17798, 8
17799, 5
17800, 10
17801, 7
17802, 7
17803, 7
17804, 6
17805, 8
17806, 5
17807, 13
17808, 6
17809, 6
17810, 8
17811, 11
17812, 5
17813, 10
17814, 9
17815, 5
17816, 11
17817, 8
17818, 7
17819, 3
17820, 11
17821, 7
17822, 7
17823, 6
17824, 7
17825, 12
17826, 11
17827, 5
17828, 9
17829, 6
17830, 6
17831, 8
17832, 8
17833, 11
17834, 4
17835, 9
17836, 7
17837, 16
17838, 10
17839, 9
17840, 3
17841, 9
17842, 9
17843, 5
17844, 5
17845, 7
17846, 7
17847, 12
17848, 6
17849, 5
17850, 8
17851, 6
17852, 4
17853, 10
17854, 5
17855, 8
17856, 6
17857, 8
17859, 7
17860, 6
17861, 8
17862, 4
17863, 11
17864, 8
17865, 5
17866, 5
17867, 8
17868, 7
17869, 14
17870, 10
17871, 5
17872, 7
17873, 7
17874, 7
17875, 8
17876, 4
17877, 6
17878, 3
17879, 8
17880, 13
17881, 8
17882, 11
17883, 15
17884, 6
17885, 7
17886, 11
17887, 4
17888, 13
17889, 7
17890, 8
17891, 8
17892, 9
17893, 5
17894, 10
17895, 6
17896, 9
17897, 8
17898, 6
17899, 8
17900, 8
17901, 5
17902, 12
17903, 7
17904, 10
17905, 10
17906, 5
17907, 9
17908, 9
17909, 10
17910, 5
17911, 7
17912, 8
17913, 11
17914, 4
17915, 7
17916, 9
17917, 4
17918, 9
17919, 14
17920, 6
17921, 12
17922, 1
17923, 7
17924, 4
17925, 6
17926, 14
17927, 9
17928, 11
17929, 4
17930, 9
17931, 11
17932, 10
17933, 16
17934, 7
17935, 9
17936, 12
17937, 8
17938, 13
17939, 14
17940, 8
17941, 3
17942, 5
17943, 5
17944, 7
17945, 10
17946, 12
17947, 9
17948, 4
17949, 9
17950, 6
17951, 8
17952, 4
17953, 5
17954, 8
17955, 10
17956, 11
17957, 9
17958, 6
17959, 8
17960, 9
17961, 8
17962, 8
17963, 9
17964, 5
17965, 8
17966, 7
17967, 10
17968, 5
17969, 6
17970, 12
17971, 9
17972, 12
17973, 10
17974, 4
17975, 13
17976, 7
17977, 12
17978, 7
17979, 9
17980, 6
17981, 10
17982, 6
17983, 9
17984, 4
17985, 6
17986, 8
17987, 12
17988, 5
17989, 8
17990, 10
17991, 7
17992, 7
17993, 9
17994, 13
17995, 8
17996, 6
17997, 13
17998, 10
17999, 7
18000, 6
18001, 7
18002, 11
18003, 11
18004, 13
18005, 11
18006, 13
18007, 12
18008, 14
18009, 9
18010, 9
18011, 9
18012, 11
18013, 13
18014, 6
18015, 9
18016, 8
18017, 9
18018, 8
18019, 8
18020, 12
18021, 3
18022, 7
18023, 8
18024, 5
18025, 8
18026, 10
18027, 5
18028, 10
18029, 11
18030, 13
18031, 9
18032, 6
18033, 12
18034, 9
18035, 9
18036, 9
18037, 10
18038, 12
18039, 7
18040, 9
18041, 5
18042, 10
18043, 10
18044, 11
18045, 5
18046, 10
18047, 8
18048, 7
18049, 9
18050, 3
18051, 6
18052, 11
18053, 15
18054, 11
18055, 11
18056, 12
18057, 6
18058, 16
18059, 8
18060, 6
18061, 8
18062, 11
18063, 15
18064, 8
18065, 8
18066, 3
18067, 7
18068, 7
18069, 10
18070, 8
18071, 5
18072, 8
18073, 5
18074, 6
18075, 8
18076, 7
18077, 4
18078, 11
18079, 15
18080, 7
18081, 3
18082, 6
18083, 5
18084, 7
18085, 7
18086, 11
18087, 7
18088, 15
18089, 11
18090, 11
18091, 8
18092, 9
18093, 8
18094, 14
18095, 6
18096, 7
18097, 9
18098, 11
18099, 8
18100, 7
18101, 8
18102, 7
18103, 14
18104, 15
18105, 7
18106, 13
18107, 11
18108, 8
18109, 11
18110, 8
18111, 6
18112, 12
18113, 6
18114, 8
18115, 7
18116, 16
18117, 10
18118, 8
18119, 8
18120, 7
18121, 10
18122, 7
18123, 8
18124, 7
18125, 7
18126, 9
18127, 7
18128, 12
18129, 12
18130, 9
18131, 11
18132, 8
18133, 9
18134, 11
18135, 11
18136, 11
18137, 10
18138, 12
18139, 10
18140, 15
18141, 10
18142, 16
18143, 5
18144, 5
18145, 6
18146, 2
18147, 5
18148, 14
18149, 10
18150, 11
18151, 7
18152, 8
18153, 6
18154, 16
18155, 6
18156, 11
18157, 6
18158, 14
18159, 7
18160, 10
18161, 10
18162, 12
18163, 10
18164, 16
18165, 11
18166, 9
18167, 3
18168, 15
18169, 7
18170, 7
18171, 8
18172, 5
18173, 15
18174, 8
18175, 6
18176, 9
18177, 12
18178, 14
18179, 6
18180, 12
18181, 10
18182, 7
18183, 4
18184, 10
18185, 7
18186, 13
18187, 15
18188, 13
18189, 13
18190, 7
18191, 8
18192, 8
18193, 6
18194, 5
18195, 11
18196, 10
18197, 10
18198, 13
18199, 10
18200, 4
18201, 5
18202, 7
18203, 10
18204, 8
18205, 13
18206, 11
18207, 12
18208, 13
18209, 14
18210, 7
18211, 9
18212, 9
18213, 10
18214, 8
18215, 5
18216, 10
18217, 12
18218, 9
18219, 14
18220, 8
18221, 5
18222, 9
18223, 8
18224, 6
18225, 8
18226, 17
18227, 7
18228, 7
18229, 13
18230, 12
18231, 10
18232, 8
18233, 11
18234, 9
18235, 11
18236, 15
18237, 12
18238, 15
18239, 18
18240, 12
18241, 12
18242, 6
18243, 8
18244, 15
18245, 15
18246, 11
18247, 6
18248, 15
18249, 11
18250, 14
18251, 10
18252, 16
18253, 10
18254, 8
18255, 6
18256, 10
18257, 8
18258, 7
18259, 8
18260, 13
18261, 13
18262, 13
18263, 12
18264, 12
18265, 12
18266, 17
18267, 8
18268, 6
18269, 6
18270, 11
18271, 8
18272, 10
18273, 7
18274, 17
18275, 16
18276, 16
18277, 15
18278, 7
18279, 10
18280, 13
18281, 14
18282, 6
18283, 13
18284, 12
18285, 18
18286, 14
18287, 7
18288, 14
18289, 9
18290, 9
18291, 9
18292, 11
18293, 6
18294, 8
18295, 6
18296, 9
18297, 13
18298, 10
18299, 13
18300, 10
18301, 12
18302, 10
18303, 9
18304, 10
18305, 8
18306, 11
18307, 10
18308, 8
18309, 12
18310, 10
18311, 10
18312, 13
18313, 9
18314, 18
18315, 6
18316, 9
18317, 12
18318, 9
18319, 17
18320, 6
18321, 5
18322, 9
18323, 14
18324, 12
18325, 19
18326, 9
18327, 13
18328, 12
18329, 12
18330, 6
18331, 7
18332, 5
18333, 8
18334, 10
18335, 13
18336, 17
18337, 9
18338, 7
18339, 12
18340, 14
18341, 12
18342, 8
18343, 7
18344, 10
18345, 12
18346, 12
18347, 13
18348, 7
18349, 12
18350, 15
18351, 10
18352, 13
18353, 7
18354, 12
18355, 12
18356, 5
18357, 12
18358, 5
18359, 10
18360, 10
18361, 13
18362, 14
18363, 10
18364, 14
18365, 16
18366, 16
18367, 9
18368, 11
18369, 15
18370, 14
18371, 9
18372, 8
18373, 5
18374, 12
18375, 6
18376, 17
18377, 13
18378, 12
18379, 13
18380, 8
18381, 13
18382, 14
18383, 15
18384, 8
18385, 14
18386, 4
18387, 13
18388, 15
18389, 15
18390, 6
18391, 7
18392, 10
18393, 13
18394, 9
18395, 11
18396, 11
18397, 9
18398, 13
18399, 9
18400, 14
18401, 12
18402, 12
18403, 8
18404, 13
18405, 9
18406, 14
18407, 10
18408, 12
18409, 8
18410, 4
18411, 14
18412, 11
18413, 11
18414, 9
18415, 11
18416, 13
18417, 12
18418, 9
18419, 11
18420, 12
18421, 20
18422, 12
18423, 13
18424, 16
18425, 8
18426, 14
18427, 16
18428, 15
18429, 15
18430, 15
18431, 8
18432, 14
18433, 15
18434, 13
18435, 9
18436, 13
18437, 12
18438, 9
18439, 10
18440, 13
18441, 11
18442, 10
18443, 7
18444, 12
18445, 14
18446, 10
18447, 10
18448, 9
18449, 12
18450, 17
18451, 9
18452, 16
18453, 15
18454, 9
18455, 14
18456, 11
18457, 9
18458, 12
18459, 16
18460, 9
18461, 11
18462, 15
18463, 11
18464, 18
18465, 6
18466, 11
18467, 14
18468, 10
18469, 12
18470, 11
18471, 10
18472, 8
18473, 10
18474, 12
18475, 7
18476, 16
18477, 10
18478, 11
18479, 10
18480, 10
18481, 8
18482, 10
18483, 10
18484, 11
18485, 13
18486, 12
18487, 6
18488, 7
18489, 9
18490, 10
18491, 13
18492, 12
18493, 12
18494, 12
18495, 14
18496, 19
18497, 12
18498, 16
18499, 14
18500, 14
18501, 7
18502, 15
18503, 9
18504, 22
18505, 15
18506, 11
18507, 7
18508, 8
18509, 10
18510, 10
18511, 8
18512, 7
18513, 11
18514, 12
18515, 13
18516, 9
18517, 11
18518, 13
18519, 6
18520, 11
18521, 14
18522, 17
18523, 16
18524, 6
18525, 11
18526, 11
18527, 8
18528, 6
18529, 15
18530, 6
18531, 16
18532, 11
18533, 12
18534, 17
18535, 12
18536, 7
18537, 11
18538, 15
18539, 13
18540, 9
18541, 12
18542, 10
18543, 16
18544, 14
18545, 10
18546, 11
18547, 12
18548, 8
18549, 9
18550, 13
18551, 16
18552, 14
18553, 10
18554, 16
18555, 13
18556, 11
18557, 11
18558, 16
18559, 9
18560, 14
18561, 7
18562, 12
18563, 13
18564, 21
18565, 6
18566, 11
18567, 21
18568, 9
18569, 9
18570, 9
18571, 12
18572, 16
18573, 12
18574, 17
18575, 10
18576, 13
18577, 6
18578, 9
18579, 13
18580, 9
18581, 9
18582, 17
18583, 10
18584, 19
18585, 10
18586, 12
18587, 12
18588, 15
18589, 9
18590, 13
18591, 12
18592, 13
18593, 11
18594, 9
18595, 6
18596, 8
18597, 8
18598, 11
18599, 13
18600, 9
18601, 10
18602, 14
18603, 16
18604, 14
18605, 11
18606, 11
18607, 14
18608, 5
18609, 9
18610, 10
18611, 13
18612, 12
18613, 15
18614, 12
18615, 16
18616, 16
18617, 12
18618, 14
18619, 11
18620, 13
18621, 9
18622, 19
18623, 16
18624, 11
18625, 11
18626, 14
18627, 7
18628, 10
18629, 10
18630, 16
18631, 10
18632, 14
18633, 12
18634, 14
18635, 14
18636, 5
18637, 11
18638, 11
18639, 8
18640, 12
18641, 15
18642, 8
18643, 12
18644, 14
18645, 10
18646, 11
18647, 8
18648, 12
18649, 13
18650, 11
18651, 12
18652, 7
18653, 11
18654, 7
18655, 9
18656, 19
18657, 10
18658, 18
18659, 12
18660, 15
18661, 13
18662, 11
18663, 8
18664, 6
18665, 8
18666, 10
18667, 17
18668, 13
18669, 10
18670, 8
18671, 12
18672, 14
18673, 9
18674, 13
18675, 14
18676, 13
18677, 13
18678, 20
18679, 13
18680, 21
18681, 20
18682, 14
18683, 11
18684, 8
18685, 15
18686, 15
18687, 8
18688, 12
18689, 22
18690, 15
18691, 18
18692, 19
18693, 10
18694, 13
18695, 20
18696, 17
18697, 17
18698, 14
18699, 15
18700, 11
18701, 13
18702, 19
18703, 12
18704, 17
18705, 13
18706, 12
18707, 13
18708, 16
18709, 21
18710, 16
18711, 15
18712, 12
18713, 16
18714, 11
18715, 22
18716, 14
18717, 5
18718, 11
18719, 17
18720, 24
18721, 7
18722, 19
18723, 15
18724, 21
18725, 13
18726, 15
18727, 18
18728, 11
18729, 14
18730, 13
18731, 17
18732, 9
18733, 14
18734, 8
18735, 11
18736, 11
18737, 11
18738, 16
18739, 8
18740, 13
18741, 20
18742, 16
18743, 18
18744, 10
18745, 9
18746, 20
18747, 14
18748, 12
18749, 17
18750, 10
18751, 6
18752, 16
18753, 17
18754, 13
18755, 10
18756, 16
18757, 5
18758, 8
18759, 18
18760, 15
18761, 4
18762, 18
18763, 11
18764, 13
18765, 5
18766, 10
18767, 15
18768, 15
18769, 6
18770, 10
18771, 16
18772, 19
18773, 18
18774, 10
18775, 21
18776, 13
18777, 13
18778, 17
18779, 13
18780, 6
18781, 17
18782, 19
18783, 8
18784, 14
18785, 12
18786, 11
18787, 21
18788, 12
18789, 17
18790, 17
18791, 20
18792, 12
18793, 14
18794, 12
18795, 8
18796, 10
18797, 10
18798, 11
18799, 10
18800, 16
18801, 20
18802, 12
18803, 17
18804, 17
18805, 11
18806, 13
18807, 11
18808, 17
18809, 13
18810, 6
18811, 15
18812, 15
18813, 14
18814, 13
18815, 15
18816, 14
18817, 10
18818, 10
18819, 8
18820, 16
18821, 12
18822, 11
18823, 16
18824, 19
18825, 17
18826, 19
18827, 6
18828, 12
18829, 8
18830, 8
18831, 11
18832, 17
18833, 17
18834, 15
18835, 13
18836, 3
18837, 17
18838, 20
18839, 13
18840, 14
18841, 18
18842, 19
18843, 13
18844, 12
18845, 16
18846, 11
18847, 16
18848, 13
18849, 13
18850, 16
18851, 13
18852, 19
18853, 9
18854, 18
18855, 9
18856, 12
18857, 22
18858, 19
18859, 7
18860, 12
18861, 19
18862, 20
18863, 11
18864, 16
18865, 16
18866, 10
18867, 11
18868, 17
18869, 8
18870, 18
18871, 23
18872, 15
18873, 12
18874, 11
18875, 10
18876, 16
18877, 13
18878, 16
18879, 15
18880, 15
18881, 13
18882, 18
18883, 20
18884, 15
18885, 12
18886, 14
18887, 20
18888, 16
18889, 22
18890, 16
18891, 18
18892, 18
18893, 12
18894, 18
18895, 15
18896, 17
18897, 13
18898, 19
18899, 23
18900, 14
18901, 22
18902, 11
18903, 24
18904, 10
18905, 13
18906, 18
18907, 13
18908, 14
18909, 14
18910, 7
18911, 10
18912, 13
18913, 23
18914, 19
18915, 23
18916, 15
18917, 13
18918, 10
18919, 22
18920, 18
18921, 16
18922, 21
18923, 17
18924, 20
18925, 22
18926, 9
18927, 20
18928, 14
18929, 13
18930, 11
18931, 16
18932, 20
18933, 18
18934, 19
18935, 13
18936, 14
18937, 15
18938, 16
18939, 16
18940, 11
18941, 12
18942, 9
18943, 16
18944, 21
18945, 18
18946, 21
18947, 22
18948, 12
18949, 17
18950, 18
18951, 14
18952, 13
18953, 14
18954, 22
18955, 18
18956, 18
18957, 13
18958, 18
18959, 20
18960, 19
18961, 12
18962, 12
18963, 14
18964, 11
18965, 14
18966, 15
18967, 12
18968, 22
18969, 20
18970, 13
18971, 16
18972, 25
18973, 11
18974, 14
18975, 13
18976, 16
18977, 12
18978, 8
18979, 10
18980, 18
18981, 13
18982, 16
18983, 22
18984, 19
18985, 15
18986, 21
18987, 17
18988, 11
18989, 16
18990, 21
18991, 11
18992, 14
18993, 12
18994, 22
18995, 13
18996, 21
18997, 17
18998, 13
18999, 15
19000, 11
19001, 15
19002, 10
19003, 22
19004, 4
19005, 8
19006, 19
19007, 19
19008, 19
19009, 18
19010, 9
19011, 22
19012, 11
19013, 11
19014, 14
19015, 12
19016, 17
19017, 13
19018, 19
19019, 19
19020, 13
19021, 7
19022, 10
19023, 16
19024, 13
19025, 12
19026, 13
19027, 18
19028, 20
19029, 19
19030, 14
19031, 19
19032, 14
19033, 19
19034, 17
19035, 22
19036, 11
19037, 14
19038, 14
19039, 16
19040, 14
19041, 22
19042, 11
19043, 18
19044, 15
19045, 24
19046, 19
19047, 17
19048, 23
19049, 27
19050, 21
19051, 10
19052, 24
19053, 18
19054, 16
19055, 22
19056, 16
19057, 14
19058, 17
19059, 18
19060, 17
19061, 14
19062, 15
19063, 17
19064, 17
19065, 16
19066, 12
19067, 20
19068, 15
19069, 16
19070, 11
19071, 23
19072, 16
19073, 19
19074, 14
19075, 13
19076, 23
19077, 13
19078, 14
19079, 13
19080, 21
19081, 20
19082, 15
19083, 24
19084, 19
19085, 12
19086, 12
19087, 13
19088, 15
19089, 13
19090, 21
19091, 14
19092, 20
19093, 16
19094, 20
19095, 22
19096, 17
19097, 11
19098, 23
19099, 18
19100, 18
19101, 20
19102, 14
19103, 15
19104, 20
19105, 29
19106, 15
19107, 22
19108, 17
19109, 18
19110, 17
19111, 17
19112, 15
19113, 19
19114, 21
19115, 14
19116, 24
19117, 18
19118, 16
19119, 20
19120, 15
19121, 16
19122, 14
19123, 18
19124, 19
19125, 22
19126, 14
19127, 18
19128, 14
19129, 21
19130, 13
19131, 17
19132, 23
19133, 18
19134, 15
19135, 20
19136, 18
19137, 22
19138, 20
19139, 21
19140, 17
19141, 17
19142, 15
19143, 24
19144, 12
19145, 19
19146, 13
19147, 24
19148, 23
19149, 14
19150, 23
19151, 15
19152, 25
19153, 24
19154, 18
19155, 17
19156, 18
19157, 20
19158, 15
19159, 17
19160, 14
19161, 17
19162, 12
19163, 9
19164, 22
19165, 16
19166, 12
19167, 13
19168, 24
19169, 15
19170, 18
19171, 15
19172, 12
19173, 13
19174, 20
19175, 16
19176, 23
19177, 17
19178, 21
19179, 17
19180, 20
19181, 26
19182, 15
19183, 16
19184, 20
19185, 13
19186, 18
19187, 20
19188, 20
19189, 21
19190, 16
19191, 13
19192, 17
19193, 22
19194, 15
19195, 10
19196, 10
19197, 13
19198, 21
19199, 22
19200, 16
19201, 13
19202, 20
19203, 15
19204, 21
19205, 17
19206, 18
19207, 15
19208, 18
19209, 19
19210, 13
19211, 21
19212, 15
19213, 13
19214, 15
19215, 20
19216, 15
19217, 30
19218, 21
19219, 13
19220, 15
19221, 28
19222, 20
19223, 16
19224, 17
19225, 16
19226, 24
19227, 20
19228, 27
19229, 15
19230, 16
19231, 17
19232, 14
19233, 16
19234, 20
19235, 18
19236, 18
19237, 16
19238, 18
19239, 19
19240, 19
19241, 22
19242, 17
19243, 13
19244, 18
19245, 12
19246, 16
19247, 14
19248, 19
19249, 20
19250, 13
19251, 21
19252, 12
19253, 17
19254, 22
19255, 24
19256, 19
19257, 14
19258, 17
19259, 17
19260, 15
19261, 16
19262, 15
19263, 16
19264, 15
19265, 22
19266, 22
19267, 17
19268, 24
19269, 15
19270, 13
19271, 12
19272, 16
19273, 20
19274, 20
19275, 19
19276, 18
19277, 17
19278, 12
19279, 21
19280, 23
19281, 15
19282, 21
19283, 18
19284, 25
19285, 15
19286, 18
19287, 30
19288, 17
19289, 20
19290, 16
19291, 22
19292, 10
19293, 15
19294, 22
19295, 15
19296, 19
19297, 13
19298, 21
19299, 21
19300, 19
19301, 19
19302, 25
19303, 15
19304, 21
19305, 23
19306, 24
19307, 21
19308, 20
19309, 21
19310, 24
19311, 13
19312, 19
19313, 11
19314, 20
19315, 19
19316, 18
19317, 22
19318, 21
19319, 17
19320, 14
19321, 17
19322, 20
19323, 23
19324, 17
19325, 17
19326, 19
19327, 14
19328, 24
19329, 18
19330, 15
19331, 18
19332, 26
19333, 16
19334, 17
19335, 10
19336, 22
19337, 23
19338, 17
19339, 25
19340, 18
19341, 16
19342, 18
19343, 19
19344, 26
19345, 15
19346, 13
19347, 10
19348, 13
19349, 14
19350, 8
19351, 20
19352, 20
19353, 20
19354, 18
19355, 16
19356, 26
19357, 9
19358, 17
19359, 20
19360, 16
19361, 29
19362, 19
19363, 19
19364, 26
19365, 21
19366, 12
19367, 16
19368, 13
19369, 25
19370, 22
19371, 24
19372, 19
19373, 21
19374, 23
19375, 23
19376, 16
19377, 14
19378, 12
19379, 18
19380, 30
19381, 19
19382, 25
19383, 22
19384, 21
19385, 14
19386, 19
19387, 29
19388, 19
19389, 21
19390, 12
19391, 22
19392, 27
19393, 23
19394, 19
19395, 29
19396, 25
19397, 22
19398, 18
19399, 22
19400, 14
19401, 16
19402, 19
19403, 30
19404, 25
19405, 13
19406, 26
19407, 16
19408, 24
19409, 16
19410, 22
19411, 20
19412, 26
19413, 17
19414, 22
19415, 16
19416, 18
19417, 13
19418, 19
19419, 15
19420, 12
19421, 16
19422, 17
19423, 22
19424, 26
19425, 21
19426, 31
19427, 17
19428, 18
19429, 21
19430, 17
19431, 17
19432, 19
19433, 12
19434, 12
19435, 20
19436, 21
19437, 15
19438, 18
19439, 14
19440, 17
19441, 13
19442, 19
19443, 24
19444, 15
19445, 23
19446, 19
19447, 17
19448, 15
19449, 14
19450, 14
19451, 16
19452, 13
19453, 18
19454, 23
19455, 26
19456, 24
19457, 24
19458, 27
19459, 17
19460, 16
19461, 22
19462, 24
19463, 19
19464, 14
19465, 24
19466, 21
19467, 22
19468, 16
19469, 12
19470, 18
19471, 29
19472, 18
19473, 28
19474, 22
19475, 16
19476, 19
19477, 22
19478, 12
19479, 12
19480, 13
19481, 21
19482, 16
19483, 16
19484, 25
19485, 17
19486, 19
19487, 28
19488, 17
19489, 16
19490, 18
19491, 18
19492, 13
19493, 13
19494, 20
19495, 28
19496, 16
19497, 21
19498, 16
19499, 22
19500, 23
19501, 20
19502, 18
19503, 9
19504, 18
19505, 20
19506, 24
19507, 13
19508, 22
19509, 24
19510, 13
19511, 17
19512, 20
19513, 21
19514, 13
19515, 30
19516, 19
19517, 16
19518, 16
19519, 14
19520, 11
19521, 20
19522, 20
19523, 23
19524, 24
19525, 21
19526, 21
19527, 16
19528, 16
19529, 18
19530, 13
19531, 18
19532, 17
19533, 24
19534, 19
19535, 23
19536, 26
19537, 17
19538, 18
19539, 15
19540, 18
19541, 35
19542, 22
19543, 16
19544, 18
19545, 27
19546, 28
19547, 15
19548, 24
19549, 20
19550, 20
19551, 23
19552, 16
19553, 26
19554, 21
19555, 23
19556, 26
19557, 19
19558, 19
19559, 23
19560, 14
19561, 19
19562, 25
19563, 16
19564, 16
19565, 19
19566, 27
19567, 20
19568, 19
19569, 18
19570, 21
19571, 19
19572, 22
19573, 23
19574, 26
19575, 25
19576, 26
19577, 26
19578, 22
19579, 18
19580, 22
19581, 17
19582, 27
19583, 18
19584, 22
19585, 19
19586, 24
19587, 15
19588, 15
19589, 19
19590, 27
19591, 20
19592, 18
19593, 23
19594, 15
19595, 12
19596, 16
19597, 26
19598, 23
19599, 27
19600, 21
19601, 21
19602, 13
19603, 22
19604, 23
19605, 17
19606, 27
19607, 22
19608, 10
19609, 13
19610, 18
19611, 20
19612, 19
19613, 21
19614, 23
19615, 34
19616, 27
19617, 20
19618, 25
19619, 14
19620, 21
19621, 24
19622, 17
19623, 19
19624, 23
19625, 11
19626, 8
19627, 22
19628, 20
19629, 23
19630, 12
19631, 27
19632, 14
19633, 23
19634, 21
19635, 21
19636, 10
19637, 21
19638, 24
19639, 20
19640, 26
19641, 17
19642, 26
19643, 26
19644, 24
19645, 22
19646, 17
19647, 17
19648, 28
19649, 16
19650, 32
19651, 26
19652, 21
19653, 18
19654, 25
19655, 22
19656, 28
19657, 17
19658, 16
19659, 21
19660, 18
19661, 27
19662, 15
19663, 10
19664, 24
19665, 19
19666, 20
19667, 30
19668, 21
19669, 25
19670, 24
19671, 18
19672, 22
19673, 19
19674, 23
19675, 18
19676, 16
19677, 12
19678, 24
19679, 18
19680, 26
19681, 23
19682, 18
19683, 15
19684, 22
19685, 21
19686, 16
19687, 16
19688, 10
19689, 22
19690, 15
19691, 16
19692, 13
19693, 21
19694, 20
19695, 15
19696, 25
19697, 19
19698, 16
19699, 21
19700, 22
19701, 18
19702, 22
19703, 22
19704, 18
19705, 18
19706, 13
19707, 30
19708, 20
19709, 17
19710, 10
19711, 28
19712, 23
19713, 29
19714, 23
19715, 18
19716, 18
19717, 16
19718, 29
19719, 21
19720, 24
19721, 12
19722, 27
19723, 21
19724, 19
19725, 22
19726, 29
19727, 8
19728, 17
19729, 29
19730, 20
19731, 25
19732, 21
19733, 22
19734, 21
19735, 20
19736, 28
19737, 24
19738, 20
19739, 14
19740, 17
19741, 26
19742, 18
19743, 18
19744, 24
19745, 14
19746, 16
19747, 22
19748, 16
19749, 20
19750, 19
19751, 25
19752, 16
19753, 20
19754, 17
19755, 18
19756, 26
19757, 17
19758, 27
19759, 16
19760, 22
19761, 19
19762, 10
19763, 21
19764, 16
19765, 10
19766, 29
19767, 19
19768, 27
19769, 16
19770, 15
19771, 17
19772, 19
19773, 15
19774, 28
19775, 14
19776, 19
19777, 13
19778, 27
19779, 14
19780, 18
19781, 18
19782, 32
19783, 19
19784, 22
19785, 25
19786, 22
19787, 20
19788, 16
19789, 20
19790, 14
19791, 20
19792, 18
19793, 15
19794, 24
19795, 21
19796, 22
19797, 22
19798, 19
19799, 18
19800, 25
19801, 19
19802, 24
19803, 21
19804, 20
19805, 18
19806, 21
19807, 14
19808, 17
19809, 19
19810, 24
19811, 20
19812, 17
19813, 23
19814, 16
19815, 27
19816, 27
19817, 19
19818, 27
19819, 17
19820, 14
19821, 23
19822, 18
19823, 19
19824, 29
19825, 19
19826, 23
19827, 22
19828, 24
19829, 14
19830, 19
19831, 29
19832, 21
19833, 18
19834, 27
19835, 16
19836, 24
19837, 23
19838, 21
19839, 19
19840, 20
19841, 17
19842, 18
19843, 10
19844, 25
19845, 19
19846, 13
19847, 14
19848, 19
19849, 18
19850, 16
19851, 26
19852, 21
19853, 21
19854, 20
19855, 12
19856, 12
19857, 20
19858, 15
19859, 17
19860, 22
19861, 18
19862, 21
19863, 24
19864, 25
19865, 20
19866, 25
19867, 15
19868, 20
19869, 22
19870, 13
19871, 19
19872, 16
19873, 16
19874, 17
19875, 23
19876, 25
19877, 8
19878, 16
19879, 9
19880, 17
19881, 15
19882, 21
19883, 15
19884, 15
19885, 17
19886, 20
19887, 16
19888, 14
19889, 33
19890, 17
19891, 21
19892, 21
19893, 13
19894, 19
19895, 21
19896, 21
19897, 17
19898, 23
19899, 24
19900, 21
19901, 25
19902, 26
19903, 9
19904, 21
19905, 25
19906, 18
19907, 16
19908, 20
19909, 15
19910, 19
19911, 30
19912, 21
19913, 23
19914, 19
19915, 20
19916, 20
19917, 18
19918, 23
19919, 17
19920, 18
19921, 20
19922, 19
19923, 22
19924, 17
19925, 24
19926, 18
19927, 17
19928, 10
19929, 16
19930, 20
19931, 20
19932, 16
19933, 18
19934, 21
19935, 14
19936, 16
19937, 17
19938, 24
19939, 25
19940, 22
19941, 11
19942, 19
19943, 16
19944, 13
19945, 17
19946, 13
19947, 17
19948, 14
19949, 22
19950, 12
19951, 35
19952, 20
19953, 13
19954, 22
19955, 16
19956, 20
19957, 13
19958, 19
19959, 27
19960, 16
19961, 19
19962, 19
19963, 21
19964, 21
19965, 13
19966, 23
19967, 18
19968, 20
19969, 20
19970, 24
19971, 25
19972, 27
19973, 17
19974, 19
19975, 21
19976, 20
19977, 15
19978, 21
19979, 14
19980, 8
19981, 16
19982, 22
19983, 33
19984, 27
19985, 20
19986, 30
19987, 18
19988, 22
19989, 27
19990, 26
19991, 32
19992, 22
19993, 23
19994, 25
19995, 14
19996, 19
19997, 17
19998, 24
19999, 20
20000, 22
20001, 28
20002, 28
20003, 23
20004, 17
20005, 12
20006, 28
20007, 23
20008, 15
20009, 16
20010, 14
20011, 17
20012, 25
20013, 21
20014, 20
20015, 17
20016, 19
20017, 17
20018, 18
20019, 18
20020, 20
20021, 23
20022, 13
20023, 18
20024, 18
20025, 16
20026, 15
20027, 28
20028, 26
20029, 15
20030, 19
20031, 18
20032, 15
20033, 21
20034, 12
20035, 23
20036, 22
20037, 17
20038, 21
20039, 18
20040, 21
20041, 11
20042, 19
20043, 17
20044, 30
20045, 15
20046, 20
20047, 17
20048, 19
20049, 17
20050, 14
20051, 10
20052, 18
20053, 21
20054, 14
20055, 16
20056, 27
20057, 16
20058, 19
20059, 11
20060, 14
20061, 24
20062, 18
20063, 9
20064, 20
20065, 18
20066, 26
20067, 32
20068, 21
20069, 20
20070, 30
20071, 17
20072, 18
20073, 15
20074, 16
20075, 21
20076, 15
20077, 22
20078, 26
20079, 22
20080, 21
20081, 21
20082, 24
20083, 24
20084, 19
20085, 15
20086, 22
20087, 21
20088, 17
20089, 15
20090, 19
20091, 20
20092, 24
20093, 19
20094, 23
20095, 18
20096, 25
20097, 16
20098, 18
20099, 17
20100, 20
20101, 18
20102, 18
20103, 22
20104, 21
20105, 14
20106, 17
20107, 17
20108, 21
20109, 24
20110, 21
20111, 19
20112, 20
20113, 11
20114, 14
20115, 26
20116, 16
20117, 17
20118, 19
20119, 14
20120, 15
20121, 16
20122, 16
20123, 20
20124, 18
20125, 8
20126, 22
20127, 20
20128, 16
20129, 18
20130, 25
20131, 18
20132, 17
20133, 15
20134, 15
20135, 19
20136, 17
20137, 17
20138, 15
20139, 18
20140, 19
20141, 14
20142, 16
20143, 25
20144, 21
20145, 19
20146, 17
20147, 16
20148, 24
20149, 18
20150, 17
20151, 14
20152, 21
20153, 14
20154, 17
20155, 24
20156, 24
20157, 22
20158, 21
20159, 24
20160, 17
20161, 25
20162, 13
20163, 10
20164, 19
20165, 18
20166, 10
20167, 10
20168, 20
20169, 14
20170, 24
20171, 21
20172, 28
20173, 15
20174, 23
20175, 13
20176, 20
20177, 13
20178, 18
20179, 17
20180, 20
20181, 19
20182, 25
20183, 18
20184, 19
20185, 20
20186, 22
20187, 9
20188, 14
20189, 21
20190, 15
20191, 22
20192, 21
20193, 15
20194, 18
20195, 13
20196, 25
20197, 10
20198, 22
20199, 26
20200, 27
20201, 15
20202, 10
20203, 16
20204, 13
20205, 19
20206, 18
20207, 25
20208, 22
20209, 20
20210, 18
20211, 17
20212, 22
20213, 15
20214, 18
20215, 16
20216, 21
20217, 12
20218, 29
20219, 21
20220, 21
20221, 20
20222, 17
20223, 16
20224, 15
20225, 27
20226, 13
20227, 26
20228, 10
20229, 29
20230, 21
20231, 22
20232, 17
20233, 17
20234, 16
20235, 21
20236, 25
20237, 17
20238, 10
20239, 24
20240, 15
20241, 10
20242, 17
20243, 15
20244, 10
20245, 20
20246, 28
20247, 14
20248, 19
20249, 18
20250, 18
20251, 19
20252, 21
20253, 20
20254, 16
20255, 21
20256, 17
20257, 29
20258, 18
20259, 22
20260, 17
20261, 19
20262, 21
20263, 17
20264, 19
20265, 16
20266, 25
20267, 27
20268, 17
20269, 14
20270, 20
20271, 12
20272, 17
20273, 14
20274, 19
20275, 28
20276, 18
20277, 15
20278, 13
20279, 10
20280, 19
20281, 21
20282, 20
20283, 20
20284, 17
20285, 20
20286, 11
20287, 21
20288, 16
20289, 24
20290, 25
20291, 21
20292, 12
20293, 18
20294, 20
20295, 17
20296, 26
20297, 15
20298, 24
20299, 26
20300, 17
20301, 17
20302, 15
20303, 11
20304, 19
20305, 16
20306, 20
20307, 20
20308, 16
20309, 13
20310, 17
20311, 17
20312, 17
20313, 15
20314, 23
20315, 19
20316, 16
20317, 17
20318, 17
20319, 15
20320, 10
20321, 24
20322, 26
20323, 18
20324, 24
20325, 15
20326, 20
20327, 16
20328, 21
20329, 23
20330, 16
20331, 23
20332, 23
20333, 14
20334, 19
20335, 18
20336, 14
20337, 21
20338, 18
20339, 20
20340, 23
20341, 12
20342, 21
20343, 17
20344, 23
20345, 15
20346, 15
20347, 11
20348, 19
20349, 13
20350, 24
20351, 15
20352, 19
20353, 13
20354, 19
20355, 15
20356, 24
20357, 14
20358, 22
20359, 18
20360, 18
20361, 22
20362, 18
20363, 17
20364, 20
20365, 23
20366, 16
20367, 16
20368, 19
20369, 13
20370, 16
20371, 20
20372, 14
20373, 15
20374, 19
20375, 11
20376, 19
20377, 18
20378, 13
20379, 9
20380, 16
20381, 20
20382, 16
20383, 23
20384, 9
20385, 16
20386, 21
20387, 16
20388, 13
20389, 13
20390, 21
20391, 19
20392, 21
20393, 12
20394, 20
20395, 15
20396, 21
20397, 19
20398, 17
20399, 13
20400, 22
20401, 14
20402, 24
20403, 19
20404, 18
20405, 15
20406, 21
20407, 22
20408, 29
20409, 21
20410, 13
20411, 19
20412, 18
20413, 21
20414, 24
20415, 15
20416, 22
20417, 14
20418, 13
20419, 21
20420, 25
20421, 15
20422, 23
20423, 14
20424, 19
20425, 21
20426, 20
20427, 21
20428, 17
20429, 17
20430, 20
20431, 15
20432, 13
20433, 25
20434, 21
20435, 12
20436, 13
20437, 16
20438, 19
20439, 18
20440, 22
20441, 19
20442, 22
20443, 12
20444, 21
20445, 15
20446, 12
20447, 17
20448, 20
20449, 15
20450, 20
20451, 18
20452, 22
20453, 16
20454, 14
20455, 15
20456, 12
20457, 17
20458, 16
20459, 24
20460, 10
20461, 17
20462, 22
20463, 17
20464, 22
20465, 19
20466, 31
20467, 13
20468, 20
20469, 16
20470, 17
20471, 14
20472, 13
20473, 14
20474, 17
20475, 19
20476, 13
20477, 18
20478, 18
20479, 15
20480, 19
20481, 21
20482, 17
20483, 18
20484, 17
20485, 17
20486, 21
20487, 13
20488, 9
20489, 21
20490, 12
20491, 23
20492, 14
20493, 15
20494, 23
20495, 15
20496, 14
20497, 24
20498, 22
20499, 24
20500, 23
20501, 13
20502, 25
20503, 16
20504, 15
20505, 14
20506, 20
20507, 17
20508, 18
20509, 16
20510, 29
20511, 13
20512, 19
20513, 15
20514, 26
20515, 20
20516, 20
20517, 18
20518, 22
20519, 11
20520, 20
20521, 14
20522, 17
20523, 20
20524, 22
20525, 14
20526, 17
20527, 18
20528, 23
20529, 15
20530, 15
20531, 12
20532, 19
20533, 20
20534, 13
20535, 27
20536, 18
20537, 16
20538, 15
20539, 14
20540, 13
20541, 14
20542, 19
20543, 14
20544, 20
20545, 11
20546, 23
20547, 19
20548, 17
20549, 19
20550, 14
20551, 17
20552, 23
20553, 13
20554, 15
20555, 21
20556, 16
20557, 17
20558, 20
20559, 19
20560, 19
20561, 20
20562, 13
20563, 15
20564, 19
20565, 16
20566, 16
20567, 14
20568, 14
20569, 17
20570, 19
20571, 11
20572, 21
20573, 18
20574, 11
20575, 13
20576, 20
20577, 15
20578, 8
20579, 17
20580, 20
20581, 18
20582, 29
20583, 18
20584, 18
20585, 24
20586, 20
20587, 14
20588, 23
20589, 15
20590, 22
20591, 12
20592, 26
20593, 18
20594, 30
20595, 20
20596, 21
20597, 23
20598, 19
20599, 16
20600, 15
20601, 23
20602, 23
20603, 11
20604, 21
20605, 13
20606, 21
20607, 17
20608, 24
20609, 13
20610, 13
20611, 13
20612, 25
20613, 19
20614, 15
20615, 13
20616, 22
20617, 16
20618, 23
20619, 17
20620, 16
20621, 20
20622, 23
20623, 23
20624, 10
20625, 13
20626, 22
20627, 13
20628, 13
20629, 20
20630, 16
20631, 16
20632, 17
20633, 14
20634, 14
20635, 17
20636, 19
20637, 10
20638, 10
20639, 11
20640, 14
20641, 19
20642, 20
20643, 14
20644, 16
20645, 14
20646, 13
20647, 21
20648, 22
20649, 15
20650, 15
20651, 23
20652, 14
20653, 20
20654, 18
20655, 15
20656, 19
20657, 19
20658, 18
20659, 15
20660, 22
20661, 12
20662, 20
20663, 14
20664, 12
20665, 20
20666, 26
20667, 27
20668, 22
20669, 22
20670, 16
20671, 18
20672, 24
20673, 28
20674, 23
20675, 22
20676, 19
20677, 34
20678, 13
20679, 18
20680, 15
20681, 18
20682, 16
20683, 15
20684, 22
20685, 21
20686, 16
20687, 22
20688, 7
20689, 17
20690, 24
20691, 21
20692, 11
20693, 25
20694, 18
20695, 17
20696, 19
20697, 23
20698, 20
20699, 18
20700, 19
20701, 18
20702, 22
20703, 20
20704, 18
20705, 16
20706, 30
20707, 9
20708, 21
20709, 23
20710, 17
20711, 19
20712, 19
20713, 13
20714, 9
20715, 15
20716, 8
20717, 14
20718, 17
20719, 25
20720, 15
20721, 16
20722, 22
20723, 19
20724, 17
20725, 19
20726, 16
20727, 12
20728, 21
20729, 18
20730, 22
20731, 16
20732, 19
20733, 20
20734, 16
20735, 10
20736, 17
20737, 19
20738, 19
20739, 24
20740, 21
20741, 15
20742, 18
20743, 16
20744, 11
20745, 22
20746, 12
20747, 12
20748, 16
20749, 22
20750, 30
20751, 20
20752, 24
20753, 18
20754, 19
20755, 20
20756, 19
20757, 13
20758, 18
20759, 23
20760, 12
20761, 22
20762, 19
20763, 15
20764, 17
20765, 19
20766, 24
20767, 16
20768, 11
20769, 18
20770, 19
20771, 17
20772, 18
20773, 17
20774, 9
20775, 18
20776, 21
20777, 22
20778, 24
20779, 23
20780, 23
20781, 16
20782, 15
20783, 30
20784, 16
20785, 18
20786, 22
20787, 21
20788, 22
20789, 17
20790, 14
20791, 14
20792, 16
20793, 26
20794, 22
20795, 17
20796, 21
20797, 15
20798, 15
20799, 21
20800, 16
20801, 20
20802, 15
20803, 16
20804, 12
20805, 16
20806, 19
20807, 16
20808, 18
20809, 15
20810, 9
20811, 22
20812, 21
20813, 23
20814, 18
20815, 25
20816, 13
20817, 19
20818, 13
20819, 19
20820, 14
20821, 17
20822, 23
20823, 17
20824, 24
20825, 14
20826, 22
20827, 16
20828, 21
20829, 16
20830, 17
20831, 16
20832, 20
20833, 16
20834, 17
20835, 20
20836, 15
20837, 19
20838, 20
20839, 19
20840, 24
20841, 27
20842, 15
20843, 18
20844, 25
20845, 16
20846, 14
20847, 17
20848, 14
20849, 17
20850, 9
20851, 15
20852, 23
20853, 17
20854, 7
20855, 24
20856, 24
20857, 13
20858, 26
20859, 16
20860, 14
20861, 12
20862, 17
20863, 14
20864, 23
20865, 16
20866, 19
20867, 25
20868, 20
20869, 18
20870, 18
20871, 10
20872, 19
20873, 18
20874, 16
20875, 20
20876, 24
20877, 17
20878, 20
20879, 19
20880, 17
20881, 19
20882, 25
20883, 22
20884, 21
20885, 11
20886, 11
20887, 10
20888, 18
20889, 12
20890, 16
20891, 22
20892, 14
20893, 25
20894, 13
20895, 12
20896, 17
20897, 12
20898, 13
20899, 17
20900, 23
20901, 19
20902, 26
20903, 17
20904, 18
20905, 17
20906, 16
20907, 18
20908, 19
20909, 13
20910, 22
20911, 17
20912, 14
20913, 18
20914, 17
20915, 22
20916, 20
20917, 7
20918, 25
20919, 21
20920, 21
20921, 16
20922, 15
20923, 22
20924, 13
20925, 12
20926, 21
20927, 22
20928, 16
20929, 18
20930, 21
20931, 19
20932, 15
20933, 10
20934, 22
20935, 14
20936, 34
20937, 11
20938, 18
20939, 19
20940, 17
20941, 18
20942, 16
20943, 22
20944, 13
20945, 18
20946, 22
20947, 14
20948, 17
20949, 13
20950, 19
20951, 22
20952, 12
20953, 17
20954, 16
20955, 9
20956, 18
20957, 14
20958, 17
20959, 32
20960, 17
20961, 13
20962, 11
20963, 19
20964, 15
20965, 17
20966, 22
20967, 21
20968, 20
20969, 11
20970, 14
20971, 18
20972, 21
20973, 12
20974, 14
20975, 18
20976, 15
20977, 13
20978, 16
20979, 18
20980, 20
20981, 17
20982, 21
20983, 20
20984, 16
20985, 14
20986, 16
20987, 12
20988, 23
20989, 11
20990, 15
20991, 20
20992, 17
20993, 11
20994, 13
20995, 18
20996, 22
20997, 16
20998, 13
20999, 14
21000, 12
21001, 18
21002, 22
21003, 19
21004, 14
21005, 23
21006, 21
21007, 23
21008, 11
21009, 17
21010, 17
21011, 26
21012, 22
21013, 20
21014, 14
21015, 25
21016, 15
21017, 17
21018, 20
21019, 25
21020, 14
21021, 22
21022, 14
21023, 18
21024, 8
21025, 10
21026, 22
21027, 19
21028, 14
21029, 14
21030, 13
21031, 16
21032, 16
21033, 15
21034, 15
21035, 15
21036, 14
21037, 16
21038, 15
21039, 20
21040, 22
21041, 14
21042, 17
21043, 20
21044, 12
21045, 15
21046, 19
21047, 15
21048, 22
21049, 21
21050, 16
21051, 17
21052, 13
21053, 23
21054, 22
21055, 21
21056, 20
21057, 14
21058, 25
21059, 10
21060, 16
21061, 15
21062, 15
21063, 17
21064, 18
21065, 17
21066, 10
21067, 19
21068, 14
21069, 14
21070, 14
21071, 15
21072, 14
21073, 15
21074, 23
21075, 12
21076, 12
21077, 11
21078, 18
21079, 17
21080, 16
21081, 18
21082, 14
21083, 19
21084, 17
21085, 17
21086, 18
21087, 22
21088, 14
21089, 16
21090, 17
21091, 17
21092, 17
21093, 17
21094, 11
21095, 17
21096, 24
21097, 18
21098, 16
21099, 16
21100, 21
21101, 11
21102, 12
21103, 24
21104, 18
21105, 15
21106, 12
21107, 10
21108, 17
21109, 17
21110, 22
21111, 26
21112, 16
21113, 13
21114, 18
21115, 14
21116, 15
21117, 17
21118, 14
21119, 21
21120, 14
21121, 24
21122, 17
21123, 19
21124, 16
21125, 15
21126, 15
21127, 17
21128, 12
21129, 22
21130, 11
21131, 15
21132, 19
21133, 15
21134, 11
21135, 21
21136, 15
21137, 13
21138, 15
21139, 18
21140, 20
21141, 19
21142, 16
21143, 10
21144, 18
21145, 17
21146, 24
21147, 8
21148, 5
21149, 20
21150, 22
21151, 24
21152, 14
21153, 12
21154, 17
21155, 19
21156, 16
21157, 8
21158, 8
21159, 16
21160, 14
21161, 14
21162, 12
21163, 18
21164, 13
21165, 20
21166, 16
21167, 18
21168, 11
21169, 18
21170, 14
21171, 15
21172, 10
21173, 11
21174, 17
21175, 13
21176, 14
21177, 14
21178, 13
21179, 12
21180, 13
21181, 23
21182, 15
21183, 13
21184, 22
21185, 14
21186, 14
21187, 16
21188, 14
21189, 16
21190, 18
21191, 16
21192, 17
21193, 20
21194, 24
21195, 15
21196, 17
21197, 17
21198, 20
21199, 18
21200, 13
21201, 19
21202, 18
21203, 10
21204, 13
21205, 13
21206, 14
21207, 18
21208, 13
21209, 20
21210, 11
21211, 14
21212, 23
21213, 6
21214, 18
21215, 12
21216, 18
21217, 16
21218, 12
21219, 15
21220, 12
21221, 20
21222, 13
21223, 7
21224, 14
21225, 15
21226, 16
21227, 15
21228, 17
21229, 17
21230, 24
21231, 16
21232, 12
21233, 16
21234, 19
21235, 19
21236, 17
21237, 14
21238, 17
21239, 10
21240, 17
21241, 18
21242, 15
21243, 15
21244, 19
21245, 16
21246, 10
21247, 19
21248, 17
21249, 14
21250, 16
21251, 10
21252, 17
21253, 14
21254, 10
21255, 8
21256, 17
21257, 14
21258, 14
21259, 17
21260, 13
21261, 16
21262, 10
21263, 15
21264, 15
21265, 16
21266, 19
21267, 16
21268, 17
21269, 13
21270, 10
21271, 19
21272, 13
21273, 15
21274, 20
21275, 16
21276, 16
21277, 14
21278, 13
21279, 18
21280, 19
21281, 11
21282, 16
21283, 15
21284, 16
21285, 21
21286, 18
21287, 15
21288, 12
21289, 14
21290, 15
21291, 12
21292, 12
21293, 17
21294, 8
21295, 16
21296, 19
21297, 13
21298, 9
21299, 12
21300, 14
21301, 17
21302, 16
21303, 16
21304, 8
21305, 10
21306, 19
21307, 24
21308, 9
21309, 16
21310, 14
21311, 12
21312, 12
21313, 20
21314, 11
21315, 19
21316, 7
21317, 15
21318, 12
21319, 16
21320, 17
21321, 8
21322, 8
21323, 5
21324, 23
21325, 14
21326, 18
21327, 15
21328, 18
21329, 12
21330, 21
21331, 13
21332, 14
21333, 12
21334, 12
21335, 13
21336, 15
21337, 20
21338, 19
21339, 13
21340, 11
21341, 18
21342, 8
21343, 19
21344, 22
21345, 15
21346, 7
21347, 15
21348, 11
21349, 25
21350, 19
21351, 23
21352, 12
21353, 13
21354, 18
21355, 20
21356, 14
21357, 20
21358, 15
21359, 12
21360, 11
21361, 16
21362, 19
21363, 13
21364, 22
21365, 15
21366, 16
21367, 15
21368, 15
21369, 16
21370, 19
21371, 23
21372, 11
21373, 15
21374, 25
21375, 17
21376, 13
21377, 12
21378, 18
21379, 18
21380, 12
21381, 22
21382, 13
21383, 7
21384, 11
21385, 16
21386, 19
21387, 19
21388, 15
21389, 13
21390, 11
21391, 18
21392, 22
21393, 17
21394, 13
21395, 16
21396, 14
21397, 13
21398, 13
21399, 16
21400, 12
21401, 12
21402, 12
21403, 10
21404, 13
21405, 8
21406, 18
21407, 14
21408, 9
21409, 13
21410, 5
21411, 16
21412, 17
21413, 15
21414, 19
21415, 16
21416, 12
21417, 16
21418, 9
21419, 8
21420, 7
21421, 14
21422, 9
21423, 19
21424, 18
21425, 9
21426, 8
21427, 12
21428, 15
21429, 18
21430, 13
21431, 5
21432, 13
21433, 14
21434, 29
21435, 13
21436, 25
21437, 12
21438, 16
21439, 19
21440, 25
21441, 9
21442, 17
21443, 10
21444, 13
21445, 18
21446, 10
21447, 13
21448, 11
21449, 16
21450, 18
21451, 17
21452, 9
21453, 17
21454, 9
21455, 22
21456, 12
21457, 15
21458, 9
21459, 11
21460, 11
21461, 16
21462, 20
21463, 13
21464, 19
21465, 11
21466, 18
21467, 15
21468, 18
21469, 19
21470, 18
21471, 20
21472, 15
21473, 14
21474, 12
21475, 10
21476, 14
21477, 17
21478, 16
21479, 13
21480, 13
21481, 10
21482, 11
21483, 19
21484, 13
21485, 8
21486, 13
21487, 8
21488, 13
21489, 9
21490, 15
21491, 15
21492, 13
21493, 9
21494, 15
21495, 14
21496, 19
21497, 15
21498, 21
21499, 13
21500, 14
21501, 12
21502, 18
21503, 12
21504, 17
21505, 14
21506, 14
21507, 10
21508, 19
21509, 19
21510, 12
21511, 14
21512, 17
21513, 15
21514, 19
21515, 14
21516, 15
21517, 13
21518, 7
21519, 10
21520, 15
21521, 15
21522, 12
21523, 15
21524, 15
21525, 11
21526, 15
21527, 13
21528, 13
21529, 13
21530, 9
21531, 10
21532, 12
21533, 10
21534, 8
21535, 16
21536, 10
21537, 21
21538, 15
21539, 22
21540, 12
21541, 19
21542, 15
21543, 7
21544, 10
21545, 15
21546, 15
21547, 10
21548, 17
21549, 21
21550, 10
21551, 21
21552, 14
21553, 14
21554, 11
21555, 8
21556, 19
21557, 10
21558, 15
21559, 17
21560, 14
21561, 18
21562, 13
21563, 7
21564, 19
21565, 10
21566, 15
21567, 20
21568, 15
21569, 5
21570, 15
21571, 10
21572, 16
21573, 14
21574, 18
21575, 12
21576, 12
21577, 14
21578, 10
21579, 8
21580, 13
21581, 9
21582, 13
21583, 16
21584, 10
21585, 12
21586, 19
21587, 13
21588, 19
21589, 13
21590, 10
21591, 19
21592, 12
21593, 13
21594, 16
21595, 17
21596, 14
21597, 16
21598, 11
21599, 15
21600, 16
21601, 9
21602, 17
21603, 11
21604, 9
21605, 14
21606, 15
21607, 17
21608, 9
21609, 9
21610, 18
21611, 18
21612, 13
21613, 17
21614, 13
21615, 12
21616, 12
21617, 12
21618, 14
21619, 16
21620, 22
21621, 7
21622, 19
21623, 20
21624, 13
21625, 12
21626, 17
21627, 15
21628, 9
21629, 13
21630, 16
21631, 11
21632, 10
21633, 13
21634, 15
21635, 10
21636, 19
21637, 11
21638, 12
21639, 12
21640, 5
21641, 16
21642, 14
21643, 14
21644, 15
21645, 11
21646, 13
21647, 17
21648, 8
21649, 5
21650, 15
21651, 8
21652, 8
21653, 12
21654, 12
21655, 9
21656, 16
21657, 10
21658, 16
21659, 10
21660, 7
21661, 12
21662, 8
21663, 18
21664, 8
21665, 14
21666, 15
21667, 12
21668, 10
21669, 14
21670, 10
21671, 13
21672, 17
21673, 19
21674, 9
21675, 8
21676, 7
21677, 6
21678, 17
21679, 13
21680, 10
21681, 12
21682, 8
21683, 7
21684, 19
21685, 13
21686, 19
21687, 14
21688, 12
21689, 12
21690, 9
21691, 11
21692, 12
21693, 21
21694, 15
21695, 12
21696, 9
21697, 21
21698, 12
21699, 13
21700, 8
21701, 13
21702, 13
21703, 10
21704, 11
21705, 14
21706, 11
21707, 13
21708, 13
21709, 11
21710, 20
21711, 18
21712, 18
21713, 9
21714, 10
21715, 18
21716, 9
21717, 8
21718, 13
21719, 17
21720, 16
21721, 12
21722, 15
21723, 14
21724, 7
21725, 16
21726, 10
21727, 13
21728, 14
21729, 19
21730, 11
21731, 9
21732, 20
21733, 16
21734, 6
21735, 7
21736, 13
21737, 16
21738, 17
21739, 16
21740, 15
21741, 14
21742, 9
21743, 12
21744, 13
21745, 15
21746, 9
21747, 12
21748, 10
21749, 7
21750, 10
21751, 12
21752, 12
21753, 13
21754, 12
21755, 9
21756, 18
21757, 11
21758, 13
21759, 13
21760, 9
21761, 12
21762, 7
21763, 6
21764, 10
21765, 12
21766, 17
21767, 15
21768, 11
21769, 21
21770, 16
21771, 13
21772, 11
21773, 10
21774, 13
21775, 8
21776, 14
21777, 11
21778, 7
21779, 14
21780, 11
21781, 13
21782, 14
21783, 18
21784, 18
21785, 5
21786, 14
21787, 6
21788, 15
21789, 8
21790, 12
21791, 9
21792, 14
21793, 13
21794, 11
21795, 18
21796, 14
21797, 16
21798, 9
21799, 8
21800, 18
21801, 8
21802, 11
21803, 12
21804, 11
21805, 14
21806, 9
21807, 14
21808, 13
21809, 11
21810, 12
21811, 9
21812, 15
21813, 13
21814, 18
21815, 9
21816, 11
21817, 8
21818, 15
21819, 11
21820, 10
21821, 11
21822, 12
21823, 12
21824, 24
21825, 10
21826, 9
21827, 9
21828, 12
21829, 8
21830, 7
21831, 8
21832, 8
21833, 12
21834, 10
21835, 18
21836, 13
21837, 9
21838, 13
21839, 18
21840, 15
21841, 4
21842, 15
21843, 16
21844, 10
21845, 10
21846, 7
21847, 17
21848, 6
21849, 13
21850, 18
21851, 13
21852, 15
21853, 7
21854, 15
21855, 8
21856, 14
21857, 11
21858, 9
21859, 15
21860, 13
21861, 18
21862, 7
21863, 15
21864, 14
21865, 18
21866, 9
21867, 19
21868, 12
21869, 10
21870, 15
21871, 12
21872, 10
21873, 11
21874, 14
21875, 14
21876, 15
21877, 13
21878, 13
21879, 13
21880, 7
21881, 12
21882, 13
21883, 15
21884, 13
21885, 14
21886, 12
21887, 8
21888, 13
21889, 11
21890, 15
21891, 13
21892, 13
21893, 14
21894, 12
21895, 12
21896, 15
21897, 9
21898, 11
21899, 10
21900, 16
21901, 15
21902, 10
21903, 12
21904, 12
21905, 9
21906, 7
21907, 6
21908, 9
21909, 8
21910, 8
21911, 12
21912, 15
21913, 9
21914, 13
21915, 11
21916, 9
21917, 10
21918, 15
21919, 11
21920, 20
21921, 7
21922, 18
21923, 8
21924, 14
21925, 9
21926, 10
21927, 15
21928, 12
21929, 11
21930, 13
21931, 11
21932, 10
21933, 17
21934, 8
21935, 7
21936, 12
21937, 13
21938, 4
21939, 13
21940, 13
21941, 10
21942, 9
21943, 8
21944, 12
21945, 12
21946, 12
21947, 10
21948, 11
21949, 17
21950, 9
21951, 8
21952, 13
21953, 8
21954, 7
21955, 14
21956, 7
21957, 9
21958, 15
21959, 8
21960, 16
21961, 13
21962, 9
21963, 11
21964, 13
21965, 10
21966, 18
21967, 11
21968, 12
21969, 13
21970, 17
21971, 15
21972, 7
21973, 14
21974, 16
21975, 13
21976, 7
21977, 9
21978, 8
21979, 12
21980, 18
21981, 11
21982, 11
21983, 8
21984, 10
21985, 15
21986, 10
21987, 12
21988, 7
21989, 10
21990, 16
21991, 13
21992, 10
21993, 10
21994, 15
21995, 6
21996, 13
21997, 8
21998, 12
21999, 15
22000, 9
22001, 8
22002, 4
22003, 11
22004, 8
22005, 8
22006, 12
22007, 13
22008, 14
22009, 17
22010, 8
22011, 14
22012, 6
22013, 12
22014, 13
22015, 12
22016, 9
22017, 12
22018, 7
22019, 10
22020, 12
22021, 7
22022, 12
22023, 15
22024, 12
22025, 8
22026, 17
22027, 8
22028, 24
22029, 7
22030, 12
22031, 5
22032, 7
22033, 15
22034, 20
22035, 16
22036, 11
22037, 9
22038, 8
22039, 10
22040, 10
22041, 12
22042, 12
22043, 9
22044, 10
22045, 9
22046, 9
22047, 16
22048, 10
22049, 11
22050, 10
22051, 13
22052, 11
22053, 18
22054, 7
22055, 18
22056, 14
22057, 13
22058, 11
22059, 12
22060, 7
22061, 11
22062, 12
22063, 11
22064, 10
22065, 11
22066, 14
22067, 6
22068, 13
22069, 14
22070, 17
22071, 12
22072, 15
22073, 10
22074, 7
22075, 17
22076, 13
22077, 9
22078, 14
22079, 8
22080, 9
22081, 4
22082, 14
22083, 10
22084, 9
22085, 10
22086, 11
22087, 6
22088, 8
22089, 8
22090, 9
22091, 11
22092, 12
22093, 11
22094, 5
22095, 5
22096, 8
22097, 13
22098, 6
22099, 8
22100, 9
22101, 12
22102, 10
22103, 9
22104, 8
22105, 7
22106, 10
22107, 11
22108, 11
22109, 8
22110, 7
22111, 13
22112, 15
22113, 14
22114, 8
22115, 9
22116, 11
22117, 19
22118, 11
22119, 12
22120, 13
22121, 10
22122, 15
22123, 8
22124, 16
22125, 12
22126, 12
22127, 5
22128, 8
22129, 12
22130, 8
22131, 17
22132, 14
22133, 8
22134, 13
22135, 10
22136, 13
22137, 12
22138, 7
22139, 17
22140, 11
22141, 11
22142, 10
22143, 13
22144, 5
22145, 13
22146, 11
22147, 10
22148, 11
22149, 10
22150, 8
22151, 14
22152, 16
22153, 13
22154, 16
22155, 15
22156, 13
22157, 12
22158, 14
22159, 7
22160, 12
22161, 13
22162, 12
22163, 10
22164, 17
22165, 12
22166, 9
22167, 8
22168, 7
22169, 9
22170, 10
22171, 11
22172, 10
22173, 9
22174, 7
22175, 14
22176, 14
22177, 8
22178, 6
22179, 15
22180, 13
22181, 16
22182, 10
22183, 8
22184, 9
22185, 12
22186, 11
22187, 13
22188, 10
22189, 6
22190, 13
22191, 8
22192, 16
22193, 15
22194, 10
22195, 8
22196, 12
22197, 10
22198, 15
22199, 11
22200, 11
22201, 5
22202, 9
22203, 9
22204, 10
22205, 14
22206, 8
22207, 19
22208, 8
22209, 9
22210, 7
22211, 14
22212, 14
22213, 6
22214, 9
22215, 4
22216, 12
22217, 7
22218, 5
22219, 11
22220, 10
22221, 13
22222, 10
22223, 21
22224, 12
22225, 12
22226, 10
22227, 6
22228, 10
22229, 8
22230, 9
22231, 10
22232, 11
22233, 12
22234, 4
22235, 16
22236, 11
22237, 8
22238, 6
22239, 8
22240, 14
22241, 10
22242, 14
22243, 13
22244, 7
22245, 11
22246, 11
22247, 7
22248, 9
22249, 10
22250, 7
22251, 14
22252, 9
22253, 8
22254, 9
22255, 6
22256, 12
22257, 9
22258, 14
22259, 5
22260, 10
22261, 10
22262, 5
22263, 5
22264, 12
22265, 10
22266, 9
22267, 9
22268, 7
22269, 15
22270, 8
22271, 14
22272, 13
22273, 7
22274, 13
22275, 13
22276, 5
22277, 12
22278, 11
22279, 8
22280, 11
22281, 14
22282, 9
22283, 11
22284, 8
22285, 9
22286, 7
22287, 12
22288, 14
22289, 11
22290, 14
22291, 11
22292, 1
22293, 15
22294, 17
22295, 10
22296, 11
22297, 16
22298, 7
22299, 9
22300, 7
22301, 11
22302, 11
22303, 13
22304, 11
22305, 15
22306, 10
22307, 13
22308, 11
22309, 12
22310, 13
22311, 14
22312, 8
22313, 12
22314, 11
22315, 9
22316, 10
22317, 4
22318, 11
22319, 8
22320, 18
22321, 7
22322, 10
22323, 9
22324, 8
22325, 13
22326, 9
22327, 15
22328, 13
22329, 9
22330, 13
22331, 7
22332, 9
22333, 11
22334, 8
22335, 12
22336, 7
22337, 6
22338, 9
22339, 10
22340, 7
22341, 10
22342, 11
22343, 12
22344, 3
22345, 7
22346, 13
22347, 8
22348, 12
22349, 11
22350, 17
22351, 6
22352, 12
22353, 7
22354, 7
22355, 13
22356, 10
22357, 12
22358, 10
22359, 6
22360, 9
22361, 9
22362, 10
22363, 9
22364, 9
22365, 6
22366, 9
22367, 10
22368, 10
22369, 13
22370, 12
22371, 11
22372, 10
22373, 13
22374, 8
22375, 7
22376, 11
22377, 14
22378, 12
22379, 17
22380, 13
22381, 11
22382, 12
22383, 9
22384, 7
22385, 11
22386, 9
22387, 11
22388, 9
22389, 6
22390, 16
22391, 8
22392, 5
22393, 9
22394, 13
22395, 12
22396, 6
22397, 6
22398, 7
22399, 13
22400, 5
22401, 7
22402, 10
22403, 15
22404, 8
22405, 12
22406, 10
22407, 12
22408, 9
22409, 10
22410, 7
22411, 15
22412, 15
22413, 10
22414, 10
22415, 11
22416, 22
22417, 7
22418, 7
22419, 5
22420, 9
22421, 15
22422, 8
22423, 15
22424, 8
22425, 14
22426, 7
22427, 10
22428, 7
22429, 10
22430, 9
22431, 10
22432, 6
22433, 15
22434, 8
22435, 7
22436, 7
22437, 17
22438, 10
22439, 4
22440, 14
22441, 9
22442, 15
22443, 13
22444, 8
22445, 10
22446, 3
22447, 3
22448, 9
22449, 14
22450, 8
22451, 11
22452, 11
22453, 19
22454, 10
22455, 9
22456, 12
22457, 11
22458, 12
22459, 11
22460, 12
22461, 9
22462, 10
22463, 13
22464, 14
22465, 13
22466, 11
22467, 12
22468, 10
22469, 10
22470, 7
22471, 5
22472, 8
22473, 10
22474, 9
22475, 6
22476, 7
22477, 6
22478, 8
22479, 17
22480, 7
22481, 8
22482, 9
22483, 4
22484, 10
22485, 3
22486, 6
22487, 13
22488, 14
22489, 8
22490, 8
22491, 9
22492, 6
22493, 7
22494, 6
22495, 8
22496, 10
22497, 8
22498, 9
22499, 6
22500, 6
22501, 7
22502, 15
22503, 13
22504, 6
22505, 12
22506, 12
22507, 8
22508, 18
22509, 6
22510, 11
22511, 10
22512, 10
22513, 10
22514, 10
22515, 6
22516, 11
22517, 12
22518, 13
22519, 14
22520, 11
22521, 10
22522, 13
22523, 18
22524, 7
22525, 3
22526, 15
22527, 14
22528, 10
22529, 7
22530, 7
22531, 12
22532, 3
22533, 11
22534, 12
22535, 12
22536, 11
22537, 10
22538, 8
22539, 16
22540, 8
22541, 12
22542, 16
22543, 13
22544, 6
22545, 12
22546, 6
22547, 11
22548, 12
22549, 13
22550, 17
22551, 13
22552, 11
22553, 13
22554, 17
22555, 9
22556, 9
22557, 11
22558, 12
22559, 10
22560, 13
22561, 8
22562, 9
22563, 14
22564, 11
22565, 11
22566, 11
22567, 7
22568, 9
22569, 11
22570, 10
22571, 7
22572, 9
22573, 13
22574, 8
22575, 9
22576, 10
22577, 13
22578, 12
22579, 7
22580, 7
22581, 12
22582, 10
22583, 6
22584, 6
22585, 10
22586, 5
22587, 7
22588, 11
22589, 9
22590, 11
22591, 11
22592, 8
22593, 4
22594, 7
22595, 5
22596, 19
22597, 9
22598, 7
22599, 13
22600, 4
22601, 7
22602, 12
22603, 13
22604, 10
22605, 6
22606, 10
22607, 8
22608, 7
22609, 10
22610, 10
22611, 8
22612, 11
22613, 10
22614, 12
22615, 5
22616, 8
22617, 11
22618, 7
22619, 9
22620, 12
22621, 9
22622, 7
22623, 13
22624, 10
22625, 9
22626, 6
22627, 9
22628, 10
22629, 5
22630, 9
22631, 13
22632, 8
22633, 14
22634, 5
22635, 10
22636, 6
22637, 6
22638, 7
22639, 11
22640, 4
22641, 7
22642, 12
22643, 7
22644, 9
22645, 11
22646, 8
22647, 7
22648, 9
22649, 12
22650, 12
22651, 6
22652, 7
22653, 8
22654, 13
22655, 8
22656, 9
22657, 6
22658, 11
22659, 15
22660, 10
22661, 6
22662, 7
22663, 11
22664, 16
22665, 7
22666, 8
22667, 7
22668, 9
22669, 11
22670, 7
22671, 8
22672, 4
22673, 8
22674, 10
22675, 9
22676, 10
22677, 4
22678, 12
22679, 8
22680, 5
22681, 5
22682, 12
22683, 7
22684, 9
22685, 8
22686, 4
22687, 3
22688, 9
22689, 8
22690, 6
22691, 6
22692, 16
22693, 10
22694, 12
22695, 7
22696, 6
22697, 12
22698, 9
22699, 7
22700, 12
22701, 9
22702, 7
22703, 8
22704, 4
22705, 9
22706, 9
22707, 8
22708, 5
22709, 10
22710, 4
22711, 11
22712, 11
22713, 8
22714, 5
22715, 9
22716, 8
22717, 18
22718, 14
22719, 8
22720, 6
22721, 4
22722, 12
22723, 9
22724, 8
22725, 9
22726, 4
22727, 10
22728, 10
22729, 3
22730, 6
22731, 12
22732, 7
22733, 14
22734, 6
22735, 8
22736, 9
22737, 12
22738, 7
22739, 9
22740, 12
22741, 7
22742, 5
22743, 4
22744, 11
22745, 4
22746, 9
22747, 7
22748, 7
22749, 5
22750, 8
22751, 5
22752, 7
22753, 11
22754, 7
22755, 10
22756, 7
22757, 7
22758, 9
22759, 9
22760, 4
22761, 5
22762, 10
22763, 5
22764, 2
22765, 6
22766, 6
22767, 9
22768, 10
22769, 5
22770, 5
22771, 6
22772, 1
22773, 6
22774, 4
22775, 6
22776, 9
22777, 7
22778, 5
22779, 8
22780, 4
22781, 4
22782, 7
22783, 5
22784, 10
22785, 11
22786, 9
22787, 10
22788, 3
22789, 5
22790, 11
22791, 6
22792, 7
22793, 2
22794, 8
22795, 13
22796, 10
22797, 12
22798, 3
22799, 9
22800, 5
22801, 10
22802, 6
22803, 10
22804, 7
22805, 8
22806, 10
22807, 11
22808, 13
22809, 11
22810, 1
22811, 5
22812, 8
22813, 9
22814, 7
22815, 14
22816, 11
22817, 5
22818, 7
22819, 8
22820, 7
22821, 6
22822, 7
22823, 9
22824, 7
22825, 6
22826, 9
22827, 4
22828, 7
22829, 9
22830, 9
22831, 5
22832, 2
22833, 6
22834, 7
22835, 12
22836, 7
22837, 13
22838, 5
22839, 9
22840, 4
22841, 10
22842, 3
22843, 9
22844, 12
22845, 5
22846, 9
22847, 7
22848, 9
22849, 7
22850, 7
22851, 3
22852, 5
22853, 4
22854, 7
22855, 9
22856, 8
22857, 4
22858, 4
22859, 8
22860, 4
22861, 7
22862, 5
22863, 6
22864, 11
22865, 7
22866, 8
22867, 5
22868, 6
22869, 4
22870, 8
22871, 6
22872, 10
22873, 7
22874, 7
22875, 3
22876, 9
22877, 8
22878, 6
22879, 6
22880, 6
22881, 7
22882, 6
22883, 10
22884, 6
22885, 4
22886, 6
22887, 6
22888, 11
22889, 11
22890, 9
22891, 5
22892, 4
22893, 6
22894, 8
22895, 5
22896, 8
22897, 4
22898, 5
22899, 5
22900, 10
22901, 3
22902, 4
22903, 5
22904, 8
22905, 7
22906, 5
22907, 7
22908, 11
22909, 2
22910, 6
22911, 6
22912, 4
22913, 5
22914, 8
22915, 6
22916, 3
22917, 2
22918, 3
22919, 9
22920, 5
22921, 5
22922, 6
22923, 2
22924, 10
22925, 5
22926, 7
22927, 6
22928, 4
22929, 7
22930, 6
22931, 5
22932, 9
22933, 5
22934, 4
22935, 7
22936, 6
22937, 5
22938, 5
22939, 10
22940, 5
22941, 3
22942, 6
22943, 2
22944, 4
22945, 6
22946, 6
22947, 5
22948, 8
22949, 4
22950, 8
22951, 6
22952, 8
22953, 10
22954, 10
22955, 9
22956, 8
22957, 9
22958, 7
22959, 1
22960, 5
22961, 6
22962, 7
22963, 10
22964, 7
22965, 5
22966, 5
22967, 7
22968, 7
22969, 9
22970, 9
22971, 8
22972, 9
22973, 8
22974, 8
22975, 7
22977, 10
22978, 9
22979, 4
22980, 8
22981, 4
22982, 3
22983, 4
22984, 6
22985, 10
22986, 3
22987, 7
22988, 7
22989, 8
22990, 8
22991, 2
22992, 7
22993, 9
22994, 6
22995, 7
22996, 2
22997, 2
22998, 6
22999, 2
23000, 6
23001, 5
23002, 3
23003, 4
23004, 9
23005, 7
23006, 5
23007, 3
23008, 10
23009, 7
23010, 9
23011, 4
23012, 8
23013, 9
23014, 6
23015, 3
23016, 3
23017, 6
23018, 4
23019, 4
23020, 6
23021, 6
23022, 4
23023, 10
23024, 7
23025, 6
23026, 10
23027, 5
23028, 8
23029, 6
23030, 8
23031, 3
23032, 8
23033, 7
23034, 7
23035, 5
23036, 3
23037, 6
23038, 3
23039, 7
23040, 10
23041, 5
23042, 5
23043, 3
23044, 8
23045, 6
23046, 4
23047, 6
23048, 11
23049, 3
23050, 3
23051, 10
23052, 5
23053, 7
23054, 7
23055, 8
23056, 5
23057, 8
23058, 5
23059, 2
23060, 8
23061, 8
23062, 11
23063, 7
23064, 5
23065, 6
23066, 4
23067, 6
23068, 14
23069, 3
23070, 6
23071, 5
23072, 3
23073, 4
23074, 7
23075, 2
23076, 6
23077, 6
23078, 7
23079, 5
23080, 5
23081, 4
23082, 8
23083, 3
23084, 4
23085, 5
23086, 2
23087, 7
23088, 4
23089, 3
23090, 5
23091, 5
23092, 9
23093, 5
23094, 7
23095, 5
23096, 9
23097, 5
23098, 7
23099, 8
23100, 7
23101, 2
23102, 3
23103, 2
23104, 4
23105, 7
23106, 6
23107, 6
23108, 4
23109, 3
23110, 7
23111, 7
23112, 4
23113, 4
23114, 2
23115, 3
23116, 1
23117, 9
23118, 5
23119, 4
23120, 9
23121, 6
23122, 9
23123, 8
23124, 4
23125, 9
23126, 10
23127, 9
23128, 3
23129, 7
23130, 4
23131, 2
23132, 8
23133, 3
23134, 8
23135, 10
23136, 8
23137, 10
23138, 3
23139, 6
23140, 4
23141, 5
23142, 6
23143, 7
23144, 5
23145, 7
23146, 5
23147, 10
23148, 8
23149, 8
23150, 10
23151, 9
23152, 5
23153, 6
23154, 4
23155, 3
23156, 3
23157, 6
23158, 3
23159, 7
23160, 3
23161, 4
23162, 6
23163, 5
23164, 2
23165, 3
23166, 2
23167, 2
23168, 6
23169, 3
23170, 4
23171, 4
23172, 5
23173, 3
23174, 4
23175, 5
23176, 4
23177, 3
23178, 5
23179, 12
23180, 3
23181, 8
23182, 2
23183, 4
23184, 5
23185, 5
23186, 3
23187, 1
23188, 4
23189, 5
23190, 7
23191, 6
23192, 5
23193, 4
23194, 5
23195, 5
23196, 7
23197, 3
23198, 3
23199, 7
23200, 4
23201, 5
23202, 7
23203, 6
23204, 7
23205, 6
23206, 5
23207, 4
23208, 4
23209, 4
23210, 4
23211, 6
23212, 10
23213, 3
23214, 4
23215, 10
23216, 5
23217, 1
23218, 4
23219, 9
23220, 9
23221, 6
23222, 7
23223, 3
23224, 4
23225, 7
23226, 9
23227, 6
23228, 6
23229, 10
23230, 3
23231, 7
23232, 6
23233, 7
23234, 5
23235, 2
23236, 6
23237, 6
23238, 6
23239, 6
23240, 7
23241, 4
23242, 5
23243, 6
23244, 2
23245, 4
23246, 8
23247, 6
23248, 7
23249, 8
23250, 3
23251, 4
23252, 6
23253, 4
23254, 5
23255, 1
23256, 6
23257, 2
23258, 5
23259, 1
23260, 5
23261, 8
23262, 6
23263, 6
23264, 5
23265, 6
23266, 5
23267, 6
23268, 3
23269, 1
23270, 2
23271, 5
23272, 3
23273, 5
23274, 2
23275, 3
23276, 4
23277, 2
23278, 3
23279, 2
23280, 4
23281, 8
23282, 3
23283, 5
23284, 5
23285, 3
23286, 5
23287, 2
23288, 4
23289, 5
23290, 4
23291, 8
23292, 2
23293, 8
23294, 5
23295, 2
23296, 6
23297, 6
23298, 7
23299, 3
23300, 8
23301, 2
23302, 4
23303, 3
23304, 8
23305, 3
23306, 5
23307, 6
23308, 4
23309, 8
23310, 3
23311, 1
23312, 3
23313, 2
23314, 8
23315, 6
23316, 7
23317, 7
23318, 2
23319, 3
23320, 4
23321, 3
23322, 3
23323, 6
23324, 4
23325, 7
23326, 2
23327, 4
23328, 6
23329, 6
23330, 6
23331, 6
23332, 4
23333, 6
23334, 9
23335, 3
23336, 4
23337, 7
23338, 5
23339, 3
23340, 4
23341, 3
23342, 8
23343, 5
23344, 6
23345, 3
23346, 2
23347, 3
23348, 7
23349, 2
23350, 4
23351, 6
23352, 6
23353, 6
23354, 4
23355, 2
23356, 5
23357, 2
23358, 9
23359, 1
23360, 4
23361, 3
23362, 4
23363, 1
23364, 2
23365, 2
23366, 5
23367, 6
23368, 2
23369, 1
23370, 2
23371, 4
23372, 7
23373, 5
23374, 4
23375, 4
23376, 7
23377, 5
23378, 5
23379, 5
23380, 3
23381, 8
23382, 3
23383, 5
23384, 4
23385, 4
23386, 2
23387, 6
23388, 2
23389, 6
23390, 6
23391, 4
23392, 6
23393, 6
23394, 2
23395, 6
23396, 5
23397, 2
23398, 3
23399, 4
23400, 3
23401, 9
23402, 7
23403, 4
23404, 1
23405, 3
23406, 2
23407, 6
23408, 1
23409, 6
23410, 2
23411, 3
23412, 3
23413, 1
23414, 5
23415, 3
23416, 6
23417, 1
23418, 4
23419, 4
23420, 5
23421, 2
23422, 4
23423, 2
23424, 9
23425, 1
23426, 4
23427, 2
23428, 5
23429, 3
23430, 3
23431, 7
23432, 2
23433, 3
23434, 4
23435, 4
23436, 2
23437, 4
23438, 3
23439, 5
23440, 3
23441, 6
23442, 4
23443, 4
23444, 1
23445, 7
23446, 6
23447, 2
23448, 4
23449, 3
23450, 2
23451, 4
23452, 5
23453, 3
23454, 4
23455, 2
23456, 2
23457, 3
23458, 1
23459, 5
23460, 4
23461, 5
23462, 3
23463, 2
23464, 3
23465, 2
23466, 5
23467, 3
23468, 4
23469, 3
23470, 3
23471, 5
23472, 2
23473, 3
23474, 4
23475, 5
23476, 3
23477, 3
23478, 4
23479, 5
23480, 6
23481, 4
23482, 6
23483, 5
23484, 5
23485, 3
23486, 4
23487, 4
23488, 2
23489, 4
23490, 6
23491, 3
23492, 4
23493, 3
23494, 1
23495, 5
23496, 4
23497, 1
23498, 4
23499, 4
23500, 4
23501, 1
23502, 2
23503, 5
23504, 4
23505, 4
23506, 7
23507, 2
23508, 3
23509, 8
23510, 2
23511, 4
23512, 6
23513, 5
23514, 4
23515, 3
23516, 3
23517, 4
23518, 6
23519, 1
23520, 6
23521, 1
23522, 3
23523, 6
23524, 3
23525, 4
23526, 3
23527, 3
23528, 2
23529, 5
23530, 1
23531, 2
23532, 6
23533, 3
23534, 2
23535, 5
23536, 3
23537, 2
23538, 6
23539, 4
23540, 3
23542, 3
23543, 4
23544, 4
23545, 1
23546, 3
23547, 1
23548, 5
23549, 1
23550, 4
23552, 3
23553, 4
23554, 4
23555, 5
23556, 2
23557, 7
23558, 2
23559, 2
23560, 6
23561, 2
23562, 4
23563, 4
23564, 4
23565, 1
23566, 4
23567, 1
23568, 3
23570, 1
23571, 3
23572, 6
23573, 3
23574, 3
23575, 3
23576, 2
23577, 2
23578, 4
23579, 2
23580, 3
23581, 2
23582, 5
23583, 1
23584, 4
23587, 5
23588, 1
23589, 2
23590, 2
23591, 8
23592, 2
23593, 2
23594, 3
23595, 3
23596, 3
23598, 2
23599, 1
23600, 1
23601, 1
23603, 4
23604, 1
23605, 2
23606, 4
23607, 1
23608, 4
23609, 6
23611, 4
23612, 2
23613, 4
23614, 2
23615, 5
23616, 3
23617, 2
23618, 1
23619, 4
23620, 2
23621, 5
23622, 2
23623, 4
23624, 2
23625, 1
23626, 2
23627, 1
23629, 4
23630, 3
23631, 1
23633, 3
23634, 3
23635, 2
23636, 1
23637, 4
23638, 1
23639, 1
23640, 5
23641, 3
23642, 4
23643, 1
23645, 5
23646, 4
23647, 1
23648, 3
23649, 1
23650, 1
23651, 1
23652, 5
23653, 4
23654, 4
23655, 3
23656, 2
23657, 2
23658, 6
23659, 2
23661, 4
23662, 6
23664, 3
23666, 2
23667, 1
23668, 1
23669, 2
23670, 2
23671, 2
23672, 3
23675, 2
23677, 1
23678, 3
23679, 3
23680, 1
23681, 2
23682, 4
23683, 4
23684, 3
23687, 3
23688, 3
23689, 2
23691, 4
23692, 1
23693, 1
23694, 2
23695, 1
23696, 3
23697, 4
23698, 2
23701, 2
23702, 1
23703, 3
23704, 1
23705, 2
23706, 3
23707, 2
23708, 3
23709, 5
23710, 1
23711, 1
23712, 6
23713, 3
23714, 2
23715, 1
23716, 4
23717, 4
23718, 3
23719, 1
23720, 4
23721, 1
23722, 1
23723, 2
23724, 2
23726, 3
23727, 3
23728, 4
23729, 4
23730, 1
23731, 3
23732, 4
23733, 2
23734, 1
23735, 3
23736, 2
23737, 5
23738, 3
23739, 3
23740, 2
23741, 3
23742, 2
23743, 1
23745, 1
23746, 3
23747, 2
23748, 2
23750, 2
23751, 2
23753, 2
23754, 2
23755, 1
23756, 2
23757, 3
23758, 1
23759, 2
23761, 1
23762, 2
23763, 2
23765, 3
23766, 2
23767, 2
23769, 1
23771, 2
23772, 2
23773, 2
23774, 3
23775, 2
23776, 4
23777, 3
23778, 3
23779, 5
23780, 3
23781, 3
23782, 2
23783, 2
23785, 1
23788, 1
23789, 1
23790, 1
23791, 2
23793, 1
23794, 1
23796, 2
23798, 3
23800, 1
23801, 3
23802, 5
23803, 3
23805, 1
23806, 2
23808, 1
23809, 3
23810, 5
23811, 8
23812, 2
23813, 2
23814, 1
23815, 3
23816, 3
23817, 1
23818, 3
23819, 2
23820, 5
23821, 1
23822, 2
23823, 1
23828, 1
23829, 1
23830, 5
23831, 4
23832, 2
23833, 2
23834, 4
23835, 2
23837, 1
23838, 1
23839, 1
23840, 1
23841, 2
23842, 1
23844, 2
23845, 1
23846, 1
23848, 1
23849, 1
23850, 2
23851, 1
23852, 1
23854, 3
23855, 1
23856, 2
23857, 2
23860, 1
23861, 1
23862, 4
23863, 1
23866, 2
23867, 3
23869, 2
23872, 2
23873, 1
23877, 3
23878, 2
23879, 2
23880, 4
23881, 4
23883, 3
23884, 3
23885, 1
23886, 2
23887, 3
23888, 3
23889, 2
23891, 2
23892, 1
23894, 1
23895, 1
23896, 2
23897, 2
23898, 2
23899, 1
23900, 1
23901, 2
23902, 1
23903, 3
23904, 1
23905, 3
23906, 3
23907, 1
23908, 2
23909, 1
23910, 5
23911, 2
23912, 2
23913, 2
23914, 1
23918, 3
23919, 2
23921, 1
23922, 1
23923, 2
23924, 2
23925, 4
23927, 5
23929, 1
23930, 4
23931, 2
23932, 2
23934, 1
23935, 1
23936, 2
23937, 1
23938, 1
23940, 2
23941, 1
23942, 1
23943, 1
23944, 3
23946, 3
23947, 1
23948, 1
23949, 1
23952, 2
23954, 2
23955, 1
23956, 2
23957, 1
23958, 2
23959, 1
23961, 2
23962, 1
23964, 1
23965, 2
23966, 2
23968, 3
23969, 1
23971, 2
23972, 2
23974, 2
23975, 2
23976, 2
23977, 1
23978, 2
23979, 2
23980, 1
23981, 2
23982, 2
23984, 4
23985, 1
23986, 2
23987, 1
23988, 5
23989, 3
23990, 2
23991, 1
23992, 1
23993, 1
23994, 1
23996, 1
23997, 1
23998, 2
23999, 3
24001, 2
24003, 1
24004, 2
24007, 2
24008, 1
24010, 1
24011, 1
24012, 2
24013, 1
24015, 2
24016, 1
24018, 2
24019, 3
24020, 1
24021, 2
24022, 1
24023, 2
24026, 3
24031, 2
24032, 1
24033, 1
24034, 2
24036, 4
24037, 1
24038, 3
24039, 1
24040, 1
24041, 1
24042, 2
24043, 2
24044, 2
24045, 1
24048, 1
24049, 1
24050, 1
24051, 3
24052, 1
24053, 1
24054, 1
24056, 2
24058, 3
24059, 1
24060, 2
24061, 1
24062, 1
24063, 1
24064, 1
24065, 1
24066, 3
24067, 2
24068, 3
24069, 4
24070, 1
24071, 2
24073, 2
24074, 1
24075, 1
24076, 1
24077, 2
24078, 1
24080, 2
24081, 3
24083, 2
24084, 2
24085, 2
24086, 4
24087, 2
24088, 1
24090, 1
24091, 1
24092, 2
24095, 2
24097, 1
24098, 1
24099, 3
24101, 2
24102, 1
24104, 1
24105, 1
24106, 1
24107, 1
24108, 1
24109, 1
24110, 1
24111, 1
24112, 1
24114, 2
24115, 2
24118, 1
24119, 1
24120, 2
24121, 1
24124, 3
24125, 3
24126, 1
24128, 1
24129, 1
24130, 1
24131, 2
24132, 1
24133, 2
24135, 1
24136, 4
24139, 1
24140, 1
24141, 2
24143, 3
24144, 2
24145, 1
24147, 2
24149, 1
24151, 1
24152, 1
24153, 3
24154, 1
24155, 3
24156, 1
24157, 1
24158, 1
24159, 2
24160, 1
24162, 1
24163, 3
24164, 1
24167, 4
24168, 3
24169, 3
24170, 2
24171, 2
24173, 2
24175, 4
24176, 1
24178, 1
24179, 1
24181, 1
24182, 3
24183, 2
24185, 1
24186, 1
24187, 3
24189, 2
24190, 1
24191, 1
24194, 3
24196, 1
24197, 5
24198, 1
24199, 1
24200, 1
24202, 2
24203, 1
24204, 2
24205, 2
24206, 1
24207, 1
24208, 1
24209, 2
24211, 2
24212, 4
24213, 1
24214, 1
24215, 3
24216, 2
24217, 1
24219, 2
24222, 1
24223, 1
24224, 2
24226, 1
24227, 3
24228, 1
24230, 1
24232, 2
24233, 1
24234, 2
24235, 1
24238, 2
24239, 1
24240, 1
24241, 3
24242, 2
24243, 1
24244, 2
24245, 1
24246, 2
24247, 2
24248, 3
24250, 2
24251, 2
24252, 1
24256, 4
24257, 2
24260, 1
24261, 2
24264, 1
24265, 1
24267, 1
24268, 1
24272, 2
24273, 1
24275, 2
24276, 1
24278, 1
24279, 2
24280, 2
24281, 1
24282, 1
24286, 1
24291, 1
24293, 2
24294, 2
24296, 1
24297, 1
24300, 1
24301, 1
24302, 2
24303, 2
24305, 2
24306, 1
24307, 3
24308, 1
24311, 1
24312, 1
24314, 1
24315, 1
24318, 2
24319, 1
24320, 1
24321, 1
24322, 1
24324, 2
24326, 2
24329, 2
24331, 3
24332, 1
24335, 3
24337, 1
24338, 1
24340, 1
24341, 1
24342, 2
24345, 3
24346, 1
24350, 1
24352, 1
24354, 1
24356, 1
24361, 1
24362, 3
24365, 1
24367, 1
24368, 1
24370, 1
24373, 1
24379, 2
24381, 3
24382, 2
24383, 1
24387, 1
24388, 2
24389, 1
24393, 1
24395, 2
24396, 3
24398, 1
24400, 2
24401, 1
24403, 2
24404, 1
24408, 1
24410, 1
24412, 1
24413, 1
24414, 1
24415, 1
24416, 2
24417, 2
24418, 2
24420, 1
24421, 2
24422, 1
24423, 1
24424, 1
24426, 2
24428, 1
24432, 2
24434, 1
24442, 1
24443, 1
24445, 1
24446, 1
24448, 1
24450, 3
24451, 1
24453, 2
24458, 1
24460, 2
24461, 1
24463, 1
24464, 1
24465, 3
24471, 1
24478, 2
24480, 1
24486, 2
24489, 2
24490, 1
24491, 1
24492, 1
24493, 1
24495, 1
24496, 2
24497, 3
24498, 1
24500, 1
24502, 1
24503, 1
24506, 1
24512, 1
24516, 1
24517, 2
24519, 1
24523, 2
24524, 1
24526, 1
24529, 1
24531, 1
24532, 3
24534, 1
24535, 1
24537, 1
24538, 1
24541, 1
24546, 1
24547, 1
24551, 1
24553, 2
24557, 1
24559, 1
24562, 1
24563, 1
24567, 1
24571, 1
24574, 1
24576, 1
24581, 3
24582, 1
24587, 2
24591, 2
24595, 1
24596, 1
24601, 1
24603, 1
24604, 1
24614, 1
24617, 1
24631, 2
24642, 1
24644, 1
24665, 1
24666, 1
24667, 1
24668, 1
24672, 1
24673, 1
24674, 1
24683, 2
24703, 1
24737, 1
24753, 1
24758, 1
24778, 1
24895, 1
24908, 1
33511, 1
33560, 1
33576, 1
33602, 1
33604, 1
33609, 1
33620, 1
33643, 1
33658, 1
33668, 1
33674, 1
33678, 1
33681, 1
33693, 1
33714, 1
33720, 1
33733, 1
33736, 1
33738, 1
33746, 1
33749, 1
33750, 1
33751, 1
33753, 1
33759, 2
33761, 1
33763, 1
33766, 1
33771, 1
33783, 1
33812, 1
33831, 1
33839, 1
33843, 2
33851, 1
33854, 1
33857, 1
33864, 1
33865, 1
33878, 1
33881, 1
33889, 1
33897, 1
33907, 1
33912, 1
33914, 1
33917, 1
33919, 1
33928, 1
33941, 1
33944, 1
33951, 1
33953, 1
33954, 1
33958, 1
33960, 1
33963, 1
33964, 1
33968, 1
33975, 1
33976, 1
34004, 1
34013, 1
34025, 1
34028, 1
34031, 1
34036, 1
34037, 1
34039, 2
34059, 1
34062, 1
34069, 1
34070, 1
34075, 1
34078, 1
34079, 1
34087, 2
34091, 2
34092, 1
34102, 1
34113, 1
34114, 1
34122, 1
34127, 1
34128, 1
34138, 1
34141, 1
34145, 1
34156, 1
34158, 2
34171, 1
34183, 1
34189, 2
34190, 1
34191, 1
34197, 1
34214, 1
34221, 3
34233, 1
34243, 2
34244, 1
34246, 1
34249, 1
34253, 1
34256, 1
34258, 1
34260, 1
34280, 1
34284, 1
34287, 1
34293, 1
34306, 1
34329, 1
34341, 1
34342, 1
34343, 1
34345, 1
34353, 1
34357, 1
34363, 1
34365, 1
34367, 1
34375, 1
34377, 2
34382, 1
34383, 1
34384, 1
34395, 1
34396, 1
34403, 1
34412, 1
34417, 1
34418, 1
34420, 1
34423, 1
34431, 2
34435, 1
34437, 1
34443, 1
34444, 1
34446, 1
34447, 1
34450, 1
34467, 1
34496, 1
34511, 1
34514, 1
34522, 1
34527, 2
34528, 2
34535, 1
34537, 1
34543, 1
34547, 1
34551, 1
34562, 1
34565, 1
34573, 1
34581, 1
34591, 1
34595, 1
34597, 1
34602, 1
34603, 1
34612, 1
34626, 1
34629, 1
34635, 1
34637, 1
34638, 1
34641, 1
34643, 1
34648, 2
34653, 1
34657, 1
34662, 1
34688, 1
34695, 1
34709, 1
34711, 1
34714, 1
34721, 1
34722, 1
34723, 1
34725, 1
34731, 1
34744, 1
34746, 1
34753, 1
34754, 1
34758, 1
34763, 1
34765, 1
34772, 1
34774, 1
34775, 3
34785, 1
34796, 1
34799, 1
34807, 1
34810, 1
34811, 1
34821, 1
34824, 1
34830, 1
34841, 2
34856, 1
34865, 1
34872, 1
34873, 2
34875, 1
34880, 1
34898, 1
34904, 1
34905, 2
34918, 1
34926, 1
34927, 1
34928, 1
34931, 1
34935, 1
34936, 1
34940, 1
34941, 1
34944, 1
34963, 1
34968, 1
34971, 1
34978, 1
34989, 1
35011, 1
35027, 2
35030, 1
35036, 1
35040, 1
35046, 1
35048, 1
35050, 1
35060, 1
35061, 1
35062, 1
35064, 1
35067, 2
35078, 1
35079, 1
35087, 1
35095, 1
35101, 1
35102, 1
35104, 1
35107, 1
35114, 1
35115, 1
35119, 1
35120, 1
35127, 2
35129, 1
35130, 1
35134, 1
35140, 1
35180, 1
35194, 1
35196, 1
35207, 1
35210, 1
35211, 1
35212, 2
35218, 1
35220, 1
35225, 1
35232, 1
35233, 1
35244, 1
35245, 1
35249, 1
35257, 1
35275, 1
35279, 1
35280, 1
35285, 1
35286, 1
35295, 1
35309, 1
35312, 1
35318, 1
35322, 2
35325, 1
35327, 1
35331, 1
35332, 1
35336, 1
35337, 1
35341, 1
35345, 1
35373, 1
35378, 1
35393, 1
35394, 1
35396, 1
35404, 1
35405, 1
35407, 2
35414, 1
35427, 1
35430, 1
35437, 2
35446, 1
35447, 1
35455, 1
35456, 1
35457, 1
35459, 1
35460, 1
35468, 1
35480, 1
35482, 1
35490, 1
35493, 2
35506, 1
35509, 1
35513, 1
35524, 2
35538, 1
35548, 1
35556, 1
35557, 2
35559, 1
35562, 1
35563, 1
35581, 1
35587, 1
35589, 2
35601, 1
35611, 3
35614, 1
35617, 1
35618, 1
35624, 2
35627, 1
35646, 1
35653, 1
35655, 1
35661, 1
35671, 1
35695, 1
35709, 1
35710, 1
35713, 1
35718, 1
35723, 1
35731, 1
35732, 1
35733, 1
35743, 1
35745, 2
35748, 1
35751, 2
35761, 1
35762, 1
35768, 1
35778, 1
35781, 1
35786, 1
35788, 1
35789, 1
35794, 1
35795, 1
35802, 1
35803, 1
35810, 1
35811, 2
35814, 1
35816, 1
35822, 1
35863, 1
35890, 1
40675, 1
40681, 2
40700, 1
40740, 1
40746, 1
40748, 1
40750, 1
40798, 1
40804, 1
40811, 1
40818, 1
40822, 2
40826, 1
40830, 1
40837, 1
40850, 1
40851, 1
40853, 1
40860, 1
40862, 1
40875, 1
40879, 2
40884, 1
40892, 1
40899, 1
40901, 1
40902, 1
40908, 1
40914, 1
40933, 1
40936, 1
40939, 1
40941, 1
40945, 2
40962, 1
40971, 1
40983, 1
40985, 1
40988, 2
40996, 1
40998, 1
41001, 1
41002, 1
41009, 2
41017, 1
41029, 1
41032, 1
41050, 1
41051, 1
41054, 1
41064, 1
41066, 1
41071, 2
41080, 1
41082, 1
41093, 1
41100, 1
41101, 1
41102, 1
41115, 1
41116, 1
41132, 1
41145, 1
41146, 1
41159, 1
41168, 1
41173, 1
41175, 1
41177, 1
41187, 1
41194, 2
41195, 1
41201, 1
41205, 1
41209, 3
41213, 1
41221, 1
41226, 1
41229, 1
41231, 1
41239, 1
41247, 1
41256, 1
41266, 1
41270, 1
41280, 2
41287, 1
41299, 1
41300, 2
41313, 1
41315, 1
41320, 1
41330, 1
41332, 2
41337, 1
41341, 1
41346, 1
41353, 1
41356, 1
41358, 2
41364, 1
41365, 2
41366, 1
41371, 2
41381, 1
41384, 1
41389, 1
41397, 1
41407, 1
41416, 1
41420, 1
41423, 2
41433, 1
41447, 1
41451, 1
41458, 1
41483, 1
41487, 1
41489, 1
41494, 1
41502, 1
41506, 1
41508, 1
41509, 1
41514, 2
41516, 1
41521, 2
41526, 1
41532, 1
41534, 1
41542, 1
41543, 1
41547, 1
41574, 1
41585, 1
41598, 1
41599, 1
41604, 1
41613, 1
41616, 1
41617, 1
41619, 1
41622, 1
41623, 1
41625, 1
41628, 1
41636, 1
41645, 1
41646, 1
41652, 1
41656, 1
41661, 1
41664, 1
41665, 1
41674, 1
41677, 1
41678, 2
41679, 1
41681, 1
41684, 1
41685, 3
41686, 1
41690, 1
41693, 1
41696, 1
41698, 2
41699, 1
41701, 1
41712, 1
41713, 1
41721, 2
41731, 1
41733, 1
41735, 2
41742, 1
41743, 2
41747, 1
41748, 1
41753, 1
41756, 1
41758, 1
41769, 1
41770, 1
41771, 1
41773, 1
41774, 2
41775, 1
41780, 2
41783, 2
41785, 1
41787, 1
41790, 1
41792, 1
41797, 2
41798, 1
41799, 1
41803, 1
41809, 1
41814, 1
41815, 1
41818, 1
41820, 1
41826, 1
41828, 2
41829, 1
41834, 1
41842, 1
41844, 1
41845, 2
41846, 1
41848, 1
41849, 1
41854, 2
41858, 2
41860, 1
41861, 1
41869, 2
41872, 1
41877, 1
41878, 1
41879, 2
41884, 1
41888, 1
41892, 1
41894, 1
41899, 1
41906, 1
41907, 1
41908, 1
41911, 1
41914, 3
41916, 1
41922, 1
41926, 1
41927, 1
41928, 1
41930, 1
41938, 2
41939, 2
41940, 1
41942, 1
41945, 1
41956, 1
41957, 1
41959, 1
41963, 1
41964, 1
41972, 1
41973, 2
41981, 1
41983, 1
41985, 1
41991, 1
41994, 1
41996, 1
42000, 1
42003, 1
42004, 1
42008, 1
42009, 1
42010, 1
42012, 1
42014, 1
42017, 1
42021, 1
42022, 1
42023, 2
42024, 1
42029, 1
42033, 1
42037, 2
42039, 1
42043, 1
42044, 1
42045, 1
42049, 1
42052, 1
42053, 2
42058, 1
42063, 1
42067, 2
42073, 1
42079, 1
42080, 1
42089, 1
42090, 1
42095, 1
42097, 1
42099, 2
42100, 1
42102, 1
42104, 1
42105, 1
42106, 1
42108, 1
42110, 1
42120, 1
42128, 1
42129, 1
42131, 2
42134, 1
42140, 1
42141, 1
42142, 1
42143, 1
42151, 1
42160, 1
42164, 1
42167, 1
42170, 1
42171, 1
42172, 1
42175, 1
42177, 1
42178, 1
42182, 1
42189, 2
42190, 2
42194, 2
42195, 3
42196, 1
42197, 2
42198, 1
42201, 1
42202, 1
42207, 1
42213, 1
42215, 1
42216, 1
42217, 1
42218, 1
42226, 1
42229, 1
42231, 1
42235, 1
42244, 1
42248, 1
42252, 1
42253, 1
42256, 2
42260, 1
42268, 2
42269, 1
42275, 1
42278, 1
42279, 1
42280, 1
42284, 1
42290, 1
42291, 1
42298, 2
42300, 1
42301, 1
42302, 1
42304, 4
42307, 1
42308, 1
42310, 1
42314, 1
42319, 1
42329, 1
42333, 1
42334, 1
42339, 1
42340, 2
42343, 1
42346, 1
42348, 3
42351, 1
42354, 1
42360, 1
42362, 1
42365, 1
42367, 1
42368, 1
42372, 1
42377, 2
42378, 1
42379, 2
42381, 1
42382, 1
42388, 1
42396, 2
42397, 2
42403, 1
42405, 1
42406, 1
42412, 1
42419, 4
42422, 1
42426, 1
42429, 1
42430, 1
42437, 1
42438, 1
42440, 2
42446, 1
42451, 1
42453, 2
42455, 1
42457, 2
42458, 1
42462, 1
42467, 1
42472, 1
42475, 2
42478, 1
42479, 1
42481, 1
42482, 1
42484, 1
42489, 1
42499, 1
42501, 1
42506, 1
42508, 1
42510, 1
42512, 1
42514, 1
42517, 1
42518, 1
42520, 1
42521, 1
42528, 1
42529, 1
42532, 1
42536, 1
42538, 1
42541, 1
42543, 1
42544, 1
42549, 1
42551, 1
42554, 1
42562, 2
42573, 1
42576, 1
42577, 1
42578, 1
42580, 1
42587, 1
42590, 1
42597, 1
42602, 1
42605, 1
42607, 1
42609, 1
42610, 1
42611, 1
42615, 2
42616, 1
42620, 1
42622, 2
42623, 1
42624, 2
42632, 1
42634, 1
42636, 1
42637, 2
42638, 2
42639, 4
42645, 1
42646, 1
42656, 1
42664, 1
42666, 1
42668, 1
42673, 1
42683, 1
42685, 2
42687, 1
42688, 1
42691, 2
42693, 1
42700, 1
42703, 2
42704, 1
42705, 2
42711, 1
42715, 1
42717, 1
42721, 1
42723, 1
42726, 1
42727, 1
42733, 2
42735, 1
42736, 1
42742, 1
42746, 1
42750, 1
42751, 3
42752, 1
42757, 1
42758, 2
42759, 2
42770, 1
42773, 2
42778, 1
42779, 1
42785, 2
42787, 1
42789, 1
42791, 1
42796, 1
42797, 1
42799, 2
42801, 1
42802, 1
42804, 3
42809, 1
42810, 1
42819, 1
42821, 1
42829, 1
42833, 1
42837, 1
42838, 1
42843, 1
42846, 1
42850, 1
42855, 1
42860, 1
42862, 1
42863, 1
42865, 1
42870, 1
42873, 3
42874, 1
42876, 1
42877, 3
42878, 1
42880, 1
42882, 1
42900, 1
42901, 1
42902, 1
42916, 1
42923, 1
42930, 1
42931, 1
42937, 1
42939, 1
42941, 1
42943, 1
42946, 1
42951, 1
42954, 1
42956, 1
42958, 1
42961, 1
42969, 1
42972, 1
42974, 1
42982, 1
42990, 1
42993, 1
42997, 1
42999, 1
43006, 1
43012, 1
43013, 1
43017, 1
43019, 1
43023, 1
43029, 1
43033, 1
43038, 1
43039, 1
43047, 2
43049, 1
43052, 1
43054, 1
43059, 1
43060, 1
43063, 1
43077, 1
43079, 1
43085, 1
43088, 1
43090, 1
43091, 1
43098, 1
43099, 1
43101, 2
43110, 1
43123, 1
43124, 1
43127, 1
43129, 1
43141, 3
43148, 1
43149, 1
43153, 1
43168, 1
43179, 1
43183, 1
43184, 1
43198, 1
43207, 1
43208, 1
43209, 2
43213, 1
43215, 1
43216, 1
43220, 1
43222, 2
43223, 1
43249, 1
43252, 1
43263, 1
43268, 1
43273, 1
43284, 1
43292, 2
43297, 1
43298, 3
43303, 1
43306, 1
43318, 1
43321, 2
43335, 1
43370, 1
43371, 1
43372, 1
43373, 1
43376, 1
43385, 1
43387, 1
43391, 2
43395, 1
43399, 1
43402, 1
43408, 1
43409, 1
43420, 1
43434, 1
43441, 1
43451, 1
43452, 1
43457, 1
43460, 1
43463, 1
43468, 1
43472, 1
43473, 1
43480, 1
43486, 1
43491, 2
43510, 1
43521, 1
43527, 1
43538, 1
43543, 1
43546, 1
43555, 1
43558, 1
43565, 1
43567, 2
43570, 2
43582, 1
43584, 1
43591, 1
43593, 1
43594, 1
43600, 1
43604, 1
43624, 1
43627, 1
43629, 1
43636, 1
43638, 1
43642, 1
43643, 1
43649, 1
43657, 1
43660, 1
43669, 1
43672, 1
43677, 1
43687, 1
43694, 1
43697, 1
43704, 1
43711, 1
43716, 1
43729, 3
43730, 1
43732, 1
43741, 1
43746, 1
43749, 1
43750, 1
43761, 1
43772, 1
43784, 1
43786, 1
43793, 2
43795, 1
43809, 1
43821, 1
43826, 1
43851, 1
43854, 1
43865, 1
43895, 1
43899, 1
50088, 1
50089, 1
50090, 1
50099, 1
50102, 1
50121, 1
50127, 1
50129, 1
50133, 1
50148, 1
50154, 1
50156, 1
50160, 1
50161, 1
50163, 1
50166, 1
50168, 1
50171, 1
50176, 1
50179, 1
50182, 1
50195, 1
50215, 1
50219, 1
50222, 1
50227, 1
50228, 1
50233, 1
50241, 1
50250, 1
50251, 1
50252, 1
50258, 1
50260, 1
50265, 1
50267, 1
50269, 1
50282, 1
50302, 1
50307, 1
50312, 2
50315, 1
50327, 1
50334, 1
50337, 1
50338, 1
50340, 1
50343, 1
50351, 1
50353, 1
50355, 1
50365, 1
50369, 1
50375, 1
50385, 1
50391, 1
50410, 1
50412, 1
50415, 1
50417, 1
50427, 1
50429, 2
50433, 1
50441, 1
50446, 1
50450, 1
50451, 1
50452, 1
50457, 1
50470, 1
50478, 1
50480, 1
50482, 1
50489, 1
50491, 1
50494, 1
50504, 1
50510, 1
50516, 1
50525, 1
50528, 1
50533, 1
50540, 1
50547, 1
50550, 1
50567, 1
50569, 1
50570, 1
50585, 1
50586, 1
50588, 1
50591, 1
50592, 1
50594, 1
50598, 1
50606, 1
50610, 1
50612, 1
50613, 1
50615, 1
50624, 1
50640, 1
50647, 1
50649, 1
50662, 1
50667, 1
50671, 2
50684, 1
50685, 1
50701, 1
50704, 1
50714, 1
50720, 1
50730, 1
50732, 2
50734, 1
50754, 2
50756, 1
50759, 1
50760, 2
50769, 1
50782, 1
50787, 2
50797, 1
50798, 1
50803, 1
50809, 1
50811, 1
50813, 1
50817, 1
50832, 1
50833, 1
50837, 1
50843, 1
50846, 1
50847, 1
50854, 1
50860, 1
50864, 1
50867, 1
50878, 1
50884, 1
50902, 1
50905, 1
50913, 1
50924, 1
50934, 1
50935, 1
50936, 2
50942, 2
50944, 1
50945, 1
50948, 1
50955, 1
50985, 1
50990, 1
50999, 2
51002, 1
51004, 1
51007, 1
51012, 1
51014, 1
51016, 1
51018, 1
51021, 1
51026, 1
51031, 1
51036, 1
51039, 1
51042, 1
51048, 1
51051, 1
51054, 1
51060, 1
51082, 1
51086, 1
51088, 1
51092, 1
51096, 1
51100, 1
51105, 1
51106, 2
51113, 1
51114, 1
51116, 2
51121, 1
51123, 1
51137, 1
51140, 1
51163, 1
51165, 1
51178, 1
51179, 1
51187, 1
51194, 1
51198, 1
51199, 1
51204, 1
51207, 2
51208, 1
51211, 1
51223, 1
51247, 1
51259, 1
51260, 1
51265, 1
51271, 1
51276, 1
51283, 1
51293, 1
51295, 1
51299, 2
51307, 1
51310, 1
51315, 1
51321, 1
51322, 1
51323, 1
51327, 2
51351, 1
51354, 1
51355, 1
51356, 1
51357, 1
51371, 1
51379, 1
51386, 1
51388, 1
51397, 1
51398, 1
51399, 1
51415, 1
51421, 1
51439, 1
51440, 1
51442, 2
51443, 2
51450, 1
51452, 1
51453, 1
51456, 2
51470, 1
51479, 1
51486, 1
51487, 1
51490, 1
51500, 2
51527, 1
51529, 1
51531, 1
51539, 1
51547, 2
51559, 1
51560, 1
51564, 1
51573, 1
51579, 1
51583, 1
51590, 1
51596, 1
51600, 1
51602, 1
51603, 1
51607, 1
51617, 1
51618, 1
51619, 1
51624, 1
51627, 1
51630, 1
51636, 1
51637, 1
51640, 2
51655, 1
51672, 1
51681, 1
51682, 1
51684, 1
51690, 1
51710, 2
51717, 1
51718, 2
51719, 1
51726, 2
51738, 1
51744, 1
51759, 1
51764, 1
51766, 1
51771, 2
51778, 1
51779, 1
51784, 1
51789, 1
51792, 1
51798, 1
51803, 1
51804, 1
51806, 1
51816, 1
51820, 1
51823, 1
51827, 1
51843, 1
51845, 1
51847, 1
51848, 1
51853, 1
51860, 1
51861, 1
51869, 1
51879, 2
51880, 1
51898, 1
51902, 1
51915, 1
51917, 1
51918, 1
51931, 1
51932, 1
51934, 1
51944, 1
51947, 1
51948, 1
51949, 1
51953, 1
51960, 1
51961, 1
51965, 1
51967, 1
51972, 1
51974, 1
51981, 1
51982, 1
51992, 1
52005, 1
52009, 1
52015, 1
52026, 1
52031, 1
52039, 1
52041, 1
52045, 1
52046, 1
52051, 1
52054, 1
52057, 1
52069, 1
52071, 2
52101, 1
52119, 1
52122, 1
52126, 1
52139, 1
52140, 1
52141, 1
52150, 1
52153, 1
52169, 1
52170, 1
52173, 1
52178, 1
52179, 1
52181, 2
52200, 1
52203, 1
52205, 1
52206, 1
52211, 1
52213, 2
52214, 1
52220, 1
52223, 1
52229, 1
52234, 1
52247, 1
52270, 1
52274, 1
52278, 1
52292, 1
52309, 1
59745, 1
59755, 1
59781, 1
59785, 1
59790, 1
59799, 1
59812, 1
59835, 1
59838, 1
59839, 1
59840, 1
59868, 1
59878, 1
59882, 1
59900, 1
59903, 1
59904, 1
59906, 1
59914, 1
59917, 1
59922, 1
59927, 1
59937, 1
59942, 1
59943, 1
59972, 1
59973, 1
59976, 1
59979, 1
59989, 1
59991, 1
60005, 1
60011, 1
60017, 1
60019, 1
60021, 1
60037, 1
60038, 1
60043, 1
60045, 1
60059, 1
60063, 1
60073, 1
60075, 2
60084, 1
60088, 1
60094, 1
60095, 1
60121, 1
60123, 1
60128, 1
60134, 2
60141, 1
60143, 1
60148, 1
60153, 1
60162, 1
60168, 1
60170, 1
60171, 1
60190, 1
60192, 1
60193, 1
60205, 2
60210, 2
60245, 2
60249, 2
60250, 2
60251, 1
60254, 1
60258, 1
60259, 1
60260, 1
60268, 1
60271, 1
60278, 1
60286, 1
60295, 1
60303, 1
60316, 1
60320, 1
60323, 2
60324, 1
60326, 1
60329, 1
60339, 2
60343, 1
60347, 1
60354, 1
60366, 1
60368, 1
60382, 1
60397, 1
60399, 1
60412, 1
60420, 2
60422, 1
60423, 1
60428, 1
60430, 1
60439, 1
60444, 1
60445, 1
60448, 1
60462, 1
60469, 1
60472, 1
60478, 1
60497, 1
60502, 2
60507, 1
60510, 1
60517, 1
60519, 1
60521, 1
60523, 2
60524, 2
60534, 1
60539, 1
60551, 1
60566, 1
60575, 1
60578, 1
60579, 2
60581, 1
60584, 1
60593, 1
60595, 1
60598, 1
60605, 1
60609, 1
60621, 1
60640, 1
60648, 2
60651, 1
60660, 1
60664, 1
60670, 1
60681, 1
60682, 2
60683, 1
60686, 1
60688, 1
60695, 1
60698, 1
60705, 1
60709, 1
60713, 1
60722, 1
60738, 1
60754, 1
60755, 1
60757, 1
60766, 1
60767, 1
60777, 1
60792, 1
60806, 1
60808, 1
60810, 1
60817, 1
60820, 1
60824, 1
60831, 1
60838, 1
60840, 2
60845, 2
60846, 2
60849, 1
60850, 1
60853, 1
60856, 1
60862, 1
60864, 1
60869, 1
60885, 1
60888, 1
60916, 1
60932, 1
60933, 2
60934, 2
60937, 1
60939, 1
60941, 1
60943, 1
60945, 1
60946, 1
60955, 1
60960, 1
60961, 1
60977, 1
60982, 1
60992, 1
60997, 1
61005, 1
61006, 1
61009, 1
61020, 1
61024, 2
61025, 1
61026, 1
61028, 2
61030, 1
61058, 1
61064, 1
61069, 1
61082, 1
61093, 1
61103, 1
61106, 1
61112, 1
61114, 1
61119, 2
61121, 1
61131, 2
61139, 1
61140, 1
61143, 1
61149, 1
61159, 1
61163, 1
61169, 1
61174, 1
61180, 1
61181, 1
61187, 1
61190, 1
61193, 1
61196, 1
61205, 2
61214, 1
61216, 1
61217, 1
61222, 1
61231, 1
61238, 1
61246, 1
61258, 1
61263, 2
61270, 1
61277, 1
61278, 1
61285, 1
61287, 1
61293, 1
61295, 2
61312, 1
61333, 1
61342, 1
61346, 1
61347, 1
61354, 1
61358, 1
61359, 2
61362, 1
61364, 1
61365, 2
61367, 1
61373, 1
61413, 2
61414, 1
61420, 1
61431, 1
61438, 1
61444, 1
61446, 1
61458, 1
61459, 2
61464, 2
61466, 1
61470, 1
61474, 1
61488, 1
61498, 1
61502, 1
61509, 1
61510, 1
61511, 1
61517, 1
61522, 2
61535, 1
61536, 1
61537, 2
61546, 1
61547, 1
61550, 1
61553, 1
61557, 1
61564, 1
61567, 1
61569, 1
61573, 1
61574, 1
61605, 1
61612, 1
61615, 1
61616, 1
61618, 1
61620, 1
61622, 2
61623, 1
61628, 2
61643, 1
61645, 1
61665, 1
61673, 1
61679, 1
61680, 1
61684, 1
61685, 1
61688, 1
61691, 2
61698, 1
61707, 1
61711, 1
61712, 1
61715, 1
61722, 1
61733, 1
61737, 1
61747, 1
61767, 1
61770, 1
61773, 1
61779, 1
61791, 1
61796, 1
61797, 1
61801, 1
61804, 1
61806, 1
61807, 1
61810, 1
61813, 1
61833, 1
61837, 2
61841, 1
61846, 1
61850, 1
61858, 1
61861, 1
61863, 1
61884, 1
61887, 1
61890, 1
61891, 2
61892, 1
61895, 1
61900, 1
61904, 1
61919, 1
61921, 1
61930, 1
61934, 1
61951, 1
61954, 1
61955, 1
61957, 1
61960, 1
61966, 1
61968, 1
61978, 1
61989, 1
61993, 1
61994, 1
62024, 1
62027, 1
62030, 1
62056, 1
62068, 1
62090, 1
62096, 1
62125, 1
63954, 1
63955, 1
63960, 1
63970, 1
63978, 1
63996, 1
64007, 1
64018, 1
64031, 1
64059, 1
64060, 1
64068, 1
64085, 1
64098, 1
64100, 1
64101, 1
64104, 1
64106, 1
64108, 1
64112, 1
64113, 1
64116, 1
64127, 1
64132, 1
64141, 1
64154, 1
64162, 1
64167, 1
64177, 1
64182, 1
64184, 1
64186, 1
64187, 1
64194, 2
64195, 1
64198, 1
64203, 2
64220, 1
64233, 1
64237, 1
64243, 2
64247, 1
64259, 1
64270, 1
64275, 1
64285, 1
64287, 1
64297, 1
64313, 1
64316, 1
64318, 1
64323, 2
64327, 1
64336, 1
64350, 1
64351, 1
64363, 1
64367, 1
64369, 1
64370, 3
64373, 1
64375, 1
64390, 1
64394, 1
64400, 2
64407, 1
64417, 1
64437, 1
64438, 1
64439, 1
64443, 1
64446, 1
64458, 2
64463, 2
64464, 1
64466, 1
64479, 1
64481, 1
64489, 1
64490, 1
64513, 1
64518, 1
64526, 1
64528, 1
64531, 1
64540, 1
64542, 1
64546, 1
64548, 1
64551, 2
64552, 1
64559, 1
64561, 1
64584, 1
64588, 1
64593, 1
64600, 2
64602, 2
64609, 1
64627, 3
64628, 1
64634, 1
64635, 1
64638, 2
64639, 1
64641, 1
64646, 1
64677, 1
64693, 1
64696, 1
64698, 1
64701, 1
64702, 1
64716, 1
64717, 1
64718, 1
64724, 1
64730, 1
64742, 1
64745, 1
64747, 1
64753, 1
64759, 1
64764, 1
64779, 1
64787, 1
64788, 1
64791, 1
64799, 1
64804, 1
64808, 1
64809, 1
64810, 2
64819, 1
64829, 1
64838, 1
64849, 1
64856, 1
64857, 1
64860, 2
64865, 1
64867, 1
64868, 1
64870, 1
64872, 1
64878, 1
64886, 1
64905, 1
64917, 2
64925, 1
64926, 1
64927, 1
64930, 1
64932, 1
64935, 1
64953, 1
64963, 2
64966, 1
64969, 1
64973, 1
64982, 1
64989, 1
65000, 1
65002, 1
65007, 1
65008, 1
65020, 1
65033, 1
65040, 1
65043, 2
65044, 1
65046, 1
65047, 1
65051, 1
65053, 1
65073, 1
65077, 1
65080, 1
65082, 1
65086, 1
65104, 1
65113, 1
65117, 1
65120, 1
65123, 1
65126, 2
65128, 1
65137, 1
65140, 1
65143, 1
65147, 1
65152, 1
65163, 1
65173, 1
65186, 1
65191, 1
65199, 1
65200, 1
65202, 1
65206, 2
65211, 1
65214, 1
65218, 2
65225, 1
65233, 1
65234, 1
65237, 1
65241, 1
65253, 1
65258, 1
65270, 1
65271, 1
65277, 1
65278, 1
65284, 1
65294, 1
65297, 1
65304, 1
65306, 1
65310, 1
65313, 1
65320, 1
65322, 2
65323, 1
65324, 1
65346, 1
65352, 1
65354, 1
65365, 1
65384, 1
65387, 1
65389, 1
65393, 1
65399, 1
65410, 2
65411, 1
65413, 1
65425, 1
65428, 1
65431, 1
65442, 1
65449, 1
65464, 1
65468, 1
65471, 2
65473, 1
65476, 1
65477, 1
65482, 1
65483, 1
65488, 1
65500, 1
65503, 1
65509, 1
65512, 1
65513, 1
65517, 1
65531, 1
65532, 1
65535, 1
65539, 1
65543, 1
65551, 1
65552, 1
65555, 3
65568, 1
65569, 1
65588, 1
65615, 1
65618, 1
65623, 1
65629, 1
65638, 2
65643, 1
65645, 1
65646, 1
65663, 1
65665, 2
65673, 1
65681, 1
65684, 1
65695, 2
65710, 1
65716, 1
65730, 1
65734, 1
65736, 1
65737, 1
65738, 1
65741, 1
65743, 2
65746, 1
65762, 1
65769, 1
65785, 1
65791, 1
65796, 1
65800, 1
65801, 1
65805, 1
65807, 1
65811, 2
65826, 2
65831, 2
65832, 1
65834, 2
65846, 1
65847, 1
65865, 1
65881, 1
65882, 1
65894, 1
65895, 1
65899, 1
65901, 2
65910, 1
65914, 2
65915, 1
65921, 1
65922, 1
65924, 1
65928, 1
65937, 1
65941, 1
65952, 1
65956, 1
65975, 1
65977, 1
65980, 1
65986, 1
65994, 1
65995, 1
66004, 1
66005, 2
66011, 1
66013, 1
66020, 1
66021, 1
66030, 1
66037, 1
66043, 1
66044, 1
66047, 1
66059, 1
66069, 2
66077, 2
66079, 1
66082, 1
66090, 1
66111, 1
66146, 1
66151, 1
66153, 1
66157, 1
66159, 1
66163, 1
66164, 1
66176, 1
66228, 1
66232, 1
66370, 1
66387, 1
66426, 1
66491, 1
79430, 1
79435, 1
79446, 1
79450, 1
79485, 1
79491, 2
79513, 1
79516, 1
79521, 1
79525, 2
79534, 1
79561, 1
79563, 1
79567, 1
79570, 1
79572, 1
79579, 1
79596, 2
79599, 1
79627, 1
79632, 1
79654, 1
79662, 1
79665, 1
79669, 1
79676, 1
79677, 1
79679, 1
79688, 1
79693, 1
79696, 1
79714, 1
79718, 1
79738, 1
79747, 1
79751, 1
79767, 1
79770, 1
79771, 1
79774, 1
79776, 2
79778, 1
79779, 1
79783, 1
79785, 1
79798, 1
79803, 1
79813, 1
79816, 1
79823, 1
79830, 1
79834, 1
79836, 1
79838, 1
79841, 2
79848, 1
79849, 2
79852, 1
79871, 1
79884, 1
79891, 1
79898, 1
79932, 1
79939, 1
79940, 1
79941, 1
79943, 1
79944, 1
79945, 1
79949, 1
79953, 1
79954, 1
79955, 1
79970, 1
79973, 1
79977, 1
79979, 1
79982, 1
79985, 1
79991, 1
80004, 1
80007, 1
80015, 2
80019, 1
80022, 1
80024, 1
80025, 1
80028, 1
80049, 1
80054, 1
80057, 1
80058, 1
80060, 1
80068, 1
80074, 1
80076, 1
80082, 1
80084, 1
80107, 1
80109, 1
80110, 1
80111, 1
80112, 1
80116, 1
80123, 1
80124, 1
80142, 1
80153, 1
80175, 1
80184, 2
80186, 2
80188, 1
80190, 1
80197, 1
80199, 1
80200, 2
80207, 3
80208, 2
80209, 1
80227, 1
80239, 1
80242, 1
80243, 1
80255, 1
80259, 1
80269, 1
80270, 1
80275, 1
80282, 1
80284, 1
80292, 1
80293, 1
80300, 1
80305, 1
80312, 1
80325, 1
80331, 1
80334, 1
80336, 1
80346, 1
80347, 1
80361, 1
80373, 1
80379, 1
80386, 1
80388, 1
80389, 1
80392, 1
80396, 1
80401, 1
80402, 1
80411, 1
80421, 1
80424, 2
80435, 1
80444, 1
80448, 1
80452, 2
80454, 1
80460, 1
80463, 1
80465, 1
80476, 1
80493, 1
80495, 1
80506, 1
80513, 1
80519, 1
80521, 1
80524, 2
80527, 1
80529, 1
80530, 1
80540, 1
80557, 1
80559, 1
80565, 1
80567, 1
80579, 1
80587, 1
80591, 1
80592, 1
80606, 1
80608, 2
80613, 1
80618, 1
80621, 1
80622, 1
80625, 2
80632, 1
80636, 2
80656, 1
80668, 1
80669, 1
80690, 1
80698, 1
80699, 1
80708, 1
80711, 1
80714, 1
80718, 1
80723, 1
80725, 1
80738, 1
80740, 1
80746, 1
80760, 1
80761, 1
80765, 1
80781, 1
80787, 1
80789, 2
80790, 1
80791, 1
80793, 1
80794, 1
80795, 1
80798, 1
80803, 1
80804, 1
80838, 1
80846, 1
80848, 1
80849, 1
80854, 2
80860, 1
80867, 1
80871, 1
80872, 1
80881, 1
80883, 1
80890, 2
80891, 1
80892, 1
80894, 1
80896, 1
80899, 1
80903, 1
80904, 1
80910, 1
80926, 1
80934, 1
80935, 1
80940, 1
80946, 1
80949, 1
80953, 1
80959, 1
80961, 1
80965, 2
80966, 1
80974, 1
80988, 1
80990, 1
81013, 1
81017, 1
81020, 1
81022, 1
81039, 1
81046, 1
81047, 1
81049, 1
81051, 1
81056, 1
81059, 1
81071, 1
81073, 1
81079, 1
81089, 1
81103, 1
81106, 1
81107, 1
81117, 1
81118, 1
81119, 1
81120, 1
81123, 1
81127, 1
81135, 1
81136, 1
81140, 1
81141, 1
81143, 1
81149, 1
81150, 1
81152, 1
81176, 1
81184, 1
81191, 1
81195, 1
81196, 1
81198, 1
81207, 1
81212, 1
81213, 2
81219, 1
81224, 1
81242, 1
81246, 1
81250, 1
81266, 1
81275, 1
81287, 1
81290, 1
81292, 2
81296, 1
81300, 1
81305, 1
81312, 1
81313, 1
81318, 1
81323, 1
81330, 1
81341, 1
81342, 1
81347, 1
81350, 1
81370, 1
81387, 2
81389, 1
81390, 1
81393, 1
81397, 2
81398, 1
81399, 1
81401, 2
81423, 1
81429, 1
81444, 1
81446, 1
81454, 1
81464, 1
81465, 1
81477, 1
81481, 1
81482, 1
81483, 1
81487, 1
81489, 1
81497, 1
81501, 1
81514, 1
81521, 2
81530, 1
81533, 1
81536, 2
81542, 1
81543, 2
81553, 1
81564, 1
81567, 1
81572, 1
81575, 1
81576, 1
81577, 1
81585, 1
81601, 1
81614, 1
81622, 1
81623, 1
81629, 1
81634, 1
81635, 1
81647, 2
81653, 1
81671, 1
81678, 1
81681, 1
81703, 2
81716, 1
81721, 1
81728, 2
81731, 1
81739, 1
81826, 1
81831, 1
81834, 1
89262, 1
89276, 1
89292, 1
89315, 1
89326, 1
89352, 1
89355, 1
89357, 1
89367, 1
89387, 1
89405, 1
89410, 1
89415, 2
89419, 1
89428, 1
89429, 1
89440, 1
89454, 1
89475, 1
89489, 2
89491, 1
89494, 2
89495, 1
89512, 2
89521, 1
89522, 1
89526, 1
89535, 1
89549, 1
89564, 1
89568, 1
89572, 2
89576, 1
89583, 1
89588, 1
89590, 1
89594, 1
89604, 1
89606, 1
89610, 1
89623, 1
89627, 1
89647, 1
89651, 1
89658, 1
89661, 1
89662, 1
89666, 1
89672, 1
89674, 1
89682, 1
89685, 1
89695, 1
89696, 1
89700, 1
89710, 1
89717, 1
89720, 1
89728, 1
89735, 1
89737, 1
89744, 1
89746, 1
89754, 1
89759, 1
89761, 1
89765, 1
89766, 1
89768, 1
89771, 1
89782, 1
89786, 1
89788, 1
89793, 1
89811, 1
89821, 1
89826, 1
89828, 1
89829, 1
89844, 1
89846, 1
89848, 1
89852, 1
89864, 1
89866, 1
89874, 1
89889, 1
89890, 1
89891, 2
89899, 1
89910, 1
89911, 1
89921, 1
89926, 1
89938, 1
89939, 1
89941, 3
89952, 2
89962, 2
89972, 1
89974, 1
89975, 1
89993, 1
89994, 1
90002, 1
90009, 1
90019, 1
90025, 1
90031, 1
90038, 1
90040, 1
90048, 1
90057, 1
90061, 1
90062, 1
90072, 1
90075, 1
90085, 1
90090, 1
90093, 2
90099, 1
90101, 1
90102, 1
90106, 1
90107, 1
90110, 1
90114, 1
90115, 1
90118, 1
90134, 1
90135, 1
90137, 1
90161, 1
90167, 1
90169, 2
90174, 1
90178, 1
90184, 1
90187, 1
90188, 1
90189, 1
90191, 1
90193, 1
90213, 1
90218, 1
90220, 1
90231, 1
90244, 2
90248, 1
90255, 2
90258, 1
90259, 1
90263, 1
90272, 1
90273, 1
90275, 1
90278, 1
90281, 1
90288, 1
90296, 1
90306, 1
90318, 1
90338, 1
90339, 1
90344, 2
90346, 1
90351, 1
90356, 1
90378, 1
90381, 1
90384, 1
90387, 2
90397, 1
90404, 1
90419, 1
90422, 1
90423, 1
90427, 1
90433, 2
90437, 1
90441, 1
90442, 1
90444, 1
90456, 1
90460, 1
90464, 1
90466, 1
90476, 2
90479, 1
90489, 1
90490, 1
90503, 1
90510, 1
90511, 1
90512, 1
90525, 1
90527, 1
90530, 1
90534, 1
90537, 1
90567, 2
90572, 1
90574, 1
90575, 1
90590, 1
90595, 1
90597, 1
90601, 1
90603, 1
90604, 1
90606, 1
90611, 2
90619, 1
90621, 1
90624, 1
90625, 1
90645, 1
90652, 1
90660, 1
90671, 1
90692, 2
90700, 1
90707, 1
90710, 1
90711, 1
90716, 1
90718, 1
90720, 1
90725, 1
90726, 1
90750, 1
90757, 1
90761, 1
90767, 1
90773, 1
90774, 1
90776, 1
90780, 1
90782, 1
90785, 2
90790, 1
90794, 1
90796, 1
90798, 1
90802, 1
90819, 1
90823, 1
90825, 1
90838, 1
90846, 2
90849, 1
90855, 1
90858, 1
90878, 1
90880, 1
90884, 1
90889, 2
90893, 1
90895, 1
90896, 2
90920, 1
90924, 1
90927, 1
90928, 1
90929, 1
90939, 1
90940, 1
90948, 1
90949, 1
90951, 1
90953, 1
90959, 1
90962, 2
90990, 1
90991, 1
90995, 1
91002, 1
91017, 1
91020, 1
91023, 1
91027, 2
91031, 1
91041, 1
91042, 1
91044, 1
91050, 1
91070, 2
91071, 1
91081, 1
91091, 1
91097, 1
91108, 1
91112, 1
91113, 1
91117, 1
91120, 1
91122, 1
91124, 1
91125, 2
91138, 2
91146, 1
91152, 1
91156, 1
91160, 1
91161, 1
91182, 1
91190, 1
91194, 1
91198, 1
91201, 1
91206, 1
91210, 1
91212, 1
91214, 1
91217, 2
91218, 1
91225, 1
91234, 1
91237, 1
91241, 1
91257, 1
91276, 1
91282, 1
91290, 3
91291, 1
91308, 1
91311, 1
91313, 1
91327, 1
91336, 1
91342, 1
91343, 1
91356, 1
91363, 1
91368, 3
91375, 1
91377, 2
91383, 1
91388, 1
91400, 1
91404, 1
91406, 1
91408, 1
91418, 1
91424, 1
91430, 1
91433, 1
91434, 1
91438, 1
91441, 1
91455, 1
91461, 1
91466, 1
91467, 1
91477, 1
91478, 1
91489, 1
91522, 1
91540, 1
91543, 1
91546, 1
91578, 1
91618, 1
91623, 1
91634, 1
91645, 2
91655, 1
91657, 1
91661, 1
91674, 1
91704, 1
91713, 1
99079, 1
99093, 1
99099, 1
99123, 1
99170, 1
99179, 1
99186, 1
99206, 1
99213, 1
99215, 1
99234, 1
99258, 1
99262, 2
99267, 1
99271, 1
99273, 1
99274, 1
99276, 1
99289, 2
99311, 1
99320, 1
99322, 1
99326, 1
99345, 1
99357, 1
99360, 1
99362, 1
99363, 1
99365, 1
99369, 1
99384, 1
99387, 1
99394, 1
99399, 1
99403, 1
99412, 1
99420, 1
99425, 1
99430, 1
99432, 1
99433, 1
99435, 1
99440, 1
99443, 1
99444, 2
99448, 1
99451, 1
99453, 1
99458, 1
99462, 1
99470, 1
99473, 1
99481, 1
99491, 1
99494, 1
99509, 1
99510, 1
99511, 1
99519, 1
99520, 1
99526, 1
99531, 1
99537, 1
99539, 1
99549, 1
99558, 1
99571, 1
99575, 1
99589, 1
99597, 1
99600, 1
99604, 2
99605, 2
99607, 1
99617, 1
99622, 1
99626, 1
99633, 1
99648, 1
99649, 1
99659, 1
99669, 1
99672, 1
99675, 1
99676, 1
99679, 1
99684, 1
99690, 1
99696, 1
99702, 1
99703, 1
99706, 1
99712, 1
99714, 1
99719, 1
99732, 1
99742, 2
99753, 1
99761, 1
99772, 1
99777, 1
99782, 1
99788, 1
99791, 1
99792, 1
99793, 1
99796, 2
99804, 1
99809, 1
99810, 1
99813, 1
99828, 2
99832, 2
99856, 1
99873, 3
99874, 1
99876, 1
99878, 1
99895, 1
99898, 1
99914, 1
99916, 1
99919, 1
99920, 1
99932, 1
99936, 1
99939, 1
99950, 1
99953, 1
99954, 1
99957, 1
99958, 1
99965, 1
99989, 1
99991, 1
100000, 1
100005, 1
100011, 1
100014, 1
100015, 1
100016, 1
100018, 1
100020, 1
100027, 1
100031, 1
100033, 1
100040, 1
100044, 2
100046, 1
100047, 1
100048, 1
100049, 1
100082, 1
100089, 1
100094, 1
100098, 1
100109, 1
100112, 1
100113, 1
100115, 1
100116, 1
100119, 1
100124, 1
100127, 1
100137, 1
100141, 1
100146, 1
100156, 1
100165, 1
100166, 1
100176, 1
100179, 1
100195, 1
100203, 1
100208, 1
100210, 1
100212, 2
100213, 1
100214, 1
100215, 1
100220, 3
100224, 1
100238, 1
100259, 1
100263, 1
100267, 1
100272, 1
100279, 1
100290, 1
100291, 1
100306, 2
100309, 2
100312, 1
100317, 1
100328, 1
100330, 1
100331, 1
100333, 1
100353, 1
100355, 1
100358, 1
100359, 1
100360, 1
100363, 1
100369, 1
100372, 1
100379, 1
100380, 2
100386, 1
100390, 1
100406, 1
100408, 1
100427, 1
100431, 1
100434, 1
100437, 2
100439, 1
100447, 1
100458, 1
100459, 1
100463, 1
100471, 1
100472, 1
100480, 1
100485, 1
100491, 1
100511, 1
100529, 1
100531, 1
100532, 1
100539, 1
100540, 1
100548, 1
100549, 1
100551, 1
100553, 1
100555, 1
100556, 1
100559, 1
100560, 1
100570, 1
100573, 1
100580, 1
100599, 1
100601, 1
100605, 1
100621, 1
100632, 1
100633, 1
100635, 1
100636, 1
100641, 1
100643, 1
100647, 1
100656, 1
100675, 1
100682, 1
100693, 2
100694, 1
100697, 1
100698, 1
100707, 2
100721, 2
100727, 1
100728, 1
100730, 1
100732, 1
100734, 1
100737, 1
100741, 1
100743, 1
100750, 1
100755, 1
100765, 1
100767, 1
100771, 1
100777, 1
100789, 1
100802, 1
100810, 1
100812, 1
100815, 1
100819, 1
100820, 1
100821, 1
100825, 1
100826, 1
100831, 1
100849, 1
100859, 1
100861, 1
100863, 1
100865, 2
100877, 1
100878, 2
100881, 1
100896, 1
100902, 1
100903, 1
100906, 1
100911, 1
100916, 1
100918, 1
100926, 1
100950, 1
100955, 1
100956, 1
100968, 1
100971, 1
100972, 1
100976, 1
100981, 1
100982, 1
100990, 1
100992, 1
100994, 1
100999, 1
101013, 1
101022, 1
101031, 1
101041, 1
101042, 1
101043, 1
101047, 1
101048, 1
101055, 1
101058, 1
101059, 1
101065, 1
101068, 1
101071, 1
101080, 1
101089, 1
101090, 1
101109, 1
101110, 1
101114, 2
101120, 1
101130, 2
101135, 1
101138, 1
101145, 1
101150, 1
101159, 1
101161, 1
101165, 1
101175, 1
101178, 1
101196, 1
101207, 1
101221, 1
101224, 1
101230, 1
101237, 1
101238, 2
101243, 1
101253, 1
101256, 2
101266, 1
101286, 1
101304, 1
101310, 1
101314, 1
101318, 2
101325, 2
101330, 1
101363, 1
101373, 1
101376, 1
101413, 1
101416, 1
101435, 1
101449, 1
101523, 1
101546, 1
101560, 1
101562, 1
101589, 1
108900, 1
108908, 1
108920, 1
108975, 1
109003, 1
109015, 1
109028, 1
109052, 1
109060, 1
109072, 1
109074, 1
109076, 1
109077, 1
109099, 1
109103, 1
109113, 1
109133, 1
109134, 1
109137, 1
109138, 1
109150, 1
109153, 1
109154, 1
109165, 1
109171, 1
109179, 1
109180, 1
109188, 1
109194, 1
109203, 1
109218, 1
109219, 1
109234, 1
109235, 2
109238, 1
109244, 2
109248, 1
109249, 1
109271, 1
109279, 1
109284, 1
109286, 1
109289, 1
109290, 1
109291, 1
109294, 1
109298, 1
109314, 1
109325, 1
109326, 1
109329, 1
109333, 1
109338, 1
109349, 1
109357, 1
109359, 1
109361, 1
109362, 1
109365, 1
109375, 1
109387, 1
109395, 1
109401, 1
109403, 1
109412, 1
109413, 1
109414, 1
109424, 1
109427, 1
109428, 1
109429, 1
109436, 1
109439, 1
109442, 1
109450, 1
109460, 1
109470, 1
109471, 1
109474, 1
109484, 1
109488, 1
109490, 1
109492, 1
109504, 1
109506, 1
109507, 1
109515, 2
109518, 1
109531, 1
109540, 1
109546, 1
109557, 1
109564, 1
109572, 1
109582, 1
109583, 1
109584, 1
109586, 1
109589, 1
109594, 1
109596, 1
109601, 1
109611, 1
109613, 1
109617, 1
109625, 1
109637, 2
109653, 1
109654, 1
109655, 1
109659, 1
109666, 1
109680, 1
109683, 2
109689, 1
109693, 1
109695, 1
109709, 1
109710, 1
109730, 1
109734, 1
109735, 1
109736, 1
109738, 1
109744, 1
109745, 1
109759, 1
109760, 1
109764, 1
109772, 2
109773, 1
109791, 1
109798, 1
109804, 1
109805, 1
109818, 2
109821, 2
109836, 1
109849, 1
109851, 3
109855, 2
109861, 2
109872, 1
109876, 1
109887, 1
109900, 2
109902, 1
109905, 1
109918, 1
109923, 1
109926, 1
109932, 1
109943, 1
109954, 1
109957, 1
109963, 1
109966, 1
109971, 1
109976, 1
109980, 1
109981, 1
109982, 1
109986, 1
109987, 1
110004, 1
110005, 1
110016, 1
110024, 1
110027, 1
110029, 1
110031, 1
110032, 1
110034, 1
110042, 1
110045, 1
110079, 1
110086, 1
110087, 1
110093, 1
110095, 1
110096, 2
110101, 1
110107, 2
110110, 1
110112, 1
110119, 1
110125, 1
110130, 2
110141, 1
110151, 1
110157, 1
110161, 1
110164, 1
110167, 1
110180, 1
110182, 1
110187, 1
110188, 1
110191, 1
110192, 2
110196, 1
110197, 1
110198, 1
110210, 1
110225, 1
110240, 1
110241, 1
110245, 1
110265, 1
110266, 1
110269, 1
110274, 1
110288, 1
110291, 1
110293, 1
110297, 1
110300, 1
110302, 1
110309, 1
110320, 1
110322, 1
110329, 1
110332, 2
110342, 1
110347, 1
110353, 1
110355, 1
110361, 1
110366, 1
110370, 1
110371, 1
110375, 2
110392, 1
110395, 1
110401, 1
110406, 1
110413, 1
110416, 1
110417, 1
110419, 1
110423, 1
110435, 1
110442, 1
110448, 1
110454, 1
110455, 1
110456, 1
110467, 1
110481, 1
110488, 1
110500, 1
110512, 1
110514, 2
110519, 1
110521, 1
110526, 1
110534, 1
110537, 1
110538, 1
110542, 1
110543, 1
110550, 1
110562, 1
110583, 1
110584, 2
110588, 1
110589, 1
110596, 1
110610, 1
110612, 1
110614, 1
110619, 1
110620, 1
110624, 1
110628, 1
110630, 1
110633, 1
110638, 1
110658, 1
110660, 1
110664, 1
110678, 1
110682, 1
110683, 2
110698, 1
110704, 1
110710, 1
110711, 1
110716, 1
110717, 1
110720, 1
110722, 2
110734, 1
110741, 1
110742, 1
110748, 1
110762, 1
110764, 1
110768, 1
110769, 1
110776, 1
110780, 1
110783, 1
110785, 1
110795, 1
110802, 1
110807, 1
110810, 1
110814, 2
110828, 1
110835, 1
110837, 1
110838, 1
110860, 1
110866, 1
110870, 2
110874, 1
110875, 1
110883, 1
110885, 1
110887, 1
110888, 1
110893, 1
110902, 1
110908, 1
110928, 1
110937, 1
110940, 1
110949, 1
110952, 1
110953, 1
110954, 1
110959, 1
110962, 1
110967, 1
110971, 1
110972, 1
110980, 1
110992, 1
110993, 1
110997, 1
110998, 1
110999, 1
111014, 1
111021, 1
111023, 1
111027, 1
111029, 1
111044, 1
111047, 1
111048, 1
111054, 1
111055, 1
111056, 1
111057, 1
111058, 1
111067, 1
111071, 1
111078, 1
111100, 1
111114, 1
111125, 1
111126, 1
111128, 2
111136, 1
111142, 1
111154, 1
111164, 1
111184, 1
111204, 1
111205, 1
111216, 1
111222, 1
111230, 1
111231, 1
111240, 1
111244, 1
111255, 1
111260, 1
111279, 1
111286, 1
111287, 1
118609, 1
118702, 1
118735, 1
118801, 1
118811, 1
118832, 1
118834, 1
118848, 1
118856, 1
118857, 1
118863, 1
118865, 2
118880, 1
118883, 1
118896, 1
118905, 1
118915, 1
118917, 1
118919, 1
118926, 2
118930, 1
118947, 1
118958, 1
118973, 1
118983, 1
118986, 1
118988, 1
118996, 1
118998, 1
118999, 1
119009, 1
119015, 1
119025, 1
119028, 1
119032, 1
119044, 1
119053, 1
119055, 1
119070, 1
119073, 1
119089, 1
119090, 1
119093, 1
119096, 1
119108, 2
119114, 2
119116, 1
119121, 1
119127, 1
119135, 2
119136, 1
119146, 1
119149, 1
119158, 1
119168, 1
119172, 1
119173, 1
119182, 1
119187, 1
119196, 1
119199, 1
119205, 1
119211, 1
119224, 1
119225, 1
119228, 1
119229, 1
119231, 2
119237, 1
119248, 1
119254, 1
119255, 1
119261, 1
119264, 1
119271, 1
119280, 1
119285, 1
119290, 1
119296, 1
119297, 1
119302, 1
119314, 1
119328, 1
119338, 1
119343, 1
119346, 1
119350, 1
119353, 1
119359, 1
119361, 1
119362, 1
119364, 2
119367, 1
119368, 1
119380, 1
119383, 2
119400, 1
119410, 2
119421, 1
119426, 2
119433, 1
119435, 1
119440, 1
119449, 2
119451, 1
119455, 1
119459, 1
119468, 1
119469, 1
119477, 1
119484, 1
119517, 1
119518, 1
119525, 1
119526, 1
119530, 1
119539, 1
119540, 1
119544, 1
119545, 1
119547, 1
119549, 2
119558, 1
119560, 1
119562, 1
119563, 1
119588, 1
119600, 1
119608, 1
119610, 2
119614, 1
119616, 1
119617, 1
119624, 1
119627, 1
119631, 2
119643, 1
119655, 1
119657, 1
119661, 1
119665, 1
119680, 1
119682, 1
119692, 1
119697, 1
119705, 1
119713, 1
119715, 2
119720, 1
119726, 1
119737, 1
119738, 1
119744, 1
119753, 1
119757, 1
119765, 1
119767, 1
119776, 1
119781, 2
119782, 2
119787, 1
119788, 1
119792, 1
119794, 1
119811, 1
119813, 1
119833, 1
119844, 1
119852, 1
119853, 1
119855, 1
119861, 1
119875, 1
119880, 3
119882, 1
119886, 1
119893, 1
119895, 1
119907, 1
119912, 1
119913, 1
119915, 1
119928, 1
119929, 1
119935, 1
119939, 1
119953, 1
119954, 1
119956, 1
119957, 1
119964, 1
119969, 1
119970, 1
119975, 1
119977, 1
119991, 1
120009, 2
120010, 1
120018, 1
120027, 1
120031, 1
120042, 2
120043, 1
120045, 1
120046, 1
120050, 1
120054, 1
120065, 1
120066, 1
120067, 1
120071, 1
120083, 1
120091, 1
120094, 1
120105, 1
120106, 1
120109, 1
120117, 1
120122, 1
120128, 1
120129, 1
120131, 1
120134, 2
120151, 1
120154, 1
120160, 1
120162, 1
120167, 1
120182, 1
120191, 1
120213, 2
120217, 1
120218, 1
120221, 1
120225, 1
120231, 2
120232, 1
120233, 1
120240, 2
120246, 1
120261, 1
120271, 1
120274, 1
120276, 1
120286, 1
120289, 1
120294, 2
120299, 2
120300, 1
120306, 1
120307, 1
120308, 1
120315, 1
120340, 1
120350, 1
120351, 1
120352, 1
120355, 2
120375, 1
120376, 1
120377, 1
120379, 1
120380, 1
120384, 1
120387, 1
120390, 1
120412, 1
120413, 1
120423, 1
120439, 1
120450, 1
120456, 1
120458, 1
120462, 1
120471, 2
120475, 2
120476, 1
120486, 1
120489, 1
120503, 1
120504, 2
120514, 1
120518, 1
120521, 1
120526, 1
120527, 1
120542, 1
120546, 1
120547, 1
120550, 1
120554, 1
120558, 1
120561, 1
120569, 1
120571, 1
120593, 1
120605, 1
120610, 1
120616, 1
120617, 1
120620, 1
120637, 2
120639, 1
120644, 1
120649, 1
120658, 1
120661, 1
120663, 1
120665, 1
120669, 1
120671, 1
120674, 1
120682, 1
120688, 1
120692, 1
120708, 1
120714, 1
120716, 1
120721, 1
120722, 1
120725, 1
120727, 1
120729, 1
120735, 1
120737, 1
120744, 1
120748, 1
120753, 1
120755, 1
120786, 1
120790, 1
120792, 1
120793, 1
120795, 1
120803, 1
120805, 1
120808, 2
120810, 2
120821, 1
120836, 1
120837, 2
120842, 1
120851, 1
120862, 1
120864, 1
120874, 1
120880, 1
120885, 1
120893, 1
120907, 1
120908, 1
120914, 1
120916, 1
120917, 1
120923, 1
120930, 1
120935, 1
120944, 1
120946, 1
120962, 1
120970, 1
120975, 1
120978, 1
120981, 1
120982, 1
120998, 1
121034, 1
121037, 1
121050, 1
121057, 1
121067, 1
121076, 1
121081, 1
121104, 1
121187, 1
121256, 1
128629, 1
128633, 1
128637, 1
128660, 1
128667, 1
128693, 1
128694, 2
128705, 1
128754, 1
128755, 1
128757, 1
128769, 1
128773, 2
128782, 1
128784, 1
128789, 1
128791, 1
128797, 1
128805, 1
128814, 1
128818, 1
128826, 1
128837, 1
128842, 2
128845, 1
128851, 1
128852, 1
128854, 2
128866, 1
128880, 1
128883, 1
128884, 1
128901, 1
128914, 1
128920, 1
128924, 1
128925, 1
128927, 1
128935, 1
128944, 1
128947, 1
128950, 1
128952, 1
128953, 1
128954, 1
128959, 1
128960, 1
128980, 1
128996, 1
128997, 1
129000, 2
129006, 1
129009, 1
129012, 1
129016, 1
129020, 1
129021, 1
129029, 1
129036, 1
129050, 1
129057, 1
129069, 1
129075, 1
129082, 1
129084, 1
129085, 1
129086, 1
129090, 1
129106, 1
129114, 1
129117, 1
129118, 1
129122, 1
129124, 2
129140, 1
129148, 1
129152, 1
129154, 1
129156, 1
129170, 1
129181, 1
129185, 1
129192, 1
129193, 1
129194, 1
129202, 1
129204, 1
129206, 1
129222, 1
129239, 2
129241, 2
129242, 1
129244, 1
129251, 1
129255, 1
129257, 1
129269, 1
129274, 1
129276, 2
129279, 1
129294, 1
129301, 1
129307, 1
129312, 1
129324, 1
129343, 1
129345, 1
129346, 1
129349, 1
129352, 2
129354, 1
129357, 1
129374, 1
129377, 1
129379, 1
129382, 2
129384, 1
129388, 1
129389, 1
129394, 1
129407, 1
129433, 1
129434, 1
129435, 1
129441, 1
129446, 1
129453, 1
129456, 1
129457, 1
129458, 1
129461, 1
129464, 1
129466, 1
129468, 1
129474, 2
129475, 1
129489, 1
129499, 1
129510, 1
129527, 1
129528, 1
129534, 1
129544, 1
129545, 1
129546, 1
129550, 1
129559, 1
129560, 1
129563, 1
129564, 1
129573, 1
129598, 1
129604, 1
129608, 1
129617, 1
129618, 1
129619, 1
129625, 1
129626, 1
129630, 2
129633, 1
129637, 1
129640, 1
129645, 1
129668, 1
129671, 1
129681, 1
129683, 1
129684, 1
129686, 1
129687, 2
129695, 1
129698, 1
129704, 1
129705, 2
129711, 1
129733, 1
129738, 2
129756, 1
129757, 1
129759, 1
129768, 1
129772, 1
129783, 1
129785, 1
129788, 1
129790, 1
129792, 1
129793, 1
129796, 1
129797, 1
129799, 1
129808, 1
129815, 1
129824, 1
129844, 1
129847, 1
129864, 1
129868, 1
129875, 1
129876, 1
129880, 2
129885, 1
129893, 1
129919, 1
129925, 1
129930, 1
129931, 1
129939, 1
129942, 1
129943, 1
129949, 1
129953, 1
129957, 1
129959, 2
129961, 1
129971, 1
129977, 1
129978, 1
129982, 1
129985, 1
129991, 1
129998, 1
130001, 1
130003, 1
130005, 1
130035, 1
130036, 1
130039, 1
130045, 1
130050, 2
130051, 1
130066, 1
130072, 2
130073, 1
130075, 1
130076, 1
130080, 1
130085, 1
130090, 1
130099, 1
130102, 1
130107, 1
130119, 1
130121, 1
130124, 1
130129, 1
130137, 2
130138, 1
130141, 2
130142, 1
130157, 2
130171, 1
130183, 2
130190, 1
130194, 1
130195, 1
130209, 1
130220, 1
130222, 1
130225, 1
130227, 1
130228, 1
130242, 1
130252, 1
130253, 1
130256, 1
130271, 1
130287, 1
130288, 1
130293, 1
130295, 1
130299, 1
130301, 1
130302, 1
130309, 2
130310, 1
130313, 1
130316, 1
130319, 1
130320, 1
130321, 1
130322, 1
130327, 1
130347, 1
130351, 1
130353, 1
130362, 1
130370, 1
130375, 1
130388, 1
130391, 1
130393, 1
130406, 1
130407, 1
130409, 1
130417, 1
130454, 1
130456, 1
130460, 1
130471, 1
130475, 1
130476, 1
130479, 2
130482, 1
130485, 1
130490, 1
130495, 2
130496, 1
130498, 1
130519, 1
130528, 1
130534, 1
130542, 1
130544, 1
130549, 1
130556, 2
130558, 1
130561, 1
130562, 1
130568, 1
130573, 1
130577, 1
130579, 1
130580, 1
130584, 1
130607, 1
130609, 1
130612, 1
130613, 1
130627, 1
130628, 1
130640, 1
130641, 1
130648, 2
130654, 1
130665, 1
130676, 1
130681, 1
130684, 2
130687, 1
130701, 1
130711, 2
130718, 1
130721, 1
130722, 1
130734, 2
130744, 1
130745, 2
130753, 1
130755, 1
130763, 1
130765, 1
130776, 1
130785, 1
130802, 1
130805, 1
130806, 1
130808, 1
130809, 1
130820, 1
130824, 1
130825, 1
130834, 1
130836, 1
130840, 1
130848, 1
130866, 1
130869, 1
130896, 1
130902, 1
130905, 1
130972, 1
130976, 1
131001, 1
131051, 1
131063, 1
131073, 1
138346, 1
138393, 1
138397, 1
138398, 1
138413, 1
138415, 1
138423, 1
138456, 1
138467, 1
138476, 1
138478, 1
138500, 1
138501, 1
138518, 1
138520, 2
138527, 1
138540, 1
138547, 1
138558, 1
138562, 1
138569, 1
138573, 1
138574, 1
138575, 1
138576, 1
138577, 1
138584, 1
138590, 1
138594, 1
138595, 2
138600, 1
138601, 1
138607, 1
138627, 1
138628, 1
138643, 1
138651, 1
138654, 1
138660, 1
138667, 1
138672, 1
138676, 1
138677, 1
138681, 1
138683, 1
138690, 1
138699, 1
138709, 1
138735, 1
138740, 1
138742, 1
138743, 1
138748, 1
138749, 1
138752, 1
138754, 1
138756, 2
138760, 1
138773, 1
138779, 1
138781, 1
138791, 1
138794, 1
138802, 1
138815, 1
138822, 1
138824, 1
138827, 2
138842, 1
138843, 2
138850, 1
138851, 1
138860, 1
138873, 1
138884, 1
138895, 1
138902, 1
138903, 1
138908, 1
138910, 2
138911, 1
138916, 1
138927, 2
138937, 1
138947, 1
138949, 1
138960, 1
138972, 2
138980, 1
138985, 1
138992, 1
138995, 1
139001, 2
139013, 1
139014, 1
139015, 1
139020, 1
139023, 2
139028, 1
139039, 1
139043, 1
139048, 1
139060, 1
139063, 1
139065, 1
139077, 1
139081, 2
139099, 1
139101, 2
139104, 1
139110, 1
139121, 2
139141, 1
139144, 1
139148, 1
139152, 1
139162, 1
139169, 2
139175, 1
139177, 2
139181, 1
139182, 1
139184, 3
139193, 1
139196, 1
139201, 1
139202, 1
139215, 2
139221, 1
139242, 1
139244, 2
139253, 1
139260, 1
139261, 1
139264, 1
139265, 2
139266, 1
139270, 1
139273, 1
139283, 1
139298, 1
139301, 1
139311, 1
139321, 1
139327, 1
139334, 1
139335, 1
139337, 1
139343, 1
139344, 1
139349, 3
139352, 1
139357, 1
139360, 1
139372, 1
139385, 1
139424, 1
139431, 1
139435, 2
139436, 1
139448, 1
139452, 1
139453, 1
139459, 1
139462, 1
139464, 1
139466, 1
139472, 1
139483, 1
139484, 1
139495, 1
139501, 1
139505, 1
139526, 2
139527, 1
139533, 1
139535, 1
139536, 1
139538, 1
139539, 2
139546, 1
139547, 1
139569, 1
139578, 2
139586, 1
139594, 1
139599, 1
139601, 1
139605, 1
139608, 1
139611, 1
139615, 1
139620, 1
139630, 1
139632, 1
139636, 1
139639, 1
139642, 1
139655, 1
139663, 1
139669, 1
139675, 1
139685, 1
139687, 1
139688, 1
139696, 3
139705, 3
139710, 1
139714, 1
139727, 1
139743, 2
139745, 1
139748, 1
139761, 1
139768, 1
139775, 1
139779, 1
139785, 1
139787, 1
139807, 1
139809, 1
139812, 1
139837, 2
139845, 1
139850, 1
139851, 1
139860, 1
139863, 1
139864, 1
139865, 1
139868, 1
139870, 1
139876, 2
139885, 2
139891, 1
139892, 1
139898, 2
139904, 1
139926, 1
139927, 1
139928, 1
139930, 1
139938, 1
139947, 1
139948, 1
139954, 1
139959, 1
139964, 1
139967, 2
139970, 2
139984, 2
139989, 1
139996, 1
140006, 1
140015, 1
140017, 1
140020, 1
140021, 1
140024, 1
140026, 1
140031, 1
140032, 2
140041, 1
140064, 1
140069, 1
140075, 1
140083, 1
140096, 1
140111, 1
140116, 1
140118, 2
140125, 2
140131, 1
140135, 1
140143, 1
140146, 1
140155, 1
140159, 1
140161, 1
140166, 1
140169, 1
140179, 1
140185, 1
140188, 1
140189, 1
140192, 1
140193, 1
140199, 1
140201, 1
140205, 1
140215, 1
140222, 1
140223, 1
140228, 2
140232, 1
140249, 1
140252, 1
140264, 1
140265, 1
140273, 1
140278, 1
140284, 1
140290, 1
140295, 1
140297, 1
140298, 1
140308, 2
140314, 1
140337, 1
140354, 1
140361, 1
140363, 1
140372, 1
140383, 1
140388, 3
140392, 1
140395, 1
140397, 2
140401, 1
140406, 1
140416, 1
140424, 1
140428, 1
140433, 1
140444, 1
140445, 1
140448, 2
140451, 1
140463, 2
140466, 2
140474, 1
140480, 1
140502, 1
140506, 1
140515, 1
140519, 1
140520, 1
140528, 2
140529, 1
140546, 1
140547, 1
140551, 1
140552, 1
140553, 1
140570, 1
140571, 1
140572, 1
140575, 1
140592, 1
140613, 1
140620, 1
140624, 1
140626, 1
140627, 1
140647, 2
140680, 1
140695, 1
140702, 1
140704, 1
141012, 1
148680, 1
148686, 1
148711, 1
148728, 1
148731, 1
148737, 1
148760, 1
148765, 1
148775, 1
148785, 1
148796, 1
148805, 2
148814, 1
148815, 1
148819, 1
148823, 1
148827, 1
148829, 1
148832, 1
148836, 1
148838, 1
148848, 1
148850, 1
148851, 1
148867, 1
148877, 1
148884, 1
148888, 1
148894, 1
148903, 1
148907, 2
148912, 2
148916, 1
148922, 1
148927, 1
148932, 1
148949, 1
148962, 1
148970, 2
148972, 1
148974, 1
148979, 1
148983, 1
148987, 3
148991, 1
149001, 1
149002, 1
149007, 1
149009, 1
149010, 1
149012, 1
149013, 1
149035, 1
149039, 1
149042, 1
149051, 1
149056, 1
149059, 1
149063, 1
149068, 1
149070, 1
149076, 1
149088, 1
149090, 1
149092, 1
149093, 2
149099, 1
149103, 1
149104, 1
149117, 1
149129, 2
149141, 1
149149, 1
149155, 1
149157, 1
149159, 1
149161, 2
149165, 2
149171, 2
149173, 1
149184, 1
149194, 1
149200, 1
149205, 1
149236, 1
149238, 1
149241, 1
149249, 1
149250, 1
149261, 1
149265, 2
149266, 1
149269, 1
149273, 1
149304, 1
149308, 1
149311, 1
149313, 1
149316, 1
149317, 2
149318, 1
149320, 1
149327, 1
149328, 1
149335, 1
149336, 1
149341, 1
149343, 3
149359, 1
149366, 1
149372, 1
149394, 1
149399, 1
149400, 1
149401, 1
149402, 1
149411, 1
149421, 1
149423, 1
149427, 1
149429, 1
149437, 1
149444, 1
149449, 2
149467, 1
149475, 1
149484, 1
149497, 1
149498, 1
149500, 1
149502, 2
149504, 1
149508, 1
149513, 3
149524, 1
149527, 1
149532, 1
149535, 1
149546, 1
149548, 1
149559, 1
149561, 1
149576, 1
149589, 2
149591, 3
149596, 1
149616, 1
149642, 1
149644, 1
149647, 1
149648, 2
149664, 1
149671, 2
149683, 1
149686, 1
149689, 1
149690, 1
149694, 1
149695, 1
149697, 2
149704, 1
149705, 1
149709, 1
149724, 1
149725, 1
149730, 1
149733, 1
149736, 1
149739, 2
149741, 1
149747, 1
149758, 1
149763, 1
149773, 1
149774, 1
149781, 1
149785, 1
149791, 2
149801, 1
149809, 1
149811, 1
149812, 1
149825, 1
149832, 1
149836, 1
149837, 1
149840, 1
149843, 1
149849, 1
149854, 1
149870, 1
149877, 1
149881, 1
149887, 1
149889, 1
149903, 2
149906, 1
149911, 1
149912, 1
149921, 1
149925, 1
149926, 1
149932, 1
149939, 1
149944, 1
149945, 1
149947, 2
149954, 1
149974, 1
149982, 1
149990, 1
149992, 1
149996, 2
150001, 1
150002, 1
150005, 1
150008, 1
150010, 1
150013, 1
150016, 1
150018, 1
150027, 1
150036, 1
150041, 1
150072, 1
150081, 1
150083, 1
150085, 1
150098, 1
150099, 1
150100, 1
150106, 1
150114, 1
150120, 1
150130, 1
150136, 1
150139, 1
150147, 1
150153, 1
150155, 2
150165, 1
150179, 1
150183, 1
150185, 1
150190, 1
150193, 1
150202, 1
150205, 1
150206, 1
150211, 1
150215, 1
150233, 1
150234, 1
150259, 2
150270, 1
150287, 1
150309, 1
150325, 2
150330, 1
150348, 1
150356, 1
150385, 1
150387, 1
150492, 1
150526, 1
