0, 1
7, 1
10, 1
11, 1
16, 1
18, 1
19, 1
20, 1
23, 3
24, 3
26, 1
27, 2
28, 1
29, 2
31, 3
33, 3
34, 4
36, 3
37, 2
38, 1
39, 2
41, 1
42, 4
43, 4
44, 4
45, 3
47, 3
48, 3
49, 2
50, 2
51, 9
52, 4
53, 6
54, 4
55, 4
56, 2
57, 5
58, 6
59, 9
60, 5
61, 8
62, 3
63, 1
64, 7
65, 6
66, 5
67, 6
68, 4
69, 6
70, 4
71, 4
72, 7
73, 5
74, 5
75, 7
76, 4
77, 3
78, 1
79, 1
80, 4
81, 2
82, 3
83, 6
84, 1
85, 1
86, 3
87, 1
88, 1
89, 1
90, 3
91, 3
92, 2
93, 3
94, 3
95, 2
96, 4
99, 1
100, 1
101, 1
102, 2
103, 1
104, 2
105, 1
106, 1
107, 5
108, 3
109, 2
110, 2
111, 1
112, 2
113, 3
114, 1
115, 3
118, 4
120, 3
122, 6
123, 1
124, 2
125, 1
128, 4
129, 3
130, 6
131, 1
132, 2
133, 2
134, 5
135, 5
136, 6
137, 2
138, 2
139, 5
140, 5
141, 6
142, 6
143, 8
144, 4
145, 4
146, 4
147, 8
148, 1
149, 6
150, 7
151, 6
152, 7
153, 4
154, 4
155, 3
156, 7
157, 1
158, 8
159, 3
160, 7
161, 6
162, 2
163, 3
164, 1
165, 5
166, 4
168, 6
169, 1
170, 1
171, 3
172, 1
173, 2
174, 1
175, 1
176, 2
177, 3
178, 4
179, 1
180, 3
181, 3
182, 2
183, 1
186, 1
187, 1
188, 2
189, 3
190, 2
191, 2
192, 1
193, 3
194, 3
195, 3
196, 1
198, 2
199, 4
200, 1
201, 2
204, 3
205, 2
206, 2
207, 2
208, 3
209, 3
211, 2
213, 2
214, 3
215, 6
216, 3
217, 1
218, 3
219, 2
220, 5
221, 6
222, 4
223, 3
224, 4
225, 2
226, 7
227, 6
228, 5
229, 8
230, 4
231, 4
232, 6
233, 5
234, 5
235, 3
236, 6
237, 9
238, 6
239, 2
240, 4
241, 6
242, 3
243, 6
244, 4
245, 4
246, 6
247, 5
248, 3
249, 2
250, 3
251, 6
252, 1
253, 2
254, 4
255, 3
257, 4
258, 1
259, 1
261, 2
262, 3
263, 3
264, 2
265, 3
266, 2
267, 3
268, 2
272, 2
273, 1
274, 2
275, 3
276, 2
277, 2
278, 1
279, 4
280, 1
281, 3
282, 1
283, 2
284, 2
285, 3
286, 1
287, 1
289, 2
290, 3
291, 2
292, 2
293, 3
294, 1
295, 2
296, 2
299, 4
300, 5
301, 4
302, 1
303, 1
304, 4
305, 5
306, 3
307, 6
308, 4
309, 3
310, 2
311, 6
312, 8
313, 5
314, 5
315, 5
316, 5
317, 5
318, 4
319, 6
320, 5
321, 5
322, 6
323, 8
324, 4
325, 1
326, 7
327, 5
328, 1
329, 9
330, 1
331, 7
332, 6
333, 5
334, 2
335, 2
336, 4
337, 3
338, 2
339, 2
340, 4
341, 2
342, 3
343, 1
344, 2
346, 1
347, 2
348, 3
349, 3
350, 2
351, 2
352, 3
353, 4
357, 2
358, 1
359, 2
360, 3
361, 1
362, 1
363, 2
364, 4
365, 2
366, 2
367, 2
368, 1
369, 1
370, 4
371, 2
372, 1
374, 1
375, 2
376, 3
377, 1
378, 2
379, 4
380, 2
381, 2
384, 3
385, 3
386, 4
387, 4
388, 2
389, 1
390, 4
391, 4
392, 6
393, 3
394, 3
395, 4
396, 7
397, 3
398, 7
399, 4
400, 7
401, 7
402, 2
403, 6
404, 5
405, 3
406, 7
407, 8
408, 3
409, 8
410, 2
411, 4
412, 6
413, 3
414, 4
415, 5
416, 4
417, 9
418, 4
419, 2
420, 1
421, 5
422, 5
423, 1
424, 3
425, 4
426, 2
427, 1
428, 3
429, 1
430, 1
432, 3
433, 1
434, 3
435, 3
436, 3
437, 1
438, 5
439, 1
442, 1
443, 1
444, 1
445, 4
446, 1
447, 1
448, 3
449, 3
450, 3
451, 1
452, 2
453, 1
454, 2
455, 4
456, 1
457, 1
458, 1
460, 4
461, 1
462, 2
464, 4
465, 3
466, 2
467, 1
469, 2
470, 3
471, 3
472, 4
473, 3
474, 1
475, 3
476, 5
477, 4
478, 4
479, 4
480, 4
481, 4
482, 4
483, 7
484, 6
485, 4
486, 5
487, 7
488, 6
489, 5
490, 3
491, 3
492, 6
493, 8
494, 8
495, 2
496, 6
497, 2
498, 5
499, 2
500, 8
501, 2
502, 9
503, 6
504, 3
505, 1
506, 4
507, 5
508, 2
509, 2
510, 1
511, 4
512, 2
513, 2
514, 2
515, 2
517, 3
518, 1
519, 3
520, 2
521, 3
522, 2
523, 3
524, 2
525, 1
528, 1
529, 1
530, 3
531, 3
532, 2
533, 1
534, 1
535, 5
536, 1
537, 3
538, 1
540, 4
541, 3
542, 1
543, 1
546, 4
547, 2
548, 1
549, 4
550, 2
551, 2
552, 2
555, 3
556, 4
557, 4
558, 2
559, 2
560, 3
561, 4
562, 4
563, 4
564, 5
565, 3
566, 4
567, 5
568, 6
569, 4
570, 5
571, 7
572, 5
573, 4
574, 9
575, 2
576, 4
577, 5
578, 5
579, 10
580, 4
581, 4
582, 5
583, 4
584, 3
585, 3
586, 6
587, 4
588, 7
589, 5
590, 4
591, 2
592, 2
593, 7
595, 4
596, 3
597, 1
598, 2
599, 3
601, 2
603, 3
604, 3
605, 2
606, 2
607, 3
608, 1
609, 5
610, 1
613, 1
615, 1
616, 5
617, 1
618, 1
619, 3
620, 3
621, 2
622, 3
623, 1
624, 1
625, 2
626, 4
628, 2
629, 1
631, 3
632, 1
633, 3
634, 2
635, 3
636, 2
637, 2
639, 1
640, 1
641, 4
642, 4
643, 5
644, 1
645, 2
646, 2
647, 7
648, 4
649, 3
650, 4
651, 1
652, 6
653, 4
654, 8
655, 4
656, 8
657, 4
658, 5
659, 4
660, 5
661, 6
662, 4
663, 5
664, 7
665, 8
666, 3
667, 5
668, 5
669, 4
670, 1
671, 7
672, 4
673, 7
674, 6
675, 3
676, 2
677, 1
678, 6
679, 3
680, 2
681, 1
682, 5
683, 1
684, 3
685, 1
686, 1
687, 1
688, 2
689, 1
690, 3
691, 3
692, 2
693, 3
694, 2
695, 4
699, 1
700, 2
701, 1
702, 3
703, 3
704, 1
705, 1
706, 6
707, 1
708, 1
709, 2
711, 2
712, 5
713, 1
714, 1
717, 4
718, 2
719, 1
720, 3
721, 4
722, 1
723, 1
724, 1
726, 2
727, 6
728, 4
729, 1
730, 2
731, 3
732, 4
733, 6
734, 3
735, 6
736, 1
737, 2
738, 8
739, 5
740, 4
741, 6
742, 6
743, 4
744, 7
745, 5
746, 5
747, 4
748, 5
749, 10
750, 5
751, 3
752, 6
753, 3
754, 4
755, 3
756, 5
757, 5
758, 5
759, 8
760, 3
761, 2
762, 2
763, 5
764, 3
765, 2
766, 3
767, 3
768, 3
770, 4
772, 2
774, 3
775, 2
776, 3
777, 2
778, 4
779, 1
780, 4
781, 1
785, 2
786, 2
787, 2
788, 3
789, 1
790, 1
791, 4
792, 3
793, 1
794, 3
796, 2
797, 3
798, 2
799, 1
800, 1
802, 3
803, 1
804, 3
805, 2
806, 4
807, 1
808, 2
809, 1
811, 2
812, 3
813, 4
814, 3
815, 3
816, 1
817, 2
818, 8
819, 3
820, 4
821, 4
822, 2
823, 4
824, 6
825, 6
826, 6
827, 7
828, 4
829, 5
830, 5
831, 6
832, 2
833, 6
834, 6
835, 9
836, 6
837, 2
838, 6
839, 3
840, 5
841, 1
842, 8
843, 5
844, 6
845, 4
846, 4
847, 1
848, 3
849, 7
850, 1
851, 3
852, 3
853, 2
854, 1
855, 3
856, 1
857, 2
859, 1
860, 3
861, 3
862, 2
863, 1
864, 3
865, 3
866, 4
870, 1
871, 2
872, 2
873, 3
874, 2
875, 1
876, 1
877, 4
878, 3
879, 1
880, 1
881, 1
882, 4
883, 1
884, 3
885, 1
887, 2
888, 2
889, 2
890, 1
891, 4
892, 2
893, 2
894, 1
895, 1
897, 1
898, 8
899, 3
900, 2
901, 2
902, 2
903, 4
904, 6
905, 4
906, 3
907, 3
908, 4
909, 4
910, 9
911, 5
912, 4
913, 6
914, 7
916, 8
917, 5
918, 4
919, 6
920, 7
921, 6
922, 5
923, 4
924, 4
925, 5
926, 2
927, 1
928, 9
929, 6
930, 8
931, 1
932, 4
933, 2
934, 4
935, 5
936, 1
937, 3
938, 3
939, 2
941, 4
943, 2
944, 1
945, 1
946, 3
947, 4
948, 1
949, 4
950, 2
951, 3
952, 1
955, 1
956, 1
957, 3
958, 2
959, 2
960, 2
962, 5
963, 2
964, 1
965, 3
967, 2
968, 4
969, 1
970, 2
973, 3
974, 2
975, 2
976, 2
977, 4
978, 1
979, 1
980, 2
982, 1
983, 6
984, 4
985, 3
987, 2
988, 3
989, 5
990, 6
991, 3
992, 4
993, 2
994, 4
995, 6
996, 8
997, 4
998, 8
999, 4
1000, 4
1001, 5
1002, 6
1003, 4
1004, 6
1005, 3
1006, 7
1007, 9
1008, 1
1009, 6
1010, 4
1011, 5
1012, 3
1013, 5
1014, 3
1015, 7
1016, 6
1017, 4
1018, 2
1019, 2
1020, 5
1021, 3
1022, 2
1023, 5
1025, 2
1026, 2
1027, 2
1028, 1
1029, 1
1030, 2
1031, 1
1032, 4
1033, 2
1034, 2
1035, 3
1036, 3
1037, 3
1041, 2
1042, 2
1043, 1
1044, 3
1045, 2
1046, 2
1047, 2
1048, 2
1049, 2
1050, 2
1051, 2
1052, 2
1053, 2
1054, 2
1055, 1
1056, 2
1058, 1
1059, 3
1060, 2
1061, 1
1062, 2
1063, 4
1064, 2
1065, 1
1066, 1
1068, 5
1069, 2
1070, 4
1071, 3
1072, 1
1073, 3
1074, 4
1075, 7
1076, 3
1077, 4
1078, 2
1079, 4
1080, 5
1081, 5
1082, 7
1083, 7
1084, 3
1085, 7
1086, 2
1087, 8
1088, 3
1089, 6
1090, 5
1091, 5
1092, 7
1093, 6
1094, 4
1095, 6
1096, 2
1097, 3
1098, 8
1099, 3
1100, 5
1101, 8
1102, 2
1103, 4
1105, 5
1106, 4
1107, 3
1108, 1
1109, 4
1110, 2
1112, 3
1113, 1
1114, 2
1116, 3
1117, 3
1118, 2
1119, 2
1120, 3
1121, 3
1122, 2
1123, 2
1127, 2
1128, 2
1129, 2
1130, 3
1131, 1
1132, 2
1133, 3
1134, 3
1135, 2
1136, 2
1138, 2
1139, 3
1140, 2
1141, 2
1144, 3
1145, 2
1146, 2
1147, 2
1148, 4
1149, 2
1150, 1
1151, 1
1154, 6
1155, 4
1156, 4
1157, 1
1158, 2
1159, 3
1160, 6
1161, 5
1162, 4
1163, 3
1164, 1
1165, 7
1166, 6
1167, 4
1168, 7
1169, 5
1170, 5
1171, 4
1172, 5
1173, 6
1174, 5
1175, 2
1176, 7
1177, 8
1178, 5
1179, 5
1180, 4
1181, 5
1182, 4
1184, 7
1185, 4
1186, 10
1187, 5
1188, 2
1189, 2
1190, 2
1191, 7
1193, 4
1194, 3
1195, 1
1196, 2
1197, 3
1198, 1
1199, 2
1201, 1
1202, 3
1203, 2
1204, 4
1205, 1
1206, 4
1207, 2
1208, 3
1212, 2
1213, 1
1214, 1
1215, 3
1216, 2
1217, 3
1218, 1
1219, 4
1220, 2
1221, 2
1222, 1
1223, 2
1224, 2
1225, 3
1227, 2
1229, 2
1230, 2
1231, 2
1232, 3
1233, 3
1234, 1
1235, 3
1236, 1
1238, 1
1239, 4
1240, 2
1241, 5
1242, 2
1243, 2
1244, 2
1245, 1
1246, 8
1247, 5
1248, 4
1249, 3
1250, 4
1251, 4
1252, 8
1253, 3
1254, 8
1255, 4
1256, 7
1257, 4
1258, 6
1259, 3
1260, 4
1261, 6
1262, 7
1263, 7
1264, 5
1265, 4
1266, 3
1267, 7
1269, 6
1270, 4
1271, 7
1272, 7
1273, 3
1274, 2
1275, 2
1276, 6
1277, 3
1278, 1
1279, 2
1280, 3
1281, 3
1282, 2
1283, 2
1284, 2
1286, 1
1287, 2
1288, 2
1289, 3
1290, 2
1291, 3
1292, 1
1293, 6
1297, 1
1298, 1
1299, 2
1300, 3
1301, 2
1302, 2
1303, 1
1304, 2
1305, 4
1306, 2
1307, 2
1309, 2
1310, 4
1311, 1
1312, 1
1313, 1
1315, 2
1316, 3
1317, 2
1319, 6
1320, 1
1321, 1
1322, 2
1324, 1
1325, 5
1326, 4
1327, 3
1328, 2
1329, 2
1330, 3
1331, 6
1332, 4
1333, 4
1334, 3
1335, 2
1336, 6
1337, 6
1338, 6
1339, 6
1340, 6
1341, 6
1342, 3
1343, 4
1344, 7
1345, 2
1346, 7
1347, 5
1348, 5
1349, 10
1350, 4
1351, 1
1352, 6
1353, 4
1354, 4
1355, 6
1356, 4
1357, 9
1358, 2
1359, 3
1360, 2
1361, 3
1362, 4
1363, 3
1364, 3
1365, 3
1366, 2
1367, 1
1368, 2
1369, 2
1370, 2
1372, 2
1373, 2
1374, 4
1375, 2
1376, 2
1377, 3
1378, 4
1379, 1
1383, 2
1384, 1
1385, 2
1386, 3
1387, 1
1388, 2
1389, 2
1390, 4
1391, 2
1392, 3
1394, 2
1395, 2
1396, 2
1397, 2
1398, 1
1400, 2
1401, 2
1402, 3
1403, 2
1404, 2
1405, 3
1406, 1
1407, 1
1408, 1
1410, 4
1411, 5
1412, 3
1413, 2
1414, 3
1415, 2
1416, 5
1417, 3
1418, 5
1419, 4
1420, 2
1421, 6
1422, 4
1423, 7
1424, 3
1425, 7
1426, 6
1427, 4
1428, 7
1429, 6
1430, 2
1431, 4
1432, 8
1433, 5
1434, 7
1435, 4
1436, 6
1437, 2
1438, 6
1439, 2
1440, 6
1441, 5
1442, 6
1443, 5
1444, 4
1445, 2
1446, 3
1447, 4
1448, 3
1449, 1
1450, 6
1451, 1
1452, 2
1453, 2
1454, 1
1455, 2
1456, 1
1458, 4
1459, 3
1460, 2
1461, 2
1462, 2
1463, 3
1464, 3
1465, 1
1468, 1
1469, 1
1470, 3
1471, 2
1472, 2
1473, 2
1474, 1
1475, 4
1476, 2
1477, 3
1478, 1
1480, 3
1481, 3
1482, 1
1483, 2
1485, 1
1486, 3
1487, 2
1488, 1
1489, 2
1490, 4
1491, 1
1492, 2
1493, 1
1495, 1
1496, 7
1497, 2
1498, 3
1499, 2
1500, 2
1501, 5
1502, 5
1503, 3
1504, 5
1505, 2
1506, 4
1507, 6
1508, 4
1509, 4
1510, 8
1511, 6
1512, 5
1513, 4
1514, 4
1515, 8
1516, 3
1517, 5
1518, 6
1519, 6
1520, 7
1521, 4
1522, 2
1523, 7
1524, 3
1525, 1
1526, 9
1527, 4
1528, 8
1529, 4
1530, 2
1531, 1
1532, 5
1533, 5
1534, 1
1535, 3
1536, 3
1537, 2
1538, 2
1539, 3
1541, 2
1543, 2
1544, 2
1545, 4
1546, 3
1547, 1
1548, 2
1549, 5
1550, 1
1554, 1
1555, 1
1556, 4
1557, 2
1558, 2
1559, 2
1560, 1
1561, 4
1562, 2
1563, 2
1564, 1
1565, 2
1566, 3
1567, 2
1568, 2
1571, 3
1572, 1
1573, 2
1574, 3
1575, 2
1576, 3
1577, 2
1579, 1
1581, 4
1582, 5
1583, 2
1584, 3
1586, 4
1587, 7
1588, 2
1589, 5
1590, 5
1591, 1
1592, 5
1593, 7
1594, 5
1595, 5
1596, 7
1597, 5
1598, 4
1599, 3
1600, 9
1601, 2
1602, 4
1603, 7
1604, 6
1605, 8
1606, 4
1607, 2
1608, 7
1609, 4
1610, 1
1611, 7
1612, 5
1613, 6
1614, 6
1615, 2
1616, 4
1618, 7
1619, 3
1620, 2
1621, 4
1622, 1
1623, 1
1624, 2
1625, 3
1626, 1
1627, 1
1628, 1
1629, 3
1630, 1
1631, 5
1632, 1
1633, 3
1634, 2
1635, 3
1636, 1
1639, 1
1640, 2
1641, 2
1642, 2
1643, 2
1644, 2
1645, 1
1646, 1
1647, 5
1648, 3
1649, 1
1650, 1
1651, 4
1653, 2
1654, 2
1656, 1
1657, 2
1658, 2
1659, 2
1660, 3
1661, 2
1662, 2
1663, 2
1664, 1
1666, 3
1667, 3
1668, 5
1669, 2
1670, 2
1671, 3
1672, 3
1673, 6
1674, 4
1675, 2
1676, 4
1677, 3
1678, 7
1679, 3
1680, 6
1681, 8
1682, 5
1683, 7
1684, 2
1685, 6
1686, 5
1687, 4
1688, 4
1689, 8
1690, 5
1691, 8
1692, 3
1693, 4
1694, 5
1695, 3
1696, 1
1697, 8
1698, 7
1699, 5
1700, 4
1701, 3
1702, 2
1703, 5
1704, 4
1705, 1
1706, 2
1707, 5
1708, 1
1709, 1
1710, 2
1711, 2
1712, 2
1714, 3
1715, 1
1716, 5
1718, 4
1719, 2
1720, 4
1721, 1
1724, 1
1725, 1
1726, 1
1727, 3
1728, 2
1729, 1
1730, 3
1731, 1
1732, 5
1733, 1
1734, 2
1735, 1
1736, 2
1737, 3
1738, 2
1739, 1
1740, 1
1742, 3
1743, 1
1744, 2
1745, 1
1746, 6
1748, 3
1749, 1
1752, 4
1753, 5
1754, 3
1755, 2
1756, 3
1757, 2
1758, 5
1759, 5
1760, 3
1761, 5
1762, 3
1763, 5
1764, 5
1765, 5
1766, 5
1767, 6
1768, 4
1769, 7
1770, 4
1771, 7
1772, 3
1773, 4
1774, 6
1775, 9
1776, 7
1777, 2
1778, 4
1779, 3
1780, 7
1781, 1
1782, 3
1783, 8
1784, 5
1785, 7
1786, 2
1787, 3
1788, 1
1789, 6
1790, 4
1791, 1
1792, 5
1793, 2
1795, 3
1796, 2
1797, 2
1799, 2
1800, 2
1801, 1
1802, 5
1803, 2
1804, 1
1805, 4
1806, 3
1810, 1
1811, 1
1812, 3
1813, 2
1814, 3
1815, 1
1816, 1
1817, 5
1818, 1
1819, 3
1820, 1
1821, 1
1822, 3
1823, 2
1824, 2
1825, 1
1827, 1
1828, 3
1829, 1
1830, 2
1831, 2
1832, 4
1833, 2
1834, 1
1835, 1
1837, 4
1838, 3
1839, 5
1840, 1
1841, 2
1842, 2
1843, 5
1844, 5
1845, 4
1846, 4
1847, 3
1848, 4
1849, 4
1850, 8
1851, 6
1852, 3
1853, 5
1854, 8
1855, 3
1856, 5
1857, 6
1858, 4
1859, 5
1860, 7
1861, 8
1862, 3
1863, 5
1864, 2
1865, 5
1866, 4
1867, 5
1868, 3
1869, 6
1870, 7
1871, 5
1872, 2
1873, 2
1874, 6
1875, 3
1876, 1
1877, 5
1878, 1
1879, 3
1881, 3
1882, 2
1883, 1
1885, 3
1886, 1
1887, 3
1888, 3
1889, 2
1890, 2
1891, 5
1892, 1
1896, 2
1897, 1
1898, 2
1899, 4
1900, 1
1901, 1
1902, 1
1903, 5
1904, 2
1905, 2
1906, 1
1907, 2
1908, 3
1909, 2
1910, 2
1913, 3
1914, 2
1915, 2
1917, 4
1918, 3
1919, 2
1920, 1
1922, 2
1923, 3
1924, 3
1925, 5
1926, 2
1927, 2
1929, 9
1930, 4
1931, 3
1932, 3
1933, 3
1934, 4
1935, 8
1936, 5
1937, 3
1938, 8
1939, 3
1940, 5
1941, 4
1942, 5
1943, 8
1944, 5
1945, 5
1946, 8
1947, 6
1948, 3
1949, 4
1950, 5
1951, 5
1953, 7
1954, 5
1955, 5
1956, 7
1957, 2
1958, 4
1959, 2
1960, 6
1961, 2
1962, 2
1963, 4
1964, 2
1965, 1
1966, 3
1967, 1
1968, 1
1969, 1
1970, 2
1971, 1
1972, 3
1973, 3
1974, 2
1975, 3
1976, 3
1977, 3
1981, 1
1982, 1
1983, 3
1984, 3
1985, 1
1986, 2
1987, 1
1988, 5
1989, 2
1990, 2
1991, 1
1992, 1
1993, 2
1994, 3
1995, 2
1996, 1
1998, 1
1999, 3
2000, 3
2002, 4
2003, 2
2004, 2
2005, 1
2006, 1
2008, 3
2009, 4
2010, 4
2011, 3
2013, 3
2014, 3
2015, 7
2016, 4
2017, 3
2018, 3
2019, 5
2020, 5
2021, 7
2022, 2
2023, 7
2024, 5
2025, 7
2026, 2
2027, 10
2028, 3
2029, 3
2030, 6
2031, 4
2032, 9
2033, 6
2034, 1
2035, 5
2036, 5
2037, 4
2038, 1
2039, 8
2040, 6
2041, 7
2042, 3
2043, 4
2044, 2
2045, 4
2046, 4
2047, 1
2048, 3
2049, 4
2051, 4
2052, 1
2053, 2
2054, 1
2056, 3
2057, 1
2058, 4
2059, 2
2060, 2
2061, 2
2062, 5
2063, 1
2067, 2
2068, 2
2069, 3
2070, 1
2071, 3
2073, 4
2074, 2
2075, 2
2076, 2
2077, 2
2078, 1
2079, 3
2080, 2
2081, 1
2082, 1
2084, 1
2085, 4
2086, 2
2088, 5
2089, 2
2090, 2
2091, 1
2093, 1
2094, 4
2095, 5
2096, 3
2097, 1
2098, 1
2099, 3
2100, 6
2101, 5
2102, 3
2103, 3
2104, 3
2105, 7
2106, 5
2107, 5
2108, 5
2109, 7
2110, 6
2111, 4
2112, 5
2113, 6
2114, 4
2115, 3
2116, 5
2117, 8
2118, 8
2119, 3
2120, 4
2121, 5
2122, 3
2123, 3
2124, 6
2125, 4
2126, 8
2127, 5
2128, 3
2129, 2
2130, 1
2131, 6
2132, 4
2133, 1
2134, 5
2135, 1
2136, 2
2137, 2
2138, 2
2139, 2
2141, 1
2142, 3
2143, 2
2144, 4
2145, 2
2146, 2
2147, 3
2148, 3
2152, 1
2153, 2
2154, 1
2155, 4
2156, 1
2157, 3
2159, 5
2160, 1
2161, 3
2162, 1
2163, 2
2165, 4
2166, 2
2167, 1
2169, 3
2171, 3
2172, 1
2173, 3
2174, 3
2175, 1
2176, 2
2177, 1
2179, 3
2180, 3
2181, 6
2182, 2
2183, 1
2184, 3
2185, 4
2186, 5
2187, 4
2188, 4
2189, 3
2190, 4
2191, 4
2192, 5
2193, 7
2194, 7
2195, 5
2196, 5
2197, 2
2198, 8
2199, 4
2200, 4
2201, 7
2202, 5
2203, 9
2204, 3
2205, 3
2206, 4
2207, 8
2208, 1
2209, 1
2210, 9
2211, 5
2212, 5
2213, 6
2214, 2
2215, 3
2216, 7
2217, 1
2218, 1
2219, 3
2220, 3
2221, 1
2222, 3
2223, 3
2224, 1
2225, 1
2226, 1
2227, 2
2228, 2
2229, 3
2230, 2
2231, 2
2232, 3
2233, 4
2234, 1
2238, 2
2239, 2
2240, 2
2241, 3
2242, 1
2243, 2
2244, 2
2245, 3
2246, 2
2247, 2
2248, 1
2249, 2
2250, 2
2251, 2
2252, 3
2255, 4
2257, 2
2258, 1
2259, 5
2260, 2
2261, 2
2262, 1
2264, 1
2265, 5
2266, 5
2267, 3
2269, 3
2270, 2
2271, 7
2272, 2
2273, 5
2274, 4
2275, 2
2276, 7
2277, 2
2278, 7
2279, 3
2280, 10
2281, 3
2282, 6
2283, 5
2284, 7
2285, 2
2286, 5
2287, 7
2288, 6
2289, 7
2290, 4
2291, 4
2292, 3
2293, 5
2294, 1
2295, 6
2296, 5
2297, 9
2298, 4
2299, 4
2300, 2
2301, 2
2302, 6
2303, 2
2304, 2
2305, 1
2306, 5
2307, 1
2308, 2
2309, 2
2310, 2
2312, 2
2313, 3
2314, 2
2315, 3
2316, 1
2317, 3
2318, 3
2319, 3
2323, 1
2324, 2
2325, 1
2326, 3
2327, 3
2328, 2
2330, 5
2331, 1
2332, 3
2333, 1
2335, 4
2336, 2
2337, 1
2338, 2
2340, 2
2341, 2
2342, 2
2343, 1
2344, 3
2345, 3
2346, 1
2347, 2
2348, 1
2350, 3
2351, 4
2352, 4
2353, 2
2354, 1
2355, 4
2356, 4
2357, 6
2358, 3
2359, 5
2360, 2
2361, 3
2362, 6
2363, 8
2364, 3
2365, 7
2366, 5
2367, 6
2368, 3
2369, 4
2370, 7
2371, 4
2372, 5
2373, 5
2374, 9
2375, 5
2376, 3
2377, 4
2378, 6
2379, 2
2380, 1
2381, 10
2382, 4
2383, 6
2384, 5
2385, 2
2386, 3
2387, 4
2388, 5
2389, 1
2390, 2
2391, 4
2392, 2
2393, 2
2394, 1
2395, 3
2397, 1
2398, 2
2399, 1
2400, 4
2401, 2
2402, 3
2403, 3
2404, 4
2409, 2
2410, 2
2411, 4
2412, 1
2413, 1
2414, 2
2415, 2
2416, 4
2417, 2
2418, 2
2420, 2
2421, 4
2422, 1
2423, 2
2426, 3
2427, 1
2428, 2
2429, 3
2430, 3
2431, 2
2432, 1
2433, 2
2436, 5
2437, 5
2438, 3
2439, 1
2440, 2
2441, 2
2442, 6
2443, 7
2444, 3
2445, 3
2446, 3
2447, 5
2448, 5
2449, 7
2450, 6
2451, 4
2452, 5
2453, 5
2454, 5
2455, 8
2456, 1
2457, 5
2458, 7
2459, 7
2460, 7
2461, 2
2462, 4
2463, 6
2464, 3
2465, 1
2466, 8
2467, 4
2468, 8
2469, 5
2470, 3
2471, 2
2472, 2
2473, 6
2474, 2
2475, 1
2476, 4
2477, 3
2478, 1
2479, 3
2480, 1
2481, 2
2483, 1
2484, 3
2485, 1
2486, 5
2487, 1
2488, 3
2489, 4
2490, 2
2494, 2
2496, 3
2497, 3
2498, 1
2499, 3
2501, 5
2502, 2
2503, 2
2504, 1
2505, 1
2506, 1
2507, 5
2509, 2
2511, 2
2512, 2
2513, 3
2514, 2
2515, 1
2516, 3
2517, 2
2518, 1
2519, 1
2521, 4
2522, 3
2523, 4
2524, 3
2525, 2
2526, 1
2527, 5
2528, 5
2529, 6
2530, 2
2531, 3
2532, 5
2533, 2
2534, 8
2535, 7
2536, 8
2538, 9
2539, 3
2540, 3
2541, 8
2542, 2
2543, 6
2544, 5
2545, 7
2546, 7
2547, 5
2548, 1
2549, 8
2550, 1
2551, 7
2552, 4
2553, 4
2554, 8
2555, 3
2556, 4
2558, 5
2559, 5
2560, 1
2561, 2
2562, 4
2563, 1
2564, 2
2565, 2
2566, 1
2567, 2
2569, 3
2570, 3
2571, 3
2572, 2
2573, 1
2574, 2
2575, 3
2576, 3
2579, 1
2580, 1
2581, 2
2582, 2
2583, 3
2584, 2
2586, 4
2587, 2
2588, 3
2589, 2
2590, 1
2591, 1
2592, 3
2593, 2
2594, 2
2597, 2
2598, 3
2599, 2
2600, 2
2601, 4
2602, 1
2603, 1
2604, 2
2606, 2
2607, 5
2608, 2
2609, 3
2610, 3
2611, 3
2612, 1
2613, 5
2614, 6
2615, 4
2616, 3
2617, 2
2618, 9
2619, 1
2620, 8
2621, 6
2622, 5
2623, 6
2624, 3
2625, 5
2626, 7
2627, 3
2628, 5
2629, 5
2630, 7
2631, 8
2632, 3
2633, 3
2634, 7
2635, 2
2636, 5
2637, 5
2638, 2
2639, 10
2640, 3
2641, 4
2642, 2
2643, 3
2644, 4
2645, 3
2646, 2
2647, 5
2648, 1
2649, 1
2650, 2
2651, 2
2652, 2
2654, 2
2655, 3
2656, 2
2657, 3
2658, 2
2659, 2
2660, 4
2661, 2
2665, 2
2666, 1
2667, 2
2668, 3
2669, 2
2670, 2
2672, 4
2673, 3
2674, 2
2675, 1
2676, 1
2677, 2
2678, 4
2680, 2
2682, 2
2683, 3
2685, 2
2686, 3
2687, 3
2688, 2
2689, 1
2690, 1
2691, 1
2692, 4
2693, 4
2694, 3
2695, 1
2696, 3
2697, 2
2698, 5
2699, 5
2700, 4
2701, 3
2702, 2
2703, 5
2704, 6
2705, 7
2706, 3
2707, 8
2708, 4
2709, 6
2710, 4
2711, 5
2712, 5
2713, 5
2714, 4
2715, 9
2716, 2
2717, 8
2718, 4
2719, 3
2720, 6
2721, 2
2722, 6
2723, 5
2724, 3
2725, 10
2726, 2
2727, 3
2728, 2
2729, 6
2730, 2
2731, 2
2732, 5
2733, 1
2734, 2
2735, 1
2736, 3
2738, 2
2739, 1
2740, 2
2741, 2
2742, 3
2743, 2
2744, 4
2745, 1
2746, 3
2747, 2
2751, 2
2752, 1
2753, 4
2754, 2
2755, 2
2756, 1
2757, 4
2758, 2
2759, 2
2760, 2
2761, 1
2762, 2
2763, 3
2764, 1
2765, 2
2768, 3
2769, 3
2770, 1
2771, 2
2772, 3
2773, 3
2774, 1
2775, 1
2777, 3
2778, 4
2779, 4
2780, 3
2782, 2
2783, 4
2784, 7
2785, 2
2786, 6
2787, 3
2788, 3
2789, 4
2790, 7
2791, 4
2792, 8
2793, 3
2794, 8
2795, 3
2796, 5
2797, 6
2798, 3
2799, 6
2800, 3
2801, 8
2802, 9
2803, 2
2804, 4
2805, 4
2806, 3
2807, 6
2808, 5
2809, 4
2810, 6
2811, 6
2812, 3
2813, 3
2814, 1
2815, 6
2816, 2
2817, 2
2818, 5
2819, 2
2821, 2
2822, 2
2823, 1
2824, 1
2825, 3
2826, 2
2827, 2
2828, 3
2829, 2
2830, 2
2831, 5
2832, 1
2836, 2
2837, 1
2838, 3
2839, 2
2840, 2
2841, 2
2842, 2
2843, 2
2844, 3
2845, 2
2846, 1
2847, 1
2848, 5
2849, 1
2850, 2
2853, 3
2854, 1
2855, 2
2856, 3
2857, 2
2858, 3
2859, 1
2860, 1
2861, 1
2863, 4
2864, 4
2865, 4
2866, 2
2867, 2
2868, 3
2869, 4
2870, 6
2871, 3
2872, 4
2873, 2
2874, 6
2875, 5
2876, 5
2877, 6
2878, 6
2879, 5
2880, 5
2881, 4
2882, 4
2883, 7
2884, 3
2885, 7
2886, 7
2887, 6
2888, 4
2889, 5
2890, 1
2891, 7
2892, 2
2893, 7
2894, 5
2895, 7
2896, 4
2897, 3
2898, 4
2900, 4
2901, 6
2902, 2
2903, 4
2904, 1
2905, 2
2906, 1
2907, 3
2908, 2
2910, 2
2911, 2
2912, 2
2913, 3
2914, 2
2915, 3
2916, 2
2917, 3
2918, 1
2921, 1
2922, 1
2923, 3
2924, 2
2925, 3
2927, 2
2928, 3
2929, 2
2930, 4
2932, 1
2933, 5
2934, 1
2935, 1
2936, 1
2937, 1
2939, 4
2940, 1
2941, 2
2942, 2
2943, 3
2944, 2
2945, 2
2946, 1
2948, 4
2949, 2
2950, 4
2951, 3
2952, 1
2953, 4
2954, 2
2955, 6
2956, 4
2957, 4
2958, 4
2959, 3
2960, 6
2961, 4
2962, 6
2963, 4
2964, 8
2965, 6
2966, 4
2967, 5
2968, 6
2969, 2
2970, 5
2971, 8
2972, 7
2973, 5
2974, 4
2975, 3
2976, 3
2977, 6
2978, 3
2979, 6
2980, 4
2981, 8
2982, 4
2983, 3
2984, 3
2985, 2
2986, 6
2987, 1
2988, 3
2989, 3
2990, 1
2991, 3
2992, 2
2993, 1
2994, 2
2996, 3
2997, 1
2998, 4
2999, 1
3000, 3
3001, 3
3002, 3
3003, 2
3006, 1
3007, 1
3008, 2
3009, 1
3010, 3
3011, 2
3012, 2
3013, 1
3014, 5
3015, 1
3016, 2
3017, 1
3018, 1
3019, 4
3020, 2
3021, 1
3022, 1
3024, 3
3025, 2
3026, 1
3027, 1
3028, 5
3029, 1
3030, 2
3031, 1
3032, 1
3033, 1
3034, 4
3035, 4
3036, 4
3037, 1
3038, 2
3039, 3
3040, 5
3041, 4
3042, 5
3043, 4
3044, 2
3045, 5
3046, 4
3047, 6
3048, 6
3049, 6
3050, 5
3051, 6
3052, 2
3053, 8
3054, 5
3055, 1
3056, 6
3057, 9
3058, 6
3059, 5
3060, 3
3061, 5
3062, 5
3063, 1
3064, 7
3065, 4
3066, 7
3067, 6
3068, 3
3069, 3
3070, 1
3071, 4
3072, 4
3073, 4
3075, 5
3076, 1
3077, 2
3078, 2
3079, 1
3080, 1
3081, 1
3082, 3
3083, 1
3084, 5
3085, 1
3086, 3
3087, 1
3088, 4
3089, 1
3092, 1
3093, 1
3094, 3
3095, 1
3096, 3
3097, 1
3098, 2
3099, 3
3100, 3
3101, 3
3102, 1
3103, 1
3104, 2
3105, 4
3106, 1
3107, 1
3110, 4
3111, 1
3112, 2
3113, 2
3114, 4
3115, 1
3116, 2
3117, 1
3119, 3
3120, 4
3121, 5
3122, 2
3123, 1
3124, 3
3125, 2
3126, 6
3127, 5
3128, 3
3129, 4
3130, 2
3131, 5
3132, 8
3133, 4
3134, 4
3135, 8
3136, 5
3137, 5
3138, 7
3139, 3
3140, 3
3141, 6
3142, 8
3143, 5
3144, 6
3145, 4
3146, 3
3147, 4
3148, 5
3149, 3
3150, 7
3151, 3
3152, 9
3153, 3
3154, 2
3155, 3
3156, 5
3157, 3
3158, 2
3159, 3
3160, 3
3161, 2
3162, 2
3163, 3
3164, 1
3165, 1
3167, 3
3168, 1
3169, 4
3170, 2
3171, 3
3172, 2
3173, 4
3174, 1
3178, 2
3179, 1
3180, 3
3181, 2
3182, 2
3183, 2
3184, 2
3185, 4
3186, 1
3187, 3
3189, 1
3190, 3
3191, 2
3192, 3
3195, 2
3196, 3
3197, 2
3199, 5
3200, 1
3201, 3
3202, 1
3204, 1
3205, 4
3206, 5
3207, 2
3208, 2
3209, 2
3210, 2
3211, 6
3212, 4
3213, 3
3214, 6
3215, 2
3216, 3
3217, 8
3218, 4
3219, 5
3220, 7
3221, 7
3222, 4
3223, 3
3224, 8
3225, 2
3226, 5
3227, 4
3228, 8
3229, 9
3230, 4
3231, 4
3232, 3
3233, 4
3234, 2
3235, 2
3236, 9
3237, 7
3238, 6
3239, 3
3240, 3
3241, 1
3242, 5
3243, 4
3244, 1
3245, 5
3246, 1
3247, 2
3249, 4
3250, 1
3251, 1
3252, 1
3253, 2
3254, 4
3255, 2
3256, 2
3257, 2
3258, 3
3259, 4
3263, 1
3264, 1
3265, 3
3266, 3
3267, 2
3268, 1
3269, 1
3270, 5
3271, 1
3272, 2
3273, 1
3274, 1
3275, 3
3276, 3
3277, 2
3278, 1
3280, 2
3281, 2
3282, 1
3283, 2
3284, 4
3285, 2
3286, 1
3287, 2
3288, 1
3290, 1
3291, 6
3292, 3
3293, 4
3294, 1
3295, 3
3296, 2
3297, 7
3298, 4
3299, 3
3300, 4
3301, 4
3302, 4
3303, 7
3304, 5
3305, 7
3306, 4
3307, 7
3308, 2
3309, 7
3310, 5
3311, 4
3312, 4
3313, 10
3314, 4
3315, 6
3316, 4
3317, 2
3318, 6
3319, 3
3320, 6
3321, 4
3322, 5
3323, 7
3324, 4
3325, 3
3326, 2
3327, 4
3328, 4
3329, 2
3330, 5
3331, 1
3332, 1
3333, 1
3334, 4
3335, 1
3336, 1
3338, 3
3339, 2
3340, 2
3341, 4
3342, 2
3343, 2
3344, 4
3345, 1
3349, 2
3350, 1
3351, 2
3352, 3
3353, 2
3354, 2
3356, 6
3357, 2
3358, 2
3360, 2
3361, 4
3362, 1
3363, 2
3366, 3
3367, 1
3368, 2
3369, 3
3370, 3
3371, 2
3372, 2
3373, 1
3376, 4
3377, 5
3378, 3
3379, 2
3380, 2
3381, 3
3382, 6
3383, 4
3384, 3
3385, 5
3386, 1
3387, 7
3388, 6
3389, 4
3390, 3
3391, 8
3392, 5
3393, 6
3394, 3
3395, 6
3396, 5
3397, 6
3398, 5
3399, 5
3400, 7
3401, 6
3402, 3
3403, 5
3404, 4
3405, 1
3406, 7
3407, 4
3408, 8
3409, 4
3410, 5
3411, 1
3412, 3
3413, 4
3414, 3
3415, 2
3416, 5
3417, 1
3418, 2
3419, 1
3420, 3
3421, 1
3422, 1
3424, 4
3425, 3
3426, 2
3427, 2
3428, 3
3429, 4
3430, 1
3431, 1
3434, 2
3436, 3
3437, 2
3438, 3
3439, 1
3440, 1
3441, 5
3442, 1
3443, 3
3444, 1
3445, 2
3446, 1
3447, 3
3448, 1
3449, 2
3451, 1
3452, 3
3453, 2
3454, 2
3455, 3
3456, 2
3457, 3
3459, 1
3461, 3
3462, 5
3463, 2
3464, 3
3465, 2
3466, 2
3467, 3
3468, 7
3469, 3
3470, 5
3471, 3
3472, 4
3473, 6
3474, 6
3475, 6
3476, 7
3477, 3
3478, 5
3479, 4
3480, 6
3481, 5
3482, 2
3483, 6
3484, 8
3485, 3
3486, 9
3487, 3
3488, 5
3489, 4
3490, 3
3491, 6
3492, 5
3493, 4
3494, 7
3495, 3
3496, 3
3497, 3
3498, 4
3499, 3
3500, 3
3501, 2
3502, 3
3503, 2
3504, 1
3505, 3
3506, 2
3507, 1
3509, 4
3510, 1
3511, 4
3512, 1
3513, 2
3514, 3
3515, 4
3516, 1
3520, 2
3521, 1
3522, 3
3523, 3
3524, 1
3525, 1
3526, 3
3527, 4
3528, 1
3529, 3
3531, 1
3532, 4
3533, 2
3534, 2
3537, 3
3538, 2
3539, 2
3540, 2
3541, 3
3542, 2
3543, 2
3544, 1
3547, 5
3548, 4
3549, 4
3550, 1
3551, 2
3552, 2
3553, 8
3554, 3
3555, 5
3556, 3
3557, 3
3558, 5
3559, 7
3560, 4
3561, 5
3562, 6
3563, 6
3564, 4
3565, 4
3566, 8
3567, 3
3568, 6
3569, 3
3570, 8
3571, 7
3572, 3
3573, 5
3574, 3
3575, 5
3576, 1
3577, 8
3578, 4
3579, 8
3580, 5
3581, 3
3582, 2
3583, 2
3584, 6
3585, 2
3586, 2
3587, 4
3588, 2
3589, 1
3590, 2
3591, 2
3592, 2
3594, 2
3595, 2
3596, 2
3597, 4
3599, 4
3600, 5
3602, 1
3605, 2
3607, 2
3608, 4
3609, 1
3610, 1
3611, 2
3612, 5
3613, 2
3614, 1
3615, 2
3616, 1
3617, 2
3618, 3
3619, 1
3620, 2
3622, 1
3623, 2
3624, 2
3625, 4
3626, 3
3627, 1
3628, 3
3629, 1
3632, 3
3633, 5
3634, 4
3635, 2
3636, 1
3637, 3
3638, 5
3639, 4
3640, 5
3641, 3
3642, 3
3643, 4
3644, 4
3645, 9
3646, 2
3647, 5
3648, 9
3649, 5
3650, 2
3651, 6
3652, 6
3653, 5
3654, 4
3655, 6
3656, 7
3657, 4
3658, 5
3659, 3
3660, 7
3661, 2
3662, 6
3663, 3
3664, 8
3665, 4
3666, 5
3667, 3
3668, 2
3669, 3
3670, 6
3671, 1
3672, 5
3674, 3
3675, 2
3676, 2
3678, 2
3679, 1
3680, 2
3681, 2
3682, 4
3683, 2
3684, 2
3685, 2
3686, 3
3687, 2
3690, 1
3691, 1
3692, 2
3693, 1
3694, 4
3695, 1
3696, 2
3697, 2
3698, 4
3699, 1
3700, 3
3702, 3
3703, 3
3704, 1
3705, 2
3708, 3
3709, 2
3710, 1
3711, 3
3712, 4
3713, 2
3715, 2
3717, 1
3718, 6
3719, 3
3720, 2
3721, 2
3722, 2
3723, 3
3724, 6
3725, 4
3726, 5
3727, 3
3728, 3
3729, 6
3730, 5
3731, 4
3732, 6
3733, 7
3734, 6
3735, 3
3736, 3
3737, 8
3738, 5
3739, 2
3740, 8
3741, 8
3742, 5
3743, 3
3744, 4
3745, 5
3746, 5
3747, 1
3748, 8
3749, 4
3750, 6
3751, 6
3752, 3
3753, 2
3754, 3
3755, 4
3756, 3
3757, 2
3758, 1
3759, 5
3760, 1
3761, 2
3762, 2
3763, 1
3764, 1
3765, 3
3767, 4
3768, 3
3769, 3
3770, 1
3771, 2
3772, 4
3776, 2
3778, 3
3779, 3
3780, 2
3781, 1
3782, 2
3783, 5
3785, 3
3786, 1
3787, 2
3788, 3
3789, 1
3790, 2
3791, 1
3793, 1
3794, 3
3795, 3
3797, 3
3798, 4
3799, 2
3801, 1
3803, 4
3804, 5
3805, 2
3806, 3
3807, 2
3808, 1
3809, 4
3810, 6
3811, 6
3812, 2
3813, 3
3814, 5
3815, 5
3816, 6
3817, 4
3818, 9
3819, 3
3820, 6
3821, 1
3822, 8
3823, 5
3824, 4
3825, 5
3826, 6
3827, 6
3828, 6
3829, 5
3830, 4
3831, 5
3832, 2
3833, 7
3834, 4
3835, 7
3836, 5
3837, 4
3838, 1
3839, 3
3840, 5
3841, 4
3842, 1
3843, 2
3844, 4
3845, 2
3846, 1
3847, 2
3848, 2
3849, 1
3851, 3
3852, 3
3853, 3
3854, 2
3855, 2
3856, 2
3857, 3
3858, 2
3861, 1
3862, 1
3863, 2
3864, 2
3865, 2
3866, 2
3867, 2
3868, 4
3869, 2
3870, 2
3871, 2
3873, 3
3874, 3
3876, 3
3879, 4
3881, 3
3883, 6
3884, 1
3885, 2
3886, 1
3888, 1
3889, 5
3890, 4
3891, 3
3892, 2
3893, 2
3894, 3
3895, 6
3896, 3
3897, 5
3898, 3
3899, 3
3900, 5
3901, 4
3902, 7
3903, 3
3904, 9
3905, 4
3906, 5
3907, 7
3908, 4
3909, 4
3910, 5
3911, 5
3912, 8
3913, 7
3914, 3
3915, 4
3916, 4
3917, 5
3919, 8
3920, 5
3921, 6
3922, 5
3923, 4
3924, 2
3925, 4
3926, 4
3927, 1
3928, 4
3929, 3
3930, 2
3931, 2
3932, 2
3934, 3
3936, 1
3937, 2
3938, 5
3939, 1
3940, 2
3941, 2
3942, 5
3943, 2
3947, 2
3948, 1
3949, 3
3950, 1
3951, 3
3952, 1
3953, 2
3954, 3
3955, 3
3956, 3
3958, 1
3959, 3
3960, 3
3961, 2
3964, 1
3965, 4
3966, 1
3967, 1
3968, 3
3969, 3
3970, 3
3971, 1
3974, 5
3975, 3
3976, 4
3977, 2
3978, 2
3979, 2
3980, 4
3981, 7
3982, 3
3983, 4
3984, 2
3985, 5
3986, 5
3987, 7
3988, 3
3989, 8
3990, 6
3991, 4
3992, 3
3993, 6
3994, 6
3995, 4
3996, 5
3997, 7
3998, 6
3999, 5
4000, 5
4001, 2
4002, 7
4003, 1
4004, 7
4005, 4
4006, 5
4007, 8
4008, 4
4009, 2
4010, 1
4011, 6
4012, 2
4013, 4
4015, 4
4016, 2
4017, 1
4018, 2
4019, 3
4021, 1
4022, 3
4023, 1
4024, 4
4025, 2
4026, 1
4027, 3
4028, 4
4029, 1
4032, 1
4033, 1
4034, 3
4035, 1
4036, 2
4037, 2
4038, 1
4039, 3
4040, 4
4041, 2
4042, 1
4043, 1
4044, 3
4045, 2
4046, 2
4047, 2
4050, 4
4051, 2
4052, 1
4054, 6
4055, 2
4056, 1
4057, 1
4059, 4
4060, 3
4061, 4
4062, 2
4063, 1
4064, 3
4065, 4
4066, 5
4067, 3
4068, 5
4069, 3
4070, 4
4071, 4
4072, 7
4073, 4
4074, 7
4075, 6
4076, 6
4077, 2
4078, 6
4079, 4
4080, 6
4081, 3
4082, 6
4083, 8
4084, 5
4085, 7
4086, 3
4087, 4
4088, 4
4089, 1
4090, 7
4091, 4
4092, 10
4093, 4
4094, 2
4095, 1
4096, 3
4097, 6
4098, 2
4099, 3
4100, 4
4102, 3
4103, 2
4105, 3
4107, 3
4108, 1
4109, 3
4110, 3
4111, 1
4112, 3
4113, 3
4114, 2
4115, 1
4118, 1
4119, 3
4120, 1
4121, 3
4122, 2
4123, 2
4125, 6
4126, 1
4127, 3
4129, 1
4130, 3
4131, 3
4133, 2
4135, 2
4136, 2
4137, 3
4139, 4
4140, 2
4141, 3
4142, 1
4145, 5
4146, 3
4147, 4
4148, 1
4149, 2
4150, 3
4151, 5
4152, 3
4153, 6
4154, 5
4155, 2
4156, 3
4157, 7
4158, 5
4159, 5
4160, 6
4161, 5
4162, 6
4163, 3
4164, 7
4165, 5
4166, 3
4167, 7
4168, 5
4169, 9
4170, 3
4171, 5
4172, 2
4173, 5
4174, 3
4175, 6
4176, 5
4177, 5
4178, 9
4179, 1
4180, 2
4181, 4
4182, 2
4183, 5
4184, 3
4185, 1
4186, 3
4187, 3
4188, 2
4189, 1
4190, 3
4192, 1
4193, 2
4194, 3
4195, 4
4196, 1
4197, 3
4198, 3
4199, 3
4203, 1
4204, 1
4205, 2
4206, 3
4207, 2
4208, 2
4209, 1
4210, 3
4211, 3
4212, 2
4213, 1
4214, 1
4215, 3
4216, 3
4217, 1
4218, 2
4220, 1
4221, 2
4222, 2
4223, 2
4224, 2
4225, 4
4226, 2
4228, 2
4230, 3
4231, 3
4232, 3
4233, 4
4234, 2
4235, 2
4236, 4
4237, 5
4238, 2
4239, 7
4240, 3
4241, 3
4242, 4
4243, 7
4244, 5
4245, 4
4246, 7
4247, 5
4248, 4
4249, 2
4250, 9
4251, 4
4252, 6
4253, 10
4254, 3
4255, 7
4256, 4
4257, 3
4258, 4
4259, 4
4261, 9
4262, 4
4263, 8
4264, 4
4265, 4
4266, 1
4267, 3
4268, 5
4269, 2
4270, 3
4271, 3
4272, 1
4273, 2
4274, 3
4275, 1
4276, 2
4278, 1
4279, 4
4280, 1
4281, 4
4282, 3
4283, 1
4284, 4
4285, 2
4289, 1
4290, 2
4291, 2
4292, 2
4293, 2
4294, 2
4295, 1
4296, 5
4297, 2
4298, 3
4300, 2
4301, 4
4303, 2
4304, 1
4306, 2
4307, 2
4308, 3
4310, 6
4312, 3
4313, 1
4316, 5
4317, 2
4318, 5
4319, 2
4320, 1
4321, 2
4322, 5
4323, 5
4324, 5
4325, 5
4326, 1
4327, 5
4328, 4
4329, 8
4330, 3
4331, 6
4332, 8
4333, 4
4334, 5
4335, 4
4336, 4
4337, 5
4338, 7
4339, 5
4340, 9
4341, 4
4342, 4
4343, 3
4344, 6
4345, 2
4346, 5
4347, 5
4348, 6
4349, 6
4350, 4
4351, 2
4352, 2
4353, 5
4354, 3
4355, 3
4356, 4
4357, 1
4358, 2
4359, 1
4360, 3
4361, 2
4363, 1
4364, 2
4365, 2
4366, 4
4367, 2
4368, 3
4369, 1
4370, 5
4374, 1
4375, 1
4376, 3
4377, 1
4378, 3
4379, 1
4380, 2
4381, 2
4382, 4
4383, 3
4384, 1
4385, 1
4386, 2
4387, 3
4388, 1
4389, 2
4392, 4
4394, 3
4395, 2
4396, 4
4397, 1
4398, 2
4399, 1
4401, 5
4402, 2
4403, 5
4404, 1
4405, 2
4406, 2
4407, 2
4408, 5
4409, 6
4410, 4
4411, 4
4412, 2
4413, 6
4414, 6
4415, 4
4416, 7
4417, 6
4418, 7
4419, 2
4420, 4
4421, 7
4422, 3
4423, 4
4424, 5
4425, 12
4426, 5
4427, 3
4428, 3
4429, 5
4430, 4
4431, 3
4432, 5
4433, 5
4434, 9
4435, 2
4436, 4
4437, 2
4438, 2
4439, 7
4440, 2
4441, 1
4442, 4
4443, 1
4444, 3
4445, 1
4446, 2
4447, 2
4449, 3
4450, 1
4451, 4
4452, 2
4453, 3
4454, 1
4455, 5
4456, 1
4459, 1
4460, 1
4461, 1
4462, 2
4463, 3
4464, 1
4465, 2
4466, 3
4467, 3
4468, 2
4469, 3
4471, 2
4472, 3
4473, 2
4474, 1
4475, 1
4477, 3
4478, 1
4479, 3
4481, 3
4482, 4
4483, 1
4484, 2
4487, 5
4488, 3
4489, 4
4490, 2
4491, 1
4492, 3
4493, 5
4494, 5
4495, 4
4496, 5
4497, 1
4498, 5
4499, 5
4500, 5
4501, 5
4502, 9
4503, 3
4504, 7
4505, 2
4506, 6
4507, 6
4508, 4
4509, 4
4510, 11
4511, 3
4512, 5
4513, 4
4514, 4
4515, 5
4516, 3
4517, 6
4518, 5
4519, 4
4520, 6
4521, 5
4522, 2
4523, 3
4524, 6
4525, 1
4526, 2
4527, 5
4528, 2
4529, 1
4530, 2
4531, 2
4532, 2
4534, 1
4535, 2
4536, 3
4537, 2
4538, 3
4539, 3
4540, 3
4541, 3
4545, 1
4546, 1
4547, 2
4548, 3
4549, 1
4550, 3
4551, 1
4552, 5
4553, 1
4554, 3
4555, 1
4557, 4
4558, 2
4559, 1
4560, 2
4563, 3
4564, 3
4565, 1
4567, 6
4568, 1
4569, 2
4570, 1
4572, 3
4573, 4
4574, 4
4575, 2
4576, 2
4577, 2
4578, 4
4579, 4
4580, 5
4581, 4
4582, 3
4583, 4
4584, 3
4585, 7
4586, 6
4587, 5
4588, 7
4589, 6
4590, 2
4591, 6
4592, 7
4593, 4
4594, 4
4595, 7
4596, 6
4597, 7
4598, 3
4599, 3
4600, 5
4601, 4
4602, 1
4603, 9
4604, 2
4605, 8
4606, 4
4607, 5
4608, 1
4609, 4
4610, 5
4611, 1
4612, 5
4613, 1
4614, 2
4615, 1
4616, 3
4617, 1
4618, 2
4620, 1
4621, 4
4622, 3
4623, 3
4625, 4
4626, 4
4627, 1
4631, 1
4632, 3
4633, 2
4634, 3
4635, 1
4636, 2
4637, 1
4638, 4
4639, 2
4640, 3
4642, 2
4643, 4
4644, 1
4645, 2
4648, 4
4649, 1
4650, 2
4651, 2
4652, 3
4653, 2
4654, 1
4655, 2
4658, 4
4659, 5
4660, 4
4661, 1
4662, 2
4663, 3
4664, 6
4665, 2
4666, 4
4667, 5
4668, 3
4669, 5
4670, 5
4671, 5
4672, 5
4673, 6
4674, 5
4675, 7
4676, 3
4677, 7
4678, 3
4679, 4
4680, 7
4681, 7
4682, 7
4683, 4
4684, 4
4685, 4
4686, 4
4687, 3
4688, 6
4689, 4
4690, 7
4691, 6
4692, 3
4693, 3
4694, 3
4695, 4
4696, 2
4697, 3
4698, 4
4699, 2
4701, 4
4702, 1
4703, 2
4705, 1
4706, 2
4707, 3
4708, 3
4709, 2
4710, 3
4711, 2
4712, 4
4716, 1
4717, 1
4718, 3
4719, 3
4721, 4
4723, 4
4724, 2
4725, 3
4727, 2
4728, 4
4729, 1
4730, 1
4731, 2
4733, 1
4734, 3
4735, 2
4736, 1
4737, 3
4738, 3
4739, 2
4740, 1
4741, 1
4743, 3
4744, 5
4745, 4
4746, 1
4747, 2
4748, 2
4749, 3
4750, 6
4751, 5
4752, 2
4753, 4
4754, 4
4755, 5
4756, 6
4757, 5
4758, 7
4759, 5
4760, 4
4761, 6
4762, 4
4763, 6
4764, 4
4765, 4
4766, 7
4767, 6
4768, 7
4769, 6
4770, 3
4771, 4
4772, 2
4773, 4
4774, 7
4775, 5
4776, 6
4777, 4
4778, 4
4779, 1
4780, 4
4781, 5
4782, 1
4783, 3
4784, 4
4785, 1
4786, 2
4787, 2
4788, 1
4789, 2
4791, 3
4792, 2
4793, 4
4794, 2
4795, 2
4796, 1
4797, 4
4798, 2
4802, 2
4803, 1
4804, 2
4805, 3
4806, 2
4807, 2
4808, 1
4809, 4
4810, 1
4811, 4
4813, 1
4814, 5
4816, 2
4817, 1
4819, 3
4820, 2
4821, 2
4823, 5
4824, 2
4825, 2
4826, 1
4828, 1
4829, 2
4830, 8
4831, 1
4832, 2
4833, 1
4834, 4
4835, 6
4836, 4
4837, 5
4838, 2
4839, 4
4840, 2
4841, 8
4842, 6
4843, 4
4844, 6
4845, 6
4846, 5
4847, 5
4848, 5
4849, 5
4850, 4
4851, 4
4852, 9
4853, 6
4854, 4
4855, 5
4856, 5
4857, 2
4858, 2
4859, 7
4860, 3
4861, 8
4862, 5
4863, 4
4864, 3
4865, 1
4866, 5
4867, 4
4868, 1
4869, 5
4871, 3
4872, 2
4873, 2
4874, 2
4877, 4
4878, 3
4879, 3
4881, 3
4882, 3
4883, 3
4884, 1
4887, 1
4888, 1
4889, 3
4890, 3
4892, 3
4893, 1
4894, 3
4895, 3
4896, 3
4897, 1
4899, 4
4900, 3
4902, 2
4904, 1
4905, 3
4906, 2
4907, 1
4908, 3
4909, 3
4910, 1
4911, 2
4912, 1
4914, 3
4915, 5
4916, 4
4917, 1
4918, 1
4919, 4
4920, 3
4921, 7
4922, 3
4923, 4
4924, 3
4925, 2
4926, 8
4927, 6
4928, 4
4929, 4
4930, 8
4931, 5
4932, 2
4933, 6
4934, 7
4935, 3
4936, 5
4937, 6
4938, 5
4939, 9
4940, 3
4941, 3
4942, 6
4943, 3
4944, 1
4945, 10
4946, 3
4947, 8
4948, 2
4949, 4
4950, 2
4951, 5
4952, 5
4953, 1
4954, 4
4955, 1
4956, 3
4957, 1
4958, 2
4959, 1
4960, 2
4962, 3
4963, 2
4964, 3
4965, 3
4967, 3
4968, 5
4969, 1
4972, 1
4973, 1
4974, 1
4975, 3
4976, 2
4977, 2
4978, 2
4979, 1
4980, 5
4981, 2
4982, 1
4983, 1
4984, 2
4985, 4
4986, 1
4987, 2
4990, 3
4991, 2
4992, 2
4993, 2
4994, 4
4995, 1
4996, 2
4998, 1
4999, 2
5000, 5
5001, 3
5002, 4
5004, 1
5005, 5
5006, 5
5007, 2
5008, 7
5009, 3
5010, 4
5011, 3
5012, 5
5013, 6
5014, 7
5015, 5
5016, 6
5017, 4
5018, 4
5019, 5
5020, 5
5021, 4
5022, 5
5023, 9
5024, 7
5025, 2
5026, 5
5027, 5
5028, 5
5030, 6
5031, 8
5032, 4
5033, 6
5034, 3
5035, 3
5036, 1
5037, 6
5038, 3
5039, 3
5040, 3
5041, 1
5042, 2
5043, 2
5044, 2
5045, 2
5048, 5
5049, 2
5050, 3
5051, 1
5052, 3
5053, 4
5054, 2
5058, 2
5059, 1
5060, 1
5061, 4
5062, 1
5063, 2
5064, 1
5065, 4
5066, 3
5067, 2
5068, 1
5070, 4
5071, 2
5072, 1
5073, 2
5075, 1
5076, 3
5077, 2
5078, 1
5079, 4
5080, 3
5081, 1
5082, 1
5083, 1
5085, 2
5086, 5
5087, 5
5088, 2
5090, 4
5091, 2
5092, 7
5093, 5
5094, 2
5095, 3
5096, 3
5097, 7
5098, 8
5099, 3
5100, 6
5101, 5
5102, 7
5103, 3
5104, 9
5105, 3
5106, 3
5107, 4
5108, 7
5109, 5
5110, 8
5111, 3
5112, 5
5113, 6
5114, 1
5115, 5
5116, 5
5117, 5
5118, 8
5119, 2
5120, 4
5121, 2
5122, 4
5123, 3
5124, 4
5125, 4
5127, 1
5128, 2
5129, 4
5130, 1
5131, 1
5133, 2
5134, 3
5135, 3
5136, 3
5137, 2
5138, 2
5139, 5
5143, 1
5144, 1
5145, 2
5146, 2
5147, 2
5148, 2
5149, 2
5150, 1
5151, 5
5152, 3
5153, 1
5155, 3
5156, 2
5157, 2
5158, 1
5159, 1
5161, 3
5162, 1
5163, 2
5164, 1
5165, 6
5166, 1
5167, 2
5168, 1
5170, 2
5171, 5
5172, 2
5173, 5
5174, 1
5175, 1
5176, 2
5177, 6
5178, 4
5179, 4
5180, 5
5181, 3
5182, 3
5183, 7
5184, 7
5185, 2
5186, 9
5187, 7
5188, 2
5189, 6
5190, 6
5191, 2
5192, 3
5193, 7
5194, 8
5195, 7
5196, 3
5197, 4
5198, 5
5199, 3
5200, 3
5201, 7
5202, 2
5203, 9
5204, 5
5205, 3
5206, 3
5207, 3
5208, 5
5209, 2
5210, 2
5211, 4
5212, 1
5213, 2
5214, 3
5215, 1
5216, 2
5218, 2
5219, 2
5220, 2
5221, 3
5222, 2
5223, 2
5224, 2
5225, 5
5229, 1
5230, 1
5231, 3
5232, 3
5233, 2
5234, 2
5235, 1
5236, 5
5238, 3
5239, 1
5240, 1
5241, 3
5242, 3
5244, 2
5246, 2
5247, 3
5249, 2
5250, 4
5251, 2
5252, 3
5254, 1
5256, 4
5257, 3
5258, 4
5259, 3
5260, 2
5261, 1
5262, 5
5263, 4
5264, 5
5265, 6
5266, 1
5267, 3
5268, 5
5269, 7
5270, 8
5271, 2
5272, 7
5273, 5
5274, 3
5275, 7
5276, 5
5277, 3
5278, 6
5279, 7
5280, 5
5281, 7
5282, 4
5283, 4
5284, 4
5285, 3
5286, 4
5287, 6
5288, 6
5289, 6
5290, 3
5291, 3
5292, 2
5293, 5
5294, 4
5295, 2
5296, 2
5297, 4
5299, 3
5300, 2
5301, 2
5302, 1
5304, 2
5305, 3
5306, 3
5307, 3
5308, 2
5309, 2
5310, 5
5314, 1
5315, 1
5316, 1
5317, 3
5318, 3
5319, 1
5320, 2
5321, 2
5322, 4
5323, 1
5324, 3
5326, 2
5327, 3
5328, 2
5329, 2
5332, 4
5333, 1
5334, 2
5335, 2
5336, 3
5337, 1
5338, 3
5339, 1
5341, 1
5342, 5
5343, 4
5344, 3
5345, 1
5346, 2
5347, 3
5348, 6
5349, 5
5350, 4
5351, 3
5352, 3
5353, 4
5354, 7
5355, 6
5356, 5
5357, 6
5358, 7
5359, 2
5360, 6
5361, 5
5362, 3
5363, 5
5364, 6
5365, 7
5366, 8
5367, 2
5368, 5
5369, 4
5370, 5
5372, 8
5373, 4
5374, 7
5375, 6
5376, 3
5377, 2
5378, 2
5379, 6
5380, 1
5381, 2
5382, 5
5383, 2
5384, 1
5385, 2
5386, 2
5387, 2
5389, 1
5390, 4
5391, 1
5392, 4
5393, 2
5394, 2
5395, 5
5397, 1
5400, 2
5402, 2
5403, 4
5404, 2
5405, 1
5406, 1
5407, 5
5408, 1
5409, 3
5410, 1
5411, 1
5412, 4
5413, 1
5414, 3
5417, 1
5418, 3
5419, 2
5420, 1
5421, 5
5422, 1
5423, 2
5424, 2
5427, 3
5428, 5
5429, 4
5430, 2
5431, 2
5432, 2
5433, 4
5434, 5
5435, 4
5436, 5
5437, 2
5438, 4
5439, 6
5440, 6
5441, 5
5442, 8
5443, 3
5444, 7
5445, 2
5446, 7
5447, 5
5448, 2
5449, 6
5450, 9
5451, 7
5452, 3
5453, 4
5454, 6
5455, 4
5456, 1
5457, 6
5458, 5
5459, 3
5460, 9
5461, 3
5462, 3
5463, 1
5464, 6
5465, 4
5466, 1
5467, 5
5468, 1
5469, 1
5470, 2
5471, 2
5472, 3
5474, 1
5475, 2
5476, 2
5477, 2
5478, 3
5479, 2
5480, 3
5481, 5
5486, 2
5487, 3
5488, 2
5489, 1
5490, 2
5491, 1
5492, 2
5493, 5
5494, 2
5495, 2
5496, 1
5497, 2
5498, 3
5499, 1
5500, 1
5501, 1
5503, 4
5504, 2
5505, 1
5506, 2
5507, 3
5508, 2
5509, 2
5510, 1
5512, 2
5513, 4
5514, 4
5515, 3
5516, 1
5517, 2
5518, 3
5519, 6
5520, 4
5521, 4
5522, 4
5523, 3
5524, 6
5525, 5
5526, 5
5527, 8
5528, 3
5529, 4
5530, 6
5531, 6
5532, 5
5533, 3
5534, 5
5535, 8
5536, 8
5537, 3
5538, 5
5539, 5
5540, 4
5541, 4
5542, 1
5543, 8
5544, 4
5545, 8
5546, 4
5547, 3
5548, 2
5549, 3
5550, 5
5551, 2
5552, 2
5553, 4
5554, 1
5555, 2
5556, 2
5557, 2
5558, 2
5560, 2
5561, 2
5562, 3
5563, 3
5564, 2
5565, 3
5566, 4
5567, 1
5570, 1
5571, 1
5572, 1
5573, 1
5574, 3
5575, 2
5576, 2
5577, 1
5578, 5
5579, 1
5580, 3
5581, 1
5583, 5
5584, 2
5585, 1
5586, 1
5588, 3
5589, 1
5590, 2
5591, 1
5592, 3
5593, 3
5594, 2
5595, 2
5597, 1
5598, 3
5599, 5
5600, 3
5601, 2
5602, 2
5603, 2
5604, 4
5605, 6
5606, 4
5607, 4
5608, 1
5609, 5
5610, 6
5611, 5
5612, 5
5613, 7
5614, 7
5615, 4
5616, 5
5617, 7
5618, 2
5619, 5
5620, 6
5621, 3
5622, 9
5623, 6
5624, 4
5625, 1
5626, 7
5627, 2
5628, 7
5629, 4
5630, 6
5631, 6
5632, 4
5633, 3
5635, 5
5636, 4
5637, 2
5638, 2
5639, 3
5640, 2
5641, 3
5642, 2
5644, 2
5646, 3
5647, 3
5648, 3
5649, 1
5650, 4
5651, 3
5652, 2
5653, 1
5656, 2
5658, 2
5659, 3
5660, 1
5661, 3
5662, 1
5663, 5
5664, 1
5665, 3
5666, 1
5667, 1
5668, 3
5669, 2
5670, 1
5671, 2
5674, 4
5675, 1
5676, 1
5677, 3
5678, 4
5679, 1
5680, 2
5681, 1
5683, 1
5684, 5
5685, 4
5686, 2
5687, 3
5688, 2
5689, 3
5690, 5
5691, 5
5692, 3
5693, 4
5694, 3
5695, 4
5696, 8
5697, 4
5698, 5
5699, 7
5700, 7
5701, 3
5702, 5
5703, 6
5704, 4
5705, 2
5706, 7
5707, 11
5708, 4
5709, 4
5710, 2
5711, 5
5712, 5
5714, 9
5715, 4
5716, 7
5717, 6
5718, 1
5719, 3
5720, 4
5721, 5
5722, 1
5723, 3
5724, 3
5725, 1
5726, 2
5727, 3
5728, 1
5729, 2
5731, 1
5732, 3
5733, 3
5734, 3
5735, 1
5736, 3
5737, 5
5738, 1
5741, 1
5742, 1
5743, 2
5744, 1
5745, 3
5746, 1
5747, 2
5748, 1
5749, 5
5750, 2
5751, 2
5752, 1
5753, 1
5754, 4
5755, 1
5756, 2
5757, 1
5759, 2
5760, 3
5761, 1
5762, 1
5763, 2
5764, 4
5765, 2
5766, 2
5769, 4
5770, 5
5771, 3
5772, 2
5773, 1
5774, 3
5775, 4
5776, 7
5777, 4
5778, 2
5779, 4
5780, 6
5781, 3
5782, 7
5783, 3
5784, 9
5785, 4
5786, 5
5787, 1
5788, 9
5789, 6
5790, 2
5791, 7
5792, 7
5793, 6
5794, 4
5795, 5
5796, 3
5797, 5
5798, 2
5799, 6
5800, 6
5801, 5
5802, 8
5803, 2
5804, 1
5805, 4
5806, 3
5807, 5
5808, 2
5809, 3
5810, 2
5811, 1
5812, 2
5813, 3
5815, 2
5817, 3
5818, 2
5819, 5
5821, 4
5822, 2
5823, 3
5824, 1
5827, 1
5828, 1
5829, 3
5830, 2
5831, 2
5832, 2
5833, 1
5834, 2
5835, 4
5836, 3
5837, 1
5838, 1
5839, 1
5840, 5
5842, 2
5844, 1
5845, 3
5846, 2
5847, 1
5848, 2
5849, 4
5850, 1
5851, 2
5852, 1
5854, 1
5855, 7
5856, 2
5857, 4
5859, 4
5860, 3
5861, 5
5862, 5
5863, 2
5864, 4
5865, 3
5866, 4
5867, 8
5868, 4
5869, 6
5870, 6
5871, 8
5872, 2
5873, 6
5874, 5
5875, 3
5876, 5
5877, 5
5878, 12
5879, 4
5880, 5
5882, 6
5883, 4
5884, 4
5885, 6
5886, 5
5887, 6
5888, 4
5889, 3
5890, 2
5891, 2
5892, 7
5893, 2
5894, 2
5895, 3
5896, 3
5897, 1
5898, 3
5900, 2
5902, 1
5903, 4
5904, 2
5905, 3
5906, 1
5907, 3
5908, 6
5913, 2
5914, 1
5915, 3
5916, 2
5917, 1
5918, 3
5920, 5
5921, 2
5922, 2
5923, 1
5924, 1
5925, 4
5926, 2
5927, 1
5928, 1
5930, 4
5931, 1
5932, 2
5933, 2
5934, 2
5935, 2
5936, 2
5937, 2
5939, 1
5940, 3
5941, 6
5942, 2
5943, 2
5944, 1
5945, 3
5946, 5
5947, 4
5948, 5
5949, 4
5950, 3
5951, 4
5952, 5
5953, 9
5954, 4
5955, 4
5956, 7
5957, 5
5958, 2
5959, 6
5960, 6
5961, 3
5962, 7
5963, 5
5964, 8
5965, 4
5966, 5
5967, 3
5968, 4
5969, 4
5970, 6
5971, 3
5972, 8
5973, 6
5974, 3
5975, 2
5976, 3
5977, 5
5978, 2
5979, 2
5980, 2
5981, 4
5982, 2
5983, 2
5984, 1
5985, 3
5988, 3
5989, 3
5990, 3
5991, 2
5992, 2
5993, 3
5994, 4
5999, 3
6000, 1
6001, 2
6002, 2
6003, 2
6004, 2
6005, 4
6006, 3
6008, 3
6009, 1
6010, 2
6011, 3
6012, 1
6013, 1
6014, 1
6015, 1
6016, 2
6017, 3
6018, 1
6019, 2
6020, 4
6022, 3
6023, 1
6025, 4
6026, 3
6027, 5
6028, 2
6030, 3
6031, 4
6032, 3
6033, 6
6034, 5
6035, 3
6036, 3
6037, 5
6038, 6
6039, 5
6040, 6
6041, 5
6042, 8
6043, 1
6044, 9
6045, 3
6046, 4
6047, 4
6048, 7
6049, 9
6050, 5
6051, 3
6052, 3
6053, 5
6054, 4
6055, 3
6056, 6
6057, 4
6058, 8
6059, 4
6060, 4
6061, 2
6062, 2
6063, 6
6064, 1
6065, 3
6066, 3
6067, 1
6068, 3
6069, 2
6070, 1
6071, 2
6073, 3
6074, 1
6075, 4
6076, 1
6077, 3
6078, 2
6079, 4
6080, 2
6084, 2
6085, 1
6086, 2
6087, 3
6088, 1
6089, 3
6090, 1
6091, 5
6092, 1
6093, 2
6094, 1
6095, 2
6096, 4
6097, 1
6098, 1
6099, 1
6101, 3
6102, 2
6103, 2
6105, 3
6106, 4
6107, 1
6108, 2
6110, 1
6111, 5
6112, 2
6113, 5
6114, 1
6115, 2
6116, 3
6117, 4
6118, 5
6119, 6
6120, 3
6121, 3
6122, 4
6123, 5
6124, 6
6125, 5
6126, 7
6127, 3
6128, 7
6129, 2
6130, 5
6131, 7
6132, 5
6133, 5
6134, 8
6135, 2
6136, 8
6137, 4
6138, 3
6139, 7
6141, 6
6142, 4
6143, 10
6144, 5
6145, 3
6146, 1
6147, 3
6148, 6
6149, 1
6150, 4
6151, 3
6152, 1
6153, 1
6154, 2
6155, 3
6157, 2
6158, 1
6159, 2
6160, 3
6161, 4
6162, 1
6163, 1
6164, 7
6165, 1
6169, 1
6170, 2
6171, 2
6172, 3
6173, 1
6174, 2
6175, 1
6176, 4
6177, 3
6178, 2
6179, 1
6181, 3
6182, 4
6183, 1
6184, 1
6186, 1
6187, 3
6188, 3
6190, 3
6191, 2
6192, 3
6193, 1
6194, 1
6196, 3
6197, 3
6198, 5
6199, 3
6200, 1
6201, 3
6202, 2
6203, 5
6204, 6
6205, 4
6206, 3
6207, 4
6208, 6
6209, 3
6210, 6
6211, 4
6212, 7
6213, 7
6214, 2
6215, 8
6216, 3
6217, 5
6218, 3
6219, 9
6220, 9
6221, 4
6222, 2
6223, 5
6224, 4
6225, 4
6226, 1
6227, 8
6228, 5
6229, 8
6230, 2
6231, 4
6232, 2
6233, 3
6234, 6
6235, 1
6236, 3
6237, 3
6238, 3
6240, 4
6242, 2
6244, 3
6245, 1
6246, 5
6247, 1
6248, 1
6249, 4
6250, 4
6251, 1
6254, 1
6255, 1
6256, 2
6257, 2
6258, 1
6259, 4
6261, 1
6262, 5
6263, 3
6264, 1
6265, 2
6266, 1
6267, 3
6268, 2
6269, 2
6272, 2
6273, 3
6274, 2
6275, 2
6276, 1
6277, 4
6278, 2
6279, 1
6281, 1
6282, 4
6283, 5
6284, 3
6285, 1
6286, 3
6287, 1
6288, 6
6289, 5
6290, 4
6291, 4
6292, 2
6293, 5
6294, 6
6295, 4
6296, 7
6297, 6
6298, 4
6299, 6
6300, 5
6301, 6
6302, 3
6303, 3
6304, 7
6305, 9
6306, 7
6307, 2
6308, 4
6309, 6
6310, 4
6311, 1
6312, 6
6313, 5
6314, 7
6315, 6
6316, 3
6317, 1
6318, 3
6319, 6
6320, 2
6321, 1
6322, 2
6323, 4
6324, 1
6325, 3
6326, 2
6327, 1
6328, 1
6329, 2
6330, 1
6331, 4
6332, 3
6333, 1
6334, 3
6335, 3
6336, 3
6340, 1
6341, 2
6342, 2
6343, 3
6344, 1
6345, 3
6347, 5
6348, 2
6350, 3
6351, 1
6352, 3
6353, 3
6354, 1
6355, 1
6357, 3
6359, 4
6361, 4
6362, 3
6363, 1
6364, 1
6365, 1
6367, 1
6368, 6
6369, 4
6370, 2
6371, 2
6372, 3
6373, 4
6374, 5
6375, 5
6376, 3
6377, 3
6378, 3
6379, 6
6380, 5
6381, 4
6382, 10
6383, 3
6384, 8
6385, 1
6386, 7
6387, 5
6388, 3
6389, 7
6390, 7
6391, 4
6392, 7
6393, 5
6394, 2
6395, 4
6396, 4
6397, 4
6398, 6
6399, 7
6400, 6
6401, 4
6402, 2
6403, 1
6404, 5
6405, 5
6406, 2
6407, 4
6408, 1
6409, 1
6410, 2
6411, 3
6412, 1
6413, 1
6414, 1
6416, 4
6417, 2
6418, 4
6419, 2
6420, 2
6421, 4
6422, 1
6425, 1
6426, 1
6427, 2
6428, 3
6429, 2
6430, 1
6431, 1
6432, 4
6433, 3
6434, 1
6435, 3
6437, 2
6438, 4
6440, 3
6443, 3
6444, 2
6445, 2
6446, 2
6447, 3
6448, 1
6449, 3
6450, 1
6452, 1
6453, 4
6454, 6
6455, 1
6456, 2
6457, 3
6458, 3
6459, 5
6460, 3
6461, 6
6462, 3
6463, 2
6464, 6
6465, 5
6466, 6
6467, 7
6468, 3
6469, 7
6470, 4
6471, 5
6472, 6
6473, 3
6474, 4
6475, 7
6476, 8
6477, 7
6478, 1
6479, 5
6480, 5
6481, 5
6483, 9
6484, 4
6485, 7
6486, 5
6487, 3
6488, 1
6489, 3
6490, 6
6491, 2
6492, 3
6493, 3
6494, 2
6495, 1
6496, 2
6497, 2
6498, 2
6500, 2
6501, 3
6502, 3
6503, 1
6504, 4
6505, 1
6506, 3
6507, 3
6511, 2
6512, 1
6513, 2
6514, 3
6515, 2
6516, 1
6517, 1
6518, 5
6519, 1
6520, 3
6521, 1
6522, 1
6523, 2
6524, 4
6525, 1
6526, 1
6528, 1
6529, 3
6530, 1
6531, 2
6532, 4
6533, 2
6534, 1
6535, 2
6536, 1
6538, 4
6539, 4
6540, 4
6541, 1
6542, 2
6543, 3
6544, 4
6545, 5
6546, 4
6547, 6
6549, 3
6550, 9
6551, 4
6552, 4
6553, 9
6554, 6
6555, 5
6557, 10
6558, 3
6559, 3
6560, 6
6561, 7
6562, 4
6563, 8
6564, 5
6565, 3
6566, 6
6567, 1
6568, 6
6569, 5
6570, 7
6571, 6
6572, 3
6573, 2
6574, 1
6575, 4
6576, 5
6577, 1
6578, 3
6579, 4
6580, 1
6581, 3
6582, 2
6584, 2
6586, 3
6587, 2
6588, 4
6589, 1
6590, 2
6591, 3
6592, 4
6593, 1
6596, 1
6597, 1
6598, 2
6599, 3
6600, 2
6601, 2
6602, 1
6603, 3
6604, 3
6605, 2
6606, 2
6607, 1
6608, 1
6609, 3
6610, 2
6611, 2
6614, 3
6615, 1
6616, 3
6617, 2
6618, 2
6619, 3
6620, 2
6621, 1
6624, 6
6625, 4
6626, 4
6628, 3
6629, 2
6630, 7
6631, 3
6632, 4
6633, 4
6634, 3
6635, 3
6636, 9
6637, 3
6638, 6
6639, 5
6640, 7
6641, 4
6642, 5
6643, 7
6644, 3
6645, 3
6646, 8
6647, 6
6648, 5
6649, 6
6650, 4
6651, 3
6652, 6
6654, 7
6655, 6
6656, 8
6657, 4
6658, 3
6659, 2
6660, 1
6661, 7
6662, 2
6663, 2
6664, 1
6665, 4
6666, 2
6667, 2
6668, 2
6669, 2
6671, 1
6672, 3
6673, 1
6674, 4
6675, 3
6676, 2
6677, 5
6678, 1
6682, 2
6684, 3
6685, 1
6686, 4
6687, 1
6688, 1
6689, 4
6690, 2
6691, 3
6692, 1
6693, 2
6694, 2
6695, 2
6696, 2
6697, 1
6699, 1
6700, 3
6701, 2
6702, 3
6703, 1
6704, 3
6705, 2
6706, 2
6709, 4
6710, 4
6711, 4
6712, 2
6713, 2
6714, 1
6715, 5
6716, 6
6717, 5
6718, 3
6719, 2
6720, 3
6721, 8
6722, 4
6723, 6
6724, 5
6725, 5
6726, 7
6727, 2
6728, 6
6729, 5
6730, 5
6731, 5
6732, 10
6733, 5
6734, 4
6735, 4
6736, 5
6737, 4
6738, 2
6739, 5
6740, 5
6741, 6
6742, 7
6743, 4
6744, 2
6745, 2
6746, 4
6747, 4
6748, 1
6749, 3
6750, 4
6751, 1
6752, 1
6753, 3
6754, 1
6755, 2
6756, 2
6757, 1
6758, 2
6759, 3
6760, 2
6761, 3
6762, 2
6763, 4
6764, 1
6767, 1
6768, 1
6769, 3
6770, 2
6771, 1
6772, 3
6773, 1
6774, 4
6775, 2
6776, 2
6777, 2
6778, 1
6780, 5
6781, 1
6782, 2
6785, 4
6786, 1
6787, 2
6788, 2
6789, 3
6790, 3
6791, 1
6792, 1
6794, 4
6795, 3
6796, 3
6797, 2
6798, 2
6799, 3
6800, 2
6801, 7
6802, 4
6803, 2
6804, 5
6805, 3
6806, 5
6807, 5
6808, 6
6809, 6
6810, 7
6811, 2
6812, 6
6813, 6
6814, 6
6815, 3
6816, 5
6817, 4
6818, 10
6819, 6
6820, 3
6821, 4
6822, 6
6823, 3
6824, 1
6825, 7
6826, 5
6827, 8
6828, 4
6829, 3
6830, 2
6831, 2
6832, 6
6833, 2
6834, 3
6835, 4
6836, 1
6837, 2
6838, 1
6839, 2
6840, 2
6842, 1
6843, 2
6844, 4
6845, 3
6846, 2
6847, 2
6848, 4
6849, 2
6853, 2
6854, 1
6855, 2
6856, 2
6857, 1
6858, 4
6860, 6
6862, 3
6863, 1
6864, 2
6865, 3
6866, 1
6867, 2
6868, 1
6870, 2
6871, 2
6872, 3
6874, 4
6875, 3
6876, 1
6877, 2
6880, 3
6881, 6
6882, 3
6883, 2
6884, 2
6885, 3
6886, 1
6887, 6
6888, 6
6889, 3
6890, 3
6891, 5
6892, 5
6893, 6
6894, 6
6895, 4
6896, 7
6897, 6
6899, 11
6900, 2
6901, 4
6902, 4
6903, 6
6904, 8
6905, 7
6906, 4
6907, 3
6908, 5
6909, 3
6910, 6
6911, 3
6912, 8
6913, 5
6914, 5
6916, 2
6917, 5
6918, 5
6919, 1
6920, 2
6921, 3
6922, 3
6924, 3
6925, 1
6926, 2
6928, 3
6929, 3
6930, 2
6931, 2
6932, 4
6933, 1
6934, 3
6935, 2
6938, 2
6940, 2
6941, 2
6942, 2
6943, 2
6944, 2
6945, 1
6946, 4
6947, 2
6948, 3
6950, 3
6951, 3
6952, 1
6953, 2
6956, 4
6957, 2
6958, 1
6959, 2
6960, 4
6961, 1
6962, 2
6963, 1
6965, 2
6966, 4
6967, 5
6968, 3
6969, 1
6970, 2
6971, 2
6972, 8
6973, 2
6974, 4
6975, 4
6976, 1
6977, 6
6978, 8
6979, 5
6980, 6
6981, 5
6982, 6
6983, 3
6984, 6
6985, 7
6986, 3
6987, 3
6988, 8
6989, 5
6990, 6
6991, 5
6992, 3
6993, 5
6994, 5
6995, 1
6996, 7
6997, 5
6998, 9
6999, 2
7000, 4
7001, 2
7002, 3
7003, 5
7004, 2
7005, 3
7006, 3
7007, 2
7008, 1
7009, 2
7010, 2
7011, 2
7013, 1
7014, 4
7015, 3
7016, 2
7017, 1
7018, 3
7019, 4
7020, 2
7024, 2
7025, 1
7026, 3
7027, 2
7028, 2
7029, 1
7030, 2
7031, 4
7032, 1
7033, 3
7034, 1
7035, 1
7036, 5
7037, 1
7039, 2
7041, 2
7042, 2
7043, 2
7044, 1
7045, 4
7046, 3
7047, 1
7048, 1
7049, 1
7051, 4
7052, 4
7053, 4
7054, 2
7055, 1
7056, 3
7057, 6
7058, 2
7059, 6
7060, 3
7061, 3
7062, 5
7063, 6
7064, 6
7065, 3
7066, 8
7067, 2
7068, 8
7069, 3
7070, 8
7071, 3
7072, 6
7073, 2
7074, 10
7075, 6
7076, 4
7077, 5
7078, 4
7079, 5
7080, 1
7081, 4
7082, 7
7083, 10
7084, 2
7085, 3
7086, 3
7087, 1
7088, 7
7089, 2
7090, 2
7091, 5
7093, 2
7094, 2
7095, 2
7096, 1
7097, 2
7098, 2
7099, 1
7100, 2
7101, 4
7102, 1
7103, 4
7104, 1
7105, 5
7109, 1
7110, 1
7111, 3
7112, 2
7113, 2
7114, 2
7115, 1
7116, 5
7117, 1
7118, 1
7119, 2
7120, 2
7121, 1
7122, 4
7123, 1
7124, 2
7127, 4
7128, 2
7129, 1
7130, 3
7131, 3
7132, 1
7133, 2
7134, 1
7136, 2
7137, 4
7138, 5
7139, 3
7141, 2
7142, 3
7143, 7
7144, 4
7145, 4
7146, 3
7147, 4
7148, 3
7149, 7
7150, 4
7151, 8
7152, 5
7153, 6
7154, 3
7155, 6
7156, 6
7157, 3
7158, 5
7159, 7
7160, 9
7161, 3
7162, 5
7163, 3
7164, 6
7165, 3
7166, 4
7167, 5
7168, 4
7169, 9
7170, 3
7171, 2
7172, 3
7173, 4
7174, 3
7175, 3
7176, 3
7177, 3
7178, 1
7179, 2
7180, 3
7181, 1
7182, 2
7184, 3
7185, 2
7186, 3
7187, 2
7188, 2
7189, 2
7190, 3
7191, 3
7195, 1
7196, 2
7197, 2
7198, 3
7199, 2
7200, 2
7202, 4
7203, 3
7204, 2
7205, 1
7206, 1
7207, 5
7208, 1
7209, 2
7212, 2
7213, 3
7214, 2
7215, 2
7216, 2
7217, 2
7218, 2
7219, 1
7220, 1
7221, 1
7222, 3
7223, 4
7224, 4
7225, 2
7226, 3
7227, 1
7228, 6
7229, 3
7230, 4
7231, 5
7232, 2
7233, 5
7234, 6
7235, 5
7236, 3
7237, 10
7238, 5
7239, 3
7240, 5
7241, 8
7242, 1
7243, 6
7244, 7
7245, 6
7246, 6
7247, 4
7248, 6
7249, 4
7250, 4
7251, 1
7252, 4
7253, 8
7254, 5
7255, 7
7256, 4
7257, 1
7258, 3
7259, 4
7260, 4
7261, 1
7262, 5
7264, 3
7265, 2
7266, 2
7267, 2
7269, 2
7270, 2
7271, 1
7272, 4
7273, 2
7274, 2
7275, 3
7276, 4
7280, 2
7282, 2
7283, 2
7284, 3
7285, 1
7286, 2
7287, 3
7288, 4
7289, 1
7290, 2
7292, 3
7293, 3
7294, 1
7295, 1
7296, 1
7298, 3
7299, 3
7300, 1
7301, 1
7302, 5
7303, 2
7304, 1
7305, 1
7307, 1
7308, 4
7309, 4
7310, 5
7312, 4
7313, 3
7314, 6
7315, 3
7316, 4
7317, 4
7318, 3
7319, 4
7320, 8
7321, 4
7322, 4
7323, 7
7324, 7
7325, 3
7326, 5
7327, 6
7328, 3
7329, 6
7330, 7
7331, 5
7332, 8
7333, 2
7334, 5
7335, 6
7336, 2
7337, 4
7338, 5
7339, 5
7340, 7
7341, 4
7342, 3
7343, 1
7344, 4
7345, 6
7346, 1
7347, 3
7348, 4
7349, 1
7350, 1
7351, 3
7352, 2
7353, 1
7355, 1
7356, 3
7357, 4
7358, 2
7359, 2
7360, 2
7361, 5
7362, 1
7366, 2
7367, 2
7368, 1
7369, 3
7370, 2
7371, 1
7372, 2
7373, 5
7375, 4
7377, 1
7378, 3
7379, 3
7380, 1
7381, 1
7383, 3
7384, 1
7385, 3
7386, 2
7387, 2
7388, 3
7389, 2
7390, 1
7392, 1
7393, 5
7394, 4
7395, 3
7396, 1
7397, 2
7398, 3
7399, 3
7400, 5
7401, 3
7402, 7
7403, 1
7404, 5
7405, 7
7406, 7
7407, 3
7408, 4
7409, 4
7410, 9
7411, 5
7412, 3
7413, 6
7414, 3
7415, 6
7416, 6
7417, 9
7418, 3
7419, 3
7420, 6
7421, 4
7422, 3
7423, 7
7424, 3
7425, 6
7426, 7
7427, 3
7428, 3
7429, 2
7430, 5
7431, 2
7432, 3
7433, 1
7434, 3
7435, 3
7436, 1
7437, 3
7438, 1
7439, 1
7440, 2
7441, 1
7442, 3
7443, 4
7444, 1
7445, 3
7446, 3
7447, 3
7451, 2
7453, 3
7454, 2
7455, 2
7456, 1
7457, 2
7458, 4
7459, 2
7460, 2
7461, 2
7462, 1
7463, 2
7464, 3
7465, 1
7466, 2
7468, 2
7469, 2
7470, 1
7471, 2
7472, 2
7473, 4
7474, 1
7475, 2
7476, 1
7478, 4
7479, 4
7480, 3
7481, 3
7482, 1
7483, 2
7484, 5
7485, 5
7486, 3
7487, 6
7488, 2
7490, 10
7491, 3
7492, 4
7493, 6
7494, 8
7495, 6
7496, 3
7497, 6
7498, 6
7499, 2
7500, 6
7501, 4
7502, 10
7503, 6
7504, 4
7505, 2
7506, 6
7507, 3
7508, 4
7509, 6
7510, 4
7511, 8
7512, 3
7513, 4
7514, 1
7515, 4
7516, 4
7517, 3
7518, 4
7519, 2
7521, 4
7523, 2
7524, 2
7526, 2
7527, 2
7528, 4
7529, 3
7530, 2
7531, 2
7532, 4
7533, 1
7536, 1
7537, 1
7538, 1
7539, 4
7540, 1
7541, 1
7542, 3
7543, 1
7544, 4
7545, 2
7546, 2
7547, 1
7548, 1
7549, 4
7550, 2
7551, 1
7552, 1
7554, 3
7555, 2
7556, 1
7557, 1
7558, 3
7559, 4
7560, 1
7561, 1
7562, 1
7563, 1
7564, 3
7565, 5
7566, 4
7567, 1
7568, 2
7569, 3
7570, 5
7571, 5
7572, 5
7573, 3
7574, 3
7575, 5
7576, 4
7577, 8
7578, 3
7579, 8
7580, 5
7581, 3
7582, 3
7583, 8
7584, 5
7585, 2
7586, 7
7587, 6
7588, 8
7589, 3
7590, 5
7591, 4
7592, 6
7594, 7
7595, 5
7596, 7
7597, 5
7598, 3
7599, 3
7600, 1
7601, 7
7602, 2
7603, 1
7604, 5
7605, 1
7606, 2
7607, 1
7608, 2
7609, 3
7611, 1
7612, 3
7613, 1
7614, 5
7615, 1
7616, 3
7617, 3
7618, 3
7622, 2
7623, 2
7624, 1
7625, 2
7626, 2
7627, 2
7628, 1
7629, 4
7630, 3
7632, 3
7633, 1
7634, 4
7635, 2
7636, 1
7637, 1
7639, 2
7640, 1
7641, 3
7642, 3
7643, 2
7644, 2
7645, 3
7647, 1
7649, 5
7650, 3
7651, 3
7652, 2
7653, 2
7654, 2
7655, 5
7656, 4
7657, 5
7658, 4
7659, 3
7660, 3
7661, 6
7662, 8
7663, 2
7664, 4
7665, 9
7666, 4
7667, 4
7668, 7
7669, 5
7670, 3
7671, 4
7672, 9
7673, 5
7674, 6
7675, 4
7676, 5
7677, 4
7678, 2
7679, 3
7680, 8
7681, 4
7682, 8
7683, 5
7684, 1
7685, 2
7686, 4
7687, 5
7688, 1
7689, 3
7690, 3
7691, 2
7692, 2
7693, 3
7695, 2
7697, 3
7698, 1
7699, 4
7700, 2
7701, 2
7702, 3
7703, 3
7704, 2
7708, 2
7709, 1
7710, 3
7711, 2
7712, 2
7713, 1
7714, 2
7715, 5
7716, 2
7717, 1
7718, 2
7719, 1
7720, 3
7721, 2
7722, 2
7725, 2
7726, 3
7727, 1
7728, 3
7729, 2
7730, 4
7731, 1
7732, 1
7734, 1
7735, 4
7736, 4
7737, 5
7738, 1
7739, 1
7740, 2
7741, 6
7742, 5
7743, 4
7744, 4
7745, 1
7746, 4
7747, 7
7748, 5
7749, 7
7750, 6
7751, 7
7752, 2
7753, 5
7754, 8
7755, 3
7756, 6
7757, 5
7758, 6
7759, 7
7760, 2
7761, 4
7762, 4
7763, 7
7765, 9
7766, 3
7767, 6
7768, 6
7769, 3
7770, 2
7771, 2
7772, 6
7773, 3
7774, 2
7775, 4
7776, 1
7777, 2
7778, 3
7779, 1
7781, 2
7782, 1
7783, 4
7784, 2
7785, 2
7786, 2
7787, 3
7788, 2
7789, 4
7793, 2
7795, 3
7796, 2
7797, 2
7798, 3
7800, 4
7801, 2
7802, 3
7803, 1
7804, 2
7805, 2
7806, 3
7808, 2
7810, 2
7811, 3
7812, 1
7813, 1
7814, 4
7815, 2
7816, 2
7817, 1
7818, 1
7820, 3
7821, 2
7822, 6
7823, 2
7824, 1
7825, 3
7826, 3
7827, 7
7828, 3
7829, 6
7830, 1
7831, 4
7832, 6
7833, 4
7834, 8
7835, 8
7836, 1
7837, 8
7838, 3
7839, 7
7840, 4
7841, 3
7842, 5
7843, 7
7844, 9
7845, 4
7846, 1
7847, 6
7848, 3
7849, 5
7850, 6
7851, 5
7852, 2
7853, 10
7854, 2
7855, 4
7856, 1
7857, 5
7858, 5
7860, 6
7862, 2
7863, 3
7864, 1
7865, 1
7866, 2
7868, 3
7869, 1
7870, 5
7871, 1
7872, 4
7874, 5
7875, 1
7879, 2
7880, 2
7881, 1
7882, 4
7884, 3
7885, 2
7886, 4
7888, 3
7889, 1
7890, 2
7891, 3
7892, 2
7893, 1
7894, 1
7896, 3
7897, 3
7898, 1
7900, 5
7901, 1
7902, 3
7903, 1
7905, 2
7906, 3
7907, 5
7908, 2
7909, 2
7910, 3
7911, 2
7912, 7
7913, 4
7914, 5
7915, 2
7916, 2
7917, 5
7918, 6
7919, 5
7920, 8
7921, 4
7922, 5
7923, 5
7924, 5
7925, 7
7926, 3
7927, 3
7928, 6
7929, 7
7930, 8
7931, 4
7932, 3
7933, 7
7934, 3
7936, 9
7937, 5
7938, 5
7939, 6
7940, 1
7941, 3
7942, 3
7943, 7
7944, 1
7945, 2
7946, 4
7947, 2
7948, 1
7949, 2
7950, 2
7951, 1
7952, 1
7953, 1
7954, 2
7955, 2
7956, 5
7957, 1
7958, 3
7959, 3
7960, 2
7961, 1
7964, 2
7965, 1
7966, 1
7967, 4
7968, 1
7969, 2
7970, 1
7971, 5
7972, 2
7973, 2
7974, 1
7975, 1
7976, 4
7977, 1
7978, 2
7979, 1
7981, 2
7982, 2
7983, 1
7984, 2
7985, 4
7986, 3
7987, 1
7988, 2
7991, 5
7992, 2
7993, 5
7994, 2
7995, 1
7996, 3
7997, 4
7998, 4
7999, 6
8000, 3
8001, 3
8002, 6
8003, 1
8004, 8
8005, 4
8006, 6
8007, 5
8008, 9
8009, 2
8010, 6
8011, 4
8012, 3
8013, 7
8014, 7
8015, 8
8016, 3
8017, 4
8018, 3
8019, 6
8020, 3
8021, 3
8022, 7
8023, 9
8024, 5
8026, 4
8027, 2
8028, 7
8029, 2
8030, 2
8031, 5
8032, 1
8033, 1
8034, 2
8035, 3
8037, 2
8038, 1
8039, 1
8040, 3
8041, 3
8042, 2
8043, 2
8044, 3
8045, 5
8050, 2
8051, 1
8052, 4
8053, 1
8054, 2
8055, 2
8056, 4
8057, 2
8058, 2
8059, 2
8061, 3
8062, 2
8063, 2
8064, 2
8067, 2
8068, 3
8069, 2
8070, 2
8071, 1
8072, 4
8073, 2
8074, 1
8076, 1
8077, 5
8078, 4
8079, 3
8080, 1
8081, 2
8082, 2
8083, 7
8084, 5
8085, 3
8086, 4
8087, 3
8088, 3
8089, 9
8090, 4
8091, 7
8092, 4
8093, 6
8094, 4
8095, 6
8096, 6
8097, 4
8098, 3
8099, 6
8100, 8
8101, 7
8102, 1
8103, 5
8104, 5
8105, 3
8106, 3
8107, 6
8108, 5
8109, 7
8110, 7
8111, 2
8112, 1
8113, 3
8114, 7
8115, 1
8116, 2
8117, 4
8118, 1
8119, 3
8120, 2
8121, 1
8123, 2
8124, 2
8125, 2
8126, 3
8127, 3
8128, 1
8129, 3
8130, 3
8131, 2
8132, 1
8135, 2
8136, 1
8137, 2
8138, 3
8139, 2
8140, 2
8142, 4
8143, 2
8144, 3
8145, 1
8146, 1
8147, 4
8148, 2
8150, 2
8152, 2
8153, 2
8154, 3
8156, 2
8157, 5
8158, 1
8159, 1
8160, 1
8162, 3
8163, 6
8164, 1
8165, 4
8166, 1
8167, 3
8168, 4
8169, 4
8170, 6
8171, 3
8172, 3
8173, 3
8174, 6
8175, 5
8176, 8
8177, 6
8178, 3
8179, 6
8180, 2
8181, 8
8182, 5
8183, 5
8184, 5
8185, 6
8186, 8
8187, 4
8188, 4
8189, 3
8190, 7
8191, 1
8192, 4
8193, 6
8194, 5
8195, 9
8196, 1
8197, 3
8198, 3
8199, 5
8200, 3
8201, 2
8202, 5
8203, 1
8205, 4
8206, 2
8208, 2
8209, 1
8210, 2
8211, 1
8212, 5
8213, 1
8214, 3
8215, 3
8216, 4
8220, 1
8221, 1
8222, 1
8223, 2
8224, 4
8225, 2
8226, 1
8227, 4
8228, 2
8229, 2
8230, 2
8231, 1
8232, 1
8233, 4
8234, 1
8235, 2
8238, 4
8239, 1
8240, 2
8242, 5
8243, 2
8244, 2
8246, 1
8247, 4
8248, 2
8249, 4
8250, 2
8251, 2
8252, 3
8253, 3
8254, 4
8255, 5
8256, 4
8257, 4
8258, 2
8259, 4
8260, 8
8261, 6
8262, 4
8263, 7
8264, 5
8265, 4
8266, 6
8267, 5
8268, 4
8269, 5
8270, 5
8271, 8
8272, 5
8273, 5
8274, 3
8275, 5
8276, 5
8277, 1
8278, 9
8279, 4
8280, 5
8281, 6
8282, 3
8283, 2
8284, 3
8285, 6
8286, 1
8287, 3
8288, 3
8289, 2
8290, 1
8291, 3
8292, 1
8293, 2
8295, 2
8296, 3
8297, 2
8298, 2
8299, 3
8300, 3
8301, 3
8302, 2
8306, 2
8307, 1
8308, 1
8309, 4
8310, 2
8311, 1
8312, 1
8313, 4
8314, 2
8315, 3
8316, 1
8317, 1
8318, 3
8319, 2
8320, 1
8321, 2
8323, 2
8324, 2
8325, 2
8326, 1
8327, 3
8328, 3
8329, 1
8330, 2
8331, 1
8333, 5
8334, 4
8335, 2
8336, 3
8337, 2
8338, 1
8339, 4
8340, 7
8341, 2
8342, 6
8343, 2
8344, 5
8345, 6
8346, 4
8347, 8
8348, 6
8349, 2
8350, 7
8351, 2
8352, 10
8353, 2
8354, 3
8355, 7
8356, 4
8357, 7
8358, 8
8359, 4
8360, 2
8361, 6
8362, 3
8363, 4
8364, 4
8365, 9
8366, 6
8367, 2
8368, 4
8369, 1
8370, 4
8371, 5
8372, 2
8373, 1
8374, 4
8375, 2
8376, 1
8377, 2
8378, 2
8379, 1
8380, 1
8381, 2
8382, 2
8383, 3
8384, 3
8385, 3
8386, 3
8387, 2
8388, 1
8391, 1
8392, 1
8393, 1
8394, 4
8395, 1
8396, 2
8397, 2
8398, 4
8399, 2
8400, 2
8401, 1
8402, 1
8403, 3
8404, 2
8405, 2
8406, 2
8409, 4
8410, 1
8411, 2
8412, 2
8413, 3
8414, 2
8415, 2
8416, 1
8418, 1
8419, 5
8420, 4
8421, 3
8422, 2
8423, 1
8424, 5
8425, 5
8426, 3
8427, 4
8428, 4
8429, 3
8430, 8
8431, 3
8432, 4
8433, 5
8434, 7
8435, 6
8436, 4
8437, 8
8438, 3
8439, 6
8440, 2
8441, 9
8442, 5
8443, 6
8444, 4
8445, 4
8446, 4
8447, 5
8448, 3
8449, 7
8450, 4
8451, 8
8452, 2
8453, 4
8454, 1
8455, 3
8456, 4
8457, 4
8458, 1
8459, 6
8460, 1
8461, 2
8462, 2
8463, 1
8464, 2
8466, 1
8467, 4
8468, 3
8469, 2
8470, 1
8471, 3
8472, 3
8473, 3
8477, 1
8478, 2
8479, 2
8480, 3
8481, 2
8482, 1
8483, 2
8484, 4
8485, 2
8486, 3
8488, 1
8489, 2
8490, 3
8491, 1
8492, 2
8494, 2
8495, 2
8496, 2
8497, 1
8498, 5
8499, 1
8500, 3
8502, 1
8504, 4
8505, 4
8506, 4
8507, 2
8508, 2
8509, 2
8510, 5
8511, 5
8512, 2
8513, 6
8514, 2
8515, 3
8516, 8
8517, 5
8518, 6
8519, 5
8520, 5
8521, 6
8522, 3
8523, 9
8524, 1
8525, 5
8526, 7
8527, 7
8528, 6
8529, 5
8530, 4
8531, 4
8532, 5
8533, 2
8534, 6
8535, 4
8536, 6
8537, 5
8538, 5
8539, 2
8540, 1
8541, 8
8542, 1
8543, 1
8544, 6
8545, 1
8546, 1
8547, 2
8548, 3
8550, 2
8551, 1
8552, 3
8553, 1
8554, 4
8555, 2
8556, 3
8557, 1
8558, 4
8559, 1
8562, 1
8563, 1
8564, 3
8565, 2
8566, 2
8567, 1
8568, 1
8569, 4
8570, 3
8571, 2
8572, 1
8573, 2
8574, 1
8575, 5
8577, 1
8578, 1
8580, 3
8581, 2
8582, 2
8584, 5
8585, 3
8586, 1
8587, 1
8589, 1
8590, 6
8591, 4
8592, 2
8593, 1
8594, 2
8595, 3
8596, 7
8597, 6
8598, 3
8599, 2
8600, 3
8601, 6
8602, 5
8603, 6
8604, 8
8605, 4
8606, 4
8607, 6
8608, 6
8609, 2
8610, 5
8611, 7
8612, 4
8613, 7
8614, 7
8615, 5
8616, 2
8617, 5
8618, 3
8619, 4
8620, 6
8621, 5
8622, 6
8623, 4
8624, 4
8625, 2
8626, 3
8627, 6
8628, 1
8629, 3
8630, 3
8631, 3
8633, 3
8634, 1
8635, 2
8637, 3
8638, 1
8639, 4
8640, 3
8641, 2
8642, 2
8643, 4
8644, 1
8648, 2
8649, 2
8650, 1
8651, 3
8652, 2
8653, 1
8654, 2
8655, 4
8656, 1
8657, 3
8658, 1
8659, 2
8660, 3
8661, 1
8662, 1
8663, 2
8665, 4
8667, 3
8669, 2
8670, 4
8671, 2
8672, 2
8674, 2
8675, 3
8676, 3
8677, 4
8678, 2
8679, 1
8680, 3
8681, 7
8682, 2
8683, 5
8684, 5
8685, 3
8686, 2
8687, 7
8688, 7
8689, 3
8690, 9
8691, 4
8692, 5
8693, 2
8694, 9
8695, 1
8696, 6
8697, 6
8698, 6
8699, 7
8700, 4
8701, 5
8702, 4
8703, 5
8704, 1
8705, 6
8706, 5
8707, 8
8708, 3
8709, 6
8710, 2
8711, 2
8712, 3
8713, 5
8714, 1
8715, 5
8716, 1
8717, 2
8718, 1
8719, 2
8720, 2
8721, 1
8722, 1
8723, 1
8724, 4
8725, 2
8726, 2
8727, 4
8728, 2
8729, 4
8733, 2
8735, 3
8736, 2
8737, 1
8738, 3
8739, 1
8740, 4
8741, 2
8742, 1
8743, 3
8744, 1
8745, 3
8746, 2
8747, 1
8748, 2
8750, 1
8751, 2
8752, 4
8754, 3
8755, 3
8756, 2
8757, 1
8758, 1
8760, 3
8761, 4
8762, 5
8763, 2
8764, 1
8765, 3
8766, 2
8767, 7
8768, 4
8769, 4
8770, 3
8771, 1
8772, 7
8773, 5
8774, 7
8775, 5
8776, 6
8777, 7
8778, 1
8779, 9
8780, 3
8781, 3
8782, 6
8783, 7
8784, 9
8785, 4
8786, 5
8787, 1
8788, 4
8789, 5
8790, 3
8791, 6
8792, 6
8793, 6
8794, 3
8795, 3
8796, 2
8797, 5
8798, 4
8799, 2
8800, 3
8801, 4
8803, 3
8804, 2
8805, 1
8806, 2
8808, 1
8809, 4
8810, 3
8811, 2
8812, 3
8813, 1
8814, 3
8815, 3
8819, 2
8820, 3
8821, 1
8822, 2
8823, 1
8824, 2
8825, 2
8826, 4
8827, 2
8828, 3
8830, 2
8831, 2
8832, 3
8833, 2
8836, 4
8838, 3
8840, 4
8841, 3
8842, 1
8843, 2
8846, 5
8847, 5
8848, 2
8849, 2
8850, 2
8851, 4
8852, 4
8853, 4
8854, 5
8855, 4
8856, 1
8857, 6
8858, 6
8859, 5
8860, 4
8861, 9
8862, 2
8863, 7
8864, 5
8865, 5
8866, 4
8867, 5
8868, 3
8869, 9
8870, 5
8871, 7
8872, 3
8873, 4
8874, 5
8875, 2
8876, 7
8877, 3
8878, 8
8879, 4
8880, 4
8881, 1
8882, 3
8883, 5
8884, 4
8885, 2
8886, 2
8887, 4
8888, 1
8889, 2
8890, 2
8891, 2
8893, 1
8894, 2
8895, 3
8896, 4
8897, 2
8898, 2
8899, 3
8900, 3
8904, 1
8905, 2
8906, 1
8907, 4
8908, 1
8909, 2
8910, 1
8911, 4
8912, 2
8913, 2
8914, 2
8916, 3
8917, 3
8918, 1
8919, 2
8921, 1
8922, 3
8923, 2
8924, 1
8925, 3
8926, 2
8927, 3
8928, 2
8931, 2
8932, 5
8933, 2
8934, 5
8936, 4
8937, 4
8938, 5
8939, 4
8940, 5
8941, 2
8942, 1
8943, 8
8944, 5
8945, 4
8946, 5
8947, 8
8948, 4
8949, 7
8950, 5
8951, 4
8952, 5
8953, 3
8954, 8
8955, 8
8956, 5
8957, 2
8958, 6
8959, 2
8960, 5
8961, 1
8962, 10
8963, 3
8964, 8
8965, 3
8966, 3
8967, 2
8968, 3
8969, 6
8970, 2
8971, 1
8972, 5
8973, 1
8974, 2
8975, 2
8976, 1
8977, 1
8978, 1
8979, 2
8980, 3
8981, 2
8982, 3
8983, 3
8984, 2
8985, 2
8986, 3
8989, 1
8990, 1
8991, 2
8992, 2
8993, 3
8994, 1
8995, 2
8997, 5
8998, 3
8999, 1
9000, 1
9001, 2
9002, 3
9003, 2
9004, 1
9005, 1
9007, 2
9008, 2
9009, 3
9010, 2
9011, 3
9012, 1
9013, 3
9014, 1
9017, 4
9018, 6
9019, 3
9020, 1
9021, 3
9022, 2
9023, 3
9024, 6
9025, 6
9026, 3
9027, 3
9028, 3
9029, 5
9030, 6
9031, 6
9032, 7
9033, 5
9034, 5
9035, 5
9036, 5
9037, 4
9038, 5
9039, 4
9040, 6
9041, 10
9042, 3
9043, 4
9044, 5
9045, 3
9046, 2
9047, 7
9048, 5
9049, 6
9050, 6
9051, 3
9052, 3
9053, 1
9054, 7
9055, 1
9056, 2
9057, 5
9058, 1
9059, 2
9060, 2
9061, 2
9062, 2
9064, 2
9065, 1
9066, 4
9067, 2
9068, 2
9069, 3
9070, 2
9071, 4
9075, 1
9076, 2
9077, 2
9078, 2
9079, 2
9080, 1
9081, 2
9082, 3
9083, 3
9084, 2
9085, 2
9086, 1
9087, 3
9088, 3
9090, 2
9092, 1
9093, 3
9094, 2
9095, 1
9096, 5
9097, 1
9098, 2
9099, 1
9100, 1
9102, 5
9103, 2
9104, 3
9105, 2
9106, 2
9107, 3
9108, 3
9109, 5
9110, 7
9111, 2
9112, 4
9113, 5
9114, 4
9115, 6
9116, 7
9117, 1
9118, 8
9119, 5
9120, 5
9121, 7
9122, 4
9123, 4
9124, 4
9125, 8
9126, 5
9127, 6
9128, 4
9129, 3
9130, 7
9131, 1
9132, 2
9133, 9
9134, 4
9135, 8
9136, 4
9137, 2
9138, 2
9139, 5
9140, 4
9141, 2
9142, 2
9143, 3
9144, 3
9145, 1
9146, 3
9148, 2
9150, 3
9151, 2
9152, 4
9153, 1
9154, 3
9155, 2
9156, 2
9157, 3
9161, 2
9162, 2
9163, 2
9164, 2
9165, 2
9166, 2
9168, 6
9169, 1
9170, 2
9171, 1
9172, 1
9173, 4
9174, 1
9175, 3
9178, 2
9179, 3
9180, 2
9182, 6
9184, 3
9185, 1
9187, 1
9188, 5
9189, 3
9190, 4
9191, 2
9193, 4
9194, 6
9195, 6
9196, 3
9197, 3
9198, 3
9199, 3
9200, 8
9201, 5
9202, 4
9203, 6
9204, 4
9205, 7
9206, 1
9207, 10
9208, 4
9209, 2
9210, 8
9211, 7
9212, 7
9213, 2
9214, 4
9215, 7
9216, 4
9217, 1
9218, 6
9219, 6
9220, 6
9221, 6
9222, 3
9224, 4
9225, 5
9226, 3
9227, 1
9228, 5
9229, 2
9231, 3
9232, 2
9233, 1
9234, 1
9236, 4
9237, 3
9238, 2
9239, 2
9240, 3
9241, 3
9242, 3
9246, 2
9247, 2
9249, 3
9250, 2
9251, 3
9253, 4
9254, 3
9255, 2
9256, 1
9257, 1
9258, 3
9259, 3
9260, 1
9261, 1
9263, 2
9264, 2
9265, 2
9266, 2
9267, 2
9268, 4
9269, 1
9270, 2
9273, 3
9274, 3
9275, 5
9276, 3
9277, 2
9278, 1
9279, 5
9280, 4
9281, 6
9282, 4
9283, 2
9284, 2
9285, 4
9286, 10
9287, 3
9288, 8
9289, 5
9290, 4
9291, 4
9292, 8
9293, 4
9294, 3
9295, 6
9296, 4
9297, 9
9298, 6
9299, 3
9300, 5
9301, 4
9302, 3
9303, 4
9304, 6
9305, 5
9306, 7
9307, 3
9308, 3
9309, 2
9310, 4
9311, 6
9313, 3
9314, 3
9315, 3
9316, 1
9317, 2
9318, 2
9319, 1
9321, 2
9322, 4
9323, 2
9324, 3
9325, 3
9326, 1
9327, 4
9328, 1
9331, 1
9332, 1
9333, 2
9334, 3
9335, 2
9336, 1
9337, 2
9338, 1
9339, 5
9340, 2
9341, 1
9342, 1
9343, 2
9344, 2
9345, 3
9346, 1
9347, 1
9349, 3
9350, 2
9351, 2
9352, 2
9353, 2
9354, 3
9355, 1
9356, 2
9359, 6
9360, 3
9361, 3
9362, 3
9363, 2
9364, 1
9365, 8
9366, 3
9367, 6
9368, 2
9369, 2
9370, 6
9371, 5
9372, 5
9373, 6
9374, 7
9375, 6
9376, 3
9377, 5
9378, 7
9379, 3
9380, 3
9381, 7
9382, 8
9383, 7
9384, 2
9385, 5
9386, 4
9387, 3
9388, 2
9389, 7
9390, 4
9391, 7
9392, 6
9393, 4
9394, 1
9395, 3
9396, 6
9397, 2
9398, 3
9399, 3
9400, 1
9401, 2
9402, 2
9403, 2
9404, 2
9406, 1
9407, 2
9408, 3
9409, 4
9410, 1
9411, 3
9412, 4
9413, 2
9417, 1
9418, 2
9419, 1
9420, 4
9421, 2
9422, 2
9424, 5
9425, 1
9426, 3
9427, 1
9428, 2
9429, 2
9430, 2
9431, 1
9432, 2
9435, 4
9436, 3
9437, 2
9438, 2
9439, 3
9441, 3
9444, 3
9445, 5
9446, 2
9447, 3
9448, 3
9449, 2
9450, 4
9451, 4
9452, 6
9453, 3
9454, 3
9455, 5
9456, 3
9457, 7
9458, 5
9459, 4
9460, 7
9461, 5
9462, 3
9463, 9
9464, 4
9465, 4
9466, 4
9467, 9
9468, 7
9469, 4
9470, 5
9471, 2
9472, 6
9473, 2
9474, 6
9475, 4
9476, 4
9477, 8
9478, 3
9479, 5
9480, 1
9481, 4
9482, 4
9483, 1
9484, 6
9485, 1
9487, 3
9488, 2
9489, 3
9491, 1
9492, 2
9493, 2
9494, 2
9495, 4
9496, 1
9497, 4
9498, 3
9499, 1
9503, 2
9504, 3
9506, 3
9507, 2
9508, 2
9509, 2
9510, 4
9511, 3
9512, 1
9514, 2
9515, 4
9516, 1
9517, 1
9518, 1
9520, 4
9521, 2
9522, 1
9524, 5
9525, 1
9526, 3
9527, 1
9529, 1
9530, 4
9531, 5
9532, 3
9533, 1
9534, 3
9535, 3
9536, 5
9537, 5
9538, 4
9539, 4
9540, 2
9541, 6
9542, 4
9543, 5
9544, 5
9545, 6
9546, 6
9547, 4
9548, 6
9549, 6
9550, 2
9551, 6
9552, 4
9553, 8
9554, 8
9555, 3
9556, 4
9557, 4
9558, 6
9560, 9
9561, 3
9562, 9
9563, 5
9564, 2
9565, 1
9566, 3
9567, 5
9568, 3
9569, 3
9570, 3
9571, 2
9572, 1
9573, 2
9574, 2
9576, 2
9577, 3
9578, 1
9579, 2
9580, 4
9581, 2
9582, 2
9583, 4
9584, 2
9588, 1
9589, 2
9590, 3
9591, 2
9592, 2
9594, 2
9595, 3
9596, 4
9597, 2
9599, 3
9600, 3
9601, 2
9602, 1
9603, 1
9605, 1
9606, 3
9607, 2
9608, 1
9609, 4
9610, 2
9611, 2
9612, 2
9615, 4
9616, 3
9617, 5
9618, 2
9619, 2
9620, 1
9621, 6
9622, 4
9623, 2
9624, 5
9625, 4
9626, 5
9627, 5
9628, 6
9629, 5
9630, 8
9631, 3
9632, 6
9633, 2
9634, 6
9635, 6
9636, 3
9637, 7
9638, 6
9639, 8
9640, 4
9641, 5
9642, 3
9643, 5
9644, 2
9645, 1
9646, 9
9647, 6
9648, 7
9649, 4
9650, 1
9651, 2
9652, 6
9653, 4
9654, 1
9655, 5
9657, 3
9658, 2
9659, 1
9660, 2
9661, 1
9663, 4
9664, 2
9665, 3
9666, 2
9667, 3
9668, 2
9669, 3
9670, 1
9673, 1
9674, 1
9675, 1
9676, 2
9677, 4
9678, 1
9679, 2
9680, 1
9681, 5
9682, 2
9683, 2
9685, 2
9686, 4
9687, 1
9688, 1
9689, 1
9691, 4
9692, 1
9693, 1
9694, 3
9695, 4
9696, 2
9697, 1
9698, 1
9700, 1
9701, 5
9702, 4
9703, 3
9704, 1
9705, 3
9706, 2
9707, 6
9708, 4
9709, 4
9710, 4
9711, 3
9712, 7
9713, 4
9714, 5
9715, 4
9716, 7
9717, 8
9718, 2
9719, 6
9720, 6
9721, 3
9722, 4
9723, 7
9724, 6
9725, 7
9726, 4
9727, 3
9728, 8
9729, 2
9730, 4
9731, 4
9732, 5
9733, 6
9734, 6
9735, 2
9736, 3
9737, 3
9738, 5
9739, 1
9740, 3
9741, 4
9742, 2
9743, 1
9744, 3
9745, 1
9746, 2
9748, 2
9749, 2
9750, 2
9751, 4
9752, 3
9753, 1
9754, 4
9755, 2
9759, 2
9761, 3
9762, 3
9763, 2
9765, 2
9766, 4
9767, 2
9768, 3
9769, 1
9770, 1
9771, 3
9772, 2
9773, 1
9774, 2
9776, 3
9777, 1
9778, 1
9779, 2
9780, 4
9781, 2
9782, 3
9784, 1
9785, 1
9786, 4
9787, 4
9788, 2
9789, 3
9790, 2
9791, 2
9792, 4
9793, 6
9794, 2
9795, 5
9796, 3
9797, 4
9798, 7
9799, 5
9800, 3
9801, 7
9802, 7
9803, 5
9804, 4
9805, 5
9806, 5
9807, 6
9808, 2
9809, 10
9810, 5
9811, 5
9812, 4
9813, 6
9814, 4
9815, 1
9816, 5
9817, 6
9818, 6
9819, 6
9820, 4
9821, 3
9823, 5
9824, 5
9826, 5
9827, 2
9828, 2
9829, 1
9830, 2
9831, 3
9834, 4
9835, 1
9836, 4
9837, 2
9838, 2
9839, 1
9840, 4
9841, 2
9844, 1
9845, 1
9846, 3
9847, 3
9849, 3
9850, 1
9851, 2
9852, 4
9853, 2
9854, 1
9855, 1
9856, 2
9857, 5
9859, 2
9862, 4
9863, 1
9864, 2
9866, 6
9867, 1
9868, 2
9869, 1
9871, 1
9872, 5
9873, 4
9874, 4
9876, 4
9877, 2
9878, 6
9879, 4
9880, 5
9881, 3
9882, 3
9883, 3
9884, 8
9885, 4
9886, 5
9887, 8
9888, 2
9889, 6
9890, 8
9891, 4
9892, 4
9893, 3
9894, 6
9895, 7
9896, 8
9897, 3
9898, 4
9899, 5
9900, 4
9901, 4
9902, 4
9903, 5
9904, 7
9905, 5
9906, 3
9907, 1
9908, 4
9909, 5
9910, 2
9911, 3
9912, 3
9913, 2
9914, 1
9915, 3
9916, 1
9917, 2
9919, 2
9920, 2
9921, 2
9922, 4
9923, 2
9924, 2
9925, 4
9926, 2
9930, 2
9931, 1
9932, 3
9933, 2
9934, 1
9935, 3
9937, 5
9938, 1
9939, 4
9941, 1
9942, 4
9943, 2
9944, 1
9945, 1
9947, 1
9948, 3
9949, 3
9951, 5
9952, 2
9953, 2
9954, 1
9956, 1
9957, 3
9958, 3
9959, 5
9960, 2
9961, 1
9962, 3
9963, 5
9964, 4
9965, 6
9966, 4
9967, 1
9968, 5
9969, 4
9970, 8
9971, 4
9972, 5
9973, 6
9974, 6
9975, 3
9976, 8
9977, 3
9978, 4
9979, 6
9980, 7
9981, 7
9982, 5
9983, 3
9984, 5
9985, 6
9987, 4
9988, 7
9989, 8
9990, 5
9991, 2
9992, 3
9993, 2
9994, 4
9995, 4
9996, 2
9997, 5
9999, 3
10000, 1
10001, 3
10002, 2
10004, 1
10005, 2
10006, 2
10007, 4
10008, 1
10009, 3
10010, 3
10011, 4
10015, 1
10016, 1
10017, 3
10018, 1
10019, 3
10020, 2
10021, 1
10022, 4
10023, 2
10024, 3
10025, 1
10027, 1
10028, 4
10029, 2
10030, 1
10031, 1
10032, 1
10033, 3
10034, 2
10035, 1
10036, 2
10037, 3
10038, 2
10039, 2
10040, 1
10042, 1
10043, 7
10044, 1
10045, 4
10046, 1
10047, 3
10048, 3
10049, 6
10050, 2
10051, 6
10052, 3
10053, 2
10054, 7
10055, 5
10056, 6
10057, 5
10058, 5
10059, 7
10060, 3
10061, 7
10062, 4
10063, 5
10064, 4
10065, 9
10066, 4
10067, 5
10068, 6
10069, 4
10070, 2
10071, 6
10072, 6
10073, 2
10074, 6
10075, 8
10076, 4
10077, 3
10078, 1
10079, 4
10080, 5
10081, 1
10082, 2
10083, 4
10084, 2
10085, 1
10086, 3
10087, 1
10088, 2
10091, 5
10092, 2
10093, 3
10094, 3
10095, 1
10096, 5
10097, 1
10100, 1
10101, 1
10102, 1
10103, 3
10104, 2
10105, 2
10106, 2
10108, 5
10109, 1
10110, 3
10111, 1
10112, 1
10113, 4
10114, 1
10115, 3
10118, 2
10119, 2
10120, 2
10121, 1
10122, 4
10123, 2
10124, 2
10125, 2
10128, 5
10129, 4
10130, 2
10131, 3
10132, 2
10133, 2
10134, 6
10135, 4
10136, 5
10137, 3
10138, 2
10139, 6
10140, 5
10141, 6
10142, 4
10143, 8
10144, 5
10145, 5
10146, 5
10147, 7
10149, 4
10150, 6
10151, 8
10152, 9
10153, 3
10154, 4
10155, 3
10156, 6
10157, 2
10158, 8
10159, 1
10160, 8
10161, 6
10162, 3
10163, 2
10164, 2
10165, 6
10166, 3
10167, 1
10168, 5
10169, 1
10170, 1
10171, 3
10172, 1
10173, 3
10176, 4
10177, 2
10178, 4
10179, 1
10180, 3
10181, 3
10182, 2
10183, 1
10186, 1
10187, 1
10188, 2
10189, 3
10190, 2
10191, 2
10192, 1
10193, 4
10194, 3
10195, 1
10196, 2
10197, 1
10198, 1
10199, 5
10201, 1
10202, 1
10204, 3
10205, 3
10206, 1
10207, 2
10208, 4
10209, 1
10210, 3
10213, 3
10214, 5
10215, 3
10216, 3
10218, 4
10219, 3
10220, 5
10221, 5
10222, 3
10223, 3
10224, 3
10225, 5
10226, 7
10227, 3
10228, 8
10229, 6
10230, 6
10231, 3
10232, 5
10233, 6
10234, 4
10235, 4
10236, 6
10237, 8
10238, 6
10239, 5
10240, 3
10241, 4
10242, 4
10243, 4
10244, 5
10245, 6
10246, 8
10247, 2
10248, 3
10249, 2
10250, 3
10251, 6
10252, 1
10253, 2
10254, 4
10255, 3
10257, 3
10258, 2
10259, 1
10261, 3
10262, 2
10263, 2
10264, 3
10265, 3
10266, 2
10267, 3
10268, 2
10272, 1
10273, 2
10274, 3
10275, 3
10276, 1
10277, 1
10278, 2
10279, 5
10280, 1
10281, 3
10283, 1
10284, 4
10285, 1
10286, 2
10287, 1
10289, 2
10290, 2
10291, 3
10293, 4
10294, 2
10295, 2
10296, 1
10297, 1
10299, 5
10300, 3
10301, 5
10302, 1
10303, 2
10304, 2
10305, 6
10306, 4
10307, 6
10308, 1
10309, 3
10310, 5
10311, 5
10312, 5
10313, 6
10314, 8
10315, 4
10316, 5
10317, 4
10318, 6
10319, 6
10320, 3
10321, 4
10322, 9
10323, 7
10324, 4
10325, 4
10326, 4
10327, 3
10328, 4
10329, 6
10330, 5
10331, 5
10332, 7
10333, 3
10334, 3
10336, 5
10337, 5
10338, 3
10339, 3
10340, 2
10341, 1
10342, 2
10343, 2
10344, 2
10346, 1
10347, 3
10348, 1
10349, 5
10350, 1
10351, 3
10352, 3
10353, 3
10358, 2
10359, 3
10360, 3
10362, 3
10363, 1
10364, 4
10365, 2
10366, 2
10367, 2
10369, 3
10370, 3
10371, 1
10372, 2
10374, 1
10375, 2
10376, 3
10377, 1
10378, 3
10379, 3
10380, 1
10381, 3
10385, 7
10386, 4
10387, 2
10388, 2
10389, 2
10390, 2
10391, 8
10392, 2
10393, 4
10394, 5
10395, 3
10396, 6
10397, 7
10398, 2
10399, 10
10400, 4
10401, 5
10402, 3
10403, 4
10404, 6
10405, 5
10406, 5
10407, 7
10408, 9
10409, 4
10410, 4
10411, 4
10412, 3
10413, 4
10414, 5
10415, 3
10416, 6
10417, 9
10418, 1
10419, 4
10420, 3
10421, 3
10422, 4
10423, 2
10424, 3
10425, 4
10426, 1
10427, 2
10428, 2
10429, 1
10430, 2
10432, 3
10433, 2
10434, 2
10435, 3
10436, 3
10437, 1
10438, 5
10439, 1
10443, 2
10444, 1
10445, 2
10446, 3
10447, 2
10448, 2
10450, 6
10451, 1
10452, 2
10453, 1
10454, 2
10455, 4
10456, 1
10457, 2
10460, 3
10461, 2
10462, 1
10463, 3
10464, 1
10465, 3
10466, 2
10467, 2
10469, 1
10470, 4
10471, 5
10472, 2
10473, 2
10474, 2
10475, 1
10476, 8
10477, 3
10478, 4
10479, 5
10480, 1
10481, 5
10482, 5
10483, 6
10484, 6
10485, 8
10486, 2
10487, 7
10488, 5
10489, 7
10490, 3
10491, 3
10492, 4
10493, 10
10494, 8
10495, 1
10496, 6
10497, 1
10498, 7
10499, 1
10500, 7
10501, 4
10502, 7
10503, 6
10504, 2
10505, 3
10506, 3
10507, 3
10508, 5
10509, 2
10510, 1
10511, 4
10512, 2
10513, 2
10514, 2
10515, 1
10516, 1
10518, 3
10519, 3
10520, 3
10521, 2
10522, 2
10523, 4
10524, 2
10525, 1
10528, 1
10529, 1
10530, 3
10531, 3
10532, 1
10533, 2
10534, 1
10535, 4
10536, 2
10537, 3
10538, 1
10539, 1
10540, 3
10541, 3
10543, 2
10546, 4
10547, 2
10548, 1
10549, 2
10550, 4
10551, 1
10552, 2
10553, 1
10555, 2
10556, 4
10557, 5
10558, 3
10559, 1
10560, 3
10561, 2
10562, 7
10563, 3
10564, 6
10565, 1
10566, 4
10567, 6
10568, 4
10569, 6
10570, 9
10571, 2
10572, 8
10573, 2
10574, 7
10575, 5
10576, 3
10577, 6
10578, 8
10579, 3
10580, 8
10581, 3
10582, 5
10583, 5
10584, 1
10585, 5
10586, 6
10587, 3
10588, 8
10589, 4
10590, 2
10591, 3
10592, 4
10593, 6
10594, 1
10595, 2
10596, 4
10597, 1
10598, 2
10599, 2
10600, 1
10601, 2
10603, 3
10604, 1
10605, 4
10606, 3
10607, 1
10608, 2
10609, 4
10610, 2
10613, 1
10614, 1
10615, 2
10616, 2
10617, 3
10618, 1
10619, 2
10620, 3
10621, 3
10622, 1
10623, 2
10624, 1
10625, 2
10626, 4
10627, 1
10628, 1
10629, 1
10631, 4
10633, 3
10634, 2
10635, 3
10636, 2
10637, 2
10639, 1
10641, 6
10642, 4
10643, 2
10644, 2
10645, 3
10646, 2
10647, 4
10648, 6
10649, 5
10650, 4
10651, 2
10652, 4
10653, 6
10654, 5
10655, 6
10656, 5
10657, 7
10658, 4
10659, 4
10660, 7
10661, 4
10662, 6
10663, 3
10664, 6
10665, 8
10666, 5
10667, 3
10668, 4
10669, 4
10670, 2
10671, 6
10672, 5
10673, 6
10674, 7
10675, 3
10676, 3
10677, 3
10678, 2
10679, 5
10680, 2
10681, 4
10682, 1
10683, 1
10684, 3
10685, 2
10686, 1
10687, 1
10689, 3
10690, 2
10691, 5
10693, 4
10694, 2
10695, 3
10696, 1
10699, 1
10700, 2
10701, 2
10702, 2
10703, 2
10704, 1
10705, 2
10706, 5
10707, 1
10708, 3
10709, 1
10710, 1
10711, 3
10712, 2
10713, 1
10714, 2
10716, 2
10717, 2
10718, 1
10719, 2
10720, 3
10721, 3
10722, 3
10723, 1
10726, 3
10727, 4
10728, 4
10729, 3
10730, 1
10731, 2
10732, 7
10733, 2
10734, 6
10735, 4
10736, 2
10737, 2
10738, 4
10739, 9
10740, 6
10741, 5
10742, 5
10743, 8
10744, 1
10745, 6
10746, 5
10747, 4
10748, 7
10749, 5
10750, 8
10751, 4
10752, 6
10753, 2
10754, 4
10755, 4
10756, 4
10757, 6
10758, 5
10759, 6
10760, 5
10761, 3
10762, 2
10763, 4
10764, 5
10766, 3
10767, 3
10768, 3
10770, 4
10772, 2
10774, 3
10775, 2
10776, 3
10777, 2
10778, 3
10779, 3
10780, 3
10781, 1
10784, 1
10785, 1
10786, 1
10787, 3
10788, 3
10789, 1
10790, 1
10791, 3
10792, 3
10793, 2
10794, 2
10795, 1
10796, 2
10797, 4
10798, 1
10799, 1
10800, 1
10802, 4
10803, 1
10804, 2
10805, 2
10806, 4
10808, 2
10809, 2
10811, 1
10812, 5
10813, 4
10814, 3
10815, 1
10816, 1
10817, 4
10818, 6
10819, 4
10820, 4
10821, 4
10822, 1
10823, 7
10824, 5
10825, 5
10826, 6
10827, 3
10828, 9
10829, 4
10830, 6
10831, 6
10832, 2
10833, 5
10834, 4
10835, 10
10836, 6
10837, 2
10838, 5
10839, 5
10840, 3
10841, 2
10842, 7
10843, 5
10844, 8
10845, 4
10846, 3
10847, 3
10848, 1
10849, 8
10851, 4
10853, 5
10855, 4
10856, 1
10857, 2
10859, 1
10860, 3
10861, 1
10862, 5
10863, 1
10864, 3
10865, 3
10866, 3
10870, 2
10871, 1
10872, 1
10873, 4
10874, 1
10875, 3
10877, 4
10878, 2
10879, 3
10880, 1
10881, 1
10882, 3
10883, 3
10884, 1
10885, 1
10887, 2
10888, 2
10889, 3
10891, 3
10892, 3
10893, 3
10895, 1
10897, 2
10898, 5
10899, 5
10900, 2
10901, 1
10902, 3
10903, 4
10904, 6
10905, 3
10906, 5
10907, 2
10908, 4
10909, 6
10910, 6
10911, 3
10912, 8
10913, 4
10914, 6
10915, 3
10916, 8
10917, 4
10918, 4
10919, 4
10920, 8
10921, 6
10922, 6
10923, 3
10924, 3
10925, 6
10926, 3
10927, 4
10928, 5
10929, 4
10930, 9
10931, 3
10932, 4
10933, 2
10934, 5
10935, 3
10936, 2
10937, 4
10938, 1
10939, 3
10940, 1
10941, 3
10942, 1
10943, 1
10945, 2
10946, 3
10947, 3
10948, 3
10949, 1
10950, 4
10951, 4
10956, 2
10957, 2
10958, 1
10959, 4
10960, 1
10961, 2
10962, 1
10963, 5
10964, 1
10965, 3
10966, 1
10967, 1
10968, 4
10969, 1
10970, 2
10973, 3
10974, 2
10975, 2
10977, 5
10978, 1
10979, 3
10980, 1
10982, 1
10983, 4
10984, 7
10985, 2
10987, 2
10988, 3
10989, 5
10990, 5
10991, 3
10992, 4
10993, 4
10994, 4
10995, 5
10996, 7
10997, 5
10998, 6
10999, 5
11000, 5
11001, 4
11002, 7
11003, 4
11004, 5
11005, 5
11006, 7
11007, 7
11008, 4
11009, 4
11010, 5
11011, 3
11012, 2
11013, 7
11014, 4
11015, 8
11016, 5
11017, 3
11018, 2
11019, 2
11020, 7
11021, 2
11022, 1
11023, 4
11024, 1
11025, 2
11026, 3
11027, 1
11028, 2
11030, 2
11031, 3
11032, 1
11033, 4
11034, 2
11035, 2
11036, 3
11037, 3
11041, 1
11042, 1
11043, 3
11044, 3
11045, 2
11046, 2
11048, 6
11050, 3
11051, 1
11053, 5
11054, 2
11056, 2
11059, 5
11060, 2
11061, 2
11062, 1
11063, 3
11064, 2
11065, 1
11066, 1
11068, 4
11069, 3
11070, 5
11071, 2
11072, 1
11073, 3
11074, 4
11075, 6
11076, 3
11077, 5
11078, 3
11079, 3
11080, 7
11081, 6
11082, 4
11083, 5
11084, 8
11085, 3
11086, 2
11087, 7
11088, 6
11089, 3
11090, 6
11091, 10
11092, 4
11093, 5
11094, 4
11095, 5
11096, 2
11097, 4
11098, 6
11099, 4
11100, 7
11101, 7
11102, 2
11103, 3
11104, 2
11105, 4
11106, 4
11107, 1
11108, 5
11109, 2
11110, 2
11111, 2
11112, 2
11114, 2
11116, 3
11117, 1
11118, 5
11119, 1
11120, 4
11122, 5
11123, 1
11126, 1
11127, 1
11128, 2
11129, 1
11130, 4
11131, 2
11132, 1
11133, 3
11134, 3
11135, 2
11136, 1
11137, 1
11138, 2
11139, 3
11140, 1
11141, 3
11144, 4
11145, 1
11146, 2
11147, 2
11148, 3
11149, 2
11150, 2
11151, 1
11153, 4
11154, 2
11155, 4
11156, 4
11157, 1
11158, 1
11159, 3
11160, 7
11161, 3
11162, 3
11163, 5
11164, 2
11165, 5
11166, 7
11167, 6
11168, 4
11169, 8
11170, 6
11171, 2
11172, 4
11173, 8
11174, 3
11175, 4
11176, 6
11177, 7
11178, 8
11179, 3
11180, 4
11181, 4
11182, 4
11183, 2
11184, 8
11185, 4
11186, 8
11187, 5
11188, 1
11189, 2
11190, 3
11191, 7
11192, 1
11193, 3
11194, 3
11195, 1
11196, 2
11197, 3
11198, 1
11199, 2
11201, 2
11202, 3
11203, 2
11204, 2
11205, 2
11206, 3
11207, 4
11208, 2
11212, 2
11213, 2
11214, 1
11215, 2
11216, 2
11217, 3
11219, 6
11220, 1
11221, 2
11222, 1
11223, 1
11224, 2
11225, 4
11226, 1
11227, 1
11229, 3
11230, 1
11231, 3
11233, 4
11234, 3
11235, 1
11236, 1
11237, 1
11239, 4
11240, 3
11241, 5
11242, 2
11243, 1
11244, 3
11245, 5
11246, 4
11247, 5
11248, 4
11249, 2
11250, 3
11251, 7
11252, 7
11253, 3
11254, 7
11255, 5
11256, 6
11257, 2
11258, 8
11259, 5
11260, 2
11261, 7
11262, 5
11263, 7
11264, 6
11265, 4
11266, 4
11267, 6
11268, 1
11269, 5
11270, 5
11271, 7
11272, 6
11273, 3
11274, 2
11275, 4
11276, 2
11277, 6
11278, 1
11279, 2
11280, 3
11281, 3
11283, 4
11284, 1
11285, 1
11286, 1
11287, 2
11288, 2
11289, 4
11290, 2
11291, 2
11292, 1
11293, 4
11294, 2
11297, 1
11298, 2
11299, 1
11300, 3
11301, 2
11302, 2
11303, 1
11304, 2
11305, 4
11306, 1
11307, 3
11308, 1
11309, 2
11310, 3
11311, 1
11312, 2
11315, 3
11316, 3
11317, 1
11318, 2
11319, 4
11320, 1
11321, 2
11322, 1
11324, 1
11325, 4
11326, 6
11327, 2
11328, 1
11329, 4
11330, 3
11331, 6
11332, 3
11333, 5
11334, 3
11335, 3
11336, 2
11337, 7
11338, 7
11339, 6
11340, 6
11341, 5
11342, 3
11343, 6
11344, 5
11345, 5
11346, 4
11347, 5
11348, 9
11349, 6
11350, 4
11351, 3
11352, 4
11353, 5
11354, 4
11355, 3
11356, 7
11357, 7
11358, 5
11359, 2
11360, 2
11361, 2
11362, 6
11363, 2
11364, 3
11365, 3
11366, 2
11367, 1
11368, 2
11369, 2
11370, 2
11372, 2
11373, 2
11374, 3
11375, 3
11376, 2
11377, 2
11378, 2
11379, 4
11383, 2
11384, 1
11385, 2
11386, 3
11387, 1
11388, 3
11389, 1
11390, 5
11392, 3
11393, 1
11394, 1
11395, 3
11396, 3
11397, 1
11398, 1
11400, 1
11401, 3
11402, 2
11403, 3
11404, 1
11405, 4
11407, 2
11408, 1
11409, 1
11410, 3
11411, 4
11412, 3
11413, 3
11414, 2
11415, 2
11416, 6
11417, 4
11418, 4
11419, 4
11420, 2
11421, 5
11422, 5
11423, 5
11424, 6
11425, 7
11426, 4
11427, 6
11428, 5
11429, 7
11430, 2
11431, 6
11432, 4
11433, 5
11434, 9
11435, 4
11436, 4
11437, 5
11438, 5
11439, 2
11440, 4
11441, 6
11442, 4
11443, 8
11444, 2
11445, 5
11446, 1
11447, 6
11448, 2
11449, 1
11450, 3
11451, 4
11452, 1
11453, 2
11454, 3
11455, 1
11456, 1
11457, 2
11458, 1
11459, 3
11460, 3
11461, 1
11462, 4
11463, 1
11464, 4
11465, 1
11468, 1
11469, 2
11470, 1
11471, 3
11472, 1
11473, 3
11474, 1
11475, 4
11476, 3
11477, 1
11478, 2
11479, 1
11480, 1
11481, 3
11482, 2
11483, 2
11486, 4
11488, 3
11490, 5
11491, 2
11492, 2
11493, 1
11495, 2
11496, 4
11497, 4
11498, 2
11499, 2
11500, 4
11501, 2
11502, 5
11503, 4
11504, 7
11505, 1
11506, 2
11507, 6
11508, 6
11509, 5
11510, 6
11511, 6
11512, 7
11513, 2
11514, 6
11515, 6
11516, 3
11517, 7
11518, 5
11519, 10
11520, 2
11521, 4
11522, 3
11523, 7
11524, 3
11525, 3
11526, 6
11527, 2
11528, 10
11529, 4
11530, 4
11531, 1
11532, 3
11533, 5
11534, 2
11535, 2
11536, 4
11537, 2
11538, 1
11539, 2
11540, 3
11541, 1
11543, 2
11544, 2
11545, 3
11546, 4
11547, 1
11548, 2
11549, 4
11550, 2
11554, 2
11555, 1
11556, 3
11557, 2
11558, 2
11559, 2
11560, 1
11561, 4
11562, 2
11563, 2
11564, 1
11566, 6
11567, 1
11568, 1
11569, 1
11571, 3
11572, 1
11573, 2
11574, 1
11575, 5
11576, 2
11577, 1
11578, 2
11581, 4
11582, 5
11583, 4
11584, 1
11585, 1
11586, 3
11587, 4
11588, 6
11589, 5
11590, 3
11591, 3
11592, 6
11593, 4
11594, 5
11595, 5
11596, 7
11597, 4
11598, 6
11599, 4
11600, 8
11601, 2
11602, 4
11603, 6
11604, 7
11605, 8
11606, 3
11607, 4
11608, 6
11609, 3
11610, 2
11611, 7
11612, 3
11613, 6
11614, 8
11615, 3
11616, 2
11617, 1
11618, 7
11619, 2
11620, 1
11621, 6
11622, 2
11623, 1
11624, 2
11625, 2
11626, 2
11628, 1
11629, 3
11630, 2
11631, 3
11632, 2
11633, 2
11634, 2
11635, 5
11640, 2
11641, 3
11642, 2
11643, 2
11644, 2
11645, 1
11646, 4
11647, 2
11648, 3
11650, 2
11651, 2
11652, 3
11653, 1
11654, 2
11657, 4
11658, 1
11659, 2
11660, 1
11661, 5
11662, 2
11663, 2
11666, 1
11667, 6
11668, 3
11669, 4
11670, 1
11671, 3
11672, 2
11673, 7
11674, 3
11675, 3
11676, 4
11677, 3
11678, 6
11679, 7
11680, 3
11681, 8
11682, 4
11683, 6
11684, 3
11685, 5
11686, 7
11687, 4
11688, 5
11689, 7
11690, 7
11691, 6
11692, 2
11693, 4
11694, 4
11695, 5
11696, 1
11697, 9
11698, 3
11699, 7
11700, 5
11701, 2
11702, 3
11703, 2
11704, 8
11706, 3
11707, 3
11708, 3
11709, 1
11710, 2
11711, 1
11712, 2
11714, 3
11715, 1
11716, 5
11717, 1
11718, 2
11719, 3
11720, 3
11721, 2
11725, 1
11726, 2
11727, 2
11728, 3
11729, 3
11731, 3
11732, 4
11734, 3
11735, 1
11736, 2
11737, 2
11738, 3
11739, 1
11740, 1
11742, 1
11743, 4
11744, 1
11745, 1
11746, 4
11747, 3
11748, 2
11749, 1
11752, 4
11753, 5
11754, 3
11755, 2
11756, 2
11757, 3
11758, 5
11759, 3
11760, 6
11761, 4
11762, 2
11763, 4
11764, 8
11765, 3
11766, 7
11767, 7
11768, 2
11769, 7
11770, 2
11771, 8
11772, 5
11773, 3
11774, 5
11775, 8
11776, 8
11777, 3
11778, 3
11779, 5
11780, 5
11781, 2
11782, 7
11783, 4
11784, 6
11785, 6
11786, 4
11787, 1
11788, 1
11789, 7
11790, 2
11791, 3
11792, 1
11793, 4
11794, 1
11795, 3
11796, 1
11797, 2
11798, 1
11799, 1
11800, 3
11801, 1
11802, 4
11803, 2
11804, 3
11805, 2
11806, 4
11810, 1
11811, 1
11812, 3
11813, 1
11814, 3
11815, 3
11817, 5
11818, 1
11819, 3
11820, 1
11822, 2
11823, 4
11824, 2
11825, 1
11827, 2
11828, 2
11829, 1
11830, 2
11831, 3
11832, 3
11833, 1
11834, 2
11835, 1
11837, 3
11838, 4
11839, 4
11840, 3
11842, 3
11843, 2
11844, 7
11845, 5
11846, 5
11847, 2
11848, 3
11849, 6
11850, 5
11851, 7
11852, 3
11853, 7
11854, 5
11855, 3
11856, 7
11857, 5
11858, 4
11859, 7
11860, 5
11861, 5
11862, 8
11863, 3
11864, 5
11865, 4
11866, 3
11867, 3
11868, 6
11869, 7
11870, 4
11871, 5
11872, 3
11873, 2
11874, 4
11875, 4
11876, 2
11877, 4
11878, 3
11879, 1
11880, 2
11881, 2
11882, 1
11883, 2
11885, 3
11886, 2
11887, 4
11888, 2
11890, 4
11891, 4
11892, 1
11895, 1
11896, 1
11897, 1
11898, 2
11899, 4
11900, 1
11901, 2
11902, 3
11903, 2
11904, 2
11905, 2
11906, 1
11907, 2
11908, 4
11909, 1
11910, 2
11913, 3
11914, 1
11915, 3
11917, 4
11918, 3
11919, 2
11921, 1
11923, 5
11924, 4
11925, 3
11926, 2
11927, 2
11928, 2
11929, 8
11930, 2
11931, 5
11932, 4
11933, 2
11934, 7
11935, 7
11936, 2
11937, 2
11938, 10
11939, 5
11940, 5
11941, 3
11942, 6
11943, 5
11944, 5
11945, 4
11946, 9
11947, 5
11948, 5
11949, 5
11950, 4
11951, 4
11952, 2
11953, 7
11954, 2
11955, 7
11956, 7
11957, 3
11958, 2
11959, 2
11960, 7
11961, 1
11962, 4
11964, 5
11965, 1
11966, 2
11967, 2
11968, 2
11971, 4
11972, 2
11973, 3
11974, 1
11975, 4
11976, 2
11977, 4
11981, 1
11982, 1
11983, 3
11984, 3
11986, 3
11987, 1
11988, 5
11989, 1
11990, 1
11991, 3
11993, 5
11994, 1
11995, 2
11996, 1
11999, 4
12000, 2
12001, 1
12002, 3
12003, 3
12004, 2
12005, 1
12006, 1
12008, 4
12009, 3
12010, 5
12011, 2
12012, 1
12013, 3
12014, 3
12015, 6
12016, 4
12017, 5
12018, 2
12019, 3
12020, 5
12021, 8
12022, 1
12023, 9
12024, 4
12025, 8
12026, 1
12027, 8
12028, 4
12029, 5
12030, 4
12031, 6
12032, 7
12033, 5
12034, 5
12035, 3
12036, 6
12037, 3
12038, 3
12039, 7
12040, 5
12041, 8
12042, 3
12043, 3
12044, 1
12045, 6
12046, 3
12047, 1
12048, 3
12049, 4
12051, 2
12052, 3
12053, 2
12054, 1
12056, 2
12057, 2
12058, 4
12059, 2
12060, 3
12061, 1
12062, 4
12063, 2
12067, 2
12068, 2
12069, 1
12070, 3
12071, 2
12072, 1
12073, 2
12074, 4
12075, 3
12076, 2
12078, 2
12079, 4
12080, 1
12081, 2
12084, 4
12085, 1
12086, 2
12087, 2
12088, 4
12089, 1
12090, 1
12091, 1
12092, 1
12094, 5
12095, 6
12096, 2
12097, 1
12098, 1
12099, 4
12100, 4
12101, 8
12102, 2
12103, 3
12104, 4
12105, 3
12106, 7
12107, 7
12108, 1
12109, 9
12110, 6
12111, 4
12112, 3
12113, 5
12114, 5
12115, 4
12116, 7
12117, 8
12118, 7
12119, 2
12120, 5
12121, 5
12122, 5
12124, 7
12125, 5
12126, 6
12127, 7
12128, 1
12129, 3
12130, 1
12131, 8
12132, 2
12133, 1
12134, 5
12135, 1
12136, 2
12137, 2
12138, 2
12139, 1
12140, 1
12141, 1
12142, 3
12143, 2
12144, 3
12145, 3
12146, 2
12147, 4
12148, 1
12149, 1
12152, 1
12153, 1
12154, 2
12155, 4
12156, 1
12157, 2
12158, 1
12159, 6
12161, 3
12162, 1
12163, 2
12164, 2
12165, 2
12166, 1
12167, 2
12169, 2
12170, 2
12171, 1
12172, 4
12173, 2
12174, 2
12175, 3
12176, 1
12179, 3
12180, 4
12181, 5
12182, 2
12183, 1
12184, 2
12185, 5
12186, 5
12187, 4
12188, 5
12189, 1
12190, 5
12191, 4
12192, 8
12193, 4
12194, 7
12195, 5
12196, 6
12197, 1
12198, 10
12199, 2
12200, 4
12201, 5
12202, 7
12203, 9
12204, 3
12205, 5
12206, 4
12207, 5
12208, 2
12209, 6
12210, 5
12211, 5
12212, 6
12213, 5
12214, 1
12215, 2
12216, 6
12217, 3
12218, 2
12219, 5
12220, 1
12221, 1
12222, 2
12223, 2
12224, 2
12225, 1
12227, 3
12228, 2
12229, 4
12230, 1
12231, 3
12232, 3
12233, 2
12234, 2
12238, 2
12239, 2
12240, 2
12241, 2
12242, 2
12243, 2
12244, 3
12245, 3
12246, 1
12247, 3
12249, 2
12250, 4
12252, 2
12253, 1
12255, 3
12256, 1
12257, 2
12258, 3
12259, 4
12260, 1
12261, 2
12262, 1
12264, 1
12265, 4
12266, 4
12267, 4
12268, 2
12269, 2
12270, 1
12271, 7
12272, 4
12273, 5
12274, 4
12276, 6
12277, 7
12278, 5
12279, 5
12280, 6
12281, 3
12282, 6
12283, 4
12284, 6
12285, 5
12286, 5
12287, 4
12288, 9
12289, 7
12290, 3
12291, 5
12292, 4
12293, 4
12294, 2
12295, 7
12296, 4
12297, 7
12298, 6
12299, 2
12300, 2
12301, 4
12302, 6
12304, 3
12305, 4
12306, 2
12307, 1
12308, 1
12309, 3
12310, 1
12311, 1
12313, 4
12314, 3
12315, 3
12316, 2
12317, 1
12318, 3
12319, 3
12320, 1
12323, 2
12324, 1
12325, 1
12326, 4
12327, 2
12328, 1
12329, 2
12330, 5
12331, 1
12333, 3
12335, 4
12336, 3
12338, 2
12340, 2
12341, 3
12342, 1
12343, 1
12344, 4
12345, 2
12346, 1
12347, 2
12348, 1
12350, 4
12351, 4
12352, 3
12353, 3
12354, 1
12355, 3
12356, 4
12357, 6
12358, 2
12359, 7
12360, 1
12361, 4
12362, 7
12363, 6
12364, 2
12365, 5
12366, 10
12367, 3
12368, 4
12369, 8
12370, 4
12371, 3
12372, 4
12373, 8
12374, 8
12375, 4
12376, 3
12377, 3
12378, 7
12379, 2
12380, 6
12381, 5
12382, 4
12383, 6
12384, 4
12385, 4
12386, 2
12387, 5
12388, 2
12389, 3
12390, 2
12391, 3
12392, 2
12393, 1
12394, 3
12395, 3
12398, 2
12399, 3
12400, 4
12401, 2
12402, 2
12403, 2
12404, 4
12405, 1
12409, 2
12410, 2
12411, 3
12412, 2
12413, 2
12414, 1
12415, 3
12416, 2
12417, 4
12419, 1
12420, 3
12421, 3
12422, 1
12423, 1
12424, 1
12426, 4
12427, 1
12428, 2
12429, 2
12430, 4
12431, 1
12432, 2
12433, 1
12435, 2
12436, 4
12437, 3
12438, 3
12439, 2
12440, 3
12441, 2
12442, 5
12443, 6
12444, 3
12445, 5
12446, 2
12447, 4
12448, 8
12449, 3
12450, 5
12451, 6
12452, 8
12453, 3
12454, 6
12455, 7
12457, 8
12458, 5
12459, 6
12460, 7
12461, 4
12462, 4
12463, 5
12464, 4
12465, 1
12466, 8
12467, 5
12468, 8
12469, 2
12470, 3
12471, 3
12472, 1
12473, 6
12474, 3
12475, 1
12476, 5
12477, 1
12478, 3
12479, 1
12480, 2
12481, 1
12482, 1
12483, 2
12484, 3
12485, 2
12486, 3
12487, 2
12488, 2
12489, 4
12490, 2
12494, 1
12495, 2
12496, 2
12497, 2
12498, 2
12499, 2
12500, 2
12501, 3
12502, 2
12503, 3
12504, 1
12505, 1
12506, 3
12507, 2
12508, 2
12509, 1
12512, 4
12513, 3
12515, 3
12516, 3
12517, 1
12518, 2
12519, 1
12521, 3
12522, 5
12523, 4
12524, 2
12525, 2
12526, 2
12527, 3
12528, 6
12529, 6
12530, 3
12531, 2
12532, 4
12533, 6
12534, 6
12535, 6
12536, 7
12537, 2
12538, 8
12539, 2
12540, 8
12541, 3
12542, 4
12543, 5
12544, 7
12545, 7
12546, 5
12547, 3
12548, 6
12549, 4
12550, 2
12551, 6
12552, 4
12553, 8
12554, 4
12555, 3
12556, 4
12557, 2
12558, 5
12559, 4
12561, 6
12562, 1
12563, 1
12564, 2
12565, 3
12566, 1
12567, 1
12569, 3
12570, 4
12571, 1
12572, 3
12573, 2
12574, 1
12575, 5
12576, 1
12580, 2
12581, 2
12582, 2
12583, 3
12584, 2
12585, 1
12586, 3
12587, 2
12588, 3
12589, 2
12591, 2
12592, 4
12593, 1
12594, 1
12595, 1
12597, 4
12598, 2
12599, 1
12600, 2
12601, 4
12603, 2
12604, 1
12605, 1
12606, 1
12607, 5
12608, 4
12609, 3
12610, 1
12611, 4
12612, 1
12613, 7
12614, 5
12615, 4
12616, 3
12617, 2
12618, 7
12619, 4
12620, 5
12621, 7
12622, 5
12623, 4
12624, 6
12625, 5
12626, 6
12627, 3
12628, 5
12629, 5
12630, 11
12631, 2
12632, 6
12633, 3
12634, 6
12635, 2
12636, 2
12637, 7
12638, 7
12639, 4
12640, 5
12641, 4
12642, 2
12643, 2
12644, 5
12645, 3
12646, 3
12647, 3
12648, 1
12649, 2
12650, 2
12651, 2
12653, 2
12654, 3
12655, 1
12656, 4
12657, 2
12658, 2
12659, 1
12660, 3
12661, 4
12665, 2
12666, 2
12667, 1
12668, 2
12669, 2
12670, 3
12672, 5
12673, 1
12674, 3
12675, 1
12676, 1
12677, 4
12678, 1
12679, 2
12680, 1
12683, 4
12684, 3
12686, 4
12687, 2
12688, 3
12690, 1
12692, 3
12693, 6
12694, 2
12695, 2
12696, 2
12697, 3
12698, 4
12699, 6
12700, 3
12701, 4
12702, 3
12703, 3
12704, 7
12705, 7
12706, 2
12707, 10
12708, 3
12709, 7
12710, 1
12711, 7
12712, 6
12713, 3
12714, 5
12715, 7
12716, 10
12717, 1
12718, 6
12719, 3
12720, 4
12721, 3
12722, 8
12723, 2
12724, 8
12725, 6
12726, 2
12727, 4
12728, 1
12729, 4
12730, 5
12731, 2
12732, 4
12733, 1
12734, 2
12735, 2
12736, 1
12737, 2
12738, 1
12739, 2
12740, 1
12741, 4
12742, 3
12743, 1
12744, 2
12745, 4
12746, 3
12750, 1
12751, 1
12752, 2
12753, 2
12754, 4
12755, 1
12756, 1
12757, 3
12758, 3
12759, 2
12760, 1
12761, 1
12762, 4
12763, 2
12764, 1
12765, 2
12768, 3
12769, 3
12770, 1
12771, 2
12772, 3
12773, 2
12774, 2
12775, 1
12777, 3
12778, 3
12779, 4
12780, 4
12781, 1
12782, 2
12783, 2
12784, 5
12785, 4
12786, 5
12787, 3
12788, 4
12789, 6
12790, 7
12791, 3
12792, 6
12793, 6
12794, 5
12795, 4
12796, 3
12797, 9
12798, 3
12799, 6
12800, 5
12801, 7
12802, 7
12803, 3
12804, 4
12805, 5
12806, 4
12808, 9
12809, 5
12810, 7
12811, 4
12812, 3
12813, 2
12814, 2
12815, 7
12816, 2
12817, 2
12818, 3
12819, 1
12820, 2
12821, 2
12822, 2
12823, 1
12824, 1
12825, 2
12826, 1
12827, 5
12828, 2
12829, 1
12830, 3
12831, 4
12832, 2
12836, 2
12837, 1
12838, 2
12839, 3
12840, 2
12841, 2
12843, 5
12844, 2
12845, 2
12846, 1
12847, 1
12848, 4
12849, 2
12850, 1
12851, 1
12853, 4
12854, 1
12855, 1
12856, 3
12857, 3
12858, 1
12859, 3
12861, 1
12863, 5
12864, 3
12865, 4
12866, 2
12867, 1
12868, 3
12869, 6
12870, 3
12871, 6
12872, 2
12873, 3
12874, 6
12875, 4
12876, 6
12877, 5
12878, 6
12879, 5
12880, 6
12881, 4
12882, 5
12883, 6
12884, 4
12885, 4
12886, 10
12887, 6
12888, 4
12889, 3
12890, 4
12891, 6
12892, 1
12893, 8
12894, 4
12895, 6
12896, 5
12897, 3
12898, 3
12899, 1
12900, 6
12901, 4
12902, 2
12903, 4
12904, 1
12905, 2
12906, 1
12907, 2
12908, 2
12909, 1
12910, 1
12911, 2
12912, 4
12913, 2
12914, 2
12915, 3
12916, 2
12917, 3
12918, 1
12921, 1
12922, 1
12923, 3
12924, 1
12925, 2
12926, 3
12927, 1
12928, 5
12929, 2
12930, 2
12931, 1
12933, 2
12934, 4
12935, 1
12936, 2
12939, 3
12940, 2
12941, 2
12942, 3
12943, 2
12944, 2
12945, 2
12946, 1
12948, 4
12949, 1
12950, 7
12951, 1
12952, 2
12953, 2
12954, 2
12955, 5
12956, 7
12957, 3
12958, 3
12959, 4
12960, 5
12961, 8
12962, 3
12963, 8
12964, 3
12965, 4
12966, 5
12967, 4
12968, 7
12969, 5
12970, 4
12971, 4
12972, 10
12973, 7
12974, 2
12975, 6
12976, 2
12977, 4
12978, 5
12979, 4
12980, 5
12981, 9
12982, 3
12983, 4
12984, 1
12985, 3
12986, 5
12987, 2
12988, 3
12989, 3
12990, 2
12991, 2
12992, 2
12993, 1
12994, 2
12996, 3
12997, 2
12998, 4
12999, 1
13000, 2
13001, 3
13002, 3
13003, 2
13006, 1
13007, 1
13008, 2
13009, 1
13010, 3
13011, 2
13012, 2
13013, 1
13014, 4
13015, 1
13016, 3
13017, 1
13018, 2
13019, 3
13020, 2
13021, 1
13022, 1
13024, 2
13025, 2
13026, 2
13027, 1
13028, 5
13029, 2
13030, 1
13031, 2
13033, 1
13034, 3
13035, 3
13036, 6
13037, 1
13038, 1
13039, 4
13040, 5
13041, 3
13042, 6
13043, 4
13044, 1
13045, 4
13046, 7
13047, 5
13048, 7
13049, 5
13050, 5
13051, 6
13052, 4
13053, 6
13054, 4
13055, 3
13056, 7
13057, 8
13058, 5
13059, 5
13060, 4
13061, 4
13062, 4
13063, 3
13064, 6
13065, 4
13066, 7
13067, 5
13068, 4
13069, 2
13070, 1
13071, 8
13072, 1
13073, 3
13074, 1
13075, 4
13076, 2
13077, 1
13078, 3
13079, 2
13081, 1
13082, 2
13083, 3
13084, 4
13085, 2
13086, 2
13087, 3
13088, 3
13092, 2
13094, 2
13095, 3
13096, 2
13097, 1
13098, 2
13099, 4
13100, 3
13101, 2
13103, 1
13104, 2
13105, 5
13106, 1
13107, 1
13110, 4
13111, 1
13112, 2
13113, 3
13114, 3
13115, 2
13116, 1
13117, 1
13119, 2
13120, 6
13121, 3
13122, 3
13123, 1
13124, 2
13125, 4
13126, 5
13127, 5
13128, 2
13129, 4
13130, 4
13131, 5
13132, 8
13133, 2
13134, 8
13135, 4
13136, 8
13137, 2
13138, 5
13139, 7
13140, 3
13141, 5
13142, 6
13143, 8
13144, 3
13145, 6
13146, 3
13147, 7
13148, 2
13149, 4
13150, 5
13151, 6
13152, 7
13153, 4
13154, 3
13155, 1
13156, 5
13157, 3
13158, 2
13159, 2
13160, 5
13161, 1
13162, 3
13164, 2
13165, 2
13167, 3
13168, 1
13169, 4
13170, 3
13171, 1
13172, 2
13173, 5
13174, 1
13178, 2
13179, 2
13180, 2
13181, 2
13182, 2
13183, 1
13184, 3
13185, 3
13186, 1
13187, 4
13189, 1
13190, 4
13191, 2
13192, 2
13195, 3
13196, 2
13198, 4
13199, 2
13200, 2
13201, 2
13202, 2
13204, 1
13205, 4
13206, 4
13207, 4
13208, 1
13209, 2
13210, 4
13211, 5
13212, 3
13213, 4
13214, 5
13215, 2
13216, 4
13217, 6
13218, 6
13219, 6
13220, 5
13221, 5
13222, 5
13223, 5
13224, 7
13225, 3
13226, 5
13227, 6
13228, 6
13229, 8
13230, 2
13231, 6
13232, 3
13233, 4
13234, 3
13235, 6
13236, 5
13237, 8
13238, 4
13239, 3
13240, 3
13241, 1
13242, 6
13243, 2
13244, 4
13245, 3
13246, 1
13247, 1
13248, 2
13249, 3
13250, 1
13251, 1
13252, 1
13253, 3
13254, 2
13255, 2
13256, 3
13257, 2
13258, 2
13259, 5
13263, 1
13264, 1
13265, 3
13266, 2
13267, 1
13268, 3
13269, 1
13270, 3
13271, 4
13273, 3
13274, 1
13275, 3
13276, 1
13277, 2
13278, 2
13281, 4
13282, 2
13283, 1
13284, 3
13285, 3
13286, 2
13287, 2
13290, 3
13291, 3
13292, 5
13293, 2
13294, 3
13295, 1
13296, 2
13297, 6
13298, 7
13299, 3
13300, 3
13301, 4
13302, 5
13303, 5
13304, 5
13305, 7
13306, 6
13307, 5
13308, 2
13309, 7
13310, 6
13311, 2
13312, 7
13313, 7
13314, 8
13315, 4
13316, 3
13317, 5
13318, 4
13319, 3
13320, 4
13321, 5
13322, 5
13323, 8
13324, 2
13325, 4
13326, 2
13327, 4
13328, 5
13329, 1
13330, 2
13331, 5
13332, 1
13333, 3
13334, 1
13335, 1
13336, 2
13338, 3
13339, 2
13340, 3
13341, 2
13342, 3
13343, 2
13344, 3
13345, 2
13349, 2
13350, 2
13351, 2
13352, 2
13353, 1
13354, 2
13355, 3
13356, 4
13358, 3
13359, 1
13360, 2
13361, 2
13362, 2
13363, 3
13366, 1
13367, 3
13368, 3
13370, 4
13371, 3
13372, 1
13373, 1
13374, 1
13375, 2
13376, 3
13377, 5
13378, 2
13379, 3
13380, 1
13381, 4
13382, 4
13383, 5
13384, 3
13385, 4
13386, 3
13387, 6
13388, 5
13389, 4
13390, 5
13391, 9
13392, 3
13393, 5
13394, 4
13395, 8
13396, 2
13397, 5
13398, 6
13399, 9
13400, 2
13401, 6
13402, 4
13403, 5
13404, 5
13405, 2
13406, 7
13407, 3
13408, 7
13409, 7
13410, 2
13411, 3
13412, 3
13413, 5
13414, 1
13415, 3
13416, 3
13417, 2
13418, 1
13419, 3
13420, 2
13421, 2
13423, 1
13424, 3
13425, 3
13426, 3
13427, 2
13428, 1
13429, 5
13430, 1
13431, 1
13434, 1
13435, 2
13436, 2
13437, 3
13438, 1
13439, 2
13440, 1
13441, 3
13442, 3
13443, 3
13444, 1
13446, 2
13447, 4
13448, 1
13449, 2
13451, 1
13452, 3
13453, 2
13454, 1
13455, 3
13456, 3
13457, 2
13458, 2
13461, 3
13462, 4
13463, 3
13464, 3
13465, 2
13466, 3
13467, 4
13468, 5
13469, 4
13470, 5
13471, 2
13472, 3
13473, 5
13474, 7
13475, 7
13476, 4
13477, 6
13478, 5
13479, 4
13480, 6
13481, 4
13482, 5
13483, 4
13484, 9
13485, 7
13486, 4
13487, 4
13488, 2
13489, 6
13490, 3
13491, 4
13492, 4
13493, 6
13494, 9
13495, 4
13496, 2
13497, 2
13498, 4
13499, 4
13500, 1
13501, 6
13502, 1
13503, 1
13504, 1
13505, 3
13506, 2
13507, 1
13508, 1
13509, 2
13510, 1
13511, 3
13512, 4
13513, 3
13514, 2
13515, 2
13516, 2
13519, 1
13520, 1
13521, 3
13522, 1
13523, 2
13524, 2
13525, 2
13526, 3
13527, 3
13528, 1
13529, 2
13530, 1
13531, 2
13532, 3
13533, 2
13534, 2
13537, 2
13538, 3
13539, 1
13540, 3
13541, 3
13542, 2
13543, 1
13544, 1
13545, 1
13546, 1
13547, 3
13548, 5
13549, 3
13550, 2
13551, 2
13552, 3
13553, 5
13554, 5
13555, 3
13556, 5
13557, 4
13558, 3
13559, 5
13560, 6
13561, 6
13562, 6
13563, 6
13564, 4
13565, 3
13566, 8
13567, 3
13568, 4
13569, 5
13570, 8
13571, 6
13572, 4
13573, 5
13574, 4
13575, 6
13577, 5
13578, 7
13579, 9
13580, 3
13581, 3
13582, 2
13583, 2
13584, 8
13585, 1
13586, 3
13587, 3
13588, 1
13589, 2
13590, 3
13591, 1
13592, 1
13593, 1
13594, 1
13595, 3
13596, 3
13597, 3
13598, 1
13599, 3
13600, 4
13601, 2
13605, 1
13606, 1
13607, 3
13608, 3
13609, 2
13611, 3
13612, 4
13613, 1
13614, 2
13615, 2
13617, 5
13618, 2
13620, 2
13622, 1
13623, 3
13624, 2
13625, 1
13626, 3
13627, 4
13628, 2
13630, 1
13632, 3
13633, 5
13634, 3
13635, 2
13636, 3
13637, 1
13638, 4
13639, 5
13640, 5
13641, 4
13642, 3
13643, 2
13644, 7
13645, 5
13646, 6
13647, 6
13648, 5
13649, 6
13650, 3
13651, 8
13652, 4
13653, 3
13654, 5
13655, 5
13656, 11
13657, 4
13658, 4
13659, 5
13660, 3
13661, 3
13662, 2
13663, 8
13664, 4
13665, 7
13666, 4
13667, 4
13668, 1
13669, 7
13670, 2
13671, 2
13672, 2
13673, 3
13674, 3
13675, 2
13676, 2
13678, 2
13680, 2
13681, 5
13682, 2
13683, 2
13684, 3
13685, 2
13686, 3
13687, 1
13691, 2
13692, 2
13693, 2
13694, 3
13695, 2
13696, 1
13697, 2
13698, 3
13699, 3
13700, 1
13701, 1
13702, 2
13703, 3
13704, 2
13705, 2
13708, 3
13709, 2
13710, 1
13711, 3
13712, 3
13713, 2
13714, 2
13715, 1
13717, 2
13718, 4
13719, 4
13720, 3
13721, 1
13722, 2
13723, 3
13724, 7
13725, 3
13726, 5
13727, 3
13728, 3
13729, 5
13730, 4
13731, 7
13732, 7
13733, 5
13734, 3
13735, 6
13736, 6
13737, 6
13738, 2
13739, 6
13740, 3
13741, 9
13742, 8
13743, 3
13744, 3
13745, 5
13746, 5
13747, 1
13748, 8
13749, 4
13750, 7
13751, 4
13752, 4
13753, 2
13754, 2
13755, 7
13757, 3
13758, 4
13759, 2
13760, 1
13761, 2
13762, 2
13763, 2
13765, 2
13766, 2
13767, 4
13768, 1
13769, 3
13770, 2
13771, 4
13772, 2
13777, 2
13778, 3
13779, 2
13780, 3
13781, 1
13782, 1
13783, 6
13785, 3
13786, 1
13787, 2
13788, 3
13789, 1
13790, 2
13791, 1
13793, 1
13794, 3
13795, 2
13796, 1
13797, 2
13798, 4
13799, 1
13800, 2
13801, 1
13803, 4
13804, 4
13805, 3
13806, 3
13807, 2
13808, 1
13809, 4
13810, 6
13811, 4
13812, 5
13813, 2
13814, 4
13815, 7
13816, 5
13817, 5
13818, 6
13819, 4
13820, 8
13821, 2
13822, 7
13823, 5
13824, 3
13825, 5
13826, 6
13827, 9
13828, 5
13829, 1
13830, 7
13831, 3
13832, 3
13833, 4
13834, 5
13835, 7
13836, 5
13837, 6
13838, 2
13839, 1
13840, 5
13841, 5
13842, 1
13843, 2
13844, 4
13845, 2
13847, 2
13848, 2
13849, 2
13850, 1
13851, 2
13852, 1
13853, 5
13854, 1
13855, 2
13856, 5
13857, 2
13858, 1
13861, 1
13862, 1
13863, 2
13864, 3
13865, 2
13866, 2
13868, 4
13869, 2
13870, 3
13871, 2
13873, 3
13874, 3
13875, 1
13876, 2
13879, 3
13880, 2
13881, 1
13882, 3
13883, 4
13885, 3
13886, 1
13888, 1
13889, 5
13890, 5
13891, 3
13892, 1
13893, 1
13894, 2
13895, 5
13896, 6
13897, 5
13898, 3
13899, 3
13900, 6
13901, 6
13902, 3
13903, 8
13904, 5
13905, 6
13906, 3
13907, 4
13908, 9
13909, 3
13910, 4
13911, 5
13912, 8
13913, 7
13914, 3
13915, 3
13916, 5
13917, 5
13918, 1
13919, 9
13920, 2
13921, 8
13922, 5
13923, 3
13924, 2
13925, 1
13926, 7
13927, 1
13928, 4
13929, 1
13930, 3
13931, 2
13932, 2
13933, 2
13934, 2
13937, 3
13938, 3
13939, 4
13940, 2
13941, 2
13942, 5
13943, 1
13947, 2
13948, 1
13949, 2
13950, 2
13951, 3
13952, 2
13953, 1
13954, 4
13955, 1
13956, 2
13957, 2
13958, 1
13959, 3
13960, 2
13961, 2
13962, 1
13964, 3
13965, 1
13966, 1
13967, 3
13968, 1
13969, 5
13971, 2
13972, 1
13974, 4
13975, 4
13976, 4
13977, 2
13978, 1
13979, 3
13980, 5
13981, 4
13982, 4
13983, 5
13984, 2
13985, 3
13986, 7
13987, 6
13988, 5
13989, 4
13990, 6
13991, 8
13992, 2
13993, 5
13994, 7
13995, 5
13996, 2
13997, 9
13998, 5
13999, 6
14000, 5
14001, 3
14002, 6
14003, 1
14004, 7
14005, 2
14006, 8
14007, 7
14008, 3
14009, 1
14010, 2
14011, 5
14012, 4
14013, 2
14014, 2
14015, 4
14016, 2
14017, 1
14018, 3
14020, 2
14021, 1
14022, 2
14023, 2
14024, 4
14025, 1
14026, 4
14027, 2
14028, 2
14029, 2
14033, 2
14034, 2
14035, 3
14036, 2
14037, 1
14038, 2
14039, 3
14040, 3
14041, 3
14043, 1
14044, 1
14045, 4
14046, 2
14047, 2
14050, 3
14051, 2
14052, 2
14054, 4
14055, 3
14056, 2
14057, 1
14059, 2
14060, 4
14061, 5
14062, 2
14063, 1
14064, 2
14065, 3
14066, 6
14067, 6
14068, 4
14069, 3
14070, 2
14071, 4
14072, 8
14073, 5
14074, 3
14075, 9
14076, 6
14077, 3
14078, 5
14079, 7
14080, 1
14081, 6
14082, 6
14083, 8
14084, 5
14085, 6
14086, 3
14087, 2
14088, 6
14089, 1
14090, 7
14091, 5
14092, 8
14093, 4
14094, 2
14095, 2
14096, 4
14097, 5
14098, 2
14099, 3
14100, 3
14101, 1
14102, 3
14103, 2
14104, 1
14105, 2
14107, 1
14108, 2
14109, 4
14110, 3
14111, 2
14112, 2
14113, 4
14114, 2
14118, 1
14119, 2
14120, 2
14121, 3
14122, 1
14123, 2
14124, 1
14125, 4
14126, 3
14127, 2
14128, 1
14129, 1
14130, 3
14131, 3
14133, 2
14135, 2
14136, 3
14137, 1
14138, 3
14139, 1
14140, 4
14141, 1
14142, 2
14145, 4
14146, 4
14147, 5
14148, 1
14149, 3
14151, 3
14152, 8
14153, 3
14154, 6
14156, 5
14157, 6
14158, 6
14159, 7
14160, 3
14161, 6
14162, 6
14163, 4
14164, 6
14165, 4
14166, 5
14167, 4
14168, 8
14169, 7
14170, 4
14171, 4
14172, 4
14173, 6
14174, 1
14175, 7
14176, 3
14177, 5
14178, 7
14179, 5
14180, 3
14181, 1
14182, 6
14183, 2
14184, 2
14185, 2
14186, 4
14187, 2
14189, 4
14190, 1
14191, 1
14193, 3
14194, 3
14195, 3
14196, 2
14197, 3
14198, 3
14199, 3
14203, 1
14204, 1
14205, 3
14206, 2
14207, 2
14208, 1
14209, 2
14210, 2
14211, 4
14212, 2
14213, 2
14215, 2
14216, 3
14217, 3
14219, 1
14221, 3
14222, 3
14223, 1
14224, 2
14225, 4
14226, 1
14227, 2
14228, 1
14230, 2
14231, 3
14232, 5
14233, 2
14234, 2
14235, 4
14236, 2
14237, 7
14238, 3
14239, 3
14240, 4
14241, 2
14242, 5
14243, 8
14244, 4
14245, 7
14246, 6
14247, 5
14248, 5
14249, 3
14250, 8
14251, 3
14252, 6
14253, 4
14254, 9
14255, 6
14256, 3
14257, 5
14258, 2
14259, 5
14260, 4
14261, 4
14262, 4
14263, 9
14264, 4
14265, 3
14266, 2
14267, 3
14268, 5
14269, 2
14270, 3
14271, 3
14272, 1
14273, 3
14274, 2
14275, 1
14276, 2
14278, 2
14279, 2
14280, 2
14281, 4
14282, 2
14283, 2
14284, 4
14285, 2
14288, 1
14290, 2
14291, 2
14292, 3
14293, 2
14294, 1
14295, 1
14296, 6
14297, 1
14298, 2
14299, 1
14300, 1
14301, 4
14302, 2
14303, 1
14304, 1
14306, 2
14307, 3
14308, 2
14309, 2
14310, 3
14311, 1
14312, 2
14313, 1
14314, 1
14316, 5
14317, 2
14318, 5
14319, 2
14320, 1
14321, 3
14322, 4
14323, 6
14324, 3
14325, 6
14326, 1
14327, 6
14328, 4
14329, 6
14330, 5
14331, 9
14332, 1
14333, 8
14334, 4
14335, 6
14336, 4
14337, 4
14338, 7
14339, 5
14340, 8
14341, 4
14342, 3
14343, 7
14344, 2
14345, 3
14346, 2
14347, 8
14348, 4
14349, 6
14350, 5
14351, 3
14352, 2
14353, 4
14354, 5
14356, 3
14357, 4
14358, 2
14359, 2
14360, 1
14361, 2
14362, 1
14364, 4
14365, 1
14366, 4
14367, 3
14368, 2
14369, 3
14370, 1
14371, 2
14374, 2
14376, 3
14377, 2
14378, 1
14379, 2
14380, 2
14381, 5
14382, 1
14383, 2
14384, 2
14386, 3
14387, 3
14388, 1
14389, 1
14390, 1
14392, 4
14393, 1
14394, 2
14395, 2
14396, 4
14397, 2
14398, 1
14399, 1
14401, 3
14402, 5
14403, 1
14404, 4
14405, 1
14406, 3
14407, 3
14408, 5
14409, 5
14410, 4
14411, 3
14412, 3
14413, 8
14414, 5
14415, 4
14416, 7
14417, 5
14418, 4
14419, 5
14420, 5
14421, 7
14422, 2
14423, 6
14424, 4
14425, 10
14426, 4
14427, 3
14428, 5
14429, 5
14430, 4
14431, 1
14432, 8
14433, 4
14434, 8
14435, 4
14436, 3
14437, 3
14438, 3
14439, 5
14440, 1
14441, 3
14442, 3
14443, 2
14444, 2
14445, 2
14446, 1
14447, 2
14449, 2
14450, 2
14451, 4
14452, 3
14453, 1
14454, 3
14455, 4
14456, 1
14460, 2
14461, 1
14462, 2
14463, 3
14464, 2
14465, 2
14467, 5
14468, 2
14469, 2
14470, 1
14471, 2
14472, 3
14473, 2
14474, 2
14477, 3
14478, 2
14479, 1
14480, 2
14481, 2
14482, 3
14483, 2
14484, 2
14486, 2
14487, 4
14488, 4
14489, 2
14490, 2
14491, 2
14492, 3
14493, 5
14494, 4
14495, 4
14496, 4
14497, 3
14498, 5
14499, 5
14500, 6
14501, 3
14502, 9
14503, 3
14504, 7
14505, 3
14506, 6
14507, 5
14508, 4
14509, 6
14510, 8
14511, 4
14512, 5
14513, 5
14514, 4
14515, 4
14516, 2
14517, 3
14518, 7
14519, 7
14520, 8
14521, 2
14522, 2
14523, 2
14524, 6
14525, 2
14526, 4
14528, 4
14529, 1
14530, 4
14531, 1
14532, 2
14535, 3
14536, 4
14537, 2
14538, 1
14539, 4
14540, 2
14541, 4
14545, 1
14546, 1
14547, 2
14548, 3
14549, 2
14550, 1
14551, 2
14552, 2
14553, 3
14554, 3
14555, 2
14557, 3
14558, 4
14560, 2
14563, 4
14564, 2
14565, 1
14566, 5
14568, 3
14569, 1
14570, 1
14572, 2
14573, 5
14574, 5
14575, 2
14576, 1
14577, 3
14578, 1
14579, 6
14580, 6
14581, 5
14582, 2
14583, 3
14584, 3
14585, 8
14586, 3
14587, 7
14588, 6
14589, 7
14590, 2
14591, 8
14592, 4
14593, 4
14594, 4
14595, 8
14596, 5
14597, 8
14598, 4
14599, 1
14600, 6
14601, 4
14602, 4
14603, 6
14604, 4
14605, 8
14606, 3
14607, 3
14608, 2
14609, 5
14610, 4
14611, 1
14612, 2
14613, 5
14614, 1
14615, 1
14616, 3
14617, 1
14618, 2
14620, 3
14621, 1
14622, 3
14623, 4
14624, 1
14625, 2
14626, 5
14627, 1
14631, 1
14632, 1
14633, 4
14634, 2
14635, 1
14636, 3
14637, 1
14638, 4
14639, 3
14640, 1
14641, 1
14642, 1
14643, 4
14644, 2
14645, 1
14646, 1
14648, 3
14649, 2
14650, 2
14651, 2
14652, 3
14653, 2
14655, 3
14658, 5
14659, 4
14660, 3
14661, 3
14662, 2
14663, 2
14664, 4
14665, 4
14666, 7
14667, 2
14668, 3
14669, 4
14670, 6
14671, 5
14672, 4
14673, 10
14674, 6
14675, 2
14676, 4
14677, 7
14678, 4
14679, 5
14680, 3
14681, 9
14682, 7
14683, 4
14684, 4
14685, 4
14686, 6
14688, 7
14689, 2
14690, 6
14691, 9
14692, 4
14693, 1
14694, 4
14695, 4
14696, 3
14697, 2
14698, 4
14699, 1
14700, 2
14701, 2
14702, 2
14703, 2
14705, 1
14706, 3
14707, 2
14708, 3
14709, 2
14710, 3
14711, 4
14712, 1
14713, 1
14716, 1
14717, 1
14718, 2
14719, 3
14720, 3
14721, 1
14722, 1
14723, 3
14724, 3
14725, 3
14726, 1
14727, 1
14728, 2
14729, 4
14731, 2
14734, 4
14735, 2
14736, 1
14737, 4
14738, 2
14739, 1
14740, 2
14741, 1
14743, 3
14744, 4
14745, 4
14746, 2
14747, 2
14748, 3
14749, 2
14750, 7
14751, 3
14752, 5
14753, 3
14754, 3
14755, 6
14756, 4
14757, 7
14758, 5
14759, 5
14760, 7
14761, 2
14762, 8
14763, 6
14764, 2
14765, 5
14766, 7
14767, 6
14768, 4
14769, 7
14770, 1
14771, 8
14772, 1
14773, 2
14774, 9
14775, 4
14776, 8
14777, 3
14778, 3
14779, 2
14780, 5
14781, 4
14782, 1
14783, 3
14784, 4
14785, 2
14786, 1
14787, 2
14788, 1
14789, 2
14791, 2
14792, 3
14793, 3
14794, 2
14795, 4
14797, 4
14798, 2
14802, 2
14803, 1
14804, 3
14805, 2
14806, 2
14807, 2
14808, 2
14809, 4
14811, 3
14812, 1
14813, 2
14814, 4
14815, 1
14816, 2
14819, 2
14820, 3
14821, 2
14823, 3
14824, 3
14825, 3
14826, 1
14829, 5
14830, 5
14831, 2
14832, 3
14833, 2
14834, 2
14835, 6
14836, 2
14837, 5
14838, 5
14839, 2
14840, 5
14841, 8
14842, 5
14843, 3
14844, 7
14845, 4
14846, 6
14847, 4
14848, 7
14849, 4
14850, 2
14851, 7
14852, 8
14853, 5
14854, 4
14855, 5
14856, 6
14857, 3
14858, 1
14859, 8
14860, 4
14861, 5
14862, 8
14863, 2
14864, 3
14865, 1
14866, 7
14867, 2
14868, 2
14869, 1
14870, 4
14871, 2
14872, 3
14873, 1
14874, 1
14875, 1
14877, 3
14878, 3
14879, 3
14880, 2
14881, 3
14882, 2
14883, 3
14884, 1
14887, 1
14888, 1
14889, 2
14890, 4
14891, 2
14892, 1
14893, 2
14894, 4
14895, 1
14896, 3
14897, 1
14898, 2
14899, 1
14900, 3
14901, 2
14902, 1
14904, 1
14905, 3
14906, 2
14907, 1
14908, 3
14909, 3
14910, 2
14911, 1
14912, 1
14914, 2
14915, 4
14916, 6
14917, 2
14919, 3
14920, 4
14921, 5
14922, 5
14923, 3
14924, 3
14925, 4
14926, 6
14927, 6
14928, 6
14929, 4
14930, 6
14931, 6
14932, 3
14933, 10
14934, 1
14935, 4
14936, 7
14937, 6
14938, 5
14939, 7
14940, 1
14941, 8
14942, 2
14943, 4
14944, 4
14945, 6
14946, 5
14947, 7
14948, 3
14949, 4
14950, 1
14951, 5
14952, 3
14953, 2
14954, 4
14955, 3
14957, 3
14958, 3
14959, 1
14960, 1
14962, 3
14963, 1
14964, 4
14965, 3
14966, 1
14967, 3
14968, 3
14969, 2
14973, 2
14974, 2
14975, 3
14976, 2
14977, 1
14978, 2
14979, 2
14980, 4
14981, 1
14982, 2
14983, 1
14984, 2
14985, 4
14986, 1
14987, 2
14990, 2
14991, 3
14992, 2
14993, 2
14994, 2
14995, 3
14996, 1
14997, 2
15000, 5
15001, 4
15002, 3
15003, 3
15004, 3
15005, 1
15006, 5
15007, 6
15008, 2
15009, 5
15010, 1
15011, 8
15012, 4
15013, 5
15014, 7
15015, 5
15016, 5
15017, 5
15018, 7
15019, 5
15020, 3
15021, 3
15022, 7
15023, 7
15024, 6
15025, 3
15026, 6
15027, 4
15028, 5
15030, 6
15031, 6
15032, 7
15033, 5
15034, 4
15035, 1
15036, 3
15037, 5
15038, 3
15039, 1
15040, 5
15041, 1
15042, 2
15043, 3
15044, 1
15045, 1
15046, 1
15047, 2
15048, 2
15049, 2
15050, 2
15051, 3
15052, 3
15053, 3
15054, 3
15058, 2
15060, 3
15061, 3
15062, 1
15063, 2
15064, 1
15065, 4
15066, 3
15067, 1
15068, 2
15069, 2
15070, 1
15071, 3
15072, 1
15073, 2
15075, 2
15076, 2
15077, 2
15078, 1
15079, 5
15080, 1
15081, 3
15083, 1
15085, 4
15086, 4
15087, 4
15088, 2
15089, 1
15090, 2
15091, 3
15092, 7
15093, 6
15094, 2
15095, 3
15096, 4
15097, 6
15098, 6
15099, 3
15100, 7
15101, 4
15102, 7
15103, 5
15104, 6
15105, 4
15106, 3
15107, 6
15108, 8
15109, 3
15110, 8
15111, 4
15112, 5
15113, 3
15114, 3
15115, 6
15116, 5
15117, 4
15118, 8
15119, 3
15120, 3
15121, 1
15122, 4
15123, 6
15124, 1
15125, 2
15126, 3
15127, 1
15128, 2
15129, 3
15130, 1
15131, 2
15133, 2
15134, 3
15135, 3
15136, 2
15137, 2
15138, 3
15139, 4
15140, 1
15144, 2
15145, 2
15146, 2
15147, 3
15148, 1
15149, 2
15150, 4
15151, 2
15152, 1
15153, 3
15155, 2
15156, 4
15157, 1
15158, 2
15161, 4
15162, 1
15163, 2
15165, 4
15166, 3
15167, 2
15168, 1
15170, 1
15171, 5
15172, 4
15173, 2
15174, 3
15175, 2
15176, 1
15177, 7
15178, 2
15179, 6
15180, 5
15181, 1
15182, 8
15183, 2
15184, 7
15185, 7
15186, 3
15187, 8
15188, 3
15189, 3
15190, 8
15191, 3
15192, 5
15193, 6
15194, 7
15195, 6
15196, 4
15197, 4
15198, 5
15199, 4
15200, 2
15201, 8
15202, 1
15203, 11
15204, 5
15206, 4
15207, 1
15208, 7
15209, 2
15210, 3
15211, 3
15212, 1
15213, 2
15214, 2
15215, 2
15216, 2
15219, 3
15220, 3
15221, 4
15222, 2
15223, 2
15224, 4
15225, 2
15229, 2
15231, 3
15232, 2
15233, 3
15234, 1
15235, 1
15236, 5
15237, 1
15238, 3
15239, 1
15240, 2
15241, 3
15242, 1
15243, 1
15244, 2
15247, 4
15248, 3
15250, 4
15251, 2
15252, 2
15253, 2
15256, 3
15257, 6
15258, 2
15259, 3
15260, 2
15261, 1
15262, 4
15263, 5
15264, 5
15265, 2
15266, 4
15267, 6
15268, 2
15269, 8
15270, 7
15271, 4
15272, 6
15273, 6
15274, 3
15275, 8
15276, 4
15277, 3
15278, 6
15279, 7
15280, 4
15281, 7
15282, 5
15283, 4
15284, 5
15285, 1
15286, 4
15287, 6
15288, 7
15289, 6
15290, 3
15291, 3
15292, 2
15293, 5
15294, 3
15295, 2
15296, 5
15297, 1
15298, 2
15299, 1
15300, 3
15301, 1
15302, 1
15304, 3
15305, 2
15306, 4
15307, 2
15308, 3
15309, 2
15310, 3
15311, 1
15314, 1
15315, 1
15316, 1
15317, 4
15318, 1
15319, 2
15320, 1
15321, 3
15322, 3
15323, 4
15325, 1
15326, 3
15327, 2
15328, 2
15329, 1
15330, 1
15332, 3
15333, 2
15334, 2
15335, 2
15336, 3
15337, 3
15339, 1
15340, 1
15341, 1
15342, 5
15343, 5
15344, 2
15345, 1
15346, 2
15347, 2
15348, 7
15349, 3
15350, 5
15351, 4
15352, 4
15353, 4
15354, 8
15355, 2
15356, 5
15357, 8
15358, 6
15359, 3
15360, 6
15361, 5
15362, 4
15363, 5
15364, 4
15365, 10
15366, 5
15367, 4
15368, 4
15369, 4
15370, 4
15371, 5
15372, 6
15373, 3
15374, 6
15375, 6
15376, 3
15377, 2
15378, 2
15379, 6
15380, 2
15381, 2
15382, 3
15383, 2
15384, 2
15385, 2
15386, 2
15387, 1
15388, 1
15389, 1
15390, 4
15391, 1
15392, 3
15393, 3
15394, 1
15395, 5
15396, 2
15400, 2
15401, 1
15402, 3
15403, 1
15404, 2
15405, 3
15406, 1
15407, 4
15408, 2
15409, 2
15410, 1
15411, 2
15412, 2
15413, 3
15414, 1
15415, 1
15417, 2
15418, 2
15419, 3
15421, 4
15422, 3
15423, 1
15424, 1
15425, 1
15427, 4
15428, 5
15429, 3
15430, 2
15432, 3
15433, 5
15434, 5
15435, 5
15436, 3
15437, 2
15438, 6
15439, 3
15440, 7
15441, 8
15442, 3
15443, 7
15444, 5
15445, 2
15446, 9
15447, 3
15448, 4
15449, 6
15450, 7
15451, 6
15452, 6
15453, 4
15454, 3
15455, 6
15456, 1
15457, 3
15458, 7
15459, 6
15460, 8
15461, 3
15462, 3
15463, 1
15464, 6
15465, 2
15466, 2
15467, 5
15468, 1
15469, 2
15471, 3
15472, 2
15473, 1
15474, 1
15475, 3
15476, 2
15477, 3
15478, 2
15479, 3
15480, 2
15481, 3
15482, 1
15485, 1
15486, 1
15487, 2
15488, 2
15489, 3
15490, 2
15491, 1
15492, 3
15493, 3
15494, 1
15495, 3
15496, 1
15497, 1
15498, 3
15499, 2
15500, 1
15501, 1
15503, 4
15505, 3
15506, 2
15507, 2
15508, 3
15509, 2
15510, 1
15512, 2
15513, 5
15514, 5
15516, 2
15517, 2
15518, 2
15519, 7
15520, 5
15521, 3
15522, 4
15523, 3
15524, 8
15525, 3
15526, 5
15527, 8
15528, 3
15529, 6
15530, 4
15531, 6
15532, 6
15533, 4
15534, 6
15535, 3
15536, 7
15537, 6
15538, 5
15539, 4
15540, 4
15541, 5
15542, 1
15543, 7
15544, 6
15545, 7
15546, 3
15547, 4
15548, 2
15549, 3
15550, 6
15551, 1
15552, 2
15553, 4
15554, 1
15555, 3
15556, 1
15557, 2
15558, 2
15560, 2
15561, 2
15562, 3
15563, 3
15564, 3
15565, 1
15566, 4
15567, 2
15571, 2
15572, 1
15573, 3
15574, 2
15575, 2
15576, 2
15578, 5
15579, 2
15580, 3
15582, 2
15583, 3
15584, 2
15585, 2
15588, 1
15589, 3
15590, 3
15591, 2
15592, 2
15593, 2
15594, 2
15595, 2
15598, 4
15599, 4
15600, 5
15601, 1
15602, 3
15603, 1
15604, 4
15605, 3
15606, 6
15607, 5
15608, 2
15609, 5
15610, 4
15611, 6
15612, 5
15613, 8
15614, 4
15615, 6
15616, 4
15617, 8
15618, 2
15619, 5
15620, 5
15621, 4
15622, 11
15623, 3
15624, 5
15625, 5
15626, 4
15627, 1
15628, 9
15629, 2
15630, 7
15631, 6
15632, 3
15633, 2
15634, 2
15635, 5
15636, 3
15637, 4
15638, 3
15639, 1
15640, 1
15641, 3
15642, 1
15643, 3
15646, 3
15647, 2
15648, 4
15649, 2
15650, 3
15651, 2
15652, 3
15653, 1
15657, 3
15658, 2
15659, 2
15660, 1
15661, 2
15662, 2
15663, 4
15664, 2
15665, 3
15667, 2
15668, 1
15669, 3
15670, 2
15671, 1
15672, 1
15673, 2
15674, 2
15675, 1
15676, 2
15677, 2
15678, 4
15680, 3
15681, 1
15683, 4
15684, 4
15685, 4
15687, 2
15688, 3
15689, 3
15690, 5
15691, 5
15692, 3
15693, 4
15694, 4
15695, 7
15696, 3
15697, 6
15698, 5
15699, 5
15700, 8
15701, 3
15702, 5
15703, 6
15704, 2
15705, 6
15706, 7
15707, 5
15708, 8
15709, 3
15710, 4
15711, 5
15712, 4
15714, 8
15715, 4
15716, 10
15717, 3
15718, 4
15720, 6
15721, 2
15722, 3
15723, 3
15724, 4
15725, 1
15726, 2
15727, 3
15729, 2
15731, 1
15732, 2
15733, 4
15734, 3
15735, 2
15736, 3
15737, 3
15738, 2
15742, 2
15743, 1
15744, 2
15745, 3
15746, 2
15747, 2
15748, 2
15749, 2
15750, 3
15751, 3
15753, 2
15754, 3
15755, 1
15756, 2
15757, 1
15759, 3
15760, 2
15761, 1
15762, 1
15763, 4
15764, 2
15765, 3
15766, 1
15769, 5
15770, 4
15771, 2
15772, 3
15773, 2
15774, 1
15775, 8
15776, 4
15777, 4
15778, 3
15779, 2
15780, 5
15781, 4
15782, 7
15783, 4
15784, 10
15785, 3
15786, 5
15787, 6
15788, 4
15789, 5
15790, 4
15791, 6
15792, 7
15793, 6
15794, 4
15795, 5
15796, 4
15797, 3
15798, 3
15799, 5
15800, 7
15801, 7
15802, 5
15803, 2
15804, 4
15805, 2
15806, 5
15807, 2
15808, 3
15809, 1
15810, 5
15811, 1
15812, 1
15813, 3
15814, 1
15815, 1
15817, 3
15818, 4
15819, 2
15820, 2
15821, 3
15822, 1
15823, 5
15827, 1
15828, 1
15829, 2
15830, 3
15831, 2
15832, 2
15833, 1
15834, 2
15835, 4
15836, 1
15837, 3
15839, 3
15840, 4
15842, 2
15844, 1
15845, 2
15846, 4
15848, 3
15849, 3
15850, 1
15851, 2
15852, 1
15854, 3
15855, 3
15856, 5
15857, 3
15858, 1
15859, 3
15860, 2
15861, 6
15862, 6
15863, 1
15864, 4
15865, 4
15866, 7
15867, 4
15868, 4
15869, 8
15870, 5
15871, 8
15872, 2
15873, 4
15874, 6
15875, 3
15876, 7
15877, 6
15878, 8
15879, 3
15880, 5
15881, 4
15882, 5
15883, 3
15884, 6
15885, 3
15886, 5
15887, 6
15888, 5
15889, 4
15890, 1
15891, 4
15892, 3
15893, 3
15894, 3
15895, 3
15896, 2
15897, 2
15898, 2
15899, 1
15900, 2
15902, 2
15903, 3
15904, 3
15905, 2
15906, 2
15907, 3
15908, 3
15909, 2
15913, 2
15914, 1
15915, 3
15916, 2
15917, 2
15918, 1
15919, 3
15920, 4
15922, 4
15924, 2
15925, 2
15926, 3
15928, 2
15930, 2
15931, 2
15932, 3
15933, 2
15934, 4
15936, 2
15937, 2
15940, 5
15941, 3
15942, 4
15943, 2
15944, 3
15945, 2
15946, 5
15947, 3
15948, 5
15949, 4
15950, 2
15951, 5
15952, 7
15953, 6
15954, 3
15955, 6
15956, 7
15957, 5
15958, 5
15959, 3
15960, 7
15961, 4
15962, 5
15963, 7
15964, 7
15965, 4
15966, 5
15967, 2
15968, 5
15969, 3
15970, 6
15971, 4
15972, 8
15973, 5
15974, 4
15975, 1
15976, 2
15977, 5
15978, 4
15979, 1
15980, 4
15981, 2
15982, 2
15983, 1
15984, 3
15985, 2
15988, 3
15989, 3
15990, 2
15991, 3
15992, 3
15993, 2
15994, 3
15995, 1
15998, 1
15999, 1
16000, 2
16001, 3
16002, 3
16004, 2
16005, 4
16006, 2
16007, 3
16008, 1
16010, 2
16011, 4
16012, 1
16013, 2
16015, 1
16016, 3
16017, 1
16018, 2
16019, 3
16020, 3
16021, 3
16022, 1
16025, 2
16026, 7
16027, 2
16028, 2
16029, 2
16030, 2
16031, 3
16032, 7
16033, 3
16034, 5
16035, 3
16036, 4
16037, 3
16038, 9
16039, 2
16040, 7
16041, 5
16042, 4
16043, 6
16044, 7
16045, 5
16046, 3
16047, 4
16048, 8
16049, 8
16050, 4
16051, 4
16052, 4
16053, 4
16054, 4
16055, 4
16056, 5
16057, 5
16058, 8
16059, 3
16060, 3
16061, 2
16062, 2
16063, 6
16064, 2
16065, 3
16066, 4
16067, 1
16068, 3
16069, 1
16070, 1
16071, 2
16072, 1
16073, 2
16074, 1
16075, 4
16076, 1
16077, 3
16078, 2
16079, 5
16080, 1
16083, 1
16084, 1
16085, 2
16086, 1
16087, 3
16088, 2
16089, 2
16090, 2
16091, 3
16092, 1
16093, 3
16094, 1
16095, 2
16096, 3
16097, 2
16098, 2
16101, 3
16102, 1
16103, 2
16104, 3
16105, 3
16106, 1
16107, 3
16108, 1
16110, 1
16111, 4
16112, 6
16113, 1
16114, 2
16115, 2
16116, 3
16117, 7
16118, 2
16119, 5
16120, 3
16121, 2
16122, 6
16123, 5
16124, 6
16125, 6
16126, 7
16127, 3
16128, 6
16129, 4
16130, 6
16131, 3
16132, 6
16133, 6
16134, 8
16135, 5
16136, 4
16137, 5
16138, 5
16139, 2
16140, 3
16141, 5
16142, 6
16143, 5
16144, 8
16145, 2
16146, 2
16147, 4
16148, 2
16149, 5
16150, 2
16151, 4
16152, 1
16153, 2
16154, 2
16155, 2
16156, 1
16157, 1
16158, 1
16159, 2
16160, 4
16161, 2
16162, 2
16163, 3
16164, 4
16165, 2
16170, 2
16171, 3
16172, 3
16173, 1
16174, 2
16175, 1
16176, 5
16177, 1
16178, 3
16179, 1
16180, 1
16181, 2
16182, 3
16183, 2
16184, 1
16186, 1
16187, 3
16188, 1
16189, 2
16190, 2
16191, 3
16192, 3
16193, 1
16194, 1
16196, 4
16197, 2
16198, 5
16199, 2
16200, 2
16201, 2
16202, 3
16203, 7
16204, 5
16205, 1
16206, 4
16207, 3
16208, 7
16209, 5
16210, 5
16211, 6
16212, 5
16213, 7
16214, 3
16215, 5
16216, 7
16217, 2
16218, 8
16219, 4
16220, 8
16221, 6
16222, 2
16223, 4
16224, 5
16225, 4
16226, 1
16227, 9
16228, 3
16229, 8
16230, 5
16231, 3
16232, 1
16233, 5
16234, 4
16235, 2
16236, 2
16237, 3
16238, 3
16240, 2
16241, 2
16242, 2
16244, 2
16245, 2
16246, 4
16247, 2
16248, 2
16249, 2
16250, 5
16251, 1
16255, 2
16256, 2
16257, 1
16258, 2
16259, 3
16260, 2
16261, 3
16262, 3
16263, 1
16264, 3
16266, 2
16267, 3
16268, 1
16269, 3
16272, 2
16273, 2
16274, 3
16276, 6
16277, 1
16278, 1
16279, 2
16282, 4
16283, 5
16284, 3
16285, 2
16286, 3
16287, 1
16288, 6
16289, 4
16290, 6
16291, 3
16292, 2
16293, 5
16294, 6
16295, 5
16296, 4
16297, 8
16298, 5
16299, 4
16300, 4
16301, 7
16302, 4
16303, 4
16304, 6
16305, 9
16306, 5
16307, 3
16308, 5
16309, 6
16310, 3
16311, 1
16312, 7
16313, 4
16314, 6
16315, 6
16316, 5
16317, 2
16319, 9
16320, 1
16321, 2
16322, 3
16323, 3
16324, 1
16325, 2
16326, 2
16327, 1
16328, 1
16329, 2
16330, 2
16331, 2
16332, 4
16333, 1
16334, 3
16335, 4
16336, 2
16340, 1
16341, 1
16342, 3
16343, 3
16344, 2
16345, 2
16347, 4
16348, 2
16349, 2
16350, 2
16352, 2
16353, 4
16354, 1
16355, 2
16358, 4
16359, 2
16360, 1
16361, 3
16362, 3
16363, 2
16364, 1
16365, 1
16367, 2
16368, 5
16369, 3
16370, 4
16371, 1
16372, 2
16373, 5
16374, 5
16375, 3
16376, 5
16377, 2
16378, 5
16379, 4
16380, 8
16381, 4
16382, 5
16383, 6
16384, 5
16385, 4
16386, 8
16387, 5
16388, 2
16389, 5
16390, 7
16391, 9
16392, 3
16393, 4
16394, 3
16395, 4
16396, 5
16397, 1
16398, 9
16399, 5
16400, 7
16401, 3
16402, 5
16404, 5
16405, 4
16406, 1
16407, 6
16408, 1
16409, 1
16410, 2
16411, 2
16412, 1
16413, 2
16415, 3
16416, 3
16417, 2
16418, 2
16419, 2
16420, 3
16421, 4
16422, 1
16426, 2
16427, 2
16428, 3
16429, 1
16430, 3
16431, 1
16432, 1
16433, 5
16434, 2
16435, 1
16436, 1
16437, 1
16438, 4
16439, 2
16440, 1
16441, 1
16443, 3
16444, 3
16445, 1
16446, 2
16447, 3
16448, 1
16449, 3
16450, 1
16453, 4
16454, 5
16455, 4
16456, 2
16457, 1
16458, 3
16459, 6
16460, 3
16461, 6
16462, 3
16463, 2
16464, 3
16465, 8
16466, 5
16467, 6
16468, 5
16469, 7
16470, 3
16471, 4
16472, 9
16473, 2
16474, 5
16475, 5
16476, 7
16477, 7
16478, 5
16479, 4
16480, 3
16481, 6
16483, 7
16484, 7
16485, 6
16486, 4
16487, 4
16488, 2
16489, 2
16490, 6
16491, 2
16492, 1
16493, 5
16494, 1
16495, 1
16496, 4
16497, 1
16498, 1
16499, 1
16500, 1
16501, 3
16502, 2
16503, 3
16504, 2
16505, 3
16506, 4
16507, 2
16511, 1
16512, 2
16513, 2
16514, 2
16515, 2
16516, 2
16517, 1
16518, 5
16519, 1
16520, 2
16521, 2
16522, 1
16523, 3
16524, 3
16525, 1
16526, 1
16528, 3
16529, 1
16530, 3
16531, 2
16532, 1
16533, 3
16534, 1
16535, 2
16536, 1
16538, 5
16539, 2
16540, 5
16541, 1
16542, 3
16543, 2
16544, 2
16545, 7
16546, 5
16547, 3
16548, 2
16549, 4
16550, 5
16551, 7
16552, 5
16553, 4
16554, 7
16555, 6
16556, 4
16557, 7
16558, 3
16559, 4
16560, 6
16561, 8
16562, 3
16563, 8
16564, 4
16565, 4
16566, 5
16567, 2
16568, 5
16569, 5
16570, 4
16571, 10
16572, 1
16573, 3
16574, 4
16575, 3
16576, 5
16577, 1
16578, 2
16579, 3
16580, 2
16581, 2
16582, 3
16583, 1
16584, 1
16586, 3
16587, 2
16588, 4
16589, 1
16590, 3
16591, 3
16592, 3
16593, 1
16597, 2
16598, 2
16599, 1
16600, 3
16601, 2
16602, 2
16603, 3
16604, 3
16605, 2
16606, 1
16607, 1
16608, 3
16609, 3
16610, 1
16611, 1
16612, 1
16614, 3
16615, 2
16616, 2
16618, 6
16619, 1
16620, 2
16622, 1
16624, 5
16625, 4
16626, 4
16627, 2
16628, 1
16629, 3
16630, 5
16631, 6
16632, 2
16633, 5
16634, 2
16635, 5
16636, 7
16637, 5
16638, 5
16639, 5
16640, 8
16641, 3
16642, 5
16643, 5
16644, 5
16645, 6
16646, 6
16647, 6
16648, 6
16649, 4
16650, 2
16651, 6
16652, 5
16653, 2
16654, 7
16655, 4
16656, 7
16657, 4
16658, 4
16659, 2
16660, 3
16661, 5
16662, 2
16663, 3
16664, 3
16665, 2
16666, 1
16667, 3
16668, 1
16669, 2
16671, 1
16672, 3
16673, 3
16674, 3
16675, 1
16676, 3
16677, 5
16678, 1
16682, 2
16684, 3
16685, 3
16686, 1
16687, 3
16689, 5
16690, 2
16691, 2
16692, 1
16694, 4
16695, 3
16697, 2
16699, 1
16700, 3
16701, 2
16702, 1
16703, 3
16704, 3
16705, 3
16707, 1
16709, 4
16710, 4
16711, 3
16712, 3
16713, 1
16714, 3
16715, 3
16716, 6
16717, 6
16718, 1
16719, 4
16720, 4
16721, 7
16722, 6
16723, 4
16724, 7
16725, 2
16726, 8
16727, 3
16728, 5
16729, 6
16730, 5
16731, 4
16732, 8
16733, 5
16734, 6
16735, 5
16736, 4
16737, 6
16739, 4
16740, 6
16741, 7
16742, 5
16743, 4
16744, 3
16745, 1
16746, 7
16747, 2
16748, 1
16749, 6
16751, 2
16752, 2
16753, 2
16754, 2
16755, 1
16757, 2
16758, 3
16759, 4
16760, 1
16761, 3
16762, 3
16763, 3
16764, 1
16767, 2
16769, 2
16770, 1
16771, 4
16772, 1
16773, 2
16774, 1
16775, 5
16776, 3
16777, 1
16778, 1
16779, 2
16780, 3
16781, 1
16782, 2
16785, 4
16786, 1
16787, 2
16788, 2
16789, 4
16790, 1
16791, 2
16793, 1
16794, 1
16795, 4
16796, 5
16797, 2
16798, 3
16799, 2
16800, 2
16801, 6
16802, 6
16803, 2
16804, 4
16805, 3
16806, 4
16807, 8
16808, 3
16809, 9
16810, 3
16811, 7
16812, 3
16813, 6
16814, 6
16815, 4
16816, 3
16817, 5
16818, 9
16819, 5
16820, 7
16821, 2
16822, 5
16823, 4
16824, 1
16825, 8
16826, 2
16827, 10
16828, 5
16829, 3
16831, 3
16832, 7
16834, 4
16835, 3
16836, 1
16837, 2
16838, 2
16839, 2
16840, 2
16842, 1
16843, 2
16844, 4
16845, 2
16846, 3
16847, 2
16848, 4
16849, 2
16853, 1
16854, 2
16855, 1
16856, 4
16857, 2
16858, 1
16859, 2
16860, 3
16861, 2
16862, 3
16863, 1
16864, 2
16865, 2
16866, 2
16867, 2
16868, 1
16870, 3
16871, 1
16872, 3
16873, 2
16874, 3
16875, 1
16876, 2
16877, 2
16880, 4
16881, 5
16882, 2
16883, 3
16884, 2
16885, 2
16886, 3
16887, 7
16888, 3
16889, 4
16890, 3
16891, 4
16892, 6
16893, 5
16894, 6
16895, 4
16896, 6
16897, 8
16898, 2
16899, 8
16900, 3
16901, 4
16902, 6
16903, 8
16904, 6
16905, 4
16906, 5
16907, 4
16908, 6
16910, 6
16911, 5
16912, 5
16913, 5
16914, 5
16915, 4
16916, 1
16917, 5
16918, 4
16919, 1
16920, 5
16921, 1
16922, 2
16923, 1
16924, 2
16925, 3
16927, 1
16928, 2
16929, 2
16930, 4
16931, 1
16932, 4
16933, 1
16934, 5
16938, 1
16939, 1
16940, 2
16941, 2
16942, 3
16943, 1
16944, 2
16945, 2
16946, 4
16947, 2
16948, 2
16950, 2
16951, 4
16952, 1
16953, 2
16956, 3
16957, 1
16958, 3
16959, 2
16960, 3
16961, 1
16962, 2
16963, 2
16966, 7
16967, 3
16968, 4
16970, 4
16971, 2
16972, 6
16973, 3
16974, 3
16975, 5
16976, 4
16977, 4
16978, 7
16979, 5
16980, 6
16981, 6
16982, 5
16983, 3
16984, 6
16985, 5
16986, 4
16987, 6
16988, 5
16989, 7
16990, 7
16991, 3
16992, 4
16993, 5
16994, 4
16995, 1
16996, 8
16997, 5
16998, 7
16999, 3
17000, 4
17001, 2
17002, 3
17003, 5
17004, 2
17005, 1
17006, 6
17007, 1
17008, 1
17009, 3
17010, 1
17011, 2
17013, 1
17014, 4
17015, 2
17016, 3
17017, 3
17018, 1
17019, 4
17020, 2
17024, 2
17025, 1
17026, 2
17027, 3
17028, 2
17029, 1
17030, 2
17031, 3
17032, 2
17033, 4
17035, 1
17036, 3
17037, 3
17038, 2
17041, 1
17042, 4
17043, 2
17045, 6
17047, 2
17048, 2
17050, 1
17051, 3
17052, 5
17053, 4
17054, 1
17055, 2
17056, 2
17057, 4
17058, 6
17059, 3
17060, 5
17061, 3
17062, 4
17063, 6
17064, 4
17065, 5
17066, 9
17067, 1
17068, 8
17069, 3
17070, 7
17071, 4
17072, 4
17073, 6
17074, 8
17075, 5
17076, 5
17077, 5
17078, 4
17079, 5
17080, 1
17081, 6
17082, 6
17083, 6
17084, 6
17085, 3
17086, 2
17087, 3
17088, 5
17089, 3
17090, 1
17091, 2
17092, 4
17093, 2
17094, 2
17095, 2
17096, 2
17098, 1
17099, 1
17100, 3
17101, 5
17103, 4
17104, 3
17105, 1
17106, 2
17110, 2
17111, 2
17112, 2
17113, 3
17114, 2
17115, 1
17116, 4
17117, 2
17118, 3
17119, 1
17120, 1
17121, 3
17122, 2
17123, 1
17124, 2
17126, 1
17127, 3
17128, 2
17129, 1
17131, 6
17132, 2
17133, 1
17134, 1
17136, 2
17137, 3
17138, 5
17139, 3
17140, 1
17141, 4
17142, 3
17143, 4
17144, 5
17145, 3
17146, 4
17147, 5
17148, 2
17149, 6
17150, 7
17151, 6
17152, 7
17153, 5
17154, 2
17155, 6
17156, 5
17157, 5
17158, 5
17159, 8
17160, 7
17161, 2
17162, 4
17163, 5
17164, 5
17165, 4
17166, 4
17167, 6
17168, 2
17169, 10
17170, 4
17171, 3
17172, 1
17173, 3
17174, 6
17175, 1
17176, 3
17177, 4
17179, 2
17180, 2
17181, 2
17182, 1
17183, 1
17184, 2
17185, 3
17186, 2
17187, 3
17188, 2
17189, 2
17190, 5
17191, 1
17195, 2
17196, 1
17197, 2
17198, 3
17199, 1
17200, 3
17201, 1
17202, 4
17203, 2
17204, 2
17205, 1
17206, 1
17207, 4
17208, 2
17209, 1
17210, 1
17212, 1
17213, 3
17214, 2
17215, 1
17216, 5
17217, 2
17218, 1
17219, 1
17220, 1
17222, 4
17223, 5
17224, 4
17225, 1
17226, 2
17227, 2
17228, 4
17229, 5
17230, 6
17231, 3
17232, 1
17233, 8
17234, 4
17235, 4
17236, 5
17237, 10
17238, 4
17239, 4
17240, 4
17241, 8
17242, 2
17243, 5
17244, 5
17245, 7
17246, 7
17247, 4
17248, 5
17249, 4
17250, 4
17251, 2
17252, 5
17253, 6
17254, 8
17255, 4
17256, 4
17257, 2
17258, 1
17259, 4
17260, 6
17262, 6
17263, 1
17264, 1
17265, 3
17266, 2
17267, 1
17268, 1
17270, 3
17271, 2
17272, 4
17273, 2
17274, 3
17275, 2
17276, 3
17277, 1
17280, 2
17282, 2
17283, 4
17284, 1
17285, 1
17286, 2
17287, 4
17288, 3
17289, 2
17290, 1
17292, 3
17293, 4
17294, 1
17295, 1
17298, 3
17299, 3
17300, 1
17301, 2
17302, 4
17303, 1
17304, 2
17305, 1
17307, 2
17308, 5
17309, 4
17310, 3
17311, 1
17312, 3
17313, 6
17314, 2
17315, 3
17316, 5
17317, 4
17318, 3
17319, 5
17320, 7
17321, 4
17322, 5
17323, 8
17324, 5
17325, 3
17326, 3
17327, 9
17328, 3
17329, 4
17330, 7
17331, 10
17332, 4
17333, 2
17334, 4
17335, 6
17336, 3
17337, 4
17338, 6
17339, 4
17340, 8
17341, 2
17342, 4
17343, 2
17344, 2
17345, 6
17346, 2
17347, 3
17348, 3
17349, 2
17350, 2
17351, 2
17352, 1
17353, 2
17355, 2
17356, 3
17357, 3
17358, 2
17359, 2
17360, 3
17361, 3
17362, 2
17366, 2
17367, 2
17368, 1
17369, 4
17370, 1
17371, 1
17372, 3
17373, 3
17374, 2
17375, 3
17377, 1
17378, 3
17379, 3
17380, 1
17381, 1
17383, 4
17384, 1
17385, 1
17386, 1
17387, 5
17388, 1
17389, 3
17390, 1
17393, 5
17394, 5
17395, 2
17396, 2
17397, 2
17398, 3
17399, 3
17400, 7
17401, 4
17402, 4
17404, 6
17405, 6
17406, 6
17407, 6
17408, 6
17409, 3
17410, 7
17411, 2
17412, 7
17413, 6
17414, 5
17415, 3
17416, 9
17417, 5
17418, 5
17419, 3
17420, 6
17421, 5
17422, 1
17423, 5
17424, 5
17425, 7
17426, 5
17427, 4
17428, 2
17429, 2
17430, 7
17431, 1
17432, 3
17433, 4
17434, 2
17435, 1
17436, 1
17437, 3
17438, 1
17439, 1
17440, 1
17441, 3
17442, 1
17443, 5
17445, 4
17446, 2
17447, 4
17451, 2
17453, 2
17454, 4
17455, 1
17456, 2
17457, 1
17458, 4
17459, 2
17460, 3
17461, 1
17463, 3
17464, 3
17465, 1
17466, 2
17469, 3
17470, 2
17471, 2
17472, 4
17473, 1
17474, 2
17475, 2
17476, 1
17478, 4
17479, 5
17480, 1
17481, 4
17482, 1
17483, 2
17484, 5
17485, 4
17486, 5
17487, 2
17488, 4
17489, 4
17490, 6
17491, 5
17492, 5
17493, 7
17494, 5
17495, 5
17496, 4
17497, 6
17498, 5
17499, 5
17500, 4
17501, 4
17502, 8
17503, 6
17504, 4
17505, 4
17506, 4
17507, 5
17508, 6
17509, 4
17510, 5
17511, 8
17512, 2
17513, 3
17514, 2
17515, 4
17516, 5
17517, 1
17518, 3
17519, 3
17520, 2
17521, 3
17522, 1
17523, 1
17524, 2
17526, 3
17527, 2
17528, 2
17529, 2
17530, 3
17531, 2
17532, 4
17533, 2
17537, 2
17538, 1
17539, 2
17540, 3
17541, 2
17542, 2
17543, 1
17544, 4
17545, 2
17546, 3
17548, 2
17549, 4
17550, 1
17551, 1
17552, 1
17554, 2
17555, 3
17556, 1
17557, 3
17558, 2
17559, 3
17560, 1
17561, 2
17563, 2
17564, 3
17565, 3
17566, 5
17567, 1
17568, 1
17569, 3
17570, 5
17571, 5
17572, 5
17573, 3
17574, 4
17575, 3
17576, 6
17577, 5
17578, 6
17579, 7
17580, 5
17581, 4
17582, 4
17583, 7
17584, 4
17585, 5
17586, 4
17587, 9
17588, 5
17589, 5
17590, 5
17591, 3
17592, 6
17593, 1
17594, 4
17595, 6
17596, 7
17597, 7
17598, 3
17599, 2
17600, 1
17601, 6
17602, 3
17603, 3
17604, 3
17605, 2
17606, 1
17607, 2
17608, 2
17609, 2
17611, 2
17612, 2
17613, 2
17614, 4
17615, 1
17616, 3
17617, 3
17618, 2
17619, 1
17622, 2
17623, 1
17624, 2
17625, 2
17626, 3
17627, 1
17628, 1
17629, 3
17630, 4
17631, 1
17632, 1
17633, 2
17634, 3
17635, 2
17636, 1
17637, 2
17639, 2
17640, 2
17641, 2
17642, 1
17643, 4
17644, 2
17645, 1
17646, 3
17649, 1
17650, 5
17651, 5
17652, 3
17653, 1
17654, 3
17655, 4
17656, 3
17657, 5
17658, 5
17659, 3
17660, 3
17661, 6
17662, 6
17663, 3
17664, 6
17665, 8
17666, 5
17667, 4
17668, 7
17669, 3
17670, 4
17671, 6
17672, 6
17673, 5
17674, 8
17675, 3
17676, 3
17677, 5
17678, 4
17679, 6
17680, 3
17681, 6
17682, 7
17683, 4
17684, 2
17685, 3
17686, 4
17687, 4
17688, 2
17689, 2
17690, 4
17692, 3
17693, 3
17694, 1
17695, 1
17697, 2
17698, 3
17699, 3
17700, 2
17701, 3
17702, 1
17703, 4
17704, 2
17708, 2
17709, 2
17710, 3
17711, 1
17712, 2
17713, 2
17714, 2
17715, 3
17716, 2
17717, 2
17718, 1
17719, 2
17720, 4
17722, 3
17725, 2
17726, 2
17727, 3
17728, 2
17729, 2
17730, 2
17731, 2
17732, 2
17735, 5
17736, 5
17737, 3
17738, 1
17739, 2
17740, 3
17741, 3
17742, 6
17743, 6
17744, 3
17745, 2
17746, 4
17747, 7
17748, 6
17749, 4
17750, 8
17751, 6
17752, 3
17753, 3
17754, 8
17755, 3
17756, 4
17757, 6
17758, 7
17759, 6
17760, 5
17761, 4
17762, 7
17763, 2
17764, 2
17765, 7
17766, 3
17767, 7
17768, 7
17769, 2
17770, 1
17771, 6
17772, 4
17773, 2
17774, 2
17775, 4
17776, 1
17777, 2
17778, 3
17779, 1
17781, 2
17782, 1
17783, 2
17784, 4
17785, 2
17786, 1
17787, 3
17788, 4
17789, 3
17793, 1
17794, 1
17795, 3
17796, 3
17797, 1
17798, 3
17800, 6
17802, 3
17803, 1
17804, 1
17805, 3
17806, 2
17807, 2
17808, 1
17810, 2
17811, 2
17812, 2
17813, 1
17814, 3
17815, 3
17816, 2
17817, 2
17820, 3
17821, 4
17822, 4
17823, 3
17824, 1
17825, 3
17826, 4
17827, 5
17828, 5
17829, 3
17830, 2
17831, 5
17832, 3
17833, 7
17834, 5
17835, 8
17836, 6
17837, 3
17838, 3
17839, 7
17840, 5
17841, 5
17842, 4
17843, 6
17844, 7
17845, 7
17846, 4
17847, 4
17848, 4
17849, 3
17850, 6
17851, 3
17852, 5
17853, 7
17854, 5
17855, 2
17856, 2
17857, 4
17858, 4
17859, 4
17860, 1
17861, 4
17862, 1
17863, 2
17864, 2
17865, 1
17866, 2
17868, 3
17869, 2
17870, 3
17871, 2
17872, 2
17873, 3
17874, 5
17878, 1
17879, 1
17881, 4
17882, 2
17883, 2
17884, 2
17885, 1
17886, 5
17887, 2
17888, 2
17890, 3
17891, 2
17892, 1
17893, 2
17894, 1
17896, 1
17897, 4
17898, 2
17899, 2
17900, 4
17901, 1
17902, 2
17903, 1
17905, 1
17906, 4
17907, 4
17908, 4
17909, 1
17910, 2
17911, 4
17912, 4
17913, 4
17914, 5
17915, 4
17916, 2
17917, 7
17918, 3
17919, 6
17920, 4
17921, 9
17922, 2
17923, 7
17924, 5
17925, 5
17926, 5
17927, 4
17928, 4
17929, 9
17930, 6
17931, 4
17932, 3
17933, 4
17934, 6
17935, 1
17936, 7
17937, 5
17938, 8
17939, 4
17940, 4
17941, 1
17942, 4
17943, 4
17944, 2
17945, 3
17946, 4
17947, 1
17948, 1
17949, 3
17950, 2
17951, 1
17952, 1
17953, 2
17954, 2
17955, 3
17956, 3
17957, 1
17958, 3
17959, 3
17960, 2
17961, 1
17964, 2
17966, 3
17967, 3
17968, 2
17969, 1
17970, 1
17971, 4
17972, 3
17973, 1
17974, 2
17975, 1
17976, 3
17977, 3
17978, 1
17979, 1
17981, 1
17982, 3
17983, 2
17984, 1
17985, 2
17986, 4
17987, 2
17988, 2
17991, 4
17992, 3
17993, 5
17994, 2
17996, 4
17997, 2
17998, 8
17999, 2
18000, 6
18001, 2
18002, 4
18003, 4
18004, 7
18005, 5
18006, 4
18007, 7
18008, 6
18009, 3
18010, 9
18011, 3
18012, 4
18013, 6
18014, 6
18015, 7
18016, 5
18017, 3
18018, 3
18019, 8
18020, 1
18021, 4
18022, 6
18023, 5
18024, 8
18025, 2
18026, 4
18027, 1
18028, 5
18029, 4
18030, 2
18031, 5
18032, 1
18033, 1
18034, 1
18035, 3
18036, 1
18037, 2
18039, 3
18040, 2
18041, 5
18043, 3
18044, 2
18045, 4
18046, 1
18049, 1
18050, 1
18051, 2
18052, 2
18053, 3
18054, 1
18055, 2
18056, 1
18057, 5
18058, 3
18059, 1
18061, 2
18062, 4
18063, 1
18064, 2
18067, 4
18068, 1
18069, 2
18070, 2
18071, 4
18072, 2
18073, 1
18074, 1
18076, 2
18077, 3
18078, 4
18079, 4
18080, 1
18081, 4
18082, 1
18083, 7
18084, 4
18085, 4
18086, 3
18087, 4
18088, 4
18089, 7
18090, 4
18091, 5
18092, 8
18093, 5
18094, 3
18095, 5
18096, 6
18097, 3
18098, 4
18099, 6
18100, 9
18101, 5
18102, 4
18103, 6
18104, 4
18105, 4
18106, 1
18107, 5
18108, 7
18109, 7
18110, 4
18111, 3
18112, 3
18113, 3
18114, 5
18115, 2
18116, 3
18117, 4
18119, 2
18120, 2
18121, 2
18122, 2
18124, 2
18125, 2
18126, 4
18127, 1
18128, 2
18129, 3
18130, 4
18131, 2
18135, 2
18137, 2
18138, 4
18139, 1
18140, 2
18141, 1
18142, 5
18143, 2
18144, 1
18145, 2
18146, 1
18147, 2
18148, 3
18149, 2
18150, 1
18153, 4
18154, 2
18155, 1
18156, 4
18157, 2
18158, 1
18159, 3
18162, 4
18163, 5
18164, 3
18165, 2
18166, 1
18167, 3
18168, 6
18169, 3
18170, 4
18171, 4
18172, 3
18173, 4
18174, 5
18175, 8
18176, 5
18177, 5
18178, 5
18179, 6
18180, 3
18181, 8
18182, 4
18183, 5
18184, 4
18185, 8
18186, 6
18187, 4
18188, 4
18189, 5
18190, 4
18191, 2
18192, 6
18193, 4
18194, 6
18195, 8
18196, 3
18197, 3
18198, 2
18199, 5
18200, 3
18201, 2
18202, 1
18203, 3
18204, 2
18205, 2
18206, 3
18207, 2
18210, 3
18211, 3
18212, 3
18213, 2
18214, 2
18215, 2
18216, 5
18221, 2
18222, 2
18223, 3
18224, 2
18225, 2
18226, 1
18227, 2
18228, 4
18229, 1
18230, 3
18231, 1
18232, 2
18233, 2
18234, 2
18235, 2
18238, 4
18239, 1
18240, 2
18242, 5
18243, 2
18244, 2
18245, 1
18247, 1
18248, 5
18249, 4
18250, 3
18251, 1
18252, 3
18253, 2
18254, 6
18255, 4
18256, 4
18257, 3
18258, 4
18259, 3
18260, 10
18261, 3
18262, 5
18263, 7
18264, 7
18265, 2
18266, 7
18267, 6
18268, 1
18269, 7
18270, 5
18271, 7
18272, 6
18273, 4
18274, 4
18275, 3
18276, 4
18277, 2
18278, 8
18279, 5
18280, 7
18281, 4
18282, 4
18283, 2
18284, 2
18285, 7
18286, 1
18287, 2
18288, 4
18289, 2
18290, 1
18291, 3
18292, 1
18293, 1
18294, 1
18295, 2
18296, 3
18297, 2
18298, 3
18299, 3
18300, 1
18301, 5
18302, 1
18306, 2
18307, 2
18309, 4
18310, 2
18311, 1
18312, 2
18313, 4
18314, 1
18315, 2
18316, 2
18317, 1
18318, 2
18319, 3
18320, 2
18321, 1
18323, 1
18324, 3
18325, 3
18327, 3
18328, 3
18329, 2
18330, 1
18331, 1
18333, 5
18334, 3
18335, 3
18336, 3
18338, 3
18339, 5
18340, 5
18341, 5
18342, 4
18343, 2
18344, 5
18345, 5
18346, 6
18347, 4
18348, 9
18349, 2
18350, 8
18351, 3
18352, 4
18353, 7
18354, 5
18355, 3
18356, 7
18357, 9
18358, 3
18359, 4
18360, 4
18361, 5
18362, 2
18363, 6
18364, 5
18365, 4
18366, 7
18367, 4
18368, 4
18370, 5
18371, 4
18372, 2
18373, 2
18374, 4
18375, 2
18376, 1
18377, 1
18378, 2
18379, 2
18380, 1
18381, 2
18382, 4
18383, 2
18384, 1
18385, 4
18386, 1
18387, 5
18392, 2
18393, 2
18394, 2
18395, 2
18396, 3
18397, 1
18398, 4
18399, 2
18400, 2
18401, 2
18402, 1
18403, 1
18404, 3
18405, 2
18406, 2
18409, 4
18410, 1
18411, 2
18412, 2
18413, 4
18414, 2
18416, 2
18418, 1
18419, 5
18420, 3
18421, 4
18422, 1
18423, 4
18424, 1
18425, 7
18426, 2
18427, 6
18428, 3
18429, 3
18430, 5
18431, 8
18432, 3
18433, 6
18434, 6
18435, 6
18436, 4
18437, 4
18438, 6
18439, 5
18440, 4
18441, 4
18442, 9
18443, 6
18444, 5
18445, 3
18446, 5
18447, 3
18448, 2
18449, 7
18450, 4
18451, 9
18452, 4
18453, 2
18454, 3
18455, 3
18456, 6
18458, 3
18459, 4
18460, 2
18461, 1
18462, 3
18463, 1
18464, 2
18466, 1
18467, 2
18468, 2
18469, 5
18470, 2
18471, 2
18472, 3
18473, 3
18476, 1
18477, 1
18478, 2
18480, 4
18481, 1
18482, 3
18483, 1
18484, 4
18485, 2
18486, 3
18488, 2
18489, 1
18490, 4
18492, 2
18494, 2
18495, 2
18496, 2
18497, 1
18498, 4
18499, 2
18500, 3
18501, 1
18503, 1
18504, 2
18505, 5
18506, 4
18507, 2
18508, 1
18509, 3
18510, 4
18511, 6
18512, 4
18513, 4
18514, 2
18515, 4
18516, 8
18517, 5
18518, 4
18519, 6
18520, 4
18521, 8
18522, 2
18523, 9
18524, 2
18525, 5
18526, 5
18527, 7
18528, 5
18529, 7
18530, 3
18531, 6
18532, 3
18533, 2
18534, 7
18535, 4
18536, 6
18537, 6
18538, 4
18539, 2
18540, 2
18541, 4
18542, 5
18544, 6
18546, 3
18547, 2
18548, 1
18549, 3
18551, 2
18552, 1
18553, 2
18554, 3
18555, 2
18556, 4
18557, 1
18558, 5
18562, 1
18563, 2
18564, 2
18566, 3
18567, 3
18568, 1
18569, 3
18570, 3
18571, 2
18572, 2
18573, 1
18574, 2
18575, 3
18576, 2
18577, 1
18580, 3
18581, 2
18582, 2
18583, 2
18584, 4
18585, 1
18586, 2
18587, 1
18590, 8
18591, 2
18592, 4
18594, 4
18595, 1
18596, 6
18597, 4
18598, 6
18599, 2
18600, 1
18601, 8
18602, 6
18603, 4
18604, 7
18605, 4
18606, 8
18607, 2
18608, 5
18609, 7
18610, 3
18611, 4
18612, 5
18613, 12
18614, 3
18615, 4
18616, 4
18617, 5
18618, 4
18619, 4
18620, 6
18621, 4
18622, 7
18623, 4
18624, 4
18625, 1
18626, 2
18627, 7
18628, 1
18629, 3
18630, 3
18631, 1
18632, 3
18633, 1
18634, 2
18635, 2
18637, 3
18638, 1
18639, 4
18640, 2
18641, 1
18642, 3
18643, 5
18644, 1
18648, 2
18649, 2
18650, 2
18651, 2
18652, 2
18653, 1
18654, 3
18655, 3
18656, 1
18657, 2
18658, 2
18659, 2
18660, 3
18661, 1
18662, 2
18663, 1
18665, 2
18666, 2
18667, 3
18669, 5
18670, 1
18671, 2
18672, 2
18675, 4
18676, 5
18677, 2
18678, 3
18679, 2
18680, 2
18681, 6
18682, 4
18683, 5
18684, 3
18685, 3
18686, 5
18687, 6
18688, 4
18689, 3
18690, 11
18691, 4
18692, 5
18693, 5
18694, 6
18695, 3
18696, 4
18697, 5
18698, 8
18699, 7
18700, 4
18701, 4
18702, 3
18703, 5
18704, 2
18705, 5
18706, 4
18707, 8
18708, 6
18709, 4
18710, 2
18711, 3
18712, 4
18713, 3
18714, 2
18715, 4
18716, 2
18717, 1
18718, 2
18719, 3
18720, 1
18721, 1
18722, 2
18723, 1
18724, 4
18725, 1
18726, 3
18727, 3
18728, 2
18729, 3
18730, 1
18734, 2
18735, 3
18736, 2
18737, 2
18738, 2
18739, 1
18740, 4
18741, 2
18742, 2
18743, 2
18744, 1
18745, 1
18746, 3
18747, 2
18748, 2
18750, 1
18751, 3
18752, 2
18753, 1
18754, 2
18755, 4
18756, 1
18757, 2
18758, 1
18760, 2
18761, 5
18762, 4
18763, 1
18764, 2
18765, 4
18766, 4
18767, 5
18768, 3
18769, 4
18770, 4
18771, 2
18772, 5
18773, 8
18774, 3
18775, 4
18776, 9
18777, 6
18778, 2
18779, 7
18780, 5
18781, 2
18782, 6
18783, 7
18784, 9
18785, 5
18786, 4
18787, 4
18788, 3
18789, 4
18790, 1
18791, 8
18792, 6
18793, 7
18794, 3
18795, 4
18796, 1
18797, 5
18798, 3
18799, 2
18800, 3
18801, 3
18802, 1
18803, 3
18804, 2
18805, 1
18806, 2
18808, 3
18809, 2
18810, 2
18811, 3
18812, 2
18813, 3
18814, 4
18815, 1
18819, 2
18820, 1
18821, 2
18822, 3
18823, 1
18824, 3
18825, 2
18826, 4
18827, 1
18828, 3
18830, 2
18831, 3
18832, 2
18833, 1
18834, 1
18836, 4
18837, 1
18838, 1
18839, 3
18840, 1
18841, 4
18842, 1
18843, 2
18846, 4
18847, 5
18848, 2
18849, 3
18850, 2
18851, 3
18852, 5
18853, 4
18854, 4
18855, 4
18856, 3
18857, 3
18858, 7
18859, 5
18860, 3
18861, 8
18862, 8
18863, 3
18864, 3
18865, 9
18866, 4
18867, 3
18868, 5
18869, 6
18870, 9
18871, 4
18872, 3
18873, 5
18874, 6
18875, 1
18876, 7
18877, 3
18878, 7
18879, 5
18880, 4
18881, 2
18882, 3
18883, 6
18884, 2
18885, 1
18886, 5
18887, 1
18888, 2
18889, 1
18890, 2
18891, 2
18892, 1
18894, 4
18895, 3
18896, 2
18897, 1
18898, 4
18899, 3
18900, 3
18904, 1
18905, 1
18906, 3
18907, 2
18908, 3
18909, 1
18910, 1
18911, 3
18912, 4
18914, 3
18916, 3
18917, 3
18918, 1
18919, 2
18921, 1
18922, 3
18923, 2
18924, 1
18925, 4
18926, 2
18927, 3
18928, 1
18931, 3
18932, 5
18933, 4
18934, 2
18936, 4
18937, 3
18938, 6
18939, 3
18940, 4
18941, 3
18942, 4
18943, 6
18944, 5
18945, 5
18946, 7
18947, 4
18948, 5
18949, 4
18950, 5
18951, 9
18952, 2
18953, 5
18954, 5
18955, 10
18956, 4
18957, 3
18958, 5
18959, 5
18960, 3
18961, 4
18962, 5
18963, 5
18964, 8
18965, 2
18966, 5
18967, 1
18968, 3
18969, 6
18970, 2
18971, 2
18972, 3
18973, 3
18974, 2
18975, 2
18977, 2
18979, 2
18980, 1
18981, 4
18982, 3
18983, 3
18984, 2
18985, 3
18986, 2
18990, 2
18991, 2
18992, 2
18993, 3
18995, 3
18996, 2
18997, 4
18998, 2
18999, 1
19000, 1
19001, 2
19002, 4
19003, 1
19004, 2
19007, 3
19008, 2
19009, 2
19010, 2
19011, 1
19012, 4
19013, 1
19014, 1
19015, 1
19017, 5
19018, 4
19019, 3
19020, 2
19021, 3
19022, 2
19023, 5
19024, 5
19025, 5
19026, 3
19027, 2
19028, 4
19029, 7
19030, 6
19031, 3
19032, 6
19033, 5
19034, 7
19035, 6
19036, 5
19037, 4
19038, 4
19039, 3
19040, 9
19041, 6
19042, 5
19043, 4
19044, 5
19045, 5
19047, 6
19048, 5
19049, 9
19050, 5
19051, 3
19052, 1
19053, 3
19054, 5
19055, 3
19056, 2
19057, 4
19058, 2
19059, 1
19060, 2
19061, 2
19062, 2
19064, 1
19065, 3
19066, 2
19067, 4
19069, 4
19070, 2
19071, 4
19075, 2
19077, 3
19078, 3
19080, 4
19081, 1
19082, 4
19083, 1
19084, 2
19085, 2
19086, 1
19087, 3
19088, 3
19090, 2
19092, 1
19093, 3
19094, 2
19095, 1
19096, 3
19097, 3
19098, 1
19099, 3
19102, 2
19103, 4
19104, 6
19105, 2
19106, 1
19107, 3
19108, 3
19109, 6
19110, 4
19111, 3
19112, 4
19113, 2
19114, 7
19115, 6
19116, 5
19117, 4
19118, 8
19119, 5
19120, 2
19121, 8
19122, 5
19123, 3
19124, 5
19125, 8
19126, 6
19127, 6
19128, 1
19129, 6
19130, 4
19131, 4
19132, 1
19133, 9
19134, 3
19135, 10
19136, 3
19137, 4
19138, 1
19139, 3
19140, 4
19141, 3
19142, 1
19143, 4
19144, 2
19145, 2
19146, 1
19147, 2
19148, 2
19150, 2
19151, 2
19152, 5
19153, 1
19154, 3
19155, 1
19156, 4
19157, 2
19161, 2
19162, 2
19163, 1
19164, 3
19165, 2
19166, 2
19167, 1
19168, 5
19170, 3
19171, 1
19172, 1
19173, 4
19174, 2
19175, 2
19178, 4
19179, 1
19180, 2
19182, 5
19183, 1
19184, 3
19185, 1
19188, 5
19189, 3
19190, 4
19191, 2
19192, 3
19193, 2
19194, 5
19195, 5
19196, 4
19197, 4
19198, 3
19199, 3
19200, 8
19201, 5
19202, 4
19203, 7
19204, 4
19205, 6
19206, 4
19207, 7
19208, 4
19209, 4
19210, 3
19211, 9
19212, 6
19213, 8
19214, 2
19215, 5
19216, 4
19217, 1
19218, 8
19219, 3
19220, 7
19221, 6
19222, 3
19223, 1
19224, 4
19225, 3
19226, 3
19227, 4
19228, 3
19229, 1
19230, 2
19231, 3
19232, 1
19233, 1
19234, 1
19235, 1
19236, 3
19237, 3
19238, 3
19240, 3
19241, 5
19242, 2
19246, 2
19248, 3
19249, 3
19250, 2
19251, 1
19252, 1
19253, 3
19254, 4
19255, 2
19256, 1
19257, 1
19258, 2
19259, 3
19260, 2
19261, 1
19263, 1
19264, 3
19265, 1
19266, 2
19267, 3
19268, 3
19269, 1
19270, 2
19271, 1
19273, 2
19274, 6
19275, 3
19276, 2
19277, 2
19278, 3
19279, 2
19280, 7
19281, 4
19282, 1
19283, 5
19284, 5
19285, 3
19286, 10
19287, 3
19288, 9
19289, 3
19290, 5
19291, 3
19292, 6
19293, 7
19294, 3
19295, 5
19296, 8
19297, 7
19298, 4
19299, 4
19300, 4
19301, 4
19302, 3
19303, 4
19304, 5
19305, 7
19306, 5
19307, 5
19308, 3
19309, 1
19310, 4
19311, 5
19312, 1
19313, 6
19314, 1
19315, 2
19316, 1
19317, 2
19318, 2
19319, 1
19321, 3
19322, 1
19323, 4
19324, 2
19325, 3
19326, 3
19327, 2
19328, 2
19332, 2
19333, 1
19334, 4
19335, 1
19336, 3
19337, 1
19338, 4
19339, 2
19340, 1
19341, 3
19343, 1
19344, 4
19345, 2
19346, 2
19349, 2
19350, 3
19351, 2
19353, 5
19354, 1
19355, 3
19356, 1
19358, 1
19359, 4
19360, 5
19361, 2
19362, 3
19363, 2
19364, 3
19365, 5
19366, 5
19367, 2
19368, 4
19369, 3
19370, 6
19371, 3
19372, 8
19373, 1
19374, 10
19375, 5
19376, 4
19377, 5
19378, 8
19379, 4
19380, 5
19381, 3
19382, 8
19383, 6
19384, 7
19385, 1
19386, 4
19387, 6
19389, 8
19390, 3
19391, 9
19392, 4
19393, 3
19394, 2
19395, 3
19396, 5
19397, 2
19398, 3
19399, 4
19400, 1
19401, 2
19402, 2
19403, 1
19404, 2
19405, 1
19406, 3
19408, 4
19409, 3
19410, 2
19411, 1
19412, 5
19413, 2
19417, 1
19418, 2
19419, 2
19420, 3
19421, 1
19422, 2
19423, 1
19424, 6
19426, 2
19427, 2
19429, 3
19430, 3
19431, 1
19432, 2
19434, 1
19435, 3
19436, 2
19437, 1
19438, 4
19439, 3
19440, 2
19442, 1
19444, 3
19445, 4
19446, 4
19447, 3
19448, 2
19449, 2
19450, 4
19451, 5
19452, 5
19453, 5
19454, 1
19455, 5
19456, 5
19457, 5
19458, 4
19459, 10
19460, 3
19461, 6
19462, 2
19463, 6
19464, 6
19465, 4
19466, 5
19467, 5
19468, 9
19469, 5
19470, 3
19471, 5
19472, 5
19473, 2
19474, 4
19475, 6
19476, 5
19477, 7
19478, 3
19479, 4
19480, 1
19481, 5
19482, 4
19483, 1
19484, 6
19485, 1
19486, 1
19487, 2
19488, 3
19489, 1
19490, 1
19492, 3
19493, 2
19494, 4
19495, 2
19496, 3
19497, 2
19498, 2
19499, 2
19503, 2
19504, 3
19505, 2
19506, 1
19507, 3
19508, 1
19509, 4
19510, 2
19511, 2
19512, 1
19513, 2
19514, 3
19515, 2
19516, 1
19517, 1
19518, 1
19520, 3
19521, 1
19522, 3
19523, 2
19524, 3
19525, 2
19526, 2
19527, 1
19529, 1
19530, 4
19531, 6
19532, 2
19533, 1
19534, 3
19535, 3
19536, 4
19537, 7
19538, 1
19539, 6
19541, 7
19542, 5
19543, 6
19544, 4
19545, 8
19546, 6
19547, 3
19548, 4
19549, 5
19550, 8
19551, 2
19552, 6
19553, 8
19554, 7
19555, 3
19556, 4
19557, 5
19558, 4
19559, 1
19560, 6
19561, 6
19562, 5
19563, 8
19564, 1
19565, 3
19566, 2
19567, 5
19568, 3
19569, 3
19570, 3
19571, 1
19572, 2
19573, 3
19574, 1
19575, 2
19578, 3
19579, 5
19580, 2
19581, 2
19582, 2
19583, 4
19584, 2
19588, 1
19589, 1
19590, 3
19591, 3
19592, 1
19593, 2
19594, 2
19595, 5
19597, 3
19598, 1
19599, 1
19600, 3
19601, 3
19602, 2
19605, 1
19606, 4
19607, 2
19609, 4
19610, 2
19611, 3
19613, 1
19615, 4
19616, 3
19617, 5
19619, 4
19620, 2
19621, 4
19622, 6
19623, 4
19624, 2
19625, 5
19626, 4
19627, 5
19628, 5
19629, 6
19630, 5
19631, 4
19632, 9
19634, 10
19635, 4
19636, 1
19637, 9
19638, 5
19639, 6
19640, 6
19641, 4
19642, 4
19643, 5
19644, 2
19645, 6
19646, 5
19647, 6
19648, 6
19649, 3
19650, 4
19651, 1
19652, 4
19653, 5
19654, 1
19655, 2
19656, 4
19657, 2
19658, 2
19659, 1
19660, 3
19663, 3
19664, 3
19665, 2
19666, 3
19667, 1
19668, 2
19669, 6
19673, 1
19674, 1
19675, 2
19676, 2
19677, 3
19678, 1
19679, 2
19680, 2
19681, 3
19682, 3
19683, 2
19685, 4
19686, 1
19687, 2
19688, 2
19691, 4
19692, 1
19693, 2
19694, 2
19695, 3
19696, 2
19697, 1
19698, 2
19701, 7
19702, 4
19703, 2
19704, 2
19705, 1
19706, 2
19707, 8
19708, 3
19709, 4
19710, 4
19711, 3
19712, 4
19713, 7
19714, 5
19715, 5
19716, 7
19717, 7
19718, 2
19719, 5
19720, 7
19721, 2
19722, 5
19723, 7
19724, 8
19725, 6
19726, 5
19727, 1
19728, 5
19729, 5
19731, 8
19732, 4
19733, 8
19734, 5
19735, 4
19737, 4
19738, 4
19739, 2
19740, 4
19742, 5
19743, 1
19744, 3
19745, 1
19746, 2
19748, 1
19749, 4
19750, 2
19751, 3
19752, 2
19753, 2
19754, 5
19755, 1
19759, 2
19761, 3
19762, 2
19763, 2
19764, 2
19765, 2
19766, 5
19767, 1
19768, 3
19770, 1
19771, 3
19772, 3
19773, 1
19774, 1
19776, 1
19777, 3
19778, 2
19779, 1
19780, 4
19781, 2
19782, 2
19783, 1
19784, 1
19786, 4
19787, 3
19788, 4
19789, 3
19790, 1
19791, 3
19792, 5
19793, 3
19794, 6
19795, 3
19796, 3
19797, 6
19798, 5
19799, 4
19800, 7
19801, 5
19802, 5
19803, 6
19804, 2
19805, 6
19806, 6
19807, 5
19808, 5
19809, 7
19810, 7
19811, 4
19812, 4
19813, 5
19814, 4
19815, 3
19816, 3
19817, 6
19818, 7
19819, 5
19820, 5
19821, 2
19822, 2
19823, 3
19824, 5
19825, 2
19826, 4
19827, 2
19828, 2
19829, 1
19830, 2
19831, 3
19834, 4
19835, 2
19836, 4
19837, 1
19838, 3
19839, 2
19840, 4
19844, 2
19846, 2
19847, 3
19848, 2
19849, 1
19850, 2
19851, 3
19852, 3
19853, 2
19854, 2
19856, 1
19857, 4
19858, 2
19859, 2
19862, 3
19863, 3
19865, 3
19866, 3
19867, 2
19868, 1
19869, 2
19871, 1
19872, 5
19873, 4
19874, 4
19875, 1
19876, 3
19877, 2
19878, 6
19879, 3
19880, 4
19881, 4
19882, 4
19883, 6
19884, 5
19885, 4
19886, 6
19887, 6
19888, 7
19889, 2
19890, 7
19891, 5
19892, 5
19893, 3
19894, 8
19895, 4
19896, 7
19897, 4
19898, 4
19899, 4
19900, 5
19901, 1
19902, 8
19903, 5
19904, 9
19905, 1
19906, 5
19907, 1
19908, 3
19909, 6
19910, 1
19911, 3
19912, 3
19913, 1
19914, 2
19915, 3
19916, 1
19917, 2
19919, 3
19921, 4
19922, 3
19923, 3
19924, 1
19925, 4
19926, 2
19929, 1
19930, 1
19931, 1
19932, 2
19933, 3
19934, 1
19935, 2
19936, 2
19937, 4
19938, 1
19939, 3
19940, 1
19941, 2
19942, 1
19943, 4
19944, 1
19945, 1
19947, 1
19948, 4
19949, 1
19950, 3
19951, 2
19952, 2
19953, 3
19954, 1
19957, 5
19958, 3
19959, 3
19960, 3
19961, 2
19962, 1
19963, 4
19964, 6
19965, 5
19966, 4
19967, 2
19968, 4
19969, 5
19970, 7
19971, 7
19972, 4
19973, 4
19974, 7
19975, 2
19976, 9
19977, 3
19978, 6
19979, 5
19980, 6
19981, 7
19982, 4
19983, 5
19984, 1
19985, 9
19986, 1
19987, 5
19988, 5
19989, 8
19990, 4
19991, 4
19992, 2
19993, 2
19994, 5
19995, 3
19996, 1
19997, 3
19998, 4
19999, 1
20000, 3
20001, 1
20002, 2
20003, 1
20004, 1
20005, 2
20006, 3
20007, 4
20009, 4
20010, 2
20011, 3
20012, 1
20015, 1
20016, 1
20017, 3
20018, 2
20019, 2
20020, 1
20021, 2
20022, 3
20023, 3
20024, 2
20025, 1
20026, 2
20027, 1
20028, 4
20029, 1
20030, 2
20033, 4
20034, 2
20035, 1
20036, 2
20037, 4
20038, 2
20039, 1
20040, 1
20042, 3
20043, 2
20044, 5
20045, 3
20046, 2
20047, 1
20048, 3
20049, 6
20050, 6
20051, 2
20052, 5
20053, 3
20054, 5
20055, 7
20056, 3
20057, 8
20058, 4
20059, 6
20060, 4
20061, 5
20062, 5
20063, 5
20064, 4
20065, 6
20066, 10
20067, 4
20068, 3
20069, 6
20070, 2
20071, 5
20072, 1
20073, 7
20074, 4
20075, 11
20076, 2
20077, 2
20078, 3
20079, 3
20080, 5
20081, 2
20082, 2
20083, 5
20085, 3
20086, 3
20088, 2
20090, 3
20091, 1
20092, 3
20093, 3
20094, 2
20095, 2
20096, 3
20097, 3
20101, 2
20102, 2
20103, 1
20104, 3
20105, 2
20106, 1
20107, 1
20108, 5
20109, 2
20110, 2
20111, 1
20112, 2
20113, 3
20114, 2
20115, 1
20116, 1
20118, 4
20119, 1
20120, 1
20121, 3
20122, 3
20123, 2
20124, 1
20125, 2
20128, 5
20129, 4
20130, 3
20131, 2
20132, 1
20133, 4
20134, 6
20135, 4
20136, 4
20137, 4
20138, 1
20139, 4
20140, 6
20141, 7
20142, 4
20143, 7
20144, 6
20145, 4
20146, 3
20147, 9
20148, 4
20149, 3
20150, 6
20151, 8
20152, 7
20153, 3
20154, 3
20155, 4
20156, 6
20157, 2
20158, 6
20159, 5
20160, 4
20161, 7
20162, 4
20163, 2
20164, 3
20165, 5
20166, 3
20167, 2
20168, 1
20169, 4
20170, 1
20171, 1
20172, 3
20173, 3
20176, 4
20177, 3
20178, 2
20179, 2
20180, 3
20181, 4
20182, 1
20183, 1
20186, 1
20187, 1
20188, 3
20189, 2
20190, 2
20191, 1
20192, 2
20193, 5
20194, 1
20195, 3
20196, 1
20198, 4
20199, 3
20201, 2
20203, 1
20204, 3
20205, 1
20206, 2
20207, 2
20208, 4
20209, 1
20210, 2
20211, 1
20213, 2
20214, 4
20215, 5
20216, 3
20217, 1
20218, 3
20219, 4
20220, 4
20221, 6
20222, 2
20223, 3
20224, 5
20225, 3
20226, 6
20227, 7
20228, 6
20229, 3
20230, 8
20231, 4
20232, 7
20233, 2
20234, 5
20235, 4
20236, 7
20237, 7
20238, 4
20239, 4
20240, 4
20241, 6
20242, 3
20243, 7
20244, 3
20245, 7
20246, 6
20247, 3
20248, 4
20249, 1
20250, 4
20251, 5
20252, 1
20253, 5
20254, 2
20255, 2
20257, 4
20258, 1
20259, 1
20261, 3
20262, 2
20263, 3
20264, 2
20265, 4
20267, 3
20268, 3
20272, 2
20274, 4
20275, 2
20276, 2
20277, 2
20278, 1
20279, 5
20280, 1
20281, 2
20282, 1
20283, 1
20284, 4
20285, 2
20286, 2
20289, 2
20290, 3
20291, 1
20292, 3
20293, 2
20294, 2
20295, 3
20296, 1
20299, 5
20300, 4
20301, 3
20302, 3
20303, 1
20304, 2
20305, 7
20306, 3
20307, 4
20308, 5
20309, 1
20310, 5
20311, 6
20312, 7
20313, 3
20314, 7
20315, 6
20316, 5
20317, 4
20318, 5
20319, 6
20320, 3
20321, 5
20322, 9
20323, 6
20324, 3
20325, 5
20326, 3
20327, 6
20328, 1
20329, 7
20330, 4
20331, 8
20332, 4
20333, 4
20334, 2
20335, 2
20336, 7
20337, 2
20338, 2
20339, 4
20340, 1
20341, 2
20342, 1
20343, 2
20344, 2
20345, 1
20346, 2
20347, 1
20348, 3
20349, 3
20350, 2
20351, 1
20352, 4
20353, 4
20357, 1
20358, 1
20359, 2
20360, 4
20361, 1
20362, 3
20364, 4
20365, 3
20366, 1
20367, 2
20369, 3
20370, 3
20371, 1
20372, 2
20374, 2
20375, 2
20376, 2
20377, 1
20378, 3
20379, 3
20380, 2
20381, 1
20382, 1
20384, 2
20385, 6
20386, 2
20387, 4
20389, 4
20390, 2
20391, 6
20392, 4
20393, 6
20394, 2
20395, 3
20396, 6
20397, 8
20398, 2
20399, 7
20400, 5
20401, 7
20402, 1
20403, 7
20404, 6
20405, 3
20406, 5
20407, 4
20408, 12
20409, 4
20410, 2
20411, 4
20412, 7
20413, 2
20414, 4
20415, 6
20416, 3
20417, 9
20418, 4
20419, 2
20420, 3
20421, 3
20422, 5
20423, 1
20424, 5
20425, 2
20426, 1
20427, 2
20428, 3
20430, 2
20431, 1
20432, 2
20433, 2
20434, 3
20435, 2
20436, 2
20437, 2
20438, 3
20439, 3
20443, 2
20444, 2
20445, 2
20446, 2
20447, 3
20448, 1
20449, 3
20450, 3
20451, 1
20452, 2
20453, 1
20454, 2
20455, 3
20456, 2
20457, 2
20460, 1
20461, 3
20462, 3
20463, 2
20464, 3
20465, 2
20466, 2
20468, 1
20470, 5
20471, 5
20472, 1
20473, 3
20474, 3
20475, 2
20476, 3
20477, 7
20478, 3
20479, 4
20480, 2
20481, 4
20482, 9
20483, 4
20484, 5
20485, 8
20486, 6
20487, 2
20488, 6
20489, 3
20490, 6
20491, 4
20492, 5
20493, 8
20494, 6
20495, 5
20496, 4
20497, 5
20498, 5
20499, 1
20500, 6
20501, 4
20502, 5
20503, 7
20504, 4
20505, 3
20506, 2
20507, 5
20508, 2
20509, 1
20510, 6
20511, 2
20512, 1
20513, 3
20514, 1
20516, 2
20517, 1
20518, 2
20519, 3
20520, 4
20521, 2
20522, 2
20523, 3
20524, 3
20528, 1
20529, 2
20530, 1
20531, 4
20532, 1
20533, 2
20534, 2
20535, 3
20536, 2
20537, 2
20538, 2
20539, 1
20540, 3
20541, 2
20542, 2
20543, 1
20545, 1
20546, 3
20547, 1
20548, 2
20549, 3
20550, 4
20551, 1
20552, 1
20553, 1
20555, 2
20556, 4
20557, 3
20558, 5
20560, 4
20561, 3
20562, 7
20563, 2
20564, 6
20565, 2
20566, 5
20567, 6
20568, 4
20569, 3
20570, 5
20571, 9
20572, 5
20573, 4
20574, 6
20575, 5
20576, 3
20577, 4
20578, 9
20579, 6
20580, 6
20581, 4
20582, 4
20583, 3
20584, 4
20585, 3
20586, 5
20587, 9
20588, 5
20589, 4
20590, 3
20591, 1
20592, 4
20593, 5
20594, 2
20595, 2
20596, 4
20597, 1
20598, 2
20599, 2
20600, 2
20601, 1
20603, 1
20604, 4
20605, 4
20606, 1
20607, 2
20608, 3
20609, 5
20614, 2
20615, 1
20616, 3
20617, 3
20618, 2
20620, 4
20621, 3
20622, 1
20623, 2
20624, 1
20625, 2
20626, 2
20627, 3
20628, 1
20629, 1
20631, 3
20632, 1
20633, 3
20635, 6
20636, 1
20637, 2
20638, 1
20640, 2
20641, 3
20642, 6
20643, 1
20644, 2
20645, 4
20646, 1
20647, 8
20648, 2
20649, 4
20650, 3
20651, 3
20652, 5
20653, 7
20654, 5
20655, 5
20656, 5
20657, 4
20658, 7
20659, 4
20660, 5
20661, 6
20662, 5
20663, 3
20664, 10
20665, 7
20666, 4
20667, 3
20668, 4
20669, 5
20670, 1
20671, 6
20672, 5
20673, 9
20674, 3
20675, 3
20676, 3
20677, 3
20678, 5
20679, 2
20680, 3
20681, 4
20683, 2
20684, 2
20685, 2
20686, 2
20688, 2
20689, 2
20690, 3
20691, 2
20692, 2
20693, 3
20694, 4
20695, 2
20699, 2
20701, 2
20702, 3
20703, 2
20704, 1
20705, 2
20706, 3
20707, 3
20708, 3
20710, 1
20711, 5
20712, 1
20713, 3
20716, 2
20717, 2
20718, 2
20719, 1
20720, 4
20721, 3
20722, 2
20723, 1
20726, 5
20727, 3
20728, 3
20729, 3
20730, 1
20731, 3
20732, 3
20733, 6
20734, 3
20735, 5
20736, 3
20737, 4
20738, 5
20739, 4
20740, 7
20741, 8
20742, 3
20743, 6
20744, 3
20745, 9
20746, 4
20747, 1
20748, 7
20749, 8
20750, 6
20751, 5
20752, 4
20753, 3
20754, 6
20755, 2
20756, 6
20757, 4
20758, 6
20759, 5
20760, 4
20761, 4
20762, 1
20763, 6
20764, 3
20765, 2
20766, 2
20767, 3
20768, 3
20769, 1
20770, 3
20771, 1
20772, 1
20773, 1
20774, 2
20775, 2
20776, 4
20777, 1
20778, 3
20779, 2
20780, 4
20781, 1
20784, 1
20785, 1
20786, 2
20787, 2
20788, 2
20789, 2
20790, 2
20791, 1
20792, 4
20793, 2
20794, 3
20796, 3
20797, 2
20798, 2
20799, 1
20800, 1
20802, 3
20803, 2
20804, 2
20805, 2
20806, 3
20807, 3
20809, 2
20812, 6
20813, 4
20814, 3
20815, 2
20816, 1
20817, 4
20818, 6
20819, 3
20820, 4
20821, 3
20822, 3
20823, 6
20824, 6
20825, 6
20826, 6
20827, 5
20828, 5
20829, 3
20830, 6
20831, 6
20832, 4
20833, 3
20834, 5
20835, 10
20836, 6
20837, 3
20838, 6
20839, 1
20840, 6
20841, 2
20842, 5
20843, 6
20844, 8
20845, 5
20846, 2
20847, 3
20848, 3
20849, 4
20850, 2
20851, 4
20853, 5
20854, 1
20855, 2
20856, 2
20857, 2
20859, 1
20860, 2
20861, 4
20862, 2
20863, 2
20864, 3
20865, 3
20866, 3
20870, 2
20871, 1
20872, 2
20873, 3
20874, 1
20875, 2
20876, 2
20877, 3
20878, 2
20879, 2
20880, 2
20881, 1
20882, 3
20883, 2
20884, 1
20885, 2
20887, 2
20888, 2
20889, 2
20890, 1
20891, 3
20892, 3
20893, 2
20894, 1
20895, 1
20897, 4
20898, 4
20899, 3
20900, 3
20901, 1
20902, 3
20903, 5
20904, 4
20905, 5
20906, 3
20907, 3
20908, 4
20909, 5
20910, 7
20911, 5
20912, 6
20913, 5
20914, 5
20915, 4
20916, 6
20917, 5
20918, 5
20919, 4
20920, 7
20921, 8
20922, 4
20923, 2
20924, 8
20925, 3
20926, 2
20927, 5
20928, 6
20929, 6
20930, 4
20931, 4
20932, 3
20933, 2
20934, 5
20935, 4
20936, 1
20937, 3
20938, 4
20939, 2
20941, 3
20942, 2
20943, 1
20944, 1
20945, 3
20946, 1
20947, 4
20948, 1
20949, 4
20950, 2
20951, 3
20952, 1
20956, 2
20957, 2
20958, 2
20959, 3
20960, 1
20961, 2
20962, 5
20963, 1
20964, 1
20965, 3
20966, 1
20967, 1
20968, 3
20969, 2
20970, 2
20973, 2
20974, 2
20975, 3
20977, 5
20978, 3
20979, 1
20980, 1
20982, 1
20983, 5
20984, 6
20985, 1
20986, 2
20987, 2
20988, 3
20989, 5
20990, 3
20991, 6
20992, 4
20993, 1
20994, 7
20995, 5
20996, 4
20997, 6
20998, 7
20999, 4
21000, 5
21001, 4
21002, 8
21003, 3
21004, 6
21005, 4
21006, 6
21007, 7
21008, 5
21009, 4
21010, 6
21011, 1
21012, 5
21013, 6
21014, 4
21015, 6
21016, 4
21017, 5
21018, 2
21019, 2
21020, 5
21021, 3
21022, 2
21023, 4
21024, 1
21025, 2
21026, 2
21027, 2
21028, 1
21029, 1
21030, 1
21031, 4
21032, 2
21033, 3
21034, 2
21035, 2
21036, 3
21037, 3
21041, 2
21042, 1
21043, 2
21044, 2
21045, 2
21046, 2
21047, 1
21048, 5
21049, 1
21050, 3
21051, 1
21052, 2
21053, 3
21054, 2
21055, 1
21056, 1
21058, 3
21059, 1
21060, 2
21061, 1
21062, 4
21063, 2
21064, 2
21065, 2
21068, 5
21069, 3
21070, 5
21071, 1
21072, 2
21073, 1
21074, 4
21075, 6
21076, 5
21077, 4
21078, 2
21079, 5
21080, 3
21081, 7
21082, 5
21083, 8
21084, 3
21085, 6
21086, 5
21087, 4
21088, 7
21089, 4
21090, 4
21091, 8
21092, 4
21093, 7
21094, 4
21095, 4
21096, 5
21097, 2
21098, 9
21099, 2
21100, 6
21101, 6
21102, 2
21103, 4
21104, 2
21105, 4
21106, 4
21107, 4
21108, 3
21109, 1
21110, 2
21111, 1
21112, 2
21113, 2
21114, 1
21116, 3
21117, 2
21118, 4
21119, 1
21120, 3
21121, 3
21122, 3
21123, 1
21127, 2
21128, 1
21129, 3
21130, 2
21131, 2
21132, 2
21133, 2
21134, 3
21135, 4
21136, 1
21138, 3
21139, 3
21140, 1
21141, 2
21144, 4
21145, 1
21146, 2
21147, 2
21148, 3
21149, 3
21150, 1
21151, 1
21153, 1
21154, 5
21155, 5
21156, 1
21157, 2
21158, 3
21159, 3
21160, 6
21161, 3
21162, 5
21163, 4
21164, 1
21165, 7
21166, 4
21167, 6
21168, 3
21169, 9
21170, 7
21171, 2
21172, 6
21173, 6
21174, 5
21175, 3
21176, 6
21177, 8
21178, 4
21179, 5
21180, 4
21181, 4
21182, 4
21183, 2
21184, 9
21185, 3
21186, 8
21187, 3
21188, 3
21189, 3
21190, 3
21191, 5
21192, 2
21193, 1
21194, 5
21195, 3
21197, 2
21198, 2
21199, 2
21201, 3
21202, 1
21203, 4
21204, 2
21205, 1
21206, 2
21207, 5
21208, 2
21211, 1
21213, 3
21214, 1
21215, 3
21216, 1
21217, 3
21219, 5
21220, 1
21221, 3
21222, 1
21223, 2
21224, 3
21225, 2
21227, 2
21229, 2
21230, 3
21231, 2
21233, 4
21234, 3
21235, 1
21236, 2
21239, 4
21240, 5
21241, 4
21242, 1
21243, 1
21244, 3
21245, 6
21246, 4
21247, 4
21248, 4
21249, 2
21250, 5
21251, 4
21252, 7
21253, 5
21254, 6
21255, 7
21256, 4
21257, 2
21258, 7
21259, 5
21260, 5
21261, 4
21262, 10
21263, 5
21264, 5
21265, 3
21266, 4
21267, 6
21268, 1
21269, 8
21270, 3
21271, 5
21272, 8
21273, 2
21274, 3
21275, 1
21276, 5
21277, 4
21278, 2
21279, 2
21280, 5
21281, 1
21282, 2
21283, 2
21284, 1
21285, 1
21287, 3
21288, 3
21289, 3
21290, 1
21291, 3
21292, 1
21293, 6
21297, 1
21298, 1
21299, 3
21300, 2
21301, 2
21302, 2
21303, 1
21304, 4
21305, 2
21306, 2
21307, 2
21309, 3
21310, 3
21311, 1
21312, 2
21314, 1
21315, 2
21316, 3
21317, 1
21319, 6
21320, 1
21321, 2
21322, 1
21324, 2
21325, 5
21326, 4
21327, 2
21328, 2
21329, 1
21330, 3
21331, 7
21332, 5
21333, 3
21334, 4
21335, 2
21336, 4
21337, 8
21338, 4
21339, 7
21340, 6
21341, 6
21342, 2
21343, 6
21344, 5
21345, 6
21346, 2
21347, 10
21348, 5
21349, 5
21350, 3
21351, 5
21352, 4
21353, 5
21355, 10
21356, 4
21357, 9
21358, 1
21359, 4
21360, 2
21361, 3
21362, 5
21363, 3
21364, 1
21365, 5
21367, 4
21369, 2
21370, 2
21372, 3
21373, 1
21374, 2
21375, 4
21376, 3
21377, 1
21378, 3
21379, 3
21383, 2
21385, 4
21386, 2
21387, 2
21389, 3
21390, 4
21391, 1
21392, 3
21393, 1
21394, 2
21395, 3
21396, 1
21397, 1
21398, 2
21400, 2
21401, 2
21402, 3
21403, 2
21404, 1
21405, 3
21406, 2
21407, 1
21408, 1
21410, 4
21411, 5
21412, 2
21413, 3
21414, 1
21415, 2
21416, 4
21417, 6
21418, 3
21419, 6
21420, 2
21421, 4
21422, 7
21423, 6
21424, 3
21425, 8
21426, 5
21427, 5
21428, 3
21429, 6
21430, 5
21431, 5
21432, 3
21433, 10
21434, 6
21435, 5
21436, 4
21437, 5
21438, 5
21439, 1
21440, 6
21441, 4
21442, 5
21443, 8
21444, 3
21445, 2
21446, 2
21447, 6
21448, 3
21449, 1
21450, 5
21451, 1
21452, 2
21453, 2
21454, 1
21455, 3
21457, 1
21458, 3
21459, 2
21460, 4
21462, 2
21463, 3
21464, 4
21465, 1
21468, 1
21469, 1
21470, 2
21471, 2
21472, 3
21473, 2
21474, 1
21475, 3
21476, 3
21477, 2
21478, 1
21479, 1
21480, 3
21481, 3
21482, 1
21483, 2
21485, 1
21486, 3
21487, 1
21488, 2
21489, 2
21490, 4
21491, 1
21492, 2
21493, 1
21495, 2
21496, 6
21497, 2
21498, 2
21499, 3
21500, 2
21501, 2
21502, 7
21503, 6
21504, 2
21505, 3
21506, 2
21507, 9
21508, 4
21509, 6
21510, 4
21511, 7
21512, 6
21513, 2
21514, 6
21515, 5
21516, 5
21517, 5
21518, 6
21519, 9
21520, 4
21521, 2
21522, 7
21523, 5
21524, 2
21525, 3
21526, 7
21527, 3
21528, 8
21529, 4
21530, 4
21531, 1
21532, 4
21533, 5
21534, 1
21535, 3
21536, 3
21537, 1
21538, 4
21540, 3
21542, 1
21543, 3
21544, 1
21545, 3
21546, 2
21547, 3
21548, 3
21549, 2
21550, 3
21554, 2
21555, 2
21556, 1
21557, 4
21558, 1
21559, 2
21560, 1
21561, 5
21562, 1
21563, 3
21565, 2
21566, 3
21567, 2
21568, 1
21569, 1
21571, 3
21572, 2
21573, 2
21575, 5
21576, 1
21577, 3
21579, 1
21581, 3
21582, 6
21583, 4
21584, 1
21585, 2
21586, 2
21587, 7
21588, 3
21589, 4
21590, 4
21591, 2
21592, 4
21593, 7
21594, 5
21595, 5
21596, 7
21597, 6
21598, 4
21599, 6
21600, 4
21601, 6
21602, 2
21603, 7
21604, 8
21605, 8
21606, 1
21607, 5
21608, 5
21609, 3
21610, 2
21611, 5
21612, 7
21613, 7
21614, 4
21615, 4
21616, 2
21617, 2
21618, 6
21619, 3
21620, 1
21621, 3
21622, 2
21623, 3
21624, 2
21625, 2
21626, 1
21627, 1
21628, 2
21629, 2
21630, 2
21631, 2
21632, 3
21633, 3
21634, 2
21635, 4
21639, 2
21641, 2
21642, 4
21643, 1
21644, 3
21646, 4
21647, 3
21648, 1
21649, 2
21650, 1
21651, 4
21652, 1
21653, 1
21654, 2
21657, 4
21658, 2
21659, 1
21660, 3
21661, 3
21662, 1
21663, 2
21664, 1
21666, 1
21667, 6
21668, 4
21669, 3
21670, 1
21671, 1
21672, 3
21673, 7
21674, 5
21675, 2
21676, 4
21677, 4
21678, 2
21679, 8
21680, 6
21681, 6
21682, 5
21683, 7
21684, 2
21685, 6
21686, 7
21687, 2
21688, 5
21689, 7
21690, 9
21691, 4
21692, 5
21693, 4
21694, 3
21695, 4
21697, 8
21698, 6
21699, 8
21700, 4
21701, 2
21702, 2
21703, 3
21704, 7
21706, 3
21707, 4
21709, 3
21710, 1
21711, 3
21712, 1
21714, 2
21715, 3
21716, 4
21717, 1
21718, 1
21719, 3
21720, 4
21721, 2
21725, 2
21726, 2
21727, 2
21728, 2
21729, 2
21730, 2
21732, 6
21733, 1
21734, 2
21735, 1
21736, 1
21737, 4
21738, 1
21739, 2
21740, 1
21742, 2
21743, 2
21744, 3
21746, 5
21747, 2
21748, 1
21749, 2
21751, 2
21752, 3
21753, 6
21754, 1
21755, 2
21756, 2
21757, 2
21758, 5
21759, 5
21760, 6
21761, 3
21762, 1
21763, 6
21764, 5
21765, 7
21766, 4
21767, 7
21768, 3
21769, 7
21770, 4
21771, 6
21772, 4
21773, 6
21774, 3
21775, 9
21776, 7
21777, 2
21778, 5
21779, 2
21780, 7
21781, 2
21782, 3
21783, 8
21784, 7
21785, 5
21786, 3
21787, 3
21788, 2
21789, 4
21790, 4
21791, 1
21792, 5
21793, 1
21794, 2
21795, 3
21796, 1
21797, 1
21798, 1
21799, 1
21800, 2
21801, 4
21802, 2
21803, 2
21804, 3
21805, 4
21806, 1
21807, 1
21810, 1
21811, 2
21812, 2
21813, 2
21814, 2
21815, 1
21816, 2
21817, 2
21818, 4
21819, 2
21820, 2
21821, 1
21822, 3
21823, 2
21824, 1
21825, 1
21826, 1
21828, 4
21829, 3
21831, 3
21832, 3
21833, 2
21834, 1
21835, 1
21837, 4
21838, 3
21839, 3
21840, 4
21841, 1
21842, 3
21843, 4
21844, 5
21845, 4
21846, 3
21847, 3
21848, 3
21849, 6
21850, 6
21851, 6
21852, 7
21853, 4
21854, 6
21855, 2
21856, 8
21857, 4
21858, 5
21859, 4
21860, 6
21861, 8
21862, 5
21863, 4
21864, 4
21865, 4
21866, 4
21867, 1
21868, 8
21869, 7
21870, 6
21871, 4
21872, 2
21873, 2
21874, 3
21875, 6
21876, 1
21877, 5
21878, 2
21879, 2
21881, 3
21882, 1
21883, 2
21885, 3
21886, 1
21887, 3
21888, 4
21889, 2
21890, 1
21891, 5
21892, 1
21896, 2
21897, 2
21898, 1
21899, 3
21900, 1
21901, 3
21902, 1
21903, 5
21904, 1
21905, 3
21907, 2
21908, 3
21909, 1
21910, 3
21913, 2
21914, 2
21915, 3
21916, 2
21917, 3
21918, 3
21920, 1
21921, 1
21923, 4
21924, 6
21925, 3
21926, 1
21927, 1
21928, 4
21929, 5
21930, 4
21931, 5
21932, 4
21933, 2
21934, 5
21935, 6
21936, 6
21937, 1
21938, 11
21939, 3
21940, 6
21941, 6
21942, 5
21943, 4
21944, 4
21945, 5
21946, 8
21947, 8
21948, 1
21949, 5
21950, 4
21951, 5
21952, 2
21953, 7
21954, 4
21955, 5
21956, 6
21957, 4
21958, 3
21959, 1
21960, 6
21961, 3
21962, 3
21964, 5
21965, 1
21966, 2
21967, 2
21968, 1
21969, 1
21970, 2
21971, 2
21972, 3
21973, 3
21974, 1
21975, 3
21976, 2
21977, 3
21978, 1
21981, 1
21982, 3
21983, 1
21984, 3
21985, 1
21986, 2
21987, 2
21988, 4
21989, 2
21990, 2
21991, 1
21992, 1
21993, 2
21994, 4
21996, 2
21998, 2
21999, 2
22000, 2
22001, 1
22002, 3
22003, 2
22004, 3
22005, 1
22006, 1
22008, 2
22009, 7
22010, 1
22011, 3
22012, 2
22013, 2
22014, 3
22015, 6
22016, 6
22017, 4
22018, 2
22019, 3
22020, 7
22021, 6
22022, 3
22023, 7
22024, 6
22025, 5
22026, 4
22027, 8
22028, 3
22029, 3
22030, 5
22031, 5
22032, 8
22033, 6
22034, 4
22035, 5
22036, 2
22037, 5
22038, 4
22039, 7
22040, 2
22041, 10
22042, 4
22043, 2
22044, 2
22045, 4
22046, 3
22047, 2
22048, 5
22049, 2
22050, 1
22051, 2
22052, 2
22053, 1
22054, 2
22055, 1
22056, 3
22057, 1
22058, 3
22059, 3
22060, 1
22061, 3
22062, 3
22063, 2
22067, 2
22068, 3
22069, 1
22070, 2
22071, 2
22072, 2
22073, 3
22074, 3
22075, 2
22076, 2
22077, 1
22078, 1
22079, 2
22080, 3
22081, 2
22084, 3
22085, 2
22086, 2
22087, 2
22088, 3
22089, 3
22090, 1
22092, 1
22093, 1
22094, 6
22095, 2
22096, 5
22097, 1
22098, 2
22099, 2
22100, 6
22101, 5
22102, 2
22103, 5
22104, 2
22105, 6
22106, 6
22107, 5
22108, 4
22109, 7
22110, 5
22111, 5
22112, 5
22113, 7
22114, 4
22115, 4
22116, 4
22117, 7
22118, 7
22119, 3
22120, 5
22121, 6
22122, 4
22124, 7
22125, 3
22126, 10
22127, 5
22128, 2
22129, 3
22130, 3
22131, 3
22132, 4
22133, 1
22134, 5
22135, 2
22136, 1
22137, 3
22138, 1
22139, 2
22141, 1
22142, 3
22143, 1
22144, 5
22145, 1
22146, 2
22147, 4
22148, 2
22149, 1
22152, 1
22153, 3
22154, 1
22155, 2
22156, 3
22157, 1
22158, 2
22159, 5
22161, 2
22162, 2
22163, 1
22164, 4
22165, 2
22167, 2
22169, 1
22170, 3
22171, 3
22173, 3
22174, 3
22175, 3
22176, 1
22179, 3
22180, 4
22181, 5
22182, 2
22183, 1
22184, 3
22185, 3
22186, 6
22187, 5
22188, 3
22189, 2
22190, 3
22191, 7
22192, 7
22193, 4
22194, 7
22195, 3
22196, 8
22197, 3
22198, 7
22199, 5
22200, 3
22201, 5
22202, 7
22203, 7
22204, 5
22205, 4
22206, 4
22207, 7
22209, 4
22210, 6
22211, 6
22212, 6
22213, 4
22214, 2
22215, 4
22216, 2
22217, 5
22218, 1
22219, 3
22220, 3
22221, 3
22222, 1
22223, 2
22224, 3
22227, 3
22228, 1
22229, 4
22230, 2
22231, 2
22232, 3
22233, 4
22234, 1
22238, 2
22239, 2
22240, 2
22241, 2
22242, 2
22243, 2
22244, 3
22245, 3
22246, 3
22248, 1
22249, 2
22250, 4
22251, 1
22252, 2
22255, 3
22256, 2
22257, 2
22259, 6
22260, 1
22261, 1
22262, 2
22264, 1
22265, 4
22266, 4
22267, 4
22268, 1
22269, 3
22270, 2
22271, 5
22272, 6
22273, 3
22274, 4
22275, 2
22276, 3
22277, 8
22278, 7
22279, 2
22280, 9
22281, 6
22282, 3
22283, 5
22284, 6
22285, 3
22286, 7
22287, 5
22288, 6
22289, 9
22290, 1
22291, 4
22292, 3
22293, 7
22294, 2
22295, 7
22296, 2
22297, 8
22298, 5
22299, 3
22300, 2
22301, 3
22302, 7
22303, 1
22304, 3
22305, 3
22306, 2
22307, 1
22308, 2
22309, 2
22310, 1
22311, 1
22312, 1
22313, 2
22314, 4
22315, 3
22317, 4
22318, 3
22319, 3
22323, 1
22324, 3
22325, 1
22326, 3
22328, 2
22329, 2
22330, 4
22331, 2
22332, 3
22333, 1
22334, 1
22335, 3
22336, 2
22337, 3
22340, 3
22341, 1
22342, 3
22344, 3
22345, 3
22346, 2
22347, 1
22348, 1
22350, 2
22351, 4
22352, 6
22353, 2
22354, 2
22355, 2
22356, 3
22357, 5
22358, 5
22359, 3
22360, 4
22361, 3
22362, 7
22363, 6
22364, 3
22365, 8
22366, 5
22367, 5
22368, 4
22369, 7
22370, 4
22371, 3
22372, 7
22373, 6
22374, 7
22375, 5
22376, 2
22377, 7
22378, 3
22379, 3
22380, 8
22381, 3
22382, 6
22383, 7
22384, 2
22385, 2
22386, 3
22387, 4
22388, 4
22389, 2
22390, 5
22391, 1
22392, 1
22393, 2
22394, 2
22395, 1
22396, 2
22398, 3
22399, 2
22400, 3
22401, 3
22402, 1
22403, 3
22404, 3
22405, 2
22409, 2
22410, 2
22411, 4
22412, 1
22413, 1
22414, 2
22415, 1
22416, 4
22417, 3
22418, 2
22420, 4
22421, 1
22422, 2
22423, 1
22424, 1
22426, 3
22427, 2
22428, 2
22429, 2
22430, 3
22431, 2
22432, 2
22433, 1
22435, 1
22436, 4
22437, 6
22438, 2
22439, 2
22440, 2
22441, 1
22442, 7
22443, 3
22444, 6
22445, 3
22446, 4
22447, 3
22448, 5
22449, 7
22450, 4
22451, 8
22452, 6
22453, 3
22454, 6
22455, 5
22456, 4
22457, 7
22458, 2
22459, 8
22460, 8
22461, 2
22462, 4
22463, 5
22464, 5
22465, 4
22466, 5
22467, 5
22468, 7
22469, 3
22470, 4
22471, 2
22472, 3
22473, 5
22474, 2
22475, 1
22476, 4
22477, 3
22478, 1
22479, 2
22480, 2
22481, 2
22483, 2
22484, 3
22485, 2
22486, 3
22487, 1
22488, 3
22489, 3
22490, 2
22491, 1
22494, 2
22496, 3
22497, 3
22498, 1
22499, 1
22500, 2
22501, 4
22502, 2
22503, 3
22504, 1
22505, 1
22506, 5
22508, 1
22509, 2
22511, 2
22512, 3
22513, 2
22515, 4
22516, 2
22517, 2
22518, 1
22519, 1
22521, 4
22522, 3
22523, 5
22524, 2
22525, 1
22526, 3
22527, 6
22528, 2
22529, 5
22530, 5
22531, 2
22532, 3
22533, 6
22534, 6
22535, 5
22536, 9
22537, 5
22538, 5
22539, 3
22540, 8
22541, 2
22542, 5
22543, 4
22544, 8
22545, 6
22546, 4
22547, 6
22548, 2
22549, 5
22550, 3
22551, 1
22552, 9
22553, 6
22554, 7
22555, 4
22556, 2
22557, 3
22558, 4
22559, 3
22560, 3
22561, 4
22562, 1
22563, 2
22564, 2
22565, 1
22566, 3
22569, 3
22570, 3
22571, 2
22572, 3
22573, 2
22574, 2
22575, 4
22576, 1
22580, 2
22581, 2
22582, 2
22583, 2
22584, 2
22585, 2
22586, 3
22587, 3
22588, 3
22590, 1
22591, 2
22592, 3
22593, 2
22594, 2
22597, 3
22598, 2
22599, 2
22600, 2
22601, 4
22602, 1
22603, 2
22605, 1
22606, 2
22607, 3
22608, 5
22609, 3
22610, 1
22611, 3
22612, 4
22613, 4
22614, 5
22615, 3
22616, 4
22617, 2
22618, 5
22619, 7
22620, 5
22621, 4
22622, 8
22623, 6
22624, 3
22625, 4
22626, 9
22627, 3
22628, 4
22629, 6
22630, 8
22631, 4
22632, 5
22633, 4
22634, 5
22635, 4
22636, 1
22637, 8
22638, 5
22639, 7
22640, 3
22641, 4
22642, 2
22643, 1
22644, 6
22645, 3
22646, 3
22647, 3
22648, 2
22649, 2
22650, 1
22651, 2
22652, 2
22654, 3
22655, 1
22656, 3
22657, 2
22658, 3
22659, 2
22660, 3
22661, 3
22665, 1
22666, 2
22667, 1
22668, 3
22669, 3
22670, 1
22671, 1
22672, 6
22674, 3
22675, 1
22676, 1
22677, 4
22678, 2
22680, 2
22682, 2
22683, 2
22684, 2
22685, 1
22686, 3
22687, 3
22688, 1
22689, 3
22692, 3
22693, 6
22694, 3
22695, 2
22696, 2
22697, 2
22698, 6
22699, 3
22700, 5
22701, 2
22702, 4
22703, 5
22704, 3
22705, 8
22706, 6
22707, 5
22708, 6
22709, 5
22710, 3
22711, 9
22712, 3
22713, 3
22714, 7
22715, 6
22716, 6
22717, 5
22718, 3
22719, 6
22720, 5
22721, 2
22723, 9
22724, 8
22725, 6
22726, 2
22727, 4
22728, 1
22729, 4
22730, 5
22731, 2
22732, 1
22733, 4
22734, 2
22735, 2
22736, 2
22738, 2
22739, 2
22740, 1
22741, 3
22742, 3
22743, 1
22744, 3
22745, 3
22746, 4
22750, 1
22751, 1
22752, 2
22753, 4
22754, 1
22755, 2
22757, 3
22758, 5
22759, 1
22760, 2
22762, 3
22763, 3
22764, 1
22765, 2
22767, 1
22768, 3
22769, 1
22770, 2
22771, 2
22772, 4
22773, 1
22774, 2
22775, 1
22777, 3
22778, 5
22779, 2
22780, 3
22781, 2
22782, 1
22783, 2
22784, 8
22785, 4
22786, 5
22787, 3
22788, 2
22789, 5
22790, 7
22791, 4
22792, 5
22793, 7
22794, 5
22795, 5
22796, 5
22797, 7
22798, 2
22799, 5
22800, 6
22801, 7
22802, 6
22803, 4
22804, 3
22805, 6
22806, 4
22807, 3
22808, 5
22809, 5
22810, 8
22811, 4
22812, 3
22813, 1
22814, 5
22815, 5
22816, 1
22817, 3
22818, 3
22819, 2
22820, 1
22821, 2
22822, 2
22823, 2
22825, 3
22826, 2
22827, 2
22828, 3
22829, 1
22830, 3
22831, 4
22832, 2
22836, 2
22837, 2
22838, 2
22839, 2
22840, 2
22841, 2
22843, 5
22844, 1
22845, 3
22846, 1
22847, 1
22848, 2
22849, 3
22850, 2
22851, 1
22853, 3
22854, 1
22855, 3
22857, 3
22858, 3
22859, 2
22860, 2
22863, 5
22864, 2
22865, 4
22866, 3
22867, 3
22868, 1
22869, 5
22870, 4
22871, 6
22872, 3
22873, 2
22874, 5
22875, 4
22876, 8
22877, 3
22878, 8
22879, 5
22880, 5
22881, 2
22882, 8
22883, 6
22884, 3
22885, 6
22886, 7
22887, 6
22888, 5
22889, 5
22890, 2
22891, 4
22892, 4
22893, 2
22894, 8
22895, 7
22896, 6
22897, 3
22898, 3
22899, 1
22900, 5
22901, 4
22902, 2
22903, 1
22904, 4
22905, 1
22906, 2
22907, 3
22908, 2
22911, 4
22912, 3
22913, 1
22914, 3
22915, 2
22916, 3
22917, 3
22918, 1
22921, 1
22922, 1
22923, 2
22924, 2
22925, 3
22926, 2
22927, 1
22928, 5
22929, 1
22930, 2
22931, 2
22932, 1
22933, 3
22934, 2
22935, 1
22936, 1
22937, 1
22938, 1
22939, 3
22940, 1
22941, 2
22942, 3
22943, 2
22944, 2
22945, 2
22946, 1
22948, 2
22949, 4
22950, 5
22951, 3
22952, 1
22953, 3
22954, 2
22955, 6
22956, 4
22957, 5
22958, 2
22959, 3
22960, 6
22961, 6
22962, 3
22963, 7
22964, 7
22965, 6
22966, 3
22967, 4
22968, 6
22969, 5
22970, 5
22971, 5
22972, 9
22973, 5
22974, 2
22975, 6
22976, 3
22977, 5
22978, 1
22979, 9
22980, 5
22981, 5
22982, 5
22983, 3
22984, 1
22985, 4
22986, 5
22987, 2
22988, 2
22989, 4
22990, 2
22991, 2
22992, 2
22993, 1
22994, 2
22996, 1
22997, 4
22998, 2
22999, 3
23000, 1
23001, 3
23002, 5
23003, 1
23007, 2
23008, 1
23009, 1
23010, 5
23011, 1
23012, 1
23013, 1
23014, 5
23015, 2
23016, 2
23017, 1
23018, 1
23019, 4
23020, 2
23021, 1
23022, 1
23024, 3
23025, 2
23026, 1
23027, 1
23028, 5
23029, 1
23030, 3
23031, 1
23034, 5
23035, 4
23036, 3
23037, 2
23038, 3
23039, 2
23040, 5
23041, 5
23042, 2
23043, 5
23044, 3
23045, 3
23046, 6
23047, 6
23048, 7
23049, 3
23050, 6
23051, 7
23052, 3
23053, 8
23054, 3
23055, 6
23056, 4
23057, 7
23058, 9
23059, 1
23060, 5
23061, 5
23062, 4
23063, 1
23064, 7
23065, 4
23066, 6
23067, 7
23068, 1
23069, 4
23070, 1
23071, 5
23072, 4
23073, 3
23074, 4
23075, 1
23076, 2
23078, 4
23079, 2
23081, 1
23082, 3
23083, 1
23084, 3
23085, 3
23086, 2
23087, 2
23088, 5
23092, 2
23094, 2
23095, 3
23096, 2
23097, 1
23098, 2
23099, 4
23100, 2
23101, 2
23102, 1
23103, 2
23104, 3
23105, 2
23106, 1
23107, 2
23109, 3
23111, 2
23112, 2
23113, 2
23114, 4
23115, 2
23116, 1
23117, 1
23119, 2
23120, 4
23121, 5
23122, 2
23123, 1
23124, 3
23125, 4
23126, 5
23127, 4
23128, 4
23129, 4
23130, 2
23131, 8
23132, 5
23133, 4
23134, 8
23135, 3
23136, 7
23137, 2
23138, 6
23139, 7
23140, 3
23141, 5
23142, 6
23143, 10
23144, 3
23145, 5
23146, 4
23147, 3
23148, 4
23149, 1
23150, 8
23151, 4
23152, 10
23153, 2
23154, 2
23155, 3
23156, 2
23157, 7
23158, 1
23159, 3
23160, 4
23161, 2
23162, 1
23163, 1
23164, 2
23165, 2
23167, 2
23168, 2
23169, 3
23170, 4
23172, 4
23173, 5
23178, 2
23179, 1
23180, 2
23181, 3
23182, 2
23183, 2
23184, 2
23185, 4
23186, 2
23187, 1
23188, 1
23189, 2
23190, 3
23191, 2
23192, 2
23195, 3
23196, 2
23197, 1
23198, 1
23199, 4
23200, 2
23201, 2
23202, 2
23204, 1
23205, 3
23206, 6
23207, 2
23208, 2
23209, 2
23210, 3
23211, 3
23212, 6
23213, 4
23214, 5
23215, 1
23216, 5
23217, 8
23218, 5
23219, 5
23220, 7
23221, 3
23222, 6
23223, 3
23224, 9
23225, 2
23226, 4
23227, 5
23228, 8
23229, 9
23230, 2
23231, 3
23232, 5
23233, 3
23234, 3
23235, 5
23236, 5
23237, 6
23238, 8
23239, 3
23240, 2
23241, 3
23242, 6
23243, 2
23244, 2
23245, 4
23246, 2
23247, 1
23248, 2
23249, 2
23250, 2
23252, 3
23254, 3
23255, 4
23256, 1
23257, 2
23258, 3
23259, 4
23263, 2
23264, 1
23265, 2
23266, 1
23267, 4
23269, 2
23270, 3
23271, 4
23272, 1
23273, 2
23275, 3
23276, 4
23277, 1
23278, 1
23280, 1
23281, 3
23282, 2
23283, 1
23284, 3
23285, 3
23286, 2
23287, 1
23288, 1
23290, 4
23291, 2
23292, 4
23293, 3
23294, 2
23295, 3
23296, 2
23297, 7
23298, 3
23299, 5
23300, 2
23301, 5
23302, 6
23303, 4
23304, 5
23305, 7
23306, 4
23307, 7
23308, 3
23309, 6
23310, 6
23311, 3
23312, 6
23313, 7
23314, 7
23315, 5
23316, 2
23317, 6
23318, 4
23319, 3
23320, 2
23321, 9
23322, 5
23323, 6
23324, 3
23325, 4
23326, 1
23327, 4
23328, 5
23329, 1
23330, 6
23331, 1
23332, 1
23333, 2
23334, 2
23335, 1
23336, 2
23338, 2
23339, 2
23340, 4
23341, 1
23342, 4
23343, 1
23344, 4
23345, 2
23348, 1
23350, 1
23351, 4
23352, 2
23353, 2
23354, 2
23355, 2
23356, 4
23357, 2
23358, 1
23359, 1
23360, 1
23361, 4
23362, 1
23363, 3
23366, 3
23367, 2
23368, 2
23369, 2
23370, 4
23371, 1
23372, 2
23373, 1
23375, 1
23376, 4
23377, 4
23378, 4
23379, 2
23380, 2
23381, 2
23382, 6
23383, 3
23384, 5
23385, 3
23386, 4
23387, 3
23388, 6
23389, 7
23390, 4
23391, 8
23392, 7
23393, 2
23394, 5
23395, 6
23396, 3
23397, 5
23398, 6
23399, 8
23400, 4
23401, 5
23402, 4
23403, 4
23404, 6
23406, 5
23407, 7
23408, 6
23409, 5
23410, 4
23411, 2
23412, 4
23413, 6
23414, 1
23415, 3
23416, 3
23417, 1
23418, 2
23419, 3
23420, 1
23422, 2
23423, 3
23424, 1
23425, 2
23426, 3
23427, 3
23428, 2
23429, 2
23430, 3
23431, 1
23434, 1
23435, 1
23436, 3
23437, 2
23438, 3
23440, 2
23441, 4
23442, 3
23443, 1
23444, 2
23445, 1
23446, 3
23447, 3
23448, 1
23449, 1
23451, 1
23452, 3
23453, 1
23454, 4
23455, 1
23456, 4
23458, 3
23461, 5
23462, 1
23463, 5
23464, 3
23465, 1
23466, 2
23467, 4
23468, 5
23469, 4
23470, 4
23471, 4
23472, 4
23473, 5
23474, 7
23475, 4
23476, 6
23477, 5
23478, 6
23479, 3
23480, 7
23481, 5
23482, 4
23483, 5
23484, 6
23485, 8
23486, 4
23487, 3
23488, 3
23489, 7
23490, 3
23491, 6
23492, 4
23493, 5
23494, 7
23495, 5
23496, 2
23497, 1
23498, 4
23499, 5
23500, 3
23501, 1
23502, 3
23503, 3
23505, 4
23506, 1
23507, 1
23508, 1
23509, 1
23510, 3
23511, 3
23512, 2
23513, 3
23514, 1
23515, 5
23516, 1
23520, 1
23521, 2
23522, 3
23523, 3
23524, 1
23525, 2
23526, 3
23527, 3
23528, 2
23529, 1
23530, 2
23531, 1
23532, 3
23533, 2
23534, 1
23535, 1
23537, 3
23538, 1
23539, 3
23540, 2
23541, 3
23542, 2
23543, 2
23545, 1
23547, 6
23548, 3
23549, 4
23550, 1
23551, 2
23552, 3
23553, 4
23554, 6
23555, 4
23556, 4
23557, 2
23558, 3
23559, 8
23560, 5
23561, 3
23562, 9
23563, 3
23564, 7
23565, 6
23566, 6
23567, 2
23568, 6
23569, 4
23570, 7
23571, 8
23572, 4
23573, 3
23574, 4
23575, 4
23576, 3
23577, 7
23578, 5
23579, 5
23580, 6
23581, 3
23582, 3
23583, 1
23584, 7
23585, 2
23586, 1
23587, 5
23588, 1
23589, 2
23590, 2
23591, 2
23592, 1
23593, 1
23594, 2
23595, 2
23596, 2
23597, 3
23598, 3
23599, 2
23600, 4
23601, 2
23605, 1
23606, 2
23607, 2
23608, 3
23609, 1
23610, 2
23611, 2
23612, 4
23613, 2
23614, 2
23615, 1
23617, 3
23618, 3
23619, 2
23620, 1
23622, 2
23623, 2
23624, 1
23625, 2
23626, 3
23627, 3
23628, 1
23629, 2
23630, 1
23632, 4
23633, 4
23634, 3
23635, 3
23636, 1
23637, 2
23638, 5
23639, 4
23640, 7
23641, 1
23642, 3
23643, 5
23644, 6
23645, 6
23646, 5
23647, 4
23648, 6
23649, 7
23650, 2
23651, 8
23652, 4
23653, 4
23654, 5
23655, 7
23656, 7
23657, 6
23658, 3
23659, 1
23660, 8
23661, 2
23662, 4
23663, 5
23664, 5
23665, 7
23666, 4
23667, 3
23668, 2
23669, 4
23670, 6
23671, 1
23672, 5
23674, 3
23675, 1
23676, 2
23677, 2
23678, 1
23680, 2
23681, 4
23682, 2
23683, 3
23684, 2
23685, 2
23686, 3
23687, 2
23690, 1
23691, 1
23692, 2
23693, 2
23694, 2
23695, 2
23696, 2
23697, 2
23698, 4
23700, 4
23702, 3
23703, 2
23704, 2
23705, 2
23708, 3
23709, 2
23710, 2
23712, 5
23713, 1
23714, 3
23715, 1
23717, 1
23718, 4
23719, 4
23720, 5
23722, 3
23723, 2
23724, 5
23725, 5
23726, 3
23727, 4
23728, 5
23729, 3
23730, 8
23731, 4
23732, 4
23733, 8
23734, 4
23735, 5
23736, 4
23737, 7
23738, 4
23739, 5
23740, 4
23741, 9
23742, 5
23743, 4
23744, 5
23745, 2
23746, 6
23747, 1
23748, 7
23749, 7
23750, 5
23751, 4
23752, 4
23753, 2
23754, 4
23755, 5
23756, 1
23757, 3
23758, 4
23759, 2
23760, 1
23761, 2
23762, 2
23763, 1
23764, 1
23765, 3
23767, 5
23768, 2
23769, 2
23770, 1
23771, 3
23772, 4
23776, 2
23777, 1
23778, 2
23779, 1
23780, 3
23781, 2
23782, 1
23783, 4
23784, 2
23785, 3
23786, 1
23788, 4
23789, 2
23790, 2
23791, 1
23794, 5
23795, 1
23796, 1
23797, 2
23798, 4
23799, 1
23800, 2
23801, 1
23803, 4
23804, 3
23805, 4
23806, 3
23807, 1
23808, 3
23809, 5
23810, 4
23811, 5
23812, 5
23814, 5
23815, 4
23816, 6
23817, 7
23818, 8
23819, 1
23820, 7
23821, 3
23822, 7
23823, 6
23824, 1
23825, 8
23826, 7
23827, 6
23828, 5
23829, 5
23830, 2
23831, 6
23832, 2
23833, 5
23834, 4
23835, 7
23836, 6
23837, 3
23838, 4
23839, 2
23840, 5
23841, 3
23842, 2
23843, 4
23844, 2
23845, 2
23846, 1
23847, 2
23848, 1
23849, 2
23850, 1
23851, 1
23852, 3
23853, 3
23854, 2
23855, 3
23856, 2
23857, 4
23858, 1
23861, 1
23862, 1
23863, 2
23864, 2
23865, 2
23866, 3
23867, 1
23868, 4
23869, 1
23870, 3
23871, 1
23872, 1
23873, 2
23874, 4
23875, 1
23876, 2
23879, 4
23880, 1
23881, 1
23882, 3
23883, 4
23884, 1
23885, 2
23886, 1
23888, 1
23889, 5
23890, 5
23891, 3
23892, 1
23893, 2
23894, 2
23895, 6
23896, 4
23897, 4
23898, 5
23899, 2
23900, 4
23901, 7
23902, 6
23903, 4
23904, 8
23905, 4
23906, 4
23907, 5
23908, 8
23909, 2
23910, 4
23911, 4
23912, 10
23913, 5
23914, 3
23915, 6
23916, 4
23917, 5
23918, 1
23919, 7
23920, 5
23921, 8
23922, 4
23923, 3
23924, 2
23925, 3
23926, 4
23927, 2
23928, 3
23929, 4
23930, 1
23931, 2
23932, 2
23933, 2
23934, 2
23936, 2
23937, 2
23938, 3
23939, 2
23940, 2
23941, 3
23942, 2
23943, 4
23947, 1
23948, 1
23949, 3
23950, 2
23951, 3
23952, 2
23954, 5
23955, 2
23956, 2
23957, 1
23958, 2
23959, 2
23960, 2
23961, 2
23962, 1
23965, 4
23966, 2
23967, 1
23968, 4
23969, 2
23970, 1
23971, 2
23972, 1
23974, 4
23975, 4
23976, 4
23977, 2
23978, 2
23979, 2
23980, 3
23981, 6
23982, 3
23983, 5
23984, 2
23985, 4
23986, 6
23987, 7
23988, 4
23989, 8
23990, 4
23991, 6
23992, 2
23993, 9
23994, 4
23995, 2
23996, 7
23997, 7
23998, 6
23999, 5
24000, 5
24001, 2
24002, 6
24003, 2
24004, 7
24005, 4
24006, 5
24007, 7
24008, 4
24009, 3
24010, 1
24011, 5
24012, 4
24013, 1
24014, 5
24016, 3
24017, 2
24018, 1
24019, 3
24022, 4
24023, 2
24024, 3
24025, 2
24026, 3
24027, 3
24028, 3
24032, 1
24033, 1
24034, 2
24035, 2
24036, 2
24037, 3
24038, 1
24039, 2
24040, 4
24041, 1
24042, 3
24043, 1
24044, 2
24045, 3
24046, 1
24047, 1
24048, 1
24050, 4
24051, 1
24052, 2
24053, 2
24054, 3
24055, 2
24056, 2
24057, 1
24059, 2
24060, 3
24061, 5
24062, 2
24063, 3
24064, 2
24065, 3
24066, 5
24067, 6
24068, 1
24069, 5
24070, 2
24071, 6
24072, 7
24073, 4
24074, 5
24075, 7
24076, 5
24077, 4
24078, 6
24079, 5
24080, 4
24081, 5
24082, 4
24083, 9
24084, 4
24085, 6
24086, 4
24087, 5
24088, 4
24090, 8
24091, 5
24092, 7
24093, 5
24094, 2
24095, 3
24096, 1
24097, 6
24098, 3
24099, 3
24100, 3
24101, 1
24102, 2
24103, 3
24104, 1
24105, 2
24107, 3
24108, 1
24109, 3
24110, 2
24111, 3
24112, 2
24113, 4
24114, 2
24118, 2
24120, 3
24121, 3
24122, 2
24123, 1
24124, 1
24125, 4
24126, 2
24127, 4
24129, 1
24130, 4
24131, 2
24132, 1
24133, 1
24135, 3
24136, 2
24137, 1
24138, 1
24139, 3
24140, 4
24141, 1
24142, 1
24143, 1
24144, 1
24145, 3
24146, 4
24147, 3
24148, 3
24149, 2
24150, 2
24151, 5
24152, 4
24153, 5
24154, 4
24155, 3
24156, 4
24157, 4
24158, 6
24159, 6
24160, 6
24161, 3
24162, 8
24163, 4
24164, 7
24165, 4
24166, 3
24167, 4
24168, 10
24169, 6
24170, 4
24171, 4
24172, 4
24173, 6
24174, 1
24175, 4
24176, 7
24177, 9
24178, 5
24179, 2
24180, 1
24181, 2
24182, 6
24183, 3
24184, 2
24185, 2
24186, 4
24187, 2
24188, 1
24189, 3
24191, 2
24192, 1
24193, 3
24194, 2
24195, 3
24196, 1
24197, 4
24198, 2
24199, 3
24200, 1
24203, 2
24204, 1
24205, 2
24206, 2
24207, 2
24208, 2
24209, 1
24210, 2
24211, 4
24212, 2
24213, 2
24215, 4
24216, 3
24218, 2
24221, 3
24222, 4
24224, 3
24225, 3
24226, 1
24227, 2
24229, 1
24230, 2
24231, 3
24232, 5
24233, 4
24234, 1
24235, 2
24236, 3
24237, 5
24238, 4
24239, 4
24240, 4
24241, 4
24242, 6
24243, 5
24244, 5
24245, 4
24246, 7
24247, 4
24248, 5
24249, 6
24250, 5
24251, 5
24252, 3
24253, 5
24254, 8
24255, 8
24256, 4
24257, 3
24258, 5
24259, 3
24260, 4
24261, 6
24262, 3
24263, 9
24264, 5
24265, 2
24266, 2
24267, 5
24268, 4
24269, 1
24270, 3
24271, 3
24272, 3
24273, 1
24274, 2
24275, 1
24276, 2
24278, 2
24279, 2
24280, 2
24281, 3
24282, 4
24283, 2
24284, 4
24285, 1
24288, 1
24289, 1
24291, 3
24292, 3
24293, 2
24294, 2
24295, 1
24296, 5
24298, 3
24299, 1
24300, 2
24301, 3
24302, 2
24303, 1
24304, 1
24306, 1
24307, 4
24308, 2
24309, 2
24310, 2
24311, 2
24312, 3
24313, 1
24315, 1
24316, 4
24317, 4
24318, 3
24319, 2
24320, 2
24321, 1
24322, 6
24323, 6
24324, 4
24325, 4
24326, 1
24327, 6
24328, 5
24329, 5
24330, 7
24331, 7
24332, 3
24333, 6
24334, 4
24335, 6
24336, 4
24337, 2
24338, 6
24339, 5
24340, 11
24341, 4
24342, 4
24343, 4
24344, 4
24345, 2
24346, 8
24347, 3
24348, 7
24349, 6
24350, 2
24351, 3
24352, 2
24353, 4
24354, 4
24355, 3
24356, 1
24357, 4
24358, 1
24359, 1
24360, 4
24361, 2
24364, 4
24365, 1
24366, 4
24367, 2
24368, 2
24369, 2
24370, 5
24374, 1
24375, 1
24376, 2
24377, 2
24378, 3
24379, 2
24380, 1
24381, 3
24382, 4
24383, 1
24384, 2
24385, 1
24386, 3
24387, 2
24388, 1
24389, 2
24392, 4
24393, 1
24394, 2
24395, 2
24396, 4
24397, 1
24398, 2
24399, 1
24401, 3
24402, 5
24403, 4
24404, 1
24405, 2
24406, 2
24407, 4
24408, 5
24409, 4
24410, 3
24411, 4
24412, 6
24413, 2
24414, 8
24415, 4
24416, 5
24417, 6
24418, 6
24419, 3
24420, 7
24421, 5
24422, 3
24423, 6
24424, 6
24425, 10
24426, 3
24427, 3
24428, 4
24429, 6
24430, 3
24431, 3
24432, 5
24433, 6
24434, 7
24435, 2
24436, 4
24437, 3
24438, 3
24439, 6
24440, 1
24441, 3
24442, 4
24444, 3
24445, 2
24446, 1
24447, 2
24449, 2
24450, 2
24451, 3
24452, 3
24453, 2
24454, 3
24455, 3
24456, 2
24460, 1
24461, 2
24462, 2
24463, 3
24464, 1
24465, 2
24466, 3
24467, 3
24468, 2
24469, 2
24470, 1
24471, 1
24472, 4
24473, 2
24474, 2
24477, 3
24478, 2
24479, 1
24480, 3
24481, 2
24482, 3
24483, 2
24484, 1
24486, 1
24487, 3
24488, 5
24489, 3
24490, 2
24491, 2
24492, 2
24493, 5
24494, 4
24495, 5
24496, 3
24497, 3
24498, 6
24499, 4
24500, 8
24501, 5
24502, 7
24503, 5
24504, 3
24505, 6
24506, 6
24507, 3
24508, 5
24509, 4
24510, 6
24511, 10
24512, 2
24513, 5
24514, 2
24515, 6
24516, 3
24517, 3
24518, 7
24519, 8
24520, 5
24521, 3
24522, 2
24523, 2
24524, 5
24525, 4
24526, 1
24527, 5
24528, 1
24529, 2
24530, 3
24531, 1
24532, 2
24534, 1
24535, 3
24536, 1
24537, 4
24538, 2
24539, 3
24540, 2
24541, 3
24542, 1
24545, 2
24547, 3
24548, 3
24549, 1
24550, 1
24551, 2
24552, 2
24553, 4
24554, 3
24555, 1
24556, 1
24557, 1
24558, 3
24559, 3
24561, 1
24563, 4
24564, 1
24565, 2
24566, 1
24567, 4
24568, 3
24569, 1
24570, 1
24572, 2
24573, 3
24574, 5
24575, 4
24576, 1
24577, 3
24578, 1
24579, 8
24580, 4
24581, 5
24582, 2
24583, 3
24584, 5
24585, 7
24586, 5
24587, 5
24588, 6
24589, 6
24590, 2
24591, 7
24592, 6
24593, 3
24594, 4
24595, 10
24596, 4
24597, 6
24598, 3
24599, 5
24600, 4
24601, 4
24602, 5
24603, 4
24604, 5
24605, 7
24606, 4
24607, 2
24608, 3
24609, 4
24610, 5
24611, 1
24612, 5
24613, 1
24614, 3
24616, 3
24617, 2
24618, 1
24620, 3
24621, 2
24622, 3
24623, 1
24624, 3
24625, 2
24626, 6
24630, 1
24631, 1
24632, 2
24633, 1
24634, 4
24635, 2
24636, 1
24637, 2
24638, 4
24640, 4
24642, 2
24643, 3
24644, 1
24645, 1
24646, 2
24648, 3
24649, 2
24650, 2
24651, 2
24652, 2
24653, 3
24654, 2
24655, 1
24658, 5
24659, 5
24660, 3
24661, 1
24662, 2
24663, 3
24664, 5
24665, 4
24666, 5
24667, 3
24668, 3
24669, 4
24670, 7
24671, 5
24672, 4
24673, 7
24674, 5
24675, 6
24676, 1
24677, 7
24678, 6
24679, 4
24680, 6
24681, 7
24682, 7
24683, 3
24684, 4
24685, 5
24686, 4
24687, 2
24688, 7
24689, 6
24690, 7
24691, 4
24692, 3
24693, 2
24694, 2
24695, 7
24696, 2
24697, 1
24698, 5
24699, 1
24700, 1
24701, 2
24702, 3
24703, 2
24705, 1
24706, 2
24707, 4
24708, 3
24709, 1
24710, 3
24711, 4
24712, 2
24716, 1
24717, 1
24718, 3
24719, 2
24720, 2
24721, 1
24722, 2
24723, 5
24724, 2
24725, 1
24726, 2
24728, 2
24729, 5
24730, 1
24731, 1
24734, 3
24735, 3
24736, 1
24737, 2
24738, 3
24739, 2
24740, 2
24741, 1
24743, 5
24744, 3
24745, 3
24746, 3
24747, 1
24748, 2
24749, 4
24750, 6
24751, 4
24752, 4
24753, 3
24754, 3
24755, 7
24756, 4
24757, 7
24758, 5
24759, 4
24760, 7
24761, 3
24762, 6
24763, 6
24764, 1
24765, 7
24766, 5
24767, 7
24768, 7
24769, 5
24770, 2
24771, 6
24772, 3
24773, 6
24774, 4
24775, 7
24776, 5
24777, 4
24778, 2
24779, 2
24780, 5
24781, 4
24782, 1
24783, 3
24784, 3
24785, 3
24786, 1
24787, 2
24788, 2
24789, 1
24790, 1
24791, 1
24792, 3
24793, 2
24794, 4
24795, 2
24796, 2
24797, 5
24801, 1
24802, 1
24803, 2
24804, 2
24805, 2
24806, 1
24807, 3
24808, 1
24809, 5
24810, 2
24811, 2
24813, 1
24814, 4
24815, 2
24816, 2
24819, 3
24820, 2
24821, 2
24822, 2
24823, 2
24824, 2
24825, 2
24826, 2
24829, 6
24830, 4
24831, 2
24832, 3
24833, 2
24834, 1
24835, 5
24836, 6
24837, 4
24838, 4
24839, 1
24840, 6
24841, 5
24842, 7
24843, 5
24844, 7
24845, 2
24846, 7
24847, 5
24848, 5
24849, 6
24850, 2
24851, 5
24852, 10
24853, 6
24854, 4
24855, 4
24856, 3
24857, 5
24858, 1
24859, 8
24860, 5
24861, 5
24862, 7
24863, 3
24864, 1
24865, 4
24866, 3
24867, 3
24868, 2
24869, 5
24870, 2
24871, 1
24872, 2
24873, 2
24874, 2
24876, 2
24877, 2
24878, 2
24879, 4
24880, 1
24881, 3
24882, 4
24883, 2
24887, 2
24889, 3
24890, 3
24891, 2
24893, 2
24894, 4
24895, 2
24896, 3
24898, 3
24899, 2
24900, 2
24901, 2
24902, 1
24905, 4
24906, 2
24907, 1
24908, 3
24909, 2
24910, 3
24911, 1
24912, 1
24914, 4
24915, 4
24916, 4
24917, 2
24919, 4
24920, 2
24921, 6
24922, 4
24923, 3
24924, 4
24925, 5
24926, 6
24927, 5
24928, 6
24929, 5
24930, 4
24931, 8
24932, 3
24933, 5
24934, 6
24935, 3
24936, 5
24937, 6
24938, 8
24939, 6
24940, 4
24941, 3
24942, 4
24943, 4
24944, 4
24945, 5
24946, 8
24947, 6
24948, 3
24949, 2
24950, 2
24951, 6
24952, 4
24953, 1
24954, 5
24956, 3
24958, 3
24959, 2
24960, 1
24962, 3
24963, 2
24964, 4
24965, 1
24966, 2
24967, 3
24968, 4
24969, 1
24972, 1
24973, 1
24974, 2
24975, 2
24976, 2
24977, 3
24978, 1
24979, 1
24980, 5
24981, 2
24982, 2
24984, 2
24985, 3
24986, 2
24987, 2
24990, 2
24991, 2
24992, 3
24994, 4
24995, 3
24996, 2
24998, 1
24999, 1
25000, 4
25001, 5
25002, 2
25003, 2
25004, 3
25005, 1
25006, 8
25007, 2
25008, 5
25009, 4
25010, 3
25011, 3
25012, 7
25013, 7
25014, 2
25015, 7
25016, 6
25017, 4
25018, 5
25019, 7
25020, 4
25021, 4
25022, 5
25023, 8
25024, 6
25025, 5
25026, 3
25027, 6
25028, 4
25029, 1
25030, 7
25031, 6
25032, 3
25033, 7
25034, 3
25035, 2
25036, 2
25037, 8
25039, 2
25040, 4
25041, 2
25042, 1
25043, 3
25044, 2
25045, 2
25048, 4
25049, 3
25050, 3
25051, 1
25052, 3
25053, 5
25054, 1
25058, 1
25059, 2
25060, 2
25061, 3
25062, 2
25063, 1
25064, 1
25065, 4
25066, 3
25067, 1
25068, 1
25069, 1
25070, 3
25071, 4
25072, 1
25073, 1
25075, 1
25076, 3
25077, 2
25078, 1
25079, 4
25080, 2
25081, 1
25082, 2
25083, 1
25085, 3
25086, 5
25087, 4
25088, 2
25089, 1
25090, 3
25091, 4
25092, 5
25093, 4
25094, 5
25095, 2
25096, 4
25097, 6
25098, 4
25099, 5
25100, 6
25101, 7
25102, 6
25103, 2
25104, 6
25105, 6
25106, 3
25107, 6
25108, 7
25109, 5
25110, 7
25111, 5
25112, 3
25113, 5
25114, 2
25115, 1
25116, 9
25117, 6
25118, 5
25119, 6
25120, 1
25121, 3
25122, 4
25123, 4
25124, 1
25125, 3
25126, 3
25127, 3
25128, 1
25129, 2
25130, 1
25131, 2
25133, 3
25134, 3
25135, 2
25136, 2
25137, 3
25138, 3
25139, 3
25140, 1
25144, 2
25145, 3
25146, 2
25147, 1
25148, 2
25149, 2
25150, 2
25151, 4
25152, 3
25154, 2
25155, 2
25156, 3
25157, 1
25158, 2
25161, 3
25162, 2
25163, 2
25165, 5
25166, 2
25167, 2
25168, 1
25170, 2
25171, 3
25172, 5
25173, 2
25174, 3
25175, 3
25176, 2
25177, 7
25178, 2
25179, 4
25180, 5
25182, 7
25183, 7
25184, 4
25185, 6
25186, 5
25187, 5
25188, 5
25189, 5
25190, 5
25191, 4
25192, 5
25193, 8
25194, 4
25195, 9
25196, 2
25197, 5
25198, 3
25199, 5
25200, 1
25201, 8
25202, 6
25203, 6
25204, 5
25205, 2
25206, 3
25207, 1
25208, 8
25210, 3
25211, 4
25212, 1
25213, 2
25214, 3
25215, 1
25216, 2
25218, 2
25219, 2
25220, 3
25221, 2
25222, 3
25223, 1
25224, 5
25225, 2
25229, 1
25230, 2
25231, 2
25232, 2
25233, 3
25234, 2
25235, 1
25236, 2
25237, 4
25238, 1
25239, 2
25240, 2
25241, 2
25242, 2
25243, 1
25244, 2
25246, 2
25247, 2
25248, 3
25250, 4
25251, 2
25252, 2
25253, 1
25254, 1
25256, 5
25257, 3
25258, 4
25259, 1
25260, 2
25261, 2
25262, 7
25263, 4
25264, 3
25265, 5
25266, 2
25267, 4
25268, 5
25269, 8
25270, 2
25271, 8
25272, 4
25273, 7
25274, 3
25275, 9
25276, 2
25277, 5
25278, 4
25279, 7
25280, 8
25281, 4
25282, 5
25283, 3
25284, 6
25285, 1
25286, 4
25287, 5
25288, 7
25289, 7
25290, 4
25291, 2
25292, 1
25293, 3
25294, 7
25296, 3
25297, 3
25298, 2
25299, 2
25300, 3
25301, 2
25303, 2
25304, 1
25305, 3
25306, 2
25307, 3
25308, 3
25309, 1
25310, 4
25311, 1
25314, 2
25316, 2
25317, 3
25318, 2
25319, 2
25320, 1
25321, 4
25322, 2
25323, 2
25324, 2
25326, 3
25327, 2
25328, 2
25329, 2
25332, 4
25333, 1
25334, 2
25335, 2
25336, 4
25337, 1
25338, 2
25339, 1
25341, 1
25342, 6
25343, 3
25344, 2
25345, 2
25346, 3
25347, 2
25348, 6
25349, 3
25350, 4
25351, 6
25352, 2
25353, 5
25354, 7
25355, 4
25356, 5
25357, 6
25358, 7
25359, 3
25360, 4
25361, 7
25362, 4
25363, 5
25364, 7
25365, 4
25366, 10
25367, 2
25368, 4
25369, 4
25370, 5
25372, 8
25373, 5
25374, 6
25375, 6
25376, 2
25377, 3
25378, 3
25379, 6
25380, 1
25381, 1
25382, 5
25383, 2
25384, 1
25385, 2
25386, 2
25387, 2
25389, 2
25390, 3
25391, 2
25392, 2
25393, 3
25394, 1
25395, 4
25396, 3
25400, 1
25401, 3
25402, 1
25403, 3
25404, 2
25405, 1
25406, 1
25407, 5
25408, 1
25409, 4
25411, 1
25412, 4
25413, 1
25414, 3
25417, 1
25418, 4
25419, 2
25421, 3
25422, 3
25423, 2
25424, 1
25425, 1
25427, 4
25428, 4
25429, 5
25430, 1
25431, 1
25432, 3
25433, 5
25434, 5
25435, 3
25436, 5
25437, 2
25438, 2
25439, 9
25440, 5
25441, 4
25442, 8
25443, 4
25444, 6
25445, 3
25446, 7
25447, 5
25448, 4
25449, 6
25450, 7
25451, 5
25452, 5
25453, 4
25454, 5
25455, 3
25456, 3
25457, 4
25458, 7
25459, 6
25460, 6
25461, 2
25462, 5
25463, 1
25464, 4
25465, 5
25466, 1
25467, 4
25468, 2
25469, 1
25470, 3
25471, 1
25472, 1
25473, 2
25474, 1
25475, 2
25476, 3
25477, 4
25479, 4
25480, 2
25481, 4
25486, 2
25487, 1
25488, 4
25489, 1
25490, 2
25491, 2
25492, 3
25493, 2
25494, 4
25496, 2
25497, 3
25498, 2
25499, 1
25500, 2
25503, 4
25504, 1
25505, 2
25506, 2
25507, 4
25508, 1
25509, 2
25510, 1
25512, 2
25513, 4
25514, 4
25515, 4
25516, 1
25517, 2
25518, 2
25519, 7
25520, 4
25521, 4
25522, 4
25523, 2
25524, 4
25525, 7
25526, 5
25527, 6
25528, 7
25529, 4
25530, 4
25531, 6
25532, 6
25533, 2
25534, 6
25535, 4
25536, 9
25537, 7
25538, 3
25539, 4
25540, 6
25541, 3
25543, 8
25544, 7
25545, 6
25546, 4
25547, 2
25548, 3
25549, 3
25550, 5
25551, 2
25552, 3
25553, 4
25554, 1
25555, 1
25556, 3
25557, 1
25558, 2
25561, 4
25562, 4
25563, 2
25564, 2
25565, 2
25566, 3
25567, 3
25571, 2
25572, 1
25573, 2
25574, 3
25575, 2
25576, 2
25578, 5
25579, 2
25580, 2
25581, 1
25582, 1
25583, 3
25584, 2
25585, 2
25586, 1
25589, 4
25590, 1
25591, 4
25592, 3
25593, 1
25594, 1
25595, 3
25598, 4
25599, 5
25600, 3
25601, 2
25603, 4
25604, 4
25605, 5
25606, 4
25607, 6
25608, 1
25609, 5
25610, 6
25611, 7
25612, 4
25613, 7
25614, 5
25615, 5
25616, 2
25617, 6
25618, 4
25619, 6
25620, 4
25621, 9
25622, 5
25623, 5
25624, 4
25625, 3
25626, 5
25627, 4
25628, 1
25629, 10
25630, 4
25631, 8
25632, 1
25633, 4
25634, 2
25635, 5
25636, 4
25637, 1
25638, 5
25640, 3
25642, 4
25644, 2
25646, 3
25647, 2
25648, 4
25649, 1
25650, 3
25651, 2
25652, 4
25653, 1
25656, 1
25657, 1
25658, 2
25659, 3
25660, 2
25661, 1
25662, 2
25663, 4
25664, 2
25665, 1
25666, 2
25667, 1
25668, 4
25669, 2
25670, 1
25671, 2
25674, 4
25675, 2
25676, 1
25677, 2
25678, 3
25679, 3
25680, 1
25681, 1
25683, 1
25684, 5
25685, 4
25686, 4
25688, 4
25689, 2
25690, 7
25691, 2
25692, 5
25693, 3
25694, 4
25695, 5
25696, 6
25697, 4
25698, 5
25699, 7
25700, 6
25701, 3
25702, 6
25703, 6
25704, 3
25705, 4
25706, 6
25707, 7
25708, 8
25709, 1
25710, 5
25711, 6
25712, 4
25713, 3
25714, 6
25715, 5
25716, 7
25717, 4
25718, 2
25719, 2
25720, 3
25721, 6
25722, 3
25723, 2
25724, 3
25725, 2
25726, 1
25727, 2
25728, 3
25729, 1
25731, 1
25732, 4
25733, 3
25734, 2
25735, 3
25736, 1
25737, 5
25738, 1
25742, 2
25744, 4
25745, 1
25746, 3
25747, 1
25748, 2
25749, 3
25750, 3
25751, 2
25752, 1
25753, 2
25754, 2
25755, 3
25756, 2
25759, 3
25760, 1
25761, 3
25763, 4
25764, 3
25765, 2
25767, 1
25769, 4
25770, 4
25771, 5
25772, 1
25773, 2
25774, 2
25775, 6
25776, 5
25777, 3
25778, 5
25779, 1
25780, 6
25781, 4
25782, 5
25783, 4
25784, 10
25785, 5
25786, 5
25787, 2
25788, 10
25789, 1
25790, 5
25791, 3
25792, 10
25793, 5
25794, 5
25795, 5
25796, 4
25797, 5
25798, 1
25799, 6
25800, 5
25801, 8
25802, 5
25803, 1
25804, 5
25806, 4
25807, 5
25808, 1
25809, 6
25810, 2
25811, 1
25812, 3
25814, 3
25816, 2
25817, 2
25818, 1
25819, 5
25820, 2
25821, 2
25822, 2
25823, 3
25824, 1
25827, 2
25829, 3
25830, 2
25831, 2
25832, 2
25833, 1
25834, 3
25835, 3
25836, 3
25837, 1
25839, 3
25840, 3
25841, 1
25842, 1
25843, 1
25845, 4
25846, 2
25847, 1
25848, 2
25849, 4
25850, 2
25851, 1
25852, 1
25854, 2
25855, 4
25856, 3
25857, 5
25859, 4
25860, 2
25861, 6
25862, 4
25863, 4
25864, 4
25865, 4
25866, 6
25867, 5
25868, 3
25869, 8
25870, 5
25871, 6
25872, 2
25873, 6
25874, 6
25875, 2
25876, 6
25877, 10
25878, 6
25879, 5
25880, 2
25881, 4
25882, 6
25883, 3
25884, 1
25885, 8
25886, 4
25887, 8
25888, 4
25889, 3
25890, 2
25891, 3
25892, 6
25893, 1
25894, 3
25895, 3
25896, 2
25897, 2
25898, 2
25899, 1
25900, 2
25902, 3
25903, 1
25904, 4
25905, 2
25906, 1
25907, 3
25908, 3
25909, 3
25913, 2
25914, 1
25915, 4
25916, 1
25917, 3
25919, 2
25920, 3
25921, 4
25922, 1
25923, 1
25924, 1
25925, 5
25927, 2
25928, 1
25930, 3
25931, 1
25932, 3
25934, 3
25935, 3
25936, 3
25937, 1
25940, 4
25941, 6
25942, 2
25943, 2
25944, 3
25945, 1
25946, 5
25947, 4
25948, 4
25949, 5
25950, 3
25951, 2
25952, 10
25953, 5
25954, 5
25955, 5
25956, 8
25957, 3
25958, 3
25959, 8
25960, 4
25961, 4
25962, 4
25963, 8
25964, 7
25965, 4
25966, 4
25967, 2
25968, 6
25969, 3
25970, 6
25971, 4
25972, 7
25973, 6
25974, 4
25975, 2
25976, 2
25977, 3
25978, 5
25979, 2
25980, 4
25981, 2
25982, 1
25983, 2
25984, 2
25985, 1
25986, 1
25987, 1
25988, 2
25989, 2
25990, 5
25991, 1
25992, 3
25993, 3
25994, 3
25998, 1
25999, 1
26000, 3
26001, 1
26002, 2
26003, 3
26004, 1
26005, 3
26006, 4
26007, 1
26008, 1
26009, 1
26010, 3
26011, 4
26012, 1
26013, 1
26015, 2
26016, 1
26017, 2
26018, 2
26019, 3
26020, 3
26021, 1
26022, 3
26025, 4
26026, 2
26027, 5
26028, 3
26029, 1
26030, 2
26031, 4
26032, 6
26033, 2
26034, 6
26035, 2
26036, 2
26037, 9
26038, 5
26039, 3
26040, 9
26041, 4
26042, 6
26043, 2
26044, 10
26045, 3
26046, 4
26047, 4
26048, 9
26049, 3
26050, 7
26051, 3
26052, 4
26053, 7
26054, 1
26055, 5
26056, 6
26057, 3
26058, 8
26059, 3
26060, 4
26061, 2
26062, 4
26063, 5
26064, 1
26065, 3
26066, 4
26067, 1
26068, 1
26069, 4
26071, 2
26073, 3
26074, 1
26075, 4
26076, 2
26077, 2
26078, 3
26079, 3
26080, 2
26084, 1
26085, 2
26086, 4
26087, 1
26088, 2
26089, 1
26090, 2
26091, 4
26092, 2
26093, 3
26095, 2
26096, 2
26097, 3
26099, 2
26101, 2
26102, 3
26103, 2
26104, 2
26105, 3
26106, 2
26107, 2
26108, 1
26110, 1
26111, 4
26112, 4
26113, 4
26114, 1
26115, 1
26116, 3
26117, 6
26118, 4
26119, 6
26120, 3
26121, 2
26122, 6
26123, 5
26124, 6
26125, 2
26126, 9
26127, 2
26128, 7
26129, 4
26130, 5
26131, 7
26132, 4
26133, 5
26134, 8
26135, 6
26136, 3
26137, 6
26138, 4
26139, 3
26140, 2
26141, 8
26142, 3
26143, 8
26144, 6
26145, 2
26146, 3
26148, 7
26149, 2
26150, 3
26151, 4
26152, 1
26153, 2
26154, 2
26155, 2
26156, 2
26158, 2
26159, 2
26160, 2
26161, 3
26162, 2
26163, 3
26164, 3
26165, 2
26166, 1
26169, 1
26170, 1
26171, 2
26172, 4
26173, 1
26174, 2
26175, 1
26176, 3
26177, 4
26178, 2
26179, 1
26180, 1
26181, 3
26182, 3
26183, 2
26187, 4
26188, 1
26189, 3
26190, 1
26191, 4
26192, 1
26193, 2
26194, 1
26197, 7
26198, 3
26199, 4
26200, 1
26201, 2
26202, 4
26203, 6
26204, 5
26205, 3
26206, 2
26207, 4
26208, 6
26209, 4
26210, 6
26211, 7
26212, 5
26213, 7
26214, 1
26215, 7
26216, 7
26217, 2
26218, 4
26219, 6
26220, 10
26221, 3
26222, 7
26223, 1
26224, 6
26225, 3
26226, 2
26227, 8
26228, 5
26229, 8
26230, 2
26231, 3
26232, 2
26233, 4
26234, 5
26235, 1
26236, 6
26238, 2
26239, 1
26240, 3
26241, 1
26242, 2
26243, 1
26244, 1
26245, 2
26246, 5
26247, 2
26248, 2
26249, 3
26250, 3
26251, 1
26255, 2
26257, 5
26258, 1
26259, 2
26260, 1
26261, 3
26262, 4
26263, 2
26264, 2
26266, 2
26267, 4
26268, 1
26269, 1
26270, 1
26272, 3
26273, 1
26274, 3
26276, 5
26277, 1
26278, 3
26279, 1
26281, 1
26282, 4
26283, 4
26284, 4
26285, 1
26286, 2
26287, 4
26288, 4
26289, 6
26290, 3
26291, 4
26292, 2
26293, 3
26294, 6
26295, 7
26296, 2
26297, 11
26298, 6
26299, 3
26300, 3
26301, 8
26302, 4
26303, 5
26304, 4
26305, 8
26306, 5
26307, 6
26308, 3
26309, 4
26310, 5
26311, 2
26312, 6
26313, 3
26314, 7
26315, 8
26316, 1
26317, 4
26318, 2
26319, 5
26320, 3
26321, 2
26322, 2
26323, 2
26324, 3
26325, 2
26326, 2
26327, 1
26328, 1
26329, 1
26330, 2
26331, 2
26332, 5
26333, 1
26334, 3
26335, 3
26336, 3
26341, 3
26342, 1
26343, 2
26344, 3
26345, 3
26347, 5
26348, 1
26349, 2
26350, 2
26351, 1
26352, 4
26353, 1
26354, 2
26355, 1
26357, 1
26358, 4
26359, 1
26360, 1
26361, 2
26362, 4
26363, 1
26364, 2
26365, 1
26367, 3
26368, 4
26369, 4
26370, 2
26371, 2
26372, 3
26373, 3
26374, 6
26375, 4
26376, 5
26377, 2
26378, 3
26379, 6
26380, 6
26381, 5
26382, 7
26383, 5
26384, 6
26385, 1
26386, 6
26387, 7
26388, 3
26389, 8
26390, 4
26391, 9
26392, 4
26393, 3
26394, 5
26395, 4
26396, 3
26397, 6
26398, 4
26399, 5
26400, 7
26401, 5
26402, 2
26403, 1
26404, 3
26405, 6
26406, 2
26407, 2
26408, 4
26409, 1
26410, 3
26411, 2
26413, 2
26415, 2
26416, 4
26417, 2
26418, 2
26419, 2
26420, 3
26421, 3
26422, 2
26426, 2
26427, 2
26428, 2
26429, 2
26430, 2
26431, 1
26432, 1
26433, 5
26434, 2
26435, 2
26436, 1
26437, 1
26438, 5
26439, 1
26440, 1
26441, 1
26443, 3
26444, 2
26445, 1
26446, 1
26447, 4
26448, 3
26449, 2
26451, 1
26453, 5
26454, 5
26455, 3
26456, 1
26457, 3
26458, 2
26459, 7
26460, 3
26461, 3
26462, 5
26463, 2
26464, 4
26465, 6
26466, 8
26467, 4
26468, 5
26469, 9
26470, 2
26471, 5
26472, 8
26473, 2
26474, 4
26475, 4
26476, 8
26477, 7
26478, 4
26479, 4
26480, 5
26481, 5
26482, 1
26483, 7
26484, 4
26485, 7
26486, 5
26487, 2
26488, 4
26490, 8
26491, 1
26492, 3
26493, 4
26494, 1
26495, 2
26496, 2
26497, 2
26499, 2
26500, 1
26501, 3
26502, 3
26503, 3
26504, 2
26505, 2
26506, 2
26507, 4
26511, 1
26512, 1
26513, 2
26514, 3
26515, 3
26516, 1
26517, 2
26518, 4
26519, 1
26520, 2
26521, 2
26522, 1
26523, 2
26524, 4
26525, 1
26526, 1
26529, 5
26531, 2
26532, 3
26533, 3
26534, 3
26536, 1
26538, 4
26539, 5
26540, 3
26541, 1
26542, 3
26543, 1
26544, 4
26545, 7
26546, 3
26547, 3
26548, 4
26549, 5
26550, 6
26551, 4
26552, 6
26553, 4
26554, 8
26555, 6
26556, 1
26557, 7
26558, 6
26559, 1
26560, 8
26561, 7
26562, 2
26563, 9
26564, 4
26565, 2
26566, 6
26567, 3
26568, 7
26569, 4
26570, 6
26571, 6
26572, 3
26573, 3
26574, 1
26575, 5
26576, 4
26577, 1
26578, 3
26579, 4
26580, 1
26581, 2
26582, 2
26583, 2
26584, 1
26586, 4
26587, 1
26588, 3
26589, 3
26590, 2
26591, 2
26592, 3
26593, 2
26596, 1
26597, 1
26599, 4
26600, 3
26601, 1
26602, 2
26603, 1
26604, 5
26605, 2
26606, 2
26608, 1
26609, 5
26610, 1
26611, 2
26614, 4
26615, 2
26616, 1
26617, 2
26618, 3
26619, 2
26620, 2
26621, 1
26623, 2
26624, 4
26625, 4
26626, 3
26627, 2
26628, 1
26629, 3
26630, 8
26631, 1
26632, 6
26633, 3
26634, 2
26635, 6
26636, 6
26637, 6
26638, 4
26639, 8
26640, 5
26641, 3
26642, 4
26643, 9
26644, 2
26645, 5
26646, 4
26647, 9
26648, 8
26649, 2
26650, 4
26651, 5
26652, 4
26653, 3
26654, 3
26655, 7
26656, 7
26657, 4
26658, 4
26659, 2
26660, 2
26661, 7
26662, 1
26663, 1
26664, 5
26665, 2
26666, 2
26667, 1
26668, 2
26669, 1
26670, 1
26671, 2
26672, 2
26673, 3
26674, 3
26675, 1
26676, 3
26677, 4
26678, 2
26682, 2
26683, 1
26684, 2
26685, 1
26686, 4
26687, 2
26689, 5
26690, 2
26691, 2
26692, 1
26693, 1
26694, 3
26695, 3
26696, 2
26699, 1
26700, 3
26701, 1
26702, 3
26703, 2
26704, 3
26705, 3
26706, 1
26709, 3
26710, 6
26711, 2
26712, 3
26713, 1
26714, 3
26715, 4
26716, 5
26717, 5
26718, 3
26719, 3
26720, 4
26721, 6
26722, 5
26723, 5
26724, 7
26725, 5
26726, 7
26727, 3
26728, 6
26729, 5
26730, 3
26731, 6
26732, 9
26733, 3
26734, 6
26735, 3
26736, 4
26737, 6
26738, 2
26739, 4
26740, 6
26741, 3
26742, 10
26743, 3
26744, 2
26745, 2
26746, 4
26747, 5
26748, 2
26749, 5
26751, 2
26752, 1
26753, 4
26755, 2
26756, 1
26757, 2
26758, 1
26759, 5
26760, 1
26761, 3
26762, 1
26763, 5
26764, 1
26767, 1
26768, 1
26769, 3
26770, 2
26771, 2
26772, 1
26773, 2
26774, 4
26775, 2
26776, 2
26777, 2
26779, 2
26780, 4
26781, 1
26782, 2
26785, 2
26786, 3
26787, 2
26788, 2
26789, 4
26790, 1
26791, 2
26792, 1
26794, 1
26795, 6
26796, 2
26797, 4
26798, 2
26799, 2
26800, 3
26801, 4
26802, 5
26803, 4
26804, 4
26805, 4
26806, 5
26807, 3
26808, 6
26809, 5
26810, 9
26811, 4
26812, 4
26813, 5
26814, 6
26815, 5
26816, 4
26817, 6
26818, 7
26819, 6
26820, 5
26821, 2
26822, 6
26823, 4
26825, 7
26826, 8
26827, 5
26828, 4
26829, 3
26830, 3
26831, 3
26832, 5
26833, 2
26834, 3
26835, 3
26836, 1
26837, 2
26838, 3
26839, 1
26840, 2
26842, 1
26843, 3
26844, 3
26845, 3
26846, 2
26847, 3
26848, 3
26849, 2
26853, 1
26854, 2
26855, 2
26856, 3
26857, 1
26858, 2
26859, 1
26860, 4
26861, 3
26862, 2
26863, 1
26864, 1
26865, 3
26866, 2
26867, 2
26868, 1
26870, 2
26871, 2
26872, 2
26873, 1
26874, 4
26875, 3
26876, 1
26877, 2
26880, 2
26881, 6
26882, 3
26883, 3
26884, 2
26885, 2
26886, 3
26887, 7
26888, 4
26889, 2
26890, 3
26891, 5
26892, 8
26893, 5
26894, 3
26895, 9
26896, 4
26897, 5
26898, 1
26899, 9
26900, 3
26901, 7
26902, 4
26903, 7
26904, 7
26905, 5
26906, 3
26907, 7
26908, 1
26909, 3
26910, 7
26911, 3
26912, 4
26913, 10
26914, 3
26915, 3
26916, 2
26917, 3
26918, 4
26919, 1
26920, 3
26921, 4
26922, 2
26923, 2
26924, 2
26925, 1
26926, 1
26928, 3
26929, 2
26930, 4
26931, 1
26932, 3
26933, 2
26934, 4
26935, 1
26939, 2
26940, 3
26941, 2
26942, 2
26943, 1
26944, 1
26945, 5
26946, 2
26947, 1
26948, 2
26949, 1
26950, 4
26951, 2
26952, 1
26953, 2
26956, 3
26957, 1
26958, 3
26959, 2
26960, 4
26962, 3
26963, 1
26965, 1
26966, 6
26967, 2
26968, 4
26969, 1
26970, 3
26971, 4
26972, 4
26973, 3
26974, 7
26975, 2
26976, 3
26977, 6
26978, 6
26979, 3
26980, 6
26981, 7
26982, 7
26983, 2
26984, 9
26985, 3
26986, 2
26987, 5
26988, 10
26989, 5
26990, 6
26991, 4
26992, 3
26993, 5
26994, 4
26995, 4
26996, 5
26997, 4
26998, 4
26999, 7
27000, 3
27001, 3
27002, 2
27003, 6
27004, 2
27005, 3
27006, 2
27007, 3
27008, 1
27009, 2
27010, 2
27011, 2
27013, 3
27015, 3
27016, 4
27017, 2
27018, 2
27019, 4
27020, 2
27024, 2
27026, 3
27027, 3
27028, 2
27029, 2
27030, 1
27031, 5
27033, 4
27036, 6
27038, 2
27039, 1
27041, 2
27042, 2
27043, 2
27044, 1
27045, 6
27047, 3
27049, 1
27051, 5
27052, 4
27053, 5
27055, 2
27056, 1
27057, 5
27058, 5
27059, 4
27060, 5
27061, 2
27062, 4
27063, 8
27064, 5
27065, 5
27066, 6
27067, 5
27068, 6
27069, 3
27070, 6
27071, 6
27072, 3
27073, 4
27074, 10
27075, 3
27076, 6
27077, 5
27078, 4
27079, 4
27080, 2
27081, 1
27082, 9
27083, 5
27084, 7
27085, 5
27086, 3
27087, 1
27088, 6
27089, 3
27090, 2
27091, 2
27092, 4
27093, 1
27094, 3
27095, 1
27096, 1
27097, 1
27099, 3
27100, 2
27101, 3
27102, 3
27103, 1
27104, 4
27105, 3
27106, 1
27110, 3
27111, 1
27112, 2
27113, 3
27114, 1
27115, 2
27116, 2
27117, 5
27118, 2
27119, 1
27121, 3
27122, 3
27123, 1
27124, 2
27127, 4
27128, 1
27129, 2
27130, 2
27131, 4
27132, 2
27133, 1
27134, 1
27136, 3
27137, 3
27138, 4
27139, 4
27140, 1
27141, 2
27142, 2
27143, 7
27144, 3
27145, 4
27146, 4
27147, 3
27148, 6
27149, 5
27150, 5
27151, 5
27152, 7
27153, 5
27154, 4
27155, 6
27156, 6
27157, 2
27158, 7
27159, 4
27160, 10
27161, 5
27162, 2
27163, 7
27164, 3
27165, 4
27166, 3
27167, 5
27168, 4
27169, 10
27170, 3
27171, 3
27172, 2
27173, 3
27174, 5
27175, 2
27176, 2
27177, 4
27178, 2
27179, 1
27180, 3
27181, 1
27182, 2
27184, 3
27185, 2
27186, 3
27187, 2
27188, 1
27189, 3
27190, 5
27191, 1
27194, 1
27195, 1
27196, 2
27198, 3
27199, 2
27200, 2
27201, 3
27202, 3
27203, 2
27204, 2
27205, 1
27206, 2
27207, 3
27208, 1
27209, 2
27210, 1
27212, 3
27213, 2
27214, 1
27215, 3
27216, 3
27217, 1
27218, 2
27219, 2
27222, 4
27223, 5
27224, 3
27225, 2
27226, 3
27227, 1
27228, 6
27229, 3
27230, 6
27231, 4
27232, 1
27233, 5
27234, 5
27235, 6
27236, 3
27237, 11
27238, 4
27239, 5
27240, 1
27241, 10
27242, 3
27243, 4
27244, 5
27245, 8
27246, 7
27247, 3
27248, 5
27249, 3
27250, 6
27251, 1
27252, 7
27253, 3
27254, 6
27255, 8
27256, 2
27257, 3
27258, 3
27259, 4
27260, 3
27261, 3
27262, 1
27263, 3
27264, 3
27265, 3
27266, 1
27267, 1
27268, 1
27270, 3
27271, 3
27272, 4
27273, 1
27274, 2
27275, 2
27276, 5
27281, 2
27282, 2
27283, 3
27284, 1
27285, 2
27286, 2
27287, 3
27288, 3
27289, 3
27291, 1
27292, 5
27294, 2
27295, 2
27298, 3
27299, 3
27300, 1
27302, 5
27303, 3
27304, 1
27305, 1
27307, 4
27308, 2
27309, 5
27310, 3
27312, 3
27313, 4
27314, 5
27315, 5
27316, 4
27317, 3
27318, 2
27319, 6
27320, 5
27321, 5
27322, 6
27323, 6
27324, 7
27325, 3
27326, 5
27327, 7
27328, 2
27329, 6
27330, 6
27331, 8
27332, 5
27333, 3
27334, 5
27335, 3
27336, 5
27337, 4
27338, 6
27339, 4
27340, 9
27341, 3
27342, 2
27343, 2
27344, 3
27345, 5
27346, 3
27347, 2
27348, 1
27349, 4
27350, 1
27351, 3
27352, 2
27353, 1
27355, 3
27356, 1
27357, 3
27358, 3
27359, 2
27360, 2
27361, 4
27362, 2
27366, 1
27367, 3
27368, 2
27369, 2
27370, 2
27371, 1
27372, 2
27373, 5
27374, 1
27375, 3
27377, 1
27378, 3
27379, 3
27380, 2
27383, 2
27384, 2
27385, 2
27386, 3
27387, 3
27388, 1
27389, 2
27390, 2
27392, 1
27393, 4
27394, 4
27395, 4
27396, 1
27397, 3
27398, 1
27399, 5
27400, 5
27401, 4
27402, 4
27403, 2
27404, 5
27405, 6
27406, 6
27407, 6
27408, 4
27409, 7
27410, 5
27411, 4
27412, 7
27413, 2
27414, 5
27415, 5
27416, 8
27417, 8
27418, 2
27419, 5
27420, 2
27421, 7
27422, 2
27423, 6
27424, 4
27425, 6
27426, 7
27427, 2
27428, 3
27429, 1
27430, 6
27431, 4
27432, 1
27433, 5
27434, 1
27435, 2
27436, 2
27437, 2
27438, 1
27439, 1
27440, 2
27441, 1
27442, 4
27443, 2
27444, 2
27445, 3
27446, 2
27447, 4
27451, 2
27452, 2
27453, 1
27454, 3
27455, 1
27456, 2
27457, 1
27458, 3
27459, 3
27460, 3
27461, 1
27462, 1
27463, 3
27464, 2
27465, 1
27466, 2
27468, 2
27469, 2
27470, 2
27471, 1
27472, 3
27473, 3
27474, 2
27475, 1
27476, 1
27478, 3
27479, 3
27480, 5
27481, 2
27482, 3
27483, 1
27484, 4
27485, 5
27486, 5
27487, 4
27488, 2
27489, 4
27490, 5
27491, 8
27492, 2
27493, 7
27494, 5
27495, 7
27496, 3
27497, 4
27498, 7
27499, 3
27500, 5
27501, 7
27502, 9
27503, 3
27504, 5
27505, 3
27506, 5
27507, 4
27508, 4
27509, 5
27510, 5
27511, 6
27512, 5
27513, 4
27514, 1
27515, 2
27516, 6
27517, 3
27518, 5
27520, 2
27521, 1
27522, 3
27523, 1
27524, 2
27526, 2
27527, 2
27528, 4
27529, 2
27530, 3
27531, 2
27532, 2
27533, 3
27537, 1
27538, 2
27539, 2
27540, 3
27541, 2
27542, 2
27543, 1
27544, 5
27545, 1
27546, 2
27547, 1
27548, 1
27549, 5
27550, 1
27551, 2
27554, 3
27555, 2
27556, 1
27557, 1
27558, 4
27559, 2
27560, 2
27561, 2
27564, 5
27565, 5
27566, 2
27567, 2
27568, 1
27569, 4
27570, 7
27571, 4
27572, 3
27573, 4
27574, 1
27575, 6
27576, 6
27577, 6
27578, 5
27579, 7
27580, 4
27581, 5
27582, 7
27583, 5
27584, 3
27585, 4
27586, 4
27587, 7
27588, 7
27589, 6
27590, 3
27591, 5
27592, 5
27593, 1
27594, 4
27595, 6
27596, 8
27597, 4
27598, 4
27599, 2
27600, 2
27601, 6
27602, 2
27603, 2
27604, 5
27605, 1
27606, 1
27607, 3
27608, 2
27609, 2
27611, 1
27612, 3
27613, 2
27614, 2
27615, 3
27616, 2
27617, 4
27618, 3
27622, 1
27623, 2
27624, 1
27625, 4
27626, 1
27627, 2
27628, 1
27629, 3
27630, 4
27631, 2
27632, 1
27634, 3
27635, 4
27636, 1
27637, 1
27640, 3
27641, 2
27642, 2
27643, 4
27644, 2
27645, 2
27646, 1
27647, 1
27649, 5
27650, 2
27651, 3
27652, 4
27653, 1
27654, 2
27655, 4
27656, 6
27657, 5
27658, 2
27659, 4
27660, 3
27661, 6
27662, 4
27663, 6
27664, 6
27665, 6
27666, 7
27667, 1
27668, 8
27669, 6
27670, 3
27671, 4
27672, 9
27673, 6
27674, 5
27675, 4
27676, 4
27677, 4
27678, 3
27679, 6
27680, 3
27681, 7
27682, 7
27683, 3
27684, 2
27685, 3
27686, 4
27687, 4
27688, 2
27689, 2
27690, 3
27691, 1
27692, 3
27693, 2
27694, 2
27695, 1
27697, 4
27699, 4
27700, 3
27701, 1
27702, 3
27703, 5
27707, 1
27708, 1
27709, 1
27710, 4
27711, 1
27712, 2
27713, 1
27714, 1
27715, 5
27716, 2
27717, 3
27719, 2
27720, 3
27721, 2
27723, 2
27725, 3
27726, 2
27727, 1
27728, 1
27729, 6
27730, 1
27731, 2
27732, 1
27734, 1
27735, 4
27736, 4
27737, 4
27738, 2
27739, 1
27740, 3
27741, 6
27742, 2
27743, 7
27744, 3
27745, 2
27746, 5
27747, 7
27748, 6
27749, 1
27750, 10
27751, 3
27752, 6
27753, 6
27754, 3
27755, 5
27756, 6
27757, 4
27758, 7
27759, 7
27760, 5
27761, 4
27762, 4
27763, 4
27764, 1
27765, 7
27766, 4
27767, 9
27768, 4
27769, 4
27770, 2
27771, 1
27772, 6
27773, 3
27774, 2
27775, 4
27776, 1
27777, 2
27778, 2
27779, 1
27780, 3
27782, 1
27783, 4
27784, 2
27785, 3
27786, 1
27787, 3
27788, 3
27789, 3
27793, 1
27794, 2
27795, 2
27796, 2
27797, 2
27798, 3
27800, 3
27801, 3
27802, 2
27803, 2
27804, 2
27805, 2
27806, 3
27807, 1
27808, 1
27810, 2
27811, 2
27812, 1
27813, 2
27814, 3
27815, 3
27816, 1
27817, 2
27818, 1
27820, 4
27821, 2
27822, 4
27823, 4
27824, 1
27825, 3
27826, 3
27827, 5
27828, 5
27829, 5
27830, 1
27831, 5
27832, 6
27833, 4
27834, 5
27835, 9
27836, 3
27837, 7
27838, 3
27839, 7
27840, 5
27841, 3
27842, 2
27843, 8
27844, 10
27845, 4
27846, 5
27847, 3
27848, 3
27849, 4
27850, 6
27851, 3
27852, 7
27853, 7
27854, 3
27855, 3
27856, 1
27857, 5
27858, 5
27860, 3
27861, 3
27862, 3
27864, 4
27866, 2
27868, 3
27869, 2
27870, 2
27871, 4
27872, 2
27873, 1
27874, 5
27875, 1
27878, 1
27879, 1
27880, 2
27881, 1
27882, 3
27883, 2
27884, 2
27885, 2
27886, 4
27887, 2
27888, 1
27889, 1
27890, 1
27891, 5
27892, 1
27893, 2
27896, 3
27897, 3
27898, 1
27900, 5
27901, 1
27902, 2
27903, 2
27905, 1
27906, 4
27907, 4
27908, 4
27909, 1
27910, 4
27911, 1
27912, 4
27913, 6
27914, 4
27915, 3
27916, 3
27917, 5
27918, 4
27919, 6
27920, 4
27921, 9
27922, 6
27923, 4
27924, 5
27925, 4
27926, 4
27927, 5
27928, 7
27929, 7
27930, 7
27931, 2
27932, 5
27933, 5
27934, 5
27935, 1
27936, 4
27937, 8
27938, 6
27939, 5
27940, 4
27941, 2
27942, 3
27943, 5
27944, 1
27945, 3
27946, 3
27947, 2
27948, 2
27949, 2
27950, 2
27951, 1
27952, 1
27953, 3
27954, 1
27955, 2
27956, 4
27957, 2
27958, 2
27959, 4
27960, 2
27964, 2
27966, 3
27967, 2
27968, 3
27969, 1
27970, 2
27971, 4
27972, 1
27973, 2
27974, 2
27976, 2
27977, 4
27978, 1
27979, 2
27982, 4
27983, 2
27984, 3
27986, 4
27987, 2
27988, 2
27991, 5
27992, 3
27993, 3
27994, 3
27995, 1
27996, 3
27997, 3
27998, 7
27999, 3
28000, 5
28001, 2
28002, 3
28003, 5
28004, 7
28005, 5
28006, 7
28007, 3
28008, 7
28009, 3
28010, 6
28011, 5
28012, 5
28013, 5
28014, 9
28015, 5
28016, 5
28017, 5
28018, 4
28019, 4
28020, 2
28021, 4
28022, 6
28023, 4
28024, 7
28025, 6
28026, 1
28027, 2
28028, 6
28029, 2
28030, 2
28031, 6
28032, 1
28033, 2
28034, 1
28035, 1
28036, 4
28038, 1
28039, 1
28040, 3
28041, 3
28042, 2
28043, 3
28044, 2
28045, 3
28046, 2
28050, 2
28051, 2
28052, 2
28053, 2
28054, 2
28055, 2
28056, 1
28057, 5
28059, 3
28060, 1
28061, 2
28062, 3
28063, 2
28064, 2
28067, 3
28068, 1
28069, 2
28070, 3
28071, 3
28072, 1
28073, 3
28074, 1
28076, 1
28077, 6
28078, 2
28079, 3
28080, 3
28081, 2
28082, 1
28083, 7
28084, 5
28085, 2
28086, 4
28087, 4
28088, 4
28089, 7
28090, 5
28091, 6
28092, 6
28093, 6
28094, 3
28095, 4
28096, 8
28097, 4
28098, 4
28099, 4
28100, 8
28101, 7
28102, 3
28103, 5
28104, 4
28105, 4
28106, 1
28107, 9
28108, 3
28109, 8
28110, 4
28111, 3
28112, 3
28113, 1
28114, 7
28115, 2
28116, 2
28117, 4
28118, 1
28119, 2
28120, 2
28121, 2
28123, 2
28124, 2
28125, 2
28126, 2
28127, 4
28128, 2
28129, 1
28130, 3
28131, 4
28135, 2
28136, 1
28137, 3
28138, 2
28139, 2
28140, 2
28142, 5
28143, 1
28144, 2
28145, 2
28146, 1
28147, 3
28148, 2
28149, 1
28150, 2
28152, 1
28153, 3
28154, 2
28155, 1
28156, 3
28157, 3
28158, 2
28159, 1
28160, 1
28162, 4
28163, 5
28164, 3
28165, 1
28166, 3
28167, 1
28168, 6
28169, 3
28170, 6
28171, 5
28172, 1
28173, 4
28174, 7
28175, 4
28176, 7
28177, 7
28178, 4
28179, 4
28180, 3
28181, 5
28182, 6
28183, 5
28184, 7
28185, 7
28186, 5
28187, 6
28188, 3
28189, 3
28190, 7
28191, 2
28192, 3
28193, 6
28194, 7
28195, 6
28196, 4
28197, 2
28198, 1
28199, 7
28200, 2
28201, 2
28202, 2
28203, 4
28204, 2
28206, 4
28207, 2
28210, 3
28211, 1
28212, 5
28213, 1
28214, 4
28215, 2
28216, 3
28217, 1
28221, 2
28222, 2
28223, 2
28224, 3
28225, 1
28226, 2
28227, 2
28228, 4
28229, 1
28230, 3
28232, 2
28233, 4
28234, 1
28235, 2
28238, 4
28240, 3
28242, 5
28243, 1
28244, 3
28245, 1
28247, 1
28248, 5
28249, 3
28250, 3
28251, 2
28252, 3
28253, 3
28254, 6
28255, 2
28256, 5
28257, 4
28258, 3
28259, 4
28260, 7
28261, 5
28262, 6
28263, 4
28264, 6
28265, 5
28266, 4
28267, 8
28268, 4
28269, 2
28270, 9
28271, 5
28272, 5
28273, 6
28274, 4
28275, 5
28276, 4
28277, 1
28278, 6
28279, 5
28280, 7
28281, 5
28282, 3
28283, 3
28284, 2
28285, 7
28286, 1
28287, 2
28288, 4
28289, 2
28290, 1
28291, 2
28292, 2
28293, 2
28295, 2
28296, 2
28297, 3
28298, 3
28299, 1
28300, 3
28301, 3
28302, 3
28306, 2
28308, 3
28309, 3
28310, 1
28311, 3
28313, 6
28314, 1
28315, 3
28317, 1
28318, 4
28319, 1
28320, 2
28321, 1
28323, 2
28324, 2
28325, 2
28326, 1
28327, 5
28328, 1
28329, 2
28330, 1
28331, 1
28333, 4
28334, 5
28335, 3
28336, 2
28337, 1
28338, 3
28339, 4
28340, 6
28341, 3
28342, 4
28343, 3
28344, 5
28345, 5
28346, 6
28347, 4
28348, 5
28349, 7
28350, 7
28351, 2
28352, 7
28353, 5
28354, 3
28355, 5
28356, 9
28357, 6
28358, 4
28359, 4
28360, 3
28361, 6
28362, 2
28363, 6
28364, 4
28365, 6
28366, 6
28367, 4
28368, 2
28369, 4
28370, 4
28371, 3
28372, 2
28373, 5
28374, 1
28375, 1
28376, 2
28377, 3
28378, 1
28379, 1
28380, 1
28381, 1
28382, 4
28383, 2
28384, 2
28385, 4
28386, 1
28387, 4
28388, 1
28392, 2
28393, 3
28394, 1
28395, 3
28396, 1
28397, 2
28398, 3
28399, 2
28400, 2
28401, 2
28402, 2
28403, 1
28404, 4
28405, 2
28407, 1
28409, 4
28410, 1
28411, 2
28412, 2
28413, 3
28414, 2
28415, 2
28416, 1
28418, 1
28419, 5
28420, 4
28421, 3
28422, 2
28423, 1
28424, 4
28425, 4
28426, 6
28427, 4
28428, 3
28429, 3
28430, 3
28431, 8
28432, 6
28433, 4
28434, 7
28435, 7
28436, 2
28437, 5
28438, 7
28439, 2
28440, 8
28441, 5
28442, 8
28443, 5
28444, 1
28445, 6
28446, 5
28447, 4
28448, 6
28449, 1
28450, 6
28451, 8
28452, 4
28453, 3
28454, 2
28455, 3
28456, 6
28457, 2
28458, 2
28459, 4
28460, 1
28461, 1
28462, 3
28463, 1
28464, 2
28466, 2
28467, 2
28468, 3
28469, 3
28470, 2
28471, 2
28472, 3
28473, 3
28477, 1
28478, 3
28479, 2
28480, 2
28481, 1
28482, 2
28483, 3
28484, 2
28485, 3
28486, 1
28487, 2
28488, 2
28489, 1
28490, 4
28491, 1
28492, 1
28494, 2
28495, 2
28496, 2
28497, 3
28498, 3
28499, 1
28500, 3
28502, 1
28504, 5
28505, 5
28506, 2
28507, 2
28508, 1
28509, 2
28510, 6
28511, 5
28512, 4
28513, 4
28514, 1
28515, 4
28516, 7
28517, 6
28518, 7
28519, 4
28520, 5
28521, 7
28522, 4
28523, 7
28524, 3
28525, 4
28526, 8
28527, 3
28528, 9
28529, 4
28530, 4
28531, 3
28532, 4
28533, 4
28534, 3
28535, 6
28536, 8
28537, 4
28538, 5
28539, 1
28540, 3
28541, 5
28542, 3
28543, 2
28544, 5
28546, 2
28547, 3
28548, 2
28549, 2
28551, 1
28552, 3
28553, 1
28554, 3
28555, 2
28556, 3
28557, 3
28558, 3
28559, 1
28562, 2
28564, 3
28565, 2
28566, 3
28567, 1
28568, 1
28569, 3
28570, 2
28571, 3
28572, 2
28574, 2
28575, 5
28577, 1
28578, 1
28580, 4
28581, 2
28582, 1
28583, 2
28584, 4
28585, 1
28586, 2
28587, 1
28589, 2
28590, 4
28591, 5
28592, 1
28593, 2
28594, 3
28595, 4
28596, 6
28597, 2
28598, 6
28599, 2
28600, 3
28601, 3
28602, 7
28603, 8
28604, 5
28605, 6
28606, 6
28607, 2
28608, 6
28609, 7
28610, 3
28611, 4
28612, 8
28613, 4
28614, 8
28615, 5
28616, 1
28617, 6
28618, 4
28619, 1
28620, 8
28621, 2
28622, 10
28623, 5
28625, 5
28626, 1
28627, 7
28628, 2
28629, 2
28630, 4
28631, 1
28632, 2
28633, 2
28634, 1
28635, 1
28636, 1
28637, 3
28638, 2
28639, 3
28640, 2
28641, 1
28642, 3
28643, 4
28644, 2
28648, 2
28649, 1
28650, 2
28651, 2
28652, 3
28653, 2
28654, 2
28655, 4
28656, 1
28657, 2
28658, 1
28659, 1
28660, 2
28661, 3
28662, 3
28665, 3
28666, 1
28667, 3
28668, 2
28669, 1
28670, 3
28671, 3
28673, 1
28675, 6
28676, 3
28677, 3
28678, 2
28679, 2
28680, 2
28681, 6
28682, 4
28683, 5
28684, 4
28685, 2
28686, 4
28687, 5
28688, 7
28689, 4
28690, 7
28691, 4
28692, 6
28693, 2
28694, 7
28695, 6
28696, 4
28697, 6
28698, 6
28699, 7
28700, 4
28701, 5
28702, 5
28703, 5
28705, 8
28706, 2
28707, 7
28708, 6
28709, 4
28710, 2
28711, 2
28712, 7
28713, 2
28714, 2
28715, 4
28716, 2
28717, 1
28718, 2
28719, 2
28720, 2
28722, 1
28723, 2
28724, 2
28725, 4
28726, 2
28727, 2
28728, 1
28729, 6
28734, 2
28735, 2
28736, 3
28737, 2
28738, 2
28739, 1
28740, 2
28741, 4
28742, 3
28743, 1
28744, 1
28745, 3
28746, 2
28747, 1
28748, 2
28751, 4
28752, 3
28754, 2
28755, 3
28756, 3
28758, 2
28760, 2
28761, 5
28762, 4
28763, 3
28764, 1
28765, 2
28766, 6
28767, 4
28768, 4
28769, 5
28770, 1
28771, 5
28772, 5
28773, 5
28774, 5
28775, 5
28776, 7
28777, 7
28778, 2
28779, 8
28780, 3
28781, 4
28782, 5
28783, 5
28784, 10
28785, 5
28786, 3
28787, 3
28788, 5
28789, 3
28790, 2
28791, 7
28792, 5
28793, 8
28794, 4
28795, 3
28796, 3
28797, 3
28798, 4
28799, 2
28800, 2
28801, 4
28802, 3
28804, 4
28806, 2
28808, 2
28809, 2
28810, 3
28811, 3
28812, 3
28813, 1
28814, 4
28815, 2
28819, 2
28821, 3
28822, 4
28823, 1
28824, 2
28825, 2
28826, 3
28827, 2
28828, 3
28830, 1
28831, 4
28832, 2
28833, 2
28836, 1
28837, 3
28838, 3
28839, 2
28840, 2
28841, 3
28842, 2
28844, 1
28845, 1
28846, 3
28847, 6
28848, 2
28849, 3
28851, 3
28852, 5
28853, 5
28854, 5
28855, 2
28856, 4
28857, 4
28858, 7
28859, 4
28860, 4
28861, 9
28862, 4
28863, 6
28864, 5
28865, 5
28866, 4
28867, 5
28868, 6
28869, 5
28870, 11
28871, 1
28872, 4
28873, 4
28874, 4
28875, 2
28876, 8
28877, 4
28878, 8
28879, 5
28881, 4
28882, 2
28883, 7
28884, 2
28885, 1
28886, 2
28887, 3
28888, 3
28889, 3
28891, 3
28894, 4
28895, 3
28896, 2
28897, 1
28898, 3
28899, 4
28900, 3
28904, 1
28905, 1
28906, 2
28907, 2
28908, 2
28909, 2
28910, 2
28911, 5
28912, 1
28913, 3
28914, 1
28915, 1
28916, 1
28917, 5
28918, 1
28919, 1
28921, 1
28922, 3
28923, 1
28924, 2
28925, 3
28926, 3
28927, 1
28928, 2
28929, 1
28931, 2
28932, 5
28933, 4
28934, 2
28935, 2
28936, 3
28937, 3
28938, 5
28939, 5
28940, 1
28941, 5
28942, 4
28943, 6
28944, 5
28945, 7
28946, 5
28947, 6
28948, 4
28949, 4
28950, 8
28951, 2
28952, 7
28953, 3
28954, 8
28955, 7
28956, 5
28957, 3
28958, 4
28959, 4
28960, 4
28961, 4
28962, 5
28963, 5
28964, 8
28965, 2
28966, 4
28967, 3
28968, 3
28969, 5
28970, 2
28971, 2
28972, 3
28973, 1
28974, 3
28975, 2
28976, 2
28977, 1
28979, 3
28980, 2
28981, 3
28982, 3
28983, 3
28985, 5
28986, 1
28989, 1
28990, 1
28991, 2
28992, 2
28993, 2
28994, 2
28995, 1
28996, 3
28997, 3
28998, 2
28999, 2
29000, 1
29001, 1
29002, 2
29003, 4
29004, 1
29005, 1
29007, 3
29008, 1
29009, 3
29011, 5
29012, 2
29013, 1
29014, 2
29017, 5
29018, 4
29019, 3
29020, 2
29021, 3
29022, 1
29023, 7
29024, 3
29025, 5
29026, 4
29027, 2
29028, 7
29029, 3
29030, 6
29031, 4
29032, 8
29033, 6
29034, 4
29035, 4
29036, 5
29037, 5
29038, 5
29039, 5
29040, 7
29041, 7
29042, 5
29043, 3
29044, 1
29045, 8
29046, 2
29047, 6
29048, 3
29049, 8
29050, 6
29051, 4
29052, 2
29053, 1
29054, 5
29055, 4
29057, 6
29058, 2
29059, 1
29060, 2
29061, 1
29062, 2
29063, 1
29065, 4
29066, 2
29067, 3
29068, 2
29069, 2
29070, 3
29071, 3
29072, 1
29075, 1
29076, 1
29077, 2
29078, 3
29079, 1
29080, 3
29081, 1
29082, 5
29083, 1
29084, 3
29085, 1
29086, 1
29087, 3
29088, 3
29089, 1
29090, 1
29092, 1
29093, 3
29094, 2
29095, 1
29096, 2
29097, 4
29098, 3
29100, 1
29102, 1
29103, 6
29104, 4
29105, 3
29106, 1
29107, 2
29108, 4
29109, 6
29110, 4
29111, 2
29112, 4
29113, 5
29114, 5
29115, 5
29116, 6
29117, 4
29118, 8
29119, 5
29120, 2
29121, 10
29122, 2
29123, 4
29124, 7
29125, 5
29126, 7
29127, 5
29128, 3
29129, 6
29130, 4
29131, 3
29132, 5
29133, 5
29134, 4
29135, 9
29136, 2
29137, 2
29138, 3
29139, 5
29140, 4
29141, 1
29142, 5
29143, 2
29144, 2
29145, 2
29147, 3
29148, 1
29150, 2
29151, 3
29152, 3
29153, 3
29154, 1
29155, 2
29156, 5
29157, 1
29160, 1
29162, 3
29163, 1
29164, 4
29165, 2
29167, 3
29168, 4
29169, 1
29170, 3
29172, 3
29173, 3
29175, 3
29178, 4
29180, 3
29181, 2
29182, 2
29183, 3
29184, 1
29185, 2
29187, 1
29188, 4
29189, 4
29190, 3
29191, 2
29192, 2
29193, 2
29194, 6
29195, 4
29196, 6
29197, 3
29198, 1
29199, 7
29200, 5
29201, 5
29202, 4
29203, 9
29204, 2
29205, 7
29206, 3
29207, 7
29208, 4
29209, 4
29210, 6
29211, 8
29212, 8
29213, 2
29214, 4
29215, 3
29216, 5
29217, 2
29218, 8
29219, 4
29220, 9
29221, 4
29222, 3
29223, 2
29224, 2
29225, 6
29226, 2
29227, 2
29228, 3
29229, 3
29231, 3
29232, 2
29233, 2
29235, 2
29236, 1
29237, 4
29238, 3
29239, 1
29240, 3
29241, 3
29242, 2
29243, 1
29247, 2
29248, 3
29249, 3
29250, 1
29251, 2
29252, 1
29253, 4
29254, 3
29255, 2
29256, 1
29258, 5
29259, 1
29260, 3
29263, 1
29264, 3
29265, 3
29267, 3
29268, 3
29269, 2
29270, 2
29273, 2
29274, 7
29275, 2
29276, 3
29277, 1
29278, 2
29279, 4
29280, 7
29281, 4
29282, 3
29283, 3
29284, 3
29285, 7
29286, 4
29287, 5
29288, 7
29289, 5
29290, 7
29291, 2
29292, 7
29293, 5
29294, 3
29295, 6
29296, 3
29297, 12
29298, 4
29299, 3
29300, 3
29301, 6
29302, 3
29303, 4
29304, 6
29305, 4
29306, 8
29307, 2
29308, 4
29309, 3
29310, 5
29311, 3
29312, 2
29313, 5
29315, 2
29316, 3
29317, 2
29319, 2
29321, 3
29322, 3
29323, 2
29324, 2
29325, 2
29326, 3
29327, 4
29328, 1
29331, 1
29332, 1
29333, 2
29334, 1
29335, 4
29336, 1
29337, 1
29338, 1
29339, 6
29340, 3
29342, 1
29343, 3
29344, 3
29346, 2
29347, 1
29349, 1
29350, 4
29351, 2
29353, 6
29354, 1
29355, 1
29356, 1
29357, 1
29358, 2
29359, 4
29360, 5
29361, 2
29362, 1
29363, 3
29364, 1
29365, 8
29366, 3
29367, 4
29368, 5
29369, 1
29370, 4
29371, 7
29372, 5
29373, 6
29374, 7
29375, 4
29376, 4
29377, 4
29378, 8
29379, 4
29380, 3
29381, 5
29382, 10
29383, 7
29384, 4
29385, 3
29386, 4
29387, 4
29388, 1
29389, 6
29390, 6
29391, 10
29392, 2
29393, 3
29394, 3
29395, 1
29396, 7
29397, 2
29398, 3
29399, 3
29400, 2
29401, 1
29402, 3
29403, 1
29404, 2
29406, 3
29407, 1
29408, 2
29409, 3
29410, 2
29411, 3
29412, 3
29413, 3
29417, 2
29418, 2
29420, 4
29421, 1
29422, 1
29423, 2
29424, 4
29425, 2
29426, 3
29427, 1
29428, 1
29429, 2
29430, 3
29431, 2
29432, 1
29434, 2
29435, 2
29436, 3
29438, 3
29439, 3
29440, 2
29441, 2
29444, 3
29445, 5
29446, 3
29447, 3
29448, 2
29449, 1
29450, 7
29451, 2
29452, 5
29453, 4
29454, 2
29455, 5
29456, 5
29457, 6
29458, 3
29459, 10
29460, 3
29461, 7
29462, 3
29463, 4
29464, 8
29465, 3
29466, 6
29467, 7
29468, 5
29469, 6
29470, 3
29471, 4
29472, 6
29473, 2
29474, 6
29475, 4
29476, 4
29477, 9
29478, 3
29479, 3
29480, 2
29481, 3
29482, 5
29483, 2
29484, 2
29485, 4
29486, 1
29487, 1
29488, 3
29489, 1
29490, 2
29492, 3
29493, 2
29494, 3
29495, 3
29496, 1
29497, 4
29498, 3
29499, 1
29502, 1
29503, 1
29504, 3
29505, 2
29506, 1
29507, 3
29508, 1
29509, 2
29510, 4
29511, 1
29512, 2
29513, 1
29514, 3
29515, 3
29516, 1
29517, 1
29518, 1
29520, 4
29521, 1
29522, 2
29524, 6
29525, 1
29526, 2
29527, 1
29529, 2
29530, 3
29531, 5
29532, 3
29533, 1
29534, 3
29535, 2
29536, 5
29537, 4
29538, 5
29539, 3
29540, 2
29541, 8
29542, 5
29543, 4
29544, 4
29545, 10
29546, 2
29547, 5
29548, 5
29549, 8
29550, 3
29551, 6
29552, 2
29553, 9
29554, 8
29555, 1
29556, 5
29557, 6
29558, 4
29559, 1
29560, 7
29561, 5
29562, 7
29563, 5
29564, 2
29565, 3
29566, 3
29567, 5
29568, 2
29569, 3
29570, 3
29571, 2
29572, 1
29573, 3
29574, 1
29575, 2
29577, 2
29578, 3
29579, 3
29580, 2
29581, 3
29582, 1
29583, 3
29584, 3
29588, 2
29590, 3
29591, 2
29592, 3
29593, 1
29594, 1
29595, 5
29596, 1
29597, 3
29598, 1
29599, 1
29600, 4
29601, 1
29602, 3
29605, 1
29606, 4
29607, 2
29609, 3
29610, 4
29611, 2
29613, 1
29615, 3
29616, 4
29617, 5
29618, 2
29619, 2
29620, 2
29621, 3
29622, 6
29623, 6
29624, 2
29625, 3
29626, 4
29627, 6
29628, 7
29629, 4
29630, 7
29631, 3
29632, 8
29633, 2
29634, 5
29635, 6
29636, 5
29637, 4
29638, 8
29639, 5
29640, 6
29641, 3
29642, 5
29643, 6
29644, 2
29645, 5
29646, 5
29647, 4
29648, 9
29649, 2
29650, 3
29651, 1
29652, 4
29653, 5
29654, 2
29655, 2
29656, 4
29657, 1
29658, 2
29659, 2
29660, 2
29661, 1
29663, 3
29664, 3
29665, 3
29666, 2
29667, 2
29668, 2
29669, 4
29670, 1
29673, 2
29675, 2
29676, 2
29677, 3
29678, 2
29679, 1
29680, 4
29681, 1
29682, 4
29683, 1
29685, 1
29686, 4
29687, 2
29688, 2
29691, 4
29692, 2
29693, 1
29695, 6
29696, 2
29698, 2
29700, 1
29701, 5
29702, 3
29703, 3
29704, 2
29705, 4
29706, 1
29707, 7
29708, 4
29709, 4
29710, 4
29711, 4
29712, 1
29713, 10
29714, 3
29715, 6
29716, 4
29717, 7
29718, 4
29719, 5
29720, 7
29721, 2
29722, 6
29723, 6
29724, 7
29725, 6
29726, 2
29727, 5
29728, 7
29729, 3
29730, 1
29731, 8
29732, 5
29733, 8
29734, 3
29735, 3
29736, 2
29737, 2
29738, 6
29739, 2
29740, 3
29741, 4
29742, 1
29743, 1
29744, 3
29745, 1
29746, 2
29748, 2
29749, 3
29750, 3
29751, 2
29752, 2
29753, 3
29754, 3
29755, 2
29759, 1
29760, 3
29761, 1
29762, 3
29763, 2
29764, 2
29765, 1
29766, 4
29767, 2
29768, 2
29769, 1
29770, 1
29771, 5
29772, 1
29773, 1
29774, 1
29776, 1
29777, 4
29779, 4
29780, 2
29781, 3
29782, 1
29783, 2
29786, 5
29787, 4
29788, 3
29789, 2
29790, 2
29791, 2
29792, 6
29793, 3
29794, 6
29795, 4
29796, 2
29797, 4
29798, 4
29799, 7
29800, 3
29801, 9
29802, 5
29803, 5
29804, 4
29805, 8
29806, 3
29807, 3
29808, 5
29809, 7
29810, 6
29811, 7
29812, 3
29813, 4
29814, 6
29815, 1
29816, 1
29817, 9
29818, 8
29819, 7
29820, 2
29821, 2
29822, 1
29823, 7
29824, 3
29825, 1
29826, 2
29827, 4
29828, 2
29829, 1
29830, 3
29831, 2
29834, 3
29835, 1
29836, 5
29837, 1
29838, 3
29839, 2
29840, 5
29844, 1
29845, 1
29846, 3
29847, 1
29848, 2
29849, 2
29850, 2
29851, 5
29852, 1
29853, 3
29854, 1
29856, 3
29857, 3
29858, 2
29859, 1
29862, 4
29863, 1
29864, 2
29865, 2
29866, 4
29867, 2
29868, 1
29869, 1
29871, 3
29872, 4
29873, 5
29874, 2
29876, 3
29877, 1
29878, 8
29879, 5
29880, 3
29881, 4
29883, 8
29884, 5
29885, 5
29886, 4
29887, 9
29888, 3
29889, 5
29890, 5
29891, 6
29892, 6
29893, 3
29894, 8
29895, 6
29896, 7
29897, 2
29898, 3
29899, 5
29900, 5
29901, 2
29902, 6
29903, 6
29904, 8
29905, 3
29906, 2
29907, 3
29908, 2
29909, 6
29910, 2
29911, 2
29912, 4
29913, 2
29914, 1
29915, 4
29917, 2
29919, 3
29920, 2
29921, 1
29922, 3
29923, 2
29924, 3
29925, 4
29926, 2
29930, 1
29931, 3
29932, 1
29933, 3
29934, 1
29935, 2
29936, 1
29937, 5
29938, 2
29939, 2
29940, 1
29941, 1
29942, 3
29943, 3
29944, 1
29945, 1
29947, 3
29948, 1
29949, 2
29950, 3
29951, 2
29952, 3
29953, 1
29954, 2
29956, 1
29957, 4
29958, 5
29959, 2
29960, 2
29961, 3
29963, 8
29964, 2
29965, 4
29966, 4
29967, 3
29968, 3
29969, 8
29970, 6
29971, 4
29972, 6
29973, 7
29974, 5
29975, 2
29976, 7
29977, 5
29978, 2
29979, 7
29980, 5
29981, 9
29982, 4
29983, 5
29984, 3
29985, 7
29986, 1
29987, 4
29988, 6
29989, 5
29990, 7
29991, 4
29992, 3
29993, 1
29994, 4
29995, 5
29996, 3
29998, 4
29999, 2
30000, 1
30001, 3
30002, 2
30004, 2
30005, 1
30006, 3
30007, 3
30008, 1
30009, 4
30010, 2
30011, 3
30012, 1
30015, 1
30016, 1
30017, 3
30018, 2
30019, 2
30020, 1
30021, 2
30022, 4
30023, 2
30024, 3
30025, 1
30027, 3
30028, 3
30029, 1
30030, 2
30033, 4
30034, 2
30035, 1
30036, 2
30037, 4
30038, 1
30039, 2
30040, 1
30042, 1
30043, 5
30044, 3
30045, 5
30047, 3
30048, 2
30049, 8
30050, 4
30051, 2
30052, 4
30053, 2
30054, 8
30055, 4
30056, 6
30057, 6
30058, 5
30059, 7
30060, 2
30061, 9
30062, 2
30063, 4
30064, 5
30065, 6
30066, 10
30067, 2
30068, 4
30069, 4
30070, 7
30071, 2
30072, 3
30073, 7
30074, 2
30075, 10
30076, 4
30077, 3
30078, 2
30079, 4
30080, 4
30081, 1
30082, 1
30083, 5
30084, 1
30085, 2
30086, 3
30087, 1
30088, 2
30090, 3
30091, 1
30092, 1
30093, 2
30094, 2
30095, 2
30096, 4
30097, 2
30101, 1
30102, 1
30103, 1
30105, 2
30106, 1
30108, 3
30110, 1
30120, 1
