0, 4
1, 1
2, 8
3, 4
5, 3
6, 8
7, 3
8, 1
9, 3
10, 2
12, 8
13, 4
14, 2
15, 4
16, 6
17, 6
18, 6
19, 9
20, 8
21, 2
22, 5
23, 5
24, 5
25, 7
26, 4
27, 10
28, 5
29, 5
30, 6
31, 4
32, 3
33, 6
34, 10
35, 5
36, 7
37, 5
38, 2
39, 6
40, 2
1018, 1
1020, 2
1021, 1
1022, 3
1023, 2
1024, 2
1025, 1
1026, 4
1027, 3
1028, 6
1029, 2
1030, 2
1031, 2
1033, 4
1035, 3
1036, 2
1037, 4
1038, 1
1040, 2
1041, 3
1043, 1
1044, 2
1045, 3
1046, 1
1047, 3
1048, 4
1049, 3
1050, 6
1051, 6
1052, 7
1053, 3
1054, 2
1055, 7
1056, 3
1057, 1
1058, 4
1059, 4
1060, 1
1064, 2
1065, 3
1067, 1
1068, 4
1069, 1
1070, 3
1073, 4
1074, 1
1075, 1
1077, 3
1079, 2
1081, 2
1082, 3
1083, 1
1084, 1
1087, 1
1093, 2
1094, 1
1095, 3
1099, 3
1101, 2
1102, 2
1103, 2
1105, 2
1107, 2
1108, 3
1110, 2
1111, 3
1112, 4
1113, 7
1114, 4
1115, 5
1116, 2
1117, 8
1118, 2
1119, 6
1120, 7
1121, 3
1122, 5
1123, 4
1124, 4
1125, 4
1126, 6
1127, 2
1128, 3
1130, 2
1131, 2
1132, 2
1133, 2
1134, 3
1135, 2
1136, 2
1137, 4
1139, 3
1140, 2
1141, 3
1142, 2
1144, 1
1145, 1
1146, 2
1148, 3
1149, 2
1150, 4
1151, 2
1155, 3
1156, 2
1164, 1
1166, 2
1167, 1
1169, 2
1172, 1
1177, 1
1322, 1
1327, 2
1333, 1
1344, 2
1347, 1
1350, 5
1352, 5
1353, 2
1354, 1
1355, 1
1356, 1
1357, 4
1359, 3
1361, 6
1362, 3
1363, 5
1364, 3
1365, 2
1366, 3
1368, 3
1369, 2
1371, 3
1372, 2
1373, 3
1375, 2
1376, 1
1377, 2
1379, 2
1380, 3
1381, 4
1382, 2
1383, 2
1384, 2
1387, 5
1388, 2
1466, 1
1877, 2
1878, 2
1880, 2
1881, 1
1882, 1
1883, 1
1884, 4
1885, 2
1886, 3
1887, 3
1888, 5
1889, 4
1890, 2
1891, 3
1892, 8
1893, 1
1894, 4
1895, 5
1896, 2
1897, 5
1898, 4
1899, 8
1900, 2
1901, 4
1902, 7
1903, 6
1905, 4
1906, 12
1907, 9
1908, 4
1909, 11
1910, 8
1911, 10
1912, 8
1913, 7
1914, 8
1915, 6
1916, 5
1917, 15
1918, 1
1919, 5
1920, 2
1921, 3
1922, 2
1923, 4
1924, 3
1948, 5
1949, 1
1953, 4
1957, 5
1960, 11
1961, 3
1962, 4
1963, 2
1965, 7
1966, 13
1967, 4
1968, 1
1970, 3
1971, 10
1972, 9
1973, 9
1974, 6
1975, 2
1976, 1
1977, 5
1979, 15
1980, 5
1981, 10
1982, 19
1983, 9
1984, 7
1985, 6
1986, 12
1987, 13
1988, 23
1989, 3
1990, 7
1991, 4
1992, 5
1993, 7
1994, 4
1995, 8
1996, 11
1997, 10
1998, 3
1999, 9
2000, 4
2001, 5
2002, 8
2003, 7
2004, 8
2005, 5
2006, 16
2007, 9
2009, 20
2010, 6
2011, 8
2012, 1
2013, 6
2014, 4
2017, 4
2018, 5
2019, 3
2020, 1
2021, 3
2022, 2
2025, 5
2030, 2
2036, 10
2048, 5
2062, 1
2194, 2
2198, 2
2205, 1
2207, 1
2210, 4
2217, 10
2218, 9
2219, 2
2220, 1
2224, 3
2225, 9
2227, 1
2228, 4
2229, 4
2230, 2
2231, 2
2232, 3
2233, 7
2234, 4
2235, 4
2236, 5
2237, 2
2243, 1
2244, 4
2245, 1
2247, 6
2248, 8
2250, 1
2251, 10
2320, 5
2336, 3
2337, 2
2449, 1
2451, 2
2452, 2
2453, 2
2454, 1
2455, 3
2456, 2
2458, 1
2459, 2
2460, 9
2461, 7
2462, 2
2463, 10
2464, 5
2465, 5
2466, 9
2467, 10
2468, 9
2469, 2
2470, 10
2471, 13
2472, 3
2473, 15
2474, 17
2475, 8
2476, 12
2477, 24
2478, 5
2479, 17
2480, 27
2481, 43
2482, 14
2483, 50
2484, 16
2485, 29
2486, 10
2487, 27
2488, 19
2489, 12
2490, 37
2491, 16
2492, 5
2493, 2
2495, 1
2497, 2
2498, 2
2499, 8
2500, 2
2501, 7
2503, 4
2504, 4
2505, 1
2506, 8
2507, 8
2508, 5
2509, 4
2510, 1
2512, 2
2513, 3
2515, 1
2516, 5
2520, 5
2521, 2
2523, 11
2524, 7
2526, 4
2528, 5
2529, 7
2530, 8
2531, 13
2532, 12
2533, 20
2534, 9
2536, 17
2537, 13
2538, 8
2539, 2
2540, 4
2541, 24
2542, 15
2543, 1
2544, 9
2545, 14
2546, 6
2547, 2
2548, 8
2549, 31
2550, 17
2551, 9
2552, 15
2553, 28
2554, 10
2555, 21
2556, 34
2557, 9
2558, 12
2559, 24
2560, 15
2561, 31
2563, 8
2564, 45
2565, 22
2566, 10
2567, 22
2568, 15
2569, 34
2570, 18
2571, 10
2572, 30
2573, 30
2574, 11
2575, 26
2576, 30
2577, 21
2578, 30
2579, 19
2580, 17
2581, 5
2582, 11
2583, 12
2584, 5
2585, 8
2586, 7
2588, 4
2589, 6
2590, 3
2591, 2
2592, 5
2593, 5
2594, 11
2595, 2
2596, 4
2598, 5
2599, 7
2600, 1
2603, 1
2605, 4
2606, 1
2609, 6
2613, 1
2615, 1
2623, 1
2634, 3
2635, 1
3988, 1
3990, 2
3991, 2
3992, 2
3993, 6
3994, 5
3996, 2
3998, 3
3999, 6
4000, 3
4001, 7
4002, 4
4003, 3
4004, 3
4005, 5
4006, 4
4007, 4
4008, 8
4009, 8
4010, 5
4011, 5
4012, 8
4013, 3
4014, 11
4015, 8
4016, 8
4017, 8
4018, 11
4019, 3
4020, 7
4021, 3
4022, 7
4023, 13
4024, 13
4025, 11
4026, 7
4027, 7
4028, 1
4052, 1
4061, 2
4062, 1
4063, 4
4064, 1
4065, 1
4067, 1
4068, 2
4069, 1
4070, 2
4071, 3
4072, 5
4074, 2
4075, 2
4076, 2
4077, 3
4078, 2
4079, 1
4080, 4
4081, 5
4082, 4
4083, 1
4085, 4
4086, 9
4087, 4
4088, 2
4089, 10
4090, 5
4091, 5
4092, 1
4093, 2
4094, 2
4095, 2
4096, 5
4097, 5
4098, 9
4099, 1
4100, 9
4101, 1
4102, 5
4103, 3
4104, 3
4105, 1
4106, 3
4109, 1
4110, 2
4111, 3
4114, 1
4116, 1
4117, 2
4118, 6
4119, 5
4122, 2
4144, 1
4146, 1
4147, 1
4149, 1
4150, 1
4152, 2
4153, 3
4155, 2
4156, 1
4157, 3
4158, 1
4161, 1
4162, 2
4163, 12
4164, 2
4165, 9
4166, 2
4167, 2
4168, 2
4169, 2
4170, 4
4171, 4
4172, 1
4173, 1
4174, 4
4175, 2
4176, 3
4177, 11
4178, 4
4179, 6
4180, 7
4181, 5
4182, 4
4183, 6
4184, 3
4185, 3
4186, 7
4187, 12
4188, 3
4189, 4
4191, 4
4192, 13
4193, 2
4194, 3
4195, 4
4196, 4
4197, 3
4198, 7
4199, 3
4200, 3
4202, 4
4203, 12
4204, 5
4205, 6
4206, 3
4207, 4
4208, 1
4209, 4
4210, 8
4213, 5
4214, 8
4215, 1
4216, 6
4217, 6
4218, 3
4219, 1
4220, 2
4221, 3
4222, 1
4223, 7
4224, 13
4225, 6
4226, 2
4227, 2
4228, 5
4229, 2
4230, 6
4231, 2
4232, 1
4233, 2
4235, 1
4236, 6
4238, 2
4239, 3
4240, 4
4242, 3
4245, 5
4246, 5
4248, 2
4249, 8
4251, 3
4254, 3
4261, 5
4262, 1
4277, 2
4470, 2
4471, 2
4472, 1
4473, 1
4474, 1
4475, 2
4476, 1
4477, 3
4478, 4
4479, 4
4480, 2
4481, 3
4482, 1
4483, 4
4484, 1
4485, 1
4486, 7
4487, 5
4488, 9
4489, 5
4491, 3
4492, 8
4493, 4
4494, 11
4495, 6
4496, 13
4497, 1
4498, 7
4499, 8
4500, 3
4501, 2
4502, 6
4503, 5
4504, 5
4505, 4
4506, 10
4507, 1
4508, 16
4509, 8
4510, 16
4511, 1
4513, 2
4514, 2
4515, 7
4517, 1
4518, 3
4539, 2
4540, 3
4544, 2
4545, 2
4546, 3
4547, 2
4549, 8
4550, 7
4551, 6
4552, 6
4553, 3
4554, 6
4555, 6
4556, 3
4558, 3
4560, 7
4561, 8
4562, 7
4563, 8
4564, 7
4565, 10
4566, 12
4567, 10
4568, 6
4569, 4
4570, 9
4571, 9
4572, 8
4573, 11
4574, 5
4575, 15
4576, 5
4577, 15
4578, 12
4579, 10
4580, 10
4581, 15
4582, 24
4583, 16
4584, 16
4585, 13
4586, 4
4587, 6
4588, 5
4589, 8
4590, 2
4591, 11
4592, 9
4594, 3
4595, 10
4596, 4
4597, 11
4598, 4
4599, 4
4600, 6
4601, 6
4602, 13
4603, 2
4604, 8
4605, 8
4606, 5
4607, 5
4609, 11
4610, 6
4611, 2
4612, 3
4613, 1
4614, 4
4615, 5
4618, 8
4619, 3
4621, 3
4622, 3
4623, 1
4630, 3
4631, 3
4632, 1
4633, 2
4650, 1
4651, 2
4663, 1
4664, 2
4666, 1
4667, 2
4668, 2
4672, 1
4675, 10
4676, 10
4677, 5
4679, 3
4680, 12
4682, 6
4683, 6
4684, 20
4685, 6
4686, 3
4687, 3
4688, 1
4689, 8
4690, 24
4691, 1
4692, 13
4693, 9
4694, 3
4695, 6
4696, 1
4697, 2
4698, 4
4699, 4
4700, 8
4701, 11
4702, 7
4703, 8
4704, 17
4705, 23
4706, 5
4707, 4
4708, 6
4709, 11
4710, 6
4711, 18
4713, 13
4714, 18
4715, 4
4716, 11
4719, 11
4720, 2
4721, 5
4722, 12
4723, 1
4724, 12
4725, 6
4726, 4
4727, 5
4728, 5
4729, 4
4731, 6
4733, 3
4734, 3
4736, 4
4737, 6
4738, 3
4739, 11
4740, 19
4741, 10
4744, 8
4745, 11
4746, 3
4747, 14
4749, 2
4750, 9
4751, 5
4753, 10
4754, 6
4755, 4
4756, 5
4757, 5
4758, 5
4760, 4
4761, 5
4763, 16
4764, 5
4766, 6
4767, 5
4768, 3
4769, 8
4770, 17
4771, 1
4772, 13
4773, 8
4774, 4
4775, 4
4776, 9
4779, 4
4780, 7
4781, 10
4782, 6
4783, 3
4785, 3
4789, 14
4790, 5
4793, 5
4802, 5
4803, 5
4806, 5
4808, 5
4813, 3
4814, 3
5047, 6
5053, 7
5054, 5
5175, 1
5176, 2
5177, 3
5179, 2
5182, 2
5183, 3
5184, 3
5185, 2
5186, 1
5188, 3
5189, 3
5190, 5
5191, 4
5192, 7
5193, 1
5194, 4
5195, 3
5196, 4
5197, 6
5198, 5
5199, 6
5200, 3
5201, 4
5202, 1
5203, 4
5204, 6
5205, 4
5206, 6
5207, 5
5208, 4
5209, 4
5210, 3
5211, 8
5212, 11
5213, 12
5214, 3
5215, 7
5216, 5
5218, 7
5220, 4
5221, 2
5222, 4
5223, 1
5224, 14
5225, 2
5227, 7
5231, 1
5232, 2
5233, 3
5234, 11
5236, 1
5237, 6
5240, 3
5241, 1
5242, 2
5243, 3
5247, 3
5248, 6
5252, 4
5253, 5
5255, 14
5256, 9
5257, 11
5258, 8
5260, 6
5264, 10
5265, 5
5266, 13
5267, 5
5268, 5
5269, 5
5270, 2
5271, 8
5272, 18
5273, 12
5274, 11
5275, 5
5276, 5
5277, 10
5278, 4
5279, 14
5280, 5
5281, 9
5282, 10
5283, 14
5284, 22
5285, 4
5286, 10
5288, 15
5289, 22
5290, 6
5291, 2
5292, 6
5293, 23
5294, 4
5295, 10
5296, 16
5298, 2
5299, 3
5301, 6
5302, 4
5303, 31
5304, 3
5305, 8
5306, 10
5307, 11
5309, 1
5310, 11
5311, 13
5312, 2
5313, 5
5314, 5
5315, 2
5316, 1
5319, 2
5320, 6
5321, 3
5328, 2
5329, 2
5330, 2
5340, 2
5343, 2
5362, 3
5641, 1
5642, 1
5643, 1
5644, 2
5645, 1
5646, 6
5647, 3
5648, 4
5649, 6
5650, 3
5651, 3
5654, 2
5655, 3
5656, 12
5657, 8
5658, 8
5659, 4
5660, 1
5661, 4
5662, 4
5663, 8
5664, 10
5665, 14
5666, 5
5667, 12
5668, 15
5669, 8
5670, 17
5671, 11
5672, 10
5673, 27
5674, 7
5675, 14
5676, 25
5677, 11
5678, 25
5679, 27
5680, 28
5681, 11
5682, 5
5683, 8
5684, 2
5685, 4
5687, 2
5688, 11
5691, 3
5694, 1
5708, 2
5709, 4
5713, 1
5714, 1
5715, 1
5716, 6
5719, 2
5720, 5
5721, 1
5723, 1
5724, 2
5725, 5
5726, 16
5727, 7
5728, 9
5729, 1
5730, 16
5731, 4
5732, 6
5733, 9
5735, 17
5736, 8
5737, 5
5738, 9
5739, 17
5740, 10
5741, 16
5742, 8
5743, 20
5744, 19
5745, 21
5746, 20
5747, 6
5748, 22
5749, 12
5750, 6
5751, 11
5752, 11
5753, 18
5754, 10
5755, 14
5756, 16
5757, 16
5758, 11
5759, 7
5760, 13
5761, 21
5762, 23
5763, 25
5764, 14
5765, 9
5766, 17
5767, 6
5768, 11
5769, 3
5770, 9
5771, 22
5772, 8
5773, 13
5774, 14
5775, 12
5776, 3
5777, 11
5778, 1
5779, 9
5780, 2
5781, 5
5782, 1
5783, 4
5784, 12
5785, 9
5786, 1
5790, 1
5791, 1
5792, 2
5797, 3
5799, 1
5804, 2
5806, 1
5807, 1
5810, 1
5811, 3
5812, 1
5813, 1
5814, 1
5815, 2
5816, 2
5817, 1
5819, 2
5820, 6
5822, 8
5824, 1
5825, 4
5827, 2
5829, 4
5830, 3
5831, 6
5832, 7
5833, 8
5834, 5
5835, 4
5836, 7
5837, 1
5838, 10
5839, 9
5840, 8
5841, 12
5842, 13
5843, 8
5844, 26
5845, 26
5846, 27
5847, 11
5848, 13
5849, 15
5850, 20
5851, 11
5852, 9
5853, 27
5854, 12
5855, 29
5856, 9
5857, 16
5858, 7
5859, 5
5860, 11
5861, 17
5862, 9
5863, 19
5864, 18
5865, 22
5866, 18
5867, 23
5868, 26
5869, 28
5870, 36
5871, 14
5872, 28
5873, 13
5874, 10
5875, 17
5876, 26
5877, 18
5878, 12
5879, 1
5880, 4
5881, 19
5882, 15
5883, 21
5884, 5
5885, 6
5886, 3
5887, 11
5888, 6
5889, 25
5890, 13
5891, 25
5892, 7
5893, 12
5894, 16
5895, 22
5896, 20
5897, 10
5898, 10
5899, 4
5900, 18
5901, 11
5902, 11
5903, 17
5904, 16
5905, 22
5906, 8
5907, 7
5908, 18
5909, 4
5910, 10
5911, 14
5912, 13
5913, 22
5914, 20
5915, 12
5916, 16
5917, 9
5918, 11
5919, 5
5921, 8
5922, 8
5923, 12
5924, 12
5925, 4
5926, 15
5927, 5
5928, 12
5929, 7
5930, 1
5931, 4
5932, 3
5933, 11
5934, 4
5935, 8
5937, 1
5939, 17
5940, 4
5941, 8
5942, 1
5943, 10
5944, 10
5945, 7
5946, 1
5948, 5
5949, 1
5953, 9
5954, 5
5955, 4
5957, 3
5959, 7
5960, 1
5963, 1
5964, 1
5967, 1
5969, 4
5974, 9
5976, 1
5977, 3
5983, 2
5985, 1
5995, 1
5999, 2
6002, 1
6004, 1
6009, 1
6010, 1
6012, 1
6031, 1
6082, 1
6211, 3
6960, 2
6961, 2
6962, 2
6963, 1
6966, 3
6967, 4
6968, 5
6969, 4
6970, 2
6971, 2
6972, 4
6973, 3
6974, 3
6975, 5
6976, 4
6977, 7
6978, 7
6979, 2
6980, 3
6981, 5
6982, 6
6983, 5
6984, 6
6985, 5
6987, 6
6988, 1
6989, 4
6990, 12
6991, 9
6992, 12
6993, 4
6994, 11
6995, 6
6996, 11
6997, 9
6998, 13
6999, 5
7000, 1
7001, 2
7030, 1
7036, 2
7037, 4
7040, 1
7043, 2
7044, 3
7045, 2
7046, 5
7047, 1
7048, 3
7049, 4
7051, 1
7052, 3
7053, 1
7054, 8
7056, 5
7057, 2
7058, 6
7059, 3
7060, 1
7061, 2
7062, 5
7063, 5
7064, 5
7065, 8
7066, 5
7067, 2
7068, 2
7069, 3
7070, 7
7073, 4
7074, 3
7075, 2
7076, 3
7077, 5
7078, 5
7079, 2
7081, 1
7082, 5
7083, 1
7084, 1
7085, 4
7086, 1
7087, 2
7088, 4
7089, 1
7091, 3
7093, 2
7097, 3
7098, 1
7099, 2
7103, 2
7104, 1
7106, 2
7115, 2
7118, 2
7125, 2
7303, 3
7305, 2
7307, 4
7308, 3
7310, 2
7312, 2
7313, 5
7314, 4
7315, 6
7316, 2
7317, 1
7318, 7
7319, 3
7320, 5
7321, 2
7322, 6
7323, 11
7324, 5
7325, 11
7326, 7
7327, 4
7328, 4
7329, 3
7330, 17
7331, 5
7332, 20
7333, 17
7334, 7
7335, 9
7336, 22
7337, 15
7338, 22
7339, 17
7340, 10
7341, 16
7342, 21
7343, 6
7344, 11
7345, 3
7346, 9
7347, 3
7348, 6
7349, 3
7352, 2
7353, 6
7354, 1
7375, 1
7376, 1
7377, 1
7379, 5
7380, 1
7382, 3
7384, 8
7385, 5
7386, 5
7387, 5
7388, 13
7389, 14
7390, 2
7391, 11
7392, 2
7393, 9
7394, 18
7395, 14
7397, 5
7398, 15
7399, 12
7400, 23
7401, 8
7402, 14
7403, 5
7404, 5
7405, 21
7406, 4
7407, 14
7408, 21
7409, 2
7410, 13
7411, 15
7412, 4
7413, 16
7414, 21
7415, 12
7416, 10
7417, 25
7418, 15
7419, 14
7420, 19
7421, 16
7422, 15
7423, 2
7424, 10
7425, 7
7426, 3
7427, 5
7428, 31
7429, 11
7430, 7
7431, 12
7432, 6
7433, 11
7434, 4
7435, 12
7436, 9
7437, 6
7438, 12
7439, 2
7440, 12
7441, 11
7442, 5
7443, 2
7444, 5
7445, 12
7446, 16
7447, 2
7448, 1
7450, 1
7451, 6
7452, 3
7454, 5
7455, 3
7456, 1
7458, 2
7460, 5
7469, 2
7548, 1
7550, 3
7552, 2
7554, 1
7555, 3
7556, 2
7558, 2
7559, 1
7560, 3
7561, 4
7562, 2
7563, 6
7564, 2
7566, 2
7567, 1
7568, 3
7569, 1
7570, 8
7571, 2
7572, 4
7573, 8
7574, 4
7575, 9
7576, 5
7577, 5
7578, 9
7579, 6
7580, 9
7581, 1
7582, 6
7583, 12
7584, 10
7585, 5
7586, 7
7587, 5
7588, 9
7589, 1
7590, 4
7591, 4
7592, 2
7596, 2
7597, 5
7601, 2
7602, 5
7603, 3
7616, 1
7625, 1
7626, 2
7627, 6
7628, 5
7629, 4
7630, 2
7631, 1
7632, 2
7634, 1
7635, 3
7636, 3
7637, 2
7638, 4
7639, 1
7640, 3
7641, 1
7642, 4
7643, 2
7644, 3
7645, 2
7646, 2
7647, 7
7648, 7
7649, 3
7651, 3
7652, 2
7654, 1
7655, 1
7656, 2
7657, 11
7658, 3
7659, 2
7660, 1
7661, 5
7662, 1
7663, 1
7664, 11
7665, 4
7666, 2
7667, 1
7668, 1
7669, 2
7670, 2
7671, 2
7672, 2
7673, 1
7674, 1
7675, 1
7676, 5
7678, 1
7679, 2
7680, 2
7681, 4
7682, 3
7685, 2
7686, 2
7687, 2
7689, 2
7690, 1
7726, 1
7728, 1
7729, 2
7736, 7
7737, 1
7739, 1
7740, 2
7741, 16
7742, 2
7743, 6
7744, 6
7745, 2
7746, 1
7747, 9
7748, 26
7749, 7
7750, 10
7751, 9
7752, 11
7753, 1
7754, 9
7755, 11
7756, 8
7757, 15
7758, 24
7759, 17
7760, 22
7761, 24
7762, 31
7763, 32
7764, 16
7765, 19
7766, 13
7767, 17
7768, 1
7769, 13
7770, 37
7771, 7
7772, 17
7773, 16
7774, 35
7775, 20
7776, 8
7777, 9
7778, 18
7779, 17
7780, 34
7781, 8
7782, 11
7783, 16
7784, 15
7785, 7
7786, 14
7787, 20
7788, 11
7789, 18
7790, 8
7791, 19
7792, 21
7793, 13
7794, 15
7795, 29
7796, 3
7797, 8
7798, 22
7799, 13
7800, 2
7801, 8
7802, 12
7803, 9
7804, 16
7805, 18
7806, 11
7807, 10
7808, 3
7809, 15
7810, 36
7811, 6
7812, 11
7813, 21
7814, 13
7815, 4
7816, 3
7817, 1
7818, 12
7819, 9
7820, 19
7821, 3
7822, 12
7823, 16
7824, 12
7825, 14
7826, 26
7827, 10
7828, 4
7829, 18
7830, 13
7831, 26
7832, 15
7833, 12
7834, 31
7835, 9
7836, 15
7837, 17
7838, 17
7839, 15
7840, 17
7841, 10
7842, 8
7843, 8
7844, 13
7845, 11
7846, 16
7847, 20
7848, 13
7849, 6
7850, 10
7851, 6
7852, 13
7854, 18
7855, 3
7856, 10
7857, 9
7858, 5
7859, 7
7860, 9
7861, 6
7862, 3
7863, 8
7864, 9
7865, 5
7866, 10
7868, 6
7869, 3
7870, 2
7872, 12
7873, 2
7875, 5
7876, 3
7879, 5
7880, 3
7884, 1
7888, 4
7890, 2
7891, 1
7892, 6
7894, 2
7898, 5
7900, 3
7903, 2
7905, 3
7906, 1
7907, 1
7912, 2
7924, 3
7927, 1
7929, 2
8041, 1
8042, 1
8043, 1
8044, 1
8045, 2
8046, 1
8047, 2
8048, 2
8049, 1
8050, 2
8051, 1
8052, 1
8053, 2
8054, 4
8055, 2
8056, 1
8057, 1
8058, 1
8059, 1
8060, 3
8061, 6
8062, 7
8063, 4
8064, 6
8065, 6
8066, 4
8067, 6
8068, 8
8069, 6
8070, 8
8071, 8
8072, 3
8073, 8
8074, 4
8075, 4
8076, 12
8077, 6
8078, 9
8079, 14
8080, 3
8081, 11
8082, 2
8085, 2
8086, 2
8088, 3
8089, 2
8097, 5
8098, 1
8108, 2
8110, 2
8111, 5
8112, 5
8114, 1
8116, 1
8117, 3
8118, 9
8119, 3
8120, 2
8122, 3
8123, 4
8125, 11
8126, 4
8127, 4
8128, 5
8129, 4
8130, 7
8131, 11
8132, 6
8133, 20
8134, 12
8135, 6
8136, 9
8137, 2
8138, 11
8139, 12
8140, 3
8141, 18
8142, 6
8143, 5
8144, 7
8145, 13
8146, 8
8147, 14
8148, 15
8149, 11
8150, 12
8151, 11
8152, 6
8153, 4
8154, 20
8155, 16
8156, 9
8157, 11
8158, 8
8159, 17
8160, 5
8161, 6
8162, 5
8163, 17
8164, 2
8165, 3
8166, 6
8167, 6
8168, 3
8169, 8
8170, 3
8171, 2
8172, 4
8173, 6
8174, 5
8175, 3
8176, 4
8177, 3
8178, 3
8180, 3
8181, 2
8182, 4
8184, 2
8185, 3
8189, 3
8190, 3
8191, 1
8192, 4
8198, 3
8199, 3
8358, 1
8359, 3
8360, 2
8361, 1
8362, 1
8363, 1
8364, 3
8365, 1
8366, 2
8367, 1
8368, 7
8369, 6
8370, 4
8371, 5
8372, 11
8373, 7
8374, 5
8375, 9
8376, 10
8377, 5
8378, 10
8379, 1
8380, 8
8381, 9
8382, 10
8383, 5
8384, 11
8385, 1
8386, 8
8387, 6
8388, 24
8389, 9
8390, 21
8391, 14
8392, 18
8393, 17
8394, 35
8395, 26
8396, 27
8397, 19
8398, 23
8399, 14
8400, 8
8401, 5
8402, 6
8403, 1
8404, 9
8407, 4
8412, 3
8428, 3
8432, 1
8433, 5
8434, 4
8435, 6
8436, 7
8437, 5
8438, 8
8439, 7
8440, 7
8441, 3
8442, 12
8443, 5
8444, 4
8445, 12
8446, 7
8447, 8
8448, 21
8449, 9
8450, 12
8451, 12
8452, 8
8453, 9
8454, 7
8455, 5
8456, 17
8457, 18
8458, 12
8459, 6
8460, 13
8461, 16
8462, 8
8463, 9
8464, 22
8465, 16
8466, 24
8467, 16
8468, 30
8469, 20
8470, 19
8471, 16
8472, 14
8473, 12
8474, 13
8475, 31
8476, 18
8477, 12
8478, 11
8479, 6
8480, 3
8481, 4
8482, 13
8483, 6
8484, 3
8485, 6
8487, 9
8489, 4
8490, 15
8491, 5
8494, 3
8495, 2
8496, 5
8498, 3
8499, 9
8500, 1
8501, 6
8505, 4
8509, 1
8510, 2
8512, 2
8522, 1
10193, 1
10194, 1
10195, 1
10197, 1
10198, 4
10199, 2
10200, 1
10201, 1
10202, 1
10203, 3
10205, 6
10206, 3
10207, 4
10208, 1
10209, 4
10210, 3
10211, 6
10212, 10
10213, 3
10214, 3
10215, 6
10216, 9
10217, 8
10218, 10
10219, 7
10220, 14
10221, 15
10222, 13
10223, 12
10224, 18
10225, 24
10226, 17
10227, 18
10228, 26
10229, 32
10230, 36
10231, 13
10232, 30
10233, 38
10234, 21
10235, 13
10236, 4
10237, 8
10238, 6
10239, 2
10240, 6
10241, 17
10244, 12
10245, 14
10246, 3
10247, 7
10250, 3
10251, 7
10253, 2
10254, 2
10262, 5
10264, 3
10265, 5
10266, 3
10269, 3
10270, 5
10271, 1
10272, 6
10274, 5
10275, 3
10276, 8
10277, 16
10278, 11
10279, 5
10280, 2
10281, 14
10282, 8
10283, 19
10284, 13
10285, 10
10286, 7
10287, 5
10288, 5
10289, 11
10290, 9
10291, 25
10292, 33
10293, 8
10294, 13
10295, 13
10296, 14
10297, 11
10298, 19
10299, 16
10300, 23
10301, 10
10302, 20
10303, 18
10304, 25
10305, 12
10306, 24
10307, 19
10308, 27
10309, 17
10310, 25
10311, 11
10312, 12
10313, 14
10314, 19
10315, 26
10316, 24
10317, 12
10318, 12
10319, 27
10320, 11
10321, 19
10322, 24
10323, 5
10324, 23
10325, 17
10326, 9
10327, 11
10328, 10
10329, 2
10330, 26
10331, 7
10332, 3
10333, 2
10334, 12
10335, 4
10336, 4
10337, 3
10338, 8
10339, 3
10340, 12
10341, 6
10343, 2
10344, 3
10345, 3
10346, 4
10348, 3
10349, 6
10350, 1
10354, 7
10355, 4
10358, 2
10359, 5
10362, 7
10363, 1
10364, 6
10365, 1
10366, 5
10369, 6
10374, 4
10375, 3
10377, 2
10381, 3
10393, 3
10394, 3
10399, 2
10401, 2
10416, 1
10597, 1
10682, 4
11076, 4
11077, 2
11078, 2
11079, 1
11080, 1
11081, 1
11082, 2
11083, 3
11084, 3
11085, 3
11086, 3
11087, 2
11088, 3
11089, 7
11090, 2
11091, 3
11092, 4
11093, 6
11094, 5
11095, 2
11096, 4
11097, 3
11098, 4
11099, 5
11100, 1
11101, 4
11102, 2
11103, 5
11104, 7
11105, 10
11106, 7
11107, 3
11108, 9
11109, 3
11110, 6
11111, 12
11112, 14
11113, 4
11114, 8
11115, 8
11146, 1
11147, 4
11149, 2
11151, 4
11153, 2
11154, 2
11156, 5
11158, 4
11160, 2
11162, 6
11163, 2
11164, 2
11165, 4
11166, 2
11168, 2
11169, 8
11170, 11
11171, 4
11173, 8
11174, 4
11175, 4
11176, 4
11177, 6
11178, 4
11179, 5
11181, 6
11182, 5
11183, 2
11184, 3
11185, 8
11186, 3
11187, 3
11188, 5
11190, 5
11191, 1
11192, 2
11193, 4
11194, 2
11195, 1
11196, 7
11197, 3
11198, 2
11199, 2
11202, 6
11203, 3
11204, 3
11206, 2
11207, 5
11208, 2
11209, 1
11210, 2
11212, 2
11215, 1
11220, 2
11221, 2
11223, 3
11226, 2
11231, 3
11262, 2
11266, 2
11755, 1
11760, 2
11761, 1
11762, 3
11763, 1
11764, 3
11765, 6
11766, 3
11767, 5
11768, 4
11769, 4
11770, 7
11771, 2
11772, 1
11773, 8
11774, 8
11775, 3
11776, 4
11777, 3
11778, 3
11779, 6
11780, 9
11781, 3
11782, 7
11783, 9
11784, 9
11785, 1
11786, 5
11787, 4
11788, 4
11789, 2
11790, 6
11791, 11
11792, 11
11793, 4
11794, 4
11795, 7
11796, 2
11797, 1
11823, 1
11827, 1
11828, 2
11829, 4
11830, 2
11831, 6
11832, 5
11833, 5
11834, 6
11835, 8
11836, 10
11837, 7
11839, 4
11840, 8
11841, 11
11842, 9
11843, 6
11844, 10
11845, 6
11846, 22
11847, 13
11848, 24
11849, 8
11850, 8
11851, 12
11852, 14
11853, 12
11854, 14
11855, 20
11856, 8
11857, 11
11858, 12
11859, 8
11860, 16
11861, 15
11862, 5
11863, 15
11864, 13
11865, 12
11866, 9
11867, 5
11868, 3
11869, 6
11870, 5
11871, 5
11872, 10
11873, 10
11874, 15
11875, 2
11876, 12
11877, 13
11878, 7
11879, 9
11880, 7
11881, 2
11882, 10
11883, 10
11884, 7
11885, 9
11886, 9
11887, 4
11888, 10
11890, 2
11891, 8
11893, 4
11894, 1
11895, 4
11897, 2
11898, 3
11899, 5
11900, 3
12555, 2
12556, 2
12557, 2
12558, 1
12559, 2
12560, 1
12561, 2
12563, 1
12564, 3
12565, 2
12566, 2
12567, 3
12568, 5
12569, 5
12570, 3
12572, 3
12573, 9
12574, 6
12575, 4
12576, 7
12577, 8
12578, 7
12579, 6
12580, 7
12581, 7
12582, 22
12583, 20
12584, 13
12585, 21
12586, 13
12587, 27
12588, 27
12589, 23
12590, 24
12591, 41
12592, 38
12593, 31
12594, 8
12595, 8
12596, 25
12597, 7
12598, 25
12599, 13
12600, 7
12601, 23
12602, 32
12603, 11
12604, 27
12605, 14
12606, 30
12607, 10
12608, 12
12609, 19
12610, 30
12611, 31
12612, 20
12613, 11
12614, 7
12615, 11
12616, 22
12617, 20
12618, 19
12619, 17
12620, 16
12621, 10
12622, 7
12623, 8
12624, 20
12625, 4
12626, 2
12628, 11
12629, 2
12630, 8
12631, 5
12632, 6
12633, 2
12635, 11
12638, 11
12639, 7
12640, 3
12641, 10
12642, 5
12643, 8
12644, 11
12645, 4
12646, 5
12647, 35
12648, 2
12649, 18
12650, 10
12651, 8
12652, 1
12653, 9
12654, 4
12655, 54
12656, 38
12657, 27
12658, 20
12659, 24
12660, 21
12661, 20
12662, 16
12663, 26
12664, 21
12665, 21
12666, 28
12667, 20
12668, 6
12669, 26
12670, 34
12671, 20
12672, 33
12673, 54
12674, 37
12675, 56
12676, 42
12677, 31
12678, 29
12679, 23
12680, 48
12681, 53
12682, 40
12683, 26
12684, 32
12685, 40
12686, 46
12687, 21
12688, 31
12689, 37
12690, 53
12691, 53
12692, 43
12693, 49
12694, 21
12695, 36
12696, 36
12697, 48
12698, 35
12699, 42
12700, 39
12701, 43
12702, 22
12703, 32
12704, 63
12705, 43
12706, 38
12707, 33
12708, 33
12709, 22
12710, 28
12711, 18
12712, 39
12713, 30
12714, 32
12715, 27
12716, 10
12717, 14
12719, 4
12720, 30
12721, 26
12722, 29
12723, 6
12724, 3
12725, 19
12726, 15
12727, 28
12728, 5
12729, 29
12730, 21
12731, 17
12732, 19
12733, 11
12734, 13
12735, 15
12736, 18
12737, 16
12738, 8
12739, 27
12740, 21
12741, 1
12742, 7
12743, 8
12744, 15
12745, 10
12747, 14
12748, 12
12749, 18
12751, 6
12752, 18
12753, 20
12754, 21
12755, 29
12756, 12
12757, 15
12758, 6
12759, 20
12760, 12
12761, 4
12762, 7
12763, 6
12764, 5
12765, 10
12766, 11
12767, 15
12768, 6
12769, 6
12770, 14
12771, 5
12773, 27
12774, 7
12775, 4
12776, 15
12777, 20
12778, 1
12779, 10
12780, 2
12781, 3
12782, 24
12783, 2
12784, 18
12785, 13
12786, 5
12789, 5
12790, 4
12791, 10
12792, 1
12793, 9
12794, 4
12797, 11
12799, 8
12800, 2
12801, 13
12802, 16
12803, 5
12804, 1
12809, 5
12811, 12
12817, 5
12822, 7
12828, 3
12831, 3
12834, 7
12836, 4
12847, 7
12865, 1
12868, 1
12869, 5
13752, 1
13753, 3
13755, 3
13756, 2
13757, 1
13759, 2
13760, 1
13761, 2
13762, 1
13763, 1
13764, 2
13766, 2
13767, 7
13768, 2
13769, 5
13770, 12
13771, 1
13772, 3
13773, 5
13774, 6
13775, 4
13776, 3
13777, 10
13778, 6
13779, 14
13780, 2
13781, 14
13782, 4
13783, 2
13784, 10
13785, 10
13786, 4
13787, 8
13788, 10
13789, 15
13790, 6
13791, 8
13792, 4
13793, 7
13794, 2
13796, 4
13797, 1
13817, 1
13818, 1
13820, 1
13821, 3
13825, 3
13826, 5
13828, 4
13829, 3
13831, 4
13832, 3
13833, 1
13834, 2
13835, 4
13836, 8
13837, 6
13838, 12
13839, 5
13840, 5
13841, 13
13842, 2
13843, 8
13844, 10
13845, 7
13846, 5
13847, 12
13848, 14
13849, 13
13850, 9
13851, 11
13852, 5
13853, 6
13854, 7
13855, 1
13856, 12
13857, 5
13858, 16
13859, 12
13860, 17
13861, 14
13862, 18
13863, 19
13864, 6
13865, 18
13866, 9
13867, 15
13868, 10
13869, 10
13870, 8
13871, 14
13872, 11
13873, 10
13874, 18
13875, 4
13876, 9
13877, 3
13878, 6
13879, 9
13880, 8
13883, 2
13884, 4
13885, 4
13886, 2
13887, 7
13888, 4
13889, 12
13890, 1
13893, 6
13894, 5
13895, 2
13896, 7
13901, 6
13902, 2
13903, 3
13905, 2
13906, 2
14140, 1
14142, 1
14143, 3
14144, 2
14145, 2
14147, 3
14148, 1
14149, 2
14150, 2
14151, 3
14153, 2
14154, 3
14155, 4
14156, 7
14157, 2
14158, 7
14159, 10
14160, 3
14161, 8
14162, 11
14163, 4
14164, 3
14165, 17
14166, 8
14167, 10
14168, 7
14169, 7
14170, 15
14171, 9
14172, 15
14173, 14
14174, 10
14175, 8
14176, 15
14177, 16
14178, 21
14179, 8
14180, 15
14181, 12
14182, 3
14185, 3
14187, 1
14188, 6
14189, 3
14190, 3
14209, 4
14210, 3
14211, 4
14214, 8
14216, 3
14219, 9
14220, 10
14221, 7
14222, 8
14223, 7
14224, 5
14225, 8
14226, 7
14227, 15
14228, 5
14229, 10
14230, 20
14231, 3
14232, 2
14233, 7
14234, 11
14235, 7
14236, 10
14237, 13
14238, 14
14239, 21
14240, 17
14241, 9
14242, 6
14243, 26
14244, 9
14245, 27
14246, 14
14247, 14
14248, 14
14249, 25
14250, 29
14251, 26
14252, 13
14253, 14
14254, 26
14255, 18
14256, 22
14257, 29
14258, 24
14259, 22
14260, 9
14261, 14
14262, 12
14263, 13
14264, 13
14265, 10
14266, 5
14267, 16
14268, 2
14269, 13
14270, 7
14271, 8
14272, 9
14273, 8
14274, 11
14275, 8
14276, 9
14278, 3
14279, 3
14280, 7
14281, 6
14282, 4
14284, 3
14285, 12
14286, 4
14287, 2
14289, 3
14290, 2
14291, 4
14293, 1
14298, 1
14311, 1
14321, 1
14328, 2
14336, 2
14339, 1
14355, 1
14740, 3
14741, 1
14742, 1
14745, 2
14746, 1
14747, 3
14748, 3
14749, 3
14750, 1
14751, 5
14752, 6
14754, 5
14755, 4
14756, 2
14757, 3
14758, 4
14759, 4
14760, 12
14761, 8
14762, 4
14763, 14
14764, 17
14765, 3
14766, 20
14767, 5
14768, 20
14769, 13
14770, 9
14771, 22
14772, 25
14773, 26
14774, 7
14775, 14
14776, 17
14777, 25
14778, 46
14779, 20
14780, 23
14781, 13
14782, 24
14783, 2
14784, 22
14785, 12
14787, 11
14788, 13
14789, 10
14790, 9
14791, 30
14792, 5
14793, 4
14794, 5
14799, 5
14800, 11
14801, 2
14802, 6
14814, 6
14815, 13
14817, 8
14818, 16
14820, 9
14821, 8
14823, 5
14824, 2
14825, 11
14826, 26
14829, 7
14830, 8
14831, 31
14832, 32
14833, 29
14835, 9
14836, 11
14837, 16
14838, 16
14839, 15
14840, 25
14841, 9
14842, 10
14843, 26
14844, 18
14845, 13
14846, 13
14847, 13
14848, 23
14849, 42
14850, 27
14851, 35
14852, 61
14853, 26
14854, 23
14855, 21
14856, 15
14857, 26
14858, 31
14859, 22
14860, 25
14861, 27
14862, 18
14863, 36
14864, 66
14865, 41
14866, 16
14867, 14
14868, 21
14869, 24
14870, 34
14871, 20
14872, 31
14873, 51
14874, 43
14875, 51
14876, 31
14877, 23
14878, 16
14879, 37
14880, 7
14881, 11
14882, 30
14883, 29
14884, 10
14885, 20
14886, 21
14887, 22
14888, 11
14889, 6
14890, 7
14891, 3
14892, 5
14893, 31
14894, 14
14895, 6
14896, 10
14897, 27
14898, 21
14899, 5
14900, 10
14901, 6
14902, 15
14903, 12
14904, 16
14905, 14
14906, 9
14907, 17
14908, 6
14909, 9
14910, 1
14911, 4
14912, 14
14913, 5
14914, 3
14915, 9
14916, 1
14917, 11
14918, 3
14919, 7
14920, 1
14921, 1
14922, 6
14923, 5
14924, 5
14926, 8
14927, 9
14928, 9
14929, 6
14932, 3
14933, 15
14934, 12
14935, 5
14936, 11
14937, 1
14938, 2
14939, 3
14940, 4
14941, 6
14942, 9
14943, 3
14944, 7
14945, 6
14946, 2
14947, 1
14949, 4
14950, 8
14951, 1
14954, 2
14955, 2
14956, 8
14957, 3
14959, 2
14960, 1
14961, 6
14962, 7
14964, 1
14966, 3
14967, 2
14968, 3
14970, 4
14971, 2
14972, 3
14973, 1
14974, 6
14975, 1
14976, 2
14977, 3
14980, 2
14981, 3
14982, 5
14985, 2
14990, 1
14991, 3
14996, 1
14999, 3
15000, 1
15002, 1
15003, 1
15007, 3
15008, 1
15014, 3
15015, 3
15114, 3
15115, 3
15116, 2
15117, 2
15118, 1
15119, 1
15120, 2
15121, 2
15122, 5
15123, 2
15124, 3
15125, 2
15126, 3
15127, 3
15128, 3
15129, 2
15130, 6
15131, 6
15132, 5
15133, 4
15134, 4
15135, 9
15136, 8
15137, 5
15138, 4
15139, 7
15140, 5
15141, 7
15142, 13
15143, 6
15144, 10
15145, 20
15146, 10
15147, 17
15148, 30
15149, 16
15150, 15
15151, 11
15152, 10
15153, 14
15154, 2
15155, 4
15156, 6
15157, 2
15160, 1
15162, 1
15165, 5
15182, 6
15184, 2
15185, 1
15188, 6
15189, 1
15190, 3
15191, 13
15192, 9
15193, 16
15194, 7
15195, 3
15197, 3
15198, 5
15199, 13
15200, 14
15201, 6
15202, 8
15203, 17
15204, 18
15205, 13
15206, 17
15207, 10
15208, 16
15209, 8
15210, 6
15211, 20
15212, 15
15213, 22
15214, 19
15215, 9
15216, 38
15217, 23
15218, 17
15219, 7
15220, 12
15221, 14
15222, 7
15223, 13
15224, 15
15225, 10
15226, 13
15227, 26
15228, 10
15229, 13
15230, 25
15231, 13
15232, 8
15233, 4
15234, 16
15235, 14
15236, 14
15237, 24
15238, 13
15239, 15
15240, 5
15241, 7
15242, 16
15243, 7
15244, 8
15245, 2
15246, 7
15247, 9
15248, 3
15249, 3
15250, 5
15251, 7
15252, 8
15253, 3
15254, 3
15255, 2
15257, 1
15258, 3
15259, 3
15260, 6
15261, 1
15266, 2
15269, 3
15273, 1
15274, 2
15275, 1
15278, 1
15280, 2
15291, 1
15350, 1
15355, 2
15357, 1
15358, 1
15359, 4
15360, 2
15361, 5
15362, 2
15363, 4
15364, 1
15366, 3
15367, 9
15368, 1
15369, 7
15370, 6
15371, 8
15372, 7
15373, 3
15374, 8
15375, 2
15376, 5
15377, 2
15378, 2
15379, 7
15380, 8
15381, 7
15382, 6
15383, 6
15384, 3
15385, 4
15386, 6
15387, 17
15388, 5
15389, 3
15390, 7
15393, 3
15395, 4
15397, 3
15399, 4
15400, 2
15402, 4
15404, 2
15406, 3
15413, 3
15420, 3
15425, 2
15426, 5
15430, 4
15431, 4
15432, 4
15433, 2
15434, 4
15435, 5
15436, 4
15437, 2
15440, 3
15441, 1
15442, 5
15444, 3
15445, 2
15446, 3
15448, 3
15449, 5
15450, 3
15451, 6
15452, 8
15453, 3
15454, 5
15456, 6
15457, 2
15458, 6
15459, 1
15461, 3
15462, 5
15463, 8
15464, 7
15465, 5
15466, 1
15467, 4
15468, 12
15469, 5
15471, 2
15474, 2
15475, 5
15476, 2
15477, 2
15478, 1
15479, 6
15481, 6
15482, 3
15485, 1
15487, 2
15488, 5
15493, 2
15495, 2
15504, 3
15505, 3
15641, 4
15642, 1
15643, 2
15644, 1
15645, 2
15646, 2
15648, 2
15650, 2
15651, 5
15652, 1
15653, 2
15654, 3
15655, 7
15656, 5
15657, 3
15658, 6
15659, 5
15660, 4
15662, 2
15663, 9
15664, 1
15665, 12
15666, 6
15667, 3
15668, 7
15669, 9
15670, 1
15671, 8
15672, 7
15673, 9
15674, 3
15675, 11
15676, 16
15677, 7
15678, 4
15679, 14
15680, 12
15681, 10
15682, 3
15683, 1
15691, 1
15708, 3
15713, 1
15715, 1
15717, 1
15719, 3
15721, 1
15726, 2
15728, 1
15729, 3
15730, 2
15733, 1
15734, 3
15735, 1
15736, 4
15737, 4
15739, 1
15740, 6
15741, 6
15742, 1
15743, 7
15744, 4
15745, 3
15746, 5
15747, 4
15748, 2
15750, 2
15751, 5
15752, 3
15753, 6
15754, 7
15755, 3
15756, 4
15757, 3
15758, 2
15759, 3
15760, 6
15761, 2
15762, 4
15763, 3
15764, 6
15765, 4
15766, 3
15768, 2
15769, 1
15770, 1
15771, 1
15772, 3
15773, 4
15777, 1
15779, 1
15783, 2
15784, 2
15785, 2
15787, 1
15790, 1
15792, 2
16490, 1
16491, 2
16492, 2
16493, 1
16494, 3
16495, 1
16496, 3
16497, 2
16498, 2
16499, 3
16500, 1
16501, 5
16502, 6
16503, 7
16504, 2
16505, 5
16506, 6
16507, 3
16508, 8
16509, 5
16510, 9
16511, 2
16512, 5
16513, 4
16514, 7
16515, 4
16516, 7
16517, 6
16518, 5
16519, 7
16520, 7
16521, 8
16522, 7
16523, 6
16524, 7
16525, 12
16526, 5
16527, 12
16528, 8
16529, 6
16530, 6
16531, 2
16555, 2
16559, 1
16561, 1
16565, 4
16567, 5
16569, 1
16571, 1
16572, 1
16573, 3
16575, 1
16576, 1
16577, 4
16578, 2
16579, 1
16580, 5
16581, 2
16582, 3
16583, 5
16584, 5
16585, 3
16586, 1
16587, 3
16588, 1
16589, 5
16590, 3
16591, 2
16592, 3
16593, 1
16594, 2
16595, 4
16596, 5
16597, 1
16599, 3
16600, 6
16601, 5
16602, 2
16603, 3
16604, 2
16605, 7
16606, 1
16607, 1
16608, 3
16609, 7
16610, 2
16611, 2
16613, 1
16614, 1
16617, 2
16619, 4
16621, 2
16622, 3
16624, 3
16625, 1
16626, 3
16628, 2
16629, 2
16631, 2
16632, 2
16633, 1
16634, 1
16636, 3
16639, 3
16640, 2
16641, 1
16642, 1
16644, 2
16646, 5
16648, 1
16649, 3
16650, 7
16651, 4
16652, 1
16653, 4
16654, 2
16655, 2
16656, 2
16657, 2
16658, 3
16659, 4
16660, 5
16661, 1
16662, 3
16663, 2
16664, 4
16665, 2
16666, 4
16668, 5
16669, 3
16672, 2
16673, 2
16675, 2
16676, 2
16677, 9
16679, 6
16680, 4
16681, 2
16682, 2
16684, 3
16685, 3
16688, 3
16690, 5
16691, 3
16692, 6
16696, 3
16697, 9
16698, 5
16699, 3
16700, 4
16701, 4
16704, 8
16705, 2
16706, 10
16707, 6
16708, 2
16709, 4
16710, 5
16711, 2
16712, 3
16713, 3
16714, 5
16715, 7
16716, 9
16717, 5
16718, 2
16719, 3
16720, 14
16721, 5
16722, 7
16724, 3
16725, 9
16726, 6
16728, 12
16729, 5
16730, 2
16731, 2
16732, 3
16733, 5
16734, 3
16735, 3
16736, 1
16737, 6
16739, 2
16740, 3
16741, 2
16744, 2
16747, 3
16748, 6
16751, 4
16752, 1
16755, 2
16756, 3
16757, 2
16761, 2
16848, 1
16850, 1
16852, 3
16853, 1
16855, 1
16856, 2
16857, 6
16858, 6
16859, 4
16860, 5
16861, 1
16862, 6
16863, 6
16864, 2
16865, 3
16866, 6
16867, 7
16868, 1
16869, 2
16870, 8
16871, 6
16872, 8
16873, 5
16874, 9
16875, 12
16876, 7
16877, 6
16878, 16
16879, 11
16880, 13
16881, 11
16882, 9
16883, 19
16884, 11
16885, 5
16886, 6
16887, 11
16888, 10
16889, 4
16890, 6
16896, 1
16901, 2
16902, 1
16905, 1
16912, 1
16916, 1
16919, 1
16920, 2
16921, 4
16925, 1
16926, 1
16927, 1
16929, 4
16930, 1
16931, 3
16932, 1
16933, 4
16934, 2
16935, 2
16936, 2
16938, 4
16939, 4
16940, 2
16942, 3
16943, 4
16944, 1
16945, 1
16946, 6
16950, 1
16951, 3
16952, 2
16953, 3
16954, 1
16955, 2
16956, 1
16957, 1
16958, 2
16959, 2
16961, 7
16962, 1
16964, 1
16965, 1
16966, 7
16967, 1
16969, 1
16970, 1
16971, 2
16972, 1
16974, 1
16977, 1
16979, 4
16981, 1
16988, 1
16989, 2
17203, 1
17205, 1
17206, 2
17207, 1
17208, 1
17209, 1
17210, 1
17211, 2
17212, 1
17213, 3
17214, 3
17215, 1
17216, 4
17217, 2
17218, 5
17219, 5
17220, 5
17221, 2
17222, 4
17223, 4
17224, 3
17225, 7
17226, 6
17228, 5
17229, 13
17230, 11
17231, 3
17232, 9
17233, 5
17234, 7
17235, 6
17236, 8
17237, 4
17238, 5
17239, 5
17240, 12
17241, 9
17242, 3
17243, 1
17245, 1
17274, 1
17277, 2
17278, 2
17279, 3
17280, 6
17281, 6
17282, 7
17283, 1
17284, 1
17286, 3
17287, 8
17288, 1
17289, 1
17292, 4
17293, 6
17294, 6
17295, 3
17296, 5
17297, 6
17298, 4
17299, 7
17300, 4
17301, 11
17302, 5
17303, 3
17304, 4
17305, 5
17307, 1
17308, 4
17309, 4
17310, 2
17311, 6
17312, 4
17314, 7
17315, 4
17316, 1
17317, 5
17318, 2
17319, 5
17320, 4
17321, 2
17322, 1
17323, 1
17324, 2
17325, 1
17326, 4
17328, 2
17331, 4
17332, 5
17334, 2
17338, 2
17340, 5
17792, 1
17795, 1
17798, 3
17799, 1
17800, 1
17801, 2
17802, 3
17803, 5
17804, 1
17805, 3
17806, 1
17808, 1
17809, 3
17810, 2
17811, 2
17812, 1
17813, 2
17814, 3
17815, 9
17816, 2
17817, 4
17818, 2
17819, 5
17820, 2
17821, 2
17822, 7
17823, 4
17824, 3
17825, 8
17826, 2
17827, 5
17828, 8
17829, 8
17830, 14
17831, 7
17833, 2
17861, 2
17863, 2
17864, 1
17865, 4
17866, 3
17868, 3
17869, 2
17870, 3
17871, 7
17872, 8
17873, 1
17874, 5
17875, 1
17876, 8
17877, 6
17878, 12
17879, 13
17880, 10
17881, 14
17882, 18
17883, 8
17884, 7
17885, 6
17886, 12
17887, 3
17888, 9
17889, 8
17890, 15
17891, 19
17892, 16
17893, 15
17894, 10
17895, 18
17896, 9
17897, 12
17898, 21
17899, 19
17900, 8
17901, 17
17902, 27
17903, 12
17904, 25
17905, 15
17906, 12
17907, 15
17908, 9
17909, 9
17910, 10
17911, 10
17912, 5
17913, 11
17914, 4
17915, 6
17916, 2
17917, 11
17918, 9
17919, 8
17920, 4
17921, 6
17922, 3
17923, 2
17926, 13
17927, 10
17928, 1
17929, 2
17930, 3
17932, 5
17935, 3
17936, 2
17938, 3
17939, 2
17967, 1
18586, 2
18587, 5
18590, 2
18592, 3
18593, 7
18595, 2
18596, 4
18597, 1
18598, 3
18599, 7
18600, 4
18601, 3
18602, 5
18603, 3
18604, 4
18605, 2
18606, 2
18607, 10
18608, 10
18609, 9
18610, 5
18611, 12
18612, 10
18613, 10
18614, 8
18615, 16
18616, 10
18617, 9
18618, 20
18619, 7
18620, 19
18621, 13
18622, 14
18623, 27
18624, 19
18625, 22
18626, 5
18627, 15
18628, 7
18630, 6
18631, 9
18632, 7
18633, 6
18634, 6
18635, 1
18636, 11
18637, 2
18638, 13
18639, 12
18643, 4
18644, 4
18646, 5
18660, 6
18661, 6
18662, 2
18663, 5
18664, 8
18665, 2
18666, 11
18667, 7
18668, 6
18669, 3
18671, 1
18672, 6
18673, 7
18674, 14
18676, 3
18677, 12
18679, 5
18680, 22
18681, 16
18682, 15
18683, 10
18684, 3
18685, 28
18686, 15
18687, 17
18688, 6
18689, 13
18690, 30
18691, 19
18692, 14
18693, 17
18694, 4
18695, 7
18696, 24
18697, 10
18698, 42
18699, 14
18700, 34
18701, 28
18702, 15
18703, 32
18704, 19
18705, 22
18706, 28
18707, 27
18708, 34
18709, 19
18710, 31
18711, 2
18712, 15
18713, 20
18714, 46
18715, 13
18716, 12
18717, 14
18718, 12
18719, 11
18720, 17
18721, 10
18722, 16
18723, 13
18724, 16
18725, 25
18726, 6
18727, 14
18728, 5
18729, 17
18730, 9
18731, 2
18734, 4
18735, 3
18737, 13
18738, 6
18739, 2
18740, 4
18742, 3
18743, 1
18744, 3
18745, 3
18746, 4
18747, 1
18748, 1
18749, 4
18751, 6
18753, 5
18754, 1
18756, 3
18757, 6
18758, 1
18760, 6
18761, 2
18762, 4
18763, 2
18766, 3
18769, 3
18771, 1
18772, 1
18773, 1
18780, 4
18781, 4
18782, 2
18783, 1
18784, 1
18791, 3
18810, 3
19009, 1
19010, 2
19012, 1
19013, 1
19015, 1
19018, 1
19019, 2
19020, 7
19021, 1
19022, 2
19023, 2
19024, 1
19025, 3
19026, 1
19027, 2
19028, 2
19029, 1
19030, 5
19031, 6
19032, 4
19033, 5
19034, 3
19035, 2
19036, 3
19037, 5
19038, 7
19039, 4
19040, 7
19041, 9
19042, 5
19043, 2
19044, 6
19045, 2
19046, 6
19047, 4
19048, 3
19076, 2
19081, 3
19083, 1
19084, 5
19085, 2
19087, 1
19088, 2
19089, 2
19090, 2
19092, 2
19093, 7
19095, 5
19096, 2
19097, 1
19098, 5
19099, 1
19100, 2
19101, 3
19102, 5
19103, 3
19105, 1
19106, 7
19107, 6
19108, 7
19109, 1
19110, 3
19111, 3
19112, 4
19113, 8
19114, 3
19115, 8
19116, 5
19117, 7
19118, 2
19119, 1
19120, 5
19121, 3
19122, 4
19123, 3
19124, 2
19125, 8
19126, 5
19127, 3
19128, 5
19129, 6
19130, 5
19131, 3
19133, 2
19134, 3
19137, 2
19139, 4
19140, 1
19141, 6
19143, 9
19147, 2
19149, 1
19150, 6
19152, 7
19154, 2
19157, 2
19211, 2
19340, 2
19341, 1
19354, 2
19368, 5
19547, 2
19548, 3
19549, 2
19550, 3
19551, 6
19552, 3
19553, 6
19554, 4
19555, 6
19556, 11
19557, 4
19558, 18
19559, 10
19560, 5
19561, 9
19562, 4
19563, 30
19564, 24
19565, 19
19566, 27
19567, 18
19568, 14
19569, 27
19570, 37
19571, 38
19572, 26
19573, 20
19574, 31
19575, 44
19576, 41
19577, 15
19578, 59
19579, 44
19580, 16
19581, 51
19582, 33
19583, 70
19584, 34
19585, 65
19586, 81
19587, 23
19588, 26
19589, 11
19590, 38
19591, 64
19592, 38
19593, 42
19594, 40
19595, 46
19596, 19
19597, 27
19598, 5
19599, 36
19600, 27
19601, 35
19602, 10
19603, 13
19604, 10
19605, 23
19606, 25
19607, 20
19608, 25
19609, 33
19610, 21
19611, 4
19612, 4
19613, 5
19614, 16
19615, 1
19616, 5
19617, 8
19618, 3
19619, 13
19620, 5
19622, 13
19624, 7
19626, 5
19627, 7
19630, 6
19631, 11
19632, 7
19633, 7
19634, 1
19635, 18
19637, 17
19638, 9
19639, 16
19640, 19
19641, 4
19642, 6
19643, 26
19644, 14
19645, 26
19646, 18
19648, 22
19649, 30
19650, 17
19651, 47
19652, 26
19653, 17
19654, 10
19655, 17
19656, 8
19657, 26
19658, 36
19659, 35
19660, 14
19661, 45
19662, 37
19663, 25
19664, 25
19665, 35
19666, 19
19667, 33
19668, 45
19669, 37
19670, 32
19671, 41
19672, 26
19673, 21
19674, 35
19675, 61
19676, 13
19677, 27
19678, 33
19679, 46
19680, 47
19681, 49
19682, 33
19683, 28
19684, 27
19685, 44
19686, 54
19687, 40
19688, 26
19689, 25
19690, 28
19691, 18
19692, 21
19693, 34
19694, 21
19695, 15
19696, 18
19697, 1
19698, 10
19699, 15
19700, 31
19701, 12
19702, 27
19703, 6
19704, 12
19705, 7
19706, 16
19707, 8
19708, 34
19709, 6
19710, 28
19711, 25
19712, 30
19713, 18
19714, 7
19715, 19
19716, 4
19717, 5
19718, 1
19719, 14
19720, 1
19721, 31
19722, 14
19723, 12
19724, 20
19725, 6
19726, 10
19727, 3
19728, 3
19729, 18
19730, 12
19731, 6
19733, 8
19734, 13
19736, 5
19737, 15
19738, 4
19739, 2
19740, 10
19741, 21
19742, 5
19743, 21
19744, 12
19745, 13
19746, 7
19747, 2
19748, 10
19749, 10
19750, 16
19751, 6
19754, 6
19755, 2
19757, 2
19760, 1
19761, 11
19763, 5
19764, 7
19765, 2
19769, 3
19778, 2
19785, 5
19794, 5
19795, 1
19797, 3
19798, 14
19814, 7
19821, 6
19843, 6
19850, 5
19973, 6
19974, 3
20003, 4
20004, 4
20010, 2
20020, 4
20021, 2
20024, 6
20029, 3
20047, 4
20048, 1
20052, 1
20054, 1
20055, 1
20056, 2
20058, 1
20059, 6
20060, 4
20061, 1
20063, 2
20064, 2
20065, 4
20066, 2
20067, 3
20068, 2
20069, 6
20070, 2
20071, 2
20072, 4
20073, 1
20074, 10
20075, 3
20077, 2
20078, 7
20079, 2
20081, 2
20082, 5
20083, 4
20084, 6
20085, 2
20086, 2
20087, 1
20088, 4
20089, 3
20090, 9
20091, 6
20092, 5
20093, 1
20107, 3
20128, 3
20130, 7
20131, 5
20132, 2
20135, 1
20136, 1
20137, 5
20139, 6
20140, 5
20143, 4
20144, 4
20145, 9
20146, 3
20147, 3
20148, 4
20149, 7
20151, 6
20152, 2
20153, 2
20154, 8
20155, 4
20156, 6
20157, 4
20158, 6
20159, 12
20160, 2
20161, 8
20162, 11
20163, 1
20165, 3
20166, 6
20167, 2
20168, 7
20169, 8
20170, 10
20171, 2
20172, 4
20173, 4
20174, 3
20175, 6
20176, 3
20177, 3
20178, 6
20179, 3
20182, 5
20183, 3
20185, 3
20186, 6
20187, 5
20189, 3
20190, 4
20191, 2
20192, 3
20193, 2
20199, 3
20204, 2
20211, 2
20280, 2
20281, 1
20282, 2
20284, 2
20285, 1
20286, 4
20287, 2
20288, 2
20290, 9
20291, 4
20292, 2
20293, 3
20294, 2
20295, 3
20296, 9
20297, 7
20298, 5
20299, 4
20300, 6
20302, 7
20303, 7
20304, 3
20305, 3
20306, 9
20307, 8
20308, 3
20309, 11
20310, 12
20311, 5
20312, 6
20313, 8
20314, 10
20315, 5
20316, 8
20317, 10
20318, 11
20319, 10
20320, 3
20321, 6
20322, 3
20323, 2
20326, 3
20327, 2
20328, 4
20329, 3
20334, 2
20335, 2
20338, 3
20339, 2
20340, 4
20341, 1
20344, 2
20345, 3
20347, 2
20348, 2
20349, 1
20351, 2
20352, 3
20354, 1
20355, 2
20360, 2
20361, 5
20362, 1
20363, 2
20364, 5
20366, 1
20367, 3
20370, 4
20371, 2
20373, 3
20374, 1
20375, 4
20376, 3
20378, 3
20379, 1
20380, 1
20382, 5
20383, 3
20384, 1
20385, 1
20386, 1
20387, 4
20388, 6
20389, 1
20391, 4
20392, 18
20393, 8
20394, 4
20395, 9
20396, 8
20397, 11
20398, 7
20399, 7
20400, 23
20401, 9
20402, 21
20403, 18
20404, 21
20405, 17
20406, 6
20407, 6
20408, 11
20409, 25
20410, 4
20411, 16
20412, 18
20413, 22
20414, 32
20415, 17
20416, 45
20417, 17
20418, 6
20419, 28
20420, 26
20421, 21
20422, 9
20423, 21
20424, 10
20425, 17
20426, 26
20427, 10
20428, 29
20429, 30
20430, 36
20431, 23
20432, 19
20433, 34
20434, 4
20435, 13
20436, 21
20437, 31
20438, 11
20439, 7
20440, 20
20441, 6
20442, 3
20443, 6
20444, 3
20445, 3
20446, 9
20447, 8
20448, 9
20449, 9
20450, 3
20451, 13
20452, 6
20453, 8
20454, 6
20456, 10
20457, 15
20458, 5
20459, 2
20460, 22
20461, 3
20462, 17
20463, 17
20464, 35
20465, 11
20467, 27
20468, 8
20469, 7
20470, 3
20471, 2
20472, 3
20473, 1
20474, 2
20475, 4
20476, 6
20478, 6
20481, 3
20482, 5
20484, 11
20487, 8
20488, 2
20489, 1
20490, 2
20491, 8
20492, 1
20493, 5
20495, 3
20500, 3
20505, 1
20506, 5
20508, 3
20509, 2
20511, 3
20520, 2
20522, 3
20547, 1
20769, 2
20770, 2
20771, 4
20773, 2
20774, 1
20776, 4
20777, 1
20778, 2
20779, 3
20780, 1
20781, 3
20783, 2
20784, 4
20786, 8
20787, 7
20788, 2
20789, 7
20790, 14
20791, 5
20792, 5
20793, 5
20794, 4
20795, 5
20796, 6
20797, 6
20798, 9
20799, 19
20800, 2
20801, 11
20802, 20
20803, 16
20804, 15
20805, 11
20806, 14
20807, 25
20808, 11
20809, 4
20810, 7
20811, 4
20812, 9
20813, 2
20814, 8
20815, 2
20816, 8
20817, 4
20818, 2
20819, 3
20820, 1
20823, 5
20824, 2
20825, 3
20837, 5
20838, 6
20839, 4
20841, 9
20842, 2
20843, 1
20845, 11
20847, 6
20848, 3
20849, 13
20850, 12
20851, 24
20852, 18
20853, 11
20854, 2
20855, 5
20856, 5
20857, 11
20858, 13
20859, 7
20860, 10
20861, 23
20862, 16
20863, 13
20864, 14
20865, 25
20866, 17
20867, 16
20868, 32
20869, 19
20870, 19
20871, 18
20872, 19
20873, 23
20874, 35
20875, 20
20876, 27
20877, 14
20878, 18
20879, 25
20880, 9
20881, 21
20882, 9
20883, 21
20884, 23
20885, 26
20886, 24
20887, 18
20888, 17
20889, 14
20890, 14
20891, 19
20892, 21
20893, 15
20894, 18
20895, 19
20896, 21
20897, 19
20898, 14
20899, 20
20900, 22
20901, 27
20902, 25
20903, 12
20904, 10
20905, 11
20906, 10
20907, 11
20908, 19
20909, 9
20910, 7
20911, 1
20912, 4
20913, 2
20915, 11
20916, 1
20917, 4
20918, 8
20919, 11
20920, 6
20921, 5
20922, 6
20923, 10
20924, 4
20925, 2
20928, 2
20933, 4
20934, 1
20946, 6
20950, 6
20951, 1
20957, 4
20978, 4
20979, 2
20980, 1
20997, 1
20998, 1
20999, 2
21003, 6
21004, 1
21006, 5
21010, 6
21011, 3
21012, 1
21013, 4
21014, 6
21015, 6
21016, 5
21017, 2
21018, 8
21019, 11
21020, 6
21021, 5
21022, 12
21023, 21
21024, 12
21025, 3
21026, 5
21027, 7
21028, 8
21029, 7
21030, 17
21031, 24
21032, 9
21033, 18
21034, 10
21035, 11
21036, 15
21037, 20
21038, 6
21039, 7
21040, 7
21041, 6
21042, 1
21043, 6
21044, 4
21045, 12
21047, 5
21048, 5
21053, 3
21054, 3
21058, 8
21059, 4
21060, 2
21061, 4
21062, 6
21063, 4
21070, 10
21071, 2
21074, 5
21076, 7
21078, 10
21079, 2
21081, 5
21082, 12
21085, 3
21086, 2
21088, 5
21090, 13
21091, 5
21093, 9
21094, 9
21095, 12
21096, 5
21097, 5
21098, 4
21099, 8
21100, 15
21101, 11
21102, 4
21103, 8
21104, 7
21105, 3
21106, 4
21107, 7
21108, 7
21109, 10
21110, 10
21111, 8
21112, 9
21113, 7
21114, 1
21115, 5
21117, 5
21118, 7
21119, 19
21120, 5
21123, 9
21124, 9
21126, 1
21127, 12
21128, 6
21129, 4
21130, 4
21131, 3
21132, 2
21134, 2
21135, 4
21136, 1
21139, 4
21140, 6
21141, 3
21142, 2
21143, 4
21144, 1
21145, 3
21149, 1
21155, 5
21160, 6
21337, 6
21341, 7
21349, 1
21350, 5
21355, 6
21374, 6
21381, 4
21382, 4
21386, 6
21401, 1
21404, 1
21406, 3
21407, 4
21408, 1
21409, 3
21410, 1
21411, 1
21412, 4
21413, 7
21414, 2
21415, 17
21416, 9
21417, 3
21418, 4
21419, 4
21420, 13
21421, 13
21422, 23
21423, 5
21424, 15
21425, 28
21426, 46
21427, 38
21428, 29
21429, 35
21430, 52
21431, 25
21432, 21
21433, 19
21434, 36
21435, 26
21436, 22
21437, 18
21438, 20
21439, 34
21440, 37
21441, 53
21442, 11
21443, 39
21444, 19
21445, 22
21446, 29
21447, 63
21448, 27
21449, 17
21450, 53
21451, 31
21452, 48
21453, 24
21454, 28
21455, 52
21456, 56
21457, 38
21458, 28
21459, 37
21460, 57
21461, 31
21462, 11
21463, 56
21464, 29
21465, 48
21466, 24
21467, 30
21468, 18
21469, 34
21470, 45
21471, 61
21472, 66
21473, 52
21474, 37
21475, 43
21476, 35
21477, 23
21478, 12
21479, 18
21480, 40
21481, 17
21482, 23
21483, 26
21484, 29
21485, 23
21486, 31
21487, 39
21488, 49
21489, 37
21490, 19
21491, 32
21492, 18
21493, 13
21494, 28
21495, 68
21496, 49
21497, 7
21498, 35
21499, 10
21500, 11
21501, 30
21502, 10
21503, 30
21504, 44
21505, 23
21506, 2
21507, 7
21508, 7
21509, 15
21510, 24
21511, 25
21512, 28
21513, 10
21514, 15
21515, 15
21516, 8
21517, 20
21518, 13
21519, 9
21520, 16
21521, 33
21522, 18
21523, 16
21524, 11
21525, 10
21526, 15
21527, 31
21528, 6
21529, 10
21530, 7
21531, 24
21532, 36
21533, 10
21534, 37
21535, 19
21536, 7
21537, 22
21538, 19
21539, 13
21540, 42
21541, 28
21542, 35
21543, 40
21544, 16
21545, 35
21546, 24
21547, 21
21548, 22
21549, 17
21550, 15
21552, 17
21553, 14
21554, 22
21555, 43
21556, 4
21557, 8
21558, 8
21559, 24
21560, 19
21561, 18
21562, 30
21563, 29
21564, 8
21565, 1
21566, 13
21567, 18
21568, 14
21569, 9
21570, 16
21571, 17
21572, 6
21573, 7
21574, 7
21575, 5
21576, 10
21577, 14
21578, 8
21579, 15
21580, 23
21581, 20
21582, 14
21583, 6
21584, 15
21585, 6
21586, 11
21587, 15
21588, 19
21589, 23
21590, 19
21591, 5
21592, 10
21593, 21
21594, 25
21595, 18
21596, 21
21597, 19
21598, 12
21599, 15
21600, 16
21601, 13
21602, 11
21603, 26
21604, 43
21605, 32
21606, 23
21607, 12
21608, 29
21609, 30
21610, 33
21611, 12
21612, 7
21613, 26
21614, 21
21615, 45
21616, 40
21617, 39
21618, 21
21619, 29
21620, 22
21621, 30
21622, 39
21623, 25
21624, 19
21625, 61
21626, 23
21627, 22
21628, 37
21629, 30
21630, 16
21631, 14
21632, 12
21633, 15
21634, 21
21635, 16
21636, 12
21637, 13
21638, 5
21639, 31
21640, 27
21641, 33
21642, 29
21643, 22
21644, 10
21646, 5
21647, 17
21648, 28
21649, 20
21650, 21
21651, 14
21652, 8
21653, 9
21654, 1
21655, 13
21656, 12
21657, 30
21658, 14
21659, 17
21661, 22
21662, 29
21663, 23
21664, 35
21665, 19
21666, 13
21667, 3
21668, 17
21669, 11
21670, 6
21671, 53
21672, 16
21673, 10
21674, 17
21675, 35
21676, 20
21677, 19
21678, 32
21679, 18
21680, 46
21681, 19
21682, 6
21683, 10
21684, 8
21685, 33
21686, 24
21687, 11
21688, 22
21689, 37
21690, 22
21691, 21
21692, 19
21693, 19
21694, 42
21695, 20
21696, 38
21697, 15
21698, 36
21699, 14
21700, 45
21701, 28
21702, 24
21703, 33
21704, 11
21705, 30
21706, 15
21707, 3
21708, 7
21709, 28
21710, 28
21711, 30
21712, 14
21713, 19
21714, 16
21715, 32
21716, 25
21717, 32
21718, 49
21719, 27
21720, 13
21721, 14
21722, 16
21723, 19
21724, 16
21725, 1
21726, 6
21727, 31
21728, 22
21729, 20
21730, 7
21731, 15
21732, 29
21733, 13
21735, 19
21736, 17
21737, 28
21738, 31
21739, 5
21740, 7
21741, 30
21742, 20
21743, 6
21744, 10
21745, 25
21746, 14
21747, 26
21748, 26
21750, 14
21751, 7
21752, 15
21753, 15
21754, 15
21755, 9
21756, 13
21757, 9
21758, 15
21759, 12
21760, 10
21761, 21
21762, 13
21763, 6
21764, 12
21765, 3
21766, 14
21767, 18
21768, 28
21769, 26
21770, 10
21771, 12
21772, 9
21773, 29
21774, 21
21775, 13
21776, 23
21777, 12
21778, 9
21779, 8
21780, 10
21781, 1
21782, 13
21783, 9
21784, 14
21785, 8
21786, 6
21787, 6
21788, 2
21789, 12
21791, 4
21792, 7
21793, 4
21794, 8
21795, 18
21796, 20
21797, 11
21798, 14
21799, 11
21800, 6
21801, 6
21802, 11
21805, 6
21806, 2
21807, 9
21808, 16
21809, 14
21810, 8
21811, 9
21812, 4
21815, 4
21816, 3
21817, 4
21818, 13
21819, 4
21820, 3
21822, 3
21824, 4
21826, 2
21827, 8
21828, 16
21829, 6
21830, 8
21831, 3
21837, 12
21839, 7
21840, 8
21841, 4
21843, 2
21844, 13
21845, 12
21846, 5
21847, 14
21848, 9
21849, 5
21850, 6
21851, 12
21852, 5
21853, 2
21854, 2
21855, 5
21856, 4
21857, 9
21858, 9
21859, 5
21860, 17
21861, 17
21862, 19
21863, 16
21864, 4
21865, 17
21866, 20
21867, 9
21868, 6
21869, 2
21870, 15
21871, 13
21872, 7
21873, 2
21874, 10
21875, 17
21876, 2
21877, 10
21878, 14
21879, 3
21880, 8
21881, 26
21882, 15
21883, 8
21884, 4
21885, 12
21886, 3
21887, 5
21888, 8
21889, 1
21890, 5
21891, 9
21892, 8
21893, 4
21894, 7
21895, 8
21896, 7
21897, 7
21898, 8
21899, 6
21900, 11
21901, 16
21902, 8
21903, 15
21904, 8
21905, 3
21906, 18
21907, 6
21908, 10
21909, 12
21910, 10
21911, 26
21913, 10
21914, 8
21915, 7
21916, 4
21917, 15
21919, 24
21920, 13
21922, 9
21923, 3
21924, 3
21925, 11
21926, 12
21927, 8
21928, 7
21929, 16
21930, 14
21931, 16
21932, 15
21933, 3
21934, 3
21935, 12
21938, 3
21939, 3
21941, 9
21942, 6
21943, 6
21945, 8
21946, 8
21948, 4
21950, 21
21951, 10
21952, 5
21955, 4
21956, 3
21957, 11
21959, 12
21960, 5
21961, 13
21962, 2
21963, 5
21965, 6
21966, 9
21969, 1
21970, 8
21971, 1
21972, 16
21974, 15
21975, 5
21976, 8
21981, 4
21988, 5
21989, 6
21993, 5
21994, 9
21995, 1
21997, 3
21998, 2
21999, 11
22000, 1
22001, 4
22010, 5
22015, 7
22022, 4
22023, 4
22028, 7
22029, 5
22031, 5
22032, 3
22033, 3
22034, 7
22035, 1
22038, 7
22047, 5
22050, 1
22051, 5
22052, 1
22053, 4
22060, 3
22070, 3
22071, 10
22076, 8
22081, 1
22082, 3
22083, 3
22092, 3
22100, 8
22125, 3
22126, 3
22137, 6
22138, 2
22146, 6
22147, 4
22148, 2
22149, 6
22150, 3
22151, 10
22152, 8
22155, 9
22156, 1
22157, 1
22158, 3
22160, 2
22162, 4
22163, 1
22164, 4
22165, 6
22166, 2
22167, 3
22169, 11
22171, 9
22172, 11
22173, 8
22174, 3
22176, 4
22177, 11
22178, 4
22179, 9
22181, 2
22182, 4
22185, 2
22188, 4
22190, 3
22196, 3
22197, 5
22199, 3
22203, 4
22204, 9
22205, 10
22206, 8
22207, 1
22209, 7
22210, 1
22213, 3
22220, 1
22226, 1
22227, 10
22234, 1
22238, 4
22244, 3
22247, 3
22248, 1
22259, 1
22266, 1
22270, 1
22277, 1
22281, 1
22282, 1
22288, 2
22291, 2
22296, 2
22301, 3
22306, 1
22311, 1
22313, 6
22314, 6
22316, 1
22318, 1
22321, 2
22322, 11
22323, 5
22326, 3
22332, 3
22333, 3
22335, 1
22339, 7
22340, 9
22341, 3
22342, 2
22343, 2
22344, 4
22345, 9
22346, 10
22347, 2
22348, 7
22349, 12
22350, 12
22351, 2
22352, 15
22353, 7
22354, 25
22355, 4
22356, 10
22357, 5
22358, 8
22359, 17
22360, 11
22361, 9
22362, 21
22363, 40
22364, 6
22365, 19
22366, 21
22367, 19
22368, 14
22369, 30
22370, 14
22371, 26
22372, 47
22373, 29
22374, 25
22375, 21
22376, 25
22377, 26
22378, 34
22379, 15
22380, 12
22381, 24
22382, 47
22383, 15
22384, 49
22385, 16
22386, 16
22387, 32
22388, 37
22389, 38
22390, 26
22391, 20
22392, 7
22393, 16
22394, 16
22395, 4
22396, 29
22397, 8
22398, 15
22399, 16
22400, 20
22401, 24
22402, 22
22403, 22
22404, 10
22405, 20
22406, 8
22407, 31
22408, 18
22409, 19
22410, 11
22411, 6
22412, 13
22413, 11
22415, 13
22416, 19
22417, 2
22418, 9
22419, 5
22420, 7
22421, 6
22422, 19
22423, 3
22424, 8
22425, 4
22426, 9
22427, 2
22428, 8
22429, 2
22430, 3
22431, 10
22432, 1
22433, 13
22436, 7
22437, 9
22438, 3
22441, 3
22444, 4
22448, 3
22459, 3
22460, 1
22496, 6
22580, 2
22582, 3
22584, 1
22585, 4
22587, 5
22588, 2
22589, 1
22591, 1
22592, 8
22593, 6
22594, 1
22597, 7
22602, 5
22603, 3
22604, 3
22605, 9
22606, 3
22607, 3
22608, 7
22609, 3
22610, 3
22612, 9
22613, 3
22614, 1
22615, 3
22616, 7
22617, 6
22618, 3
22619, 3
22624, 7
22630, 2
22635, 6
22637, 4
22642, 3
22647, 3
22648, 3
22652, 1
22653, 6
22661, 5
22666, 3
22677, 3
22678, 1
22680, 2
22681, 3
22682, 1
22684, 1
22687, 3
22688, 1
22689, 5
22690, 3
22691, 1
22695, 1
22696, 5
22698, 3
22700, 2
22701, 3
22705, 1
22706, 3
22708, 8
22710, 3
22711, 3
22712, 8
22713, 5
22714, 7
22715, 4
22716, 1
22717, 6
22718, 4
22719, 1
22720, 5
22721, 5
22722, 2
22723, 2
22724, 6
22726, 6
22728, 3
22730, 5
22731, 7
22732, 3
22734, 1
22735, 5
22736, 6
22737, 9
22738, 6
22739, 4
22740, 8
22743, 6
22744, 2
22745, 6
22755, 3
22762, 2
22763, 3
22764, 1
22765, 7
22766, 3
22767, 2
22768, 1
22769, 3
22772, 2
22773, 3
22776, 3
22778, 3
22779, 2
22780, 3
22783, 3
22785, 3
22786, 3
22787, 3
22788, 3
22789, 2
22791, 2
22793, 3
22794, 2
22795, 2
22797, 3
22798, 2
22799, 1
22801, 3
22805, 1
22806, 2
22809, 2
22810, 4
22811, 3
22812, 1
22813, 3
22815, 3
22817, 3
22818, 5
22819, 1
22820, 3
22821, 6
22823, 3
22827, 5
22828, 3
22832, 1
22833, 5
22840, 4
22847, 6
22849, 2
22850, 2
22858, 1
22859, 3
22862, 3
22863, 3
22866, 3
22872, 3
22888, 3
22898, 2
22903, 3
22918, 3
22922, 3
22923, 3
22927, 1
22928, 2
22929, 3
22933, 2
22934, 1
22936, 3
22937, 3
22943, 3
22944, 2
22949, 3
22951, 3
22953, 3
22955, 5
22966, 1
22967, 1
22970, 5
22972, 2
22973, 1
22974, 6
22975, 7
22976, 7
22978, 13
22981, 3
22982, 5
22983, 5
22984, 2
22985, 3
22987, 3
22988, 3
22989, 3
22990, 5
22991, 16
22992, 11
22993, 3
22994, 6
22995, 11
22996, 10
22997, 4
22998, 10
22999, 3
23002, 5
23003, 1
23004, 10
23005, 1
23006, 3
23007, 2
23008, 10
23009, 15
23010, 3
23012, 6
23013, 5
23014, 8
23016, 6
23017, 3
23019, 6
23020, 3
23022, 3
23024, 3
23026, 3
23032, 3
23034, 6
23036, 3
23037, 3
23040, 4
23041, 3
23045, 6
23051, 4
23052, 6
23054, 3
23058, 3
23059, 6
23060, 4
23061, 12
23062, 4
23063, 10
23064, 8
23065, 13
23066, 9
23067, 13
23068, 15
23069, 2
23070, 7
23071, 9
23073, 5
23074, 10
23075, 14
23076, 20
23077, 3
23079, 1
23080, 8
23081, 4
23082, 12
23083, 6
23084, 3
23085, 6
23086, 3
23087, 10
23088, 9
23089, 5
23090, 4
23091, 9
23092, 11
23093, 4
23094, 7
23095, 5
23096, 3
23097, 7
23098, 2
23099, 7
23100, 6
23102, 3
23104, 5
23105, 1
23107, 5
23109, 2
23111, 3
23112, 3
23114, 6
23115, 1
23116, 6
23117, 4
23119, 6
23122, 4
23123, 4
23124, 6
23125, 6
23126, 5
23127, 2
23128, 3
23133, 9
23134, 3
23135, 1
23137, 3
23138, 4
23139, 10
23142, 9
23143, 8
23144, 18
23145, 6
23146, 3
23147, 12
23148, 1
23150, 10
23151, 6
23152, 11
23153, 7
23154, 11
23155, 17
23156, 11
23157, 12
23158, 12
23159, 19
23160, 11
23161, 7
23162, 19
23163, 8
23164, 5
23165, 2
23166, 26
23167, 6
23168, 27
23169, 5
23170, 12
23171, 7
23172, 18
23173, 18
23174, 38
23175, 18
23176, 17
23177, 23
23178, 20
23179, 21
23180, 11
23181, 26
23182, 13
23183, 22
23184, 19
23185, 12
23186, 8
23187, 9
23188, 8
23189, 20
23190, 11
23191, 23
23192, 23
23193, 24
23194, 25
23195, 16
23196, 7
23197, 9
23198, 20
23199, 7
23200, 5
23201, 12
23202, 22
23203, 19
23204, 25
23205, 26
23206, 21
23207, 16
23208, 13
23209, 24
23210, 26
23211, 24
23212, 10
23213, 13
23214, 18
23215, 13
23216, 13
23217, 12
23218, 15
23219, 10
23220, 24
23221, 6
23222, 14
23223, 12
23224, 20
23225, 16
23226, 2
23227, 9
23228, 6
23229, 3
23230, 28
23231, 11
23232, 4
23233, 12
23234, 25
23235, 12
23236, 6
23237, 7
23239, 13
23240, 15
23241, 13
23242, 20
23243, 3
23244, 3
23245, 13
23246, 18
23247, 3
23248, 6
23249, 10
23250, 2
23251, 4
23252, 8
23253, 21
23255, 12
23257, 6
23258, 4
23259, 19
23260, 10
23261, 15
23262, 12
23263, 5
23264, 13
23265, 11
23266, 7
23267, 6
23268, 4
23269, 12
23270, 14
23271, 2
23272, 7
23273, 13
23274, 14
23275, 1
23276, 12
23277, 13
23278, 3
23279, 12
23280, 7
23283, 4
23284, 1
23285, 3
23287, 6
23289, 5
23291, 6
23293, 9
23294, 6
23295, 4
23296, 4
23297, 1
23299, 6
23300, 7
23302, 3
23303, 2
23304, 17
23308, 2
23309, 3
23313, 1
23314, 2
23317, 2
23320, 7
23321, 1
23323, 3
23325, 1
23335, 1
23336, 2
23454, 1
23455, 2
23457, 2
23458, 2
23459, 2
23460, 3
23461, 4
23463, 1
23464, 2
23466, 2
23467, 4
23468, 5
23469, 2
23470, 2
23471, 3
23472, 3
23473, 6
23474, 1
23475, 1
23476, 4
23477, 5
23478, 4
23479, 7
23480, 8
23481, 5
23482, 2
23483, 2
23484, 8
23485, 5
23486, 11
23487, 10
23488, 4
23489, 12
23490, 9
23491, 11
23492, 7
23493, 2
23494, 5
23495, 1
23499, 2
23501, 3
23504, 5
23505, 3
23508, 3
23513, 6
23515, 2
23516, 1
23517, 2
23524, 2
23526, 1
23529, 4
23531, 3
23532, 1
23534, 2
23535, 1
23536, 2
23537, 2
23538, 3
23539, 3
23540, 4
23541, 8
23542, 5
23543, 3
23544, 3
23545, 5
23547, 8
23548, 2
23549, 3
23550, 5
23551, 3
23552, 2
23553, 4
23554, 4
23555, 5
23556, 5
23557, 2
23558, 4
23559, 5
23560, 13
23561, 2
23562, 5
23563, 1
23567, 3
23568, 12
23569, 3
23570, 7
23573, 1
23575, 3
23577, 1
23578, 2
23579, 2
23580, 1
23581, 1
23582, 2
23583, 3
23585, 2
23589, 2
23591, 3
23594, 1
23598, 2
23609, 1
23617, 2
23619, 1
23620, 3
23621, 1
23622, 1
23626, 1
23627, 1
23628, 2
23629, 3
23630, 5
23632, 1
23633, 4
23634, 2
23635, 2
23636, 2
23637, 2
23638, 2
23639, 4
23640, 5
23641, 4
23642, 3
23643, 5
23644, 6
23645, 7
23646, 3
23647, 5
23648, 3
23649, 13
23650, 4
23651, 15
23652, 11
23653, 8
23654, 9
23655, 1
23656, 6
23657, 3
23658, 13
23659, 5
23660, 5
23661, 10
23662, 6
23663, 3
23664, 7
23665, 6
23666, 8
23667, 7
23668, 3
23669, 7
23670, 6
23671, 5
23672, 4
23673, 3
23674, 5
23676, 8
23677, 2
23679, 3
23680, 2
23681, 2
23683, 11
23684, 9
23685, 3
23686, 4
23687, 7
23690, 5
23692, 11
23693, 2
23694, 2
23695, 3
23697, 6
23698, 1
23699, 2
23702, 9
23703, 1
23704, 2
23707, 5
23708, 1
23709, 2
23710, 2
23712, 7
23714, 1
23715, 5
23717, 4
23718, 2
23720, 7
23723, 2
23724, 3
23728, 1
23935, 2
23936, 3
23939, 1
23941, 4
23944, 2
23945, 5
23946, 2
23947, 4
23948, 2
23949, 4
23951, 3
23952, 7
23953, 8
23954, 2
23955, 5
23956, 3
23957, 4
23958, 11
23959, 8
23960, 14
23961, 13
23962, 10
23963, 10
23964, 13
23965, 9
23966, 9
23967, 16
23968, 14
23969, 16
23970, 12
23971, 7
23972, 8
23973, 19
23974, 11
23975, 6
23976, 1
24002, 1
24007, 1
24009, 1
24010, 2
24012, 1
24013, 1
24015, 1
24016, 1
24019, 4
24020, 3
24021, 4
24022, 2
24023, 4
24024, 1
24025, 4
24026, 3
24027, 1
24028, 1
24029, 4
24030, 3
24031, 1
24032, 1
24034, 4
24035, 2
24036, 7
24037, 3
24039, 1
24040, 4
24041, 7
24042, 3
24043, 2
24044, 3
24045, 6
24046, 5
24047, 2
24048, 2
24049, 2
24050, 7
24053, 1
24054, 1
24055, 1
24056, 1
24057, 2
24058, 3
24060, 1
24061, 1
24062, 1
24063, 1
24064, 2
24065, 2
24066, 1
24067, 1
24069, 1
24070, 1
24071, 1
24073, 1
24074, 1
24081, 1
24086, 2
24350, 2
24355, 1
24356, 2
24357, 2
24358, 1
24359, 2
24360, 3
24361, 2
24362, 2
24363, 3
24364, 5
24365, 2
24366, 4
24367, 3
24368, 1
24369, 4
24370, 4
24371, 3
24372, 2
24373, 11
24374, 6
24375, 6
24376, 4
24377, 7
24378, 4
24379, 6
24380, 13
24381, 11
24382, 7
24383, 8
24384, 8
24385, 11
24386, 11
24387, 8
24388, 9
24389, 9
24390, 5
24391, 6
24399, 1
24400, 1
24402, 1
24405, 4
24409, 1
24410, 1
24420, 2
24421, 4
24422, 3
24424, 2
24425, 6
24426, 9
24427, 6
24428, 6
24429, 7
24430, 4
24431, 8
24432, 3
24433, 15
24434, 4
24435, 5
24436, 5
24437, 12
24438, 5
24439, 1
24440, 3
24441, 7
24442, 8
24443, 8
24444, 10
24445, 9
24446, 12
24447, 10
24448, 16
24449, 6
24450, 1
24451, 10
24452, 9
24453, 6
24454, 10
24455, 22
24456, 29
24457, 16
24458, 7
24459, 8
24460, 9
24461, 28
24462, 9
24463, 15
24464, 18
24465, 11
24466, 13
24467, 3
24468, 7
24469, 5
24470, 17
24471, 16
24472, 10
24473, 3
24475, 3
24476, 7
24477, 5
24478, 3
24479, 11
24480, 3
24481, 1
24482, 8
24483, 3
24485, 3
24487, 2
24488, 1
24489, 3
24490, 4
24491, 3
24493, 5
24497, 3
24500, 3
24501, 5
24506, 1
24718, 2
24720, 2
24721, 2
24722, 2
24723, 2
24724, 2
24725, 2
24726, 1
24728, 2
24729, 2
24731, 2
24732, 2
24733, 4
24734, 2
24735, 6
24736, 6
24737, 3
24738, 4
24739, 1
24740, 4
24741, 11
24742, 6
24743, 10
24744, 4
24745, 6
24746, 7
24747, 7
24748, 3
24749, 6
24750, 4
24751, 12
24752, 6
24753, 7
24754, 12
24755, 8
24756, 6
24757, 3
24758, 3
24788, 2
24792, 2
24793, 1
24794, 1
24796, 1
24797, 3
24798, 1
24799, 4
24800, 6
24801, 3
24803, 8
24804, 1
24805, 2
24806, 2
24807, 9
24808, 3
24809, 3
24810, 3
24811, 3
24812, 2
24813, 1
24814, 6
24815, 6
24816, 3
24817, 2
24818, 6
24820, 6
24821, 1
24822, 6
24823, 6
24824, 2
24825, 9
24826, 3
24827, 5
24828, 7
24829, 9
24831, 7
24832, 1
24833, 4
24834, 4
24835, 6
24836, 5
24838, 11
24840, 7
24841, 6
24842, 2
24843, 1
24844, 5
24845, 2
24847, 5
24848, 2
24850, 1
24851, 2
24855, 2
24857, 1
24997, 2
24998, 1
24999, 1
25002, 3
25004, 1
25006, 1
25007, 4
25008, 3
25009, 1
25010, 2
25011, 2
25012, 2
25014, 4
25015, 6
25016, 2
25017, 4
25018, 3
25019, 3
25020, 7
25021, 8
25022, 5
25023, 5
25024, 6
25025, 5
25026, 9
25027, 4
25028, 9
25029, 3
25030, 6
25031, 6
25032, 10
25033, 7
25034, 8
25035, 11
25036, 8
25037, 1
25038, 1
25040, 2
25056, 3
25070, 1
25071, 1
25074, 4
25075, 3
25076, 3
25077, 1
25078, 17
25079, 6
25080, 1
25081, 2
25082, 7
25083, 2
25084, 7
25085, 6
25087, 3
25088, 10
25089, 12
25090, 13
25091, 13
25092, 5
25093, 23
25094, 11
25095, 3
25096, 10
25097, 22
25098, 15
25099, 15
25100, 16
25101, 37
25102, 18
25103, 19
25105, 7
25106, 22
25107, 7
25108, 12
25109, 14
25110, 7
25111, 21
25112, 24
25113, 14
25114, 5
25115, 3
25117, 6
25118, 15
25119, 10
25120, 2
25121, 13
25122, 16
25123, 15
25124, 4
25125, 9
25126, 1
25128, 4
25129, 6
25130, 7
25131, 1
25132, 10
25134, 1
25135, 9
25136, 15
25137, 1
25139, 12
25140, 6
25141, 6
25142, 2
25143, 4
25144, 4
25145, 2
25146, 4
25147, 6
25148, 8
25149, 3
25150, 2
25151, 8
25152, 7
25153, 10
25154, 1
25155, 5
25156, 5
25157, 8
25158, 8
25159, 1
25160, 2
25161, 3
25162, 2
25163, 3
25164, 1
25165, 1
25166, 3
25167, 6
25168, 8
25169, 4
25171, 3
25172, 7
25175, 7
25176, 3
25179, 2
25181, 2
25182, 1
25183, 12
25184, 4
25185, 6
25186, 6
25187, 2
25188, 4
25191, 1
25192, 6
25193, 3
25194, 1
25196, 11
25198, 6
25199, 2
25200, 4
25201, 5
25202, 1
25203, 10
25204, 4
25205, 5
25206, 8
25207, 3
25211, 2
25212, 6
25213, 6
25214, 2
25215, 5
25216, 10
25217, 4
25218, 11
25219, 4
25220, 8
25221, 5
25222, 11
25223, 8
25224, 8
25225, 5
25226, 6
25227, 10
25228, 7
25229, 21
25230, 9
25231, 17
25232, 4
25233, 8
25234, 4
25235, 17
25236, 3
25237, 8
25238, 8
25239, 14
25240, 5
25241, 17
25242, 15
25243, 16
25244, 13
25245, 13
25246, 6
25247, 6
25248, 3
25250, 12
25251, 8
25253, 5
25254, 6
25255, 8
25256, 2
25257, 5
25258, 3
25259, 4
25261, 5
25262, 1
25264, 6
25265, 9
25267, 3
25268, 5
25269, 2
25270, 12
25271, 3
25272, 3
25273, 5
25276, 21
25277, 1
25278, 7
25279, 3
25280, 4
25281, 3
25282, 9
25283, 8
25284, 3
25285, 9
25286, 8
25287, 9
25288, 11
25289, 10
25290, 13
25291, 14
25292, 11
25293, 9
25294, 10
25295, 12
25296, 9
25297, 14
25298, 11
25299, 2
25300, 3
25301, 11
25302, 31
25303, 14
25304, 16
25305, 22
25306, 5
25307, 26
25308, 19
25309, 11
25310, 15
25311, 7
25312, 14
25313, 10
25314, 19
25315, 8
25316, 22
25317, 23
25318, 42
25319, 18
25320, 19
25321, 6
25322, 13
25323, 10
25324, 17
25325, 5
25326, 13
25327, 15
25328, 25
25329, 18
25330, 13
25331, 9
25332, 3
25333, 7
25334, 15
25335, 9
25336, 4
25337, 5
25338, 10
25339, 8
25340, 5
25341, 8
25342, 2
25343, 7
25344, 16
25345, 3
25347, 9
25348, 6
25349, 4
25350, 10
25351, 4
25352, 10
25353, 6
25354, 3
25355, 2
25356, 2
25357, 5
25358, 1
25359, 7
25360, 6
25361, 1
25362, 1
25363, 4
25365, 7
25366, 8
25367, 4
25368, 2
25369, 7
25370, 7
25371, 1
25372, 5
25373, 5
25374, 4
25375, 3
25376, 5
25377, 7
25378, 11
25379, 4
25380, 4
25381, 14
25382, 13
25383, 8
25384, 12
25385, 8
25386, 13
25387, 7
25388, 9
25389, 3
25390, 5
25391, 5
25392, 3
25393, 3
25394, 7
25395, 6
25396, 2
25397, 7
25398, 4
25399, 9
25400, 8
25401, 10
25402, 9
25404, 5
25405, 3
25407, 5
25408, 5
25409, 2
25410, 3
25411, 5
25412, 8
25413, 8
25414, 4
25415, 2
25417, 2
25418, 9
25420, 2
25421, 9
25422, 4
25424, 2
25428, 3
25430, 3
25431, 1
25432, 3
25433, 1
25434, 3
25435, 2
25436, 1
25437, 3
25439, 1
25440, 3
25441, 3
25442, 2
25444, 3
25445, 3
25446, 6
25447, 13
25448, 5
25449, 2
25450, 4
25451, 7
25452, 3
25453, 11
25454, 9
25455, 10
25456, 7
25457, 11
25458, 10
25459, 7
25460, 17
25461, 12
25462, 10
25463, 8
25464, 14
25465, 12
25466, 8
25467, 9
25468, 6
25469, 13
25470, 8
25471, 6
25472, 11
25473, 11
25475, 8
25476, 3
25477, 6
25478, 5
25479, 8
25480, 11
25481, 3
25482, 4
25483, 4
25484, 2
25486, 1
25487, 2
25489, 5
25490, 1
25492, 1
25493, 4
25494, 3
25495, 1
25496, 4
25497, 5
25502, 3
25505, 3
25511, 4
25513, 1
25515, 2
25518, 2
25519, 1
25520, 3
25522, 2
25523, 1
25524, 1
25527, 3
25530, 1
25533, 3
25540, 3
25542, 1
25548, 4
25551, 2
25555, 2
25558, 1
25568, 2
25582, 1
25583, 1
25584, 1
25585, 2
25586, 2
25587, 1
25588, 1
25589, 1
25590, 3
25591, 1
25592, 2
25593, 1
25594, 4
25595, 5
25596, 2
25597, 1
25598, 3
25599, 4
25600, 3
25601, 3
25602, 4
25603, 5
25604, 2
25605, 6
25606, 6
25607, 6
25608, 7
25609, 8
25610, 3
25611, 6
25612, 8
25613, 9
25614, 12
25615, 12
25616, 6
25617, 13
25618, 12
25619, 12
25620, 14
25621, 15
25622, 10
25623, 11
25624, 6
25625, 1
25626, 6
25627, 3
25628, 3
25629, 5
25632, 1
25633, 12
25635, 1
25636, 1
25637, 2
25638, 3
25642, 1
25645, 2
25648, 2
25651, 4
25652, 2
25653, 5
25654, 1
25655, 5
25656, 1
25657, 2
25658, 2
25659, 2
25660, 2
25663, 2
25664, 3
25666, 2
25670, 2
25671, 1
25672, 5
25673, 2
25674, 6
25675, 1
25676, 3
25677, 1
25678, 4
25679, 4
25680, 6
25681, 9
25685, 2
25687, 2
25688, 2
25689, 1
25690, 4
25691, 6
25692, 3
25693, 2
25694, 6
25695, 2
25696, 3
25697, 1
25698, 5
25699, 3
25701, 2
25702, 1
25712, 2
25717, 1
25718, 2
25721, 2
25723, 1
25724, 1
25725, 1
25727, 2
25728, 4
25729, 2
25731, 1
25732, 2
25734, 3
25735, 2
25736, 4
25737, 2
25738, 2
25739, 1
25740, 1
25741, 4
25742, 3
25743, 1
25744, 13
25745, 2
25746, 6
25747, 5
25748, 4
25749, 2
25750, 7
25751, 14
25752, 2
25753, 5
25754, 19
25755, 9
25756, 6
25757, 18
25758, 6
25759, 6
25761, 4
25762, 2
25763, 2
25765, 2
25766, 3
25767, 1
25768, 3
25769, 4
25770, 3
25773, 1
25774, 2
25776, 4
25777, 4
25778, 1
25779, 6
25780, 4
25782, 2
25784, 1
25786, 2
25787, 1
25788, 1
25789, 1
25790, 9
25791, 2
25793, 3
25794, 8
25796, 5
25797, 2
25798, 3
25799, 5
25801, 2
25804, 1
25805, 3
25806, 1
25807, 5
25808, 4
25809, 4
25810, 3
25811, 2
25812, 3
25814, 1
25815, 9
25816, 4
25817, 2
25818, 1
25819, 2
25820, 7
25822, 7
25823, 3
25824, 10
25825, 3
25826, 2
25827, 2
25828, 1
25829, 2
25830, 3
25832, 3
25833, 5
25836, 2
25839, 5
25840, 6
25841, 2
25842, 2
25846, 1
25847, 1
25863, 2
25867, 1
25868, 1
25869, 2
25870, 2
25871, 2
25872, 1
25873, 2
25876, 2
25877, 1
25878, 4
25879, 1
25880, 1
25881, 3
25882, 2
25883, 1
25884, 4
25885, 3
25886, 2
25887, 4
25888, 3
25889, 6
25890, 2
25891, 4
25892, 1
25893, 8
25894, 7
25895, 10
25896, 2
25897, 8
25898, 11
25899, 11
25900, 14
25901, 13
25902, 11
25903, 10
25904, 9
25905, 14
25906, 16
25907, 8
25908, 4
25910, 7
25911, 3
25912, 2
25913, 4
25914, 2
25915, 4
25916, 1
25917, 1
25918, 2
25920, 1
25921, 2
25923, 7
25924, 5
25928, 4
25929, 3
25930, 5
25932, 4
25933, 7
25934, 9
25935, 4
25936, 6
25937, 2
25938, 2
25939, 5
25940, 4
25941, 2
25943, 3
25945, 2
25946, 2
25947, 2
25948, 4
25949, 3
25950, 1
25951, 2
25953, 6
25954, 1
25955, 2
25956, 2
25958, 2
25959, 6
25960, 4
25961, 2
25962, 3
25963, 1
25964, 1
25965, 5
25968, 6
25969, 3
25970, 2
25971, 1
25973, 2
25974, 5
25980, 4
25981, 5
25988, 1
25989, 4
26022, 3
26024, 1
26025, 5
26026, 1
26027, 3
26028, 2
26029, 3
26030, 1
26031, 1
26032, 2
26033, 3
26034, 1
26035, 2
26036, 1
26037, 4
26038, 2
26039, 5
26040, 1
26041, 4
26042, 4
26043, 1
26045, 3
26046, 9
26047, 7
26048, 5
26049, 3
26050, 15
26051, 3
26052, 7
26053, 9
26054, 9
26055, 9
26056, 18
26057, 9
26058, 14
26059, 8
26060, 10
26061, 11
26062, 7
26063, 2
26064, 1
26065, 7
26066, 2
26067, 4
26068, 1
26069, 1
26071, 3
26072, 3
26073, 2
26074, 4
26075, 6
26076, 4
26079, 3
26080, 1
26081, 1
26082, 2
26083, 6
26084, 7
26085, 2
26086, 5
26087, 2
26088, 3
26089, 5
26090, 1
26092, 2
26093, 1
26096, 3
26097, 1
26098, 3
26099, 1
26100, 2
26102, 5
26103, 2
26104, 3
26105, 3
26106, 1
26107, 1
26108, 4
26110, 2
26115, 2
26116, 4
26117, 2
26118, 4
26119, 1
26121, 1
26123, 2
26124, 3
26125, 4
26126, 1
26128, 3
26129, 4
26130, 4
26133, 1
26135, 2
26137, 3
26138, 3
26142, 1
26143, 2
26146, 2
26152, 2
26155, 1
26452, 3
26455, 2
26456, 2
26457, 3
26458, 4
26459, 2
26460, 1
26461, 2
26462, 1
26463, 3
26464, 1
26465, 4
26466, 2
26467, 6
26468, 2
26469, 6
26470, 1
26471, 2
26472, 6
26473, 6
26474, 2
26475, 2
26476, 6
26477, 7
26478, 7
26479, 3
26480, 5
26481, 6
26482, 8
26483, 10
26484, 14
26485, 9
26486, 6
26487, 8
26488, 13
26489, 15
26490, 8
26491, 8
26492, 2
26519, 1
26522, 2
26525, 3
26528, 2
26530, 1
26531, 4
26532, 1
26533, 2
26534, 1
26535, 2
26536, 3
26538, 4
26539, 2
26540, 6
26541, 2
26542, 2
26543, 7
26544, 9
26545, 1
26546, 2
26547, 2
26548, 5
26549, 1
26550, 2
26551, 4
26552, 6
26553, 2
26554, 7
26555, 3
26556, 2
26557, 3
26558, 5
26559, 6
26560, 2
26561, 7
26562, 1
26563, 4
26565, 4
26566, 4
26567, 3
26568, 5
26569, 1
26570, 1
26571, 9
26573, 2
26574, 1
26575, 2
26576, 3
26577, 1
26578, 2
26581, 3
26582, 2
26584, 3
26586, 2
26587, 1
26588, 2
26591, 1
26594, 2
26601, 1
27190, 1
27191, 6
27194, 1
27195, 2
27197, 2
27198, 1
27199, 3
27200, 2
27201, 4
27202, 5
27203, 3
27205, 1
27206, 3
27209, 2
27210, 1
27211, 4
27212, 3
27213, 11
27214, 3
27215, 11
27216, 5
27217, 10
27218, 6
27219, 11
27220, 6
27221, 5
27222, 5
27223, 5
27224, 5
27225, 11
27226, 3
27227, 11
27228, 4
27229, 9
27230, 10
27231, 3
27262, 1
27263, 1
27265, 2
27267, 1
27268, 1
27269, 2
27270, 4
27271, 3
27273, 1
27274, 4
27275, 2
27276, 2
27277, 7
27278, 5
27279, 2
27281, 6
27282, 3
27283, 3
27284, 1
27285, 7
27286, 2
27288, 7
27289, 7
27290, 6
27291, 6
27292, 4
27293, 8
27294, 7
27295, 4
27296, 4
27297, 11
27298, 2
27299, 8
27300, 1
27302, 8
27303, 5
27304, 5
27305, 5
27306, 6
27308, 2
27309, 4
27310, 2
27311, 2
27312, 1
27314, 2
27316, 1
27317, 2
27318, 6
27319, 1
27320, 2
27321, 1
27322, 1
27324, 2
27325, 2
27326, 2
27496, 1
27497, 1
27498, 2
27499, 1
27501, 2
27503, 2
27504, 4
27506, 3
27507, 1
27509, 2
27510, 4
27511, 4
27512, 4
27513, 3
27514, 1
27515, 5
27516, 5
27517, 2
27518, 6
27519, 2
27520, 2
27521, 2
27522, 7
27523, 3
27524, 6
27525, 5
27526, 6
27527, 10
27528, 18
27529, 11
27530, 5
27531, 9
27532, 17
27533, 16
27534, 5
27535, 12
27536, 8
27537, 7
27538, 1
27570, 3
27571, 1
27574, 3
27575, 2
27576, 2
27577, 3
27578, 2
27579, 6
27580, 1
27581, 1
27582, 5
27583, 3
27584, 2
27585, 3
27586, 4
27587, 1
27588, 4
27589, 1
27590, 6
27591, 3
27592, 8
27593, 3
27594, 1
27595, 11
27596, 3
27597, 6
27598, 5
27599, 9
27600, 4
27601, 2
27602, 1
27603, 5
27605, 4
27606, 2
27607, 1
27608, 2
27611, 5
27612, 1
27613, 2
27614, 4
27615, 5
27617, 4
27618, 2
27619, 3
27621, 1
27622, 5
27624, 1
27625, 1
27626, 4
27627, 1
27631, 1
27633, 2
27634, 1
27637, 2
27818, 1
27820, 1
27822, 1
27823, 1
27825, 1
27826, 1
27827, 2
27828, 1
27829, 2
27830, 2
27831, 1
27832, 4
27833, 3
27834, 2
27835, 7
27836, 3
27837, 5
27838, 4
27839, 6
27840, 1
27841, 7
27842, 2
27843, 1
27844, 2
27845, 4
27846, 6
27847, 5
27848, 10
27849, 10
27850, 12
27851, 5
27852, 6
27853, 11
27854, 8
27855, 8
27856, 5
27857, 8
27861, 1
27885, 2
27889, 1
27890, 2
27892, 2
27897, 1
27898, 2
27901, 5
27902, 3
27903, 3
27904, 7
27905, 2
27906, 3
27908, 6
27909, 8
27910, 8
27912, 6
27913, 6
27914, 7
27915, 4
27916, 6
27917, 9
27918, 10
27919, 8
27920, 6
27921, 9
27922, 5
27923, 8
27924, 7
27925, 3
27926, 4
27927, 3
27928, 6
27929, 4
27930, 5
27931, 4
27932, 3
27933, 2
27936, 1
27938, 2
27939, 1
27940, 3
27943, 2
27944, 6
27949, 1
27950, 1
27951, 4
27953, 2
27954, 2
27955, 2
27959, 2
28011, 1
28013, 2
28014, 1
28016, 3
28017, 3
28018, 2
28020, 2
28021, 1
28022, 2
28024, 6
28025, 2
28026, 2
28027, 3
28028, 3
28029, 1
28030, 3
28031, 4
28032, 10
28033, 5
28034, 4
28035, 7
28036, 4
28037, 10
28038, 6
28039, 6
28040, 13
28041, 15
28042, 9
28043, 6
28044, 5
28045, 13
28046, 7
28047, 17
28048, 13
28049, 12
28050, 23
28051, 10
28052, 8
28053, 9
28054, 5
28055, 2
28056, 9
28057, 2
28060, 11
28061, 2
28062, 1
28063, 4
28064, 5
28066, 5
28068, 9
28070, 2
28073, 4
28074, 3
28076, 2
28077, 3
28081, 5
28082, 4
28085, 1
28086, 1
28088, 2
28089, 2
28090, 2
28092, 4
28093, 3
28095, 4
28096, 1
28097, 1
28099, 2
28100, 3
28103, 2
28104, 2
28108, 4
28110, 1
28113, 1
28114, 4
28116, 2
28117, 2
28118, 2
28119, 2
28121, 2
28122, 1
28123, 2
28124, 2
28125, 3
28126, 3
28127, 2
28128, 3
28129, 2
28130, 1
28131, 2
28136, 2
28139, 1
28141, 2
28144, 1
28193, 1
28194, 1
28195, 3
28196, 2
28198, 1
28199, 2
28200, 1
28201, 4
28202, 1
28203, 4
28204, 1
28205, 3
28206, 2
28207, 8
28209, 1
28210, 4
28211, 4
28212, 1
28213, 7
28215, 2
28216, 7
28217, 11
28218, 5
28219, 5
28220, 5
28221, 11
28222, 17
28223, 9
28224, 3
28225, 10
28226, 9
28227, 6
28228, 18
28229, 19
28230, 16
28231, 12
28232, 5
28233, 9
28234, 5
28235, 3
28236, 1
28237, 4
28238, 3
28239, 5
28241, 3
28242, 2
28243, 4
28244, 3
28245, 3
28247, 1
28248, 1
28249, 3
28250, 6
28253, 2
28254, 1
28255, 5
28256, 3
28257, 8
28258, 2
28259, 1
28260, 2
28261, 4
28263, 1
28264, 1
28265, 1
28267, 2
28268, 3
28271, 2
28276, 3
28277, 5
28278, 3
28279, 6
28280, 2
28282, 5
28284, 1
28289, 1
28290, 4
28291, 2
28293, 1
28294, 2
28297, 2
28298, 2
28302, 2
28305, 3
28308, 2
28310, 2
28313, 3
28314, 2
28316, 2
28322, 1
28457, 2
28458, 1
28462, 2
28463, 2
28464, 3
28465, 2
28467, 2
28468, 6
28469, 4
28471, 4
28472, 2
28473, 1
28474, 2
28475, 5
28476, 9
28477, 2
28478, 6
28479, 5
28480, 3
28481, 7
28482, 9
28483, 2
28484, 4
28485, 2
28486, 5
28487, 9
28488, 8
28489, 8
28490, 3
28491, 6
28492, 10
28493, 5
28494, 20
28495, 11
28496, 13
28497, 8
28498, 5
28505, 1
28524, 1
28525, 1
28526, 2
28529, 2
28531, 1
28534, 4
28535, 7
28536, 2
28538, 3
28540, 4
28541, 1
28542, 1
28543, 4
28544, 1
28545, 1
28546, 2
28547, 7
28548, 2
28549, 1
28550, 3
28551, 10
28552, 5
28554, 6
28555, 11
28556, 10
28557, 9
28558, 12
28559, 3
28560, 7
28561, 3
28562, 8
28563, 5
28564, 7
28565, 14
28566, 10
28567, 3
28568, 6
28569, 1
28570, 9
28571, 8
28572, 7
28573, 9
28574, 12
28575, 11
28576, 15
28577, 6
28578, 18
28579, 6
28580, 13
28581, 19
28582, 28
28583, 5
28584, 13
28585, 17
28586, 12
28587, 4
28588, 10
28589, 11
28590, 2
28591, 8
28592, 6
28593, 1
28594, 9
28595, 6
28596, 1
28597, 5
28598, 3
28599, 4
28600, 3
28601, 9
28602, 9
28603, 9
28604, 4
28605, 5
28606, 4
28607, 3
28608, 8
28609, 4
28610, 2
28611, 6
28613, 11
28614, 4
28615, 12
28616, 5
28617, 3
28618, 2
28619, 7
28620, 8
28621, 11
28622, 1
28623, 3
28624, 5
28625, 3
28626, 4
28627, 4
28628, 8
28629, 17
28630, 5
28631, 10
28632, 2
28634, 4
28636, 9
28637, 11
28639, 10
28640, 2
28641, 2
28642, 8
28643, 11
28644, 11
28645, 5
28646, 12
28647, 15
28648, 18
28649, 7
28650, 3
28651, 14
28652, 12
28653, 15
28654, 7
28655, 11
28656, 1
28657, 23
28658, 17
28659, 11
28660, 5
28661, 11
28662, 2
28663, 8
28664, 9
28665, 17
28666, 13
28667, 17
28668, 14
28669, 3
28670, 21
28671, 11
28672, 7
28673, 13
28674, 29
28675, 6
28676, 7
28677, 6
28678, 17
28679, 1
28680, 12
28681, 1
28682, 8
28683, 14
28684, 5
28685, 15
28686, 5
28687, 18
28688, 12
28689, 1
28690, 5
28691, 8
28693, 9
28694, 7
28695, 1
28696, 6
28697, 14
28698, 4
28699, 6
28703, 1
28704, 13
28705, 12
28706, 1
28708, 2
28709, 2
28711, 8
28712, 6
28715, 8
28716, 1
28718, 3
28721, 1
28725, 3
28729, 4
28734, 3
28736, 3
28743, 2
28746, 3
28754, 3
28775, 2
28780, 2
28893, 1
28894, 1
28895, 2
28896, 1
28899, 1
28900, 4
28902, 3
28904, 3
28905, 2
28906, 3
28907, 2
28908, 5
28909, 1
28910, 3
28911, 2
28913, 4
28914, 2
28915, 4
28916, 4
28917, 8
28918, 4
28919, 5
28920, 8
28921, 6
28922, 13
28923, 4
28924, 11
28925, 8
28926, 6
28927, 10
28928, 6
28929, 10
28930, 6
28931, 6
28932, 13
28933, 8
28934, 2
28938, 7
28949, 2
28950, 2
28953, 1
28954, 1
28963, 1
28965, 2
28968, 1
28971, 3
28972, 1
28973, 2
28974, 3
28976, 2
28977, 5
28978, 2
28979, 5
28980, 3
28981, 2
28983, 1
28984, 6
28985, 4
28986, 6
28987, 2
28988, 5
28989, 5
28990, 3
28991, 8
28993, 2
28994, 2
28995, 4
28996, 7
28997, 5
28998, 4
29000, 1
29001, 8
29002, 6
29003, 2
29004, 2
29005, 1
29006, 9
29007, 5
29008, 10
29009, 6
29011, 7
29012, 2
29013, 2
29014, 8
29015, 2
29016, 1
29018, 1
29019, 5
29021, 2
29024, 2
29025, 7
29028, 2
29030, 3
29032, 2
29036, 2
29046, 2
29059, 1
29061, 3
29062, 1
29065, 1
29069, 5
29070, 3
29071, 5
29073, 3
29074, 1
29075, 2
29076, 3
29077, 1
29078, 4
29079, 1
29080, 2
29082, 5
29083, 4
29084, 6
29085, 6
29086, 6
29087, 6
29088, 4
29089, 3
29090, 7
29091, 8
29092, 10
29093, 8
29094, 4
29095, 3
29096, 14
29097, 7
29098, 9
29099, 8
29100, 4
29101, 5
29102, 3
29103, 3
29104, 8
29105, 5
29106, 9
29107, 2
29108, 8
29109, 5
29110, 4
29111, 1
29112, 3
29113, 2
29114, 6
29115, 7
29116, 2
29117, 6
29118, 4
29119, 7
29120, 6
29121, 4
29122, 6
29125, 6
29126, 4
29128, 2
29131, 2
29132, 6
29133, 4
29134, 5
29135, 3
29136, 4
29137, 9
29138, 1
29139, 3
29140, 3
29141, 4
29142, 6
29143, 5
29144, 6
29146, 1
29147, 2
29148, 1
29149, 3
29150, 3
29152, 3
29154, 3
29155, 3
29158, 3
29160, 3
29165, 2
29167, 5
29168, 3
29171, 2
29182, 1
29188, 2
29190, 3
29192, 3
29195, 1
29196, 2
29197, 5
29198, 2
29199, 1
29200, 8
29201, 2
29202, 5
29203, 1
29204, 2
29205, 4
29207, 2
29208, 2
29209, 4
29210, 2
29211, 4
29212, 4
29213, 1
29214, 2
29215, 3
29216, 8
29217, 5
29218, 5
29219, 7
29220, 2
29221, 8
29222, 6
29223, 4
29224, 2
29225, 3
29226, 12
29227, 10
29228, 6
29229, 8
29230, 10
29231, 4
29233, 5
29234, 2
29235, 2
29236, 2
29237, 2
29239, 4
29240, 6
29241, 2
29242, 4
29243, 5
29244, 5
29245, 6
29246, 3
29247, 5
29248, 6
29249, 8
29250, 6
29251, 12
29252, 1
29253, 2
29254, 4
29255, 5
29256, 1
29257, 4
29258, 4
29259, 4
29260, 6
29261, 1
29262, 5
29263, 5
29264, 2
29265, 1
29266, 2
29267, 2
29268, 2
29270, 1
29272, 2
29273, 3
29274, 3
29276, 2
29277, 2
29278, 2
29281, 3
29282, 7
29283, 5
29284, 3
29285, 1
29286, 7
29287, 1
29288, 3
29289, 2
29292, 2
29293, 2
29296, 3
29300, 3
29302, 3
29303, 3
29304, 2
29305, 3
29308, 3
29309, 3
29310, 2
29311, 1
29312, 4
29313, 4
29314, 8
29315, 3
29316, 3
29317, 1
29318, 5
29319, 1
29320, 4
29321, 4
29322, 3
29323, 3
29324, 3
29325, 3
29326, 1
29327, 6
29328, 3
29329, 5
29330, 6
29331, 12
29332, 5
29333, 11
29334, 10
29335, 5
29336, 3
29337, 7
29338, 2
29339, 6
29340, 12
29341, 12
29342, 5
29343, 7
29344, 2
29346, 5
29347, 2
29348, 2
29349, 7
29350, 7
29351, 5
29352, 8
29354, 2
29355, 2
29359, 4
29360, 2
29361, 5
29362, 6
29363, 3
29364, 3
29365, 1
29367, 8
29369, 5
29370, 1
29371, 12
29372, 4
29373, 11
29375, 4
29376, 4
29378, 3
29379, 4
29380, 14
29381, 10
29382, 18
29383, 14
29384, 10
29385, 13
29386, 12
29387, 12
29388, 19
29389, 9
29390, 6
29391, 18
29392, 7
29393, 25
29394, 20
29395, 2
29396, 5
29397, 8
29398, 17
29399, 6
29400, 11
29401, 17
29402, 9
29403, 13
29404, 2
29405, 14
29406, 10
29407, 3
29408, 12
29409, 14
29410, 8
29411, 13
29412, 5
29413, 5
29414, 7
29416, 6
29417, 2
29418, 7
29419, 14
29420, 6
29422, 3
29423, 14
29424, 2
29428, 14
29429, 3
29430, 2
29431, 2
29432, 5
29433, 2
29436, 5
29437, 3
29438, 4
29439, 1
29440, 3
29447, 9
29456, 3
29464, 3
29490, 2
29492, 2
29493, 3
29495, 1
29496, 1
29497, 4
29500, 2
29501, 3
29502, 1
29503, 3
29504, 1
29506, 1
29507, 2
29508, 6
29509, 3
29510, 5
29511, 2
29512, 2
29513, 3
29514, 3
29515, 10
29516, 7
29517, 2
29518, 12
29519, 8
29520, 14
29521, 13
29522, 12
29523, 20
29524, 9
29525, 8
29526, 11
29527, 10
29528, 16
29529, 14
29530, 6
29531, 8
29532, 8
29533, 4
29534, 1
29535, 3
29536, 4
29537, 2
29538, 7
29539, 12
29540, 2
29541, 10
29542, 5
29544, 4
29545, 7
29546, 5
29547, 6
29548, 2
29549, 5
29550, 5
29551, 9
29552, 3
29553, 8
29554, 6
29555, 2
29556, 6
29558, 13
29559, 4
29560, 12
29562, 5
29563, 3
29564, 5
29565, 10
29566, 7
29567, 6
29568, 4
29569, 6
29570, 13
29571, 3
29572, 1
29573, 6
29574, 7
29575, 10
29576, 7
29577, 5
29578, 3
29579, 6
29580, 18
29581, 11
29582, 9
29583, 15
29584, 3
29585, 4
29586, 8
29587, 7
29588, 5
29589, 4
29590, 8
29591, 8
29592, 16
29593, 13
29594, 11
29595, 9
29596, 13
29597, 12
29598, 3
29599, 7
29600, 3
29601, 1
29602, 5
29603, 7
29604, 8
29605, 1
29606, 4
29608, 8
29609, 6
29610, 3
29611, 2
29612, 2
29613, 4
29614, 8
29615, 5
29616, 5
29617, 2
29618, 10
29619, 4
29622, 1
29624, 1
29625, 2
29626, 1
29636, 2
29658, 1
29659, 1
29663, 1
29664, 2
29665, 1
29667, 1
29668, 1
29669, 3
29670, 1
29671, 5
29673, 6
29674, 4
29675, 3
29676, 1
29677, 4
29678, 6
29679, 2
29680, 5
29681, 10
29682, 8
29683, 4
29684, 7
29685, 6
29686, 9
29687, 5
29688, 4
29689, 10
29690, 13
29691, 9
29692, 11
29693, 8
29694, 6
29695, 13
29696, 17
29697, 20
29698, 13
29699, 12
29700, 12
29701, 5
29702, 5
29703, 7
29704, 1
29705, 8
29706, 7
29707, 3
29708, 3
29709, 2
29710, 7
29711, 3
29712, 2
29713, 2
29714, 4
29715, 2
29716, 6
29718, 8
29719, 2
29723, 2
29724, 2
29726, 1
29727, 6
29728, 2
29729, 2
29731, 1
29732, 3
29735, 2
29736, 6
29737, 6
29738, 1
29740, 3
29741, 2
29742, 3
29743, 3
29745, 2
29746, 4
29747, 5
29749, 1
29751, 1
29752, 1
29753, 4
29754, 1
29755, 3
29756, 2
29757, 1
29759, 1
29761, 2
29763, 1
29766, 2
29769, 2
29772, 1
29775, 1
29777, 3
29781, 1
29823, 2
29824, 3
29825, 2
29826, 1
29827, 1
29828, 4
29829, 4
29831, 2
29832, 2
29833, 2
29834, 2
29835, 1
29836, 2
29837, 1
29838, 5
29839, 2
29840, 3
29841, 3
29842, 3
29843, 6
29844, 2
29845, 2
29846, 5
29847, 6
29848, 7
29849, 12
29850, 4
29851, 7
29852, 5
29853, 5
29854, 9
29855, 9
29856, 3
29857, 6
29858, 9
29859, 12
29860, 14
29861, 22
29862, 6
29863, 13
29864, 4
29866, 6
29867, 9
29868, 4
29870, 2
29871, 2
29872, 1
29873, 1
29874, 9
29875, 1
29877, 2
29878, 6
29881, 6
29882, 6
29883, 2
29885, 2
29886, 3
29887, 2
29888, 2
29889, 3
29891, 7
29892, 3
29893, 1
29894, 1
29895, 3
29897, 2
29898, 2
29899, 1
29900, 1
29901, 3
29903, 1
29904, 3
29905, 1
29906, 2
29907, 4
29909, 2
29910, 1
29911, 1
29912, 2
29916, 4
29917, 1
29918, 2
29919, 1
29923, 2
29924, 4
29925, 3
29926, 4
29927, 1
29928, 7
29930, 3
29931, 1
29933, 1
29934, 1
29935, 5
29936, 1
29938, 5
29939, 1
29942, 1
29946, 4
29954, 1
29956, 1
29959, 1
29965, 2
29967, 1
29968, 1
29969, 1
29971, 2
29972, 1
29973, 2
29974, 2
29975, 2
29976, 3
29977, 1
29979, 3
29980, 1
29981, 5
29982, 3
29983, 4
29984, 3
29985, 2
29986, 1
29987, 4
29988, 5
29989, 1
29990, 4
29991, 6
29992, 4
29993, 7
29994, 7
29995, 4
29996, 1
29997, 5
29998, 11
29999, 14
30000, 10
30001, 12
30002, 11
30003, 1
30004, 9
30005, 9
30006, 4
30007, 9
30009, 5
30010, 4
30011, 1
30012, 2
30013, 1
30014, 5
30017, 2
30018, 4
30020, 3
30021, 2
30022, 1
30023, 1
30024, 4
30025, 5
30026, 2
30027, 1
30028, 3
30029, 10
30030, 1
30032, 4
30033, 6
30034, 7
30038, 3
30039, 2
30040, 3
30041, 6
30042, 2
30043, 4
30044, 7
30045, 8
30046, 3
30048, 2
30049, 6
30050, 2
30051, 3
30052, 5
30053, 2
30054, 5
30055, 6
30057, 4
30058, 4
30059, 6
30060, 1
30061, 5
30062, 2
30063, 2
30065, 5
30066, 2
30067, 2
30068, 2
30069, 2
30070, 1
30072, 5
30073, 2
30076, 2
30078, 2
30079, 2
30080, 2
30083, 2
30084, 1
30087, 1
30095, 2
30136, 1
30137, 1
30138, 3
30140, 1
30142, 1
30143, 1
30145, 2
30146, 1
30147, 3
30148, 2
30149, 3
30150, 3
30152, 5
30153, 4
30154, 2
30155, 5
30156, 10
30157, 6
30158, 6
30159, 1
30160, 7
30161, 4
30162, 4
30163, 3
30164, 3
30165, 6
30166, 11
30167, 12
30168, 8
30169, 10
30170, 9
30171, 8
30172, 11
30173, 14
30174, 11
30175, 10
30176, 13
30177, 9
30178, 9
30179, 8
30180, 6
30181, 6
30182, 2
30183, 3
30184, 4
30185, 8
30186, 6
30187, 12
30188, 18
30189, 8
30190, 3
30191, 9
30192, 9
30193, 10
30194, 5
30195, 14
30196, 5
30197, 2
30198, 18
30199, 5
30200, 10
30201, 20
30202, 1
30203, 9
30204, 8
30205, 8
30206, 5
30207, 4
30208, 16
30209, 7
30210, 12
30211, 3
30212, 6
30213, 6
30214, 14
30215, 5
30216, 13
30217, 10
30218, 13
30219, 3
30220, 4
30221, 18
30222, 15
30223, 7
30224, 19
30225, 6
30226, 19
30227, 4
30228, 15
30229, 4
30230, 10
30231, 11
30232, 19
30233, 20
30234, 23
30235, 4
30236, 2
30237, 4
30238, 3
30239, 15
30240, 13
30241, 12
30242, 5
30243, 5
30244, 24
30245, 34
30246, 5
30247, 8
30248, 7
30249, 8
30250, 26
30251, 17
30252, 14
30253, 21
30254, 8
30255, 15
30256, 11
30257, 17
30258, 8
30259, 10
30260, 13
30261, 16
30262, 4
30263, 13
30264, 11
30265, 20
30266, 11
30267, 15
30268, 19
30269, 13
30270, 3
30271, 17
30272, 14
30273, 9
30274, 6
30275, 9
30276, 14
30277, 21
30278, 11
30279, 7
30280, 12
30281, 22
30282, 6
30283, 13
30284, 7
30285, 8
30287, 3
30288, 6
30289, 2
30290, 2
30291, 6
30293, 3
30294, 9
30295, 1
30296, 7
30298, 9
30299, 3
30300, 1
30301, 3
30302, 1
30303, 4
30305, 7
30307, 1
30308, 3
30309, 3
30310, 8
30311, 2
30312, 2
30313, 2
30314, 2
30320, 2
30323, 2
30324, 5
30328, 2
30329, 2
30330, 5
30332, 4
30334, 6
30335, 8
30336, 6
30338, 3
30339, 5
30340, 2
30341, 1
30342, 2
30344, 2
30345, 9
30346, 3
30347, 5
30350, 1
30352, 2
30353, 4
30354, 2
30355, 3
30358, 1
30360, 1
30369, 1
30371, 2
30373, 2
30374, 2
30391, 2
30402, 3
30434, 2
30435, 1
30436, 1
30438, 1
30439, 3
30440, 2
30441, 3
30442, 1
30444, 3
30446, 2
30447, 1
30449, 3
30450, 6
30451, 2
30452, 6
30453, 2
30454, 4
30455, 5
30456, 3
30457, 7
30458, 5
30459, 3
30460, 2
30461, 5
30462, 6
30463, 12
30464, 6
30465, 17
30466, 5
30467, 10
30468, 3
30469, 10
30470, 13
30471, 11
30472, 8
30473, 8
30474, 1
30475, 2
30477, 6
30481, 5
30482, 6
30483, 2
30485, 1
30486, 1
30488, 4
30489, 3
30491, 2
30492, 2
30494, 4
30495, 2
30498, 2
30500, 2
30501, 2
30502, 2
30504, 2
30505, 3
30506, 2
30507, 8
30508, 1
30509, 2
30511, 7
30512, 2
30513, 2
30515, 2
30516, 5
30518, 1
30519, 7
30520, 4
30521, 12
30522, 7
30523, 14
30524, 6
30525, 5
30526, 8
30527, 8
30528, 9
30529, 1
30530, 13
30531, 27
30532, 5
30533, 12
30534, 16
30535, 8
30536, 21
30537, 1
30538, 10
30539, 1
30540, 9
30541, 3
30542, 7
30543, 8
30544, 10
30545, 18
30546, 18
30547, 9
30548, 14
30549, 32
30550, 8
30551, 19
30552, 4
30554, 5
30555, 2
30556, 3
30557, 10
30558, 11
30559, 16
30560, 9
30561, 7
30562, 6
30563, 3
30564, 1
30565, 3
30566, 11
30567, 3
30568, 4
30570, 6
30574, 10
30575, 2
30576, 3
30577, 4
30579, 1
30580, 6
30587, 1
30590, 3
30591, 3
30594, 1
30595, 5
30596, 3
30597, 1
30598, 7
30599, 1
30600, 2
30601, 4
30602, 7
30603, 9
30604, 7
30605, 1
30606, 7
30607, 10
30608, 5
30609, 4
30610, 6
30611, 4
30612, 3
30613, 8
30614, 3
30615, 2
30616, 6
30617, 8
30618, 8
30619, 6
30620, 3
30621, 6
30622, 8
30623, 14
30624, 11
30625, 7
30626, 9
30627, 6
30628, 11
30629, 8
30630, 18
30631, 8
30632, 9
30633, 10
30635, 11
30636, 8
30637, 10
30638, 6
30639, 11
30641, 3
30642, 8
30643, 4
30644, 17
30645, 6
30646, 3
30647, 2
30648, 2
30649, 5
30652, 4
30653, 7
30654, 1
30655, 5
30656, 1
30658, 3
30660, 3
30663, 6
30665, 2
30667, 1
30668, 1
30669, 15
30671, 4
30672, 3
30673, 6
30676, 4
30678, 1
30682, 6
30683, 5
30684, 2
30685, 1
30686, 1
30689, 2
30690, 2
30691, 3
30693, 2
30695, 4
30696, 3
30697, 4
30698, 9
30699, 4
30700, 3
30701, 2
30702, 7
30703, 10
30704, 7
30705, 8
30706, 3
30707, 8
30708, 5
30709, 5
30710, 3
30711, 18
30712, 10
30713, 17
30714, 24
30715, 12
30716, 5
30717, 12
30718, 9
30719, 4
30720, 5
30721, 9
30722, 5
30724, 2
30725, 2
30726, 9
30727, 7
30728, 4
30729, 4
30730, 6
30731, 3
30734, 4
30735, 2
30736, 5
30737, 6
30738, 4
30739, 2
30741, 2
30742, 6
30743, 1
30745, 5
30746, 3
30748, 3
30750, 3
30751, 6
30755, 3
30757, 3
30758, 2
30759, 3
30760, 1
30761, 2
30762, 2
30764, 1
30767, 5
30769, 3
30770, 1
30771, 1
30772, 3
30774, 3
30775, 3
30779, 2
30783, 2
30784, 1
30785, 1
30786, 2
30787, 4
30789, 3
30793, 1
30797, 3
30802, 1
30803, 6
30804, 3
30805, 5
30806, 3
30807, 3
30808, 4
30809, 2
30811, 2
30812, 1
30814, 2
30815, 1
30816, 3
30817, 5
30818, 3
30819, 2
30820, 4
30821, 7
30822, 5
30823, 8
30824, 6
30825, 10
30826, 9
30827, 2
30828, 7
30829, 6
30830, 3
30831, 8
30832, 10
30833, 4
30834, 9
30835, 13
30836, 12
30837, 3
30838, 8
30839, 5
30840, 1
30841, 1
30842, 2
30843, 5
30844, 4
30845, 1
30847, 7
30848, 3
30849, 1
30850, 4
30852, 3
30853, 7
30854, 1
30855, 6
30856, 1
30857, 2
30858, 8
30859, 5
30861, 4
30862, 3
30863, 7
30864, 7
30865, 4
30867, 12
30868, 5
30869, 4
30870, 4
30871, 12
30872, 18
30873, 5
30874, 4
30875, 3
30876, 5
30877, 4
30879, 13
30880, 12
30881, 8
30882, 9
30883, 15
30884, 3
30885, 10
30886, 3
30888, 5
30889, 4
30890, 12
30891, 15
30892, 7
30893, 9
30894, 25
30895, 17
30896, 13
30897, 18
30898, 12
30899, 13
30900, 3
30901, 10
30902, 4
30903, 6
30904, 12
30905, 10
30906, 6
30907, 6
30908, 8
30909, 13
30910, 10
30911, 5
30913, 5
30914, 11
30916, 12
30917, 3
30918, 7
30921, 2
30922, 6
30923, 3
30924, 6
30925, 9
30926, 1
30928, 3
30929, 5
30930, 6
30931, 5
30932, 1
30933, 2
30936, 1
30938, 3
30940, 3
30948, 1
31007, 1
31008, 3
31010, 2
31011, 2
31012, 1
31013, 3
31015, 1
31016, 3
31018, 1
31019, 1
31020, 5
31021, 5
31022, 4
31023, 1
31024, 4
31025, 2
31026, 5
31028, 4
31029, 7
31030, 1
31031, 9
31032, 8
31033, 5
31034, 7
31035, 5
31036, 4
31037, 3
31038, 11
31039, 12
31040, 9
31041, 8
31042, 11
31043, 28
31044, 19
31045, 14
31046, 12
31047, 4
31048, 6
31049, 2
31050, 3
31052, 5
31053, 2
31054, 6
31055, 4
31056, 1
31057, 3
31058, 5
31059, 9
31060, 9
31061, 1
31062, 5
31063, 13
31064, 4
31065, 10
31066, 10
31067, 11
31068, 6
31069, 9
31070, 3
31071, 12
31072, 11
31073, 9
31074, 6
31075, 9
31076, 10
31077, 14
31078, 8
31079, 9
31080, 19
31081, 9
31082, 10
31083, 5
31084, 6
31085, 4
31086, 1
31087, 7
31088, 4
31090, 3
31091, 6
31092, 6
31093, 3
31094, 2
31095, 10
31097, 6
31098, 2
31099, 4
31101, 3
31102, 11
31103, 4
31104, 6
31105, 6
31107, 6
31109, 7
31110, 4
31111, 1
31112, 4
31113, 11
31114, 11
31115, 4
31116, 9
31117, 7
31118, 4
31119, 3
31120, 3
31121, 4
31122, 8
31123, 9
31124, 3
31125, 9
31126, 11
31127, 12
31128, 7
31129, 2
31130, 20
31131, 4
31132, 11
31133, 14
31134, 1
31135, 4
31136, 3
31137, 8
31138, 7
31139, 23
31140, 22
31141, 8
31142, 10
31143, 12
31144, 6
31145, 11
31146, 12
31147, 16
31148, 22
31149, 12
31150, 10
31151, 2
31152, 6
31153, 24
31154, 5
31155, 3
31156, 6
31158, 3
31160, 6
31161, 6
31162, 9
31163, 6
31164, 8
31165, 3
31166, 3
31167, 4
31168, 3
31169, 12
31170, 3
31171, 6
31174, 2
31175, 3
31176, 4
31177, 4
31178, 6
31180, 3
31181, 2
31182, 2
31183, 4
31184, 3
31185, 5
31186, 5
31187, 2
31188, 4
31189, 6
31193, 3
31197, 3
31199, 3
31200, 2
31201, 5
31202, 2
31203, 12
31204, 1
31205, 5
31206, 1
31208, 6
31210, 2
31212, 4
31215, 2
31216, 5
31217, 1
31219, 2
31221, 1
31222, 1
31223, 1
31224, 1
31225, 5
31226, 4
31227, 1
31228, 11
31229, 2
31230, 1
31231, 5
31232, 4
31233, 1
31234, 4
31236, 6
31237, 5
31238, 1
31239, 2
31240, 2
31241, 4
31242, 5
31243, 1
31244, 7
31245, 10
31246, 2
31247, 10
31248, 7
31249, 4
31250, 11
31251, 5
31252, 10
31253, 3
31254, 10
31255, 7
31256, 6
31257, 24
31258, 13
31259, 12
31260, 14
31261, 8
31262, 2
31263, 9
31265, 2
31266, 7
31267, 1
31268, 4
31269, 6
31270, 5
31271, 7
31272, 9
31276, 3
31277, 4
31280, 1
31281, 3
31282, 3
31283, 1
31286, 10
31287, 1
31288, 7
31290, 2
31291, 2
31292, 7
31293, 1
31294, 5
31295, 2
31297, 5
31298, 6
31299, 3
31300, 5
31303, 8
31304, 3
31305, 3
31306, 2
31308, 2
31312, 2
31313, 2
31315, 2
31316, 2
31317, 2
31319, 1
31320, 2
31321, 2
31322, 3
31324, 4
31325, 3
31329, 1
31330, 3
31331, 2
31338, 2
31339, 3
31342, 1
31343, 2
31345, 2
31346, 2
31348, 3
31349, 1
31350, 1
31351, 4
31352, 3
31353, 3
31354, 1
31355, 1
31359, 3
31360, 2
31361, 2
31362, 2
31365, 4
31366, 10
31367, 5
31368, 2
31369, 2
31370, 1
31371, 6
31372, 4
31373, 2
31374, 1
31375, 13
31376, 12
31377, 8
31378, 8
31379, 7
31380, 12
31381, 13
31382, 18
31383, 17
31384, 24
31385, 19
31386, 17
31387, 19
31388, 7
31389, 6
31390, 12
31391, 13
31393, 5
31394, 4
31398, 4
31399, 8
31400, 5
31401, 5
31403, 7
31404, 1
31405, 15
31406, 6
31407, 13
31408, 19
31409, 2
31410, 7
31411, 4
31413, 9
31414, 10
31415, 2
31416, 7
31417, 8
31418, 5
31419, 2
31420, 6
31421, 8
31422, 9
31423, 8
31424, 3
31425, 8
31426, 6
31427, 2
31428, 2
31429, 3
31430, 6
31431, 8
31433, 13
31434, 4
31435, 10
31436, 8
31437, 7
31438, 3
31439, 3
31440, 6
31441, 14
31442, 10
31444, 16
31445, 16
31446, 14
31448, 7
31449, 13
31450, 10
31451, 7
31452, 5
31453, 14
31455, 6
31459, 4
31460, 2
31462, 1
31463, 12
31464, 13
31465, 13
31466, 3
31467, 4
31468, 8
31469, 3
31470, 5
31471, 5
31472, 4
31474, 6
31475, 3
31476, 5
31477, 8
31478, 6
31479, 1
31480, 8
31481, 6
31482, 4
31483, 4
31484, 5
31485, 10
31486, 6
31487, 1
31488, 5
31489, 2
31490, 1
31491, 5
31492, 9
31493, 9
31494, 10
31495, 7
31496, 6
31497, 11
31498, 10
31499, 13
31500, 10
31501, 2
31502, 9
31503, 16
31504, 9
31505, 3
31506, 1
31507, 3
31508, 3
31509, 5
31510, 2
31511, 3
31513, 2
31514, 5
31515, 2
31516, 6
31517, 6
31518, 6
31520, 8
31521, 9
31522, 2
31523, 5
31524, 2
31528, 2
31529, 1
31530, 5
31532, 4
31533, 2
31534, 4
31535, 2
31536, 5
31537, 6
31538, 5
31539, 3
31540, 10
31541, 4
31542, 5
31543, 6
31544, 9
31545, 1
31546, 4
31547, 7
31548, 3
31549, 12
31550, 2
31551, 18
31552, 16
31553, 4
31554, 11
31555, 3
31556, 1
31557, 5
31558, 5
31559, 4
31560, 1
31561, 11
31562, 1
31563, 9
31564, 20
31565, 14
31566, 11
31567, 12
31568, 22
31569, 12
31570, 13
31571, 11
31572, 11
31573, 4
31574, 13
31575, 19
31576, 20
31577, 12
31578, 2
31579, 4
31580, 15
31581, 2
31582, 6
31583, 13
31584, 1
31585, 12
31586, 3
31587, 2
31588, 3
31589, 3
31590, 3
31591, 4
31593, 5
31595, 7
31596, 1
31597, 3
31598, 3
31599, 3
31600, 4
31601, 2
31603, 3
31606, 1
31607, 3
31609, 3
31610, 2
31614, 2
31615, 1
31616, 2
31618, 3
31619, 2
31622, 2
31633, 2
31634, 2
31635, 4
31637, 1
31638, 1
31639, 2
31640, 1
31641, 3
31642, 4
31643, 2
31644, 4
31645, 3
31646, 3
31647, 2
31648, 4
31649, 5
31650, 10
31651, 3
31652, 7
31653, 3
31654, 4
31655, 9
31656, 9
31657, 7
31658, 13
31659, 8
31660, 7
31661, 4
31662, 14
31663, 11
31664, 13
31665, 2
31666, 15
31667, 4
31668, 14
31669, 9
31670, 16
31671, 25
31672, 12
31673, 7
31674, 13
31675, 4
31676, 4
31677, 2
31678, 4
31679, 2
31680, 2
31681, 2
31682, 2
31683, 6
31684, 3
31685, 1
31687, 6
31688, 1
31689, 3
31690, 6
31695, 4
31696, 3
31697, 5
31698, 4
31700, 2
31701, 4
31702, 5
31703, 7
31704, 2
31705, 7
31706, 7
31708, 2
31709, 1
31710, 6
31711, 2
31712, 6
31713, 2
31714, 6
31715, 1
31716, 8
31717, 3
31718, 5
31719, 5
31720, 12
31721, 7
31722, 6
31723, 9
31724, 16
31725, 8
31726, 8
31727, 14
31728, 8
31729, 10
31730, 15
31731, 21
31732, 12
31733, 19
31734, 12
31735, 2
31736, 7
31737, 12
31738, 11
31740, 12
31741, 1
31742, 18
31743, 3
31745, 6
31746, 11
31747, 17
31748, 10
31749, 4
31750, 6
31751, 2
31752, 6
31753, 13
31754, 2
31756, 3
31757, 3
31758, 1
31759, 7
31760, 1
31761, 11
31763, 2
31764, 7
31765, 8
31766, 3
31767, 6
31768, 1
31770, 7
31773, 1
31774, 2
31775, 4
31776, 6
31777, 3
31778, 4
31779, 5
31780, 2
31781, 1
31783, 9
31784, 20
31785, 5
31786, 6
31787, 8
31788, 8
31789, 39
31790, 10
31791, 9
31792, 22
31793, 15
31794, 13
31795, 10
31796, 21
31797, 17
31798, 4
31799, 12
31800, 8
31801, 8
31802, 8
31803, 9
31804, 13
31805, 2
31806, 22
31807, 15
31808, 10
31809, 16
31810, 30
31811, 1
31812, 11
31813, 16
31814, 13
31815, 13
31816, 32
31817, 17
31818, 3
31819, 18
31820, 1
31821, 13
31822, 3
31823, 10
31824, 6
31825, 14
31826, 13
31827, 26
31828, 5
31830, 5
31831, 9
31832, 6
31833, 9
31834, 7
31835, 1
31837, 5
31838, 8
31839, 9
31840, 4
31842, 11
31843, 5
31844, 3
31845, 4
31846, 4
31847, 9
31848, 7
31849, 1
31850, 11
31851, 3
31852, 2
31853, 3
31854, 7
31855, 9
31856, 6
31857, 6
31859, 5
31862, 3
31863, 2
31868, 1
31870, 3
31873, 4
31874, 12
31875, 4
31877, 3
31880, 1
31891, 5
31896, 1
31897, 1
31900, 5
31901, 1
31902, 2
31903, 1
31905, 2
31906, 1
31907, 3
31909, 2
31910, 2
31911, 2
31912, 2
31913, 5
31914, 5
31915, 3
31916, 2
31917, 2
31918, 4
31919, 2
31920, 4
31921, 3
31922, 7
31923, 10
31924, 3
31925, 8
31926, 10
31927, 7
31928, 7
31929, 9
31930, 11
31931, 7
31932, 12
31933, 11
31934, 19
31935, 10
31936, 19
31937, 16
31938, 12
31939, 7
31940, 12
31941, 6
31942, 12
31943, 7
31944, 4
31945, 8
31946, 7
31948, 1
31949, 10
31950, 7
31951, 7
31952, 12
31953, 4
31954, 4
31955, 7
31956, 12
31957, 7
31958, 18
31959, 5
31960, 6
31961, 33
31962, 9
31963, 11
31964, 1
31965, 8
31966, 13
31967, 15
31968, 5
31970, 4
31971, 2
31973, 12
31974, 4
31976, 5
31977, 3
31979, 2
31980, 6
31981, 4
31982, 6
31983, 8
31984, 7
31985, 7
31986, 4
31987, 2
31988, 4
31989, 4
31991, 5
31992, 4
31993, 6
31994, 2
31995, 5
31996, 11
31997, 12
31999, 3
32000, 5
32003, 4
32004, 6
32005, 18
32006, 12
32009, 4
32010, 3
32011, 5
32012, 16
32013, 3
32014, 1
32015, 9
32016, 3
32017, 7
32018, 7
32019, 1
32020, 6
32022, 7
32023, 9
32024, 5
32025, 2
32026, 3
32027, 2
32028, 1
32029, 8
32030, 7
32032, 3
32033, 5
32034, 5
32035, 3
32036, 1
32037, 2
32038, 1
32039, 11
32040, 6
32041, 11
32042, 6
32043, 10
32044, 5
32045, 7
32046, 6
32047, 9
32048, 7
32049, 10
32050, 2
32051, 5
32052, 7
32053, 8
32054, 10
32055, 2
32056, 5
32057, 18
32058, 4
32059, 5
32060, 6
32061, 4
32062, 2
32064, 1
32066, 2
32067, 9
32068, 3
32069, 1
32070, 4
32071, 5
32072, 2
32074, 5
32075, 7
32076, 3
32077, 15
32078, 6
32079, 10
32080, 8
32081, 6
32082, 8
32083, 6
32084, 8
32085, 11
32086, 9
32087, 7
32088, 10
32089, 13
32090, 3
32091, 10
32092, 17
32094, 10
32095, 12
32096, 16
32097, 16
32098, 7
32099, 11
32100, 10
32101, 14
32102, 20
32103, 9
32104, 9
32105, 15
32106, 23
32107, 10
32108, 8
32109, 12
32110, 18
32111, 19
32112, 11
32113, 12
32114, 26
32115, 17
32116, 10
32117, 10
32118, 14
32119, 14
32120, 14
32121, 20
32122, 14
32123, 19
32124, 6
32125, 16
32126, 10
32127, 20
32128, 38
32129, 16
32130, 12
32131, 6
32132, 10
32133, 14
32134, 18
32135, 18
32136, 10
32137, 26
32138, 10
32139, 13
32140, 21
32141, 16
32142, 9
32143, 13
32144, 41
32145, 14
32146, 20
32147, 18
32148, 26
32149, 15
32150, 11
32151, 16
32152, 12
32153, 7
32154, 25
32155, 6
32156, 5
32157, 7
32158, 16
32159, 10
32160, 9
32161, 7
32162, 10
32163, 16
32164, 5
32165, 6
32166, 8
32167, 20
32168, 2
32169, 10
32170, 6
32171, 19
32172, 4
32173, 11
32174, 7
32175, 10
32176, 9
32177, 9
32178, 7
32179, 9
32180, 10
32181, 10
32182, 8
32183, 15
32184, 6
32185, 6
32186, 10
32187, 10
32188, 9
32189, 8
32190, 13
32191, 4
32192, 5
32193, 6
32194, 10
32195, 7
32196, 3
32197, 6
32198, 9
32199, 5
32200, 12
32201, 4
32202, 7
32203, 14
32204, 12
32205, 8
32206, 10
32207, 16
32208, 5
32209, 15
32210, 16
32211, 1
32212, 23
32213, 14
32214, 14
32215, 20
32216, 17
32217, 12
32218, 19
32219, 2
32220, 24
32221, 18
32222, 16
32223, 14
32224, 28
32225, 14
32226, 12
32227, 20
32228, 13
32229, 19
32230, 14
32231, 14
32232, 20
32233, 18
32234, 15
32235, 20
32236, 16
32237, 9
32238, 21
32239, 8
32240, 13
32241, 14
32242, 1
32243, 11
32244, 9
32245, 5
32246, 5
32247, 2
32248, 4
32249, 7
32250, 3
32251, 4
32252, 5
32253, 9
32254, 3
32255, 5
32256, 11
32257, 5
32258, 7
32259, 18
32260, 2
32261, 5
32262, 6
32263, 20
32264, 5
32265, 13
32266, 2
32267, 5
32268, 16
32269, 11
32270, 11
32271, 12
32272, 10
32273, 7
32274, 4
32275, 8
32276, 14
32277, 6
32278, 4
32279, 7
32280, 3
32281, 11
32282, 7
32283, 8
32284, 4
32285, 4
32286, 6
32287, 3
32288, 3
32289, 9
32290, 3
32291, 4
32292, 8
32293, 6
32294, 1
32295, 5
32296, 5
32297, 2
32298, 8
32299, 2
32300, 4
32301, 1
32302, 8
32303, 5
32304, 9
32305, 5
32306, 2
32307, 4
32308, 5
32309, 2
32311, 5
32312, 6
32314, 7
32315, 1
32316, 3
32317, 5
32319, 2
32320, 4
32322, 1
32323, 3
32324, 2
32325, 4
32327, 1
32328, 2
32329, 4
32331, 1
32332, 1
32333, 4
32334, 1
32335, 1
32336, 2
32338, 1
32339, 2
32340, 2
32341, 4
32342, 3
32343, 4
32344, 6
32345, 4
32347, 3
32348, 5
32349, 2
32351, 7
32352, 5
32353, 4
32354, 6
32355, 7
32356, 2
32357, 7
32358, 5
32359, 5
32360, 3
32361, 9
32362, 8
32363, 8
32364, 7
32365, 8
32366, 15
32367, 6
32368, 3
32369, 13
32370, 12
32371, 8
32372, 14
32373, 10
32374, 15
32375, 12
32376, 16
32377, 4
32379, 4
32380, 6
32382, 2
32383, 2
32384, 5
32385, 3
32386, 8
32387, 2
32388, 8
32389, 13
32390, 2
32391, 1
32392, 6
32393, 8
32394, 3
32395, 8
32396, 3
32397, 2
32398, 4
32399, 3
32400, 11
32401, 6
32402, 8
32403, 1
32404, 1
32405, 5
32406, 8
32407, 5
32408, 13
32409, 5
32410, 4
32411, 6
32412, 2
32413, 14
32414, 6
32415, 3
32416, 10
32418, 9
32419, 12
32420, 9
32421, 23
32422, 9
32423, 8
32426, 9
32427, 15
32428, 11
32429, 1
32432, 20
32433, 7
32434, 7
32435, 9
32436, 6
32437, 5
32438, 15
32439, 7
32440, 14
32441, 11
32442, 5
32443, 5
32444, 4
32445, 1
32446, 2
32447, 5
32448, 10
32449, 6
32450, 7
32451, 12
32453, 5
32454, 10
32455, 3
32456, 7
32457, 8
32458, 3
32459, 6
32460, 3
32461, 9
32462, 2
32463, 6
32464, 2
32465, 3
32466, 6
32467, 3
32468, 3
32469, 2
32470, 5
32471, 2
32472, 7
32474, 4
32475, 11
32476, 7
32477, 10
32478, 1
32479, 9
32480, 1
32481, 2
32482, 7
32483, 2
32484, 2
32485, 5
32486, 1
32487, 3
32488, 12
32489, 3
32490, 13
32491, 6
32492, 4
32493, 4
32495, 8
32496, 3
32497, 6
32498, 5
32499, 4
32500, 11
32501, 6
32502, 9
32503, 7
32504, 12
32505, 4
32506, 13
32507, 3
32508, 4
32509, 5
32510, 5
32511, 12
32512, 24
32513, 11
32514, 4
32515, 10
32516, 7
32517, 5
32518, 22
32519, 4
32520, 17
32521, 8
32522, 9
32523, 5
32524, 1
32525, 7
32526, 10
32527, 13
32528, 6
32531, 5
32532, 4
32533, 3
32534, 10
32535, 4
32536, 2
32537, 8
32538, 7
32539, 15
32540, 4
32541, 2
32542, 9
32544, 3
32545, 6
32546, 5
32547, 4
32548, 6
32549, 19
32550, 1
32551, 4
32552, 3
32553, 6
32555, 2
32556, 3
32558, 1
32559, 6
32561, 8
32564, 9
32566, 3
32567, 10
32568, 6
32569, 2
32571, 6
32574, 1
32575, 2
32576, 1
32577, 5
32579, 4
32583, 5
32585, 4
32617, 1
32619, 1
32620, 1
32621, 1
32625, 1
32626, 1
32627, 3
32628, 1
32629, 2
32630, 3
32632, 4
32633, 1
32635, 3
32636, 2
32637, 7
32638, 9
32639, 2
32640, 3
32641, 3
32642, 17
32643, 5
32644, 5
32645, 9
32646, 15
32647, 12
32648, 15
32649, 17
32650, 9
32651, 11
32652, 14
32653, 13
32654, 10
32655, 20
32656, 18
32657, 19
32658, 16
32659, 3
32660, 9
32661, 11
32662, 5
32663, 10
32664, 10
32665, 5
32666, 12
32667, 20
32668, 41
32669, 18
32670, 17
32671, 18
32672, 15
32673, 20
32674, 9
32675, 13
32676, 27
32677, 8
32678, 1
32679, 6
32680, 10
32681, 4
32683, 2
32684, 32
32685, 22
32686, 17
32687, 20
32688, 8
32689, 21
32690, 14
32691, 18
32692, 7
32693, 29
32694, 21
32695, 18
32696, 17
32697, 25
32698, 4
32699, 1
32700, 6
32701, 24
32702, 15
32703, 11
32704, 20
32705, 14
32706, 4
32707, 7
32708, 12
32709, 15
32710, 9
32711, 12
32712, 19
32713, 1
32714, 17
32715, 8
32716, 12
32717, 15
32720, 21
32721, 13
32722, 8
32723, 30
32724, 10
32725, 9
32727, 25
32728, 13
32729, 2
32730, 4
32731, 11
32732, 26
32733, 10
32734, 29
32735, 29
32736, 22
32737, 13
32738, 25
32739, 1
32740, 22
32741, 17
32742, 24
32743, 13
32744, 1
32745, 18
32746, 35
32747, 13
32748, 21
32749, 22
32750, 29
32751, 18
32752, 13
32753, 14
32754, 15
32755, 26
32756, 13
32757, 5
32758, 5
32759, 5
32760, 6
32761, 3
32762, 8
32763, 1
32764, 1
32765, 1
32766, 2
32767, 1
32768, 6
32769, 5
32770, 6
32771, 10
32772, 5
32773, 6
32775, 15
32776, 9
32777, 10
32778, 2
32779, 6
32781, 7
32782, 6
32783, 8
32784, 9
32785, 1
32786, 3
32787, 4
32788, 6
32789, 5
32790, 4
32791, 9
32792, 6
32793, 9
32794, 7
32795, 3
32796, 10
32797, 9
32798, 5
32799, 2
32800, 5
32801, 6
32802, 4
32803, 3
32804, 6
32805, 7
32806, 1
32807, 4
32808, 7
32809, 6
32810, 12
32811, 4
32812, 8
32813, 8
32814, 10
32815, 5
32816, 6
32817, 6
32818, 6
32819, 2
32820, 3
32821, 6
32822, 2
32823, 7
32824, 11
32825, 12
32826, 9
32827, 7
32828, 8
32829, 12
32830, 14
32831, 4
32832, 3
32833, 12
32834, 6
32835, 5
32836, 5
32837, 7
32838, 6
32839, 3
32840, 1
32841, 6
32842, 2
32843, 14
32844, 5
32845, 4
32846, 4
32847, 10
32848, 5
32849, 5
32850, 8
32851, 9
32852, 8
32853, 16
32854, 7
32855, 6
32856, 4
32857, 1
32858, 15
32859, 1
32860, 2
32861, 2
32862, 5
32863, 1
32864, 10
32865, 9
32866, 2
32867, 2
32868, 3
32869, 2
32870, 3
32871, 9
32872, 5
32873, 8
32874, 5
32875, 4
32876, 9
32877, 1
32878, 6
32879, 5
32880, 2
32881, 4
32882, 4
32884, 6
32885, 5
32886, 6
32887, 3
32889, 1
32890, 3
32891, 3
32892, 2
32895, 1
32897, 1
32899, 1
32902, 1
32904, 1
32912, 1
32919, 1
32921, 1
32969, 1
32997, 2
32999, 1
33000, 1
33001, 4
33002, 3
33004, 3
33006, 5
33007, 3
33008, 2
33009, 3
33010, 2
33011, 1
33012, 7
33013, 2
33014, 9
33015, 5
33016, 2
33017, 7
33018, 2
33019, 8
33020, 10
33021, 4
33022, 15
33023, 5
33024, 9
33025, 11
33026, 16
33027, 10
33028, 11
33029, 11
33030, 17
33031, 12
33032, 9
33033, 6
33034, 3
33036, 2
33038, 3
33039, 1
33040, 1
33043, 4
33045, 2
33046, 1
33047, 3
33049, 2
33053, 2
33054, 2
33060, 6
33062, 3
33063, 1
33070, 1
33071, 2
33072, 5
33073, 1
33074, 2
33075, 4
33077, 7
33078, 4
33079, 2
33080, 5
33081, 2
33082, 5
33083, 1
33084, 8
33085, 6
33087, 8
33088, 2
33089, 3
33091, 2
33092, 2
33093, 3
33094, 4
33095, 3
33096, 1
33097, 1
33098, 3
33100, 10
33101, 3
33102, 3
33103, 1
33104, 1
33105, 3
33106, 1
33109, 2
33110, 1
33111, 6
33112, 2
33113, 3
33114, 3
33116, 11
33117, 2
33118, 2
33120, 2
33122, 4
33124, 1
33129, 2
33149, 1
33211, 1
33212, 2
33215, 1
33219, 4
33220, 3
33222, 4
33223, 2
33224, 3
33225, 5
33226, 3
33227, 2
33228, 3
33229, 4
33230, 3
33231, 4
33232, 8
33233, 4
33234, 2
33236, 3
33237, 5
33238, 6
33239, 3
33240, 6
33241, 4
33242, 8
33243, 6
33244, 9
33245, 11
33246, 12
33247, 7
33248, 10
33249, 14
33250, 12
33251, 9
33252, 6
33253, 2
33255, 2
33256, 1
33258, 1
33267, 2
33269, 1
33272, 2
33277, 1
33278, 1
33279, 5
33280, 4
33281, 4
33282, 4
33283, 1
33285, 1
33286, 2
33287, 2
33288, 3
33289, 2
33290, 2
33291, 4
33292, 2
33294, 6
33295, 1
33296, 7
33297, 2
33298, 3
33299, 3
33300, 1
33301, 6
33302, 3
33303, 6
33304, 6
33305, 2
33306, 5
33307, 3
33308, 5
33309, 4
33310, 1
33311, 6
33312, 6
33313, 6
33314, 4
33315, 7
33316, 2
33317, 5
33318, 3
33319, 5
33320, 6
33321, 3
33322, 3
33323, 3
33324, 1
33325, 4
33326, 3
33327, 1
33328, 2
33329, 4
33330, 1
33331, 1
33333, 3
33335, 5
33336, 4
33337, 4
33338, 3
33339, 3
33340, 2
33341, 2
33351, 1
33352, 1
33353, 1
33362, 3
43841, 2
43843, 2
43844, 1
43845, 2
43846, 1
43847, 2
43848, 1
43849, 3
43850, 2
43851, 1
43852, 1
43853, 7
43854, 2
43855, 1
43856, 4
43857, 3
43858, 1
43859, 6
43860, 3
43861, 7
43862, 6
43863, 8
43864, 3
43865, 5
43866, 5
43867, 1
43868, 8
43869, 15
43870, 4
43871, 6
43872, 5
43873, 11
43874, 16
43875, 5
43876, 13
43877, 11
43878, 11
43879, 11
43880, 8
43881, 1
43901, 1
43902, 1
43908, 1
43909, 1
43913, 1
43914, 2
43915, 1
43916, 2
43919, 1
43920, 1
43921, 2
43922, 2
43924, 3
43926, 5
43927, 2
43928, 4
43929, 1
43930, 2
43931, 2
43932, 1
43933, 3
43934, 12
43935, 5
43936, 8
43937, 2
43938, 5
43939, 4
43940, 5
43941, 1
43942, 3
43943, 6
43944, 4
43945, 3
43946, 1
43947, 4
43948, 4
43949, 6
43950, 8
43951, 6
43952, 2
43953, 5
43954, 6
43955, 7
43956, 4
43957, 4
43959, 5
43960, 6
43961, 4
43962, 3
43963, 2
43964, 2
43965, 2
43966, 2
43967, 1
43968, 2
43969, 1
43970, 3
43971, 5
43972, 2
43973, 3
43974, 4
43975, 2
43978, 1
43979, 1
55807, 1
55809, 1
55810, 5
55811, 1
55813, 2
55815, 1
55816, 2
55817, 4
55818, 6
55819, 7
55820, 6
55821, 7
55822, 5
55823, 9
55824, 2
55825, 2
55826, 4
55827, 9
55828, 8
55829, 5
55830, 1
55831, 2
55832, 3
55833, 6
55834, 3
55835, 5
55836, 5
55837, 8
55838, 7
55839, 13
55840, 17
55841, 10
55842, 10
55843, 3
55844, 5
55845, 6
55846, 11
55847, 12
55848, 1
55850, 1
55873, 1
55874, 1
55875, 3
55882, 4
55883, 1
55886, 4
55887, 2
55888, 1
55889, 2
55890, 2
55891, 3
55892, 1
55893, 1
55894, 1
55895, 3
55896, 5
55897, 2
55898, 1
55899, 5
55900, 2
55901, 5
55902, 4
55903, 3
55904, 4
55905, 2
55906, 2
55907, 3
55908, 5
55909, 4
55910, 3
55911, 1
55912, 6
55913, 5
55914, 6
55915, 6
55916, 11
55917, 6
55918, 2
55919, 7
55920, 3
55921, 5
55922, 4
55923, 4
55924, 4
55925, 5
55926, 2
55927, 5
55928, 4
55929, 5
55930, 2
55931, 2
55932, 1
55933, 3
55934, 2
55935, 2
55936, 1
55937, 2
55940, 1
55941, 1
55942, 3
55943, 1
55946, 1
55947, 1
55948, 1
55950, 1
55951, 1
62136, 1
62137, 1
62139, 3
62140, 1
62141, 3
62142, 1
62143, 3
62144, 2
62145, 1
62146, 2
62147, 3
62148, 1
62149, 2
62150, 4
62151, 4
62152, 2
62153, 1
62154, 1
62155, 2
62158, 4
62159, 7
62160, 5
62161, 4
62162, 2
62163, 4
62164, 9
62165, 4
62166, 1
62167, 2
62168, 8
62169, 6
62170, 8
62171, 9
62172, 7
62173, 13
62174, 6
62175, 16
62176, 7
62177, 4
62178, 2
62205, 2
62211, 2
62212, 1
62213, 1
62214, 2
62215, 3
62216, 2
62217, 1
62218, 1
62219, 4
62220, 2
62221, 4
62222, 3
62223, 2
62224, 6
62225, 5
62226, 4
62227, 3
62228, 1
62229, 5
62230, 5
62231, 5
62232, 10
62233, 5
62234, 3
62235, 4
62236, 3
62237, 3
62238, 4
62239, 8
62240, 10
62241, 7
62242, 2
62243, 4
62244, 7
62245, 1
62246, 3
62247, 11
62248, 9
62249, 2
62250, 5
62251, 7
62252, 3
62253, 2
62254, 4
62255, 7
62256, 6
62257, 8
62258, 9
62259, 5
62260, 1
62261, 4
62262, 5
62263, 1
62264, 2
62265, 1
62266, 1
62268, 3
62271, 1
62272, 1
62273, 2
62274, 1
79849, 1
79850, 1
79851, 1
79853, 1
79854, 1
79855, 1
79856, 1
79857, 2
79858, 3
79859, 2
79860, 3
79861, 3
79862, 3
79863, 3
79864, 2
79865, 3
79866, 2
79867, 3
79868, 7
79869, 4
79870, 2
79871, 5
79872, 8
79873, 8
79874, 2
79875, 11
79876, 8
79877, 7
79878, 8
79879, 10
79880, 12
79881, 10
79882, 6
79883, 11
79884, 3
79885, 11
79886, 10
79887, 9
79888, 5
79910, 2
79915, 1
79920, 1
79921, 3
79922, 1
79923, 2
79924, 1
79925, 3
79926, 3
79927, 2
79928, 1
79929, 3
79930, 7
79931, 2
79932, 3
79933, 4
79934, 1
79936, 4
79937, 5
79938, 2
79939, 4
79940, 4
79941, 4
79942, 6
79943, 1
79944, 2
79945, 10
79946, 3
79947, 5
79948, 8
79949, 5
79950, 4
79951, 7
79952, 1
79953, 4
79954, 4
79955, 2
79956, 4
79957, 8
79958, 4
79959, 5
79960, 8
79961, 4
79962, 4
79963, 4
79964, 6
79965, 4
79966, 3
79967, 6
79968, 7
79969, 3
79970, 1
79971, 1
79975, 4
79976, 2
79977, 5
79978, 1
79979, 1
79980, 4
79985, 1
79986, 1
79990, 1
79991, 1
91895, 1
91896, 4
91897, 1
91899, 3
91900, 1
91901, 4
91902, 1
91903, 2
91904, 4
91905, 1
91906, 3
91907, 5
91908, 3
91909, 5
91910, 3
91911, 6
91912, 3
91913, 7
91914, 6
91915, 3
91916, 3
91917, 5
91918, 12
91919, 9
91921, 10
91922, 8
91923, 7
91924, 10
91925, 11
91926, 12
91927, 10
91928, 8
91929, 13
91930, 13
91931, 9
91932, 7
91933, 4
91934, 6
91935, 5
91936, 1
91963, 1
91965, 1
91966, 2
91967, 2
91970, 1
91971, 1
91972, 2
91973, 1
91975, 1
91976, 2
91977, 3
91978, 4
91979, 3
91980, 1
91981, 1
91982, 3
91983, 3
91984, 4
91985, 4
91986, 2
91987, 5
91988, 3
91989, 2
91990, 1
91991, 6
91992, 7
91993, 5
91994, 7
91995, 1
91996, 2
91997, 3
91998, 4
91999, 5
92000, 4
92001, 4
92002, 5
92003, 4
92004, 3
92005, 3
92006, 1
92007, 7
92008, 5
92009, 3
92010, 1
92011, 3
92012, 1
92013, 1
92014, 2
92015, 1
92016, 4
92017, 7
92018, 8
92019, 2
92020, 1
92024, 1
92025, 1
92026, 3
92028, 5
92030, 1
92031, 1
92034, 2
92036, 1
92038, 1
92039, 1
103876, 1
103878, 3
103879, 1
103880, 2
103881, 2
103882, 1
103883, 1
103884, 2
103885, 1
103886, 2
103887, 1
103888, 3
103889, 2
103891, 3
103892, 3
103893, 3
103894, 3
103895, 2
103896, 6
103897, 1
103898, 4
103899, 9
103900, 3
103901, 6
103902, 6
103903, 10
103904, 9
103905, 7
103906, 4
103907, 9
103908, 7
103909, 12
103910, 14
103911, 7
103912, 10
103913, 13
103914, 10
103915, 13
103916, 10
103917, 4
103918, 1
103946, 1
103949, 4
103950, 1
103951, 3
103952, 1
103955, 1
103956, 1
103957, 1
103958, 5
103959, 1
103960, 1
103961, 1
103962, 3
103963, 3
103964, 2
103965, 1
103966, 2
103967, 7
103968, 2
103969, 2
103970, 2
103971, 3
103972, 8
103973, 3
103974, 2
103975, 2
103976, 1
103977, 1
103978, 3
103979, 8
103980, 1
103981, 5
103982, 6
103983, 4
103984, 6
103985, 2
103986, 8
103988, 4
103989, 8
103990, 8
103991, 7
103992, 6
103993, 10
103994, 8
103995, 4
103996, 1
103997, 5
103998, 2
103999, 2
104000, 1
104001, 3
104002, 4
104003, 6
104005, 2
104006, 1
104007, 1
104011, 1
104012, 1
104014, 1
104017, 1
104018, 1
104024, 1
115913, 1
115915, 3
115916, 3
115920, 1
115921, 3
115922, 1
115924, 1
115925, 4
115926, 5
115927, 3
115928, 2
115929, 2
115931, 7
115932, 3
115933, 4
115934, 11
115935, 4
115936, 6
115937, 6
115938, 10
115939, 4
115940, 6
115941, 11
115942, 6
115943, 15
115944, 6
115945, 7
115946, 8
115947, 2
115948, 2
115949, 19
115950, 18
115951, 16
115952, 8
115953, 1
115954, 3
115984, 1
115985, 2
115986, 1
115988, 1
115989, 2
115990, 4
115991, 4
115992, 2
115993, 2
115994, 1
115995, 4
115996, 3
115997, 2
115998, 3
115999, 1
116000, 2
116001, 3
116002, 2
116003, 5
116004, 3
116005, 3
116006, 3
116007, 1
116008, 3
116009, 8
116010, 6
116011, 2
116012, 7
116013, 9
116014, 3
116016, 7
116017, 9
116018, 3
116019, 4
116020, 3
116021, 6
116022, 4
116023, 5
116024, 4
116025, 5
116026, 3
116027, 3
116028, 4
116029, 4
116030, 5
116031, 2
116032, 2
116033, 6
116034, 2
116035, 1
116036, 4
116037, 2
116039, 4
116040, 1
116041, 3
116042, 1
116043, 2
116045, 1
116046, 3
127902, 2
127903, 1
127904, 3
127905, 2
127906, 5
127908, 2
127910, 1
127911, 2
127912, 4
127913, 4
127915, 1
127916, 3
127917, 5
127918, 4
127919, 5
127920, 3
127921, 4
127922, 5
127923, 5
127924, 5
127925, 7
127926, 4
127927, 5
127928, 8
127929, 7
127930, 7
127931, 14
127932, 7
127933, 6
127934, 6
127935, 17
127936, 6
127937, 12
127938, 15
127939, 14
127940, 6
127941, 1
127942, 1
127971, 2
127973, 1
127974, 1
127975, 2
127976, 2
127978, 5
127979, 2
127981, 2
127982, 1
127983, 1
127984, 1
127985, 1
127986, 2
127987, 3
127988, 1
127989, 2
127990, 1
127991, 2
127992, 3
127993, 4
127994, 5
127995, 3
127996, 4
127997, 5
127998, 9
127999, 9
128000, 8
128001, 2
128002, 5
128003, 5
128004, 7
128005, 5
128006, 6
128007, 3
128008, 3
128009, 2
128010, 9
128011, 4
128012, 1
128013, 3
128014, 7
128015, 6
128016, 2
128017, 3
128018, 4
128019, 1
128020, 1
128021, 5
128022, 4
128023, 3
128024, 1
128025, 5
128026, 4
128027, 1
128028, 3
128029, 4
128030, 1
128033, 1
128034, 2
128035, 2
128037, 1
128038, 1
128041, 1
128042, 2
139961, 1
139962, 2
139963, 2
139965, 1
139967, 2
139969, 3
139973, 3
139974, 4
139977, 8
139978, 4
139979, 2
139980, 4
139981, 4
139982, 2
139983, 4
139984, 4
139985, 10
139986, 5
139987, 3
139988, 4
139989, 11
139990, 13
139991, 7
139992, 14
139993, 6
139994, 10
139995, 11
139996, 10
139997, 14
139998, 14
139999, 10
140000, 11
140001, 9
140002, 2
140029, 1
140032, 1
140041, 2
140042, 2
140043, 5
140044, 6
140045, 2
140046, 4
140047, 3
140048, 1
140049, 2
140050, 3
140051, 2
140052, 4
140053, 2
140054, 3
140055, 3
140056, 4
140057, 4
140058, 2
140059, 4
140060, 2
140061, 6
140062, 3
140063, 7
140064, 6
140065, 5
140066, 4
140067, 6
140068, 8
140069, 4
140070, 3
140071, 5
140072, 4
140073, 3
140074, 4
140075, 2
140076, 6
140077, 7
140078, 3
140080, 3
140081, 1
140082, 3
140083, 5
140084, 10
140085, 2
140086, 2
140087, 3
140088, 2
140089, 1
140091, 2
140092, 5
140094, 1
140095, 1
140100, 3
140101, 2
140112, 1
140120, 1
140121, 1
151913, 1
151914, 1
151915, 1
151916, 3
151917, 3
151918, 1
151919, 1
151920, 4
151921, 5
151922, 6
151923, 2
151924, 5
151925, 4
151926, 3
151927, 2
151928, 2
151929, 4
151930, 6
151931, 6
151932, 12
151933, 13
151934, 4
151935, 7
151936, 10
151937, 6
151938, 5
151939, 7
151940, 11
151941, 7
151942, 5
151943, 3
151944, 3
151945, 11
151946, 6
151947, 6
151948, 18
151949, 10
151950, 15
151951, 14
151952, 11
151953, 9
151954, 8
151955, 2
151983, 1
151984, 3
151987, 1
151988, 1
151991, 2
151992, 1
151994, 3
151995, 2
151997, 2
151998, 3
152000, 1
152001, 1
152002, 3
152003, 4
152004, 3
152005, 6
152006, 4
152007, 2
152008, 5
152009, 3
152010, 3
152011, 4
152012, 3
152013, 6
152014, 1
152015, 5
152016, 6
152017, 2
152018, 4
152019, 5
152020, 8
152021, 5
152022, 1
152023, 4
152024, 3
152025, 5
152026, 2
152028, 3
152029, 2
152031, 3
152032, 1
152033, 2
152035, 3
152036, 1
152037, 1
152038, 2
152042, 1
152043, 2
152044, 1
152045, 2
152046, 2
152048, 1
152049, 1
152050, 1
152061, 1
163770, 1
163771, 1
163773, 2
163774, 2
163776, 1
163777, 1
163778, 2
163779, 4
163780, 2
163781, 2
163782, 3
163783, 2
163784, 7
163785, 6
163786, 5
163787, 3
163788, 5
163789, 1
163790, 1
163791, 4
163792, 7
163793, 4
163794, 5
163795, 6
163796, 10
163797, 12
163798, 10
163799, 4
163800, 7
163801, 9
163802, 8
163803, 3
163804, 4
163805, 6
163806, 6
163807, 19
163808, 16
163809, 13
163810, 11
163812, 3
163838, 1
163843, 1
163848, 3
163849, 3
163850, 1
163852, 2
163853, 1
163854, 1
163855, 1
163857, 1
163859, 1
163860, 2
163861, 1
163862, 3
163864, 1
163867, 3
163868, 1
163869, 2
163870, 1
163872, 2
163873, 4
163874, 3
163875, 3
163877, 2
163878, 4
163879, 3
163881, 1
163882, 1
163884, 1
163885, 1
163887, 3
163888, 1
163891, 1
163893, 4
163894, 1
163896, 2
163898, 3
163899, 1
163901, 2
163902, 2
163905, 1
163907, 1
163908, 1
163910, 1
163911, 1
