14656, 1
14686, 2
14702, 1
14705, 1
14709, 1
14715, 1
14717, 1
14718, 1
14722, 1
14738, 1
14740, 2
14741, 1
14750, 1
14757, 1
14759, 1
14761, 1
14769, 1
14775, 1
14776, 1
14777, 3
14778, 1
14782, 1
14784, 1
14785, 2
14787, 1
14788, 1
14789, 2
14790, 1
14793, 1
14794, 1
14797, 1
14799, 1
14800, 1
14804, 1
14805, 1
14806, 1
14808, 1
14809, 1
14812, 1
14820, 1
14833, 2
14834, 1
14835, 1
14840, 1
14841, 1
14851, 2
14854, 1
14861, 1
14863, 1
14864, 1
14871, 1
14873, 1
14874, 1
14876, 1
14881, 1
14882, 1
14886, 1
14891, 1
14896, 2
14900, 1
14903, 1
14906, 1
14910, 1
14912, 1
14913, 1
14914, 2
14919, 1
14921, 1
14927, 1
14930, 1
14931, 1
14932, 1
14940, 1
14946, 1
14948, 1
14949, 1
14956, 1
14960, 1
14964, 1
14967, 1
14974, 1
14977, 1
14978, 1
14982, 2
14984, 3
14985, 1
14993, 1
15001, 1
15003, 1
15004, 2
15010, 1
15011, 1
15015, 1
15018, 1
15021, 1
15022, 1
15024, 1
15027, 1
15033, 1
15036, 2
15042, 1
15044, 1
15049, 1
15055, 2
15071, 1
15072, 1
15073, 1
15075, 2
15076, 1
15077, 1
15079, 1
15081, 1
15084, 1
15085, 1
15086, 1
15087, 1
15088, 1
15089, 1
15093, 1
15096, 1
15100, 2
15111, 1
15119, 3
15121, 1
15126, 1
15129, 1
15131, 2
15133, 1
15134, 1
15135, 1
15138, 1
15139, 3
15148, 2
15151, 1
15152, 1
15153, 1
15154, 2
15155, 1
15158, 1
15160, 1
15161, 2
15163, 1
15167, 1
15168, 1
15174, 1
15176, 1
15183, 1
15187, 1
15189, 1
15199, 1
15201, 2
15205, 2
15206, 1
15208, 1
15209, 1
15211, 2
15213, 2
15214, 1
15218, 1
15223, 2
15227, 1
15231, 2
15233, 1
15234, 1
15238, 1
15239, 3
15242, 2
15249, 1
15258, 1
15261, 2
15270, 1
15273, 1
15274, 1
15275, 1
15277, 1
15278, 1
15279, 1
15280, 1
15282, 1
15283, 1
15285, 1
15286, 1
15287, 1
15290, 1
15291, 1
15293, 1
15294, 1
15295, 1
15298, 1
15299, 2
15300, 2
15302, 1
15303, 2
15306, 3
15307, 1
15308, 1
15309, 1
15310, 3
15311, 1
15313, 2
15314, 1
15315, 2
15316, 3
15317, 1
15318, 1
15319, 3
15320, 1
15321, 3
15322, 2
15324, 1
15326, 1
15327, 3
15328, 1
15329, 2
15330, 1
15332, 4
15333, 1
15334, 2
15335, 1
15336, 2
15337, 1
15341, 1
15343, 2
15344, 1
15345, 1
15346, 3
15347, 3
15348, 1
15349, 1
15350, 4
15351, 1
15352, 1
15353, 3
15354, 3
15355, 3
15356, 3
15357, 3
15358, 2
15359, 4
15360, 2
15361, 1
15362, 5
15363, 3
15364, 2
15365, 1
15367, 4
15368, 3
15369, 4
15370, 1
15371, 5
15372, 1
15373, 2
15374, 7
15376, 2
15377, 2
15378, 4
15379, 1
15380, 1
15381, 3
15382, 1
15383, 6
15384, 2
15385, 2
15386, 2
15387, 2
15388, 1
15389, 4
15390, 7
15391, 3
15392, 5
15393, 5
15394, 2
15395, 2
15396, 2
15397, 2
15398, 2
15399, 1
15400, 1
15401, 3
15402, 2
15403, 2
15404, 1
15405, 3
15406, 3
15407, 5
15408, 3
15410, 2
15411, 2
15412, 6
15415, 2
15416, 2
15417, 3
15418, 3
15419, 2
15420, 5
15421, 1
15422, 4
15423, 2
15424, 3
15425, 2
15426, 5
15427, 1
15428, 5
15429, 4
15430, 6
15431, 3
15432, 5
15433, 3
15434, 3
15436, 1
15437, 3
15438, 1
15439, 3
15440, 3
15441, 6
15442, 5
15443, 2
15444, 3
15445, 3
15446, 3
15447, 1
15448, 1
15449, 4
15450, 1
15451, 3
15452, 2
15453, 1
15454, 7
15455, 6
15457, 4
15458, 2
15459, 6
15460, 6
15461, 2
15462, 7
15463, 1
15464, 2
15465, 1
15467, 2
15468, 3
15469, 2
15470, 3
15471, 3
15472, 3
15473, 2
15474, 7
15475, 1
15476, 6
15477, 8
15478, 2
15479, 2
15480, 5
15481, 3
15482, 2
15483, 3
15484, 2
15485, 2
15486, 1
15487, 2
15488, 5
15489, 2
15490, 4
15492, 7
15493, 2
15495, 2
15496, 2
15498, 6
15499, 1
15500, 2
15501, 4
15502, 3
15503, 3
15504, 2
15505, 6
15506, 4
15507, 1
15508, 5
15509, 2
15510, 3
15511, 3
15513, 3
15514, 3
15515, 5
15516, 2
15517, 2
15518, 6
15519, 3
15520, 3
15521, 2
15522, 3
15523, 3
15524, 9
15525, 4
15526, 4
15527, 3
15528, 3
15529, 3
15530, 6
15531, 4
15532, 5
15533, 4
15534, 1
15535, 1
15536, 2
15537, 3
15538, 1
15539, 2
15540, 4
15541, 3
15542, 1
15543, 3
15544, 2
15545, 8
15546, 4
15547, 4
15548, 4
15549, 6
15550, 3
15551, 2
15552, 6
15553, 3
15554, 4
15555, 4
15556, 4
15557, 1
15558, 1
15559, 1
15560, 3
15561, 1
15562, 3
15563, 2
15564, 2
15565, 4
15566, 3
15567, 1
15568, 2
15569, 4
15570, 3
15571, 4
15572, 4
15573, 2
15574, 3
15575, 1
15576, 2
15577, 3
15578, 6
15579, 4
15580, 3
15581, 1
15582, 2
15583, 2
15584, 2
15586, 3
15587, 4
15588, 4
15589, 3
15590, 3
15591, 3
15592, 2
15593, 3
15594, 7
15595, 1
15596, 2
15597, 4
15598, 3
15599, 3
15600, 4
15601, 5
15602, 3
15603, 4
15604, 1
15605, 5
15606, 2
15607, 1
15608, 3
15609, 2
15610, 7
15611, 2
15612, 5
15613, 5
15614, 3
15615, 3
15616, 2
15617, 3
15618, 1
15619, 1
15620, 3
15622, 4
15623, 2
15624, 3
15625, 4
15626, 3
15628, 2
15629, 1
15630, 7
15631, 5
15632, 3
15633, 1
15634, 4
15635, 3
15636, 2
15637, 2
15638, 3
15639, 3
15640, 2
15641, 2
15642, 2
15643, 4
15644, 3
15645, 3
15646, 2
15647, 3
15648, 4
15649, 3
15650, 3
15651, 3
15652, 3
15653, 4
15654, 5
15655, 1
15656, 4
15657, 5
15658, 1
15659, 4
15660, 4
15661, 1
15662, 2
15663, 7
15664, 6
15665, 5
15666, 4
15667, 4
15668, 1
15669, 2
15670, 1
15671, 2
15672, 1
15673, 2
15674, 3
15675, 2
15676, 7
15677, 5
15678, 2
15679, 2
15680, 3
15681, 5
15682, 2
15683, 2
15684, 3
15685, 4
15686, 3
15687, 10
15688, 3
15689, 4
15690, 2
15691, 3
15692, 2
15693, 4
15694, 2
15695, 6
15696, 3
15697, 2
15698, 5
15699, 4
15700, 6
15701, 3
15702, 1
15703, 4
15704, 4
15705, 2
15706, 3
15707, 2
15708, 2
15710, 1
15711, 3
15712, 4
15713, 2
15714, 2
15715, 4
15716, 4
15717, 1
15718, 5
15719, 4
15720, 4
15721, 3
15722, 2
15723, 3
15724, 2
15725, 3
15726, 1
15728, 2
15729, 1
15730, 2
15731, 3
15732, 2
15733, 5
15734, 7
15735, 3
15736, 2
15737, 2
15738, 4
15739, 4
15740, 4
15741, 3
15742, 3
15743, 1
15744, 3
15745, 3
15746, 5
15747, 2
15748, 1
15749, 3
15750, 2
15751, 5
15752, 3
15753, 3
15754, 2
15755, 1
15756, 3
15757, 6
15758, 4
15759, 2
15760, 7
15761, 1
15762, 3
15763, 2
15764, 5
15765, 3
15767, 1
15768, 2
15769, 7
15770, 6
15771, 5
15772, 8
15773, 5
15774, 3
15775, 3
15776, 3
15777, 2
15778, 3
15779, 1
15780, 1
15781, 4
15782, 3
15783, 5
15784, 2
15785, 6
15786, 5
15787, 4
15788, 3
15789, 5
15790, 3
15791, 4
15792, 5
15793, 2
15794, 5
15795, 1
15796, 4
15797, 5
15798, 4
15800, 1
15801, 5
15802, 5
15803, 1
15804, 8
15805, 3
15806, 5
15807, 3
15809, 3
15810, 4
15811, 2
15812, 3
15813, 4
15814, 2
15815, 3
15816, 3
15817, 3
15818, 4
15819, 5
15820, 5
15821, 2
15822, 3
15823, 4
15824, 3
15825, 3
15826, 3
15827, 3
15828, 7
15829, 5
15830, 1
15831, 4
15832, 2
15833, 4
15834, 6
15835, 5
15836, 3
15838, 9
15839, 4
15840, 3
15841, 4
15842, 4
15843, 4
15844, 3
15845, 1
15846, 4
15847, 7
15848, 3
15849, 3
15850, 7
15851, 5
15852, 7
15853, 4
15854, 4
15855, 3
15856, 2
15857, 5
15858, 3
15859, 3
15860, 5
15861, 6
15862, 2
15863, 4
15864, 3
15865, 5
15866, 1
15867, 2
15868, 4
15869, 7
15870, 4
15871, 7
15872, 3
15873, 3
15874, 5
15875, 4
15876, 8
15877, 2
15878, 3
15880, 3
15881, 3
15882, 1
15883, 2
15884, 6
15885, 3
15886, 5
15887, 7
15888, 1
15889, 4
15890, 8
15891, 2
15892, 1
15893, 2
15894, 6
15895, 4
15896, 5
15897, 5
15898, 1
15899, 3
15900, 2
15902, 3
15903, 4
15904, 3
15905, 4
15906, 2
15907, 2
15908, 7
15909, 4
15910, 3
15911, 5
15912, 5
15913, 1
15914, 3
15915, 4
15916, 2
15917, 6
15918, 2
15919, 3
15920, 5
15921, 4
15922, 2
15923, 2
15924, 4
15925, 4
15926, 1
15927, 1
15929, 4
15930, 5
15931, 4
15932, 4
15933, 5
15934, 4
15935, 3
15936, 4
15937, 4
15938, 7
15939, 5
15940, 5
15941, 7
15942, 3
15943, 6
15944, 5
15945, 3
15946, 1
15947, 4
15948, 5
15949, 1
15950, 4
15951, 5
15952, 5
15953, 5
15954, 6
15955, 7
15956, 6
15957, 5
15958, 1
15959, 2
15960, 8
15961, 4
15962, 7
15963, 2
15964, 7
15965, 8
15966, 2
15968, 1
15969, 7
15970, 5
15971, 6
15972, 7
15973, 8
15974, 3
15975, 5
15976, 3
15977, 3
15978, 1
15979, 1
15980, 2
15981, 3
15982, 7
15983, 6
15984, 4
15985, 3
15986, 3
15987, 4
15988, 2
15989, 6
15990, 2
15991, 10
15992, 5
15993, 4
15994, 4
15995, 3
15996, 3
15997, 2
15998, 4
15999, 5
16000, 4
16001, 3
16002, 5
16003, 3
16004, 3
16005, 8
16006, 4
16007, 2
16008, 3
16009, 2
16010, 2
16011, 4
16012, 1
16013, 4
16014, 8
16015, 1
16016, 6
16017, 3
16018, 5
16019, 2
16020, 3
16021, 2
16022, 3
16023, 5
16024, 2
16025, 4
16026, 4
16027, 3
16028, 2
16029, 6
16030, 4
16031, 5
16032, 1
16033, 4
16034, 5
16035, 4
16036, 4
16037, 6
16038, 5
16039, 7
16040, 7
16041, 6
16042, 8
16043, 3
16044, 2
16045, 5
16046, 3
16047, 2
16048, 5
16049, 6
16050, 1
16051, 7
16052, 3
16053, 6
16054, 2
16055, 5
16056, 5
16057, 4
16058, 3
16059, 2
16060, 2
16061, 5
16062, 7
16063, 2
16064, 6
16065, 4
16066, 2
16067, 8
16068, 4
16069, 3
16070, 6
16071, 3
16072, 7
16073, 5
16074, 9
16075, 8
16076, 7
16077, 3
16078, 6
16079, 6
16080, 5
16081, 3
16082, 5
16083, 6
16084, 2
16085, 5
16086, 2
16087, 3
16088, 4
16089, 3
16090, 6
16091, 6
16092, 3
16093, 4
16094, 5
16095, 7
16096, 9
16097, 4
16099, 2
16100, 7
16101, 5
16102, 3
16103, 9
16104, 5
16105, 2
16106, 7
16107, 3
16108, 1
16109, 6
16110, 4
16111, 3
16112, 4
16113, 8
16114, 5
16115, 5
16116, 9
16117, 1
16118, 8
16119, 2
16120, 3
16121, 4
16122, 3
16123, 6
16124, 5
16125, 13
16126, 4
16127, 4
16128, 5
16129, 2
16130, 2
16131, 3
16132, 3
16133, 4
16134, 5
16135, 4
16136, 5
16137, 6
16138, 8
16139, 5
16140, 2
16141, 6
16142, 4
16143, 8
16144, 3
16145, 5
16146, 9
16147, 3
16148, 2
16149, 1
16150, 4
16151, 8
16152, 4
16153, 2
16154, 5
16155, 2
16156, 4
16157, 7
16158, 4
16159, 5
16160, 7
16161, 8
16162, 5
16163, 3
16164, 4
16165, 6
16166, 4
16167, 5
16168, 5
16169, 6
16170, 7
16171, 5
16172, 6
16173, 5
16174, 4
16175, 4
16176, 7
16177, 3
16178, 3
16179, 8
16180, 4
16182, 6
16183, 4
16184, 4
16186, 5
16187, 7
16188, 7
16189, 7
16190, 6
16191, 4
16192, 10
16193, 5
16194, 5
16195, 3
16196, 3
16198, 5
16199, 7
16200, 2
16201, 4
16202, 8
16203, 5
16204, 7
16205, 6
16206, 6
16207, 6
16208, 6
16209, 5
16210, 5
16211, 3
16212, 2
16213, 5
16214, 5
16215, 7
16216, 7
16217, 5
16218, 7
16219, 6
16220, 2
16221, 5
16222, 7
16223, 4
16224, 7
16225, 6
16226, 5
16227, 1
16228, 5
16229, 10
16230, 4
16231, 4
16232, 7
16233, 7
16234, 2
16235, 5
16236, 8
16237, 7
16238, 6
16239, 4
16240, 3
16241, 2
16242, 3
16244, 4
16245, 3
16246, 4
16247, 5
16248, 3
16249, 6
16250, 6
16251, 3
16252, 9
16253, 7
16254, 5
16255, 3
16256, 6
16257, 8
16258, 6
16259, 4
16260, 2
16261, 7
16262, 6
16263, 6
16264, 5
16265, 2
16266, 2
16267, 3
16268, 1
16269, 2
16270, 5
16271, 8
16272, 6
16273, 8
16274, 6
16275, 8
16276, 3
16277, 7
16278, 6
16279, 6
16280, 4
16281, 12
16282, 5
16283, 8
16284, 6
16285, 10
16286, 5
16287, 6
16288, 8
16289, 5
16290, 7
16291, 4
16292, 7
16293, 7
16294, 5
16295, 5
16296, 9
16297, 4
16298, 4
16299, 7
16300, 4
16301, 3
16302, 4
16303, 4
16304, 4
16305, 2
16306, 8
16307, 3
16308, 4
16309, 3
16310, 11
16311, 4
16312, 5
16313, 4
16314, 9
16315, 9
16316, 4
16317, 4
16318, 4
16319, 7
16320, 5
16321, 3
16322, 6
16323, 5
16324, 1
16325, 5
16326, 8
16327, 5
16328, 4
16329, 9
16330, 10
16331, 7
16332, 4
16333, 4
16334, 4
16335, 6
16336, 7
16337, 6
16338, 5
16340, 8
16341, 3
16342, 4
16343, 5
16344, 6
16345, 3
16346, 2
16347, 4
16348, 3
16349, 6
16350, 5
16351, 6
16352, 5
16353, 5
16354, 5
16355, 8
16356, 2
16357, 7
16358, 4
16359, 7
16360, 9
16361, 3
16362, 5
16363, 3
16364, 3
16365, 11
16366, 2
16367, 9
16368, 2
16369, 4
16370, 5
16371, 6
16372, 7
16373, 7
16374, 3
16375, 5
16376, 6
16377, 6
16378, 9
16379, 7
16380, 6
16381, 4
16382, 3
16383, 4
16384, 2
16385, 5
16386, 3
16387, 6
16388, 6
16389, 5
16390, 5
16391, 4
16392, 4
16393, 2
16394, 3
16395, 8
16396, 5
16397, 5
16398, 6
16399, 5
16400, 3
16401, 5
16402, 8
16403, 3
16404, 6
16405, 5
16406, 4
16407, 4
16408, 4
16409, 1
16410, 3
16411, 1
16412, 3
16413, 3
16414, 7
16415, 6
16416, 10
16417, 4
16418, 8
16419, 2
16420, 5
16421, 3
16422, 5
16423, 6
16424, 3
16425, 4
16426, 2
16427, 3
16428, 3
16429, 5
16430, 5
16431, 2
16432, 3
16433, 4
16434, 8
16435, 6
16436, 6
16437, 3
16438, 4
16439, 3
16441, 7
16442, 2
16443, 1
16444, 7
16445, 6
16446, 9
16447, 2
16448, 3
16449, 1
16450, 2
16451, 2
16452, 4
16453, 3
16454, 6
16455, 6
16456, 7
16458, 5
16459, 1
16460, 4
16461, 4
16462, 3
16463, 2
16464, 4
16465, 3
16466, 2
16467, 3
16468, 3
16469, 2
16470, 2
16471, 3
16472, 5
16473, 3
16474, 4
16475, 3
16476, 4
16477, 3
16478, 4
16479, 3
16480, 5
16481, 2
16482, 3
16483, 2
16484, 3
16485, 5
16486, 9
16487, 7
16488, 3
16489, 1
16490, 8
16491, 3
16492, 5
16493, 8
16494, 1
16495, 5
16496, 6
16497, 4
16498, 5
16499, 6
16500, 2
16501, 2
16502, 2
16503, 7
16504, 2
16505, 10
16506, 4
16507, 8
16508, 3
16509, 3
16510, 5
16511, 4
16512, 5
16513, 5
16514, 5
16515, 5
16516, 5
16517, 4
16518, 2
16519, 2
16520, 4
16521, 5
16522, 4
16523, 4
16524, 7
16525, 4
16526, 1
16527, 7
16528, 8
16529, 2
16530, 5
16531, 7
16532, 7
16533, 3
16534, 7
16535, 3
16536, 3
16537, 5
16538, 8
16539, 7
16540, 4
16541, 6
16542, 6
16543, 8
16544, 4
16545, 5
16546, 6
16547, 8
16548, 6
16549, 4
16550, 2
16551, 6
16552, 2
16553, 9
16554, 6
16555, 6
16556, 7
16557, 8
16558, 3
16559, 7
16560, 4
16561, 2
16562, 4
16563, 4
16564, 6
16565, 5
16566, 4
16567, 6
16568, 2
16569, 9
16570, 9
16571, 8
16572, 3
16573, 7
16574, 3
16575, 5
16576, 6
16577, 9
16578, 4
16579, 7
16580, 7
16581, 7
16582, 4
16583, 6
16584, 5
16585, 9
16586, 5
16587, 10
16588, 5
16589, 5
16590, 7
16591, 8
16592, 9
16593, 2
16594, 6
16595, 8
16596, 11
16597, 5
16598, 1
16599, 12
16600, 7
16601, 7
16602, 6
16603, 8
16604, 10
16605, 7
16606, 7
16607, 19
16608, 9
16609, 5
16610, 4
16611, 8
16612, 6
16613, 7
16614, 5
16615, 6
16616, 5
16617, 10
16618, 8
16619, 4
16620, 7
16621, 7
16622, 13
16623, 9
16624, 7
16625, 16
16626, 8
16627, 6
16628, 9
16629, 13
16630, 9
16631, 7
16632, 7
16633, 9
16634, 1
16635, 4
16636, 9
16637, 8
16638, 11
16639, 5
16640, 6
16641, 7
16642, 8
16643, 5
16644, 15
16645, 8
16646, 5
16647, 9
16648, 7
16649, 4
16650, 6
16651, 11
16652, 10
16653, 6
16655, 6
16656, 5
16657, 5
16658, 14
16659, 4
16660, 5
16661, 9
16662, 7
16663, 10
16664, 8
16665, 4
16666, 9
16667, 6
16668, 8
16669, 6
16670, 3
16671, 7
16672, 8
16673, 6
16674, 6
16675, 10
16676, 9
16677, 10
16678, 4
16679, 7
16680, 9
16681, 8
16682, 8
16683, 9
16684, 9
16685, 6
16686, 9
16687, 11
16688, 7
16689, 7
16690, 4
16691, 5
16692, 7
16693, 4
16694, 6
16695, 15
16696, 11
16697, 6
16698, 9
16699, 6
16700, 7
16701, 8
16702, 15
16703, 14
16704, 4
16705, 11
16706, 5
16707, 3
16708, 9
16709, 7
16710, 8
16711, 8
16712, 9
16713, 3
16714, 8
16715, 8
16716, 11
16717, 5
16718, 11
16719, 7
16720, 3
16721, 7
16722, 7
16723, 11
16724, 8
16725, 9
16726, 8
16727, 5
16728, 10
16729, 6
16730, 11
16731, 3
16732, 9
16733, 7
16734, 3
16735, 14
16736, 5
16737, 3
16738, 11
16739, 5
16740, 4
16741, 6
16742, 5
16743, 5
16744, 8
16745, 9
16746, 7
16747, 5
16748, 11
16749, 11
16750, 8
16751, 7
16752, 8
16753, 5
16754, 7
16755, 7
16756, 12
16757, 10
16758, 7
16759, 12
16760, 7
16761, 3
16762, 5
16763, 12
16764, 5
16765, 8
16766, 13
16767, 5
16768, 7
16769, 7
16770, 9
16771, 11
16772, 8
16773, 14
16774, 5
16775, 10
16776, 10
16777, 11
16778, 12
16779, 7
16780, 7
16781, 10
16782, 13
16783, 11
16784, 7
16785, 5
16786, 4
16787, 11
16788, 9
16789, 5
16790, 12
16791, 9
16792, 8
16793, 10
16794, 9
16795, 5
16796, 11
16797, 8
16798, 8
16799, 8
16800, 11
16801, 9
16802, 2
16803, 8
16804, 17
16805, 5
16806, 13
16807, 8
16808, 12
16809, 8
16810, 10
16811, 10
16812, 6
16813, 10
16814, 7
16815, 8
16816, 9
16817, 15
16818, 11
16819, 11
16820, 6
16821, 9
16822, 11
16823, 13
16824, 3
16825, 8
16826, 10
16827, 4
16828, 8
16829, 8
16830, 8
16831, 6
16832, 9
16833, 9
16834, 9
16835, 7
16836, 9
16837, 9
16838, 7
16839, 12
16840, 13
16841, 11
16842, 10
16843, 10
16844, 11
16845, 7
16846, 9
16847, 15
16848, 13
16849, 3
16850, 9
16851, 6
16852, 10
16853, 6
16854, 16
16855, 8
16856, 9
16857, 10
16858, 6
16859, 10
16860, 12
16861, 8
16862, 12
16863, 8
16864, 8
16865, 6
16866, 5
16867, 14
16868, 14
16869, 11
16870, 8
16871, 6
16872, 10
16873, 10
16874, 11
16875, 11
16876, 9
16877, 6
16878, 11
16879, 7
16880, 8
16881, 12
16882, 12
16883, 8
16884, 7
16885, 6
16886, 12
16887, 10
16888, 12
16889, 10
16890, 10
16891, 9
16892, 10
16893, 8
16894, 4
16895, 5
16896, 11
16897, 13
16898, 7
16899, 8
16900, 9
16901, 11
16902, 9
16903, 9
16904, 7
16905, 5
16906, 11
16907, 6
16908, 10
16909, 11
16910, 7
16911, 12
16912, 11
16913, 12
16914, 7
16915, 6
16916, 15
16917, 16
16918, 6
16919, 11
16920, 11
16921, 11
16922, 3
16923, 4
16924, 7
16925, 8
16926, 12
16927, 8
16928, 17
16929, 11
16930, 4
16931, 11
16932, 11
16933, 16
16934, 13
16935, 8
16936, 9
16937, 9
16938, 8
16939, 13
16940, 16
16941, 16
16942, 11
16943, 8
16944, 8
16945, 9
16946, 14
16947, 8
16948, 8
16949, 10
16950, 10
16951, 13
16952, 8
16953, 8
16954, 9
16955, 12
16956, 15
16957, 14
16958, 7
16959, 13
16960, 8
16961, 4
16962, 6
16963, 11
16964, 14
16965, 17
16966, 6
16967, 10
16968, 9
16969, 14
16970, 7
16971, 9
16972, 15
16973, 10
16974, 12
16975, 10
16976, 9
16977, 11
16978, 10
16979, 5
16980, 12
16981, 13
16982, 10
16983, 12
16984, 13
16985, 8
16986, 9
16987, 12
16988, 12
16989, 8
16990, 8
16991, 9
16992, 13
16993, 7
16994, 9
16995, 9
16996, 6
16997, 12
16998, 13
16999, 17
17000, 5
17001, 7
17002, 14
17003, 12
17004, 10
17005, 10
17006, 15
17007, 11
17008, 3
17009, 10
17010, 16
17011, 4
17012, 9
17013, 14
17014, 17
17015, 6
17016, 11
17017, 13
17018, 10
17019, 18
17020, 15
17021, 9
17022, 16
17023, 10
17024, 9
17025, 8
17026, 8
17027, 11
17028, 7
17029, 8
17030, 8
17031, 7
17032, 9
17033, 11
17034, 12
17035, 11
17036, 9
17037, 12
17038, 7
17039, 8
17040, 12
17041, 12
17042, 10
17043, 10
17044, 13
17045, 12
17046, 6
17047, 12
17048, 14
17049, 7
17050, 8
17051, 15
17052, 8
17053, 11
17054, 12
17055, 10
17056, 12
17057, 14
17058, 13
17059, 11
17060, 11
17061, 15
17062, 9
17063, 11
17064, 2
17065, 10
17066, 8
17067, 10
17068, 12
17069, 12
17070, 9
17071, 9
17072, 16
17073, 14
17074, 12
17075, 13
17076, 13
17077, 10
17078, 11
17079, 12
17080, 5
17081, 15
17082, 13
17083, 8
17084, 12
17085, 7
17086, 12
17087, 13
17088, 17
17089, 5
17090, 9
17091, 6
17092, 5
17093, 6
17094, 5
17095, 10
17096, 14
17097, 17
17098, 9
17099, 15
17100, 9
17101, 11
17102, 8
17103, 12
17104, 12
17105, 11
17106, 11
17107, 18
17108, 11
17109, 17
17110, 14
17111, 5
17112, 8
17113, 14
17114, 13
17115, 12
17116, 14
17117, 15
17118, 15
17119, 9
17120, 11
17121, 12
17122, 9
17123, 12
17124, 8
17125, 12
17126, 8
17127, 8
17128, 14
17129, 11
17130, 14
17131, 5
17132, 7
17133, 18
17134, 12
17135, 9
17136, 11
17137, 9
17138, 14
17139, 17
17140, 10
17141, 10
17142, 9
17143, 15
17144, 13
17145, 10
17146, 14
17147, 7
17148, 13
17149, 11
17150, 7
17151, 11
17152, 12
17153, 8
17154, 15
17155, 12
17156, 13
17157, 11
17158, 17
17159, 10
17160, 17
17161, 8
17162, 11
17163, 13
17164, 19
17165, 15
17166, 4
17167, 14
17168, 9
17169, 14
17170, 13
17171, 11
17172, 14
17173, 13
17174, 17
17175, 19
17176, 14
17177, 16
17178, 15
17179, 16
17180, 16
17181, 5
17182, 17
17183, 13
17184, 13
17185, 16
17186, 8
17187, 19
17188, 14
17189, 18
17190, 17
17191, 9
17192, 7
17193, 9
17194, 9
17195, 9
17196, 6
17197, 14
17198, 14
17199, 15
17200, 12
17201, 14
17202, 10
17203, 17
17204, 9
17205, 13
17206, 12
17207, 15
17208, 21
17209, 9
17210, 13
17211, 10
17212, 10
17213, 15
17214, 9
17215, 17
17216, 17
17217, 17
17218, 11
17219, 9
17220, 18
17221, 16
17222, 16
17223, 13
17224, 9
17225, 20
17226, 18
17227, 12
17228, 15
17229, 16
17230, 17
17231, 18
17232, 13
17233, 13
17234, 14
17235, 8
17236, 11
17237, 11
17238, 10
17239, 16
17240, 13
17241, 14
17242, 13
17243, 12
17244, 16
17245, 12
17246, 19
17247, 11
17248, 14
17249, 11
17250, 18
17251, 7
17252, 20
17253, 20
17254, 18
17255, 14
17256, 15
17257, 19
17258, 9
17259, 22
17260, 20
17261, 15
17262, 20
17263, 13
17264, 16
17265, 8
17266, 15
17267, 11
17268, 14
17269, 15
17270, 18
17271, 14
17272, 13
17273, 6
17274, 15
17275, 14
17276, 14
17277, 12
17278, 12
17279, 11
17280, 11
17281, 18
17282, 9
17283, 14
17284, 20
17285, 12
17286, 14
17287, 20
17288, 13
17289, 17
17290, 19
17291, 19
17292, 12
17293, 20
17294, 17
17295, 14
17296, 9
17297, 14
17298, 12
17299, 13
17300, 18
17301, 13
17302, 13
17303, 11
17304, 18
17305, 25
17306, 15
17307, 16
17308, 14
17309, 22
17310, 15
17311, 17
17312, 22
17313, 16
17314, 24
17315, 19
17316, 20
17317, 14
17318, 14
17319, 14
17320, 16
17321, 19
17322, 24
17323, 14
17324, 14
17325, 11
17326, 19
17327, 11
17328, 20
17329, 9
17330, 17
17331, 11
17332, 14
17333, 12
17334, 15
17335, 20
17336, 20
17337, 16
17338, 11
17339, 14
17340, 15
17341, 13
17342, 15
17343, 14
17344, 14
17345, 22
17346, 17
17347, 18
17348, 19
17349, 9
17350, 20
17351, 14
17352, 14
17353, 20
17354, 13
17355, 14
17356, 14
17357, 19
17358, 12
17359, 14
17360, 19
17361, 21
17362, 10
17363, 20
17364, 13
17365, 16
17366, 12
17367, 18
17368, 13
17369, 18
17370, 14
17371, 15
17372, 19
17373, 12
17374, 14
17375, 17
17376, 13
17377, 9
17378, 15
17379, 23
17380, 16
17381, 18
17382, 19
17383, 11
17384, 14
17385, 26
17386, 24
17387, 17
17388, 14
17389, 13
17390, 14
17391, 20
17392, 20
17393, 17
17394, 17
17395, 13
17396, 10
17397, 17
17398, 18
17399, 19
17400, 15
17401, 18
17402, 25
17403, 14
17404, 14
17405, 13
17406, 12
17407, 18
17408, 20
17409, 21
17410, 20
17411, 10
17412, 25
17413, 14
17414, 15
17415, 18
17416, 13
17417, 16
17418, 25
17419, 15
17420, 15
17421, 13
17422, 17
17423, 16
17424, 16
17425, 15
17426, 9
17427, 18
17428, 17
17429, 19
17430, 25
17431, 15
17432, 17
17433, 20
17434, 16
17435, 17
17436, 16
17437, 15
17438, 13
17439, 18
17440, 18
17441, 16
17442, 15
17443, 15
17444, 12
17445, 14
17446, 19
17447, 24
17448, 17
17449, 24
17450, 16
17451, 20
17452, 12
17453, 18
17454, 17
17455, 14
17456, 13
17457, 12
17458, 21
17459, 15
17460, 22
17461, 23
17462, 17
17463, 11
17464, 17
17465, 17
17466, 21
17467, 24
17468, 14
17469, 15
17470, 18
17471, 24
17472, 18
17473, 14
17474, 15
17475, 16
17476, 20
17477, 19
17478, 17
17479, 16
17480, 21
17481, 18
17482, 24
17483, 16
17484, 17
17485, 22
17486, 18
17487, 22
17488, 19
17489, 14
17490, 20
17491, 15
17492, 20
17493, 15
17494, 15
17495, 12
17496, 13
17497, 13
17498, 10
17499, 21
17500, 18
17501, 25
17502, 19
17503, 22
17504, 17
17505, 16
17506, 18
17507, 14
17508, 23
17509, 18
17510, 15
17511, 10
17512, 23
17513, 13
17514, 14
17515, 14
17516, 23
17517, 20
17518, 21
17519, 20
17520, 24
17521, 14
17522, 9
17523, 12
17524, 23
17525, 16
17526, 21
17527, 11
17528, 18
17529, 15
17530, 14
17531, 27
17532, 18
17533, 16
17534, 16
17535, 22
17536, 15
17537, 20
17538, 18
17539, 12
17540, 20
17541, 16
17542, 23
17543, 23
17544, 24
17545, 14
17546, 21
17547, 19
17548, 11
17549, 23
17550, 20
17551, 24
17552, 18
17553, 11
17554, 18
17555, 14
17556, 26
17557, 16
17558, 19
17559, 17
17560, 14
17561, 19
17562, 11
17563, 21
17564, 13
17565, 22
17566, 17
17567, 11
17568, 19
17569, 20
17570, 23
17571, 25
17572, 22
17573, 17
17574, 21
17575, 23
17576, 20
17577, 17
17578, 16
17579, 17
17580, 21
17581, 18
17582, 17
17583, 22
17584, 19
17585, 16
17586, 18
17587, 23
17588, 12
17589, 22
17590, 21
17591, 18
17592, 13
17593, 27
17594, 15
17595, 26
17596, 18
17597, 17
17598, 17
17599, 18
17600, 18
17601, 19
17602, 21
17603, 13
17604, 22
17605, 13
17606, 16
17607, 20
17608, 9
17609, 16
17610, 23
17611, 23
17612, 19
17613, 14
17614, 18
17615, 21
17616, 20
17617, 24
17618, 19
17619, 15
17620, 20
17621, 15
17622, 10
17623, 21
17624, 21
17625, 16
17626, 19
17627, 21
17628, 21
17629, 12
17630, 19
17631, 17
17632, 24
17633, 28
17634, 15
17635, 17
17636, 19
17637, 17
17638, 31
17639, 17
17640, 28
17641, 22
17642, 18
17643, 23
17644, 16
17645, 14
17646, 17
17647, 17
17648, 24
17649, 13
17650, 18
17651, 17
17652, 24
17653, 18
17654, 21
17655, 20
17656, 19
17657, 21
17658, 23
17659, 18
17660, 23
17661, 18
17662, 13
17663, 11
17664, 22
17665, 18
17666, 23
17667, 24
17668, 19
17669, 14
17670, 24
17671, 24
17672, 20
17673, 18
17674, 17
17675, 18
17676, 21
17677, 20
17678, 20
17679, 19
17680, 17
17681, 18
17682, 20
17683, 21
17684, 21
17685, 13
17686, 13
17687, 22
17688, 14
17689, 30
17690, 26
17691, 20
17692, 13
17693, 31
17694, 13
17695, 14
17696, 23
17697, 22
17698, 21
17699, 22
17700, 14
17701, 21
17702, 12
17703, 17
17704, 21
17705, 28
17706, 23
17707, 16
17708, 19
17709, 16
17710, 15
17711, 21
17712, 23
17713, 11
17714, 18
17715, 18
17716, 18
17717, 18
17718, 27
17719, 19
17720, 12
17721, 16
17722, 18
17723, 22
17724, 23
17725, 20
17726, 16
17727, 22
17728, 18
17729, 23
17730, 12
17731, 27
17732, 15
17733, 17
17734, 25
17735, 20
17736, 23
17737, 24
17738, 25
17739, 19
17740, 22
17741, 19
17742, 14
17743, 23
17744, 29
17745, 25
17746, 22
17747, 16
17748, 19
17749, 27
17750, 9
17751, 27
17752, 15
17753, 27
17754, 19
17755, 16
17756, 14
17757, 23
17758, 22
17759, 20
17760, 17
17761, 17
17762, 25
17763, 16
17764, 24
17765, 18
17766, 26
17767, 20
17768, 22
17769, 15
17770, 21
17771, 17
17772, 29
17773, 21
17774, 22
17775, 11
17776, 16
17777, 18
17778, 16
17779, 23
17780, 16
17781, 27
17782, 16
17783, 19
17784, 26
17785, 16
17786, 14
17787, 17
17788, 22
17789, 24
17790, 18
17791, 30
17792, 19
17793, 18
17794, 23
17795, 20
17796, 23
17797, 18
17798, 23
17799, 15
17800, 18
17801, 31
17802, 23
17803, 23
17804, 15
17805, 21
17806, 17
17807, 20
17808, 25
17809, 23
17810, 16
17811, 22
17812, 18
17813, 19
17814, 16
17815, 15
17816, 16
17817, 22
17818, 21
17819, 20
17820, 19
17821, 24
17822, 22
17823, 20
17824, 20
17825, 21
17826, 24
17827, 19
17828, 24
17829, 32
17830, 20
17831, 19
17832, 18
17833, 22
17834, 16
17835, 27
17836, 13
17837, 20
17838, 16
17839, 22
17840, 15
17841, 21
17842, 17
17843, 20
17844, 20
17845, 18
17846, 19
17847, 15
17848, 21
17849, 25
17850, 22
17851, 17
17852, 23
17853, 23
17854, 21
17855, 24
17856, 10
17857, 20
17858, 21
17859, 25
17860, 25
17861, 22
17862, 13
17863, 20
17864, 25
17865, 22
17866, 25
17867, 16
17868, 32
17869, 27
17870, 16
17871, 22
17872, 15
17873, 26
17874, 25
17875, 24
17876, 13
17877, 14
17878, 19
17879, 21
17880, 23
17881, 20
17882, 20
17883, 22
17884, 22
17885, 20
17886, 19
17887, 24
17888, 23
17889, 15
17890, 10
17891, 36
17892, 23
17893, 19
17894, 22
17895, 22
17896, 26
17897, 21
17898, 28
17899, 19
17900, 25
17901, 19
17902, 24
17903, 20
17904, 16
17905, 32
17906, 25
17907, 13
17908, 17
17909, 25
17910, 26
17911, 21
17912, 16
17913, 27
17914, 19
17915, 22
17916, 15
17917, 17
17918, 19
17919, 18
17920, 14
17921, 18
17922, 24
17923, 21
17924, 18
17925, 21
17926, 18
17927, 22
17928, 21
17929, 23
17930, 18
17931, 21
17932, 20
17933, 27
17934, 16
17935, 25
17936, 19
17937, 18
17938, 37
17939, 11
17940, 19
17941, 32
17942, 22
17943, 21
17944, 28
17945, 17
17946, 34
17947, 17
17948, 23
17949, 22
17950, 20
17951, 21
17952, 22
17953, 19
17954, 23
17955, 25
17956, 18
17957, 17
17958, 19
17959, 19
17960, 22
17961, 14
17962, 24
17963, 18
17964, 22
17965, 20
17966, 13
17967, 25
17968, 27
17969, 15
17970, 11
17971, 19
17972, 22
17973, 24
17974, 23
17975, 19
17976, 31
17977, 27
17978, 24
17979, 22
17980, 14
17981, 16
17982, 22
17983, 21
17984, 23
17985, 24
17986, 22
17987, 17
17988, 16
17989, 27
17990, 15
17991, 21
17992, 28
17993, 19
17994, 20
17995, 24
17996, 19
17997, 28
17998, 27
17999, 22
18000, 21
18001, 19
18002, 24
18003, 28
18004, 25
18005, 31
18006, 19
18007, 23
18008, 19
18009, 15
18010, 19
18011, 17
18012, 21
18013, 20
18014, 18
18015, 19
18016, 21
18017, 19
18018, 20
18019, 25
18020, 26
18021, 24
18022, 14
18023, 28
18024, 23
18025, 13
18026, 24
18027, 25
18028, 29
18029, 27
18030, 26
18031, 24
18032, 23
18033, 22
18034, 18
18035, 22
18036, 21
18037, 21
18038, 19
18039, 17
18040, 16
18041, 22
18042, 17
18043, 16
18044, 25
18045, 25
18046, 20
18047, 21
18048, 26
18049, 22
18050, 14
18051, 23
18052, 28
18053, 20
18054, 19
18055, 25
18056, 22
18057, 19
18058, 21
18059, 25
18060, 20
18061, 15
18062, 16
18063, 25
18064, 24
18065, 21
18066, 22
18067, 17
18068, 22
18069, 27
18070, 29
18071, 26
18072, 15
18073, 32
18074, 17
18075, 24
18076, 26
18077, 23
18078, 16
18079, 16
18080, 19
18081, 19
18082, 25
18083, 30
18084, 23
18085, 15
18086, 28
18087, 35
18088, 21
18089, 12
18090, 16
18091, 27
18092, 16
18093, 24
18094, 20
18095, 31
18096, 20
18097, 15
18098, 24
18099, 17
18100, 22
18101, 23
18102, 27
18103, 22
18104, 18
18105, 21
18106, 19
18107, 17
18108, 20
18109, 21
18110, 21
18111, 19
18112, 18
18113, 34
18114, 28
18115, 25
18116, 20
18117, 30
18118, 21
18119, 21
18120, 25
18121, 12
18122, 19
18123, 27
18124, 19
18125, 27
18126, 19
18127, 16
18128, 21
18129, 26
18130, 30
18131, 34
18132, 26
18133, 30
18134, 23
18135, 16
18136, 25
18137, 28
18138, 19
18139, 23
18140, 20
18141, 22
18142, 28
18143, 26
18144, 28
18145, 23
18146, 18
18147, 18
18148, 21
18149, 18
18150, 21
18151, 20
18152, 19
18153, 19
18154, 22
18155, 24
18156, 24
18157, 15
18158, 24
18159, 19
18160, 26
18161, 22
18162, 15
18163, 19
18164, 27
18165, 23
18166, 16
18167, 24
18168, 25
18169, 16
18170, 25
18171, 22
18172, 27
18173, 17
18174, 22
18175, 19
18176, 20
18177, 22
18178, 20
18179, 17
18180, 21
18181, 22
18182, 17
18183, 14
18184, 31
18185, 23
18186, 28
18187, 25
18188, 23
18189, 14
18190, 20
18191, 23
18192, 29
18193, 25
18194, 16
18195, 21
18196, 27
18197, 18
18198, 21
18199, 24
18200, 26
18201, 22
18202, 26
18203, 22
18204, 22
18205, 21
18206, 12
18207, 17
18208, 27
18209, 29
18210, 22
18211, 19
18212, 26
18213, 23
18214, 31
18215, 28
18216, 21
18217, 25
18218, 22
18219, 21
18220, 17
18221, 29
18222, 22
18223, 24
18224, 16
18225, 18
18226, 20
18227, 24
18228, 17
18229, 22
18230, 21
18231, 20
18232, 22
18233, 29
18234, 26
18235, 31
18236, 15
18237, 27
18238, 21
18239, 22
18240, 32
18241, 21
18242, 21
18243, 15
18244, 29
18245, 18
18246, 15
18247, 23
18248, 23
18249, 35
18250, 24
18251, 18
18252, 24
18253, 28
18254, 21
18255, 27
18256, 25
18257, 31
18258, 23
18259, 28
18260, 22
18261, 21
18262, 21
18263, 19
18264, 14
18265, 18
18266, 24
18267, 24
18268, 29
18269, 22
18270, 30
18271, 23
18272, 21
18273, 31
18274, 19
18275, 20
18276, 32
18277, 22
18278, 23
18279, 29
18280, 23
18281, 23
18282, 24
18283, 28
18284, 25
18285, 29
18286, 21
18287, 20
18288, 25
18289, 23
18290, 23
18291, 25
18292, 19
18293, 25
18294, 23
18295, 28
18296, 29
18297, 14
18298, 20
18299, 21
18300, 25
18301, 29
18302, 14
18303, 23
18304, 24
18305, 19
18306, 12
18307, 25
18308, 20
18309, 29
18310, 17
18311, 18
18312, 22
18313, 24
18314, 23
18315, 20
18316, 33
18317, 30
18318, 19
18319, 23
18320, 26
18321, 22
18322, 28
18323, 29
18324, 33
18325, 22
18326, 25
18327, 21
18328, 18
18329, 14
18330, 22
18331, 21
18332, 19
18333, 31
18334, 27
18335, 22
18336, 29
18337, 32
18338, 30
18339, 20
18340, 23
18341, 18
18342, 30
18343, 26
18344, 22
18345, 20
18346, 25
18347, 14
18348, 24
18349, 16
18350, 30
18351, 27
18352, 26
18353, 23
18354, 21
18355, 18
18356, 26
18357, 26
18358, 23
18359, 15
18360, 23
18361, 27
18362, 27
18363, 27
18364, 15
18365, 34
18366, 18
18367, 30
18368, 29
18369, 27
18370, 24
18371, 30
18372, 28
18373, 33
18374, 23
18375, 20
18376, 26
18377, 36
18378, 25
18379, 23
18380, 21
18381, 30
18382, 25
18383, 22
18384, 24
18385, 21
18386, 22
18387, 23
18388, 29
18389, 34
18390, 29
18391, 21
18392, 28
18393, 20
18394, 25
18395, 20
18396, 22
18397, 19
18398, 27
18399, 27
18400, 33
18401, 22
18402, 28
18403, 24
18404, 14
18405, 27
18406, 14
18407, 24
18408, 30
18409, 22
18410, 18
18411, 20
18412, 28
18413, 21
18414, 30
18415, 22
18416, 22
18417, 22
18418, 24
18419, 24
18420, 27
18421, 31
18422, 31
18423, 27
18424, 23
18425, 22
18426, 19
18427, 27
18428, 34
18429, 34
18430, 24
18431, 20
18432, 20
18433, 26
18434, 24
18435, 25
18436, 20
18437, 27
18438, 14
18439, 24
18440, 27
18441, 26
18442, 27
18443, 20
18444, 27
18445, 20
18446, 26
18447, 23
18448, 28
18449, 27
18450, 29
18451, 28
18452, 24
18453, 19
18454, 22
18455, 25
18456, 27
18457, 28
18458, 22
18459, 16
18460, 19
18461, 29
18462, 27
18463, 22
18464, 33
18465, 25
18466, 15
18467, 16
18468, 31
18469, 16
18470, 23
18471, 24
18472, 24
18473, 24
18474, 27
18475, 22
18476, 25
18477, 20
18478, 27
18479, 24
18480, 25
18481, 27
18482, 28
18483, 24
18484, 27
18485, 30
18486, 25
18487, 22
18488, 28
18489, 21
18490, 28
18491, 22
18492, 35
18493, 19
18494, 28
18495, 22
18496, 28
18497, 25
18498, 26
18499, 15
18500, 25
18501, 19
18502, 24
18503, 21
18504, 21
18505, 30
18506, 21
18507, 22
18508, 27
18509, 22
18510, 34
18511, 28
18512, 31
18513, 26
18514, 20
18515, 24
18516, 22
18517, 19
18518, 23
18519, 25
18520, 18
18521, 27
18522, 16
18523, 25
18524, 25
18525, 17
18526, 22
18527, 21
18528, 24
18529, 29
18530, 13
18531, 19
18532, 29
18533, 24
18534, 26
18535, 38
18536, 27
18537, 37
18538, 16
18539, 22
18540, 19
18541, 23
18542, 22
18543, 22
18544, 27
18545, 21
18546, 17
18547, 27
18548, 23
18549, 27
18550, 27
18551, 26
18552, 22
18553, 24
18554, 26
18555, 21
18556, 20
18557, 27
18558, 21
18559, 14
18560, 20
18561, 22
18562, 23
18563, 33
18564, 27
18565, 16
18566, 26
18567, 19
18568, 29
18569, 14
18570, 28
18571, 21
18572, 26
18573, 18
18574, 21
18575, 32
18576, 22
18577, 33
18578, 21
18579, 21
18580, 25
18581, 23
18582, 24
18583, 26
18584, 18
18585, 25
18586, 22
18587, 18
18588, 26
18589, 26
18590, 21
18591, 24
18592, 19
18593, 22
18594, 29
18595, 21
18596, 27
18597, 25
18598, 23
18599, 24
18600, 20
18601, 21
18602, 17
18603, 24
18604, 13
18605, 27
18606, 16
18607, 18
18608, 23
18609, 19
18610, 18
18611, 27
18612, 24
18613, 24
18614, 18
18615, 24
18616, 22
18617, 24
18618, 21
18619, 27
18620, 31
18621, 23
18622, 23
18623, 20
18624, 23
18625, 22
18626, 17
18627, 22
18628, 30
18629, 23
18630, 24
18631, 27
18632, 18
18633, 24
18634, 21
18635, 24
18636, 27
18637, 28
18638, 29
18639, 23
18640, 21
18641, 28
18642, 15
18643, 24
18644, 20
18645, 17
18646, 21
18647, 23
18648, 19
18649, 24
18650, 21
18651, 23
18652, 24
18653, 24
18654, 21
18655, 21
18656, 17
18657, 20
18658, 19
18659, 30
18660, 24
18661, 31
18662, 24
18663, 25
18664, 15
18665, 19
18666, 27
18667, 18
18668, 23
18669, 18
18670, 18
18671, 12
18672, 18
18673, 18
18674, 19
18675, 25
18676, 20
18677, 17
18678, 18
18679, 19
18680, 21
18681, 20
18682, 31
18683, 23
18684, 23
18685, 23
18686, 18
18687, 28
18688, 22
18689, 15
18690, 26
18691, 16
18692, 26
18693, 20
18694, 17
18695, 21
18696, 17
18697, 21
18698, 22
18699, 20
18700, 16
18701, 23
18702, 26
18703, 30
18704, 21
18705, 20
18706, 23
18707, 28
18708, 14
18709, 28
18710, 27
18711, 31
18712, 21
18713, 22
18714, 26
18715, 21
18716, 23
18717, 20
18718, 25
18719, 27
18720, 30
18721, 13
18722, 14
18723, 27
18724, 26
18725, 19
18726, 20
18727, 15
18728, 26
18729, 25
18730, 21
18731, 27
18732, 27
18733, 21
18734, 15
18735, 17
18736, 22
18737, 22
18738, 20
18739, 27
18740, 26
18741, 14
18742, 16
18743, 32
18744, 15
18745, 20
18746, 21
18747, 20
18748, 33
18749, 19
18750, 15
18751, 18
18752, 25
18753, 28
18754, 26
18755, 25
18756, 24
18757, 20
18758, 31
18759, 28
18760, 29
18761, 17
18762, 20
18763, 17
18764, 19
18765, 21
18766, 29
18767, 19
18768, 22
18769, 23
18770, 15
18771, 22
18772, 28
18773, 14
18774, 21
18775, 24
18776, 23
18777, 22
18778, 20
18779, 28
18780, 20
18781, 28
18782, 17
18783, 26
18784, 25
18785, 23
18786, 15
18787, 24
18788, 19
18789, 21
18790, 19
18791, 26
18792, 19
18793, 25
18794, 27
18795, 18
18796, 23
18797, 26
18798, 24
18799, 18
18800, 24
18801, 20
18802, 19
18803, 21
18804, 21
18805, 12
18806, 27
18807, 21
18808, 20
18809, 26
18810, 17
18811, 21
18812, 15
18813, 22
18814, 23
18815, 26
18816, 31
18817, 23
18818, 24
18819, 32
18820, 18
18821, 32
18822, 13
18823, 17
18824, 15
18825, 26
18826, 19
18827, 18
18828, 20
18829, 26
18830, 17
18831, 15
18832, 16
18833, 15
18834, 20
18835, 20
18836, 13
18837, 17
18838, 26
18839, 17
18840, 15
18841, 20
18842, 20
18843, 21
18844, 31
18845, 22
18846, 19
18847, 16
18848, 22
18849, 18
18850, 22
18851, 25
18852, 21
18853, 25
18854, 18
18855, 15
18856, 27
18857, 13
18858, 16
18859, 18
18860, 21
18861, 10
18862, 28
18863, 17
18864, 17
18865, 15
18866, 13
18867, 26
18868, 29
18869, 21
18870, 24
18871, 15
18872, 22
18873, 25
18874, 23
18875, 21
18876, 25
18877, 15
18878, 21
18879, 26
18880, 25
18881, 19
18882, 16
18883, 19
18884, 21
18885, 31
18886, 25
18887, 13
18888, 15
18889, 24
18890, 13
18891, 18
18892, 11
18893, 24
18894, 22
18895, 21
18896, 23
18897, 26
18898, 33
18899, 21
18900, 22
18901, 18
18902, 21
18903, 18
18904, 15
18905, 23
18906, 21
18907, 17
18908, 16
18909, 19
18910, 13
18911, 15
18912, 17
18913, 17
18914, 20
18915, 12
18916, 19
18917, 28
18918, 21
18919, 19
18920, 16
18921, 19
18922, 26
18923, 23
18924, 23
18925, 20
18926, 17
18927, 12
18928, 21
18929, 16
18930, 18
18931, 18
18932, 17
18933, 18
18934, 15
18935, 17
18936, 26
18937, 26
18938, 19
18939, 27
18940, 21
18941, 22
18942, 17
18943, 16
18944, 21
18945, 23
18946, 19
18947, 23
18948, 16
18949, 16
18950, 23
18951, 33
18952, 18
18953, 12
18954, 21
18955, 25
18956, 13
18957, 28
18958, 12
18959, 23
18960, 24
18961, 20
18962, 17
18963, 19
18964, 26
18965, 21
18966, 23
18967, 20
18968, 13
18969, 18
18970, 23
18971, 19
18972, 15
18973, 22
18974, 25
18975, 22
18976, 18
18977, 22
18978, 21
18979, 20
18980, 18
18981, 18
18982, 23
18983, 15
18984, 14
18985, 12
18986, 12
18987, 23
18988, 25
18989, 21
18990, 16
18991, 24
18992, 17
18993, 23
18994, 17
18995, 16
18996, 15
18997, 21
18998, 17
18999, 23
19000, 22
19001, 30
19002, 21
19003, 11
19004, 23
19005, 30
19006, 28
19007, 20
19008, 26
19009, 19
19010, 21
19011, 18
19012, 15
19013, 12
19014, 17
19015, 16
19016, 19
19017, 19
19018, 21
19019, 14
19020, 21
19021, 20
19022, 32
19023, 14
19024, 18
19025, 20
19026, 25
19027, 19
19028, 23
19029, 17
19030, 20
19031, 22
19032, 15
19033, 18
19034, 30
19035, 16
19036, 20
19037, 16
19038, 22
19039, 19
19040, 22
19041, 18
19042, 14
19043, 21
19044, 13
19045, 21
19046, 27
19047, 21
19048, 22
19049, 16
19050, 19
19051, 28
19052, 17
19053, 23
19054, 17
19055, 25
19056, 17
19057, 26
19058, 16
19059, 12
19060, 24
19061, 20
19062, 16
19063, 15
19064, 17
19065, 20
19066, 17
19067, 18
19068, 24
19069, 22
19070, 18
19071, 22
19072, 26
19073, 20
19074, 26
19075, 19
19076, 17
19077, 18
19078, 14
19079, 19
19080, 24
19081, 14
19082, 16
19083, 21
19084, 25
19085, 16
19086, 23
19087, 22
19088, 14
19089, 27
19090, 20
19091, 21
19092, 23
19093, 13
19094, 23
19095, 10
19096, 19
19097, 20
19098, 22
19099, 17
19100, 18
19101, 15
19102, 19
19103, 14
19104, 21
19105, 19
19106, 21
19107, 13
19108, 18
19109, 14
19110, 30
19111, 20
19112, 23
19113, 24
19114, 17
19115, 17
19116, 22
19117, 20
19118, 24
19119, 17
19120, 18
19121, 14
19122, 18
19123, 15
19124, 28
19125, 18
19126, 23
19127, 23
19128, 10
19129, 18
19130, 25
19131, 17
19132, 19
19133, 22
19134, 17
19135, 20
19136, 14
19137, 17
19138, 19
19139, 15
19140, 23
19141, 26
19142, 13
19143, 10
19144, 20
19145, 20
19146, 18
19147, 20
19148, 21
19149, 18
19150, 22
19151, 16
19152, 22
19153, 7
19154, 19
19155, 17
19156, 18
19157, 16
19158, 13
19159, 24
19160, 15
19161, 12
19162, 18
19163, 15
19164, 26
19165, 23
19166, 16
19167, 15
19168, 14
19169, 17
19170, 23
19171, 20
19172, 19
19173, 21
19174, 14
19175, 11
19176, 17
19177, 16
19178, 15
19179, 19
19180, 15
19181, 26
19182, 18
19183, 12
19184, 21
19185, 10
19186, 16
19187, 16
19188, 15
19189, 21
19190, 13
19191, 13
19192, 21
19193, 18
19194, 21
19195, 17
19196, 23
19197, 14
19198, 17
19199, 12
19200, 12
19201, 8
19202, 17
19203, 17
19204, 10
19205, 24
19206, 10
19207, 15
19208, 14
19209, 18
19210, 10
19211, 6
19212, 17
19213, 15
19214, 12
19215, 18
19216, 17
19217, 23
19218, 17
19219, 19
19220, 17
19221, 18
19222, 20
19223, 13
19224, 18
19225, 12
19226, 12
19227, 14
19228, 17
19229, 11
19230, 12
19231, 16
19232, 16
19233, 18
19234, 11
19235, 17
19236, 11
19237, 16
19238, 12
19239, 12
19240, 16
19241, 10
19242, 12
19243, 17
19244, 16
19245, 24
19246, 19
19247, 17
19248, 12
19249, 17
19250, 14
19251, 10
19252, 13
19253, 10
19254, 14
19255, 13
19256, 14
19257, 11
19258, 14
19259, 18
19260, 13
19261, 12
19262, 14
19263, 18
19264, 20
19265, 19
19266, 15
19267, 12
19268, 6
19269, 16
19270, 20
19271, 16
19272, 14
19273, 19
19274, 16
19275, 21
19276, 12
19277, 13
19278, 14
19279, 15
19280, 18
19281, 17
19282, 20
19283, 16
19284, 14
19285, 17
19286, 18
19287, 19
19288, 15
19289, 14
19290, 17
19291, 14
19292, 15
19293, 21
19294, 11
19295, 17
19296, 6
19297, 16
19298, 12
19299, 21
19300, 16
19301, 18
19302, 21
19303, 19
19304, 16
19305, 15
19306, 14
19307, 12
19308, 17
19309, 12
19310, 7
19311, 12
19312, 22
19313, 11
19314, 12
19315, 19
19316, 13
19317, 16
19318, 9
19319, 16
19320, 15
19321, 13
19322, 12
19323, 16
19324, 16
19325, 17
19326, 12
19327, 15
19328, 15
19329, 9
19330, 18
19331, 15
19332, 14
19333, 17
19334, 17
19335, 15
19336, 23
19337, 13
19338, 6
19339, 16
19340, 16
19341, 18
19342, 14
19343, 13
19344, 23
19345, 10
19346, 14
19347, 25
19348, 10
19349, 6
19350, 17
19351, 12
19352, 15
19353, 14
19354, 11
19355, 11
19356, 10
19357, 18
19358, 18
19359, 12
19360, 10
19361, 11
19362, 12
19363, 13
19364, 11
19365, 13
19366, 17
19367, 13
19368, 10
19369, 9
19370, 16
19371, 15
19372, 13
19373, 12
19374, 11
19375, 12
19376, 12
19377, 13
19378, 11
19379, 7
19380, 13
19381, 18
19382, 16
19383, 16
19384, 13
19385, 16
19386, 13
19387, 15
19388, 18
19389, 13
19390, 9
19391, 18
19392, 10
19393, 12
19394, 17
19395, 26
19396, 15
19397, 17
19398, 25
19399, 14
19400, 15
19401, 13
19402, 13
19403, 11
19404, 20
19405, 14
19406, 7
19407, 14
19408, 12
19409, 18
19410, 12
19411, 15
19412, 17
19413, 14
19414, 17
19415, 18
19416, 18
19417, 8
19418, 17
19419, 14
19420, 18
19421, 12
19422, 11
19423, 16
19424, 12
19425, 15
19426, 9
19427, 18
19428, 12
19429, 9
19430, 19
19431, 12
19432, 18
19433, 15
19434, 10
19435, 13
19436, 12
19437, 16
19438, 23
19439, 17
19440, 16
19441, 8
19442, 10
19443, 11
19444, 19
19445, 13
19446, 11
19447, 11
19448, 14
19449, 12
19450, 11
19451, 15
19452, 14
19453, 15
19454, 11
19455, 15
19456, 7
19457, 9
19458, 19
19459, 13
19460, 8
19461, 11
19462, 21
19463, 17
19464, 15
19465, 12
19466, 10
19467, 16
19468, 12
19469, 13
19470, 7
19471, 16
19472, 15
19473, 16
19474, 9
19475, 14
19476, 14
19477, 14
19478, 15
19479, 13
19480, 12
19481, 19
19482, 12
19483, 15
19484, 9
19485, 5
19486, 17
19487, 17
19488, 15
19489, 11
19490, 13
19491, 15
19492, 19
19493, 12
19494, 10
19495, 9
19496, 11
19497, 18
19498, 13
19499, 15
19500, 13
19501, 13
19502, 12
19503, 8
19504, 17
19505, 15
19506, 13
19507, 12
19508, 10
19509, 9
19510, 16
19511, 14
19512, 14
19513, 13
19514, 16
19515, 12
19516, 4
19517, 17
19518, 11
19519, 9
19520, 7
19521, 12
19522, 11
19523, 10
19524, 7
19525, 9
19526, 4
19527, 13
19528, 15
19529, 13
19530, 4
19531, 9
19532, 8
19533, 10
19534, 14
19535, 6
19536, 13
19537, 14
19538, 21
19539, 12
19540, 10
19541, 13
19542, 7
19543, 12
19544, 4
19545, 15
19546, 13
19547, 10
19548, 9
19549, 5
19550, 10
19551, 15
19552, 9
19553, 11
19554, 18
19555, 12
19556, 9
19557, 7
19558, 10
19559, 16
19560, 8
19561, 12
19562, 10
19563, 14
19564, 10
19565, 11
19566, 10
19567, 16
19568, 18
19569, 19
19570, 13
19571, 8
19572, 13
19573, 9
19574, 12
19575, 12
19576, 13
19577, 9
19578, 16
19579, 18
19580, 10
19581, 22
19582, 8
19583, 18
19584, 14
19585, 15
19586, 11
19587, 15
19588, 9
19589, 14
19590, 17
19591, 17
19592, 18
19593, 10
19594, 7
19595, 11
19596, 14
19597, 9
19598, 17
19599, 11
19600, 12
19601, 14
19602, 12
19603, 6
19604, 10
19605, 17
19606, 14
19607, 14
19608, 11
19609, 7
19610, 8
19611, 11
19612, 15
19613, 16
19614, 9
19615, 11
19616, 9
19617, 5
19618, 8
19619, 15
19620, 9
19621, 13
19622, 15
19623, 14
19624, 19
19625, 13
19626, 21
19627, 12
19628, 15
19629, 11
19630, 8
19631, 8
19632, 10
19633, 8
19634, 7
19635, 13
19636, 17
19637, 7
19638, 9
19639, 13
19640, 9
19641, 15
19642, 9
19643, 15
19644, 6
19645, 8
19646, 16
19647, 12
19648, 15
19649, 9
19650, 16
19651, 10
19652, 6
19653, 8
19654, 8
19655, 15
19656, 12
19657, 8
19658, 13
19659, 11
19660, 15
19661, 13
19662, 13
19663, 10
19664, 13
19665, 11
19666, 9
19667, 10
19668, 9
19669, 10
19670, 6
19671, 10
19672, 18
19673, 15
19674, 10
19675, 14
19676, 15
19677, 15
19678, 13
19679, 14
19680, 6
19681, 11
19682, 12
19683, 10
19684, 10
19685, 12
19686, 15
19687, 6
19688, 15
19689, 15
19690, 9
19691, 11
19692, 13
19693, 9
19694, 11
19695, 9
19696, 12
19697, 12
19698, 7
19699, 11
19700, 10
19701, 18
19702, 9
19703, 10
19704, 10
19705, 11
19706, 12
19707, 15
19708, 8
19709, 6
19710, 12
19711, 13
19712, 13
19713, 8
19714, 11
19715, 9
19716, 7
19717, 9
19718, 21
19719, 8
19720, 14
19721, 9
19722, 8
19723, 14
19724, 14
19725, 13
19726, 6
19727, 17
19728, 15
19729, 10
19730, 16
19731, 11
19732, 12
19733, 15
19734, 11
19735, 23
19736, 15
19737, 12
19738, 11
19739, 10
19740, 16
19741, 17
19742, 12
19743, 13
19744, 15
19745, 7
19746, 10
19747, 12
19748, 15
19749, 10
19750, 11
19751, 7
19752, 14
19753, 10
19754, 8
19755, 14
19756, 17
19757, 10
19758, 8
19759, 15
19760, 10
19761, 14
19762, 13
19763, 8
19764, 13
19765, 12
19766, 9
19767, 10
19768, 11
19769, 5
19770, 13
19771, 12
19772, 15
19773, 10
19774, 13
19775, 14
19776, 11
19777, 7
19778, 7
19779, 13
19780, 6
19781, 14
19782, 5
19783, 10
19784, 13
19785, 8
19786, 16
19787, 6
19788, 11
19789, 10
19790, 13
19791, 5
19792, 7
19793, 8
19794, 13
19795, 9
19796, 4
19797, 12
19798, 4
19799, 13
19800, 12
19801, 14
19802, 6
19803, 10
19804, 10
19805, 7
19806, 13
19807, 9
19808, 10
19809, 8
19810, 10
19811, 9
19812, 9
19813, 8
19814, 11
19815, 14
19816, 9
19817, 16
19818, 12
19819, 8
19820, 12
19821, 12
19822, 15
19823, 6
19824, 13
19825, 15
19826, 8
19827, 10
19828, 14
19829, 11
19830, 12
19831, 14
19832, 9
19833, 7
19834, 13
19835, 12
19836, 12
19837, 6
19838, 14
19839, 9
19840, 8
19841, 12
19842, 8
19843, 12
19844, 10
19845, 12
19846, 17
19847, 9
19848, 12
19849, 16
19850, 16
19851, 11
19852, 5
19853, 13
19854, 10
19855, 12
19856, 7
19857, 8
19858, 16
19859, 5
19860, 13
19861, 11
19862, 7
19863, 15
19864, 14
19865, 12
19866, 14
19867, 16
19868, 16
19869, 9
19870, 5
19871, 7
19872, 7
19873, 7
19874, 6
19875, 12
19876, 14
19877, 15
19878, 12
19879, 10
19880, 12
19881, 14
19882, 20
19883, 5
19884, 6
19885, 5
19886, 12
19887, 7
19888, 12
19889, 12
19890, 15
19891, 9
19892, 7
19893, 9
19894, 8
19895, 14
19896, 9
19897, 7
19898, 6
19899, 17
19900, 12
19901, 17
19902, 10
19903, 10
19904, 15
19905, 8
19906, 10
19907, 7
19908, 9
19909, 8
19910, 14
19911, 12
19912, 13
19913, 7
19914, 7
19915, 10
19916, 15
19917, 13
19918, 6
19919, 12
19920, 9
19921, 16
19922, 11
19923, 8
19924, 10
19925, 6
19926, 5
19927, 12
19928, 6
19929, 13
19930, 12
19931, 17
19932, 12
19933, 9
19934, 8
19935, 6
19936, 10
19937, 7
19938, 15
19939, 2
19940, 11
19941, 8
19942, 7
19943, 9
19944, 9
19945, 8
19946, 12
19947, 12
19948, 8
19949, 11
19950, 10
19951, 9
19952, 4
19953, 10
19954, 9
19955, 9
19956, 15
19957, 9
19958, 7
19959, 13
19960, 8
19961, 8
19962, 14
19963, 12
19964, 11
19965, 15
19966, 7
19967, 17
19968, 16
19969, 8
19970, 13
19971, 12
19972, 13
19973, 7
19974, 4
19975, 11
19976, 13
19977, 14
19978, 10
19979, 15
19980, 4
19981, 10
19982, 14
19983, 10
19984, 11
19985, 18
19986, 18
19987, 16
19988, 14
19989, 11
19990, 11
19991, 10
19992, 14
19993, 8
19994, 8
19995, 14
19996, 20
19997, 13
19998, 8
19999, 11
20000, 10
20001, 5
20002, 7
20003, 11
20004, 11
20005, 11
20006, 12
20007, 12
20008, 21
20009, 10
20010, 9
20011, 16
20012, 6
20013, 8
20014, 20
20015, 9
20016, 12
20017, 14
20018, 14
20019, 10
20020, 10
20021, 12
20022, 12
20023, 12
20024, 9
20025, 10
20026, 8
20027, 8
20028, 12
20029, 15
20030, 9
20031, 16
20032, 10
20033, 11
20034, 8
20035, 11
20036, 5
20037, 13
20038, 7
20039, 7
20040, 6
20041, 13
20042, 12
20043, 7
20044, 14
20045, 8
20046, 12
20047, 5
20048, 8
20049, 12
20050, 7
20051, 7
20052, 10
20053, 12
20054, 15
20055, 5
20056, 9
20057, 9
20058, 10
20059, 11
20060, 15
20061, 10
20062, 10
20063, 13
20064, 5
20065, 14
20066, 8
20067, 12
20068, 11
20069, 13
20070, 10
20071, 8
20072, 16
20073, 13
20074, 9
20075, 10
20076, 15
20077, 14
20078, 11
20079, 13
20080, 13
20081, 8
20082, 16
20083, 12
20084, 8
20085, 6
20086, 17
20087, 11
20088, 8
20089, 6
20090, 13
20091, 15
20092, 9
20093, 11
20094, 11
20095, 17
20096, 11
20097, 12
20098, 20
20099, 15
20100, 10
20101, 8
20102, 11
20103, 10
20104, 13
20105, 11
20106, 13
20107, 17
20108, 17
20109, 13
20110, 7
20111, 14
20112, 8
20113, 17
20114, 7
20115, 10
20116, 9
20117, 10
20118, 9
20119, 7
20120, 11
20121, 18
20122, 12
20123, 9
20124, 6
20125, 9
20126, 8
20127, 11
20128, 11
20129, 6
20130, 11
20131, 9
20132, 16
20133, 8
20134, 9
20135, 12
20136, 10
20137, 15
20138, 12
20139, 11
20140, 7
20141, 7
20142, 18
20143, 11
20144, 17
20145, 13
20146, 12
20147, 18
20148, 11
20149, 12
20150, 9
20151, 11
20152, 12
20153, 14
20154, 11
20155, 12
20156, 9
20157, 13
20158, 14
20159, 9
20160, 14
20161, 8
20162, 18
20163, 10
20164, 19
20165, 11
20166, 9
20167, 10
20168, 8
20169, 8
20170, 8
20171, 17
20172, 10
20173, 11
20174, 10
20175, 11
20176, 8
20177, 13
20178, 14
20179, 17
20180, 8
20181, 17
20182, 11
20183, 15
20184, 8
20185, 13
20186, 18
20187, 9
20188, 11
20189, 13
20190, 3
20191, 11
20192, 10
20193, 16
20194, 9
20195, 9
20196, 10
20197, 19
20198, 10
20199, 8
20200, 9
20201, 17
20202, 17
20203, 8
20204, 4
20205, 16
20206, 15
20207, 6
20208, 8
20209, 17
20210, 8
20211, 12
20212, 16
20213, 4
20214, 12
20215, 8
20216, 14
20217, 5
20218, 13
20219, 8
20220, 11
20221, 12
20222, 14
20223, 10
20224, 10
20225, 8
20226, 11
20227, 7
20228, 12
20229, 9
20230, 15
20231, 9
20232, 8
20233, 10
20234, 16
20235, 15
20236, 11
20237, 12
20238, 13
20239, 9
20240, 12
20241, 9
20242, 19
20243, 10
20244, 12
20245, 10
20246, 8
20247, 18
20248, 14
20249, 6
20250, 14
20251, 8
20252, 14
20253, 11
20254, 12
20255, 9
20256, 8
20257, 10
20258, 11
20259, 10
20260, 17
20261, 13
20262, 12
20263, 14
20264, 16
20265, 9
20266, 13
20267, 12
20268, 21
20269, 8
20270, 14
20271, 15
20272, 10
20273, 14
20274, 6
20275, 14
20276, 16
20277, 11
20278, 11
20279, 14
20280, 9
20281, 15
20282, 14
20283, 13
20284, 8
20285, 12
20286, 5
20287, 14
20288, 9
20289, 16
20290, 9
20291, 14
20292, 11
20293, 9
20294, 8
20295, 12
20296, 17
20297, 10
20298, 11
20299, 13
20300, 8
20301, 8
20302, 7
20303, 12
20304, 6
20305, 11
20306, 13
20307, 14
20308, 13
20309, 12
20310, 12
20311, 13
20312, 11
20313, 9
20314, 13
20315, 10
20316, 10
20317, 8
20318, 11
20319, 16
20320, 13
20321, 6
20322, 10
20323, 12
20324, 8
20325, 13
20326, 6
20327, 10
20328, 13
20329, 7
20330, 9
20331, 9
20332, 11
20333, 10
20334, 18
20335, 16
20336, 7
20337, 7
20338, 9
20339, 11
20340, 10
20341, 16
20342, 16
20343, 6
20344, 16
20345, 12
20346, 10
20347, 14
20348, 18
20349, 12
20350, 9
20351, 11
20352, 7
20353, 10
20354, 6
20355, 17
20356, 16
20357, 13
20358, 13
20359, 19
20360, 12
20361, 13
20362, 11
20363, 12
20364, 14
20365, 9
20366, 12
20367, 9
20368, 11
20369, 12
20370, 7
20371, 14
20372, 20
20373, 9
20374, 10
20375, 13
20376, 9
20377, 7
20378, 9
20379, 6
20380, 9
20381, 8
20382, 5
20383, 9
20384, 14
20385, 13
20386, 6
20387, 11
20388, 13
20389, 11
20390, 8
20391, 10
20392, 14
20393, 8
20394, 11
20395, 7
20396, 12
20397, 3
20398, 10
20399, 8
20400, 12
20401, 12
20402, 16
20403, 9
20404, 14
20405, 8
20406, 10
20407, 12
20408, 14
20409, 15
20410, 8
20411, 10
20412, 14
20413, 6
20414, 7
20415, 11
20416, 10
20417, 16
20418, 13
20419, 14
20420, 8
20421, 13
20422, 8
20423, 16
20424, 15
20425, 11
20426, 8
20427, 10
20428, 12
20429, 15
20430, 13
20431, 15
20432, 9
20433, 17
20434, 13
20435, 11
20436, 15
20437, 9
20438, 9
20439, 11
20440, 7
20441, 7
20442, 12
20443, 13
20444, 10
20445, 11
20446, 12
20447, 11
20448, 9
20449, 9
20450, 6
20451, 11
20452, 12
20453, 7
20454, 13
20455, 9
20456, 12
20457, 10
20458, 7
20459, 9
20460, 18
20461, 13
20462, 9
20463, 11
20464, 6
20465, 5
20466, 13
20467, 18
20468, 10
20469, 7
20470, 12
20471, 6
20472, 4
20473, 12
20474, 11
20475, 11
20476, 18
20477, 8
20478, 7
20479, 11
20480, 10
20481, 9
20482, 11
20483, 11
20484, 10
20485, 18
20486, 11
20487, 11
20488, 7
20489, 8
20490, 9
20491, 13
20492, 6
20493, 10
20494, 13
20495, 9
20496, 9
20497, 5
20498, 15
20499, 8
20500, 10
20501, 13
20502, 15
20503, 8
20504, 8
20505, 4
20506, 13
20507, 10
20508, 5
20509, 13
20510, 6
20511, 9
20512, 10
20513, 14
20514, 14
20515, 12
20516, 9
20517, 8
20518, 8
20519, 16
20520, 8
20521, 8
20522, 8
20523, 13
20524, 11
20525, 7
20526, 8
20527, 11
20528, 6
20529, 20
20530, 11
20531, 10
20532, 13
20533, 13
20534, 12
20535, 6
20536, 8
20537, 13
20538, 6
20539, 7
20540, 9
20541, 11
20542, 11
20543, 8
20544, 9
20545, 11
20546, 10
20547, 6
20548, 8
20549, 7
20550, 10
20551, 14
20552, 8
20553, 6
20554, 5
20555, 8
20556, 2
20557, 10
20558, 9
20559, 8
20560, 10
20561, 8
20562, 10
20563, 9
20564, 12
20565, 9
20566, 20
20567, 9
20568, 5
20569, 7
20570, 10
20571, 6
20572, 10
20573, 13
20574, 12
20575, 9
20576, 10
20577, 7
20578, 11
20579, 9
20580, 7
20581, 11
20582, 9
20583, 11
20584, 10
20585, 12
20586, 14
20587, 10
20588, 11
20589, 8
20590, 8
20591, 8
20592, 6
20593, 10
20594, 10
20595, 7
20596, 5
20597, 8
20598, 2
20599, 11
20600, 11
20601, 9
20602, 11
20603, 7
20604, 9
20605, 15
20606, 9
20607, 9
20608, 9
20609, 9
20610, 11
20611, 14
20612, 12
20613, 8
20614, 5
20615, 9
20616, 8
20617, 6
20618, 5
20619, 7
20620, 9
20621, 12
20622, 9
20623, 7
20624, 8
20625, 9
20626, 5
20627, 7
20628, 9
20629, 12
20630, 12
20631, 10
20632, 7
20633, 16
20634, 11
20635, 3
20636, 6
20637, 9
20638, 9
20639, 6
20640, 8
20641, 6
20642, 7
20643, 9
20644, 9
20645, 11
20646, 11
20647, 9
20648, 7
20649, 14
20650, 6
20651, 14
20652, 11
20653, 10
20654, 10
20655, 5
20656, 11
20657, 8
20658, 13
20659, 14
20660, 15
20661, 9
20662, 9
20663, 10
20664, 11
20665, 9
20666, 10
20667, 6
20668, 4
20669, 13
20670, 9
20671, 10
20672, 18
20673, 11
20674, 7
20675, 10
20676, 13
20677, 6
20678, 11
20679, 13
20680, 8
20681, 7
20682, 8
20683, 8
20684, 6
20685, 10
20686, 7
20687, 2
20688, 5
20689, 12
20690, 13
20691, 18
20692, 8
20693, 9
20694, 9
20695, 7
20696, 7
20697, 8
20698, 9
20699, 9
20700, 7
20701, 9
20702, 6
20703, 8
20704, 9
20705, 10
20706, 8
20707, 8
20708, 9
20709, 9
20710, 4
20711, 6
20712, 9
20713, 5
20714, 5
20715, 9
20716, 8
20717, 11
20718, 6
20719, 11
20720, 11
20721, 4
20722, 5
20723, 9
20724, 7
20725, 10
20726, 9
20727, 7
20728, 8
20729, 5
20730, 7
20731, 8
20732, 10
20733, 6
20734, 3
20735, 4
20736, 11
20737, 12
20738, 10
20739, 6
20740, 4
20741, 12
20742, 8
20743, 10
20744, 5
20745, 6
20746, 10
20747, 5
20748, 10
20749, 5
20750, 8
20751, 12
20752, 7
20753, 7
20754, 8
20755, 7
20756, 11
20757, 10
20758, 10
20759, 11
20760, 11
20761, 7
20762, 7
20763, 10
20764, 8
20765, 6
20766, 12
20767, 9
20768, 5
20769, 5
20770, 11
20771, 6
20772, 14
20773, 7
20774, 7
20775, 7
20776, 6
20777, 7
20778, 13
20779, 14
20780, 8
20781, 11
20782, 11
20783, 10
20784, 11
20785, 11
20786, 12
20787, 14
20788, 3
20789, 7
20790, 16
20791, 7
20792, 13
20793, 11
20794, 8
20795, 9
20796, 8
20797, 10
20798, 2
20799, 5
20800, 4
20801, 11
20802, 8
20803, 1
20804, 12
20805, 16
20806, 4
20807, 6
20808, 7
20809, 6
20810, 2
20811, 7
20812, 7
20813, 12
20814, 6
20815, 11
20816, 3
20817, 4
20818, 11
20819, 9
20820, 7
20821, 10
20822, 9
20823, 7
20824, 2
20825, 7
20826, 9
20827, 12
20828, 12
20829, 3
20830, 12
20831, 10
20832, 13
20833, 12
20834, 12
20835, 11
20836, 12
20837, 6
20838, 7
20839, 8
20840, 3
20841, 14
20842, 10
20843, 5
20844, 7
20845, 12
20846, 9
20847, 12
20848, 10
20849, 11
20850, 9
20851, 7
20852, 7
20853, 9
20854, 10
20855, 12
20856, 11
20857, 10
20858, 7
20859, 7
20860, 6
20861, 11
20862, 7
20863, 10
20864, 9
20865, 11
20866, 9
20867, 8
20868, 10
20869, 10
20870, 10
20871, 5
20872, 9
20873, 4
20874, 10
20875, 7
20876, 7
20877, 6
20878, 4
20879, 8
20880, 9
20881, 13
20882, 7
20883, 9
20884, 10
20885, 17
20886, 12
20887, 2
20888, 6
20889, 9
20890, 10
20891, 7
20892, 9
20893, 8
20894, 9
20895, 5
20896, 9
20897, 4
20898, 9
20899, 4
20900, 13
20901, 13
20902, 8
20903, 3
20904, 8
20905, 12
20906, 5
20907, 8
20908, 3
20909, 11
20910, 9
20911, 8
20912, 3
20913, 7
20914, 4
20915, 3
20916, 10
20917, 13
20918, 9
20919, 7
20920, 4
20921, 7
20922, 13
20923, 7
20924, 5
20925, 14
20926, 8
20927, 2
20928, 6
20929, 3
20930, 15
20931, 9
20932, 5
20933, 5
20934, 8
20935, 14
20936, 7
20937, 1
20938, 7
20939, 4
20940, 6
20941, 8
20942, 7
20943, 9
20944, 5
20945, 8
20946, 8
20947, 6
20948, 5
20949, 4
20950, 6
20951, 13
20952, 9
20953, 5
20954, 12
20955, 4
20956, 9
20957, 8
20958, 5
20959, 12
20960, 11
20961, 8
20962, 6
20963, 9
20964, 9
20965, 8
20966, 9
20967, 10
20968, 8
20969, 8
20970, 10
20971, 7
20972, 9
20973, 6
20974, 6
20975, 4
20976, 6
20977, 5
20978, 8
20979, 6
20980, 8
20981, 9
20982, 7
20983, 13
20984, 6
20985, 4
20986, 7
20987, 3
20988, 4
20989, 10
20990, 10
20991, 2
20992, 7
20993, 11
20994, 8
20995, 9
20996, 10
20997, 7
20998, 7
20999, 10
21000, 5
21001, 7
21002, 8
21003, 10
21004, 5
21005, 3
21006, 6
21007, 5
21008, 7
21009, 7
21010, 3
21011, 14
21012, 5
21013, 5
21014, 4
21015, 9
21016, 6
21017, 6
21018, 13
21019, 10
21020, 8
21021, 5
21022, 4
21023, 11
21024, 10
21025, 5
21026, 10
21027, 9
21028, 7
21029, 11
21030, 7
21031, 6
21032, 9
21033, 10
21034, 6
21035, 7
21036, 7
21037, 5
21038, 11
21039, 11
21040, 10
21041, 9
21042, 6
21043, 10
21044, 5
21045, 8
21046, 5
21047, 11
21048, 8
21049, 10
21050, 8
21051, 4
21052, 13
21053, 5
21054, 6
21055, 9
21056, 13
21057, 8
21058, 8
21059, 10
21060, 6
21061, 4
21062, 4
21063, 10
21064, 6
21065, 5
21066, 5
21067, 9
21068, 10
21069, 5
21070, 6
21071, 9
21072, 4
21073, 5
21074, 7
21075, 3
21076, 7
21077, 7
21078, 9
21079, 8
21080, 6
21081, 2
21082, 8
21083, 8
21084, 5
21085, 14
21086, 5
21087, 8
21088, 6
21089, 9
21090, 5
21091, 6
21092, 8
21093, 7
21094, 9
21095, 9
21096, 9
21097, 2
21098, 3
21099, 1
21100, 10
21101, 12
21102, 14
21103, 2
21104, 8
21105, 12
21106, 8
21107, 7
21108, 8
21109, 4
21110, 5
21111, 9
21112, 8
21113, 13
21114, 10
21115, 5
21116, 2
21117, 11
21118, 17
21119, 5
21120, 6
21121, 8
21122, 7
21123, 12
21124, 4
21125, 5
21126, 5
21127, 12
21128, 5
21129, 6
21130, 2
21131, 8
21132, 5
21133, 10
21134, 4
21135, 6
21136, 12
21137, 4
21138, 9
21139, 6
21140, 4
21141, 8
21142, 2
21143, 5
21144, 14
21145, 10
21146, 7
21147, 5
21148, 5
21149, 6
21150, 7
21151, 11
21152, 7
21153, 7
21154, 7
21155, 7
21156, 6
21157, 9
21158, 6
21159, 6
21160, 7
21161, 4
21162, 3
21163, 6
21164, 7
21165, 4
21166, 7
21167, 6
21168, 6
21169, 13
21170, 11
21171, 4
21172, 3
21173, 10
21174, 6
21175, 10
21176, 4
21177, 8
21178, 9
21179, 6
21180, 5
21181, 7
21182, 10
21183, 5
21184, 5
21185, 12
21186, 9
21187, 4
21188, 5
21189, 4
21190, 8
21191, 7
21192, 7
21193, 6
21194, 8
21195, 5
21196, 12
21197, 12
21198, 5
21199, 8
21200, 6
21201, 7
21202, 8
21203, 8
21204, 9
21205, 3
21206, 6
21207, 9
21208, 3
21209, 9
21210, 3
21211, 5
21212, 10
21213, 9
21214, 11
21215, 6
21216, 8
21217, 9
21218, 7
21219, 6
21220, 9
21221, 10
21222, 6
21223, 7
21224, 9
21225, 11
21226, 10
21227, 6
21228, 7
21229, 8
21230, 5
21231, 5
21232, 5
21233, 8
21234, 6
21235, 8
21236, 5
21237, 4
21238, 7
21239, 4
21240, 7
21241, 4
21242, 5
21243, 6
21244, 3
21245, 6
21246, 9
21247, 5
21248, 10
21249, 7
21250, 9
21251, 4
21252, 6
21253, 3
21254, 8
21255, 6
21256, 7
21257, 10
21258, 4
21259, 8
21260, 6
21261, 9
21262, 6
21263, 8
21264, 7
21265, 5
21266, 5
21267, 11
21268, 5
21269, 12
21270, 6
21271, 6
21272, 8
21273, 8
21274, 9
21275, 5
21276, 3
21277, 6
21278, 3
21279, 6
21280, 7
21281, 3
21282, 5
21283, 9
21284, 6
21285, 9
21286, 6
21287, 5
21288, 6
21289, 7
21290, 6
21291, 7
21292, 5
21293, 7
21294, 6
21295, 10
21296, 7
21297, 7
21298, 6
21299, 6
21300, 5
21301, 4
21302, 7
21303, 5
21304, 7
21305, 14
21306, 5
21307, 8
21308, 5
21309, 5
21310, 9
21311, 9
21312, 9
21313, 7
21314, 7
21315, 10
21316, 8
21317, 8
21318, 6
21319, 7
21320, 3
21321, 2
21322, 7
21323, 8
21324, 6
21325, 3
21326, 9
21327, 6
21328, 12
21329, 5
21330, 12
21331, 5
21332, 7
21333, 10
21334, 8
21335, 4
21336, 9
21337, 4
21338, 5
21339, 4
21340, 12
21341, 7
21342, 9
21343, 13
21344, 12
21345, 8
21346, 3
21347, 10
21348, 5
21349, 7
21350, 9
21351, 7
21352, 4
21353, 8
21354, 6
21355, 7
21356, 11
21357, 6
21358, 10
21359, 5
21360, 10
21361, 8
21362, 10
21363, 7
21364, 4
21365, 7
21366, 9
21367, 4
21368, 5
21369, 12
21370, 6
21371, 3
21372, 6
21373, 7
21374, 7
21375, 13
21376, 10
21377, 5
21378, 7
21379, 5
21380, 4
21381, 7
21382, 4
21383, 6
21384, 8
21385, 11
21386, 5
21387, 4
21388, 7
21389, 2
21390, 8
21391, 5
21392, 7
21393, 2
21394, 5
21395, 6
21396, 6
21397, 5
21398, 6
21399, 7
21400, 10
21401, 6
21402, 6
21403, 6
21404, 9
21405, 4
21406, 9
21407, 6
21408, 5
21409, 8
21410, 9
21411, 4
21412, 10
21413, 5
21414, 5
21415, 6
21416, 7
21417, 3
21418, 2
21419, 5
21420, 11
21421, 10
21422, 5
21423, 3
21424, 8
21425, 10
21426, 5
21427, 6
21428, 10
21429, 6
21430, 8
21431, 4
21432, 6
21433, 5
21434, 9
21435, 6
21436, 5
21437, 7
21438, 7
21439, 5
21440, 13
21441, 7
21442, 5
21443, 11
21444, 4
21445, 3
21446, 9
21447, 6
21448, 5
21449, 5
21450, 9
21451, 3
21452, 2
21453, 5
21454, 8
21455, 11
21456, 5
21457, 7
21458, 6
21459, 8
21460, 7
21461, 9
21462, 5
21463, 14
21464, 5
21465, 3
21466, 10
21467, 9
21468, 7
21469, 7
21470, 8
21471, 5
21472, 3
21473, 5
21474, 8
21475, 8
21476, 10
21477, 5
21478, 7
21479, 4
21480, 7
21481, 3
21482, 4
21483, 4
21484, 5
21485, 4
21486, 8
21487, 3
21488, 16
21489, 5
21490, 3
21491, 4
21492, 7
21493, 6
21494, 1
21495, 8
21496, 5
21497, 6
21498, 8
21499, 7
21500, 5
21501, 3
21502, 6
21503, 6
21504, 8
21505, 7
21506, 4
21507, 6
21508, 2
21509, 8
21510, 3
21511, 9
21512, 8
21513, 3
21514, 6
21515, 10
21516, 8
21517, 9
21518, 9
21519, 6
21520, 8
21521, 5
21522, 6
21523, 5
21524, 2
21525, 11
21526, 5
21527, 10
21528, 11
21529, 2
21530, 9
21531, 13
21532, 6
21533, 8
21534, 6
21535, 6
21536, 4
21537, 9
21538, 10
21539, 7
21540, 5
21541, 6
21542, 6
21543, 3
21544, 4
21545, 8
21546, 8
21547, 4
21548, 6
21549, 8
21550, 6
21551, 8
21552, 8
21553, 7
21554, 7
21555, 7
21556, 7
21557, 5
21558, 4
21559, 8
21560, 6
21561, 2
21562, 5
21563, 9
21564, 12
21565, 6
21566, 6
21567, 4
21568, 10
21569, 9
21570, 6
21571, 2
21572, 8
21573, 8
21574, 6
21575, 7
21576, 6
21577, 4
21578, 8
21579, 3
21580, 4
21581, 3
21582, 4
21583, 2
21584, 12
21585, 6
21586, 7
21587, 6
21588, 4
21589, 7
21590, 3
21591, 6
21592, 2
21593, 7
21594, 11
21595, 2
21596, 8
21597, 8
21598, 2
21599, 3
21600, 9
21601, 6
21602, 6
21603, 7
21604, 5
21605, 5
21606, 9
21607, 3
21608, 5
21609, 9
21610, 6
21611, 5
21612, 1
21613, 4
21614, 7
21615, 10
21616, 2
21617, 4
21618, 8
21619, 6
21620, 8
21621, 1
21622, 4
21623, 5
21624, 3
21625, 4
21626, 10
21627, 5
21628, 8
21629, 4
21630, 6
21631, 5
21632, 3
21633, 5
21634, 5
21635, 5
21636, 4
21637, 7
21638, 8
21639, 5
21640, 6
21641, 5
21642, 4
21643, 10
21644, 7
21645, 3
21646, 9
21647, 2
21648, 6
21649, 5
21650, 7
21651, 7
21652, 3
21653, 6
21654, 5
21655, 5
21656, 4
21657, 4
21658, 6
21659, 2
21660, 3
21661, 4
21662, 7
21663, 6
21664, 6
21665, 9
21666, 10
21667, 10
21668, 8
21669, 5
21670, 6
21671, 3
21672, 1
21673, 5
21674, 5
21675, 6
21676, 8
21677, 5
21678, 4
21679, 8
21680, 10
21681, 3
21682, 10
21683, 5
21684, 6
21685, 6
21686, 4
21687, 6
21688, 4
21689, 1
21690, 2
21691, 2
21692, 6
21693, 6
21694, 4
21695, 5
21696, 6
21697, 3
21698, 5
21699, 2
21700, 2
21701, 8
21702, 10
21703, 6
21704, 5
21705, 1
21706, 6
21707, 7
21708, 7
21709, 8
21710, 6
21711, 5
21712, 6
21713, 6
21714, 5
21715, 3
21716, 8
21717, 2
21718, 9
21719, 4
21720, 2
21721, 8
21722, 8
21723, 6
21724, 6
21725, 7
21726, 4
21727, 4
21728, 6
21729, 5
21730, 3
21731, 7
21732, 7
21733, 6
21734, 6
21735, 6
21736, 8
21737, 4
21738, 3
21739, 9
21740, 12
21741, 3
21742, 7
21743, 5
21744, 3
21745, 4
21746, 4
21747, 4
21748, 7
21749, 3
21750, 4
21751, 6
21752, 5
21753, 6
21754, 3
21755, 5
21756, 4
21757, 3
21758, 5
21759, 4
21760, 5
21761, 10
21762, 3
21763, 5
21764, 7
21765, 3
21766, 6
21767, 8
21768, 9
21769, 7
21770, 4
21771, 3
21772, 4
21773, 6
21774, 4
21775, 4
21776, 7
21777, 6
21778, 4
21779, 4
21780, 5
21781, 1
21782, 6
21783, 3
21784, 10
21785, 6
21786, 5
21787, 4
21788, 10
21789, 6
21790, 5
21791, 9
21792, 2
21793, 2
21794, 3
21795, 5
21796, 10
21797, 11
21798, 4
21799, 7
21800, 7
21801, 10
21802, 6
21803, 6
21804, 8
21805, 5
21806, 9
21807, 5
21808, 4
21809, 1
21810, 3
21811, 5
21812, 2
21813, 2
21814, 3
21815, 7
21816, 6
21817, 5
21818, 4
21819, 7
21820, 8
21821, 5
21822, 5
21823, 4
21824, 4
21825, 4
21826, 3
21827, 5
21828, 8
21829, 9
21830, 5
21831, 3
21832, 1
21833, 5
21834, 5
21835, 6
21836, 2
21837, 4
21838, 8
21839, 2
21840, 9
21841, 6
21842, 6
21843, 7
21844, 7
21845, 4
21846, 5
21847, 2
21848, 6
21849, 2
21850, 5
21851, 7
21852, 5
21853, 9
21854, 8
21855, 5
21856, 2
21857, 10
21858, 7
21859, 9
21860, 1
21861, 5
21862, 7
21863, 5
21864, 5
21865, 3
21866, 7
21867, 3
21868, 1
21869, 7
21870, 6
21871, 5
21872, 3
21873, 4
21874, 3
21875, 8
21876, 2
21877, 4
21878, 3
21879, 7
21880, 6
21881, 5
21882, 5
21883, 7
21884, 4
21885, 3
21886, 12
21887, 4
21888, 6
21889, 6
21890, 5
21891, 5
21892, 6
21893, 4
21894, 4
21895, 5
21896, 6
21897, 6
21898, 6
21899, 7
21900, 5
21901, 5
21902, 5
21903, 5
21904, 8
21905, 6
21906, 3
21907, 7
21908, 8
21909, 5
21910, 7
21911, 3
21912, 5
21913, 5
21914, 5
21915, 3
21916, 8
21917, 6
21918, 5
21919, 3
21920, 5
21921, 3
21922, 6
21923, 2
21924, 6
21925, 6
21926, 5
21927, 4
21928, 3
21929, 2
21930, 10
21931, 2
21932, 3
21933, 13
21934, 5
21935, 5
21936, 3
21937, 3
21938, 6
21939, 8
21940, 4
21941, 5
21942, 5
21943, 7
21944, 6
21945, 6
21946, 4
21947, 5
21948, 4
21949, 4
21950, 3
21951, 7
21952, 5
21953, 8
21954, 6
21955, 1
21956, 5
21957, 8
21958, 5
21959, 3
21960, 4
21961, 6
21962, 4
21963, 4
21964, 5
21965, 3
21966, 2
21967, 2
21968, 3
21969, 8
21970, 7
21971, 6
21972, 4
21973, 4
21974, 5
21975, 4
21976, 4
21977, 2
21978, 8
21979, 6
21980, 6
21981, 8
21982, 1
21983, 6
21984, 2
21986, 4
21987, 2
21988, 4
21989, 3
21990, 3
21991, 6
21992, 6
21993, 3
21994, 4
21995, 7
21996, 5
21997, 8
21998, 4
21999, 5
22000, 4
22001, 7
22002, 3
22003, 4
22004, 3
22005, 1
22006, 5
22007, 2
22008, 4
22009, 1
22010, 2
22011, 7
22012, 6
22013, 4
22014, 4
22015, 4
22016, 7
22017, 6
22018, 6
22019, 5
22020, 8
22021, 3
22022, 1
22023, 5
22024, 8
22025, 4
22026, 9
22027, 6
22028, 5
22029, 10
22030, 5
22031, 7
22032, 4
22033, 5
22034, 3
22035, 1
22036, 5
22037, 1
22038, 5
22039, 8
22040, 8
22041, 3
22042, 7
22043, 5
22044, 6
22045, 7
22046, 3
22047, 5
22048, 1
22049, 6
22050, 4
22051, 6
22052, 4
22053, 2
22054, 5
22055, 6
22056, 4
22057, 7
22058, 3
22059, 6
22060, 2
22061, 5
22062, 3
22063, 4
22064, 3
22065, 1
22066, 5
22067, 7
22068, 4
22069, 2
22070, 2
22071, 7
22072, 2
22073, 1
22074, 2
22075, 4
22076, 3
22077, 5
22078, 2
22079, 2
22080, 3
22081, 3
22082, 5
22083, 2
22084, 5
22085, 4
22086, 4
22087, 3
22088, 3
22089, 4
22090, 5
22091, 5
22092, 4
22093, 3
22094, 6
22095, 1
22096, 2
22097, 1
22098, 1
22099, 5
22100, 5
22102, 3
22103, 5
22104, 3
22105, 5
22106, 4
22107, 2
22108, 1
22109, 2
22110, 4
22111, 6
22112, 1
22113, 2
22114, 4
22115, 2
22116, 5
22117, 4
22118, 2
22119, 2
22121, 3
22122, 4
22123, 1
22124, 3
22125, 3
22126, 3
22127, 3
22128, 3
22129, 3
22130, 3
22131, 3
22132, 4
22133, 1
22134, 2
22135, 3
22136, 1
22137, 4
22138, 1
22139, 4
22140, 1
22141, 3
22142, 4
22144, 2
22145, 1
22146, 4
22147, 2
22148, 2
22149, 2
22150, 6
22151, 3
22152, 2
22153, 3
22154, 3
22155, 1
22156, 2
22157, 2
22158, 1
22159, 3
22160, 6
22161, 5
22163, 3
22164, 4
22165, 2
22166, 3
22169, 4
22171, 6
22172, 4
22173, 1
22174, 2
22175, 3
22176, 3
22177, 1
22178, 1
22179, 6
22180, 1
22181, 1
22182, 2
22183, 1
22184, 2
22185, 3
22186, 3
22187, 4
22188, 1
22189, 6
22190, 1
22191, 2
22192, 1
22193, 2
22194, 2
22195, 5
22197, 3
22198, 1
22199, 3
22200, 3
22201, 2
22202, 2
22203, 2
22204, 2
22205, 1
22206, 4
22207, 1
22208, 1
22209, 5
22210, 1
22211, 4
22212, 2
22213, 4
22214, 2
22215, 1
22216, 3
22218, 3
22219, 2
22220, 3
22221, 4
22222, 3
22223, 1
22224, 3
22225, 3
22226, 2
22228, 1
22229, 2
22230, 1
22231, 2
22232, 2
22233, 3
22234, 2
22235, 4
22238, 4
22239, 2
22241, 4
22242, 3
22243, 2
22244, 1
22245, 2
22247, 3
22248, 2
22249, 1
22250, 1
22251, 2
22252, 5
22253, 4
22256, 1
22257, 4
22258, 1
22259, 4
22260, 1
22262, 2
22263, 2
22264, 1
22267, 1
22269, 2
22270, 3
22271, 2
22272, 1
22273, 1
22274, 2
22275, 3
22278, 1
22279, 1
22280, 2
22281, 1
22283, 1
22284, 4
22286, 2
22287, 2
22289, 4
22290, 2
22291, 2
22293, 3
22294, 1
22296, 1
22297, 1
22298, 2
22302, 3
22304, 2
22306, 1
22307, 1
22309, 1
22310, 2
22311, 1
22313, 2
22317, 1
22318, 1
22319, 1
22322, 2
22324, 2
22325, 2
22326, 1
22327, 1
22330, 2
22331, 2
22333, 2
22334, 1
22335, 1
22338, 2
22339, 1
22340, 1
22345, 2
22347, 2
22349, 1
22351, 1
22355, 1
22357, 1
22360, 1
22361, 1
22362, 1
22365, 1
22367, 2
22369, 1
22370, 3
22374, 1
22378, 1
22379, 1
22380, 1
22382, 1
22383, 1
22386, 1
22387, 3
22388, 1
22390, 1
22391, 1
22394, 1
22395, 1
22397, 1
22398, 1
22399, 1
22402, 2
22403, 1
22404, 2
22410, 1
22411, 2
22416, 1
22418, 1
22421, 1
22422, 2
22423, 2
22424, 1
22425, 1
22427, 1
22432, 1
22441, 1
22446, 1
22447, 1
22448, 2
22451, 1
22458, 1
22459, 1
22466, 2
22472, 1
22478, 2
22480, 1
22491, 1
22507, 1
22512, 1
22520, 1
22526, 1
22529, 1
22539, 1
22542, 2
22551, 1
22553, 2
22568, 1
22572, 2
22575, 1
22579, 1
22581, 1
22589, 1
22597, 1
22604, 1
22609, 1
22617, 1
22621, 1
22623, 1
22628, 1
22636, 1
22643, 1
22650, 1
22653, 1
22654, 2
22663, 1
22668, 1
22677, 1
22687, 1
22702, 1
22714, 1
22718, 1
22722, 1
22726, 1
22737, 2
22741, 1
22742, 1
22743, 1
22746, 1
22750, 1
22751, 1
22755, 1
22764, 1
22768, 1
22771, 1
22773, 1
22774, 1
22776, 1
22778, 1
22779, 1
22791, 1
22808, 1
22816, 1
22825, 1
22826, 2
22830, 1
22834, 1
22837, 1
22845, 1
22849, 1
22855, 1
22860, 1
22866, 1
22867, 1
22871, 1
22874, 1
22875, 1
22878, 1
22904, 1
22906, 1
22907, 1
22916, 1
22919, 2
22922, 1
22929, 1
22934, 1
22943, 2
22947, 1
22954, 2
22957, 1
22969, 2
22973, 1
22974, 1
22982, 1
22992, 1
22993, 1
22994, 1
22996, 1
23023, 1
23040, 1
23043, 1
23050, 1
23064, 1
23065, 1
23074, 1
23080, 1
23083, 1
23085, 2
23087, 1
23088, 1
23094, 2
23098, 1
23106, 1
23125, 1
23129, 1
23131, 2
23134, 1
23141, 1
23149, 1
23150, 1
23156, 1
23161, 1
23163, 1
23164, 1
23174, 1
23190, 1
23196, 1
23211, 1
23212, 1
23222, 1
23224, 1
23226, 1
23227, 1
23237, 2
23252, 1
23255, 1
23257, 1
23263, 1
23265, 1
23273, 1
23281, 1
23283, 1
23288, 1
23292, 1
23302, 1
23305, 1
23306, 1
23311, 1
23320, 1
23326, 1
23333, 1
23337, 3
23347, 1
23352, 1
23361, 1
23371, 1
23402, 1
23410, 1
23421, 1
23427, 1
23430, 1
23434, 1
23435, 1
23437, 1
23446, 1
23452, 1
23455, 1
23460, 1
23461, 1
23463, 1
23474, 1
23494, 1
23509, 1
23510, 1
23514, 1
23521, 1
23539, 1
23550, 1
23559, 1
23577, 1
23602, 1
23618, 1
23653, 1
23656, 1
30516, 1
30518, 1
30530, 1
30531, 1
30560, 1
30567, 1
30578, 1
30600, 1
30610, 1
30626, 1
30632, 1
30647, 1
30649, 1
30662, 2
30663, 1
30673, 2
30679, 1
30682, 1
30688, 1
30692, 1
30693, 1
30699, 1
30701, 1
30709, 1
30711, 1
30717, 1
30725, 1
30729, 1
30738, 1
30743, 1
30747, 1
30750, 1
30757, 1
30763, 1
30769, 1
30773, 1
30774, 2
30777, 1
30788, 1
30789, 1
30797, 1
30807, 1
30821, 2
30822, 1
30825, 1
30831, 1
30834, 1
30838, 1
30841, 1
30846, 1
30850, 1
30857, 2
30861, 1
30862, 1
30866, 1
30869, 1
30870, 1
30871, 1
30874, 1
30875, 1
30879, 1
30883, 1
30888, 1
30891, 1
30895, 1
30897, 1
30898, 1
30899, 2
30901, 1
30905, 1
30911, 1
30914, 1
30915, 2
30924, 1
30927, 1
30928, 3
30930, 1
30945, 4
30950, 3
30956, 1
30958, 1
30965, 1
30968, 1
30970, 1
30973, 1
30974, 1
30983, 1
30986, 1
30988, 1
30990, 1
30993, 1
30995, 1
30998, 2
31000, 1
31006, 2
31011, 2
31014, 2
31015, 1
31024, 1
31025, 1
31026, 1
31028, 1
31036, 1
31039, 1
31040, 1
31043, 1
31049, 1
31052, 1
31053, 1
31055, 1
31062, 1
31065, 1
31067, 1
31068, 1
31070, 1
31072, 1
31073, 1
31074, 1
31075, 2
31077, 1
31081, 1
31083, 1
31087, 1
31088, 1
31089, 1
31090, 1
31093, 2
31094, 1
31096, 1
31097, 1
31101, 1
31102, 3
31110, 1
31111, 1
31113, 1
31114, 1
31115, 1
31117, 1
31120, 2
31121, 1
31123, 1
31124, 1
31126, 1
31143, 1
31147, 1
31153, 1
31157, 1
31160, 1
31163, 1
31166, 1
31173, 1
31175, 2
31180, 1
31183, 1
31185, 1
31189, 1
31191, 1
31194, 1
31195, 1
31197, 1
31201, 1
31202, 3
31205, 2
31208, 1
31209, 1
31215, 2
31217, 1
31226, 1
31227, 1
31228, 1
31229, 1
31245, 2
31246, 1
31249, 1
31251, 1
31252, 1
31254, 1
31258, 1
31262, 1
31263, 1
31264, 2
31267, 1
31270, 2
31272, 2
31276, 2
31279, 1
31282, 1
31283, 2
31289, 1
31294, 1
31296, 1
31297, 1
31310, 2
31311, 2
31313, 1
31314, 1
31316, 1
31318, 1
31320, 1
31322, 1
31329, 1
31331, 1
31332, 1
31337, 1
31342, 1
31345, 1
31346, 2
31356, 1
31357, 1
31360, 1
31375, 1
31376, 1
31381, 1
31383, 1
31385, 1
31386, 1
31389, 1
31393, 2
31398, 1
31401, 2
31408, 1
31409, 2
31411, 1
31415, 1
31417, 1
31421, 1
31425, 2
31426, 2
31429, 1
31432, 1
31433, 1
31437, 1
31440, 1
31446, 2
31447, 1
31449, 1
31452, 1
31453, 1
31457, 3
31466, 1
31476, 3
31481, 1
31489, 1
31490, 1
31492, 1
31503, 1
31505, 2
31507, 1
31508, 1
31515, 1
31518, 2
31519, 1
31522, 1
31525, 1
31530, 1
31533, 1
31541, 2
31548, 1
31549, 1
31551, 1
31553, 1
31554, 2
31555, 1
31556, 1
31558, 2
31562, 1
31564, 1
31567, 1
31568, 1
31572, 1
31576, 1
31580, 1
31581, 3
31582, 1
31585, 1
31592, 1
31595, 2
31599, 2
31601, 1
31608, 1
31610, 1
31611, 1
31612, 2
31614, 1
31627, 1
31628, 1
31629, 3
31633, 2
31634, 1
31640, 1
31649, 1
31652, 1
31653, 1
31658, 1
31659, 2
31668, 2
31669, 1
31671, 1
31673, 2
31675, 1
31677, 1
31678, 1
31681, 1
31682, 1
31684, 1
31687, 1
31696, 1
31698, 1
31699, 1
31701, 2
31710, 1
31716, 1
31720, 1
31727, 1
31730, 1
31733, 1
31735, 1
31737, 1
31738, 1
31739, 1
31746, 1
31749, 1
31751, 2
31753, 1
31754, 1
31755, 1
31757, 1
31758, 2
31760, 1
31765, 1
31768, 1
31770, 1
31771, 1
31772, 1
31776, 1
31777, 1
31778, 1
31780, 1
31784, 1
31786, 2
31790, 1
31795, 2
31796, 1
31797, 1
31799, 1
31800, 1
31803, 1
31807, 1
31808, 1
31809, 2
31813, 1
31815, 1
31825, 1
31827, 1
31832, 1
31836, 1
31842, 1
31844, 1
31847, 1
31850, 1
31853, 1
31854, 1
31856, 1
31859, 2
31866, 1
31867, 1
31869, 1
31874, 1
31875, 1
31878, 1
31885, 1
31889, 1
31890, 1
31891, 1
31892, 1
31896, 1
31897, 1
31899, 2
31900, 1
31901, 1
31910, 1
31911, 1
31912, 1
31915, 1
31929, 2
31932, 1
31933, 1
31934, 1
31935, 1
31938, 1
31940, 1
31948, 2
31949, 2
31953, 2
31956, 1
31957, 1
31959, 1
31961, 1
31962, 1
31966, 1
31967, 2
31973, 1
31978, 1
31980, 2
31992, 1
31994, 3
31998, 1
32000, 1
32002, 1
32004, 2
32006, 1
32014, 1
32015, 1
32016, 1
32021, 1
32022, 1
32025, 1
32028, 1
32030, 2
32040, 1
32043, 1
32056, 1
32059, 1
32060, 2
32065, 1
32066, 1
32068, 1
32071, 1
32074, 1
32075, 1
32076, 1
32080, 1
32085, 1
32090, 1
32092, 1
32093, 2
32095, 1
32096, 1
32105, 2
32108, 1
32109, 2
32111, 1
32113, 1
32115, 1
32117, 1
32119, 1
32120, 1
32123, 1
32130, 1
32131, 2
32137, 1
32141, 3
32150, 1
32155, 1
32158, 1
32159, 1
32160, 3
32165, 1
32175, 1
32184, 1
32187, 1
32188, 1
32189, 1
32199, 1
32200, 1
32202, 1
32205, 1
32209, 2
32214, 1
32216, 1
32223, 1
32224, 1
32228, 1
32230, 1
32233, 2
32236, 1
32237, 1
32238, 1
32241, 1
32242, 1
32245, 2
32247, 1
32250, 1
32252, 1
32255, 1
32259, 1
32262, 1
32263, 2
32265, 2
32268, 1
32272, 1
32275, 1
32278, 1
32279, 1
32283, 1
32284, 1
32292, 1
32294, 1
32295, 1
32297, 2
32298, 1
32307, 1
32312, 1
32313, 2
32318, 1
32319, 1
32324, 1
32326, 1
32332, 1
32336, 1
32337, 1
32341, 1
32342, 1
32343, 1
32345, 1
32350, 1
32351, 1
32354, 1
32355, 1
32356, 1
32357, 1
32358, 1
32360, 1
32365, 1
32367, 2
32371, 1
32379, 1
32380, 1
32381, 1
32384, 1
32392, 1
32393, 1
32395, 1
32407, 1
32409, 1
32412, 1
32417, 1
32419, 1
32422, 1
32427, 1
32429, 1
32430, 1
32433, 1
32436, 2
32440, 1
32442, 1
32443, 2
32445, 1
32448, 1
32451, 1
32452, 1
32454, 2
32456, 1
32457, 1
32458, 2
32460, 1
32461, 2
32465, 1
32466, 1
32470, 2
32478, 2
32479, 1
32480, 1
32481, 1
32483, 1
32485, 1
32490, 1
32492, 2
32493, 1
32507, 1
32509, 2
32515, 1
32516, 1
32521, 1
32524, 1
32528, 1
32531, 1
32535, 1
32536, 1
32541, 1
32542, 1
32543, 1
32548, 1
32553, 1
32557, 1
32558, 1
32562, 2
32563, 1
32565, 1
32568, 1
32570, 2
32573, 1
32575, 1
32576, 1
32579, 1
32581, 1
32582, 2
32585, 1
32594, 2
32597, 1
32602, 1
32612, 1
32615, 1
32617, 1
32618, 1
32619, 1
32622, 1
32623, 1
32624, 1
32628, 1
32629, 1
32631, 1
32632, 2
32636, 1
32637, 1
32639, 1
32640, 1
32643, 1
32645, 1
32646, 1
32649, 1
32651, 1
32656, 1
32661, 1
32664, 2
32672, 1
32675, 1
32677, 1
32678, 2
32684, 1
32687, 2
32688, 1
32698, 1
32699, 1
32700, 1
32705, 1
32713, 1
32714, 2
32720, 1
32724, 2
32731, 1
32739, 1
32742, 1
32745, 1
32747, 1
32748, 1
32750, 1
32751, 1
32753, 1
32757, 1
32759, 1
32760, 1
32765, 1
32769, 1
32772, 1
32775, 1
32779, 1
32780, 1
32790, 2
32792, 2
32796, 1
32797, 1
32802, 1
32803, 1
32813, 1
32814, 1
32824, 1
32843, 2
32844, 1
32856, 1
32870, 1
32872, 1
32876, 1
32882, 1
32883, 1
32886, 1
32892, 1
32897, 1
32901, 1
32916, 1
32918, 1
32920, 1
32924, 1
32926, 1
32930, 1
32936, 1
32947, 1
32949, 1
32950, 1
32958, 1
32962, 1
32966, 2
32967, 1
32975, 1
32978, 1
32979, 1
32980, 1
32996, 1
33001, 2
33006, 1
33020, 1
33025, 1
33037, 1
33041, 1
33042, 1
33050, 2
33062, 1
33063, 1
33066, 1
33067, 1
33075, 1
33095, 1
33116, 1
35361, 1
35368, 1
35369, 1
35386, 1
35399, 1
35410, 1
35423, 1
35447, 1
35457, 2
35465, 1
35487, 1
35494, 1
35503, 1
35518, 1
35519, 2
35524, 1
35527, 1
35534, 1
35546, 1
35561, 1
35569, 2
35571, 1
35578, 1
35580, 3
35584, 1
35600, 1
35603, 2
35608, 1
35611, 1
35612, 3
35623, 1
35637, 1
35639, 1
35648, 1
35652, 1
35658, 1
35659, 1
35664, 1
35667, 1
35672, 1
35676, 1
35678, 2
35685, 1
35691, 1
35693, 1
35695, 1
35701, 1
35702, 1
35704, 1
35705, 1
35707, 2
35711, 1
35712, 1
35720, 1
35723, 1
35724, 1
35730, 1
35732, 1
35734, 1
35753, 1
35757, 2
35759, 3
35773, 3
35780, 1
35782, 1
35783, 1
35784, 1
35786, 1
35796, 1
35806, 1
35807, 1
35815, 4
35817, 1
35818, 1
35821, 1
35829, 2
35830, 2
35832, 2
35839, 3
35844, 1
35845, 2
35846, 1
35847, 1
35850, 1
35852, 1
35856, 1
35860, 1
35861, 1
35863, 1
35866, 1
35867, 1
35870, 1
35873, 1
35874, 1
35886, 1
35892, 1
35894, 2
35896, 1
35897, 1
35905, 1
35907, 1
35910, 3
35911, 1
35917, 1
35929, 1
35931, 1
35934, 1
35938, 1
35940, 2
35941, 1
35943, 1
35946, 1
35947, 1
35952, 1
35960, 1
35961, 1
35963, 1
35964, 2
35965, 1
35967, 1
35968, 1
35969, 1
35970, 1
35976, 1
35977, 1
35988, 1
35996, 1
35999, 1
36000, 1
36004, 1
36005, 3
36010, 2
36013, 1
36014, 2
36017, 1
36023, 2
36030, 1
36040, 1
36042, 2
36045, 2
36048, 2
36050, 1
36051, 2
36053, 1
36054, 1
36060, 1
36061, 1
36063, 1
36065, 1
36066, 1
36069, 1
36072, 1
36080, 1
36084, 1
36086, 1
36090, 1
36093, 1
36095, 1
36107, 1
36112, 1
36114, 2
36126, 2
36127, 1
36128, 1
36131, 1
36133, 2
36135, 1
36136, 2
36137, 1
36138, 1
36140, 1
36142, 1
36143, 1
36144, 1
36146, 1
36155, 1
36157, 1
36163, 1
36165, 1
36167, 1
36169, 1
36172, 2
36177, 3
36179, 2
36181, 1
36182, 2
36186, 2
36187, 1
36190, 1
36198, 1
36202, 2
36209, 1
36216, 1
36219, 1
36224, 1
36231, 1
36233, 2
36236, 1
36242, 1
36247, 1
36250, 1
36255, 1
36261, 1
36264, 2
36278, 1
36280, 2
36281, 1
36284, 1
36285, 1
36286, 1
36287, 2
36288, 2
36290, 2
36295, 1
36296, 2
36297, 2
36299, 2
36300, 2
36304, 2
36305, 1
36307, 1
36313, 2
36316, 1
36321, 1
36323, 2
36329, 1
36332, 1
36343, 1
36347, 1
36348, 2
36352, 1
36353, 1
36357, 1
36360, 1
36369, 1
36373, 2
36375, 1
36376, 1
36378, 1
36382, 1
36385, 2
36386, 1
36388, 1
36389, 1
36391, 1
36396, 3
36407, 1
36408, 2
36414, 1
36418, 1
36423, 1
36424, 1
36427, 3
36428, 1
36432, 1
36443, 2
36445, 1
36449, 1
36450, 2
36455, 1
36457, 1
36464, 1
36465, 2
36466, 2
36467, 1
36469, 2
36470, 1
36488, 1
36493, 1
36499, 1
36500, 2
36502, 1
36504, 1
36505, 1
36512, 1
36513, 1
36514, 3
36515, 1
36516, 1
36522, 1
36523, 1
36529, 1
36531, 1
36534, 3
36535, 1
36537, 1
36542, 1
36546, 1
36550, 1
36551, 1
36553, 1
36558, 2
36567, 1
36577, 1
36578, 1
36584, 1
36593, 2
36594, 1
36596, 1
36598, 1
36602, 1
36604, 1
36606, 1
36614, 1
36617, 1
36619, 1
36622, 1
36624, 1
36628, 2
36629, 1
36630, 1
36641, 2
36645, 2
36647, 2
36648, 1
36649, 1
36650, 1
36651, 1
36652, 1
36653, 1
36654, 1
36660, 2
36661, 1
36665, 1
36668, 1
36672, 1
36679, 1
36681, 1
36682, 3
36683, 1
36684, 1
36686, 1
36687, 2
36688, 1
36690, 1
36694, 1
36697, 1
36699, 1
36707, 1
36710, 1
36720, 1
36726, 1
36728, 1
36732, 1
36734, 1
36735, 1
36738, 1
36744, 2
36745, 1
36749, 1
36750, 2
36757, 1
36765, 3
36767, 1
36769, 1
36778, 1
36779, 2
36783, 1
36798, 1
36802, 2
36803, 2
36811, 2
36812, 1
36814, 1
36817, 2
36820, 2
36821, 1
36822, 1
36825, 2
36831, 1
36837, 1
36841, 3
36843, 1
36846, 1
36852, 1
36853, 1
36854, 1
36855, 2
36860, 1
36861, 2
36862, 2
36866, 2
36871, 1
36875, 1
36881, 2
36890, 1
36891, 1
36893, 2
36897, 1
36899, 1
36902, 1
36905, 1
36906, 1
36908, 1
36911, 1
36914, 1
36915, 1
36916, 1
36919, 1
36927, 1
36934, 1
36935, 1
36937, 1
36945, 3
36948, 1
36952, 1
36957, 1
36959, 1
36961, 1
36964, 1
36970, 1
36971, 2
36972, 1
36973, 1
36974, 1
36976, 2
36979, 3
36981, 1
36983, 1
36984, 1
36987, 1
36988, 1
36997, 1
37003, 1
37006, 1
37007, 1
37016, 1
37018, 1
37028, 3
37030, 1
37031, 1
37034, 1
37037, 1
37040, 1
37044, 1
37045, 1
37046, 1
37048, 1
37049, 1
37051, 1
37052, 1
37055, 1
37058, 4
37062, 1
37068, 1
37070, 1
37074, 2
37076, 1
37080, 1
37085, 1
37092, 1
37094, 1
37101, 2
37114, 1
37116, 1
37122, 1
37124, 1
37125, 1
37128, 2
37130, 1
37133, 2
37140, 2
37146, 1
37148, 2
37149, 1
37150, 1
37151, 2
37152, 1
37153, 2
37163, 2
37171, 1
37174, 1
37180, 1
37183, 1
37184, 3
37185, 1
37186, 1
37188, 1
37189, 1
37196, 3
37197, 1
37198, 1
37199, 1
37200, 1
37201, 1
37206, 1
37215, 1
37216, 1
37217, 2
37219, 1
37221, 1
37222, 1
37228, 1
37229, 1
37238, 1
37242, 1
37250, 1
37251, 1
37253, 1
37259, 1
37262, 1
37264, 2
37266, 1
37278, 1
37279, 2
37280, 1
37285, 1
37295, 1
37298, 1
37300, 2
37307, 1
37308, 1
37311, 1
37314, 2
37318, 1
37324, 1
37331, 2
37332, 1
37333, 1
37337, 2
37339, 1
37340, 1
37344, 2
37345, 1
37348, 1
37349, 1
37363, 1
37364, 1
37365, 1
37366, 2
37368, 1
37370, 1
37372, 1
37373, 1
37378, 2
37379, 1
37383, 1
37391, 1
37392, 1
37398, 1
37399, 1
37403, 1
37406, 1
37410, 1
37411, 1
37412, 1
37418, 2
37419, 1
37420, 1
37421, 1
37422, 1
37428, 1
37432, 1
37436, 1
37437, 2
37440, 2
37441, 1
37442, 1
37448, 1
37451, 2
37455, 1
37460, 1
37467, 1
37474, 1
37481, 1
37482, 1
37486, 1
37489, 1
37494, 1
37495, 1
37498, 2
37499, 1
37503, 1
37505, 1
37508, 2
37510, 1
37514, 1
37516, 1
37523, 1
37526, 1
37532, 1
37533, 1
37535, 1
37536, 1
37538, 3
37539, 1
37541, 1
37543, 1
37544, 1
37545, 3
37549, 2
37565, 1
37570, 1
37573, 1
37574, 1
37575, 1
37577, 1
37579, 1
37587, 1
37590, 1
37597, 1
37610, 1
37618, 1
37620, 1
37621, 1
37622, 1
37628, 1
37648, 1
37654, 1
37657, 2
37661, 1
37662, 1
37663, 1
37666, 2
37672, 1
37680, 1
37688, 1
37689, 1
37691, 1
37710, 1
37714, 1
37715, 1
37720, 1
37723, 1
37735, 1
37737, 1
37740, 1
37741, 1
37743, 1
37746, 1
37752, 1
37753, 1
37757, 2
37759, 1
37777, 1
37785, 1
37798, 1
37808, 1
37811, 2
37816, 1
37823, 1
37833, 2
37834, 1
37835, 1
37837, 2
37880, 1
37881, 1
37889, 1
37890, 1
37897, 1
37912, 1
37926, 1
39141, 1
39210, 1
39216, 1
39218, 1
39233, 1
39248, 1
39254, 1
39281, 1
39282, 1
39287, 1
39299, 1
39317, 1
39329, 1
39332, 1
39348, 1
39365, 2
39368, 1
39383, 1
39387, 1
39393, 1
39398, 1
39399, 1
39405, 1
39412, 1
39421, 1
39442, 1
39443, 1
39445, 1
39446, 1
39449, 1
39467, 1
39473, 3
39474, 1
39479, 1
39480, 1
39482, 1
39490, 1
39498, 1
39502, 1
39503, 1
39514, 1
39516, 1
39517, 1
39519, 1
39521, 1
39522, 2
39526, 1
39530, 2
39531, 1
39533, 1
39536, 1
39544, 2
39545, 1
39548, 1
39554, 1
39556, 1
39557, 1
39558, 1
39560, 1
39570, 1
39571, 1
39572, 1
39575, 1
39576, 1
39580, 1
39584, 1
39588, 1
39597, 1
39601, 2
39603, 1
39607, 1
39609, 1
39610, 1
39611, 1
39616, 2
39617, 1
39618, 2
39619, 1
39622, 1
39629, 1
39630, 1
39632, 1
39636, 1
39637, 1
39639, 1
39641, 1
39643, 1
39644, 1
39646, 3
39658, 1
39663, 1
39664, 1
39665, 1
39666, 1
39667, 1
39678, 1
39680, 1
39681, 1
39685, 1
39693, 1
39695, 1
39698, 2
39701, 1
39706, 3
39708, 1
39717, 1
39718, 1
39722, 1
39730, 1
39736, 2
39742, 1
39745, 2
39750, 2
39754, 1
39756, 1
39761, 2
39762, 2
39764, 1
39766, 1
39769, 2
39779, 1
39782, 1
39783, 1
39784, 1
39785, 1
39788, 1
39790, 1
39792, 1
39793, 2
39797, 2
39800, 2
39803, 1
39817, 2
39822, 1
39824, 1
39825, 2
39831, 1
39834, 1
39841, 1
39842, 1
39844, 2
39845, 1
39846, 1
39852, 1
39855, 1
39859, 1
39862, 1
39863, 1
39864, 1
39865, 1
39867, 1
39874, 1
39876, 1
39880, 1
39894, 1
39896, 1
39898, 2
39899, 1
39900, 2
39902, 1
39908, 1
39909, 1
39911, 2
39914, 2
39916, 1
39918, 1
39919, 2
39921, 1
39926, 1
39927, 2
39933, 1
39938, 1
39947, 2
39948, 1
39955, 1
39956, 1
39958, 1
39959, 1
39960, 1
39961, 1
39962, 2
39964, 1
39965, 1
39966, 1
39969, 1
39970, 1
39972, 1
39976, 1
39981, 1
39982, 1
39983, 1
39986, 1
39993, 1
40000, 1
40005, 3
40006, 1
40007, 1
40013, 1
40016, 1
40026, 1
40029, 1
40030, 1
40033, 1
40037, 1
40043, 1
40045, 1
40047, 2
40048, 2
40052, 1
40065, 1
40069, 1
40075, 1
40076, 1
40078, 1
40082, 1
40083, 1
40088, 1
40092, 1
40093, 1
40095, 1
40096, 1
40098, 1
40105, 1
40118, 1
40121, 1
40123, 1
40126, 2
40129, 1
40133, 1
40134, 1
40136, 1
40142, 1
40145, 1
40150, 1
40153, 1
40155, 1
40156, 4
40157, 1
40159, 1
40161, 1
40162, 1
40164, 2
40165, 1
40168, 2
40173, 1
40175, 1
40178, 1
40185, 1
40187, 1
40194, 1
40196, 2
40198, 1
40200, 1
40202, 1
40205, 1
40206, 2
40210, 1
40211, 1
40213, 1
40220, 1
40224, 1
40227, 1
40228, 1
40229, 2
40231, 1
40238, 1
40241, 2
40242, 1
40243, 1
40250, 1
40254, 1
40255, 2
40259, 2
40261, 1
40263, 1
40264, 1
40268, 1
40270, 1
40271, 1
40283, 1
40285, 2
40292, 1
40293, 1
40294, 2
40297, 1
40299, 1
40301, 3
40302, 3
40305, 1
40306, 1
40312, 1
40316, 1
40318, 1
40319, 1
40325, 1
40326, 1
40327, 1
40328, 1
40330, 2
40343, 2
40346, 1
40348, 1
40351, 1
40362, 1
40367, 1
40369, 1
40376, 1
40378, 2
40379, 1
40382, 1
40384, 1
40386, 1
40390, 1
40392, 1
40400, 1
40401, 1
40406, 1
40410, 1
40413, 1
40422, 2
40426, 1
40428, 1
40429, 1
40433, 1
40434, 2
40441, 3
40446, 1
40448, 2
40449, 1
40450, 1
40453, 1
40455, 2
40462, 1
40465, 1
40466, 1
40467, 1
40469, 1
40471, 1
40473, 1
40475, 1
40476, 1
40478, 1
40480, 1
40482, 1
40485, 1
40487, 1
40500, 1
40501, 1
40502, 1
40506, 1
40508, 1
40509, 2
40511, 1
40515, 1
40518, 1
40524, 2
40528, 2
40529, 1
40535, 1
40537, 1
40538, 1
40542, 1
40549, 2
40550, 1
40551, 1
40558, 1
40559, 1
40560, 1
40565, 1
40578, 1
40579, 1
40581, 2
40583, 1
40584, 1
40586, 1
40592, 1
40593, 1
40594, 2
40597, 1
40599, 1
40601, 2
40604, 2
40610, 1
40611, 2
40616, 1
40618, 1
40622, 1
40631, 3
40640, 1
40641, 1
40642, 1
40644, 1
40645, 2
40646, 2
40647, 1
40649, 1
40650, 1
40652, 1
40656, 1
40659, 1
40665, 2
40666, 1
40667, 1
40677, 1
40684, 1
40687, 1
40688, 1
40690, 3
40697, 1
40700, 1
40709, 1
40712, 1
40714, 2
40721, 1
40725, 1
40732, 2
40733, 1
40735, 1
40749, 1
40750, 1
40754, 1
40755, 1
40758, 1
40759, 1
40760, 1
40761, 1
40765, 1
40767, 2
40773, 1
40774, 1
40779, 1
40780, 2
40788, 1
40805, 1
40806, 2
40810, 2
40813, 1
40814, 1
40816, 1
40817, 1
40827, 1
40831, 1
40834, 1
40836, 1
40838, 1
40839, 1
40840, 1
40841, 1
40842, 1
40844, 1
40846, 1
40847, 2
40848, 1
40849, 1
40852, 1
40853, 1
40857, 1
40861, 1
40862, 1
40869, 1
40870, 1
40878, 2
40879, 1
40881, 1
40885, 2
40886, 1
40889, 2
40890, 1
40893, 1
40894, 1
40897, 1
40904, 1
40908, 1
40912, 3
40916, 1
40921, 1
40924, 1
40925, 3
40928, 1
40930, 2
40933, 1
40938, 1
40940, 2
40942, 1
40944, 1
40947, 1
40948, 1
40953, 1
40956, 1
40967, 1
40968, 1
40969, 1
40972, 1
40975, 1
40977, 2
40979, 1
40981, 2
40984, 1
40985, 2
40986, 3
40988, 1
40998, 1
41000, 1
41004, 1
41008, 1
41009, 1
41011, 1
41015, 1
41018, 1
41026, 2
41030, 2
41032, 1
41034, 1
41045, 2
41053, 1
41056, 1
41060, 1
41062, 1
41063, 1
41064, 1
41066, 1
41067, 1
41068, 1
41070, 1
41075, 1
41076, 1
41090, 1
41092, 1
41094, 1
41104, 1
41105, 2
41110, 1
41112, 1
41113, 1
41117, 1
41118, 1
41121, 1
41124, 1
41126, 1
41130, 3
41131, 2
41134, 1
41137, 2
41139, 2
41141, 1
41146, 1
41149, 1
41150, 1
41151, 1
41153, 1
41157, 2
41159, 1
41161, 1
41166, 2
41168, 1
41171, 2
41184, 1
41185, 1
41191, 1
41193, 2
41194, 1
41198, 1
41202, 1
41207, 1
41209, 1
41212, 1
41213, 1
41214, 1
41219, 1
41220, 1
41226, 1
41231, 1
41232, 2
41234, 1
41242, 1
41248, 1
41261, 1
41263, 2
41266, 1
41267, 2
41268, 1
41269, 1
41276, 1
41277, 1
41278, 1
41279, 1
41281, 2
41284, 1
41285, 1
41287, 2
41289, 1
41294, 1
41295, 1
41296, 1
41300, 1
41301, 1
41306, 1
41314, 2
41315, 2
41323, 1
41324, 1
41326, 1
41328, 2
41329, 1
41330, 1
41331, 1
41332, 1
41333, 1
41336, 1
41337, 1
41339, 1
41348, 1
41349, 1
41350, 1
41362, 1
41370, 1
41372, 2
41373, 1
41374, 2
41380, 1
41384, 1
41394, 2
41397, 1
41401, 1
41405, 1
41407, 1
41415, 1
41416, 1
41432, 1
41434, 1
41438, 2
41441, 1
41444, 1
41449, 2
41457, 1
41463, 1
41472, 1
41488, 1
41489, 1
41491, 1
41494, 1
41497, 1
41500, 1
41510, 1
41514, 1
41522, 2
41525, 2
41527, 1
41530, 1
41531, 1
41532, 1
41535, 1
41536, 1
41541, 1
41544, 1
41546, 3
41560, 1
41561, 1
41568, 1
41574, 2
41578, 1
41581, 1
41591, 1
41595, 1
41608, 1
41611, 1
41613, 1
41623, 2
41627, 1
41635, 1
41639, 1
41648, 1
41652, 1
41655, 1
41661, 1
41669, 1
41679, 1
41681, 1
41687, 1
41696, 1
41697, 2
41698, 1
41712, 1
41749, 1
41757, 1
41787, 1
41796, 1
41814, 1
41820, 1
41836, 1
41843, 1
41852, 1
41864, 1
41866, 1
41867, 1
41871, 1
41886, 1
41907, 1
41910, 1
41920, 1
41921, 1
41929, 2
41942, 1
41943, 1
41967, 2
41972, 1
41982, 1
41997, 2
41998, 1
42009, 1
42013, 1
42014, 1
42022, 1
42026, 1
42030, 1
42041, 1
42047, 1
42049, 1
42052, 1
42053, 1
42057, 1
42060, 1
42070, 1
42071, 1
42081, 1
42083, 1
42086, 1
42091, 2
42094, 1
42096, 1
42100, 1
42101, 1
42105, 2
42107, 1
42125, 1
42139, 1
42140, 1
42153, 1
42154, 1
42155, 1
42170, 1
42172, 1
42177, 2
42180, 1
42181, 1
42187, 2
42188, 1
42190, 1
42191, 1
42201, 1
42204, 3
42210, 1
42216, 2
42217, 1
42219, 1
42225, 1
42238, 1
42241, 1
42244, 2
42246, 2
42248, 1
42252, 1
42260, 1
42262, 1
42271, 1
42272, 1
42274, 1
42275, 1
42277, 1
42283, 1
42285, 1
42286, 1
42287, 1
42291, 1
42293, 2
42294, 1
42303, 1
42305, 1
42309, 3
42314, 1
42316, 1
42323, 1
42325, 1
42327, 1
42328, 1
42331, 1
42335, 1
42337, 1
42339, 2
42341, 1
42343, 1
42347, 1
42349, 2
42351, 1
42353, 1
42358, 1
42362, 1
42363, 1
42366, 1
42369, 2
42373, 1
42378, 1
42380, 1
42382, 1
42385, 1
42387, 1
42388, 1
42389, 1
42390, 1
42391, 1
42396, 1
42397, 1
42398, 1
42400, 1
42403, 1
42405, 1
42408, 2
42414, 1
42418, 1
42422, 1
42429, 1
42430, 1
42435, 1
42450, 1
42453, 1
42462, 1
42466, 1
42469, 2
42473, 1
42481, 2
42482, 1
42486, 2
42487, 1
42491, 1
42492, 1
42494, 1
42496, 1
42497, 1
42499, 1
42500, 1
42501, 1
42502, 1
42503, 1
42506, 2
42512, 1
42513, 1
42514, 1
42517, 1
42519, 1
42525, 1
42528, 2
42532, 1
42533, 1
42541, 1
42549, 1
42551, 1
42556, 1
42558, 2
42561, 1
42563, 1
42564, 1
42565, 1
42567, 1
42569, 1
42573, 1
42575, 1
42576, 1
42577, 1
42580, 1
42581, 1
42582, 1
42583, 1
42584, 1
42585, 1
42588, 1
42593, 2
42594, 1
42597, 1
42604, 1
42608, 1
42611, 1
42613, 1
42622, 2
42626, 1
42627, 1
42628, 1
42630, 1
42634, 1
42646, 1
42650, 1
42651, 2
42652, 2
42655, 1
42657, 1
42660, 2
42665, 2
42666, 2
42669, 2
42670, 1
42671, 1
42677, 1
42679, 1
42681, 2
42684, 2
42688, 1
42697, 1
42703, 1
42708, 1
42709, 1
42710, 1
42713, 1
42715, 1
42724, 1
42736, 1
42737, 1
42739, 1
42740, 1
42742, 2
42744, 1
42751, 2
42753, 1
42755, 1
42757, 1
42759, 1
42760, 1
42761, 1
42766, 1
42767, 1
42769, 1
42774, 1
42775, 1
42778, 2
42780, 1
42785, 1
42786, 1
42787, 1
42788, 1
42790, 1
42791, 2
42792, 1
42793, 1
42810, 1
42811, 1
42816, 1
42819, 1
42823, 1
42826, 1
42828, 1
42834, 1
42836, 1
42837, 2
42838, 1
42843, 1
42846, 1
42853, 1
42856, 1
42857, 2
42859, 1
42860, 1
42861, 1
42863, 1
42865, 1
42870, 1
42871, 2
42876, 2
42878, 1
42880, 1
42890, 1
42898, 2
42901, 1
42903, 1
42905, 1
42910, 1
42912, 1
42915, 1
42917, 1
42920, 1
42922, 2
42924, 1
42930, 1
42934, 1
42940, 1
42942, 1
42946, 1
42947, 1
42950, 1
42952, 1
42955, 1
42956, 1
42957, 1
42959, 1
42961, 1
42967, 1
42969, 1
42970, 1
42972, 1
42976, 1
42977, 1
42978, 1
42982, 1
42986, 1
42988, 2
42992, 1
42993, 1
42999, 1
43001, 1
43006, 1
43009, 2
43011, 2
43020, 1
43022, 1
43023, 1
43027, 2
43031, 1
43032, 1
43033, 1
43035, 1
43036, 1
43041, 1
43045, 1
43047, 1
43049, 2
43051, 1
43053, 1
43054, 1
43058, 2
43067, 1
43075, 1
43079, 1
43084, 1
43086, 2
43088, 1
43092, 1
43095, 1
43097, 1
43098, 1
43099, 1
43102, 1
43107, 2
43110, 1
43115, 1
43116, 1
43121, 1
43125, 2
43127, 1
43131, 1
43133, 1
43136, 1
43139, 1
43141, 1
43152, 1
43153, 2
43156, 3
43157, 1
43167, 2
43169, 1
43170, 1
43174, 1
43178, 1
43179, 2
43183, 2
43184, 1
43185, 1
43186, 1
43187, 1
43188, 1
43191, 1
43193, 1
43195, 1
43196, 1
43205, 1
43211, 1
43217, 1
43219, 1
43226, 1
43227, 1
43231, 1
43233, 1
43240, 1
43241, 1
43243, 1
43244, 2
43247, 2
43248, 1
43259, 2
43260, 4
43261, 1
43266, 2
43267, 1
43269, 1
43277, 1
43282, 1
43283, 3
43292, 1
43299, 1
43304, 1
43305, 1
43306, 1
43310, 1
43311, 2
43313, 1
43319, 1
43323, 1
43328, 2
43334, 1
43335, 2
43339, 2
43344, 1
43345, 2
43348, 1
43354, 2
43357, 3
43361, 1
43364, 2
43370, 1
43373, 1
43381, 1
43386, 2
43388, 1
43390, 1
43392, 1
43393, 1
43398, 2
43401, 1
43407, 1
43412, 2
43416, 1
43418, 2
43420, 1
43425, 1
43428, 1
43432, 1
43434, 1
43438, 1
43442, 1
43444, 3
43445, 1
43446, 1
43449, 2
43452, 1
43454, 1
43459, 1
43461, 1
43469, 1
43473, 2
43475, 1
43477, 1
43484, 1
43488, 1
43490, 1
43493, 1
43498, 1
43499, 1
43508, 1
43509, 1
43510, 2
43511, 1
43514, 1
43517, 1
43518, 1
43520, 2
43529, 1
43539, 2
43540, 2
43542, 1
43544, 1
43545, 1
43551, 1
43554, 1
43555, 2
43557, 1
43560, 2
43561, 1
43562, 1
43563, 1
43566, 1
43573, 3
43583, 2
43585, 1
43588, 1
43595, 1
43602, 1
43604, 2
43609, 1
43616, 1
43618, 2
43620, 1
43622, 2
43624, 1
43625, 2
43626, 1
43631, 1
43633, 1
43634, 1
43638, 1
43639, 2
43642, 2
43645, 1
43646, 1
43651, 1
43652, 1
43654, 1
43656, 3
43660, 1
43663, 1
43665, 1
43667, 1
43678, 2
43684, 1
43685, 1
43691, 1
43692, 1
43693, 1
43697, 1
43699, 1
43705, 1
43706, 1
43707, 1
43710, 1
43715, 1
43716, 1
43718, 1
43719, 1
43732, 1
43735, 1
43737, 1
43740, 1
43741, 1
43747, 2
43753, 1
43756, 1
43758, 1
43759, 1
43765, 1
43767, 1
43769, 1
43772, 1
43773, 1
43777, 1
43778, 1
43781, 1
43782, 1
43787, 1
43788, 1
43790, 1
43793, 2
43798, 1
43801, 1
43805, 1
43807, 1
43809, 1
43815, 2
43816, 1
43817, 1
43826, 1
43830, 1
43837, 1
43840, 1
43846, 1
43848, 1
43849, 2
43854, 1
43858, 1
43859, 1
43861, 1
43862, 2
43863, 1
43865, 1
43866, 1
43870, 2
43872, 1
43874, 2
43887, 2
43896, 1
43900, 2
43901, 1
43903, 1
43908, 1
43909, 1
43910, 1
43915, 1
43917, 1
43918, 1
43919, 2
43921, 1
43926, 1
43929, 1
43931, 1
43937, 2
43941, 1
43942, 1
43944, 1
43947, 1
43949, 2
43951, 1
43955, 1
43956, 1
43958, 1
43961, 1
43962, 1
43965, 1
43969, 1
43971, 1
43972, 1
43979, 1
43981, 2
43993, 1
43994, 1
43995, 1
44011, 1
44016, 1
44018, 3
44019, 2
44024, 1
44027, 1
44028, 1
44029, 1
44033, 1
44034, 1
44037, 1
44040, 1
44048, 1
44049, 1
44052, 2
44056, 1
44062, 1
44075, 1
44078, 1
44081, 1
44085, 1
44091, 1
44101, 1
44103, 1
44108, 1
44111, 1
44113, 1
44115, 1
44121, 1
44125, 1
44127, 1
44132, 1
44134, 1
44136, 1
44148, 1
44154, 1
44158, 1
44167, 1
44174, 1
44180, 1
44182, 1
44186, 1
44190, 1
44191, 1
44193, 1
44195, 1
44200, 1
44204, 1
44206, 1
44213, 1
44224, 1
44240, 1
44245, 1
44256, 1
44263, 1
44267, 1
44289, 1
44292, 1
44298, 1
44303, 1
44310, 1
44314, 2
44322, 1
44326, 1
44328, 1
44360, 1
44367, 1
44375, 1
44378, 1
44379, 1
44390, 1
44399, 1
44409, 1
44413, 1
44415, 1
44417, 1
44447, 1
49813, 1
49833, 1
49875, 1
49907, 1
49925, 1
49929, 1
49939, 1
49945, 1
49969, 1
49972, 1
49980, 1
49993, 1
50011, 1
50012, 1
50013, 1
50016, 1
50024, 1
50030, 1
50033, 1
50051, 1
50056, 1
50073, 1
50077, 1
50080, 1
50087, 1
50090, 1
50091, 1
50093, 1
50096, 1
50097, 1
50103, 1
50104, 1
50107, 1
50110, 1
50113, 2
50114, 1
50118, 1
50127, 1
50134, 1
50136, 1
50137, 1
50143, 1
50144, 1
50145, 1
50157, 2
50161, 1
50165, 1
50166, 1
50167, 1
50169, 1
50170, 1
50173, 1
50175, 1
50180, 2
50181, 1
50189, 2
50196, 1
50198, 1
50200, 1
50207, 1
50211, 1
50214, 1
50220, 1
50221, 1
50222, 1
50226, 1
50228, 1
50230, 1
50234, 2
50236, 1
50237, 1
50238, 1
50241, 1
50246, 1
50251, 2
50254, 1
50258, 1
50259, 2
50262, 1
50265, 1
50277, 1
50278, 1
50280, 2
50281, 2
50282, 1
50284, 1
50285, 2
50288, 1
50289, 1
50298, 1
50310, 1
50313, 1
50316, 1
50317, 1
50321, 1
50322, 1
50334, 1
50337, 1
50341, 1
50342, 2
50343, 1
50344, 1
50345, 1
50346, 2
50347, 1
50350, 1
50354, 1
50355, 2
50357, 2
50360, 1
50366, 2
50369, 1
50370, 1
50371, 2
50384, 1
50386, 1
50388, 1
50390, 2
50393, 1
50394, 1
50396, 1
50397, 1
50402, 2
50403, 1
50408, 2
50414, 1
50415, 2
50416, 2
50417, 1
50420, 1
50422, 1
50428, 1
50433, 2
50434, 1
50435, 1
50437, 1
50441, 1
50445, 1
50452, 1
50455, 2
50456, 1
50459, 1
50466, 2
50468, 1
50477, 1
50489, 1
50496, 1
50497, 1
50498, 1
50501, 1
50507, 2
50512, 1
50513, 1
50516, 1
50517, 1
50518, 1
50529, 1
50531, 1
50532, 1
50533, 1
50537, 1
50538, 1
50541, 1
50545, 1
50553, 2
50556, 2
50558, 1
50561, 1
50570, 1
50580, 2
50581, 1
50582, 1
50583, 1
50590, 1
50592, 1
50595, 2
50600, 1
50602, 1
50604, 3
50608, 3
50616, 1
50619, 1
50624, 1
50629, 1
50633, 1
50641, 1
50643, 1
50647, 1
50649, 1
50650, 1
50651, 2
50654, 1
50656, 1
50657, 2
50658, 1
50662, 2
50664, 2
50665, 2
50666, 1
50676, 1
50680, 1
50681, 1
50682, 1
50685, 2
50687, 1
50689, 1
50693, 1
50694, 1
50695, 1
50696, 1
50697, 1
50699, 1
50702, 1
50703, 1
50704, 1
50714, 1
50715, 1
50716, 1
50717, 1
50721, 1
50724, 1
50725, 1
50737, 1
50742, 1
50744, 2
50746, 1
50754, 1
50756, 2
50757, 1
50760, 1
50761, 2
50763, 1
50767, 1
50772, 2
50774, 1
50779, 1
50780, 1
50782, 1
50785, 1
50789, 1
50790, 1
50793, 1
50794, 1
50798, 1
50803, 1
50811, 1
50813, 1
50817, 2
50819, 1
50822, 1
50829, 1
50830, 1
50840, 1
50850, 2
50854, 2
50856, 1
50864, 2
50868, 2
50872, 1
50874, 1
50876, 1
50880, 1
50882, 1
50884, 1
50885, 1
50887, 1
50890, 1
50891, 1
50895, 1
50897, 1
50903, 1
50904, 1
50907, 1
50910, 1
50918, 2
50921, 2
50922, 1
50925, 2
50928, 1
50930, 3
50933, 1
50934, 1
50935, 2
50937, 1
50943, 1
50944, 1
50945, 1
50946, 2
50957, 2
50959, 2
50962, 1
50964, 2
50966, 1
50968, 1
50972, 1
50973, 1
50980, 1
50983, 1
50984, 1
50992, 1
50994, 1
50995, 1
51000, 1
51005, 1
51006, 1
51008, 1
51011, 1
51012, 1
51017, 1
51018, 2
51021, 1
51024, 1
51026, 1
51029, 1
51032, 1
51036, 1
51037, 1
51038, 1
51042, 1
51043, 1
51050, 1
51055, 1
51056, 1
51061, 1
51068, 1
51070, 1
51073, 1
51074, 1
51075, 1
51076, 1
51077, 1
51080, 1
51085, 2
51087, 1
51091, 1
51093, 1
51098, 2
51099, 1
51100, 2
51104, 1
51106, 1
51107, 1
51112, 2
51113, 2
51118, 3
51124, 1
51133, 1
51135, 1
51138, 1
51139, 1
51140, 1
51143, 1
51150, 1
51156, 1
51161, 2
51168, 1
51172, 1
51178, 1
51179, 1
51180, 1
51181, 1
51184, 2
51186, 2
51187, 2
51192, 1
51196, 1
51197, 1
51199, 1
51204, 1
51208, 1
51211, 1
51214, 1
51216, 1
51221, 1
51225, 1
51230, 1
51233, 1
51237, 1
51238, 2
51239, 1
51240, 1
51258, 1
51261, 1
51265, 1
51266, 2
51268, 1
51274, 1
51276, 1
51277, 1
51279, 1
51285, 1
51286, 2
51292, 1
51293, 1
51294, 1
51296, 1
51298, 1
51303, 1
51307, 1
51312, 1
51314, 1
51317, 2
51325, 1
51328, 1
51335, 1
51336, 2
51337, 1
51339, 1
51340, 1
51342, 1
51344, 1
51345, 2
51348, 5
51351, 2
51357, 1
51358, 1
51360, 1
51363, 2
51365, 1
51371, 1
51373, 1
51377, 2
51378, 1
51380, 1
51381, 2
51382, 1
51385, 1
51386, 1
51396, 1
51399, 1
51400, 1
51404, 1
51406, 1
51408, 1
51415, 1
51423, 1
51425, 1
51427, 1
51428, 1
51437, 1
51439, 1
51441, 1
51443, 2
51444, 1
51446, 1
51448, 2
51458, 3
51461, 1
51462, 1
51463, 1
51467, 1
51468, 1
51469, 1
51473, 1
51475, 1
51477, 1
51479, 1
51481, 2
51487, 1
51502, 1
51505, 1
51510, 1
51512, 1
51513, 1
51529, 1
51533, 3
51534, 1
51536, 2
51548, 2
51549, 1
51551, 2
51557, 3
51562, 1
51564, 1
51574, 1
51579, 2
51585, 1
51587, 1
51590, 1
51593, 1
51598, 1
51603, 1
51604, 1
51608, 1
51612, 1
51613, 2
51614, 1
51615, 2
51617, 1
51618, 1
51619, 1
51620, 1
51621, 1
51627, 1
51628, 1
51629, 1
51630, 1
51632, 1
51633, 1
51639, 1
51641, 1
51644, 2
51646, 1
51649, 2
51650, 1
51656, 1
51657, 1
51664, 1
51667, 1
51675, 1
51676, 1
51678, 1
51682, 2
51690, 2
51691, 1
51692, 1
51693, 1
51702, 2
51704, 1
51705, 2
51706, 1
51708, 1
51709, 2
51711, 1
51715, 1
51716, 1
51721, 1
51723, 1
51725, 2
51735, 2
51737, 2
51738, 1
51739, 1
51745, 1
51751, 1
51752, 1
51755, 1
51758, 1
51759, 1
51761, 1
51765, 2
51768, 1
51769, 1
51771, 1
51776, 1
51781, 1
51782, 1
51783, 2
51787, 1
51788, 1
51790, 1
51791, 1
51796, 1
51797, 1
51801, 1
51804, 1
51805, 1
51809, 2
51816, 1
51819, 1
51822, 1
51823, 1
51826, 1
51840, 1
51841, 1
51844, 1
51845, 1
51851, 1
51856, 1
51862, 1
51864, 1
51865, 1
51866, 1
51867, 1
51868, 1
51870, 3
51876, 1
51877, 1
51884, 1
51886, 1
51887, 1
51888, 2
51895, 1
51898, 1
51900, 1
51901, 1
51913, 1
51920, 1
51921, 2
51924, 1
51926, 1
51929, 1
51935, 1
51944, 1
51948, 1
51950, 1
51951, 1
51956, 1
51961, 1
51963, 1
51968, 2
51969, 2
51976, 1
51977, 2
51979, 1
51983, 1
51987, 1
51988, 1
51990, 1
51995, 1
51996, 1
52001, 1
52009, 2
52014, 1
52017, 1
52018, 1
52019, 1
52020, 1
52022, 1
52023, 2
52024, 1
52029, 3
52031, 4
52034, 1
52035, 1
52039, 1
52041, 1
52045, 1
52047, 1
52052, 1
52053, 1
52057, 1
52059, 1
52062, 2
52063, 1
52064, 1
52065, 1
52066, 1
52070, 1
52075, 1
52081, 1
52082, 1
52083, 1
52084, 1
52089, 1
52098, 1
52103, 1
52105, 1
52108, 1
52111, 1
52121, 2
52124, 1
52125, 1
52127, 1
52128, 2
52131, 2
52141, 2
52142, 1
52145, 1
52146, 1
52150, 1
52156, 1
52158, 1
52161, 1
52164, 1
52165, 1
52171, 1
52187, 1
52194, 1
52196, 1
52216, 1
52218, 1
52219, 1
52231, 1
52232, 1
52240, 1
52248, 1
52253, 1
52257, 1
52258, 1
52271, 1
52272, 1
52274, 1
52277, 1
52279, 1
52281, 1
52287, 1
52298, 1
52301, 1
52310, 1
52332, 1
52392, 1
57611, 1
57672, 1
57674, 1
57682, 1
57701, 1
57714, 2
57718, 1
57720, 1
57721, 1
57723, 1
57734, 1
57738, 1
57745, 1
57751, 1
57783, 1
57785, 1
57806, 2
57807, 1
57821, 1
57824, 1
57827, 2
57839, 1
57841, 1
57857, 1
57864, 1
57870, 1
57873, 1
57878, 1
57895, 1
57896, 1
57899, 1
57900, 1
57909, 1
57910, 1
57915, 1
57916, 1
57928, 1
57938, 1
57942, 1
57943, 1
57944, 2
57964, 1
57967, 1
57968, 2
57971, 1
57976, 1
57979, 1
57983, 1
57988, 1
57992, 1
57997, 1
57998, 1
58007, 2
58015, 1
58023, 1
58024, 1
58025, 1
58029, 1
58033, 1
58045, 2
58047, 1
58048, 1
58049, 2
58055, 1
58056, 1
58058, 1
58059, 1
58060, 1
58069, 1
58071, 1
58073, 1
58075, 2
58079, 1
58083, 1
58087, 1
58091, 1
58095, 1
58097, 1
58099, 1
58101, 1
58102, 1
58118, 1
58119, 1
58126, 2
58127, 1
58135, 1
58137, 2
58139, 1
58147, 1
58148, 2
58153, 1
58155, 1
58158, 2
58159, 2
58162, 2
58163, 2
58173, 1
58180, 1
58181, 1
58182, 1
58184, 1
58185, 1
58188, 1
58191, 1
58193, 1
58199, 1
58201, 2
58203, 1
58207, 1
58210, 1
58216, 1
58219, 1
58221, 1
58223, 1
58224, 1
58226, 1
58228, 2
58231, 1
58233, 1
58236, 1
58240, 1
58241, 1
58245, 1
58248, 1
58254, 1
58255, 3
58259, 1
58263, 1
58268, 2
58275, 1
58280, 1
58281, 1
58282, 3
58290, 1
58302, 1
58304, 1
58305, 1
58309, 1
58310, 1
58312, 2
58316, 1
58317, 1
58318, 1
58322, 1
58323, 1
58327, 1
58328, 3
58330, 2
58331, 1
58332, 1
58338, 1
58342, 1
58345, 1
58355, 1
58361, 2
58362, 1
58363, 1
58366, 1
58367, 1
58371, 1
58377, 1
58382, 1
58386, 1
58388, 1
58398, 3
58404, 2
58407, 2
58409, 1
58413, 1
58414, 1
58416, 1
58418, 1
58421, 1
58425, 1
58427, 1
58428, 1
58430, 1
58434, 2
58437, 1
58439, 1
58441, 1
58443, 1
58448, 1
58449, 1
58452, 1
58454, 1
58457, 1
58472, 2
58474, 1
58478, 1
58484, 1
58485, 1
58489, 1
58490, 1
58492, 1
58493, 2
58494, 2
58499, 2
58505, 1
58506, 1
58507, 1
58508, 1
58510, 1
58513, 1
58523, 1
58524, 1
58525, 1
58528, 1
58531, 1
58532, 2
58534, 1
58539, 1
58541, 1
58542, 1
58549, 1
58552, 1
58556, 1
58562, 3
58563, 1
58566, 1
58567, 1
58568, 1
58574, 1
58576, 1
58581, 1
58582, 1
58584, 1
58586, 1
58594, 1
58595, 1
58598, 1
58600, 1
58604, 1
58607, 1
58610, 1
58611, 1
58628, 1
58638, 1
58640, 2
58641, 1
58647, 1
58648, 1
58650, 1
58651, 1
58653, 1
58654, 2
58659, 1
58660, 1
58662, 1
58667, 1
58670, 1
58672, 1
58678, 1
58679, 1
58680, 1
58681, 1
58683, 2
58685, 1
58686, 1
58688, 1
58691, 1
58693, 1
58698, 2
58704, 1
58705, 1
58707, 1
58708, 1
58709, 1
58712, 1
58713, 1
58718, 1
58729, 1
58731, 1
58732, 1
58734, 1
58740, 1
58741, 1
58745, 2
58747, 1
58748, 1
58752, 1
58758, 1
58759, 1
58760, 1
58762, 1
58768, 2
58770, 1
58772, 1
58774, 1
58779, 1
58781, 1
58783, 2
58784, 1
58785, 1
58786, 1
58792, 1
58795, 1
58797, 1
58800, 1
58802, 1
58803, 2
58809, 2
58810, 1
58813, 1
58814, 1
58820, 1
58821, 2
58829, 1
58831, 1
58832, 1
58835, 1
58839, 1
58841, 1
58842, 1
58844, 1
58846, 1
58847, 3
58854, 1
58855, 1
58858, 1
58862, 1
58866, 1
58884, 2
58886, 2
58891, 1
58898, 1
58900, 1
58905, 1
58906, 2
58908, 1
58909, 1
58910, 1
58911, 1
58914, 1
58915, 2
58918, 2
58920, 1
58922, 1
58924, 1
58925, 2
58927, 1
58928, 1
58938, 2
58939, 1
58947, 2
58949, 1
58951, 1
58952, 1
58955, 1
58966, 1
58974, 2
58985, 2
58989, 1
58991, 1
58992, 1
58994, 3
58995, 1
58998, 2
59001, 1
59004, 1
59008, 1
59009, 2
59011, 1
59013, 1
59014, 1
59026, 1
59029, 1
59032, 1
59035, 1
59038, 1
59039, 1
59045, 2
59046, 1
59049, 1
59050, 2
59058, 1
59059, 1
59060, 1
59069, 1
59072, 1
59076, 1
59078, 1
59082, 1
59086, 1
59090, 2
59091, 1
59092, 1
59093, 2
59094, 1
59098, 1
59100, 1
59105, 1
59109, 2
59111, 1
59112, 1
59113, 1
59114, 2
59118, 1
59120, 1
59124, 1
59130, 1
59132, 1
59133, 1
59134, 1
59141, 3
59150, 1
59152, 1
59153, 1
59155, 1
59156, 1
59158, 1
59159, 1
59163, 1
59167, 1
59172, 1
59174, 1
59175, 1
59179, 1
59182, 1
59183, 1
59186, 2
59189, 1
59191, 1
59194, 1
59202, 1
59206, 1
59207, 1
59213, 1
59214, 1
59216, 1
59223, 1
59234, 1
59238, 1
59239, 1
59241, 1
59246, 2
59252, 2
59257, 1
59260, 1
59263, 1
59264, 1
59265, 1
59268, 2
59270, 1
59271, 1
59273, 1
59275, 1
59278, 1
59282, 1
59283, 1
59289, 1
59292, 1
59305, 1
59311, 2
59313, 1
59316, 1
59321, 1
59322, 1
59323, 1
59328, 1
59330, 1
59332, 1
59335, 3
59337, 1
59338, 1
59339, 2
59340, 1
59342, 1
59345, 1
59347, 1
59348, 1
59355, 1
59356, 1
59360, 2
59361, 2
59362, 2
59363, 1
59374, 1
59375, 1
59376, 1
59390, 1
59397, 1
59401, 1
59402, 1
59406, 1
59408, 1
59414, 1
59415, 1
59416, 1
59418, 1
59423, 1
59424, 1
59427, 1
59428, 1
59431, 2
59433, 1
59438, 2
59441, 1
59442, 1
59443, 3
59447, 1
59454, 2
59462, 1
59463, 1
59465, 1
59467, 1
59469, 2
59481, 1
59482, 2
59485, 1
59492, 1
59496, 1
59501, 1
59502, 1
59503, 2
59504, 1
59506, 2
59508, 2
59512, 1
59516, 1
59518, 1
59524, 1
59526, 1
59527, 1
59528, 2
59529, 1
59530, 1
59531, 3
59538, 1
59539, 1
59549, 1
59552, 1
59553, 1
59561, 1
59566, 1
59567, 1
59572, 1
59576, 1
59580, 1
59586, 1
59588, 2
59591, 1
59595, 2
59596, 1
59597, 3
59602, 1
59603, 1
59604, 2
59607, 3
59611, 1
59618, 1
59621, 2
59626, 1
59630, 1
59632, 1
59636, 1
59639, 1
59641, 1
59649, 2
59651, 1
59658, 1
59659, 1
59662, 2
59670, 1
59672, 1
59673, 1
59677, 2
59678, 1
59679, 1
59681, 1
59684, 1
59686, 1
59693, 2
59695, 1
59696, 1
59697, 1
59698, 1
59701, 1
59707, 1
59713, 1
59714, 1
59721, 1
59723, 1
59726, 1
59733, 2
59735, 1
59740, 1
59741, 3
59742, 1
59750, 1
59752, 1
59753, 1
59758, 2
59761, 1
59764, 2
59765, 2
59766, 1
59769, 1
59771, 2
59772, 1
59777, 1
59780, 1
59786, 1
59790, 2
59793, 1
59795, 1
59796, 2
59808, 1
59810, 1
59811, 1
59814, 1
59831, 1
59834, 1
59836, 1
59841, 1
59846, 1
59847, 1
59853, 1
59855, 1
59856, 1
59857, 3
59860, 1
59861, 2
59873, 1
59878, 2
59885, 1
59888, 1
59890, 1
59897, 1
59900, 1
59901, 1
59905, 1
59912, 1
59918, 1
59925, 1
59929, 1
59940, 1
59942, 1
59947, 1
59949, 2
59952, 1
59954, 1
59961, 1
59964, 2
59989, 1
59994, 1
59995, 1
59998, 1
60009, 1
60014, 1
60016, 1
60019, 1
60021, 1
60022, 1
60023, 1
60026, 1
60038, 1
60043, 2
60044, 1
60058, 1
60065, 1
60071, 1
60072, 1
60077, 1
60084, 2
60088, 1
60094, 1
60097, 1
60098, 1
60101, 2
60107, 1
60108, 1
60109, 1
60111, 1
60113, 1
60116, 1
60120, 1
60126, 1
60138, 1
60142, 1
60146, 1
60149, 1
60164, 1
60169, 1
60178, 1
60190, 1
60200, 1
60207, 1
60210, 2
60211, 1
60214, 1
60236, 1
60259, 1
60261, 1
60270, 1
60278, 1
60282, 1
60299, 1
60306, 1
60313, 1
60333, 1
60353, 1
60355, 1
60361, 1
60366, 1
60368, 1
60371, 2
60377, 2
60386, 1
60388, 1
60390, 1
60397, 1
60422, 1
60431, 1
60433, 1
60434, 1
60439, 1
60442, 1
60459, 1
60464, 1
60474, 1
60475, 1
60486, 1
60492, 1
60495, 1
60497, 1
60522, 1
60524, 1
60532, 1
60534, 2
60537, 1
60557, 1
60559, 1
60564, 1
60573, 1
60576, 2
60581, 1
60583, 1
60589, 2
60590, 1
60596, 1
60605, 1
60609, 1
60617, 1
60621, 1
60632, 1
60636, 1
60643, 1
60649, 1
60650, 2
60651, 1
60652, 1
60656, 1
60657, 1
60659, 1
60667, 1
60674, 1
60679, 1
60693, 1
60695, 1
60696, 2
60698, 1
60699, 1
60702, 1
60704, 2
60706, 1
60714, 1
60716, 2
60718, 1
60721, 1
60726, 1
60727, 1
60732, 1
60742, 1
60745, 1
60746, 1
60748, 2
60749, 1
60751, 1
60755, 1
60756, 2
60757, 1
60761, 1
60762, 1
60764, 1
60765, 1
60769, 1
60774, 1
60780, 1
60783, 1
60787, 1
60788, 1
60789, 2
60794, 1
60798, 2
60803, 1
60805, 1
60808, 1
60816, 1
60820, 2
60824, 1
60827, 2
60829, 1
60833, 1
60837, 1
60841, 1
60844, 1
60846, 1
60848, 1
60850, 1
60852, 1
60855, 1
60865, 1
60866, 1
60871, 2
60872, 1
60878, 1
60880, 1
60881, 1
60883, 2
60884, 1
60886, 1
60887, 1
60889, 2
60892, 1
60894, 1
60896, 1
60897, 1
60903, 1
60914, 1
60915, 1
60922, 1
60923, 1
60927, 1
60931, 1
60933, 1
60936, 2
60938, 2
60941, 1
60942, 2
60945, 1
60949, 1
60955, 1
60956, 1
60962, 1
60967, 1
60968, 2
60970, 1
60972, 1
60973, 1
60975, 1
60976, 1
60979, 1
60981, 1
60983, 1
60984, 1
60986, 1
60988, 2
60992, 1
60993, 1
60996, 1
60997, 1
60999, 1
61000, 1
61003, 2
61010, 1
61025, 1
61027, 1
61032, 1
61043, 1
61044, 1
61052, 2
61053, 1
61054, 2
61056, 1
61057, 1
61060, 1
61061, 2
61062, 2
61065, 1
61069, 1
61071, 1
61072, 1
61075, 1
61079, 1
61080, 1
61083, 1
61088, 1
61089, 2
61098, 1
61105, 1
61106, 1
61113, 1
61115, 2
61122, 1
61124, 1
61126, 1
61127, 1
61131, 1
61132, 1
61135, 1
61138, 1
61143, 1
61146, 1
61148, 2
61153, 1
61159, 1
61160, 1
61161, 1
61163, 2
61167, 1
61169, 1
61177, 1
61181, 1
61182, 1
61187, 2
61190, 3
61191, 1
61193, 2
61195, 1
61198, 1
61199, 1
61201, 1
61208, 1
61214, 1
61215, 1
61216, 1
61218, 1
61219, 2
61220, 1
61231, 2
61234, 1
61243, 1
61247, 1
61249, 1
61250, 1
61252, 1
61253, 1
61254, 1
61257, 1
61259, 1
61262, 1
61263, 1
61264, 1
61266, 1
61267, 1
61270, 1
61275, 1
61276, 1
61278, 1
61279, 2
61285, 1
61286, 1
61292, 2
61302, 1
61303, 1
61311, 1
61313, 1
61315, 1
61321, 1
61323, 1
61325, 1
61329, 1
61333, 1
61334, 1
61336, 1
61337, 1
61341, 1
61342, 2
61345, 2
61350, 1
61352, 1
61354, 1
61368, 1
61369, 1
61373, 1
61379, 1
61381, 1
61382, 1
61383, 1
61384, 1
61386, 1
61396, 1
61398, 1
61400, 1
61402, 2
61403, 1
61404, 1
61406, 2
61407, 1
61420, 3
61424, 2
61425, 2
61433, 1
61434, 1
61436, 1
61439, 2
61440, 1
61445, 1
61448, 1
61453, 1
61471, 2
61473, 2
61480, 2
61482, 2
61484, 1
61485, 1
61487, 1
61489, 2
61492, 1
61493, 1
61496, 1
61498, 1
61499, 1
61501, 2
61502, 2
61510, 1
61511, 1
61512, 1
61513, 1
61519, 1
61521, 1
61523, 1
61525, 1
61527, 1
61533, 2
61536, 2
61538, 1
61539, 1
61547, 1
61554, 3
61564, 2
61566, 1
61567, 1
61569, 1
61572, 1
61573, 1
61576, 1
61578, 1
61580, 1
61583, 2
61587, 1
61589, 1
61590, 1
61596, 1
61599, 1
61601, 1
61607, 1
61610, 1
61611, 1
61615, 1
61618, 1
61619, 1
61625, 1
61628, 1
61633, 1
61635, 1
61637, 1
61648, 1
61649, 1
61650, 1
61652, 1
61654, 1
61660, 1
61663, 1
61667, 1
61668, 2
61669, 1
61674, 1
61675, 1
61676, 1
61677, 1
61684, 1
61685, 1
61687, 1
61692, 1
61693, 1
61694, 1
61698, 1
61700, 2
61706, 1
61708, 1
61716, 1
61721, 1
61727, 2
61728, 3
61729, 1
61734, 1
61735, 1
61736, 1
61740, 2
61743, 2
61745, 1
61746, 1
61749, 1
61753, 1
61755, 1
61756, 1
61758, 2
61762, 2
61766, 1
61770, 1
61773, 1
61775, 1
61784, 1
61788, 1
61797, 1
61798, 1
61799, 1
61801, 1
61802, 1
61804, 1
61809, 2
61814, 1
61818, 1
61819, 2
61821, 1
61824, 1
61827, 1
61829, 1
61837, 1
61838, 1
61842, 1
61843, 2
61844, 1
61847, 1
61849, 1
61853, 2
61859, 1
61860, 1
61865, 1
61870, 1
61873, 2
61874, 1
61876, 1
61877, 2
61882, 1
61883, 1
61889, 1
61891, 1
61892, 2
61900, 1
61902, 1
61903, 1
61904, 1
61905, 1
61914, 1
61918, 1
61922, 1
61924, 1
61926, 1
61931, 1
61937, 2
61938, 1
61949, 1
61950, 2
61957, 1
61958, 1
61959, 1
61960, 2
61962, 1
61964, 1
61968, 1
61970, 1
61979, 1
61981, 1
61986, 1
61988, 1
61990, 2
61995, 1
61997, 2
61998, 1
62000, 3
62003, 1
62005, 2
62008, 1
62009, 1
62010, 1
62017, 1
62024, 1
62025, 2
62027, 1
62031, 1
62035, 1
62036, 1
62046, 1
62048, 1
62055, 1
62056, 1
62063, 1
62066, 1
62067, 1
62071, 1
62073, 1
62074, 1
62080, 2
62082, 1
62083, 1
62085, 2
62090, 2
62092, 1
62094, 1
62095, 1
62102, 1
62107, 1
62109, 1
62110, 1
62113, 1
62117, 1
62119, 1
62121, 1
62123, 1
62124, 2
62125, 1
62131, 2
62138, 1
62141, 1
62146, 1
62154, 2
62155, 1
62156, 1
62157, 1
62161, 1
62163, 1
62166, 1
62167, 1
62170, 1
62172, 1
62175, 2
62177, 1
62182, 1
62183, 1
62184, 1
62185, 1
62186, 1
62188, 1
62193, 1
62195, 1
62198, 1
62205, 1
62210, 1
62212, 1
62216, 2
62219, 1
62228, 1
62230, 1
62231, 1
62237, 1
62239, 2
62249, 1
62250, 1
62251, 2
62254, 1
62256, 2
62259, 1
62260, 1
62261, 1
62262, 1
62264, 1
62268, 1
62274, 1
62279, 1
62285, 1
62286, 1
62290, 2
62294, 2
62300, 2
62303, 1
62306, 1
62309, 1
62312, 1
62319, 1
62326, 1
62328, 2
62329, 1
62331, 1
62332, 1
62337, 1
62348, 1
62350, 2
62351, 1
62352, 1
62354, 1
62356, 1
62358, 1
62363, 1
62364, 1
62367, 2
62368, 1
62371, 2
62377, 1
62379, 1
62382, 1
62383, 1
62390, 1
62392, 1
62395, 1
62397, 1
62398, 1
62403, 1
62404, 1
62407, 1
62410, 1
62411, 1
62412, 2
62417, 1
62418, 1
62420, 1
62422, 1
62423, 1
62424, 1
62427, 1
62428, 1
62429, 2
62430, 1
62433, 1
62437, 1
62441, 1
62459, 1
62465, 1
62467, 1
62469, 1
62471, 1
62483, 1
62485, 1
62491, 2
62493, 1
62494, 1
62495, 1
62497, 1
62499, 1
62503, 2
62508, 1
62510, 1
62521, 1
62526, 1
62527, 1
62531, 1
62536, 1
62537, 1
62543, 1
62545, 2
62550, 1
62560, 2
62564, 1
62566, 1
62573, 1
62575, 1
62579, 1
62580, 1
62586, 1
62587, 1
62599, 1
62631, 1
62632, 1
62633, 1
62634, 1
62635, 1
62641, 2
62648, 1
62649, 1
62655, 1
62659, 1
62665, 1
62668, 1
62674, 1
62675, 1
62683, 1
62692, 1
62702, 1
62703, 1
62704, 1
62710, 1
62713, 1
62753, 1
62754, 1
62756, 1
62758, 1
62772, 1
62783, 1
62795, 1
62800, 2
62812, 1
62821, 1
62831, 1
62839, 1
62906, 1
62922, 1
62935, 1
63299, 1
63786, 1
63878, 1
63903, 1
63905, 1
63933, 1
63969, 1
63976, 1
63982, 2
63986, 1
64000, 1
64002, 1
64010, 1
64033, 1
64043, 2
64071, 1
64075, 1
64082, 1
64083, 1
64084, 1
64086, 1
64093, 1
64103, 1
64105, 1
64108, 1
64109, 1
64111, 2
64119, 1
64128, 1
64141, 1
64145, 1
64157, 1
64166, 1
64169, 1
64172, 1
64175, 1
64176, 2
64185, 1
64189, 1
64192, 1
64207, 1
64211, 1
64214, 1
64234, 1
64246, 1
64251, 1
64254, 1
64258, 1
64266, 1
64268, 1
64270, 1
64273, 1
64276, 1
64279, 1
64285, 1
64294, 1
64297, 1
64302, 1
64307, 1
64308, 1
64320, 1
64325, 1
64340, 1
64341, 1
64348, 1
64349, 1
64350, 1
64357, 1
64359, 1
64363, 1
64374, 1
64377, 1
64387, 1
64395, 1
64398, 1
64417, 1
64423, 1
64426, 1
64428, 1
64435, 1
64442, 1
64443, 1
64444, 1
64445, 1
64452, 1
64454, 1
64458, 1
64463, 1
64467, 1
64480, 1
64493, 1
64506, 1
64509, 1
64514, 1
64515, 1
64521, 2
64523, 1
64528, 1
64532, 1
64535, 1
64536, 1
64537, 1
64538, 1
64539, 1
64543, 1
64550, 1
64571, 1
64591, 1
64594, 1
64595, 1
64610, 1
64613, 2
64617, 1
64622, 1
64623, 1
64625, 2
64633, 1
64634, 2
64639, 1
64660, 1
64664, 2
64681, 2
64687, 1
64689, 1
64699, 1
64703, 1
64710, 1
64714, 1
64720, 1
64722, 1
64724, 1
64726, 1
64736, 1
64740, 1
64743, 1
64750, 2
64767, 1
64770, 3
64775, 1
64778, 1
64785, 1
64788, 1
64792, 1
64795, 1
64806, 1
64820, 1
64833, 1
64841, 1
64842, 1
64850, 1
64856, 1
64857, 1
64859, 1
64860, 2
64866, 1
64871, 1
64873, 1
64875, 1
64887, 1
64895, 1
64898, 1
64907, 1
64909, 1
64922, 2
64925, 1
64934, 1
64942, 1
64952, 2
64966, 1
64970, 1
64971, 1
64978, 1
64981, 1
64987, 1
64993, 1
65007, 1
65022, 1
65025, 1
65026, 1
65030, 2
65032, 1
65034, 1
65042, 1
65043, 1
65048, 1
65062, 1
65063, 1
65066, 1
65067, 1
65071, 1
65079, 1
65080, 1
65082, 1
65094, 1
65100, 2
65106, 1
65110, 1
65111, 1
65116, 1
65121, 1
65127, 1
65128, 1
65136, 1
65148, 1
65152, 1
65162, 1
65165, 1
65171, 1
65181, 1
65205, 1
65206, 1
65208, 1
65211, 1
65215, 1
65218, 1
65221, 1
65222, 1
65223, 2
65225, 1
65235, 1
65246, 1
65249, 1
65257, 1
65258, 1
65261, 1
65263, 1
65272, 1
65291, 1
65293, 1
65295, 1
65296, 1
65300, 1
65310, 1
65311, 1
65322, 1
65347, 1
65348, 1
65351, 1
65353, 1
65365, 1
65367, 1
65369, 1
65373, 1
65378, 1
65383, 1
65391, 1
65395, 1
65401, 1
65403, 1
65408, 1
65410, 1
65419, 1
65422, 1
65428, 1
65437, 1
65448, 1
65450, 2
65455, 1
65458, 1
65468, 1
65469, 1
65471, 1
65472, 1
65476, 1
65478, 1
65490, 1
65493, 1
65502, 1
65509, 1
65513, 2
65518, 1
65525, 1
65526, 2
65534, 2
65552, 1
65555, 1
65557, 1
65559, 1
65571, 1
65576, 1
65588, 1
65593, 1
65602, 1
65604, 1
65605, 1
65608, 2
65610, 1
65620, 1
65630, 1
65634, 1
65637, 1
65642, 1
65652, 1
65653, 1
65672, 1
65674, 1
65680, 1
65710, 1
65711, 1
65715, 1
65717, 1
65720, 1
65722, 1
65724, 1
65726, 1
65727, 1
65744, 1
65755, 1
65762, 2
65763, 1
65764, 1
65771, 1
65784, 2
65791, 2
65792, 1
65793, 1
65796, 1
65801, 1
65802, 1
65810, 1
65819, 1
65820, 1
65832, 1
65836, 1
65838, 1
65848, 1
65849, 2
65864, 1
65873, 1
65874, 1
65876, 1
65886, 1
65889, 2
65894, 1
65895, 1
65904, 1
65907, 1
65929, 1
65936, 1
65945, 1
65946, 1
65954, 1
65957, 1
65962, 1
65971, 1
65975, 1
65977, 1
65978, 1
65983, 1
65984, 1
65991, 1
66003, 1
66008, 1
66021, 1
66032, 1
66033, 1
66037, 1
66049, 2
66051, 2
66053, 1
66057, 1
66060, 1
66075, 1
66084, 1
66085, 1
66088, 1
66090, 1
66095, 1
66127, 1
66135, 1
66137, 1
66154, 1
66155, 1
66169, 1
66180, 1
66197, 1
66217, 1
66226, 1
66236, 1
66241, 1
66325, 1
66330, 1
71856, 1
71908, 1
71918, 1
71921, 1
71924, 1
71966, 1
71969, 1
71978, 1
71990, 1
71993, 1
72007, 2
72023, 1
72024, 1
72032, 1
72040, 1
72067, 1
72081, 1
72088, 1
72092, 1
72104, 1
72106, 1
72107, 1
72114, 2
72121, 1
72133, 1
72138, 1
72149, 1
72152, 1
72153, 2
72161, 1
72167, 1
72177, 1
72187, 1
72195, 1
72198, 1
72206, 1
72207, 1
72208, 2
72210, 1
72212, 1
72221, 1
72226, 1
72231, 1
72238, 1
72244, 1
72245, 1
72250, 1
72257, 1
72262, 1
72264, 1
72268, 1
72269, 1
72271, 1
72281, 1
72282, 1
72287, 1
72289, 3
72292, 1
72306, 1
72331, 1
72337, 1
72346, 1
72349, 1
72358, 1
72360, 1
72362, 1
72363, 1
72365, 1
72366, 1
72376, 1
72387, 1
72393, 1
72395, 1
72397, 1
72402, 1
72429, 1
72430, 1
72433, 1
72435, 1
72442, 1
72451, 1
72455, 1
72458, 1
72467, 1
72470, 2
72471, 1
72472, 1
72481, 1
72482, 2
72496, 1
72501, 1
72504, 1
72514, 1
72519, 1
72530, 1
72535, 1
72546, 1
72551, 1
72553, 1
72554, 1
72559, 1
72562, 1
72563, 1
72565, 1
72567, 1
72575, 1
72592, 1
72596, 1
72604, 1
72606, 1
72608, 1
72609, 1
72618, 1
72627, 1
72630, 1
72637, 1
72651, 1
72652, 1
72661, 2
72670, 1
72674, 1
72675, 1
72676, 1
72681, 1
72682, 1
72700, 1
72703, 1
72708, 1
72716, 1
72730, 1
72731, 1
72743, 1
72744, 1
72748, 1
72750, 1
72751, 1
72761, 1
72765, 1
72772, 1
72777, 1
72786, 1
72787, 2
72789, 1
72791, 2
72800, 1
72815, 1
72832, 2
72836, 1
72848, 1
72850, 1
72851, 1
72860, 1
72865, 2
72883, 1
72889, 1
72891, 2
72893, 1
72894, 1
72895, 1
72904, 1
72907, 1
72910, 2
72915, 1
72922, 1
72924, 1
72940, 1
72941, 1
72947, 1
72954, 1
72960, 1
72963, 1
72967, 1
72969, 1
72976, 1
72978, 1
72995, 2
72998, 1
73006, 1
73015, 1
73020, 1
73028, 1
73032, 1
73041, 1
73043, 1
73049, 2
73054, 1
73060, 1
73071, 1
73074, 2
73077, 1
73085, 1
73095, 1
73112, 1
73119, 1
73124, 1
73126, 1
73129, 1
73131, 1
73135, 1
73141, 1
73144, 2
73155, 1
73161, 1
73170, 1
73171, 1
73191, 1
73192, 1
73198, 1
73199, 2
73204, 1
73216, 1
73226, 2
73230, 1
73233, 1
73235, 1
73236, 1
73237, 1
73238, 2
73242, 1
73258, 1
73259, 2
73271, 1
73279, 2
73302, 1
73314, 1
73320, 1
73323, 1
73328, 1
73329, 1
73338, 1
73342, 1
73345, 1
73355, 1
73359, 1
73365, 1
73375, 1
73384, 1
73388, 1
73391, 1
73398, 1
73407, 1
73409, 1
73413, 3
73419, 1
73430, 1
73432, 1
73445, 1
73451, 1
73455, 1
73460, 1
73470, 1
73473, 1
73474, 2
73475, 1
73480, 1
73481, 1
73489, 1
73499, 1
73504, 2
73506, 1
73515, 1
73519, 1
73547, 1
73548, 1
73555, 1
73560, 1
73562, 1
73566, 1
73567, 1
73569, 1
73571, 1
73577, 1
73579, 1
73590, 1
73594, 3
73598, 1
73612, 1
73613, 1
73624, 1
73629, 1
73631, 1
73636, 1
73639, 1
73643, 1
73645, 1
73646, 1
73649, 1
73656, 1
73662, 1
73667, 1
73673, 1
73681, 1
73699, 1
73706, 1
73708, 1
73710, 1
73711, 1
73715, 1
73717, 1
73722, 1
73723, 1
73725, 1
73726, 1
73727, 1
73728, 2
73730, 1
73736, 1
73738, 1
73743, 1
73745, 1
73755, 1
73756, 1
73758, 1
73761, 1
73769, 1
73774, 1
73780, 1
73781, 1
73782, 1
73783, 1
73787, 1
73789, 1
73796, 1
73804, 2
73809, 1
73813, 1
73814, 1
73815, 1
73821, 1
73823, 2
73829, 2
73834, 1
73837, 1
73838, 2
73849, 1
73850, 1
73853, 1
73862, 1
73864, 1
73875, 1
73878, 1
73882, 1
73883, 1
73885, 2
73887, 1
73888, 1
73898, 2
73899, 1
73901, 1
73906, 1
73907, 1
73910, 1
73911, 2
73913, 1
73915, 1
73916, 1
73918, 1
73920, 1
73922, 1
73926, 1
73927, 1
73929, 1
73930, 1
73931, 1
73936, 1
73938, 2
73954, 1
73955, 1
73959, 1
73961, 1
73962, 1
73966, 1
73968, 1
73969, 1
73972, 2
73973, 1
73975, 2
73977, 1
73982, 1
73987, 1
73989, 1
73994, 2
74002, 1
74006, 1
74012, 2
74018, 1
74019, 1
74020, 1
74021, 1
74022, 1
74024, 1
74025, 1
74033, 1
74036, 1
74041, 2
74046, 1
74047, 1
74052, 1
74058, 1
74059, 1
74064, 2
74069, 1
74070, 2
74071, 1
74072, 1
74073, 1
74074, 1
74075, 1
74078, 1
74083, 1
74084, 1
74090, 1
74093, 2
74097, 3
74103, 1
74107, 1
74110, 1
74114, 1
74115, 1
74119, 2
74120, 1
74125, 1
74128, 1
74132, 1
74136, 1
74146, 1
74156, 1
74161, 1
74164, 1
74165, 2
74166, 2
74173, 1
74185, 1
74189, 1
74191, 1
74197, 1
74204, 1
74207, 1
74208, 1
74220, 2
74228, 1
74231, 1
74245, 1
74251, 1
74253, 1
74257, 1
74260, 1
74263, 1
74267, 1
74272, 2
74277, 1
74283, 1
74284, 1
74291, 1
74293, 1
74297, 1
74308, 1
74315, 1
74322, 1
74324, 1
74325, 1
74326, 1
74327, 1
74328, 1
74329, 1
74333, 1
74334, 1
74335, 1
74342, 1
74349, 1
74351, 1
74360, 1
74366, 1
74367, 1
74392, 1
74406, 1
74411, 2
74413, 1
74420, 1
74422, 1
74426, 1
74432, 1
74437, 1
74441, 1
74446, 1
74449, 1
74455, 1
74464, 1
74467, 1
74469, 1
74473, 1
74479, 1
74486, 1
74489, 1
74497, 1
74498, 1
74506, 1
74509, 1
74524, 1
74532, 1
74534, 1
74549, 1
74552, 1
74563, 1
74568, 1
74570, 1
74571, 1
74578, 1
74581, 1
74595, 2
74597, 2
74600, 1
74603, 1
74608, 1
74609, 2
74613, 1
74615, 1
74620, 1
74640, 1
74652, 1
74655, 1
74657, 1
74671, 1
74675, 1
74681, 1
74683, 1
74694, 1
74703, 2
74708, 1
74716, 1
74719, 1
74726, 1
74730, 1
74736, 1
74742, 3
74743, 1
74747, 1
74754, 1
74755, 1
74761, 1
74767, 1
74768, 1
74769, 1
74770, 1
74780, 1
74796, 1
74797, 1
74800, 1
74808, 1
74819, 2
74824, 1
74830, 1
74840, 1
74847, 1
74850, 1
74854, 1
74856, 1
74857, 2
74869, 1
74871, 1
74876, 1
74882, 1
74883, 1
74896, 1
74904, 1
74911, 1
74931, 1
74936, 1
74937, 1
74938, 1
74944, 2
74955, 1
74956, 1
74958, 1
74959, 1
74974, 1
74980, 1
74991, 1
74995, 1
75001, 1
75010, 1
75017, 1
75018, 2
75019, 1
75028, 1
75031, 1
75035, 1
75038, 2
75042, 1
75050, 1
75063, 1
75074, 1
75075, 1
75076, 1
75079, 1
75083, 1
75092, 1
75095, 1
75096, 1
75099, 1
75104, 1
75105, 1
75114, 1
75119, 1
75130, 1
75132, 1
75138, 1
75150, 1
75152, 1
75161, 1
75173, 3
75191, 4
75203, 1
75204, 1
75207, 1
75231, 1
75246, 1
75247, 1
75275, 1
75277, 1
75279, 1
75283, 1
75284, 1
75286, 1
75292, 1
75294, 2
75295, 1
75298, 1
75299, 1
75303, 1
75307, 1
75316, 1
75320, 1
75322, 1
75345, 2
75349, 1
75354, 2
75357, 1
75362, 1
75363, 1
75366, 1
75375, 1
75380, 1
75390, 1
75402, 1
75409, 1
75411, 1
75424, 1
75425, 2
75426, 1
75430, 1
75432, 1
75438, 2
75439, 1
75442, 1
75448, 1
75449, 1
75463, 1
75465, 1
75474, 1
75482, 1
75486, 1
75496, 1
75502, 1
75514, 1
75524, 1
75533, 1
75534, 1
75539, 1
75551, 1
75559, 2
75564, 1
75576, 1
75577, 1
75578, 2
75591, 1
75592, 1
75594, 1
75599, 1
75605, 1
75612, 1
75615, 1
75619, 1
75620, 1
75625, 1
75626, 1
75639, 1
75641, 3
75652, 1
75673, 1
75685, 1
75689, 1
75690, 1
75692, 1
75693, 1
75704, 1
75709, 1
75710, 1
75714, 1
75733, 1
75734, 1
75754, 1
75758, 2
75775, 1
75779, 3
75782, 1
75784, 1
75788, 1
75796, 1
75799, 1
75802, 1
75808, 1
75814, 1
75815, 1
75826, 1
75831, 1
75835, 1
75840, 1
75841, 1
75855, 1
75856, 1
75863, 1
75866, 1
75872, 1
75874, 1
75914, 1
75930, 1
75962, 1
75965, 1
75967, 1
75987, 1
76019, 1
76023, 1
76074, 1
79547, 1
79573, 1
79593, 1
79621, 1
79635, 1
79641, 1
79645, 1
79650, 2
79651, 1
79659, 1
79664, 1
79667, 1
79671, 1
79673, 1
79676, 1
79686, 1
79705, 1
79707, 1
79709, 1
79710, 1
79725, 1
79732, 1
79740, 1
79753, 1
79754, 1
79771, 2
79772, 1
79780, 1
79791, 1
79793, 1
79801, 1
79815, 1
79823, 1
79824, 2
79825, 1
79829, 1
79830, 1
79840, 1
79844, 1
79862, 1
79864, 2
79888, 1
79894, 1
79895, 1
79900, 1
79901, 1
79908, 1
79918, 1
79923, 1
79927, 1
79928, 1
79939, 1
79948, 1
79951, 1
79953, 1
79956, 1
79975, 1
79977, 1
79980, 1
79994, 1
79996, 1
79998, 1
80000, 1
80004, 1
80009, 1
80013, 1
80016, 1
80017, 1
80026, 1
80031, 1
80038, 1
80042, 2
80045, 1
80049, 1
80052, 1
80064, 1
80066, 1
80073, 1
80081, 1
80085, 1
80092, 1
80093, 1
80095, 1
80098, 1
80099, 1
80100, 1
80102, 1
80130, 1
80146, 1
80148, 1
80151, 1
80156, 2
80160, 1
80165, 1
80170, 1
80173, 1
80178, 1
80185, 1
80189, 1
80197, 1
80218, 1
80222, 1
80225, 1
80226, 1
80228, 1
80231, 1
80232, 1
80236, 1
80252, 1
80254, 1
80255, 1
80259, 1
80261, 1
80274, 1
80282, 1
80293, 1
80305, 1
80318, 1
80319, 1
80321, 1
80324, 1
80332, 1
80335, 1
80341, 1
80347, 2
80349, 1
80350, 1
80358, 1
80360, 1
80365, 1
80369, 1
80388, 1
80391, 1
80392, 1
80393, 2
80405, 1
80416, 1
80423, 1
80424, 1
80437, 1
80441, 1
80443, 1
80446, 1
80454, 1
80463, 2
80467, 1
80478, 1
80485, 1
80499, 1
80503, 1
80508, 1
80509, 1
80513, 1
80515, 1
80516, 1
80517, 1
80521, 1
80524, 1
80528, 1
80536, 1
80540, 1
80545, 1
80548, 2
80558, 1
80571, 1
80572, 1
80578, 1
80584, 1
80586, 1
80587, 1
80601, 1
80605, 1
80621, 1
80629, 1
80636, 1
80639, 1
80646, 1
80648, 1
80654, 1
80660, 1
80664, 1
80671, 1
80678, 2
80681, 1
80682, 1
80684, 1
80687, 1
80695, 1
80696, 1
80706, 1
80709, 2
80718, 1
80729, 1
80733, 1
80741, 1
80750, 1
80758, 1
80760, 1
80763, 1
80777, 1
80778, 1
80781, 1
80786, 1
80788, 1
80791, 1
80798, 1
80812, 1
80813, 1
80830, 1
80831, 1
80833, 1
80837, 1
80838, 1
80843, 1
80844, 1
80851, 1
80853, 2
80861, 1
80876, 1
80880, 1
80887, 1
80906, 1
80908, 1
80909, 1
80912, 1
80914, 1
80916, 1
80925, 1
80926, 1
80942, 1
80944, 1
80945, 1
80948, 1
80956, 1
80958, 1
80965, 1
80970, 1
80985, 1
80991, 1
81002, 1
81003, 1
81008, 1
81013, 1
81018, 4
81025, 1
81026, 2
81030, 2
81032, 1
81034, 1
81038, 1
81043, 1
81048, 1
81075, 1
81089, 2
81100, 1
81101, 1
81106, 1
81107, 1
81108, 1
81110, 1
81126, 1
81131, 1
81132, 2
81138, 1
81147, 1
81169, 2
81181, 1
81187, 1
81191, 1
81192, 1
81198, 1
81208, 1
81210, 1
81230, 2
81232, 2
81238, 1
81241, 1
81251, 1
81254, 1
81255, 2
81263, 2
81267, 1
81271, 2
81285, 1
81294, 1
81295, 1
81298, 1
81304, 1
81315, 1
81321, 1
81330, 1
81345, 1
81346, 1
81353, 1
81355, 1
81358, 1
81359, 1
81361, 1
81362, 1
81365, 1
81371, 1
81377, 1
81389, 1
81393, 1
81398, 1
81409, 1
81410, 1
81414, 1
81420, 1
81424, 1
81426, 1
81427, 1
81431, 1
81441, 1
81442, 1
81444, 1
81446, 1
81455, 1
81463, 1
81465, 1
81477, 1
81479, 1
81486, 1
81490, 1
81498, 1
81504, 1
81505, 1
81511, 1
81514, 1
81516, 2
81517, 1
81519, 1
81522, 1
81524, 1
81526, 1
81528, 1
81534, 2
81537, 1
81552, 1
81553, 1
81556, 1
81557, 1
81559, 1
81563, 1
81564, 1
81570, 1
81572, 1
81576, 1
81579, 1
81582, 1
81584, 1
81588, 1
81589, 1
81592, 1
81593, 1
81598, 2
81603, 1
81604, 1
81608, 2
81609, 1
81616, 1
81622, 1
81624, 1
81628, 2
81629, 1
81632, 1
81644, 1
81645, 2
81653, 1
81654, 2
81662, 1
81671, 1
81676, 1
81686, 1
81687, 2
81689, 2
81692, 2
81693, 1
81697, 2
81702, 2
81703, 1
81711, 1
81715, 1
81717, 1
81718, 1
81722, 1
81723, 1
81725, 1
81727, 1
81728, 2
81732, 1
81733, 1
81737, 2
81739, 1
81740, 1
81743, 1
81746, 2
81749, 1
81754, 1
81766, 2
81767, 1
81772, 1
81776, 1
81780, 1
81783, 1
81784, 2
81791, 1
81800, 1
81805, 1
81824, 1
81831, 1
81839, 1
81845, 1
81847, 1
81848, 1
81852, 1
81858, 1
81860, 1
81869, 1
81871, 1
81875, 1
81879, 2
81881, 3
81885, 1
81886, 1
81891, 2
81895, 1
81907, 1
81909, 1
81913, 1
81917, 1
81933, 1
81934, 1
81935, 1
81939, 1
81945, 1
81952, 1
81954, 1
81962, 1
81963, 1
81964, 1
81970, 1
81974, 2
81985, 1
81988, 1
81989, 1
81992, 1
82002, 1
82005, 1
82006, 1
82007, 2
82009, 1
82010, 1
82024, 1
82028, 1
82032, 1
82033, 1
82040, 1
82089, 1
82090, 1
82096, 1
82099, 1
82105, 1
82106, 1
82108, 1
82112, 1
82116, 1
82119, 1
82122, 1
82131, 1
82144, 1
82146, 1
82152, 1
82154, 1
82164, 1
82169, 1
82170, 1
82188, 1
82191, 1
82195, 1
82197, 1
82211, 1
82214, 1
82215, 1
82219, 2
82223, 1
82235, 2
82244, 2
82250, 1
82254, 2
82271, 1
82273, 1
82278, 1
82281, 1
82284, 1
82289, 1
82295, 1
82298, 1
82304, 1
82313, 1
82324, 1
82328, 2
82337, 2
82345, 2
82360, 1
82365, 1
82373, 1
82375, 2
82387, 1
82390, 1
82391, 1
82395, 1
82407, 1
82409, 1
82411, 1
82412, 1
82415, 1
82432, 1
82451, 1
82452, 1
82457, 1
82459, 1
82461, 1
82468, 1
82478, 1
82487, 1
82497, 1
82499, 1
82505, 1
82511, 1
82518, 1
82522, 1
82523, 1
82531, 1
82532, 1
82537, 2
82539, 2
82543, 1
82546, 2
82555, 1
82562, 1
82570, 1
82573, 1
82575, 1
82590, 2
82599, 1
82600, 1
82615, 1
82620, 1
82622, 1
82629, 1
82630, 1
82645, 1
82646, 1
82647, 1
82652, 1
82656, 1
82669, 1
82673, 1
82683, 1
82687, 1
82688, 1
82689, 1
82692, 2
82694, 1
82700, 1
82708, 1
82711, 1
82715, 1
82725, 2
82732, 1
82742, 1
82759, 1
82762, 1
82765, 1
82773, 1
82783, 1
82787, 1
82796, 1
82799, 1
82802, 1
82812, 1
82813, 1
82822, 1
82823, 1
82825, 1
82826, 1
82828, 1
82846, 1
82865, 1
82871, 1
82881, 1
82884, 1
82888, 1
82893, 1
82895, 1
82898, 1
82903, 1
82907, 1
82911, 1
82917, 1
82920, 1
82924, 1
82926, 1
82933, 1
82938, 1
82939, 1
82942, 1
82950, 1
82954, 1
82958, 1
82960, 1
82962, 1
82971, 1
82972, 1
82973, 1
82976, 1
82977, 1
82986, 1
82994, 1
82999, 1
83003, 1
83024, 1
83028, 1
83029, 1
83035, 1
83047, 1
83055, 1
83056, 1
83058, 2
83061, 1
83064, 1
83074, 1
83075, 1
83077, 1
83085, 1
83097, 1
83106, 1
83107, 1
83111, 1
83122, 1
83134, 1
83141, 1
83143, 1
83148, 1
83152, 1
83155, 1
83169, 1
83180, 1
83187, 1
83194, 1
83204, 1
83205, 1
83207, 1
83212, 1
83220, 1
83222, 1
83228, 1
83229, 1
83232, 1
83234, 1
83244, 2
83247, 1
83258, 1
83271, 1
83272, 1
83278, 1
83280, 1
83282, 1
83290, 1
83300, 1
83301, 1
83305, 1
83307, 1
83308, 1
83313, 2
83316, 1
83323, 1
83332, 1
83334, 2
83338, 1
83360, 1
83369, 1
83370, 1
83373, 2
83376, 1
83388, 1
83395, 1
83399, 1
83400, 1
83407, 1
83411, 1
83415, 1
83419, 1
83423, 1
83442, 1
83447, 1
83460, 1
83469, 1
83472, 2
83474, 1
83479, 1
83490, 1
83493, 1
83498, 1
83502, 1
83506, 1
83510, 1
83512, 1
83537, 1
83538, 2
83542, 1
83548, 2
83554, 1
83556, 1
83563, 1
83565, 1
83566, 1
83567, 1
83579, 1
83586, 1
83587, 1
83594, 1
83603, 2
83606, 1
83616, 1
83621, 2
83627, 1
83633, 1
83639, 1
83641, 1
83649, 1
83655, 2
83659, 1
83686, 1
83693, 1
83696, 2
83705, 1
83745, 1
83747, 1
83769, 1
83775, 1
83778, 1
83779, 1
83788, 1
83996, 1
87546, 1
87552, 1
87586, 1
87622, 1
87648, 1
87654, 1
87655, 1
87676, 1
87682, 1
87722, 1
87730, 1
87740, 1
87743, 1
87744, 1
87747, 1
87751, 2
87759, 2
87760, 1
87776, 1
87779, 1
87781, 1
87800, 1
87810, 1
87816, 1
87818, 1
87819, 1
87832, 1
87833, 1
87835, 1
87836, 1
87845, 1
87848, 1
87860, 1
87880, 1
87885, 3
87889, 1
87891, 1
87894, 1
87902, 1
87903, 1
87912, 1
87919, 1
87920, 1
87930, 1
87944, 1
87952, 1
87955, 1
87959, 1
87960, 2
87969, 1
87978, 2
87983, 1
87999, 1
88000, 1
88002, 2
88004, 1
88017, 1
88023, 1
88024, 1
88028, 1
88029, 1
88038, 1
88048, 1
88053, 1
88056, 1
88057, 1
88061, 1
88066, 1
88071, 1
88077, 1
88079, 1
88090, 1
88114, 1
88124, 1
88125, 1
88129, 1
88139, 1
88140, 1
88143, 1
88151, 1
88157, 1
88160, 2
88164, 2
88166, 1
88169, 1
88170, 1
88175, 1
88178, 1
88186, 1
88192, 1
88196, 1
88200, 1
88207, 1
88215, 1
88219, 1
88220, 2
88223, 1
88229, 1
88243, 1
88253, 1
88256, 1
88258, 1
88263, 1
88270, 1
88280, 1
88281, 1
88286, 1
88288, 1
88294, 1
88302, 1
88313, 1
88322, 1
88325, 1
88339, 2
88343, 1
88349, 1
88352, 1
88353, 1
88359, 1
88367, 1
88368, 1
88373, 1
88392, 1
88395, 1
88405, 1
88413, 1
88415, 1
88420, 1
88427, 3
88436, 1
88438, 3
88441, 1
88460, 1
88465, 1
88472, 1
88485, 1
88494, 2
88501, 1
88502, 2
88511, 1
88520, 1
88525, 1
88526, 1
88537, 1
88540, 1
88542, 1
88563, 1
88568, 1
88572, 1
88576, 1
88577, 1
88580, 1
88585, 1
88593, 1
88596, 1
88597, 1
88603, 1
88607, 1
88614, 1
88624, 1
88625, 1
88629, 3
88639, 1
88643, 1
88662, 1
88668, 1
88673, 2
88680, 1
88686, 2
88696, 1
88705, 1
88707, 1
88712, 1
88713, 1
88715, 1
88722, 1
88731, 1
88732, 1
88742, 1
88744, 1
88749, 1
88757, 1
88758, 1
88778, 1
88779, 1
88783, 1
88785, 1
88789, 1
88797, 1
88800, 1
88816, 1
88824, 1
88826, 1
88830, 1
88831, 1
88834, 2
88839, 1
88843, 1
88847, 1
88848, 1
88850, 1
88852, 1
88862, 1
88869, 1
88876, 1
88878, 1
88891, 1
88904, 1
88907, 1
88914, 1
88918, 1
88925, 1
88930, 1
88932, 1
88936, 1
88938, 2
88939, 1
88941, 1
88942, 2
88970, 1
88978, 1
88984, 1
88998, 1
88999, 1
89001, 1
89004, 1
89006, 1
89017, 1
89038, 2
89044, 1
89048, 1
89052, 1
89056, 1
89060, 1
89064, 1
89066, 1
89087, 1
89089, 1
89109, 1
89110, 1
89111, 1
89112, 1
89115, 1
89117, 1
89121, 1
89122, 2
89125, 1
89127, 1
89128, 1
89130, 1
89134, 1
89166, 1
89167, 1
89169, 2
89177, 1
89183, 1
89185, 1
89186, 2
89190, 1
89191, 1
89199, 1
89201, 1
89213, 1
89226, 1
89227, 1
89239, 1
89242, 1
89243, 1
89247, 1
89253, 1
89261, 1
89269, 1
89270, 1
89277, 1
89280, 1
89282, 1
89288, 1
89292, 1
89313, 1
89320, 1
89325, 1
89326, 1
89327, 1
89328, 1
89338, 1
89342, 1
89352, 1
89355, 1
89356, 2
89361, 1
89364, 1
89367, 1
89369, 1
89371, 1
89380, 1
89391, 2
89395, 1
89397, 1
89398, 1
89414, 1
89415, 2
89422, 1
89423, 1
89430, 1
89433, 1
89435, 1
89437, 1
89441, 1
89445, 1
89452, 1
89457, 1
89462, 1
89466, 1
89468, 1
89470, 1
89472, 1
89473, 1
89484, 1
89489, 1
89491, 1
89492, 1
89494, 1
89502, 1
89504, 1
89507, 1
89508, 1
89510, 1
89514, 1
89515, 1
89516, 1
89518, 2
89526, 1
89527, 1
89533, 2
89535, 1
89538, 1
89539, 1
89545, 2
89546, 1
89547, 1
89552, 2
89554, 1
89555, 1
89560, 1
89563, 2
89569, 1
89574, 1
89579, 1
89582, 3
89586, 1
89588, 3
89597, 3
89602, 1
89603, 1
89605, 1
89606, 1
89608, 1
89613, 1
89614, 1
89616, 1
89618, 2
89619, 1
89625, 2
89626, 1
89629, 1
89638, 1
89640, 1
89647, 1
89654, 1
89655, 1
89658, 1
89662, 2
89665, 2
89667, 1
89673, 2
89674, 2
89678, 1
89680, 1
89690, 2
89691, 1
89692, 1
89694, 1
89695, 1
89697, 1
89699, 1
89701, 2
89705, 1
89706, 2
89708, 1
89711, 1
89713, 1
89715, 1
89718, 1
89728, 1
89730, 1
89731, 1
89733, 1
89735, 2
89743, 1
89744, 1
89745, 1
89748, 1
89751, 1
89759, 2
89764, 1
89765, 1
89767, 1
89773, 1
89780, 2
89786, 1
89794, 1
89795, 1
89797, 1
89798, 1
89803, 1
89809, 1
89810, 1
89812, 1
89829, 1
89833, 1
89839, 1
89842, 1
89843, 1
89844, 1
89853, 1
89855, 1
89867, 1
89869, 1
89871, 1
89873, 1
89881, 1
89883, 1
89884, 1
89887, 1
89888, 1
89900, 1
89902, 1
89913, 1
89922, 1
89939, 1
89942, 1
89947, 1
89949, 1
89950, 1
89955, 1
89958, 1
89960, 1
89969, 2
89972, 1
89973, 1
89980, 1
89981, 1
89986, 1
89991, 2
89996, 1
89999, 1
90003, 1
90013, 1
90017, 1
90018, 1
90019, 1
90023, 1
90026, 1
90034, 1
90035, 1
90037, 1
90042, 1
90044, 2
90047, 1
90054, 1
90064, 1
90075, 1
90080, 1
90111, 1
90113, 1
90114, 1
90126, 1
90130, 1
90131, 1
90133, 1
90138, 1
90139, 1
90140, 1
90141, 1
90144, 1
90146, 1
90160, 2
90175, 1
90197, 1
90200, 1
90201, 1
90212, 1
90213, 1
90220, 1
90225, 1
90228, 2
90231, 1
90236, 1
90237, 1
90239, 1
90241, 1
90246, 2
90251, 1
90262, 1
90265, 1
90271, 1
90273, 1
90285, 1
90287, 1
90301, 1
90305, 1
90312, 1
90319, 1
90322, 2
90330, 2
90342, 1
90344, 1
90349, 1
90351, 1
90353, 1
90356, 2
90357, 1
90362, 1
90363, 1
90365, 1
90372, 1
90379, 1
90393, 1
90396, 1
90398, 1
90414, 1
90418, 1
90427, 2
90431, 1
90433, 1
90451, 1
90471, 1
90472, 1
90475, 1
90496, 1
90497, 1
90506, 1
90507, 1
90512, 1
90525, 2
90526, 1
90528, 1
90536, 1
90537, 1
90539, 1
90542, 1
90545, 1
90550, 1
90555, 1
90557, 1
90567, 2
90572, 1
90574, 1
90589, 1
90597, 1
90605, 1
90631, 1
90633, 1
90634, 1
90636, 1
90637, 1
90644, 1
90649, 1
90651, 1
90652, 1
90663, 3
90667, 1
90674, 1
90694, 1
90700, 1
90706, 1
90707, 1
90711, 1
90713, 1
90721, 1
90725, 2
90729, 2
90730, 1
90733, 1
90735, 1
90747, 2
90749, 1
90756, 1
90774, 2
90804, 2
90809, 2
90813, 1
90814, 1
90818, 1
90821, 2
90824, 1
90827, 1
90842, 2
90848, 1
90865, 1
90871, 1
90884, 1
90895, 1
90901, 1
90903, 2
90910, 1
90918, 1
90919, 1
90920, 1
90924, 1
90929, 1
90947, 1
90950, 1
90951, 1
90956, 1
90964, 1
90969, 2
90973, 1
90974, 1
90981, 2
90982, 2
90984, 1
90993, 1
91001, 1
91006, 1
91012, 1
91026, 1
91033, 1
91036, 1
91042, 2
91044, 1
91049, 1
91050, 1
91055, 1
91059, 1
91061, 1
91065, 1
91068, 1
91076, 1
91080, 1
91097, 1
91099, 1
91100, 1
91110, 1
91115, 1
91132, 1
91133, 1
91145, 1
91146, 1
91147, 1
91156, 1
91168, 1
91169, 1
91179, 1
91180, 1
91186, 1
91189, 1
91207, 1
91211, 1
91213, 1
91226, 1
91228, 1
91237, 1
91240, 1
91250, 1
91251, 1
91252, 1
91268, 1
91276, 1
91277, 1
91280, 1
91283, 1
91296, 1
91298, 1
91313, 1
91314, 1
91315, 2
91316, 1
91319, 1
91320, 1
91325, 1
91327, 1
91328, 1
91335, 1
91347, 1
91350, 1
91354, 1
91359, 1
91367, 1
91388, 1
91393, 1
91395, 1
91396, 1
91402, 1
91407, 1
91411, 2
91412, 1
91418, 1
91422, 1
91426, 1
91428, 1
91430, 1
91431, 1
91443, 1
91447, 1
91457, 2
91465, 1
91482, 1
91487, 1
91500, 1
91501, 1
91513, 2
91517, 1
91534, 1
91535, 1
91539, 1
91543, 1
91553, 1
91565, 1
91584, 1
91595, 1
91607, 1
91612, 1
91614, 1
91656, 1
91669, 1
91724, 1
91890, 1
91894, 1
91921, 1
95215, 1
95218, 2
95254, 1
95257, 1
95283, 1
95286, 1
95295, 1
95304, 1
95315, 1
95326, 1
95327, 1
95337, 2
95343, 1
95344, 1
95349, 1
95352, 1
95364, 1
95371, 2
95394, 1
95404, 1
95406, 1
95409, 2
95413, 1
95416, 1
95419, 1
95428, 1
95441, 1
95442, 1
95457, 1
95461, 1
95462, 1
95474, 1
95483, 1
95487, 1
95494, 1
95496, 1
95498, 1
95508, 1
95511, 1
95512, 1
95518, 1
95521, 1
95531, 1
95536, 1
95556, 1
95561, 1
95579, 1
95583, 1
95587, 1
95588, 2
95594, 2
95602, 1
95618, 1
95622, 1
95628, 2
95632, 1
95637, 1
95645, 1
95652, 1
95659, 1
95663, 1
95669, 1
95670, 1
95672, 1
95674, 1
95675, 1
95686, 1
95690, 1
95698, 1
95705, 1
95716, 2
95719, 1
95732, 1
95739, 1
95746, 1
95751, 1
95759, 1
95762, 3
95765, 1
95768, 2
95774, 1
95789, 1
95797, 1
95806, 1
95809, 1
95810, 1
95817, 1
95828, 1
95830, 1
95832, 1
95849, 1
95853, 1
95859, 1
95861, 1
95864, 1
95865, 1
95874, 1
95882, 1
95895, 1
95896, 1
95912, 1
95913, 1
95916, 1
95919, 1
95920, 1
95925, 1
95928, 1
95929, 1
95931, 1
95935, 2
95941, 1
95950, 1
95954, 1
95961, 1
95965, 1
95976, 1
95995, 1
95997, 1
96001, 1
96003, 1
96004, 2
96005, 1
96013, 1
96022, 1
96023, 1
96033, 1
96034, 1
96043, 1
96048, 1
96054, 1
96074, 1
96078, 1
96083, 1
96084, 1
96089, 1
96095, 1
96097, 1
96105, 1
96106, 1
96109, 1
96112, 1
96114, 1
96116, 1
96134, 1
96146, 1
96153, 2
96157, 1
96167, 1
96171, 1
96179, 1
96184, 1
96189, 1
96193, 1
96195, 1
96213, 1
96219, 1
96222, 1
96225, 1
96229, 1
96231, 1
96240, 1
96244, 1
96251, 1
96260, 1
96263, 1
96272, 1
96278, 3
96279, 1
96280, 1
96282, 2
96309, 1
96311, 1
96312, 1
96321, 1
96342, 1
96343, 1
96358, 1
96359, 1
96360, 1
96370, 1
96371, 1
96375, 1
96377, 1
96379, 1
96388, 1
96399, 1
96400, 1
96403, 1
96416, 1
96420, 1
96422, 1
96429, 1
96440, 1
96442, 1
96445, 2
96446, 2
96449, 1
96452, 2
96457, 1
96460, 1
96465, 1
96490, 1
96492, 1
96494, 1
96496, 1
96501, 1
96511, 1
96514, 1
96529, 1
96530, 1
96531, 1
96540, 1
96543, 1
96548, 1
96551, 1
96567, 1
96585, 1
96586, 1
96587, 1
96595, 1
96600, 1
96601, 1
96603, 1
96612, 1
96615, 2
96616, 1
96619, 1
96634, 1
96637, 2
96638, 1
96645, 1
96652, 1
96660, 1
96665, 1
96672, 1
96677, 1
96680, 1
96681, 1
96682, 1
96685, 1
96688, 1
96690, 1
96694, 1
96698, 1
96707, 1
96712, 1
96734, 1
96737, 1
96758, 1
96762, 1
96764, 1
96767, 1
96768, 1
96771, 1
96773, 1
96779, 1
96784, 1
96787, 1
96788, 1
96791, 1
96805, 1
96810, 1
96818, 1
96834, 1
96837, 1
96856, 1
96862, 1
96867, 1
96871, 2
96883, 1
96886, 1
96889, 1
96891, 1
96892, 1
96894, 1
96899, 1
96904, 1
96905, 1
96913, 1
96914, 1
96916, 1
96921, 1
96935, 1
96937, 1
96943, 1
96944, 1
96952, 1
96955, 1
96962, 2
96964, 1
96970, 1
96973, 1
96986, 1
97002, 1
97007, 1
97010, 1
97017, 1
97020, 1
97026, 1
97028, 1
97039, 1
97041, 1
97043, 1
97046, 1
97054, 1
97060, 1
97062, 1
97066, 2
97068, 1
97079, 1
97087, 1
97092, 1
97114, 1
97121, 2
97124, 1
97126, 1
97127, 1
97128, 1
97129, 1
97132, 1
97134, 2
97143, 1
97149, 1
97151, 1
97153, 1
97156, 1
97159, 1
97165, 1
97166, 1
97167, 2
97176, 1
97178, 1
97179, 1
97185, 1
97187, 1
97188, 1
97189, 1
97190, 1
97197, 1
97201, 1
97202, 1
97206, 1
97213, 2
97214, 1
97216, 1
97220, 1
97221, 1
97223, 1
97224, 1
97229, 1
97232, 1
97235, 1
97239, 1
97240, 1
97243, 1
97246, 1
97250, 1
97253, 1
97264, 1
97266, 1
97269, 3
97270, 1
97273, 1
97279, 2
97286, 1
97298, 1
97300, 2
97303, 1
97305, 1
97306, 1
97308, 1
97310, 2
97317, 1
97321, 1
97329, 1
97334, 1
97335, 1
97336, 1
97338, 1
97341, 1
97342, 1
97348, 1
97350, 1
97354, 1
97358, 1
97359, 1
97360, 1
97362, 1
97363, 1
97366, 1
97370, 1
97371, 1
97376, 1
97377, 2
97378, 1
97379, 1
97384, 1
97388, 2
97393, 1
97395, 1
97402, 1
97404, 1
97414, 1
97416, 1
97417, 1
97420, 1
97424, 1
97427, 1
97429, 1
97430, 1
97431, 1
97436, 1
97446, 2
97448, 1
97452, 1
97454, 2
97455, 1
97457, 1
97460, 2
97470, 1
97471, 1
97474, 1
97485, 1
97487, 1
97488, 2
97494, 1
97506, 2
97512, 1
97513, 2
97514, 2
97515, 1
97517, 1
97524, 1
97529, 1
97530, 1
97537, 1
97538, 1
97544, 1
97559, 1
97564, 1
97565, 1
97568, 1
97569, 1
97573, 1
97576, 1
97579, 1
97608, 1
97612, 2
97619, 1
97625, 1
97634, 1
97636, 1
97637, 1
97639, 1
97643, 2
97656, 1
97663, 1
97666, 1
97667, 1
97672, 1
97674, 1
97675, 1
97679, 1
97683, 1
97691, 1
97694, 1
97713, 1
97716, 1
97736, 1
97737, 1
97754, 1
97759, 2
97765, 1
97775, 1
97776, 2
97777, 1
97786, 1
97787, 1
97788, 1
97789, 1
97791, 1
97793, 1
97807, 1
97838, 2
97840, 1
97846, 1
97858, 1
97859, 2
97861, 1
97869, 1
97870, 1
97876, 1
97877, 1
97879, 1
97885, 1
97890, 1
97898, 1
97900, 1
97911, 1
97916, 1
97917, 1
97921, 1
97923, 1
97926, 1
97929, 1
97930, 1
97939, 1
97948, 2
97953, 1
97967, 2
97984, 2
97989, 1
98003, 1
98018, 1
98024, 1
98025, 1
98026, 1
98030, 1
98031, 1
98041, 1
98042, 1
98044, 2
98047, 1
98049, 1
98067, 1
98069, 1
98073, 1
98093, 1
98102, 1
98103, 1
98112, 1
98113, 1
98115, 1
98119, 1
98124, 1
98127, 1
98128, 1
98129, 1
98133, 1
98139, 1
98157, 1
98168, 1
98170, 1
98173, 1
98175, 1
98180, 1
98182, 1
98190, 1
98191, 1
98197, 2
98198, 1
98207, 1
98212, 1
98219, 1
98221, 1
98225, 1
98232, 1
98239, 1
98247, 1
98248, 1
98251, 1
98254, 1
98255, 1
98260, 2
98270, 1
98277, 1
98278, 1
98288, 1
98290, 1
98292, 1
98308, 1
98317, 1
98318, 1
98319, 1
98348, 1
98352, 1
98358, 1
98368, 1
98374, 1
98380, 1
98385, 1
98386, 1
98394, 1
98399, 1
98420, 1
98426, 1
98428, 1
98434, 1
98438, 2
98445, 1
98451, 1
98453, 1
98456, 1
98458, 1
98461, 1
98466, 1
98472, 1
98475, 1
98476, 2
98486, 1
98488, 1
98493, 1
98504, 1
98518, 1
98519, 1
98520, 1
98527, 1
98528, 1
98530, 1
98535, 2
98543, 2
98548, 1
98556, 1
98559, 1
98561, 1
98565, 1
98571, 1
98589, 1
98599, 1
98600, 1
98601, 1
98608, 1
98612, 1
98621, 1
98623, 1
98625, 1
98629, 1
98634, 2
98636, 1
98645, 1
98650, 1
98651, 1
98654, 1
98667, 1
98679, 1
98686, 1
98691, 1
98692, 1
98698, 1
98699, 1
98714, 1
98720, 1
98723, 1
98738, 1
98742, 1
98744, 1
98745, 1
98747, 1
98753, 1
98758, 1
98777, 2
98783, 1
98786, 2
98792, 1
98798, 1
98800, 1
98801, 1
98816, 2
98818, 1
98822, 1
98841, 1
98842, 1
98853, 1
98856, 1
98858, 1
98865, 1
98868, 1
98874, 1
98878, 1
98880, 1
98882, 1
98885, 1
98898, 1
98900, 1
98905, 1
98911, 1
98913, 1
98914, 1
98915, 1
98925, 1
98928, 1
98931, 1
98958, 1
98962, 1
98963, 1
98973, 1
98980, 1
98985, 1
98988, 1
98996, 1
99005, 1
99008, 2
99011, 2
99024, 1
99031, 1
99039, 1
99042, 1
99044, 1
99051, 1
99053, 1
99060, 1
99062, 1
99068, 1
99073, 1
99076, 1
99081, 1
99109, 1
99114, 1
99126, 1
99128, 2
99135, 1
99142, 1
99144, 1
99146, 1
99150, 1
99171, 1
99180, 2
99182, 1
99183, 1
99185, 1
99193, 1
99195, 1
99205, 2
99211, 1
99216, 1
99217, 2
99218, 1
99231, 1
99233, 1
99237, 1
99238, 1
99253, 1
99258, 1
99267, 1
99272, 1
99287, 1
99291, 2
99292, 1
99294, 1
99304, 1
99315, 1
99323, 1
99330, 1
99351, 1
99356, 1
99361, 1
99392, 1
99401, 1
99408, 1
99427, 1
99481, 1
99505, 1
103242, 1
103263, 1
103272, 1
103275, 1
103301, 1
103309, 1
103312, 1
103332, 1
103335, 1
103350, 1
103351, 1
103353, 1
103359, 1
103367, 1
103374, 1
103381, 1
103395, 1
103397, 1
103398, 1
103402, 1
103408, 1
103412, 1
103416, 1
103417, 1
103418, 1
103419, 1
103433, 1
103438, 1
103445, 1
103456, 1
103464, 1
103467, 1
103468, 1
103484, 1
103498, 1
103499, 1
103502, 2
103506, 1
103508, 1
103521, 1
103527, 2
103531, 1
103533, 1
103540, 1
103543, 1
103544, 1
103555, 1
103561, 1
103572, 1
103573, 1
103592, 1
103595, 1
103614, 1
103615, 1
103618, 1
103620, 1
103623, 1
103626, 1
103627, 1
103635, 1
103636, 1
103638, 1
103639, 2
103653, 1
103657, 1
103663, 1
103674, 1
103688, 2
103701, 1
103706, 1
103708, 1
103709, 2
103711, 1
103715, 2
103726, 1
103734, 1
103740, 1
103759, 1
103792, 1
103796, 1
103797, 1
103798, 1
103801, 1
103805, 1
103813, 3
103834, 1
103839, 1
103842, 1
103849, 1
103859, 1
103860, 1
103864, 1
103865, 1
103868, 2
103870, 1
103877, 1
103886, 1
103897, 1
103898, 1
103902, 1
103905, 1
103917, 1
103926, 1
103934, 1
103943, 1
103947, 1
103951, 1
103956, 1
103960, 1
103967, 1
103973, 1
103978, 1
103986, 1
103988, 1
103992, 1
103995, 1
103996, 2
103997, 1
104000, 1
104019, 2
104031, 1
104037, 1
104047, 1
104049, 1
104056, 1
104057, 2
104058, 1
104062, 1
104063, 1
104065, 2
104075, 1
104088, 1
104091, 1
104093, 1
104101, 1
104108, 1
104114, 1
104117, 1
104128, 1
104130, 1
104136, 1
104142, 1
104148, 2
104166, 1
104171, 1
104183, 1
104184, 1
104186, 1
104190, 1
104196, 1
104200, 1
104204, 1
104221, 1
104223, 1
104226, 1
104227, 2
104237, 1
104240, 1
104256, 1
104258, 1
104267, 1
104278, 1
104286, 1
104287, 1
104295, 1
104302, 1
104308, 1
104311, 1
104314, 1
104319, 1
104323, 1
104343, 1
104347, 1
104350, 1
104353, 1
104357, 1
104363, 1
104366, 1
104369, 1
104371, 1
104372, 1
104379, 1
104392, 2
104395, 1
104396, 1
104398, 1
104399, 1
104409, 1
104415, 1
104424, 1
104425, 1
104440, 1
104442, 1
104446, 1
104452, 1
104456, 1
104465, 1
104474, 1
104475, 1
104477, 2
104479, 1
104496, 1
104497, 1
104504, 1
104526, 1
104543, 1
104544, 1
104548, 1
104551, 1
104555, 1
104560, 1
104570, 1
104572, 2
104579, 1
104581, 2
104590, 1
104595, 1
104599, 1
104600, 1
104613, 1
104617, 1
104621, 1
104624, 1
104627, 1
104638, 1
104639, 1
104640, 1
104642, 1
104649, 1
104650, 1
104659, 1
104661, 1
104667, 1
104669, 1
104679, 1
104681, 1
104703, 1
104717, 1
104723, 1
104727, 1
104730, 1
104732, 1
104734, 1
104738, 1
104740, 1
104741, 1
104743, 1
104747, 1
104754, 1
104757, 2
104766, 1
104775, 1
104787, 1
104797, 1
104805, 1
104813, 1
104814, 1
104819, 1
104823, 1
104830, 1
104831, 1
104836, 1
104841, 1
104849, 1
104850, 1
104851, 1
104854, 1
104868, 1
104869, 2
104870, 1
104874, 1
104877, 1
104881, 1
104892, 1
104894, 1
104895, 1
104905, 1
104915, 1
104920, 1
104928, 1
104934, 1
104941, 1
104944, 1
104952, 1
104957, 1
104959, 1
104967, 1
104969, 1
104971, 1
104981, 1
104984, 1
104985, 1
104986, 1
104992, 2
104995, 1
105004, 1
105005, 1
105022, 1
105024, 1
105029, 1
105047, 1
105050, 1
105054, 1
105066, 1
105070, 1
105073, 2
105077, 1
105078, 1
105079, 1
105080, 1
105083, 1
105084, 1
105089, 1
105092, 1
105094, 1
105099, 1
105100, 1
105101, 2
105102, 1
105108, 1
105118, 1
105123, 1
105131, 2
105136, 1
105138, 1
105140, 1
105142, 1
105145, 2
105149, 1
105153, 1
105160, 2
105161, 1
105165, 1
105171, 1
105175, 1
105178, 1
105181, 1
105182, 1
105186, 3
105187, 1
105193, 1
105197, 1
105200, 1
105202, 1
105208, 1
105209, 1
105210, 1
105211, 1
105213, 1
105216, 1
105217, 1
105222, 1
105225, 1
105228, 1
105230, 1
105233, 2
105236, 1
105238, 2
105239, 1
105240, 1
105246, 1
105250, 2
105254, 1
105256, 1
105257, 1
105260, 1
105263, 3
105273, 1
105278, 1
105281, 1
105291, 1
105294, 1
105299, 1
105304, 1
105305, 2
105310, 1
105313, 1
105315, 1
105316, 1
105317, 2
105318, 2
105323, 1
105325, 2
105328, 1
105333, 2
105336, 1
105338, 1
105339, 1
105346, 1
105348, 1
105351, 1
105352, 1
105356, 2
105363, 1
105364, 1
105365, 1
105370, 1
105374, 1
105378, 1
105381, 2
105384, 1
105387, 1
105393, 2
105397, 1
105400, 1
105402, 2
105403, 1
105404, 1
105405, 1
105406, 1
105409, 1
105411, 1
105413, 1
105417, 1
105418, 1
105421, 1
105425, 1
105426, 2
105431, 1
105433, 1
105437, 1
105441, 1
105446, 1
105449, 1
105453, 1
105467, 2
105469, 1
105475, 2
105479, 1
105487, 1
105488, 1
105489, 2
105490, 1
105493, 1
105497, 1
105499, 1
105507, 1
105508, 1
105509, 1
105512, 3
105518, 1
105520, 1
105529, 1
105535, 1
105538, 1
105553, 1
105559, 1
105560, 1
105561, 1
105571, 1
105575, 1
105576, 1
105578, 1
105583, 1
105584, 1
105588, 1
105595, 1
105605, 1
105608, 1
105615, 2
105623, 1
105627, 1
105631, 1
105636, 3
105637, 2
105640, 1
105643, 1
105646, 1
105656, 1
105659, 1
105663, 1
105670, 1
105671, 1
105685, 1
105686, 1
105694, 1
105699, 1
105708, 1
105710, 1
105713, 1
105716, 1
105718, 1
105731, 1
105733, 1
105740, 1
105745, 1
105754, 1
105761, 1
105777, 1
105778, 1
105787, 1
105790, 1
105799, 1
105811, 1
105812, 1
105814, 1
105827, 1
105829, 1
105836, 1
105839, 3
105841, 1
105844, 1
105855, 1
105856, 1
105859, 1
105863, 1
105866, 1
105868, 1
105895, 1
105897, 1
105908, 1
105915, 1
105916, 2
105918, 1
105919, 1
105920, 1
105921, 1
105923, 1
105931, 1
105939, 1
105941, 1
105950, 2
105960, 1
105964, 1
105965, 1
105975, 1
105982, 2
105986, 1
105988, 1
105992, 1
106003, 1
106007, 1
106015, 1
106018, 1
106020, 1
106022, 1
106035, 1
106038, 1
106057, 1
106076, 1
106084, 1
106086, 1
106087, 1
106089, 2
106092, 1
106096, 1
106101, 1
106104, 1
106110, 1
106115, 1
106125, 2
106132, 1
106152, 1
106154, 1
106159, 1
106162, 1
106170, 1
106171, 1
106172, 2
106174, 1
106178, 1
106182, 1
106185, 1
106193, 1
106194, 1
106212, 1
106221, 1
106226, 1
106231, 1
106239, 1
106245, 1
106246, 1
106253, 1
106258, 1
106260, 1
106264, 2
106267, 2
106276, 1
106277, 1
106284, 1
106288, 1
106294, 1
106298, 1
106300, 1
106310, 2
106315, 1
106320, 1
106321, 1
106323, 1
106331, 1
106333, 1
106342, 2
106347, 1
106354, 1
106357, 1
106382, 1
106387, 1
106397, 1
106406, 1
106413, 1
106418, 1
106424, 1
106432, 1
106437, 1
106448, 1
106453, 1
106456, 1
106461, 1
106471, 1
106473, 1
106479, 1
106495, 1
106496, 1
106499, 1
106509, 1
106511, 1
106516, 1
106517, 1
106518, 1
106519, 1
106531, 1
106534, 1
106546, 2
106564, 1
106568, 1
106569, 1
106577, 1
106579, 1
106583, 1
106591, 1
106595, 1
106597, 1
106602, 2
106603, 1
106606, 1
106612, 1
106615, 1
106618, 1
106623, 1
106627, 1
106647, 1
106654, 1
106657, 1
106665, 1
106668, 1
106669, 1
106672, 2
106673, 1
106679, 1
106684, 1
106687, 1
106696, 1
106704, 1
106707, 1
106713, 1
106714, 1
106721, 1
106736, 1
106740, 1
106747, 1
106750, 1
106767, 1
106775, 1
106780, 1
106781, 1
106789, 1
106793, 1
106797, 1
106809, 1
106812, 2
106816, 1
106817, 1
106826, 1
106828, 1
106833, 1
106835, 1
106836, 1
106843, 1
106852, 1
106855, 1
106857, 1
106858, 1
106863, 1
106872, 1
106876, 1
106879, 1
106882, 1
106887, 1
106889, 1
106902, 1
106910, 1
106927, 3
106929, 1
106931, 1
106937, 1
106941, 1
106942, 1
106943, 1
106944, 2
106947, 1
106964, 1
106990, 1
106992, 1
106993, 2
107004, 1
107008, 1
107017, 1
107024, 2
107034, 1
107038, 1
107053, 1
107063, 1
107070, 2
107072, 1
107073, 1
107076, 1
107077, 1
107080, 1
107081, 1
107084, 1
107085, 1
107088, 1
107093, 1
107108, 1
107121, 1
107129, 1
107130, 1
107136, 1
107152, 1
107166, 1
107189, 1
107192, 1
107194, 1
107198, 1
107200, 1
107204, 1
107233, 1
107238, 1
107245, 1
107260, 1
107262, 1
107265, 1
107277, 1
107285, 1
107289, 1
107290, 1
107309, 1
107357, 1
107367, 1
107389, 1
107397, 1
111408, 1
111424, 1
111430, 1
111435, 1
111438, 1
111442, 1
111449, 1
111450, 1
111459, 1
111470, 1
111487, 1
111491, 1
111497, 1
111504, 1
111524, 1
111526, 1
111537, 1
111538, 1
111550, 1
111566, 1
111568, 1
111571, 3
111574, 1
111576, 1
111581, 1
111586, 1
111596, 1
111599, 1
111612, 1
111620, 1
111623, 1
111627, 1
111634, 1
111637, 1
111638, 1
111639, 1
111650, 1
111653, 1
111657, 2
111658, 1
111659, 1
111660, 1
111662, 1
111663, 1
111668, 1
111669, 1
111672, 1
111675, 1
111676, 1
111680, 1
111681, 1
111683, 1
111684, 1
111685, 1
111692, 1
111700, 2
111702, 1
111708, 1
111711, 1
111712, 1
111715, 1
111716, 1
111717, 1
111718, 1
111720, 1
111728, 2
111732, 1
111735, 2
111736, 1
111739, 1
111743, 1
111746, 1
111753, 1
111756, 1
111760, 1
111761, 1
111763, 1
111764, 3
111765, 2
111766, 1
111769, 1
111770, 2
111773, 1
111777, 2
111785, 1
111786, 1
111792, 1
111794, 2
111798, 1
111807, 1
111809, 1
111815, 2
111816, 1
111818, 1
111820, 1
111825, 1
111828, 1
111831, 1
111836, 2
111840, 1
111842, 1
111844, 1
111845, 1
111846, 1
111849, 1
111853, 1
111855, 1
111862, 1
111864, 3
111865, 1
111867, 1
111872, 1
111874, 1
111877, 1
111880, 2
111882, 1
111883, 1
111888, 1
111889, 1
111890, 1
111893, 1
111898, 1
111900, 1
111905, 2
111908, 1
111910, 1
111915, 2
111917, 2
111918, 2
111923, 1
111925, 1
111928, 2
111936, 1
111941, 1
111943, 2
111944, 1
111950, 1
111951, 1
111956, 1
111966, 1
111975, 1
111987, 1
111992, 2
111996, 1
112000, 1
112001, 1
112003, 1
112004, 1
112008, 2
112010, 1
112016, 1
112019, 1
112022, 2
112023, 2
112027, 2
112032, 2
112035, 1
112037, 2
112038, 1
112042, 1
112045, 1
112046, 1
112047, 1
112054, 1
112068, 3
112070, 1
112073, 2
112080, 2
112087, 1
112089, 1
112091, 1
112092, 1
112093, 2
112097, 1
112101, 1
112102, 1
112104, 1
112107, 1
112111, 1
112112, 1
112114, 1
112116, 1
112117, 2
112119, 2
112121, 1
112125, 1
112132, 2
112134, 1
112140, 1
112142, 1
112143, 4
112145, 1
112147, 1
112152, 2
112154, 2
112157, 1
112160, 1
112164, 1
112168, 1
112173, 1
112176, 1
112180, 3
112184, 1
112192, 2
112193, 1
112194, 1
112195, 2
112196, 1
112200, 1
112207, 2
112221, 1
112224, 1
112230, 1
112233, 1
112236, 1
112239, 1
112242, 1
112251, 2
112255, 1
112257, 1
112265, 3
112267, 1
112268, 2
112269, 1
112275, 1
112276, 1
112278, 2
112279, 1
112282, 1
112283, 1
112290, 1
112294, 1
112295, 2
112300, 1
112308, 1
112310, 1
112315, 1
112316, 1
112317, 1
112318, 1
112322, 1
112331, 2
112334, 2
112335, 2
112338, 1
112342, 1
112344, 1
112347, 1
112354, 2
112358, 1
112365, 1
112368, 2
112369, 1
112374, 1
112377, 1
112382, 2
112383, 1
112384, 1
112387, 1
112389, 2
112390, 1
112391, 2
112394, 1
112395, 1
112396, 1
112399, 1
112400, 1
112408, 1
112411, 1
112416, 2
112419, 2
112420, 1
112432, 2
112438, 1
112442, 1
112444, 1
112446, 1
112449, 2
112451, 1
112452, 1
112454, 1
112455, 1
112456, 1
112459, 1
112464, 1
112469, 1
112471, 1
112473, 1
112478, 1
112480, 1
112482, 1
112486, 1
112492, 1
112493, 1
112495, 1
112498, 1
112499, 1
112500, 2
112505, 1
112507, 1
112510, 1
112511, 1
112513, 2
112515, 1
112516, 1
112517, 2
112522, 1
112524, 1
112526, 1
112527, 2
112529, 1
112534, 3
112536, 1
112538, 1
112548, 1
112549, 1
112553, 1
112555, 1
112562, 2
112563, 2
112565, 1
112570, 1
112571, 1
112576, 1
112585, 1
112588, 2
112597, 1
112600, 1
112606, 1
112611, 1
112616, 1
112618, 1
112619, 1
112621, 1
112623, 1
112626, 1
112634, 3
112635, 1
112636, 1
112644, 1
112651, 1
112652, 1
112653, 1
112656, 1
112657, 1
112658, 1
112660, 1
112662, 1
112663, 1
112670, 2
112673, 1
112676, 1
112678, 1
112680, 2
112682, 1
112685, 1
112690, 1
112691, 2
112699, 1
112707, 2
112716, 1
112720, 1
112721, 2
112723, 1
112724, 2
112732, 1
112735, 1
112749, 2
112751, 2
112753, 1
112755, 1
112756, 2
112761, 1
112763, 1
112764, 2
112768, 1
112772, 1
112776, 1
112777, 1
112783, 1
112784, 3
112794, 1
112795, 1
112798, 2
112800, 1
112802, 2
112803, 1
112805, 1
112808, 2
112812, 1
112813, 2
112816, 1
112817, 1
112819, 1
112822, 1
112823, 1
112825, 2
112827, 2
112834, 1
112835, 2
112837, 1
112838, 2
112839, 1
112840, 2
112841, 1
112848, 1
112850, 1
112851, 2
112854, 1
112855, 1
112858, 1
112859, 1
112860, 1
112863, 1
112864, 1
112868, 1
112870, 1
112871, 1
112875, 1
112887, 2
112890, 3
112891, 1
112893, 1
112894, 1
112901, 1
112904, 2
112905, 2
112911, 1
112916, 1
112919, 1
112921, 1
112922, 1
112924, 1
112932, 1
112935, 2
112936, 2
112939, 2
112940, 1
112941, 1
112942, 1
112943, 1
112946, 1
112949, 1
112950, 1
112952, 1
112954, 1
112955, 1
112956, 1
112958, 1
112959, 1
112962, 1
112971, 1
112979, 1
112980, 1
112989, 1
112990, 1
112993, 3
112995, 1
112996, 1
112998, 1
113000, 2
113003, 2
113005, 1
113008, 1
113009, 1
113010, 1
113011, 1
113016, 1
113017, 1
113018, 1
113021, 1
113028, 1
113034, 1
113036, 1
113039, 1
113044, 1
113047, 1
113048, 1
113049, 1
113050, 1
113051, 2
113055, 1
113056, 1
113057, 1
113059, 1
113060, 1
113065, 2
113066, 2
113069, 1
113076, 1
113077, 1
113079, 1
113081, 1
113082, 1
113083, 1
113084, 1
113085, 1
113095, 1
113096, 1
113097, 2
113099, 1
113102, 1
113103, 1
113105, 1
113107, 1
113109, 1
113110, 3
113122, 1
113127, 2
113132, 1
113133, 1
113134, 1
113137, 1
113141, 1
113144, 1
113153, 1
113155, 1
113159, 2
113160, 1
113162, 2
113165, 1
113168, 1
113175, 1
113180, 1
113183, 4
113184, 1
113195, 3
113198, 1
113209, 1
113210, 1
113218, 1
113228, 1
113229, 1
113230, 1
113233, 1
113236, 1
113244, 1
113246, 1
113253, 1
113254, 1
113267, 1
113273, 1
113275, 2
113276, 1
113279, 1
113280, 1
113282, 1
113286, 1
113289, 1
113290, 1
113292, 1
113294, 1
113297, 1
113301, 1
113307, 1
113310, 1
113315, 1
113318, 1
113320, 1
113324, 1
113347, 1
113350, 2
113353, 1
113356, 1
113357, 1
113360, 2
113364, 1
113371, 1
113374, 1
113380, 1
113391, 1
113393, 1
113395, 1
113397, 1
113400, 1
113410, 1
113411, 1
113419, 1
113420, 1
113429, 1
113430, 1
113438, 1
113446, 1
113451, 1
113456, 1
113466, 1
113472, 1
113484, 1
113485, 1
113490, 2
113491, 1
113499, 1
113502, 1
113503, 1
113511, 1
113513, 1
113530, 1
113532, 1
113533, 1
113535, 1
113539, 1
113547, 1
113549, 1
113550, 1
113557, 1
113569, 2
113571, 1
113580, 1
113585, 1
113595, 1
113600, 1
113613, 1
113615, 1
113617, 1
113621, 1
113627, 1
113633, 1
113639, 1
113651, 1
113671, 1
113673, 1
113683, 1
113691, 1
113692, 1
113694, 1
113695, 1
113699, 2
113700, 1
113703, 1
113712, 2
113716, 1
113723, 1
113738, 1
113741, 1
113742, 1
113747, 1
113759, 1
113760, 1
113765, 1
113770, 1
113778, 1
113793, 1
113797, 1
113801, 1
113805, 1
113808, 1
113810, 1
113814, 1
113815, 1
113831, 1
113836, 1
113837, 1
113838, 1
113842, 1
113852, 1
113855, 1
113859, 2
113863, 1
113865, 1
113866, 1
113877, 1
113878, 1
113879, 1
113881, 1
113886, 1
113900, 1
113910, 1
113921, 1
113935, 1
113939, 1
113956, 1
113962, 2
113966, 1
113967, 1
113968, 1
113969, 1
113971, 1
113973, 1
113974, 1
113977, 1
113982, 1
113985, 1
114004, 1
114020, 1
114021, 1
114028, 1
114033, 1
114035, 2
114046, 1
114057, 1
114063, 1
114065, 2
114070, 1
114072, 1
114074, 1
114083, 1
114085, 1
114092, 1
114094, 1
114105, 1
114114, 2
114118, 1
114121, 1
114125, 1
114127, 1
114128, 1
114141, 1
114142, 1
114145, 1
114151, 1
114158, 2
114174, 1
114178, 1
114181, 1
114182, 1
114186, 1
114195, 1
114196, 1
114197, 1
114200, 1
114202, 1
114217, 1
114232, 1
114233, 1
114243, 1
114252, 1
114264, 1
114274, 1
114292, 1
114293, 1
114298, 2
114306, 1
114308, 1
114309, 1
114316, 1
114319, 1
114320, 1
114321, 1
114329, 1
114353, 1
114354, 1
114356, 1
114361, 1
114366, 1
114370, 1
114378, 1
114382, 1
114385, 1
114386, 1
114389, 1
114390, 1
114402, 1
114416, 1
114417, 1
114420, 1
114421, 1
114427, 1
114436, 1
114442, 1
114451, 1
114458, 1
114461, 1
114466, 1
114467, 1
114468, 2
114469, 1
114471, 1
114478, 1
114479, 1
114496, 1
114519, 1
114520, 1
114531, 1
114534, 1
114535, 1
114537, 2
114541, 1
114551, 1
114552, 1
114553, 2
114556, 1
114562, 1
114578, 1
114580, 1
114581, 1
114585, 1
114593, 1
114595, 1
114597, 1
114600, 1
114614, 1
114615, 1
114619, 1
114645, 1
114648, 1
114649, 1
114656, 1
114658, 1
114667, 1
114669, 1
114672, 1
114679, 1
114680, 1
114684, 1
114687, 1
114691, 1
114692, 1
114702, 1
114705, 2
114722, 1
114724, 1
114728, 1
114734, 1
114742, 1
114749, 1
114753, 1
114755, 1
114759, 1
114765, 1
114787, 1
114793, 1
114795, 1
114796, 1
114800, 1
114802, 1
114806, 1
114810, 1
114811, 2
114823, 1
114824, 1
114835, 1
114839, 1
114843, 1
114854, 1
114861, 1
114864, 1
114869, 1
114871, 1
114875, 1
114878, 2
114886, 1
114899, 1
114911, 1
114915, 1
114925, 1
114927, 1
114935, 1
114936, 1
114939, 1
114941, 1
114952, 1
114955, 1
114957, 1
114966, 1
114992, 1
114994, 1
115045, 1
115063, 1
115132, 1
115213, 1
