0, 1
7, 1
8, 1
12, 1
16, 2
22, 1
24, 1
26, 1
27, 1
28, 2
33, 1
35, 2
37, 2
38, 1
39, 1
40, 1
41, 1
42, 2
43, 1
44, 2
45, 1
46, 1
47, 2
48, 3
49, 2
50, 2
51, 3
52, 3
53, 2
55, 3
56, 1
57, 3
58, 3
59, 3
60, 6
61, 5
62, 2
63, 2
64, 3
65, 4
66, 3
67, 10
68, 3
69, 3
70, 2
71, 3
72, 3
73, 3
74, 3
75, 1
76, 3
77, 6
78, 4
79, 3
81, 8
82, 3
83, 4
84, 8
85, 3
86, 6
87, 6
89, 4
90, 5
91, 6
92, 5
93, 1
94, 3
95, 2
96, 3
97, 3
98, 3
99, 3
100, 8
101, 4
102, 4
103, 1
104, 2
105, 3
106, 2
107, 1
108, 2
109, 3
110, 2
112, 3
113, 1
114, 6
115, 3
116, 3
119, 1
120, 2
121, 4
122, 4
125, 1
126, 2
127, 3
128, 3
129, 3
130, 4
131, 2
132, 1
133, 3
134, 1
135, 3
136, 2
137, 4
138, 3
139, 2
140, 1
141, 2
142, 3
143, 3
144, 4
145, 2
146, 8
147, 4
148, 5
149, 1
150, 3
151, 1
152, 4
153, 9
154, 4
155, 5
156, 2
157, 1
158, 2
159, 2
160, 3
161, 1
162, 4
163, 6
164, 4
165, 3
166, 3
167, 5
168, 1
169, 9
170, 3
171, 6
172, 7
173, 2
174, 2
175, 4
176, 6
177, 3
178, 6
179, 2
180, 4
181, 3
182, 3
183, 1
184, 3
185, 6
186, 5
187, 2
188, 3
189, 2
190, 3
191, 3
192, 1
193, 2
194, 3
195, 2
196, 3
197, 1
198, 4
200, 3
201, 3
202, 2
204, 1
206, 4
207, 2
208, 5
210, 2
212, 1
213, 3
214, 4
215, 4
216, 1
217, 3
219, 3
220, 3
221, 2
222, 3
223, 4
224, 2
225, 1
226, 1
227, 3
228, 3
229, 3
230, 4
231, 4
232, 8
233, 3
234, 4
235, 3
237, 3
238, 9
239, 4
240, 3
241, 6
243, 2
244, 2
245, 2
246, 3
247, 1
248, 4
249, 7
250, 4
251, 2
252, 2
253, 5
254, 4
255, 10
256, 2
257, 4
258, 6
259, 4
260, 4
261, 4
262, 4
263, 5
264, 3
265, 3
266, 3
267, 4
268, 2
269, 2
270, 2
271, 9
272, 2
273, 2
274, 3
275, 2
276, 4
277, 2
279, 2
280, 3
281, 2
282, 4
283, 1
284, 3
285, 1
286, 4
287, 3
290, 1
291, 1
292, 4
293, 5
294, 1
295, 1
297, 2
299, 6
300, 4
301, 1
302, 3
303, 1
304, 3
305, 2
306, 2
307, 2
308, 4
309, 4
310, 1
311, 1
312, 2
313, 3
314, 4
315, 2
316, 3
317, 8
318, 4
319, 4
320, 3
321, 2
323, 7
324, 8
325, 3
326, 7
328, 2
330, 1
331, 6
333, 3
334, 5
335, 6
336, 4
338, 5
339, 4
340, 7
341, 6
342, 3
343, 7
344, 3
345, 3
346, 4
347, 6
348, 3
349, 5
350, 2
351, 5
352, 1
353, 4
354, 1
355, 4
356, 4
357, 6
358, 2
359, 4
360, 1
361, 4
362, 3
364, 1
365, 4
366, 2
367, 3
368, 2
369, 3
371, 5
372, 2
373, 1
375, 1
377, 3
378, 5
379, 2
380, 2
381, 1
383, 1
384, 3
385, 4
386, 3
387, 3
388, 2
389, 1
390, 3
391, 2
392, 2
393, 4
394, 3
395, 1
396, 2
397, 3
398, 1
399, 2
400, 5
401, 2
402, 6
403, 6
404, 3
405, 6
406, 2
407, 1
408, 3
409, 5
410, 8
411, 3
412, 5
414, 2
415, 2
416, 4
418, 3
419, 3
420, 8
421, 3
422, 2
423, 1
424, 6
425, 6
426, 5
427, 5
428, 7
429, 4
430, 1
431, 6
432, 4
433, 4
434, 6
435, 2
436, 3
437, 3
438, 4
439, 2
440, 2
441, 2
442, 8
443, 3
444, 4
445, 2
446, 3
447, 2
448, 2
450, 3
451, 3
452, 1
453, 3
454, 3
455, 2
456, 1
457, 5
458, 2
461, 1
462, 1
463, 5
464, 4
465, 2
467, 1
469, 3
470, 4
471, 4
472, 1
473, 2
474, 2
475, 1
476, 4
477, 2
478, 3
479, 4
480, 2
481, 2
482, 1
483, 2
484, 2
485, 4
486, 4
487, 2
488, 8
489, 5
490, 3
491, 3
492, 2
494, 7
495, 7
496, 4
497, 5
498, 2
499, 2
500, 1
501, 2
502, 4
504, 4
505, 8
506, 2
507, 4
508, 1
509, 5
510, 1
511, 11
512, 5
513, 1
514, 9
515, 2
516, 4
517, 3
518, 5
519, 5
520, 4
521, 1
522, 6
523, 1
524, 4
525, 1
526, 3
527, 6
528, 4
529, 3
530, 4
531, 1
532, 4
533, 3
536, 5
537, 2
538, 4
540, 3
541, 1
542, 4
543, 3
544, 1
546, 1
547, 1
548, 3
549, 4
550, 2
551, 1
552, 2
554, 1
555, 4
556, 3
557, 4
558, 1
559, 2
560, 3
561, 1
562, 3
563, 1
564, 5
565, 3
566, 3
568, 3
569, 1
570, 3
571, 3
572, 5
573, 3
574, 7
575, 5
576, 3
577, 2
578, 2
579, 3
580, 7
581, 4
582, 5
583, 5
584, 1
585, 1
586, 1
587, 5
588, 1
589, 1
590, 5
591, 6
592, 3
593, 3
594, 5
595, 2
596, 7
597, 8
598, 1
599, 5
600, 7
601, 2
602, 4
603, 4
604, 4
605, 5
606, 3
607, 3
608, 3
609, 4
610, 2
611, 1
612, 4
613, 8
614, 2
615, 2
616, 4
617, 2
618, 3
619, 2
621, 5
622, 1
623, 2
624, 3
625, 1
626, 3
627, 3
628, 3
629, 2
632, 1
633, 3
634, 3
635, 3
636, 3
638, 1
640, 4
641, 3
642, 1
643, 4
644, 1
645, 3
646, 3
647, 1
648, 2
649, 4
650, 5
651, 2
652, 1
653, 1
654, 3
655, 1
656, 2
657, 4
658, 5
659, 5
660, 6
661, 4
662, 3
663, 2
664, 2
665, 6
666, 7
667, 4
668, 4
669, 2
670, 2
671, 1
672, 1
673, 4
674, 1
675, 3
676, 7
677, 3
678, 5
680, 7
681, 3
682, 6
683, 6
684, 2
685, 9
686, 2
687, 6
688, 1
689, 6
690, 5
691, 3
692, 2
693, 5
694, 2
695, 2
696, 2
697, 3
698, 9
699, 2
700, 2
701, 4
702, 2
703, 4
704, 2
706, 3
707, 2
708, 4
709, 2
711, 3
712, 2
713, 4
714, 2
715, 1
718, 1
719, 5
720, 3
721, 3
722, 1
724, 1
725, 2
726, 1
727, 5
728, 4
729, 3
730, 1
732, 4
733, 1
734, 3
735, 3
736, 5
737, 2
739, 2
740, 2
741, 3
742, 4
743, 2
744, 5
745, 7
746, 4
747, 4
748, 3
749, 2
750, 1
751, 9
752, 5
753, 4
754, 4
755, 1
756, 1
757, 2
758, 4
759, 1
760, 1
761, 8
762, 3
763, 5
764, 2
765, 5
766, 2
767, 5
768, 9
769, 1
770, 7
771, 4
772, 2
773, 5
774, 5
775, 4
776, 3
777, 4
778, 1
779, 6
780, 3
781, 2
782, 1
783, 3
784, 8
785, 4
786, 2
787, 3
788, 2
789, 5
792, 3
793, 3
794, 3
795, 2
796, 3
797, 1
798, 3
799, 4
800, 1
803, 1
804, 4
805, 2
806, 3
807, 2
808, 1
809, 1
810, 1
811, 2
812, 4
813, 3
814, 3
815, 1
816, 2
817, 4
818, 1
819, 2
820, 5
821, 1
822, 3
823, 2
825, 3
826, 3
827, 5
828, 1
829, 5
830, 6
831, 6
832, 4
833, 1
834, 2
835, 3
836, 2
837, 9
838, 6
839, 3
840, 2
841, 2
842, 1
843, 3
844, 2
845, 1
846, 5
847, 6
848, 2
849, 5
850, 4
851, 3
852, 1
853, 11
854, 4
855, 4
856, 6
857, 2
858, 4
859, 5
860, 2
861, 6
862, 2
863, 4
864, 4
865, 3
866, 3
867, 2
868, 2
869, 7
870, 3
871, 4
872, 3
873, 1
874, 5
875, 2
877, 2
878, 3
879, 3
880, 2
881, 2
882, 3
883, 2
884, 2
885, 3
886, 1
888, 1
889, 1
890, 4
891, 3
892, 2
893, 1
894, 2
896, 1
897, 4
898, 3
899, 3
900, 3
901, 2
903, 4
904, 2
905, 3
906, 4
907, 1
908, 2
909, 2
910, 3
911, 2
912, 2
913, 4
914, 3
915, 6
916, 7
917, 4
918, 1
919, 4
921, 6
922, 6
923, 7
924, 4
925, 2
926, 1
927, 1
928, 2
929, 3
930, 2
931, 2
932, 6
933, 4
934, 6
936, 5
937, 3
938, 4
939, 10
940, 1
941, 8
942, 4
943, 2
944, 4
945, 5
946, 5
947, 5
948, 2
949, 3
950, 3
951, 4
953, 3
954, 2
955, 9
956, 3
957, 3
958, 1
959, 4
960, 4
963, 4
964, 2
965, 2
966, 3
967, 3
968, 1
969, 4
970, 2
971, 2
974, 1
975, 3
976, 4
977, 3
978, 1
979, 2
982, 4
983, 3
984, 4
985, 1
986, 3
987, 1
988, 2
989, 2
990, 2
991, 5
992, 4
993, 2
994, 1
995, 2
996, 2
997, 2
998, 4
999, 2
1000, 5
1001, 7
1002, 4
1003, 4
1004, 1
1005, 3
1006, 3
1007, 7
1008, 3
1009, 7
1010, 4
1011, 1
1012, 2
1013, 1
1014, 2
1015, 4
1016, 1
1017, 4
1018, 6
1019, 5
1020, 2
1021, 4
1022, 3
1023, 1
1024, 11
1025, 4
1026, 3
1027, 8
1028, 2
1029, 3
1030, 5
1031, 6
1032, 2
1033, 4
1034, 2
1035, 4
1036, 2
1037, 4
1038, 2
1039, 2
1040, 6
1041, 6
1042, 2
1043, 2
1044, 3
1045, 4
1046, 1
1047, 1
1048, 2
1049, 3
1050, 3
1051, 3
1053, 4
1055, 5
1056, 1
1057, 2
1059, 1
1061, 5
1062, 3
1063, 3
1064, 1
1065, 1
1067, 3
1068, 2
1069, 3
1070, 5
1071, 2
1072, 1
1073, 2
1074, 2
1075, 3
1076, 1
1077, 4
1078, 3
1079, 3
1081, 4
1082, 1
1083, 2
1084, 4
1085, 4
1086, 5
1087, 7
1088, 4
1089, 3
1091, 2
1092, 6
1093, 6
1094, 5
1095, 6
1096, 2
1098, 2
1099, 2
1100, 3
1101, 2
1102, 3
1103, 5
1104, 7
1105, 2
1106, 2
1107, 3
1108, 4
1109, 7
1110, 7
1111, 1
1112, 7
1113, 5
1114, 2
1115, 4
1116, 5
1117, 5
1118, 4
1119, 2
1120, 3
1121, 4
1122, 3
1123, 2
1124, 2
1125, 3
1126, 8
1127, 3
1128, 3
1129, 1
1130, 4
1131, 2
1132, 2
1133, 1
1134, 3
1135, 2
1136, 3
1137, 2
1138, 1
1139, 3
1140, 3
1141, 3
1142, 2
1145, 1
1146, 2
1147, 4
1148, 4
1149, 2
1151, 1
1152, 1
1153, 2
1154, 4
1155, 3
1156, 2
1157, 4
1159, 3
1160, 2
1161, 2
1162, 2
1163, 6
1164, 2
1165, 1
1166, 1
1167, 3
1168, 2
1169, 3
1170, 3
1171, 4
1172, 8
1173, 4
1174, 3
1175, 3
1176, 2
1177, 3
1178, 6
1179, 7
1180, 3
1181, 4
1182, 2
1183, 2
1184, 2
1185, 1
1186, 4
1187, 1
1188, 3
1189, 8
1190, 3
1191, 3
1192, 2
1193, 5
1194, 5
1195, 5
1196, 5
1197, 6
1198, 6
1199, 1
1200, 6
1201, 2
1202, 6
1203, 4
1204, 3
1205, 1
1206, 6
1207, 4
1208, 1
1209, 2
1210, 3
1211, 4
1212, 7
1213, 2
1214, 4
1215, 1
1216, 4
1217, 2
1219, 3
1220, 2
1221, 4
1222, 2
1223, 1
1224, 2
1225, 2
1226, 3
1227, 3
1228, 1
1230, 1
1231, 2
1232, 2
1233, 4
1234, 3
1235, 1
1237, 1
1238, 2
1239, 3
1240, 3
1241, 4
1242, 3
1243, 1
1244, 1
1245, 3
1246, 3
1247, 1
1248, 5
1249, 2
1250, 2
1251, 2
1252, 2
1253, 3
1254, 2
1255, 4
1256, 2
1257, 10
1258, 4
1259, 4
1260, 2
1261, 2
1262, 1
1263, 4
1264, 9
1265, 4
1266, 5
1267, 2
1268, 2
1270, 2
1271, 3
1272, 2
1273, 3
1274, 7
1275, 5
1276, 2
1277, 1
1278, 6
1279, 3
1280, 6
1281, 5
1282, 4
1283, 7
1284, 4
1285, 3
1286, 3
1287, 6
1288, 4
1289, 5
1290, 2
1291, 4
1292, 2
1293, 4
1294, 1
1295, 1
1296, 6
1297, 5
1298, 3
1299, 4
1300, 2
1301, 3
1302, 2
1303, 2
1304, 1
1305, 3
1306, 1
1307, 4
1308, 2
1309, 3
1310, 2
1311, 2
1312, 4
1313, 1
1315, 1
1317, 4
1318, 3
1319, 3
1320, 2
1322, 1
1324, 4
1325, 4
1326, 3
1327, 2
1328, 2
1329, 1
1330, 4
1331, 1
1332, 2
1333, 5
1334, 1
1335, 4
1336, 1
1337, 1
1338, 3
1339, 2
1340, 4
1341, 1
1342, 6
1343, 8
1344, 5
1345, 3
1346, 2
1347, 1
1348, 3
1349, 6
1350, 9
1351, 2
1352, 4
1353, 2
1354, 1
1355, 2
1356, 3
1357, 2
1359, 6
1360, 6
1361, 5
1362, 1
1363, 6
1364, 1
1365, 3
1366, 8
1367, 5
1368, 5
1369, 5
1370, 2
1371, 6
1372, 3
1373, 5
1374, 4
1375, 4
1376, 1
1377, 4
1378, 3
1379, 3
1380, 2
1381, 4
1382, 6
1383, 4
1384, 3
1385, 2
1386, 2
1387, 4
1388, 2
1390, 2
1391, 4
1392, 2
1393, 3
1394, 2
1395, 1
1396, 3
1397, 3
1398, 3
1401, 1
1402, 1
1403, 4
1404, 4
1405, 2
1406, 1
1407, 1
1408, 1
1409, 2
1410, 3
1411, 2
1412, 5
1413, 1
1414, 2
1415, 2
1416, 2
1417, 2
1418, 2
1419, 3
1420, 5
1421, 2
1423, 3
1424, 3
1425, 3
1426, 3
1427, 3
1428, 8
1429, 5
1430, 2
1431, 4
1432, 2
1433, 1
1434, 6
1435, 7
1436, 5
1437, 4
1438, 2
1439, 1
1440, 1
1441, 2
1442, 5
1444, 1
1445, 8
1446, 5
1447, 1
1448, 4
1449, 5
1450, 3
1451, 8
1452, 5
1453, 3
1454, 8
1455, 2
1456, 4
1457, 2
1458, 5
1459, 4
1460, 4
1461, 3
1462, 3
1463, 4
1464, 3
1465, 2
1466, 2
1467, 7
1468, 5
1469, 1
1470, 4
1471, 1
1472, 5
1473, 3
1476, 5
1477, 2
1478, 3
1479, 1
1480, 2
1481, 2
1482, 4
1483, 4
1486, 1
1488, 4
1489, 2
1490, 4
1491, 2
1493, 1
1494, 1
1495, 2
1496, 5
1497, 3
1498, 2
1499, 2
1500, 1
1501, 3
1502, 3
1503, 1
1504, 4
1505, 3
1506, 2
1507, 2
1508, 2
1509, 2
1510, 3
1511, 4
1512, 2
1513, 4
1514, 8
1515, 5
1516, 3
1517, 2
1518, 1
1519, 2
1520, 8
1521, 5
1522, 5
1523, 5
1525, 2
1526, 2
1527, 1
1528, 3
1529, 2
1530, 5
1531, 6
1532, 4
1533, 2
1534, 5
1535, 2
1536, 7
1537, 5
1538, 4
1539, 5
1540, 5
1541, 3
1542, 3
1543, 4
1544, 6
1545, 3
1546, 4
1547, 5
1548, 3
1549, 3
1550, 1
1551, 1
1552, 3
1553, 8
1554, 4
1555, 3
1556, 2
1557, 1
1558, 6
1559, 1
1561, 2
1562, 4
1563, 3
1564, 1
1565, 2
1566, 3
1567, 2
1568, 3
1569, 3
1572, 1
1573, 1
1574, 4
1575, 4
1576, 2
1577, 1
1578, 1
1580, 4
1581, 3
1582, 3
1583, 2
1584, 2
1585, 2
1586, 1
1587, 2
1588, 4
1589, 1
1590, 5
1591, 3
1592, 2
1593, 1
1594, 3
1595, 1
1596, 4
1597, 4
1598, 2
1599, 4
1600, 8
1601, 4
1602, 3
1603, 1
1604, 3
1605, 2
1606, 9
1607, 7
1608, 2
1609, 3
1610, 2
1611, 1
1613, 4
1614, 2
1615, 4
1616, 5
1617, 5
1618, 4
1619, 3
1620, 4
1621, 1
1622, 8
1623, 6
1624, 3
1625, 5
1626, 5
1627, 3
1628, 4
1629, 4
1630, 6
1631, 4
1632, 1
1633, 4
1634, 3
1635, 4
1636, 1
1637, 2
1638, 7
1639, 4
1640, 4
1641, 3
1643, 5
1644, 2
1645, 1
1646, 1
1647, 4
1648, 2
1649, 3
1650, 1
1651, 2
1652, 2
1653, 3
1654, 4
1655, 1
1657, 1
1659, 5
1660, 4
1661, 1
1662, 2
1663, 1
1665, 1
1666, 4
1667, 3
1668, 4
1670, 4
1671, 1
1672, 2
1673, 3
1674, 1
1675, 5
1676, 3
1677, 2
1678, 1
1679, 3
1680, 2
1681, 1
1682, 5
1683, 3
1684, 4
1685, 7
1686, 3
1687, 6
1689, 2
1690, 4
1691, 6
1692, 4
1693, 6
1694, 4
1695, 1
1696, 2
1697, 2
1698, 3
1699, 2
1700, 1
1701, 5
1702, 5
1703, 6
1704, 1
1705, 6
1706, 2
1707, 3
1708, 7
1709, 4
1710, 5
1711, 8
1713, 4
1714, 6
1715, 5
1716, 4
1717, 2
1718, 3
1719, 5
1720, 4
1721, 1
1722, 1
1723, 2
1724, 9
1725, 3
1726, 3
1727, 2
1728, 3
1729, 3
1730, 2
1732, 5
1733, 1
1734, 4
1735, 1
1736, 1
1737, 3
1738, 3
1739, 3
1740, 2
1743, 1
1744, 3
1745, 3
1746, 4
1747, 1
1748, 1
1749, 1
1750, 1
1751, 3
1752, 3
1753, 4
1755, 3
1756, 2
1757, 2
1758, 2
1759, 3
1760, 1
1761, 5
1762, 4
1763, 1
1765, 3
1766, 3
1767, 2
1768, 4
1769, 3
1770, 6
1771, 7
1772, 4
1773, 2
1774, 1
1775, 4
1776, 3
1777, 7
1778, 7
1779, 4
1780, 1
1781, 2
1783, 2
1784, 4
1785, 2
1786, 3
1787, 5
1788, 5
1789, 4
1791, 7
1792, 3
1793, 7
1794, 5
1795, 2
1796, 8
1797, 3
1798, 3
1799, 6
1800, 3
1801, 6
1802, 3
1803, 2
1804, 3
1805, 4
1806, 2
1807, 2
1808, 3
1809, 4
1810, 7
1811, 2
1812, 4
1813, 2
1814, 4
1815, 2
1817, 2
1818, 3
1819, 3
1820, 3
1821, 1
1822, 3
1823, 1
1824, 3
1825, 4
1828, 1
1830, 4
1831, 4
1832, 1
1833, 2
1834, 1
1835, 1
1836, 1
1837, 4
1838, 3
1839, 3
1840, 2
1841, 3
1842, 1
1843, 3
1844, 1
1845, 2
1846, 4
1847, 4
1848, 3
1850, 1
1851, 4
1852, 1
1853, 5
1854, 3
1855, 3
1856, 10
1857, 2
1858, 4
1859, 3
1861, 3
1862, 9
1863, 3
1864, 5
1865, 5
1867, 2
1868, 1
1869, 3
1870, 3
1871, 2
1872, 5
1873, 6
1874, 4
1875, 1
1876, 6
1877, 1
1878, 7
1879, 7
1880, 2
1881, 4
1882, 8
1883, 1
1884, 3
1885, 5
1886, 6
1887, 3
1888, 5
1889, 2
1890, 4
1891, 2
1892, 2
1893, 3
1894, 2
1895, 7
1896, 4
1897, 3
1898, 2
1899, 4
1900, 2
1901, 2
1903, 5
1905, 5
1907, 4
1908, 1
1909, 1
1910, 4
1911, 3
1914, 1
1915, 2
1916, 5
1917, 2
1918, 2
1919, 1
1920, 1
1921, 1
1922, 3
1923, 2
1924, 3
1925, 4
1926, 3
1928, 1
1929, 4
1930, 1
1931, 4
1932, 5
1933, 2
1934, 1
1935, 1
1936, 3
1937, 1
1938, 4
1939, 3
1940, 3
1941, 10
1942, 2
1943, 5
1944, 2
1945, 2
1946, 2
1947, 6
1948, 6
1949, 4
1950, 6
1951, 1
1952, 2
1953, 1
1954, 1
1955, 5
1956, 1
1957, 3
1958, 6
1959, 4
1960, 4
1961, 3
1962, 2
1963, 4
1964, 7
1965, 6
1966, 4
1967, 6
1968, 3
1969, 4
1970, 4
1971, 5
1972, 4
1973, 2
1974, 3
1975, 4
1976, 4
1977, 4
1979, 2
1980, 2
1981, 9
1982, 2
1983, 4
1984, 2
1985, 3
1986, 4
1988, 2
1989, 3
1990, 2
1991, 3
1992, 1
1993, 3
1994, 1
1995, 4
1996, 4
2000, 1
2001, 4
2002, 4
2003, 3
2004, 1
2005, 1
2006, 1
2008, 4
2009, 2
2010, 3
2011, 4
2012, 2
2013, 2
2014, 2
2016, 3
2017, 3
2018, 5
2019, 3
2021, 3
2022, 1
2023, 2
2024, 5
2025, 3
2026, 5
2027, 7
2028, 4
2029, 2
2030, 3
2031, 1
2032, 4
2033, 9
2034, 5
2035, 3
2036, 4
2038, 2
2039, 2
2040, 2
2041, 3
2042, 2
2043, 6
2044, 6
2045, 1
2046, 3
2047, 1
2048, 6
2049, 5
2050, 10
2051, 1
2052, 5
2053, 7
2054, 1
2055, 6
2056, 4
2057, 4
2058, 6
2059, 1
2060, 2
2061, 4
2062, 3
2063, 3
2064, 1
2065, 3
2066, 7
2067, 4
2068, 3
2069, 3
2070, 3
2071, 3
2072, 1
2074, 5
2075, 1
2076, 2
2077, 3
2078, 2
2079, 2
2080, 2
2081, 3
2082, 3
2084, 1
2086, 1
2087, 5
2088, 3
2089, 2
2090, 1
2091, 1
2093, 3
2094, 3
2095, 5
2096, 2
2097, 3
2099, 1
2100, 3
2101, 3
2103, 6
2104, 3
2105, 2
2107, 3
2108, 3
2109, 4
2110, 1
2111, 7
2112, 4
2113, 5
2114, 4
2115, 4
2116, 1
2117, 2
2118, 5
2119, 6
2120, 6
2121, 3
2122, 3
2123, 2
2125, 3
2126, 4
2127, 2
2128, 2
2129, 8
2130, 3
2131, 3
2132, 1
2133, 6
2134, 1
2135, 6
2136, 8
2137, 4
2138, 6
2139, 3
2140, 6
2141, 1
2142, 5
2143, 5
2144, 4
2145, 2
2146, 4
2147, 3
2148, 3
2149, 2
2150, 2
2151, 3
2152, 7
2153, 3
2154, 3
2155, 1
2156, 5
2157, 2
2158, 1
2159, 1
2160, 4
2161, 1
2162, 5
2164, 3
2165, 1
2166, 5
2167, 2
2168, 1
2170, 1
2171, 1
2172, 3
2173, 4
2174, 2
2175, 2
2177, 1
2178, 2
2179, 4
2180, 2
2181, 3
2182, 3
2183, 2
2184, 1
2185, 2
2186, 4
2187, 1
2188, 5
2189, 2
2190, 3
2192, 2
2193, 2
2194, 4
2195, 2
2196, 5
2197, 1
2198, 11
2199, 2
2200, 3
2201, 3
2202, 2
2203, 2
2204, 9
2205, 5
2206, 3
2207, 5
2208, 1
2209, 1
2210, 2
2211, 2
2212, 3
2213, 2
2214, 5
2215, 7
2216, 4
2218, 3
2219, 4
2220, 4
2221, 9
2222, 3
2223, 6
2224, 6
2225, 1
2226, 3
2227, 6
2228, 5
2229, 5
2230, 1
2231, 4
2232, 5
2233, 2
2234, 2
2235, 2
2236, 4
2237, 6
2238, 3
2239, 2
2240, 4
2241, 2
2242, 3
2243, 2
2245, 5
2246, 1
2247, 3
2248, 2
2249, 2
2250, 2
2251, 3
2252, 3
2253, 2
2256, 1
2257, 2
2258, 5
2259, 3
2260, 1
2261, 2
2263, 1
2264, 2
2265, 3
2266, 5
2267, 2
2268, 1
2269, 2
2270, 3
2271, 2
2272, 2
2273, 1
2274, 5
2275, 2
2276, 3
2277, 1
2278, 2
2279, 3
2280, 3
2281, 4
2282, 3
2283, 7
2284, 5
2285, 4
2286, 2
2287, 2
2288, 1
2289, 6
2290, 8
2291, 4
2292, 4
2293, 2
2294, 2
2295, 1
2296, 1
2297, 5
2299, 4
2300, 7
2301, 3
2302, 4
2303, 1
2304, 6
2305, 5
2306, 3
2307, 7
2308, 2
2309, 9
2310, 2
2311, 6
2312, 2
2313, 5
2314, 5
2315, 3
2316, 2
2317, 5
2318, 2
2319, 4
2320, 2
2321, 1
2322, 6
2323, 4
2324, 3
2325, 3
2326, 3
2327, 2
2328, 4
2330, 2
2331, 3
2332, 2
2333, 3
2334, 3
2335, 1
2336, 2
2337, 3
2338, 4
2341, 1
2342, 1
2343, 2
2344, 5
2345, 2
2346, 1
2347, 2
2349, 1
2350, 4
2351, 4
2352, 3
2353, 1
2354, 2
2355, 4
2357, 3
2358, 2
2359, 4
2360, 3
2361, 3
2363, 2
2364, 3
2365, 2
2366, 3
2367, 5
2368, 5
2369, 7
2370, 3
2371, 4
2372, 1
2373, 3
2374, 4
2375, 4
2376, 5
2377, 6
2378, 4
2379, 1
2380, 1
2381, 2
2382, 4
2383, 1
2384, 2
2385, 6
2386, 4
2387, 4
2388, 2
2389, 6
2390, 1
2391, 6
2392, 7
2393, 3
2394, 7
2395, 5
2396, 3
2397, 3
2398, 3
2399, 6
2400, 5
2401, 2
2402, 2
2403, 4
2404, 5
2405, 1
2406, 2
2407, 2
2408, 9
2409, 3
2410, 2
2411, 3
2412, 4
2413, 1
2414, 2
2415, 1
2416, 2
2417, 4
2418, 2
2419, 2
2420, 3
2421, 1
2422, 4
2423, 1
2424, 3
2427, 1
2428, 3
2429, 3
2430, 4
2431, 2
2432, 1
2434, 1
2435, 2
2436, 5
2437, 4
2438, 1
2439, 2
2440, 1
2441, 3
2442, 2
2443, 2
2444, 3
2445, 5
2447, 3
2448, 1
2449, 2
2450, 4
2451, 3
2452, 3
2453, 2
2454, 10
2455, 3
2456, 3
2457, 4
2458, 1
2459, 3
2460, 7
2461, 4
2462, 5
2463, 4
2464, 2
2465, 2
2467, 3
2468, 3
2469, 2
2470, 3
2471, 8
2472, 3
2473, 3
2474, 3
2475, 4
2476, 2
2477, 9
2478, 5
2479, 3
2480, 9
2482, 4
2483, 4
2484, 5
2485, 4
2486, 4
2487, 2
2488, 4
2489, 4
2490, 3
2491, 2
2493, 9
2494, 2
2495, 4
2496, 2
2497, 2
2498, 5
2499, 1
2500, 1
2501, 1
2502, 4
2503, 2
2504, 4
2505, 2
2506, 1
2507, 2
2508, 4
2509, 3
2512, 1
2513, 1
2514, 4
2515, 4
2516, 1
2517, 2
2518, 1
2520, 1
2521, 3
2522, 4
2523, 3
2524, 2
2525, 3
2526, 2
2527, 2
2528, 2
2529, 2
2530, 5
2531, 3
2532, 2
2534, 3
2535, 3
2536, 1
2537, 3
2538, 4
2539, 5
2540, 6
2541, 4
2542, 3
2543, 4
2544, 3
2545, 1
2546, 8
2547, 6
2548, 4
2549, 3
2551, 2
2552, 1
2553, 5
2554, 1
2555, 3
2556, 5
2557, 6
2558, 2
2559, 2
2560, 7
2561, 1
2562, 4
2563, 8
2564, 5
2565, 5
2566, 5
2567, 2
2568, 4
2569, 4
2570, 6
2571, 2
2572, 4
2573, 3
2574, 3
2575, 5
2576, 1
2577, 2
2578, 2
2579, 10
2580, 2
2581, 3
2582, 2
2583, 4
2584, 2
2585, 1
2587, 5
2588, 2
2589, 3
2590, 1
2591, 3
2592, 1
2593, 3
2594, 3
2595, 2
2597, 1
2599, 3
2600, 2
2601, 4
2602, 3
2603, 1
2605, 1
2606, 2
2607, 5
2608, 2
2609, 3
2610, 2
2611, 1
2612, 3
2613, 2
2614, 2
2615, 4
2616, 3
2617, 2
2618, 2
2619, 2
2620, 2
2621, 1
2622, 5
2623, 4
2624, 1
2625, 8
2626, 6
2627, 4
2628, 1
2629, 2
2630, 3
2631, 7
2632, 5
2633, 3
2634, 6
2635, 1
2636, 2
2637, 2
2638, 2
2639, 3
2641, 5
2642, 7
2643, 3
2644, 2
2645, 4
2646, 4
2647, 5
2648, 6
2649, 5
2650, 4
2651, 6
2652, 3
2653, 5
2654, 4
2655, 3
2656, 5
2657, 3
2658, 2
2659, 4
2660, 4
2661, 2
2662, 2
2663, 3
2664, 5
2665, 4
2666, 3
2667, 3
2668, 2
2669, 5
2670, 2
2672, 3
2673, 2
2674, 3
2675, 2
2676, 2
2677, 3
2678, 2
2679, 3
2680, 3
2683, 1
2684, 1
2685, 4
2686, 4
2687, 2
2688, 1
2689, 1
2690, 1
2692, 6
2693, 1
2694, 4
2695, 2
2696, 2
2697, 2
2698, 3
2699, 1
2700, 2
2701, 5
2702, 3
2703, 2
2704, 1
2705, 1
2706, 4
2707, 4
2708, 2
2709, 2
2710, 5
2711, 9
2712, 3
2713, 3
2714, 2
2715, 1
2716, 3
2717, 10
2718, 3
2719, 4
2720, 4
2721, 2
2722, 1
2723, 1
2724, 4
2725, 1
2726, 3
2727, 8
2728, 2
2729, 4
2730, 3
2731, 3
2732, 4
2733, 8
2734, 3
2735, 6
2736, 6
2737, 3
2738, 2
2739, 4
2740, 5
2741, 5
2742, 3
2743, 4
2744, 4
2745, 2
2746, 3
2747, 2
2748, 3
2749, 4
2750, 6
2751, 3
2752, 3
2753, 2
2754, 3
2755, 3
2756, 1
2757, 2
2758, 3
2759, 2
2760, 3
2761, 1
2762, 4
2763, 1
2764, 3
2765, 3
2766, 1
2769, 1
2770, 4
2771, 3
2772, 3
2773, 2
2775, 1
2776, 1
2777, 2
2778, 4
2779, 4
2780, 2
2781, 2
2782, 2
2783, 3
2784, 2
2785, 1
2786, 3
2787, 3
2788, 4
2789, 1
2790, 2
2791, 2
2792, 2
2793, 5
2794, 2
2795, 3
2796, 9
2797, 3
2798, 5
2799, 2
2800, 2
2801, 2
2802, 8
2803, 6
2804, 2
2805, 5
2806, 1
2807, 1
2808, 3
2809, 1
2810, 4
2811, 2
2812, 4
2813, 6
2814, 3
2815, 3
2816, 4
2817, 3
2818, 5
2819, 6
2820, 5
2821, 4
2822, 6
2823, 3
2824, 4
2825, 5
2826, 4
2827, 4
2828, 3
2829, 2
2830, 5
2831, 2
2832, 3
2833, 2
2834, 3
2835, 5
2836, 4
2837, 3
2838, 4
2839, 3
2840, 3
2841, 2
2843, 3
2844, 2
2845, 5
2847, 1
2848, 4
2849, 2
2850, 3
2851, 2
2852, 1
2854, 1
2856, 5
2857, 4
2858, 1
2859, 2
2860, 1
2861, 1
2862, 1
2863, 5
2864, 2
2865, 3
2866, 2
2867, 2
2868, 1
2869, 2
2870, 4
2871, 3
2872, 3
2873, 2
2874, 3
2876, 3
2877, 1
2878, 4
2879, 4
2880, 2
2881, 6
2882, 6
2883, 5
2884, 2
2885, 2
2886, 3
2887, 4
2888, 8
2889, 3
2890, 6
2891, 2
2892, 1
2893, 2
2894, 1
2895, 5
2897, 3
2898, 7
2899, 4
2900, 3
2901, 2
2902, 4
2903, 2
2904, 8
2905, 7
2906, 1
2907, 7
2908, 5
2909, 4
2910, 3
2911, 5
2912, 4
2913, 5
2914, 2
2915, 3
2916, 3
2917, 4
2918, 1
2919, 3
2920, 6
2921, 4
2922, 2
2923, 4
2924, 2
2925, 4
2926, 2
2927, 1
2928, 1
2929, 3
2930, 2
2931, 4
2932, 1
2933, 2
2934, 3
2935, 2
2936, 4
2937, 1
2939, 1
2941, 3
2942, 4
2943, 3
2944, 2
2945, 1
2947, 1
2948, 3
2949, 4
2950, 3
2951, 2
2952, 3
2953, 1
2954, 3
2955, 2
2956, 1
2957, 5
2958, 3
2959, 2
2960, 1
2961, 2
2962, 2
2963, 2
2964, 4
2965, 3
2966, 6
2967, 4
2968, 6
2969, 3
2970, 3
2971, 1
2972, 3
2973, 7
2974, 5
2975, 4
2976, 6
2978, 2
2980, 5
2981, 2
2982, 2
2983, 5
2984, 6
2985, 3
2986, 2
2987, 5
2988, 3
2989, 4
2990, 6
2991, 4
2992, 5
2993, 8
2995, 4
2996, 5
2997, 5
2998, 5
2999, 3
3000, 1
3001, 6
3002, 3
3003, 1
3004, 3
3005, 2
3006, 6
3007, 5
3008, 3
3009, 2
3010, 3
3011, 4
3012, 1
3014, 4
3015, 2
3016, 1
3017, 4
3018, 1
3019, 3
3021, 6
3022, 2
3026, 4
3027, 2
3028, 4
3029, 2
3030, 1
3031, 1
3032, 1
3034, 5
3035, 3
3036, 3
3037, 3
3038, 1
3039, 3
3040, 2
3041, 2
3042, 1
3043, 5
3044, 3
3045, 2
3047, 4
3048, 1
3049, 3
3050, 4
3051, 2
3052, 7
3053, 6
3054, 5
3055, 2
3056, 1
3057, 2
3058, 6
3059, 8
3060, 2
3061, 6
3062, 2
3064, 2
3065, 2
3066, 4
3067, 1
3068, 4
3069, 5
3070, 4
3071, 3
3072, 2
3073, 7
3074, 2
3075, 8
3076, 5
3077, 1
3078, 10
3079, 2
3080, 6
3081, 2
3082, 3
3083, 6
3084, 4
3085, 2
3086, 5
3087, 2
3088, 4
3090, 3
3091, 4
3092, 7
3093, 3
3094, 2
3095, 2
3096, 2
3097, 5
3099, 3
3100, 2
3102, 5
3103, 2
3104, 3
3105, 1
3106, 2
3107, 3
3108, 2
3110, 1
3112, 5
3113, 3
3114, 2
3115, 2
3117, 1
3118, 1
3119, 5
3120, 1
3121, 5
3122, 1
3123, 3
3124, 1
3125, 2
3126, 2
3127, 3
3128, 2
3129, 5
3130, 1
3131, 2
3132, 3
3133, 1
3134, 2
3135, 5
3136, 2
3137, 3
3138, 9
3139, 4
3140, 4
3141, 2
3142, 1
3143, 3
3144, 5
3145, 8
3146, 4
3147, 5
3149, 2
3150, 2
3151, 1
3152, 4
3153, 1
3154, 6
3155, 4
3156, 5
3157, 2
3158, 6
3159, 1
3160, 7
3161, 7
3162, 1
3163, 6
3164, 7
3165, 1
3166, 3
3167, 5
3168, 7
3169, 2
3170, 3
3171, 4
3172, 3
3173, 5
3175, 3
3176, 3
3177, 7
3178, 2
3179, 4
3180, 1
3181, 5
3182, 2
3183, 2
3185, 2
3186, 3
3187, 5
3188, 1
3189, 1
3190, 2
3191, 4
3192, 2
3193, 3
3196, 1
3197, 2
3198, 3
3199, 5
3200, 1
3201, 1
3202, 1
3203, 1
3204, 3
3205, 2
3206, 2
3207, 4
3208, 4
3210, 4
3212, 2
3213, 3
3214, 5
3215, 2
3216, 2
3217, 1
3218, 2
3219, 3
3220, 3
3221, 3
3222, 3
3223, 8
3224, 5
3225, 4
3226, 2
3227, 2
3228, 3
3229, 5
3230, 6
3231, 4
3232, 3
3233, 4
3234, 2
3235, 1
3237, 4
3238, 2
3239, 3
3240, 7
3241, 4
3242, 3
3243, 2
3244, 5
3245, 2
3246, 10
3247, 4
3248, 2
3249, 6
3250, 5
3251, 1
3252, 6
3253, 5
3254, 5
3255, 4
3256, 1
3257, 3
3258, 5
3259, 3
3260, 1
3261, 2
3262, 5
3263, 6
3264, 3
3265, 3
3266, 2
3267, 4
3268, 3
3270, 2
3271, 3
3272, 2
3273, 4
3275, 3
3276, 2
3277, 3
3278, 2
3279, 2
3282, 1
3283, 3
3284, 4
3285, 4
3287, 2
3289, 1
3290, 4
3291, 2
3292, 4
3293, 2
3294, 3
3295, 2
3296, 2
3297, 1
3298, 3
3299, 4
3300, 2
3301, 4
3303, 3
3304, 1
3305, 3
3306, 4
3307, 2
3308, 5
3309, 8
3310, 4
3311, 3
3312, 3
3314, 3
3315, 9
3316, 4
3317, 5
3318, 4
3319, 1
3320, 1
3321, 2
3322, 4
3323, 1
3324, 2
3325, 6
3326, 5
3327, 4
3328, 1
3329, 7
3330, 1
3331, 4
3332, 8
3333, 3
3334, 4
3335, 8
3336, 1
3337, 5
3338, 5
3339, 6
3341, 4
3342, 4
3343, 4
3344, 2
3345, 3
3346, 1
3347, 2
3348, 9
3349, 3
3350, 3
3351, 1
3352, 4
3353, 3
3354, 2
3356, 4
3357, 1
3358, 2
3359, 4
3360, 3
3361, 1
3362, 2
3363, 4
3364, 2
3367, 1
3368, 2
3369, 4
3370, 3
3371, 2
3372, 1
3373, 1
3374, 1
3375, 1
3376, 4
3377, 4
3378, 3
3379, 1
3380, 2
3381, 2
3382, 2
3383, 2
3384, 3
3385, 4
3386, 4
3387, 1
3388, 1
3389, 3
3390, 2
3391, 4
3392, 1
3393, 4
3394, 8
3395, 5
3396, 2
3397, 3
3398, 3
3399, 1
3400, 6
3401, 7
3402, 6
3403, 3
3404, 2
3405, 2
3407, 3
3408, 3
3409, 2
3410, 2
3411, 8
3412, 2
3413, 4
3414, 2
3415, 5
3416, 2
3417, 9
3418, 6
3419, 1
3420, 8
3421, 4
3422, 3
3423, 4
3424, 5
3425, 4
3426, 4
3427, 2
3428, 4
3429, 4
3430, 3
3431, 1
3432, 2
3433, 2
3434, 9
3435, 4
3436, 2
3437, 1
3438, 4
3439, 2
3440, 1
3441, 1
3442, 4
3443, 2
3444, 3
3445, 2
3446, 3
3447, 1
3448, 4
3449, 2
3450, 1
3452, 1
3454, 3
3455, 6
3456, 2
3457, 1
3458, 1
3460, 2
3461, 2
3462, 4
3463, 4
3464, 1
3465, 3
3466, 2
3467, 2
3468, 1
3469, 3
3470, 4
3471, 3
3472, 3
3474, 3
3475, 2
3476, 2
3477, 4
3478, 3
3479, 3
3480, 9
3481, 5
3482, 3
3483, 2
3484, 1
3485, 4
3486, 8
3487, 4
3488, 3
3489, 5
3491, 2
3492, 2
3493, 2
3494, 3
3495, 1
3496, 7
3497, 5
3498, 4
3499, 1
3500, 5
3501, 3
3502, 5
3503, 8
3504, 3
3505, 5
3506, 5
3507, 2
3508, 5
3509, 5
3510, 3
3511, 5
3512, 3
3513, 2
3514, 4
3515, 5
3516, 1
3517, 2
3518, 2
3519, 6
3520, 5
3521, 4
3522, 2
3523, 4
3524, 2
3525, 1
3527, 4
3528, 1
3529, 5
3530, 1
3531, 3
3532, 1
3533, 3
3534, 2
3535, 3
3538, 1
3539, 4
3540, 2
3541, 4
3542, 1
3543, 1
3544, 1
3545, 1
3546, 2
3547, 4
3548, 1
3549, 5
3550, 2
3551, 1
3552, 3
3553, 1
3554, 3
3555, 3
3556, 4
3557, 2
3558, 2
3559, 2
3560, 1
3561, 3
3562, 4
3563, 2
3564, 3
3565, 8
3566, 5
3567, 4
3568, 2
3569, 2
3570, 3
3571, 2
3572, 7
3573, 7
3574, 5
3575, 1
3576, 2
3578, 3
3579, 4
3580, 1
3581, 2
3582, 8
3583, 3
3584, 4
3585, 3
3586, 4
3587, 4
3588, 5
3589, 6
3590, 3
3591, 8
3592, 2
3593, 4
3594, 5
3595, 3
3596, 6
3597, 3
3598, 1
3599, 7
3600, 1
3601, 4
3602, 1
3603, 2
3604, 7
3605, 5
3606, 1
3607, 2
3608, 4
3609, 4
3610, 2
3612, 2
3613, 3
3614, 2
3615, 4
3617, 4
3619, 5
3620, 3
3623, 1
3625, 6
3626, 2
3627, 3
3629, 2
3631, 1
3632, 6
3633, 1
3634, 4
3635, 1
3636, 3
3637, 1
3638, 3
3639, 2
3640, 1
3641, 3
3642, 5
3643, 3
3644, 1
3645, 1
3646, 2
3647, 3
3648, 5
3649, 2
3650, 3
3651, 10
3652, 3
3653, 4
3654, 2
3656, 5
3657, 7
3658, 7
3659, 1
3660, 4
3661, 1
3662, 3
3663, 1
3664, 3
3665, 2
3666, 2
3667, 6
3668, 6
3669, 2
3670, 2
3671, 3
3672, 5
3673, 5
3674, 9
3675, 1
3676, 10
3677, 2
3678, 2
3679, 4
3680, 4
3681, 4
3682, 7
3683, 1
3684, 1
3685, 6
3686, 3
3687, 2
3688, 2
3689, 1
3690, 10
3691, 3
3692, 2
3693, 3
3694, 3
3695, 3
3696, 1
3698, 4
3699, 2
3700, 4
3702, 3
3703, 2
3704, 3
3705, 3
3706, 2
3709, 1
3710, 1
3711, 6
3712, 3
3713, 2
3715, 1
3716, 1
3717, 3
3718, 4
3719, 3
3720, 2
3722, 3
3723, 3
3724, 3
3725, 1
3726, 2
3727, 6
3728, 2
3729, 1
3730, 2
3731, 2
3732, 2
3733, 4
3734, 2
3735, 4
3736, 7
3737, 6
3738, 3
3739, 3
3740, 1
3741, 3
3742, 3
3743, 9
3744, 4
3745, 5
3746, 1
3747, 1
3748, 1
3749, 3
3750, 4
3752, 4
3753, 6
3754, 4
3755, 4
3756, 1
3757, 6
3758, 3
3759, 9
3760, 4
3761, 2
3762, 7
3763, 3
3764, 6
3765, 2
3766, 4
3767, 5
3768, 4
3769, 2
3770, 5
3771, 3
3772, 2
3773, 3
3774, 2
3775, 6
3776, 4
3777, 2
3778, 4
3779, 2
3780, 3
3781, 3
3783, 3
3784, 2
3785, 3
3786, 3
3787, 1
3788, 2
3789, 3
3790, 3
3791, 3
3794, 1
3795, 1
3796, 4
3797, 3
3798, 2
3799, 2
3800, 1
3802, 2
3803, 3
3804, 4
3805, 2
3806, 2
3807, 3
3808, 2
3809, 2
3810, 3
3812, 5
3813, 3
3814, 2
3815, 1
3816, 3
3817, 3
3818, 2
3819, 3
3820, 2
3821, 6
3822, 8
3823, 5
3824, 1
3825, 3
3826, 1
3827, 4
3828, 7
3829, 6
3830, 2
3831, 5
3832, 2
3833, 1
3834, 1
3835, 1
3836, 4
3837, 2
3838, 4
3839, 8
3840, 3
3841, 2
3842, 1
3843, 6
3844, 6
3845, 7
3846, 3
3847, 7
3848, 4
3849, 2
3850, 4
3851, 4
3852, 7
3853, 3
3854, 2
3855, 4
3856, 3
3857, 3
3858, 1
3859, 3
3860, 5
3861, 5
3862, 3
3863, 4
3864, 1
3865, 2
3866, 6
3869, 5
3870, 1
3871, 4
3872, 1
3873, 1
3874, 3
3875, 3
3876, 2
3877, 3
3879, 1
3881, 3
3882, 3
3883, 4
3884, 2
3885, 1
3887, 1
3888, 3
3889, 4
3890, 3
3891, 1
3892, 3
3893, 1
3894, 3
3895, 3
3896, 1
3897, 3
3898, 5
3899, 2
3900, 1
3901, 2
3902, 2
3903, 2
3904, 4
3905, 3
3906, 4
3907, 7
3908, 5
3909, 3
3910, 3
3911, 1
3912, 4
3913, 4
3914, 7
3915, 4
3916, 6
3918, 2
3919, 1
3920, 3
3921, 2
3922, 3
3923, 4
3924, 5
3925, 5
3926, 2
3928, 7
3929, 3
3930, 7
3931, 6
3932, 3
3933, 9
3935, 4
3936, 4
3937, 5
3938, 3
3939, 5
3940, 2
3941, 3
3942, 4
3943, 4
3944, 2
3945, 1
3946, 8
3947, 3
3948, 3
3949, 2
3950, 3
3951, 5
3952, 1
3954, 3
3955, 3
3956, 3
3957, 2
3958, 1
3959, 3
3960, 1
3961, 4
3962, 3
3965, 1
3966, 2
3967, 3
3968, 5
3969, 1
3970, 1
3971, 1
3973, 3
3974, 4
3975, 2
3976, 3
3977, 2
3978, 2
3979, 1
3980, 3
3981, 3
3982, 1
3983, 5
3984, 2
3985, 3
3986, 1
3987, 2
3988, 2
3989, 4
3990, 3
3991, 2
3992, 7
3993, 6
3994, 2
3995, 5
3996, 2
3997, 1
3998, 4
3999, 8
4000, 4
4001, 6
4002, 2
4003, 1
4004, 1
4005, 2
4006, 3
4007, 2
4008, 4
4009, 5
4010, 6
4011, 3
4013, 6
4014, 1
4015, 6
4016, 7
4017, 3
4018, 6
4019, 6
4020, 3
4021, 3
4022, 5
4023, 6
4024, 4
4025, 2
4026, 3
4027, 3
4028, 4
4029, 1
4030, 3
4031, 2
4032, 8
4033, 3
4034, 3
4035, 2
4036, 5
4037, 1
4038, 1
4039, 2
4040, 2
4041, 3
4042, 3
4043, 1
4044, 3
4045, 1
4046, 3
4047, 4
4048, 1
4051, 1
4052, 4
4053, 4
4054, 3
4055, 1
4057, 1
4058, 1
4059, 1
4060, 5
4061, 2
4062, 4
4063, 2
4064, 1
4065, 3
4066, 3
4067, 1
4068, 5
4069, 3
4070, 2
4071, 1
4072, 1
4073, 2
4074, 3
4075, 3
4076, 4
4077, 3
4078, 7
4079, 6
4080, 3
4081, 3
4082, 1
4083, 2
4084, 8
4085, 5
4086, 4
4087, 6
4089, 2
4091, 3
4092, 3
4093, 2
4094, 6
4095, 5
4096, 4
4097, 2
4098, 1
4099, 6
4100, 3
4101, 9
4102, 4
4103, 3
4104, 6
4105, 3
4106, 6
4107, 3
4108, 3
4109, 6
4110, 3
4111, 2
4112, 6
4113, 2
4114, 3
4115, 1
4116, 1
4117, 9
4118, 4
4119, 3
4120, 1
4121, 2
4122, 4
4123, 3
4125, 4
4126, 2
4127, 4
4129, 3
4130, 2
4131, 2
4132, 2
4133, 4
4136, 1
4137, 1
4138, 4
4139, 4
4140, 2
4141, 1
4143, 2
4144, 2
4145, 4
4146, 1
4147, 4
4148, 3
4150, 4
4151, 1
4152, 2
4153, 2
4154, 5
4155, 2
4156, 2
4157, 1
4158, 2
4159, 3
4160, 4
4161, 2
4162, 4
4163, 5
4164, 6
4165, 4
4166, 4
4167, 1
4168, 2
4169, 2
4170, 9
4171, 6
4172, 3
4173, 4
4175, 2
4176, 2
4177, 5
4179, 3
4180, 6
4181, 6
4182, 3
4184, 7
4185, 1
4186, 5
4187, 7
4188, 3
4189, 7
4190, 5
4191, 4
4192, 2
4193, 5
4194, 5
4195, 5
4196, 1
4197, 4
4198, 3
4199, 4
4200, 1
4201, 3
4202, 1
4203, 8
4204, 4
4205, 2
4206, 3
4207, 3
4208, 3
4209, 1
4210, 1
4211, 3
4212, 2
4213, 3
4214, 2
4215, 4
4217, 3
4218, 3
4219, 2
4221, 1
4223, 3
4224, 4
4225, 4
4227, 1
4228, 1
4229, 1
4230, 2
4231, 4
4232, 4
4233, 2
4234, 3
4236, 4
4237, 2
4238, 1
4239, 4
4240, 2
4241, 3
4242, 2
4243, 1
4244, 2
4245, 3
4246, 3
4247, 3
4248, 6
4249, 7
4250, 3
4251, 4
4252, 3
4253, 1
4254, 3
4255, 5
4256, 7
4257, 4
4258, 6
4260, 2
4261, 1
4262, 2
4263, 4
4264, 1
4265, 4
4266, 7
4267, 3
4268, 3
4269, 5
4270, 2
4271, 3
4272, 11
4273, 1
4274, 5
4275, 7
4276, 2
4277, 5
4278, 2
4279, 4
4280, 7
4281, 2
4282, 2
4283, 6
4284, 2
4285, 3
4286, 1
4287, 3
4288, 6
4289, 4
4290, 2
4291, 4
4292, 2
4293, 4
4294, 2
4296, 2
4297, 3
4298, 3
4299, 3
4300, 1
4301, 2
4302, 2
4303, 4
4304, 3
4307, 1
4309, 6
4310, 3
4311, 1
4312, 2
4313, 1
4315, 1
4316, 6
4317, 2
4318, 2
4319, 3
4320, 2
4321, 2
4322, 2
4323, 3
4324, 1
4325, 4
4326, 4
4327, 2
4329, 3
4330, 2
4331, 3
4332, 4
4333, 3
4334, 7
4335, 4
4336, 5
4337, 3
4338, 2
4340, 5
4341, 8
4342, 4
4343, 5
4344, 3
4345, 2
4347, 3
4348, 4
4350, 3
4351, 7
4352, 3
4353, 4
4354, 2
4355, 4
4356, 3
4357, 6
4358, 8
4359, 3
4360, 6
4361, 4
4362, 3
4363, 3
4364, 4
4365, 7
4366, 1
4367, 4
4368, 5
4369, 2
4370, 4
4371, 1
4372, 1
4373, 8
4374, 3
4375, 4
4376, 3
4377, 2
4378, 3
4379, 3
4380, 1
4381, 2
4382, 3
4383, 2
4384, 3
4385, 1
4386, 2
4387, 3
4388, 2
4389, 3
4390, 2
4393, 1
4394, 4
4395, 3
4396, 4
4398, 2
4400, 1
4401, 3
4402, 4
4403, 3
4404, 2
4405, 1
4406, 4
4407, 1
4408, 4
4410, 3
4411, 3
4412, 4
4413, 1
4414, 3
4416, 3
4417, 4
4418, 3
4419, 2
4420, 11
4421, 4
4422, 2
4423, 3
4424, 2
4425, 1
4426, 8
4427, 6
4428, 4
4429, 5
4431, 2
4432, 1
4433, 2
4434, 4
4435, 1
4436, 6
4437, 5
4438, 3
4439, 3
4440, 1
4441, 7
4442, 2
4443, 7
4444, 6
4445, 2
4446, 10
4448, 4
4449, 7
4450, 4
4451, 3
4452, 3
4453, 5
4454, 3
4455, 4
4457, 2
4458, 3
4459, 5
4460, 6
4461, 4
4462, 1
4463, 3
4464, 3
4465, 2
4467, 2
4468, 3
4469, 4
4470, 1
4471, 1
4472, 4
4473, 1
4474, 3
4475, 3
4476, 1
4478, 1
4479, 1
4480, 5
4481, 4
4482, 1
4483, 1
4484, 1
4486, 3
4487, 2
4488, 5
4489, 2
4490, 2
4491, 2
4492, 1
4493, 4
4494, 2
4496, 5
4497, 3
4498, 3
4499, 1
4500, 2
4501, 3
4502, 3
4503, 2
4504, 4
4505, 6
4506, 6
4507, 5
4508, 2
4509, 2
4511, 5
4512, 7
4513, 6
4514, 4
4515, 3
4516, 2
4518, 2
4519, 4
4520, 1
4521, 4
4522, 3
4523, 7
4524, 4
4525, 2
4526, 5
4527, 2
4528, 7
4529, 7
4530, 1
4531, 6
4532, 5
4533, 3
4534, 5
4535, 3
4536, 6
4537, 3
4538, 2
4539, 4
4540, 4
4541, 2
4542, 2
4543, 3
4544, 5
4545, 5
4546, 3
4547, 3
4548, 2
4549, 4
4550, 3
4553, 5
4554, 2
4555, 3
4556, 1
4557, 3
4558, 1
4559, 4
4560, 2
4561, 2
4564, 1
4565, 3
4566, 5
4567, 3
4569, 2
4571, 1
4572, 4
4573, 3
4574, 2
4575, 3
4576, 2
4577, 2
4578, 2
4579, 2
4580, 2
4581, 3
4582, 4
4583, 3
4584, 1
4585, 1
4586, 3
4587, 3
4588, 4
4589, 3
4590, 4
4591, 6
4592, 5
4593, 4
4594, 2
4595, 1
4596, 3
4597, 7
4598, 7
4599, 3
4600, 5
4602, 2
4603, 1
4604, 3
4605, 3
4606, 1
4607, 6
4608, 5
4609, 6
4611, 1
4612, 6
4613, 5
4614, 7
4615, 3
4616, 6
4617, 6
4618, 2
4619, 3
4620, 5
4621, 5
4622, 6
4623, 2
4624, 2
4625, 5
4626, 3
4627, 2
4628, 2
4629, 2
4630, 8
4631, 2
4632, 3
4633, 3
4634, 3
4635, 3
4636, 2
4638, 4
4639, 2
4640, 2
4641, 3
4642, 1
4643, 3
4644, 1
4645, 4
4646, 3
4650, 4
4651, 2
4652, 5
4653, 1
4654, 1
4655, 1
4657, 3
4658, 3
4659, 2
4660, 4
4661, 2
4662, 2
4663, 2
4664, 3
4665, 2
4666, 1
4667, 5
4668, 2
4669, 3
4670, 2
4671, 2
4672, 2
4673, 4
4674, 3
4675, 2
4676, 8
4677, 4
4678, 3
4679, 4
4680, 1
4681, 3
4682, 4
4683, 7
4684, 5
4685, 7
4687, 1
4688, 2
4689, 1
4690, 5
4691, 1
4692, 1
4693, 7
4694, 5
4695, 3
4696, 3
4697, 4
4698, 3
4699, 9
4700, 3
4701, 3
4702, 8
4703, 3
4704, 6
4706, 6
4707, 6
4708, 3
4709, 1
4710, 5
4711, 2
4712, 4
4713, 1
4714, 2
4715, 4
4716, 8
4717, 1
4718, 4
4719, 2
4720, 3
4721, 4
4723, 1
4724, 4
4725, 1
4726, 5
4728, 3
4729, 1
4730, 4
4731, 3
4732, 1
4734, 1
4736, 5
4737, 3
4738, 2
4739, 2
4741, 1
4742, 1
4743, 4
4744, 3
4745, 4
4746, 1
4747, 3
4748, 1
4749, 3
4750, 1
4751, 3
4752, 4
4753, 2
4754, 4
4756, 3
4757, 1
4758, 3
4759, 3
4760, 4
4761, 3
4762, 7
4763, 6
4764, 2
4765, 2
4766, 2
4767, 3
4768, 7
4769, 6
4770, 4
4771, 5
4773, 2
4774, 1
4775, 4
4776, 2
4777, 1
4778, 4
4779, 7
4780, 5
4781, 1
4782, 3
4783, 4
4784, 5
4785, 7
4786, 4
4787, 4
4788, 8
4789, 1
4790, 3
4791, 4
4792, 7
4793, 4
4794, 3
4795, 3
4796, 4
4797, 2
4798, 2
4799, 2
4800, 4
4801, 7
4802, 4
4803, 3
4804, 1
4805, 2
4806, 4
4807, 2
4809, 3
4810, 2
4811, 5
4812, 1
4813, 2
4814, 2
4815, 2
4816, 3
4817, 3
4820, 1
4821, 1
4822, 5
4823, 4
4824, 2
4826, 1
4828, 4
4829, 2
4830, 5
4831, 2
4832, 1
4833, 2
4834, 1
4835, 3
4836, 2
4837, 5
4838, 2
4839, 2
4840, 3
4842, 4
4843, 2
4844, 4
4845, 3
4846, 2
4847, 6
4848, 7
4849, 3
4850, 2
4851, 3
4852, 2
4853, 6
4854, 7
4855, 4
4856, 1
4857, 5
4859, 3
4860, 2
4861, 4
4862, 1
4863, 2
4864, 5
4865, 7
4866, 3
4867, 4
4868, 2
4869, 3
4870, 9
4871, 4
4872, 3
4873, 5
4874, 6
4876, 5
4877, 7
4878, 3
4879, 3
4880, 3
4881, 6
4882, 2
4883, 3
4884, 1
4885, 3
4886, 6
4887, 5
4888, 1
4889, 4
4890, 3
4891, 2
4892, 4
4894, 1
4895, 4
4896, 3
4897, 2
4898, 1
4899, 4
4900, 3
4902, 4
4903, 1
4906, 1
4907, 3
4908, 5
4909, 2
4910, 2
4911, 1
4913, 2
4914, 2
4915, 4
4916, 3
4917, 3
4918, 2
4919, 1
4920, 2
4921, 4
4923, 4
4924, 4
4925, 3
4927, 2
4928, 3
4929, 1
4930, 4
4931, 3
4932, 3
4933, 11
4934, 1
4935, 5
4936, 2
4937, 2
4938, 3
4939, 7
4940, 5
4941, 3
4942, 6
4944, 2
4945, 1
4946, 2
4947, 4
4948, 1
4949, 6
4950, 5
4951, 5
4952, 2
4953, 5
4954, 2
4955, 6
4956, 4
4957, 4
4958, 9
4959, 3
4960, 4
4961, 1
4962, 6
4963, 5
4964, 3
4965, 5
4966, 2
4967, 3
4968, 3
4969, 3
4970, 1
4971, 3
4972, 9
4973, 1
4974, 3
4975, 4
4976, 2
4977, 4
4978, 1
4980, 5
4981, 1
4982, 4
4984, 2
4985, 3
4986, 3
4987, 3
4988, 2
4991, 1
4992, 3
4993, 3
4994, 4
4995, 1
4996, 1
4997, 1
4999, 2
5000, 4
5001, 4
5002, 2
5003, 2
5004, 2
5005, 3
5006, 2
5007, 2
5008, 1
5009, 5
5010, 2
5011, 3
5012, 1
5013, 3
5014, 2
5015, 4
5016, 1
5017, 5
5018, 5
5019, 7
5020, 4
5021, 2
5022, 2
5024, 7
5025, 7
5026, 4
5027, 5
5028, 2
5029, 2
5030, 1
5031, 1
5032, 4
5033, 2
5034, 2
5035, 6
5036, 6
5037, 3
5038, 3
5039, 4
5040, 1
5041, 7
5042, 8
5043, 3
5044, 6
5045, 3
5046, 4
5047, 4
5048, 5
5049, 4
5050, 4
5051, 2
5052, 5
5053, 1
5054, 5
5055, 1
5056, 2
5057, 6
5058, 6
5059, 1
5060, 4
5061, 1
5062, 5
5063, 2
5065, 2
5066, 3
5067, 2
5068, 3
5069, 1
5070, 4
5072, 3
5073, 4
5074, 1
5076, 1
5078, 4
5079, 4
5080, 3
5081, 1
5083, 1
5084, 1
5085, 4
5086, 3
5087, 4
5088, 1
5089, 3
5090, 2
5091, 2
5092, 2
5093, 2
5094, 3
5095, 4
5096, 2
5097, 2
5098, 2
5099, 1
5100, 3
5101, 5
5102, 2
5103, 3
5104, 10
5105, 3
5106, 3
5107, 3
5108, 2
5109, 3
5110, 8
5111, 4
5112, 4
5113, 4
5115, 2
5116, 2
5117, 2
5118, 3
5119, 2
5120, 5
5121, 7
5122, 1
5123, 3
5124, 1
5125, 7
5126, 3
5127, 9
5128, 4
5129, 6
5130, 4
5131, 4
5132, 1
5133, 6
5134, 6
5135, 1
5136, 4
5137, 4
5138, 4
5139, 3
5140, 2
5141, 1
5142, 6
5143, 5
5144, 3
5145, 3
5146, 3
5147, 2
5148, 3
5149, 2
5151, 5
5153, 5
5154, 1
5155, 2
5156, 2
5157, 3
5158, 2
5159, 3
5162, 1
5163, 2
5164, 6
5165, 2
5166, 1
5167, 1
5168, 1
5169, 1
5170, 3
5171, 3
5172, 4
5173, 1
5174, 3
5175, 2
5176, 2
5177, 1
5178, 3
5179, 3
5180, 5
5181, 1
5182, 2
5183, 2
5184, 1
5185, 2
5186, 5
5187, 3
5188, 3
5189, 8
5190, 4
5191, 3
5192, 4
5193, 1
5194, 3
5195, 5
5196, 7
5197, 4
5198, 4
5199, 2
5200, 2
5201, 1
5202, 4
5203, 1
5204, 2
5205, 2
5206, 9
5207, 3
5208, 3
5209, 3
5210, 3
5211, 4
5212, 6
5213, 7
5214, 3
5215, 5
5216, 5
5217, 3
5218, 4
5219, 5
5220, 5
5221, 3
5222, 2
5223, 6
5224, 1
5225, 3
5226, 1
5227, 2
5228, 5
5229, 7
5230, 3
5231, 3
5232, 2
5233, 4
5234, 1
5235, 1
5236, 3
5237, 3
5238, 1
5239, 3
5240, 1
5241, 4
5242, 1
5243, 4
5244, 2
5245, 1
5247, 1
5249, 4
5250, 4
5251, 3
5252, 1
5253, 1
5255, 1
5256, 3
5257, 5
5258, 3
5259, 2
5260, 2
5261, 2
5262, 2
5263, 1
5264, 2
5265, 5
5266, 4
5267, 2
5269, 2
5270, 4
5271, 1
5272, 4
5273, 3
5274, 6
5275, 7
5276, 3
5277, 3
5278, 1
5279, 3
5280, 2
5281, 10
5282, 3
5283, 4
5284, 5
5285, 1
5286, 2
5287, 1
5288, 2
5289, 3
5290, 1
5291, 8
5292, 4
5293, 3
5294, 2
5295, 4
5296, 3
5297, 6
5298, 7
5299, 3
5300, 6
5301, 6
5302, 1
5303, 5
5304, 4
5305, 5
5306, 3
5307, 5
5308, 3
5309, 3
5310, 1
5311, 4
5312, 2
5313, 2
5314, 8
5315, 3
5316, 3
5317, 2
5318, 4
5319, 3
5320, 1
5322, 5
5323, 1
5324, 4
5326, 4
5327, 1
5328, 4
5329, 3
5330, 1
5333, 1
5334, 4
5335, 3
5336, 3
5337, 1
5338, 1
5339, 1
5340, 1
5341, 1
5342, 4
5343, 4
5344, 3
5345, 1
5346, 3
5347, 3
5348, 1
5349, 2
5350, 3
5351, 5
5352, 1
5353, 2
5355, 3
5356, 2
5357, 4
5358, 3
5359, 4
5360, 9
5361, 3
5362, 4
5363, 2
5364, 2
5365, 2
5366, 8
5367, 4
5368, 5
5369, 3
5370, 3
5371, 1
5372, 2
5373, 1
5374, 4
5375, 3
5376, 1
5377, 7
5378, 6
5379, 2
5380, 1
5381, 6
5382, 5
5383, 8
5384, 2
5385, 4
5386, 7
5387, 2
5388, 4
5389, 5
5390, 5
5391, 3
5392, 4
5393, 2
5394, 5
5395, 4
5396, 2
5397, 1
5398, 3
5399, 7
5400, 3
5401, 2
5402, 4
5403, 2
5404, 3
5405, 3
5407, 2
5408, 3
5409, 4
5410, 2
5412, 4
5413, 2
5414, 3
5415, 3
5419, 2
5420, 4
5421, 3
5422, 3
5423, 1
5425, 2
5426, 1
5427, 3
5428, 2
5429, 5
5430, 2
5431, 2
5432, 2
5433, 2
5434, 2
5435, 2
5436, 6
5438, 3
5439, 1
5440, 3
5441, 2
5442, 3
5443, 4
5444, 3
5445, 5
5446, 6
5447, 4
5448, 3
5449, 3
5450, 1
5451, 4
5452, 9
5453, 4
5454, 4
5455, 3
5456, 1
5457, 1
5458, 2
5459, 4
5460, 1
5461, 2
5462, 5
5463, 8
5464, 3
5466, 4
5467, 4
5468, 5
5469, 9
5470, 1
5471, 5
5472, 7
5473, 1
5474, 5
5475, 5
5476, 6
5477, 3
5478, 3
5479, 2
5480, 4
5481, 2
5482, 3
5483, 2
5484, 4
5485, 7
5486, 2
5487, 3
5488, 3
5489, 5
5491, 2
5492, 2
5493, 3
5494, 1
5495, 4
5496, 1
5497, 2
5498, 2
5499, 3
5500, 5
5503, 1
5505, 2
5506, 3
5507, 5
5508, 2
5510, 1
5511, 1
5512, 3
5513, 4
5514, 4
5515, 1
5516, 3
5518, 3
5519, 2
5520, 2
5521, 4
5522, 4
5523, 2
5524, 1
5525, 2
5526, 1
5527, 4
5528, 4
5529, 1
5530, 3
5531, 9
5532, 4
5533, 3
5534, 4
5535, 1
5536, 3
5537, 5
5538, 8
5539, 4
5540, 4
5541, 1
5542, 2
5543, 1
5544, 2
5545, 4
5546, 1
5547, 4
5548, 4
5549, 6
5550, 3
5551, 2
5552, 5
5553, 4
5554, 6
5555, 6
5556, 4
5557, 5
5558, 3
5559, 6
5560, 2
5561, 4
5562, 6
5563, 3
5564, 3
5565, 4
5566, 3
5567, 3
5568, 1
5569, 1
5570, 10
5571, 2
5572, 2
5573, 4
5574, 1
5575, 5
5576, 2
5578, 4
5579, 2
5580, 4
5582, 2
5583, 3
5584, 2
5585, 4
5586, 1
5587, 1
5589, 1
5591, 5
5592, 4
5593, 2
5594, 1
5595, 1
5597, 2
5598, 4
5599, 3
5600, 3
5601, 3
5602, 1
5603, 3
5604, 1
5605, 3
5606, 1
5607, 4
5608, 3
5609, 3
5611, 3
5612, 1
5613, 6
5614, 2
5615, 3
5616, 4
5617, 8
5618, 2
5619, 4
5620, 3
5621, 3
5622, 3
5623, 7
5624, 6
5625, 5
5626, 1
5627, 1
5628, 2
5630, 5
5631, 1
5632, 3
5633, 5
5634, 6
5635, 2
5636, 2
5637, 6
5638, 2
5639, 7
5640, 6
5641, 3
5642, 6
5643, 4
5644, 3
5645, 4
5646, 5
5647, 5
5648, 2
5649, 4
5650, 4
5651, 3
5652, 4
5653, 1
5654, 2
5655, 4
5656, 9
5657, 1
5658, 3
5659, 2
5660, 3
5661, 2
5662, 2
5663, 1
5664, 4
5665, 2
5666, 3
5667, 1
5668, 3
5669, 1
5670, 3
5671, 3
5672, 2
5675, 1
5676, 3
5677, 5
5678, 3
5679, 1
5681, 1
5682, 1
5683, 2
5684, 5
5685, 1
5686, 4
5687, 2
5688, 1
5689, 3
5690, 3
5691, 1
5692, 4
5693, 4
5694, 1
5695, 2
5696, 2
5697, 3
5698, 2
5699, 3
5700, 2
5701, 6
5702, 6
5703, 4
5704, 5
5705, 1
5706, 2
5707, 3
5708, 6
5709, 5
5710, 6
5711, 4
5712, 1
5713, 1
5714, 2
5715, 2
5716, 4
5717, 2
5718, 3
5719, 7
5720, 3
5721, 3
5722, 2
5723, 5
5724, 4
5725, 9
5726, 3
5727, 3
5728, 8
5729, 2
5730, 5
5731, 3
5732, 6
5733, 3
5734, 3
5735, 2
5736, 6
5737, 3
5738, 1
5739, 3
5740, 2
5741, 8
5742, 3
5743, 2
5744, 3
5745, 2
5746, 4
5747, 2
5749, 4
5750, 1
5751, 2
5752, 4
5753, 1
5754, 3
5755, 2
5756, 4
5757, 2
5760, 1
5761, 2
5762, 4
5763, 3
5764, 2
5765, 1
5766, 1
5768, 4
5769, 3
5770, 1
5771, 4
5772, 3
5773, 1
5774, 3
5775, 1
5776, 3
5777, 1
5778, 6
5779, 2
5780, 2
5781, 1
5782, 3
5783, 1
5784, 4
5785, 3
5786, 4
5787, 4
5788, 8
5789, 2
5790, 3
5791, 3
5792, 3
5793, 3
5794, 8
5795, 2
5796, 6
5797, 3
5798, 2
5800, 2
5801, 4
5802, 1
5803, 3
5804, 5
5805, 6
5806, 4
5808, 6
5809, 3
5810, 8
5811, 3
5812, 6
5813, 5
5814, 4
5815, 3
5816, 4
5817, 5
5818, 4
5819, 5
5820, 2
5821, 5
5822, 1
5823, 4
5824, 1
5825, 3
5826, 4
5827, 6
5828, 2
5829, 4
5830, 1
5831, 5
5832, 3
5834, 1
5835, 4
5836, 1
5837, 4
5838, 1
5839, 4
5841, 3
5842, 5
5846, 1
5847, 5
5848, 3
5849, 2
5850, 1
5851, 2
5853, 1
5854, 3
5855, 3
5856, 2
5857, 4
5858, 3
5860, 4
5861, 2
5862, 1
5863, 3
5864, 5
5865, 2
5866, 1
5867, 2
5868, 1
5869, 3
5870, 5
5871, 2
5872, 3
5873, 8
5874, 5
5875, 4
5876, 2
5877, 1
5878, 3
5879, 8
5880, 6
5881, 3
5882, 5
5884, 2
5885, 1
5886, 4
5887, 2
5888, 2
5889, 3
5890, 8
5891, 3
5892, 2
5893, 4
5894, 4
5895, 3
5896, 8
5897, 4
5898, 3
5899, 8
5900, 2
5901, 5
5902, 4
5903, 5
5904, 2
5905, 5
5906, 2
5907, 4
5908, 3
5909, 3
5910, 2
5911, 2
5912, 7
5913, 4
5914, 3
5915, 2
5916, 1
5917, 5
5918, 2
5920, 4
5921, 1
5922, 4
5923, 2
5925, 4
5926, 3
5927, 2
5928, 3
5931, 1
5932, 2
5933, 3
5934, 4
5935, 3
5937, 1
5938, 1
5939, 1
5940, 4
5941, 2
5942, 4
5943, 2
5944, 2
5945, 2
5946, 3
5947, 2
5948, 1
5949, 7
5950, 1
5951, 2
5952, 1
5953, 2
5954, 3
5955, 4
5956, 3
5957, 2
5958, 7
5959, 6
5960, 2
5961, 4
5962, 2
5963, 3
5964, 3
5965, 7
5966, 5
5967, 5
5968, 2
5969, 1
5970, 2
5971, 1
5972, 4
5973, 1
5974, 2
5975, 8
5976, 5
5977, 3
5978, 1
5979, 5
5980, 4
5981, 6
5982, 6
5983, 3
5984, 5
5985, 5
5986, 3
5987, 4
5988, 5
5989, 4
5990, 4
5991, 3
5992, 1
5993, 5
5994, 3
5995, 3
5996, 2
5997, 4
5998, 7
5999, 1
6000, 4
6001, 2
6002, 4
6003, 2
6004, 1
6005, 1
6006, 4
6007, 2
6008, 3
6009, 1
6010, 4
6011, 1
6012, 3
6013, 4
6016, 1
6018, 5
6019, 3
6020, 2
6021, 2
6022, 1
6025, 4
6026, 3
6027, 5
6028, 1
6029, 3
6030, 1
6031, 3
6033, 3
6034, 5
6035, 2
6036, 3
6037, 1
6038, 3
6039, 1
6040, 2
6041, 4
6042, 3
6043, 4
6044, 8
6045, 5
6046, 3
6047, 2
6048, 1
6049, 4
6050, 7
6051, 5
6052, 4
6053, 5
6054, 1
6055, 1
6056, 1
6057, 3
6058, 3
6059, 1
6060, 6
6061, 5
6062, 3
6063, 3
6064, 3
6065, 4
6066, 5
6067, 7
6068, 4
6069, 5
6070, 7
6072, 6
6073, 3
6074, 4
6075, 7
6076, 1
6077, 2
6078, 5
6079, 3
6080, 3
6081, 2
6082, 1
6083, 7
6084, 6
6085, 1
6086, 2
6087, 5
6088, 2
6089, 2
6091, 5
6093, 5
6094, 1
6095, 2
6096, 2
6097, 2
6098, 4
6099, 2
6102, 1
6103, 1
6104, 5
6105, 4
6106, 1
6107, 1
6108, 1
6110, 2
6111, 5
6112, 1
6113, 5
6114, 1
6115, 2
6116, 3
6117, 2
6118, 1
6119, 3
6120, 3
6121, 4
6122, 1
6123, 1
6124, 4
6125, 1
6126, 5
6127, 2
6128, 3
6129, 7
6130, 6
6131, 4
6132, 1
6133, 2
6134, 3
6135, 4
6136, 8
6137, 4
6138, 3
6139, 4
6140, 2
6141, 1
6142, 1
6143, 5
6145, 2
6146, 9
6147, 4
6148, 3
6149, 2
6150, 4
6151, 4
6152, 8
6153, 2
6154, 5
6155, 5
6156, 6
6157, 1
6158, 5
6159, 5
6160, 6
6161, 3
6162, 2
6163, 3
6164, 3
6165, 5
6167, 3
6168, 5
6169, 4
6170, 3
6171, 4
6172, 1
6173, 6
6174, 1
6175, 1
6176, 1
6177, 4
6178, 1
6179, 4
6180, 1
6181, 4
6183, 4
6184, 3
6185, 1
6187, 1
6189, 4
6190, 4
6191, 3
6192, 1
6194, 1
6195, 1
6196, 3
6197, 4
6198, 3
6199, 2
6200, 3
6201, 1
6202, 3
6203, 2
6204, 2
6205, 4
6206, 1
6207, 5
6209, 2
6210, 2
6211, 4
6212, 3
6213, 2
6214, 2
6215, 10
6216, 3
6217, 5
6218, 3
6219, 1
6220, 2
6221, 7
6222, 7
6223, 3
6224, 5
6226, 3
6227, 1
6228, 1
6229, 4
6230, 1
6231, 7
6232, 5
6233, 3
6234, 2
6235, 2
6236, 5
6237, 7
6238, 7
6239, 2
6240, 7
6241, 5
6242, 1
6243, 5
6244, 2
6245, 8
6246, 2
6247, 4
6248, 3
6249, 4
6250, 3
6251, 2
6252, 1
6253, 4
6254, 7
6255, 2
6256, 3
6257, 3
6258, 3
6259, 3
6260, 2
6262, 4
6263, 2
6264, 2
6265, 3
6266, 3
6267, 1
6268, 3
6269, 1
6270, 4
6273, 1
6274, 2
6275, 4
6276, 3
6277, 2
6278, 1
6279, 1
6280, 1
6282, 6
6283, 1
6284, 4
6285, 3
6286, 1
6287, 2
6288, 3
6289, 1
6290, 3
6291, 5
6292, 3
6293, 1
6295, 4
6296, 1
6297, 5
6298, 2
6299, 3
6300, 8
6301, 3
6302, 4
6303, 4
6304, 2
6305, 3
6306, 5
6307, 7
6308, 3
6309, 6
6310, 1
6311, 2
6313, 2
6314, 5
6316, 4
6317, 7
6318, 4
6319, 3
6320, 3
6321, 4
6322, 3
6323, 5
6324, 6
6325, 4
6326, 7
6327, 3
6328, 4
6329, 3
6330, 5
6331, 5
6332, 4
6333, 1
6334, 5
6335, 2
6336, 5
6338, 3
6339, 4
6340, 7
6341, 1
6342, 4
6343, 3
6344, 4
6345, 2
6347, 2
6348, 3
6349, 2
6350, 4
6352, 3
6353, 3
6354, 3
6355, 2
6356, 1
6358, 1
6360, 4
6361, 5
6362, 1
6363, 2
6365, 1
6366, 1
6367, 4
6368, 3
6369, 4
6370, 2
6371, 1
6372, 3
6373, 1
6374, 3
6375, 2
6376, 4
6377, 3
6378, 3
6380, 3
6382, 5
6383, 4
6384, 1
6385, 6
6386, 7
6387, 4
6388, 3
6389, 2
6390, 1
6391, 4
6392, 10
6393, 3
6394, 3
6395, 5
6397, 2
6398, 2
6399, 3
6400, 2
6401, 1
6402, 5
6403, 6
6404, 4
6405, 2
6406, 1
6407, 6
6408, 4
6409, 9
6410, 3
6411, 4
6412, 8
6413, 1
6414, 5
6415, 3
6416, 6
6417, 2
6418, 4
6419, 5
6420, 3
6421, 4
6423, 3
6424, 4
6425, 7
6426, 2
6427, 3
6428, 2
6429, 3
6430, 3
6431, 2
6433, 5
6435, 5
6436, 1
6437, 2
6438, 2
6439, 3
6440, 3
6441, 2
6443, 1
6445, 3
6446, 3
6447, 4
6448, 1
6449, 1
6450, 1
6451, 1
6452, 2
6453, 2
6454, 3
6455, 5
6456, 2
6457, 1
6458, 2
6459, 3
6460, 1
6461, 3
6462, 5
6463, 1
6464, 3
6465, 2
6466, 2
6467, 1
6468, 6
6469, 2
6470, 4
6471, 7
6472, 4
6473, 4
6474, 2
6475, 2
6476, 3
6477, 8
6478, 4
6479, 3
6480, 5
6481, 2
6482, 2
6484, 4
6485, 3
6487, 3
6488, 7
6489, 3
6490, 5
6491, 1
6492, 5
6493, 5
6494, 6
6495, 5
6496, 4
6497, 6
6498, 3
6499, 4
6500, 4
6501, 5
6502, 3
6503, 5
6504, 1
6505, 6
6506, 1
6507, 4
6508, 1
6509, 3
6510, 4
6511, 7
6512, 2
6513, 4
6514, 1
6515, 5
6516, 1
6517, 1
6518, 1
6519, 5
6520, 2
6521, 2
6522, 1
6523, 3
6524, 2
6525, 3
6526, 4
6530, 3
6531, 2
6532, 5
6533, 2
6534, 1
6535, 1
6537, 3
6538, 3
6539, 2
6540, 4
6541, 2
6542, 2
6543, 2
6544, 1
6545, 3
6546, 1
6547, 5
6548, 4
6549, 1
6550, 1
6551, 3
6552, 2
6553, 2
6554, 4
6555, 4
6556, 5
6557, 5
6558, 6
6559, 2
6560, 3
6561, 1
6562, 4
6563, 6
6564, 5
6565, 6
6566, 3
6567, 1
6568, 1
6569, 2
6570, 3
6571, 2
6572, 3
6573, 5
6574, 6
6575, 3
6576, 1
6577, 6
6578, 1
6579, 8
6580, 5
6581, 4
6582, 5
6583, 6
6584, 1
6585, 5
6586, 4
6587, 5
6588, 3
6589, 3
6590, 5
6591, 3
6592, 2
6593, 3
6594, 3
6595, 2
6596, 7
6597, 3
6598, 2
6599, 4
6600, 1
6601, 5
6602, 1
6603, 2
6604, 2
6605, 2
6606, 4
6607, 1
6608, 2
6609, 2
6610, 3
6611, 2
6612, 3
6615, 1
6616, 3
6617, 4
6618, 2
6619, 2
6620, 1
6621, 1
6622, 1
6623, 2
6624, 3
6625, 4
6626, 2
6627, 4
6629, 4
6630, 1
6631, 2
6632, 3
6633, 4
6634, 2
6635, 2
6636, 3
6637, 1
6638, 2
6639, 5
6640, 2
6641, 5
6642, 7
6643, 2
6644, 6
6645, 2
6646, 1
6647, 3
6648, 5
6649, 4
6650, 7
6651, 3
6652, 3
6653, 2
6654, 1
6655, 1
6656, 4
6657, 2
6658, 3
6659, 7
6660, 4
6661, 3
6662, 4
6663, 3
6664, 3
6665, 9
6666, 4
6667, 2
6668, 8
6669, 2
6670, 4
6671, 3
6672, 5
6673, 5
6674, 4
6675, 2
6676, 4
6677, 3
6678, 4
6680, 3
6681, 2
6682, 8
6683, 2
6684, 5
6685, 1
6686, 5
6687, 1
6688, 1
6689, 2
6690, 4
6691, 1
6692, 4
6693, 1
6694, 3
6695, 2
6696, 2
6697, 4
6700, 1
6702, 5
6703, 4
6704, 2
6705, 1
6707, 1
6708, 1
6709, 4
6710, 5
6711, 2
6712, 1
6713, 3
6715, 4
6716, 3
6717, 1
6718, 3
6719, 4
6720, 3
6721, 1
6722, 1
6723, 2
6724, 5
6725, 2
6726, 4
6727, 4
6728, 5
6729, 7
6730, 2
6731, 2
6732, 2
6733, 2
6734, 10
6735, 3
6736, 5
6737, 4
6739, 2
6740, 2
6741, 2
6742, 3
6743, 2
6744, 5
6745, 7
6746, 2
6747, 2
6748, 5
6749, 3
6750, 6
6751, 7
6752, 3
6753, 5
6754, 6
6755, 1
6756, 5
6757, 4
6758, 4
6759, 7
6761, 5
6762, 3
6763, 3
6764, 2
6765, 2
6766, 4
6767, 8
6768, 1
6769, 3
6770, 1
6771, 6
6772, 3
6775, 5
6776, 1
6777, 3
6778, 2
6780, 4
6781, 3
6782, 3
6783, 2
6786, 1
6787, 4
6788, 3
6789, 3
6790, 2
6791, 1
6794, 3
6795, 3
6796, 2
6797, 4
6798, 3
6799, 1
6800, 3
6801, 1
6802, 3
6803, 2
6804, 6
6805, 1
6806, 2
6808, 4
6809, 3
6810, 2
6811, 4
6812, 2
6813, 10
6814, 3
6815, 3
6816, 3
6817, 2
6818, 3
6819, 7
6820, 6
6821, 3
6822, 4
6823, 2
6824, 2
6825, 2
6827, 4
6828, 2
6829, 3
6830, 8
6831, 4
6832, 2
6833, 1
6834, 5
6835, 7
6836, 3
6837, 7
6838, 1
6839, 9
6840, 2
6841, 4
6842, 4
6843, 6
6844, 4
6845, 3
6846, 2
6847, 5
6848, 2
6849, 3
6850, 2
6851, 2
6852, 6
6853, 6
6855, 5
6856, 2
6857, 4
6858, 2
6860, 1
6861, 5
6862, 1
6863, 4
6864, 1
6865, 3
6866, 1
6867, 5
6868, 2
6872, 1
6873, 6
6874, 3
6875, 1
6876, 2
6877, 1
6878, 1
6879, 1
6880, 4
6881, 2
6882, 3
6883, 2
6884, 3
6885, 2
6886, 2
6887, 3
6889, 5
6890, 3
6891, 2
6892, 1
6893, 2
6894, 2
6895, 5
6896, 2
6897, 4
6898, 5
6899, 7
6900, 4
6901, 1
6902, 4
6903, 2
6904, 1
6905, 10
6906, 3
6907, 5
6908, 4
6909, 1
6910, 2
6911, 1
6912, 4
6913, 1
6914, 1
6915, 7
6916, 5
6917, 4
6918, 1
6919, 5
6920, 3
6921, 4
6922, 9
6923, 4
6924, 2
6925, 8
6926, 1
6927, 6
6928, 3
6929, 5
6930, 4
6931, 3
6932, 3
6933, 4
6934, 4
6935, 1
6936, 2
6937, 4
6938, 6
6939, 3
6940, 4
6941, 2
6942, 3
6943, 3
6944, 1
6945, 1
6946, 4
6948, 5
6949, 1
6950, 2
6951, 2
6952, 2
6953, 4
6954, 2
6957, 1
6958, 3
6959, 3
6960, 4
6961, 2
6963, 1
6964, 1
6965, 3
6966, 4
6967, 3
6968, 2
6969, 1
6970, 2
6971, 4
6972, 2
6973, 1
6974, 2
6975, 6
6976, 3
6978, 1
6979, 3
6980, 2
6981, 3
6982, 5
6983, 1
6984, 8
6985, 6
6986, 4
6987, 2
6988, 1
6989, 3
6990, 6
6991, 6
6992, 4
6993, 4
6994, 2
6995, 2
6996, 1
6997, 1
6998, 4
6999, 2
7000, 4
7001, 8
7002, 1
7003, 4
7004, 1
7005, 5
7006, 3
7007, 11
7008, 2
7009, 2
7010, 10
7011, 1
7012, 4
7013, 5
7014, 5
7015, 3
7016, 4
7017, 3
7018, 4
7019, 3
7020, 3
7022, 4
7023, 7
7024, 4
7025, 3
7026, 2
7027, 2
7028, 5
7029, 1
7031, 2
7032, 3
7033, 5
7035, 3
7036, 2
7037, 2
7038, 3
7039, 3
7043, 2
7044, 3
7045, 4
7046, 3
7047, 1
7048, 1
7050, 3
7051, 1
7052, 5
7053, 3
7054, 2
7055, 2
7056, 2
7057, 3
7058, 1
7059, 2
7060, 4
7061, 4
7062, 1
7063, 1
7064, 3
7065, 1
7066, 5
7067, 3
7068, 2
7069, 6
7070, 7
7071, 4
7072, 2
7073, 3
7074, 3
7075, 5
7076, 6
7077, 3
7078, 4
7079, 4
7081, 2
7082, 2
7083, 4
7084, 1
7085, 2
7086, 9
7087, 3
7088, 1
7089, 3
7090, 6
7091, 2
7092, 7
7093, 7
7094, 1
7095, 9
7096, 3
7097, 2
7098, 5
7099, 5
7100, 5
7101, 4
7102, 2
7103, 4
7104, 2
7105, 3
7106, 2
7107, 1
7108, 4
7109, 9
7110, 3
7111, 2
7112, 3
7113, 2
7114, 4
7116, 1
7117, 4
7118, 2
7119, 2
7120, 2
7121, 3
7122, 1
7123, 4
7124, 2
7125, 2
7127, 1
7129, 2
7130, 5
7131, 4
7132, 1
7134, 1
7135, 1
7136, 4
7137, 3
7138, 2
7139, 2
7140, 3
7141, 2
7142, 2
7143, 4
7145, 4
7146, 4
7147, 2
7148, 1
7149, 1
7150, 3
7151, 3
7152, 3
7153, 2
7154, 6
7155, 6
7156, 5
7157, 3
7158, 3
7159, 1
7160, 4
7161, 3
7162, 9
7163, 4
7164, 4
7165, 1
7166, 2
7167, 1
7168, 2
7169, 4
7170, 1
7171, 3
7172, 8
7173, 3
7174, 3
7175, 1
7176, 6
7177, 6
7178, 6
7179, 3
7180, 5
7181, 7
7182, 1
7183, 6
7184, 2
7185, 5
7186, 5
7187, 3
7188, 2
7189, 5
7190, 2
7191, 4
7192, 1
7193, 3
7194, 5
7195, 6
7196, 3
7197, 2
7198, 3
7199, 4
7200, 1
7202, 3
7203, 2
7204, 4
7205, 2
7207, 4
7208, 1
7209, 2
7210, 5
7213, 1
7214, 1
7215, 4
7216, 4
7217, 1
7218, 2
7219, 1
7220, 1
7221, 1
7222, 3
7223, 4
7224, 3
7225, 3
7226, 1
7227, 1
7228, 3
7229, 3
7230, 2
7231, 4
7232, 2
7233, 3
7235, 2
7236, 4
7237, 1
7238, 6
7239, 2
7240, 5
7241, 8
7242, 3
7243, 3
7244, 2
7245, 3
7246, 3
7247, 8
7248, 4
7249, 3
7250, 4
7251, 1
7252, 1
7253, 2
7254, 3
7255, 2
7256, 5
7257, 6
7258, 3
7259, 3
7260, 2
7261, 4
7262, 3
7263, 5
7264, 10
7265, 1
7266, 8
7267, 3
7268, 3
7269, 4
7270, 4
7271, 5
7272, 5
7274, 5
7275, 3
7276, 5
7278, 3
7279, 6
7280, 5
7281, 2
7282, 3
7283, 3
7284, 2
7285, 3
7286, 1
7287, 2
7288, 1
7289, 3
7290, 3
7291, 3
7292, 2
7293, 2
7294, 4
7295, 2
7296, 1
7299, 1
7300, 4
7301, 3
7302, 3
7303, 1
7304, 2
7306, 1
7307, 3
7308, 4
7309, 3
7310, 2
7311, 3
7312, 1
7313, 2
7314, 1
7315, 3
7316, 3
7317, 5
7318, 2
7319, 1
7320, 1
7321, 3
7322, 1
7323, 5
7324, 3
7325, 3
7326, 10
7327, 4
7328, 2
7329, 2
7330, 2
7331, 3
7332, 6
7333, 7
7334, 3
7335, 4
7336, 2
7337, 2
7338, 2
7339, 3
7340, 2
7341, 1
7342, 2
7343, 8
7344, 4
7345, 3
7346, 2
7347, 5
7348, 5
7349, 7
7350, 4
7351, 4
7352, 7
7353, 2
7354, 5
7355, 2
7356, 8
7357, 2
7358, 3
7359, 4
7360, 3
7361, 4
7362, 2
7364, 5
7365, 7
7366, 2
7367, 3
7368, 3
7369, 3
7370, 3
7371, 2
7373, 4
7374, 1
7375, 2
7376, 4
7377, 1
7378, 3
7379, 2
7380, 4
7381, 1
7382, 1
7384, 1
7385, 2
7386, 3
7387, 4
7388, 3
7390, 1
7391, 1
7392, 1
7393, 4
7394, 3
7395, 3
7396, 2
7397, 2
7398, 1
7399, 3
7400, 3
7401, 1
7402, 5
7403, 4
7405, 2
7406, 2
7407, 2
7408, 5
7409, 3
7410, 2
7411, 7
7412, 6
7413, 3
7414, 2
7415, 3
7416, 2
7417, 5
7418, 5
7419, 7
7420, 2
7421, 4
7422, 1
7423, 1
7424, 2
7425, 5
7427, 4
7428, 6
7429, 5
7430, 3
7431, 1
7432, 4
7433, 2
7434, 8
7435, 7
7436, 2
7437, 9
7438, 2
7439, 4
7440, 5
7441, 3
7442, 5
7443, 2
7444, 3
7445, 4
7446, 4
7447, 2
7448, 2
7449, 2
7450, 5
7451, 6
7452, 4
7453, 2
7454, 2
7455, 4
7456, 3
7459, 5
7460, 1
7461, 4
7462, 1
7463, 2
7464, 2
7465, 3
7466, 4
7467, 1
7469, 1
7471, 3
7472, 5
7473, 3
7474, 1
7476, 1
7477, 2
7478, 2
7479, 2
7480, 6
7481, 1
7482, 3
7483, 1
7484, 3
7485, 2
7486, 1
7487, 3
7488, 5
7489, 2
7490, 1
7491, 3
7492, 2
7493, 2
7494, 4
7495, 4
7496, 2
7497, 9
7498, 5
7499, 1
7500, 3
7501, 1
7502, 4
7503, 6
7504, 7
7505, 4
7506, 4
7508, 2
7509, 1
7510, 3
7511, 3
7512, 1
7513, 6
7514, 6
7515, 1
7516, 4
7517, 5
7518, 3
7519, 5
7520, 8
7521, 1
7522, 8
7523, 5
7525, 6
7526, 3
7527, 5
7528, 4
7529, 3
7530, 2
7531, 5
7532, 5
7533, 1
7534, 1
7535, 3
7536, 7
7537, 4
7538, 3
7539, 2
7540, 3
7541, 4
7542, 1
7544, 3
7545, 3
7546, 2
7547, 3
7548, 3
7549, 1
7550, 2
7551, 5
7552, 1
7555, 1
7556, 1
7557, 5
7558, 3
7559, 1
7560, 2
7561, 1
7563, 2
7564, 4
7565, 4
7566, 2
7567, 2
7568, 2
7569, 4
7571, 3
7572, 1
7573, 5
7574, 3
7575, 1
7576, 1
7577, 4
7578, 2
7579, 2
7580, 3
7581, 3
7582, 6
7583, 7
7584, 4
7585, 3
7586, 2
7587, 3
7588, 5
7589, 6
7590, 3
7591, 4
7592, 4
7593, 1
7594, 2
7595, 2
7596, 4
7598, 3
7599, 7
7600, 4
7601, 4
7603, 7
7605, 8
7606, 6
7607, 6
7608, 6
7609, 2
7610, 5
7611, 2
7612, 4
7613, 7
7614, 3
7616, 7
7617, 2
7618, 2
7619, 2
7620, 3
7621, 3
7622, 8
7623, 1
7624, 5
7625, 1
7626, 5
7627, 2
7629, 1
7630, 4
7631, 1
7632, 4
7633, 1
7634, 4
7635, 2
7636, 2
7637, 4
7640, 1
7642, 3
7643, 5
7644, 3
7645, 1
7646, 1
7648, 1
7649, 3
7650, 4
7651, 1
7652, 4
7653, 3
7654, 2
7655, 1
7656, 3
7657, 1
7658, 4
7659, 4
7660, 3
7662, 3
7663, 2
7664, 2
7665, 3
7666, 4
7667, 5
7668, 7
7669, 4
7670, 2
7671, 2
7672, 3
7673, 3
7674, 9
7675, 3
7676, 3
7677, 6
7679, 2
7680, 2
7681, 3
7682, 2
7683, 1
7684, 6
7685, 6
7686, 2
7687, 3
7688, 4
7689, 4
7690, 5
7691, 5
7692, 6
7693, 5
7694, 6
7695, 2
7696, 4
7697, 5
7698, 3
7699, 4
7700, 3
7701, 2
7702, 6
7703, 4
7704, 1
7705, 1
7706, 4
7707, 8
7708, 2
7709, 3
7710, 3
7711, 2
7712, 5
7715, 4
7716, 2
7717, 4
7718, 1
7719, 2
7720, 2
7721, 3
7722, 4
7723, 1
7726, 1
7727, 1
7728, 5
7729, 4
7730, 2
7732, 1
7733, 1
7734, 1
7735, 5
7736, 4
7737, 1
7738, 3
7739, 1
7740, 1
7741, 4
7742, 2
7743, 3
7744, 4
7745, 3
7746, 1
7747, 1
7748, 3
7749, 1
7750, 5
7751, 3
7752, 5
7753, 6
7754, 4
7755, 4
7756, 2
7757, 2
7758, 1
7759, 7
7760, 7
7761, 5
7762, 3
7763, 2
7764, 1
7765, 2
7766, 3
7767, 3
7769, 4
7770, 8
7771, 3
7772, 3
7773, 1
7774, 6
7775, 2
7776, 7
7777, 7
7778, 3
7779, 7
7780, 2
7781, 4
7782, 5
7783, 2
7784, 5
7785, 5
7786, 2
7787, 4
7788, 4
7789, 2
7790, 2
7791, 1
7792, 5
7793, 6
7794, 3
7795, 3
7796, 3
7797, 3
7798, 3
7800, 3
7801, 2
7802, 3
7803, 3
7805, 3
7806, 2
7807, 4
7808, 2
7809, 1
7812, 2
7813, 4
7814, 3
7815, 3
7816, 1
7818, 2
7819, 1
7820, 2
7821, 4
7822, 3
7823, 1
7824, 4
7825, 2
7826, 1
7827, 3
7828, 1
7829, 5
7830, 3
7831, 2
7832, 1
7833, 2
7834, 2
7835, 3
7836, 4
7837, 3
7838, 7
7839, 5
7840, 5
7841, 1
7842, 3
7843, 2
7844, 3
7845, 7
7846, 6
7847, 3
7848, 5
7849, 1
7850, 1
7851, 1
7852, 5
7853, 1
7854, 2
7855, 5
7856, 5
7857, 5
7858, 1
7859, 2
7860, 6
7861, 4
7862, 8
7863, 4
7864, 4
7865, 7
7867, 6
7868, 4
7869, 5
7870, 4
7871, 3
7872, 2
7873, 5
7874, 3
7875, 2
7876, 1
7877, 3
7878, 8
7879, 3
7880, 3
7881, 3
7882, 2
7883, 3
7884, 2
7886, 4
7887, 2
7888, 4
7890, 2
7891, 3
7892, 4
7893, 2
7894, 2
7896, 1
7898, 2
7899, 3
7900, 5
7901, 1
7902, 1
7903, 1
7904, 1
7905, 3
7906, 3
7907, 3
7908, 3
7909, 3
7911, 3
7912, 1
7913, 3
7914, 3
7915, 2
7916, 3
7917, 3
7918, 1
7919, 3
7920, 2
7921, 3
7922, 2
7923, 5
7924, 6
7925, 6
7926, 3
7927, 3
7928, 2
7929, 2
7930, 6
7931, 7
7932, 4
7933, 4
7934, 2
7935, 2
7936, 1
7937, 1
7938, 5
7940, 5
7941, 5
7942, 6
7943, 2
7944, 1
7945, 6
7946, 3
7947, 7
7948, 6
7949, 3
7950, 8
7951, 1
7952, 3
7953, 4
7954, 6
7955, 3
7956, 5
7957, 1
7958, 7
7959, 1
7960, 4
7962, 4
7963, 1
7964, 10
7965, 2
7966, 3
7967, 2
7968, 3
7969, 3
7971, 3
7972, 2
7973, 4
7974, 2
7975, 1
7976, 2
7977, 3
7978, 2
7979, 4
7982, 1
7984, 4
7985, 5
7986, 2
7987, 1
7989, 2
7991, 3
7992, 3
7993, 4
7994, 2
7995, 2
7996, 3
7997, 2
7998, 3
7999, 2
8000, 4
8001, 2
8002, 1
8003, 2
8004, 2
8005, 3
8006, 2
8007, 4
8008, 2
8009, 7
8010, 7
8011, 4
8012, 2
8013, 3
8014, 1
8015, 4
8016, 7
8017, 6
8018, 2
8019, 5
8021, 2
8022, 2
8023, 3
8024, 2
8025, 2
8026, 6
8027, 4
8028, 4
8029, 3
8030, 5
8031, 1
8032, 6
8033, 9
8034, 1
8035, 8
8036, 4
8037, 1
8038, 6
8039, 3
8040, 4
8041, 5
8042, 3
8043, 4
8044, 3
8045, 2
8046, 3
8047, 2
8048, 3
8049, 8
8050, 2
8051, 3
8052, 2
8053, 2
8054, 6
8057, 5
8059, 5
8060, 1
8061, 1
8062, 3
8063, 3
8064, 3
8065, 2
8067, 1
8069, 2
8070, 3
8071, 5
8072, 1
8073, 1
8074, 1
8075, 1
8076, 3
8077, 3
8078, 3
8079, 2
8080, 2
8081, 2
8082, 4
8084, 3
8085, 2
8086, 4
8087, 3
8088, 2
8089, 2
8090, 2
8091, 2
8092, 4
8093, 2
8094, 6
8095, 9
8096, 3
8097, 2
8098, 2
8099, 2
8100, 2
8101, 3
8102, 10
8103, 3
8104, 5
8105, 2
8106, 1
8107, 1
8108, 3
8109, 4
8110, 2
8111, 1
8112, 8
8113, 4
8114, 3
8115, 5
8116, 2
8117, 2
8118, 11
8119, 3
8120, 4
8121, 6
8122, 2
8123, 6
8124, 2
8125, 6
8126, 4
8127, 3
8128, 2
8129, 6
8130, 1
8131, 3
8132, 2
8133, 2
8134, 6
8135, 6
8137, 6
8138, 1
8139, 5
8140, 1
8142, 2
8143, 4
8144, 2
8145, 3
8146, 1
8147, 3
8148, 2
8149, 3
8150, 3
8154, 2
8155, 5
8156, 3
8157, 1
8158, 2
8159, 1
8161, 1
8162, 6
8163, 1
8164, 4
8165, 2
8166, 2
8167, 1
8168, 3
8169, 2
8170, 1
8171, 4
8172, 5
8173, 1
8174, 2
8176, 4
8177, 2
8178, 5
8179, 3
8180, 5
8181, 7
8182, 3
8183, 3
8184, 2
8185, 3
8186, 2
8187, 8
8188, 4
8189, 4
8190, 5
8191, 1
8192, 1
8193, 1
8194, 4
8195, 2
8196, 4
8197, 2
8198, 8
8199, 4
8201, 6
8202, 2
8203, 5
8204, 9
8205, 2
8206, 5
8207, 6
8208, 2
8209, 4
8210, 4
8211, 6
8212, 5
8213, 2
8214, 1
8215, 5
8216, 4
8217, 1
8218, 1
8219, 4
8220, 7
8221, 4
8222, 2
8223, 3
8224, 2
8225, 4
8226, 1
8228, 5
8229, 1
8230, 3
8231, 2
8232, 2
8233, 2
8234, 2
8235, 4
8236, 2
8238, 1
8240, 3
8241, 4
8242, 3
8243, 1
8244, 1
8245, 1
8246, 1
8247, 2
8248, 4
8249, 4
8250, 2
8251, 3
8253, 2
8254, 2
8255, 3
8256, 4
8257, 4
8258, 2
8259, 1
8260, 1
8261, 2
8262, 4
8263, 3
8264, 3
8265, 3
8266, 6
8267, 5
8268, 5
8269, 4
8271, 3
8272, 6
8273, 7
8274, 3
8275, 6
8277, 2
8278, 1
8279, 1
8280, 5
8281, 2
8282, 1
8283, 7
8284, 5
8285, 3
8286, 1
8287, 5
8288, 5
8289, 7
8290, 4
8291, 4
8292, 7
8293, 3
8294, 5
8295, 3
8296, 4
8297, 5
8298, 3
8299, 2
8300, 4
8301, 4
8302, 2
8303, 1
8304, 2
8305, 8
8306, 2
8307, 4
8308, 3
8309, 3
8310, 4
8311, 2
8313, 2
8314, 4
8315, 2
8316, 3
8317, 1
8318, 2
8319, 3
8320, 2
8321, 3
8322, 1
8325, 3
8326, 3
8327, 3
8328, 2
8329, 2
8331, 2
8333, 4
8334, 3
8335, 4
8336, 2
8337, 1
8338, 3
8339, 2
8340, 2
8341, 1
8342, 5
8343, 4
8344, 1
8345, 1
8346, 3
8347, 1
8348, 5
8349, 1
8350, 4
8351, 6
8352, 6
8353, 4
8354, 3
8355, 3
8356, 2
8357, 2
8358, 8
8359, 6
8360, 4
8361, 3
8362, 1
8363, 2
8364, 1
8365, 4
8366, 1
8367, 2
8368, 5
8369, 6
8370, 5
8372, 6
8373, 2
8374, 3
8375, 9
8376, 4
8377, 6
8378, 5
8379, 2
8380, 2
8381, 6
8382, 5
8383, 4
8384, 2
8385, 3
8386, 5
8387, 3
8388, 2
8389, 2
8390, 4
8391, 6
8392, 3
8393, 4
8394, 2
8395, 2
8396, 4
8397, 1
8398, 1
8399, 3
8400, 1
8401, 5
8402, 1
8403, 2
8404, 2
8405, 3
8406, 4
8407, 1
8410, 1
8411, 4
8412, 3
8413, 3
8414, 2
8416, 1
8418, 2
8419, 6
8420, 4
8422, 3
8423, 2
8424, 2
8425, 3
8426, 1
8427, 3
8428, 4
8429, 2
8430, 2
8431, 2
8432, 2
8433, 1
8434, 6
8435, 2
8436, 4
8437, 9
8438, 2
8439, 5
8440, 1
8441, 2
8442, 3
8443, 8
8444, 4
8445, 4
8446, 5
8447, 1
8448, 2
8449, 1
8450, 3
8451, 2
8452, 2
8453, 5
8454, 7
8455, 3
8456, 2
8457, 5
8458, 2
8459, 5
8460, 7
8461, 3
8462, 3
8463, 9
8464, 1
8465, 4
8466, 5
8467, 5
8468, 4
8469, 3
8470, 2
8471, 6
8472, 2
8473, 3
8474, 2
8476, 9
8477, 3
8478, 2
8479, 3
8480, 4
8481, 3
8482, 1
8483, 1
8484, 2
8485, 4
8486, 2
8487, 3
8488, 1
8489, 2
8490, 2
8491, 4
8492, 3
8495, 1
8496, 2
8497, 3
8498, 4
8499, 2
8500, 1
8501, 1
8503, 2
8504, 4
8505, 2
8506, 4
8507, 3
8508, 1
8509, 1
8510, 3
8511, 2
8512, 2
8513, 5
8514, 3
8515, 1
8516, 1
8517, 4
8518, 2
8519, 4
8520, 1
8521, 2
8522, 6
8523, 9
8524, 2
8525, 4
8526, 1
8527, 2
8528, 5
8529, 9
8530, 2
8531, 3
8532, 5
8533, 1
8534, 1
8535, 2
8536, 3
8537, 2
8538, 2
8539, 7
8540, 5
8541, 4
8542, 1
8543, 4
8544, 2
8545, 5
8546, 10
8547, 2
8548, 7
8549, 4
8550, 3
8551, 4
8552, 3
8553, 7
8554, 2
8555, 2
8556, 6
8557, 3
8558, 2
8559, 2
8560, 2
8561, 7
8562, 4
8563, 2
8564, 4
8565, 3
8566, 4
8567, 1
8568, 1
8569, 1
8570, 4
8571, 2
8572, 3
8573, 1
8574, 2
8575, 2
8576, 2
8577, 3
8578, 3
8581, 1
8582, 2
8583, 4
8584, 4
8585, 1
8586, 2
8588, 1
8589, 3
8590, 3
8591, 4
8592, 2
8593, 3
8594, 1
8595, 3
8596, 2
8597, 1
8598, 2
8599, 6
8600, 1
8601, 2
8602, 1
8603, 3
8604, 3
8605, 4
8606, 1
8607, 7
8608, 5
8609, 4
8610, 4
8611, 2
8612, 2
8613, 2
8614, 9
8615, 5
8616, 2
8617, 6
8618, 1
8619, 2
8620, 1
8621, 2
8622, 4
8623, 1
8624, 5
8625, 7
8626, 2
8627, 3
8628, 4
8629, 3
8630, 3
8631, 7
8632, 5
8633, 5
8634, 7
8635, 1
8636, 4
8637, 5
8638, 4
8639, 5
8640, 3
8641, 2
8642, 6
8643, 1
8644, 4
8645, 2
8646, 2
8647, 8
8648, 3
8649, 2
8650, 4
8651, 1
8652, 3
8653, 3
8655, 4
8656, 1
8657, 4
8658, 2
8660, 4
8661, 1
8662, 3
8663, 4
8666, 1
8667, 3
8668, 2
8669, 5
8671, 2
8672, 1
8674, 1
8675, 4
8676, 4
8677, 3
8678, 2
8679, 2
8680, 2
8681, 2
8682, 3
8683, 1
8684, 5
8685, 3
8686, 2
8687, 1
8688, 2
8689, 3
8690, 3
8691, 3
8692, 3
8693, 6
8694, 5
8695, 4
8696, 3
8697, 3
8698, 2
8699, 2
8700, 8
8701, 7
8702, 2
8703, 4
8704, 1
8705, 2
8706, 1
8707, 5
8709, 4
8710, 6
8711, 3
8712, 4
8713, 2
8714, 4
8715, 3
8716, 8
8717, 3
8718, 5
8719, 9
8720, 2
8721, 4
8722, 4
8723, 4
8724, 4
8725, 4
8726, 3
8727, 4
8728, 3
8729, 3
8730, 1
8731, 2
8732, 9
8733, 3
8734, 2
8735, 2
8736, 2
8737, 6
8739, 2
8740, 1
8741, 3
8742, 1
8743, 5
8744, 1
8745, 3
8746, 1
8747, 4
8748, 3
8749, 1
8752, 1
8753, 4
8754, 2
8755, 4
8756, 1
8757, 1
8758, 1
8759, 1
8760, 4
8761, 2
8762, 3
8763, 3
8764, 2
8765, 1
8766, 4
8767, 1
8768, 2
8769, 4
8770, 3
8771, 4
8773, 2
8774, 3
8775, 2
8776, 3
8777, 4
8778, 4
8779, 8
8780, 2
8781, 5
8782, 1
8783, 2
8784, 3
8785, 7
8786, 5
8787, 4
8788, 6
8790, 2
8791, 2
8793, 5
8794, 1
8795, 4
8796, 9
8797, 2
8798, 2
8799, 2
8800, 5
8801, 6
8802, 7
8803, 3
8804, 4
8805, 8
8806, 1
8807, 5
8808, 3
8809, 5
8810, 4
8811, 3
8812, 3
8813, 5
8814, 2
8815, 3
8816, 1
8817, 2
8818, 8
8819, 3
8820, 4
8821, 3
8822, 1
8823, 3
8824, 3
8826, 4
8827, 2
8828, 3
8829, 2
8830, 3
8831, 1
8833, 5
8834, 3
8837, 1
8838, 2
8839, 3
8840, 5
8842, 2
8843, 1
8845, 2
8846, 3
8847, 5
8848, 3
8849, 2
8850, 1
8851, 2
8852, 3
8853, 1
8854, 3
8855, 4
8856, 2
8857, 3
8858, 1
8859, 2
8860, 2
8861, 3
8862, 5
8863, 2
8864, 6
8865, 5
8866, 5
8867, 3
8868, 2
8869, 3
8870, 5
8871, 6
8872, 3
8873, 6
8874, 2
8875, 2
8876, 1
8877, 1
8878, 3
8879, 3
8880, 4
8881, 6
8882, 3
8883, 2
8884, 2
8885, 6
8886, 4
8887, 4
8888, 8
8889, 5
8890, 5
8891, 3
8892, 5
8893, 3
8894, 5
8895, 4
8896, 2
8897, 2
8898, 6
8899, 3
8900, 3
8901, 1
8902, 2
8903, 3
8904, 8
8905, 2
8906, 4
8907, 2
8908, 5
8909, 2
8911, 1
8912, 4
8913, 2
8914, 3
8915, 1
8916, 4
8918, 4
8919, 2
8920, 2
8923, 1
8924, 5
8925, 1
8926, 5
8927, 1
8928, 1
8930, 1
8931, 3
8932, 4
8933, 2
8934, 4
8935, 2
8936, 2
8937, 2
8938, 2
8939, 2
8940, 3
8941, 3
8942, 4
8944, 2
8945, 3
8946, 2
8947, 3
8948, 4
8949, 5
8950, 7
8951, 3
8952, 4
8953, 1
8954, 2
8955, 4
8956, 10
8957, 3
8958, 2
8959, 6
8960, 1
8961, 1
8963, 3
8964, 4
8965, 2
8966, 5
8967, 3
8968, 5
8969, 3
8970, 4
8971, 4
8972, 5
8973, 6
8974, 4
8975, 5
8976, 6
8977, 2
8978, 3
8979, 5
8980, 5
8981, 4
8982, 4
8983, 3
8984, 3
8985, 4
8986, 2
8987, 2
8988, 2
8989, 7
8990, 3
8991, 3
8992, 3
8993, 4
8994, 3
8995, 1
8997, 5
8998, 1
8999, 3
9000, 2
9001, 1
9002, 3
9003, 3
9004, 2
9005, 2
9006, 1
9008, 1
9009, 3
9010, 3
9011, 3
9012, 2
9013, 1
9014, 1
9015, 1
9016, 2
9017, 2
9018, 6
9019, 2
9020, 1
9021, 2
9022, 3
9023, 3
9025, 3
9026, 6
9028, 3
9029, 1
9030, 2
9031, 3
9032, 4
9033, 1
9034, 5
9035, 4
9036, 7
9037, 4
9038, 3
9039, 2
9040, 3
9041, 5
9042, 6
9043, 2
9044, 8
9045, 1
9046, 1
9047, 1
9048, 2
9049, 5
9051, 2
9052, 7
9053, 3
9054, 6
9055, 1
9056, 6
9057, 2
9058, 7
9059, 7
9060, 1
9061, 7
9062, 4
9063, 3
9064, 4
9065, 5
9066, 5
9067, 3
9068, 3
9069, 5
9070, 1
9071, 5
9073, 3
9074, 4
9075, 6
9076, 3
9077, 3
9078, 2
9079, 5
9080, 2
9082, 2
9083, 3
9084, 2
9085, 3
9086, 2
9087, 2
9088, 2
9089, 3
9090, 2
9091, 2
9093, 1
9095, 4
9096, 2
9097, 4
9098, 2
9100, 1
9101, 1
9102, 4
9103, 3
9104, 3
9105, 2
9106, 3
9107, 2
9108, 2
9109, 3
9111, 4
9112, 3
9113, 4
9115, 3
9116, 1
9117, 2
9118, 4
9119, 4
9120, 4
9121, 7
9122, 6
9123, 2
9124, 3
9125, 1
9126, 3
9127, 9
9128, 3
9129, 4
9130, 4
9131, 2
9132, 1
9133, 1
9134, 4
9135, 2
9136, 2
9137, 5
9138, 6
9139, 5
9141, 7
9143, 4
9144, 9
9145, 4
9146, 4
9147, 7
9148, 1
9149, 5
9150, 4
9151, 5
9152, 3
9153, 3
9154, 5
9155, 3
9156, 4
9158, 3
9159, 3
9160, 8
9161, 2
9162, 4
9163, 1
9164, 5
9165, 2
9166, 1
9168, 2
9169, 4
9170, 4
9171, 1
9172, 2
9173, 2
9174, 3
9175, 2
9176, 3
9179, 1
9180, 4
9181, 2
9182, 4
9183, 2
9185, 1
9187, 3
9188, 4
9189, 1
9190, 5
9191, 1
9192, 2
9193, 3
9194, 1
9195, 3
9196, 2
9197, 6
9198, 1
9199, 2
9200, 1
9201, 3
9202, 3
9203, 4
9204, 1
9205, 3
9206, 6
9207, 7
9208, 4
9209, 2
9210, 2
9211, 2
9212, 6
9213, 7
9214, 4
9215, 4
9216, 2
9217, 2
9218, 1
9219, 1
9220, 5
9222, 4
9223, 7
9224, 3
9225, 3
9226, 2
9227, 6
9228, 2
9229, 6
9230, 8
9231, 1
9232, 9
9233, 2
9234, 4
9235, 4
9236, 4
9237, 5
9238, 4
9239, 1
9240, 4
9241, 4
9242, 3
9243, 1
9244, 3
9245, 7
9246, 3
9247, 3
9248, 3
9249, 3
9250, 4
9251, 2
9253, 1
9254, 4
9255, 2
9256, 3
9257, 1
9258, 4
9260, 4
9261, 2
9262, 2
9264, 1
9266, 4
9267, 6
9269, 2
9271, 1
9272, 2
9273, 2
9274, 3
9275, 4
9276, 2
9277, 3
9278, 2
9279, 1
9280, 3
9281, 2
9282, 3
9283, 5
9284, 2
9286, 2
9287, 3
9288, 3
9289, 3
9290, 4
9291, 2
9292, 9
9293, 4
9294, 2
9295, 3
9296, 2
9297, 3
9298, 9
9299, 4
9300, 3
9301, 4
9302, 1
9303, 2
9304, 1
9305, 2
9306, 4
9307, 2
9308, 8
9309, 3
9310, 5
9312, 2
9313, 5
9314, 6
9315, 4
9316, 6
9317, 6
9318, 6
9319, 1
9320, 5
9321, 4
9322, 6
9323, 3
9324, 2
9325, 2
9326, 5
9327, 3
9328, 3
9329, 2
9330, 4
9331, 6
9332, 3
9333, 3
9334, 3
9335, 2
9336, 4
9337, 1
9339, 5
9340, 1
9341, 3
9342, 2
9343, 1
9344, 3
9345, 3
9346, 2
9347, 3
9349, 1
9351, 3
9352, 2
9353, 5
9354, 2
9356, 1
9357, 1
9358, 3
9359, 2
9360, 5
9361, 2
9362, 3
9364, 4
9365, 1
9366, 1
9367, 3
9368, 4
9369, 4
9370, 1
9371, 1
9372, 3
9373, 3
9374, 2
9375, 3
9376, 3
9377, 10
9378, 2
9379, 4
9380, 2
9381, 3
9382, 2
9383, 5
9384, 6
9385, 6
9386, 6
9388, 2
9389, 1
9390, 2
9391, 4
9393, 3
9394, 8
9395, 4
9396, 3
9397, 2
9398, 5
9399, 2
9400, 8
9401, 5
9402, 4
9403, 7
9404, 3
9405, 3
9406, 4
9407, 3
9408, 5
9409, 4
9410, 3
9411, 5
9412, 2
9413, 3
9414, 2
9415, 2
9416, 6
9417, 5
9418, 2
9419, 4
9420, 2
9421, 4
9422, 1
9423, 1
9424, 3
9425, 2
9426, 3
9427, 3
9429, 3
9430, 2
9431, 3
9432, 4
9435, 1
9436, 2
9437, 3
9438, 1
9439, 5
9440, 1
9441, 1
9443, 1
9444, 3
9445, 3
9446, 4
9447, 2
9448, 3
9449, 2
9450, 2
9451, 3
9452, 1
9453, 4
9454, 3
9455, 3
9457, 2
9458, 3
9459, 3
9460, 3
9461, 4
9462, 1
9463, 10
9464, 5
9465, 2
9466, 3
9468, 6
9469, 7
9470, 1
9471, 7
9472, 3
9473, 1
9474, 2
9475, 2
9476, 3
9477, 2
9478, 3
9479, 4
9480, 7
9481, 3
9482, 2
9483, 4
9484, 3
9485, 6
9486, 5
9487, 6
9488, 5
9489, 5
9490, 4
9491, 2
9492, 5
9493, 6
9494, 3
9495, 1
9496, 4
9497, 5
9498, 2
9499, 2
9500, 2
9501, 6
9502, 5
9503, 3
9504, 2
9505, 2
9506, 3
9507, 4
9508, 1
9509, 1
9510, 3
9511, 2
9512, 4
9514, 3
9515, 2
9516, 4
9517, 3
9518, 1
9521, 1
9522, 3
9523, 3
9524, 4
9525, 2
9526, 1
9528, 1
9529, 3
9530, 3
9531, 5
9532, 1
9533, 2
9534, 1
9535, 4
9537, 3
9538, 2
9539, 4
9540, 3
9541, 2
9543, 4
9544, 2
9545, 4
9546, 2
9547, 3
9548, 10
9549, 3
9550, 4
9551, 3
9552, 1
9553, 2
9554, 5
9555, 8
9556, 3
9557, 7
9559, 2
9561, 2
9562, 5
9563, 2
9564, 4
9565, 5
9566, 5
9567, 2
9568, 1
9569, 6
9570, 3
9571, 7
9572, 6
9573, 3
9574, 7
9575, 2
9576, 5
9577, 2
9578, 4
9579, 7
9580, 3
9581, 2
9582, 5
9583, 3
9584, 2
9585, 1
9586, 4
9587, 6
9588, 5
9589, 3
9590, 2
9591, 1
9592, 4
9593, 3
9595, 2
9596, 3
9597, 2
9598, 4
9600, 4
9602, 4
9603, 4
9606, 1
9607, 1
9608, 3
9609, 5
9610, 1
9611, 2
9612, 1
9614, 1
9615, 4
9616, 4
9617, 4
9618, 1
9619, 1
9620, 2
9621, 3
9622, 2
9623, 1
9624, 7
9625, 1
9626, 3
9628, 4
9629, 1
9630, 4
9631, 1
9632, 3
9633, 6
9634, 7
9635, 4
9636, 4
9637, 1
9638, 1
9639, 3
9640, 8
9641, 7
9642, 2
9643, 5
9644, 1
9645, 1
9646, 2
9647, 2
9648, 3
9649, 1
9650, 9
9651, 4
9652, 3
9653, 2
9654, 5
9655, 1
9656, 6
9657, 7
9658, 4
9659, 7
9660, 4
9661, 3
9662, 3
9663, 5
9664, 5
9665, 4
9666, 2
9667, 3
9668, 4
9669, 4
9670, 1
9671, 2
9672, 5
9673, 6
9674, 2
9675, 4
9676, 2
9677, 5
9678, 1
9679, 1
9680, 1
9681, 3
9682, 2
9683, 4
9684, 1
9685, 2
9686, 2
9687, 4
9688, 3
9689, 1
9691, 1
9693, 2
9694, 4
9695, 4
9696, 1
9697, 1
9698, 1
9699, 1
9700, 2
9701, 3
9702, 4
9703, 3
9704, 2
9705, 1
9706, 3
9707, 3
9708, 1
9709, 4
9710, 3
9711, 3
9712, 1
9713, 1
9714, 3
9715, 1
9716, 6
9717, 3
9718, 4
9719, 7
9720, 3
9721, 4
9722, 2
9723, 2
9724, 3
9725, 8
9726, 4
9727, 5
9728, 4
9729, 1
9730, 2
9731, 1
9732, 2
9733, 4
9734, 2
9735, 2
9736, 7
9737, 4
9738, 3
9739, 1
9740, 6
9741, 5
9742, 8
9743, 3
9744, 2
9745, 9
9746, 1
9747, 4
9748, 3
9749, 7
9750, 3
9751, 4
9752, 2
9753, 6
9754, 3
9755, 1
9756, 2
9757, 2
9758, 6
9759, 6
9760, 4
9761, 1
9762, 2
9763, 5
9764, 1
9766, 3
9767, 3
9768, 1
9769, 4
9770, 2
9771, 1
9772, 3
9773, 2
9774, 3
9775, 1
9778, 1
9779, 6
9780, 2
9781, 3
9782, 1
9783, 1
9785, 2
9786, 4
9787, 4
9788, 2
9789, 1
9790, 3
9791, 2
9792, 2
9793, 2
9794, 3
9795, 3
9796, 5
9798, 1
9799, 3
9800, 2
9801, 3
9802, 3
9803, 4
9804, 6
9805, 5
9806, 6
9807, 2
9808, 2
9809, 3
9810, 2
9811, 8
9812, 6
9813, 1
9814, 5
9815, 1
9816, 1
9817, 2
9818, 4
9819, 1
9820, 4
9821, 6
9822, 4
9823, 3
9824, 1
9825, 6
9826, 1
9827, 9
9828, 6
9829, 3
9830, 7
9831, 3
9832, 2
9833, 5
9834, 5
9835, 5
9836, 3
9837, 3
9838, 4
9839, 3
9840, 3
9841, 1
9842, 1
9843, 7
9844, 4
9845, 3
9846, 3
9847, 3
9848, 3
9849, 3
9850, 1
9851, 1
9852, 4
9853, 2
9854, 2
9855, 2
9856, 2
9857, 2
9858, 4
9859, 3
9860, 1
9863, 1
9864, 4
9865, 2
9866, 4
9867, 2
9869, 1
9870, 1
9871, 1
9872, 5
9873, 5
9874, 1
9875, 3
9877, 4
9878, 1
9879, 2
9880, 4
9881, 4
9882, 2
9883, 1
9884, 1
9885, 4
9886, 2
9887, 2
9888, 5
9889, 3
9890, 5
9891, 7
9892, 3
9893, 2
9894, 2
9895, 3
9896, 9
9897, 2
9898, 5
9899, 5
9900, 1
9901, 2
9902, 2
9903, 1
9904, 4
9906, 6
9907, 6
9908, 3
9909, 3
9910, 5
9911, 2
9912, 6
9913, 8
9914, 2
9915, 6
9916, 6
9918, 6
9919, 2
9920, 5
9921, 5
9922, 3
9923, 4
9924, 4
9925, 2
9926, 3
9927, 2
9928, 1
9929, 8
9930, 4
9931, 3
9932, 1
9933, 3
9934, 5
9935, 1
9937, 2
9938, 4
9939, 1
9940, 3
9941, 1
9942, 4
9943, 2
9944, 3
9945, 3
9948, 1
9949, 1
9950, 3
9951, 5
9952, 2
9953, 1
9954, 1
9955, 1
9956, 1
9957, 3
9958, 3
9959, 4
9960, 3
9961, 1
9962, 1
9963, 3
9964, 2
9965, 1
9966, 6
9967, 2
9968, 3
9970, 4
9971, 1
9972, 3
9973, 4
9974, 3
9975, 7
9976, 5
9977, 4
9978, 2
9979, 3
9980, 1
9981, 4
9982, 8
9983, 6
9984, 2
9985, 4
9986, 1
9987, 2
9988, 1
9989, 5
9991, 4
9992, 3
9993, 8
9994, 3
9995, 1
9996, 5
9997, 3
9998, 3
9999, 10
10000, 2
10001, 5
10002, 6
10003, 1
10004, 6
10005, 5
10006, 5
10007, 3
10008, 2
10009, 3
10010, 4
10011, 4
10012, 1
10013, 3
10014, 5
10015, 4
10016, 3
10017, 3
10018, 3
10019, 2
10020, 4
10021, 1
10022, 1
10023, 3
10024, 3
10025, 3
10026, 1
10027, 2
10028, 3
10029, 2
10030, 5
10033, 1
10035, 4
10036, 3
10037, 4
10039, 1
10040, 1
10041, 1
10042, 3
10043, 3
10044, 4
10045, 2
10046, 2
10047, 1
10048, 3
10049, 3
10050, 2
10051, 3
10052, 2
10053, 4
10054, 1
10055, 1
10056, 2
10057, 3
10058, 5
10059, 1
10060, 3
10061, 11
10062, 3
10063, 4
10064, 3
10065, 1
10066, 2
10067, 7
10068, 5
10069, 4
10070, 5
10071, 1
10072, 2
10073, 1
10074, 3
10075, 3
10076, 1
10077, 5
10078, 6
10079, 4
10080, 2
10081, 1
10082, 6
10083, 5
10084, 6
10085, 4
10086, 5
10087, 5
10088, 4
10089, 3
10090, 5
10091, 6
10092, 4
10093, 2
10094, 2
10095, 5
10096, 3
10097, 3
10098, 1
10099, 3
10100, 6
10101, 4
10102, 4
10103, 3
10104, 1
10105, 5
10106, 1
10108, 3
10109, 3
10110, 4
10111, 1
10112, 1
10113, 3
10114, 3
10115, 3
10116, 2
10119, 1
10120, 2
10121, 4
10122, 2
10123, 3
10124, 1
10125, 1
10126, 1
10127, 1
10128, 4
10129, 3
10130, 3
10131, 2
10132, 2
10133, 4
10135, 3
10136, 1
10137, 5
10138, 3
10139, 2
10141, 3
10142, 2
10143, 4
10144, 3
10145, 2
10146, 8
10147, 7
10148, 3
10149, 2
10150, 1
10151, 1
10152, 5
10153, 7
10154, 6
10155, 3
10156, 4
10157, 1
10158, 2
10159, 1
10160, 4
10161, 1
10162, 2
10163, 8
10164, 3
10165, 4
10166, 2
10167, 5
10168, 2
10169, 6
10170, 8
10171, 3
10172, 7
10173, 3
10174, 1
10175, 6
10176, 4
10177, 6
10178, 4
10179, 1
10180, 5
10181, 3
10182, 3
10183, 1
10184, 3
10185, 4
10186, 7
10187, 1
10188, 5
10189, 1
10190, 4
10191, 3
10193, 2
10194, 3
10195, 2
10196, 3
10197, 1
10198, 2
10199, 2
10200, 4
10201, 2
10202, 2
10205, 1
10206, 3
10207, 3
10208, 5
10209, 1
10211, 1
10212, 1
10213, 4
10214, 3
10215, 3
10216, 2
10217, 3
10218, 1
10219, 3
10221, 3
10222, 3
10223, 5
10224, 3
10226, 3
10228, 3
10229, 5
10230, 2
10231, 2
10232, 9
10233, 5
10234, 3
10235, 3
10236, 2
10237, 1
10238, 8
10239, 4
10240, 6
10241, 5
10243, 2
10244, 1
10245, 4
10246, 2
10248, 6
10249, 7
10250, 3
10251, 2
10252, 3
10253, 4
10254, 4
10255, 8
10256, 4
10257, 3
10258, 9
10259, 2
10260, 1
10261, 7
10262, 5
10263, 4
10264, 2
10265, 2
10266, 6
10267, 2
10268, 3
10269, 1
10270, 5
10271, 6
10272, 3
10273, 3
10274, 2
10275, 3
10276, 3
10277, 2
10279, 3
10280, 3
10281, 2
10282, 3
10284, 4
10285, 3
10286, 2
10287, 3
10291, 4
10292, 3
10293, 3
10294, 1
10295, 2
10296, 1
10297, 1
10298, 2
10299, 3
10300, 3
10301, 2
10302, 3
10303, 2
10304, 2
10305, 2
10306, 2
10307, 2
10308, 6
10309, 3
10310, 1
10312, 4
10313, 2
10314, 3
10315, 4
10316, 2
10317, 7
10318, 4
10319, 4
10320, 4
10321, 2
10322, 1
10323, 5
10324, 8
10325, 5
10326, 3
10327, 3
10328, 1
10329, 1
10330, 3
10331, 2
10332, 3
10333, 3
10334, 6
10335, 4
10336, 3
10337, 2
10338, 6
10339, 2
10340, 6
10341, 5
10342, 4
10343, 8
10344, 3
10345, 4
10346, 4
10347, 5
10348, 4
10349, 1
10350, 5
10351, 4
10352, 3
10353, 3
10354, 1
10355, 1
10356, 6
10357, 8
10359, 5
10360, 1
10361, 5
10362, 2
10364, 3
10365, 2
10367, 6
10369, 4
10371, 4
10372, 3
10373, 1
10376, 1
10377, 3
10378, 4
10379, 4
10380, 1
10382, 1
10383, 1
10384, 3
10385, 4
10386, 2
10387, 3
10388, 3
10390, 4
10391, 2
10392, 2
10393, 2
10394, 5
10395, 3
10397, 2
10398, 3
10399, 2
10400, 4
10401, 3
10402, 3
10403, 7
10404, 6
10405, 3
10406, 2
10407, 1
10408, 3
10409, 8
10410, 5
10411, 3
10412, 5
10413, 2
10414, 1
10416, 5
10417, 2
10418, 2
10419, 5
10420, 6
10421, 3
10422, 2
10423, 6
10424, 2
10425, 2
10426, 9
10427, 5
10428, 3
10429, 7
10430, 2
10431, 3
10432, 5
10433, 5
10434, 5
10435, 2
10436, 4
10437, 4
10438, 3
10439, 1
10440, 2
10441, 3
10442, 7
10443, 4
10444, 2
10445, 3
10446, 3
10447, 5
10449, 1
10450, 4
10452, 5
10453, 1
10454, 1
10455, 3
10456, 2
10457, 3
10458, 2
10459, 1
10461, 1
10462, 1
10463, 5
10464, 4
10465, 1
10466, 1
10467, 1
10469, 3
10470, 3
10471, 2
10472, 4
10473, 3
10474, 1
10475, 3
10476, 2
10477, 2
10478, 4
10479, 3
10480, 2
10481, 2
10483, 4
10485, 3
10486, 6
10487, 3
10488, 6
10489, 5
10490, 5
10491, 1
10492, 3
10493, 1
10494, 8
10495, 5
10496, 4
10497, 2
10498, 5
10499, 2
10500, 1
10501, 1
10502, 5
10504, 4
10505, 4
10506, 7
10507, 3
10508, 1
10509, 4
10510, 4
10511, 5
10512, 8
10513, 2
10514, 8
10515, 3
10516, 3
10517, 5
10518, 3
10519, 6
10520, 2
10521, 3
10522, 7
10523, 2
10524, 2
10525, 1
10526, 3
10527, 7
10528, 3
10529, 3
10530, 4
10531, 1
10532, 3
10533, 4
10535, 2
10536, 3
10537, 3
10538, 2
10539, 1
10540, 3
10541, 2
10542, 2
10543, 4
10544, 1
10547, 1
10548, 3
10549, 4
10550, 4
10551, 1
10553, 1
10554, 1
10555, 3
10556, 3
10557, 5
10558, 2
10559, 2
10560, 1
10561, 3
10563, 3
10564, 5
10565, 3
10566, 3
10568, 3
10569, 1
10570, 4
10571, 3
10572, 2
10573, 3
10574, 8
10575, 5
10576, 4
10577, 3
10579, 3
10580, 6
10581, 6
10582, 5
10583, 5
10585, 2
10586, 1
10587, 3
10588, 2
10589, 2
10590, 4
10591, 8
10592, 4
10593, 1
10594, 2
10595, 5
10596, 6
10597, 9
10598, 1
10599, 6
10600, 6
10602, 6
10603, 3
10604, 6
10605, 3
10606, 5
10608, 4
10609, 5
10610, 2
10611, 1
10612, 4
10613, 7
10614, 4
10615, 1
10616, 3
10617, 3
10618, 3
10619, 2
10621, 3
10622, 3
10623, 2
10624, 3
10625, 3
10626, 1
10627, 2
10628, 5
10629, 1
10632, 1
10633, 4
10634, 2
10635, 3
10636, 3
10638, 1
10639, 1
10640, 1
10641, 5
10642, 2
10643, 4
10644, 3
10646, 3
10647, 1
10648, 2
10649, 5
10650, 4
10652, 3
10653, 2
10654, 2
10655, 2
10656, 3
10657, 4
10658, 4
10659, 6
10660, 5
10661, 4
10662, 3
10663, 1
10664, 2
10665, 4
10666, 8
10667, 5
10668, 3
10669, 3
10670, 1
10671, 2
10672, 2
10673, 3
10674, 1
10675, 4
10676, 6
10677, 4
10678, 4
10679, 1
10680, 5
10681, 3
10682, 10
10683, 4
10684, 3
10685, 7
10686, 2
10687, 4
10688, 4
10689, 5
10690, 5
10691, 3
10692, 2
10693, 4
10694, 3
10695, 3
10696, 1
10697, 3
10698, 5
10699, 4
10700, 5
10701, 3
10702, 1
10703, 5
10704, 2
10707, 5
10708, 2
10709, 3
10710, 1
10711, 4
10712, 1
10713, 4
10714, 2
10715, 1
10717, 1
10719, 4
10720, 5
10721, 2
10723, 2
10725, 3
10727, 5
10728, 4
10729, 1
10730, 3
10731, 2
10732, 2
10733, 2
10734, 1
10735, 6
10736, 2
10737, 2
10738, 1
10739, 2
10740, 3
10741, 2
10742, 4
10743, 4
10744, 7
10745, 4
10746, 4
10747, 3
10748, 3
10750, 4
10751, 10
10752, 1
10753, 7
10754, 3
10756, 2
10757, 2
10758, 2
10759, 3
10760, 2
10761, 7
10762, 4
10763, 5
10765, 5
10766, 3
10767, 4
10768, 8
10769, 3
10770, 7
10771, 5
10773, 7
10774, 3
10775, 4
10776, 5
10777, 2
10778, 6
10779, 2
10780, 3
10781, 2
10783, 5
10784, 7
10785, 3
10786, 3
10787, 3
10788, 1
10789, 4
10790, 2
10792, 3
10793, 3
10794, 4
10795, 1
10796, 2
10797, 2
10798, 2
10799, 3
10800, 3
10803, 1
10804, 3
10805, 4
10806, 3
10807, 1
10808, 1
10809, 1
10811, 3
10812, 5
10813, 1
10814, 3
10815, 2
10816, 2
10817, 4
10818, 2
10819, 1
10820, 4
10821, 2
10822, 4
10823, 1
10824, 2
10825, 2
10826, 1
10827, 4
10828, 2
10829, 4
10830, 9
10831, 4
10832, 2
10833, 4
10834, 2
10835, 3
10836, 4
10837, 7
10838, 4
10839, 4
10840, 3
10841, 2
10843, 2
10844, 5
10845, 1
10846, 3
10847, 8
10848, 3
10849, 2
10850, 3
10851, 5
10852, 5
10853, 5
10854, 5
10855, 4
10856, 7
10857, 2
10858, 6
10859, 1
10860, 6
10861, 4
10862, 2
10863, 4
10864, 3
10865, 3
10866, 3
10867, 3
10868, 1
10869, 10
10870, 2
10871, 3
10872, 3
10873, 2
10874, 4
10875, 1
10876, 1
10877, 2
10878, 3
10879, 4
10880, 1
10881, 1
10882, 2
10883, 4
10884, 2
10885, 4
10888, 1
10890, 5
10891, 4
10892, 1
10893, 1
10894, 2
10896, 3
10897, 2
10898, 3
10899, 4
10900, 2
10901, 2
10902, 1
10903, 3
10904, 2
10905, 1
10906, 5
10907, 4
10908, 2
10910, 3
10911, 2
10912, 3
10913, 3
10914, 2
10915, 3
10916, 11
10917, 3
10918, 2
10919, 3
10920, 2
10921, 5
10922, 6
10923, 4
10924, 4
10925, 4
10926, 2
10927, 2
10928, 1
10929, 5
10931, 2
10932, 5
10933, 6
10934, 4
10935, 2
10936, 4
10937, 2
10938, 6
10939, 6
10940, 5
10941, 5
10942, 6
10943, 2
10944, 4
10945, 5
10946, 6
10947, 4
10948, 1
10949, 3
10950, 4
10951, 3
10952, 2
10953, 1
10954, 5
10955, 7
10956, 2
10957, 4
10958, 2
10959, 3
10960, 3
10961, 1
10963, 4
10964, 2
10965, 4
10966, 1
10967, 3
10968, 1
10969, 3
10970, 3
10971, 1
10972, 1
10973, 1
10975, 3
10976, 3
10977, 4
10978, 1
10979, 1
10980, 1
10982, 2
10983, 5
10984, 3
10985, 2
10986, 4
10988, 3
10989, 3
10990, 1
10991, 3
10992, 2
10993, 6
10995, 2
10996, 1
10997, 3
10998, 4
10999, 2
11000, 6
11001, 6
11002, 4
11003, 4
11004, 2
11005, 2
11006, 2
11007, 5
11008, 8
11009, 5
11010, 2
11011, 3
11012, 2
11013, 1
11014, 1
11015, 5
11016, 1
11017, 5
11018, 5
11019, 3
11020, 4
11021, 2
11022, 5
11023, 5
11024, 7
11025, 3
11026, 3
11027, 5
11028, 6
11029, 2
11030, 4
11031, 7
11032, 4
11033, 3
11034, 2
11035, 4
11036, 4
11037, 2
11038, 3
11039, 2
11040, 7
11041, 2
11042, 2
11043, 5
11044, 3
11045, 2
11046, 2
11047, 1
11048, 2
11049, 2
11050, 4
11051, 2
11052, 2
11053, 2
11054, 1
11055, 6
11056, 2
11059, 1
11061, 5
11062, 4
11063, 2
11064, 1
11065, 1
11067, 3
11068, 1
11069, 4
11070, 4
11071, 1
11072, 3
11074, 4
11075, 3
11076, 1
11077, 6
11078, 1
11079, 3
11081, 3
11082, 1
11083, 4
11084, 3
11085, 4
11086, 5
11087, 7
11088, 4
11089, 2
11090, 2
11091, 1
11092, 3
11093, 9
11094, 6
11095, 2
11096, 5
11097, 1
11098, 1
11099, 2
11100, 3
11101, 2
11102, 1
11103, 5
11104, 6
11105, 6
11106, 1
11107, 1
11108, 6
11109, 7
11110, 6
11111, 2
11112, 6
11113, 6
11114, 2
11115, 5
11116, 4
11117, 5
11118, 4
11119, 2
11120, 1
11121, 7
11122, 2
11123, 2
11124, 2
11125, 4
11126, 6
11127, 3
11128, 3
11129, 3
11130, 4
11131, 1
11132, 2
11133, 1
11134, 4
11136, 4
11137, 2
11138, 2
11139, 2
11140, 4
11141, 3
11142, 1
11145, 1
11146, 1
11147, 6
11148, 3
11149, 1
11150, 2
11152, 1
11153, 3
11154, 3
11155, 5
11156, 1
11157, 2
11158, 1
11159, 4
11160, 2
11161, 1
11162, 2
11163, 5
11164, 3
11165, 1
11167, 4
11168, 3
11169, 2
11170, 3
11171, 3
11172, 9
11173, 5
11174, 3
11175, 2
11176, 2
11177, 3
11178, 7
11179, 6
11180, 3
11181, 5
11182, 1
11183, 2
11184, 1
11185, 2
11186, 4
11188, 5
11189, 6
11190, 4
11191, 3
11192, 2
11193, 5
11194, 4
11195, 7
11196, 5
11197, 2
11198, 9
11199, 2
11200, 3
11201, 5
11202, 6
11203, 2
11204, 4
11205, 2
11206, 5
11207, 3
11208, 3
11210, 4
11211, 5
11212, 5
11213, 2
11214, 4
11215, 2
11216, 4
11217, 2
11219, 2
11220, 4
11221, 2
11222, 2
11223, 2
11224, 2
11225, 4
11226, 1
11227, 3
11228, 1
11230, 1
11231, 1
11232, 4
11233, 4
11234, 2
11236, 2
11237, 1
11238, 2
11239, 2
11240, 4
11241, 2
11242, 2
11243, 3
11244, 2
11245, 2
11246, 2
11247, 1
11248, 6
11249, 3
11250, 2
11251, 1
11252, 2
11253, 2
11254, 3
11255, 3
11256, 3
11257, 4
11258, 9
11259, 5
11260, 1
11261, 2
11262, 4
11263, 2
11264, 7
11265, 5
11266, 4
11267, 4
11269, 2
11270, 1
11271, 5
11272, 1
11273, 2
11274, 7
11275, 3
11276, 4
11277, 3
11278, 5
11279, 1
11280, 8
11281, 7
11282, 2
11283, 9
11284, 2
11285, 2
11286, 5
11287, 4
11288, 4
11289, 5
11290, 2
11291, 4
11292, 3
11293, 3
11294, 2
11295, 1
11296, 8
11297, 3
11298, 4
11299, 3
11300, 1
11301, 3
11302, 5
11304, 2
11305, 3
11306, 1
11307, 4
11308, 1
11309, 2
11310, 3
11311, 2
11312, 3
11313, 2
11316, 1
11317, 3
11318, 4
11319, 4
11320, 1
11322, 1
11324, 4
11325, 3
11326, 5
11327, 1
11328, 2
11329, 1
11330, 4
11331, 1
11332, 2
11333, 3
11334, 5
11335, 2
11336, 1
11337, 3
11338, 2
11339, 1
11340, 5
11341, 1
11342, 5
11343, 7
11344, 5
11345, 3
11346, 3
11347, 2
11348, 1
11349, 6
11350, 6
11351, 6
11352, 5
11353, 1
11354, 1
11355, 1
11356, 2
11357, 4
11358, 2
11359, 3
11360, 7
11361, 3
11362, 3
11363, 2
11364, 5
11365, 6
11366, 7
11367, 2
11368, 3
11369, 8
11370, 2
11371, 6
11372, 2
11373, 5
11374, 5
11375, 3
11376, 2
11377, 4
11378, 3
11379, 4
11380, 1
11381, 2
11382, 8
11383, 4
11385, 5
11386, 2
11387, 4
11388, 2
11390, 4
11391, 1
11392, 5
11393, 1
11394, 1
11395, 2
11396, 3
11397, 1
11398, 4
11399, 1
11401, 1
11402, 2
11403, 3
11404, 3
11405, 2
11406, 2
11407, 1
11409, 2
11410, 5
11411, 1
11412, 3
11413, 2
11414, 3
11415, 4
11417, 3
11418, 1
11419, 7
11420, 1
11421, 2
11423, 3
11424, 1
11425, 5
11426, 2
11427, 4
11428, 6
11429, 4
11430, 5
11431, 4
11432, 1
11433, 3
11434, 6
11435, 6
11436, 3
11437, 3
11438, 5
11439, 1
11440, 1
11441, 1
11442, 4
11443, 2
11444, 2
11445, 8
11446, 4
11447, 4
11448, 1
11449, 5
11450, 3
11451, 5
11452, 8
11453, 3
11454, 5
11455, 5
11456, 2
11457, 5
11458, 5
11459, 5
11460, 4
11461, 1
11462, 6
11463, 1
11464, 3
11465, 2
11466, 2
11467, 4
11468, 8
11469, 2
11470, 3
11471, 2
11472, 5
11473, 2
11475, 1
11476, 4
11477, 2
11478, 3
11479, 1
11480, 3
11481, 1
11482, 4
11483, 1
11484, 3
11486, 1
11488, 5
11489, 3
11490, 2
11491, 2
11493, 1
11494, 1
11495, 4
11496, 3
11497, 1
11498, 3
11499, 3
11500, 2
11501, 3
11502, 3
11503, 1
11504, 1
11505, 5
11506, 2
11507, 2
11508, 2
11509, 1
11510, 4
11511, 3
11512, 2
11513, 5
11514, 9
11515, 2
11516, 5
11517, 2
11518, 1
11519, 3
11520, 6
11521, 6
11522, 5
11523, 5
11525, 2
11526, 1
11527, 2
11528, 4
11530, 5
11531, 6
11532, 5
11533, 2
11534, 2
11535, 5
11536, 4
11537, 5
11538, 6
11539, 5
11540, 7
11541, 2
11542, 5
11543, 3
11544, 6
11545, 4
11546, 2
11547, 2
11548, 6
11549, 3
11550, 2
11552, 4
11553, 9
11554, 2
11555, 3
11556, 3
11557, 4
11558, 1
11559, 1
11560, 1
11561, 3
11562, 3
11563, 3
11564, 2
11565, 1
11566, 3
11567, 3
11568, 3
11569, 1
11570, 1
11572, 1
11573, 2
11574, 3
11575, 4
11576, 2
11577, 1
11578, 1
11579, 1
11580, 2
11581, 3
11582, 3
11583, 4
11584, 1
11585, 2
11586, 2
11587, 2
11588, 3
11589, 3
11590, 2
11591, 3
11592, 3
11594, 4
11595, 2
11596, 2
11597, 4
11598, 2
11599, 8
11600, 7
11601, 3
11602, 1
11603, 3
11604, 2
11605, 4
11606, 8
11607, 4
11608, 3
11609, 4
11610, 1
11611, 1
11612, 2
11613, 5
11614, 1
11615, 1
11616, 7
11617, 6
11618, 3
11619, 2
11620, 4
11621, 2
11622, 8
11623, 4
11624, 6
11625, 6
11626, 3
11627, 2
11628, 6
11629, 3
11630, 6
11631, 3
11632, 1
11633, 4
11634, 4
11635, 5
11637, 3
11638, 4
11639, 7
11640, 2
11641, 3
11642, 3
11643, 3
11644, 2
11645, 1
11646, 2
11647, 3
11648, 1
11649, 4
11650, 1
11651, 3
11652, 3
11653, 3
11654, 1
11655, 2
11658, 1
11659, 4
11660, 4
11661, 2
11662, 2
11664, 1
11665, 1
11666, 5
11667, 2
11668, 3
11669, 2
11670, 3
11671, 1
11672, 3
11673, 2
11674, 1
11675, 5
11676, 1
11677, 4
11678, 1
11679, 1
11680, 3
11681, 3
11682, 4
11683, 2
11684, 6
11685, 8
11686, 3
11687, 3
11688, 1
11689, 2
11690, 3
11691, 9
11692, 5
11693, 3
11694, 5
11695, 1
11696, 1
11697, 2
11698, 2
11699, 3
11700, 1
11701, 6
11702, 6
11703, 4
11704, 1
11705, 6
11706, 2
11707, 5
11708, 6
11709, 4
11710, 5
11711, 7
11712, 3
11713, 3
11714, 3
11715, 5
11716, 6
11717, 1
11718, 2
11719, 5
11720, 4
11721, 1
11722, 3
11723, 3
11724, 6
11725, 4
11726, 4
11727, 1
11728, 3
11729, 3
11730, 2
11732, 3
11733, 2
11734, 4
11735, 1
11736, 2
11737, 3
11738, 1
11739, 4
11740, 3
11743, 1
11744, 1
11745, 5
11746, 3
11747, 2
11748, 1
11749, 1
11750, 1
11751, 3
11752, 3
11753, 3
11754, 3
11755, 2
11756, 1
11757, 3
11758, 1
11759, 3
11760, 1
11761, 5
11762, 3
11763, 2
11765, 4
11766, 2
11767, 3
11768, 3
11769, 3
11770, 8
11771, 4
11772, 5
11773, 1
11774, 3
11775, 3
11776, 3
11777, 6
11778, 8
11779, 4
11780, 1
11781, 2
11783, 3
11784, 4
11785, 1
11786, 2
11787, 6
11788, 4
11789, 5
11791, 7
11792, 2
11793, 8
11794, 5
11795, 1
11796, 10
11797, 2
11798, 3
11799, 5
11800, 5
11801, 4
11802, 4
11803, 2
11804, 5
11805, 1
11806, 5
11808, 3
11809, 1
11810, 10
11811, 2
11812, 3
11813, 2
11814, 3
11815, 4
11817, 2
11818, 3
11819, 3
11820, 2
11821, 2
11822, 3
11824, 4
11825, 3
11826, 1
11828, 1
11830, 4
11831, 4
11832, 2
11833, 2
11834, 1
11836, 2
11837, 2
11838, 3
11839, 5
11840, 1
11841, 2
11842, 2
11843, 3
11844, 2
11845, 2
11846, 4
11847, 3
11848, 2
11849, 1
11850, 2
11851, 3
11852, 2
11853, 3
11854, 4
11855, 5
11856, 7
11857, 3
11858, 4
11859, 2
11860, 1
11861, 4
11862, 10
11863, 3
11864, 4
11865, 3
11866, 1
11867, 2
11869, 4
11870, 3
11871, 2
11872, 5
11873, 6
11874, 4
11875, 1
11876, 5
11877, 3
11878, 6
11879, 3
11880, 6
11881, 7
11882, 5
11883, 2
11884, 4
11885, 4
11886, 5
11887, 2
11888, 5
11889, 3
11890, 2
11891, 6
11892, 1
11893, 2
11894, 2
11895, 7
11896, 5
11897, 3
11898, 1
11899, 4
11900, 2
11901, 2
11903, 3
11904, 3
11905, 3
11906, 1
11907, 3
11908, 2
11909, 2
11910, 3
11911, 3
11914, 1
11915, 2
11916, 4
11917, 4
11918, 1
11919, 1
11920, 1
11921, 1
11922, 2
11923, 3
11924, 3
11925, 3
11926, 2
11927, 2
11928, 3
11929, 2
11930, 2
11931, 3
11932, 4
11933, 2
11934, 2
11935, 2
11936, 2
11937, 2
11938, 4
11939, 1
11940, 3
11941, 8
11942, 7
11943, 1
11944, 3
11945, 3
11946, 2
11947, 5
11948, 8
11949, 4
11950, 6
11952, 1
11953, 2
11954, 1
11955, 3
11956, 3
11957, 4
11958, 7
11959, 3
11960, 3
11962, 6
11963, 4
11964, 9
11965, 3
11966, 2
11967, 8
11968, 3
11969, 4
11970, 4
11971, 4
11972, 6
11973, 3
11974, 1
11975, 3
11976, 4
11977, 4
11978, 1
11979, 3
11980, 6
11981, 4
11982, 2
11983, 4
11984, 3
11985, 4
11986, 2
11988, 1
11989, 4
11990, 1
11991, 4
11992, 2
11993, 3
11994, 1
11995, 4
11996, 2
11997, 1
11999, 1
12001, 4
12002, 5
12003, 1
12004, 1
12005, 2
12007, 2
12008, 2
12009, 4
12010, 4
12011, 1
12012, 3
12013, 1
12014, 2
12015, 2
12016, 2
12017, 6
12018, 2
12019, 1
12020, 2
12021, 2
12022, 2
12023, 2
12024, 5
12025, 1
12026, 7
12027, 4
12028, 7
12029, 3
12030, 1
12031, 2
12032, 4
12033, 5
12034, 7
12035, 3
12036, 6
12038, 2
12039, 2
12040, 2
12041, 3
12042, 2
12043, 5
12044, 5
12045, 5
12046, 1
12047, 5
12048, 3
12049, 4
12050, 7
12051, 4
12052, 5
12053, 7
12054, 2
12055, 4
12056, 3
12057, 8
12058, 4
12059, 1
12060, 3
12061, 3
12062, 3
12063, 2
12064, 2
12065, 2
12066, 8
12067, 3
12068, 2
12069, 4
12070, 4
12071, 2
12072, 2
12073, 1
12074, 3
12075, 1
12076, 5
12077, 1
12078, 1
12079, 3
12080, 1
12081, 4
12082, 3
12085, 1
12086, 2
12087, 3
12088, 5
12089, 1
12090, 1
12091, 1
12092, 1
12093, 2
12094, 4
12095, 4
12096, 1
12097, 3
12098, 1
12099, 2
12100, 3
12101, 2
12102, 3
12103, 5
12104, 1
12105, 2
12106, 2
12107, 2
12108, 2
12109, 4
12110, 1
12111, 5
12112, 7
12113, 5
12114, 4
12115, 1
12116, 3
12118, 7
12119, 8
12120, 4
12121, 4
12122, 2
12123, 2
12125, 3
12126, 4
12127, 2
12128, 1
12129, 7
12130, 4
12131, 3
12132, 1
12133, 6
12134, 1
12135, 8
12136, 7
12137, 2
12138, 9
12139, 3
12140, 3
12141, 2
12142, 6
12143, 4
12144, 3
12145, 4
12146, 4
12147, 2
12148, 4
12149, 2
12150, 2
12151, 6
12152, 5
12153, 2
12154, 2
12155, 4
12156, 4
12157, 2
12159, 2
12160, 3
12161, 4
12162, 1
12163, 2
12164, 2
12165, 1
12166, 4
12167, 3
12168, 1
12170, 1
12172, 4
12173, 4
12174, 2
12175, 1
12176, 2
12178, 1
12179, 4
12180, 3
12181, 3
12182, 2
12183, 3
12184, 2
12185, 2
12186, 3
12187, 1
12188, 5
12189, 3
12190, 2
12192, 2
12193, 2
12194, 4
12195, 3
12196, 4
12197, 5
12198, 7
12199, 3
12200, 3
12201, 2
12202, 2
12203, 3
12204, 8
12205, 4
12206, 4
12207, 5
12208, 1
12209, 1
12210, 2
12211, 3
12212, 2
12213, 2
12214, 7
12215, 5
12216, 3
12217, 1
12218, 4
12219, 3
12220, 4
12221, 11
12222, 1
12223, 6
12224, 5
12225, 2
12226, 5
12227, 5
12228, 4
12229, 5
12230, 1
12231, 6
12232, 2
12233, 3
12234, 2
12235, 1
12236, 3
12237, 9
12238, 2
12239, 3
12240, 2
12241, 5
12242, 1
12243, 2
12245, 5
12247, 4
12248, 2
12250, 4
12251, 2
12252, 3
12253, 3
12256, 1
12257, 2
12258, 4
12259, 3
12260, 2
12261, 1
12262, 1
12263, 1
12264, 2
12265, 4
12266, 4
12267, 2
12268, 2
12269, 1
12270, 2
12271, 2
12272, 3
12273, 3
12274, 5
12275, 2
12276, 1
12277, 1
12278, 3
12279, 1
12280, 6
12281, 2
12282, 3
12283, 8
12284, 4
12285, 4
12286, 2
12287, 2
12288, 1
12289, 5
12290, 8
12291, 4
12292, 4
12293, 3
12294, 2
12296, 3
12297, 4
12298, 1
12299, 3
12300, 5
12301, 5
12302, 4
12304, 6
12305, 2
12306, 7
12307, 8
12308, 2
12309, 10
12310, 1
12311, 5
12312, 1
12313, 6
12314, 4
12315, 4
12316, 2
12317, 5
12318, 3
12319, 2
12320, 2
12321, 2
12322, 9
12323, 2
12324, 3
12325, 3
12326, 2
12327, 3
12328, 3
12330, 3
12331, 2
12332, 2
12333, 4
12335, 4
12336, 2
12337, 3
12338, 3
12341, 1
12343, 5
12344, 3
12345, 3
12346, 1
12347, 1
12348, 1
12349, 1
12350, 2
12351, 4
12352, 4
12353, 2
12354, 2
12355, 2
12356, 2
12357, 2
12358, 2
12359, 5
12360, 2
12361, 3
12363, 2
12364, 3
12365, 3
12366, 2
12367, 4
12368, 6
12369, 6
12370, 4
12371, 3
12372, 2
12373, 3
12374, 3
12375, 6
12376, 4
12377, 6
12378, 4
12379, 1
12380, 2
12382, 1
12383, 5
12384, 1
12385, 7
12386, 6
12387, 4
12389, 4
12390, 4
12391, 5
12392, 7
12393, 3
12394, 8
12395, 4
12396, 1
12397, 5
12398, 4
12399, 6
12400, 4
12401, 3
12402, 4
12403, 2
12404, 2
12405, 3
12406, 1
12407, 4
12408, 8
12409, 2
12410, 3
12411, 3
12412, 3
12413, 2
12414, 2
12416, 4
12417, 2
12418, 4
12420, 3
12421, 2
12422, 1
12423, 6
12424, 1
12427, 1
12428, 2
12429, 4
12430, 4
12431, 1
12432, 1
12433, 1
12434, 1
12435, 3
12436, 4
12437, 3
12438, 2
12439, 3
12441, 3
12442, 2
12443, 2
12444, 3
12445, 5
12447, 3
12448, 1
12449, 2
12450, 3
12451, 2
12452, 5
12453, 2
12454, 10
12455, 2
12456, 5
12457, 3
12458, 1
12459, 2
12460, 7
12461, 5
12462, 5
12463, 5
12464, 1
12465, 1
12466, 2
12467, 4
12468, 2
12469, 1
12470, 3
12471, 8
12472, 2
12473, 4
12474, 2
12475, 5
12476, 3
12477, 9
12478, 4
12479, 3
12480, 6
12481, 3
12482, 2
12483, 6
12484, 4
12485, 6
12486, 2
12487, 3
12488, 5
12489, 5
12490, 1
12492, 3
12493, 6
12494, 3
12495, 4
12496, 3
12497, 2
12498, 6
12499, 1
12501, 2
12502, 3
12503, 2
12504, 4
12506, 3
12507, 3
12508, 3
12509, 3
12512, 1
12513, 1
12514, 5
12515, 2
12516, 3
12517, 1
12518, 1
12519, 1
12520, 1
12521, 3
12522, 3
12523, 3
12524, 4
12526, 2
12527, 2
12528, 3
12529, 2
12530, 4
12531, 3
12532, 3
12533, 1
12534, 2
12535, 2
12536, 2
12537, 4
12538, 3
12539, 6
12540, 6
12541, 5
12542, 3
12543, 1
12544, 2
12545, 4
12546, 9
12547, 2
12548, 4
12549, 5
12550, 2
12551, 1
12553, 3
12554, 3
12555, 2
12556, 7
12557, 5
12558, 2
12559, 2
12560, 6
12561, 3
12562, 5
12563, 8
12564, 2
12565, 7
12566, 4
12567, 3
12568, 3
12569, 4
12570, 4
12571, 4
12572, 3
12573, 4
12574, 4
12575, 2
12576, 3
12577, 2
12578, 6
12579, 5
12580, 2
12581, 3
12582, 2
12583, 4
12584, 4
12587, 5
12588, 1
12589, 3
12590, 2
12591, 3
12592, 1
12593, 4
12594, 2
12595, 2
12597, 1
12599, 4
12600, 2
12601, 4
12602, 2
12603, 1
12606, 3
12607, 4
12608, 4
12609, 2
12610, 3
12612, 4
12613, 2
12614, 1
12615, 4
12616, 4
12617, 3
12620, 3
12621, 4
12622, 4
12623, 2
12624, 4
12625, 9
12626, 3
12627, 2
12628, 3
12629, 2
12630, 3
12631, 7
12632, 5
12633, 4
12634, 6
12636, 2
12637, 2
12639, 5
12641, 6
12642, 6
12643, 1
12644, 5
12645, 1
12646, 5
12647, 3
12648, 10
12649, 3
12650, 3
12651, 8
12652, 2
12653, 6
12654, 1
12655, 7
12656, 3
12657, 4
12658, 2
12659, 5
12660, 3
12661, 2
12662, 1
12663, 3
12664, 4
12665, 7
12666, 2
12667, 4
12668, 2
12669, 3
12670, 3
12672, 3
12673, 2
12674, 3
12675, 3
12676, 1
12677, 3
12678, 3
12679, 1
12680, 4
12683, 1
12684, 2
12685, 3
12686, 4
12687, 2
12688, 1
12689, 1
12691, 2
12692, 3
12693, 3
12694, 3
12695, 3
12696, 2
12697, 1
12698, 3
12699, 2
12700, 3
12701, 4
12702, 3
12703, 2
12705, 3
12706, 2
12707, 3
12708, 4
12709, 3
12710, 4
12711, 8
12712, 3
12713, 4
12714, 2
12715, 2
12716, 3
12717, 8
12718, 5
12719, 4
12720, 3
12722, 2
12723, 1
12724, 3
12725, 3
12726, 3
12727, 5
12728, 5
12729, 3
12730, 2
12731, 6
12732, 1
12733, 7
12734, 8
12735, 2
12736, 7
12737, 4
12738, 2
12739, 5
12740, 4
12741, 3
12742, 5
12743, 2
12744, 3
12745, 6
12746, 3
12747, 1
12748, 3
12749, 4
12750, 6
12751, 2
12752, 4
12753, 3
12754, 3
12755, 3
12758, 5
12759, 1
12760, 4
12761, 1
12762, 1
12763, 3
12764, 4
12765, 3
12766, 1
12769, 1
12770, 4
12771, 3
12772, 2
12773, 3
12774, 1
12776, 1
12777, 3
12778, 3
12779, 2
12780, 5
12781, 2
12782, 1
12783, 3
12785, 4
12786, 4
12787, 1
12788, 5
12790, 1
12791, 2
12792, 4
12793, 4
12794, 3
12795, 1
12796, 9
12797, 4
12798, 5
12799, 1
12800, 2
12801, 3
12802, 8
12803, 4
12804, 5
12805, 4
12806, 1
12807, 2
12808, 2
12809, 3
12810, 2
12811, 1
12812, 4
12813, 6
12814, 4
12815, 3
12816, 6
12817, 1
12818, 5
12819, 6
12820, 5
12821, 5
12822, 7
12823, 1
12824, 3
12825, 4
12826, 5
12827, 6
12828, 2
12829, 2
12830, 5
12831, 2
12832, 3
12833, 1
12834, 3
12835, 6
12836, 6
12837, 2
12838, 4
12840, 5
12841, 2
12843, 5
12845, 4
12846, 2
12847, 1
12848, 3
12849, 2
12850, 3
12851, 3
12854, 1
12855, 2
12856, 3
12857, 5
12858, 1
12859, 1
12860, 1
12862, 1
12863, 6
12864, 2
12865, 3
12866, 2
12867, 2
12868, 3
12869, 1
12870, 2
12871, 3
12872, 3
12873, 4
12874, 1
12875, 2
12876, 2
12877, 3
12878, 3
12879, 2
12880, 4
12881, 6
12882, 7
12883, 3
12884, 2
12885, 3
12886, 1
12887, 4
12888, 6
12889, 7
12890, 6
12891, 1
12892, 1
12893, 1
12894, 2
12895, 4
12896, 1
12897, 4
12898, 4
12899, 6
12900, 4
12902, 6
12903, 3
12904, 3
12905, 8
12906, 5
12907, 4
12908, 6
12909, 4
12910, 2
12911, 6
12912, 4
12913, 3
12914, 2
12915, 5
12916, 3
12917, 4
12918, 2
12919, 2
12920, 5
12921, 6
12922, 2
12923, 3
12924, 2
12925, 4
12926, 2
12927, 1
12928, 1
12929, 4
12930, 1
12931, 4
12932, 2
12933, 2
12934, 2
12935, 2
12936, 4
12937, 1
12939, 1
12941, 3
12942, 5
12943, 2
12944, 2
12946, 1
12947, 1
12948, 3
12949, 4
12950, 1
12951, 4
12952, 2
12953, 2
12954, 3
12955, 1
12956, 2
12957, 2
12958, 6
12959, 2
12960, 1
12961, 3
12962, 1
12963, 3
12964, 4
12965, 2
12966, 3
12967, 9
12968, 4
12969, 5
12970, 1
12971, 1
12972, 3
12973, 6
12974, 7
12975, 3
12976, 6
12978, 2
12979, 2
12980, 1
12981, 4
12983, 7
12984, 4
12985, 4
12986, 3
12987, 2
12988, 5
12989, 5
12990, 6
12991, 5
12992, 3
12993, 7
12994, 2
12995, 4
12996, 5
12997, 6
12998, 3
12999, 3
13000, 1
13001, 7
13002, 2
13003, 3
13004, 1
13005, 2
13006, 6
13007, 6
13008, 2
13009, 3
13010, 2
13011, 3
13012, 3
13014, 3
13015, 3
13016, 1
13017, 4
13018, 1
13019, 3
13020, 2
13021, 3
13022, 3
13025, 1
13026, 2
13027, 3
13028, 4
13029, 2
13030, 1
13031, 1
13032, 1
13033, 1
13034, 4
13035, 4
13036, 3
13037, 1
13038, 2
13039, 2
13040, 2
13041, 3
13042, 1
13043, 4
13044, 3
13045, 3
13046, 1
13047, 1
13048, 3
13049, 4
13050, 3
13051, 2
13052, 8
13053, 6
13054, 3
13055, 2
13056, 2
13057, 2
13058, 5
13059, 7
13060, 4
13061, 6
13062, 2
13064, 2
13065, 1
13066, 4
13067, 2
13068, 3
13069, 6
13070, 4
13071, 4
13072, 2
13073, 4
13074, 4
13075, 5
13076, 6
13077, 4
13078, 7
13079, 4
13080, 4
13081, 2
13082, 6
13083, 4
13084, 5
13085, 2
13086, 3
13087, 4
13088, 3
13089, 1
13090, 2
13091, 5
13092, 6
13093, 3
13094, 4
13095, 1
13096, 2
13097, 5
13100, 5
13101, 1
13102, 5
13104, 3
13105, 3
13106, 2
13107, 2
13108, 2
13110, 1
13112, 4
13113, 3
13114, 4
13115, 1
13117, 1
13118, 1
13119, 2
13120, 5
13121, 4
13123, 4
13125, 3
13126, 2
13127, 3
13128, 4
13129, 3
13130, 2
13131, 1
13132, 1
13133, 4
13134, 2
13135, 4
13136, 2
13137, 5
13138, 8
13139, 4
13140, 4
13141, 2
13142, 1
13143, 3
13144, 5
13145, 7
13146, 3
13147, 6
13148, 1
13149, 1
13150, 1
13151, 3
13152, 3
13153, 1
13154, 5
13155, 6
13156, 4
13157, 2
13158, 5
13159, 2
13160, 2
13161, 11
13162, 3
13163, 7
13164, 5
13165, 1
13166, 5
13167, 1
13168, 8
13169, 6
13170, 1
13171, 3
13172, 4
13173, 2
13174, 3
13175, 1
13176, 3
13177, 8
13178, 3
13179, 3
13180, 2
13181, 3
13182, 4
13183, 1
13185, 3
13186, 2
13187, 4
13188, 1
13189, 2
13190, 2
13191, 4
13192, 3
13193, 2
13196, 1
13198, 6
13199, 4
13200, 1
13201, 1
13202, 1
13203, 1
13204, 2
13205, 4
13206, 2
13207, 3
13208, 2
13209, 2
13210, 2
13211, 2
13212, 3
13213, 4
13214, 4
13216, 2
13217, 1
13218, 4
13219, 1
13220, 4
13221, 4
13222, 2
13223, 6
13224, 6
13225, 4
13226, 3
13227, 2
13228, 1
13229, 6
13230, 6
13231, 7
13232, 3
13233, 2
13234, 2
13235, 1
13236, 1
13237, 3
13238, 3
13239, 3
13240, 4
13241, 7
13242, 1
13243, 4
13244, 5
13245, 1
13246, 9
13247, 4
13248, 6
13249, 4
13250, 4
13251, 4
13252, 4
13253, 2
13254, 7
13255, 3
13256, 3
13257, 4
13258, 3
13259, 3
13260, 1
13261, 3
13262, 6
13263, 3
13264, 3
13265, 4
13266, 2
13267, 4
13268, 2
13269, 1
13270, 2
13271, 3
13272, 3
13273, 3
13275, 2
13276, 5
13278, 3
13279, 2
13281, 1
13283, 3
13284, 5
13285, 3
13287, 2
13289, 2
13290, 3
13291, 3
13292, 4
13293, 1
13294, 3
13295, 1
13296, 3
13297, 2
13298, 2
13299, 4
13300, 2
13301, 3
13302, 1
13303, 1
13304, 2
13305, 3
13306, 4
13307, 3
13308, 5
13309, 7
13310, 5
13311, 3
13312, 1
13313, 2
13314, 4
13315, 10
13316, 3
13317, 3
13318, 4
13319, 1
13320, 2
13321, 2
13322, 1
13323, 4
13324, 1
13325, 4
13326, 8
13327, 3
13328, 2
13329, 6
13330, 1
13331, 5
13332, 4
13333, 7
13334, 6
13335, 6
13336, 1
13337, 5
13338, 3
13339, 6
13340, 2
13341, 4
13342, 4
13343, 3
13344, 4
13345, 2
13347, 3
13348, 9
13349, 4
13350, 2
13351, 3
13352, 3
13353, 2
13354, 2
13356, 4
13357, 2
13358, 4
13359, 1
13361, 4
13362, 2
13363, 3
13364, 3
13367, 1
13368, 3
13369, 4
13370, 3
13371, 1
13372, 1
13374, 2
13375, 2
13376, 3
13377, 2
13378, 5
13379, 2
13380, 1
13381, 2
13382, 3
13383, 1
13384, 2
13385, 4
13386, 4
13387, 2
13389, 4
13390, 2
13391, 3
13392, 4
13393, 2
13394, 6
13395, 7
13396, 4
13397, 2
13398, 2
13399, 2
13400, 5
13401, 7
13402, 4
13403, 5
13404, 2
13405, 1
13406, 1
13407, 2
13408, 4
13409, 1
13410, 4
13411, 5
13412, 5
13413, 4
13414, 1
13415, 6
13416, 3
13417, 8
13418, 4
13419, 4
13420, 6
13421, 3
13422, 4
13423, 4
13424, 4
13425, 5
13426, 4
13427, 1
13428, 6
13429, 3
13430, 2
13431, 1
13432, 3
13433, 3
13434, 8
13435, 2
13436, 3
13437, 2
13438, 4
13439, 2
13440, 1
13441, 1
13442, 4
13443, 3
13444, 2
13445, 1
13446, 3
13447, 2
13448, 3
13449, 3
13450, 1
13452, 1
13454, 3
13455, 5
13456, 3
13457, 1
13458, 1
13460, 1
13461, 3
13462, 3
13463, 4
13464, 2
13465, 3
13467, 3
13468, 4
13469, 1
13470, 6
13472, 4
13474, 1
13475, 4
13476, 2
13477, 4
13478, 2
13479, 4
13480, 9
13481, 2
13482, 4
13483, 2
13484, 2
13485, 3
13486, 8
13487, 3
13488, 5
13489, 5
13490, 2
13491, 1
13492, 1
13493, 5
13494, 1
13496, 7
13497, 4
13498, 6
13499, 1
13500, 6
13501, 1
13502, 5
13503, 10
13504, 1
13505, 6
13506, 4
13507, 3
13508, 3
13509, 5
13510, 4
13511, 7
13512, 2
13513, 2
13514, 5
13515, 1
13516, 4
13517, 1
13518, 3
13519, 9
13520, 3
13521, 2
13522, 1
13523, 5
13524, 4
13527, 4
13528, 2
13529, 4
13530, 1
13531, 3
13532, 1
13533, 2
13534, 4
13535, 2
13538, 1
13539, 3
13540, 3
13541, 4
13542, 2
13544, 1
13545, 1
13546, 2
13547, 3
13548, 5
13549, 2
13550, 2
13551, 1
13552, 3
13553, 1
13554, 3
13555, 2
13556, 6
13558, 3
13559, 1
13560, 2
13561, 4
13562, 2
13563, 3
13564, 4
13565, 7
13566, 4
13567, 6
13569, 3
13570, 3
13571, 6
13572, 5
13573, 4
13574, 5
13575, 2
13576, 1
13577, 2
13578, 1
13579, 4
13580, 2
13581, 1
13582, 9
13583, 4
13584, 3
13585, 3
13586, 3
13587, 3
13588, 7
13589, 7
13590, 2
13591, 7
13592, 3
13593, 6
13595, 6
13596, 5
13597, 4
13598, 2
13599, 3
13600, 5
13601, 2
13602, 1
13603, 3
13604, 6
13605, 5
13606, 3
13607, 2
13608, 2
13609, 3
13610, 3
13611, 1
13612, 1
13613, 4
13614, 3
13615, 2
13616, 2
13617, 3
13618, 2
13619, 2
13620, 3
13621, 1
13623, 1
13625, 5
13626, 3
13627, 2
13628, 2
13629, 1
13631, 2
13632, 2
13633, 3
13634, 5
13635, 1
13636, 3
13637, 1
13638, 3
13639, 2
13640, 1
13641, 6
13642, 1
13643, 3
13644, 1
13645, 2
13646, 3
13647, 3
13648, 2
13649, 4
13650, 5
13651, 7
13652, 4
13653, 3
13654, 2
13655, 1
13656, 4
13657, 7
13658, 6
13659, 5
13660, 3
13662, 2
13663, 2
13664, 4
13665, 1
13666, 3
13667, 4
13668, 6
13669, 4
13670, 2
13671, 4
13672, 2
13673, 7
13674, 6
13675, 3
13676, 9
13677, 3
13678, 3
13679, 3
13680, 3
13681, 8
13682, 3
13683, 3
13684, 3
13685, 4
13686, 2
13687, 2
13688, 2
13689, 5
13690, 6
13691, 1
13692, 3
13693, 4
13694, 2
13695, 3
13696, 2
13698, 5
13700, 4
13701, 2
13702, 2
13703, 2
13704, 3
13705, 1
13706, 4
13709, 1
13710, 3
13711, 3
13712, 4
13713, 2
13714, 1
13716, 1
13717, 3
13718, 3
13719, 4
13720, 2
13721, 1
13722, 2
13723, 4
13725, 3
13726, 1
13727, 5
13728, 4
13729, 1
13731, 3
13732, 3
13733, 3
13734, 4
13735, 2
13736, 8
13737, 5
13738, 4
13739, 2
13740, 2
13741, 1
13742, 6
13743, 7
13744, 4
13745, 2
13746, 5
13747, 2
13749, 2
13750, 4
13751, 2
13752, 1
13753, 10
13754, 3
13755, 3
13756, 3
13757, 4
13759, 12
13760, 3
13761, 4
13762, 7
13763, 2
13764, 3
13765, 5
13766, 4
13767, 6
13768, 3
13769, 2
13770, 6
13771, 2
13772, 2
13773, 2
13774, 2
13775, 7
13776, 3
13777, 3
13778, 4
13779, 1
13780, 5
13781, 2
13783, 3
13784, 2
13785, 2
13786, 3
13787, 2
13788, 3
13789, 1
13790, 3
13791, 3
13792, 1
13794, 1
13796, 5
13797, 2
13798, 3
13799, 1
13800, 1
13801, 1
13802, 2
13803, 4
13804, 2
13805, 4
13806, 2
13807, 2
13808, 2
13809, 2
13811, 4
13812, 3
13813, 4
13814, 3
13815, 1
13816, 2
13817, 3
13818, 1
13819, 5
13820, 3
13821, 4
13822, 7
13823, 4
13824, 4
13825, 2
13826, 2
13827, 4
13828, 2
13829, 7
13830, 8
13831, 2
13832, 2
13834, 2
13835, 3
13836, 2
13837, 2
13838, 6
13839, 5
13840, 5
13841, 1
13842, 4
13843, 3
13844, 5
13845, 8
13846, 3
13847, 5
13848, 6
13849, 1
13850, 5
13851, 4
13852, 4
13853, 4
13854, 5
13856, 6
13857, 4
13858, 1
13859, 2
13860, 4
13861, 7
13862, 2
13863, 1
13864, 4
13865, 4
13866, 3
13867, 1
13869, 5
13871, 5
13872, 1
13873, 2
13874, 2
13875, 4
13876, 2
13877, 2
13879, 1
13881, 2
13882, 6
13883, 3
13885, 2
13888, 3
13889, 5
13890, 1
13891, 4
13892, 2
13893, 1
13894, 3
13895, 1
13896, 3
13897, 4
13898, 4
13899, 3
13902, 4
13903, 1
13904, 6
13905, 2
13906, 3
13907, 8
13908, 3
13909, 4
13910, 3
13911, 2
13912, 3
13913, 7
13914, 2
13915, 7
13916, 6
13918, 1
13919, 2
13920, 3
13921, 3
13922, 1
13923, 4
13924, 4
13925, 6
13926, 2
13927, 3
13928, 5
13929, 3
13930, 8
13931, 5
13932, 6
13933, 4
13934, 2
13935, 3
13936, 5
13937, 5
13938, 5
13939, 3
13940, 2
13941, 3
13942, 5
13943, 2
13944, 1
13945, 3
13946, 6
13947, 5
13948, 3
13949, 4
13950, 2
13951, 2
13952, 3
13954, 1
13955, 4
13956, 4
13957, 2
13958, 2
13959, 2
13960, 1
13961, 4
13962, 3
13965, 1
13966, 1
13967, 3
13968, 6
13970, 2
13971, 1
13972, 1
13974, 5
13975, 3
13976, 4
13977, 1
13978, 2
13979, 1
13980, 3
13981, 3
13983, 5
13984, 4
13985, 1
13986, 2
13987, 2
13988, 2
13989, 3
13990, 3
13991, 4
13992, 5
13993, 7
13994, 4
13995, 2
13996, 2
13997, 2
13998, 3
13999, 8
14000, 5
14001, 4
14002, 4
14003, 1
14004, 1
14005, 2
14006, 3
14007, 2
14008, 3
14009, 7
14010, 2
14011, 6
14012, 2
14013, 1
14014, 5
14015, 7
14016, 5
14017, 4
14018, 6
14019, 5
14020, 2
14021, 5
14022, 3
14023, 4
14024, 7
14026, 2
14027, 6
14028, 3
14029, 2
14030, 2
14031, 4
14032, 6
14033, 3
14034, 2
14035, 3
14036, 5
14037, 2
14038, 1
14039, 1
14040, 3
14041, 2
14042, 4
14043, 1
14044, 2
14045, 2
14046, 3
14047, 2
14048, 3
14051, 1
14052, 4
14053, 2
14054, 4
14055, 2
14057, 1
14058, 1
14059, 3
14060, 4
14061, 3
14062, 2
14063, 2
14064, 1
14065, 4
14066, 1
14067, 2
14068, 3
14069, 4
14070, 3
14071, 1
14072, 1
14073, 2
14074, 4
14075, 2
14076, 3
14077, 3
14078, 11
14079, 4
14080, 2
14081, 3
14082, 1
14083, 3
14084, 7
14085, 5
14086, 5
14087, 4
14088, 1
14089, 2
14090, 1
14091, 1
14092, 5
14093, 1
14094, 5
14095, 6
14096, 5
14097, 1
14098, 3
14099, 4
14100, 4
14101, 9
14102, 3
14103, 5
14104, 6
14105, 2
14106, 5
14107, 2
14108, 5
14109, 5
14110, 3
14111, 2
14112, 6
14113, 2
14114, 3
14116, 3
14117, 7
14118, 3
14119, 3
14120, 4
14121, 2
14122, 4
14123, 2
14125, 3
14126, 2
14127, 3
14128, 2
14129, 1
14130, 4
14131, 2
14132, 1
14133, 5
14136, 1
14137, 1
14138, 4
14139, 4
14140, 1
14141, 2
14142, 1
14143, 1
14144, 1
14145, 2
14146, 4
14147, 4
14148, 2
14149, 2
14150, 1
14151, 3
14152, 2
14153, 3
14154, 4
14155, 2
14156, 2
14157, 2
14158, 3
14160, 4
14161, 4
14162, 3
14163, 3
14164, 9
14165, 4
14166, 1
14167, 4
14168, 3
14169, 3
14170, 5
14171, 7
14172, 5
14173, 2
14174, 2
14176, 2
14177, 3
14178, 2
14179, 3
14180, 7
14181, 3
14182, 5
14183, 1
14184, 4
14185, 4
14186, 3
14187, 10
14188, 1
14189, 7
14190, 5
14191, 4
14192, 2
14193, 6
14194, 5
14195, 3
14196, 2
14197, 6
14198, 1
14199, 4
14200, 1
14201, 1
14202, 8
14203, 6
14205, 3
14206, 2
14207, 4
14208, 3
14209, 1
14211, 5
14212, 2
14213, 3
14214, 1
14215, 3
14216, 1
14217, 3
14218, 3
14219, 2
14221, 1
14223, 5
14224, 2
14225, 3
14226, 2
14228, 1
14229, 1
14230, 3
14231, 3
14232, 5
14233, 1
14234, 3
14235, 1
14236, 2
14237, 2
14238, 2
14239, 3
14240, 3
14241, 3
14242, 2
14243, 1
14244, 4
14245, 2
14246, 4
14247, 2
14248, 5
14249, 7
14250, 4
14251, 3
14252, 3
14253, 1
14254, 2
14255, 7
14256, 6
14257, 5
14258, 3
14259, 2
14260, 2
14261, 1
14262, 2
14263, 4
14264, 1
14265, 4
14266, 7
14267, 3
14268, 3
14269, 4
14270, 3
14271, 5
14272, 8
14273, 2
14274, 6
14275, 5
14276, 4
14277, 2
14278, 5
14279, 4
14280, 6
14281, 2
14282, 3
14283, 4
14284, 4
14285, 2
14286, 1
14287, 4
14288, 7
14289, 2
14290, 3
14291, 4
14292, 2
14293, 4
14294, 1
14296, 3
14297, 3
14298, 2
14299, 3
14300, 2
14301, 1
14302, 3
14303, 4
14304, 2
14307, 1
14308, 1
14309, 5
14310, 3
14311, 2
14312, 1
14313, 1
14314, 1
14315, 1
14316, 4
14317, 2
14318, 5
14319, 2
14320, 1
14321, 2
14322, 2
14323, 3
14324, 1
14325, 4
14326, 4
14327, 2
14328, 1
14329, 2
14330, 3
14331, 1
14332, 5
14333, 3
14334, 6
14335, 5
14336, 5
14337, 2
14338, 2
14339, 3
14340, 4
14341, 8
14342, 4
14343, 5
14344, 2
14345, 1
14346, 2
14347, 1
14348, 4
14349, 1
14350, 2
14351, 9
14352, 4
14353, 3
14354, 1
14355, 6
14356, 2
14357, 5
14358, 7
14359, 4
14360, 5
14361, 5
14362, 2
14363, 4
14364, 6
14365, 5
14366, 4
14367, 1
14368, 4
14369, 3
14370, 5
14372, 2
14373, 6
14374, 7
14376, 5
14377, 1
14378, 4
14379, 2
14380, 1
14381, 2
14382, 2
14383, 2
14384, 4
14385, 1
14386, 4
14388, 4
14389, 2
14390, 2
14392, 1
14394, 4
14395, 2
14396, 5
14397, 1
14399, 1
14400, 1
14401, 3
14402, 2
14403, 5
14404, 2
14405, 3
14407, 3
14408, 3
14409, 1
14410, 3
14411, 5
14412, 3
14414, 2
14415, 1
14416, 4
14417, 4
14418, 3
14419, 3
14420, 9
14421, 3
14422, 4
14423, 2
14424, 1
14425, 3
14426, 7
14427, 5
14428, 4
14429, 5
14430, 1
14431, 2
14432, 1
14433, 4
14434, 1
14435, 2
14436, 5
14437, 7
14438, 2
14439, 3
14440, 5
14441, 2
14442, 4
14443, 7
14444, 5
14445, 5
14446, 7
14447, 1
14448, 5
14449, 4
14450, 4
14451, 4
14452, 3
14453, 5
14454, 3
14455, 2
14456, 3
14457, 2
14458, 2
14459, 8
14460, 3
14461, 3
14462, 2
14463, 2
14464, 3
14465, 3
14467, 4
14468, 2
14469, 2
14470, 3
14471, 2
14472, 2
14473, 3
14474, 1
14475, 4
14478, 1
14479, 1
14480, 5
14481, 3
14482, 2
14483, 1
14484, 1
14486, 2
14487, 5
14488, 1
14489, 3
14490, 3
14491, 2
14492, 3
14493, 1
14494, 3
14495, 1
14496, 3
14497, 5
14498, 2
14499, 1
14500, 3
14501, 2
14502, 2
14503, 5
14504, 2
14505, 6
14506, 7
14507, 3
14508, 3
14509, 2
14510, 1
14511, 6
14512, 7
14513, 2
14514, 7
14515, 2
14516, 1
14517, 1
14518, 1
14519, 6
14520, 1
14521, 2
14522, 8
14523, 2
14524, 5
14525, 1
14526, 6
14527, 3
14528, 5
14529, 7
14530, 3
14531, 8
14532, 2
14533, 4
14534, 3
14535, 3
14536, 7
14537, 2
14538, 3
14539, 2
14540, 5
14541, 2
14542, 3
14543, 3
14544, 2
14545, 8
14546, 2
14547, 5
14549, 5
14550, 3
14552, 1
14553, 4
14554, 1
14555, 4
14556, 2
14558, 3
14559, 3
14560, 5
14564, 1
14565, 3
14566, 5
14567, 2
14568, 1
14569, 2
14571, 1
14572, 3
14573, 4
14574, 3
14575, 1
14576, 4
14577, 1
14578, 2
14579, 4
14581, 4
14582, 4
14583, 2
14584, 1
14585, 1
14586, 3
14587, 3
14588, 3
14589, 4
14590, 4
14591, 6
14592, 6
14593, 2
14594, 3
14595, 2
14596, 3
14597, 5
14598, 7
14599, 4
14600, 4
14601, 1
14602, 2
14603, 1
14604, 4
14605, 2
14606, 2
14607, 5
14608, 7
14609, 1
14610, 3
14611, 6
14612, 1
14613, 4
14614, 8
14615, 4
14616, 5
14617, 7
14618, 1
14619, 3
14620, 4
14621, 5
14622, 5
14623, 3
14624, 2
14625, 5
14626, 4
14627, 1
14628, 1
14629, 5
14630, 7
14631, 3
14632, 4
14633, 1
14634, 3
14635, 4
14636, 1
14638, 5
14639, 1
14640, 3
14641, 2
14643, 4
14644, 3
14645, 2
14646, 2
14647, 1
14649, 1
14650, 3
14651, 3
14652, 3
14653, 2
14654, 1
14655, 1
14657, 2
14658, 5
14659, 2
14660, 3
14661, 3
14662, 1
14663, 3
14664, 2
14665, 2
14666, 1
14667, 5
14668, 4
14669, 1
14671, 4
14672, 1
14673, 4
14674, 2
14675, 4
14676, 5
14677, 8
14678, 4
14679, 2
14680, 2
14681, 1
14682, 7
14683, 6
14684, 6
14685, 3
14686, 2
14687, 2
14688, 1
14689, 1
14690, 5
14692, 3
14693, 5
14694, 6
14695, 4
14696, 1
14697, 5
14698, 4
14699, 7
14700, 5
14701, 5
14702, 5
14703, 3
14704, 6
14705, 3
14706, 2
14707, 6
14708, 4
14709, 2
14710, 5
14711, 2
14712, 3
14713, 1
14714, 2
14715, 5
14716, 6
14717, 3
14718, 3
14719, 2
14720, 5
14721, 2
14723, 1
14724, 4
14725, 2
14726, 3
14727, 1
14728, 3
14729, 2
14730, 3
14731, 3
14732, 1
14734, 1
14736, 4
14737, 3
14738, 4
14739, 1
14740, 1
14742, 1
14743, 3
14744, 3
14745, 5
14746, 1
14747, 3
14748, 1
14749, 2
14750, 3
14751, 1
14752, 5
14753, 3
14754, 3
14756, 2
14757, 2
14758, 1
14759, 6
14760, 2
14761, 7
14762, 5
14763, 5
14764, 3
14765, 3
14767, 4
14768, 8
14769, 5
14770, 3
14771, 5
14772, 1
14773, 1
14774, 1
14775, 3
14776, 3
14777, 2
14778, 6
14779, 6
14780, 2
14781, 2
14782, 2
14783, 5
14784, 5
14785, 10
14786, 1
14787, 3
14788, 9
14789, 1
14790, 3
14791, 4
14792, 7
14793, 6
14795, 3
14796, 5
14797, 3
14798, 2
14799, 1
14800, 5
14801, 6
14802, 3
14803, 3
14804, 2
14805, 4
14806, 2
14807, 2
14809, 3
14810, 2
14811, 4
14812, 2
14813, 1
14814, 3
14815, 2
14816, 4
14817, 2
14820, 1
14821, 3
14822, 2
14823, 4
14824, 2
14825, 1
14826, 1
14827, 1
14828, 2
14829, 3
14830, 5
14831, 2
14832, 2
14833, 1
14834, 1
14835, 4
14836, 1
14837, 4
14838, 5
14839, 1
14840, 2
14841, 1
14842, 3
14843, 2
14844, 3
14845, 3
14846, 4
14847, 6
14848, 5
14849, 4
14850, 3
14851, 2
14852, 3
14853, 4
14854, 6
14855, 5
14856, 5
14857, 2
14858, 2
14860, 2
14861, 4
14862, 1
14863, 4
14864, 6
14865, 4
14866, 3
14867, 2
14868, 5
14869, 3
14870, 5
14871, 9
14872, 2
14873, 8
14874, 2
14875, 4
14876, 4
14877, 5
14878, 4
14879, 4
14880, 2
14881, 2
14882, 5
14883, 3
14884, 2
14885, 2
14886, 6
14887, 5
14888, 2
14889, 3
14890, 2
14891, 5
14892, 2
14894, 2
14895, 3
14896, 1
14897, 4
14898, 1
14899, 4
14900, 2
14901, 3
14902, 2
14903, 1
14905, 1
14907, 5
14908, 4
14909, 1
14910, 2
14912, 1
14913, 2
14914, 2
14915, 3
14916, 4
14917, 2
14918, 3
14919, 1
14920, 3
14921, 2
14922, 1
14923, 5
14924, 3
14925, 2
14926, 1
14927, 2
14928, 2
14929, 2
14930, 6
14931, 1
14932, 5
14933, 9
14934, 3
14935, 3
14936, 2
14937, 1
14938, 4
14939, 10
14940, 3
14941, 4
14942, 4
14944, 2
14945, 2
14946, 1
14947, 4
14948, 3
14949, 5
14950, 6
14951, 2
14952, 2
14953, 7
14954, 1
14955, 2
14956, 10
14957, 3
14958, 7
14959, 4
14960, 5
14962, 6
14963, 4
14964, 7
14966, 2
14967, 6
14968, 2
14969, 3
14970, 2
14971, 3
14972, 8
14973, 1
14974, 4
14975, 2
14976, 4
14977, 4
14980, 5
14982, 4
14983, 2
14984, 1
14985, 3
14986, 3
14987, 4
14988, 1
14990, 1
14992, 2
14993, 3
14994, 4
14995, 2
14996, 1
14997, 1
14998, 1
14999, 2
15000, 3
15001, 4
15002, 2
15003, 4
15005, 3
15006, 3
15007, 1
15008, 2
15009, 4
15010, 2
15011, 3
15012, 2
15013, 1
15014, 3
15015, 3
15016, 3
15017, 3
15018, 7
15019, 6
15020, 5
15021, 1
15022, 2
15023, 1
15024, 6
15025, 7
15026, 4
15027, 5
15028, 2
15029, 1
15030, 2
15031, 2
15032, 4
15034, 4
15035, 5
15036, 5
15037, 4
15038, 1
15039, 6
15040, 2
15041, 10
15042, 3
15043, 3
15044, 6
15045, 4
15046, 2
15047, 5
15048, 5
15049, 4
15050, 5
15051, 2
15052, 4
15053, 3
15054, 4
15055, 1
15056, 3
15057, 3
15058, 6
15059, 3
15060, 3
15061, 2
15062, 3
15063, 4
15065, 1
15066, 4
15067, 4
15068, 2
15070, 4
15071, 1
15072, 3
15073, 3
15074, 1
15077, 1
15078, 5
15079, 4
15080, 2
15081, 1
15083, 1
15084, 1
15085, 4
15086, 2
15087, 4
15088, 3
15089, 2
15090, 1
15091, 3
15092, 2
15093, 2
15094, 6
15095, 1
15096, 3
15098, 3
15099, 1
15100, 3
15101, 4
15102, 3
15103, 5
15104, 7
15105, 4
15106, 2
15107, 3
15108, 2
15109, 5
15110, 6
15111, 4
15112, 5
15113, 4
15115, 2
15116, 2
15117, 4
15118, 1
15119, 1
15120, 6
15121, 5
15122, 3
15123, 3
15124, 3
15125, 4
15126, 5
15127, 8
15128, 2
15129, 7
15130, 6
15131, 1
15132, 5
15133, 4
15134, 4
15135, 6
15136, 1
15137, 2
15138, 6
15139, 4
15140, 1
15141, 1
15142, 3
15143, 8
15144, 3
15145, 4
15146, 2
15147, 3
15148, 4
15151, 4
15152, 1
15153, 4
15154, 2
15155, 3
15156, 1
15157, 4
15158, 3
15159, 1
15161, 1
15163, 3
15164, 4
15165, 3
15166, 1
15167, 1
15168, 1
15169, 1
15170, 2
15171, 3
15172, 5
15173, 2
15174, 2
15175, 1
15176, 3
15177, 2
15178, 2
15179, 1
15180, 7
15181, 2
15182, 1
15183, 2
15184, 2
15185, 3
15186, 2
15187, 3
15188, 4
15189, 9
15190, 4
15191, 3
15192, 2
15193, 2
15194, 3
15195, 4
15196, 7
15197, 5
15198, 4
15199, 2
15200, 2
15202, 4
15203, 3
15204, 2
15205, 5
15206, 4
15207, 4
15208, 3
15209, 1
15210, 5
15211, 2
15212, 10
15213, 4
15214, 6
15215, 3
15216, 4
15217, 4
15218, 3
15219, 6
15220, 5
15221, 3
15222, 2
15223, 5
15224, 4
15225, 1
15226, 1
15227, 3
15228, 5
15229, 5
15230, 4
15231, 3
15232, 1
15233, 5
15234, 2
15236, 2
15237, 3
15238, 3
15239, 3
15240, 1
15241, 3
15242, 2
15243, 2
15244, 4
15247, 1
15248, 1
15249, 4
15250, 3
15251, 3
15253, 2
15254, 1
15256, 4
15257, 3
15258, 4
15259, 1
15260, 3
15261, 2
15262, 2
15263, 1
15264, 3
15265, 4
15266, 4
15267, 2
15269, 2
15270, 4
15271, 1
15272, 5
15273, 1
15274, 7
15275, 7
15276, 3
15277, 2
15278, 2
15279, 2
15280, 5
15281, 5
15282, 6
15283, 4
15284, 5
15285, 1
15286, 1
15287, 2
15288, 1
15289, 4
15290, 1
15291, 5
15292, 7
15293, 4
15294, 1
15295, 3
15296, 5
15297, 6
15298, 6
15299, 4
15300, 3
15301, 8
15302, 2
15303, 4
15304, 2
15305, 6
15306, 5
15307, 2
15308, 3
15309, 4
15310, 5
15311, 1
15312, 2
15313, 2
15314, 8
15315, 3
15316, 4
15317, 1
15318, 3
15319, 4
15320, 1
15322, 4
15323, 2
15324, 4
15325, 1
15326, 3
15327, 1
15328, 4
15329, 3
15330, 1
15333, 1
15334, 3
15335, 4
15336, 3
15337, 1
15338, 1
15339, 1
15340, 1
15341, 3
15342, 4
15344, 4
15345, 4
15347, 4
15348, 2
15349, 1
15350, 3
15351, 5
15352, 2
15353, 1
15354, 2
15355, 1
15356, 2
15357, 5
15358, 3
15359, 5
15360, 5
15361, 5
15362, 3
15363, 3
15364, 2
15365, 2
15366, 5
15367, 5
15368, 8
15369, 5
15371, 1
15372, 1
15373, 5
15374, 1
15375, 3
15376, 2
15377, 7
15378, 3
15379, 4
15380, 3
15381, 4
15382, 4
15383, 6
15384, 6
15385, 3
15386, 6
15387, 3
15388, 6
15389, 3
15390, 5
15391, 3
15392, 4
15393, 3
15394, 4
15395, 2
15396, 4
15398, 4
15399, 6
15400, 3
15401, 2
15402, 5
15403, 1
15404, 4
15405, 2
15406, 1
15407, 1
15408, 4
15409, 2
15410, 3
15411, 3
15412, 2
15413, 1
15414, 3
15415, 4
15418, 1
15419, 1
15420, 3
15421, 6
15423, 2
15424, 1
15425, 1
15426, 2
15427, 2
15428, 3
15429, 4
15430, 1
15431, 2
15432, 3
15433, 2
15434, 2
15435, 2
15436, 5
15437, 2
15438, 3
15440, 2
15441, 3
15442, 3
15443, 4
15444, 3
15445, 6
15446, 5
15447, 6
15448, 1
15449, 2
15450, 4
15451, 2
15452, 9
15453, 3
15454, 4
15455, 4
15457, 2
15458, 2
15459, 4
15460, 1
15461, 2
15462, 7
15463, 4
15464, 4
15465, 2
15466, 4
15467, 3
15468, 3
15469, 10
15470, 2
15471, 9
15472, 3
15473, 4
15475, 6
15476, 6
15477, 2
15478, 3
15479, 5
15480, 3
15481, 4
15482, 1
15483, 2
15484, 5
15485, 6
15486, 3
15487, 3
15488, 1
15489, 4
15490, 2
15491, 2
15492, 2
15493, 2
15494, 1
15495, 4
15496, 2
15497, 3
15498, 1
15499, 4
15500, 3
15501, 1
15504, 1
15505, 4
15506, 2
15507, 4
15508, 2
15509, 1
15511, 1
15512, 2
15513, 3
15514, 4
15515, 3
15516, 3
15518, 4
15519, 1
15520, 2
15521, 4
15522, 3
15523, 2
15524, 2
15526, 4
15527, 2
15528, 3
15529, 3
15530, 4
15531, 7
15532, 7
15533, 3
15534, 1
15535, 2
15536, 2
15537, 8
15538, 6
15539, 1
15540, 6
15541, 2
15542, 2
15543, 1
15544, 3
15545, 3
15547, 4
15548, 7
15549, 5
15550, 2
15551, 5
15552, 2
15553, 3
15554, 7
15555, 6
15556, 6
15557, 5
15558, 2
15559, 4
15560, 3
15561, 6
15562, 4
15563, 3
15564, 2
15565, 6
15566, 1
15567, 4
15568, 2
15570, 9
15571, 3
15572, 4
15573, 2
15574, 1
15575, 5
15576, 2
15578, 2
15579, 3
15580, 5
15581, 1
15583, 3
15584, 2
15585, 4
15586, 2
15587, 1
15590, 3
15591, 3
15592, 4
15593, 3
15595, 1
15597, 2
15598, 4
15599, 3
15600, 4
15601, 1
15602, 2
15603, 2
15604, 2
15605, 2
15606, 2
15607, 3
15608, 4
15609, 3
15611, 4
15612, 1
15613, 3
15614, 4
15615, 3
15616, 6
15617, 7
15618, 2
15619, 3
15620, 2
15621, 1
15622, 6
15623, 4
15624, 8
15625, 4
15626, 3
15627, 1
15628, 2
15629, 1
15630, 4
15631, 1
15632, 3
15633, 7
15634, 4
15635, 3
15636, 2
15637, 5
15638, 2
15639, 7
15640, 6
15641, 3
15642, 7
15643, 4
15644, 2
15645, 4
15646, 4
15647, 6
15648, 5
15649, 2
15650, 1
15651, 5
15652, 4
15653, 1
15654, 2
15655, 6
15656, 5
15657, 2
15658, 4
15659, 2
15660, 3
15661, 4
15663, 2
15664, 3
15665, 1
15666, 3
15667, 2
15668, 2
15669, 2
15670, 4
15671, 3
15672, 1
15674, 1
15676, 4
15677, 3
15678, 4
15679, 1
15681, 1
15682, 1
15683, 3
15684, 3
15685, 5
15687, 4
15689, 4
15690, 2
15691, 1
15692, 3
15693, 5
15694, 1
15695, 2
15696, 3
15697, 1
15698, 2
15699, 4
15700, 3
15701, 3
15702, 10
15703, 2
15704, 5
15705, 2
15706, 1
15707, 2
15708, 4
15709, 10
15710, 2
15711, 7
15713, 2
15714, 1
15715, 2
15716, 4
15717, 2
15718, 4
15719, 5
15720, 4
15721, 3
15722, 2
15723, 5
15724, 3
15725, 11
15726, 2
15727, 6
15728, 5
15729, 2
15730, 2
15731, 5
15732, 5
15733, 5
15734, 3
15735, 4
15736, 4
15737, 2
15738, 3
15739, 1
15740, 2
15741, 9
15742, 3
15743, 3
15744, 1
15745, 6
15746, 1
15747, 2
15749, 3
15750, 2
15751, 3
15752, 3
15753, 1
15754, 3
15755, 2
15756, 3
15757, 3
15760, 1
15761, 1
15762, 4
15763, 4
15764, 2
15765, 1
15766, 1
15768, 3
15769, 3
15770, 5
15771, 1
15772, 1
15773, 3
15774, 1
15775, 2
15776, 3
15777, 3
15778, 3
15779, 3
15780, 3
15781, 1
15782, 2
15783, 2
15784, 4
15785, 2
15786, 3
15787, 7
15788, 7
15789, 3
15790, 2
15791, 3
15792, 2
15793, 3
15794, 9
15795, 4
15796, 4
15797, 3
15798, 2
15800, 2
15801, 3
15802, 2
15803, 2
15804, 7
15805, 5
15806, 4
15808, 6
15809, 3
15810, 6
15811, 7
15812, 2
15813, 5
15814, 6
15815, 1
15816, 5
15817, 6
15818, 4
15819, 4
15820, 3
15821, 2
15822, 5
15823, 1
15824, 3
15825, 2
15826, 5
15827, 6
15828, 3
15829, 2
15830, 2
15831, 3
15832, 4
15833, 1
15834, 2
15835, 3
15836, 1
15837, 4
15838, 2
15839, 2
15840, 1
15841, 4
15842, 3
15843, 1
15845, 1
15847, 4
15848, 5
15849, 2
15850, 1
15852, 1
15853, 1
15854, 4
15855, 2
15856, 4
15857, 2
15858, 2
15859, 2
15860, 2
15861, 2
15862, 2
15863, 3
15864, 5
15865, 3
15867, 1
15868, 3
15869, 2
15870, 5
15871, 2
15872, 5
15873, 6
15874, 5
15875, 4
15876, 3
15877, 1
15878, 2
15879, 9
15880, 4
15881, 4
15882, 5
15884, 2
15885, 2
15886, 2
15887, 3
15889, 8
15890, 5
15891, 3
15892, 2
15893, 6
15894, 1
15895, 3
15896, 12
15898, 6
15899, 6
15900, 2
15901, 5
15902, 4
15903, 5
15904, 3
15905, 3
15906, 4
15907, 4
15908, 2
15909, 3
15910, 1
15911, 4
15912, 5
15913, 5
15914, 4
15915, 2
15916, 1
15917, 5
15918, 1
15920, 4
15921, 1
15922, 5
15923, 1
15925, 4
15926, 2
15927, 4
15928, 1
15929, 1
15931, 1
15932, 2
15933, 4
15934, 3
15935, 2
15936, 1
15937, 1
15938, 1
15939, 2
15940, 3
15941, 4
15942, 2
15943, 3
15944, 1
15945, 2
15946, 3
15947, 2
15948, 1
15949, 4
15950, 4
15951, 2
15952, 1
15953, 2
15954, 2
15955, 4
15956, 2
15957, 3
15958, 8
15959, 7
15960, 3
15961, 2
15962, 2
15964, 7
15965, 8
15966, 4
15967, 4
15968, 2
15969, 1
15970, 1
15971, 2
15972, 4
15973, 2
15974, 2
15975, 6
15976, 5
15977, 4
15979, 6
15980, 2
15981, 7
15982, 5
15983, 5
15984, 5
15985, 5
15986, 4
15987, 3
15988, 5
15989, 4
15990, 3
15991, 2
15992, 6
15993, 3
15994, 4
15996, 2
15997, 5
15998, 5
15999, 3
16000, 4
16001, 1
16002, 4
16003, 4
16005, 1
16006, 4
16007, 1
16008, 4
16009, 2
16010, 2
16011, 2
16012, 2
16013, 4
16014, 1
16017, 1
16018, 5
16019, 3
16020, 2
16021, 2
16023, 1
16024, 1
16025, 2
16026, 5
16027, 3
16028, 2
16029, 3
16031, 4
16032, 2
16033, 1
16034, 4
16035, 4
16036, 2
16037, 1
16038, 2
16039, 2
16040, 3
16041, 3
16042, 3
16043, 6
16044, 7
16045, 3
16046, 4
16047, 2
16048, 1
16049, 3
16050, 6
16051, 9
16052, 3
16053, 4
16054, 1
16055, 1
16056, 1
16057, 4
16058, 1
16059, 2
16060, 7
16061, 3
16062, 6
16063, 1
16064, 2
16065, 5
16066, 4
16067, 10
16068, 2
16069, 5
16070, 6
16071, 2
16072, 5
16073, 3
16074, 7
16075, 2
16076, 3
16077, 3
16078, 5
16079, 3
16080, 1
16081, 2
16082, 3
16083, 8
16084, 3
16085, 1
16086, 4
16087, 4
16088, 3
16089, 1
16091, 4
16092, 1
16093, 3
16094, 3
16095, 1
16096, 2
16097, 3
16098, 4
16099, 2
16102, 1
16103, 2
16104, 4
16105, 4
16106, 1
16107, 1
16108, 1
16109, 1
16110, 2
16111, 4
16112, 4
16113, 2
16114, 1
16115, 2
16116, 4
16118, 3
16119, 3
16120, 2
16121, 4
16122, 2
16124, 4
16125, 1
16126, 4
16127, 3
16128, 3
16129, 7
16130, 5
16131, 3
16132, 3
16133, 3
16134, 2
16135, 4
16136, 8
16137, 5
16138, 4
16139, 2
16140, 1
16141, 1
16142, 2
16143, 5
16144, 1
16145, 4
16146, 6
16147, 4
16148, 3
16149, 1
16150, 6
16151, 1
16152, 7
16153, 8
16154, 1
16155, 10
16156, 1
16157, 6
16159, 5
16160, 6
16161, 4
16162, 1
16163, 5
16164, 3
16165, 3
16166, 2
16167, 1
16168, 9
16169, 3
16170, 2
16171, 4
16172, 1
16173, 4
16174, 3
16176, 3
16177, 2
16178, 4
16179, 1
16180, 2
16181, 3
16182, 1
16183, 2
16184, 4
16185, 1
16188, 2
16189, 3
16190, 4
16191, 3
16192, 1
16193, 1
16195, 1
16196, 3
16197, 3
16198, 5
16199, 1
16200, 2
16201, 2
16202, 3
16203, 3
16204, 1
16205, 3
16206, 4
16207, 3
16209, 3
16210, 1
16211, 2
16212, 5
16213, 4
16214, 4
16215, 6
16216, 5
16217, 3
16218, 2
16219, 1
16220, 3
16221, 8
16222, 5
16223, 4
16224, 5
16226, 2
16227, 1
16228, 4
16229, 2
16230, 2
16231, 5
16232, 5
16233, 3
16234, 3
16235, 5
16236, 2
16237, 6
16238, 9
16239, 1
16240, 5
16241, 6
16242, 3
16243, 4
16244, 4
16245, 6
16246, 2
16247, 5
16248, 1
16249, 4
16250, 5
16251, 1
16252, 1
16253, 3
16254, 7
16255, 4
16256, 4
16257, 1
16258, 4
16259, 3
16260, 1
16261, 1
16262, 3
16263, 2
16264, 4
16265, 1
16266, 1
16267, 3
16268, 2
16269, 3
16270, 3
16273, 1
16274, 4
16275, 3
16276, 2
16277, 3
16279, 1
16280, 1
16281, 1
16282, 5
16283, 2
16284, 4
16285, 3
16287, 3
16288, 2
16289, 2
16290, 3
16291, 5
16292, 2
16293, 1
16294, 1
16295, 3
16296, 2
16297, 4
16298, 2
16299, 5
16300, 8
16301, 1
16302, 6
16303, 2
16304, 2
16305, 3
16306, 4
16307, 8
16308, 4
16309, 5
16310, 1
16311, 1
16312, 1
16313, 4
16314, 3
16315, 1
16316, 3
16317, 6
16318, 5
16319, 3
16320, 4
16321, 2
16322, 4
16323, 6
16324, 7
16325, 4
16326, 6
16327, 3
16328, 4
16329, 3
16330, 5
16331, 4
16332, 4
16333, 1
16334, 7
16335, 1
16336, 4
16337, 1
16338, 2
16339, 7
16340, 4
16341, 3
16342, 3
16343, 1
16344, 5
16345, 2
16347, 3
16348, 2
16349, 3
16350, 2
16351, 1
16352, 4
16353, 2
16354, 3
16355, 3
16358, 1
16359, 1
16360, 4
16361, 4
16362, 2
16363, 1
16364, 1
16366, 2
16367, 3
16368, 4
16369, 3
16370, 3
16371, 1
16372, 3
16373, 1
16374, 2
16375, 1
16376, 5
16377, 3
16378, 3
16379, 1
16380, 2
16381, 2
16382, 2
16383, 4
16384, 4
16385, 4
16386, 8
16387, 5
16388, 1
16389, 3
16390, 1
16391, 3
16392, 10
16393, 4
16394, 3
16395, 4
16396, 1
16397, 2
16398, 1
16399, 3
16400, 2
16401, 2
16402, 8
16403, 3
16404, 4
16405, 1
16406, 6
16407, 2
16408, 6
16409, 7
16410, 2
16411, 6
16412, 6
16413, 4
16414, 2
16415, 5
16416, 5
16417, 5
16418, 2
16419, 2
16420, 4
16421, 4
16422, 1
16423, 2
16424, 7
16425, 4
16426, 3
16427, 3
16428, 1
16429, 4
16430, 3
16431, 1
16433, 5
16434, 1
16435, 3
16436, 1
16437, 2
16438, 3
16439, 3
16440, 3
16441, 2
16444, 1
16445, 4
16446, 2
16447, 2
16448, 3
16449, 1
16450, 1
16451, 1
16452, 1
16453, 4
16454, 2
16455, 4
16456, 3
16457, 1
16458, 3
16459, 2
16460, 2
16461, 3
16462, 3
16463, 3
16464, 2
16465, 3
16466, 1
16467, 2
16468, 5
16469, 2
16470, 3
16471, 8
16472, 4
16473, 4
16474, 3
16475, 1
16476, 2
16477, 7
16478, 5
16479, 5
16480, 4
16481, 2
16482, 2
16483, 1
16484, 1
16485, 5
16486, 2
16487, 2
16488, 6
16489, 5
16490, 3
16491, 3
16492, 3
16493, 6
16494, 4
16495, 7
16496, 3
16497, 8
16498, 2
16499, 3
16500, 3
16501, 6
16502, 5
16503, 3
16504, 2
16505, 4
16506, 3
16507, 3
16508, 1
16509, 3
16510, 5
16511, 6
16512, 2
16513, 4
16514, 1
16515, 3
16516, 4
16518, 2
16519, 3
16520, 2
16521, 3
16522, 2
16523, 3
16524, 1
16525, 3
16526, 3
16527, 1
16529, 1
16531, 4
16532, 5
16533, 2
16535, 2
16536, 1
16538, 5
16539, 2
16540, 3
16541, 2
16542, 3
16544, 4
16545, 3
16546, 1
16547, 6
16548, 2
16549, 2
16551, 2
16552, 3
16553, 3
16554, 4
16555, 1
16556, 7
16557, 8
16558, 2
16559, 3
16560, 3
16561, 2
16562, 1
16563, 10
16564, 4
16565, 5
16566, 3
16568, 2
16569, 2
16570, 3
16571, 2
16572, 3
16573, 6
16574, 4
16575, 4
16576, 1
16577, 5
16578, 3
16579, 5
16580, 9
16581, 2
16582, 6
16583, 5
16584, 3
16585, 3
16586, 6
16587, 3
16588, 4
16589, 3
16590, 3
16591, 3
16592, 4
16593, 2
16594, 1
16595, 4
16596, 8
16597, 3
16598, 2
16599, 3
16600, 3
16601, 2
16602, 2
16603, 1
16604, 4
16606, 4
16607, 2
16608, 2
16609, 2
16610, 4
16611, 2
16612, 2
16614, 1
16616, 3
16617, 3
16618, 3
16619, 3
16621, 1
16622, 1
16623, 3
16624, 3
16625, 3
16626, 3
16627, 3
16629, 3
16630, 2
16631, 2
16632, 3
16633, 3
16634, 3
16635, 2
16636, 3
16637, 1
16638, 2
16639, 3
16640, 3
16641, 5
16642, 8
16643, 3
16644, 4
16645, 2
16646, 2
16647, 2
16648, 5
16649, 8
16650, 4
16651, 4
16652, 2
16653, 2
16654, 1
16655, 1
16656, 5
16657, 1
16658, 2
16659, 8
16660, 5
16661, 1
16662, 3
16663, 5
16664, 3
16665, 8
16666, 5
16667, 4
16668, 6
16669, 3
16670, 2
16671, 3
16672, 8
16673, 5
16674, 2
16675, 2
16676, 5
16677, 3
16678, 2
16679, 1
16680, 3
16681, 9
16682, 1
16683, 4
16684, 3
16685, 1
16686, 5
16687, 1
16688, 1
16689, 3
16690, 2
16691, 2
16692, 3
16693, 1
16694, 3
16695, 3
16696, 2
16697, 3
16698, 1
16701, 1
16702, 6
16703, 3
16704, 2
16705, 1
16706, 1
16707, 1
16708, 1
16709, 2
16710, 4
16711, 4
16712, 1
16713, 3
16714, 1
16715, 3
16716, 2
16717, 1
16718, 6
16719, 3
16720, 2
16722, 4
16723, 1
16724, 4
16725, 2
16726, 3
16727, 6
16728, 6
16729, 4
16730, 3
16731, 2
16732, 3
16733, 3
16734, 7
16735, 4
16736, 3
16737, 6
16738, 1
16739, 1
16740, 1
16741, 3
16742, 3
16743, 2
16744, 6
16745, 5
16746, 4
16747, 1
16748, 5
16749, 3
16750, 5
16751, 9
16752, 1
16753, 6
16754, 6
16755, 3
16756, 4
16757, 4
16758, 6
16759, 1
16760, 3
16761, 4
16762, 4
16763, 2
16764, 3
16765, 2
16766, 4
16767, 6
16768, 3
16769, 4
16770, 1
16771, 5
16772, 1
16773, 2
16775, 5
16776, 1
16777, 4
16778, 1
16779, 2
16780, 2
16781, 3
16782, 2
16783, 3
16786, 1
16787, 4
16788, 3
16789, 3
16790, 2
16792, 1
16793, 1
16794, 3
16795, 4
16796, 4
16797, 1
16798, 3
16800, 3
16801, 3
16802, 1
16803, 3
16804, 5
16805, 2
16806, 1
16807, 1
16808, 2
16809, 3
16810, 4
16811, 3
16812, 4
16813, 7
16814, 3
16815, 6
16816, 1
16817, 2
16818, 3
16819, 5
16820, 7
16821, 4
16822, 4
16823, 2
16824, 2
16825, 1
16826, 1
16827, 5
16828, 1
16829, 2
16830, 8
16831, 4
16832, 3
16833, 2
16834, 5
16835, 3
16836, 7
16837, 5
16838, 5
16839, 7
16840, 1
16841, 4
16842, 4
16843, 5
16844, 4
16845, 4
16846, 2
16847, 4
16848, 4
16849, 2
16850, 1
16851, 4
16852, 8
16853, 2
16854, 2
16855, 4
16856, 4
16857, 3
16858, 1
16860, 1
16861, 4
16862, 4
16863, 2
16864, 1
16865, 3
16867, 4
16868, 4
16871, 1
16872, 1
16873, 4
16874, 3
16875, 3
16876, 1
16877, 1
16879, 1
16880, 5
16881, 2
16882, 4
16883, 2
16884, 2
16885, 1
16886, 3
16887, 3
16888, 1
16889, 4
16890, 3
16891, 3
16893, 3
16894, 2
16895, 3
16896, 4
16897, 3
16898, 4
16899, 7
16900, 4
16901, 3
16902, 3
16904, 5
16905, 9
16906, 4
16907, 2
16908, 5
16909, 1
16910, 1
16911, 1
16912, 6
16914, 3
16915, 7
16916, 3
16917, 5
16918, 1
16919, 6
16920, 2
16921, 7
16922, 5
16923, 3
16924, 8
16925, 3
16926, 2
16927, 4
16928, 3
16929, 8
16930, 3
16931, 3
16932, 3
16933, 4
16934, 3
16935, 1
16936, 2
16937, 6
16938, 5
16939, 2
16940, 2
16941, 3
16942, 6
16943, 1
16944, 1
16946, 5
16947, 1
16948, 4
16949, 1
16950, 3
16951, 1
16952, 3
16953, 2
16954, 3
16956, 1
16958, 3
16959, 5
16960, 3
16962, 1
16963, 1
16964, 1
16965, 1
16966, 5
16967, 4
16968, 2
16969, 1
16970, 3
16971, 3
16972, 2
16973, 1
16974, 3
16975, 3
16976, 4
16977, 1
16978, 1
16979, 3
16980, 3
16981, 4
16982, 2
16983, 6
16984, 4
16985, 6
16986, 3
16987, 3
16988, 1
16989, 2
16990, 7
16991, 5
16992, 5
16993, 6
16994, 1
16995, 1
16996, 1
16997, 2
16998, 4
16999, 1
17000, 5
17001, 6
17002, 3
17003, 3
17004, 4
17005, 4
17006, 1
17007, 12
17008, 2
17009, 4
17010, 6
17011, 2
17012, 4
17013, 6
17014, 4
17015, 5
17016, 1
17017, 5
17018, 3
17019, 5
17020, 1
17021, 2
17022, 2
17023, 8
17024, 3
17025, 1
17026, 4
17027, 1
17028, 5
17029, 2
17031, 3
17032, 2
17033, 4
17034, 2
17035, 2
17036, 1
17037, 1
17038, 5
17039, 3
17042, 1
17043, 2
17044, 2
17045, 5
17046, 2
17047, 1
17049, 1
17050, 2
17051, 3
17052, 6
17054, 2
17055, 3
17056, 2
17057, 2
17058, 3
17059, 2
17060, 5
17061, 2
17062, 2
17064, 3
17065, 1
17066, 3
17067, 5
17068, 3
17069, 7
17070, 6
17071, 4
17072, 1
17073, 3
17074, 1
17075, 4
17076, 9
17077, 4
17078, 2
17079, 5
17080, 1
17081, 1
17082, 1
17083, 5
17084, 1
17085, 4
17086, 4
17087, 7
17088, 2
17089, 1
17090, 6
17091, 2
17092, 8
17093, 6
17094, 3
17095, 6
17096, 4
17097, 3
17098, 4
17099, 5
17100, 4
17101, 3
17102, 2
17103, 3
17104, 6
17105, 2
17106, 2
17107, 1
17108, 6
17109, 6
17110, 2
17111, 3
17112, 4
17113, 2
17114, 3
17115, 1
17116, 1
17117, 4
17118, 1
17119, 4
17120, 1
17121, 1
17122, 4
17123, 2
17124, 3
17125, 2
17128, 1
17129, 4
17130, 4
17131, 1
17132, 2
17133, 1
17134, 1
17135, 1
17136, 2
17137, 4
17138, 4
17139, 2
17140, 3
17142, 4
17143, 2
17144, 2
17145, 2
17146, 3
17147, 4
17148, 1
17149, 3
17150, 2
17151, 1
17152, 5
17153, 2
17154, 3
17155, 9
17156, 3
17157, 5
17158, 1
17159, 2
17160, 5
17161, 2
17162, 8
17163, 5
17164, 4
17165, 1
17166, 2
17167, 1
17168, 3
17169, 3
17171, 6
17172, 5
17173, 6
17174, 1
17175, 5
17176, 2
17177, 5
17178, 5
17179, 6
17180, 3
17181, 7
17182, 2
17183, 4
17184, 6
17185, 3
17186, 6
17187, 2
17188, 2
17189, 6
17190, 3
17191, 1
17192, 1
17193, 4
17194, 5
17195, 6
17196, 4
17197, 2
17199, 5
17200, 2
17202, 3
17203, 3
17204, 2
17205, 3
17206, 1
17207, 3
17208, 3
17209, 2
17210, 2
17211, 1
17213, 1
17214, 2
17215, 3
17216, 4
17217, 1
17218, 2
17220, 1
17221, 2
17222, 4
17223, 3
17224, 3
17225, 1
17226, 3
17227, 3
17228, 1
17229, 3
17230, 2
17231, 3
17232, 4
17233, 2
17234, 1
17235, 3
17237, 5
17238, 3
17239, 3
17240, 6
17241, 7
17242, 2
17243, 4
17244, 2
17245, 3
17246, 4
17247, 6
17248, 4
17249, 6
17250, 2
17251, 1
17252, 1
17253, 2
17254, 4
17255, 1
17256, 3
17257, 9
17258, 1
17259, 5
17260, 1
17261, 6
17262, 1
17263, 6
17264, 9
17265, 2
17266, 4
17267, 6
17268, 4
17269, 3
17270, 5
17271, 4
17272, 2
17273, 5
17274, 1
17275, 6
17276, 3
17277, 1
17278, 2
17279, 7
17280, 5
17281, 2
17282, 2
17283, 3
17284, 3
17285, 3
17286, 1
17287, 1
17288, 4
17289, 2
17290, 3
17291, 1
17292, 3
17293, 1
17294, 3
17295, 4
17296, 1
17299, 1
17300, 5
17301, 1
17302, 5
17303, 1
17305, 1
17306, 1
17307, 3
17308, 3
17309, 3
17310, 4
17311, 2
17313, 3
17314, 1
17315, 3
17316, 3
17317, 5
17318, 2
17319, 1
17320, 3
17321, 1
17322, 3
17323, 4
17324, 4
17326, 9
17327, 4
17328, 4
17329, 3
17330, 1
17331, 5
17332, 6
17333, 5
17334, 3
17335, 5
17336, 1
17337, 1
17338, 2
17339, 2
17340, 4
17341, 1
17342, 6
17343, 5
17344, 4
17345, 2
17346, 4
17347, 3
17348, 6
17349, 6
17350, 4
17351, 4
17352, 7
17353, 1
17354, 4
17355, 6
17356, 4
17357, 6
17358, 2
17359, 3
17360, 2
17361, 5
17362, 1
17363, 2
17364, 2
17365, 9
17366, 3
17367, 3
17368, 2
17369, 3
17370, 3
17371, 2
17373, 4
17374, 1
17375, 3
17376, 2
17377, 2
17378, 3
17379, 1
17380, 4
17381, 2
17382, 1
17385, 4
17386, 3
17387, 4
17388, 2
17390, 1
17391, 1
17392, 1
17393, 3
17394, 5
17395, 1
17396, 3
17397, 2
17398, 2
17399, 2
17400, 2
17401, 4
17402, 4
17403, 2
17404, 2
17406, 4
17407, 1
17408, 3
17409, 4
17410, 2
17411, 8
17412, 6
17413, 3
17414, 3
17415, 2
17416, 3
17417, 4
17418, 7
17419, 4
17420, 5
17421, 2
17422, 2
17423, 1
17424, 1
17425, 4
17426, 2
17427, 2
17428, 5
17429, 5
17430, 4
17431, 2
17432, 5
17433, 2
17434, 8
17435, 4
17436, 6
17437, 3
17438, 6
17439, 3
17440, 3
17441, 6
17442, 5
17443, 3
17444, 3
17445, 2
17446, 5
17447, 2
17448, 2
17449, 2
17450, 5
17451, 7
17452, 2
17453, 3
17454, 2
17455, 3
17456, 3
17457, 1
17458, 1
17459, 4
17460, 1
17461, 4
17462, 1
17463, 2
17464, 2
17465, 4
17466, 3
17467, 1
17469, 1
17471, 5
17472, 1
17473, 4
17474, 1
17475, 1
17476, 1
17477, 2
17478, 2
17479, 3
17480, 4
17481, 3
17482, 1
17483, 1
17484, 4
17485, 1
17486, 2
17487, 3
17488, 4
17489, 3
17490, 1
17491, 2
17492, 2
17493, 3
17494, 3
17495, 4
17496, 3
17497, 9
17498, 3
17499, 4
17500, 1
17501, 3
17502, 3
17503, 6
17504, 6
17505, 4
17506, 5
17508, 2
17509, 2
17510, 1
17511, 4
17513, 7
17514, 5
17515, 4
17516, 2
17517, 2
17518, 5
17519, 4
17520, 9
17521, 3
17522, 5
17523, 7
17524, 1
17525, 3
17526, 5
17527, 5
17528, 6
17529, 2
17530, 1
17531, 5
17532, 3
17533, 3
17534, 2
17535, 2
17536, 7
17537, 3
17538, 2
17539, 5
17540, 2
17541, 4
17542, 1
17544, 4
17545, 2
17546, 3
17547, 2
17548, 1
17549, 3
17550, 3
17551, 2
17552, 3
17555, 1
17556, 2
17557, 3
17558, 4
17559, 2
17560, 1
17561, 1
17563, 3
17564, 4
17565, 2
17566, 4
17567, 2
17568, 1
17569, 3
17570, 1
17571, 3
17572, 2
17573, 4
17574, 4
17575, 1
17576, 1
17577, 3
17578, 1
17579, 4
17580, 2
17581, 4
17582, 7
17583, 6
17584, 3
17585, 3
17586, 2
17587, 3
17588, 5
17589, 4
17590, 8
17591, 4
17592, 1
17593, 2
17595, 2
17596, 4
17597, 1
17598, 4
17599, 7
17600, 3
17601, 4
17603, 6
17604, 3
17605, 7
17606, 6
17607, 4
17608, 6
17609, 3
17610, 1
17611, 5
17612, 6
17613, 5
17614, 4
17615, 2
17616, 5
17617, 2
17618, 3
17619, 1
17620, 3
17621, 5
17622, 6
17623, 1
17624, 3
17625, 3
17626, 5
17627, 2
17629, 1
17630, 4
17631, 2
17632, 3
17633, 1
17634, 4
17635, 1
17636, 2
17637, 4
17638, 1
17640, 1
17642, 4
17643, 3
17644, 3
17645, 1
17646, 1
17647, 1
17648, 1
17649, 4
17650, 2
17651, 4
17652, 2
17653, 3
17655, 3
17656, 3
17657, 2
17658, 4
17659, 2
17660, 3
17661, 1
17662, 3
17663, 2
17664, 1
17665, 4
17666, 3
17667, 6
17668, 7
17669, 4
17670, 3
17671, 1
17672, 2
17673, 3
17674, 8
17675, 6
17676, 3
17677, 5
17679, 2
17680, 2
17681, 2
17682, 3
17684, 4
17685, 8
17686, 4
17687, 2
17688, 1
17689, 6
17690, 4
17691, 8
17692, 4
17693, 4
17694, 8
17695, 1
17696, 5
17697, 3
17698, 6
17699, 5
17700, 1
17701, 2
17702, 5
17703, 4
17704, 2
17706, 4
17707, 8
17708, 3
17709, 2
17710, 3
17711, 4
17712, 3
17713, 1
17715, 4
17716, 1
17717, 5
17719, 1
17720, 4
17721, 1
17722, 4
17723, 3
17726, 1
17727, 1
17728, 6
17729, 2
17730, 3
17732, 1
17733, 1
17734, 3
17735, 1
17736, 5
17737, 3
17738, 2
17739, 1
17740, 3
17741, 2
17742, 2
17743, 4
17744, 1
17745, 4
17746, 2
17747, 1
17748, 3
17749, 2
17750, 3
17751, 3
17752, 4
17753, 7
17754, 4
17755, 5
17756, 1
17757, 3
17758, 3
17759, 5
17760, 7
17761, 3
17762, 5
17763, 2
17764, 2
17765, 1
17766, 1
17767, 4
17768, 2
17769, 2
17770, 7
17771, 4
17772, 4
17773, 1
17774, 5
17775, 3
17776, 6
17777, 8
17778, 2
17779, 6
17780, 4
17781, 2
17782, 4
17783, 5
17784, 6
17785, 4
17786, 1
17787, 4
17788, 4
17789, 3
17790, 1
17791, 2
17792, 5
17793, 7
17794, 2
17795, 4
17796, 1
17797, 4
17798, 3
17800, 2
17801, 3
17802, 1
17803, 4
17804, 1
17805, 4
17806, 2
17807, 2
17808, 3
17809, 1
17811, 1
17813, 5
17814, 3
17815, 2
17816, 2
17818, 2
17820, 4
17821, 2
17822, 4
17823, 2
17824, 2
17825, 2
17826, 3
17827, 2
17828, 1
17829, 5
17830, 3
17831, 2
17832, 1
17833, 3
17834, 1
17835, 3
17836, 4
17837, 4
17838, 1
17839, 9
17840, 4
17841, 4
17842, 2
17843, 1
17844, 4
17845, 7
17846, 5
17847, 4
17848, 5
17849, 1
17850, 1
17851, 2
17852, 4
17853, 1
17854, 2
17855, 6
17856, 5
17857, 3
17858, 2
17859, 4
17860, 4
17861, 4
17862, 10
17863, 1
17864, 4
17865, 8
17866, 1
17867, 5
17868, 3
17869, 7
17870, 3
17871, 3
17872, 3
17873, 4
17874, 3
17875, 1
17876, 4
17877, 1
17878, 9
17879, 1
17880, 4
17881, 2
17882, 3
17883, 5
17886, 5
17888, 5
17889, 1
17890, 3
17891, 1
17892, 2
17893, 3
17894, 3
17897, 1
17898, 4
17899, 2
17900, 4
17901, 2
17903, 1
17905, 3
17906, 5
17907, 4
17909, 4
17911, 3
17912, 2
17913, 2
17914, 4
17915, 4
17916, 1
17917, 2
17918, 1
17919, 2
17920, 3
17921, 2
17922, 4
17923, 3
17924, 8
17925, 3
17926, 7
17927, 1
17928, 2
17929, 3
17930, 6
17931, 5
17932, 4
17933, 6
17934, 1
17935, 1
17936, 2
17937, 1
17938, 5
17939, 1
17940, 2
17941, 7
17942, 5
17943, 3
17945, 7
17946, 3
17947, 6
17948, 7
17949, 2
17950, 7
17951, 4
17952, 3
17953, 3
17954, 6
17955, 5
17956, 3
17957, 1
17958, 5
17959, 3
17960, 4
17961, 1
17962, 1
17963, 9
17964, 3
17965, 2
17966, 3
17967, 3
17968, 3
17969, 3
17971, 2
17972, 3
17973, 4
17974, 1
17975, 1
17976, 3
17977, 4
17978, 2
17979, 2
17980, 1
17982, 1
17984, 6
17985, 3
17986, 2
17988, 1
17989, 2
17990, 1
17991, 3
17992, 3
17993, 4
17994, 2
17995, 2
17996, 2
17997, 2
17998, 2
17999, 1
18000, 6
18001, 2
18002, 3
18004, 4
18005, 1
18006, 2
18007, 4
18008, 3
18009, 3
18010, 10
18011, 3
18012, 4
18013, 1
18014, 4
18016, 9
18017, 6
18018, 3
18019, 4
18020, 2
18022, 1
18023, 5
18024, 1
18025, 1
18026, 6
18027, 7
18028, 3
18029, 1
18030, 7
18031, 1
18032, 7
18033, 7
18034, 1
18035, 7
18036, 5
18037, 2
18038, 4
18039, 5
18040, 4
18041, 6
18042, 2
18043, 4
18044, 2
18045, 4
18046, 1
18047, 1
18048, 6
18049, 5
18050, 3
18051, 3
18052, 3
18053, 4
18054, 2
18055, 1
18057, 4
18058, 3
18059, 3
18061, 3
18062, 2
18063, 3
18064, 3
18065, 2
18067, 1
18069, 3
18070, 3
18071, 4
18072, 1
18073, 1
18074, 1
18075, 1
18076, 2
18077, 4
18078, 2
18079, 4
18080, 1
18081, 2
18082, 4
18083, 1
18084, 2
18085, 2
18086, 6
18087, 2
18088, 1
18089, 3
18090, 1
18091, 3
18092, 3
18093, 3
18094, 3
18095, 9
18096, 3
18097, 5
18098, 1
18099, 2
18100, 2
18101, 10
18102, 4
18103, 4
18104, 2
18105, 3
18106, 1
18107, 2
18108, 2
18109, 4
18110, 2
18111, 2
18112, 6
18113, 5
18114, 3
18115, 4
18116, 3
18117, 3
18118, 9
18119, 3
18120, 4
18121, 8
18122, 2
18123, 4
18124, 2
18125, 6
18126, 5
18127, 3
18128, 4
18129, 3
18130, 2
18131, 4
18132, 2
18133, 1
18134, 6
18135, 5
18136, 3
18137, 3
18138, 3
18139, 4
18140, 1
18142, 4
18143, 1
18144, 4
18145, 1
18146, 2
18147, 3
18148, 2
18149, 3
18150, 2
18151, 1
18153, 1
18154, 1
18155, 4
18156, 5
18157, 1
18158, 1
18159, 1
18160, 1
18161, 1
18162, 2
18163, 4
18164, 4
18165, 2
18166, 2
18167, 3
18168, 1
18169, 3
18171, 4
18172, 4
18173, 3
18175, 1
18176, 3
18177, 4
18178, 3
18179, 4
18180, 2
18181, 9
18182, 4
18183, 3
18184, 1
18185, 5
18186, 1
18187, 9
18188, 3
18189, 5
18190, 4
18191, 1
18192, 1
18193, 2
18194, 4
18195, 1
18197, 9
18198, 6
18199, 2
18200, 1
18201, 6
18202, 2
18203, 8
18204, 4
18205, 4
18206, 8
18207, 2
18208, 3
18209, 5
18210, 4
18211, 3
18212, 7
18213, 1
18214, 5
18215, 2
18216, 4
18218, 4
18219, 6
18220, 3
18221, 3
18222, 3
18223, 2
18224, 5
18225, 3
18228, 5
18229, 1
18230, 4
18232, 4
18233, 1
18234, 4
18235, 2
18236, 2
18238, 1
18240, 5
18241, 2
18242, 2
18243, 3
18245, 1
18246, 1
18247, 3
18248, 2
18249, 5
18250, 2
18251, 2
18252, 1
18253, 2
18254, 4
18255, 1
18256, 4
18257, 3
18258, 3
18259, 1
18260, 3
18261, 1
18262, 2
18263, 4
18264, 1
18265, 4
18266, 10
18267, 4
18268, 3
18269, 4
18271, 2
18272, 8
18273, 5
18274, 3
18275, 6
18276, 2
18277, 1
18278, 1
18279, 2
18280, 3
18281, 2
18282, 5
18283, 5
18284, 4
18285, 3
18286, 4
18287, 3
18288, 2
18289, 8
18290, 6
18291, 4
18292, 6
18293, 2
18294, 6
18295, 2
18296, 5
18297, 4
18298, 4
18299, 2
18300, 6
18301, 1
18302, 3
18303, 2
18304, 2
18305, 7
18306, 4
18307, 2
18308, 4
18309, 2
18310, 4
18311, 2
18313, 3
18314, 2
18315, 2
18316, 3
18317, 2
18318, 3
18319, 2
18320, 2
18321, 4
18324, 1
18325, 2
18326, 4
18327, 3
18328, 2
18329, 1
18330, 1
18332, 1
18333, 4
18334, 4
18335, 3
18336, 2
18337, 2
18338, 1
18339, 3
18340, 3
18342, 5
18343, 4
18344, 1
18345, 2
18346, 2
18347, 2
18348, 2
18349, 3
18350, 5
18351, 5
18352, 5
18353, 5
18354, 4
18355, 1
18356, 3
18357, 5
18358, 7
18359, 3
18360, 5
18361, 3
18362, 2
18364, 1
18365, 6
18367, 3
18368, 6
18369, 4
18370, 4
18371, 2
18372, 6
18373, 1
18374, 7
18375, 7
18376, 1
18377, 6
18378, 6
18379, 2
18380, 5
18381, 6
18382, 4
18383, 1
18384, 4
18385, 5
18386, 3
18387, 2
18388, 2
18389, 3
18390, 6
18391, 6
18392, 1
18393, 2
18394, 2
18395, 4
18396, 4
18399, 3
18400, 4
18401, 3
18402, 1
18403, 3
18404, 1
18405, 2
18406, 4
18407, 2
18410, 1
18411, 4
18412, 2
18413, 4
18414, 1
18415, 1
18416, 1
18417, 1
18418, 3
18419, 4
18420, 2
18421, 3
18422, 2
18423, 2
18424, 2
18425, 3
18426, 2
18427, 4
18428, 3
18429, 2
18430, 1
18431, 2
18432, 2
18433, 1
18434, 5
18435, 3
18436, 5
18437, 6
18438, 4
18439, 4
18440, 4
18442, 3
18443, 5
18444, 7
18445, 5
18446, 2
18447, 3
18448, 2
18449, 2
18450, 1
18451, 4
18452, 2
18453, 4
18454, 6
18455, 3
18456, 3
18457, 4
18458, 3
18459, 4
18460, 9
18461, 3
18462, 6
18463, 6
18464, 1
18465, 3
18466, 6
18467, 4
18468, 3
18469, 4
18470, 4
18471, 2
18472, 4
18473, 3
18474, 2
18475, 3
18476, 7
18477, 2
18478, 3
18479, 4
18480, 3
18481, 2
18482, 2
18484, 3
18485, 2
18486, 2
18487, 4
18489, 4
18490, 2
18491, 3
18492, 3
18495, 1
18496, 1
18497, 4
18498, 4
18499, 1
18500, 2
18501, 1
18502, 1
18503, 3
18504, 1
18505, 3
18506, 5
18507, 2
18508, 1
18509, 1
18510, 3
18511, 3
18513, 6
18514, 2
18515, 3
18516, 1
18517, 3
18518, 1
18519, 2
18520, 4
18521, 4
18522, 5
18523, 7
18524, 4
18525, 3
18526, 2
18527, 1
18528, 6
18529, 6
18530, 6
18531, 3
18532, 3
18533, 1
18534, 1
18535, 2
18536, 5
18538, 4
18539, 5
18540, 4
18541, 5
18543, 7
18544, 2
18545, 5
18546, 9
18547, 1
18548, 8
18549, 2
18550, 3
18551, 6
18552, 4
18553, 5
18554, 4
18555, 2
18556, 4
18557, 3
18558, 3
18559, 1
18560, 2
18561, 7
18562, 5
18563, 1
18564, 3
18565, 3
18566, 4
18567, 2
18568, 1
18569, 1
18570, 4
18571, 2
18572, 3
18573, 1
18574, 4
18575, 1
18576, 3
18577, 4
18580, 1
18582, 2
18583, 5
18584, 4
18585, 1
18587, 1
18588, 1
18589, 4
18590, 2
18591, 3
18592, 4
18593, 2
18595, 4
18596, 2
18597, 1
18598, 3
18599, 5
18600, 2
18601, 1
18602, 1
18603, 3
18604, 2
18605, 4
18606, 3
18607, 3
18608, 9
18609, 3
18610, 4
18611, 3
18612, 1
18613, 4
18614, 9
18615, 2
18616, 4
18617, 4
18618, 2
18619, 2
18620, 2
18621, 2
18622, 3
18623, 2
18624, 3
18625, 7
18626, 3
18627, 3
18628, 5
18629, 2
18630, 5
18631, 5
18632, 6
18633, 5
18634, 7
18635, 1
18636, 5
18637, 3
18638, 7
18639, 3
18640, 2
18641, 2
18642, 4
18643, 5
18644, 1
18645, 3
18646, 2
18647, 7
18648, 3
18649, 5
18650, 2
18651, 2
18652, 3
18653, 2
18655, 3
18656, 2
18657, 5
18658, 1
18659, 1
18660, 3
18661, 2
18662, 4
18663, 1
18664, 1
18667, 3
18668, 3
18669, 5
18670, 1
18671, 1
18672, 1
18674, 3
18675, 3
18676, 2
18677, 4
18678, 3
18679, 1
18680, 2
18681, 2
18682, 3
18683, 2
18684, 5
18685, 2
18686, 2
18688, 3
18689, 2
18690, 3
18691, 4
18692, 3
18693, 6
18694, 6
18695, 3
18696, 3
18697, 3
18698, 2
18699, 3
18700, 10
18701, 4
18702, 3
18703, 3
18704, 1
18705, 1
18706, 2
18707, 3
18708, 2
18709, 3
18710, 6
18711, 5
18712, 4
18713, 2
18714, 4
18715, 1
18716, 7
18717, 8
18718, 4
18719, 4
18720, 5
18721, 2
18722, 5
18723, 4
18724, 5
18725, 3
18726, 2
18727, 4
18728, 5
18729, 3
18730, 1
18731, 2
18732, 5
18733, 8
18734, 2
18735, 1
18736, 2
18737, 5
18738, 3
18740, 2
18741, 3
18742, 1
18743, 4
18744, 1
18745, 3
18746, 2
18747, 2
18748, 3
18749, 2
18752, 1
18753, 4
18754, 2
18755, 5
18756, 1
18758, 1
18759, 1
18760, 2
18761, 4
18762, 5
18763, 1
18764, 2
18765, 1
18766, 4
18767, 1
18768, 2
18769, 2
18770, 6
18771, 1
18772, 2
18773, 2
18774, 2
18775, 2
18776, 4
18777, 3
18778, 2
18779, 11
18780, 2
18781, 4
18782, 4
18783, 1
18784, 3
18785, 4
18786, 7
18787, 4
18788, 5
18789, 1
18790, 2
18791, 2
18792, 1
18793, 4
18794, 1
18795, 4
18796, 9
18797, 1
18798, 3
18799, 5
18800, 1
18801, 6
18802, 8
18803, 3
18804, 2
18805, 8
18806, 3
18807, 3
18808, 7
18809, 5
18810, 3
18811, 2
18812, 3
18813, 4
18814, 3
18815, 3
18817, 4
18818, 7
18819, 3
18820, 4
18821, 2
18822, 3
18823, 4
18824, 1
18826, 3
18827, 3
18828, 4
18830, 2
18831, 3
18832, 3
18833, 3
18834, 2
18838, 2
18839, 4
18840, 4
18841, 2
18842, 1
18843, 1
18844, 1
18845, 1
18846, 3
18847, 4
18848, 3
18849, 3
18850, 1
18851, 3
18852, 1
18853, 3
18854, 2
18855, 3
18856, 4
18857, 2
18858, 2
18859, 1
18860, 2
18861, 5
18862, 2
18863, 1
18864, 8
18865, 7
18866, 3
18867, 3
18868, 2
18869, 3
18870, 3
18871, 6
18872, 4
18873, 5
18874, 4
18875, 1
18876, 1
18877, 3
18878, 4
18880, 3
18881, 6
18882, 5
18883, 3
18884, 3
18885, 5
18886, 3
18887, 5
18888, 8
18889, 2
18890, 6
18891, 4
18892, 4
18893, 4
18894, 3
18895, 6
18896, 4
18897, 2
18898, 3
18899, 4
18900, 3
18901, 1
18902, 2
18903, 7
18904, 5
18905, 1
18906, 5
18907, 1
18908, 4
18909, 2
18910, 1
18912, 5
18913, 1
18914, 4
18915, 2
18916, 2
18917, 3
18918, 3
18919, 2
18920, 1
18923, 1
18924, 3
18925, 3
18926, 4
18927, 1
18928, 2
18930, 1
18931, 5
18932, 2
18933, 3
18934, 3
18935, 2
18937, 4
18938, 1
18939, 2
18940, 4
18941, 4
18942, 2
18943, 1
18945, 4
18946, 2
18947, 4
18948, 4
18949, 1
18950, 11
18951, 4
18952, 3
18953, 2
18954, 1
18955, 4
18956, 4
18957, 7
18958, 5
18959, 4
18960, 1
18961, 2
18962, 2
18963, 2
18964, 3
18965, 2
18966, 5
18967, 4
18968, 4
18969, 3
18970, 2
18971, 5
18972, 5
18973, 5
18974, 6
18975, 5
18976, 6
18977, 2
18978, 5
18979, 3
18980, 6
18981, 2
18982, 4
18983, 2
18984, 6
18985, 3
18986, 1
18987, 2
18988, 4
18989, 7
18990, 3
18991, 3
18992, 2
18993, 4
18994, 3
18995, 1
18997, 4
18998, 2
18999, 4
19000, 1
19001, 1
19002, 3
19003, 3
19004, 2
19005, 2
19006, 1
19008, 1
19009, 2
19010, 4
19011, 2
19012, 3
19013, 1
19014, 1
19015, 1
19016, 3
19017, 2
19018, 2
19019, 4
19020, 1
19021, 3
19022, 4
19023, 1
19024, 2
19025, 2
19026, 3
19027, 5
19029, 2
19030, 2
19031, 2
19032, 5
19033, 3
19034, 2
19035, 6
19036, 7
19037, 3
19038, 3
19039, 2
19040, 2
19041, 4
19042, 8
19043, 4
19044, 5
19045, 2
19046, 2
19047, 1
19048, 1
19049, 4
19050, 1
19051, 4
19052, 4
19053, 4
19054, 5
19055, 2
19056, 6
19057, 3
19058, 4
19059, 8
19060, 5
19061, 5
19062, 3
19063, 3
19064, 5
19065, 4
19066, 5
19067, 2
19068, 3
19069, 4
19070, 4
19071, 3
19072, 1
19073, 2
19074, 7
19075, 3
19076, 4
19077, 4
19078, 1
19079, 5
19080, 2
19082, 2
19083, 3
19084, 2
19085, 3
19086, 1
19087, 4
19088, 1
19089, 2
19090, 5
19093, 1
19095, 4
19096, 4
19097, 2
19098, 2
19099, 1
19101, 1
19102, 2
19103, 5
19104, 4
19105, 1
19106, 3
19107, 1
19108, 2
19109, 2
19110, 2
19111, 4
19112, 4
19113, 3
19115, 2
19116, 2
19117, 3
19118, 3
19119, 5
19120, 3
19121, 9
19122, 4
19123, 2
19124, 2
19125, 1
19126, 2
19127, 8
19128, 6
19129, 3
19130, 6
19131, 1
19132, 1
19133, 1
19134, 2
19135, 4
19136, 2
19137, 4
19138, 6
19139, 5
19140, 1
19141, 3
19142, 5
19143, 5
19144, 6
19145, 5
19146, 4
19147, 7
19148, 1
19149, 5
19150, 4
19151, 6
19152, 3
19153, 3
19154, 1
19155, 5
19156, 5
19157, 1
19158, 2
19159, 4
19160, 6
19161, 3
19162, 2
19163, 4
19164, 2
19165, 3
19166, 2
19168, 4
19169, 2
19170, 2
19171, 3
19172, 2
19173, 2
19174, 2
19175, 4
19176, 2
19179, 1
19180, 4
19181, 1
19182, 5
19183, 1
19184, 1
19185, 1
19186, 1
19187, 2
19188, 2
19189, 3
19190, 5
19191, 2
19192, 1
19193, 3
19194, 2
19195, 2
19196, 1
19197, 5
19198, 4
19199, 1
19200, 2
19201, 2
19202, 3
19203, 1
19204, 4
19205, 3
19206, 8
19207, 6
19208, 2
19209, 4
19210, 1
19211, 2
19212, 5
19213, 8
19214, 5
19215, 1
19216, 4
19217, 1
19218, 2
19219, 1
19220, 5
19221, 1
19222, 3
19223, 5
19224, 7
19225, 2
19226, 3
19227, 3
19228, 4
19229, 6
19230, 7
19231, 1
19232, 8
19233, 3
19234, 6
19235, 2
19236, 5
19237, 3
19238, 5
19239, 1
19240, 6
19241, 2
19242, 3
19243, 1
19244, 4
19245, 3
19246, 8
19247, 1
19248, 3
19249, 2
19250, 5
19251, 2
19253, 1
19254, 4
19255, 2
19256, 3
19257, 1
19258, 2
19259, 3
19260, 3
19261, 3
19262, 1
19264, 1
19266, 5
19267, 3
19268, 3
19269, 1
19270, 1
19271, 1
19272, 1
19273, 2
19274, 3
19275, 4
19276, 2
19277, 3
19278, 1
19279, 2
19280, 3
19281, 1
19282, 6
19283, 1
19284, 4
19286, 1
19287, 3
19288, 3
19289, 4
19290, 2
19291, 6
19292, 5
19293, 6
19294, 3
19295, 2
19296, 1
19297, 4
19298, 10
19299, 3
19300, 4
19301, 4
19303, 2
19304, 2
19305, 3
19306, 2
19307, 1
19308, 7
19309, 5
19310, 5
19312, 5
19313, 2
19314, 8
19315, 3
19316, 5
19317, 8
19318, 3
19319, 3
19320, 4
19321, 4
19322, 5
19323, 4
19324, 4
19325, 2
19326, 4
19327, 3
19328, 2
19330, 4
19331, 8
19332, 3
19333, 3
19334, 3
19335, 2
19336, 3
19337, 2
19339, 5
19341, 3
19342, 2
19343, 2
19344, 3
19345, 2
19346, 3
19347, 3
19350, 1
19351, 2
19352, 4
19353, 4
19354, 1
19355, 1
19356, 1
19358, 3
19359, 4
19360, 4
19361, 1
19362, 3
19363, 1
19364, 2
19365, 2
19366, 2
19367, 3
19368, 6
19369, 1
19370, 2
19371, 1
19372, 3
19373, 1
19374, 5
19375, 3
19376, 2
19377, 9
19378, 6
19380, 4
19381, 2
19382, 1
19383, 7
19384, 5
19385, 6
19386, 4
19387, 2
19388, 2
19389, 1
19390, 2
19391, 4
19392, 1
19393, 3
19394, 7
19395, 5
19396, 1
19397, 2
19398, 6
19399, 3
19400, 9
19401, 3
19402, 5
19403, 5
19404, 3
19405, 6
19406, 3
19407, 3
19408, 5
19409, 4
19410, 2
19411, 6
19412, 1
19413, 4
19415, 3
19416, 4
19417, 7
19418, 3
19419, 3
19420, 2
19421, 4
19422, 2
19424, 3
19425, 2
19426, 2
19427, 4
19429, 3
19430, 1
19431, 4
19432, 3
19433, 1
19435, 1
19437, 5
19438, 2
19439, 3
19440, 2
19441, 1
19443, 1
19444, 3
19445, 4
19446, 4
19447, 2
19448, 2
19449, 2
19450, 2
19451, 2
19452, 1
19453, 4
19454, 4
19455, 2
19456, 1
19457, 2
19458, 3
19459, 2
19460, 3
19461, 3
19462, 6
19463, 7
19464, 3
19465, 3
19466, 3
19467, 3
19468, 3
19469, 9
19470, 4
19471, 3
19472, 4
19473, 2
19475, 2
19476, 2
19477, 3
19478, 2
19479, 6
19480, 5
19481, 3
19482, 2
19483, 4
19484, 4
19485, 6
19486, 7
19487, 2
19488, 7
19489, 4
19490, 3
19491, 4
19492, 5
19493, 3
19494, 6
19495, 1
19496, 4
19497, 4
19498, 4
19499, 1
19500, 2
19501, 3
19502, 9
19503, 1
19504, 3
19505, 2
19506, 4
19507, 2
19508, 2
19509, 1
19510, 3
19511, 1
19512, 5
19513, 1
19514, 3
19515, 1
19516, 3
19517, 3
19518, 2
19521, 1
19522, 2
19523, 4
19524, 5
19526, 2
19528, 1
19529, 2
19530, 3
19531, 4
19532, 3
19533, 1
19534, 3
19535, 2
19536, 2
19537, 2
19538, 2
19539, 6
19540, 2
19541, 1
19542, 1
19543, 3
19544, 1
19545, 5
19546, 3
19547, 2
19548, 6
19549, 6
19550, 6
19551, 1
19552, 2
19553, 2
19554, 6
19555, 7
19556, 4
19557, 5
19558, 1
19559, 1
19560, 1
19561, 3
19562, 2
19563, 3
19564, 5
19565, 4
19566, 5
19567, 3
19568, 1
19569, 6
19570, 5
19571, 8
19572, 2
19573, 5
19574, 8
19576, 4
19577, 4
19578, 5
19579, 5
19580, 3
19581, 2
19582, 4
19583, 2
19584, 4
19585, 2
19586, 1
19587, 7
19588, 6
19589, 3
19590, 2
19591, 1
19592, 5
19593, 2
19595, 2
19596, 3
19597, 3
19598, 3
19600, 3
19601, 2
19602, 4
19603, 3
19607, 2
19608, 4
19609, 5
19610, 1
19611, 1
19613, 1
19614, 2
19615, 4
19616, 3
19617, 2
19618, 3
19619, 2
19621, 4
19622, 2
19623, 1
19624, 5
19625, 3
19626, 2
19627, 1
19628, 3
19629, 2
19630, 3
19631, 3
19632, 2
19633, 5
19634, 7
19635, 4
19636, 4
19637, 2
19638, 1
19639, 5
19640, 9
19641, 4
19642, 3
19643, 4
19644, 2
19646, 2
19647, 4
19648, 1
19649, 2
19650, 4
19651, 7
19652, 5
19653, 1
19654, 3
19655, 4
19656, 5
19657, 7
19658, 3
19659, 8
19660, 4
19661, 1
19662, 5
19663, 4
19664, 5
19665, 3
19666, 3
19667, 4
19668, 5
19669, 3
19670, 1
19671, 1
19672, 7
19673, 5
19674, 3
19675, 2
19676, 1
19677, 5
19678, 3
19679, 1
19680, 1
19681, 3
19682, 2
19683, 3
19684, 2
19685, 1
19686, 3
19687, 3
19688, 3
19689, 2
19692, 1
19693, 3
19694, 4
19695, 3
19696, 2
19698, 1
19700, 4
19701, 3
19702, 5
19703, 1
19704, 3
19706, 4
19707, 1
19708, 2
19709, 2
19710, 5
19711, 3
19712, 1
19713, 1
19714, 2
19715, 3
19716, 3
19717, 4
19718, 2
19719, 8
19720, 6
19721, 4
19722, 1
19723, 2
19724, 3
19725, 7
19726, 5
19727, 5
19728, 4
19729, 1
19730, 2
19732, 3
19733, 4
19734, 1
19735, 4
19736, 6
19737, 4
19738, 3
19739, 1
19740, 6
19741, 4
19742, 4
19743, 8
19744, 4
19745, 7
19746, 1
19747, 4
19748, 6
19749, 3
19750, 5
19751, 3
19752, 4
19753, 3
19754, 3
19755, 2
19756, 2
19757, 3
19758, 7
19759, 3
19760, 2
19761, 4
19762, 2
19763, 3
19764, 3
19766, 2
19767, 3
19768, 2
19769, 3
19770, 2
19771, 3
19772, 2
19773, 3
19774, 2
19775, 1
19777, 1
19779, 4
19780, 4
19781, 3
19782, 1
19783, 1
19785, 3
19786, 3
19787, 3
19788, 3
19789, 1
19790, 3
19791, 3
19792, 1
19793, 3
19795, 5
19796, 3
19797, 2
19798, 2
19799, 3
19800, 1
19801, 4
19802, 3
19803, 3
19804, 4
19805, 7
19806, 4
19807, 2
19808, 3
19809, 1
19810, 5
19811, 8
19812, 4
19813, 6
19814, 2
19815, 1
19816, 1
19817, 2
19818, 3
19819, 2
19820, 2
19821, 8
19822, 3
19823, 4
19824, 3
19825, 3
19826, 3
19827, 7
19828, 7
19829, 3
19830, 5
19831, 5
19832, 4
19833, 3
19834, 6
19835, 1
19836, 5
19837, 3
19838, 4
19839, 3
19840, 3
19841, 2
19842, 2
19843, 6
19844, 6
19845, 1
19846, 4
19847, 1
19848, 5
19849, 1
19850, 2
19852, 5
19853, 1
19854, 4
19855, 1
19856, 2
19857, 2
19858, 3
19859, 2
19860, 3
19863, 1
19864, 2
19865, 5
19866, 3
19867, 2
19869, 1
19870, 1
19871, 3
19872, 3
19873, 4
19874, 1
19875, 4
19877, 4
19878, 2
19879, 1
19880, 5
19881, 3
19882, 2
19883, 1
19884, 2
19885, 2
19886, 2
19887, 4
19888, 2
19889, 4
19890, 7
19891, 5
19892, 5
19893, 2
19894, 1
19895, 3
19896, 6
19897, 6
19898, 5
19899, 4
19900, 1
19901, 2
19902, 1
19903, 3
19904, 3
19905, 2
19906, 5
19907, 4
19908, 3
19909, 4
19910, 2
19911, 6
19912, 3
19913, 10
19914, 1
19915, 4
19916, 8
19917, 1
19918, 6
19919, 3
19920, 4
19921, 4
19922, 4
19923, 4
19924, 2
19925, 2
19926, 5
19928, 3
19929, 8
19930, 3
19931, 3
19932, 3
19933, 3
19934, 3
19935, 2
19937, 1
19938, 5
19939, 3
19940, 2
19942, 4
19943, 2
19944, 3
19945, 3
19949, 3
19950, 2
19951, 5
19952, 1
19953, 2
19954, 1
19955, 1
19956, 1
19957, 5
19958, 1
19959, 5
19960, 1
19961, 2
19962, 1
19963, 3
19964, 2
19965, 3
19966, 5
19967, 1
19968, 3
19969, 1
19970, 3
19971, 1
19972, 1
19973, 5
19974, 4
19975, 5
19976, 7
19977, 4
19978, 3
19979, 2
19980, 2
19981, 4
19982, 8
19983, 4
19984, 3
19985, 4
19986, 1
19987, 1
19988, 2
19989, 4
19990, 1
19991, 4
19992, 8
19993, 2
19994, 4
19996, 6
19997, 3
19998, 5
19999, 8
20000, 2
20001, 8
20002, 3
20003, 3
20004, 4
20005, 5
20006, 3
20007, 6
20008, 1
20009, 4
20010, 3
20011, 4
20012, 1
20013, 3
20014, 1
20015, 11
20017, 3
20018, 3
20019, 4
20020, 2
20021, 1
20022, 2
20023, 3
20024, 1
20025, 4
20026, 1
20027, 2
20028, 2
20029, 3
20030, 5
20033, 1
20035, 5
20036, 2
20037, 4
20038, 1
20040, 1
20041, 1
20042, 3
20043, 3
20044, 4
20045, 1
20046, 3
20047, 1
20048, 4
20049, 2
20050, 1
20051, 3
20052, 5
20053, 2
20054, 1
20055, 1
20056, 3
20057, 3
20058, 3
20059, 3
20060, 4
20061, 9
20062, 3
20063, 3
20064, 3
20065, 1
20066, 3
20067, 6
20068, 6
20069, 5
20070, 4
20071, 1
20072, 2
20073, 2
20074, 3
20075, 2
20076, 1
20077, 5
20078, 6
20079, 3
20080, 3
20081, 3
20082, 4
20083, 6
20084, 5
20085, 5
20086, 5
20087, 6
20088, 2
20089, 5
20090, 2
20091, 6
20092, 5
20093, 2
20094, 3
20095, 5
20096, 2
20097, 2
20098, 2
20099, 2
20100, 10
20101, 1
20102, 3
20103, 3
20104, 2
20105, 5
20106, 1
20108, 4
20109, 2
20110, 3
20111, 2
20112, 1
20113, 2
20114, 2
20115, 4
20116, 3
20119, 1
20120, 1
20121, 4
20122, 4
20123, 2
20124, 1
20125, 1
20127, 3
20128, 4
20129, 1
20130, 4
20131, 2
20132, 2
20133, 4
20135, 3
20136, 2
20137, 3
20138, 4
20139, 1
20140, 1
20141, 3
20142, 1
20143, 4
20144, 5
20145, 2
20146, 5
20147, 8
20148, 4
20149, 1
20150, 3
20151, 2
20152, 3
20153, 10
20154, 4
20155, 4
20156, 2
20157, 2
20159, 2
20160, 4
20161, 1
20162, 3
20163, 6
20164, 4
20165, 4
20166, 2
20167, 6
20168, 1
20169, 9
20170, 5
20171, 5
20172, 4
20173, 4
20174, 3
20175, 4
20176, 4
20177, 6
20178, 3
20179, 3
20180, 2
20181, 5
20182, 2
20183, 2
20184, 2
20185, 8
20186, 3
20187, 3
20188, 3
20189, 2
20190, 5
20191, 1
20192, 1
20193, 1
20194, 4
20195, 1
20196, 4
20197, 1
20198, 4
20199, 1
20200, 3
20201, 2
20202, 2
20205, 1
20206, 4
20207, 4
20208, 3
20209, 1
20211, 1
20212, 1
20213, 4
20214, 3
20215, 4
20216, 2
20217, 2
20218, 2
20219, 1
20220, 2
20221, 2
20222, 4
20223, 4
20224, 2
20225, 1
20226, 3
20227, 1
20228, 3
20229, 4
20230, 4
20231, 3
20232, 9
20233, 2
20234, 4
20235, 2
20236, 1
20237, 4
20238, 9
20239, 4
20240, 2
20241, 4
20242, 2
20243, 2
20244, 2
20245, 2
20246, 2
20247, 1
20248, 6
20249, 7
20250, 3
20251, 2
20252, 5
20253, 2
20254, 4
20255, 11
20256, 2
20257, 5
20258, 5
20259, 3
20260, 4
20261, 3
20262, 5
20263, 6
20264, 1
20265, 4
20266, 4
20267, 2
20268, 3
20269, 1
20270, 4
20271, 7
20272, 3
20273, 3
20274, 3
20275, 2
20276, 4
20277, 1
20279, 5
20281, 3
20282, 3
20283, 3
20284, 1
20285, 2
20286, 3
20287, 3
20290, 1
20291, 4
20292, 2
20293, 2
20294, 4
20296, 1
20297, 1
20298, 2
20299, 2
20300, 3
20301, 5
20302, 1
20303, 2
20304, 1
20305, 3
20306, 3
20307, 2
20308, 3
20309, 4
20310, 2
20311, 1
20312, 3
20313, 2
20314, 5
20315, 1
20316, 5
20317, 4
20318, 5
20319, 5
20320, 2
20321, 3
20322, 2
20323, 4
20324, 8
20325, 5
20326, 2
20327, 4
20328, 2
20329, 1
20330, 3
20331, 2
20332, 1
20333, 4
20334, 5
20335, 6
20336, 3
20337, 3
20338, 4
20339, 2
20340, 8
20341, 6
20342, 1
20343, 8
20344, 3
20345, 6
20346, 1
20347, 4
20348, 5
20349, 5
20350, 1
20351, 4
20352, 3
20353, 4
20354, 1
20355, 3
20356, 4
20357, 7
20358, 1
20359, 4
20360, 2
20361, 4
20362, 3
20364, 2
20365, 3
20366, 2
20367, 3
20368, 1
20369, 3
20370, 2
20371, 4
20372, 3
20375, 1
20377, 5
20378, 3
20379, 3
20380, 1
20382, 1
20383, 2
20384, 2
20385, 4
20386, 4
20387, 1
20388, 3
20389, 2
20390, 1
20391, 3
20392, 1
20393, 3
20394, 5
20395, 3
20397, 3
20398, 1
20399, 4
20400, 3
20401, 3
20402, 3
20403, 8
20404, 4
20405, 4
20406, 2
20407, 1
20408, 4
20409, 8
20410, 4
20411, 4
20412, 5
20414, 2
20415, 1
20416, 4
20417, 2
20418, 2
20419, 7
20420, 3
20421, 6
20423, 5
20424, 2
20425, 5
20426, 8
20427, 3
20428, 6
20429, 6
20430, 3
20431, 3
20432, 4
20433, 5
20434, 6
20435, 2
20436, 2
20437, 4
20438, 4
20439, 1
20440, 2
20441, 4
20442, 6
20443, 3
20444, 2
20445, 3
20446, 3
20447, 3
20448, 2
20449, 1
20450, 4
20451, 1
20452, 3
20453, 1
20454, 4
20455, 1
20456, 3
20457, 4
20458, 1
20461, 1
20462, 1
20463, 5
20464, 3
20465, 3
20467, 1
20469, 3
20470, 4
20471, 1
20472, 4
20473, 4
20475, 1
20476, 3
20477, 3
20478, 2
20479, 5
20480, 2
20481, 2
20483, 3
20484, 2
20485, 4
20486, 2
20487, 4
20488, 6
20489, 7
20490, 2
20491, 4
20492, 2
20493, 1
20494, 8
20495, 6
20496, 4
20497, 3
20498, 3
20499, 2
20501, 1
20502, 5
20503, 1
20504, 2
20505, 7
20506, 3
20507, 5
20508, 1
20509, 7
20510, 3
20511, 6
20512, 6
20513, 3
20514, 6
20515, 4
20516, 6
20518, 7
20519, 4
20520, 4
20521, 2
20522, 4
20523, 3
20524, 3
20525, 1
20526, 4
20527, 5
20528, 4
20529, 4
20530, 2
20531, 3
20532, 3
20533, 3
20535, 2
20536, 3
20537, 2
20538, 4
20540, 3
20541, 2
20542, 2
20543, 5
20547, 1
20548, 5
20549, 3
20550, 2
20551, 2
20553, 1
20554, 1
20555, 3
20556, 4
20557, 4
20558, 2
20559, 2
20560, 1
20561, 2
20562, 2
20563, 2
20564, 5
20565, 3
20566, 2
20567, 1
20568, 3
20569, 2
20570, 2
20571, 4
20572, 2
20573, 7
20574, 5
20575, 5
20576, 2
20577, 2
20578, 3
20579, 2
20580, 11
20581, 3
20582, 3
20583, 5
20584, 1
20585, 1
20586, 1
20587, 4
20588, 2
20589, 2
20590, 6
20591, 5
20592, 3
20593, 2
20594, 4
20595, 3
20596, 6
20597, 7
20598, 3
20599, 7
20600, 5
20601, 1
20602, 5
20603, 4
20604, 3
20605, 8
20606, 1
20607, 4
20608, 2
20609, 5
20610, 1
20611, 2
20612, 3
20613, 8
20614, 1
20615, 4
20616, 2
20617, 4
20618, 3
20619, 1
20621, 3
20622, 3
20623, 2
20624, 3
20625, 2
20626, 2
20627, 2
20628, 4
20629, 2
20631, 1
20633, 3
20634, 2
20635, 4
20636, 2
20637, 1
20638, 1
20639, 1
20640, 2
20641, 2
20642, 4
20643, 3
20644, 3
20645, 1
20646, 4
20647, 1
20648, 2
20649, 2
20650, 6
20651, 1
20652, 2
20653, 1
20654, 3
20655, 2
20656, 3
20657, 3
20658, 4
20659, 4
20660, 8
20661, 4
20662, 2
20663, 2
20664, 3
20665, 4
20666, 7
20667, 5
20668, 4
20669, 2
20670, 1
20671, 3
20672, 1
20673, 4
20674, 2
20675, 3
20676, 4
20677, 6
20678, 3
20679, 4
20680, 3
20681, 3
20682, 9
20683, 3
20684, 4
20685, 7
20686, 2
20687, 4
20688, 5
20689, 4
20690, 4
20691, 4
20692, 2
20693, 5
20694, 2
20695, 4
20696, 2
20697, 1
20698, 7
20699, 5
20700, 1
20701, 4
20702, 1
20703, 5
20704, 1
20705, 1
20706, 3
20707, 2
20708, 2
20709, 4
20710, 1
20711, 2
20712, 3
20713, 2
20714, 4
20717, 1
20718, 1
20719, 4
20720, 2
20721, 3
20722, 2
20723, 1
20725, 2
20726, 3
20727, 3
20728, 4
20729, 2
20730, 2
20731, 2
20732, 1
20733, 4
20734, 1
20735, 3
20736, 5
20738, 2
20739, 4
20741, 3
20742, 4
20743, 3
20744, 5
20745, 4
20746, 8
20747, 2
20748, 1
20749, 2
20750, 4
20751, 7
20752, 5
20753, 4
20754, 5
20755, 1
20756, 1
20757, 1
20758, 3
20759, 3
20760, 2
20761, 5
20762, 6
20763, 5
20765, 6
20766, 1
20767, 5
20768, 7
20769, 5
20770, 6
20771, 5
20772, 3
20773, 3
20774, 5
20775, 6
20776, 2
20777, 4
20778, 2
20779, 4
20780, 3
20781, 2
20782, 1
20783, 4
20784, 7
20785, 4
20786, 1
20787, 4
20788, 2
20789, 3
20790, 2
20792, 3
20793, 2
20794, 4
20795, 2
20796, 2
20797, 2
20798, 2
20799, 4
20800, 2
20803, 1
20804, 2
20805, 4
20806, 2
20807, 3
20808, 1
20809, 1
20810, 1
20811, 2
20812, 4
20813, 4
20814, 2
20815, 3
20817, 4
20818, 1
20819, 2
20820, 2
20821, 4
20822, 4
20823, 1
20825, 4
20826, 2
20827, 4
20828, 3
20829, 1
20830, 7
20831, 8
20832, 2
20833, 3
20834, 2
20835, 1
20836, 5
20837, 8
20838, 4
20839, 6
20840, 1
20841, 2
20843, 3
20844, 2
20845, 2
20846, 4
20847, 7
20848, 2
20849, 5
20850, 1
20851, 6
20852, 5
20853, 5
20854, 6
20855, 1
20856, 7
20857, 4
20858, 4
20859, 3
20860, 5
20861, 5
20862, 4
20863, 2
20864, 3
20865, 5
20866, 2
20867, 1
20868, 2
20869, 6
20870, 6
20871, 3
20872, 2
20873, 3
20874, 4
20875, 2
20877, 2
20878, 3
20879, 2
20880, 3
20881, 2
20882, 2
20883, 1
20884, 5
20885, 3
20889, 2
20890, 4
20891, 4
20892, 1
20893, 2
20894, 1
20895, 1
20896, 1
20897, 3
20898, 3
20899, 4
20900, 3
20901, 1
20902, 1
20903, 3
20904, 2
20905, 2
20906, 4
20907, 3
20908, 3
20910, 4
20911, 1
20912, 3
20913, 2
20914, 3
20915, 5
20916, 7
20917, 6
20918, 1
20919, 4
20920, 1
20921, 3
20922, 7
20923, 6
20924, 4
20925, 4
20926, 1
20927, 2
20929, 4
20930, 2
20931, 1
20932, 7
20933, 4
20934, 6
20936, 5
20937, 3
20938, 5
20939, 9
20940, 1
20941, 6
20942, 6
20943, 1
20944, 3
20945, 7
20946, 3
20947, 7
20948, 1
20949, 1
20950, 6
20951, 2
20952, 3
20953, 1
20954, 5
20955, 5
20956, 4
20957, 4
20958, 1
20959, 5
20960, 2
20961, 1
20962, 1
20963, 3
20964, 2
20965, 4
20966, 1
20967, 1
20968, 3
20969, 2
20970, 4
20971, 2
20974, 1
20975, 1
20976, 6
20977, 4
20979, 1
20980, 1
20981, 1
20982, 1
20983, 5
20984, 4
20985, 2
20986, 3
20988, 4
20989, 1
20990, 1
20991, 4
20992, 2
20993, 5
20994, 1
20996, 4
20997, 3
20998, 3
20999, 3
21000, 3
21001, 7
21002, 4
21003, 5
21004, 4
21006, 3
21007, 4
21008, 7
21009, 6
21010, 3
21011, 2
21012, 2
21013, 1
21014, 1
21015, 4
21016, 1
21017, 4
21018, 7
21019, 4
21020, 3
21022, 7
21023, 1
21024, 10
21025, 5
21026, 5
21027, 5
21028, 2
21029, 4
21030, 3
21031, 7
21032, 3
21033, 4
21034, 1
21035, 7
21036, 1
21037, 4
21039, 4
21040, 8
21041, 3
21042, 2
21043, 2
21044, 2
21045, 6
21047, 1
21048, 2
21049, 3
21050, 3
21051, 3
21052, 1
21053, 3
21054, 1
21055, 2
21056, 4
21057, 1
21059, 1
21060, 1
21061, 3
21062, 6
21064, 2
21065, 1
21067, 2
21068, 3
21069, 3
21070, 5
21071, 1
21072, 2
21073, 1
21074, 3
21075, 3
21077, 5
21078, 3
21079, 2
21080, 2
21081, 1
21082, 3
21083, 3
21084, 3
21085, 4
21086, 4
21087, 8
21088, 4
21089, 3
21090, 1
21091, 1
21092, 6
21093, 6
21094, 6
21095, 5
21096, 2
21097, 1
21098, 2
21099, 1
21100, 3
21101, 2
21102, 2
21103, 6
21104, 4
21105, 4
21106, 3
21107, 5
21108, 3
21109, 4
21110, 9
21111, 1
21112, 8
21113, 4
21114, 1
21115, 5
21116, 4
21117, 7
21118, 1
21119, 5
21120, 2
21121, 4
21122, 3
21123, 2
21124, 1
21125, 4
21126, 7
21127, 3
21128, 4
21129, 1
21130, 6
21131, 2
21133, 1
21134, 4
21136, 5
21137, 1
21138, 1
21139, 3
21140, 3
21141, 3
21142, 2
21144, 1
21146, 4
21147, 3
21148, 4
21149, 1
21150, 1
21152, 1
21153, 2
21154, 3
21155, 5
21156, 2
21157, 2
21158, 1
21159, 2
21160, 3
21161, 2
21162, 4
21163, 4
21164, 1
21165, 2
21166, 1
21167, 3
21168, 2
21169, 4
21170, 3
21171, 3
21172, 8
21173, 5
21174, 3
21175, 2
21176, 2
21177, 3
21178, 8
21179, 3
21180, 5
21181, 4
21182, 2
21183, 2
21185, 2
21186, 5
21187, 2
21188, 5
21189, 5
21190, 5
21191, 1
21192, 1
21193, 6
21194, 4
21195, 6
21196, 5
21197, 4
21198, 7
21199, 3
21200, 5
21201, 2
21202, 5
21203, 5
21204, 3
21205, 2
21206, 4
21207, 3
21208, 4
21209, 1
21210, 2
21211, 9
21212, 2
21213, 3
21214, 3
21215, 2
21216, 4
21217, 2
21219, 3
21220, 2
21221, 3
21222, 3
21224, 4
21225, 3
21226, 2
21227, 3
21230, 1
21231, 2
21232, 2
21233, 6
21235, 2
21236, 1
21238, 2
21239, 4
21240, 1
21241, 4
21242, 2
21243, 3
21244, 1
21245, 3
21246, 2
21247, 2
21248, 5
21249, 2
21250, 3
21252, 3
21253, 2
21254, 4
21255, 3
21256, 2
21257, 6
21258, 8
21259, 4
21260, 1
21261, 3
21263, 5
21264, 5
21265, 7
21266, 5
21267, 3
21268, 1
21269, 1
21270, 2
21271, 3
21272, 2
21273, 2
21274, 7
21275, 3
21276, 5
21277, 1
21278, 7
21279, 1
21280, 7
21281, 6
21282, 2
21283, 7
21284, 5
21285, 4
21286, 2
21287, 5
21288, 5
21289, 3
21290, 3
21291, 4
21292, 3
21293, 4
21294, 1
21295, 2
21296, 3
21297, 9
21298, 1
21299, 2
21300, 4
21301, 5
21302, 1
21303, 1
21304, 1
21305, 3
21306, 2
21307, 2
21308, 3
21309, 3
21310, 1
21311, 4
21312, 3
21313, 1
21316, 1
21317, 2
21318, 5
21319, 3
21320, 1
21321, 2
21323, 1
21324, 1
21325, 5
21326, 3
21327, 3
21328, 3
21330, 3
21331, 3
21332, 1
21333, 2
21334, 5
21335, 2
21336, 2
21337, 1
21338, 3
21339, 2
21340, 4
21341, 2
21342, 3
21343, 9
21344, 6
21345, 2
21346, 4
21348, 3
21349, 5
21350, 6
21351, 6
21352, 4
21353, 1
21354, 2
21355, 1
21356, 3
21357, 2
21358, 1
21359, 6
21360, 7
21361, 4
21362, 1
21363, 1
21364, 7
21365, 3
21366, 9
21367, 3
21368, 2
21369, 10
21370, 2
21371, 2
21372, 3
21373, 5
21374, 6
21375, 3
21376, 2
21377, 5
21378, 4
21379, 2
21380, 2
21381, 2
21382, 5
21383, 6
21384, 2
21385, 2
21386, 5
21387, 2
21388, 2
21390, 3
21391, 2
21392, 4
21393, 2
21394, 1
21395, 3
21396, 1
21397, 4
21398, 3
21401, 1
21402, 2
21403, 3
21404, 4
21405, 1
21406, 2
21407, 1
21408, 1
21409, 3
21411, 5
21412, 3
21413, 2
21414, 2
21415, 1
21416, 3
21417, 2
21418, 1
21419, 5
21420, 3
21421, 2
21422, 2
21423, 2
21424, 2
21425, 5
21426, 1
21427, 4
21428, 4
21429, 7
21430, 5
21431, 2
21432, 3
21433, 1
21434, 4
21435, 9
21436, 3
21437, 3
21438, 5
21439, 1
21440, 2
21441, 1
21442, 4
21443, 1
21444, 3
21445, 7
21446, 3
21447, 2
21448, 3
21449, 6
21450, 2
21451, 6
21452, 8
21453, 3
21454, 7
21455, 3
21456, 2
21457, 4
21458, 5
21459, 5
21460, 3
21461, 2
21462, 2
21463, 6
21464, 4
21465, 1
21466, 3
21467, 2
21468, 9
21469, 1
21470, 4
21471, 2
21472, 4
21473, 1
21474, 2
21476, 5
21477, 2
21478, 3
21479, 2
21480, 3
21482, 3
21483, 4
21484, 1
21486, 1
21488, 4
21489, 4
21490, 2
21491, 1
21492, 2
21494, 1
21495, 3
21496, 3
21497, 4
21498, 2
21499, 3
21501, 3
21502, 2
21503, 3
21504, 1
21505, 5
21506, 4
21508, 2
21509, 2
21510, 2
21511, 4
21512, 3
21513, 3
21514, 9
21515, 4
21516, 3
21517, 3
21518, 1
21519, 3
21520, 5
21521, 7
21522, 5
21523, 4
21524, 2
21525, 1
21526, 1
21527, 2
21528, 4
21529, 2
21530, 3
21531, 6
21532, 4
21533, 3
21534, 1
21535, 6
21536, 2
21537, 10
21538, 3
21539, 6
21540, 7
21541, 1
21542, 5
21543, 2
21544, 6
21545, 5
21546, 2
21547, 2
21548, 5
21549, 3
21550, 3
21551, 2
21552, 2
21553, 5
21554, 6
21555, 3
21556, 3
21557, 2
21558, 4
21560, 1
21561, 2
21562, 3
21563, 3
21564, 3
21565, 2
21566, 2
21567, 3
21568, 1
21569, 4
21572, 1
21574, 5
21575, 4
21576, 2
21577, 1
21578, 1
21579, 1
21580, 1
21581, 5
21582, 1
21583, 4
21584, 2
21585, 2
21586, 2
21587, 3
21588, 2
21589, 2
21590, 3
21591, 4
21592, 1
21593, 2
21594, 2
21595, 2
21596, 3
21597, 5
21598, 2
21599, 6
21600, 6
21601, 4
21602, 3
21603, 1
21604, 4
21605, 3
21606, 8
21607, 2
21608, 8
21609, 1
21610, 2
21612, 2
21613, 3
21614, 2
21615, 3
21616, 5
21617, 6
21618, 4
21619, 2
21620, 3
21621, 4
21622, 5
21623, 8
21624, 2
21625, 8
21626, 3
21627, 3
21628, 5
21629, 3
21630, 6
21631, 4
21632, 1
21633, 4
21634, 4
21635, 3
21636, 1
21637, 3
21638, 6
21639, 4
21640, 3
21641, 2
21642, 4
21643, 2
21644, 3
21645, 1
21646, 2
21647, 3
21648, 2
21649, 3
21650, 1
21651, 2
21652, 2
21653, 4
21654, 3
21655, 1
21657, 1
21659, 2
21660, 4
21661, 4
21662, 2
21664, 1
21665, 1
21666, 2
21667, 4
21668, 5
21669, 2
21670, 1
21671, 2
21672, 2
21673, 4
21675, 4
21676, 3
21677, 3
21678, 1
21679, 1
21680, 3
21681, 3
21682, 4
21683, 3
21684, 2
21685, 10
21686, 3
21687, 3
21688, 3
21689, 1
21690, 5
21691, 7
21692, 4
21693, 5
21694, 4
21696, 2
21697, 2
21698, 2
21699, 3
21701, 5
21702, 6
21703, 5
21704, 2
21705, 3
21706, 4
21707, 5
21708, 5
21709, 5
21710, 4
21711, 8
21712, 2
21713, 3
21714, 5
21715, 7
21716, 4
21717, 2
21718, 2
21719, 4
21720, 3
21721, 3
21722, 2
21723, 2
21724, 8
21725, 3
21726, 3
21727, 2
21728, 1
21729, 5
21730, 2
21732, 5
21733, 1
21734, 2
21735, 3
21736, 1
21737, 2
21738, 2
21739, 4
21740, 2
21741, 1
21743, 1
21744, 2
21745, 3
21746, 3
21747, 4
21749, 1
21750, 1
21751, 1
21752, 3
21753, 4
21754, 3
21755, 2
21756, 2
21757, 2
21758, 2
21759, 3
21760, 3
21761, 4
21762, 2
21763, 1
21764, 2
21765, 1
21766, 3
21767, 4
21768, 3
21769, 3
21770, 6
21771, 6
21772, 4
21773, 4
21775, 2
21776, 5
21777, 6
21778, 6
21779, 5
21780, 2
21781, 1
21782, 1
21783, 3
21784, 3
21785, 2
21786, 1
21787, 8
21788, 5
21789, 3
21790, 2
21791, 4
21792, 1
21793, 9
21794, 6
21795, 4
21796, 5
21797, 4
21798, 4
21799, 3
21800, 4
21801, 5
21802, 3
21803, 4
21804, 4
21805, 3
21806, 2
21807, 2
21808, 4
21809, 6
21810, 5
21811, 2
21812, 2
21813, 2
21814, 4
21815, 3
21817, 2
21818, 3
21819, 1
21820, 5
21822, 3
21823, 2
21824, 2
21825, 4
21826, 1
21828, 1
21829, 1
21830, 3
21831, 3
21832, 4
21833, 1
21835, 1
21836, 1
21837, 4
21838, 3
21839, 4
21840, 1
21841, 2
21842, 1
21843, 4
21844, 1
21845, 2
21846, 3
21847, 5
21848, 3
21850, 1
21851, 3
21852, 2
21853, 5
21854, 2
21855, 5
21856, 8
21857, 4
21858, 4
21859, 1
21860, 1
21861, 3
21862, 9
21863, 4
21864, 4
21865, 5
21866, 1
21867, 1
21868, 1
21869, 3
21870, 3
21872, 6
21873, 6
21874, 5
21875, 1
21876, 3
21877, 4
21878, 5
21879, 8
21880, 3
21881, 4
21882, 8
21884, 6
21885, 4
21886, 6
21887, 2
21888, 3
21889, 2
21890, 6
21891, 3
21892, 2
21894, 4
21895, 8
21896, 4
21897, 2
21898, 2
21899, 4
21900, 3
21901, 1
21903, 4
21904, 2
21905, 3
21906, 2
21907, 1
21908, 3
21909, 1
21910, 4
21911, 3
21914, 1
21915, 3
21916, 4
21917, 3
21918, 1
21919, 1
21920, 1
21921, 1
21922, 3
21923, 2
21924, 2
21925, 4
21926, 4
21928, 1
21929, 4
21930, 2
21931, 1
21932, 6
21933, 1
21934, 3
21936, 4
21937, 2
21938, 4
21939, 2
21940, 3
21941, 9
21942, 2
21943, 6
21944, 2
21945, 2
21946, 2
21947, 5
21948, 7
21949, 6
21950, 4
21951, 1
21952, 1
21953, 1
21954, 2
21955, 4
21956, 1
21957, 4
21958, 8
21959, 2
21960, 3
21961, 3
21962, 4
21963, 2
21964, 10
21965, 3
21966, 4
21967, 6
21968, 4
21969, 4
21970, 5
21971, 3
21972, 4
21973, 5
21974, 2
21975, 5
21976, 2
21977, 3
21978, 2
21979, 1
21980, 7
21981, 6
21982, 2
21983, 2
21984, 2
21985, 3
21986, 4
21988, 1
21989, 4
21990, 1
21991, 5
21992, 1
21993, 2
21994, 1
21995, 5
21996, 3
22000, 1
22001, 5
22002, 2
22003, 3
22004, 2
22005, 1
22007, 3
22008, 1
22009, 4
22010, 4
22011, 1
22012, 2
22013, 1
22014, 3
22015, 2
22016, 2
22017, 5
22018, 3
22019, 2
22020, 1
22021, 2
22022, 2
22023, 4
22024, 2
22025, 4
22026, 4
22027, 9
22028, 1
22029, 5
22030, 1
22031, 2
22032, 4
22033, 8
22034, 4
22035, 3
22036, 6
22037, 1
22038, 1
22039, 1
22040, 3
22041, 3
22042, 2
22043, 7
22044, 3
22045, 4
22046, 2
22047, 7
22049, 6
22050, 6
22051, 4
22052, 8
22053, 4
22054, 2
22055, 2
22056, 6
22057, 5
22058, 3
22059, 3
22060, 4
22061, 4
22062, 3
22063, 2
22064, 1
22065, 4
22066, 8
22067, 2
22068, 3
22069, 3
22070, 4
22071, 1
22072, 2
22074, 4
22075, 2
22076, 2
22077, 3
22078, 1
22079, 3
22080, 3
22081, 3
22082, 2
22084, 1
22086, 4
22087, 3
22088, 2
22089, 3
22091, 1
22093, 2
22094, 4
22095, 4
22096, 2
22097, 4
22099, 3
22100, 3
22101, 1
22103, 7
22104, 2
22105, 2
22106, 3
22108, 2
22109, 3
22110, 4
22111, 3
22112, 9
22113, 4
22114, 4
22115, 2
22116, 2
22117, 2
22118, 6
22119, 7
22120, 4
22121, 2
22122, 4
22123, 1
22124, 2
22125, 2
22126, 4
22127, 1
22128, 3
22129, 7
22130, 4
22131, 3
22132, 3
22133, 4
22134, 5
22135, 5
22136, 5
22137, 4
22138, 9
22140, 6
22141, 3
22142, 3
22143, 6
22144, 3
22145, 2
22146, 5
22147, 2
22148, 4
22150, 4
22151, 6
22152, 4
22153, 2
22154, 3
22155, 3
22156, 4
22157, 2
22159, 1
22160, 4
22161, 2
22162, 3
22163, 1
22164, 3
22165, 1
22166, 5
22167, 3
22171, 3
22172, 3
22173, 3
22174, 3
22175, 1
22177, 1
22178, 2
22179, 3
22180, 2
22181, 5
22182, 3
22184, 3
22185, 2
22186, 3
22187, 1
22188, 5
22189, 3
22190, 2
22192, 2
22193, 4
22194, 1
22195, 4
22196, 4
22197, 5
22198, 6
22199, 3
22200, 3
22201, 3
22202, 2
22203, 5
22204, 7
22205, 3
22206, 5
22207, 4
22209, 3
22211, 3
22212, 3
22213, 1
22214, 6
22215, 6
22216, 5
22218, 1
22219, 7
22220, 6
22221, 6
22222, 3
22223, 9
22224, 3
22225, 2
22226, 5
22227, 3
22228, 6
22229, 4
22230, 3
22231, 1
22232, 5
22233, 4
22234, 1
22235, 1
22236, 6
22237, 5
22238, 4
22239, 1
22240, 4
22241, 3
22242, 4
22245, 5
22246, 1
22247, 3
22248, 2
22249, 3
22250, 1
22251, 3
22252, 3
22253, 2
22255, 1
22257, 2
22258, 4
22259, 3
22260, 3
22261, 1
22263, 1
22264, 1
22265, 4
22266, 5
22267, 1
22268, 4
22270, 4
22271, 2
22272, 1
22273, 1
22274, 7
22275, 1
22276, 2
22278, 3
22279, 3
22280, 3
22281, 4
22282, 1
22283, 9
22284, 7
22285, 2
22286, 3
22287, 1
22288, 3
22289, 5
22290, 7
22291, 3
22292, 7
22294, 2
22295, 1
22296, 1
22297, 5
22298, 1
22299, 4
22300, 5
22301, 5
22302, 3
22303, 4
22304, 3
22305, 2
22306, 10
22307, 4
22308, 2
22309, 9
22310, 1
22311, 6
22312, 1
22313, 7
22314, 3
22315, 4
22316, 2
22317, 5
22318, 2
22319, 3
22320, 2
22321, 2
22322, 9
22323, 2
22324, 2
22325, 4
22326, 2
22327, 3
22328, 3
22330, 3
22331, 3
22332, 1
22333, 4
22334, 1
22335, 3
22337, 4
22338, 3
22339, 1
22341, 1
22343, 5
22344, 3
22345, 2
22346, 2
22347, 1
22349, 3
22350, 4
22351, 1
22352, 5
22353, 1
22354, 2
22355, 1
22356, 3
22357, 2
22358, 3
22359, 4
22360, 2
22361, 2
22362, 2
22363, 3
22364, 1
22365, 3
22366, 3
22367, 2
22368, 7
22369, 6
22370, 5
22371, 2
22372, 3
22373, 2
22374, 4
22375, 6
22376, 4
22377, 4
22378, 5
22379, 2
22381, 2
22382, 2
22383, 3
22384, 2
22385, 8
22386, 2
22387, 5
22388, 2
22389, 5
22390, 1
22391, 6
22392, 9
22393, 1
22394, 7
22395, 5
22397, 6
22398, 5
22399, 6
22400, 3
22401, 1
22402, 3
22403, 5
22404, 4
22405, 1
22407, 9
22408, 4
22409, 2
22410, 3
22411, 2
22412, 4
22413, 3
22414, 1
22415, 1
22416, 3
22417, 1
22418, 5
22419, 1
22420, 1
22421, 3
22422, 1
22423, 4
22424, 3
22426, 1
22428, 4
22429, 3
22430, 3
22431, 2
22432, 1
22435, 3
22436, 4
22437, 4
22438, 2
22439, 2
22440, 1
22441, 4
22442, 2
22443, 1
22444, 5
22445, 3
22446, 2
22447, 1
22448, 2
22449, 2
22450, 2
22451, 5
22452, 1
22453, 7
22454, 5
22455, 6
22456, 1
22457, 3
22458, 2
22459, 2
22460, 8
22461, 5
22462, 4
22463, 4
22464, 2
22465, 2
22467, 3
22468, 3
22469, 2
22470, 7
22471, 3
22472, 4
22473, 3
22474, 3
22475, 4
22476, 3
22477, 7
22478, 5
22479, 5
22480, 7
22481, 1
22482, 4
22483, 5
22484, 3
22485, 6
22486, 3
22487, 2
22488, 4
22489, 4
22490, 3
22491, 1
22492, 3
22493, 7
22494, 2
22495, 2
22496, 4
22497, 3
22498, 4
22499, 2
22501, 3
22502, 3
22504, 4
22505, 2
22506, 2
22507, 2
22508, 4
22509, 2
22510, 1
22512, 1
22513, 1
22514, 4
22515, 4
22516, 2
22517, 1
22518, 1
22520, 2
22521, 2
22522, 4
22523, 4
22524, 3
22525, 1
22526, 2
22527, 2
22528, 3
22529, 1
22530, 6
22531, 2
22532, 2
22534, 3
22535, 3
22536, 1
22537, 4
22538, 2
22539, 9
22540, 3
22541, 5
22542, 3
22543, 2
22544, 3
22545, 3
22546, 6
22547, 8
22548, 1
22549, 5
22550, 1
22551, 1
22552, 2
22553, 4
22554, 1
22555, 2
22556, 7
22557, 6
22558, 1
22559, 2
22560, 7
22562, 7
22563, 8
22564, 1
22565, 7
22566, 5
22567, 2
22568, 5
22569, 4
22570, 5
22571, 4
22572, 2
22573, 4
22574, 3
22575, 4
22576, 1
22577, 2
22578, 6
22579, 5
22580, 2
22581, 2
22582, 4
22583, 4
22584, 2
22585, 1
22586, 1
22587, 3
22588, 1
22589, 4
22590, 2
22591, 2
22592, 2
22593, 3
22594, 3
22595, 2
22598, 1
22599, 2
22600, 4
22601, 5
22603, 1
22604, 1
22605, 1
22606, 2
22607, 5
22608, 3
22609, 1
22610, 3
22611, 1
22612, 4
22613, 1
22614, 2
22615, 3
22616, 4
22617, 3
22618, 1
22619, 1
22620, 3
22621, 3
22622, 3
22623, 4
22624, 5
22625, 3
22626, 7
22627, 4
22628, 2
22629, 1
22630, 3
22631, 6
22632, 7
22633, 3
22634, 5
22635, 1
22636, 2
22637, 1
22638, 2
22639, 4
22640, 2
22641, 4
22642, 4
22643, 5
22644, 3
22645, 4
22646, 3
22647, 2
22648, 13
22650, 3
22651, 10
22653, 4
22654, 6
22655, 5
22656, 2
22657, 4
22658, 2
22659, 5
22660, 4
22661, 2
22663, 3
22664, 8
22665, 2
22666, 5
22667, 2
22668, 1
22669, 5
22670, 2
22672, 4
22673, 1
22674, 4
22675, 1
22676, 2
22677, 3
22679, 4
22680, 3
22681, 1
22683, 1
22684, 1
22685, 4
22686, 5
22688, 2
22689, 1
22690, 1
22691, 1
22692, 4
22693, 5
22694, 1
22695, 2
22696, 2
22697, 1
22698, 3
22699, 2
22700, 2
22701, 5
22702, 2
22703, 2
22704, 1
22705, 3
22706, 1
22707, 4
22708, 3
22709, 3
22710, 3
22711, 10
22712, 5
22713, 1
22714, 3
22715, 2
22716, 4
22717, 6
22718, 6
22719, 3
22720, 4
22721, 1
22722, 1
22723, 2
22724, 2
22725, 3
22726, 3
22727, 7
22728, 3
22729, 4
22730, 2
22731, 4
22732, 2
22733, 7
22734, 8
22735, 2
22736, 8
22737, 3
22738, 3
22739, 3
22740, 5
22741, 5
22742, 4
22743, 3
22744, 3
22745, 2
22746, 5
22747, 1
22748, 3
22749, 4
22750, 5
22751, 4
22752, 3
22753, 1
22754, 4
22755, 3
22756, 1
22758, 5
22759, 1
22760, 4
22761, 1
22762, 2
22763, 2
22764, 4
22765, 3
22766, 1
22768, 1
22770, 4
22771, 3
22772, 3
22773, 1
22774, 1
22775, 1
22776, 1
22777, 4
22778, 3
22779, 4
22780, 1
22781, 2
22782, 1
22783, 3
22784, 3
22785, 1
22786, 5
22787, 3
22788, 2
22789, 1
22791, 4
22792, 2
22793, 3
22794, 4
22795, 2
22796, 10
22797, 5
22798, 2
22799, 3
22800, 1
22801, 2
22802, 7
22803, 6
22804, 4
22805, 5
22806, 1
22807, 2
22808, 2
22809, 2
22810, 2
22811, 1
22812, 7
22813, 5
22814, 4
22815, 2
22816, 1
22817, 6
22818, 3
22819, 5
22820, 8
22821, 4
22822, 8
22823, 1
22824, 5
22825, 3
22826, 6
22827, 4
22828, 2
22829, 4
22830, 4
22832, 5
22833, 1
22834, 4
22835, 5
22836, 5
22837, 3
22838, 3
22839, 1
22840, 3
22841, 3
22843, 2
22844, 3
22845, 3
22846, 2
22847, 2
22848, 3
22849, 2
22850, 4
22851, 2
22854, 1
22855, 1
22856, 4
22857, 3
22858, 3
22859, 1
22860, 1
22861, 1
22863, 5
22864, 4
22865, 2
22866, 1
22867, 3
22868, 1
22869, 3
22870, 3
22871, 4
22872, 2
22873, 3
22874, 2
22875, 1
22876, 2
22877, 2
22878, 3
22879, 3
22880, 2
22881, 8
22882, 6
22883, 5
22884, 2
22885, 1
22886, 1
22887, 7
22888, 7
22889, 4
22890, 4
22891, 3
22892, 2
22894, 2
22895, 1
22896, 4
22897, 3
22898, 6
22899, 4
22900, 5
22902, 6
22903, 4
22904, 3
22905, 9
22906, 2
22907, 8
22908, 3
22909, 4
22910, 4
22911, 2
22912, 7
22913, 4
22914, 1
22915, 4
22916, 4
22917, 3
22918, 1
22919, 2
22920, 5
22921, 5
22922, 4
22923, 2
22924, 3
22925, 4
22926, 1
22927, 2
22929, 5
22930, 2
22931, 3
22932, 1
22933, 3
22934, 1
22935, 4
22936, 3
22937, 1
22940, 1
22941, 2
22942, 6
22943, 1
22944, 2
22945, 1
22946, 1
22947, 1
22948, 3
22949, 4
22950, 2
22951, 3
22952, 2
22953, 1
22954, 4
22955, 2
22956, 1
22957, 4
22958, 4
22959, 1
22960, 2
22961, 1
22962, 3
22963, 3
22964, 4
22965, 3
22966, 4
22967, 6
22968, 5
22969, 4
22970, 1
22971, 2
22972, 2
22973, 12
22974, 3
22975, 3
22976, 5
22978, 2
22979, 1
22980, 3
22981, 3
22983, 6
22984, 6
22985, 3
22986, 3
22987, 3
22988, 4
22989, 6
22990, 6
22991, 3
22992, 7
22993, 4
22994, 3
22995, 3
22996, 5
22997, 5
22998, 4
22999, 3
23000, 4
23001, 3
23002, 4
23003, 2
23004, 2
23005, 3
23006, 6
23007, 4
23008, 3
23009, 2
23010, 4
23011, 3
23012, 1
23014, 2
23015, 3
23016, 2
23017, 3
23018, 2
23019, 3
23020, 2
23021, 3
23022, 3
23025, 1
23027, 6
23028, 2
23029, 2
23030, 2
23031, 1
23032, 1
23034, 6
23035, 2
23036, 3
23037, 2
23038, 2
23039, 3
23040, 1
23041, 2
23042, 3
23043, 3
23044, 3
23045, 3
23047, 3
23048, 3
23050, 6
23051, 2
23052, 7
23053, 6
23054, 4
23055, 3
23056, 2
23057, 1
23058, 5
23059, 7
23060, 5
23061, 3
23062, 4
23063, 2
23065, 2
23066, 5
23068, 2
23069, 8
23070, 4
23071, 4
23072, 1
23073, 5
23074, 3
23075, 8
23076, 5
23077, 3
23078, 5
23079, 5
23080, 4
23081, 2
23082, 5
23083, 5
23084, 3
23085, 4
23086, 3
23087, 4
23088, 3
23089, 1
23090, 2
23091, 7
23092, 6
23093, 1
23094, 3
23095, 3
23096, 4
23097, 1
23098, 1
23099, 2
23100, 3
23101, 1
23102, 4
23103, 1
23104, 3
23105, 2
23106, 2
23107, 3
23108, 2
23110, 1
23112, 2
23113, 5
23114, 3
23115, 1
23116, 2
23118, 1
23119, 3
23120, 4
23121, 3
23122, 2
23123, 3
23125, 4
23126, 1
23127, 2
23128, 4
23129, 4
23130, 2
23131, 1
23132, 2
23133, 2
23134, 3
23135, 4
23136, 1
23137, 3
23138, 10
23139, 3
23140, 5
23141, 1
23142, 2
23143, 4
23144, 6
23145, 5
23146, 4
23147, 6
23149, 2
23150, 1
23151, 5
23152, 1
23153, 1
23154, 4
23155, 5
23156, 4
23157, 4
23158, 3
23159, 5
23160, 5
23161, 8
23162, 2
23163, 2
23164, 10
23165, 1
23166, 5
23167, 4
23168, 7
23169, 2
23170, 2
23171, 2
23172, 6
23173, 2
23174, 2
23175, 1
23176, 5
23177, 5
23178, 4
23179, 3
23180, 3
23181, 2
23182, 5
23183, 1
23185, 3
23186, 3
23187, 4
23189, 2
23190, 3
23191, 2
23192, 4
23193, 2
23196, 1
23197, 2
23198, 3
23199, 5
23200, 2
23202, 1
23203, 1
23205, 4
23206, 4
23207, 3
23208, 4
23210, 2
23211, 2
23212, 3
23213, 1
23214, 7
23215, 2
23216, 1
23218, 4
23219, 1
23220, 3
23221, 5
23222, 2
23223, 6
23224, 6
23225, 4
23226, 3
23227, 2
23228, 1
23229, 5
23230, 6
23231, 7
23232, 4
23233, 2
23234, 1
23235, 2
23236, 1
23237, 4
23238, 2
23239, 2
23240, 8
23241, 4
23242, 3
23243, 2
23244, 4
23245, 2
23246, 8
23247, 6
23248, 3
23249, 8
23250, 2
23251, 4
23252, 3
23253, 6
23254, 4
23255, 2
23256, 4
23257, 2
23258, 5
23259, 3
23260, 1
23261, 4
23262, 2
23263, 8
23264, 3
23265, 2
23266, 2
23267, 3
23268, 4
23270, 2
23271, 3
23272, 2
23273, 3
23274, 1
23275, 3
23276, 1
23277, 4
23278, 2
23279, 2
23281, 1
23283, 4
23284, 4
23285, 2
23286, 1
23287, 2
23289, 1
23290, 3
23291, 3
23292, 4
23293, 2
23294, 3
23295, 2
23296, 2
23297, 3
23298, 1
23299, 3
23300, 2
23301, 4
23302, 1
23303, 2
23304, 1
23305, 3
23306, 4
23307, 4
23308, 5
23309, 5
23310, 6
23311, 2
23312, 4
23313, 1
23314, 3
23315, 8
23316, 4
23317, 4
23318, 5
23320, 3
23322, 3
23323, 3
23324, 1
23325, 5
23326, 6
23327, 4
23328, 2
23329, 5
23330, 2
23331, 3
23332, 11
23333, 2
23334, 3
23335, 9
23337, 5
23338, 3
23339, 5
23340, 5
23341, 3
23342, 2
23343, 5
23344, 4
23345, 2
23346, 1
23347, 4
23348, 7
23349, 2
23350, 2
23351, 5
23352, 3
23353, 3
23354, 1
23356, 4
23357, 1
23358, 4
23359, 2
23360, 1
23361, 3
23362, 2
23363, 4
23364, 2
23367, 1
23368, 2
23369, 3
23370, 5
23371, 2
23373, 1
23374, 1
23375, 3
23376, 3
23377, 2
23378, 4
23379, 2
23380, 1
23381, 3
23382, 1
23383, 2
23384, 3
23385, 4
23386, 3
23387, 2
23388, 1
23389, 3
23390, 3
23391, 3
23392, 2
23393, 3
23394, 6
23395, 6
23396, 5
23397, 2
23398, 2
23399, 2
23400, 5
23401, 7
23402, 5
23403, 3
23404, 3
23405, 1
23406, 2
23407, 2
23408, 3
23409, 1
23410, 5
23411, 5
23412, 5
23413, 2
23414, 4
23415, 3
23416, 4
23417, 4
23418, 8
23419, 3
23420, 6
23421, 4
23422, 4
23423, 4
23424, 4
23425, 5
23426, 4
23427, 2
23428, 5
23429, 2
23430, 2
23431, 2
23432, 2
23433, 7
23434, 4
23435, 3
23436, 4
23437, 2
23438, 4
23439, 2
23441, 1
23442, 4
23443, 3
23444, 2
23445, 1
23446, 3
23447, 1
23448, 5
23449, 2
23450, 1
23453, 1
23454, 3
23455, 5
23456, 2
23457, 2
23458, 1
23460, 2
23461, 4
23462, 2
23463, 4
23464, 1
23465, 3
23466, 2
23467, 2
23468, 2
23469, 1
23470, 3
23471, 5
23472, 2
23473, 1
23474, 2
23475, 2
23476, 3
23477, 3
23478, 3
23479, 3
23480, 10
23481, 4
23482, 3
23483, 2
23484, 2
23485, 5
23486, 7
23487, 3
23488, 4
23489, 5
23490, 1
23491, 1
23492, 1
23493, 2
23494, 4
23495, 2
23496, 6
23497, 6
23498, 1
23499, 3
23500, 3
23501, 4
23502, 6
23503, 9
23505, 6
23506, 6
23507, 3
23508, 4
23509, 4
23510, 4
23511, 7
23512, 1
23513, 1
23514, 6
23515, 4
23516, 1
23518, 4
23519, 8
23520, 3
23521, 2
23522, 4
23523, 2
23524, 3
23525, 2
23527, 4
23528, 1
23529, 5
23530, 1
23531, 1
23532, 3
23533, 3
23534, 3
23535, 1
23536, 1
23538, 1
23539, 1
23540, 6
23541, 2
23542, 2
23543, 1
23544, 1
23546, 2
23547, 4
23548, 5
23549, 1
23550, 4
23552, 3
23553, 1
23554, 2
23555, 5
23556, 3
23557, 2
23558, 2
23560, 3
23561, 2
23562, 5
23563, 2
23564, 3
23565, 10
23566, 3
23567, 4
23568, 2
23569, 2
23570, 3
23571, 4
23572, 7
23573, 5
23574, 4
23575, 2
23576, 2
23578, 1
23579, 5
23580, 2
23581, 3
23582, 8
23583, 2
23584, 4
23585, 1
23586, 6
23588, 11
23589, 3
23590, 5
23591, 6
23592, 4
23593, 3
23594, 2
23595, 8
23596, 2
23597, 3
23598, 2
23599, 4
23600, 5
23601, 4
23603, 2
23604, 7
23605, 6
23607, 4
23608, 2
23609, 5
23610, 1
23611, 1
23612, 1
23613, 5
23614, 1
23615, 3
23616, 2
23617, 2
23618, 2
23619, 3
23620, 3
23621, 1
23623, 1
23625, 4
23626, 3
23627, 4
23628, 1
23629, 1
23631, 2
23632, 4
23633, 2
23634, 3
23635, 3
23636, 1
23637, 2
23638, 3
23639, 2
23640, 1
23641, 5
23642, 3
23643, 3
23645, 2
23646, 3
23647, 1
23648, 4
23649, 4
23650, 7
23651, 6
23652, 4
23653, 3
23655, 2
23656, 4
23657, 8
23658, 5
23659, 4
23660, 4
23661, 2
23663, 2
23664, 2
23665, 3
23666, 1
23667, 7
23668, 6
23669, 2
23670, 2
23671, 6
23672, 2
23673, 6
23674, 8
23675, 1
23676, 5
23677, 7
23678, 1
23679, 5
23680, 4
23681, 5
23682, 4
23683, 3
23684, 2
23685, 6
23686, 3
23688, 3
23689, 4
23690, 6
23691, 3
23692, 3
23693, 2
23694, 5
23695, 2
23696, 1
23697, 1
23698, 3
23699, 1
23700, 5
23702, 3
23703, 2
23704, 2
23705, 4
23706, 2
23709, 1
23710, 3
23711, 2
23712, 5
23713, 2
23715, 1
23716, 1
23717, 2
23718, 3
23719, 5
23720, 2
23721, 3
23723, 2
23724, 2
23725, 3
23726, 2
23727, 4
23728, 3
23729, 2
23730, 1
23731, 2
23732, 4
23733, 3
23734, 2
23735, 2
23736, 9
23737, 5
23738, 4
23739, 3
23740, 1
23741, 2
23742, 8
23743, 4
23744, 4
23745, 6
23746, 1
23747, 2
23748, 1
23749, 3
23750, 3
23752, 4
23753, 7
23754, 5
23755, 2
23756, 3
23757, 4
23758, 2
23759, 8
23760, 5
23761, 6
23762, 5
23763, 2
23764, 4
23765, 4
23766, 5
23767, 4
23768, 4
23769, 2
23770, 5
23771, 3
23772, 2
23773, 1
23774, 4
23775, 4
23776, 6
23777, 2
23778, 3
23779, 2
23780, 5
23781, 2
23783, 2
23784, 3
23785, 3
23786, 2
23787, 1
23788, 4
23789, 1
23790, 3
23791, 4
23794, 1
23796, 5
23797, 3
23798, 3
23799, 1
23800, 1
23802, 2
23803, 3
23804, 3
23805, 4
23806, 1
23807, 2
23808, 2
23809, 2
23810, 2
23811, 3
23812, 6
23813, 1
23814, 3
23815, 1
23816, 1
23817, 2
23818, 3
23819, 4
23820, 3
23821, 4
23822, 8
23823, 4
23824, 4
23825, 2
23827, 5
23828, 7
23829, 5
23830, 3
23831, 5
23832, 1
23833, 2
23834, 1
23835, 3
23836, 2
23837, 2
23838, 7
23839, 5
23840, 4
23842, 7
23844, 6
23845, 8
23846, 2
23847, 7
23848, 5
23849, 1
23850, 3
23851, 5
23852, 5
23853, 6
23854, 2
23855, 3
23856, 4
23857, 4
23858, 1
23859, 1
23860, 6
23861, 5
23862, 4
23863, 2
23864, 3
23865, 1
23866, 5
23867, 1
23869, 4
23870, 1
23871, 5
23872, 1
23873, 3
23874, 1
23875, 3
23876, 3
23877, 2
23879, 1
23881, 2
23882, 4
23883, 4
23884, 2
23886, 1
23887, 1
23888, 2
23889, 4
23890, 3
23891, 2
23892, 4
23894, 4
23896, 3
23897, 3
23898, 5
23899, 1
23900, 2
23901, 2
23902, 1
23903, 3
23904, 4
23905, 3
23906, 3
23907, 7
23908, 7
23909, 2
23910, 2
23911, 2
23912, 3
23913, 6
23914, 6
23915, 5
23916, 3
23917, 2
23918, 2
23919, 1
23920, 2
23921, 3
23922, 1
23923, 3
23924, 8
23925, 3
23926, 4
23927, 2
23928, 5
23929, 6
23930, 5
23931, 5
23932, 5
23933, 6
23934, 1
23935, 5
23936, 4
23937, 4
23938, 4
23939, 4
23940, 2
23941, 4
23942, 3
23943, 4
23945, 3
23946, 7
23947, 4
23948, 2
23949, 4
23950, 1
23951, 6
23952, 1
23954, 2
23955, 3
23956, 3
23957, 3
23959, 4
23960, 1
23961, 4
23962, 2
23963, 1
23965, 1
23967, 4
23968, 6
23970, 2
23971, 1
23973, 1
23974, 5
23975, 3
23976, 4
23977, 1
23978, 2
23980, 4
23981, 3
23982, 1
23983, 5
23984, 2
23985, 2
23986, 1
23987, 2
23988, 2
23989, 3
23990, 5
23991, 2
23992, 6
23993, 8
23994, 3
23995, 2
23996, 2
23997, 2
23998, 2
23999, 10
24000, 4
24001, 6
24002, 2
24003, 1
24004, 1
24005, 2
24006, 4
24007, 1
24008, 4
24009, 5
24010, 5
24011, 3
24012, 2
24013, 3
24014, 4
24015, 5
24016, 9
24017, 2
24018, 6
24019, 5
24020, 4
24021, 3
24022, 3
24023, 7
24024, 3
24025, 2
24026, 4
24027, 3
24028, 3
24029, 2
24030, 3
24031, 4
24032, 7
24033, 2
24034, 2
24035, 3
24036, 3
24037, 4
24039, 1
24040, 3
24041, 2
24042, 4
24043, 1
24044, 2
24045, 2
24046, 3
24047, 4
24048, 1
24050, 1
24052, 4
24053, 3
24054, 3
24055, 1
24056, 2
24058, 1
24059, 3
24060, 3
24061, 3
24062, 3
24063, 2
24064, 1
24065, 3
24066, 2
24067, 2
24068, 3
24069, 4
24070, 3
24071, 1
24072, 2
24073, 2
24074, 1
24075, 5
24076, 2
24077, 3
24078, 10
24079, 4
24080, 3
24081, 3
24082, 1
24083, 3
24084, 3
24085, 9
24086, 4
24087, 4
24088, 2
24089, 2
24090, 1
24091, 3
24092, 3
24094, 3
24095, 9
24096, 3
24097, 3
24098, 5
24099, 2
24100, 4
24101, 6
24102, 6
24103, 4
24104, 5
24105, 3
24106, 6
24107, 1
24108, 6
24109, 4
24110, 4
24111, 2
24112, 5
24113, 1
24114, 4
24115, 2
24116, 1
24117, 10
24118, 2
24119, 3
24120, 2
24121, 3
24122, 5
24123, 1
24125, 2
24126, 3
24127, 3
24128, 2
24129, 2
24130, 3
24131, 1
24132, 4
24133, 2
24134, 1
24136, 1
24137, 2
24138, 3
24139, 4
24140, 2
24141, 1
24142, 1
24144, 4
24145, 1
24146, 3
24147, 4
24148, 2
24149, 2
24151, 4
24152, 3
24153, 1
24154, 4
24155, 3
24156, 3
24157, 1
24158, 2
24159, 2
24160, 3
24161, 4
24162, 3
24163, 7
24164, 4
24165, 5
24166, 2
24167, 3
24168, 1
24169, 3
24170, 10
24171, 4
24172, 4
24173, 3
24174, 2
24176, 2
24177, 3
24178, 2
24179, 2
24180, 7
24181, 6
24182, 2
24183, 1
24184, 5
24185, 2
24186, 10
24187, 3
24188, 4
24189, 5
24190, 6
24191, 3
24192, 5
24193, 3
24194, 4
24195, 6
24196, 1
24197, 4
24198, 3
24199, 3
24200, 2
24201, 1
24202, 6
24203, 5
24204, 4
24205, 2
24206, 3
24207, 4
24208, 2
24209, 1
24210, 2
24211, 3
24212, 1
24213, 4
24214, 1
24215, 3
24216, 1
24217, 4
24218, 2
24219, 2
24221, 1
24223, 5
24224, 2
24225, 3
24226, 2
24228, 1
24229, 1
24230, 4
24231, 2
24232, 4
24233, 2
24234, 3
24235, 1
24236, 3
24237, 3
24239, 4
24240, 3
24241, 3
24242, 1
24243, 2
24244, 2
24245, 2
24246, 4
24247, 3
24248, 5
24249, 7
24250, 3
24251, 5
24252, 1
24253, 3
24254, 1
24255, 6
24256, 6
24257, 5
24258, 5
24259, 1
24260, 2
24261, 1
24262, 2
24263, 4
24264, 1
24265, 4
24266, 7
24267, 5
24268, 1
24269, 4
24270, 3
24271, 4
24272, 8
24273, 3
24274, 5
24275, 8
24276, 1
24277, 5
24278, 4
24279, 5
24280, 2
24281, 4
24282, 1
24283, 6
24284, 3
24285, 3
24287, 3
24288, 8
24289, 4
24290, 3
24291, 2
24292, 4
24293, 2
24294, 1
24295, 1
24296, 4
24297, 1
24298, 4
24299, 1
24300, 3
24301, 2
24302, 3
24303, 2
24304, 3
24307, 1
24309, 6
24310, 2
24311, 4
24313, 1
24315, 3
24316, 3
24317, 3
24318, 3
24319, 2
24320, 2
24321, 4
24322, 1
24323, 2
24324, 1
24325, 6
24326, 1
24327, 3
24328, 1
24329, 2
24330, 2
24331, 2
24332, 6
24333, 2
24334, 7
24335, 6
24336, 4
24337, 1
24338, 3
24340, 7
24341, 7
24342, 4
24343, 4
24344, 3
24345, 2
24346, 1
24347, 1
24348, 4
24349, 1
24350, 3
24351, 7
24352, 5
24353, 1
24354, 2
24355, 5
24356, 4
24357, 3
24358, 10
24359, 1
24360, 7
24361, 5
24362, 4
24363, 3
24364, 5
24365, 4
24366, 3
24367, 2
24368, 5
24369, 4
24370, 2
24371, 2
24372, 2
24373, 5
24374, 4
24375, 4
24376, 4
24377, 2
24378, 5
24379, 1
24380, 1
24381, 1
24382, 4
24383, 1
24384, 4
24385, 1
24386, 4
24388, 3
24389, 3
24390, 2
24393, 1
24394, 4
24395, 4
24396, 3
24397, 1
24399, 1
24400, 1
24401, 3
24402, 3
24403, 3
24404, 3
24405, 1
24406, 2
24407, 4
24408, 2
24409, 1
24410, 5
24411, 1
24412, 5
24414, 2
24415, 2
24416, 2
24417, 5
24418, 1
24419, 6
24420, 6
24421, 6
24422, 2
24423, 3
24424, 1
24425, 2
24426, 7
24427, 9
24428, 1
24429, 5
24430, 1
24431, 2
24432, 1
24433, 2
24434, 4
24435, 2
24436, 6
24437, 4
24438, 5
24439, 1
24440, 5
24441, 2
24442, 5
24443, 8
24444, 2
24445, 3
24446, 9
24447, 3
24448, 2
24449, 7
24450, 4
24451, 2
24452, 5
24453, 2
24454, 4
24455, 4
24456, 1
24457, 3
24458, 1
24459, 8
24460, 5
24461, 2
24462, 1
24463, 2
24464, 5
24465, 2
24467, 2
24468, 3
24469, 3
24470, 3
24471, 1
24472, 2
24473, 2
24474, 5
24475, 2
24478, 1
24479, 2
24480, 4
24481, 3
24482, 2
24483, 1
24484, 1
24485, 1
24486, 2
24487, 2
24488, 6
24489, 1
24490, 2
24491, 2
24492, 2
24493, 3
24494, 2
24495, 1
24496, 5
24497, 2
24498, 3
24499, 1
24500, 2
24501, 3
24502, 2
24503, 4
24504, 3
24505, 5
24506, 7
24507, 3
24508, 4
24509, 1
24510, 2
24511, 6
24512, 7
24513, 3
24514, 6
24515, 2
24516, 2
24517, 1
24518, 2
24519, 3
24520, 1
24521, 4
24522, 8
24523, 2
24524, 4
24525, 3
24526, 4
24527, 1
24528, 4
24529, 10
24530, 2
24531, 6
24532, 5
24533, 3
24534, 4
24535, 6
24536, 3
24537, 5
24538, 1
24539, 3
24540, 5
24541, 3
24542, 1
24543, 2
24544, 6
24545, 5
24546, 3
24547, 4
24549, 5
24550, 3
24552, 1
24553, 3
24554, 2
24555, 3
24556, 2
24557, 4
24558, 1
24559, 2
24560, 4
24561, 1
24563, 1
24565, 5
24566, 2
24567, 4
24568, 1
24569, 1
24572, 4
24573, 3
24574, 4
24575, 2
24576, 2
24577, 3
24578, 2
24579, 1
24580, 3
24581, 3
24582, 4
24583, 3
24585, 2
24586, 2
24587, 2
24588, 5
24589, 3
24590, 3
24591, 8
24592, 6
24593, 2
24594, 3
24596, 3
24597, 10
24598, 2
24599, 4
24600, 6
24602, 2
24603, 1
24604, 3
24605, 3
24606, 2
24607, 5
24608, 5
24609, 5
24610, 1
24611, 6
24612, 1
24613, 6
24614, 6
24615, 5
24616, 2
24617, 9
24618, 2
24619, 2
24620, 3
24621, 10
24622, 4
24624, 2
24625, 6
24626, 4
24627, 1
24628, 2
24629, 4
24630, 7
24631, 1
24632, 3
24633, 3
24634, 3
24635, 4
24636, 1
24638, 5
24639, 1
24640, 3
24641, 2
24642, 3
24643, 1
24644, 2
24645, 3
24646, 3
24649, 1
24650, 2
24651, 3
24652, 4
24653, 3
24655, 1
24657, 4
24658, 2
24659, 3
24660, 3
24661, 3
24662, 1
24663, 4
24664, 1
24665, 2
24666, 1
24667, 5
24668, 3
24669, 2
24671, 4
24672, 3
24673, 2
24674, 3
24675, 3
24676, 7
24677, 6
24678, 2
24679, 4
24680, 2
24681, 2
24682, 3
24683, 10
24684, 3
24685, 6
24686, 1
24687, 1
24688, 1
24689, 2
24690, 4
24691, 1
24692, 4
24693, 6
24694, 3
24695, 5
24697, 7
24698, 3
24699, 6
24700, 7
24701, 1
24702, 9
24703, 3
24704, 2
24705, 4
24706, 5
24707, 5
24708, 4
24710, 7
24711, 2
24712, 2
24713, 2
24714, 2
24715, 6
24716, 5
24717, 3
24718, 4
24719, 1
24720, 5
24721, 1
24722, 1
24723, 2
24724, 3
24725, 3
24726, 2
24727, 1
24728, 3
24729, 2
24730, 3
24731, 2
24732, 2
24735, 1
24736, 4
24737, 4
24738, 2
24739, 2
24740, 1
24742, 1
24743, 5
24744, 1
24745, 4
24746, 1
24747, 4
24749, 4
24750, 2
24751, 1
24752, 4
24753, 4
24754, 3
24756, 1
24757, 3
24758, 3
24759, 4
24760, 3
24761, 5
24762, 8
24763, 3
24764, 2
24765, 4
24766, 1
24767, 3
24768, 9
24769, 4
24770, 3
24771, 5
24772, 1
24773, 1
24774, 1
24775, 3
24776, 3
24777, 2
24778, 7
24779, 4
24780, 3
24781, 2
24782, 5
24783, 2
24784, 7
24785, 5
24786, 4
24787, 5
24788, 5
24789, 4
24790, 4
24791, 4
24792, 7
24793, 4
24794, 1
24795, 2
24796, 5
24797, 4
24798, 1
24799, 1
24800, 5
24801, 6
24802, 3
24803, 3
24804, 2
24805, 3
24806, 5
24809, 4
24810, 2
24811, 2
24812, 3
24813, 2
24814, 2
24815, 3
24816, 2
24817, 3
24820, 1
24821, 3
24822, 4
24823, 2
24824, 2
24825, 1
24826, 1
24827, 1
24829, 6
24830, 2
24831, 4
24832, 2
24833, 1
24834, 3
24835, 2
24836, 2
24837, 4
24838, 4
24839, 1
24840, 2
24841, 1
24842, 2
24843, 4
24844, 4
24845, 1
24846, 6
24847, 3
24848, 7
24849, 2
24850, 4
24851, 2
24852, 3
24853, 5
24854, 6
24855, 5
24856, 5
24857, 1
24858, 2
24859, 1
24860, 2
24861, 4
24862, 1
24863, 1
24864, 8
24865, 3
24866, 5
24867, 1
24868, 6
24869, 2
24870, 7
24871, 7
24872, 2
24873, 9
24874, 2
24875, 1
24876, 6
24877, 5
24878, 5
24879, 3
24881, 6
24882, 4
24883, 2
24884, 3
24885, 1
24886, 9
24887, 1
24888, 5
24889, 1
24890, 3
24891, 3
24892, 2
24893, 1
24894, 2
24895, 3
24896, 2
24897, 3
24898, 1
24899, 3
24900, 2
24901, 4
24902, 2
24903, 1
24905, 1
24906, 1
24907, 4
24908, 3
24909, 2
24910, 2
24912, 1
24913, 2
24914, 3
24915, 3
24916, 4
24917, 2
24918, 1
24919, 2
24920, 3
24921, 2
24922, 2
24923, 5
24924, 2
24925, 3
24927, 2
24928, 3
24929, 3
24930, 3
24931, 3
24932, 6
24933, 8
24934, 3
24935, 2
24936, 2
24937, 3
24938, 3
24939, 8
24940, 5
24941, 3
24942, 4
24943, 2
24945, 1
24946, 5
24947, 1
24948, 2
24949, 7
24950, 5
24951, 4
24953, 3
24954, 4
24955, 7
24956, 6
24957, 3
24958, 7
24959, 5
24960, 3
24961, 1
24962, 7
24963, 5
24964, 4
24965, 2
24966, 4
24967, 4
24968, 3
24969, 1
24970, 2
24971, 2
24972, 7
24973, 4
24974, 3
24975, 2
24976, 6
24977, 2
24980, 5
24981, 1
24982, 4
24983, 1
24984, 2
24985, 2
24986, 3
24987, 3
24988, 2
24991, 1
24992, 2
24993, 3
24994, 5
24995, 1
24996, 1
24997, 1
24999, 2
25000, 6
25001, 2
25002, 3
25003, 2
25004, 1
25005, 4
25006, 1
25007, 2
25008, 3
25009, 3
25010, 4
25011, 1
25012, 1
25013, 3
25014, 2
25015, 2
25016, 4
25017, 3
25018, 9
25019, 5
25020, 4
25022, 3
25023, 2
25024, 6
25025, 4
25026, 6
25027, 4
25028, 3
25029, 2
25030, 2
25031, 2
25032, 2
25033, 2
25034, 3
25035, 7
25036, 5
25037, 2
25038, 1
25039, 5
25040, 6
25041, 5
25042, 6
25043, 3
25044, 7
25045, 2
25046, 4
25047, 5
25048, 3
25049, 5
25050, 2
25051, 3
25052, 3
25053, 6
25054, 2
25055, 1
25056, 3
25057, 6
25058, 5
25059, 2
25060, 4
25061, 3
25062, 3
25063, 2
25066, 5
25067, 4
25068, 1
25069, 2
25070, 3
25071, 2
25072, 3
25073, 3
25076, 1
25077, 2
25078, 2
25079, 4
25080, 3
25081, 1
25082, 1
25083, 1
25084, 2
25085, 3
25086, 2
25087, 4
25088, 2
25089, 1
25090, 3
25091, 2
25092, 2
25093, 2
25094, 3
25095, 4
25096, 3
25098, 3
25099, 2
25100, 2
25101, 4
25102, 3
25103, 6
25104, 7
25105, 4
25106, 2
25107, 3
25108, 1
25109, 4
25110, 8
25111, 2
25112, 6
25113, 4
25114, 1
25115, 1
25116, 2
25117, 3
25118, 2
25119, 3
25120, 4
25121, 5
25122, 3
25123, 3
25124, 5
25125, 2
25126, 6
25127, 9
25129, 10
25130, 3
25131, 2
25132, 4
25133, 7
25134, 1
25135, 7
25137, 3
25138, 5
25139, 3
25140, 2
25141, 2
25142, 5
25143, 6
25144, 2
25145, 4
25146, 2
25147, 5
25148, 1
25149, 1
25150, 2
25151, 2
25152, 1
25153, 3
25154, 3
25155, 3
25156, 1
25157, 4
25158, 2
25159, 2
25162, 1
25163, 3
25164, 2
25165, 5
25166, 2
25168, 1
25169, 1
25170, 2
25171, 4
25172, 4
25173, 1
25174, 4
25175, 1
25176, 2
25177, 2
25178, 2
25179, 3
25180, 5
25181, 2
25182, 1
25184, 4
25185, 2
25186, 3
25187, 3
25188, 3
25189, 9
25190, 4
25191, 4
25192, 3
25193, 1
25194, 2
25195, 6
25196, 7
25197, 5
25198, 4
25199, 1
25200, 1
25201, 2
25202, 2
25203, 4
25205, 5
25206, 5
25207, 4
25208, 4
25209, 2
25210, 5
25211, 4
25212, 6
25213, 6
25214, 3
25215, 8
25216, 1
25217, 3
25218, 5
25219, 5
25220, 3
25221, 5
25222, 2
25223, 5
25224, 2
25225, 3
25226, 3
25227, 1
25228, 9
25229, 3
25230, 2
25231, 2
25232, 2
25233, 5
25234, 2
25236, 4
25237, 1
25238, 1
25239, 4
25240, 2
25241, 2
25242, 2
25243, 4
25244, 2
25245, 1
25247, 1
25249, 4
25250, 5
25251, 2
25253, 2
25255, 1
25256, 4
25257, 4
25258, 3
25259, 2
25260, 1
25261, 2
25262, 2
25263, 3
25264, 1
25265, 6
25266, 2
25267, 2
25268, 2
25269, 1
25270, 4
25271, 1
25272, 4
25273, 3
25274, 4
25275, 7
25276, 6
25277, 1
25278, 4
25280, 3
25281, 10
25282, 4
25283, 3
25284, 5
25286, 2
25287, 2
25288, 4
25289, 1
25290, 2
25291, 5
25292, 7
25293, 2
25294, 2
25295, 6
25296, 1
25297, 6
25298, 8
25299, 3
25300, 5
25301, 6
25302, 2
25303, 5
25304, 5
25305, 4
25306, 5
25307, 2
25309, 6
25310, 3
25311, 1
25312, 3
25313, 5
25314, 4
25315, 4
25316, 4
25317, 1
25318, 3
25319, 3
25320, 2
25322, 3
25323, 3
25324, 4
25325, 1
25326, 3
25327, 1
25328, 3
25329, 3
25330, 2
25332, 1
25334, 2
25335, 5
25336, 3
25337, 2
25339, 1
25341, 2
25342, 5
25343, 4
25344, 2
25345, 2
25346, 1
25347, 4
25348, 1
25349, 2
25350, 1
25351, 6
25352, 2
25353, 2
25354, 1
25355, 3
25356, 2
25357, 4
25358, 3
25359, 4
25360, 6
25361, 4
25362, 5
25363, 2
25364, 2
25365, 1
25366, 5
25367, 8
25368, 5
25369, 5
25370, 1
25371, 2
25373, 5
25374, 1
25375, 2
25376, 4
25377, 6
25378, 5
25379, 2
25380, 3
25381, 4
25382, 1
25383, 13
25384, 1
25385, 3
25386, 8
25387, 2
25388, 4
25389, 5
25390, 7
25391, 1
25392, 4
25393, 2
25394, 5
25395, 2
25396, 4
25398, 3
25399, 7
25400, 4
25401, 3
25402, 2
25403, 3
25404, 4
25405, 2
25407, 2
25408, 3
25409, 4
25410, 1
25411, 2
25412, 3
25413, 2
25414, 2
25415, 4
25418, 1
25419, 1
25420, 5
25421, 2
25422, 2
25423, 2
25424, 1
25425, 1
25427, 5
25428, 3
25429, 3
25430, 2
25431, 2
25433, 4
25434, 3
25435, 1
25436, 4
25437, 4
25438, 2
25440, 4
25441, 2
25442, 1
25443, 3
25444, 4
25445, 5
25446, 6
25447, 5
25448, 3
25449, 1
25450, 4
25451, 1
25452, 10
25453, 4
25454, 4
25455, 4
25457, 2
25458, 2
25459, 2
25460, 3
25461, 3
25462, 8
25463, 3
25464, 3
25465, 1
25466, 6
25467, 1
25468, 7
25469, 8
25470, 3
25471, 5
25472, 5
25473, 3
25474, 3
25475, 5
25476, 4
25477, 5
25478, 1
25479, 4
25480, 4
25481, 4
25482, 1
25483, 1
25484, 4
25485, 8
25486, 3
25487, 3
25488, 2
25489, 3
25490, 2
25491, 2
25492, 1
25493, 4
25494, 1
25495, 3
25496, 2
25497, 2
25498, 2
25499, 2
25500, 4
25501, 2
25503, 1
25505, 2
25506, 4
25507, 4
25508, 1
25509, 1
25510, 1
25511, 1
25512, 2
25513, 4
25514, 4
25515, 2
25516, 2
25517, 1
25518, 4
25519, 1
25520, 2
25521, 4
25522, 3
25523, 3
25524, 1
25525, 1
25526, 3
25527, 3
25528, 2
25529, 3
25530, 4
25531, 7
25532, 7
25533, 2
25534, 2
25535, 2
25536, 3
25537, 3
25538, 10
25539, 3
25540, 5
25541, 1
25542, 1
25543, 2
25544, 2
25545, 4
25546, 1
25547, 4
25548, 8
25549, 2
25550, 3
25551, 6
25553, 6
25554, 6
25555, 5
25556, 4
25557, 7
25558, 1
25559, 5
25560, 5
25561, 5
25562, 3
25563, 3
25564, 4
25565, 4
25566, 3
25567, 2
25569, 3
25570, 7
25571, 5
25572, 2
25573, 3
25574, 2
25575, 4
25576, 2
25578, 3
25579, 2
25580, 2
25581, 4
25582, 1
25583, 2
25584, 3
25585, 2
25586, 3
25587, 1
25589, 1
25590, 1
25591, 3
25592, 5
25593, 2
25594, 1
25595, 1
25596, 1
25597, 2
25598, 2
25599, 5
25600, 2
25601, 2
25602, 2
25603, 4
25605, 3
25606, 1
25607, 7
25608, 1
25609, 2
25611, 3
25612, 3
25613, 2
25614, 3
25615, 4
25616, 4
25617, 8
25618, 3
25619, 3
25620, 3
25621, 1
25622, 4
25623, 7
25624, 7
25625, 3
25626, 3
25628, 2
25629, 2
25630, 4
25631, 1
25632, 3
25633, 6
25634, 6
25635, 3
25636, 1
25637, 6
25638, 1
25639, 5
25640, 9
25641, 2
25642, 7
25643, 4
25644, 3
25645, 4
25646, 6
25647, 3
25648, 5
25649, 2
25650, 3
25651, 4
25652, 3
25653, 1
25654, 2
25655, 4
25656, 7
25657, 3
25658, 3
25659, 2
25660, 4
25661, 2
25662, 1
25664, 4
25665, 2
25666, 4
25667, 1
25668, 3
25669, 2
25670, 2
25671, 4
25672, 1
25675, 1
25676, 4
25677, 4
25678, 2
25679, 2
25681, 1
25682, 1
25683, 4
25684, 1
25685, 5
25686, 2
25687, 2
25688, 1
25689, 3
25690, 2
25691, 2
25692, 3
25693, 5
25694, 2
25695, 1
25696, 3
25698, 4
25699, 3
25700, 4
25701, 1
25702, 9
25703, 4
25704, 5
25705, 2
25706, 1
25707, 2
25708, 10
25709, 2
25710, 6
25711, 4
25712, 1
25713, 2
25714, 2
25716, 5
25717, 1
25718, 5
25719, 7
25720, 2
25721, 3
25722, 4
25723, 3
25724, 5
25725, 8
25726, 2
25727, 4
25728, 8
25729, 2
25730, 5
25731, 2
25732, 6
25733, 3
25734, 4
25735, 2
25736, 5
25737, 5
25739, 2
25740, 2
25741, 7
25742, 3
25743, 4
25744, 3
25745, 4
25746, 3
25747, 1
25749, 4
25750, 2
25751, 2
25752, 2
25753, 1
25754, 4
25755, 1
25756, 4
25757, 3
25760, 1
25762, 6
25763, 3
25764, 2
25765, 1
25766, 1
25768, 3
25769, 3
25770, 3
25771, 2
25772, 3
25773, 2
25774, 2
25775, 2
25776, 3
25777, 1
25778, 4
25779, 4
25780, 2
25782, 4
25783, 1
25784, 4
25785, 3
25786, 2
25787, 6
25788, 7
25789, 3
25790, 3
25791, 3
25792, 1
25793, 4
25794, 9
25795, 3
25796, 6
25797, 2
25798, 2
25800, 2
25801, 4
25802, 1
25803, 4
25804, 5
25805, 6
25806, 3
25807, 1
25808, 6
25810, 7
25811, 7
25812, 3
25813, 7
25814, 4
25815, 3
25816, 4
25817, 5
25818, 4
25819, 3
25820, 3
25821, 3
25822, 5
25823, 3
25824, 1
25825, 2
25826, 3
25827, 8
25828, 3
25829, 3
25830, 2
25831, 3
25832, 4
25834, 1
25835, 4
25836, 2
25837, 3
25838, 2
25839, 2
25840, 1
25841, 4
25842, 3
25843, 1
25846, 1
25847, 4
25848, 3
25849, 3
25850, 2
25852, 1
25853, 1
25854, 4
25855, 3
25856, 1
25857, 4
25858, 2
25859, 2
25860, 2
25861, 3
25862, 1
25863, 5
25864, 3
25865, 1
25866, 2
25867, 3
25868, 2
25869, 1
25870, 3
25871, 4
25872, 4
25873, 7
25874, 5
25875, 3
25876, 4
25878, 3
25879, 8
25880, 3
25881, 6
25882, 4
25883, 1
25884, 2
25885, 2
25886, 1
25887, 3
25888, 2
25889, 5
25890, 7
25891, 2
25892, 3
25893, 1
25894, 6
25895, 4
25896, 10
25897, 1
25898, 6
25899, 5
25900, 3
25901, 3
25902, 6
25903, 3
25904, 7
25905, 1
25906, 2
25907, 5
25908, 4
25909, 1
25910, 3
25911, 2
25912, 8
25913, 3
25914, 1
25915, 4
25916, 3
25917, 4
25918, 1
25920, 3
25921, 2
25922, 4
25923, 2
25925, 4
25926, 1
25927, 3
25928, 4
25931, 1
25932, 3
25933, 2
25934, 4
25935, 2
25936, 1
25937, 1
25938, 1
25939, 2
25940, 3
25941, 2
25942, 4
25943, 3
25944, 1
25945, 1
25946, 3
25947, 2
25948, 3
25949, 4
25950, 2
25951, 3
25953, 4
25955, 4
25956, 4
25957, 2
25958, 9
25959, 4
25960, 4
25961, 2
25962, 3
25964, 6
25965, 9
25966, 3
25967, 3
25968, 4
25969, 2
25971, 2
25972, 4
25973, 1
25974, 3
25975, 7
25976, 4
25977, 4
25978, 2
25979, 4
25980, 3
25981, 6
25982, 7
25983, 3
25984, 6
25985, 4
25986, 4
25987, 3
25988, 5
25989, 4
25990, 5
25991, 1
25992, 5
25993, 3
25994, 3
25995, 1
25996, 2
25997, 6
25998, 6
25999, 1
26000, 3
26001, 3
26002, 4
26003, 3
26005, 2
26006, 3
26008, 5
26009, 1
26010, 2
26011, 2
26012, 4
26013, 3
26014, 1
26017, 1
26018, 4
26019, 3
26020, 4
26022, 2
26024, 1
26025, 3
26026, 4
26027, 3
26028, 2
26029, 3
26030, 3
26031, 1
26032, 2
26033, 1
26034, 5
26035, 2
26036, 2
26037, 2
26038, 3
26039, 1
26040, 2
26041, 5
26042, 3
26043, 2
26044, 10
26045, 4
26046, 2
26047, 3
26048, 2
26049, 4
26050, 4
26051, 7
26052, 4
26053, 4
26054, 1
26055, 2
26057, 5
26058, 2
26059, 2
26060, 2
26061, 8
26062, 4
26063, 2
26064, 5
26065, 2
26066, 6
26067, 7
26068, 3
26069, 4
26070, 8
26072, 6
26073, 3
26074, 4
26075, 5
26076, 3
26077, 4
26078, 4
26079, 4
26080, 1
26082, 4
26083, 6
26084, 4
26085, 3
26086, 2
26087, 4
26088, 4
26089, 1
26091, 2
26092, 3
26093, 5
26094, 1
26095, 1
26096, 2
26097, 4
26098, 2
26099, 3
26102, 1
26103, 2
26104, 5
26105, 2
26106, 2
26107, 1
26109, 1
26110, 2
26111, 4
26112, 2
26113, 4
26114, 2
26115, 2
26116, 2
26117, 2
26118, 3
26120, 6
26121, 2
26122, 2
26123, 1
26124, 4
26125, 3
26126, 1
26127, 3
26128, 5
26129, 5
26130, 7
26131, 4
26132, 3
26133, 1
26134, 2
26135, 3
26136, 9
26137, 4
26138, 4
26139, 3
26140, 1
26141, 1
26142, 1
26143, 6
26144, 1
26145, 3
26146, 6
26147, 4
26148, 3
26149, 2
26150, 5
26151, 2
26152, 8
26153, 6
26154, 2
26155, 6
26156, 5
26157, 2
26158, 6
26159, 4
26160, 4
26161, 3
26162, 3
26163, 4
26164, 3
26165, 5
26167, 2
26168, 9
26169, 3
26170, 3
26171, 2
26172, 2
26173, 5
26174, 2
26176, 2
26177, 3
26178, 1
26179, 5
26181, 3
26182, 2
26183, 3
26184, 3
26185, 1
26187, 1
26189, 4
26190, 5
26191, 1
26192, 1
26193, 2
26195, 1
26196, 5
26197, 2
26198, 3
26199, 3
26200, 1
26201, 1
26202, 4
26203, 1
26204, 2
26205, 4
26206, 4
26207, 2
26208, 1
26209, 2
26210, 1
26211, 4
26212, 3
26213, 3
26214, 5
26215, 7
26216, 3
26217, 4
26218, 4
26220, 5
26221, 4
26222, 6
26223, 5
26224, 5
26226, 2
26227, 1
26228, 1
26229, 5
26230, 2
26231, 7
26232, 4
26233, 3
26234, 2
26235, 6
26236, 1
26237, 3
26238, 9
26239, 4
26240, 5
26241, 7
26242, 2
26243, 2
26244, 5
26245, 5
26246, 5
26247, 2
26248, 2
26249, 6
26250, 3
26251, 1
26252, 2
26253, 3
26254, 7
26255, 4
26256, 3
26257, 3
26258, 4
26259, 2
26260, 1
26262, 5
26263, 1
26264, 3
26265, 1
26266, 2
26267, 3
26268, 3
26269, 2
26270, 3
26273, 1
26274, 2
26275, 4
26276, 4
26277, 1
26278, 1
26280, 2
26281, 2
26282, 4
26283, 3
26284, 3
26285, 3
26287, 4
26289, 3
26290, 3
26291, 3
26292, 4
26293, 1
26294, 2
26295, 2
26296, 2
26297, 4
26298, 1
26299, 4
26300, 8
26301, 4
26302, 5
26303, 2
26304, 2
26305, 3
26306, 5
26307, 5
26308, 5
26309, 4
26310, 3
26311, 2
26313, 3
26314, 3
26315, 1
26316, 3
26317, 7
26318, 5
26319, 2
26320, 2
26321, 6
26322, 4
26323, 5
26324, 6
26325, 4
26326, 8
26327, 1
26328, 3
26329, 4
26330, 6
26331, 4
26332, 2
26333, 4
26334, 5
26335, 3
26336, 2
26337, 1
26338, 2
26339, 9
26340, 2
26341, 3
26342, 3
26343, 3
26344, 3
26345, 3
26347, 1
26348, 4
26349, 2
26350, 3
26351, 1
26352, 4
26353, 1
26354, 3
26355, 4
26359, 1
26360, 4
26361, 5
26362, 2
26364, 1
26365, 1
26366, 1
26367, 5
26368, 1
26369, 5
26370, 2
26371, 2
26372, 1
26373, 3
26374, 1
26375, 3
26376, 3
26377, 4
26378, 3
26380, 2
26381, 3
26382, 3
26383, 3
26384, 2
26385, 6
26386, 8
26387, 4
26388, 3
26390, 3
26391, 2
26392, 8
26393, 6
26394, 3
26395, 5
26396, 1
26397, 2
26398, 1
26399, 1
26400, 4
26401, 2
26402, 6
26403, 5
26404, 5
26406, 2
26407, 5
26408, 7
26409, 8
26411, 7
26412, 6
26413, 1
26414, 6
26415, 5
26416, 1
26417, 8
26418, 1
26419, 3
26420, 4
26421, 3
26422, 2
26423, 1
26424, 7
26425, 4
26426, 3
26427, 2
26428, 3
26429, 5
26430, 2
26431, 1
26433, 4
26434, 1
26435, 5
26437, 3
26438, 2
26439, 2
26440, 4
26441, 2
26444, 1
26445, 1
26446, 5
26447, 3
26448, 2
26449, 1
26450, 1
26451, 1
26452, 1
26453, 4
26454, 4
26455, 2
26456, 2
26457, 2
26458, 4
26459, 1
26460, 2
26461, 3
26462, 2
26463, 3
26464, 3
26465, 1
26466, 2
26467, 2
26468, 5
26469, 3
26470, 4
26471, 8
26472, 4
26473, 3
26474, 2
26475, 2
26476, 2
26477, 6
26478, 7
26479, 4
26480, 5
26481, 1
26482, 1
26483, 2
26484, 2
26485, 3
26486, 2
26487, 4
26488, 5
26489, 6
26490, 2
26491, 2
26492, 5
26493, 3
26494, 8
26495, 5
26496, 1
26497, 7
26498, 4
26499, 3
26500, 4
26501, 6
26502, 5
26503, 3
26504, 2
26505, 6
26506, 1
26507, 4
26509, 2
26510, 7
26511, 6
26512, 3
26513, 3
26515, 5
26516, 2
26518, 3
26519, 2
26520, 4
26521, 2
26522, 1
26523, 3
26524, 2
26525, 2
26526, 3
26527, 1
26529, 1
26531, 6
26532, 2
26533, 3
26534, 1
26535, 1
26537, 1
26538, 4
26539, 3
26540, 4
26541, 2
26542, 2
26543, 2
26544, 2
26545, 2
26546, 3
26547, 2
26548, 4
26549, 2
26550, 1
26551, 2
26552, 2
26553, 4
26554, 2
26555, 4
26556, 5
26557, 7
26558, 5
26559, 2
26560, 2
26561, 3
26562, 3
26563, 9
26564, 3
26565, 2
26566, 6
26567, 1
26568, 1
26569, 2
26570, 2
26571, 3
26572, 2
26573, 7
26574, 4
26575, 4
26576, 3
26577, 1
26578, 4
26579, 5
26580, 8
26581, 4
26582, 6
26583, 5
26584, 1
26585, 5
26586, 4
26587, 6
26588, 3
26589, 4
26590, 1
26591, 5
26592, 4
26594, 3
26595, 4
26596, 7
26597, 3
26598, 3
26599, 1
26600, 4
26601, 3
26602, 1
26604, 4
26605, 2
26606, 3
26607, 2
26608, 4
26610, 4
26611, 3
26612, 1
26615, 1
26616, 4
26617, 3
26618, 3
26619, 1
26620, 1
26621, 1
26622, 1
26623, 2
26624, 3
26625, 6
26627, 3
26628, 1
26629, 4
26630, 2
26631, 1
26632, 5
26633, 3
26634, 2
26635, 1
26636, 2
26637, 1
26638, 3
26639, 4
26640, 3
26641, 5
26642, 6
26643, 4
26644, 4
26645, 3
26646, 1
26648, 10
26649, 4
26650, 5
26651, 3
26652, 3
26653, 2
26654, 1
26655, 2
26656, 3
26657, 1
26658, 6
26659, 6
26660, 3
26661, 3
26662, 3
26663, 4
26664, 6
26665, 5
26666, 4
26667, 5
26668, 6
26669, 2
26670, 4
26671, 5
26672, 4
26673, 5
26674, 3
26675, 2
26676, 4
26677, 4
26678, 3
26679, 1
26680, 3
26681, 7
26682, 3
26683, 2
26684, 4
26685, 2
26686, 4
26687, 2
26689, 3
26690, 3
26691, 1
26692, 4
26693, 1
26694, 3
26695, 2
26696, 3
26697, 3
26700, 1
26701, 1
26702, 4
26703, 5
26704, 1
26705, 1
26706, 1
26708, 2
26709, 4
26710, 2
26711, 4
26712, 2
26713, 2
26714, 1
26715, 3
26716, 2
26717, 3
26718, 3
26719, 4
26720, 1
26721, 1
26722, 3
26723, 2
26724, 4
26725, 3
26726, 2
26727, 2
26728, 10
26729, 4
26730, 4
26731, 2
26732, 3
26733, 2
26734, 7
26735, 5
26736, 5
26737, 3
26738, 1
26739, 1
26740, 1
26741, 5
26742, 1
26743, 2
26744, 5
26745, 8
26746, 2
26747, 1
26748, 7
26749, 1
26750, 7
26751, 5
26752, 3
26753, 9
26754, 3
26755, 3
26756, 3
26757, 5
26758, 6
26759, 4
26760, 2
26761, 3
26762, 3
26763, 2
26764, 3
26765, 2
26766, 5
26767, 6
26768, 3
26769, 3
26770, 2
26771, 4
26772, 2
26773, 1
26774, 2
26775, 1
26776, 3
26777, 4
26778, 1
26779, 4
26781, 4
26782, 3
26783, 1
26786, 1
26787, 4
26788, 4
26789, 3
26790, 1
26792, 1
26793, 1
26794, 4
26795, 3
26796, 3
26797, 2
26798, 1
26799, 3
26800, 1
26801, 3
26802, 2
26803, 4
26804, 2
26805, 5
26807, 2
26808, 1
26809, 3
26810, 3
26811, 4
26812, 5
26813, 6
26814, 4
26815, 3
26816, 4
26817, 1
26818, 2
26819, 7
26820, 5
26821, 6
26822, 4
26823, 1
26824, 2
26825, 1
26826, 4
26827, 1
26828, 3
26829, 3
26830, 7
26831, 3
26832, 3
26833, 6
26834, 1
26835, 2
26836, 11
26837, 3
26838, 4
26839, 8
26840, 1
26841, 3
26842, 5
26843, 6
26844, 3
26845, 3
26846, 3
26847, 4
26848, 4
26849, 2
26850, 1
26851, 4
26852, 6
26853, 4
26854, 1
26855, 4
26856, 2
26857, 4
26858, 2
26860, 3
26861, 3
26862, 3
26863, 2
26864, 1
26865, 3
26866, 2
26867, 3
26868, 3
26871, 1
26872, 1
26873, 5
26874, 4
26875, 1
26876, 1
26877, 1
26878, 1
26879, 1
26880, 3
26881, 3
26882, 4
26883, 3
26884, 1
26885, 1
26886, 3
26887, 3
26888, 1
26889, 5
26890, 3
26891, 1
26892, 2
26893, 3
26894, 1
26895, 5
26896, 1
26897, 4
26898, 6
26899, 6
26900, 4
26901, 3
26902, 2
26903, 2
26904, 3
26905, 9
26906, 4
26907, 4
26908, 3
26909, 2
26911, 2
26912, 4
26913, 1
26914, 2
26915, 7
26916, 5
26917, 3
26918, 3
26919, 4
26920, 2
26921, 7
26922, 7
26923, 2
26924, 10
26925, 1
26926, 1
26927, 7
26928, 3
26929, 4
26930, 5
26931, 2
26932, 4
26933, 3
26934, 3
26935, 2
26936, 2
26937, 5
26938, 6
26939, 3
26940, 3
26941, 2
26942, 4
26943, 3
26945, 2
26946, 3
26947, 1
26948, 4
26949, 1
26950, 3
26951, 1
26952, 5
26953, 3
26956, 1
26958, 3
26959, 4
26960, 2
26961, 3
26963, 1
26964, 1
26965, 4
26966, 3
26967, 2
26968, 4
26969, 2
26971, 4
26972, 1
26973, 2
26974, 4
26975, 2
26976, 5
26978, 2
26979, 1
26980, 4
26981, 3
26982, 4
26983, 1
26984, 10
26985, 3
26986, 4
26987, 3
26988, 2
26989, 2
26990, 7
26991, 6
26992, 3
26993, 6
26995, 2
26996, 1
26997, 4
26998, 2
26999, 2
27000, 4
27001, 5
27002, 5
27003, 2
27004, 5
27005, 3
27006, 3
27007, 6
27008, 5
27009, 4
27010, 9
27011, 1
27012, 4
27013, 4
27014, 5
27015, 4
27016, 3
27017, 1
27018, 7
27019, 2
27020, 2
27021, 2
27022, 3
27023, 7
27024, 4
27025, 4
27027, 4
27028, 3
27029, 2
27031, 3
27032, 3
27033, 2
27034, 3
27035, 1
27036, 3
27037, 2
27038, 3
27039, 3
27042, 1
27043, 2
27044, 4
27045, 4
27046, 1
27047, 1
27048, 1
27050, 2
27051, 5
27052, 1
27053, 5
27054, 2
27055, 1
27056, 2
27057, 2
27058, 3
27059, 3
27060, 4
27061, 1
27062, 3
27063, 1
27064, 3
27065, 2
27066, 4
27067, 3
27068, 2
27069, 8
27070, 4
27071, 5
27072, 1
27073, 3
27074, 3
27075, 4
27076, 7
27077, 4
27078, 3
27079, 4
27081, 3
27082, 1
27083, 2
27084, 3
27085, 3
27086, 8
27087, 3
27088, 3
27089, 2
27090, 5
27091, 2
27092, 8
27093, 6
27094, 4
27095, 7
27096, 2
27097, 3
27098, 6
27099, 1
27100, 7
27101, 2
27102, 4
27103, 4
27104, 2
27105, 3
27106, 2
27107, 3
27108, 3
27109, 8
27110, 1
27111, 4
27112, 2
27113, 2
27114, 4
27115, 1
27116, 1
27117, 3
27118, 3
27119, 3
27120, 1
27121, 3
27122, 1
27123, 4
27124, 2
27125, 2
27128, 1
27129, 4
27130, 3
27131, 4
27133, 2
27135, 1
27136, 3
27137, 4
27138, 4
27139, 1
27140, 3
27141, 1
27142, 3
27143, 2
27144, 1
27145, 4
27146, 4
27147, 1
27148, 2
27149, 3
27150, 1
27151, 2
27152, 5
27153, 2
27154, 4
27155, 9
27156, 3
27157, 3
27158, 2
27159, 2
27160, 3
27161, 5
27162, 6
27163, 6
27164, 4
27165, 1
27166, 2
27167, 2
27168, 2
27169, 3
27170, 1
27171, 5
27172, 7
27173, 3
27174, 2
27175, 4
27176, 3
27177, 3
27178, 9
27179, 3
27180, 6
27181, 6
27182, 1
27183, 6
27184, 3
27185, 5
27186, 5
27187, 2
27188, 2
27189, 6
27190, 3
27191, 2
27192, 1
27193, 4
27194, 5
27195, 4
27196, 4
27197, 1
27198, 2
27199, 5
27200, 2
27202, 4
27203, 1
27204, 3
27205, 3
27207, 3
27208, 3
27209, 3
27210, 2
27211, 1
27213, 1
27214, 3
27215, 2
27216, 4
27217, 2
27218, 1
27219, 1
27221, 1
27222, 4
27223, 2
27224, 5
27225, 2
27226, 2
27227, 3
27228, 1
27229, 3
27230, 1
27231, 4
27232, 4
27233, 2
27234, 1
27235, 2
27236, 1
27237, 5
27238, 2
27239, 3
27240, 8
27241, 5
27242, 4
27243, 3
27244, 2
27245, 2
27246, 6
27247, 3
27248, 5
27249, 7
27250, 2
27251, 1
27252, 2
27253, 1
27254, 4
27255, 2
27256, 1
27257, 7
27258, 4
27259, 4
27260, 1
27261, 5
27262, 3
27263, 7
27264, 7
27265, 3
27266, 6
27267, 4
27268, 4
27269, 2
27270, 5
27271, 5
27272, 5
27273, 2
27274, 4
27275, 3
27276, 3
27277, 1
27278, 3
27279, 5
27280, 5
27281, 4
27282, 2
27283, 2
27284, 4
27285, 2
27286, 1
27287, 1
27288, 3
27289, 3
27290, 3
27291, 1
27292, 2
27293, 3
27294, 2
27295, 4
27296, 1
27298, 1
27300, 4
27301, 2
27302, 5
27303, 1
27305, 1
27306, 1
27307, 3
27308, 3
27309, 5
27310, 2
27311, 1
27312, 2
27313, 3
27314, 2
27315, 1
27316, 5
27317, 3
27318, 1
27319, 2
27320, 1
27321, 3
27322, 3
27323, 4
27324, 4
27325, 2
27326, 9
27327, 4
27328, 3
27329, 2
27330, 1
27331, 4
27332, 3
27333, 9
27334, 5
27335, 4
27336, 1
27337, 1
27338, 1
27339, 3
27340, 2
27341, 3
27342, 4
27343, 5
27344, 5
27345, 2
27346, 2
27347, 5
27348, 6
27349, 7
27350, 3
27351, 5
27352, 6
27353, 2
27354, 3
27355, 6
27356, 5
27357, 3
27358, 3
27359, 4
27360, 4
27361, 2
27362, 3
27363, 1
27364, 3
27365, 8
27366, 3
27367, 4
27369, 3
27370, 4
27371, 2
27373, 3
27374, 3
27375, 2
27376, 3
27377, 1
27378, 3
27379, 2
27380, 3
27381, 3
27384, 1
27385, 3
27386, 2
27387, 4
27388, 1
27389, 2
27391, 2
27392, 3
27393, 2
27394, 5
27395, 1
27396, 2
27397, 2
27398, 3
27399, 1
27400, 3
27401, 3
27402, 3
27403, 4
27404, 1
27405, 1
27406, 3
27407, 1
27408, 5
27409, 3
27410, 2
27411, 6
27412, 6
27413, 4
27414, 3
27415, 2
27416, 3
27417, 5
27418, 7
27419, 3
27420, 4
27421, 3
27422, 2
27424, 1
27425, 5
27426, 1
27427, 2
27428, 9
27429, 4
27430, 3
27431, 2
27432, 4
27433, 4
27434, 5
27435, 8
27436, 1
27437, 8
27438, 3
27439, 4
27440, 2
27441, 5
27442, 6
27443, 4
27444, 1
27445, 7
27446, 1
27447, 3
27448, 1
27449, 3
27450, 6
27451, 4
27452, 3
27453, 3
27454, 3
27455, 4
27456, 1
27457, 1
27458, 1
27459, 3
27460, 3
27461, 3
27462, 1
27463, 3
27464, 1
27465, 4
27466, 2
27467, 2
27470, 1
27471, 4
27472, 5
27473, 1
27474, 2
27475, 1
27477, 1
27478, 3
27479, 4
27480, 3
27481, 2
27482, 2
27483, 1
27484, 4
27485, 2
27486, 1
27487, 5
27488, 3
27489, 2
27490, 1
27491, 3
27492, 1
27493, 2
27494, 5
27495, 2
27496, 6
27497, 8
27498, 3
27499, 3
27500, 2
27501, 1
27502, 4
27503, 6
27504, 6
27505, 4
27506, 4
27507, 1
27508, 2
27509, 2
27510, 2
27511, 3
27512, 1
27513, 5
27514, 6
27515, 5
27516, 1
27517, 6
27518, 2
27519, 5
27520, 5
27521, 4
27522, 6
27523, 7
27524, 1
27525, 5
27526, 4
27527, 4
27528, 6
27529, 1
27530, 4
27531, 4
27532, 4
27533, 1
27535, 3
27536, 9
27537, 2
27538, 4
27539, 3
27540, 1
27541, 4
27542, 2
27544, 1
27545, 4
27546, 3
27547, 2
27548, 3
27549, 2
27550, 3
27551, 3
27552, 2
27555, 1
27556, 2
27557, 5
27558, 2
27559, 2
27560, 1
27561, 1
27563, 3
27564, 3
27565, 3
27566, 4
27567, 1
27568, 2
27569, 3
27570, 3
27571, 1
27572, 2
27573, 5
27574, 2
27575, 2
27577, 3
27578, 3
27579, 2
27580, 5
27581, 2
27582, 7
27583, 5
27584, 5
27585, 1
27586, 2
27587, 1
27588, 7
27589, 5
27590, 7
27591, 2
27592, 4
27593, 1
27594, 2
27595, 1
27596, 5
27597, 1
27598, 3
27599, 7
27600, 3
27601, 4
27602, 3
27603, 3
27604, 3
27605, 10
27606, 1
27607, 7
27608, 3
27609, 5
27610, 5
27611, 1
27612, 6
27613, 5
27614, 4
27615, 1
27616, 4
27617, 4
27618, 3
27619, 1
27620, 3
27621, 5
27622, 6
27623, 1
27624, 4
27625, 2
27626, 4
27627, 2
27628, 1
27629, 3
27630, 2
27631, 2
27632, 3
27633, 2
27634, 1
27635, 2
27636, 4
27637, 4
27640, 1
27642, 4
27643, 4
27644, 2
27645, 2
27646, 1
27648, 1
27649, 3
27650, 4
27651, 4
27652, 2
27653, 1
27654, 2
27655, 3
27656, 2
27657, 1
27658, 6
27659, 2
27660, 2
27661, 1
27662, 2
27663, 2
27664, 2
27665, 4
27666, 3
27667, 7
27668, 6
27669, 3
27670, 3
27671, 2
27672, 2
27673, 4
27674, 7
27675, 6
27676, 2
27677, 6
27678, 2
27680, 2
27681, 1
27682, 4
27683, 2
27684, 5
27685, 5
27686, 5
27687, 1
27688, 1
27689, 6
27690, 6
27691, 8
27692, 1
27693, 9
27694, 3
27695, 3
27696, 4
27697, 3
27698, 5
27699, 3
27700, 4
27701, 4
27702, 4
27703, 2
27704, 3
27705, 2
27706, 2
27707, 9
27708, 3
27709, 3
27710, 1
27711, 6
27713, 2
27715, 4
27716, 1
27717, 4
27718, 2
27719, 2
27720, 2
27721, 2
27722, 5
27723, 1
27726, 1
27727, 3
27728, 3
27729, 2
27730, 3
27731, 1
27732, 1
27734, 2
27735, 5
27736, 3
27737, 3
27738, 3
27740, 3
27741, 1
27742, 3
27743, 2
27744, 6
27746, 3
27748, 3
27749, 3
27750, 4
27751, 3
27752, 4
27753, 7
27754, 4
27755, 4
27756, 2
27757, 2
27758, 2
27759, 6
27760, 7
27761, 4
27762, 4
27763, 2
27764, 2
27765, 1
27766, 1
27767, 4
27768, 1
27769, 4
27770, 7
27771, 2
27772, 5
27773, 1
27774, 5
27775, 3
27776, 7
27777, 7
27778, 3
27779, 7
27780, 2
27781, 2
27782, 5
27783, 5
27784, 5
27785, 4
27786, 1
27787, 6
27788, 3
27789, 1
27790, 2
27791, 3
27792, 8
27793, 2
27794, 2
27795, 4
27796, 3
27797, 3
27798, 3
27800, 2
27801, 3
27802, 3
27803, 3
27805, 2
27806, 2
27807, 4
27808, 2
27809, 2
27812, 1
27813, 4
27814, 3
27815, 3
27816, 2
27817, 1
27819, 1
27820, 3
27821, 5
27822, 3
27823, 1
27824, 3
27825, 2
27826, 2
27827, 1
27828, 3
27829, 6
27831, 3
27832, 1
27833, 2
27834, 2
27835, 3
27836, 4
27837, 1
27838, 4
27839, 12
27840, 2
27841, 4
27843, 3
27844, 3
27845, 8
27846, 5
27847, 4
27848, 4
27849, 1
27850, 1
27851, 2
27852, 3
27853, 2
27854, 2
27855, 6
27856, 4
27857, 4
27858, 2
27859, 7
27861, 4
27862, 9
27863, 4
27864, 4
27865, 7
27866, 1
27867, 5
27868, 5
27869, 3
27870, 5
27871, 4
27872, 3
27873, 4
27874, 2
27875, 2
27877, 5
27878, 7
27879, 3
27880, 3
27881, 3
27882, 2
27883, 3
27884, 2
27886, 4
27887, 1
27888, 4
27889, 1
27890, 2
27891, 3
27892, 3
27893, 2
27894, 3
27897, 1
27898, 2
27899, 3
27900, 4
27901, 1
27902, 2
27903, 1
27904, 1
27905, 2
27906, 3
27907, 3
27908, 4
27909, 2
27910, 1
27911, 3
27912, 2
27913, 2
27914, 4
27915, 1
27916, 3
27917, 3
27918, 2
27919, 1
27920, 3
27921, 5
27922, 1
27923, 5
27924, 6
27925, 5
27926, 3
27927, 4
27928, 1
27929, 3
27930, 3
27931, 9
27932, 4
27933, 4
27934, 2
27935, 2
27937, 2
27938, 3
27939, 4
27940, 3
27941, 5
27942, 6
27943, 1
27944, 2
27945, 6
27946, 3
27947, 6
27948, 6
27949, 4
27950, 6
27951, 3
27952, 6
27953, 2
27954, 4
27955, 4
27956, 5
27957, 2
27958, 5
27959, 2
27960, 4
27961, 1
27962, 3
27963, 4
27964, 5
27965, 3
27966, 4
27967, 1
27968, 3
27969, 4
27972, 5
27973, 5
27974, 1
27976, 4
27978, 4
27979, 4
27982, 1
27984, 5
27985, 3
27986, 2
27987, 1
27988, 1
27989, 2
27990, 1
27991, 3
27992, 3
27993, 4
27994, 1
27995, 3
27996, 2
27997, 2
27998, 3
27999, 2
28000, 4
28001, 2
28002, 3
28004, 2
28005, 2
28006, 4
28007, 3
28008, 3
28009, 4
28010, 10
28011, 1
28012, 4
28013, 2
28014, 1
28015, 4
28016, 10
28017, 2
28018, 5
28019, 4
28021, 2
28022, 2
28023, 2
28024, 3
28025, 2
28026, 5
28027, 6
28028, 3
28029, 3
28030, 5
28031, 1
28032, 3
28033, 10
28034, 4
28035, 7
28036, 4
28037, 2
28038, 4
28039, 5
28040, 4
28041, 4
28042, 2
28043, 5
28044, 3
28045, 4
28046, 1
28047, 2
28048, 5
28049, 5
28050, 3
28051, 3
28052, 1
28053, 4
28054, 3
28055, 2
28057, 3
28058, 3
28059, 3
28060, 2
28061, 3
28062, 1
28063, 3
28064, 2
28065, 3
28068, 1
28069, 3
28070, 3
28071, 5
28072, 1
28074, 1
28075, 1
28076, 3
28077, 2
28078, 5
28079, 1
28080, 3
28081, 2
28082, 1
28083, 3
28084, 2
28085, 2
28086, 5
28087, 3
28088, 1
28089, 1
28090, 3
28091, 3
28092, 1
28093, 5
28094, 1
28095, 10
28096, 4
28097, 4
28098, 3
28099, 1
28100, 2
28101, 9
28102, 1
28103, 7
28104, 5
28105, 1
28106, 2
28108, 3
28109, 4
28111, 3
28112, 8
28113, 4
28114, 3
28115, 5
28116, 1
28117, 3
28118, 8
28119, 6
28120, 4
28121, 4
28122, 5
28123, 5
28124, 2
28125, 5
28126, 4
28127, 4
28128, 2
28129, 5
28130, 2
28131, 3
28132, 1
28133, 4
28134, 6
28135, 5
28136, 3
28137, 1
28138, 2
28139, 5
28140, 1
28141, 1
28142, 2
28143, 3
28144, 3
28145, 3
28147, 3
28148, 3
28149, 3
28150, 1
28151, 2
28153, 1
28155, 5
28156, 4
28157, 2
28158, 1
28159, 1
28161, 1
28162, 6
28163, 1
28164, 4
28165, 2
28166, 2
28168, 3
28169, 4
28170, 2
28171, 2
28172, 4
28173, 3
28174, 1
28175, 2
28176, 2
28177, 3
28178, 3
28179, 4
28180, 3
28181, 8
28182, 5
28183, 1
28184, 2
28185, 3
28186, 4
28187, 8
28188, 4
28189, 3
28190, 5
28191, 1
28192, 2
28193, 1
28194, 2
28195, 3
28196, 1
28197, 8
28198, 6
28199, 2
28200, 1
28201, 2
28202, 5
28203, 7
28204, 6
28205, 3
28206, 7
28207, 5
28208, 2
28209, 4
28210, 5
28211, 5
28212, 3
28213, 4
28214, 1
28215, 6
28216, 3
28217, 1
28218, 2
28219, 2
28220, 10
28221, 1
28222, 3
28223, 3
28224, 3
28225, 4
28228, 5
28229, 1
28230, 4
28231, 1
28232, 2
28233, 2
28234, 3
28235, 3
28236, 2
28238, 1
28240, 2
28241, 4
28242, 5
28243, 1
28244, 1
28246, 1
28247, 2
28248, 4
28249, 4
28250, 1
28251, 3
28252, 1
28253, 3
28254, 3
28256, 4
28257, 3
28258, 3
28259, 2
28260, 2
28261, 1
28262, 4
28263, 3
28264, 2
28265, 6
28266, 4
28267, 6
28268, 4
28269, 3
28270, 1
28271, 3
28272, 8
28273, 3
28274, 6
28275, 2
28276, 3
28277, 2
28278, 1
28279, 1
28280, 5
28281, 2
28282, 1
28283, 7
28284, 5
28285, 3
28286, 1
28287, 5
28288, 4
28289, 11
28290, 2
28291, 2
28292, 8
28293, 2
28294, 4
28295, 5
28296, 6
28297, 4
28298, 2
28299, 2
28300, 5
28301, 4
28302, 2
28303, 1
28304, 2
28305, 8
28306, 4
28307, 2
28308, 2
28309, 3
28310, 5
28311, 1
28313, 2
28314, 3
28315, 4
28316, 2
28317, 1
28318, 3
28319, 2
28320, 2
28321, 4
28324, 1
28325, 2
28326, 2
28327, 5
28328, 2
28329, 1
28330, 1
28332, 3
28333, 3
28334, 2
28335, 4
28336, 2
28337, 2
28338, 2
28339, 2
28340, 2
28341, 3
28342, 2
28343, 5
28344, 2
28346, 3
28347, 1
28348, 3
28349, 4
28350, 3
28351, 7
28352, 5
28353, 6
28354, 1
28355, 3
28356, 2
28357, 3
28358, 9
28359, 2
28360, 5
28361, 4
28362, 1
28363, 2
28364, 1
28365, 4
28366, 1
28367, 2
28368, 8
28369, 3
28370, 4
28371, 1
28372, 5
28373, 3
28374, 4
28375, 8
28376, 3
28377, 8
28378, 4
28379, 2
28380, 6
28381, 4
28382, 4
28383, 4
28384, 1
28385, 4
28386, 4
28387, 3
28388, 2
28389, 2
28390, 3
28391, 8
28392, 2
28393, 4
28394, 2
28395, 4
28396, 2
28397, 1
28399, 5
28400, 1
28401, 3
28402, 2
28403, 3
28404, 1
28405, 3
28406, 4
28407, 1
28409, 1
28411, 1
28412, 6
28413, 3
28414, 2
28415, 1
28418, 3
28419, 5
28420, 4
28422, 3
28423, 1
28424, 4
28425, 2
28426, 1
28427, 5
28428, 2
28429, 3
28430, 1
28431, 3
28432, 1
28433, 3
28434, 3
28435, 4
28436, 1
28437, 12
28438, 3
28439, 1
28440, 3
28441, 2
28442, 4
28443, 4
28444, 9
28445, 3
28446, 4
28447, 1
28448, 2
28449, 1
28450, 2
28451, 4
28452, 2
28453, 7
28454, 1
28455, 6
28456, 2
28457, 3
28458, 4
28459, 5
28460, 5
28461, 6
28462, 5
28463, 7
28464, 1
28465, 5
28466, 4
28467, 4
28468, 4
28469, 3
28470, 4
28471, 4
28472, 3
28473, 2
28475, 2
28476, 8
28477, 5
28478, 3
28479, 3
28481, 5
28482, 2
28484, 3
28485, 3
28486, 2
28487, 2
28488, 1
28489, 4
28490, 2
28491, 4
28492, 2
28495, 1
28496, 2
28497, 3
28498, 2
28499, 4
28500, 1
28502, 1
28503, 1
28504, 4
28505, 3
28506, 4
28507, 3
28508, 1
28509, 1
28510, 4
28511, 1
28512, 2
28513, 6
28515, 4
28516, 1
28517, 3
28518, 1
28519, 4
28520, 3
28521, 3
28522, 5
28523, 8
28524, 3
28525, 2
28526, 3
28527, 1
28528, 3
28529, 8
28530, 7
28531, 4
28532, 2
28533, 1
28534, 2
28535, 1
28536, 3
28537, 2
28538, 3
28539, 7
28540, 4
28541, 3
28542, 1
28543, 7
28545, 9
28546, 5
28547, 3
28548, 9
28549, 2
28550, 2
28551, 5
28552, 4
28553, 6
28554, 4
28555, 2
28556, 1
28557, 6
28558, 4
28560, 2
28561, 5
28562, 7
28563, 1
28564, 4
28565, 2
28566, 4
28567, 2
28568, 1
28569, 2
28570, 3
28571, 1
28572, 4
28573, 1
28574, 2
28575, 2
28576, 3
28577, 4
28578, 1
28581, 1
28582, 4
28583, 3
28584, 3
28585, 1
28586, 1
28587, 1
28588, 1
28589, 3
28590, 4
28591, 3
28592, 2
28593, 3
28595, 3
28596, 3
28597, 1
28598, 4
28599, 4
28600, 3
28602, 2
28603, 2
28604, 3
28605, 3
28606, 4
28607, 2
28608, 9
28609, 5
28610, 2
28611, 2
28612, 2
28613, 2
28614, 7
28615, 6
28616, 4
28617, 4
28618, 2
28619, 2
28620, 2
28621, 3
28622, 2
28623, 1
28624, 3
28625, 9
28626, 3
28627, 2
28628, 4
28629, 3
28630, 5
28631, 5
28632, 6
28633, 3
28634, 8
28635, 2
28636, 3
28637, 5
28638, 5
28639, 4
28640, 3
28641, 4
28642, 3
28643, 3
28644, 2
28645, 3
28646, 2
28647, 9
28648, 2
28649, 2
28650, 3
28651, 1
28652, 6
28653, 1
28655, 2
28656, 4
28657, 3
28658, 2
28659, 1
28660, 3
28661, 2
28662, 3
28663, 3
28666, 1
28667, 2
28668, 3
28669, 4
28670, 2
28671, 1
28673, 1
28674, 2
28675, 5
28676, 1
28677, 4
28678, 2
28679, 2
28680, 2
28681, 3
28682, 1
28683, 3
28684, 4
28685, 4
28686, 1
28687, 1
28688, 2
28689, 3
28690, 2
28691, 4
28692, 3
28693, 8
28694, 5
28695, 4
28696, 2
28697, 2
28699, 8
28700, 4
28701, 6
28702, 4
28703, 3
28704, 2
28705, 1
28706, 1
28707, 3
28708, 2
28709, 3
28710, 7
28711, 5
28712, 2
28713, 2
28714, 6
28715, 3
28716, 6
28717, 6
28718, 3
28719, 6
28720, 4
28721, 5
28722, 3
28723, 4
28724, 4
28725, 4
28726, 3
28727, 4
28728, 3
28729, 2
28730, 2
28731, 3
28732, 6
28733, 5
28734, 3
28735, 1
28736, 3
28737, 4
28738, 3
28740, 2
28741, 3
28742, 2
28743, 3
28744, 1
28745, 3
28746, 2
28747, 3
28748, 2
28749, 2
28751, 1
28753, 5
28754, 2
28755, 3
28756, 1
28757, 2
28759, 2
28760, 2
28761, 3
28762, 4
28763, 2
28764, 3
28765, 1
28766, 2
28767, 4
28768, 1
28769, 3
28770, 4
28771, 3
28773, 3
28774, 2
28775, 2
28776, 4
28777, 3
28778, 6
28779, 3
28780, 6
28781, 3
28782, 2
28783, 2
28784, 4
28785, 8
28786, 5
28787, 2
28788, 6
28790, 2
28791, 2
28792, 2
28793, 2
28794, 3
28795, 5
28796, 4
28797, 4
28798, 3
28799, 2
28800, 5
28801, 6
28802, 7
28803, 3
28804, 5
28805, 6
28806, 2
28807, 4
28808, 4
28809, 6
28810, 4
28811, 3
28812, 3
28813, 4
28814, 2
28815, 3
28816, 1
28817, 4
28818, 7
28819, 2
28820, 3
28821, 3
28822, 3
28823, 4
28824, 1
28826, 4
28827, 1
28828, 3
28829, 3
28830, 3
28831, 1
28833, 6
28834, 2
28837, 1
28838, 2
28839, 4
28840, 3
28841, 2
28842, 1
28843, 1
28844, 1
28845, 1
28846, 3
28847, 4
28848, 3
28849, 3
28850, 1
28851, 3
28852, 1
28853, 3
28854, 1
28855, 6
28856, 2
28857, 2
28858, 1
28859, 2
28860, 3
28861, 3
28862, 3
28863, 3
28864, 8
28865, 5
28866, 2
28867, 4
28868, 2
28869, 2
28870, 6
28871, 6
28872, 5
28873, 4
28874, 2
28875, 1
28876, 2
28877, 1
28878, 4
28879, 1
28880, 2
28881, 8
28882, 5
28883, 3
28884, 1
28885, 4
28886, 4
28887, 8
28888, 6
28889, 4
28890, 5
28891, 3
28892, 4
28893, 2
28894, 7
28895, 4
28896, 4
28897, 2
28898, 4
28899, 3
28900, 4
28902, 3
28903, 5
28904, 6
28905, 2
28906, 4
28907, 2
28908, 4
28909, 1
28910, 1
28911, 3
28912, 2
28913, 1
28914, 5
28916, 4
28917, 1
28918, 3
28919, 3
28920, 1
28922, 1
28924, 4
28925, 4
28926, 2
28927, 2
28929, 1
28930, 2
28931, 2
28932, 4
28933, 3
28934, 2
28935, 3
28936, 1
28937, 2
28938, 3
28939, 1
28940, 5
28941, 3
28942, 3
28944, 2
28945, 3
28946, 3
28947, 3
28948, 3
28949, 4
28950, 6
28951, 6
28952, 2
28953, 4
28955, 3
28956, 5
28957, 9
28958, 2
28959, 6
28961, 2
28962, 2
28963, 2
28964, 3
28965, 1
28966, 7
28967, 5
28968, 2
28969, 3
28970, 6
28971, 1
28972, 7
28973, 6
28974, 3
28975, 5
28976, 7
28977, 1
28978, 5
28979, 5
28980, 5
28981, 3
28982, 2
28983, 3
28984, 5
28985, 3
28986, 2
28988, 4
28989, 9
28990, 2
28991, 2
28992, 3
28993, 4
28994, 2
28995, 2
28997, 2
28998, 3
28999, 4
29000, 2
29001, 3
29002, 1
29003, 2
29004, 3
29005, 3
29008, 1
29009, 1
29010, 5
29011, 2
29012, 3
29013, 1
29014, 1
29015, 1
29016, 2
29017, 4
29018, 1
29019, 4
29020, 2
29021, 2
29022, 2
29023, 3
29024, 2
29025, 2
29026, 4
29027, 2
29028, 3
29029, 2
29030, 2
29031, 1
29032, 3
29033, 4
29034, 2
29035, 8
29036, 7
29037, 2
29038, 3
29039, 2
29040, 2
29041, 5
29042, 8
29043, 4
29044, 4
29045, 2
29046, 2
29047, 1
29048, 1
29049, 4
29050, 1
29051, 4
29052, 6
29053, 2
29054, 6
29056, 7
29057, 3
29058, 7
29059, 5
29060, 4
29061, 8
29062, 1
29063, 4
29064, 2
29065, 7
29066, 3
29067, 5
29068, 1
29069, 4
29070, 4
29071, 3
29072, 1
29073, 3
29074, 8
29075, 2
29076, 3
29077, 4
29078, 1
29079, 4
29080, 2
29081, 1
29082, 1
29083, 4
29084, 3
29085, 2
29086, 1
29087, 3
29088, 2
29089, 4
29090, 2
29091, 1
29093, 1
29095, 4
29096, 4
29097, 3
29098, 1
29099, 1
29101, 1
29102, 2
29103, 5
29104, 4
29105, 2
29106, 2
29107, 3
29109, 2
29110, 2
29111, 5
29112, 3
29113, 2
29114, 1
29115, 2
29116, 2
29117, 2
29118, 4
29119, 5
29120, 4
29121, 5
29122, 5
29123, 4
29124, 2
29125, 2
29126, 3
29127, 8
29128, 5
29129, 2
29130, 6
29131, 1
29132, 1
29133, 2
29134, 4
29135, 1
29136, 2
29137, 6
29138, 4
29139, 3
29140, 3
29141, 3
29142, 5
29143, 6
29144, 4
29145, 5
29146, 6
29147, 5
29148, 3
29149, 4
29150, 5
29151, 4
29152, 5
29153, 2
29154, 2
29155, 5
29156, 4
29157, 1
29158, 1
29159, 4
29160, 6
29161, 4
29162, 4
29163, 2
29164, 3
29165, 2
29166, 2
29168, 3
29169, 3
29170, 4
29172, 4
29173, 1
29174, 4
29175, 2
29176, 2
29178, 1
29180, 4
29181, 2
29182, 3
29183, 2
29184, 1
29185, 1
29186, 1
29187, 3
29188, 1
29189, 4
29190, 3
29191, 4
29193, 4
29194, 1
29195, 2
29196, 3
29197, 4
29198, 2
29199, 2
29200, 1
29201, 3
29202, 2
29203, 2
29204, 4
29205, 3
29206, 7
29207, 6
29208, 5
29210, 3
29211, 3
29212, 6
29213, 6
29214, 3
29215, 5
29216, 2
29217, 1
29218, 1
29219, 3
29220, 3
29221, 1
29222, 3
29223, 7
29224, 3
29225, 5
29226, 4
29227, 1
29228, 4
29229, 5
29230, 8
29231, 5
29232, 7
29233, 2
29234, 2
29235, 5
29236, 5
29237, 4
29238, 4
29239, 1
29240, 5
29241, 3
29242, 3
29243, 1
29244, 3
29245, 2
29246, 9
29247, 4
29248, 1
29249, 2
29250, 5
29251, 2
29253, 1
29254, 4
29255, 4
29256, 1
29257, 2
29258, 3
29259, 2
29260, 3
29261, 2
29262, 1
29265, 1
29266, 6
29267, 1
29268, 3
29269, 1
29270, 2
29272, 1
29273, 5
29274, 2
29275, 4
29276, 3
29278, 3
29279, 2
29280, 2
29281, 2
29282, 3
29283, 4
29284, 2
29285, 1
29286, 3
29287, 2
29288, 2
29289, 3
29290, 5
29292, 11
29293, 4
29294, 4
29295, 2
29296, 1
29297, 3
29298, 7
29299, 8
29300, 1
29301, 5
29303, 2
29304, 1
29305, 6
29307, 3
29308, 3
29309, 8
29310, 1
29311, 3
29312, 6
29313, 2
29314, 6
29315, 6
29316, 3
29317, 4
29318, 8
29319, 1
29320, 5
29321, 3
29322, 6
29323, 3
29324, 4
29325, 2
29326, 5
29327, 3
29328, 2
29329, 1
29330, 5
29331, 7
29332, 2
29333, 2
29334, 4
29335, 3
29336, 3
29337, 1
29339, 4
29340, 1
29341, 4
29342, 2
29343, 2
29344, 2
29345, 3
29346, 3
29347, 2
29350, 1
29351, 3
29352, 3
29353, 4
29354, 1
29355, 1
29356, 1
29357, 1
29358, 2
29359, 4
29360, 3
29361, 3
29362, 1
29363, 2
29364, 2
29365, 2
29366, 3
29367, 3
29368, 4
29369, 3
29370, 1
29371, 2
29372, 1
29373, 2
29374, 4
29375, 4
29376, 4
29377, 4
29378, 7
29379, 3
29380, 3
29381, 2
29382, 3
29383, 3
29384, 6
29385, 7
29386, 6
29388, 2
29389, 2
29390, 1
29391, 4
29393, 6
29394, 4
29395, 5
29396, 3
29397, 1
29398, 6
29399, 5
29400, 6
29401, 4
29402, 2
29403, 8
29404, 4
29405, 3
29406, 4
29407, 4
29408, 5
29409, 4
29410, 2
29411, 4
29412, 5
29413, 1
29414, 2
29415, 1
29416, 10
29417, 1
29418, 3
29419, 3
29420, 2
29421, 4
29422, 3
29424, 3
29425, 2
29426, 2
29427, 3
29428, 1
29429, 4
29431, 4
29432, 4
29435, 1
29436, 1
29437, 4
29438, 4
29439, 2
29440, 1
29441, 1
29443, 2
29444, 3
29445, 2
29446, 5
29447, 1
29448, 3
29449, 3
29450, 1
29451, 3
29452, 1
29453, 4
29454, 3
29455, 3
29456, 1
29457, 2
29458, 2
29459, 3
29460, 4
29461, 2
29462, 4
29463, 8
29464, 4
29465, 4
29467, 4
29468, 2
29469, 8
29470, 5
29471, 4
29472, 4
29473, 1
29474, 1
29475, 2
29476, 2
29477, 3
29478, 2
29479, 7
29480, 3
29481, 3
29482, 4
29483, 3
29484, 3
29485, 7
29486, 6
29487, 4
29488, 8
29489, 3
29490, 2
29491, 4
29492, 7
29493, 1
29494, 5
29495, 3
29496, 3
29497, 5
29498, 1
29499, 3
29500, 1
29501, 3
29502, 8
29503, 4
29504, 3
29505, 2
29506, 3
29507, 3
29508, 1
29510, 3
29511, 3
29512, 2
29513, 3
29514, 3
29515, 1
29516, 3
29517, 2
29518, 3
29520, 1
29522, 2
29523, 4
29524, 3
29525, 2
29526, 2
29528, 1
29529, 3
29530, 3
29531, 2
29532, 4
29533, 2
29534, 1
29535, 3
29536, 1
29537, 3
29538, 2
29539, 6
29540, 1
29541, 2
29542, 1
29543, 4
29544, 2
29545, 3
29546, 3
29547, 4
29548, 5
29549, 5
29550, 5
29551, 2
29552, 2
29553, 3
29554, 4
29555, 7
29556, 6
29557, 5
29559, 1
29560, 1
29561, 3
29562, 4
29563, 2
29564, 2
29565, 8
29566, 3
29567, 3
29568, 1
29569, 5
29570, 6
29571, 8
29572, 3
29573, 3
29574, 7
29575, 2
29576, 2
29577, 6
29578, 5
29579, 4
29580, 4
29581, 2
29582, 5
29583, 2
29584, 3
29585, 2
29586, 3
29587, 7
29588, 2
29589, 4
29590, 3
29591, 1
29592, 5
29593, 1
29594, 1
29595, 3
29596, 2
29597, 2
29598, 4
29599, 1
29600, 2
29601, 2
29602, 3
29603, 3
29604, 1
29606, 1
29608, 5
29609, 2
29610, 3
29611, 2
29613, 1
29614, 2
29615, 1
29616, 6
29617, 3
29618, 2
29619, 2
29620, 1
29621, 3
29622, 2
29623, 3
29624, 4
29625, 2
29626, 2
29627, 1
29628, 3
29629, 2
29630, 4
29631, 3
29632, 3
29633, 7
29634, 6
29635, 4
29636, 1
29637, 3
29638, 3
29639, 2
29640, 9
29641, 2
29642, 6
29643, 3
29645, 2
29646, 1
29647, 4
29648, 2
29649, 2
29650, 6
29651, 7
29652, 2
29653, 1
29654, 6
29655, 1
29656, 5
29657, 10
29658, 1
29659, 5
29660, 7
29661, 1
29662, 5
29663, 4
29664, 7
29665, 4
29666, 1
29667, 3
29668, 3
29669, 5
29670, 1
29671, 2
29672, 6
29673, 4
29674, 3
29675, 4
29676, 1
29677, 4
29678, 4
29680, 1
29681, 3
29682, 3
29683, 3
29684, 1
29685, 2
29686, 2
29687, 3
29688, 4
29689, 1
29692, 1
29693, 3
29694, 4
29695, 3
29696, 1
29697, 1
29698, 1
29699, 1
29700, 3
29701, 2
29702, 6
29703, 1
29704, 2
29705, 1
29706, 4
29707, 2
29708, 1
29709, 5
29710, 1
29711, 4
29712, 1
29714, 4
29715, 2
29716, 4
29717, 3
29718, 2
29719, 10
29720, 5
29722, 4
29723, 2
29724, 3
29725, 5
29726, 9
29727, 3
29728, 4
29729, 1
29730, 2
29731, 2
29733, 5
29735, 5
29736, 6
29737, 4
29738, 3
29739, 1
29740, 6
29741, 4
29742, 6
29743, 6
29744, 3
29745, 8
29746, 1
29747, 6
29748, 2
29749, 7
29750, 3
29751, 3
29752, 3
29753, 5
29754, 1
29755, 3
29756, 2
29757, 2
29758, 3
29759, 8
29760, 2
29761, 4
29762, 2
29763, 3
29764, 3
29766, 4
29767, 2
29768, 4
29769, 1
29770, 1
29771, 3
29772, 2
29773, 2
29774, 4
29777, 1
29779, 5
29780, 4
29781, 2
29782, 1
29783, 1
29784, 1
29785, 2
29786, 2
29787, 3
29788, 4
29789, 1
29790, 3
29791, 2
29792, 2
29793, 2
29794, 2
29795, 5
29796, 2
29797, 3
29799, 4
29801, 5
29802, 3
29803, 2
29804, 3
29805, 10
29806, 5
29807, 2
29808, 2
29809, 2
29810, 2
29811, 10
29812, 4
29813, 4
29814, 3
29815, 2
29817, 1
29818, 4
29819, 2
29820, 3
29821, 6
29822, 5
29823, 3
29824, 2
29825, 4
29826, 2
29827, 10
29828, 2
29829, 4
29830, 8
29831, 4
29832, 1
29833, 6
29834, 5
29835, 5
29836, 2
29837, 4
29838, 4
29839, 2
29840, 3
29841, 2
29842, 2
29843, 6
29844, 3
29845, 5
29846, 2
29847, 3
29848, 1
29849, 5
29850, 1
29851, 1
29852, 2
29853, 3
29854, 4
29855, 1
29856, 2
29857, 2
29858, 3
29859, 4
29860, 1
29863, 1
29864, 5
29865, 2
29866, 2
29867, 3
29869, 1
29870, 1
29871, 2
29872, 4
29873, 2
29874, 4
29875, 3
29877, 3
29878, 3
29879, 1
29880, 4
29881, 1
29882, 5
29883, 1
29884, 1
29885, 3
29886, 2
29887, 4
29888, 2
29889, 5
29890, 8
29891, 5
29892, 2
29893, 2
29894, 2
29895, 3
29896, 6
29897, 6
29898, 5
29899, 5
29901, 2
29902, 1
29903, 2
29904, 4
29905, 1
29906, 3
29907, 8
29908, 3
29909, 3
29910, 1
29911, 6
29912, 6
29913, 7
29914, 3
29915, 4
29916, 7
29917, 2
29918, 5
29919, 3
29920, 4
29921, 6
29922, 2
29923, 3
29924, 4
29925, 2
29926, 3
29927, 2
29928, 3
29929, 6
29930, 5
29931, 4
29932, 1
29933, 3
29934, 2
29935, 3
29937, 1
29938, 5
29939, 3
29940, 1
29941, 2
29942, 3
29943, 1
29944, 3
29945, 4
29948, 1
29949, 1
29950, 6
29951, 1
29952, 4
29954, 1
29955, 1
29956, 2
29957, 1
29958, 4
29959, 4
29960, 2
29961, 2
29962, 1
29963, 3
29964, 2
29965, 2
29966, 4
29967, 4
29968, 2
29969, 1
29970, 2
29971, 2
29972, 3
29973, 3
29974, 4
29975, 5
29976, 7
29977, 3
29978, 4
29979, 2
29980, 2
29981, 5
29982, 7
29983, 4
29984, 5
29985, 2
29987, 2
29988, 2
29989, 5
29991, 3
29992, 7
29993, 4
29994, 4
29995, 1
29996, 4
29997, 3
29998, 6
29999, 6
30000, 4
30001, 6
30002, 5
30003, 4
30004, 2
30005, 5
30006, 4
30007, 6
30008, 1
30009, 5
30010, 2
30011, 3
30012, 2
30013, 1
30014, 6
30015, 7
30016, 1
30017, 4
30018, 2
30019, 3
30020, 3
30021, 1
30022, 1
30023, 4
30024, 1
30025, 3
30026, 2
30027, 3
30028, 1
30029, 4
30030, 3
30031, 1
30034, 1
30035, 4
30036, 4
30037, 2
30038, 1
30039, 1
30040, 1
30041, 1
30042, 2
30043, 5
30044, 3
30045, 2
30046, 3
30048, 3
30049, 2
30050, 2
30051, 4
30052, 2
30053, 5
30056, 5
30057, 1
30058, 4
30059, 3
30060, 3
30061, 9
30062, 5
30063, 3
30064, 1
30065, 2
30066, 4
30067, 6
30068, 4
30069, 5
30070, 4
30071, 2
30072, 2
30073, 2
30074, 1
30075, 3
30076, 2
30077, 5
30078, 6
30079, 3
30080, 3
30081, 5
30082, 2
30083, 6
30084, 4
30085, 4
30086, 6
30087, 7
30088, 2
30089, 4
30090, 2
30091, 6
30092, 2
30093, 3
30094, 3
30095, 5
30096, 3
30098, 3
30099, 2
30100, 8
30101, 2
30102, 2
30103, 1
30104, 4
30105, 3
30108, 3
30109, 2
30110, 2
30111, 3
30112, 1
30113, 2
30114, 1
30115, 1
30116, 2
30117, 1
30119, 1
30121, 2
30122, 1
30123, 1
30124, 1
30127, 1
30129, 2
30130, 1
30131, 1
30132, 1
30133, 1
30137, 1
30139, 1
