0, 3
2, 2
3, 2
4, 1
5, 3
6, 4
7, 3
8, 3
9, 2
10, 4
11, 2
12, 3
13, 5
14, 1
15, 3
16, 3
17, 11
18, 6
19, 1
20, 4
21, 4
22, 5
23, 3
24, 4
25, 5
26, 5
27, 5
28, 10
29, 5
30, 3
31, 4
32, 3
33, 5
34, 7
35, 17
36, 6
37, 9
38, 8
39, 8
40, 4
41, 1
92, 1
112, 1
115, 2
139, 1
141, 1
143, 3
144, 1
145, 1
146, 2
147, 2
148, 2
149, 4
150, 7
151, 4
152, 1
153, 3
154, 4
155, 4
156, 7
157, 3
158, 4
159, 8
160, 11
161, 8
162, 4
163, 11
164, 9
165, 5
166, 3
167, 9
168, 9
169, 9
170, 3
171, 14
172, 23
173, 14
174, 7
175, 15
176, 13
177, 16
178, 16
179, 11
180, 7
181, 18
182, 12
183, 6
184, 7
185, 5
186, 11
187, 19
188, 12
189, 13
190, 26
191, 14
192, 11
193, 5
194, 17
195, 27
196, 7
197, 12
198, 30
199, 28
200, 19
201, 20
202, 12
203, 10
204, 39
205, 24
206, 55
207, 23
208, 24
209, 32
210, 30
211, 28
212, 23
213, 36
214, 32
215, 27
216, 43
217, 24
218, 19
219, 12
220, 17
221, 29
222, 39
223, 38
224, 27
225, 30
226, 9
227, 21
228, 15
229, 11
230, 17
231, 5
232, 6
233, 9
234, 16
235, 20
236, 19
237, 16
238, 24
239, 11
240, 14
241, 12
242, 21
243, 21
244, 15
245, 12
246, 10
247, 7
248, 25
249, 14
250, 13
251, 15
252, 24
253, 9
254, 16
255, 15
256, 17
257, 12
258, 11
259, 9
260, 11
261, 8
262, 4
263, 3
264, 17
265, 15
266, 3
267, 8
268, 5
269, 9
270, 24
271, 9
272, 12
273, 3
274, 5
275, 8
278, 2
279, 5
280, 6
281, 6
284, 5
287, 2
288, 1
290, 2
292, 4
296, 1
297, 2
301, 1
303, 2
304, 4
305, 2
306, 3
309, 3
316, 2
642, 2
643, 2
646, 5
647, 1
648, 4
649, 4
652, 5
653, 3
654, 2
655, 1
656, 8
657, 1
660, 1
661, 3
662, 4
663, 2
666, 1
668, 1
669, 1
670, 1
671, 2
672, 4
673, 5
674, 8
675, 2
676, 4
677, 7
679, 3
680, 1
681, 3
683, 1
684, 4
713, 2
723, 1
724, 5
727, 3
728, 3
729, 3
732, 4
733, 2
734, 2
735, 4
737, 1
741, 1
742, 6
743, 15
744, 5
745, 1
748, 2
751, 8
752, 5
753, 3
754, 2
755, 5
756, 3
757, 7
758, 5
759, 6
760, 2
762, 4
763, 4
764, 9
766, 2
767, 3
768, 5
770, 3
771, 2
772, 4
773, 6
774, 3
775, 1
776, 2
780, 3
784, 3
791, 2
972, 6
975, 3
976, 7
977, 1
980, 3
981, 6
983, 6
984, 3
985, 6
988, 6
989, 2
991, 6
992, 3
993, 1
994, 13
996, 6
1000, 6
1002, 3
1004, 5
1005, 3
1007, 5
1008, 3
1011, 6
1012, 3
1089, 3
1097, 3
2358, 1
2359, 2
2361, 5
2362, 3
2363, 1
2364, 2
2365, 6
2366, 2
2367, 2
2368, 3
2369, 3
2370, 2
2371, 1
2372, 3
2375, 3
2376, 1
2377, 2
2378, 2
2379, 1
2381, 4
2382, 4
2384, 3
2385, 1
2386, 3
2387, 2
2388, 6
2389, 2
2390, 2
2392, 3
2393, 3
2394, 3
2431, 7
2432, 9
2434, 5
2435, 10
2436, 6
2438, 5
2439, 4
2441, 20
2442, 5
2445, 7
2446, 5
2447, 12
2448, 5
2449, 5
2450, 12
2451, 7
2452, 9
2453, 15
2454, 1
2455, 4
2456, 17
2457, 11
2458, 5
2459, 7
2460, 4
2461, 3
2462, 7
2463, 5
2465, 4
2467, 7
2468, 13
2469, 9
2470, 9
2472, 3
2473, 6
2474, 2
2476, 2
2477, 5
2478, 11
2479, 8
2481, 7
2482, 3
2483, 4
2484, 7
2486, 3
2487, 3
2489, 1
2490, 7
2491, 3
2492, 2
2493, 1
2496, 1
2497, 2
2501, 2
2503, 2
2513, 2
2516, 2
2517, 1
2522, 3
2525, 3
2529, 5
2531, 2
2534, 7
2538, 3
2539, 4
2542, 3
2544, 3
2545, 2
2546, 2
2550, 2
2551, 1
2554, 6
2567, 1
2568, 2
2569, 2
2570, 2
2571, 5
2585, 2
2587, 3
2606, 2
2607, 1
2621, 2
2668, 6
2670, 6
2674, 6
2675, 6
2676, 4
2677, 2
2679, 6
2681, 6
2682, 6
2683, 5
2684, 6
2685, 10
2686, 2
2689, 7
2690, 5
2694, 3
2695, 3
2696, 4
2697, 8
2699, 8
2700, 6
2701, 15
2702, 11
2704, 6
2705, 17
2706, 6
2707, 6
2708, 5
2710, 6
2722, 10
2723, 1
2724, 6
2725, 12
2727, 6
2736, 6
2738, 12
2739, 12
2744, 3
2761, 2
2762, 2
2763, 2
2764, 3
2765, 1
2766, 1
2768, 4
2769, 1
2770, 1
2771, 3
2773, 1
2774, 3
2776, 1
2778, 5
2779, 1
2780, 3
2781, 1
2782, 1
2783, 5
2784, 3
2786, 3
2787, 3
2788, 6
2789, 1
2790, 4
2791, 4
2792, 3
2793, 1
2794, 8
2795, 8
2796, 8
2797, 1
2798, 4
2799, 6
2800, 8
2801, 7
2804, 6
2805, 11
2807, 2
2808, 3
2809, 3
2810, 5
2814, 6
2815, 3
2816, 5
2821, 3
2823, 4
2824, 3
2829, 3
2834, 3
2835, 3
2836, 7
2837, 2
2838, 11
2839, 9
2840, 11
2841, 6
2842, 4
2843, 5
2844, 5
2845, 8
2846, 9
2847, 2
2848, 1
2849, 3
2850, 10
2851, 2
2852, 10
2853, 7
2854, 4
2855, 4
2856, 9
2857, 2
2858, 8
2859, 6
2860, 3
2861, 17
2862, 24
2863, 11
2864, 9
2865, 4
2866, 9
2867, 11
2868, 9
2870, 20
2871, 10
2872, 7
2873, 5
2874, 8
2875, 12
2876, 7
2877, 9
2879, 2
2880, 3
2881, 5
2882, 7
2883, 2
2884, 2
2885, 2
2886, 1
2887, 7
2888, 3
2889, 4
2890, 3
2891, 3
2895, 2
2896, 9
2897, 5
2898, 9
2901, 12
2902, 8
2903, 3
2907, 6
2908, 2
2911, 2
2912, 1
2913, 2
2914, 4
2915, 1
2916, 3
2917, 1
2920, 3
2922, 1
2923, 1
2924, 4
2925, 6
2927, 5
2928, 9
2929, 4
2931, 8
2932, 8
2933, 9
2934, 10
2935, 6
2936, 8
2937, 2
2938, 7
2939, 4
2940, 7
2941, 14
2942, 12
2943, 4
2944, 6
2945, 14
2946, 2
2947, 8
2948, 3
2949, 19
2950, 17
2951, 5
2952, 4
2953, 2
2955, 8
2956, 13
2957, 7
2958, 14
2960, 3
2961, 2
2962, 7
2963, 10
2964, 10
2965, 6
2966, 4
2968, 6
2969, 5
2971, 6
2972, 6
2973, 4
2974, 16
2975, 13
2976, 1
2977, 10
2978, 9
2979, 8
2980, 8
2982, 2
2983, 1
2984, 2
2985, 13
2986, 3
2987, 13
2988, 3
2989, 4
2990, 2
2991, 6
2992, 2
2993, 5
2994, 5
2996, 3
2997, 2
2998, 2
2999, 7
3000, 5
3001, 2
3006, 1
3007, 3
3008, 2
3009, 6
3010, 2
3014, 2
3015, 4
3018, 4
3019, 6
3025, 2
3027, 1
3028, 2
3031, 3
3033, 1
3034, 2
3037, 5
3038, 1
3048, 2
3329, 2
3330, 2
3331, 3
3332, 2
3333, 2
3334, 1
3335, 1
3336, 3
3337, 2
3338, 4
3339, 4
3340, 6
3341, 4
3343, 4
3344, 6
3345, 3
3346, 4
3347, 2
3348, 1
3349, 4
3350, 7
3351, 2
3352, 9
3353, 4
3354, 7
3355, 8
3356, 7
3357, 8
3358, 5
3359, 12
3360, 6
3361, 12
3362, 10
3363, 2
3364, 5
3365, 7
3366, 10
3367, 13
3368, 5
3369, 3
3400, 2
3405, 2
3410, 1
3411, 2
3412, 1
3413, 1
3414, 3
3415, 1
3416, 6
3417, 3
3418, 2
3419, 1
3420, 1
3421, 1
3423, 4
3424, 1
3425, 2
3426, 4
3427, 8
3428, 5
3430, 2
3431, 4
3432, 5
3433, 5
3434, 5
3435, 8
3436, 2
3437, 11
3439, 7
3441, 7
3442, 4
3443, 3
3444, 6
3446, 1
3448, 3
3449, 2
3450, 5
3451, 9
3452, 1
3453, 1
3454, 1
3455, 4
3456, 4
3457, 2
3458, 2
3459, 4
3461, 1
3462, 1
3465, 1
3466, 4
3467, 1
3470, 1
3475, 1
3485, 2
3800, 1
3801, 1
3802, 1
3803, 1
3804, 1
3807, 1
3808, 1
3809, 1
3810, 3
3811, 4
3812, 3
3814, 1
3815, 3
3816, 1
3817, 3
3818, 13
3819, 7
3820, 6
3821, 4
3822, 8
3823, 12
3824, 4
3825, 9
3826, 8
3827, 3
3828, 7
3829, 10
3830, 6
3831, 5
3832, 4
3833, 16
3834, 12
3835, 21
3836, 17
3837, 8
3838, 16
3839, 11
3840, 4
3841, 15
3842, 2
3847, 5
3848, 6
3852, 6
3866, 2
3867, 4
3869, 7
3872, 10
3873, 1
3875, 12
3876, 7
3878, 9
3879, 8
3880, 5
3881, 6
3883, 13
3884, 11
3885, 8
3886, 10
3887, 21
3888, 20
3890, 14
3891, 4
3892, 3
3893, 19
3894, 4
3895, 14
3896, 21
3897, 34
3898, 6
3899, 14
3900, 19
3901, 16
3902, 23
3903, 30
3904, 13
3905, 44
3906, 23
3907, 27
3908, 16
3909, 19
3910, 21
3911, 17
3912, 40
3913, 12
3914, 24
3915, 26
3916, 20
3917, 31
3918, 16
3919, 17
3920, 29
3921, 26
3922, 15
3923, 31
3924, 30
3925, 25
3926, 19
3927, 23
3928, 22
3929, 20
3930, 18
3931, 11
3932, 17
3933, 13
3934, 16
3935, 4
3936, 10
3937, 7
3938, 2
3939, 9
3940, 16
3941, 4
3942, 1
3943, 12
3945, 5
3946, 13
3947, 7
3948, 7
3949, 6
3950, 7
3951, 3
3953, 2
3954, 2
3955, 6
3956, 3
3957, 4
3958, 5
3959, 1
3960, 9
3963, 2
3964, 2
3965, 3
3966, 3
3973, 1
3974, 1
3976, 2
3977, 2
3988, 3
3991, 3
3993, 1
3994, 2
3998, 1
4005, 1
4006, 2
4022, 3
4037, 2
4048, 3
4066, 3
4085, 1
4121, 2
4122, 1
4124, 3
4125, 1
4126, 1
4127, 1
4128, 5
4130, 2
4132, 11
4133, 6
4134, 2
4135, 1
4136, 7
4137, 1
4138, 3
4139, 3
4140, 4
4141, 3
4142, 8
4143, 3
4144, 11
4145, 11
4146, 11
4147, 7
4148, 11
4149, 3
4150, 18
4151, 7
4152, 11
4153, 12
4154, 12
4155, 4
4156, 11
4157, 9
4158, 22
4159, 10
4160, 10
4161, 9
4162, 2
4163, 5
4164, 6
4165, 9
4166, 4
4167, 15
4168, 8
4170, 2
4171, 12
4172, 7
4173, 1
4174, 11
4175, 1
4176, 7
4177, 5
4178, 8
4179, 3
4180, 2
4182, 4
4183, 6
4185, 2
4190, 3
4193, 11
4194, 3
4198, 4
4199, 6
4200, 13
4201, 10
4202, 12
4203, 15
4204, 4
4205, 13
4206, 22
4207, 8
4208, 13
4209, 14
4210, 13
4211, 17
4212, 11
4213, 20
4214, 8
4215, 16
4216, 30
4217, 21
4218, 15
4219, 30
4220, 9
4222, 20
4223, 19
4224, 20
4225, 14
4226, 15
4227, 27
4228, 14
4229, 19
4230, 19
4231, 5
4232, 36
4233, 36
4234, 8
4235, 38
4236, 47
4237, 6
4238, 18
4239, 6
4240, 13
4241, 13
4242, 1
4243, 10
4244, 18
4245, 3
4246, 6
4247, 13
4248, 13
4251, 4
4252, 9
4253, 17
4254, 3
4255, 6
4256, 14
4258, 9
4259, 6
4260, 11
4261, 5
4262, 6
4263, 2
4266, 15
4267, 3
4269, 5
4270, 2
4271, 6
4272, 3
4273, 2
4275, 3
4277, 4
4278, 3
4279, 10
4283, 19
4285, 6
4286, 6
4287, 5
4289, 3
4292, 6
4293, 5
4294, 4
4295, 4
4296, 8
4298, 6
4301, 12
4302, 15
4303, 7
4304, 3
4307, 4
4308, 1
4310, 5
4311, 6
4312, 11
4313, 14
4314, 7
4315, 7
4316, 1
4317, 13
4319, 3
4320, 9
4321, 3
4322, 1
4323, 8
4324, 6
4325, 5
4326, 1
4327, 2
4328, 5
4329, 11
4330, 8
4331, 3
4332, 3
4333, 9
4334, 11
4335, 7
4336, 6
4337, 6
4338, 2
4339, 4
4340, 2
4343, 10
4344, 15
4345, 5
4346, 24
4348, 10
4349, 6
4350, 7
4351, 4
4352, 8
4353, 7
4354, 11
4355, 11
4356, 13
4357, 6
4358, 11
4359, 20
4360, 8
4361, 26
4362, 30
4363, 7
4364, 11
4365, 15
4366, 14
4367, 19
4368, 21
4369, 31
4370, 17
4371, 8
4372, 27
4373, 28
4374, 20
4375, 32
4376, 31
4377, 30
4378, 16
4379, 7
4380, 17
4381, 31
4382, 24
4383, 24
4384, 32
4385, 44
4386, 14
4387, 22
4388, 23
4389, 9
4390, 21
4391, 12
4392, 16
4393, 27
4394, 8
4395, 42
4396, 24
4397, 28
4398, 38
4399, 49
4400, 8
4401, 33
4402, 57
4403, 28
4404, 33
4405, 22
4406, 19
4407, 25
4408, 8
4409, 31
4410, 25
4411, 27
4412, 6
4413, 12
4414, 21
4415, 16
4417, 2
4418, 11
4419, 6
4420, 17
4421, 18
4423, 3
4424, 3
4425, 17
4426, 13
4427, 9
4428, 26
4429, 12
4431, 2
4432, 6
4433, 12
4434, 9
4435, 18
4436, 30
4437, 10
4438, 14
4439, 13
4440, 8
4441, 3
4442, 9
4443, 15
4444, 27
4445, 22
4446, 11
4447, 16
4449, 3
4451, 15
4452, 17
4453, 11
4454, 30
4455, 7
4456, 14
4457, 6
4458, 6
4460, 2
4461, 12
4462, 7
4463, 11
4465, 8
4466, 15
4467, 14
4468, 7
4469, 3
4470, 10
4471, 4
4472, 14
4473, 3
4474, 8
4475, 4
4476, 5
4477, 2
4479, 5
4481, 3
4482, 9
4483, 1
4484, 8
4489, 5
4490, 5
4491, 4
4492, 5
4493, 1
4494, 5
4496, 7
4497, 3
4498, 14
4499, 1
4500, 3
4502, 1
4503, 1
4504, 3
4505, 20
4507, 2
4511, 3
4512, 2
4514, 2
4515, 5
4516, 6
4534, 5
4540, 2
4541, 3
4545, 2
4546, 3
4554, 2
4556, 2
4557, 3
4565, 5
4566, 6
4574, 3
4579, 2
4590, 1
4603, 2
4614, 1
4618, 1
4636, 3
4637, 1
4644, 4
4645, 6
4657, 6
4658, 6
4660, 6
4661, 3
4676, 11
4683, 8
4684, 3
4693, 1
4694, 4
4705, 2
4706, 2
4723, 2
4724, 9
4728, 2
4752, 2
4754, 1
4764, 2
4785, 2
4798, 4
4804, 2
4805, 9
4808, 3
4818, 2
4835, 2
4849, 3
4904, 2
4983, 8
5000, 1
5001, 9
5077, 3
5078, 2
5101, 3
5109, 2
5110, 7
5132, 1
5133, 2
5134, 2
5135, 1
5136, 4
5137, 3
5138, 6
5140, 2
5141, 3
5142, 4
5143, 4
5145, 1
5146, 5
5147, 3
5148, 2
5149, 4
5150, 6
5151, 4
5152, 4
5153, 4
5155, 5
5156, 6
5157, 1
5158, 10
5159, 4
5160, 4
5161, 7
5162, 13
5163, 10
5164, 8
5165, 7
5166, 16
5167, 13
5168, 13
5169, 5
5170, 15
5171, 3
5172, 8
5173, 5
5174, 1
5201, 3
5204, 3
5205, 1
5207, 1
5209, 3
5212, 1
5215, 2
5217, 2
5218, 2
5219, 1
5220, 5
5221, 1
5222, 2
5223, 2
5224, 4
5225, 2
5227, 5
5228, 5
5229, 5
5230, 1
5231, 11
5232, 5
5233, 3
5234, 3
5235, 3
5236, 3
5237, 7
5238, 7
5239, 1
5240, 5
5241, 2
5242, 7
5243, 1
5244, 4
5245, 1
5246, 7
5247, 4
5249, 2
5250, 1
5251, 2
5252, 3
5254, 1
5255, 4
5256, 4
5258, 1
5259, 3
5260, 1
5261, 2
5263, 2
5264, 3
5265, 1
5267, 3
5273, 2
5276, 1
5278, 1
5283, 2
6041, 1
6042, 2
6044, 3
6045, 2
6046, 2
6047, 1
6048, 4
6049, 5
6050, 3
6051, 2
6052, 9
6053, 3
6054, 3
6055, 1
6056, 4
6058, 2
6059, 3
6060, 2
6061, 5
6062, 1
6063, 2
6064, 3
6065, 1
6066, 6
6067, 2
6068, 6
6069, 2
6070, 1
6071, 2
6072, 3
6073, 3
6074, 3
6076, 6
6077, 5
6078, 3
6079, 3
6080, 5
6082, 8
6084, 4
6087, 5
6088, 7
6089, 2
6090, 6
6091, 3
6092, 4
6093, 7
6095, 4
6096, 4
6097, 3
6098, 5
6099, 6
6100, 6
6101, 7
6102, 6
6103, 4
6104, 7
6105, 1
6106, 3
6107, 1
6108, 8
6109, 3
6110, 8
6111, 30
6112, 17
6113, 14
6114, 5
6115, 12
6116, 14
6117, 26
6118, 15
6119, 24
6120, 31
6121, 16
6122, 16
6123, 1
6124, 34
6125, 8
6126, 12
6127, 19
6128, 12
6129, 26
6130, 22
6131, 6
6132, 11
6133, 19
6134, 4
6135, 6
6136, 12
6137, 10
6138, 23
6139, 18
6140, 28
6141, 31
6142, 11
6143, 22
6144, 24
6145, 2
6146, 13
6147, 20
6148, 27
6149, 26
6150, 28
6151, 17
6152, 22
6153, 25
6154, 20
6155, 16
6156, 17
6157, 14
6158, 4
6159, 6
6160, 5
6161, 10
6162, 13
6163, 7
6164, 7
6165, 20
6166, 12
6167, 1
6168, 16
6169, 6
6170, 12
6171, 16
6172, 6
6173, 6
6174, 4
6175, 6
6176, 11
6177, 6
6178, 3
6179, 4
6180, 6
6181, 3
6183, 1
6184, 5
6185, 4
6186, 12
6187, 4
6190, 4
6193, 9
6194, 9
6195, 6
6196, 1
6197, 7
6198, 4
6199, 31
6200, 3
6201, 15
6202, 5
6204, 2
6205, 12
6206, 24
6207, 9
6208, 4
6209, 1
6210, 11
6211, 20
6213, 15
6214, 19
6215, 36
6216, 10
6217, 32
6218, 24
6219, 23
6220, 33
6221, 9
6222, 2
6223, 9
6224, 28
6225, 22
6226, 14
6227, 24
6228, 5
6229, 16
6230, 13
6231, 14
6232, 8
6233, 5
6234, 16
6235, 16
6236, 10
6237, 7
6238, 26
6239, 3
6240, 14
6241, 2
6242, 14
6243, 15
6244, 15
6245, 10
6246, 12
6247, 17
6248, 30
6249, 8
6250, 14
6251, 11
6252, 5
6253, 6
6254, 9
6255, 8
6256, 13
6260, 6
6261, 2
6262, 11
6263, 4
6266, 1
6267, 8
6268, 11
6269, 3
6270, 5
6271, 6
6272, 5
6273, 5
6274, 10
6275, 17
6276, 7
6278, 5
6279, 3
6281, 7
6282, 2
6283, 4
6284, 2
6285, 10
6288, 8
6289, 9
6291, 5
6292, 14
6300, 3
6301, 6
6304, 1
6306, 1
6317, 6
6322, 1
6323, 5
6324, 5
6325, 3
6326, 6
6327, 1
6328, 8
6329, 6
6330, 6
6331, 9
6332, 1
6333, 1
6334, 9
6335, 2
6336, 6
6337, 2
6338, 6
6339, 16
6340, 3
6341, 3
6342, 11
6343, 5
6344, 5
6345, 4
6346, 4
6347, 3
6348, 4
6349, 9
6350, 8
6353, 3
6354, 6
6355, 22
6357, 8
6358, 16
6359, 6
6360, 6
6361, 3
6362, 3
6363, 9
6364, 9
6365, 25
6366, 11
6367, 3
6368, 3
6371, 3
6373, 2
6376, 10
6377, 3
6378, 3
6379, 7
6380, 4
6382, 3
6383, 3
6384, 4
6385, 7
6388, 6
6390, 3
6392, 7
6393, 2
6401, 1
6402, 2
6405, 6
6407, 3
6409, 3
6411, 3
6412, 5
6413, 1
6416, 5
6422, 4
6424, 3
6428, 6
6429, 2
6432, 3
6434, 3
6436, 2
6441, 3
6442, 2
6445, 3
6449, 3
6450, 2
6454, 7
6460, 5
6462, 11
6463, 1
6464, 12
6466, 7
6467, 12
6468, 6
6469, 9
6470, 16
6471, 7
6472, 10
6473, 14
6474, 2
6475, 2
6476, 10
6477, 8
6478, 12
6479, 6
6481, 5
6482, 5
6483, 19
6484, 11
6485, 6
6486, 14
6487, 17
6488, 12
6489, 21
6490, 28
6491, 32
6492, 10
6493, 12
6494, 11
6495, 17
6496, 2
6497, 6
6498, 7
6499, 23
6500, 10
6501, 18
6502, 30
6503, 12
6504, 12
6505, 4
6506, 5
6509, 4
6510, 5
6512, 2
6513, 12
6514, 5
6515, 6
6516, 3
6517, 7
6518, 5
6519, 4
6520, 6
6521, 3
6524, 3
6525, 6
6527, 6
6528, 1
6529, 8
6530, 4
6531, 7
6532, 1
6533, 2
6534, 1
6535, 7
6537, 1
6538, 9
6539, 6
6542, 3
6543, 7
6544, 5
6545, 6
6546, 1
6547, 5
6549, 2
6550, 4
6551, 2
6552, 10
6553, 4
6554, 8
6555, 3
6557, 3
6558, 6
6559, 1
6560, 10
6561, 1
6562, 10
6564, 2
6566, 2
6567, 4
6568, 5
6569, 3
6570, 10
6571, 5
6572, 7
6575, 1
6576, 3
6577, 7
6578, 2
6579, 10
6580, 7
6582, 2
6583, 1
6584, 1
6585, 3
6586, 3
6587, 3
6588, 2
6589, 3
6590, 8
6591, 2
6593, 8
6594, 5
6595, 5
6596, 3
6598, 3
6601, 3
6602, 8
6604, 8
6605, 3
6606, 8
6607, 4
6608, 4
6609, 5
6611, 2
6612, 2
6615, 3
6617, 3
6619, 3
6622, 3
6623, 5
6624, 1
6626, 5
6627, 1
6633, 3
6635, 8
6636, 3
6637, 2
6644, 6
6655, 2
6658, 8
6662, 3
6663, 1
6664, 2
6665, 1
6669, 3
6671, 7
6672, 3
6673, 4
6674, 6
6686, 13
6687, 6
6689, 3
6691, 3
6702, 10
6704, 3
6705, 9
6718, 7
6758, 3
6768, 3
6770, 2
6772, 6
6775, 3
6776, 4
6782, 3
6788, 2
6789, 1
6794, 3
6799, 5
6800, 1
6801, 2
6802, 2
6810, 3
6814, 2
6815, 4
6818, 2
6825, 1
6826, 13
6827, 3
6836, 6
6869, 2
6890, 3
6897, 2
6926, 2
6927, 1
7500, 1
7501, 1
7502, 1
7503, 2
7504, 2
7505, 1
7506, 4
7507, 1
7508, 1
7510, 1
7511, 1
7512, 6
7513, 5
7514, 4
7515, 2
7516, 7
7517, 3
7518, 1
7519, 1
7520, 6
7521, 1
7522, 4
7523, 2
7524, 2
7525, 5
7526, 5
7527, 6
7528, 8
7529, 8
7530, 3
7531, 5
7532, 3
7533, 10
7534, 9
7535, 9
7536, 5
7537, 6
7538, 12
7539, 4
7540, 5
7541, 6
7570, 1
7573, 1
7575, 3
7577, 1
7582, 1
7583, 3
7584, 3
7585, 1
7586, 12
7588, 5
7589, 5
7590, 4
7591, 3
7592, 4
7593, 4
7594, 5
7595, 2
7596, 3
7597, 10
7598, 1
7600, 2
7601, 4
7602, 7
7603, 7
7604, 5
7605, 1
7606, 1
7607, 4
7608, 6
7609, 2
7610, 2
7611, 5
7612, 2
7613, 8
7614, 4
7615, 3
7616, 6
7617, 4
7618, 3
7619, 2
7620, 3
7621, 3
7622, 3
7624, 6
7625, 5
7626, 2
7627, 2
7629, 1
7631, 5
7635, 3
7636, 4
7637, 2
7638, 3
7639, 1
7640, 1
7643, 3
7647, 2
7653, 2
7654, 2
7945, 1
7946, 1
7947, 1
7949, 1
7950, 1
7951, 3
7952, 2
7953, 1
7954, 1
7955, 2
7956, 2
7957, 3
7958, 4
7959, 1
7960, 2
7961, 5
7962, 1
7963, 3
7964, 8
7965, 1
7966, 4
7967, 7
7968, 1
7969, 5
7970, 9
7971, 6
7972, 12
7973, 11
7974, 7
7975, 3
7976, 5
7977, 20
7978, 17
7979, 16
7980, 6
7981, 17
7982, 19
7983, 18
7984, 24
7985, 14
7986, 3
7987, 9
7988, 11
7989, 2
7990, 3
7991, 3
7992, 8
7994, 9
7995, 13
7996, 8
7997, 3
7998, 3
7999, 2
8001, 1
8002, 2
8003, 8
8004, 2
8006, 14
8007, 11
8008, 9
8009, 6
8010, 13
8011, 8
8012, 13
8013, 15
8014, 12
8015, 3
8016, 6
8017, 5
8018, 6
8019, 11
8020, 11
8021, 8
8022, 16
8023, 6
8025, 15
8026, 5
8027, 5
8028, 17
8029, 13
8030, 13
8031, 4
8032, 34
8033, 29
8034, 8
8035, 8
8036, 18
8037, 35
8038, 8
8039, 14
8040, 5
8041, 17
8042, 11
8043, 28
8044, 29
8045, 18
8046, 9
8047, 9
8048, 12
8049, 6
8050, 5
8052, 3
8053, 1
8054, 9
8055, 12
8056, 14
8057, 13
8058, 5
8059, 15
8060, 24
8061, 7
8062, 24
8063, 18
8064, 18
8065, 24
8066, 26
8067, 23
8068, 14
8069, 5
8070, 9
8071, 12
8072, 10
8073, 5
8074, 18
8075, 3
8076, 2
8077, 18
8078, 1
8079, 18
8080, 25
8081, 23
8082, 13
8083, 16
8084, 22
8085, 13
8086, 13
8087, 11
8088, 10
8089, 14
8090, 18
8091, 8
8092, 13
8093, 3
8094, 15
8095, 9
8096, 14
8097, 13
8098, 10
8099, 10
8101, 13
8102, 16
8103, 18
8104, 14
8105, 23
8106, 23
8107, 8
8108, 7
8109, 9
8110, 11
8111, 18
8112, 29
8113, 2
8114, 14
8115, 9
8116, 18
8117, 20
8118, 19
8119, 15
8120, 36
8121, 10
8122, 15
8123, 19
8124, 15
8125, 12
8126, 17
8127, 15
8128, 17
8129, 24
8130, 9
8131, 14
8132, 19
8133, 37
8134, 37
8135, 8
8136, 22
8137, 14
8138, 25
8139, 12
8140, 33
8141, 22
8142, 12
8143, 10
8144, 17
8145, 25
8146, 46
8147, 31
8148, 32
8149, 17
8150, 34
8151, 4
8152, 14
8153, 23
8154, 25
8155, 14
8156, 12
8157, 12
8158, 14
8159, 13
8160, 12
8161, 41
8162, 10
8164, 7
8165, 12
8166, 3
8167, 17
8168, 17
8169, 5
8170, 12
8171, 12
8172, 28
8173, 11
8174, 10
8175, 4
8176, 16
8178, 7
8179, 12
8180, 13
8181, 12
8182, 11
8183, 2
8184, 13
8185, 2
8187, 20
8188, 4
8189, 3
8190, 14
8191, 14
8192, 11
8194, 7
8195, 1
8196, 12
8197, 16
8198, 3
8199, 5
8200, 7
8201, 3
8202, 22
8203, 14
8205, 18
8206, 4
8207, 3
8208, 12
8209, 8
8211, 13
8212, 4
8217, 3
8218, 5
8219, 4
8220, 1
8223, 2
8224, 14
8225, 8
8226, 1
8227, 2
8228, 2
8229, 6
8230, 6
8231, 3
8233, 11
8235, 2
8236, 17
8237, 13
8238, 5
8239, 10
8240, 5
8241, 4
8242, 2
8243, 8
8244, 8
8245, 2
8246, 7
8247, 8
8248, 8
8249, 4
8250, 3
8251, 2
8252, 2
8253, 10
8254, 3
8255, 18
8256, 10
8257, 4
8258, 14
8259, 5
8260, 8
8261, 2
8262, 9
8263, 2
8264, 6
8265, 9
8266, 3
8267, 4
8268, 5
8269, 3
8270, 3
8272, 2
8273, 8
8274, 7
8275, 4
8276, 3
8278, 9
8279, 3
8282, 6
8284, 3
8286, 3
8287, 6
8288, 9
8289, 4
8290, 15
8297, 3
8300, 1
8302, 3
8304, 3
8305, 6
8307, 3
8309, 3
8310, 6
8311, 3
8314, 3
8318, 5
8320, 3
8322, 3
8325, 6
8326, 2
8327, 3
8329, 5
8330, 7
8332, 2
8334, 2
8335, 1
8336, 1
8337, 12
8338, 5
8339, 2
8340, 4
8342, 8
8345, 2
8347, 3
8348, 2
8350, 3
8353, 5
8354, 6
8355, 5
8356, 8
8363, 6
8370, 2
8391, 3
8392, 3
8393, 3
8413, 3
8436, 1
8477, 2
8507, 3
8535, 4
8536, 6
8539, 3
8552, 7
8555, 3
8556, 2
8577, 3
8578, 5
8590, 3
8599, 1
8600, 2
8640, 6
8652, 6
8696, 1
8697, 3
8698, 2
8699, 4
8701, 1
8702, 1
8703, 1
8706, 3
8709, 2
8711, 3
8712, 2
8713, 5
8715, 1
8716, 2
8717, 1
8718, 5
8719, 5
8720, 3
8721, 3
8722, 2
8723, 1
8724, 2
8725, 3
8727, 9
8728, 4
8729, 8
8730, 2
8731, 4
8732, 3
8733, 5
8734, 3
8735, 7
8736, 1
8737, 2
8738, 2
8749, 3
8772, 3
8774, 2
8775, 3
8777, 3
8778, 7
8781, 3
8782, 4
8783, 9
8784, 1
8785, 4
8786, 4
8787, 3
8788, 5
8789, 4
8790, 2
8791, 9
8792, 7
8793, 1
8794, 3
8797, 2
8798, 5
8799, 6
8800, 5
8802, 8
8803, 2
8804, 16
8805, 9
8806, 5
8807, 2
8808, 4
8809, 7
8810, 11
8811, 4
8812, 7
8813, 9
8814, 5
8815, 7
8816, 11
8817, 5
8818, 6
8820, 4
8821, 2
8822, 2
8823, 5
8824, 1
8825, 13
8826, 5
8827, 1
8828, 5
8829, 3
8831, 1
8832, 5
8833, 2
8834, 4
8836, 9
8837, 6
8838, 3
8839, 4
8840, 3
8844, 1
8853, 2
8861, 2
10494, 1
10495, 1
10496, 2
10497, 1
10498, 3
10500, 1
10501, 2
10502, 3
10505, 8
10506, 6
10507, 3
10508, 2
10509, 2
10510, 5
10511, 6
10512, 6
10513, 6
10514, 4
10515, 5
10516, 2
10517, 2
10518, 9
10519, 6
10520, 5
10521, 5
10522, 4
10524, 10
10525, 6
10526, 4
10527, 5
10528, 3
10529, 7
10530, 8
10531, 5
10532, 11
10533, 4
10534, 3
10535, 2
10536, 5
10537, 1
10538, 1
10540, 4
10541, 3
10542, 4
10543, 3
10544, 2
10546, 2
10547, 3
10548, 6
10549, 3
10550, 2
10551, 5
10552, 3
10553, 3
10554, 4
10555, 8
10556, 1
10557, 4
10558, 3
10559, 6
10560, 2
10561, 3
10562, 10
10564, 7
10565, 4
10566, 8
10567, 2
10568, 9
10569, 5
10570, 12
10571, 10
10572, 2
10573, 6
10574, 8
10576, 2
10577, 6
10578, 1
10579, 5
10581, 1
10582, 8
10584, 5
10585, 3
10586, 1
10587, 2
10588, 4
10589, 6
10590, 8
10591, 6
10592, 12
10593, 1
10594, 7
10595, 5
10596, 22
10597, 5
10598, 5
10599, 9
10600, 6
10602, 18
10603, 4
10604, 22
10605, 11
10606, 12
10607, 22
10608, 23
10609, 10
10610, 13
10611, 9
10612, 2
10613, 11
10614, 27
10615, 26
10616, 16
10617, 9
10618, 8
10619, 21
10620, 25
10621, 11
10622, 14
10623, 11
10625, 9
10626, 22
10627, 24
10628, 5
10629, 8
10630, 10
10631, 7
10632, 9
10633, 7
10634, 5
10635, 15
10636, 17
10637, 14
10638, 2
10639, 4
10640, 7
10641, 12
10642, 9
10643, 20
10644, 2
10645, 3
10646, 13
10647, 7
10648, 8
10649, 13
10650, 9
10652, 8
10653, 7
10654, 7
10655, 7
10656, 9
10657, 28
10658, 17
10659, 8
10660, 19
10661, 7
10662, 11
10663, 8
10664, 11
10665, 2
10666, 11
10667, 6
10668, 5
10669, 9
10670, 7
10671, 9
10672, 14
10673, 6
10674, 4
10675, 7
10676, 12
10677, 1
10678, 3
10679, 1
10680, 6
10681, 11
10682, 5
10683, 1
10684, 4
10685, 4
10687, 10
10689, 7
10690, 6
10691, 4
10692, 7
10693, 6
10694, 8
10695, 2
10696, 10
10697, 5
10699, 1
10700, 1
10701, 3
10702, 6
10703, 2
10704, 5
10705, 4
10707, 3
10709, 6
10710, 2
10711, 4
10713, 1
10714, 1
10715, 3
10716, 6
10718, 7
10720, 1
10721, 3
10722, 2
10723, 6
10724, 8
10726, 2
10729, 3
10730, 3
10731, 1
10734, 6
10738, 2
10743, 2
10751, 4
10753, 2
10782, 3
10803, 2
10804, 4
10805, 2
10806, 7
10808, 2
10809, 6
10811, 3
10812, 3
10813, 13
10814, 1
10815, 5
10816, 9
10818, 5
10819, 1
10820, 6
10821, 4
10822, 4
10823, 8
10824, 7
10825, 7
10826, 25
10828, 1
10829, 6
10830, 21
10831, 10
10832, 8
10833, 5
10834, 12
10835, 3
10836, 7
10837, 15
10838, 21
10839, 13
10840, 5
10841, 6
10842, 9
10843, 5
10844, 13
10845, 1
10846, 4
10847, 8
10848, 6
10849, 17
10850, 5
10851, 9
10853, 5
10854, 3
10855, 17
10858, 1
10860, 6
10862, 3
10863, 3
10864, 8
10865, 4
10866, 6
10869, 9
10870, 3
10871, 4
10874, 5
10875, 7
10877, 6
10880, 6
10881, 4
10882, 2
10883, 4
10884, 6
10885, 2
10887, 4
10888, 3
10892, 2
10893, 3
10896, 8
10897, 5
10898, 5
10899, 4
10900, 5
10902, 6
10903, 8
10904, 5
10905, 8
10906, 3
10907, 4
10909, 3
10910, 3
10911, 13
10912, 4
10913, 4
10914, 15
10915, 14
10920, 3
10922, 5
10924, 9
10925, 3
10926, 10
10927, 8
10928, 6
10929, 3
10930, 3
10931, 6
10932, 3
10933, 9
10934, 3
10935, 6
10938, 15
10939, 3
10940, 11
10941, 8
10942, 6
10943, 6
10944, 9
10945, 7
10946, 3
10947, 10
10948, 3
10949, 3
10950, 9
10953, 3
10959, 3
10960, 6
10962, 3
10963, 13
10964, 6
10965, 2
10966, 3
10967, 3
10969, 6
10970, 5
10971, 11
10972, 9
10973, 3
10974, 8
10975, 5
10976, 6
10977, 1
10978, 11
10979, 7
10980, 5
10981, 3
10982, 5
10986, 6
10987, 3
10989, 3
10993, 6
10996, 3
10997, 6
10998, 6
10999, 3
11002, 1
11003, 5
11007, 3
11008, 3
11010, 7
11012, 2
11014, 6
11016, 3
11017, 15
11019, 3
11021, 6
11023, 3
11025, 4
11026, 1
11029, 6
11030, 6
11033, 8
11034, 1
11036, 3
11037, 3
11038, 1
11039, 5
11042, 6
11043, 3
11044, 2
11045, 1
11047, 3
11049, 3
11050, 2
11051, 2
11052, 7
11057, 3
11062, 9
11064, 3
11066, 3
11067, 6
11070, 3
11072, 3
11075, 3
11081, 3
11082, 1
11083, 3
11084, 5
11090, 3
11091, 6
11094, 6
11105, 3
11107, 3
11116, 3
11117, 3
11119, 1
11120, 1
11122, 6
11125, 5
11127, 5
11128, 5
11132, 1
11133, 5
11140, 3
11142, 6
11143, 3
11150, 3
11152, 5
11153, 1
11172, 3
11174, 3
11176, 2
11177, 1
11230, 3
11241, 3
11244, 1
11246, 2
11247, 1
11248, 1
11249, 1
11250, 4
11251, 7
11253, 7
11254, 2
11256, 1
11257, 2
11258, 4
11259, 3
11260, 1
11261, 2
11262, 1
11266, 2
11267, 6
11268, 2
11269, 1
11270, 1
11271, 1
11272, 2
11273, 2
11274, 2
11275, 10
11276, 3
11277, 12
11278, 5
11280, 3
11282, 3
11284, 1
11285, 2
11287, 2
11289, 2
11290, 1
11295, 3
11303, 2
11304, 3
11305, 3
11309, 3
11311, 1
11313, 2
11315, 6
11320, 3
11326, 6
11328, 2
11329, 3
11330, 3
11331, 3
11332, 4
11333, 6
11334, 2
11336, 3
11337, 1
11338, 3
11340, 2
11341, 7
11342, 1
11345, 6
11347, 1
11348, 2
11350, 5
11351, 3
11352, 1
11353, 5
11354, 8
11355, 7
11358, 3
11359, 2
11360, 10
11361, 3
11362, 8
11363, 7
11364, 4
11366, 6
11367, 7
11368, 3
11369, 2
11370, 6
11371, 10
11372, 8
11373, 5
11374, 3
11375, 3
11376, 9
11377, 5
11378, 3
11379, 4
11380, 2
11381, 1
11382, 5
11383, 5
11384, 17
11385, 5
11386, 6
11387, 7
11388, 3
11389, 2
11390, 10
11391, 7
11392, 7
11393, 8
11394, 5
11395, 4
11396, 1
11397, 8
11398, 10
11399, 5
11400, 4
11401, 1
11402, 5
11403, 6
11404, 2
11405, 11
11406, 5
11407, 2
11408, 2
11411, 3
11416, 2
11417, 5
11420, 5
11421, 1
11422, 6
11423, 6
11425, 2
11426, 8
11427, 3
11428, 7
11429, 5
11431, 6
11432, 3
11436, 1
11437, 2
11439, 1
11440, 8
11443, 3
11444, 5
11445, 5
11446, 4
11448, 3
11450, 6
11451, 3
11452, 3
11454, 1
11455, 6
11456, 4
11457, 5
11458, 4
11459, 3
11461, 5
11463, 7
11464, 2
11465, 1
11466, 1
11467, 7
11468, 3
11469, 4
11471, 1
11472, 2
11474, 1
11475, 6
11477, 4
11478, 3
11479, 2
11481, 1
11484, 4
11485, 1
11486, 5
11487, 1
11488, 3
11490, 3
11493, 3
11495, 2
11501, 1
11502, 3
11505, 1
11507, 1
11508, 2
11509, 3
11510, 3
11514, 3
11517, 3
11524, 3
11536, 2
11548, 1
11566, 3
11574, 3
11577, 5
11578, 1
11585, 6
11589, 1
11590, 2
11591, 4
11592, 3
11593, 3
11594, 3
11595, 3
11596, 3
11599, 3
11600, 1
11601, 1
11604, 3
11613, 2
11624, 3
11627, 1
11628, 2
11701, 3
12018, 3
12019, 2
12020, 5
12021, 3
12022, 2
12023, 2
12024, 3
12025, 5
12026, 5
12027, 9
12028, 4
12029, 2
12030, 7
12031, 2
12032, 7
12033, 2
12034, 1
12035, 2
12036, 4
12037, 6
12038, 3
12039, 6
12040, 5
12041, 6
12042, 4
12043, 12
12044, 1
12045, 4
12046, 12
12047, 2
12048, 4
12049, 5
12051, 5
12053, 6
12054, 2
12055, 6
12056, 3
12059, 2
12085, 2
12088, 2
12090, 2
12092, 2
12093, 2
12094, 6
12097, 2
12100, 3
12101, 1
12102, 2
12103, 5
12104, 4
12105, 1
12106, 9
12107, 3
12108, 1
12109, 4
12110, 5
12111, 3
12113, 8
12114, 5
12115, 8
12116, 1
12117, 7
12118, 6
12119, 6
12120, 8
12121, 4
12122, 3
12123, 4
12124, 2
12125, 5
12126, 4
12127, 3
12128, 5
12129, 7
12130, 8
12131, 2
12132, 1
12134, 4
12135, 4
12136, 2
12137, 3
12138, 2
12139, 5
12140, 4
12141, 8
12142, 4
12143, 2
12144, 1
12145, 2
12147, 5
12148, 6
12149, 3
12153, 1
12154, 2
12156, 2
12159, 3
12161, 2
12164, 6
12165, 1
12167, 2
12169, 1
12171, 2
12345, 3
12346, 1
12347, 1
12348, 6
12349, 1
12350, 3
12352, 3
12354, 2
12355, 5
12356, 11
12357, 6
12358, 11
12359, 9
12360, 9
12361, 1
12362, 6
12363, 11
12365, 6
12366, 7
12367, 7
12368, 5
12369, 9
12370, 10
12371, 6
12372, 8
12373, 8
12374, 10
12375, 9
12376, 10
12377, 3
12378, 10
12379, 10
12380, 16
12381, 17
12382, 18
12383, 18
12384, 8
12385, 7
12386, 8
12387, 4
12388, 2
12389, 4
12413, 3
12421, 6
12424, 2
12425, 7
12426, 2
12427, 2
12428, 4
12429, 4
12430, 8
12432, 12
12433, 5
12435, 4
12436, 11
12437, 16
12438, 9
12439, 5
12440, 17
12441, 15
12442, 14
12443, 3
12444, 15
12445, 12
12446, 9
12447, 12
12448, 22
12449, 9
12450, 16
12451, 7
12452, 9
12454, 16
12455, 26
12456, 2
12457, 8
12458, 14
12459, 19
12460, 15
12461, 46
12462, 8
12463, 6
12465, 7
12467, 4
12468, 15
12469, 6
12470, 1
12471, 8
12475, 7
12477, 8
12478, 11
12479, 6
12480, 6
12481, 1
12487, 2
12488, 3
12491, 1
12494, 3
12495, 3
12497, 4
12500, 4
12518, 4
12574, 4
12575, 1
12576, 1
12577, 2
12578, 2
12579, 1
12582, 1
12583, 1
12584, 3
12586, 5
12587, 5
12588, 1
12589, 7
12590, 1
12591, 1
12592, 8
12593, 2
12594, 9
12595, 4
12596, 7
12597, 4
12598, 4
12599, 10
12600, 6
12601, 13
12602, 2
12603, 5
12604, 13
12605, 9
12606, 13
12607, 9
12608, 5
12609, 6
12611, 3
12612, 4
12613, 7
12614, 6
12618, 4
12619, 2
12620, 3
12621, 2
12622, 2
12623, 10
12624, 3
12625, 3
12626, 1
12627, 2
12628, 6
12629, 8
12631, 2
12632, 1
12633, 5
12634, 3
12635, 5
12636, 4
12637, 4
12639, 9
12640, 3
12643, 10
12644, 3
12645, 3
12646, 4
12647, 1
12648, 9
12649, 15
12650, 4
12651, 7
12652, 11
12653, 10
12654, 15
12655, 1
12656, 9
12657, 6
12659, 15
12660, 11
12661, 17
12662, 16
12663, 12
12664, 1
12665, 10
12666, 9
12667, 8
12668, 7
12669, 4
12670, 17
12671, 16
12672, 6
12673, 7
12674, 14
12675, 5
12676, 14
12677, 24
12678, 16
12679, 16
12680, 12
12681, 1
12682, 5
12683, 12
12684, 15
12685, 5
12686, 10
12687, 23
12688, 16
12689, 18
12690, 1
12691, 28
12692, 25
12693, 20
12694, 10
12695, 23
12696, 12
12697, 28
12698, 13
12699, 5
12700, 12
12701, 8
12702, 26
12703, 16
12704, 13
12705, 5
12706, 11
12707, 3
12708, 7
12709, 17
12710, 8
12711, 2
12712, 4
12713, 2
12714, 3
12715, 4
12716, 7
12717, 1
12720, 9
12721, 4
12722, 3
12723, 2
12724, 1
12725, 6
12726, 3
12728, 5
12729, 3
12730, 4
12731, 3
12734, 4
12735, 6
12736, 3
12737, 5
12738, 3
12739, 1
12740, 3
12741, 5
12742, 1
12744, 3
12746, 4
12747, 5
12748, 8
12749, 9
12755, 1
12756, 3
12757, 1
12759, 1
12760, 5
12762, 2
12763, 1
12764, 3
12765, 4
12766, 8
12767, 10
12768, 2
12769, 2
12770, 9
12771, 2
12772, 4
12773, 6
12774, 3
12775, 11
12776, 7
12777, 7
12778, 8
12779, 5
12780, 7
12781, 4
12782, 2
12783, 5
12784, 6
12785, 1
12786, 10
12787, 1
12788, 5
12789, 6
12790, 5
12791, 9
12792, 3
12793, 8
12794, 1
12795, 5
12796, 10
12797, 12
12798, 4
12800, 4
12801, 5
12802, 10
12803, 6
12804, 3
12805, 4
12806, 3
12809, 4
12810, 17
12811, 16
12812, 3
12813, 3
12814, 9
12815, 4
12816, 7
12817, 12
12818, 4
12820, 5
12821, 2
12822, 4
12823, 2
12824, 13
12825, 6
12826, 12
12827, 10
12828, 3
12830, 7
12831, 6
12832, 7
12833, 4
12834, 16
12835, 3
12836, 5
12837, 3
12838, 1
12839, 5
12840, 2
12841, 9
12842, 5
12843, 3
12844, 13
12845, 9
12846, 15
12847, 7
12848, 14
12849, 5
12852, 17
12853, 1
12854, 18
12855, 23
12856, 21
12857, 4
12858, 9
12859, 4
12860, 3
12861, 15
12862, 10
12863, 12
12864, 12
12865, 16
12866, 12
12867, 20
12868, 12
12869, 5
12870, 20
12871, 19
12872, 11
12873, 12
12874, 6
12875, 7
12876, 8
12877, 5
12878, 15
12879, 17
12880, 15
12881, 9
12882, 11
12883, 12
12884, 11
12885, 15
12886, 54
12887, 21
12888, 18
12889, 16
12890, 20
12891, 14
12892, 5
12893, 4
12894, 8
12895, 4
12896, 12
12897, 3
12898, 14
12899, 10
12900, 6
12901, 18
12902, 11
12903, 8
12904, 7
12905, 2
12906, 4
12907, 5
12908, 4
12909, 7
12910, 15
12911, 2
12912, 5
12913, 5
12914, 3
12915, 9
12916, 4
12917, 4
12918, 5
12919, 6
12922, 5
12923, 13
12924, 8
12925, 5
12926, 14
12927, 8
12928, 14
12929, 2
12931, 3
12932, 9
12933, 2
12935, 6
12936, 4
12937, 12
12938, 2
12939, 3
12940, 9
12941, 5
12942, 5
12944, 2
12945, 3
12946, 6
12948, 8
12949, 3
12950, 9
12952, 5
12953, 5
12955, 7
12956, 3
12957, 5
12958, 7
12959, 3
12960, 6
12961, 1
12962, 6
12963, 6
12964, 1
12965, 1
12966, 3
12967, 1
12969, 6
12970, 3
12971, 3
12972, 8
12973, 5
12974, 8
12975, 6
12976, 11
12977, 7
12978, 15
12979, 21
12980, 11
12981, 9
12982, 1
12983, 13
12984, 11
12985, 12
12986, 16
12987, 5
12988, 11
12989, 21
12990, 9
12991, 30
12992, 12
12993, 18
12994, 21
12995, 9
12996, 17
12997, 25
12998, 13
12999, 12
13000, 18
13001, 25
13002, 10
13003, 13
13004, 5
13005, 11
13006, 10
13007, 11
13008, 14
13009, 17
13010, 10
13011, 24
13012, 4
13014, 1
13015, 11
13016, 7
13017, 1
13018, 11
13019, 6
13020, 8
13022, 3
13023, 7
13024, 6
13025, 3
13026, 4
13027, 4
13028, 6
13029, 10
13030, 2
13031, 11
13032, 8
13033, 4
13034, 7
13035, 17
13036, 16
13037, 10
13038, 3
13042, 1
13043, 11
13044, 6
13045, 7
13046, 7
13047, 6
13048, 6
13049, 1
13050, 7
13051, 19
13052, 4
13053, 7
13054, 8
13055, 5
13056, 2
13057, 8
13058, 5
13059, 14
13060, 9
13061, 5
13062, 20
13063, 2
13064, 1
13065, 2
13066, 16
13067, 6
13068, 20
13069, 10
13071, 6
13072, 10
13073, 6
13074, 7
13075, 7
13076, 6
13077, 3
13079, 1
13080, 8
13081, 9
13082, 3
13083, 10
13084, 2
13085, 9
13086, 6
13088, 1
13089, 9
13090, 16
13093, 8
13094, 1
13095, 5
13096, 1
13097, 24
13098, 11
13099, 3
13100, 3
13101, 9
13103, 4
13105, 1
13106, 5
13107, 4
13108, 3
13109, 3
13112, 2
13113, 1
13114, 3
13115, 6
13118, 4
13121, 1
13122, 3
13125, 4
13126, 3
13127, 2
13130, 1
13133, 1
13136, 2
13140, 7
13141, 2
13143, 6
13144, 1
13167, 7
13180, 4
13227, 1
13263, 1
13265, 2
13266, 1
13270, 1
13271, 3
13272, 3
13273, 3
13274, 2
13275, 1
13276, 5
13277, 5
13278, 2
13279, 12
13280, 7
13281, 14
13282, 12
13283, 9
13284, 13
13285, 29
13286, 10
13287, 13
13288, 10
13289, 22
13290, 21
13291, 23
13292, 27
13293, 15
13294, 24
13295, 11
13296, 19
13297, 29
13298, 21
13299, 25
13300, 29
13301, 8
13302, 9
13303, 14
13304, 2
13305, 37
13306, 18
13307, 16
13308, 26
13309, 12
13310, 22
13311, 31
13312, 25
13313, 7
13314, 10
13315, 2
13316, 16
13317, 11
13318, 16
13319, 11
13320, 1
13321, 3
13322, 4
13323, 5
13324, 1
13330, 8
13331, 7
13332, 19
13333, 5
13334, 4
13335, 12
13336, 7
13337, 8
13338, 21
13339, 6
13340, 2
13341, 2
13342, 8
13343, 1
13344, 16
13345, 6
13346, 7
13347, 6
13348, 3
13349, 10
13350, 6
13351, 3
13352, 4
13353, 7
13354, 2
13355, 2
13356, 11
13357, 11
13358, 10
13359, 6
13360, 17
13361, 17
13362, 3
13363, 24
13364, 8
13365, 16
13366, 15
13367, 9
13368, 8
13369, 13
13370, 6
13371, 39
13372, 24
13373, 16
13374, 22
13375, 12
13376, 39
13377, 33
13378, 4
13379, 7
13380, 4
13381, 3
13382, 7
13383, 19
13384, 16
13385, 3
13386, 13
13387, 9
13388, 10
13389, 11
13390, 8
13391, 15
13392, 3
13393, 5
13394, 7
13395, 10
13396, 14
13397, 9
13398, 16
13399, 4
13400, 16
13401, 8
13402, 7
13403, 4
13404, 4
13405, 5
13406, 4
13408, 3
13409, 2
13410, 6
13411, 5
13412, 7
13413, 9
13414, 6
13415, 10
13416, 2
13417, 1
13418, 1
13421, 9
13422, 3
13427, 1
13599, 5
13600, 3
13601, 1
13705, 6
13706, 3
13712, 1
13713, 2
13724, 3
14277, 2
14278, 1
14279, 4
14281, 4
14282, 3
14283, 2
14284, 4
14285, 3
14286, 4
14288, 4
14289, 5
14290, 2
14291, 3
14292, 5
14293, 1
14294, 6
14295, 8
14296, 2
14297, 16
14298, 6
14299, 7
14300, 3
14301, 9
14302, 4
14303, 6
14304, 5
14305, 3
14306, 9
14307, 13
14308, 11
14309, 8
14310, 7
14311, 7
14312, 4
14313, 7
14314, 12
14315, 8
14316, 7
14317, 9
14343, 2
14349, 1
14350, 1
14351, 1
14353, 2
14354, 1
14355, 2
14357, 1
14358, 2
14359, 2
14360, 2
14362, 1
14363, 2
14364, 2
14365, 3
14366, 1
14367, 6
14368, 3
14369, 4
14370, 2
14371, 4
14372, 1
14373, 1
14374, 5
14375, 1
14376, 3
14377, 6
14378, 2
14379, 2
14380, 2
14381, 3
14382, 4
14383, 3
14385, 5
14386, 2
14387, 2
14388, 5
14389, 3
14390, 3
14391, 6
14392, 3
14393, 1
14394, 3
14395, 4
14396, 4
14397, 6
14398, 6
14399, 2
14400, 2
14401, 1
14403, 4
14404, 3
14405, 3
14409, 2
14410, 2
14411, 1
14414, 2
14415, 2
14416, 1
14419, 3
14423, 1
14425, 1
14537, 1
14538, 1
14539, 2
14540, 1
14543, 4
14545, 2
14546, 3
14547, 5
14548, 2
14549, 2
14550, 1
14551, 7
14554, 1
14556, 1
14558, 1
14559, 3
14561, 2
14562, 4
14563, 7
14564, 4
14565, 8
14567, 4
14568, 7
14569, 1
14570, 2
14571, 3
14572, 9
14573, 4
14574, 3
14575, 1
14579, 5
14580, 3
14581, 3
14582, 7
14583, 3
14584, 7
14585, 3
14586, 3
14587, 7
14588, 2
14589, 4
14590, 12
14591, 7
14592, 7
14593, 18
14594, 4
14595, 6
14596, 5
14597, 14
14598, 9
14599, 18
14600, 5
14601, 11
14602, 11
14603, 21
14604, 16
14605, 17
14606, 18
14607, 9
14608, 9
14609, 9
14610, 18
14611, 23
14612, 30
14613, 26
14614, 15
14615, 38
14616, 13
14617, 1
14618, 8
14619, 14
14620, 17
14621, 8
14622, 16
14623, 7
14624, 7
14625, 11
14626, 9
14627, 12
14628, 9
14629, 10
14630, 22
14631, 12
14632, 7
14633, 5
14634, 4
14635, 11
14636, 3
14637, 8
14638, 11
14639, 6
14640, 11
14641, 21
14642, 4
14643, 8
14644, 9
14645, 4
14646, 9
14647, 11
14648, 12
14649, 15
14650, 14
14651, 7
14652, 12
14653, 21
14654, 11
14655, 13
14656, 26
14657, 20
14658, 13
14659, 8
14660, 5
14661, 16
14662, 30
14663, 16
14664, 12
14665, 7
14666, 2
14667, 25
14668, 14
14669, 10
14670, 16
14671, 3
14672, 18
14673, 15
14674, 3
14675, 6
14676, 6
14677, 31
14678, 21
14679, 11
14680, 9
14681, 12
14682, 12
14684, 3
14685, 16
14686, 10
14687, 8
14688, 24
14689, 12
14690, 8
14691, 12
14692, 9
14693, 17
14694, 11
14695, 27
14696, 21
14697, 13
14698, 30
14699, 17
14700, 28
14701, 22
14702, 30
14703, 30
14704, 11
14705, 29
14706, 46
14707, 24
14708, 15
14709, 24
14710, 28
14711, 18
14712, 14
14713, 30
14714, 20
14715, 22
14716, 29
14717, 22
14718, 23
14719, 28
14720, 25
14721, 20
14722, 38
14723, 40
14724, 32
14725, 23
14726, 24
14727, 42
14728, 17
14729, 12
14730, 15
14731, 27
14732, 24
14733, 8
14734, 21
14735, 21
14736, 11
14737, 28
14738, 19
14739, 35
14740, 12
14741, 18
14742, 20
14743, 23
14744, 21
14745, 24
14746, 36
14747, 7
14748, 15
14749, 12
14750, 13
14751, 8
14752, 29
14753, 26
14754, 16
14755, 10
14756, 10
14757, 6
14759, 5
14760, 19
14761, 5
14762, 13
14763, 21
14764, 9
14765, 12
14766, 6
14767, 21
14768, 11
14769, 8
14770, 17
14771, 18
14772, 14
14773, 3
14774, 3
14775, 4
14776, 5
14777, 8
14778, 8
14779, 13
14780, 14
14781, 6
14782, 2
14783, 12
14784, 7
14785, 14
14787, 15
14788, 5
14789, 16
14790, 6
14791, 2
14794, 7
14795, 3
14796, 3
14797, 1
14798, 6
14799, 3
14801, 11
14802, 5
14803, 2
14804, 2
14805, 2
14812, 3
14814, 3
14815, 3
14820, 1
14821, 1
14823, 2
14824, 9
14825, 2
14826, 11
14827, 11
14828, 2
14830, 3
14832, 5
14833, 5
14836, 1
14837, 2
14839, 7
14840, 6
14841, 2
14842, 6
14843, 7
14844, 1
14845, 6
14846, 3
14847, 5
14848, 19
14849, 6
14850, 3
14851, 8
14852, 3
14853, 11
14854, 7
14855, 12
14856, 9
14857, 2
14859, 8
14860, 12
14861, 6
14862, 5
14863, 12
14864, 6
14865, 2
14866, 8
14869, 1
14870, 9
14873, 2
14874, 13
14875, 8
14877, 4
14878, 3
14879, 1
14880, 3
14881, 3
14885, 4
14887, 3
14888, 6
14889, 5
14890, 3
14894, 3
14895, 6
14896, 3
14897, 2
14899, 3
14900, 6
14901, 4
14902, 5
14903, 7
14905, 1
14908, 2
14909, 1
14912, 7
14915, 3
14916, 5
14917, 6
14918, 2
14919, 2
14920, 5
14921, 4
14922, 4
14926, 1
14927, 3
14928, 3
14931, 3
14932, 3
14935, 3
14936, 5
14939, 1
14940, 1
14943, 1
14944, 3
14947, 3
14951, 3
14952, 2
14957, 3
14963, 11
14964, 3
14967, 1
14971, 6
14975, 4
14983, 6
14984, 1
14985, 3
14986, 10
14989, 3
14990, 3
14991, 7
14992, 1
14993, 1
14996, 6
14997, 1
14998, 9
14999, 3
15000, 7
15003, 3
15009, 2
15018, 1
15019, 1
15020, 4
15029, 2
15030, 4
15034, 3
15043, 7
15044, 3
15046, 3
15055, 1
15056, 2
15058, 7
15059, 3
15060, 6
15061, 3
15072, 3
15080, 1
15081, 1
15082, 4
15083, 1
15085, 2
15086, 3
15087, 4
15088, 3
15089, 5
15090, 9
15091, 18
15092, 3
15093, 5
15094, 1
15095, 17
15096, 2
15097, 1
15098, 7
15099, 4
15100, 8
15102, 1
15103, 1
15104, 4
15105, 2
15106, 9
15107, 6
15108, 9
15109, 5
15110, 11
15111, 1
15112, 9
15113, 6
15114, 1
15115, 4
15116, 2
15117, 3
15118, 4
15119, 6
15120, 3
15121, 3
15124, 3
15125, 4
15126, 3
15127, 2
15128, 3
15129, 2
15130, 9
15131, 5
15134, 3
15135, 3
15136, 5
15142, 2
15145, 2
15146, 2
15152, 1
15153, 2
15156, 1
15160, 4
15161, 5
15165, 2
15166, 1
15167, 3
15169, 3
15170, 3
15173, 2
15175, 2
15176, 2
15177, 5
15178, 9
15179, 5
15180, 6
15181, 5
15182, 2
15183, 3
15184, 2
15186, 13
15187, 2
15192, 8
15193, 1
15194, 1
15195, 4
15196, 8
15197, 4
15199, 3
15200, 2
15202, 6
15203, 2
15205, 3
15207, 3
15208, 1
15209, 2
15210, 3
15211, 6
15212, 3
15219, 3
15220, 3
15223, 2
15228, 1
15230, 3
15270, 3
15409, 3
15410, 3
15416, 5
15420, 7
15421, 2
15424, 3
15426, 2
15429, 2
15435, 3
15437, 3
15438, 2
15439, 1
15440, 3
15442, 3
15443, 6
15462, 3
16521, 2
16522, 1
16524, 3
16525, 1
16526, 1
16527, 3
16528, 3
16529, 1
16531, 4
16532, 2
16533, 2
16534, 5
16535, 3
16536, 3
16537, 1
16538, 4
16539, 2
16540, 1
16541, 2
16543, 4
16544, 4
16545, 4
16546, 6
16547, 3
16548, 1
16549, 3
16550, 2
16551, 3
16552, 4
16553, 5
16554, 4
16555, 7
16556, 4
16557, 3
16558, 7
16559, 8
16560, 6
16561, 5
16562, 1
16563, 1
16600, 7
16602, 6
16604, 5
16607, 5
16609, 2
16610, 2
16611, 4
16613, 7
16614, 4
16615, 5
16616, 10
16617, 3
16618, 7
16619, 6
16620, 1
16621, 2
16622, 7
16623, 8
16624, 6
16625, 6
16626, 2
16627, 4
16628, 13
16629, 6
16630, 9
16631, 8
16632, 8
16633, 6
16634, 3
16635, 9
16636, 1
16637, 2
16638, 7
16639, 8
16641, 4
16642, 4
16643, 7
16644, 2
16646, 4
16647, 7
16648, 6
16649, 4
16650, 10
16651, 1
16652, 6
16653, 9
16654, 3
16656, 1
16658, 8
16660, 4
16661, 5
16662, 6
16663, 7
16665, 8
16666, 8
16667, 5
16668, 4
16669, 5
16670, 1
16672, 3
16673, 1
16674, 11
16675, 9
16676, 2
16677, 11
16678, 10
16679, 4
16680, 13
16681, 1
16682, 5
16683, 9
16684, 6
16686, 6
16687, 5
16688, 4
16689, 3
16690, 17
16691, 9
16693, 9
16694, 1
16695, 4
16696, 3
16697, 3
16699, 10
16700, 7
16701, 3
16702, 14
16703, 5
16704, 6
16705, 6
16706, 2
16707, 5
16708, 11
16709, 4
16710, 14
16711, 15
16713, 8
16714, 5
16715, 8
16716, 9
16717, 7
16718, 5
16719, 3
16720, 13
16721, 11
16722, 9
16723, 3
16724, 12
16725, 4
16727, 5
16728, 9
16729, 12
16730, 3
16731, 11
16732, 7
16733, 10
16734, 3
16735, 6
16737, 7
16738, 12
16739, 12
16740, 4
16741, 12
16742, 8
16743, 6
16744, 13
16745, 12
16746, 3
16747, 7
16748, 7
16749, 4
16750, 7
16751, 16
16752, 8
16753, 10
16754, 6
16755, 8
16756, 18
16757, 11
16758, 8
16759, 3
16760, 7
16761, 7
16762, 3
16763, 7
16764, 8
16765, 2
16766, 9
16767, 4
16768, 3
16769, 1
16771, 5
16774, 2
16775, 3
16776, 3
16779, 2
16780, 3
16782, 6
16784, 3
16786, 2
16787, 1
16788, 2
16791, 7
16792, 4
16794, 1
16795, 1
16817, 2
16819, 1
16823, 6
16840, 1
16843, 1
16845, 1
16849, 1
16853, 1
16854, 3
16855, 2
16857, 1
16858, 3
16860, 1
16862, 1
16863, 3
16865, 2
16868, 3
16870, 3
16871, 5
16872, 8
16873, 6
16874, 1
16875, 10
16876, 6
16877, 12
16878, 4
16879, 3
16880, 14
16881, 3
16882, 5
16886, 3
16887, 4
16888, 2
16890, 3
16891, 9
16892, 4
16893, 8
16894, 6
16896, 8
16897, 3
16898, 7
16899, 11
16900, 5
16901, 10
16902, 2
16903, 5
16904, 2
16906, 3
16907, 6
16908, 9
16909, 5
16911, 6
16912, 3
16913, 3
16914, 6
16917, 2
16918, 1
16919, 3
16920, 2
16922, 4
16927, 3
16930, 3
16931, 3
16932, 3
16935, 6
16936, 1
16938, 3
16941, 3
16944, 3
16947, 4
16949, 1
16950, 1
16952, 3
16956, 2
16957, 2
16958, 3
16960, 1
16962, 2
16973, 4
16975, 3
16976, 1
16978, 1
16979, 3
16980, 5
16981, 4
16982, 3
16983, 9
16984, 2
16985, 2
16986, 3
16987, 11
16988, 16
16989, 20
16990, 16
16991, 16
16992, 17
16993, 2
16994, 3
16995, 2
16996, 4
16997, 14
16998, 5
16999, 16
17000, 4
17001, 3
17003, 18
17004, 4
17005, 21
17006, 20
17007, 16
17008, 28
17009, 6
17010, 14
17011, 6
17012, 13
17013, 16
17014, 15
17015, 4
17016, 5
17017, 11
17018, 2
17019, 7
17020, 6
17021, 9
17023, 10
17024, 1
17025, 2
17026, 6
17027, 6
17028, 9
17029, 6
17030, 7
17031, 6
17034, 8
17037, 6
17042, 5
17043, 4
17044, 9
17045, 3
17049, 5
17050, 2
17051, 4
17055, 3
17057, 1
17063, 3
17064, 9
17067, 1
17068, 7
17069, 2
17070, 4
17071, 5
17074, 2
17075, 5
17079, 6
17082, 6
17084, 11
17088, 7
17089, 3
17090, 2
17091, 2
17094, 4
17099, 1
17100, 2
17101, 4
17102, 7
17103, 1
17107, 2
17110, 1
17113, 2
17114, 2
17116, 2
17117, 1
17120, 2
17125, 12
17126, 8
17141, 6
17143, 7
17144, 4
17146, 5
17148, 8
17151, 14
17152, 1
17159, 1
17184, 5
17185, 1
17198, 3
17202, 3
17203, 6
17210, 3
17211, 3
17212, 9
17213, 2
17214, 4
17216, 3
17218, 8
17219, 17
17220, 3
17224, 5
17228, 6
17229, 6
17232, 5
17233, 2
17244, 2
17245, 4
17256, 3
17287, 12
17288, 7
17290, 6
17296, 6
17301, 1
17302, 2
17324, 2
17325, 6
17330, 2
17331, 7
17332, 4
17334, 5
17335, 1
17340, 1
17341, 5
17360, 4
17361, 5
17435, 3
17656, 4
17657, 3
17659, 1
17660, 1
17661, 2
17663, 5
17664, 2
17665, 2
17666, 3
17667, 2
17668, 1
17669, 5
17670, 1
17671, 2
17672, 3
17673, 1
17674, 7
17675, 1
17676, 3
17677, 2
17678, 7
17679, 5
17680, 6
17681, 13
17682, 15
17683, 7
17684, 8
17685, 12
17686, 8
17687, 12
17688, 3
17689, 22
17690, 10
17691, 14
17692, 22
17693, 19
17694, 24
17695, 16
17696, 5
17697, 4
17698, 3
17699, 2
17700, 4
17703, 1
17704, 3
17705, 4
17728, 5
17730, 5
17732, 6
17733, 1
17734, 4
17735, 8
17737, 2
17738, 8
17739, 4
17740, 6
17741, 4
17742, 17
17743, 9
17744, 10
17745, 13
17746, 11
17747, 25
17748, 6
17749, 19
17750, 8
17751, 6
17752, 8
17753, 2
17754, 12
17755, 20
17756, 21
17757, 11
17758, 19
17759, 11
17760, 16
17761, 26
17762, 22
17763, 20
17764, 32
17765, 14
17766, 26
17767, 8
17768, 26
17769, 31
17770, 25
17771, 32
17772, 38
17773, 8
17774, 8
17775, 34
17776, 24
17777, 26
17778, 6
17779, 14
17780, 16
17781, 14
17782, 20
17783, 23
17784, 24
17785, 10
17786, 14
17787, 41
17788, 27
17789, 10
17790, 20
17791, 14
17792, 8
17793, 10
17795, 11
17796, 15
17797, 9
17798, 9
17799, 4
17801, 5
17802, 4
17803, 4
17804, 19
17805, 18
17806, 5
17807, 4
17808, 2
17809, 6
17810, 10
17812, 3
17815, 7
17816, 5
17817, 9
17818, 5
17819, 4
17822, 8
17823, 5
17824, 5
17826, 5
17827, 9
17828, 5
17829, 4
17831, 5
17832, 8
17834, 4
17835, 4
17836, 3
17838, 4
17841, 3
17849, 15
17850, 2
17851, 2
17862, 2
18827, 1
18830, 1
18831, 4
18832, 2
18833, 1
18834, 3
18835, 2
18836, 1
18837, 8
18838, 4
18839, 4
18840, 1
18841, 5
18843, 5
18844, 4
18845, 2
18846, 5
18847, 6
18848, 4
18849, 7
18850, 8
18851, 11
18852, 5
18853, 11
18854, 8
18855, 11
18856, 4
18857, 6
18858, 6
18859, 5
18860, 11
18861, 11
18862, 6
18863, 5
18864, 7
18865, 10
18866, 14
18867, 8
18868, 7
18869, 4
18870, 1
18902, 1
18903, 2
18905, 1
18907, 1
18909, 2
18910, 2
18911, 1
18912, 3
18913, 1
18915, 4
18916, 3
18917, 1
18918, 8
18919, 3
18920, 2
18921, 1
18922, 1
18923, 2
18924, 3
18925, 3
18926, 3
18927, 2
18928, 2
18929, 6
18930, 5
18931, 2
18932, 2
18933, 2
18934, 1
18935, 2
18936, 6
18937, 1
18938, 5
18939, 1
18940, 2
18942, 3
18944, 2
18946, 3
18947, 2
18948, 2
18949, 2
18950, 2
18952, 2
18953, 1
18954, 1
18956, 2
18957, 4
18958, 1
18959, 1
18962, 2
18964, 3
18965, 2
18969, 1
18970, 1
18971, 1
19002, 1
19004, 2
19005, 1
19006, 1
19010, 1
19011, 2
19013, 2
19015, 1
19017, 8
19018, 1
19020, 5
19021, 1
19022, 1
19023, 3
19024, 1
19025, 7
19026, 4
19028, 3
19029, 2
19030, 1
19031, 2
19032, 3
19033, 5
19034, 10
19035, 2
19036, 8
19037, 3
19038, 6
19039, 9
19040, 17
19041, 8
19042, 13
19044, 15
19045, 5
19046, 15
19047, 3
19048, 11
19049, 9
19050, 12
19051, 6
19052, 6
19053, 1
19054, 3
19055, 2
19056, 3
19057, 8
19058, 9
19059, 8
19060, 5
19061, 5
19062, 4
19064, 5
19065, 3
19066, 7
19067, 7
19068, 4
19069, 5
19070, 8
19071, 7
19072, 6
19073, 5
19074, 3
19075, 1
19076, 13
19077, 6
19078, 2
19079, 10
19080, 3
19081, 6
19082, 7
19083, 5
19084, 9
19085, 2
19086, 7
19087, 5
19088, 4
19089, 6
19090, 7
19091, 5
19092, 8
19093, 4
19094, 3
19095, 3
19096, 11
19097, 14
19098, 4
19099, 5
19100, 2
19101, 7
19102, 12
19103, 20
19104, 19
19105, 6
19106, 3
19107, 5
19108, 5
19109, 9
19110, 3
19111, 8
19112, 7
19113, 2
19114, 15
19115, 9
19116, 9
19117, 3
19118, 1
19119, 4
19120, 14
19121, 13
19124, 5
19125, 2
19126, 5
19127, 8
19128, 3
19129, 6
19130, 4
19132, 12
19133, 6
19135, 12
19136, 2
19138, 2
19139, 4
19140, 3
19141, 3
19142, 2
19143, 2
19144, 2
19145, 3
19146, 1
19147, 3
19153, 3
19154, 1
19157, 2
19161, 2
19163, 2
19164, 2
19165, 8
19166, 10
19167, 5
19168, 5
19169, 5
19170, 7
19171, 7
19172, 4
19173, 12
19174, 2
19175, 16
19176, 25
19177, 10
19178, 3
19179, 8
19180, 14
19181, 22
19182, 20
19183, 24
19184, 23
19185, 25
19186, 17
19187, 3
19188, 19
19189, 18
19190, 23
19191, 14
19192, 19
19193, 32
19194, 31
19195, 13
19196, 26
19197, 40
19198, 23
19199, 21
19200, 18
19201, 34
19202, 7
19203, 10
19204, 23
19205, 16
19206, 5
19207, 7
19208, 19
19209, 15
19210, 11
19211, 26
19212, 20
19213, 10
19214, 5
19215, 8
19216, 14
19217, 2
19218, 9
19219, 12
19220, 10
19221, 6
19222, 2
19224, 9
19225, 9
19226, 1
19227, 6
19228, 6
19229, 12
19230, 9
19231, 2
19232, 15
19233, 7
19234, 1
19235, 14
19236, 12
19237, 12
19238, 6
19239, 6
19240, 5
19241, 6
19242, 2
19243, 6
19245, 1
19246, 1
19247, 6
19248, 18
19249, 7
19250, 6
19251, 13
19252, 5
19253, 10
19254, 8
19255, 10
19256, 13
19257, 12
19258, 15
19259, 10
19260, 7
19261, 22
19262, 3
19263, 11
19264, 5
19265, 5
19266, 10
19267, 6
19268, 7
19269, 2
19270, 13
19271, 8
19272, 15
19273, 24
19274, 21
19275, 6
19276, 5
19278, 15
19279, 17
19280, 10
19281, 5
19282, 8
19283, 10
19284, 8
19285, 3
19286, 16
19287, 18
19288, 11
19289, 18
19290, 26
19291, 14
19292, 10
19293, 7
19294, 14
19295, 19
19296, 28
19297, 3
19298, 11
19299, 14
19300, 2
19301, 14
19302, 8
19303, 14
19304, 15
19305, 1
19306, 27
19307, 18
19308, 17
19309, 9
19310, 15
19311, 41
19312, 19
19313, 22
19314, 9
19315, 34
19316, 32
19317, 19
19318, 12
19319, 11
19320, 15
19321, 18
19322, 3
19323, 14
19324, 17
19325, 11
19326, 11
19327, 26
19328, 9
19329, 18
19330, 17
19331, 4
19332, 16
19334, 19
19335, 9
19336, 33
19337, 3
19339, 6
19340, 10
19341, 7
19343, 6
19344, 7
19346, 2
19347, 11
19348, 2
19349, 7
19350, 20
19351, 21
19352, 30
19353, 30
19354, 27
19355, 9
19357, 16
19358, 29
19359, 8
19360, 22
19361, 6
19363, 13
19364, 6
19365, 8
19366, 10
19367, 3
19368, 5
19369, 17
19370, 18
19371, 14
19372, 15
19375, 6
19376, 27
19377, 14
19378, 7
19379, 24
19380, 4
19381, 9
19382, 13
19383, 5
19384, 23
19385, 12
19386, 2
19387, 6
19388, 10
19389, 5
19390, 12
19391, 11
19392, 10
19393, 10
19394, 6
19395, 8
19396, 3
19397, 3
19398, 13
19399, 4
19400, 12
19401, 11
19402, 4
19403, 4
19404, 9
19405, 3
19409, 3
19411, 9
19412, 3
19413, 3
19414, 9
19415, 10
19416, 8
19417, 13
19420, 1
19421, 6
19423, 8
19424, 3
19430, 3
19431, 3
19434, 3
19437, 3
19457, 5
19458, 2
19463, 3
19475, 9
19581, 2
19585, 1
19586, 3
19599, 1
19600, 7
19622, 2
19623, 1
19631, 7
19632, 5
19633, 6
19671, 7
19672, 3
19714, 1
19762, 3
20485, 1
20486, 1
20487, 2
20488, 1
20489, 4
20490, 3
20491, 3
20492, 2
20493, 2
20495, 1
20496, 3
20497, 2
20498, 1
20499, 5
20500, 3
20501, 6
20502, 4
20503, 2
20504, 6
20505, 5
20506, 2
20508, 4
20509, 5
20510, 8
20511, 1
20512, 6
20513, 5
20514, 1
20515, 2
20516, 2
20517, 3
20518, 6
20519, 5
20520, 1
20521, 6
20522, 1
20523, 11
20524, 7
20525, 2
20526, 2
20527, 2
20556, 2
20559, 1
20561, 2
20567, 3
20569, 2
20571, 2
20573, 5
20574, 5
20577, 3
20578, 4
20579, 3
20580, 10
20581, 1
20582, 4
20583, 5
20585, 2
20586, 3
20587, 3
20588, 1
20589, 4
20590, 5
20591, 4
20592, 7
20594, 3
20595, 5
20596, 4
20597, 5
20598, 1
20599, 8
20600, 5
20602, 5
20603, 7
20604, 5
20605, 8
20607, 2
20608, 6
20609, 4
20615, 2
20616, 2
20618, 3
20619, 11
20620, 2
20621, 7
20623, 2
20624, 3
20627, 8
20628, 5
20631, 6
20632, 3
20638, 2
20643, 1
20644, 1
20645, 1
20646, 5
20653, 1
20655, 3
20744, 1
20746, 1
20749, 5
20750, 1
20751, 4
20752, 1
20753, 6
20754, 2
20755, 6
20756, 8
20757, 3
20759, 3
20760, 4
20761, 16
20762, 2
20763, 10
20764, 7
20765, 11
20767, 6
20768, 5
20769, 13
20770, 6
20771, 4
20772, 11
20773, 3
20774, 4
20775, 7
20776, 5
20777, 9
20778, 11
20779, 19
20780, 4
20781, 10
20782, 5
20783, 4
20784, 9
20785, 9
20786, 9
20787, 2
20788, 14
20794, 6
20795, 3
20804, 6
20814, 5
20815, 1
20824, 7
20825, 9
20833, 6
20834, 13
20835, 14
20836, 8
20837, 5
20838, 8
20839, 5
20840, 4
20841, 6
20842, 10
20843, 9
20844, 4
20845, 8
20846, 7
20848, 17
20849, 15
20850, 23
20851, 17
20852, 14
20853, 13
20855, 10
20856, 9
20857, 24
20858, 36
20859, 14
20860, 22
20861, 10
20862, 3
20863, 7
20864, 23
20865, 15
20866, 9
20867, 13
20868, 4
20869, 12
20870, 19
20871, 1
20872, 5
20873, 20
20874, 9
20875, 13
20876, 4
20877, 7
20878, 18
20879, 25
20880, 12
20881, 8
20883, 5
20884, 4
20885, 1
20886, 4
20888, 23
20889, 16
20891, 11
20892, 3
20893, 7
20894, 9
20895, 6
20896, 3
20897, 3
20898, 3
20902, 8
20903, 3
20904, 1
20905, 1
20906, 1
20907, 3
20908, 4
20910, 8
20911, 1
20912, 10
20913, 3
20914, 8
20915, 7
20916, 9
20917, 9
20918, 3
20919, 3
20920, 8
20921, 9
20922, 11
20923, 21
20924, 11
20925, 17
20926, 13
20927, 4
20928, 3
20929, 3
20930, 10
20931, 7
20932, 8
20933, 7
20934, 18
20935, 6
20936, 9
20937, 15
20938, 15
20939, 14
20940, 4
20941, 15
20942, 7
20943, 8
20944, 15
20945, 23
20946, 14
20947, 8
20948, 15
20949, 24
20950, 19
20951, 18
20952, 11
20953, 11
20954, 10
20955, 13
20956, 12
20957, 16
20958, 14
20959, 11
20960, 21
20961, 15
20962, 24
20963, 9
20964, 6
20965, 9
20966, 14
20967, 17
20968, 6
20969, 15
20970, 18
20971, 19
20972, 24
20973, 25
20974, 11
20975, 11
20976, 8
20977, 13
20978, 13
20979, 5
20980, 14
20981, 22
20982, 14
20983, 14
20984, 14
20985, 11
20986, 3
20987, 15
20988, 5
20989, 16
20990, 1
20991, 16
20992, 8
20993, 20
20994, 16
20995, 9
20996, 10
20998, 14
20999, 7
21000, 15
21001, 14
21002, 18
21003, 16
21004, 8
21005, 17
21006, 7
21007, 5
21008, 14
21009, 13
21010, 6
21011, 12
21012, 16
21013, 8
21014, 17
21015, 26
21016, 23
21017, 7
21018, 12
21019, 28
21020, 2
21021, 11
21022, 14
21023, 26
21024, 19
21025, 26
21026, 18
21027, 11
21028, 11
21029, 7
21030, 45
21031, 19
21032, 11
21033, 36
21034, 17
21035, 12
21036, 15
21037, 24
21038, 25
21039, 11
21040, 7
21042, 8
21043, 11
21044, 12
21045, 15
21046, 32
21047, 16
21048, 29
21049, 44
21050, 31
21051, 14
21052, 11
21053, 3
21054, 16
21055, 12
21056, 13
21057, 17
21058, 20
21059, 16
21060, 15
21061, 1
21062, 18
21063, 8
21064, 23
21065, 8
21066, 9
21067, 27
21068, 1
21069, 10
21070, 12
21071, 8
21072, 13
21073, 10
21074, 53
21075, 14
21076, 44
21077, 6
21078, 25
21079, 14
21080, 17
21081, 16
21082, 11
21083, 13
21084, 5
21085, 5
21086, 13
21087, 10
21088, 16
21089, 16
21090, 9
21091, 10
21092, 7
21093, 12
21094, 11
21095, 15
21096, 19
21097, 10
21098, 19
21099, 17
21100, 13
21101, 9
21102, 11
21103, 18
21104, 5
21107, 12
21108, 5
21109, 4
21111, 10
21113, 3
21114, 7
21115, 5
21116, 8
21117, 4
21118, 14
21119, 9
21120, 2
21122, 5
21123, 5
21124, 3
21125, 9
21126, 6
21127, 8
21128, 10
21129, 4
21130, 1
21131, 8
21132, 1
21134, 3
21135, 1
21136, 7
21137, 3
21138, 3
21139, 2
21140, 10
21141, 5
21142, 12
21143, 10
21145, 2
21147, 10
21148, 1
21149, 2
21150, 2
21151, 5
21152, 4
21153, 5
21156, 8
21157, 5
21160, 4
21162, 3
21163, 8
21167, 2
21170, 6
21172, 3
21178, 1
21196, 1
21197, 1
21200, 2
21202, 1
21203, 3
21204, 3
21206, 1
21207, 2
21210, 3
21211, 1
21212, 4
21213, 1
21214, 7
21215, 2
21216, 6
21217, 4
21218, 4
21219, 7
21220, 3
21221, 9
21222, 1
21223, 4
21224, 4
21225, 14
21226, 7
21227, 3
21228, 6
21229, 5
21230, 12
21231, 6
21232, 14
21233, 4
21234, 7
21235, 18
21236, 10
21237, 6
21239, 3
21242, 2
21244, 2
21245, 7
21246, 3
21247, 7
21248, 4
21249, 5
21250, 2
21252, 3
21253, 6
21254, 4
21255, 4
21256, 2
21257, 2
21260, 4
21261, 5
21262, 5
21264, 3
21265, 3
21267, 3
21268, 3
21275, 2
21276, 3
21278, 4
21280, 2
21282, 4
21283, 11
21284, 2
21285, 4
21287, 6
21289, 4
21290, 3
21295, 8
21296, 2
21298, 2
21299, 5
21300, 4
21302, 2
21303, 2
21304, 1
21305, 6
21306, 10
21307, 10
21308, 4
21309, 1
21310, 4
21311, 14
21313, 2
21314, 3
21315, 4
21316, 5
21317, 1
21318, 5
21319, 1
21320, 1
21321, 10
21322, 7
21323, 1
21324, 4
21325, 2
21326, 5
21327, 9
21328, 7
21329, 3
21330, 5
21331, 6
21332, 7
21333, 11
21334, 10
21335, 11
21336, 3
21337, 2
21338, 8
21339, 6
21340, 5
21341, 7
21342, 5
21343, 6
21344, 6
21345, 3
21347, 6
21348, 10
21351, 1
21352, 9
21353, 5
21354, 1
21355, 8
21356, 3
21357, 4
21358, 8
21361, 7
21362, 6
21363, 1
21366, 7
21367, 5
21369, 5
21370, 13
21371, 10
21372, 14
21374, 10
21377, 12
21378, 3
21380, 7
21381, 7
21382, 6
21383, 11
21387, 3
21388, 9
21390, 6
21392, 8
21393, 15
21394, 10
21395, 4
21396, 13
21397, 13
21398, 13
21399, 3
21400, 7
21401, 8
21402, 7
21403, 4
21404, 5
21405, 19
21406, 3
21407, 6
21408, 6
21409, 9
21413, 1
21414, 20
21415, 21
21416, 18
21417, 22
21418, 14
21419, 16
21420, 13
21421, 15
21422, 25
21423, 4
21424, 14
21425, 15
21426, 3
21427, 8
21428, 12
21429, 11
21430, 6
21431, 6
21432, 19
21433, 3
21434, 6
21435, 10
21436, 7
21438, 5
21439, 4
21440, 3
21441, 6
21445, 1
21446, 5
21447, 6
21448, 9
21480, 2
21481, 4
21486, 3
21487, 1
21488, 2
21489, 2
21490, 5
21491, 4
21492, 1
21493, 7
21494, 5
21495, 1
21496, 7
21497, 4
21498, 1
21499, 3
21500, 5
21501, 3
21502, 12
21503, 4
21504, 3
21505, 7
21506, 10
21507, 8
21509, 3
21510, 5
21511, 5
21512, 4
21513, 17
21514, 11
21515, 6
21516, 13
21517, 8
21518, 12
21519, 14
21520, 6
21521, 2
21522, 2
21523, 3
21524, 3
21525, 1
21526, 5
21527, 1
21531, 9
21532, 1
21533, 1
21536, 2
21538, 8
21539, 3
21541, 3
21543, 2
21545, 6
21546, 7
21547, 5
21548, 2
21549, 3
21550, 2
21551, 6
21552, 1
21553, 2
21554, 4
21555, 1
21559, 3
21560, 3
21561, 6
21562, 5
21565, 3
21566, 2
21567, 4
21568, 6
21569, 4
21570, 3
21571, 1
21573, 2
21575, 1
21576, 1
21577, 4
21578, 1
21580, 3
21582, 3
21583, 4
21584, 3
21585, 1
21589, 1
21591, 3
21592, 1
21593, 6
21595, 7
21598, 5
21599, 1
21600, 3
21603, 2
21604, 2
21605, 3
21606, 3
21608, 2
21611, 1
21612, 3
21614, 8
21615, 3
21649, 1
21651, 3
21652, 2
21653, 2
21654, 1
21655, 1
21657, 2
21658, 4
21659, 5
21660, 4
21661, 3
21662, 1
21664, 1
21665, 1
21666, 4
21667, 1
21668, 1
21669, 2
21670, 3
21671, 3
21672, 2
21673, 5
21674, 3
21675, 2
21676, 5
21677, 7
21678, 14
21679, 7
21680, 5
21681, 8
21682, 5
21683, 12
21684, 10
21685, 7
21686, 15
21687, 14
21688, 10
21689, 4
21690, 5
21691, 4
21692, 1
21693, 1
21694, 8
21695, 4
21696, 3
21697, 9
21698, 6
21699, 4
21702, 5
21703, 4
21704, 11
21705, 7
21706, 7
21707, 11
21708, 8
21709, 2
21710, 3
21711, 4
21712, 7
21713, 4
21714, 7
21715, 2
21716, 4
21717, 6
21718, 4
21719, 1
21720, 3
21721, 4
21722, 5
21723, 1
21724, 2
21725, 1
21728, 6
21729, 1
21730, 3
21731, 5
21732, 2
21733, 2
21734, 4
21735, 4
21736, 1
21738, 2
21741, 1
21742, 2
21743, 1
21744, 1
21745, 1
21746, 1
21747, 3
21748, 4
21749, 3
21750, 3
21751, 2
21753, 1
21755, 2
21759, 1
21760, 1
21761, 2
21762, 1
21763, 2
21764, 2
21765, 2
21766, 2
21768, 3
21769, 3
21770, 6
21771, 5
21772, 1
21773, 6
21774, 3
21775, 10
21776, 7
21777, 1
21778, 3
21779, 3
21780, 1
21781, 2
21782, 9
21783, 12
21784, 4
21785, 6
21786, 6
21787, 6
21788, 15
21789, 7
21790, 8
21791, 6
21792, 8
21793, 3
21794, 7
21795, 5
21796, 12
21797, 8
21798, 5
21799, 8
21800, 9
21801, 6
21802, 15
21803, 12
21804, 17
21805, 7
21806, 3
21807, 5
21808, 7
21810, 3
21811, 8
21812, 2
21814, 1
21817, 3
21818, 2
21823, 2
21824, 6
21825, 2
21829, 2
21830, 7
21834, 2
21835, 5
21836, 1
21838, 1
21839, 2
21841, 3
21846, 1
21847, 6
21848, 3
21849, 1
21852, 5
21853, 5
21854, 1
21855, 1
21857, 7
21858, 2
21859, 3
21860, 2
21862, 4
21863, 3
21864, 1
21866, 1
21867, 2
21868, 1
21869, 1
21870, 2
21871, 3
21873, 1
21874, 1
21876, 1
21883, 1
21889, 1
21899, 2
21900, 1
21903, 3
22141, 1
22142, 2
22143, 1
22144, 2
22145, 2
22146, 4
22147, 3
22148, 2
22149, 1
22150, 3
22153, 4
22154, 1
22155, 1
22156, 3
22157, 2
22158, 6
22159, 6
22160, 3
22161, 5
22162, 1
22163, 2
22164, 3
22165, 7
22166, 4
22167, 5
22168, 8
22169, 9
22170, 8
22171, 10
22172, 9
22173, 6
22174, 5
22175, 5
22176, 7
22177, 2
22178, 11
22179, 8
22180, 4
22181, 7
22182, 1
22203, 1
22208, 1
22214, 2
22215, 2
22221, 2
22222, 3
22223, 1
22224, 2
22226, 1
22227, 3
22228, 2
22229, 3
22230, 2
22231, 3
22232, 3
22233, 6
22234, 6
22235, 5
22236, 4
22237, 4
22238, 6
22239, 5
22240, 2
22241, 4
22242, 2
22243, 2
22244, 4
22245, 2
22246, 4
22247, 8
22248, 2
22249, 8
22250, 3
22251, 4
22252, 2
22253, 4
22254, 5
22255, 5
22256, 6
22257, 2
22258, 1
22259, 5
22260, 10
22261, 6
22262, 6
22263, 2
22265, 2
22266, 4
22267, 2
22269, 2
22270, 2
22271, 8
22272, 2
22273, 2
22274, 1
22275, 1
22276, 2
22280, 2
22283, 1
22291, 1
22294, 2
22295, 2
22721, 2
22723, 1
22724, 2
22725, 3
22726, 3
22728, 2
22729, 4
22731, 2
22733, 1
22736, 2
22737, 3
22738, 4
22739, 4
22740, 6
22741, 2
22742, 3
22743, 5
22744, 4
22745, 3
22746, 7
22747, 6
22748, 5
22749, 3
22750, 5
22751, 6
22752, 11
22753, 6
22754, 5
22755, 8
22756, 10
22757, 9
22758, 6
22759, 8
22760, 1
22761, 1
22791, 2
22794, 2
22796, 5
22798, 1
22799, 2
22800, 2
22803, 2
22804, 2
22805, 2
22807, 1
22808, 2
22809, 4
22810, 2
22811, 4
22812, 6
22813, 1
22814, 5
22815, 12
22816, 3
22817, 7
22818, 4
22819, 9
22820, 9
22821, 5
22822, 5
22823, 9
22824, 6
22825, 8
22826, 6
22827, 5
22828, 4
22829, 7
22830, 4
22831, 6
22832, 3
22833, 3
22834, 3
22835, 5
22836, 3
22837, 6
22838, 7
22840, 1
22841, 4
22842, 5
22843, 3
22844, 3
22845, 3
22846, 2
22847, 5
22849, 2
22851, 1
22852, 1
22853, 5
22855, 1
22857, 2
22861, 2
22863, 2
22864, 2
23083, 1
23086, 1
23090, 1
23091, 5
23092, 2
23093, 1
23094, 1
23095, 3
23096, 2
23097, 4
23098, 4
23100, 3
23101, 4
23102, 6
23103, 5
23104, 2
23105, 11
23106, 4
23107, 5
23108, 9
23109, 5
23110, 2
23111, 5
23112, 1
23113, 7
23114, 8
23115, 12
23116, 6
23117, 10
23118, 16
23119, 4
23120, 9
23121, 2
23122, 10
23123, 12
23124, 6
23125, 2
23128, 1
23133, 2
23155, 2
23156, 1
23157, 8
23158, 2
23159, 3
23161, 5
23162, 2
23163, 15
23166, 6
23167, 10
23168, 10
23169, 9
23170, 3
23171, 5
23172, 6
23173, 6
23174, 9
23175, 3
23176, 9
23177, 15
23178, 10
23179, 11
23180, 16
23181, 17
23182, 18
23183, 16
23184, 8
23185, 21
23186, 22
23187, 7
23188, 11
23189, 10
23190, 12
23191, 13
23192, 22
23193, 17
23194, 23
23195, 20
23196, 17
23197, 14
23198, 13
23199, 22
23200, 24
23201, 7
23202, 19
23203, 18
23204, 14
23205, 17
23206, 12
23207, 23
23208, 10
23209, 12
23210, 16
23211, 8
23212, 19
23213, 6
23214, 18
23215, 20
23216, 7
23217, 2
23218, 14
23219, 23
23220, 11
23221, 2
23222, 5
23223, 7
23224, 11
23225, 2
23226, 12
23227, 10
23228, 3
23229, 5
23230, 7
23231, 8
23234, 4
23236, 1
23237, 4
23238, 3
23239, 3
23242, 1
23243, 8
23244, 5
23245, 1
23247, 6
23248, 1
23249, 1
23250, 2
23251, 1
23252, 2
23255, 4
23256, 5
23257, 4
23258, 5
23259, 1
23260, 1
23261, 5
23263, 6
23265, 9
23266, 6
23267, 5
23268, 4
23269, 3
23270, 2
23271, 1
23272, 9
23273, 11
23274, 3
23275, 5
23276, 3
23277, 6
23278, 15
23279, 5
23280, 11
23281, 3
23282, 7
23283, 12
23284, 8
23285, 3
23287, 9
23288, 6
23289, 12
23290, 4
23291, 5
23292, 14
23293, 6
23294, 1
23295, 2
23296, 3
23297, 18
23298, 27
23299, 4
23301, 4
23302, 24
23303, 3
23304, 9
23305, 9
23306, 9
23307, 5
23308, 3
23309, 3
23310, 3
23312, 2
23313, 6
23314, 1
23315, 2
23317, 1
23318, 4
23319, 5
23320, 4
23321, 1
23323, 3
23324, 4
23326, 2
23327, 2
23330, 6
23332, 3
23333, 9
23334, 3
23336, 3
23338, 3
23341, 3
23347, 4
23348, 2
23352, 3
23356, 3
23386, 2
23387, 1
23388, 3
23389, 1
23390, 2
23391, 1
23393, 1
23394, 1
23397, 1
23398, 2
23399, 4
23400, 2
23401, 2
23402, 5
23403, 5
23404, 2
23405, 2
23406, 3
23407, 3
23408, 1
23409, 6
23410, 4
23411, 3
23412, 4
23413, 5
23414, 8
23415, 2
23416, 3
23417, 14
23418, 8
23419, 20
23420, 14
23421, 16
23422, 15
23423, 14
23424, 13
23425, 18
23426, 3
23427, 5
23428, 2
23430, 1
23432, 2
23435, 1
23436, 2
23439, 2
23440, 3
23441, 1
23442, 1
23443, 2
23445, 1
23446, 2
23454, 1
23455, 5
23456, 1
23458, 2
23459, 3
23460, 5
23461, 1
23462, 6
23463, 1
23464, 1
23465, 5
23467, 2
23469, 2
23470, 6
23471, 2
23472, 3
23473, 1
23474, 4
23475, 2
23478, 7
23479, 5
23480, 2
23481, 1
23482, 11
23483, 3
23484, 2
23485, 3
23486, 3
23487, 5
23489, 4
23491, 5
23493, 2
23494, 4
23496, 1
23499, 4
23500, 2
23502, 3
23503, 3
23504, 2
23507, 2
23510, 2
23512, 4
23514, 3
23520, 1
23521, 1
23523, 1
23524, 3
23525, 4
23526, 1
23527, 4
23528, 1
23529, 1
23530, 2
23531, 1
23533, 1
23534, 1
23535, 3
23536, 4
23537, 3
23538, 4
23540, 5
23541, 8
23542, 8
23543, 5
23544, 4
23545, 5
23546, 8
23547, 8
23548, 7
23549, 5
23550, 12
23551, 5
23552, 9
23553, 7
23554, 9
23555, 5
23556, 20
23557, 8
23558, 13
23559, 25
23560, 12
23561, 3
23562, 3
23563, 6
23564, 1
23566, 3
23567, 9
23568, 2
23569, 3
23572, 1
23577, 3
23578, 1
23580, 6
23581, 4
23582, 4
23583, 4
23585, 2
23586, 1
23587, 6
23588, 5
23590, 3
23592, 7
23593, 2
23595, 5
23596, 4
23597, 1
23598, 4
23600, 7
23601, 2
23602, 1
23604, 3
23605, 4
23607, 2
23608, 1
23610, 8
23611, 6
23612, 1
23614, 1
23615, 1
23617, 1
23618, 4
23619, 3
23620, 2
23622, 1
23624, 2
23627, 4
23628, 5
23629, 1
23631, 2
23632, 1
23633, 5
23634, 3
23635, 2
23636, 2
23637, 1
23642, 3
23646, 1
23650, 2
23651, 1
23693, 2
23695, 1
23696, 2
23697, 1
23698, 2
23699, 4
23702, 4
23703, 2
23704, 1
23705, 2
23706, 2
23707, 3
23708, 3
23709, 2
23710, 4
23711, 5
23712, 5
23713, 2
23714, 6
23715, 5
23716, 6
23717, 5
23718, 10
23719, 4
23720, 7
23721, 5
23722, 16
23723, 5
23724, 4
23725, 6
23726, 4
23727, 9
23728, 11
23729, 13
23730, 19
23731, 11
23732, 21
23733, 13
23734, 6
23735, 4
23736, 1
23740, 5
23741, 3
23742, 1
23743, 2
23744, 3
23745, 2
23746, 5
23747, 3
23748, 3
23750, 2
23751, 6
23752, 5
23753, 3
23754, 1
23757, 1
23759, 1
23760, 3
23761, 2
23763, 3
23764, 2
23765, 3
23766, 2
23767, 2
23768, 4
23769, 3
23770, 5
23771, 2
23772, 2
23773, 2
23774, 1
23775, 2
23777, 2
23778, 2
23779, 4
23780, 2
23784, 2
23785, 1
23787, 2
23788, 4
23789, 1
23790, 1
23791, 3
23792, 3
23793, 2
23794, 2
23797, 1
23799, 1
23803, 2
23804, 4
23805, 2
23807, 2
23811, 2
23812, 2
23813, 2
23815, 1
23817, 2
23820, 2
23828, 2
23833, 2
23927, 1
23929, 1
23931, 4
23933, 3
23934, 1
23935, 2
23936, 2
23937, 1
23939, 2
23941, 3
23942, 5
23943, 3
23944, 5
23945, 2
23946, 3
23947, 2
23948, 4
23949, 1
23950, 2
23951, 7
23952, 5
23953, 5
23955, 2
23956, 14
23957, 10
23958, 4
23959, 5
23960, 9
23961, 12
23962, 13
23963, 7
23964, 14
23965, 6
23966, 4
23967, 1
23970, 2
23971, 1
23976, 2
23979, 1
23981, 1
23985, 2
23987, 2
23990, 2
23991, 2
23995, 1
23996, 3
23998, 2
24000, 2
24001, 1
24002, 1
24003, 4
24004, 3
24005, 2
24006, 1
24009, 4
24010, 7
24012, 1
24013, 1
24014, 5
24015, 4
24016, 5
24017, 2
24018, 3
24019, 3
24020, 5
24021, 3
24022, 7
24023, 3
24024, 5
24025, 12
24026, 8
24027, 13
24028, 6
24029, 4
24030, 5
24031, 8
24032, 4
24033, 6
24034, 14
24036, 2
24038, 2
24039, 6
24040, 8
24042, 7
24045, 5
24047, 1
24048, 4
24049, 9
24050, 2
24051, 4
24053, 2
24055, 2
24056, 5
24059, 3
24062, 4
24065, 2
24070, 2
24072, 3
24187, 1
24188, 1
24190, 2
24192, 4
24193, 3
24194, 4
24195, 3
24196, 4
24197, 2
24198, 2
24199, 6
24200, 5
24201, 3
24202, 2
24203, 6
24204, 5
24205, 8
24206, 5
24207, 5
24208, 8
24209, 4
24210, 5
24211, 8
24212, 7
24213, 7
24214, 7
24215, 7
24216, 12
24217, 3
24218, 6
24219, 7
24220, 9
24221, 7
24222, 12
24223, 6
24224, 6
24225, 6
24227, 1
24248, 1
24251, 1
24257, 2
24260, 2
24261, 3
24262, 7
24265, 1
24267, 2
24268, 2
24269, 4
24271, 8
24272, 1
24274, 4
24275, 1
24276, 2
24277, 9
24278, 1
24279, 1
24280, 5
24281, 3
24283, 4
24284, 3
24285, 5
24286, 3
24287, 7
24288, 3
24289, 3
24290, 3
24291, 10
24292, 7
24293, 8
24294, 5
24295, 4
24296, 1
24297, 9
24298, 7
24299, 3
24300, 2
24301, 1
24303, 2
24304, 2
24306, 3
24307, 1
24308, 2
24309, 2
24310, 2
24311, 1
24312, 5
24313, 1
24314, 3
24315, 2
24317, 2
24319, 2
24324, 3
24326, 2
24367, 2
24370, 1
24373, 3
24374, 1
24377, 1
24378, 1
24379, 4
24380, 8
24381, 1
24382, 6
24383, 2
24384, 3
24385, 4
24386, 1
24387, 7
24388, 5
24389, 7
24390, 3
24391, 8
24392, 4
24393, 9
24394, 1
24395, 8
24396, 4
24397, 13
24398, 15
24399, 9
24400, 11
24401, 13
24402, 15
24403, 12
24404, 9
24405, 3
24406, 8
24407, 5
24408, 7
24409, 2
24411, 14
24413, 7
24414, 8
24415, 1
24416, 2
24417, 2
24418, 5
24419, 7
24420, 9
24421, 4
24422, 2
24423, 4
24425, 3
24426, 4
24427, 8
24430, 4
24431, 5
24432, 1
24433, 5
24438, 2
24439, 4
24440, 3
24441, 3
24442, 6
24443, 2
24444, 1
24447, 3
24448, 3
24450, 2
24451, 1
24453, 1
24456, 2
24457, 2
24459, 1
24460, 2
24466, 3
24468, 1
24469, 3
24473, 5
24474, 1
24485, 2
24486, 2
24493, 2
24495, 2
24723, 1
24726, 1
24727, 2
24729, 1
24730, 3
24731, 2
24732, 4
24733, 4
24734, 6
24736, 6
24737, 3
24738, 2
24739, 5
24740, 7
24741, 6
24742, 3
24743, 4
24744, 6
24745, 2
24746, 2
24747, 8
24748, 7
24749, 5
24750, 4
24751, 1
24752, 3
24753, 10
24754, 13
24755, 5
24756, 11
24757, 6
24758, 14
24759, 8
24760, 7
24761, 22
24762, 17
24763, 11
24764, 7
24765, 6
24766, 7
24767, 7
24769, 7
24770, 8
24771, 7
24772, 3
24773, 6
24774, 10
24775, 3
24776, 10
24777, 6
24778, 3
24779, 1
24780, 1
24781, 5
24782, 3
24783, 4
24784, 8
24785, 5
24786, 5
24787, 3
24788, 8
24789, 6
24790, 5
24791, 4
24792, 5
24793, 6
24794, 10
24795, 7
24797, 9
24798, 6
24799, 1
24800, 8
24801, 1
24802, 2
24803, 1
24805, 10
24806, 2
24807, 4
24808, 2
24809, 9
24810, 10
24811, 6
24812, 6
24813, 12
24814, 10
24815, 3
24816, 4
24817, 7
24818, 9
24819, 5
24820, 17
24821, 8
24822, 5
24823, 6
24824, 14
24825, 14
24826, 2
24827, 7
24828, 12
24829, 7
24830, 20
24831, 34
24832, 18
24833, 28
24834, 16
24835, 37
24837, 11
24838, 13
24839, 20
24840, 8
24841, 23
24842, 4
24843, 9
24844, 28
24845, 25
24846, 6
24847, 4
24848, 20
24849, 6
24850, 24
24851, 9
24852, 8
24853, 4
24854, 17
24855, 7
24858, 4
24859, 9
24860, 3
24861, 13
24862, 8
24863, 6
24864, 4
24867, 2
24868, 6
24869, 10
24870, 8
24871, 12
24872, 2
24873, 5
24874, 3
24875, 13
24876, 1
24882, 2
24883, 5
24884, 5
24885, 4
24886, 1
24887, 12
24889, 7
24890, 3
24893, 6
24894, 1
24895, 4
24896, 9
24897, 6
24898, 8
24899, 7
24900, 6
24902, 2
24904, 2
24905, 2
24906, 9
24907, 7
24908, 9
24909, 3
24910, 11
24911, 8
24912, 13
24914, 2
24915, 3
24916, 1
24917, 5
24919, 3
24920, 12
24921, 7
24922, 4
24923, 4
24924, 3
24926, 2
24927, 4
24928, 3
24929, 3
24930, 4
24931, 6
24932, 2
24933, 5
24934, 5
24935, 3
24936, 6
24938, 6
24940, 11
24941, 9
24942, 3
24943, 4
24944, 2
24945, 3
24946, 7
24947, 9
24949, 5
24950, 4
24951, 5
24952, 17
24953, 3
24954, 2
24955, 5
24957, 1
24958, 2
24959, 3
24960, 2
24961, 1
24963, 5
24964, 4
24965, 5
24966, 1
24968, 4
24969, 4
24972, 2
24974, 2
24975, 3
24976, 5
24978, 6
24979, 2
24980, 2
24981, 3
24982, 5
24987, 3
24990, 3
24991, 1
24992, 5
25000, 4
25007, 3
25008, 3
25009, 3
25010, 1
25011, 2
25012, 1
25014, 1
25015, 6
25016, 3
25017, 3
25018, 4
25019, 4
25020, 1
25021, 2
25022, 9
25023, 4
25024, 1
25025, 3
25026, 4
25027, 3
25028, 9
25029, 3
25030, 7
25031, 10
25032, 6
25033, 5
25034, 4
25035, 21
25036, 6
25037, 17
25038, 16
25039, 13
25040, 4
25041, 11
25042, 11
25043, 6
25044, 8
25045, 4
25046, 3
25047, 9
25048, 9
25049, 4
25051, 5
25052, 8
25053, 5
25054, 3
25055, 8
25056, 5
25057, 10
25058, 10
25059, 11
25060, 6
25062, 6
25063, 7
25064, 14
25065, 9
25066, 6
25067, 12
25068, 12
25069, 22
25070, 13
25071, 15
25072, 12
25073, 6
25074, 6
25075, 21
25076, 6
25077, 11
25078, 9
25079, 13
25080, 1
25081, 12
25082, 7
25083, 4
25084, 9
25085, 10
25086, 17
25087, 20
25088, 12
25089, 18
25090, 9
25091, 9
25092, 16
25093, 8
25094, 9
25095, 15
25096, 13
25097, 12
25098, 5
25099, 8
25100, 15
25101, 23
25102, 16
25103, 9
25104, 17
25105, 23
25106, 20
25107, 13
25108, 13
25109, 6
25110, 13
25111, 11
25112, 9
25113, 10
25114, 16
25115, 13
25116, 22
25117, 17
25119, 11
25120, 16
25121, 11
25122, 9
25124, 7
25125, 6
25126, 1
25127, 7
25128, 4
25129, 3
25130, 4
25131, 6
25132, 10
25133, 4
25134, 3
25135, 3
25137, 1
25138, 2
25139, 6
25140, 2
25141, 5
25142, 5
25143, 4
25144, 5
25145, 3
25146, 7
25147, 5
25149, 3
25150, 8
25151, 4
25152, 6
25153, 3
25155, 12
25156, 3
25157, 6
25158, 5
25159, 1
25160, 8
25161, 7
25162, 4
25163, 4
25164, 1
25165, 8
25166, 7
25167, 10
25168, 8
25169, 2
25170, 5
25171, 9
25172, 3
25173, 7
25174, 5
25175, 8
25176, 2
25178, 5
25179, 5
25180, 6
25181, 4
25182, 5
25183, 9
25184, 9
25185, 9
25186, 9
25187, 1
25188, 19
25189, 4
25190, 7
25191, 2
25192, 4
25193, 4
25194, 10
25196, 4
25197, 6
25199, 6
25200, 6
25202, 4
25203, 3
25204, 8
25206, 7
25207, 2
25208, 3
25211, 2
25213, 3
25214, 5
25215, 6
25216, 2
25217, 2
25218, 5
25220, 3
25221, 3
25222, 6
25223, 1
25224, 2
25226, 5
25229, 3
25230, 3
25231, 3
25233, 2
25235, 2
25240, 2
25259, 2
25314, 1
25315, 1
25316, 1
25317, 1
25318, 1
25319, 4
25320, 2
25321, 2
25322, 6
25324, 3
25325, 3
25326, 1
25327, 5
25328, 1
25329, 3
25330, 2
25331, 9
25332, 3
25333, 2
25334, 8
25335, 2
25336, 4
25337, 5
25338, 7
25339, 3
25340, 10
25341, 7
25342, 10
25343, 14
25344, 7
25345, 6
25346, 14
25347, 18
25348, 18
25349, 5
25350, 6
25351, 9
25352, 8
25353, 18
25354, 9
25355, 6
25356, 7
25357, 5
25358, 3
25360, 1
25361, 1
25365, 5
25366, 2
25367, 3
25368, 3
25371, 2
25375, 7
25376, 1
25377, 2
25379, 1
25380, 1
25381, 1
25383, 1
25384, 1
25385, 1
25386, 2
25390, 1
25391, 4
25392, 2
25393, 1
25395, 1
25397, 1
25398, 1
25400, 1
25402, 2
25403, 2
25404, 5
25405, 2
25410, 2
25411, 2
25412, 2
25413, 1
25414, 5
25415, 2
25416, 4
25417, 2
25418, 2
25419, 2
25421, 5
25422, 2
25423, 4
25424, 2
25425, 4
25427, 3
25428, 1
25429, 1
25430, 2
25435, 1
25436, 2
25440, 1
25451, 1
25454, 2
25459, 2
25460, 1
25464, 2
25466, 2
25468, 3
25469, 4
25470, 1
25474, 1
25475, 4
25476, 1
25477, 2
25478, 1
25479, 4
25480, 3
25481, 5
25482, 3
25484, 1
25485, 3
25486, 2
25487, 7
25488, 1
25489, 7
25490, 5
25491, 5
25492, 7
25493, 6
25494, 8
25495, 16
25496, 9
25497, 5
25498, 4
25499, 4
25500, 5
25501, 14
25502, 6
25503, 5
25504, 5
25506, 10
25507, 7
25508, 2
25509, 4
25510, 2
25511, 1
25512, 6
25514, 4
25515, 1
25516, 1
25517, 7
25519, 10
25520, 5
25521, 10
25522, 2
25525, 5
25526, 2
25527, 6
25528, 3
25529, 5
25530, 4
25531, 10
25532, 9
25533, 7
25534, 1
25535, 3
25536, 3
25537, 1
25538, 8
25539, 6
25540, 4
25541, 3
25542, 2
25543, 3
25544, 4
25545, 7
25546, 2
25548, 2
25549, 3
25551, 4
25552, 6
25554, 4
25555, 2
25558, 5
25559, 2
25560, 3
25561, 8
25562, 3
25563, 1
25564, 4
25565, 3
25568, 1
25569, 2
25571, 1
25576, 2
25580, 2
25581, 1
25583, 1
25585, 2
25587, 2
25588, 4
25589, 1
25590, 6
25591, 1
25593, 4
25594, 1
25595, 1
25596, 2
25597, 5
25598, 2
25599, 2
25600, 6
25601, 3
25602, 1
25603, 3
25604, 3
25605, 4
25606, 10
25607, 8
25608, 5
25609, 3
25610, 10
25611, 12
25612, 9
25613, 16
25614, 9
25615, 13
25616, 13
25617, 11
25618, 12
25619, 13
25620, 9
25621, 14
25622, 12
25624, 1
25625, 3
25626, 4
25628, 3
25629, 1
25630, 4
25631, 5
25632, 4
25633, 1
25635, 5
25636, 4
25637, 4
25640, 1
25642, 2
25643, 1
25644, 3
25645, 2
25649, 1
25650, 5
25651, 1
25652, 8
25653, 1
25656, 2
25657, 1
25659, 5
25660, 1
25661, 3
25662, 1
25663, 1
25667, 3
25668, 3
25669, 2
25670, 2
25671, 6
25672, 2
25674, 2
25675, 4
25676, 2
25677, 1
25679, 2
25680, 2
25681, 3
25684, 1
25686, 1
25687, 2
25689, 3
25691, 1
25693, 2
25695, 3
25700, 1
25703, 1
25706, 2
25707, 1
25709, 1
25716, 1
25724, 1
25752, 3
26273, 1
26276, 1
26277, 2
26280, 1
26281, 1
26283, 1
26284, 3
26285, 4
26286, 1
26287, 1
26288, 2
26289, 1
26291, 3
26292, 4
26293, 4
26294, 2
26295, 5
26296, 4
26297, 4
26298, 4
26299, 4
26300, 5
26301, 7
26302, 9
26303, 4
26304, 2
26305, 4
26306, 9
26307, 8
26308, 18
26309, 5
26310, 7
26311, 3
26312, 8
26313, 2
26314, 1
26341, 2
26345, 1
26346, 3
26347, 3
26348, 3
26349, 2
26350, 4
26351, 2
26352, 4
26353, 6
26354, 6
26355, 1
26356, 1
26357, 6
26358, 4
26360, 4
26361, 3
26362, 7
26363, 2
26364, 6
26365, 2
26366, 9
26367, 4
26368, 3
26369, 13
26370, 7
26371, 2
26372, 2
26374, 6
26375, 3
26376, 4
26377, 6
26378, 4
26379, 12
26380, 11
26383, 3
26384, 8
26386, 6
26387, 3
26388, 2
26389, 1
26390, 1
26391, 2
26392, 6
26393, 2
26394, 4
26395, 2
26396, 9
26397, 5
26398, 3
26399, 1
26400, 6
26404, 3
26406, 5
26407, 1
26408, 4
26412, 2
26416, 1
26418, 2
26770, 1
26772, 2
26773, 3
26774, 1
26775, 3
26776, 3
26777, 4
26778, 5
26779, 3
26780, 7
26781, 9
26782, 2
26783, 10
26784, 4
26785, 8
26786, 1
26787, 5
26788, 8
26789, 3
26790, 7
26791, 5
26792, 7
26793, 4
26794, 8
26795, 6
26796, 10
26797, 7
26798, 9
26799, 7
26800, 3
26801, 12
26802, 13
26803, 15
26804, 17
26805, 13
26806, 17
26807, 5
26808, 7
26809, 15
26810, 13
26811, 19
26812, 6
26841, 1
26842, 1
26844, 1
26845, 1
26847, 1
26850, 2
26851, 1
26852, 1
26853, 1
26857, 1
26859, 2
26860, 5
26862, 1
26863, 1
26864, 1
26866, 2
26868, 2
26870, 2
26871, 2
26872, 6
26873, 3
26874, 1
26875, 3
26876, 1
26877, 3
26878, 5
26879, 1
26880, 1
26881, 2
26882, 1
26883, 1
26884, 3
26885, 2
26886, 1
26887, 1
26888, 2
26889, 1
26890, 2
26891, 5
26892, 1
26893, 2
26894, 2
26895, 1
26896, 1
26897, 1
26898, 3
26903, 2
26906, 1
26909, 1
26910, 1
26930, 1
27074, 1
27075, 2
27077, 1
27078, 1
27079, 4
27080, 1
27081, 1
27083, 1
27084, 1
27086, 1
27087, 2
27088, 3
27089, 3
27090, 1
27092, 4
27093, 5
27094, 4
27095, 5
27096, 1
27097, 1
27098, 5
27099, 5
27100, 3
27101, 7
27102, 9
27103, 6
27104, 8
27105, 6
27106, 10
27107, 15
27108, 8
27109, 13
27110, 15
27111, 10
27112, 10
27113, 12
27114, 4
27115, 3
27116, 3
27117, 7
27118, 11
27120, 3
27121, 3
27123, 1
27124, 1
27125, 2
27126, 8
27127, 1
27128, 1
27130, 2
27145, 5
27148, 5
27149, 6
27151, 4
27152, 2
27154, 3
27155, 1
27156, 3
27157, 6
27158, 1
27159, 3
27160, 7
27161, 6
27162, 1
27163, 11
27164, 12
27165, 7
27166, 14
27167, 3
27168, 2
27169, 10
27170, 8
27171, 5
27172, 20
27173, 16
27174, 15
27175, 17
27176, 20
27177, 9
27178, 15
27179, 8
27180, 17
27181, 22
27182, 10
27183, 12
27184, 9
27185, 22
27186, 15
27187, 10
27188, 13
27189, 21
27190, 19
27191, 10
27192, 5
27193, 10
27194, 26
27195, 18
27196, 17
27197, 8
27198, 7
27199, 9
27200, 19
27201, 9
27202, 9
27203, 24
27204, 16
27205, 7
27206, 16
27207, 25
27208, 15
27209, 9
27210, 6
27211, 16
27214, 5
27215, 3
27216, 9
27217, 3
27218, 14
27220, 4
27221, 13
27222, 9
27223, 4
27224, 4
27225, 11
27226, 2
27227, 2
27228, 6
27229, 6
27230, 3
27231, 3
27232, 4
27233, 17
27234, 8
27236, 2
27239, 5
27240, 4
27241, 10
27242, 5
27243, 6
27244, 11
27245, 9
27246, 3
27247, 5
27248, 13
27249, 11
27250, 7
27251, 5
27252, 21
27253, 11
27254, 22
27255, 4
27256, 8
27257, 8
27258, 1
27259, 7
27260, 6
27261, 4
27262, 8
27263, 13
27264, 1
27265, 19
27266, 19
27267, 8
27268, 20
27269, 24
27270, 14
27271, 8
27272, 11
27273, 5
27274, 21
27275, 16
27276, 3
27277, 3
27278, 16
27279, 11
27280, 14
27281, 16
27282, 10
27283, 17
27284, 15
27285, 9
27286, 18
27287, 19
27288, 17
27289, 14
27290, 12
27291, 10
27292, 4
27293, 4
27294, 17
27295, 13
27296, 16
27297, 6
27298, 16
27299, 16
27300, 17
27302, 14
27303, 4
27304, 11
27305, 11
27306, 15
27307, 2
27308, 16
27309, 4
27310, 9
27311, 8
27312, 4
27313, 4
27314, 8
27315, 4
27317, 11
27318, 4
27321, 12
27323, 3
27324, 2
27325, 6
27327, 3
27328, 6
27330, 4
27331, 1
27333, 2
27335, 2
27336, 9
27337, 4
27338, 5
27339, 4
27340, 4
27341, 6
27342, 12
27343, 2
27346, 10
27347, 1
27348, 1
27349, 9
27350, 5
27351, 3
27352, 7
27353, 6
27354, 3
27355, 12
27356, 6
27357, 14
27358, 2
27359, 8
27360, 12
27361, 19
27362, 7
27363, 7
27364, 5
27366, 15
27367, 2
27368, 6
27369, 11
27370, 2
27372, 9
27373, 9
27374, 1
27375, 11
27376, 3
27377, 17
27378, 12
27379, 10
27380, 13
27381, 18
27382, 18
27383, 9
27384, 15
27385, 12
27386, 18
27387, 10
27388, 22
27389, 9
27390, 11
27391, 10
27392, 9
27393, 11
27394, 19
27395, 13
27396, 6
27397, 6
27398, 13
27400, 5
27401, 27
27402, 6
27403, 8
27404, 6
27406, 6
27407, 4
27408, 16
27409, 6
27410, 10
27411, 4
27412, 2
27413, 3
27414, 5
27415, 6
27417, 3
27418, 8
27419, 13
27420, 1
27423, 16
27424, 10
27425, 7
27427, 4
27428, 6
27432, 1
27433, 9
27434, 5
27435, 1
27437, 5
27441, 9
27443, 3
27450, 5
27454, 1
27455, 8
27456, 2
27459, 1
27463, 6
27473, 1
27474, 2
27475, 1
27477, 1
27478, 3
27480, 2
27482, 3
27483, 3
27484, 3
27485, 5
27486, 2
27487, 1
27488, 2
27489, 5
27490, 2
27491, 1
27492, 5
27493, 5
27494, 2
27495, 2
27496, 3
27497, 3
27498, 3
27499, 5
27500, 6
27501, 8
27502, 12
27503, 7
27504, 2
27505, 9
27506, 7
27507, 4
27508, 4
27509, 3
27510, 5
27511, 12
27512, 5
27513, 10
27514, 5
27515, 7
27516, 6
27517, 7
27518, 3
27519, 3
27520, 2
27521, 2
27522, 6
27524, 1
27525, 5
27526, 6
27527, 7
27528, 1
27530, 5
27531, 9
27533, 7
27534, 3
27535, 2
27536, 5
27538, 2
27540, 2
27541, 6
27542, 5
27544, 4
27545, 4
27546, 4
27549, 2
27553, 4
27554, 2
27555, 2
27556, 1
27557, 1
27558, 2
27560, 5
27561, 2
27562, 1
27563, 3
27564, 3
27565, 2
27566, 2
27569, 1
27570, 2
27571, 1
27572, 1
27573, 2
27575, 2
27576, 4
27578, 3
27580, 2
27583, 3
27584, 3
27588, 3
27589, 3
27590, 1
27594, 5
27598, 1
27599, 1
27600, 1
27602, 2
27603, 2
27604, 5
27605, 4
27606, 4
27607, 1
27608, 2
27609, 4
27610, 3
27611, 5
27612, 3
27613, 6
27614, 6
27615, 3
27617, 7
27618, 4
27619, 5
27620, 3
27621, 3
27622, 3
27623, 3
27624, 7
27625, 3
27626, 3
27627, 7
27628, 2
27629, 11
27630, 5
27631, 1
27632, 7
27633, 8
27634, 4
27635, 11
27636, 8
27637, 4
27638, 8
27639, 9
27640, 14
27641, 25
27642, 13
27643, 7
27644, 3
27645, 6
27647, 1
27649, 3
27651, 3
27652, 2
27653, 1
27654, 6
27655, 5
27656, 2
27657, 3
27658, 3
27660, 2
27661, 1
27662, 2
27663, 4
27664, 3
27665, 4
27666, 4
27667, 3
27668, 3
27669, 5
27670, 3
27671, 3
27672, 3
27674, 1
27675, 2
27677, 1
27679, 2
27681, 3
27682, 1
27683, 4
27684, 1
27686, 2
27687, 7
27689, 5
27690, 3
27691, 1
27693, 2
27694, 3
27699, 3
27701, 9
27702, 1
27703, 5
27704, 4
27706, 2
27707, 4
27711, 2
27712, 4
27713, 3
27715, 1
27721, 4
27723, 1
27724, 1
27725, 1
27727, 2
27730, 1
27731, 1
27735, 1
27759, 1
27761, 1
27763, 1
27764, 1
27765, 1
27766, 1
27767, 2
27768, 1
27769, 1
27770, 1
27771, 3
27772, 3
27773, 1
27774, 2
27775, 2
27777, 4
27778, 3
27779, 1
27780, 3
27781, 3
27782, 3
27783, 1
27784, 4
27785, 5
27786, 7
27787, 3
27788, 2
27789, 7
27790, 4
27791, 9
27792, 9
27793, 11
27794, 10
27795, 13
27796, 8
27797, 9
27798, 3
27799, 11
27800, 6
27801, 3
27802, 10
27803, 9
27804, 5
27805, 6
27806, 4
27807, 3
27808, 11
27809, 9
27811, 2
27812, 5
27815, 2
27816, 3
27817, 3
27818, 12
27819, 2
27820, 2
27821, 5
27823, 1
27824, 1
27825, 3
27827, 8
27828, 4
27829, 3
27830, 2
27831, 2
27832, 7
27833, 2
27834, 6
27835, 3
27836, 4
27837, 2
27838, 2
27841, 3
27842, 2
27843, 6
27845, 5
27847, 4
27849, 1
27850, 1
27853, 4
27854, 2
27855, 2
27857, 2
27859, 1
27860, 6
27861, 1
27862, 2
27864, 2
27867, 2
27869, 4
27871, 4
27873, 2
27875, 2
27876, 2
27878, 2
27879, 2
27895, 1
27896, 1
29398, 1
29399, 2
29400, 3
29401, 2
29402, 2
29403, 3
29405, 2
29406, 4
29408, 2
29409, 4
29410, 1
29411, 5
29412, 4
29413, 4
29414, 1
29415, 2
29416, 2
29417, 7
29418, 7
29419, 3
29420, 6
29421, 10
29422, 7
29423, 7
29424, 8
29425, 7
29426, 12
29428, 3
29429, 11
29430, 17
29431, 17
29432, 13
29433, 12
29434, 19
29435, 28
29436, 16
29437, 9
29438, 18
29440, 3
29441, 6
29442, 16
29443, 7
29444, 4
29445, 2
29446, 8
29447, 2
29448, 16
29449, 5
29450, 2
29451, 8
29452, 11
29453, 7
29454, 10
29455, 8
29456, 6
29457, 8
29458, 6
29459, 3
29460, 1
29461, 3
29462, 16
29463, 11
29464, 10
29465, 10
29466, 4
29467, 7
29468, 7
29469, 2
29471, 2
29473, 3
29476, 3
29477, 3
29479, 8
29480, 8
29481, 12
29482, 8
29483, 7
29484, 2
29485, 15
29486, 16
29487, 14
29488, 14
29489, 13
29490, 11
29491, 5
29492, 11
29493, 23
29494, 18
29495, 8
29496, 11
29497, 14
29498, 15
29499, 3
29500, 7
29501, 11
29502, 24
29503, 32
29504, 10
29505, 19
29506, 13
29507, 21
29508, 9
29509, 13
29510, 11
29511, 19
29512, 15
29513, 11
29514, 25
29515, 14
29516, 11
29517, 11
29518, 7
29519, 7
29521, 18
29522, 10
29523, 8
29524, 4
29525, 5
29526, 9
29527, 1
29528, 6
29529, 21
29530, 2
29531, 9
29532, 6
29534, 7
29535, 7
29536, 13
29537, 10
29538, 4
29539, 6
29540, 6
29541, 3
29542, 3
29543, 2
29544, 5
29545, 20
29546, 1
29547, 9
29548, 9
29549, 2
29550, 4
29551, 9
29552, 2
29553, 4
29554, 4
29555, 6
29556, 10
29557, 2
29558, 3
29559, 2
29560, 10
29561, 4
29562, 6
29563, 6
29564, 10
29566, 4
29567, 14
29568, 2
29569, 10
29570, 4
29571, 2
29572, 13
29573, 1
29574, 9
29575, 3
29576, 7
29577, 9
29578, 7
29579, 11
29580, 9
29581, 1
29582, 5
29583, 13
29584, 18
29585, 5
29586, 11
29587, 15
29588, 12
29589, 11
29590, 4
29591, 9
29592, 12
29593, 1
29594, 7
29595, 25
29596, 7
29597, 16
29598, 10
29599, 16
29600, 9
29601, 5
29602, 14
29603, 8
29604, 16
29605, 7
29606, 1
29607, 8
29608, 8
29609, 2
29610, 11
29611, 9
29612, 4
29613, 5
29614, 12
29615, 22
29616, 2
29617, 8
29618, 14
29619, 19
29620, 6
29621, 11
29622, 14
29623, 10
29624, 3
29625, 1
29626, 12
29627, 19
29628, 1
29629, 5
29630, 14
29631, 5
29632, 7
29633, 15
29634, 6
29635, 11
29636, 11
29637, 10
29638, 9
29639, 7
29640, 5
29641, 7
29642, 20
29643, 5
29644, 11
29645, 6
29646, 5
29647, 15
29648, 10
29649, 10
29650, 8
29651, 10
29652, 8
29653, 7
29654, 10
29655, 1
29656, 9
29657, 11
29658, 19
29659, 4
29660, 6
29661, 10
29662, 1
29663, 10
29664, 7
29665, 11
29666, 3
29667, 8
29668, 9
29670, 2
29672, 4
29674, 4
29675, 1
29676, 3
29677, 15
29678, 6
29679, 4
29680, 5
29681, 2
29682, 3
29683, 4
29684, 10
29685, 9
29686, 4
29687, 4
29688, 5
29689, 5
29690, 6
29691, 7
29692, 9
29693, 5
29694, 8
29695, 3
29696, 5
29697, 10
29698, 6
29699, 3
29700, 4
29701, 3
29702, 7
29703, 9
29704, 10
29705, 9
29706, 4
29707, 6
29708, 7
29709, 7
29710, 14
29711, 3
29712, 7
29713, 11
29714, 15
29715, 13
29716, 10
29717, 4
29718, 5
29719, 9
29720, 5
29721, 5
29722, 8
29723, 11
29724, 14
29725, 8
29726, 15
29727, 12
29728, 8
29729, 3
29730, 13
29731, 11
29732, 10
29733, 16
29734, 1
29735, 5
29736, 2
29737, 10
29738, 3
29739, 1
29740, 7
29741, 9
29742, 11
29743, 6
29744, 5
29746, 12
29748, 5
29749, 7
29750, 10
29752, 3
29753, 6
29755, 6
29756, 9
29757, 13
29758, 10
29760, 7
29761, 8
29762, 2
29763, 3
29764, 4
29765, 3
29766, 4
29767, 4
29768, 5
29769, 5
29771, 7
29772, 3
29773, 3
29774, 8
29775, 8
29776, 8
29777, 4
29778, 1
29779, 11
29780, 10
29781, 4
29782, 3
29783, 18
29784, 17
29785, 10
29786, 16
29787, 19
29788, 6
29789, 7
29790, 14
29791, 28
29792, 10
29793, 10
29794, 14
29795, 13
29796, 12
29797, 19
29798, 4
29799, 2
29800, 9
29801, 25
29802, 28
29803, 16
29804, 6
29805, 23
29806, 18
29807, 13
29808, 22
29809, 12
29810, 12
29811, 17
29812, 24
29813, 26
29814, 9
29815, 16
29816, 20
29817, 28
29818, 16
29819, 9
29820, 16
29821, 8
29822, 12
29823, 13
29824, 17
29825, 4
29826, 14
29827, 15
29828, 23
29829, 9
29830, 13
29831, 7
29832, 11
29833, 13
29834, 8
29835, 17
29836, 12
29837, 10
29838, 15
29839, 6
29840, 14
29841, 4
29842, 12
29843, 14
29844, 15
29845, 4
29846, 22
29847, 21
29848, 6
29849, 17
29850, 14
29851, 14
29852, 12
29853, 15
29854, 7
29855, 25
29856, 1
29857, 4
29858, 3
29859, 12
29860, 7
29861, 2
29862, 7
29863, 10
29864, 7
29865, 3
29866, 11
29867, 10
29868, 14
29869, 13
29870, 6
29871, 6
29872, 8
29873, 4
29874, 15
29875, 11
29876, 3
29877, 4
29878, 2
29879, 7
29880, 5
29881, 10
29882, 12
29883, 1
29884, 7
29885, 14
29886, 4
29887, 3
29888, 13
29889, 10
29890, 4
29891, 3
29892, 6
29893, 7
29894, 5
29895, 10
29896, 3
29897, 10
29898, 5
29899, 8
29900, 9
29901, 4
29902, 4
29903, 1
29904, 5
29905, 2
29906, 3
29907, 2
29908, 1
29909, 1
29910, 4
29911, 2
29912, 1
29913, 1
29916, 1
29917, 3
29918, 2
29920, 2
29921, 2
29923, 1
29924, 1
29926, 1
29927, 1
29929, 1
29930, 4
29932, 1
29933, 2
29934, 1
29935, 1
29937, 1
29938, 2
29940, 4
29943, 2
29945, 4
29946, 2
29947, 4
29948, 3
29949, 1
29950, 2
29951, 5
29953, 6
29954, 2
29955, 8
29956, 4
29957, 1
29958, 6
29959, 7
29960, 8
29961, 8
29962, 7
29963, 15
29964, 3
29965, 1
29966, 4
29967, 7
29968, 9
29969, 2
29970, 7
29971, 14
29972, 20
29973, 15
29974, 21
29975, 8
29976, 21
29977, 19
29978, 16
29979, 8
29980, 10
29981, 10
29982, 7
29983, 5
29984, 2
29985, 2
29986, 5
29987, 10
29988, 3
29989, 9
29990, 5
29991, 5
29992, 6
29995, 2
29998, 4
29999, 2
30000, 2
30001, 1
30002, 1
30003, 8
30004, 1
30005, 3
30008, 9
30009, 6
30012, 1
30013, 6
30014, 6
30015, 3
30016, 6
30017, 7
30018, 7
30019, 9
30020, 2
30021, 6
30022, 5
30023, 12
30024, 3
30025, 11
30026, 7
30027, 9
30028, 3
30029, 9
30030, 5
30031, 5
30032, 6
30033, 12
30034, 15
30035, 11
30036, 25
30037, 10
30038, 9
30039, 5
30040, 1
30041, 9
30042, 14
30043, 7
30044, 17
30045, 16
30047, 5
30048, 14
30049, 6
30050, 4
30051, 11
30053, 9
30054, 5
30055, 13
30056, 7
30057, 8
30058, 3
30059, 2
30060, 6
30061, 10
30062, 5
30063, 4
30064, 1
30065, 2
30066, 1
30067, 8
30068, 6
30069, 1
30071, 1
30072, 1
30081, 3
30082, 1
30091, 2
30094, 2
30100, 1
30101, 2
30102, 3
30103, 2
30105, 1
30107, 1
30108, 4
30109, 1
30110, 7
30111, 3
30112, 2
30113, 2
30114, 3
30115, 5
30116, 2
30117, 1
30118, 3
30120, 8
30121, 10
30122, 7
30123, 11
30124, 4
30125, 12
30126, 5
30127, 10
30128, 4
30129, 14
30130, 11
30131, 9
30132, 15
30133, 9
30134, 7
30135, 7
30136, 21
30137, 13
30138, 24
30139, 40
30140, 10
30141, 21
30142, 10
30143, 3
30144, 4
30145, 6
30146, 4
30147, 5
30148, 8
30149, 9
30151, 5
30152, 2
30153, 10
30154, 10
30155, 14
30156, 5
30157, 15
30158, 10
30159, 1
30160, 6
30161, 14
30162, 4
30164, 7
30166, 6
30167, 6
30168, 5
30169, 15
30170, 2
30171, 3
30172, 13
30173, 2
30174, 7
30175, 12
30176, 4
30177, 8
30178, 1
30179, 1
30180, 4
30181, 10
30182, 8
30183, 5
30184, 7
30185, 9
30186, 2
30187, 7
30188, 7
30189, 2
30190, 4
30191, 4
30192, 8
30193, 13
30194, 3
30195, 8
30196, 2
30197, 5
30198, 9
30199, 19
30200, 3
30201, 12
30202, 7
30203, 11
30204, 11
30205, 6
30206, 2
30207, 5
30208, 5
30209, 4
30210, 10
30211, 9
30212, 8
30213, 15
30214, 20
30215, 14
30216, 9
30217, 11
30218, 13
30219, 14
30220, 11
30221, 7
30222, 10
30223, 14
30224, 8
30225, 7
30226, 13
30227, 17
30228, 16
30229, 11
30230, 11
30231, 20
30232, 13
30233, 6
30234, 2
30235, 3
30236, 7
30237, 1
30238, 10
30239, 2
30240, 7
30241, 4
30243, 6
30244, 6
30245, 8
30246, 3
30247, 2
30248, 3
30249, 8
30250, 2
30251, 4
30252, 3
30253, 5
30254, 3
30255, 8
30256, 1
30257, 1
30258, 5
30259, 5
30260, 4
30261, 4
30262, 6
30263, 9
30264, 6
30265, 3
30266, 2
30267, 2
30268, 8
30269, 1
30270, 3
30271, 1
30272, 2
30273, 2
30274, 2
30276, 2
30278, 11
30279, 7
30280, 3
30281, 4
30282, 4
30283, 8
30284, 7
30285, 3
30286, 7
30287, 3
30289, 3
30290, 9
30291, 4
30292, 1
30293, 4
30294, 3
30295, 7
30296, 2
30297, 1
30298, 3
30299, 1
30301, 6
30303, 7
30305, 2
30306, 4
30307, 3
30308, 3
30309, 3
30310, 3
30311, 4
30312, 3
30313, 2
30315, 1
30316, 1
30318, 3
30319, 2
30320, 5
30321, 1
30323, 7
30324, 1
30328, 1
30330, 1
30332, 2
30336, 1
30340, 1
30346, 1
36790, 2
36794, 4
36795, 2
36797, 1
36798, 1
36800, 3
36801, 1
36802, 1
36803, 4
36804, 5
36805, 3
36806, 5
36807, 2
36808, 2
36809, 3
36810, 7
36811, 3
36812, 8
36813, 6
36814, 6
36815, 10
36816, 8
36817, 4
36818, 13
36819, 3
36820, 5
36821, 7
36822, 13
36823, 10
36824, 6
36825, 3
36826, 7
36827, 10
36828, 6
36829, 4
36831, 3
36833, 2
36856, 2
36860, 3
36863, 2
36867, 3
36869, 3
36870, 5
36871, 5
36872, 6
36873, 1
36875, 4
36876, 6
36878, 8
36879, 6
36880, 1
36881, 4
36882, 4
36883, 5
36884, 2
36885, 6
36886, 7
36887, 3
36889, 3
36890, 7
36891, 5
36892, 3
36893, 12
36894, 8
36895, 4
36897, 10
36898, 8
36899, 2
36900, 5
36901, 1
36902, 9
36903, 2
36904, 2
36905, 4
36906, 6
36907, 8
36909, 3
36910, 8
36911, 3
36912, 2
36913, 3
36915, 3
36916, 3
36917, 1
36919, 1
36920, 2
36921, 2
36922, 2
36923, 1
36924, 1
36928, 2
36929, 4
36931, 1
36936, 2
36943, 2
37040, 1
37041, 2
37042, 3
37043, 3
37045, 1
37047, 1
37048, 2
37049, 4
37050, 1
37053, 2
37054, 5
37056, 3
37057, 3
37060, 3
37061, 1
37062, 2
37063, 5
37064, 1
37065, 5
37066, 1
37067, 5
37068, 9
37070, 10
37071, 5
37072, 6
37073, 2
37074, 2
37075, 12
37076, 9
37079, 3
37080, 2
37081, 7
37082, 2
37086, 3
37102, 3
37107, 3
37111, 2
37115, 4
37117, 1
37118, 3
37123, 3
37125, 6
37126, 10
37127, 9
37128, 12
37129, 13
37130, 16
37131, 6
37132, 8
37133, 7
37134, 10
37135, 2
37136, 5
37137, 7
37138, 16
37139, 8
37140, 4
37141, 4
37142, 17
37143, 7
37144, 17
37145, 9
37146, 8
37147, 18
37148, 7
37149, 13
37150, 6
37151, 8
37152, 23
37153, 12
37154, 8
37155, 12
37156, 9
37157, 7
37158, 10
37159, 8
37160, 11
37161, 18
37162, 19
37163, 2
37164, 13
37165, 5
37166, 16
37167, 14
37168, 7
37169, 2
37170, 9
37171, 4
37173, 8
37174, 13
37175, 3
37176, 1
37178, 5
37179, 12
37180, 14
37182, 5
37183, 5
37184, 1
37185, 12
37186, 4
37187, 12
37188, 4
37190, 1
37191, 3
37192, 3
37193, 8
37194, 11
37195, 7
37196, 6
37197, 3
37198, 9
37200, 3
37201, 7
37202, 11
37204, 11
37205, 11
37206, 3
37207, 7
37210, 14
37211, 3
37212, 5
37214, 3
37215, 10
37216, 15
37217, 4
37218, 7
37219, 5
37220, 6
37221, 6
37222, 3
37223, 5
37224, 11
37225, 10
37226, 4
37227, 9
37228, 2
37229, 9
37230, 12
37231, 14
37232, 9
37233, 4
37234, 6
37235, 12
37236, 3
37237, 5
37238, 20
37239, 13
37240, 10
37241, 5
37242, 9
37243, 4
37245, 12
37246, 6
37247, 6
37248, 12
37249, 3
37250, 10
37251, 1
37252, 1
37253, 2
37254, 9
37255, 5
37256, 9
37257, 7
37258, 8
37259, 1
37260, 8
37261, 9
37262, 2
37263, 8
37264, 8
37265, 3
37266, 12
37267, 11
37269, 8
37270, 5
37271, 5
37272, 9
37273, 15
37274, 9
37275, 14
37276, 6
37277, 11
37278, 15
37279, 13
37280, 3
37281, 4
37282, 8
37283, 6
37284, 4
37285, 3
37286, 4
37287, 7
37288, 6
37289, 9
37290, 5
37291, 2
37292, 1
37293, 4
37294, 1
37295, 2
37296, 1
37297, 3
37298, 4
37299, 6
37300, 4
37301, 2
37302, 3
37303, 2
37305, 1
37306, 2
37307, 4
37311, 1
37312, 3
37313, 8
37314, 1
37315, 5
37316, 6
37318, 4
37319, 4
37320, 2
37322, 4
37323, 5
37324, 7
37325, 4
37326, 1
37327, 6
37328, 4
37329, 5
37330, 4
37332, 1
37333, 2
37334, 2
37335, 5
37336, 3
37337, 2
37339, 3
37340, 5
37341, 9
37343, 2
37344, 4
37345, 2
37346, 4
37347, 2
37348, 2
37349, 3
37351, 1
37353, 2
37354, 1
37355, 2
37356, 7
37357, 3
37358, 4
37359, 2
37360, 3
37361, 1
37362, 4
37363, 3
37364, 2
37365, 3
37368, 1
37369, 1
37370, 1
37373, 3
37374, 2
37375, 1
37376, 1
37378, 2
37379, 2
37380, 1
37382, 1
37383, 1
37384, 4
37385, 1
37386, 2
37388, 1
37389, 1
37392, 3
37393, 1
37394, 1
37400, 1
37415, 1
37416, 1
37417, 1
37418, 1
37584, 4
37605, 4
37611, 4
37612, 1
46812, 1
46813, 1
46814, 2
46817, 1
46820, 1
46821, 1
46823, 2
46824, 2
46825, 6
46826, 4
46827, 1
46829, 3
46830, 2
46831, 6
46832, 1
46834, 5
46835, 5
46836, 7
46837, 6
46838, 7
46839, 4
46840, 8
46841, 2
46842, 11
46843, 4
46844, 7
46845, 5
46846, 5
46847, 5
46848, 8
46849, 11
46850, 9
46851, 6
46852, 5
46853, 1
46854, 1
46855, 1
46883, 2
46886, 1
46887, 2
46889, 1
46891, 2
46894, 2
46895, 6
46896, 2
46897, 3
46898, 5
46899, 4
46900, 1
46901, 4
46902, 7
46903, 5
46904, 2
46905, 5
46906, 9
46907, 10
46908, 9
46909, 2
46911, 8
46912, 2
46913, 7
46914, 4
46915, 8
46916, 3
46917, 9
46918, 6
46919, 2
46920, 6
46921, 3
46922, 3
46923, 7
46924, 6
46925, 2
46926, 4
46927, 5
46929, 4
46930, 5
46931, 2
46932, 9
46933, 2
46934, 6
46935, 4
46936, 3
46937, 3
46938, 9
46939, 2
46940, 6
46941, 1
46942, 5
46943, 2
46946, 4
46947, 1
46948, 1
46949, 2
46950, 2
46951, 4
46952, 4
46955, 3
46979, 2
46985, 1
46986, 1
46988, 1
46989, 3
46990, 4
46993, 1
46994, 1
46996, 1
46998, 1
46999, 4
47000, 6
47001, 1
47002, 2
47003, 5
47004, 4
47005, 3
47008, 5
47009, 8
47010, 13
47011, 10
47012, 12
47013, 8
47014, 3
47015, 4
47016, 9
47017, 7
47018, 5
47020, 9
47021, 5
47022, 5
47023, 5
47024, 7
47025, 5
47026, 7
47027, 10
47028, 5
47029, 2
47030, 10
47031, 7
47032, 4
47033, 7
47034, 2
47035, 4
47036, 10
47037, 4
47038, 9
47039, 3
47040, 6
47041, 4
47042, 3
47043, 3
47044, 11
47045, 3
47046, 11
47047, 2
47048, 4
47049, 4
47050, 5
47051, 7
47052, 5
47053, 3
47054, 4
47055, 1
47056, 6
47057, 4
47059, 2
47060, 8
47061, 1
47063, 4
47064, 4
47065, 4
47066, 10
47067, 3
47068, 3
47069, 19
47070, 5
47071, 12
47072, 3
47073, 7
47074, 9
47075, 11
47076, 1
47077, 6
47078, 11
47079, 1
47080, 20
47081, 4
47082, 6
47083, 11
47084, 3
47085, 11
47086, 6
47087, 11
47088, 10
47089, 3
47090, 12
47091, 18
47092, 2
47093, 14
47094, 12
47095, 13
47096, 10
47097, 3
47098, 7
47100, 3
47101, 8
47102, 10
47103, 8
47104, 5
47105, 7
47106, 2
47107, 3
47108, 6
47109, 5
47111, 11
47113, 4
47115, 8
47116, 4
47118, 12
47119, 5
47120, 1
47125, 1
47127, 5
47128, 2
47129, 1
47130, 2
47134, 7
47135, 2
47136, 10
47137, 2
47139, 2
47142, 3
47144, 4
47146, 5
47148, 3
47150, 8
47151, 2
47152, 2
47153, 2
47155, 2
47156, 2
47159, 2
47161, 3
47162, 1
47165, 1
47167, 2
47168, 1
47169, 3
47170, 2
47171, 2
47172, 2
47173, 1
47174, 4
47175, 3
47176, 4
47177, 3
47178, 6
47179, 4
47180, 3
47181, 5
47182, 4
47183, 7
47184, 5
47185, 12
47186, 6
47187, 8
47188, 1
47189, 12
47190, 7
47191, 4
47193, 4
47194, 3
47195, 5
47196, 9
47197, 6
47198, 6
47199, 11
47200, 6
47201, 9
47202, 3
47203, 3
47204, 5
47205, 19
47206, 9
47207, 10
47208, 9
47210, 4
47211, 2
47212, 6
47213, 2
47214, 3
47215, 7
47216, 2
47217, 3
47219, 3
47220, 6
47221, 7
47222, 8
47224, 3
47225, 4
47228, 6
47230, 1
47231, 5
47232, 5
47233, 3
47234, 2
47235, 3
47238, 6
47239, 3
47240, 2
47241, 6
47242, 1
47243, 7
47244, 2
47245, 6
47246, 3
47247, 1
47248, 9
47249, 2
47250, 1
47251, 12
47252, 4
47253, 7
47255, 1
47258, 7
47259, 6
47260, 13
47261, 9
47262, 5
47263, 3
47264, 10
47265, 12
47266, 8
47267, 2
47268, 5
47269, 9
47270, 5
47271, 5
47272, 6
47273, 9
47274, 7
47275, 13
47276, 14
47277, 16
47278, 12
47279, 14
47280, 23
47281, 8
47282, 8
47283, 5
47284, 21
47285, 10
47286, 4
47287, 2
47288, 5
47289, 4
47290, 4
47291, 3
47292, 5
47293, 11
47294, 4
47295, 9
47296, 6
47297, 4
47298, 2
47299, 7
47300, 6
47301, 12
47302, 7
47303, 4
47304, 6
47305, 4
47306, 1
47307, 4
47308, 1
47310, 5
47311, 3
47312, 1
47313, 1
47316, 3
47317, 5
47318, 2
47319, 1
47320, 2
47321, 2
47325, 1
47326, 1
47327, 2
47335, 2
47336, 2
47337, 1
47340, 1
47341, 1
47342, 6
47346, 1
47347, 2
47349, 4
47352, 1
47353, 1
47359, 2
47360, 2
47361, 1
47362, 1
47363, 1
47371, 2
47377, 3
47381, 1
47382, 1
56805, 1
56807, 3
56808, 2
56809, 2
56811, 1
56812, 4
56814, 4
56815, 2
56816, 2
56817, 4
56818, 5
56819, 3
56820, 5
56821, 2
56822, 7
56823, 5
56824, 4
56825, 2
56826, 6
56827, 12
56828, 6
56829, 1
56830, 7
56831, 5
56832, 2
56833, 7
56834, 5
56835, 15
56836, 3
56837, 14
56838, 2
56839, 6
56840, 4
56841, 12
56842, 11
56843, 5
56844, 1
56846, 1
56871, 5
56877, 3
56879, 4
56880, 2
56882, 1
56883, 2
56884, 2
56885, 2
56886, 7
56887, 2
56889, 3
56890, 4
56892, 6
56893, 6
56894, 2
56895, 2
56896, 11
56897, 3
56898, 1
56899, 4
56900, 5
56901, 3
56902, 9
56903, 7
56904, 8
56907, 1
56908, 12
56909, 5
56910, 8
56911, 11
56912, 7
56913, 7
56914, 9
56915, 7
56917, 5
56918, 4
56919, 3
56920, 1
56921, 3
56923, 2
56925, 6
56926, 7
56927, 2
56928, 3
56930, 7
56933, 3
56934, 1
56935, 3
56936, 2
56937, 1
56941, 2
56942, 1
56945, 1
57023, 1
57026, 2
57027, 1
57028, 3
57030, 3
57032, 1
57033, 1
57035, 3
57036, 1
57037, 4
57038, 2
57039, 5
57040, 2
57042, 2
57043, 2
57044, 7
57045, 5
57046, 6
57047, 4
57048, 5
57049, 5
57050, 7
57051, 7
57052, 3
57053, 6
57054, 14
57055, 10
57056, 14
57057, 6
57058, 5
57059, 19
57060, 9
57061, 6
57062, 11
57063, 12
57064, 6
57065, 1
57066, 2
57067, 1
57069, 1
57070, 3
57071, 1
57074, 4
57077, 2
57078, 2
57080, 3
57083, 4
57089, 2
57091, 2
57094, 4
57101, 2
57102, 4
57103, 3
57104, 2
57105, 1
57106, 7
57107, 3
57109, 2
57110, 2
57111, 2
57113, 4
57114, 4
57115, 5
57116, 3
57119, 5
57120, 4
57121, 1
57122, 5
57124, 4
57125, 6
57127, 2
57128, 6
57129, 6
57130, 6
57131, 4
57132, 3
57133, 5
57134, 3
57135, 2
57136, 7
57138, 1
57139, 5
57140, 2
57141, 2
57142, 3
57143, 6
57144, 5
57145, 7
57146, 1
57147, 4
57148, 8
57149, 2
57150, 1
57151, 2
57153, 5
57155, 2
57157, 3
57159, 1
57164, 1
57167, 3
57240, 1
57242, 1
57245, 1
57246, 2
57248, 1
57249, 3
57250, 2
57252, 3
57253, 4
57254, 4
57255, 3
57256, 1
57258, 1
57259, 4
57260, 1
57261, 5
57262, 4
57263, 4
57264, 4
57265, 3
57266, 3
57267, 2
57268, 9
57269, 10
57270, 6
57271, 8
57272, 5
57273, 7
57274, 14
57275, 10
57276, 7
57277, 6
57278, 12
57279, 6
57280, 1
57281, 3
57283, 5
57284, 3
57285, 2
57288, 3
57289, 3
57290, 3
57292, 4
57296, 3
57299, 3
57302, 7
57304, 5
57306, 2
57307, 3
57312, 3
57313, 9
57315, 1
57316, 4
57318, 4
57319, 2
57320, 4
57322, 6
57323, 4
57326, 4
57327, 3
57328, 8
57329, 12
57330, 9
57331, 9
57332, 4
57333, 5
57334, 2
57335, 4
57336, 7
57337, 9
57338, 9
57339, 4
57340, 16
57341, 13
57342, 3
57343, 10
57344, 12
57345, 27
57346, 17
57347, 30
57348, 18
57349, 15
57350, 8
57351, 16
57352, 25
57353, 14
57354, 16
57355, 10
57356, 10
57357, 7
57358, 14
57359, 13
57360, 7
57361, 4
57362, 3
57364, 12
57365, 1
57366, 17
57367, 5
57368, 9
57369, 3
57370, 1
57371, 4
57372, 5
57373, 5
57374, 6
57375, 2
57376, 3
57377, 5
57378, 5
57380, 2
57381, 3
57382, 2
57383, 2
57384, 3
57386, 9
57387, 1
57390, 1
57391, 5
57394, 3
57395, 3
57396, 3
57397, 5
57398, 5
57399, 4
57400, 3
57406, 3
57407, 3
57409, 3
57412, 3
57415, 5
57418, 1
57419, 2
57425, 3
57433, 3
57434, 2
57440, 4
57444, 1
57445, 2
57449, 2
57450, 1
57458, 1
57460, 2
57461, 4
57462, 1
57463, 1
57464, 1
57466, 2
57467, 2
57469, 5
57470, 3
57471, 1
57472, 1
57473, 3
57474, 3
57475, 1
57476, 2
57477, 4
57478, 7
57479, 1
57480, 2
57481, 3
57482, 1
57483, 3
57484, 1
57485, 5
57486, 6
57487, 6
57488, 11
57489, 13
57490, 7
57491, 4
57492, 10
57493, 10
57494, 6
57495, 5
57496, 12
57497, 8
57498, 6
57499, 12
57500, 2
57501, 5
57502, 2
57503, 1
57504, 1
57506, 3
57507, 4
57508, 5
57511, 2
57512, 1
57514, 1
57515, 1
57516, 1
57517, 2
57518, 1
57520, 1
57521, 1
57522, 1
57524, 4
57525, 7
57526, 2
57529, 3
57530, 1
57531, 1
57532, 2
57533, 7
57534, 2
57535, 1
57536, 1
57537, 1
57538, 4
57539, 2
57540, 2
57541, 2
57542, 4
57543, 3
57544, 1
57545, 1
57548, 1
57549, 3
57550, 10
57551, 5
57552, 5
57553, 4
57554, 7
57555, 3
57556, 3
57557, 5
57558, 6
57559, 5
57560, 2
57561, 2
57562, 5
57563, 5
57564, 5
57565, 2
57566, 2
57567, 4
57568, 4
57569, 4
57570, 2
57571, 1
57573, 8
57574, 2
57575, 4
57576, 5
57577, 3
57578, 2
57579, 5
57580, 3
57581, 7
57582, 2
57587, 2
57599, 1
57600, 1
57601, 1
57603, 1
57604, 1
57810, 1
57811, 3
57834, 1
57835, 1
57836, 1
60895, 1
60896, 2
60897, 1
60898, 2
60902, 2
60904, 2
60905, 1
60906, 5
60907, 1
60908, 3
60909, 3
60910, 2
60911, 1
60912, 2
60916, 3
60917, 7
60918, 5
60919, 2
60920, 8
60921, 3
60922, 8
60923, 6
60924, 7
60925, 9
60926, 3
60927, 2
60928, 10
60929, 11
60930, 10
60931, 8
60932, 8
60933, 9
60934, 9
60935, 6
60936, 1
60963, 3
60965, 1
60966, 1
60967, 3
60971, 2
60973, 2
60974, 2
60976, 5
60977, 3
60979, 5
60980, 6
60981, 3
60982, 6
60983, 2
60984, 2
60985, 7
60986, 2
60987, 4
60988, 1
60989, 2
60990, 9
60991, 5
60992, 7
60993, 10
60994, 5
60995, 3
60996, 9
60997, 3
60998, 8
60999, 6
61000, 2
61001, 5
61002, 8
61003, 6
61004, 4
61005, 2
61006, 9
61009, 7
61010, 6
61011, 2
61012, 6
61013, 1
61014, 4
61015, 6
61016, 1
61017, 3
61019, 2
61020, 10
61021, 2
61022, 6
61023, 1
61025, 4
61027, 2
61028, 7
61033, 1
61039, 3
61040, 2
61451, 1
61452, 4
61453, 1
61455, 3
61456, 2
61457, 2
61458, 1
61459, 2
61460, 4
61461, 1
61462, 5
61463, 1
61464, 2
61466, 2
61467, 2
61468, 4
61469, 2
61470, 2
61471, 2
61473, 5
61474, 5
61475, 4
61476, 2
61477, 9
61478, 14
61479, 5
61480, 3
61481, 3
61482, 4
61483, 4
61484, 8
61485, 11
61486, 6
61487, 6
61488, 12
61489, 9
61490, 7
61491, 6
61493, 1
61520, 2
61522, 2
61525, 2
61527, 2
61528, 2
61529, 6
61530, 4
61531, 2
61532, 2
61533, 3
61534, 4
61535, 6
61536, 9
61538, 6
61539, 9
61540, 4
61542, 8
61544, 8
61545, 10
61546, 3
61547, 6
61548, 5
61549, 5
61550, 5
61552, 3
61553, 6
61554, 6
61555, 11
61556, 1
61557, 3
61558, 8
61559, 10
61560, 5
61561, 5
61562, 4
61563, 6
61564, 3
61565, 3
61566, 4
61567, 10
61568, 6
61569, 1
61571, 2
61572, 4
61573, 4
61574, 3
61575, 1
61580, 2
61583, 1
61584, 4
61587, 3
61593, 1
61594, 1
61608, 2
67224, 2
67226, 1
67227, 2
67228, 1
67229, 1
67230, 1
67231, 1
67232, 3
67233, 3
67234, 3
67235, 2
67237, 2
67238, 4
67239, 4
67241, 1
67242, 3
67243, 5
67244, 5
67245, 5
67246, 3
67247, 2
67248, 2
67249, 8
67250, 5
67251, 4
67252, 2
67253, 8
67254, 2
67255, 4
67256, 3
67257, 4
67258, 7
67259, 7
67260, 5
67261, 6
67262, 3
67295, 1
67296, 3
67298, 4
67300, 3
67301, 2
67306, 4
67307, 3
67310, 5
67311, 1
67312, 5
67313, 2
67314, 3
67315, 5
67316, 11
67317, 2
67318, 8
67319, 12
67320, 11
67321, 4
67323, 12
67324, 4
67325, 4
67326, 6
67327, 11
67328, 3
67329, 1
67330, 9
67331, 6
67332, 12
67333, 4
67334, 5
67335, 14
67336, 2
67337, 12
67338, 4
67339, 7
67340, 6
67341, 10
67342, 3
67344, 2
67345, 4
67346, 3
67347, 4
67348, 3
67349, 1
67350, 9
67351, 5
67352, 5
67353, 5
67354, 3
67356, 1
67357, 2
67359, 3
67360, 1
67361, 4
67362, 3
67364, 4
67365, 7
67366, 11
67367, 4
67368, 7
67370, 4
67372, 4
67374, 5
67375, 2
67376, 4
67378, 12
67379, 4
67380, 7
67383, 10
67384, 3
67385, 3
67387, 5
67388, 9
67389, 3
67390, 3
67392, 3
67393, 6
67394, 3
67395, 1
67396, 9
67398, 1
67399, 7
67400, 1
67401, 3
67402, 4
67403, 6
67404, 4
67405, 6
67407, 1
67408, 4
67409, 5
67410, 6
67411, 4
67412, 2
67415, 3
67416, 6
67419, 3
67420, 3
67421, 4
67422, 6
67423, 6
67424, 14
67427, 3
67429, 5
67430, 5
67431, 5
67433, 4
67434, 1
67435, 6
67436, 6
67437, 2
67438, 11
67440, 3
67441, 3
67442, 1
67443, 7
67444, 3
67445, 11
67446, 4
67447, 1
67448, 6
67449, 3
67450, 6
67451, 4
67452, 5
67453, 1
67454, 7
67455, 4
67458, 5
67459, 1
67461, 7
67463, 6
67465, 3
67466, 5
67467, 1
67471, 7
67474, 3
67475, 1
67476, 1
67477, 4
67478, 2
67482, 3
67485, 6
67486, 2
67487, 1
67498, 2
67499, 1
67501, 3
67503, 1
67505, 3
67508, 1
67509, 1
67510, 5
67511, 2
67513, 3
67514, 1
67516, 1
67518, 2
67519, 3
67520, 2
67521, 2
67522, 2
67523, 2
67525, 1
67526, 6
67527, 4
67528, 3
67529, 5
67530, 1
67531, 4
67532, 2
67533, 3
67534, 3
67535, 9
67536, 13
67537, 5
67538, 4
67539, 10
67540, 4
67541, 6
67542, 2
67543, 7
67544, 5
67545, 3
67546, 4
67547, 1
67548, 2
67549, 4
67550, 4
67551, 3
67552, 9
67553, 2
67554, 1
67555, 1
67556, 2
67557, 3
67558, 4
67559, 6
67560, 5
67561, 3
67562, 3
67563, 1
67564, 5
67566, 3
67567, 3
67568, 1
67569, 2
67570, 8
67571, 1
67573, 2
67574, 3
67575, 2
67576, 5
67577, 2
67578, 2
67579, 1
67580, 1
67581, 1
67582, 1
67583, 5
67584, 3
67585, 1
67586, 5
67587, 4
67588, 1
67590, 3
67591, 2
67594, 2
67595, 7
67596, 3
67597, 1
67598, 7
67599, 3
67600, 2
67601, 6
67602, 6
67603, 4
67604, 5
67605, 5
67606, 4
67607, 4
67608, 4
67609, 3
67610, 1
67611, 5
67612, 1
67613, 2
67614, 3
67615, 5
67616, 3
67617, 7
67618, 3
67619, 5
67620, 5
67621, 2
67622, 4
67623, 1
67624, 2
67625, 5
67626, 6
67627, 2
67628, 1
67629, 1
67631, 1
67632, 1
67634, 2
67635, 1
67636, 1
67641, 3
67643, 1
67644, 1
67646, 2
67650, 1
67651, 1
67654, 2
67655, 1
67656, 2
67658, 4
67659, 1
67660, 1
67661, 2
67662, 1
67664, 1
67666, 3
67667, 5
67668, 1
67669, 1
67670, 2
67671, 3
67672, 10
67673, 3
67674, 2
67675, 3
67676, 1
67677, 6
67678, 7
67679, 3
67680, 2
67681, 9
67682, 6
67683, 6
67684, 4
67685, 9
67686, 9
67687, 8
67688, 15
67689, 14
67690, 13
67691, 4
67692, 6
67695, 3
67696, 4
67697, 3
67700, 6
67701, 7
67702, 5
67703, 7
67705, 4
67706, 5
67707, 2
67711, 7
67712, 8
67713, 2
67714, 8
67716, 10
67717, 8
67718, 4
67719, 5
67720, 4
67721, 4
67722, 3
67726, 7
67727, 6
67728, 4
67730, 5
67731, 2
67732, 5
67735, 2
67736, 9
67737, 3
67739, 2
67741, 2
67743, 2
67744, 5
67746, 8
67747, 1
67748, 3
67750, 3
67751, 3
67752, 7
67753, 4
67754, 4
67755, 5
67757, 2
67760, 2
67762, 2
67763, 4
67764, 1
67765, 2
67766, 3
67769, 3
67770, 5
67772, 4
67774, 2
67777, 3
67778, 3
67783, 3
67784, 4
67800, 1
67804, 2
67805, 4
67806, 2
67807, 1
67808, 1
67809, 3
67810, 2
67811, 4
67812, 1
67813, 6
67814, 2
67815, 3
67817, 6
67818, 3
67819, 2
67820, 1
67821, 3
67822, 1
67823, 1
67824, 3
67825, 4
67826, 10
67827, 8
67828, 5
67829, 4
67830, 6
67831, 1
67832, 10
67833, 7
67834, 9
67835, 11
67836, 5
67837, 10
67838, 9
67839, 8
67840, 14
67841, 14
67842, 5
67844, 2
67845, 6
67846, 5
67847, 5
67848, 3
67849, 4
67851, 3
67852, 5
67853, 7
67854, 5
67855, 6
67856, 3
67858, 5
67859, 13
67861, 6
67862, 4
67863, 2
67865, 8
67866, 1
67868, 5
67869, 4
67870, 5
67871, 8
67872, 8
67874, 6
67875, 8
67876, 2
67877, 6
67878, 3
67883, 2
67887, 6
67888, 1
67889, 6
67890, 1
67891, 10
67892, 1
67893, 3
67894, 4
67895, 2
67898, 5
67899, 5
67900, 2
67901, 2
67906, 3
67908, 6
67910, 3
67912, 2
67917, 2
67918, 1
67922, 2
67923, 2
67924, 2
67929, 1
67940, 2
67956, 1
67957, 1
67958, 2
67959, 4
67960, 3
67961, 2
67963, 4
67964, 2
67965, 5
67966, 5
67967, 2
67968, 3
67969, 1
67970, 7
67971, 4
67972, 2
67973, 5
67974, 4
67975, 7
67976, 1
67977, 1
67978, 5
67979, 7
67980, 5
67981, 2
67982, 6
67983, 6
67984, 18
67985, 9
67986, 5
67987, 8
67988, 4
67989, 9
67990, 8
67991, 21
67992, 19
67993, 7
67994, 4
67995, 12
67996, 6
67997, 5
67998, 6
68000, 3
68001, 6
68002, 5
68004, 2
68005, 4
68006, 2
68008, 4
68009, 5
68010, 6
68012, 3
68013, 3
68014, 4
68016, 5
68018, 3
68020, 4
68022, 3
68023, 7
68024, 5
68025, 4
68026, 7
68027, 4
68028, 5
68029, 1
68030, 8
68031, 2
68032, 1
68033, 3
68035, 2
68036, 4
68038, 3
68039, 5
68040, 1
68042, 2
68043, 2
68045, 3
68046, 2
68047, 5
68048, 6
68050, 1
68051, 1
68052, 3
68054, 3
68055, 1
68056, 3
68057, 5
68058, 1
68059, 1
68060, 3
68061, 1
68064, 1
68067, 1
68070, 1
68077, 2
68079, 2
68081, 1
68083, 2
68090, 3
77287, 1
77288, 1
77289, 3
77290, 3
77292, 6
77294, 3
77295, 2
77296, 3
77297, 4
77298, 2
77299, 1
77300, 8
77301, 1
77302, 11
77303, 12
77304, 6
77305, 7
77306, 12
77307, 4
77308, 10
77309, 11
77310, 4
77311, 10
77312, 6
77313, 5
77314, 16
77315, 9
77316, 8
77317, 8
77318, 6
77319, 8
77320, 8
77321, 5
77322, 9
77323, 12
77324, 9
77325, 9
77326, 14
77327, 10
77328, 5
77329, 10
77330, 2
77360, 1
77367, 2
77369, 2
77371, 3
77374, 3
77375, 1
77380, 4
77381, 4
77384, 2
77385, 6
77386, 7
77387, 3
77389, 2
77391, 3
77394, 1
77395, 1
77396, 3
77397, 2
77398, 1
77399, 2
77401, 6
77402, 3
77403, 3
77404, 5
77405, 1
77406, 1
77407, 2
77408, 1
77409, 2
77410, 6
77411, 1
77414, 1
77415, 1
77417, 2
77418, 1
77420, 4
77422, 4
77424, 1
77425, 2
77426, 3
77427, 2
77428, 3
77429, 1
77432, 1
77434, 1
77437, 1
77439, 2
77445, 1
77486, 1
77489, 1
77491, 5
77492, 2
77493, 2
77494, 1
77495, 5
77496, 6
77497, 2
77499, 3
77500, 3
77501, 3
77502, 3
77503, 10
77504, 5
77505, 2
77506, 2
77507, 6
77508, 6
77509, 7
77511, 4
77512, 6
77513, 13
77514, 3
77515, 9
77516, 3
77517, 3
77518, 7
77519, 4
77520, 7
77521, 3
77522, 9
77523, 3
77524, 8
77525, 4
77526, 7
77527, 3
77528, 9
77529, 7
77530, 8
77531, 7
77532, 9
77533, 13
77534, 5
77535, 5
77536, 6
77537, 3
77538, 3
77539, 3
77541, 2
77542, 3
77545, 2
77546, 3
77547, 2
77548, 3
77549, 2
77552, 1
77553, 4
77554, 6
77555, 4
77558, 5
77559, 8
77560, 4
77561, 7
77562, 1
77563, 5
77564, 3
77565, 1
77566, 2
77570, 1
77571, 2
77572, 2
77573, 5
77574, 1
77577, 4
77578, 6
77579, 3
77581, 3
77582, 3
77583, 2
77584, 4
77585, 3
77586, 6
77587, 4
77589, 2
77590, 2
77591, 1
77593, 2
77594, 1
77595, 1
77597, 2
77598, 4
77601, 2
77603, 4
77604, 1
77609, 2
77610, 3
77611, 3
77612, 2
77614, 2
77615, 3
77624, 1
77626, 2
77627, 1
77628, 2
77636, 1
77637, 1
77686, 2
77687, 2
77688, 3
77689, 1
77690, 2
77691, 3
77692, 1
77693, 1
77694, 3
77696, 4
77697, 2
77698, 5
77700, 2
77701, 6
77702, 6
77703, 2
77704, 4
77705, 6
77706, 3
77707, 7
77708, 10
77709, 7
77710, 10
77711, 9
77712, 4
77713, 5
77714, 4
77715, 10
77716, 7
77717, 10
77718, 15
77719, 14
77720, 11
77721, 7
77722, 12
77723, 17
77724, 2
77725, 1
77726, 6
77727, 3
77729, 2
77731, 3
77732, 4
77733, 3
77734, 1
77735, 1
77736, 2
77737, 5
77740, 2
77741, 9
77743, 3
77745, 1
77746, 3
77747, 1
77749, 2
77750, 4
77754, 5
77755, 4
77756, 3
77757, 1
77763, 4
77765, 3
77766, 1
77768, 4
77769, 1
77770, 2
77771, 4
77773, 2
77774, 2
77775, 4
77777, 4
77780, 2
77781, 5
77783, 2
77784, 1
77787, 9
77788, 8
77789, 2
77790, 2
77791, 2
77792, 2
77793, 7
77798, 2
77799, 3
77800, 6
77801, 3
77802, 2
77804, 3
77805, 2
77808, 3
77809, 1
77810, 1
77811, 1
77812, 2
77813, 2
77816, 1
77818, 3
77823, 2
77825, 1
77826, 2
78054, 1
78055, 1
78058, 5
78059, 3
78061, 1
78062, 2
78063, 5
78064, 3
78065, 5
78066, 2
78067, 4
78068, 2
78069, 1
78070, 8
78071, 1
78072, 5
78073, 2
78074, 7
78075, 3
78076, 5
78077, 6
78078, 7
78079, 3
78080, 3
78081, 6
78082, 2
78083, 8
78084, 2
78085, 5
78086, 7
78087, 9
78088, 2
78089, 10
78090, 6
78091, 16
78092, 6
78093, 7
78094, 16
78095, 18
78096, 2
78099, 2
78121, 1
78123, 1
78128, 1
78132, 1
78134, 7
78135, 7
78136, 4
78138, 2
78139, 3
78141, 2
78142, 3
78144, 5
78146, 4
78147, 5
78148, 3
78149, 1
78150, 5
78151, 6
78152, 4
78153, 6
78154, 2
78155, 2
78156, 6
78157, 2
78158, 4
78159, 5
78160, 5
78161, 5
78162, 9
78164, 11
78165, 4
78166, 4
78167, 8
78168, 4
78169, 3
78170, 6
78171, 1
78172, 3
78173, 1
78174, 9
78175, 1
78176, 5
78177, 2
78178, 2
78179, 1
78180, 3
78182, 3
78184, 1
78185, 2
78189, 1
78190, 1
78191, 2
78192, 4
78195, 1
78197, 2
78199, 2
78201, 2
78202, 2
78205, 2
87368, 1
87369, 1
87370, 3
87371, 1
87373, 1
87374, 3
87375, 3
87376, 4
87377, 1
87378, 3
87379, 6
87380, 2
87381, 3
87383, 3
87384, 1
87385, 1
87386, 6
87387, 1
87388, 10
87389, 4
87390, 5
87391, 7
87392, 7
87393, 13
87394, 5
87395, 2
87396, 8
87397, 18
87398, 11
87399, 11
87400, 14
87401, 7
87402, 11
87403, 10
87404, 5
87405, 7
87406, 6
87407, 1
87408, 2
87409, 2
87410, 5
87411, 4
87412, 8
87413, 2
87414, 4
87416, 6
87417, 4
87418, 4
87420, 1
87421, 2
87423, 2
87438, 2
87439, 1
87440, 3
87443, 9
87444, 4
87446, 5
87447, 11
87448, 2
87449, 2
87450, 5
87451, 1
87452, 3
87453, 2
87454, 13
87455, 7
87456, 5
87457, 17
87458, 10
87459, 16
87460, 6
87461, 3
87462, 12
87463, 6
87464, 19
87465, 15
87466, 13
87467, 9
87468, 7
87469, 11
87470, 17
87471, 11
87472, 15
87473, 9
87474, 10
87475, 19
87476, 10
87477, 24
87478, 2
87479, 4
87480, 12
87481, 9
87482, 12
87483, 10
87484, 17
87485, 5
87486, 14
87487, 7
87489, 7
87490, 6
87491, 6
87492, 6
87493, 6
87494, 9
87495, 13
87496, 9
87497, 7
87498, 5
87499, 6
87500, 9
87502, 6
87503, 7
87504, 4
87506, 3
87507, 4
87509, 2
87510, 5
87511, 2
87518, 3
87520, 1
87525, 1
87531, 2
87533, 1
87681, 1
87683, 3
87684, 1
87685, 3
87686, 6
87687, 5
87688, 1
87689, 6
87690, 2
87691, 1
87692, 6
87693, 3
87694, 4
87695, 4
87696, 5
87697, 8
87698, 1
87699, 2
87700, 6
87701, 9
87702, 6
87703, 9
87704, 4
87705, 8
87706, 10
87707, 6
87708, 6
87709, 5
87710, 5
87711, 8
87712, 4
87713, 6
87714, 11
87715, 3
87716, 13
87717, 12
87718, 7
87719, 8
87720, 18
87721, 9
87722, 7
87723, 8
87724, 2
87753, 2
87754, 2
87756, 3
87757, 1
87758, 1
87759, 2
87760, 1
87765, 1
87766, 2
87767, 2
87768, 3
87769, 2
87770, 4
87771, 1
87772, 4
87773, 2
87774, 4
87775, 1
87776, 1
87777, 3
87778, 4
87779, 6
87780, 3
87781, 1
87782, 5
87784, 2
87785, 3
87786, 2
87787, 5
87788, 4
87789, 7
87790, 6
87791, 2
87792, 2
87793, 6
87794, 3
87795, 4
87796, 5
87797, 2
87798, 3
87799, 5
87800, 2
87801, 6
87802, 7
87803, 4
87804, 3
87805, 2
87806, 3
87807, 2
87808, 1
87809, 1
87810, 1
87811, 1
87813, 2
87814, 4
87815, 3
87816, 2
87817, 1
87818, 2
87819, 3
87820, 1
87821, 2
87822, 1
87823, 1
87824, 2
87825, 6
87826, 1
87828, 3
87829, 3
87830, 2
87831, 5
87832, 3
87835, 4
87836, 7
87839, 2
87840, 4
87841, 2
87842, 3
87843, 6
87844, 6
87845, 1
87846, 6
87847, 3
87848, 4
87849, 8
87850, 3
87851, 10
87852, 2
87854, 4
87855, 6
87856, 1
87857, 6
87858, 9
87859, 3
87860, 7
87862, 3
87863, 6
87865, 1
87866, 8
87867, 4
87868, 3
87869, 9
87870, 3
87872, 8
87873, 7
87874, 6
87875, 7
87876, 3
87877, 5
87879, 8
87880, 2
87882, 3
87883, 4
87884, 5
87885, 3
87886, 3
87887, 2
87888, 6
87890, 7
87891, 3
87892, 11
87893, 5
87894, 2
87896, 6
87897, 2
87898, 3
87900, 3
87903, 4
87904, 1
87905, 2
87906, 13
87907, 9
87908, 10
87909, 7
87910, 8
87911, 3
87912, 6
87914, 3
87915, 5
87916, 5
87917, 9
87918, 9
87919, 2
87920, 1
87921, 7
87922, 1
87923, 2
87924, 1
87926, 9
87927, 3
87931, 4
87935, 1
87936, 4
88132, 2
88135, 2
88137, 1
88138, 1
88140, 1
88141, 2
88143, 1
88144, 4
88146, 1
88147, 3
88148, 6
88149, 3
88150, 1
88151, 3
88152, 9
88153, 6
88154, 8
88155, 3
88156, 3
88157, 8
88158, 6
88159, 9
88160, 7
88161, 6
88162, 10
88163, 10
88164, 7
88165, 6
88166, 10
88167, 7
88168, 9
88169, 2
88170, 12
88171, 7
88172, 2
88180, 3
88186, 2
88194, 2
88199, 2
88201, 2
88202, 2
88203, 2
88204, 1
88207, 2
88208, 3
88209, 4
88210, 2
88212, 2
88214, 7
88215, 4
88216, 4
88217, 8
88218, 1
88219, 11
88220, 1
88221, 2
88222, 2
88224, 2
88225, 2
88226, 6
88227, 6
88228, 12
88229, 1
88230, 5
88232, 8
88233, 4
88234, 7
88235, 10
88236, 3
88237, 6
88238, 4
88239, 2
88240, 4
88241, 6
88242, 4
88243, 6
88244, 10
88245, 2
88247, 2
88248, 4
88249, 8
88250, 3
88251, 8
88253, 4
88254, 7
88256, 2
88257, 2
88258, 2
88260, 2
88264, 2
88265, 1
88273, 1
97244, 1
97246, 3
97248, 2
97249, 3
97250, 3
97251, 2
97252, 3
97253, 2
97254, 2
97255, 2
97256, 2
97257, 3
97258, 4
97259, 1
97260, 4
97261, 3
97262, 3
97263, 3
97264, 1
97265, 2
97266, 1
97268, 4
97269, 7
97270, 2
97271, 3
97272, 7
97273, 3
97274, 5
97275, 2
97276, 4
97277, 4
97278, 3
97279, 4
97280, 4
97281, 11
97282, 4
97283, 1
97284, 2
97287, 2
97288, 2
97311, 1
97312, 1
97318, 2
97322, 3
97323, 3
97325, 3
97328, 4
97329, 5
97330, 4
97331, 8
97332, 5
97333, 2
97334, 7
97335, 4
97337, 6
97338, 4
97339, 7
97340, 8
97341, 15
97342, 3
97343, 8
97344, 2
97345, 4
97346, 10
97347, 8
97348, 15
97349, 10
97350, 6
97351, 9
97352, 13
97353, 3
97354, 14
97355, 8
97356, 10
97357, 3
97358, 7
97359, 7
97360, 10
97361, 1
97362, 11
97363, 6
97364, 6
97365, 7
97366, 9
97367, 3
97368, 8
97369, 13
97370, 8
97371, 4
97372, 8
97373, 6
97374, 11
97375, 5
97376, 14
97377, 13
97378, 3
97379, 2
97380, 6
97381, 5
97382, 3
97383, 8
97384, 3
97388, 3
97392, 2
97393, 5
97394, 3
97396, 7
97398, 5
97399, 2
97402, 3
97403, 10
97405, 7
97406, 2
97409, 3
97410, 3
97411, 7
97412, 2
97413, 4
97414, 3
97416, 3
97417, 3
97419, 3
97421, 3
97422, 3
97423, 3
97424, 4
97426, 5
97427, 3
97428, 7
97430, 3
97431, 5
97432, 3
97434, 3
97435, 3
97438, 8
97439, 5
97440, 3
97442, 6
97443, 4
97444, 1
97445, 6
97446, 5
97448, 7
97449, 5
97450, 7
97451, 4
97452, 1
97453, 2
97454, 2
97455, 4
97456, 3
97457, 7
97458, 6
97459, 10
97460, 9
97461, 5
97462, 8
97464, 1
97466, 2
97468, 3
97470, 3
97472, 4
97473, 2
97474, 1
97479, 5
97481, 1
97482, 4
97485, 2
97491, 2
97496, 5
97498, 3
97503, 3
97521, 3
97562, 1
97565, 1
97566, 3
97567, 2
97568, 1
97569, 3
97571, 2
97572, 1
97573, 4
97574, 1
97576, 3
97577, 2
97578, 2
97579, 1
97581, 3
97582, 4
97583, 5
97584, 2
97585, 4
97587, 6
97588, 9
97589, 4
97590, 3
97591, 4
97592, 1
97593, 5
97594, 5
97595, 5
97596, 9
97597, 8
97598, 9
97599, 9
97600, 12
97601, 9
97602, 10
97603, 4
97604, 2
97605, 2
97606, 1
97607, 1
97608, 3
97609, 3
97610, 1
97611, 2
97612, 2
97613, 4
97614, 1
97615, 7
97616, 2
97617, 1
97618, 1
97619, 1
97620, 5
97621, 1
97625, 4
97626, 2
97627, 2
97628, 9
97629, 3
97630, 2
97631, 1
97632, 1
97633, 3
97634, 1
97637, 2
97638, 2
97640, 2
97641, 3
97642, 6
97643, 4
97644, 5
97645, 5
97646, 4
97647, 1
97648, 4
97649, 1
97650, 2
97651, 7
97654, 2
97655, 6
97656, 2
97657, 2
97658, 3
97659, 5
97660, 3
97661, 7
97662, 1
97663, 1
97664, 4
97665, 5
97666, 6
97667, 5
97668, 2
97670, 3
97671, 3
97672, 5
97673, 5
97674, 4
97675, 7
97676, 2
97677, 1
97678, 3
97679, 3
97680, 5
97681, 4
97682, 2
97687, 1
97688, 4
97689, 3
97690, 1
97691, 3
97696, 1
97697, 2
97698, 3
97700, 1
97701, 1
97702, 3
97703, 2
97705, 2
97706, 3
97707, 1
97720, 1
97741, 3
97742, 1
97747, 1
97748, 6
97749, 4
97751, 2
97752, 2
97753, 1
97755, 1
97756, 3
97758, 3
97759, 9
97760, 4
97762, 6
97763, 4
97764, 8
97765, 10
97766, 3
97767, 5
97768, 7
97769, 2
97770, 5
97771, 14
97772, 11
97773, 5
97775, 4
97776, 4
97777, 5
97778, 6
97779, 15
97780, 9
97781, 3
97783, 1
97784, 9
97785, 3
97786, 3
97787, 17
97788, 11
97789, 4
97791, 1
97792, 4
97793, 7
97794, 3
97795, 3
97796, 3
97797, 4
97799, 5
97800, 7
97801, 5
97802, 3
97803, 5
97804, 5
97805, 5
97806, 9
97807, 1
97808, 8
97809, 12
97810, 3
97811, 2
97812, 6
97813, 3
97814, 2
97815, 1
97816, 5
97817, 2
97818, 3
97820, 2
97821, 6
97823, 2
97825, 3
97829, 3
97830, 2
97831, 1
97834, 3
97835, 4
97837, 1
97838, 6
97839, 2
97840, 2
97842, 1
97843, 1
97844, 1
97845, 2
97848, 3
97851, 1
97855, 2
97857, 4
97859, 1
97863, 3
97865, 2
97867, 4
97868, 3
97871, 2
97874, 2
97880, 1
97881, 2
97885, 1
97888, 1
98176, 1
98177, 1
98178, 1
98179, 3
98180, 6
98181, 3
98182, 1
98183, 3
98184, 2
98185, 1
98187, 8
98188, 6
98189, 3
98190, 3
98191, 3
98192, 2
98193, 5
98194, 1
98195, 6
98196, 6
98197, 6
98198, 5
98199, 4
98200, 9
98202, 8
98203, 15
98204, 7
98205, 14
98206, 5
98207, 3
98208, 11
98209, 8
98210, 4
98211, 8
98212, 7
98213, 8
98214, 10
98215, 7
98216, 1
98246, 1
98247, 3
98248, 2
98249, 1
98250, 1
98251, 1
98253, 1
98255, 3
98256, 7
98258, 2
98261, 3
98264, 2
98265, 1
98266, 7
98267, 5
98268, 5
98269, 2
98270, 6
98271, 4
98272, 4
98273, 2
98274, 2
98275, 3
98276, 7
98277, 4
98278, 5
98279, 6
98280, 2
98281, 11
98282, 8
98283, 1
98284, 4
98285, 3
98286, 5
98287, 1
98288, 4
98290, 7
98291, 3
98292, 3
98293, 2
98294, 2
98295, 7
98296, 13
98297, 1
98298, 2
98299, 3
98301, 1
98302, 3
98303, 3
98304, 2
98305, 1
98307, 1
98308, 1
98309, 8
98310, 2
98311, 4
98312, 2
98318, 2
98330, 2
107395, 2
107397, 1
107399, 2
107401, 1
107402, 1
107403, 3
107404, 3
107405, 2
107407, 4
107408, 1
107409, 3
107410, 5
107411, 4
107412, 6
107413, 1
107414, 1
107415, 2
107416, 5
107417, 5
107418, 6
107419, 5
107420, 4
107421, 6
107422, 6
107423, 2
107424, 5
107425, 7
107426, 1
107427, 5
107428, 9
107429, 4
107430, 9
107431, 5
107432, 6
107434, 1
107435, 4
107436, 2
107437, 6
107438, 2
107439, 3
107440, 3
107441, 10
107442, 1
107443, 9
107444, 8
107445, 1
107446, 3
107447, 5
107448, 6
107449, 6
107450, 4
107451, 4
107452, 7
107453, 8
107454, 15
107456, 18
107457, 10
107458, 12
107459, 6
107460, 3
107461, 7
107463, 9
107464, 11
107465, 1
107466, 7
107467, 14
107468, 12
107469, 15
107470, 9
107471, 17
107472, 12
107473, 8
107474, 5
107475, 7
107476, 5
107482, 11
107484, 5
107485, 11
107487, 3
107488, 3
107489, 3
107490, 11
107492, 6
107493, 19
107494, 4
107498, 3
107499, 3
107500, 1
107501, 11
107502, 3
107503, 7
107504, 7
107506, 13
107507, 13
107508, 9
107509, 5
107510, 6
107511, 4
107512, 9
107513, 7
107514, 4
107516, 5
107517, 4
107518, 6
107519, 6
107520, 4
107521, 14
107522, 4
107523, 4
107524, 2
107525, 1
107526, 5
107527, 12
107529, 7
107530, 7
107531, 3
107532, 5
107533, 3
107534, 3
107535, 4
107536, 4
107537, 3
107538, 1
107539, 2
107540, 12
107542, 2
107543, 4
107544, 3
107545, 2
107548, 8
107549, 7
107550, 2
107551, 1
107552, 4
107553, 2
107554, 5
107555, 5
107556, 1
107557, 3
107558, 4
107559, 9
107560, 6
107561, 3
107562, 6
107563, 2
107564, 3
107565, 9
107566, 4
107567, 2
107568, 3
107569, 9
107570, 7
107571, 3
107572, 6
107573, 5
107574, 7
107575, 9
107576, 5
107577, 7
107578, 2
107580, 3
107581, 2
107582, 9
107583, 6
107584, 4
107585, 4
107586, 6
107587, 10
107588, 5
107589, 3
107590, 3
107591, 9
107592, 5
107593, 2
107594, 3
107595, 7
107596, 8
107597, 4
107598, 5
107600, 5
107601, 1
107602, 3
107603, 4
107604, 1
107605, 3
107606, 5
107607, 5
107608, 6
107609, 3
107611, 5
107612, 1
107615, 1
107616, 1
107617, 4
107618, 4
107619, 4
107620, 2
107622, 3
107625, 7
107626, 1
107627, 3
107628, 7
107629, 5
107630, 2
107631, 3
107632, 3
107633, 4
107634, 3
107635, 6
107636, 3
107637, 10
107638, 3
107639, 1
107642, 1
107643, 4
107644, 11
107645, 3
107646, 1
107649, 4
107650, 1
107651, 5
107652, 2
107653, 8
107654, 6
107655, 5
107656, 4
107657, 2
107658, 4
107659, 2
107660, 1
107661, 6
107662, 3
107663, 1
107664, 1
107665, 11
107666, 4
107668, 2
107670, 1
107671, 1
107674, 1
107675, 1
107676, 1
107677, 3
107678, 3
107679, 4
107680, 1
107681, 3
107682, 2
107684, 1
107685, 3
107686, 2
107696, 2
107824, 2
107825, 1
107826, 3
107828, 5
107830, 1
107831, 7
107833, 3
107834, 3
107835, 1
107836, 1
107837, 6
107838, 6
107839, 3
107840, 4
107841, 4
107842, 3
107843, 2
107844, 3
107845, 5
107846, 2
107847, 6
107848, 5
107849, 4
107850, 10
107851, 14
107852, 18
107853, 9
107854, 4
107855, 2
107856, 8
107857, 12
107858, 8
107859, 6
107860, 13
107861, 4
107862, 10
107863, 11
107864, 8
107866, 2
107867, 6
107868, 1
107870, 2
107872, 2
107878, 2
107880, 2
107882, 5
107883, 1
107891, 2
107895, 3
107896, 3
107897, 3
107899, 1
107900, 1
107903, 1
107904, 2
107905, 2
107906, 4
107907, 3
107908, 2
107909, 5
107910, 3
107911, 1
107914, 5
107915, 4
107916, 2
107917, 2
107918, 8
107919, 6
107921, 3
107922, 2
107923, 5
107924, 1
107925, 3
107926, 8
107927, 7
107928, 4
107929, 1
107930, 1
107931, 1
107932, 5
107933, 1
107934, 4
107935, 4
107936, 6
107938, 5
107939, 3
107940, 2
107941, 6
107942, 1
107944, 6
107946, 3
107947, 9
107949, 3
107950, 1
107953, 2
107956, 5
107957, 2
107958, 2
107960, 2
107963, 2
107964, 2
107965, 1
107968, 3
108267, 1
108268, 4
108269, 2
108270, 1
108272, 2
108274, 4
108275, 2
108276, 1
108277, 2
108278, 2
108280, 2
108281, 2
108282, 3
108283, 4
108284, 1
108285, 5
108286, 2
108287, 3
108288, 2
108289, 5
108290, 5
108291, 6
108292, 2
108293, 6
108294, 6
108295, 14
108296, 6
108297, 3
108298, 12
108299, 7
108300, 4
108301, 6
108302, 4
108303, 5
108304, 11
108305, 11
108306, 11
108307, 6
108308, 3
108336, 2
108338, 4
108343, 1
108348, 2
108349, 2
108350, 2
108351, 2
108352, 4
108353, 2
108354, 3
108355, 4
108357, 7
108359, 5
108360, 3
108361, 8
108362, 3
108363, 8
108364, 6
108365, 10
108366, 6
108367, 4
108368, 9
108369, 5
108370, 10
108371, 7
108372, 5
108373, 11
108374, 3
108375, 5
108376, 3
108378, 2
108379, 6
108380, 3
108381, 11
108382, 5
108383, 4
108384, 10
108385, 1
108386, 5
108387, 2
108388, 10
108389, 9
108390, 1
108391, 3
108392, 3
108394, 3
108398, 2
108401, 2
108402, 2
108403, 2
108407, 2
108408, 2
117334, 1
117337, 3
117338, 1
117340, 1
117341, 1
117342, 2
117343, 2
117347, 1
117349, 3
117350, 3
117351, 1
117353, 2
117355, 5
117356, 4
117357, 6
117358, 1
117359, 1
117360, 6
117361, 1
117362, 8
117363, 2
117364, 3
117365, 6
117366, 4
117367, 7
117368, 5
117369, 5
117370, 4
117371, 3
117372, 5
117373, 5
117374, 2
117397, 2
117398, 5
117399, 12
117400, 3
117401, 7
117402, 5
117403, 2
117404, 18
117405, 9
117406, 10
117407, 17
117408, 10
117409, 11
117410, 3
117411, 12
117412, 15
117413, 10
117414, 8
117415, 4
117416, 14
117417, 7
117418, 6
117419, 10
117420, 15
117421, 7
117422, 5
117423, 13
117424, 7
117425, 5
117426, 8
117427, 13
117428, 20
117429, 9
117430, 20
117431, 13
117432, 12
117433, 12
117434, 10
117435, 9
117436, 14
117437, 18
117438, 9
117441, 4
117444, 3
117447, 2
117449, 3
117451, 5
117453, 4
117454, 3
117455, 5
117457, 3
117458, 2
117459, 3
117460, 3
117461, 10
117462, 3
117463, 7
117464, 3
117467, 4
117469, 3
117471, 9
117472, 2
117473, 6
117474, 4
117476, 5
117478, 2
117479, 4
117481, 3
117484, 5
117485, 7
117488, 8
117489, 3
117490, 1
117493, 3
117494, 4
117495, 7
117496, 1
117497, 2
117498, 2
117499, 5
117500, 3
117501, 2
117502, 2
117503, 4
117504, 8
117505, 3
117506, 2
117507, 4
117508, 4
117509, 5
117510, 10
117511, 4
117512, 2
117513, 3
117515, 6
117517, 3
117518, 4
117519, 5
117521, 3
117522, 2
117523, 4
117524, 4
117526, 7
117527, 2
117528, 5
117529, 2
117530, 2
117531, 6
117532, 1
117533, 4
117534, 2
117535, 2
117536, 4
117537, 6
117538, 3
117540, 2
117542, 1
117543, 6
117545, 2
117546, 1
117547, 2
117548, 2
117549, 5
117550, 2
117551, 4
117553, 1
117554, 2
117555, 1
117556, 5
117557, 2
117558, 3
117560, 3
117561, 2
117562, 6
117563, 7
117564, 10
117565, 6
117566, 4
117567, 2
117568, 5
117569, 12
117570, 9
117571, 3
117572, 11
117573, 7
117574, 3
117575, 6
117576, 8
117577, 7
117578, 4
117580, 2
117581, 2
117582, 1
117584, 3
117586, 4
117587, 3
117588, 3
117590, 2
117591, 4
117592, 1
117593, 4
117594, 10
117595, 4
117596, 1
117597, 4
117600, 2
117602, 1
117603, 4
117609, 3
117610, 5
117611, 7
117612, 4
117613, 4
117615, 2
117618, 3
117619, 4
117620, 2
117621, 2
117622, 6
117623, 5
117624, 2
117625, 2
117626, 2
117627, 5
117628, 8
117629, 6
117630, 2
117631, 9
117632, 6
117633, 1
117634, 2
117635, 4
117636, 8
117637, 4
117638, 6
117639, 1
117640, 2
117641, 3
117642, 8
117643, 8
117644, 2
117645, 1
117646, 6
117647, 2
117648, 1
117649, 6
117650, 7
117651, 1
117652, 5
117653, 3
117654, 2
117655, 3
117657, 1
117658, 5
117659, 8
117660, 2
117661, 3
117662, 2
117663, 4
117665, 1
117666, 1
117667, 1
117671, 2
117672, 2
117673, 3
117674, 3
117675, 1
117679, 2
117680, 1
117687, 2
117688, 1
117689, 1
117690, 1
117795, 1
117796, 2
117797, 3
117798, 1
117800, 2
117801, 1
117802, 2
117803, 1
117805, 4
117807, 3
117808, 2
117809, 7
117810, 3
117811, 4
117812, 3
117813, 7
117814, 7
117815, 4
117816, 2
117817, 11
117818, 4
117819, 5
117820, 5
117821, 5
117822, 9
117823, 1
117824, 5
117825, 9
117826, 9
117827, 3
117828, 8
117830, 9
117831, 7
117832, 4
117833, 1
117834, 1
117835, 3
117836, 1
117843, 3
117869, 5
117870, 2
117873, 2
117876, 4
117878, 2
117879, 8
117880, 4
117881, 5
117882, 2
117884, 1
117885, 4
117886, 3
117887, 6
117888, 5
117889, 3
117890, 4
117891, 5
117892, 10
117893, 13
117894, 4
117895, 4
117896, 5
117897, 7
117898, 5
117899, 2
117900, 5
117901, 12
117902, 3
117903, 8
117904, 9
117905, 7
117907, 5
117908, 2
117909, 6
117910, 4
117911, 9
117913, 7
117914, 2
117915, 2
117917, 7
117918, 5
117919, 3
117921, 6
117923, 2
117924, 5
117925, 1
117926, 3
117927, 3
117930, 1
117931, 1
117932, 4
117933, 2
117937, 2
117951, 1
117954, 2
117987, 2
117988, 1
117989, 1
117990, 1
117991, 2
117992, 1
117993, 1
117994, 5
117995, 1
117996, 3
117998, 3
117999, 3
118000, 2
118001, 1
118003, 7
118004, 5
118005, 5
118006, 11
118007, 3
118008, 2
118009, 6
118010, 3
118011, 4
118012, 11
118013, 13
118015, 6
118016, 7
118017, 9
118018, 4
118019, 8
118020, 12
118021, 11
118022, 15
118023, 3
118024, 9
118025, 5
118026, 5
118027, 15
118028, 7
118029, 4
118030, 6
118031, 11
118032, 4
118033, 6
118034, 10
118035, 2
118036, 3
118037, 4
118038, 3
118039, 3
118040, 3
118042, 6
118044, 6
118045, 2
118046, 2
118047, 9
118049, 4
118052, 3
118053, 6
118054, 2
118058, 3
118059, 6
118062, 3
118063, 5
118065, 1
118066, 4
118067, 2
118069, 1
118070, 3
118071, 1
118072, 1
118075, 4
118076, 1
118077, 4
118079, 1
118080, 4
118081, 4
118082, 3
118083, 3
118085, 6
118086, 3
118088, 2
118089, 1
118090, 5
118093, 1
118094, 3
118095, 1
118097, 2
118100, 4
118101, 2
118102, 1
118104, 4
118107, 1
118108, 1
118112, 1
118115, 1
118120, 3
127449, 5
127450, 2
127451, 4
127452, 5
127453, 1
127454, 1
127455, 1
127456, 4
127457, 5
127458, 8
127459, 5
127460, 7
127461, 9
127462, 4
127463, 8
127464, 6
127465, 7
127466, 4
127467, 11
127468, 6
127469, 16
127470, 8
127471, 6
127472, 6
127473, 12
127474, 13
127475, 5
127476, 13
127477, 21
127478, 11
127479, 14
127480, 16
127481, 15
127482, 29
127483, 9
127484, 13
127485, 13
127486, 13
127487, 10
127488, 14
127489, 15
127490, 9
127491, 9
127492, 1
127527, 1
127528, 1
127529, 4
127530, 1
127531, 1
127534, 5
127536, 2
127537, 4
127538, 1
127539, 6
127540, 1
127541, 4
127542, 1
127543, 3
127544, 4
127545, 10
127546, 3
127547, 3
127548, 9
127549, 4
127550, 7
127551, 3
127552, 6
127553, 7
127554, 11
127555, 8
127556, 10
127557, 5
127558, 12
127559, 16
127560, 6
127561, 14
127562, 26
127563, 11
127564, 14
127565, 6
127566, 20
127567, 15
127568, 16
127569, 11
127570, 11
127571, 15
127572, 8
127573, 11
127574, 9
127575, 4
127576, 5
127577, 13
127578, 12
127579, 4
127580, 10
127581, 12
127582, 8
127583, 13
127584, 6
127585, 14
127586, 14
127587, 3
127588, 5
127589, 8
127590, 4
127591, 5
127592, 8
127593, 9
127594, 5
127595, 14
127596, 10
127597, 5
127598, 3
127599, 10
127600, 5
127601, 4
127602, 5
127603, 4
127604, 3
127605, 3
127606, 3
127607, 11
127608, 10
127609, 11
127610, 2
127611, 2
127612, 4
127613, 9
127614, 3
127615, 5
127616, 2
127617, 1
127620, 2
127621, 3
127622, 5
127623, 3
127624, 2
127625, 2
127626, 4
127627, 9
127628, 4
127629, 2
127630, 2
127631, 7
127632, 9
127633, 12
127634, 7
127635, 4
127636, 7
127637, 2
127638, 1
127639, 1
127641, 1
127642, 5
127643, 4
127644, 4
127645, 3
127646, 1
127647, 2
127648, 6
127649, 7
127650, 9
127651, 3
127652, 4
127653, 5
127654, 4
127656, 1
127657, 1
127658, 4
127659, 3
127662, 2
127663, 1
127664, 1
127665, 5
127666, 1
127668, 4
127669, 1
127670, 1
127672, 1
127674, 2
127675, 1
127676, 1
127677, 1
127678, 3
127679, 1
127680, 2
127687, 1
127722, 1
127723, 2
127724, 1
127725, 1
127727, 3
127728, 2
127729, 2
127731, 3
127732, 1
127733, 2
127734, 3
127735, 1
127736, 5
127737, 4
127738, 1
127739, 1
127740, 2
127741, 2
127742, 2
127743, 4
127744, 5
127745, 6
127746, 2
127747, 9
127748, 4
127749, 5
127750, 11
127751, 3
127752, 9
127753, 5
127754, 3
127755, 6
127756, 8
127757, 6
127758, 8
127759, 12
127760, 12
127761, 8
127762, 3
127763, 2
127764, 2
127766, 1
127767, 5
127768, 1
127771, 1
127772, 1
127773, 1
127774, 1
127777, 1
127779, 3
127780, 3
127782, 1
127783, 2
127785, 1
127786, 1
127791, 2
127794, 3
127796, 1
127797, 2
127799, 1
127800, 1
127804, 2
127805, 2
127806, 2
127807, 2
127809, 4
127810, 1
127811, 1
127812, 4
127813, 4
127814, 2
127815, 1
127816, 2
127817, 5
127818, 3
127819, 4
127820, 1
127821, 3
127822, 4
127823, 1
127824, 5
127825, 5
127826, 1
127827, 5
127828, 1
127829, 2
127830, 2
127832, 1
127833, 2
127836, 4
127837, 2
127838, 2
127840, 1
127841, 2
127842, 1
127843, 2
127847, 2
127850, 2
127851, 1
127855, 2
127856, 1
127857, 1
127867, 1
127885, 1
127886, 3
127887, 2
127888, 1
127890, 1
127892, 1
127893, 1
127894, 1
127895, 3
127896, 2
127898, 2
127899, 1
127901, 2
127902, 4
127903, 5
127904, 3
127905, 4
127906, 3
127907, 4
127908, 6
127909, 8
127910, 2
127911, 7
127912, 4
127913, 6
127914, 4
127915, 10
127916, 4
127917, 7
127918, 9
127919, 11
127920, 7
127921, 8
127922, 11
127923, 10
127924, 11
127925, 17
127926, 12
127927, 8
127928, 1
127929, 3
127932, 1
127934, 2
127935, 2
127936, 4
127937, 3
127940, 1
127941, 2
127943, 1
127944, 1
127945, 4
127946, 1
127948, 1
127949, 6
127952, 4
127953, 1
127955, 3
127956, 1
127957, 1
127959, 3
127960, 1
127961, 4
127962, 2
127963, 5
127964, 4
127965, 1
127967, 3
127968, 1
127969, 5
127970, 1
127972, 2
127973, 2
127975, 1
127976, 2
127980, 1
127981, 2
127982, 1
127985, 5
127987, 2
127991, 1
127992, 1
127995, 1
128012, 1
137037, 1
137038, 3
137039, 2
137040, 2
137041, 3
137042, 1
137044, 2
137045, 2
137047, 4
137049, 1
137050, 2
137051, 7
137052, 3
137053, 6
137054, 3
137055, 4
137056, 5
137057, 2
137058, 2
137059, 4
137060, 2
137061, 6
137062, 7
137063, 9
137064, 5
137065, 5
137066, 6
137067, 6
137068, 6
137069, 17
137070, 10
137071, 6
137072, 11
137073, 9
137074, 9
137075, 3
137076, 1
137101, 1
137104, 3
137105, 2
137106, 3
137107, 3
137108, 4
137109, 2
137110, 1
137111, 1
137112, 12
137113, 3
137114, 5
137115, 1
137116, 6
137117, 4
137118, 1
137119, 1
137120, 4
137121, 5
137122, 8
137123, 5
137124, 4
137125, 7
137126, 4
137127, 8
137128, 4
137129, 6
137130, 5
137131, 7
137132, 8
137133, 8
137134, 8
137135, 5
137136, 6
137137, 14
137138, 15
137139, 4
137140, 11
137141, 14
137142, 12
137143, 12
137144, 13
137145, 9
137146, 1
137147, 3
137148, 4
137149, 2
137150, 10
137151, 4
137152, 2
137153, 4
137154, 5
137155, 3
137156, 8
137157, 1
137158, 5
137159, 2
137160, 2
137162, 7
137164, 7
137165, 3
137166, 8
137167, 6
137169, 2
137170, 5
137171, 2
137172, 2
137173, 1
137174, 2
137175, 3
137176, 1
137177, 1
137178, 3
137179, 6
137180, 6
137181, 2
137182, 5
137183, 8
137184, 3
137185, 9
137186, 3
137188, 1
137189, 5
137190, 1
137191, 6
137192, 2
137193, 2
137194, 5
137195, 9
137196, 6
137197, 2
137198, 1
137199, 3
137200, 5
137201, 5
137202, 7
137203, 3
137204, 6
137205, 6
137206, 4
137207, 4
137208, 6
137209, 6
137210, 5
137211, 5
137212, 6
137213, 2
137214, 5
137215, 7
137216, 9
137217, 3
137218, 2
137221, 3
137222, 3
137223, 5
137224, 3
137225, 3
137226, 4
137227, 2
137228, 4
137229, 3
137230, 5
137231, 3
137232, 1
137233, 6
137234, 15
137235, 4
137236, 2
137237, 6
137238, 2
137239, 2
137240, 1
137241, 6
137242, 3
137243, 7
137244, 3
137245, 4
137246, 4
137247, 6
137248, 1
137249, 3
137250, 2
137251, 4
137252, 3
137253, 1
137255, 4
137256, 3
137257, 2
137262, 2
137264, 4
137265, 5
137266, 3
137268, 2
137269, 1
137272, 3
137273, 2
137274, 1
137277, 1
137278, 3
137279, 4
137280, 1
137281, 1
137282, 2
137283, 1
137284, 1
137287, 1
137288, 1
137294, 1
137295, 1
