0, 0
9, 0
10, 0
12, 0
14, 0
18, 0
19, 0
25, 0
28, 0
30, 0
32, 0
33, 0
34, 0
35, 0
36, 0
40, 0
41, 0
43, 0
44, 0
45, 0
46, 0
47, 0
49, 0
50, 0
51, 0
52, 0
53, 0
54, 0
55, 0
56, 0
57, 0
58, 0
59, 0
60, 0
62, 0
63, 0
64, 0
65, 0
66, 0
67, 0
68, 0
69, 0
70, 0
71, 0
72, 0
73, 0
74, 0
75, 0
76, 0
77, 8
78, 0
79, 0
80, 0
81, 0
82, 0
83, 0
84, 0
85, 0
86, 0
87, 7
88, 0
89, 13
90, 0
91, 8
93, 0
94, 0
95, 0
96, 8
97, 8
98, 0
99, 0
100, 0
101, 0
102, 8
103, 0
104, 6
105, 7
106, 0
107, 8
108, 0
109, 0
110, 8
111, 16
112, 5
113, 24
114, 0
115, 0
116, 0
117, 8
118, 8
119, 0
120, 8
121, 7
122, 23
123, 8
124, 31
125, 0
126, 8
128, 16
129, 0
130, 15
131, 16
132, 16
133, 15
134, 24
135, 24
136, 16
137, 24
138, 32
139, 7
140, 32
141, 24
142, 49
143, 31
144, 7
145, 16
146, 41
148, 23
149, 15
150, 16
151, 41
152, 57
153, 32
154, 32
155, 16
156, 8
157, 48
158, 8
159, 24
160, 24
161, 31
162, 24
163, 56
164, 39
165, 25
166, 32
167, 32
168, 41
171, 48
172, 65
173, 8
174, 57
175, 24
176, 24
177, 40
178, 32
180, 8
181, 8
182, 23
183, 47
184, 32
185, 24
186, 8
187, 24
188, 48
189, 24
190, 23
191, 16
192, 55
193, 16
195, 32
196, 23
197, 16
198, 24
199, 24
202, 8
203, 33
206, 32
207, 16
208, 15
209, 16
210, 24
211, 16
212, 7
213, 8
214, 16
216, 39
217, 31
218, 16
219, 24
220, 40
221, 32
223, 47
224, 23
225, 8
226, 40
227, 24
228, 47
229, 24
231, 24
232, 24
233, 15
234, 23
235, 24
236, 7
237, 40
238, 64
239, 40
240, 16
241, 16
242, 16
243, 39
244, 8
245, 24
246, 39
247, 8
248, 73
249, 33
250, 24
251, 25
252, 40
253, 32
254, 24
256, 24
257, 56
258, 32
259, 24
260, 47
261, 40
262, 16
263, 31
264, 24
266, 7
267, 23
268, 31
269, 32
270, 40
271, 8
272, 16
273, 55
274, 24
275, 22
276, 7
277, 40
278, 39
279, 7
280, 24
281, 16
282, 31
284, 40
285, 8
287, 8
289, 32
291, 16
292, 24
293, 16
294, 7
295, 39
297, 24
299, 16
300, 8
301, 31
302, 31
303, 32
304, 8
305, 32
306, 24
307, 24
308, 24
309, 39
310, 24
311, 16
312, 23
313, 66
314, 7
315, 16
316, 16
317, 32
318, 24
319, 8
320, 14
321, 8
322, 40
323, 47
324, 38
325, 39
326, 8
327, 15
328, 40
329, 15
330, 16
331, 40
332, 23
333, 32
334, 55
335, 31
336, 24
337, 32
338, 32
339, 32
340, 7
341, 7
342, 49
343, 56
344, 24
345, 49
346, 7
347, 41
348, 39
349, 24
351, 8
352, 24
353, 8
354, 47
355, 16
356, 39
358, 48
359, 31
360, 40
361, 8
362, 16
363, 56
364, 15
365, 8
366, 33
367, 24
368, 7
369, 16
370, 23
371, 7
373, 8
374, 16
375, 15
377, 23
378, 32
379, 8
380, 32
381, 7
382, 16
383, 7
384, 7
385, 8
386, 23
387, 40
388, 32
389, 8
390, 8
391, 48
392, 24
393, 16
394, 56
396, 31
397, 24
398, 16
399, 54
400, 23
401, 16
402, 8
403, 41
404, 7
405, 23
406, 16
407, 16
408, 49
409, 39
410, 40
411, 15
412, 16
413, 24
414, 40
416, 40
417, 32
418, 8
419, 65
420, 40
421, 16
422, 32
423, 40
424, 32
425, 23
426, 8
427, 16
428, 57
429, 31
430, 32
431, 47
432, 33
433, 25
434, 31
435, 16
436, 8
437, 16
438, 8
439, 39
440, 32
441, 24
442, 14
443, 41
444, 23
445, 23
446, 30
447, 8
448, 48
449, 39
451, 25
452, 23
453, 23
454, 16
455, 8
456, 23
459, 16
460, 24
462, 7
463, 31
464, 16
465, 7
466, 39
468, 23
470, 16
471, 8
472, 40
473, 32
474, 24
476, 41
477, 16
478, 39
479, 8
480, 46
481, 16
482, 33
483, 15
484, 65
485, 16
486, 7
487, 16
488, 23
489, 31
490, 16
491, 16
492, 8
493, 41
494, 71
495, 25
496, 24
497, 16
498, 7
499, 47
500, 7
501, 16
502, 56
503, 8
504, 40
505, 38
506, 31
507, 15
508, 32
509, 55
510, 23
511, 7
512, 8
513, 56
514, 40
515, 32
516, 32
517, 23
518, 48
519, 24
520, 24
521, 7
522, 16
523, 16
524, 15
525, 39
526, 32
527, 23
528, 16
529, 24
530, 31
531, 47
532, 8
533, 32
534, 38
535, 7
536, 15
537, 24
538, 23
539, 15
540, 24
541, 24
545, 32
546, 8
547, 8
548, 15
549, 23
550, 7
551, 23
552, 23
553, 16
554, 7
556, 15
557, 32
558, 24
559, 23
560, 23
561, 16
562, 32
563, 41
565, 56
566, 16
567, 25
568, 16
569, 48
570, 40
571, 7
572, 24
573, 16
574, 24
575, 7
576, 31
578, 23
579, 73
580, 31
581, 40
582, 7
583, 23
584, 33
585, 7
586, 15
587, 48
588, 24
589, 8
590, 72
591, 41
592, 15
593, 32
594, 33
595, 40
596, 16
598, 39
599, 23
600, 48
601, 41
602, 39
603, 15
604, 48
605, 31
606, 7
607, 8
608, 16
609, 23
610, 23
611, 24
612, 48
614, 41
615, 32
616, 16
617, 31
618, 16
619, 33
620, 39
621, 7
622, 16
623, 39
624, 16
625, 8
626, 32
627, 8
629, 8
630, 8
631, 24
633, 16
634, 23
635, 16
636, 8
637, 32
638, 7
639, 23
640, 8
642, 16
643, 40
644, 31
646, 31
647, 31
648, 16
649, 32
650, 41
651, 23
652, 24
653, 23
654, 15
655, 47
656, 31
657, 16
658, 8
659, 40
660, 16
661, 16
662, 7
663, 24
664, 32
665, 55
666, 32
667, 31
668, 16
669, 16
670, 15
671, 31
672, 16
673, 56
674, 8
675, 32
676, 55
677, 31
678, 32
679, 16
680, 48
681, 23
682, 7
683, 8
684, 40
685, 47
686, 39
687, 48
688, 16
689, 41
690, 31
691, 24
693, 8
694, 24
695, 32
696, 24
697, 40
698, 15
699, 8
700, 31
701, 30
702, 48
703, 8
704, 33
705, 30
706, 23
708, 32
709, 31
710, 16
711, 33
713, 7
716, 31
717, 7
718, 8
719, 32
720, 7
721, 7
722, 40
723, 8
724, 24
726, 8
727, 8
728, 24
729, 40
730, 8
731, 31
732, 24
733, 32
734, 33
735, 8
736, 55
737, 8
738, 16
739, 39
740, 41
741, 31
742, 15
743, 16
744, 16
745, 23
746, 16
747, 23
748, 7
749, 15
750, 63
751, 40
752, 40
753, 7
754, 16
755, 40
756, 15
757, 15
758, 40
759, 24
760, 41
761, 40
762, 39
763, 15
764, 40
765, 24
766, 40
767, 16
769, 32
770, 40
771, 48
772, 41
773, 24
774, 32
775, 49
776, 16
777, 15
778, 8
779, 16
780, 24
781, 40
782, 16
783, 40
785, 40
786, 41
787, 8
788, 31
789, 25
790, 33
791, 31
792, 7
793, 16
794, 32
795, 23
796, 8
797, 31
798, 8
801, 24
802, 16
804, 16
805, 24
806, 8
807, 23
808, 32
809, 16
810, 7
811, 8
812, 8
813, 25
814, 16
815, 31
816, 24
817, 7
818, 31
819, 49
820, 16
821, 24
822, 39
823, 16
824, 32
825, 15
826, 56
827, 7
828, 15
829, 16
830, 25
831, 31
832, 16
833, 16
834, 7
835, 49
836, 64
838, 45
839, 16
840, 32
841, 15
842, 15
843, 24
844, 47
846, 47
847, 56
848, 23
849, 32
850, 25
851, 57
852, 16
854, 16
855, 48
856, 49
857, 7
858, 55
859, 24
860, 32
861, 39
862, 23
864, 7
865, 24
866, 23
867, 40
868, 23
869, 23
870, 7
871, 31
872, 47
873, 32
874, 8
875, 49
876, 23
877, 16
878, 8
879, 24
880, 31
881, 7
882, 32
883, 15
886, 16
887, 24
889, 8
890, 24
891, 24
892, 8
893, 32
894, 7
895, 23
897, 7
898, 16
899, 24
900, 23
901, 23
902, 23
903, 15
904, 15
905, 55
906, 16
907, 39
908, 16
909, 32
910, 24
911, 16
912, 55
913, 7
914, 24
915, 8
916, 31
917, 24
918, 15
919, 16
920, 7
921, 56
922, 47
923, 49
924, 8
925, 25
926, 16
927, 23
928, 7
929, 40
930, 31
931, 32
932, 48
933, 49
934, 8
935, 32
936, 39
937, 40
938, 7
940, 33
941, 56
942, 41
943, 32
944, 31
945, 24
946, 40
947, 31
948, 8
949, 8
950, 16
951, 7
952, 39
953, 23
954, 39
955, 7
956, 41
957, 41
958, 24
959, 15
960, 16
961, 31
962, 47
964, 16
965, 40
966, 15
967, 16
968, 23
969, 8
971, 8
972, 16
973, 16
975, 23
976, 15
977, 16
978, 32
979, 16
981, 23
982, 7
983, 16
984, 16
985, 24
986, 32
987, 15
988, 15
989, 32
990, 32
991, 24
992, 40
993, 24
994, 16
995, 24
996, 33
997, 47
998, 24
1000, 16
1001, 32
1002, 15
1003, 24
1004, 16
1005, 7
1006, 40
1007, 71
1008, 33
1009, 15
1010, 16
1011, 32
1012, 15
1013, 15
1014, 24
1015, 31
1016, 15
1017, 32
1018, 78
1019, 16
1020, 24
1021, 39
1022, 32
1023, 22
1024, 7
1025, 8
1026, 47
1027, 40
1028, 39
1029, 41
1030, 24
1031, 39
1032, 31
1033, 24
1034, 8
1036, 23
1037, 32
1038, 32
1039, 33
1040, 16
1041, 7
1042, 48
1043, 24
1044, 40
1045, 8
1046, 32
1047, 47
1048, 8
1049, 16
1050, 40
1051, 8
1052, 7
1053, 32
1054, 15
1057, 16
1058, 16
1059, 7
1060, 16
1061, 7
1062, 31
1064, 23
1065, 23
1067, 22
1068, 8
1069, 15
1070, 24
1071, 40
1072, 16
1073, 16
1074, 41
1075, 24
1076, 16
1077, 23
1078, 40
1079, 15
1080, 23
1081, 23
1082, 56
1083, 23
1084, 15
1086, 31
1087, 32
1088, 8
1089, 15
1090, 23
1091, 24
1092, 56
1093, 38
1094, 40
1095, 8
1096, 16
1097, 41
1098, 15
1099, 16
1100, 40
1101, 16
1102, 24
1103, 63
1104, 24
1105, 23
1106, 39
1107, 31
1108, 40
1109, 7
1110, 8
1111, 41
1112, 40
1113, 23
1114, 56
1115, 24
1116, 23
1117, 31
1118, 39
1119, 8
1120, 7
1121, 25
1122, 25
1123, 16
1124, 32
1125, 40
1126, 8
1127, 41
1128, 23
1129, 32
1130, 15
1131, 16
1132, 64
1134, 23
1135, 8
1136, 39
1137, 15
1138, 15
1139, 32
1143, 40
1145, 8
1146, 16
1147, 33
1149, 16
1150, 31
1151, 16
1152, 7
1153, 8
1154, 7
1155, 16
1156, 31
1157, 32
1158, 23
1159, 16
1160, 7
1161, 47
1162, 15
1163, 55
1164, 16
1165, 16
1166, 23
1167, 15
1168, 72
1169, 16
1171, 15
1172, 40
1173, 16
1174, 24
1175, 16
1176, 8
1177, 31
1178, 72
1179, 16
1180, 31
1181, 16
1182, 23
1183, 24
1184, 16
1185, 16
1186, 39
1187, 23
1188, 32
1189, 64
1190, 32
1191, 7
1192, 55
1193, 32
1194, 24
1196, 16
1197, 40
1198, 46
1199, 40
1200, 39
1201, 15
1202, 32
1203, 39
1204, 24
1206, 7
1207, 23
1208, 40
1209, 16
1210, 39
1211, 15
1213, 62
1214, 32
1215, 24
1216, 8
1217, 58
1218, 15
1219, 15
1220, 8
1221, 48
1222, 8
1223, 15
1224, 16
1225, 23
1228, 8
1229, 32
1231, 8
1232, 24
1233, 15
1234, 15
1235, 32
1236, 7
1237, 23
1239, 16
1240, 8
1241, 24
1242, 31
1243, 31
1244, 8
1245, 24
1246, 32
1247, 32
1248, 16
1249, 48
1250, 7
1251, 33
1252, 16
1253, 55
1254, 23
1255, 7
1256, 23
1257, 24
1258, 32
1259, 8
1260, 16
1261, 16
1262, 25
1263, 72
1264, 15
1265, 41
1266, 15
1267, 24
1268, 16
1269, 32
1270, 16
1271, 16
1272, 47
1273, 33
1274, 23
1275, 55
1276, 24
1277, 32
1278, 41
1279, 24
1280, 15
1281, 8
1282, 41
1283, 49
1284, 23
1285, 57
1286, 24
1287, 8
1288, 55
1289, 16
1290, 15
1291, 7
1292, 24
1293, 24
1294, 23
1295, 32
1296, 32
1298, 32
1299, 40
1300, 48
1301, 8
1302, 8
1303, 64
1304, 16
1306, 24
1307, 32
1308, 16
1309, 24
1310, 24
1313, 8
1314, 16
1315, 16
1316, 8
1317, 16
1318, 24
1319, 8
1320, 16
1321, 23
1322, 7
1323, 23
1324, 8
1325, 8
1326, 16
1327, 40
1328, 16
1329, 32
1330, 8
1331, 40
1332, 16
1333, 23
1334, 31
1335, 31
1336, 24
1337, 40
1338, 16
1339, 48
1340, 16
1341, 24
1343, 32
1344, 23
1345, 16
1346, 15
1347, 7
1348, 56
1349, 47
1350, 32
1351, 23
1352, 24
1353, 15
1354, 32
1355, 8
1356, 41
1357, 32
1358, 8
1359, 65
1360, 24
1361, 40
1362, 24
1363, 40
1364, 40
1365, 16
1367, 25
1368, 40
1369, 48
1370, 40
1371, 40
1372, 8
1373, 40
1374, 31
1375, 16
1376, 7
1377, 8
1378, 24
1379, 40
1380, 16
1381, 24
1382, 30
1383, 16
1384, 47
1385, 24
1386, 32
1387, 8
1388, 50
1389, 39
1392, 39
1393, 32
1394, 16
1395, 16
1396, 15
1399, 8
1400, 31
1402, 8
1403, 39
1404, 8
1405, 16
1406, 32
1408, 24
1410, 7
1411, 7
1412, 32
1413, 32
1414, 23
1415, 15
1416, 32
1417, 24
1418, 31
1419, 41
1420, 16
1421, 32
1422, 25
1423, 16
1424, 57
1425, 24
1426, 7
1427, 15
1428, 33
1429, 7
1430, 23
1431, 16
1432, 16
1433, 24
1434, 72
1435, 23
1436, 32
1437, 15
1438, 16
1439, 23
1440, 32
1442, 56
1443, 23
1444, 33
1445, 46
1446, 41
1447, 8
1448, 56
1449, 24
1450, 32
1451, 7
1453, 65
1454, 24
1455, 31
1456, 32
1457, 47
1458, 41
1459, 24
1460, 24
1461, 8
1462, 8
1463, 24
1464, 16
1465, 31
1466, 32
1467, 31
1468, 8
1469, 41
1470, 31
1471, 24
1472, 23
1473, 8
1474, 63
1475, 16
1476, 8
1477, 8
1478, 47
1479, 7
1480, 24
1481, 16
1482, 8
1485, 23
1486, 15
1488, 33
1489, 24
1491, 16
1492, 32
1493, 16
1494, 7
1495, 7
1496, 8
1497, 32
1498, 33
1499, 24
1500, 16
1501, 16
1502, 24
1503, 40
1504, 16
1505, 49
1506, 15
1507, 16
1508, 31
1509, 57
1510, 24
1511, 16
1512, 16
1514, 49
1515, 8
1516, 24
1517, 16
1518, 8
1519, 41
1520, 55
1521, 32
1522, 23
1523, 24
1524, 15
1525, 32
1526, 8
1527, 32
1528, 40
1529, 16
1530, 73
1531, 16
1532, 31
1533, 33
1534, 24
1535, 56
1536, 8
1538, 32
1539, 41
1540, 40
1541, 40
1542, 40
1543, 16
1544, 32
1545, 31
1546, 24
1548, 16
1549, 16
1550, 33
1551, 32
1552, 32
1553, 15
1554, 41
1555, 41
1556, 8
1557, 32
1558, 8
1559, 41
1560, 31
1561, 15
1562, 16
1563, 40
1564, 7
1565, 15
1566, 25
1567, 15
1570, 7
1571, 32
1573, 8
1574, 32
1575, 16
1576, 8
1577, 32
1578, 7
1579, 23
1581, 8
1582, 15
1583, 31
1584, 31
1585, 23
1586, 7
1587, 40
1588, 16
1589, 23
1590, 31
1591, 40
1593, 39
1594, 24
1595, 24
1596, 46
1597, 15
1598, 15
1599, 32
1600, 15
1601, 16
1602, 16
1603, 16
1604, 32
1605, 72
1606, 15
1607, 39
1608, 16
1609, 16
1610, 24
1611, 24
1612, 8
1613, 32
1614, 38
1615, 33
1616, 48
1617, 31
1618, 32
1619, 24
1620, 23
1621, 47
1622, 7
1624, 65
1625, 40
1626, 24
1627, 24
1628, 39
1629, 15
1630, 63
1631, 16
1632, 7
1633, 16
1634, 8
1635, 31
1636, 40
1637, 16
1638, 31
1640, 40
1641, 39
1642, 40
1644, 32
1645, 48
1646, 16
1647, 7
1648, 24
1649, 32
1650, 7
1651, 24
1652, 15
1653, 7
1655, 8
1656, 33
1658, 8
1659, 16
1660, 32
1661, 8
1662, 33
1663, 7
1664, 8
1665, 15
1666, 8
1667, 8
1668, 41
1669, 16
1670, 24
1671, 24
1672, 16
1673, 32
1674, 23
1675, 32
1676, 48
1677, 8
1678, 16
1679, 40
1680, 33
1681, 31
1682, 24
1683, 8
1684, 16
1685, 39
1686, 8
1687, 15
1688, 15
1689, 7
1690, 65
1691, 48
1692, 33
1693, 23
1694, 7
1695, 23
1696, 22
1697, 15
1698, 48
1699, 24
1700, 8
1701, 65
1702, 32
1703, 31
1704, 32
1705, 40
1706, 23
1707, 23
1709, 33
1710, 32
1711, 47
1712, 24
1713, 48
1714, 32
1715, 33
1716, 31
1717, 15
1719, 24
1720, 25
1721, 24
1722, 31
1723, 24
1724, 15
1725, 16
1726, 48
1727, 23
1728, 32
1729, 16
1730, 40
1731, 23
1732, 24
1733, 8
1734, 32
1735, 24
1736, 8
1737, 32
1739, 7
1740, 8
1741, 16
1742, 16
1745, 31
1746, 24
1747, 8
1748, 33
1749, 7
1750, 23
1752, 7
1753, 24
1754, 24
1755, 40
1756, 8
1757, 23
1758, 16
1759, 48
1760, 8
1761, 31
1762, 31
1763, 32
1764, 16
1765, 23
1766, 65
1768, 23
1769, 16
1770, 24
1771, 31
1772, 25
1773, 8
1774, 8
1775, 41
1776, 57
1777, 23
1778, 38
1779, 16
1780, 24
1781, 16
1782, 23
1783, 16
1784, 32
1785, 30
1786, 33
1787, 48
1788, 32
1789, 24
1790, 32
1791, 31
1792, 48
1794, 7
1795, 40
1796, 49
1797, 32
1798, 48
1799, 24
1800, 40
1801, 23
1802, 16
1803, 15
1804, 8
1805, 23
1806, 32
1807, 16
1808, 40
1809, 23
1810, 8
1811, 56
1812, 16
1813, 31
1814, 15
1815, 32
1816, 32
1817, 23
1818, 8
1819, 24
1820, 23
1821, 15
1822, 24
1823, 24
1826, 8
1827, 16
1828, 15
1829, 8
1830, 16
1831, 24
1832, 7
1833, 24
1834, 24
1835, 16
1836, 7
1837, 8
1838, 16
1839, 16
1840, 40
1841, 24
1842, 16
1843, 16
1844, 24
1845, 49
1846, 16
1847, 48
1848, 8
1849, 24
1850, 23
1851, 49
1852, 22
1853, 23
1854, 16
1855, 8
1856, 40
1857, 16
1858, 16
1859, 16
1861, 80
1862, 31
1863, 32
1864, 24
1865, 15
1866, 32
1867, 24
1868, 16
1869, 24
1870, 31
1871, 8
1872, 57
1873, 38
1874, 23
1875, 39
1876, 32
1877, 40
1878, 15
1880, 40
1881, 40
1882, 32
1883, 32
1884, 48
1885, 8
1886, 56
1887, 15
1888, 23
1889, 8
1890, 16
1891, 24
1892, 16
1893, 32
1894, 48
1896, 40
1897, 25
1898, 23
1899, 31
1900, 7
1901, 73
1903, 23
1904, 16
1905, 32
1906, 15
1907, 8
1908, 32
1909, 8
1912, 24
1913, 16
1915, 24
1916, 16
1917, 15
1918, 16
1919, 25
1920, 7
1921, 23
1923, 16
1924, 16
1925, 24
1926, 23
1927, 24
1928, 15
1929, 39
1930, 24
1931, 23
1932, 49
1933, 16
1934, 24
1935, 16
1936, 23
1937, 56
1938, 24
1939, 8
1940, 16
1941, 16
1942, 40
1943, 16
1944, 7
1945, 16
1946, 49
1947, 57
1948, 7
1949, 47
1950, 16
1951, 24
1952, 32
1953, 8
1954, 8
1955, 46
1956, 24
1957, 33
1958, 64
1959, 16
1960, 23
1961, 48
1962, 24
1963, 40
1965, 16
1966, 41
1967, 39
1968, 39
1969, 48
1970, 7
1971, 39
1972, 39
1973, 8
1974, 15
1975, 7
1976, 23
1977, 32
1978, 15
1979, 39
1980, 24
1981, 8
1982, 57
1983, 16
1984, 40
1985, 8
1986, 32
1987, 48
1988, 8
1990, 24
1991, 39
1992, 7
1993, 32
1994, 8
1995, 8
1997, 8
1998, 33
2000, 8
2001, 24
2002, 15
2003, 8
2004, 24
2005, 23
2006, 8
2007, 15
2008, 7
2009, 8
2010, 32
2011, 32
2012, 24
2013, 15
2014, 33
2015, 16
2016, 40
2017, 16
2018, 49
2019, 8
2020, 15
2021, 40
2022, 49
2023, 15
2024, 23
2025, 16
2026, 16
2027, 24
2028, 16
2029, 24
2030, 8
2031, 24
2032, 47
2033, 47
2034, 48
2035, 8
2036, 24
2037, 16
2038, 24
2039, 24
2040, 31
2041, 24
2042, 8
2043, 55
2044, 48
2045, 23
2046, 23
2047, 56
2048, 24
2049, 16
2050, 8
2051, 33
2052, 23
2053, 55
2054, 32
2055, 40
2057, 47
2058, 31
2059, 24
2061, 15
2062, 23
2063, 31
2064, 31
2065, 32
2066, 7
2067, 16
2068, 55
2069, 15
2070, 30
2071, 16
2072, 48
2073, 23
2074, 15
2076, 47
2077, 15
2078, 8
2079, 23
2080, 15
2082, 8
2083, 16
2084, 16
2086, 8
2087, 40
2088, 7
2089, 8
2090, 32
2091, 16
2092, 16
2093, 8
2095, 24
2096, 24
2097, 39
2098, 8
2099, 23
2100, 33
2101, 23
2102, 23
2103, 32
2104, 31
2105, 24
2106, 8
2107, 38
2108, 48
2109, 24
2110, 16
2111, 7
2112, 24
2113, 23
2114, 15
2115, 15
2116, 23
2117, 33
2118, 72
2119, 8
2120, 38
2121, 16
2122, 15
2123, 24
2124, 23
2125, 16
2126, 57
2127, 7
2128, 57
2129, 24
2130, 30
2131, 31
2132, 31
2133, 31
2134, 31
2135, 7
2137, 56
2138, 40
2139, 23
2140, 56
2141, 24
2142, 57
2143, 16
2144, 7
2145, 15
2146, 8
2147, 15
2148, 31
2149, 24
2150, 39
2151, 23
2152, 8
2153, 57
2154, 15
2155, 39
2156, 8
2157, 41
2158, 31
2159, 15
2160, 7
2161, 32
2162, 23
2163, 7
2164, 23
2165, 15
2166, 7
2168, 8
2169, 24
2170, 7
2171, 8
2172, 24
2173, 24
2174, 8
2175, 25
2176, 15
2177, 16
2178, 7
2179, 16
2181, 41
2182, 24
2183, 16
2184, 24
2185, 16
2186, 39
2187, 31
2188, 8
2189, 47
2190, 24
2191, 8
2192, 39
2193, 49
2194, 23
2195, 16
2196, 16
2197, 16
2198, 31
2199, 8
2200, 24
2201, 7
2202, 24
2203, 48
2204, 46
2205, 31
2206, 15
2207, 23
2208, 24
2209, 24
2210, 16
2211, 23
2212, 46
2214, 71
2215, 40
2216, 16
2217, 31
2218, 49
2219, 24
2220, 16
2222, 7
2223, 62
2224, 39
2225, 48
2226, 31
2227, 7
2228, 55
2229, 15
2230, 23
2231, 7
2232, 16
2233, 15
2234, 40
2235, 15
2236, 31
2237, 15
2238, 24
2239, 38
2240, 48
2241, 7
2242, 24
2243, 40
2244, 23
2245, 7
2246, 24
2247, 24
2248, 23
2249, 8
2250, 24
2251, 15
2253, 8
2254, 8
2255, 24
2257, 24
2258, 15
2259, 16
2260, 16
2261, 22
2262, 16
2263, 16
2265, 16
2266, 16
2267, 40
2268, 15
2269, 32
2271, 40
2272, 24
2273, 23
2274, 49
2275, 24
2277, 40
2278, 15
2279, 55
2280, 23
2281, 8
2282, 15
2283, 32
2284, 15
2285, 24
2286, 7
2287, 23
2288, 48
2289, 56
2290, 24
2291, 23
2292, 8
2293, 40
2294, 16
2295, 15
2296, 16
2297, 47
2298, 15
2299, 48
2300, 39
2301, 32
2302, 32
2303, 32
2304, 31
2305, 31
2307, 16
2308, 40
2309, 47
2310, 40
2311, 23
2312, 31
2313, 32
2314, 31
2315, 15
2316, 15
2317, 16
2318, 15
2319, 24
2320, 39
2321, 25
2322, 24
2323, 8
2324, 56
2325, 16
2326, 40
2327, 8
2328, 40
2329, 32
2330, 15
2332, 49
2333, 24
2335, 24
2336, 23
2339, 16
2340, 16
2341, 7
2342, 16
2343, 7
2344, 23
2345, 16
2346, 32
2347, 8
2348, 25
2350, 8
2351, 16
2352, 32
2353, 16
2354, 30
2355, 16
2356, 24
2357, 32
2358, 24
2359, 32
2360, 41
2361, 16
2362, 24
2363, 24
2364, 32
2365, 30
2366, 23
2367, 16
2368, 16
2369, 31
2370, 16
2371, 8
2372, 7
2373, 31
2374, 66
2375, 31
2376, 40
2377, 16
2378, 24
2379, 16
2380, 31
2382, 73
2384, 16
2385, 56
2386, 39
2387, 39
2388, 25
2389, 31
2390, 32
2391, 15
2393, 39
2394, 64
2395, 24
2396, 40
2397, 32
2399, 63
2400, 8
2401, 22
2402, 7
2403, 24
2404, 16
2405, 24
2406, 41
2407, 31
2409, 32
2410, 39
2411, 33
2412, 15
2413, 8
2414, 70
2415, 16
2416, 8
2417, 16
2418, 41
2419, 8
2420, 7
2421, 31
2422, 8
2424, 8
2425, 8
2426, 23
2428, 32
2429, 7
2430, 16
2431, 7
2432, 32
2433, 15
2434, 15
2435, 8
2436, 7
2437, 24
2438, 24
2439, 23
2440, 32
2441, 8
2442, 31
2443, 23
2444, 24
2445, 24
2446, 47
2447, 8
2448, 30
2449, 24
2450, 56
2451, 15
2452, 24
2454, 41
2455, 15
2456, 16
2457, 15
2458, 7
2459, 49
2460, 65
2461, 41
2462, 8
2463, 16
2464, 24
2465, 24
2466, 16
2467, 32
2468, 40
2470, 64
2471, 48
2472, 7
2473, 32
2474, 23
2475, 47
2476, 31
2478, 16
2479, 40
2480, 47
2481, 15
2482, 62
2483, 32
2484, 16
2485, 38
2486, 15
2487, 7
2488, 7
2489, 32
2490, 16
2491, 48
2492, 25
2493, 15
2494, 16
2495, 30
2496, 31
2497, 32
2498, 7
2499, 56
2500, 23
2501, 15
2502, 16
2503, 16
2504, 40
2506, 40
2507, 8
2510, 7
2511, 24
2512, 7
2513, 7
2514, 33
2515, 16
2517, 23
2518, 22
2519, 24
2521, 8
2522, 8
2523, 15
2524, 48
2525, 24
2526, 15
2527, 32
2528, 24
2529, 24
2530, 31
2531, 41
2532, 8
2533, 32
2534, 15
2535, 48
2536, 31
2537, 16
2538, 15
2539, 24
2540, 15
2541, 23
2542, 15
2543, 16
2544, 24
2545, 48
2546, 55
2547, 32
2549, 23
2550, 32
2551, 15
2552, 7
2553, 73
2554, 8
2555, 8
2556, 72
2557, 41
2558, 7
2559, 32
2560, 24
2561, 47
2562, 15
2564, 48
2565, 40
2566, 40
2567, 41
2568, 15
2569, 40
2570, 40
2571, 24
2572, 8
2573, 8
2574, 24
2575, 8
2576, 31
2577, 31
2578, 39
2580, 15
2581, 47
2582, 39
2583, 15
2584, 16
2585, 48
2586, 31
2587, 8
2588, 8
2589, 32
2590, 23
2591, 7
2592, 40
2596, 23
2597, 15
2599, 23
2600, 23
2601, 8
2602, 16
2603, 30
2605, 23
2607, 16
2608, 24
2609, 41
2610, 16
2611, 16
2612, 16
2613, 49
2614, 16
2615, 15
2616, 40
2617, 23
2618, 24
2619, 23
2620, 32
2621, 48
2622, 24
2624, 16
2625, 41
2626, 15
2627, 24
2629, 15
2630, 48
2631, 64
2632, 32
2633, 15
2634, 24
2635, 8
2636, 39
2637, 7
2638, 24
2639, 49
2640, 8
2641, 48
2642, 32
2643, 46
2644, 24
2645, 23
2646, 48
2647, 23
2649, 8
2650, 47
2651, 48
2652, 24
2653, 56
2654, 8
2655, 64
2656, 15
2657, 23
2659, 8
2660, 24
2661, 32
2662, 24
2663, 39
2664, 15
2665, 8
2666, 57
2667, 24
2668, 31
2669, 16
2670, 49
2671, 23
2672, 7
2673, 16
2674, 32
2675, 23
2676, 8
2677, 31
2679, 7
2681, 16
2682, 16
2683, 7
2685, 31
2686, 15
2687, 16
2688, 16
2689, 23
2690, 24
2692, 7
2693, 8
2694, 31
2695, 23
2696, 32
2697, 15
2698, 16
2699, 40
2700, 32
2701, 24
2702, 30
2703, 7
2704, 40
2705, 23
2706, 39
2707, 31
2708, 15
2710, 31
2711, 31
2712, 16
2713, 15
2714, 16
2715, 24
2716, 64
2717, 24
2718, 47
2720, 31
2721, 16
2722, 31
2723, 8
2724, 32
2725, 39
2726, 25
2727, 30
2728, 63
2729, 7
2730, 40
2731, 15
2732, 54
2733, 8
2734, 8
2735, 40
2736, 40
2737, 40
2738, 57
2739, 8
2740, 32
2741, 40
2742, 16
2743, 15
2744, 7
2745, 16
2746, 16
2747, 39
2748, 32
2749, 32
2751, 23
2752, 54
2753, 25
2754, 23
2755, 16
2756, 54
2757, 15
2759, 16
2760, 39
2761, 15
2762, 24
2763, 24
2766, 8
2767, 25
2768, 7
2770, 24
2771, 32
2773, 15
2774, 31
2775, 16
2776, 7
2777, 8
2778, 8
2779, 7
2780, 48
2781, 16
2782, 23
2783, 16
2784, 40
2785, 32
2786, 7
2787, 40
2788, 23
2789, 23
2790, 31
2791, 7
2792, 71
2793, 16
2794, 16
2795, 8
2796, 32
2797, 8
2798, 23
2799, 16
2800, 24
2801, 32
2802, 64
2803, 25
2804, 23
2805, 16
2806, 23
2807, 23
2808, 15
2809, 24
2810, 40
2811, 7
2812, 65
2813, 23
2814, 30
2815, 31
2816, 47
2817, 24
2818, 31
2820, 8
2821, 71
2822, 24
2823, 40
2824, 40
2825, 15
2826, 40
2827, 31
2828, 7
2829, 23
2830, 8
2831, 16
2832, 15
2833, 39
2834, 32
2835, 23
2836, 7
2837, 54
2838, 24
2839, 31
2840, 7
2841, 48
2842, 31
2843, 7
2844, 7
2845, 32
2846, 31
2847, 8
2848, 23
2849, 16
2852, 7
2853, 32
2855, 8
2856, 23
2857, 24
2858, 8
2859, 32
2860, 7
2861, 24
2863, 7
2864, 16
2865, 23
2866, 40
2867, 15
2868, 15
2869, 24
2870, 49
2872, 47
2873, 31
2875, 48
2876, 15
2877, 48
2878, 31
2879, 8
2880, 16
2881, 41
2882, 8
2883, 7
2884, 23
2885, 16
2886, 40
2887, 65
2888, 24
2889, 24
2890, 7
2891, 40
2892, 16
2893, 23
2894, 16
2895, 31
2896, 24
2897, 32
2898, 47
2899, 47
2900, 16
2901, 23
2902, 47
2903, 32
2904, 7
2906, 56
2907, 31
2908, 31
2909, 48
2910, 23
2911, 32
2912, 40
2913, 16
2914, 15
2915, 8
2916, 24
2917, 8
2918, 39
2919, 15
2920, 48
2921, 8
2922, 33
2923, 39
2924, 32
2925, 15
2926, 16
2927, 56
2928, 16
2930, 24
2931, 40
2932, 7
2933, 24
2934, 24
2937, 8
2938, 33
2940, 8
2941, 24
2942, 16
2943, 8
2944, 33
2945, 15
2946, 8
2947, 15
2949, 15
2950, 16
2951, 40
2952, 23
2953, 16
2954, 16
2955, 40
2956, 32
2957, 24
2958, 32
2959, 23
2960, 24
2961, 32
2962, 33
2963, 40
2964, 16
2966, 24
2967, 40
2968, 8
2969, 24
2970, 8
2971, 23
2972, 41
2973, 56
2974, 33
2975, 15
2976, 16
2977, 24
2978, 23
2979, 16
2980, 49
2981, 24
2982, 8
2983, 57
2984, 40
2985, 23
2986, 40
2987, 25
2988, 40
2989, 15
2990, 7
2991, 24
2992, 64
2993, 24
2994, 24
2995, 49
2996, 16
2997, 40
2998, 31
2999, 23
3000, 8
3001, 8
3002, 24
3003, 24
3004, 31
3005, 40
3006, 7
3007, 41
3008, 41
3009, 16
3010, 23
3011, 16
3012, 65
3013, 8
3014, 7
3015, 24
3016, 24
3017, 7
3018, 15
3019, 40
3020, 8
3023, 15
3024, 24
3026, 16
3027, 23
3028, 8
3029, 23
3030, 31
3032, 24
3033, 8
3034, 8
3035, 8
3036, 24
3037, 40
3038, 24
3039, 16
3040, 16
3041, 31
3042, 24
3043, 48
3044, 24
3046, 31
3047, 31
3048, 64
3049, 15
3050, 8
3051, 16
3052, 16
3053, 31
3054, 15
3055, 15
3056, 16
3057, 41
3058, 40
3059, 38
3060, 39
3061, 8
3062, 24
3063, 24
3064, 23
3065, 8
3066, 47
3067, 24
3068, 49
3069, 41
3070, 33
3071, 7
3072, 48
3073, 41
3074, 23
3075, 7
3076, 7
3077, 57
3078, 32
3079, 23
3080, 57
3081, 24
3082, 41
3083, 32
3084, 24
3086, 8
3087, 24
3088, 16
3089, 39
3090, 24
3091, 32
3092, 16
3093, 25
3094, 39
3095, 33
3096, 16
3097, 24
3098, 49
3099, 16
3100, 8
3101, 24
3102, 40
3104, 24
3105, 15
3106, 7
3108, 8
3109, 25
3110, 7
3112, 32
3113, 24
3114, 8
3115, 24
3116, 16
3117, 16
3118, 7
3119, 7
3120, 7
3121, 24
3122, 24
3123, 32
3124, 24
3125, 8
3126, 31
3127, 31
3128, 23
3129, 41
3130, 23
3131, 25
3132, 24
3133, 32
3134, 47
3135, 15
3137, 23
3138, 23
3139, 23
3140, 16
3141, 15
3142, 16
3143, 74
3144, 31
3145, 8
3146, 38
3147, 15
3148, 32
3149, 15
3150, 15
3151, 32
3152, 40
3153, 24
3154, 48
3155, 40
3156, 16
3157, 40
3158, 15
3159, 47
3160, 23
3162, 15
3163, 64
3164, 24
3165, 57
3166, 32
3167, 16
3168, 56
3169, 16
3170, 16
3171, 8
3172, 8
3173, 23
3174, 23
3175, 40
3176, 41
3178, 24
3179, 39
3180, 24
3181, 31
3182, 8
3183, 56
3184, 24
3185, 7
3186, 16
3187, 23
3188, 31
3190, 39
3191, 7
3194, 16
3195, 24
3197, 16
3198, 24
3199, 15
3200, 16
3201, 31
3203, 24
3205, 8
3206, 16
3207, 32
3208, 24
3209, 32
3210, 7
3211, 31
3212, 40
3213, 16
3214, 33
3215, 31
3216, 7
3217, 32
3218, 24
3219, 48
3220, 31
3221, 8
3222, 16
3223, 24
3224, 31
3225, 7
3226, 15
3227, 7
3228, 39
3229, 63
3230, 14
3231, 47
3232, 16
3233, 16
3234, 32
3235, 16
3236, 16
3237, 56
3238, 8
3239, 41
3240, 48
3241, 23
3242, 16
3243, 39
3244, 40
3245, 32
3246, 7
3247, 8
3248, 40
3249, 47
3250, 23
3251, 39
3252, 30
3253, 39
3254, 38
3255, 16
3256, 7
3257, 7
3258, 23
3259, 7
3260, 46
3261, 24
3262, 31
3264, 55
3265, 23
3266, 32
3267, 7
3268, 24
3269, 55
3270, 16
3272, 40
3273, 31
3275, 24
3276, 23
3279, 8
3280, 24
3281, 7
3282, 8
3283, 16
3284, 32
3286, 15
3287, 31
3288, 7
3289, 15
3290, 7
3291, 16
3292, 8
3293, 31
3294, 39
3295, 16
3296, 24
3297, 16
3298, 48
3299, 16
3300, 31
3301, 15
3302, 24
3303, 40
3304, 24
3305, 47
3306, 7
3307, 24
3308, 8
3309, 32
3310, 16
3311, 23
3312, 16
3313, 16
3314, 65
3315, 32
3316, 41
3317, 7
3318, 23
3319, 24
3320, 24
3321, 24
3322, 32
3323, 24
3324, 16
3325, 48
3326, 38
3327, 31
3328, 32
3329, 41
3330, 16
3331, 31
3332, 8
3333, 41
3334, 24
3335, 48
3336, 33
3337, 41
3338, 24
3339, 49
3340, 16
3341, 15
3342, 8
3343, 7
3344, 32
3345, 32
3346, 33
3347, 32
3349, 42
3350, 41
3351, 33
3352, 7
3353, 16
3354, 40
3355, 39
3357, 7
3358, 40
3359, 24
3360, 8
3361, 31
3362, 8
3364, 8
3366, 32
3368, 16
3369, 24
3370, 16
3371, 8
3372, 32
3373, 16
3374, 16
3376, 16
3377, 8
3378, 40
3379, 15
3380, 41
3381, 8
3382, 32
3383, 16
3384, 32
3385, 40
3386, 23
3387, 25
3388, 8
3389, 31
3390, 55
3391, 7
3392, 22
3393, 16
3394, 24
3395, 23
3396, 15
3397, 15
3398, 16
3399, 31
3400, 70
3401, 16
3402, 39
3403, 8
3404, 24
3405, 24
3406, 15
3407, 23
3408, 56
3409, 8
3410, 32
3411, 47
3412, 31
3413, 31
3414, 24
3415, 39
3416, 40
3418, 8
3419, 48
3420, 56
3421, 16
3422, 49
3423, 24
3424, 39
3425, 31
3426, 24
3427, 8
3428, 8
3429, 16
3430, 24
3431, 40
3432, 16
3433, 32
3434, 7
3435, 57
3436, 16
3437, 40
3438, 8
3439, 49
3440, 15
3441, 15
3442, 15
3443, 33
3444, 23
3445, 16
3446, 8
3447, 31
3450, 16
3451, 24
3453, 8
3454, 24
3455, 15
3456, 7
3457, 41
3458, 7
3459, 16
3460, 7
3461, 8
3462, 16
3463, 33
3464, 16
3465, 23
3466, 24
3467, 8
3468, 48
3469, 24
3470, 24
3471, 40
3472, 16
3473, 24
3474, 24
3475, 40
3476, 39
3477, 15
3478, 16
3479, 8
3480, 31
3481, 16
3482, 24
3483, 16
3484, 16
3485, 65
3486, 31
3487, 48
3488, 8
3489, 16
3490, 32
3491, 24
3492, 16
3493, 32
3494, 24
3495, 7
3496, 56
3497, 56
3498, 15
3499, 32
3500, 40
3501, 24
3502, 23
3504, 16
3505, 81
3506, 16
3507, 49
3508, 31
3509, 8
3510, 64
3511, 15
3512, 15
3513, 8
3514, 8
3515, 24
3516, 40
3517, 32
3518, 32
3520, 32
3521, 40
3522, 41
3523, 7
3524, 24
3525, 32
3526, 39
3527, 8
3528, 8
3529, 41
3530, 16
3531, 8
3532, 32
3533, 8
3536, 16
3537, 24
3539, 24
3540, 16
3541, 16
3542, 8
3543, 40
3544, 16
3545, 7
3546, 8
3547, 7
3548, 16
3549, 32
3550, 31
3551, 16
3552, 7
3553, 40
3554, 32
3555, 16
3556, 41
3557, 24
3558, 24
3559, 16
3560, 32
3561, 56
3562, 15
3563, 8
3564, 15
3565, 24
3566, 31
3567, 24
3569, 23
3570, 32
3571, 72
3572, 16
3573, 30
3574, 16
3575, 15
3576, 31
3577, 16
3578, 15
3579, 57
3580, 8
3581, 25
3582, 71
3583, 23
3584, 16
3585, 56
3586, 24
3587, 31
3589, 16
3590, 31
3591, 39
3592, 38
3593, 40
3594, 31
3595, 41
3596, 23
3597, 24
3598, 7
3599, 16
3600, 25
3601, 24
3602, 24
3603, 22
3604, 31
3605, 8
3606, 64
3607, 7
3608, 32
3609, 7
3610, 57
3611, 24
3612, 15
3613, 8
3614, 32
3615, 31
3617, 32
3618, 16
3621, 8
3622, 32
3624, 8
3625, 24
3626, 16
3627, 15
3628, 41
3630, 16
3631, 7
3632, 16
3633, 8
3634, 33
3635, 24
3636, 24
3637, 16
3638, 24
3639, 32
3640, 24
3641, 7
3642, 64
3644, 32
3645, 23
3646, 32
3647, 56
3648, 8
3649, 16
3650, 24
3651, 15
3652, 15
3653, 24
3654, 16
3655, 16
3656, 58
3657, 37
3658, 40
3659, 7
3660, 23
3661, 16
3662, 40
3664, 23
3665, 55
3666, 25
3667, 40
3668, 48
3669, 16
3670, 32
3671, 32
3672, 49
3673, 8
3675, 40
3676, 39
3677, 39
3678, 49
3679, 24
3680, 32
3681, 40
3682, 24
3683, 8
3685, 24
3686, 8
3687, 39
3688, 31
3689, 31
3690, 16
3691, 24
3692, 39
3693, 32
3694, 15
3695, 33
3696, 24
3697, 39
3699, 24
3700, 40
3701, 8
3702, 16
3703, 23
3704, 7
3706, 8
3707, 24
3708, 8
3710, 25
3711, 23
3712, 8
3713, 16
3714, 24
3715, 7
3716, 23
3718, 15
3719, 16
3720, 23
3721, 31
3722, 23
3723, 7
3724, 40
3725, 32
3726, 15
3727, 40
3728, 23
3729, 8
3730, 48
3731, 8
3732, 62
3733, 24
3734, 16
3736, 40
3737, 16
3738, 16
3739, 15
3740, 15
3741, 15
3742, 88
3743, 16
3744, 30
3745, 16
3746, 15
3747, 23
3748, 23
3749, 7
3750, 63
3752, 57
3753, 39
3754, 31
3755, 24
3756, 48
3757, 23
3758, 32
3760, 8
3761, 39
3762, 55
3763, 24
3764, 57
3765, 16
3766, 23
3767, 38
3768, 32
3770, 8
3771, 15
3772, 32
3773, 47
3774, 32
3775, 7
3776, 8
3777, 57
3778, 15
3779, 40
3781, 33
3782, 56
3783, 8
3784, 8
3785, 40
3786, 15
3787, 7
3788, 24
3789, 23
3792, 16
3793, 24
3795, 8
3796, 24
3797, 23
3799, 24
3800, 23
3801, 24
3803, 8
3804, 16
3805, 24
3806, 31
3807, 24
3808, 15
3809, 24
3810, 32
3811, 24
3812, 24
3813, 47
3814, 8
3815, 23
3816, 23
3817, 48
3818, 39
3819, 8
3820, 16
3822, 39
3823, 15
3824, 24
3825, 7
3826, 40
3827, 48
3828, 39
3829, 40
3831, 33
3832, 25
3833, 24
3834, 8
3835, 49
3836, 24
3837, 16
3838, 48
3839, 48
3840, 15
3841, 40
3842, 31
3843, 32
3844, 15
3845, 8
3846, 32
3847, 32
3848, 56
3849, 16
3850, 39
3851, 32
3852, 48
3853, 16
3854, 15
3855, 7
3856, 16
3857, 32
3858, 16
3859, 31
3860, 41
3861, 8
3862, 16
3863, 56
3864, 24
3865, 15
3866, 16
3867, 49
3868, 22
3869, 7
3870, 24
3871, 32
3872, 16
3873, 16
3874, 23
3875, 8
3878, 32
3879, 8
3881, 15
3882, 32
3883, 8
3884, 33
3885, 15
3886, 8
3887, 15
3888, 8
3890, 24
3891, 40
3892, 24
3893, 25
3894, 8
3895, 32
3896, 40
3897, 16
3898, 32
3899, 23
3900, 24
3901, 24
3902, 40
3903, 40
3904, 16
3905, 25
3907, 40
3908, 16
3909, 24
3910, 16
3912, 57
3913, 57
3914, 33
3915, 15
3916, 16
3917, 32
3918, 24
3919, 8
3920, 33
3921, 41
3922, 7
3923, 50
3924, 39
3925, 31
3926, 15
3927, 55
3928, 33
3929, 16
3930, 7
3931, 16
3932, 48
3933, 50
3934, 24
3935, 40
3936, 32
3937, 48
3938, 7
3939, 24
3940, 7
3941, 8
3942, 23
3943, 32
3944, 32
3945, 32
3946, 15
3947, 16
3948, 50
3949, 33
3950, 25
3952, 49
3953, 39
3954, 8
3955, 16
3956, 41
3957, 16
3958, 8
3959, 23
3960, 16
3963, 8
3964, 23
3965, 7
3966, 8
3967, 32
3968, 16
3969, 8
3970, 16
3971, 22
3972, 25
3974, 7
3975, 15
3976, 24
3977, 24
3978, 40
3979, 7
3980, 24
3981, 32
3982, 31
3983, 24
3984, 41
3985, 16
3986, 24
3987, 24
3988, 40
3989, 39
3990, 8
3991, 16
3992, 32
3993, 15
3994, 16
3995, 15
3996, 16
3997, 33
3998, 66
3999, 23
4000, 41
4001, 8
4002, 16
4003, 41
4004, 16
4006, 39
4007, 40
4008, 8
4009, 73
4010, 24
4011, 31
4012, 49
4013, 24
4014, 32
4015, 8
4016, 8
4017, 40
4018, 57
4019, 16
4020, 64
4021, 8
4022, 24
4023, 40
4024, 23
4025, 15
4026, 8
4027, 24
4028, 8
4029, 39
4030, 23
4031, 31
4032, 7
4033, 49
4034, 32
4035, 24
4036, 15
4037, 33
4038, 32
4039, 31
4041, 32
4042, 33
4043, 8
4045, 39
4046, 7
4049, 41
4052, 24
4053, 23
4054, 8
4055, 16
4056, 23
4057, 32
4060, 15
4061, 16
4062, 48
4063, 16
4064, 24
4065, 16
4066, 23
4067, 32
4068, 24
4069, 24
4070, 31
4071, 24
4072, 24
4073, 40
4074, 39
4075, 24
4076, 16
4078, 40
4079, 16
4080, 16
4081, 7
4082, 32
4083, 32
4084, 63
4085, 24
4086, 23
4087, 7
4088, 31
4089, 32
4090, 7
4091, 32
4092, 41
4093, 8
4094, 41
4095, 65
4096, 24
4097, 16
4098, 40
4099, 23
4100, 39
4102, 16
4103, 65
4104, 33
4105, 24
4106, 31
4107, 48
4108, 41
4109, 15
4110, 24
4112, 16
4113, 8
4114, 48
4115, 16
4116, 48
4117, 7
4118, 16
4119, 16
4120, 46
4121, 39
4122, 16
4123, 32
4124, 39
4125, 7
4127, 23
4128, 47
4130, 31
4131, 15
4134, 16
4135, 25
4137, 7
4138, 32
4139, 16
4141, 39
4142, 7
4143, 16
4144, 7
4145, 7
4146, 8
4147, 40
4148, 15
4149, 40
4150, 7
4151, 16
4152, 39
4153, 33
4154, 25
4155, 38
4157, 39
4158, 15
4159, 56
4160, 23
4161, 15
4162, 15
4163, 16
4164, 23
4165, 24
4166, 15
4167, 16
4168, 32
4169, 81
4171, 48
4172, 8
4173, 15
4174, 16
4175, 39
4176, 16
4177, 32
4178, 32
4179, 41
4180, 41
4181, 40
4182, 7
4183, 32
4184, 47
4185, 24
4186, 15
4187, 8
4188, 25
4189, 55
4190, 40
4191, 40
4192, 23
4193, 39
4194, 40
4195, 16
4196, 7
4197, 8
4198, 24
4199, 7
4200, 40
4201, 23
4202, 39
4204, 32
4205, 31
4206, 31
4207, 22
4208, 40
4209, 38
4210, 16
4212, 32
4213, 23
4214, 15
4215, 16
4216, 31
4219, 8
4220, 24
4221, 7
4222, 8
4223, 16
4224, 24
4225, 16
4226, 33
4227, 7
4228, 16
4229, 7
4230, 7
4232, 23
4233, 39
4234, 32
4235, 8
4236, 24
4237, 15
4238, 47
4239, 16
4240, 40
4241, 24
4242, 8
4243, 39
4244, 33
4245, 39
4246, 15
4247, 7
4248, 15
4249, 31
4250, 23
4251, 15
4252, 15
4253, 23
4254, 49
4255, 47
4256, 15
4257, 30
4258, 16
4259, 24
4260, 23
4261, 23
4262, 15
4263, 49
4264, 8
4265, 48
4266, 57
4267, 24
4268, 33
4269, 32
4270, 24
4271, 31
4273, 24
4274, 31
4275, 55
4276, 24
4277, 48
4278, 16
4279, 47
4280, 23
4281, 24
4283, 24
4284, 15
4285, 24
4286, 40
4287, 32
4288, 8
4289, 16
4290, 47
4291, 32
4292, 23
4293, 7
4294, 49
4295, 32
4296, 7
4297, 8
4298, 49
4299, 8
4300, 7
4301, 31
4302, 7
4303, 7
4305, 8
4306, 31
4308, 8
4309, 31
4310, 15
4311, 8
4312, 31
4313, 7
4314, 15
4315, 7
4316, 8
4317, 24
4318, 24
4319, 32
4320, 16
4321, 15
4322, 33
4323, 24
4324, 32
4325, 25
4326, 41
4327, 8
4328, 33
4329, 23
4330, 65
4332, 23
4333, 16
4335, 47
4336, 16
4337, 15
4338, 24
4339, 8
4340, 72
4341, 23
4342, 48
4343, 8
4344, 24
4345, 24
4346, 23
4347, 24
4348, 16
4349, 39
4350, 16
4351, 62
4352, 32
4353, 41
4354, 24
4355, 32
4356, 31
4357, 7
4358, 8
4359, 40
4360, 48
4361, 24
4362, 40
4363, 22
4364, 47
4365, 24
4366, 31
4367, 7
4368, 8
4369, 24
4370, 24
4371, 23
4372, 32
4373, 31
4374, 8
4375, 15
4376, 56
4377, 32
4378, 7
4379, 15
4380, 63
4381, 7
4382, 15
4383, 16
4384, 31
4385, 15
4386, 24
4387, 15
4388, 7
4390, 8
4391, 24
4392, 7
4394, 16
4395, 31
4396, 7
4397, 24
4398, 23
4399, 16
4400, 7
4402, 15
4403, 16
4404, 23
4405, 40
4406, 24
4407, 16
4408, 32
4409, 32
4410, 24
4411, 49
4413, 24
4414, 32
4415, 8
4416, 61
4417, 15
4418, 24
4420, 39
4421, 15
4422, 16
4423, 24
4425, 73
4426, 40
4427, 24
4428, 31
4429, 7
4430, 23
4431, 32
4432, 15
4433, 15
4434, 48
4435, 16
4436, 32
4437, 71
4438, 7
4439, 33
4440, 31
4441, 32
4442, 31
4444, 15
4445, 62
4446, 40
4447, 16
4448, 40
4449, 39
4450, 31
4451, 31
4452, 15
4454, 24
4455, 15
4456, 32
4457, 15
4458, 48
4459, 7
4460, 24
4461, 56
4463, 39
4464, 8
4465, 41
4466, 38
4467, 7
4468, 16
4469, 32
4470, 15
4471, 16
4472, 23
4473, 15
4476, 24
4477, 16
4479, 7
4480, 32
4481, 16
4482, 8
4483, 31
4484, 7
4485, 16
4486, 7
4487, 16
4489, 39
4490, 31
4491, 15
4492, 15
4493, 33
4494, 23
4495, 32
4496, 32
4497, 32
4498, 8
4499, 40
4500, 16
4501, 39
4502, 30
4503, 15
4504, 16
4505, 16
4506, 39
4507, 7
4508, 16
4509, 16
4510, 32
4511, 81
4512, 16
4513, 22
4514, 15
4515, 15
4516, 40
4517, 15
4518, 24
4519, 49
4520, 8
4521, 8
4522, 54
4523, 47
4524, 15
4525, 56
4526, 24
4527, 32
4528, 7
4530, 48
4531, 40
4532, 39
4533, 48
4534, 15
4535, 41
4536, 31
4537, 16
4538, 15
4539, 8
4540, 15
4541, 32
4542, 40
4543, 16
4544, 24
4545, 15
4546, 23
4547, 38
4548, 40
4549, 7
4550, 7
4551, 62
4552, 24
4553, 8
4554, 32
4555, 24
4556, 8
4557, 15
4558, 32
4561, 8
4562, 33
4565, 32
4566, 15
4567, 16
4568, 7
4569, 31
4571, 23
4572, 8
4574, 40
4575, 8
4576, 55
4577, 8
4578, 8
4579, 32
4580, 32
4581, 23
4582, 47
4583, 16
4584, 16
4585, 39
4586, 33
4587, 30
4588, 24
4590, 15
4591, 31
4592, 32
4593, 16
4594, 8
4595, 32
4596, 40
4597, 39
4598, 32
4599, 22
4600, 16
4601, 31
4602, 24
4603, 15
4604, 32
4605, 15
4606, 31
4607, 71
4608, 24
4609, 16
4610, 24
4611, 23
4612, 63
4613, 15
4615, 7
4616, 70
4617, 32
4618, 49
4619, 24
4620, 15
4621, 55
4622, 15
4623, 23
4624, 8
4625, 8
4626, 23
4627, 24
4628, 48
4629, 8
4630, 22
4631, 41
4632, 40
4633, 16
4634, 23
4635, 7
4636, 56
4637, 15
4638, 15
4639, 8
4640, 31
4641, 31
4642, 8
4643, 24
4644, 15
4647, 16
4648, 24
4650, 8
4651, 23
4652, 23
4653, 16
4654, 32
4656, 24
4658, 7
4659, 16
4660, 24
4661, 31
4662, 31
4663, 8
4664, 40
4665, 16
4666, 23
4667, 23
4668, 47
4669, 24
4670, 16
4671, 23
4672, 47
4673, 23
4674, 15
4675, 16
4676, 16
4677, 39
4679, 22
4680, 16
4681, 23
4682, 64
4683, 39
4684, 31
4685, 16
4686, 15
4687, 40
4688, 8
4689, 7
4690, 39
4691, 23
4692, 40
4693, 38
4694, 48
4695, 16
4696, 40
4697, 39
4698, 32
4700, 16
4701, 24
4702, 31
4703, 38
4704, 47
4705, 22
4706, 48
4707, 39
4708, 24
4710, 16
4711, 16
4712, 24
4713, 32
4714, 32
4715, 23
4716, 8
4717, 40
4718, 31
4719, 32
4720, 7
4721, 49
4722, 23
4723, 23
4725, 24
4726, 39
4727, 7
4728, 24
4729, 24
4733, 32
4734, 7
4736, 23
4737, 24
4738, 7
4739, 24
4740, 23
4741, 16
4742, 7
4743, 7
4744, 7
4745, 32
4746, 15
4747, 39
4748, 16
4750, 39
4751, 39
4752, 24
4753, 31
4754, 23
4755, 16
4756, 32
4757, 23
4758, 63
4760, 24
4762, 39
4763, 16
4764, 23
4765, 8
4766, 15
4767, 64
4768, 38
4769, 32
4770, 15
4771, 7
4772, 39
4773, 32
4774, 8
4775, 32
4776, 32
4777, 8
4778, 64
4779, 23
4780, 31
4781, 23
4782, 39
4783, 56
4784, 7
4786, 25
4787, 47
4788, 39
4789, 56
4790, 16
4791, 32
4792, 48
4793, 24
4794, 7
4795, 8
4796, 7
4797, 15
4798, 48
4799, 24
4800, 32
4801, 7
4802, 15
4803, 47
4804, 40
4805, 15
4806, 16
4807, 39
4808, 22
4809, 15
4810, 7
4811, 48
4812, 15
4813, 16
4814, 24
4815, 8
4818, 24
4819, 8
4820, 7
4821, 16
4822, 24
4823, 15
4824, 8
4825, 40
4826, 16
4827, 7
4829, 15
4830, 24
4831, 25
4832, 24
4833, 16
4834, 23
4835, 7
4836, 47
4837, 24
4838, 24
4839, 39
4840, 24
4841, 24
4842, 15
4843, 63
4844, 8
4845, 15
4846, 15
4847, 24
4848, 31
4850, 23
4851, 15
4852, 49
4853, 56
4854, 15
4855, 39
4856, 16
4857, 15
4858, 41
4859, 8
4860, 16
4861, 48
4862, 15
4863, 24
4864, 46
4865, 39
4866, 32
4867, 40
4868, 31
4869, 31
4872, 55
4873, 32
4874, 40
4875, 40
4876, 31
4877, 32
4878, 31
4879, 32
4881, 8
4882, 24
4883, 24
4884, 40
4885, 33
4886, 16
4887, 16
4888, 41
4889, 22
4890, 31
4891, 7
4892, 40
4893, 40
4894, 16
4896, 32
4897, 31
4898, 16
4899, 8
4900, 30
4903, 16
4904, 16
4905, 7
4907, 40
4908, 7
4909, 7
4910, 32
4911, 15
4912, 15
4913, 7
4914, 7
4915, 8
4916, 24
4917, 40
4918, 16
4919, 23
4920, 24
4921, 32
4922, 23
4923, 24
4924, 40
4925, 7
4926, 31
4927, 32
4928, 33
4929, 39
4930, 7
4931, 7
4932, 15
4933, 48
4934, 8
4935, 23
4936, 7
4937, 15
4938, 48
4939, 54
4940, 33
4941, 23
4942, 16
4943, 24
4944, 23
4945, 7
4946, 49
4947, 24
4948, 24
4949, 40
4950, 63
4951, 8
4952, 40
4953, 24
4954, 47
4955, 8
4956, 8
4957, 16
4958, 47
4959, 39
4960, 40
4961, 49
4962, 8
4963, 39
4964, 23
4965, 24
4966, 8
4967, 16
4968, 7
4969, 39
4970, 23
4971, 39
4972, 7
4973, 41
4974, 32
4975, 32
4976, 16
4977, 8
4978, 73
4979, 8
4980, 7
4981, 7
4982, 40
4983, 24
4984, 8
4985, 32
4986, 8
4988, 8
4989, 24
4990, 8
4992, 16
4993, 32
4994, 8
4996, 39
4997, 24
4998, 7
5000, 15
5001, 16
5002, 24
5003, 40
5004, 24
5006, 40
5007, 32
5008, 15
5009, 32
5010, 32
5011, 7
5012, 31
5013, 23
5014, 64
5015, 15
5016, 16
5017, 8
5018, 32
5019, 23
5020, 7
5021, 15
5022, 15
5023, 31
5024, 62
5025, 15
5026, 45
5027, 8
5028, 39
5029, 24
5030, 7
5031, 24
5032, 49
5034, 40
5035, 56
5036, 31
5037, 24
5038, 23
5039, 39
5040, 31
5041, 7
5042, 24
5043, 32
5044, 40
5045, 31
5046, 48
5047, 16
5048, 40
5049, 31
5050, 32
5052, 16
5053, 15
5054, 24
5055, 23
5056, 31
5057, 31
5059, 40
5060, 39
5061, 40
5062, 8
5063, 23
5064, 38
5065, 23
5066, 8
5067, 33
5068, 31
5070, 31
5071, 7
5072, 7
5074, 8
5075, 24
5076, 7
5078, 31
5079, 24
5081, 40
5082, 8
5083, 24
5085, 7
5086, 7
5087, 40
5088, 16
5089, 32
5090, 15
5091, 16
5092, 22
5093, 31
5094, 31
5095, 49
5096, 8
5097, 33
5098, 24
5099, 65
5100, 16
5101, 8
5102, 16
5103, 8
5104, 31
5105, 16
5106, 24
5107, 16
5108, 15
5109, 81
5110, 15
5111, 31
5112, 23
5113, 16
5114, 16
5115, 23
5116, 32
5117, 16
5118, 38
5119, 8
5120, 54
5121, 47
5122, 24
5123, 32
5124, 31
5125, 39
5126, 16
5128, 40
5129, 40
5130, 39
5131, 32
5132, 40
5133, 23
5134, 39
5135, 23
5136, 14
5137, 8
5138, 7
5139, 32
5140, 23
5141, 23
5142, 39
5143, 7
5144, 15
5145, 53
5146, 24
5147, 31
5149, 63
5150, 24
5152, 15
5153, 31
5154, 23
5155, 7
5156, 40
5160, 24
5161, 15
5163, 15
5164, 24
5165, 15
5166, 16
5167, 32
5168, 25
5171, 7
5172, 24
5173, 24
5174, 40
5175, 15
5176, 7
5177, 40
5178, 16
5179, 40
5180, 16
5181, 39
5182, 24
5183, 33
5184, 15
5185, 56
5186, 15
5187, 24
5189, 41
5190, 7
5191, 31
5193, 23
5194, 24
5195, 71
5196, 15
5197, 39
5198, 16
5199, 15
5200, 39
5201, 8
5202, 16
5203, 57
5205, 40
5206, 56
5207, 39
5208, 16
5209, 39
5210, 31
5211, 31
5213, 24
5214, 40
5215, 49
5216, 24
5217, 48
5218, 7
5219, 30
5220, 46
5221, 16
5222, 7
5223, 7
5224, 15
5225, 30
5226, 32
5227, 40
5228, 15
5229, 8
5230, 47
5231, 31
5232, 32
5233, 7
5234, 49
5235, 23
5236, 15
5237, 8
5238, 23
5239, 23
5240, 15
5241, 16
5242, 31
5246, 31
5247, 7
5249, 31
5250, 24
5252, 40
5253, 7
5254, 23
5256, 8
5257, 15
5258, 8
5259, 47
5260, 24
5261, 16
5262, 23
5263, 16
5264, 47
5265, 16
5266, 39
5267, 16
5268, 24
5269, 23
5270, 48
5271, 31
5272, 15
5273, 15
5274, 8
5275, 39
5276, 8
5277, 23
5278, 8
5279, 31
5280, 49
5281, 39
5282, 40
5283, 15
5284, 16
5285, 15
5286, 40
5287, 24
5288, 41
5289, 7
5290, 15
5291, 38
5292, 54
5293, 23
5294, 32
5295, 39
5296, 48
5299, 49
5300, 48
5301, 32
5302, 16
5303, 39
5304, 32
5305, 32
5306, 22
5307, 23
5308, 8
5309, 16
5310, 24
5311, 32
5312, 24
5313, 32
5314, 7
5315, 16
5316, 53
5317, 15
5318, 30
5319, 24
5320, 49
5321, 23
5322, 8
5323, 8
5324, 40
5325, 15
5326, 8
5327, 32
5328, 7
5331, 24
5332, 15
5334, 15
5335, 31
5336, 8
5337, 8
5338, 39
5340, 24
5342, 15
5343, 33
5344, 33
5345, 8
5346, 24
5347, 24
5348, 24
5349, 32
5350, 15
5351, 48
5352, 23
5353, 16
5354, 16
5355, 40
5356, 47
5357, 16
5358, 7
5359, 16
5360, 39
5361, 16
5362, 24
5363, 8
5364, 15
5365, 49
5366, 48
5367, 40
5368, 14
5369, 7
5370, 32
5371, 23
5372, 15
5373, 23
5374, 38
5375, 16
5376, 32
5377, 54
5378, 24
5379, 32
5380, 31
5381, 39
5382, 32
5384, 16
5385, 47
5386, 48
5387, 24
5388, 57
5390, 48
5391, 31
5392, 23
5393, 8
5394, 8
5395, 24
5396, 16
5397, 39
5398, 41
5399, 7
5400, 8
5401, 57
5402, 16
5403, 32
5404, 15
5405, 24
5406, 46
5407, 15
5408, 16
5409, 15
5410, 31
5411, 16
5412, 16
5413, 23
5416, 8
5417, 24
5418, 7
5419, 8
5420, 32
5421, 16
5422, 8
5423, 32
5424, 7
5425, 23
5427, 7
5428, 16
5429, 23
5430, 31
5431, 31
5432, 8
5433, 24
5434, 23
5435, 40
5436, 16
5437, 40
5438, 7
5439, 31
5440, 31
5441, 49
5442, 31
5443, 7
5444, 16
5445, 16
5446, 23
5447, 16
5448, 22
5449, 8
5450, 23
5451, 88
5452, 25
5453, 32
5455, 23
5456, 23
5457, 32
5458, 25
5459, 8
5460, 46
5461, 16
5462, 54
5463, 32
5464, 23
5465, 40
5466, 32
5467, 24
5468, 23
5469, 8
5470, 40
5471, 23
5472, 55
5473, 31
5474, 39
5475, 24
5476, 33
5477, 23
5478, 15
5479, 8
5480, 24
5481, 24
5482, 24
5483, 23
5484, 40
5486, 32
5487, 47
5488, 16
5489, 22
5490, 16
5491, 56
5492, 23
5494, 24
5495, 32
5496, 15
5497, 24
5498, 16
5499, 7
5501, 8
5502, 25
5503, 8
5505, 24
5506, 24
5507, 8
5508, 24
5509, 22
5510, 8
5511, 15
5512, 7
5513, 7
5514, 24
5515, 24
5516, 15
5517, 23
5518, 15
5519, 39
5520, 32
5521, 24
5522, 23
5523, 38
5524, 16
5525, 32
5526, 33
5527, 38
5528, 24
5530, 24
5531, 16
5532, 31
5533, 15
5534, 15
5535, 24
5536, 25
5537, 72
5538, 32
5539, 15
5540, 15
5541, 32
5542, 24
5543, 8
5544, 41
5545, 32
5546, 8
5547, 47
5548, 38
5549, 31
5550, 41
5551, 25
5552, 39
5553, 23
5555, 24
5556, 56
5557, 16
5558, 31
5559, 40
5560, 31
5561, 40
5562, 31
5563, 15
5564, 7
5565, 7
5566, 32
5567, 24
5568, 24
5569, 39
5570, 15
5571, 8
5572, 64
5573, 7
5574, 39
5575, 8
5576, 24
5577, 56
5578, 8
5580, 48
5581, 15
5582, 15
5583, 24
5584, 15
5587, 7
5588, 33
5590, 7
5591, 23
5592, 16
5593, 24
5594, 24
5595, 8
5596, 16
5597, 7
5598, 8
5599, 15
5600, 32
5601, 24
5602, 24
5603, 16
5604, 24
5605, 40
5606, 8
5607, 40
5608, 32
5609, 15
5610, 23
5611, 32
5612, 57
5613, 24
5614, 8
5615, 16
5616, 16
5617, 22
5618, 16
5619, 23
5620, 16
5621, 24
5622, 64
5623, 31
5624, 39
5625, 16
5626, 7
5627, 24
5628, 32
5629, 8
5630, 31
5631, 31
5632, 33
5633, 40
5634, 55
5635, 7
5636, 40
5637, 40
5638, 40
5640, 8
5641, 32
5642, 48
5643, 30
5644, 49
5645, 23
5646, 41
5647, 31
5648, 8
5649, 22
5650, 7
5651, 16
5652, 32
5653, 15
5654, 47
5655, 24
5656, 8
5657, 32
5658, 40
5659, 41
5661, 24
5662, 48
5663, 24
5664, 8
5665, 25
5666, 22
5667, 15
5668, 16
5669, 31
5673, 16
5674, 22
5676, 15
5677, 23
5678, 15
5679, 24
5680, 23
5681, 16
5682, 7
5683, 7
5684, 16
5686, 32
5687, 31
5688, 15
5689, 40
5690, 24
5691, 16
5692, 31
5693, 31
5694, 32
5695, 16
5696, 32
5697, 33
5698, 47
5699, 8
5700, 8
5701, 15
5702, 31
5703, 23
5704, 16
5705, 7
5706, 23
5707, 40
5708, 62
5709, 24
5710, 23
5711, 16
5712, 32
5713, 8
5714, 23
5715, 40
5716, 32
5718, 56
5719, 38
5720, 31
5721, 16
5722, 55
5723, 16
5724, 39
5726, 16
5727, 40
5728, 55
5729, 40
5730, 24
5731, 40
5732, 24
5733, 30
5734, 23
5735, 8
5736, 8
5737, 16
5738, 40
5739, 15
5740, 48
5741, 8
5742, 24
5743, 24
5744, 31
5745, 38
5746, 8
5747, 57
5748, 23
5749, 7
5750, 7
5751, 40
5752, 15
5753, 16
5754, 32
5755, 8
5758, 16
5759, 24
5761, 16
5762, 24
5763, 15
5764, 7
5765, 32
5766, 7
5767, 24
5769, 8
5770, 7
5771, 40
5772, 24
5773, 32
5774, 7
5775, 32
5776, 32
5777, 24
5778, 49
5779, 7
5780, 32
5781, 8
5782, 32
5783, 47
5784, 31
5785, 8
5786, 16
5787, 25
5788, 23
5789, 16
5790, 15
5792, 38
5793, 82
5794, 7
5795, 47
5797, 32
5798, 24
5799, 23
5800, 16
5801, 40
5802, 23
5803, 32
5804, 39
5805, 47
5806, 16
5807, 32
5808, 39
5809, 31
5810, 7
5811, 8
5812, 49
5813, 16
5814, 46
5815, 40
5816, 30
5817, 40
5818, 31
5819, 31
5821, 8
5822, 7
5823, 23
5824, 38
5825, 32
5826, 23
5827, 7
5828, 40
5829, 40
5830, 16
5831, 31
5832, 25
5833, 47
5834, 16
5835, 8
5836, 16
5837, 39
5838, 7
5839, 16
5840, 32
5843, 8
5844, 8
5845, 23
5847, 32
5848, 24
5850, 41
5851, 7
5852, 16
5853, 7
5854, 8
5856, 31
5857, 31
5858, 7
5859, 40
5861, 40
5862, 32
5863, 32
5864, 23
5865, 30
5866, 15
5867, 31
5868, 32
5869, 48
5870, 15
5872, 23
5873, 31
5874, 16
5875, 24
5876, 8
5877, 16
5878, 41
5879, 63
5880, 32
5881, 15
5882, 16
5883, 32
5884, 24
5885, 16
5886, 24
5887, 39
5888, 7
5889, 72
5890, 24
5891, 31
5892, 16
5893, 46
5894, 24
5895, 31
5897, 31
5898, 32
5899, 48
5900, 24
5901, 48
5902, 16
5903, 38
5904, 39
5905, 16
5907, 7
5908, 24
5909, 40
5910, 23
5911, 31
5912, 15
5913, 24
5914, 47
5915, 7
5916, 39
5917, 16
5918, 23
5919, 47
5920, 16
5921, 8
5922, 41
5923, 8
5924, 7
5925, 40
5926, 7
5929, 8
5930, 31
5932, 16
5933, 16
5934, 22
5935, 8
5936, 40
5938, 24
5940, 15
5941, 8
5942, 31
5943, 32
5944, 24
5945, 8
5946, 32
5947, 32
5948, 15
5949, 40
5950, 31
5951, 16
5952, 16
5953, 23
5954, 71
5955, 8
5956, 16
5957, 16
5958, 16
5959, 22
5960, 23
5961, 23
5962, 8
5963, 24
5964, 72
5965, 23
5966, 39
5967, 8
5968, 24
5969, 24
5970, 15
5971, 31
5972, 23
5973, 22
5974, 40
5975, 48
5976, 39
5977, 16
5978, 57
5979, 16
5980, 23
5981, 15
5982, 8
5983, 49
5984, 40
5985, 24
5986, 39
5987, 31
5988, 23
5989, 55
5990, 8
5991, 15
5992, 8
5993, 24
5994, 16
5995, 31
5996, 31
5997, 31
5999, 49
6000, 24
6001, 40
6002, 7
6003, 33
6004, 57
6005, 7
6006, 7
6007, 24
6008, 24
6009, 15
6010, 24
6011, 23
6014, 8
6015, 24
6016, 7
6017, 8
6018, 16
6019, 23
6020, 7
6021, 16
6022, 32
6023, 7
6024, 15
6025, 7
6026, 16
6027, 16
6028, 32
6029, 23
6030, 23
6031, 33
6032, 16
6033, 24
6034, 15
6035, 63
6036, 8
6037, 16
6038, 40
6039, 41
6040, 31
6041, 16
6043, 15
6044, 40
6045, 24
6046, 16
6047, 8
6048, 24
6049, 57
6050, 40
6051, 24
6052, 31
6053, 16
6054, 23
6055, 23
6056, 7
6057, 23
6058, 47
6059, 8
6060, 64
6061, 23
6062, 39
6063, 25
6064, 47
6065, 24
6066, 24
6068, 41
6069, 49
6070, 16
6071, 39
6072, 39
6073, 16
6074, 56
6075, 15
6076, 24
6077, 8
6078, 16
6079, 16
6080, 24
6081, 23
6082, 55
6084, 23
6085, 48
6086, 24
6087, 22
6088, 25
6089, 33
6090, 39
6092, 8
6093, 32
6094, 31
6095, 16
6096, 24
6097, 8
6100, 16
6101, 24
6103, 24
6104, 16
6105, 15
6106, 8
6107, 39
6108, 8
6109, 16
6111, 8
6112, 15
6113, 32
6114, 23
6115, 23
6116, 23
6117, 32
6118, 24
6119, 23
6120, 24
6121, 38
6122, 25
6123, 16
6124, 23
6125, 40
6126, 31
6127, 15
6128, 15
6129, 40
6130, 16
6131, 7
6132, 15
6133, 15
6134, 32
6135, 72
6136, 24
6137, 31
6138, 16
6139, 15
6140, 31
6141, 15
6142, 8
6143, 39
6144, 23
6145, 40
6146, 31
6147, 46
6148, 31
6149, 32
6150, 32
6151, 40
6154, 56
6155, 24
6156, 46
6157, 38
6158, 23
6159, 32
6160, 39
6161, 24
6162, 7
6163, 15
6165, 39
6166, 23
6167, 40
6168, 23
6169, 8
6170, 56
6171, 16
6172, 31
6173, 15
6174, 41
6175, 31
6176, 16
6177, 8
6178, 25
6179, 23
6180, 15
6181, 24
6182, 14
6183, 7
6185, 8
6186, 24
6187, 7
6188, 8
6189, 16
6190, 24
6191, 15
6192, 8
6193, 30
6194, 16
6195, 7
6196, 7
6197, 8
6198, 23
6199, 31
6200, 32
6201, 16
6202, 16
6203, 32
6204, 40
6205, 8
6206, 47
6207, 7
6208, 32
6209, 32
6210, 32
6211, 30
6212, 15
6213, 7
6214, 32
6215, 32
6216, 8
6217, 16
6218, 7
6219, 40
6220, 49
6221, 40
6222, 49
6224, 32
6225, 15
6226, 24
6227, 15
6228, 41
6229, 23
6230, 8
6231, 72
6232, 32
6233, 15
6234, 40
6235, 40
6236, 32
6237, 16
6239, 32
6240, 48
6241, 40
6242, 24
6243, 48
6244, 24
6245, 48
6246, 16
6247, 15
6248, 8
6249, 8
6250, 15
6251, 30
6252, 23
6253, 55
6255, 41
6256, 32
6257, 24
6258, 23
6259, 16
6260, 56
6261, 15
6262, 8
6263, 7
6264, 40
6265, 16
6266, 15
6267, 24
6268, 15
6271, 7
6272, 31
6274, 24
6275, 23
6276, 8
6277, 7
6278, 39
6280, 24
6282, 15
6283, 8
6284, 41
6285, 32
6286, 25
6287, 8
6288, 32
6289, 24
6290, 23
6291, 50
6292, 16
6293, 8
6294, 40
6295, 15
6296, 65
6297, 15
6298, 7
6299, 16
6300, 41
6301, 8
6302, 23
6303, 8
6304, 15
6305, 32
6306, 80
6307, 16
6308, 31
6309, 16
6310, 24
6311, 16
6312, 23
6313, 24
6314, 41
6315, 8
6316, 48
6317, 48
6318, 32
6319, 24
6320, 40
6321, 23
6322, 40
6324, 8
6325, 39
6326, 56
6327, 33
6328, 40
6329, 24
6330, 41
6331, 32
6332, 24
6333, 8
6334, 8
6335, 8
6336, 31
6337, 41
6338, 16
6339, 31
6340, 16
6341, 32
6342, 32
6343, 32
6344, 7
6345, 49
6346, 40
6347, 8
6349, 31
6350, 31
6351, 7
6352, 15
6353, 31
6356, 8
6357, 32
6359, 8
6360, 16
6361, 31
6363, 41
6364, 8
6365, 8
6366, 15
6367, 7
6368, 16
6369, 8
6370, 31
6371, 39
6372, 16
6373, 33
6374, 16
6375, 41
6377, 56
6378, 15
6379, 31
6380, 24
6381, 16
6382, 54
6383, 7
6384, 24
6385, 16
6386, 32
6387, 8
6388, 24
6389, 16
6390, 16
6391, 48
6392, 46
6393, 40
6394, 7
6395, 24
6396, 32
6397, 23
6398, 8
6399, 40
6400, 31
6401, 8
6402, 55
6403, 40
6404, 23
6405, 41
6406, 32
6407, 31
6408, 16
6410, 32
6411, 56
6412, 24
6413, 65
6414, 8
6415, 24
6416, 64
6417, 16
6418, 8
6419, 8
6420, 16
6421, 16
6422, 40
6423, 32
6424, 23
6425, 15
6426, 25
6427, 31
6428, 32
6429, 23
6430, 16
6431, 56
6432, 24
6434, 16
6435, 39
6436, 15
6437, 7
6438, 32
6439, 8
6441, 8
6442, 33
6444, 8
6445, 16
6446, 24
6447, 8
6448, 8
6449, 39
6451, 23
6452, 8
6454, 15
6455, 40
6456, 16
6457, 40
6458, 8
6459, 25
6460, 32
6461, 24
6462, 32
6463, 31
6464, 7
6465, 31
6466, 31
6467, 56
6468, 15
6469, 7
6470, 15
6471, 33
6472, 24
6474, 23
6475, 24
6476, 24
6477, 79
6478, 33
6479, 16
6480, 16
6481, 24
6482, 24
6483, 16
6484, 32
6485, 25
6486, 23
6487, 41
6488, 56
6489, 16
6490, 40
6491, 32
6492, 31
6493, 31
6495, 7
6496, 56
6497, 42
6498, 40
6499, 40
6500, 7
6501, 40
6502, 39
6503, 24
6505, 7
6506, 8
6507, 56
6508, 24
6509, 49
6511, 8
6512, 64
6513, 16
6514, 32
6515, 8
6516, 32
6517, 47
6518, 7
6519, 8
6520, 32
6521, 24
6522, 7
6523, 33
6524, 7
6525, 7
6527, 16
6528, 24
6531, 31
6532, 24
6533, 8
6534, 16
6535, 23
6536, 25
6538, 8
6539, 8
6540, 31
6541, 32
6542, 33
6543, 8
6544, 32
6545, 24
6546, 24
6547, 33
6548, 40
6549, 8
6550, 33
6551, 24
6552, 66
6553, 16
6554, 8
6555, 16
6556, 16
6557, 32
6558, 16
6559, 16
6560, 16
6561, 16
6562, 72
6563, 23
6564, 48
6566, 23
6567, 24
6568, 31
6569, 16
6570, 24
6571, 31
6572, 24
6573, 49
6574, 48
6575, 24
6576, 41
6577, 24
6578, 32
6579, 16
6581, 41
6582, 32
6583, 56
6584, 40
6585, 24
6586, 24
6587, 56
6588, 16
6589, 7
6590, 8
6591, 16
6592, 16
6593, 48
6594, 33
6595, 25
6597, 41
6598, 40
6599, 24
6600, 15
6601, 16
6602, 64
6603, 16
6605, 24
6606, 32
6607, 16
6608, 25
6609, 16
6610, 7
6613, 24
6614, 15
6615, 8
6616, 16
6617, 23
6618, 8
6619, 8
6620, 39
6621, 8
6622, 15
6623, 8
6624, 8
6625, 15
6626, 32
6627, 31
6628, 16
6629, 7
6630, 40
6631, 40
6633, 39
6634, 30
6635, 7
6636, 56
6638, 62
6639, 16
6640, 25
6642, 31
6643, 24
6644, 24
6645, 8
6646, 16
6647, 33
6648, 71
6649, 33
6650, 16
6651, 25
6652, 8
6653, 32
6654, 16
6655, 24
6656, 48
6657, 8
6658, 25
6659, 71
6660, 15
6661, 15
6662, 47
6663, 48
6664, 24
6666, 16
6667, 39
6668, 57
6669, 15
6670, 48
6671, 39
6672, 8
6673, 47
6674, 23
6676, 15
6677, 7
6678, 32
6679, 31
6680, 39
6681, 15
6682, 16
6683, 23
6684, 47
6685, 31
6687, 24
6688, 54
6689, 15
6690, 8
6691, 40
6692, 24
6693, 8
6694, 32
6695, 8
6698, 7
6699, 24
6700, 7
6701, 8
6702, 24
6703, 24
6704, 8
6705, 32
6706, 7
6707, 24
6709, 7
6710, 16
6711, 32
6712, 23
6713, 24
6714, 16
6715, 24
6716, 24
6717, 31
6718, 15
6719, 47
6720, 16
6721, 32
6722, 23
6723, 41
6724, 39
6726, 23
6727, 16
6728, 31
6729, 16
6730, 15
6731, 16
6732, 16
6733, 80
6734, 24
6735, 32
6736, 16
6737, 15
6738, 24
6739, 31
6741, 56
6742, 15
6743, 16
6744, 48
6745, 46
6746, 24
6747, 31
6748, 48
6749, 25
6750, 15
6752, 40
6753, 47
6754, 40
6755, 16
6756, 47
6757, 32
6758, 47
6760, 23
6761, 7
6762, 24
6763, 16
6764, 32
6765, 33
6766, 32
6768, 49
6769, 24
6770, 24
6771, 31
6772, 16
6773, 49
6774, 15
6775, 7
6776, 24
6777, 32
6778, 16
6779, 16
6780, 24
6781, 8
6783, 8
6784, 25
6785, 8
6787, 23
6788, 24
6789, 8
6790, 7
6791, 38
6792, 8
6793, 15
6794, 8
6795, 7
6796, 33
6797, 8
6798, 40
6799, 16
6800, 24
6801, 15
6802, 48
6803, 7
6804, 32
6805, 38
6807, 39
6808, 32
6809, 57
6810, 7
6811, 7
6812, 15
6813, 39
6814, 16
6815, 24
6816, 8
6817, 16
6818, 41
6819, 55
6820, 41
6821, 15
6822, 24
6823, 8
6824, 32
6825, 16
6826, 23
6827, 48
6828, 8
6829, 40
6830, 47
6831, 32
6832, 23
6833, 40
6834, 31
6835, 23
6836, 7
6837, 24
6838, 32
6839, 46
6840, 23
6841, 55
6842, 8
6843, 32
6844, 47
6845, 16
6846, 16
6847, 8
6848, 16
6849, 24
6850, 30
6851, 40
6852, 15
6853, 8
6854, 38
6855, 31
6856, 38
6857, 8
6858, 56
6859, 24
6860, 7
6861, 16
6862, 33
6863, 15
6864, 15
6865, 24
6866, 16
6869, 7
6870, 33
6872, 7
6873, 24
6874, 23
6875, 8
6876, 24
6877, 15
6878, 15
6879, 15
6880, 8
6881, 8
6882, 32
6883, 23
6884, 15
6885, 23
6886, 23
6887, 24
6888, 40
6889, 33
6890, 32
6891, 16
6892, 24
6893, 24
6894, 57
6895, 16
6896, 15
6898, 40
6899, 32
6900, 8
6901, 16
6902, 15
6903, 24
6904, 56
6905, 30
6906, 40
6907, 16
6908, 24
6909, 24
6910, 24
6911, 8
6912, 47
6913, 15
6914, 41
6915, 40
6916, 24
6917, 47
6918, 24
6919, 40
6920, 40
6923, 49
6924, 48
6925, 23
6926, 48
6927, 23
6928, 24
6929, 56
6930, 8
6931, 15
6932, 8
6933, 7
6934, 24
6935, 23
6936, 30
6937, 47
6938, 8
6939, 7
6940, 54
6941, 23
6942, 22
6943, 24
6944, 41
6945, 23
6946, 7
6947, 23
6948, 31
6949, 15
6950, 8
6951, 31
6952, 8
6954, 8
6955, 33
6958, 15
6959, 32
6960, 7
6961, 41
6962, 8
6963, 16
6964, 7
6965, 7
6966, 8
6967, 16
6968, 31
6969, 23
6970, 32
6971, 8
6972, 23
6973, 40
6974, 24
6975, 48
6976, 16
6977, 15
6978, 32
6979, 16
6980, 55
6981, 24
6983, 24
6984, 31
6985, 8
6986, 31
6988, 23
6989, 49
6990, 46
6991, 31
6992, 23
6993, 15
6994, 23
6995, 24
6996, 15
6997, 24
6998, 32
6999, 23
7000, 49
7001, 39
7002, 31
7003, 31
7004, 32
7005, 23
7006, 23
7007, 15
7008, 16
7009, 46
7010, 48
7011, 23
7012, 48
7013, 33
7014, 32
7015, 23
7016, 15
7017, 7
7018, 15
7019, 16
7020, 39
7021, 15
7022, 48
7023, 8
7024, 33
7025, 33
7026, 23
7027, 32
7028, 8
7029, 24
7030, 47
7031, 15
7032, 16
7033, 41
7034, 16
7035, 8
7036, 15
7037, 23
7040, 16
7041, 24
7043, 7
7044, 23
7045, 15
7046, 15
7047, 16
7048, 23
7049, 24
7051, 16
7052, 8
7053, 25
7054, 39
7055, 7
7056, 23
7057, 32
7058, 24
7059, 32
7060, 41
7061, 16
7062, 15
7063, 24
7064, 32
7065, 48
7066, 32
7067, 8
7068, 16
7069, 16
7070, 23
7071, 23
7072, 15
7073, 16
7074, 16
7075, 81
7076, 23
7077, 32
7078, 7
7079, 32
7080, 32
7081, 16
7082, 24
7083, 24
7084, 31
7085, 24
7086, 39
7087, 56
7088, 8
7089, 39
7090, 22
7091, 38
7092, 15
7093, 8
7094, 48
7095, 32
7096, 39
7097, 48
7098, 8
7099, 32
7100, 47
7101, 15
7102, 15
7103, 16
7104, 8
7105, 24
7106, 32
7107, 32
7108, 23
7109, 7
7110, 23
7111, 47
7112, 32
7113, 23
7114, 8
7115, 64
7116, 16
7117, 8
7118, 16
7119, 30
7120, 15
7121, 25
7122, 15
7123, 7
7125, 8
7127, 31
7128, 8
7129, 8
7130, 40
7131, 8
7133, 39
7135, 22
7136, 8
7138, 40
7139, 33
7140, 8
7141, 23
7142, 24
7143, 23
7144, 32
7145, 24
7146, 32
7147, 31
7148, 7
7149, 40
7150, 24
7151, 47
7152, 24
7153, 16
7155, 39
7156, 15
7157, 16
7158, 15
7159, 7
7160, 82
7161, 31
7162, 24
7163, 23
7164, 25
7165, 24
7166, 23
7167, 16
7168, 24
7169, 40
7170, 8
7171, 33
7172, 46
7173, 47
7174, 25
7175, 31
7176, 30
7177, 32
7179, 25
7180, 39
7181, 56
7182, 15
7183, 55
7184, 24
7185, 41
7186, 15
7187, 23
7189, 8
7190, 24
7191, 31
7192, 23
7193, 57
7195, 16
7196, 56
7197, 8
7198, 39
7199, 8
7200, 40
7201, 38
7202, 7
7203, 7
7204, 48
7205, 16
7207, 30
7208, 16
7211, 16
7212, 24
7214, 16
7215, 24
7216, 16
7217, 8
7218, 32
7219, 16
7220, 15
7222, 7
7223, 7
7224, 39
7225, 23
7226, 23
7227, 15
7228, 23
7229, 24
7230, 38
7231, 32
7232, 22
7233, 31
7234, 16
7235, 23
7236, 31
7237, 46
7238, 8
7239, 15
7240, 33
7241, 16
7242, 16
7243, 16
7244, 15
7245, 33
7246, 71
7247, 15
7248, 40
7249, 16
7250, 16
7251, 24
7252, 15
7253, 24
7254, 48
7255, 7
7256, 24
7257, 64
7258, 24
7259, 23
7260, 48
7261, 32
7262, 24
7263, 15
7264, 8
7265, 24
7266, 55
7267, 48
7268, 41
7269, 24
7270, 31
7271, 40
7272, 7
7273, 15
7274, 16
7275, 8
7276, 15
7277, 30
7278, 40
7279, 23
7280, 15
7281, 32
7282, 39
7283, 24
7284, 15
7285, 24
7286, 48
7287, 23
7289, 16
7290, 38
7291, 15
7292, 7
7293, 40
7296, 8
7297, 24
7298, 7
7299, 8
7300, 15
7301, 24
7302, 7
7303, 25
7304, 22
7305, 8
7306, 15
7307, 8
7308, 8
7309, 32
7310, 16
7311, 24
7312, 32
7313, 8
7314, 47
7315, 33
7316, 8
7317, 40
7318, 23
7319, 8
7320, 39
7321, 32
7322, 37
7323, 24
7324, 8
7325, 24
7326, 23
7327, 7
7328, 31
7329, 8
7330, 24
7331, 49
7332, 47
7333, 32
7334, 15
7335, 7
7336, 32
7337, 31
7338, 7
7339, 40
7340, 31
7341, 25
7342, 39
7343, 32
7344, 30
7345, 32
7346, 31
7347, 47
7348, 16
7350, 32
7351, 48
7352, 24
7353, 39
7354, 39
7355, 32
7356, 41
7357, 16
7358, 15
7359, 15
7360, 8
7361, 14
7362, 31
7363, 31
7364, 40
7365, 7
7366, 24
7367, 32
7368, 48
7369, 15
7370, 16
7371, 64
7372, 8
7373, 7
7374, 7
7375, 48
7376, 8
7377, 15
7378, 15
7379, 23
7381, 8
7382, 16
7383, 16
7385, 8
7386, 31
7387, 16
7388, 16
7389, 25
7390, 7
7391, 24
7392, 8
7394, 15
7395, 40
7396, 24
7397, 16
7398, 15
7399, 32
7400, 24
7401, 23
7402, 41
7403, 31
7404, 16
7405, 24
7406, 31
7407, 57
7408, 7
7409, 16
7410, 16
7411, 24
7412, 23
7413, 24
7414, 7
7415, 15
7416, 32
7417, 71
7418, 24
7419, 31
7420, 8
7421, 32
7422, 16
7423, 15
7424, 23
7425, 40
7426, 24
7427, 49
7428, 16
7429, 54
7430, 7
7431, 57
7432, 32
7433, 24
7434, 7
7436, 47
7437, 47
7438, 32
7439, 56
7440, 8
7441, 32
7442, 39
7443, 24
7444, 7
7445, 7
7446, 16
7447, 23
7448, 32
7449, 40
7450, 24
7451, 8
7452, 40
7453, 30
7454, 32
7455, 7
7456, 24
7457, 53
7458, 16
7459, 8
7460, 24
7461, 31
7462, 15
7463, 16
7464, 16
7465, 7
7467, 7
7468, 24
7469, 7
7471, 31
7472, 15
7473, 7
7474, 33
7475, 15
7476, 8
7477, 15
7479, 15
7480, 40
7481, 8
7482, 39
7483, 8
7484, 32
7485, 8
7486, 39
7487, 15
7488, 47
7489, 23
7490, 16
7491, 32
7492, 32
7493, 48
7494, 8
7495, 7
7496, 24
7497, 31
7498, 16
7499, 15
7500, 16
7501, 7
7502, 64
7503, 46
7504, 41
7505, 7
7506, 16
7507, 32
7508, 32
7510, 23
7511, 47
7512, 7
7513, 56
7514, 32
7515, 30
7516, 33
7517, 48
7518, 24
7519, 23
7521, 24
7522, 54
7523, 32
7524, 24
7525, 47
7526, 15
7527, 55
7528, 23
7529, 16
7530, 8
7531, 16
7532, 16
7533, 39
7534, 24
7535, 32
7536, 7
7537, 16
7538, 48
7539, 15
7540, 39
7541, 16
7542, 49
7543, 23
7544, 8
7545, 24
7546, 24
7547, 23
7548, 8
7549, 23
7550, 15
7553, 8
7554, 31
7556, 7
7557, 31
7558, 16
7559, 8
7560, 39
7562, 24
7564, 15
7565, 24
7566, 32
7567, 24
7568, 7
7569, 24
7570, 24
7571, 23
7572, 32
7573, 49
7574, 15
7575, 8
7576, 31
7577, 32
7578, 56
7579, 25
7581, 16
7582, 15
7583, 31
7584, 15
7585, 15
7586, 24
7587, 25
7588, 71
7589, 15
7590, 40
7591, 16
7592, 7
7593, 48
7594, 8
7595, 25
7596, 41
7597, 7
7598, 40
7599, 47
7600, 40
7601, 16
7602, 23
7603, 55
7604, 32
7606, 7
7607, 31
7608, 56
7609, 15
7610, 62
7611, 15
7612, 32
7613, 47
7614, 24
7616, 7
7617, 24
7618, 23
7619, 40
7620, 16
7621, 23
7622, 24
7623, 32
7624, 31
7625, 40
7626, 8
7627, 32
7628, 40
7629, 15
7630, 7
7631, 33
7632, 32
7634, 24
7635, 23
7638, 8
7639, 32
7641, 8
7642, 16
7643, 24
7644, 7
7645, 32
7646, 15
7647, 24
7649, 7
7650, 8
7651, 33
7652, 31
7653, 16
7654, 23
7655, 24
7656, 32
7657, 33
7658, 8
7659, 55
7660, 7
7661, 16
7662, 31
7663, 15
7664, 71
7665, 8
7666, 16
7668, 47
7670, 23
7671, 7
7672, 23
7673, 64
7674, 38
7675, 40
7676, 7
7677, 15
7678, 23
7679, 31
7680, 24
7681, 32
7682, 23
7683, 16
7684, 73
7685, 24
7686, 15
7687, 32
7688, 47
7689, 40
7690, 8
7692, 32
7693, 41
7694, 47
7695, 15
7696, 55
7697, 7
7698, 39
7699, 31
7700, 24
7701, 8
7703, 31
7704, 32
7705, 31
7706, 40
7708, 15
7709, 48
7710, 48
7711, 7
7712, 16
7713, 48
7714, 24
7715, 8
7716, 24
7717, 15
7718, 31
7719, 16
7720, 15
7721, 15
7724, 16
7725, 24
7727, 8
7728, 31
7729, 7
7730, 15
7731, 38
7732, 16
7733, 7
7735, 15
7736, 16
7737, 24
7738, 40
7739, 15
7740, 7
7741, 32
7742, 49
7743, 8
7744, 23
7745, 40
7746, 7
7747, 40
7748, 24
7749, 48
7750, 23
7751, 7
7752, 16
7753, 32
7754, 15
7755, 7
7756, 31
7757, 7
7758, 15
7759, 97
7760, 8
7761, 39
7762, 8
7763, 32
7764, 23
7765, 15
7766, 15
7767, 48
7768, 16
7769, 16
7770, 62
7771, 40
7772, 7
7773, 55
7774, 32
7775, 24
7776, 7
7778, 47
7779, 48
7780, 31
7781, 40
7782, 31
7783, 33
7784, 39
7785, 15
7786, 7
7787, 7
7788, 16
7789, 23
7790, 31
7791, 31
7792, 31
7793, 8
7794, 40
7795, 30
7796, 39
7798, 57
7799, 23
7800, 16
7802, 40
7803, 23
7804, 7
7805, 32
7806, 16
7809, 16
7810, 24
7812, 8
7813, 24
7814, 16
7815, 8
7816, 15
7817, 31
7818, 16
7819, 7
7820, 8
7821, 15
7822, 24
7823, 24
7824, 7
7825, 30
7826, 15
7827, 48
7828, 32
7829, 16
7830, 40
7831, 16
7832, 16
7833, 40
7834, 24
7835, 47
7836, 16
7837, 16
7838, 16
7839, 32
7840, 8
7841, 23
7842, 16
7843, 16
7844, 64
7845, 23
7846, 47
7847, 7
7848, 15
7849, 32
7850, 23
7851, 15
7852, 49
7853, 14
7854, 24
7855, 40
7856, 39
7857, 22
7858, 47
7859, 24
7860, 48
7861, 7
7863, 24
7864, 55
7865, 48
7866, 41
7867, 15
7868, 32
7869, 40
7870, 15
7871, 22
7872, 8
7873, 16
7874, 23
7875, 15
7876, 47
7877, 25
7878, 7
7879, 16
7880, 45
7881, 23
7882, 31
7883, 16
7884, 64
7885, 7
7886, 7
7887, 24
7888, 23
7889, 23
7890, 8
7891, 23
7892, 15
7894, 8
7895, 8
7896, 22
7898, 24
7899, 8
7900, 23
7901, 16
7902, 24
7903, 16
7904, 15
7906, 16
7907, 16
7908, 24
7909, 23
7910, 40
7912, 32
7913, 32
7914, 32
7915, 50
7916, 15
7918, 32
7919, 23
7920, 49
7921, 30
7922, 16
7923, 8
7924, 33
7925, 24
7926, 16
7927, 16
7928, 7
7929, 49
7930, 65
7931, 41
7932, 7
7933, 16
7934, 24
7935, 32
7936, 8
7937, 24
7938, 48
7939, 8
7941, 87
7942, 22
7943, 31
7944, 41
7945, 31
7946, 31
7948, 25
7949, 40
7950, 49
7951, 24
7952, 23
7953, 39
7954, 32
7955, 39
7956, 16
7957, 7
7958, 8
7959, 24
7960, 16
7961, 31
7962, 56
7963, 7
7964, 8
7965, 56
7966, 15
7967, 40
7969, 32
7970, 56
7971, 7
7972, 8
7973, 32
7974, 23
7975, 7
7976, 32
7977, 15
7980, 8
7981, 24
7982, 7
7983, 8
7984, 23
7985, 24
7986, 8
7987, 25
7988, 15
7989, 16
7990, 7
7991, 16
7992, 8
7993, 32
7994, 8
7995, 31
7996, 23
7997, 7
7998, 47
7999, 32
8000, 8
8001, 47
8002, 16
8003, 24
8004, 16
8005, 64
8006, 23
8007, 16
8008, 15
8009, 16
8010, 24
8011, 16
8012, 15
8013, 24
8014, 25
8015, 64
8016, 22
8017, 47
8019, 32
8020, 8
8021, 31
8022, 24
8023, 23
8024, 31
8025, 16
8026, 63
8027, 32
8028, 23
8029, 32
8030, 31
8031, 48
8032, 7
8034, 24
8035, 56
8036, 40
8037, 40
8038, 40
8039, 16
8040, 40
8041, 15
8042, 23
8043, 8
8044, 16
8045, 7
8046, 31
8047, 39
8048, 40
8050, 15
8051, 53
8052, 41
8053, 7
8054, 24
8055, 49
8056, 15
8057, 7
8058, 16
8059, 39
8060, 16
8061, 8
8062, 32
8063, 7
8065, 8
8066, 16
8067, 15
8069, 15
8070, 23
8071, 15
8072, 8
8073, 39
8074, 16
8075, 7
8077, 15
8078, 24
8079, 24
8080, 32
8081, 23
8082, 16
8083, 7
8084, 38
8085, 31
8086, 40
8087, 15
8088, 24
8089, 23
8090, 16
8091, 56
8092, 23
8093, 7
8094, 16
8095, 31
8096, 23
8097, 24
8099, 15
8100, 32
8101, 70
8102, 32
8103, 23
8104, 8
8105, 23
8106, 39
8107, 8
8108, 24
8109, 24
8110, 31
8111, 49
8112, 48
8113, 23
8114, 32
8115, 41
8116, 23
8117, 32
8119, 7
8120, 48
8121, 39
8122, 47
8123, 24
8124, 31
8125, 23
8126, 47
8127, 8
8128, 23
8129, 8
8130, 16
8131, 23
8132, 40
8133, 24
8134, 23
8135, 16
8136, 49
8137, 24
8138, 32
8139, 8
8140, 33
8141, 47
8142, 7
8143, 8
8144, 40
8145, 24
8147, 32
8148, 15
8151, 8
8152, 32
8155, 39
8156, 16
8157, 8
8158, 15
8159, 23
8160, 23
8162, 16
8164, 31
8165, 24
8166, 32
8167, 16
8168, 16
8169, 31
8170, 31
8171, 32
8172, 40
8173, 8
8174, 23
8175, 23
8176, 39
8177, 46
8178, 7
8179, 16
8180, 24
8181, 16
8182, 15
8183, 24
8184, 16
8185, 24
8186, 49
8187, 39
8188, 47
8190, 23
8191, 23
8192, 31
8193, 16
8194, 32
8195, 31
8196, 8
8197, 71
8198, 32
8199, 15
8200, 40
8201, 31
8202, 41
8203, 8
8204, 8
8205, 33
8206, 47
8207, 23
8208, 40
8209, 30
8210, 23
8211, 55
8212, 15
8213, 15
8214, 8
8215, 8
8216, 24
8217, 31
8218, 31
8219, 23
8220, 15
8221, 41
8222, 32
8223, 49
8224, 8
8225, 24
8226, 41
8227, 15
8228, 7
8229, 16
8230, 39
8231, 15
8232, 16
8233, 24
8234, 8
8236, 8
8238, 31
8240, 15
8241, 23
8242, 15
8243, 24
8244, 23
8246, 23
8247, 8
8249, 15
8250, 39
8251, 31
8252, 24
8254, 48
8255, 32
8256, 16
8257, 58
8258, 8
8260, 48
8261, 7
8262, 63
8263, 15
8264, 8
8265, 15
8266, 31
8267, 24
8268, 16
8269, 7
8270, 15
8271, 48
8272, 65
8273, 32
8274, 15
8275, 7
8276, 23
8277, 40
8278, 8
8279, 24
8280, 48
8281, 7
8282, 49
8283, 49
8284, 32
8285, 16
8286, 48
8287, 41
8288, 7
8289, 7
8290, 15
8291, 64
8292, 24
8293, 41
8294, 40
8295, 16
8296, 32
8297, 39
8298, 23
8300, 7
8301, 24
8302, 32
8303, 15
8304, 56
8305, 8
8306, 8
8307, 48
8308, 40
8309, 23
8310, 8
8311, 32
8312, 48
8313, 7
8314, 7
8315, 40
8316, 15
8317, 7
8318, 31
8319, 16
8322, 8
8323, 24
8324, 7
8325, 8
8326, 23
8327, 24
8329, 47
8331, 23
8333, 7
8334, 15
8335, 32
8336, 23
8337, 40
8339, 32
8340, 15
8341, 39
8342, 25
8343, 31
8344, 24
8345, 25
8346, 24
8347, 39
8348, 39
8349, 8
8350, 15
8351, 8
8352, 39
8353, 7
8354, 23
8355, 16
8356, 33
8357, 73
8358, 16
8359, 31
8360, 15
8361, 24
8362, 16
8363, 31
8364, 16
8365, 23
8366, 31
8367, 8
8368, 55
8369, 56
8370, 7
8371, 48
8372, 32
8373, 40
8374, 7
8376, 32
8377, 64
8378, 24
8379, 24
8380, 55
8381, 33
8382, 15
8383, 30
8384, 15
8385, 8
8386, 24
8387, 16
8388, 32
8389, 41
8390, 24
8391, 8
8392, 33
8393, 31
8394, 31
8395, 24
8396, 16
8397, 56
8398, 8
8399, 7
8400, 16
8401, 39
8402, 15
8403, 16
8404, 24
8405, 8
8408, 32
8409, 7
8411, 23
8412, 15
8413, 15
8414, 15
8415, 31
8416, 24
8418, 8
8419, 8
8420, 15
8421, 24
8422, 39
8423, 24
8425, 48
8426, 15
8427, 31
8428, 58
8430, 23
8431, 41
8433, 63
8434, 15
8435, 7
8436, 16
8437, 40
8438, 8
8439, 23
8440, 15
8441, 7
8442, 73
8443, 39
8444, 32
8445, 15
8446, 16
8447, 24
8448, 31
8449, 8
8450, 23
8451, 32
8452, 23
8453, 49
8454, 48
8455, 32
8456, 8
8457, 55
8458, 23
8459, 31
8461, 32
8462, 49
8463, 24
8464, 24
8465, 56
8466, 15
8467, 48
8468, 23
8469, 23
8471, 15
8472, 15
8473, 31
8474, 31
8475, 40
8476, 7
8477, 7
8478, 53
8479, 15
8480, 39
8481, 8
8482, 72
8484, 15
8485, 16
8486, 33
8487, 23
8488, 8
8489, 24
8490, 15
8493, 7
8494, 32
8496, 8
8497, 31
8498, 16
8500, 48
8502, 23
8504, 16
8505, 8
8506, 32
8507, 16
8508, 31
8509, 15
8510, 24
8511, 31
8512, 31
8513, 16
8514, 47
8515, 24
8516, 8
8517, 31
8518, 39
8519, 40
8520, 7
8521, 15
8522, 16
8523, 39
8524, 16
8525, 7
8526, 15
8527, 15
8528, 81
8529, 15
8530, 47
8531, 16
8532, 16
8533, 24
8534, 16
8535, 24
8536, 24
8537, 31
8538, 24
8539, 39
8540, 63
8541, 7
8542, 31
8543, 39
8544, 48
8546, 8
8547, 40
8548, 40
8549, 23
8550, 55
8551, 31
8552, 16
8553, 46
8554, 24
8555, 7
8557, 32
8558, 16
8559, 24
8560, 40
8561, 23
8562, 15
8563, 32
8564, 40
8565, 32
8566, 7
8567, 16
8568, 55
8569, 23
8570, 8
8571, 32
8572, 16
8573, 15
8574, 16
8575, 24
8576, 7
8579, 16
8580, 23
8581, 8
8582, 16
8583, 15
8584, 15
8585, 41
8586, 8
8587, 24
8589, 8
8590, 8
8591, 24
8592, 31
8593, 24
8594, 23
8595, 16
8596, 15
8597, 31
8598, 39
8599, 40
8600, 7
8601, 24
8602, 23
8603, 49
8604, 49
8605, 8
8607, 41
8608, 16
8609, 16
8610, 24
8611, 8
8612, 7
8613, 55
8614, 48
8615, 40
8616, 15
8617, 16
8618, 32
8619, 15
8620, 24
8621, 41
8622, 7
8623, 23
8624, 40
8625, 47
8626, 31
8627, 32
8628, 39
8629, 40
8630, 16
8632, 24
8633, 40
8634, 39
8635, 24
8636, 62
8638, 56
8639, 23
8640, 24
8642, 16
8643, 24
8644, 24
8645, 31
8646, 32
8647, 15
8648, 16
8649, 48
8650, 15
8651, 39
8652, 16
8653, 56
8654, 7
8655, 15
8656, 7
8657, 40
8658, 23
8659, 8
8660, 24
8661, 15
8664, 16
8665, 24
8667, 8
8668, 41
8669, 7
8671, 40
8672, 7
8673, 23
8675, 16
8676, 7
8677, 31
8678, 31
8679, 32
8681, 24
8682, 23
8683, 39
8684, 32
8685, 32
8686, 8
8687, 32
8688, 23
8689, 57
8690, 16
8691, 16
8692, 16
8693, 33
8694, 15
8695, 7
8696, 24
8697, 16
8698, 24
8699, 73
8700, 23
8701, 31
8702, 15
8703, 16
8704, 32
8705, 23
8706, 16
8707, 40
8708, 24
8709, 16
8710, 63
8711, 32
8712, 16
8713, 39
8714, 40
8715, 15
8716, 23
8717, 8
8718, 40
8719, 57
8720, 24
8721, 49
8722, 15
8723, 41
8724, 40
8725, 24
8727, 8
8728, 16
8729, 41
8730, 16
8731, 15
8732, 46
8733, 8
8734, 40
8735, 23
8736, 39
8737, 7
8738, 33
8739, 48
8740, 16
8742, 32
8743, 31
8744, 7
8745, 24
8746, 24
8749, 8
8750, 33
8753, 23
8754, 23
8755, 8
8756, 40
8757, 7
8758, 16
8759, 7
8760, 8
8761, 8
8762, 24
8763, 40
8764, 16
8765, 24
8766, 16
8767, 32
8768, 32
8769, 24
8770, 40
8771, 15
8772, 16
8773, 32
8774, 24
8775, 54
8776, 16
8778, 32
8779, 24
8780, 16
8781, 15
8782, 15
8783, 23
8784, 40
8785, 55
8786, 33
8787, 15
8788, 24
8789, 24
8790, 16
8791, 23
8792, 24
8793, 32
8794, 15
8795, 46
8796, 56
8797, 16
8798, 40
8799, 32
8800, 33
8801, 23
8803, 16
8804, 64
8805, 39
8806, 15
8807, 48
8808, 32
8809, 40
8810, 15
8811, 23
8813, 16
8814, 24
8815, 32
8816, 23
8817, 40
8818, 7
8819, 15
8820, 47
8821, 23
8822, 31
8823, 16
8824, 40
8825, 40
8826, 8
8827, 8
8828, 41
8829, 8
8830, 15
8831, 32
8832, 8
8835, 16
8836, 23
8838, 15
8839, 15
8840, 15
8841, 15
8842, 40
8844, 23
8846, 7
8847, 15
8848, 32
8849, 40
8850, 8
8851, 23
8852, 15
8853, 32
8854, 31
8855, 24
8856, 40
8857, 8
8858, 40
8859, 16
8860, 57
8861, 15
8862, 15
8863, 16
8864, 16
8865, 39
8866, 8
8867, 15
8868, 24
8869, 24
8870, 63
8871, 32
8872, 23
8873, 23
8874, 24
8875, 25
8876, 15
8877, 16
8878, 39
8879, 23
8880, 33
8881, 40
8882, 39
8883, 15
8884, 31
8885, 47
8886, 32
8887, 7
8888, 8
8889, 57
8890, 49
8892, 63
8893, 23
8894, 33
8895, 31
8896, 24
8897, 7
8898, 16
8899, 16
8900, 32
8901, 16
8902, 24
8903, 38
8905, 40
8906, 38
8907, 33
8908, 7
8909, 41
8910, 31
8911, 23
8912, 7
8913, 24
8914, 31
8915, 7
8916, 24
8917, 24
8920, 8
8921, 23
8922, 8
8923, 8
8924, 16
8925, 23
8926, 7
8927, 16
8928, 32
8929, 24
8931, 8
8932, 16
8933, 25
8934, 32
8935, 24
8936, 16
8937, 7
8938, 48
8939, 16
8940, 32
8941, 41
8942, 15
8943, 23
8944, 15
8945, 39
8946, 47
8947, 7
8948, 24
8950, 48
8951, 8
8952, 24
8953, 8
8954, 16
8955, 39
8956, 63
8957, 48
8959, 16
8960, 23
8961, 23
8962, 15
8963, 49
8964, 24
8965, 8
8966, 73
8967, 33
8968, 23
8969, 33
8970, 41
8971, 32
8972, 15
8974, 16
8975, 64
8976, 39
8977, 24
8978, 46
8979, 24
8980, 32
8981, 23
8982, 24
8984, 16
8985, 32
8986, 16
8987, 31
8988, 32
8989, 15
8990, 15
8991, 47
8992, 31
8993, 23
8994, 25
8995, 33
8996, 31
8997, 7
8998, 16
8999, 40
9000, 7
9001, 7
9002, 31
9003, 15
9006, 16
9007, 24
9009, 24
9010, 16
9011, 15
9012, 16
9013, 30
9015, 23
9016, 8
9017, 8
9018, 7
9019, 31
9020, 23
9021, 31
9022, 7
9023, 39
9024, 8
9025, 40
9026, 49
9027, 15
9028, 8
9029, 15
9030, 39
9031, 65
9032, 8
9033, 15
9034, 16
9035, 33
9036, 15
9037, 15
9038, 16
9039, 16
9040, 41
9041, 63
9042, 16
9043, 38
9044, 16
9045, 8
9046, 23
9047, 31
9048, 24
9049, 32
9050, 15
9051, 47
9052, 47
9053, 32
9054, 24
9055, 40
9056, 32
9057, 24
9058, 7
9059, 16
9060, 32
9061, 47
9062, 48
9063, 7
9064, 39
9065, 41
9066, 30
9067, 16
9068, 15
9069, 8
9070, 24
9071, 24
9072, 23
9073, 23
9074, 38
9075, 16
9076, 16
9077, 46
9078, 40
9079, 8
9080, 24
9081, 40
9082, 22
9084, 47
9085, 15
9086, 7
9087, 24
9088, 23
9091, 8
9092, 33
9094, 8
9095, 24
9096, 15
9097, 8
9098, 24
9099, 23
9100, 16
9101, 7
9102, 7
9103, 16
9104, 16
9105, 23
9106, 23
9107, 32
9108, 24
9109, 23
9110, 40
9111, 16
9112, 39
9113, 16
9114, 33
9115, 16
9116, 32
9117, 48
9118, 15
9119, 16
9120, 16
9121, 33
9122, 8
9123, 24
9124, 15
9125, 8
9126, 89
9127, 16
9128, 32
9129, 14
9130, 24
9131, 24
9132, 32
9133, 8
9134, 48
9135, 15
9136, 16
9137, 48
9138, 46
9139, 23
9140, 41
9141, 31
9142, 32
9143, 15
9145, 49
9146, 24
9147, 40
9148, 23
9149, 48
9150, 15
9151, 47
9152, 23
9153, 23
9154, 7
9155, 8
9156, 24
9157, 31
9158, 32
9159, 32
9160, 7
9161, 32
9162, 31
9163, 40
9164, 15
9165, 25
9166, 32
9167, 31
9168, 7
9169, 16
9170, 40
9171, 15
9172, 16
9173, 23
9174, 8
9176, 8
9177, 16
9178, 16
9180, 8
9181, 39
9182, 8
9183, 16
9184, 31
9186, 24
9188, 7
9189, 24
9190, 40
9191, 8
9192, 40
9194, 32
9195, 31
9196, 23
9197, 24
9198, 39
9199, 24
9200, 24
9201, 15
9202, 63
9203, 16
9204, 7
9205, 15
9206, 32
9207, 16
9208, 16
9209, 15
9210, 15
9211, 48
9212, 46
9213, 31
9214, 31
9216, 39
9217, 16
9218, 23
9219, 16
9220, 39
9221, 15
9222, 41
9223, 55
9224, 24
9225, 31
9226, 47
9227, 16
9228, 31
9229, 7
9230, 16
9231, 32
9232, 56
9233, 23
9234, 49
9235, 23
9236, 31
9237, 40
9238, 7
9239, 15
9240, 7
9241, 24
9242, 24
9243, 24
9244, 48
9245, 15
9247, 47
9248, 31
9249, 32
9250, 7
9251, 40
9252, 40
9253, 15
9254, 8
9255, 16
9256, 38
9257, 16
9258, 32
9259, 8
9262, 8
9263, 24
9264, 7
9266, 22
9267, 23
9268, 7
9269, 48
9271, 16
9272, 7
9273, 8
9274, 16
9275, 16
9276, 31
9277, 31
9278, 16
9279, 24
9280, 16
9281, 31
9282, 23
9283, 47
9284, 7
9285, 32
9286, 24
9287, 31
9288, 38
9289, 15
9290, 24
9291, 16
9292, 24
9293, 15
9294, 15
9295, 15
9296, 24
9297, 73
9298, 24
9299, 48
9301, 24
9302, 15
9303, 31
9304, 7
9305, 39
9306, 40
9307, 8
9308, 62
9309, 40
9310, 15
9311, 32
9312, 40
9313, 40
9314, 7
9316, 41
9317, 47
9318, 24
9319, 40
9320, 31
9321, 32
9322, 48
9323, 7
9324, 23
9326, 24
9327, 15
9328, 31
9329, 31
9330, 23
9331, 15
9332, 40
9333, 31
9334, 24
9335, 23
9336, 16
9337, 56
9338, 24
9339, 8
9340, 24
9341, 15
9342, 24
9343, 16
9344, 15
9345, 15
9347, 8
9348, 8
9349, 23
9351, 16
9352, 23
9353, 15
9354, 15
9355, 22
9356, 7
9357, 24
9358, 8
9359, 8
9360, 24
9361, 16
9362, 32
9363, 31
9364, 8
9365, 16
9366, 48
9367, 15
9368, 24
9369, 40
9370, 24
9371, 32
9372, 25
9373, 48
9374, 15
9375, 16
9376, 8
9377, 23
9378, 23
9379, 24
9380, 7
9381, 15
9382, 16
9383, 79
9384, 48
9385, 15
9386, 16
9387, 23
9388, 24
9389, 15
9390, 24
9391, 32
9392, 15
9393, 40
9394, 56
9395, 32
9396, 24
9397, 40
9398, 23
9399, 39
9401, 16
9402, 40
9403, 57
9404, 7
9405, 63
9406, 16
9407, 33
9408, 38
9409, 24
9411, 16
9412, 24
9413, 33
9414, 8
9415, 39
9416, 23
9417, 8
9418, 40
9419, 23
9420, 48
9421, 8
9422, 32
9423, 38
9424, 16
9426, 41
9427, 24
9428, 7
9429, 31
9430, 16
9433, 8
9434, 24
9435, 7
9436, 7
9437, 16
9438, 24
9439, 15
9440, 32
9441, 7
9442, 24
9445, 24
9446, 16
9447, 31
9448, 24
9449, 23
9450, 8
9451, 39
9452, 40
9453, 16
9454, 47
9455, 7
9456, 25
9457, 31
9458, 41
9459, 31
9460, 15
9462, 40
9463, 15
9464, 16
9465, 23
9466, 7
9467, 23
9468, 48
9469, 46
9470, 39
9471, 7
9472, 15
9473, 39
9474, 15
9475, 16
9476, 40
9477, 24
9478, 16
9479, 63
9480, 39
9481, 15
9482, 40
9483, 23
9484, 56
9486, 8
9487, 49
9488, 16
9489, 56
9490, 24
9491, 31
9492, 31
9493, 15
9494, 54
9495, 8
9496, 8
9497, 16
9498, 15
9499, 31
9500, 31
9501, 24
9502, 15
9503, 32
9504, 38
9505, 31
9506, 15
9507, 25
9508, 48
9509, 24
9510, 8
9511, 16
9512, 40
9513, 8
9514, 16
9515, 16
9516, 15
9518, 8
9519, 16
9520, 16
9521, 8
9522, 16
9523, 15
9524, 15
9525, 8
9526, 40
9527, 8
9528, 15
9529, 8
9531, 23
9532, 32
9533, 23
9534, 32
9535, 8
9536, 32
9537, 23
9538, 15
9539, 56
9540, 15
9541, 24
9542, 24
9543, 24
9544, 57
9545, 24
9546, 8
9547, 7
9548, 31
9549, 15
9550, 16
9551, 23
9552, 15
9553, 48
9554, 56
9555, 24
9556, 23
9557, 8
9558, 23
9559, 31
9560, 15
9561, 24
9562, 49
9563, 8
9564, 32
9565, 45
9566, 39
9567, 24
9568, 48
9569, 16
9570, 40
9572, 8
9573, 49
9574, 56
9575, 24
9576, 48
9577, 16
9578, 48
9579, 23
9580, 15
9581, 15
9582, 8
9583, 16
9584, 23
9585, 31
9586, 33
9587, 23
9588, 8
9589, 32
9590, 55
9591, 23
9592, 8
9593, 16
9594, 64
9595, 8
9596, 8
9597, 40
9598, 16
9599, 7
9600, 32
9601, 15
9604, 8
9605, 32
9607, 8
9608, 32
9609, 8
9610, 15
9611, 33
9612, 8
9613, 8
9614, 15
9615, 8
9616, 16
9617, 24
9618, 31
9619, 16
9620, 23
9621, 16
9622, 23
9623, 39
9624, 15
9625, 55
9626, 8
9627, 31
9628, 24
9629, 57
9630, 23
9631, 8
9632, 16
9633, 24
9634, 23
9635, 8
9636, 24
9638, 22
9639, 47
9640, 54
9641, 40
9642, 7
9643, 23
9644, 32
9645, 15
9646, 16
9647, 40
9648, 23
9649, 41
9650, 40
9651, 49
9652, 16
9653, 32
9654, 39
9655, 32
9656, 7
9657, 8
9658, 32
9659, 40
9660, 31
9661, 56
9662, 23
9663, 16
9664, 48
9665, 23
9666, 15
9667, 7
9668, 16
9669, 16
9670, 23
9671, 47
9672, 24
9673, 16
9674, 33
9675, 31
9676, 32
9677, 15
9678, 24
9679, 55
9680, 16
9682, 32
9683, 24
9684, 16
9685, 16
9686, 15
9687, 15
9690, 24
9691, 15
9693, 23
9694, 16
9695, 16
9696, 16
9697, 24
9698, 24
9699, 7
9701, 24
9702, 16
9703, 32
9704, 16
9705, 32
9706, 16
9707, 16
9708, 23
9709, 31
9710, 49
9711, 15
9712, 7
9713, 40
9714, 32
9715, 48
9716, 15
9717, 24
9719, 32
9720, 23
9721, 24
9722, 8
9723, 24
9724, 24
9725, 72
9726, 8
9727, 39
9728, 24
9729, 16
9730, 24
9731, 15
9732, 23
9733, 47
9735, 39
9736, 64
9737, 23
9738, 33
9739, 40
9740, 32
9741, 16
9742, 7
9743, 24
9744, 40
9745, 49
9746, 16
9747, 55
9748, 8
9749, 56
9750, 23
9751, 24
9752, 8
9754, 23
9755, 25
9756, 39
9757, 24
9758, 23
9759, 8
9760, 48
9761, 23
9762, 39
9763, 7
9764, 57
9765, 16
9766, 15
9767, 16
9768, 32
9769, 24
9770, 8
9771, 24
9772, 16
9775, 16
9776, 24
9778, 7
9779, 32
9780, 7
9781, 16
9782, 40
9784, 24
9786, 8
9787, 15
9788, 24
9789, 32
9790, 24
9791, 15
9792, 24
9793, 40
9794, 15
9795, 31
9796, 39
9797, 16
9798, 24
9799, 23
9800, 48
9801, 32
9802, 8
9803, 15
9804, 32
9805, 7
9806, 15
9807, 23
9808, 16
9809, 24
9810, 73
9811, 15
9812, 47
9813, 8
9814, 15
9815, 24
9816, 24
9817, 24
9818, 32
9819, 22
9820, 16
9821, 63
9822, 39
9823, 7
9824, 39
9825, 48
9826, 16
9827, 23
9829, 32
9830, 63
9831, 32
9832, 16
9833, 54
9834, 25
9835, 32
9836, 23
9837, 15
9838, 7
9839, 25
9840, 24
9841, 24
9842, 23
9843, 39
9844, 8
9845, 15
9846, 47
9847, 31
9848, 15
9849, 33
9850, 38
9851, 23
9852, 8
9853, 16
9854, 31
9855, 15
9856, 8
9857, 31
9858, 7
9861, 24
9862, 15
9864, 15
9865, 31
9866, 7
9867, 8
9868, 39
9869, 8
9870, 15
9872, 16
9873, 16
9874, 31
9875, 32
9876, 23
9877, 16
9878, 23
9879, 32
9880, 16
9881, 49
9882, 15
9883, 23
9884, 32
9885, 8
9886, 54
9887, 30
9888, 16
9889, 8
9890, 41
9891, 8
9892, 15
9893, 7
9894, 24
9895, 40
9896, 64
9897, 33
9898, 15
9899, 16
9900, 15
9901, 38
9902, 8
9903, 24
9904, 47
9905, 8
9906, 32
9907, 62
9908, 32
9909, 16
9910, 32
9911, 31
9912, 30
9913, 7
9914, 15
9915, 47
9916, 56
9917, 15
9918, 47
9919, 15
9920, 56
9921, 15
9922, 16
9923, 15
9924, 8
9925, 16
9926, 30
9927, 32
9928, 32
9929, 15
9930, 8
9931, 48
9932, 31
9933, 32
9934, 16
9935, 33
9936, 30
9937, 15
9938, 8
9939, 24
9940, 30
9941, 15
9942, 32
9943, 7
9946, 7
9947, 31
9949, 16
9950, 15
9951, 24
9953, 40
9954, 7
9955, 8
9956, 23
9958, 15
9959, 24
9960, 31
9961, 31
9962, 8
9963, 24
9964, 32
9965, 31
9966, 41
9967, 23
9968, 25
9970, 38
9971, 41
9972, 39
9973, 7
9974, 16
9975, 8
9976, 39
9977, 7
9978, 22
9979, 16
9980, 33
9981, 57
9982, 31
9983, 40
9984, 8
9985, 16
9986, 31
9987, 23
9988, 16
9989, 32
9990, 22
9991, 24
9992, 55
9993, 24
9994, 23
9995, 47
9996, 31
9997, 40
9998, 7
9999, 8
10000, 48
10001, 31
10002, 32
10003, 23
10004, 47
10005, 16
10006, 47
10007, 15
10008, 23
10009, 8
10010, 24
10011, 24
10012, 24
10013, 48
10014, 16
10015, 8
10016, 40
10017, 31
10018, 32
10019, 15
10020, 16
10021, 47
10022, 23
10023, 8
10024, 16
10025, 31
10026, 16
10027, 32
10028, 16
10032, 40
10035, 15
10036, 32
10037, 16
10038, 16
10039, 22
10040, 16
10041, 7
10043, 15
10044, 24
10045, 40
10046, 24
10047, 16
10049, 39
10050, 23
10051, 23
10052, 56
10053, 16
10054, 15
10055, 32
10056, 15
10057, 63
10058, 16
10060, 16
10061, 39
10062, 16
10063, 16
10064, 15
10065, 7
10066, 89
10067, 24
10068, 33
10069, 15
10070, 23
10071, 24
10072, 32
10073, 8
10074, 33
10075, 31
10076, 8
10077, 49
10078, 55
10079, 15
10080, 15
10081, 55
10082, 32
10083, 24
10085, 24
10086, 48
10087, 40
10088, 16
10089, 63
10090, 25
10091, 16
10092, 39
10093, 16
10094, 7
10095, 16
10096, 16
10097, 40
10098, 32
10099, 32
10100, 8
10101, 16
10102, 57
10103, 24
10104, 24
10106, 72
10107, 16
10108, 8
10109, 8
10110, 32
10111, 22
10112, 15
10113, 32
10114, 8
10117, 7
10118, 31
10120, 15
10121, 15
10122, 24
10124, 40
10125, 7
10126, 23
10127, 8
10129, 24
10130, 24
10131, 24
10132, 32
10133, 7
10134, 32
10135, 24
10136, 31
10137, 41
10138, 23
10139, 8
10140, 24
10141, 32
10142, 49
10143, 23
10144, 15
10145, 16
10146, 33
10147, 24
10148, 8
10149, 16
10150, 16
10151, 24
10152, 72
10153, 23
10154, 39
10155, 16
10156, 7
10157, 14
10158, 31
10159, 24
10160, 39
10161, 24
10162, 33
10163, 40
10164, 39
10165, 15
10166, 23
10167, 63
10168, 32
10170, 7
10171, 49
10172, 15
10173, 54
10174, 32
10175, 30
10176, 32
10177, 40
10178, 32
10181, 31
10182, 7
10183, 31
10184, 38
10185, 23
10186, 15
10187, 24
10188, 47
10189, 31
10190, 7
10191, 32
10192, 40
10193, 23
10194, 8
10195, 24
10196, 23
10197, 24
10198, 7
10199, 23
10200, 8
10202, 8
10203, 16
10204, 15
10206, 15
10207, 39
10209, 7
10210, 39
10212, 23
10213, 7
10214, 7
10215, 16
10216, 23
10217, 47
10218, 16
10219, 16
10220, 32
10221, 24
10222, 23
10223, 48
10224, 7
10225, 33
10226, 32
10227, 33
10228, 31
10229, 16
10230, 7
10231, 15
10232, 39
10233, 16
10234, 7
10235, 15
10236, 23
10237, 32
10238, 70
10239, 32
10240, 15
10241, 24
10242, 24
10243, 15
10244, 15
10245, 48
10246, 24
10247, 7
10248, 48
10249, 39
10250, 39
10252, 61
10253, 33
10254, 22
10256, 24
10257, 40
10258, 55
10259, 41
10260, 31
10261, 24
10262, 39
10263, 23
10264, 16
10266, 16
10267, 15
10268, 40
10269, 33
10270, 32
10271, 7
10272, 16
10273, 63
10275, 38
10276, 8
10277, 57
10278, 24
10279, 7
10280, 8
10281, 39
10282, 23
10283, 8
10284, 32
10285, 8
10288, 8
10289, 31
10291, 8
10292, 22
10293, 23
10295, 40
10296, 7
10297, 24
10299, 7
10300, 16
10301, 23
10302, 40
10303, 24
10304, 16
10305, 16
10306, 23
10307, 39
10308, 41
10309, 23
10310, 16
10311, 23
10312, 24
10313, 64
10314, 16
10315, 7
10316, 16
10317, 15
10318, 31
10319, 16
10320, 15
10321, 23
10322, 24
10323, 72
10324, 15
10325, 39
10326, 24
10327, 7
10328, 24
10329, 24
10330, 8
10331, 48
10332, 24
10333, 41
10334, 38
10335, 32
10336, 23
10337, 49
10338, 24
10339, 40
10341, 8
10342, 39
10343, 55
10344, 24
10345, 40
10346, 23
10347, 31
10348, 49
10349, 8
10350, 15
10351, 8
10352, 15
10353, 32
10354, 32
10355, 24
10356, 31
10357, 8
10358, 39
10359, 32
10360, 33
10361, 15
10362, 16
10363, 55
10364, 15
10365, 8
10366, 32
10367, 23
10368, 7
10369, 8
10370, 40
10373, 8
10374, 15
10375, 15
10377, 15
10378, 23
10379, 15
10380, 31
10381, 15
10382, 16
10383, 7
10384, 7
10385, 8
10386, 24
10387, 31
10388, 40
10390, 16
10391, 48
10392, 16
10393, 23
10394, 40
10395, 15
10396, 31
10397, 24
10398, 41
10399, 39
10400, 7
10401, 24
10403, 47
10405, 32
10406, 8
10407, 7
10408, 89
10409, 15
10410, 47
10411, 7
10412, 24
10413, 41
10415, 24
10416, 23
10417, 38
10418, 16
10419, 31
10420, 46
10421, 31
10422, 41
10423, 40
10424, 23
10425, 23
10427, 24
10428, 39
10429, 55
10430, 15
10431, 46
10432, 15
10433, 31
10434, 38
10435, 23
10437, 15
10438, 24
10439, 40
10440, 24
10441, 32
10442, 7
10443, 40
10444, 25
10445, 23
10446, 31
10447, 16
10448, 64
10449, 8
10450, 7
10451, 8
10452, 40
10453, 23
10454, 8
10455, 31
10456, 8
10458, 8
10460, 32
10462, 16
10463, 31
10465, 24
10466, 25
10467, 7
10468, 24
10470, 7
10471, 23
10472, 23
10473, 23
10474, 24
10475, 23
10476, 24
10477, 32
10478, 31
10479, 41
10480, 16
10481, 25
10482, 23
10483, 16
10484, 32
10485, 45
10486, 7
10487, 16
10488, 33
10489, 24
10490, 8
10491, 24
10492, 8
10493, 32
10494, 57
10495, 30
10496, 39
10497, 16
10498, 7
10499, 39
10500, 7
10501, 23
10502, 40
10503, 24
10504, 16
10505, 63
10506, 39
10507, 16
10508, 39
10509, 39
10510, 24
10511, 7
10513, 47
10514, 65
10515, 16
10516, 48
10517, 16
10518, 40
10519, 39
10520, 8
10521, 23
10523, 24
10524, 24
10525, 39
10526, 16
10527, 31
10529, 47
10530, 23
10531, 47
10532, 8
10533, 49
10534, 15
10535, 22
10536, 7
10537, 8
10538, 55
10539, 8
10540, 16
10541, 24
10544, 8
10545, 23
10546, 7
10548, 32
10549, 23
10550, 8
10551, 8
10552, 31
10553, 8
10554, 15
10555, 7
10556, 7
10557, 24
10558, 32
10559, 32
10560, 16
10561, 8
10562, 39
10563, 24
10564, 23
10565, 49
10566, 15
10567, 15
10568, 31
10569, 49
10570, 23
10571, 24
10573, 15
10574, 40
10575, 15
10576, 24
10577, 8
10578, 24
10579, 56
10580, 38
10581, 24
10582, 22
10583, 23
10584, 32
10585, 16
10586, 16
10587, 24
10588, 41
10589, 8
10590, 63
10591, 49
10592, 8
10593, 39
10594, 40
10595, 24
10596, 23
10598, 41
10599, 39
10600, 49
10601, 33
10602, 24
10603, 15
10604, 63
10605, 15
10606, 16
10608, 23
10609, 24
10610, 32
10611, 33
10612, 24
10613, 7
10614, 40
10615, 31
10616, 24
10617, 23
10618, 25
10619, 40
10620, 23
10621, 7
10622, 15
10623, 40
10624, 15
10625, 16
10626, 23
10627, 8
10629, 8
10631, 31
10633, 15
10634, 32
10635, 8
10637, 47
10639, 23
10641, 15
10642, 25
10643, 16
10644, 32
10645, 7
10646, 23
10647, 32
10648, 23
10649, 31
10650, 49
10651, 15
10652, 7
10653, 31
10654, 32
10655, 48
10656, 32
10657, 8
10658, 8
10659, 40
10660, 16
10661, 16
10662, 7
10663, 24
10664, 32
10665, 63
10666, 23
10667, 30
10668, 16
10669, 16
10670, 24
10671, 23
10672, 25
10673, 32
10674, 23
10675, 47
10676, 40
10677, 31
10678, 7
10679, 39
10680, 47
10681, 24
10682, 7
10683, 8
10684, 56
10685, 40
10686, 24
10687, 56
10688, 16
10689, 49
10690, 23
10691, 15
10692, 16
10694, 16
10695, 23
10696, 47
10697, 33
10698, 15
10699, 16
10700, 32
10701, 32
10702, 32
10703, 15
10704, 32
10705, 39
10706, 16
10708, 40
10709, 23
10710, 7
10711, 24
10712, 15
10713, 7
10716, 24
10717, 15
10719, 32
10720, 23
10721, 8
10722, 24
10723, 15
10724, 15
10725, 7
10726, 8
10727, 15
10728, 24
10729, 31
10730, 15
10731, 23
10732, 32
10733, 16
10734, 23
10735, 24
10736, 48
10737, 24
10738, 16
10739, 32
10740, 32
10741, 39
10742, 15
10744, 32
10745, 23
10746, 16
10747, 16
10748, 16
10749, 23
10750, 57
10751, 39
10752, 40
10753, 15
10754, 15
10755, 16
10756, 31
10757, 32
10758, 16
10759, 30
10760, 16
10761, 39
10762, 46
10763, 31
10764, 32
10765, 40
10766, 32
10767, 15
10769, 57
10770, 40
10771, 24
10772, 41
10773, 31
10774, 15
10775, 55
10776, 16
10777, 16
10779, 24
10780, 24
10781, 31
10782, 23
10783, 41
10784, 8
10785, 16
10786, 46
10787, 15
10788, 30
10789, 8
10790, 72
10791, 16
10793, 15
10794, 39
10795, 15
10796, 16
10797, 23
10798, 8
10801, 40
10804, 24
10805, 16
10806, 16
10807, 16
10808, 23
10809, 15
10810, 15
10812, 7
10813, 32
10814, 31
10815, 24
10816, 16
10817, 7
10818, 40
10819, 15
10820, 39
10821, 32
10822, 23
10823, 24
10824, 24
10825, 16
10826, 54
10827, 23
10828, 7
10829, 16
10830, 16
10831, 39
10832, 24
10834, 23
10835, 24
10836, 80
10837, 32
10838, 15
10839, 16
10840, 24
10841, 23
10842, 15
10843, 24
10844, 48
10845, 8
10846, 16
10847, 71
10848, 40
10849, 8
10850, 32
10851, 47
10852, 32
10854, 8
10855, 47
10856, 39
10857, 31
10858, 39
10859, 31
10860, 32
10861, 38
10862, 15
10863, 7
10864, 16
10865, 8
10866, 23
10867, 39
10868, 41
10869, 15
10870, 16
10871, 48
10872, 24
10873, 32
10874, 8
10875, 32
10876, 39
10877, 16
10879, 23
10880, 31
10881, 15
10882, 24
10883, 15
10884, 7
10886, 8
10887, 32
10889, 8
10890, 16
10891, 23
10892, 15
10893, 32
10894, 7
10895, 25
10897, 8
10898, 15
10899, 32
10900, 24
10901, 16
10902, 23
10903, 24
10904, 32
10905, 24
10906, 24
10907, 31
10908, 31
10909, 8
10910, 38
10911, 32
10912, 47
10914, 23
10915, 16
10916, 32
10917, 8
10918, 24
10920, 23
10921, 56
10922, 46
10923, 40
10924, 7
10925, 32
10926, 24
10927, 15
10928, 16
10929, 40
10930, 22
10931, 8
10932, 71
10933, 40
10934, 15
10935, 40
10936, 23
10937, 31
10938, 23
10940, 24
10941, 47
10942, 64
10943, 8
10944, 40
10945, 31
10946, 47
10947, 7
10948, 23
10949, 8
10950, 7
10951, 32
10952, 15
10953, 48
10954, 23
10955, 7
10956, 32
10957, 48
10958, 25
10959, 14
10960, 7
10961, 63
10962, 23
10964, 24
10965, 31
10966, 15
10967, 16
10968, 24
10969, 7
10971, 8
10973, 31
10975, 15
10976, 23
10977, 15
10978, 16
10979, 31
10980, 16
10981, 8
10983, 7
10984, 32
10985, 32
10986, 7
10987, 39
10989, 32
10990, 40
10991, 15
10992, 48
10993, 15
10994, 23
10995, 32
10996, 16
10997, 57
10998, 15
10999, 8
11000, 15
11001, 40
11002, 8
11003, 16
11004, 15
11005, 15
11006, 41
11007, 63
11008, 41
11009, 15
11010, 8
11011, 32
11012, 31
11013, 7
11014, 33
11015, 24
11016, 23
11017, 32
11018, 63
11019, 30
11020, 24
11021, 31
11022, 32
11023, 31
11025, 16
11026, 40
11027, 47
11028, 23
11029, 47
11030, 40
11031, 24
11032, 31
11033, 24
11034, 8
11036, 23
11037, 41
11038, 24
11039, 15
11040, 31
11041, 16
11042, 57
11043, 16
11044, 32
11046, 56
11047, 31
11048, 7
11049, 8
11050, 32
11051, 30
11053, 41
11054, 8
11057, 16
11058, 16
11059, 7
11060, 16
11061, 8
11062, 31
11063, 8
11064, 40
11066, 16
11067, 7
11068, 7
11069, 8
11070, 40
11071, 15
11072, 31
11073, 15
11074, 15
11075, 39
11076, 32
11077, 24
11078, 32
11079, 15
11080, 31
11081, 23
11082, 49
11083, 31
11084, 7
11085, 8
11086, 32
11087, 15
11088, 16
11089, 23
11090, 16
11091, 41
11092, 58
11093, 23
11094, 40
11095, 8
11096, 16
11097, 32
11098, 23
11099, 8
11100, 48
11101, 15
11102, 16
11103, 63
11104, 39
11105, 16
11106, 47
11107, 23
11108, 39
11109, 7
11111, 32
11112, 39
11113, 38
11114, 48
11115, 31
11116, 24
11117, 40
11118, 15
11119, 22
11120, 8
11121, 16
11122, 7
11123, 47
11124, 40
11125, 25
11126, 8
11127, 23
11128, 47
11129, 24
11130, 15
11131, 24
11132, 56
11133, 16
11135, 24
11136, 32
11137, 15
11138, 16
11139, 24
11140, 7
11142, 8
11143, 24
11144, 7
11146, 24
11147, 24
11148, 8
11149, 15
11150, 23
11151, 15
11152, 15
11153, 8
11155, 32
11156, 24
11157, 32
11158, 15
11159, 16
11160, 24
11161, 24
11162, 31
11163, 39
11164, 31
11166, 39
11167, 32
11168, 46
11169, 16
11170, 16
11171, 8
11172, 32
11173, 24
11174, 16
11175, 7
11176, 23
11177, 24
11178, 72
11179, 32
11180, 23
11181, 8
11182, 23
11183, 32
11184, 15
11185, 25
11186, 48
11187, 7
11188, 40
11189, 64
11190, 15
11191, 32
11192, 31
11193, 31
11194, 31
11196, 16
11197, 39
11198, 56
11199, 16
11200, 55
11201, 16
11202, 48
11203, 23
11204, 15
11205, 7
11206, 16
11207, 16
11208, 31
11209, 32
11210, 49
11212, 8
11213, 54
11214, 31
11215, 23
11216, 8
11217, 32
11218, 46
11219, 7
11220, 8
11221, 40
11222, 15
11223, 15
11224, 24
11225, 15
11228, 16
11229, 24
11231, 16
11232, 15
11233, 15
11234, 16
11235, 40
11237, 23
11239, 8
11240, 8
11241, 31
11242, 32
11243, 41
11245, 24
11246, 31
11247, 32
11248, 24
11249, 40
11250, 16
11251, 24
11252, 23
11253, 40
11254, 30
11255, 15
11256, 15
11257, 16
11258, 32
11259, 7
11260, 23
11261, 15
11262, 41
11263, 40
11264, 29
11265, 48
11266, 8
11267, 24
11268, 24
11269, 23
11270, 16
11271, 57
11272, 8
11273, 16
11274, 64
11275, 31
11276, 15
11277, 31
11278, 39
11279, 32
11280, 15
11281, 8
11282, 24
11283, 63
11284, 32
11285, 41
11286, 32
11287, 7
11288, 63
11289, 8
11290, 15
11291, 7
11292, 16
11293, 16
11294, 38
11295, 32
11296, 32
11297, 8
11298, 15
11299, 55
11300, 24
11301, 15
11302, 32
11303, 39
11304, 23
11305, 8
11306, 16
11307, 40
11308, 8
11309, 24
11310, 15
11311, 7
11313, 8
11314, 8
11315, 23
11317, 15
11318, 23
11319, 15
11320, 15
11321, 24
11322, 7
11323, 22
11325, 15
11326, 7
11327, 40
11328, 31
11329, 24
11331, 31
11332, 31
11333, 31
11334, 48
11335, 8
11336, 16
11337, 32
11338, 32
11339, 47
11340, 24
11342, 15
11343, 32
11344, 15
11345, 15
11346, 15
11347, 15
11348, 64
11349, 38
11350, 32
11351, 23
11352, 24
11354, 39
11355, 24
11356, 16
11357, 48
11358, 8
11359, 47
11360, 40
11361, 40
11362, 23
11363, 32
11364, 39
11365, 7
11366, 15
11367, 16
11368, 39
11369, 47
11370, 40
11371, 47
11372, 24
11373, 24
11374, 31
11375, 16
11376, 7
11377, 7
11378, 31
11379, 24
11380, 40
11381, 31
11382, 7
11383, 16
11384, 40
11385, 40
11386, 23
11387, 8
11388, 40
11389, 39
11390, 8
11391, 16
11392, 32
11393, 24
11394, 8
11395, 24
11396, 16
11399, 16
11400, 23
11402, 7
11403, 23
11404, 15
11405, 7
11406, 47
11408, 24
11410, 15
11412, 31
11413, 40
11414, 16
11415, 15
11416, 15
11417, 48
11418, 16
11419, 39
11420, 23
11421, 7
11422, 39
11423, 23
11424, 48
11425, 31
11426, 8
11427, 16
11428, 24
11429, 24
11430, 7
11431, 22
11432, 16
11433, 32
11434, 55
11435, 31
11436, 32
11437, 15
11438, 16
11439, 32
11440, 16
11441, 16
11442, 48
11443, 15
11444, 24
11445, 55
11446, 40
11447, 15
11448, 31
11449, 56
11450, 24
11451, 7
11453, 40
11454, 47
11455, 39
11456, 7
11457, 54
11458, 32
11459, 46
11461, 23
11463, 23
11464, 23
11465, 39
11466, 8
11467, 45
11468, 8
11469, 16
11470, 54
11471, 40
11473, 16
11474, 63
11475, 16
11477, 32
11478, 24
11479, 15
11480, 24
11481, 24
11485, 32
11486, 7
11488, 24
11489, 15
11490, 15
11491, 16
11492, 31
11493, 8
11494, 15
11495, 7
11496, 8
11497, 7
11498, 48
11499, 24
11500, 23
11501, 7
11502, 23
11503, 31
11504, 22
11505, 64
11507, 24
11508, 31
11509, 24
11510, 54
11511, 16
11513, 24
11514, 40
11515, 8
11516, 24
11517, 16
11518, 8
11519, 74
11520, 32
11521, 24
11522, 22
11523, 16
11524, 23
11525, 23
11526, 23
11527, 16
11528, 47
11529, 8
11530, 57
11531, 57
11532, 16
11533, 33
11534, 16
11535, 47
11536, 24
11538, 24
11539, 56
11540, 23
11541, 39
11542, 39
11543, 32
11544, 41
11545, 7
11546, 32
11547, 8
11548, 8
11549, 15
11550, 24
11551, 38
11552, 40
11553, 7
11554, 16
11555, 57
11556, 32
11557, 15
11558, 16
11559, 23
11560, 56
11562, 7
11563, 48
11564, 15
11565, 16
11566, 24
11567, 8
11569, 8
11570, 8
11571, 24
11574, 39
11575, 16
11576, 8
11577, 16
11578, 31
11579, 15
11580, 8
11581, 8
11582, 7
11583, 24
11584, 40
11585, 8
11586, 23
11587, 32
11588, 24
11589, 31
11590, 24
11591, 40
11592, 24
11593, 16
11594, 24
11595, 57
11596, 15
11597, 15
11598, 15
11599, 24
11600, 23
11601, 15
11602, 15
11603, 15
11604, 33
11605, 71
11606, 33
11607, 23
11608, 7
11609, 24
11610, 40
11611, 8
11612, 16
11613, 39
11614, 15
11615, 24
11616, 63
11617, 24
11618, 23
11619, 31
11620, 55
11621, 24
11622, 7
11623, 8
11624, 40
11625, 31
11626, 39
11627, 23
11628, 47
11629, 23
11630, 48
11631, 15
11632, 15
11633, 8
11634, 24
11635, 25
11636, 23
11637, 40
11638, 23
11640, 57
11641, 24
11642, 23
11643, 23
11644, 25
11645, 48
11646, 15
11647, 8
11648, 16
11649, 40
11650, 7
11651, 24
11652, 24
11655, 8
11656, 16
11657, 15
11658, 8
11659, 16
11660, 24
11661, 7
11662, 32
11663, 15
11664, 8
11665, 14
11666, 7
11667, 8
11668, 24
11669, 32
11670, 31
11671, 16
11672, 7
11673, 23
11674, 39
11675, 23
11676, 56
11677, 8
11678, 25
11679, 31
11680, 33
11681, 39
11682, 16
11683, 16
11684, 25
11685, 16
11686, 15
11687, 16
11688, 23
11690, 71
11691, 31
11692, 40
11693, 15
11694, 16
11695, 32
11696, 23
11697, 7
11698, 31
11699, 23
11700, 23
11701, 49
11702, 47
11703, 30
11704, 24
11705, 32
11706, 39
11707, 15
11708, 7
11709, 7
11710, 55
11711, 40
11712, 40
11713, 31
11714, 23
11715, 64
11716, 16
11717, 16
11719, 16
11720, 23
11721, 16
11722, 47
11723, 32
11724, 7
11725, 33
11726, 47
11727, 25
11728, 16
11729, 16
11730, 56
11731, 24
11733, 16
11734, 32
11735, 23
11736, 16
11737, 16
11738, 7
11739, 7
11741, 24
11742, 16
11744, 16
11745, 23
11746, 15
11747, 8
11748, 39
11749, 8
11750, 16
11752, 7
11753, 15
11754, 24
11755, 40
11756, 24
11757, 7
11758, 31
11759, 33
11760, 24
11761, 15
11762, 47
11763, 8
11764, 31
11765, 23
11766, 64
11768, 23
11769, 15
11770, 32
11771, 7
11772, 23
11773, 15
11774, 16
11775, 24
11776, 80
11777, 32
11778, 24
11779, 16
11780, 15
11781, 33
11782, 16
11783, 16
11784, 57
11786, 15
11787, 70
11788, 40
11789, 15
11790, 48
11791, 24
11792, 30
11793, 7
11795, 64
11796, 49
11797, 24
11798, 40
11799, 23
11800, 33
11801, 31
11802, 32
11803, 8
11805, 24
11806, 16
11807, 23
11808, 39
11809, 31
11811, 31
11812, 46
11813, 24
11814, 23
11815, 16
11816, 55
11817, 15
11819, 32
11820, 23
11821, 15
11822, 15
11823, 31
11826, 8
11827, 25
11828, 7
11829, 8
11830, 8
11831, 23
11832, 15
11833, 41
11834, 7
11835, 7
11836, 15
11838, 24
11839, 24
11840, 7
11841, 48
11842, 15
11843, 24
11844, 16
11845, 39
11846, 15
11847, 41
11848, 23
11849, 23
11850, 15
11851, 31
11852, 46
11853, 15
11854, 7
11855, 15
11856, 40
11857, 15
11858, 16
11859, 15
11860, 7
11861, 72
11862, 39
11863, 23
11864, 23
11865, 16
11866, 23
11867, 32
11868, 16
11869, 14
11870, 40
11871, 15
11872, 47
11873, 64
11874, 16
11875, 33
11876, 23
11877, 47
11878, 15
11879, 8
11880, 25
11881, 47
11882, 23
11883, 31
11884, 55
11885, 8
11886, 63
11887, 8
11888, 23
11890, 15
11891, 24
11892, 40
11893, 24
11894, 31
11895, 16
11896, 24
11897, 38
11898, 24
11899, 22
11900, 16
11901, 55
11902, 16
11903, 16
11904, 8
11905, 40
11906, 15
11907, 16
11908, 16
11909, 15
11912, 24
11913, 16
11915, 7
11916, 39
11918, 15
11919, 32
11920, 7
11921, 24
11923, 16
11924, 8
11925, 40
11926, 16
11927, 32
11928, 7
11929, 32
11930, 23
11931, 32
11932, 33
11933, 23
11934, 32
11935, 23
11936, 16
11937, 48
11938, 31
11939, 15
11940, 8
11941, 16
11942, 30
11943, 7
11944, 23
11945, 16
11946, 49
11947, 57
11948, 24
11949, 31
11950, 8
11951, 23
11952, 40
11953, 8
11954, 24
11955, 48
11956, 8
11957, 16
11958, 72
11959, 32
11960, 16
11961, 48
11962, 23
11963, 40
11966, 62
11967, 47
11968, 8
11969, 46
11970, 22
11971, 32
11972, 47
11973, 24
11975, 7
11976, 24
11977, 32
11978, 16
11979, 48
11980, 15
11981, 8
11982, 24
11983, 46
11984, 31
11985, 7
11986, 32
11987, 56
11988, 8
11989, 8
11990, 16
11991, 39
11992, 7
11993, 23
11994, 23
11997, 8
11998, 16
11999, 15
12000, 8
12001, 16
12002, 32
12003, 8
12004, 8
12005, 31
12006, 16
12007, 7
12008, 8
12009, 16
12010, 24
12011, 24
12012, 24
12013, 24
12014, 25
12015, 32
12016, 33
12017, 24
12018, 39
12019, 8
12020, 25
12021, 32
12022, 33
12023, 40
12024, 16
12025, 16
12027, 48
12028, 16
12029, 8
12030, 15
12031, 24
12032, 65
12033, 31
12034, 40
12035, 7
12036, 15
12037, 40
12038, 16
12039, 8
12040, 40
12041, 31
12042, 25
12043, 40
12044, 39
12045, 31
12046, 24
12047, 47
12048, 40
12049, 8
12050, 8
12051, 41
12052, 32
12053, 31
12054, 40
12055, 39
12056, 23
12057, 41
12058, 15
12059, 22
12060, 8
12061, 8
12062, 40
12063, 16
12064, 24
12065, 48
12066, 8
12067, 24
12068, 48
12069, 24
12070, 15
12071, 15
12072, 65
12073, 8
12074, 7
12075, 16
12076, 32
12077, 23
12078, 16
12079, 16
12080, 15
12083, 15
12084, 23
12086, 24
12087, 16
12088, 16
12089, 8
12090, 40
12091, 8
12092, 15
12094, 7
12095, 23
12096, 23
12097, 39
12098, 8
12099, 15
12100, 32
12101, 31
12102, 23
12103, 32
12104, 31
12105, 8
12106, 40
12107, 24
12108, 48
12109, 24
12110, 7
12111, 15
12112, 32
12113, 23
12114, 25
12116, 24
12117, 16
12118, 63
12119, 39
12120, 32
12121, 8
12122, 31
12123, 24
12124, 16
12125, 24
12126, 32
12127, 24
12128, 25
12129, 71
12130, 24
12131, 32
12132, 16
12133, 30
12134, 47
12136, 8
12137, 49
12138, 39
12139, 39
12140, 56
12141, 8
12142, 41
12143, 23
12144, 23
12145, 7
12146, 8
12147, 15
12148, 39
12149, 15
12150, 48
12151, 15
12152, 16
12153, 15
12154, 46
12155, 40
12157, 24
12158, 54
12159, 16
12160, 8
12161, 32
12162, 32
12164, 24
12165, 24
12168, 8
12169, 24
12170, 7
12171, 8
12172, 23
12173, 16
12174, 8
12175, 40
12176, 7
12177, 24
12179, 8
12180, 7
12181, 15
12182, 38
12183, 23
12184, 24
12185, 24
12186, 24
12187, 23
12188, 32
12189, 49
12190, 8
12191, 32
12192, 23
12193, 41
12194, 31
12195, 15
12196, 16
12197, 8
12198, 31
12199, 15
12200, 24
12201, 8
12202, 15
12203, 48
12204, 54
12205, 49
12207, 23
12208, 31
12209, 15
12210, 15
12211, 40
12212, 24
12213, 16
12214, 48
12215, 56
12216, 7
12217, 30
12218, 39
12219, 40
12220, 15
12221, 8
12222, 24
12223, 39
12224, 55
12225, 7
12226, 47
12227, 31
12228, 40
12229, 15
12230, 24
12231, 8
12232, 7
12233, 23
12234, 32
12235, 32
12236, 31
12237, 7
12238, 24
12239, 46
12240, 32
12241, 24
12242, 8
12243, 30
12244, 39
12245, 7
12246, 7
12247, 39
12248, 15
12249, 15
12250, 31
12251, 8
12254, 16
12255, 23
12257, 24
12258, 15
12259, 16
12260, 8
12261, 31
12262, 15
12263, 15
12264, 8
12266, 23
12267, 24
12268, 31
12269, 23
12270, 16
12271, 32
12272, 15
12273, 30
12274, 41
12275, 31
12276, 16
12277, 16
12278, 23
12279, 56
12280, 31
12282, 16
12283, 41
12284, 16
12285, 24
12286, 8
12287, 7
12288, 66
12289, 39
12290, 32
12291, 23
12292, 16
12293, 15
12294, 23
12295, 23
12296, 32
12297, 41
12298, 7
12299, 40
12300, 48
12301, 32
12302, 16
12303, 31
12304, 63
12305, 8
12306, 7
12307, 16
12308, 48
12309, 48
12310, 16
12311, 56
12312, 8
12313, 31
12314, 46
12315, 8
12316, 15
12317, 7
12318, 32
12319, 23
12320, 24
12321, 31
12322, 23
12323, 8
12324, 55
12325, 16
12326, 40
12327, 8
12328, 32
12329, 48
12330, 7
12331, 7
12332, 24
12333, 31
12334, 7
12335, 7
12336, 31
12337, 7
12339, 8
12340, 24
12341, 7
12342, 16
12343, 8
12344, 23
12345, 16
12346, 16
12347, 23
12348, 24
12350, 15
12352, 31
12353, 23
12354, 23
12355, 23
12356, 24
12357, 32
12358, 32
12359, 16
12360, 40
12361, 16
12362, 31
12363, 23
12364, 49
12365, 31
12366, 8
12367, 16
12368, 16
12369, 23
12370, 15
12371, 24
12372, 8
12373, 23
12374, 73
12375, 23
12376, 48
12377, 8
12378, 15
12379, 41
12380, 15
12382, 40
12383, 31
12384, 16
12385, 46
12386, 55
12387, 15
12388, 32
12389, 46
12390, 16
12391, 23
12393, 32
12394, 72
12395, 7
12396, 40
12397, 39
12398, 23
12399, 55
12400, 8
12401, 16
12402, 7
12403, 8
12404, 40
12405, 24
12406, 15
12407, 47
12408, 8
12409, 41
12410, 16
12411, 31
12412, 22
12413, 16
12414, 63
12415, 8
12416, 15
12417, 8
12418, 39
12419, 15
12420, 16
12421, 15
12422, 15
12424, 8
12425, 16
12426, 16
12428, 16
12429, 32
12430, 8
12431, 8
12432, 39
12434, 22
12435, 8
12436, 8
12437, 7
12438, 55
12439, 16
12440, 23
12441, 8
12442, 32
12443, 23
12444, 23
12445, 65
12447, 24
12448, 23
12449, 31
12450, 39
12451, 24
12452, 7
12453, 16
12454, 24
12455, 32
12456, 16
12457, 7
12458, 23
12459, 15
12460, 87
12461, 25
12462, 23
12463, 8
12464, 23
12465, 40
12466, 8
12467, 23
12468, 47
12469, 8
12470, 40
12471, 56
12472, 24
12473, 32
12474, 15
12475, 47
12476, 32
12478, 8
12479, 39
12480, 64
12481, 32
12482, 40
12483, 15
12484, 39
12485, 24
12486, 31
12488, 16
12489, 8
12490, 39
12491, 23
12492, 40
12493, 15
12494, 7
12495, 48
12496, 24
12497, 39
12498, 8
12499, 32
12500, 47
12501, 7
12502, 8
12503, 48
12505, 15
12506, 32
12507, 7
12508, 7
12510, 8
12511, 24
12512, 7
12513, 16
12514, 15
12515, 24
12517, 40
12518, 8
12519, 24
12521, 8
12522, 15
12523, 15
12524, 57
12525, 8
12526, 15
12527, 24
12528, 32
12529, 24
12530, 32
12531, 41
12533, 31
12534, 32
12535, 49
12536, 24
12537, 15
12538, 16
12539, 16
12540, 40
12542, 23
12544, 31
12545, 56
12546, 46
12547, 39
12549, 24
12550, 16
12551, 31
12552, 7
12553, 64
12554, 8
12555, 15
12556, 54
12557, 47
12558, 15
12559, 32
12560, 48
12561, 32
12562, 8
12564, 24
12565, 64
12566, 23
12567, 32
12568, 46
12569, 15
12570, 62
12571, 16
12572, 8
12573, 8
12574, 16
12575, 32
12576, 24
12577, 24
12578, 38
12580, 32
12581, 47
12582, 24
12583, 15
12584, 24
12585, 39
12586, 31
12588, 24
12589, 40
12590, 8
12591, 24
12592, 15
12593, 8
12595, 8
12596, 16
12597, 15
12598, 8
12599, 16
12600, 15
12601, 15
12602, 7
12603, 38
12605, 23
12606, 8
12607, 8
12608, 16
12609, 32
12610, 31
12611, 23
12612, 8
12613, 32
12614, 32
12615, 15
12616, 56
12617, 16
12618, 15
12619, 32
12620, 32
12621, 30
12622, 23
12623, 24
12625, 31
12626, 23
12627, 16
12628, 15
12629, 16
12630, 57
12631, 39
12632, 48
12633, 7
12634, 8
12635, 23
12636, 31
12637, 15
12638, 32
12639, 41
12640, 8
12641, 32
12642, 71
12643, 15
12644, 40
12645, 16
12646, 56
12647, 16
12650, 72
12651, 23
12652, 47
12653, 24
12654, 23
12655, 39
12656, 38
12657, 24
12658, 8
12660, 32
12661, 23
12662, 32
12663, 40
12664, 7
12665, 8
12666, 55
12667, 24
12668, 23
12669, 15
12670, 40
12671, 31
12672, 15
12673, 16
12674, 41
12675, 16
12676, 16
12677, 16
12678, 16
12681, 8
12682, 23
12683, 7
12684, 8
12685, 23
12686, 15
12687, 15
12688, 31
12689, 7
12690, 16
12691, 7
12692, 16
12694, 40
12695, 23
12696, 24
12697, 15
12698, 24
12699, 23
12700, 40
12701, 15
12702, 47
12703, 24
12704, 16
12705, 16
12706, 63
12707, 7
12708, 23
12709, 16
12710, 24
12711, 24
12712, 7
12713, 23
12714, 16
12715, 16
12716, 64
12717, 48
12718, 32
12719, 8
12720, 15
12721, 40
12722, 15
12723, 24
12724, 50
12726, 23
12727, 55
12728, 40
12729, 32
12730, 24
12731, 40
12732, 31
12733, 7
12734, 8
12735, 40
12736, 32
12737, 39
12738, 24
12739, 46
12740, 24
12741, 48
12742, 32
12744, 8
12745, 16
12746, 32
12747, 23
12748, 40
12749, 16
12750, 15
12751, 49
12752, 23
12753, 24
12754, 15
12755, 32
12756, 48
12757, 8
12758, 15
12760, 63
12762, 8
12763, 31
12764, 7
12766, 8
12767, 16
12768, 15
12769, 8
12770, 8
12771, 31
12772, 8
12773, 16
12774, 32
12775, 8
12776, 15
12778, 15
12779, 7
12780, 56
12781, 7
12782, 32
12783, 8
12784, 31
12785, 32
12786, 32
12787, 25
12788, 23
12789, 24
12790, 32
12791, 16
12792, 64
12793, 16
12794, 16
12796, 32
12797, 15
12798, 24
12799, 16
12800, 16
12801, 48
12802, 56
12803, 41
12804, 7
12805, 16
12806, 7
12807, 39
12808, 15
12809, 32
12810, 40
12811, 16
12812, 24
12813, 62
12814, 23
12815, 31
12816, 31
12817, 24
12818, 31
12819, 7
12820, 16
12821, 39
12822, 47
12823, 31
12824, 55
12825, 16
12826, 16
12827, 47
12828, 24
12830, 16
12831, 16
12832, 39
12833, 23
12834, 24
12835, 23
12836, 24
12837, 41
12838, 24
12839, 31
12840, 8
12841, 57
12842, 23
12843, 8
12844, 7
12845, 32
12846, 23
12847, 15
12848, 24
12849, 16
12852, 16
12853, 25
12855, 16
12856, 24
12857, 16
12858, 8
12859, 40
12861, 24
12863, 7
12864, 15
12865, 25
12866, 40
12867, 15
12868, 15
12869, 32
12870, 32
12871, 24
12872, 24
12873, 39
12874, 24
12875, 8
12876, 23
12877, 23
12878, 61
12879, 8
12880, 16
12881, 24
12882, 23
12883, 16
12884, 16
12885, 15
12886, 24
12887, 88
12889, 39
12890, 15
12891, 15
12892, 23
12893, 31
12894, 16
12895, 40
12896, 24
12897, 41
12898, 31
12899, 39
12900, 15
12901, 23
12902, 56
12903, 31
12904, 7
12906, 49
12907, 32
12908, 38
12909, 47
12910, 23
12911, 32
12912, 48
12913, 24
12915, 8
12916, 16
12917, 24
12918, 31
12919, 32
12920, 23
12921, 16
12922, 15
12923, 39
12924, 39
12925, 15
12926, 32
12927, 48
12928, 16
12929, 8
12930, 41
12931, 16
12932, 7
12933, 16
12934, 31
12937, 8
12938, 33
12941, 15
12942, 31
12943, 7
12944, 40
12946, 23
12947, 7
12948, 8
12949, 8
12950, 16
12951, 39
12952, 15
12953, 32
12955, 39
12956, 23
12957, 31
12958, 40
12959, 15
12960, 24
12961, 24
12962, 40
12963, 47
12964, 7
12965, 16
12966, 7
12967, 30
12968, 23
12969, 24
12970, 8
12971, 7
12972, 82
12973, 32
12974, 32
12975, 15
12976, 24
12977, 24
12978, 24
12979, 8
12980, 32
12981, 40
12982, 7
12983, 39
12984, 55
12985, 32
12986, 24
12987, 31
12988, 48
12989, 15
12991, 24
12992, 48
12993, 31
12994, 48
12995, 40
12996, 25
12997, 32
12998, 23
12999, 24
13001, 7
13002, 23
13003, 31
13004, 31
13005, 23
13006, 23
13007, 8
13008, 53
13009, 15
13010, 39
13011, 8
13012, 64
13013, 8
13014, 15
13015, 7
13016, 48
13017, 16
13018, 8
13019, 24
13020, 15
13023, 8
13024, 32
13026, 7
13027, 39
13028, 8
13029, 8
13030, 31
13031, 7
13032, 23
13034, 15
13035, 16
13036, 24
13037, 24
13038, 16
13039, 31
13040, 24
13041, 33
13042, 23
13043, 41
13044, 23
13045, 8
13046, 15
13047, 38
13048, 64
13049, 16
13050, 8
13051, 16
13052, 15
13053, 39
13054, 8
13055, 15
13056, 15
13057, 24
13058, 72
13059, 23
13060, 39
13061, 8
13062, 23
13063, 24
13064, 23
13065, 7
13066, 31
13067, 30
13068, 41
13069, 31
13070, 47
13071, 23
13072, 41
13073, 32
13074, 39
13076, 7
13077, 49
13078, 40
13079, 24
13080, 56
13081, 16
13082, 40
13083, 39
13084, 16
13085, 7
13086, 8
13087, 15
13088, 24
13089, 40
13090, 24
13091, 31
13092, 8
13093, 32
13094, 31
13095, 48
13097, 41
13098, 39
13099, 15
13101, 31
13102, 39
13104, 23
13105, 15
13106, 7
13108, 8
13109, 25
13110, 7
13112, 23
13113, 23
13114, 7
13115, 16
13116, 30
13117, 24
13119, 8
13120, 16
13121, 25
13122, 23
13123, 23
13124, 23
13125, 16
13126, 23
13127, 23
13128, 48
13129, 33
13130, 7
13131, 16
13132, 47
13133, 16
13134, 54
13135, 7
13136, 7
13137, 15
13138, 39
13139, 16
13140, 8
13141, 15
13142, 15
13143, 80
13144, 23
13145, 47
13146, 16
13147, 8
13148, 32
13149, 15
13150, 23
13151, 41
13152, 25
13153, 8
13154, 72
13155, 24
13156, 31
13157, 25
13158, 47
13159, 24
13160, 23
13162, 24
13163, 48
13164, 39
13165, 23
13166, 56
13167, 7
13168, 64
13169, 8
13170, 23
13172, 16
13173, 24
13174, 23
13175, 40
13176, 23
13177, 15
13178, 8
13179, 54
13180, 31
13181, 23
13182, 16
13183, 40
13184, 30
13185, 8
13186, 7
13187, 32
13188, 31
13189, 16
13190, 8
13191, 23
13194, 24
13195, 15
13197, 7
13198, 31
13199, 16
13200, 16
13201, 31
13203, 24
13205, 15
13206, 8
13207, 32
13208, 23
13209, 31
13210, 8
13211, 40
13212, 8
13213, 48
13214, 8
13215, 47
13216, 8
13217, 32
13218, 23
13219, 48
13220, 31
13221, 7
13222, 15
13223, 24
13224, 24
13225, 16
13226, 15
13227, 23
13228, 16
13229, 64
13230, 48
13231, 23
13232, 16
13233, 24
13234, 16
13235, 24
13236, 24
13237, 39
13238, 16
13239, 33
13240, 48
13241, 40
13242, 8
13243, 56
13244, 32
13245, 15
13246, 15
13247, 16
13248, 24
13249, 64
13250, 23
13251, 41
13252, 23
13253, 39
13254, 38
13255, 24
13257, 8
13258, 24
13259, 8
13260, 30
13261, 30
13262, 39
13263, 8
13264, 56
13265, 15
13266, 39
13267, 8
13268, 16
13269, 55
13270, 7
13271, 7
13272, 40
13273, 23
13274, 7
13275, 24
13276, 24
13279, 8
13280, 24
13281, 7
13283, 15
13284, 31
13285, 16
13286, 24
13287, 16
13288, 16
13289, 7
13290, 7
13291, 16
13292, 32
13293, 24
13294, 16
13295, 24
13296, 24
13297, 23
13298, 32
13299, 33
13300, 33
13301, 16
13302, 25
13303, 32
13304, 24
13305, 55
13306, 8
13308, 15
13309, 48
13310, 7
13311, 23
13312, 8
13313, 15
13314, 65
13315, 39
13316, 49
13318, 15
13319, 24
13320, 39
13321, 8
13322, 15
13323, 46
13324, 8
13325, 71
13326, 24
13327, 31
13328, 33
13329, 32
13330, 32
13331, 24
13333, 32
13334, 32
13335, 55
13336, 24
13337, 47
13339, 63
13340, 15
13341, 23
13342, 8
13344, 23
13345, 39
13346, 31
13347, 32
13348, 7
13349, 24
13350, 40
13351, 32
13352, 23
13353, 25
13354, 56
13355, 16
13357, 16
13358, 32
13359, 23
13360, 16
13361, 7
13362, 22
13365, 16
13366, 24
13368, 15
13369, 33
13370, 7
13371, 25
13372, 23
13373, 8
13374, 15
13376, 16
13377, 16
13378, 24
13379, 30
13380, 24
13381, 7
13382, 32
13383, 24
13384, 31
13385, 40
13386, 23
13387, 8
13388, 48
13389, 7
13390, 55
13391, 15
13392, 15
13393, 15
13394, 32
13395, 15
13396, 15
13397, 15
13398, 15
13399, 32
13400, 72
13401, 7
13402, 45
13403, 8
13404, 23
13405, 32
13406, 15
13407, 16
13408, 56
13409, 8
13410, 40
13411, 31
13412, 47
13413, 32
13414, 41
13415, 16
13416, 23
13417, 15
13418, 8
13419, 56
13420, 32
13421, 31
13422, 48
13423, 23
13424, 32
13425, 39
13426, 16
13427, 16
13429, 24
13430, 31
13431, 32
13432, 24
13433, 23
13435, 47
13436, 40
13437, 32
13438, 8
13439, 40
13440, 23
13441, 23
13442, 7
13443, 41
13444, 23
13446, 24
13447, 15
13448, 7
13450, 8
13451, 24
13452, 7
13453, 8
13454, 24
13455, 23
13456, 8
13458, 38
13459, 7
13460, 15
13462, 23
13463, 16
13464, 23
13465, 47
13467, 15
13468, 39
13469, 32
13470, 7
13471, 64
13473, 31
13474, 31
13475, 32
13476, 47
13477, 7
13478, 16
13479, 8
13480, 39
13481, 8
13482, 7
13483, 31
13484, 16
13485, 48
13486, 46
13487, 39
13488, 7
13489, 15
13490, 31
13491, 23
13492, 7
13493, 48
13494, 24
13495, 7
13496, 47
13497, 47
13498, 31
13499, 23
13500, 48
13501, 15
13502, 30
13504, 48
13505, 24
13506, 47
13507, 41
13508, 23
13509, 31
13510, 40
13511, 15
13512, 23
13513, 8
13514, 8
13515, 23
13516, 31
13517, 32
13518, 41
13520, 40
13521, 41
13522, 16
13523, 23
13524, 8
13525, 63
13526, 15
13527, 15
13528, 8
13529, 31
13530, 23
13531, 15
13532, 24
13533, 8
13536, 15
13537, 23
13538, 8
13539, 16
13540, 8
13541, 23
13542, 16
13543, 15
13544, 15
13545, 22
13547, 15
13548, 25
13549, 24
13550, 32
13551, 24
13552, 8
13553, 31
13554, 32
13555, 16
13556, 32
13557, 30
13558, 7
13559, 31
13560, 22
13561, 64
13562, 24
13563, 16
13565, 32
13566, 15
13567, 24
13568, 7
13569, 23
13570, 16
13571, 79
13572, 7
13573, 46
13574, 7
13575, 23
13576, 32
13577, 15
13578, 8
13579, 39
13580, 31
13581, 16
13582, 71
13583, 31
13584, 16
13585, 47
13586, 32
13587, 32
13590, 55
13591, 57
13592, 8
13593, 63
13594, 16
13595, 40
13596, 31
13597, 24
13599, 8
13600, 24
13601, 31
13602, 24
13603, 15
13604, 38
13605, 16
13606, 24
13607, 38
13608, 41
13610, 24
13611, 56
13612, 16
13613, 8
13614, 25
13615, 31
13616, 7
13617, 15
13618, 31
13621, 7
13622, 24
13623, 7
13625, 32
13626, 16
13627, 16
13628, 24
13629, 15
13630, 8
13631, 14
13632, 8
13633, 15
13634, 32
13635, 24
13636, 24
13637, 15
13638, 8
13639, 46
13640, 24
13641, 24
13642, 40
13643, 15
13644, 24
13645, 23
13646, 57
13647, 23
13648, 16
13650, 24
13651, 40
13652, 7
13653, 24
13654, 16
13655, 24
13656, 73
13657, 15
13658, 48
13660, 15
13661, 31
13662, 23
13663, 15
13664, 49
13665, 15
13666, 7
13667, 78
13668, 16
13669, 31
13670, 32
13671, 49
13672, 16
13673, 23
13675, 40
13676, 31
13677, 55
13678, 32
13679, 31
13680, 7
13681, 72
13682, 16
13683, 7
13685, 23
13686, 7
13687, 47
13688, 32
13689, 15
13690, 23
13691, 16
13692, 47
13693, 32
13694, 15
13695, 15
13696, 63
13697, 15
13699, 32
13700, 33
13701, 8
13702, 7
13703, 40
13707, 15
13708, 23
13710, 8
13711, 39
13712, 8
13713, 24
13714, 15
13715, 16
13716, 15
13718, 15
13719, 15
13720, 32
13721, 24
13722, 32
13723, 8
13724, 23
13725, 32
13726, 32
13727, 24
13728, 39
13729, 16
13730, 32
13731, 7
13732, 55
13733, 15
13734, 15
13735, 16
13736, 32
13737, 15
13738, 24
13739, 7
13740, 23
13741, 15
13742, 72
13743, 23
13744, 39
13745, 15
13746, 23
13747, 24
13748, 16
13749, 23
13750, 31
13751, 15
13752, 47
13753, 48
13754, 31
13755, 15
13756, 48
13757, 23
13758, 39
13760, 16
13761, 30
13762, 48
13763, 40
13764, 49
13765, 25
13766, 40
13767, 23
13768, 23
13770, 7
13771, 24
13772, 16
13773, 39
13774, 24
13775, 31
13776, 16
13777, 32
13778, 39
13779, 25
13780, 7
13781, 40
13782, 55
13785, 32
13786, 39
13787, 8
13788, 15
13789, 24
13792, 16
13793, 16
13794, 7
13795, 8
13796, 31
13797, 8
13798, 16
13799, 40
13801, 24
13803, 7
13804, 16
13805, 24
13806, 15
13807, 40
13808, 15
13809, 16
13810, 23
13811, 39
13812, 40
13813, 16
13814, 23
13815, 24
13816, 23
13817, 23
13818, 54
13819, 7
13820, 24
13821, 33
13822, 8
13823, 15
13824, 23
13825, 16
13826, 24
13827, 63
13828, 32
13829, 32
13830, 15
13831, 16
13832, 24
13833, 31
13834, 8
13835, 40
13836, 23
13837, 24
13838, 46
13839, 31
13840, 30
13841, 40
13842, 23
13843, 39
13844, 15
13846, 41
13847, 32
13848, 48
13849, 32
13850, 39
13851, 7
13852, 55
13853, 23
13854, 15
13855, 8
13856, 16
13857, 24
13858, 32
13859, 23
13860, 31
13861, 7
13862, 40
13863, 31
13864, 15
13865, 31
13866, 15
13867, 54
13868, 23
13870, 23
13871, 31
13872, 15
13873, 7
13874, 40
13878, 15
13879, 23
13881, 24
13882, 24
13883, 8
13884, 16
13885, 23
13886, 24
13887, 7
13888, 8
13889, 7
13890, 24
13891, 40
13892, 8
13893, 32
13894, 8
13895, 31
13896, 24
13897, 23
13898, 56
13899, 7
13900, 23
13901, 31
13902, 50
13903, 15
13904, 22
13905, 24
13907, 32
13908, 23
13909, 16
13910, 24
13912, 73
13913, 40
13914, 16
13915, 31
13916, 25
13917, 16
13918, 32
13919, 8
13920, 8
13921, 63
13922, 8
13923, 24
13924, 71
13925, 23
13926, 15
13927, 47
13928, 23
13929, 39
13931, 8
13932, 56
13933, 48
13934, 7
13935, 64
13936, 24
13937, 32
13938, 31
13939, 24
13941, 7
13942, 32
13943, 24
13944, 32
13945, 40
13946, 7
13947, 16
13948, 40
13949, 40
13950, 16
13951, 16
13952, 33
13953, 40
13954, 15
13955, 16
13956, 39
13957, 8
13958, 7
13959, 39
13960, 8
13963, 16
13964, 23
13966, 16
13967, 16
13968, 15
13969, 16
13970, 7
13971, 30
13972, 16
13973, 7
13974, 8
13975, 16
13976, 24
13977, 31
13978, 41
13980, 16
13981, 31
13982, 31
13983, 23
13984, 46
13986, 32
13987, 32
13988, 32
13989, 39
13990, 15
13991, 16
13992, 8
13993, 38
13994, 16
13995, 15
13996, 8
13997, 24
13998, 55
13999, 39
14000, 48
14001, 8
14002, 16
14003, 23
14004, 23
14005, 32
14006, 32
14007, 24
14008, 16
14009, 39
14010, 46
14011, 23
14012, 40
14013, 23
14014, 47
14015, 7
14017, 32
14018, 64
14019, 15
14020, 63
14021, 8
14022, 48
14023, 32
14024, 16
14025, 15
14027, 16
14028, 39
14029, 8
14030, 39
14031, 32
14032, 15
14034, 62
14035, 32
14036, 15
14037, 15
14038, 64
14039, 16
14041, 15
14042, 39
14043, 15
14044, 16
14045, 32
14048, 8
14049, 24
14050, 8
14051, 8
14052, 8
14053, 23
14054, 15
14055, 24
14056, 24
14058, 23
14059, 8
14060, 8
14061, 16
14062, 31
14063, 15
14064, 39
14065, 8
14066, 24
14067, 39
14068, 15
14069, 47
14070, 15
14071, 24
14072, 40
14073, 25
14074, 39
14075, 16
14076, 7
14077, 16
14078, 32
14079, 23
14080, 8
14081, 15
14082, 23
14083, 66
14084, 32
14085, 23
14086, 30
14087, 8
14088, 31
14089, 24
14090, 15
14091, 49
14092, 16
14093, 15
14094, 41
14095, 56
14096, 31
14097, 16
14098, 46
14099, 23
14100, 31
14102, 16
14103, 32
14104, 56
14105, 31
14106, 49
14107, 16
14108, 41
14109, 23
14110, 31
14111, 8
14112, 8
14113, 16
14114, 23
14115, 39
14116, 41
14117, 7
14118, 25
14119, 23
14120, 39
14121, 31
14122, 8
14123, 40
14124, 30
14125, 15
14126, 8
14127, 32
14128, 31
14130, 40
14131, 8
14134, 8
14135, 33
14137, 16
14138, 15
14139, 23
14140, 8
14141, 41
14143, 24
14144, 8
14146, 16
14147, 32
14148, 16
14149, 40
14150, 7
14151, 32
14152, 16
14153, 39
14154, 24
14155, 39
14156, 8
14157, 32
14158, 23
14159, 48
14160, 23
14161, 15
14162, 16
14163, 8
14164, 38
14165, 7
14166, 15
14167, 23
14168, 24
14169, 56
14170, 31
14171, 47
14172, 8
14173, 16
14174, 23
14175, 23
14176, 24
14177, 58
14178, 8
14179, 41
14180, 39
14181, 40
14182, 7
14183, 32
14184, 48
14185, 31
14186, 7
14187, 8
14188, 16
14189, 71
14190, 24
14191, 40
14192, 30
14193, 23
14194, 40
14195, 23
14196, 15
14197, 7
14198, 25
14199, 16
14200, 32
14201, 40
14202, 24
14203, 8
14204, 41
14205, 31
14206, 16
14207, 23
14208, 24
14209, 48
14210, 24
14212, 15
14213, 39
14214, 15
14215, 24
14216, 24
14219, 8
14220, 16
14221, 15
14223, 24
14224, 24
14225, 7
14226, 15
14227, 31
14229, 23
14230, 7
14231, 8
14232, 8
14233, 39
14234, 23
14235, 24
14236, 15
14237, 24
14238, 40
14239, 23
14240, 31
14241, 23
14242, 7
14243, 39
14244, 32
14245, 46
14246, 16
14247, 24
14249, 31
14250, 23
14251, 16
14252, 15
14253, 23
14254, 41
14255, 56
14256, 40
14257, 7
14258, 15
14259, 23
14260, 32
14261, 8
14262, 24
14263, 46
14264, 8
14265, 49
14266, 38
14267, 31
14268, 32
14269, 23
14270, 47
14271, 24
14273, 24
14274, 40
14275, 47
14276, 24
14277, 56
14278, 24
14279, 16
14280, 38
14281, 24
14283, 15
14284, 16
14285, 31
14286, 40
14287, 16
14288, 23
14289, 8
14290, 39
14291, 39
14292, 31
14293, 8
14294, 40
14295, 48
14297, 7
14298, 39
14299, 15
14300, 7
14301, 24
14302, 23
14305, 7
14306, 32
14308, 8
14309, 15
14310, 30
14312, 47
14314, 23
14315, 8
14316, 8
14317, 8
14318, 16
14319, 48
14320, 24
14321, 16
14322, 15
14323, 39
14324, 24
14325, 15
14326, 46
14327, 24
14328, 24
14329, 16
14330, 23
14331, 54
14332, 7
14333, 15
14334, 24
14335, 31
14337, 23
14338, 8
14339, 32
14340, 72
14341, 40
14342, 16
14343, 15
14344, 16
14345, 31
14346, 23
14347, 16
14348, 33
14349, 23
14350, 32
14351, 56
14352, 40
14353, 16
14354, 40
14355, 23
14356, 31
14357, 15
14358, 8
14359, 40
14360, 47
14361, 23
14362, 57
14363, 16
14364, 40
14365, 40
14366, 16
14367, 7
14368, 8
14369, 7
14370, 23
14371, 39
14372, 40
14373, 23
14374, 8
14375, 32
14376, 40
14377, 32
14378, 16
14379, 41
14380, 16
14381, 31
14383, 48
14384, 15
14385, 8
14386, 24
14387, 15
14388, 7
14390, 7
14391, 8
14392, 22
14393, 8
14394, 16
14395, 24
14396, 7
14397, 32
14398, 7
14399, 32
14401, 8
14402, 8
14403, 15
14404, 31
14405, 31
14406, 24
14407, 8
14408, 32
14409, 32
14410, 15
14411, 64
14412, 8
14413, 16
14414, 32
14415, 24
14416, 46
14417, 24
14418, 16
14419, 8
14420, 40
14421, 8
14422, 16
14423, 15
14424, 15
14425, 48
14426, 54
14427, 24
14428, 22
14429, 24
14430, 15
14431, 23
14432, 24
14433, 32
14434, 16
14435, 23
14436, 49
14437, 55
14438, 24
14439, 16
14440, 56
14441, 24
14442, 23
14444, 24
14445, 56
14446, 31
14447, 48
14448, 24
14449, 41
14450, 16
14451, 30
14452, 23
14454, 24
14455, 16
14456, 32
14457, 23
14458, 32
14459, 15
14460, 32
14461, 31
14462, 24
14463, 31
14464, 16
14465, 41
14466, 31
14467, 7
14468, 16
14469, 32
14470, 23
14472, 40
14474, 7
14475, 8
14476, 8
14477, 23
14479, 7
14480, 23
14481, 23
14483, 46
14485, 24
14486, 8
14487, 8
14488, 16
14489, 24
14490, 32
14491, 24
14492, 7
14493, 33
14494, 31
14495, 24
14496, 24
14497, 39
14498, 24
14499, 16
14500, 24
14501, 40
14502, 31
14503, 15
14504, 16
14505, 24
14506, 23
14507, 7
14508, 23
14509, 8
14510, 48
14511, 56
14512, 31
14513, 30
14514, 16
14515, 16
14516, 24
14517, 23
14518, 8
14519, 48
14520, 15
14521, 16
14522, 70
14523, 40
14524, 24
14525, 15
14526, 31
14527, 55
14530, 48
14531, 55
14532, 23
14533, 7
14534, 62
14535, 32
14536, 23
14537, 40
14539, 7
14540, 24
14541, 16
14542, 23
14543, 47
14544, 23
14546, 41
14547, 38
14548, 16
14549, 31
14550, 8
14551, 55
14552, 22
14553, 8
14554, 32
14555, 24
14556, 7
14557, 33
14558, 15
14562, 31
14563, 7
14565, 32
14566, 15
14567, 8
14568, 40
14569, 7
14570, 24
14572, 8
14573, 8
14574, 33
14575, 24
14576, 32
14577, 16
14578, 25
14579, 16
14580, 48
14582, 46
14583, 23
14584, 16
14585, 31
14586, 16
14587, 63
14588, 15
14589, 8
14590, 16
14591, 31
14592, 8
14593, 31
14594, 16
14595, 16
14596, 58
14597, 39
14598, 32
14599, 23
14600, 7
14601, 23
14602, 31
14603, 16
14604, 40
14605, 24
14606, 8
14607, 73
14608, 24
14609, 31
14610, 16
14611, 40
14612, 31
14613, 31
14615, 24
14616, 47
14617, 48
14618, 24
14619, 48
14620, 25
14621, 32
14622, 23
14623, 23
14624, 8
14625, 8
14626, 23
14627, 32
14628, 24
14629, 23
14630, 22
14631, 33
14632, 40
14633, 24
14634, 23
14635, 8
14636, 63
14637, 16
14638, 15
14640, 48
14641, 16
14642, 8
14643, 23
14644, 15
14646, 8
14648, 32
14650, 8
14651, 31
14652, 15
14653, 8
14654, 39
14656, 23
14657, 8
14659, 15
14660, 23
14661, 40
14662, 23
14663, 7
14664, 24
14665, 40
14666, 31
14667, 33
14668, 24
14669, 24
14670, 33
14671, 7
14672, 57
14673, 22
14674, 7
14675, 16
14676, 33
14677, 15
14678, 16
14679, 15
14680, 15
14681, 24
14682, 70
14683, 23
14684, 40
14685, 7
14686, 23
14687, 32
14688, 15
14689, 16
14690, 31
14691, 31
14692, 24
14693, 56
14694, 40
14695, 7
14696, 55
14697, 31
14698, 23
14699, 7
14700, 16
14701, 24
14702, 56
14703, 23
14704, 56
14705, 15
14706, 39
14707, 32
14708, 15
14709, 24
14711, 24
14712, 32
14713, 24
14714, 40
14715, 15
14716, 8
14717, 38
14718, 24
14719, 40
14720, 16
14721, 16
14722, 55
14723, 15
14724, 7
14725, 24
14726, 39
14728, 15
14729, 31
14733, 40
14736, 40
14737, 8
14738, 8
14739, 41
14740, 7
14741, 16
14742, 7
14743, 8
14744, 7
14745, 32
14746, 24
14747, 23
14748, 23
14749, 8
14750, 48
14751, 24
14752, 7
14753, 48
14754, 24
14755, 23
14756, 31
14757, 57
14758, 7
14759, 23
14760, 16
14761, 8
14762, 40
14764, 32
14765, 8
14766, 7
14767, 73
14768, 39
14769, 32
14770, 23
14771, 15
14772, 7
14773, 31
14774, 14
14775, 40
14776, 40
14778, 72
14779, 40
14780, 16
14781, 49
14782, 8
14783, 39
14784, 23
14785, 8
14786, 8
14787, 63
14788, 39
14789, 33
14790, 39
14791, 8
14792, 47
14793, 23
14794, 23
14795, 8
14796, 8
14797, 24
14798, 23
14799, 31
14800, 39
14801, 7
14802, 15
14803, 55
14804, 16
14805, 30
14806, 8
14807, 47
14808, 31
14809, 7
14810, 15
14811, 40
14812, 7
14813, 24
14814, 24
14815, 8
14817, 8
14818, 16
14819, 16
14821, 16
14822, 16
14823, 22
14824, 7
14825, 31
14826, 7
14827, 23
14829, 7
14830, 23
14831, 24
14832, 23
14833, 23
14834, 23
14835, 16
14836, 40
14837, 23
14838, 23
14839, 38
14840, 7
14841, 40
14842, 15
14843, 47
14844, 31
14845, 16
14846, 8
14847, 7
14848, 38
14849, 7
14850, 23
14851, 24
14852, 15
14853, 72
14854, 31
14855, 31
14856, 7
14857, 24
14858, 32
14859, 15
14860, 16
14861, 56
14863, 24
14864, 72
14865, 31
14866, 7
14867, 47
14868, 40
14869, 23
14870, 7
14871, 16
14872, 32
14873, 64
14874, 16
14875, 40
14876, 23
14877, 49
14878, 23
14879, 32
14881, 8
14882, 32
14883, 7
14884, 31
14885, 23
14886, 39
14887, 8
14888, 39
14889, 31
14890, 31
14891, 7
14892, 39
14893, 39
14894, 15
14896, 32
14897, 39
14899, 24
14900, 24
14903, 8
14904, 24
14905, 7
14906, 8
14907, 15
14908, 23
14909, 15
14910, 16
14911, 23
14912, 16
14913, 7
14914, 7
14915, 8
14916, 32
14917, 23
14918, 23
14919, 23
14920, 16
14921, 32
14922, 31
14923, 23
14924, 48
14925, 8
14926, 15
14927, 23
14928, 40
14929, 46
14930, 8
14931, 23
14932, 16
14933, 24
14934, 16
14935, 23
14936, 8
14937, 24
14938, 57
14939, 39
14940, 47
14942, 24
14943, 16
14944, 31
14945, 7
14946, 48
14947, 32
14948, 16
14949, 63
14950, 24
14951, 23
14952, 32
14953, 40
14954, 24
14955, 23
14957, 57
14958, 16
14959, 55
14960, 16
14961, 46
14962, 25
14963, 41
14964, 15
14965, 24
14966, 8
14967, 25
14968, 8
14969, 32
14970, 23
14971, 48
14973, 49
14974, 24
14975, 24
14976, 23
14977, 7
14978, 55
14979, 15
14980, 15
14981, 24
14982, 31
14983, 16
14984, 8
14985, 23
14986, 15
14989, 7
14990, 31
14992, 16
14993, 24
14994, 16
14995, 16
14996, 31
14997, 8
14998, 15
14999, 8
15001, 16
15002, 40
15003, 16
15004, 40
15006, 32
15007, 32
15008, 22
15009, 40
15010, 23
15011, 8
15012, 31
15013, 23
15014, 47
15015, 40
15017, 16
15018, 41
15019, 7
15020, 16
15021, 24
15022, 16
15023, 23
15024, 79
15025, 16
15026, 31
15027, 16
15028, 15
15029, 32
15030, 15
15031, 16
15032, 56
15034, 49
15035, 39
15036, 39
15037, 33
15038, 31
15039, 24
15040, 32
15041, 7
15042, 24
15043, 32
15044, 56
15045, 24
15046, 31
15047, 32
15048, 32
15049, 31
15050, 31
15052, 8
15053, 24
15054, 32
15055, 24
15056, 40
15057, 15
15058, 8
15059, 40
15060, 38
15061, 23
15062, 7
15063, 57
15064, 23
15065, 15
15067, 40
15068, 24
15069, 7
15070, 32
15071, 16
15074, 16
15075, 16
15076, 7
15077, 8
15078, 24
15079, 15
15080, 7
15081, 24
15082, 22
15083, 24
15085, 7
15086, 7
15087, 24
15088, 15
15089, 39
15090, 23
15091, 16
15092, 31
15093, 23
15094, 40
15095, 32
15096, 16
15097, 24
15098, 32
15099, 49
15100, 15
15101, 15
15102, 7
15103, 23
15104, 31
15105, 15
15106, 23
15107, 8
15108, 23
15109, 66
15110, 32
15111, 24
15112, 22
15113, 23
15114, 24
15115, 24
15116, 16
15117, 15
15118, 55
15119, 8
15120, 71
15121, 24
15122, 15
15123, 39
15124, 39
15125, 32
15126, 15
15128, 40
15129, 39
15130, 31
15131, 48
15132, 32
15133, 7
15134, 64
15135, 24
15136, 8
15137, 8
15138, 16
15139, 24
15140, 15
15141, 22
15142, 55
15144, 24
15145, 46
15146, 15
15147, 31
15148, 8
15149, 40
15150, 38
15151, 7
15152, 24
15153, 24
15154, 15
15155, 15
15156, 32
15157, 7
15159, 8
15160, 25
15161, 7
15163, 7
15164, 39
15165, 8
15166, 8
15167, 31
15168, 16
15169, 15
15170, 8
15171, 8
15172, 8
15173, 39
15174, 15
15175, 31
15176, 7
15177, 40
15178, 24
15179, 23
15180, 32
15181, 31
15182, 8
15183, 39
15184, 32
15185, 48
15186, 24
15188, 15
15189, 32
15190, 15
15191, 24
15192, 7
15193, 16
15194, 33
15195, 71
15196, 15
15197, 38
15198, 25
15199, 8
15200, 31
15201, 7
15202, 40
15203, 40
15204, 8
15205, 49
15206, 40
15207, 40
15208, 24
15209, 23
15210, 31
15211, 39
15213, 7
15214, 48
15215, 56
15216, 24
15217, 49
15218, 32
15219, 25
15220, 23
15221, 16
15222, 15
15223, 8
15224, 32
15225, 25
15226, 24
15227, 31
15228, 23
15229, 16
15230, 15
15231, 46
15232, 40
15233, 8
15234, 40
15235, 31
15236, 15
15237, 7
15238, 32
15239, 31
15240, 8
15241, 16
15242, 15
15243, 7
15245, 7
15246, 24
15247, 7
15248, 7
15249, 23
15250, 24
15251, 8
15252, 40
15254, 15
15255, 7
15256, 7
15257, 16
15258, 15
15259, 39
15260, 23
15261, 16
15262, 24
15263, 24
15264, 39
15266, 63
15268, 23
15269, 38
15270, 24
15271, 38
15272, 23
15274, 23
15275, 39
15276, 16
15277, 16
15278, 16
15279, 15
15280, 64
15281, 31
15282, 39
15283, 7
15284, 15
15285, 31
15286, 23
15287, 24
15288, 33
15289, 23
15290, 24
15291, 48
15292, 39
15293, 31
15294, 40
15295, 24
15296, 40
15297, 8
15298, 8
15299, 33
15300, 32
15301, 39
15302, 57
15303, 23
15304, 33
15305, 33
15306, 24
15307, 16
15309, 15
15310, 32
15311, 31
15312, 23
15313, 24
15314, 14
15315, 33
15316, 47
15317, 33
15318, 7
15319, 15
15320, 63
15321, 8
15322, 15
15323, 16
15324, 23
15325, 23
15326, 8
15327, 23
15328, 15
15331, 24
15332, 15
15334, 24
15335, 15
15336, 15
15337, 25
15338, 24
15339, 8
15340, 15
15341, 8
15343, 23
15344, 39
15345, 15
15346, 32
15347, 8
15348, 23
15349, 31
15350, 23
15351, 40
15352, 23
15353, 24
15354, 24
15355, 24
15356, 55
15357, 16
15358, 25
15360, 40
15361, 16
15362, 24
15363, 8
15364, 16
15365, 50
15366, 57
15367, 32
15368, 15
15369, 8
15370, 31
15371, 24
15372, 15
15373, 23
15374, 46
15375, 8
15376, 55
15377, 40
15378, 32
15379, 8
15380, 47
15381, 32
15382, 23
15383, 7
15384, 16
15385, 38
15386, 56
15387, 7
15388, 72
15389, 16
15390, 32
15391, 31
15392, 23
15393, 8
15395, 23
15396, 23
15397, 40
15398, 24
15399, 23
15400, 8
15401, 48
15402, 23
15403, 32
15404, 7
15405, 39
15406, 56
15408, 8
15409, 33
15410, 24
15411, 7
15412, 24
15413, 23
15416, 16
15417, 25
15420, 31
15421, 23
15422, 8
15423, 33
15424, 7
15425, 23
15427, 7
15428, 7
15429, 32
15430, 32
15431, 16
15432, 23
15433, 32
15434, 16
15435, 31
15436, 24
15437, 38
15438, 15
15439, 24
15440, 31
15441, 32
15442, 47
15443, 8
15445, 23
15446, 39
15447, 16
15448, 15
15449, 7
15450, 23
15451, 89
15452, 7
15453, 48
15454, 8
15455, 7
15456, 39
15457, 14
15458, 16
15459, 65
15460, 8
15461, 8
15462, 72
15463, 41
15464, 7
15465, 32
15466, 48
15467, 16
15468, 22
15469, 8
15470, 23
15471, 63
15472, 16
15473, 55
15474, 23
15475, 24
15476, 47
15477, 15
15478, 15
15480, 32
15481, 24
15482, 24
15483, 24
15484, 39
15485, 8
15486, 33
15487, 38
15488, 24
15489, 15
15490, 16
15491, 56
15492, 23
15494, 24
15495, 39
15496, 8
15497, 7
15498, 39
15501, 8
15502, 33
15504, 8
15505, 16
15506, 15
15507, 15
15508, 16
15509, 30
15511, 23
15512, 8
15513, 7
15514, 24
15515, 40
15516, 16
15517, 24
15519, 39
15520, 15
15521, 39
15522, 57
15524, 24
15525, 32
15526, 7
15527, 64
15528, 15
15529, 24
15531, 32
15532, 15
15533, 32
15535, 15
15536, 55
15537, 47
15538, 40
15539, 15
15540, 16
15541, 32
15542, 24
15543, 8
15544, 32
15545, 39
15546, 8
15547, 56
15548, 31
15549, 31
15550, 32
15551, 32
15552, 22
15553, 39
15555, 33
15556, 49
15557, 24
15558, 31
15559, 56
15560, 8
15561, 48
15562, 23
15563, 23
15565, 7
15566, 24
15567, 32
15568, 24
15569, 31
15570, 23
15572, 63
15573, 24
15574, 31
15575, 8
15576, 40
15577, 30
15578, 15
15579, 16
15580, 25
15581, 31
15582, 16
15583, 16
15584, 7
15585, 7
15587, 8
15588, 31
15590, 8
15591, 23
15592, 23
15594, 39
15595, 7
15596, 24
15598, 16
15599, 8
15600, 16
15601, 40
15602, 15
15603, 23
15604, 32
15605, 16
15606, 31
15607, 32
15608, 38
15609, 8
15610, 40
15612, 72
15613, 7
15614, 23
15615, 16
15616, 24
15617, 24
15618, 7
15619, 23
15620, 16
15621, 24
15622, 55
15623, 31
15624, 47
15625, 8
15626, 24
15627, 40
15628, 8
15629, 16
15630, 32
15631, 23
15632, 33
15633, 31
15634, 55
15635, 15
15636, 39
15637, 31
15638, 41
15639, 7
15641, 39
15642, 64
15643, 16
15644, 57
15645, 7
15646, 40
15647, 31
15648, 23
15649, 15
15651, 23
15652, 24
15653, 31
15654, 40
15655, 24
15656, 8
15657, 16
15658, 46
15659, 32
15660, 23
15661, 41
15662, 24
15663, 23
15665, 24
15666, 31
15667, 16
15668, 8
15669, 39
15672, 8
15673, 25
15674, 7
15675, 8
15676, 24
15677, 24
15679, 33
15680, 7
15681, 24
15682, 7
15684, 15
15685, 24
15686, 23
15687, 23
15688, 23
15689, 15
15690, 31
15691, 40
15692, 16
15693, 49
15694, 15
15696, 56
15697, 25
15698, 39
15699, 24
15700, 16
15701, 16
15702, 24
15703, 7
15704, 23
15705, 24
15707, 81
15708, 24
15709, 39
15710, 15
15711, 16
15712, 23
15713, 23
15714, 23
15715, 16
15716, 47
15717, 16
15718, 74
15719, 7
15720, 31
15721, 32
15722, 39
15723, 31
15724, 24
15726, 15
15727, 39
15728, 55
15729, 15
15730, 56
15731, 32
15732, 24
15733, 31
15734, 23
15736, 16
15737, 25
15738, 32
15739, 16
15740, 32
15741, 22
15742, 24
15743, 47
15744, 7
15745, 39
15746, 8
15747, 57
15748, 23
15749, 7
15750, 8
15751, 32
15752, 23
15753, 7
15754, 39
15755, 8
15758, 16
15759, 23
15761, 8
15762, 32
15763, 15
15764, 8
15765, 15
15766, 22
15767, 24
15769, 16
15770, 7
15771, 23
15772, 40
15773, 24
15774, 8
15775, 24
15776, 47
15777, 16
15778, 24
15779, 39
15780, 8
15781, 40
15782, 16
15783, 56
15784, 23
15785, 8
15786, 15
15787, 24
15788, 24
15789, 7
15790, 23
15791, 15
15792, 16
15793, 78
15794, 23
15795, 30
15796, 15
15797, 24
15798, 24
15799, 23
15800, 25
15801, 41
15802, 16
15803, 16
15804, 54
15805, 23
15806, 30
15807, 39
15808, 41
15809, 24
15810, 15
15811, 8
15812, 49
15813, 57
15814, 8
15815, 56
15816, 16
15817, 24
15818, 54
15819, 8
15820, 15
15821, 16
15822, 8
15823, 16
15824, 30
15825, 56
15826, 8
15827, 7
15828, 23
15829, 46
15830, 48
15832, 24
15833, 47
15834, 23
15836, 40
15837, 23
15838, 7
15839, 24
15840, 24
15843, 8
15844, 8
15845, 23
15847, 32
15848, 8
15849, 15
15850, 33
15851, 15
15853, 22
15855, 15
15856, 24
15857, 24
15858, 39
15859, 16
15860, 24
15861, 16
15862, 39
15863, 15
15864, 24
15865, 30
15866, 24
15867, 32
15868, 49
15869, 23
15870, 23
15872, 15
15873, 40
15874, 15
15875, 24
15876, 8
15877, 15
15878, 40
15879, 64
15880, 25
15881, 23
15882, 24
15883, 7
15884, 30
15885, 24
15886, 32
15887, 32
15888, 7
15889, 64
15890, 40
15891, 23
15892, 24
15893, 48
15894, 32
15895, 16
15896, 8
15897, 25
15898, 23
15899, 63
15900, 16
15901, 48
15902, 15
15903, 48
15904, 31
15905, 16
15907, 16
15908, 16
15909, 31
15910, 39
15911, 32
15912, 7
15913, 16
15914, 57
15915, 23
15916, 23
15917, 16
15918, 55
15919, 24
15920, 8
15922, 40
15923, 15
15924, 16
15925, 31
15926, 8
15929, 16
15930, 24
15932, 8
15933, 40
15934, 7
15935, 16
15936, 24
15937, 7
15938, 24
15940, 7
15941, 16
15942, 31
15943, 23
15944, 40
15946, 24
15947, 31
15948, 31
15949, 32
15950, 31
15951, 24
15952, 16
15953, 15
15954, 63
15955, 23
15956, 7
15957, 16
15958, 41
15959, 16
15960, 16
15961, 8
15962, 16
15963, 33
15964, 64
15965, 32
15966, 31
15967, 8
15968, 24
15969, 31
15970, 7
15971, 32
15972, 23
15973, 24
15974, 32
15975, 55
15976, 39
15977, 16
15978, 31
15979, 39
15980, 23
15981, 15
15982, 8
15983, 48
15984, 23
15985, 31
15986, 55
15987, 23
15988, 32
15989, 38
15990, 15
15991, 15
15992, 7
15993, 24
15994, 24
15995, 32
15996, 24
15997, 30
15998, 8
15999, 41
16000, 31
16001, 16
16002, 22
16003, 32
16004, 38
16005, 23
16006, 8
16007, 25
16008, 24
16009, 15
16010, 32
16011, 7
16012, 7
16015, 32
16016, 7
16018, 32
16019, 8
16020, 15
16021, 24
16022, 23
16023, 16
16024, 7
16025, 8
16026, 16
16027, 8
16028, 48
16029, 16
16030, 23
16031, 24
16032, 32
16033, 16
16034, 32
16035, 40
16036, 15
16037, 33
16038, 15
16039, 49
16040, 40
16042, 24
16043, 16
16044, 24
16045, 15
16046, 23
16047, 16
16048, 16
16049, 32
16050, 63
16051, 33
16052, 15
16053, 24
16054, 7
16055, 47
16056, 8
16057, 40
16058, 23
16059, 16
16060, 40
16061, 64
16062, 16
16063, 32
16064, 31
16065, 24
16066, 30
16068, 41
16069, 22
16070, 40
16071, 64
16072, 16
16073, 24
16074, 31
16075, 30
16076, 23
16077, 8
16078, 16
16079, 16
16080, 24
16081, 39
16082, 40
16084, 16
16085, 45
16086, 24
16087, 31
16088, 15
16089, 32
16090, 47
16092, 7
16093, 48
16094, 8
16095, 15
16096, 23
16097, 16
16100, 24
16101, 16
16103, 16
16104, 24
16105, 15
16106, 8
16107, 15
16108, 22
16109, 23
16111, 16
16113, 48
16114, 24
16115, 15
16116, 15
16117, 22
16118, 31
16119, 31
16120, 24
16121, 39
16122, 16
16123, 24
16124, 23
16125, 63
16126, 16
16127, 8
16128, 16
16129, 16
16130, 22
16131, 15
16132, 23
16133, 15
16134, 15
16135, 54
16136, 63
16137, 23
16138, 24
16139, 16
16140, 8
16141, 30
16142, 16
16143, 39
16144, 24
16145, 23
16146, 55
16147, 39
16148, 32
16149, 16
16150, 32
16151, 39
16152, 7
16153, 8
16154, 48
16155, 31
16156, 39
16157, 38
16158, 23
16159, 30
16160, 46
16161, 8
16162, 15
16163, 16
16164, 16
16165, 23
16166, 23
16167, 31
16168, 31
16169, 8
16170, 48
16171, 23
16172, 39
16173, 8
16174, 25
16175, 49
16176, 15
16177, 8
16178, 24
16179, 31
16180, 7
16181, 7
16182, 30
16183, 7
16186, 40
16189, 32
16190, 24
16191, 8
16192, 7
16193, 31
16194, 16
16195, 7
16196, 8
16197, 8
16198, 31
16199, 24
16200, 32
16201, 16
16202, 8
16203, 31
16204, 32
16205, 23
16206, 57
16208, 31
16209, 31
16210, 16
16211, 63
16213, 24
16214, 16
16215, 32
16216, 8
16217, 24
16218, 8
16219, 16
16220, 57
16221, 47
16222, 40
16223, 7
16224, 7
16225, 30
16226, 31
16227, 16
16228, 15
16229, 47
16230, 25
16231, 66
16232, 16
16233, 31
16234, 49
16235, 15
16236, 23
16237, 31
16239, 33
16240, 64
16241, 23
16242, 41
16243, 31
16244, 23
16245, 40
16246, 23
16247, 16
16248, 8
16249, 7
16250, 24
16251, 31
16252, 32
16253, 32
16254, 7
16255, 32
16256, 39
16257, 24
16258, 23
16260, 72
16261, 23
16263, 7
16264, 39
16265, 23
16266, 7
16267, 32
16268, 8
16270, 8
16272, 31
16274, 24
16275, 16
16276, 15
16277, 8
16278, 39
16279, 8
16280, 15
16281, 8
16282, 8
16283, 15
16284, 24
16285, 32
16286, 15
16287, 24
16288, 32
16289, 23
16290, 32
16291, 24
16292, 39
16294, 48
16295, 16
16296, 55
16297, 16
16298, 7
16299, 16
16300, 41
16301, 7
16302, 16
16303, 15
16304, 15
16305, 40
16306, 54
16307, 40
16308, 23
16309, 16
16310, 24
16311, 24
16312, 16
16313, 16
16314, 47
16315, 7
16316, 15
16317, 88
16318, 23
16319, 24
16320, 40
16321, 15
16322, 39
16323, 7
16324, 8
16325, 40
16326, 48
16327, 31
16328, 55
16329, 16
16330, 41
16331, 31
16332, 23
16334, 16
16335, 8
16336, 32
16337, 23
16338, 31
16339, 31
16340, 8
16341, 48
16342, 23
16343, 32
16344, 16
16345, 32
16346, 40
16347, 16
16348, 7
16349, 16
16350, 39
16351, 7
16352, 23
16353, 24
16356, 16
16357, 16
16358, 7
16359, 8
16360, 16
16361, 16
16362, 15
16363, 24
16364, 23
16365, 7
16366, 15
16367, 8
16368, 15
16369, 25
16370, 23
16371, 16
16372, 31
16373, 16
16374, 24
16375, 31
16376, 31
16377, 48
16378, 8
16379, 32
16380, 24
16381, 50
16382, 23
16383, 15
16384, 16
16385, 24
16386, 16
16387, 16
16388, 16
16389, 23
16390, 16
16391, 56
16392, 39
16393, 39
16394, 7
16395, 24
16396, 24
16397, 31
16398, 8
16399, 40
16400, 23
16401, 15
16402, 56
16403, 40
16404, 31
16405, 24
16406, 40
16407, 40
16408, 8
16409, 8
16410, 32
16411, 57
16412, 32
16413, 16
16414, 39
16415, 32
16416, 40
16417, 15
16418, 24
16419, 8
16420, 16
16421, 24
16422, 24
16423, 23
16424, 40
16425, 7
16426, 16
16427, 64
16428, 25
16429, 15
16430, 24
16431, 40
16432, 31
16433, 8
16434, 8
16435, 39
16436, 16
16437, 16
16438, 23
16439, 7
16442, 24
16443, 16
16445, 16
16446, 24
16447, 16
16448, 16
16449, 30
16450, 16
16451, 7
16452, 8
16453, 8
16454, 15
16455, 24
16456, 23
16457, 32
16458, 7
16459, 32
16460, 31
16461, 23
16462, 23
16463, 47
16464, 8
16465, 49
16466, 8
16467, 56
16468, 8
16469, 32
16471, 32
16472, 24
16473, 8
16474, 23
16475, 7
16476, 32
16477, 81
16478, 16
16479, 30
16480, 8
16481, 32
16482, 24
16483, 16
16484, 24
16485, 32
16486, 23
16487, 32
16488, 55
16489, 31
16490, 32
16491, 24
16492, 31
16493, 39
16495, 16
16496, 39
16497, 56
16498, 24
16499, 49
16500, 16
16501, 40
16502, 31
16503, 24
16505, 8
16506, 7
16507, 47
16508, 16
16509, 48
16510, 15
16511, 8
16512, 56
16513, 24
16514, 33
16515, 8
16516, 33
16517, 38
16518, 15
16519, 7
16520, 49
16521, 16
16523, 32
16524, 7
16525, 7
16527, 7
16528, 24
16529, 7
16530, 7
16531, 24
16532, 24
16534, 32
16535, 15
16536, 16
16537, 7
16538, 8
16539, 7
16540, 33
16541, 24
16542, 31
16543, 16
16544, 15
16545, 40
16546, 33
16547, 16
16548, 48
16549, 8
16550, 23
16551, 31
16552, 40
16553, 31
16554, 15
16555, 16
16556, 16
16557, 24
16558, 16
16559, 15
16560, 15
16561, 40
16562, 49
16563, 30
16564, 48
16565, 8
16566, 8
16567, 23
16568, 39
16569, 8
16570, 49
16571, 15
16572, 24
16573, 48
16574, 31
16575, 31
16576, 41
16577, 31
16578, 32
16579, 16
16581, 24
16582, 55
16583, 47
16584, 49
16585, 7
16586, 32
16587, 40
16588, 23
16589, 15
16591, 24
16592, 16
16593, 23
16594, 32
16595, 47
16597, 24
16598, 47
16599, 24
16600, 31
16601, 8
16602, 55
16603, 23
16605, 7
16606, 40
16607, 23
16608, 8
16609, 32
16610, 8
16613, 24
16614, 15
16616, 15
16617, 31
16618, 8
16619, 8
16620, 40
16621, 16
16622, 7
16623, 8
16624, 8
16625, 16
16626, 32
16627, 24
16628, 23
16629, 24
16630, 24
16631, 40
16632, 16
16633, 25
16634, 31
16635, 16
16636, 49
16637, 8
16638, 48
16639, 23
16640, 24
16642, 39
16643, 16
16644, 25
16645, 8
16646, 15
16647, 49
16648, 57
16649, 16
16650, 30
16651, 7
16652, 31
16653, 24
16654, 15
16655, 31
16656, 40
16657, 8
16658, 57
16659, 32
16660, 31
16661, 24
16662, 47
16663, 32
16664, 16
16665, 7
16666, 8
16667, 56
16668, 48
16669, 15
16670, 48
16671, 23
16672, 40
16673, 31
16674, 24
16676, 16
16677, 16
16678, 24
16679, 31
16680, 48
16681, 7
16682, 8
16683, 40
16684, 29
16685, 30
16686, 15
16687, 32
16688, 47
16689, 7
16690, 7
16691, 40
16692, 15
16693, 16
16694, 16
16695, 15
16696, 7
16698, 7
16699, 24
16700, 7
16701, 7
16702, 24
16703, 24
16704, 8
16705, 33
16706, 7
16707, 24
16709, 8
16710, 16
16711, 16
16712, 23
16713, 31
16714, 22
16715, 16
16716, 32
16717, 40
16718, 24
16719, 31
16720, 7
16721, 32
16722, 31
16723, 16
16724, 53
16725, 15
16726, 16
16727, 24
16728, 23
16729, 7
16730, 23
16731, 16
16732, 16
16733, 56
16734, 38
16735, 39
16736, 15
16737, 16
16738, 24
16739, 24
16740, 24
16741, 40
16742, 24
16743, 8
16744, 62
16745, 40
16746, 15
16747, 32
16748, 47
16749, 31
16750, 7
16751, 8
16752, 33
16753, 56
16754, 15
16755, 24
16756, 46
16757, 32
16758, 47
16759, 24
16760, 7
16761, 7
16762, 8
16763, 23
16764, 39
16765, 32
16766, 23
16767, 15
16768, 16
16769, 54
16770, 8
16771, 30
16772, 24
16773, 40
16774, 15
16775, 15
16776, 24
16777, 31
16778, 15
16779, 24
16780, 16
16781, 8
16784, 24
16785, 15
16787, 15
16788, 23
16789, 15
16790, 16
16791, 24
16792, 7
16793, 23
16795, 15
16796, 24
16797, 24
16798, 32
16799, 24
16800, 8
16801, 32
16802, 24
16803, 23
16804, 40
16805, 32
16806, 16
16807, 32
16808, 24
16809, 47
16810, 16
16811, 25
16813, 32
16814, 24
16815, 16
16816, 15
16817, 16
16818, 41
16819, 64
16820, 33
16821, 15
16822, 16
16823, 16
16824, 40
16825, 8
16826, 32
16827, 24
16828, 23
16829, 57
16830, 40
16831, 33
16832, 7
16833, 47
16834, 41
16835, 23
16837, 24
16838, 48
16839, 31
16840, 33
16841, 47
16842, 24
16843, 40
16844, 23
16845, 24
16846, 8
16848, 23
16849, 31
16850, 23
16851, 31
16852, 23
16853, 24
16854, 39
16855, 24
16856, 32
16858, 49
16859, 31
16860, 15
16861, 8
16862, 40
16863, 16
16864, 15
16865, 31
16867, 7
16869, 8
16870, 33
16872, 8
16873, 23
16874, 16
16875, 16
16876, 24
16877, 15
16878, 24
16880, 7
16881, 15
16882, 24
16883, 24
16884, 40
16885, 8
16886, 16
16887, 48
16888, 16
16889, 16
16890, 55
16891, 24
16892, 8
16893, 31
16894, 40
16895, 31
16896, 7
16897, 24
16898, 24
16899, 16
16900, 15
16901, 23
16902, 7
16903, 32
16904, 40
16905, 46
16906, 48
16908, 31
16909, 8
16910, 39
16911, 8
16912, 65
16913, 8
16914, 8
16915, 63
16916, 40
16917, 15
16918, 41
16919, 40
16920, 23
16921, 15
16923, 41
16924, 56
16925, 16
16926, 47
16927, 39
16928, 24
16929, 47
16930, 16
16931, 8
16932, 8
16933, 16
16934, 40
16935, 16
16936, 32
16937, 31
16939, 48
16940, 16
16941, 32
16942, 31
16943, 16
16944, 48
16945, 15
16946, 15
16947, 7
16948, 39
16949, 15
16950, 24
16951, 15
16952, 7
16955, 15
16956, 23
16958, 15
16959, 32
16960, 8
16961, 32
16962, 16
16963, 16
16964, 7
16965, 8
16966, 7
16967, 23
16968, 16
16969, 31
16970, 32
16972, 48
16973, 32
16974, 7
16975, 55
16976, 7
16977, 23
16978, 24
16979, 24
16980, 55
16981, 24
16982, 16
16984, 40
16985, 15
16986, 23
16988, 15
16989, 48
16990, 54
16991, 40
16992, 15
16993, 24
16994, 7
16995, 31
16996, 15
16997, 23
16998, 48
16999, 7
17000, 65
17001, 32
17002, 32
17003, 24
17004, 32
17005, 40
17006, 24
17008, 24
17009, 56
17010, 24
17011, 31
17012, 48
17013, 7
17014, 48
17015, 32
17016, 24
17018, 15
17019, 24
17020, 23
17021, 23
17022, 31
17023, 22
17024, 8
17025, 56
17026, 24
17027, 31
17028, 7
17029, 48
17030, 31
17031, 8
17032, 7
17033, 32
17034, 31
17036, 32
17037, 15
17040, 16
17041, 24
17043, 25
17044, 8
17045, 16
17046, 16
17047, 24
17048, 15
17049, 24
17051, 7
17052, 15
17053, 33
17054, 32
17055, 16
17056, 15
17057, 33
17058, 32
17059, 16
17060, 40
17061, 32
17062, 7
17063, 40
17064, 16
17065, 40
17066, 31
17067, 15
17068, 15
17069, 24
17070, 23
17071, 16
17072, 15
17073, 16
17074, 32
17075, 64
17076, 24
17077, 40
17078, 8
17079, 15
17080, 23
17081, 31
17082, 8
17083, 40
17084, 22
17085, 33
17086, 55
17087, 40
17088, 16
17089, 40
17090, 23
17091, 32
17092, 15
17093, 8
17094, 48
17095, 40
17096, 24
17097, 47
17098, 24
17099, 41
17100, 32
17101, 15
17102, 15
17103, 7
17104, 16
17105, 41
17106, 16
17107, 23
17108, 38
17109, 8
17110, 40
17111, 23
17112, 32
17113, 15
17114, 32
17115, 47
17116, 16
17117, 8
17118, 8
17119, 48
17120, 7
17121, 16
17122, 31
17126, 15
17127, 22
17128, 8
17129, 7
17130, 32
17131, 16
17132, 16
17133, 24
17134, 8
17135, 15
17136, 8
17137, 8
17138, 7
17139, 31
17140, 31
17141, 23
17142, 7
17143, 40
17144, 23
17145, 23
17146, 39
17147, 31
17148, 15
17149, 24
17150, 24
17151, 55
17152, 15
17153, 24
17155, 39
17156, 16
17157, 8
17158, 15
17159, 23
17160, 56
17161, 39
17162, 40
17163, 15
17164, 8
17165, 15
17166, 46
17167, 7
17168, 40
17169, 15
17170, 31
17171, 24
17172, 72
17173, 16
17174, 24
17175, 47
17176, 32
17177, 24
17179, 25
17180, 49
17181, 31
17182, 40
17183, 31
17184, 15
17185, 47
17186, 31
17187, 24
17188, 8
17189, 16
17190, 7
17191, 31
17192, 32
17193, 15
17194, 30
17195, 8
17196, 63
17197, 24
17198, 24
17199, 16
17200, 32
17201, 31
17202, 15
17203, 16
17204, 32
17205, 15
17206, 23
17207, 25
17208, 8
17211, 7
17212, 32
17214, 7
17215, 32
17216, 7
17217, 15
17218, 15
17219, 22
17220, 23
17221, 8
17223, 16
17224, 24
17225, 49
17226, 16
17227, 7
17228, 40
17229, 15
17230, 24
17231, 31
17232, 31
17233, 32
17234, 25
17235, 16
17236, 23
17237, 54
17238, 7
17239, 15
17240, 24
17241, 23
17242, 7
17243, 23
17244, 7
17245, 48
17246, 56
17247, 31
17248, 32
17249, 16
17250, 8
17251, 31
17252, 24
17253, 16
17254, 23
17255, 39
17256, 24
17257, 64
17258, 32
17259, 8
17260, 31
17261, 39
17262, 47
17264, 16
17265, 41
17266, 32
17267, 31
17268, 32
17269, 30
17270, 32
17271, 54
17272, 8
17273, 15
17274, 7
17275, 24
17276, 16
17277, 39
17278, 24
17279, 24
17280, 15
17281, 23
17282, 46
17283, 25
17284, 14
17285, 32
17286, 39
17287, 23
17288, 8
17289, 25
17290, 24
17291, 15
17292, 24
17293, 16
17294, 7
17297, 23
17298, 15
17300, 23
17301, 32
17303, 16
17304, 32
17305, 8
17306, 15
17307, 8
17308, 16
17309, 16
17310, 40
17311, 16
17312, 23
17313, 16
17314, 32
17315, 32
17316, 24
17317, 49
17318, 8
17319, 16
17320, 32
17321, 40
17322, 48
17323, 8
17325, 15
17326, 40
17327, 7
17328, 31
17329, 8
17330, 7
17331, 56
17332, 56
17333, 40
17334, 7
17335, 16
17336, 23
17337, 32
17338, 8
17339, 32
17340, 24
17341, 23
17342, 63
17343, 40
17344, 23
17345, 24
17346, 39
17347, 32
17348, 23
17350, 24
17351, 40
17352, 40
17353, 40
17354, 47
17355, 8
17356, 64
17357, 7
17358, 23
17359, 8
17360, 8
17361, 24
17362, 32
17363, 15
17364, 31
17365, 22
17366, 16
17367, 48
17368, 15
17369, 38
17370, 8
17371, 47
17372, 30
17373, 7
17374, 16
17375, 23
17376, 30
17377, 8
17378, 24
17379, 15
17382, 16
17383, 24
17385, 24
17386, 7
17387, 23
17388, 16
17389, 24
17390, 7
17391, 24
17393, 16
17394, 16
17395, 16
17396, 31
17397, 31
17398, 7
17399, 31
17400, 23
17401, 31
17402, 49
17403, 16
17404, 8
17405, 31
17406, 23
17407, 56
17408, 23
17409, 7
17410, 15
17411, 32
17412, 24
17413, 16
17414, 7
17415, 24
17416, 16
17417, 63
17418, 39
17419, 31
17420, 16
17421, 16
17422, 24
17423, 23
17424, 16
17425, 48
17426, 16
17427, 40
17428, 41
17429, 40
17430, 15
17431, 32
17432, 32
17433, 47
17435, 8
17436, 48
17437, 23
17438, 31
17439, 65
17440, 16
17441, 49
17442, 31
17443, 16
17444, 7
17445, 8
17446, 16
17447, 31
17448, 31
17449, 32
17450, 24
17452, 56
17453, 23
17454, 32
17455, 7
17456, 49
17457, 31
17458, 16
17460, 32
17461, 31
17462, 7
17463, 25
17464, 15
17465, 8
17468, 41
17471, 23
17472, 24
17473, 8
17474, 32
17475, 15
17476, 16
17477, 7
17478, 7
17479, 8
17480, 41
17481, 8
17482, 39
17483, 16
17484, 24
17485, 7
17486, 31
17487, 31
17488, 48
17489, 7
17490, 16
17491, 47
17492, 33
17493, 40
17494, 16
17496, 24
17497, 31
17498, 16
17499, 23
17500, 7
17501, 7
17502, 56
17503, 55
17504, 24
17505, 23
17506, 24
17507, 24
17508, 23
17509, 7
17510, 32
17511, 39
17512, 16
17513, 48
17514, 47
17515, 23
17516, 15
17517, 39
17518, 40
17519, 24
17521, 42
17522, 31
17523, 48
17524, 15
17525, 47
17526, 33
17527, 56
17529, 23
17530, 8
17531, 7
17532, 15
17533, 40
17534, 23
17535, 47
17537, 41
17538, 32
17539, 16
17540, 32
17541, 16
17542, 48
17543, 15
17544, 15
17545, 8
17546, 48
17547, 15
17549, 39
17550, 8
17553, 16
17554, 23
17556, 24
17557, 15
17558, 15
17559, 8
17560, 38
17562, 24
17564, 15
17565, 8
17566, 32
17567, 22
17568, 31
17569, 8
17570, 41
17571, 24
17572, 24
17573, 16
17574, 46
17575, 24
17577, 39
17578, 64
17579, 16
17580, 7
17581, 16
17582, 33
17583, 15
17584, 15
17585, 16
17586, 24
17587, 24
17588, 56
17589, 30
17590, 39
17591, 8
17592, 23
17593, 31
17594, 15
17595, 16
17596, 40
17597, 23
17598, 33
17599, 39
17600, 46
17601, 8
17602, 56
17603, 15
17604, 40
17605, 7
17606, 8
17607, 48
17608, 57
17609, 16
17610, 57
17611, 15
17612, 24
17613, 39
17614, 15
17615, 15
17616, 8
17617, 16
17618, 40
17619, 16
17620, 40
17621, 15
17622, 15
17623, 31
17624, 38
17625, 32
17626, 16
17627, 32
17628, 30
17629, 22
17630, 8
17631, 32
17632, 23
17633, 7
17634, 24
17635, 23
17638, 8
17639, 16
17640, 15
17642, 24
17643, 32
17645, 16
17646, 31
17647, 24
17649, 8
17650, 7
17651, 32
17652, 16
17653, 39
17654, 15
17655, 16
17656, 32
17657, 41
17658, 7
17659, 39
17660, 23
17661, 15
17662, 31
17663, 15
17664, 55
17665, 23
17666, 16
17667, 16
17668, 23
17669, 7
17670, 31
17671, 16
17672, 24
17673, 57
17674, 31
17675, 15
17676, 30
17677, 16
17678, 39
17679, 8
17680, 15
17681, 23
17682, 55
17684, 80
17685, 24
17686, 23
17687, 40
17688, 32
17689, 40
17690, 7
17692, 41
17693, 32
17694, 40
17695, 56
17696, 24
17697, 7
17698, 62
17699, 24
17700, 7
17702, 16
17703, 23
17704, 23
17705, 39
17706, 40
17707, 8
17708, 24
17709, 39
17710, 24
17711, 23
17712, 7
17713, 48
17714, 39
17716, 24
17717, 24
17718, 23
17719, 8
17720, 31
17721, 8
17724, 24
17725, 15
17727, 16
17728, 31
17729, 8
17730, 16
17731, 24
17732, 16
17733, 15
17734, 8
17735, 8
17736, 16
17737, 16
17738, 39
17739, 24
17740, 7
17741, 31
17742, 24
17743, 31
17744, 57
17745, 7
17746, 16
17747, 39
17748, 8
17749, 65
17750, 16
17751, 15
17752, 8
17753, 40
17754, 16
17755, 16
17756, 16
17757, 7
17758, 32
17759, 73
17760, 7
17761, 46
17762, 16
17763, 15
17764, 40
17765, 8
17766, 16
17767, 40
17768, 23
17769, 49
17770, 40
17771, 23
17772, 23
17773, 31
17774, 40
17775, 40
17778, 63
17779, 41
17780, 32
17781, 7
17782, 46
17783, 56
17784, 24
17785, 8
17786, 15
17787, 8
17788, 16
17789, 23
17790, 39
17791, 32
17792, 23
17793, 16
17794, 47
17795, 24
17796, 32
17797, 8
17798, 33
17799, 47
17800, 8
17801, 8
17802, 49
17803, 8
17804, 7
17805, 32
17806, 7
17807, 7
17809, 8
17810, 24
17811, 7
17812, 8
17813, 24
17814, 24
17815, 8
17816, 40
17818, 8
17819, 15
17820, 16
17822, 41
17823, 24
17824, 24
17825, 15
17826, 16
17827, 40
17828, 32
17829, 15
17830, 40
17831, 7
17832, 22
17833, 32
17834, 48
17835, 23
17836, 23
17837, 16
17838, 16
17839, 23
17840, 16
17841, 15
17842, 23
17843, 25
17844, 57
17845, 31
17846, 32
17847, 15
17848, 23
17849, 24
17850, 23
17851, 8
17852, 39
17853, 31
17854, 8
17855, 72
17856, 32
17857, 23
17858, 32
17859, 31
17860, 40
17861, 16
17862, 8
17863, 16
17864, 47
17865, 39
17866, 56
17867, 15
17868, 23
17869, 56
17870, 16
17871, 16
17872, 8
17873, 25
17874, 16
17875, 14
17876, 39
17877, 31
17878, 16
17879, 24
17880, 39
17881, 7
17882, 39
17883, 16
17884, 57
17885, 23
17887, 16
17888, 39
17889, 7
17890, 24
17891, 24
17892, 8
17894, 8
17895, 16
17896, 15
17897, 8
17898, 15
17899, 24
17900, 8
17901, 25
17902, 15
17903, 16
17904, 15
17906, 15
17907, 16
17908, 32
17909, 32
17910, 24
17911, 8
17912, 24
17913, 48
17914, 8
17915, 32
17916, 31
17917, 25
17918, 25
17919, 24
17920, 57
17921, 16
17922, 7
17923, 15
17924, 33
17925, 23
17926, 8
17927, 15
17928, 23
17929, 40
17930, 56
17931, 40
17932, 15
17933, 8
17934, 15
17935, 48
17936, 7
17937, 24
17938, 23
17939, 31
17940, 47
17941, 40
17942, 24
17943, 23
17944, 32
17945, 46
17946, 32
17948, 8
17949, 55
17950, 40
17951, 23
17952, 49
17953, 32
17954, 24
17955, 39
17956, 15
17957, 7
17958, 8
17959, 23
17960, 32
17961, 31
17962, 16
17963, 30
17964, 7
17965, 39
17966, 39
17967, 24
17968, 15
17969, 40
17970, 40
17971, 8
17972, 8
17973, 16
17974, 30
17975, 15
17976, 40
17978, 7
17980, 16
17981, 16
17982, 7
17983, 8
17984, 32
17985, 16
17986, 8
17987, 32
17988, 7
17989, 24
17991, 7
17992, 15
17993, 23
17994, 32
17995, 16
17996, 24
17997, 24
17998, 24
17999, 40
18000, 25
18001, 40
18002, 7
18003, 33
18004, 15
18005, 56
18006, 24
18007, 7
18008, 7
18009, 15
18010, 39
18011, 16
18012, 23
18013, 8
18014, 41
18015, 58
18016, 31
18017, 32
18018, 15
18019, 16
18020, 31
18021, 16
18022, 15
18023, 24
18024, 37
18025, 16
18026, 55
18027, 47
18028, 15
18029, 41
18030, 39
18031, 33
18032, 7
18034, 41
18035, 39
18036, 31
18037, 48
18038, 23
18039, 23
18040, 47
18041, 15
18042, 23
18043, 8
18044, 8
18045, 15
18046, 47
18047, 32
18048, 32
18050, 40
18051, 33
18052, 7
18053, 38
18054, 16
18055, 64
18056, 8
18057, 7
18058, 32
18059, 31
18060, 7
18062, 38
18063, 8
18066, 15
18067, 23
18069, 15
18070, 15
18071, 23
18072, 33
18073, 15
18074, 16
18075, 7
18076, 8
18077, 8
18078, 24
18079, 24
18080, 33
18081, 24
18082, 16
18083, 16
18084, 40
18085, 15
18086, 41
18087, 23
18088, 7
18089, 40
18090, 24
18091, 48
18092, 24
18093, 25
18095, 23
18096, 31
18097, 7
18098, 15
18099, 15
18100, 39
18101, 71
18102, 16
18103, 31
18104, 16
18105, 7
18106, 39
18107, 15
18108, 15
18109, 39
18110, 24
18111, 24
18112, 62
18113, 30
18114, 32
18115, 24
18116, 47
18117, 24
18119, 16
18120, 48
18121, 48
18122, 32
18123, 31
18124, 15
18125, 40
18126, 39
18127, 15
18128, 16
18129, 8
18130, 16
18131, 32
18132, 40
18133, 32
18134, 7
18136, 63
18137, 16
18138, 33
18139, 15
18140, 56
18141, 16
18142, 15
18143, 7
18144, 23
18145, 23
18146, 15
18147, 40
18148, 8
18151, 8
18152, 32
18154, 7
18155, 24
18156, 23
18158, 39
18159, 7
18160, 15
18161, 7
18162, 16
18163, 8
18164, 23
18165, 32
18166, 24
18167, 16
18168, 16
18169, 23
18170, 38
18171, 24
18172, 48
18173, 8
18174, 24
18175, 32
18176, 24
18177, 38
18178, 15
18179, 24
18180, 25
18181, 15
18182, 23
18183, 15
18184, 8
18185, 49
18186, 32
18187, 38
18188, 48
18190, 23
18191, 32
18192, 16
18193, 32
18194, 24
18195, 32
18196, 24
18197, 47
18198, 32
18199, 22
18200, 40
18201, 24
18202, 48
18203, 7
18204, 8
18205, 32
18206, 40
18207, 39
18208, 47
18209, 23
18210, 32
18211, 31
18212, 31
18213, 7
18214, 8
18215, 8
18216, 41
18217, 24
18218, 23
18219, 40
18220, 8
18221, 32
18222, 40
18223, 25
18224, 15
18225, 24
18226, 48
18227, 15
18228, 15
18229, 8
18230, 48
18231, 7
18232, 7
18233, 31
18234, 7
18237, 32
18238, 7
18240, 16
18241, 23
18242, 15
18243, 33
18244, 7
18245, 15
18246, 15
18247, 8
18248, 8
18249, 24
18250, 23
18251, 31
18252, 23
18253, 8
18254, 40
18255, 16
18256, 23
18257, 40
18258, 31
18259, 16
18260, 24
18261, 40
18262, 31
18263, 31
18265, 15
18266, 40
18267, 16
18268, 7
18269, 15
18270, 23
18271, 41
18272, 64
18273, 25
18274, 22
18275, 16
18276, 32
18277, 24
18278, 7
18279, 24
18280, 31
18281, 23
18282, 48
18283, 39
18284, 32
18285, 23
18286, 48
18287, 31
18288, 23
18290, 24
18291, 39
18292, 48
18293, 24
18294, 39
18295, 15
18296, 55
18297, 15
18298, 31
18300, 8
18301, 23
18302, 32
18303, 33
18304, 32
18305, 15
18306, 16
18307, 47
18308, 32
18309, 23
18310, 7
18311, 41
18312, 39
18313, 8
18314, 7
18315, 23
18316, 30
18317, 15
18318, 24
18319, 7
18320, 7
18322, 8
18323, 32
18325, 8
18326, 16
18327, 31
18328, 16
18329, 32
18331, 16
18332, 7
18333, 15
18334, 8
18335, 23
18336, 23
18337, 31
18338, 15
18339, 25
18340, 31
18341, 23
18342, 40
18343, 31
18344, 24
18345, 8
18346, 31
18347, 57
18348, 7
18349, 23
18350, 16
18351, 16
18352, 31
18353, 16
18354, 15
18355, 16
18356, 32
18357, 49
18358, 31
18359, 40
18360, 15
18361, 16
18362, 31
18363, 24
18364, 8
18365, 64
18366, 8
18367, 25
18368, 48
18369, 39
18370, 15
18371, 48
18372, 33
18373, 24
18374, 15
18375, 8
18376, 41
18377, 32
18378, 39
18379, 58
18380, 16
18381, 23
18382, 31
18383, 22
18384, 22
18386, 23
18387, 24
18388, 23
18389, 32
18390, 39
18391, 8
18392, 16
18393, 54
18394, 32
18395, 7
18396, 24
18397, 54
18398, 7
18399, 15
18400, 16
18401, 32
18402, 15
18403, 8
18404, 31
18405, 8
18407, 8
18408, 15
18409, 16
18410, 8
18411, 16
18412, 16
18413, 15
18414, 24
18415, 23
18416, 16
18417, 8
18419, 23
18420, 24
18421, 24
18422, 23
18423, 23
18425, 40
18426, 32
18427, 23
18428, 41
18429, 15
18430, 23
18431, 40
18432, 16
18433, 38
18434, 31
18435, 16
18437, 39
18438, 16
18439, 16
18440, 7
18441, 15
18442, 31
18443, 80
18444, 16
18445, 30
18446, 24
18447, 8
18448, 39
18449, 8
18450, 24
18451, 49
18452, 7
18453, 57
18454, 31
18455, 31
18456, 24
18457, 48
18458, 32
18459, 23
18461, 15
18462, 48
18463, 56
18464, 24
18465, 47
18466, 8
18467, 48
18468, 23
18469, 24
18471, 15
18472, 15
18473, 24
18474, 47
18475, 7
18476, 30
18477, 41
18478, 24
18479, 23
18480, 31
18482, 48
18483, 31
18484, 15
18485, 16
18486, 24
18487, 31
18488, 8
18489, 24
18490, 7
18491, 7
18493, 16
18494, 23
18496, 7
18497, 31
18498, 8
18499, 7
18500, 23
18501, 22
18502, 16
18503, 7
18504, 8
18505, 15
18506, 32
18507, 24
18508, 31
18509, 7
18510, 24
18511, 32
18512, 24
18513, 40
18514, 31
18515, 8
18516, 31
18517, 23
18518, 56
18519, 24
18520, 7
18521, 15
18522, 16
18523, 39
18525, 23
18526, 7
18527, 31
18528, 55
18529, 30
18530, 39
18531, 7
18532, 23
18533, 30
18534, 24
18535, 16
18536, 40
18537, 23
18538, 8
18539, 80
18540, 24
18541, 7
18542, 39
18543, 30
18544, 30
18545, 23
18547, 57
18548, 41
18549, 23
18550, 40
18551, 39
18552, 25
18553, 39
18554, 24
18555, 7
18556, 8
18557, 24
18558, 24
18559, 15
18560, 39
18561, 31
18563, 32
18564, 48
18565, 24
18566, 23
18568, 62
18569, 23
18570, 7
18571, 16
18572, 31
18573, 16
18574, 24
18575, 23
18579, 24
18580, 15
18582, 32
18583, 15
18584, 16
18585, 8
18586, 30
18587, 16
18588, 7
18590, 15
18591, 24
18592, 40
18593, 8
18594, 23
18595, 15
18596, 31
18597, 32
18598, 15
18599, 48
18600, 23
18601, 15
18602, 32
18603, 24
18604, 55
18605, 15
18606, 16
18608, 40
18609, 15
18610, 8
18611, 14
18612, 24
18613, 49
18614, 55
18615, 25
18616, 22
18617, 24
18618, 16
18619, 15
18620, 40
18621, 24
18622, 31
18623, 8
18624, 39
18625, 55
18626, 32
18627, 25
18628, 31
18629, 39
18630, 24
18632, 32
18633, 32
18634, 48
18635, 23
18636, 47
18637, 15
18638, 39
18639, 31
18640, 23
18641, 8
18642, 8
18643, 24
18644, 32
18645, 23
18646, 40
18647, 7
18648, 8
18649, 54
18650, 24
18651, 31
18653, 47
18654, 30
18655, 15
18656, 16
18657, 32
18658, 23
18659, 16
18660, 8
18661, 23
18664, 7
18665, 32
18667, 16
18668, 24
18669, 7
18670, 16
18671, 32
18672, 7
18673, 23
18675, 8
18676, 16
18677, 31
18678, 31
18679, 24
18680, 7
18681, 32
18682, 33
18683, 24
18684, 32
18685, 31
18686, 7
18687, 32
18688, 15
18689, 54
18690, 31
18691, 7
18692, 16
18693, 24
18694, 24
18695, 7
18696, 23
18697, 16
18698, 24
18699, 72
18700, 32
18701, 32
18703, 23
18704, 23
18705, 22
18706, 32
18707, 41
18708, 16
18709, 16
18710, 72
18711, 24
18712, 15
18713, 55
18714, 32
18715, 15
18716, 15
18717, 8
18718, 48
18719, 32
18720, 31
18721, 56
18722, 23
18723, 23
18724, 40
18725, 7
18726, 23
18727, 8
18728, 8
18729, 31
18730, 31
18731, 32
18732, 32
18734, 57
18735, 23
18736, 32
18737, 15
18738, 24
18739, 57
18741, 15
18742, 8
18743, 47
18744, 8
18745, 33
18746, 16
18749, 8
18750, 24
18751, 7
18753, 23
18754, 24
18755, 7
18756, 24
18757, 24
18758, 24
18760, 8
18761, 8
18762, 16
18763, 31
18764, 31
18765, 24
18766, 7
18767, 39
18768, 32
18769, 7
18770, 65
18772, 32
18773, 16
18774, 40
18775, 30
18776, 31
18777, 16
18778, 8
18779, 32
18780, 16
18781, 23
18782, 8
18783, 15
18784, 73
18785, 31
18786, 25
18787, 22
18788, 24
18789, 25
18790, 23
18791, 24
18792, 8
18793, 47
18794, 8
18795, 62
18796, 48
18797, 7
18798, 48
18799, 32
18800, 31
18801, 15
18803, 41
18804, 24
18805, 47
18806, 23
18807, 55
18809, 63
18810, 15
18811, 24
18813, 15
18814, 32
18815, 8
18816, 55
18817, 24
18818, 8
18819, 7
18820, 55
18821, 32
18822, 23
18823, 8
18824, 64
18825, 23
18827, 16
18828, 40
18829, 8
18830, 7
18831, 31
18832, 15
18835, 24
18836, 15
18838, 16
18839, 7
18840, 31
18841, 7
18842, 38
18844, 15
18845, 7
18846, 16
18847, 16
18848, 32
18849, 32
18850, 8
18851, 15
18852, 40
18853, 16
18854, 32
18855, 24
18856, 39
18857, 24
18858, 24
18859, 16
18860, 56
18861, 24
18862, 8
18863, 16
18864, 16
18865, 22
18866, 32
18867, 7
18868, 7
18869, 23
18870, 79
18871, 40
18872, 24
18873, 16
18874, 24
18875, 24
18876, 15
18877, 8
18878, 39
18879, 31
18880, 32
18881, 55
18882, 32
18883, 16
18884, 40
18885, 31
18886, 31
18887, 7
18888, 7
18889, 48
18890, 39
18891, 31
18892, 15
18893, 46
18894, 32
18895, 46
18896, 16
18897, 7
18898, 8
18899, 23
18900, 16
18901, 40
18902, 24
18903, 31
18905, 39
18906, 38
18907, 40
18908, 8
18909, 24
18910, 40
18911, 23
18912, 7
18913, 16
18914, 31
18915, 15
18916, 7
18917, 39
18921, 23
18922, 15
18923, 8
18924, 23
18925, 7
18926, 15
18927, 23
18928, 24
18929, 16
18930, 7
18931, 8
18932, 16
18933, 25
18934, 24
18935, 32
18936, 7
18937, 15
18938, 31
18939, 32
18940, 15
18941, 63
18942, 8
18943, 23
18944, 24
18945, 49
18946, 31
18947, 7
18948, 24
18950, 39
18951, 7
18952, 23
18953, 16
18954, 23
18955, 65
18956, 31
18957, 32
18958, 15
18959, 32
18960, 8
18961, 23
18962, 15
18963, 24
18964, 47
18965, 8
18966, 56
18967, 56
18968, 8
18969, 31
18970, 32
18971, 40
18972, 24
18974, 16
18975, 47
18976, 46
18977, 40
18978, 39
18979, 25
18980, 32
18981, 23
18982, 23
18983, 8
18984, 7
18985, 23
18986, 16
18987, 30
18988, 48
18989, 7
18990, 40
18991, 40
18992, 8
18993, 30
18994, 16
18995, 48
18996, 31
18998, 16
18999, 32
19000, 15
19001, 15
19002, 32
19003, 8
19006, 16
19007, 24
19009, 7
19010, 32
19011, 16
19012, 8
19013, 39
19015, 23
19017, 16
19018, 16
19019, 24
19020, 23
19021, 31
19022, 8
19023, 40
19024, 23
19025, 23
19026, 41
19027, 23
19028, 8
19029, 40
19030, 15
19031, 56
19032, 23
19033, 16
19034, 8
19035, 32
19036, 24
19037, 16
19038, 7
19039, 15
19040, 32
19041, 80
19042, 25
19043, 23
19044, 16
19045, 16
19046, 24
19047, 15
19048, 23
19049, 56
19051, 32
19052, 39
19053, 54
19054, 16
19055, 48
19056, 41
19057, 16
19058, 7
19059, 16
19060, 24
19061, 64
19062, 24
19063, 24
19064, 38
19065, 40
19066, 40
19067, 16
19068, 7
19069, 8
19070, 23
19071, 23
19072, 23
19073, 32
19074, 31
19075, 8
19076, 24
19077, 46
19078, 32
19079, 7
19080, 40
19081, 31
19082, 23
19083, 8
19084, 32
19085, 23
19086, 7
19087, 32
19088, 7
19089, 7
19091, 8
19092, 24
19093, 7
19094, 8
19095, 15
19096, 31
19097, 8
19098, 33
19099, 7
19100, 16
19101, 7
19102, 7
19103, 8
19104, 24
19105, 32
19106, 23
19107, 24
19108, 24
19109, 16
19110, 39
19111, 16
19112, 48
19113, 16
19114, 15
19115, 32
19116, 49
19117, 31
19118, 8
19119, 24
19121, 39
19122, 24
19123, 16
19124, 8
19125, 24
19126, 40
19127, 53
19128, 23
19129, 31
19130, 15
19131, 7
19132, 39
19133, 16
19134, 40
19135, 23
19136, 15
19137, 72
19138, 32
19139, 7
19140, 40
19141, 31
19142, 47
19143, 7
19145, 41
19146, 30
19147, 39
19148, 31
19149, 39
19150, 33
19151, 48
19152, 8
19153, 23
19154, 8
19155, 16
19156, 8
19157, 39
19158, 23
19159, 32
19160, 15
19161, 23
19162, 48
19163, 16
19164, 31
19165, 7
19166, 72
19168, 15
19169, 7
19170, 40
19171, 24
19172, 7
19173, 31
19174, 8
19176, 8
19177, 16
19178, 16
19180, 16
19181, 32
19183, 23
19184, 24
19185, 24
19186, 7
19188, 7
19189, 16
19190, 32
19191, 32
19192, 33
19193, 8
19194, 16
19195, 47
19196, 15
19197, 31
19198, 31
19199, 16
19200, 23
19201, 23
19202, 63
19203, 8
19204, 15
19205, 16
19206, 33
19207, 15
19208, 24
19209, 7
19210, 24
19211, 33
19212, 65
19213, 16
19214, 39
19216, 31
19217, 32
19218, 15
19219, 24
19220, 31
19221, 24
19222, 49
19223, 40
19224, 39
19225, 8
19226, 31
19227, 56
19228, 15
19229, 7
19230, 16
19231, 32
19232, 55
19233, 15
19234, 54
19235, 15
19236, 40
19237, 39
19238, 24
19239, 8
19241, 23
19242, 24
19243, 39
19244, 16
19245, 31
19246, 16
19247, 32
19248, 39
19249, 24
19250, 7
19251, 23
19252, 55
19253, 15
19254, 8
19255, 16
19256, 39
19257, 7
19258, 40
19260, 7
19262, 8
19263, 23
19264, 7
19266, 40
19267, 8
19268, 7
19269, 15
19270, 30
19271, 16
19272, 7
19273, 7
19274, 7
19275, 40
19276, 15
19277, 23
19278, 23
19279, 24
19280, 16
19281, 48
19282, 24
19283, 33
19284, 15
19285, 33
19286, 24
19287, 48
19288, 23
19289, 15
19291, 32
19292, 23
19293, 24
19294, 16
19295, 8
19296, 15
19297, 81
19298, 23
19299, 40
19300, 15
19301, 16
19302, 16
19303, 39
19304, 16
19305, 16
19306, 40
19307, 16
19308, 55
19309, 40
19310, 15
19311, 31
19312, 47
19313, 32
19314, 15
19315, 8
19316, 33
19317, 40
19318, 40
19319, 49
19320, 24
19321, 24
19322, 31
19323, 23
19324, 23
19325, 8
19326, 8
19327, 24
19328, 39
19329, 24
19330, 40
19332, 40
19333, 31
19334, 41
19335, 7
19336, 8
19337, 64
19338, 24
19339, 8
19340, 8
19341, 49
19342, 8
19343, 16
19344, 15
19345, 16
19348, 32
19349, 8
19351, 16
19352, 23
19353, 16
19354, 24
19355, 24
19357, 24
19359, 15
19360, 24
19361, 25
19362, 24
19363, 23
19364, 15
19365, 32
19366, 32
19367, 16
19368, 41
19369, 23
19370, 24
19371, 32
19372, 16
19373, 48
19374, 31
19376, 15
19377, 40
19378, 8
19379, 15
19380, 23
19381, 16
19382, 16
19383, 88
19384, 24
19385, 23
19386, 24
19387, 8
19388, 31
19389, 15
19390, 24
19391, 48
19392, 8
19393, 41
19394, 40
19395, 39
19396, 33
19397, 41
19398, 25
19399, 32
19402, 64
19403, 47
19404, 24
19405, 48
19406, 24
19407, 41
19408, 23
19409, 7
19410, 15
19411, 7
19412, 31
19413, 7
19414, 31
19415, 39
19416, 23
19417, 8
19418, 56
19419, 16
19420, 39
19421, 8
19422, 40
19423, 30
19424, 16
19425, 8
19426, 41
19427, 16
19428, 16
19429, 24
19430, 15
19433, 7
19434, 23
19435, 7
19436, 16
19437, 15
19438, 24
19439, 8
19440, 24
19441, 15
19442, 8
19443, 15
19444, 16
19445, 8
19446, 32
19447, 24
19448, 25
19449, 16
19450, 8
19451, 48
19452, 32
19453, 16
19454, 39
19455, 7
19456, 22
19457, 40
19458, 24
19459, 46
19460, 16
19461, 15
19462, 8
19463, 39
19464, 16
19465, 16
19466, 15
19467, 32
19468, 48
19469, 31
19470, 32
19471, 15
19472, 23
19473, 41
19474, 16
19475, 8
19476, 57
19477, 7
19478, 33
19479, 32
19480, 63
19481, 8
19482, 31
19483, 31
19484, 48
19485, 7
19487, 41
19488, 48
19489, 32
19490, 32
19491, 47
19492, 8
19493, 56
19494, 8
19495, 23
19496, 8
19497, 16
19498, 24
19499, 23
19500, 40
19501, 23
19502, 7
19503, 24
19504, 38
19505, 48
19506, 16
19507, 8
19508, 56
19509, 23
19511, 24
19512, 32
19513, 16
19514, 16
19515, 24
19516, 8
19519, 41
19522, 33
19523, 16
19524, 8
19525, 42
19526, 7
19527, 8
19528, 16
19529, 8
19530, 8
19531, 16
19532, 32
19533, 24
19534, 23
19535, 15
19536, 32
19537, 40
19538, 24
19539, 16
19540, 31
19541, 8
19542, 48
19543, 33
19544, 40
19545, 24
19546, 8
19547, 7
19548, 32
19549, 24
19550, 7
19551, 15
19552, 15
19553, 39
19554, 55
19555, 39
19556, 23
19557, 16
19558, 23
19559, 24
19560, 16
19561, 16
19562, 56
19563, 7
19564, 57
19565, 32
19566, 40
19567, 33
19568, 25
19569, 40
19570, 23
19572, 16
19573, 39
19574, 48
19575, 15
19576, 64
19577, 16
19578, 50
19579, 23
19580, 24
19582, 7
19583, 24
19584, 33
19585, 24
19586, 49
19587, 7
19588, 16
19589, 49
19590, 41
19591, 7
19592, 15
19593, 41
19594, 31
19595, 15
19596, 8
19597, 41
19598, 15
19599, 15
19600, 24
19601, 8
19602, 7
19604, 8
19605, 32
19607, 16
19608, 16
19609, 24
19610, 8
19611, 32
19612, 7
19613, 24
19615, 16
19616, 8
19617, 24
19618, 24
19619, 23
19620, 24
19621, 24
19622, 49
19623, 8
19624, 24
19625, 48
19626, 8
19627, 33
19628, 23
19629, 47
19630, 32
19631, 8
19632, 16
19633, 25
19634, 15
19635, 24
19636, 16
19637, 16
19638, 33
19639, 48
19640, 30
19641, 49
19642, 8
19643, 16
19644, 32
19645, 23
19647, 73
19648, 8
19649, 8
19650, 63
19651, 48
19652, 7
19653, 49
19654, 32
19655, 32
19656, 7
19658, 49
19659, 40
19660, 49
19661, 33
19662, 23
19663, 32
19664, 32
19665, 15
19666, 23
19667, 7
19668, 16
19669, 24
19670, 32
19671, 23
19672, 32
19673, 15
19674, 48
19675, 23
19676, 33
19677, 7
19678, 16
19679, 48
19680, 31
19681, 8
19682, 25
19683, 23
19684, 15
19685, 16
19686, 24
19687, 7
19690, 24
19691, 15
19693, 16
19694, 23
19695, 15
19696, 16
19697, 31
19698, 8
19699, 15
19700, 8
19701, 8
19702, 24
19703, 24
19704, 32
19705, 16
19706, 16
19707, 40
19708, 16
19709, 23
19710, 56
19711, 8
19712, 24
19713, 32
19714, 8
19715, 62
19716, 25
19717, 16
19719, 39
19720, 15
19721, 24
19722, 16
19723, 8
19724, 32
19725, 72
19726, 32
19727, 15
19728, 16
19729, 7
19730, 39
19731, 15
19732, 32
19733, 41
19734, 8
19735, 48
19736, 39
19737, 31
19738, 40
19739, 7
19740, 47
19741, 24
19742, 7
19743, 25
19744, 48
19745, 41
19746, 24
19747, 47
19748, 33
19749, 41
19750, 16
19751, 24
19753, 16
19754, 16
19755, 32
19756, 31
19757, 41
19758, 7
19759, 33
19760, 24
19761, 23
19762, 39
19763, 7
19764, 40
19765, 39
19766, 7
19767, 16
19768, 15
19769, 30
19770, 7
19771, 40
19772, 8
19775, 16
19776, 24
19778, 7
19779, 23
19780, 23
19782, 48
19784, 24
19786, 8
19787, 16
19788, 33
19789, 16
19790, 39
19791, 7
19792, 24
19793, 31
19794, 32
19795, 33
19796, 32
19797, 8
19798, 33
19799, 23
19800, 49
19801, 31
19802, 8
19803, 16
19804, 16
19805, 31
19806, 16
19807, 16
19808, 8
19809, 49
19810, 49
19811, 40
19812, 33
19813, 8
19814, 16
19815, 31
19816, 23
19817, 8
19818, 41
19819, 31
19820, 8
19821, 71
19822, 40
19823, 7
19824, 48
19825, 32
19826, 40
19829, 39
19830, 48
19831, 31
19832, 24
19833, 47
19834, 41
19835, 32
19836, 16
19837, 15
19839, 31
19840, 24
19841, 24
19842, 23
19843, 31
19844, 7
19845, 32
19846, 47
19847, 40
19848, 8
19849, 25
19850, 49
19851, 8
19852, 15
19853, 25
19854, 33
19855, 7
19856, 16
19857, 24
19858, 7
19860, 8
19861, 25
19862, 7
19864, 16
19865, 22
19866, 15
19867, 25
19868, 24
19869, 8
19870, 15
19871, 8
19872, 8
19873, 24
19874, 24
19875, 31
19876, 24
19877, 8
19878, 23
19879, 40
19880, 24
19881, 49
19882, 16
19883, 15
19884, 31
19885, 7
19886, 70
19887, 16
19888, 16
19890, 32
19891, 23
19892, 16
19893, 7
19894, 15
19895, 57
19896, 55
19897, 49
19899, 16
19900, 24
19901, 31
19902, 16
19903, 15
19904, 47
19905, 8
19906, 48
19907, 55
19908, 16
19909, 32
19910, 32
19911, 47
19912, 8
19913, 7
19914, 24
19915, 56
19916, 32
19917, 33
19918, 39
19919, 32
19920, 24
19921, 31
19922, 15
19923, 7
19924, 16
19925, 16
19926, 24
19927, 39
19928, 24
19929, 22
19930, 15
19931, 47
19932, 32
19933, 24
19934, 7
19935, 48
19936, 39
19938, 8
19939, 40
19940, 16
19941, 24
19942, 8
19943, 23
19946, 16
19947, 23
19949, 8
19950, 31
19951, 16
19952, 8
19953, 16
19954, 23
19955, 15
19956, 15
19958, 15
19959, 32
19960, 24
19961, 33
19962, 7
19963, 16
19964, 30
19965, 39
19966, 32
19967, 32
19968, 24
19969, 16
19970, 24
19971, 49
19972, 14
19973, 23
19974, 15
19975, 24
19976, 24
19977, 7
19978, 23
19979, 15
19980, 24
19981, 63
19982, 22
19983, 39
19984, 15
19985, 24
19986, 24
19987, 24
19988, 8
19989, 47
19990, 15
19991, 16
19992, 71
19993, 33
19994, 32
19995, 32
19996, 32
19997, 24
19998, 15
20000, 57
20001, 40
20002, 32
20003, 24
20004, 39
20005, 32
20006, 40
20007, 7
20008, 23
20009, 8
20010, 24
20011, 7
20012, 31
20013, 40
20014, 24
20015, 15
20016, 24
20017, 47
20018, 32
20019, 16
20020, 33
20021, 39
20022, 16
20023, 8
20024, 16
20025, 31
20026, 15
20027, 16
20028, 23
20029, 7
20031, 8
20032, 15
20033, 15
20035, 32
20036, 16
20037, 7
20038, 7
20039, 39
20040, 24
20042, 8
20043, 8
20044, 16
20045, 32
20046, 31
20047, 23
20048, 16
20049, 32
20050, 24
20051, 23
20052, 47
20053, 7
20054, 24
20055, 31
20056, 15
20057, 64
20058, 15
20060, 15
20061, 39
20062, 15
20063, 24
20064, 16
20065, 8
20066, 66
20067, 40
20068, 49
20070, 15
20071, 23
20072, 22
20073, 15
20074, 31
20075, 39
20076, 16
20077, 48
20078, 48
20079, 15
20080, 32
20081, 32
20082, 48
20083, 16
20085, 24
20086, 39
20087, 47
20088, 16
20089, 54
20090, 7
20091, 56
20092, 23
20093, 16
20094, 7
20095, 16
20096, 24
20097, 32
20098, 24
20099, 48
20101, 16
20102, 56
20103, 24
20104, 24
20105, 16
20106, 41
20107, 39
20109, 16
20110, 32
20111, 7
20112, 31
20113, 8
20114, 23
20117, 7
20118, 31
20120, 16
20121, 24
20122, 7
20123, 16
20124, 39
20126, 24
20127, 8
20128, 8
20129, 7
20130, 30
20131, 31
20132, 32
20134, 32
20135, 33
20136, 24
20137, 33
20138, 31
20139, 7
20140, 32
20141, 33
20142, 40
20143, 31
20144, 8
20145, 16
20146, 16
20147, 40
20149, 23
20150, 24
20151, 25
20152, 64
20153, 23
20154, 39
20155, 16
20156, 8
20157, 31
20158, 15
20159, 23
20160, 48
20161, 16
20162, 16
20163, 55
20164, 48
20165, 24
20166, 32
20167, 16
20168, 47
20169, 7
20170, 16
20171, 48
20172, 32
20173, 32
20174, 47
20175, 7
20176, 39
20177, 40
20178, 16
20179, 15
20180, 7
20181, 24
20182, 7
20183, 48
20184, 33
20185, 24
20186, 8
20187, 31
20188, 39
20189, 32
20190, 16
20191, 33
20192, 32
20193, 23
20194, 8
20195, 32
20196, 15
20197, 15
20198, 8
20199, 39
20203, 40
20206, 23
20207, 32
20208, 8
20209, 8
20210, 32
20212, 22
20213, 8
20214, 8
20215, 16
20216, 31
20217, 32
20218, 24
20219, 25
20220, 23
20221, 32
20222, 16
20223, 31
20224, 23
20225, 32
20226, 15
20227, 24
20228, 54
20229, 16
20230, 24
20231, 8
20232, 31
20233, 16
20234, 24
20236, 31
20237, 49
20238, 48
20239, 24
20240, 22
20241, 7
20242, 31
20243, 32
20244, 7
20245, 40
20246, 32
20247, 16
20248, 47
20249, 39
20250, 31
20251, 32
20252, 31
20253, 40
20254, 16
20255, 8
20257, 64
20258, 40
20259, 32
20260, 47
20261, 8
20262, 31
20263, 38
20264, 23
20266, 24
20267, 8
20268, 31
20269, 39
20270, 32
20271, 7
20272, 16
20273, 63
20274, 25
20275, 15
20276, 8
20277, 71
20278, 16
20280, 16
20281, 32
20282, 15
20283, 7
20284, 31
20285, 15
20288, 16
20289, 24
20291, 7
20292, 32
20293, 8
20294, 7
20295, 46
20296, 8
20297, 15
20299, 7
20300, 24
20301, 32
20302, 24
20303, 24
20304, 16
20305, 23
20306, 32
20307, 15
20308, 57
20309, 16
20310, 7
20311, 40
20312, 16
20313, 56
20314, 23
20315, 7
20316, 16
20317, 24
20318, 31
20319, 16
20320, 7
20321, 15
20322, 31
20323, 55
20324, 47
20325, 24
20327, 22
20328, 39
20329, 16
20330, 8
20331, 39
20332, 23
20333, 49
20334, 39
20335, 40
20336, 15
20337, 48
20338, 24
20339, 31
20340, 7
20341, 16
20342, 32
20343, 55
20344, 24
20345, 32
20346, 31
20347, 23
20348, 54
20349, 24
20351, 8
20352, 16
20353, 24
20354, 32
20355, 39
20356, 23
20357, 8
20358, 32
20359, 31
20360, 40
20361, 7
20362, 32
20363, 46
20364, 15
20365, 8
20366, 24
20367, 39
20369, 25
20370, 24
20373, 8
20374, 33
20376, 8
20377, 24
20378, 16
20379, 7
20380, 15
20381, 31
20382, 24
20384, 7
20385, 7
20386, 24
20387, 32
20388, 15
20389, 32
20390, 8
20391, 39
20392, 32
20393, 15
20394, 38
20395, 15
20396, 32
20397, 24
20398, 16
20399, 61
20400, 7
20401, 7
20402, 15
20403, 39
20404, 16
20405, 24
20407, 23
20408, 49
20409, 54
20410, 48
20412, 15
20413, 23
20414, 23
20415, 24
20416, 41
20417, 24
20418, 7
20419, 56
20420, 55
20421, 7
20422, 23
20423, 47
20424, 32
20425, 23
20427, 24
20428, 72
20429, 24
20430, 23
20431, 47
20432, 33
20433, 24
20434, 23
20435, 23
20436, 8
20438, 23
20439, 30
20440, 40
20441, 40
20443, 16
20444, 47
20445, 32
20446, 23
20447, 8
20448, 32
20449, 54
20451, 16
20452, 32
20453, 23
20455, 30
20456, 15
20459, 15
20460, 24
20462, 16
20463, 23
20464, 7
20465, 15
20466, 40
20468, 23
20470, 15
20471, 16
20472, 16
20473, 40
20474, 24
20475, 16
20476, 24
20477, 49
20478, 7
20479, 32
20480, 31
20481, 24
20482, 33
20483, 8
20484, 65
20485, 7
20486, 15
20487, 16
20488, 33
20489, 16
20490, 16
20491, 15
20492, 16
20493, 24
20494, 70
20495, 32
20496, 31
20497, 16
20498, 7
20499, 47
20500, 8
20501, 8
20502, 56
20503, 15
20504, 32
20505, 64
20506, 16
20507, 32
20508, 40
20509, 24
20510, 31
20511, 7
20512, 8
20513, 40
20514, 54
20515, 24
20516, 40
20517, 23
20518, 31
20519, 47
20520, 8
20521, 15
20522, 7
20523, 24
20524, 15
20525, 39
20526, 32
20527, 23
20528, 8
20529, 39
20530, 32
20531, 32
20532, 15
20533, 24
20534, 39
20535, 23
20536, 8
20537, 33
20538, 23
20539, 15
20540, 16
20541, 24
20544, 8
20545, 32
20547, 8
20548, 7
20549, 39
20551, 23
20552, 23
20553, 8
20554, 15
20555, 8
20556, 7
20557, 40
20559, 48
20560, 16
20561, 8
20562, 40
20563, 24
20564, 32
20565, 38
20566, 15
20567, 25
20568, 23
20569, 65
20570, 16
20571, 16
20572, 16
20573, 8
20574, 31
20575, 15
20576, 16
20577, 15
20578, 24
20579, 66
20580, 32
20581, 48
20582, 8
20583, 24
20584, 16
20585, 24
20586, 24
20587, 16
20588, 38
20589, 15
20590, 49
20591, 56
20592, 15
20593, 41
20594, 32
20595, 24
20596, 24
20597, 8
20598, 24
20599, 64
20600, 24
20601, 16
20602, 56
20603, 7
20604, 72
20605, 16
20606, 8
20608, 7
20609, 23
20610, 40
20611, 23
20612, 47
20614, 16
20615, 55
20616, 16
20617, 30
20618, 7
20619, 48
20620, 39
20622, 16
20623, 40
20624, 16
20625, 7
20626, 31
20627, 8
20630, 16
20631, 24
20633, 16
20634, 23
20635, 16
20636, 16
20637, 32
20639, 24
20640, 8
20641, 8
20642, 16
20643, 32
20644, 23
20645, 16
20646, 15
20647, 41
20648, 15
20649, 31
20650, 41
20651, 23
20652, 24
20653, 23
20654, 16
20655, 56
20656, 24
20657, 8
20658, 15
20659, 40
20660, 8
20661, 24
20662, 16
20663, 8
20664, 24
20665, 80
20666, 32
20667, 24
20668, 8
20669, 23
20670, 32
20671, 15
20672, 24
20673, 31
20674, 23
20675, 40
20676, 64
20677, 24
20679, 47
20680, 31
20681, 30
20682, 7
20683, 8
20684, 49
20685, 55
20686, 16
20687, 48
20688, 32
20689, 24
20690, 39
20691, 15
20692, 7
20693, 16
20694, 16
20695, 24
20696, 40
20697, 24
20698, 15
20699, 23
20700, 41
20701, 24
20702, 24
20703, 23
20704, 16
20705, 63
20706, 8
20708, 39
20709, 23
20710, 16
20711, 25
20712, 16
20715, 8
20716, 24
20717, 7
20718, 8
20719, 24
20720, 16
20721, 7
20722, 40
20723, 7
20724, 15
20725, 7
20726, 8
20727, 7
20728, 32
20729, 31
20730, 16
20731, 24
20732, 8
20733, 48
20734, 32
20735, 16
20736, 40
20737, 15
20738, 24
20739, 32
20740, 33
20741, 39
20742, 16
20743, 16
20744, 16
20745, 23
20746, 16
20747, 23
20748, 16
20749, 16
20750, 82
20751, 16
20752, 48
20754, 24
20755, 23
20756, 23
20757, 16
20758, 32
20759, 40
20760, 8
20761, 73
20762, 24
20763, 15
20764, 40
20765, 40
20766, 40
20767, 7
20769, 41
20770, 48
20771, 24
20772, 48
20773, 31
20774, 32
20775, 48
20776, 16
20777, 8
20779, 24
20780, 15
20781, 31
20782, 32
20783, 39
20785, 32
20786, 39
20787, 24
20788, 22
20789, 16
20790, 48
20791, 23
20792, 7
20793, 8
20794, 47
20795, 16
20796, 16
20797, 31
20801, 16
20802, 23
20804, 32
20805, 16
20806, 7
20807, 16
20808, 32
20809, 16
20810, 7
20811, 8
20812, 8
20813, 7
20814, 32
20815, 31
20816, 24
20817, 15
20818, 24
20819, 32
20820, 22
20821, 23
20822, 38
20823, 23
20824, 16
20825, 22
20826, 47
20827, 22
20828, 24
20829, 8
20830, 32
20831, 15
20832, 15
20833, 16
20834, 24
20835, 40
20836, 57
20837, 49
20838, 7
20839, 24
20840, 8
20841, 31
20842, 15
20843, 15
20844, 47
20845, 7
20846, 47
20847, 48
20848, 31
20849, 24
20850, 40
20851, 32
20852, 32
20854, 16
20855, 49
20856, 48
20857, 8
20858, 64
20859, 33
20860, 24
20861, 31
20862, 23
20864, 16
20865, 16
20866, 23
20867, 24
20868, 55
20869, 7
20870, 7
20871, 56
20872, 15
20873, 39
20874, 8
20875, 32
20876, 39
20877, 15
20878, 7
20879, 32
20880, 14
20881, 15
20882, 40
20884, 7
20887, 39
20890, 40
20891, 16
20893, 15
20894, 31
20895, 25
20898, 14
20899, 32
20900, 23
20901, 39
20902, 7
20903, 24
20904, 23
20905, 31
20906, 24
20907, 48
20908, 7
20909, 24
20910, 24
20911, 48
20912, 31
20913, 15
20914, 16
20915, 16
20916, 23
20917, 24
20918, 15
20919, 8
20920, 15
20921, 72
20922, 30
20923, 40
20924, 7
20925, 24
20926, 32
20927, 16
20928, 16
20929, 24
20930, 38
20931, 24
20932, 55
20933, 39
20934, 7
20935, 57
20936, 24
20937, 32
20938, 15
20940, 41
20941, 40
20942, 47
20943, 40
20944, 24
20945, 24
20946, 40
20947, 31
20948, 7
20949, 8
20950, 24
20951, 7
20952, 40
20953, 24
20954, 31
20955, 7
20956, 40
20957, 32
20958, 23
20959, 23
20960, 32
20961, 40
20962, 24
20963, 8
20965, 46
20966, 16
20967, 8
20968, 31
20969, 8
20972, 40
20975, 15
20976, 15
20977, 23
20978, 16
20979, 32
20980, 8
20981, 16
20982, 8
20983, 8
20984, 15
20985, 23
20986, 31
20987, 23
20988, 15
20989, 40
20990, 23
20991, 24
20992, 32
20993, 32
20994, 8
20995, 32
20996, 15
20997, 55
20998, 23
20999, 8
21000, 15
21001, 24
21002, 32
21003, 16
21004, 7
21005, 24
21006, 31
21007, 72
21008, 24
21009, 22
21010, 15
21011, 24
21012, 24
21013, 16
21014, 33
21015, 40
21016, 7
21017, 32
21018, 72
21019, 15
21020, 24
21021, 23
21022, 47
21023, 24
21024, 7
21025, 32
21026, 33
21027, 49
21028, 24
21029, 39
21030, 23
21031, 49
21032, 23
21033, 15
21034, 7
21035, 7
21036, 23
21037, 32
21038, 24
21039, 40
21040, 15
21041, 8
21042, 56
21043, 24
21044, 32
21046, 65
21047, 15
21048, 15
21050, 56
21051, 16
21052, 8
21053, 32
21055, 7
21057, 8
21058, 24
21059, 7
21060, 16
21061, 24
21062, 8
21063, 16
21064, 40
21066, 24
21068, 7
21069, 16
21070, 32
21071, 23
21072, 23
21073, 16
21074, 40
21075, 7
21076, 31
21077, 31
21078, 40
21079, 8
21080, 24
21081, 32
21082, 48
21083, 31
21084, 8
21085, 15
21086, 24
21087, 15
21088, 23
21089, 15
21090, 15
21091, 7
21092, 71
21093, 40
21094, 40
21095, 8
21096, 24
21097, 16
21098, 23
21099, 23
21100, 24
21101, 31
21102, 16
21103, 47
21104, 55
21105, 16
21106, 23
21107, 39
21108, 40
21109, 15
21110, 8
21111, 40
21112, 39
21113, 23
21114, 48
21115, 23
21116, 41
21117, 40
21118, 7
21119, 23
21120, 8
21121, 8
21122, 23
21123, 39
21124, 32
21125, 31
21126, 8
21127, 32
21128, 32
21129, 32
21130, 15
21131, 16
21132, 47
21133, 31
21134, 8
21135, 24
21136, 40
21138, 25
21139, 16
21140, 8
21143, 24
21144, 15
21146, 24
21147, 24
21148, 8
21149, 24
21150, 23
21151, 16
21152, 7
21154, 16
21155, 16
21156, 40
21157, 16
21158, 24
21159, 7
21160, 48
21161, 24
21162, 15
21163, 32
21164, 39
21165, 16
21166, 24
21167, 15
21168, 62
21169, 23
21170, 16
21172, 32
21173, 23
21174, 16
21175, 16
21176, 25
21177, 49
21178, 46
21179, 32
21180, 15
21181, 15
21182, 24
21183, 23
21184, 15
21185, 16
21186, 56
21188, 55
21189, 40
21190, 31
21191, 32
21192, 31
21193, 40
21194, 23
21196, 8
21197, 55
21198, 40
21199, 32
21200, 49
21201, 16
21202, 39
21203, 31
21204, 24
21206, 8
21207, 31
21208, 15
21209, 39
21210, 32
21211, 15
21212, 7
21213, 56
21214, 24
21215, 32
21216, 8
21217, 48
21218, 23
21219, 14
21220, 7
21221, 32
21222, 23
21223, 7
21224, 40
21225, 8
21228, 7
21229, 31
21231, 8
21232, 23
21233, 16
21234, 15
21235, 33
21236, 7
21237, 16
21238, 7
21239, 7
21240, 7
21241, 32
21242, 40
21243, 16
21244, 15
21245, 24
21246, 31
21247, 32
21248, 16
21249, 48
21250, 25
21251, 8
21252, 31
21253, 32
21254, 47
21255, 7
21256, 15
21257, 16
21258, 39
21260, 23
21261, 16
21262, 16
21263, 73
21264, 31
21265, 39
21267, 41
21268, 8
21269, 31
21270, 16
21271, 40
21272, 15
21273, 24
21274, 56
21275, 40
21276, 15
21277, 48
21278, 24
21279, 32
21280, 15
21282, 48
21283, 47
21284, 24
21285, 40
21286, 31
21287, 32
21288, 47
21289, 8
21290, 15
21291, 8
21292, 16
21293, 15
21294, 31
21295, 40
21296, 31
21297, 8
21298, 16
21299, 55
21300, 24
21301, 15
21302, 32
21303, 49
21304, 7
21305, 7
21306, 32
21307, 31
21308, 7
21309, 16
21310, 23
21311, 7
21314, 32
21315, 7
21317, 24
21318, 15
21319, 15
21320, 25
21321, 23
21322, 16
21323, 7
21324, 7
21325, 16
21326, 8
21327, 32
21328, 15
21329, 39
21331, 31
21332, 39
21333, 24
21334, 23
21335, 39
21336, 16
21337, 24
21338, 40
21339, 39
21340, 15
21341, 24
21343, 40
21344, 16
21345, 24
21346, 16
21347, 8
21348, 56
21349, 47
21350, 32
21351, 15
21352, 16
21353, 15
21354, 30
21355, 15
21356, 32
21357, 39
21358, 7
21359, 41
21360, 39
21361, 47
21362, 16
21363, 39
21364, 48
21365, 16
21367, 33
21368, 31
21369, 47
21370, 16
21371, 56
21372, 16
21373, 40
21374, 31
21375, 24
21377, 7
21378, 23
21379, 24
21380, 31
21381, 39
21382, 15
21383, 8
21384, 57
21385, 31
21386, 23
21387, 7
21388, 49
21389, 23
21390, 15
21391, 16
21392, 32
21393, 15
21394, 15
21395, 24
21396, 16
21399, 8
21400, 33
21402, 24
21404, 31
21405, 16
21406, 8
21407, 23
21408, 15
21409, 7
21410, 16
21411, 8
21412, 32
21413, 15
21414, 15
21415, 23
21416, 40
21417, 7
21418, 35
21419, 31
21420, 39
21421, 8
21422, 40
21423, 8
21424, 55
21425, 23
21426, 15
21427, 15
21428, 24
21429, 23
21430, 15
21431, 15
21432, 16
21433, 24
21434, 64
21435, 31
21436, 31
21437, 15
21438, 15
21439, 31
21440, 24
21441, 24
21442, 48
21444, 24
21445, 63
21446, 39
21447, 24
21448, 32
21449, 32
21450, 23
21451, 15
21452, 8
21453, 48
21454, 24
21455, 39
21456, 47
21457, 32
21458, 8
21459, 62
21460, 16
21461, 7
21462, 7
21463, 8
21464, 47
21465, 24
21466, 24
21467, 32
21468, 8
21469, 32
21470, 40
21471, 24
21472, 15
21473, 16
21474, 56
21475, 15
21476, 15
21477, 33
21478, 23
21479, 7
21480, 41
21482, 7
21485, 40
21488, 24
21489, 24
21490, 15
21492, 38
21493, 8
21494, 15
21495, 7
21496, 7
21497, 32
21498, 24
21499, 23
21500, 15
21501, 7
21502, 56
21503, 23
21504, 16
21505, 56
21506, 8
21507, 16
21508, 41
21510, 69
21511, 16
21513, 23
21514, 40
21515, 8
21516, 25
21517, 16
21518, 8
21519, 47
21520, 55
21521, 16
21522, 31
21523, 25
21524, 7
21525, 31
21526, 15
21527, 40
21528, 32
21529, 16
21530, 39
21531, 56
21532, 24
21533, 15
21534, 40
21535, 39
21536, 24
21538, 24
21539, 39
21540, 56
21541, 24
21542, 40
21543, 31
21544, 40
21545, 15
21546, 23
21548, 7
21549, 32
21550, 7
21551, 38
21552, 56
21554, 24
21555, 47
21556, 24
21557, 23
21558, 16
21559, 56
21560, 15
21561, 16
21562, 8
21563, 32
21564, 24
21566, 40
21567, 8
21569, 8
21570, 8
21571, 24
21573, 16
21574, 15
21575, 24
21576, 16
21577, 32
21579, 24
21580, 8
21582, 7
21583, 40
21584, 24
21585, 24
21586, 15
21587, 24
21588, 41
21589, 23
21590, 16
21591, 45
21592, 24
21593, 24
21594, 16
21595, 48
21596, 23
21597, 15
21598, 16
21599, 16
21600, 22
21601, 15
21602, 23
21603, 7
21604, 39
21605, 65
21606, 31
21607, 32
21608, 8
21609, 24
21610, 15
21611, 31
21612, 16
21613, 40
21614, 23
21615, 16
21616, 63
21617, 32
21618, 23
21619, 23
21620, 55
21621, 16
21622, 15
21623, 8
21624, 39
21625, 39
21626, 39
21627, 57
21628, 16
21629, 24
21630, 40
21631, 7
21632, 23
21633, 8
21634, 16
21635, 23
21636, 39
21637, 40
21638, 8
21639, 15
21640, 32
21641, 38
21642, 33
21643, 16
21644, 24
21645, 31
21646, 31
21648, 32
21649, 32
21650, 7
21651, 16
21652, 31
21656, 24
21657, 15
21659, 23
21660, 23
21661, 16
21662, 33
21663, 7
21664, 24
21666, 7
21667, 8
21668, 23
21669, 40
21670, 8
21671, 32
21672, 8
21673, 40
21674, 23
21675, 15
21676, 48
21677, 15
21678, 23
21679, 31
21680, 32
21681, 55
21683, 24
21684, 8
21685, 32
21686, 7
21687, 15
21688, 23
21689, 7
21690, 57
21691, 55
21692, 32
21693, 15
21694, 7
21695, 23
21696, 31
21697, 15
21698, 49
21699, 23
21700, 8
21701, 48
21702, 47
21703, 23
21704, 40
21705, 41
21706, 31
21707, 15
21709, 23
21710, 56
21711, 32
21712, 23
21713, 38
21714, 31
21715, 39
21716, 31
21717, 15
21719, 16
21720, 24
21721, 32
21722, 15
21723, 40
21724, 15
21725, 24
21726, 39
21727, 32
21728, 23
21729, 16
21730, 56
21731, 15
21732, 7
21733, 16
21734, 39
21735, 16
21736, 16
21737, 16
21738, 15
21741, 8
21742, 32
21744, 16
21745, 15
21746, 23
21748, 39
21749, 7
21750, 23
21751, 8
21752, 8
21753, 16
21754, 16
21755, 39
21756, 15
21757, 15
21758, 32
21759, 24
21760, 22
21761, 57
21762, 8
21763, 23
21764, 24
21765, 23
21766, 32
21767, 38
21768, 15
21769, 15
21770, 16
21771, 39
21772, 8
21773, 16
21774, 15
21775, 41
21776, 64
21777, 24
21778, 31
21779, 16
21780, 16
21781, 40
21782, 8
21783, 8
21784, 63
21785, 8
21786, 24
21787, 55
21788, 32
21789, 24
21790, 32
21791, 39
21792, 32
21793, 7
21794, 8
21795, 47
21796, 47
21797, 32
21798, 33
21799, 22
21800, 48
21801, 31
21802, 24
21803, 8
21805, 15
21806, 32
21807, 15
21808, 39
21809, 31
21811, 40
21812, 47
21813, 24
21814, 15
21815, 33
21816, 39
21817, 16
21818, 8
21819, 16
21820, 39
21821, 8
21822, 24
21823, 15
21824, 8
21826, 8
21827, 25
21828, 7
21830, 32
21831, 24
21833, 40
21834, 8
21835, 24
21837, 8
21838, 16
21840, 38
21841, 39
21842, 16
21843, 16
21844, 15
21845, 47
21846, 7
21847, 63
21849, 16
21850, 38
21851, 41
21852, 39
21853, 15
21855, 23
21856, 39
21857, 8
21858, 24
21859, 8
21860, 7
21861, 88
21862, 23
21863, 33
21864, 23
21865, 7
21866, 15
21867, 39
21868, 15
21869, 32
21870, 31
21871, 16
21872, 48
21873, 48
21874, 23
21875, 24
21876, 47
21877, 15
21878, 31
21880, 24
21881, 56
21882, 39
21883, 32
21884, 39
21885, 25
21886, 24
21887, 31
21888, 23
21890, 16
21891, 24
21892, 31
21893, 31
21894, 33
21895, 7
21896, 16
21897, 63
21898, 16
21899, 23
21900, 7
21901, 40
21902, 46
21904, 16
21905, 39
21906, 15
21907, 8
21908, 24
21909, 15
21912, 24
21913, 16
21915, 16
21916, 24
21917, 16
21918, 8
21919, 32
21920, 7
21921, 23
21923, 15
21924, 16
21925, 32
21926, 15
21927, 31
21928, 16
21929, 24
21930, 24
21931, 31
21932, 41
21933, 24
21934, 8
21935, 40
21936, 15
21937, 48
21938, 31
21939, 7
21940, 16
21941, 32
21942, 7
21943, 40
21945, 24
21946, 24
21947, 48
21948, 55
21949, 23
21950, 8
21951, 24
21952, 24
21953, 15
21954, 32
21955, 49
21957, 48
21958, 32
21959, 56
21961, 55
21962, 23
21963, 40
21965, 16
21966, 32
21967, 65
21968, 16
21969, 47
21970, 15
21971, 48
21972, 31
21973, 15
21974, 7
21975, 8
21976, 16
21977, 39
21978, 15
21979, 48
21980, 16
21981, 8
21982, 41
21983, 30
21984, 41
21985, 8
21986, 25
21987, 46
21988, 15
21989, 7
21990, 24
21991, 31
21992, 7
21993, 15
21994, 23
21995, 7
21997, 8
21998, 25
21999, 7
22000, 8
22001, 16
22002, 23
22003, 7
22004, 15
22005, 30
22006, 24
22008, 7
22009, 15
22010, 25
22011, 16
22012, 31
22013, 24
22014, 24
22015, 33
22016, 32
22017, 24
22018, 40
22019, 7
22020, 40
22022, 57
22023, 22
22024, 15
22025, 24
22026, 16
22027, 23
22028, 15
22029, 23
22030, 16
22031, 8
22032, 73
22033, 31
22034, 47
22035, 8
22036, 16
22037, 32
22038, 16
22039, 7
22040, 39
22041, 39
22043, 47
22044, 63
22045, 15
22046, 32
22047, 32
22048, 31
22049, 22
22051, 41
22052, 24
22053, 55
22054, 24
22055, 48
22056, 16
22057, 40
22058, 30
22059, 16
22060, 8
22061, 8
22062, 23
22063, 32
22064, 32
22065, 32
22066, 7
22067, 32
22068, 40
22069, 15
22070, 31
22071, 7
22072, 64
22073, 15
22074, 15
22075, 16
22076, 24
22077, 23
22078, 16
22079, 16
22080, 15
22082, 8
22084, 31
22086, 16
22087, 24
22088, 15
22089, 15
22090, 24
22091, 24
22092, 8
22093, 8
22095, 24
22096, 24
22097, 41
22098, 24
22099, 8
22100, 32
22101, 23
22102, 24
22103, 58
22104, 16
22105, 16
22106, 33
22107, 8
22108, 56
22109, 23
22110, 7
22111, 15
22112, 32
22113, 23
22114, 24
22116, 15
22117, 40
22118, 55
22119, 31
22120, 31
22121, 24
22122, 15
22123, 16
22124, 23
22125, 24
22126, 47
22128, 24
22129, 70
22130, 40
22131, 24
22132, 24
22133, 40
22134, 24
22135, 7
22136, 8
22137, 49
22138, 48
22139, 32
22140, 39
22141, 15
22142, 49
22143, 32
22144, 24
22146, 7
22147, 23
22148, 32
22149, 24
22150, 16
22151, 39
22152, 16
22153, 40
22154, 23
22155, 41
22157, 32
22158, 48
22159, 15
22161, 31
22162, 23
22163, 15
22164, 24
22165, 23
22168, 16
22169, 16
22170, 7
22172, 32
22173, 25
22175, 40
22176, 8
22177, 16
22178, 7
22179, 8
22180, 7
22181, 16
22182, 46
22183, 24
22184, 16
22185, 33
22186, 15
22187, 39
22188, 16
22189, 31
22190, 23
22191, 16
22192, 40
22193, 41
22194, 30
22195, 15
22196, 16
22197, 33
22198, 7
22199, 24
22200, 7
22201, 15
22202, 32
22203, 48
22204, 39
22205, 32
22206, 15
22207, 24
22208, 23
22209, 23
22210, 15
22211, 39
22212, 24
22213, 16
22214, 72
22215, 40
22216, 7
22217, 41
22218, 31
22219, 31
22220, 15
22221, 8
22222, 33
22223, 48
22224, 23
22225, 41
22226, 31
22227, 31
22228, 56
22229, 8
22230, 15
22231, 8
22232, 24
22233, 8
22234, 24
22235, 39
22236, 32
22237, 7
22238, 41
22239, 40
22240, 16
22241, 23
22242, 25
22243, 48
22244, 15
22245, 15
22246, 8
22247, 39
22248, 15
22249, 8
22250, 23
22251, 15
22254, 24
22255, 15
22257, 8
22258, 39
22259, 8
22260, 16
22261, 24
22262, 16
22263, 16
22264, 8
22265, 8
22266, 25
22267, 16
22268, 31
22269, 24
22270, 24
22271, 16
22272, 32
22273, 31
22274, 25
22275, 39
22276, 16
22277, 24
22278, 23
22279, 49
22280, 32
22282, 15
22283, 24
22284, 22
22285, 24
22286, 15
22287, 16
22288, 24
22289, 80
22290, 32
22291, 15
22292, 16
22293, 32
22294, 16
22295, 16
22296, 33
22297, 23
22298, 23
22299, 41
22300, 39
22301, 48
22302, 16
22303, 32
22304, 47
22305, 8
22306, 15
22307, 16
22308, 48
22309, 40
22310, 23
22311, 55
22312, 8
22313, 38
22314, 31
22315, 15
22316, 15
22317, 16
22318, 16
22319, 32
22320, 24
22321, 40
22322, 15
22323, 15
22324, 38
22325, 23
22326, 40
22328, 32
22329, 48
22330, 15
22331, 7
22332, 16
22333, 38
22334, 7
22335, 32
22336, 7
22337, 7
22339, 8
22340, 15
22341, 14
22342, 8
22343, 16
22344, 32
22346, 33
22347, 15
22348, 24
22350, 8
22351, 7
22352, 40
22353, 23
22354, 23
22355, 15
22356, 25
22357, 16
22358, 47
22359, 23
22360, 41
22361, 16
22362, 16
22363, 31
22364, 40
22365, 31
22366, 16
22367, 16
22368, 25
22369, 15
22370, 16
22371, 16
22372, 23
22373, 16
22374, 39
22375, 62
22376, 39
22378, 15
22379, 31
22380, 31
22381, 8
22382, 24
22383, 38
22384, 16
22385, 56
22386, 47
22387, 16
22388, 48
22389, 16
22390, 48
22391, 7
22393, 48
22394, 39
22395, 24
22396, 23
22397, 55
22398, 32
22399, 40
22400, 16
22401, 15
22402, 8
22403, 16
22404, 16
22405, 31
22406, 40
22407, 24
22408, 7
22409, 23
22410, 55
22411, 16
22412, 31
22413, 8
22414, 55
22415, 15
22416, 7
22417, 24
22418, 39
22419, 8
22420, 8
22421, 40
22424, 8
22425, 7
22426, 23
22427, 8
22428, 24
22430, 23
22431, 16
22432, 32
22434, 23
22436, 15
22437, 8
22438, 39
22439, 31
22440, 7
22441, 32
22442, 31
22443, 32
22444, 16
22445, 32
22446, 32
22447, 15
22448, 41
22449, 8
22450, 64
22451, 8
22452, 7
22453, 14
22454, 39
22455, 8
22456, 32
22457, 8
22458, 7
22459, 56
22460, 39
22461, 31
22462, 31
22463, 24
22464, 8
22465, 31
22466, 15
22467, 31
22468, 32
22469, 7
22470, 57
22471, 47
22472, 32
22473, 8
22474, 39
22475, 48
22476, 15
22477, 7
22478, 16
22479, 65
22480, 33
22481, 24
22482, 47
22483, 15
22484, 56
22485, 15
22486, 15
22487, 7
22488, 7
22489, 23
22490, 32
22491, 33
22492, 24
22493, 23
22494, 8
22495, 56
22496, 15
22497, 40
22498, 8
22499, 65
22500, 7
22501, 16
22502, 7
22503, 40
22504, 15
22505, 7
22506, 31
22507, 15
22510, 8
22511, 23
22512, 7
22513, 16
22514, 24
22515, 15
22516, 8
22517, 32
22518, 7
22519, 16
22520, 7
22521, 16
22522, 8
22523, 15
22524, 40
22525, 15
22526, 23
22527, 33
22528, 15
22529, 31
22530, 23
22531, 47
22532, 24
22533, 25
22534, 7
22535, 56
22536, 15
22537, 15
22538, 24
22539, 25
22540, 24
22541, 8
22542, 23
22543, 8
22544, 32
22545, 89
22546, 8
22547, 40
22548, 8
22549, 24
22550, 16
22551, 31
22553, 39
22554, 31
22555, 15
22556, 71
22557, 32
22558, 15
22559, 23
22560, 56
22561, 32
22562, 8
22563, 8
22564, 32
22565, 73
22566, 8
22567, 32
22568, 39
22569, 24
22570, 55
22571, 8
22572, 15
22573, 8
22575, 39
22576, 32
22577, 41
22578, 24
22579, 8
22580, 16
22581, 48
22582, 40
22583, 7
22584, 32
22585, 33
22586, 31
22588, 24
22589, 48
22591, 16
22592, 23
22593, 7
22596, 24
22597, 15
22599, 32
22601, 23
22602, 16
22603, 31
22604, 8
22605, 16
22607, 7
22608, 32
22609, 15
22610, 39
22611, 24
22612, 8
22613, 31
22614, 40
22615, 16
22616, 40
22617, 24
22618, 15
22619, 40
22620, 8
22621, 45
22622, 23
22623, 24
22625, 41
22626, 16
22627, 15
22628, 7
22629, 15
22630, 57
22631, 47
22632, 40
22633, 15
22634, 16
22635, 15
22636, 32
22637, 15
22638, 16
22639, 56
22640, 8
22641, 48
22642, 55
22643, 15
22644, 32
22645, 32
22646, 31
22647, 22
22648, 7
22649, 32
22650, 32
22651, 31
22652, 40
22653, 56
22654, 8
22655, 47
22656, 23
22657, 24
22658, 8
22660, 31
22661, 32
22662, 15
22663, 31
22664, 23
22665, 7
22666, 39
22667, 56
22668, 16
22669, 8
22670, 40
22671, 30
22672, 15
22673, 7
22674, 31
22675, 22
22676, 16
22677, 16
22678, 23
22681, 16
22682, 24
22685, 40
22686, 16
22687, 8
22688, 32
22689, 7
22690, 24
22692, 16
22693, 8
22694, 32
22695, 24
22696, 23
22697, 15
22698, 33
22699, 16
22700, 31
22701, 23
22702, 48
22703, 16
22704, 24
22705, 23
22706, 57
22707, 24
22708, 8
22709, 15
22710, 16
22711, 39
22712, 8
22713, 16
22714, 7
22715, 48
22716, 66
22717, 24
22718, 32
22719, 8
22720, 24
22721, 15
22722, 31
22723, 24
22724, 25
22725, 22
22726, 33
22727, 47
22728, 39
22729, 24
22730, 49
22731, 24
22732, 31
22733, 7
22734, 8
22735, 41
22736, 32
22737, 31
22738, 47
22739, 31
22740, 24
22741, 48
22742, 15
22743, 15
22745, 24
22746, 15
22747, 31
22748, 47
22749, 24
22751, 40
22752, 31
22753, 40
22754, 7
22755, 33
22756, 39
22757, 7
22758, 15
22759, 24
22760, 31
22761, 15
22762, 24
22763, 16
22764, 7
22767, 32
22768, 7
22770, 23
22771, 24
22772, 7
22773, 24
22774, 23
22775, 16
22776, 7
22778, 16
22779, 15
22780, 39
22781, 24
22782, 24
22783, 8
22784, 31
22785, 32
22786, 15
22787, 56
22788, 8
22789, 23
22790, 40
22791, 33
22792, 32
22793, 24
22794, 16
22796, 40
22797, 16
22798, 15
22799, 16
22800, 15
22801, 74
22802, 32
22803, 33
22804, 15
22805, 24
22806, 15
22807, 32
22808, 8
22809, 31
22810, 23
22811, 23
22812, 40
22813, 47
22814, 32
22815, 32
22816, 40
22817, 32
22818, 24
22820, 41
22821, 15
22822, 56
22823, 25
22824, 47
22825, 15
22826, 48
22827, 23
22828, 23
22830, 7
22831, 23
22832, 40
22833, 16
22834, 48
22835, 7
22836, 16
22837, 40
22838, 32
22839, 31
22840, 8
22841, 57
22842, 15
22843, 15
22844, 15
22845, 40
22846, 15
22848, 31
22849, 16
22852, 16
22853, 23
22855, 8
22856, 24
22857, 23
22859, 39
22860, 7
22861, 16
22862, 7
22863, 7
22864, 16
22865, 24
22866, 40
22867, 23
22868, 8
22869, 24
22870, 40
22871, 24
22872, 50
22873, 8
22874, 32
22875, 24
22876, 16
22877, 56
22878, 24
22879, 8
22880, 16
22881, 32
22882, 15
22883, 16
22884, 16
22885, 24
22886, 16
22887, 73
22888, 23
22889, 40
22890, 8
22891, 24
22892, 24
22893, 15
22894, 24
22895, 31
22896, 31
22897, 16
22898, 64
22899, 32
22900, 32
22901, 41
22902, 23
22903, 32
22904, 7
22905, 7
22906, 41
22907, 47
22908, 40
22909, 49
22910, 8
22911, 15
22912, 55
22913, 15
22914, 15
22915, 7
22916, 15
22917, 23
22918, 49
22919, 8
22920, 38
22921, 8
22922, 16
22923, 55
22924, 32
22925, 16
22926, 7
22927, 63
22928, 16
22930, 41
22931, 15
22932, 24
22933, 25
22934, 16
22937, 7
22938, 8
22939, 23
22941, 32
22942, 16
22943, 7
22944, 24
22945, 23
22946, 8
22947, 15
22948, 7
22949, 16
22951, 31
22952, 30
22953, 23
22954, 16
22955, 39
22956, 24
22957, 23
22958, 49
22959, 16
22960, 16
22961, 40
22962, 33
22963, 30
22964, 24
22966, 15
22967, 39
22968, 15
22969, 16
22970, 15
22971, 7
22972, 65
22973, 48
22974, 15
22975, 30
22976, 16
22977, 15
22978, 31
22979, 15
22980, 39
22981, 31
22982, 16
22983, 66
22984, 24
22985, 31
22986, 16
22987, 39
22988, 39
22989, 23
22991, 24
22992, 39
22993, 48
22994, 48
22995, 15
22996, 31
22997, 23
22998, 39
22999, 23
23000, 8
23002, 31
23003, 23
23004, 39
23005, 32
23006, 7
23007, 40
23008, 32
23009, 24
23010, 24
23011, 16
23012, 40
23013, 32
23014, 7
23015, 8
23016, 49
23017, 16
23018, 16
23019, 16
23020, 15
23023, 16
23024, 23
23026, 16
23027, 24
23028, 16
23029, 8
23030, 32
23031, 7
23032, 23
23034, 15
23036, 39
23037, 32
23038, 32
23039, 8
23040, 24
23041, 24
23042, 31
23043, 48
23044, 16
23046, 48
23047, 16
23048, 49
23049, 31
23050, 8
23051, 16
23052, 16
23053, 30
23054, 15
23055, 15
23056, 15
23057, 24
23058, 79
23059, 16
23060, 39
23061, 8
23062, 15
23063, 31
23064, 15
23065, 23
23066, 56
23067, 8
23068, 25
23069, 56
23070, 39
23071, 16
23072, 32
23073, 48
23074, 31
23076, 16
23077, 24
23078, 73
23079, 24
23080, 32
23081, 24
23082, 32
23083, 39
23084, 15
23085, 15
23086, 7
23087, 16
23088, 24
23089, 39
23090, 24
23091, 23
23092, 15
23093, 40
23094, 23
23095, 31
23096, 23
23097, 41
23098, 32
23099, 15
23100, 8
23101, 32
23102, 23
23103, 7
23104, 24
23105, 15
23106, 7
23108, 7
23109, 16
23110, 15
23112, 15
23113, 40
23115, 31
23116, 7
23117, 23
23118, 7
23119, 7
23120, 8
23121, 8
23122, 39
23123, 31
23124, 23
23125, 16
23126, 24
23127, 23
23128, 31
23129, 56
23131, 32
23132, 32
23133, 49
23134, 32
23135, 8
23137, 24
23138, 32
23139, 16
23140, 24
23141, 8
23142, 24
23143, 41
23144, 55
23145, 49
23146, 8
23147, 16
23148, 15
23149, 24
23150, 15
23151, 16
23152, 55
23153, 16
23154, 47
23155, 40
23156, 31
23157, 24
23158, 40
23159, 23
23160, 31
23162, 8
23163, 71
23164, 31
23165, 48
23166, 32
23167, 7
23168, 39
23169, 31
23170, 24
23172, 16
23173, 15
23174, 31
23175, 31
23176, 40
23177, 7
23178, 32
23179, 40
23180, 24
23181, 23
23182, 7
23183, 64
23184, 15
23185, 15
23186, 8
23187, 39
23188, 15
23189, 8
23190, 32
23191, 8
23194, 16
23195, 23
23197, 16
23198, 23
23199, 16
23200, 8
23201, 39
23203, 23
23204, 8
23205, 8
23206, 16
23207, 33
23208, 16
23209, 32
23210, 7
23211, 32
23212, 40
23213, 16
23214, 41
23215, 23
23216, 25
23217, 24
23218, 16
23219, 57
23220, 7
23221, 23
23222, 15
23223, 32
23224, 15
23225, 23
23226, 7
23227, 15
23228, 49
23229, 47
23230, 23
23231, 38
23232, 16
23233, 15
23234, 24
23235, 23
23236, 7
23237, 23
23238, 46
23239, 24
23240, 63
23241, 23
23242, 31
23243, 40
23244, 16
23245, 47
23247, 8
23248, 56
23249, 40
23250, 15
23251, 54
23252, 24
23253, 50
23254, 23
23255, 24
23257, 16
23258, 8
23259, 23
23260, 24
23261, 31
23262, 38
23263, 16
23264, 24
23265, 40
23266, 24
23267, 23
23268, 24
23269, 46
23270, 15
23271, 8
23272, 16
23273, 47
23275, 24
23276, 16
23277, 8
23279, 8
23280, 24
23281, 7
23283, 23
23284, 32
23285, 8
23286, 33
23287, 7
23288, 8
23289, 15
23290, 7
23291, 8
23292, 23
23293, 31
23294, 32
23295, 16
23296, 16
23297, 31
23298, 40
23299, 24
23300, 31
23301, 16
23302, 16
23303, 31
23304, 23
23305, 56
23306, 7
23307, 24
23308, 16
23309, 32
23310, 7
23311, 23
23312, 16
23313, 8
23314, 71
23315, 31
23316, 40
23317, 16
23318, 16
23319, 24
23320, 23
23321, 7
23322, 48
23323, 32
23324, 8
23325, 39
23326, 63
23327, 15
23328, 32
23329, 40
23330, 32
23331, 16
23333, 40
23334, 41
23335, 31
23336, 48
23337, 32
23339, 63
23340, 32
23341, 7
23342, 7
23343, 16
23344, 15
23345, 32
23346, 23
23347, 49
23349, 33
23350, 31
23351, 31
23352, 23
23353, 16
23354, 49
23355, 23
23356, 7
23357, 16
23358, 39
23359, 15
23360, 16
23361, 24
23362, 7
23365, 24
23366, 15
23368, 25
23369, 7
23370, 22
23371, 8
23372, 39
23373, 8
23374, 15
23376, 16
23377, 16
23378, 24
23379, 32
23380, 16
23381, 15
23382, 24
23383, 47
23384, 16
23385, 32
23386, 32
23387, 7
23388, 49
23389, 8
23390, 65
23391, 16
23392, 16
23393, 8
23394, 24
23395, 23
23396, 16
23397, 15
23398, 15
23399, 23
23400, 70
23401, 40
23402, 23
23403, 7
23404, 23
23405, 24
23406, 23
23407, 24
23408, 32
23409, 23
23410, 24
23411, 55
23412, 39
23413, 16
23414, 31
23415, 48
23416, 32
23418, 8
23419, 48
23420, 31
23421, 31
23422, 54
23423, 24
23424, 40
23425, 32
23426, 16
23427, 7
23428, 7
23429, 23
23430, 24
23431, 15
23432, 56
23433, 15
23434, 8
23435, 39
23436, 32
23437, 24
23438, 15
23439, 32
23440, 47
23441, 15
23442, 7
23443, 24
23444, 23
23445, 23
23446, 16
23447, 23
23450, 16
23451, 8
23452, 15
23453, 8
23454, 24
23455, 16
23456, 7
23457, 32
23458, 15
23459, 24
23461, 7
23462, 7
23463, 40
23464, 16
23465, 24
23466, 24
23467, 16
23468, 32
23469, 31
23470, 24
23471, 48
23472, 8
23473, 15
23474, 23
23475, 23
23476, 71
23477, 8
23478, 8
23479, 7
23480, 39
23481, 15
23482, 24
23483, 7
23484, 7
23485, 55
23486, 64
23487, 40
23489, 24
23490, 16
23491, 38
23492, 8
23493, 40
23494, 24
23495, 8
23496, 64
23497, 47
23498, 16
23499, 24
23500, 47
23501, 32
23502, 15
23504, 41
23505, 40
23506, 40
23507, 32
23508, 41
23509, 7
23510, 55
23511, 23
23512, 15
23514, 24
23515, 7
23516, 39
23517, 32
23518, 32
23519, 16
23521, 62
23522, 16
23523, 31
23524, 16
23525, 48
23526, 15
23527, 15
23528, 7
23529, 40
23530, 23
23531, 8
23532, 32
23533, 8
23536, 16
23537, 23
23539, 24
23540, 24
23542, 16
23543, 40
23544, 8
23545, 15
23546, 8
23547, 8
23548, 16
23549, 32
23550, 16
23551, 31
23552, 16
23553, 32
23554, 32
23555, 16
23556, 32
23557, 31
23558, 24
23559, 7
23560, 39
23561, 48
23562, 32
23564, 15
23565, 32
23566, 23
23567, 8
23568, 15
23569, 16
23570, 48
23571, 64
23572, 16
23573, 31
23574, 16
23575, 15
23576, 39
23577, 8
23578, 8
23579, 64
23580, 8
23581, 40
23582, 48
23583, 40
23584, 8
23585, 48
23586, 24
23587, 31
23588, 7
23589, 16
23590, 40
23591, 56
23592, 24
23593, 40
23594, 24
23595, 41
23596, 31
23597, 23
23598, 8
23600, 16
23601, 31
23602, 32
23603, 32
23604, 22
23605, 7
23606, 40
23607, 32
23608, 32
23609, 15
23610, 24
23611, 48
23612, 15
23613, 7
23614, 24
23615, 23
23616, 15
23617, 24
23618, 23
23621, 16
23622, 25
23624, 8
23625, 15
23626, 23
23627, 7
23628, 24
23629, 23
23630, 16
23631, 7
23632, 7
23633, 8
23634, 24
23635, 39
23636, 16
23637, 23
23638, 24
23639, 24
23640, 32
23641, 23
23642, 48
23644, 31
23645, 16
23646, 56
23647, 31
23648, 16
23649, 16
23650, 8
23651, 32
23652, 16
23653, 24
23654, 16
23655, 16
23656, 73
23657, 23
23658, 40
23659, 7
23660, 23
23661, 32
23662, 16
23663, 24
23664, 24
23665, 30
23666, 7
23667, 72
23668, 23
23669, 31
23670, 32
23671, 41
23672, 31
23673, 15
23675, 32
23676, 30
23677, 47
23678, 40
23679, 31
23680, 39
23681, 32
23682, 15
23683, 23
23684, 8
23685, 16
23686, 24
23687, 31
23688, 33
23689, 7
23690, 31
23691, 16
23692, 47
23693, 24
23694, 23
23695, 8
23696, 73
23697, 8
23698, 7
23699, 16
23700, 47
23701, 8
23702, 7
23703, 31
23704, 8
23706, 8
23707, 16
23708, 15
23709, 8
23710, 8
23711, 23
23712, 7
23713, 32
23714, 23
23716, 23
23718, 15
23719, 16
23720, 33
23721, 24
23722, 24
23723, 16
23724, 24
23725, 23
23726, 31
23727, 40
23728, 32
23729, 15
23730, 23
23731, 16
23732, 47
23733, 31
23734, 25
23736, 24
23737, 31
23738, 16
23739, 7
23740, 15
23741, 40
23742, 63
23743, 32
23744, 23
23745, 8
23746, 15
23747, 39
23748, 15
23749, 16
23750, 55
23751, 7
23752, 32
23753, 47
23754, 39
23755, 32
23756, 16
23757, 47
23758, 31
23760, 16
23761, 41
23762, 57
23763, 16
23764, 55
23765, 8
23766, 56
23767, 23
23768, 23
23770, 8
23771, 23
23772, 32
23773, 24
23774, 40
23775, 15
23776, 8
23777, 48
23778, 23
23779, 39
23780, 7
23781, 40
23782, 32
23783, 15
23784, 16
23785, 24
23786, 31
23788, 23
23789, 23
23792, 16
23793, 16
23794, 7
23795, 8
23796, 24
23797, 15
23798, 16
23799, 15
23800, 23
23801, 24
23803, 7
23804, 16
23805, 16
23806, 39
23807, 25
23808, 15
23809, 16
23810, 39
23811, 31
23812, 8
23813, 47
23814, 16
23815, 32
23816, 23
23817, 24
23818, 54
23819, 7
23820, 16
23821, 24
23822, 24
23823, 7
23824, 16
23825, 23
23826, 33
23827, 72
23828, 16
23829, 40
23830, 8
23831, 16
23832, 23
23833, 31
23834, 8
23835, 15
23836, 47
23837, 24
23838, 55
23839, 31
23840, 23
23841, 39
23842, 32
23843, 40
23844, 7
23846, 32
23847, 55
23848, 23
23849, 31
23850, 47
23851, 8
23852, 54
23853, 32
23854, 7
23855, 8
23856, 16
23857, 32
23858, 16
23859, 32
23860, 40
23862, 40
23863, 31
23864, 32
23865, 15
23866, 24
23867, 32
23868, 31
23869, 15
23870, 24
23871, 24
23872, 16
23873, 8
23874, 31
23875, 7
23878, 15
23879, 24
23881, 15
23882, 31
23883, 7
23884, 16
23885, 30
23886, 16
23887, 7
23889, 16
23890, 15
23891, 41
23892, 8
23893, 31
23894, 16
23895, 39
23896, 24
23897, 24
23898, 23
23899, 30
23900, 7
23901, 39
23902, 16
23903, 71
23904, 7
23905, 7
23906, 15
23907, 39
23908, 8
23909, 15
23910, 15
23911, 15
23912, 40
23913, 55
23914, 31
23915, 31
23916, 16
23917, 24
23918, 15
23919, 23
23920, 24
23921, 32
23922, 15
23923, 47
23924, 56
23925, 31
23927, 54
23928, 31
23929, 32
23931, 16
23932, 55
23933, 23
23934, 31
23935, 56
23936, 24
23937, 31
23938, 22
23939, 31
23941, 7
23942, 32
23943, 16
23944, 47
23945, 24
23946, 16
23948, 47
23949, 30
23950, 40
23951, 8
23952, 49
23953, 31
23954, 7
23955, 7
23956, 49
23957, 8
23958, 7
23959, 32
23960, 15
23963, 8
23964, 24
23965, 7
23966, 8
23967, 23
23968, 24
23970, 15
23971, 30
23972, 16
23973, 7
23974, 16
23976, 40
23977, 24
23978, 23
23979, 15
23980, 24
23981, 32
23982, 23
23983, 32
23984, 31
23985, 15
23986, 25
23987, 31
23988, 32
23989, 39
23990, 15
23991, 7
23992, 40
23993, 7
23994, 15
23995, 23
23996, 16
23997, 16
23998, 73
23999, 23
24000, 39
24001, 7
24002, 32
24003, 32
24004, 16
24005, 16
24006, 33
24007, 23
24008, 8
24009, 71
24010, 40
24011, 16
24012, 31
24013, 47
24014, 41
24016, 8
24017, 48
24018, 24
24019, 47
24020, 49
24021, 8
24022, 39
24023, 48
24024, 16
24025, 7
24026, 7
24027, 7
24028, 39
24029, 16
24030, 31
24031, 39
24033, 39
24034, 40
24035, 32
24036, 7
24037, 15
24038, 65
24039, 16
24040, 8
24041, 24
24042, 23
24043, 15
24044, 15
24045, 33
24048, 8
24049, 8
24050, 23
24052, 16
24053, 30
24054, 7
24055, 16
24056, 31
24057, 16
24058, 7
24060, 16
24061, 16
24062, 31
24063, 31
24064, 16
24065, 16
24066, 31
24067, 31
24068, 23
24069, 32
24070, 22
24071, 24
24072, 32
24073, 33
24074, 30
24075, 22
24076, 24
24078, 40
24079, 16
24080, 7
24081, 23
24082, 15
24083, 32
24084, 70
24085, 32
24086, 15
24087, 23
24088, 8
24089, 31
24090, 15
24091, 40
24092, 16
24093, 15
24094, 48
24095, 47
24096, 30
24097, 32
24098, 32
24099, 23
24100, 39
24102, 8
24103, 72
24104, 31
24105, 32
24106, 39
24107, 32
24108, 24
24109, 32
24110, 24
24111, 8
24113, 23
24114, 32
24115, 31
24116, 40
24117, 7
24119, 48
24120, 31
24121, 39
24123, 56
24124, 23
24125, 15
24126, 16
24127, 23
24128, 23
24129, 16
24130, 24
24131, 16
24134, 8
24135, 31
24137, 7
24138, 32
24139, 16
24140, 8
24141, 39
24143, 7
24144, 15
24145, 8
24146, 16
24147, 16
24148, 31
24149, 31
24150, 16
24151, 33
24152, 24
24153, 31
24154, 33
24155, 31
24156, 7
24157, 32
24158, 15
24159, 55
24160, 15
24161, 23
24162, 16
24163, 8
24164, 30
24165, 15
24166, 23
24167, 16
24168, 7
24169, 63
24170, 47
24171, 32
24172, 23
24173, 8
24174, 41
24175, 16
24176, 8
24177, 40
24178, 32
24179, 24
24180, 56
24181, 24
24182, 40
24183, 33
24184, 32
24185, 23
24186, 15
24187, 8
24188, 32
24189, 72
24191, 40
24192, 38
24193, 32
24194, 48
24195, 8
24196, 15
24197, 8
24198, 15
24199, 23
24200, 39
24201, 24
24202, 31
24204, 24
24205, 55
24206, 32
24207, 16
24208, 25
24209, 38
24210, 23
24211, 8
24212, 16
24213, 40
24214, 8
24215, 24
24216, 24
24219, 8
24220, 33
24223, 32
24224, 8
24225, 15
24226, 16
24227, 31
24228, 25
24230, 8
24231, 16
24233, 39
24234, 32
24235, 23
24236, 16
24237, 24
24238, 32
24239, 15
24240, 39
24241, 23
24242, 32
24243, 24
24244, 16
24245, 54
24246, 24
24248, 24
24249, 32
24250, 7
24251, 24
24252, 7
24253, 23
24254, 56
24255, 47
24256, 16
24257, 30
24258, 24
24259, 7
24260, 48
24262, 31
24263, 39
24264, 7
24265, 64
24266, 23
24267, 30
24268, 40
24269, 32
24270, 32
24271, 23
24273, 24
24274, 65
24275, 32
24276, 16
24277, 48
24278, 15
24279, 49
24280, 23
24281, 24
24283, 16
24284, 23
24285, 32
24286, 15
24287, 55
24289, 25
24290, 23
24291, 38
24292, 31
24293, 8
24294, 56
24295, 23
24296, 7
24297, 7
24298, 39
24299, 23
24301, 31
24302, 15
24305, 24
24306, 16
24308, 16
24309, 16
24310, 23
24311, 8
24312, 40
24314, 24
24316, 7
24317, 16
24318, 23
24319, 31
24320, 23
24321, 15
24322, 24
24323, 32
24324, 31
24325, 16
24326, 47
24327, 7
24328, 31
24329, 23
24330, 65
24332, 23
24333, 15
24334, 24
24335, 32
24337, 22
24338, 8
24339, 39
24340, 56
24341, 31
24342, 40
24343, 8
24344, 24
24345, 24
24346, 23
24347, 8
24348, 56
24349, 15
24350, 25
24351, 56
24352, 24
24353, 32
24354, 40
24355, 40
24356, 32
24359, 57
24360, 24
24361, 47
24362, 16
24363, 46
24364, 40
24365, 40
24366, 16
24367, 7
24368, 8
24369, 24
24370, 7
24371, 47
24372, 16
24373, 38
24374, 8
24375, 49
24376, 23
24377, 32
24378, 7
24379, 23
24380, 48
24381, 23
24382, 8
24383, 16
24384, 30
24385, 15
24386, 25
24387, 24
24391, 40
24394, 15
24395, 39
24397, 41
24398, 7
24399, 8
24400, 15
24401, 8
24402, 16
24403, 33
24404, 8
24405, 23
24406, 31
24407, 16
24408, 31
24409, 23
24410, 31
24411, 33
24412, 24
24413, 8
24414, 39
24415, 16
24416, 63
24417, 16
24418, 16
24419, 8
24420, 32
24421, 15
24422, 25
24423, 16
24424, 8
24425, 49
24426, 55
24427, 41
24428, 7
24429, 24
24430, 16
24431, 32
24432, 7
24433, 40
24434, 31
24435, 7
24436, 55
24437, 32
24438, 31
24439, 24
24440, 39
24441, 31
24442, 31
24444, 24
24445, 64
24446, 24
24447, 40
24448, 23
24449, 40
24450, 32
24451, 23
24452, 23
24453, 8
24454, 8
24455, 24
24456, 24
24457, 31
24458, 31
24459, 15
24460, 24
24461, 48
24462, 32
24463, 15
24464, 25
24465, 33
24466, 39
24468, 8
24469, 39
24470, 23
24471, 8
24472, 32
24473, 8
24476, 24
24477, 16
24479, 15
24480, 24
24481, 15
24482, 7
24483, 32
24484, 7
24485, 23
24487, 16
24488, 7
24489, 32
24490, 32
24491, 33
24492, 8
24493, 24
24494, 24
24495, 32
24496, 33
24497, 31
24498, 25
24499, 24
24500, 16
24501, 55
24502, 23
24503, 8
24504, 16
24505, 16
24506, 31
24507, 16
24508, 15
24509, 7
24510, 48
24511, 57
24512, 23
24513, 39
24515, 31
24516, 24
24517, 24
24518, 16
24519, 24
24520, 38
24521, 16
24522, 63
24523, 39
24524, 8
24525, 32
24526, 56
24527, 32
24529, 8
24530, 41
24531, 48
24532, 23
24533, 40
24534, 39
24535, 33
24536, 32
24537, 23
24538, 7
24539, 8
24540, 16
24541, 24
24542, 48
24543, 16
24544, 31
24545, 8
24546, 32
24547, 31
24548, 48
24549, 8
24550, 24
24551, 46
24552, 15
24553, 8
24554, 24
24555, 23
24556, 23
24557, 24
24558, 15
24562, 40
24565, 23
24566, 15
24567, 15
24568, 32
24569, 7
24570, 23
24571, 7
24572, 8
24573, 16
24574, 24
24575, 32
24576, 24
24577, 15
24578, 16
24579, 15
24580, 39
24581, 15
24582, 64
24583, 8
24584, 16
24585, 31
24586, 24
24587, 47
24588, 15
24589, 7
24590, 15
24591, 48
24592, 16
24593, 8
24594, 24
24596, 63
24597, 47
24598, 24
24599, 31
24600, 16
24601, 16
24602, 30
24603, 16
24604, 24
24605, 22
24606, 22
24607, 65
24608, 32
24609, 23
24610, 15
24611, 55
24612, 32
24613, 23
24614, 8
24615, 16
24616, 56
24617, 31
24618, 32
24619, 48
24620, 7
24621, 56
24622, 23
24623, 15
24625, 7
24626, 32
24627, 31
24628, 23
24629, 39
24630, 7
24631, 8
24632, 47
24633, 48
24634, 16
24635, 7
24636, 32
24637, 47
24638, 8
24639, 15
24640, 32
24641, 24
24642, 8
24643, 24
24644, 15
24647, 16
24648, 15
24649, 7
24650, 16
24651, 32
24652, 8
24654, 40
24655, 16
24656, 16
24658, 7
24659, 32
24660, 8
24661, 39
24662, 15
24663, 15
24664, 41
24665, 23
24666, 23
24667, 41
24668, 23
24669, 8
24670, 31
24671, 15
24672, 71
24673, 15
24674, 7
24675, 16
24676, 16
24677, 38
24679, 31
24680, 8
24681, 40
24682, 41
24683, 38
24684, 39
24685, 16
24686, 16
24687, 23
24688, 24
24689, 16
24690, 40
24691, 23
24692, 49
24693, 32
24694, 31
24695, 23
24696, 40
24697, 32
24698, 32
24699, 7
24700, 16
24701, 40
24702, 40
24703, 32
24704, 32
24705, 31
24706, 32
24707, 47
24708, 16
24709, 7
24710, 8
24711, 16
24712, 32
24713, 32
24714, 32
24715, 23
24716, 7
24717, 65
24718, 8
24719, 41
24720, 8
24721, 25
24722, 47
24723, 15
24724, 8
24725, 33
24726, 24
24727, 15
24728, 8
24729, 31
24732, 8
24733, 24
24734, 7
24735, 8
24736, 24
24737, 16
24738, 7
24739, 41
24740, 8
24741, 24
24743, 7
24744, 8
24745, 24
24746, 23
24747, 39
24748, 15
24749, 16
24750, 31
24751, 24
24752, 23
24753, 48
24754, 15
24755, 24
24756, 23
24757, 24
24758, 54
24759, 15
24760, 16
24761, 16
24762, 32
24763, 8
24764, 24
24765, 16
24766, 16
24767, 74
24768, 23
24769, 40
24770, 7
24771, 16
24772, 31
24773, 23
24774, 7
24775, 23
24776, 55
24778, 57
24779, 55
24780, 15
24781, 32
24782, 32
24783, 30
24784, 24
24786, 41
24787, 49
24788, 24
24789, 32
24790, 46
24791, 24
24792, 56
24793, 16
24794, 8
24796, 15
24797, 23
24798, 24
24799, 47
24800, 32
24802, 24
24803, 32
24804, 30
24805, 31
24806, 7
24807, 48
24808, 30
24809, 7
24810, 16
24811, 40
24812, 16
24813, 8
24814, 31
24815, 8
24817, 8
24818, 16
24819, 16
24821, 8
24822, 23
24823, 23
24824, 8
24825, 32
24826, 7
24827, 24
24828, 8
24830, 15
24831, 32
24832, 32
24833, 24
24834, 7
24835, 32
24836, 40
24837, 16
24838, 32
24839, 31
24840, 24
24841, 24
24842, 15
24843, 62
24844, 24
24846, 16
24847, 24
24848, 23
24849, 16
24850, 15
24851, 24
24852, 41
24853, 48
24854, 23
24855, 38
24856, 8
24857, 15
24858, 40
24859, 15
24860, 15
24861, 41
24862, 23
24863, 32
24864, 55
24865, 31
24866, 16
24867, 39
24868, 39
24869, 32
24871, 8
24872, 48
24873, 39
24874, 40
24875, 24
24876, 39
24877, 24
24878, 47
24879, 24
24881, 16
24882, 16
24883, 24
24884, 23
24885, 48
24886, 15
24888, 40
24889, 38
24890, 39
24892, 65
24893, 16
24894, 16
24895, 8
24896, 15
24897, 38
24898, 16
24899, 24
24900, 7
24901, 7
24903, 8
24904, 32
24906, 8
24907, 25
24908, 15
24909, 15
24910, 16
24911, 23
24912, 24
24914, 7
24915, 7
24916, 32
24917, 24
24918, 24
24919, 24
24920, 16
24921, 31
24922, 32
24923, 15
24924, 57
24925, 8
24926, 15
24927, 39
24928, 16
24929, 45
24930, 23
24931, 16
24932, 16
24933, 32
24934, 7
24935, 24
24936, 7
24937, 24
24938, 48
24939, 47
24940, 39
24941, 16
24942, 16
24943, 23
24944, 23
24945, 16
24946, 49
24947, 16
24948, 24
24949, 56
24950, 40
24951, 15
24952, 24
24953, 46
24954, 23
24955, 23
24957, 49
24958, 39
24959, 32
24960, 40
24961, 40
24962, 16
24963, 40
24964, 15
24965, 22
24966, 7
24967, 8
24968, 23
24969, 39
24970, 15
24971, 39
24972, 7
24973, 40
24974, 32
24975, 32
24976, 15
24977, 33
24978, 23
24979, 39
24981, 15
24982, 39
24983, 15
24984, 8
24985, 32
24986, 7
24988, 8
24989, 16
24990, 15
24992, 16
24993, 31
24994, 8
24995, 8
24996, 39
24997, 8
24998, 15
25000, 7
25001, 24
25002, 15
25003, 31
25004, 32
25005, 7
25006, 32
25007, 48
25008, 7
25009, 40
25010, 23
25011, 23
25012, 15
25013, 32
25014, 49
25015, 23
25016, 7
25017, 16
25018, 41
25019, 16
25020, 16
25021, 8
25022, 23
25023, 49
25024, 41
25025, 48
25026, 15
25027, 16
25028, 23
25029, 24
25030, 16
25031, 16
25032, 47
25033, 15
25034, 41
25035, 40
25036, 40
25037, 24
25038, 31
25039, 23
25040, 47
25042, 16
25043, 31
25044, 63
25045, 16
25046, 47
25047, 23
25048, 40
25049, 31
25050, 24
25052, 8
25053, 24
25054, 40
25055, 16
25056, 31
25057, 24
25058, 8
25059, 57
25060, 15
25061, 23
25062, 23
25063, 24
25064, 47
25065, 15
25066, 8
25067, 41
25068, 24
25069, 8
25070, 33
25071, 8
25074, 8
25075, 32
25078, 32
25079, 24
25080, 8
25081, 40
25083, 8
25084, 15
25085, 7
25086, 15
25087, 25
25088, 32
25089, 24
25090, 16
25091, 24
25092, 31
25093, 32
25094, 8
25095, 47
25096, 15
25097, 41
25099, 64
25100, 15
25101, 23
25103, 23
25104, 40
25105, 8
25106, 24
25107, 16
25108, 24
25109, 65
25110, 22
25111, 40
25112, 15
25113, 16
25114, 32
25115, 15
25116, 7
25117, 40
25118, 30
25119, 8
25120, 72
25121, 24
25122, 39
25123, 41
25124, 24
25125, 39
25126, 8
25127, 8
25128, 41
25129, 48
25130, 32
25131, 33
25132, 31
25133, 24
25134, 47
25135, 24
25136, 8
25137, 8
25138, 16
25139, 7
25140, 56
25141, 8
25142, 39
25143, 7
25144, 41
25145, 40
25146, 24
25147, 15
25148, 16
25149, 56
25150, 23
25151, 8
25152, 8
25153, 47
25154, 8
25155, 16
25156, 24
25157, 8
25160, 24
25161, 16
25162, 8
25163, 16
25164, 16
25165, 16
25166, 16
25167, 24
25168, 7
25169, 23
25170, 7
25171, 8
25172, 24
25173, 16
25174, 32
25175, 24
25176, 15
25177, 32
25178, 32
25179, 23
25180, 41
25181, 23
25182, 16
25183, 33
25184, 7
25185, 63
25186, 16
25187, 7
25188, 15
25189, 40
25190, 16
25191, 16
25192, 15
25193, 16
25194, 41
25195, 48
25196, 40
25197, 23
25198, 24
25199, 8
25200, 31
25201, 15
25202, 32
25203, 32
25204, 16
25205, 40
25206, 56
25207, 23
25208, 31
25209, 40
25210, 16
25211, 39
25213, 8
25214, 48
25215, 39
25216, 30
25217, 55
25218, 7
25219, 40
25220, 40
25221, 16
25222, 7
25223, 8
25224, 24
25225, 40
25226, 24
25227, 24
25228, 22
25230, 47
25231, 39
25232, 32
25234, 40
25235, 47
25236, 8
25237, 8
25238, 15
25239, 31
25240, 23
25241, 24
25242, 16
25245, 8
25246, 24
25247, 7
25248, 8
25249, 24
25250, 23
25251, 8
25252, 15
25253, 22
25254, 16
25255, 7
25256, 7
25257, 16
25258, 33
25259, 24
25260, 33
25261, 7
25262, 16
25263, 32
25264, 39
25265, 16
25266, 48
25267, 8
25268, 16
25269, 39
25270, 32
25271, 30
25272, 23
25273, 16
25274, 41
25276, 15
25277, 23
25278, 8
25279, 32
25280, 56
25281, 30
25282, 48
25284, 23
25285, 31
25286, 15
25287, 24
25288, 40
25289, 15
25290, 33
25291, 40
25292, 56
25293, 16
25294, 16
25295, 46
25296, 24
25297, 22
25299, 40
25300, 39
25301, 31
25302, 64
25303, 16
25304, 24
25305, 23
25306, 38
25307, 15
25309, 7
25310, 39
25311, 32
25312, 23
25313, 31
25314, 7
25315, 40
25316, 39
25317, 16
25318, 22
25319, 24
25320, 48
25321, 15
25322, 7
25323, 24
25324, 40
25325, 8
25326, 16
25327, 23
25328, 7
25330, 8
25331, 16
25332, 15
25334, 15
25335, 15
25336, 23
25337, 24
25338, 24
25339, 16
25340, 7
25341, 8
25342, 8
25343, 7
25344, 40
25345, 23
25346, 24
25347, 7
25348, 48
25349, 24
25350, 32
25351, 24
25352, 23
25353, 24
25354, 32
25355, 24
25356, 46
25357, 15
25358, 7
25359, 15
25360, 40
25361, 15
25362, 16
25363, 15
25364, 15
25365, 48
25366, 55
25367, 32
25368, 15
25369, 16
25370, 32
25371, 24
25372, 7
25373, 24
25374, 48
25375, 16
25376, 40
25377, 40
25378, 40
25379, 8
25380, 47
25381, 32
25382, 31
25384, 24
25385, 56
25386, 32
25387, 24
25388, 49
25389, 24
25390, 23
25391, 39
25392, 23
25393, 8
25395, 23
25396, 39
25397, 16
25398, 48
25399, 7
25400, 7
25401, 46
25402, 32
25403, 31
25404, 8
25405, 41
25406, 32
25407, 16
25408, 7
25409, 32
25410, 23
25411, 7
25412, 40
25413, 8
25416, 8
25417, 23
25418, 7
25419, 16
25420, 15
25421, 15
25422, 16
25423, 40
25425, 24
25427, 8
25428, 8
25429, 32
25430, 24
25431, 32
25432, 15
25433, 32
25434, 24
25435, 32
25436, 41
25437, 15
25438, 15
25439, 24
25440, 23
25441, 39
25442, 38
25443, 7
25444, 24
25445, 8
25446, 38
25447, 7
25448, 23
25449, 7
25450, 24
25451, 80
25452, 24
25453, 31
25454, 7
25455, 32
25456, 16
25457, 23
25458, 15
25459, 57
25460, 7
25461, 15
25462, 72
25463, 40
25464, 16
25465, 32
25466, 41
25467, 32
25468, 8
25470, 47
25471, 55
25472, 8
25473, 48
25474, 32
25475, 23
25476, 48
25477, 24
25478, 7
25479, 8
25480, 16
25481, 16
25482, 30
25483, 23
25484, 47
25486, 39
25487, 31
25488, 41
25489, 7
25490, 24
25491, 48
25492, 23
25494, 24
25495, 31
25496, 16
25497, 24
25498, 15
25499, 7
25501, 8
25502, 16
25503, 15
25504, 8
25506, 31
25507, 15
25508, 8
25509, 38
25511, 23
25513, 15
25514, 24
25515, 15
25516, 39
25517, 16
25518, 16
25519, 40
25520, 16
25521, 31
25522, 32
25523, 23
25524, 25
25525, 41
25526, 8
25527, 63
25528, 7
25529, 24
25531, 32
25532, 24
25533, 25
25535, 32
25536, 49
25537, 39
25538, 40
25539, 15
25540, 23
25541, 8
25542, 39
25543, 8
25544, 24
25545, 47
25546, 7
25547, 39
25548, 54
25549, 23
25550, 24
25551, 46
25552, 16
25553, 39
25555, 7
25556, 80
25557, 25
25558, 15
25559, 56
25560, 7
25561, 39
25562, 38
25563, 23
25565, 8
25566, 23
25567, 31
25568, 31
25569, 24
25570, 23
25571, 15
25572, 24
25573, 46
25574, 31
25576, 31
25577, 47
25578, 16
25579, 8
25580, 40
25581, 24
25583, 41
25584, 7
25587, 16
25588, 24
25590, 16
25591, 16
25592, 23
25594, 24
25595, 23
25596, 24
25598, 15
25600, 24
25601, 48
25602, 32
25604, 16
25605, 40
25606, 23
25607, 16
25608, 46
25609, 32
25610, 8
25611, 31
25612, 31
25613, 46
25614, 8
25615, 16
25616, 24
25617, 32
25619, 23
25620, 16
25621, 33
25622, 74
25623, 7
25624, 47
25626, 31
25627, 33
25628, 7
25629, 16
25630, 40
25631, 31
25632, 33
25633, 48
25634, 32
25635, 23
25636, 39
25637, 32
25638, 24
25639, 15
25640, 8
25641, 49
25642, 24
25643, 47
25644, 39
25645, 32
25646, 33
25647, 40
25648, 8
25649, 15
25650, 16
25652, 24
25653, 39
25654, 31
25655, 24
25656, 7
25657, 40
25658, 40
25659, 32
25660, 7
25661, 24
25662, 47
25663, 23
25664, 8
25665, 16
25666, 31
25667, 15
25668, 15
25669, 32
25673, 32
25674, 7
25675, 8
25676, 15
25677, 15
25678, 15
25679, 15
25680, 24
25681, 15
25682, 15
25684, 24
25685, 16
25686, 32
25687, 15
25688, 31
25689, 16
25690, 15
25691, 40
25692, 15
25693, 49
25694, 15
25695, 8
25696, 40
25697, 49
25698, 32
25699, 24
25701, 15
25702, 31
25703, 23
25704, 15
25705, 15
25706, 7
25707, 30
25708, 78
25709, 15
25710, 31
25711, 25
25712, 33
25713, 16
25714, 7
25715, 24
25716, 47
25717, 8
25718, 56
25719, 47
25720, 8
25721, 23
25722, 47
25723, 40
25724, 24
25726, 24
25727, 48
25728, 48
25729, 16
25730, 40
25731, 23
25732, 47
25733, 23
25734, 24
25736, 16
25737, 25
25738, 32
25739, 33
25740, 24
25741, 15
25742, 24
25743, 40
25744, 15
25745, 39
25746, 8
25747, 23
25748, 64
25750, 7
25751, 32
25752, 23
25753, 24
25754, 24
25756, 7
25758, 16
25759, 24
25761, 8
25762, 23
25763, 23
25764, 8
25765, 16
25766, 22
25767, 23
25769, 7
25770, 15
25771, 23
25772, 39
25773, 24
25774, 7
25775, 24
25776, 40
25777, 15
25778, 32
25779, 40
25780, 24
25781, 25
25782, 7
25783, 72
25785, 23
25786, 16
25787, 16
25788, 31
25789, 8
25790, 24
25791, 16
25792, 24
25793, 72
25794, 15
25795, 47
25796, 16
25797, 7
25798, 23
25799, 31
25801, 64
25802, 16
25803, 41
25804, 31
25805, 39
25806, 24
25807, 32
25808, 40
25809, 15
25810, 23
25812, 39
25813, 57
25814, 32
25815, 39
25816, 23
25817, 31
25818, 47
25819, 16
25820, 7
25821, 16
25822, 8
25823, 15
25824, 38
25825, 24
25826, 39
25827, 8
25828, 40
25829, 23
25830, 32
25831, 23
25832, 16
25833, 56
25834, 16
25835, 8
25836, 16
25837, 32
25838, 15
25839, 24
25840, 15
25841, 7
25843, 8
25844, 16
25845, 15
25847, 16
25848, 39
25850, 16
25851, 31
25852, 24
25854, 7
25855, 8
25856, 24
25857, 32
25858, 24
25859, 24
25860, 8
25861, 31
25862, 24
25863, 23
25864, 56
25865, 7
25866, 24
25867, 24
25868, 32
25869, 55
25870, 16
25871, 8
25872, 16
25873, 39
25874, 7
25875, 15
25876, 16
25877, 15
25878, 66
25879, 39
25880, 32
25881, 15
25882, 16
25883, 31
25884, 31
25885, 8
25886, 41
25887, 24
25888, 16
25889, 32
25890, 63
25891, 15
25892, 23
25893, 46
25894, 32
25895, 23
25897, 32
25898, 41
25899, 39
25900, 57
25901, 16
25902, 32
25903, 23
25904, 30
25905, 24
25907, 16
25908, 24
25909, 16
25910, 48
25911, 40
25913, 33
25914, 32
25915, 40
25916, 16
25917, 7
25918, 40
25919, 31
25920, 15
25921, 7
25922, 47
25923, 16
25925, 31
25926, 15
25929, 24
25930, 16
25932, 8
25933, 15
25934, 31
25935, 8
25936, 16
25937, 23
25938, 23
25940, 16
25941, 7
25942, 23
25943, 48
25944, 16
25945, 16
25946, 24
25947, 23
25948, 31
25949, 32
25950, 32
25951, 25
25952, 16
25953, 23
25954, 24
25955, 46
25956, 15
25957, 15
25958, 16
25959, 39
25960, 16
25961, 8
25962, 16
25963, 32
25964, 73
25965, 24
25966, 31
25967, 16
25968, 16
25969, 40
25970, 8
25971, 16
25972, 48
25973, 16
25974, 41
25975, 47
25976, 32
25977, 24
25978, 24
25979, 40
25980, 40
25982, 8
25983, 32
25984, 63
25985, 32
25986, 41
25987, 15
25988, 32
25989, 38
25990, 32
25992, 8
25993, 16
25994, 32
25995, 31
25996, 41
25997, 16
25999, 23
26000, 55
26001, 15
26002, 23
26003, 23
26004, 57
26005, 16
26006, 8
26007, 16
26008, 40
26009, 7
26010, 7
26011, 30
26012, 8
26014, 7
26015, 16
26016, 15
26018, 32
26019, 24
26021, 40
26022, 7
26023, 16
26024, 7
26026, 7
26027, 48
26028, 7
26029, 32
26030, 24
26031, 8
26032, 40
26033, 32
26034, 24
26035, 49
26037, 24
26038, 32
26039, 57
26040, 32
26041, 8
26042, 16
26043, 16
26044, 24
26045, 15
26046, 24
26047, 8
26048, 16
26049, 64
26050, 39
26051, 49
26053, 24
26054, 24
26055, 32
26057, 48
26058, 24
26059, 24
26060, 58
26061, 40
26062, 16
26063, 16
26064, 47
26065, 40
26066, 16
26068, 33
26069, 57
26070, 32
26071, 15
26072, 47
26073, 40
26074, 33
26075, 15
26076, 23
26077, 8
26078, 8
26079, 23
26080, 31
26081, 32
26082, 31
26083, 7
26084, 24
26085, 46
26086, 15
26087, 31
26088, 16
26089, 56
26090, 23
26092, 16
26093, 39
26094, 15
26095, 7
26096, 32
26097, 8
26100, 16
26101, 24
26103, 16
26104, 23
26105, 16
26106, 8
26107, 39
26108, 8
26109, 15
26110, 8
26111, 8
26112, 7
26113, 32
26114, 31
26115, 33
26117, 24
26118, 48
26119, 24
26120, 25
26121, 31
26122, 8
26123, 48
26124, 8
26125, 49
26126, 23
26127, 15
26128, 16
26129, 25
26130, 32
26131, 8
26132, 15
26133, 23
26134, 33
26135, 64
26136, 32
26137, 23
26138, 24
26140, 31
26141, 15
26142, 32
26143, 32
26144, 14
26145, 41
26146, 55
26147, 31
26148, 16
26149, 32
26150, 56
26151, 16
26152, 7
26153, 16
26154, 16
26155, 71
26156, 41
26157, 41
26158, 8
26159, 57
26160, 24
26161, 16
26162, 7
26163, 16
26164, 16
26165, 33
26166, 16
26167, 39
26168, 23
26169, 8
26170, 40
26171, 31
26172, 32
26173, 7
26174, 49
26175, 23
26176, 23
26177, 8
26178, 16
26179, 30
26180, 15
26181, 8
26182, 38
26185, 8
26186, 15
26187, 15
26189, 32
26190, 16
26191, 16
26192, 23
26193, 15
26194, 24
26196, 8
26197, 7
26198, 24
26199, 40
26200, 16
26201, 23
26202, 8
26203, 48
26204, 24
26205, 15
26206, 56
26207, 8
26208, 23
26209, 24
26210, 74
26212, 23
26213, 16
26214, 8
26215, 23
26216, 23
26217, 16
26218, 23
26219, 8
26220, 73
26221, 32
26222, 32
26223, 15
26224, 24
26225, 15
26226, 31
26227, 15
26228, 23
26229, 40
26230, 25
26231, 57
26232, 40
26233, 16
26234, 40
26235, 41
26236, 16
26237, 23
26239, 32
26240, 55
26241, 32
26242, 15
26243, 56
26244, 7
26245, 63
26246, 7
26247, 24
26248, 8
26249, 24
26251, 31
26252, 39
26253, 32
26254, 7
26255, 40
26256, 25
26257, 23
26258, 30
26259, 15
26260, 56
26261, 15
26262, 16
26263, 16
26264, 32
26265, 15
26266, 16
26267, 16
26268, 15
26270, 8
26271, 8
26272, 24
26274, 16
26275, 32
26276, 7
26277, 8
26278, 39
26280, 23
26282, 16
26283, 16
26284, 24
26285, 31
26286, 16
26287, 15
26288, 23
26289, 40
26290, 23
26291, 49
26292, 7
26293, 23
26294, 40
26295, 16
26296, 56
26297, 7
26298, 15
26299, 15
26300, 16
26301, 39
26303, 23
26304, 15
26305, 23
26306, 81
26307, 7
26308, 46
26309, 8
26310, 32
26311, 23
26312, 15
26313, 24
26314, 49
26316, 15
26317, 77
26318, 23
26319, 32
26320, 31
26321, 48
26322, 16
26323, 7
26324, 16
26325, 32
26326, 47
26327, 23
26328, 55
26329, 15
26330, 40
26331, 31
26332, 32
26334, 7
26335, 24
26336, 24
26337, 32
26338, 40
26339, 16
26341, 64
26342, 23
26343, 32
26344, 8
26345, 49
26346, 23
26347, 15
26349, 48
26350, 23
26352, 31
26353, 16
26356, 8
26357, 24
26358, 7
26360, 32
26361, 24
26362, 8
26363, 24
26364, 15
26365, 16
26366, 7
26367, 7
26368, 16
26369, 24
26370, 23
26371, 32
26372, 16
26373, 16
26374, 31
26375, 39
26376, 16
26377, 41
26378, 16
26379, 15
26380, 31
26381, 48
26382, 22
26383, 15
26384, 7
26385, 23
26386, 39
26387, 8
26388, 24
26389, 7
26390, 7
26391, 88
26392, 23
26393, 49
26394, 8
26395, 16
26396, 32
26397, 16
26398, 16
26399, 31
26400, 39
26401, 8
26402, 71
26403, 41
26404, 8
26405, 23
26406, 39
26407, 32
26408, 23
26409, 8
26410, 16
26411, 64
26412, 40
26413, 8
26414, 55
26415, 25
26416, 48
26417, 16
26418, 15
26419, 7
26420, 8
26421, 32
26422, 23
26423, 32
26424, 40
26426, 32
26427, 40
26428, 24
26429, 23
26430, 16
26431, 56
26432, 15
26433, 16
26435, 56
26436, 8
26438, 39
26439, 8
26441, 8
26443, 30
26445, 24
26446, 15
26447, 15
26448, 8
26449, 39
26451, 23
26452, 8
26454, 16
26455, 31
26456, 32
26457, 31
26459, 31
26460, 31
26461, 15
26462, 47
26463, 22
26464, 7
26465, 39
26466, 16
26467, 55
26468, 23
26469, 8
26470, 16
26471, 32
26472, 23
26473, 16
26474, 7
26475, 16
26476, 32
26477, 71
26478, 40
26479, 15
26480, 16
26481, 16
26482, 31
26483, 16
26484, 16
26485, 56
26486, 8
26487, 24
26488, 63
26489, 24
26490, 32
26491, 40
26492, 32
26493, 23
26494, 7
26495, 16
26496, 40
26497, 49
26498, 24
26499, 56
26500, 33
26501, 16
26502, 38
26503, 16
26504, 7
26505, 8
26506, 15
26507, 31
26508, 23
26509, 31
26510, 31
26511, 7
26512, 48
26513, 22
26514, 39
26515, 8
26516, 48
26517, 33
26518, 7
26519, 8
26520, 41
26521, 15
26522, 7
26523, 32
26524, 16
26527, 8
26528, 15
26529, 15
26530, 8
26531, 24
26532, 15
26533, 16
26534, 16
26535, 23
26536, 24
26538, 8
26539, 16
26540, 24
26541, 32
26542, 16
26543, 23
26544, 24
26545, 32
26546, 24
26547, 15
26548, 48
26549, 16
26550, 24
26551, 32
26552, 48
26553, 14
26554, 15
26555, 24
26556, 8
26557, 38
26558, 7
26559, 15
26560, 7
26561, 40
26562, 56
26563, 40
26564, 40
26565, 8
26566, 15
26567, 23
26568, 32
26570, 73
26571, 8
26572, 16
26573, 56
26574, 32
26575, 15
26576, 40
26577, 31
26578, 39
26579, 15
26581, 49
26582, 32
26583, 32
26584, 32
26585, 47
26586, 24
26587, 39
26588, 15
26589, 23
26590, 7
26591, 8
26592, 15
26593, 39
26594, 23
26595, 47
26597, 15
26598, 63
26599, 16
26600, 23
26601, 15
26602, 55
26603, 23
26605, 15
26606, 39
26607, 15
26608, 8
26609, 31
26610, 8
26613, 33
26614, 7
26616, 15
26617, 31
26618, 8
26619, 15
26620, 31
26621, 8
26622, 15
26623, 8
26625, 23
26626, 39
26627, 24
26628, 16
26629, 24
26630, 16
26631, 32
26632, 23
26633, 48
26634, 15
26635, 24
26636, 33
26637, 25
26638, 48
26639, 24
26640, 8
26641, 8
26642, 32
26643, 15
26644, 7
26645, 22
26646, 23
26647, 57
26648, 47
26649, 33
26650, 15
26651, 24
26652, 16
26653, 16
26654, 23
26655, 24
26656, 46
26657, 8
26658, 39
26659, 56
26660, 31
26661, 8
26662, 39
26663, 48
26664, 23
26666, 16
26667, 48
26668, 39
26669, 24
26670, 48
26671, 32
26672, 32
26673, 31
26674, 15
26675, 7
26676, 7
26677, 23
26678, 32
26679, 24
26680, 40
26681, 16
26682, 16
26683, 32
26684, 38
26685, 33
26686, 8
26687, 25
26688, 55
26689, 8
26691, 40
26692, 23
26693, 15
26694, 16
26695, 23
26698, 7
26699, 32
26701, 7
26702, 32
26703, 16
26704, 8
26705, 40
26707, 23
26709, 7
26710, 15
26711, 32
26712, 24
26713, 24
26714, 15
26715, 32
26716, 32
26717, 16
26718, 24
26719, 38
26720, 15
26721, 33
26722, 24
26723, 32
26724, 39
26725, 15
26726, 16
26727, 24
26728, 15
26729, 15
26730, 24
26731, 8
26732, 32
26733, 72
26734, 41
26735, 16
26736, 16
26737, 24
26738, 24
26739, 23
26740, 16
26741, 40
26742, 14
26743, 32
26744, 48
26745, 40
26746, 15
26747, 32
26748, 39
26749, 23
26750, 23
26752, 41
26753, 48
26754, 31
26755, 40
26756, 32
26757, 23
26758, 56
26759, 8
26760, 15
26761, 8
26762, 24
26763, 8
26764, 39
26765, 24
26766, 40
26768, 48
26769, 32
26770, 16
26771, 23
26772, 16
26773, 48
26774, 22
26775, 7
26776, 16
26777, 39
26778, 7
26779, 23
26780, 24
26781, 7
26783, 8
26784, 16
26785, 16
26787, 16
26788, 31
26789, 7
26790, 16
26791, 23
26792, 23
26793, 7
26794, 8
26795, 8
26796, 16
26797, 40
26798, 16
26799, 31
26800, 8
26801, 48
26802, 24
26803, 16
26804, 32
26805, 31
26807, 55
26808, 25
26809, 47
26810, 8
26811, 7
26812, 15
26813, 40
26814, 16
26815, 16
26816, 7
26817, 15
26818, 49
26819, 56
26820, 40
26821, 15
26822, 7
26823, 31
26824, 33
26825, 8
26826, 25
26827, 39
26828, 16
26829, 48
26830, 64
26831, 8
26832, 41
26833, 16
26834, 39
26835, 23
26836, 7
26837, 16
26838, 41
26839, 47
26840, 40
26841, 39
26842, 15
26843, 56
26844, 15
26845, 16
26846, 7
26847, 15
26848, 24
26849, 24
26850, 15
26851, 65
26853, 16
26854, 32
26855, 39
26856, 31
26857, 8
26858, 32
26859, 38
26860, 15
26861, 8
26862, 41
26863, 24
26864, 8
26865, 24
26866, 16
26870, 31
26871, 7
26872, 16
26873, 8
26874, 31
26875, 16
26876, 32
26878, 23
26880, 16
26882, 40
26883, 32
26884, 8
26885, 23
26886, 33
26887, 24
26888, 31
26889, 24
26890, 31
26891, 32
26892, 16
26893, 24
26894, 32
26895, 47
26896, 8
26897, 16
26898, 24
26899, 23
26900, 7
26901, 23
26902, 16
26903, 24
26904, 73
26905, 23
26906, 24
26907, 14
26908, 23
26909, 41
26910, 15
26911, 16
26912, 41
26913, 15
26914, 23
26915, 64
26916, 31
26917, 15
26918, 40
26919, 23
26920, 47
26921, 7
26922, 8
26923, 32
26924, 48
26925, 39
26926, 49
26927, 7
26928, 40
26929, 40
26930, 23
26931, 7
26932, 8
26933, 16
26934, 32
26935, 24
26936, 23
26937, 40
26939, 49
26940, 23
26941, 40
26942, 7
26943, 24
26944, 54
26945, 8
26946, 15
26947, 33
26948, 24
26949, 7
26951, 39
26952, 7
26954, 8
26955, 16
26956, 15
26957, 8
26958, 16
26959, 23
26960, 7
26961, 24
26962, 24
26963, 8
26964, 16
26965, 8
26966, 7
26967, 25
26968, 15
26969, 40
26970, 24
26971, 16
26972, 32
26973, 32
26974, 16
26975, 24
26976, 39
26977, 15
26978, 23
26979, 32
26980, 38
26981, 31
26982, 16
26984, 40
26985, 16
26986, 16
26987, 15
26988, 7
26989, 64
26990, 47
26991, 24
26992, 23
26993, 16
26994, 15
26995, 38
26996, 7
26997, 15
26998, 54
26999, 7
27000, 39
27001, 55
27002, 23
27003, 15
27004, 63
27005, 24
27006, 23
27008, 24
27009, 55
27010, 33
27011, 33
27012, 48
27013, 8
27014, 39
27015, 30
27016, 24
27018, 7
27019, 32
27020, 23
27021, 32
27022, 40
27023, 8
27024, 16
27025, 47
27026, 16
27027, 39
27028, 7
27029, 65
27030, 15
27031, 7
27032, 8
27033, 33
27034, 31
27035, 16
27036, 16
27037, 15
27040, 7
27041, 32
27043, 8
27044, 15
27045, 30
27047, 32
27048, 15
27049, 24
27051, 7
27052, 16
27053, 24
27054, 31
27055, 24
27056, 16
27057, 41
27058, 15
27059, 31
27060, 33
27061, 23
27062, 15
27063, 40
27064, 16
27065, 57
27066, 24
27067, 8
27068, 16
27069, 16
27070, 31
27071, 7
27072, 23
27073, 23
27074, 7
27075, 80
27076, 15
27077, 46
27078, 8
27079, 15
27080, 40
27081, 16
27082, 24
27083, 32
27084, 16
27085, 32
27086, 47
27087, 40
27088, 32
27089, 24
27090, 32
27091, 39
27092, 7
27094, 40
27095, 64
27096, 24
27097, 41
27098, 32
27099, 16
27100, 46
27101, 15
27102, 14
27103, 8
27104, 16
27105, 32
27106, 32
27107, 24
27108, 31
27110, 40
27111, 30
27112, 32
27113, 15
27114, 49
27115, 23
27116, 23
27117, 8
27118, 8
27119, 48
27120, 8
27121, 25
27122, 15
27123, 8
27125, 8
27126, 16
27127, 15
27129, 16
27130, 30
27131, 7
27132, 41
27133, 7
27134, 8
27135, 15
27136, 7
27138, 40
27139, 24
27140, 32
27141, 16
27142, 16
27143, 24
27144, 40
27145, 16
27146, 40
27147, 15
27148, 33
27149, 23
27150, 41
27151, 40
27152, 7
27153, 15
27154, 8
27155, 49
27157, 32
27158, 8
27159, 24
27160, 58
27161, 31
27162, 41
27163, 15
27164, 24
27165, 8
27166, 39
27167, 15
27168, 24
27169, 39
27170, 8
27171, 73
27172, 32
27173, 23
27174, 16
27175, 40
27176, 31
27177, 32
27179, 24
27180, 39
27181, 55
27182, 32
27183, 39
27184, 16
27185, 31
27186, 30
27187, 24
27188, 8
27189, 25
27191, 32
27192, 23
27193, 48
27194, 7
27195, 16
27196, 56
27197, 16
27198, 30
27199, 7
27200, 32
27201, 47
27202, 7
27203, 24
27204, 33
27205, 15
27207, 40
27209, 7
27211, 16
27212, 24
27214, 24
27215, 15
27216, 7
27217, 15
27218, 32
27219, 7
27220, 24
27222, 7
27223, 16
27224, 32
27225, 40
27226, 8
27227, 15
27228, 23
27229, 32
27230, 31
27231, 25
27232, 38
27233, 24
27234, 16
27235, 23
27236, 40
27237, 38
27238, 8
27239, 16
27240, 32
27241, 15
27242, 7
27243, 23
27244, 15
27245, 24
27246, 79
27247, 24
27248, 32
27249, 8
27250, 24
27251, 23
27252, 23
27253, 16
27254, 48
27255, 7
27256, 16
27257, 71
27258, 39
27259, 16
27260, 41
27261, 32
27262, 32
27263, 7
27265, 48
27266, 56
27267, 8
27268, 39
27269, 39
27270, 40
27271, 40
27272, 16
27273, 7
27274, 8
27275, 24
27276, 24
27277, 23
27278, 39
27279, 22
27281, 47
27282, 24
27283, 39
27284, 7
27285, 33
27286, 38
27287, 22
27289, 24
27290, 40
27291, 7
27292, 32
27293, 16
27296, 8
27297, 24
27298, 7
27300, 32
27301, 16
27302, 7
27303, 25
27304, 23
27305, 16
27306, 7
27307, 7
27308, 8
27309, 24
27310, 24
27311, 31
27312, 23
27313, 16
27314, 31
27315, 15
27316, 39
27317, 33
27318, 14
27319, 23
27320, 23
27321, 48
27322, 38
27323, 16
27325, 23
27326, 32
27327, 15
27328, 15
27329, 24
27330, 7
27331, 48
27332, 55
27333, 40
27334, 7
27335, 16
27336, 15
27337, 47
27339, 32
27340, 38
27341, 8
27342, 64
27343, 32
27344, 24
27345, 32
27346, 48
27347, 32
27348, 15
27350, 16
27351, 56
27352, 40
27353, 23
27354, 47
27355, 32
27356, 48
27357, 8
27358, 24
27359, 8
27361, 23
27362, 23
27363, 47
27364, 16
27365, 22
27366, 8
27367, 64
27368, 15
27369, 31
27370, 16
27371, 64
27373, 15
27374, 16
27375, 32
27376, 24
27377, 8
27378, 23
27379, 15
27381, 8
27383, 31
27385, 15
27386, 23
27387, 15
27388, 8
27389, 33
27390, 7
27391, 24
27393, 7
27394, 24
27395, 23
27396, 24
27397, 32
27398, 7
27399, 40
27400, 32
27401, 16
27402, 41
27403, 23
27404, 24
27405, 25
27406, 15
27407, 56
27408, 24
27409, 7
27410, 16
27411, 16
27412, 22
27413, 23
27414, 15
27415, 16
27416, 40
27417, 73
27418, 16
27419, 31
27420, 8
27421, 15
27422, 40
27423, 15
27424, 16
27425, 40
27426, 23
27427, 16
27428, 71
27429, 24
27430, 23
27431, 57
27432, 24
27433, 15
27434, 15
27435, 7
27436, 49
27437, 57
27438, 8
27439, 56
27440, 24
27441, 33
27442, 39
27443, 16
27444, 7
27445, 7
27446, 15
27447, 16
27448, 47
27449, 23
27450, 24
27451, 15
27452, 49
27453, 23
27454, 24
27455, 23
27456, 33
27457, 31
27458, 23
27459, 8
27460, 41
27461, 16
27462, 7
27463, 24
27464, 23
27468, 32
27469, 7
27471, 15
27472, 30
27473, 7
27474, 32
27475, 15
27476, 8
27477, 15
27478, 8
27479, 8
27480, 24
27481, 24
27482, 31
27483, 23
27484, 8
27485, 40
27486, 15
27487, 31
27488, 31
27489, 23
27490, 24
27491, 32
27492, 56
27493, 23
27494, 15
27496, 24
27497, 41
27498, 8
27499, 15
27500, 15
27501, 24
27502, 40
27503, 47
27504, 56
27506, 23
27507, 24
27508, 23
27509, 16
27510, 41
27511, 23
27512, 8
27513, 48
27514, 39
27515, 30
27516, 31
27517, 47
27518, 15
27519, 31
27521, 25
27522, 64
27523, 24
27524, 15
27525, 55
27526, 33
27527, 48
27528, 8
27529, 23
27530, 8
27531, 16
27532, 16
27533, 24
27534, 32
27535, 39
27536, 7
27537, 16
27538, 47
27539, 32
27540, 23
27542, 71
27543, 16
27544, 7
27545, 24
27546, 32
27547, 15
27548, 8
27549, 31
27550, 8
27553, 15
27554, 23
27556, 25
27557, 16
27558, 7
27559, 15
27560, 30
27561, 7
27562, 23
27563, 8
27565, 24
27566, 23
27567, 31
27568, 16
27569, 23
27570, 7
27571, 47
27572, 23
27573, 40
27574, 15
27575, 32
27576, 8
27577, 30
27578, 64
27579, 16
27580, 16
27581, 8
27582, 24
27583, 31
27584, 16
27585, 7
27586, 7
27587, 39
27588, 72
27589, 41
27590, 16
27591, 16
27592, 7
27593, 23
27594, 30
27595, 24
27596, 48
27597, 8
27598, 32
27599, 47
27600, 40
27601, 16
27602, 31
27603, 39
27604, 32
27605, 7
27607, 46
27608, 63
27609, 7
27610, 48
27611, 32
27612, 16
27613, 55
27614, 16
27615, 7
27616, 7
27617, 23
27618, 16
27619, 23
27620, 56
27621, 15
27622, 16
27623, 40
27624, 24
27625, 32
27626, 15
27627, 33
27628, 39
27629, 15
27630, 8
27631, 16
27632, 39
27633, 7
27634, 23
27635, 24
27638, 8
27639, 24
27640, 7
27641, 8
27642, 23
27643, 16
27644, 7
27645, 7
27646, 38
27647, 7
27648, 15
27649, 8
27650, 16
27651, 24
27652, 31
27653, 24
27654, 15
27655, 16
27656, 32
27657, 40
27658, 16
27659, 39
27660, 7
27661, 31
27662, 15
27663, 40
27664, 54
27666, 7
27667, 23
27668, 40
27669, 8
27670, 24
27672, 31
27673, 40
27674, 55
27675, 32
27676, 23
27677, 16
27678, 24
27679, 15
27680, 31
27681, 41
27682, 16
27683, 16
27684, 31
27685, 55
27686, 23
27687, 24
27688, 47
27689, 48
27690, 8
27692, 32
27693, 31
27694, 54
27695, 23
27696, 38
27697, 40
27698, 47
27700, 24
27702, 24
27703, 8
27704, 47
27705, 16
27706, 31
27707, 14
27708, 33
27709, 32
27710, 23
27711, 30
27712, 24
27713, 32
27714, 39
27716, 16
27717, 39
27718, 15
27719, 8
27720, 24
27721, 16
27724, 24
27725, 16
27727, 16
27728, 23
27729, 15
27730, 16
27731, 24
27732, 24
27733, 8
27735, 15
27736, 7
27737, 40
27738, 32
27739, 7
27740, 15
27741, 32
27742, 32
27743, 15
27744, 48
27745, 23
27746, 24
27747, 16
27748, 23
27749, 56
27750, 32
27752, 15
27753, 41
27754, 8
27755, 24
27756, 7
27757, 16
27758, 32
27759, 70
27760, 15
27761, 39
27762, 16
27763, 24
27764, 32
27765, 7
27766, 16
27767, 49
27768, 16
27769, 57
27770, 32
27771, 32
27772, 32
27773, 24
27774, 40
27775, 16
27776, 15
27777, 25
27778, 31
27779, 48
27780, 23
27781, 57
27782, 8
27783, 39
27784, 40
27785, 16
27786, 7
27787, 16
27788, 16
27789, 16
27790, 39
27791, 32
27792, 22
27793, 8
27794, 16
27795, 53
27796, 32
27797, 15
27798, 40
27799, 31
27800, 15
27801, 7
27802, 24
27803, 39
27805, 32
27806, 16
27810, 40
27813, 40
27814, 8
27815, 16
27816, 16
27817, 24
27818, 16
27819, 7
27820, 8
27821, 8
27822, 31
27823, 32
27824, 33
27825, 8
27826, 16
27827, 31
27828, 41
27829, 8
27830, 48
27831, 16
27832, 25
27833, 24
27834, 48
27835, 30
27836, 16
27837, 16
27838, 16
27839, 24
27840, 15
27841, 23
27842, 8
27843, 23
27844, 49
27845, 56
27846, 41
27848, 24
27849, 32
27850, 23
27851, 8
27852, 40
27853, 31
27855, 73
27856, 32
27857, 15
27858, 39
27859, 39
27860, 23
27861, 23
27862, 8
27863, 33
27864, 39
27865, 40
27866, 57
27867, 7
27868, 40
27869, 32
27870, 23
27871, 15
27872, 8
27873, 8
27874, 40
27875, 16
27876, 32
27877, 40
27879, 16
27880, 64
27881, 16
27882, 22
27883, 32
27884, 31
27885, 15
27886, 15
27887, 8
27888, 48
27889, 16
27890, 16
27891, 23
27892, 8
27895, 32
27896, 7
27898, 23
27899, 15
27900, 15
27901, 16
27902, 32
27904, 23
27905, 8
27906, 7
27907, 7
27908, 32
27909, 40
27911, 31
27912, 23
27913, 32
27914, 23
27915, 57
27916, 8
27917, 24
27918, 16
27919, 31
27920, 46
27921, 32
27922, 8
27923, 7
27924, 16
27925, 23
27926, 23
27927, 15
27928, 15
27929, 57
27930, 48
27931, 41
27932, 15
27933, 16
27934, 15
27935, 40
27936, 8
27937, 24
27938, 48
27939, 7
27940, 41
27941, 48
27942, 23
27943, 23
27944, 31
27945, 39
27946, 40
27948, 8
27949, 55
27950, 48
27951, 32
27952, 40
27953, 15
27954, 33
27955, 38
27956, 24
27958, 7
27959, 16
27960, 39
27961, 15
27962, 39
27963, 23
27964, 8
27965, 57
27966, 16
27967, 39
27968, 8
27969, 15
27970, 62
27971, 7
27972, 7
27973, 49
27974, 16
27975, 8
27976, 24
27977, 16
27980, 16
27981, 16
27982, 7
27983, 8
27984, 23
27985, 16
27986, 16
27987, 23
27988, 15
27989, 24
27991, 16
27992, 8
27993, 16
27994, 23
27995, 38
27996, 15
27997, 16
27998, 32
27999, 40
28000, 8
28001, 48
28002, 7
28003, 31
28004, 32
28005, 31
28006, 47
28007, 8
28008, 16
28009, 8
28010, 31
28011, 23
28012, 8
28013, 23
28014, 25
28015, 64
28016, 22
28017, 48
28019, 32
28020, 8
28021, 30
28022, 7
28023, 48
28024, 24
28025, 24
28026, 66
28027, 16
28028, 31
28029, 49
28030, 24
28031, 24
28032, 23
28034, 40
28035, 31
28036, 56
28037, 7
28038, 46
28039, 40
28040, 48
28041, 8
28042, 15
28044, 24
28045, 16
28046, 48
28047, 24
28048, 31
28050, 16
28051, 63
28052, 16
28053, 23
28054, 24
28055, 56
28056, 15
28058, 16
28059, 40
28060, 15
28061, 16
28062, 16
28063, 15
28066, 33
28067, 7
28069, 16
28070, 16
28071, 23
28072, 15
28073, 31
28074, 16
28075, 7
28076, 8
28077, 8
28078, 15
28079, 40
28080, 16
28081, 24
28082, 16
28083, 24
28084, 23
28085, 31
28086, 48
28087, 23
28088, 8
28089, 31
28090, 32
28091, 47
28092, 24
28094, 16
28095, 24
28096, 31
28097, 16
28098, 15
28099, 8
28100, 57
28101, 56
28102, 24
28103, 23
28104, 8
28105, 15
28106, 30
28107, 23
28108, 24
28109, 48
28111, 57
28112, 30
28113, 46
28114, 8
28115, 31
28116, 57
28117, 24
28119, 24
28120, 48
28121, 24
28122, 31
28123, 56
28124, 24
28125, 32
28126, 31
28127, 16
28128, 16
28129, 8
28130, 16
28131, 31
28132, 32
28133, 24
28134, 23
28135, 16
28136, 49
28137, 15
28138, 39
28139, 8
28140, 24
28141, 56
28142, 7
28143, 8
28144, 31
28145, 31
28147, 23
28148, 23
28151, 7
28152, 32
28155, 31
28156, 15
28157, 16
28158, 32
28159, 7
28160, 24
28162, 7
28163, 16
28164, 32
28165, 24
28166, 32
28167, 7
28168, 24
28169, 32
28170, 32
28171, 24
28172, 40
28173, 16
28174, 15
28175, 31
28176, 24
28177, 38
28178, 23
28180, 23
28181, 30
28182, 15
28183, 23
28184, 16
28185, 33
28186, 57
28187, 22
28188, 39
28189, 7
28190, 23
28191, 32
28192, 16
28193, 24
28194, 24
28195, 31
28196, 24
28197, 55
28198, 40
28199, 24
28200, 24
28201, 39
28202, 31
28203, 15
28204, 8
28205, 49
28206, 32
28207, 23
28208, 48
28209, 40
28210, 32
28211, 31
28212, 24
28213, 8
28214, 8
28215, 16
28216, 23
28217, 23
28218, 31
28219, 24
28220, 23
28221, 32
28222, 32
28223, 41
28224, 15
28226, 72
28227, 8
28228, 7
28229, 15
28230, 39
28231, 15
28232, 7
28233, 23
28234, 15
28237, 33
28238, 7
28240, 24
28241, 24
28242, 8
28243, 25
28244, 23
28245, 8
28246, 15
28247, 8
28248, 8
28249, 24
28250, 32
28251, 16
28252, 31
28253, 8
28254, 32
28255, 16
28256, 38
28257, 48
28258, 16
28259, 16
28260, 32
28261, 24
28262, 48
28263, 24
28264, 16
28266, 32
28267, 15
28268, 24
28269, 7
28270, 23
28271, 39
28272, 55
28273, 40
28274, 15
28275, 16
28276, 16
28277, 31
28278, 15
28279, 24
28280, 32
28281, 23
28282, 64
28283, 15
28284, 40
28285, 40
28286, 16
28287, 48
28288, 15
28289, 7
28290, 16
28291, 65
28292, 32
28293, 24
28294, 38
28295, 23
28296, 48
28297, 23
28298, 15
28299, 7
28300, 8
28301, 24
28302, 32
28303, 32
28304, 24
28305, 23
28306, 16
28307, 40
28308, 39
28309, 15
28310, 15
28311, 48
28312, 23
28313, 15
28314, 8
28315, 16
28316, 47
28317, 8
28318, 16
28319, 23
28322, 8
28323, 32
28325, 24
28326, 8
28327, 15
28328, 7
28329, 47
28331, 16
28332, 7
28333, 7
28334, 15
28335, 15
28336, 39
28337, 24
28338, 15
28339, 24
28340, 40
28341, 24
28342, 16
28343, 48
28345, 39
28346, 23
28347, 40
28348, 31
28349, 16
28350, 16
28351, 16
28352, 23
28353, 23
28354, 15
28355, 8
28356, 40
28357, 48
28358, 30
28359, 40
28360, 7
28361, 31
28362, 32
28363, 16
28364, 8
28365, 48
28366, 15
28367, 32
28368, 39
28369, 55
28370, 8
28371, 48
28372, 32
28373, 31
28374, 7
28376, 48
28377, 40
28378, 39
28379, 24
28380, 39
28381, 41
28382, 40
28383, 8
28384, 15
28385, 8
28386, 7
28387, 32
28388, 23
28389, 23
28390, 40
28391, 7
28392, 41
28393, 40
28394, 15
28395, 23
28396, 16
28397, 63
28398, 16
28399, 8
28400, 25
28401, 31
28402, 8
28403, 25
28404, 24
28407, 8
28408, 32
28410, 8
28411, 8
28412, 31
28413, 7
28414, 16
28415, 31
28416, 24
28418, 8
28419, 8
28420, 23
28421, 24
28422, 23
28423, 31
28424, 8
28425, 39
28426, 23
28427, 15
28428, 55
28429, 7
28430, 24
28431, 41
28432, 16
28433, 47
28434, 16
28435, 24
28437, 31
28438, 15
28439, 32
28440, 8
28441, 15
28442, 48
28443, 55
28444, 24
28445, 22
28446, 8
28447, 31
28448, 31
28449, 8
28450, 49
28451, 24
28452, 7
28453, 32
28454, 71
28455, 16
28456, 24
28457, 48
28458, 40
28459, 16
28461, 7
28462, 55
28463, 47
28464, 33
28465, 47
28466, 25
28467, 32
28468, 23
28469, 15
28470, 7
28471, 16
28472, 16
28473, 32
28474, 32
28475, 23
28476, 23
28477, 16
28478, 31
28479, 30
28480, 39
28481, 8
28482, 48
28483, 22
28484, 15
28485, 8
28486, 40
28487, 23
28488, 8
28489, 31
28490, 8
28493, 8
28494, 32
28496, 8
28497, 23
28498, 23
28499, 8
28500, 39
28502, 24
28504, 8
28505, 15
28506, 31
28507, 24
28508, 32
28509, 7
28510, 23
28511, 31
28512, 23
28513, 32
28514, 39
28515, 8
28516, 24
28517, 31
28518, 49
28519, 23
28520, 15
28521, 16
28522, 41
28524, 23
28525, 15
28526, 16
28527, 24
28528, 81
28529, 24
28530, 31
28531, 16
28532, 8
28533, 23
28534, 31
28535, 16
28536, 40
28537, 14
28538, 23
28539, 46
28540, 47
28541, 23
28542, 24
28543, 47
28544, 24
28545, 15
28546, 8
28547, 31
28548, 47
28549, 31
28550, 47
28551, 23
28552, 31
28553, 39
28554, 23
28555, 7
28556, 8
28557, 16
28558, 32
28559, 15
28560, 31
28561, 39
28563, 39
28564, 23
28565, 40
28566, 15
28567, 32
28568, 47
28569, 15
28570, 8
28571, 25
28572, 23
28573, 15
28574, 16
28575, 23
28576, 8
28578, 8
28579, 24
28580, 8
28581, 8
28582, 16
28583, 32
28584, 8
28585, 8
28586, 32
28587, 16
28588, 7
28589, 7
28590, 8
28591, 24
28592, 23
28593, 32
28594, 24
28595, 16
28596, 31
28597, 24
28598, 23
28599, 49
28600, 16
28601, 15
28602, 23
28603, 48
28604, 29
28605, 24
28606, 16
28607, 16
28608, 24
28609, 16
28610, 16
28611, 15
28612, 24
28613, 33
28614, 63
28615, 24
28616, 23
28617, 24
28618, 16
28619, 39
28620, 16
28621, 16
28622, 23
28623, 23
28624, 64
28625, 40
28626, 16
28627, 15
28628, 38
28629, 47
28630, 24
28632, 15
28633, 56
28634, 39
28635, 32
28636, 39
28637, 15
28638, 48
28639, 24
28640, 24
28642, 7
28643, 23
28644, 31
28645, 23
28646, 31
28647, 23
28648, 16
28649, 56
28650, 16
28651, 30
28652, 16
28653, 40
28654, 31
28655, 7
28656, 16
28657, 23
28658, 23
28659, 15
28660, 31
28661, 7
28664, 16
28665, 24
28667, 15
28668, 23
28669, 16
28671, 39
28672, 7
28673, 23
28675, 16
28676, 8
28677, 33
28678, 24
28679, 32
28680, 16
28681, 24
28682, 32
28683, 23
28684, 32
28685, 30
28686, 7
28687, 16
28688, 30
28689, 56
28690, 23
28691, 15
28692, 15
28693, 33
28694, 24
28695, 16
28696, 7
28697, 15
28698, 24
28699, 72
28700, 23
28701, 39
28702, 8
28703, 16
28704, 39
28705, 7
28706, 24
28707, 31
28708, 31
28709, 8
28710, 62
28711, 47
28712, 24
28713, 24
28714, 40
28715, 40
28717, 8
28718, 24
28719, 55
28720, 47
28721, 24
28722, 30
28723, 24
28724, 39
28725, 15
28726, 22
28727, 7
28728, 7
28729, 39
28730, 23
28731, 24
28732, 31
28733, 15
28734, 24
28735, 46
28736, 32
28737, 7
28738, 40
28739, 31
28740, 23
28741, 7
28742, 16
28743, 32
28744, 15
28745, 24
28746, 15
28747, 7
28749, 8
28750, 16
28751, 14
28753, 24
28754, 15
28755, 23
28756, 16
28757, 23
28758, 16
28759, 7
28760, 8
28761, 8
28762, 16
28763, 40
28764, 32
28765, 16
28766, 16
28767, 31
28768, 24
28769, 31
28770, 40
28771, 7
28772, 24
28773, 40
28774, 16
28775, 46
28776, 15
28777, 7
28778, 23
28779, 32
28780, 16
28781, 24
28782, 8
28783, 15
28784, 57
28785, 39
28786, 48
28787, 7
28788, 8
28789, 40
28790, 23
28791, 16
28792, 40
28793, 24
28794, 8
28795, 56
28796, 48
28797, 23
28798, 33
28799, 32
28800, 32
28801, 23
28803, 32
28804, 32
28805, 47
28806, 24
28807, 48
28808, 23
28809, 40
28810, 23
28811, 15
28812, 7
28813, 23
28814, 8
28815, 48
28816, 8
28817, 47
28818, 7
28819, 24
28820, 55
28821, 8
28822, 30
28823, 24
28824, 47
28825, 7
28826, 15
28827, 7
28828, 48
28829, 15
28830, 8
28831, 32
28832, 8
28835, 7
28836, 23
28837, 7
28838, 16
28839, 16
28840, 23
28841, 8
28842, 39
28844, 23
28846, 7
28847, 15
28848, 40
28849, 25
28850, 23
28851, 8
28852, 24
28853, 32
28854, 23
28855, 48
28856, 23
28857, 7
28858, 30
28859, 24
28860, 65
28861, 8
28862, 15
28863, 16
28864, 32
28865, 24
28866, 16
28867, 7
28868, 15
28869, 23
28870, 79
28871, 32
28872, 23
28873, 8
28874, 31
28875, 23
28876, 15
28877, 23
28878, 15
28879, 39
28880, 25
28881, 55
28882, 40
28883, 15
28884, 41
28885, 40
28886, 24
28887, 7
28889, 40
28890, 55
28891, 31
28892, 47
28893, 15
28894, 40
28895, 39
28896, 16
28897, 7
28898, 8
28899, 16
28900, 32
28901, 15
28902, 47
28903, 24
28904, 8
28905, 48
28906, 22
28907, 39
28909, 32
28910, 47
28911, 15
28913, 24
28914, 31
28915, 15
28916, 16
28917, 31
28920, 7
28921, 24
28922, 7
28923, 8
28924, 32
28925, 8
28926, 16
28927, 24
28928, 16
28929, 16
28930, 7
28931, 8
28932, 16
28933, 33
28934, 16
28935, 23
28936, 23
28937, 24
28938, 15
28939, 48
28940, 8
28941, 40
28942, 15
28943, 24
28944, 31
28945, 32
28946, 39
28947, 24
28948, 16
28949, 25
28950, 15
28951, 15
28952, 24
28954, 14
28955, 65
28956, 46
28957, 40
28958, 7
28959, 24
28960, 32
28961, 16
28962, 25
28963, 15
28964, 39
28965, 16
28966, 47
28967, 55
28968, 7
28969, 31
28970, 39
28971, 39
28972, 15
28974, 33
28975, 40
28976, 40
28977, 32
28978, 39
28979, 16
28980, 47
28981, 32
28982, 16
28983, 8
28984, 16
28985, 16
28986, 40
28987, 8
28988, 46
28989, 7
28990, 33
28991, 23
28992, 56
28993, 7
28994, 24
28995, 49
28996, 24
28998, 7
28999, 32
29000, 31
29001, 8
29002, 31
29003, 7
29005, 8
29006, 16
29007, 16
29009, 16
29010, 32
29012, 15
29013, 39
29015, 22
29017, 7
29018, 24
29019, 24
29020, 31
29021, 8
29022, 23
29023, 32
29024, 23
29025, 40
29026, 24
29027, 31
29028, 16
29029, 32
29030, 15
29031, 57
29032, 23
29033, 7
29034, 16
29035, 24
29036, 31
29037, 8
29038, 15
29039, 15
29040, 32
29041, 72
29042, 24
29043, 31
29044, 8
29045, 23
29046, 23
29047, 24
29048, 23
29049, 49
29051, 48
29052, 47
29053, 24
29054, 15
29055, 56
29056, 32
29057, 32
29060, 56
29061, 40
29062, 24
29063, 55
29064, 23
29065, 23
29066, 47
29067, 24
29069, 8
29070, 23
29071, 24
29072, 32
29073, 32
29074, 23
29075, 8
29076, 48
29077, 23
29078, 32
29079, 15
29080, 24
29081, 40
29082, 23
29084, 48
29085, 24
29087, 7
29088, 30
29089, 7
29091, 7
29092, 15
29093, 15
29095, 23
29096, 32
29098, 15
29099, 30
29100, 16
29101, 7
29102, 7
29103, 8
29104, 16
29105, 40
29106, 24
29107, 23
29108, 16
29109, 39
29110, 24
29111, 15
29112, 31
29113, 22
29114, 24
29115, 31
29116, 23
29117, 63
29118, 8
29119, 16
29121, 38
29122, 15
29123, 15
29124, 15
29125, 24
29126, 39
29127, 53
29128, 39
29129, 7
29130, 24
29131, 23
29132, 15
29133, 23
29134, 32
29135, 31
29136, 16
29137, 48
29138, 55
29139, 15
29140, 23
29141, 47
29142, 32
29143, 15
29145, 32
29146, 31
29147, 55
29148, 15
29149, 47
29150, 15
29151, 63
29152, 7
29153, 23
29154, 8
29155, 16
29156, 24
29157, 15
29158, 48
29159, 32
29160, 8
29161, 33
29162, 41
29163, 8
29164, 31
29165, 8
29166, 47
29167, 22
29168, 23
29170, 56
29172, 15
29173, 32
29174, 7
29176, 8
29177, 16
29178, 16
29180, 25
29181, 16
29182, 16
29183, 15
29184, 31
29185, 16
29186, 8
29188, 15
29189, 8
29190, 32
29191, 32
29192, 15
29193, 15
29194, 31
29195, 32
29196, 23
29197, 49
29198, 24
29199, 16
29200, 16
29201, 31
29202, 49
29203, 24
29204, 16
29205, 8
29206, 24
29207, 32
29208, 7
29209, 15
29210, 15
29211, 48
29212, 47
29213, 31
29214, 31
29215, 8
29216, 32
29217, 24
29218, 15
29219, 24
29220, 24
29221, 31
29222, 8
29223, 70
29224, 32
29225, 40
29226, 15
29227, 39
29228, 31
29229, 7
29230, 8
29231, 48
29232, 40
29233, 32
29234, 48
29235, 24
29236, 41
29237, 31
29238, 16
29239, 7
29240, 8
29241, 24
29242, 23
29243, 32
29244, 32
29245, 24
29247, 47
29248, 22
29249, 38
29250, 16
29251, 40
29252, 31
29253, 16
29254, 8
29255, 41
29256, 23
29257, 8
29258, 7
29259, 31
29262, 7
29263, 23
29264, 7
29266, 23
29267, 23
29268, 7
29269, 24
29270, 23
29271, 15
29272, 7
29273, 8
29274, 16
29275, 33
29276, 24
29277, 16
29278, 15
29279, 32
29280, 32
29281, 15
29282, 23
29283, 39
29284, 31
29285, 8
29286, 23
29287, 48
29288, 47
29289, 8
29291, 23
29292, 40
29293, 8
29294, 24
29296, 32
29297, 48
29298, 46
29299, 40
29300, 7
29301, 24
29302, 24
29303, 23
29304, 24
29305, 32
29306, 23
29307, 7
29308, 54
29309, 46
29310, 23
29311, 49
29312, 24
29313, 15
29314, 31
29316, 24
29317, 55
29318, 39
29319, 33
29320, 39
29321, 24
29322, 48
29323, 16
29324, 15
29325, 8
29326, 16
29327, 24
29328, 23
29329, 32
29330, 32
29331, 7
29332, 24
29333, 47
29334, 32
29335, 23
29337, 72
29338, 7
29339, 7
29340, 24
29341, 23
29342, 23
29343, 16
29344, 24
29345, 8
29347, 8
29348, 16
29349, 15
29351, 16
29352, 31
29353, 7
29354, 7
29355, 39
29356, 16
29357, 8
29359, 7
29360, 23
29361, 39
29362, 16
29363, 24
29364, 16
29365, 24
29366, 40
29367, 15
29368, 41
29369, 23
29370, 16
29371, 49
29373, 48
29374, 30
29375, 8
29376, 15
29377, 32
29378, 7
29379, 39
29381, 15
29382, 40
29383, 71
29384, 8
29385, 38
29386, 16
29387, 15
29388, 39
29389, 8
29390, 16
29391, 55
29392, 8
29393, 32
29394, 64
29395, 24
29396, 24
29397, 31
29398, 39
29399, 23
29400, 7
29401, 7
29402, 48
29403, 39
29404, 48
29405, 23
29406, 31
29407, 48
29408, 23
29409, 16
29410, 7
29411, 16
29412, 16
29413, 32
29414, 24
29415, 23
29416, 30
29418, 55
29419, 23
29420, 24
29421, 23
29422, 24
29423, 48
29424, 15
29425, 8
29426, 49
29427, 8
29428, 7
29429, 24
29430, 24
29433, 16
29434, 24
29436, 8
29437, 15
29438, 24
29439, 16
29440, 7
29441, 30
29442, 7
29443, 15
29444, 7
29445, 16
29446, 32
29447, 24
29448, 15
29449, 24
29450, 24
29451, 23
29452, 39
29453, 7
29454, 55
29455, 16
29456, 24
29457, 7
29458, 31
29459, 46
29460, 23
29461, 16
29462, 41
29464, 15
29465, 23
29466, 16
29467, 7
29468, 80
29469, 23
29470, 40
29471, 7
29472, 24
29473, 32
29474, 23
29475, 16
29476, 7
29477, 56
29478, 16
29479, 22
29480, 70
29481, 15
29482, 32
29483, 39
29484, 32
29485, 15
29486, 8
29487, 49
29488, 7
29489, 55
29490, 47
29491, 23
29492, 16
29493, 47
29494, 23
29495, 15
29497, 16
29498, 23
29499, 47
29500, 7
29501, 47
29502, 8
29503, 31
29504, 32
29505, 32
29506, 15
29507, 24
29508, 39
29509, 32
29510, 8
29511, 16
29512, 23
29513, 22
29514, 16
29515, 32
29519, 15
29520, 24
29522, 32
29523, 16
29524, 8
29525, 16
29526, 31
29527, 8
29528, 15
29529, 8
29530, 16
29531, 16
29532, 40
29533, 16
29534, 7
29535, 23
29536, 24
29537, 41
29538, 24
29539, 41
29540, 16
29541, 24
29542, 23
29543, 15
29544, 64
29545, 24
29546, 16
29548, 32
29549, 23
29550, 16
29551, 24
29552, 16
29553, 49
29554, 48
29555, 33
29556, 15
29557, 15
29558, 15
29559, 31
29560, 15
29561, 25
29562, 31
29563, 23
29564, 56
29565, 49
29566, 15
29567, 31
29568, 32
29569, 32
29570, 31
29572, 16
29573, 40
29574, 56
29575, 24
29576, 56
29577, 24
29578, 16
29579, 38
29580, 15
29581, 15
29583, 24
29584, 40
29585, 25
29586, 24
29587, 23
29588, 16
29589, 31
29590, 30
29591, 39
29592, 8
29593, 24
29594, 46
29595, 15
29596, 8
29597, 40
29598, 7
29599, 23
29600, 15
29601, 23
29604, 7
29605, 23
29606, 7
29608, 31
29609, 15
29610, 24
29611, 16
29612, 16
29613, 25
29615, 7
29616, 16
29617, 24
29618, 24
29619, 39
29620, 8
29621, 32
29622, 15
29623, 31
29624, 23
29625, 40
29626, 16
29627, 32
29628, 23
29629, 24
29630, 54
29631, 7
29632, 15
29633, 8
29634, 38
29635, 16
29636, 16
29637, 8
29638, 15
29639, 81
29640, 23
29641, 40
29642, 15
29643, 15
29644, 24
29645, 23
29646, 15
29647, 56
29648, 15
29649, 24
29650, 55
29651, 41
29652, 8
29653, 40
29654, 32
29655, 31
29656, 15
29658, 40
29659, 56
29660, 15
29661, 65
29662, 7
29663, 39
29664, 31
29665, 32
29666, 7
29667, 7
29668, 24
29669, 16
29670, 40
29671, 24
29672, 32
29674, 39
29675, 39
29676, 33
29677, 16
29678, 16
29679, 56
29680, 16
29681, 8
29682, 25
29683, 24
29684, 15
29685, 16
29686, 16
29687, 15
29689, 8
29690, 24
29691, 7
29693, 24
29694, 24
29695, 7
29696, 33
29697, 16
29698, 16
29699, 7
29700, 8
29701, 8
29702, 24
29703, 24
29704, 31
29705, 23
29706, 16
29707, 23
29708, 16
29709, 31
29710, 32
29711, 30
29712, 24
29713, 24
29714, 32
29715, 46
29716, 24
29718, 24
29719, 32
29720, 16
29721, 24
29722, 16
29723, 16
29724, 41
29725, 55
29726, 24
29727, 23
29728, 25
29729, 16
29730, 23
29731, 15
29732, 32
29733, 41
29734, 7
29735, 56
29736, 48
29737, 24
29738, 24
29739, 23
29740, 48
29741, 24
29743, 32
29744, 33
29745, 49
29746, 24
29747, 56
29748, 8
29749, 49
29750, 24
29751, 24
29753, 15
29754, 16
29755, 41
29756, 25
29757, 40
29758, 7
29759, 8
29760, 55
29761, 24
29762, 32
29763, 7
29764, 57
29765, 24
29766, 7
29767, 16
29768, 24
29769, 32
29770, 8
29771, 24
29772, 7
29773, 7
29775, 8
29776, 32
29778, 16
29779, 16
29780, 24
29781, 16
29782, 31
29784, 24
29786, 16
29787, 8
29788, 16
29789, 39
29790, 33
29791, 7
29792, 24
29793, 32
29794, 32
29795, 33
29796, 32
29797, 16
29798, 15
29799, 31
29800, 47
29801, 31
29802, 7
29803, 16
29804, 16
29805, 32
29806, 16
29807, 15
29808, 15
29809, 16
29810, 81
29811, 24
29812, 32
29813, 24
29814, 8
29815, 32
29816, 23
29817, 16
29818, 24
29819, 30
29820, 33
29821, 56
29822, 23
29823, 15
29824, 47
29825, 49
29826, 33
29829, 48
29830, 48
29831, 40
29832, 41
29833, 16
29834, 31
29835, 48
29836, 25
29838, 8
29839, 15
29840, 31
29841, 15
29842, 31
29843, 32
29844, 16
29845, 40
29846, 23
29847, 32
29848, 15
29849, 24
29850, 40
29851, 31
29853, 24
29854, 39
29855, 8
29856, 16
29857, 23
29858, 7
29860, 8
29861, 24
29862, 7
29864, 16
29865, 39
29867, 24
29868, 23
29869, 8
29870, 15
29871, 8
29872, 7
29873, 16
29874, 23
29875, 31
29876, 32
29877, 16
29878, 24
29879, 40
29880, 16
29881, 16
29882, 39
29883, 24
29884, 32
29885, 24
29886, 56
29887, 16
29888, 16
29890, 23
29891, 30
29892, 7
29893, 23
29894, 16
29895, 40
29896, 56
29897, 40
29898, 15
29899, 24
29900, 24
29901, 24
29902, 8
29903, 40
29904, 32
29905, 7
29906, 48
29907, 64
29908, 16
29909, 33
29910, 16
29911, 48
29912, 23
29914, 24
29915, 40
29916, 47
29917, 33
29918, 41
29919, 25
29920, 23
29921, 39
29922, 24
29923, 8
29924, 8
29925, 24
29926, 24
29927, 32
29928, 33
29929, 15
29930, 25
29931, 40
29932, 33
29933, 24
29934, 8
29935, 49
29936, 31
29937, 7
29938, 16
29939, 32
29940, 23
29941, 8
29942, 24
29943, 16
29946, 7
29947, 32
29949, 7
29950, 41
29952, 16
29953, 40
29955, 16
29956, 15
29957, 8
29958, 8
29959, 31
29960, 33
29961, 15
29962, 24
29963, 24
29964, 32
29965, 23
29966, 40
29967, 15
29968, 32
29969, 24
29970, 15
29971, 49
29972, 31
29973, 8
29974, 16
29975, 24
29976, 32
29977, 8
29978, 15
29979, 16
29980, 41
29981, 58
29982, 23
29983, 39
29984, 8
29985, 32
29986, 16
29987, 15
29988, 24
29989, 49
29990, 16
29991, 33
29992, 49
29993, 32
29994, 31
29995, 32
29996, 23
29997, 30
29998, 15
30000, 57
30001, 40
30002, 40
30003, 41
30004, 24
30005, 32
30006, 32
30007, 33
30009, 8
30010, 24
30011, 32
30012, 33
30013, 33
30014, 16
30015, 8
30016, 49
30017, 23
30018, 33
30019, 7
30020, 32
30021, 57
30022, 8
30023, 8
30024, 16
30025, 31
30026, 15
30027, 16
30028, 23
30029, 7
30031, 8
30032, 24
30033, 7
30035, 32
30036, 16
30037, 15
30038, 8
30039, 31
30040, 16
30041, 7
30042, 8
30044, 49
30045, 25
30046, 16
30047, 23
30048, 8
30049, 40
30050, 23
30051, 16
30052, 49
30053, 23
30054, 32
30055, 7
30056, 57
30057, 32
30058, 16
30059, 16
30060, 16
30061, 16
30062, 23
30063, 15
30064, 7
30065, 15
30066, 81
30067, 32
30068, 41
30069, 16
30071, 40
30072, 23
30073, 16
30074, 16
30075, 47
30076, 16
30077, 32
30078, 39
30079, 39
30080, 24
30081, 39
30082, 32
30083, 23
30085, 16
30086, 39
30087, 31
30088, 65
30089, 16
30090, 25
30091, 24
30092, 23
30093, 24
30095, 7
30096, 15
30097, 23
30098, 40
30099, 24
30100, 15
30101, 7
30102, 47
30103, 16
30104, 32
30106, 41
30107, 31
30108, 8
30109, 7
30110, 24
30111, 7
30112, 8
30113, 8
30115, 7
30117, 7
30118, 16
30121, 16
30123, 7
30125, 8
30126, 8
30129, 8
30130, 15
30131, 16
30134, 7
30135, 16
30139, 7
