13984, 1
13989, 1
13995, 1
14006, 1
14019, 1
14021, 1
14026, 1
14029, 1
14032, 1
14033, 1
14053, 1
14054, 1
14073, 1
14077, 1
14080, 1
14085, 2
14086, 1
14087, 1
14089, 1
14099, 1
14100, 1
14106, 1
14110, 1
14122, 1
14126, 1
14130, 1
14145, 1
14147, 1
14148, 1
14153, 1
14154, 1
14162, 1
14178, 1
14188, 1
14193, 1
14198, 1
14199, 1
14204, 1
14205, 1
14206, 2
14207, 1
14211, 1
14213, 1
14217, 1
14223, 1
14227, 1
14237, 1
14240, 1
14241, 1
14247, 1
14249, 1
14251, 1
14255, 1
14262, 2
14263, 1
14265, 1
14274, 1
14278, 1
14284, 1
14286, 1
14289, 1
14290, 1
14291, 1
14295, 3
14296, 1
14297, 1
14301, 1
14302, 1
14307, 1
14308, 1
14318, 1
14319, 1
14329, 1
14330, 1
14331, 1
14333, 1
14338, 1
14349, 2
14351, 1
14357, 2
14361, 1
14367, 1
14368, 2
14370, 1
14379, 1
14381, 1
14385, 1
14387, 1
14390, 2
14392, 1
14393, 1
14394, 1
14398, 2
14405, 1
14413, 1
14417, 2
14423, 1
14427, 1
14433, 2
14437, 1
14440, 1
14443, 1
14446, 1
14447, 1
14448, 2
14452, 1
14453, 1
14454, 1
14458, 1
14460, 1
14463, 1
14470, 1
14471, 2
14472, 1
14477, 1
14478, 1
14481, 1
14482, 1
14486, 1
14492, 1
14493, 1
14494, 1
14500, 1
14501, 1
14502, 2
14508, 1
14511, 2
14522, 1
14524, 1
14527, 1
14532, 1
14533, 1
14540, 1
14546, 1
14547, 1
14548, 1
14549, 2
14551, 1
14554, 1
14560, 1
14562, 1
14564, 1
14565, 1
14566, 1
14575, 1
14578, 1
14582, 1
14585, 1
14586, 1
14591, 2
14593, 3
14594, 2
14601, 1
14602, 1
14614, 1
14622, 1
14624, 2
14626, 3
14627, 1
14631, 1
14633, 2
14635, 1
14637, 4
14640, 1
14641, 1
14643, 1
14644, 1
14649, 1
14650, 1
14666, 1
14675, 2
14676, 2
14679, 1
14682, 1
14687, 2
14690, 3
14703, 1
14706, 1
14712, 1
14713, 1
14716, 1
14718, 1
14719, 2
14720, 1
14721, 1
14723, 1
14726, 1
14728, 1
14730, 1
14736, 1
14737, 1
14743, 1
14747, 1
14757, 1
14763, 1
14764, 1
14766, 1
14768, 2
14769, 2
14773, 1
14781, 1
14782, 1
14784, 2
14785, 1
14786, 1
14790, 1
14799, 1
14801, 2
14802, 2
14805, 2
14806, 1
14809, 1
14810, 1
14815, 2
14819, 1
14820, 1
14821, 1
14823, 1
14832, 1
14836, 1
14838, 2
14843, 1
14844, 2
14846, 2
14849, 1
14850, 1
14855, 1
14857, 1
14858, 2
14862, 1
14870, 1
14871, 1
14872, 1
14877, 1
14882, 2
14887, 1
14889, 2
14890, 2
14891, 1
14892, 1
14900, 1
14906, 1
14907, 2
14908, 1
14909, 1
14910, 2
14923, 1
14924, 1
14930, 1
14933, 1
14938, 3
14942, 1
14946, 3
14948, 2
14957, 1
14960, 1
14962, 1
14966, 1
14969, 1
14973, 4
14978, 2
14979, 2
14980, 2
14987, 1
14988, 1
14991, 1
14994, 1
15002, 2
15011, 1
15021, 1
15022, 2
15032, 1
15036, 1
15041, 2
15043, 1
15055, 1
15057, 1
15065, 1
15069, 1
15072, 1
15082, 1
15088, 1
15089, 1
15092, 1
15121, 1
15124, 2
15127, 1
15132, 1
15134, 1
15137, 1
15138, 1
15155, 1
15160, 1
15166, 1
15170, 1
15178, 1
15182, 1
15186, 1
15192, 2
15195, 1
15206, 1
15208, 1
15210, 1
15231, 1
15236, 1
15249, 1
15261, 1
15262, 1
15265, 1
15266, 1
15269, 1
15275, 1
15277, 2
15298, 1
15308, 1
15317, 2
15320, 1
15321, 3
15328, 1
15332, 1
15335, 1
15337, 1
15340, 1
15349, 1
15357, 1
15358, 1
15360, 1
15361, 1
15365, 1
15369, 1
15371, 1
15374, 1
15377, 1
15378, 1
15381, 1
15382, 1
15386, 1
15389, 1
15391, 1
15394, 2
15402, 1
15403, 1
15404, 1
15408, 2
15409, 1
15410, 1
15419, 2
15421, 1
15422, 2
15424, 1
15425, 1
15428, 1
15432, 1
15433, 1
15436, 1
15438, 1
15439, 1
15440, 1
15441, 1
15443, 1
15447, 2
15451, 1
15452, 1
15454, 1
15461, 1
15464, 1
15466, 1
15468, 2
15469, 1
15473, 1
15477, 1
15478, 1
15481, 2
15490, 1
15492, 1
15493, 1
15495, 1
15496, 1
15504, 1
15506, 1
15507, 1
15511, 1
15512, 1
15520, 1
15524, 1
15527, 1
15528, 1
15532, 1
15533, 1
15535, 1
15536, 2
15540, 1
15544, 2
15545, 1
15550, 1
15551, 1
15553, 2
15557, 1
15560, 1
15561, 1
15564, 1
15570, 1
15575, 1
15577, 1
15579, 1
15580, 1
15586, 1
15587, 1
15589, 1
15590, 1
15591, 2
15599, 1
15603, 1
15608, 1
15616, 1
15620, 1
15621, 1
15622, 2
15623, 1
15624, 2
15626, 2
15634, 1
15637, 1
15641, 1
15642, 1
15644, 1
15646, 1
15650, 1
15651, 1
15652, 2
15655, 1
15656, 2
15660, 1
15662, 1
15663, 1
15667, 1
15672, 1
15673, 2
15675, 1
15676, 1
15679, 1
15683, 1
15695, 1
15699, 1
15703, 1
15706, 1
15709, 1
15716, 1
15726, 1
15727, 1
15730, 1
15731, 1
15732, 3
15733, 1
15741, 1
15744, 1
15747, 1
15749, 2
15752, 1
15754, 1
15756, 1
15761, 2
15764, 1
15765, 1
15769, 1
15772, 1
15773, 1
15774, 1
15775, 1
15776, 2
15778, 1
15780, 4
15781, 1
15785, 1
15786, 3
15789, 3
15790, 1
15793, 1
15794, 2
15796, 1
15797, 1
15798, 2
15800, 1
15804, 1
15806, 3
15808, 1
15811, 1
15812, 1
15813, 2
15814, 1
15816, 1
15817, 2
15823, 1
15824, 1
15825, 2
15826, 1
15827, 1
15828, 1
15833, 1
15836, 1
15837, 1
15838, 1
15839, 2
15842, 2
15844, 1
15846, 1
15847, 2
15849, 1
15851, 1
15852, 1
15855, 2
15856, 1
15857, 2
15862, 1
15863, 1
15866, 1
15867, 1
15868, 1
15869, 2
15871, 1
15872, 1
15873, 1
15875, 1
15876, 2
15877, 2
15878, 1
15879, 1
15880, 1
15881, 1
15882, 1
15886, 2
15887, 3
15888, 2
15889, 2
15890, 1
15892, 2
15894, 3
15896, 2
15897, 5
15898, 2
15899, 1
15900, 1
15902, 4
15903, 1
15904, 1
15905, 1
15906, 2
15907, 2
15908, 1
15910, 1
15911, 1
15912, 4
15914, 4
15915, 1
15916, 2
15917, 1
15924, 2
15925, 1
15926, 1
15929, 3
15932, 1
15935, 1
15937, 4
15942, 2
15943, 3
15944, 2
15946, 2
15947, 2
15949, 3
15951, 1
15954, 2
15956, 1
15957, 2
15958, 2
15959, 1
15960, 4
15963, 1
15966, 3
15971, 1
15972, 1
15973, 1
15974, 3
15976, 1
15977, 2
15980, 1
15981, 2
15982, 3
15983, 1
15984, 1
15985, 1
15986, 1
15987, 1
15988, 1
15989, 1
15990, 1
15991, 2
15994, 1
15995, 1
15997, 1
15998, 2
15999, 2
16000, 2
16001, 1
16002, 1
16003, 1
16004, 1
16005, 1
16006, 5
16007, 1
16008, 1
16009, 2
16010, 1
16011, 1
16012, 2
16013, 1
16014, 1
16015, 2
16016, 2
16019, 2
16020, 2
16022, 1
16023, 2
16024, 2
16025, 1
16028, 1
16032, 1
16033, 1
16034, 1
16036, 1
16037, 1
16038, 1
16039, 1
16040, 1
16041, 2
16042, 1
16043, 1
16044, 1
16045, 3
16047, 1
16048, 1
16049, 1
16050, 2
16051, 1
16052, 1
16053, 2
16054, 1
16055, 2
16056, 2
16057, 2
16060, 2
16061, 1
16062, 2
16063, 1
16064, 1
16065, 2
16067, 2
16069, 1
16070, 2
16072, 1
16073, 1
16074, 2
16075, 1
16076, 2
16077, 1
16078, 3
16079, 2
16080, 1
16081, 2
16082, 1
16083, 1
16084, 1
16085, 1
16086, 2
16088, 1
16089, 2
16090, 1
16092, 2
16093, 3
16094, 2
16096, 3
16100, 3
16102, 4
16104, 3
16105, 1
16106, 3
16107, 2
16111, 2
16112, 2
16115, 1
16116, 1
16117, 1
16120, 1
16121, 2
16123, 1
16124, 1
16126, 1
16128, 1
16129, 1
16131, 1
16134, 1
16136, 2
16138, 1
16140, 4
16142, 1
16143, 1
16144, 3
16145, 1
16147, 1
16148, 2
16151, 2
16153, 2
16154, 1
16155, 2
16156, 1
16157, 1
16158, 1
16160, 1
16161, 2
16162, 2
16163, 3
16164, 1
16165, 3
16166, 2
16167, 1
16170, 1
16172, 2
16174, 4
16176, 3
16178, 2
16180, 2
16181, 1
16182, 1
16185, 2
16186, 1
16188, 1
16189, 1
16190, 3
16195, 1
16196, 1
16198, 3
16199, 1
16202, 3
16203, 1
16204, 2
16205, 1
16209, 1
16210, 2
16211, 1
16212, 1
16214, 2
16215, 2
16216, 2
16217, 1
16218, 3
16222, 1
16224, 2
16227, 1
16228, 1
16229, 1
16230, 1
16231, 1
16232, 2
16233, 4
16234, 2
16235, 4
16236, 1
16237, 2
16238, 2
16239, 1
16240, 1
16241, 4
16242, 1
16243, 1
16244, 2
16245, 1
16246, 1
16247, 2
16248, 2
16251, 2
16252, 2
16253, 2
16254, 3
16258, 1
16260, 3
16261, 1
16262, 3
16263, 1
16264, 1
16265, 1
16266, 1
16267, 1
16268, 1
16270, 1
16271, 4
16273, 1
16274, 3
16275, 2
16277, 2
16280, 1
16282, 1
16283, 1
16284, 2
16285, 1
16289, 1
16291, 1
16292, 1
16293, 2
16294, 1
16298, 2
16299, 1
16300, 3
16304, 2
16305, 1
16306, 2
16307, 4
16309, 1
16310, 2
16312, 1
16313, 2
16315, 1
16316, 5
16317, 1
16318, 1
16319, 2
16320, 1
16321, 2
16322, 4
16323, 3
16324, 2
16325, 2
16326, 2
16327, 2
16328, 3
16329, 2
16330, 6
16331, 1
16332, 2
16333, 1
16334, 2
16336, 2
16337, 1
16338, 7
16339, 3
16340, 1
16342, 2
16343, 1
16344, 4
16345, 2
16346, 3
16347, 1
16349, 2
16350, 2
16351, 3
16352, 2
16354, 4
16355, 1
16356, 4
16357, 2
16358, 2
16359, 2
16360, 2
16361, 2
16362, 1
16363, 4
16364, 2
16366, 1
16367, 3
16368, 2
16369, 1
16370, 1
16371, 1
16372, 2
16373, 1
16375, 3
16376, 1
16377, 2
16378, 2
16379, 2
16381, 3
16382, 1
16383, 1
16384, 3
16385, 5
16386, 1
16387, 4
16388, 2
16390, 3
16391, 1
16392, 3
16393, 3
16394, 2
16395, 1
16396, 1
16397, 1
16398, 4
16399, 5
16400, 1
16401, 2
16404, 4
16405, 2
16406, 1
16407, 2
16408, 2
16409, 2
16410, 4
16411, 5
16412, 2
16413, 5
16414, 2
16415, 2
16416, 4
16417, 5
16418, 4
16419, 3
16420, 3
16421, 3
16422, 3
16423, 3
16424, 1
16425, 2
16426, 3
16427, 3
16428, 5
16429, 2
16430, 3
16431, 3
16432, 3
16433, 4
16434, 4
16435, 4
16436, 1
16437, 3
16438, 3
16439, 1
16440, 6
16441, 3
16442, 1
16443, 2
16445, 4
16446, 2
16447, 3
16448, 3
16449, 1
16451, 3
16452, 1
16453, 5
16454, 1
16455, 1
16456, 4
16457, 3
16458, 4
16459, 1
16460, 5
16461, 2
16462, 1
16463, 2
16464, 2
16465, 5
16466, 3
16467, 1
16468, 3
16469, 2
16470, 2
16471, 4
16472, 2
16473, 2
16474, 5
16475, 2
16476, 1
16477, 3
16478, 6
16479, 4
16480, 3
16481, 2
16482, 5
16483, 1
16484, 3
16486, 1
16487, 2
16488, 2
16489, 4
16490, 1
16491, 5
16492, 3
16493, 1
16494, 2
16495, 6
16496, 1
16497, 4
16498, 2
16499, 6
16500, 2
16501, 4
16502, 4
16503, 3
16504, 2
16505, 3
16506, 5
16507, 3
16508, 4
16509, 3
16510, 3
16511, 5
16512, 2
16513, 3
16515, 4
16516, 4
16517, 4
16518, 3
16519, 3
16520, 4
16521, 1
16522, 5
16523, 4
16524, 3
16525, 1
16526, 4
16527, 3
16528, 6
16529, 4
16530, 3
16531, 3
16532, 3
16533, 3
16534, 2
16535, 1
16536, 1
16537, 1
16538, 6
16539, 5
16540, 2
16541, 4
16542, 4
16543, 2
16544, 4
16545, 2
16547, 3
16548, 3
16549, 2
16550, 3
16551, 1
16552, 2
16553, 2
16554, 1
16556, 2
16557, 4
16558, 3
16559, 3
16560, 4
16561, 2
16562, 2
16563, 4
16564, 3
16565, 7
16566, 1
16567, 1
16568, 2
16569, 3
16570, 4
16571, 2
16572, 2
16573, 6
16574, 2
16575, 2
16576, 5
16577, 6
16578, 2
16579, 4
16580, 6
16581, 6
16582, 5
16583, 3
16584, 1
16585, 4
16586, 5
16587, 1
16588, 4
16589, 4
16590, 4
16591, 6
16592, 1
16593, 5
16594, 5
16595, 2
16596, 5
16597, 2
16598, 6
16599, 5
16600, 4
16601, 2
16602, 3
16603, 4
16605, 3
16606, 3
16607, 4
16608, 2
16609, 7
16610, 6
16611, 2
16612, 1
16613, 3
16614, 2
16616, 3
16617, 4
16618, 6
16619, 6
16620, 5
16621, 4
16622, 3
16623, 3
16624, 2
16625, 4
16626, 7
16627, 1
16628, 8
16629, 2
16630, 3
16631, 5
16632, 1
16633, 3
16634, 2
16635, 5
16636, 2
16637, 2
16638, 2
16639, 3
16640, 1
16641, 3
16642, 1
16643, 3
16644, 4
16645, 1
16646, 3
16647, 1
16648, 2
16649, 4
16650, 4
16651, 4
16653, 4
16654, 4
16655, 5
16656, 2
16657, 8
16658, 6
16659, 3
16660, 5
16661, 4
16662, 5
16663, 1
16664, 1
16665, 6
16666, 7
16667, 3
16668, 3
16669, 3
16670, 2
16671, 3
16672, 2
16673, 3
16674, 2
16675, 5
16676, 2
16677, 2
16678, 3
16679, 11
16680, 2
16681, 2
16682, 5
16683, 5
16684, 3
16686, 5
16687, 2
16688, 3
16689, 4
16690, 3
16691, 5
16692, 2
16693, 6
16694, 3
16695, 4
16696, 5
16697, 1
16698, 4
16699, 2
16700, 1
16701, 4
16702, 3
16703, 3
16704, 4
16705, 3
16706, 3
16707, 2
16708, 1
16709, 2
16711, 1
16712, 4
16713, 3
16714, 2
16715, 2
16716, 1
16717, 1
16718, 2
16719, 4
16720, 4
16721, 4
16722, 1
16723, 3
16724, 2
16725, 3
16726, 2
16727, 4
16728, 3
16729, 4
16730, 6
16731, 6
16732, 5
16733, 3
16734, 4
16735, 3
16736, 7
16737, 3
16738, 1
16739, 2
16740, 3
16741, 2
16742, 4
16743, 4
16744, 7
16745, 3
16746, 3
16747, 4
16748, 3
16749, 4
16750, 1
16751, 2
16752, 1
16753, 5
16754, 6
16755, 2
16756, 2
16757, 5
16758, 3
16759, 8
16760, 1
16761, 3
16762, 6
16763, 3
16764, 3
16765, 3
16766, 3
16767, 3
16769, 7
16770, 4
16771, 5
16772, 2
16773, 5
16774, 2
16775, 2
16776, 4
16777, 5
16778, 6
16779, 1
16780, 6
16781, 2
16782, 1
16783, 3
16784, 4
16785, 4
16786, 2
16787, 4
16788, 1
16789, 3
16790, 1
16791, 2
16792, 2
16794, 4
16795, 5
16796, 2
16797, 2
16798, 3
16799, 5
16800, 1
16801, 4
16802, 4
16803, 3
16804, 1
16805, 3
16806, 1
16807, 2
16808, 1
16809, 3
16810, 3
16811, 2
16812, 3
16813, 5
16814, 2
16815, 3
16817, 5
16818, 5
16819, 4
16820, 3
16822, 4
16823, 2
16824, 3
16825, 2
16826, 5
16827, 5
16828, 4
16829, 4
16830, 4
16831, 3
16832, 2
16833, 3
16834, 6
16835, 4
16836, 2
16837, 4
16838, 1
16839, 2
16840, 1
16841, 1
16842, 4
16843, 3
16844, 2
16845, 4
16846, 7
16847, 6
16848, 5
16849, 1
16850, 4
16851, 1
16852, 1
16853, 2
16854, 6
16855, 4
16856, 2
16858, 1
16859, 4
16860, 3
16862, 2
16863, 4
16866, 4
16869, 4
16870, 6
16871, 2
16872, 2
16873, 2
16875, 1
16876, 1
16878, 3
16879, 3
16880, 6
16881, 3
16882, 2
16883, 6
16884, 1
16885, 5
16886, 5
16887, 1
16888, 4
16889, 3
16890, 1
16891, 4
16892, 2
16893, 4
16894, 4
16895, 2
16896, 1
16897, 3
16898, 4
16899, 1
16900, 2
16901, 5
16902, 2
16903, 5
16904, 5
16905, 4
16906, 4
16907, 2
16908, 2
16909, 3
16910, 3
16911, 5
16912, 2
16913, 2
16914, 5
16916, 4
16917, 2
16918, 6
16919, 3
16920, 2
16921, 5
16922, 1
16923, 1
16924, 7
16925, 8
16926, 3
16927, 6
16928, 2
16929, 1
16930, 4
16932, 6
16933, 7
16934, 1
16935, 7
16936, 2
16937, 4
16938, 2
16939, 5
16940, 2
16941, 4
16942, 3
16943, 3
16944, 2
16945, 5
16946, 1
16947, 2
16948, 1
16949, 3
16950, 6
16951, 4
16952, 3
16953, 3
16954, 1
16955, 3
16956, 2
16957, 3
16958, 2
16959, 2
16960, 5
16961, 2
16962, 2
16964, 1
16965, 2
16966, 3
16967, 3
16968, 2
16969, 5
16970, 2
16972, 2
16973, 3
16974, 2
16975, 1
16976, 1
16977, 3
16978, 2
16979, 4
16980, 1
16981, 4
16982, 2
16983, 3
16984, 2
16985, 3
16986, 2
16987, 4
16988, 2
16989, 4
16990, 2
16991, 3
16992, 3
16994, 1
16995, 2
16996, 1
16997, 2
16999, 4
17000, 4
17001, 2
17002, 3
17003, 4
17004, 2
17005, 3
17006, 4
17008, 2
17009, 4
17010, 2
17011, 5
17012, 4
17013, 7
17014, 1
17015, 4
17016, 2
17017, 2
17018, 4
17019, 1
17020, 2
17021, 4
17022, 7
17023, 3
17024, 3
17025, 3
17026, 3
17027, 5
17028, 6
17029, 3
17030, 2
17031, 1
17032, 5
17033, 2
17034, 4
17035, 2
17036, 3
17037, 2
17038, 4
17039, 1
17040, 4
17041, 1
17042, 1
17043, 7
17044, 3
17045, 5
17046, 1
17047, 2
17048, 1
17049, 1
17050, 4
17051, 4
17052, 4
17053, 1
17054, 2
17055, 4
17056, 5
17058, 1
17059, 1
17061, 2
17062, 3
17063, 2
17064, 1
17065, 4
17066, 4
17067, 3
17068, 3
17069, 2
17070, 5
17071, 2
17072, 3
17073, 6
17074, 3
17075, 4
17076, 1
17077, 2
17078, 2
17079, 1
17080, 2
17081, 3
17082, 5
17083, 2
17084, 3
17085, 2
17086, 1
17087, 2
17088, 2
17089, 2
17090, 1
17091, 5
17092, 6
17093, 1
17094, 3
17095, 1
17096, 1
17097, 3
17098, 2
17099, 4
17100, 1
17101, 4
17102, 2
17103, 3
17104, 1
17105, 3
17106, 3
17107, 4
17108, 2
17109, 1
17110, 2
17111, 5
17112, 5
17113, 3
17114, 1
17115, 4
17116, 2
17117, 7
17118, 2
17119, 7
17120, 1
17121, 2
17122, 2
17123, 3
17124, 1
17125, 5
17126, 3
17127, 2
17128, 1
17129, 1
17130, 5
17131, 1
17132, 2
17134, 3
17135, 1
17136, 5
17137, 4
17138, 2
17139, 2
17140, 4
17141, 7
17142, 3
17143, 2
17144, 1
17145, 4
17146, 3
17147, 5
17148, 3
17149, 3
17151, 3
17152, 6
17153, 3
17154, 4
17155, 3
17156, 2
17157, 3
17158, 5
17159, 4
17160, 2
17161, 3
17162, 4
17163, 2
17164, 4
17165, 1
17166, 3
17167, 4
17168, 2
17169, 1
17170, 1
17171, 4
17172, 4
17173, 2
17174, 6
17175, 2
17176, 3
17177, 4
17178, 3
17179, 5
17180, 4
17181, 4
17182, 3
17183, 4
17184, 3
17185, 5
17186, 2
17187, 2
17188, 2
17189, 6
17190, 2
17191, 2
17192, 2
17193, 3
17194, 4
17195, 10
17197, 3
17198, 7
17199, 3
17200, 4
17201, 4
17202, 4
17203, 4
17204, 5
17205, 2
17206, 4
17207, 1
17208, 5
17210, 5
17211, 6
17212, 6
17214, 4
17215, 4
17216, 2
17217, 3
17218, 3
17219, 3
17220, 2
17221, 4
17222, 5
17223, 5
17224, 1
17225, 2
17226, 4
17227, 4
17228, 4
17229, 3
17230, 2
17231, 5
17232, 3
17233, 2
17234, 2
17235, 1
17236, 1
17237, 2
17238, 3
17239, 2
17240, 4
17241, 2
17242, 3
17243, 6
17244, 4
17245, 3
17246, 2
17247, 4
17248, 5
17249, 5
17250, 4
17251, 2
17252, 7
17253, 4
17254, 4
17255, 3
17256, 3
17257, 2
17258, 4
17260, 6
17261, 5
17262, 5
17263, 4
17264, 6
17265, 4
17266, 5
17267, 7
17268, 2
17269, 2
17270, 5
17271, 6
17272, 4
17273, 4
17274, 3
17275, 5
17276, 2
17277, 5
17278, 6
17279, 2
17280, 2
17281, 4
17282, 5
17283, 5
17284, 4
17285, 4
17286, 2
17287, 4
17288, 3
17289, 2
17290, 2
17291, 7
17292, 4
17293, 6
17294, 6
17295, 2
17296, 2
17297, 3
17298, 2
17299, 4
17300, 1
17301, 7
17302, 5
17303, 6
17304, 3
17305, 3
17306, 2
17307, 4
17308, 5
17309, 6
17310, 3
17311, 1
17312, 11
17313, 3
17314, 2
17315, 1
17316, 1
17317, 5
17318, 6
17319, 3
17320, 3
17321, 7
17322, 2
17323, 5
17324, 3
17325, 3
17326, 3
17327, 6
17328, 2
17329, 3
17330, 5
17331, 4
17332, 7
17333, 3
17334, 4
17335, 3
17336, 3
17337, 6
17338, 5
17339, 5
17340, 4
17341, 6
17342, 4
17343, 5
17344, 6
17345, 6
17346, 5
17347, 5
17348, 3
17350, 6
17351, 4
17352, 7
17353, 3
17354, 1
17355, 3
17356, 4
17357, 8
17358, 4
17359, 2
17360, 2
17361, 6
17362, 8
17363, 7
17364, 5
17365, 2
17366, 3
17367, 5
17368, 2
17369, 2
17370, 4
17371, 2
17372, 2
17373, 2
17374, 5
17375, 6
17376, 3
17377, 2
17378, 7
17379, 4
17380, 4
17381, 3
17382, 8
17383, 3
17384, 2
17385, 5
17386, 1
17387, 2
17388, 3
17389, 3
17390, 3
17391, 3
17392, 1
17393, 5
17395, 2
17396, 4
17397, 2
17399, 1
17400, 4
17401, 4
17402, 5
17403, 6
17404, 2
17405, 6
17406, 1
17407, 3
17408, 5
17409, 4
17410, 2
17411, 4
17412, 5
17414, 6
17415, 3
17416, 5
17417, 1
17418, 5
17419, 4
17420, 9
17422, 3
17423, 4
17424, 2
17425, 2
17426, 4
17427, 7
17428, 4
17429, 5
17430, 3
17431, 2
17432, 3
17433, 2
17434, 4
17435, 2
17436, 3
17437, 3
17438, 5
17439, 5
17440, 3
17441, 4
17442, 5
17443, 3
17444, 1
17445, 7
17446, 7
17447, 4
17448, 2
17449, 7
17450, 1
17452, 3
17453, 6
17454, 6
17455, 1
17456, 5
17457, 2
17458, 2
17459, 4
17460, 3
17462, 5
17463, 4
17464, 7
17465, 6
17466, 2
17467, 3
17468, 2
17469, 4
17470, 3
17471, 3
17472, 2
17473, 2
17474, 3
17475, 2
17476, 6
17477, 1
17478, 4
17479, 3
17480, 4
17481, 4
17482, 3
17483, 4
17484, 3
17485, 1
17486, 7
17487, 2
17488, 4
17489, 4
17490, 1
17491, 5
17492, 3
17493, 4
17494, 1
17495, 4
17496, 3
17497, 6
17498, 3
17499, 2
17500, 3
17501, 7
17502, 1
17503, 6
17504, 3
17505, 5
17506, 3
17507, 5
17508, 3
17509, 2
17510, 4
17511, 6
17512, 2
17513, 5
17514, 6
17515, 4
17516, 2
17517, 4
17518, 2
17519, 5
17520, 2
17521, 2
17522, 6
17523, 4
17524, 2
17525, 4
17526, 3
17527, 3
17528, 6
17529, 5
17530, 2
17531, 6
17532, 3
17533, 2
17534, 3
17535, 1
17536, 4
17537, 6
17538, 2
17539, 4
17540, 2
17541, 1
17542, 3
17543, 7
17544, 7
17545, 4
17546, 9
17547, 7
17548, 5
17549, 4
17550, 7
17551, 6
17552, 6
17553, 5
17554, 5
17555, 4
17556, 6
17557, 3
17558, 5
17559, 6
17560, 6
17561, 4
17562, 7
17563, 1
17564, 2
17565, 6
17566, 3
17567, 5
17568, 6
17569, 7
17570, 3
17571, 4
17572, 2
17573, 4
17574, 5
17575, 3
17576, 10
17577, 6
17578, 3
17579, 1
17580, 1
17581, 9
17582, 8
17583, 7
17584, 8
17585, 3
17586, 4
17587, 7
17588, 3
17589, 3
17590, 5
17591, 6
17592, 6
17593, 6
17594, 3
17595, 9
17596, 6
17597, 9
17599, 7
17600, 6
17601, 4
17602, 7
17603, 6
17604, 6
17605, 6
17606, 5
17607, 6
17608, 9
17609, 4
17610, 8
17611, 3
17612, 9
17613, 8
17614, 6
17615, 4
17616, 11
17617, 6
17618, 4
17619, 4
17620, 4
17621, 5
17622, 4
17623, 6
17624, 6
17625, 6
17626, 3
17627, 2
17628, 9
17629, 3
17630, 9
17631, 10
17632, 1
17633, 10
17634, 10
17635, 7
17636, 6
17637, 8
17638, 7
17639, 1
17640, 3
17641, 2
17642, 8
17643, 6
17644, 8
17645, 4
17646, 6
17647, 5
17648, 4
17649, 5
17650, 4
17651, 4
17652, 6
17653, 5
17654, 6
17655, 2
17656, 7
17657, 5
17658, 6
17659, 5
17660, 9
17661, 4
17662, 5
17663, 5
17664, 7
17665, 8
17666, 3
17667, 5
17668, 10
17669, 3
17670, 5
17671, 5
17672, 9
17673, 8
17674, 6
17675, 5
17676, 3
17677, 3
17678, 4
17679, 2
17680, 4
17681, 2
17682, 6
17683, 6
17684, 5
17685, 10
17686, 6
17687, 4
17688, 3
17689, 3
17690, 10
17691, 6
17692, 7
17693, 9
17694, 9
17695, 8
17696, 9
17697, 5
17698, 9
17699, 11
17700, 6
17701, 4
17702, 5
17703, 4
17704, 4
17705, 10
17706, 8
17707, 5
17708, 3
17709, 7
17710, 5
17711, 6
17712, 4
17713, 7
17714, 5
17715, 5
17716, 4
17717, 3
17718, 4
17719, 6
17720, 7
17721, 6
17722, 4
17723, 10
17724, 5
17725, 4
17726, 2
17727, 8
17728, 7
17729, 7
17730, 8
17731, 6
17732, 8
17733, 4
17734, 6
17735, 6
17736, 8
17737, 9
17738, 5
17739, 6
17740, 9
17741, 6
17742, 4
17743, 3
17744, 5
17745, 5
17746, 5
17747, 6
17748, 4
17749, 6
17750, 5
17751, 3
17752, 9
17753, 8
17754, 7
17755, 3
17756, 12
17757, 8
17758, 7
17759, 6
17760, 10
17761, 6
17762, 3
17763, 9
17764, 4
17765, 6
17766, 9
17767, 12
17768, 4
17769, 3
17770, 6
17771, 3
17772, 7
17774, 6
17775, 9
17776, 11
17777, 8
17778, 7
17779, 8
17780, 5
17781, 12
17782, 5
17783, 11
17784, 10
17785, 6
17786, 5
17787, 6
17788, 10
17789, 6
17790, 6
17791, 10
17792, 4
17793, 10
17794, 8
17795, 9
17796, 5
17797, 12
17798, 10
17799, 9
17800, 9
17801, 8
17802, 5
17803, 11
17804, 6
17805, 7
17806, 10
17807, 7
17808, 7
17809, 6
17810, 7
17811, 5
17812, 6
17813, 6
17814, 5
17815, 5
17816, 10
17817, 13
17818, 8
17819, 6
17820, 6
17821, 8
17822, 9
17823, 5
17824, 11
17825, 5
17826, 6
17827, 9
17828, 9
17829, 8
17830, 10
17831, 11
17832, 3
17833, 12
17834, 10
17835, 8
17836, 13
17837, 6
17838, 8
17839, 5
17840, 6
17841, 11
17842, 5
17843, 5
17844, 10
17845, 8
17846, 5
17847, 8
17848, 10
17849, 6
17850, 8
17851, 5
17852, 10
17853, 9
17854, 4
17855, 8
17856, 7
17857, 8
17858, 5
17859, 12
17860, 8
17861, 7
17862, 8
17863, 11
17864, 10
17865, 13
17866, 8
17867, 10
17868, 10
17869, 12
17870, 10
17871, 7
17872, 12
17873, 6
17874, 11
17875, 10
17876, 9
17877, 8
17878, 7
17879, 8
17880, 10
17881, 9
17882, 4
17883, 10
17884, 5
17885, 9
17886, 11
17887, 9
17888, 12
17889, 12
17890, 7
17891, 7
17892, 7
17893, 13
17894, 10
17895, 12
17896, 6
17897, 9
17898, 8
17899, 7
17900, 16
17901, 5
17902, 9
17903, 6
17904, 8
17905, 11
17906, 6
17907, 7
17908, 6
17909, 8
17910, 6
17911, 6
17912, 5
17913, 12
17914, 5
17915, 4
17916, 7
17917, 12
17918, 8
17919, 5
17920, 10
17921, 5
17922, 8
17923, 5
17924, 10
17925, 6
17926, 6
17927, 13
17928, 5
17929, 7
17930, 4
17931, 15
17932, 15
17933, 12
17934, 11
17935, 12
17936, 8
17937, 8
17938, 12
17939, 6
17940, 9
17941, 9
17942, 12
17943, 11
17944, 12
17945, 11
17946, 4
17947, 10
17948, 12
17949, 10
17950, 12
17951, 8
17952, 6
17953, 7
17954, 9
17955, 6
17956, 11
17957, 8
17958, 8
17959, 7
17960, 14
17961, 15
17962, 14
17963, 3
17964, 7
17965, 6
17966, 14
17967, 13
17968, 9
17969, 9
17970, 11
17971, 7
17972, 8
17973, 9
17974, 11
17975, 11
17976, 5
17977, 8
17978, 9
17979, 5
17980, 8
17981, 3
17982, 4
17983, 6
17984, 6
17985, 7
17986, 9
17987, 15
17988, 16
17989, 10
17990, 8
17991, 6
17992, 5
17993, 10
17994, 11
17995, 14
17996, 11
17997, 7
17998, 9
17999, 6
18000, 6
18001, 9
18002, 16
18003, 11
18004, 9
18005, 9
18006, 13
18007, 6
18008, 11
18009, 10
18010, 6
18011, 15
18012, 12
18013, 10
18014, 12
18015, 12
18016, 7
18017, 8
18018, 8
18019, 5
18020, 10
18021, 10
18022, 6
18023, 16
18024, 9
18025, 10
18026, 13
18027, 10
18028, 13
18029, 17
18030, 13
18031, 11
18032, 10
18033, 12
18034, 10
18035, 13
18036, 12
18037, 7
18038, 7
18039, 10
18040, 9
18041, 12
18042, 14
18043, 8
18044, 12
18045, 6
18046, 8
18047, 15
18048, 7
18049, 13
18050, 6
18051, 9
18052, 7
18053, 7
18054, 7
18055, 7
18056, 12
18057, 16
18058, 5
18059, 13
18060, 10
18061, 14
18062, 14
18063, 7
18064, 14
18065, 7
18066, 16
18067, 13
18068, 6
18069, 9
18070, 5
18071, 14
18072, 12
18073, 11
18074, 16
18075, 9
18076, 13
18077, 9
18078, 13
18079, 12
18080, 7
18081, 12
18082, 14
18083, 11
18084, 7
18085, 18
18086, 18
18087, 13
18088, 6
18089, 10
18090, 7
18091, 9
18092, 8
18093, 9
18094, 8
18095, 8
18096, 13
18097, 8
18098, 17
18099, 9
18100, 10
18101, 6
18102, 8
18103, 5
18104, 6
18105, 10
18106, 12
18107, 14
18108, 11
18109, 8
18110, 10
18111, 7
18112, 9
18113, 18
18114, 12
18115, 11
18116, 9
18117, 13
18118, 9
18119, 11
18120, 12
18121, 12
18122, 7
18123, 9
18124, 10
18125, 19
18126, 10
18127, 5
18128, 10
18129, 7
18130, 6
18131, 12
18132, 7
18133, 11
18134, 14
18135, 5
18136, 11
18137, 10
18138, 15
18139, 9
18140, 7
18141, 19
18142, 12
18143, 10
18144, 10
18145, 9
18146, 12
18147, 12
18148, 3
18149, 13
18150, 9
18151, 10
18152, 9
18153, 13
18154, 13
18155, 11
18156, 9
18157, 8
18158, 11
18159, 12
18160, 9
18161, 9
18162, 6
18163, 9
18164, 13
18165, 6
18166, 10
18167, 11
18168, 7
18169, 6
18170, 13
18171, 10
18172, 15
18173, 3
18174, 11
18175, 10
18176, 12
18177, 12
18178, 10
18179, 11
18180, 10
18181, 12
18182, 11
18183, 10
18184, 16
18185, 9
18186, 15
18187, 8
18188, 12
18189, 11
18190, 9
18191, 15
18192, 11
18193, 17
18194, 7
18195, 11
18196, 11
18197, 12
18198, 13
18199, 16
18200, 11
18201, 15
18202, 7
18203, 18
18204, 13
18205, 16
18206, 15
18207, 12
18208, 10
18209, 12
18210, 16
18211, 17
18212, 11
18213, 13
18214, 14
18215, 11
18216, 10
18217, 12
18218, 5
18219, 14
18220, 8
18221, 10
18222, 12
18223, 15
18224, 8
18225, 7
18226, 11
18227, 12
18228, 12
18229, 10
18230, 26
18231, 12
18232, 8
18233, 13
18234, 10
18235, 15
18236, 6
18237, 15
18238, 13
18239, 13
18240, 9
18241, 11
18242, 13
18243, 12
18244, 11
18245, 16
18246, 11
18247, 4
18248, 14
18249, 10
18250, 12
18251, 16
18252, 10
18253, 8
18254, 2
18255, 13
18256, 11
18257, 10
18258, 11
18259, 10
18260, 14
18261, 15
18262, 14
18263, 10
18264, 3
18265, 11
18266, 11
18267, 14
18268, 15
18269, 8
18270, 8
18271, 10
18272, 9
18273, 11
18274, 18
18275, 15
18276, 14
18277, 9
18278, 15
18279, 10
18280, 14
18281, 14
18282, 6
18283, 21
18284, 11
18285, 11
18286, 11
18287, 19
18288, 12
18289, 18
18290, 12
18291, 15
18292, 15
18293, 14
18294, 13
18295, 7
18296, 8
18297, 18
18298, 10
18299, 12
18300, 14
18301, 8
18302, 10
18303, 9
18304, 15
18305, 11
18306, 12
18307, 10
18308, 9
18309, 6
18310, 14
18311, 11
18312, 11
18313, 17
18314, 13
18315, 14
18316, 17
18317, 11
18318, 9
18319, 15
18320, 12
18321, 11
18322, 8
18323, 5
18324, 15
18325, 13
18326, 10
18327, 12
18328, 15
18329, 11
18330, 6
18331, 6
18332, 11
18333, 8
18334, 11
18335, 14
18336, 13
18337, 16
18338, 14
18339, 12
18340, 6
18341, 11
18342, 7
18343, 12
18344, 11
18345, 8
18346, 17
18347, 7
18348, 14
18349, 5
18350, 13
18351, 19
18352, 15
18353, 12
18354, 17
18355, 6
18356, 14
18357, 15
18358, 10
18359, 12
18360, 12
18361, 11
18362, 9
18363, 9
18364, 9
18365, 11
18366, 7
18367, 16
18368, 15
18369, 14
18370, 10
18371, 8
18372, 12
18373, 14
18374, 12
18375, 20
18376, 11
18377, 9
18378, 14
18379, 22
18380, 7
18381, 16
18382, 12
18383, 23
18384, 11
18385, 9
18386, 10
18387, 12
18388, 7
18389, 10
18390, 14
18391, 12
18392, 10
18393, 12
18394, 14
18395, 5
18396, 13
18397, 11
18398, 8
18399, 15
18400, 13
18401, 10
18402, 17
18403, 12
18404, 9
18405, 12
18406, 6
18407, 15
18408, 12
18409, 13
18410, 10
18411, 13
18412, 16
18413, 12
18414, 13
18415, 9
18416, 17
18417, 9
18418, 13
18419, 11
18420, 14
18421, 17
18422, 11
18423, 18
18424, 10
18425, 11
18426, 8
18427, 12
18428, 8
18429, 14
18430, 11
18431, 14
18432, 15
18433, 11
18434, 6
18435, 11
18436, 14
18437, 17
18438, 12
18439, 15
18440, 8
18441, 13
18442, 11
18443, 16
18444, 11
18445, 13
18446, 14
18447, 14
18448, 9
18449, 13
18450, 11
18451, 17
18452, 10
18453, 18
18454, 18
18455, 14
18456, 10
18457, 9
18458, 13
18459, 16
18460, 9
18461, 12
18462, 15
18463, 10
18464, 14
18465, 7
18466, 10
18467, 16
18468, 14
18469, 10
18470, 14
18471, 17
18472, 11
18473, 12
18474, 13
18475, 12
18476, 12
18477, 13
18478, 5
18479, 10
18480, 14
18481, 8
18482, 13
18483, 7
18484, 12
18485, 13
18486, 12
18487, 15
18488, 13
18489, 9
18490, 16
18491, 22
18492, 6
18493, 7
18494, 12
18495, 7
18496, 6
18497, 10
18498, 8
18499, 11
18500, 17
18501, 13
18502, 14
18503, 5
18504, 6
18505, 23
18506, 16
18507, 7
18508, 9
18509, 17
18510, 11
18511, 17
18512, 12
18513, 14
18514, 19
18515, 15
18516, 11
18517, 9
18518, 7
18519, 16
18520, 11
18521, 14
18522, 12
18523, 13
18524, 11
18525, 11
18526, 13
18527, 6
18528, 18
18529, 6
18530, 12
18531, 15
18532, 17
18533, 14
18534, 9
18535, 14
18536, 13
18537, 9
18538, 14
18539, 11
18540, 16
18541, 11
18542, 6
18543, 15
18544, 6
18545, 17
18546, 13
18547, 12
18548, 16
18549, 16
18550, 11
18551, 13
18552, 18
18553, 15
18554, 8
18555, 13
18556, 13
18557, 19
18558, 20
18559, 15
18560, 18
18561, 9
18562, 14
18563, 5
18564, 12
18565, 14
18566, 7
18567, 19
18568, 7
18569, 11
18570, 11
18571, 12
18572, 21
18573, 17
18574, 13
18575, 18
18576, 12
18577, 15
18578, 11
18579, 8
18580, 11
18581, 17
18582, 14
18583, 14
18584, 13
18585, 10
18586, 11
18587, 9
18588, 15
18589, 11
18590, 12
18591, 14
18592, 14
18593, 7
18594, 15
18595, 9
18596, 8
18597, 11
18598, 7
18599, 16
18600, 12
18601, 11
18602, 12
18603, 13
18604, 13
18605, 11
18606, 13
18607, 19
18608, 7
18609, 15
18610, 14
18611, 15
18612, 10
18613, 8
18614, 17
18615, 14
18616, 16
18617, 17
18618, 12
18619, 9
18620, 15
18621, 12
18622, 10
18623, 12
18624, 20
18625, 13
18626, 7
18627, 16
18628, 10
18629, 12
18630, 15
18631, 14
18632, 12
18633, 14
18634, 14
18635, 12
18636, 13
18637, 14
18638, 8
18639, 21
18640, 6
18641, 8
18642, 9
18643, 20
18644, 9
18645, 15
18646, 12
18647, 7
18648, 9
18649, 13
18650, 14
18651, 10
18652, 11
18653, 12
18654, 18
18655, 13
18656, 14
18657, 9
18658, 9
18659, 14
18660, 10
18661, 13
18662, 17
18663, 15
18664, 7
18665, 9
18666, 13
18667, 10
18668, 9
18669, 18
18670, 12
18671, 15
18672, 24
18673, 13
18674, 9
18675, 17
18676, 10
18677, 14
18678, 19
18679, 12
18680, 12
18681, 11
18682, 14
18683, 12
18684, 9
18685, 16
18686, 8
18687, 8
18688, 14
18689, 19
18690, 10
18691, 14
18692, 10
18693, 5
18694, 6
18695, 21
18696, 13
18697, 7
18698, 14
18699, 19
18700, 18
18701, 9
18702, 15
18703, 11
18704, 16
18705, 14
18706, 10
18707, 14
18708, 9
18709, 14
18710, 18
18711, 8
18712, 16
18713, 16
18714, 17
18715, 16
18716, 15
18717, 17
18718, 12
18719, 10
18720, 10
18721, 9
18722, 17
18723, 16
18724, 16
18725, 16
18726, 16
18727, 18
18728, 14
18729, 10
18730, 19
18731, 17
18732, 11
18733, 13
18734, 7
18735, 6
18736, 14
18737, 10
18738, 16
18739, 18
18740, 18
18741, 20
18742, 9
18743, 15
18744, 10
18745, 17
18746, 16
18747, 17
18748, 8
18749, 15
18750, 16
18751, 13
18752, 6
18753, 17
18754, 9
18755, 12
18756, 8
18757, 18
18758, 18
18759, 20
18760, 16
18761, 18
18762, 20
18763, 15
18764, 12
18765, 27
18766, 14
18767, 14
18768, 17
18769, 19
18770, 15
18771, 15
18772, 16
18773, 11
18774, 8
18775, 10
18776, 18
18777, 10
18778, 15
18779, 12
18780, 20
18781, 6
18782, 19
18783, 10
18784, 9
18785, 13
18786, 12
18787, 16
18788, 19
18789, 12
18790, 9
18791, 11
18792, 13
18793, 17
18794, 11
18795, 14
18796, 14
18797, 16
18798, 16
18799, 8
18800, 11
18801, 18
18802, 13
18803, 14
18804, 14
18805, 10
18806, 7
18807, 19
18808, 11
18809, 17
18810, 14
18811, 13
18812, 11
18813, 6
18814, 11
18815, 17
18816, 12
18817, 16
18818, 15
18819, 15
18820, 11
18821, 12
18822, 18
18823, 13
18824, 13
18825, 17
18826, 17
18827, 18
18828, 13
18829, 14
18830, 13
18831, 9
18832, 12
18833, 21
18834, 17
18835, 8
18836, 14
18837, 15
18838, 16
18839, 13
18840, 13
18841, 12
18842, 19
18843, 13
18844, 15
18845, 12
18846, 13
18847, 17
18848, 9
18849, 14
18850, 6
18851, 7
18852, 8
18853, 11
18854, 13
18855, 21
18856, 15
18857, 11
18858, 17
18859, 16
18860, 10
18861, 15
18862, 12
18863, 13
18864, 13
18865, 14
18866, 17
18867, 15
18868, 17
18869, 11
18870, 15
18871, 8
18872, 16
18873, 13
18874, 22
18875, 13
18876, 18
18877, 25
18878, 10
18879, 11
18880, 15
18881, 21
18882, 16
18883, 25
18884, 19
18885, 17
18886, 14
18887, 23
18888, 15
18889, 20
18890, 10
18891, 19
18892, 13
18893, 23
18894, 13
18895, 14
18896, 22
18897, 20
18898, 16
18899, 18
18900, 11
18901, 18
18902, 19
18903, 14
18904, 10
18905, 12
18906, 13
18907, 12
18908, 10
18909, 8
18910, 15
18911, 18
18912, 16
18913, 18
18914, 20
18915, 17
18916, 14
18917, 12
18918, 16
18919, 13
18920, 14
18921, 20
18922, 12
18923, 19
18924, 20
18925, 14
18926, 19
18927, 12
18928, 22
18929, 16
18930, 18
18931, 11
18932, 11
18933, 15
18934, 13
18935, 11
18936, 14
18937, 9
18938, 13
18939, 9
18940, 14
18941, 14
18942, 13
18943, 14
18944, 14
18945, 15
18946, 14
18947, 14
18948, 19
18949, 20
18950, 12
18951, 18
18952, 13
18953, 13
18954, 13
18955, 15
18956, 14
18957, 23
18958, 21
18959, 15
18960, 23
18961, 14
18962, 21
18963, 16
18964, 21
18965, 17
18966, 21
18967, 11
18968, 15
18969, 17
18970, 18
18971, 21
18972, 14
18973, 27
18974, 15
18975, 20
18976, 16
18977, 18
18978, 12
18979, 22
18980, 15
18981, 23
18982, 14
18983, 14
18984, 15
18985, 11
18986, 12
18987, 18
18988, 17
18989, 19
18990, 18
18991, 17
18992, 15
18993, 14
18994, 22
18995, 16
18996, 17
18997, 19
18998, 15
18999, 18
19000, 16
19001, 14
19002, 12
19003, 13
19004, 14
19005, 12
19006, 10
19007, 11
19008, 11
19009, 18
19010, 16
19011, 22
19012, 15
19013, 17
19014, 11
19015, 14
19016, 16
19017, 14
19018, 17
19019, 20
19020, 21
19021, 25
19022, 16
19023, 17
19024, 22
19025, 15
19026, 12
19027, 22
19028, 14
19029, 19
19030, 21
19031, 19
19032, 13
19033, 15
19034, 15
19035, 20
19036, 22
19037, 17
19038, 26
19039, 19
19040, 17
19041, 22
19042, 15
19043, 20
19044, 18
19045, 10
19046, 18
19047, 18
19048, 15
19049, 10
19050, 18
19051, 17
19052, 26
19053, 13
19054, 13
19055, 16
19056, 16
19057, 10
19058, 20
19059, 25
19060, 18
19061, 19
19062, 17
19063, 19
19064, 15
19065, 24
19066, 20
19067, 25
19068, 11
19069, 22
19070, 17
19071, 17
19072, 19
19073, 17
19074, 23
19075, 15
19076, 12
19077, 19
19078, 11
19079, 8
19080, 17
19081, 15
19082, 17
19083, 19
19084, 15
19085, 18
19086, 22
19087, 17
19088, 12
19089, 16
19090, 24
19091, 17
19092, 12
19093, 16
19094, 20
19095, 14
19096, 27
19097, 14
19098, 13
19099, 11
19100, 23
19101, 20
19102, 15
19103, 20
19104, 15
19105, 16
19106, 22
19107, 19
19108, 9
19109, 14
19110, 16
19111, 20
19112, 17
19113, 18
19114, 16
19115, 20
19116, 23
19117, 19
19118, 18
19119, 15
19120, 25
19121, 26
19122, 16
19123, 20
19124, 14
19125, 18
19126, 17
19127, 29
19128, 18
19129, 27
19130, 15
19131, 11
19132, 18
19133, 22
19134, 22
19135, 15
19136, 19
19137, 18
19138, 13
19139, 18
19140, 23
19141, 16
19142, 16
19143, 23
19144, 16
19145, 17
19146, 21
19147, 19
19148, 19
19149, 18
19150, 14
19151, 18
19152, 24
19153, 12
19154, 18
19155, 17
19156, 21
19157, 22
19158, 21
19159, 10
19160, 24
19161, 13
19162, 10
19163, 21
19164, 16
19165, 22
19166, 12
19167, 13
19168, 16
19169, 16
19170, 13
19171, 22
19172, 14
19173, 21
19174, 24
19175, 22
19176, 17
19177, 20
19178, 12
19179, 19
19180, 10
19181, 17
19182, 18
19183, 20
19184, 21
19185, 22
19186, 15
19187, 20
19188, 16
19189, 20
19190, 18
19191, 24
19192, 15
19193, 21
19194, 20
19195, 27
19196, 14
19197, 19
19198, 25
19199, 15
19200, 19
19201, 19
19202, 18
19203, 23
19204, 19
19205, 20
19206, 20
19207, 19
19208, 19
19209, 19
19210, 12
19211, 17
19212, 25
19213, 11
19214, 17
19215, 13
19216, 22
19217, 18
19218, 21
19219, 18
19220, 23
19221, 24
19222, 15
19223, 21
19224, 19
19225, 25
19226, 19
19227, 19
19228, 23
19229, 19
19230, 23
19231, 22
19232, 20
19233, 21
19234, 15
19235, 21
19236, 20
19237, 25
19238, 21
19239, 17
19240, 26
19241, 23
19242, 30
19243, 24
19244, 18
19245, 11
19246, 14
19247, 20
19248, 20
19249, 15
19250, 16
19251, 20
19252, 21
19253, 28
19254, 9
19255, 22
19256, 22
19257, 22
19258, 16
19259, 24
19260, 18
19261, 20
19262, 25
19263, 17
19264, 26
19265, 21
19266, 22
19267, 29
19268, 13
19269, 17
19270, 18
19271, 17
19272, 16
19273, 20
19274, 24
19275, 21
19276, 22
19277, 15
19278, 20
19279, 19
19280, 20
19281, 18
19282, 23
19283, 16
19284, 24
19285, 21
19286, 22
19287, 20
19288, 16
19289, 20
19290, 18
19291, 21
19292, 18
19293, 21
19294, 20
19295, 19
19296, 21
19297, 22
19298, 14
19299, 21
19300, 25
19301, 22
19302, 25
19303, 9
19304, 20
19305, 16
19306, 19
19307, 22
19308, 14
19309, 26
19310, 19
19311, 13
19312, 22
19313, 20
19314, 19
19315, 19
19316, 17
19317, 18
19318, 12
19319, 16
19320, 16
19321, 16
19322, 18
19323, 26
19324, 18
19325, 9
19326, 22
19327, 23
19328, 17
19329, 25
19330, 14
19331, 12
19332, 17
19333, 20
19334, 23
19335, 10
19336, 17
19337, 22
19338, 23
19339, 19
19340, 11
19341, 20
19342, 26
19343, 16
19344, 15
19345, 17
19346, 17
19347, 21
19348, 26
19349, 17
19350, 12
19351, 21
19352, 17
19353, 19
19354, 18
19355, 22
19356, 23
19357, 16
19358, 20
19359, 22
19360, 11
19361, 31
19362, 22
19363, 23
19364, 13
19365, 21
19366, 25
19367, 21
19368, 18
19369, 27
19370, 25
19371, 13
19372, 23
19373, 23
19374, 24
19375, 16
19376, 22
19377, 20
19378, 30
19379, 25
19380, 20
19381, 20
19382, 26
19383, 21
19384, 15
19385, 30
19386, 19
19387, 17
19388, 25
19389, 21
19390, 20
19391, 23
19392, 15
19393, 22
19394, 22
19395, 22
19396, 25
19397, 23
19398, 19
19399, 30
19400, 33
19401, 19
19402, 21
19403, 16
19404, 26
19405, 18
19406, 16
19407, 19
19408, 24
19409, 25
19410, 21
19411, 21
19412, 22
19413, 16
19414, 25
19415, 20
19416, 27
19417, 21
19418, 17
19419, 12
19420, 23
19421, 13
19422, 27
19423, 21
19424, 23
19425, 26
19426, 19
19427, 15
19428, 16
19429, 21
19430, 16
19431, 21
19432, 19
19433, 17
19434, 18
19435, 20
19436, 16
19437, 15
19438, 15
19439, 20
19440, 17
19441, 28
19442, 20
19443, 26
19444, 29
19445, 15
19446, 23
19447, 28
19448, 28
19449, 16
19450, 18
19451, 19
19452, 26
19453, 24
19454, 18
19455, 24
19456, 15
19457, 19
19458, 10
19459, 17
19460, 24
19461, 16
19462, 26
19463, 21
19464, 21
19465, 18
19466, 14
19467, 20
19468, 18
19469, 16
19470, 26
19471, 17
19472, 24
19473, 13
19474, 20
19475, 24
19476, 24
19477, 16
19478, 17
19479, 28
19480, 21
19481, 18
19482, 23
19483, 18
19484, 19
19485, 20
19486, 20
19487, 15
19488, 13
19489, 17
19490, 13
19491, 23
19492, 22
19493, 24
19494, 24
19495, 20
19496, 16
19497, 15
19498, 17
19499, 18
19500, 19
19501, 21
19502, 21
19503, 19
19504, 27
19505, 20
19506, 20
19507, 20
19508, 18
19509, 19
19510, 18
19511, 23
19512, 17
19513, 33
19514, 17
19515, 16
19516, 20
19517, 26
19518, 22
19519, 11
19520, 23
19521, 23
19522, 25
19523, 17
19524, 26
19525, 29
19526, 24
19527, 20
19528, 26
19529, 18
19530, 14
19531, 30
19532, 14
19533, 15
19534, 23
19535, 11
19536, 17
19537, 10
19538, 21
19539, 17
19540, 27
19541, 17
19542, 22
19543, 15
19544, 20
19545, 21
19546, 24
19547, 17
19548, 19
19549, 23
19550, 25
19551, 18
19552, 15
19553, 20
19554, 21
19555, 20
19556, 24
19557, 19
19558, 28
19559, 24
19560, 20
19561, 22
19562, 24
19563, 20
19564, 21
19565, 21
19566, 25
19567, 32
19568, 22
19569, 20
19570, 21
19571, 28
19572, 21
19573, 23
19574, 14
19575, 28
19576, 27
19577, 29
19578, 18
19579, 18
19580, 22
19581, 25
19582, 18
19583, 20
19584, 22
19585, 14
19586, 22
19587, 17
19588, 8
19589, 24
19590, 14
19591, 23
19592, 14
19593, 28
19594, 18
19595, 23
19596, 13
19597, 25
19598, 27
19599, 15
19600, 25
19601, 16
19602, 23
19603, 23
19604, 18
19605, 21
19606, 20
19607, 17
19608, 19
19609, 15
19610, 14
19611, 16
19612, 16
19613, 23
19614, 19
19615, 23
19616, 24
19617, 12
19618, 25
19619, 23
19620, 22
19621, 19
19622, 20
19623, 23
19624, 17
19625, 9
19626, 23
19627, 23
19628, 14
19629, 21
19630, 13
19631, 25
19632, 21
19633, 18
19634, 18
19635, 11
19636, 22
19637, 15
19638, 18
19639, 22
19640, 15
19641, 17
19642, 29
19643, 20
19644, 21
19645, 21
19646, 16
19647, 18
19648, 25
19649, 11
19650, 26
19651, 24
19652, 22
19653, 18
19654, 22
19655, 22
19656, 21
19657, 26
19658, 23
19659, 21
19660, 22
19661, 25
19662, 18
19663, 21
19664, 19
19665, 31
19666, 11
19667, 14
19668, 22
19669, 20
19670, 23
19671, 19
19672, 34
19673, 22
19674, 18
19675, 15
19676, 19
19677, 17
19678, 17
19679, 19
19680, 31
19681, 19
19682, 13
19683, 18
19684, 20
19685, 16
19686, 20
19687, 17
19688, 19
19689, 21
19690, 10
19691, 13
19692, 20
19693, 25
19694, 19
19695, 19
19696, 24
19697, 19
19698, 19
19699, 26
19700, 17
19701, 15
19702, 21
19703, 23
19704, 26
19705, 26
19706, 18
19707, 18
19708, 27
19709, 19
19710, 15
19711, 27
19712, 21
19713, 23
19714, 25
19715, 19
19716, 20
19717, 21
19718, 20
19719, 23
19720, 19
19721, 28
19722, 19
19723, 23
19724, 28
19725, 18
19726, 19
19727, 24
19728, 22
19729, 19
19730, 20
19731, 17
19732, 16
19733, 13
19734, 21
19735, 16
19736, 31
19737, 22
19738, 24
19739, 7
19740, 16
19741, 22
19742, 23
19743, 21
19744, 26
19745, 21
19746, 15
19747, 16
19748, 17
19749, 21
19750, 17
19751, 17
19752, 23
19753, 23
19754, 16
19755, 19
19756, 27
19757, 24
19758, 27
19759, 14
19760, 23
19761, 15
19762, 19
19763, 21
19764, 15
19765, 22
19766, 18
19767, 21
19768, 18
19769, 19
19770, 23
19771, 15
19772, 9
19773, 21
19774, 16
19775, 22
19776, 24
19777, 19
19778, 23
19779, 28
19780, 18
19781, 17
19782, 18
19783, 15
19784, 25
19785, 17
19786, 21
19787, 20
19788, 24
19789, 20
19790, 27
19791, 17
19792, 19
19793, 18
19794, 25
19795, 16
19796, 22
19797, 15
19798, 15
19799, 26
19800, 18
19801, 27
19802, 25
19803, 20
19804, 19
19805, 21
19806, 22
19807, 22
19808, 22
19809, 20
19810, 26
19811, 22
19812, 29
19813, 23
19814, 19
19815, 23
19816, 22
19817, 20
19818, 13
19819, 24
19820, 18
19821, 17
19822, 29
19823, 17
19824, 15
19825, 16
19826, 24
19827, 21
19828, 23
19829, 23
19830, 24
19831, 17
19832, 17
19833, 17
19834, 15
19835, 20
19836, 18
19837, 19
19838, 22
19839, 26
19840, 15
19841, 18
19842, 17
19843, 21
19844, 25
19845, 14
19846, 11
19847, 19
19848, 22
19849, 27
19850, 17
19851, 18
19852, 16
19853, 15
19854, 8
19855, 16
19856, 23
19857, 23
19858, 24
19859, 16
19860, 20
19861, 17
19862, 15
19863, 26
19864, 24
19865, 15
19866, 20
19867, 25
19868, 14
19869, 20
19870, 18
19871, 25
19872, 24
19873, 14
19874, 25
19875, 30
19876, 18
19877, 27
19878, 18
19879, 19
19880, 17
19881, 18
19882, 15
19883, 24
19884, 23
19885, 15
19886, 17
19887, 29
19888, 14
19889, 26
19890, 24
19891, 23
19892, 22
19893, 21
19894, 15
19895, 16
19896, 26
19897, 17
19898, 23
19899, 19
19900, 30
19901, 16
19902, 12
19903, 21
19904, 17
19905, 18
19906, 22
19907, 28
19908, 25
19909, 22
19910, 20
19911, 26
19912, 22
19913, 16
19914, 16
19915, 18
19916, 12
19917, 18
19918, 23
19919, 18
19920, 20
19921, 17
19922, 24
19923, 23
19924, 23
19925, 24
19926, 23
19927, 15
19928, 18
19929, 12
19930, 14
19931, 19
19932, 19
19933, 17
19934, 20
19935, 23
19936, 23
19937, 15
19938, 18
19939, 19
19940, 24
19941, 20
19942, 27
19943, 34
19944, 18
19945, 26
19946, 24
19947, 18
19948, 19
19949, 31
19950, 24
19951, 20
19952, 23
19953, 15
19954, 12
19955, 17
19956, 17
19957, 24
19958, 24
19959, 24
19960, 22
19961, 27
19962, 23
19963, 24
19964, 17
19965, 25
19966, 20
19967, 13
19968, 23
19969, 15
19970, 28
19971, 22
19972, 15
19973, 23
19974, 21
19975, 15
19976, 13
19977, 20
19978, 19
19979, 17
19980, 24
19981, 21
19982, 21
19983, 21
19984, 26
19985, 18
19986, 26
19987, 16
19988, 21
19989, 18
19990, 22
19991, 24
19992, 24
19993, 16
19994, 20
19995, 14
19996, 22
19997, 10
19998, 24
19999, 16
20000, 10
20001, 23
20002, 13
20003, 20
20004, 13
20005, 15
20006, 13
20007, 31
20008, 18
20009, 13
20010, 21
20011, 18
20012, 18
20013, 22
20014, 15
20015, 19
20016, 12
20017, 15
20018, 13
20019, 23
20020, 20
20021, 21
20022, 20
20023, 12
20024, 20
20025, 27
20026, 21
20027, 9
20028, 16
20029, 18
20030, 13
20031, 22
20032, 18
20033, 22
20034, 17
20035, 21
20036, 28
20037, 29
20038, 22
20039, 19
20040, 15
20041, 23
20042, 20
20043, 29
20044, 20
20045, 18
20046, 23
20047, 17
20048, 17
20049, 18
20050, 16
20051, 23
20052, 14
20053, 26
20054, 16
20055, 19
20056, 18
20057, 20
20058, 23
20059, 13
20060, 16
20061, 28
20062, 23
20063, 18
20064, 17
20065, 17
20066, 25
20067, 17
20068, 21
20069, 20
20070, 19
20071, 30
20072, 22
20073, 16
20074, 21
20075, 25
20076, 10
20077, 19
20078, 23
20079, 22
20080, 17
20081, 15
20082, 23
20083, 21
20084, 30
20085, 20
20086, 16
20087, 16
20088, 18
20089, 17
20090, 21
20091, 17
20092, 26
20093, 26
20094, 20
20095, 24
20096, 18
20097, 17
20098, 17
20099, 22
20100, 24
20101, 17
20102, 17
20103, 19
20104, 25
20105, 21
20106, 20
20107, 17
20108, 17
20109, 18
20110, 20
20111, 22
20112, 8
20113, 23
20114, 19
20115, 21
20116, 18
20117, 19
20118, 21
20119, 8
20120, 13
20121, 20
20122, 14
20123, 17
20124, 18
20125, 27
20126, 23
20127, 26
20128, 20
20129, 25
20130, 17
20131, 17
20132, 24
20133, 18
20134, 18
20135, 20
20136, 17
20137, 15
20138, 20
20139, 17
20140, 21
20141, 13
20142, 19
20143, 13
20144, 17
20145, 23
20146, 26
20147, 19
20148, 13
20149, 15
20150, 17
20151, 13
20152, 12
20153, 16
20154, 28
20155, 17
20156, 18
20157, 21
20158, 17
20159, 18
20160, 13
20161, 13
20162, 17
20163, 22
20164, 21
20165, 19
20166, 17
20167, 16
20168, 18
20169, 17
20170, 15
20171, 24
20172, 23
20173, 18
20174, 20
20175, 18
20176, 24
20177, 17
20178, 24
20179, 20
20180, 23
20181, 13
20182, 15
20183, 6
20184, 18
20185, 23
20186, 19
20187, 19
20188, 23
20189, 19
20190, 19
20191, 23
20192, 23
20193, 13
20194, 19
20195, 19
20196, 19
20197, 25
20198, 21
20199, 25
20200, 22
20201, 19
20202, 19
20203, 14
20204, 15
20205, 27
20206, 22
20207, 17
20208, 23
20209, 27
20210, 19
20211, 11
20212, 21
20213, 21
20214, 19
20215, 15
20216, 14
20217, 17
20218, 17
20219, 15
20220, 15
20221, 17
20222, 23
20223, 23
20224, 23
20225, 18
20226, 19
20227, 19
20228, 19
20229, 17
20230, 12
20231, 20
20232, 18
20233, 27
20234, 21
20235, 24
20236, 16
20237, 14
20238, 18
20239, 23
20240, 21
20241, 18
20242, 18
20243, 17
20244, 28
20245, 14
20246, 16
20247, 18
20248, 18
20249, 14
20250, 22
20251, 30
20252, 19
20253, 15
20254, 14
20255, 22
20256, 19
20257, 20
20258, 13
20259, 20
20260, 16
20261, 21
20262, 15
20263, 20
20264, 15
20265, 26
20266, 15
20267, 17
20268, 17
20269, 19
20270, 17
20271, 15
20272, 12
20273, 17
20274, 15
20275, 28
20276, 16
20277, 20
20278, 12
20279, 17
20280, 18
20281, 19
20282, 14
20283, 15
20284, 21
20285, 20
20286, 16
20287, 18
20288, 20
20289, 17
20290, 21
20291, 13
20292, 11
20293, 21
20294, 17
20295, 18
20296, 16
20297, 21
20298, 23
20299, 20
20300, 20
20301, 14
20302, 21
20303, 23
20304, 19
20305, 19
20306, 15
20307, 21
20308, 16
20309, 17
20310, 21
20311, 13
20312, 20
20313, 19
20314, 14
20315, 24
20316, 20
20317, 23
20318, 13
20319, 14
20320, 15
20321, 19
20322, 13
20323, 25
20324, 16
20325, 20
20326, 18
20327, 22
20328, 13
20329, 19
20330, 25
20331, 22
20332, 15
20333, 15
20334, 21
20335, 23
20336, 30
20337, 19
20338, 19
20339, 26
20340, 16
20341, 23
20342, 14
20343, 15
20344, 15
20345, 23
20346, 17
20347, 21
20348, 15
20349, 20
20350, 16
20351, 16
20352, 18
20353, 18
20354, 23
20355, 20
20356, 19
20357, 19
20358, 19
20359, 13
20360, 13
20361, 20
20362, 25
20363, 20
20364, 18
20365, 16
20366, 18
20367, 12
20368, 22
20369, 21
20370, 20
20371, 18
20372, 19
20373, 8
20374, 19
20375, 12
20376, 20
20377, 18
20378, 21
20379, 16
20380, 12
20381, 21
20382, 19
20383, 18
20384, 14
20385, 23
20386, 22
20387, 18
20388, 19
20389, 22
20390, 15
20391, 20
20392, 29
20393, 20
20394, 17
20395, 15
20396, 21
20397, 21
20398, 13
20399, 16
20400, 15
20401, 20
20402, 14
20403, 15
20404, 23
20405, 16
20406, 18
20407, 15
20408, 16
20409, 18
20410, 19
20411, 21
20412, 18
20413, 15
20414, 18
20415, 14
20416, 14
20417, 11
20418, 15
20419, 24
20420, 18
20421, 19
20422, 18
20423, 18
20424, 21
20425, 14
20426, 21
20427, 13
20428, 19
20429, 21
20430, 17
20431, 22
20432, 17
20433, 14
20434, 20
20435, 18
20436, 13
20437, 25
20438, 19
20439, 19
20440, 25
20441, 19
20442, 21
20443, 18
20444, 14
20445, 16
20446, 14
20447, 14
20448, 16
20449, 21
20450, 14
20451, 12
20452, 19
20453, 24
20454, 12
20455, 13
20456, 18
20457, 20
20458, 13
20459, 17
20460, 12
20461, 18
20462, 17
20463, 19
20464, 13
20465, 14
20466, 17
20467, 15
20468, 17
20469, 19
20470, 14
20471, 22
20472, 22
20473, 28
20474, 15
20475, 20
20476, 15
20477, 20
20478, 15
20479, 18
20480, 21
20481, 10
20482, 11
20483, 18
20484, 19
20485, 15
20486, 18
20487, 17
20488, 11
20489, 19
20490, 17
20491, 20
20492, 20
20493, 19
20494, 17
20495, 26
20496, 21
20497, 24
20498, 19
20499, 18
20500, 25
20501, 21
20502, 18
20503, 12
20504, 20
20505, 9
20506, 17
20507, 14
20508, 13
20509, 17
20510, 12
20511, 19
20512, 19
20513, 25
20514, 20
20515, 16
20516, 20
20517, 4
20518, 16
20519, 15
20520, 17
20521, 14
20522, 27
20523, 20
20524, 12
20525, 18
20526, 16
20527, 18
20528, 19
20529, 14
20530, 11
20531, 16
20532, 15
20533, 20
20534, 18
20535, 14
20536, 17
20537, 11
20538, 11
20539, 18
20540, 17
20541, 24
20542, 16
20543, 19
20544, 17
20545, 15
20546, 21
20547, 21
20548, 17
20549, 19
20550, 16
20551, 24
20552, 13
20553, 18
20554, 16
20555, 18
20556, 18
20557, 23
20558, 21
20559, 23
20560, 17
20561, 27
20562, 16
20563, 14
20564, 9
20565, 12
20566, 19
20567, 20
20568, 20
20569, 13
20570, 13
20571, 22
20572, 15
20573, 15
20574, 20
20575, 15
20576, 17
20577, 23
20578, 12
20579, 19
20580, 17
20581, 27
20582, 14
20583, 18
20584, 27
20585, 12
20586, 18
20587, 21
20588, 11
20589, 15
20590, 20
20591, 20
20592, 21
20593, 25
20594, 12
20595, 17
20596, 13
20597, 15
20598, 20
20599, 21
20600, 10
20601, 15
20602, 9
20603, 22
20604, 10
20605, 19
20606, 16
20607, 16
20608, 18
20609, 17
20610, 17
20611, 11
20612, 11
20613, 13
20614, 11
20615, 11
20616, 16
20617, 15
20618, 14
20619, 11
20620, 21
20621, 12
20622, 21
20623, 15
20624, 20
20625, 20
20626, 24
20627, 22
20628, 11
20629, 15
20630, 19
20631, 23
20632, 25
20633, 10
20634, 24
20635, 23
20636, 19
20637, 15
20638, 13
20639, 13
20640, 12
20641, 16
20642, 22
20643, 14
20644, 25
20645, 14
20646, 18
20647, 25
20648, 16
20649, 24
20650, 12
20651, 15
20652, 15
20653, 21
20654, 21
20655, 12
20656, 15
20657, 14
20658, 14
20659, 19
20660, 16
20661, 15
20662, 15
20663, 17
20664, 15
20665, 20
20666, 16
20667, 20
20668, 18
20669, 21
20670, 17
20671, 14
20672, 20
20673, 12
20674, 15
20675, 17
20676, 16
20677, 19
20678, 11
20679, 22
20680, 9
20681, 12
20682, 18
20683, 12
20684, 19
20685, 17
20686, 19
20687, 7
20688, 14
20689, 19
20690, 17
20691, 21
20692, 14
20693, 14
20694, 13
20695, 16
20696, 19
20697, 19
20698, 17
20699, 21
20700, 10
20701, 14
20702, 21
20703, 25
20704, 24
20705, 11
20706, 15
20707, 12
20708, 16
20709, 23
20710, 18
20711, 9
20712, 13
20713, 15
20714, 14
20715, 19
20716, 17
20717, 14
20718, 15
20719, 20
20720, 22
20721, 19
20722, 20
20723, 17
20724, 9
20725, 19
20726, 16
20727, 17
20728, 13
20729, 26
20730, 10
20731, 16
20732, 15
20733, 13
20734, 8
20735, 22
20736, 17
20737, 13
20738, 16
20739, 13
20740, 16
20741, 18
20742, 15
20743, 8
20744, 18
20745, 18
20746, 23
20747, 15
20748, 17
20749, 18
20750, 15
20751, 21
20752, 21
20753, 21
20754, 15
20755, 18
20756, 23
20757, 15
20758, 19
20759, 17
20760, 10
20761, 14
20762, 23
20763, 18
20764, 15
20765, 11
20766, 17
20767, 23
20768, 14
20769, 17
20770, 19
20771, 17
20772, 19
20773, 12
20774, 21
20775, 19
20776, 26
20777, 19
20778, 14
20779, 22
20780, 18
20781, 13
20782, 13
20783, 15
20784, 15
20785, 10
20786, 10
20787, 12
20788, 18
20789, 18
20790, 10
20791, 15
20792, 16
20793, 9
20794, 12
20795, 16
20796, 14
20797, 17
20798, 12
20799, 19
20800, 13
20801, 13
20802, 19
20803, 9
20804, 18
20805, 10
20806, 14
20807, 9
20808, 16
20809, 21
20810, 21
20811, 16
20812, 22
20813, 19
20814, 14
20815, 18
20816, 26
20817, 13
20818, 12
20819, 17
20820, 16
20821, 15
20822, 13
20823, 13
20824, 22
20825, 15
20826, 7
20827, 12
20828, 18
20829, 22
20830, 8
20831, 14
20832, 13
20833, 15
20834, 12
20835, 11
20836, 16
20837, 12
20838, 18
20839, 11
20840, 19
20841, 17
20842, 18
20843, 26
20844, 17
20845, 8
20846, 12
20847, 19
20848, 18
20849, 13
20850, 15
20851, 10
20852, 17
20853, 18
20854, 12
20855, 19
20856, 19
20857, 14
20858, 21
20859, 13
20860, 13
20861, 16
20862, 18
20863, 11
20864, 19
20865, 11
20866, 15
20867, 15
20868, 14
20869, 25
20870, 21
20871, 16
20872, 12
20873, 18
20874, 16
20875, 21
20876, 14
20877, 12
20878, 19
20879, 13
20880, 15
20881, 23
20882, 7
20883, 25
20884, 16
20885, 15
20886, 19
20887, 13
20888, 15
20889, 19
20890, 17
20891, 13
20892, 24
20893, 18
20894, 11
20895, 18
20896, 10
20897, 19
20898, 12
20899, 18
20900, 10
20901, 15
20902, 9
20903, 18
20904, 11
20905, 9
20906, 15
20907, 14
20908, 17
20909, 13
20910, 17
20911, 14
20912, 20
20913, 15
20914, 15
20915, 15
20916, 20
20917, 16
20918, 21
20919, 16
20920, 13
20921, 17
20922, 17
20923, 12
20924, 18
20925, 16
20926, 10
20927, 19
20928, 15
20929, 11
20930, 13
20931, 16
20932, 16
20933, 8
20934, 17
20935, 16
20936, 13
20937, 12
20938, 17
20939, 13
20940, 12
20941, 10
20942, 24
20943, 15
20944, 16
20945, 21
20946, 20
20947, 14
20948, 14
20949, 23
20950, 13
20951, 16
20952, 12
20953, 13
20954, 12
20955, 15
20956, 8
20957, 23
20958, 20
20959, 17
20960, 11
20961, 16
20962, 19
20963, 19
20964, 15
20965, 14
20966, 8
20967, 12
20968, 25
20969, 18
20970, 14
20971, 18
20972, 13
20973, 13
20974, 11
20975, 6
20976, 20
20977, 11
20978, 15
20979, 8
20980, 18
20981, 19
20982, 14
20983, 17
20984, 13
20985, 16
20986, 18
20987, 19
20988, 12
20989, 11
20990, 15
20991, 13
20992, 9
20993, 22
20994, 12
20995, 6
20996, 11
20997, 9
20998, 13
20999, 12
21000, 15
21001, 17
21002, 7
21003, 13
21004, 11
21005, 10
21006, 17
21007, 17
21008, 19
21009, 8
21010, 10
21011, 13
21012, 23
21013, 11
21014, 14
21015, 13
21016, 16
21017, 15
21018, 16
21019, 18
21020, 15
21021, 13
21022, 19
21023, 19
21024, 14
21025, 12
21026, 18
21027, 14
21028, 14
21029, 11
21030, 9
21031, 14
21032, 16
21033, 15
21034, 10
21035, 14
21036, 21
21037, 10
21038, 13
21039, 21
21040, 18
21041, 15
21042, 11
21043, 14
21044, 12
21045, 14
21046, 17
21047, 21
21048, 19
21049, 8
21050, 19
21051, 8
21052, 23
21053, 16
21054, 17
21055, 12
21056, 16
21057, 13
21058, 12
21059, 15
21060, 13
21061, 17
21062, 10
21063, 15
21064, 16
21065, 16
21066, 15
21067, 7
21068, 13
21069, 11
21070, 14
21071, 19
21072, 14
21073, 12
21074, 13
21075, 16
21076, 21
21077, 11
21078, 12
21079, 8
21080, 22
21081, 11
21082, 14
21083, 12
21084, 15
21085, 13
21086, 15
21087, 9
21088, 29
21089, 8
21090, 15
21091, 14
21092, 18
21093, 12
21094, 16
21095, 11
21096, 13
21097, 10
21098, 12
21099, 11
21100, 10
21101, 12
21102, 19
21103, 12
21104, 19
21105, 14
21106, 16
21107, 10
21108, 22
21109, 12
21110, 14
21111, 13
21112, 10
21113, 13
21114, 10
21115, 14
21116, 16
21117, 20
21118, 11
21119, 13
21120, 12
21121, 14
21122, 13
21123, 15
21124, 12
21125, 17
21126, 11
21127, 17
21128, 18
21129, 14
21130, 14
21131, 14
21132, 10
21133, 13
21134, 7
21135, 11
21136, 13
21137, 10
21138, 11
21139, 12
21140, 15
21141, 7
21142, 10
21143, 13
21144, 4
21145, 13
21146, 10
21147, 18
21148, 12
21149, 10
21150, 12
21151, 14
21152, 12
21153, 9
21154, 16
21155, 15
21156, 18
21157, 17
21158, 24
21159, 12
21160, 8
21161, 19
21162, 10
21163, 19
21164, 14
21165, 8
21166, 9
21167, 11
21168, 18
21169, 10
21170, 11
21171, 14
21172, 16
21173, 14
21174, 15
21175, 12
21176, 15
21177, 17
21178, 17
21179, 19
21180, 15
21181, 14
21182, 18
21183, 13
21184, 19
21185, 13
21186, 16
21187, 10
21188, 14
21189, 12
21190, 11
21191, 15
21192, 9
21193, 16
21194, 11
21195, 18
21196, 16
21197, 11
21198, 12
21199, 17
21200, 16
21201, 15
21202, 8
21203, 15
21204, 16
21205, 20
21206, 14
21207, 15
21208, 13
21209, 13
21210, 20
21211, 8
21212, 13
21213, 10
21214, 11
21215, 17
21216, 12
21217, 17
21218, 12
21219, 8
21220, 11
21221, 10
21222, 11
21223, 12
21224, 7
21225, 10
21226, 13
21227, 10
21228, 12
21229, 10
21230, 14
21231, 17
21232, 11
21233, 17
21234, 12
21235, 13
21236, 8
21237, 13
21238, 10
21239, 16
21240, 17
21241, 14
21242, 14
21243, 20
21244, 17
21245, 20
21246, 14
21247, 13
21248, 14
21249, 5
21250, 13
21251, 14
21252, 17
21253, 12
21254, 20
21255, 12
21256, 9
21257, 17
21258, 14
21259, 9
21260, 7
21261, 14
21262, 10
21263, 11
21264, 20
21265, 9
21266, 7
21267, 23
21268, 21
21269, 12
21270, 6
21271, 10
21272, 10
21273, 16
21274, 11
21275, 21
21276, 17
21277, 13
21278, 8
21279, 22
21280, 13
21281, 13
21282, 9
21283, 10
21284, 13
21285, 12
21286, 13
21287, 12
21288, 13
21289, 15
21290, 9
21291, 19
21292, 13
21293, 10
21294, 14
21295, 15
21296, 6
21297, 15
21298, 9
21299, 7
21300, 11
21301, 13
21302, 8
21303, 17
21304, 14
21305, 14
21306, 14
21307, 12
21308, 12
21309, 19
21310, 13
21311, 10
21312, 13
21313, 12
21314, 10
21315, 14
21316, 7
21317, 6
21318, 18
21319, 11
21320, 6
21321, 10
21322, 14
21323, 13
21324, 7
21325, 13
21326, 15
21327, 6
21328, 12
21329, 13
21330, 9
21331, 17
21332, 12
21333, 12
21334, 12
21335, 9
21336, 16
21337, 22
21338, 4
21339, 9
21340, 11
21341, 11
21342, 11
21343, 9
21344, 14
21345, 11
21346, 15
21347, 13
21348, 10
21349, 19
21350, 12
21351, 16
21352, 10
21353, 17
21354, 18
21355, 13
21356, 10
21357, 16
21358, 11
21359, 7
21360, 12
21361, 14
21362, 12
21363, 8
21364, 9
21365, 18
21366, 8
21367, 9
21368, 5
21369, 17
21370, 16
21371, 7
21372, 10
21373, 10
21374, 13
21375, 11
21376, 8
21377, 9
21378, 8
21379, 14
21380, 9
21381, 12
21382, 6
21383, 11
21384, 8
21385, 13
21386, 12
21387, 14
21388, 15
21389, 8
21390, 10
21391, 19
21392, 18
21393, 15
21394, 14
21395, 9
21396, 9
21397, 12
21398, 12
21399, 11
21400, 10
21401, 12
21402, 16
21403, 10
21404, 20
21405, 15
21406, 13
21407, 11
21408, 14
21409, 10
21410, 9
21411, 12
21412, 10
21413, 11
21414, 12
21415, 15
21416, 12
21417, 9
21418, 8
21419, 19
21420, 13
21421, 8
21422, 7
21423, 8
21424, 18
21425, 9
21426, 12
21427, 9
21428, 13
21429, 11
21430, 12
21431, 4
21432, 9
21433, 11
21434, 8
21435, 20
21436, 14
21437, 16
21438, 13
21439, 15
21440, 14
21441, 12
21442, 22
21443, 13
21444, 9
21445, 12
21446, 13
21447, 16
21448, 7
21449, 12
21450, 12
21451, 14
21452, 14
21453, 11
21454, 13
21455, 11
21456, 10
21457, 12
21458, 12
21459, 13
21460, 22
21461, 11
21462, 12
21463, 14
21464, 8
21465, 12
21466, 12
21467, 9
21468, 17
21469, 14
21470, 17
21471, 12
21472, 12
21473, 18
21474, 11
21475, 9
21476, 11
21477, 11
21478, 13
21479, 11
21480, 14
21481, 10
21482, 13
21483, 14
21484, 15
21485, 14
21486, 10
21487, 12
21488, 16
21489, 11
21490, 5
21491, 9
21492, 9
21493, 21
21494, 13
21495, 10
21496, 13
21497, 15
21498, 15
21499, 19
21500, 13
21501, 14
21502, 12
21503, 10
21504, 13
21505, 16
21506, 14
21507, 11
21508, 14
21509, 16
21510, 5
21511, 11
21512, 12
21513, 11
21514, 10
21515, 11
21516, 13
21517, 12
21518, 10
21519, 16
21520, 10
21521, 10
21522, 18
21523, 10
21524, 18
21525, 5
21526, 16
21527, 14
21528, 11
21529, 10
21530, 12
21531, 17
21532, 16
21533, 13
21534, 16
21535, 9
21536, 14
21537, 9
21538, 17
21539, 13
21540, 12
21541, 11
21542, 18
21543, 13
21544, 7
21545, 16
21546, 10
21547, 17
21548, 16
21549, 7
21550, 12
21551, 8
21552, 15
21553, 11
21554, 13
21555, 17
21556, 13
21557, 12
21558, 14
21559, 13
21560, 14
21561, 9
21562, 11
21563, 13
21564, 13
21565, 14
21566, 12
21567, 18
21568, 13
21569, 10
21570, 9
21571, 19
21572, 14
21573, 12
21574, 9
21575, 14
21576, 17
21577, 10
21578, 11
21579, 13
21580, 12
21581, 8
21582, 14
21583, 6
21584, 13
21585, 10
21586, 12
21587, 9
21588, 5
21589, 15
21590, 14
21591, 13
21592, 7
21593, 14
21594, 12
21595, 11
21596, 9
21597, 12
21598, 14
21599, 17
21600, 9
21601, 15
21602, 10
21603, 11
21604, 10
21605, 15
21606, 16
21607, 16
21608, 20
21609, 16
21610, 18
21611, 11
21612, 10
21613, 9
21614, 10
21615, 15
21616, 11
21617, 16
21618, 18
21619, 16
21620, 17
21621, 12
21622, 10
21623, 10
21624, 15
21625, 16
21626, 10
21627, 12
21628, 9
21629, 13
21630, 17
21631, 14
21632, 9
21633, 16
21634, 11
21635, 15
21636, 11
21637, 16
21638, 11
21639, 12
21640, 13
21641, 15
21642, 20
21643, 13
21644, 10
21645, 18
21646, 14
21647, 12
21648, 15
21649, 9
21650, 15
21651, 15
21652, 19
21653, 17
21654, 12
21655, 14
21656, 16
21657, 13
21658, 11
21659, 13
21660, 11
21661, 13
21662, 11
21663, 9
21664, 13
21665, 7
21666, 5
21667, 18
21668, 11
21669, 8
21670, 10
21671, 10
21672, 14
21673, 11
21674, 9
21675, 10
21676, 11
21677, 13
21678, 14
21679, 9
21680, 8
21681, 8
21682, 8
21683, 14
21684, 13
21685, 15
21686, 8
21687, 7
21688, 13
21689, 12
21690, 9
21691, 13
21692, 13
21693, 12
21694, 6
21695, 13
21696, 17
21697, 12
21698, 14
21699, 14
21700, 17
21701, 8
21702, 9
21703, 14
21704, 12
21705, 12
21706, 14
21707, 15
21708, 10
21709, 11
21710, 15
21711, 11
21712, 10
21713, 17
21714, 9
21715, 15
21716, 16
21717, 13
21718, 9
21719, 9
21720, 16
21721, 16
21722, 8
21723, 12
21724, 14
21725, 16
21726, 14
21727, 13
21728, 12
21729, 9
21730, 10
21731, 21
21732, 15
21733, 9
21734, 10
21735, 18
21736, 11
21737, 10
21738, 11
21739, 9
21740, 13
21741, 7
21742, 10
21743, 12
21744, 9
21745, 15
21746, 6
21747, 13
21748, 11
21749, 16
21750, 15
21751, 14
21752, 9
21753, 12
21754, 16
21755, 13
21756, 7
21757, 11
21758, 14
21759, 10
21760, 14
21761, 10
21762, 14
21763, 11
21764, 4
21765, 10
21766, 7
21767, 9
21768, 12
21769, 14
21770, 6
21771, 15
21772, 11
21773, 8
21774, 10
21775, 11
21776, 9
21777, 11
21778, 8
21779, 8
21780, 7
21781, 15
21782, 10
21783, 9
21784, 16
21785, 9
21786, 22
21787, 14
21788, 19
21789, 13
21790, 12
21791, 17
21792, 19
21793, 9
21794, 14
21795, 12
21796, 11
21797, 7
21798, 7
21799, 14
21800, 14
21801, 10
21802, 9
21803, 11
21804, 10
21805, 10
21806, 13
21807, 11
21808, 10
21809, 18
21810, 7
21811, 16
21812, 10
21813, 12
21814, 11
21815, 20
21816, 8
21817, 13
21818, 12
21819, 8
21820, 9
21821, 12
21822, 12
21823, 8
21824, 13
21825, 8
21826, 15
21827, 14
21828, 11
21829, 6
21830, 3
21831, 12
21832, 4
21833, 10
21834, 15
21835, 11
21836, 11
21837, 9
21838, 10
21839, 14
21840, 13
21841, 18
21842, 14
21843, 16
21844, 5
21845, 13
21846, 13
21847, 11
21848, 11
21849, 7
21850, 14
21851, 9
21852, 9
21853, 10
21854, 9
21855, 15
21856, 9
21857, 6
21858, 10
21859, 5
21860, 12
21861, 8
21862, 10
21863, 12
21864, 10
21865, 8
21866, 10
21867, 7
21868, 19
21869, 14
21870, 12
21871, 6
21872, 11
21873, 19
21874, 13
21875, 8
21876, 11
21877, 9
21878, 14
21879, 8
21880, 11
21881, 15
21882, 6
21883, 17
21884, 9
21885, 7
21886, 9
21887, 13
21888, 14
21889, 13
21890, 3
21891, 12
21892, 14
21893, 12
21894, 10
21895, 10
21896, 10
21897, 11
21898, 14
21899, 15
21900, 7
21901, 3
21902, 5
21903, 14
21904, 12
21905, 16
21906, 8
21907, 7
21908, 12
21909, 11
21910, 8
21911, 11
21912, 11
21913, 6
21914, 11
21915, 11
21916, 15
21917, 9
21918, 13
21919, 8
21920, 7
21921, 15
21922, 8
21923, 11
21924, 9
21925, 11
21926, 16
21927, 9
21928, 15
21929, 8
21930, 16
21931, 12
21932, 8
21933, 16
21934, 9
21935, 10
21936, 11
21937, 13
21938, 8
21939, 6
21940, 9
21941, 16
21942, 14
21943, 6
21944, 8
21945, 17
21946, 8
21947, 7
21948, 12
21949, 12
21950, 5
21951, 11
21952, 18
21953, 15
21954, 7
21955, 7
21956, 9
21957, 8
21958, 12
21959, 13
21960, 9
21961, 7
21962, 14
21963, 15
21964, 8
21965, 11
21966, 11
21967, 21
21968, 12
21969, 8
21970, 6
21971, 15
21972, 10
21973, 13
21974, 14
21975, 7
21976, 6
21977, 8
21978, 11
21979, 8
21980, 6
21981, 3
21982, 14
21983, 14
21984, 10
21985, 4
21986, 8
21987, 6
21988, 9
21989, 6
21990, 6
21991, 9
21992, 22
21993, 11
21994, 7
21995, 9
21996, 8
21997, 12
21998, 12
21999, 10
22000, 7
22001, 10
22002, 19
22003, 9
22004, 15
22005, 9
22006, 8
22007, 15
22008, 8
22009, 12
22010, 9
22011, 8
22012, 8
22013, 6
22014, 14
22015, 13
22016, 6
22017, 10
22018, 5
22019, 11
22020, 11
22021, 8
22022, 6
22023, 10
22024, 11
22025, 13
22026, 6
22027, 10
22028, 6
22029, 10
22030, 12
22031, 7
22032, 9
22033, 11
22034, 18
22035, 8
22036, 6
22037, 10
22038, 14
22039, 12
22040, 17
22041, 13
22042, 10
22043, 9
22044, 5
22045, 8
22046, 7
22047, 8
22048, 13
22049, 11
22050, 7
22051, 4
22052, 9
22053, 10
22054, 12
22055, 10
22056, 11
22057, 9
22058, 17
22059, 5
22060, 7
22061, 7
22062, 11
22063, 8
22064, 7
22065, 10
22066, 13
22067, 10
22068, 17
22069, 14
22070, 8
22071, 5
22072, 6
22073, 15
22074, 8
22075, 13
22076, 11
22077, 12
22078, 13
22079, 10
22080, 4
22081, 6
22082, 13
22083, 9
22084, 12
22085, 7
22086, 6
22087, 12
22088, 12
22089, 6
22090, 11
22091, 12
22092, 7
22093, 8
22094, 9
22095, 11
22096, 12
22097, 5
22098, 10
22099, 12
22100, 9
22101, 11
22102, 10
22103, 16
22104, 10
22105, 4
22106, 8
22107, 11
22108, 17
22109, 13
22110, 7
22111, 8
22112, 7
22113, 8
22114, 13
22115, 8
22116, 10
22117, 12
22118, 17
22119, 9
22120, 16
22121, 10
22122, 8
22123, 10
22124, 7
22125, 9
22126, 9
22127, 9
22128, 13
22129, 16
22130, 14
22131, 13
22132, 7
22133, 15
22134, 7
22135, 8
22136, 16
22137, 12
22138, 11
22139, 13
22140, 9
22141, 10
22142, 3
22143, 10
22144, 17
22145, 9
22146, 12
22147, 13
22148, 10
22149, 13
22150, 9
22151, 10
22152, 16
22153, 7
22154, 7
22155, 6
22156, 9
22157, 6
22158, 11
22159, 12
22160, 7
22161, 14
22162, 6
22163, 8
22164, 8
22165, 7
22166, 6
22167, 10
22168, 8
22169, 11
22170, 11
22171, 8
22172, 10
22173, 7
22174, 9
22175, 7
22176, 8
22177, 11
22178, 10
22179, 6
22180, 19
22181, 5
22182, 12
22183, 17
22184, 10
22185, 9
22186, 7
22187, 10
22188, 14
22189, 7
22190, 12
22191, 10
22192, 12
22193, 9
22194, 6
22195, 10
22196, 8
22197, 18
22198, 5
22199, 7
22200, 9
22201, 10
22202, 3
22203, 12
22204, 10
22205, 15
22206, 5
22207, 6
22208, 16
22209, 12
22210, 12
22211, 11
22212, 8
22213, 8
22214, 10
22215, 18
22216, 9
22217, 10
22218, 8
22219, 12
22220, 13
22221, 13
22222, 8
22223, 11
22224, 8
22225, 9
22226, 9
22227, 10
22228, 16
22229, 9
22230, 10
22231, 12
22232, 9
22233, 14
22234, 10
22235, 18
22236, 10
22237, 11
22238, 8
22239, 10
22240, 9
22241, 9
22242, 10
22243, 10
22244, 7
22245, 7
22246, 10
22247, 10
22248, 5
22249, 8
22250, 10
22251, 6
22252, 7
22253, 10
22254, 9
22255, 9
22256, 8
22257, 8
22258, 8
22259, 9
22260, 12
22261, 10
22262, 12
22263, 10
22264, 13
22265, 9
22266, 8
22267, 11
22268, 15
22269, 12
22270, 8
22271, 8
22272, 5
22273, 14
22274, 13
22275, 14
22276, 7
22277, 14
22278, 10
22279, 4
22280, 4
22281, 8
22282, 15
22283, 7
22284, 7
22285, 5
22286, 13
22287, 7
22288, 6
22289, 11
22290, 8
22291, 12
22292, 11
22293, 12
22294, 10
22295, 10
22296, 8
22297, 7
22298, 10
22299, 11
22300, 11
22301, 13
22302, 8
22303, 9
22304, 14
22305, 5
22306, 12
22307, 8
22308, 6
22309, 7
22310, 9
22311, 17
22312, 11
22313, 8
22314, 12
22315, 14
22316, 9
22317, 12
22318, 13
22319, 10
22320, 7
22321, 4
22322, 4
22323, 13
22324, 8
22325, 15
22326, 9
22327, 11
22328, 5
22329, 15
22330, 10
22331, 10
22332, 10
22333, 8
22334, 12
22335, 11
22336, 12
22337, 10
22338, 7
22339, 11
22340, 10
22341, 7
22342, 6
22343, 8
22344, 9
22345, 11
22346, 8
22347, 8
22348, 12
22349, 7
22350, 8
22351, 11
22352, 11
22353, 4
22354, 5
22355, 6
22356, 7
22357, 11
22358, 11
22359, 10
22360, 11
22361, 13
22362, 9
22363, 5
22364, 7
22365, 6
22366, 8
22367, 9
22368, 14
22369, 9
22370, 3
22371, 6
22372, 8
22373, 7
22374, 12
22375, 11
22376, 7
22377, 8
22378, 7
22379, 7
22380, 10
22381, 3
22382, 9
22383, 7
22384, 12
22385, 6
22386, 8
22387, 5
22388, 12
22389, 13
22390, 8
22391, 9
22392, 15
22393, 10
22394, 5
22395, 10
22396, 9
22397, 4
22398, 8
22399, 8
22400, 12
22401, 10
22402, 5
22403, 8
22404, 14
22405, 6
22406, 7
22407, 8
22408, 12
22409, 8
22410, 14
22411, 7
22412, 10
22413, 13
22414, 9
22415, 11
22416, 8
22417, 6
22418, 9
22419, 14
22420, 9
22421, 9
22422, 10
22423, 8
22424, 13
22425, 7
22426, 10
22427, 8
22428, 12
22429, 12
22430, 7
22431, 14
22432, 9
22433, 13
22434, 10
22435, 11
22436, 7
22437, 7
22438, 15
22439, 6
22440, 7
22441, 10
22442, 10
22443, 4
22444, 11
22445, 4
22446, 11
22447, 7
22448, 5
22449, 11
22450, 12
22451, 6
22452, 9
22453, 8
22454, 7
22455, 9
22456, 11
22457, 5
22458, 9
22459, 11
22460, 8
22461, 11
22462, 12
22463, 6
22464, 10
22465, 9
22466, 9
22467, 5
22468, 11
22469, 7
22470, 16
22471, 9
22472, 22
22473, 9
22474, 11
22475, 17
22476, 12
22477, 11
22478, 10
22479, 9
22480, 6
22481, 10
22482, 9
22483, 8
22484, 5
22485, 4
22486, 8
22487, 11
22488, 6
22489, 8
22490, 8
22491, 7
22492, 12
22493, 8
22494, 9
22495, 13
22496, 9
22497, 10
22498, 15
22499, 8
22500, 9
22501, 16
22502, 11
22503, 10
22504, 7
22505, 11
22506, 8
22507, 10
22508, 11
22509, 11
22510, 11
22511, 10
22512, 11
22513, 7
22514, 6
22515, 6
22516, 10
22517, 9
22518, 14
22519, 6
22520, 6
22521, 5
22522, 8
22523, 9
22524, 6
22525, 17
22526, 11
22527, 6
22528, 7
22529, 9
22530, 15
22531, 12
22532, 5
22533, 9
22534, 12
22535, 18
22536, 8
22537, 8
22538, 8
22539, 11
22540, 4
22541, 11
22542, 9
22543, 4
22544, 7
22545, 7
22546, 11
22547, 7
22548, 5
22549, 4
22550, 10
22551, 10
22552, 7
22553, 11
22554, 7
22555, 8
22556, 10
22557, 14
22558, 8
22559, 7
22560, 7
22561, 5
22562, 7
22563, 19
22564, 8
22565, 6
22566, 12
22567, 14
22568, 12
22569, 8
22570, 10
22571, 11
22572, 9
22573, 8
22574, 8
22575, 11
22576, 9
22577, 14
22578, 9
22579, 9
22580, 17
22581, 10
22582, 8
22583, 16
22584, 7
22585, 3
22586, 8
22587, 12
22588, 9
22589, 13
22590, 5
22591, 3
22592, 5
22593, 4
22594, 10
22595, 12
22596, 9
22597, 11
22598, 10
22599, 11
22600, 11
22601, 8
22602, 13
22603, 6
22604, 14
22605, 10
22606, 6
22607, 7
22608, 5
22609, 6
22610, 10
22611, 10
22612, 7
22613, 10
22614, 10
22615, 9
22616, 9
22617, 5
22618, 9
22619, 9
22620, 12
22621, 12
22622, 9
22623, 5
22624, 9
22625, 7
22626, 8
22627, 6
22628, 13
22629, 10
22630, 7
22631, 11
22632, 6
22633, 10
22634, 8
22635, 8
22636, 12
22637, 11
22638, 9
22639, 9
22640, 10
22641, 7
22642, 8
22643, 7
22644, 7
22645, 9
22646, 15
22647, 9
22648, 8
22649, 3
22650, 13
22651, 15
22652, 9
22653, 4
22654, 8
22655, 11
22656, 7
22657, 16
22658, 9
22659, 5
22660, 7
22661, 5
22662, 5
22663, 12
22664, 5
22665, 13
22666, 9
22667, 12
22668, 7
22669, 8
22670, 6
22671, 9
22672, 8
22673, 9
22674, 8
22675, 11
22676, 10
22677, 7
22678, 5
22679, 8
22680, 9
22681, 8
22682, 5
22683, 9
22684, 8
22685, 4
22686, 9
22687, 6
22688, 10
22689, 12
22690, 6
22691, 9
22692, 6
22693, 14
22694, 9
22695, 8
22696, 7
22697, 3
22698, 9
22699, 8
22700, 13
22701, 8
22702, 9
22703, 5
22704, 10
22705, 5
22706, 11
22707, 15
22708, 10
22709, 8
22710, 7
22711, 14
22712, 8
22713, 12
22714, 9
22715, 9
22716, 7
22717, 12
22718, 12
22719, 6
22720, 8
22721, 13
22722, 11
22723, 17
22724, 16
22725, 9
22726, 11
22727, 3
22728, 7
22729, 6
22730, 4
22731, 10
22732, 15
22733, 10
22734, 4
22735, 7
22736, 8
22737, 10
22738, 14
22739, 4
22740, 12
22741, 6
22742, 13
22743, 8
22744, 7
22745, 3
22746, 9
22747, 4
22748, 12
22749, 12
22750, 5
22751, 13
22752, 13
22753, 14
22754, 5
22755, 6
22756, 10
22757, 9
22758, 11
22759, 10
22760, 11
22761, 8
22762, 10
22763, 7
22764, 4
22765, 10
22766, 8
22767, 8
22768, 7
22769, 8
22770, 6
22771, 12
22772, 5
22773, 7
22774, 11
22775, 7
22776, 5
22777, 7
22778, 11
22779, 10
22780, 9
22781, 8
22782, 13
22783, 5
22784, 8
22785, 12
22786, 9
22787, 9
22788, 3
22789, 6
22790, 9
22791, 8
22792, 11
22793, 6
22794, 8
22795, 7
22796, 4
22797, 8
22798, 12
22799, 6
22800, 4
22801, 10
22802, 16
22803, 8
22804, 11
22805, 6
22806, 9
22807, 9
22808, 7
22809, 6
22810, 7
22811, 9
22812, 6
22813, 16
22814, 8
22815, 9
22816, 9
22817, 13
22818, 6
22819, 6
22820, 8
22821, 13
22822, 11
22823, 8
22824, 8
22825, 8
22826, 2
22827, 13
22828, 11
22829, 7
22830, 5
22831, 9
22832, 7
22833, 10
22834, 8
22835, 12
22836, 15
22837, 9
22838, 9
22839, 5
22840, 8
22841, 8
22842, 8
22843, 10
22844, 7
22845, 9
22846, 9
22847, 9
22848, 7
22849, 3
22850, 5
22851, 9
22852, 11
22853, 5
22854, 7
22855, 7
22856, 6
22857, 6
22858, 9
22859, 6
22860, 4
22861, 7
22862, 3
22863, 12
22864, 12
22865, 4
22866, 16
22867, 10
22868, 10
22869, 5
22870, 8
22871, 12
22872, 10
22873, 10
22874, 8
22875, 10
22876, 9
22877, 6
22878, 6
22879, 10
22880, 8
22881, 11
22882, 6
22883, 6
22884, 4
22885, 8
22886, 7
22887, 14
22888, 3
22889, 14
22890, 5
22891, 7
22892, 8
22893, 11
22894, 10
22895, 10
22896, 2
22897, 9
22898, 9
22899, 10
22900, 3
22901, 13
22902, 10
22903, 10
22904, 8
22905, 11
22906, 10
22907, 6
22908, 8
22909, 5
22910, 6
22911, 11
22912, 11
22913, 9
22914, 10
22915, 11
22916, 11
22917, 8
22918, 11
22919, 5
22920, 8
22921, 6
22922, 8
22923, 8
22924, 8
22925, 7
22926, 5
22927, 9
22928, 8
22929, 7
22930, 8
22931, 4
22932, 5
22933, 12
22934, 6
22935, 5
22936, 5
22937, 8
22938, 6
22939, 11
22940, 8
22941, 9
22942, 5
22943, 7
22944, 12
22945, 10
22946, 13
22947, 6
22948, 8
22949, 5
22950, 9
22951, 11
22952, 9
22953, 11
22954, 7
22955, 9
22956, 9
22957, 11
22958, 9
22959, 7
22960, 10
22961, 11
22962, 5
22963, 4
22964, 6
22965, 5
22966, 7
22967, 7
22968, 10
22969, 6
22970, 3
22971, 10
22972, 4
22973, 5
22974, 7
22975, 7
22976, 11
22977, 9
22978, 8
22979, 7
22980, 5
22981, 6
22982, 13
22983, 9
22984, 3
22985, 14
22986, 11
22987, 8
22988, 8
22989, 8
22990, 6
22991, 10
22992, 2
22993, 9
22994, 13
22995, 9
22996, 3
22997, 9
22998, 11
22999, 8
23000, 8
23001, 13
23002, 8
23003, 6
23004, 5
23005, 6
23006, 8
23007, 10
23008, 10
23009, 9
23010, 9
23011, 12
23012, 5
23013, 8
23014, 8
23015, 8
23016, 7
23017, 9
23018, 10
23019, 8
23020, 6
23021, 7
23022, 7
23023, 7
23024, 14
23025, 2
23026, 8
23027, 8
23028, 8
23029, 13
23030, 7
23031, 10
23032, 6
23033, 3
23034, 9
23035, 6
23036, 9
23037, 4
23038, 2
23039, 7
23040, 6
23041, 10
23042, 9
23043, 7
23044, 10
23045, 6
23046, 6
23047, 4
23048, 9
23049, 7
23050, 9
23051, 11
23052, 11
23053, 7
23054, 2
23055, 7
23056, 9
23057, 6
23058, 3
23059, 6
23060, 5
23061, 2
23062, 8
23063, 8
23064, 5
23065, 5
23066, 5
23067, 9
23068, 7
23069, 5
23070, 6
23071, 6
23072, 7
23073, 10
23074, 4
23075, 13
23076, 10
23077, 10
23078, 6
23079, 11
23080, 4
23081, 7
23082, 5
23083, 7
23084, 10
23085, 9
23086, 3
23087, 10
23088, 6
23089, 3
23090, 3
23091, 8
23092, 8
23093, 6
23094, 14
23095, 10
23096, 14
23097, 8
23098, 6
23099, 9
23100, 5
23101, 5
23102, 6
23103, 12
23104, 3
23105, 5
23106, 6
23107, 7
23108, 7
23109, 4
23110, 7
23111, 8
23112, 8
23113, 11
23114, 5
23115, 11
23116, 8
23117, 9
23118, 4
23119, 6
23120, 7
23121, 12
23122, 7
23123, 6
23124, 9
23125, 6
23126, 6
23127, 7
23128, 5
23129, 10
23130, 6
23131, 4
23132, 5
23133, 12
23134, 6
23135, 8
23136, 8
23137, 4
23138, 5
23139, 7
23140, 4
23141, 9
23142, 6
23143, 10
23144, 6
23145, 9
23146, 5
23147, 8
23148, 7
23149, 7
23150, 5
23151, 8
23152, 11
23153, 12
23154, 6
23155, 11
23156, 12
23157, 9
23158, 11
23159, 9
23160, 10
23161, 10
23162, 7
23163, 7
23164, 6
23165, 8
23166, 10
23167, 6
23168, 4
23169, 7
23170, 4
23171, 3
23172, 4
23173, 3
23174, 5
23175, 8
23176, 10
23177, 9
23178, 3
23179, 9
23180, 9
23181, 4
23182, 10
23183, 7
23184, 6
23185, 6
23186, 6
23187, 8
23188, 7
23189, 11
23190, 3
23191, 9
23192, 8
23193, 10
23194, 4
23195, 8
23196, 9
23197, 5
23198, 4
23199, 9
23200, 5
23201, 5
23202, 8
23203, 5
23204, 5
23205, 4
23206, 12
23207, 6
23208, 9
23209, 8
23210, 9
23211, 6
23212, 5
23213, 11
23214, 10
23215, 9
23216, 6
23217, 6
23218, 9
23219, 6
23220, 5
23221, 6
23222, 8
23223, 8
23224, 8
23225, 9
23226, 6
23227, 3
23228, 8
23229, 5
23230, 12
23231, 3
23232, 4
23233, 5
23234, 8
23235, 10
23236, 5
23237, 6
23238, 10
23239, 5
23240, 10
23241, 11
23242, 5
23243, 6
23244, 9
23245, 4
23246, 12
23247, 9
23248, 8
23249, 14
23250, 6
23251, 8
23252, 7
23253, 6
23254, 4
23255, 9
23256, 9
23257, 4
23258, 3
23259, 12
23260, 11
23261, 4
23262, 7
23263, 6
23264, 11
23265, 6
23266, 14
23267, 3
23268, 5
23269, 6
23270, 7
23271, 11
23272, 4
23273, 14
23274, 3
23275, 6
23276, 6
23277, 7
23278, 8
23279, 13
23280, 6
23281, 2
23282, 4
23283, 12
23284, 6
23285, 4
23286, 7
23287, 2
23288, 8
23289, 7
23290, 7
23291, 5
23292, 5
23293, 6
23294, 4
23295, 9
23296, 2
23297, 6
23298, 9
23299, 10
23300, 8
23301, 5
23302, 7
23303, 5
23304, 11
23305, 6
23306, 5
23307, 4
23308, 8
23309, 5
23310, 5
23311, 10
23312, 6
23313, 6
23314, 7
23315, 8
23316, 6
23317, 6
23318, 8
23319, 6
23320, 10
23321, 7
23322, 4
23323, 7
23324, 10
23325, 5
23326, 7
23327, 7
23328, 2
23329, 8
23330, 9
23331, 4
23332, 5
23333, 3
23334, 11
23335, 7
23336, 6
23337, 4
23338, 5
23339, 6
23340, 4
23341, 9
23342, 4
23343, 5
23344, 2
23345, 4
23346, 9
23347, 3
23348, 2
23349, 6
23350, 9
23351, 9
23352, 5
23353, 5
23354, 9
23355, 10
23356, 3
23357, 3
23358, 2
23359, 9
23360, 7
23361, 4
23362, 8
23363, 6
23364, 4
23365, 7
23366, 6
23367, 4
23368, 5
23369, 2
23370, 5
23371, 3
23372, 8
23373, 7
23374, 7
23375, 7
23376, 9
23377, 7
23378, 6
23379, 4
23380, 6
23381, 5
23382, 6
23383, 7
23384, 5
23385, 2
23386, 9
23387, 5
23388, 4
23389, 2
23390, 8
23391, 7
23392, 9
23393, 4
23394, 4
23395, 7
23396, 6
23397, 9
23398, 4
23399, 5
23400, 3
23401, 5
23402, 11
23403, 9
23404, 3
23405, 8
23406, 10
23407, 8
23408, 7
23409, 12
23410, 4
23411, 3
23412, 4
23413, 4
23414, 2
23415, 4
23416, 12
23417, 4
23418, 5
23419, 3
23420, 7
23421, 10
23422, 2
23423, 4
23424, 4
23425, 4
23426, 10
23427, 4
23428, 7
23429, 4
23430, 4
23431, 4
23432, 9
23433, 6
23434, 4
23435, 10
23436, 10
23437, 3
23438, 2
23439, 5
23440, 6
23441, 5
23442, 4
23443, 4
23444, 4
23445, 5
23446, 7
23447, 2
23448, 1
23449, 4
23450, 3
23451, 10
23452, 3
23453, 5
23454, 6
23455, 12
23456, 4
23457, 3
23458, 3
23459, 7
23460, 4
23461, 3
23462, 7
23463, 6
23464, 7
23465, 2
23466, 5
23467, 4
23468, 8
23469, 4
23470, 7
23471, 5
23472, 5
23473, 2
23474, 3
23475, 12
23476, 5
23477, 7
23478, 3
23479, 6
23480, 7
23481, 9
23482, 8
23483, 4
23484, 7
23485, 7
23486, 8
23487, 5
23488, 7
23489, 2
23490, 6
23491, 9
23492, 2
23493, 4
23494, 5
23495, 1
23496, 1
23497, 10
23498, 5
23499, 3
23500, 6
23501, 4
23502, 5
23503, 4
23504, 5
23505, 13
23506, 2
23507, 7
23508, 2
23509, 4
23510, 1
23511, 8
23512, 2
23513, 4
23514, 7
23515, 3
23516, 5
23517, 5
23518, 5
23519, 9
23520, 6
23521, 5
23522, 2
23523, 3
23524, 7
23525, 3
23526, 4
23527, 3
23528, 5
23529, 1
23530, 1
23531, 7
23532, 5
23533, 5
23534, 2
23535, 1
23536, 2
23537, 3
23538, 2
23539, 6
23540, 4
23541, 6
23542, 5
23543, 2
23544, 4
23545, 5
23546, 4
23547, 7
23548, 6
23549, 6
23550, 7
23551, 9
23552, 3
23553, 1
23554, 6
23555, 4
23556, 6
23557, 2
23558, 4
23559, 2
23560, 5
23561, 5
23562, 3
23563, 6
23564, 6
23565, 7
23566, 5
23567, 2
23568, 4
23569, 7
23570, 7
23571, 6
23572, 2
23573, 5
23574, 3
23575, 6
23576, 5
23577, 9
23578, 4
23579, 3
23580, 4
23581, 3
23582, 7
23583, 5
23584, 4
23585, 3
23586, 6
23587, 5
23588, 6
23589, 9
23590, 2
23591, 3
23592, 5
23594, 2
23595, 4
23596, 8
23597, 3
23598, 7
23599, 1
23600, 8
23601, 4
23602, 4
23603, 2
23604, 5
23605, 3
23606, 4
23607, 4
23608, 3
23609, 6
23610, 4
23611, 4
23612, 2
23613, 8
23614, 4
23615, 3
23616, 3
23617, 5
23618, 1
23619, 2
23620, 5
23621, 5
23622, 4
23623, 4
23624, 4
23625, 4
23626, 5
23627, 3
23628, 5
23629, 6
23630, 8
23631, 3
23632, 3
23633, 2
23634, 3
23635, 5
23636, 5
23637, 4
23638, 2
23639, 7
23640, 5
23642, 8
23643, 4
23644, 2
23645, 3
23646, 4
23647, 2
23649, 2
23650, 5
23651, 1
23652, 5
23653, 4
23654, 4
23655, 3
23656, 1
23657, 2
23658, 6
23659, 6
23660, 3
23661, 1
23662, 6
23663, 4
23664, 3
23665, 5
23666, 3
23667, 2
23668, 3
23669, 5
23670, 4
23671, 2
23672, 2
23673, 1
23674, 3
23675, 3
23676, 2
23677, 3
23678, 7
23679, 4
23680, 1
23681, 1
23682, 5
23683, 3
23684, 5
23685, 4
23686, 2
23687, 3
23688, 5
23689, 2
23690, 3
23691, 4
23692, 5
23693, 4
23694, 4
23695, 2
23696, 3
23697, 2
23698, 3
23699, 1
23700, 2
23701, 2
23702, 4
23703, 2
23704, 2
23705, 5
23706, 1
23707, 4
23708, 3
23709, 3
23710, 1
23711, 2
23712, 7
23713, 5
23715, 1
23717, 1
23718, 4
23719, 6
23720, 2
23722, 4
23723, 1
23724, 6
23725, 4
23726, 3
23727, 4
23728, 2
23729, 1
23730, 5
23731, 3
23732, 1
23733, 5
23734, 2
23735, 3
23737, 1
23738, 1
23739, 3
23740, 3
23741, 1
23742, 1
23743, 4
23744, 7
23745, 3
23746, 3
23747, 3
23748, 2
23749, 2
23750, 2
23751, 4
23753, 3
23754, 2
23755, 3
23756, 5
23757, 2
23759, 1
23760, 4
23761, 2
23762, 4
23763, 3
23764, 1
23765, 3
23766, 1
23767, 4
23768, 3
23769, 3
23770, 3
23771, 2
23773, 1
23774, 3
23775, 4
23776, 4
23777, 4
23778, 1
23779, 2
23780, 4
23781, 3
23782, 4
23783, 1
23784, 2
23785, 2
23786, 4
23787, 5
23788, 1
23789, 4
23790, 4
23791, 2
23792, 2
23793, 3
23794, 5
23795, 4
23796, 1
23797, 6
23798, 4
23799, 2
23800, 3
23802, 1
23803, 3
23804, 3
23805, 2
23806, 1
23807, 2
23808, 3
23809, 3
23810, 3
23811, 2
23812, 2
23813, 1
23814, 3
23815, 1
23816, 3
23817, 4
23818, 2
23819, 2
23820, 1
23821, 2
23823, 3
23824, 2
23825, 4
23826, 4
23827, 6
23828, 1
23829, 4
23831, 2
23832, 3
23834, 1
23835, 4
23836, 1
23837, 2
23838, 2
23839, 1
23840, 5
23841, 3
23842, 6
23844, 3
23845, 1
23846, 3
23847, 3
23848, 4
23849, 3
23850, 5
23851, 1
23852, 1
23853, 2
23854, 2
23855, 2
23856, 1
23857, 1
23859, 2
23860, 2
23861, 3
23862, 3
23863, 4
23864, 5
23865, 1
23866, 2
23867, 1
23869, 1
23870, 1
23871, 1
23872, 2
23873, 4
23875, 1
23876, 4
23877, 3
23878, 2
23879, 2
23880, 2
23882, 5
23883, 1
23884, 2
23885, 2
23886, 1
23887, 1
23888, 1
23889, 1
23890, 5
23891, 1
23893, 2
23894, 1
23895, 3
23896, 1
23897, 3
23898, 4
23899, 3
23900, 2
23901, 1
23902, 3
23903, 3
23904, 1
23905, 2
23906, 2
23908, 2
23909, 1
23910, 3
23912, 2
23913, 2
23914, 4
23916, 1
23917, 4
23918, 2
23919, 2
23924, 3
23925, 3
23926, 1
23927, 4
23930, 2
23931, 5
23932, 5
23934, 2
23935, 1
23936, 2
23937, 2
23938, 2
23939, 1
23940, 1
23941, 1
23943, 1
23944, 2
23945, 5
23946, 1
23947, 4
23948, 1
23949, 3
23950, 1
23951, 2
23952, 2
23955, 2
23956, 3
23957, 1
23958, 1
23959, 3
23960, 2
23961, 1
23962, 4
23963, 3
23964, 1
23966, 2
23967, 2
23968, 3
23969, 1
23970, 1
23971, 2
23972, 3
23973, 2
23974, 1
23975, 1
23976, 1
23977, 1
23978, 4
23979, 1
23981, 2
23982, 4
23984, 1
23986, 1
23987, 2
23988, 4
23989, 1
23990, 3
23991, 1
23993, 1
23994, 4
23995, 2
23996, 1
23997, 1
23998, 3
23999, 2
24000, 2
24001, 2
24002, 2
24004, 1
24006, 3
24007, 2
24008, 1
24009, 1
24010, 3
24011, 4
24012, 1
24014, 3
24015, 1
24016, 1
24017, 1
24020, 1
24021, 1
24022, 2
24023, 1
24024, 4
24025, 1
24027, 1
24028, 1
24030, 1
24032, 3
24033, 1
24034, 1
24035, 1
24036, 2
24037, 2
24038, 5
24039, 1
24040, 1
24043, 2
24044, 1
24045, 1
24046, 3
24050, 2
24051, 1
24054, 1
24056, 1
24057, 2
24059, 1
24060, 1
24061, 1
24066, 3
24067, 2
24068, 2
24070, 1
24072, 2
24073, 1
24074, 4
24079, 2
24081, 1
24082, 3
24085, 1
24086, 1
24087, 1
24089, 4
24090, 2
24092, 1
24093, 2
24094, 1
24095, 2
24096, 1
24098, 1
24099, 3
24100, 2
24101, 2
24102, 1
24103, 2
24105, 1
24106, 1
24108, 1
24109, 1
24110, 5
24112, 1
24113, 1
24114, 1
24115, 1
24118, 2
24120, 1
24123, 1
24124, 1
24125, 1
24130, 1
24135, 1
24136, 1
24137, 2
24139, 1
24141, 1
24143, 1
24145, 1
24147, 1
24151, 1
24153, 2
24154, 1
24155, 2
24156, 1
24158, 1
24159, 1
24160, 3
24161, 2
24162, 1
24163, 1
24164, 1
24166, 1
24168, 2
24169, 1
24170, 3
24172, 2
24175, 2
24176, 1
24178, 3
24181, 4
24183, 1
24184, 1
24186, 2
24189, 1
24191, 2
24193, 3
24195, 1
24197, 1
24199, 1
24202, 2
24204, 2
24205, 1
24208, 2
24209, 1
24211, 1
24212, 1
24215, 2
24223, 1
24228, 1
24230, 1
24232, 2
24233, 1
24234, 1
24236, 1
24237, 1
24241, 2
24243, 1
24245, 1
24246, 1
24247, 1
24249, 1
24250, 1
24251, 1
24252, 1
24253, 1
24256, 1
24258, 1
24260, 1
24262, 1
24263, 1
24264, 1
24266, 2
24268, 1
24270, 1
24271, 1
24279, 1
24282, 1
24283, 2
24284, 1
24286, 1
24290, 1
24292, 2
24295, 2
24297, 2
24299, 1
24300, 2
24302, 1
24304, 1
24310, 1
24311, 2
24314, 3
24316, 1
24320, 1
24322, 2
24323, 2
24324, 1
24325, 1
24329, 1
24330, 1
24334, 1
24335, 2
24336, 1
24343, 1
24346, 2
24350, 1
24351, 1
24356, 1
24359, 2
24362, 3
24365, 1
24370, 1
24371, 1
24372, 1
24374, 1
24375, 1
24376, 3
24377, 1
24378, 1
24379, 2
24381, 1
24383, 1
24385, 1
24390, 1
24391, 2
24392, 1
24393, 1
24394, 1
24395, 1
24396, 1
24401, 1
24403, 1
24408, 1
24410, 1
24412, 1
24416, 1
24421, 1
24423, 1
24424, 1
24425, 2
24427, 1
24428, 2
24430, 1
24433, 1
24434, 1
24436, 2
24437, 1
24438, 1
24443, 1
24444, 1
24445, 1
24446, 1
24447, 1
24449, 1
24451, 1
24452, 1
24453, 1
24454, 1
24455, 1
24456, 1
24458, 2
24459, 1
24464, 2
24467, 1
24468, 1
24471, 1
24475, 1
24480, 1
24481, 1
24482, 1
24488, 1
24490, 1
24491, 1
24495, 2
24496, 1
24500, 3
24501, 1
24503, 1
24504, 1
24505, 1
24507, 1
24509, 2
24511, 2
24515, 2
24520, 1
24524, 1
24525, 1
24526, 1
24528, 2
24531, 1
24533, 1
24534, 1
24536, 1
24537, 3
24538, 2
24543, 2
24545, 1
24546, 1
24547, 2
24556, 2
24560, 1
24561, 1
24567, 1
24570, 2
24573, 2
24574, 1
24579, 1
24581, 1
24582, 1
24588, 1
24589, 1
24590, 1
24593, 2
24598, 1
24599, 1
24600, 1
24602, 1
24607, 1
24609, 1
24611, 3
24615, 1
24620, 1
24622, 1
24624, 1
24628, 1
24631, 1
24633, 1
24634, 1
24638, 1
24639, 1
24646, 1
24655, 1
24658, 1
24659, 1
24660, 1
24666, 2
24670, 1
24674, 1
24679, 1
24681, 1
24682, 1
24688, 1
24692, 1
24694, 4
24698, 1
24699, 1
24704, 1
24706, 1
24711, 1
24714, 1
24724, 1
24733, 1
24773, 2
24777, 1
24779, 1
24780, 1
24786, 1
24794, 1
24795, 1
24799, 1
24803, 1
24818, 1
24819, 1
24821, 2
24834, 1
24837, 1
24838, 1
24839, 1
24842, 2
24848, 1
24853, 1
24854, 1
24861, 3
24864, 1
24865, 1
24869, 1
24872, 1
24876, 1
24878, 1
24882, 1
24888, 1
24889, 1
24916, 1
24925, 1
24935, 1
24936, 1
24949, 1
24954, 2
24965, 1
24979, 1
24980, 1
24984, 1
24988, 1
25006, 3
25008, 1
25013, 1
25023, 1
25026, 1
25030, 1
25040, 1
25050, 1
25054, 1
25059, 1
25060, 1
25062, 1
25065, 1
25068, 1
25075, 1
25077, 1
25087, 1
25094, 1
25100, 1
25106, 1
25111, 1
25120, 2
25121, 1
25130, 1
25147, 1
25152, 1
25159, 1
25174, 1
25185, 1
25191, 1
25196, 1
25204, 1
25218, 1
25223, 1
25231, 1
25244, 1
25291, 1
25294, 1
25298, 1
25350, 1
25395, 1
25435, 1
25461, 1
25505, 1
25555, 1
25638, 1
32043, 1
32063, 1
32069, 2
32088, 1
32095, 2
32096, 1
32109, 1
32117, 1
32123, 1
32124, 1
32141, 1
32143, 1
32147, 1
32154, 1
32161, 1
32171, 1
32190, 1
32192, 1
32201, 1
32206, 1
32207, 1
32214, 1
32215, 1
32225, 1
32228, 2
32231, 1
32235, 1
32253, 1
32257, 1
32261, 1
32263, 1
32272, 1
32279, 1
32288, 1
32304, 1
32308, 1
32309, 1
32313, 1
32314, 1
32330, 1
32349, 1
32359, 2
32367, 1
32370, 1
32372, 1
32374, 1
32382, 1
32384, 1
32388, 1
32396, 1
32402, 2
32407, 1
32424, 1
32431, 1
32432, 1
32438, 1
32440, 1
32441, 1
32444, 1
32451, 1
32454, 1
32459, 2
32461, 1
32463, 1
32468, 1
32475, 1
32480, 1
32489, 1
32492, 2
32493, 1
32495, 1
32498, 1
32507, 1
32521, 1
32531, 1
32535, 1
32539, 1
32551, 2
32552, 2
32556, 1
32559, 1
32569, 1
32572, 1
32575, 1
32582, 1
32585, 1
32605, 1
32607, 1
32608, 1
32625, 1
32629, 1
32635, 1
32639, 1
32642, 1
32650, 1
32652, 1
32653, 1
32655, 2
32661, 1
32663, 1
32670, 2
32696, 1
32714, 1
32715, 1
32722, 1
32723, 1
32725, 1
32736, 1
32740, 1
32744, 1
32746, 1
32751, 1
32752, 1
32755, 1
32760, 1
32761, 1
32768, 1
32771, 1
32773, 1
32782, 1
32797, 1
32805, 1
32814, 1
32815, 1
32821, 1
32825, 1
32845, 1
32851, 1
32855, 1
32865, 1
32867, 1
32872, 1
32873, 2
32874, 1
32876, 1
32879, 1
32882, 1
32893, 1
32899, 1
32901, 2
32908, 1
32911, 1
32913, 1
32917, 1
32919, 1
32931, 1
32939, 1
32946, 1
32953, 1
32962, 1
32965, 2
32972, 1
32977, 1
32981, 1
32987, 1
32993, 1
33009, 1
33014, 1
33017, 1
33032, 1
33037, 1
33042, 1
33044, 1
33051, 1
33054, 1
33058, 1
33065, 1
33070, 1
33076, 1
33080, 1
33090, 1
33094, 1
33095, 1
33109, 1
33115, 1
33116, 1
33117, 1
33122, 1
33125, 1
33127, 1
33129, 1
33137, 1
33138, 1
33139, 1
33142, 1
33143, 1
33144, 2
33147, 1
33152, 1
33164, 1
33173, 1
33175, 1
33177, 1
33182, 1
33215, 1
33219, 2
33226, 1
33235, 4
33238, 1
33240, 1
33241, 1
33260, 1
33264, 1
33267, 2
33284, 1
33291, 2
33306, 1
33309, 1
33313, 1
33321, 1
33326, 1
33336, 2
33349, 1
33353, 1
33367, 1
33369, 1
33372, 1
33379, 1
33381, 1
33399, 1
33403, 1
33405, 1
33406, 1
33407, 1
33409, 1
33411, 1
33419, 1
33422, 1
33426, 1
33435, 1
33438, 1
33439, 1
33456, 1
33464, 2
33483, 1
33486, 1
33488, 1
33489, 1
33498, 1
33507, 1
33509, 1
33512, 1
33515, 1
33524, 1
33538, 1
33550, 2
33557, 1
33564, 2
33566, 1
33574, 1
33577, 1
33583, 1
33589, 1
33591, 1
33593, 2
33595, 1
33597, 1
33600, 1
33604, 1
33616, 1
33630, 1
33636, 1
33641, 1
33642, 1
33643, 1
33647, 1
33648, 1
33655, 1
33656, 1
33660, 1
33669, 1
33671, 1
33673, 1
33682, 1
33690, 1
33693, 1
33701, 1
33704, 1
33717, 1
33727, 1
33737, 1
33740, 1
33753, 1
33759, 1
33778, 1
33779, 2
33793, 1
33798, 1
33799, 1
33801, 2
33808, 1
33809, 1
33812, 1
33820, 1
33822, 1
33827, 1
33836, 2
33840, 1
33843, 1
33847, 1
33861, 1
33865, 1
33866, 1
33869, 1
33870, 1
33887, 1
33888, 1
33896, 1
33903, 1
33921, 1
33922, 1
33924, 2
33926, 1
33927, 1
33930, 1
33939, 1
33940, 1
33942, 1
33943, 1
33946, 1
33949, 1
33950, 1
33951, 1
33973, 1
33996, 2
34002, 1
34004, 1
34018, 1
34019, 2
34023, 1
34029, 1
34036, 1
34037, 1
34052, 2
34053, 1
34056, 1
34061, 1
34063, 1
34068, 1
34081, 1
34094, 1
34107, 1
34108, 1
34113, 1
34121, 1
34129, 1
34139, 1
34140, 1
34146, 1
34147, 2
34160, 1
34168, 1
34174, 1
34175, 1
34181, 1
34192, 1
34193, 1
34195, 1
34198, 1
34205, 1
34207, 1
34213, 1
34220, 1
34232, 1
34241, 1
34243, 1
34247, 1
34252, 1
34257, 1
34259, 1
34266, 2
34276, 1
34279, 2
34287, 1
34303, 1
34309, 1
34315, 1
34317, 1
34320, 1
34326, 1
34331, 1
34339, 1
34357, 1
34364, 1
35324, 1
35419, 1
35421, 1
35427, 1
35433, 1
35444, 1
35456, 1
35458, 1
35488, 1
35492, 1
35495, 1
35507, 1
35510, 1
35517, 1
35521, 1
35529, 1
35530, 1
35535, 1
35536, 1
35539, 1
35541, 1
35550, 1
35560, 1
35564, 1
35571, 1
35576, 1
35580, 1
35584, 1
35589, 1
35593, 1
35614, 1
35620, 1
35621, 1
35626, 2
35629, 1
35632, 1
35639, 1
35640, 1
35648, 2
35650, 1
35651, 1
35654, 1
35663, 1
35676, 1
35678, 1
35680, 2
35694, 1
35695, 1
35698, 1
35700, 1
35710, 1
35713, 1
35726, 1
35729, 1
35733, 1
35741, 1
35743, 1
35744, 1
35756, 1
35759, 1
35768, 1
35783, 1
35786, 1
35806, 1
35810, 1
35824, 1
35827, 1
35838, 1
35846, 1
35848, 1
35849, 1
35850, 1
35866, 1
35867, 1
35869, 1
35874, 1
35883, 2
35888, 1
35903, 1
35904, 1
35907, 1
35909, 2
35921, 1
35923, 1
35927, 1
35931, 1
35942, 2
35944, 1
35946, 1
35947, 1
35954, 1
35956, 1
35957, 1
35960, 1
35961, 1
35968, 1
35969, 1
35973, 1
35984, 1
35996, 1
36001, 1
36005, 1
36009, 1
36012, 1
36022, 1
36025, 1
36032, 1
36041, 1
36042, 1
36047, 1
36075, 2
36087, 1
36095, 1
36098, 1
36102, 1
36105, 1
36106, 1
36107, 1
36110, 1
36112, 1
36117, 1
36118, 1
36127, 1
36128, 1
36140, 1
36144, 1
36163, 1
36169, 1
36176, 1
36179, 1
36183, 1
36194, 1
36197, 1
36200, 1
36201, 1
36205, 1
36213, 1
36219, 1
36223, 1
36225, 1
36233, 1
36237, 1
36238, 1
36242, 1
36243, 1
36251, 1
36261, 1
36263, 1
36264, 1
36266, 1
36278, 1
36286, 1
36297, 1
36311, 1
36313, 1
36317, 1
36324, 1
36327, 1
36331, 1
36332, 1
36334, 1
36338, 1
36346, 1
36356, 1
36359, 1
36363, 3
36367, 1
36382, 2
36384, 1
36393, 1
36406, 1
36410, 1
36417, 1
36418, 1
36424, 1
36438, 1
36440, 1
36442, 1
36450, 1
36451, 1
36460, 1
36467, 1
36472, 2
36483, 1
36494, 1
36508, 1
36512, 1
36520, 1
36531, 1
36532, 1
36533, 2
36550, 1
36551, 2
36560, 1
36563, 1
36566, 1
36567, 1
36571, 1
36587, 1
36588, 1
36590, 1
36594, 2
36604, 1
36608, 1
36610, 1
36614, 1
36619, 1
36621, 1
36624, 1
36629, 1
36630, 1
36631, 1
36634, 1
36637, 1
36640, 1
36643, 1
36647, 1
36650, 1
36658, 1
36667, 1
36669, 1
36685, 1
36689, 1
36694, 1
36695, 1
36697, 1
36706, 1
36708, 1
36715, 1
36725, 1
36731, 1
36753, 1
36758, 1
36759, 1
36772, 1
36781, 1
36786, 1
36787, 1
36788, 1
36793, 1
36798, 1
36800, 1
36802, 1
36811, 1
36822, 1
36827, 1
36833, 2
36851, 1
36857, 1
36860, 1
36863, 1
36865, 1
36871, 1
36875, 1
36879, 1
36881, 1
36882, 1
36886, 1
36890, 1
36896, 1
36902, 1
36907, 1
36916, 1
36920, 1
36925, 1
36927, 1
36932, 1
36944, 1
36950, 1
36961, 1
36988, 1
36990, 1
36994, 1
36996, 1
36998, 1
37001, 1
37008, 1
37009, 1
37015, 2
37016, 1
37018, 1
37020, 1
37023, 1
37029, 1
37040, 1
37042, 1
37046, 1
37047, 1
37063, 1
37064, 2
37065, 1
37089, 1
37094, 1
37101, 2
37107, 1
37110, 1
37121, 1
37124, 1
37125, 1
37133, 1
37135, 1
37145, 1
37151, 1
37154, 1
37155, 1
37166, 1
37174, 1
37191, 1
37195, 1
37202, 1
37214, 1
37215, 2
37216, 1
37223, 1
37234, 2
37235, 1
37241, 1
37246, 1
37255, 1
37271, 2
37274, 1
37277, 2
37286, 2
37291, 1
37294, 1
37296, 1
37302, 1
37313, 1
37314, 1
37315, 1
37322, 1
37324, 1
37330, 1
37332, 1
37336, 1
37337, 1
37341, 1
37352, 1
37363, 1
37368, 1
37369, 2
37377, 1
37380, 1
37389, 1
37390, 1
37396, 1
37398, 1
37408, 1
37415, 1
37442, 2
37455, 1
37456, 1
37463, 2
37469, 1
37470, 1
37472, 1
37479, 1
37480, 1
37485, 1
37495, 1
37508, 1
37510, 1
37540, 1
37544, 1
37553, 1
37558, 1
37562, 1
37572, 1
37586, 1
37587, 1
37591, 1
37690, 1
37691, 1
37692, 1
37699, 1
37706, 1
40661, 2
40672, 1
40678, 1
40679, 1
40711, 1
40712, 1
40720, 1
40722, 1
40724, 1
40730, 1
40733, 1
40735, 1
40738, 1
40746, 1
40753, 1
40767, 1
40771, 1
40772, 1
40775, 1
40803, 1
40808, 1
40810, 1
40819, 1
40821, 1
40829, 1
40833, 1
40836, 1
40842, 1
40846, 1
40850, 1
40862, 1
40865, 1
40872, 1
40873, 1
40883, 1
40890, 2
40903, 1
40911, 1
40914, 1
40924, 3
40926, 1
40930, 1
40932, 2
40944, 1
40946, 2
40952, 1
40966, 1
40967, 1
40975, 1
40988, 1
40993, 1
40998, 1
41009, 1
41014, 1
41029, 1
41033, 1
41036, 1
41038, 2
41043, 1
41045, 1
41053, 1
41059, 1
41060, 1
41074, 1
41075, 2
41080, 1
41084, 1
41085, 1
41093, 1
41096, 1
41100, 1
41109, 1
41119, 1
41121, 1
41123, 1
41132, 1
41135, 1
41136, 1
41142, 1
41149, 2
41165, 1
41169, 1
41171, 1
41173, 1
41176, 2
41180, 1
41192, 2
41194, 1
41219, 1
41222, 1
41238, 1
41247, 1
41257, 1
41272, 1
41277, 1
41279, 2
41284, 1
41285, 1
41292, 1
41297, 1
41300, 1
41304, 1
41308, 2
41310, 1
41314, 1
41317, 2
41325, 1
41327, 1
41328, 1
41337, 1
41338, 1
41342, 1
41344, 1
41354, 1
41355, 1
41360, 1
41362, 2
41381, 1
41389, 1
41395, 1
41396, 1
41405, 1
41408, 1
41413, 2
41422, 1
41428, 1
41434, 1
41437, 1
41450, 1
41458, 2
41459, 1
41487, 1
41488, 1
41493, 1
41494, 1
41500, 1
41505, 1
41513, 1
41517, 1
41529, 2
41536, 1
41546, 1
41550, 1
41556, 1
41557, 1
41566, 1
41574, 1
41575, 1
41586, 1
41588, 1
41595, 1
41597, 1
41600, 1
41608, 1
41610, 1
41614, 1
41615, 1
41617, 1
41618, 1
41622, 1
41627, 1
41629, 1
41636, 1
41659, 1
41673, 1
41676, 1
41682, 1
41694, 1
41699, 1
41713, 1
41720, 1
41721, 2
41722, 1
41728, 1
41729, 1
41736, 1
41738, 1
41741, 1
41743, 1
41744, 1
41758, 2
41764, 1
41769, 1
41770, 1
41777, 1
41778, 1
41784, 1
41791, 1
41792, 1
41803, 1
41805, 1
41806, 1
41815, 1
41828, 1
41832, 1
41848, 1
41852, 1
41855, 1
41856, 1
41857, 1
41859, 2
41863, 1
41876, 2
41877, 1
41894, 1
41898, 1
41902, 1
41904, 1
41923, 2
41925, 1
41927, 1
41930, 1
41939, 1
41951, 1
41955, 1
41958, 1
41960, 1
41961, 1
41963, 2
41967, 1
41968, 1
41971, 1
41978, 1
41981, 1
41985, 2
41986, 1
41987, 1
41992, 2
41994, 1
41996, 1
41997, 1
41999, 1
42004, 1
42007, 1
42010, 1
42011, 1
42013, 2
42016, 1
42020, 1
42021, 1
42022, 1
42024, 3
42026, 1
42028, 1
42031, 1
42035, 1
42037, 2
42040, 2
42043, 1
42044, 1
42049, 1
42063, 1
42065, 1
42073, 2
42074, 2
42078, 1
42079, 1
42080, 2
42082, 1
42083, 1
42086, 1
42090, 2
42091, 1
42093, 1
42098, 1
42099, 1
42102, 1
42106, 1
42108, 1
42110, 1
42112, 1
42114, 1
42119, 2
42123, 1
42127, 1
42130, 1
42134, 1
42138, 1
42140, 1
42141, 1
42144, 1
42145, 1
42147, 1
42154, 1
42161, 1
42169, 1
42171, 1
42172, 1
42173, 1
42174, 1
42177, 2
42178, 1
42179, 1
42182, 1
42184, 1
42187, 1
42189, 1
42193, 1
42197, 1
42200, 1
42202, 1
42204, 1
42211, 2
42218, 1
42229, 1
42231, 1
42232, 2
42233, 1
42237, 1
42241, 1
42242, 1
42244, 1
42249, 1
42252, 1
42255, 1
42258, 2
42262, 1
42270, 1
42277, 2
42281, 1
42282, 1
42292, 1
42293, 2
42294, 1
42295, 1
42298, 1
42299, 1
42300, 1
42301, 1
42302, 1
42307, 2
42310, 1
42311, 2
42312, 2
42313, 1
42318, 3
42320, 1
42328, 1
42334, 1
42336, 1
42341, 1
42342, 1
42346, 1
42356, 2
42358, 1
42359, 2
42365, 1
42366, 2
42367, 1
42377, 1
42382, 2
42383, 1
42386, 1
42391, 1
42394, 1
42397, 2
42401, 1
42405, 1
42406, 1
42411, 1
42412, 2
42420, 1
42421, 1
42422, 1
42424, 2
42427, 1
42428, 1
42430, 1
42440, 1
42442, 1
42443, 2
42447, 1
42451, 1
42452, 2
42453, 2
42461, 2
42464, 1
42469, 3
42474, 1
42475, 1
42480, 1
42485, 1
42487, 1
42489, 1
42491, 1
42496, 1
42500, 1
42502, 1
42503, 1
42506, 2
42510, 1
42513, 2
42516, 1
42517, 1
42523, 1
42525, 1
42531, 1
42534, 2
42538, 2
42539, 1
42541, 1
42542, 1
42545, 1
42548, 1
42555, 1
42557, 1
42559, 1
42560, 2
42568, 1
42570, 1
42574, 2
42580, 1
42581, 1
42586, 1
42589, 1
42596, 1
42600, 2
42601, 1
42606, 2
42612, 1
42615, 1
42617, 1
42623, 1
42625, 2
42626, 1
42630, 1
42642, 1
42644, 1
42648, 1
42650, 2
42652, 1
42660, 1
42661, 1
42664, 1
42666, 1
42668, 1
42672, 1
42676, 1
42678, 2
42680, 1
42682, 1
42683, 1
42685, 1
42688, 1
42689, 1
42690, 1
42693, 1
42694, 1
42695, 1
42699, 1
42701, 1
42703, 1
42704, 1
42705, 1
42706, 1
42708, 1
42709, 1
42710, 1
42711, 1
42712, 1
42718, 1
42719, 1
42721, 1
42722, 2
42723, 1
42727, 2
42728, 1
42729, 1
42731, 1
42735, 1
42736, 1
42740, 1
42741, 1
42755, 1
42756, 1
42757, 1
42758, 1
42763, 1
42764, 1
42772, 1
42774, 1
42776, 1
42777, 1
42780, 2
42783, 1
42785, 2
42790, 1
42792, 1
42797, 1
42810, 1
42812, 1
42814, 1
42819, 1
42820, 1
42822, 1
42823, 1
42824, 1
42827, 1
42833, 1
42839, 1
42840, 1
42846, 1
42853, 1
42854, 1
42855, 1
42860, 1
42861, 1
42870, 1
42873, 1
42877, 3
42879, 2
42880, 1
42883, 1
42887, 1
42893, 1
42897, 1
42900, 1
42902, 1
42914, 1
42915, 1
42919, 1
42934, 1
42936, 1
42937, 1
42941, 1
42948, 1
42953, 2
42963, 1
42964, 1
42975, 1
42976, 1
42984, 1
42986, 1
42990, 1
42995, 1
43001, 1
43004, 1
43006, 1
43011, 1
43028, 1
43033, 1
43039, 1
43041, 1
43042, 2
43043, 1
43064, 1
43066, 1
43077, 2
43079, 1
43080, 2
43082, 1
43094, 1
43105, 1
43110, 1
43112, 1
43115, 1
43117, 1
43120, 1
43122, 2
43127, 1
43135, 1
43161, 1
43162, 1
43163, 1
43167, 1
43168, 1
43180, 1
43182, 1
43185, 1
43189, 2
43193, 1
43201, 2
43206, 1
43216, 1
43220, 1
43225, 2
43239, 1
43240, 1
43251, 1
43257, 1
43258, 1
43263, 2
43282, 1
43283, 1
43292, 1
43295, 1
43306, 1
43308, 1
43313, 1
43316, 1
43324, 1
43325, 1
43328, 1
43335, 1
43353, 1
43355, 1
43356, 1
43365, 2
43366, 1
43368, 1
43386, 2
43392, 1
43404, 1
43408, 1
43410, 1
43418, 1
43422, 1
43423, 1
43424, 1
43431, 1
43440, 1
43441, 1
43447, 1
43448, 1
43450, 1
43451, 1
43452, 1
43460, 1
43461, 1
43476, 1
43479, 1
43491, 1
43502, 1
43505, 1
43511, 1
43513, 1
43524, 1
43529, 2
43538, 1
43552, 1
43556, 1
43557, 1
43562, 1
43567, 1
43572, 1
43580, 1
43582, 1
43590, 1
43598, 1
43600, 2
43605, 2
43613, 1
43616, 1
43619, 2
43624, 1
43631, 1
43646, 1
43655, 1
43666, 1
43681, 1
43685, 2
43686, 2
43689, 1
43695, 1
43704, 1
43711, 1
43716, 1
43725, 2
43735, 1
43741, 1
43746, 1
43759, 1
43761, 1
43772, 1
43782, 1
43789, 1
43792, 1
43795, 1
43800, 1
43803, 1
43805, 1
43820, 1
43821, 1
43825, 1
43833, 1
43836, 1
43842, 1
43843, 1
43846, 1
43847, 1
43848, 1
43849, 1
43850, 1
43853, 1
43862, 1
43864, 1
43865, 1
43870, 1
43871, 1
43872, 1
43875, 1
43890, 1
43903, 1
43913, 1
43921, 1
43935, 1
43938, 1
43940, 1
43943, 1
43946, 1
43963, 1
43966, 1
43968, 1
43974, 1
43976, 1
43979, 1
43993, 1
43994, 1
44008, 1
44009, 1
44011, 1
44018, 1
44023, 1
44033, 1
44036, 1
44038, 1
44044, 1
44050, 1
44056, 1
44065, 1
44072, 1
44074, 1
44076, 1
44086, 1
44089, 1
44100, 1
44113, 1
44130, 1
44135, 1
49942, 1
49984, 1
49992, 1
50010, 1
50041, 1
50068, 1
50089, 1
50097, 2
50110, 1
50115, 1
50123, 1
50129, 1
50130, 1
50137, 1
50138, 1
50163, 1
50182, 1
50189, 1
50192, 1
50208, 1
50213, 1
50221, 2
50227, 2
50234, 1
50239, 1
50242, 1
50257, 2
50261, 1
50272, 1
50278, 1
50290, 2
50292, 1
50294, 1
50299, 1
50301, 1
50310, 1
50312, 1
50321, 1
50328, 1
50329, 1
50335, 1
50362, 1
50365, 1
50372, 1
50374, 1
50377, 1
50378, 1
50384, 1
50387, 1
50394, 1
50397, 1
50400, 1
50405, 1
50407, 1
50408, 1
50413, 1
50418, 1
50422, 2
50426, 1
50434, 1
50443, 1
50452, 1
50453, 1
50459, 1
50462, 1
50467, 1
50478, 1
50483, 1
50498, 1
50504, 1
50505, 1
50506, 1
50507, 1
50510, 1
50541, 1
50557, 1
50562, 1
50571, 1
50575, 1
50578, 1
50579, 1
50581, 1
50588, 1
50591, 1
50592, 1
50595, 1
50597, 1
50598, 1
50599, 1
50617, 1
50628, 1
50635, 1
50637, 1
50638, 1
50641, 1
50642, 1
50651, 1
50654, 1
50662, 1
50673, 1
50680, 1
50681, 1
50686, 1
50688, 1
50694, 1
50695, 1
50699, 1
50705, 1
50712, 1
50717, 1
50721, 1
50724, 1
50729, 1
50735, 1
50743, 1
50745, 1
50747, 1
50752, 1
50759, 1
50769, 1
50772, 1
50781, 1
50796, 1
50802, 1
50808, 1
50819, 1
50821, 1
50822, 1
50824, 1
50826, 1
50833, 1
50835, 2
50850, 1
50853, 1
50866, 1
50872, 1
50875, 1
50880, 2
50894, 1
50897, 1
50904, 1
50909, 1
50911, 1
50912, 1
50916, 1
50917, 1
50937, 1
50948, 1
50950, 1
50951, 1
50955, 1
50957, 1
50961, 1
50973, 1
50974, 1
50975, 1
50980, 1
50991, 1
50994, 1
50995, 1
50998, 1
51011, 1
51012, 2
51014, 1
51015, 1
51021, 1
51032, 1
51033, 1
51036, 1
51039, 1
51052, 2
51062, 1
51063, 1
51064, 1
51066, 1
51075, 1
51077, 1
51078, 1
51087, 1
51090, 1
51091, 1
51120, 1
51126, 1
51133, 1
51135, 1
51150, 1
51160, 1
51162, 1
51166, 1
51169, 1
51170, 1
51172, 1
51173, 1
51187, 1
51191, 1
51194, 1
51200, 1
51218, 2
51224, 1
51225, 1
51233, 1
51240, 2
51245, 1
51246, 1
51247, 1
51248, 1
51249, 1
51252, 1
51253, 1
51260, 1
51271, 1
51277, 1
51278, 1
51295, 1
51301, 1
51309, 1
51319, 1
51320, 1
51321, 1
51322, 1
51348, 1
51349, 1
51358, 1
51364, 1
51375, 1
51382, 1
51388, 1
51395, 1
51399, 1
51407, 1
51410, 1
51417, 2
51421, 2
51426, 1
51430, 1
51435, 1
51436, 1
51441, 1
51445, 1
51447, 1
51448, 1
51450, 1
51464, 1
51465, 1
51466, 1
51472, 1
51478, 1
51483, 1
51491, 1
51496, 2
51504, 1
51510, 1
51512, 1
51517, 1
51518, 1
51523, 1
51532, 1
51537, 1
51561, 1
51562, 1
51563, 1
51594, 1
51595, 1
51607, 1
51608, 2
51610, 2
51611, 1
51616, 2
51625, 1
51627, 1
51630, 1
51647, 1
51651, 1
51654, 1
51655, 1
51667, 1
51670, 1
51673, 1
51690, 1
51695, 1
51697, 2
51700, 1
51704, 1
51712, 1
51716, 1
51741, 2
51747, 1
51749, 1
51754, 2
51757, 1
51763, 1
51771, 1
51779, 2
51786, 2
51790, 1
51794, 1
51801, 1
51803, 1
51824, 1
51831, 1
51835, 1
51844, 1
51849, 1
51850, 1
51852, 1
51854, 2
51857, 2
51870, 1
51873, 2
51876, 1
51879, 1
51889, 1
51900, 1
51901, 1
51903, 1
51914, 1
51923, 1
51928, 1
51930, 1
51931, 1
51950, 1
51953, 1
51959, 1
51974, 1
51982, 2
51993, 1
52005, 1
52006, 2
52010, 1
52018, 1
52022, 1
52032, 1
52034, 1
52036, 1
52040, 1
52042, 1
52044, 1
52046, 1
52053, 1
52062, 1
52067, 1
52079, 1
52084, 1
52086, 1
52092, 2
52100, 1
52113, 1
52118, 1
52121, 1
52122, 1
52132, 1
52133, 1
52140, 1
52149, 2
52161, 2
52166, 1
52175, 1
52180, 1
52183, 1
52186, 1
52188, 1
52189, 1
52193, 1
52203, 1
52205, 1
52215, 1
52221, 1
52226, 1
52242, 1
52260, 1
52265, 1
52272, 1
52278, 1
52279, 1
52290, 1
52294, 1
52309, 1
57827, 1
57875, 1
57899, 1
57928, 1
57936, 1
57940, 1
57942, 1
57963, 1
57964, 2
57972, 1
57974, 1
57984, 1
57992, 1
58003, 1
58011, 1
58020, 1
58029, 1
58049, 1
58051, 1
58059, 1
58067, 1
58070, 1
58080, 1
58086, 1
58089, 1
58091, 1
58094, 1
58096, 1
58097, 1
58103, 1
58111, 3
58122, 2
58128, 1
58130, 1
58132, 1
58141, 1
58159, 1
58172, 1
58179, 1
58186, 1
58191, 1
58192, 1
58193, 1
58206, 1
58219, 1
58226, 1
58239, 1
58250, 1
58254, 2
58266, 2
58267, 1
58269, 1
58276, 1
58279, 1
58280, 1
58282, 1
58287, 1
58299, 1
58301, 1
58309, 1
58310, 1
58320, 1
58322, 1
58323, 1
58324, 1
58332, 1
58336, 1
58341, 1
58348, 1
58351, 1
58355, 1
58367, 1
58370, 1
58377, 1
58380, 1
58386, 1
58387, 1
58389, 1
58390, 1
58393, 1
58394, 1
58395, 1
58403, 1
58419, 1
58420, 1
58422, 1
58429, 1
58439, 1
58445, 1
58446, 1
58449, 1
58464, 1
58467, 1
58468, 1
58478, 2
58483, 1
58487, 1
58496, 1
58506, 1
58508, 1
58536, 1
58537, 1
58539, 1
58547, 1
58549, 1
58561, 1
58565, 1
58572, 1
58576, 1
58580, 1
58582, 1
58583, 1
58584, 1
58587, 1
58597, 1
58600, 1
58612, 1
58615, 1
58619, 1
58620, 1
58624, 1
58633, 1
58638, 1
58645, 1
58647, 1
58656, 1
58664, 1
58667, 1
58684, 1
58693, 1
58697, 2
58700, 1
58701, 1
58703, 1
58704, 1
58711, 1
58719, 1
58725, 1
58728, 1
58734, 1
58746, 1
58748, 1
58753, 1
58769, 1
58774, 1
58775, 1
58778, 1
58780, 1
58783, 1
58802, 1
58804, 2
58806, 1
58812, 1
58815, 1
58822, 2
58830, 1
58855, 1
58856, 1
58858, 1
58859, 1
58864, 1
58871, 1
58875, 1
58876, 1
58877, 1
58887, 1
58891, 1
58903, 1
58904, 1
58906, 1
58913, 1
58932, 2
58944, 1
58949, 1
58952, 1
58963, 1
58968, 1
58969, 1
58970, 1
58987, 1
58993, 2
59004, 1
59005, 1
59007, 2
59010, 1
59014, 1
59016, 1
59017, 1
59020, 1
59021, 1
59029, 1
59032, 1
59035, 1
59039, 2
59043, 1
59045, 1
59049, 1
59053, 1
59059, 1
59062, 1
59071, 1
59077, 1
59091, 1
59110, 1
59131, 1
59132, 1
59141, 1
59143, 1
59146, 1
59147, 1
59150, 2
59153, 1
59157, 1
59160, 1
59161, 1
59162, 1
59164, 1
59179, 1
59190, 1
59199, 2
59205, 1
59208, 1
59220, 1
59223, 2
59229, 1
59232, 2
59243, 1
59248, 1
59255, 1
59256, 1
59268, 1
59275, 1
59280, 1
59298, 1
59299, 1
59300, 1
59301, 1
59303, 1
59304, 1
59311, 1
59316, 1
59332, 1
59338, 1
59352, 1
59355, 1
59363, 1
59370, 1
59383, 2
59386, 1
59397, 1
59403, 1
59408, 1
59409, 1
59415, 1
59427, 1
59428, 2
59431, 1
59436, 1
59440, 1
59443, 1
59449, 1
59451, 1
59452, 1
59457, 1
59460, 1
59465, 1
59470, 1
59471, 1
59473, 1
59485, 1
59498, 1
59499, 1
59500, 1
59506, 1
59510, 1
59513, 1
59515, 1
59528, 1
59538, 1
59547, 1
59550, 1
59553, 1
59568, 1
59570, 1
59585, 1
59593, 1
59594, 1
59595, 1
59597, 1
59601, 1
59614, 1
59621, 1
59623, 1
59638, 1
59642, 1
59649, 2
59651, 1
59667, 1
59669, 1
59670, 1
59677, 1
59681, 1
59688, 1
59690, 1
59692, 1
59694, 1
59699, 1
59704, 1
59705, 1
59708, 1
59713, 1
59714, 1
59722, 1
59727, 1
59728, 1
59736, 1
59745, 1
59754, 1
59759, 2
59762, 1
59771, 2
59785, 1
59788, 1
59796, 1
59807, 1
59812, 1
59813, 1
59814, 2
59824, 1
59829, 1
59833, 1
59836, 1
59844, 2
59850, 1
59851, 1
59865, 1
59866, 1
59868, 1
59873, 1
59874, 1
59878, 1
59881, 1
59883, 1
59905, 1
59915, 1
59923, 1
59926, 1
59929, 1
59939, 1
59948, 1
59950, 1
59957, 1
59967, 1
59968, 1
59974, 1
59979, 1
59982, 1
59987, 1
59991, 1
59993, 1
60015, 1
60021, 1
60024, 1
60025, 1
60039, 1
60044, 1
60053, 1
60062, 1
60081, 1
60100, 1
60102, 1
60110, 1
60113, 1
60119, 1
60122, 1
60132, 1
60147, 1
60149, 1
60180, 1
60182, 1
60183, 1
60192, 1
60231, 1
60361, 1
60435, 1
60471, 1
61126, 1
61236, 1
61257, 1
61273, 1
61283, 1
61284, 1
61320, 1
61323, 1
61325, 1
61326, 1
61344, 1
61356, 1
61368, 1
61385, 1
61386, 1
61388, 1
61391, 1
61401, 1
61402, 1
61406, 1
61416, 1
61417, 1
61418, 1
61424, 1
61428, 1
61442, 1
61448, 1
61453, 1
61454, 1
61471, 1
61481, 1
61482, 1
61492, 1
61494, 1
61496, 1
61503, 2
61508, 1
61510, 2
61518, 1
61520, 1
61529, 1
61537, 1
61542, 1
61546, 1
61547, 1
61569, 2
61570, 1
61573, 1
61577, 1
61579, 1
61587, 4
61590, 1
61601, 1
61604, 1
61607, 1
61623, 1
61644, 1
61651, 1
61664, 1
61667, 1
61669, 1
61672, 1
61678, 1
61685, 1
61691, 2
61698, 1
61707, 1
61709, 2
61727, 1
61729, 1
61733, 1
61738, 1
61744, 1
61746, 1
61750, 1
61751, 2
61759, 1
61779, 1
61782, 1
61789, 2
61792, 1
61795, 1
61800, 1
61801, 2
61805, 1
61808, 1
61827, 1
61830, 1
61834, 1
61840, 1
61843, 2
61844, 1
61845, 1
61851, 1
61852, 1
61856, 1
61861, 1
61872, 1
61877, 1
61886, 1
61905, 1
61915, 1
61919, 2
61923, 1
61924, 1
61925, 1
61932, 1
61942, 1
61944, 1
61951, 1
61962, 1
61978, 1
61999, 1
62000, 1
62004, 1
62006, 1
62009, 1
62022, 2
62024, 2
62028, 1
62032, 2
62037, 2
62042, 1
62045, 1
62048, 1
62050, 1
62062, 1
62064, 1
62074, 1
62101, 1
62115, 1
62119, 1
62123, 2
62137, 1
62139, 2
62150, 1
62155, 1
62159, 1
62160, 2
62165, 1
62166, 1
62174, 1
62179, 1
62187, 1
62190, 1
62191, 1
62192, 2
62196, 1
62201, 1
62205, 1
62209, 1
62211, 1
62221, 1
62230, 1
62240, 1
62244, 1
62267, 1
62270, 2
62273, 1
62276, 1
62279, 1
62287, 1
62306, 1
62307, 1
62309, 1
62313, 1
62318, 1
62321, 1
62324, 1
62329, 1
62333, 1
62347, 1
62360, 1
62366, 1
62369, 1
62372, 1
62380, 1
62382, 1
62392, 1
62400, 1
62403, 1
62404, 1
62407, 1
62412, 1
62420, 1
62430, 1
62432, 1
62434, 1
62435, 1
62441, 1
62448, 1
62456, 1
62460, 1
62462, 1
62466, 1
62468, 1
62471, 1
62472, 1
62473, 1
62477, 1
62483, 1
62485, 1
62494, 1
62496, 1
62503, 1
62509, 1
62514, 1
62516, 1
62522, 1
62526, 2
62534, 1
62536, 1
62537, 1
62544, 1
62555, 1
62564, 1
62569, 1
62585, 1
62590, 1
62593, 1
62597, 1
62603, 1
62608, 1
62616, 1
62624, 2
62626, 1
62639, 2
62642, 1
62644, 1
62650, 1
62674, 1
62679, 1
62680, 1
62683, 2
62693, 1
62700, 1
62705, 1
62712, 1
62716, 1
62719, 1
62720, 1
62726, 1
62741, 1
62743, 1
62746, 1
62756, 1
62769, 2
62781, 1
62785, 2
62795, 1
62799, 1
62805, 1
62806, 1
62809, 1
62821, 1
62822, 1
62836, 1
62847, 1
62848, 1
62857, 1
62860, 1
62871, 1
62874, 2
62875, 1
62878, 1
62888, 1
62889, 1
62902, 2
62904, 1
62906, 1
62909, 1
62915, 1
62923, 1
62927, 1
62930, 1
62937, 1
62938, 1
62939, 1
62941, 1
62943, 1
62947, 2
62954, 1
62955, 1
62962, 1
62968, 1
62971, 1
62974, 1
62975, 1
62994, 1
63013, 1
63037, 1
63042, 1
63043, 1
63045, 2
63051, 1
63060, 1
63070, 1
63073, 1
63075, 1
63076, 1
63079, 1
63083, 1
63090, 1
63099, 1
63102, 1
63105, 1
63115, 1
63117, 1
63118, 2
63119, 1
63130, 1
63131, 1
63132, 1
63157, 1
63160, 1
63169, 1
63177, 1
63179, 1
63182, 1
63196, 1
63202, 1
63210, 1
63213, 1
63214, 1
63217, 1
63219, 1
63221, 1
63226, 1
63229, 1
63236, 1
63237, 1
63240, 1
63244, 1
63268, 1
63272, 2
63275, 1
63280, 1
63284, 1
63291, 3
63298, 1
63299, 1
63308, 1
63323, 1
63325, 1
63327, 1
63335, 1
63346, 1
63368, 1
63371, 1
63374, 1
63376, 1
63389, 1
63391, 1
63396, 1
63401, 1
63408, 1
63419, 1
63420, 1
63436, 1
63437, 1
63439, 1
63453, 1
63464, 1
63467, 1
63479, 1
63504, 1
63525, 1
63624, 1
72657, 1
72683, 1
72724, 1
72727, 1
72742, 1
72745, 1
72796, 1
72815, 1
72816, 1
72817, 2
72839, 1
72844, 1
72852, 1
72855, 1
72860, 1
72869, 1
72875, 1
72876, 1
72887, 1
72894, 1
72898, 1
72907, 1
72914, 1
72920, 1
72925, 1
72926, 1
72934, 1
72947, 1
72948, 1
72958, 1
72965, 1
72967, 2
72979, 1
72981, 1
72988, 1
72989, 1
73003, 1
73006, 1
73007, 1
73008, 1
73014, 1
73016, 1
73030, 1
73033, 2
73046, 1
73050, 1
73055, 1
73057, 1
73061, 1
73072, 1
73075, 1
73085, 2
73086, 1
73095, 1
73103, 1
73123, 1
73128, 1
73152, 1
73155, 1
73156, 1
73162, 1
73172, 1
73173, 1
73174, 1
73175, 1
73181, 1
73184, 1
73188, 1
73194, 1
73195, 1
73198, 1
73204, 1
73215, 2
73217, 1
73250, 1
73258, 1
73263, 1
73265, 1
73267, 2
73271, 1
73279, 2
73281, 1
73286, 1
73292, 1
73298, 1
73302, 1
73316, 1
73320, 1
73327, 1
73330, 1
73339, 1
73340, 1
73345, 1
73350, 1
73355, 1
73361, 1
73365, 1
73372, 1
73374, 1
73380, 1
73385, 1
73391, 1
73396, 1
73401, 1
73403, 1
73404, 1
73405, 1
73417, 1
73422, 1
73429, 1
73430, 1
73449, 1
73458, 1
73460, 1
73462, 1
73466, 1
73467, 1
73469, 1
73477, 1
73483, 1
73491, 1
73497, 2
73499, 1
73513, 1
73517, 1
73528, 1
73539, 1
73540, 1
73543, 1
73549, 1
73551, 1
73552, 1
73559, 1
73566, 1
73568, 1
73572, 1
73576, 1
73599, 1
73601, 1
73603, 2
73604, 1
73609, 1
73615, 1
73625, 2
73631, 1
73642, 1
73645, 1
73649, 1
73650, 1
73651, 1
73652, 1
73655, 1
73659, 1
73662, 1
73669, 1
73680, 1
73689, 1
73697, 2
73713, 1
73720, 1
73732, 1
73733, 1
73739, 1
73740, 1
73744, 1
73750, 1
73755, 1
73758, 1
73763, 1
73779, 2
73780, 2
73790, 1
73802, 1
73807, 1
73810, 1
73821, 1
73825, 1
73826, 1
73828, 1
73830, 1
73840, 1
73842, 1
73859, 1
73860, 1
73865, 2
73870, 1
73871, 1
73877, 1
73887, 1
73900, 1
73902, 1
73926, 1
73930, 1
73937, 1
73947, 1
73952, 1
73955, 1
73962, 2
73964, 1
73966, 2
73969, 2
73978, 1
73998, 2
74000, 1
74004, 1
74010, 1
74014, 1
74016, 1
74019, 1
74021, 1
74023, 2
74033, 1
74041, 1
74043, 1
74046, 1
74049, 2
74051, 1
74052, 1
74068, 1
74082, 1
74093, 1
74094, 1
74105, 1
74110, 1
74114, 2
74121, 1
74123, 1
74128, 1
74136, 1
74142, 1
74149, 1
74150, 1
74167, 1
74170, 1
74182, 1
74186, 2
74194, 1
74203, 1
74204, 1
74208, 1
74210, 1
74215, 2
74227, 1
74232, 2
74247, 1
74253, 1
74255, 1
74263, 1
74266, 1
74267, 1
74284, 1
74287, 1
74290, 1
74291, 1
74302, 1
74307, 1
74326, 1
74328, 1
74330, 1
74333, 2
74334, 1
74335, 1
74339, 2
74343, 1
74344, 1
74350, 1
74371, 1
74374, 2
74375, 1
74385, 1
74392, 1
74396, 1
74401, 2
74403, 1
74414, 1
74416, 1
74422, 1
74427, 1
74428, 1
74431, 2
74447, 1
74451, 1
74453, 1
74463, 1
74464, 1
74471, 1
74473, 2
74479, 1
74484, 1
74485, 1
74492, 1
74493, 1
74501, 1
74504, 1
74508, 1
74510, 1
74519, 1
74520, 1
74521, 1
74534, 1
74537, 1
74547, 1
74548, 1
74550, 1
74552, 1
74561, 1
74580, 1
74584, 3
74585, 2
74593, 1
74594, 2
74598, 3
74600, 1
74601, 1
74606, 1
74615, 1
74616, 1
74618, 3
74620, 1
74629, 1
74631, 2
74635, 1
74638, 1
74639, 1
74641, 1
74646, 1
74650, 1
74657, 1
74658, 1
74665, 1
74666, 1
74677, 1
74681, 1
74685, 1
74687, 2
74689, 1
74691, 1
74698, 1
74702, 1
74704, 1
74705, 1
74708, 1
74709, 2
74712, 1
74714, 1
74717, 1
74721, 1
74724, 2
74726, 1
74728, 1
74731, 1
74732, 2
74733, 1
74742, 2
74745, 1
74750, 1
74753, 1
74757, 1
74759, 1
74764, 1
74768, 2
74772, 1
74774, 1
74775, 1
74777, 2
74778, 1
74779, 1
74783, 1
74792, 1
74795, 1
74800, 1
74803, 1
74804, 1
74806, 1
74810, 1
74815, 1
74820, 1
74823, 1
74825, 1
74826, 1
74829, 1
74830, 1
74838, 1
74845, 1
74856, 1
74859, 1
74864, 1
74865, 1
74866, 1
74868, 3
74869, 1
74874, 1
74875, 2
74881, 1
74889, 1
74894, 1
74895, 1
74905, 2
74906, 1
74907, 1
74910, 1
74912, 2
74913, 1
74915, 2
74924, 1
74926, 1
74927, 1
74934, 1
74938, 1
74939, 1
74941, 1
74944, 1
74945, 1
74946, 1
74947, 1
74950, 1
74952, 1
74954, 1
74956, 1
74959, 1
74960, 1
74965, 1
74977, 2
74984, 1
74986, 1
74994, 1
74996, 1
74999, 1
75007, 1
75009, 1
75011, 1
75012, 1
75013, 1
75015, 1
75016, 1
75017, 1
75018, 1
75029, 1
75051, 1
75055, 1
75061, 1
75063, 2
75065, 1
75067, 1
75077, 1
75081, 1
75084, 1
75088, 1
75090, 2
75093, 1
75104, 2
75113, 1
75130, 1
75131, 1
75133, 1
75135, 1
75144, 2
75145, 1
75147, 1
75152, 1
75158, 1
75161, 3
75164, 1
75170, 1
75173, 1
75174, 1
75176, 1
75185, 1
75199, 1
75203, 1
75212, 1
75217, 1
75222, 1
75224, 1
75227, 1
75228, 1
75229, 1
75232, 1
75234, 1
75235, 1
75245, 1
75246, 1
75253, 1
75256, 1
75262, 1
75263, 1
75265, 1
75266, 1
75276, 1
75277, 1
75281, 1
75283, 1
75291, 1
75292, 1
75306, 1
75311, 1
75314, 1
75322, 1
75333, 1
75337, 1
75341, 1
75356, 1
75369, 1
75370, 1
75373, 1
75380, 1
75386, 1
75389, 1
75404, 1
75415, 1
75421, 1
75425, 1
75426, 1
75443, 1
75452, 1
75453, 2
75454, 1
75460, 1
75464, 1
75470, 2
75473, 3
75474, 1
75498, 1
75503, 1
75507, 1
75513, 1
75519, 1
75528, 1
75539, 1
75546, 1
75550, 1
75551, 1
75567, 1
75575, 1
75576, 1
75585, 2
75586, 2
75588, 1
75595, 1
75600, 1
75602, 1
75608, 1
75624, 1
75626, 1
75628, 1
75629, 1
75630, 1
75636, 1
75640, 1
75641, 1
75643, 2
75653, 1
75657, 1
75667, 1
75668, 1
75687, 1
75690, 1
75691, 1
75695, 2
75696, 1
75708, 1
75717, 1
75721, 1
75736, 1
75741, 2
75747, 1
75756, 1
75762, 1
75764, 1
75773, 1
75781, 1
75783, 1
75789, 1
75795, 1
75797, 1
75799, 1
75805, 1
75806, 1
75816, 1
75817, 1
75824, 1
75829, 1
75830, 1
75831, 1
75844, 1
75847, 1
75858, 1
75863, 1
75870, 1
75877, 1
75883, 1
75886, 1
75895, 1
75907, 1
75916, 1
75917, 1
75919, 1
75927, 1
75929, 1
75930, 1
75938, 2
75941, 1
75944, 1
75946, 1
75952, 1
75956, 1
75964, 1
75965, 1
75966, 1
75971, 1
75986, 1
75989, 1
75990, 1
76004, 1
76007, 1
76013, 1
76018, 1
76030, 1
76034, 1
76035, 1
76039, 1
76042, 1
76048, 1
76051, 1
76068, 1
76072, 1
76074, 1
76076, 1
76079, 1
76081, 1
76104, 1
76106, 1
76109, 2
76121, 2
76128, 2
76136, 1
76137, 1
76141, 1
76151, 1
76157, 1
76159, 1
76166, 1
76172, 1
76174, 1
76176, 1
76190, 1
76201, 1
76207, 1
76209, 1
76223, 1
76224, 1
76228, 2
76232, 1
76236, 1
76246, 1
76252, 1
76259, 1
76267, 1
76268, 1
76281, 1
76298, 1
76305, 1
76307, 1
76309, 1
76311, 1
76313, 1
76315, 1
76320, 1
76322, 1
76325, 1
76326, 1
76335, 1
76336, 1
76344, 1
76360, 1
76363, 1
76364, 1
76365, 1
76367, 1
76373, 1
76378, 1
76380, 1
76386, 2
76387, 1
76395, 1
76398, 1
76401, 1
76431, 1
76437, 1
76439, 1
76443, 1
76454, 1
76457, 1
76472, 1
76473, 1
76480, 1
76482, 1
76489, 1
76494, 1
76502, 1
76503, 1
76512, 1
76515, 1
76522, 1
76530, 2
76537, 1
76538, 2
76543, 1
76546, 1
76547, 1
76559, 1
76560, 1
76569, 1
76576, 1
76577, 1
76578, 1
76580, 1
76597, 1
76608, 1
76627, 1
76634, 1
76635, 1
76644, 1
76645, 1
76649, 1
76651, 1
76653, 1
76657, 1
76666, 1
76670, 2
76672, 1
76673, 1
76682, 1
76690, 1
76696, 1
76709, 1
76710, 1
76716, 1
76738, 2
76741, 1
76755, 1
76759, 2
76763, 1
76772, 1
76792, 1
76824, 1
76838, 2
76857, 1
88020, 1
88181, 1
88197, 1
88224, 1
88241, 1
88261, 1
88269, 1
88271, 1
88274, 1
88279, 1
88288, 1
88303, 1
88304, 1
88324, 1
88337, 1
88338, 1
88339, 1
88358, 1
88366, 1
88372, 1
88378, 1
88381, 1
88383, 1
88387, 1
88390, 1
88405, 1
88411, 1
88416, 1
88422, 2
88425, 1
88435, 1
88436, 1
88444, 2
88447, 1
88460, 4
88463, 1
88486, 1
88493, 1
88502, 1
88510, 1
88511, 1
88519, 1
88529, 1
88536, 1
88537, 1
88544, 1
88570, 1
88578, 2
88582, 1
88583, 1
88585, 1
88594, 2
88595, 1
88606, 1
88607, 1
88619, 1
88621, 3
88627, 1
88629, 1
88634, 1
88638, 1
88657, 1
88659, 1
88661, 1
88665, 1
88668, 1
88671, 1
88672, 1
88695, 1
88701, 1
88707, 1
88709, 1
88711, 1
88723, 2
88724, 1
88726, 1
88727, 1
88730, 1
88731, 1
88732, 1
88747, 1
88750, 1
88755, 1
88760, 1
88763, 1
88764, 1
88765, 1
88768, 1
88776, 1
88777, 1
88799, 1
88805, 1
88807, 1
88809, 1
88824, 1
88826, 1
88851, 1
88855, 1
88858, 1
88867, 1
88879, 1
88881, 1
88886, 1
88887, 1
88893, 1
88896, 1
88897, 1
88899, 1
88907, 1
88912, 1
88917, 1
88925, 1
88931, 1
88935, 1
88955, 2
88962, 2
88969, 2
88972, 1
88976, 1
88977, 1
89000, 1
89006, 1
89007, 1
89014, 1
89018, 1
89021, 1
89022, 1
89024, 1
89029, 1
89031, 1
89032, 1
89039, 1
89043, 1
89047, 1
89055, 1
89061, 2
89065, 1
89067, 1
89070, 1
89083, 1
89099, 2
89100, 1
89116, 1
89121, 1
89127, 2
89132, 1
89147, 1
89158, 1
89169, 1
89170, 2
89184, 1
89185, 1
89187, 1
89195, 1
89196, 1
89200, 1
89201, 1
89202, 1
89220, 2
89221, 1
89227, 1
89232, 1
89241, 1
89246, 1
89261, 1
89262, 1
89271, 1
89276, 1
89279, 1
89282, 1
89284, 1
89292, 2
89304, 1
89311, 1
89312, 1
89316, 1
89321, 1
89324, 3
89328, 1
89329, 1
89331, 1
89340, 1
89341, 1
89345, 1
89353, 1
89355, 1
89360, 1
89370, 1
89371, 1
89378, 1
89382, 1
89388, 1
89394, 1
89400, 1
89408, 1
89410, 1
89425, 1
89433, 1
89444, 1
89447, 1
89449, 1
89454, 1
89455, 1
89464, 1
89466, 1
89468, 1
89474, 1
89482, 1
89483, 1
89489, 2
89497, 1
89503, 2
89508, 1
89531, 1
89537, 1
89544, 1
89550, 1
89552, 2
89554, 1
89561, 1
89563, 1
89570, 2
89572, 1
89600, 1
89601, 1
89613, 1
89628, 1
89634, 1
89636, 1
89637, 1
89638, 1
89645, 1
89648, 1
89652, 2
89655, 1
89656, 1
89664, 1
89669, 1
89681, 1
89689, 1
89697, 1
89702, 1
89714, 1
89719, 1
89726, 1
89729, 1
89734, 1
89735, 2
89737, 1
89746, 1
89750, 1
89766, 1
89767, 1
89768, 1
89774, 1
89779, 1
89782, 1
89791, 1
89796, 1
89800, 1
89803, 2
89806, 1
89810, 1
89812, 1
89815, 1
89824, 1
89828, 1
89829, 1
89842, 1
89844, 1
89860, 1
89861, 1
89868, 1
89869, 1
89882, 1
89884, 2
89897, 1
89902, 1
89903, 1
89914, 1
89917, 1
89929, 1
89939, 1
89949, 1
89951, 1
89953, 1
89954, 1
89967, 1
89969, 1
89976, 1
89983, 1
89987, 1
89988, 2
89990, 2
90000, 1
90006, 1
90011, 1
90015, 1
90020, 1
90021, 1
90024, 1
90027, 1
90028, 1
90033, 1
90036, 1
90041, 1
90042, 1
90043, 1
90044, 1
90046, 1
90050, 1
90051, 1
90053, 2
90060, 1
90062, 1
90063, 1
90071, 1
90074, 1
90075, 1
90084, 1
90087, 1
90091, 1
90092, 2
90094, 1
90099, 1
90100, 2
90113, 1
90115, 2
90122, 1
90123, 1
90127, 1
90128, 1
90130, 1
90131, 1
90132, 1
90137, 1
90140, 1
90142, 1
90144, 1
90145, 1
90147, 1
90149, 1
90151, 1
90158, 1
90159, 1
90160, 1
90162, 1
90167, 1
90174, 1
90176, 1
90178, 1
90180, 1
90185, 1
90186, 1
90188, 2
90191, 1
90194, 2
90197, 1
90201, 1
90202, 1
90206, 1
90207, 1
90218, 1
90219, 1
90222, 1
90223, 3
90226, 1
90227, 1
90228, 1
90229, 1
90233, 1
90234, 1
90235, 3
90248, 1
90249, 1
90252, 1
90253, 1
90256, 1
90264, 1
90267, 1
90272, 1
90274, 1
90275, 1
90278, 1
90292, 2
90295, 1
90298, 1
90301, 1
90303, 1
90307, 2
90311, 1
90313, 2
90314, 1
90317, 1
90319, 4
90323, 2
90327, 1
90328, 1
90329, 1
90332, 2
90335, 1
90338, 1
90340, 1
90341, 2
90342, 1
90349, 1
90350, 1
90355, 1
90367, 1
90370, 1
90383, 1
90385, 1
90388, 1
90390, 1
90391, 2
90404, 1
90409, 1
90410, 1
90412, 1
90418, 2
90422, 1
90427, 1
90429, 1
90433, 1
90434, 1
90435, 1
90436, 1
90438, 1
90439, 1
90449, 1
90457, 1
90463, 1
90464, 1
90467, 1
90476, 1
90479, 1
90483, 1
90486, 1
90487, 1
90489, 1
90491, 1
90492, 1
90494, 1
90495, 2
90502, 1
90510, 1
90513, 1
90523, 1
90525, 2
90526, 1
90527, 1
90528, 2
90542, 1
90543, 1
90556, 1
90561, 1
90568, 2
90585, 1
90597, 1
90600, 1
90604, 1
90606, 1
90608, 1
90612, 1
90613, 1
90617, 1
90631, 1
90642, 1
90644, 1
90648, 1
90651, 1
90653, 1
90655, 2
90659, 1
90662, 3
90677, 1
90701, 2
90709, 1
90713, 1
90719, 1
90726, 1
90727, 1
90732, 1
90735, 2
90736, 1
90741, 1
90763, 1
90770, 1
90775, 2
90776, 1
90780, 1
90789, 1
90798, 1
90805, 2
90808, 1
90816, 1
90823, 1
90826, 1
90830, 1
90832, 1
90841, 1
90851, 1
90859, 1
90868, 1
90874, 1
90883, 1
90887, 1
90893, 1
90896, 1
90897, 1
90906, 1
90907, 1
90911, 2
90917, 1
90918, 1
90933, 1
90935, 1
90937, 1
90946, 1
90948, 1
90950, 1
90967, 2
90968, 1
90976, 1
90977, 1
90982, 1
90984, 2
90985, 1
90989, 1
90994, 1
90997, 1
91004, 1
91014, 1
91016, 1
91023, 1
91024, 1
91053, 1
91056, 1
91065, 1
91068, 1
91069, 1
91070, 1
91072, 1
91081, 1
91083, 1
91087, 1
91095, 1
91102, 1
91105, 1
91110, 1
91116, 1
91118, 1
91128, 1
91137, 1
91147, 1
91161, 1
91162, 1
91165, 2
91168, 1
91170, 1
91173, 1
91175, 1
91176, 1
91177, 1
91178, 1
91199, 1
91206, 1
91208, 1
91209, 1
91210, 1
91223, 1
91239, 1
91243, 1
91252, 1
91259, 1
91261, 1
91266, 1
91275, 1
91292, 1
91295, 1
91299, 1
91300, 1
91314, 1
91327, 1
91328, 1
91334, 1
91337, 1
91338, 2
91339, 1
91345, 2
91348, 1
91352, 1
91360, 1
91364, 1
91365, 1
91374, 1
91376, 1
91381, 1
91392, 1
91395, 1
91396, 1
91400, 1
91408, 1
91409, 2
91418, 1
91433, 1
91438, 1
91446, 1
91449, 1
91452, 1
91458, 1
91459, 1
91463, 1
91473, 1
91481, 1
91484, 1
91488, 1
91489, 1
91500, 1
91514, 1
91515, 1
91521, 1
91529, 1
91538, 1
91550, 1
91559, 1
91562, 1
91563, 1
91574, 1
91576, 1
91581, 1
91585, 1
91592, 1
91594, 1
91597, 1
91606, 1
91613, 1
91614, 1
91616, 1
91618, 1
91621, 1
91640, 1
91643, 1
91649, 2
91659, 1
91663, 1
91666, 1
91667, 1
91670, 1
91671, 1
91673, 1
91679, 1
91680, 1
91692, 1
91697, 1
91704, 1
91705, 1
91706, 1
91707, 1
91710, 1
91715, 1
91721, 1
91735, 1
91750, 1
91751, 2
91756, 1
91762, 1
91765, 1
91769, 1
91779, 2
91789, 1
91799, 1
91803, 1
91807, 1
91812, 1
91816, 1
91820, 1
91821, 1
91828, 1
91831, 1
91835, 1
91848, 1
91851, 1
91861, 1
91862, 1
91871, 1
91872, 1
91874, 1
91896, 1
91907, 1
91911, 2
91914, 1
91927, 1
91931, 1
91936, 2
91944, 1
91954, 1
91957, 2
91959, 1
91968, 1
91979, 1
91981, 1
91984, 1
91998, 1
92005, 1
92019, 1
92020, 1
92030, 1
92032, 1
92042, 2
92045, 1
92047, 1
92059, 1
92068, 1
92076, 1
92078, 3
92091, 1
92093, 1
92094, 1
92095, 1
92104, 1
92112, 1
92115, 1
92123, 1
92144, 1
92166, 1
92174, 1
92182, 1
92184, 1
92191, 1
92212, 1
92239, 1
92258, 1
92270, 1
92279, 1
92344, 1
92421, 1
92518, 1
103597, 1
103599, 1
103605, 1
103619, 1
103653, 1
103654, 1
103662, 1
103681, 1
103684, 1
103687, 1
103695, 1
103701, 1
103702, 1
103704, 1
103719, 2
103721, 1
103722, 1
103724, 1
103728, 1
103741, 1
103746, 1
103758, 1
103764, 1
103766, 1
103791, 1
103797, 1
103807, 1
103830, 1
103834, 1
103843, 1
103844, 1
103848, 1
103854, 1
103855, 1
103858, 1
103875, 1
103884, 2
103888, 1
103889, 1
103890, 1
103893, 1
103915, 1
103916, 3
103921, 1
103941, 2
103944, 1
103946, 1
103947, 1
103960, 2
103967, 1
103968, 2
103973, 1
103977, 1
103980, 1
103988, 2
103995, 1
103997, 2
104004, 1
104011, 1
104012, 1
104017, 1
104019, 1
104021, 1
104036, 1
104042, 1
104052, 1
104053, 1
104054, 1
104072, 1
104083, 1
104085, 1
104087, 1
104092, 1
104098, 1
104100, 1
104102, 1
104104, 1
104115, 1
104124, 1
104129, 1
104142, 1
104143, 1
104162, 1
104165, 2
104166, 1
104169, 1
104178, 1
104184, 1
104185, 1
104195, 1
104210, 1
104216, 1
104218, 1
104225, 1
104230, 1
104233, 1
104240, 1
104251, 1
104252, 2
104256, 1
104264, 1
104265, 1
104267, 1
104271, 1
104275, 1
104281, 1
104287, 1
104289, 1
104299, 1
104310, 1
104315, 1
104323, 1
104325, 1
104331, 1
104333, 2
104336, 1
104340, 1
104343, 1
104348, 1
104351, 1
104353, 1
104368, 1
104371, 1
104372, 1
104373, 1
104374, 1
104376, 1
104386, 1
104402, 1
104403, 2
104423, 1
104425, 1
104428, 1
104430, 1
104444, 1
104447, 1
104458, 1
104462, 2
104469, 1
104475, 1
104478, 1
104482, 1
104494, 1
104495, 1
104521, 1
104530, 1
104535, 1
104537, 1
104538, 1
104539, 1
104540, 1
104554, 1
104558, 1
104562, 1
104567, 2
104573, 1
104579, 1
104585, 1
104605, 1
104614, 1
104623, 1
104624, 1
104630, 3
104632, 1
104646, 1
104647, 1
104657, 2
104678, 1
104680, 1
104681, 1
104686, 1
104687, 1
104693, 2
104694, 1
104700, 1
104704, 1
104707, 1
104714, 1
104718, 1
104724, 1
104726, 1
104737, 1
104738, 1
104741, 1
104746, 1
104747, 1
104752, 1
104766, 1
104776, 1
104778, 1
104780, 1
104791, 1
104800, 1
104804, 1
104805, 1
104807, 1
104818, 1
104820, 1
104826, 1
104834, 1
104838, 1
104842, 1
104844, 2
104849, 1
104850, 1
104852, 1
104862, 1
104877, 1
104890, 1
104891, 1
104892, 1
104896, 1
104908, 1
104911, 1
104922, 1
104927, 1
104933, 1
104935, 1
104937, 1
104941, 1
104948, 1
104957, 1
104958, 1
104960, 1
104964, 1
104971, 1
104982, 1
104997, 1
104999, 1
105008, 1
105011, 1
105015, 1
105019, 1
105021, 1
105024, 1
105041, 1
105045, 1
105049, 2
105050, 1
105051, 1
105053, 1
105054, 2
105063, 1
105067, 1
105077, 1
105079, 1
105082, 1
105085, 1
105090, 1
105093, 1
105100, 1
105101, 1
105125, 1
105126, 1
105136, 2
105145, 1
105148, 1
105157, 1
105159, 1
105161, 1
105164, 1
105173, 1
105176, 1
105184, 1
105199, 2
105200, 1
105203, 1
105204, 1
105206, 1
105213, 2
105218, 1
105221, 1
105232, 1
105235, 1
105238, 1
105249, 1
105253, 1
105255, 1
105258, 1
105259, 1
105262, 1
105270, 1
105283, 1
105284, 2
105285, 1
105290, 1
105292, 1
105293, 1
105297, 1
105304, 1
105312, 1
105313, 1
105315, 1
105316, 1
105324, 1
105329, 1
105341, 1
105344, 1
105347, 1
105360, 1
105374, 1
105376, 1
105388, 1
105396, 1
105398, 2
105400, 1
105401, 1
105405, 1
105406, 3
105408, 1
105411, 1
105413, 1
105428, 1
105429, 1
105434, 2
105438, 1
105440, 1
105441, 1
105443, 1
105450, 1
105451, 1
105454, 1
105460, 2
105466, 2
105468, 1
105473, 1
105476, 1
105477, 1
105483, 1
105485, 1
105489, 1
105495, 1
105497, 2
105500, 1
105501, 1
105504, 1
105506, 2
105514, 2
105515, 1
105520, 1
105527, 1
105528, 1
105535, 1
105549, 1
105551, 1
105559, 1
105561, 1
105570, 1
105573, 1
105574, 1
105576, 1
105577, 1
105587, 1
105589, 1
105590, 1
105592, 1
105593, 1
105595, 1
105597, 1
105605, 1
105609, 1
105613, 1
105619, 1
105623, 1
105624, 1
105630, 1
105631, 1
105639, 1
105640, 2
105641, 1
105642, 2
105648, 1
105652, 1
105656, 2
105657, 1
105665, 1
105670, 1
105674, 2
105679, 2
105690, 1
105692, 1
105696, 1
105698, 1
105702, 1
105705, 2
105708, 1
105709, 1
105711, 1
105713, 1
105716, 1
105717, 1
105719, 1
105724, 1
105726, 1
105729, 1
105730, 1
105732, 3
105734, 1
105736, 2
105737, 1
105738, 1
105740, 1
105744, 1
105753, 1
105756, 1
105757, 3
105758, 1
105765, 1
105770, 1
105771, 1
105773, 1
105779, 1
105790, 1
105792, 2
105797, 1
105809, 1
105812, 1
105817, 1
105819, 1
105824, 1
105825, 1
105832, 1
105836, 1
105838, 2
105847, 1
105867, 2
105869, 1
105870, 1
105871, 1
105872, 1
105873, 1
105876, 1
105878, 1
105882, 1
105887, 1
105888, 1
105890, 1
105900, 2
105903, 1
105906, 1
105911, 1
105915, 1
105918, 2
105919, 1
105925, 1
105926, 1
105933, 1
105935, 1
105936, 1
105940, 2
105942, 1
105945, 1
105956, 1
105959, 1
105960, 2
105973, 1
105976, 1
105977, 2
105986, 1
105988, 1
105991, 1
105992, 1
105995, 3
105996, 1
105997, 1
105998, 1
106002, 1
106007, 1
106011, 1
106013, 1
106019, 1
106021, 1
106029, 1
106030, 1
106032, 1
106043, 1
106048, 1
106049, 1
106066, 1
106075, 1
106077, 1
106087, 1
106089, 1
106097, 1
106104, 1
106105, 2
106108, 1
106111, 1
106113, 1
106117, 1
106126, 1
106153, 1
106156, 1
106160, 2
106162, 1
106165, 1
106167, 1
106169, 1
106175, 1
106180, 1
106185, 1
106188, 1
106208, 1
106209, 1
106211, 1
106213, 1
106218, 1
106235, 1
106237, 1
106245, 1
106252, 1
106265, 2
106273, 1
106277, 1
106282, 1
106283, 1
106295, 1
106300, 1
106308, 2
106310, 1
106322, 1
106325, 2
106327, 1
106332, 2
106333, 1
106334, 1
106335, 1
106345, 1
106346, 1
106347, 1
106348, 1
106351, 2
106382, 1
106383, 1
106395, 1
106403, 1
106409, 1
106417, 1
106421, 1
106428, 1
106433, 1
106454, 1
106455, 1
106458, 1
106460, 1
106472, 1
106473, 1
106490, 1
106494, 1
106502, 1
106504, 1
106506, 1
106509, 2
106512, 1
106516, 1
106520, 1
106530, 1
106538, 1
106539, 1
106541, 1
106546, 1
106548, 1
106550, 2
106557, 1
106576, 2
106582, 1
106590, 1
106593, 1
106594, 1
106606, 2
106607, 1
106611, 1
106632, 1
106639, 1
106643, 1
106647, 1
106650, 1
106655, 1
106660, 1
106661, 1
106666, 1
106669, 1
106670, 1
106671, 1
106678, 1
106686, 1
106698, 1
106706, 1
106712, 1
106728, 1
106729, 1
106731, 1
106737, 1
106747, 1
106752, 1
106759, 1
106760, 1
106762, 1
106764, 1
106766, 1
106770, 1
106771, 1
106772, 1
106777, 1
106788, 1
106796, 1
106797, 1
106799, 1
106804, 1
106810, 1
106813, 1
106819, 1
106822, 1
106823, 1
106844, 1
106852, 1
106853, 1
106864, 1
106874, 2
106883, 1
106886, 1
106888, 1
106896, 1
106903, 1
106913, 1
106918, 1
106921, 1
106927, 1
106928, 1
106930, 1
106931, 1
106935, 1
106944, 1
106948, 1
106955, 1
106958, 2
106968, 1
106983, 1
106986, 1
107002, 1
107009, 1
107010, 1
107016, 2
107024, 1
107027, 1
107029, 1
107031, 2
107041, 1
107045, 1
107048, 2
107067, 1
107070, 1
107071, 1
107083, 2
107084, 1
107093, 1
107102, 1
107103, 1
107105, 1
107116, 3
107125, 1
107128, 1
107129, 1
107166, 2
107171, 1
107177, 2
107182, 1
107183, 1
107188, 1
107205, 1
107213, 1
107215, 1
107216, 1
107233, 1
107235, 1
107236, 2
107238, 1
107251, 1
107255, 1
107256, 1
107267, 2
107268, 1
107269, 1
107270, 1
107284, 1
107289, 1
107309, 1
107310, 1
107319, 1
107320, 1
107324, 1
107330, 2
107342, 2
107343, 1
107344, 1
107356, 1
107364, 1
107367, 1
107370, 1
107378, 1
107380, 1
107389, 1
107396, 1
107400, 1
107404, 1
107405, 1
107406, 1
107411, 1
107413, 1
107419, 1
107423, 1
107450, 1
107451, 1
107452, 1
107457, 2
107465, 1
107476, 1
107479, 2
107480, 1
107491, 1
107502, 1
107507, 1
107526, 1
107527, 1
107529, 1
107532, 1
107536, 1
107557, 1
107566, 1
107569, 1
107601, 1
107612, 1
107633, 1
107681, 1
107693, 1
107768, 1
107809, 1
111552, 2
111553, 1
111555, 1
111585, 1
111589, 1
111594, 1
111603, 1
111612, 2
111614, 2
111634, 2
111644, 1
111650, 1
111658, 1
111672, 1
111673, 1
111674, 1
111676, 1
111678, 1
111683, 1
111684, 1
111702, 1
111706, 1
111718, 1
111722, 1
111723, 1
111724, 1
111726, 1
111728, 1
111737, 1
111741, 1
111744, 1
111754, 1
111755, 1
111757, 1
111770, 2
111772, 2
111774, 1
111778, 1
111779, 1
111780, 1
111785, 1
111791, 1
111804, 1
111805, 1
111809, 1
111811, 1
111816, 1
111820, 1
111824, 1
111828, 1
111832, 1
111860, 1
111863, 1
111872, 1
111879, 1
111886, 1
111887, 2
111890, 1
111895, 1
111902, 1
111913, 1
111915, 1
111919, 1
111926, 1
111931, 1
111934, 1
111936, 1
111941, 1
111951, 1
111952, 1
111967, 1
111982, 1
111984, 2
111987, 2
111997, 1
112000, 1
112003, 1
112004, 1
112013, 1
112027, 1
112028, 1
112040, 1
112046, 1
112058, 1
112061, 1
112064, 1
112073, 1
112078, 1
112079, 1
112080, 1
112083, 1
112088, 1
112097, 1
112107, 1
112108, 1
112116, 1
112124, 1
112128, 1
112129, 1
112138, 1
112143, 1
112154, 1
112155, 1
112157, 1
112160, 1
112161, 1
112164, 2
112166, 1
112168, 1
112172, 1
112176, 1
112184, 1
112187, 1
112190, 1
112192, 1
112199, 1
112203, 1
112214, 1
112225, 1
112230, 1
112232, 1
112233, 1
112236, 1
112244, 1
112260, 1
112273, 1
112274, 1
112294, 2
112302, 1
112306, 1
112309, 1
112319, 1
112320, 1
112322, 1
112325, 1
112326, 1
112346, 1
112351, 2
112353, 1
112356, 2
112357, 1
112363, 1
112372, 1
112376, 1
112383, 1
112389, 1
112392, 1
112395, 1
112403, 2
112404, 1
112418, 1
112424, 1
112429, 1
112433, 1
112437, 1
112459, 1
112465, 1
112467, 1
112472, 1
112477, 1
112478, 1
112482, 1
112485, 1
112491, 1
112495, 2
112511, 1
112512, 1
112517, 1
112518, 1
112520, 1
112522, 1
112535, 1
112536, 2
112557, 1
112570, 1
112574, 1
112576, 1
112582, 2
112585, 1
112587, 1
112591, 1
112595, 1
112597, 1
112608, 1
112613, 1
112617, 1
112620, 1
112623, 1
112633, 1
112651, 1
112658, 1
112661, 1
112669, 1
112670, 1
112671, 1
112681, 1
112687, 1
112696, 1
112697, 1
112707, 1
112712, 1
112714, 1
112722, 1
112723, 1
112727, 1
112729, 2
112737, 1
112742, 1
112743, 1
112751, 1
112762, 1
112763, 1
112780, 1
112783, 1
112784, 1
112788, 1
112792, 1
112796, 1
112807, 1
112815, 1
112824, 1
112832, 1
112842, 1
112843, 1
112844, 1
112846, 1
112850, 1
112862, 1
112865, 1
112869, 1
112874, 1
112886, 1
112890, 1
112891, 1
112899, 1
112901, 1
112902, 1
112907, 1
112908, 2
112911, 1
112917, 1
112922, 1
112925, 1
112926, 1
112929, 1
112943, 1
112961, 1
112971, 1
112975, 1
112978, 1
112982, 1
112992, 1
113001, 1
113005, 1
113021, 1
113033, 1
113034, 2
113046, 1
113047, 1
113055, 1
113066, 1
113068, 1
113073, 1
113094, 1
113095, 2
113101, 1
113120, 1
113137, 1
113141, 1
113147, 1
113170, 1
113179, 1
113188, 1
113195, 1
113230, 1
113250, 1
