15:19:16.197 INF Connecting to orderer. addrStr=52.64.148.24:10165 peerId=15
15:19:16.197 INF Connecting to orderer. addrStr=3.14.144.139:10033 peerId=3
15:19:16.198 INF Connecting to orderer. addrStr=43.206.241.7:10099 peerId=9
15:19:16.198 INF Connecting to orderer. addrStr=54.238.110.121:10110 peerId=10
15:19:16.198 INF Connecting to orderer. addrStr=52.47.111.147:10044 peerId=4
15:19:16.198 INF Connecting to orderer. addrStr=13.38.238.59:10055 peerId=5
15:19:16.198 INF Connecting to orderer. addrStr=13.230.4.69:10121 peerId=11
15:19:16.198 INF Connecting to orderer. addrStr=13.211.228.185:10132 peerId=12
15:19:16.198 INF Connecting to orderer. addrStr=13.39.18.30:10066 peerId=6
15:19:16.198 INF Connecting to orderer. addrStr=13.239.134.96:10143 peerId=13
15:19:16.198 INF Connecting to orderer. addrStr=13.36.209.117:10077 peerId=7
15:19:16.198 INF Connecting to orderer. addrStr=54.79.81.29:10154 peerId=14
15:19:16.198 INF Connecting to orderer. addrStr=13.230.172.207:10088 peerId=8
15:19:16.198 INF Connecting to orderer. addrStr=18.224.0.14:10022 peerId=2
15:19:16.199 INF Connecting to orderer. addrStr=3.144.119.237:10000 peerId=0
15:19:16.199 INF Connecting to orderer. addrStr=3.144.101.194:10011 peerId=1
15:19:16.242 INF Connected to orderer. addrStr=13.230.172.207:10088 id=8
15:19:16.244 INF Connected to orderer. addrStr=13.230.4.69:10121 id=11
15:19:16.257 INF Connected to orderer. addrStr=54.238.110.121:10110 id=10
15:19:16.258 INF Connected to orderer. addrStr=43.206.241.7:10099 id=9
15:19:16.755 INF Connected to orderer. addrStr=13.211.228.185:10132 id=12
15:19:16.763 INF Connected to orderer. addrStr=52.64.148.24:10165 id=15
15:19:16.777 INF Connected to orderer. addrStr=54.79.81.29:10154 id=14
15:19:16.794 INF Connected to orderer. addrStr=13.239.134.96:10143 id=13
15:19:16.851 INF Connected to orderer. addrStr=3.144.101.194:10011 id=1
15:19:16.854 INF Connected to orderer. addrStr=3.14.144.139:10033 id=3
15:19:16.860 INF Connected to orderer. addrStr=3.144.119.237:10000 id=0
15:19:16.912 INF Connected to orderer. addrStr=18.224.0.14:10022 id=2
15:19:17.269 INF Connected to orderer. addrStr=13.39.18.30:10066 id=6
15:19:17.272 INF Connected to orderer. addrStr=13.36.209.117:10077 id=7
15:19:17.275 INF Connected to orderer. addrStr=13.38.238.59:10055 id=5
15:19:17.279 INF Connected to orderer. addrStr=52.47.111.147:10044 id=4
15:19:17.281 INF Connected to orderers.
15:19:17.281 INF Updating bucket assignment. epoch=0
15:19:17.281 INF Resubmitted Requests. epoch=0 n=0
15:19:17.282 INF Setting up client timeout. clientRunTime=15000
15:19:17.282 INF Starting to submit requests. numRequests=8203
15:19:17.282 INF Submitted request. clSeqNr=0
15:19:17.286 INF Submitted request. clSeqNr=1
15:19:17.290 INF Submitted request. clSeqNr=2
15:19:17.293 INF Submitted request. clSeqNr=3
15:19:17.297 INF Submitted request. clSeqNr=4
15:19:17.301 INF Submitted request. clSeqNr=5
15:19:17.304 INF Submitted request. clSeqNr=6
15:19:17.308 INF Submitted request. clSeqNr=7
15:19:17.311 INF Submitted request. clSeqNr=8
15:19:17.315 INF Submitted request. clSeqNr=9
15:19:17.319 INF Submitted request. clSeqNr=10
15:19:17.323 INF Submitted request. clSeqNr=11
15:19:17.326 INF Submitted request. clSeqNr=12
15:19:17.330 INF Submitted request. clSeqNr=13
15:19:17.333 INF Submitted request. clSeqNr=14
15:19:17.338 INF Submitted request. clSeqNr=15
15:19:17.341 INF Submitted request. clSeqNr=16
15:19:17.344 INF Submitted request. clSeqNr=17
15:19:17.349 INF Submitted request. clSeqNr=18
15:19:17.352 INF Submitted request. clSeqNr=19
15:19:17.355 INF Submitted request. clSeqNr=20
15:19:17.360 INF Submitted request. clSeqNr=21
15:19:17.363 INF Submitted request. clSeqNr=22
15:19:17.366 INF Submitted request. clSeqNr=23
15:19:17.371 INF Submitted request. clSeqNr=24
15:19:17.374 INF Submitted request. clSeqNr=25
15:19:17.377 INF Submitted request. clSeqNr=26
15:19:17.381 INF Submitted request. clSeqNr=27
15:19:17.385 INF Submitted request. clSeqNr=28
15:19:17.389 INF Submitted request. clSeqNr=29
15:19:17.392 INF Submitted request. clSeqNr=30
15:19:17.396 INF Submitted request. clSeqNr=31
15:19:17.400 INF Submitted request. clSeqNr=32
15:19:17.404 INF Submitted request. clSeqNr=33
15:19:17.406 INF Submitted request. clSeqNr=34
15:19:17.410 INF Submitted request. clSeqNr=35
15:19:17.415 INF Submitted request. clSeqNr=36
15:19:17.418 INF Submitted request. clSeqNr=37
15:19:17.422 INF Submitted request. clSeqNr=38
15:19:17.425 INF Submitted request. clSeqNr=39
15:19:17.428 INF Submitted request. clSeqNr=40
15:19:17.432 INF Submitted request. clSeqNr=41
15:19:17.436 INF Submitted request. clSeqNr=42
15:19:17.440 INF Submitted request. clSeqNr=43
15:19:17.443 INF Submitted request. clSeqNr=44
15:19:17.447 INF Submitted request. clSeqNr=45
15:19:17.451 INF Submitted request. clSeqNr=46
15:19:17.454 INF Submitted request. clSeqNr=47
15:19:17.458 INF Submitted request. clSeqNr=48
15:19:17.462 INF Submitted request. clSeqNr=49
15:19:17.465 INF Submitted request. clSeqNr=50
15:19:17.469 INF Submitted request. clSeqNr=51
15:19:17.473 INF Submitted request. clSeqNr=52
15:19:17.476 INF Submitted request. clSeqNr=53
15:19:17.480 INF Submitted request. clSeqNr=54
15:19:17.483 INF Submitted request. clSeqNr=55
15:19:17.488 INF Submitted request. clSeqNr=56
15:19:17.492 INF Submitted request. clSeqNr=57
15:19:17.495 INF Submitted request. clSeqNr=58
15:19:17.498 INF Submitted request. clSeqNr=59
15:19:17.502 INF Submitted request. clSeqNr=60
15:19:17.506 INF Submitted request. clSeqNr=61
15:19:17.509 INF Submitted request. clSeqNr=62
15:19:17.513 INF Submitted request. clSeqNr=63
15:19:17.517 INF Submitted request. clSeqNr=64
15:19:17.520 INF Submitted request. clSeqNr=65
15:19:17.524 INF Submitted request. clSeqNr=66
15:19:17.528 INF Submitted request. clSeqNr=67
15:19:17.531 INF Submitted request. clSeqNr=68
15:19:17.535 INF Submitted request. clSeqNr=69
15:19:17.539 INF Submitted request. clSeqNr=70
15:19:17.542 INF Submitted request. clSeqNr=71
15:19:17.546 INF Submitted request. clSeqNr=72
15:19:17.550 INF Submitted request. clSeqNr=73
15:19:17.553 INF Submitted request. clSeqNr=74
15:19:17.557 INF Submitted request. clSeqNr=75
15:19:17.560 INF Submitted request. clSeqNr=76
15:19:17.564 INF Submitted request. clSeqNr=77
15:19:17.568 INF Submitted request. clSeqNr=78
15:19:17.571 INF Submitted request. clSeqNr=79
15:19:17.576 INF Submitted request. clSeqNr=80
15:19:17.579 INF Submitted request. clSeqNr=81
15:19:17.582 INF Submitted request. clSeqNr=82
15:19:17.586 INF Submitted request. clSeqNr=83
15:19:17.590 INF Submitted request. clSeqNr=84
15:19:17.593 INF Submitted request. clSeqNr=85
15:19:17.597 INF Submitted request. clSeqNr=86
15:19:17.602 INF Submitted request. clSeqNr=87
15:19:17.604 INF Submitted request. clSeqNr=88
15:19:17.608 INF Submitted request. clSeqNr=89
15:19:17.612 INF Submitted request. clSeqNr=90
15:19:17.616 INF Submitted request. clSeqNr=91
15:19:17.619 INF Submitted request. clSeqNr=92
15:19:17.623 INF Submitted request. clSeqNr=93
15:19:17.627 INF Submitted request. clSeqNr=94
15:19:17.630 INF Submitted request. clSeqNr=95
15:19:17.634 INF Submitted request. clSeqNr=96
15:19:17.638 INF Submitted request. clSeqNr=97
15:19:17.641 INF Submitted request. clSeqNr=98
15:19:17.645 INF Submitted request. clSeqNr=99
15:19:17.648 INF Submitted request. clSeqNr=100
15:19:17.652 INF Submitted request. clSeqNr=101
15:19:17.656 INF Submitted request. clSeqNr=102
15:19:17.659 INF Submitted request. clSeqNr=103
15:19:17.663 INF Submitted request. clSeqNr=104
15:19:17.667 INF Submitted request. clSeqNr=105
15:19:17.670 INF Submitted request. clSeqNr=106
15:19:17.675 INF Submitted request. clSeqNr=107
15:19:17.677 INF Submitted request. clSeqNr=108
15:19:17.682 INF Submitted request. clSeqNr=109
15:19:17.685 INF Submitted request. clSeqNr=110
15:19:17.689 INF Submitted request. clSeqNr=111
15:19:17.693 INF Submitted request. clSeqNr=112
15:19:17.696 INF Submitted request. clSeqNr=113
15:19:17.700 INF Submitted request. clSeqNr=114
15:19:17.703 INF Submitted request. clSeqNr=115
15:19:17.708 INF Submitted request. clSeqNr=116
15:19:17.711 INF Submitted request. clSeqNr=117
15:19:17.715 INF Submitted request. clSeqNr=118
15:19:17.718 INF Submitted request. clSeqNr=119
15:19:17.722 INF Submitted request. clSeqNr=120
15:19:17.726 INF Submitted request. clSeqNr=121
15:19:17.729 INF Submitted request. clSeqNr=122
15:19:17.732 INF Submitted request. clSeqNr=123
15:19:17.736 INF Submitted request. clSeqNr=124
15:19:17.740 INF Submitted request. clSeqNr=125
15:19:17.744 INF Submitted request. clSeqNr=126
15:19:17.748 INF Submitted request. clSeqNr=127
15:19:17.751 INF Submitted request. clSeqNr=128
15:19:17.755 INF Submitted request. clSeqNr=129
15:19:17.759 INF Submitted request. clSeqNr=130
15:19:17.762 INF Submitted request. clSeqNr=131
15:19:17.765 INF Submitted request. clSeqNr=132
15:19:17.769 INF Submitted request. clSeqNr=133
15:19:17.774 INF Submitted request. clSeqNr=134
15:19:17.776 INF Submitted request. clSeqNr=135
15:19:17.780 INF Submitted request. clSeqNr=136
15:19:17.784 INF Submitted request. clSeqNr=137
15:19:17.788 INF Submitted request. clSeqNr=138
15:19:17.792 INF Submitted request. clSeqNr=139
15:19:17.795 INF Submitted request. clSeqNr=140
15:19:17.799 INF Submitted request. clSeqNr=141
15:19:17.802 INF Submitted request. clSeqNr=142
15:19:17.806 INF Submitted request. clSeqNr=143
15:19:17.810 INF Submitted request. clSeqNr=144
15:19:17.814 INF Submitted request. clSeqNr=145
15:19:17.817 INF Submitted request. clSeqNr=146
15:19:17.821 INF Submitted request. clSeqNr=147
15:19:17.824 INF Submitted request. clSeqNr=148
15:19:17.828 INF Submitted request. clSeqNr=149
15:19:17.832 INF Submitted request. clSeqNr=150
15:19:17.835 INF Submitted request. clSeqNr=151
15:19:17.839 INF Submitted request. clSeqNr=152
15:19:17.843 INF Submitted request. clSeqNr=153
15:19:17.846 INF Submitted request. clSeqNr=154
15:19:17.850 INF Submitted request. clSeqNr=155
15:19:17.854 INF Submitted request. clSeqNr=156
15:19:17.857 INF Submitted request. clSeqNr=157
15:19:17.861 INF Submitted request. clSeqNr=158
15:19:17.864 INF Submitted request. clSeqNr=159
15:19:17.869 INF Submitted request. clSeqNr=160
15:19:17.872 INF Submitted request. clSeqNr=161
15:19:17.876 INF Submitted request. clSeqNr=162
15:19:17.879 INF Submitted request. clSeqNr=163
15:19:17.883 INF Submitted request. clSeqNr=164
15:19:17.887 INF Submitted request. clSeqNr=165
15:19:17.891 INF Submitted request. clSeqNr=166
15:19:17.894 INF Submitted request. clSeqNr=167
15:19:17.898 INF Submitted request. clSeqNr=168
15:19:17.901 INF Submitted request. clSeqNr=169
15:19:17.905 INF Submitted request. clSeqNr=170
15:19:17.908 INF Submitted request. clSeqNr=171
15:19:17.912 INF Submitted request. clSeqNr=172
15:19:17.916 INF Submitted request. clSeqNr=173
15:19:17.919 INF Submitted request. clSeqNr=174
15:19:17.923 INF Submitted request. clSeqNr=175
15:19:17.927 INF Submitted request. clSeqNr=176
15:19:17.931 INF Submitted request. clSeqNr=177
15:19:17.934 INF Submitted request. clSeqNr=178
15:19:17.938 INF Submitted request. clSeqNr=179
15:19:17.942 INF Submitted request. clSeqNr=180
15:19:17.945 INF Submitted request. clSeqNr=181
15:19:17.949 INF Submitted request. clSeqNr=182
15:19:17.952 INF Submitted request. clSeqNr=183
15:19:17.956 INF Submitted request. clSeqNr=184
15:19:17.960 INF Submitted request. clSeqNr=185
15:19:17.963 INF Submitted request. clSeqNr=186
15:19:17.967 INF Submitted request. clSeqNr=187
15:19:17.971 INF Submitted request. clSeqNr=188
15:19:17.975 INF Submitted request. clSeqNr=189
15:19:17.978 INF Submitted request. clSeqNr=190
15:19:17.982 INF Submitted request. clSeqNr=191
15:19:17.985 INF Submitted request. clSeqNr=192
15:19:17.989 INF Submitted request. clSeqNr=193
15:19:17.993 INF Submitted request. clSeqNr=194
15:19:17.996 INF Submitted request. clSeqNr=195
15:19:18.000 INF Submitted request. clSeqNr=196
15:19:18.004 INF Submitted request. clSeqNr=197
15:19:18.008 INF Submitted request. clSeqNr=198
15:19:18.011 INF Submitted request. clSeqNr=199
15:19:18.015 INF Submitted request. clSeqNr=200
15:19:18.018 INF Submitted request. clSeqNr=201
15:19:18.022 INF Submitted request. clSeqNr=202
15:19:18.026 INF Submitted request. clSeqNr=203
15:19:18.029 INF Submitted request. clSeqNr=204
15:19:18.033 INF Submitted request. clSeqNr=205
15:19:18.037 INF Submitted request. clSeqNr=206
15:19:18.040 INF Submitted request. clSeqNr=207
15:19:18.045 INF Submitted request. clSeqNr=208
15:19:18.048 INF Submitted request. clSeqNr=209
15:19:18.051 INF Submitted request. clSeqNr=210
15:19:18.055 INF Submitted request. clSeqNr=211
15:19:18.058 INF Submitted request. clSeqNr=212
15:19:18.063 INF Submitted request. clSeqNr=213
15:19:18.066 INF Submitted request. clSeqNr=214
15:19:18.069 INF Submitted request. clSeqNr=215
15:19:18.074 INF Submitted request. clSeqNr=216
15:19:18.078 INF Submitted request. clSeqNr=217
15:19:18.081 INF Submitted request. clSeqNr=218
15:19:18.085 INF Submitted request. clSeqNr=219
15:19:18.088 INF Submitted request. clSeqNr=220
15:19:18.092 INF Submitted request. clSeqNr=221
15:19:18.095 INF Submitted request. clSeqNr=222
15:19:18.099 INF Submitted request. clSeqNr=223
15:19:18.103 INF Submitted request. clSeqNr=224
15:19:18.107 INF Submitted request. clSeqNr=225
15:19:18.110 INF Submitted request. clSeqNr=226
15:19:18.113 INF Submitted request. clSeqNr=227
15:19:18.117 INF Submitted request. clSeqNr=228
15:19:18.122 INF Submitted request. clSeqNr=229
15:19:18.125 INF Submitted request. clSeqNr=230
15:19:18.128 INF Submitted request. clSeqNr=231
15:19:18.132 INF Submitted request. clSeqNr=232
15:19:18.135 INF Submitted request. clSeqNr=233
15:19:18.139 INF Submitted request. clSeqNr=234
15:19:18.143 INF Submitted request. clSeqNr=235
15:19:18.147 INF Submitted request. clSeqNr=236
15:19:18.150 INF Submitted request. clSeqNr=237
15:19:18.154 INF Submitted request. clSeqNr=238
15:19:18.157 INF Submitted request. clSeqNr=239
15:19:18.161 INF Submitted request. clSeqNr=240
15:19:18.165 INF Submitted request. clSeqNr=241
15:19:18.168 INF Submitted request. clSeqNr=242
15:19:18.172 INF Submitted request. clSeqNr=243
15:19:18.176 INF Submitted request. clSeqNr=244
15:19:18.179 INF Submitted request. clSeqNr=245
15:19:18.183 INF Submitted request. clSeqNr=246
15:19:18.187 INF Submitted request. clSeqNr=247
15:19:18.191 INF Submitted request. clSeqNr=248
15:19:18.194 INF Submitted request. clSeqNr=249
15:19:18.198 INF Submitted request. clSeqNr=250
15:19:18.202 INF Submitted request. clSeqNr=251
15:19:18.205 INF Submitted request. clSeqNr=252
15:19:18.209 INF Submitted request. clSeqNr=253
15:19:18.213 INF Submitted request. clSeqNr=254
15:19:18.216 INF Submitted request. clSeqNr=255
15:19:18.220 INF Submitted request. clSeqNr=256
15:19:18.224 INF Submitted request. clSeqNr=257
15:19:18.227 INF Submitted request. clSeqNr=258
15:19:18.231 INF Submitted request. clSeqNr=259
15:19:18.234 INF Submitted request. clSeqNr=260
15:19:18.238 INF Submitted request. clSeqNr=261
15:19:18.242 INF Submitted request. clSeqNr=262
15:19:18.245 INF Submitted request. clSeqNr=263
15:19:18.249 INF Submitted request. clSeqNr=264
15:19:18.253 INF Submitted request. clSeqNr=265
15:19:18.256 INF Submitted request. clSeqNr=266
15:19:18.260 INF Submitted request. clSeqNr=267
15:19:18.264 INF Submitted request. clSeqNr=268
15:19:18.267 INF Submitted request. clSeqNr=269
15:19:18.271 INF Submitted request. clSeqNr=270
15:19:18.275 INF Submitted request. clSeqNr=271
15:19:18.279 INF Submitted request. clSeqNr=272
15:19:18.282 INF Submitted request. clSeqNr=273
15:19:18.286 INF Submitted request. clSeqNr=274
15:19:18.289 INF Submitted request. clSeqNr=275
15:19:18.294 INF Submitted request. clSeqNr=276
15:19:18.297 INF Submitted request. clSeqNr=277
15:19:18.301 INF Submitted request. clSeqNr=278
15:19:18.305 INF Submitted request. clSeqNr=279
15:19:18.308 INF Submitted request. clSeqNr=280
15:19:18.311 INF Submitted request. clSeqNr=281
15:19:18.315 INF Submitted request. clSeqNr=282
15:19:18.319 INF Submitted request. clSeqNr=283
15:19:18.322 INF Submitted request. clSeqNr=284
15:19:18.326 INF Submitted request. clSeqNr=285
15:19:18.330 INF Submitted request. clSeqNr=286
15:19:18.334 INF Submitted request. clSeqNr=287
15:19:18.337 INF Submitted request. clSeqNr=288
15:19:18.341 INF Submitted request. clSeqNr=289
15:19:18.345 INF Submitted request. clSeqNr=290
15:19:18.348 INF Submitted request. clSeqNr=291
15:19:18.351 INF Submitted request. clSeqNr=292
15:19:18.355 INF Submitted request. clSeqNr=293
15:19:18.360 INF Submitted request. clSeqNr=294
15:19:18.362 INF Submitted request. clSeqNr=295
15:19:18.367 INF Submitted request. clSeqNr=296
15:19:18.371 INF Submitted request. clSeqNr=297
15:19:18.373 INF Submitted request. clSeqNr=298
15:19:18.378 INF Submitted request. clSeqNr=299
15:19:18.381 INF Submitted request. clSeqNr=300
15:19:18.385 INF Submitted request. clSeqNr=301
15:19:18.389 INF Submitted request. clSeqNr=302
15:19:18.392 INF Submitted request. clSeqNr=303
15:19:18.396 INF Submitted request. clSeqNr=304
15:19:18.399 INF Submitted request. clSeqNr=305
15:19:18.403 INF Submitted request. clSeqNr=306
15:19:18.407 INF Submitted request. clSeqNr=307
15:19:18.410 INF Submitted request. clSeqNr=308
15:19:18.414 INF Submitted request. clSeqNr=309
15:19:18.417 INF Submitted request. clSeqNr=310
15:19:18.422 INF Submitted request. clSeqNr=311
15:19:18.425 INF Submitted request. clSeqNr=312
15:19:18.428 INF Submitted request. clSeqNr=313
15:19:18.433 INF Submitted request. clSeqNr=314
15:19:18.436 INF Submitted request. clSeqNr=315
15:19:18.440 INF Submitted request. clSeqNr=316
15:19:18.443 INF Submitted request. clSeqNr=317
15:19:18.447 INF Submitted request. clSeqNr=318
15:19:18.451 INF Submitted request. clSeqNr=319
15:19:18.454 INF Submitted request. clSeqNr=320
15:19:18.458 INF Submitted request. clSeqNr=321
15:19:18.461 INF Submitted request. clSeqNr=322
15:19:18.466 INF Submitted request. clSeqNr=323
15:19:18.469 INF Submitted request. clSeqNr=324
15:19:18.473 INF Submitted request. clSeqNr=325
15:19:18.476 INF Submitted request. clSeqNr=326
15:19:18.480 INF Submitted request. clSeqNr=327
15:19:18.484 INF Submitted request. clSeqNr=328
15:19:18.487 INF Submitted request. clSeqNr=329
15:19:18.491 INF Submitted request. clSeqNr=330
15:19:18.494 INF Submitted request. clSeqNr=331
15:19:18.499 INF Submitted request. clSeqNr=332
15:19:18.502 INF Submitted request. clSeqNr=333
15:19:18.505 INF Submitted request. clSeqNr=334
15:19:18.509 INF Submitted request. clSeqNr=335
15:19:18.513 INF Submitted request. clSeqNr=336
15:19:18.516 INF Submitted request. clSeqNr=337
15:19:18.520 INF Submitted request. clSeqNr=338
15:19:18.524 INF Submitted request. clSeqNr=339
15:19:18.528 INF Submitted request. clSeqNr=340
15:19:18.531 INF Submitted request. clSeqNr=341
15:19:18.535 INF Submitted request. clSeqNr=342
15:19:18.538 INF Submitted request. clSeqNr=343
15:19:18.543 INF Submitted request. clSeqNr=344
15:19:18.546 INF Submitted request. clSeqNr=345
15:19:18.549 INF Submitted request. clSeqNr=346
15:19:18.554 INF Submitted request. clSeqNr=347
15:19:18.557 INF Submitted request. clSeqNr=348
15:19:18.561 INF Submitted request. clSeqNr=349
15:19:18.564 INF Submitted request. clSeqNr=350
15:19:18.568 INF Submitted request. clSeqNr=351
15:19:18.571 INF Submitted request. clSeqNr=352
15:19:18.575 INF Submitted request. clSeqNr=353
15:19:18.579 INF Submitted request. clSeqNr=354
15:19:18.583 INF Submitted request. clSeqNr=355
15:19:18.586 INF Submitted request. clSeqNr=356
15:19:18.590 INF Submitted request. clSeqNr=357
15:19:18.594 INF Submitted request. clSeqNr=358
15:19:18.597 INF Submitted request. clSeqNr=359
15:19:18.601 INF Submitted request. clSeqNr=360
15:19:18.604 INF Submitted request. clSeqNr=361
15:19:18.609 INF Submitted request. clSeqNr=362
15:19:18.612 INF Submitted request. clSeqNr=363
15:19:18.615 INF Submitted request. clSeqNr=364
15:19:18.619 INF Submitted request. clSeqNr=365
15:19:18.623 INF Submitted request. clSeqNr=366
15:19:18.627 INF Submitted request. clSeqNr=367
15:19:18.630 INF Submitted request. clSeqNr=368
15:19:18.634 INF Submitted request. clSeqNr=369
15:19:18.638 INF Submitted request. clSeqNr=370
15:19:18.641 INF Submitted request. clSeqNr=371
15:19:18.644 INF Submitted request. clSeqNr=372
15:19:18.648 INF Submitted request. clSeqNr=373
15:19:18.652 INF Submitted request. clSeqNr=374
15:19:18.656 INF Submitted request. clSeqNr=375
15:19:18.659 INF Submitted request. clSeqNr=376
15:19:18.663 INF Submitted request. clSeqNr=377
15:19:18.667 INF Submitted request. clSeqNr=378
15:19:18.670 INF Submitted request. clSeqNr=379
15:19:18.674 INF Submitted request. clSeqNr=380
15:19:18.678 INF Submitted request. clSeqNr=381
15:19:18.682 INF Submitted request. clSeqNr=382
15:19:18.685 INF Submitted request. clSeqNr=383
15:19:18.689 INF Submitted request. clSeqNr=384
15:19:18.692 INF Submitted request. clSeqNr=385
15:19:18.696 INF Submitted request. clSeqNr=386
15:19:18.700 INF Submitted request. clSeqNr=387
15:19:18.704 INF Submitted request. clSeqNr=388
15:19:18.708 INF Submitted request. clSeqNr=389
15:19:18.711 INF Submitted request. clSeqNr=390
15:19:18.715 INF Submitted request. clSeqNr=391
15:19:18.718 INF Submitted request. clSeqNr=392
15:19:18.721 INF Submitted request. clSeqNr=393
15:19:18.725 INF Submitted request. clSeqNr=394
15:19:18.730 INF Submitted request. clSeqNr=395
15:19:18.733 INF Submitted request. clSeqNr=396
15:19:18.736 INF Submitted request. clSeqNr=397
15:19:18.741 INF Submitted request. clSeqNr=398
15:19:18.743 INF Submitted request. clSeqNr=399
15:19:18.747 INF Submitted request. clSeqNr=400
15:19:18.751 INF Submitted request. clSeqNr=401
15:19:18.754 INF Submitted request. clSeqNr=402
15:19:18.759 INF Submitted request. clSeqNr=403
15:19:18.762 INF Submitted request. clSeqNr=404
15:19:18.766 INF Submitted request. clSeqNr=405
15:19:18.770 INF Submitted request. clSeqNr=406
15:19:18.773 INF Submitted request. clSeqNr=407
15:19:18.777 INF Submitted request. clSeqNr=408
15:19:18.780 INF Submitted request. clSeqNr=409
15:19:18.784 INF Submitted request. clSeqNr=410
15:19:18.788 INF Submitted request. clSeqNr=411
15:19:18.791 INF Submitted request. clSeqNr=412
15:19:18.795 INF Submitted request. clSeqNr=413
15:19:18.798 INF Submitted request. clSeqNr=414
15:19:18.802 INF Submitted request. clSeqNr=415
15:19:18.806 INF Submitted request. clSeqNr=416
15:19:18.810 INF Submitted request. clSeqNr=417
15:19:18.814 INF Submitted request. clSeqNr=418
15:19:18.817 INF Submitted request. clSeqNr=419
15:19:18.820 INF Submitted request. clSeqNr=420
15:19:18.825 INF Submitted request. clSeqNr=421
15:19:18.828 INF Submitted request. clSeqNr=422
15:19:18.832 INF Submitted request. clSeqNr=423
15:19:18.836 INF Submitted request. clSeqNr=424
15:19:18.839 INF Submitted request. clSeqNr=425
15:19:18.843 INF Submitted request. clSeqNr=426
15:19:18.846 INF Submitted request. clSeqNr=427
15:19:18.850 INF Submitted request. clSeqNr=428
15:19:18.854 INF Submitted request. clSeqNr=429
15:19:18.857 INF Submitted request. clSeqNr=430
15:19:18.861 INF Submitted request. clSeqNr=431
15:19:18.865 INF Submitted request. clSeqNr=432
15:19:18.869 INF Submitted request. clSeqNr=433
15:19:18.872 INF Submitted request. clSeqNr=434
15:19:18.875 INF Submitted request. clSeqNr=435
15:19:18.880 INF Submitted request. clSeqNr=436
15:19:18.883 INF Submitted request. clSeqNr=437
15:19:18.887 INF Submitted request. clSeqNr=438
15:19:18.890 INF Submitted request. clSeqNr=439
15:19:18.894 INF Submitted request. clSeqNr=440
15:19:18.897 INF Submitted request. clSeqNr=441
15:19:18.901 INF Submitted request. clSeqNr=442
15:19:18.905 INF Submitted request. clSeqNr=443
15:19:18.908 INF Submitted request. clSeqNr=444
15:19:18.912 INF Submitted request. clSeqNr=445
15:19:18.916 INF Submitted request. clSeqNr=446
15:19:18.919 INF Submitted request. clSeqNr=447
15:19:18.923 INF Submitted request. clSeqNr=448
15:19:18.927 INF Submitted request. clSeqNr=449
15:19:18.930 INF Submitted request. clSeqNr=450
15:19:18.935 INF Submitted request. clSeqNr=451
15:19:18.938 INF Submitted request. clSeqNr=452
15:19:18.941 INF Submitted request. clSeqNr=453
15:19:18.945 INF Submitted request. clSeqNr=454
15:19:18.949 INF Submitted request. clSeqNr=455
15:19:18.953 INF Submitted request. clSeqNr=456
15:19:18.956 INF Submitted request. clSeqNr=457
15:19:18.960 INF Submitted request. clSeqNr=458
15:19:18.963 INF Submitted request. clSeqNr=459
15:19:18.967 INF Submitted request. clSeqNr=460
15:19:18.971 INF Submitted request. clSeqNr=461
15:19:18.975 INF Submitted request. clSeqNr=462
15:19:18.979 INF Submitted request. clSeqNr=463
15:19:18.982 INF Submitted request. clSeqNr=464
15:19:18.986 INF Submitted request. clSeqNr=465
15:19:18.989 INF Submitted request. clSeqNr=466
15:19:18.993 INF Submitted request. clSeqNr=467
15:19:18.997 INF Submitted request. clSeqNr=468
15:19:19.001 INF Submitted request. clSeqNr=469
15:19:19.004 INF Submitted request. clSeqNr=470
15:19:19.007 INF Submitted request. clSeqNr=471
15:19:19.012 INF Submitted request. clSeqNr=472
15:19:19.015 INF Submitted request. clSeqNr=473
15:19:19.018 INF Submitted request. clSeqNr=474
15:19:19.022 INF Submitted request. clSeqNr=475
15:19:19.026 INF Submitted request. clSeqNr=476
15:19:19.030 INF Submitted request. clSeqNr=477
15:19:19.033 INF Submitted request. clSeqNr=478
15:19:19.037 INF Submitted request. clSeqNr=479
15:19:19.040 INF Submitted request. clSeqNr=480
15:19:19.044 INF Submitted request. clSeqNr=481
15:19:19.048 INF Submitted request. clSeqNr=482
15:19:19.051 INF Submitted request. clSeqNr=483
15:19:19.055 INF Submitted request. clSeqNr=484
15:19:19.058 INF Submitted request. clSeqNr=485
15:19:19.063 INF Submitted request. clSeqNr=486
15:19:19.066 INF Submitted request. clSeqNr=487
15:19:19.070 INF Submitted request. clSeqNr=488
15:19:19.073 INF Submitted request. clSeqNr=489
15:19:19.077 INF Submitted request. clSeqNr=490
15:19:19.080 INF Submitted request. clSeqNr=491
15:19:19.084 INF Submitted request. clSeqNr=492
15:19:19.088 INF Submitted request. clSeqNr=493
15:19:19.092 INF Submitted request. clSeqNr=494
15:19:19.095 INF Submitted request. clSeqNr=495
15:19:19.099 INF Submitted request. clSeqNr=496
15:19:19.103 INF Submitted request. clSeqNr=497
15:19:19.107 INF Submitted request. clSeqNr=498
15:19:19.111 INF Submitted request. clSeqNr=499
15:19:19.113 INF Submitted request. clSeqNr=500
15:19:19.118 INF Submitted request. clSeqNr=501
15:19:19.122 INF Submitted request. clSeqNr=502
15:19:19.124 INF Submitted request. clSeqNr=503
15:19:19.129 INF Submitted request. clSeqNr=504
15:19:19.132 INF Submitted request. clSeqNr=505
15:19:19.136 INF Submitted request. clSeqNr=506
15:19:19.140 INF Submitted request. clSeqNr=507
15:19:19.143 INF Submitted request. clSeqNr=508
15:19:19.147 INF Submitted request. clSeqNr=509
15:19:19.150 INF Submitted request. clSeqNr=510
15:19:19.154 INF Submitted request. clSeqNr=511
15:19:19.158 INF Submitted request. clSeqNr=512
15:19:19.161 INF Submitted request. clSeqNr=513
15:19:19.165 INF Submitted request. clSeqNr=514
15:19:19.168 INF Submitted request. clSeqNr=515
15:19:19.172 INF Submitted request. clSeqNr=516
15:19:19.176 INF Submitted request. clSeqNr=517
15:19:19.179 INF Submitted request. clSeqNr=518
15:19:19.183 INF Submitted request. clSeqNr=519
15:19:19.187 INF Submitted request. clSeqNr=520
15:19:19.190 INF Submitted request. clSeqNr=521
15:19:19.194 INF Submitted request. clSeqNr=522
15:19:19.198 INF Submitted request. clSeqNr=523
15:19:19.202 INF Submitted request. clSeqNr=524
15:19:19.205 INF Submitted request. clSeqNr=525
15:19:19.209 INF Submitted request. clSeqNr=526
15:19:19.213 INF Submitted request. clSeqNr=527
15:19:19.217 INF Submitted request. clSeqNr=528
15:19:19.220 INF Submitted request. clSeqNr=529
15:19:19.223 INF Submitted request. clSeqNr=530
15:19:19.227 INF Submitted request. clSeqNr=531
15:19:19.231 INF Submitted request. clSeqNr=532
15:19:19.234 INF Submitted request. clSeqNr=533
15:19:19.239 INF Submitted request. clSeqNr=534
15:19:19.242 INF Submitted request. clSeqNr=535
15:19:19.246 INF Submitted request. clSeqNr=536
15:19:19.249 INF Submitted request. clSeqNr=537
15:19:19.253 INF Submitted request. clSeqNr=538
15:19:19.257 INF Submitted request. clSeqNr=539
15:19:19.260 INF Submitted request. clSeqNr=540
15:19:19.264 INF Submitted request. clSeqNr=541
15:19:19.267 INF Submitted request. clSeqNr=542
15:19:19.271 INF Submitted request. clSeqNr=543
15:19:19.275 INF Submitted request. clSeqNr=544
15:19:19.279 INF Submitted request. clSeqNr=545
15:19:19.283 INF Submitted request. clSeqNr=546
15:19:19.286 INF Submitted request. clSeqNr=547
15:19:19.290 INF Submitted request. clSeqNr=548
15:19:19.293 INF Submitted request. clSeqNr=549
15:19:19.297 INF Submitted request. clSeqNr=550
15:19:19.301 INF Submitted request. clSeqNr=551
15:19:19.305 INF Submitted request. clSeqNr=552
15:19:19.307 INF Submitted request. clSeqNr=553
15:19:19.312 INF Submitted request. clSeqNr=554
15:19:19.315 INF Submitted request. clSeqNr=555
15:19:19.319 INF Submitted request. clSeqNr=556
15:19:19.323 INF Submitted request. clSeqNr=557
15:19:19.326 INF Submitted request. clSeqNr=558
15:19:19.330 INF Submitted request. clSeqNr=559
15:19:19.334 INF Submitted request. clSeqNr=560
15:19:19.337 INF Submitted request. clSeqNr=561
15:19:19.341 INF Submitted request. clSeqNr=562
15:19:19.344 INF Submitted request. clSeqNr=563
15:19:19.349 INF Submitted request. clSeqNr=564
15:19:19.351 INF Submitted request. clSeqNr=565
15:19:19.356 INF Submitted request. clSeqNr=566
15:19:19.359 INF Submitted request. clSeqNr=567
15:19:19.363 INF Submitted request. clSeqNr=568
15:19:19.366 INF Submitted request. clSeqNr=569
15:19:19.370 INF Submitted request. clSeqNr=570
15:19:19.374 INF Submitted request. clSeqNr=571
15:19:19.378 INF Submitted request. clSeqNr=572
15:19:19.381 INF Submitted request. clSeqNr=573
15:19:19.385 INF Submitted request. clSeqNr=574
15:19:19.388 INF Submitted request. clSeqNr=575
15:19:19.392 INF Submitted request. clSeqNr=576
15:19:19.395 INF Submitted request. clSeqNr=577
15:19:19.399 INF Submitted request. clSeqNr=578
15:19:19.403 INF Submitted request. clSeqNr=579
15:19:19.406 INF Submitted request. clSeqNr=580
15:19:19.411 INF Submitted request. clSeqNr=581
15:19:19.414 INF Submitted request. clSeqNr=582
15:19:19.418 INF Submitted request. clSeqNr=583
15:19:19.421 INF Submitted request. clSeqNr=584
15:19:19.425 INF Submitted request. clSeqNr=585
15:19:19.429 INF Submitted request. clSeqNr=586
15:19:19.433 INF Submitted request. clSeqNr=587
15:19:19.436 INF Submitted request. clSeqNr=588
15:19:19.440 INF Submitted request. clSeqNr=589
15:19:19.443 INF Submitted request. clSeqNr=590
15:19:19.447 INF Submitted request. clSeqNr=591
15:19:19.450 INF Submitted request. clSeqNr=592
15:19:19.454 INF Submitted request. clSeqNr=593
15:19:19.458 INF Submitted request. clSeqNr=594
15:19:19.461 INF Submitted request. clSeqNr=595
15:19:19.465 INF Submitted request. clSeqNr=596
15:19:19.470 INF Submitted request. clSeqNr=597
15:19:19.472 INF Submitted request. clSeqNr=598
15:19:19.477 INF Submitted request. clSeqNr=599
15:19:19.480 INF Submitted request. clSeqNr=600
15:19:19.483 INF Submitted request. clSeqNr=601
15:19:19.487 INF Submitted request. clSeqNr=602
15:19:19.491 INF Submitted request. clSeqNr=603
15:19:19.494 INF Submitted request. clSeqNr=604
15:19:19.498 INF Submitted request. clSeqNr=605
15:19:19.502 INF Submitted request. clSeqNr=606
15:19:19.506 INF Submitted request. clSeqNr=607
15:19:19.509 INF Submitted request. clSeqNr=608
15:19:19.513 INF Submitted request. clSeqNr=609
15:19:19.516 INF Submitted request. clSeqNr=610
15:19:19.521 INF Submitted request. clSeqNr=611
15:19:19.524 INF Submitted request. clSeqNr=612
15:19:19.528 INF Submitted request. clSeqNr=613
15:19:19.531 INF Submitted request. clSeqNr=614
15:19:19.535 INF Submitted request. clSeqNr=615
15:19:19.539 INF Submitted request. clSeqNr=616
15:19:19.543 INF Submitted request. clSeqNr=617
15:19:19.546 INF Submitted request. clSeqNr=618
15:19:19.550 INF Submitted request. clSeqNr=619
15:19:19.553 INF Submitted request. clSeqNr=620
15:19:19.557 INF Submitted request. clSeqNr=621
15:19:19.561 INF Submitted request. clSeqNr=622
15:19:19.565 INF Submitted request. clSeqNr=623
15:19:19.568 INF Submitted request. clSeqNr=624
15:19:19.572 INF Submitted request. clSeqNr=625
15:19:19.576 INF Submitted request. clSeqNr=626
15:19:19.579 INF Submitted request. clSeqNr=627
15:19:19.582 INF Submitted request. clSeqNr=628
15:19:19.586 INF Submitted request. clSeqNr=629
15:19:19.590 INF Submitted request. clSeqNr=630
15:19:19.594 INF Submitted request. clSeqNr=631
15:19:19.597 INF Submitted request. clSeqNr=632
15:19:19.601 INF Submitted request. clSeqNr=633
15:19:19.605 INF Submitted request. clSeqNr=634
15:19:19.608 INF Submitted request. clSeqNr=635
15:19:19.612 INF Submitted request. clSeqNr=636
15:19:19.615 INF Submitted request. clSeqNr=637
15:19:19.619 INF Submitted request. clSeqNr=638
15:19:19.623 INF Submitted request. clSeqNr=639
15:19:19.626 INF Submitted request. clSeqNr=640
15:19:19.630 INF Submitted request. clSeqNr=641
15:19:19.634 INF Submitted request. clSeqNr=642
15:19:19.637 INF Submitted request. clSeqNr=643
15:19:19.642 INF Submitted request. clSeqNr=644
15:19:19.644 INF Submitted request. clSeqNr=645
15:19:19.649 INF Submitted request. clSeqNr=646
15:19:19.652 INF Submitted request. clSeqNr=647
15:19:19.656 INF Submitted request. clSeqNr=648
15:19:19.660 INF Submitted request. clSeqNr=649
15:19:19.663 INF Submitted request. clSeqNr=650
15:19:19.667 INF Submitted request. clSeqNr=651
15:19:19.670 INF Submitted request. clSeqNr=652
15:19:19.675 INF Submitted request. clSeqNr=653
15:19:19.678 INF Submitted request. clSeqNr=654
15:19:19.681 INF Submitted request. clSeqNr=655
15:19:19.685 INF Submitted request. clSeqNr=656
15:19:19.689 INF Submitted request. clSeqNr=657
15:19:19.692 INF Submitted request. clSeqNr=658
15:19:19.696 INF Submitted request. clSeqNr=659
15:19:19.700 INF Submitted request. clSeqNr=660
15:19:19.704 INF Submitted request. clSeqNr=661
15:19:19.707 INF Submitted request. clSeqNr=662
15:19:19.711 INF Submitted request. clSeqNr=663
15:19:19.715 INF Submitted request. clSeqNr=664
15:19:19.718 INF Submitted request. clSeqNr=665
15:19:19.722 INF Submitted request. clSeqNr=666
15:19:19.726 INF Submitted request. clSeqNr=667
15:19:19.729 INF Submitted request. clSeqNr=668
15:19:19.733 INF Submitted request. clSeqNr=669
15:19:19.737 INF Submitted request. clSeqNr=670
15:19:19.740 INF Submitted request. clSeqNr=671
15:19:19.743 INF Submitted request. clSeqNr=672
15:19:19.747 INF Submitted request. clSeqNr=673
15:19:19.751 INF Submitted request. clSeqNr=674
15:19:19.755 INF Submitted request. clSeqNr=675
15:19:19.758 INF Submitted request. clSeqNr=676
15:19:19.762 INF Submitted request. clSeqNr=677
15:19:19.765 INF Submitted request. clSeqNr=678
15:19:19.770 INF Submitted request. clSeqNr=679
15:19:19.773 INF Submitted request. clSeqNr=680
15:19:19.777 INF Submitted request. clSeqNr=681
15:19:19.781 INF Submitted request. clSeqNr=682
15:19:19.784 INF Submitted request. clSeqNr=683
15:19:19.787 INF Submitted request. clSeqNr=684
15:19:19.791 INF Submitted request. clSeqNr=685
15:19:19.795 INF Submitted request. clSeqNr=686
15:19:19.799 INF Submitted request. clSeqNr=687
15:19:19.802 INF Submitted request. clSeqNr=688
15:19:19.806 INF Submitted request. clSeqNr=689
15:19:19.810 INF Submitted request. clSeqNr=690
15:19:19.813 INF Submitted request. clSeqNr=691
15:19:19.817 INF Submitted request. clSeqNr=692
15:19:19.821 INF Submitted request. clSeqNr=693
15:19:19.824 INF Submitted request. clSeqNr=694
15:19:19.828 INF Submitted request. clSeqNr=695
15:19:19.831 INF Submitted request. clSeqNr=696
15:19:19.836 INF Submitted request. clSeqNr=697
15:19:19.839 INF Submitted request. clSeqNr=698
15:19:19.843 INF Submitted request. clSeqNr=699
15:19:19.846 INF Submitted request. clSeqNr=700
15:19:19.850 INF Submitted request. clSeqNr=701
15:19:19.854 INF Submitted request. clSeqNr=702
15:19:19.858 INF Submitted request. clSeqNr=703
15:19:19.861 INF Submitted request. clSeqNr=704
15:19:19.864 INF Submitted request. clSeqNr=705
15:19:19.869 INF Submitted request. clSeqNr=706
15:19:19.872 INF Submitted request. clSeqNr=707
15:19:19.875 INF Submitted request. clSeqNr=708
15:19:19.879 INF Submitted request. clSeqNr=709
15:19:19.883 INF Submitted request. clSeqNr=710
15:19:19.886 INF Submitted request. clSeqNr=711
15:19:19.890 INF Submitted request. clSeqNr=712
15:19:19.894 INF Submitted request. clSeqNr=713
15:19:19.898 INF Submitted request. clSeqNr=714
15:19:19.902 INF Submitted request. clSeqNr=715
15:19:19.905 INF Submitted request. clSeqNr=716
15:19:19.908 INF Submitted request. clSeqNr=717
15:19:19.913 INF Submitted request. clSeqNr=718
15:19:19.916 INF Submitted request. clSeqNr=719
15:19:19.920 INF Submitted request. clSeqNr=720
15:19:19.923 INF Submitted request. clSeqNr=721
15:19:19.927 INF Submitted request. clSeqNr=722
15:19:19.931 INF Submitted request. clSeqNr=723
15:19:19.934 INF Submitted request. clSeqNr=724
15:19:19.938 INF Submitted request. clSeqNr=725
15:19:19.942 INF Submitted request. clSeqNr=726
15:19:19.945 INF Submitted request. clSeqNr=727
15:19:19.949 INF Submitted request. clSeqNr=728
15:19:19.952 INF Submitted request. clSeqNr=729
15:19:19.957 INF Submitted request. clSeqNr=730
15:19:19.960 INF Submitted request. clSeqNr=731
15:19:19.964 INF Submitted request. clSeqNr=732
15:19:19.967 INF Submitted request. clSeqNr=733
15:19:19.971 INF Submitted request. clSeqNr=734
15:19:19.974 INF Submitted request. clSeqNr=735
15:19:19.978 INF Submitted request. clSeqNr=736
15:19:19.981 INF Submitted request. clSeqNr=737
15:19:19.986 INF Submitted request. clSeqNr=738
15:19:19.990 INF Submitted request. clSeqNr=739
15:19:19.993 INF Submitted request. clSeqNr=740
15:19:19.996 INF Submitted request. clSeqNr=741
15:19:20.000 INF Submitted request. clSeqNr=742
15:19:20.004 INF Submitted request. clSeqNr=743
15:19:20.007 INF Submitted request. clSeqNr=744
15:19:20.012 INF Submitted request. clSeqNr=745
15:19:20.015 INF Submitted request. clSeqNr=746
15:19:20.019 INF Submitted request. clSeqNr=747
15:19:20.022 INF Submitted request. clSeqNr=748
15:19:20.026 INF Submitted request. clSeqNr=749
15:19:20.029 INF Submitted request. clSeqNr=750
15:19:20.033 INF Submitted request. clSeqNr=751
15:19:20.036 INF Submitted request. clSeqNr=752
15:19:20.040 INF Submitted request. clSeqNr=753
15:19:20.045 INF Submitted request. clSeqNr=754
15:19:20.048 INF Submitted request. clSeqNr=755
15:19:20.052 INF Submitted request. clSeqNr=756
15:19:20.055 INF Submitted request. clSeqNr=757
15:19:20.058 INF Submitted request. clSeqNr=758
15:19:20.062 INF Submitted request. clSeqNr=759
15:19:20.067 INF Submitted request. clSeqNr=760
15:19:20.069 INF Submitted request. clSeqNr=761
15:19:20.073 INF Submitted request. clSeqNr=762
15:19:20.077 INF Submitted request. clSeqNr=763
15:19:20.081 INF Submitted request. clSeqNr=764
15:19:20.084 INF Submitted request. clSeqNr=765
15:19:20.088 INF Submitted request. clSeqNr=766
15:19:20.092 INF Submitted request. clSeqNr=767
15:19:20.095 INF Submitted request. clSeqNr=768
15:19:20.099 INF Submitted request. clSeqNr=769
15:19:20.102 INF Submitted request. clSeqNr=770
15:19:20.106 INF Submitted request. clSeqNr=771
15:19:20.110 INF Submitted request. clSeqNr=772
15:19:20.114 INF Submitted request. clSeqNr=773
15:19:20.118 INF Submitted request. clSeqNr=774
15:19:20.121 INF Submitted request. clSeqNr=775
15:19:20.125 INF Submitted request. clSeqNr=776
15:19:20.129 INF Submitted request. clSeqNr=777
15:19:20.132 INF Submitted request. clSeqNr=778
15:19:20.136 INF Submitted request. clSeqNr=779
15:19:20.139 INF Submitted request. clSeqNr=780
15:19:20.143 INF Submitted request. clSeqNr=781
15:19:20.147 INF Submitted request. clSeqNr=782
15:19:20.150 INF Submitted request. clSeqNr=783
15:19:20.154 INF Submitted request. clSeqNr=784
15:19:20.157 INF Submitted request. clSeqNr=785
15:19:20.161 INF Submitted request. clSeqNr=786
15:19:20.165 INF Submitted request. clSeqNr=787
15:19:20.168 INF Submitted request. clSeqNr=788
15:19:20.172 INF Submitted request. clSeqNr=789
15:19:20.176 INF Submitted request. clSeqNr=790
15:19:20.179 INF Submitted request. clSeqNr=791
15:19:20.183 INF Submitted request. clSeqNr=792
15:19:20.187 INF Submitted request. clSeqNr=793
15:19:20.190 INF Submitted request. clSeqNr=794
15:19:20.194 INF Submitted request. clSeqNr=795
15:19:20.198 INF Submitted request. clSeqNr=796
15:19:20.202 INF Submitted request. clSeqNr=797
15:19:20.205 INF Submitted request. clSeqNr=798
15:19:20.209 INF Submitted request. clSeqNr=799
15:19:20.213 INF Submitted request. clSeqNr=800
15:19:20.217 INF Submitted request. clSeqNr=801
15:19:20.220 INF Submitted request. clSeqNr=802
15:19:20.223 INF Submitted request. clSeqNr=803
15:19:20.227 INF Submitted request. clSeqNr=804
15:19:20.231 INF Submitted request. clSeqNr=805
15:19:20.235 INF Submitted request. clSeqNr=806
15:19:20.238 INF Submitted request. clSeqNr=807
15:19:20.242 INF Submitted request. clSeqNr=808
15:19:20.246 INF Submitted request. clSeqNr=809
15:19:20.249 INF Submitted request. clSeqNr=810
15:19:20.253 INF Submitted request. clSeqNr=811
15:19:20.256 INF Submitted request. clSeqNr=812
15:19:20.260 INF Submitted request. clSeqNr=813
15:19:20.264 INF Submitted request. clSeqNr=814
15:19:20.268 INF Submitted request. clSeqNr=815
15:19:20.271 INF Submitted request. clSeqNr=816
15:19:20.275 INF Submitted request. clSeqNr=817
15:19:20.279 INF Submitted request. clSeqNr=818
15:19:20.282 INF Submitted request. clSeqNr=819
15:19:20.286 INF Submitted request. clSeqNr=820
15:19:20.290 INF Submitted request. clSeqNr=821
15:19:20.293 INF Submitted request. clSeqNr=822
15:19:20.297 INF Submitted request. clSeqNr=823
15:19:20.300 INF Submitted request. clSeqNr=824
15:19:20.304 INF Submitted request. clSeqNr=825
15:19:20.308 INF Submitted request. clSeqNr=826
15:19:20.312 INF Submitted request. clSeqNr=827
15:19:20.315 INF Submitted request. clSeqNr=828
15:19:20.319 INF Submitted request. clSeqNr=829
15:19:20.322 INF Submitted request. clSeqNr=830
15:19:20.326 INF Submitted request. clSeqNr=831
15:19:20.330 INF Submitted request. clSeqNr=832
15:19:20.333 INF Submitted request. clSeqNr=833
15:19:20.337 INF Submitted request. clSeqNr=834
15:19:20.340 INF Submitted request. clSeqNr=835
15:19:20.344 INF Submitted request. clSeqNr=836
15:19:20.348 INF Submitted request. clSeqNr=837
15:19:20.352 INF Submitted request. clSeqNr=838
15:19:20.355 INF Submitted request. clSeqNr=839
15:19:20.359 INF Submitted request. clSeqNr=840
15:19:20.362 INF Submitted request. clSeqNr=841
15:19:20.367 INF Submitted request. clSeqNr=842
15:19:20.370 INF Submitted request. clSeqNr=843
15:19:20.374 INF Submitted request. clSeqNr=844
15:19:20.377 INF Submitted request. clSeqNr=845
15:19:20.381 INF Submitted request. clSeqNr=846
15:19:20.385 INF Submitted request. clSeqNr=847
15:19:20.388 INF Submitted request. clSeqNr=848
15:19:20.392 INF Submitted request. clSeqNr=849
15:19:20.396 INF Submitted request. clSeqNr=850
15:19:20.399 INF Submitted request. clSeqNr=851
15:19:20.403 INF Submitted request. clSeqNr=852
15:19:20.407 INF Submitted request. clSeqNr=853
15:19:20.410 INF Submitted request. clSeqNr=854
15:19:20.415 INF Submitted request. clSeqNr=855
15:19:20.418 INF Submitted request. clSeqNr=856
15:19:20.421 INF Submitted request. clSeqNr=857
15:19:20.425 INF Submitted request. clSeqNr=858
15:19:20.428 INF Submitted request. clSeqNr=859
15:19:20.432 INF Submitted request. clSeqNr=860
15:19:20.436 INF Submitted request. clSeqNr=861
15:19:20.440 INF Submitted request. clSeqNr=862
15:19:20.443 INF Submitted request. clSeqNr=863
15:19:20.447 INF Submitted request. clSeqNr=864
15:19:20.451 INF Submitted request. clSeqNr=865
15:19:20.454 INF Submitted request. clSeqNr=866
15:19:20.458 INF Submitted request. clSeqNr=867
15:19:20.462 INF Submitted request. clSeqNr=868
15:19:20.466 INF Submitted request. clSeqNr=869
15:19:20.470 INF Submitted request. clSeqNr=870
15:19:20.473 INF Submitted request. clSeqNr=871
15:19:20.476 INF Submitted request. clSeqNr=872
15:19:20.480 INF Submitted request. clSeqNr=873
15:19:20.484 INF Submitted request. clSeqNr=874
15:19:20.488 INF Submitted request. clSeqNr=875
15:19:20.491 INF Submitted request. clSeqNr=876
15:19:20.495 INF Submitted request. clSeqNr=877
15:19:20.499 INF Submitted request. clSeqNr=878
15:19:20.502 INF Submitted request. clSeqNr=879
15:19:20.506 INF Submitted request. clSeqNr=880
15:19:20.509 INF Submitted request. clSeqNr=881
15:19:20.513 INF Submitted request. clSeqNr=882
15:19:20.516 INF Submitted request. clSeqNr=883
15:19:20.520 INF Submitted request. clSeqNr=884
15:19:20.524 INF Submitted request. clSeqNr=885
15:19:20.528 INF Submitted request. clSeqNr=886
15:19:20.531 INF Submitted request. clSeqNr=887
15:19:20.535 INF Submitted request. clSeqNr=888
15:19:20.539 INF Submitted request. clSeqNr=889
15:19:20.542 INF Submitted request. clSeqNr=890
15:19:20.546 INF Submitted request. clSeqNr=891
15:19:20.550 INF Submitted request. clSeqNr=892
15:19:20.554 INF Submitted request. clSeqNr=893
15:19:20.557 INF Submitted request. clSeqNr=894
15:19:20.561 INF Submitted request. clSeqNr=895
15:19:20.564 INF Submitted request. clSeqNr=896
15:19:20.568 INF Submitted request. clSeqNr=897
15:19:20.571 INF Submitted request. clSeqNr=898
15:19:20.575 INF Submitted request. clSeqNr=899
15:19:20.579 INF Submitted request. clSeqNr=900
15:19:20.582 INF Submitted request. clSeqNr=901
15:19:20.587 INF Submitted request. clSeqNr=902
15:19:20.590 INF Submitted request. clSeqNr=903
15:19:20.593 INF Submitted request. clSeqNr=904
15:19:20.597 INF Submitted request. clSeqNr=905
15:19:20.601 INF Submitted request. clSeqNr=906
15:19:20.605 INF Submitted request. clSeqNr=907
15:19:20.608 INF Submitted request. clSeqNr=908
15:19:20.612 INF Submitted request. clSeqNr=909
15:19:20.615 INF Submitted request. clSeqNr=910
15:19:20.619 INF Submitted request. clSeqNr=911
15:19:20.623 INF Submitted request. clSeqNr=912
15:19:20.627 INF Submitted request. clSeqNr=913
15:19:20.630 INF Submitted request. clSeqNr=914
15:19:20.634 INF Submitted request. clSeqNr=915
15:19:20.637 INF Submitted request. clSeqNr=916
15:19:20.642 INF Submitted request. clSeqNr=917
15:19:20.645 INF Submitted request. clSeqNr=918
15:19:20.648 INF Submitted request. clSeqNr=919
15:19:20.653 INF Submitted request. clSeqNr=920
15:19:20.656 INF Submitted request. clSeqNr=921
15:19:20.659 INF Submitted request. clSeqNr=922
15:19:20.663 INF Submitted request. clSeqNr=923
15:19:20.667 INF Submitted request. clSeqNr=924
15:19:20.670 INF Submitted request. clSeqNr=925
15:19:20.674 INF Submitted request. clSeqNr=926
15:19:20.677 INF Submitted request. clSeqNr=927
15:19:20.681 INF Submitted request. clSeqNr=928
15:19:20.685 INF Submitted request. clSeqNr=929
15:19:20.689 INF Submitted request. clSeqNr=930
15:19:20.692 INF Submitted request. clSeqNr=931
15:19:20.696 INF Submitted request. clSeqNr=932
15:19:20.699 INF Submitted request. clSeqNr=933
15:19:20.704 INF Submitted request. clSeqNr=934
15:19:20.707 INF Submitted request. clSeqNr=935
15:19:20.711 INF Submitted request. clSeqNr=936
15:19:20.715 INF Submitted request. clSeqNr=937
15:19:20.718 INF Submitted request. clSeqNr=938
15:19:20.722 INF Submitted request. clSeqNr=939
15:19:20.726 INF Submitted request. clSeqNr=940
15:19:20.729 INF Submitted request. clSeqNr=941
15:19:20.733 INF Submitted request. clSeqNr=942
15:19:20.737 INF Submitted request. clSeqNr=943
15:19:20.740 INF Submitted request. clSeqNr=944
15:19:20.744 INF Submitted request. clSeqNr=945
15:19:20.748 INF Submitted request. clSeqNr=946
15:19:20.751 INF Submitted request. clSeqNr=947
15:19:20.755 INF Submitted request. clSeqNr=948
15:19:20.758 INF Submitted request. clSeqNr=949
15:19:20.762 INF Submitted request. clSeqNr=950
15:19:20.765 INF Submitted request. clSeqNr=951
15:19:20.770 INF Submitted request. clSeqNr=952
15:19:20.773 INF Submitted request. clSeqNr=953
15:19:20.776 INF Submitted request. clSeqNr=954
15:19:20.781 INF Submitted request. clSeqNr=955
15:19:20.784 INF Submitted request. clSeqNr=956
15:19:20.788 INF Submitted request. clSeqNr=957
15:19:20.791 INF Submitted request. clSeqNr=958
15:19:20.796 INF Submitted request. clSeqNr=959
15:19:20.799 INF Submitted request. clSeqNr=960
15:19:20.803 INF Submitted request. clSeqNr=961
15:19:20.806 INF Submitted request. clSeqNr=962
15:19:20.810 INF Submitted request. clSeqNr=963
15:19:20.814 INF Submitted request. clSeqNr=964
15:19:20.817 INF Submitted request. clSeqNr=965
15:19:20.821 INF Submitted request. clSeqNr=966
15:19:20.824 INF Submitted request. clSeqNr=967
15:19:20.828 INF Submitted request. clSeqNr=968
15:19:20.832 INF Submitted request. clSeqNr=969
15:19:20.835 INF Submitted request. clSeqNr=970
15:19:20.839 INF Submitted request. clSeqNr=971
15:19:20.843 INF Submitted request. clSeqNr=972
15:19:20.846 INF Submitted request. clSeqNr=973
15:19:20.850 INF Submitted request. clSeqNr=974
15:19:20.853 INF Submitted request. clSeqNr=975
15:19:20.857 INF Submitted request. clSeqNr=976
15:19:20.861 INF Submitted request. clSeqNr=977
15:19:20.864 INF Submitted request. clSeqNr=978
15:19:20.868 INF Submitted request. clSeqNr=979
15:19:20.872 INF Submitted request. clSeqNr=980
15:19:20.875 INF Submitted request. clSeqNr=981
15:19:20.879 INF Submitted request. clSeqNr=982
15:19:20.883 INF Submitted request. clSeqNr=983
15:19:20.886 INF Submitted request. clSeqNr=984
15:19:20.890 INF Submitted request. clSeqNr=985
15:19:20.894 INF Submitted request. clSeqNr=986
15:19:20.898 INF Submitted request. clSeqNr=987
15:19:20.902 INF Submitted request. clSeqNr=988
15:19:20.905 INF Submitted request. clSeqNr=989
15:19:20.908 INF Submitted request. clSeqNr=990
15:19:20.912 INF Submitted request. clSeqNr=991
15:19:20.916 INF Submitted request. clSeqNr=992
15:19:20.919 INF Submitted request. clSeqNr=993
15:19:20.923 INF Submitted request. clSeqNr=994
15:19:20.927 INF Submitted request. clSeqNr=995
15:19:20.930 INF Submitted request. clSeqNr=996
15:19:20.934 INF Submitted request. clSeqNr=997
15:19:20.938 INF Submitted request. clSeqNr=998
15:19:20.941 INF Submitted request. clSeqNr=999
15:19:20.945 INF Submitted request. clSeqNr=1000
15:19:20.949 INF Submitted request. clSeqNr=1001
15:19:20.953 INF Submitted request. clSeqNr=1002
15:19:20.956 INF Submitted request. clSeqNr=1003
15:19:20.960 INF Submitted request. clSeqNr=1004
15:19:20.963 INF Submitted request. clSeqNr=1005
15:19:20.967 INF Submitted request. clSeqNr=1006
15:19:20.970 INF Submitted request. clSeqNr=1007
15:19:20.975 INF Submitted request. clSeqNr=1008
15:19:20.978 INF Submitted request. clSeqNr=1009
15:19:20.982 INF Submitted request. clSeqNr=1010
15:19:20.986 INF Submitted request. clSeqNr=1011
15:19:20.989 INF Submitted request. clSeqNr=1012
15:19:20.992 INF Submitted request. clSeqNr=1013
15:19:20.997 INF Submitted request. clSeqNr=1014
15:19:21.000 INF Submitted request. clSeqNr=1015
15:19:21.004 INF Submitted request. clSeqNr=1016
15:19:21.007 INF Submitted request. clSeqNr=1017
15:19:21.011 INF Submitted request. clSeqNr=1018
15:19:21.015 INF Submitted request. clSeqNr=1019
15:19:21.018 INF Submitted request. clSeqNr=1020
15:19:21.022 INF Submitted request. clSeqNr=1021
15:19:21.025 INF Submitted request. clSeqNr=1022
15:19:21.029 INF Submitted request. clSeqNr=1023
15:19:21.033 INF Submitted request. clSeqNr=1024
15:19:21.037 INF Submitted request. clSeqNr=1025
15:19:21.040 INF Submitted request. clSeqNr=1026
15:19:21.044 INF Submitted request. clSeqNr=1027
15:19:21.048 INF Submitted request. clSeqNr=1028
15:19:21.051 INF Submitted request. clSeqNr=1029
15:19:21.055 INF Submitted request. clSeqNr=1030
15:19:21.059 INF Submitted request. clSeqNr=1031
15:19:21.063 INF Submitted request. clSeqNr=1032
15:19:21.066 INF Submitted request. clSeqNr=1033
15:19:21.069 INF Submitted request. clSeqNr=1034
15:19:21.073 INF Submitted request. clSeqNr=1035
15:19:21.077 INF Submitted request. clSeqNr=1036
15:19:21.080 INF Submitted request. clSeqNr=1037
15:19:21.084 INF Submitted request. clSeqNr=1038
15:19:21.088 INF Submitted request. clSeqNr=1039
15:19:21.091 INF Submitted request. clSeqNr=1040
15:19:21.095 INF Submitted request. clSeqNr=1041
15:19:21.099 INF Submitted request. clSeqNr=1042
15:19:21.103 INF Submitted request. clSeqNr=1043
15:19:21.106 INF Submitted request. clSeqNr=1044
15:19:21.110 INF Submitted request. clSeqNr=1045
15:19:21.114 INF Submitted request. clSeqNr=1046
15:19:21.117 INF Submitted request. clSeqNr=1047
15:19:21.121 INF Submitted request. clSeqNr=1048
15:19:21.125 INF Submitted request. clSeqNr=1049
15:19:21.129 INF Submitted request. clSeqNr=1050
15:19:21.132 INF Submitted request. clSeqNr=1051
15:19:21.136 INF Submitted request. clSeqNr=1052
15:19:21.140 INF Submitted request. clSeqNr=1053
15:19:21.143 INF Submitted request. clSeqNr=1054
15:19:21.146 INF Submitted request. clSeqNr=1055
15:19:21.150 INF Submitted request. clSeqNr=1056
15:19:21.154 INF Submitted request. clSeqNr=1057
15:19:21.158 INF Submitted request. clSeqNr=1058
15:19:21.162 INF Submitted request. clSeqNr=1059
15:19:21.166 INF Submitted request. clSeqNr=1060
15:19:21.168 INF Submitted request. clSeqNr=1061
15:19:21.172 INF Submitted request. clSeqNr=1062
15:19:21.177 INF Submitted request. clSeqNr=1063
15:19:21.179 INF Submitted request. clSeqNr=1064
15:19:21.184 INF Submitted request. clSeqNr=1065
15:19:21.187 INF Submitted request. clSeqNr=1066
15:19:21.190 INF Submitted request. clSeqNr=1067
15:19:21.194 INF Submitted request. clSeqNr=1068
15:19:21.198 INF Submitted request. clSeqNr=1069
15:19:21.202 INF Submitted request. clSeqNr=1070
15:19:21.205 INF Submitted request. clSeqNr=1071
15:19:21.209 INF Submitted request. clSeqNr=1072
15:19:21.213 INF Submitted request. clSeqNr=1073
15:19:21.216 INF Submitted request. clSeqNr=1074
15:19:21.220 INF Submitted request. clSeqNr=1075
15:19:21.224 INF Submitted request. clSeqNr=1076
15:19:21.227 INF Submitted request. clSeqNr=1077
15:19:21.231 INF Submitted request. clSeqNr=1078
15:19:21.235 INF Submitted request. clSeqNr=1079
15:19:21.238 INF Submitted request. clSeqNr=1080
15:19:21.242 INF Submitted request. clSeqNr=1081
15:19:21.245 INF Submitted request. clSeqNr=1082
15:19:21.249 INF Submitted request. clSeqNr=1083
15:19:21.253 INF Submitted request. clSeqNr=1084
15:19:21.256 INF Submitted request. clSeqNr=1085
15:19:21.261 INF Submitted request. clSeqNr=1086
15:19:21.264 INF Submitted request. clSeqNr=1087
15:19:21.267 INF Submitted request. clSeqNr=1088
15:19:21.272 INF Submitted request. clSeqNr=1089
15:19:21.275 INF Submitted request. clSeqNr=1090
15:19:21.278 INF Submitted request. clSeqNr=1091
15:19:21.282 INF Submitted request. clSeqNr=1092
15:19:21.286 INF Submitted request. clSeqNr=1093
15:19:21.289 INF Submitted request. clSeqNr=1094
15:19:21.293 INF Submitted request. clSeqNr=1095
15:19:21.296 INF Submitted request. clSeqNr=1096
15:19:21.300 INF Submitted request. clSeqNr=1097
15:19:21.305 INF Submitted request. clSeqNr=1098
15:19:21.308 INF Submitted request. clSeqNr=1099
15:19:21.311 INF Submitted request. clSeqNr=1100
15:19:21.315 INF Submitted request. clSeqNr=1101
15:19:21.319 INF Submitted request. clSeqNr=1102
15:19:21.322 INF Submitted request. clSeqNr=1103
15:19:21.326 INF Submitted request. clSeqNr=1104
15:19:21.330 INF Submitted request. clSeqNr=1105
15:19:21.333 INF Submitted request. clSeqNr=1106
15:19:21.337 INF Submitted request. clSeqNr=1107
15:19:21.341 INF Submitted request. clSeqNr=1108
15:19:21.345 INF Submitted request. clSeqNr=1109
15:19:21.348 INF Submitted request. clSeqNr=1110
15:19:21.351 INF Submitted request. clSeqNr=1111
15:19:21.356 INF Submitted request. clSeqNr=1112
15:19:21.360 INF Submitted request. clSeqNr=1113
15:19:21.363 INF Submitted request. clSeqNr=1114
15:19:21.367 INF Submitted request. clSeqNr=1115
15:19:21.370 INF Submitted request. clSeqNr=1116
15:19:21.374 INF Submitted request. clSeqNr=1117
15:19:21.377 INF Submitted request. clSeqNr=1118
15:19:21.381 INF Submitted request. clSeqNr=1119
15:19:21.385 INF Submitted request. clSeqNr=1120
15:19:21.389 INF Submitted request. clSeqNr=1121
15:19:21.392 INF Submitted request. clSeqNr=1122
15:19:21.395 INF Submitted request. clSeqNr=1123
15:19:21.400 INF Submitted request. clSeqNr=1124
15:19:21.403 INF Submitted request. clSeqNr=1125
15:19:21.406 INF Submitted request. clSeqNr=1126
15:19:21.410 INF Submitted request. clSeqNr=1127
15:19:21.415 INF Submitted request. clSeqNr=1128
15:19:21.418 INF Submitted request. clSeqNr=1129
15:19:21.421 INF Submitted request. clSeqNr=1130
15:19:21.425 INF Submitted request. clSeqNr=1131
15:19:21.429 INF Submitted request. clSeqNr=1132
15:19:21.433 INF Submitted request. clSeqNr=1133
15:19:21.436 INF Submitted request. clSeqNr=1134
15:19:21.440 INF Submitted request. clSeqNr=1135
15:19:21.443 INF Submitted request. clSeqNr=1136
15:19:21.447 INF Submitted request. clSeqNr=1137
15:19:21.451 INF Submitted request. clSeqNr=1138
15:19:21.455 INF Submitted request. clSeqNr=1139
15:19:21.458 INF Submitted request. clSeqNr=1140
15:19:21.462 INF Submitted request. clSeqNr=1141
15:19:21.466 INF Submitted request. clSeqNr=1142
15:19:21.469 INF Submitted request. clSeqNr=1143
15:19:21.473 INF Submitted request. clSeqNr=1144
15:19:21.477 INF Submitted request. clSeqNr=1145
15:19:21.480 INF Submitted request. clSeqNr=1146
15:19:21.483 INF Submitted request. clSeqNr=1147
15:19:21.487 INF Submitted request. clSeqNr=1148
15:19:21.491 INF Submitted request. clSeqNr=1149
15:19:21.494 INF Submitted request. clSeqNr=1150
15:19:21.499 INF Submitted request. clSeqNr=1151
15:19:21.502 INF Submitted request. clSeqNr=1152
15:19:21.505 INF Submitted request. clSeqNr=1153
15:19:21.509 INF Submitted request. clSeqNr=1154
15:19:21.513 INF Submitted request. clSeqNr=1155
15:19:21.517 INF Submitted request. clSeqNr=1156
15:19:21.521 INF Submitted request. clSeqNr=1157
15:19:21.524 INF Submitted request. clSeqNr=1158
15:19:21.528 INF Submitted request. clSeqNr=1159
15:19:21.531 INF Submitted request. clSeqNr=1160
15:19:21.535 INF Submitted request. clSeqNr=1161
15:19:21.539 INF Submitted request. clSeqNr=1162
15:19:21.542 INF Submitted request. clSeqNr=1163
15:19:21.546 INF Submitted request. clSeqNr=1164
15:19:21.550 INF Submitted request. clSeqNr=1165
15:19:21.554 INF Submitted request. clSeqNr=1166
15:19:21.557 INF Submitted request. clSeqNr=1167
15:19:21.561 INF Submitted request. clSeqNr=1168
15:19:21.565 INF Submitted request. clSeqNr=1169
15:19:21.568 INF Submitted request. clSeqNr=1170
15:19:21.571 INF Submitted request. clSeqNr=1171
15:19:21.575 INF Submitted request. clSeqNr=1172
15:19:21.579 INF Submitted request. clSeqNr=1173
15:19:21.583 INF Submitted request. clSeqNr=1174
15:19:21.586 INF Submitted request. clSeqNr=1175
15:19:21.590 INF Submitted request. clSeqNr=1176
15:19:21.594 INF Submitted request. clSeqNr=1177
15:19:21.597 INF Submitted request. clSeqNr=1178
15:19:21.601 INF Submitted request. clSeqNr=1179
15:19:21.605 INF Submitted request. clSeqNr=1180
15:19:21.608 INF Submitted request. clSeqNr=1181
15:19:21.612 INF Submitted request. clSeqNr=1182
15:19:21.615 INF Submitted request. clSeqNr=1183
15:19:21.619 INF Submitted request. clSeqNr=1184
15:19:21.623 INF Submitted request. clSeqNr=1185
15:19:21.627 INF Submitted request. clSeqNr=1186
15:19:21.630 INF Submitted request. clSeqNr=1187
15:19:21.634 INF Submitted request. clSeqNr=1188
15:19:21.638 INF Submitted request. clSeqNr=1189
15:19:21.642 INF Submitted request. clSeqNr=1190
15:19:21.645 INF Submitted request. clSeqNr=1191
15:19:21.648 INF Submitted request. clSeqNr=1192
15:19:21.652 INF Submitted request. clSeqNr=1193
15:19:21.656 INF Submitted request. clSeqNr=1194
15:19:21.659 INF Submitted request. clSeqNr=1195
15:19:21.663 INF Submitted request. clSeqNr=1196
15:19:21.667 INF Submitted request. clSeqNr=1197
15:19:21.670 INF Submitted request. clSeqNr=1198
15:19:21.675 INF Submitted request. clSeqNr=1199
15:19:21.678 INF Submitted request. clSeqNr=1200
15:19:21.682 INF Submitted request. clSeqNr=1201
15:19:21.685 INF Submitted request. clSeqNr=1202
15:19:21.688 INF Submitted request. clSeqNr=1203
15:19:21.693 INF Submitted request. clSeqNr=1204
15:19:21.696 INF Submitted request. clSeqNr=1205
15:19:21.700 INF Submitted request. clSeqNr=1206
15:19:21.703 INF Submitted request. clSeqNr=1207
15:19:21.707 INF Submitted request. clSeqNr=1208
15:19:21.710 INF Submitted request. clSeqNr=1209
15:19:21.714 INF Submitted request. clSeqNr=1210
15:19:21.719 INF Submitted request. clSeqNr=1211
15:19:21.722 INF Submitted request. clSeqNr=1212
15:19:21.725 INF Submitted request. clSeqNr=1213
15:19:21.729 INF Submitted request. clSeqNr=1214
15:19:21.733 INF Submitted request. clSeqNr=1215
15:19:21.736 INF Submitted request. clSeqNr=1216
15:19:21.740 INF Submitted request. clSeqNr=1217
15:19:21.744 INF Submitted request. clSeqNr=1218
15:19:21.747 INF Submitted request. clSeqNr=1219
15:19:21.751 INF Submitted request. clSeqNr=1220
15:19:21.754 INF Submitted request. clSeqNr=1221
15:19:21.758 INF Submitted request. clSeqNr=1222
15:19:21.762 INF Submitted request. clSeqNr=1223
15:19:21.765 INF Submitted request. clSeqNr=1224
15:19:21.770 INF Submitted request. clSeqNr=1225
15:19:21.773 INF Submitted request. clSeqNr=1226
15:19:21.776 INF Submitted request. clSeqNr=1227
15:19:21.780 INF Submitted request. clSeqNr=1228
15:19:21.784 INF Submitted request. clSeqNr=1229
15:19:21.787 INF Submitted request. clSeqNr=1230
15:19:21.791 INF Submitted request. clSeqNr=1231
15:19:21.795 INF Submitted request. clSeqNr=1232
15:19:21.799 INF Submitted request. clSeqNr=1233
15:19:21.803 INF Submitted request. clSeqNr=1234
15:19:21.807 INF Submitted request. clSeqNr=1235
15:19:21.809 INF Submitted request. clSeqNr=1236
15:19:21.813 INF Submitted request. clSeqNr=1237
15:19:21.817 INF Submitted request. clSeqNr=1238
15:19:21.820 INF Submitted request. clSeqNr=1239
15:19:21.825 INF Submitted request. clSeqNr=1240
15:19:21.828 INF Submitted request. clSeqNr=1241
15:19:21.831 INF Submitted request. clSeqNr=1242
15:19:21.835 INF Submitted request. clSeqNr=1243
15:19:21.839 INF Submitted request. clSeqNr=1244
15:19:21.843 INF Submitted request. clSeqNr=1245
15:19:21.846 INF Submitted request. clSeqNr=1246
15:19:21.850 INF Submitted request. clSeqNr=1247
15:19:21.854 INF Submitted request. clSeqNr=1248
15:19:21.857 INF Submitted request. clSeqNr=1249
15:19:21.861 INF Submitted request. clSeqNr=1250
15:19:21.865 INF Submitted request. clSeqNr=1251
15:19:21.868 INF Submitted request. clSeqNr=1252
15:19:21.872 INF Submitted request. clSeqNr=1253
15:19:21.876 INF Submitted request. clSeqNr=1254
15:19:21.879 INF Submitted request. clSeqNr=1255
15:19:21.884 INF Submitted request. clSeqNr=1256
15:19:21.887 INF Submitted request. clSeqNr=1257
15:19:21.890 INF Submitted request. clSeqNr=1258
15:19:21.894 INF Submitted request. clSeqNr=1259
15:19:21.898 INF Submitted request. clSeqNr=1260
15:19:21.901 INF Submitted request. clSeqNr=1261
15:19:21.905 INF Submitted request. clSeqNr=1262
15:19:21.908 INF Submitted request. clSeqNr=1263
15:19:21.912 INF Submitted request. clSeqNr=1264
15:19:21.916 INF Submitted request. clSeqNr=1265
15:19:21.919 INF Submitted request. clSeqNr=1266
15:19:21.923 INF Submitted request. clSeqNr=1267
15:19:21.927 INF Submitted request. clSeqNr=1268
15:19:21.930 INF Submitted request. clSeqNr=1269
15:19:21.935 INF Submitted request. clSeqNr=1270
15:19:21.938 INF Submitted request. clSeqNr=1271
15:19:21.942 INF Submitted request. clSeqNr=1272
15:19:21.945 INF Submitted request. clSeqNr=1273
15:19:21.949 INF Submitted request. clSeqNr=1274
15:19:21.953 INF Submitted request. clSeqNr=1275
15:19:21.956 INF Submitted request. clSeqNr=1276
15:19:21.960 INF Submitted request. clSeqNr=1277
15:19:21.964 INF Submitted request. clSeqNr=1278
15:19:21.967 INF Submitted request. clSeqNr=1279
15:19:21.971 INF Submitted request. clSeqNr=1280
15:19:21.975 INF Submitted request. clSeqNr=1281
15:19:21.979 INF Submitted request. clSeqNr=1282
15:19:21.982 INF Submitted request. clSeqNr=1283
15:19:21.985 INF Submitted request. clSeqNr=1284
15:19:21.990 INF Submitted request. clSeqNr=1285
15:19:21.993 INF Submitted request. clSeqNr=1286
15:19:21.997 INF Submitted request. clSeqNr=1287
15:19:22.000 INF Submitted request. clSeqNr=1288
15:19:22.004 INF Submitted request. clSeqNr=1289
15:19:22.007 INF Submitted request. clSeqNr=1290
15:19:22.011 INF Submitted request. clSeqNr=1291
15:19:22.014 INF Submitted request. clSeqNr=1292
15:19:22.019 INF Submitted request. clSeqNr=1293
15:19:22.022 INF Submitted request. clSeqNr=1294
15:19:22.026 INF Submitted request. clSeqNr=1295
15:19:22.029 INF Submitted request. clSeqNr=1296
15:19:22.033 INF Submitted request. clSeqNr=1297
15:19:22.037 INF Submitted request. clSeqNr=1298
15:19:22.041 INF Submitted request. clSeqNr=1299
15:19:22.044 INF Submitted request. clSeqNr=1300
15:19:22.048 INF Submitted request. clSeqNr=1301
15:19:22.051 INF Submitted request. clSeqNr=1302
15:19:22.055 INF Submitted request. clSeqNr=1303
15:19:22.059 INF Submitted request. clSeqNr=1304
15:19:22.063 INF Submitted request. clSeqNr=1305
15:19:22.066 INF Submitted request. clSeqNr=1306
15:19:22.070 INF Submitted request. clSeqNr=1307
15:19:22.073 INF Submitted request. clSeqNr=1308
15:19:22.077 INF Submitted request. clSeqNr=1309
15:19:22.080 INF Submitted request. clSeqNr=1310
15:19:22.085 INF Submitted request. clSeqNr=1311
15:19:22.088 INF Submitted request. clSeqNr=1312
15:19:22.092 INF Submitted request. clSeqNr=1313
15:19:22.095 INF Submitted request. clSeqNr=1314
15:19:22.099 INF Submitted request. clSeqNr=1315
15:19:22.103 INF Submitted request. clSeqNr=1316
15:19:22.106 INF Submitted request. clSeqNr=1317
15:19:22.110 INF Submitted request. clSeqNr=1318
15:19:22.114 INF Submitted request. clSeqNr=1319
15:19:22.118 INF Submitted request. clSeqNr=1320
15:19:22.121 INF Submitted request. clSeqNr=1321
15:19:22.125 INF Submitted request. clSeqNr=1322
15:19:22.128 INF Submitted request. clSeqNr=1323
15:19:22.132 INF Submitted request. clSeqNr=1324
15:19:22.135 INF Submitted request. clSeqNr=1325
15:19:22.139 INF Submitted request. clSeqNr=1326
15:19:22.143 INF Submitted request. clSeqNr=1327
15:19:22.147 INF Submitted request. clSeqNr=1328
15:19:22.151 INF Submitted request. clSeqNr=1329
15:19:22.154 INF Submitted request. clSeqNr=1330
15:19:22.158 INF Submitted request. clSeqNr=1331
15:19:22.162 INF Submitted request. clSeqNr=1332
15:19:22.165 INF Submitted request. clSeqNr=1333
15:19:22.168 INF Submitted request. clSeqNr=1334
15:19:22.173 INF Submitted request. clSeqNr=1335
15:19:22.176 INF Submitted request. clSeqNr=1336
15:19:22.179 INF Submitted request. clSeqNr=1337
15:19:22.184 INF Submitted request. clSeqNr=1338
15:19:22.187 INF Submitted request. clSeqNr=1339
15:19:22.190 INF Submitted request. clSeqNr=1340
15:19:22.194 INF Submitted request. clSeqNr=1341
15:19:22.198 INF Submitted request. clSeqNr=1342
15:19:22.202 INF Submitted request. clSeqNr=1343
15:19:22.205 INF Submitted request. clSeqNr=1344
15:19:22.209 INF Submitted request. clSeqNr=1345
15:19:22.213 INF Submitted request. clSeqNr=1346
15:19:22.217 INF Submitted request. clSeqNr=1347
15:19:22.220 INF Submitted request. clSeqNr=1348
15:19:22.223 INF Submitted request. clSeqNr=1349
15:19:22.227 INF Submitted request. clSeqNr=1350
15:19:22.231 INF Submitted request. clSeqNr=1351
15:19:22.235 INF Submitted request. clSeqNr=1352
15:19:22.238 INF Submitted request. clSeqNr=1353
15:19:22.242 INF Submitted request. clSeqNr=1354
15:19:22.246 INF Submitted request. clSeqNr=1355
15:19:22.250 INF Submitted request. clSeqNr=1356
15:19:22.253 INF Submitted request. clSeqNr=1357
15:19:22.256 INF Submitted request. clSeqNr=1358
15:19:22.260 INF Submitted request. clSeqNr=1359
15:19:22.264 INF Submitted request. clSeqNr=1360
15:19:22.267 INF Submitted request. clSeqNr=1361
15:19:22.271 INF Submitted request. clSeqNr=1362
15:19:22.275 INF Submitted request. clSeqNr=1363
15:19:22.278 INF Submitted request. clSeqNr=1364
15:19:22.282 INF Submitted request. clSeqNr=1365
15:19:22.286 INF Submitted request. clSeqNr=1366
15:19:22.289 INF Submitted request. clSeqNr=1367
15:19:22.293 INF Submitted request. clSeqNr=1368
15:19:22.297 INF Submitted request. clSeqNr=1369
15:19:22.300 INF Submitted request. clSeqNr=1370
15:19:22.304 INF Submitted request. clSeqNr=1371
15:19:22.307 INF Submitted request. clSeqNr=1372
15:19:22.311 INF Submitted request. clSeqNr=1373
15:19:22.316 INF Submitted request. clSeqNr=1374
15:19:22.319 INF Submitted request. clSeqNr=1375
15:19:22.322 INF Submitted request. clSeqNr=1376
15:19:22.326 INF Submitted request. clSeqNr=1377
15:19:22.329 INF Submitted request. clSeqNr=1378
15:19:22.333 INF Submitted request. clSeqNr=1379
15:19:22.337 INF Submitted request. clSeqNr=1380
15:19:22.341 INF Submitted request. clSeqNr=1381
15:19:22.344 INF Submitted request. clSeqNr=1382
15:19:22.349 INF Submitted request. clSeqNr=1383
15:19:22.352 INF Submitted request. clSeqNr=1384
15:19:22.355 INF Submitted request. clSeqNr=1385
15:19:22.359 INF Submitted request. clSeqNr=1386
15:19:22.363 INF Submitted request. clSeqNr=1387
15:19:22.367 INF Submitted request. clSeqNr=1388
15:19:22.370 INF Submitted request. clSeqNr=1389
15:19:22.374 INF Submitted request. clSeqNr=1390
15:19:22.377 INF Submitted request. clSeqNr=1391
15:19:22.381 INF Submitted request. clSeqNr=1392
15:19:22.385 INF Submitted request. clSeqNr=1393
15:19:22.388 INF Submitted request. clSeqNr=1394
15:19:22.392 INF Submitted request. clSeqNr=1395
15:19:22.395 INF Submitted request. clSeqNr=1396
15:19:22.399 INF Submitted request. clSeqNr=1397
15:19:22.403 INF Submitted request. clSeqNr=1398
15:19:22.407 INF Submitted request. clSeqNr=1399
15:19:22.411 INF Submitted request. clSeqNr=1400
15:19:22.414 INF Submitted request. clSeqNr=1401
15:19:22.417 INF Submitted request. clSeqNr=1402
15:19:22.421 INF Submitted request. clSeqNr=1403
15:19:22.426 INF Submitted request. clSeqNr=1404
15:19:22.429 INF Submitted request. clSeqNr=1405
15:19:22.432 INF Submitted request. clSeqNr=1406
15:19:22.437 INF Submitted request. clSeqNr=1407
15:19:22.440 INF Submitted request. clSeqNr=1408
15:19:22.443 INF Submitted request. clSeqNr=1409
15:19:22.447 INF Submitted request. clSeqNr=1410
15:19:22.451 INF Submitted request. clSeqNr=1411
15:19:22.454 INF Submitted request. clSeqNr=1412
15:19:22.458 INF Submitted request. clSeqNr=1413
15:19:22.461 INF Submitted request. clSeqNr=1414
15:19:22.465 INF Submitted request. clSeqNr=1415
15:19:22.469 INF Submitted request. clSeqNr=1416
15:19:22.472 INF Submitted request. clSeqNr=1417
15:19:22.476 INF Submitted request. clSeqNr=1418
15:19:22.480 INF Submitted request. clSeqNr=1419
15:19:22.483 INF Submitted request. clSeqNr=1420
15:19:22.488 INF Submitted request. clSeqNr=1421
15:19:22.491 INF Submitted request. clSeqNr=1422
15:19:22.495 INF Submitted request. clSeqNr=1423
15:19:22.498 INF Submitted request. clSeqNr=1424
15:19:22.502 INF Submitted request. clSeqNr=1425
15:19:22.505 INF Submitted request. clSeqNr=1426
15:19:22.510 INF Submitted request. clSeqNr=1427
15:19:22.513 INF Submitted request. clSeqNr=1428
15:19:22.517 INF Submitted request. clSeqNr=1429
15:19:22.521 INF Submitted request. clSeqNr=1430
15:19:22.524 INF Submitted request. clSeqNr=1431
15:19:22.527 INF Submitted request. clSeqNr=1432
15:19:22.532 INF Submitted request. clSeqNr=1433
15:19:22.535 INF Submitted request. clSeqNr=1434
15:19:22.539 INF Submitted request. clSeqNr=1435
15:19:22.542 INF Submitted request. clSeqNr=1436
15:19:22.546 INF Submitted request. clSeqNr=1437
15:19:22.550 INF Submitted request. clSeqNr=1438
15:19:22.554 INF Submitted request. clSeqNr=1439
15:19:22.557 INF Submitted request. clSeqNr=1440
15:19:22.561 INF Submitted request. clSeqNr=1441
15:19:22.564 INF Submitted request. clSeqNr=1442
15:19:22.568 INF Submitted request. clSeqNr=1443
15:19:22.571 INF Submitted request. clSeqNr=1444
15:19:22.575 INF Submitted request. clSeqNr=1445
15:19:22.579 INF Submitted request. clSeqNr=1446
15:19:22.583 INF Submitted request. clSeqNr=1447
15:19:22.586 INF Submitted request. clSeqNr=1448
15:19:22.590 INF Submitted request. clSeqNr=1449
15:19:22.594 INF Submitted request. clSeqNr=1450
15:19:22.597 INF Submitted request. clSeqNr=1451
15:19:22.601 INF Submitted request. clSeqNr=1452
15:19:22.604 INF Submitted request. clSeqNr=1453
15:19:22.608 INF Submitted request. clSeqNr=1454
15:19:22.612 INF Submitted request. clSeqNr=1455
15:19:22.616 INF Submitted request. clSeqNr=1456
15:19:22.620 INF Submitted request. clSeqNr=1457
15:19:22.623 INF Submitted request. clSeqNr=1458
15:19:22.626 INF Submitted request. clSeqNr=1459
15:19:22.630 INF Submitted request. clSeqNr=1460
15:19:22.634 INF Submitted request. clSeqNr=1461
15:19:22.637 INF Submitted request. clSeqNr=1462
15:19:22.641 INF Submitted request. clSeqNr=1463
15:19:22.645 INF Submitted request. clSeqNr=1464
15:19:22.648 INF Submitted request. clSeqNr=1465
15:19:22.652 INF Submitted request. clSeqNr=1466
15:19:22.656 INF Submitted request. clSeqNr=1467
15:19:22.660 INF Submitted request. clSeqNr=1468
15:19:22.664 INF Submitted request. clSeqNr=1469
15:19:22.667 INF Submitted request. clSeqNr=1470
15:19:22.671 INF Submitted request. clSeqNr=1471
15:19:22.674 INF Submitted request. clSeqNr=1472
15:19:22.678 INF Submitted request. clSeqNr=1473
15:19:22.682 INF Submitted request. clSeqNr=1474
15:19:22.686 INF Submitted request. clSeqNr=1475
15:19:22.688 INF Submitted request. clSeqNr=1476
15:19:22.693 INF Submitted request. clSeqNr=1477
15:19:22.697 INF Submitted request. clSeqNr=1478
15:19:22.699 INF Submitted request. clSeqNr=1479
15:19:22.704 INF Submitted request. clSeqNr=1480
15:19:22.707 INF Submitted request. clSeqNr=1481
15:19:22.711 INF Submitted request. clSeqNr=1482
15:19:22.715 INF Submitted request. clSeqNr=1483
15:19:22.718 INF Submitted request. clSeqNr=1484
15:19:22.722 INF Submitted request. clSeqNr=1485
15:19:22.725 INF Submitted request. clSeqNr=1486
15:19:22.729 INF Submitted request. clSeqNr=1487
15:19:22.732 INF Submitted request. clSeqNr=1488
15:19:22.737 INF Submitted request. clSeqNr=1489
15:19:22.740 INF Submitted request. clSeqNr=1490
15:19:22.741 INF Request finished (out of order). clSeqNr=115
15:19:22.742 INF Request finished (out of order). clSeqNr=131
15:19:22.742 INF Request finished (out of order). clSeqNr=147
15:19:22.742 INF Request finished (out of order). clSeqNr=163
15:19:22.743 INF Request finished (out of order). clSeqNr=179
15:19:22.743 INF Submitted request. clSeqNr=1491
15:19:22.744 INF Request finished (out of order). clSeqNr=195
15:19:22.744 INF Request finished (out of order). clSeqNr=211
15:19:22.744 INF Request finished (out of order). clSeqNr=227
15:19:22.745 INF Request finished (out of order). clSeqNr=3
15:19:22.745 INF Request finished (out of order). clSeqNr=19
15:19:22.747 INF Submitted request. clSeqNr=1492
15:19:22.751 INF Submitted request. clSeqNr=1493
15:19:22.754 INF Submitted request. clSeqNr=1494
15:19:22.758 INF Submitted request. clSeqNr=1495
15:19:22.762 INF Submitted request. clSeqNr=1496
15:19:22.765 INF Submitted request. clSeqNr=1497
15:19:22.769 INF Submitted request. clSeqNr=1498
15:19:22.773 INF Submitted request. clSeqNr=1499
15:19:22.776 INF Submitted request. clSeqNr=1500
15:19:22.780 INF Submitted request. clSeqNr=1501
15:19:22.784 INF Submitted request. clSeqNr=1502
15:19:22.787 INF Submitted request. clSeqNr=1503
15:19:22.791 INF Submitted request. clSeqNr=1504
15:19:22.795 INF Submitted request. clSeqNr=1505
15:19:22.798 INF Submitted request. clSeqNr=1506
15:19:22.802 INF Submitted request. clSeqNr=1507
15:19:22.806 INF Submitted request. clSeqNr=1508
15:19:22.809 INF Submitted request. clSeqNr=1509
15:19:22.813 INF Submitted request. clSeqNr=1510
15:19:22.817 INF Submitted request. clSeqNr=1511
15:19:22.820 INF Submitted request. clSeqNr=1512
15:19:22.823 INF Request finished (out of order). clSeqNr=35
15:19:22.823 INF Request finished (out of order). clSeqNr=51
15:19:22.824 INF Submitted request. clSeqNr=1513
15:19:22.828 INF Submitted request. clSeqNr=1514
15:19:22.831 INF Submitted request. clSeqNr=1515
15:19:22.835 INF Submitted request. clSeqNr=1516
15:19:22.836 INF Request finished (out of order). clSeqNr=67
15:19:22.836 INF Request finished (out of order). clSeqNr=83
15:19:22.836 INF Request finished (out of order). clSeqNr=99
15:19:22.836 INF Request finished (out of order). clSeqNr=116
15:19:22.836 INF Request finished (out of order). clSeqNr=132
15:19:22.836 INF Request finished (out of order). clSeqNr=148
15:19:22.836 INF Request finished (out of order). clSeqNr=164
15:19:22.836 INF Request finished (out of order). clSeqNr=180
15:19:22.836 INF Request finished (out of order). clSeqNr=196
15:19:22.836 INF Request finished (out of order). clSeqNr=212
15:19:22.836 INF Request finished (out of order). clSeqNr=228
15:19:22.836 INF Request finished (out of order). clSeqNr=4
15:19:22.836 INF Request finished (out of order). clSeqNr=20
15:19:22.836 INF Request finished (out of order). clSeqNr=36
15:19:22.836 INF Request finished (out of order). clSeqNr=52
15:19:22.836 INF Request finished (out of order). clSeqNr=68
15:19:22.836 INF Request finished (out of order). clSeqNr=84
15:19:22.836 INF Request finished (out of order). clSeqNr=100
15:19:22.836 INF Request finished (out of order). clSeqNr=117
15:19:22.836 INF Request finished (out of order). clSeqNr=133
15:19:22.836 INF Request finished (out of order). clSeqNr=149
15:19:22.836 INF Request finished (out of order). clSeqNr=165
15:19:22.836 INF Request finished (out of order). clSeqNr=181
15:19:22.836 INF Request finished (out of order). clSeqNr=197
15:19:22.836 INF Request finished (out of order). clSeqNr=213
15:19:22.836 INF Request finished (out of order). clSeqNr=229
15:19:22.836 INF Request finished (out of order). clSeqNr=5
15:19:22.837 INF Request finished (out of order). clSeqNr=21
15:19:22.837 INF Request finished (out of order). clSeqNr=37
15:19:22.837 INF Request finished (out of order). clSeqNr=53
15:19:22.837 INF Request finished (out of order). clSeqNr=69
15:19:22.837 INF Request finished (out of order). clSeqNr=85
15:19:22.837 INF Request finished (out of order). clSeqNr=101
15:19:22.837 INF Request finished (out of order). clSeqNr=118
15:19:22.839 INF Submitted request. clSeqNr=1517
15:19:22.842 INF Submitted request. clSeqNr=1518
15:19:22.846 INF Submitted request. clSeqNr=1519
15:19:22.850 INF Submitted request. clSeqNr=1520
15:19:22.853 INF Submitted request. clSeqNr=1521
15:19:22.857 INF Submitted request. clSeqNr=1522
15:19:22.861 INF Submitted request. clSeqNr=1523
15:19:22.864 INF Submitted request. clSeqNr=1524
15:19:22.868 INF Submitted request. clSeqNr=1525
15:19:22.870 INF Request finished (out of order). clSeqNr=134
15:19:22.870 INF Request finished (out of order). clSeqNr=150
15:19:22.870 INF Request finished (out of order). clSeqNr=166
15:19:22.870 INF Request finished (out of order). clSeqNr=182
15:19:22.870 INF Request finished (out of order). clSeqNr=198
15:19:22.870 INF Request finished (out of order). clSeqNr=214
15:19:22.870 INF Request finished (out of order). clSeqNr=230
15:19:22.870 INF Request finished (out of order). clSeqNr=6
15:19:22.870 INF Request finished (out of order). clSeqNr=22
15:19:22.870 INF Request finished (out of order). clSeqNr=38
15:19:22.870 INF Request finished (out of order). clSeqNr=54
15:19:22.870 INF Request finished (out of order). clSeqNr=70
15:19:22.871 INF Request finished (out of order). clSeqNr=86
15:19:22.871 INF Request finished (out of order). clSeqNr=102
15:19:22.871 INF Request finished (out of order). clSeqNr=119
15:19:22.871 INF Request finished (out of order). clSeqNr=135
15:19:22.871 INF Request finished (out of order). clSeqNr=151
15:19:22.871 INF Request finished (out of order). clSeqNr=167
15:19:22.871 INF Request finished (out of order). clSeqNr=183
15:19:22.871 INF Request finished (out of order). clSeqNr=199
15:19:22.871 INF Request finished (out of order). clSeqNr=215
15:19:22.871 INF Request finished (out of order). clSeqNr=231
15:19:22.871 INF Request finished (out of order). clSeqNr=7
15:19:22.871 INF Request finished (out of order). clSeqNr=23
15:19:22.871 INF Request finished (out of order). clSeqNr=39
15:19:22.871 INF Request finished (out of order). clSeqNr=55
15:19:22.871 INF Request finished (out of order). clSeqNr=71
15:19:22.871 INF Request finished (out of order). clSeqNr=87
15:19:22.871 INF Request finished (out of order). clSeqNr=103
15:19:22.871 INF Request finished (out of order). clSeqNr=120
15:19:22.871 INF Request finished (out of order). clSeqNr=136
15:19:22.871 INF Request finished (out of order). clSeqNr=152
15:19:22.871 INF Request finished (out of order). clSeqNr=168
15:19:22.871 INF Request finished (out of order). clSeqNr=184
15:19:22.871 INF Request finished (out of order). clSeqNr=200
15:19:22.871 INF Request finished (out of order). clSeqNr=216
15:19:22.871 INF Request finished (out of order). clSeqNr=232
15:19:22.871 INF Request finished (out of order). clSeqNr=8
15:19:22.871 INF Request finished (out of order). clSeqNr=24
15:19:22.871 INF Request finished (out of order). clSeqNr=40
15:19:22.871 INF Request finished (out of order). clSeqNr=56
15:19:22.871 INF Request finished (out of order). clSeqNr=72
15:19:22.871 INF Request finished (out of order). clSeqNr=88
15:19:22.872 INF Request finished (out of order). clSeqNr=104
15:19:22.872 INF Request finished (out of order). clSeqNr=121
15:19:22.872 INF Request finished (out of order). clSeqNr=137
15:19:22.872 INF Request finished (out of order). clSeqNr=153
15:19:22.872 INF Request finished (out of order). clSeqNr=169
15:19:22.872 INF Request finished (out of order). clSeqNr=185
15:19:22.872 INF Request finished (out of order). clSeqNr=201
15:19:22.872 INF Request finished (out of order). clSeqNr=217
15:19:22.872 INF Request finished (out of order). clSeqNr=233
15:19:22.872 INF Request finished (out of order). clSeqNr=9
15:19:22.872 INF Request finished (out of order). clSeqNr=25
15:19:22.872 INF Request finished (out of order). clSeqNr=41
15:19:22.872 INF Request finished (out of order). clSeqNr=57
15:19:22.872 INF Request finished (out of order). clSeqNr=73
15:19:22.872 INF Request finished (out of order). clSeqNr=89
15:19:22.872 INF Request finished (out of order). clSeqNr=105
15:19:22.872 INF Submitted request. clSeqNr=1526
15:19:22.872 INF Request finished (out of order). clSeqNr=122
15:19:22.872 INF Request finished (out of order). clSeqNr=138
15:19:22.872 INF Request finished (out of order). clSeqNr=154
15:19:22.872 INF Request finished (out of order). clSeqNr=170
15:19:22.872 INF Request finished (out of order). clSeqNr=186
15:19:22.872 INF Request finished (out of order). clSeqNr=202
15:19:22.872 INF Request finished (out of order). clSeqNr=218
15:19:22.872 INF Request finished (out of order). clSeqNr=234
15:19:22.872 INF Request finished (out of order). clSeqNr=250
15:19:22.872 INF Request finished (out of order). clSeqNr=10
15:19:22.872 INF Request finished (out of order). clSeqNr=26
15:19:22.872 INF Request finished (out of order). clSeqNr=42
15:19:22.872 INF Request finished (out of order). clSeqNr=58
15:19:22.872 INF Request finished (out of order). clSeqNr=74
15:19:22.872 INF Request finished (out of order). clSeqNr=90
15:19:22.872 INF Request finished (out of order). clSeqNr=106
15:19:22.872 INF Request finished (out of order). clSeqNr=266
15:19:22.872 INF Request finished (out of order). clSeqNr=123
15:19:22.872 INF Request finished (out of order). clSeqNr=139
15:19:22.872 INF Request finished (out of order). clSeqNr=155
15:19:22.872 INF Request finished (out of order). clSeqNr=171
15:19:22.872 INF Request finished (out of order). clSeqNr=187
15:19:22.872 INF Request finished (out of order). clSeqNr=203
15:19:22.872 INF Request finished (out of order). clSeqNr=219
15:19:22.872 INF Request finished (out of order). clSeqNr=235
15:19:22.872 INF Request finished (out of order). clSeqNr=251
15:19:22.872 INF Request finished (out of order). clSeqNr=11
15:19:22.873 INF Request finished (out of order). clSeqNr=27
15:19:22.873 INF Request finished (out of order). clSeqNr=43
15:19:22.873 INF Request finished (out of order). clSeqNr=59
15:19:22.873 INF Request finished (out of order). clSeqNr=75
15:19:22.873 INF Request finished (out of order). clSeqNr=91
15:19:22.873 INF Request finished (out of order). clSeqNr=107
15:19:22.873 INF Request finished (out of order). clSeqNr=267
15:19:22.873 INF Request finished (out of order). clSeqNr=124
15:19:22.873 INF Request finished (out of order). clSeqNr=140
15:19:22.873 INF Request finished (out of order). clSeqNr=156
15:19:22.873 INF Request finished (out of order). clSeqNr=172
15:19:22.873 INF Request finished (out of order). clSeqNr=188
15:19:22.873 INF Request finished (out of order). clSeqNr=204
15:19:22.873 INF Request finished (out of order). clSeqNr=220
15:19:22.873 INF Request finished (out of order). clSeqNr=236
15:19:22.873 INF Request finished (out of order). clSeqNr=252
15:19:22.873 INF Request finished (out of order). clSeqNr=12
15:19:22.873 INF Request finished (out of order). clSeqNr=28
15:19:22.873 INF Request finished (out of order). clSeqNr=44
15:19:22.873 INF Request finished (out of order). clSeqNr=60
15:19:22.873 INF Request finished (out of order). clSeqNr=76
15:19:22.873 INF Request finished (out of order). clSeqNr=92
15:19:22.873 INF Request finished (out of order). clSeqNr=108
15:19:22.873 INF Request finished (out of order). clSeqNr=268
15:19:22.873 INF Request finished (out of order). clSeqNr=125
15:19:22.873 INF Request finished (out of order). clSeqNr=141
15:19:22.873 INF Request finished (out of order). clSeqNr=157
15:19:22.873 INF Request finished (out of order). clSeqNr=173
15:19:22.873 INF Request finished (out of order). clSeqNr=189
15:19:22.873 INF Request finished (out of order). clSeqNr=205
15:19:22.873 INF Request finished (out of order). clSeqNr=221
15:19:22.873 INF Request finished (out of order). clSeqNr=237
15:19:22.874 INF Request finished (out of order). clSeqNr=253
15:19:22.874 INF Request finished (out of order). clSeqNr=13
15:19:22.874 INF Request finished (out of order). clSeqNr=29
15:19:22.874 INF Request finished (out of order). clSeqNr=45
15:19:22.874 INF Request finished (out of order). clSeqNr=61
15:19:22.874 INF Request finished (out of order). clSeqNr=77
15:19:22.874 INF Request finished (out of order). clSeqNr=93
15:19:22.874 INF Request finished (out of order). clSeqNr=109
15:19:22.874 INF Request finished (out of order). clSeqNr=269
15:19:22.874 INF Request finished (out of order). clSeqNr=126
15:19:22.874 INF Request finished (out of order). clSeqNr=142
15:19:22.874 INF Request finished (out of order). clSeqNr=158
15:19:22.874 INF Request finished (out of order). clSeqNr=174
15:19:22.874 INF Request finished (out of order). clSeqNr=190
15:19:22.874 INF Request finished (out of order). clSeqNr=206
15:19:22.875 INF Submitted request. clSeqNr=1527
15:19:22.879 INF Submitted request. clSeqNr=1528
15:19:22.883 INF Submitted request. clSeqNr=1529
15:19:22.884 INF Request finished (out of order). clSeqNr=222
15:19:22.884 INF Request finished (out of order). clSeqNr=238
15:19:22.884 INF Request finished (out of order). clSeqNr=254
15:19:22.884 INF Request finished (out of order). clSeqNr=14
15:19:22.884 INF Request finished (out of order). clSeqNr=30
15:19:22.884 INF Request finished (out of order). clSeqNr=46
15:19:22.884 INF Request finished (out of order). clSeqNr=62
15:19:22.884 INF Request finished (out of order). clSeqNr=78
15:19:22.884 INF Request finished (out of order). clSeqNr=94
15:19:22.884 INF Request finished (out of order). clSeqNr=110
15:19:22.884 INF Request finished (out of order). clSeqNr=127
15:19:22.884 INF Request finished (out of order). clSeqNr=143
15:19:22.884 INF Request finished (out of order). clSeqNr=159
15:19:22.884 INF Request finished (out of order). clSeqNr=175
15:19:22.884 INF Request finished (out of order). clSeqNr=191
15:19:22.884 INF Request finished (out of order). clSeqNr=207
15:19:22.884 INF Request finished (out of order). clSeqNr=223
15:19:22.884 INF Request finished (out of order). clSeqNr=239
15:19:22.884 INF Request finished (out of order). clSeqNr=255
15:19:22.884 INF Request finished (out of order). clSeqNr=15
15:19:22.884 INF Request finished (out of order). clSeqNr=31
15:19:22.884 INF Request finished (out of order). clSeqNr=47
15:19:22.886 INF Submitted request. clSeqNr=1530
15:19:22.890 INF Submitted request. clSeqNr=1531
15:19:22.894 INF Submitted request. clSeqNr=1532
15:19:22.895 INF Request finished (out of order). clSeqNr=63
15:19:22.897 INF Submitted request. clSeqNr=1533
15:19:22.902 INF Submitted request. clSeqNr=1534
15:19:22.905 INF Submitted request. clSeqNr=1535
15:19:22.908 INF Submitted request. clSeqNr=1536
15:19:22.912 INF Submitted request. clSeqNr=1537
15:19:22.916 INF Submitted request. clSeqNr=1538
15:19:22.919 INF Submitted request. clSeqNr=1539
15:19:22.924 INF Submitted request. clSeqNr=1540
15:19:22.925 INF Request finished (out of order). clSeqNr=79
15:19:22.925 INF Request finished (out of order). clSeqNr=95
15:19:22.925 INF Request finished (out of order). clSeqNr=111
15:19:22.925 INF Request finished (out of order). clSeqNr=128
15:19:22.925 INF Request finished (out of order). clSeqNr=144
15:19:22.925 INF Request finished (out of order). clSeqNr=160
15:19:22.927 INF Submitted request. clSeqNr=1541
15:19:22.930 INF Submitted request. clSeqNr=1542
15:19:22.934 INF Request finished (out of order). clSeqNr=176
15:19:22.934 INF Request finished (out of order). clSeqNr=192
15:19:22.934 INF Request finished (out of order). clSeqNr=208
15:19:22.934 INF Request finished (out of order). clSeqNr=224
15:19:22.934 INF Request finished (out of order). clSeqNr=240
15:19:22.934 INF Request finished (out of order). clSeqNr=0
15:19:22.934 INF Request delivered (in order). clSeqNr=0
15:19:22.934 INF Request finished (out of order). clSeqNr=256
15:19:22.934 INF Request finished (out of order). clSeqNr=16
15:19:22.934 INF Request finished (out of order). clSeqNr=32
15:19:22.934 INF Request finished (out of order). clSeqNr=48
15:19:22.934 INF Request finished (out of order). clSeqNr=64
15:19:22.934 INF Request finished (out of order). clSeqNr=80
15:19:22.934 INF Request finished (out of order). clSeqNr=96
15:19:22.934 INF Request finished (out of order). clSeqNr=112
15:19:22.934 INF Request finished (out of order). clSeqNr=129
15:19:22.934 INF Request finished (out of order). clSeqNr=145
15:19:22.934 INF Request finished (out of order). clSeqNr=161
15:19:22.934 INF Request finished (out of order). clSeqNr=177
15:19:22.934 INF Request finished (out of order). clSeqNr=193
15:19:22.934 INF Request finished (out of order). clSeqNr=209
15:19:22.934 INF Request finished (out of order). clSeqNr=225
15:19:22.934 INF Request finished (out of order). clSeqNr=241
15:19:22.934 INF Request finished (out of order). clSeqNr=1
15:19:22.934 INF Request delivered (in order). clSeqNr=1
15:19:22.934 INF Request finished (out of order). clSeqNr=257
15:19:22.934 INF Request finished (out of order). clSeqNr=17
15:19:22.934 INF Request finished (out of order). clSeqNr=33
15:19:22.934 INF Request finished (out of order). clSeqNr=49
15:19:22.934 INF Request finished (out of order). clSeqNr=65
15:19:22.934 INF Submitted request. clSeqNr=1543
15:19:22.938 INF Submitted request. clSeqNr=1544
15:19:22.941 INF Submitted request. clSeqNr=1545
15:19:22.943 INF Request finished (out of order). clSeqNr=81
15:19:22.943 INF Request finished (out of order). clSeqNr=97
15:19:22.943 INF Request finished (out of order). clSeqNr=113
15:19:22.943 INF Request finished (out of order). clSeqNr=114
15:19:22.943 INF Request finished (out of order). clSeqNr=130
15:19:22.943 INF Request finished (out of order). clSeqNr=146
15:19:22.943 INF Request finished (out of order). clSeqNr=162
15:19:22.943 INF Request finished (out of order). clSeqNr=178
15:19:22.943 INF Request finished (out of order). clSeqNr=194
15:19:22.943 INF Request finished (out of order). clSeqNr=210
15:19:22.943 INF Request finished (out of order). clSeqNr=226
15:19:22.943 INF Request finished (out of order). clSeqNr=242
15:19:22.943 INF Request finished (out of order). clSeqNr=2
15:19:22.943 INF Request delivered (in order). clSeqNr=2
15:19:22.943 INF Request delivered (in order). clSeqNr=3
15:19:22.943 INF Request delivered (in order). clSeqNr=4
15:19:22.943 INF Request delivered (in order). clSeqNr=5
15:19:22.943 INF Request delivered (in order). clSeqNr=6
15:19:22.943 INF Request delivered (in order). clSeqNr=7
15:19:22.943 INF Request delivered (in order). clSeqNr=8
15:19:22.943 INF Request delivered (in order). clSeqNr=9
15:19:22.943 INF Request delivered (in order). clSeqNr=10
15:19:22.943 INF Request delivered (in order). clSeqNr=11
15:19:22.943 INF Request delivered (in order). clSeqNr=12
15:19:22.943 INF Request delivered (in order). clSeqNr=13
15:19:22.943 INF Request delivered (in order). clSeqNr=14
15:19:22.943 INF Request delivered (in order). clSeqNr=15
15:19:22.943 INF Request delivered (in order). clSeqNr=16
15:19:22.943 INF Request delivered (in order). clSeqNr=17
15:19:22.943 INF Request finished (out of order). clSeqNr=258
15:19:22.943 INF Request finished (out of order). clSeqNr=18
15:19:22.943 INF Request delivered (in order). clSeqNr=18
15:19:22.943 INF Request delivered (in order). clSeqNr=19
15:19:22.943 INF Request delivered (in order). clSeqNr=20
15:19:22.943 INF Request delivered (in order). clSeqNr=21
15:19:22.943 INF Request delivered (in order). clSeqNr=22
15:19:22.943 INF Request delivered (in order). clSeqNr=23
15:19:22.943 INF Request delivered (in order). clSeqNr=24
15:19:22.943 INF Request delivered (in order). clSeqNr=25
15:19:22.943 INF Request delivered (in order). clSeqNr=26
15:19:22.943 INF Request delivered (in order). clSeqNr=27
15:19:22.943 INF Request delivered (in order). clSeqNr=28
15:19:22.943 INF Request delivered (in order). clSeqNr=29
15:19:22.943 INF Request delivered (in order). clSeqNr=30
15:19:22.943 INF Request delivered (in order). clSeqNr=31
15:19:22.943 INF Request delivered (in order). clSeqNr=32
15:19:22.943 INF Request delivered (in order). clSeqNr=33
15:19:22.943 INF Request finished (out of order). clSeqNr=34
15:19:22.943 INF Request delivered (in order). clSeqNr=34
15:19:22.943 INF Request delivered (in order). clSeqNr=35
15:19:22.943 INF Request delivered (in order). clSeqNr=36
15:19:22.943 INF Request delivered (in order). clSeqNr=37
15:19:22.943 INF Request delivered (in order). clSeqNr=38
15:19:22.944 INF Request delivered (in order). clSeqNr=39
15:19:22.944 INF Request delivered (in order). clSeqNr=40
15:19:22.944 INF Request delivered (in order). clSeqNr=41
15:19:22.944 INF Request delivered (in order). clSeqNr=42
15:19:22.944 INF Request delivered (in order). clSeqNr=43
15:19:22.944 INF Request delivered (in order). clSeqNr=44
15:19:22.944 INF Request delivered (in order). clSeqNr=45
15:19:22.944 INF Request delivered (in order). clSeqNr=46
15:19:22.944 INF Request delivered (in order). clSeqNr=47
15:19:22.944 INF Request delivered (in order). clSeqNr=48
15:19:22.944 INF Request delivered (in order). clSeqNr=49
15:19:22.944 INF Request finished (out of order). clSeqNr=50
15:19:22.944 INF Request delivered (in order). clSeqNr=50
15:19:22.944 INF Request delivered (in order). clSeqNr=51
15:19:22.944 INF Request delivered (in order). clSeqNr=52
15:19:22.944 INF Request delivered (in order). clSeqNr=53
15:19:22.944 INF Request delivered (in order). clSeqNr=54
15:19:22.944 INF Request delivered (in order). clSeqNr=55
15:19:22.944 INF Request delivered (in order). clSeqNr=56
15:19:22.944 INF Request delivered (in order). clSeqNr=57
15:19:22.944 INF Request delivered (in order). clSeqNr=58
15:19:22.944 INF Request delivered (in order). clSeqNr=59
15:19:22.944 INF Request delivered (in order). clSeqNr=60
15:19:22.944 INF Request delivered (in order). clSeqNr=61
15:19:22.944 INF Request delivered (in order). clSeqNr=62
15:19:22.944 INF Request delivered (in order). clSeqNr=63
15:19:22.944 INF Request delivered (in order). clSeqNr=64
15:19:22.944 INF Request delivered (in order). clSeqNr=65
15:19:22.944 INF Request finished (out of order). clSeqNr=66
15:19:22.944 INF Request delivered (in order). clSeqNr=66
15:19:22.944 INF Request delivered (in order). clSeqNr=67
15:19:22.944 INF Request delivered (in order). clSeqNr=68
15:19:22.944 INF Request delivered (in order). clSeqNr=69
15:19:22.944 INF Request delivered (in order). clSeqNr=70
15:19:22.944 INF Request delivered (in order). clSeqNr=71
15:19:22.944 INF Request delivered (in order). clSeqNr=72
15:19:22.944 INF Request delivered (in order). clSeqNr=73
15:19:22.944 INF Request delivered (in order). clSeqNr=74
15:19:22.944 INF Request delivered (in order). clSeqNr=75
15:19:22.944 INF Request delivered (in order). clSeqNr=76
15:19:22.944 INF Request delivered (in order). clSeqNr=77
15:19:22.944 INF Request delivered (in order). clSeqNr=78
15:19:22.944 INF Request delivered (in order). clSeqNr=79
15:19:22.944 INF Request delivered (in order). clSeqNr=80
15:19:22.944 INF Request delivered (in order). clSeqNr=81
15:19:22.944 INF Request finished (out of order). clSeqNr=82
15:19:22.944 INF Request delivered (in order). clSeqNr=82
15:19:22.944 INF Request delivered (in order). clSeqNr=83
15:19:22.944 INF Request delivered (in order). clSeqNr=84
15:19:22.944 INF Request delivered (in order). clSeqNr=85
15:19:22.944 INF Request delivered (in order). clSeqNr=86
15:19:22.944 INF Request delivered (in order). clSeqNr=87
15:19:22.944 INF Request delivered (in order). clSeqNr=88
15:19:22.944 INF Request delivered (in order). clSeqNr=89
15:19:22.944 INF Request delivered (in order). clSeqNr=90
15:19:22.944 INF Request delivered (in order). clSeqNr=91
15:19:22.944 INF Request delivered (in order). clSeqNr=92
15:19:22.944 INF Request delivered (in order). clSeqNr=93
15:19:22.944 INF Request delivered (in order). clSeqNr=94
15:19:22.944 INF Request delivered (in order). clSeqNr=95
15:19:22.944 INF Request delivered (in order). clSeqNr=96
15:19:22.944 INF Request delivered (in order). clSeqNr=97
15:19:22.944 INF Request finished (out of order). clSeqNr=98
15:19:22.944 INF Request delivered (in order). clSeqNr=98
15:19:22.944 INF Request delivered (in order). clSeqNr=99
15:19:22.944 INF Request delivered (in order). clSeqNr=100
15:19:22.944 INF Request delivered (in order). clSeqNr=101
15:19:22.944 INF Request delivered (in order). clSeqNr=102
15:19:22.944 INF Request delivered (in order). clSeqNr=103
15:19:22.944 INF Request delivered (in order). clSeqNr=104
15:19:22.944 INF Request delivered (in order). clSeqNr=105
15:19:22.944 INF Request delivered (in order). clSeqNr=106
15:19:22.944 INF Request delivered (in order). clSeqNr=107
15:19:22.944 INF Request delivered (in order). clSeqNr=108
15:19:22.945 INF Request delivered (in order). clSeqNr=109
15:19:22.945 INF Request delivered (in order). clSeqNr=110
15:19:22.945 INF Request delivered (in order). clSeqNr=111
15:19:22.945 INF Request delivered (in order). clSeqNr=112
15:19:22.945 INF Request delivered (in order). clSeqNr=113
15:19:22.945 INF Request delivered (in order). clSeqNr=114
15:19:22.945 INF Request delivered (in order). clSeqNr=115
15:19:22.945 INF Request delivered (in order). clSeqNr=116
15:19:22.945 INF Request delivered (in order). clSeqNr=117
15:19:22.945 INF Request delivered (in order). clSeqNr=118
15:19:22.945 INF Request delivered (in order). clSeqNr=119
15:19:22.945 INF Request delivered (in order). clSeqNr=120
15:19:22.945 INF Request delivered (in order). clSeqNr=121
15:19:22.945 INF Request delivered (in order). clSeqNr=122
15:19:22.945 INF Request delivered (in order). clSeqNr=123
15:19:22.945 INF Request delivered (in order). clSeqNr=124
15:19:22.945 INF Request delivered (in order). clSeqNr=125
15:19:22.945 INF Request delivered (in order). clSeqNr=126
15:19:22.945 INF Request delivered (in order). clSeqNr=127
15:19:22.945 INF Request delivered (in order). clSeqNr=128
15:19:22.945 INF Request delivered (in order). clSeqNr=129
15:19:22.945 INF Request delivered (in order). clSeqNr=130
15:19:22.945 INF Request delivered (in order). clSeqNr=131
15:19:22.945 INF Request delivered (in order). clSeqNr=132
15:19:22.945 INF Request delivered (in order). clSeqNr=133
15:19:22.945 INF Request delivered (in order). clSeqNr=134
15:19:22.945 INF Request delivered (in order). clSeqNr=135
15:19:22.945 INF Request delivered (in order). clSeqNr=136
15:19:22.945 INF Request delivered (in order). clSeqNr=137
15:19:22.945 INF Request delivered (in order). clSeqNr=138
15:19:22.945 INF Request delivered (in order). clSeqNr=139
15:19:22.945 INF Request delivered (in order). clSeqNr=140
15:19:22.945 INF Request delivered (in order). clSeqNr=141
15:19:22.945 INF Request delivered (in order). clSeqNr=142
15:19:22.945 INF Request delivered (in order). clSeqNr=143
15:19:22.945 INF Request delivered (in order). clSeqNr=144
15:19:22.945 INF Request delivered (in order). clSeqNr=145
15:19:22.945 INF Request delivered (in order). clSeqNr=146
15:19:22.945 INF Request delivered (in order). clSeqNr=147
15:19:22.945 INF Request delivered (in order). clSeqNr=148
15:19:22.945 INF Request delivered (in order). clSeqNr=149
15:19:22.945 INF Request delivered (in order). clSeqNr=150
15:19:22.945 INF Request delivered (in order). clSeqNr=151
15:19:22.945 INF Request delivered (in order). clSeqNr=152
15:19:22.945 INF Request delivered (in order). clSeqNr=153
15:19:22.945 INF Request delivered (in order). clSeqNr=154
15:19:22.945 INF Request delivered (in order). clSeqNr=155
15:19:22.945 INF Request delivered (in order). clSeqNr=156
15:19:22.945 INF Request delivered (in order). clSeqNr=157
15:19:22.945 INF Request delivered (in order). clSeqNr=158
15:19:22.945 INF Request delivered (in order). clSeqNr=159
15:19:22.945 INF Request delivered (in order). clSeqNr=160
15:19:22.945 INF Request delivered (in order). clSeqNr=161
15:19:22.945 INF Request delivered (in order). clSeqNr=162
15:19:22.945 INF Request delivered (in order). clSeqNr=163
15:19:22.945 INF Request delivered (in order). clSeqNr=164
15:19:22.945 INF Request delivered (in order). clSeqNr=165
15:19:22.945 INF Request delivered (in order). clSeqNr=166
15:19:22.945 INF Request delivered (in order). clSeqNr=167
15:19:22.946 INF Request delivered (in order). clSeqNr=168
15:19:22.946 INF Request delivered (in order). clSeqNr=169
15:19:22.946 INF Request delivered (in order). clSeqNr=170
15:19:22.946 INF Request delivered (in order). clSeqNr=171
15:19:22.946 INF Request delivered (in order). clSeqNr=172
15:19:22.946 INF Request delivered (in order). clSeqNr=173
15:19:22.946 INF Request delivered (in order). clSeqNr=174
15:19:22.946 INF Request delivered (in order). clSeqNr=175
15:19:22.946 INF Request delivered (in order). clSeqNr=176
15:19:22.946 INF Request delivered (in order). clSeqNr=177
15:19:22.946 INF Request delivered (in order). clSeqNr=178
15:19:22.946 INF Request delivered (in order). clSeqNr=179
15:19:22.946 INF Request delivered (in order). clSeqNr=180
15:19:22.946 INF Request delivered (in order). clSeqNr=181
15:19:22.946 INF Request delivered (in order). clSeqNr=182
15:19:22.946 INF Request delivered (in order). clSeqNr=183
15:19:22.946 INF Request delivered (in order). clSeqNr=184
15:19:22.946 INF Request delivered (in order). clSeqNr=185
15:19:22.946 INF Request delivered (in order). clSeqNr=186
15:19:22.946 INF Request delivered (in order). clSeqNr=187
15:19:22.946 INF Request delivered (in order). clSeqNr=188
15:19:22.946 INF Request delivered (in order). clSeqNr=189
15:19:22.946 INF Request delivered (in order). clSeqNr=190
15:19:22.946 INF Request delivered (in order). clSeqNr=191
15:19:22.946 INF Request delivered (in order). clSeqNr=192
15:19:22.946 INF Request delivered (in order). clSeqNr=193
15:19:22.946 INF Request delivered (in order). clSeqNr=194
15:19:22.946 INF Request delivered (in order). clSeqNr=195
15:19:22.946 INF Request delivered (in order). clSeqNr=196
15:19:22.946 INF Request delivered (in order). clSeqNr=197
15:19:22.946 INF Request delivered (in order). clSeqNr=198
15:19:22.946 INF Request delivered (in order). clSeqNr=199
15:19:22.946 INF Request delivered (in order). clSeqNr=200
15:19:22.946 INF Request delivered (in order). clSeqNr=201
15:19:22.946 INF Request delivered (in order). clSeqNr=202
15:19:22.946 INF Request delivered (in order). clSeqNr=203
15:19:22.946 INF Request delivered (in order). clSeqNr=204
15:19:22.946 INF Request delivered (in order). clSeqNr=205
15:19:22.946 INF Request delivered (in order). clSeqNr=206
15:19:22.946 INF Request delivered (in order). clSeqNr=207
15:19:22.946 INF Request delivered (in order). clSeqNr=208
15:19:22.946 INF Request delivered (in order). clSeqNr=209
15:19:22.946 INF Request delivered (in order). clSeqNr=210
15:19:22.946 INF Request delivered (in order). clSeqNr=211
15:19:22.946 INF Request delivered (in order). clSeqNr=212
15:19:22.946 INF Request delivered (in order). clSeqNr=213
15:19:22.946 INF Request delivered (in order). clSeqNr=214
15:19:22.946 INF Request delivered (in order). clSeqNr=215
15:19:22.946 INF Request delivered (in order). clSeqNr=216
15:19:22.946 INF Request delivered (in order). clSeqNr=217
15:19:22.946 INF Request delivered (in order). clSeqNr=218
15:19:22.946 INF Request delivered (in order). clSeqNr=219
15:19:22.946 INF Request delivered (in order). clSeqNr=220
15:19:22.946 INF Request delivered (in order). clSeqNr=221
15:19:22.946 INF Request delivered (in order). clSeqNr=222
15:19:22.946 INF Request delivered (in order). clSeqNr=223
15:19:22.946 INF Request delivered (in order). clSeqNr=224
15:19:22.946 INF Request delivered (in order). clSeqNr=225
15:19:22.946 INF Request delivered (in order). clSeqNr=226
15:19:22.946 INF Request delivered (in order). clSeqNr=227
15:19:22.946 INF Request delivered (in order). clSeqNr=228
15:19:22.946 INF Request delivered (in order). clSeqNr=229
15:19:22.946 INF Request delivered (in order). clSeqNr=230
15:19:22.946 INF Request delivered (in order). clSeqNr=231
15:19:22.946 INF Request delivered (in order). clSeqNr=232
15:19:22.946 INF Request delivered (in order). clSeqNr=233
15:19:22.946 INF Request delivered (in order). clSeqNr=234
15:19:22.946 INF Request delivered (in order). clSeqNr=235
15:19:22.947 INF Request delivered (in order). clSeqNr=236
15:19:22.947 INF Request delivered (in order). clSeqNr=237
15:19:22.947 INF Request delivered (in order). clSeqNr=238
15:19:22.947 INF Request delivered (in order). clSeqNr=239
15:19:22.947 INF Request delivered (in order). clSeqNr=240
15:19:22.947 INF Request delivered (in order). clSeqNr=241
15:19:22.947 INF Request delivered (in order). clSeqNr=242
15:19:22.947 INF Request finished (out of order). clSeqNr=371
15:19:22.947 INF Request finished (out of order). clSeqNr=387
15:19:22.947 INF Request finished (out of order). clSeqNr=403
15:19:22.947 INF Request finished (out of order). clSeqNr=419
15:19:22.947 INF Request finished (out of order). clSeqNr=435
15:19:22.947 INF Request finished (out of order). clSeqNr=451
15:19:22.947 INF Submitted request. clSeqNr=1546
15:19:22.947 INF Request finished (out of order). clSeqNr=467
15:19:22.947 INF Request finished (out of order). clSeqNr=483
15:19:22.947 INF Request finished (out of order). clSeqNr=243
15:19:22.947 INF Request delivered (in order). clSeqNr=243
15:19:22.947 INF Request finished (out of order). clSeqNr=259
15:19:22.947 INF Request finished (out of order). clSeqNr=275
15:19:22.947 INF Request finished (out of order). clSeqNr=291
15:19:22.947 INF Request finished (out of order). clSeqNr=307
15:19:22.947 INF Request finished (out of order). clSeqNr=323
15:19:22.947 INF Request finished (out of order). clSeqNr=339
15:19:22.947 INF Request finished (out of order). clSeqNr=355
15:19:22.947 INF Request finished (out of order). clSeqNr=372
15:19:22.947 INF Request finished (out of order). clSeqNr=388
15:19:22.947 INF Request finished (out of order). clSeqNr=404
15:19:22.947 INF Request finished (out of order). clSeqNr=420
15:19:22.947 INF Request finished (out of order). clSeqNr=436
15:19:22.947 INF Request finished (out of order). clSeqNr=452
15:19:22.947 INF Request finished (out of order). clSeqNr=468
15:19:22.947 INF Request finished (out of order). clSeqNr=484
15:19:22.947 INF Request finished (out of order). clSeqNr=244
15:19:22.947 INF Request delivered (in order). clSeqNr=244
15:19:22.947 INF Request finished (out of order). clSeqNr=260
15:19:22.947 INF Request finished (out of order). clSeqNr=276
15:19:22.947 INF Request finished (out of order). clSeqNr=292
15:19:22.949 INF Submitted request. clSeqNr=1547
15:19:22.952 INF Submitted request. clSeqNr=1548
15:19:22.956 INF Submitted request. clSeqNr=1549
15:19:22.960 INF Submitted request. clSeqNr=1550
15:19:22.963 INF Submitted request. clSeqNr=1551
15:19:22.967 INF Submitted request. clSeqNr=1552
15:19:22.970 INF Submitted request. clSeqNr=1553
15:19:22.974 INF Submitted request. clSeqNr=1554
15:19:22.978 INF Submitted request. clSeqNr=1555
15:19:22.979 INF Request finished (out of order). clSeqNr=308
15:19:22.979 INF Request finished (out of order). clSeqNr=324
15:19:22.979 INF Request finished (out of order). clSeqNr=340
15:19:22.979 INF Request finished (out of order). clSeqNr=356
15:19:22.979 INF Request finished (out of order). clSeqNr=373
15:19:22.979 INF Request finished (out of order). clSeqNr=389
15:19:22.979 INF Request finished (out of order). clSeqNr=405
15:19:22.979 INF Request finished (out of order). clSeqNr=421
15:19:22.979 INF Request finished (out of order). clSeqNr=437
15:19:22.979 INF Request finished (out of order). clSeqNr=453
15:19:22.979 INF Request finished (out of order). clSeqNr=469
15:19:22.979 INF Request finished (out of order). clSeqNr=485
15:19:22.979 INF Request finished (out of order). clSeqNr=245
15:19:22.979 INF Request delivered (in order). clSeqNr=245
15:19:22.979 INF Request finished (out of order). clSeqNr=261
15:19:22.979 INF Request finished (out of order). clSeqNr=277
15:19:22.979 INF Request finished (out of order). clSeqNr=293
15:19:22.979 INF Request finished (out of order). clSeqNr=309
15:19:22.979 INF Request finished (out of order). clSeqNr=325
15:19:22.979 INF Request finished (out of order). clSeqNr=341
15:19:22.979 INF Request finished (out of order). clSeqNr=357
15:19:22.982 INF Submitted request. clSeqNr=1556
15:19:22.985 INF Submitted request. clSeqNr=1557
15:19:22.989 INF Submitted request. clSeqNr=1558
15:19:22.993 INF Submitted request. clSeqNr=1559
15:19:22.996 INF Submitted request. clSeqNr=1560
15:19:23.000 INF Submitted request. clSeqNr=1561
15:19:23.004 INF Submitted request. clSeqNr=1562
15:19:23.007 INF Submitted request. clSeqNr=1563
15:19:23.011 INF Submitted request. clSeqNr=1564
15:19:23.015 INF Submitted request. clSeqNr=1565
15:19:23.018 INF Submitted request. clSeqNr=1566
15:19:23.022 INF Submitted request. clSeqNr=1567
15:19:23.026 INF Submitted request. clSeqNr=1568
15:19:23.029 INF Submitted request. clSeqNr=1569
15:19:23.033 INF Submitted request. clSeqNr=1570
15:19:23.037 INF Submitted request. clSeqNr=1571
15:19:23.040 INF Submitted request. clSeqNr=1572
15:19:23.044 INF Submitted request. clSeqNr=1573
15:19:23.047 INF Submitted request. clSeqNr=1574
15:19:23.051 INF Submitted request. clSeqNr=1575
15:19:23.055 INF Submitted request. clSeqNr=1576
15:19:23.059 INF Submitted request. clSeqNr=1577
15:19:23.062 INF Submitted request. clSeqNr=1578
15:19:23.066 INF Submitted request. clSeqNr=1579
15:19:23.070 INF Submitted request. clSeqNr=1580
15:19:23.073 INF Submitted request. clSeqNr=1581
15:19:23.077 INF Submitted request. clSeqNr=1582
15:19:23.080 INF Submitted request. clSeqNr=1583
15:19:23.084 INF Submitted request. clSeqNr=1584
15:19:23.088 INF Submitted request. clSeqNr=1585
15:19:23.092 INF Submitted request. clSeqNr=1586
15:19:23.095 INF Submitted request. clSeqNr=1587
15:19:23.099 INF Submitted request. clSeqNr=1588
15:19:23.102 INF Submitted request. clSeqNr=1589
15:19:23.106 INF Submitted request. clSeqNr=1590
15:19:23.110 INF Submitted request. clSeqNr=1591
15:19:23.114 INF Submitted request. clSeqNr=1592
15:19:23.117 INF Submitted request. clSeqNr=1593
15:19:23.121 INF Submitted request. clSeqNr=1594
15:19:23.124 INF Submitted request. clSeqNr=1595
15:19:23.128 INF Submitted request. clSeqNr=1596
15:19:23.132 INF Submitted request. clSeqNr=1597
15:19:23.135 INF Submitted request. clSeqNr=1598
15:19:23.139 INF Submitted request. clSeqNr=1599
15:19:23.144 INF Submitted request. clSeqNr=1600
15:19:23.147 INF Submitted request. clSeqNr=1601
15:19:23.150 INF Submitted request. clSeqNr=1602
15:19:23.154 INF Submitted request. clSeqNr=1603
15:19:23.157 INF Submitted request. clSeqNr=1604
15:19:23.161 INF Submitted request. clSeqNr=1605
15:19:23.166 INF Submitted request. clSeqNr=1606
15:19:23.169 INF Submitted request. clSeqNr=1607
15:19:23.172 INF Submitted request. clSeqNr=1608
15:19:23.176 INF Submitted request. clSeqNr=1609
15:19:23.180 INF Submitted request. clSeqNr=1610
15:19:23.183 INF Submitted request. clSeqNr=1611
15:19:23.187 INF Submitted request. clSeqNr=1612
15:19:23.190 INF Submitted request. clSeqNr=1613
15:19:23.194 INF Submitted request. clSeqNr=1614
15:19:23.198 INF Submitted request. clSeqNr=1615
15:19:23.201 INF Submitted request. clSeqNr=1616
15:19:23.205 INF Submitted request. clSeqNr=1617
15:19:23.209 INF Submitted request. clSeqNr=1618
15:19:23.212 INF Submitted request. clSeqNr=1619
15:19:23.217 INF Submitted request. clSeqNr=1620
15:19:23.220 INF Submitted request. clSeqNr=1621
15:19:23.224 INF Submitted request. clSeqNr=1622
15:19:23.227 INF Submitted request. clSeqNr=1623
15:19:23.231 INF Submitted request. clSeqNr=1624
15:19:23.234 INF Submitted request. clSeqNr=1625
15:19:23.238 INF Submitted request. clSeqNr=1626
15:19:23.242 INF Submitted request. clSeqNr=1627
15:19:23.246 INF Submitted request. clSeqNr=1628
15:19:23.249 INF Submitted request. clSeqNr=1629
15:19:23.253 INF Submitted request. clSeqNr=1630
15:19:23.257 INF Submitted request. clSeqNr=1631
15:19:23.260 INF Submitted request. clSeqNr=1632
15:19:23.264 INF Submitted request. clSeqNr=1633
15:19:23.268 INF Submitted request. clSeqNr=1634
15:19:23.271 INF Submitted request. clSeqNr=1635
15:19:23.275 INF Submitted request. clSeqNr=1636
15:19:23.279 INF Submitted request. clSeqNr=1637
15:19:23.283 INF Submitted request. clSeqNr=1638
15:19:23.286 INF Submitted request. clSeqNr=1639
15:19:23.290 INF Submitted request. clSeqNr=1640
15:19:23.293 INF Submitted request. clSeqNr=1641
15:19:23.297 INF Submitted request. clSeqNr=1642
15:19:23.301 INF Submitted request. clSeqNr=1643
15:19:23.304 INF Submitted request. clSeqNr=1644
15:19:23.307 INF Submitted request. clSeqNr=1645
15:19:23.311 INF Submitted request. clSeqNr=1646
15:19:23.315 INF Submitted request. clSeqNr=1647
15:19:23.319 INF Submitted request. clSeqNr=1648
15:19:23.322 INF Submitted request. clSeqNr=1649
15:19:23.326 INF Submitted request. clSeqNr=1650
15:19:23.330 INF Submitted request. clSeqNr=1651
15:19:23.333 INF Submitted request. clSeqNr=1652
15:19:23.337 INF Submitted request. clSeqNr=1653
15:19:23.341 INF Submitted request. clSeqNr=1654
15:19:23.345 INF Submitted request. clSeqNr=1655
15:19:23.349 INF Submitted request. clSeqNr=1656
15:19:23.352 INF Submitted request. clSeqNr=1657
15:19:23.355 INF Submitted request. clSeqNr=1658
15:19:23.359 INF Submitted request. clSeqNr=1659
15:19:23.362 INF Submitted request. clSeqNr=1660
15:19:23.366 INF Submitted request. clSeqNr=1661
15:19:23.370 INF Submitted request. clSeqNr=1662
15:19:23.374 INF Submitted request. clSeqNr=1663
15:19:23.377 INF Submitted request. clSeqNr=1664
15:19:23.381 INF Submitted request. clSeqNr=1665
15:19:23.385 INF Submitted request. clSeqNr=1666
15:19:23.388 INF Submitted request. clSeqNr=1667
15:19:23.392 INF Submitted request. clSeqNr=1668
15:19:23.395 INF Submitted request. clSeqNr=1669
15:19:23.399 INF Submitted request. clSeqNr=1670
15:19:23.403 INF Submitted request. clSeqNr=1671
15:19:23.407 INF Submitted request. clSeqNr=1672
15:19:23.410 INF Submitted request. clSeqNr=1673
15:19:23.414 INF Submitted request. clSeqNr=1674
15:19:23.417 INF Submitted request. clSeqNr=1675
15:19:23.421 INF Submitted request. clSeqNr=1676
15:19:23.425 INF Submitted request. clSeqNr=1677
15:19:23.429 INF Submitted request. clSeqNr=1678
15:19:23.432 INF Submitted request. clSeqNr=1679
15:19:23.436 INF Submitted request. clSeqNr=1680
15:19:23.439 INF Submitted request. clSeqNr=1681
15:19:23.443 INF Submitted request. clSeqNr=1682
15:19:23.447 INF Submitted request. clSeqNr=1683
15:19:23.450 INF Submitted request. clSeqNr=1684
15:19:23.454 INF Submitted request. clSeqNr=1685
15:19:23.458 INF Submitted request. clSeqNr=1686
15:19:23.462 INF Submitted request. clSeqNr=1687
15:19:23.465 INF Submitted request. clSeqNr=1688
15:19:23.469 INF Submitted request. clSeqNr=1689
15:19:23.473 INF Submitted request. clSeqNr=1690
15:19:23.477 INF Submitted request. clSeqNr=1691
15:19:23.480 INF Submitted request. clSeqNr=1692
15:19:23.483 INF Submitted request. clSeqNr=1693
15:19:23.487 INF Submitted request. clSeqNr=1694
15:19:23.491 INF Submitted request. clSeqNr=1695
15:19:23.494 INF Submitted request. clSeqNr=1696
15:19:23.498 INF Submitted request. clSeqNr=1697
15:19:23.502 INF Submitted request. clSeqNr=1698
15:19:23.505 INF Submitted request. clSeqNr=1699
15:19:23.510 INF Submitted request. clSeqNr=1700
15:19:23.513 INF Submitted request. clSeqNr=1701
15:19:23.517 INF Submitted request. clSeqNr=1702
15:19:23.520 INF Submitted request. clSeqNr=1703
15:19:23.524 INF Submitted request. clSeqNr=1704
15:19:23.528 INF Submitted request. clSeqNr=1705
15:19:23.532 INF Submitted request. clSeqNr=1706
15:19:23.535 INF Submitted request. clSeqNr=1707
15:19:23.538 INF Submitted request. clSeqNr=1708
15:19:23.543 INF Submitted request. clSeqNr=1709
15:19:23.546 INF Submitted request. clSeqNr=1710
15:19:23.550 INF Submitted request. clSeqNr=1711
15:19:23.553 INF Submitted request. clSeqNr=1712
15:19:23.557 INF Submitted request. clSeqNr=1713
15:19:23.561 INF Submitted request. clSeqNr=1714
15:19:23.564 INF Submitted request. clSeqNr=1715
15:19:23.568 INF Submitted request. clSeqNr=1716
15:19:23.572 INF Submitted request. clSeqNr=1717
15:19:23.576 INF Submitted request. clSeqNr=1718
15:19:23.579 INF Submitted request. clSeqNr=1719
15:19:23.583 INF Submitted request. clSeqNr=1720
15:19:23.586 INF Submitted request. clSeqNr=1721
15:19:23.590 INF Submitted request. clSeqNr=1722
15:19:23.593 INF Submitted request. clSeqNr=1723
15:19:23.597 INF Submitted request. clSeqNr=1724
15:19:23.601 INF Submitted request. clSeqNr=1725
15:19:23.605 INF Submitted request. clSeqNr=1726
15:19:23.609 INF Submitted request. clSeqNr=1727
15:19:23.612 INF Submitted request. clSeqNr=1728
15:19:23.616 INF Submitted request. clSeqNr=1729
15:19:23.619 INF Submitted request. clSeqNr=1730
15:19:23.623 INF Submitted request. clSeqNr=1731
15:19:23.627 INF Submitted request. clSeqNr=1732
15:19:23.630 INF Submitted request. clSeqNr=1733
15:19:23.634 INF Submitted request. clSeqNr=1734
15:19:23.637 INF Submitted request. clSeqNr=1735
15:19:23.641 INF Submitted request. clSeqNr=1736
15:19:23.645 INF Submitted request. clSeqNr=1737
15:19:23.649 INF Submitted request. clSeqNr=1738
15:19:23.652 INF Submitted request. clSeqNr=1739
15:19:23.656 INF Submitted request. clSeqNr=1740
15:19:23.659 INF Submitted request. clSeqNr=1741
15:19:23.664 INF Submitted request. clSeqNr=1742
15:19:23.667 INF Submitted request. clSeqNr=1743
15:19:23.670 INF Submitted request. clSeqNr=1744
15:19:23.674 INF Submitted request. clSeqNr=1745
15:19:23.678 INF Submitted request. clSeqNr=1746
15:19:23.682 INF Submitted request. clSeqNr=1747
15:19:23.685 INF Submitted request. clSeqNr=1748
15:19:23.689 INF Submitted request. clSeqNr=1749
15:19:23.693 INF Submitted request. clSeqNr=1750
15:19:23.696 INF Submitted request. clSeqNr=1751
15:19:23.699 INF Submitted request. clSeqNr=1752
15:19:23.703 INF Submitted request. clSeqNr=1753
15:19:23.707 INF Submitted request. clSeqNr=1754
15:19:23.711 INF Submitted request. clSeqNr=1755
15:19:23.714 INF Submitted request. clSeqNr=1756
15:19:23.718 INF Submitted request. clSeqNr=1757
15:19:23.722 INF Submitted request. clSeqNr=1758
15:19:23.726 INF Submitted request. clSeqNr=1759
15:19:23.729 INF Submitted request. clSeqNr=1760
15:19:23.733 INF Submitted request. clSeqNr=1761
15:19:23.737 INF Submitted request. clSeqNr=1762
15:19:23.740 INF Submitted request. clSeqNr=1763
15:19:23.744 INF Submitted request. clSeqNr=1764
15:19:23.748 INF Submitted request. clSeqNr=1765
15:19:23.752 INF Submitted request. clSeqNr=1766
15:19:23.754 INF Submitted request. clSeqNr=1767
15:19:23.758 INF Submitted request. clSeqNr=1768
15:19:23.762 INF Submitted request. clSeqNr=1769
15:19:23.766 INF Submitted request. clSeqNr=1770
15:19:23.770 INF Submitted request. clSeqNr=1771
15:19:23.773 INF Submitted request. clSeqNr=1772
15:19:23.776 INF Submitted request. clSeqNr=1773
15:19:23.780 INF Submitted request. clSeqNr=1774
15:19:23.784 INF Submitted request. clSeqNr=1775
15:19:23.788 INF Submitted request. clSeqNr=1776
15:19:23.792 INF Submitted request. clSeqNr=1777
15:19:23.795 INF Submitted request. clSeqNr=1778
15:19:23.799 INF Submitted request. clSeqNr=1779
15:19:23.802 INF Submitted request. clSeqNr=1780
15:19:23.806 INF Submitted request. clSeqNr=1781
15:19:23.810 INF Submitted request. clSeqNr=1782
15:19:23.813 INF Submitted request. clSeqNr=1783
15:19:23.817 INF Submitted request. clSeqNr=1784
15:19:23.820 INF Submitted request. clSeqNr=1785
15:19:23.825 INF Submitted request. clSeqNr=1786
15:19:23.828 INF Submitted request. clSeqNr=1787
15:19:23.831 INF Submitted request. clSeqNr=1788
15:19:23.835 INF Submitted request. clSeqNr=1789
15:19:23.839 INF Submitted request. clSeqNr=1790
15:19:23.842 INF Submitted request. clSeqNr=1791
15:19:23.847 INF Submitted request. clSeqNr=1792
15:19:23.851 INF Submitted request. clSeqNr=1793
15:19:23.854 INF Submitted request. clSeqNr=1794
15:19:23.857 INF Submitted request. clSeqNr=1795
15:19:23.861 INF Submitted request. clSeqNr=1796
15:19:23.865 INF Submitted request. clSeqNr=1797
15:19:23.868 INF Submitted request. clSeqNr=1798
15:19:23.872 INF Submitted request. clSeqNr=1799
15:19:23.876 INF Submitted request. clSeqNr=1800
15:19:23.880 INF Submitted request. clSeqNr=1801
15:19:23.883 INF Submitted request. clSeqNr=1802
15:19:23.887 INF Submitted request. clSeqNr=1803
15:19:23.890 INF Submitted request. clSeqNr=1804
15:19:23.894 INF Submitted request. clSeqNr=1805
15:19:23.897 INF Submitted request. clSeqNr=1806
15:19:23.901 INF Submitted request. clSeqNr=1807
15:19:23.905 INF Submitted request. clSeqNr=1808
15:19:23.908 INF Submitted request. clSeqNr=1809
15:19:23.912 INF Submitted request. clSeqNr=1810
15:19:23.916 INF Submitted request. clSeqNr=1811
15:19:23.920 INF Submitted request. clSeqNr=1812
15:19:23.923 INF Submitted request. clSeqNr=1813
15:19:23.927 INF Submitted request. clSeqNr=1814
15:19:23.930 INF Submitted request. clSeqNr=1815
15:19:23.934 INF Submitted request. clSeqNr=1816
15:19:23.938 INF Submitted request. clSeqNr=1817
15:19:23.941 INF Submitted request. clSeqNr=1818
15:19:23.945 INF Submitted request. clSeqNr=1819
15:19:23.948 INF Submitted request. clSeqNr=1820
15:19:23.953 INF Submitted request. clSeqNr=1821
15:19:23.956 INF Submitted request. clSeqNr=1822
15:19:23.960 INF Submitted request. clSeqNr=1823
15:19:23.964 INF Submitted request. clSeqNr=1824
15:19:23.967 INF Submitted request. clSeqNr=1825
15:19:23.971 INF Submitted request. clSeqNr=1826
15:19:23.974 INF Submitted request. clSeqNr=1827
15:19:23.979 INF Submitted request. clSeqNr=1828
15:19:23.981 INF Submitted request. clSeqNr=1829
15:19:23.986 INF Submitted request. clSeqNr=1830
15:19:23.989 INF Submitted request. clSeqNr=1831
15:19:23.993 INF Submitted request. clSeqNr=1832
15:19:23.997 INF Submitted request. clSeqNr=1833
15:19:24.000 INF Submitted request. clSeqNr=1834
15:19:24.004 INF Submitted request. clSeqNr=1835
15:19:24.008 INF Submitted request. clSeqNr=1836
15:19:24.011 INF Submitted request. clSeqNr=1837
15:19:24.015 INF Submitted request. clSeqNr=1838
15:19:24.019 INF Submitted request. clSeqNr=1839
15:19:24.022 INF Submitted request. clSeqNr=1840
15:19:24.026 INF Submitted request. clSeqNr=1841
15:19:24.029 INF Submitted request. clSeqNr=1842
15:19:24.033 INF Submitted request. clSeqNr=1843
15:19:24.037 INF Submitted request. clSeqNr=1844
15:19:24.040 INF Submitted request. clSeqNr=1845
15:19:24.044 INF Submitted request. clSeqNr=1846
15:19:24.047 INF Submitted request. clSeqNr=1847
15:19:24.052 INF Submitted request. clSeqNr=1848
15:19:24.055 INF Submitted request. clSeqNr=1849
15:19:24.058 INF Submitted request. clSeqNr=1850
15:19:24.063 INF Submitted request. clSeqNr=1851
15:19:24.066 INF Submitted request. clSeqNr=1852
15:19:24.070 INF Submitted request. clSeqNr=1853
15:19:24.073 INF Submitted request. clSeqNr=1854
15:19:24.077 INF Submitted request. clSeqNr=1855
15:19:24.081 INF Submitted request. clSeqNr=1856
15:19:24.084 INF Submitted request. clSeqNr=1857
15:19:24.088 INF Submitted request. clSeqNr=1858
15:19:24.091 INF Submitted request. clSeqNr=1859
15:19:24.095 INF Submitted request. clSeqNr=1860
15:19:24.099 INF Submitted request. clSeqNr=1861
15:19:24.102 INF Submitted request. clSeqNr=1862
15:19:24.106 INF Submitted request. clSeqNr=1863
15:19:24.111 INF Submitted request. clSeqNr=1864
15:19:24.114 INF Submitted request. clSeqNr=1865
15:19:24.118 INF Submitted request. clSeqNr=1866
15:19:24.121 INF Submitted request. clSeqNr=1867
15:19:24.124 INF Submitted request. clSeqNr=1868
15:19:24.129 INF Submitted request. clSeqNr=1869
15:19:24.132 INF Submitted request. clSeqNr=1870
15:19:24.136 INF Submitted request. clSeqNr=1871
15:19:24.139 INF Submitted request. clSeqNr=1872
15:19:24.143 INF Submitted request. clSeqNr=1873
15:19:24.147 INF Submitted request. clSeqNr=1874
15:19:24.151 INF Submitted request. clSeqNr=1875
15:19:24.154 INF Submitted request. clSeqNr=1876
15:19:24.158 INF Submitted request. clSeqNr=1877
15:19:24.162 INF Submitted request. clSeqNr=1878
15:19:24.165 INF Submitted request. clSeqNr=1879
15:19:24.169 INF Submitted request. clSeqNr=1880
15:19:24.172 INF Submitted request. clSeqNr=1881
15:19:24.176 INF Submitted request. clSeqNr=1882
15:19:24.180 INF Submitted request. clSeqNr=1883
15:19:24.183 INF Submitted request. clSeqNr=1884
15:19:24.187 INF Submitted request. clSeqNr=1885
15:19:24.191 INF Submitted request. clSeqNr=1886
15:19:24.195 INF Submitted request. clSeqNr=1887
15:19:24.198 INF Submitted request. clSeqNr=1888
15:19:24.201 INF Submitted request. clSeqNr=1889
15:19:24.205 INF Submitted request. clSeqNr=1890
15:19:24.209 INF Submitted request. clSeqNr=1891
15:19:24.213 INF Submitted request. clSeqNr=1892
15:19:24.216 INF Submitted request. clSeqNr=1893
15:19:24.220 INF Submitted request. clSeqNr=1894
15:19:24.224 INF Submitted request. clSeqNr=1895
15:19:24.227 INF Submitted request. clSeqNr=1896
15:19:24.231 INF Submitted request. clSeqNr=1897
15:19:24.234 INF Submitted request. clSeqNr=1898
15:19:24.238 INF Submitted request. clSeqNr=1899
15:19:24.242 INF Submitted request. clSeqNr=1900
15:19:24.246 INF Submitted request. clSeqNr=1901
15:19:24.249 INF Submitted request. clSeqNr=1902
15:19:24.253 INF Submitted request. clSeqNr=1903
15:19:24.256 INF Submitted request. clSeqNr=1904
15:19:24.260 INF Submitted request. clSeqNr=1905
15:19:24.264 INF Submitted request. clSeqNr=1906
15:19:24.267 INF Submitted request. clSeqNr=1907
15:19:24.271 INF Submitted request. clSeqNr=1908
15:19:24.275 INF Submitted request. clSeqNr=1909
15:19:24.278 INF Submitted request. clSeqNr=1910
15:19:24.282 INF Submitted request. clSeqNr=1911
15:19:24.286 INF Submitted request. clSeqNr=1912
15:19:24.289 INF Submitted request. clSeqNr=1913
15:19:24.293 INF Submitted request. clSeqNr=1914
15:19:24.297 INF Submitted request. clSeqNr=1915
15:19:24.300 INF Submitted request. clSeqNr=1916
15:19:24.304 INF Submitted request. clSeqNr=1917
15:19:24.306 INF Request finished (out of order). clSeqNr=374
15:19:24.306 INF Request finished (out of order). clSeqNr=390
15:19:24.306 INF Request finished (out of order). clSeqNr=406
15:19:24.306 INF Request finished (out of order). clSeqNr=422
15:19:24.306 INF Request finished (out of order). clSeqNr=438
15:19:24.306 INF Request finished (out of order). clSeqNr=454
15:19:24.306 INF Request finished (out of order). clSeqNr=470
15:19:24.306 INF Request finished (out of order). clSeqNr=486
15:19:24.306 INF Request finished (out of order). clSeqNr=246
15:19:24.306 INF Request delivered (in order). clSeqNr=246
15:19:24.306 INF Request finished (out of order). clSeqNr=262
15:19:24.306 INF Request finished (out of order). clSeqNr=278
15:19:24.306 INF Request finished (out of order). clSeqNr=294
15:19:24.307 INF Request finished (out of order). clSeqNr=310
15:19:24.307 INF Request finished (out of order). clSeqNr=326
15:19:24.307 INF Request finished (out of order). clSeqNr=342
15:19:24.307 INF Submitted request. clSeqNr=1918
15:19:24.308 INF Request finished (out of order). clSeqNr=358
15:19:24.311 INF Submitted request. clSeqNr=1919
15:19:24.315 INF Submitted request. clSeqNr=1920
15:19:24.319 INF Submitted request. clSeqNr=1921
15:19:24.322 INF Submitted request. clSeqNr=1922
15:19:24.326 INF Submitted request. clSeqNr=1923
15:19:24.330 INF Submitted request. clSeqNr=1924
15:19:24.333 INF Submitted request. clSeqNr=1925
15:19:24.338 INF Submitted request. clSeqNr=1926
15:19:24.342 INF Submitted request. clSeqNr=1927
15:19:24.344 INF Submitted request. clSeqNr=1928
15:19:24.348 INF Submitted request. clSeqNr=1929
15:19:24.352 INF Submitted request. clSeqNr=1930
15:19:24.356 INF Submitted request. clSeqNr=1931
15:19:24.359 INF Submitted request. clSeqNr=1932
15:19:24.363 INF Submitted request. clSeqNr=1933
15:19:24.366 INF Submitted request. clSeqNr=1934
15:19:24.371 INF Submitted request. clSeqNr=1935
15:19:24.374 INF Submitted request. clSeqNr=1936
15:19:24.378 INF Submitted request. clSeqNr=1937
15:19:24.381 INF Submitted request. clSeqNr=1938
15:19:24.384 INF Submitted request. clSeqNr=1939
15:19:24.389 INF Submitted request. clSeqNr=1940
15:19:24.392 INF Submitted request. clSeqNr=1941
15:19:24.396 INF Submitted request. clSeqNr=1942
15:19:24.399 INF Submitted request. clSeqNr=1943
15:19:24.403 INF Submitted request. clSeqNr=1944
15:19:24.407 INF Submitted request. clSeqNr=1945
15:19:24.410 INF Submitted request. clSeqNr=1946
15:19:24.414 INF Submitted request. clSeqNr=1947
15:19:24.417 INF Submitted request. clSeqNr=1948
15:19:24.421 INF Submitted request. clSeqNr=1949
15:19:24.426 INF Submitted request. clSeqNr=1950
15:19:24.428 INF Submitted request. clSeqNr=1951
15:19:24.432 INF Submitted request. clSeqNr=1952
15:19:24.436 INF Submitted request. clSeqNr=1953
15:19:24.439 INF Submitted request. clSeqNr=1954
15:19:24.443 INF Submitted request. clSeqNr=1955
15:19:24.447 INF Submitted request. clSeqNr=1956
15:19:24.450 INF Submitted request. clSeqNr=1957
15:19:24.454 INF Submitted request. clSeqNr=1958
15:19:24.458 INF Submitted request. clSeqNr=1959
15:19:24.462 INF Submitted request. clSeqNr=1960
15:19:24.464 INF Request finished (out of order). clSeqNr=375
15:19:24.464 INF Request finished (out of order). clSeqNr=391
15:19:24.464 INF Request finished (out of order). clSeqNr=407
15:19:24.464 INF Request finished (out of order). clSeqNr=423
15:19:24.464 INF Request finished (out of order). clSeqNr=439
15:19:24.464 INF Request finished (out of order). clSeqNr=455
15:19:24.464 INF Request finished (out of order). clSeqNr=471
15:19:24.464 INF Request finished (out of order). clSeqNr=487
15:19:24.464 INF Request finished (out of order). clSeqNr=247
15:19:24.464 INF Request delivered (in order). clSeqNr=247
15:19:24.464 INF Request finished (out of order). clSeqNr=263
15:19:24.464 INF Request finished (out of order). clSeqNr=279
15:19:24.464 INF Request finished (out of order). clSeqNr=295
15:19:24.464 INF Request finished (out of order). clSeqNr=311
15:19:24.464 INF Request finished (out of order). clSeqNr=327
15:19:24.464 INF Request finished (out of order). clSeqNr=343
15:19:24.464 INF Request finished (out of order). clSeqNr=359
15:19:24.465 INF Request finished (out of order). clSeqNr=376
15:19:24.465 INF Request finished (out of order). clSeqNr=392
15:19:24.465 INF Request finished (out of order). clSeqNr=408
15:19:24.465 INF Request finished (out of order). clSeqNr=424
15:19:24.465 INF Request finished (out of order). clSeqNr=440
15:19:24.465 INF Request finished (out of order). clSeqNr=456
15:19:24.465 INF Request finished (out of order). clSeqNr=472
15:19:24.465 INF Request finished (out of order). clSeqNr=488
15:19:24.465 INF Request finished (out of order). clSeqNr=248
15:19:24.465 INF Request delivered (in order). clSeqNr=248
15:19:24.465 INF Request finished (out of order). clSeqNr=264
15:19:24.465 INF Request finished (out of order). clSeqNr=280
15:19:24.465 INF Request finished (out of order). clSeqNr=296
15:19:24.465 INF Request finished (out of order). clSeqNr=312
15:19:24.465 INF Request finished (out of order). clSeqNr=328
15:19:24.465 INF Request finished (out of order). clSeqNr=344
15:19:24.465 INF Request finished (out of order). clSeqNr=360
15:19:24.465 INF Request finished (out of order). clSeqNr=377
15:19:24.465 INF Request finished (out of order). clSeqNr=393
15:19:24.465 INF Request finished (out of order). clSeqNr=409
15:19:24.465 INF Request finished (out of order). clSeqNr=425
15:19:24.465 INF Request finished (out of order). clSeqNr=441
15:19:24.465 INF Request finished (out of order). clSeqNr=457
15:19:24.465 INF Request finished (out of order). clSeqNr=473
15:19:24.465 INF Request finished (out of order). clSeqNr=489
15:19:24.465 INF Request finished (out of order). clSeqNr=249
15:19:24.465 INF Request delivered (in order). clSeqNr=249
15:19:24.465 INF Request delivered (in order). clSeqNr=250
15:19:24.465 INF Request delivered (in order). clSeqNr=251
15:19:24.465 INF Request delivered (in order). clSeqNr=252
15:19:24.465 INF Request delivered (in order). clSeqNr=253
15:19:24.465 INF Request delivered (in order). clSeqNr=254
15:19:24.465 INF Request delivered (in order). clSeqNr=255
15:19:24.465 INF Request delivered (in order). clSeqNr=256
15:19:24.465 INF Request delivered (in order). clSeqNr=257
15:19:24.465 INF Request delivered (in order). clSeqNr=258
15:19:24.465 INF Request delivered (in order). clSeqNr=259
15:19:24.465 INF Request delivered (in order). clSeqNr=260
15:19:24.465 INF Request delivered (in order). clSeqNr=261
15:19:24.465 INF Request delivered (in order). clSeqNr=262
15:19:24.465 INF Request delivered (in order). clSeqNr=263
15:19:24.465 INF Request delivered (in order). clSeqNr=264
15:19:24.465 INF Request finished (out of order). clSeqNr=265
15:19:24.465 INF Request delivered (in order). clSeqNr=265
15:19:24.465 INF Request delivered (in order). clSeqNr=266
15:19:24.465 INF Request delivered (in order). clSeqNr=267
15:19:24.465 INF Request delivered (in order). clSeqNr=268
15:19:24.465 INF Request delivered (in order). clSeqNr=269
15:19:24.465 INF Request finished (out of order). clSeqNr=281
15:19:24.465 INF Request finished (out of order). clSeqNr=297
15:19:24.465 INF Request finished (out of order). clSeqNr=313
15:19:24.465 INF Request finished (out of order). clSeqNr=329
15:19:24.465 INF Request finished (out of order). clSeqNr=345
15:19:24.465 INF Submitted request. clSeqNr=1961
15:19:24.469 INF Submitted request. clSeqNr=1962
15:19:24.473 INF Submitted request. clSeqNr=1963
15:19:24.476 INF Submitted request. clSeqNr=1964
15:19:24.480 INF Submitted request. clSeqNr=1965
15:19:24.484 INF Submitted request. clSeqNr=1966
15:19:24.487 INF Submitted request. clSeqNr=1967
15:19:24.491 INF Submitted request. clSeqNr=1968
15:19:24.491 INF Request finished (out of order). clSeqNr=361
15:19:24.491 INF Request finished (out of order). clSeqNr=378
15:19:24.491 INF Request finished (out of order). clSeqNr=394
15:19:24.491 INF Request finished (out of order). clSeqNr=410
15:19:24.491 INF Request finished (out of order). clSeqNr=426
15:19:24.491 INF Request finished (out of order). clSeqNr=442
15:19:24.491 INF Request finished (out of order). clSeqNr=458
15:19:24.491 INF Request finished (out of order). clSeqNr=474
15:19:24.491 INF Request finished (out of order). clSeqNr=490
15:19:24.491 INF Request finished (out of order). clSeqNr=506
15:19:24.491 INF Request finished (out of order). clSeqNr=522
15:19:24.491 INF Request finished (out of order). clSeqNr=282
15:19:24.491 INF Request finished (out of order). clSeqNr=298
15:19:24.492 INF Request finished (out of order). clSeqNr=314
15:19:24.492 INF Request finished (out of order). clSeqNr=330
15:19:24.492 INF Request finished (out of order). clSeqNr=346
15:19:24.492 INF Request finished (out of order). clSeqNr=362
15:19:24.492 INF Request finished (out of order). clSeqNr=379
15:19:24.492 INF Request finished (out of order). clSeqNr=395
15:19:24.492 INF Request finished (out of order). clSeqNr=411
15:19:24.492 INF Request finished (out of order). clSeqNr=427
15:19:24.495 INF Submitted request. clSeqNr=1969
15:19:24.498 INF Submitted request. clSeqNr=1970
15:19:24.502 INF Submitted request. clSeqNr=1971
15:19:24.503 INF Request finished (out of order). clSeqNr=443
15:19:24.503 INF Request finished (out of order). clSeqNr=459
15:19:24.505 INF Request finished (out of order). clSeqNr=475
15:19:24.505 INF Request finished (out of order). clSeqNr=491
15:19:24.505 INF Request finished (out of order). clSeqNr=507
15:19:24.505 INF Submitted request. clSeqNr=1972
15:19:24.506 INF Request finished (out of order). clSeqNr=523
15:19:24.506 INF Request finished (out of order). clSeqNr=283
15:19:24.506 INF Request finished (out of order). clSeqNr=299
15:19:24.507 INF Request finished (out of order). clSeqNr=315
15:19:24.507 INF Request finished (out of order). clSeqNr=331
15:19:24.507 INF Request finished (out of order). clSeqNr=347
15:19:24.509 INF Request finished (out of order). clSeqNr=363
15:19:24.509 INF Submitted request. clSeqNr=1973
15:19:24.509 INF Request finished (out of order). clSeqNr=380
15:19:24.510 INF Request finished (out of order). clSeqNr=396
15:19:24.510 INF Request finished (out of order). clSeqNr=412
15:19:24.511 INF Request finished (out of order). clSeqNr=428
15:19:24.512 INF Request finished (out of order). clSeqNr=444
15:19:24.512 INF Request finished (out of order). clSeqNr=460
15:19:24.512 INF Request finished (out of order). clSeqNr=476
15:19:24.513 INF Submitted request. clSeqNr=1974
15:19:24.513 INF Request finished (out of order). clSeqNr=492
15:19:24.513 INF Request finished (out of order). clSeqNr=508
15:19:24.516 INF Submitted request. clSeqNr=1975
15:19:24.520 INF Submitted request. clSeqNr=1976
15:19:24.522 INF Request finished (out of order). clSeqNr=524
15:19:24.522 INF Request finished (out of order). clSeqNr=284
15:19:24.522 INF Request finished (out of order). clSeqNr=300
15:19:24.522 INF Request finished (out of order). clSeqNr=316
15:19:24.522 INF Request finished (out of order). clSeqNr=332
15:19:24.522 INF Request finished (out of order). clSeqNr=348
15:19:24.522 INF Request finished (out of order). clSeqNr=364
15:19:24.522 INF Request finished (out of order). clSeqNr=381
15:19:24.522 INF Request finished (out of order). clSeqNr=397
15:19:24.522 INF Request finished (out of order). clSeqNr=413
15:19:24.522 INF Request finished (out of order). clSeqNr=429
15:19:24.522 INF Request finished (out of order). clSeqNr=445
15:19:24.522 INF Request finished (out of order). clSeqNr=461
15:19:24.522 INF Request finished (out of order). clSeqNr=477
15:19:24.522 INF Request finished (out of order). clSeqNr=493
15:19:24.522 INF Request finished (out of order). clSeqNr=509
15:19:24.522 INF Request finished (out of order). clSeqNr=525
15:19:24.522 INF Request finished (out of order). clSeqNr=285
15:19:24.522 INF Request finished (out of order). clSeqNr=301
15:19:24.523 INF Request finished (out of order). clSeqNr=317
15:19:24.523 INF Request finished (out of order). clSeqNr=333
15:19:24.523 INF Request finished (out of order). clSeqNr=349
15:19:24.524 INF Request finished (out of order). clSeqNr=365
15:19:24.524 INF Submitted request. clSeqNr=1977
15:19:24.525 INF Request finished (out of order). clSeqNr=382
15:19:24.525 INF Request finished (out of order). clSeqNr=398
15:19:24.526 INF Request finished (out of order). clSeqNr=414
15:19:24.526 INF Request finished (out of order). clSeqNr=430
15:19:24.527 INF Request finished (out of order). clSeqNr=446
15:19:24.527 INF Submitted request. clSeqNr=1978
15:19:24.528 INF Request finished (out of order). clSeqNr=462
15:19:24.529 INF Request finished (out of order). clSeqNr=478
15:19:24.529 INF Request finished (out of order). clSeqNr=494
15:19:24.530 INF Request finished (out of order). clSeqNr=510
15:19:24.530 INF Request finished (out of order). clSeqNr=270
15:19:24.530 INF Request delivered (in order). clSeqNr=270
15:19:24.530 INF Request finished (out of order). clSeqNr=286
15:19:24.531 INF Submitted request. clSeqNr=1979
15:19:24.531 INF Request finished (out of order). clSeqNr=302
15:19:24.532 INF Request finished (out of order). clSeqNr=318
15:19:24.532 INF Request finished (out of order). clSeqNr=334
15:19:24.533 INF Request finished (out of order). clSeqNr=350
15:19:24.534 INF Request finished (out of order). clSeqNr=366
15:19:24.534 INF Request finished (out of order). clSeqNr=383
15:19:24.535 INF Submitted request. clSeqNr=1980
15:19:24.535 INF Request finished (out of order). clSeqNr=399
15:19:24.536 INF Request finished (out of order). clSeqNr=415
15:19:24.536 INF Request finished (out of order). clSeqNr=431
15:19:24.537 INF Request finished (out of order). clSeqNr=447
15:19:24.538 INF Request finished (out of order). clSeqNr=463
15:19:24.538 INF Request finished (out of order). clSeqNr=479
15:19:24.538 INF Submitted request. clSeqNr=1981
15:19:24.538 INF Request finished (out of order). clSeqNr=495
15:19:24.539 INF Request finished (out of order). clSeqNr=511
15:19:24.539 INF Request finished (out of order). clSeqNr=271
15:19:24.539 INF Request delivered (in order). clSeqNr=271
15:19:24.540 INF Request finished (out of order). clSeqNr=287
15:19:24.540 INF Request finished (out of order). clSeqNr=303
15:19:24.541 INF Request finished (out of order). clSeqNr=319
15:19:24.542 INF Request finished (out of order). clSeqNr=335
15:19:24.542 INF Submitted request. clSeqNr=1982
15:19:24.542 INF Request finished (out of order). clSeqNr=351
15:19:24.543 INF Request finished (out of order). clSeqNr=367
15:19:24.543 INF Request finished (out of order). clSeqNr=384
15:19:24.544 INF Request finished (out of order). clSeqNr=400
15:19:24.545 INF Request finished (out of order). clSeqNr=416
15:19:24.545 INF Request finished (out of order). clSeqNr=432
15:19:24.546 INF Submitted request. clSeqNr=1983
15:19:24.546 INF Request finished (out of order). clSeqNr=448
15:19:24.547 INF Request finished (out of order). clSeqNr=464
15:19:24.547 INF Request finished (out of order). clSeqNr=480
15:19:24.548 INF Request finished (out of order). clSeqNr=496
15:19:24.548 INF Request finished (out of order). clSeqNr=512
15:19:24.548 INF Request finished (out of order). clSeqNr=272
15:19:24.548 INF Request delivered (in order). clSeqNr=272
15:19:24.549 INF Request finished (out of order). clSeqNr=288
15:19:24.549 INF Submitted request. clSeqNr=1984
15:19:24.550 INF Request finished (out of order). clSeqNr=304
15:19:24.550 INF Request finished (out of order). clSeqNr=320
15:19:24.551 INF Request finished (out of order). clSeqNr=336
15:19:24.552 INF Request finished (out of order). clSeqNr=352
15:19:24.552 INF Request finished (out of order). clSeqNr=368
15:19:24.553 INF Request finished (out of order). clSeqNr=385
15:19:24.553 INF Submitted request. clSeqNr=1985
15:19:24.553 INF Request finished (out of order). clSeqNr=401
15:19:24.554 INF Request finished (out of order). clSeqNr=417
15:19:24.554 INF Request finished (out of order). clSeqNr=433
15:19:24.555 INF Request finished (out of order). clSeqNr=449
15:19:24.556 INF Request finished (out of order). clSeqNr=465
15:19:24.557 INF Submitted request. clSeqNr=1986
15:19:24.560 INF Submitted request. clSeqNr=1987
15:19:24.565 INF Submitted request. clSeqNr=1988
15:19:24.569 INF Submitted request. clSeqNr=1989
15:19:24.571 INF Submitted request. clSeqNr=1990
15:19:24.575 INF Submitted request. clSeqNr=1991
15:19:24.579 INF Submitted request. clSeqNr=1992
15:19:24.582 INF Submitted request. clSeqNr=1993
15:19:24.586 INF Submitted request. clSeqNr=1994
15:19:24.590 INF Submitted request. clSeqNr=1995
15:19:24.594 INF Submitted request. clSeqNr=1996
15:19:24.597 INF Submitted request. clSeqNr=1997
15:19:24.601 INF Submitted request. clSeqNr=1998
15:19:24.604 INF Submitted request. clSeqNr=1999
15:19:24.607 INF Request finished (out of order). clSeqNr=481
15:19:24.607 INF Request finished (out of order). clSeqNr=497
15:19:24.607 INF Request finished (out of order). clSeqNr=513
15:19:24.607 INF Request finished (out of order). clSeqNr=273
15:19:24.607 INF Request delivered (in order). clSeqNr=273
15:19:24.607 INF Request finished (out of order). clSeqNr=289
15:19:24.607 INF Request finished (out of order). clSeqNr=305
15:19:24.607 INF Request finished (out of order). clSeqNr=321
15:19:24.607 INF Request finished (out of order). clSeqNr=337
15:19:24.607 INF Request finished (out of order). clSeqNr=353
15:19:24.607 INF Request finished (out of order). clSeqNr=369
15:19:24.608 INF Submitted request. clSeqNr=2000
15:19:24.612 INF Submitted request. clSeqNr=2001
15:19:24.616 INF Submitted request. clSeqNr=2002
15:19:24.619 INF Submitted request. clSeqNr=2003
15:19:24.623 INF Submitted request. clSeqNr=2004
15:19:24.626 INF Submitted request. clSeqNr=2005
15:19:24.630 INF Submitted request. clSeqNr=2006
15:19:24.634 INF Submitted request. clSeqNr=2007
15:19:24.638 INF Submitted request. clSeqNr=2008
15:19:24.641 INF Submitted request. clSeqNr=2009
15:19:24.644 INF Submitted request. clSeqNr=2010
15:19:24.648 INF Submitted request. clSeqNr=2011
15:19:24.652 INF Submitted request. clSeqNr=2012
15:19:24.655 INF Submitted request. clSeqNr=2013
15:19:24.660 INF Submitted request. clSeqNr=2014
15:19:24.663 INF Submitted request. clSeqNr=2015
15:19:24.667 INF Submitted request. clSeqNr=2016
15:19:24.670 INF Submitted request. clSeqNr=2017
15:19:24.674 INF Submitted request. clSeqNr=2018
15:19:24.677 INF Submitted request. clSeqNr=2019
15:19:24.681 INF Submitted request. clSeqNr=2020
15:19:24.686 INF Submitted request. clSeqNr=2021
15:19:24.689 INF Submitted request. clSeqNr=2022
15:19:24.692 INF Submitted request. clSeqNr=2023
15:19:24.696 INF Submitted request. clSeqNr=2024
15:19:24.700 INF Submitted request. clSeqNr=2025
15:19:24.703 INF Submitted request. clSeqNr=2026
15:19:24.707 INF Submitted request. clSeqNr=2027
15:19:24.711 INF Submitted request. clSeqNr=2028
15:19:24.714 INF Submitted request. clSeqNr=2029
15:19:24.718 INF Submitted request. clSeqNr=2030
15:19:24.722 INF Submitted request. clSeqNr=2031
15:19:24.725 INF Submitted request. clSeqNr=2032
15:19:24.729 INF Submitted request. clSeqNr=2033
15:19:24.732 INF Submitted request. clSeqNr=2034
15:19:24.736 INF Submitted request. clSeqNr=2035
15:19:24.740 INF Submitted request. clSeqNr=2036
15:19:24.743 INF Submitted request. clSeqNr=2037
15:19:24.748 INF Submitted request. clSeqNr=2038
15:19:24.751 INF Submitted request. clSeqNr=2039
15:19:24.755 INF Submitted request. clSeqNr=2040
15:19:24.758 INF Submitted request. clSeqNr=2041
15:19:24.762 INF Submitted request. clSeqNr=2042
15:19:24.766 INF Submitted request. clSeqNr=2043
15:19:24.769 INF Submitted request. clSeqNr=2044
15:19:24.773 INF Submitted request. clSeqNr=2045
15:19:24.777 INF Submitted request. clSeqNr=2046
15:19:24.780 INF Submitted request. clSeqNr=2047
15:19:24.784 INF Submitted request. clSeqNr=2048
15:19:24.788 INF Submitted request. clSeqNr=2049
15:19:24.791 INF Submitted request. clSeqNr=2050
15:19:24.795 INF Submitted request. clSeqNr=2051
15:19:24.798 INF Submitted request. clSeqNr=2052
15:19:24.802 INF Submitted request. clSeqNr=2053
15:19:24.806 INF Submitted request. clSeqNr=2054
15:19:24.809 INF Submitted request. clSeqNr=2055
15:19:24.813 INF Submitted request. clSeqNr=2056
15:19:24.817 INF Submitted request. clSeqNr=2057
15:19:24.820 INF Submitted request. clSeqNr=2058
15:19:24.824 INF Submitted request. clSeqNr=2059
15:19:24.828 INF Submitted request. clSeqNr=2060
15:19:24.831 INF Submitted request. clSeqNr=2061
15:19:24.835 INF Submitted request. clSeqNr=2062
15:19:24.839 INF Submitted request. clSeqNr=2063
15:19:24.842 INF Submitted request. clSeqNr=2064
15:19:24.846 INF Submitted request. clSeqNr=2065
15:19:24.850 INF Submitted request. clSeqNr=2066
15:19:24.853 INF Submitted request. clSeqNr=2067
15:19:24.857 INF Submitted request. clSeqNr=2068
15:19:24.861 INF Submitted request. clSeqNr=2069
15:19:24.864 INF Submitted request. clSeqNr=2070
15:19:24.868 INF Submitted request. clSeqNr=2071
15:19:24.872 INF Submitted request. clSeqNr=2072
15:19:24.875 INF Submitted request. clSeqNr=2073
15:19:24.879 INF Submitted request. clSeqNr=2074
15:19:24.883 INF Submitted request. clSeqNr=2075
15:19:24.887 INF Submitted request. clSeqNr=2076
15:19:24.891 INF Submitted request. clSeqNr=2077
15:19:24.895 INF Submitted request. clSeqNr=2078
15:19:24.897 INF Submitted request. clSeqNr=2079
15:19:24.902 INF Submitted request. clSeqNr=2080
15:19:24.905 INF Submitted request. clSeqNr=2081
15:19:24.908 INF Submitted request. clSeqNr=2082
15:19:24.912 INF Submitted request. clSeqNr=2083
15:19:24.916 INF Submitted request. clSeqNr=2084
15:19:24.919 INF Submitted request. clSeqNr=2085
15:19:24.923 INF Submitted request. clSeqNr=2086
15:19:24.927 INF Submitted request. clSeqNr=2087
15:19:24.930 INF Submitted request. clSeqNr=2088
15:19:24.934 INF Submitted request. clSeqNr=2089
15:19:24.938 INF Submitted request. clSeqNr=2090
15:19:24.942 INF Submitted request. clSeqNr=2091
15:19:24.945 INF Submitted request. clSeqNr=2092
15:19:24.949 INF Submitted request. clSeqNr=2093
15:19:24.952 INF Submitted request. clSeqNr=2094
15:19:24.957 INF Submitted request. clSeqNr=2095
15:19:24.960 INF Submitted request. clSeqNr=2096
15:19:24.963 INF Submitted request. clSeqNr=2097
15:19:24.967 INF Submitted request. clSeqNr=2098
15:19:24.971 INF Submitted request. clSeqNr=2099
15:19:24.975 INF Submitted request. clSeqNr=2100
15:19:24.978 INF Submitted request. clSeqNr=2101
15:19:24.982 INF Submitted request. clSeqNr=2102
15:19:24.985 INF Submitted request. clSeqNr=2103
15:19:24.989 INF Submitted request. clSeqNr=2104
15:19:24.993 INF Submitted request. clSeqNr=2105
15:19:24.996 INF Submitted request. clSeqNr=2106
15:19:25.000 INF Submitted request. clSeqNr=2107
15:19:25.004 INF Submitted request. clSeqNr=2108
15:19:25.007 INF Submitted request. clSeqNr=2109
15:19:25.011 INF Submitted request. clSeqNr=2110
15:19:25.015 INF Submitted request. clSeqNr=2111
15:19:25.019 INF Submitted request. clSeqNr=2112
15:19:25.022 INF Submitted request. clSeqNr=2113
15:19:25.026 INF Submitted request. clSeqNr=2114
15:19:25.030 INF Submitted request. clSeqNr=2115
15:19:25.033 INF Submitted request. clSeqNr=2116
15:19:25.036 INF Submitted request. clSeqNr=2117
15:19:25.041 INF Submitted request. clSeqNr=2118
15:19:25.044 INF Submitted request. clSeqNr=2119
15:19:25.047 INF Submitted request. clSeqNr=2120
15:19:25.051 INF Submitted request. clSeqNr=2121
15:19:25.055 INF Submitted request. clSeqNr=2122
15:19:25.059 INF Submitted request. clSeqNr=2123
15:19:25.063 INF Submitted request. clSeqNr=2124
15:19:25.066 INF Submitted request. clSeqNr=2125
15:19:25.070 INF Submitted request. clSeqNr=2126
15:19:25.074 INF Submitted request. clSeqNr=2127
15:19:25.077 INF Submitted request. clSeqNr=2128
15:19:25.080 INF Submitted request. clSeqNr=2129
15:19:25.084 INF Submitted request. clSeqNr=2130
15:19:25.088 INF Submitted request. clSeqNr=2131
15:19:25.091 INF Submitted request. clSeqNr=2132
15:19:25.096 INF Submitted request. clSeqNr=2133
15:19:25.099 INF Submitted request. clSeqNr=2134
15:19:25.102 INF Submitted request. clSeqNr=2135
15:19:25.106 INF Submitted request. clSeqNr=2136
15:19:25.110 INF Submitted request. clSeqNr=2137
15:19:25.114 INF Submitted request. clSeqNr=2138
15:19:25.117 INF Submitted request. clSeqNr=2139
15:19:25.121 INF Submitted request. clSeqNr=2140
15:19:25.124 INF Submitted request. clSeqNr=2141
15:19:25.129 INF Submitted request. clSeqNr=2142
15:19:25.132 INF Submitted request. clSeqNr=2143
15:19:25.136 INF Submitted request. clSeqNr=2144
15:19:25.139 INF Submitted request. clSeqNr=2145
15:19:25.143 INF Submitted request. clSeqNr=2146
15:19:25.146 INF Submitted request. clSeqNr=2147
15:19:25.151 INF Submitted request. clSeqNr=2148
15:19:25.154 INF Submitted request. clSeqNr=2149
15:19:25.158 INF Submitted request. clSeqNr=2150
15:19:25.161 INF Submitted request. clSeqNr=2151
15:19:25.165 INF Submitted request. clSeqNr=2152
15:19:25.168 INF Submitted request. clSeqNr=2153
15:19:25.173 INF Submitted request. clSeqNr=2154
15:19:25.176 INF Submitted request. clSeqNr=2155
15:19:25.179 INF Submitted request. clSeqNr=2156
15:19:25.184 INF Submitted request. clSeqNr=2157
15:19:25.187 INF Submitted request. clSeqNr=2158
15:19:25.190 INF Submitted request. clSeqNr=2159
15:19:25.194 INF Submitted request. clSeqNr=2160
15:19:25.198 INF Submitted request. clSeqNr=2161
15:19:25.202 INF Submitted request. clSeqNr=2162
15:19:25.205 INF Submitted request. clSeqNr=2163
15:19:25.209 INF Submitted request. clSeqNr=2164
15:19:25.213 INF Submitted request. clSeqNr=2165
15:19:25.216 INF Submitted request. clSeqNr=2166
15:19:25.220 INF Submitted request. clSeqNr=2167
15:19:25.224 INF Submitted request. clSeqNr=2168
15:19:25.227 INF Submitted request. clSeqNr=2169
15:19:25.231 INF Submitted request. clSeqNr=2170
15:19:25.235 INF Submitted request. clSeqNr=2171
15:19:25.238 INF Submitted request. clSeqNr=2172
15:19:25.242 INF Submitted request. clSeqNr=2173
15:19:25.246 INF Submitted request. clSeqNr=2174
15:19:25.249 INF Submitted request. clSeqNr=2175
15:19:25.253 INF Submitted request. clSeqNr=2176
15:19:25.257 INF Submitted request. clSeqNr=2177
15:19:25.260 INF Submitted request. clSeqNr=2178
15:19:25.264 INF Submitted request. clSeqNr=2179
15:19:25.268 INF Submitted request. clSeqNr=2180
15:19:25.272 INF Submitted request. clSeqNr=2181
15:19:25.275 INF Submitted request. clSeqNr=2182
15:19:25.278 INF Submitted request. clSeqNr=2183
15:19:25.283 INF Submitted request. clSeqNr=2184
15:19:25.286 INF Submitted request. clSeqNr=2185
15:19:25.290 INF Submitted request. clSeqNr=2186
15:19:25.293 INF Submitted request. clSeqNr=2187
15:19:25.297 INF Submitted request. clSeqNr=2188
15:19:25.300 INF Submitted request. clSeqNr=2189
15:19:25.304 INF Submitted request. clSeqNr=2190
15:19:25.308 INF Submitted request. clSeqNr=2191
15:19:25.311 INF Submitted request. clSeqNr=2192
15:19:25.315 INF Submitted request. clSeqNr=2193
15:19:25.319 INF Submitted request. clSeqNr=2194
15:19:25.322 INF Submitted request. clSeqNr=2195
15:19:25.327 INF Submitted request. clSeqNr=2196
15:19:25.330 INF Submitted request. clSeqNr=2197
15:19:25.334 INF Submitted request. clSeqNr=2198
15:19:25.337 INF Submitted request. clSeqNr=2199
15:19:25.341 INF Submitted request. clSeqNr=2200
15:19:25.344 INF Submitted request. clSeqNr=2201
15:19:25.348 INF Submitted request. clSeqNr=2202
15:19:25.352 INF Submitted request. clSeqNr=2203
15:19:25.355 INF Submitted request. clSeqNr=2204
15:19:25.359 INF Submitted request. clSeqNr=2205
15:19:25.363 INF Submitted request. clSeqNr=2206
15:19:25.366 INF Submitted request. clSeqNr=2207
15:19:25.370 INF Submitted request. clSeqNr=2208
15:19:25.374 INF Submitted request. clSeqNr=2209
15:19:25.377 INF Submitted request. clSeqNr=2210
15:19:25.381 INF Submitted request. clSeqNr=2211
15:19:25.384 INF Submitted request. clSeqNr=2212
15:19:25.388 INF Submitted request. clSeqNr=2213
15:19:25.393 INF Submitted request. clSeqNr=2214
15:19:25.396 INF Submitted request. clSeqNr=2215
15:19:25.400 INF Submitted request. clSeqNr=2216
15:19:25.403 INF Submitted request. clSeqNr=2217
15:19:25.406 INF Submitted request. clSeqNr=2218
15:19:25.411 INF Submitted request. clSeqNr=2219
15:19:25.414 INF Submitted request. clSeqNr=2220
15:19:25.417 INF Submitted request. clSeqNr=2221
15:19:25.422 INF Submitted request. clSeqNr=2222
15:19:25.425 INF Submitted request. clSeqNr=2223
15:19:25.429 INF Submitted request. clSeqNr=2224
15:19:25.432 INF Submitted request. clSeqNr=2225
15:19:25.436 INF Submitted request. clSeqNr=2226
15:19:25.439 INF Submitted request. clSeqNr=2227
15:19:25.444 INF Submitted request. clSeqNr=2228
15:19:25.447 INF Submitted request. clSeqNr=2229
15:19:25.451 INF Submitted request. clSeqNr=2230
15:19:25.454 INF Submitted request. clSeqNr=2231
15:19:25.458 INF Submitted request. clSeqNr=2232
15:19:25.462 INF Submitted request. clSeqNr=2233
15:19:25.465 INF Submitted request. clSeqNr=2234
15:19:25.469 INF Submitted request. clSeqNr=2235
15:19:25.472 INF Submitted request. clSeqNr=2236
15:19:25.476 INF Submitted request. clSeqNr=2237
15:19:25.480 INF Submitted request. clSeqNr=2238
15:19:25.484 INF Submitted request. clSeqNr=2239
15:19:25.487 INF Submitted request. clSeqNr=2240
15:19:25.491 INF Submitted request. clSeqNr=2241
15:19:25.495 INF Submitted request. clSeqNr=2242
15:19:25.499 INF Submitted request. clSeqNr=2243
15:19:25.502 INF Submitted request. clSeqNr=2244
15:19:25.506 INF Submitted request. clSeqNr=2245
15:19:25.510 INF Submitted request. clSeqNr=2246
15:19:25.513 INF Submitted request. clSeqNr=2247
15:19:25.517 INF Submitted request. clSeqNr=2248
15:19:25.520 INF Submitted request. clSeqNr=2249
15:19:25.524 INF Submitted request. clSeqNr=2250
15:19:25.527 INF Submitted request. clSeqNr=2251
15:19:25.531 INF Submitted request. clSeqNr=2252
15:19:25.535 INF Submitted request. clSeqNr=2253
15:19:25.538 INF Submitted request. clSeqNr=2254
15:19:25.543 INF Submitted request. clSeqNr=2255
15:19:25.546 INF Submitted request. clSeqNr=2256
15:19:25.549 INF Submitted request. clSeqNr=2257
15:19:25.553 INF Submitted request. clSeqNr=2258
15:19:25.557 INF Submitted request. clSeqNr=2259
15:19:25.560 INF Submitted request. clSeqNr=2260
15:19:25.564 INF Submitted request. clSeqNr=2261
15:19:25.568 INF Submitted request. clSeqNr=2262
15:19:25.572 INF Submitted request. clSeqNr=2263
15:19:25.575 INF Submitted request. clSeqNr=2264
15:19:25.579 INF Submitted request. clSeqNr=2265
15:19:25.583 INF Submitted request. clSeqNr=2266
15:19:25.586 INF Submitted request. clSeqNr=2267
15:19:25.590 INF Submitted request. clSeqNr=2268
15:19:25.594 INF Submitted request. clSeqNr=2269
15:19:25.597 INF Submitted request. clSeqNr=2270
15:19:25.601 INF Submitted request. clSeqNr=2271
15:19:25.605 INF Submitted request. clSeqNr=2272
15:19:25.609 INF Submitted request. clSeqNr=2273
15:19:25.612 INF Submitted request. clSeqNr=2274
15:19:25.615 INF Submitted request. clSeqNr=2275
15:19:25.620 INF Submitted request. clSeqNr=2276
15:19:25.622 INF Submitted request. clSeqNr=2277
15:19:25.627 INF Submitted request. clSeqNr=2278
15:19:25.630 INF Submitted request. clSeqNr=2279
15:19:25.634 INF Submitted request. clSeqNr=2280
15:19:25.638 INF Submitted request. clSeqNr=2281
15:19:25.641 INF Submitted request. clSeqNr=2282
15:19:25.645 INF Submitted request. clSeqNr=2283
15:19:25.649 INF Submitted request. clSeqNr=2284
15:19:25.652 INF Submitted request. clSeqNr=2285
15:19:25.656 INF Submitted request. clSeqNr=2286
15:19:25.660 INF Submitted request. clSeqNr=2287
15:19:25.664 INF Submitted request. clSeqNr=2288
15:19:25.667 INF Submitted request. clSeqNr=2289
15:19:25.670 INF Submitted request. clSeqNr=2290
15:19:25.675 INF Submitted request. clSeqNr=2291
15:19:25.678 INF Submitted request. clSeqNr=2292
15:19:25.682 INF Submitted request. clSeqNr=2293
15:19:25.686 INF Submitted request. clSeqNr=2294
15:19:25.688 INF Submitted request. clSeqNr=2295
15:19:25.693 INF Submitted request. clSeqNr=2296
15:19:25.696 INF Submitted request. clSeqNr=2297
15:19:25.700 INF Submitted request. clSeqNr=2298
15:19:25.704 INF Submitted request. clSeqNr=2299
15:19:25.707 INF Submitted request. clSeqNr=2300
15:19:25.711 INF Submitted request. clSeqNr=2301
15:19:25.715 INF Submitted request. clSeqNr=2302
15:19:25.718 INF Submitted request. clSeqNr=2303
15:19:25.722 INF Submitted request. clSeqNr=2304
15:19:25.725 INF Submitted request. clSeqNr=2305
15:19:25.729 INF Submitted request. clSeqNr=2306
15:19:25.732 INF Submitted request. clSeqNr=2307
15:19:25.737 INF Submitted request. clSeqNr=2308
15:19:25.740 INF Submitted request. clSeqNr=2309
15:19:25.744 INF Submitted request. clSeqNr=2310
15:19:25.747 INF Submitted request. clSeqNr=2311
15:19:25.751 INF Submitted request. clSeqNr=2312
15:19:25.755 INF Submitted request. clSeqNr=2313
15:19:25.758 INF Submitted request. clSeqNr=2314
15:19:25.762 INF Submitted request. clSeqNr=2315
15:19:25.766 INF Submitted request. clSeqNr=2316
15:19:25.770 INF Submitted request. clSeqNr=2317
15:19:25.773 INF Submitted request. clSeqNr=2318
15:19:25.776 INF Submitted request. clSeqNr=2319
15:19:25.780 INF Submitted request. clSeqNr=2320
15:19:25.785 INF Submitted request. clSeqNr=2321
15:19:25.788 INF Submitted request. clSeqNr=2322
15:19:25.791 INF Submitted request. clSeqNr=2323
15:19:25.795 INF Submitted request. clSeqNr=2324
15:19:25.799 INF Submitted request. clSeqNr=2325
15:19:25.803 INF Submitted request. clSeqNr=2326
15:19:25.807 INF Submitted request. clSeqNr=2327
15:19:25.810 INF Submitted request. clSeqNr=2328
15:19:25.813 INF Submitted request. clSeqNr=2329
15:19:25.817 INF Submitted request. clSeqNr=2330
15:19:25.821 INF Submitted request. clSeqNr=2331
15:19:25.824 INF Submitted request. clSeqNr=2332
15:19:25.828 INF Submitted request. clSeqNr=2333
15:19:25.832 INF Submitted request. clSeqNr=2334
15:19:25.835 INF Submitted request. clSeqNr=2335
15:19:25.839 INF Submitted request. clSeqNr=2336
15:19:25.842 INF Submitted request. clSeqNr=2337
15:19:25.847 INF Submitted request. clSeqNr=2338
15:19:25.850 INF Submitted request. clSeqNr=2339
15:19:25.854 INF Submitted request. clSeqNr=2340
15:19:25.857 INF Submitted request. clSeqNr=2341
15:19:25.861 INF Submitted request. clSeqNr=2342
15:19:25.864 INF Submitted request. clSeqNr=2343
15:19:25.868 INF Submitted request. clSeqNr=2344
15:19:25.872 INF Submitted request. clSeqNr=2345
15:19:25.876 INF Submitted request. clSeqNr=2346
15:19:25.879 INF Submitted request. clSeqNr=2347
15:19:25.883 INF Submitted request. clSeqNr=2348
15:19:25.887 INF Submitted request. clSeqNr=2349
15:19:25.890 INF Submitted request. clSeqNr=2350
15:19:25.894 INF Submitted request. clSeqNr=2351
15:19:25.898 INF Submitted request. clSeqNr=2352
15:19:25.902 INF Submitted request. clSeqNr=2353
15:19:25.905 INF Submitted request. clSeqNr=2354
15:19:25.908 INF Submitted request. clSeqNr=2355
15:19:25.912 INF Submitted request. clSeqNr=2356
15:19:25.916 INF Submitted request. clSeqNr=2357
15:19:25.920 INF Submitted request. clSeqNr=2358
15:19:25.924 INF Submitted request. clSeqNr=2359
15:19:25.927 INF Submitted request. clSeqNr=2360
15:19:25.931 INF Submitted request. clSeqNr=2361
15:19:25.934 INF Submitted request. clSeqNr=2362
15:19:25.938 INF Submitted request. clSeqNr=2363
15:19:25.941 INF Submitted request. clSeqNr=2364
15:19:25.946 INF Submitted request. clSeqNr=2365
15:19:25.949 INF Submitted request. clSeqNr=2366
15:19:25.953 INF Submitted request. clSeqNr=2367
15:19:25.956 INF Submitted request. clSeqNr=2368
15:19:25.960 INF Submitted request. clSeqNr=2369
15:19:25.963 INF Submitted request. clSeqNr=2370
15:19:25.967 INF Submitted request. clSeqNr=2371
15:19:25.971 INF Submitted request. clSeqNr=2372
15:19:25.974 INF Submitted request. clSeqNr=2373
15:19:25.978 INF Submitted request. clSeqNr=2374
15:19:25.982 INF Submitted request. clSeqNr=2375
15:19:25.986 INF Submitted request. clSeqNr=2376
15:19:25.989 INF Submitted request. clSeqNr=2377
15:19:25.992 INF Submitted request. clSeqNr=2378
15:19:25.996 INF Submitted request. clSeqNr=2379
15:19:26.000 INF Submitted request. clSeqNr=2380
15:19:26.004 INF Submitted request. clSeqNr=2381
15:19:26.008 INF Submitted request. clSeqNr=2382
15:19:26.011 INF Submitted request. clSeqNr=2383
15:19:26.015 INF Submitted request. clSeqNr=2384
15:19:26.018 INF Submitted request. clSeqNr=2385
15:19:26.022 INF Submitted request. clSeqNr=2386
15:19:26.025 INF Submitted request. clSeqNr=2387
15:19:26.029 INF Submitted request. clSeqNr=2388
15:19:26.033 INF Submitted request. clSeqNr=2389
15:19:26.037 INF Submitted request. clSeqNr=2390
15:19:26.040 INF Submitted request. clSeqNr=2391
15:19:26.044 INF Submitted request. clSeqNr=2392
15:19:26.047 INF Submitted request. clSeqNr=2393
15:19:26.052 INF Submitted request. clSeqNr=2394
15:19:26.055 INF Submitted request. clSeqNr=2395
15:19:26.058 INF Submitted request. clSeqNr=2396
15:19:26.062 INF Submitted request. clSeqNr=2397
15:19:26.066 INF Submitted request. clSeqNr=2398
15:19:26.069 INF Submitted request. clSeqNr=2399
15:19:26.073 INF Submitted request. clSeqNr=2400
15:19:26.077 INF Submitted request. clSeqNr=2401
15:19:26.081 INF Submitted request. clSeqNr=2402
15:19:26.084 INF Submitted request. clSeqNr=2403
15:19:26.088 INF Submitted request. clSeqNr=2404
15:19:26.092 INF Submitted request. clSeqNr=2405
15:19:26.096 INF Submitted request. clSeqNr=2406
15:19:26.099 INF Submitted request. clSeqNr=2407
15:19:26.102 INF Submitted request. clSeqNr=2408
15:19:26.106 INF Submitted request. clSeqNr=2409
15:19:26.110 INF Submitted request. clSeqNr=2410
15:19:26.114 INF Submitted request. clSeqNr=2411
15:19:26.118 INF Submitted request. clSeqNr=2412
15:19:26.121 INF Submitted request. clSeqNr=2413
15:19:26.125 INF Submitted request. clSeqNr=2414
15:19:26.129 INF Submitted request. clSeqNr=2415
15:19:26.132 INF Submitted request. clSeqNr=2416
15:19:26.136 INF Submitted request. clSeqNr=2417
15:19:26.139 INF Submitted request. clSeqNr=2418
15:19:26.143 INF Submitted request. clSeqNr=2419
15:19:26.146 INF Submitted request. clSeqNr=2420
15:19:26.150 INF Submitted request. clSeqNr=2421
15:19:26.154 INF Submitted request. clSeqNr=2422
15:19:26.157 INF Submitted request. clSeqNr=2423
15:19:26.162 INF Submitted request. clSeqNr=2424
15:19:26.165 INF Submitted request. clSeqNr=2425
15:19:26.169 INF Submitted request. clSeqNr=2426
15:19:26.172 INF Submitted request. clSeqNr=2427
15:19:26.176 INF Submitted request. clSeqNr=2428
15:19:26.180 INF Submitted request. clSeqNr=2429
15:19:26.183 INF Submitted request. clSeqNr=2430
15:19:26.187 INF Submitted request. clSeqNr=2431
15:19:26.190 INF Submitted request. clSeqNr=2432
15:19:26.194 INF Submitted request. clSeqNr=2433
15:19:26.198 INF Submitted request. clSeqNr=2434
15:19:26.201 INF Submitted request. clSeqNr=2435
15:19:26.206 INF Submitted request. clSeqNr=2436
15:19:26.209 INF Submitted request. clSeqNr=2437
15:19:26.212 INF Submitted request. clSeqNr=2438
15:19:26.216 INF Submitted request. clSeqNr=2439
15:19:26.220 INF Submitted request. clSeqNr=2440
15:19:26.224 INF Submitted request. clSeqNr=2441
15:19:26.227 INF Submitted request. clSeqNr=2442
15:19:26.231 INF Submitted request. clSeqNr=2443
15:19:26.235 INF Submitted request. clSeqNr=2444
15:19:26.238 INF Submitted request. clSeqNr=2445
15:19:26.242 INF Submitted request. clSeqNr=2446
15:19:26.246 INF Submitted request. clSeqNr=2447
15:19:26.249 INF Submitted request. clSeqNr=2448
15:19:26.253 INF Submitted request. clSeqNr=2449
15:19:26.257 INF Submitted request. clSeqNr=2450
15:19:26.260 INF Submitted request. clSeqNr=2451
15:19:26.264 INF Submitted request. clSeqNr=2452
15:19:26.267 INF Submitted request. clSeqNr=2453
15:19:26.271 INF Submitted request. clSeqNr=2454
15:19:26.275 INF Submitted request. clSeqNr=2455
15:19:26.278 INF Submitted request. clSeqNr=2456
15:19:26.282 INF Submitted request. clSeqNr=2457
15:19:26.286 INF Submitted request. clSeqNr=2458
15:19:26.290 INF Submitted request. clSeqNr=2459
15:19:26.293 INF Submitted request. clSeqNr=2460
15:19:26.297 INF Submitted request. clSeqNr=2461
15:19:26.300 INF Submitted request. clSeqNr=2462
15:19:26.304 INF Submitted request. clSeqNr=2463
15:19:26.308 INF Submitted request. clSeqNr=2464
15:19:26.312 INF Submitted request. clSeqNr=2465
15:19:26.315 INF Submitted request. clSeqNr=2466
15:19:26.319 INF Submitted request. clSeqNr=2467
15:19:26.322 INF Submitted request. clSeqNr=2468
15:19:26.326 INF Submitted request. clSeqNr=2469
15:19:26.330 INF Submitted request. clSeqNr=2470
15:19:26.333 INF Submitted request. clSeqNr=2471
15:19:26.337 INF Submitted request. clSeqNr=2472
15:19:26.340 INF Submitted request. clSeqNr=2473
15:19:26.344 INF Submitted request. clSeqNr=2474
15:19:26.348 INF Submitted request. clSeqNr=2475
15:19:26.352 INF Submitted request. clSeqNr=2476
15:19:26.355 INF Submitted request. clSeqNr=2477
15:19:26.359 INF Submitted request. clSeqNr=2478
15:19:26.363 INF Submitted request. clSeqNr=2479
15:19:26.366 INF Submitted request. clSeqNr=2480
15:19:26.370 INF Submitted request. clSeqNr=2481
15:19:26.374 INF Submitted request. clSeqNr=2482
15:19:26.377 INF Submitted request. clSeqNr=2483
15:19:26.382 INF Submitted request. clSeqNr=2484
15:19:26.385 INF Submitted request. clSeqNr=2485
15:19:26.389 INF Submitted request. clSeqNr=2486
15:19:26.392 INF Submitted request. clSeqNr=2487
15:19:26.396 INF Submitted request. clSeqNr=2488
15:19:26.400 INF Submitted request. clSeqNr=2489
15:19:26.403 INF Submitted request. clSeqNr=2490
15:19:26.407 INF Submitted request. clSeqNr=2491
15:19:26.410 INF Submitted request. clSeqNr=2492
15:19:26.414 INF Submitted request. clSeqNr=2493
15:19:26.417 INF Submitted request. clSeqNr=2494
15:19:26.421 INF Submitted request. clSeqNr=2495
15:19:26.425 INF Submitted request. clSeqNr=2496
15:19:26.429 INF Submitted request. clSeqNr=2497
15:19:26.432 INF Submitted request. clSeqNr=2498
15:19:26.436 INF Submitted request. clSeqNr=2499
15:19:26.440 INF Submitted request. clSeqNr=2500
15:19:26.443 INF Submitted request. clSeqNr=2501
15:19:26.448 INF Submitted request. clSeqNr=2502
15:19:26.450 INF Submitted request. clSeqNr=2503
15:19:26.454 INF Submitted request. clSeqNr=2504
15:19:26.458 INF Submitted request. clSeqNr=2505
15:19:26.462 INF Submitted request. clSeqNr=2506
15:19:26.465 INF Submitted request. clSeqNr=2507
15:19:26.469 INF Submitted request. clSeqNr=2508
15:19:26.473 INF Submitted request. clSeqNr=2509
15:19:26.476 INF Submitted request. clSeqNr=2510
15:19:26.480 INF Submitted request. clSeqNr=2511
15:19:26.484 INF Submitted request. clSeqNr=2512
15:19:26.487 INF Submitted request. clSeqNr=2513
15:19:26.491 INF Submitted request. clSeqNr=2514
15:19:26.495 INF Submitted request. clSeqNr=2515
15:19:26.498 INF Submitted request. clSeqNr=2516
15:19:26.502 INF Submitted request. clSeqNr=2517
15:19:26.505 INF Submitted request. clSeqNr=2518
15:19:26.510 INF Submitted request. clSeqNr=2519
15:19:26.513 INF Submitted request. clSeqNr=2520
15:19:26.517 INF Submitted request. clSeqNr=2521
15:19:26.520 INF Submitted request. clSeqNr=2522
15:19:26.524 INF Submitted request. clSeqNr=2523
15:19:26.527 INF Submitted request. clSeqNr=2524
15:19:26.531 INF Submitted request. clSeqNr=2525
15:19:26.535 INF Submitted request. clSeqNr=2526
15:19:26.538 INF Submitted request. clSeqNr=2527
15:19:26.542 INF Submitted request. clSeqNr=2528
15:19:26.546 INF Submitted request. clSeqNr=2529
15:19:26.550 INF Submitted request. clSeqNr=2530
15:19:26.553 INF Submitted request. clSeqNr=2531
15:19:26.557 INF Submitted request. clSeqNr=2532
15:19:26.560 INF Submitted request. clSeqNr=2533
15:19:26.564 INF Submitted request. clSeqNr=2534
15:19:26.568 INF Submitted request. clSeqNr=2535
15:19:26.572 INF Submitted request. clSeqNr=2536
15:19:26.575 INF Submitted request. clSeqNr=2537
15:19:26.579 INF Submitted request. clSeqNr=2538
15:19:26.582 INF Submitted request. clSeqNr=2539
15:19:26.586 INF Submitted request. clSeqNr=2540
15:19:26.590 INF Submitted request. clSeqNr=2541
15:19:26.593 INF Submitted request. clSeqNr=2542
15:19:26.597 INF Submitted request. clSeqNr=2543
15:19:26.601 INF Submitted request. clSeqNr=2544
15:19:26.604 INF Submitted request. clSeqNr=2545
15:19:26.608 INF Submitted request. clSeqNr=2546
15:19:26.612 INF Submitted request. clSeqNr=2547
15:19:26.615 INF Submitted request. clSeqNr=2548
15:19:26.619 INF Submitted request. clSeqNr=2549
15:19:26.623 INF Submitted request. clSeqNr=2550
15:19:26.627 INF Submitted request. clSeqNr=2551
15:19:26.630 INF Submitted request. clSeqNr=2552
15:19:26.634 INF Submitted request. clSeqNr=2553
15:19:26.637 INF Submitted request. clSeqNr=2554
15:19:26.641 INF Submitted request. clSeqNr=2555
15:19:26.645 INF Submitted request. clSeqNr=2556
15:19:26.648 INF Submitted request. clSeqNr=2557
15:19:26.652 INF Submitted request. clSeqNr=2558
15:19:26.655 INF Submitted request. clSeqNr=2559
15:19:26.659 INF Submitted request. clSeqNr=2560
15:19:26.664 INF Submitted request. clSeqNr=2561
15:19:26.667 INF Submitted request. clSeqNr=2562
15:19:26.670 INF Submitted request. clSeqNr=2563
15:19:26.674 INF Submitted request. clSeqNr=2564
15:19:26.678 INF Submitted request. clSeqNr=2565
15:19:26.682 INF Submitted request. clSeqNr=2566
15:19:26.685 INF Submitted request. clSeqNr=2567
15:19:26.689 INF Submitted request. clSeqNr=2568
15:19:26.692 INF Submitted request. clSeqNr=2569
15:19:26.696 INF Submitted request. clSeqNr=2570
15:19:26.700 INF Submitted request. clSeqNr=2571
15:19:26.704 INF Submitted request. clSeqNr=2572
15:19:26.707 INF Submitted request. clSeqNr=2573
15:19:26.711 INF Submitted request. clSeqNr=2574
15:19:26.715 INF Submitted request. clSeqNr=2575
15:19:26.718 INF Submitted request. clSeqNr=2576
15:19:26.722 INF Submitted request. clSeqNr=2577
15:19:26.725 INF Submitted request. clSeqNr=2578
15:19:26.729 INF Submitted request. clSeqNr=2579
15:19:26.732 INF Submitted request. clSeqNr=2580
15:19:26.737 INF Submitted request. clSeqNr=2581
15:19:26.740 INF Submitted request. clSeqNr=2582
15:19:26.743 INF Submitted request. clSeqNr=2583
15:19:26.747 INF Submitted request. clSeqNr=2584
15:19:26.751 INF Submitted request. clSeqNr=2585
15:19:26.755 INF Submitted request. clSeqNr=2586
15:19:26.758 INF Submitted request. clSeqNr=2587
15:19:26.762 INF Submitted request. clSeqNr=2588
15:19:26.766 INF Submitted request. clSeqNr=2589
15:19:26.770 INF Submitted request. clSeqNr=2590
15:19:26.773 INF Submitted request. clSeqNr=2591
15:19:26.777 INF Submitted request. clSeqNr=2592
15:19:26.780 INF Submitted request. clSeqNr=2593
15:19:26.784 INF Submitted request. clSeqNr=2594
15:19:26.788 INF Submitted request. clSeqNr=2595
15:19:26.791 INF Submitted request. clSeqNr=2596
15:19:26.795 INF Submitted request. clSeqNr=2597
15:19:26.798 INF Submitted request. clSeqNr=2598
15:19:26.803 INF Submitted request. clSeqNr=2599
15:19:26.806 INF Submitted request. clSeqNr=2600
15:19:26.810 INF Submitted request. clSeqNr=2601
15:19:26.814 INF Submitted request. clSeqNr=2602
15:19:26.817 INF Submitted request. clSeqNr=2603
15:19:26.820 INF Submitted request. clSeqNr=2604
15:19:26.824 INF Submitted request. clSeqNr=2605
15:19:26.828 INF Submitted request. clSeqNr=2606
15:19:26.832 INF Submitted request. clSeqNr=2607
15:19:26.835 INF Submitted request. clSeqNr=2608
15:19:26.839 INF Submitted request. clSeqNr=2609
15:19:26.842 INF Submitted request. clSeqNr=2610
15:19:26.847 INF Submitted request. clSeqNr=2611
15:19:26.850 INF Submitted request. clSeqNr=2612
15:19:26.853 INF Submitted request. clSeqNr=2613
15:19:26.857 INF Submitted request. clSeqNr=2614
15:19:26.861 INF Submitted request. clSeqNr=2615
15:19:26.865 INF Submitted request. clSeqNr=2616
15:19:26.868 INF Submitted request. clSeqNr=2617
15:19:26.872 INF Submitted request. clSeqNr=2618
15:19:26.875 INF Submitted request. clSeqNr=2619
15:19:26.879 INF Submitted request. clSeqNr=2620
15:19:26.883 INF Submitted request. clSeqNr=2621
15:19:26.886 INF Submitted request. clSeqNr=2622
15:19:26.890 INF Submitted request. clSeqNr=2623
15:19:26.894 INF Submitted request. clSeqNr=2624
15:19:26.898 INF Submitted request. clSeqNr=2625
15:19:26.901 INF Submitted request. clSeqNr=2626
15:19:26.905 INF Submitted request. clSeqNr=2627
15:19:26.909 INF Submitted request. clSeqNr=2628
15:19:26.912 INF Submitted request. clSeqNr=2629
15:19:26.916 INF Submitted request. clSeqNr=2630
15:19:26.920 INF Submitted request. clSeqNr=2631
15:19:26.923 INF Submitted request. clSeqNr=2632
15:19:26.927 INF Submitted request. clSeqNr=2633
15:19:26.931 INF Submitted request. clSeqNr=2634
15:19:26.934 INF Submitted request. clSeqNr=2635
15:19:26.938 INF Submitted request. clSeqNr=2636
15:19:26.942 INF Submitted request. clSeqNr=2637
15:19:26.945 INF Submitted request. clSeqNr=2638
15:19:26.949 INF Submitted request. clSeqNr=2639
15:19:26.952 INF Submitted request. clSeqNr=2640
15:19:26.956 INF Submitted request. clSeqNr=2641
15:19:26.960 INF Submitted request. clSeqNr=2642
15:19:26.964 INF Submitted request. clSeqNr=2643
15:19:26.967 INF Submitted request. clSeqNr=2644
15:19:26.971 INF Submitted request. clSeqNr=2645
15:19:26.974 INF Submitted request. clSeqNr=2646
15:19:26.978 INF Submitted request. clSeqNr=2647
15:19:26.982 INF Submitted request. clSeqNr=2648
15:19:26.985 INF Submitted request. clSeqNr=2649
15:19:26.989 INF Submitted request. clSeqNr=2650
15:19:26.993 INF Submitted request. clSeqNr=2651
15:19:26.997 INF Submitted request. clSeqNr=2652
15:19:27.000 INF Submitted request. clSeqNr=2653
15:19:27.004 INF Submitted request. clSeqNr=2654
15:19:27.007 INF Submitted request. clSeqNr=2655
15:19:27.011 INF Submitted request. clSeqNr=2656
15:19:27.014 INF Submitted request. clSeqNr=2657
15:19:27.019 INF Submitted request. clSeqNr=2658
15:19:27.022 INF Submitted request. clSeqNr=2659
15:19:27.026 INF Submitted request. clSeqNr=2660
15:19:27.030 INF Submitted request. clSeqNr=2661
15:19:27.033 INF Submitted request. clSeqNr=2662
15:19:27.037 INF Submitted request. clSeqNr=2663
15:19:27.040 INF Submitted request. clSeqNr=2664
15:19:27.044 INF Submitted request. clSeqNr=2665
15:19:27.048 INF Submitted request. clSeqNr=2666
15:19:27.051 INF Submitted request. clSeqNr=2667
15:19:27.055 INF Submitted request. clSeqNr=2668
15:19:27.059 INF Submitted request. clSeqNr=2669
15:19:27.063 INF Submitted request. clSeqNr=2670
15:19:27.066 INF Submitted request. clSeqNr=2671
15:19:27.070 INF Submitted request. clSeqNr=2672
15:19:27.073 INF Submitted request. clSeqNr=2673
15:19:27.077 INF Submitted request. clSeqNr=2674
15:19:27.081 INF Submitted request. clSeqNr=2675
15:19:27.084 INF Submitted request. clSeqNr=2676
15:19:27.088 INF Submitted request. clSeqNr=2677
15:19:27.091 INF Submitted request. clSeqNr=2678
15:19:27.096 INF Submitted request. clSeqNr=2679
15:19:27.099 INF Submitted request. clSeqNr=2680
15:19:27.103 INF Submitted request. clSeqNr=2681
15:19:27.107 INF Submitted request. clSeqNr=2682
15:19:27.110 INF Submitted request. clSeqNr=2683
15:19:27.114 INF Submitted request. clSeqNr=2684
15:19:27.117 INF Submitted request. clSeqNr=2685
15:19:27.121 INF Submitted request. clSeqNr=2686
15:19:27.124 INF Submitted request. clSeqNr=2687
15:19:27.129 INF Submitted request. clSeqNr=2688
15:19:27.132 INF Submitted request. clSeqNr=2689
15:19:27.135 INF Submitted request. clSeqNr=2690
15:19:27.139 INF Submitted request. clSeqNr=2691
15:19:27.143 INF Submitted request. clSeqNr=2692
15:19:27.147 INF Submitted request. clSeqNr=2693
15:19:27.150 INF Submitted request. clSeqNr=2694
15:19:27.154 INF Submitted request. clSeqNr=2695
15:19:27.157 INF Submitted request. clSeqNr=2696
15:19:27.161 INF Submitted request. clSeqNr=2697
15:19:27.165 INF Submitted request. clSeqNr=2698
15:19:27.169 INF Submitted request. clSeqNr=2699
15:19:27.172 INF Submitted request. clSeqNr=2700
15:19:27.176 INF Submitted request. clSeqNr=2701
15:19:27.179 INF Submitted request. clSeqNr=2702
15:19:27.184 INF Submitted request. clSeqNr=2703
15:19:27.187 INF Submitted request. clSeqNr=2704
15:19:27.190 INF Submitted request. clSeqNr=2705
15:19:27.195 INF Submitted request. clSeqNr=2706
15:19:27.198 INF Submitted request. clSeqNr=2707
15:19:27.202 INF Submitted request. clSeqNr=2708
15:19:27.205 INF Submitted request. clSeqNr=2709
15:19:27.209 INF Submitted request. clSeqNr=2710
15:19:27.212 INF Submitted request. clSeqNr=2711
15:19:27.217 INF Submitted request. clSeqNr=2712
15:19:27.220 INF Submitted request. clSeqNr=2713
15:19:27.223 INF Submitted request. clSeqNr=2714
15:19:27.227 INF Submitted request. clSeqNr=2715
15:19:27.231 INF Submitted request. clSeqNr=2716
15:19:27.234 INF Submitted request. clSeqNr=2717
15:19:27.238 INF Submitted request. clSeqNr=2718
15:19:27.242 INF Submitted request. clSeqNr=2719
15:19:27.246 INF Submitted request. clSeqNr=2720
15:19:27.249 INF Submitted request. clSeqNr=2721
15:19:27.253 INF Submitted request. clSeqNr=2722
15:19:27.257 INF Submitted request. clSeqNr=2723
15:19:27.260 INF Submitted request. clSeqNr=2724
15:19:27.264 INF Submitted request. clSeqNr=2725
15:19:27.268 INF Submitted request. clSeqNr=2726
15:19:27.271 INF Submitted request. clSeqNr=2727
15:19:27.275 INF Submitted request. clSeqNr=2728
15:19:27.278 INF Submitted request. clSeqNr=2729
15:19:27.282 INF Submitted request. clSeqNr=2730
15:19:27.286 INF Submitted request. clSeqNr=2731
15:19:27.290 INF Submitted request. clSeqNr=2732
15:19:27.293 INF Submitted request. clSeqNr=2733
15:19:27.297 INF Submitted request. clSeqNr=2734
15:19:27.301 INF Submitted request. clSeqNr=2735
15:19:27.305 INF Submitted request. clSeqNr=2736
15:19:27.308 INF Submitted request. clSeqNr=2737
15:19:27.311 INF Submitted request. clSeqNr=2738
15:19:27.315 INF Submitted request. clSeqNr=2739
15:19:27.319 INF Submitted request. clSeqNr=2740
15:19:27.323 INF Submitted request. clSeqNr=2741
15:19:27.327 INF Submitted request. clSeqNr=2742
15:19:27.330 INF Submitted request. clSeqNr=2743
15:19:27.333 INF Submitted request. clSeqNr=2744
15:19:27.337 INF Submitted request. clSeqNr=2745
15:19:27.340 INF Submitted request. clSeqNr=2746
15:19:27.345 INF Submitted request. clSeqNr=2747
15:19:27.348 INF Submitted request. clSeqNr=2748
15:19:27.352 INF Submitted request. clSeqNr=2749
15:19:27.355 INF Submitted request. clSeqNr=2750
15:19:27.360 INF Submitted request. clSeqNr=2751
15:19:27.363 INF Submitted request. clSeqNr=2752
15:19:27.366 INF Submitted request. clSeqNr=2753
15:19:27.370 INF Submitted request. clSeqNr=2754
15:19:27.373 INF Submitted request. clSeqNr=2755
15:19:27.378 INF Submitted request. clSeqNr=2756
15:19:27.381 INF Submitted request. clSeqNr=2757
15:19:27.385 INF Submitted request. clSeqNr=2758
15:19:27.389 INF Submitted request. clSeqNr=2759
15:19:27.392 INF Submitted request. clSeqNr=2760
15:19:27.395 INF Submitted request. clSeqNr=2761
15:19:27.400 INF Submitted request. clSeqNr=2762
15:19:27.404 INF Submitted request. clSeqNr=2763
15:19:27.407 INF Submitted request. clSeqNr=2764
15:19:27.410 INF Submitted request. clSeqNr=2765
15:19:27.414 INF Submitted request. clSeqNr=2766
15:19:27.418 INF Submitted request. clSeqNr=2767
15:19:27.421 INF Submitted request. clSeqNr=2768
15:19:27.426 INF Submitted request. clSeqNr=2769
15:19:27.428 INF Submitted request. clSeqNr=2770
15:19:27.433 INF Submitted request. clSeqNr=2771
15:19:27.437 INF Submitted request. clSeqNr=2772
15:19:27.439 INF Submitted request. clSeqNr=2773
15:19:27.443 INF Submitted request. clSeqNr=2774
15:19:27.447 INF Submitted request. clSeqNr=2775
15:19:27.451 INF Submitted request. clSeqNr=2776
15:19:27.455 INF Submitted request. clSeqNr=2777
15:19:27.458 INF Submitted request. clSeqNr=2778
15:19:27.461 INF Submitted request. clSeqNr=2779
15:19:27.465 INF Submitted request. clSeqNr=2780
15:19:27.469 INF Submitted request. clSeqNr=2781
15:19:27.472 INF Submitted request. clSeqNr=2782
15:19:27.476 INF Submitted request. clSeqNr=2783
15:19:27.480 INF Submitted request. clSeqNr=2784
15:19:27.483 INF Submitted request. clSeqNr=2785
15:19:27.487 INF Submitted request. clSeqNr=2786
15:19:27.492 INF Submitted request. clSeqNr=2787
15:19:27.495 INF Submitted request. clSeqNr=2788
15:19:27.498 INF Submitted request. clSeqNr=2789
15:19:27.502 INF Submitted request. clSeqNr=2790
15:19:27.506 INF Submitted request. clSeqNr=2791
15:19:27.510 INF Submitted request. clSeqNr=2792
15:19:27.513 INF Submitted request. clSeqNr=2793
15:19:27.517 INF Submitted request. clSeqNr=2794
15:19:27.520 INF Submitted request. clSeqNr=2795
15:19:27.524 INF Submitted request. clSeqNr=2796
15:19:27.527 INF Submitted request. clSeqNr=2797
15:19:27.531 INF Submitted request. clSeqNr=2798
15:19:27.535 INF Submitted request. clSeqNr=2799
15:19:27.538 INF Submitted request. clSeqNr=2800
15:19:27.543 INF Submitted request. clSeqNr=2801
15:19:27.546 INF Submitted request. clSeqNr=2802
15:19:27.549 INF Submitted request. clSeqNr=2803
15:19:27.553 INF Submitted request. clSeqNr=2804
15:19:27.557 INF Submitted request. clSeqNr=2805
15:19:27.560 INF Submitted request. clSeqNr=2806
15:19:27.564 INF Submitted request. clSeqNr=2807
15:19:27.568 INF Submitted request. clSeqNr=2808
15:19:27.571 INF Submitted request. clSeqNr=2809
15:19:27.575 INF Submitted request. clSeqNr=2810
15:19:27.579 INF Submitted request. clSeqNr=2811
15:19:27.583 INF Submitted request. clSeqNr=2812
15:19:27.586 INF Submitted request. clSeqNr=2813
15:19:27.590 INF Submitted request. clSeqNr=2814
15:19:27.594 INF Submitted request. clSeqNr=2815
15:19:27.597 INF Submitted request. clSeqNr=2816
15:19:27.601 INF Submitted request. clSeqNr=2817
15:19:27.604 INF Submitted request. clSeqNr=2818
15:19:27.608 INF Submitted request. clSeqNr=2819
15:19:27.612 INF Submitted request. clSeqNr=2820
15:19:27.616 INF Submitted request. clSeqNr=2821
15:19:27.620 INF Submitted request. clSeqNr=2822
15:19:27.623 INF Submitted request. clSeqNr=2823
15:19:27.626 INF Submitted request. clSeqNr=2824
15:19:27.631 INF Submitted request. clSeqNr=2825
15:19:27.634 INF Submitted request. clSeqNr=2826
15:19:27.638 INF Submitted request. clSeqNr=2827
15:19:27.641 INF Submitted request. clSeqNr=2828
15:19:27.644 INF Submitted request. clSeqNr=2829
15:19:27.649 INF Submitted request. clSeqNr=2830
15:19:27.652 INF Submitted request. clSeqNr=2831
15:19:27.656 INF Submitted request. clSeqNr=2832
15:19:27.660 INF Submitted request. clSeqNr=2833
15:19:27.663 INF Submitted request. clSeqNr=2834
15:19:27.667 INF Submitted request. clSeqNr=2835
15:19:27.671 INF Submitted request. clSeqNr=2836
15:19:27.674 INF Submitted request. clSeqNr=2837
15:19:27.678 INF Submitted request. clSeqNr=2838
15:19:27.682 INF Submitted request. clSeqNr=2839
15:19:27.686 INF Submitted request. clSeqNr=2840
15:19:27.689 INF Submitted request. clSeqNr=2841
15:19:27.692 INF Submitted request. clSeqNr=2842
15:19:27.696 INF Submitted request. clSeqNr=2843
15:19:27.700 INF Submitted request. clSeqNr=2844
15:19:27.703 INF Submitted request. clSeqNr=2845
15:19:27.708 INF Submitted request. clSeqNr=2846
15:19:27.711 INF Submitted request. clSeqNr=2847
15:19:27.715 INF Submitted request. clSeqNr=2848
15:19:27.719 INF Submitted request. clSeqNr=2849
15:19:27.722 INF Submitted request. clSeqNr=2850
15:19:27.725 INF Submitted request. clSeqNr=2851
15:19:27.729 INF Submitted request. clSeqNr=2852
15:19:27.733 INF Submitted request. clSeqNr=2853
15:19:27.736 INF Submitted request. clSeqNr=2854
15:19:27.740 INF Submitted request. clSeqNr=2855
15:19:27.744 INF Submitted request. clSeqNr=2856
15:19:27.747 INF Submitted request. clSeqNr=2857
15:19:27.751 INF Submitted request. clSeqNr=2858
15:19:27.755 INF Submitted request. clSeqNr=2859
15:19:27.759 INF Submitted request. clSeqNr=2860
15:19:27.762 INF Submitted request. clSeqNr=2861
15:19:27.766 INF Submitted request. clSeqNr=2862
15:19:27.770 INF Submitted request. clSeqNr=2863
15:19:27.773 INF Submitted request. clSeqNr=2864
15:19:27.777 INF Submitted request. clSeqNr=2865
15:19:27.780 INF Submitted request. clSeqNr=2866
15:19:27.784 INF Submitted request. clSeqNr=2867
15:19:27.788 INF Submitted request. clSeqNr=2868
15:19:27.791 INF Submitted request. clSeqNr=2869
15:19:27.795 INF Submitted request. clSeqNr=2870
15:19:27.798 INF Submitted request. clSeqNr=2871
15:19:27.803 INF Submitted request. clSeqNr=2872
15:19:27.806 INF Submitted request. clSeqNr=2873
15:19:27.809 INF Submitted request. clSeqNr=2874
15:19:27.813 INF Submitted request. clSeqNr=2875
15:19:27.817 INF Submitted request. clSeqNr=2876
15:19:27.821 INF Submitted request. clSeqNr=2877
15:19:27.824 INF Submitted request. clSeqNr=2878
15:19:27.828 INF Submitted request. clSeqNr=2879
15:19:27.832 INF Submitted request. clSeqNr=2880
15:19:27.836 INF Submitted request. clSeqNr=2881
15:19:27.839 INF Submitted request. clSeqNr=2882
15:19:27.843 INF Submitted request. clSeqNr=2883
15:19:27.847 INF Submitted request. clSeqNr=2884
15:19:27.850 INF Submitted request. clSeqNr=2885
15:19:27.853 INF Submitted request. clSeqNr=2886
15:19:27.857 INF Submitted request. clSeqNr=2887
15:19:27.861 INF Submitted request. clSeqNr=2888
15:19:27.864 INF Submitted request. clSeqNr=2889
15:19:27.869 INF Submitted request. clSeqNr=2890
15:19:27.872 INF Submitted request. clSeqNr=2891
15:19:27.876 INF Submitted request. clSeqNr=2892
15:19:27.879 INF Submitted request. clSeqNr=2893
15:19:27.883 INF Submitted request. clSeqNr=2894
15:19:27.886 INF Submitted request. clSeqNr=2895
15:19:27.890 INF Submitted request. clSeqNr=2896
15:19:27.894 INF Submitted request. clSeqNr=2897
15:19:27.898 INF Submitted request. clSeqNr=2898
15:19:27.902 INF Submitted request. clSeqNr=2899
15:19:27.905 INF Submitted request. clSeqNr=2900
15:19:27.908 INF Submitted request. clSeqNr=2901
15:19:27.913 INF Submitted request. clSeqNr=2902
15:19:27.916 INF Submitted request. clSeqNr=2903
15:19:27.919 INF Submitted request. clSeqNr=2904
15:19:27.923 INF Submitted request. clSeqNr=2905
15:19:27.927 INF Submitted request. clSeqNr=2906
15:19:27.931 INF Submitted request. clSeqNr=2907
15:19:27.934 INF Submitted request. clSeqNr=2908
15:19:27.938 INF Submitted request. clSeqNr=2909
15:19:27.941 INF Submitted request. clSeqNr=2910
15:19:27.945 INF Submitted request. clSeqNr=2911
15:19:27.949 INF Submitted request. clSeqNr=2912
15:19:27.953 INF Submitted request. clSeqNr=2913
15:19:27.956 INF Submitted request. clSeqNr=2914
15:19:27.958 INF Request finished (out of order). clSeqNr=627
15:19:27.959 INF Request finished (out of order). clSeqNr=643
15:19:27.959 INF Request finished (out of order). clSeqNr=659
15:19:27.959 INF Request finished (out of order). clSeqNr=675
15:19:27.960 INF Submitted request. clSeqNr=2915
15:19:27.960 INF Request finished (out of order). clSeqNr=691
15:19:27.961 INF Request finished (out of order). clSeqNr=707
15:19:27.961 INF Request finished (out of order). clSeqNr=723
15:19:27.961 INF Request finished (out of order). clSeqNr=739
15:19:27.962 INF Request finished (out of order). clSeqNr=499
15:19:27.963 INF Submitted request. clSeqNr=2916
15:19:27.967 INF Submitted request. clSeqNr=2917
15:19:27.970 INF Submitted request. clSeqNr=2918
15:19:27.974 INF Submitted request. clSeqNr=2919
15:19:27.978 INF Submitted request. clSeqNr=2920
15:19:27.979 INF Request finished (out of order). clSeqNr=515
15:19:27.979 INF Request finished (out of order). clSeqNr=531
15:19:27.979 INF Request finished (out of order). clSeqNr=547
15:19:27.979 INF Request finished (out of order). clSeqNr=563
15:19:27.979 INF Request finished (out of order). clSeqNr=579
15:19:27.979 INF Request finished (out of order). clSeqNr=595
15:19:27.979 INF Request finished (out of order). clSeqNr=611
15:19:27.979 INF Request finished (out of order). clSeqNr=628
15:19:27.979 INF Request finished (out of order). clSeqNr=644
15:19:27.979 INF Request finished (out of order). clSeqNr=660
15:19:27.979 INF Request finished (out of order). clSeqNr=676
15:19:27.979 INF Request finished (out of order). clSeqNr=692
15:19:27.979 INF Request finished (out of order). clSeqNr=708
15:19:27.979 INF Request finished (out of order). clSeqNr=724
15:19:27.979 INF Request finished (out of order). clSeqNr=740
15:19:27.979 INF Request finished (out of order). clSeqNr=500
15:19:27.979 INF Request finished (out of order). clSeqNr=516
15:19:27.979 INF Request finished (out of order). clSeqNr=532
15:19:27.979 INF Request finished (out of order). clSeqNr=548
15:19:27.979 INF Request finished (out of order). clSeqNr=564
15:19:27.979 INF Request finished (out of order). clSeqNr=580
15:19:27.979 INF Request finished (out of order). clSeqNr=596
15:19:27.979 INF Request finished (out of order). clSeqNr=612
15:19:27.979 INF Request finished (out of order). clSeqNr=629
15:19:27.979 INF Request finished (out of order). clSeqNr=645
15:19:27.979 INF Request finished (out of order). clSeqNr=661
15:19:27.979 INF Request finished (out of order). clSeqNr=677
15:19:27.979 INF Request finished (out of order). clSeqNr=693
15:19:27.979 INF Request finished (out of order). clSeqNr=709
15:19:27.979 INF Request finished (out of order). clSeqNr=725
15:19:27.979 INF Request finished (out of order). clSeqNr=741
15:19:27.979 INF Request finished (out of order). clSeqNr=501
15:19:27.979 INF Request finished (out of order). clSeqNr=517
15:19:27.979 INF Request finished (out of order). clSeqNr=533
15:19:27.980 INF Request finished (out of order). clSeqNr=549
15:19:27.980 INF Request finished (out of order). clSeqNr=565
15:19:27.981 INF Request finished (out of order). clSeqNr=581
15:19:27.981 INF Request finished (out of order). clSeqNr=597
15:19:27.981 INF Submitted request. clSeqNr=2921
15:19:27.982 INF Request finished (out of order). clSeqNr=613
15:19:27.983 INF Request finished (out of order). clSeqNr=630
15:19:27.983 INF Request finished (out of order). clSeqNr=646
15:19:27.984 INF Request finished (out of order). clSeqNr=662
15:19:27.984 INF Request finished (out of order). clSeqNr=678
15:19:27.985 INF Request finished (out of order). clSeqNr=694
15:19:27.985 INF Submitted request. clSeqNr=2922
15:19:27.986 INF Request finished (out of order). clSeqNr=710
15:19:27.986 INF Request finished (out of order). clSeqNr=726
15:19:27.986 INF Request finished (out of order). clSeqNr=742
15:19:27.986 INF Request finished (out of order). clSeqNr=502
15:19:27.987 INF Request finished (out of order). clSeqNr=518
15:19:27.988 INF Request finished (out of order). clSeqNr=534
15:19:27.989 INF Request finished (out of order). clSeqNr=550
15:19:27.989 INF Submitted request. clSeqNr=2923
15:19:27.990 INF Request finished (out of order). clSeqNr=566
15:19:27.990 INF Request finished (out of order). clSeqNr=582
15:19:27.990 INF Request finished (out of order). clSeqNr=598
15:19:27.992 INF Submitted request. clSeqNr=2924
15:19:27.996 INF Submitted request. clSeqNr=2925
15:19:28.000 INF Submitted request. clSeqNr=2926
15:19:28.004 INF Submitted request. clSeqNr=2927
15:19:28.007 INF Submitted request. clSeqNr=2928
15:19:28.011 INF Submitted request. clSeqNr=2929
15:19:28.013 INF Request finished (out of order). clSeqNr=614
15:19:28.013 INF Request finished (out of order). clSeqNr=631
15:19:28.013 INF Request finished (out of order). clSeqNr=647
15:19:28.014 INF Submitted request. clSeqNr=2930
15:19:28.018 INF Submitted request. clSeqNr=2931
15:19:28.022 INF Submitted request. clSeqNr=2932
15:19:28.025 INF Submitted request. clSeqNr=2933
15:19:28.029 INF Submitted request. clSeqNr=2934
15:19:28.033 INF Submitted request. clSeqNr=2935
15:19:28.036 INF Submitted request. clSeqNr=2936
15:19:28.040 INF Submitted request. clSeqNr=2937
15:19:28.044 INF Submitted request. clSeqNr=2938
15:19:28.046 INF Request finished (out of order). clSeqNr=663
15:19:28.046 INF Request finished (out of order). clSeqNr=679
15:19:28.046 INF Request finished (out of order). clSeqNr=695
15:19:28.046 INF Request finished (out of order). clSeqNr=711
15:19:28.046 INF Request finished (out of order). clSeqNr=727
15:19:28.046 INF Request finished (out of order). clSeqNr=743
15:19:28.046 INF Request finished (out of order). clSeqNr=503
15:19:28.046 INF Request finished (out of order). clSeqNr=519
15:19:28.046 INF Request finished (out of order). clSeqNr=535
15:19:28.046 INF Request finished (out of order). clSeqNr=551
15:19:28.046 INF Request finished (out of order). clSeqNr=567
15:19:28.046 INF Request finished (out of order). clSeqNr=583
15:19:28.046 INF Request finished (out of order). clSeqNr=599
15:19:28.046 INF Request finished (out of order). clSeqNr=615
15:19:28.046 INF Request finished (out of order). clSeqNr=632
15:19:28.046 INF Request finished (out of order). clSeqNr=648
15:19:28.046 INF Request finished (out of order). clSeqNr=664
15:19:28.046 INF Request finished (out of order). clSeqNr=680
15:19:28.046 INF Request finished (out of order). clSeqNr=696
15:19:28.046 INF Request finished (out of order). clSeqNr=712
15:19:28.046 INF Request finished (out of order). clSeqNr=728
15:19:28.046 INF Request finished (out of order). clSeqNr=744
15:19:28.046 INF Request finished (out of order). clSeqNr=504
15:19:28.046 INF Request finished (out of order). clSeqNr=520
15:19:28.046 INF Request finished (out of order). clSeqNr=536
15:19:28.046 INF Request finished (out of order). clSeqNr=552
15:19:28.046 INF Request finished (out of order). clSeqNr=568
15:19:28.047 INF Request finished (out of order). clSeqNr=584
15:19:28.047 INF Request finished (out of order). clSeqNr=600
15:19:28.047 INF Request finished (out of order). clSeqNr=616
15:19:28.047 INF Request finished (out of order). clSeqNr=633
15:19:28.047 INF Request finished (out of order). clSeqNr=649
15:19:28.047 INF Request finished (out of order). clSeqNr=665
15:19:28.047 INF Request finished (out of order). clSeqNr=681
15:19:28.047 INF Request finished (out of order). clSeqNr=697
15:19:28.047 INF Request finished (out of order). clSeqNr=713
15:19:28.047 INF Request finished (out of order). clSeqNr=729
15:19:28.047 INF Request finished (out of order). clSeqNr=745
15:19:28.047 INF Request finished (out of order). clSeqNr=505
15:19:28.047 INF Request finished (out of order). clSeqNr=521
15:19:28.047 INF Request finished (out of order). clSeqNr=537
15:19:28.047 INF Request finished (out of order). clSeqNr=553
15:19:28.047 INF Request finished (out of order). clSeqNr=569
15:19:28.047 INF Request finished (out of order). clSeqNr=585
15:19:28.047 INF Request finished (out of order). clSeqNr=601
15:19:28.047 INF Request finished (out of order). clSeqNr=617
15:19:28.047 INF Request finished (out of order). clSeqNr=634
15:19:28.047 INF Request finished (out of order). clSeqNr=650
15:19:28.047 INF Request finished (out of order). clSeqNr=666
15:19:28.047 INF Request finished (out of order). clSeqNr=682
15:19:28.047 INF Request finished (out of order). clSeqNr=698
15:19:28.047 INF Request finished (out of order). clSeqNr=714
15:19:28.047 INF Request finished (out of order). clSeqNr=730
15:19:28.047 INF Request finished (out of order). clSeqNr=746
15:19:28.047 INF Request finished (out of order). clSeqNr=762
15:19:28.047 INF Request finished (out of order). clSeqNr=778
15:19:28.047 INF Request finished (out of order). clSeqNr=538
15:19:28.047 INF Request finished (out of order). clSeqNr=554
15:19:28.047 INF Request finished (out of order). clSeqNr=570
15:19:28.047 INF Request finished (out of order). clSeqNr=586
15:19:28.047 INF Request finished (out of order). clSeqNr=602
15:19:28.047 INF Request finished (out of order). clSeqNr=618
15:19:28.047 INF Request finished (out of order). clSeqNr=635
15:19:28.047 INF Request finished (out of order). clSeqNr=651
15:19:28.047 INF Request finished (out of order). clSeqNr=667
15:19:28.048 INF Request finished (out of order). clSeqNr=683
15:19:28.048 INF Request finished (out of order). clSeqNr=699
15:19:28.048 INF Submitted request. clSeqNr=2939
15:19:28.048 INF Request finished (out of order). clSeqNr=715
15:19:28.048 INF Request finished (out of order). clSeqNr=731
15:19:28.048 INF Request finished (out of order). clSeqNr=747
15:19:28.048 INF Request finished (out of order). clSeqNr=763
15:19:28.048 INF Request finished (out of order). clSeqNr=779
15:19:28.048 INF Request finished (out of order). clSeqNr=539
15:19:28.048 INF Request finished (out of order). clSeqNr=555
15:19:28.048 INF Request finished (out of order). clSeqNr=571
15:19:28.048 INF Request finished (out of order). clSeqNr=587
15:19:28.048 INF Request finished (out of order). clSeqNr=603
15:19:28.048 INF Request finished (out of order). clSeqNr=619
15:19:28.048 INF Request finished (out of order). clSeqNr=636
15:19:28.048 INF Request finished (out of order). clSeqNr=652
15:19:28.048 INF Request finished (out of order). clSeqNr=668
15:19:28.048 INF Request finished (out of order). clSeqNr=684
15:19:28.051 INF Submitted request. clSeqNr=2940
15:19:28.055 INF Submitted request. clSeqNr=2941
15:19:28.058 INF Submitted request. clSeqNr=2942
15:19:28.062 INF Submitted request. clSeqNr=2943
15:19:28.066 INF Submitted request. clSeqNr=2944
15:19:28.069 INF Submitted request. clSeqNr=2945
15:19:28.073 INF Submitted request. clSeqNr=2946
15:19:28.077 INF Submitted request. clSeqNr=2947
15:19:28.080 INF Submitted request. clSeqNr=2948
15:19:28.084 INF Submitted request. clSeqNr=2949
15:19:28.088 INF Submitted request. clSeqNr=2950
15:19:28.091 INF Submitted request. clSeqNr=2951
15:19:28.095 INF Submitted request. clSeqNr=2952
15:19:28.099 INF Submitted request. clSeqNr=2953
15:19:28.102 INF Submitted request. clSeqNr=2954
15:19:28.106 INF Submitted request. clSeqNr=2955
15:19:28.110 INF Submitted request. clSeqNr=2956
15:19:28.113 INF Submitted request. clSeqNr=2957
15:19:28.117 INF Submitted request. clSeqNr=2958
15:19:28.118 INF Request finished (out of order). clSeqNr=700
15:19:28.118 INF Request finished (out of order). clSeqNr=716
15:19:28.118 INF Request finished (out of order). clSeqNr=732
15:19:28.118 INF Request finished (out of order). clSeqNr=748
15:19:28.118 INF Request finished (out of order). clSeqNr=764
15:19:28.118 INF Request finished (out of order). clSeqNr=780
15:19:28.118 INF Request finished (out of order). clSeqNr=540
15:19:28.118 INF Request finished (out of order). clSeqNr=556
15:19:28.118 INF Request finished (out of order). clSeqNr=572
15:19:28.118 INF Request finished (out of order). clSeqNr=588
15:19:28.118 INF Request finished (out of order). clSeqNr=604
15:19:28.118 INF Request finished (out of order). clSeqNr=620
15:19:28.118 INF Request finished (out of order). clSeqNr=637
15:19:28.118 INF Request finished (out of order). clSeqNr=653
15:19:28.118 INF Request finished (out of order). clSeqNr=669
15:19:28.118 INF Request finished (out of order). clSeqNr=685
15:19:28.118 INF Request finished (out of order). clSeqNr=701
15:19:28.118 INF Request finished (out of order). clSeqNr=717
15:19:28.118 INF Request finished (out of order). clSeqNr=733
15:19:28.118 INF Request finished (out of order). clSeqNr=749
15:19:28.118 INF Request finished (out of order). clSeqNr=765
15:19:28.118 INF Request finished (out of order). clSeqNr=781
15:19:28.118 INF Request finished (out of order). clSeqNr=541
15:19:28.118 INF Request finished (out of order). clSeqNr=557
15:19:28.118 INF Request finished (out of order). clSeqNr=573
15:19:28.119 INF Request finished (out of order). clSeqNr=589
15:19:28.119 INF Request finished (out of order). clSeqNr=605
15:19:28.119 INF Request finished (out of order). clSeqNr=621
15:19:28.119 INF Request finished (out of order). clSeqNr=638
15:19:28.119 INF Request finished (out of order). clSeqNr=654
15:19:28.119 INF Request finished (out of order). clSeqNr=670
15:19:28.119 INF Request finished (out of order). clSeqNr=686
15:19:28.119 INF Request finished (out of order). clSeqNr=702
15:19:28.119 INF Request finished (out of order). clSeqNr=718
15:19:28.119 INF Request finished (out of order). clSeqNr=734
15:19:28.119 INF Request finished (out of order). clSeqNr=750
15:19:28.119 INF Request finished (out of order). clSeqNr=766
15:19:28.119 INF Request finished (out of order). clSeqNr=526
15:19:28.119 INF Request finished (out of order). clSeqNr=542
15:19:28.119 INF Request finished (out of order). clSeqNr=558
15:19:28.119 INF Request finished (out of order). clSeqNr=574
15:19:28.119 INF Request finished (out of order). clSeqNr=590
15:19:28.119 INF Request finished (out of order). clSeqNr=606
15:19:28.119 INF Request finished (out of order). clSeqNr=622
15:19:28.119 INF Request finished (out of order). clSeqNr=639
15:19:28.119 INF Request finished (out of order). clSeqNr=655
15:19:28.119 INF Request finished (out of order). clSeqNr=671
15:19:28.119 INF Request finished (out of order). clSeqNr=687
15:19:28.119 INF Request finished (out of order). clSeqNr=703
15:19:28.119 INF Request finished (out of order). clSeqNr=719
15:19:28.119 INF Request finished (out of order). clSeqNr=735
15:19:28.119 INF Request finished (out of order). clSeqNr=751
15:19:28.119 INF Request finished (out of order). clSeqNr=767
15:19:28.119 INF Request finished (out of order). clSeqNr=527
15:19:28.119 INF Request finished (out of order). clSeqNr=543
15:19:28.119 INF Request finished (out of order). clSeqNr=559
15:19:28.119 INF Request finished (out of order). clSeqNr=575
15:19:28.119 INF Request finished (out of order). clSeqNr=591
15:19:28.119 INF Request finished (out of order). clSeqNr=607
15:19:28.119 INF Request finished (out of order). clSeqNr=623
15:19:28.119 INF Request finished (out of order). clSeqNr=640
15:19:28.119 INF Request finished (out of order). clSeqNr=656
15:19:28.119 INF Request finished (out of order). clSeqNr=672
15:19:28.119 INF Request finished (out of order). clSeqNr=688
15:19:28.119 INF Request finished (out of order). clSeqNr=704
15:19:28.119 INF Request finished (out of order). clSeqNr=720
15:19:28.119 INF Request finished (out of order). clSeqNr=736
15:19:28.119 INF Request finished (out of order). clSeqNr=752
15:19:28.119 INF Request finished (out of order). clSeqNr=768
15:19:28.119 INF Request finished (out of order). clSeqNr=528
15:19:28.119 INF Request finished (out of order). clSeqNr=544
15:19:28.119 INF Request finished (out of order). clSeqNr=560
15:19:28.119 INF Request finished (out of order). clSeqNr=576
15:19:28.119 INF Request finished (out of order). clSeqNr=592
15:19:28.119 INF Request finished (out of order). clSeqNr=608
15:19:28.119 INF Request finished (out of order). clSeqNr=624
15:19:28.119 INF Request finished (out of order). clSeqNr=641
15:19:28.119 INF Request finished (out of order). clSeqNr=657
15:19:28.119 INF Request finished (out of order). clSeqNr=673
15:19:28.119 INF Request finished (out of order). clSeqNr=689
15:19:28.120 INF Request finished (out of order). clSeqNr=705
15:19:28.121 INF Submitted request. clSeqNr=2959
15:19:28.122 INF Request finished (out of order). clSeqNr=721
15:19:28.122 INF Request finished (out of order). clSeqNr=737
15:19:28.122 INF Request finished (out of order). clSeqNr=753
15:19:28.122 INF Request finished (out of order). clSeqNr=769
15:19:28.122 INF Request finished (out of order). clSeqNr=529
15:19:28.123 INF Request finished (out of order). clSeqNr=545
15:19:28.123 INF Request finished (out of order). clSeqNr=561
15:19:28.123 INF Request finished (out of order). clSeqNr=577
15:19:28.124 INF Submitted request. clSeqNr=2960
15:19:28.124 INF Request finished (out of order). clSeqNr=593
15:19:28.125 INF Request finished (out of order). clSeqNr=609
15:19:28.125 INF Request finished (out of order). clSeqNr=625
15:19:28.125 INF Request finished (out of order). clSeqNr=370
15:19:28.125 INF Request finished (out of order). clSeqNr=386
15:19:28.125 INF Request finished (out of order). clSeqNr=402
15:19:28.127 INF Request finished (out of order). clSeqNr=418
15:19:28.127 INF Request finished (out of order). clSeqNr=434
15:19:28.127 INF Request finished (out of order). clSeqNr=450
15:19:28.127 INF Request finished (out of order). clSeqNr=466
15:19:28.127 INF Request finished (out of order). clSeqNr=482
15:19:28.128 INF Request finished (out of order). clSeqNr=498
15:19:28.128 INF Submitted request. clSeqNr=2961
15:19:28.128 INF Request finished (out of order). clSeqNr=514
15:19:28.128 INF Request finished (out of order). clSeqNr=274
15:19:28.128 INF Request delivered (in order). clSeqNr=274
15:19:28.128 INF Request delivered (in order). clSeqNr=275
15:19:28.128 INF Request delivered (in order). clSeqNr=276
15:19:28.128 INF Request delivered (in order). clSeqNr=277
15:19:28.128 INF Request delivered (in order). clSeqNr=278
15:19:28.128 INF Request delivered (in order). clSeqNr=279
15:19:28.128 INF Request delivered (in order). clSeqNr=280
15:19:28.128 INF Request delivered (in order). clSeqNr=281
15:19:28.128 INF Request delivered (in order). clSeqNr=282
15:19:28.128 INF Request delivered (in order). clSeqNr=283
15:19:28.128 INF Request delivered (in order). clSeqNr=284
15:19:28.128 INF Request delivered (in order). clSeqNr=285
15:19:28.128 INF Request delivered (in order). clSeqNr=286
15:19:28.128 INF Request delivered (in order). clSeqNr=287
15:19:28.128 INF Request delivered (in order). clSeqNr=288
15:19:28.128 INF Request delivered (in order). clSeqNr=289
15:19:28.129 INF Request finished (out of order). clSeqNr=290
15:19:28.129 INF Request delivered (in order). clSeqNr=290
15:19:28.129 INF Request delivered (in order). clSeqNr=291
15:19:28.129 INF Request delivered (in order). clSeqNr=292
15:19:28.129 INF Request delivered (in order). clSeqNr=293
15:19:28.129 INF Request delivered (in order). clSeqNr=294
15:19:28.129 INF Request delivered (in order). clSeqNr=295
15:19:28.129 INF Request delivered (in order). clSeqNr=296
15:19:28.129 INF Request delivered (in order). clSeqNr=297
15:19:28.129 INF Request delivered (in order). clSeqNr=298
15:19:28.129 INF Request delivered (in order). clSeqNr=299
15:19:28.129 INF Request delivered (in order). clSeqNr=300
15:19:28.129 INF Request delivered (in order). clSeqNr=301
15:19:28.129 INF Request delivered (in order). clSeqNr=302
15:19:28.129 INF Request delivered (in order). clSeqNr=303
15:19:28.129 INF Request delivered (in order). clSeqNr=304
15:19:28.129 INF Request delivered (in order). clSeqNr=305
15:19:28.129 INF Request finished (out of order). clSeqNr=306
15:19:28.129 INF Request delivered (in order). clSeqNr=306
15:19:28.129 INF Request delivered (in order). clSeqNr=307
15:19:28.129 INF Request delivered (in order). clSeqNr=308
15:19:28.129 INF Request delivered (in order). clSeqNr=309
15:19:28.129 INF Request delivered (in order). clSeqNr=310
15:19:28.129 INF Request delivered (in order). clSeqNr=311
15:19:28.129 INF Request delivered (in order). clSeqNr=312
15:19:28.129 INF Request delivered (in order). clSeqNr=313
15:19:28.129 INF Request delivered (in order). clSeqNr=314
15:19:28.129 INF Request delivered (in order). clSeqNr=315
15:19:28.129 INF Request delivered (in order). clSeqNr=316
15:19:28.129 INF Request delivered (in order). clSeqNr=317
15:19:28.129 INF Request delivered (in order). clSeqNr=318
15:19:28.129 INF Request delivered (in order). clSeqNr=319
15:19:28.129 INF Request delivered (in order). clSeqNr=320
15:19:28.129 INF Request delivered (in order). clSeqNr=321
15:19:28.130 INF Request finished (out of order). clSeqNr=322
15:19:28.130 INF Request delivered (in order). clSeqNr=322
15:19:28.130 INF Request delivered (in order). clSeqNr=323
15:19:28.130 INF Request delivered (in order). clSeqNr=324
15:19:28.130 INF Request delivered (in order). clSeqNr=325
15:19:28.130 INF Request delivered (in order). clSeqNr=326
15:19:28.130 INF Request delivered (in order). clSeqNr=327
15:19:28.130 INF Request delivered (in order). clSeqNr=328
15:19:28.130 INF Request delivered (in order). clSeqNr=329
15:19:28.130 INF Request delivered (in order). clSeqNr=330
15:19:28.130 INF Request delivered (in order). clSeqNr=331
15:19:28.130 INF Request delivered (in order). clSeqNr=332
15:19:28.130 INF Request delivered (in order). clSeqNr=333
15:19:28.130 INF Request delivered (in order). clSeqNr=334
15:19:28.130 INF Request delivered (in order). clSeqNr=335
15:19:28.130 INF Request delivered (in order). clSeqNr=336
15:19:28.130 INF Request delivered (in order). clSeqNr=337
15:19:28.130 INF Request finished (out of order). clSeqNr=338
15:19:28.130 INF Request delivered (in order). clSeqNr=338
15:19:28.130 INF Request delivered (in order). clSeqNr=339
15:19:28.130 INF Request delivered (in order). clSeqNr=340
15:19:28.131 INF Request delivered (in order). clSeqNr=341
15:19:28.131 INF Request delivered (in order). clSeqNr=342
15:19:28.131 INF Request delivered (in order). clSeqNr=343
15:19:28.131 INF Request delivered (in order). clSeqNr=344
15:19:28.131 INF Request delivered (in order). clSeqNr=345
15:19:28.131 INF Request delivered (in order). clSeqNr=346
15:19:28.131 INF Request delivered (in order). clSeqNr=347
15:19:28.131 INF Request delivered (in order). clSeqNr=348
15:19:28.131 INF Request delivered (in order). clSeqNr=349
15:19:28.131 INF Request delivered (in order). clSeqNr=350
15:19:28.131 INF Request delivered (in order). clSeqNr=351
15:19:28.131 INF Request delivered (in order). clSeqNr=352
15:19:28.131 INF Request delivered (in order). clSeqNr=353
15:19:28.131 INF Request finished (out of order). clSeqNr=354
15:19:28.131 INF Request delivered (in order). clSeqNr=354
15:19:28.131 INF Request delivered (in order). clSeqNr=355
15:19:28.131 INF Request delivered (in order). clSeqNr=356
15:19:28.131 INF Request delivered (in order). clSeqNr=357
15:19:28.131 INF Request delivered (in order). clSeqNr=358
15:19:28.131 INF Request delivered (in order). clSeqNr=359
15:19:28.131 INF Request delivered (in order). clSeqNr=360
15:19:28.131 INF Request delivered (in order). clSeqNr=361
15:19:28.131 INF Request delivered (in order). clSeqNr=362
15:19:28.131 INF Request delivered (in order). clSeqNr=363
15:19:28.131 INF Request delivered (in order). clSeqNr=364
15:19:28.131 INF Request delivered (in order). clSeqNr=365
15:19:28.131 INF Request delivered (in order). clSeqNr=366
15:19:28.131 INF Request delivered (in order). clSeqNr=367
15:19:28.131 INF Request delivered (in order). clSeqNr=368
15:19:28.131 INF Request delivered (in order). clSeqNr=369
15:19:28.131 INF Request delivered (in order). clSeqNr=370
15:19:28.131 INF Request delivered (in order). clSeqNr=371
15:19:28.131 INF Request delivered (in order). clSeqNr=372
15:19:28.131 INF Request delivered (in order). clSeqNr=373
15:19:28.131 INF Request delivered (in order). clSeqNr=374
15:19:28.131 INF Request delivered (in order). clSeqNr=375
15:19:28.131 INF Request delivered (in order). clSeqNr=376
15:19:28.131 INF Request delivered (in order). clSeqNr=377
15:19:28.131 INF Request delivered (in order). clSeqNr=378
15:19:28.131 INF Request delivered (in order). clSeqNr=379
15:19:28.131 INF Request delivered (in order). clSeqNr=380
15:19:28.131 INF Request delivered (in order). clSeqNr=381
15:19:28.131 INF Request delivered (in order). clSeqNr=382
15:19:28.131 INF Request delivered (in order). clSeqNr=383
15:19:28.131 INF Request delivered (in order). clSeqNr=384
15:19:28.131 INF Request delivered (in order). clSeqNr=385
15:19:28.131 INF Request delivered (in order). clSeqNr=386
15:19:28.131 INF Request delivered (in order). clSeqNr=387
15:19:28.131 INF Request delivered (in order). clSeqNr=388
15:19:28.131 INF Request delivered (in order). clSeqNr=389
15:19:28.131 INF Request delivered (in order). clSeqNr=390
15:19:28.131 INF Request delivered (in order). clSeqNr=391
15:19:28.131 INF Request delivered (in order). clSeqNr=392
15:19:28.131 INF Request delivered (in order). clSeqNr=393
15:19:28.131 INF Request delivered (in order). clSeqNr=394
15:19:28.131 INF Request delivered (in order). clSeqNr=395
15:19:28.131 INF Request delivered (in order). clSeqNr=396
15:19:28.131 INF Request delivered (in order). clSeqNr=397
15:19:28.132 INF Request delivered (in order). clSeqNr=398
15:19:28.132 INF Request delivered (in order). clSeqNr=399
15:19:28.132 INF Request delivered (in order). clSeqNr=400
15:19:28.132 INF Request delivered (in order). clSeqNr=401
15:19:28.132 INF Request delivered (in order). clSeqNr=402
15:19:28.132 INF Request delivered (in order). clSeqNr=403
15:19:28.132 INF Request delivered (in order). clSeqNr=404
15:19:28.132 INF Request delivered (in order). clSeqNr=405
15:19:28.132 INF Request delivered (in order). clSeqNr=406
15:19:28.132 INF Request delivered (in order). clSeqNr=407
15:19:28.132 INF Request delivered (in order). clSeqNr=408
15:19:28.132 INF Request delivered (in order). clSeqNr=409
15:19:28.132 INF Request delivered (in order). clSeqNr=410
15:19:28.132 INF Request delivered (in order). clSeqNr=411
15:19:28.132 INF Request delivered (in order). clSeqNr=412
15:19:28.132 INF Request delivered (in order). clSeqNr=413
15:19:28.132 INF Request delivered (in order). clSeqNr=414
15:19:28.132 INF Request delivered (in order). clSeqNr=415
15:19:28.132 INF Request delivered (in order). clSeqNr=416
15:19:28.132 INF Request delivered (in order). clSeqNr=417
15:19:28.132 INF Request delivered (in order). clSeqNr=418
15:19:28.132 INF Request delivered (in order). clSeqNr=419
15:19:28.132 INF Request delivered (in order). clSeqNr=420
15:19:28.132 INF Request delivered (in order). clSeqNr=421
15:19:28.132 INF Request delivered (in order). clSeqNr=422
15:19:28.132 INF Request delivered (in order). clSeqNr=423
15:19:28.132 INF Request delivered (in order). clSeqNr=424
15:19:28.132 INF Request delivered (in order). clSeqNr=425
15:19:28.132 INF Request delivered (in order). clSeqNr=426
15:19:28.132 INF Request delivered (in order). clSeqNr=427
15:19:28.132 INF Request delivered (in order). clSeqNr=428
15:19:28.132 INF Request delivered (in order). clSeqNr=429
15:19:28.132 INF Request delivered (in order). clSeqNr=430
15:19:28.132 INF Request delivered (in order). clSeqNr=431
15:19:28.132 INF Request delivered (in order). clSeqNr=432
15:19:28.132 INF Request delivered (in order). clSeqNr=433
15:19:28.132 INF Request delivered (in order). clSeqNr=434
15:19:28.132 INF Request delivered (in order). clSeqNr=435
15:19:28.132 INF Request delivered (in order). clSeqNr=436
15:19:28.132 INF Request delivered (in order). clSeqNr=437
15:19:28.132 INF Request delivered (in order). clSeqNr=438
15:19:28.132 INF Request delivered (in order). clSeqNr=439
15:19:28.132 INF Request delivered (in order). clSeqNr=440
15:19:28.132 INF Request delivered (in order). clSeqNr=441
15:19:28.132 INF Request delivered (in order). clSeqNr=442
15:19:28.132 INF Request delivered (in order). clSeqNr=443
15:19:28.132 INF Request delivered (in order). clSeqNr=444
15:19:28.132 INF Request delivered (in order). clSeqNr=445
15:19:28.132 INF Request delivered (in order). clSeqNr=446
15:19:28.132 INF Request delivered (in order). clSeqNr=447
15:19:28.132 INF Request delivered (in order). clSeqNr=448
15:19:28.132 INF Request delivered (in order). clSeqNr=449
15:19:28.132 INF Request delivered (in order). clSeqNr=450
15:19:28.132 INF Request delivered (in order). clSeqNr=451
15:19:28.132 INF Request delivered (in order). clSeqNr=452
15:19:28.132 INF Request delivered (in order). clSeqNr=453
15:19:28.132 INF Request delivered (in order). clSeqNr=454
15:19:28.133 INF Request delivered (in order). clSeqNr=455
15:19:28.133 INF Request delivered (in order). clSeqNr=456
15:19:28.133 INF Request delivered (in order). clSeqNr=457
15:19:28.133 INF Request delivered (in order). clSeqNr=458
15:19:28.133 INF Request delivered (in order). clSeqNr=459
15:19:28.133 INF Request delivered (in order). clSeqNr=460
15:19:28.133 INF Request delivered (in order). clSeqNr=461
15:19:28.133 INF Request delivered (in order). clSeqNr=462
15:19:28.133 INF Request delivered (in order). clSeqNr=463
15:19:28.133 INF Request delivered (in order). clSeqNr=464
15:19:28.133 INF Request delivered (in order). clSeqNr=465
15:19:28.133 INF Request delivered (in order). clSeqNr=466
15:19:28.133 INF Request delivered (in order). clSeqNr=467
15:19:28.133 INF Request delivered (in order). clSeqNr=468
15:19:28.133 INF Request delivered (in order). clSeqNr=469
15:19:28.133 INF Request delivered (in order). clSeqNr=470
15:19:28.133 INF Request delivered (in order). clSeqNr=471
15:19:28.133 INF Request delivered (in order). clSeqNr=472
15:19:28.133 INF Request delivered (in order). clSeqNr=473
15:19:28.133 INF Request delivered (in order). clSeqNr=474
15:19:28.133 INF Request delivered (in order). clSeqNr=475
15:19:28.133 INF Request delivered (in order). clSeqNr=476
15:19:28.133 INF Request delivered (in order). clSeqNr=477
15:19:28.133 INF Request delivered (in order). clSeqNr=478
15:19:28.133 INF Request delivered (in order). clSeqNr=479
15:19:28.133 INF Request delivered (in order). clSeqNr=480
15:19:28.133 INF Request delivered (in order). clSeqNr=481
15:19:28.133 INF Request delivered (in order). clSeqNr=482
15:19:28.133 INF Request delivered (in order). clSeqNr=483
15:19:28.133 INF Request delivered (in order). clSeqNr=484
15:19:28.133 INF Request delivered (in order). clSeqNr=485
15:19:28.133 INF Request delivered (in order). clSeqNr=486
15:19:28.133 INF Request delivered (in order). clSeqNr=487
15:19:28.133 INF Request delivered (in order). clSeqNr=488
15:19:28.133 INF Request delivered (in order). clSeqNr=489
15:19:28.133 INF Request delivered (in order). clSeqNr=490
15:19:28.133 INF Request delivered (in order). clSeqNr=491
15:19:28.133 INF Request delivered (in order). clSeqNr=492
15:19:28.133 INF Request delivered (in order). clSeqNr=493
15:19:28.133 INF Request delivered (in order). clSeqNr=494
15:19:28.133 INF Request delivered (in order). clSeqNr=495
15:19:28.133 INF Request delivered (in order). clSeqNr=496
15:19:28.133 INF Request delivered (in order). clSeqNr=497
15:19:28.133 INF Request delivered (in order). clSeqNr=498
15:19:28.133 INF Request delivered (in order). clSeqNr=499
15:19:28.133 INF Request delivered (in order). clSeqNr=500
15:19:28.133 INF Request delivered (in order). clSeqNr=501
15:19:28.133 INF Request delivered (in order). clSeqNr=502
15:19:28.133 INF Request delivered (in order). clSeqNr=503
15:19:28.133 INF Request delivered (in order). clSeqNr=504
15:19:28.133 INF Request delivered (in order). clSeqNr=505
15:19:28.133 INF Request delivered (in order). clSeqNr=506
15:19:28.133 INF Request delivered (in order). clSeqNr=507
15:19:28.133 INF Request delivered (in order). clSeqNr=508
15:19:28.133 INF Request delivered (in order). clSeqNr=509
15:19:28.133 INF Request delivered (in order). clSeqNr=510
15:19:28.133 INF Request delivered (in order). clSeqNr=511
15:19:28.133 INF Request delivered (in order). clSeqNr=512
15:19:28.133 INF Request delivered (in order). clSeqNr=513
15:19:28.133 INF Request delivered (in order). clSeqNr=514
15:19:28.133 INF Request delivered (in order). clSeqNr=515
15:19:28.133 INF Request delivered (in order). clSeqNr=516
15:19:28.133 INF Request delivered (in order). clSeqNr=517
15:19:28.133 INF Request delivered (in order). clSeqNr=518
15:19:28.133 INF Request delivered (in order). clSeqNr=519
15:19:28.133 INF Request delivered (in order). clSeqNr=520
15:19:28.133 INF Request delivered (in order). clSeqNr=521
15:19:28.133 INF Request delivered (in order). clSeqNr=522
15:19:28.133 INF Request delivered (in order). clSeqNr=523
15:19:28.134 INF Request delivered (in order). clSeqNr=524
15:19:28.134 INF Request delivered (in order). clSeqNr=525
15:19:28.134 INF Request delivered (in order). clSeqNr=526
15:19:28.134 INF Request delivered (in order). clSeqNr=527
15:19:28.134 INF Request delivered (in order). clSeqNr=528
15:19:28.134 INF Request delivered (in order). clSeqNr=529
15:19:28.134 INF Request finished (out of order). clSeqNr=883
15:19:28.134 INF Request finished (out of order). clSeqNr=899
15:19:28.134 INF Request finished (out of order). clSeqNr=915
15:19:28.134 INF Submitted request. clSeqNr=2962
15:19:28.134 INF Request finished (out of order). clSeqNr=931
15:19:28.134 INF Request finished (out of order). clSeqNr=947
15:19:28.134 INF Request finished (out of order). clSeqNr=963
15:19:28.135 INF Submitted request. clSeqNr=2963
15:19:28.136 INF Request finished (out of order). clSeqNr=979
15:19:28.136 INF Request finished (out of order). clSeqNr=995
15:19:28.136 INF Request finished (out of order). clSeqNr=755
15:19:28.136 INF Request finished (out of order). clSeqNr=771
15:19:28.136 INF Request finished (out of order). clSeqNr=787
15:19:28.136 INF Request finished (out of order). clSeqNr=803
15:19:28.136 INF Request finished (out of order). clSeqNr=819
15:19:28.136 INF Request finished (out of order). clSeqNr=835
15:19:28.136 INF Request finished (out of order). clSeqNr=851
15:19:28.136 INF Request finished (out of order). clSeqNr=867
15:19:28.136 INF Request finished (out of order). clSeqNr=884
15:19:28.136 INF Request finished (out of order). clSeqNr=900
15:19:28.139 INF Request finished (out of order). clSeqNr=916
15:19:28.139 INF Request finished (out of order). clSeqNr=932
15:19:28.139 INF Request finished (out of order). clSeqNr=948
15:19:28.139 INF Request finished (out of order). clSeqNr=964
15:19:28.139 INF Request finished (out of order). clSeqNr=980
15:19:28.139 INF Request finished (out of order). clSeqNr=996
15:19:28.139 INF Request finished (out of order). clSeqNr=756
15:19:28.139 INF Request finished (out of order). clSeqNr=772
15:19:28.139 INF Request finished (out of order). clSeqNr=788
15:19:28.139 INF Submitted request. clSeqNr=2964
15:19:28.143 INF Submitted request. clSeqNr=2965
15:19:28.146 INF Request finished (out of order). clSeqNr=804
15:19:28.146 INF Request finished (out of order). clSeqNr=820
15:19:28.146 INF Request finished (out of order). clSeqNr=836
15:19:28.146 INF Request finished (out of order). clSeqNr=852
15:19:28.146 INF Request finished (out of order). clSeqNr=868
15:19:28.146 INF Request finished (out of order). clSeqNr=885
15:19:28.146 INF Request finished (out of order). clSeqNr=901
15:19:28.146 INF Request finished (out of order). clSeqNr=917
15:19:28.146 INF Request finished (out of order). clSeqNr=933
15:19:28.146 INF Request finished (out of order). clSeqNr=949
15:19:28.146 INF Request finished (out of order). clSeqNr=965
15:19:28.146 INF Request finished (out of order). clSeqNr=981
15:19:28.146 INF Request finished (out of order). clSeqNr=997
15:19:28.146 INF Request finished (out of order). clSeqNr=757
15:19:28.146 INF Request finished (out of order). clSeqNr=773
15:19:28.146 INF Request finished (out of order). clSeqNr=789
15:19:28.146 INF Request finished (out of order). clSeqNr=805
15:19:28.146 INF Request finished (out of order). clSeqNr=821
15:19:28.146 INF Request finished (out of order). clSeqNr=837
15:19:28.146 INF Request finished (out of order). clSeqNr=853
15:19:28.146 INF Request finished (out of order). clSeqNr=869
15:19:28.146 INF Submitted request. clSeqNr=2966
15:19:28.150 INF Submitted request. clSeqNr=2967
15:19:28.154 INF Submitted request. clSeqNr=2968
15:19:28.157 INF Submitted request. clSeqNr=2969
15:19:28.161 INF Submitted request. clSeqNr=2970
15:19:28.165 INF Submitted request. clSeqNr=2971
15:19:28.168 INF Submitted request. clSeqNr=2972
15:19:28.172 INF Submitted request. clSeqNr=2973
15:19:28.176 INF Submitted request. clSeqNr=2974
15:19:28.180 INF Submitted request. clSeqNr=2975
15:19:28.183 INF Submitted request. clSeqNr=2976
15:19:28.187 INF Submitted request. clSeqNr=2977
15:19:28.191 INF Submitted request. clSeqNr=2978
15:19:28.194 INF Submitted request. clSeqNr=2979
15:19:28.198 INF Submitted request. clSeqNr=2980
15:19:28.202 INF Submitted request. clSeqNr=2981
15:19:28.205 INF Submitted request. clSeqNr=2982
15:19:28.209 INF Submitted request. clSeqNr=2983
15:19:28.212 INF Submitted request. clSeqNr=2984
15:19:28.216 INF Submitted request. clSeqNr=2985
15:19:28.220 INF Submitted request. clSeqNr=2986
15:19:28.223 INF Submitted request. clSeqNr=2987
15:19:28.227 INF Submitted request. clSeqNr=2988
15:19:28.231 INF Submitted request. clSeqNr=2989
15:19:28.234 INF Submitted request. clSeqNr=2990
15:19:28.238 INF Submitted request. clSeqNr=2991
15:19:28.242 INF Submitted request. clSeqNr=2992
15:19:28.245 INF Submitted request. clSeqNr=2993
15:19:28.249 INF Submitted request. clSeqNr=2994
15:19:28.253 INF Submitted request. clSeqNr=2995
15:19:28.256 INF Submitted request. clSeqNr=2996
15:19:28.260 INF Submitted request. clSeqNr=2997
15:19:28.264 INF Submitted request. clSeqNr=2998
15:19:28.267 INF Submitted request. clSeqNr=2999
15:19:28.271 INF Submitted request. clSeqNr=3000
15:19:28.274 INF Submitted request. clSeqNr=3001
15:19:28.278 INF Submitted request. clSeqNr=3002
15:19:28.282 INF Submitted request. clSeqNr=3003
15:19:28.286 INF Submitted request. clSeqNr=3004
15:19:28.289 INF Submitted request. clSeqNr=3005
15:19:28.293 INF Submitted request. clSeqNr=3006
15:19:28.297 INF Submitted request. clSeqNr=3007
15:19:28.300 INF Submitted request. clSeqNr=3008
15:19:28.304 INF Submitted request. clSeqNr=3009
15:19:28.308 INF Submitted request. clSeqNr=3010
15:19:28.311 INF Submitted request. clSeqNr=3011
15:19:28.315 INF Submitted request. clSeqNr=3012
15:19:28.319 INF Submitted request. clSeqNr=3013
15:19:28.323 INF Submitted request. clSeqNr=3014
15:19:28.326 INF Submitted request. clSeqNr=3015
15:19:28.330 INF Submitted request. clSeqNr=3016
15:19:28.333 INF Submitted request. clSeqNr=3017
15:19:28.337 INF Submitted request. clSeqNr=3018
15:19:28.341 INF Submitted request. clSeqNr=3019
15:19:28.344 INF Submitted request. clSeqNr=3020
15:19:28.348 INF Submitted request. clSeqNr=3021
15:19:28.352 INF Submitted request. clSeqNr=3022
15:19:28.355 INF Submitted request. clSeqNr=3023
15:19:28.359 INF Submitted request. clSeqNr=3024
15:19:28.362 INF Submitted request. clSeqNr=3025
15:19:28.366 INF Submitted request. clSeqNr=3026
15:19:28.370 INF Submitted request. clSeqNr=3027
15:19:28.373 INF Submitted request. clSeqNr=3028
15:19:28.377 INF Submitted request. clSeqNr=3029
15:19:28.381 INF Submitted request. clSeqNr=3030
15:19:28.384 INF Submitted request. clSeqNr=3031
15:19:28.388 INF Submitted request. clSeqNr=3032
15:19:28.392 INF Submitted request. clSeqNr=3033
15:19:28.395 INF Submitted request. clSeqNr=3034
15:19:28.399 INF Submitted request. clSeqNr=3035
15:19:28.403 INF Submitted request. clSeqNr=3036
15:19:28.406 INF Submitted request. clSeqNr=3037
15:19:28.410 INF Submitted request. clSeqNr=3038
15:19:28.414 INF Submitted request. clSeqNr=3039
15:19:28.418 INF Submitted request. clSeqNr=3040
15:19:28.421 INF Submitted request. clSeqNr=3041
15:19:28.425 INF Submitted request. clSeqNr=3042
15:19:28.428 INF Submitted request. clSeqNr=3043
15:19:28.432 INF Submitted request. clSeqNr=3044
15:19:28.436 INF Submitted request. clSeqNr=3045
15:19:28.439 INF Submitted request. clSeqNr=3046
15:19:28.443 INF Submitted request. clSeqNr=3047
15:19:28.447 INF Submitted request. clSeqNr=3048
15:19:28.450 INF Submitted request. clSeqNr=3049
15:19:28.454 INF Submitted request. clSeqNr=3050
15:19:28.458 INF Submitted request. clSeqNr=3051
15:19:28.461 INF Submitted request. clSeqNr=3052
15:19:28.465 INF Submitted request. clSeqNr=3053
15:19:28.469 INF Submitted request. clSeqNr=3054
15:19:28.472 INF Submitted request. clSeqNr=3055
15:19:28.476 INF Submitted request. clSeqNr=3056
15:19:28.480 INF Submitted request. clSeqNr=3057
15:19:28.483 INF Submitted request. clSeqNr=3058
15:19:28.487 INF Submitted request. clSeqNr=3059
15:19:28.491 INF Submitted request. clSeqNr=3060
15:19:28.494 INF Submitted request. clSeqNr=3061
15:19:28.498 INF Submitted request. clSeqNr=3062
15:19:28.502 INF Submitted request. clSeqNr=3063
15:19:28.506 INF Submitted request. clSeqNr=3064
15:19:28.509 INF Submitted request. clSeqNr=3065
15:19:28.513 INF Submitted request. clSeqNr=3066
15:19:28.516 INF Submitted request. clSeqNr=3067
15:19:28.520 INF Submitted request. clSeqNr=3068
15:19:28.524 INF Submitted request. clSeqNr=3069
15:19:28.528 INF Submitted request. clSeqNr=3070
15:19:28.531 INF Submitted request. clSeqNr=3071
15:19:28.535 INF Submitted request. clSeqNr=3072
15:19:28.538 INF Submitted request. clSeqNr=3073
15:19:28.542 INF Submitted request. clSeqNr=3074
15:19:28.546 INF Submitted request. clSeqNr=3075
15:19:28.549 INF Submitted request. clSeqNr=3076
15:19:28.553 INF Submitted request. clSeqNr=3077
15:19:28.557 INF Submitted request. clSeqNr=3078
15:19:28.560 INF Submitted request. clSeqNr=3079
15:19:28.564 INF Submitted request. clSeqNr=3080
15:19:28.568 INF Submitted request. clSeqNr=3081
15:19:28.571 INF Submitted request. clSeqNr=3082
15:19:28.575 INF Submitted request. clSeqNr=3083
15:19:28.579 INF Submitted request. clSeqNr=3084
15:19:28.582 INF Submitted request. clSeqNr=3085
15:19:28.586 INF Submitted request. clSeqNr=3086
15:19:28.590 INF Submitted request. clSeqNr=3087
15:19:28.594 INF Submitted request. clSeqNr=3088
15:19:28.597 INF Submitted request. clSeqNr=3089
15:19:28.601 INF Submitted request. clSeqNr=3090
15:19:28.604 INF Submitted request. clSeqNr=3091
15:19:28.609 INF Submitted request. clSeqNr=3092
15:19:28.613 INF Submitted request. clSeqNr=3093
15:19:28.615 INF Submitted request. clSeqNr=3094
15:19:28.619 INF Submitted request. clSeqNr=3095
15:19:28.623 INF Submitted request. clSeqNr=3096
15:19:28.626 INF Submitted request. clSeqNr=3097
15:19:28.631 INF Submitted request. clSeqNr=3098
15:19:28.634 INF Submitted request. clSeqNr=3099
15:19:28.638 INF Submitted request. clSeqNr=3100
15:19:28.642 INF Submitted request. clSeqNr=3101
15:19:28.645 INF Submitted request. clSeqNr=3102
15:19:28.648 INF Submitted request. clSeqNr=3103
15:19:28.652 INF Submitted request. clSeqNr=3104
15:19:28.656 INF Submitted request. clSeqNr=3105
15:19:28.660 INF Submitted request. clSeqNr=3106
15:19:28.663 INF Submitted request. clSeqNr=3107
15:19:28.666 INF Submitted request. clSeqNr=3108
15:19:28.671 INF Submitted request. clSeqNr=3109
15:19:28.675 INF Submitted request. clSeqNr=3110
15:19:28.678 INF Submitted request. clSeqNr=3111
15:19:28.681 INF Submitted request. clSeqNr=3112
15:19:28.685 INF Submitted request. clSeqNr=3113
15:19:28.688 INF Submitted request. clSeqNr=3114
15:19:28.692 INF Submitted request. clSeqNr=3115
15:19:28.696 INF Submitted request. clSeqNr=3116
15:19:28.699 INF Submitted request. clSeqNr=3117
15:19:28.703 INF Submitted request. clSeqNr=3118
15:19:28.707 INF Submitted request. clSeqNr=3119
15:19:28.710 INF Submitted request. clSeqNr=3120
15:19:28.714 INF Submitted request. clSeqNr=3121
15:19:28.718 INF Submitted request. clSeqNr=3122
15:19:28.722 INF Submitted request. clSeqNr=3123
15:19:28.725 INF Submitted request. clSeqNr=3124
15:19:28.729 INF Submitted request. clSeqNr=3125
15:19:28.732 INF Submitted request. clSeqNr=3126
15:19:28.736 INF Submitted request. clSeqNr=3127
15:19:28.741 INF Submitted request. clSeqNr=3128
15:19:28.744 INF Submitted request. clSeqNr=3129
15:19:28.748 INF Submitted request. clSeqNr=3130
15:19:28.751 INF Submitted request. clSeqNr=3131
15:19:28.755 INF Submitted request. clSeqNr=3132
15:19:28.759 INF Submitted request. clSeqNr=3133
15:19:28.762 INF Submitted request. clSeqNr=3134
15:19:28.765 INF Submitted request. clSeqNr=3135
15:19:28.769 INF Submitted request. clSeqNr=3136
15:19:28.773 INF Submitted request. clSeqNr=3137
15:19:28.777 INF Submitted request. clSeqNr=3138
15:19:28.781 INF Submitted request. clSeqNr=3139
15:19:28.784 INF Submitted request. clSeqNr=3140
15:19:28.788 INF Submitted request. clSeqNr=3141
15:19:28.791 INF Submitted request. clSeqNr=3142
15:19:28.795 INF Submitted request. clSeqNr=3143
15:19:28.799 INF Submitted request. clSeqNr=3144
15:19:28.802 INF Submitted request. clSeqNr=3145
15:19:28.806 INF Submitted request. clSeqNr=3146
15:19:28.809 INF Submitted request. clSeqNr=3147
15:19:28.813 INF Submitted request. clSeqNr=3148
15:19:28.817 INF Submitted request. clSeqNr=3149
15:19:28.820 INF Submitted request. clSeqNr=3150
15:19:28.824 INF Submitted request. clSeqNr=3151
15:19:28.828 INF Submitted request. clSeqNr=3152
15:19:28.831 INF Submitted request. clSeqNr=3153
15:19:28.835 INF Submitted request. clSeqNr=3154
15:19:28.839 INF Submitted request. clSeqNr=3155
15:19:28.842 INF Submitted request. clSeqNr=3156
15:19:28.846 INF Submitted request. clSeqNr=3157
15:19:28.850 INF Submitted request. clSeqNr=3158
15:19:28.853 INF Submitted request. clSeqNr=3159
15:19:28.857 INF Submitted request. clSeqNr=3160
15:19:28.861 INF Submitted request. clSeqNr=3161
15:19:28.864 INF Submitted request. clSeqNr=3162
15:19:28.868 INF Submitted request. clSeqNr=3163
15:19:28.872 INF Submitted request. clSeqNr=3164
15:19:28.875 INF Submitted request. clSeqNr=3165
15:19:28.880 INF Submitted request. clSeqNr=3166
15:19:28.883 INF Submitted request. clSeqNr=3167
15:19:28.887 INF Submitted request. clSeqNr=3168
15:19:28.890 INF Submitted request. clSeqNr=3169
15:19:28.894 INF Submitted request. clSeqNr=3170
15:19:28.897 INF Submitted request. clSeqNr=3171
15:19:28.901 INF Submitted request. clSeqNr=3172
15:19:28.905 INF Submitted request. clSeqNr=3173
15:19:28.908 INF Submitted request. clSeqNr=3174
15:19:28.912 INF Submitted request. clSeqNr=3175
15:19:28.916 INF Submitted request. clSeqNr=3176
15:19:28.919 INF Submitted request. clSeqNr=3177
15:19:28.923 INF Submitted request. clSeqNr=3178
15:19:28.927 INF Submitted request. clSeqNr=3179
15:19:28.930 INF Submitted request. clSeqNr=3180
15:19:28.934 INF Submitted request. clSeqNr=3181
15:19:28.938 INF Submitted request. clSeqNr=3182
15:19:28.941 INF Submitted request. clSeqNr=3183
15:19:28.945 INF Submitted request. clSeqNr=3184
15:19:28.949 INF Submitted request. clSeqNr=3185
15:19:28.953 INF Submitted request. clSeqNr=3186
15:19:28.956 INF Submitted request. clSeqNr=3187
15:19:28.960 INF Submitted request. clSeqNr=3188
15:19:28.964 INF Submitted request. clSeqNr=3189
15:19:28.967 INF Submitted request. clSeqNr=3190
15:19:28.971 INF Submitted request. clSeqNr=3191
15:19:28.975 INF Submitted request. clSeqNr=3192
15:19:28.978 INF Submitted request. clSeqNr=3193
15:19:28.981 INF Submitted request. clSeqNr=3194
15:19:28.985 INF Submitted request. clSeqNr=3195
15:19:28.989 INF Submitted request. clSeqNr=3196
15:19:28.993 INF Submitted request. clSeqNr=3197
15:19:28.997 INF Submitted request. clSeqNr=3198
15:19:29.000 INF Submitted request. clSeqNr=3199
15:19:29.004 INF Submitted request. clSeqNr=3200
15:19:29.007 INF Submitted request. clSeqNr=3201
15:19:29.011 INF Submitted request. clSeqNr=3202
15:19:29.014 INF Submitted request. clSeqNr=3203
15:19:29.019 INF Submitted request. clSeqNr=3204
15:19:29.022 INF Submitted request. clSeqNr=3205
15:19:29.025 INF Submitted request. clSeqNr=3206
15:19:29.030 INF Submitted request. clSeqNr=3207
15:19:29.033 INF Submitted request. clSeqNr=3208
15:19:29.036 INF Submitted request. clSeqNr=3209
15:19:29.041 INF Submitted request. clSeqNr=3210
15:19:29.044 INF Submitted request. clSeqNr=3211
15:19:29.047 INF Submitted request. clSeqNr=3212
15:19:29.051 INF Submitted request. clSeqNr=3213
15:19:29.055 INF Submitted request. clSeqNr=3214
15:19:29.058 INF Submitted request. clSeqNr=3215
15:19:29.063 INF Submitted request. clSeqNr=3216
15:19:29.066 INF Submitted request. clSeqNr=3217
15:19:29.069 INF Submitted request. clSeqNr=3218
15:19:29.073 INF Submitted request. clSeqNr=3219
15:19:29.077 INF Submitted request. clSeqNr=3220
15:19:29.080 INF Submitted request. clSeqNr=3221
15:19:29.084 INF Submitted request. clSeqNr=3222
15:19:29.088 INF Submitted request. clSeqNr=3223
15:19:29.089 INF Request finished (out of order). clSeqNr=886
15:19:29.089 INF Request finished (out of order). clSeqNr=902
15:19:29.089 INF Request finished (out of order). clSeqNr=918
15:19:29.089 INF Request finished (out of order). clSeqNr=934
15:19:29.089 INF Request finished (out of order). clSeqNr=950
15:19:29.089 INF Request finished (out of order). clSeqNr=966
15:19:29.089 INF Request finished (out of order). clSeqNr=982
15:19:29.089 INF Request finished (out of order). clSeqNr=998
15:19:29.089 INF Request finished (out of order). clSeqNr=758
15:19:29.089 INF Request finished (out of order). clSeqNr=774
15:19:29.089 INF Request finished (out of order). clSeqNr=790
15:19:29.089 INF Request finished (out of order). clSeqNr=806
15:19:29.089 INF Request finished (out of order). clSeqNr=822
15:19:29.089 INF Request finished (out of order). clSeqNr=838
15:19:29.089 INF Request finished (out of order). clSeqNr=854
15:19:29.089 INF Request finished (out of order). clSeqNr=870
15:19:29.091 INF Submitted request. clSeqNr=3224
15:19:29.095 INF Submitted request. clSeqNr=3225
15:19:29.099 INF Submitted request. clSeqNr=3226
15:19:29.103 INF Submitted request. clSeqNr=3227
15:19:29.104 INF Request finished (out of order). clSeqNr=887
15:19:29.105 INF Request finished (out of order). clSeqNr=903
15:19:29.105 INF Request finished (out of order). clSeqNr=919
15:19:29.106 INF Request finished (out of order). clSeqNr=935
15:19:29.106 INF Submitted request. clSeqNr=3228
15:19:29.107 INF Request finished (out of order). clSeqNr=951
15:19:29.107 INF Request finished (out of order). clSeqNr=967
15:19:29.108 INF Request finished (out of order). clSeqNr=983
15:19:29.109 INF Request finished (out of order). clSeqNr=999
15:19:29.109 INF Request finished (out of order). clSeqNr=759
15:19:29.109 INF Request finished (out of order). clSeqNr=775
15:19:29.110 INF Request finished (out of order). clSeqNr=791
15:19:29.110 INF Submitted request. clSeqNr=3229
15:19:29.110 INF Request finished (out of order). clSeqNr=807
15:19:29.111 INF Request finished (out of order). clSeqNr=823
15:19:29.111 INF Request finished (out of order). clSeqNr=839
15:19:29.112 INF Request finished (out of order). clSeqNr=855
15:19:29.113 INF Request finished (out of order). clSeqNr=871
15:19:29.113 INF Submitted request. clSeqNr=3230
15:19:29.117 INF Submitted request. clSeqNr=3231
15:19:29.121 INF Submitted request. clSeqNr=3232
15:19:29.124 INF Submitted request. clSeqNr=3233
15:19:29.128 INF Submitted request. clSeqNr=3234
15:19:29.132 INF Submitted request. clSeqNr=3235
15:19:29.135 INF Submitted request. clSeqNr=3236
15:19:29.139 INF Submitted request. clSeqNr=3237
15:19:29.143 INF Submitted request. clSeqNr=3238
15:19:29.147 INF Submitted request. clSeqNr=3239
15:19:29.150 INF Submitted request. clSeqNr=3240
15:19:29.154 INF Submitted request. clSeqNr=3241
15:19:29.157 INF Submitted request. clSeqNr=3242
15:19:29.161 INF Submitted request. clSeqNr=3243
15:19:29.165 INF Submitted request. clSeqNr=3244
15:19:29.168 INF Submitted request. clSeqNr=3245
15:19:29.172 INF Submitted request. clSeqNr=3246
15:19:29.176 INF Submitted request. clSeqNr=3247
15:19:29.179 INF Submitted request. clSeqNr=3248
15:19:29.183 INF Submitted request. clSeqNr=3249
15:19:29.187 INF Submitted request. clSeqNr=3250
15:19:29.191 INF Submitted request. clSeqNr=3251
15:19:29.194 INF Submitted request. clSeqNr=3252
15:19:29.198 INF Submitted request. clSeqNr=3253
15:19:29.202 INF Submitted request. clSeqNr=3254
15:19:29.205 INF Submitted request. clSeqNr=3255
15:19:29.209 INF Submitted request. clSeqNr=3256
15:19:29.212 INF Submitted request. clSeqNr=3257
15:19:29.217 INF Submitted request. clSeqNr=3258
15:19:29.220 INF Submitted request. clSeqNr=3259
15:19:29.223 INF Submitted request. clSeqNr=3260
15:19:29.227 INF Submitted request. clSeqNr=3261
15:19:29.231 INF Submitted request. clSeqNr=3262
15:19:29.234 INF Submitted request. clSeqNr=3263
15:19:29.238 INF Submitted request. clSeqNr=3264
15:19:29.242 INF Submitted request. clSeqNr=3265
15:19:29.246 INF Submitted request. clSeqNr=3266
15:19:29.249 INF Submitted request. clSeqNr=3267
15:19:29.253 INF Submitted request. clSeqNr=3268
15:19:29.257 INF Submitted request. clSeqNr=3269
15:19:29.260 INF Submitted request. clSeqNr=3270
15:19:29.264 INF Submitted request. clSeqNr=3271
15:19:29.267 INF Submitted request. clSeqNr=3272
15:19:29.271 INF Submitted request. clSeqNr=3273
15:19:29.275 INF Submitted request. clSeqNr=3274
15:19:29.278 INF Submitted request. clSeqNr=3275
15:19:29.282 INF Submitted request. clSeqNr=3276
15:19:29.286 INF Submitted request. clSeqNr=3277
15:19:29.289 INF Submitted request. clSeqNr=3278
15:19:29.293 INF Submitted request. clSeqNr=3279
15:19:29.296 INF Submitted request. clSeqNr=3280
15:19:29.300 INF Submitted request. clSeqNr=3281
15:19:29.304 INF Submitted request. clSeqNr=3282
15:19:29.308 INF Submitted request. clSeqNr=3283
15:19:29.311 INF Submitted request. clSeqNr=3284
15:19:29.315 INF Submitted request. clSeqNr=3285
15:19:29.318 INF Submitted request. clSeqNr=3286
15:19:29.322 INF Submitted request. clSeqNr=3287
15:19:29.326 INF Submitted request. clSeqNr=3288
15:19:29.329 INF Submitted request. clSeqNr=3289
15:19:29.332 INF Request finished (out of order). clSeqNr=888
15:19:29.332 INF Request finished (out of order). clSeqNr=904
15:19:29.333 INF Request finished (out of order). clSeqNr=920
15:19:29.333 INF Submitted request. clSeqNr=3290
15:19:29.333 INF Request finished (out of order). clSeqNr=936
15:19:29.334 INF Request finished (out of order). clSeqNr=952
15:19:29.335 INF Request finished (out of order). clSeqNr=968
15:19:29.335 INF Request finished (out of order). clSeqNr=984
15:19:29.336 INF Request finished (out of order). clSeqNr=1000
15:19:29.336 INF Request finished (out of order). clSeqNr=760
15:19:29.337 INF Request finished (out of order). clSeqNr=776
15:19:29.337 INF Submitted request. clSeqNr=3291
15:19:29.337 INF Request finished (out of order). clSeqNr=792
15:19:29.338 INF Request finished (out of order). clSeqNr=808
15:19:29.338 INF Request finished (out of order). clSeqNr=824
15:19:29.339 INF Request finished (out of order). clSeqNr=840
15:19:29.340 INF Request finished (out of order). clSeqNr=856
15:19:29.340 INF Submitted request. clSeqNr=3292
15:19:29.341 INF Request finished (out of order). clSeqNr=872
15:19:29.341 INF Request finished (out of order). clSeqNr=889
15:19:29.342 INF Request finished (out of order). clSeqNr=905
15:19:29.342 INF Request finished (out of order). clSeqNr=921
15:19:29.343 INF Request finished (out of order). clSeqNr=937
15:19:29.344 INF Request finished (out of order). clSeqNr=953
15:19:29.344 INF Submitted request. clSeqNr=3293
15:19:29.344 INF Request finished (out of order). clSeqNr=969
15:19:29.345 INF Request finished (out of order). clSeqNr=985
15:19:29.346 INF Request finished (out of order). clSeqNr=1001
15:19:29.346 INF Request finished (out of order). clSeqNr=761
15:19:29.346 INF Request finished (out of order). clSeqNr=777
15:19:29.347 INF Request finished (out of order). clSeqNr=793
15:19:29.347 INF Request finished (out of order). clSeqNr=809
15:19:29.348 INF Submitted request. clSeqNr=3294
15:19:29.348 INF Request finished (out of order). clSeqNr=825
15:19:29.349 INF Request finished (out of order). clSeqNr=841
15:19:29.349 INF Request finished (out of order). clSeqNr=857
15:19:29.350 INF Request finished (out of order). clSeqNr=873
15:19:29.350 INF Request finished (out of order). clSeqNr=890
15:19:29.351 INF Request finished (out of order). clSeqNr=906
15:19:29.351 INF Request finished (out of order). clSeqNr=922
15:19:29.351 INF Submitted request. clSeqNr=3295
15:19:29.352 INF Request finished (out of order). clSeqNr=938
15:19:29.352 INF Request finished (out of order). clSeqNr=954
15:19:29.353 INF Request finished (out of order). clSeqNr=970
15:19:29.354 INF Request finished (out of order). clSeqNr=986
15:19:29.354 INF Request finished (out of order). clSeqNr=1002
15:19:29.355 INF Request finished (out of order). clSeqNr=1018
15:19:29.355 INF Submitted request. clSeqNr=3296
15:19:29.355 INF Request finished (out of order). clSeqNr=1034
15:19:29.355 INF Request finished (out of order). clSeqNr=794
15:19:29.356 INF Request finished (out of order). clSeqNr=810
15:19:29.357 INF Request finished (out of order). clSeqNr=826
15:19:29.357 INF Request finished (out of order). clSeqNr=842
15:19:29.358 INF Request finished (out of order). clSeqNr=858
15:19:29.358 INF Request finished (out of order). clSeqNr=874
15:19:29.359 INF Submitted request. clSeqNr=3297
15:19:29.359 INF Request finished (out of order). clSeqNr=891
15:19:29.359 INF Request finished (out of order). clSeqNr=907
15:19:29.360 INF Request finished (out of order). clSeqNr=923
15:19:29.361 INF Request finished (out of order). clSeqNr=939
15:19:29.361 INF Request finished (out of order). clSeqNr=955
15:19:29.362 INF Request finished (out of order). clSeqNr=971
15:19:29.362 INF Submitted request. clSeqNr=3298
15:19:29.363 INF Request finished (out of order). clSeqNr=987
15:19:29.363 INF Request finished (out of order). clSeqNr=1003
15:19:29.364 INF Request finished (out of order). clSeqNr=1019
15:19:29.365 INF Request finished (out of order). clSeqNr=1035
15:19:29.365 INF Request finished (out of order). clSeqNr=795
15:19:29.365 INF Request finished (out of order). clSeqNr=811
15:19:29.366 INF Submitted request. clSeqNr=3299
15:19:29.366 INF Request finished (out of order). clSeqNr=827
15:19:29.367 INF Request finished (out of order). clSeqNr=843
15:19:29.367 INF Request finished (out of order). clSeqNr=859
15:19:29.368 INF Request finished (out of order). clSeqNr=875
15:19:29.369 INF Request finished (out of order). clSeqNr=892
15:19:29.369 INF Request finished (out of order). clSeqNr=908
15:19:29.370 INF Request finished (out of order). clSeqNr=924
15:19:29.370 INF Submitted request. clSeqNr=3300
15:19:29.373 INF Request finished (out of order). clSeqNr=940
15:19:29.373 INF Request finished (out of order). clSeqNr=956
15:19:29.373 INF Submitted request. clSeqNr=3301
15:19:29.374 INF Request finished (out of order). clSeqNr=972
15:19:29.374 INF Request finished (out of order). clSeqNr=988
15:19:29.375 INF Request finished (out of order). clSeqNr=1004
15:19:29.377 INF Submitted request. clSeqNr=3302
15:19:29.378 INF Request finished (out of order). clSeqNr=1020
15:19:29.378 INF Request finished (out of order). clSeqNr=1036
15:19:29.378 INF Request finished (out of order). clSeqNr=796
15:19:29.378 INF Request finished (out of order). clSeqNr=812
15:19:29.378 INF Request finished (out of order). clSeqNr=828
15:19:29.378 INF Request finished (out of order). clSeqNr=844
15:19:29.379 INF Request finished (out of order). clSeqNr=860
15:19:29.379 INF Request finished (out of order). clSeqNr=876
15:19:29.379 INF Request finished (out of order). clSeqNr=893
15:19:29.379 INF Request finished (out of order). clSeqNr=909
15:19:29.379 INF Request finished (out of order). clSeqNr=925
15:19:29.381 INF Submitted request. clSeqNr=3303
15:19:29.382 INF Request finished (out of order). clSeqNr=941
15:19:29.384 INF Submitted request. clSeqNr=3304
15:19:29.388 INF Submitted request. clSeqNr=3305
15:19:29.392 INF Submitted request. clSeqNr=3306
15:19:29.395 INF Submitted request. clSeqNr=3307
15:19:29.399 INF Submitted request. clSeqNr=3308
15:19:29.403 INF Submitted request. clSeqNr=3309
15:19:29.406 INF Submitted request. clSeqNr=3310
15:19:29.410 INF Submitted request. clSeqNr=3311
15:19:29.414 INF Submitted request. clSeqNr=3312
15:19:29.418 INF Submitted request. clSeqNr=3313
15:19:29.421 INF Submitted request. clSeqNr=3314
15:19:29.425 INF Submitted request. clSeqNr=3315
15:19:29.428 INF Submitted request. clSeqNr=3316
15:19:29.431 INF Request finished (out of order). clSeqNr=957
15:19:29.431 INF Request finished (out of order). clSeqNr=973
15:19:29.432 INF Submitted request. clSeqNr=3317
15:19:29.432 INF Request finished (out of order). clSeqNr=989
15:19:29.432 INF Request finished (out of order). clSeqNr=1005
15:19:29.432 INF Request finished (out of order). clSeqNr=1021
15:19:29.434 INF Request finished (out of order). clSeqNr=1037
15:19:29.434 INF Request finished (out of order). clSeqNr=797
15:19:29.434 INF Request finished (out of order). clSeqNr=813
15:19:29.434 INF Request finished (out of order). clSeqNr=829
15:19:29.436 INF Submitted request. clSeqNr=3318
15:19:29.440 INF Submitted request. clSeqNr=3319
15:19:29.443 INF Submitted request. clSeqNr=3320
15:19:29.447 INF Submitted request. clSeqNr=3321
15:19:29.450 INF Submitted request. clSeqNr=3322
15:19:29.454 INF Submitted request. clSeqNr=3323
15:19:29.456 INF Request finished (out of order). clSeqNr=845
15:19:29.456 INF Request finished (out of order). clSeqNr=861
15:19:29.456 INF Request finished (out of order). clSeqNr=877
15:19:29.456 INF Request finished (out of order). clSeqNr=894
15:19:29.456 INF Request finished (out of order). clSeqNr=910
15:19:29.456 INF Request finished (out of order). clSeqNr=926
15:19:29.456 INF Request finished (out of order). clSeqNr=942
15:19:29.456 INF Request finished (out of order). clSeqNr=958
15:19:29.456 INF Request finished (out of order). clSeqNr=974
15:19:29.456 INF Request finished (out of order). clSeqNr=990
15:19:29.456 INF Request finished (out of order). clSeqNr=1006
15:19:29.456 INF Request finished (out of order). clSeqNr=1022
15:19:29.456 INF Request finished (out of order). clSeqNr=782
15:19:29.456 INF Request finished (out of order). clSeqNr=798
15:19:29.456 INF Request finished (out of order). clSeqNr=814
15:19:29.456 INF Request finished (out of order). clSeqNr=830
15:19:29.456 INF Request finished (out of order). clSeqNr=846
15:19:29.456 INF Request finished (out of order). clSeqNr=862
15:19:29.456 INF Request finished (out of order). clSeqNr=878
15:19:29.456 INF Request finished (out of order). clSeqNr=895
15:19:29.458 INF Submitted request. clSeqNr=3324
15:19:29.461 INF Submitted request. clSeqNr=3325
15:19:29.462 INF Request finished (out of order). clSeqNr=911
15:19:29.462 INF Request finished (out of order). clSeqNr=927
15:19:29.462 INF Request finished (out of order). clSeqNr=943
15:19:29.462 INF Request finished (out of order). clSeqNr=959
15:19:29.462 INF Request finished (out of order). clSeqNr=975
15:19:29.462 INF Request finished (out of order). clSeqNr=991
15:19:29.462 INF Request finished (out of order). clSeqNr=1007
15:19:29.462 INF Request finished (out of order). clSeqNr=1023
15:19:29.462 INF Request finished (out of order). clSeqNr=783
15:19:29.462 INF Request finished (out of order). clSeqNr=799
15:19:29.462 INF Request finished (out of order). clSeqNr=815
15:19:29.462 INF Request finished (out of order). clSeqNr=831
15:19:29.462 INF Request finished (out of order). clSeqNr=847
15:19:29.462 INF Request finished (out of order). clSeqNr=863
15:19:29.463 INF Request finished (out of order). clSeqNr=879
15:19:29.463 INF Request finished (out of order). clSeqNr=896
15:19:29.463 INF Request finished (out of order). clSeqNr=912
15:19:29.463 INF Request finished (out of order). clSeqNr=928
15:19:29.463 INF Request finished (out of order). clSeqNr=944
15:19:29.463 INF Request finished (out of order). clSeqNr=960
15:19:29.463 INF Request finished (out of order). clSeqNr=976
15:19:29.463 INF Request finished (out of order). clSeqNr=992
15:19:29.463 INF Request finished (out of order). clSeqNr=1008
15:19:29.463 INF Request finished (out of order). clSeqNr=1024
15:19:29.463 INF Request finished (out of order). clSeqNr=784
15:19:29.463 INF Request finished (out of order). clSeqNr=800
15:19:29.463 INF Request finished (out of order). clSeqNr=816
15:19:29.463 INF Request finished (out of order). clSeqNr=832
15:19:29.463 INF Request finished (out of order). clSeqNr=848
15:19:29.463 INF Request finished (out of order). clSeqNr=864
15:19:29.463 INF Request finished (out of order). clSeqNr=880
15:19:29.463 INF Request finished (out of order). clSeqNr=897
15:19:29.463 INF Request finished (out of order). clSeqNr=913
15:19:29.463 INF Request finished (out of order). clSeqNr=929
15:19:29.463 INF Request finished (out of order). clSeqNr=945
15:19:29.463 INF Request finished (out of order). clSeqNr=961
15:19:29.463 INF Request finished (out of order). clSeqNr=977
15:19:29.463 INF Request finished (out of order). clSeqNr=993
15:19:29.463 INF Request finished (out of order). clSeqNr=1009
15:19:29.463 INF Request finished (out of order). clSeqNr=1025
15:19:29.463 INF Request finished (out of order). clSeqNr=785
15:19:29.463 INF Request finished (out of order). clSeqNr=801
15:19:29.464 INF Request finished (out of order). clSeqNr=817
15:19:29.464 INF Request finished (out of order). clSeqNr=833
15:19:29.464 INF Request finished (out of order). clSeqNr=849
15:19:29.464 INF Request finished (out of order). clSeqNr=865
15:19:29.464 INF Request finished (out of order). clSeqNr=881
15:19:29.465 INF Submitted request. clSeqNr=3326
15:19:29.469 INF Submitted request. clSeqNr=3327
15:19:29.472 INF Submitted request. clSeqNr=3328
15:19:29.476 INF Submitted request. clSeqNr=3329
15:19:29.480 INF Submitted request. clSeqNr=3330
15:19:29.483 INF Submitted request. clSeqNr=3331
15:19:29.487 INF Submitted request. clSeqNr=3332
15:19:29.491 INF Submitted request. clSeqNr=3333
15:19:29.494 INF Submitted request. clSeqNr=3334
15:19:29.498 INF Submitted request. clSeqNr=3335
15:19:29.502 INF Submitted request. clSeqNr=3336
15:19:29.505 INF Submitted request. clSeqNr=3337
15:19:29.509 INF Submitted request. clSeqNr=3338
15:19:29.513 INF Submitted request. clSeqNr=3339
15:19:29.517 INF Submitted request. clSeqNr=3340
15:19:29.521 INF Submitted request. clSeqNr=3341
15:19:29.524 INF Submitted request. clSeqNr=3342
15:19:29.527 INF Submitted request. clSeqNr=3343
15:19:29.531 INF Submitted request. clSeqNr=3344
15:19:29.535 INF Submitted request. clSeqNr=3345
15:19:29.538 INF Submitted request. clSeqNr=3346
15:19:29.542 INF Submitted request. clSeqNr=3347
15:19:29.546 INF Submitted request. clSeqNr=3348
15:19:29.549 INF Submitted request. clSeqNr=3349
15:19:29.554 INF Submitted request. clSeqNr=3350
15:19:29.557 INF Submitted request. clSeqNr=3351
15:19:29.561 INF Submitted request. clSeqNr=3352
15:19:29.564 INF Submitted request. clSeqNr=3353
15:19:29.568 INF Submitted request. clSeqNr=3354
15:19:29.571 INF Submitted request. clSeqNr=3355
15:19:29.575 INF Submitted request. clSeqNr=3356
15:19:29.579 INF Submitted request. clSeqNr=3357
15:19:29.582 INF Submitted request. clSeqNr=3358
15:19:29.586 INF Submitted request. clSeqNr=3359
15:19:29.590 INF Submitted request. clSeqNr=3360
15:19:29.594 INF Submitted request. clSeqNr=3361
15:19:29.597 INF Submitted request. clSeqNr=3362
15:19:29.601 INF Submitted request. clSeqNr=3363
15:19:29.604 INF Submitted request. clSeqNr=3364
15:19:29.608 INF Submitted request. clSeqNr=3365
15:19:29.612 INF Submitted request. clSeqNr=3366
15:19:29.615 INF Submitted request. clSeqNr=3367
15:19:29.619 INF Submitted request. clSeqNr=3368
15:19:29.623 INF Submitted request. clSeqNr=3369
15:19:29.626 INF Submitted request. clSeqNr=3370
15:19:29.630 INF Submitted request. clSeqNr=3371
15:19:29.634 INF Submitted request. clSeqNr=3372
15:19:29.637 INF Submitted request. clSeqNr=3373
15:19:29.641 INF Submitted request. clSeqNr=3374
15:19:29.645 INF Submitted request. clSeqNr=3375
15:19:29.648 INF Submitted request. clSeqNr=3376
15:19:29.652 INF Submitted request. clSeqNr=3377
15:19:29.656 INF Submitted request. clSeqNr=3378
15:19:29.660 INF Submitted request. clSeqNr=3379
15:19:29.663 INF Submitted request. clSeqNr=3380
15:19:29.666 INF Submitted request. clSeqNr=3381
15:19:29.671 INF Submitted request. clSeqNr=3382
15:19:29.674 INF Submitted request. clSeqNr=3383
15:19:29.678 INF Submitted request. clSeqNr=3384
15:19:29.681 INF Submitted request. clSeqNr=3385
15:19:29.685 INF Submitted request. clSeqNr=3386
15:19:29.689 INF Submitted request. clSeqNr=3387
15:19:29.692 INF Submitted request. clSeqNr=3388
15:19:29.696 INF Submitted request. clSeqNr=3389
15:19:29.699 INF Submitted request. clSeqNr=3390
15:19:29.703 INF Submitted request. clSeqNr=3391
15:19:29.707 INF Submitted request. clSeqNr=3392
15:19:29.711 INF Submitted request. clSeqNr=3393
15:19:29.714 INF Submitted request. clSeqNr=3394
15:19:29.718 INF Submitted request. clSeqNr=3395
15:19:29.721 INF Submitted request. clSeqNr=3396
15:19:29.725 INF Submitted request. clSeqNr=3397
15:19:29.729 INF Submitted request. clSeqNr=3398
15:19:29.732 INF Submitted request. clSeqNr=3399
15:19:29.736 INF Submitted request. clSeqNr=3400
15:19:29.740 INF Submitted request. clSeqNr=3401
15:19:29.743 INF Submitted request. clSeqNr=3402
15:19:29.747 INF Submitted request. clSeqNr=3403
15:19:29.751 INF Submitted request. clSeqNr=3404
15:19:29.754 INF Submitted request. clSeqNr=3405
15:19:29.758 INF Submitted request. clSeqNr=3406
15:19:29.762 INF Submitted request. clSeqNr=3407
15:19:29.765 INF Submitted request. clSeqNr=3408
15:19:29.769 INF Submitted request. clSeqNr=3409
15:19:29.773 INF Submitted request. clSeqNr=3410
15:19:29.776 INF Submitted request. clSeqNr=3411
15:19:29.780 INF Submitted request. clSeqNr=3412
15:19:29.784 INF Submitted request. clSeqNr=3413
15:19:29.787 INF Submitted request. clSeqNr=3414
15:19:29.791 INF Submitted request. clSeqNr=3415
15:19:29.795 INF Submitted request. clSeqNr=3416
15:19:29.799 INF Submitted request. clSeqNr=3417
15:19:29.802 INF Submitted request. clSeqNr=3418
15:19:29.806 INF Submitted request. clSeqNr=3419
15:19:29.809 INF Submitted request. clSeqNr=3420
15:19:29.814 INF Submitted request. clSeqNr=3421
15:19:29.817 INF Submitted request. clSeqNr=3422
15:19:29.820 INF Submitted request. clSeqNr=3423
15:19:29.825 INF Submitted request. clSeqNr=3424
15:19:29.828 INF Submitted request. clSeqNr=3425
15:19:29.832 INF Submitted request. clSeqNr=3426
15:19:29.835 INF Submitted request. clSeqNr=3427
15:19:29.839 INF Submitted request. clSeqNr=3428
15:19:29.842 INF Submitted request. clSeqNr=3429
15:19:29.847 INF Submitted request. clSeqNr=3430
15:19:29.850 INF Submitted request. clSeqNr=3431
15:19:29.854 INF Submitted request. clSeqNr=3432
15:19:29.858 INF Submitted request. clSeqNr=3433
15:19:29.861 INF Submitted request. clSeqNr=3434
15:19:29.864 INF Submitted request. clSeqNr=3435
15:19:29.868 INF Submitted request. clSeqNr=3436
15:19:29.872 INF Submitted request. clSeqNr=3437
15:19:29.876 INF Submitted request. clSeqNr=3438
15:19:29.879 INF Submitted request. clSeqNr=3439
15:19:29.883 INF Submitted request. clSeqNr=3440
15:19:29.887 INF Submitted request. clSeqNr=3441
15:19:29.890 INF Submitted request. clSeqNr=3442
15:19:29.894 INF Submitted request. clSeqNr=3443
15:19:29.898 INF Submitted request. clSeqNr=3444
15:19:29.902 INF Submitted request. clSeqNr=3445
15:19:29.905 INF Submitted request. clSeqNr=3446
15:19:29.908 INF Submitted request. clSeqNr=3447
15:19:29.912 INF Submitted request. clSeqNr=3448
15:19:29.916 INF Submitted request. clSeqNr=3449
15:19:29.920 INF Submitted request. clSeqNr=3450
15:19:29.923 INF Submitted request. clSeqNr=3451
15:19:29.927 INF Submitted request. clSeqNr=3452
15:19:29.930 INF Submitted request. clSeqNr=3453
15:19:29.934 INF Submitted request. clSeqNr=3454
15:19:29.938 INF Submitted request. clSeqNr=3455
15:19:29.941 INF Submitted request. clSeqNr=3456
15:19:29.945 INF Submitted request. clSeqNr=3457
15:19:29.949 INF Submitted request. clSeqNr=3458
15:19:29.952 INF Submitted request. clSeqNr=3459
15:19:29.957 INF Submitted request. clSeqNr=3460
15:19:29.960 INF Submitted request. clSeqNr=3461
15:19:29.963 INF Submitted request. clSeqNr=3462
15:19:29.967 INF Submitted request. clSeqNr=3463
15:19:29.971 INF Submitted request. clSeqNr=3464
15:19:29.974 INF Submitted request. clSeqNr=3465
15:19:29.979 INF Submitted request. clSeqNr=3466
15:19:29.982 INF Submitted request. clSeqNr=3467
15:19:29.985 INF Submitted request. clSeqNr=3468
15:19:29.989 INF Submitted request. clSeqNr=3469
15:19:29.993 INF Submitted request. clSeqNr=3470
15:19:29.996 INF Submitted request. clSeqNr=3471
15:19:30.000 INF Submitted request. clSeqNr=3472
15:19:30.003 INF Submitted request. clSeqNr=3473
15:19:30.008 INF Submitted request. clSeqNr=3474
15:19:30.011 INF Submitted request. clSeqNr=3475
15:19:30.014 INF Submitted request. clSeqNr=3476
15:19:30.019 INF Submitted request. clSeqNr=3477
15:19:30.023 INF Submitted request. clSeqNr=3478
15:19:30.026 INF Submitted request. clSeqNr=3479
15:19:30.029 INF Submitted request. clSeqNr=3480
15:19:30.033 INF Submitted request. clSeqNr=3481
15:19:30.037 INF Submitted request. clSeqNr=3482
15:19:30.041 INF Submitted request. clSeqNr=3483
15:19:30.044 INF Submitted request. clSeqNr=3484
15:19:30.048 INF Submitted request. clSeqNr=3485
15:19:30.051 INF Submitted request. clSeqNr=3486
15:19:30.055 INF Submitted request. clSeqNr=3487
15:19:30.059 INF Submitted request. clSeqNr=3488
15:19:30.062 INF Submitted request. clSeqNr=3489
15:19:30.066 INF Submitted request. clSeqNr=3490
15:19:30.070 INF Submitted request. clSeqNr=3491
15:19:30.074 INF Submitted request. clSeqNr=3492
15:19:30.078 INF Submitted request. clSeqNr=3493
15:19:30.081 INF Submitted request. clSeqNr=3494
15:19:30.084 INF Submitted request. clSeqNr=3495
15:19:30.088 INF Submitted request. clSeqNr=3496
15:19:30.092 INF Submitted request. clSeqNr=3497
15:19:30.096 INF Submitted request. clSeqNr=3498
15:19:30.099 INF Submitted request. clSeqNr=3499
15:19:30.103 INF Submitted request. clSeqNr=3500
15:19:30.106 INF Submitted request. clSeqNr=3501
15:19:30.110 INF Submitted request. clSeqNr=3502
15:19:30.114 INF Submitted request. clSeqNr=3503
15:19:30.117 INF Submitted request. clSeqNr=3504
15:19:30.121 INF Submitted request. clSeqNr=3505
15:19:30.124 INF Submitted request. clSeqNr=3506
15:19:30.128 INF Submitted request. clSeqNr=3507
15:19:30.132 INF Submitted request. clSeqNr=3508
15:19:30.136 INF Submitted request. clSeqNr=3509
15:19:30.139 INF Submitted request. clSeqNr=3510
15:19:30.143 INF Submitted request. clSeqNr=3511
15:19:30.146 INF Submitted request. clSeqNr=3512
15:19:30.151 INF Submitted request. clSeqNr=3513
15:19:30.154 INF Submitted request. clSeqNr=3514
15:19:30.158 INF Submitted request. clSeqNr=3515
15:19:30.162 INF Submitted request. clSeqNr=3516
15:19:30.165 INF Submitted request. clSeqNr=3517
15:19:30.168 INF Submitted request. clSeqNr=3518
15:19:30.172 INF Submitted request. clSeqNr=3519
15:19:30.176 INF Submitted request. clSeqNr=3520
15:19:30.180 INF Submitted request. clSeqNr=3521
15:19:30.183 INF Submitted request. clSeqNr=3522
15:19:30.187 INF Submitted request. clSeqNr=3523
15:19:30.190 INF Submitted request. clSeqNr=3524
15:19:30.194 INF Submitted request. clSeqNr=3525
15:19:30.198 INF Submitted request. clSeqNr=3526
15:19:30.202 INF Submitted request. clSeqNr=3527
15:19:30.205 INF Submitted request. clSeqNr=3528
15:19:30.209 INF Submitted request. clSeqNr=3529
15:19:30.212 INF Submitted request. clSeqNr=3530
15:19:30.216 INF Submitted request. clSeqNr=3531
15:19:30.220 INF Submitted request. clSeqNr=3532
15:19:30.224 INF Submitted request. clSeqNr=3533
15:19:30.228 INF Submitted request. clSeqNr=3534
15:19:30.231 INF Submitted request. clSeqNr=3535
15:19:30.235 INF Submitted request. clSeqNr=3536
15:19:30.238 INF Submitted request. clSeqNr=3537
15:19:30.242 INF Submitted request. clSeqNr=3538
15:19:30.245 INF Submitted request. clSeqNr=3539
15:19:30.249 INF Submitted request. clSeqNr=3540
15:19:30.253 INF Submitted request. clSeqNr=3541
15:19:30.257 INF Submitted request. clSeqNr=3542
15:19:30.260 INF Submitted request. clSeqNr=3543
15:19:30.264 INF Submitted request. clSeqNr=3544
15:19:30.267 INF Submitted request. clSeqNr=3545
15:19:30.271 INF Submitted request. clSeqNr=3546
15:19:30.275 INF Submitted request. clSeqNr=3547
15:19:30.279 INF Submitted request. clSeqNr=3548
15:19:30.282 INF Submitted request. clSeqNr=3549
15:19:30.286 INF Submitted request. clSeqNr=3550
15:19:30.289 INF Submitted request. clSeqNr=3551
15:19:30.293 INF Submitted request. clSeqNr=3552
15:19:30.297 INF Submitted request. clSeqNr=3553
15:19:30.300 INF Submitted request. clSeqNr=3554
15:19:30.304 INF Submitted request. clSeqNr=3555
15:19:30.308 INF Submitted request. clSeqNr=3556
15:19:30.311 INF Submitted request. clSeqNr=3557
15:19:30.316 INF Submitted request. clSeqNr=3558
15:19:30.318 INF Submitted request. clSeqNr=3559
15:19:30.322 INF Submitted request. clSeqNr=3560
15:19:30.327 INF Submitted request. clSeqNr=3561
15:19:30.329 INF Submitted request. clSeqNr=3562
15:19:30.333 INF Submitted request. clSeqNr=3563
15:19:30.337 INF Submitted request. clSeqNr=3564
15:19:30.341 INF Submitted request. clSeqNr=3565
15:19:30.344 INF Submitted request. clSeqNr=3566
15:19:30.349 INF Submitted request. clSeqNr=3567
15:19:30.352 INF Submitted request. clSeqNr=3568
15:19:30.355 INF Submitted request. clSeqNr=3569
15:19:30.360 INF Submitted request. clSeqNr=3570
15:19:30.362 INF Submitted request. clSeqNr=3571
15:19:30.367 INF Submitted request. clSeqNr=3572
15:19:30.370 INF Submitted request. clSeqNr=3573
15:19:30.374 INF Submitted request. clSeqNr=3574
15:19:30.378 INF Submitted request. clSeqNr=3575
15:19:30.382 INF Submitted request. clSeqNr=3576
15:19:30.384 INF Submitted request. clSeqNr=3577
15:19:30.388 INF Submitted request. clSeqNr=3578
15:19:30.392 INF Submitted request. clSeqNr=3579
15:19:30.396 INF Submitted request. clSeqNr=3580
15:19:30.399 INF Submitted request. clSeqNr=3581
15:19:30.403 INF Submitted request. clSeqNr=3582
15:19:30.407 INF Submitted request. clSeqNr=3583
15:19:30.410 INF Submitted request. clSeqNr=3584
15:19:30.414 INF Submitted request. clSeqNr=3585
15:19:30.418 INF Submitted request. clSeqNr=3586
15:19:30.421 INF Submitted request. clSeqNr=3587
15:19:30.426 INF Submitted request. clSeqNr=3588
15:19:30.428 INF Submitted request. clSeqNr=3589
15:19:30.433 INF Submitted request. clSeqNr=3590
15:19:30.436 INF Submitted request. clSeqNr=3591
15:19:30.439 INF Submitted request. clSeqNr=3592
15:19:30.443 INF Submitted request. clSeqNr=3593
15:19:30.447 INF Submitted request. clSeqNr=3594
15:19:30.451 INF Submitted request. clSeqNr=3595
15:19:30.454 INF Submitted request. clSeqNr=3596
15:19:30.458 INF Submitted request. clSeqNr=3597
15:19:30.461 INF Submitted request. clSeqNr=3598
15:19:30.465 INF Submitted request. clSeqNr=3599
15:19:30.469 INF Submitted request. clSeqNr=3600
15:19:30.473 INF Submitted request. clSeqNr=3601
15:19:30.476 INF Submitted request. clSeqNr=3602
15:19:30.480 INF Submitted request. clSeqNr=3603
15:19:30.484 INF Submitted request. clSeqNr=3604
15:19:30.488 INF Submitted request. clSeqNr=3605
15:19:30.491 INF Submitted request. clSeqNr=3606
15:19:30.495 INF Submitted request. clSeqNr=3607
15:19:30.499 INF Submitted request. clSeqNr=3608
15:19:30.502 INF Submitted request. clSeqNr=3609
15:19:30.506 INF Submitted request. clSeqNr=3610
15:19:30.510 INF Submitted request. clSeqNr=3611
15:19:30.513 INF Submitted request. clSeqNr=3612
15:19:30.517 INF Submitted request. clSeqNr=3613
15:19:30.520 INF Submitted request. clSeqNr=3614
15:19:30.524 INF Submitted request. clSeqNr=3615
15:19:30.528 INF Submitted request. clSeqNr=3616
15:19:30.531 INF Submitted request. clSeqNr=3617
15:19:30.535 INF Submitted request. clSeqNr=3618
15:19:30.538 INF Submitted request. clSeqNr=3619
15:19:30.542 INF Submitted request. clSeqNr=3620
15:19:30.546 INF Submitted request. clSeqNr=3621
15:19:30.549 INF Submitted request. clSeqNr=3622
15:19:30.553 INF Submitted request. clSeqNr=3623
15:19:30.557 INF Submitted request. clSeqNr=3624
15:19:30.560 INF Submitted request. clSeqNr=3625
15:19:30.564 INF Submitted request. clSeqNr=3626
15:19:30.568 INF Submitted request. clSeqNr=3627
15:19:30.572 INF Submitted request. clSeqNr=3628
15:19:30.575 INF Submitted request. clSeqNr=3629
15:19:30.579 INF Submitted request. clSeqNr=3630
15:19:30.582 INF Submitted request. clSeqNr=3631
15:19:30.586 INF Submitted request. clSeqNr=3632
15:19:30.590 INF Submitted request. clSeqNr=3633
15:19:30.594 INF Submitted request. clSeqNr=3634
15:19:30.597 INF Submitted request. clSeqNr=3635
15:19:30.601 INF Submitted request. clSeqNr=3636
15:19:30.604 INF Submitted request. clSeqNr=3637
15:19:30.608 INF Submitted request. clSeqNr=3638
15:19:30.612 INF Submitted request. clSeqNr=3639
15:19:30.615 INF Submitted request. clSeqNr=3640
15:19:30.619 INF Submitted request. clSeqNr=3641
15:19:30.623 INF Submitted request. clSeqNr=3642
15:19:30.626 INF Submitted request. clSeqNr=3643
15:19:30.631 INF Submitted request. clSeqNr=3644
15:19:30.634 INF Submitted request. clSeqNr=3645
15:19:30.637 INF Submitted request. clSeqNr=3646
15:19:30.641 INF Submitted request. clSeqNr=3647
15:19:30.645 INF Submitted request. clSeqNr=3648
15:19:30.648 INF Submitted request. clSeqNr=3649
15:19:30.652 INF Submitted request. clSeqNr=3650
15:19:30.656 INF Submitted request. clSeqNr=3651
15:19:30.659 INF Submitted request. clSeqNr=3652
15:19:30.663 INF Submitted request. clSeqNr=3653
15:19:30.667 INF Submitted request. clSeqNr=3654
15:19:30.670 INF Submitted request. clSeqNr=3655
15:19:30.675 INF Submitted request. clSeqNr=3656
15:19:30.678 INF Submitted request. clSeqNr=3657
15:19:30.681 INF Submitted request. clSeqNr=3658
15:19:30.685 INF Submitted request. clSeqNr=3659
15:19:30.688 INF Submitted request. clSeqNr=3660
15:19:30.692 INF Submitted request. clSeqNr=3661
15:19:30.697 INF Submitted request. clSeqNr=3662
15:19:30.700 INF Submitted request. clSeqNr=3663
15:19:30.703 INF Submitted request. clSeqNr=3664
15:19:30.707 INF Submitted request. clSeqNr=3665
15:19:30.711 INF Submitted request. clSeqNr=3666
15:19:30.715 INF Submitted request. clSeqNr=3667
15:19:30.718 INF Submitted request. clSeqNr=3668
15:19:30.722 INF Submitted request. clSeqNr=3669
15:19:30.726 INF Submitted request. clSeqNr=3670
15:19:30.729 INF Submitted request. clSeqNr=3671
15:19:30.733 INF Submitted request. clSeqNr=3672
15:19:30.736 INF Submitted request. clSeqNr=3673
15:19:30.740 INF Submitted request. clSeqNr=3674
15:19:30.743 INF Submitted request. clSeqNr=3675
15:19:30.748 INF Submitted request. clSeqNr=3676
15:19:30.751 INF Submitted request. clSeqNr=3677
15:19:30.755 INF Submitted request. clSeqNr=3678
15:19:30.758 INF Submitted request. clSeqNr=3679
15:19:30.762 INF Submitted request. clSeqNr=3680
15:19:30.765 INF Submitted request. clSeqNr=3681
15:19:30.769 INF Submitted request. clSeqNr=3682
15:19:30.773 INF Submitted request. clSeqNr=3683
15:19:30.776 INF Submitted request. clSeqNr=3684
15:19:30.781 INF Submitted request. clSeqNr=3685
15:19:30.784 INF Submitted request. clSeqNr=3686
15:19:30.787 INF Submitted request. clSeqNr=3687
15:19:30.792 INF Submitted request. clSeqNr=3688
15:19:30.795 INF Submitted request. clSeqNr=3689
15:19:30.799 INF Submitted request. clSeqNr=3690
15:19:30.802 INF Submitted request. clSeqNr=3691
15:19:30.806 INF Submitted request. clSeqNr=3692
15:19:30.810 INF Submitted request. clSeqNr=3693
15:19:30.813 INF Submitted request. clSeqNr=3694
15:19:30.817 INF Submitted request. clSeqNr=3695
15:19:30.820 INF Submitted request. clSeqNr=3696
15:19:30.824 INF Submitted request. clSeqNr=3697
15:19:30.828 INF Submitted request. clSeqNr=3698
15:19:30.831 INF Submitted request. clSeqNr=3699
15:19:30.836 INF Submitted request. clSeqNr=3700
15:19:30.839 INF Submitted request. clSeqNr=3701
15:19:30.843 INF Submitted request. clSeqNr=3702
15:19:30.846 INF Submitted request. clSeqNr=3703
15:19:30.850 INF Submitted request. clSeqNr=3704
15:19:30.853 INF Submitted request. clSeqNr=3705
15:19:30.858 INF Submitted request. clSeqNr=3706
15:19:30.861 INF Submitted request. clSeqNr=3707
15:19:30.864 INF Submitted request. clSeqNr=3708
15:19:30.868 INF Submitted request. clSeqNr=3709
15:19:30.872 INF Submitted request. clSeqNr=3710
15:19:30.876 INF Submitted request. clSeqNr=3711
15:19:30.879 INF Submitted request. clSeqNr=3712
15:19:30.883 INF Submitted request. clSeqNr=3713
15:19:30.886 INF Submitted request. clSeqNr=3714
15:19:30.890 INF Submitted request. clSeqNr=3715
15:19:30.894 INF Submitted request. clSeqNr=3716
15:19:30.898 INF Submitted request. clSeqNr=3717
15:19:30.901 INF Submitted request. clSeqNr=3718
15:19:30.905 INF Submitted request. clSeqNr=3719
15:19:30.908 INF Submitted request. clSeqNr=3720
15:19:30.912 INF Submitted request. clSeqNr=3721
15:19:30.916 INF Submitted request. clSeqNr=3722
15:19:30.920 INF Submitted request. clSeqNr=3723
15:19:30.923 INF Submitted request. clSeqNr=3724
15:19:30.927 INF Submitted request. clSeqNr=3725
15:19:30.931 INF Submitted request. clSeqNr=3726
15:19:30.934 INF Submitted request. clSeqNr=3727
15:19:30.938 INF Submitted request. clSeqNr=3728
15:19:30.941 INF Submitted request. clSeqNr=3729
15:19:30.946 INF Submitted request. clSeqNr=3730
15:19:30.949 INF Submitted request. clSeqNr=3731
15:19:30.953 INF Submitted request. clSeqNr=3732
15:19:30.957 INF Submitted request. clSeqNr=3733
15:19:30.960 INF Submitted request. clSeqNr=3734
15:19:30.964 INF Submitted request. clSeqNr=3735
15:19:30.967 INF Submitted request. clSeqNr=3736
15:19:30.971 INF Submitted request. clSeqNr=3737
15:19:30.975 INF Submitted request. clSeqNr=3738
15:19:30.978 INF Submitted request. clSeqNr=3739
15:19:30.982 INF Submitted request. clSeqNr=3740
15:19:30.985 INF Submitted request. clSeqNr=3741
15:19:30.989 INF Submitted request. clSeqNr=3742
15:19:30.993 INF Submitted request. clSeqNr=3743
15:19:30.996 INF Submitted request. clSeqNr=3744
15:19:31.000 INF Submitted request. clSeqNr=3745
15:19:31.004 INF Submitted request. clSeqNr=3746
15:19:31.007 INF Submitted request. clSeqNr=3747
15:19:31.011 INF Submitted request. clSeqNr=3748
15:19:31.015 INF Submitted request. clSeqNr=3749
15:19:31.018 INF Submitted request. clSeqNr=3750
15:19:31.022 INF Submitted request. clSeqNr=3751
15:19:31.025 INF Submitted request. clSeqNr=3752
15:19:31.030 INF Submitted request. clSeqNr=3753
15:19:31.033 INF Submitted request. clSeqNr=3754
15:19:31.037 INF Submitted request. clSeqNr=3755
15:19:31.041 INF Submitted request. clSeqNr=3756
15:19:31.044 INF Submitted request. clSeqNr=3757
15:19:31.048 INF Submitted request. clSeqNr=3758
15:19:31.052 INF Submitted request. clSeqNr=3759
15:19:31.055 INF Submitted request. clSeqNr=3760
15:19:31.058 INF Submitted request. clSeqNr=3761
15:19:31.062 INF Submitted request. clSeqNr=3762
15:19:31.066 INF Submitted request. clSeqNr=3763
15:19:31.070 INF Submitted request. clSeqNr=3764
15:19:31.073 INF Submitted request. clSeqNr=3765
15:19:31.077 INF Submitted request. clSeqNr=3766
15:19:31.080 INF Submitted request. clSeqNr=3767
15:19:31.085 INF Submitted request. clSeqNr=3768
15:19:31.088 INF Submitted request. clSeqNr=3769
15:19:31.092 INF Submitted request. clSeqNr=3770
15:19:31.095 INF Submitted request. clSeqNr=3771
15:19:31.099 INF Submitted request. clSeqNr=3772
15:19:31.102 INF Submitted request. clSeqNr=3773
15:19:31.106 INF Submitted request. clSeqNr=3774
15:19:31.110 INF Submitted request. clSeqNr=3775
15:19:31.113 INF Submitted request. clSeqNr=3776
15:19:31.118 INF Submitted request. clSeqNr=3777
15:19:31.121 INF Submitted request. clSeqNr=3778
15:19:31.125 INF Submitted request. clSeqNr=3779
15:19:31.128 INF Submitted request. clSeqNr=3780
15:19:31.132 INF Submitted request. clSeqNr=3781
15:19:31.136 INF Submitted request. clSeqNr=3782
15:19:31.139 INF Submitted request. clSeqNr=3783
15:19:31.143 INF Submitted request. clSeqNr=3784
15:19:31.146 INF Submitted request. clSeqNr=3785
15:19:31.151 INF Submitted request. clSeqNr=3786
15:19:31.154 INF Submitted request. clSeqNr=3787
15:19:31.158 INF Submitted request. clSeqNr=3788
15:19:31.161 INF Submitted request. clSeqNr=3789
15:19:31.166 INF Submitted request. clSeqNr=3790
15:19:31.169 INF Submitted request. clSeqNr=3791
15:19:31.172 INF Submitted request. clSeqNr=3792
15:19:31.176 INF Submitted request. clSeqNr=3793
15:19:31.179 INF Submitted request. clSeqNr=3794
15:19:31.183 INF Submitted request. clSeqNr=3795
15:19:31.187 INF Submitted request. clSeqNr=3796
15:19:31.191 INF Submitted request. clSeqNr=3797
15:19:31.194 INF Submitted request. clSeqNr=3798
15:19:31.198 INF Submitted request. clSeqNr=3799
15:19:31.201 INF Submitted request. clSeqNr=3800
15:19:31.205 INF Submitted request. clSeqNr=3801
15:19:31.209 INF Submitted request. clSeqNr=3802
15:19:31.213 INF Submitted request. clSeqNr=3803
15:19:31.216 INF Submitted request. clSeqNr=3804
15:19:31.220 INF Submitted request. clSeqNr=3805
15:19:31.223 INF Submitted request. clSeqNr=3806
15:19:31.227 INF Submitted request. clSeqNr=3807
15:19:31.231 INF Submitted request. clSeqNr=3808
15:19:31.234 INF Submitted request. clSeqNr=3809
15:19:31.239 INF Submitted request. clSeqNr=3810
15:19:31.242 INF Submitted request. clSeqNr=3811
15:19:31.245 INF Submitted request. clSeqNr=3812
15:19:31.249 INF Submitted request. clSeqNr=3813
15:19:31.253 INF Submitted request. clSeqNr=3814
15:19:31.256 INF Submitted request. clSeqNr=3815
15:19:31.261 INF Submitted request. clSeqNr=3816
15:19:31.264 INF Submitted request. clSeqNr=3817
15:19:31.267 INF Submitted request. clSeqNr=3818
15:19:31.272 INF Submitted request. clSeqNr=3819
15:19:31.275 INF Submitted request. clSeqNr=3820
15:19:31.278 INF Submitted request. clSeqNr=3821
15:19:31.282 INF Submitted request. clSeqNr=3822
15:19:31.286 INF Submitted request. clSeqNr=3823
15:19:31.289 INF Submitted request. clSeqNr=3824
15:19:31.293 INF Submitted request. clSeqNr=3825
15:19:31.297 INF Submitted request. clSeqNr=3826
15:19:31.301 INF Submitted request. clSeqNr=3827
15:19:31.305 INF Submitted request. clSeqNr=3828
15:19:31.308 INF Submitted request. clSeqNr=3829
15:19:31.311 INF Submitted request. clSeqNr=3830
15:19:31.316 INF Submitted request. clSeqNr=3831
15:19:31.319 INF Submitted request. clSeqNr=3832
15:19:31.322 INF Submitted request. clSeqNr=3833
15:19:31.326 INF Submitted request. clSeqNr=3834
15:19:31.329 INF Submitted request. clSeqNr=3835
15:19:31.334 INF Submitted request. clSeqNr=3836
15:19:31.337 INF Submitted request. clSeqNr=3837
15:19:31.341 INF Submitted request. clSeqNr=3838
15:19:31.344 INF Submitted request. clSeqNr=3839
15:19:31.348 INF Submitted request. clSeqNr=3840
15:19:31.352 INF Submitted request. clSeqNr=3841
15:19:31.356 INF Submitted request. clSeqNr=3842
15:19:31.359 INF Submitted request. clSeqNr=3843
15:19:31.363 INF Submitted request. clSeqNr=3844
15:19:31.366 INF Submitted request. clSeqNr=3845
15:19:31.370 INF Submitted request. clSeqNr=3846
15:19:31.374 INF Submitted request. clSeqNr=3847
15:19:31.377 INF Submitted request. clSeqNr=3848
15:19:31.381 INF Submitted request. clSeqNr=3849
15:19:31.385 INF Submitted request. clSeqNr=3850
15:19:31.388 INF Submitted request. clSeqNr=3851
15:19:31.392 INF Submitted request. clSeqNr=3852
15:19:31.395 INF Submitted request. clSeqNr=3853
15:19:31.399 INF Submitted request. clSeqNr=3854
15:19:31.403 INF Submitted request. clSeqNr=3855
15:19:31.407 INF Submitted request. clSeqNr=3856
15:19:31.410 INF Submitted request. clSeqNr=3857
15:19:31.414 INF Submitted request. clSeqNr=3858
15:19:31.417 INF Submitted request. clSeqNr=3859
15:19:31.422 INF Submitted request. clSeqNr=3860
15:19:31.426 INF Submitted request. clSeqNr=3861
15:19:31.428 INF Submitted request. clSeqNr=3862
15:19:31.432 INF Submitted request. clSeqNr=3863
15:19:31.436 INF Submitted request. clSeqNr=3864
15:19:31.439 INF Submitted request. clSeqNr=3865
15:19:31.444 INF Submitted request. clSeqNr=3866
15:19:31.448 INF Submitted request. clSeqNr=3867
15:19:31.450 INF Submitted request. clSeqNr=3868
15:19:31.454 INF Submitted request. clSeqNr=3869
15:19:31.458 INF Submitted request. clSeqNr=3870
15:19:31.462 INF Submitted request. clSeqNr=3871
15:19:31.466 INF Submitted request. clSeqNr=3872
15:19:31.469 INF Submitted request. clSeqNr=3873
15:19:31.473 INF Submitted request. clSeqNr=3874
15:19:31.477 INF Submitted request. clSeqNr=3875
15:19:31.480 INF Submitted request. clSeqNr=3876
15:19:31.483 INF Submitted request. clSeqNr=3877
15:19:31.487 INF Submitted request. clSeqNr=3878
15:19:31.491 INF Submitted request. clSeqNr=3879
15:19:31.495 INF Submitted request. clSeqNr=3880
15:19:31.498 INF Submitted request. clSeqNr=3881
15:19:31.502 INF Submitted request. clSeqNr=3882
15:19:31.506 INF Submitted request. clSeqNr=3883
15:19:31.509 INF Submitted request. clSeqNr=3884
15:19:31.513 INF Submitted request. clSeqNr=3885
15:19:31.517 INF Submitted request. clSeqNr=3886
15:19:31.520 INF Submitted request. clSeqNr=3887
15:19:31.524 INF Submitted request. clSeqNr=3888
15:19:31.528 INF Submitted request. clSeqNr=3889
15:19:31.531 INF Submitted request. clSeqNr=3890
15:19:31.535 INF Submitted request. clSeqNr=3891
15:19:31.539 INF Submitted request. clSeqNr=3892
15:19:31.542 INF Submitted request. clSeqNr=3893
15:19:31.546 INF Submitted request. clSeqNr=3894
15:19:31.550 INF Submitted request. clSeqNr=3895
15:19:31.554 INF Submitted request. clSeqNr=3896
15:19:31.557 INF Submitted request. clSeqNr=3897
15:19:31.561 INF Submitted request. clSeqNr=3898
15:19:31.564 INF Submitted request. clSeqNr=3899
15:19:31.568 INF Submitted request. clSeqNr=3900
15:19:31.571 INF Submitted request. clSeqNr=3901
15:19:31.575 INF Submitted request. clSeqNr=3902
15:19:31.579 INF Submitted request. clSeqNr=3903
15:19:31.583 INF Submitted request. clSeqNr=3904
15:19:31.586 INF Submitted request. clSeqNr=3905
15:19:31.590 INF Submitted request. clSeqNr=3906
15:19:31.594 INF Submitted request. clSeqNr=3907
15:19:31.597 INF Submitted request. clSeqNr=3908
15:19:31.601 INF Submitted request. clSeqNr=3909
15:19:31.605 INF Submitted request. clSeqNr=3910
15:19:31.608 INF Submitted request. clSeqNr=3911
15:19:31.612 INF Submitted request. clSeqNr=3912
15:19:31.615 INF Submitted request. clSeqNr=3913
15:19:31.619 INF Submitted request. clSeqNr=3914
15:19:31.623 INF Submitted request. clSeqNr=3915
15:19:31.627 INF Submitted request. clSeqNr=3916
15:19:31.630 INF Submitted request. clSeqNr=3917
15:19:31.634 INF Submitted request. clSeqNr=3918
15:19:31.637 INF Submitted request. clSeqNr=3919
15:19:31.641 INF Submitted request. clSeqNr=3920
15:19:31.644 INF Submitted request. clSeqNr=3921
15:19:31.648 INF Submitted request. clSeqNr=3922
15:19:31.652 INF Submitted request. clSeqNr=3923
15:19:31.656 INF Submitted request. clSeqNr=3924
15:19:31.659 INF Submitted request. clSeqNr=3925
15:19:31.663 INF Submitted request. clSeqNr=3926
15:19:31.667 INF Submitted request. clSeqNr=3927
15:19:31.671 INF Submitted request. clSeqNr=3928
15:19:31.674 INF Submitted request. clSeqNr=3929
15:19:31.678 INF Submitted request. clSeqNr=3930
15:19:31.681 INF Submitted request. clSeqNr=3931
15:19:31.685 INF Submitted request. clSeqNr=3932
15:19:31.689 INF Submitted request. clSeqNr=3933
15:19:31.692 INF Submitted request. clSeqNr=3934
15:19:31.696 INF Submitted request. clSeqNr=3935
15:19:31.700 INF Submitted request. clSeqNr=3936
15:19:31.703 INF Submitted request. clSeqNr=3937
15:19:31.707 INF Submitted request. clSeqNr=3938
15:19:31.711 INF Submitted request. clSeqNr=3939
15:19:31.715 INF Submitted request. clSeqNr=3940
15:19:31.718 INF Submitted request. clSeqNr=3941
15:19:31.722 INF Submitted request. clSeqNr=3942
15:19:31.726 INF Submitted request. clSeqNr=3943
15:19:31.730 INF Submitted request. clSeqNr=3944
15:19:31.733 INF Submitted request. clSeqNr=3945
15:19:31.737 INF Submitted request. clSeqNr=3946
15:19:31.740 INF Submitted request. clSeqNr=3947
15:19:31.743 INF Submitted request. clSeqNr=3948
15:19:31.747 INF Submitted request. clSeqNr=3949
15:19:31.751 INF Submitted request. clSeqNr=3950
15:19:31.754 INF Submitted request. clSeqNr=3951
15:19:31.759 INF Submitted request. clSeqNr=3952
15:19:31.762 INF Submitted request. clSeqNr=3953
15:19:31.766 INF Submitted request. clSeqNr=3954
15:19:31.769 INF Submitted request. clSeqNr=3955
15:19:31.773 INF Submitted request. clSeqNr=3956
15:19:31.777 INF Submitted request. clSeqNr=3957
15:19:31.780 INF Submitted request. clSeqNr=3958
15:19:31.784 INF Submitted request. clSeqNr=3959
15:19:31.788 INF Submitted request. clSeqNr=3960
15:19:31.791 INF Submitted request. clSeqNr=3961
15:19:31.795 INF Submitted request. clSeqNr=3962
15:19:31.798 INF Submitted request. clSeqNr=3963
15:19:31.802 INF Submitted request. clSeqNr=3964
15:19:31.806 INF Submitted request. clSeqNr=3965
15:19:31.810 INF Submitted request. clSeqNr=3966
15:19:31.814 INF Submitted request. clSeqNr=3967
15:19:31.817 INF Submitted request. clSeqNr=3968
15:19:31.820 INF Submitted request. clSeqNr=3969
15:19:31.824 INF Submitted request. clSeqNr=3970
15:19:31.828 INF Submitted request. clSeqNr=3971
15:19:31.831 INF Submitted request. clSeqNr=3972
15:19:31.835 INF Submitted request. clSeqNr=3973
15:19:31.839 INF Submitted request. clSeqNr=3974
15:19:31.843 INF Submitted request. clSeqNr=3975
15:19:31.846 INF Submitted request. clSeqNr=3976
15:19:31.850 INF Submitted request. clSeqNr=3977
15:19:31.854 INF Submitted request. clSeqNr=3978
15:19:31.858 INF Submitted request. clSeqNr=3979
15:19:31.861 INF Submitted request. clSeqNr=3980
15:19:31.864 INF Submitted request. clSeqNr=3981
15:19:31.869 INF Submitted request. clSeqNr=3982
15:19:31.872 INF Submitted request. clSeqNr=3983
15:19:31.875 INF Submitted request. clSeqNr=3984
15:19:31.879 INF Submitted request. clSeqNr=3985
15:19:31.883 INF Submitted request. clSeqNr=3986
15:19:31.886 INF Submitted request. clSeqNr=3987
15:19:31.890 INF Submitted request. clSeqNr=3988
15:19:31.894 INF Submitted request. clSeqNr=3989
15:19:31.898 INF Submitted request. clSeqNr=3990
15:19:31.901 INF Submitted request. clSeqNr=3991
15:19:31.905 INF Submitted request. clSeqNr=3992
15:19:31.909 INF Submitted request. clSeqNr=3993
15:19:31.912 INF Submitted request. clSeqNr=3994
15:19:31.916 INF Submitted request. clSeqNr=3995
15:19:31.919 INF Submitted request. clSeqNr=3996
15:19:31.923 INF Submitted request. clSeqNr=3997
15:19:31.927 INF Submitted request. clSeqNr=3998
15:19:31.930 INF Submitted request. clSeqNr=3999
15:19:31.934 INF Submitted request. clSeqNr=4000
15:19:31.938 INF Submitted request. clSeqNr=4001
15:19:31.941 INF Submitted request. clSeqNr=4002
15:19:31.946 INF Submitted request. clSeqNr=4003
15:19:31.949 INF Submitted request. clSeqNr=4004
15:19:31.953 INF Submitted request. clSeqNr=4005
15:19:31.956 INF Submitted request. clSeqNr=4006
15:19:31.959 INF Submitted request. clSeqNr=4007
15:19:31.964 INF Submitted request. clSeqNr=4008
15:19:31.967 INF Submitted request. clSeqNr=4009
15:19:31.970 INF Submitted request. clSeqNr=4010
15:19:31.974 INF Submitted request. clSeqNr=4011
15:19:31.978 INF Submitted request. clSeqNr=4012
15:19:31.982 INF Submitted request. clSeqNr=4013
15:19:31.986 INF Submitted request. clSeqNr=4014
15:19:31.989 INF Submitted request. clSeqNr=4015
15:19:31.993 INF Submitted request. clSeqNr=4016
15:19:31.996 INF Submitted request. clSeqNr=4017
15:19:32.000 INF Submitted request. clSeqNr=4018
15:19:32.004 INF Submitted request. clSeqNr=4019
15:19:32.008 INF Submitted request. clSeqNr=4020
15:19:32.011 INF Submitted request. clSeqNr=4021
15:19:32.014 INF Submitted request. clSeqNr=4022
15:19:32.018 INF Submitted request. clSeqNr=4023
15:19:32.022 INF Submitted request. clSeqNr=4024
15:19:32.026 INF Submitted request. clSeqNr=4025
15:19:32.029 INF Submitted request. clSeqNr=4026
15:19:32.033 INF Submitted request. clSeqNr=4027
15:19:32.037 INF Submitted request. clSeqNr=4028
15:19:32.040 INF Submitted request. clSeqNr=4029
15:19:32.044 INF Submitted request. clSeqNr=4030
15:19:32.048 INF Submitted request. clSeqNr=4031
15:19:32.051 INF Submitted request. clSeqNr=4032
15:19:32.055 INF Submitted request. clSeqNr=4033
15:19:32.059 INF Submitted request. clSeqNr=4034
15:19:32.062 INF Submitted request. clSeqNr=4035
15:19:32.066 INF Submitted request. clSeqNr=4036
15:19:32.070 INF Submitted request. clSeqNr=4037
15:19:32.073 INF Submitted request. clSeqNr=4038
15:19:32.077 INF Submitted request. clSeqNr=4039
15:19:32.080 INF Submitted request. clSeqNr=4040
15:19:32.084 INF Submitted request. clSeqNr=4041
15:19:32.088 INF Submitted request. clSeqNr=4042
15:19:32.092 INF Submitted request. clSeqNr=4043
15:19:32.095 INF Submitted request. clSeqNr=4044
15:19:32.099 INF Submitted request. clSeqNr=4045
15:19:32.103 INF Submitted request. clSeqNr=4046
15:19:32.106 INF Submitted request. clSeqNr=4047
15:19:32.110 INF Submitted request. clSeqNr=4048
15:19:32.114 INF Submitted request. clSeqNr=4049
15:19:32.118 INF Submitted request. clSeqNr=4050
15:19:32.121 INF Submitted request. clSeqNr=4051
15:19:32.125 INF Submitted request. clSeqNr=4052
15:19:32.128 INF Submitted request. clSeqNr=4053
15:19:32.133 INF Submitted request. clSeqNr=4054
15:19:32.135 INF Submitted request. clSeqNr=4055
15:19:32.139 INF Submitted request. clSeqNr=4056
15:19:32.143 INF Submitted request. clSeqNr=4057
15:19:32.147 INF Submitted request. clSeqNr=4058
15:19:32.150 INF Submitted request. clSeqNr=4059
15:19:32.154 INF Submitted request. clSeqNr=4060
15:19:32.158 INF Submitted request. clSeqNr=4061
15:19:32.161 INF Submitted request. clSeqNr=4062
15:19:32.165 INF Submitted request. clSeqNr=4063
15:19:32.169 INF Submitted request. clSeqNr=4064
15:19:32.173 INF Submitted request. clSeqNr=4065
15:19:32.176 INF Submitted request. clSeqNr=4066
15:19:32.179 INF Submitted request. clSeqNr=4067
15:19:32.183 INF Submitted request. clSeqNr=4068
15:19:32.187 INF Submitted request. clSeqNr=4069
15:19:32.191 INF Submitted request. clSeqNr=4070
15:19:32.195 INF Submitted request. clSeqNr=4071
15:19:32.198 INF Submitted request. clSeqNr=4072
15:19:32.202 INF Submitted request. clSeqNr=4073
15:19:32.205 INF Submitted request. clSeqNr=4074
15:19:32.209 INF Submitted request. clSeqNr=4075
15:19:32.212 INF Submitted request. clSeqNr=4076
15:19:32.216 INF Submitted request. clSeqNr=4077
15:19:32.220 INF Submitted request. clSeqNr=4078
15:19:32.223 INF Submitted request. clSeqNr=4079
15:19:32.227 INF Submitted request. clSeqNr=4080
15:19:32.231 INF Submitted request. clSeqNr=4081
15:19:32.234 INF Submitted request. clSeqNr=4082
15:19:32.239 INF Submitted request. clSeqNr=4083
15:19:32.242 INF Submitted request. clSeqNr=4084
15:19:32.245 INF Submitted request. clSeqNr=4085
15:19:32.250 INF Submitted request. clSeqNr=4086
15:19:32.253 INF Submitted request. clSeqNr=4087
15:19:32.257 INF Submitted request. clSeqNr=4088
15:19:32.261 INF Submitted request. clSeqNr=4089
15:19:32.264 INF Submitted request. clSeqNr=4090
15:19:32.267 INF Submitted request. clSeqNr=4091
15:19:32.271 INF Submitted request. clSeqNr=4092
15:19:32.275 INF Submitted request. clSeqNr=4093
15:19:32.279 INF Submitted request. clSeqNr=4094
15:19:32.282 INF Stopping client on timeout. clientRunTime=15000
15:19:32.282 INF Submitted request. clSeqNr=4095
15:19:32.282 INF Finished submitting requests. nReq=4096
15:19:32.447 INF Request finished (out of order). clSeqNr=1139
15:19:32.448 INF Request finished (out of order). clSeqNr=1155
15:19:32.448 INF Request finished (out of order). clSeqNr=1171
15:19:32.449 INF Request finished (out of order). clSeqNr=1187
15:19:32.449 INF Request finished (out of order). clSeqNr=1203
15:19:32.450 INF Request finished (out of order). clSeqNr=1219
15:19:32.451 INF Request finished (out of order). clSeqNr=1235
15:19:32.452 INF Request finished (out of order). clSeqNr=1251
15:19:32.452 INF Request finished (out of order). clSeqNr=1011
15:19:32.452 INF Request finished (out of order). clSeqNr=1027
15:19:32.453 INF Request finished (out of order). clSeqNr=1043
15:19:32.454 INF Request finished (out of order). clSeqNr=1059
15:19:32.455 INF Request finished (out of order). clSeqNr=1075
15:19:32.455 INF Request finished (out of order). clSeqNr=1091
15:19:32.456 INF Request finished (out of order). clSeqNr=1107
15:19:32.457 INF Request finished (out of order). clSeqNr=1123
15:19:32.457 INF Request finished (out of order). clSeqNr=1140
15:19:32.458 INF Request finished (out of order). clSeqNr=1156
15:19:32.459 INF Request finished (out of order). clSeqNr=1172
15:19:32.459 INF Request finished (out of order). clSeqNr=1188
15:19:32.459 INF Request finished (out of order). clSeqNr=1204
15:19:32.459 INF Request finished (out of order). clSeqNr=1220
15:19:32.460 INF Request finished (out of order). clSeqNr=1236
15:19:32.461 INF Request finished (out of order). clSeqNr=1252
15:19:32.461 INF Request finished (out of order). clSeqNr=1012
15:19:32.461 INF Request finished (out of order). clSeqNr=1028
15:19:32.462 INF Request finished (out of order). clSeqNr=1044
15:19:32.463 INF Request finished (out of order). clSeqNr=1060
15:19:32.463 INF Request finished (out of order). clSeqNr=1076
15:19:32.464 INF Request finished (out of order). clSeqNr=1092
15:19:32.465 INF Request finished (out of order). clSeqNr=1108
15:19:32.465 INF Request finished (out of order). clSeqNr=1124
15:19:32.466 INF Request finished (out of order). clSeqNr=1141
15:19:32.466 INF Request finished (out of order). clSeqNr=1157
15:19:32.467 INF Request finished (out of order). clSeqNr=1173
15:19:32.467 INF Request finished (out of order). clSeqNr=1189
15:19:32.467 INF Request finished (out of order). clSeqNr=1205
15:19:32.467 INF Request finished (out of order). clSeqNr=1221
15:19:32.467 INF Request finished (out of order). clSeqNr=1237
15:19:32.467 INF Request finished (out of order). clSeqNr=1253
15:19:32.467 INF Request finished (out of order). clSeqNr=1013
15:19:32.467 INF Request finished (out of order). clSeqNr=1029
15:19:32.467 INF Request finished (out of order). clSeqNr=1045
15:19:32.467 INF Request finished (out of order). clSeqNr=1061
15:19:32.467 INF Request finished (out of order). clSeqNr=1077
15:19:32.467 INF Request finished (out of order). clSeqNr=1093
15:19:32.467 INF Request finished (out of order). clSeqNr=1109
15:19:32.467 INF Request finished (out of order). clSeqNr=1125
15:19:32.468 INF Request finished (out of order). clSeqNr=1142
15:19:32.468 INF Request finished (out of order). clSeqNr=1158
15:19:32.468 INF Request finished (out of order). clSeqNr=1174
15:19:32.468 INF Request finished (out of order). clSeqNr=1190
15:19:32.468 INF Request finished (out of order). clSeqNr=1206
15:19:32.468 INF Request finished (out of order). clSeqNr=1222
15:19:32.468 INF Request finished (out of order). clSeqNr=1238
15:19:32.468 INF Request finished (out of order). clSeqNr=1254
15:19:32.468 INF Request finished (out of order). clSeqNr=1014
15:19:32.468 INF Request finished (out of order). clSeqNr=1030
15:19:32.468 INF Request finished (out of order). clSeqNr=1046
15:19:32.468 INF Request finished (out of order). clSeqNr=1062
15:19:32.468 INF Request finished (out of order). clSeqNr=1078
15:19:32.469 INF Request finished (out of order). clSeqNr=1094
15:19:32.470 INF Request finished (out of order). clSeqNr=1110
15:19:32.470 INF Request finished (out of order). clSeqNr=1126
15:19:32.471 INF Request finished (out of order). clSeqNr=1143
15:19:32.471 INF Request finished (out of order). clSeqNr=1159
15:19:32.485 INF Request finished (out of order). clSeqNr=1175
15:19:32.485 INF Request finished (out of order). clSeqNr=1191
15:19:32.485 INF Request finished (out of order). clSeqNr=1207
15:19:32.486 INF Request finished (out of order). clSeqNr=1223
15:19:32.486 INF Request finished (out of order). clSeqNr=1239
15:19:32.487 INF Request finished (out of order). clSeqNr=1255
15:19:32.487 INF Request finished (out of order). clSeqNr=1015
15:19:32.487 INF Request finished (out of order). clSeqNr=1031
15:19:32.488 INF Request finished (out of order). clSeqNr=1047
15:19:32.488 INF Request finished (out of order). clSeqNr=1063
15:19:32.489 INF Request finished (out of order). clSeqNr=1079
15:19:32.490 INF Request finished (out of order). clSeqNr=1095
15:19:32.490 INF Request finished (out of order). clSeqNr=1111
15:19:32.491 INF Request finished (out of order). clSeqNr=1127
15:19:32.491 INF Request finished (out of order). clSeqNr=1144
15:19:32.492 INF Request finished (out of order). clSeqNr=1160
15:19:32.492 INF Request finished (out of order). clSeqNr=1176
15:19:32.493 INF Request finished (out of order). clSeqNr=1192
15:19:32.493 INF Request finished (out of order). clSeqNr=1208
15:19:32.494 INF Request finished (out of order). clSeqNr=1224
15:19:32.495 INF Request finished (out of order). clSeqNr=1240
15:19:32.495 INF Request finished (out of order). clSeqNr=1256
15:19:32.495 INF Request finished (out of order). clSeqNr=1016
15:19:32.496 INF Request finished (out of order). clSeqNr=1032
15:19:32.496 INF Request finished (out of order). clSeqNr=1048
15:19:32.497 INF Request finished (out of order). clSeqNr=1064
15:19:32.498 INF Request finished (out of order). clSeqNr=1080
15:19:32.498 INF Request finished (out of order). clSeqNr=1096
15:19:32.499 INF Request finished (out of order). clSeqNr=1112
15:19:32.500 INF Request finished (out of order). clSeqNr=1128
15:19:32.501 INF Request finished (out of order). clSeqNr=1145
15:19:32.501 INF Request finished (out of order). clSeqNr=1161
15:19:32.502 INF Request finished (out of order). clSeqNr=1177
15:19:32.502 INF Request finished (out of order). clSeqNr=1193
15:19:32.503 INF Request finished (out of order). clSeqNr=1209
15:19:32.503 INF Request finished (out of order). clSeqNr=1225
15:19:32.503 INF Request finished (out of order). clSeqNr=1241
15:19:32.503 INF Request finished (out of order). clSeqNr=1257
15:19:32.503 INF Request finished (out of order). clSeqNr=1017
15:19:32.504 INF Request finished (out of order). clSeqNr=1033
15:19:32.505 INF Request finished (out of order). clSeqNr=1049
15:19:32.505 INF Request finished (out of order). clSeqNr=1065
15:19:32.506 INF Request finished (out of order). clSeqNr=1081
15:19:32.506 INF Request finished (out of order). clSeqNr=1097
15:19:32.507 INF Request finished (out of order). clSeqNr=1113
15:19:32.507 INF Request finished (out of order). clSeqNr=1129
15:19:32.508 INF Request finished (out of order). clSeqNr=1146
15:19:32.508 INF Request finished (out of order). clSeqNr=1162
15:19:32.508 INF Request finished (out of order). clSeqNr=1178
15:19:32.509 INF Request finished (out of order). clSeqNr=1194
15:19:32.517 INF Request finished (out of order). clSeqNr=1210
15:19:32.517 INF Request finished (out of order). clSeqNr=1226
15:19:32.518 INF Request finished (out of order). clSeqNr=1242
15:19:32.519 INF Request finished (out of order). clSeqNr=1258
15:19:32.519 INF Request finished (out of order). clSeqNr=1274
15:19:32.520 INF Request finished (out of order). clSeqNr=1290
15:19:32.520 INF Request finished (out of order). clSeqNr=1050
15:19:32.520 INF Request finished (out of order). clSeqNr=1066
15:19:32.520 INF Request finished (out of order). clSeqNr=1082
15:19:32.520 INF Request finished (out of order). clSeqNr=1098
15:19:32.520 INF Request finished (out of order). clSeqNr=1114
15:19:32.520 INF Request finished (out of order). clSeqNr=1130
15:19:32.520 INF Request finished (out of order). clSeqNr=1147
15:19:32.520 INF Request finished (out of order). clSeqNr=1163
15:19:32.520 INF Request finished (out of order). clSeqNr=1179
15:19:32.520 INF Request finished (out of order). clSeqNr=1195
15:19:32.520 INF Request finished (out of order). clSeqNr=1211
15:19:32.527 INF Request finished (out of order). clSeqNr=1227
15:19:32.527 INF Request finished (out of order). clSeqNr=1243
15:19:32.528 INF Request finished (out of order). clSeqNr=1259
15:19:32.528 INF Request finished (out of order). clSeqNr=1275
15:19:32.529 INF Request finished (out of order). clSeqNr=1291
15:19:32.529 INF Request finished (out of order). clSeqNr=1051
15:19:32.530 INF Request finished (out of order). clSeqNr=1067
15:19:32.531 INF Request finished (out of order). clSeqNr=1083
15:19:32.531 INF Request finished (out of order). clSeqNr=1099
15:19:32.543 INF Request finished (out of order). clSeqNr=1115
15:19:32.544 INF Request finished (out of order). clSeqNr=1131
15:19:32.545 INF Request finished (out of order). clSeqNr=1148
15:19:32.545 INF Request finished (out of order). clSeqNr=1164
15:19:32.546 INF Request finished (out of order). clSeqNr=1180
15:19:32.547 INF Request finished (out of order). clSeqNr=1196
15:19:32.547 INF Request finished (out of order). clSeqNr=1212
15:19:32.548 INF Request finished (out of order). clSeqNr=1228
15:19:32.549 INF Request finished (out of order). clSeqNr=1244
15:19:32.549 INF Request finished (out of order). clSeqNr=1260
15:19:32.550 INF Request finished (out of order). clSeqNr=1276
15:19:32.551 INF Request finished (out of order). clSeqNr=1292
15:19:32.551 INF Request finished (out of order). clSeqNr=1052
15:19:32.552 INF Request finished (out of order). clSeqNr=1068
15:19:32.552 INF Request finished (out of order). clSeqNr=1084
15:19:32.553 INF Request finished (out of order). clSeqNr=1100
15:19:32.565 INF Request finished (out of order). clSeqNr=1116
15:19:32.565 INF Request finished (out of order). clSeqNr=1132
15:19:32.565 INF Request finished (out of order). clSeqNr=1149
15:19:32.565 INF Request finished (out of order). clSeqNr=1165
15:19:32.565 INF Request finished (out of order). clSeqNr=1181
15:19:32.565 INF Request finished (out of order). clSeqNr=1197
15:19:32.565 INF Request finished (out of order). clSeqNr=1213
15:19:32.565 INF Request finished (out of order). clSeqNr=1229
15:19:32.565 INF Request finished (out of order). clSeqNr=1245
15:19:32.565 INF Request finished (out of order). clSeqNr=1261
15:19:32.567 INF Request finished (out of order). clSeqNr=1277
15:19:32.567 INF Request finished (out of order). clSeqNr=1293
15:19:32.567 INF Request finished (out of order). clSeqNr=1053
15:19:32.567 INF Request finished (out of order). clSeqNr=1069
15:19:32.567 INF Request finished (out of order). clSeqNr=1085
15:19:32.567 INF Request finished (out of order). clSeqNr=1101
15:19:32.567 INF Request finished (out of order). clSeqNr=1117
15:19:32.567 INF Request finished (out of order). clSeqNr=1133
15:19:32.567 INF Request finished (out of order). clSeqNr=1150
15:19:32.567 INF Request finished (out of order). clSeqNr=1166
15:19:32.567 INF Request finished (out of order). clSeqNr=1182
15:19:32.567 INF Request finished (out of order). clSeqNr=1198
15:19:32.567 INF Request finished (out of order). clSeqNr=1214
15:19:32.567 INF Request finished (out of order). clSeqNr=1230
15:19:32.568 INF Request finished (out of order). clSeqNr=1246
15:19:32.568 INF Request finished (out of order). clSeqNr=1262
15:19:32.568 INF Request finished (out of order). clSeqNr=1278
15:19:32.568 INF Request finished (out of order). clSeqNr=1038
15:19:32.568 INF Request finished (out of order). clSeqNr=1054
15:19:32.568 INF Request finished (out of order). clSeqNr=1070
15:19:32.568 INF Request finished (out of order). clSeqNr=1086
15:19:32.568 INF Request finished (out of order). clSeqNr=1102
15:19:32.568 INF Request finished (out of order). clSeqNr=1118
15:19:32.568 INF Request finished (out of order). clSeqNr=1134
15:19:32.568 INF Request finished (out of order). clSeqNr=1151
15:19:32.568 INF Request finished (out of order). clSeqNr=1167
15:19:32.569 INF Request finished (out of order). clSeqNr=1183
15:19:32.569 INF Request finished (out of order). clSeqNr=1199
15:19:32.569 INF Request finished (out of order). clSeqNr=1215
15:19:32.570 INF Request finished (out of order). clSeqNr=1231
15:19:32.570 INF Request finished (out of order). clSeqNr=1247
15:19:32.570 INF Request finished (out of order). clSeqNr=1263
15:19:32.570 INF Request finished (out of order). clSeqNr=1279
15:19:32.570 INF Request finished (out of order). clSeqNr=1039
15:19:32.571 INF Request finished (out of order). clSeqNr=1055
15:19:32.571 INF Request finished (out of order). clSeqNr=1071
15:19:32.572 INF Request finished (out of order). clSeqNr=1087
15:19:32.572 INF Request finished (out of order). clSeqNr=1103
15:19:32.573 INF Request finished (out of order). clSeqNr=1119
15:19:32.573 INF Request finished (out of order). clSeqNr=1135
15:19:32.574 INF Request finished (out of order). clSeqNr=1152
15:19:32.574 INF Request finished (out of order). clSeqNr=1168
15:19:32.575 INF Request finished (out of order). clSeqNr=1184
15:19:32.576 INF Request finished (out of order). clSeqNr=1200
15:19:32.576 INF Request finished (out of order). clSeqNr=1216
15:19:32.577 INF Request finished (out of order). clSeqNr=1232
15:19:32.577 INF Request finished (out of order). clSeqNr=1248
15:19:32.578 INF Request finished (out of order). clSeqNr=1264
15:19:32.579 INF Request finished (out of order). clSeqNr=1280
15:19:32.579 INF Request finished (out of order). clSeqNr=1040
15:19:32.579 INF Request finished (out of order). clSeqNr=1056
15:19:32.580 INF Request finished (out of order). clSeqNr=1072
15:19:32.580 INF Request finished (out of order). clSeqNr=1088
15:19:32.580 INF Request finished (out of order). clSeqNr=1104
15:19:32.580 INF Request finished (out of order). clSeqNr=1120
15:19:32.581 INF Request finished (out of order). clSeqNr=1136
15:19:32.583 INF Request finished (out of order). clSeqNr=1153
15:19:32.584 INF Request finished (out of order). clSeqNr=1169
15:19:32.584 INF Request finished (out of order). clSeqNr=1185
15:19:32.585 INF Request finished (out of order). clSeqNr=1201
15:19:32.586 INF Request finished (out of order). clSeqNr=1217
15:19:32.586 INF Request finished (out of order). clSeqNr=1233
15:19:32.587 INF Request finished (out of order). clSeqNr=1249
15:19:32.588 INF Request finished (out of order). clSeqNr=1265
15:19:32.588 INF Request finished (out of order). clSeqNr=1281
15:19:32.588 INF Request finished (out of order). clSeqNr=1041
15:19:32.589 INF Request finished (out of order). clSeqNr=1057
15:19:32.590 INF Request finished (out of order). clSeqNr=1073
15:19:32.590 INF Request finished (out of order). clSeqNr=1089
15:19:32.591 INF Request finished (out of order). clSeqNr=1105
15:19:32.591 INF Request finished (out of order). clSeqNr=1121
15:19:32.592 INF Request finished (out of order). clSeqNr=1137
15:19:32.593 INF Request finished (out of order). clSeqNr=626
15:19:32.593 INF Request finished (out of order). clSeqNr=642
15:19:32.594 INF Request finished (out of order). clSeqNr=658
15:19:32.595 INF Request finished (out of order). clSeqNr=674
15:19:32.596 INF Request finished (out of order). clSeqNr=690
15:19:32.596 INF Request finished (out of order). clSeqNr=706
15:19:32.597 INF Request finished (out of order). clSeqNr=722
15:19:32.598 INF Request finished (out of order). clSeqNr=738
15:19:32.598 INF Request finished (out of order). clSeqNr=754
15:19:32.599 INF Request finished (out of order). clSeqNr=770
15:19:32.599 INF Request finished (out of order). clSeqNr=530
15:19:32.599 INF Request delivered (in order). clSeqNr=530
15:19:32.599 INF Request delivered (in order). clSeqNr=531
15:19:32.599 INF Request delivered (in order). clSeqNr=532
15:19:32.599 INF Request delivered (in order). clSeqNr=533
15:19:32.599 INF Request delivered (in order). clSeqNr=534
15:19:32.599 INF Request delivered (in order). clSeqNr=535
15:19:32.599 INF Request delivered (in order). clSeqNr=536
15:19:32.599 INF Request delivered (in order). clSeqNr=537
15:19:32.599 INF Request delivered (in order). clSeqNr=538
15:19:32.599 INF Request delivered (in order). clSeqNr=539
15:19:32.599 INF Request delivered (in order). clSeqNr=540
15:19:32.599 INF Request delivered (in order). clSeqNr=541
15:19:32.599 INF Request delivered (in order). clSeqNr=542
15:19:32.599 INF Request delivered (in order). clSeqNr=543
15:19:32.599 INF Request delivered (in order). clSeqNr=544
15:19:32.599 INF Request delivered (in order). clSeqNr=545
15:19:32.600 INF Request finished (out of order). clSeqNr=546
15:19:32.600 INF Request delivered (in order). clSeqNr=546
15:19:32.600 INF Request delivered (in order). clSeqNr=547
15:19:32.600 INF Request delivered (in order). clSeqNr=548
15:19:32.600 INF Request delivered (in order). clSeqNr=549
15:19:32.600 INF Request delivered (in order). clSeqNr=550
15:19:32.600 INF Request delivered (in order). clSeqNr=551
15:19:32.600 INF Request delivered (in order). clSeqNr=552
15:19:32.600 INF Request delivered (in order). clSeqNr=553
15:19:32.600 INF Request delivered (in order). clSeqNr=554
15:19:32.600 INF Request delivered (in order). clSeqNr=555
15:19:32.600 INF Request delivered (in order). clSeqNr=556
15:19:32.600 INF Request delivered (in order). clSeqNr=557
15:19:32.600 INF Request delivered (in order). clSeqNr=558
15:19:32.600 INF Request delivered (in order). clSeqNr=559
15:19:32.600 INF Request delivered (in order). clSeqNr=560
15:19:32.600 INF Request delivered (in order). clSeqNr=561
15:19:32.614 INF Request finished (out of order). clSeqNr=562
15:19:32.614 INF Request delivered (in order). clSeqNr=562
15:19:32.614 INF Request delivered (in order). clSeqNr=563
15:19:32.614 INF Request delivered (in order). clSeqNr=564
15:19:32.614 INF Request delivered (in order). clSeqNr=565
15:19:32.614 INF Request delivered (in order). clSeqNr=566
15:19:32.614 INF Request delivered (in order). clSeqNr=567
15:19:32.614 INF Request delivered (in order). clSeqNr=568
15:19:32.614 INF Request delivered (in order). clSeqNr=569
15:19:32.614 INF Request delivered (in order). clSeqNr=570
15:19:32.614 INF Request delivered (in order). clSeqNr=571
15:19:32.614 INF Request delivered (in order). clSeqNr=572
15:19:32.614 INF Request delivered (in order). clSeqNr=573
15:19:32.614 INF Request delivered (in order). clSeqNr=574
15:19:32.614 INF Request delivered (in order). clSeqNr=575
15:19:32.614 INF Request delivered (in order). clSeqNr=576
15:19:32.614 INF Request delivered (in order). clSeqNr=577
15:19:32.615 INF Request finished (out of order). clSeqNr=578
15:19:32.615 INF Request delivered (in order). clSeqNr=578
15:19:32.615 INF Request delivered (in order). clSeqNr=579
15:19:32.615 INF Request delivered (in order). clSeqNr=580
15:19:32.615 INF Request delivered (in order). clSeqNr=581
15:19:32.615 INF Request delivered (in order). clSeqNr=582
15:19:32.615 INF Request delivered (in order). clSeqNr=583
15:19:32.615 INF Request delivered (in order). clSeqNr=584
15:19:32.615 INF Request delivered (in order). clSeqNr=585
15:19:32.615 INF Request delivered (in order). clSeqNr=586
15:19:32.615 INF Request delivered (in order). clSeqNr=587
15:19:32.615 INF Request delivered (in order). clSeqNr=588
15:19:32.615 INF Request delivered (in order). clSeqNr=589
15:19:32.615 INF Request delivered (in order). clSeqNr=590
15:19:32.615 INF Request delivered (in order). clSeqNr=591
15:19:32.615 INF Request delivered (in order). clSeqNr=592
15:19:32.615 INF Request delivered (in order). clSeqNr=593
15:19:32.616 INF Request finished (out of order). clSeqNr=594
15:19:32.616 INF Request delivered (in order). clSeqNr=594
15:19:32.616 INF Request delivered (in order). clSeqNr=595
15:19:32.616 INF Request delivered (in order). clSeqNr=596
15:19:32.616 INF Request delivered (in order). clSeqNr=597
15:19:32.616 INF Request delivered (in order). clSeqNr=598
15:19:32.616 INF Request delivered (in order). clSeqNr=599
15:19:32.616 INF Request delivered (in order). clSeqNr=600
15:19:32.616 INF Request delivered (in order). clSeqNr=601
15:19:32.616 INF Request delivered (in order). clSeqNr=602
15:19:32.616 INF Request delivered (in order). clSeqNr=603
15:19:32.616 INF Request delivered (in order). clSeqNr=604
15:19:32.616 INF Request delivered (in order). clSeqNr=605
15:19:32.616 INF Request delivered (in order). clSeqNr=606
15:19:32.616 INF Request delivered (in order). clSeqNr=607
15:19:32.616 INF Request delivered (in order). clSeqNr=608
15:19:32.616 INF Request delivered (in order). clSeqNr=609
15:19:32.616 INF Request finished (out of order). clSeqNr=610
15:19:32.616 INF Request delivered (in order). clSeqNr=610
15:19:32.616 INF Request delivered (in order). clSeqNr=611
15:19:32.616 INF Request delivered (in order). clSeqNr=612
15:19:32.616 INF Request delivered (in order). clSeqNr=613
15:19:32.616 INF Request delivered (in order). clSeqNr=614
15:19:32.616 INF Request delivered (in order). clSeqNr=615
15:19:32.616 INF Request delivered (in order). clSeqNr=616
15:19:32.616 INF Request delivered (in order). clSeqNr=617
15:19:32.616 INF Request delivered (in order). clSeqNr=618
15:19:32.616 INF Request delivered (in order). clSeqNr=619
15:19:32.616 INF Request delivered (in order). clSeqNr=620
15:19:32.616 INF Request delivered (in order). clSeqNr=621
15:19:32.616 INF Request delivered (in order). clSeqNr=622
15:19:32.616 INF Request delivered (in order). clSeqNr=623
15:19:32.616 INF Request delivered (in order). clSeqNr=624
15:19:32.616 INF Request delivered (in order). clSeqNr=625
15:19:32.616 INF Request delivered (in order). clSeqNr=626
15:19:32.616 INF Request delivered (in order). clSeqNr=627
15:19:32.616 INF Request delivered (in order). clSeqNr=628
15:19:32.616 INF Request delivered (in order). clSeqNr=629
15:19:32.616 INF Request delivered (in order). clSeqNr=630
15:19:32.617 INF Request delivered (in order). clSeqNr=631
15:19:32.617 INF Request delivered (in order). clSeqNr=632
15:19:32.617 INF Request delivered (in order). clSeqNr=633
15:19:32.617 INF Request delivered (in order). clSeqNr=634
15:19:32.617 INF Request delivered (in order). clSeqNr=635
15:19:32.617 INF Request delivered (in order). clSeqNr=636
15:19:32.617 INF Request delivered (in order). clSeqNr=637
15:19:32.617 INF Request delivered (in order). clSeqNr=638
15:19:32.617 INF Request delivered (in order). clSeqNr=639
15:19:32.617 INF Request delivered (in order). clSeqNr=640
15:19:32.617 INF Request delivered (in order). clSeqNr=641
15:19:32.617 INF Request delivered (in order). clSeqNr=642
15:19:32.617 INF Request delivered (in order). clSeqNr=643
15:19:32.617 INF Request delivered (in order). clSeqNr=644
15:19:32.617 INF Request delivered (in order). clSeqNr=645
15:19:32.617 INF Request delivered (in order). clSeqNr=646
15:19:32.617 INF Request delivered (in order). clSeqNr=647
15:19:32.617 INF Request delivered (in order). clSeqNr=648
15:19:32.617 INF Request delivered (in order). clSeqNr=649
15:19:32.617 INF Request delivered (in order). clSeqNr=650
15:19:32.617 INF Request delivered (in order). clSeqNr=651
15:19:32.617 INF Request delivered (in order). clSeqNr=652
15:19:32.617 INF Request delivered (in order). clSeqNr=653
15:19:32.617 INF Request delivered (in order). clSeqNr=654
15:19:32.617 INF Request delivered (in order). clSeqNr=655
15:19:32.617 INF Request delivered (in order). clSeqNr=656
15:19:32.617 INF Request delivered (in order). clSeqNr=657
15:19:32.617 INF Request delivered (in order). clSeqNr=658
15:19:32.617 INF Request delivered (in order). clSeqNr=659
15:19:32.617 INF Request delivered (in order). clSeqNr=660
15:19:32.617 INF Request delivered (in order). clSeqNr=661
15:19:32.617 INF Request delivered (in order). clSeqNr=662
15:19:32.617 INF Request delivered (in order). clSeqNr=663
15:19:32.617 INF Request delivered (in order). clSeqNr=664
15:19:32.617 INF Request delivered (in order). clSeqNr=665
15:19:32.617 INF Request delivered (in order). clSeqNr=666
15:19:32.617 INF Request delivered (in order). clSeqNr=667
15:19:32.617 INF Request delivered (in order). clSeqNr=668
15:19:32.617 INF Request delivered (in order). clSeqNr=669
15:19:32.617 INF Request delivered (in order). clSeqNr=670
15:19:32.617 INF Request delivered (in order). clSeqNr=671
15:19:32.617 INF Request delivered (in order). clSeqNr=672
15:19:32.617 INF Request delivered (in order). clSeqNr=673
15:19:32.617 INF Request delivered (in order). clSeqNr=674
15:19:32.617 INF Request delivered (in order). clSeqNr=675
15:19:32.617 INF Request delivered (in order). clSeqNr=676
15:19:32.617 INF Request delivered (in order). clSeqNr=677
15:19:32.617 INF Request delivered (in order). clSeqNr=678
15:19:32.617 INF Request delivered (in order). clSeqNr=679
15:19:32.617 INF Request delivered (in order). clSeqNr=680
15:19:32.617 INF Request delivered (in order). clSeqNr=681
15:19:32.617 INF Request delivered (in order). clSeqNr=682
15:19:32.617 INF Request delivered (in order). clSeqNr=683
15:19:32.618 INF Request delivered (in order). clSeqNr=684
15:19:32.618 INF Request delivered (in order). clSeqNr=685
15:19:32.618 INF Request delivered (in order). clSeqNr=686
15:19:32.618 INF Request delivered (in order). clSeqNr=687
15:19:32.618 INF Request delivered (in order). clSeqNr=688
15:19:32.618 INF Request delivered (in order). clSeqNr=689
15:19:32.618 INF Request delivered (in order). clSeqNr=690
15:19:32.618 INF Request delivered (in order). clSeqNr=691
15:19:32.618 INF Request delivered (in order). clSeqNr=692
15:19:32.618 INF Request delivered (in order). clSeqNr=693
15:19:32.618 INF Request delivered (in order). clSeqNr=694
15:19:32.618 INF Request delivered (in order). clSeqNr=695
15:19:32.618 INF Request delivered (in order). clSeqNr=696
15:19:32.618 INF Request delivered (in order). clSeqNr=697
15:19:32.618 INF Request delivered (in order). clSeqNr=698
15:19:32.618 INF Request delivered (in order). clSeqNr=699
15:19:32.618 INF Request delivered (in order). clSeqNr=700
15:19:32.618 INF Request delivered (in order). clSeqNr=701
15:19:32.618 INF Request delivered (in order). clSeqNr=702
15:19:32.618 INF Request delivered (in order). clSeqNr=703
15:19:32.618 INF Request delivered (in order). clSeqNr=704
15:19:32.618 INF Request delivered (in order). clSeqNr=705
15:19:32.618 INF Request delivered (in order). clSeqNr=706
15:19:32.618 INF Request delivered (in order). clSeqNr=707
15:19:32.618 INF Request delivered (in order). clSeqNr=708
15:19:32.618 INF Request delivered (in order). clSeqNr=709
15:19:32.618 INF Request delivered (in order). clSeqNr=710
15:19:32.618 INF Request delivered (in order). clSeqNr=711
15:19:32.618 INF Request delivered (in order). clSeqNr=712
15:19:32.618 INF Request delivered (in order). clSeqNr=713
15:19:32.618 INF Request delivered (in order). clSeqNr=714
15:19:32.618 INF Request delivered (in order). clSeqNr=715
15:19:32.618 INF Request delivered (in order). clSeqNr=716
15:19:32.618 INF Request delivered (in order). clSeqNr=717
15:19:32.618 INF Request delivered (in order). clSeqNr=718
15:19:32.618 INF Request delivered (in order). clSeqNr=719
15:19:32.618 INF Request delivered (in order). clSeqNr=720
15:19:32.618 INF Request delivered (in order). clSeqNr=721
15:19:32.618 INF Request delivered (in order). clSeqNr=722
15:19:32.618 INF Request delivered (in order). clSeqNr=723
15:19:32.618 INF Request delivered (in order). clSeqNr=724
15:19:32.618 INF Request delivered (in order). clSeqNr=725
15:19:32.618 INF Request delivered (in order). clSeqNr=726
15:19:32.618 INF Request delivered (in order). clSeqNr=727
15:19:32.618 INF Request delivered (in order). clSeqNr=728
15:19:32.618 INF Request delivered (in order). clSeqNr=729
15:19:32.618 INF Request delivered (in order). clSeqNr=730
15:19:32.618 INF Request delivered (in order). clSeqNr=731
15:19:32.618 INF Request delivered (in order). clSeqNr=732
15:19:32.618 INF Request delivered (in order). clSeqNr=733
15:19:32.618 INF Request delivered (in order). clSeqNr=734
15:19:32.618 INF Request delivered (in order). clSeqNr=735
15:19:32.618 INF Request delivered (in order). clSeqNr=736
15:19:32.618 INF Request delivered (in order). clSeqNr=737
15:19:32.618 INF Request delivered (in order). clSeqNr=738
15:19:32.618 INF Request delivered (in order). clSeqNr=739
15:19:32.618 INF Request delivered (in order). clSeqNr=740
15:19:32.618 INF Request delivered (in order). clSeqNr=741
15:19:32.618 INF Request delivered (in order). clSeqNr=742
15:19:32.618 INF Request delivered (in order). clSeqNr=743
15:19:32.618 INF Request delivered (in order). clSeqNr=744
15:19:32.618 INF Request delivered (in order). clSeqNr=745
15:19:32.619 INF Request delivered (in order). clSeqNr=746
15:19:32.619 INF Request delivered (in order). clSeqNr=747
15:19:32.619 INF Request delivered (in order). clSeqNr=748
15:19:32.619 INF Request delivered (in order). clSeqNr=749
15:19:32.619 INF Request delivered (in order). clSeqNr=750
15:19:32.619 INF Request delivered (in order). clSeqNr=751
15:19:32.619 INF Request delivered (in order). clSeqNr=752
15:19:32.619 INF Request delivered (in order). clSeqNr=753
15:19:32.619 INF Request delivered (in order). clSeqNr=754
15:19:32.619 INF Request delivered (in order). clSeqNr=755
15:19:32.619 INF Request delivered (in order). clSeqNr=756
15:19:32.619 INF Request delivered (in order). clSeqNr=757
15:19:32.619 INF Request delivered (in order). clSeqNr=758
15:19:32.619 INF Request delivered (in order). clSeqNr=759
15:19:32.619 INF Request delivered (in order). clSeqNr=760
15:19:32.619 INF Request delivered (in order). clSeqNr=761
15:19:32.619 INF Request delivered (in order). clSeqNr=762
15:19:32.619 INF Request delivered (in order). clSeqNr=763
15:19:32.619 INF Request delivered (in order). clSeqNr=764
15:19:32.619 INF Request delivered (in order). clSeqNr=765
15:19:32.619 INF Request delivered (in order). clSeqNr=766
15:19:32.619 INF Request delivered (in order). clSeqNr=767
15:19:32.619 INF Request delivered (in order). clSeqNr=768
15:19:32.619 INF Request delivered (in order). clSeqNr=769
15:19:32.619 INF Request delivered (in order). clSeqNr=770
15:19:32.619 INF Request delivered (in order). clSeqNr=771
15:19:32.619 INF Request delivered (in order). clSeqNr=772
15:19:32.619 INF Request delivered (in order). clSeqNr=773
15:19:32.619 INF Request delivered (in order). clSeqNr=774
15:19:32.619 INF Request delivered (in order). clSeqNr=775
15:19:32.619 INF Request delivered (in order). clSeqNr=776
15:19:32.619 INF Request delivered (in order). clSeqNr=777
15:19:32.619 INF Request delivered (in order). clSeqNr=778
15:19:32.619 INF Request delivered (in order). clSeqNr=779
15:19:32.619 INF Request delivered (in order). clSeqNr=780
15:19:32.619 INF Request delivered (in order). clSeqNr=781
15:19:32.619 INF Request delivered (in order). clSeqNr=782
15:19:32.619 INF Request delivered (in order). clSeqNr=783
15:19:32.619 INF Request delivered (in order). clSeqNr=784
15:19:32.619 INF Request delivered (in order). clSeqNr=785
15:19:32.619 INF Request finished (out of order). clSeqNr=1395
15:19:32.619 INF Request finished (out of order). clSeqNr=1411
15:19:32.619 INF Request finished (out of order). clSeqNr=1427
15:19:32.619 INF Request finished (out of order). clSeqNr=1443
15:19:32.620 INF Request finished (out of order). clSeqNr=1459
15:19:32.621 INF Request finished (out of order). clSeqNr=1475
15:19:32.621 INF Request finished (out of order). clSeqNr=1491
15:19:32.622 INF Request finished (out of order). clSeqNr=1507
15:19:32.622 INF Request finished (out of order). clSeqNr=1267
15:19:32.623 INF Request finished (out of order). clSeqNr=1283
15:19:32.623 INF Request finished (out of order). clSeqNr=1299
15:19:32.624 INF Request finished (out of order). clSeqNr=1315
15:19:32.624 INF Request finished (out of order). clSeqNr=1331
15:19:32.625 INF Request finished (out of order). clSeqNr=1347
15:19:32.625 INF Request finished (out of order). clSeqNr=1363
15:19:32.626 INF Request finished (out of order). clSeqNr=1379
15:19:32.626 INF Request finished (out of order). clSeqNr=1396
15:19:32.627 INF Request finished (out of order). clSeqNr=1412
15:19:32.627 INF Request finished (out of order). clSeqNr=1428
15:19:32.628 INF Request finished (out of order). clSeqNr=1444
15:19:32.628 INF Request finished (out of order). clSeqNr=1460
15:19:32.629 INF Request finished (out of order). clSeqNr=1476
15:19:32.629 INF Request finished (out of order). clSeqNr=1492
15:19:32.630 INF Request finished (out of order). clSeqNr=1508
15:19:32.630 INF Request finished (out of order). clSeqNr=1268
15:19:32.631 INF Request finished (out of order). clSeqNr=1284
15:19:32.631 INF Request finished (out of order). clSeqNr=1300
15:19:32.632 INF Request finished (out of order). clSeqNr=1316
15:19:32.633 INF Request finished (out of order). clSeqNr=1332
15:19:32.633 INF Request finished (out of order). clSeqNr=1348
15:19:32.633 INF Request finished (out of order). clSeqNr=1364
15:19:32.635 INF Request finished (out of order). clSeqNr=1380
15:19:32.635 INF Request finished (out of order). clSeqNr=1397
15:19:32.636 INF Request finished (out of order). clSeqNr=1413
15:19:32.636 INF Request finished (out of order). clSeqNr=1429
15:19:32.637 INF Request finished (out of order). clSeqNr=1445
15:19:32.638 INF Request finished (out of order). clSeqNr=1461
15:19:32.638 INF Request finished (out of order). clSeqNr=1477
15:19:32.639 INF Request finished (out of order). clSeqNr=1493
15:19:32.640 INF Request finished (out of order). clSeqNr=1509
15:19:32.640 INF Request finished (out of order). clSeqNr=1269
15:19:32.645 INF Request finished (out of order). clSeqNr=1285
15:19:32.645 INF Request finished (out of order). clSeqNr=1301
15:19:32.645 INF Request finished (out of order). clSeqNr=1317
15:19:32.645 INF Request finished (out of order). clSeqNr=1333
15:19:32.645 INF Request finished (out of order). clSeqNr=1349
15:19:32.645 INF Request finished (out of order). clSeqNr=1365
15:19:32.645 INF Request finished (out of order). clSeqNr=1381
15:19:34.111 INF Request finished (out of order). clSeqNr=1398
15:19:34.112 INF Request finished (out of order). clSeqNr=1414
15:19:34.113 INF Request finished (out of order). clSeqNr=1430
15:19:34.113 INF Request finished (out of order). clSeqNr=1446
15:19:34.114 INF Request finished (out of order). clSeqNr=1462
15:19:34.114 INF Request finished (out of order). clSeqNr=1478
15:19:34.115 INF Request finished (out of order). clSeqNr=1494
15:19:34.116 INF Request finished (out of order). clSeqNr=1510
15:19:34.116 INF Request finished (out of order). clSeqNr=1270
15:19:34.116 INF Request finished (out of order). clSeqNr=1286
15:19:34.117 INF Request finished (out of order). clSeqNr=1302
15:19:34.118 INF Request finished (out of order). clSeqNr=1318
15:19:34.118 INF Request finished (out of order). clSeqNr=1334
15:19:34.119 INF Request finished (out of order). clSeqNr=1350
15:19:34.119 INF Request finished (out of order). clSeqNr=1366
15:19:34.120 INF Request finished (out of order). clSeqNr=1382
15:19:34.423 INF Request finished (out of order). clSeqNr=1399
15:19:34.423 INF Request finished (out of order). clSeqNr=1415
15:19:34.423 INF Request finished (out of order). clSeqNr=1431
15:19:34.424 INF Request finished (out of order). clSeqNr=1447
15:19:34.424 INF Request finished (out of order). clSeqNr=1463
15:19:34.424 INF Request finished (out of order). clSeqNr=1479
15:19:34.425 INF Request finished (out of order). clSeqNr=1495
15:19:34.425 INF Request finished (out of order). clSeqNr=1511
15:19:34.425 INF Request finished (out of order). clSeqNr=1271
15:19:34.425 INF Request finished (out of order). clSeqNr=1287
15:19:34.425 INF Request finished (out of order). clSeqNr=1303
15:19:34.425 INF Request finished (out of order). clSeqNr=1319
15:19:34.425 INF Request finished (out of order). clSeqNr=1335
15:19:34.425 INF Request finished (out of order). clSeqNr=1351
15:19:34.425 INF Request finished (out of order). clSeqNr=1367
15:19:34.425 INF Request finished (out of order). clSeqNr=1383
15:19:34.427 INF Request finished (out of order). clSeqNr=1400
15:19:34.429 INF Request finished (out of order). clSeqNr=1416
15:19:34.429 INF Request finished (out of order). clSeqNr=1432
15:19:34.429 INF Request finished (out of order). clSeqNr=1448
15:19:34.429 INF Request finished (out of order). clSeqNr=1464
15:19:34.430 INF Request finished (out of order). clSeqNr=1480
15:19:34.430 INF Request finished (out of order). clSeqNr=1496
15:19:34.430 INF Request finished (out of order). clSeqNr=1512
15:19:34.430 INF Request finished (out of order). clSeqNr=1272
15:19:34.430 INF Request finished (out of order). clSeqNr=1288
15:19:34.432 INF Request finished (out of order). clSeqNr=1304
15:19:34.432 INF Request finished (out of order). clSeqNr=1320
15:19:34.442 INF Request finished (out of order). clSeqNr=1336
15:19:34.443 INF Request finished (out of order). clSeqNr=1352
15:19:34.444 INF Request finished (out of order). clSeqNr=1368
15:19:34.444 INF Request finished (out of order). clSeqNr=1384
15:19:34.498 INF Request finished (out of order). clSeqNr=1401
15:19:34.498 INF Request finished (out of order). clSeqNr=1417
15:19:34.498 INF Request finished (out of order). clSeqNr=1433
15:19:34.498 INF Request finished (out of order). clSeqNr=1449
15:19:34.498 INF Request finished (out of order). clSeqNr=1465
15:19:34.498 INF Request finished (out of order). clSeqNr=1481
15:19:34.498 INF Request finished (out of order). clSeqNr=1497
15:19:34.498 INF Request finished (out of order). clSeqNr=1513
15:19:34.498 INF Request finished (out of order). clSeqNr=1273
15:19:34.498 INF Request finished (out of order). clSeqNr=1289
15:19:34.498 INF Request finished (out of order). clSeqNr=1305
15:19:34.498 INF Request finished (out of order). clSeqNr=1321
15:19:34.498 INF Request finished (out of order). clSeqNr=1337
15:19:34.498 INF Request finished (out of order). clSeqNr=1353
15:19:34.498 INF Request finished (out of order). clSeqNr=1369
15:19:34.498 INF Request finished (out of order). clSeqNr=1385
15:19:34.498 INF Request finished (out of order). clSeqNr=1402
15:19:34.498 INF Request finished (out of order). clSeqNr=1418
15:19:34.498 INF Request finished (out of order). clSeqNr=1434
15:19:34.498 INF Request finished (out of order). clSeqNr=1450
15:19:34.498 INF Request finished (out of order). clSeqNr=1466
15:19:34.498 INF Request finished (out of order). clSeqNr=1482
15:19:34.498 INF Request finished (out of order). clSeqNr=1498
15:19:34.498 INF Request finished (out of order). clSeqNr=1514
15:19:34.498 INF Request finished (out of order). clSeqNr=1530
15:19:34.498 INF Request finished (out of order). clSeqNr=1546
15:19:34.498 INF Request finished (out of order). clSeqNr=1306
15:19:34.498 INF Request finished (out of order). clSeqNr=1322
15:19:34.498 INF Request finished (out of order). clSeqNr=1338
15:19:34.498 INF Request finished (out of order). clSeqNr=1354
15:19:34.498 INF Request finished (out of order). clSeqNr=1370
15:19:34.498 INF Request finished (out of order). clSeqNr=1386
15:19:34.498 INF Request finished (out of order). clSeqNr=1403
15:19:34.498 INF Request finished (out of order). clSeqNr=1419
15:19:34.499 INF Request finished (out of order). clSeqNr=1435
15:19:34.499 INF Request finished (out of order). clSeqNr=1451
15:19:34.499 INF Request finished (out of order). clSeqNr=1467
15:19:34.499 INF Request finished (out of order). clSeqNr=1483
15:19:34.536 INF Request finished (out of order). clSeqNr=1499
15:19:34.536 INF Request finished (out of order). clSeqNr=1515
15:19:34.536 INF Request finished (out of order). clSeqNr=1531
15:19:34.536 INF Request finished (out of order). clSeqNr=1547
15:19:34.536 INF Request finished (out of order). clSeqNr=1307
15:19:34.541 INF Request finished (out of order). clSeqNr=1323
15:19:34.541 INF Request finished (out of order). clSeqNr=1339
15:19:34.542 INF Request finished (out of order). clSeqNr=1355
15:19:34.542 INF Request finished (out of order). clSeqNr=1371
15:19:34.542 INF Request finished (out of order). clSeqNr=1387
15:19:34.542 INF Request finished (out of order). clSeqNr=1404
15:19:34.543 INF Request finished (out of order). clSeqNr=1420
15:19:34.543 INF Request finished (out of order). clSeqNr=1436
15:19:34.543 INF Request finished (out of order). clSeqNr=1452
15:19:34.543 INF Request finished (out of order). clSeqNr=1468
15:19:34.543 INF Request finished (out of order). clSeqNr=1484
15:19:34.543 INF Request finished (out of order). clSeqNr=1500
15:19:34.543 INF Request finished (out of order). clSeqNr=1516
15:19:34.543 INF Request finished (out of order). clSeqNr=1532
15:19:34.543 INF Request finished (out of order). clSeqNr=1548
15:19:34.543 INF Request finished (out of order). clSeqNr=1308
15:19:34.544 INF Request finished (out of order). clSeqNr=1324
15:19:34.545 INF Request finished (out of order). clSeqNr=1340
15:19:34.545 INF Request finished (out of order). clSeqNr=1356
15:19:34.545 INF Request finished (out of order). clSeqNr=1372
15:19:34.545 INF Request finished (out of order). clSeqNr=1388
15:19:34.545 INF Request finished (out of order). clSeqNr=1405
15:19:34.545 INF Request finished (out of order). clSeqNr=1421
15:19:34.545 INF Request finished (out of order). clSeqNr=1437
15:19:34.545 INF Request finished (out of order). clSeqNr=1453
15:19:34.545 INF Request finished (out of order). clSeqNr=1469
15:19:34.545 INF Request finished (out of order). clSeqNr=1485
15:19:34.545 INF Request finished (out of order). clSeqNr=1501
15:19:34.549 INF Request finished (out of order). clSeqNr=1517
15:19:34.549 INF Request finished (out of order). clSeqNr=1533
15:19:34.551 INF Request finished (out of order). clSeqNr=1549
15:19:34.551 INF Request finished (out of order). clSeqNr=1309
15:19:34.551 INF Request finished (out of order). clSeqNr=1325
15:19:34.551 INF Request finished (out of order). clSeqNr=1341
15:19:34.552 INF Request finished (out of order). clSeqNr=1357
15:19:34.552 INF Request finished (out of order). clSeqNr=1373
15:19:34.552 INF Request finished (out of order). clSeqNr=1389
15:19:34.553 INF Request finished (out of order). clSeqNr=1406
15:19:34.553 INF Request finished (out of order). clSeqNr=1422
15:19:34.554 INF Request finished (out of order). clSeqNr=1438
15:19:34.554 INF Request finished (out of order). clSeqNr=1454
15:19:34.555 INF Request finished (out of order). clSeqNr=1470
15:19:34.555 INF Request finished (out of order). clSeqNr=1486
15:19:34.556 INF Request finished (out of order). clSeqNr=1502
15:19:34.556 INF Request finished (out of order). clSeqNr=1518
15:19:34.557 INF Request finished (out of order). clSeqNr=1534
15:19:34.557 INF Request finished (out of order). clSeqNr=1294
15:19:34.558 INF Request finished (out of order). clSeqNr=1310
15:19:34.558 INF Request finished (out of order). clSeqNr=1326
15:19:34.559 INF Request finished (out of order). clSeqNr=1342
15:19:34.560 INF Request finished (out of order). clSeqNr=1358
15:19:34.560 INF Request finished (out of order). clSeqNr=1374
15:19:34.561 INF Request finished (out of order). clSeqNr=1390
15:19:34.562 INF Request finished (out of order). clSeqNr=1407
15:19:34.562 INF Request finished (out of order). clSeqNr=1423
15:19:34.563 INF Request finished (out of order). clSeqNr=1439
15:19:34.563 INF Request finished (out of order). clSeqNr=1455
15:19:34.564 INF Request finished (out of order). clSeqNr=1471
15:19:34.565 INF Request finished (out of order). clSeqNr=1487
15:19:34.565 INF Request finished (out of order). clSeqNr=1503
15:19:34.566 INF Request finished (out of order). clSeqNr=1519
15:19:34.566 INF Request finished (out of order). clSeqNr=1535
15:19:34.566 INF Request finished (out of order). clSeqNr=1295
15:19:34.567 INF Request finished (out of order). clSeqNr=1311
15:19:34.567 INF Request finished (out of order). clSeqNr=1327
15:19:34.568 INF Request finished (out of order). clSeqNr=1343
15:19:34.569 INF Request finished (out of order). clSeqNr=1359
15:19:34.569 INF Request finished (out of order). clSeqNr=1375
15:19:34.570 INF Request finished (out of order). clSeqNr=1391
15:19:34.570 INF Request finished (out of order). clSeqNr=1408
15:19:34.571 INF Request finished (out of order). clSeqNr=1424
15:19:34.571 INF Request finished (out of order). clSeqNr=1440
15:19:34.572 INF Request finished (out of order). clSeqNr=1456
15:19:34.573 INF Request finished (out of order). clSeqNr=1472
15:19:34.573 INF Request finished (out of order). clSeqNr=1488
15:19:34.574 INF Request finished (out of order). clSeqNr=1504
15:19:34.574 INF Request finished (out of order). clSeqNr=1520
15:19:34.575 INF Request finished (out of order). clSeqNr=1536
15:19:34.575 INF Request finished (out of order). clSeqNr=1296
15:19:34.576 INF Request finished (out of order). clSeqNr=1312
15:19:34.576 INF Request finished (out of order). clSeqNr=1328
15:19:34.577 INF Request finished (out of order). clSeqNr=1344
15:19:34.577 INF Request finished (out of order). clSeqNr=1360
15:19:34.578 INF Request finished (out of order). clSeqNr=1376
15:19:34.579 INF Request finished (out of order). clSeqNr=1392
15:19:34.579 INF Request finished (out of order). clSeqNr=1409
15:19:34.580 INF Request finished (out of order). clSeqNr=1425
15:19:34.581 INF Request finished (out of order). clSeqNr=1441
15:19:34.581 INF Request finished (out of order). clSeqNr=1457
15:19:34.582 INF Request finished (out of order). clSeqNr=1473
15:19:34.583 INF Request finished (out of order). clSeqNr=1489
15:19:34.583 INF Request finished (out of order). clSeqNr=1505
15:19:34.584 INF Request finished (out of order). clSeqNr=1521
15:19:34.584 INF Request finished (out of order). clSeqNr=1537
15:19:34.584 INF Request finished (out of order). clSeqNr=1297
15:19:34.585 INF Request finished (out of order). clSeqNr=1313
15:19:34.585 INF Request finished (out of order). clSeqNr=1329
15:19:34.586 INF Request finished (out of order). clSeqNr=1345
15:19:34.586 INF Request finished (out of order). clSeqNr=1361
15:19:34.587 INF Request finished (out of order). clSeqNr=1377
15:19:34.587 INF Request finished (out of order). clSeqNr=1393
15:19:37.392 INF Request finished (out of order). clSeqNr=1651
15:19:37.392 INF Request finished (out of order). clSeqNr=1667
15:19:37.393 INF Request finished (out of order). clSeqNr=1683
15:19:37.393 INF Request finished (out of order). clSeqNr=1699
15:19:37.394 INF Request finished (out of order). clSeqNr=1715
15:19:37.394 INF Request finished (out of order). clSeqNr=1731
15:19:37.395 INF Request finished (out of order). clSeqNr=1747
15:19:37.395 INF Request finished (out of order). clSeqNr=1763
15:19:37.395 INF Request finished (out of order). clSeqNr=1523
15:19:37.396 INF Request finished (out of order). clSeqNr=1539
15:19:37.396 INF Request finished (out of order). clSeqNr=1555
15:19:37.408 INF Request finished (out of order). clSeqNr=1571
15:19:37.423 INF Request finished (out of order). clSeqNr=1587
15:19:37.437 INF Request finished (out of order). clSeqNr=1603
15:19:37.476 INF Request finished (out of order). clSeqNr=1619
15:19:37.516 INF Request finished (out of order). clSeqNr=1635
15:19:37.516 INF Request finished (out of order). clSeqNr=1652
15:19:37.516 INF Request finished (out of order). clSeqNr=1668
15:19:37.516 INF Request finished (out of order). clSeqNr=1684
15:19:37.516 INF Request finished (out of order). clSeqNr=1700
15:19:37.516 INF Request finished (out of order). clSeqNr=1716
15:19:37.516 INF Request finished (out of order). clSeqNr=1732
15:19:37.516 INF Request finished (out of order). clSeqNr=1748
15:19:37.516 INF Request finished (out of order). clSeqNr=1764
15:19:37.516 INF Request finished (out of order). clSeqNr=1524
15:19:37.516 INF Request finished (out of order). clSeqNr=1540
15:19:37.516 INF Request finished (out of order). clSeqNr=1556
15:19:37.516 INF Request finished (out of order). clSeqNr=1572
15:19:37.516 INF Request finished (out of order). clSeqNr=1588
15:19:37.516 INF Request finished (out of order). clSeqNr=1604
15:19:37.516 INF Request finished (out of order). clSeqNr=1620
15:19:37.516 INF Request finished (out of order). clSeqNr=1636
15:19:37.516 INF Request finished (out of order). clSeqNr=1653
15:19:37.516 INF Request finished (out of order). clSeqNr=1669
15:19:37.516 INF Request finished (out of order). clSeqNr=1685
15:19:37.516 INF Request finished (out of order). clSeqNr=1701
15:19:37.516 INF Request finished (out of order). clSeqNr=1717
15:19:37.516 INF Request finished (out of order). clSeqNr=1733
15:19:37.516 INF Request finished (out of order). clSeqNr=1749
15:19:37.516 INF Request finished (out of order). clSeqNr=1765
15:19:37.516 INF Request finished (out of order). clSeqNr=1525
15:19:37.516 INF Request finished (out of order). clSeqNr=1541
15:19:37.516 INF Request finished (out of order). clSeqNr=1557
15:19:37.516 INF Request finished (out of order). clSeqNr=1573
15:19:37.516 INF Request finished (out of order). clSeqNr=1589
15:19:37.516 INF Request finished (out of order). clSeqNr=1605
15:19:37.516 INF Request finished (out of order). clSeqNr=1621
15:19:37.516 INF Request finished (out of order). clSeqNr=1637
15:19:37.517 INF Request finished (out of order). clSeqNr=1654
15:19:37.517 INF Request finished (out of order). clSeqNr=1670
15:19:37.517 INF Request finished (out of order). clSeqNr=1686
15:19:37.517 INF Request finished (out of order). clSeqNr=1702
15:19:37.517 INF Request finished (out of order). clSeqNr=1718
15:19:37.517 INF Request finished (out of order). clSeqNr=1734
15:19:37.517 INF Request finished (out of order). clSeqNr=1750
15:19:37.518 INF Request finished (out of order). clSeqNr=1766
15:19:37.518 INF Request finished (out of order). clSeqNr=1526
15:19:37.518 INF Request finished (out of order). clSeqNr=1542
15:19:37.518 INF Request finished (out of order). clSeqNr=1558
15:19:37.518 INF Request finished (out of order). clSeqNr=1574
15:19:37.518 INF Request finished (out of order). clSeqNr=1590
15:19:37.518 INF Request finished (out of order). clSeqNr=1606
15:19:37.518 INF Request finished (out of order). clSeqNr=1622
15:19:37.518 INF Request finished (out of order). clSeqNr=1638
15:19:37.518 INF Request finished (out of order). clSeqNr=1655
15:19:37.518 INF Request finished (out of order). clSeqNr=1671
15:19:37.518 INF Request finished (out of order). clSeqNr=1687
15:19:37.518 INF Request finished (out of order). clSeqNr=1703
15:19:37.518 INF Request finished (out of order). clSeqNr=1719
15:19:37.518 INF Request finished (out of order). clSeqNr=1735
15:19:37.518 INF Request finished (out of order). clSeqNr=1751
15:19:37.518 INF Request finished (out of order). clSeqNr=1767
15:19:37.518 INF Request finished (out of order). clSeqNr=1527
15:19:37.518 INF Request finished (out of order). clSeqNr=1543
15:19:37.518 INF Request finished (out of order). clSeqNr=1559
15:19:37.518 INF Request finished (out of order). clSeqNr=1575
15:19:37.518 INF Request finished (out of order). clSeqNr=1591
15:19:37.518 INF Request finished (out of order). clSeqNr=1607
15:19:37.518 INF Request finished (out of order). clSeqNr=1623
15:19:37.518 INF Request finished (out of order). clSeqNr=1639
15:19:37.518 INF Request finished (out of order). clSeqNr=1656
15:19:37.518 INF Request finished (out of order). clSeqNr=1672
15:19:37.518 INF Request finished (out of order). clSeqNr=1688
15:19:37.518 INF Request finished (out of order). clSeqNr=1704
15:19:37.518 INF Request finished (out of order). clSeqNr=1720
15:19:37.518 INF Request finished (out of order). clSeqNr=1736
15:19:37.518 INF Request finished (out of order). clSeqNr=1752
15:19:37.518 INF Request finished (out of order). clSeqNr=1768
15:19:37.518 INF Request finished (out of order). clSeqNr=1528
15:19:37.518 INF Request finished (out of order). clSeqNr=1544
15:19:37.518 INF Request finished (out of order). clSeqNr=1560
15:19:37.518 INF Request finished (out of order). clSeqNr=1576
15:19:37.518 INF Request finished (out of order). clSeqNr=1592
15:19:37.518 INF Request finished (out of order). clSeqNr=1608
15:19:37.518 INF Request finished (out of order). clSeqNr=1624
15:19:37.518 INF Request finished (out of order). clSeqNr=1640
15:19:37.518 INF Request finished (out of order). clSeqNr=1657
15:19:37.518 INF Request finished (out of order). clSeqNr=1673
15:19:37.518 INF Request finished (out of order). clSeqNr=1689
15:19:37.518 INF Request finished (out of order). clSeqNr=1705
15:19:37.518 INF Request finished (out of order). clSeqNr=1721
15:19:37.518 INF Request finished (out of order). clSeqNr=1737
15:19:37.518 INF Request finished (out of order). clSeqNr=1753
15:19:37.518 INF Request finished (out of order). clSeqNr=1769
15:19:37.518 INF Request finished (out of order). clSeqNr=1529
15:19:37.518 INF Request finished (out of order). clSeqNr=1545
15:19:37.518 INF Request finished (out of order). clSeqNr=1561
15:19:37.518 INF Request finished (out of order). clSeqNr=1577
15:19:37.518 INF Request finished (out of order). clSeqNr=1593
15:19:37.518 INF Request finished (out of order). clSeqNr=1609
15:19:37.518 INF Request finished (out of order). clSeqNr=1625
15:19:37.519 INF Request finished (out of order). clSeqNr=1641
15:19:37.519 INF Request finished (out of order). clSeqNr=1658
15:19:37.519 INF Request finished (out of order). clSeqNr=1674
15:19:37.519 INF Request finished (out of order). clSeqNr=1690
15:19:37.519 INF Request finished (out of order). clSeqNr=1706
15:19:37.519 INF Request finished (out of order). clSeqNr=1722
15:19:37.519 INF Request finished (out of order). clSeqNr=1738
15:19:37.520 INF Request finished (out of order). clSeqNr=1754
15:19:37.520 INF Request finished (out of order). clSeqNr=1770
15:19:37.520 INF Request finished (out of order). clSeqNr=1786
15:19:37.520 INF Request finished (out of order). clSeqNr=1802
15:19:37.520 INF Request finished (out of order). clSeqNr=1562
15:19:37.520 INF Request finished (out of order). clSeqNr=1578
15:19:37.520 INF Request finished (out of order). clSeqNr=1594
15:19:37.520 INF Request finished (out of order). clSeqNr=1610
15:19:37.520 INF Request finished (out of order). clSeqNr=1626
15:19:37.520 INF Request finished (out of order). clSeqNr=1642
15:19:37.520 INF Request finished (out of order). clSeqNr=1659
15:19:37.520 INF Request finished (out of order). clSeqNr=1675
15:19:37.520 INF Request finished (out of order). clSeqNr=1691
15:19:37.520 INF Request finished (out of order). clSeqNr=1707
15:19:37.520 INF Request finished (out of order). clSeqNr=1723
15:19:37.520 INF Request finished (out of order). clSeqNr=1739
15:19:37.520 INF Request finished (out of order). clSeqNr=1755
15:19:37.520 INF Request finished (out of order). clSeqNr=1771
15:19:37.520 INF Request finished (out of order). clSeqNr=1787
15:19:37.520 INF Request finished (out of order). clSeqNr=1803
15:19:37.520 INF Request finished (out of order). clSeqNr=1563
15:19:37.520 INF Request finished (out of order). clSeqNr=1579
15:19:37.520 INF Request finished (out of order). clSeqNr=1595
15:19:37.520 INF Request finished (out of order). clSeqNr=1611
15:19:37.520 INF Request finished (out of order). clSeqNr=1627
15:19:37.520 INF Request finished (out of order). clSeqNr=1643
15:19:37.520 INF Request finished (out of order). clSeqNr=1660
15:19:37.520 INF Request finished (out of order). clSeqNr=1676
15:19:37.520 INF Request finished (out of order). clSeqNr=1692
15:19:37.520 INF Request finished (out of order). clSeqNr=1708
15:19:37.520 INF Request finished (out of order). clSeqNr=1724
15:19:37.520 INF Request finished (out of order). clSeqNr=1740
15:19:37.520 INF Request finished (out of order). clSeqNr=1756
15:19:37.520 INF Request finished (out of order). clSeqNr=1772
15:19:37.521 INF Request finished (out of order). clSeqNr=1788
15:19:37.521 INF Request finished (out of order). clSeqNr=1804
15:19:37.521 INF Request finished (out of order). clSeqNr=1564
15:19:37.521 INF Request finished (out of order). clSeqNr=1580
15:19:37.521 INF Request finished (out of order). clSeqNr=1596
15:19:37.521 INF Request finished (out of order). clSeqNr=1612
15:19:37.521 INF Request finished (out of order). clSeqNr=1628
15:19:37.521 INF Request finished (out of order). clSeqNr=1644
15:19:37.521 INF Request finished (out of order). clSeqNr=1661
15:19:37.521 INF Request finished (out of order). clSeqNr=1677
15:19:37.521 INF Request finished (out of order). clSeqNr=1693
15:19:37.521 INF Request finished (out of order). clSeqNr=1709
15:19:37.521 INF Request finished (out of order). clSeqNr=1725
15:19:37.521 INF Request finished (out of order). clSeqNr=1741
15:19:37.521 INF Request finished (out of order). clSeqNr=1757
15:19:37.521 INF Request finished (out of order). clSeqNr=1773
15:19:37.523 INF Request finished (out of order). clSeqNr=1789
15:19:37.523 INF Request finished (out of order). clSeqNr=1805
15:19:37.523 INF Request finished (out of order). clSeqNr=1565
15:19:37.523 INF Request finished (out of order). clSeqNr=1581
15:19:37.523 INF Request finished (out of order). clSeqNr=1597
15:19:37.523 INF Request finished (out of order). clSeqNr=1613
15:19:37.523 INF Request finished (out of order). clSeqNr=1629
15:19:37.523 INF Request finished (out of order). clSeqNr=1645
15:19:37.523 INF Request finished (out of order). clSeqNr=1662
15:19:37.523 INF Request finished (out of order). clSeqNr=1678
15:19:37.523 INF Request finished (out of order). clSeqNr=1694
15:19:37.524 INF Request finished (out of order). clSeqNr=1710
15:19:37.524 INF Request finished (out of order). clSeqNr=1726
15:19:37.525 INF Request finished (out of order). clSeqNr=1742
15:19:37.526 INF Request finished (out of order). clSeqNr=1758
15:19:37.526 INF Request finished (out of order). clSeqNr=1774
15:19:37.527 INF Request finished (out of order). clSeqNr=1790
15:19:37.527 INF Request finished (out of order). clSeqNr=1550
15:19:37.527 INF Request finished (out of order). clSeqNr=1566
15:19:37.527 INF Request finished (out of order). clSeqNr=1582
15:19:37.527 INF Request finished (out of order). clSeqNr=1598
15:19:37.528 INF Request finished (out of order). clSeqNr=1614
15:19:37.528 INF Request finished (out of order). clSeqNr=1630
15:19:37.528 INF Request finished (out of order). clSeqNr=1646
15:19:37.528 INF Request finished (out of order). clSeqNr=1663
15:19:37.528 INF Request finished (out of order). clSeqNr=1679
15:19:37.528 INF Request finished (out of order). clSeqNr=1695
15:19:37.528 INF Request finished (out of order). clSeqNr=1711
15:19:37.528 INF Request finished (out of order). clSeqNr=1727
15:19:37.528 INF Request finished (out of order). clSeqNr=1743
15:19:37.528 INF Request finished (out of order). clSeqNr=1759
15:19:37.528 INF Request finished (out of order). clSeqNr=1775
15:19:37.528 INF Request finished (out of order). clSeqNr=1791
15:19:37.529 INF Request finished (out of order). clSeqNr=1551
15:19:37.529 INF Request finished (out of order). clSeqNr=1567
15:19:37.529 INF Request finished (out of order). clSeqNr=1583
15:19:37.529 INF Request finished (out of order). clSeqNr=1599
15:19:37.529 INF Request finished (out of order). clSeqNr=1615
15:19:37.529 INF Request finished (out of order). clSeqNr=1631
15:19:37.529 INF Request finished (out of order). clSeqNr=1647
15:19:37.529 INF Request finished (out of order). clSeqNr=1664
15:19:37.529 INF Request finished (out of order). clSeqNr=1680
15:19:37.529 INF Request finished (out of order). clSeqNr=1696
15:19:37.529 INF Request finished (out of order). clSeqNr=1712
15:19:37.529 INF Request finished (out of order). clSeqNr=1728
15:19:37.529 INF Request finished (out of order). clSeqNr=1744
15:19:37.529 INF Request finished (out of order). clSeqNr=1760
15:19:37.529 INF Request finished (out of order). clSeqNr=1776
15:19:37.529 INF Request finished (out of order). clSeqNr=1792
15:19:37.529 INF Request finished (out of order). clSeqNr=1552
15:19:37.529 INF Request finished (out of order). clSeqNr=1568
15:19:37.529 INF Request finished (out of order). clSeqNr=1584
15:19:37.529 INF Request finished (out of order). clSeqNr=1600
15:19:37.529 INF Request finished (out of order). clSeqNr=1616
15:19:37.529 INF Request finished (out of order). clSeqNr=1632
15:19:37.529 INF Request finished (out of order). clSeqNr=1648
15:19:37.529 INF Request finished (out of order). clSeqNr=1665
15:19:37.529 INF Request finished (out of order). clSeqNr=1681
15:19:37.529 INF Request finished (out of order). clSeqNr=1697
15:19:37.529 INF Request finished (out of order). clSeqNr=1713
15:19:37.529 INF Request finished (out of order). clSeqNr=1729
15:19:37.529 INF Request finished (out of order). clSeqNr=1745
15:19:37.529 INF Request finished (out of order). clSeqNr=1761
15:19:37.529 INF Request finished (out of order). clSeqNr=1777
15:19:37.529 INF Request finished (out of order). clSeqNr=1793
15:19:37.529 INF Request finished (out of order). clSeqNr=1553
15:19:37.529 INF Request finished (out of order). clSeqNr=1569
15:19:37.529 INF Request finished (out of order). clSeqNr=1585
15:19:37.529 INF Request finished (out of order). clSeqNr=1601
15:19:37.529 INF Request finished (out of order). clSeqNr=1617
15:19:37.529 INF Request finished (out of order). clSeqNr=1633
15:19:37.530 INF Request finished (out of order). clSeqNr=1649
15:19:37.530 INF Request finished (out of order). clSeqNr=882
15:19:37.530 INF Request finished (out of order). clSeqNr=898
15:19:37.530 INF Request finished (out of order). clSeqNr=914
15:19:37.530 INF Request finished (out of order). clSeqNr=930
15:19:37.530 INF Request finished (out of order). clSeqNr=946
15:19:37.530 INF Request finished (out of order). clSeqNr=962
15:19:37.541 INF Request finished (out of order). clSeqNr=978
15:19:37.561 INF Request finished (out of order). clSeqNr=994
15:19:37.561 INF Request finished (out of order). clSeqNr=1010
15:19:37.561 INF Request finished (out of order). clSeqNr=1026
15:19:37.561 INF Request finished (out of order). clSeqNr=786
15:19:37.561 INF Request delivered (in order). clSeqNr=786
15:19:37.561 INF Request delivered (in order). clSeqNr=787
15:19:37.561 INF Request delivered (in order). clSeqNr=788
15:19:37.561 INF Request delivered (in order). clSeqNr=789
15:19:37.561 INF Request delivered (in order). clSeqNr=790
15:19:37.561 INF Request delivered (in order). clSeqNr=791
15:19:37.561 INF Request delivered (in order). clSeqNr=792
15:19:37.561 INF Request delivered (in order). clSeqNr=793
15:19:37.561 INF Request delivered (in order). clSeqNr=794
15:19:37.561 INF Request delivered (in order). clSeqNr=795
15:19:37.561 INF Request delivered (in order). clSeqNr=796
15:19:37.561 INF Request delivered (in order). clSeqNr=797
15:19:37.561 INF Request delivered (in order). clSeqNr=798
15:19:37.561 INF Request delivered (in order). clSeqNr=799
15:19:37.561 INF Request delivered (in order). clSeqNr=800
15:19:37.561 INF Request delivered (in order). clSeqNr=801
15:19:37.563 INF Request finished (out of order). clSeqNr=802
15:19:37.563 INF Request delivered (in order). clSeqNr=802
15:19:37.563 INF Request delivered (in order). clSeqNr=803
15:19:37.563 INF Request delivered (in order). clSeqNr=804
15:19:37.563 INF Request delivered (in order). clSeqNr=805
15:19:37.563 INF Request delivered (in order). clSeqNr=806
15:19:37.563 INF Request delivered (in order). clSeqNr=807
15:19:37.563 INF Request delivered (in order). clSeqNr=808
15:19:37.563 INF Request delivered (in order). clSeqNr=809
15:19:37.563 INF Request delivered (in order). clSeqNr=810
15:19:37.563 INF Request delivered (in order). clSeqNr=811
15:19:37.563 INF Request delivered (in order). clSeqNr=812
15:19:37.563 INF Request delivered (in order). clSeqNr=813
15:19:37.563 INF Request delivered (in order). clSeqNr=814
15:19:37.563 INF Request delivered (in order). clSeqNr=815
15:19:37.563 INF Request delivered (in order). clSeqNr=816
15:19:37.563 INF Request delivered (in order). clSeqNr=817
15:19:37.563 INF Request finished (out of order). clSeqNr=818
15:19:37.563 INF Request delivered (in order). clSeqNr=818
15:19:37.563 INF Request delivered (in order). clSeqNr=819
15:19:37.563 INF Request delivered (in order). clSeqNr=820
15:19:37.563 INF Request delivered (in order). clSeqNr=821
15:19:37.563 INF Request delivered (in order). clSeqNr=822
15:19:37.563 INF Request delivered (in order). clSeqNr=823
15:19:37.563 INF Request delivered (in order). clSeqNr=824
15:19:37.563 INF Request delivered (in order). clSeqNr=825
15:19:37.563 INF Request delivered (in order). clSeqNr=826
15:19:37.563 INF Request delivered (in order). clSeqNr=827
15:19:37.563 INF Request delivered (in order). clSeqNr=828
15:19:37.563 INF Request delivered (in order). clSeqNr=829
15:19:37.563 INF Request delivered (in order). clSeqNr=830
15:19:37.563 INF Request delivered (in order). clSeqNr=831
15:19:37.563 INF Request delivered (in order). clSeqNr=832
15:19:37.563 INF Request delivered (in order). clSeqNr=833
15:19:37.563 INF Request finished (out of order). clSeqNr=834
15:19:37.563 INF Request delivered (in order). clSeqNr=834
15:19:37.563 INF Request delivered (in order). clSeqNr=835
15:19:37.563 INF Request delivered (in order). clSeqNr=836
15:19:37.563 INF Request delivered (in order). clSeqNr=837
15:19:37.563 INF Request delivered (in order). clSeqNr=838
15:19:37.563 INF Request delivered (in order). clSeqNr=839
15:19:37.563 INF Request delivered (in order). clSeqNr=840
15:19:37.563 INF Request delivered (in order). clSeqNr=841
15:19:37.563 INF Request delivered (in order). clSeqNr=842
15:19:37.563 INF Request delivered (in order). clSeqNr=843
15:19:37.563 INF Request delivered (in order). clSeqNr=844
15:19:37.563 INF Request delivered (in order). clSeqNr=845
15:19:37.563 INF Request delivered (in order). clSeqNr=846
15:19:37.563 INF Request delivered (in order). clSeqNr=847
15:19:37.563 INF Request delivered (in order). clSeqNr=848
15:19:37.563 INF Request delivered (in order). clSeqNr=849
15:19:37.563 INF Request finished (out of order). clSeqNr=850
15:19:37.563 INF Request delivered (in order). clSeqNr=850
15:19:37.563 INF Request delivered (in order). clSeqNr=851
15:19:37.563 INF Request delivered (in order). clSeqNr=852
15:19:37.563 INF Request delivered (in order). clSeqNr=853
15:19:37.564 INF Request delivered (in order). clSeqNr=854
15:19:37.564 INF Request delivered (in order). clSeqNr=855
15:19:37.564 INF Request delivered (in order). clSeqNr=856
15:19:37.564 INF Request delivered (in order). clSeqNr=857
15:19:37.564 INF Request delivered (in order). clSeqNr=858
15:19:37.564 INF Request delivered (in order). clSeqNr=859
15:19:37.564 INF Request delivered (in order). clSeqNr=860
15:19:37.564 INF Request delivered (in order). clSeqNr=861
15:19:37.564 INF Request delivered (in order). clSeqNr=862
15:19:37.564 INF Request delivered (in order). clSeqNr=863
15:19:37.564 INF Request delivered (in order). clSeqNr=864
15:19:37.564 INF Request delivered (in order). clSeqNr=865
15:19:37.564 INF Request finished (out of order). clSeqNr=866
15:19:37.564 INF Request delivered (in order). clSeqNr=866
15:19:37.564 INF Request delivered (in order). clSeqNr=867
15:19:37.564 INF Request delivered (in order). clSeqNr=868
15:19:37.564 INF Request delivered (in order). clSeqNr=869
15:19:37.564 INF Request delivered (in order). clSeqNr=870
15:19:37.564 INF Request delivered (in order). clSeqNr=871
15:19:37.564 INF Request delivered (in order). clSeqNr=872
15:19:37.564 INF Request delivered (in order). clSeqNr=873
15:19:37.564 INF Request delivered (in order). clSeqNr=874
15:19:37.564 INF Request delivered (in order). clSeqNr=875
15:19:37.564 INF Request delivered (in order). clSeqNr=876
15:19:37.564 INF Request delivered (in order). clSeqNr=877
15:19:37.564 INF Request delivered (in order). clSeqNr=878
15:19:37.564 INF Request delivered (in order). clSeqNr=879
15:19:37.564 INF Request delivered (in order). clSeqNr=880
15:19:37.564 INF Request delivered (in order). clSeqNr=881
15:19:37.564 INF Request delivered (in order). clSeqNr=882
15:19:37.564 INF Request delivered (in order). clSeqNr=883
15:19:37.564 INF Request delivered (in order). clSeqNr=884
15:19:37.564 INF Request delivered (in order). clSeqNr=885
15:19:37.564 INF Request delivered (in order). clSeqNr=886
15:19:37.564 INF Request delivered (in order). clSeqNr=887
15:19:37.564 INF Request delivered (in order). clSeqNr=888
15:19:37.564 INF Request delivered (in order). clSeqNr=889
15:19:37.564 INF Request delivered (in order). clSeqNr=890
15:19:37.564 INF Request delivered (in order). clSeqNr=891
15:19:37.564 INF Request delivered (in order). clSeqNr=892
15:19:37.564 INF Request delivered (in order). clSeqNr=893
15:19:37.564 INF Request delivered (in order). clSeqNr=894
15:19:37.564 INF Request delivered (in order). clSeqNr=895
15:19:37.564 INF Request delivered (in order). clSeqNr=896
15:19:37.564 INF Request delivered (in order). clSeqNr=897
15:19:37.564 INF Request delivered (in order). clSeqNr=898
15:19:37.564 INF Request delivered (in order). clSeqNr=899
15:19:37.564 INF Request delivered (in order). clSeqNr=900
15:19:37.564 INF Request delivered (in order). clSeqNr=901
15:19:37.564 INF Request delivered (in order). clSeqNr=902
15:19:37.564 INF Request delivered (in order). clSeqNr=903
15:19:37.564 INF Request delivered (in order). clSeqNr=904
15:19:37.564 INF Request delivered (in order). clSeqNr=905
15:19:37.564 INF Request delivered (in order). clSeqNr=906
15:19:37.564 INF Request delivered (in order). clSeqNr=907
15:19:37.564 INF Request delivered (in order). clSeqNr=908
15:19:37.564 INF Request delivered (in order). clSeqNr=909
15:19:37.564 INF Request delivered (in order). clSeqNr=910
15:19:37.564 INF Request delivered (in order). clSeqNr=911
15:19:37.564 INF Request delivered (in order). clSeqNr=912
15:19:37.564 INF Request delivered (in order). clSeqNr=913
15:19:37.564 INF Request delivered (in order). clSeqNr=914
15:19:37.564 INF Request delivered (in order). clSeqNr=915
15:19:37.564 INF Request delivered (in order). clSeqNr=916
15:19:37.564 INF Request delivered (in order). clSeqNr=917
15:19:37.564 INF Request delivered (in order). clSeqNr=918
15:19:37.564 INF Request delivered (in order). clSeqNr=919
15:19:37.564 INF Request delivered (in order). clSeqNr=920
15:19:37.564 INF Request delivered (in order). clSeqNr=921
15:19:37.564 INF Request delivered (in order). clSeqNr=922
15:19:37.564 INF Request delivered (in order). clSeqNr=923
15:19:37.564 INF Request delivered (in order). clSeqNr=924
15:19:37.564 INF Request delivered (in order). clSeqNr=925
15:19:37.564 INF Request delivered (in order). clSeqNr=926
15:19:37.564 INF Request delivered (in order). clSeqNr=927
15:19:37.564 INF Request delivered (in order). clSeqNr=928
15:19:37.564 INF Request delivered (in order). clSeqNr=929
15:19:37.564 INF Request delivered (in order). clSeqNr=930
15:19:37.564 INF Request delivered (in order). clSeqNr=931
15:19:37.564 INF Request delivered (in order). clSeqNr=932
15:19:37.564 INF Request delivered (in order). clSeqNr=933
15:19:37.564 INF Request delivered (in order). clSeqNr=934
15:19:37.564 INF Request delivered (in order). clSeqNr=935
15:19:37.564 INF Request delivered (in order). clSeqNr=936
15:19:37.564 INF Request delivered (in order). clSeqNr=937
15:19:37.565 INF Request delivered (in order). clSeqNr=938
15:19:37.565 INF Request delivered (in order). clSeqNr=939
15:19:37.565 INF Request delivered (in order). clSeqNr=940
15:19:37.565 INF Request delivered (in order). clSeqNr=941
15:19:37.565 INF Request delivered (in order). clSeqNr=942
15:19:37.565 INF Request delivered (in order). clSeqNr=943
15:19:37.565 INF Request delivered (in order). clSeqNr=944
15:19:37.565 INF Request delivered (in order). clSeqNr=945
15:19:37.565 INF Request delivered (in order). clSeqNr=946
15:19:37.565 INF Request delivered (in order). clSeqNr=947
15:19:37.565 INF Request delivered (in order). clSeqNr=948
15:19:37.565 INF Request delivered (in order). clSeqNr=949
15:19:37.565 INF Request delivered (in order). clSeqNr=950
15:19:37.565 INF Request delivered (in order). clSeqNr=951
15:19:37.565 INF Request delivered (in order). clSeqNr=952
15:19:37.565 INF Request delivered (in order). clSeqNr=953
15:19:37.565 INF Request delivered (in order). clSeqNr=954
15:19:37.565 INF Request delivered (in order). clSeqNr=955
15:19:37.565 INF Request delivered (in order). clSeqNr=956
15:19:37.565 INF Request delivered (in order). clSeqNr=957
15:19:37.565 INF Request delivered (in order). clSeqNr=958
15:19:37.565 INF Request delivered (in order). clSeqNr=959
15:19:37.565 INF Request delivered (in order). clSeqNr=960
15:19:37.565 INF Request delivered (in order). clSeqNr=961
15:19:37.565 INF Request delivered (in order). clSeqNr=962
15:19:37.565 INF Request delivered (in order). clSeqNr=963
15:19:37.565 INF Request delivered (in order). clSeqNr=964
15:19:37.565 INF Request delivered (in order). clSeqNr=965
15:19:37.565 INF Request delivered (in order). clSeqNr=966
15:19:37.565 INF Request delivered (in order). clSeqNr=967
15:19:37.565 INF Request delivered (in order). clSeqNr=968
15:19:37.565 INF Request delivered (in order). clSeqNr=969
15:19:37.565 INF Request delivered (in order). clSeqNr=970
15:19:37.565 INF Request delivered (in order). clSeqNr=971
15:19:37.565 INF Request delivered (in order). clSeqNr=972
15:19:37.565 INF Request delivered (in order). clSeqNr=973
15:19:37.565 INF Request delivered (in order). clSeqNr=974
15:19:37.565 INF Request delivered (in order). clSeqNr=975
15:19:37.565 INF Request delivered (in order). clSeqNr=976
15:19:37.565 INF Request delivered (in order). clSeqNr=977
15:19:37.565 INF Request delivered (in order). clSeqNr=978
15:19:37.565 INF Request delivered (in order). clSeqNr=979
15:19:37.565 INF Request delivered (in order). clSeqNr=980
15:19:37.565 INF Request delivered (in order). clSeqNr=981
15:19:37.565 INF Request delivered (in order). clSeqNr=982
15:19:37.565 INF Request delivered (in order). clSeqNr=983
15:19:37.565 INF Request delivered (in order). clSeqNr=984
15:19:37.565 INF Request delivered (in order). clSeqNr=985
15:19:37.565 INF Request delivered (in order). clSeqNr=986
15:19:37.565 INF Request delivered (in order). clSeqNr=987
15:19:37.565 INF Request delivered (in order). clSeqNr=988
15:19:37.565 INF Request delivered (in order). clSeqNr=989
15:19:37.565 INF Request delivered (in order). clSeqNr=990
15:19:37.565 INF Request delivered (in order). clSeqNr=991
15:19:37.565 INF Request delivered (in order). clSeqNr=992
15:19:37.565 INF Request delivered (in order). clSeqNr=993
15:19:37.565 INF Request delivered (in order). clSeqNr=994
15:19:37.565 INF Request delivered (in order). clSeqNr=995
15:19:37.565 INF Request delivered (in order). clSeqNr=996
15:19:37.565 INF Request delivered (in order). clSeqNr=997
15:19:37.565 INF Request delivered (in order). clSeqNr=998
15:19:37.565 INF Request delivered (in order). clSeqNr=999
15:19:37.565 INF Request delivered (in order). clSeqNr=1000
15:19:37.565 INF Request delivered (in order). clSeqNr=1001
15:19:37.565 INF Request delivered (in order). clSeqNr=1002
15:19:37.565 INF Request delivered (in order). clSeqNr=1003
15:19:37.565 INF Request delivered (in order). clSeqNr=1004
15:19:37.565 INF Request delivered (in order). clSeqNr=1005
15:19:37.565 INF Request delivered (in order). clSeqNr=1006
15:19:37.565 INF Request delivered (in order). clSeqNr=1007
15:19:37.565 INF Request delivered (in order). clSeqNr=1008
15:19:37.565 INF Request delivered (in order). clSeqNr=1009
15:19:37.565 INF Request delivered (in order). clSeqNr=1010
15:19:37.565 INF Request delivered (in order). clSeqNr=1011
15:19:37.565 INF Request delivered (in order). clSeqNr=1012
15:19:37.565 INF Request delivered (in order). clSeqNr=1013
15:19:37.565 INF Request delivered (in order). clSeqNr=1014
15:19:37.565 INF Request delivered (in order). clSeqNr=1015
15:19:37.565 INF Request delivered (in order). clSeqNr=1016
15:19:37.565 INF Request delivered (in order). clSeqNr=1017
15:19:37.565 INF Request delivered (in order). clSeqNr=1018
15:19:37.565 INF Request delivered (in order). clSeqNr=1019
15:19:37.565 INF Request delivered (in order). clSeqNr=1020
15:19:37.565 INF Request delivered (in order). clSeqNr=1021
15:19:37.565 INF Request delivered (in order). clSeqNr=1022
15:19:37.565 INF Request delivered (in order). clSeqNr=1023
15:19:37.565 INF Request delivered (in order). clSeqNr=1024
15:19:37.565 INF Request delivered (in order). clSeqNr=1025
15:19:37.565 INF Request delivered (in order). clSeqNr=1026
15:19:37.565 INF Request delivered (in order). clSeqNr=1027
15:19:37.565 INF Request delivered (in order). clSeqNr=1028
15:19:37.565 INF Request delivered (in order). clSeqNr=1029
15:19:37.565 INF Request delivered (in order). clSeqNr=1030
15:19:37.565 INF Request delivered (in order). clSeqNr=1031
15:19:37.566 INF Request delivered (in order). clSeqNr=1032
15:19:37.566 INF Request delivered (in order). clSeqNr=1033
15:19:37.566 INF Request delivered (in order). clSeqNr=1034
15:19:37.566 INF Request delivered (in order). clSeqNr=1035
15:19:37.566 INF Request delivered (in order). clSeqNr=1036
15:19:37.566 INF Request delivered (in order). clSeqNr=1037
15:19:37.566 INF Request delivered (in order). clSeqNr=1038
15:19:37.566 INF Request delivered (in order). clSeqNr=1039
15:19:37.566 INF Request delivered (in order). clSeqNr=1040
15:19:37.566 INF Request delivered (in order). clSeqNr=1041
15:19:37.566 INF Request finished (out of order). clSeqNr=1907
15:19:37.566 INF Request finished (out of order). clSeqNr=1923
15:19:37.566 INF Request finished (out of order). clSeqNr=1939
15:19:37.566 INF Request finished (out of order). clSeqNr=1955
15:19:37.567 INF Request finished (out of order). clSeqNr=1971
15:19:37.567 INF Request finished (out of order). clSeqNr=1987
15:19:37.570 INF Request finished (out of order). clSeqNr=2003
15:19:37.570 INF Request finished (out of order). clSeqNr=2019
15:19:37.570 INF Request finished (out of order). clSeqNr=1779
15:19:37.570 INF Request finished (out of order). clSeqNr=1795
15:19:37.570 INF Request finished (out of order). clSeqNr=1811
15:19:37.570 INF Request finished (out of order). clSeqNr=1827
15:19:37.570 INF Request finished (out of order). clSeqNr=1843
15:19:37.570 INF Request finished (out of order). clSeqNr=1859
15:19:37.570 INF Request finished (out of order). clSeqNr=1875
15:19:37.570 INF Request finished (out of order). clSeqNr=1891
15:19:37.570 INF Request finished (out of order). clSeqNr=1908
15:19:37.571 INF Request finished (out of order). clSeqNr=1924
15:19:37.571 INF Request finished (out of order). clSeqNr=1940
15:19:37.572 INF Request finished (out of order). clSeqNr=1956
15:19:37.572 INF Request finished (out of order). clSeqNr=1972
15:19:37.573 INF Request finished (out of order). clSeqNr=1988
15:19:37.573 INF Request finished (out of order). clSeqNr=2004
15:19:37.573 INF Request finished (out of order). clSeqNr=2020
15:19:37.573 INF Request finished (out of order). clSeqNr=1780
15:19:37.573 INF Request finished (out of order). clSeqNr=1796
15:19:37.610 INF Request finished (out of order). clSeqNr=1812
15:19:37.610 INF Request finished (out of order). clSeqNr=1828
15:19:37.614 INF Request finished (out of order). clSeqNr=1844
15:19:37.614 INF Request finished (out of order). clSeqNr=1860
15:19:37.615 INF Request finished (out of order). clSeqNr=1876
15:19:37.616 INF Request finished (out of order). clSeqNr=1892
15:19:37.626 INF Request finished (out of order). clSeqNr=1909
15:19:37.626 INF Request finished (out of order). clSeqNr=1925
15:19:37.626 INF Request finished (out of order). clSeqNr=1941
15:19:37.626 INF Request finished (out of order). clSeqNr=1957
15:19:37.626 INF Request finished (out of order). clSeqNr=1973
15:19:37.626 INF Request finished (out of order). clSeqNr=1989
15:19:37.626 INF Request finished (out of order). clSeqNr=2005
15:19:37.637 INF Request finished (out of order). clSeqNr=2021
15:19:37.637 INF Request finished (out of order). clSeqNr=1781
15:19:37.637 INF Request finished (out of order). clSeqNr=1797
15:19:37.637 INF Request finished (out of order). clSeqNr=1813
15:19:37.637 INF Request finished (out of order). clSeqNr=1829
15:19:37.637 INF Request finished (out of order). clSeqNr=1845
15:19:37.637 INF Request finished (out of order). clSeqNr=1861
15:19:37.637 INF Request finished (out of order). clSeqNr=1877
15:19:37.637 INF Request finished (out of order). clSeqNr=1893
15:19:39.248 INF Request finished (out of order). clSeqNr=1910
15:19:39.249 INF Request finished (out of order). clSeqNr=1926
15:19:39.249 INF Request finished (out of order). clSeqNr=1942
15:19:39.250 INF Request finished (out of order). clSeqNr=1958
15:19:39.251 INF Request finished (out of order). clSeqNr=1974
15:19:39.251 INF Request finished (out of order). clSeqNr=1990
15:19:39.252 INF Request finished (out of order). clSeqNr=2006
15:19:39.252 INF Request finished (out of order). clSeqNr=2022
15:19:39.252 INF Request finished (out of order). clSeqNr=1782
15:19:39.253 INF Request finished (out of order). clSeqNr=1798
15:19:39.254 INF Request finished (out of order). clSeqNr=1814
15:19:39.349 INF Request finished (out of order). clSeqNr=1830
15:19:39.349 INF Request finished (out of order). clSeqNr=1846
15:19:39.350 INF Request finished (out of order). clSeqNr=1862
15:19:39.351 INF Request finished (out of order). clSeqNr=1878
15:19:39.352 INF Request finished (out of order). clSeqNr=1894
15:19:39.352 INF Request finished (out of order). clSeqNr=1911
15:19:39.353 INF Request finished (out of order). clSeqNr=1927
15:19:39.373 INF Request finished (out of order). clSeqNr=1943
15:19:39.373 INF Request finished (out of order). clSeqNr=1959
15:19:39.373 INF Request finished (out of order). clSeqNr=1975
15:19:39.373 INF Request finished (out of order). clSeqNr=1991
15:19:39.373 INF Request finished (out of order). clSeqNr=2007
15:19:39.373 INF Request finished (out of order). clSeqNr=2023
15:19:39.373 INF Request finished (out of order). clSeqNr=1783
15:19:39.373 INF Request finished (out of order). clSeqNr=1799
15:19:39.373 INF Request finished (out of order). clSeqNr=1815
15:19:39.373 INF Request finished (out of order). clSeqNr=1831
15:19:39.373 INF Request finished (out of order). clSeqNr=1847
15:19:39.373 INF Request finished (out of order). clSeqNr=1863
15:19:39.373 INF Request finished (out of order). clSeqNr=1879
15:19:39.373 INF Request finished (out of order). clSeqNr=1895
15:19:39.373 INF Request finished (out of order). clSeqNr=1912
15:19:39.373 INF Request finished (out of order). clSeqNr=1928
15:19:39.373 INF Request finished (out of order). clSeqNr=1944
15:19:39.373 INF Request finished (out of order). clSeqNr=1960
15:19:39.373 INF Request finished (out of order). clSeqNr=1976
15:19:39.373 INF Request finished (out of order). clSeqNr=1992
15:19:39.373 INF Request finished (out of order). clSeqNr=2008
15:19:39.373 INF Request finished (out of order). clSeqNr=2024
15:19:39.373 INF Request finished (out of order). clSeqNr=1784
15:19:39.373 INF Request finished (out of order). clSeqNr=1800
15:19:39.373 INF Request finished (out of order). clSeqNr=1816
15:19:39.373 INF Request finished (out of order). clSeqNr=1832
15:19:39.373 INF Request finished (out of order). clSeqNr=1848
15:19:39.373 INF Request finished (out of order). clSeqNr=1864
15:19:39.373 INF Request finished (out of order). clSeqNr=1880
15:19:39.378 INF Request finished (out of order). clSeqNr=1896
15:19:39.378 INF Request finished (out of order). clSeqNr=1913
15:19:39.378 INF Request finished (out of order). clSeqNr=1929
15:19:39.378 INF Request finished (out of order). clSeqNr=1945
15:19:39.378 INF Request finished (out of order). clSeqNr=1961
15:19:39.378 INF Request finished (out of order). clSeqNr=1977
15:19:39.378 INF Request finished (out of order). clSeqNr=1993
15:19:39.378 INF Request finished (out of order). clSeqNr=2009
15:19:39.378 INF Request finished (out of order). clSeqNr=2025
15:19:39.378 INF Request finished (out of order). clSeqNr=1785
15:19:39.378 INF Request finished (out of order). clSeqNr=1801
15:19:39.378 INF Request finished (out of order). clSeqNr=1817
15:19:39.378 INF Request finished (out of order). clSeqNr=1833
15:19:39.378 INF Request finished (out of order). clSeqNr=1849
15:19:39.378 INF Request finished (out of order). clSeqNr=1865
15:19:39.378 INF Request finished (out of order). clSeqNr=1881
15:19:39.378 INF Request finished (out of order). clSeqNr=1897
15:19:39.378 INF Request finished (out of order). clSeqNr=1914
15:19:39.378 INF Request finished (out of order). clSeqNr=1930
15:19:39.378 INF Request finished (out of order). clSeqNr=1946
15:19:39.378 INF Request finished (out of order). clSeqNr=1962
15:19:39.378 INF Request finished (out of order). clSeqNr=1978
15:19:39.378 INF Request finished (out of order). clSeqNr=1994
15:19:39.378 INF Request finished (out of order). clSeqNr=2010
15:19:39.378 INF Request finished (out of order). clSeqNr=2026
15:19:39.378 INF Request finished (out of order). clSeqNr=2042
15:19:39.378 INF Request finished (out of order). clSeqNr=2058
15:19:39.378 INF Request finished (out of order). clSeqNr=1818
15:19:39.379 INF Request finished (out of order). clSeqNr=1834
15:19:39.379 INF Request finished (out of order). clSeqNr=1850
15:19:39.379 INF Request finished (out of order). clSeqNr=1866
15:19:39.379 INF Request finished (out of order). clSeqNr=1882
15:19:39.379 INF Request finished (out of order). clSeqNr=1898
15:19:39.379 INF Request finished (out of order). clSeqNr=1915
15:19:39.379 INF Request finished (out of order). clSeqNr=1931
15:19:39.379 INF Request finished (out of order). clSeqNr=1947
15:19:39.379 INF Request finished (out of order). clSeqNr=1963
15:19:39.379 INF Request finished (out of order). clSeqNr=1979
15:19:39.379 INF Request finished (out of order). clSeqNr=1995
15:19:39.379 INF Request finished (out of order). clSeqNr=2011
15:19:39.379 INF Request finished (out of order). clSeqNr=2027
15:19:39.379 INF Request finished (out of order). clSeqNr=2043
15:19:39.379 INF Request finished (out of order). clSeqNr=2059
15:19:39.379 INF Request finished (out of order). clSeqNr=1819
15:19:39.379 INF Request finished (out of order). clSeqNr=1835
15:19:39.379 INF Request finished (out of order). clSeqNr=1851
15:19:39.379 INF Request finished (out of order). clSeqNr=1867
15:19:39.379 INF Request finished (out of order). clSeqNr=1883
15:19:39.379 INF Request finished (out of order). clSeqNr=1899
15:19:39.379 INF Request finished (out of order). clSeqNr=1916
15:19:39.379 INF Request finished (out of order). clSeqNr=1932
15:19:39.379 INF Request finished (out of order). clSeqNr=1948
15:19:39.380 INF Request finished (out of order). clSeqNr=1964
15:19:39.380 INF Request finished (out of order). clSeqNr=1980
15:19:39.380 INF Request finished (out of order). clSeqNr=1996
15:19:39.380 INF Request finished (out of order). clSeqNr=2012
15:19:39.380 INF Request finished (out of order). clSeqNr=2028
15:19:39.380 INF Request finished (out of order). clSeqNr=2044
15:19:39.380 INF Request finished (out of order). clSeqNr=2060
15:19:39.380 INF Request finished (out of order). clSeqNr=1820
15:19:39.380 INF Request finished (out of order). clSeqNr=1836
15:19:39.380 INF Request finished (out of order). clSeqNr=1852
15:19:39.380 INF Request finished (out of order). clSeqNr=1868
15:19:39.380 INF Request finished (out of order). clSeqNr=1884
15:19:39.380 INF Request finished (out of order). clSeqNr=1900
15:19:39.380 INF Request finished (out of order). clSeqNr=1917
15:19:39.380 INF Request finished (out of order). clSeqNr=1933
15:19:39.380 INF Request finished (out of order). clSeqNr=1949
15:19:39.380 INF Request finished (out of order). clSeqNr=1965
15:19:39.380 INF Request finished (out of order). clSeqNr=1981
15:19:39.380 INF Request finished (out of order). clSeqNr=1997
15:19:39.380 INF Request finished (out of order). clSeqNr=2013
15:19:39.380 INF Request finished (out of order). clSeqNr=2029
15:19:39.380 INF Request finished (out of order). clSeqNr=2045
15:19:39.380 INF Request finished (out of order). clSeqNr=2061
15:19:39.380 INF Request finished (out of order). clSeqNr=1821
15:19:39.381 INF Request finished (out of order). clSeqNr=1837
15:19:39.381 INF Request finished (out of order). clSeqNr=1853
15:19:39.381 INF Request finished (out of order). clSeqNr=1869
15:19:39.381 INF Request finished (out of order). clSeqNr=1885
15:19:39.381 INF Request finished (out of order). clSeqNr=1901
15:19:39.381 INF Request finished (out of order). clSeqNr=1918
15:19:39.381 INF Request finished (out of order). clSeqNr=1934
15:19:39.381 INF Request finished (out of order). clSeqNr=1950
15:19:39.381 INF Request finished (out of order). clSeqNr=1966
15:19:39.381 INF Request finished (out of order). clSeqNr=1982
15:19:39.381 INF Request finished (out of order). clSeqNr=1998
15:19:39.381 INF Request finished (out of order). clSeqNr=2014
15:19:39.381 INF Request finished (out of order). clSeqNr=2030
15:19:39.381 INF Request finished (out of order). clSeqNr=2046
15:19:39.381 INF Request finished (out of order). clSeqNr=1806
15:19:39.381 INF Request finished (out of order). clSeqNr=1822
15:19:39.381 INF Request finished (out of order). clSeqNr=1838
15:19:39.381 INF Request finished (out of order). clSeqNr=1854
15:19:39.381 INF Request finished (out of order). clSeqNr=1870
15:19:39.381 INF Request finished (out of order). clSeqNr=1886
15:19:39.381 INF Request finished (out of order). clSeqNr=1902
15:19:39.381 INF Request finished (out of order). clSeqNr=1919
15:19:39.381 INF Request finished (out of order). clSeqNr=1935
15:19:39.381 INF Request finished (out of order). clSeqNr=1951
15:19:39.381 INF Request finished (out of order). clSeqNr=1967
15:19:39.381 INF Request finished (out of order). clSeqNr=1983
15:19:39.381 INF Request finished (out of order). clSeqNr=1999
15:19:39.381 INF Request finished (out of order). clSeqNr=2015
15:19:39.381 INF Request finished (out of order). clSeqNr=2031
15:19:39.381 INF Request finished (out of order). clSeqNr=2047
15:19:39.381 INF Request finished (out of order). clSeqNr=1807
15:19:39.381 INF Request finished (out of order). clSeqNr=1823
15:19:39.381 INF Request finished (out of order). clSeqNr=1839
15:19:39.381 INF Request finished (out of order). clSeqNr=1855
15:19:39.381 INF Request finished (out of order). clSeqNr=1871
15:19:39.381 INF Request finished (out of order). clSeqNr=1887
15:19:39.381 INF Request finished (out of order). clSeqNr=1903
15:19:39.381 INF Request finished (out of order). clSeqNr=1920
15:19:39.381 INF Request finished (out of order). clSeqNr=1936
15:19:39.381 INF Request finished (out of order). clSeqNr=1952
15:19:39.381 INF Request finished (out of order). clSeqNr=1968
15:19:39.381 INF Request finished (out of order). clSeqNr=1984
15:19:39.381 INF Request finished (out of order). clSeqNr=2000
15:19:39.381 INF Request finished (out of order). clSeqNr=2016
15:19:39.381 INF Request finished (out of order). clSeqNr=2032
15:19:39.381 INF Request finished (out of order). clSeqNr=2048
15:19:39.381 INF Request finished (out of order). clSeqNr=1808
15:19:39.381 INF Request finished (out of order). clSeqNr=1824
15:19:39.381 INF Request finished (out of order). clSeqNr=1840
15:19:39.381 INF Request finished (out of order). clSeqNr=1856
15:19:39.382 INF Request finished (out of order). clSeqNr=1872
15:19:39.382 INF Request finished (out of order). clSeqNr=1888
15:19:39.382 INF Request finished (out of order). clSeqNr=1904
15:19:39.541 INF Request finished (out of order). clSeqNr=1921
15:19:39.541 INF Request finished (out of order). clSeqNr=1937
15:19:39.541 INF Request finished (out of order). clSeqNr=1953
15:19:39.541 INF Request finished (out of order). clSeqNr=1969
15:19:39.541 INF Request finished (out of order). clSeqNr=1985
15:19:39.541 INF Request finished (out of order). clSeqNr=2001
15:19:39.541 INF Request finished (out of order). clSeqNr=2017
15:19:39.541 INF Request finished (out of order). clSeqNr=2033
15:19:39.541 INF Request finished (out of order). clSeqNr=2049
15:19:39.541 INF Request finished (out of order). clSeqNr=1809
15:19:39.541 INF Request finished (out of order). clSeqNr=1825
15:19:39.541 INF Request finished (out of order). clSeqNr=1841
15:19:39.541 INF Request finished (out of order). clSeqNr=1857
15:19:39.541 INF Request finished (out of order). clSeqNr=1873
15:19:39.541 INF Request finished (out of order). clSeqNr=1889
15:19:39.541 INF Request finished (out of order). clSeqNr=1905
15:19:42.370 INF Request finished (out of order). clSeqNr=2163
15:19:42.371 INF Request finished (out of order). clSeqNr=2179
15:19:42.371 INF Request finished (out of order). clSeqNr=2195
15:19:42.372 INF Request finished (out of order). clSeqNr=2211
15:19:42.373 INF Request finished (out of order). clSeqNr=2227
15:19:42.373 INF Request finished (out of order). clSeqNr=2243
15:19:42.374 INF Request finished (out of order). clSeqNr=2259
15:19:42.375 INF Request finished (out of order). clSeqNr=2275
15:19:42.375 INF Request finished (out of order). clSeqNr=2035
15:19:42.375 INF Request finished (out of order). clSeqNr=2051
15:19:42.376 INF Request finished (out of order). clSeqNr=2067
15:19:42.376 INF Request finished (out of order). clSeqNr=2083
15:19:42.378 INF Request finished (out of order). clSeqNr=2099
15:19:42.379 INF Request finished (out of order). clSeqNr=2115
15:19:42.379 INF Request finished (out of order). clSeqNr=2131
15:19:42.411 INF Request finished (out of order). clSeqNr=2147
15:19:42.411 INF Request finished (out of order). clSeqNr=2164
15:19:42.411 INF Request finished (out of order). clSeqNr=2180
15:19:42.411 INF Request finished (out of order). clSeqNr=2196
15:19:42.411 INF Request finished (out of order). clSeqNr=2212
15:19:42.411 INF Request finished (out of order). clSeqNr=2228
15:19:42.411 INF Request finished (out of order). clSeqNr=2244
15:19:42.500 INF Request finished (out of order). clSeqNr=2260
15:19:42.500 INF Request finished (out of order). clSeqNr=2276
15:19:42.500 INF Request finished (out of order). clSeqNr=2036
15:19:42.500 INF Request finished (out of order). clSeqNr=2052
15:19:42.500 INF Request finished (out of order). clSeqNr=2068
15:19:42.500 INF Request finished (out of order). clSeqNr=2084
15:19:42.500 INF Request finished (out of order). clSeqNr=2100
15:19:42.500 INF Request finished (out of order). clSeqNr=2116
15:19:42.500 INF Request finished (out of order). clSeqNr=2132
15:19:42.500 INF Request finished (out of order). clSeqNr=2148
15:19:42.500 INF Request finished (out of order). clSeqNr=2165
15:19:42.500 INF Request finished (out of order). clSeqNr=2181
15:19:42.500 INF Request finished (out of order). clSeqNr=2197
15:19:42.500 INF Request finished (out of order). clSeqNr=2213
15:19:42.500 INF Request finished (out of order). clSeqNr=2229
15:19:42.501 INF Request finished (out of order). clSeqNr=2245
15:19:42.501 INF Request finished (out of order). clSeqNr=2261
15:19:42.501 INF Request finished (out of order). clSeqNr=2277
15:19:42.501 INF Request finished (out of order). clSeqNr=2037
15:19:42.501 INF Request finished (out of order). clSeqNr=2053
15:19:42.501 INF Request finished (out of order). clSeqNr=2069
15:19:42.501 INF Request finished (out of order). clSeqNr=2085
15:19:42.501 INF Request finished (out of order). clSeqNr=2101
15:19:42.501 INF Request finished (out of order). clSeqNr=2117
15:19:42.501 INF Request finished (out of order). clSeqNr=2133
15:19:42.501 INF Request finished (out of order). clSeqNr=2149
15:19:42.501 INF Request finished (out of order). clSeqNr=2166
15:19:42.501 INF Request finished (out of order). clSeqNr=2182
15:19:42.501 INF Request finished (out of order). clSeqNr=2198
15:19:42.501 INF Request finished (out of order). clSeqNr=2214
15:19:42.501 INF Request finished (out of order). clSeqNr=2230
15:19:42.501 INF Request finished (out of order). clSeqNr=2246
15:19:42.501 INF Request finished (out of order). clSeqNr=2262
15:19:42.501 INF Request finished (out of order). clSeqNr=2278
15:19:42.501 INF Request finished (out of order). clSeqNr=2038
15:19:42.501 INF Request finished (out of order). clSeqNr=2054
15:19:42.501 INF Request finished (out of order). clSeqNr=2070
15:19:42.502 INF Request finished (out of order). clSeqNr=2086
15:19:42.502 INF Request finished (out of order). clSeqNr=2102
15:19:42.502 INF Request finished (out of order). clSeqNr=2118
15:19:42.502 INF Request finished (out of order). clSeqNr=2134
15:19:42.502 INF Request finished (out of order). clSeqNr=2150
15:19:42.502 INF Request finished (out of order). clSeqNr=2167
15:19:42.502 INF Request finished (out of order). clSeqNr=2183
15:19:42.502 INF Request finished (out of order). clSeqNr=2199
15:19:42.502 INF Request finished (out of order). clSeqNr=2215
15:19:42.502 INF Request finished (out of order). clSeqNr=2231
15:19:42.502 INF Request finished (out of order). clSeqNr=2247
15:19:42.502 INF Request finished (out of order). clSeqNr=2263
15:19:42.502 INF Request finished (out of order). clSeqNr=2279
15:19:42.502 INF Request finished (out of order). clSeqNr=2039
15:19:42.502 INF Request finished (out of order). clSeqNr=2055
15:19:42.502 INF Request finished (out of order). clSeqNr=2071
15:19:42.502 INF Request finished (out of order). clSeqNr=2087
15:19:42.502 INF Request finished (out of order). clSeqNr=2103
15:19:42.502 INF Request finished (out of order). clSeqNr=2119
15:19:42.502 INF Request finished (out of order). clSeqNr=2135
15:19:42.502 INF Request finished (out of order). clSeqNr=2151
15:19:42.502 INF Request finished (out of order). clSeqNr=2168
15:19:42.502 INF Request finished (out of order). clSeqNr=2184
15:19:42.502 INF Request finished (out of order). clSeqNr=2200
15:19:42.502 INF Request finished (out of order). clSeqNr=2216
15:19:42.502 INF Request finished (out of order). clSeqNr=2232
15:19:42.502 INF Request finished (out of order). clSeqNr=2248
15:19:42.502 INF Request finished (out of order). clSeqNr=2264
15:19:42.502 INF Request finished (out of order). clSeqNr=2280
15:19:42.502 INF Request finished (out of order). clSeqNr=2040
15:19:42.502 INF Request finished (out of order). clSeqNr=2056
15:19:42.502 INF Request finished (out of order). clSeqNr=2072
15:19:42.502 INF Request finished (out of order). clSeqNr=2088
15:19:42.502 INF Request finished (out of order). clSeqNr=2104
15:19:42.502 INF Request finished (out of order). clSeqNr=2120
15:19:42.502 INF Request finished (out of order). clSeqNr=2136
15:19:42.503 INF Request finished (out of order). clSeqNr=2152
15:19:42.503 INF Request finished (out of order). clSeqNr=2169
15:19:42.503 INF Request finished (out of order). clSeqNr=2185
15:19:42.503 INF Request finished (out of order). clSeqNr=2201
15:19:42.503 INF Request finished (out of order). clSeqNr=2217
15:19:42.503 INF Request finished (out of order). clSeqNr=2233
15:19:42.503 INF Request finished (out of order). clSeqNr=2249
15:19:42.503 INF Request finished (out of order). clSeqNr=2265
15:19:42.503 INF Request finished (out of order). clSeqNr=2281
15:19:42.503 INF Request finished (out of order). clSeqNr=2041
15:19:42.503 INF Request finished (out of order). clSeqNr=2057
15:19:42.503 INF Request finished (out of order). clSeqNr=2073
15:19:42.503 INF Request finished (out of order). clSeqNr=2089
15:19:42.503 INF Request finished (out of order). clSeqNr=2105
15:19:42.503 INF Request finished (out of order). clSeqNr=2121
15:19:42.503 INF Request finished (out of order). clSeqNr=2137
15:19:42.503 INF Request finished (out of order). clSeqNr=2153
15:19:42.503 INF Request finished (out of order). clSeqNr=2170
15:19:42.503 INF Request finished (out of order). clSeqNr=2186
15:19:42.503 INF Request finished (out of order). clSeqNr=2202
15:19:42.503 INF Request finished (out of order). clSeqNr=2218
15:19:42.503 INF Request finished (out of order). clSeqNr=2234
15:19:42.503 INF Request finished (out of order). clSeqNr=2250
15:19:42.504 INF Request finished (out of order). clSeqNr=2266
15:19:42.504 INF Request finished (out of order). clSeqNr=2282
15:19:42.504 INF Request finished (out of order). clSeqNr=2298
15:19:42.504 INF Request finished (out of order). clSeqNr=2314
15:19:42.504 INF Request finished (out of order). clSeqNr=2074
15:19:42.504 INF Request finished (out of order). clSeqNr=2090
15:19:42.504 INF Request finished (out of order). clSeqNr=2106
15:19:42.504 INF Request finished (out of order). clSeqNr=2122
15:19:42.504 INF Request finished (out of order). clSeqNr=2138
15:19:42.504 INF Request finished (out of order). clSeqNr=2154
15:19:42.504 INF Request finished (out of order). clSeqNr=2171
15:19:42.504 INF Request finished (out of order). clSeqNr=2187
15:19:42.504 INF Request finished (out of order). clSeqNr=2203
15:19:42.504 INF Request finished (out of order). clSeqNr=2219
15:19:42.504 INF Request finished (out of order). clSeqNr=2235
15:19:42.504 INF Request finished (out of order). clSeqNr=2251
15:19:42.504 INF Request finished (out of order). clSeqNr=2267
15:19:42.504 INF Request finished (out of order). clSeqNr=2283
15:19:42.504 INF Request finished (out of order). clSeqNr=2299
15:19:42.504 INF Request finished (out of order). clSeqNr=2315
15:19:42.504 INF Request finished (out of order). clSeqNr=2075
15:19:42.504 INF Request finished (out of order). clSeqNr=2091
15:19:42.504 INF Request finished (out of order). clSeqNr=2107
15:19:42.504 INF Request finished (out of order). clSeqNr=2123
15:19:42.504 INF Request finished (out of order). clSeqNr=2139
15:19:42.504 INF Request finished (out of order). clSeqNr=2155
15:19:42.504 INF Request finished (out of order). clSeqNr=2172
15:19:42.504 INF Request finished (out of order). clSeqNr=2188
15:19:42.504 INF Request finished (out of order). clSeqNr=2204
15:19:42.504 INF Request finished (out of order). clSeqNr=2220
15:19:42.504 INF Request finished (out of order). clSeqNr=2236
15:19:42.504 INF Request finished (out of order). clSeqNr=2252
15:19:42.505 INF Request finished (out of order). clSeqNr=2268
15:19:42.505 INF Request finished (out of order). clSeqNr=2284
15:19:42.505 INF Request finished (out of order). clSeqNr=2300
15:19:42.505 INF Request finished (out of order). clSeqNr=2316
15:19:42.505 INF Request finished (out of order). clSeqNr=2076
15:19:42.505 INF Request finished (out of order). clSeqNr=2092
15:19:42.505 INF Request finished (out of order). clSeqNr=2108
15:19:42.505 INF Request finished (out of order). clSeqNr=2124
15:19:42.505 INF Request finished (out of order). clSeqNr=2140
15:19:42.505 INF Request finished (out of order). clSeqNr=2156
15:19:42.505 INF Request finished (out of order). clSeqNr=2173
15:19:42.505 INF Request finished (out of order). clSeqNr=2189
15:19:42.505 INF Request finished (out of order). clSeqNr=2205
15:19:42.505 INF Request finished (out of order). clSeqNr=2221
15:19:42.505 INF Request finished (out of order). clSeqNr=2237
15:19:42.505 INF Request finished (out of order). clSeqNr=2253
15:19:42.505 INF Request finished (out of order). clSeqNr=2269
15:19:42.505 INF Request finished (out of order). clSeqNr=2285
15:19:42.505 INF Request finished (out of order). clSeqNr=2301
15:19:42.505 INF Request finished (out of order). clSeqNr=2317
15:19:42.505 INF Request finished (out of order). clSeqNr=2077
15:19:42.505 INF Request finished (out of order). clSeqNr=2093
15:19:42.505 INF Request finished (out of order). clSeqNr=2109
15:19:42.505 INF Request finished (out of order). clSeqNr=2125
15:19:42.505 INF Request finished (out of order). clSeqNr=2141
15:19:42.505 INF Request finished (out of order). clSeqNr=2157
15:19:42.505 INF Request finished (out of order). clSeqNr=2174
15:19:42.505 INF Request finished (out of order). clSeqNr=2190
15:19:42.505 INF Request finished (out of order). clSeqNr=2206
15:19:42.505 INF Request finished (out of order). clSeqNr=2222
15:19:42.505 INF Request finished (out of order). clSeqNr=2238
15:19:42.506 INF Request finished (out of order). clSeqNr=2254
15:19:42.506 INF Request finished (out of order). clSeqNr=2270
15:19:42.506 INF Request finished (out of order). clSeqNr=2286
15:19:42.506 INF Request finished (out of order). clSeqNr=2302
15:19:42.506 INF Request finished (out of order). clSeqNr=2062
15:19:42.506 INF Request finished (out of order). clSeqNr=2078
15:19:42.506 INF Request finished (out of order). clSeqNr=2094
15:19:42.506 INF Request finished (out of order). clSeqNr=2110
15:19:42.506 INF Request finished (out of order). clSeqNr=2126
15:19:42.506 INF Request finished (out of order). clSeqNr=2142
15:19:42.506 INF Request finished (out of order). clSeqNr=2158
15:19:42.506 INF Request finished (out of order). clSeqNr=2175
15:19:42.506 INF Request finished (out of order). clSeqNr=2191
15:19:42.506 INF Request finished (out of order). clSeqNr=2207
15:19:42.506 INF Request finished (out of order). clSeqNr=2223
15:19:42.506 INF Request finished (out of order). clSeqNr=2239
15:19:42.506 INF Request finished (out of order). clSeqNr=2255
15:19:42.506 INF Request finished (out of order). clSeqNr=2271
15:19:42.506 INF Request finished (out of order). clSeqNr=2287
15:19:42.506 INF Request finished (out of order). clSeqNr=2303
15:19:42.506 INF Request finished (out of order). clSeqNr=2063
15:19:42.506 INF Request finished (out of order). clSeqNr=2079
15:19:42.506 INF Request finished (out of order). clSeqNr=2095
15:19:42.506 INF Request finished (out of order). clSeqNr=2111
15:19:42.506 INF Request finished (out of order). clSeqNr=2127
15:19:42.506 INF Request finished (out of order). clSeqNr=2143
15:19:42.506 INF Request finished (out of order). clSeqNr=2159
15:19:42.506 INF Request finished (out of order). clSeqNr=2176
15:19:42.506 INF Request finished (out of order). clSeqNr=2192
15:19:42.506 INF Request finished (out of order). clSeqNr=2208
15:19:42.506 INF Request finished (out of order). clSeqNr=2224
15:19:42.507 INF Request finished (out of order). clSeqNr=2240
15:19:42.507 INF Request finished (out of order). clSeqNr=2256
15:19:42.507 INF Request finished (out of order). clSeqNr=2272
15:19:42.507 INF Request finished (out of order). clSeqNr=2288
15:19:42.507 INF Request finished (out of order). clSeqNr=2304
15:19:42.507 INF Request finished (out of order). clSeqNr=2064
15:19:42.507 INF Request finished (out of order). clSeqNr=2080
15:19:42.507 INF Request finished (out of order). clSeqNr=2096
15:19:42.507 INF Request finished (out of order). clSeqNr=2112
15:19:42.507 INF Request finished (out of order). clSeqNr=2128
15:19:42.507 INF Request finished (out of order). clSeqNr=2144
15:19:42.507 INF Request finished (out of order). clSeqNr=2160
15:19:42.507 INF Request finished (out of order). clSeqNr=2177
15:19:42.507 INF Request finished (out of order). clSeqNr=2193
15:19:42.507 INF Request finished (out of order). clSeqNr=2209
15:19:42.507 INF Request finished (out of order). clSeqNr=2225
15:19:42.507 INF Request finished (out of order). clSeqNr=2241
15:19:42.508 INF Request finished (out of order). clSeqNr=2257
15:19:42.508 INF Request finished (out of order). clSeqNr=2273
15:19:42.508 INF Request finished (out of order). clSeqNr=2289
15:19:42.508 INF Request finished (out of order). clSeqNr=2305
15:19:42.508 INF Request finished (out of order). clSeqNr=2065
15:19:42.508 INF Request finished (out of order). clSeqNr=2081
15:19:42.508 INF Request finished (out of order). clSeqNr=2097
15:19:42.508 INF Request finished (out of order). clSeqNr=2113
15:19:42.508 INF Request finished (out of order). clSeqNr=2129
15:19:42.508 INF Request finished (out of order). clSeqNr=2145
15:19:42.508 INF Request finished (out of order). clSeqNr=2161
15:19:42.508 INF Request finished (out of order). clSeqNr=1138
15:19:42.508 INF Request finished (out of order). clSeqNr=1154
15:19:42.508 INF Request finished (out of order). clSeqNr=1170
15:19:42.508 INF Request finished (out of order). clSeqNr=1186
15:19:42.509 INF Request finished (out of order). clSeqNr=1202
15:19:42.509 INF Request finished (out of order). clSeqNr=1218
15:19:42.514 INF Request finished (out of order). clSeqNr=1234
15:19:42.514 INF Request finished (out of order). clSeqNr=1250
15:19:42.514 INF Request finished (out of order). clSeqNr=1266
15:19:42.548 INF Request finished (out of order). clSeqNr=1282
15:19:42.548 INF Request finished (out of order). clSeqNr=1042
15:19:42.548 INF Request delivered (in order). clSeqNr=1042
15:19:42.548 INF Request delivered (in order). clSeqNr=1043
15:19:42.548 INF Request delivered (in order). clSeqNr=1044
15:19:42.548 INF Request delivered (in order). clSeqNr=1045
15:19:42.548 INF Request delivered (in order). clSeqNr=1046
15:19:42.548 INF Request delivered (in order). clSeqNr=1047
15:19:42.548 INF Request delivered (in order). clSeqNr=1048
15:19:42.548 INF Request delivered (in order). clSeqNr=1049
15:19:42.548 INF Request delivered (in order). clSeqNr=1050
15:19:42.548 INF Request delivered (in order). clSeqNr=1051
15:19:42.548 INF Request delivered (in order). clSeqNr=1052
15:19:42.548 INF Request delivered (in order). clSeqNr=1053
15:19:42.548 INF Request delivered (in order). clSeqNr=1054
15:19:42.548 INF Request delivered (in order). clSeqNr=1055
15:19:42.548 INF Request delivered (in order). clSeqNr=1056
15:19:42.548 INF Request delivered (in order). clSeqNr=1057
15:19:42.548 INF Request finished (out of order). clSeqNr=1058
15:19:42.548 INF Request delivered (in order). clSeqNr=1058
15:19:42.548 INF Request delivered (in order). clSeqNr=1059
15:19:42.548 INF Request delivered (in order). clSeqNr=1060
15:19:42.548 INF Request delivered (in order). clSeqNr=1061
15:19:42.548 INF Request delivered (in order). clSeqNr=1062
15:19:42.548 INF Request delivered (in order). clSeqNr=1063
15:19:42.548 INF Request delivered (in order). clSeqNr=1064
15:19:42.548 INF Request delivered (in order). clSeqNr=1065
15:19:42.548 INF Request delivered (in order). clSeqNr=1066
15:19:42.548 INF Request delivered (in order). clSeqNr=1067
15:19:42.548 INF Request delivered (in order). clSeqNr=1068
15:19:42.548 INF Request delivered (in order). clSeqNr=1069
15:19:42.548 INF Request delivered (in order). clSeqNr=1070
15:19:42.548 INF Request delivered (in order). clSeqNr=1071
15:19:42.548 INF Request delivered (in order). clSeqNr=1072
15:19:42.548 INF Request delivered (in order). clSeqNr=1073
15:19:42.549 INF Request finished (out of order). clSeqNr=1074
15:19:42.549 INF Request delivered (in order). clSeqNr=1074
15:19:42.549 INF Request delivered (in order). clSeqNr=1075
15:19:42.549 INF Request delivered (in order). clSeqNr=1076
15:19:42.549 INF Request delivered (in order). clSeqNr=1077
15:19:42.549 INF Request delivered (in order). clSeqNr=1078
15:19:42.549 INF Request delivered (in order). clSeqNr=1079
15:19:42.549 INF Request delivered (in order). clSeqNr=1080
15:19:42.549 INF Request delivered (in order). clSeqNr=1081
15:19:42.549 INF Request delivered (in order). clSeqNr=1082
15:19:42.549 INF Request delivered (in order). clSeqNr=1083
15:19:42.549 INF Request delivered (in order). clSeqNr=1084
15:19:42.549 INF Request delivered (in order). clSeqNr=1085
15:19:42.549 INF Request delivered (in order). clSeqNr=1086
15:19:42.549 INF Request delivered (in order). clSeqNr=1087
15:19:42.549 INF Request delivered (in order). clSeqNr=1088
15:19:42.549 INF Request delivered (in order). clSeqNr=1089
15:19:42.549 INF Request finished (out of order). clSeqNr=1090
15:19:42.549 INF Request delivered (in order). clSeqNr=1090
15:19:42.549 INF Request delivered (in order). clSeqNr=1091
15:19:42.549 INF Request delivered (in order). clSeqNr=1092
15:19:42.549 INF Request delivered (in order). clSeqNr=1093
15:19:42.549 INF Request delivered (in order). clSeqNr=1094
15:19:42.549 INF Request delivered (in order). clSeqNr=1095
15:19:42.549 INF Request delivered (in order). clSeqNr=1096
15:19:42.549 INF Request delivered (in order). clSeqNr=1097
15:19:42.549 INF Request delivered (in order). clSeqNr=1098
15:19:42.549 INF Request delivered (in order). clSeqNr=1099
15:19:42.549 INF Request delivered (in order). clSeqNr=1100
15:19:42.549 INF Request delivered (in order). clSeqNr=1101
15:19:42.549 INF Request delivered (in order). clSeqNr=1102
15:19:42.549 INF Request delivered (in order). clSeqNr=1103
15:19:42.549 INF Request delivered (in order). clSeqNr=1104
15:19:42.549 INF Request delivered (in order). clSeqNr=1105
15:19:42.589 INF Request finished (out of order). clSeqNr=1106
15:19:42.589 INF Request delivered (in order). clSeqNr=1106
15:19:42.589 INF Request delivered (in order). clSeqNr=1107
15:19:42.589 INF Request delivered (in order). clSeqNr=1108
15:19:42.589 INF Request delivered (in order). clSeqNr=1109
15:19:42.589 INF Request delivered (in order). clSeqNr=1110
15:19:42.589 INF Request delivered (in order). clSeqNr=1111
15:19:42.589 INF Request delivered (in order). clSeqNr=1112
15:19:42.589 INF Request delivered (in order). clSeqNr=1113
15:19:42.589 INF Request delivered (in order). clSeqNr=1114
15:19:42.589 INF Request delivered (in order). clSeqNr=1115
15:19:42.589 INF Request delivered (in order). clSeqNr=1116
15:19:42.589 INF Request delivered (in order). clSeqNr=1117
15:19:42.589 INF Request delivered (in order). clSeqNr=1118
15:19:42.589 INF Request delivered (in order). clSeqNr=1119
15:19:42.589 INF Request delivered (in order). clSeqNr=1120
15:19:42.589 INF Request delivered (in order). clSeqNr=1121
15:19:42.589 INF Request finished (out of order). clSeqNr=1122
15:19:42.589 INF Request delivered (in order). clSeqNr=1122
15:19:42.589 INF Request delivered (in order). clSeqNr=1123
15:19:42.589 INF Request delivered (in order). clSeqNr=1124
15:19:42.589 INF Request delivered (in order). clSeqNr=1125
15:19:42.589 INF Request delivered (in order). clSeqNr=1126
15:19:42.589 INF Request delivered (in order). clSeqNr=1127
15:19:42.589 INF Request delivered (in order). clSeqNr=1128
15:19:42.589 INF Request delivered (in order). clSeqNr=1129
15:19:42.589 INF Request delivered (in order). clSeqNr=1130
15:19:42.589 INF Request delivered (in order). clSeqNr=1131
15:19:42.589 INF Request delivered (in order). clSeqNr=1132
15:19:42.589 INF Request delivered (in order). clSeqNr=1133
15:19:42.589 INF Request delivered (in order). clSeqNr=1134
15:19:42.589 INF Request delivered (in order). clSeqNr=1135
15:19:42.589 INF Request delivered (in order). clSeqNr=1136
15:19:42.589 INF Request delivered (in order). clSeqNr=1137
15:19:42.589 INF Request delivered (in order). clSeqNr=1138
15:19:42.589 INF Request delivered (in order). clSeqNr=1139
15:19:42.589 INF Request delivered (in order). clSeqNr=1140
15:19:42.589 INF Request delivered (in order). clSeqNr=1141
15:19:42.589 INF Request delivered (in order). clSeqNr=1142
15:19:42.589 INF Request delivered (in order). clSeqNr=1143
15:19:42.589 INF Request delivered (in order). clSeqNr=1144
15:19:42.589 INF Request delivered (in order). clSeqNr=1145
15:19:42.589 INF Request delivered (in order). clSeqNr=1146
15:19:42.589 INF Request delivered (in order). clSeqNr=1147
15:19:42.589 INF Request delivered (in order). clSeqNr=1148
15:19:42.589 INF Request delivered (in order). clSeqNr=1149
15:19:42.589 INF Request delivered (in order). clSeqNr=1150
15:19:42.589 INF Request delivered (in order). clSeqNr=1151
15:19:42.589 INF Request delivered (in order). clSeqNr=1152
15:19:42.589 INF Request delivered (in order). clSeqNr=1153
15:19:42.590 INF Request delivered (in order). clSeqNr=1154
15:19:42.590 INF Request delivered (in order). clSeqNr=1155
15:19:42.590 INF Request delivered (in order). clSeqNr=1156
15:19:42.590 INF Request delivered (in order). clSeqNr=1157
15:19:42.590 INF Request delivered (in order). clSeqNr=1158
15:19:42.590 INF Request delivered (in order). clSeqNr=1159
15:19:42.590 INF Request delivered (in order). clSeqNr=1160
15:19:42.590 INF Request delivered (in order). clSeqNr=1161
15:19:42.590 INF Request delivered (in order). clSeqNr=1162
15:19:42.590 INF Request delivered (in order). clSeqNr=1163
15:19:42.590 INF Request delivered (in order). clSeqNr=1164
15:19:42.590 INF Request delivered (in order). clSeqNr=1165
15:19:42.590 INF Request delivered (in order). clSeqNr=1166
15:19:42.590 INF Request delivered (in order). clSeqNr=1167
15:19:42.590 INF Request delivered (in order). clSeqNr=1168
15:19:42.590 INF Request delivered (in order). clSeqNr=1169
15:19:42.590 INF Request delivered (in order). clSeqNr=1170
15:19:42.590 INF Request delivered (in order). clSeqNr=1171
15:19:42.590 INF Request delivered (in order). clSeqNr=1172
15:19:42.590 INF Request delivered (in order). clSeqNr=1173
15:19:42.590 INF Request delivered (in order). clSeqNr=1174
15:19:42.590 INF Request delivered (in order). clSeqNr=1175
15:19:42.590 INF Request delivered (in order). clSeqNr=1176
15:19:42.590 INF Request delivered (in order). clSeqNr=1177
15:19:42.590 INF Request delivered (in order). clSeqNr=1178
15:19:42.590 INF Request delivered (in order). clSeqNr=1179
15:19:42.590 INF Request delivered (in order). clSeqNr=1180
15:19:42.590 INF Request delivered (in order). clSeqNr=1181
15:19:42.590 INF Request delivered (in order). clSeqNr=1182
15:19:42.590 INF Request delivered (in order). clSeqNr=1183
15:19:42.590 INF Request delivered (in order). clSeqNr=1184
15:19:42.590 INF Request delivered (in order). clSeqNr=1185
15:19:42.590 INF Request delivered (in order). clSeqNr=1186
15:19:42.590 INF Request delivered (in order). clSeqNr=1187
15:19:42.590 INF Request delivered (in order). clSeqNr=1188
15:19:42.590 INF Request delivered (in order). clSeqNr=1189
15:19:42.590 INF Request delivered (in order). clSeqNr=1190
15:19:42.590 INF Request delivered (in order). clSeqNr=1191
15:19:42.590 INF Request delivered (in order). clSeqNr=1192
15:19:42.590 INF Request delivered (in order). clSeqNr=1193
15:19:42.590 INF Request delivered (in order). clSeqNr=1194
15:19:42.590 INF Request delivered (in order). clSeqNr=1195
15:19:42.590 INF Request delivered (in order). clSeqNr=1196
15:19:42.590 INF Request delivered (in order). clSeqNr=1197
15:19:42.590 INF Request delivered (in order). clSeqNr=1198
15:19:42.590 INF Request delivered (in order). clSeqNr=1199
15:19:42.590 INF Request delivered (in order). clSeqNr=1200
15:19:42.590 INF Request delivered (in order). clSeqNr=1201
15:19:42.590 INF Request delivered (in order). clSeqNr=1202
15:19:42.590 INF Request delivered (in order). clSeqNr=1203
15:19:42.590 INF Request delivered (in order). clSeqNr=1204
15:19:42.590 INF Request delivered (in order). clSeqNr=1205
15:19:42.590 INF Request delivered (in order). clSeqNr=1206
15:19:42.590 INF Request delivered (in order). clSeqNr=1207
15:19:42.590 INF Request delivered (in order). clSeqNr=1208
15:19:42.590 INF Request delivered (in order). clSeqNr=1209
15:19:42.590 INF Request delivered (in order). clSeqNr=1210
15:19:42.590 INF Request delivered (in order). clSeqNr=1211
15:19:42.590 INF Request delivered (in order). clSeqNr=1212
15:19:42.590 INF Request delivered (in order). clSeqNr=1213
15:19:42.590 INF Request delivered (in order). clSeqNr=1214
15:19:42.590 INF Request delivered (in order). clSeqNr=1215
15:19:42.590 INF Request delivered (in order). clSeqNr=1216
15:19:42.590 INF Request delivered (in order). clSeqNr=1217
15:19:42.590 INF Request delivered (in order). clSeqNr=1218
15:19:42.590 INF Request delivered (in order). clSeqNr=1219
15:19:42.590 INF Request delivered (in order). clSeqNr=1220
15:19:42.591 INF Request delivered (in order). clSeqNr=1221
15:19:42.591 INF Request delivered (in order). clSeqNr=1222
15:19:42.591 INF Request delivered (in order). clSeqNr=1223
15:19:42.591 INF Request delivered (in order). clSeqNr=1224
15:19:42.591 INF Request delivered (in order). clSeqNr=1225
15:19:42.591 INF Request delivered (in order). clSeqNr=1226
15:19:42.591 INF Request delivered (in order). clSeqNr=1227
15:19:42.591 INF Request delivered (in order). clSeqNr=1228
15:19:42.591 INF Request delivered (in order). clSeqNr=1229
15:19:42.591 INF Request delivered (in order). clSeqNr=1230
15:19:42.591 INF Request delivered (in order). clSeqNr=1231
15:19:42.591 INF Request delivered (in order). clSeqNr=1232
15:19:42.591 INF Request delivered (in order). clSeqNr=1233
15:19:42.591 INF Request delivered (in order). clSeqNr=1234
15:19:42.591 INF Request delivered (in order). clSeqNr=1235
15:19:42.591 INF Request delivered (in order). clSeqNr=1236
15:19:42.591 INF Request delivered (in order). clSeqNr=1237
15:19:42.591 INF Request delivered (in order). clSeqNr=1238
15:19:42.591 INF Request delivered (in order). clSeqNr=1239
15:19:42.591 INF Request delivered (in order). clSeqNr=1240
15:19:42.591 INF Request delivered (in order). clSeqNr=1241
15:19:42.591 INF Request delivered (in order). clSeqNr=1242
15:19:42.591 INF Request delivered (in order). clSeqNr=1243
15:19:42.591 INF Request delivered (in order). clSeqNr=1244
15:19:42.591 INF Request delivered (in order). clSeqNr=1245
15:19:42.591 INF Request delivered (in order). clSeqNr=1246
15:19:42.591 INF Request delivered (in order). clSeqNr=1247
15:19:42.591 INF Request delivered (in order). clSeqNr=1248
15:19:42.591 INF Request delivered (in order). clSeqNr=1249
15:19:42.591 INF Request delivered (in order). clSeqNr=1250
15:19:42.591 INF Request delivered (in order). clSeqNr=1251
15:19:42.591 INF Request delivered (in order). clSeqNr=1252
15:19:42.591 INF Request delivered (in order). clSeqNr=1253
15:19:42.591 INF Request delivered (in order). clSeqNr=1254
15:19:42.591 INF Request delivered (in order). clSeqNr=1255
15:19:42.591 INF Request delivered (in order). clSeqNr=1256
15:19:42.591 INF Request delivered (in order). clSeqNr=1257
15:19:42.591 INF Request delivered (in order). clSeqNr=1258
15:19:42.591 INF Request delivered (in order). clSeqNr=1259
15:19:42.591 INF Request delivered (in order). clSeqNr=1260
15:19:42.591 INF Request delivered (in order). clSeqNr=1261
15:19:42.591 INF Request delivered (in order). clSeqNr=1262
15:19:42.591 INF Request delivered (in order). clSeqNr=1263
15:19:42.591 INF Request delivered (in order). clSeqNr=1264
15:19:42.591 INF Request delivered (in order). clSeqNr=1265
15:19:42.591 INF Request delivered (in order). clSeqNr=1266
15:19:42.591 INF Request delivered (in order). clSeqNr=1267
15:19:42.591 INF Request delivered (in order). clSeqNr=1268
15:19:42.591 INF Request delivered (in order). clSeqNr=1269
15:19:42.591 INF Request delivered (in order). clSeqNr=1270
15:19:42.591 INF Request delivered (in order). clSeqNr=1271
15:19:42.591 INF Request delivered (in order). clSeqNr=1272
15:19:42.591 INF Request delivered (in order). clSeqNr=1273
15:19:42.591 INF Request delivered (in order). clSeqNr=1274
15:19:42.591 INF Request delivered (in order). clSeqNr=1275
15:19:42.591 INF Request delivered (in order). clSeqNr=1276
15:19:42.591 INF Request delivered (in order). clSeqNr=1277
15:19:42.591 INF Request delivered (in order). clSeqNr=1278
15:19:42.591 INF Request delivered (in order). clSeqNr=1279
15:19:42.591 INF Request delivered (in order). clSeqNr=1280
15:19:42.591 INF Request delivered (in order). clSeqNr=1281
15:19:42.591 INF Request delivered (in order). clSeqNr=1282
15:19:42.591 INF Request delivered (in order). clSeqNr=1283
15:19:42.591 INF Request delivered (in order). clSeqNr=1284
15:19:42.591 INF Request delivered (in order). clSeqNr=1285
15:19:42.591 INF Request delivered (in order). clSeqNr=1286
15:19:42.591 INF Request delivered (in order). clSeqNr=1287
15:19:42.591 INF Request delivered (in order). clSeqNr=1288
15:19:42.591 INF Request delivered (in order). clSeqNr=1289
15:19:42.591 INF Request delivered (in order). clSeqNr=1290
15:19:42.591 INF Request delivered (in order). clSeqNr=1291
15:19:42.591 INF Request delivered (in order). clSeqNr=1292
15:19:42.591 INF Request delivered (in order). clSeqNr=1293
15:19:42.591 INF Request delivered (in order). clSeqNr=1294
15:19:42.591 INF Request delivered (in order). clSeqNr=1295
15:19:42.591 INF Request delivered (in order). clSeqNr=1296
15:19:42.591 INF Request delivered (in order). clSeqNr=1297
15:19:42.591 INF Request finished (out of order). clSeqNr=2419
15:19:42.591 INF Request finished (out of order). clSeqNr=2435
15:19:42.591 INF Request finished (out of order). clSeqNr=2451
15:19:42.591 INF Request finished (out of order). clSeqNr=2467
15:19:42.591 INF Request finished (out of order). clSeqNr=2483
15:19:42.591 INF Request finished (out of order). clSeqNr=2499
15:19:42.592 INF Request finished (out of order). clSeqNr=2515
15:19:42.592 INF Request finished (out of order). clSeqNr=2531
15:19:42.592 INF Request finished (out of order). clSeqNr=2291
15:19:42.592 INF Request finished (out of order). clSeqNr=2307
15:19:42.592 INF Request finished (out of order). clSeqNr=2323
15:19:42.592 INF Request finished (out of order). clSeqNr=2339
15:19:42.592 INF Request finished (out of order). clSeqNr=2355
15:19:42.592 INF Request finished (out of order). clSeqNr=2371
15:19:42.592 INF Request finished (out of order). clSeqNr=2387
15:19:42.592 INF Request finished (out of order). clSeqNr=2403
15:19:42.592 INF Request finished (out of order). clSeqNr=2420
15:19:42.592 INF Request finished (out of order). clSeqNr=2436
15:19:42.592 INF Request finished (out of order). clSeqNr=2452
15:19:42.592 INF Request finished (out of order). clSeqNr=2468
15:19:42.592 INF Request finished (out of order). clSeqNr=2484
15:19:42.592 INF Request finished (out of order). clSeqNr=2500
15:19:42.592 INF Request finished (out of order). clSeqNr=2516
15:19:42.592 INF Request finished (out of order). clSeqNr=2532
15:19:42.592 INF Request finished (out of order). clSeqNr=2292
15:19:42.592 INF Request finished (out of order). clSeqNr=2308
15:19:42.592 INF Request finished (out of order). clSeqNr=2324
15:19:42.592 INF Request finished (out of order). clSeqNr=2340
15:19:42.592 INF Request finished (out of order). clSeqNr=2356
15:19:42.592 INF Request finished (out of order). clSeqNr=2372
15:19:42.592 INF Request finished (out of order). clSeqNr=2388
15:19:42.592 INF Request finished (out of order). clSeqNr=2404
15:19:42.592 INF Request finished (out of order). clSeqNr=2421
15:19:42.592 INF Request finished (out of order). clSeqNr=2437
15:19:42.592 INF Request finished (out of order). clSeqNr=2453
15:19:42.592 INF Request finished (out of order). clSeqNr=2469
15:19:42.592 INF Request finished (out of order). clSeqNr=2485
15:19:42.592 INF Request finished (out of order). clSeqNr=2501
15:19:42.592 INF Request finished (out of order). clSeqNr=2517
15:19:42.592 INF Request finished (out of order). clSeqNr=2533
15:19:42.592 INF Request finished (out of order). clSeqNr=2293
15:19:42.592 INF Request finished (out of order). clSeqNr=2309
15:19:42.592 INF Request finished (out of order). clSeqNr=2325
15:19:42.592 INF Request finished (out of order). clSeqNr=2341
15:19:42.592 INF Request finished (out of order). clSeqNr=2357
15:19:42.593 INF Request finished (out of order). clSeqNr=2373
15:19:42.593 INF Request finished (out of order). clSeqNr=2389
15:19:42.593 INF Request finished (out of order). clSeqNr=2405
15:19:44.089 INF Request finished (out of order). clSeqNr=2422
15:19:44.090 INF Request finished (out of order). clSeqNr=2438
15:19:44.091 INF Request finished (out of order). clSeqNr=2454
15:19:44.091 INF Request finished (out of order). clSeqNr=2470
15:19:44.092 INF Request finished (out of order). clSeqNr=2486
15:19:44.093 INF Request finished (out of order). clSeqNr=2502
15:19:44.093 INF Request finished (out of order). clSeqNr=2518
15:19:44.094 INF Request finished (out of order). clSeqNr=2534
15:19:44.094 INF Request finished (out of order). clSeqNr=2294
15:19:44.094 INF Request finished (out of order). clSeqNr=2310
15:19:44.095 INF Request finished (out of order). clSeqNr=2326
15:19:44.112 INF Request finished (out of order). clSeqNr=2342
15:19:44.160 INF Request finished (out of order). clSeqNr=2358
15:19:44.193 INF Request finished (out of order). clSeqNr=2374
15:19:44.193 INF Request finished (out of order). clSeqNr=2390
15:19:44.195 INF Request finished (out of order). clSeqNr=2406
15:19:44.318 INF Request finished (out of order). clSeqNr=2423
15:19:44.318 INF Request finished (out of order). clSeqNr=2439
15:19:44.318 INF Request finished (out of order). clSeqNr=2455
15:19:44.318 INF Request finished (out of order). clSeqNr=2471
15:19:44.318 INF Request finished (out of order). clSeqNr=2487
15:19:44.318 INF Request finished (out of order). clSeqNr=2503
15:19:44.318 INF Request finished (out of order). clSeqNr=2519
15:19:44.318 INF Request finished (out of order). clSeqNr=2535
15:19:44.318 INF Request finished (out of order). clSeqNr=2295
15:19:44.318 INF Request finished (out of order). clSeqNr=2551
15:19:44.318 INF Request finished (out of order). clSeqNr=2311
15:19:44.318 INF Request finished (out of order). clSeqNr=2327
15:19:44.319 INF Request finished (out of order). clSeqNr=2343
15:19:44.319 INF Request finished (out of order). clSeqNr=2359
15:19:44.319 INF Request finished (out of order). clSeqNr=2375
15:19:44.319 INF Request finished (out of order). clSeqNr=2391
15:19:44.319 INF Request finished (out of order). clSeqNr=2407
15:19:44.319 INF Request finished (out of order). clSeqNr=2424
15:19:44.319 INF Request finished (out of order). clSeqNr=2440
15:19:44.319 INF Request finished (out of order). clSeqNr=2456
15:19:44.328 INF Request finished (out of order). clSeqNr=2472
15:19:44.347 INF Request finished (out of order). clSeqNr=2488
15:19:44.347 INF Request finished (out of order). clSeqNr=2504
15:19:44.347 INF Request finished (out of order). clSeqNr=2520
15:19:44.347 INF Request finished (out of order). clSeqNr=2536
15:19:44.347 INF Request finished (out of order). clSeqNr=2296
15:19:44.347 INF Request finished (out of order). clSeqNr=2312
15:19:44.347 INF Request finished (out of order). clSeqNr=2328
15:19:44.347 INF Request finished (out of order). clSeqNr=2344
15:19:44.347 INF Request finished (out of order). clSeqNr=2360
15:19:44.347 INF Request finished (out of order). clSeqNr=2376
15:19:44.347 INF Request finished (out of order). clSeqNr=2392
15:19:44.347 INF Request finished (out of order). clSeqNr=2408
15:19:44.347 INF Request finished (out of order). clSeqNr=2425
15:19:44.347 INF Request finished (out of order). clSeqNr=2441
15:19:44.347 INF Request finished (out of order). clSeqNr=2457
15:19:44.347 INF Request finished (out of order). clSeqNr=2473
15:19:44.347 INF Request finished (out of order). clSeqNr=2489
15:19:44.347 INF Request finished (out of order). clSeqNr=2505
15:19:44.347 INF Request finished (out of order). clSeqNr=2521
15:19:44.347 INF Request finished (out of order). clSeqNr=2537
15:19:44.347 INF Request finished (out of order). clSeqNr=2297
15:19:44.347 INF Request finished (out of order). clSeqNr=2313
15:19:44.347 INF Request finished (out of order). clSeqNr=2329
15:19:44.347 INF Request finished (out of order). clSeqNr=2345
15:19:44.347 INF Request finished (out of order). clSeqNr=2361
15:19:44.347 INF Request finished (out of order). clSeqNr=2377
15:19:44.347 INF Request finished (out of order). clSeqNr=2393
15:19:44.347 INF Request finished (out of order). clSeqNr=2409
15:19:44.347 INF Request finished (out of order). clSeqNr=2426
15:19:44.347 INF Request finished (out of order). clSeqNr=2442
15:19:44.347 INF Request finished (out of order). clSeqNr=2458
15:19:44.348 INF Request finished (out of order). clSeqNr=2474
15:19:44.348 INF Request finished (out of order). clSeqNr=2490
15:19:44.348 INF Request finished (out of order). clSeqNr=2506
15:19:44.348 INF Request finished (out of order). clSeqNr=2522
15:19:44.348 INF Request finished (out of order). clSeqNr=2538
15:19:44.348 INF Request finished (out of order). clSeqNr=2554
15:19:44.348 INF Request finished (out of order). clSeqNr=2570
15:19:44.348 INF Request finished (out of order). clSeqNr=2330
15:19:44.348 INF Request finished (out of order). clSeqNr=2346
15:19:44.348 INF Request finished (out of order). clSeqNr=2362
15:19:44.348 INF Request finished (out of order). clSeqNr=2378
15:19:44.348 INF Request finished (out of order). clSeqNr=2394
15:19:44.348 INF Request finished (out of order). clSeqNr=2410
15:19:44.348 INF Request finished (out of order). clSeqNr=2427
15:19:44.348 INF Request finished (out of order). clSeqNr=2443
15:19:44.348 INF Request finished (out of order). clSeqNr=2459
15:19:44.348 INF Request finished (out of order). clSeqNr=2475
15:19:44.348 INF Request finished (out of order). clSeqNr=2491
15:19:44.348 INF Request finished (out of order). clSeqNr=2507
15:19:44.348 INF Request finished (out of order). clSeqNr=2523
15:19:44.348 INF Request finished (out of order). clSeqNr=2539
15:19:44.349 INF Request finished (out of order). clSeqNr=2555
15:19:44.349 INF Request finished (out of order). clSeqNr=2571
15:19:44.349 INF Request finished (out of order). clSeqNr=2331
15:19:44.349 INF Request finished (out of order). clSeqNr=2347
15:19:44.349 INF Request finished (out of order). clSeqNr=2363
15:19:44.349 INF Request finished (out of order). clSeqNr=2379
15:19:44.349 INF Request finished (out of order). clSeqNr=2395
15:19:44.349 INF Request finished (out of order). clSeqNr=2411
15:19:44.349 INF Request finished (out of order). clSeqNr=2428
15:19:44.349 INF Request finished (out of order). clSeqNr=2444
15:19:44.349 INF Request finished (out of order). clSeqNr=2460
15:19:44.349 INF Request finished (out of order). clSeqNr=2476
15:19:44.349 INF Request finished (out of order). clSeqNr=2492
15:19:44.350 INF Request finished (out of order). clSeqNr=2508
15:19:44.350 INF Request finished (out of order). clSeqNr=2524
15:19:44.350 INF Request finished (out of order). clSeqNr=2540
15:19:44.350 INF Request finished (out of order). clSeqNr=2556
15:19:44.352 INF Request finished (out of order). clSeqNr=2572
15:19:44.352 INF Request finished (out of order). clSeqNr=2332
15:19:44.396 INF Request finished (out of order). clSeqNr=2348
15:19:44.397 INF Request finished (out of order). clSeqNr=2364
15:19:44.397 INF Request finished (out of order). clSeqNr=2380
15:19:44.397 INF Request finished (out of order). clSeqNr=2396
15:19:44.397 INF Request finished (out of order). clSeqNr=2412
15:19:44.397 INF Request finished (out of order). clSeqNr=2429
15:19:44.397 INF Request finished (out of order). clSeqNr=2445
15:19:44.397 INF Request finished (out of order). clSeqNr=2461
15:19:44.397 INF Request finished (out of order). clSeqNr=2477
15:19:44.397 INF Request finished (out of order). clSeqNr=2493
15:19:44.397 INF Request finished (out of order). clSeqNr=2509
15:19:44.397 INF Request finished (out of order). clSeqNr=2525
15:19:44.397 INF Request finished (out of order). clSeqNr=2541
15:19:44.397 INF Request finished (out of order). clSeqNr=2557
15:19:44.397 INF Request finished (out of order). clSeqNr=2573
15:19:44.397 INF Request finished (out of order). clSeqNr=2333
15:19:44.397 INF Request finished (out of order). clSeqNr=2349
15:19:44.397 INF Request finished (out of order). clSeqNr=2365
15:19:44.397 INF Request finished (out of order). clSeqNr=2381
15:19:44.397 INF Request finished (out of order). clSeqNr=2397
15:19:44.397 INF Request finished (out of order). clSeqNr=2413
15:19:44.398 INF Request finished (out of order). clSeqNr=2430
15:19:44.398 INF Request finished (out of order). clSeqNr=2446
15:19:44.398 INF Request finished (out of order). clSeqNr=2462
15:19:44.398 INF Request finished (out of order). clSeqNr=2478
15:19:44.398 INF Request finished (out of order). clSeqNr=2494
15:19:44.398 INF Request finished (out of order). clSeqNr=2510
15:19:44.398 INF Request finished (out of order). clSeqNr=2526
15:19:44.398 INF Request finished (out of order). clSeqNr=2542
15:19:44.398 INF Request finished (out of order). clSeqNr=2318
15:19:44.398 INF Request finished (out of order). clSeqNr=2334
15:19:44.398 INF Request finished (out of order). clSeqNr=2350
15:19:44.398 INF Request finished (out of order). clSeqNr=2366
15:19:44.398 INF Request finished (out of order). clSeqNr=2382
15:19:44.398 INF Request finished (out of order). clSeqNr=2398
15:19:44.398 INF Request finished (out of order). clSeqNr=2414
15:19:44.457 INF Request finished (out of order). clSeqNr=2431
15:19:44.457 INF Request finished (out of order). clSeqNr=2447
15:19:44.482 INF Request finished (out of order). clSeqNr=2463
15:19:44.482 INF Request finished (out of order). clSeqNr=2479
15:19:44.482 INF Request finished (out of order). clSeqNr=2495
15:19:44.482 INF Request finished (out of order). clSeqNr=2511
15:19:44.482 INF Request finished (out of order). clSeqNr=2527
15:19:44.482 INF Request finished (out of order). clSeqNr=2543
15:19:44.482 INF Request finished (out of order). clSeqNr=2559
15:19:44.483 INF Request finished (out of order). clSeqNr=2319
15:19:44.483 INF Request finished (out of order). clSeqNr=2335
15:19:44.483 INF Request finished (out of order). clSeqNr=2351
15:19:44.483 INF Request finished (out of order). clSeqNr=2367
15:19:44.483 INF Request finished (out of order). clSeqNr=2383
15:19:44.483 INF Request finished (out of order). clSeqNr=2399
15:19:44.483 INF Request finished (out of order). clSeqNr=2415
15:19:44.483 INF Request finished (out of order). clSeqNr=2432
15:19:44.483 INF Request finished (out of order). clSeqNr=2448
15:19:44.483 INF Request finished (out of order). clSeqNr=2464
15:19:44.483 INF Request finished (out of order). clSeqNr=2480
15:19:44.483 INF Request finished (out of order). clSeqNr=2496
15:19:44.483 INF Request finished (out of order). clSeqNr=2512
15:19:44.483 INF Request finished (out of order). clSeqNr=2528
15:19:44.483 INF Request finished (out of order). clSeqNr=2544
15:19:44.483 INF Request finished (out of order). clSeqNr=2560
15:19:44.483 INF Request finished (out of order). clSeqNr=2320
15:19:44.483 INF Request finished (out of order). clSeqNr=2336
15:19:44.483 INF Request finished (out of order). clSeqNr=2352
15:19:44.483 INF Request finished (out of order). clSeqNr=2368
15:19:44.483 INF Request finished (out of order). clSeqNr=2384
15:19:44.483 INF Request finished (out of order). clSeqNr=2400
15:19:44.483 INF Request finished (out of order). clSeqNr=2416
15:19:44.483 INF Request finished (out of order). clSeqNr=2433
15:19:44.483 INF Request finished (out of order). clSeqNr=2449
15:19:44.483 INF Request finished (out of order). clSeqNr=2465
15:19:44.483 INF Request finished (out of order). clSeqNr=2481
15:19:44.483 INF Request finished (out of order). clSeqNr=2497
15:19:44.483 INF Request finished (out of order). clSeqNr=2513
15:19:44.483 INF Request finished (out of order). clSeqNr=2529
15:19:44.483 INF Request finished (out of order). clSeqNr=2545
15:19:44.483 INF Request finished (out of order). clSeqNr=2561
15:19:44.483 INF Request finished (out of order). clSeqNr=2321
15:19:44.483 INF Request finished (out of order). clSeqNr=2337
15:19:44.483 INF Request finished (out of order). clSeqNr=2353
15:19:44.483 INF Request finished (out of order). clSeqNr=2369
15:19:44.483 INF Request finished (out of order). clSeqNr=2385
15:19:44.483 INF Request finished (out of order). clSeqNr=2401
15:19:44.483 INF Request finished (out of order). clSeqNr=2417
15:19:47.437 INF Request finished (out of order). clSeqNr=2675
15:19:47.438 INF Request finished (out of order). clSeqNr=2691
15:19:47.438 INF Request finished (out of order). clSeqNr=2707
15:19:47.439 INF Request finished (out of order). clSeqNr=2723
15:19:47.440 INF Request finished (out of order). clSeqNr=2739
15:19:47.440 INF Request finished (out of order). clSeqNr=2755
15:19:47.441 INF Request finished (out of order). clSeqNr=2771
15:19:47.441 INF Request finished (out of order). clSeqNr=2787
15:19:47.441 INF Request finished (out of order). clSeqNr=2547
15:19:47.442 INF Request finished (out of order). clSeqNr=2563
15:19:47.443 INF Request finished (out of order). clSeqNr=2579
15:19:47.446 INF Request finished (out of order). clSeqNr=2595
15:19:47.569 INF Request finished (out of order). clSeqNr=2611
15:19:47.569 INF Request finished (out of order). clSeqNr=2627
15:19:47.569 INF Request finished (out of order). clSeqNr=2643
15:19:47.569 INF Request finished (out of order). clSeqNr=2659
15:19:47.569 INF Request finished (out of order). clSeqNr=2676
15:19:47.569 INF Request finished (out of order). clSeqNr=2692
15:19:47.569 INF Request finished (out of order). clSeqNr=2708
15:19:47.569 INF Request finished (out of order). clSeqNr=2724
15:19:47.569 INF Request finished (out of order). clSeqNr=2740
15:19:47.569 INF Request finished (out of order). clSeqNr=2756
15:19:47.569 INF Request finished (out of order). clSeqNr=2772
15:19:47.569 INF Request finished (out of order). clSeqNr=2788
15:19:47.569 INF Request finished (out of order). clSeqNr=2548
15:19:47.569 INF Request finished (out of order). clSeqNr=2564
15:19:47.569 INF Request finished (out of order). clSeqNr=2580
15:19:47.569 INF Request finished (out of order). clSeqNr=2596
15:19:47.569 INF Request finished (out of order). clSeqNr=2612
15:19:47.569 INF Request finished (out of order). clSeqNr=2628
15:19:47.569 INF Request finished (out of order). clSeqNr=2644
15:19:47.569 INF Request finished (out of order). clSeqNr=2660
15:19:47.569 INF Request finished (out of order). clSeqNr=2677
15:19:47.569 INF Request finished (out of order). clSeqNr=2693
15:19:47.569 INF Request finished (out of order). clSeqNr=2709
15:19:47.569 INF Request finished (out of order). clSeqNr=2725
15:19:47.569 INF Request finished (out of order). clSeqNr=2741
15:19:47.569 INF Request finished (out of order). clSeqNr=2757
15:19:47.569 INF Request finished (out of order). clSeqNr=2773
15:19:47.569 INF Request finished (out of order). clSeqNr=2789
15:19:47.569 INF Request finished (out of order). clSeqNr=2549
15:19:47.569 INF Request finished (out of order). clSeqNr=2565
15:19:47.569 INF Request finished (out of order). clSeqNr=2581
15:19:47.570 INF Request finished (out of order). clSeqNr=2597
15:19:47.570 INF Request finished (out of order). clSeqNr=2613
15:19:47.570 INF Request finished (out of order). clSeqNr=2629
15:19:47.570 INF Request finished (out of order). clSeqNr=2645
15:19:47.570 INF Request finished (out of order). clSeqNr=2661
15:19:47.570 INF Request finished (out of order). clSeqNr=2678
15:19:47.570 INF Request finished (out of order). clSeqNr=2694
15:19:47.570 INF Request finished (out of order). clSeqNr=2710
15:19:47.570 INF Request finished (out of order). clSeqNr=2726
15:19:47.570 INF Request finished (out of order). clSeqNr=2742
15:19:47.570 INF Request finished (out of order). clSeqNr=2758
15:19:47.570 INF Request finished (out of order). clSeqNr=2774
15:19:47.570 INF Request finished (out of order). clSeqNr=2790
15:19:47.570 INF Request finished (out of order). clSeqNr=2550
15:19:47.570 INF Request finished (out of order). clSeqNr=2566
15:19:47.570 INF Request finished (out of order). clSeqNr=2582
15:19:47.570 INF Request finished (out of order). clSeqNr=2598
15:19:47.570 INF Request finished (out of order). clSeqNr=2614
15:19:47.570 INF Request finished (out of order). clSeqNr=2630
15:19:47.570 INF Request finished (out of order). clSeqNr=2646
15:19:47.570 INF Request finished (out of order). clSeqNr=2662
15:19:47.571 INF Request finished (out of order). clSeqNr=2679
15:19:47.571 INF Request finished (out of order). clSeqNr=2695
15:19:47.571 INF Request finished (out of order). clSeqNr=2711
15:19:47.571 INF Request finished (out of order). clSeqNr=2727
15:19:47.571 INF Request finished (out of order). clSeqNr=2743
15:19:47.571 INF Request finished (out of order). clSeqNr=2759
15:19:47.571 INF Request finished (out of order). clSeqNr=2775
15:19:47.571 INF Request finished (out of order). clSeqNr=2567
15:19:47.571 INF Request finished (out of order). clSeqNr=2583
15:19:47.571 INF Request finished (out of order). clSeqNr=2599
15:19:47.571 INF Request finished (out of order). clSeqNr=2615
15:19:47.571 INF Request finished (out of order). clSeqNr=2631
15:19:47.571 INF Request finished (out of order). clSeqNr=2647
15:19:47.571 INF Request finished (out of order). clSeqNr=2663
15:19:47.571 INF Request finished (out of order). clSeqNr=2680
15:19:47.571 INF Request finished (out of order). clSeqNr=2696
15:19:47.571 INF Request finished (out of order). clSeqNr=2712
15:19:47.571 INF Request finished (out of order). clSeqNr=2728
15:19:47.571 INF Request finished (out of order). clSeqNr=2744
15:19:47.571 INF Request finished (out of order). clSeqNr=2760
15:19:47.571 INF Request finished (out of order). clSeqNr=2776
15:19:47.571 INF Request finished (out of order). clSeqNr=2792
15:19:47.571 INF Request finished (out of order). clSeqNr=2552
15:19:47.571 INF Request finished (out of order). clSeqNr=2568
15:19:47.571 INF Request finished (out of order). clSeqNr=2584
15:19:47.571 INF Request finished (out of order). clSeqNr=2600
15:19:47.571 INF Request finished (out of order). clSeqNr=2616
15:19:47.571 INF Request finished (out of order). clSeqNr=2632
15:19:47.571 INF Request finished (out of order). clSeqNr=2648
15:19:47.571 INF Request finished (out of order). clSeqNr=2664
15:19:47.571 INF Request finished (out of order). clSeqNr=2681
15:19:47.571 INF Request finished (out of order). clSeqNr=2697
15:19:47.571 INF Request finished (out of order). clSeqNr=2713
15:19:47.571 INF Request finished (out of order). clSeqNr=2729
15:19:47.571 INF Request finished (out of order). clSeqNr=2745
15:19:47.571 INF Request finished (out of order). clSeqNr=2761
15:19:47.571 INF Request finished (out of order). clSeqNr=2777
15:19:47.571 INF Request finished (out of order). clSeqNr=2793
15:19:47.571 INF Request finished (out of order). clSeqNr=2553
15:19:47.572 INF Request finished (out of order). clSeqNr=2569
15:19:47.572 INF Request finished (out of order). clSeqNr=2585
15:19:47.572 INF Request finished (out of order). clSeqNr=2601
15:19:47.572 INF Request finished (out of order). clSeqNr=2617
15:19:47.572 INF Request finished (out of order). clSeqNr=2633
15:19:47.572 INF Request finished (out of order). clSeqNr=2649
15:19:47.572 INF Request finished (out of order). clSeqNr=2665
15:19:47.572 INF Request finished (out of order). clSeqNr=2682
15:19:47.572 INF Request finished (out of order). clSeqNr=2698
15:19:47.572 INF Request finished (out of order). clSeqNr=2714
15:19:47.572 INF Request finished (out of order). clSeqNr=2730
15:19:47.572 INF Request finished (out of order). clSeqNr=2746
15:19:47.572 INF Request finished (out of order). clSeqNr=2762
15:19:47.572 INF Request finished (out of order). clSeqNr=2778
15:19:47.572 INF Request finished (out of order). clSeqNr=2794
15:19:47.572 INF Request finished (out of order). clSeqNr=2810
15:19:47.572 INF Request finished (out of order). clSeqNr=2826
15:19:47.572 INF Request finished (out of order). clSeqNr=2586
15:19:47.572 INF Request finished (out of order). clSeqNr=2602
15:19:47.572 INF Request finished (out of order). clSeqNr=2618
15:19:47.572 INF Request finished (out of order). clSeqNr=2634
15:19:47.572 INF Request finished (out of order). clSeqNr=2650
15:19:47.572 INF Request finished (out of order). clSeqNr=2666
15:19:47.572 INF Request finished (out of order). clSeqNr=2683
15:19:47.572 INF Request finished (out of order). clSeqNr=2699
15:19:47.572 INF Request finished (out of order). clSeqNr=2715
15:19:47.573 INF Request finished (out of order). clSeqNr=2731
15:19:47.573 INF Request finished (out of order). clSeqNr=2747
15:19:47.573 INF Request finished (out of order). clSeqNr=2763
15:19:47.573 INF Request finished (out of order). clSeqNr=2779
15:19:47.573 INF Request finished (out of order). clSeqNr=2795
15:19:47.573 INF Request finished (out of order). clSeqNr=2811
15:19:47.573 INF Request finished (out of order). clSeqNr=2827
15:19:47.573 INF Request finished (out of order). clSeqNr=2587
15:19:47.573 INF Request finished (out of order). clSeqNr=2603
15:19:47.573 INF Request finished (out of order). clSeqNr=2619
15:19:47.573 INF Request finished (out of order). clSeqNr=2635
15:19:47.573 INF Request finished (out of order). clSeqNr=2651
15:19:47.573 INF Request finished (out of order). clSeqNr=2667
15:19:47.573 INF Request finished (out of order). clSeqNr=2684
15:19:47.573 INF Request finished (out of order). clSeqNr=2700
15:19:47.573 INF Request finished (out of order). clSeqNr=2716
15:19:47.573 INF Request finished (out of order). clSeqNr=2732
15:19:47.573 INF Request finished (out of order). clSeqNr=2748
15:19:47.573 INF Request finished (out of order). clSeqNr=2764
15:19:47.573 INF Request finished (out of order). clSeqNr=2780
15:19:47.573 INF Request finished (out of order). clSeqNr=2796
15:19:47.573 INF Request finished (out of order). clSeqNr=2812
15:19:47.573 INF Request finished (out of order). clSeqNr=2828
15:19:47.573 INF Request finished (out of order). clSeqNr=2588
15:19:47.573 INF Request finished (out of order). clSeqNr=2604
15:19:47.573 INF Request finished (out of order). clSeqNr=2620
15:19:47.574 INF Request finished (out of order). clSeqNr=2636
15:19:47.574 INF Request finished (out of order). clSeqNr=2652
15:19:47.574 INF Request finished (out of order). clSeqNr=2668
15:19:47.574 INF Request finished (out of order). clSeqNr=2685
15:19:47.574 INF Request finished (out of order). clSeqNr=2701
15:19:47.574 INF Request finished (out of order). clSeqNr=2717
15:19:47.574 INF Request finished (out of order). clSeqNr=2733
15:19:47.574 INF Request finished (out of order). clSeqNr=2749
15:19:47.574 INF Request finished (out of order). clSeqNr=2765
15:19:47.574 INF Request finished (out of order). clSeqNr=2781
15:19:47.574 INF Request finished (out of order). clSeqNr=2797
15:19:47.574 INF Request finished (out of order). clSeqNr=2813
15:19:47.575 INF Request finished (out of order). clSeqNr=2829
15:19:47.575 INF Request finished (out of order). clSeqNr=2589
15:19:47.575 INF Request finished (out of order). clSeqNr=2605
15:19:47.575 INF Request finished (out of order). clSeqNr=2621
15:19:47.575 INF Request finished (out of order). clSeqNr=2637
15:19:47.575 INF Request finished (out of order). clSeqNr=2653
15:19:47.575 INF Request finished (out of order). clSeqNr=2669
15:19:47.575 INF Request finished (out of order). clSeqNr=2686
15:19:47.575 INF Request finished (out of order). clSeqNr=2702
15:19:47.575 INF Request finished (out of order). clSeqNr=2718
15:19:47.575 INF Request finished (out of order). clSeqNr=2734
15:19:47.576 INF Request finished (out of order). clSeqNr=2750
15:19:47.576 INF Request finished (out of order). clSeqNr=2766
15:19:47.576 INF Request finished (out of order). clSeqNr=2782
15:19:47.576 INF Request finished (out of order). clSeqNr=2798
15:19:47.576 INF Request finished (out of order). clSeqNr=2558
15:19:47.576 INF Request finished (out of order). clSeqNr=2814
15:19:47.576 INF Request finished (out of order). clSeqNr=2574
15:19:47.576 INF Request finished (out of order). clSeqNr=2590
15:19:47.576 INF Request finished (out of order). clSeqNr=2606
15:19:47.576 INF Request finished (out of order). clSeqNr=2622
15:19:47.576 INF Request finished (out of order). clSeqNr=2638
15:19:47.576 INF Request finished (out of order). clSeqNr=2654
15:19:47.576 INF Request finished (out of order). clSeqNr=2670
15:19:47.576 INF Request finished (out of order). clSeqNr=2687
15:19:47.576 INF Request finished (out of order). clSeqNr=2703
15:19:47.576 INF Request finished (out of order). clSeqNr=2719
15:19:47.576 INF Request finished (out of order). clSeqNr=2735
15:19:47.576 INF Request finished (out of order). clSeqNr=2751
15:19:47.576 INF Request finished (out of order). clSeqNr=2767
15:19:47.576 INF Request finished (out of order). clSeqNr=2783
15:19:47.576 INF Request finished (out of order). clSeqNr=2799
15:19:47.576 INF Request finished (out of order). clSeqNr=2815
15:19:47.576 INF Request finished (out of order). clSeqNr=2575
15:19:47.576 INF Request finished (out of order). clSeqNr=2591
15:19:47.576 INF Request finished (out of order). clSeqNr=2607
15:19:47.576 INF Request finished (out of order). clSeqNr=2623
15:19:47.576 INF Request finished (out of order). clSeqNr=2639
15:19:47.576 INF Request finished (out of order). clSeqNr=2655
15:19:47.576 INF Request finished (out of order). clSeqNr=2671
15:19:47.576 INF Request finished (out of order). clSeqNr=2688
15:19:47.576 INF Request finished (out of order). clSeqNr=2704
15:19:47.577 INF Request finished (out of order). clSeqNr=2720
15:19:47.577 INF Request finished (out of order). clSeqNr=2736
15:19:47.577 INF Request finished (out of order). clSeqNr=2752
15:19:47.577 INF Request finished (out of order). clSeqNr=2768
15:19:47.577 INF Request finished (out of order). clSeqNr=2784
15:19:47.577 INF Request finished (out of order). clSeqNr=2800
15:19:47.577 INF Request finished (out of order). clSeqNr=2816
15:19:47.577 INF Request finished (out of order). clSeqNr=2576
15:19:47.577 INF Request finished (out of order). clSeqNr=2592
15:19:47.577 INF Request finished (out of order). clSeqNr=2608
15:19:47.577 INF Request finished (out of order). clSeqNr=2624
15:19:47.577 INF Request finished (out of order). clSeqNr=2640
15:19:47.577 INF Request finished (out of order). clSeqNr=2656
15:19:47.577 INF Request finished (out of order). clSeqNr=2672
15:19:47.577 INF Request finished (out of order). clSeqNr=2689
15:19:47.577 INF Request finished (out of order). clSeqNr=2705
15:19:47.577 INF Request finished (out of order). clSeqNr=2721
15:19:47.577 INF Request finished (out of order). clSeqNr=2737
15:19:47.577 INF Request finished (out of order). clSeqNr=2753
15:19:47.577 INF Request finished (out of order). clSeqNr=2769
15:19:47.577 INF Request finished (out of order). clSeqNr=2785
15:19:47.578 INF Request finished (out of order). clSeqNr=2801
15:19:47.578 INF Request finished (out of order). clSeqNr=2817
15:19:47.578 INF Request finished (out of order). clSeqNr=2577
15:19:47.578 INF Request finished (out of order). clSeqNr=2593
15:19:47.578 INF Request finished (out of order). clSeqNr=2609
15:19:47.578 INF Request finished (out of order). clSeqNr=2625
15:19:47.578 INF Request finished (out of order). clSeqNr=2641
15:19:47.578 INF Request finished (out of order). clSeqNr=2657
15:19:47.578 INF Request finished (out of order). clSeqNr=2673
15:19:47.578 INF Request finished (out of order). clSeqNr=1394
15:19:47.578 INF Request finished (out of order). clSeqNr=1410
15:19:47.582 INF Request finished (out of order). clSeqNr=1426
15:19:47.582 INF Request finished (out of order). clSeqNr=1442
15:19:47.583 INF Request finished (out of order). clSeqNr=1458
15:19:47.616 INF Request finished (out of order). clSeqNr=1474
15:19:47.616 INF Request finished (out of order). clSeqNr=1490
15:19:47.616 INF Request finished (out of order). clSeqNr=1506
15:19:47.617 INF Request finished (out of order). clSeqNr=1522
15:19:47.617 INF Request finished (out of order). clSeqNr=1538
15:19:47.617 INF Request finished (out of order). clSeqNr=1298
15:19:47.617 INF Request delivered (in order). clSeqNr=1298
15:19:47.617 INF Request delivered (in order). clSeqNr=1299
15:19:47.617 INF Request delivered (in order). clSeqNr=1300
15:19:47.617 INF Request delivered (in order). clSeqNr=1301
15:19:47.617 INF Request delivered (in order). clSeqNr=1302
15:19:47.617 INF Request delivered (in order). clSeqNr=1303
15:19:47.617 INF Request delivered (in order). clSeqNr=1304
15:19:47.617 INF Request delivered (in order). clSeqNr=1305
15:19:47.617 INF Request delivered (in order). clSeqNr=1306
15:19:47.617 INF Request delivered (in order). clSeqNr=1307
15:19:47.617 INF Request delivered (in order). clSeqNr=1308
15:19:47.617 INF Request delivered (in order). clSeqNr=1309
15:19:47.617 INF Request delivered (in order). clSeqNr=1310
15:19:47.617 INF Request delivered (in order). clSeqNr=1311
15:19:47.617 INF Request delivered (in order). clSeqNr=1312
15:19:47.617 INF Request delivered (in order). clSeqNr=1313
15:19:47.617 INF Request finished (out of order). clSeqNr=1314
15:19:47.617 INF Request delivered (in order). clSeqNr=1314
15:19:47.617 INF Request delivered (in order). clSeqNr=1315
15:19:47.617 INF Request delivered (in order). clSeqNr=1316
15:19:47.617 INF Request delivered (in order). clSeqNr=1317
15:19:47.617 INF Request delivered (in order). clSeqNr=1318
15:19:47.617 INF Request delivered (in order). clSeqNr=1319
15:19:47.617 INF Request delivered (in order). clSeqNr=1320
15:19:47.617 INF Request delivered (in order). clSeqNr=1321
15:19:47.617 INF Request delivered (in order). clSeqNr=1322
15:19:47.617 INF Request delivered (in order). clSeqNr=1323
15:19:47.617 INF Request delivered (in order). clSeqNr=1324
15:19:47.617 INF Request delivered (in order). clSeqNr=1325
15:19:47.617 INF Request delivered (in order). clSeqNr=1326
15:19:47.617 INF Request delivered (in order). clSeqNr=1327
15:19:47.617 INF Request delivered (in order). clSeqNr=1328
15:19:47.617 INF Request delivered (in order). clSeqNr=1329
15:19:47.617 INF Request finished (out of order). clSeqNr=1330
15:19:47.617 INF Request delivered (in order). clSeqNr=1330
15:19:47.617 INF Request delivered (in order). clSeqNr=1331
15:19:47.617 INF Request delivered (in order). clSeqNr=1332
15:19:47.617 INF Request delivered (in order). clSeqNr=1333
15:19:47.617 INF Request delivered (in order). clSeqNr=1334
15:19:47.617 INF Request delivered (in order). clSeqNr=1335
15:19:47.617 INF Request delivered (in order). clSeqNr=1336
15:19:47.617 INF Request delivered (in order). clSeqNr=1337
15:19:47.617 INF Request delivered (in order). clSeqNr=1338
15:19:47.617 INF Request delivered (in order). clSeqNr=1339
15:19:47.617 INF Request delivered (in order). clSeqNr=1340
15:19:47.617 INF Request delivered (in order). clSeqNr=1341
15:19:47.617 INF Request delivered (in order). clSeqNr=1342
15:19:47.617 INF Request delivered (in order). clSeqNr=1343
15:19:47.617 INF Request delivered (in order). clSeqNr=1344
15:19:47.617 INF Request delivered (in order). clSeqNr=1345
15:19:47.617 INF Request finished (out of order). clSeqNr=1346
15:19:47.617 INF Request delivered (in order). clSeqNr=1346
15:19:47.617 INF Request delivered (in order). clSeqNr=1347
15:19:47.617 INF Request delivered (in order). clSeqNr=1348
15:19:47.617 INF Request delivered (in order). clSeqNr=1349
15:19:47.617 INF Request delivered (in order). clSeqNr=1350
15:19:47.617 INF Request delivered (in order). clSeqNr=1351
15:19:47.617 INF Request delivered (in order). clSeqNr=1352
15:19:47.617 INF Request delivered (in order). clSeqNr=1353
15:19:47.617 INF Request delivered (in order). clSeqNr=1354
15:19:47.617 INF Request delivered (in order). clSeqNr=1355
15:19:47.617 INF Request delivered (in order). clSeqNr=1356
15:19:47.618 INF Request delivered (in order). clSeqNr=1357
15:19:47.618 INF Request delivered (in order). clSeqNr=1358
15:19:47.618 INF Request delivered (in order). clSeqNr=1359
15:19:47.618 INF Request delivered (in order). clSeqNr=1360
15:19:47.618 INF Request delivered (in order). clSeqNr=1361
15:19:47.618 INF Request finished (out of order). clSeqNr=1362
15:19:47.618 INF Request delivered (in order). clSeqNr=1362
15:19:47.618 INF Request delivered (in order). clSeqNr=1363
15:19:47.618 INF Request delivered (in order). clSeqNr=1364
15:19:47.618 INF Request delivered (in order). clSeqNr=1365
15:19:47.618 INF Request delivered (in order). clSeqNr=1366
15:19:47.618 INF Request delivered (in order). clSeqNr=1367
15:19:47.618 INF Request delivered (in order). clSeqNr=1368
15:19:47.618 INF Request delivered (in order). clSeqNr=1369
15:19:47.618 INF Request delivered (in order). clSeqNr=1370
15:19:47.618 INF Request delivered (in order). clSeqNr=1371
15:19:47.618 INF Request delivered (in order). clSeqNr=1372
15:19:47.618 INF Request delivered (in order). clSeqNr=1373
15:19:47.618 INF Request delivered (in order). clSeqNr=1374
15:19:47.618 INF Request delivered (in order). clSeqNr=1375
15:19:47.618 INF Request delivered (in order). clSeqNr=1376
15:19:47.618 INF Request delivered (in order). clSeqNr=1377
15:19:47.618 INF Request finished (out of order). clSeqNr=1378
15:19:47.618 INF Request delivered (in order). clSeqNr=1378
15:19:47.618 INF Request delivered (in order). clSeqNr=1379
15:19:47.618 INF Request delivered (in order). clSeqNr=1380
15:19:47.618 INF Request delivered (in order). clSeqNr=1381
15:19:47.618 INF Request delivered (in order). clSeqNr=1382
15:19:47.618 INF Request delivered (in order). clSeqNr=1383
15:19:47.618 INF Request delivered (in order). clSeqNr=1384
15:19:47.618 INF Request delivered (in order). clSeqNr=1385
15:19:47.618 INF Request delivered (in order). clSeqNr=1386
15:19:47.618 INF Request delivered (in order). clSeqNr=1387
15:19:47.618 INF Request delivered (in order). clSeqNr=1388
15:19:47.618 INF Request delivered (in order). clSeqNr=1389
15:19:47.618 INF Request delivered (in order). clSeqNr=1390
15:19:47.618 INF Request delivered (in order). clSeqNr=1391
15:19:47.618 INF Request delivered (in order). clSeqNr=1392
15:19:47.618 INF Request delivered (in order). clSeqNr=1393
15:19:47.618 INF Request delivered (in order). clSeqNr=1394
15:19:47.618 INF Request delivered (in order). clSeqNr=1395
15:19:47.618 INF Request delivered (in order). clSeqNr=1396
15:19:47.618 INF Request delivered (in order). clSeqNr=1397
15:19:47.618 INF Request delivered (in order). clSeqNr=1398
15:19:47.618 INF Request delivered (in order). clSeqNr=1399
15:19:47.618 INF Request delivered (in order). clSeqNr=1400
15:19:47.618 INF Request delivered (in order). clSeqNr=1401
15:19:47.618 INF Request delivered (in order). clSeqNr=1402
15:19:47.618 INF Request delivered (in order). clSeqNr=1403
15:19:47.618 INF Request delivered (in order). clSeqNr=1404
15:19:47.618 INF Request delivered (in order). clSeqNr=1405
15:19:47.618 INF Request delivered (in order). clSeqNr=1406
15:19:47.618 INF Request delivered (in order). clSeqNr=1407
15:19:47.618 INF Request delivered (in order). clSeqNr=1408
15:19:47.618 INF Request delivered (in order). clSeqNr=1409
15:19:47.618 INF Request delivered (in order). clSeqNr=1410
15:19:47.618 INF Request delivered (in order). clSeqNr=1411
15:19:47.618 INF Request delivered (in order). clSeqNr=1412
15:19:47.618 INF Request delivered (in order). clSeqNr=1413
15:19:47.618 INF Request delivered (in order). clSeqNr=1414
15:19:47.618 INF Request delivered (in order). clSeqNr=1415
15:19:47.618 INF Request delivered (in order). clSeqNr=1416
15:19:47.618 INF Request delivered (in order). clSeqNr=1417
15:19:47.618 INF Request delivered (in order). clSeqNr=1418
15:19:47.618 INF Request delivered (in order). clSeqNr=1419
15:19:47.618 INF Request delivered (in order). clSeqNr=1420
15:19:47.618 INF Request delivered (in order). clSeqNr=1421
15:19:47.618 INF Request delivered (in order). clSeqNr=1422
15:19:47.618 INF Request delivered (in order). clSeqNr=1423
15:19:47.619 INF Request delivered (in order). clSeqNr=1424
15:19:47.619 INF Request delivered (in order). clSeqNr=1425
15:19:47.619 INF Request delivered (in order). clSeqNr=1426
15:19:47.619 INF Request delivered (in order). clSeqNr=1427
15:19:47.619 INF Request delivered (in order). clSeqNr=1428
15:19:47.619 INF Request delivered (in order). clSeqNr=1429
15:19:47.619 INF Request delivered (in order). clSeqNr=1430
15:19:47.619 INF Request delivered (in order). clSeqNr=1431
15:19:47.619 INF Request delivered (in order). clSeqNr=1432
15:19:47.619 INF Request delivered (in order). clSeqNr=1433
15:19:47.619 INF Request delivered (in order). clSeqNr=1434
15:19:47.619 INF Request delivered (in order). clSeqNr=1435
15:19:47.619 INF Request delivered (in order). clSeqNr=1436
15:19:47.619 INF Request delivered (in order). clSeqNr=1437
15:19:47.619 INF Request delivered (in order). clSeqNr=1438
15:19:47.619 INF Request delivered (in order). clSeqNr=1439
15:19:47.619 INF Request delivered (in order). clSeqNr=1440
15:19:47.619 INF Request delivered (in order). clSeqNr=1441
15:19:47.619 INF Request delivered (in order). clSeqNr=1442
15:19:47.619 INF Request delivered (in order). clSeqNr=1443
15:19:47.619 INF Request delivered (in order). clSeqNr=1444
15:19:47.619 INF Request delivered (in order). clSeqNr=1445
15:19:47.619 INF Request delivered (in order). clSeqNr=1446
15:19:47.619 INF Request delivered (in order). clSeqNr=1447
15:19:47.619 INF Request delivered (in order). clSeqNr=1448
15:19:47.619 INF Request delivered (in order). clSeqNr=1449
15:19:47.619 INF Request delivered (in order). clSeqNr=1450
15:19:47.619 INF Request delivered (in order). clSeqNr=1451
15:19:47.619 INF Request delivered (in order). clSeqNr=1452
15:19:47.619 INF Request delivered (in order). clSeqNr=1453
15:19:47.619 INF Request delivered (in order). clSeqNr=1454
15:19:47.619 INF Request delivered (in order). clSeqNr=1455
15:19:47.619 INF Request delivered (in order). clSeqNr=1456
15:19:47.619 INF Request delivered (in order). clSeqNr=1457
15:19:47.619 INF Request delivered (in order). clSeqNr=1458
15:19:47.619 INF Request delivered (in order). clSeqNr=1459
15:19:47.619 INF Request delivered (in order). clSeqNr=1460
15:19:47.619 INF Request delivered (in order). clSeqNr=1461
15:19:47.619 INF Request delivered (in order). clSeqNr=1462
15:19:47.619 INF Request delivered (in order). clSeqNr=1463
15:19:47.619 INF Request delivered (in order). clSeqNr=1464
15:19:47.619 INF Request delivered (in order). clSeqNr=1465
15:19:47.619 INF Request delivered (in order). clSeqNr=1466
15:19:47.619 INF Request delivered (in order). clSeqNr=1467
15:19:47.619 INF Request delivered (in order). clSeqNr=1468
15:19:47.619 INF Request delivered (in order). clSeqNr=1469
15:19:47.619 INF Request delivered (in order). clSeqNr=1470
15:19:47.619 INF Request delivered (in order). clSeqNr=1471
15:19:47.619 INF Request delivered (in order). clSeqNr=1472
15:19:47.619 INF Request delivered (in order). clSeqNr=1473
15:19:47.619 INF Request delivered (in order). clSeqNr=1474
15:19:47.619 INF Request delivered (in order). clSeqNr=1475
15:19:47.619 INF Request delivered (in order). clSeqNr=1476
15:19:47.619 INF Request delivered (in order). clSeqNr=1477
15:19:47.619 INF Request delivered (in order). clSeqNr=1478
15:19:47.619 INF Request delivered (in order). clSeqNr=1479
15:19:47.619 INF Request delivered (in order). clSeqNr=1480
15:19:47.619 INF Request delivered (in order). clSeqNr=1481
15:19:47.619 INF Request delivered (in order). clSeqNr=1482
15:19:47.619 INF Request delivered (in order). clSeqNr=1483
15:19:47.619 INF Request delivered (in order). clSeqNr=1484
15:19:47.619 INF Request delivered (in order). clSeqNr=1485
15:19:47.619 INF Request delivered (in order). clSeqNr=1486
15:19:47.619 INF Request delivered (in order). clSeqNr=1487
15:19:47.619 INF Request delivered (in order). clSeqNr=1488
15:19:47.619 INF Request delivered (in order). clSeqNr=1489
15:19:47.619 INF Request delivered (in order). clSeqNr=1490
15:19:47.619 INF Request delivered (in order). clSeqNr=1491
15:19:47.619 INF Request delivered (in order). clSeqNr=1492
15:19:47.619 INF Request delivered (in order). clSeqNr=1493
15:19:47.619 INF Request delivered (in order). clSeqNr=1494
15:19:47.619 INF Request delivered (in order). clSeqNr=1495
15:19:47.619 INF Request delivered (in order). clSeqNr=1496
15:19:47.619 INF Request delivered (in order). clSeqNr=1497
15:19:47.619 INF Request delivered (in order). clSeqNr=1498
15:19:47.619 INF Request delivered (in order). clSeqNr=1499
15:19:47.619 INF Request delivered (in order). clSeqNr=1500
15:19:47.619 INF Request delivered (in order). clSeqNr=1501
15:19:47.619 INF Request delivered (in order). clSeqNr=1502
15:19:47.619 INF Request delivered (in order). clSeqNr=1503
15:19:47.619 INF Request delivered (in order). clSeqNr=1504
15:19:47.619 INF Request delivered (in order). clSeqNr=1505
15:19:47.619 INF Request delivered (in order). clSeqNr=1506
15:19:47.619 INF Request delivered (in order). clSeqNr=1507
15:19:47.619 INF Request delivered (in order). clSeqNr=1508
15:19:47.619 INF Request delivered (in order). clSeqNr=1509
15:19:47.619 INF Request delivered (in order). clSeqNr=1510
15:19:47.619 INF Request delivered (in order). clSeqNr=1511
15:19:47.619 INF Request delivered (in order). clSeqNr=1512
15:19:47.619 INF Request delivered (in order). clSeqNr=1513
15:19:47.619 INF Request delivered (in order). clSeqNr=1514
15:19:47.619 INF Request delivered (in order). clSeqNr=1515
15:19:47.619 INF Request delivered (in order). clSeqNr=1516
15:19:47.619 INF Request delivered (in order). clSeqNr=1517
15:19:47.620 INF Request delivered (in order). clSeqNr=1518
15:19:47.620 INF Request delivered (in order). clSeqNr=1519
15:19:47.620 INF Request delivered (in order). clSeqNr=1520
15:19:47.620 INF Request delivered (in order). clSeqNr=1521
15:19:47.620 INF Request delivered (in order). clSeqNr=1522
15:19:47.620 INF Request delivered (in order). clSeqNr=1523
15:19:47.620 INF Request delivered (in order). clSeqNr=1524
15:19:47.620 INF Request delivered (in order). clSeqNr=1525
15:19:47.620 INF Request delivered (in order). clSeqNr=1526
15:19:47.620 INF Request delivered (in order). clSeqNr=1527
15:19:47.620 INF Request delivered (in order). clSeqNr=1528
15:19:47.620 INF Request delivered (in order). clSeqNr=1529
15:19:47.620 INF Request delivered (in order). clSeqNr=1530
15:19:47.620 INF Request delivered (in order). clSeqNr=1531
15:19:47.620 INF Request delivered (in order). clSeqNr=1532
15:19:47.620 INF Request delivered (in order). clSeqNr=1533
15:19:47.620 INF Request delivered (in order). clSeqNr=1534
15:19:47.620 INF Request delivered (in order). clSeqNr=1535
15:19:47.620 INF Request delivered (in order). clSeqNr=1536
15:19:47.620 INF Request delivered (in order). clSeqNr=1537
15:19:47.620 INF Request delivered (in order). clSeqNr=1538
15:19:47.620 INF Request delivered (in order). clSeqNr=1539
15:19:47.620 INF Request delivered (in order). clSeqNr=1540
15:19:47.620 INF Request delivered (in order). clSeqNr=1541
15:19:47.620 INF Request delivered (in order). clSeqNr=1542
15:19:47.620 INF Request delivered (in order). clSeqNr=1543
15:19:47.620 INF Request delivered (in order). clSeqNr=1544
15:19:47.620 INF Request delivered (in order). clSeqNr=1545
15:19:47.620 INF Request delivered (in order). clSeqNr=1546
15:19:47.620 INF Request delivered (in order). clSeqNr=1547
15:19:47.620 INF Request delivered (in order). clSeqNr=1548
15:19:47.620 INF Request delivered (in order). clSeqNr=1549
15:19:47.620 INF Request delivered (in order). clSeqNr=1550
15:19:47.620 INF Request delivered (in order). clSeqNr=1551
15:19:47.620 INF Request delivered (in order). clSeqNr=1552
15:19:47.620 INF Request delivered (in order). clSeqNr=1553
15:19:47.653 INF Request finished (out of order). clSeqNr=2931
15:19:47.653 INF Request finished (out of order). clSeqNr=2947
15:19:47.653 INF Request finished (out of order). clSeqNr=2963
15:19:47.653 INF Request finished (out of order). clSeqNr=2979
15:19:47.654 INF Request finished (out of order). clSeqNr=2995
15:19:47.654 INF Request finished (out of order). clSeqNr=3011
15:19:47.654 INF Request finished (out of order). clSeqNr=3027
15:19:47.654 INF Request finished (out of order). clSeqNr=3043
15:19:47.654 INF Request finished (out of order). clSeqNr=2803
15:19:47.654 INF Request finished (out of order). clSeqNr=2819
15:19:47.654 INF Request finished (out of order). clSeqNr=2835
15:19:47.654 INF Request finished (out of order). clSeqNr=2851
15:19:47.654 INF Request finished (out of order). clSeqNr=2867
15:19:47.654 INF Request finished (out of order). clSeqNr=2883
15:19:47.654 INF Request finished (out of order). clSeqNr=2899
15:19:47.654 INF Request finished (out of order). clSeqNr=2915
15:19:47.654 INF Request finished (out of order). clSeqNr=2932
15:19:47.654 INF Request finished (out of order). clSeqNr=2948
15:19:47.654 INF Request finished (out of order). clSeqNr=2964
15:19:47.654 INF Request finished (out of order). clSeqNr=2980
15:19:47.654 INF Request finished (out of order). clSeqNr=2996
15:19:47.654 INF Request finished (out of order). clSeqNr=3012
15:19:47.654 INF Request finished (out of order). clSeqNr=3028
15:19:47.654 INF Request finished (out of order). clSeqNr=3044
15:19:47.654 INF Request finished (out of order). clSeqNr=2804
15:19:47.654 INF Request finished (out of order). clSeqNr=2820
15:19:47.654 INF Request finished (out of order). clSeqNr=2836
15:19:47.654 INF Request finished (out of order). clSeqNr=2852
15:19:47.654 INF Request finished (out of order). clSeqNr=2868
15:19:47.654 INF Request finished (out of order). clSeqNr=2884
15:19:47.654 INF Request finished (out of order). clSeqNr=2900
15:19:47.654 INF Request finished (out of order). clSeqNr=2916
15:19:47.654 INF Request finished (out of order). clSeqNr=2933
15:19:47.654 INF Request finished (out of order). clSeqNr=2949
15:19:47.654 INF Request finished (out of order). clSeqNr=2965
15:19:47.654 INF Request finished (out of order). clSeqNr=2981
15:19:47.654 INF Request finished (out of order). clSeqNr=2997
15:19:47.654 INF Request finished (out of order). clSeqNr=3013
15:19:47.655 INF Request finished (out of order). clSeqNr=3029
15:19:47.655 INF Request finished (out of order). clSeqNr=3045
15:19:47.655 INF Request finished (out of order). clSeqNr=2805
15:19:47.655 INF Request finished (out of order). clSeqNr=2821
15:19:47.655 INF Request finished (out of order). clSeqNr=2837
15:19:47.655 INF Request finished (out of order). clSeqNr=2853
15:19:47.655 INF Request finished (out of order). clSeqNr=2869
15:19:47.655 INF Request finished (out of order). clSeqNr=2885
15:19:47.655 INF Request finished (out of order). clSeqNr=2901
15:19:47.655 INF Request finished (out of order). clSeqNr=2917
15:19:49.167 INF Request finished (out of order). clSeqNr=2934
15:19:49.169 INF Request finished (out of order). clSeqNr=2950
15:19:49.170 INF Request finished (out of order). clSeqNr=2966
15:19:49.171 INF Request finished (out of order). clSeqNr=2982
15:19:49.171 INF Request finished (out of order). clSeqNr=2998
15:19:49.172 INF Request finished (out of order). clSeqNr=3014
15:19:49.173 INF Request finished (out of order). clSeqNr=3030
15:19:49.174 INF Request finished (out of order). clSeqNr=3046
15:19:49.174 INF Request finished (out of order). clSeqNr=2806
15:19:49.174 INF Request finished (out of order). clSeqNr=2822
15:19:49.175 INF Request finished (out of order). clSeqNr=2838
15:19:49.199 INF Request finished (out of order). clSeqNr=2854
15:19:49.216 INF Request finished (out of order). clSeqNr=2870
15:19:49.216 INF Request finished (out of order). clSeqNr=2886
15:19:49.217 INF Request finished (out of order). clSeqNr=2902
15:19:49.217 INF Request finished (out of order). clSeqNr=2918
15:19:49.541 INF Request finished (out of order). clSeqNr=2935
15:19:49.541 INF Request finished (out of order). clSeqNr=2951
15:19:49.541 INF Request finished (out of order). clSeqNr=2967
15:19:49.541 INF Request finished (out of order). clSeqNr=2983
15:19:49.541 INF Request finished (out of order). clSeqNr=2999
15:19:49.541 INF Request finished (out of order). clSeqNr=3015
15:19:49.541 INF Request finished (out of order). clSeqNr=3031
15:19:49.541 INF Request finished (out of order). clSeqNr=2791
15:19:49.541 INF Request finished (out of order). clSeqNr=3047
15:19:49.541 INF Request finished (out of order). clSeqNr=2807
15:19:49.541 INF Request finished (out of order). clSeqNr=2823
15:19:49.541 INF Request finished (out of order). clSeqNr=2839
15:19:49.541 INF Request finished (out of order). clSeqNr=2855
15:19:49.541 INF Request finished (out of order). clSeqNr=2871
15:19:49.541 INF Request finished (out of order). clSeqNr=2887
15:19:49.541 INF Request finished (out of order). clSeqNr=2903
15:19:49.542 INF Request finished (out of order). clSeqNr=2919
15:19:49.542 INF Request finished (out of order). clSeqNr=2936
15:19:49.542 INF Request finished (out of order). clSeqNr=2952
15:19:49.542 INF Request finished (out of order). clSeqNr=2968
15:19:49.542 INF Request finished (out of order). clSeqNr=2984
15:19:49.551 INF Request finished (out of order). clSeqNr=3000
15:19:49.551 INF Request finished (out of order). clSeqNr=3016
15:19:49.551 INF Request finished (out of order). clSeqNr=3032
15:19:49.551 INF Request finished (out of order). clSeqNr=3048
15:19:49.551 INF Request finished (out of order). clSeqNr=2808
15:19:49.551 INF Request finished (out of order). clSeqNr=2824
15:19:49.551 INF Request finished (out of order). clSeqNr=2840
15:19:49.551 INF Request finished (out of order). clSeqNr=2856
15:19:49.551 INF Request finished (out of order). clSeqNr=2872
15:19:49.551 INF Request finished (out of order). clSeqNr=2888
15:19:49.551 INF Request finished (out of order). clSeqNr=2904
15:19:49.551 INF Request finished (out of order). clSeqNr=2920
15:19:49.551 INF Request finished (out of order). clSeqNr=2937
15:19:49.551 INF Request finished (out of order). clSeqNr=2953
15:19:49.551 INF Request finished (out of order). clSeqNr=2969
15:19:49.551 INF Request finished (out of order). clSeqNr=2985
15:19:49.552 INF Request finished (out of order). clSeqNr=3001
15:19:49.552 INF Request finished (out of order). clSeqNr=3017
15:19:49.552 INF Request finished (out of order). clSeqNr=3033
15:19:49.552 INF Request finished (out of order). clSeqNr=3049
15:19:49.552 INF Request finished (out of order). clSeqNr=2809
15:19:49.552 INF Request finished (out of order). clSeqNr=2825
15:19:49.552 INF Request finished (out of order). clSeqNr=2841
15:19:49.552 INF Request finished (out of order). clSeqNr=2857
15:19:49.552 INF Request finished (out of order). clSeqNr=2873
15:19:49.552 INF Request finished (out of order). clSeqNr=2889
15:19:49.552 INF Request finished (out of order). clSeqNr=2905
15:19:49.552 INF Request finished (out of order). clSeqNr=2921
15:19:49.552 INF Request finished (out of order). clSeqNr=2938
15:19:49.552 INF Request finished (out of order). clSeqNr=2954
15:19:49.552 INF Request finished (out of order). clSeqNr=2970
15:19:49.564 INF Request finished (out of order). clSeqNr=2986
15:19:49.564 INF Request finished (out of order). clSeqNr=3002
15:19:49.564 INF Request finished (out of order). clSeqNr=3018
15:19:49.564 INF Request finished (out of order). clSeqNr=3034
15:19:49.564 INF Request finished (out of order). clSeqNr=3050
15:19:49.564 INF Request finished (out of order). clSeqNr=3066
15:19:49.564 INF Request finished (out of order). clSeqNr=3082
15:19:49.564 INF Request finished (out of order). clSeqNr=2842
15:19:49.564 INF Request finished (out of order). clSeqNr=2858
15:19:49.564 INF Request finished (out of order). clSeqNr=2874
15:19:49.564 INF Request finished (out of order). clSeqNr=2890
15:19:49.564 INF Request finished (out of order). clSeqNr=2906
15:19:49.565 INF Request finished (out of order). clSeqNr=2922
15:19:49.565 INF Request finished (out of order). clSeqNr=2939
15:19:49.565 INF Request finished (out of order). clSeqNr=2955
15:19:49.565 INF Request finished (out of order). clSeqNr=2971
15:19:49.590 INF Request finished (out of order). clSeqNr=2987
15:19:49.590 INF Request finished (out of order). clSeqNr=3003
15:19:49.590 INF Request finished (out of order). clSeqNr=3019
15:19:49.590 INF Request finished (out of order). clSeqNr=3035
15:19:49.590 INF Request finished (out of order). clSeqNr=3051
15:19:49.591 INF Request finished (out of order). clSeqNr=3067
15:19:49.591 INF Request finished (out of order). clSeqNr=3083
15:19:49.591 INF Request finished (out of order). clSeqNr=2843
15:19:49.591 INF Request finished (out of order). clSeqNr=2859
15:19:49.591 INF Request finished (out of order). clSeqNr=2875
15:19:49.591 INF Request finished (out of order). clSeqNr=2891
15:19:49.601 INF Request finished (out of order). clSeqNr=2907
15:19:49.601 INF Request finished (out of order). clSeqNr=2923
15:19:49.601 INF Request finished (out of order). clSeqNr=2940
15:19:49.601 INF Request finished (out of order). clSeqNr=2956
15:19:49.601 INF Request finished (out of order). clSeqNr=2972
15:19:49.601 INF Request finished (out of order). clSeqNr=2988
15:19:49.612 INF Request finished (out of order). clSeqNr=3004
15:19:49.612 INF Request finished (out of order). clSeqNr=3020
15:19:49.612 INF Request finished (out of order). clSeqNr=3036
15:19:49.612 INF Request finished (out of order). clSeqNr=3052
15:19:49.612 INF Request finished (out of order). clSeqNr=3068
15:19:49.612 INF Request finished (out of order). clSeqNr=3084
15:19:49.612 INF Request finished (out of order). clSeqNr=2844
15:19:49.612 INF Request finished (out of order). clSeqNr=2860
15:19:49.612 INF Request finished (out of order). clSeqNr=2876
15:19:49.612 INF Request finished (out of order). clSeqNr=2892
15:19:49.612 INF Request finished (out of order). clSeqNr=2908
15:19:49.612 INF Request finished (out of order). clSeqNr=2924
15:19:49.612 INF Request finished (out of order). clSeqNr=2941
15:19:49.612 INF Request finished (out of order). clSeqNr=2957
15:19:49.612 INF Request finished (out of order). clSeqNr=2973
15:19:49.612 INF Request finished (out of order). clSeqNr=2989
15:19:49.612 INF Request finished (out of order). clSeqNr=3005
15:19:49.612 INF Request finished (out of order). clSeqNr=3021
15:19:49.612 INF Request finished (out of order). clSeqNr=3037
15:19:49.612 INF Request finished (out of order). clSeqNr=3053
15:19:49.612 INF Request finished (out of order). clSeqNr=3069
15:19:49.612 INF Request finished (out of order). clSeqNr=3085
15:19:49.612 INF Request finished (out of order). clSeqNr=2845
15:19:49.612 INF Request finished (out of order). clSeqNr=2861
15:19:49.612 INF Request finished (out of order). clSeqNr=2877
15:19:49.613 INF Request finished (out of order). clSeqNr=2893
15:19:49.613 INF Request finished (out of order). clSeqNr=2909
15:19:49.613 INF Request finished (out of order). clSeqNr=2925
15:19:49.613 INF Request finished (out of order). clSeqNr=2942
15:19:49.613 INF Request finished (out of order). clSeqNr=2958
15:19:49.613 INF Request finished (out of order). clSeqNr=2974
15:19:49.613 INF Request finished (out of order). clSeqNr=2990
15:19:49.616 INF Request finished (out of order). clSeqNr=3006
15:19:49.616 INF Request finished (out of order). clSeqNr=3022
15:19:49.616 INF Request finished (out of order). clSeqNr=3038
15:19:49.616 INF Request finished (out of order). clSeqNr=3054
15:19:49.616 INF Request finished (out of order). clSeqNr=3070
15:19:49.616 INF Request finished (out of order). clSeqNr=2830
15:19:49.618 INF Request finished (out of order). clSeqNr=2846
15:19:49.618 INF Request finished (out of order). clSeqNr=2862
15:19:49.618 INF Request finished (out of order). clSeqNr=2878
15:19:49.618 INF Request finished (out of order). clSeqNr=2894
15:19:49.628 INF Request finished (out of order). clSeqNr=2910
15:19:49.628 INF Request finished (out of order). clSeqNr=2926
15:19:49.629 INF Request finished (out of order). clSeqNr=2943
15:19:49.630 INF Request finished (out of order). clSeqNr=2959
15:19:49.630 INF Request finished (out of order). clSeqNr=2975
15:19:49.631 INF Request finished (out of order). clSeqNr=2991
15:19:49.631 INF Request finished (out of order). clSeqNr=3007
15:19:49.632 INF Request finished (out of order). clSeqNr=3023
15:19:49.632 INF Request finished (out of order). clSeqNr=3039
15:19:49.633 INF Request finished (out of order). clSeqNr=3055
15:19:49.634 INF Request finished (out of order). clSeqNr=3071
15:19:49.634 INF Request finished (out of order). clSeqNr=2831
15:19:49.634 INF Request finished (out of order). clSeqNr=2847
15:19:49.635 INF Request finished (out of order). clSeqNr=2863
15:19:49.635 INF Request finished (out of order). clSeqNr=2879
15:19:49.636 INF Request finished (out of order). clSeqNr=2895
15:19:49.637 INF Request finished (out of order). clSeqNr=2911
15:19:49.637 INF Request finished (out of order). clSeqNr=2927
15:19:49.638 INF Request finished (out of order). clSeqNr=2944
15:19:49.638 INF Request finished (out of order). clSeqNr=2960
15:19:49.639 INF Request finished (out of order). clSeqNr=2976
15:19:49.639 INF Request finished (out of order). clSeqNr=2992
15:19:49.640 INF Request finished (out of order). clSeqNr=3008
15:19:49.640 INF Request finished (out of order). clSeqNr=3024
15:19:49.641 INF Request finished (out of order). clSeqNr=3040
15:19:49.642 INF Request finished (out of order). clSeqNr=3056
15:19:49.643 INF Request finished (out of order). clSeqNr=3072
15:19:49.643 INF Request finished (out of order). clSeqNr=2832
15:19:49.643 INF Request finished (out of order). clSeqNr=2848
15:19:49.644 INF Request finished (out of order). clSeqNr=2864
15:19:49.645 INF Request finished (out of order). clSeqNr=2880
15:19:49.645 INF Request finished (out of order). clSeqNr=2896
15:19:49.646 INF Request finished (out of order). clSeqNr=2912
15:19:49.646 INF Request finished (out of order). clSeqNr=2928
15:19:49.647 INF Request finished (out of order). clSeqNr=2945
15:19:49.647 INF Request finished (out of order). clSeqNr=2961
15:19:49.648 INF Request finished (out of order). clSeqNr=2977
15:19:49.649 INF Request finished (out of order). clSeqNr=2993
15:19:49.649 INF Request finished (out of order). clSeqNr=3009
15:19:49.650 INF Request finished (out of order). clSeqNr=3025
15:19:49.651 INF Request finished (out of order). clSeqNr=3041
15:19:49.651 INF Request finished (out of order). clSeqNr=3057
15:19:49.652 INF Request finished (out of order). clSeqNr=3073
15:19:49.652 INF Request finished (out of order). clSeqNr=2833
15:19:49.653 INF Request finished (out of order). clSeqNr=2849
15:19:49.653 INF Request finished (out of order). clSeqNr=2865
15:19:49.654 INF Request finished (out of order). clSeqNr=2881
15:19:49.654 INF Request finished (out of order). clSeqNr=2897
15:19:49.655 INF Request finished (out of order). clSeqNr=2913
15:19:49.655 INF Request finished (out of order). clSeqNr=2929
15:19:52.386 INF Request finished (out of order). clSeqNr=3187
15:19:52.386 INF Request finished (out of order). clSeqNr=3203
15:19:52.387 INF Request finished (out of order). clSeqNr=3219
15:19:52.388 INF Request finished (out of order). clSeqNr=3235
15:19:52.388 INF Request finished (out of order). clSeqNr=3251
15:19:52.389 INF Request finished (out of order). clSeqNr=3267
15:19:52.389 INF Request finished (out of order). clSeqNr=3283
15:19:52.390 INF Request finished (out of order). clSeqNr=3299
15:19:52.390 INF Request finished (out of order). clSeqNr=3059
15:19:52.390 INF Request finished (out of order). clSeqNr=3075
15:19:52.391 INF Request finished (out of order). clSeqNr=3091
15:19:52.394 INF Request finished (out of order). clSeqNr=3107
15:19:52.453 INF Request finished (out of order). clSeqNr=3123
15:19:52.516 INF Request finished (out of order). clSeqNr=3139
15:19:52.516 INF Request finished (out of order). clSeqNr=3155
15:19:52.516 INF Request finished (out of order). clSeqNr=3171
15:19:52.516 INF Request finished (out of order). clSeqNr=3188
15:19:52.516 INF Request finished (out of order). clSeqNr=3204
15:19:52.516 INF Request finished (out of order). clSeqNr=3220
15:19:52.516 INF Request finished (out of order). clSeqNr=3236
15:19:52.516 INF Request finished (out of order). clSeqNr=3252
15:19:52.516 INF Request finished (out of order). clSeqNr=3268
15:19:52.517 INF Request finished (out of order). clSeqNr=3284
15:19:52.517 INF Request finished (out of order). clSeqNr=3300
15:19:52.517 INF Request finished (out of order). clSeqNr=3060
15:19:52.517 INF Request finished (out of order). clSeqNr=3076
15:19:52.517 INF Request finished (out of order). clSeqNr=3092
15:19:52.517 INF Request finished (out of order). clSeqNr=3108
15:19:52.517 INF Request finished (out of order). clSeqNr=3124
15:19:52.517 INF Request finished (out of order). clSeqNr=3140
15:19:52.517 INF Request finished (out of order). clSeqNr=3156
15:19:52.517 INF Request finished (out of order). clSeqNr=3172
15:19:52.517 INF Request finished (out of order). clSeqNr=3189
15:19:52.517 INF Request finished (out of order). clSeqNr=3205
15:19:52.517 INF Request finished (out of order). clSeqNr=3221
15:19:52.517 INF Request finished (out of order). clSeqNr=3237
15:19:52.517 INF Request finished (out of order). clSeqNr=3253
15:19:52.517 INF Request finished (out of order). clSeqNr=3269
15:19:52.517 INF Request finished (out of order). clSeqNr=3285
15:19:52.517 INF Request finished (out of order). clSeqNr=3301
15:19:52.517 INF Request finished (out of order). clSeqNr=3061
15:19:52.517 INF Request finished (out of order). clSeqNr=3077
15:19:52.517 INF Request finished (out of order). clSeqNr=3093
15:19:52.517 INF Request finished (out of order). clSeqNr=3109
15:19:52.517 INF Request finished (out of order). clSeqNr=3125
15:19:52.517 INF Request finished (out of order). clSeqNr=3141
15:19:52.517 INF Request finished (out of order). clSeqNr=3157
15:19:52.517 INF Request finished (out of order). clSeqNr=3173
15:19:52.518 INF Request finished (out of order). clSeqNr=3190
15:19:52.518 INF Request finished (out of order). clSeqNr=3206
15:19:52.518 INF Request finished (out of order). clSeqNr=3222
15:19:52.518 INF Request finished (out of order). clSeqNr=3238
15:19:52.518 INF Request finished (out of order). clSeqNr=3254
15:19:52.518 INF Request finished (out of order). clSeqNr=3270
15:19:52.518 INF Request finished (out of order). clSeqNr=3286
15:19:52.518 INF Request finished (out of order). clSeqNr=3302
15:19:52.518 INF Request finished (out of order). clSeqNr=3062
15:19:52.518 INF Request finished (out of order). clSeqNr=3078
15:19:52.518 INF Request finished (out of order). clSeqNr=3094
15:19:52.518 INF Request finished (out of order). clSeqNr=3110
15:19:52.518 INF Request finished (out of order). clSeqNr=3126
15:19:52.518 INF Request finished (out of order). clSeqNr=3142
15:19:52.518 INF Request finished (out of order). clSeqNr=3158
15:19:52.518 INF Request finished (out of order). clSeqNr=3174
15:19:52.518 INF Request finished (out of order). clSeqNr=3191
15:19:52.518 INF Request finished (out of order). clSeqNr=3207
15:19:52.518 INF Request finished (out of order). clSeqNr=3223
15:19:52.518 INF Request finished (out of order). clSeqNr=3239
15:19:52.518 INF Request finished (out of order). clSeqNr=3255
15:19:52.518 INF Request finished (out of order). clSeqNr=3271
15:19:52.518 INF Request finished (out of order). clSeqNr=3287
15:19:52.518 INF Request finished (out of order). clSeqNr=3303
15:19:52.518 INF Request finished (out of order). clSeqNr=3063
15:19:52.518 INF Request finished (out of order). clSeqNr=3079
15:19:52.518 INF Request finished (out of order). clSeqNr=3095
15:19:52.518 INF Request finished (out of order). clSeqNr=3111
15:19:52.519 INF Request finished (out of order). clSeqNr=3127
15:19:52.519 INF Request finished (out of order). clSeqNr=3143
15:19:52.519 INF Request finished (out of order). clSeqNr=3159
15:19:52.519 INF Request finished (out of order). clSeqNr=3175
15:19:52.519 INF Request finished (out of order). clSeqNr=3192
15:19:52.519 INF Request finished (out of order). clSeqNr=3208
15:19:52.519 INF Request finished (out of order). clSeqNr=3224
15:19:52.519 INF Request finished (out of order). clSeqNr=3240
15:19:52.519 INF Request finished (out of order). clSeqNr=3256
15:19:52.519 INF Request finished (out of order). clSeqNr=3272
15:19:52.519 INF Request finished (out of order). clSeqNr=3288
15:19:52.519 INF Request finished (out of order). clSeqNr=3304
15:19:52.519 INF Request finished (out of order). clSeqNr=3064
15:19:52.519 INF Request finished (out of order). clSeqNr=3080
15:19:52.519 INF Request finished (out of order). clSeqNr=3096
15:19:52.519 INF Request finished (out of order). clSeqNr=3112
15:19:52.519 INF Request finished (out of order). clSeqNr=3128
15:19:52.519 INF Request finished (out of order). clSeqNr=3144
15:19:52.519 INF Request finished (out of order). clSeqNr=3160
15:19:52.519 INF Request finished (out of order). clSeqNr=3176
15:19:52.519 INF Request finished (out of order). clSeqNr=3193
15:19:52.519 INF Request finished (out of order). clSeqNr=3209
15:19:52.519 INF Request finished (out of order). clSeqNr=3225
15:19:52.519 INF Request finished (out of order). clSeqNr=3241
15:19:52.519 INF Request finished (out of order). clSeqNr=3257
15:19:52.519 INF Request finished (out of order). clSeqNr=3273
15:19:52.519 INF Request finished (out of order). clSeqNr=3289
15:19:52.519 INF Request finished (out of order). clSeqNr=3305
15:19:52.519 INF Request finished (out of order). clSeqNr=3065
15:19:52.519 INF Request finished (out of order). clSeqNr=3081
15:19:52.519 INF Request finished (out of order). clSeqNr=3097
15:19:52.519 INF Request finished (out of order). clSeqNr=3113
15:19:52.519 INF Request finished (out of order). clSeqNr=3129
15:19:52.519 INF Request finished (out of order). clSeqNr=3145
15:19:52.519 INF Request finished (out of order). clSeqNr=3161
15:19:52.520 INF Request finished (out of order). clSeqNr=3177
15:19:52.520 INF Request finished (out of order). clSeqNr=3194
15:19:52.520 INF Request finished (out of order). clSeqNr=3210
15:19:52.520 INF Request finished (out of order). clSeqNr=3226
15:19:52.520 INF Request finished (out of order). clSeqNr=3242
15:19:52.520 INF Request finished (out of order). clSeqNr=3258
15:19:52.520 INF Request finished (out of order). clSeqNr=3274
15:19:52.520 INF Request finished (out of order). clSeqNr=3290
15:19:52.520 INF Request finished (out of order). clSeqNr=3306
15:19:52.520 INF Request finished (out of order). clSeqNr=3322
15:19:52.520 INF Request finished (out of order). clSeqNr=3338
15:19:52.520 INF Request finished (out of order). clSeqNr=3098
15:19:52.520 INF Request finished (out of order). clSeqNr=3114
15:19:52.520 INF Request finished (out of order). clSeqNr=3130
15:19:52.520 INF Request finished (out of order). clSeqNr=3146
15:19:52.520 INF Request finished (out of order). clSeqNr=3162
15:19:52.520 INF Request finished (out of order). clSeqNr=3178
15:19:52.520 INF Request finished (out of order). clSeqNr=3195
15:19:52.520 INF Request finished (out of order). clSeqNr=3211
15:19:52.520 INF Request finished (out of order). clSeqNr=3227
15:19:52.520 INF Request finished (out of order). clSeqNr=3243
15:19:52.520 INF Request finished (out of order). clSeqNr=3259
15:19:52.520 INF Request finished (out of order). clSeqNr=3275
15:19:52.520 INF Request finished (out of order). clSeqNr=3291
15:19:52.520 INF Request finished (out of order). clSeqNr=3307
15:19:52.520 INF Request finished (out of order). clSeqNr=3323
15:19:52.520 INF Request finished (out of order). clSeqNr=3339
15:19:52.520 INF Request finished (out of order). clSeqNr=3099
15:19:52.520 INF Request finished (out of order). clSeqNr=3115
15:19:52.520 INF Request finished (out of order). clSeqNr=3131
15:19:52.520 INF Request finished (out of order). clSeqNr=3147
15:19:52.520 INF Request finished (out of order). clSeqNr=3163
15:19:52.520 INF Request finished (out of order). clSeqNr=3179
15:19:52.520 INF Request finished (out of order). clSeqNr=3196
15:19:52.520 INF Request finished (out of order). clSeqNr=3212
15:19:52.520 INF Request finished (out of order). clSeqNr=3228
15:19:52.520 INF Request finished (out of order). clSeqNr=3244
15:19:52.520 INF Request finished (out of order). clSeqNr=3260
15:19:52.520 INF Request finished (out of order). clSeqNr=3276
15:19:52.520 INF Request finished (out of order). clSeqNr=3292
15:19:52.520 INF Request finished (out of order). clSeqNr=3308
15:19:52.521 INF Request finished (out of order). clSeqNr=3324
15:19:52.521 INF Request finished (out of order). clSeqNr=3340
15:19:52.521 INF Request finished (out of order). clSeqNr=3100
15:19:52.521 INF Request finished (out of order). clSeqNr=3116
15:19:52.521 INF Request finished (out of order). clSeqNr=3132
15:19:52.521 INF Request finished (out of order). clSeqNr=3148
15:19:52.521 INF Request finished (out of order). clSeqNr=3164
15:19:52.521 INF Request finished (out of order). clSeqNr=3180
15:19:52.521 INF Request finished (out of order). clSeqNr=3197
15:19:52.521 INF Request finished (out of order). clSeqNr=3213
15:19:52.521 INF Request finished (out of order). clSeqNr=3229
15:19:52.521 INF Request finished (out of order). clSeqNr=3245
15:19:52.521 INF Request finished (out of order). clSeqNr=3261
15:19:52.521 INF Request finished (out of order). clSeqNr=3277
15:19:52.521 INF Request finished (out of order). clSeqNr=3293
15:19:52.521 INF Request finished (out of order). clSeqNr=3309
15:19:52.521 INF Request finished (out of order). clSeqNr=3325
15:19:52.521 INF Request finished (out of order). clSeqNr=3341
15:19:52.521 INF Request finished (out of order). clSeqNr=3101
15:19:52.521 INF Request finished (out of order). clSeqNr=3117
15:19:52.521 INF Request finished (out of order). clSeqNr=3133
15:19:52.521 INF Request finished (out of order). clSeqNr=3149
15:19:52.521 INF Request finished (out of order). clSeqNr=3165
15:19:52.521 INF Request finished (out of order). clSeqNr=3181
15:19:52.521 INF Request finished (out of order). clSeqNr=3198
15:19:52.521 INF Request finished (out of order). clSeqNr=3214
15:19:52.521 INF Request finished (out of order). clSeqNr=3230
15:19:52.521 INF Request finished (out of order). clSeqNr=3246
15:19:52.521 INF Request finished (out of order). clSeqNr=3262
15:19:52.521 INF Request finished (out of order). clSeqNr=3278
15:19:52.521 INF Request finished (out of order). clSeqNr=3294
15:19:52.521 INF Request finished (out of order). clSeqNr=3310
15:19:52.521 INF Request finished (out of order). clSeqNr=3326
15:19:52.521 INF Request finished (out of order). clSeqNr=3086
15:19:52.521 INF Request finished (out of order). clSeqNr=3342
15:19:52.521 INF Request finished (out of order). clSeqNr=3102
15:19:52.521 INF Request finished (out of order). clSeqNr=3118
15:19:52.521 INF Request finished (out of order). clSeqNr=3134
15:19:52.523 INF Request finished (out of order). clSeqNr=3150
15:19:52.523 INF Request finished (out of order). clSeqNr=3166
15:19:52.523 INF Request finished (out of order). clSeqNr=3182
15:19:52.523 INF Request finished (out of order). clSeqNr=3199
15:19:52.523 INF Request finished (out of order). clSeqNr=3215
15:19:52.523 INF Request finished (out of order). clSeqNr=3231
15:19:52.523 INF Request finished (out of order). clSeqNr=3247
15:19:52.523 INF Request finished (out of order). clSeqNr=3263
15:19:52.523 INF Request finished (out of order). clSeqNr=3279
15:19:52.523 INF Request finished (out of order). clSeqNr=3087
15:19:52.523 INF Request finished (out of order). clSeqNr=3103
15:19:52.523 INF Request finished (out of order). clSeqNr=3119
15:19:52.523 INF Request finished (out of order). clSeqNr=3135
15:19:52.523 INF Request finished (out of order). clSeqNr=3151
15:19:52.523 INF Request finished (out of order). clSeqNr=3167
15:19:52.523 INF Request finished (out of order). clSeqNr=3183
15:19:52.523 INF Request finished (out of order). clSeqNr=3200
15:19:52.523 INF Request finished (out of order). clSeqNr=3216
15:19:52.523 INF Request finished (out of order). clSeqNr=3232
15:19:52.523 INF Request finished (out of order). clSeqNr=3248
15:19:52.523 INF Request finished (out of order). clSeqNr=3264
15:19:52.523 INF Request finished (out of order). clSeqNr=3280
15:19:52.523 INF Request finished (out of order). clSeqNr=3296
15:19:52.523 INF Request finished (out of order). clSeqNr=3312
15:19:52.523 INF Request finished (out of order). clSeqNr=3328
15:19:52.523 INF Request finished (out of order). clSeqNr=3088
15:19:52.523 INF Request finished (out of order). clSeqNr=3104
15:19:52.523 INF Request finished (out of order). clSeqNr=3120
15:19:52.523 INF Request finished (out of order). clSeqNr=3136
15:19:52.524 INF Request finished (out of order). clSeqNr=3152
15:19:52.524 INF Request finished (out of order). clSeqNr=3168
15:19:52.524 INF Request finished (out of order). clSeqNr=3184
15:19:52.524 INF Request finished (out of order). clSeqNr=3201
15:19:52.524 INF Request finished (out of order). clSeqNr=3217
15:19:52.524 INF Request finished (out of order). clSeqNr=3233
15:19:52.524 INF Request finished (out of order). clSeqNr=3249
15:19:52.524 INF Request finished (out of order). clSeqNr=3265
15:19:52.524 INF Request finished (out of order). clSeqNr=3281
15:19:52.524 INF Request finished (out of order). clSeqNr=3297
15:19:52.530 INF Request finished (out of order). clSeqNr=3313
15:19:52.531 INF Request finished (out of order). clSeqNr=3329
15:19:52.531 INF Request finished (out of order). clSeqNr=3089
15:19:52.531 INF Request finished (out of order). clSeqNr=3345
15:19:52.531 INF Request finished (out of order). clSeqNr=3105
15:19:52.532 INF Request finished (out of order). clSeqNr=3121
15:19:52.554 INF Request finished (out of order). clSeqNr=3137
15:19:52.554 INF Request finished (out of order). clSeqNr=3153
15:19:52.565 INF Request finished (out of order). clSeqNr=3169
15:19:52.565 INF Request finished (out of order). clSeqNr=3185
15:19:52.565 INF Request finished (out of order). clSeqNr=1650
15:19:52.565 INF Request finished (out of order). clSeqNr=1666
15:19:52.565 INF Request finished (out of order). clSeqNr=1682
15:19:52.565 INF Request finished (out of order). clSeqNr=1698
15:19:52.565 INF Request finished (out of order). clSeqNr=1714
15:19:52.565 INF Request finished (out of order). clSeqNr=1730
15:19:52.566 INF Request finished (out of order). clSeqNr=1746
15:19:52.566 INF Request finished (out of order). clSeqNr=1762
15:19:52.566 INF Request finished (out of order). clSeqNr=1778
15:19:52.566 INF Request finished (out of order). clSeqNr=1794
15:19:52.566 INF Request finished (out of order). clSeqNr=1554
15:19:52.566 INF Request delivered (in order). clSeqNr=1554
15:19:52.566 INF Request delivered (in order). clSeqNr=1555
15:19:52.566 INF Request delivered (in order). clSeqNr=1556
15:19:52.566 INF Request delivered (in order). clSeqNr=1557
15:19:52.566 INF Request delivered (in order). clSeqNr=1558
15:19:52.566 INF Request delivered (in order). clSeqNr=1559
15:19:52.566 INF Request delivered (in order). clSeqNr=1560
15:19:52.566 INF Request delivered (in order). clSeqNr=1561
15:19:52.566 INF Request delivered (in order). clSeqNr=1562
15:19:52.566 INF Request delivered (in order). clSeqNr=1563
15:19:52.567 INF Request delivered (in order). clSeqNr=1564
15:19:52.567 INF Request delivered (in order). clSeqNr=1565
15:19:52.567 INF Request delivered (in order). clSeqNr=1566
15:19:52.567 INF Request delivered (in order). clSeqNr=1567
15:19:52.567 INF Request delivered (in order). clSeqNr=1568
15:19:52.567 INF Request delivered (in order). clSeqNr=1569
15:19:52.567 INF Request finished (out of order). clSeqNr=1570
15:19:52.567 INF Request delivered (in order). clSeqNr=1570
15:19:52.567 INF Request delivered (in order). clSeqNr=1571
15:19:52.567 INF Request delivered (in order). clSeqNr=1572
15:19:52.567 INF Request delivered (in order). clSeqNr=1573
15:19:52.567 INF Request delivered (in order). clSeqNr=1574
15:19:52.567 INF Request delivered (in order). clSeqNr=1575
15:19:52.567 INF Request delivered (in order). clSeqNr=1576
15:19:52.567 INF Request delivered (in order). clSeqNr=1577
15:19:52.567 INF Request delivered (in order). clSeqNr=1578
15:19:52.567 INF Request delivered (in order). clSeqNr=1579
15:19:52.567 INF Request delivered (in order). clSeqNr=1580
15:19:52.567 INF Request delivered (in order). clSeqNr=1581
15:19:52.567 INF Request delivered (in order). clSeqNr=1582
15:19:52.567 INF Request delivered (in order). clSeqNr=1583
15:19:52.567 INF Request delivered (in order). clSeqNr=1584
15:19:52.567 INF Request delivered (in order). clSeqNr=1585
15:19:52.567 INF Request finished (out of order). clSeqNr=1586
15:19:52.567 INF Request delivered (in order). clSeqNr=1586
15:19:52.567 INF Request delivered (in order). clSeqNr=1587
15:19:52.567 INF Request delivered (in order). clSeqNr=1588
15:19:52.567 INF Request delivered (in order). clSeqNr=1589
15:19:52.567 INF Request delivered (in order). clSeqNr=1590
15:19:52.567 INF Request delivered (in order). clSeqNr=1591
15:19:52.567 INF Request delivered (in order). clSeqNr=1592
15:19:52.567 INF Request delivered (in order). clSeqNr=1593
15:19:52.567 INF Request delivered (in order). clSeqNr=1594
15:19:52.567 INF Request delivered (in order). clSeqNr=1595
15:19:52.567 INF Request delivered (in order). clSeqNr=1596
15:19:52.567 INF Request delivered (in order). clSeqNr=1597
15:19:52.567 INF Request delivered (in order). clSeqNr=1598
15:19:52.567 INF Request delivered (in order). clSeqNr=1599
15:19:52.567 INF Request delivered (in order). clSeqNr=1600
15:19:52.567 INF Request delivered (in order). clSeqNr=1601
15:19:52.567 INF Request finished (out of order). clSeqNr=1602
15:19:52.567 INF Request delivered (in order). clSeqNr=1602
15:19:52.567 INF Request delivered (in order). clSeqNr=1603
15:19:52.567 INF Request delivered (in order). clSeqNr=1604
15:19:52.567 INF Request delivered (in order). clSeqNr=1605
15:19:52.567 INF Request delivered (in order). clSeqNr=1606
15:19:52.567 INF Request delivered (in order). clSeqNr=1607
15:19:52.567 INF Request delivered (in order). clSeqNr=1608
15:19:52.567 INF Request delivered (in order). clSeqNr=1609
15:19:52.567 INF Request delivered (in order). clSeqNr=1610
15:19:52.567 INF Request delivered (in order). clSeqNr=1611
15:19:52.567 INF Request delivered (in order). clSeqNr=1612
15:19:52.567 INF Request delivered (in order). clSeqNr=1613
15:19:52.567 INF Request delivered (in order). clSeqNr=1614
15:19:52.567 INF Request delivered (in order). clSeqNr=1615
15:19:52.567 INF Request delivered (in order). clSeqNr=1616
15:19:52.567 INF Request delivered (in order). clSeqNr=1617
15:19:52.567 INF Request finished (out of order). clSeqNr=1618
15:19:52.567 INF Request delivered (in order). clSeqNr=1618
15:19:52.567 INF Request delivered (in order). clSeqNr=1619
15:19:52.567 INF Request delivered (in order). clSeqNr=1620
15:19:52.567 INF Request delivered (in order). clSeqNr=1621
15:19:52.567 INF Request delivered (in order). clSeqNr=1622
15:19:52.568 INF Request delivered (in order). clSeqNr=1623
15:19:52.568 INF Request delivered (in order). clSeqNr=1624
15:19:52.568 INF Request delivered (in order). clSeqNr=1625
15:19:52.568 INF Request delivered (in order). clSeqNr=1626
15:19:52.568 INF Request delivered (in order). clSeqNr=1627
15:19:52.568 INF Request delivered (in order). clSeqNr=1628
15:19:52.568 INF Request delivered (in order). clSeqNr=1629
15:19:52.568 INF Request delivered (in order). clSeqNr=1630
15:19:52.568 INF Request delivered (in order). clSeqNr=1631
15:19:52.568 INF Request delivered (in order). clSeqNr=1632
15:19:52.568 INF Request delivered (in order). clSeqNr=1633
15:19:52.568 INF Request finished (out of order). clSeqNr=1634
15:19:52.568 INF Request delivered (in order). clSeqNr=1634
15:19:52.568 INF Request delivered (in order). clSeqNr=1635
15:19:52.568 INF Request delivered (in order). clSeqNr=1636
15:19:52.568 INF Request delivered (in order). clSeqNr=1637
15:19:52.568 INF Request delivered (in order). clSeqNr=1638
15:19:52.568 INF Request delivered (in order). clSeqNr=1639
15:19:52.568 INF Request delivered (in order). clSeqNr=1640
15:19:52.568 INF Request delivered (in order). clSeqNr=1641
15:19:52.568 INF Request delivered (in order). clSeqNr=1642
15:19:52.568 INF Request delivered (in order). clSeqNr=1643
15:19:52.568 INF Request delivered (in order). clSeqNr=1644
15:19:52.568 INF Request delivered (in order). clSeqNr=1645
15:19:52.568 INF Request delivered (in order). clSeqNr=1646
15:19:52.568 INF Request delivered (in order). clSeqNr=1647
15:19:52.568 INF Request delivered (in order). clSeqNr=1648
15:19:52.568 INF Request delivered (in order). clSeqNr=1649
15:19:52.568 INF Request delivered (in order). clSeqNr=1650
15:19:52.568 INF Request delivered (in order). clSeqNr=1651
15:19:52.568 INF Request delivered (in order). clSeqNr=1652
15:19:52.568 INF Request delivered (in order). clSeqNr=1653
15:19:52.568 INF Request delivered (in order). clSeqNr=1654
15:19:52.568 INF Request delivered (in order). clSeqNr=1655
15:19:52.568 INF Request delivered (in order). clSeqNr=1656
15:19:52.568 INF Request delivered (in order). clSeqNr=1657
15:19:52.568 INF Request delivered (in order). clSeqNr=1658
15:19:52.568 INF Request delivered (in order). clSeqNr=1659
15:19:52.568 INF Request delivered (in order). clSeqNr=1660
15:19:52.568 INF Request delivered (in order). clSeqNr=1661
15:19:52.568 INF Request delivered (in order). clSeqNr=1662
15:19:52.568 INF Request delivered (in order). clSeqNr=1663
15:19:52.568 INF Request delivered (in order). clSeqNr=1664
15:19:52.568 INF Request delivered (in order). clSeqNr=1665
15:19:52.568 INF Request delivered (in order). clSeqNr=1666
15:19:52.568 INF Request delivered (in order). clSeqNr=1667
15:19:52.568 INF Request delivered (in order). clSeqNr=1668
15:19:52.568 INF Request delivered (in order). clSeqNr=1669
15:19:52.568 INF Request delivered (in order). clSeqNr=1670
15:19:52.568 INF Request delivered (in order). clSeqNr=1671
15:19:52.568 INF Request delivered (in order). clSeqNr=1672
15:19:52.568 INF Request delivered (in order). clSeqNr=1673
15:19:52.568 INF Request delivered (in order). clSeqNr=1674
15:19:52.568 INF Request delivered (in order). clSeqNr=1675
15:19:52.568 INF Request delivered (in order). clSeqNr=1676
15:19:52.568 INF Request delivered (in order). clSeqNr=1677
15:19:52.568 INF Request delivered (in order). clSeqNr=1678
15:19:52.568 INF Request delivered (in order). clSeqNr=1679
15:19:52.568 INF Request delivered (in order). clSeqNr=1680
15:19:52.569 INF Request delivered (in order). clSeqNr=1681
15:19:52.569 INF Request delivered (in order). clSeqNr=1682
15:19:52.569 INF Request delivered (in order). clSeqNr=1683
15:19:52.569 INF Request delivered (in order). clSeqNr=1684
15:19:52.569 INF Request delivered (in order). clSeqNr=1685
15:19:52.569 INF Request delivered (in order). clSeqNr=1686
15:19:52.569 INF Request delivered (in order). clSeqNr=1687
15:19:52.569 INF Request delivered (in order). clSeqNr=1688
15:19:52.569 INF Request delivered (in order). clSeqNr=1689
15:19:52.569 INF Request delivered (in order). clSeqNr=1690
15:19:52.569 INF Request delivered (in order). clSeqNr=1691
15:19:52.569 INF Request delivered (in order). clSeqNr=1692
15:19:52.569 INF Request delivered (in order). clSeqNr=1693
15:19:52.569 INF Request delivered (in order). clSeqNr=1694
15:19:52.569 INF Request delivered (in order). clSeqNr=1695
15:19:52.569 INF Request delivered (in order). clSeqNr=1696
15:19:52.569 INF Request delivered (in order). clSeqNr=1697
15:19:52.569 INF Request delivered (in order). clSeqNr=1698
15:19:52.569 INF Request delivered (in order). clSeqNr=1699
15:19:52.569 INF Request delivered (in order). clSeqNr=1700
15:19:52.569 INF Request delivered (in order). clSeqNr=1701
15:19:52.569 INF Request delivered (in order). clSeqNr=1702
15:19:52.569 INF Request delivered (in order). clSeqNr=1703
15:19:52.569 INF Request delivered (in order). clSeqNr=1704
15:19:52.569 INF Request delivered (in order). clSeqNr=1705
15:19:52.569 INF Request delivered (in order). clSeqNr=1706
15:19:52.569 INF Request delivered (in order). clSeqNr=1707
15:19:52.569 INF Request delivered (in order). clSeqNr=1708
15:19:52.569 INF Request delivered (in order). clSeqNr=1709
15:19:52.569 INF Request delivered (in order). clSeqNr=1710
15:19:52.569 INF Request delivered (in order). clSeqNr=1711
15:19:52.569 INF Request delivered (in order). clSeqNr=1712
15:19:52.569 INF Request delivered (in order). clSeqNr=1713
15:19:52.569 INF Request delivered (in order). clSeqNr=1714
15:19:52.569 INF Request delivered (in order). clSeqNr=1715
15:19:52.569 INF Request delivered (in order). clSeqNr=1716
15:19:52.569 INF Request delivered (in order). clSeqNr=1717
15:19:52.569 INF Request delivered (in order). clSeqNr=1718
15:19:52.569 INF Request delivered (in order). clSeqNr=1719
15:19:52.569 INF Request delivered (in order). clSeqNr=1720
15:19:52.569 INF Request delivered (in order). clSeqNr=1721
15:19:52.569 INF Request delivered (in order). clSeqNr=1722
15:19:52.569 INF Request delivered (in order). clSeqNr=1723
15:19:52.569 INF Request delivered (in order). clSeqNr=1724
15:19:52.569 INF Request delivered (in order). clSeqNr=1725
15:19:52.569 INF Request delivered (in order). clSeqNr=1726
15:19:52.569 INF Request delivered (in order). clSeqNr=1727
15:19:52.569 INF Request delivered (in order). clSeqNr=1728
15:19:52.569 INF Request delivered (in order). clSeqNr=1729
15:19:52.569 INF Request delivered (in order). clSeqNr=1730
15:19:52.569 INF Request delivered (in order). clSeqNr=1731
15:19:52.569 INF Request delivered (in order). clSeqNr=1732
15:19:52.569 INF Request delivered (in order). clSeqNr=1733
15:19:52.569 INF Request delivered (in order). clSeqNr=1734
15:19:52.569 INF Request delivered (in order). clSeqNr=1735
15:19:52.569 INF Request delivered (in order). clSeqNr=1736
15:19:52.569 INF Request delivered (in order). clSeqNr=1737
15:19:52.569 INF Request delivered (in order). clSeqNr=1738
15:19:52.569 INF Request delivered (in order). clSeqNr=1739
15:19:52.569 INF Request delivered (in order). clSeqNr=1740
15:19:52.569 INF Request delivered (in order). clSeqNr=1741
15:19:52.569 INF Request delivered (in order). clSeqNr=1742
15:19:52.569 INF Request delivered (in order). clSeqNr=1743
15:19:52.569 INF Request delivered (in order). clSeqNr=1744
15:19:52.569 INF Request delivered (in order). clSeqNr=1745
15:19:52.569 INF Request delivered (in order). clSeqNr=1746
15:19:52.569 INF Request delivered (in order). clSeqNr=1747
15:19:52.569 INF Request delivered (in order). clSeqNr=1748
15:19:52.569 INF Request delivered (in order). clSeqNr=1749
15:19:52.569 INF Request delivered (in order). clSeqNr=1750
15:19:52.569 INF Request delivered (in order). clSeqNr=1751
15:19:52.569 INF Request delivered (in order). clSeqNr=1752
15:19:52.569 INF Request delivered (in order). clSeqNr=1753
15:19:52.569 INF Request delivered (in order). clSeqNr=1754
15:19:52.569 INF Request delivered (in order). clSeqNr=1755
15:19:52.569 INF Request delivered (in order). clSeqNr=1756
15:19:52.569 INF Request delivered (in order). clSeqNr=1757
15:19:52.569 INF Request delivered (in order). clSeqNr=1758
15:19:52.569 INF Request delivered (in order). clSeqNr=1759
15:19:52.569 INF Request delivered (in order). clSeqNr=1760
15:19:52.569 INF Request delivered (in order). clSeqNr=1761
15:19:52.569 INF Request delivered (in order). clSeqNr=1762
15:19:52.569 INF Request delivered (in order). clSeqNr=1763
15:19:52.569 INF Request delivered (in order). clSeqNr=1764
15:19:52.569 INF Request delivered (in order). clSeqNr=1765
15:19:52.569 INF Request delivered (in order). clSeqNr=1766
15:19:52.569 INF Request delivered (in order). clSeqNr=1767
15:19:52.570 INF Request delivered (in order). clSeqNr=1768
15:19:52.570 INF Request delivered (in order). clSeqNr=1769
15:19:52.570 INF Request delivered (in order). clSeqNr=1770
15:19:52.570 INF Request delivered (in order). clSeqNr=1771
15:19:52.570 INF Request delivered (in order). clSeqNr=1772
15:19:52.570 INF Request delivered (in order). clSeqNr=1773
15:19:52.570 INF Request delivered (in order). clSeqNr=1774
15:19:52.570 INF Request delivered (in order). clSeqNr=1775
15:19:52.570 INF Request delivered (in order). clSeqNr=1776
15:19:52.570 INF Request delivered (in order). clSeqNr=1777
15:19:52.570 INF Request delivered (in order). clSeqNr=1778
15:19:52.570 INF Request delivered (in order). clSeqNr=1779
15:19:52.570 INF Request delivered (in order). clSeqNr=1780
15:19:52.570 INF Request delivered (in order). clSeqNr=1781
15:19:52.570 INF Request delivered (in order). clSeqNr=1782
15:19:52.570 INF Request delivered (in order). clSeqNr=1783
15:19:52.570 INF Request delivered (in order). clSeqNr=1784
15:19:52.570 INF Request delivered (in order). clSeqNr=1785
15:19:52.570 INF Request delivered (in order). clSeqNr=1786
15:19:52.570 INF Request delivered (in order). clSeqNr=1787
15:19:52.570 INF Request delivered (in order). clSeqNr=1788
15:19:52.570 INF Request delivered (in order). clSeqNr=1789
15:19:52.570 INF Request delivered (in order). clSeqNr=1790
15:19:52.570 INF Request delivered (in order). clSeqNr=1791
15:19:52.570 INF Request delivered (in order). clSeqNr=1792
15:19:52.570 INF Request delivered (in order). clSeqNr=1793
15:19:52.570 INF Request delivered (in order). clSeqNr=1794
15:19:52.570 INF Request delivered (in order). clSeqNr=1795
15:19:52.570 INF Request delivered (in order). clSeqNr=1796
15:19:52.570 INF Request delivered (in order). clSeqNr=1797
15:19:52.570 INF Request delivered (in order). clSeqNr=1798
15:19:52.570 INF Request delivered (in order). clSeqNr=1799
15:19:52.570 INF Request delivered (in order). clSeqNr=1800
15:19:52.570 INF Request delivered (in order). clSeqNr=1801
15:19:52.570 INF Request delivered (in order). clSeqNr=1802
15:19:52.570 INF Request delivered (in order). clSeqNr=1803
15:19:52.570 INF Request delivered (in order). clSeqNr=1804
15:19:52.570 INF Request delivered (in order). clSeqNr=1805
15:19:52.570 INF Request delivered (in order). clSeqNr=1806
15:19:52.570 INF Request delivered (in order). clSeqNr=1807
15:19:52.570 INF Request delivered (in order). clSeqNr=1808
15:19:52.570 INF Request delivered (in order). clSeqNr=1809
15:19:52.570 INF Request finished (out of order). clSeqNr=3443
15:19:52.570 INF Request finished (out of order). clSeqNr=3459
15:19:52.570 INF Request finished (out of order). clSeqNr=3475
15:19:52.570 INF Request finished (out of order). clSeqNr=3491
15:19:52.570 INF Request finished (out of order). clSeqNr=3507
15:19:52.570 INF Request finished (out of order). clSeqNr=3523
15:19:52.570 INF Request finished (out of order). clSeqNr=3539
15:19:52.570 INF Request finished (out of order). clSeqNr=3555
15:19:52.570 INF Request finished (out of order). clSeqNr=3315
15:19:52.570 INF Request finished (out of order). clSeqNr=3331
15:19:52.570 INF Request finished (out of order). clSeqNr=3347
15:19:52.570 INF Request finished (out of order). clSeqNr=3363
15:19:52.570 INF Request finished (out of order). clSeqNr=3379
15:19:52.570 INF Request finished (out of order). clSeqNr=3395
15:19:52.570 INF Request finished (out of order). clSeqNr=3411
15:19:52.570 INF Request finished (out of order). clSeqNr=3427
15:19:52.570 INF Request finished (out of order). clSeqNr=3444
15:19:52.570 INF Request finished (out of order). clSeqNr=3460
15:19:52.570 INF Request finished (out of order). clSeqNr=3476
15:19:52.570 INF Request finished (out of order). clSeqNr=3492
15:19:52.570 INF Request finished (out of order). clSeqNr=3508
15:19:52.570 INF Request finished (out of order). clSeqNr=3524
15:19:52.570 INF Request finished (out of order). clSeqNr=3540
15:19:52.570 INF Request finished (out of order). clSeqNr=3556
15:19:52.571 INF Request finished (out of order). clSeqNr=3316
15:19:52.571 INF Request finished (out of order). clSeqNr=3572
15:19:52.571 INF Request finished (out of order). clSeqNr=3332
15:19:52.571 INF Request finished (out of order). clSeqNr=3348
15:19:52.571 INF Request finished (out of order). clSeqNr=3364
15:19:52.571 INF Request finished (out of order). clSeqNr=3380
15:19:52.571 INF Request finished (out of order). clSeqNr=3396
15:19:52.647 INF Request finished (out of order). clSeqNr=3412
15:19:52.647 INF Request finished (out of order). clSeqNr=3428
15:19:52.647 INF Request finished (out of order). clSeqNr=3445
15:19:52.647 INF Request finished (out of order). clSeqNr=3461
15:19:52.647 INF Request finished (out of order). clSeqNr=3477
15:19:52.647 INF Request finished (out of order). clSeqNr=3493
15:19:52.647 INF Request finished (out of order). clSeqNr=3509
15:19:52.647 INF Request finished (out of order). clSeqNr=3525
15:19:52.647 INF Request finished (out of order). clSeqNr=3541
15:19:52.647 INF Request finished (out of order). clSeqNr=3557
15:19:52.647 INF Request finished (out of order). clSeqNr=3317
15:19:52.647 INF Request finished (out of order). clSeqNr=3333
15:19:52.647 INF Request finished (out of order). clSeqNr=3349
15:19:52.647 INF Request finished (out of order). clSeqNr=3365
15:19:52.647 INF Request finished (out of order). clSeqNr=3381
15:19:52.647 INF Request finished (out of order). clSeqNr=3397
15:19:52.647 INF Request finished (out of order). clSeqNr=3413
15:19:52.647 INF Request finished (out of order). clSeqNr=3429
15:19:54.206 INF Request finished (out of order). clSeqNr=3446
15:19:54.207 INF Request finished (out of order). clSeqNr=3462
15:19:54.208 INF Request finished (out of order). clSeqNr=3478
15:19:54.209 INF Request finished (out of order). clSeqNr=3494
15:19:54.209 INF Request finished (out of order). clSeqNr=3510
15:19:54.210 INF Request finished (out of order). clSeqNr=3526
15:19:54.211 INF Request finished (out of order). clSeqNr=3542
15:19:54.212 INF Request finished (out of order). clSeqNr=3558
15:19:54.212 INF Request finished (out of order). clSeqNr=3318
15:19:54.212 INF Request finished (out of order). clSeqNr=3334
15:19:54.213 INF Request finished (out of order). clSeqNr=3350
15:19:54.267 INF Request finished (out of order). clSeqNr=3366
15:19:54.268 INF Request finished (out of order). clSeqNr=3382
15:19:54.296 INF Request finished (out of order). clSeqNr=3398
15:19:54.296 INF Request finished (out of order). clSeqNr=3414
15:19:54.296 INF Request finished (out of order). clSeqNr=3430
15:19:54.525 INF Request finished (out of order). clSeqNr=3447
15:19:54.525 INF Request finished (out of order). clSeqNr=3463
15:19:54.525 INF Request finished (out of order). clSeqNr=3479
15:19:54.525 INF Request finished (out of order). clSeqNr=3495
15:19:54.525 INF Request finished (out of order). clSeqNr=3511
15:19:54.525 INF Request finished (out of order). clSeqNr=3527
15:19:54.526 INF Request finished (out of order). clSeqNr=3543
15:19:54.526 INF Request finished (out of order). clSeqNr=3559
15:19:54.526 INF Request finished (out of order). clSeqNr=3319
15:19:54.526 INF Request finished (out of order). clSeqNr=3335
15:19:54.531 INF Request finished (out of order). clSeqNr=3351
15:19:54.531 INF Request finished (out of order). clSeqNr=3367
15:19:54.531 INF Request finished (out of order). clSeqNr=3383
15:19:54.531 INF Request finished (out of order). clSeqNr=3399
15:19:54.531 INF Request finished (out of order). clSeqNr=3415
15:19:54.531 INF Request finished (out of order). clSeqNr=3431
15:19:54.531 INF Request finished (out of order). clSeqNr=3448
15:19:54.531 INF Request finished (out of order). clSeqNr=3464
15:19:54.531 INF Request finished (out of order). clSeqNr=3480
15:19:54.531 INF Request finished (out of order). clSeqNr=3496
15:19:54.531 INF Request finished (out of order). clSeqNr=3512
15:19:54.531 INF Request finished (out of order). clSeqNr=3528
15:19:54.531 INF Request finished (out of order). clSeqNr=3544
15:19:54.531 INF Request finished (out of order). clSeqNr=3560
15:19:54.531 INF Request finished (out of order). clSeqNr=3320
15:19:54.531 INF Request finished (out of order). clSeqNr=3336
15:19:54.531 INF Request finished (out of order). clSeqNr=3352
15:19:54.531 INF Request finished (out of order). clSeqNr=3368
15:19:54.531 INF Request finished (out of order). clSeqNr=3384
15:19:54.531 INF Request finished (out of order). clSeqNr=3400
15:19:54.531 INF Request finished (out of order). clSeqNr=3416
15:19:54.531 INF Request finished (out of order). clSeqNr=3432
15:19:54.539 INF Request finished (out of order). clSeqNr=3449
15:19:54.539 INF Request finished (out of order). clSeqNr=3465
15:19:54.539 INF Request finished (out of order). clSeqNr=3481
15:19:54.539 INF Request finished (out of order). clSeqNr=3497
15:19:54.539 INF Request finished (out of order). clSeqNr=3513
15:19:54.539 INF Request finished (out of order). clSeqNr=3529
15:19:54.539 INF Request finished (out of order). clSeqNr=3545
15:19:54.539 INF Request finished (out of order). clSeqNr=3561
15:19:54.539 INF Request finished (out of order). clSeqNr=3321
15:19:54.545 INF Request finished (out of order). clSeqNr=3337
15:19:54.545 INF Request finished (out of order). clSeqNr=3353
15:19:54.545 INF Request finished (out of order). clSeqNr=3369
15:19:54.545 INF Request finished (out of order). clSeqNr=3385
15:19:54.552 INF Request finished (out of order). clSeqNr=3401
15:19:54.552 INF Request finished (out of order). clSeqNr=3417
15:19:54.552 INF Request finished (out of order). clSeqNr=3433
15:19:54.552 INF Request finished (out of order). clSeqNr=3450
15:19:54.552 INF Request finished (out of order). clSeqNr=3466
15:19:54.552 INF Request finished (out of order). clSeqNr=3482
15:19:54.552 INF Request finished (out of order). clSeqNr=3498
15:19:54.552 INF Request finished (out of order). clSeqNr=3514
15:19:54.552 INF Request finished (out of order). clSeqNr=3530
15:19:54.552 INF Request finished (out of order). clSeqNr=3546
15:19:54.552 INF Request finished (out of order). clSeqNr=3562
15:19:54.552 INF Request finished (out of order). clSeqNr=3578
15:19:54.552 INF Request finished (out of order). clSeqNr=3594
15:19:54.552 INF Request finished (out of order). clSeqNr=3354
15:19:54.552 INF Request finished (out of order). clSeqNr=3370
15:19:54.552 INF Request finished (out of order). clSeqNr=3386
15:19:54.552 INF Request finished (out of order). clSeqNr=3402
15:19:54.552 INF Request finished (out of order). clSeqNr=3418
15:19:54.552 INF Request finished (out of order). clSeqNr=3434
15:19:54.552 INF Request finished (out of order). clSeqNr=3451
15:19:54.552 INF Request finished (out of order). clSeqNr=3467
15:19:54.553 INF Request finished (out of order). clSeqNr=3483
15:19:54.553 INF Request finished (out of order). clSeqNr=3499
15:19:54.553 INF Request finished (out of order). clSeqNr=3515
15:19:54.553 INF Request finished (out of order). clSeqNr=3531
15:19:54.553 INF Request finished (out of order). clSeqNr=3547
15:19:54.553 INF Request finished (out of order). clSeqNr=3563
15:19:54.556 INF Request finished (out of order). clSeqNr=3579
15:19:54.557 INF Request finished (out of order). clSeqNr=3595
15:19:54.557 INF Request finished (out of order). clSeqNr=3355
15:19:54.557 INF Request finished (out of order). clSeqNr=3371
15:19:54.558 INF Request finished (out of order). clSeqNr=3387
15:19:54.558 INF Request finished (out of order). clSeqNr=3403
15:19:54.565 INF Request finished (out of order). clSeqNr=3419
15:19:54.565 INF Request finished (out of order). clSeqNr=3435
15:19:54.565 INF Request finished (out of order). clSeqNr=3452
15:19:54.565 INF Request finished (out of order). clSeqNr=3468
15:19:54.565 INF Request finished (out of order). clSeqNr=3484
15:19:54.565 INF Request finished (out of order). clSeqNr=3500
15:19:54.565 INF Request finished (out of order). clSeqNr=3516
15:19:54.565 INF Request finished (out of order). clSeqNr=3532
15:19:54.565 INF Request finished (out of order). clSeqNr=3548
15:19:54.565 INF Request finished (out of order). clSeqNr=3564
15:19:54.565 INF Request finished (out of order). clSeqNr=3580
15:19:54.565 INF Request finished (out of order). clSeqNr=3596
15:19:54.565 INF Request finished (out of order). clSeqNr=3356
15:19:54.565 INF Request finished (out of order). clSeqNr=3372
15:19:54.565 INF Request finished (out of order). clSeqNr=3388
15:19:54.565 INF Request finished (out of order). clSeqNr=3404
15:19:54.565 INF Request finished (out of order). clSeqNr=3420
15:19:54.565 INF Request finished (out of order). clSeqNr=3436
15:19:54.565 INF Request finished (out of order). clSeqNr=3453
15:19:54.599 INF Request finished (out of order). clSeqNr=3469
15:19:54.599 INF Request finished (out of order). clSeqNr=3485
15:19:54.599 INF Request finished (out of order). clSeqNr=3501
15:19:54.599 INF Request finished (out of order). clSeqNr=3517
15:19:54.599 INF Request finished (out of order). clSeqNr=3533
15:19:54.602 INF Request finished (out of order). clSeqNr=3549
15:19:54.602 INF Request finished (out of order). clSeqNr=3565
15:19:54.603 INF Request finished (out of order). clSeqNr=3581
15:19:54.603 INF Request finished (out of order). clSeqNr=3597
15:19:54.603 INF Request finished (out of order). clSeqNr=3357
15:19:54.603 INF Request finished (out of order). clSeqNr=3373
15:19:54.607 INF Request finished (out of order). clSeqNr=3389
15:19:54.608 INF Request finished (out of order). clSeqNr=3405
15:19:54.608 INF Request finished (out of order). clSeqNr=3421
15:19:54.609 INF Request finished (out of order). clSeqNr=3437
15:19:54.610 INF Request finished (out of order). clSeqNr=3454
15:19:54.610 INF Request finished (out of order). clSeqNr=3470
15:19:54.611 INF Request finished (out of order). clSeqNr=3486
15:19:54.612 INF Request finished (out of order). clSeqNr=3502
15:19:54.612 INF Request finished (out of order). clSeqNr=3518
15:19:54.612 INF Request finished (out of order). clSeqNr=3534
15:19:54.613 INF Request finished (out of order). clSeqNr=3550
15:19:54.613 INF Request finished (out of order). clSeqNr=3566
15:19:54.614 INF Request finished (out of order). clSeqNr=3582
15:19:54.615 INF Request finished (out of order). clSeqNr=3358
15:19:54.615 INF Request finished (out of order). clSeqNr=3374
15:19:54.616 INF Request finished (out of order). clSeqNr=3390
15:19:54.616 INF Request finished (out of order). clSeqNr=3406
15:19:54.617 INF Request finished (out of order). clSeqNr=3422
15:19:54.618 INF Request finished (out of order). clSeqNr=3438
15:19:54.618 INF Request finished (out of order). clSeqNr=3455
15:19:54.619 INF Request finished (out of order). clSeqNr=3471
15:19:54.620 INF Request finished (out of order). clSeqNr=3487
15:19:54.620 INF Request finished (out of order). clSeqNr=3503
15:19:54.621 INF Request finished (out of order). clSeqNr=3519
15:19:54.621 INF Request finished (out of order). clSeqNr=3535
15:19:54.621 INF Request finished (out of order). clSeqNr=3295
15:19:54.622 INF Request finished (out of order). clSeqNr=3551
15:19:54.622 INF Request finished (out of order). clSeqNr=3311
15:19:54.623 INF Request finished (out of order). clSeqNr=3567
15:19:54.623 INF Request finished (out of order). clSeqNr=3327
15:19:54.623 INF Request finished (out of order). clSeqNr=3583
15:19:54.623 INF Request finished (out of order). clSeqNr=3343
15:19:54.623 INF Request finished (out of order). clSeqNr=3359
15:19:54.624 INF Request finished (out of order). clSeqNr=3375
15:19:54.624 INF Request finished (out of order). clSeqNr=3391
15:19:54.625 INF Request finished (out of order). clSeqNr=3407
15:19:54.625 INF Request finished (out of order). clSeqNr=3423
15:19:54.626 INF Request finished (out of order). clSeqNr=3439
15:19:54.626 INF Request finished (out of order). clSeqNr=3456
15:19:54.626 INF Request finished (out of order). clSeqNr=3472
15:19:54.627 INF Request finished (out of order). clSeqNr=3488
15:19:54.627 INF Request finished (out of order). clSeqNr=3504
15:19:54.628 INF Request finished (out of order). clSeqNr=3520
15:19:54.628 INF Request finished (out of order). clSeqNr=3536
15:19:54.629 INF Request finished (out of order). clSeqNr=3552
15:19:54.630 INF Request finished (out of order). clSeqNr=3568
15:19:54.631 INF Request finished (out of order). clSeqNr=3584
15:19:54.631 INF Request finished (out of order). clSeqNr=3344
15:19:54.631 INF Request finished (out of order). clSeqNr=3360
15:19:54.631 INF Request finished (out of order). clSeqNr=3376
15:19:54.631 INF Request finished (out of order). clSeqNr=3392
15:19:54.631 INF Request finished (out of order). clSeqNr=3408
15:19:54.631 INF Request finished (out of order). clSeqNr=3424
15:19:54.631 INF Request finished (out of order). clSeqNr=3440
15:19:54.631 INF Request finished (out of order). clSeqNr=3457
15:19:54.631 INF Request finished (out of order). clSeqNr=3473
15:19:54.631 INF Request finished (out of order). clSeqNr=3489
15:19:54.631 INF Request finished (out of order). clSeqNr=3505
15:19:54.631 INF Request finished (out of order). clSeqNr=3521
15:19:54.632 INF Request finished (out of order). clSeqNr=3537
15:19:54.632 INF Request finished (out of order). clSeqNr=3553
15:19:54.632 INF Request finished (out of order). clSeqNr=3569
15:19:54.632 INF Request finished (out of order). clSeqNr=3585
15:19:54.633 INF Request finished (out of order). clSeqNr=3361
15:19:54.633 INF Request finished (out of order). clSeqNr=3377
15:19:54.634 INF Request finished (out of order). clSeqNr=3393
15:19:54.635 INF Request finished (out of order). clSeqNr=3409
15:19:54.635 INF Request finished (out of order). clSeqNr=3425
15:19:54.636 INF Request finished (out of order). clSeqNr=3441
15:19:57.418 INF Request finished (out of order). clSeqNr=3699
15:19:57.420 INF Request finished (out of order). clSeqNr=3715
15:19:57.420 INF Request finished (out of order). clSeqNr=3731
15:19:57.420 INF Request finished (out of order). clSeqNr=3747
15:19:57.420 INF Request finished (out of order). clSeqNr=3763
15:19:57.421 INF Request finished (out of order). clSeqNr=3779
15:19:57.422 INF Request finished (out of order). clSeqNr=3795
15:19:57.422 INF Request finished (out of order). clSeqNr=3811
15:19:57.422 INF Request finished (out of order). clSeqNr=3571
15:19:57.423 INF Request finished (out of order). clSeqNr=3587
15:19:57.424 INF Request finished (out of order). clSeqNr=3603
15:19:57.424 INF Request finished (out of order). clSeqNr=3619
15:19:57.425 INF Request finished (out of order). clSeqNr=3635
15:19:57.548 INF Request finished (out of order). clSeqNr=3651
15:19:57.548 INF Request finished (out of order). clSeqNr=3667
15:19:57.548 INF Request finished (out of order). clSeqNr=3683
15:19:57.549 INF Request finished (out of order). clSeqNr=3700
15:19:57.549 INF Request finished (out of order). clSeqNr=3716
15:19:57.549 INF Request finished (out of order). clSeqNr=3732
15:19:57.549 INF Request finished (out of order). clSeqNr=3748
15:19:57.549 INF Request finished (out of order). clSeqNr=3764
15:19:57.549 INF Request finished (out of order). clSeqNr=3780
15:19:57.549 INF Request finished (out of order). clSeqNr=3796
15:19:57.549 INF Request finished (out of order). clSeqNr=3812
15:19:57.549 INF Request finished (out of order). clSeqNr=3588
15:19:57.549 INF Request finished (out of order). clSeqNr=3604
15:19:57.549 INF Request finished (out of order). clSeqNr=3620
15:19:57.549 INF Request finished (out of order). clSeqNr=3636
15:19:57.549 INF Request finished (out of order). clSeqNr=3652
15:19:57.549 INF Request finished (out of order). clSeqNr=3668
15:19:57.549 INF Request finished (out of order). clSeqNr=3684
15:19:57.549 INF Request finished (out of order). clSeqNr=3701
15:19:57.549 INF Request finished (out of order). clSeqNr=3717
15:19:57.549 INF Request finished (out of order). clSeqNr=3733
15:19:57.549 INF Request finished (out of order). clSeqNr=3749
15:19:57.549 INF Request finished (out of order). clSeqNr=3765
15:19:57.549 INF Request finished (out of order). clSeqNr=3781
15:19:57.549 INF Request finished (out of order). clSeqNr=3797
15:19:57.549 INF Request finished (out of order). clSeqNr=3813
15:19:57.549 INF Request finished (out of order). clSeqNr=3573
15:19:57.549 INF Request finished (out of order). clSeqNr=3589
15:19:57.549 INF Request finished (out of order). clSeqNr=3605
15:19:57.549 INF Request finished (out of order). clSeqNr=3621
15:19:57.549 INF Request finished (out of order). clSeqNr=3637
15:19:57.549 INF Request finished (out of order). clSeqNr=3653
15:19:57.549 INF Request finished (out of order). clSeqNr=3669
15:19:57.549 INF Request finished (out of order). clSeqNr=3685
15:19:57.550 INF Request finished (out of order). clSeqNr=3702
15:19:57.550 INF Request finished (out of order). clSeqNr=3718
15:19:57.550 INF Request finished (out of order). clSeqNr=3734
15:19:57.550 INF Request finished (out of order). clSeqNr=3750
15:19:57.550 INF Request finished (out of order). clSeqNr=3766
15:19:57.550 INF Request finished (out of order). clSeqNr=3782
15:19:57.550 INF Request finished (out of order). clSeqNr=3798
15:19:57.550 INF Request finished (out of order). clSeqNr=3814
15:19:57.550 INF Request finished (out of order). clSeqNr=3574
15:19:57.550 INF Request finished (out of order). clSeqNr=3590
15:19:57.550 INF Request finished (out of order). clSeqNr=3606
15:19:57.550 INF Request finished (out of order). clSeqNr=3622
15:19:57.550 INF Request finished (out of order). clSeqNr=3638
15:19:57.550 INF Request finished (out of order). clSeqNr=3654
15:19:57.550 INF Request finished (out of order). clSeqNr=3670
15:19:57.550 INF Request finished (out of order). clSeqNr=3686
15:19:57.550 INF Request finished (out of order). clSeqNr=3703
15:19:57.550 INF Request finished (out of order). clSeqNr=3719
15:19:57.550 INF Request finished (out of order). clSeqNr=3735
15:19:57.550 INF Request finished (out of order). clSeqNr=3751
15:19:57.550 INF Request finished (out of order). clSeqNr=3767
15:19:57.550 INF Request finished (out of order). clSeqNr=3783
15:19:57.550 INF Request finished (out of order). clSeqNr=3799
15:19:57.550 INF Request finished (out of order). clSeqNr=3815
15:19:57.550 INF Request finished (out of order). clSeqNr=3575
15:19:57.550 INF Request finished (out of order). clSeqNr=3591
15:19:57.550 INF Request finished (out of order). clSeqNr=3607
15:19:57.550 INF Request finished (out of order). clSeqNr=3623
15:19:57.551 INF Request finished (out of order). clSeqNr=3639
15:19:57.551 INF Request finished (out of order). clSeqNr=3655
15:19:57.551 INF Request finished (out of order). clSeqNr=3671
15:19:57.551 INF Request finished (out of order). clSeqNr=3687
15:19:57.551 INF Request finished (out of order). clSeqNr=3704
15:19:57.551 INF Request finished (out of order). clSeqNr=3720
15:19:57.551 INF Request finished (out of order). clSeqNr=3736
15:19:57.551 INF Request finished (out of order). clSeqNr=3752
15:19:57.551 INF Request finished (out of order). clSeqNr=3768
15:19:57.551 INF Request finished (out of order). clSeqNr=3784
15:19:57.551 INF Request finished (out of order). clSeqNr=3800
15:19:57.551 INF Request finished (out of order). clSeqNr=3816
15:19:57.551 INF Request finished (out of order). clSeqNr=3576
15:19:57.551 INF Request finished (out of order). clSeqNr=3592
15:19:57.551 INF Request finished (out of order). clSeqNr=3608
15:19:57.551 INF Request finished (out of order). clSeqNr=3624
15:19:57.551 INF Request finished (out of order). clSeqNr=3640
15:19:57.551 INF Request finished (out of order). clSeqNr=3656
15:19:57.551 INF Request finished (out of order). clSeqNr=3672
15:19:57.551 INF Request finished (out of order). clSeqNr=3688
15:19:57.551 INF Request finished (out of order). clSeqNr=3705
15:19:57.551 INF Request finished (out of order). clSeqNr=3721
15:19:57.551 INF Request finished (out of order). clSeqNr=3737
15:19:57.551 INF Request finished (out of order). clSeqNr=3753
15:19:57.551 INF Request finished (out of order). clSeqNr=3769
15:19:57.551 INF Request finished (out of order). clSeqNr=3785
15:19:57.551 INF Request finished (out of order). clSeqNr=3801
15:19:57.551 INF Request finished (out of order). clSeqNr=3817
15:19:57.551 INF Request finished (out of order). clSeqNr=3577
15:19:57.551 INF Request finished (out of order). clSeqNr=3593
15:19:57.551 INF Request finished (out of order). clSeqNr=3609
15:19:57.551 INF Request finished (out of order). clSeqNr=3625
15:19:57.551 INF Request finished (out of order). clSeqNr=3641
15:19:57.551 INF Request finished (out of order). clSeqNr=3657
15:19:57.551 INF Request finished (out of order). clSeqNr=3673
15:19:57.551 INF Request finished (out of order). clSeqNr=3689
15:19:57.552 INF Request finished (out of order). clSeqNr=3706
15:19:57.552 INF Request finished (out of order). clSeqNr=3722
15:19:57.552 INF Request finished (out of order). clSeqNr=3738
15:19:57.552 INF Request finished (out of order). clSeqNr=3754
15:19:57.552 INF Request finished (out of order). clSeqNr=3770
15:19:57.552 INF Request finished (out of order). clSeqNr=3786
15:19:57.552 INF Request finished (out of order). clSeqNr=3802
15:19:57.552 INF Request finished (out of order). clSeqNr=3818
15:19:57.552 INF Request finished (out of order). clSeqNr=3834
15:19:57.552 INF Request finished (out of order). clSeqNr=3850
15:19:57.552 INF Request finished (out of order). clSeqNr=3610
15:19:57.552 INF Request finished (out of order). clSeqNr=3626
15:19:57.552 INF Request finished (out of order). clSeqNr=3642
15:19:57.552 INF Request finished (out of order). clSeqNr=3658
15:19:57.552 INF Request finished (out of order). clSeqNr=3674
15:19:57.552 INF Request finished (out of order). clSeqNr=3690
15:19:57.552 INF Request finished (out of order). clSeqNr=3707
15:19:57.552 INF Request finished (out of order). clSeqNr=3723
15:19:57.552 INF Request finished (out of order). clSeqNr=3739
15:19:57.552 INF Request finished (out of order). clSeqNr=3755
15:19:57.552 INF Request finished (out of order). clSeqNr=3771
15:19:57.552 INF Request finished (out of order). clSeqNr=3787
15:19:57.552 INF Request finished (out of order). clSeqNr=3803
15:19:57.552 INF Request finished (out of order). clSeqNr=3819
15:19:57.553 INF Request finished (out of order). clSeqNr=3835
15:19:57.553 INF Request finished (out of order). clSeqNr=3851
15:19:57.553 INF Request finished (out of order). clSeqNr=3611
15:19:57.553 INF Request finished (out of order). clSeqNr=3627
15:19:57.553 INF Request finished (out of order). clSeqNr=3643
15:19:57.553 INF Request finished (out of order). clSeqNr=3659
15:19:57.553 INF Request finished (out of order). clSeqNr=3675
15:19:57.553 INF Request finished (out of order). clSeqNr=3691
15:19:57.553 INF Request finished (out of order). clSeqNr=3708
15:19:57.553 INF Request finished (out of order). clSeqNr=3724
15:19:57.553 INF Request finished (out of order). clSeqNr=3740
15:19:57.553 INF Request finished (out of order). clSeqNr=3756
15:19:57.553 INF Request finished (out of order). clSeqNr=3772
15:19:57.553 INF Request finished (out of order). clSeqNr=3788
15:19:57.553 INF Request finished (out of order). clSeqNr=3804
15:19:57.553 INF Request finished (out of order). clSeqNr=3820
15:19:57.553 INF Request finished (out of order). clSeqNr=3836
15:19:57.553 INF Request finished (out of order). clSeqNr=3852
15:19:57.553 INF Request finished (out of order). clSeqNr=3612
15:19:57.553 INF Request finished (out of order). clSeqNr=3628
15:19:57.553 INF Request finished (out of order). clSeqNr=3644
15:19:57.553 INF Request finished (out of order). clSeqNr=3660
15:19:57.553 INF Request finished (out of order). clSeqNr=3676
15:19:57.554 INF Request finished (out of order). clSeqNr=3692
15:19:57.554 INF Request finished (out of order). clSeqNr=3709
15:19:57.554 INF Request finished (out of order). clSeqNr=3725
15:19:57.554 INF Request finished (out of order). clSeqNr=3741
15:19:57.554 INF Request finished (out of order). clSeqNr=3757
15:19:57.554 INF Request finished (out of order). clSeqNr=3773
15:19:57.554 INF Request finished (out of order). clSeqNr=3789
15:19:57.554 INF Request finished (out of order). clSeqNr=3805
15:19:57.554 INF Request finished (out of order). clSeqNr=3821
15:19:57.554 INF Request finished (out of order). clSeqNr=3837
15:19:57.554 INF Request finished (out of order). clSeqNr=3853
15:19:57.554 INF Request finished (out of order). clSeqNr=3613
15:19:57.554 INF Request finished (out of order). clSeqNr=3629
15:19:57.554 INF Request finished (out of order). clSeqNr=3645
15:19:57.554 INF Request finished (out of order). clSeqNr=3661
15:19:57.554 INF Request finished (out of order). clSeqNr=3677
15:19:57.554 INF Request finished (out of order). clSeqNr=3693
15:19:57.554 INF Request finished (out of order). clSeqNr=3710
15:19:57.554 INF Request finished (out of order). clSeqNr=3726
15:19:57.554 INF Request finished (out of order). clSeqNr=3742
15:19:57.554 INF Request finished (out of order). clSeqNr=3758
15:19:57.554 INF Request finished (out of order). clSeqNr=3774
15:19:57.554 INF Request finished (out of order). clSeqNr=3790
15:19:57.554 INF Request finished (out of order). clSeqNr=3806
15:19:57.554 INF Request finished (out of order). clSeqNr=3822
15:19:57.554 INF Request finished (out of order). clSeqNr=3838
15:19:57.554 INF Request finished (out of order). clSeqNr=3598
15:19:57.554 INF Request finished (out of order). clSeqNr=3614
15:19:57.554 INF Request finished (out of order). clSeqNr=3630
15:19:57.554 INF Request finished (out of order). clSeqNr=3646
15:19:57.554 INF Request finished (out of order). clSeqNr=3662
15:19:57.554 INF Request finished (out of order). clSeqNr=3678
15:19:57.554 INF Request finished (out of order). clSeqNr=3694
15:19:57.554 INF Request finished (out of order). clSeqNr=3711
15:19:57.554 INF Request finished (out of order). clSeqNr=3727
15:19:57.554 INF Request finished (out of order). clSeqNr=3743
15:19:57.554 INF Request finished (out of order). clSeqNr=3759
15:19:57.554 INF Request finished (out of order). clSeqNr=3775
15:19:57.555 INF Request finished (out of order). clSeqNr=3791
15:19:57.555 INF Request finished (out of order). clSeqNr=3807
15:19:57.555 INF Request finished (out of order). clSeqNr=3823
15:19:57.555 INF Request finished (out of order). clSeqNr=3839
15:19:57.555 INF Request finished (out of order). clSeqNr=3599
15:19:57.555 INF Request finished (out of order). clSeqNr=3855
15:19:57.555 INF Request finished (out of order). clSeqNr=3615
15:19:57.555 INF Request finished (out of order). clSeqNr=3631
15:19:57.555 INF Request finished (out of order). clSeqNr=3647
15:19:57.555 INF Request finished (out of order). clSeqNr=3663
15:19:57.555 INF Request finished (out of order). clSeqNr=3679
15:19:57.555 INF Request finished (out of order). clSeqNr=3695
15:19:57.555 INF Request finished (out of order). clSeqNr=3712
15:19:57.555 INF Request finished (out of order). clSeqNr=3728
15:19:57.555 INF Request finished (out of order). clSeqNr=3744
15:19:57.555 INF Request finished (out of order). clSeqNr=3760
15:19:57.555 INF Request finished (out of order). clSeqNr=3776
15:19:57.555 INF Request finished (out of order). clSeqNr=3792
15:19:57.555 INF Request finished (out of order). clSeqNr=3808
15:19:57.555 INF Request finished (out of order). clSeqNr=3824
15:19:57.555 INF Request finished (out of order). clSeqNr=3840
15:19:57.555 INF Request finished (out of order). clSeqNr=3600
15:19:57.555 INF Request finished (out of order). clSeqNr=3616
15:19:57.555 INF Request finished (out of order). clSeqNr=3632
15:19:57.555 INF Request finished (out of order). clSeqNr=3648
15:19:57.555 INF Request finished (out of order). clSeqNr=3664
15:19:57.555 INF Request finished (out of order). clSeqNr=3680
15:19:57.555 INF Request finished (out of order). clSeqNr=3696
15:19:57.555 INF Request finished (out of order). clSeqNr=3713
15:19:57.555 INF Request finished (out of order). clSeqNr=3729
15:19:57.556 INF Request finished (out of order). clSeqNr=3745
15:19:57.556 INF Request finished (out of order). clSeqNr=3761
15:19:57.556 INF Request finished (out of order). clSeqNr=3777
15:19:57.556 INF Request finished (out of order). clSeqNr=3793
15:19:57.556 INF Request finished (out of order). clSeqNr=3809
15:19:57.556 INF Request finished (out of order). clSeqNr=3825
15:19:57.556 INF Request finished (out of order). clSeqNr=3841
15:19:57.556 INF Request finished (out of order). clSeqNr=3601
15:19:57.557 INF Request finished (out of order). clSeqNr=3617
15:19:57.557 INF Request finished (out of order). clSeqNr=3633
15:19:57.557 INF Request finished (out of order). clSeqNr=3649
15:19:57.557 INF Request finished (out of order). clSeqNr=3665
15:19:57.557 INF Request finished (out of order). clSeqNr=3681
15:19:57.557 INF Request finished (out of order). clSeqNr=3697
15:19:57.557 INF Request finished (out of order). clSeqNr=1906
15:19:57.557 INF Request finished (out of order). clSeqNr=1922
15:19:57.557 INF Request finished (out of order). clSeqNr=1938
15:19:57.558 INF Request finished (out of order). clSeqNr=1954
15:19:57.562 INF Request finished (out of order). clSeqNr=1970
15:19:57.562 INF Request finished (out of order). clSeqNr=1986
15:19:57.562 INF Request finished (out of order). clSeqNr=2002
15:19:57.562 INF Request finished (out of order). clSeqNr=2018
15:19:57.562 INF Request finished (out of order). clSeqNr=2034
15:19:57.567 INF Request finished (out of order). clSeqNr=2050
15:19:57.567 INF Request finished (out of order). clSeqNr=1810
15:19:57.567 INF Request delivered (in order). clSeqNr=1810
15:19:57.567 INF Request delivered (in order). clSeqNr=1811
15:19:57.567 INF Request delivered (in order). clSeqNr=1812
15:19:57.567 INF Request delivered (in order). clSeqNr=1813
15:19:57.567 INF Request delivered (in order). clSeqNr=1814
15:19:57.567 INF Request delivered (in order). clSeqNr=1815
15:19:57.567 INF Request delivered (in order). clSeqNr=1816
15:19:57.567 INF Request delivered (in order). clSeqNr=1817
15:19:57.567 INF Request delivered (in order). clSeqNr=1818
15:19:57.567 INF Request delivered (in order). clSeqNr=1819
15:19:57.567 INF Request delivered (in order). clSeqNr=1820
15:19:57.567 INF Request delivered (in order). clSeqNr=1821
15:19:57.567 INF Request delivered (in order). clSeqNr=1822
15:19:57.567 INF Request delivered (in order). clSeqNr=1823
15:19:57.567 INF Request delivered (in order). clSeqNr=1824
15:19:57.567 INF Request delivered (in order). clSeqNr=1825
15:19:57.567 INF Request finished (out of order). clSeqNr=1826
15:19:57.567 INF Request delivered (in order). clSeqNr=1826
15:19:57.567 INF Request delivered (in order). clSeqNr=1827
15:19:57.568 INF Request delivered (in order). clSeqNr=1828
15:19:57.568 INF Request delivered (in order). clSeqNr=1829
15:19:57.568 INF Request delivered (in order). clSeqNr=1830
15:19:57.568 INF Request delivered (in order). clSeqNr=1831
15:19:57.568 INF Request delivered (in order). clSeqNr=1832
15:19:57.568 INF Request delivered (in order). clSeqNr=1833
15:19:57.568 INF Request delivered (in order). clSeqNr=1834
15:19:57.568 INF Request delivered (in order). clSeqNr=1835
15:19:57.568 INF Request delivered (in order). clSeqNr=1836
15:19:57.568 INF Request delivered (in order). clSeqNr=1837
15:19:57.568 INF Request delivered (in order). clSeqNr=1838
15:19:57.568 INF Request delivered (in order). clSeqNr=1839
15:19:57.568 INF Request delivered (in order). clSeqNr=1840
15:19:57.568 INF Request delivered (in order). clSeqNr=1841
15:19:57.568 INF Request finished (out of order). clSeqNr=1842
15:19:57.568 INF Request delivered (in order). clSeqNr=1842
15:19:57.568 INF Request delivered (in order). clSeqNr=1843
15:19:57.568 INF Request delivered (in order). clSeqNr=1844
15:19:57.568 INF Request delivered (in order). clSeqNr=1845
15:19:57.568 INF Request delivered (in order). clSeqNr=1846
15:19:57.568 INF Request delivered (in order). clSeqNr=1847
15:19:57.568 INF Request delivered (in order). clSeqNr=1848
15:19:57.568 INF Request delivered (in order). clSeqNr=1849
15:19:57.568 INF Request delivered (in order). clSeqNr=1850
15:19:57.568 INF Request delivered (in order). clSeqNr=1851
15:19:57.568 INF Request delivered (in order). clSeqNr=1852
15:19:57.568 INF Request delivered (in order). clSeqNr=1853
15:19:57.568 INF Request delivered (in order). clSeqNr=1854
15:19:57.568 INF Request delivered (in order). clSeqNr=1855
15:19:57.568 INF Request delivered (in order). clSeqNr=1856
15:19:57.568 INF Request delivered (in order). clSeqNr=1857
15:19:57.568 INF Request finished (out of order). clSeqNr=1858
15:19:57.568 INF Request delivered (in order). clSeqNr=1858
15:19:57.568 INF Request delivered (in order). clSeqNr=1859
15:19:57.568 INF Request delivered (in order). clSeqNr=1860
15:19:57.568 INF Request delivered (in order). clSeqNr=1861
15:19:57.568 INF Request delivered (in order). clSeqNr=1862
15:19:57.568 INF Request delivered (in order). clSeqNr=1863
15:19:57.568 INF Request delivered (in order). clSeqNr=1864
15:19:57.568 INF Request delivered (in order). clSeqNr=1865
15:19:57.568 INF Request delivered (in order). clSeqNr=1866
15:19:57.568 INF Request delivered (in order). clSeqNr=1867
15:19:57.568 INF Request delivered (in order). clSeqNr=1868
15:19:57.568 INF Request delivered (in order). clSeqNr=1869
15:19:57.568 INF Request delivered (in order). clSeqNr=1870
15:19:57.568 INF Request delivered (in order). clSeqNr=1871
15:19:57.568 INF Request delivered (in order). clSeqNr=1872
15:19:57.568 INF Request delivered (in order). clSeqNr=1873
15:19:57.568 INF Request finished (out of order). clSeqNr=1874
15:19:57.568 INF Request delivered (in order). clSeqNr=1874
15:19:57.568 INF Request delivered (in order). clSeqNr=1875
15:19:57.568 INF Request delivered (in order). clSeqNr=1876
15:19:57.568 INF Request delivered (in order). clSeqNr=1877
15:19:57.568 INF Request delivered (in order). clSeqNr=1878
15:19:57.568 INF Request delivered (in order). clSeqNr=1879
15:19:57.569 INF Request delivered (in order). clSeqNr=1880
15:19:57.569 INF Request delivered (in order). clSeqNr=1881
15:19:57.569 INF Request delivered (in order). clSeqNr=1882
15:19:57.569 INF Request delivered (in order). clSeqNr=1883
15:19:57.569 INF Request delivered (in order). clSeqNr=1884
15:19:57.569 INF Request delivered (in order). clSeqNr=1885
15:19:57.569 INF Request delivered (in order). clSeqNr=1886
15:19:57.569 INF Request delivered (in order). clSeqNr=1887
15:19:57.569 INF Request delivered (in order). clSeqNr=1888
15:19:57.569 INF Request delivered (in order). clSeqNr=1889
15:19:57.569 INF Request finished (out of order). clSeqNr=1890
15:19:57.569 INF Request delivered (in order). clSeqNr=1890
15:19:57.569 INF Request delivered (in order). clSeqNr=1891
15:19:57.569 INF Request delivered (in order). clSeqNr=1892
15:19:57.569 INF Request delivered (in order). clSeqNr=1893
15:19:57.569 INF Request delivered (in order). clSeqNr=1894
15:19:57.569 INF Request delivered (in order). clSeqNr=1895
15:19:57.569 INF Request delivered (in order). clSeqNr=1896
15:19:57.569 INF Request delivered (in order). clSeqNr=1897
15:19:57.569 INF Request delivered (in order). clSeqNr=1898
15:19:57.569 INF Request delivered (in order). clSeqNr=1899
15:19:57.569 INF Request delivered (in order). clSeqNr=1900
15:19:57.569 INF Request delivered (in order). clSeqNr=1901
15:19:57.569 INF Request delivered (in order). clSeqNr=1902
15:19:57.569 INF Request delivered (in order). clSeqNr=1903
15:19:57.569 INF Request delivered (in order). clSeqNr=1904
15:19:57.569 INF Request delivered (in order). clSeqNr=1905
15:19:57.569 INF Request delivered (in order). clSeqNr=1906
15:19:57.569 INF Request delivered (in order). clSeqNr=1907
15:19:57.569 INF Request delivered (in order). clSeqNr=1908
15:19:57.569 INF Request delivered (in order). clSeqNr=1909
15:19:57.569 INF Request delivered (in order). clSeqNr=1910
15:19:57.569 INF Request delivered (in order). clSeqNr=1911
15:19:57.569 INF Request delivered (in order). clSeqNr=1912
15:19:57.569 INF Request delivered (in order). clSeqNr=1913
15:19:57.569 INF Request delivered (in order). clSeqNr=1914
15:19:57.569 INF Request delivered (in order). clSeqNr=1915
15:19:57.569 INF Request delivered (in order). clSeqNr=1916
15:19:57.569 INF Request delivered (in order). clSeqNr=1917
15:19:57.569 INF Request delivered (in order). clSeqNr=1918
15:19:57.569 INF Request delivered (in order). clSeqNr=1919
15:19:57.569 INF Request delivered (in order). clSeqNr=1920
15:19:57.569 INF Request delivered (in order). clSeqNr=1921
15:19:57.569 INF Request delivered (in order). clSeqNr=1922
15:19:57.569 INF Request delivered (in order). clSeqNr=1923
15:19:57.569 INF Request delivered (in order). clSeqNr=1924
15:19:57.569 INF Request delivered (in order). clSeqNr=1925
15:19:57.569 INF Request delivered (in order). clSeqNr=1926
15:19:57.569 INF Request delivered (in order). clSeqNr=1927
15:19:57.569 INF Request delivered (in order). clSeqNr=1928
15:19:57.569 INF Request delivered (in order). clSeqNr=1929
15:19:57.569 INF Request delivered (in order). clSeqNr=1930
15:19:57.569 INF Request delivered (in order). clSeqNr=1931
15:19:57.569 INF Request delivered (in order). clSeqNr=1932
15:19:57.569 INF Request delivered (in order). clSeqNr=1933
15:19:57.569 INF Request delivered (in order). clSeqNr=1934
15:19:57.569 INF Request delivered (in order). clSeqNr=1935
15:19:57.569 INF Request delivered (in order). clSeqNr=1936
15:19:57.569 INF Request delivered (in order). clSeqNr=1937
15:19:57.569 INF Request delivered (in order). clSeqNr=1938
15:19:57.569 INF Request delivered (in order). clSeqNr=1939
15:19:57.569 INF Request delivered (in order). clSeqNr=1940
15:19:57.570 INF Request delivered (in order). clSeqNr=1941
15:19:57.570 INF Request delivered (in order). clSeqNr=1942
15:19:57.570 INF Request delivered (in order). clSeqNr=1943
15:19:57.570 INF Request delivered (in order). clSeqNr=1944
15:19:57.570 INF Request delivered (in order). clSeqNr=1945
15:19:57.570 INF Request delivered (in order). clSeqNr=1946
15:19:57.570 INF Request delivered (in order). clSeqNr=1947
15:19:57.570 INF Request delivered (in order). clSeqNr=1948
15:19:57.570 INF Request delivered (in order). clSeqNr=1949
15:19:57.570 INF Request delivered (in order). clSeqNr=1950
15:19:57.570 INF Request delivered (in order). clSeqNr=1951
15:19:57.570 INF Request delivered (in order). clSeqNr=1952
15:19:57.570 INF Request delivered (in order). clSeqNr=1953
15:19:57.570 INF Request delivered (in order). clSeqNr=1954
15:19:57.570 INF Request delivered (in order). clSeqNr=1955
15:19:57.570 INF Request delivered (in order). clSeqNr=1956
15:19:57.570 INF Request delivered (in order). clSeqNr=1957
15:19:57.570 INF Request delivered (in order). clSeqNr=1958
15:19:57.570 INF Request delivered (in order). clSeqNr=1959
15:19:57.570 INF Request delivered (in order). clSeqNr=1960
15:19:57.570 INF Request delivered (in order). clSeqNr=1961
15:19:57.570 INF Request delivered (in order). clSeqNr=1962
15:19:57.570 INF Request delivered (in order). clSeqNr=1963
15:19:57.570 INF Request delivered (in order). clSeqNr=1964
15:19:57.570 INF Request delivered (in order). clSeqNr=1965
15:19:57.570 INF Request delivered (in order). clSeqNr=1966
15:19:57.570 INF Request delivered (in order). clSeqNr=1967
15:19:57.570 INF Request delivered (in order). clSeqNr=1968
15:19:57.570 INF Request delivered (in order). clSeqNr=1969
15:19:57.570 INF Request delivered (in order). clSeqNr=1970
15:19:57.570 INF Request delivered (in order). clSeqNr=1971
15:19:57.570 INF Request delivered (in order). clSeqNr=1972
15:19:57.570 INF Request delivered (in order). clSeqNr=1973
15:19:57.570 INF Request delivered (in order). clSeqNr=1974
15:19:57.570 INF Request delivered (in order). clSeqNr=1975
15:19:57.570 INF Request delivered (in order). clSeqNr=1976
15:19:57.570 INF Request delivered (in order). clSeqNr=1977
15:19:57.570 INF Request delivered (in order). clSeqNr=1978
15:19:57.570 INF Request delivered (in order). clSeqNr=1979
15:19:57.570 INF Request delivered (in order). clSeqNr=1980
15:19:57.570 INF Request delivered (in order). clSeqNr=1981
15:19:57.570 INF Request delivered (in order). clSeqNr=1982
15:19:57.570 INF Request delivered (in order). clSeqNr=1983
15:19:57.570 INF Request delivered (in order). clSeqNr=1984
15:19:57.570 INF Request delivered (in order). clSeqNr=1985
15:19:57.570 INF Request delivered (in order). clSeqNr=1986
15:19:57.570 INF Request delivered (in order). clSeqNr=1987
15:19:57.570 INF Request delivered (in order). clSeqNr=1988
15:19:57.570 INF Request delivered (in order). clSeqNr=1989
15:19:57.570 INF Request delivered (in order). clSeqNr=1990
15:19:57.570 INF Request delivered (in order). clSeqNr=1991
15:19:57.570 INF Request delivered (in order). clSeqNr=1992
15:19:57.570 INF Request delivered (in order). clSeqNr=1993
15:19:57.570 INF Request delivered (in order). clSeqNr=1994
15:19:57.570 INF Request delivered (in order). clSeqNr=1995
15:19:57.570 INF Request delivered (in order). clSeqNr=1996
15:19:57.570 INF Request delivered (in order). clSeqNr=1997
15:19:57.570 INF Request delivered (in order). clSeqNr=1998
15:19:57.570 INF Request delivered (in order). clSeqNr=1999
15:19:57.570 INF Request delivered (in order). clSeqNr=2000
15:19:57.571 INF Request delivered (in order). clSeqNr=2001
15:19:57.571 INF Request delivered (in order). clSeqNr=2002
15:19:57.571 INF Request delivered (in order). clSeqNr=2003
15:19:57.571 INF Request delivered (in order). clSeqNr=2004
15:19:57.571 INF Request delivered (in order). clSeqNr=2005
15:19:57.571 INF Request delivered (in order). clSeqNr=2006
15:19:57.571 INF Request delivered (in order). clSeqNr=2007
15:19:57.571 INF Request delivered (in order). clSeqNr=2008
15:19:57.571 INF Request delivered (in order). clSeqNr=2009
15:19:57.571 INF Request delivered (in order). clSeqNr=2010
15:19:57.571 INF Request delivered (in order). clSeqNr=2011
15:19:57.571 INF Request delivered (in order). clSeqNr=2012
15:19:57.571 INF Request delivered (in order). clSeqNr=2013
15:19:57.571 INF Request delivered (in order). clSeqNr=2014
15:19:57.571 INF Request delivered (in order). clSeqNr=2015
15:19:57.571 INF Request delivered (in order). clSeqNr=2016
15:19:57.571 INF Request delivered (in order). clSeqNr=2017
15:19:57.571 INF Request delivered (in order). clSeqNr=2018
15:19:57.571 INF Request delivered (in order). clSeqNr=2019
15:19:57.571 INF Request delivered (in order). clSeqNr=2020
15:19:57.571 INF Request delivered (in order). clSeqNr=2021
15:19:57.571 INF Request delivered (in order). clSeqNr=2022
15:19:57.571 INF Request delivered (in order). clSeqNr=2023
15:19:57.571 INF Request delivered (in order). clSeqNr=2024
15:19:57.571 INF Request delivered (in order). clSeqNr=2025
15:19:57.571 INF Request delivered (in order). clSeqNr=2026
15:19:57.571 INF Request delivered (in order). clSeqNr=2027
15:19:57.571 INF Request delivered (in order). clSeqNr=2028
15:19:57.571 INF Request delivered (in order). clSeqNr=2029
15:19:57.571 INF Request delivered (in order). clSeqNr=2030
15:19:57.571 INF Request delivered (in order). clSeqNr=2031
15:19:57.571 INF Request delivered (in order). clSeqNr=2032
15:19:57.571 INF Request delivered (in order). clSeqNr=2033
15:19:57.571 INF Request delivered (in order). clSeqNr=2034
15:19:57.571 INF Request delivered (in order). clSeqNr=2035
15:19:57.571 INF Request delivered (in order). clSeqNr=2036
15:19:57.571 INF Request delivered (in order). clSeqNr=2037
15:19:57.571 INF Request delivered (in order). clSeqNr=2038
15:19:57.571 INF Request delivered (in order). clSeqNr=2039
15:19:57.571 INF Request delivered (in order). clSeqNr=2040
15:19:57.571 INF Request delivered (in order). clSeqNr=2041
15:19:57.571 INF Request delivered (in order). clSeqNr=2042
15:19:57.571 INF Request delivered (in order). clSeqNr=2043
15:19:57.571 INF Request delivered (in order). clSeqNr=2044
15:19:57.571 INF Request delivered (in order). clSeqNr=2045
15:19:57.571 INF Request delivered (in order). clSeqNr=2046
15:19:57.571 INF Request delivered (in order). clSeqNr=2047
15:19:57.571 INF Request delivered (in order). clSeqNr=2048
15:19:57.571 INF Request delivered (in order). clSeqNr=2049
15:19:57.571 INF Request delivered (in order). clSeqNr=2050
15:19:57.571 INF Request delivered (in order). clSeqNr=2051
15:19:57.571 INF Request delivered (in order). clSeqNr=2052
15:19:57.571 INF Request delivered (in order). clSeqNr=2053
15:19:57.571 INF Request delivered (in order). clSeqNr=2054
15:19:57.571 INF Request delivered (in order). clSeqNr=2055
15:19:57.571 INF Request delivered (in order). clSeqNr=2056
15:19:57.571 INF Request delivered (in order). clSeqNr=2057
15:19:57.571 INF Request delivered (in order). clSeqNr=2058
15:19:57.571 INF Request delivered (in order). clSeqNr=2059
15:19:57.571 INF Request delivered (in order). clSeqNr=2060
15:19:57.572 INF Request delivered (in order). clSeqNr=2061
15:19:57.572 INF Request delivered (in order). clSeqNr=2062
15:19:57.572 INF Request delivered (in order). clSeqNr=2063
15:19:57.572 INF Request delivered (in order). clSeqNr=2064
15:19:57.572 INF Request delivered (in order). clSeqNr=2065
15:19:57.572 INF Request finished (out of order). clSeqNr=3955
15:19:57.572 INF Request finished (out of order). clSeqNr=3971
15:19:57.572 INF Request finished (out of order). clSeqNr=3987
15:19:57.572 INF Request finished (out of order). clSeqNr=4003
15:19:57.652 INF Request finished (out of order). clSeqNr=4019
15:19:57.652 INF Request finished (out of order). clSeqNr=4035
15:19:57.652 INF Request finished (out of order). clSeqNr=4051
15:19:57.652 INF Request finished (out of order). clSeqNr=4067
15:19:57.652 INF Request finished (out of order). clSeqNr=3827
15:19:57.652 INF Request finished (out of order). clSeqNr=4083
15:19:57.653 INF Request finished (out of order). clSeqNr=3843
15:19:57.653 INF Request finished (out of order). clSeqNr=3859
15:19:57.653 INF Request finished (out of order). clSeqNr=3875
15:19:57.653 INF Request finished (out of order). clSeqNr=3891
15:19:57.653 INF Request finished (out of order). clSeqNr=3907
15:19:57.653 INF Request finished (out of order). clSeqNr=3923
15:19:57.653 INF Request finished (out of order). clSeqNr=3939
15:19:57.653 INF Request finished (out of order). clSeqNr=3956
15:19:57.653 INF Request finished (out of order). clSeqNr=3972
15:19:57.653 INF Request finished (out of order). clSeqNr=3988
15:19:57.653 INF Request finished (out of order). clSeqNr=4004
15:19:57.653 INF Request finished (out of order). clSeqNr=4020
15:19:57.653 INF Request finished (out of order). clSeqNr=4036
15:19:57.653 INF Request finished (out of order). clSeqNr=4052
15:19:57.653 INF Request finished (out of order). clSeqNr=4068
15:19:57.653 INF Request finished (out of order). clSeqNr=3828
15:19:57.653 INF Request finished (out of order). clSeqNr=4084
15:19:57.653 INF Request finished (out of order). clSeqNr=3844
15:19:57.653 INF Request finished (out of order). clSeqNr=3860
15:19:57.653 INF Request finished (out of order). clSeqNr=3876
15:19:57.653 INF Request finished (out of order). clSeqNr=3892
15:19:57.653 INF Request finished (out of order). clSeqNr=3908
15:19:57.653 INF Request finished (out of order). clSeqNr=3924
15:19:57.653 INF Request finished (out of order). clSeqNr=3940
15:19:57.653 INF Request finished (out of order). clSeqNr=3957
15:19:57.653 INF Request finished (out of order). clSeqNr=3973
15:19:57.653 INF Request finished (out of order). clSeqNr=3989
15:19:57.653 INF Request finished (out of order). clSeqNr=4005
15:19:57.653 INF Request finished (out of order). clSeqNr=4021
15:19:57.653 INF Request finished (out of order). clSeqNr=4037
15:19:57.653 INF Request finished (out of order). clSeqNr=4053
15:19:57.653 INF Request finished (out of order). clSeqNr=4069
15:19:57.653 INF Request finished (out of order). clSeqNr=3829
15:19:57.653 INF Request finished (out of order). clSeqNr=4085
15:19:57.653 INF Request finished (out of order). clSeqNr=3845
15:19:57.653 INF Request finished (out of order). clSeqNr=3861
15:19:57.653 INF Request finished (out of order). clSeqNr=3877
15:19:57.653 INF Request finished (out of order). clSeqNr=3893
15:19:57.653 INF Request finished (out of order). clSeqNr=3909
15:19:57.653 INF Request finished (out of order). clSeqNr=3925
15:19:57.653 INF Request finished (out of order). clSeqNr=3941
15:19:59.214 INF Request finished (out of order). clSeqNr=3958
15:19:59.215 INF Request finished (out of order). clSeqNr=3974
15:19:59.215 INF Request finished (out of order). clSeqNr=3990
15:19:59.216 INF Request finished (out of order). clSeqNr=4006
15:19:59.216 INF Request finished (out of order). clSeqNr=4022
15:19:59.217 INF Request finished (out of order). clSeqNr=4038
15:19:59.218 INF Request finished (out of order). clSeqNr=4054
15:19:59.218 INF Request finished (out of order). clSeqNr=4070
15:19:59.218 INF Request finished (out of order). clSeqNr=3830
15:19:59.219 INF Request finished (out of order). clSeqNr=4086
15:19:59.222 INF Request finished (out of order). clSeqNr=3846
15:19:59.239 INF Request finished (out of order). clSeqNr=3862
15:19:59.294 INF Request finished (out of order). clSeqNr=3878
15:19:59.294 INF Request finished (out of order). clSeqNr=3894
15:19:59.294 INF Request finished (out of order). clSeqNr=3910
15:19:59.294 INF Request finished (out of order). clSeqNr=3926
15:19:59.294 INF Request finished (out of order). clSeqNr=3942
15:19:59.463 INF Request finished (out of order). clSeqNr=3959
15:19:59.464 INF Request finished (out of order). clSeqNr=3975
15:19:59.464 INF Request finished (out of order). clSeqNr=3991
15:19:59.465 INF Request finished (out of order). clSeqNr=4007
15:19:59.466 INF Request finished (out of order). clSeqNr=4023
15:19:59.466 INF Request finished (out of order). clSeqNr=4039
15:19:59.467 INF Request finished (out of order). clSeqNr=4055
15:19:59.468 INF Request finished (out of order). clSeqNr=4071
15:19:59.468 INF Request finished (out of order). clSeqNr=3831
15:19:59.468 INF Request finished (out of order). clSeqNr=4087
15:19:59.468 INF Request finished (out of order). clSeqNr=3847
15:19:59.469 INF Request finished (out of order). clSeqNr=3863
15:19:59.470 INF Request finished (out of order). clSeqNr=3879
15:19:59.470 INF Request finished (out of order). clSeqNr=3895
15:19:59.471 INF Request finished (out of order). clSeqNr=3911
15:19:59.472 INF Request finished (out of order). clSeqNr=3927
15:19:59.472 INF Request finished (out of order). clSeqNr=3943
15:19:59.473 INF Request finished (out of order). clSeqNr=3960
15:19:59.473 INF Request finished (out of order). clSeqNr=3976
15:19:59.474 INF Request finished (out of order). clSeqNr=3992
15:19:59.475 INF Request finished (out of order). clSeqNr=4008
15:19:59.475 INF Request finished (out of order). clSeqNr=4024
15:19:59.488 INF Request finished (out of order). clSeqNr=4040
15:19:59.493 INF Request finished (out of order). clSeqNr=4056
15:19:59.495 INF Request finished (out of order). clSeqNr=4072
15:19:59.495 INF Request finished (out of order). clSeqNr=3832
15:19:59.495 INF Request finished (out of order). clSeqNr=4088
15:19:59.495 INF Request finished (out of order). clSeqNr=3848
15:19:59.497 INF Request finished (out of order). clSeqNr=3864
15:19:59.497 INF Request finished (out of order). clSeqNr=3880
15:19:59.497 INF Request finished (out of order). clSeqNr=3896
15:19:59.497 INF Request finished (out of order). clSeqNr=3912
15:19:59.497 INF Request finished (out of order). clSeqNr=3928
15:19:59.498 INF Request finished (out of order). clSeqNr=3944
15:19:59.501 INF Request finished (out of order). clSeqNr=3961
15:19:59.501 INF Request finished (out of order). clSeqNr=3977
15:19:59.501 INF Request finished (out of order). clSeqNr=3993
15:19:59.501 INF Request finished (out of order). clSeqNr=4009
15:19:59.501 INF Request finished (out of order). clSeqNr=4025
15:19:59.501 INF Request finished (out of order). clSeqNr=4041
15:19:59.501 INF Request finished (out of order). clSeqNr=4057
15:19:59.501 INF Request finished (out of order). clSeqNr=4073
15:19:59.501 INF Request finished (out of order). clSeqNr=3833
15:19:59.501 INF Request finished (out of order). clSeqNr=4089
15:19:59.501 INF Request finished (out of order). clSeqNr=3849
15:19:59.501 INF Request finished (out of order). clSeqNr=3865
15:19:59.502 INF Request finished (out of order). clSeqNr=3881
15:19:59.515 INF Request finished (out of order). clSeqNr=3897
15:19:59.515 INF Request finished (out of order). clSeqNr=3913
15:19:59.515 INF Request finished (out of order). clSeqNr=3929
15:19:59.515 INF Request finished (out of order). clSeqNr=3945
15:19:59.564 INF Request finished (out of order). clSeqNr=3962
15:19:59.564 INF Request finished (out of order). clSeqNr=3978
15:19:59.564 INF Request finished (out of order). clSeqNr=3994
15:19:59.564 INF Request finished (out of order). clSeqNr=4010
15:19:59.564 INF Request finished (out of order). clSeqNr=4026
15:19:59.564 INF Request finished (out of order). clSeqNr=4042
15:19:59.565 INF Request finished (out of order). clSeqNr=4058
15:19:59.565 INF Request finished (out of order). clSeqNr=4074
15:19:59.565 INF Request finished (out of order). clSeqNr=4090
15:19:59.565 INF Request finished (out of order). clSeqNr=3866
15:19:59.565 INF Request finished (out of order). clSeqNr=3882
15:19:59.565 INF Request finished (out of order). clSeqNr=3898
15:19:59.565 INF Request finished (out of order). clSeqNr=3914
15:19:59.565 INF Request finished (out of order). clSeqNr=3930
15:19:59.565 INF Request finished (out of order). clSeqNr=3946
15:19:59.565 INF Request finished (out of order). clSeqNr=3963
15:19:59.565 INF Request finished (out of order). clSeqNr=3979
15:19:59.565 INF Request finished (out of order). clSeqNr=3995
15:19:59.565 INF Request finished (out of order). clSeqNr=4011
15:19:59.565 INF Request finished (out of order). clSeqNr=4027
15:19:59.565 INF Request finished (out of order). clSeqNr=4043
15:19:59.565 INF Request finished (out of order). clSeqNr=4059
15:19:59.565 INF Request finished (out of order). clSeqNr=4075
15:19:59.565 INF Request finished (out of order). clSeqNr=4091
15:19:59.565 INF Request finished (out of order). clSeqNr=3867
15:19:59.565 INF Request finished (out of order). clSeqNr=3883
15:19:59.566 INF Request finished (out of order). clSeqNr=3899
15:19:59.566 INF Request finished (out of order). clSeqNr=3915
15:19:59.566 INF Request finished (out of order). clSeqNr=3931
15:19:59.566 INF Request finished (out of order). clSeqNr=3947
15:19:59.566 INF Request finished (out of order). clSeqNr=3964
15:19:59.566 INF Request finished (out of order). clSeqNr=3980
15:19:59.566 INF Request finished (out of order). clSeqNr=3996
15:19:59.566 INF Request finished (out of order). clSeqNr=4012
15:19:59.567 INF Request finished (out of order). clSeqNr=4028
15:19:59.567 INF Request finished (out of order). clSeqNr=4044
15:19:59.567 INF Request finished (out of order). clSeqNr=4060
15:19:59.567 INF Request finished (out of order). clSeqNr=4076
15:19:59.567 INF Request finished (out of order). clSeqNr=4092
15:19:59.567 INF Request finished (out of order). clSeqNr=3868
15:19:59.567 INF Request finished (out of order). clSeqNr=3884
15:19:59.567 INF Request finished (out of order). clSeqNr=3900
15:19:59.567 INF Request finished (out of order). clSeqNr=3916
15:19:59.567 INF Request finished (out of order). clSeqNr=3932
15:19:59.567 INF Request finished (out of order). clSeqNr=3948
15:19:59.567 INF Request finished (out of order). clSeqNr=3965
15:19:59.567 INF Request finished (out of order). clSeqNr=3981
15:19:59.567 INF Request finished (out of order). clSeqNr=3997
15:19:59.567 INF Request finished (out of order). clSeqNr=4013
15:19:59.567 INF Request finished (out of order). clSeqNr=4029
15:19:59.567 INF Request finished (out of order). clSeqNr=4045
15:19:59.567 INF Request finished (out of order). clSeqNr=4061
15:19:59.567 INF Request finished (out of order). clSeqNr=4077
15:19:59.567 INF Request finished (out of order). clSeqNr=4093
15:19:59.567 INF Request finished (out of order). clSeqNr=3869
15:19:59.567 INF Request finished (out of order). clSeqNr=3885
15:19:59.567 INF Request finished (out of order). clSeqNr=3901
15:19:59.567 INF Request finished (out of order). clSeqNr=3917
15:19:59.567 INF Request finished (out of order). clSeqNr=3933
15:19:59.567 INF Request finished (out of order). clSeqNr=3949
15:19:59.567 INF Request finished (out of order). clSeqNr=3966
15:19:59.567 INF Request finished (out of order). clSeqNr=3982
15:19:59.567 INF Request finished (out of order). clSeqNr=3998
15:19:59.567 INF Request finished (out of order). clSeqNr=4014
15:19:59.567 INF Request finished (out of order). clSeqNr=4030
15:19:59.567 INF Request finished (out of order). clSeqNr=4046
15:19:59.567 INF Request finished (out of order). clSeqNr=4062
15:19:59.567 INF Request finished (out of order). clSeqNr=4078
15:19:59.567 INF Request finished (out of order). clSeqNr=4094
15:19:59.567 INF Request finished (out of order). clSeqNr=3854
15:19:59.567 INF Request finished (out of order). clSeqNr=3870
15:19:59.567 INF Request finished (out of order). clSeqNr=3886
15:19:59.567 INF Request finished (out of order). clSeqNr=3902
15:19:59.567 INF Request finished (out of order). clSeqNr=3918
15:19:59.567 INF Request finished (out of order). clSeqNr=3934
15:19:59.567 INF Request finished (out of order). clSeqNr=3950
15:19:59.567 INF Request finished (out of order). clSeqNr=3967
15:19:59.567 INF Request finished (out of order). clSeqNr=3983
15:19:59.567 INF Request finished (out of order). clSeqNr=3999
15:19:59.567 INF Request finished (out of order). clSeqNr=4015
15:19:59.567 INF Request finished (out of order). clSeqNr=4031
15:19:59.567 INF Request finished (out of order). clSeqNr=4047
15:19:59.567 INF Request finished (out of order). clSeqNr=4063
15:19:59.568 INF Request finished (out of order). clSeqNr=4079
15:19:59.568 INF Request finished (out of order). clSeqNr=4095
15:19:59.568 INF Request finished (out of order). clSeqNr=3871
15:19:59.568 INF Request finished (out of order). clSeqNr=3887
15:19:59.568 INF Request finished (out of order). clSeqNr=3903
15:19:59.568 INF Request finished (out of order). clSeqNr=3919
15:19:59.568 INF Request finished (out of order). clSeqNr=3935
15:19:59.568 INF Request finished (out of order). clSeqNr=3951
15:19:59.568 INF Request finished (out of order). clSeqNr=3968
15:19:59.568 INF Request finished (out of order). clSeqNr=3984
15:19:59.568 INF Request finished (out of order). clSeqNr=4000
15:19:59.568 INF Request finished (out of order). clSeqNr=4016
15:19:59.568 INF Request finished (out of order). clSeqNr=4032
15:19:59.568 INF Request finished (out of order). clSeqNr=4048
15:19:59.568 INF Request finished (out of order). clSeqNr=4064
15:19:59.568 INF Request finished (out of order). clSeqNr=4080
15:19:59.568 INF Request finished (out of order). clSeqNr=3856
15:19:59.568 INF Request finished (out of order). clSeqNr=3872
15:19:59.568 INF Request finished (out of order). clSeqNr=3888
15:19:59.568 INF Request finished (out of order). clSeqNr=3904
15:19:59.568 INF Request finished (out of order). clSeqNr=3920
15:19:59.568 INF Request finished (out of order). clSeqNr=3936
15:19:59.568 INF Request finished (out of order). clSeqNr=3952
15:19:59.568 INF Request finished (out of order). clSeqNr=3969
15:19:59.568 INF Request finished (out of order). clSeqNr=3985
15:19:59.568 INF Request finished (out of order). clSeqNr=4001
15:19:59.568 INF Request finished (out of order). clSeqNr=4017
15:19:59.568 INF Request finished (out of order). clSeqNr=4033
15:19:59.568 INF Request finished (out of order). clSeqNr=4049
15:19:59.568 INF Request finished (out of order). clSeqNr=4065
15:19:59.568 INF Request finished (out of order). clSeqNr=4081
15:19:59.568 INF Request finished (out of order). clSeqNr=3857
15:19:59.568 INF Request finished (out of order). clSeqNr=3873
15:19:59.568 INF Request finished (out of order). clSeqNr=3889
15:19:59.568 INF Request finished (out of order). clSeqNr=3905
15:19:59.568 INF Request finished (out of order). clSeqNr=3921
15:19:59.568 INF Request finished (out of order). clSeqNr=3937
15:19:59.568 INF Request finished (out of order). clSeqNr=3953
15:20:02.441 INF Request finished (out of order). clSeqNr=2162
15:20:02.442 INF Request finished (out of order). clSeqNr=2178
15:20:02.443 INF Request finished (out of order). clSeqNr=2194
15:20:02.443 INF Request finished (out of order). clSeqNr=2210
15:20:02.444 INF Request finished (out of order). clSeqNr=2226
15:20:02.445 INF Request finished (out of order). clSeqNr=2242
15:20:02.445 INF Request finished (out of order). clSeqNr=2258
15:20:02.446 INF Request finished (out of order). clSeqNr=2274
15:20:02.446 INF Request finished (out of order). clSeqNr=2290
15:20:02.447 INF Request finished (out of order). clSeqNr=2306
15:20:02.447 INF Request finished (out of order). clSeqNr=2066
15:20:02.447 INF Request delivered (in order). clSeqNr=2066
15:20:02.447 INF Request delivered (in order). clSeqNr=2067
15:20:02.447 INF Request delivered (in order). clSeqNr=2068
15:20:02.447 INF Request delivered (in order). clSeqNr=2069
15:20:02.447 INF Request delivered (in order). clSeqNr=2070
15:20:02.447 INF Request delivered (in order). clSeqNr=2071
15:20:02.447 INF Request delivered (in order). clSeqNr=2072
15:20:02.447 INF Request delivered (in order). clSeqNr=2073
15:20:02.447 INF Request delivered (in order). clSeqNr=2074
15:20:02.447 INF Request delivered (in order). clSeqNr=2075
15:20:02.447 INF Request delivered (in order). clSeqNr=2076
15:20:02.447 INF Request delivered (in order). clSeqNr=2077
15:20:02.447 INF Request delivered (in order). clSeqNr=2078
15:20:02.447 INF Request delivered (in order). clSeqNr=2079
15:20:02.447 INF Request delivered (in order). clSeqNr=2080
15:20:02.447 INF Request delivered (in order). clSeqNr=2081
15:20:02.571 INF Request finished (out of order). clSeqNr=2322
15:20:02.571 INF Request finished (out of order). clSeqNr=2082
15:20:02.571 INF Request delivered (in order). clSeqNr=2082
15:20:02.571 INF Request delivered (in order). clSeqNr=2083
15:20:02.571 INF Request delivered (in order). clSeqNr=2084
15:20:02.571 INF Request delivered (in order). clSeqNr=2085
15:20:02.571 INF Request delivered (in order). clSeqNr=2086
15:20:02.571 INF Request delivered (in order). clSeqNr=2087
15:20:02.571 INF Request delivered (in order). clSeqNr=2088
15:20:02.571 INF Request delivered (in order). clSeqNr=2089
15:20:02.571 INF Request delivered (in order). clSeqNr=2090
15:20:02.571 INF Request delivered (in order). clSeqNr=2091
15:20:02.571 INF Request delivered (in order). clSeqNr=2092
15:20:02.571 INF Request delivered (in order). clSeqNr=2093
15:20:02.571 INF Request delivered (in order). clSeqNr=2094
15:20:02.571 INF Request delivered (in order). clSeqNr=2095
15:20:02.571 INF Request delivered (in order). clSeqNr=2096
15:20:02.571 INF Request delivered (in order). clSeqNr=2097
15:20:02.572 INF Request finished (out of order). clSeqNr=2098
15:20:02.572 INF Request delivered (in order). clSeqNr=2098
15:20:02.572 INF Request delivered (in order). clSeqNr=2099
15:20:02.572 INF Request delivered (in order). clSeqNr=2100
15:20:02.572 INF Request delivered (in order). clSeqNr=2101
15:20:02.572 INF Request delivered (in order). clSeqNr=2102
15:20:02.572 INF Request delivered (in order). clSeqNr=2103
15:20:02.572 INF Request delivered (in order). clSeqNr=2104
15:20:02.572 INF Request delivered (in order). clSeqNr=2105
15:20:02.572 INF Request delivered (in order). clSeqNr=2106
15:20:02.572 INF Request delivered (in order). clSeqNr=2107
15:20:02.572 INF Request delivered (in order). clSeqNr=2108
15:20:02.572 INF Request delivered (in order). clSeqNr=2109
15:20:02.572 INF Request delivered (in order). clSeqNr=2110
15:20:02.572 INF Request delivered (in order). clSeqNr=2111
15:20:02.572 INF Request delivered (in order). clSeqNr=2112
15:20:02.572 INF Request delivered (in order). clSeqNr=2113
15:20:02.572 INF Request finished (out of order). clSeqNr=2114
15:20:02.572 INF Request delivered (in order). clSeqNr=2114
15:20:02.572 INF Request delivered (in order). clSeqNr=2115
15:20:02.572 INF Request delivered (in order). clSeqNr=2116
15:20:02.572 INF Request delivered (in order). clSeqNr=2117
15:20:02.572 INF Request delivered (in order). clSeqNr=2118
15:20:02.572 INF Request delivered (in order). clSeqNr=2119
15:20:02.572 INF Request delivered (in order). clSeqNr=2120
15:20:02.572 INF Request delivered (in order). clSeqNr=2121
15:20:02.572 INF Request delivered (in order). clSeqNr=2122
15:20:02.572 INF Request delivered (in order). clSeqNr=2123
15:20:02.572 INF Request delivered (in order). clSeqNr=2124
15:20:02.572 INF Request delivered (in order). clSeqNr=2125
15:20:02.572 INF Request delivered (in order). clSeqNr=2126
15:20:02.572 INF Request delivered (in order). clSeqNr=2127
15:20:02.572 INF Request delivered (in order). clSeqNr=2128
15:20:02.572 INF Request delivered (in order). clSeqNr=2129
15:20:02.572 INF Request finished (out of order). clSeqNr=2130
15:20:02.572 INF Request delivered (in order). clSeqNr=2130
15:20:02.572 INF Request delivered (in order). clSeqNr=2131
15:20:02.572 INF Request delivered (in order). clSeqNr=2132
15:20:02.572 INF Request delivered (in order). clSeqNr=2133
15:20:02.572 INF Request delivered (in order). clSeqNr=2134
15:20:02.572 INF Request delivered (in order). clSeqNr=2135
15:20:02.572 INF Request delivered (in order). clSeqNr=2136
15:20:02.572 INF Request delivered (in order). clSeqNr=2137
15:20:02.572 INF Request delivered (in order). clSeqNr=2138
15:20:02.572 INF Request delivered (in order). clSeqNr=2139
15:20:02.573 INF Request delivered (in order). clSeqNr=2140
15:20:02.573 INF Request delivered (in order). clSeqNr=2141
15:20:02.573 INF Request delivered (in order). clSeqNr=2142
15:20:02.573 INF Request delivered (in order). clSeqNr=2143
15:20:02.573 INF Request delivered (in order). clSeqNr=2144
15:20:02.573 INF Request delivered (in order). clSeqNr=2145
15:20:02.573 INF Request finished (out of order). clSeqNr=2146
15:20:02.573 INF Request delivered (in order). clSeqNr=2146
15:20:02.573 INF Request delivered (in order). clSeqNr=2147
15:20:02.573 INF Request delivered (in order). clSeqNr=2148
15:20:02.573 INF Request delivered (in order). clSeqNr=2149
15:20:02.573 INF Request delivered (in order). clSeqNr=2150
15:20:02.573 INF Request delivered (in order). clSeqNr=2151
15:20:02.573 INF Request delivered (in order). clSeqNr=2152
15:20:02.573 INF Request delivered (in order). clSeqNr=2153
15:20:02.573 INF Request delivered (in order). clSeqNr=2154
15:20:02.573 INF Request delivered (in order). clSeqNr=2155
15:20:02.573 INF Request delivered (in order). clSeqNr=2156
15:20:02.573 INF Request delivered (in order). clSeqNr=2157
15:20:02.573 INF Request delivered (in order). clSeqNr=2158
15:20:02.573 INF Request delivered (in order). clSeqNr=2159
15:20:02.573 INF Request delivered (in order). clSeqNr=2160
15:20:02.573 INF Request delivered (in order). clSeqNr=2161
15:20:02.573 INF Request delivered (in order). clSeqNr=2162
15:20:02.573 INF Request delivered (in order). clSeqNr=2163
15:20:02.573 INF Request delivered (in order). clSeqNr=2164
15:20:02.573 INF Request delivered (in order). clSeqNr=2165
15:20:02.573 INF Request delivered (in order). clSeqNr=2166
15:20:02.573 INF Request delivered (in order). clSeqNr=2167
15:20:02.573 INF Request delivered (in order). clSeqNr=2168
15:20:02.573 INF Request delivered (in order). clSeqNr=2169
15:20:02.573 INF Request delivered (in order). clSeqNr=2170
15:20:02.573 INF Request delivered (in order). clSeqNr=2171
15:20:02.573 INF Request delivered (in order). clSeqNr=2172
15:20:02.573 INF Request delivered (in order). clSeqNr=2173
15:20:02.573 INF Request delivered (in order). clSeqNr=2174
15:20:02.573 INF Request delivered (in order). clSeqNr=2175
15:20:02.573 INF Request delivered (in order). clSeqNr=2176
15:20:02.573 INF Request delivered (in order). clSeqNr=2177
15:20:02.573 INF Request delivered (in order). clSeqNr=2178
15:20:02.573 INF Request delivered (in order). clSeqNr=2179
15:20:02.573 INF Request delivered (in order). clSeqNr=2180
15:20:02.573 INF Request delivered (in order). clSeqNr=2181
15:20:02.573 INF Request delivered (in order). clSeqNr=2182
15:20:02.573 INF Request delivered (in order). clSeqNr=2183
15:20:02.573 INF Request delivered (in order). clSeqNr=2184
15:20:02.573 INF Request delivered (in order). clSeqNr=2185
15:20:02.573 INF Request delivered (in order). clSeqNr=2186
15:20:02.573 INF Request delivered (in order). clSeqNr=2187
15:20:02.573 INF Request delivered (in order). clSeqNr=2188
15:20:02.573 INF Request delivered (in order). clSeqNr=2189
15:20:02.573 INF Request delivered (in order). clSeqNr=2190
15:20:02.573 INF Request delivered (in order). clSeqNr=2191
15:20:02.573 INF Request delivered (in order). clSeqNr=2192
15:20:02.573 INF Request delivered (in order). clSeqNr=2193
15:20:02.573 INF Request delivered (in order). clSeqNr=2194
15:20:02.573 INF Request delivered (in order). clSeqNr=2195
15:20:02.573 INF Request delivered (in order). clSeqNr=2196
15:20:02.573 INF Request delivered (in order). clSeqNr=2197
15:20:02.573 INF Request delivered (in order). clSeqNr=2198
15:20:02.573 INF Request delivered (in order). clSeqNr=2199
15:20:02.573 INF Request delivered (in order). clSeqNr=2200
15:20:02.573 INF Request delivered (in order). clSeqNr=2201
15:20:02.573 INF Request delivered (in order). clSeqNr=2202
15:20:02.573 INF Request delivered (in order). clSeqNr=2203
15:20:02.573 INF Request delivered (in order). clSeqNr=2204
15:20:02.573 INF Request delivered (in order). clSeqNr=2205
15:20:02.573 INF Request delivered (in order). clSeqNr=2206
15:20:02.573 INF Request delivered (in order). clSeqNr=2207
15:20:02.573 INF Request delivered (in order). clSeqNr=2208
15:20:02.573 INF Request delivered (in order). clSeqNr=2209
15:20:02.573 INF Request delivered (in order). clSeqNr=2210
15:20:02.573 INF Request delivered (in order). clSeqNr=2211
15:20:02.573 INF Request delivered (in order). clSeqNr=2212
15:20:02.574 INF Request delivered (in order). clSeqNr=2213
15:20:02.574 INF Request delivered (in order). clSeqNr=2214
15:20:02.574 INF Request delivered (in order). clSeqNr=2215
15:20:02.574 INF Request delivered (in order). clSeqNr=2216
15:20:02.574 INF Request delivered (in order). clSeqNr=2217
15:20:02.574 INF Request delivered (in order). clSeqNr=2218
15:20:02.574 INF Request delivered (in order). clSeqNr=2219
15:20:02.574 INF Request delivered (in order). clSeqNr=2220
15:20:02.574 INF Request delivered (in order). clSeqNr=2221
15:20:02.574 INF Request delivered (in order). clSeqNr=2222
15:20:02.574 INF Request delivered (in order). clSeqNr=2223
15:20:02.574 INF Request delivered (in order). clSeqNr=2224
15:20:02.574 INF Request delivered (in order). clSeqNr=2225
15:20:02.574 INF Request delivered (in order). clSeqNr=2226
15:20:02.574 INF Request delivered (in order). clSeqNr=2227
15:20:02.574 INF Request delivered (in order). clSeqNr=2228
15:20:02.574 INF Request delivered (in order). clSeqNr=2229
15:20:02.574 INF Request delivered (in order). clSeqNr=2230
15:20:02.574 INF Request delivered (in order). clSeqNr=2231
15:20:02.574 INF Request delivered (in order). clSeqNr=2232
15:20:02.574 INF Request delivered (in order). clSeqNr=2233
15:20:02.574 INF Request delivered (in order). clSeqNr=2234
15:20:02.574 INF Request delivered (in order). clSeqNr=2235
15:20:02.574 INF Request delivered (in order). clSeqNr=2236
15:20:02.574 INF Request delivered (in order). clSeqNr=2237
15:20:02.574 INF Request delivered (in order). clSeqNr=2238
15:20:02.574 INF Request delivered (in order). clSeqNr=2239
15:20:02.574 INF Request delivered (in order). clSeqNr=2240
15:20:02.574 INF Request delivered (in order). clSeqNr=2241
15:20:02.574 INF Request delivered (in order). clSeqNr=2242
15:20:02.574 INF Request delivered (in order). clSeqNr=2243
15:20:02.574 INF Request delivered (in order). clSeqNr=2244
15:20:02.574 INF Request delivered (in order). clSeqNr=2245
15:20:02.574 INF Request delivered (in order). clSeqNr=2246
15:20:02.574 INF Request delivered (in order). clSeqNr=2247
15:20:02.574 INF Request delivered (in order). clSeqNr=2248
15:20:02.574 INF Request delivered (in order). clSeqNr=2249
15:20:02.574 INF Request delivered (in order). clSeqNr=2250
15:20:02.574 INF Request delivered (in order). clSeqNr=2251
15:20:02.574 INF Request delivered (in order). clSeqNr=2252
15:20:02.574 INF Request delivered (in order). clSeqNr=2253
15:20:02.574 INF Request delivered (in order). clSeqNr=2254
15:20:02.574 INF Request delivered (in order). clSeqNr=2255
15:20:02.574 INF Request delivered (in order). clSeqNr=2256
15:20:02.574 INF Request delivered (in order). clSeqNr=2257
15:20:02.574 INF Request delivered (in order). clSeqNr=2258
15:20:02.574 INF Request delivered (in order). clSeqNr=2259
15:20:02.574 INF Request delivered (in order). clSeqNr=2260
15:20:02.574 INF Request delivered (in order). clSeqNr=2261
15:20:02.574 INF Request delivered (in order). clSeqNr=2262
15:20:02.574 INF Request delivered (in order). clSeqNr=2263
15:20:02.574 INF Request delivered (in order). clSeqNr=2264
15:20:02.574 INF Request delivered (in order). clSeqNr=2265
15:20:02.574 INF Request delivered (in order). clSeqNr=2266
15:20:02.574 INF Request delivered (in order). clSeqNr=2267
15:20:02.574 INF Request delivered (in order). clSeqNr=2268
15:20:02.574 INF Request delivered (in order). clSeqNr=2269
15:20:02.574 INF Request delivered (in order). clSeqNr=2270
15:20:02.574 INF Request delivered (in order). clSeqNr=2271
15:20:02.574 INF Request delivered (in order). clSeqNr=2272
15:20:02.574 INF Request delivered (in order). clSeqNr=2273
15:20:02.574 INF Request delivered (in order). clSeqNr=2274
15:20:02.574 INF Request delivered (in order). clSeqNr=2275
15:20:02.574 INF Request delivered (in order). clSeqNr=2276
15:20:02.574 INF Request delivered (in order). clSeqNr=2277
15:20:02.574 INF Request delivered (in order). clSeqNr=2278
15:20:02.574 INF Request delivered (in order). clSeqNr=2279
15:20:02.575 INF Request delivered (in order). clSeqNr=2280
15:20:02.575 INF Request delivered (in order). clSeqNr=2281
15:20:02.575 INF Request delivered (in order). clSeqNr=2282
15:20:02.575 INF Request delivered (in order). clSeqNr=2283
15:20:02.575 INF Request delivered (in order). clSeqNr=2284
15:20:02.575 INF Request delivered (in order). clSeqNr=2285
15:20:02.575 INF Request delivered (in order). clSeqNr=2286
15:20:02.575 INF Request delivered (in order). clSeqNr=2287
15:20:02.575 INF Request delivered (in order). clSeqNr=2288
15:20:02.575 INF Request delivered (in order). clSeqNr=2289
15:20:02.575 INF Request delivered (in order). clSeqNr=2290
15:20:02.575 INF Request delivered (in order). clSeqNr=2291
15:20:02.575 INF Request delivered (in order). clSeqNr=2292
15:20:02.575 INF Request delivered (in order). clSeqNr=2293
15:20:02.575 INF Request delivered (in order). clSeqNr=2294
15:20:02.575 INF Request delivered (in order). clSeqNr=2295
15:20:02.575 INF Request delivered (in order). clSeqNr=2296
15:20:02.575 INF Request delivered (in order). clSeqNr=2297
15:20:02.575 INF Request delivered (in order). clSeqNr=2298
15:20:02.575 INF Request delivered (in order). clSeqNr=2299
15:20:02.575 INF Request delivered (in order). clSeqNr=2300
15:20:02.575 INF Request delivered (in order). clSeqNr=2301
15:20:02.575 INF Request delivered (in order). clSeqNr=2302
15:20:02.575 INF Request delivered (in order). clSeqNr=2303
15:20:02.575 INF Request delivered (in order). clSeqNr=2304
15:20:02.575 INF Request delivered (in order). clSeqNr=2305
15:20:02.575 INF Request delivered (in order). clSeqNr=2306
15:20:02.575 INF Request delivered (in order). clSeqNr=2307
15:20:02.575 INF Request delivered (in order). clSeqNr=2308
15:20:02.575 INF Request delivered (in order). clSeqNr=2309
15:20:02.575 INF Request delivered (in order). clSeqNr=2310
15:20:02.575 INF Request delivered (in order). clSeqNr=2311
15:20:02.575 INF Request delivered (in order). clSeqNr=2312
15:20:02.575 INF Request delivered (in order). clSeqNr=2313
15:20:02.575 INF Request delivered (in order). clSeqNr=2314
15:20:02.575 INF Request delivered (in order). clSeqNr=2315
15:20:02.575 INF Request delivered (in order). clSeqNr=2316
15:20:02.575 INF Request delivered (in order). clSeqNr=2317
15:20:02.575 INF Request delivered (in order). clSeqNr=2318
15:20:02.575 INF Request delivered (in order). clSeqNr=2319
15:20:02.575 INF Request delivered (in order). clSeqNr=2320
15:20:02.575 INF Request delivered (in order). clSeqNr=2321
15:20:02.575 INF Request delivered (in order). clSeqNr=2322
15:20:02.575 INF Request delivered (in order). clSeqNr=2323
15:20:02.575 INF Request delivered (in order). clSeqNr=2324
15:20:02.575 INF Request delivered (in order). clSeqNr=2325
15:20:02.575 INF Request delivered (in order). clSeqNr=2326
15:20:02.575 INF Request delivered (in order). clSeqNr=2327
15:20:02.575 INF Request delivered (in order). clSeqNr=2328
15:20:02.575 INF Request delivered (in order). clSeqNr=2329
15:20:02.575 INF Request delivered (in order). clSeqNr=2330
15:20:02.575 INF Request delivered (in order). clSeqNr=2331
15:20:02.575 INF Request delivered (in order). clSeqNr=2332
15:20:02.575 INF Request delivered (in order). clSeqNr=2333
15:20:02.575 INF Request delivered (in order). clSeqNr=2334
15:20:02.575 INF Request delivered (in order). clSeqNr=2335
15:20:02.575 INF Request delivered (in order). clSeqNr=2336
15:20:02.575 INF Request delivered (in order). clSeqNr=2337
15:20:07.324 INF Request finished (out of order). clSeqNr=2418
15:20:07.325 INF Request finished (out of order). clSeqNr=2434
15:20:07.326 INF Request finished (out of order). clSeqNr=2450
15:20:07.327 INF Request finished (out of order). clSeqNr=2466
15:20:07.327 INF Request finished (out of order). clSeqNr=2482
15:20:07.328 INF Request finished (out of order). clSeqNr=2498
15:20:07.329 INF Request finished (out of order). clSeqNr=2514
15:20:07.329 INF Request finished (out of order). clSeqNr=2530
15:20:07.330 INF Request finished (out of order). clSeqNr=2546
15:20:07.331 INF Request finished (out of order). clSeqNr=2562
15:20:07.454 INF Request finished (out of order). clSeqNr=2338
15:20:07.454 INF Request delivered (in order). clSeqNr=2338
15:20:07.454 INF Request delivered (in order). clSeqNr=2339
15:20:07.454 INF Request delivered (in order). clSeqNr=2340
15:20:07.454 INF Request delivered (in order). clSeqNr=2341
15:20:07.454 INF Request delivered (in order). clSeqNr=2342
15:20:07.454 INF Request delivered (in order). clSeqNr=2343
15:20:07.454 INF Request delivered (in order). clSeqNr=2344
15:20:07.454 INF Request delivered (in order). clSeqNr=2345
15:20:07.454 INF Request delivered (in order). clSeqNr=2346
15:20:07.454 INF Request delivered (in order). clSeqNr=2347
15:20:07.454 INF Request delivered (in order). clSeqNr=2348
15:20:07.454 INF Request delivered (in order). clSeqNr=2349
15:20:07.454 INF Request delivered (in order). clSeqNr=2350
15:20:07.455 INF Request delivered (in order). clSeqNr=2351
15:20:07.455 INF Request delivered (in order). clSeqNr=2352
15:20:07.455 INF Request delivered (in order). clSeqNr=2353
15:20:07.455 INF Request finished (out of order). clSeqNr=2354
15:20:07.455 INF Request delivered (in order). clSeqNr=2354
15:20:07.455 INF Request delivered (in order). clSeqNr=2355
15:20:07.455 INF Request delivered (in order). clSeqNr=2356
15:20:07.455 INF Request delivered (in order). clSeqNr=2357
15:20:07.455 INF Request delivered (in order). clSeqNr=2358
15:20:07.455 INF Request delivered (in order). clSeqNr=2359
15:20:07.455 INF Request delivered (in order). clSeqNr=2360
15:20:07.455 INF Request delivered (in order). clSeqNr=2361
15:20:07.455 INF Request delivered (in order). clSeqNr=2362
15:20:07.455 INF Request delivered (in order). clSeqNr=2363
15:20:07.455 INF Request delivered (in order). clSeqNr=2364
15:20:07.455 INF Request delivered (in order). clSeqNr=2365
15:20:07.455 INF Request delivered (in order). clSeqNr=2366
15:20:07.455 INF Request delivered (in order). clSeqNr=2367
15:20:07.455 INF Request delivered (in order). clSeqNr=2368
15:20:07.455 INF Request delivered (in order). clSeqNr=2369
15:20:07.455 INF Request finished (out of order). clSeqNr=2370
15:20:07.455 INF Request delivered (in order). clSeqNr=2370
15:20:07.455 INF Request delivered (in order). clSeqNr=2371
15:20:07.455 INF Request delivered (in order). clSeqNr=2372
15:20:07.455 INF Request delivered (in order). clSeqNr=2373
15:20:07.455 INF Request delivered (in order). clSeqNr=2374
15:20:07.455 INF Request delivered (in order). clSeqNr=2375
15:20:07.455 INF Request delivered (in order). clSeqNr=2376
15:20:07.455 INF Request delivered (in order). clSeqNr=2377
15:20:07.455 INF Request delivered (in order). clSeqNr=2378
15:20:07.455 INF Request delivered (in order). clSeqNr=2379
15:20:07.455 INF Request delivered (in order). clSeqNr=2380
15:20:07.455 INF Request delivered (in order). clSeqNr=2381
15:20:07.455 INF Request delivered (in order). clSeqNr=2382
15:20:07.455 INF Request delivered (in order). clSeqNr=2383
15:20:07.455 INF Request delivered (in order). clSeqNr=2384
15:20:07.455 INF Request delivered (in order). clSeqNr=2385
15:20:07.455 INF Request finished (out of order). clSeqNr=2386
15:20:07.455 INF Request delivered (in order). clSeqNr=2386
15:20:07.455 INF Request delivered (in order). clSeqNr=2387
15:20:07.455 INF Request delivered (in order). clSeqNr=2388
15:20:07.455 INF Request delivered (in order). clSeqNr=2389
15:20:07.455 INF Request delivered (in order). clSeqNr=2390
15:20:07.455 INF Request delivered (in order). clSeqNr=2391
15:20:07.455 INF Request delivered (in order). clSeqNr=2392
15:20:07.455 INF Request delivered (in order). clSeqNr=2393
15:20:07.455 INF Request delivered (in order). clSeqNr=2394
15:20:07.455 INF Request delivered (in order). clSeqNr=2395
15:20:07.455 INF Request delivered (in order). clSeqNr=2396
15:20:07.455 INF Request delivered (in order). clSeqNr=2397
15:20:07.455 INF Request delivered (in order). clSeqNr=2398
15:20:07.455 INF Request delivered (in order). clSeqNr=2399
15:20:07.455 INF Request delivered (in order). clSeqNr=2400
15:20:07.455 INF Request delivered (in order). clSeqNr=2401
15:20:07.455 INF Request finished (out of order). clSeqNr=2402
15:20:07.455 INF Request delivered (in order). clSeqNr=2402
15:20:07.455 INF Request delivered (in order). clSeqNr=2403
15:20:07.455 INF Request delivered (in order). clSeqNr=2404
15:20:07.455 INF Request delivered (in order). clSeqNr=2405
15:20:07.455 INF Request delivered (in order). clSeqNr=2406
15:20:07.455 INF Request delivered (in order). clSeqNr=2407
15:20:07.455 INF Request delivered (in order). clSeqNr=2408
15:20:07.455 INF Request delivered (in order). clSeqNr=2409
15:20:07.455 INF Request delivered (in order). clSeqNr=2410
15:20:07.456 INF Request delivered (in order). clSeqNr=2411
15:20:07.456 INF Request delivered (in order). clSeqNr=2412
15:20:07.456 INF Request delivered (in order). clSeqNr=2413
15:20:07.456 INF Request delivered (in order). clSeqNr=2414
15:20:07.456 INF Request delivered (in order). clSeqNr=2415
15:20:07.456 INF Request delivered (in order). clSeqNr=2416
15:20:07.456 INF Request delivered (in order). clSeqNr=2417
15:20:07.456 INF Request delivered (in order). clSeqNr=2418
15:20:07.456 INF Request delivered (in order). clSeqNr=2419
15:20:07.456 INF Request delivered (in order). clSeqNr=2420
15:20:07.456 INF Request delivered (in order). clSeqNr=2421
15:20:07.456 INF Request delivered (in order). clSeqNr=2422
15:20:07.456 INF Request delivered (in order). clSeqNr=2423
15:20:07.456 INF Request delivered (in order). clSeqNr=2424
15:20:07.456 INF Request delivered (in order). clSeqNr=2425
15:20:07.456 INF Request delivered (in order). clSeqNr=2426
15:20:07.456 INF Request delivered (in order). clSeqNr=2427
15:20:07.456 INF Request delivered (in order). clSeqNr=2428
15:20:07.456 INF Request delivered (in order). clSeqNr=2429
15:20:07.456 INF Request delivered (in order). clSeqNr=2430
15:20:07.456 INF Request delivered (in order). clSeqNr=2431
15:20:07.456 INF Request delivered (in order). clSeqNr=2432
15:20:07.456 INF Request delivered (in order). clSeqNr=2433
15:20:07.456 INF Request delivered (in order). clSeqNr=2434
15:20:07.456 INF Request delivered (in order). clSeqNr=2435
15:20:07.456 INF Request delivered (in order). clSeqNr=2436
15:20:07.456 INF Request delivered (in order). clSeqNr=2437
15:20:07.456 INF Request delivered (in order). clSeqNr=2438
15:20:07.456 INF Request delivered (in order). clSeqNr=2439
15:20:07.456 INF Request delivered (in order). clSeqNr=2440
15:20:07.456 INF Request delivered (in order). clSeqNr=2441
15:20:07.456 INF Request delivered (in order). clSeqNr=2442
15:20:07.456 INF Request delivered (in order). clSeqNr=2443
15:20:07.456 INF Request delivered (in order). clSeqNr=2444
15:20:07.456 INF Request delivered (in order). clSeqNr=2445
15:20:07.456 INF Request delivered (in order). clSeqNr=2446
15:20:07.456 INF Request delivered (in order). clSeqNr=2447
15:20:07.456 INF Request delivered (in order). clSeqNr=2448
15:20:07.456 INF Request delivered (in order). clSeqNr=2449
15:20:07.456 INF Request delivered (in order). clSeqNr=2450
15:20:07.456 INF Request delivered (in order). clSeqNr=2451
15:20:07.456 INF Request delivered (in order). clSeqNr=2452
15:20:07.456 INF Request delivered (in order). clSeqNr=2453
15:20:07.456 INF Request delivered (in order). clSeqNr=2454
15:20:07.456 INF Request delivered (in order). clSeqNr=2455
15:20:07.456 INF Request delivered (in order). clSeqNr=2456
15:20:07.456 INF Request delivered (in order). clSeqNr=2457
15:20:07.456 INF Request delivered (in order). clSeqNr=2458
15:20:07.456 INF Request delivered (in order). clSeqNr=2459
15:20:07.456 INF Request delivered (in order). clSeqNr=2460
15:20:07.456 INF Request delivered (in order). clSeqNr=2461
15:20:07.456 INF Request delivered (in order). clSeqNr=2462
15:20:07.456 INF Request delivered (in order). clSeqNr=2463
15:20:07.456 INF Request delivered (in order). clSeqNr=2464
15:20:07.456 INF Request delivered (in order). clSeqNr=2465
15:20:07.456 INF Request delivered (in order). clSeqNr=2466
15:20:07.457 INF Request delivered (in order). clSeqNr=2467
15:20:07.457 INF Request delivered (in order). clSeqNr=2468
15:20:07.457 INF Request delivered (in order). clSeqNr=2469
15:20:07.457 INF Request delivered (in order). clSeqNr=2470
15:20:07.457 INF Request delivered (in order). clSeqNr=2471
15:20:07.457 INF Request delivered (in order). clSeqNr=2472
15:20:07.457 INF Request delivered (in order). clSeqNr=2473
15:20:07.457 INF Request delivered (in order). clSeqNr=2474
15:20:07.457 INF Request delivered (in order). clSeqNr=2475
15:20:07.457 INF Request delivered (in order). clSeqNr=2476
15:20:07.457 INF Request delivered (in order). clSeqNr=2477
15:20:07.457 INF Request delivered (in order). clSeqNr=2478
15:20:07.457 INF Request delivered (in order). clSeqNr=2479
15:20:07.457 INF Request delivered (in order). clSeqNr=2480
15:20:07.457 INF Request delivered (in order). clSeqNr=2481
15:20:07.457 INF Request delivered (in order). clSeqNr=2482
15:20:07.457 INF Request delivered (in order). clSeqNr=2483
15:20:07.457 INF Request delivered (in order). clSeqNr=2484
15:20:07.457 INF Request delivered (in order). clSeqNr=2485
15:20:07.457 INF Request delivered (in order). clSeqNr=2486
15:20:07.457 INF Request delivered (in order). clSeqNr=2487
15:20:07.457 INF Request delivered (in order). clSeqNr=2488
15:20:07.457 INF Request delivered (in order). clSeqNr=2489
15:20:07.457 INF Request delivered (in order). clSeqNr=2490
15:20:07.457 INF Request delivered (in order). clSeqNr=2491
15:20:07.457 INF Request delivered (in order). clSeqNr=2492
15:20:07.457 INF Request delivered (in order). clSeqNr=2493
15:20:07.457 INF Request delivered (in order). clSeqNr=2494
15:20:07.457 INF Request delivered (in order). clSeqNr=2495
15:20:07.457 INF Request delivered (in order). clSeqNr=2496
15:20:07.457 INF Request delivered (in order). clSeqNr=2497
15:20:07.457 INF Request delivered (in order). clSeqNr=2498
15:20:07.457 INF Request delivered (in order). clSeqNr=2499
15:20:07.457 INF Request delivered (in order). clSeqNr=2500
15:20:07.457 INF Request delivered (in order). clSeqNr=2501
15:20:07.457 INF Request delivered (in order). clSeqNr=2502
15:20:07.457 INF Request delivered (in order). clSeqNr=2503
15:20:07.457 INF Request delivered (in order). clSeqNr=2504
15:20:07.457 INF Request delivered (in order). clSeqNr=2505
15:20:07.457 INF Request delivered (in order). clSeqNr=2506
15:20:07.457 INF Request delivered (in order). clSeqNr=2507
15:20:07.457 INF Request delivered (in order). clSeqNr=2508
15:20:07.457 INF Request delivered (in order). clSeqNr=2509
15:20:07.457 INF Request delivered (in order). clSeqNr=2510
15:20:07.457 INF Request delivered (in order). clSeqNr=2511
15:20:07.457 INF Request delivered (in order). clSeqNr=2512
15:20:07.457 INF Request delivered (in order). clSeqNr=2513
15:20:07.457 INF Request delivered (in order). clSeqNr=2514
15:20:07.457 INF Request delivered (in order). clSeqNr=2515
15:20:07.457 INF Request delivered (in order). clSeqNr=2516
15:20:07.457 INF Request delivered (in order). clSeqNr=2517
15:20:07.457 INF Request delivered (in order). clSeqNr=2518
15:20:07.457 INF Request delivered (in order). clSeqNr=2519
15:20:07.457 INF Request delivered (in order). clSeqNr=2520
15:20:07.457 INF Request delivered (in order). clSeqNr=2521
15:20:07.457 INF Request delivered (in order). clSeqNr=2522
15:20:07.457 INF Request delivered (in order). clSeqNr=2523
15:20:07.457 INF Request delivered (in order). clSeqNr=2524
15:20:07.457 INF Request delivered (in order). clSeqNr=2525
15:20:07.457 INF Request delivered (in order). clSeqNr=2526
15:20:07.457 INF Request delivered (in order). clSeqNr=2527
15:20:07.457 INF Request delivered (in order). clSeqNr=2528
15:20:07.457 INF Request delivered (in order). clSeqNr=2529
15:20:07.457 INF Request delivered (in order). clSeqNr=2530
15:20:07.457 INF Request delivered (in order). clSeqNr=2531
15:20:07.457 INF Request delivered (in order). clSeqNr=2532
15:20:07.457 INF Request delivered (in order). clSeqNr=2533
15:20:07.457 INF Request delivered (in order). clSeqNr=2534
15:20:07.457 INF Request delivered (in order). clSeqNr=2535
15:20:07.457 INF Request delivered (in order). clSeqNr=2536
15:20:07.457 INF Request delivered (in order). clSeqNr=2537
15:20:07.457 INF Request delivered (in order). clSeqNr=2538
15:20:07.457 INF Request delivered (in order). clSeqNr=2539
15:20:07.457 INF Request delivered (in order). clSeqNr=2540
15:20:07.457 INF Request delivered (in order). clSeqNr=2541
15:20:07.457 INF Request delivered (in order). clSeqNr=2542
15:20:07.457 INF Request delivered (in order). clSeqNr=2543
15:20:07.457 INF Request delivered (in order). clSeqNr=2544
15:20:07.457 INF Request delivered (in order). clSeqNr=2545
15:20:07.457 INF Request delivered (in order). clSeqNr=2546
15:20:07.457 INF Request delivered (in order). clSeqNr=2547
15:20:07.457 INF Request delivered (in order). clSeqNr=2548
15:20:07.457 INF Request delivered (in order). clSeqNr=2549
15:20:07.457 INF Request delivered (in order). clSeqNr=2550
15:20:07.457 INF Request delivered (in order). clSeqNr=2551
15:20:07.457 INF Request delivered (in order). clSeqNr=2552
15:20:07.457 INF Request delivered (in order). clSeqNr=2553
15:20:07.457 INF Request delivered (in order). clSeqNr=2554
15:20:07.457 INF Request delivered (in order). clSeqNr=2555
15:20:07.457 INF Request delivered (in order). clSeqNr=2556
15:20:07.457 INF Request delivered (in order). clSeqNr=2557
15:20:07.457 INF Request delivered (in order). clSeqNr=2558
15:20:07.457 INF Request delivered (in order). clSeqNr=2559
15:20:07.457 INF Request delivered (in order). clSeqNr=2560
15:20:07.457 INF Request delivered (in order). clSeqNr=2561
15:20:07.457 INF Request delivered (in order). clSeqNr=2562
15:20:07.457 INF Request delivered (in order). clSeqNr=2563
15:20:07.458 INF Request delivered (in order). clSeqNr=2564
15:20:07.458 INF Request delivered (in order). clSeqNr=2565
15:20:07.458 INF Request delivered (in order). clSeqNr=2566
15:20:07.458 INF Request delivered (in order). clSeqNr=2567
15:20:07.458 INF Request delivered (in order). clSeqNr=2568
15:20:07.458 INF Request delivered (in order). clSeqNr=2569
15:20:07.458 INF Request delivered (in order). clSeqNr=2570
15:20:07.458 INF Request delivered (in order). clSeqNr=2571
15:20:07.458 INF Request delivered (in order). clSeqNr=2572
15:20:07.458 INF Request delivered (in order). clSeqNr=2573
15:20:07.458 INF Request delivered (in order). clSeqNr=2574
15:20:07.458 INF Request delivered (in order). clSeqNr=2575
15:20:07.458 INF Request delivered (in order). clSeqNr=2576
15:20:07.458 INF Request delivered (in order). clSeqNr=2577
15:20:12.311 INF Request finished (out of order). clSeqNr=2674
15:20:12.312 INF Request finished (out of order). clSeqNr=2690
15:20:12.312 INF Request finished (out of order). clSeqNr=2706
15:20:12.313 INF Request finished (out of order). clSeqNr=2722
15:20:12.313 INF Request finished (out of order). clSeqNr=2738
15:20:12.314 INF Request finished (out of order). clSeqNr=2754
15:20:12.314 INF Request finished (out of order). clSeqNr=2770
15:20:12.315 INF Request finished (out of order). clSeqNr=2786
15:20:12.315 INF Request finished (out of order). clSeqNr=2802
15:20:12.316 INF Request finished (out of order). clSeqNr=2818
15:20:12.316 INF Request finished (out of order). clSeqNr=2578
15:20:12.316 INF Request delivered (in order). clSeqNr=2578
15:20:12.316 INF Request delivered (in order). clSeqNr=2579
15:20:12.316 INF Request delivered (in order). clSeqNr=2580
15:20:12.316 INF Request delivered (in order). clSeqNr=2581
15:20:12.316 INF Request delivered (in order). clSeqNr=2582
15:20:12.316 INF Request delivered (in order). clSeqNr=2583
15:20:12.316 INF Request delivered (in order). clSeqNr=2584
15:20:12.316 INF Request delivered (in order). clSeqNr=2585
15:20:12.316 INF Request delivered (in order). clSeqNr=2586
15:20:12.316 INF Request delivered (in order). clSeqNr=2587
15:20:12.316 INF Request delivered (in order). clSeqNr=2588
15:20:12.316 INF Request delivered (in order). clSeqNr=2589
15:20:12.316 INF Request delivered (in order). clSeqNr=2590
15:20:12.316 INF Request delivered (in order). clSeqNr=2591
15:20:12.316 INF Request delivered (in order). clSeqNr=2592
15:20:12.316 INF Request delivered (in order). clSeqNr=2593
15:20:12.317 INF Request finished (out of order). clSeqNr=2594
15:20:12.317 INF Request delivered (in order). clSeqNr=2594
15:20:12.317 INF Request delivered (in order). clSeqNr=2595
15:20:12.317 INF Request delivered (in order). clSeqNr=2596
15:20:12.317 INF Request delivered (in order). clSeqNr=2597
15:20:12.317 INF Request delivered (in order). clSeqNr=2598
15:20:12.317 INF Request delivered (in order). clSeqNr=2599
15:20:12.317 INF Request delivered (in order). clSeqNr=2600
15:20:12.317 INF Request delivered (in order). clSeqNr=2601
15:20:12.317 INF Request delivered (in order). clSeqNr=2602
15:20:12.317 INF Request delivered (in order). clSeqNr=2603
15:20:12.317 INF Request delivered (in order). clSeqNr=2604
15:20:12.317 INF Request delivered (in order). clSeqNr=2605
15:20:12.317 INF Request delivered (in order). clSeqNr=2606
15:20:12.317 INF Request delivered (in order). clSeqNr=2607
15:20:12.317 INF Request delivered (in order). clSeqNr=2608
15:20:12.317 INF Request delivered (in order). clSeqNr=2609
15:20:12.318 INF Request finished (out of order). clSeqNr=2610
15:20:12.318 INF Request delivered (in order). clSeqNr=2610
15:20:12.318 INF Request delivered (in order). clSeqNr=2611
15:20:12.318 INF Request delivered (in order). clSeqNr=2612
15:20:12.318 INF Request delivered (in order). clSeqNr=2613
15:20:12.318 INF Request delivered (in order). clSeqNr=2614
15:20:12.318 INF Request delivered (in order). clSeqNr=2615
15:20:12.318 INF Request delivered (in order). clSeqNr=2616
15:20:12.318 INF Request delivered (in order). clSeqNr=2617
15:20:12.318 INF Request delivered (in order). clSeqNr=2618
15:20:12.318 INF Request delivered (in order). clSeqNr=2619
15:20:12.318 INF Request delivered (in order). clSeqNr=2620
15:20:12.318 INF Request delivered (in order). clSeqNr=2621
15:20:12.318 INF Request delivered (in order). clSeqNr=2622
15:20:12.318 INF Request delivered (in order). clSeqNr=2623
15:20:12.318 INF Request delivered (in order). clSeqNr=2624
15:20:12.318 INF Request delivered (in order). clSeqNr=2625
15:20:12.442 INF Request finished (out of order). clSeqNr=2626
15:20:12.442 INF Request delivered (in order). clSeqNr=2626
15:20:12.442 INF Request delivered (in order). clSeqNr=2627
15:20:12.442 INF Request delivered (in order). clSeqNr=2628
15:20:12.442 INF Request delivered (in order). clSeqNr=2629
15:20:12.442 INF Request delivered (in order). clSeqNr=2630
15:20:12.442 INF Request delivered (in order). clSeqNr=2631
15:20:12.442 INF Request delivered (in order). clSeqNr=2632
15:20:12.442 INF Request delivered (in order). clSeqNr=2633
15:20:12.442 INF Request delivered (in order). clSeqNr=2634
15:20:12.442 INF Request delivered (in order). clSeqNr=2635
15:20:12.442 INF Request delivered (in order). clSeqNr=2636
15:20:12.442 INF Request delivered (in order). clSeqNr=2637
15:20:12.442 INF Request delivered (in order). clSeqNr=2638
15:20:12.442 INF Request delivered (in order). clSeqNr=2639
15:20:12.442 INF Request delivered (in order). clSeqNr=2640
15:20:12.442 INF Request delivered (in order). clSeqNr=2641
15:20:12.442 INF Request finished (out of order). clSeqNr=2642
15:20:12.442 INF Request delivered (in order). clSeqNr=2642
15:20:12.442 INF Request delivered (in order). clSeqNr=2643
15:20:12.442 INF Request delivered (in order). clSeqNr=2644
15:20:12.442 INF Request delivered (in order). clSeqNr=2645
15:20:12.442 INF Request delivered (in order). clSeqNr=2646
15:20:12.442 INF Request delivered (in order). clSeqNr=2647
15:20:12.443 INF Request delivered (in order). clSeqNr=2648
15:20:12.443 INF Request delivered (in order). clSeqNr=2649
15:20:12.443 INF Request delivered (in order). clSeqNr=2650
15:20:12.443 INF Request delivered (in order). clSeqNr=2651
15:20:12.443 INF Request delivered (in order). clSeqNr=2652
15:20:12.443 INF Request delivered (in order). clSeqNr=2653
15:20:12.443 INF Request delivered (in order). clSeqNr=2654
15:20:12.443 INF Request delivered (in order). clSeqNr=2655
15:20:12.443 INF Request delivered (in order). clSeqNr=2656
15:20:12.443 INF Request delivered (in order). clSeqNr=2657
15:20:12.443 INF Request finished (out of order). clSeqNr=2658
15:20:12.443 INF Request delivered (in order). clSeqNr=2658
15:20:12.443 INF Request delivered (in order). clSeqNr=2659
15:20:12.443 INF Request delivered (in order). clSeqNr=2660
15:20:12.443 INF Request delivered (in order). clSeqNr=2661
15:20:12.443 INF Request delivered (in order). clSeqNr=2662
15:20:12.443 INF Request delivered (in order). clSeqNr=2663
15:20:12.443 INF Request delivered (in order). clSeqNr=2664
15:20:12.443 INF Request delivered (in order). clSeqNr=2665
15:20:12.443 INF Request delivered (in order). clSeqNr=2666
15:20:12.443 INF Request delivered (in order). clSeqNr=2667
15:20:12.443 INF Request delivered (in order). clSeqNr=2668
15:20:12.443 INF Request delivered (in order). clSeqNr=2669
15:20:12.443 INF Request delivered (in order). clSeqNr=2670
15:20:12.443 INF Request delivered (in order). clSeqNr=2671
15:20:12.443 INF Request delivered (in order). clSeqNr=2672
15:20:12.443 INF Request delivered (in order). clSeqNr=2673
15:20:12.443 INF Request delivered (in order). clSeqNr=2674
15:20:12.443 INF Request delivered (in order). clSeqNr=2675
15:20:12.443 INF Request delivered (in order). clSeqNr=2676
15:20:12.443 INF Request delivered (in order). clSeqNr=2677
15:20:12.443 INF Request delivered (in order). clSeqNr=2678
15:20:12.443 INF Request delivered (in order). clSeqNr=2679
15:20:12.443 INF Request delivered (in order). clSeqNr=2680
15:20:12.443 INF Request delivered (in order). clSeqNr=2681
15:20:12.443 INF Request delivered (in order). clSeqNr=2682
15:20:12.443 INF Request delivered (in order). clSeqNr=2683
15:20:12.443 INF Request delivered (in order). clSeqNr=2684
15:20:12.443 INF Request delivered (in order). clSeqNr=2685
15:20:12.443 INF Request delivered (in order). clSeqNr=2686
15:20:12.443 INF Request delivered (in order). clSeqNr=2687
15:20:12.443 INF Request delivered (in order). clSeqNr=2688
15:20:12.443 INF Request delivered (in order). clSeqNr=2689
15:20:12.443 INF Request delivered (in order). clSeqNr=2690
15:20:12.443 INF Request delivered (in order). clSeqNr=2691
15:20:12.443 INF Request delivered (in order). clSeqNr=2692
15:20:12.443 INF Request delivered (in order). clSeqNr=2693
15:20:12.443 INF Request delivered (in order). clSeqNr=2694
15:20:12.443 INF Request delivered (in order). clSeqNr=2695
15:20:12.443 INF Request delivered (in order). clSeqNr=2696
15:20:12.443 INF Request delivered (in order). clSeqNr=2697
15:20:12.443 INF Request delivered (in order). clSeqNr=2698
15:20:12.443 INF Request delivered (in order). clSeqNr=2699
15:20:12.443 INF Request delivered (in order). clSeqNr=2700
15:20:12.443 INF Request delivered (in order). clSeqNr=2701
15:20:12.443 INF Request delivered (in order). clSeqNr=2702
15:20:12.443 INF Request delivered (in order). clSeqNr=2703
15:20:12.443 INF Request delivered (in order). clSeqNr=2704
15:20:12.443 INF Request delivered (in order). clSeqNr=2705
15:20:12.443 INF Request delivered (in order). clSeqNr=2706
15:20:12.443 INF Request delivered (in order). clSeqNr=2707
15:20:12.443 INF Request delivered (in order). clSeqNr=2708
15:20:12.443 INF Request delivered (in order). clSeqNr=2709
15:20:12.443 INF Request delivered (in order). clSeqNr=2710
15:20:12.443 INF Request delivered (in order). clSeqNr=2711
15:20:12.443 INF Request delivered (in order). clSeqNr=2712
15:20:12.443 INF Request delivered (in order). clSeqNr=2713
15:20:12.443 INF Request delivered (in order). clSeqNr=2714
15:20:12.443 INF Request delivered (in order). clSeqNr=2715
15:20:12.443 INF Request delivered (in order). clSeqNr=2716
15:20:12.444 INF Request delivered (in order). clSeqNr=2717
15:20:12.444 INF Request delivered (in order). clSeqNr=2718
15:20:12.444 INF Request delivered (in order). clSeqNr=2719
15:20:12.444 INF Request delivered (in order). clSeqNr=2720
15:20:12.444 INF Request delivered (in order). clSeqNr=2721
15:20:12.444 INF Request delivered (in order). clSeqNr=2722
15:20:12.444 INF Request delivered (in order). clSeqNr=2723
15:20:12.444 INF Request delivered (in order). clSeqNr=2724
15:20:12.444 INF Request delivered (in order). clSeqNr=2725
15:20:12.444 INF Request delivered (in order). clSeqNr=2726
15:20:12.444 INF Request delivered (in order). clSeqNr=2727
15:20:12.444 INF Request delivered (in order). clSeqNr=2728
15:20:12.444 INF Request delivered (in order). clSeqNr=2729
15:20:12.444 INF Request delivered (in order). clSeqNr=2730
15:20:12.444 INF Request delivered (in order). clSeqNr=2731
15:20:12.444 INF Request delivered (in order). clSeqNr=2732
15:20:12.444 INF Request delivered (in order). clSeqNr=2733
15:20:12.444 INF Request delivered (in order). clSeqNr=2734
15:20:12.444 INF Request delivered (in order). clSeqNr=2735
15:20:12.444 INF Request delivered (in order). clSeqNr=2736
15:20:12.444 INF Request delivered (in order). clSeqNr=2737
15:20:12.444 INF Request delivered (in order). clSeqNr=2738
15:20:12.444 INF Request delivered (in order). clSeqNr=2739
15:20:12.444 INF Request delivered (in order). clSeqNr=2740
15:20:12.444 INF Request delivered (in order). clSeqNr=2741
15:20:12.444 INF Request delivered (in order). clSeqNr=2742
15:20:12.444 INF Request delivered (in order). clSeqNr=2743
15:20:12.444 INF Request delivered (in order). clSeqNr=2744
15:20:12.444 INF Request delivered (in order). clSeqNr=2745
15:20:12.444 INF Request delivered (in order). clSeqNr=2746
15:20:12.444 INF Request delivered (in order). clSeqNr=2747
15:20:12.444 INF Request delivered (in order). clSeqNr=2748
15:20:12.444 INF Request delivered (in order). clSeqNr=2749
15:20:12.444 INF Request delivered (in order). clSeqNr=2750
15:20:12.444 INF Request delivered (in order). clSeqNr=2751
15:20:12.444 INF Request delivered (in order). clSeqNr=2752
15:20:12.444 INF Request delivered (in order). clSeqNr=2753
15:20:12.444 INF Request delivered (in order). clSeqNr=2754
15:20:12.444 INF Request delivered (in order). clSeqNr=2755
15:20:12.444 INF Request delivered (in order). clSeqNr=2756
15:20:12.444 INF Request delivered (in order). clSeqNr=2757
15:20:12.444 INF Request delivered (in order). clSeqNr=2758
15:20:12.444 INF Request delivered (in order). clSeqNr=2759
15:20:12.444 INF Request delivered (in order). clSeqNr=2760
15:20:12.444 INF Request delivered (in order). clSeqNr=2761
15:20:12.444 INF Request delivered (in order). clSeqNr=2762
15:20:12.444 INF Request delivered (in order). clSeqNr=2763
15:20:12.444 INF Request delivered (in order). clSeqNr=2764
15:20:12.444 INF Request delivered (in order). clSeqNr=2765
15:20:12.444 INF Request delivered (in order). clSeqNr=2766
15:20:12.444 INF Request delivered (in order). clSeqNr=2767
15:20:12.445 INF Request delivered (in order). clSeqNr=2768
15:20:12.445 INF Request delivered (in order). clSeqNr=2769
15:20:12.445 INF Request delivered (in order). clSeqNr=2770
15:20:12.445 INF Request delivered (in order). clSeqNr=2771
15:20:12.445 INF Request delivered (in order). clSeqNr=2772
15:20:12.445 INF Request delivered (in order). clSeqNr=2773
15:20:12.445 INF Request delivered (in order). clSeqNr=2774
15:20:12.445 INF Request delivered (in order). clSeqNr=2775
15:20:12.445 INF Request delivered (in order). clSeqNr=2776
15:20:12.445 INF Request delivered (in order). clSeqNr=2777
15:20:12.445 INF Request delivered (in order). clSeqNr=2778
15:20:12.445 INF Request delivered (in order). clSeqNr=2779
15:20:12.445 INF Request delivered (in order). clSeqNr=2780
15:20:12.445 INF Request delivered (in order). clSeqNr=2781
15:20:12.445 INF Request delivered (in order). clSeqNr=2782
15:20:12.445 INF Request delivered (in order). clSeqNr=2783
15:20:12.445 INF Request delivered (in order). clSeqNr=2784
15:20:12.445 INF Request delivered (in order). clSeqNr=2785
15:20:12.445 INF Request delivered (in order). clSeqNr=2786
15:20:12.445 INF Request delivered (in order). clSeqNr=2787
15:20:12.445 INF Request delivered (in order). clSeqNr=2788
15:20:12.445 INF Request delivered (in order). clSeqNr=2789
15:20:12.445 INF Request delivered (in order). clSeqNr=2790
15:20:12.445 INF Request delivered (in order). clSeqNr=2791
15:20:12.445 INF Request delivered (in order). clSeqNr=2792
15:20:12.445 INF Request delivered (in order). clSeqNr=2793
15:20:12.445 INF Request delivered (in order). clSeqNr=2794
15:20:12.445 INF Request delivered (in order). clSeqNr=2795
15:20:12.445 INF Request delivered (in order). clSeqNr=2796
15:20:12.445 INF Request delivered (in order). clSeqNr=2797
15:20:12.445 INF Request delivered (in order). clSeqNr=2798
15:20:12.445 INF Request delivered (in order). clSeqNr=2799
15:20:12.445 INF Request delivered (in order). clSeqNr=2800
15:20:12.445 INF Request delivered (in order). clSeqNr=2801
15:20:12.445 INF Request delivered (in order). clSeqNr=2802
15:20:12.445 INF Request delivered (in order). clSeqNr=2803
15:20:12.445 INF Request delivered (in order). clSeqNr=2804
15:20:12.445 INF Request delivered (in order). clSeqNr=2805
15:20:12.445 INF Request delivered (in order). clSeqNr=2806
15:20:12.445 INF Request delivered (in order). clSeqNr=2807
15:20:12.445 INF Request delivered (in order). clSeqNr=2808
15:20:12.445 INF Request delivered (in order). clSeqNr=2809
15:20:12.445 INF Request delivered (in order). clSeqNr=2810
15:20:12.445 INF Request delivered (in order). clSeqNr=2811
15:20:12.445 INF Request delivered (in order). clSeqNr=2812
15:20:12.445 INF Request delivered (in order). clSeqNr=2813
15:20:12.445 INF Request delivered (in order). clSeqNr=2814
15:20:12.445 INF Request delivered (in order). clSeqNr=2815
15:20:12.445 INF Request delivered (in order). clSeqNr=2816
15:20:12.445 INF Request delivered (in order). clSeqNr=2817
15:20:12.445 INF Request delivered (in order). clSeqNr=2818
15:20:12.445 INF Request delivered (in order). clSeqNr=2819
15:20:12.445 INF Request delivered (in order). clSeqNr=2820
15:20:12.445 INF Request delivered (in order). clSeqNr=2821
15:20:12.445 INF Request delivered (in order). clSeqNr=2822
15:20:12.445 INF Request delivered (in order). clSeqNr=2823
15:20:12.445 INF Request delivered (in order). clSeqNr=2824
15:20:12.445 INF Request delivered (in order). clSeqNr=2825
15:20:12.445 INF Request delivered (in order). clSeqNr=2826
15:20:12.445 INF Request delivered (in order). clSeqNr=2827
15:20:12.445 INF Request delivered (in order). clSeqNr=2828
15:20:12.445 INF Request delivered (in order). clSeqNr=2829
15:20:12.446 INF Request delivered (in order). clSeqNr=2830
15:20:12.446 INF Request delivered (in order). clSeqNr=2831
15:20:12.446 INF Request delivered (in order). clSeqNr=2832
15:20:12.446 INF Request delivered (in order). clSeqNr=2833
15:20:13.390 INF Updating bucket assignment. epoch=1
15:20:13.390 INF Resubmitted Requests. epoch=1 n=79
15:20:18.682 INF Request finished (out of order). clSeqNr=2930
15:20:18.683 INF Request finished (out of order). clSeqNr=2946
15:20:18.684 INF Request finished (out of order). clSeqNr=2962
15:20:18.684 INF Request finished (out of order). clSeqNr=2978
15:20:18.685 INF Request finished (out of order). clSeqNr=2994
15:20:18.686 INF Request finished (out of order). clSeqNr=3010
15:20:18.687 INF Request finished (out of order). clSeqNr=3026
15:20:18.687 INF Request finished (out of order). clSeqNr=3042
15:20:18.688 INF Request finished (out of order). clSeqNr=3058
15:20:18.689 INF Request finished (out of order). clSeqNr=3074
15:20:18.689 INF Request finished (out of order). clSeqNr=2834
15:20:18.689 INF Request delivered (in order). clSeqNr=2834
15:20:18.689 INF Request delivered (in order). clSeqNr=2835
15:20:18.689 INF Request delivered (in order). clSeqNr=2836
15:20:18.689 INF Request delivered (in order). clSeqNr=2837
15:20:18.689 INF Request delivered (in order). clSeqNr=2838
15:20:18.689 INF Request delivered (in order). clSeqNr=2839
15:20:18.689 INF Request delivered (in order). clSeqNr=2840
15:20:18.689 INF Request delivered (in order). clSeqNr=2841
15:20:18.689 INF Request delivered (in order). clSeqNr=2842
15:20:18.689 INF Request delivered (in order). clSeqNr=2843
15:20:18.689 INF Request delivered (in order). clSeqNr=2844
15:20:18.689 INF Request delivered (in order). clSeqNr=2845
15:20:18.689 INF Request delivered (in order). clSeqNr=2846
15:20:18.689 INF Request delivered (in order). clSeqNr=2847
15:20:18.689 INF Request delivered (in order). clSeqNr=2848
15:20:18.689 INF Request delivered (in order). clSeqNr=2849
15:20:18.723 INF Request finished (out of order). clSeqNr=2850
15:20:18.723 INF Request delivered (in order). clSeqNr=2850
15:20:18.723 INF Request delivered (in order). clSeqNr=2851
15:20:18.723 INF Request delivered (in order). clSeqNr=2852
15:20:18.723 INF Request delivered (in order). clSeqNr=2853
15:20:18.723 INF Request delivered (in order). clSeqNr=2854
15:20:18.723 INF Request delivered (in order). clSeqNr=2855
15:20:18.723 INF Request delivered (in order). clSeqNr=2856
15:20:18.723 INF Request delivered (in order). clSeqNr=2857
15:20:18.723 INF Request delivered (in order). clSeqNr=2858
15:20:18.723 INF Request delivered (in order). clSeqNr=2859
15:20:18.723 INF Request delivered (in order). clSeqNr=2860
15:20:18.723 INF Request delivered (in order). clSeqNr=2861
15:20:18.723 INF Request delivered (in order). clSeqNr=2862
15:20:18.723 INF Request delivered (in order). clSeqNr=2863
15:20:18.723 INF Request delivered (in order). clSeqNr=2864
15:20:18.723 INF Request delivered (in order). clSeqNr=2865
15:20:18.723 INF Request finished (out of order). clSeqNr=2866
15:20:18.723 INF Request delivered (in order). clSeqNr=2866
15:20:18.723 INF Request delivered (in order). clSeqNr=2867
15:20:18.723 INF Request delivered (in order). clSeqNr=2868
15:20:18.723 INF Request delivered (in order). clSeqNr=2869
15:20:18.723 INF Request delivered (in order). clSeqNr=2870
15:20:18.723 INF Request delivered (in order). clSeqNr=2871
15:20:18.723 INF Request delivered (in order). clSeqNr=2872
15:20:18.723 INF Request delivered (in order). clSeqNr=2873
15:20:18.723 INF Request delivered (in order). clSeqNr=2874
15:20:18.723 INF Request delivered (in order). clSeqNr=2875
15:20:18.723 INF Request delivered (in order). clSeqNr=2876
15:20:18.723 INF Request delivered (in order). clSeqNr=2877
15:20:18.723 INF Request delivered (in order). clSeqNr=2878
15:20:18.723 INF Request delivered (in order). clSeqNr=2879
15:20:18.723 INF Request delivered (in order). clSeqNr=2880
15:20:18.723 INF Request delivered (in order). clSeqNr=2881
15:20:18.728 INF Request finished (out of order). clSeqNr=2882
15:20:18.728 INF Request delivered (in order). clSeqNr=2882
15:20:18.728 INF Request delivered (in order). clSeqNr=2883
15:20:18.728 INF Request delivered (in order). clSeqNr=2884
15:20:18.728 INF Request delivered (in order). clSeqNr=2885
15:20:18.728 INF Request delivered (in order). clSeqNr=2886
15:20:18.728 INF Request delivered (in order). clSeqNr=2887
15:20:18.728 INF Request delivered (in order). clSeqNr=2888
15:20:18.728 INF Request delivered (in order). clSeqNr=2889
15:20:18.728 INF Request delivered (in order). clSeqNr=2890
15:20:18.728 INF Request delivered (in order). clSeqNr=2891
15:20:18.728 INF Request delivered (in order). clSeqNr=2892
15:20:18.728 INF Request delivered (in order). clSeqNr=2893
15:20:18.728 INF Request delivered (in order). clSeqNr=2894
15:20:18.728 INF Request delivered (in order). clSeqNr=2895
15:20:18.728 INF Request delivered (in order). clSeqNr=2896
15:20:18.728 INF Request delivered (in order). clSeqNr=2897
15:20:18.728 INF Request finished (out of order). clSeqNr=2898
15:20:18.728 INF Request delivered (in order). clSeqNr=2898
15:20:18.728 INF Request delivered (in order). clSeqNr=2899
15:20:18.728 INF Request delivered (in order). clSeqNr=2900
15:20:18.728 INF Request delivered (in order). clSeqNr=2901
15:20:18.728 INF Request delivered (in order). clSeqNr=2902
15:20:18.728 INF Request delivered (in order). clSeqNr=2903
15:20:18.728 INF Request delivered (in order). clSeqNr=2904
15:20:18.728 INF Request delivered (in order). clSeqNr=2905
15:20:18.728 INF Request delivered (in order). clSeqNr=2906
15:20:18.728 INF Request delivered (in order). clSeqNr=2907
15:20:18.728 INF Request delivered (in order). clSeqNr=2908
15:20:18.728 INF Request delivered (in order). clSeqNr=2909
15:20:18.728 INF Request delivered (in order). clSeqNr=2910
15:20:18.728 INF Request delivered (in order). clSeqNr=2911
15:20:18.728 INF Request delivered (in order). clSeqNr=2912
15:20:18.728 INF Request delivered (in order). clSeqNr=2913
15:20:18.728 INF Request finished (out of order). clSeqNr=2914
15:20:18.728 INF Request delivered (in order). clSeqNr=2914
15:20:18.728 INF Request delivered (in order). clSeqNr=2915
15:20:18.728 INF Request delivered (in order). clSeqNr=2916
15:20:18.728 INF Request delivered (in order). clSeqNr=2917
15:20:18.728 INF Request delivered (in order). clSeqNr=2918
15:20:18.728 INF Request delivered (in order). clSeqNr=2919
15:20:18.728 INF Request delivered (in order). clSeqNr=2920
15:20:18.728 INF Request delivered (in order). clSeqNr=2921
15:20:18.728 INF Request delivered (in order). clSeqNr=2922
15:20:18.728 INF Request delivered (in order). clSeqNr=2923
15:20:18.728 INF Request delivered (in order). clSeqNr=2924
15:20:18.728 INF Request delivered (in order). clSeqNr=2925
15:20:18.728 INF Request delivered (in order). clSeqNr=2926
15:20:18.728 INF Request delivered (in order). clSeqNr=2927
15:20:18.728 INF Request delivered (in order). clSeqNr=2928
15:20:18.728 INF Request delivered (in order). clSeqNr=2929
15:20:18.728 INF Request delivered (in order). clSeqNr=2930
15:20:18.728 INF Request delivered (in order). clSeqNr=2931
15:20:18.728 INF Request delivered (in order). clSeqNr=2932
15:20:18.728 INF Request delivered (in order). clSeqNr=2933
15:20:18.728 INF Request delivered (in order). clSeqNr=2934
15:20:18.728 INF Request delivered (in order). clSeqNr=2935
15:20:18.728 INF Request delivered (in order). clSeqNr=2936
15:20:18.728 INF Request delivered (in order). clSeqNr=2937
15:20:18.728 INF Request delivered (in order). clSeqNr=2938
15:20:18.728 INF Request delivered (in order). clSeqNr=2939
15:20:18.728 INF Request delivered (in order). clSeqNr=2940
15:20:18.729 INF Request delivered (in order). clSeqNr=2941
15:20:18.729 INF Request delivered (in order). clSeqNr=2942
15:20:18.729 INF Request delivered (in order). clSeqNr=2943
15:20:18.729 INF Request delivered (in order). clSeqNr=2944
15:20:18.729 INF Request delivered (in order). clSeqNr=2945
15:20:18.729 INF Request delivered (in order). clSeqNr=2946
15:20:18.729 INF Request delivered (in order). clSeqNr=2947
15:20:18.729 INF Request delivered (in order). clSeqNr=2948
15:20:18.729 INF Request delivered (in order). clSeqNr=2949
15:20:18.729 INF Request delivered (in order). clSeqNr=2950
15:20:18.729 INF Request delivered (in order). clSeqNr=2951
15:20:18.729 INF Request delivered (in order). clSeqNr=2952
15:20:18.729 INF Request delivered (in order). clSeqNr=2953
15:20:18.729 INF Request delivered (in order). clSeqNr=2954
15:20:18.729 INF Request delivered (in order). clSeqNr=2955
15:20:18.729 INF Request delivered (in order). clSeqNr=2956
15:20:18.729 INF Request delivered (in order). clSeqNr=2957
15:20:18.729 INF Request delivered (in order). clSeqNr=2958
15:20:18.729 INF Request delivered (in order). clSeqNr=2959
15:20:18.729 INF Request delivered (in order). clSeqNr=2960
15:20:18.729 INF Request delivered (in order). clSeqNr=2961
15:20:18.729 INF Request delivered (in order). clSeqNr=2962
15:20:18.729 INF Request delivered (in order). clSeqNr=2963
15:20:18.729 INF Request delivered (in order). clSeqNr=2964
15:20:18.729 INF Request delivered (in order). clSeqNr=2965
15:20:18.729 INF Request delivered (in order). clSeqNr=2966
15:20:18.729 INF Request delivered (in order). clSeqNr=2967
15:20:18.729 INF Request delivered (in order). clSeqNr=2968
15:20:18.729 INF Request delivered (in order). clSeqNr=2969
15:20:18.729 INF Request delivered (in order). clSeqNr=2970
15:20:18.729 INF Request delivered (in order). clSeqNr=2971
15:20:18.729 INF Request delivered (in order). clSeqNr=2972
15:20:18.729 INF Request delivered (in order). clSeqNr=2973
15:20:18.729 INF Request delivered (in order). clSeqNr=2974
15:20:18.729 INF Request delivered (in order). clSeqNr=2975
15:20:18.729 INF Request delivered (in order). clSeqNr=2976
15:20:18.729 INF Request delivered (in order). clSeqNr=2977
15:20:18.729 INF Request delivered (in order). clSeqNr=2978
15:20:18.729 INF Request delivered (in order). clSeqNr=2979
15:20:18.729 INF Request delivered (in order). clSeqNr=2980
15:20:18.729 INF Request delivered (in order). clSeqNr=2981
15:20:18.729 INF Request delivered (in order). clSeqNr=2982
15:20:18.729 INF Request delivered (in order). clSeqNr=2983
15:20:18.729 INF Request delivered (in order). clSeqNr=2984
15:20:18.729 INF Request delivered (in order). clSeqNr=2985
15:20:18.729 INF Request delivered (in order). clSeqNr=2986
15:20:18.729 INF Request delivered (in order). clSeqNr=2987
15:20:18.729 INF Request delivered (in order). clSeqNr=2988
15:20:18.729 INF Request delivered (in order). clSeqNr=2989
15:20:18.729 INF Request delivered (in order). clSeqNr=2990
15:20:18.729 INF Request delivered (in order). clSeqNr=2991
15:20:18.729 INF Request delivered (in order). clSeqNr=2992
15:20:18.729 INF Request delivered (in order). clSeqNr=2993
15:20:18.729 INF Request delivered (in order). clSeqNr=2994
15:20:18.729 INF Request delivered (in order). clSeqNr=2995
15:20:18.729 INF Request delivered (in order). clSeqNr=2996
15:20:18.729 INF Request delivered (in order). clSeqNr=2997
15:20:18.729 INF Request delivered (in order). clSeqNr=2998
15:20:18.729 INF Request delivered (in order). clSeqNr=2999
15:20:18.729 INF Request delivered (in order). clSeqNr=3000
15:20:18.730 INF Request delivered (in order). clSeqNr=3001
15:20:18.730 INF Request delivered (in order). clSeqNr=3002
15:20:18.730 INF Request delivered (in order). clSeqNr=3003
15:20:18.730 INF Request delivered (in order). clSeqNr=3004
15:20:18.730 INF Request delivered (in order). clSeqNr=3005
15:20:18.730 INF Request delivered (in order). clSeqNr=3006
15:20:18.730 INF Request delivered (in order). clSeqNr=3007
15:20:18.730 INF Request delivered (in order). clSeqNr=3008
15:20:18.730 INF Request delivered (in order). clSeqNr=3009
15:20:18.730 INF Request delivered (in order). clSeqNr=3010
15:20:18.730 INF Request delivered (in order). clSeqNr=3011
15:20:18.730 INF Request delivered (in order). clSeqNr=3012
15:20:18.730 INF Request delivered (in order). clSeqNr=3013
15:20:18.730 INF Request delivered (in order). clSeqNr=3014
15:20:18.730 INF Request delivered (in order). clSeqNr=3015
15:20:18.730 INF Request delivered (in order). clSeqNr=3016
15:20:18.730 INF Request delivered (in order). clSeqNr=3017
15:20:18.730 INF Request delivered (in order). clSeqNr=3018
15:20:18.730 INF Request delivered (in order). clSeqNr=3019
15:20:18.730 INF Request delivered (in order). clSeqNr=3020
15:20:18.730 INF Request delivered (in order). clSeqNr=3021
15:20:18.730 INF Request delivered (in order). clSeqNr=3022
15:20:18.730 INF Request delivered (in order). clSeqNr=3023
15:20:18.730 INF Request delivered (in order). clSeqNr=3024
15:20:18.730 INF Request delivered (in order). clSeqNr=3025
15:20:18.730 INF Request delivered (in order). clSeqNr=3026
15:20:18.730 INF Request delivered (in order). clSeqNr=3027
15:20:18.730 INF Request delivered (in order). clSeqNr=3028
15:20:18.730 INF Request delivered (in order). clSeqNr=3029
15:20:18.730 INF Request delivered (in order). clSeqNr=3030
15:20:18.730 INF Request delivered (in order). clSeqNr=3031
15:20:18.730 INF Request delivered (in order). clSeqNr=3032
15:20:18.730 INF Request delivered (in order). clSeqNr=3033
15:20:18.730 INF Request delivered (in order). clSeqNr=3034
15:20:18.730 INF Request delivered (in order). clSeqNr=3035
15:20:18.730 INF Request delivered (in order). clSeqNr=3036
15:20:18.730 INF Request delivered (in order). clSeqNr=3037
15:20:18.730 INF Request delivered (in order). clSeqNr=3038
15:20:18.730 INF Request delivered (in order). clSeqNr=3039
15:20:18.730 INF Request delivered (in order). clSeqNr=3040
15:20:18.730 INF Request delivered (in order). clSeqNr=3041
15:20:18.730 INF Request delivered (in order). clSeqNr=3042
15:20:18.730 INF Request delivered (in order). clSeqNr=3043
15:20:18.730 INF Request delivered (in order). clSeqNr=3044
15:20:18.730 INF Request delivered (in order). clSeqNr=3045
15:20:18.730 INF Request delivered (in order). clSeqNr=3046
15:20:18.730 INF Request delivered (in order). clSeqNr=3047
15:20:18.730 INF Request delivered (in order). clSeqNr=3048
15:20:18.730 INF Request delivered (in order). clSeqNr=3049
15:20:18.730 INF Request delivered (in order). clSeqNr=3050
15:20:18.730 INF Request delivered (in order). clSeqNr=3051
15:20:18.730 INF Request delivered (in order). clSeqNr=3052
15:20:18.730 INF Request delivered (in order). clSeqNr=3053
15:20:18.730 INF Request delivered (in order). clSeqNr=3054
15:20:18.730 INF Request delivered (in order). clSeqNr=3055
15:20:18.730 INF Request delivered (in order). clSeqNr=3056
15:20:18.730 INF Request delivered (in order). clSeqNr=3057
15:20:18.730 INF Request delivered (in order). clSeqNr=3058
15:20:18.730 INF Request delivered (in order). clSeqNr=3059
15:20:18.730 INF Request delivered (in order). clSeqNr=3060
15:20:18.730 INF Request delivered (in order). clSeqNr=3061
15:20:18.730 INF Request delivered (in order). clSeqNr=3062
15:20:18.730 INF Request delivered (in order). clSeqNr=3063
15:20:18.730 INF Request delivered (in order). clSeqNr=3064
15:20:18.730 INF Request delivered (in order). clSeqNr=3065
15:20:18.730 INF Request delivered (in order). clSeqNr=3066
15:20:18.730 INF Request delivered (in order). clSeqNr=3067
15:20:18.731 INF Request delivered (in order). clSeqNr=3068
15:20:18.731 INF Request delivered (in order). clSeqNr=3069
15:20:18.731 INF Request delivered (in order). clSeqNr=3070
15:20:18.731 INF Request delivered (in order). clSeqNr=3071
15:20:18.731 INF Request delivered (in order). clSeqNr=3072
15:20:18.731 INF Request delivered (in order). clSeqNr=3073
15:20:18.731 INF Request delivered (in order). clSeqNr=3074
15:20:18.731 INF Request delivered (in order). clSeqNr=3075
15:20:18.731 INF Request delivered (in order). clSeqNr=3076
15:20:18.731 INF Request delivered (in order). clSeqNr=3077
15:20:18.731 INF Request delivered (in order). clSeqNr=3078
15:20:18.731 INF Request delivered (in order). clSeqNr=3079
15:20:18.731 INF Request delivered (in order). clSeqNr=3080
15:20:18.731 INF Request delivered (in order). clSeqNr=3081
15:20:18.731 INF Request delivered (in order). clSeqNr=3082
15:20:18.731 INF Request delivered (in order). clSeqNr=3083
15:20:18.731 INF Request delivered (in order). clSeqNr=3084
15:20:18.731 INF Request delivered (in order). clSeqNr=3085
15:20:18.731 INF Request delivered (in order). clSeqNr=3086
15:20:18.731 INF Request delivered (in order). clSeqNr=3087
15:20:18.731 INF Request delivered (in order). clSeqNr=3088
15:20:18.731 INF Request delivered (in order). clSeqNr=3089
15:20:23.681 INF Request finished (out of order). clSeqNr=3186
15:20:23.682 INF Request finished (out of order). clSeqNr=3202
15:20:23.682 INF Request finished (out of order). clSeqNr=3218
15:20:23.683 INF Request finished (out of order). clSeqNr=3234
15:20:23.684 INF Request finished (out of order). clSeqNr=3250
15:20:23.685 INF Request finished (out of order). clSeqNr=3266
15:20:23.685 INF Request finished (out of order). clSeqNr=3282
15:20:23.686 INF Request finished (out of order). clSeqNr=3298
15:20:23.687 INF Request finished (out of order). clSeqNr=3314
15:20:23.687 INF Request finished (out of order). clSeqNr=3330
15:20:23.687 INF Request finished (out of order). clSeqNr=3090
15:20:23.688 INF Request delivered (in order). clSeqNr=3090
15:20:23.688 INF Request delivered (in order). clSeqNr=3091
15:20:23.688 INF Request delivered (in order). clSeqNr=3092
15:20:23.688 INF Request delivered (in order). clSeqNr=3093
15:20:23.688 INF Request delivered (in order). clSeqNr=3094
15:20:23.688 INF Request delivered (in order). clSeqNr=3095
15:20:23.688 INF Request delivered (in order). clSeqNr=3096
15:20:23.688 INF Request delivered (in order). clSeqNr=3097
15:20:23.688 INF Request delivered (in order). clSeqNr=3098
15:20:23.688 INF Request delivered (in order). clSeqNr=3099
15:20:23.688 INF Request delivered (in order). clSeqNr=3100
15:20:23.688 INF Request delivered (in order). clSeqNr=3101
15:20:23.688 INF Request delivered (in order). clSeqNr=3102
15:20:23.688 INF Request delivered (in order). clSeqNr=3103
15:20:23.688 INF Request delivered (in order). clSeqNr=3104
15:20:23.688 INF Request delivered (in order). clSeqNr=3105
15:20:23.717 INF Request finished (out of order). clSeqNr=3346
15:20:23.717 INF Request finished (out of order). clSeqNr=3106
15:20:23.717 INF Request delivered (in order). clSeqNr=3106
15:20:23.717 INF Request delivered (in order). clSeqNr=3107
15:20:23.717 INF Request delivered (in order). clSeqNr=3108
15:20:23.717 INF Request delivered (in order). clSeqNr=3109
15:20:23.717 INF Request delivered (in order). clSeqNr=3110
15:20:23.717 INF Request delivered (in order). clSeqNr=3111
15:20:23.717 INF Request delivered (in order). clSeqNr=3112
15:20:23.717 INF Request delivered (in order). clSeqNr=3113
15:20:23.717 INF Request delivered (in order). clSeqNr=3114
15:20:23.717 INF Request delivered (in order). clSeqNr=3115
15:20:23.717 INF Request delivered (in order). clSeqNr=3116
15:20:23.717 INF Request delivered (in order). clSeqNr=3117
15:20:23.717 INF Request delivered (in order). clSeqNr=3118
15:20:23.717 INF Request delivered (in order). clSeqNr=3119
15:20:23.717 INF Request delivered (in order). clSeqNr=3120
15:20:23.717 INF Request delivered (in order). clSeqNr=3121
15:20:23.717 INF Request finished (out of order). clSeqNr=3122
15:20:23.717 INF Request delivered (in order). clSeqNr=3122
15:20:23.717 INF Request delivered (in order). clSeqNr=3123
15:20:23.717 INF Request delivered (in order). clSeqNr=3124
15:20:23.717 INF Request delivered (in order). clSeqNr=3125
15:20:23.717 INF Request delivered (in order). clSeqNr=3126
15:20:23.717 INF Request delivered (in order). clSeqNr=3127
15:20:23.717 INF Request delivered (in order). clSeqNr=3128
15:20:23.717 INF Request delivered (in order). clSeqNr=3129
15:20:23.718 INF Request delivered (in order). clSeqNr=3130
15:20:23.718 INF Request delivered (in order). clSeqNr=3131
15:20:23.718 INF Request delivered (in order). clSeqNr=3132
15:20:23.718 INF Request delivered (in order). clSeqNr=3133
15:20:23.718 INF Request delivered (in order). clSeqNr=3134
15:20:23.718 INF Request delivered (in order). clSeqNr=3135
15:20:23.718 INF Request delivered (in order). clSeqNr=3136
15:20:23.718 INF Request delivered (in order). clSeqNr=3137
15:20:23.718 INF Request finished (out of order). clSeqNr=3138
15:20:23.718 INF Request delivered (in order). clSeqNr=3138
15:20:23.718 INF Request delivered (in order). clSeqNr=3139
15:20:23.718 INF Request delivered (in order). clSeqNr=3140
15:20:23.718 INF Request delivered (in order). clSeqNr=3141
15:20:23.718 INF Request delivered (in order). clSeqNr=3142
15:20:23.718 INF Request delivered (in order). clSeqNr=3143
15:20:23.718 INF Request delivered (in order). clSeqNr=3144
15:20:23.718 INF Request delivered (in order). clSeqNr=3145
15:20:23.718 INF Request delivered (in order). clSeqNr=3146
15:20:23.718 INF Request delivered (in order). clSeqNr=3147
15:20:23.718 INF Request delivered (in order). clSeqNr=3148
15:20:23.718 INF Request delivered (in order). clSeqNr=3149
15:20:23.718 INF Request delivered (in order). clSeqNr=3150
15:20:23.718 INF Request delivered (in order). clSeqNr=3151
15:20:23.718 INF Request delivered (in order). clSeqNr=3152
15:20:23.718 INF Request delivered (in order). clSeqNr=3153
15:20:23.718 INF Request finished (out of order). clSeqNr=3154
15:20:23.718 INF Request delivered (in order). clSeqNr=3154
15:20:23.718 INF Request delivered (in order). clSeqNr=3155
15:20:23.718 INF Request delivered (in order). clSeqNr=3156
15:20:23.718 INF Request delivered (in order). clSeqNr=3157
15:20:23.718 INF Request delivered (in order). clSeqNr=3158
15:20:23.718 INF Request delivered (in order). clSeqNr=3159
15:20:23.718 INF Request delivered (in order). clSeqNr=3160
15:20:23.718 INF Request delivered (in order). clSeqNr=3161
15:20:23.718 INF Request delivered (in order). clSeqNr=3162
15:20:23.718 INF Request delivered (in order). clSeqNr=3163
15:20:23.718 INF Request delivered (in order). clSeqNr=3164
15:20:23.718 INF Request delivered (in order). clSeqNr=3165
15:20:23.718 INF Request delivered (in order). clSeqNr=3166
15:20:23.718 INF Request delivered (in order). clSeqNr=3167
15:20:23.718 INF Request delivered (in order). clSeqNr=3168
15:20:23.718 INF Request delivered (in order). clSeqNr=3169
15:20:23.718 INF Request finished (out of order). clSeqNr=3170
15:20:23.718 INF Request delivered (in order). clSeqNr=3170
15:20:23.718 INF Request delivered (in order). clSeqNr=3171
15:20:23.718 INF Request delivered (in order). clSeqNr=3172
15:20:23.718 INF Request delivered (in order). clSeqNr=3173
15:20:23.718 INF Request delivered (in order). clSeqNr=3174
15:20:23.718 INF Request delivered (in order). clSeqNr=3175
15:20:23.718 INF Request delivered (in order). clSeqNr=3176
15:20:23.718 INF Request delivered (in order). clSeqNr=3177
15:20:23.719 INF Request delivered (in order). clSeqNr=3178
15:20:23.719 INF Request delivered (in order). clSeqNr=3179
15:20:23.719 INF Request delivered (in order). clSeqNr=3180
15:20:23.719 INF Request delivered (in order). clSeqNr=3181
15:20:23.719 INF Request delivered (in order). clSeqNr=3182
15:20:23.719 INF Request delivered (in order). clSeqNr=3183
15:20:23.719 INF Request delivered (in order). clSeqNr=3184
15:20:23.719 INF Request delivered (in order). clSeqNr=3185
15:20:23.719 INF Request delivered (in order). clSeqNr=3186
15:20:23.719 INF Request delivered (in order). clSeqNr=3187
15:20:23.719 INF Request delivered (in order). clSeqNr=3188
15:20:23.719 INF Request delivered (in order). clSeqNr=3189
15:20:23.719 INF Request delivered (in order). clSeqNr=3190
15:20:23.719 INF Request delivered (in order). clSeqNr=3191
15:20:23.719 INF Request delivered (in order). clSeqNr=3192
15:20:23.719 INF Request delivered (in order). clSeqNr=3193
15:20:23.719 INF Request delivered (in order). clSeqNr=3194
15:20:23.719 INF Request delivered (in order). clSeqNr=3195
15:20:23.719 INF Request delivered (in order). clSeqNr=3196
15:20:23.719 INF Request delivered (in order). clSeqNr=3197
15:20:23.719 INF Request delivered (in order). clSeqNr=3198
15:20:23.719 INF Request delivered (in order). clSeqNr=3199
15:20:23.719 INF Request delivered (in order). clSeqNr=3200
15:20:23.719 INF Request delivered (in order). clSeqNr=3201
15:20:23.719 INF Request delivered (in order). clSeqNr=3202
15:20:23.719 INF Request delivered (in order). clSeqNr=3203
15:20:23.719 INF Request delivered (in order). clSeqNr=3204
15:20:23.719 INF Request delivered (in order). clSeqNr=3205
15:20:23.719 INF Request delivered (in order). clSeqNr=3206
15:20:23.719 INF Request delivered (in order). clSeqNr=3207
15:20:23.719 INF Request delivered (in order). clSeqNr=3208
15:20:23.719 INF Request delivered (in order). clSeqNr=3209
15:20:23.719 INF Request delivered (in order). clSeqNr=3210
15:20:23.719 INF Request delivered (in order). clSeqNr=3211
15:20:23.719 INF Request delivered (in order). clSeqNr=3212
15:20:23.719 INF Request delivered (in order). clSeqNr=3213
15:20:23.719 INF Request delivered (in order). clSeqNr=3214
15:20:23.719 INF Request delivered (in order). clSeqNr=3215
15:20:23.719 INF Request delivered (in order). clSeqNr=3216
15:20:23.719 INF Request delivered (in order). clSeqNr=3217
15:20:23.719 INF Request delivered (in order). clSeqNr=3218
15:20:23.719 INF Request delivered (in order). clSeqNr=3219
15:20:23.719 INF Request delivered (in order). clSeqNr=3220
15:20:23.719 INF Request delivered (in order). clSeqNr=3221
15:20:23.719 INF Request delivered (in order). clSeqNr=3222
15:20:23.719 INF Request delivered (in order). clSeqNr=3223
15:20:23.719 INF Request delivered (in order). clSeqNr=3224
15:20:23.719 INF Request delivered (in order). clSeqNr=3225
15:20:23.719 INF Request delivered (in order). clSeqNr=3226
15:20:23.719 INF Request delivered (in order). clSeqNr=3227
15:20:23.719 INF Request delivered (in order). clSeqNr=3228
15:20:23.719 INF Request delivered (in order). clSeqNr=3229
15:20:23.719 INF Request delivered (in order). clSeqNr=3230
15:20:23.719 INF Request delivered (in order). clSeqNr=3231
15:20:23.719 INF Request delivered (in order). clSeqNr=3232
15:20:23.719 INF Request delivered (in order). clSeqNr=3233
15:20:23.719 INF Request delivered (in order). clSeqNr=3234
15:20:23.719 INF Request delivered (in order). clSeqNr=3235
15:20:23.719 INF Request delivered (in order). clSeqNr=3236
15:20:23.720 INF Request delivered (in order). clSeqNr=3237
15:20:23.720 INF Request delivered (in order). clSeqNr=3238
15:20:23.720 INF Request delivered (in order). clSeqNr=3239
15:20:23.720 INF Request delivered (in order). clSeqNr=3240
15:20:23.720 INF Request delivered (in order). clSeqNr=3241
15:20:23.720 INF Request delivered (in order). clSeqNr=3242
15:20:23.720 INF Request delivered (in order). clSeqNr=3243
15:20:23.720 INF Request delivered (in order). clSeqNr=3244
15:20:23.720 INF Request delivered (in order). clSeqNr=3245
15:20:23.720 INF Request delivered (in order). clSeqNr=3246
15:20:23.720 INF Request delivered (in order). clSeqNr=3247
15:20:23.720 INF Request delivered (in order). clSeqNr=3248
15:20:23.720 INF Request delivered (in order). clSeqNr=3249
15:20:23.720 INF Request delivered (in order). clSeqNr=3250
15:20:23.720 INF Request delivered (in order). clSeqNr=3251
15:20:23.720 INF Request delivered (in order). clSeqNr=3252
15:20:23.720 INF Request delivered (in order). clSeqNr=3253
15:20:23.720 INF Request delivered (in order). clSeqNr=3254
15:20:23.720 INF Request delivered (in order). clSeqNr=3255
15:20:23.720 INF Request delivered (in order). clSeqNr=3256
15:20:23.720 INF Request delivered (in order). clSeqNr=3257
15:20:23.720 INF Request delivered (in order). clSeqNr=3258
15:20:23.720 INF Request delivered (in order). clSeqNr=3259
15:20:23.720 INF Request delivered (in order). clSeqNr=3260
15:20:23.720 INF Request delivered (in order). clSeqNr=3261
15:20:23.720 INF Request delivered (in order). clSeqNr=3262
15:20:23.720 INF Request delivered (in order). clSeqNr=3263
15:20:23.720 INF Request delivered (in order). clSeqNr=3264
15:20:23.720 INF Request delivered (in order). clSeqNr=3265
15:20:23.720 INF Request delivered (in order). clSeqNr=3266
15:20:23.720 INF Request delivered (in order). clSeqNr=3267
15:20:23.720 INF Request delivered (in order). clSeqNr=3268
15:20:23.720 INF Request delivered (in order). clSeqNr=3269
15:20:23.720 INF Request delivered (in order). clSeqNr=3270
15:20:23.720 INF Request delivered (in order). clSeqNr=3271
15:20:23.720 INF Request delivered (in order). clSeqNr=3272
15:20:23.720 INF Request delivered (in order). clSeqNr=3273
15:20:23.720 INF Request delivered (in order). clSeqNr=3274
15:20:23.720 INF Request delivered (in order). clSeqNr=3275
15:20:23.720 INF Request delivered (in order). clSeqNr=3276
15:20:23.720 INF Request delivered (in order). clSeqNr=3277
15:20:23.720 INF Request delivered (in order). clSeqNr=3278
15:20:23.720 INF Request delivered (in order). clSeqNr=3279
15:20:23.720 INF Request delivered (in order). clSeqNr=3280
15:20:23.720 INF Request delivered (in order). clSeqNr=3281
15:20:23.720 INF Request delivered (in order). clSeqNr=3282
15:20:23.720 INF Request delivered (in order). clSeqNr=3283
15:20:23.720 INF Request delivered (in order). clSeqNr=3284
15:20:23.720 INF Request delivered (in order). clSeqNr=3285
15:20:23.720 INF Request delivered (in order). clSeqNr=3286
15:20:23.720 INF Request delivered (in order). clSeqNr=3287
15:20:23.721 INF Request delivered (in order). clSeqNr=3288
15:20:23.721 INF Request delivered (in order). clSeqNr=3289
15:20:23.721 INF Request delivered (in order). clSeqNr=3290
15:20:23.721 INF Request delivered (in order). clSeqNr=3291
15:20:23.721 INF Request delivered (in order). clSeqNr=3292
15:20:23.721 INF Request delivered (in order). clSeqNr=3293
15:20:23.721 INF Request delivered (in order). clSeqNr=3294
15:20:23.721 INF Request delivered (in order). clSeqNr=3295
15:20:23.721 INF Request delivered (in order). clSeqNr=3296
15:20:23.721 INF Request delivered (in order). clSeqNr=3297
15:20:23.721 INF Request delivered (in order). clSeqNr=3298
15:20:23.721 INF Request delivered (in order). clSeqNr=3299
15:20:23.721 INF Request delivered (in order). clSeqNr=3300
15:20:23.721 INF Request delivered (in order). clSeqNr=3301
15:20:23.721 INF Request delivered (in order). clSeqNr=3302
15:20:23.721 INF Request delivered (in order). clSeqNr=3303
15:20:23.721 INF Request delivered (in order). clSeqNr=3304
15:20:23.721 INF Request delivered (in order). clSeqNr=3305
15:20:23.721 INF Request delivered (in order). clSeqNr=3306
15:20:23.721 INF Request delivered (in order). clSeqNr=3307
15:20:23.721 INF Request delivered (in order). clSeqNr=3308
15:20:23.721 INF Request delivered (in order). clSeqNr=3309
15:20:23.721 INF Request delivered (in order). clSeqNr=3310
15:20:23.721 INF Request delivered (in order). clSeqNr=3311
15:20:23.721 INF Request delivered (in order). clSeqNr=3312
15:20:23.721 INF Request delivered (in order). clSeqNr=3313
15:20:23.721 INF Request delivered (in order). clSeqNr=3314
15:20:23.721 INF Request delivered (in order). clSeqNr=3315
15:20:23.721 INF Request delivered (in order). clSeqNr=3316
15:20:23.721 INF Request delivered (in order). clSeqNr=3317
15:20:23.721 INF Request delivered (in order). clSeqNr=3318
15:20:23.721 INF Request delivered (in order). clSeqNr=3319
15:20:23.721 INF Request delivered (in order). clSeqNr=3320
15:20:23.721 INF Request delivered (in order). clSeqNr=3321
15:20:23.721 INF Request delivered (in order). clSeqNr=3322
15:20:23.721 INF Request delivered (in order). clSeqNr=3323
15:20:23.721 INF Request delivered (in order). clSeqNr=3324
15:20:23.721 INF Request delivered (in order). clSeqNr=3325
15:20:23.721 INF Request delivered (in order). clSeqNr=3326
15:20:23.721 INF Request delivered (in order). clSeqNr=3327
15:20:23.721 INF Request delivered (in order). clSeqNr=3328
15:20:23.721 INF Request delivered (in order). clSeqNr=3329
15:20:23.721 INF Request delivered (in order). clSeqNr=3330
15:20:23.721 INF Request delivered (in order). clSeqNr=3331
15:20:23.721 INF Request delivered (in order). clSeqNr=3332
15:20:23.721 INF Request delivered (in order). clSeqNr=3333
15:20:23.721 INF Request delivered (in order). clSeqNr=3334
15:20:23.721 INF Request delivered (in order). clSeqNr=3335
15:20:23.721 INF Request delivered (in order). clSeqNr=3336
15:20:23.721 INF Request delivered (in order). clSeqNr=3337
15:20:23.721 INF Request delivered (in order). clSeqNr=3338
15:20:23.721 INF Request delivered (in order). clSeqNr=3339
15:20:23.721 INF Request delivered (in order). clSeqNr=3340
15:20:23.721 INF Request delivered (in order). clSeqNr=3341
15:20:23.721 INF Request delivered (in order). clSeqNr=3342
15:20:23.721 INF Request delivered (in order). clSeqNr=3343
15:20:23.721 INF Request delivered (in order). clSeqNr=3344
15:20:23.721 INF Request delivered (in order). clSeqNr=3345
15:20:23.721 INF Request delivered (in order). clSeqNr=3346
15:20:23.721 INF Request delivered (in order). clSeqNr=3347
15:20:23.722 INF Request delivered (in order). clSeqNr=3348
15:20:23.722 INF Request delivered (in order). clSeqNr=3349
15:20:23.722 INF Request delivered (in order). clSeqNr=3350
15:20:23.722 INF Request delivered (in order). clSeqNr=3351
15:20:23.722 INF Request delivered (in order). clSeqNr=3352
15:20:23.722 INF Request delivered (in order). clSeqNr=3353
15:20:23.722 INF Request delivered (in order). clSeqNr=3354
15:20:23.722 INF Request delivered (in order). clSeqNr=3355
15:20:23.722 INF Request delivered (in order). clSeqNr=3356
15:20:23.722 INF Request delivered (in order). clSeqNr=3357
15:20:23.722 INF Request delivered (in order). clSeqNr=3358
15:20:23.722 INF Request delivered (in order). clSeqNr=3359
15:20:23.722 INF Request delivered (in order). clSeqNr=3360
15:20:23.722 INF Request delivered (in order). clSeqNr=3361
15:20:23.722 INF Request finished (out of order). clSeqNr=3442
15:20:23.722 INF Request finished (out of order). clSeqNr=3458
15:20:23.722 INF Request finished (out of order). clSeqNr=3474
15:20:23.722 INF Request finished (out of order). clSeqNr=3490
15:20:23.722 INF Request finished (out of order). clSeqNr=3506
15:20:23.722 INF Request finished (out of order). clSeqNr=3522
15:20:23.722 INF Request finished (out of order). clSeqNr=3538
15:20:23.722 INF Request finished (out of order). clSeqNr=3554
15:20:23.722 INF Request finished (out of order). clSeqNr=3570
15:20:23.722 INF Request finished (out of order). clSeqNr=3586
15:20:23.722 INF Request finished (out of order). clSeqNr=3362
15:20:23.722 INF Request delivered (in order). clSeqNr=3362
15:20:23.722 INF Request delivered (in order). clSeqNr=3363
15:20:23.722 INF Request delivered (in order). clSeqNr=3364
15:20:23.722 INF Request delivered (in order). clSeqNr=3365
15:20:23.722 INF Request delivered (in order). clSeqNr=3366
15:20:23.722 INF Request delivered (in order). clSeqNr=3367
15:20:23.722 INF Request delivered (in order). clSeqNr=3368
15:20:23.722 INF Request delivered (in order). clSeqNr=3369
15:20:23.722 INF Request delivered (in order). clSeqNr=3370
15:20:23.722 INF Request delivered (in order). clSeqNr=3371
15:20:23.722 INF Request delivered (in order). clSeqNr=3372
15:20:23.722 INF Request delivered (in order). clSeqNr=3373
15:20:23.722 INF Request delivered (in order). clSeqNr=3374
15:20:23.722 INF Request delivered (in order). clSeqNr=3375
15:20:23.722 INF Request delivered (in order). clSeqNr=3376
15:20:23.722 INF Request delivered (in order). clSeqNr=3377
15:20:23.722 INF Request finished (out of order). clSeqNr=3378
15:20:23.722 INF Request delivered (in order). clSeqNr=3378
15:20:23.722 INF Request delivered (in order). clSeqNr=3379
15:20:23.722 INF Request delivered (in order). clSeqNr=3380
15:20:23.722 INF Request delivered (in order). clSeqNr=3381
15:20:23.722 INF Request delivered (in order). clSeqNr=3382
15:20:23.722 INF Request delivered (in order). clSeqNr=3383
15:20:23.722 INF Request delivered (in order). clSeqNr=3384
15:20:23.722 INF Request delivered (in order). clSeqNr=3385
15:20:23.722 INF Request delivered (in order). clSeqNr=3386
15:20:23.722 INF Request delivered (in order). clSeqNr=3387
15:20:23.722 INF Request delivered (in order). clSeqNr=3388
15:20:23.722 INF Request delivered (in order). clSeqNr=3389
15:20:23.722 INF Request delivered (in order). clSeqNr=3390
15:20:23.722 INF Request delivered (in order). clSeqNr=3391
15:20:23.722 INF Request delivered (in order). clSeqNr=3392
15:20:23.722 INF Request delivered (in order). clSeqNr=3393
15:20:23.722 INF Request finished (out of order). clSeqNr=3394
15:20:23.722 INF Request delivered (in order). clSeqNr=3394
15:20:23.722 INF Request delivered (in order). clSeqNr=3395
15:20:23.722 INF Request delivered (in order). clSeqNr=3396
15:20:23.723 INF Request delivered (in order). clSeqNr=3397
15:20:23.723 INF Request delivered (in order). clSeqNr=3398
15:20:23.723 INF Request delivered (in order). clSeqNr=3399
15:20:23.723 INF Request delivered (in order). clSeqNr=3400
15:20:23.723 INF Request delivered (in order). clSeqNr=3401
15:20:23.723 INF Request delivered (in order). clSeqNr=3402
15:20:23.723 INF Request delivered (in order). clSeqNr=3403
15:20:23.723 INF Request delivered (in order). clSeqNr=3404
15:20:23.723 INF Request delivered (in order). clSeqNr=3405
15:20:23.723 INF Request delivered (in order). clSeqNr=3406
15:20:23.723 INF Request delivered (in order). clSeqNr=3407
15:20:23.723 INF Request delivered (in order). clSeqNr=3408
15:20:23.723 INF Request delivered (in order). clSeqNr=3409
15:20:23.723 INF Request finished (out of order). clSeqNr=3410
15:20:23.723 INF Request delivered (in order). clSeqNr=3410
15:20:23.723 INF Request delivered (in order). clSeqNr=3411
15:20:23.723 INF Request delivered (in order). clSeqNr=3412
15:20:23.723 INF Request delivered (in order). clSeqNr=3413
15:20:23.723 INF Request delivered (in order). clSeqNr=3414
15:20:23.723 INF Request delivered (in order). clSeqNr=3415
15:20:23.723 INF Request delivered (in order). clSeqNr=3416
15:20:23.723 INF Request delivered (in order). clSeqNr=3417
15:20:23.723 INF Request delivered (in order). clSeqNr=3418
15:20:23.723 INF Request delivered (in order). clSeqNr=3419
15:20:23.723 INF Request delivered (in order). clSeqNr=3420
15:20:23.723 INF Request delivered (in order). clSeqNr=3421
15:20:23.723 INF Request delivered (in order). clSeqNr=3422
15:20:23.723 INF Request delivered (in order). clSeqNr=3423
15:20:23.723 INF Request delivered (in order). clSeqNr=3424
15:20:23.723 INF Request delivered (in order). clSeqNr=3425
15:20:23.723 INF Request finished (out of order). clSeqNr=3426
15:20:23.723 INF Request delivered (in order). clSeqNr=3426
15:20:23.723 INF Request delivered (in order). clSeqNr=3427
15:20:23.723 INF Request delivered (in order). clSeqNr=3428
15:20:23.723 INF Request delivered (in order). clSeqNr=3429
15:20:23.723 INF Request delivered (in order). clSeqNr=3430
15:20:23.723 INF Request delivered (in order). clSeqNr=3431
15:20:23.723 INF Request delivered (in order). clSeqNr=3432
15:20:23.723 INF Request delivered (in order). clSeqNr=3433
15:20:23.723 INF Request delivered (in order). clSeqNr=3434
15:20:23.723 INF Request delivered (in order). clSeqNr=3435
15:20:23.723 INF Request delivered (in order). clSeqNr=3436
15:20:23.723 INF Request delivered (in order). clSeqNr=3437
15:20:23.723 INF Request delivered (in order). clSeqNr=3438
15:20:23.723 INF Request delivered (in order). clSeqNr=3439
15:20:23.723 INF Request delivered (in order). clSeqNr=3440
15:20:23.723 INF Request delivered (in order). clSeqNr=3441
15:20:23.723 INF Request delivered (in order). clSeqNr=3442
15:20:23.723 INF Request delivered (in order). clSeqNr=3443
15:20:23.723 INF Request delivered (in order). clSeqNr=3444
15:20:23.723 INF Request delivered (in order). clSeqNr=3445
15:20:23.723 INF Request delivered (in order). clSeqNr=3446
15:20:23.723 INF Request delivered (in order). clSeqNr=3447
15:20:23.723 INF Request delivered (in order). clSeqNr=3448
15:20:23.723 INF Request delivered (in order). clSeqNr=3449
15:20:23.723 INF Request delivered (in order). clSeqNr=3450
15:20:23.723 INF Request delivered (in order). clSeqNr=3451
15:20:23.723 INF Request delivered (in order). clSeqNr=3452
15:20:23.723 INF Request delivered (in order). clSeqNr=3453
15:20:23.723 INF Request delivered (in order). clSeqNr=3454
15:20:23.723 INF Request delivered (in order). clSeqNr=3455
15:20:23.723 INF Request delivered (in order). clSeqNr=3456
15:20:23.723 INF Request delivered (in order). clSeqNr=3457
15:20:23.723 INF Request delivered (in order). clSeqNr=3458
15:20:23.723 INF Request delivered (in order). clSeqNr=3459
15:20:23.724 INF Request delivered (in order). clSeqNr=3460
15:20:23.724 INF Request delivered (in order). clSeqNr=3461
15:20:23.724 INF Request delivered (in order). clSeqNr=3462
15:20:23.724 INF Request delivered (in order). clSeqNr=3463
15:20:23.724 INF Request delivered (in order). clSeqNr=3464
15:20:23.724 INF Request delivered (in order). clSeqNr=3465
15:20:23.724 INF Request delivered (in order). clSeqNr=3466
15:20:23.724 INF Request delivered (in order). clSeqNr=3467
15:20:23.724 INF Request delivered (in order). clSeqNr=3468
15:20:23.724 INF Request delivered (in order). clSeqNr=3469
15:20:23.724 INF Request delivered (in order). clSeqNr=3470
15:20:23.724 INF Request delivered (in order). clSeqNr=3471
15:20:23.724 INF Request delivered (in order). clSeqNr=3472
15:20:23.724 INF Request delivered (in order). clSeqNr=3473
15:20:23.724 INF Request delivered (in order). clSeqNr=3474
15:20:23.724 INF Request delivered (in order). clSeqNr=3475
15:20:23.724 INF Request delivered (in order). clSeqNr=3476
15:20:23.724 INF Request delivered (in order). clSeqNr=3477
15:20:23.724 INF Request delivered (in order). clSeqNr=3478
15:20:23.724 INF Request delivered (in order). clSeqNr=3479
15:20:23.724 INF Request delivered (in order). clSeqNr=3480
15:20:23.724 INF Request delivered (in order). clSeqNr=3481
15:20:23.724 INF Request delivered (in order). clSeqNr=3482
15:20:23.724 INF Request delivered (in order). clSeqNr=3483
15:20:23.724 INF Request delivered (in order). clSeqNr=3484
15:20:23.724 INF Request delivered (in order). clSeqNr=3485
15:20:23.724 INF Request delivered (in order). clSeqNr=3486
15:20:23.724 INF Request delivered (in order). clSeqNr=3487
15:20:23.724 INF Request delivered (in order). clSeqNr=3488
15:20:23.724 INF Request delivered (in order). clSeqNr=3489
15:20:23.724 INF Request delivered (in order). clSeqNr=3490
15:20:23.724 INF Request delivered (in order). clSeqNr=3491
15:20:23.724 INF Request delivered (in order). clSeqNr=3492
15:20:23.724 INF Request delivered (in order). clSeqNr=3493
15:20:23.724 INF Request delivered (in order). clSeqNr=3494
15:20:23.724 INF Request delivered (in order). clSeqNr=3495
15:20:23.724 INF Request delivered (in order). clSeqNr=3496
15:20:23.724 INF Request delivered (in order). clSeqNr=3497
15:20:23.724 INF Request delivered (in order). clSeqNr=3498
15:20:23.724 INF Request delivered (in order). clSeqNr=3499
15:20:23.724 INF Request delivered (in order). clSeqNr=3500
15:20:23.724 INF Request delivered (in order). clSeqNr=3501
15:20:23.724 INF Request delivered (in order). clSeqNr=3502
15:20:23.724 INF Request delivered (in order). clSeqNr=3503
15:20:23.724 INF Request delivered (in order). clSeqNr=3504
15:20:23.724 INF Request delivered (in order). clSeqNr=3505
15:20:23.724 INF Request delivered (in order). clSeqNr=3506
15:20:23.724 INF Request delivered (in order). clSeqNr=3507
15:20:23.724 INF Request delivered (in order). clSeqNr=3508
15:20:23.724 INF Request delivered (in order). clSeqNr=3509
15:20:23.724 INF Request delivered (in order). clSeqNr=3510
15:20:23.724 INF Request delivered (in order). clSeqNr=3511
15:20:23.724 INF Request delivered (in order). clSeqNr=3512
15:20:23.724 INF Request delivered (in order). clSeqNr=3513
15:20:23.724 INF Request delivered (in order). clSeqNr=3514
15:20:23.724 INF Request delivered (in order). clSeqNr=3515
15:20:23.724 INF Request delivered (in order). clSeqNr=3516
15:20:23.724 INF Request delivered (in order). clSeqNr=3517
15:20:23.724 INF Request delivered (in order). clSeqNr=3518
15:20:23.724 INF Request delivered (in order). clSeqNr=3519
15:20:23.724 INF Request delivered (in order). clSeqNr=3520
15:20:23.724 INF Request delivered (in order). clSeqNr=3521
15:20:23.725 INF Request delivered (in order). clSeqNr=3522
15:20:23.725 INF Request delivered (in order). clSeqNr=3523
15:20:23.725 INF Request delivered (in order). clSeqNr=3524
15:20:23.725 INF Request delivered (in order). clSeqNr=3525
15:20:23.725 INF Request delivered (in order). clSeqNr=3526
15:20:23.725 INF Request delivered (in order). clSeqNr=3527
15:20:23.725 INF Request delivered (in order). clSeqNr=3528
15:20:23.725 INF Request delivered (in order). clSeqNr=3529
15:20:23.725 INF Request delivered (in order). clSeqNr=3530
15:20:23.725 INF Request delivered (in order). clSeqNr=3531
15:20:23.725 INF Request delivered (in order). clSeqNr=3532
15:20:23.725 INF Request delivered (in order). clSeqNr=3533
15:20:23.725 INF Request delivered (in order). clSeqNr=3534
15:20:23.725 INF Request delivered (in order). clSeqNr=3535
15:20:23.725 INF Request delivered (in order). clSeqNr=3536
15:20:23.725 INF Request delivered (in order). clSeqNr=3537
15:20:23.725 INF Request delivered (in order). clSeqNr=3538
15:20:23.725 INF Request delivered (in order). clSeqNr=3539
15:20:23.725 INF Request delivered (in order). clSeqNr=3540
15:20:23.725 INF Request delivered (in order). clSeqNr=3541
15:20:23.725 INF Request delivered (in order). clSeqNr=3542
15:20:23.725 INF Request delivered (in order). clSeqNr=3543
15:20:23.725 INF Request delivered (in order). clSeqNr=3544
15:20:23.725 INF Request delivered (in order). clSeqNr=3545
15:20:23.725 INF Request delivered (in order). clSeqNr=3546
15:20:23.725 INF Request delivered (in order). clSeqNr=3547
15:20:23.725 INF Request delivered (in order). clSeqNr=3548
15:20:23.725 INF Request delivered (in order). clSeqNr=3549
15:20:23.725 INF Request delivered (in order). clSeqNr=3550
15:20:23.725 INF Request delivered (in order). clSeqNr=3551
15:20:23.725 INF Request delivered (in order). clSeqNr=3552
15:20:23.725 INF Request delivered (in order). clSeqNr=3553
15:20:23.725 INF Request delivered (in order). clSeqNr=3554
15:20:23.725 INF Request delivered (in order). clSeqNr=3555
15:20:23.725 INF Request delivered (in order). clSeqNr=3556
15:20:23.725 INF Request delivered (in order). clSeqNr=3557
15:20:23.725 INF Request delivered (in order). clSeqNr=3558
15:20:23.725 INF Request delivered (in order). clSeqNr=3559
15:20:23.725 INF Request delivered (in order). clSeqNr=3560
15:20:23.725 INF Request delivered (in order). clSeqNr=3561
15:20:23.725 INF Request delivered (in order). clSeqNr=3562
15:20:23.725 INF Request delivered (in order). clSeqNr=3563
15:20:23.725 INF Request delivered (in order). clSeqNr=3564
15:20:23.725 INF Request delivered (in order). clSeqNr=3565
15:20:23.725 INF Request delivered (in order). clSeqNr=3566
15:20:23.725 INF Request delivered (in order). clSeqNr=3567
15:20:23.725 INF Request delivered (in order). clSeqNr=3568
15:20:23.725 INF Request delivered (in order). clSeqNr=3569
15:20:23.725 INF Request delivered (in order). clSeqNr=3570
15:20:23.725 INF Request delivered (in order). clSeqNr=3571
15:20:23.725 INF Request delivered (in order). clSeqNr=3572
15:20:23.725 INF Request delivered (in order). clSeqNr=3573
15:20:23.725 INF Request delivered (in order). clSeqNr=3574
15:20:23.725 INF Request delivered (in order). clSeqNr=3575
15:20:23.725 INF Request delivered (in order). clSeqNr=3576
15:20:23.725 INF Request delivered (in order). clSeqNr=3577
15:20:23.725 INF Request delivered (in order). clSeqNr=3578
15:20:23.725 INF Request delivered (in order). clSeqNr=3579
15:20:23.725 INF Request delivered (in order). clSeqNr=3580
15:20:23.725 INF Request delivered (in order). clSeqNr=3581
15:20:23.725 INF Request delivered (in order). clSeqNr=3582
15:20:23.725 INF Request delivered (in order). clSeqNr=3583
15:20:23.725 INF Request delivered (in order). clSeqNr=3584
15:20:23.725 INF Request delivered (in order). clSeqNr=3585
15:20:23.725 INF Request delivered (in order). clSeqNr=3586
15:20:23.725 INF Request delivered (in order). clSeqNr=3587
15:20:23.725 INF Request delivered (in order). clSeqNr=3588
15:20:23.725 INF Request delivered (in order). clSeqNr=3589
15:20:23.725 INF Request delivered (in order). clSeqNr=3590
15:20:23.726 INF Request delivered (in order). clSeqNr=3591
15:20:23.726 INF Request delivered (in order). clSeqNr=3592
15:20:23.726 INF Request delivered (in order). clSeqNr=3593
15:20:23.726 INF Request delivered (in order). clSeqNr=3594
15:20:23.726 INF Request delivered (in order). clSeqNr=3595
15:20:23.726 INF Request delivered (in order). clSeqNr=3596
15:20:23.726 INF Request delivered (in order). clSeqNr=3597
15:20:23.726 INF Request delivered (in order). clSeqNr=3598
15:20:23.726 INF Request delivered (in order). clSeqNr=3599
15:20:23.726 INF Request delivered (in order). clSeqNr=3600
15:20:23.726 INF Request delivered (in order). clSeqNr=3601
15:20:28.680 INF Request finished (out of order). clSeqNr=3698
15:20:28.681 INF Request finished (out of order). clSeqNr=3714
15:20:28.682 INF Request finished (out of order). clSeqNr=3730
15:20:28.682 INF Request finished (out of order). clSeqNr=3746
15:20:28.683 INF Request finished (out of order). clSeqNr=3762
15:20:28.683 INF Request finished (out of order). clSeqNr=3778
15:20:28.684 INF Request finished (out of order). clSeqNr=3794
15:20:28.685 INF Request finished (out of order). clSeqNr=3810
15:20:28.685 INF Request finished (out of order). clSeqNr=3826
15:20:28.686 INF Request finished (out of order). clSeqNr=3842
15:20:28.686 INF Request finished (out of order). clSeqNr=3602
15:20:28.686 INF Request delivered (in order). clSeqNr=3602
15:20:28.686 INF Request delivered (in order). clSeqNr=3603
15:20:28.686 INF Request delivered (in order). clSeqNr=3604
15:20:28.686 INF Request delivered (in order). clSeqNr=3605
15:20:28.686 INF Request delivered (in order). clSeqNr=3606
15:20:28.686 INF Request delivered (in order). clSeqNr=3607
15:20:28.686 INF Request delivered (in order). clSeqNr=3608
15:20:28.686 INF Request delivered (in order). clSeqNr=3609
15:20:28.686 INF Request delivered (in order). clSeqNr=3610
15:20:28.686 INF Request delivered (in order). clSeqNr=3611
15:20:28.686 INF Request delivered (in order). clSeqNr=3612
15:20:28.686 INF Request delivered (in order). clSeqNr=3613
15:20:28.686 INF Request delivered (in order). clSeqNr=3614
15:20:28.686 INF Request delivered (in order). clSeqNr=3615
15:20:28.686 INF Request delivered (in order). clSeqNr=3616
15:20:28.686 INF Request delivered (in order). clSeqNr=3617
15:20:28.702 INF Request finished (out of order). clSeqNr=3618
15:20:28.702 INF Request delivered (in order). clSeqNr=3618
15:20:28.702 INF Request delivered (in order). clSeqNr=3619
15:20:28.702 INF Request delivered (in order). clSeqNr=3620
15:20:28.702 INF Request delivered (in order). clSeqNr=3621
15:20:28.702 INF Request delivered (in order). clSeqNr=3622
15:20:28.702 INF Request delivered (in order). clSeqNr=3623
15:20:28.702 INF Request delivered (in order). clSeqNr=3624
15:20:28.702 INF Request delivered (in order). clSeqNr=3625
15:20:28.702 INF Request delivered (in order). clSeqNr=3626
15:20:28.702 INF Request delivered (in order). clSeqNr=3627
15:20:28.702 INF Request delivered (in order). clSeqNr=3628
15:20:28.702 INF Request delivered (in order). clSeqNr=3629
15:20:28.702 INF Request delivered (in order). clSeqNr=3630
15:20:28.702 INF Request delivered (in order). clSeqNr=3631
15:20:28.702 INF Request delivered (in order). clSeqNr=3632
15:20:28.702 INF Request delivered (in order). clSeqNr=3633
15:20:28.772 INF Request finished (out of order). clSeqNr=3634
15:20:28.772 INF Request delivered (in order). clSeqNr=3634
15:20:28.772 INF Request delivered (in order). clSeqNr=3635
15:20:28.772 INF Request delivered (in order). clSeqNr=3636
15:20:28.772 INF Request delivered (in order). clSeqNr=3637
15:20:28.772 INF Request delivered (in order). clSeqNr=3638
15:20:28.772 INF Request delivered (in order). clSeqNr=3639
15:20:28.773 INF Request delivered (in order). clSeqNr=3640
15:20:28.773 INF Request delivered (in order). clSeqNr=3641
15:20:28.773 INF Request delivered (in order). clSeqNr=3642
15:20:28.773 INF Request delivered (in order). clSeqNr=3643
15:20:28.773 INF Request delivered (in order). clSeqNr=3644
15:20:28.773 INF Request delivered (in order). clSeqNr=3645
15:20:28.773 INF Request delivered (in order). clSeqNr=3646
15:20:28.773 INF Request delivered (in order). clSeqNr=3647
15:20:28.773 INF Request delivered (in order). clSeqNr=3648
15:20:28.773 INF Request delivered (in order). clSeqNr=3649
15:20:28.773 INF Request finished (out of order). clSeqNr=3650
15:20:28.773 INF Request delivered (in order). clSeqNr=3650
15:20:28.773 INF Request delivered (in order). clSeqNr=3651
15:20:28.773 INF Request delivered (in order). clSeqNr=3652
15:20:28.773 INF Request delivered (in order). clSeqNr=3653
15:20:28.773 INF Request delivered (in order). clSeqNr=3654
15:20:28.773 INF Request delivered (in order). clSeqNr=3655
15:20:28.773 INF Request delivered (in order). clSeqNr=3656
15:20:28.773 INF Request delivered (in order). clSeqNr=3657
15:20:28.773 INF Request delivered (in order). clSeqNr=3658
15:20:28.773 INF Request delivered (in order). clSeqNr=3659
15:20:28.773 INF Request delivered (in order). clSeqNr=3660
15:20:28.773 INF Request delivered (in order). clSeqNr=3661
15:20:28.773 INF Request delivered (in order). clSeqNr=3662
15:20:28.773 INF Request delivered (in order). clSeqNr=3663
15:20:28.773 INF Request delivered (in order). clSeqNr=3664
15:20:28.773 INF Request delivered (in order). clSeqNr=3665
15:20:28.773 INF Request finished (out of order). clSeqNr=3666
15:20:28.774 INF Request delivered (in order). clSeqNr=3666
15:20:28.774 INF Request delivered (in order). clSeqNr=3667
15:20:28.774 INF Request delivered (in order). clSeqNr=3668
15:20:28.774 INF Request delivered (in order). clSeqNr=3669
15:20:28.774 INF Request delivered (in order). clSeqNr=3670
15:20:28.774 INF Request delivered (in order). clSeqNr=3671
15:20:28.774 INF Request delivered (in order). clSeqNr=3672
15:20:28.774 INF Request delivered (in order). clSeqNr=3673
15:20:28.774 INF Request delivered (in order). clSeqNr=3674
15:20:28.774 INF Request delivered (in order). clSeqNr=3675
15:20:28.774 INF Request delivered (in order). clSeqNr=3676
15:20:28.774 INF Request delivered (in order). clSeqNr=3677
15:20:28.774 INF Request delivered (in order). clSeqNr=3678
15:20:28.774 INF Request delivered (in order). clSeqNr=3679
15:20:28.774 INF Request delivered (in order). clSeqNr=3680
15:20:28.774 INF Request delivered (in order). clSeqNr=3681
15:20:28.774 INF Request finished (out of order). clSeqNr=3682
15:20:28.774 INF Request delivered (in order). clSeqNr=3682
15:20:28.774 INF Request delivered (in order). clSeqNr=3683
15:20:28.774 INF Request delivered (in order). clSeqNr=3684
15:20:28.774 INF Request delivered (in order). clSeqNr=3685
15:20:28.774 INF Request delivered (in order). clSeqNr=3686
15:20:28.774 INF Request delivered (in order). clSeqNr=3687
15:20:28.774 INF Request delivered (in order). clSeqNr=3688
15:20:28.774 INF Request delivered (in order). clSeqNr=3689
15:20:28.774 INF Request delivered (in order). clSeqNr=3690
15:20:28.774 INF Request delivered (in order). clSeqNr=3691
15:20:28.774 INF Request delivered (in order). clSeqNr=3692
15:20:28.774 INF Request delivered (in order). clSeqNr=3693
15:20:28.774 INF Request delivered (in order). clSeqNr=3694
15:20:28.774 INF Request delivered (in order). clSeqNr=3695
15:20:28.774 INF Request delivered (in order). clSeqNr=3696
15:20:28.775 INF Request delivered (in order). clSeqNr=3697
15:20:28.775 INF Request delivered (in order). clSeqNr=3698
15:20:28.775 INF Request delivered (in order). clSeqNr=3699
15:20:28.775 INF Request delivered (in order). clSeqNr=3700
15:20:28.775 INF Request delivered (in order). clSeqNr=3701
15:20:28.775 INF Request delivered (in order). clSeqNr=3702
15:20:28.775 INF Request delivered (in order). clSeqNr=3703
15:20:28.775 INF Request delivered (in order). clSeqNr=3704
15:20:28.775 INF Request delivered (in order). clSeqNr=3705
15:20:28.775 INF Request delivered (in order). clSeqNr=3706
15:20:28.775 INF Request delivered (in order). clSeqNr=3707
15:20:28.775 INF Request delivered (in order). clSeqNr=3708
15:20:28.775 INF Request delivered (in order). clSeqNr=3709
15:20:28.775 INF Request delivered (in order). clSeqNr=3710
15:20:28.775 INF Request delivered (in order). clSeqNr=3711
15:20:28.775 INF Request delivered (in order). clSeqNr=3712
15:20:28.775 INF Request delivered (in order). clSeqNr=3713
15:20:28.775 INF Request delivered (in order). clSeqNr=3714
15:20:28.775 INF Request delivered (in order). clSeqNr=3715
15:20:28.775 INF Request delivered (in order). clSeqNr=3716
15:20:28.775 INF Request delivered (in order). clSeqNr=3717
15:20:28.775 INF Request delivered (in order). clSeqNr=3718
15:20:28.775 INF Request delivered (in order). clSeqNr=3719
15:20:28.776 INF Request delivered (in order). clSeqNr=3720
15:20:28.776 INF Request delivered (in order). clSeqNr=3721
15:20:28.776 INF Request delivered (in order). clSeqNr=3722
15:20:28.776 INF Request delivered (in order). clSeqNr=3723
15:20:28.776 INF Request delivered (in order). clSeqNr=3724
15:20:28.776 INF Request delivered (in order). clSeqNr=3725
15:20:28.776 INF Request delivered (in order). clSeqNr=3726
15:20:28.776 INF Request delivered (in order). clSeqNr=3727
15:20:28.776 INF Request delivered (in order). clSeqNr=3728
15:20:28.776 INF Request delivered (in order). clSeqNr=3729
15:20:28.776 INF Request delivered (in order). clSeqNr=3730
15:20:28.776 INF Request delivered (in order). clSeqNr=3731
15:20:28.776 INF Request delivered (in order). clSeqNr=3732
15:20:28.776 INF Request delivered (in order). clSeqNr=3733
15:20:28.776 INF Request delivered (in order). clSeqNr=3734
15:20:28.776 INF Request delivered (in order). clSeqNr=3735
15:20:28.776 INF Request delivered (in order). clSeqNr=3736
15:20:28.776 INF Request delivered (in order). clSeqNr=3737
15:20:28.777 INF Request delivered (in order). clSeqNr=3738
15:20:28.777 INF Request delivered (in order). clSeqNr=3739
15:20:28.777 INF Request delivered (in order). clSeqNr=3740
15:20:28.777 INF Request delivered (in order). clSeqNr=3741
15:20:28.777 INF Request delivered (in order). clSeqNr=3742
15:20:28.777 INF Request delivered (in order). clSeqNr=3743
15:20:28.777 INF Request delivered (in order). clSeqNr=3744
15:20:28.777 INF Request delivered (in order). clSeqNr=3745
15:20:28.777 INF Request delivered (in order). clSeqNr=3746
15:20:28.777 INF Request delivered (in order). clSeqNr=3747
15:20:28.777 INF Request delivered (in order). clSeqNr=3748
15:20:28.777 INF Request delivered (in order). clSeqNr=3749
15:20:28.777 INF Request delivered (in order). clSeqNr=3750
15:20:28.777 INF Request delivered (in order). clSeqNr=3751
15:20:28.777 INF Request delivered (in order). clSeqNr=3752
15:20:28.777 INF Request delivered (in order). clSeqNr=3753
15:20:28.777 INF Request delivered (in order). clSeqNr=3754
15:20:28.777 INF Request delivered (in order). clSeqNr=3755
15:20:28.777 INF Request delivered (in order). clSeqNr=3756
15:20:28.777 INF Request delivered (in order). clSeqNr=3757
15:20:28.777 INF Request delivered (in order). clSeqNr=3758
15:20:28.777 INF Request delivered (in order). clSeqNr=3759
15:20:28.777 INF Request delivered (in order). clSeqNr=3760
15:20:28.777 INF Request delivered (in order). clSeqNr=3761
15:20:28.777 INF Request delivered (in order). clSeqNr=3762
15:20:28.777 INF Request delivered (in order). clSeqNr=3763
15:20:28.777 INF Request delivered (in order). clSeqNr=3764
15:20:28.777 INF Request delivered (in order). clSeqNr=3765
15:20:28.777 INF Request delivered (in order). clSeqNr=3766
15:20:28.777 INF Request delivered (in order). clSeqNr=3767
15:20:28.777 INF Request delivered (in order). clSeqNr=3768
15:20:28.777 INF Request delivered (in order). clSeqNr=3769
15:20:28.777 INF Request delivered (in order). clSeqNr=3770
15:20:28.777 INF Request delivered (in order). clSeqNr=3771
15:20:28.777 INF Request delivered (in order). clSeqNr=3772
15:20:28.777 INF Request delivered (in order). clSeqNr=3773
15:20:28.777 INF Request delivered (in order). clSeqNr=3774
15:20:28.777 INF Request delivered (in order). clSeqNr=3775
15:20:28.778 INF Request delivered (in order). clSeqNr=3776
15:20:28.778 INF Request delivered (in order). clSeqNr=3777
15:20:28.778 INF Request delivered (in order). clSeqNr=3778
15:20:28.778 INF Request delivered (in order). clSeqNr=3779
15:20:28.778 INF Request delivered (in order). clSeqNr=3780
15:20:28.778 INF Request delivered (in order). clSeqNr=3781
15:20:28.778 INF Request delivered (in order). clSeqNr=3782
15:20:28.778 INF Request delivered (in order). clSeqNr=3783
15:20:28.778 INF Request delivered (in order). clSeqNr=3784
15:20:28.778 INF Request delivered (in order). clSeqNr=3785
15:20:28.778 INF Request delivered (in order). clSeqNr=3786
15:20:28.778 INF Request delivered (in order). clSeqNr=3787
15:20:28.778 INF Request delivered (in order). clSeqNr=3788
15:20:28.778 INF Request delivered (in order). clSeqNr=3789
15:20:28.778 INF Request delivered (in order). clSeqNr=3790
15:20:28.778 INF Request delivered (in order). clSeqNr=3791
15:20:28.778 INF Request delivered (in order). clSeqNr=3792
15:20:28.778 INF Request delivered (in order). clSeqNr=3793
15:20:28.778 INF Request delivered (in order). clSeqNr=3794
15:20:28.778 INF Request delivered (in order). clSeqNr=3795
15:20:28.778 INF Request delivered (in order). clSeqNr=3796
15:20:28.778 INF Request delivered (in order). clSeqNr=3797
15:20:28.778 INF Request delivered (in order). clSeqNr=3798
15:20:28.778 INF Request delivered (in order). clSeqNr=3799
15:20:28.778 INF Request delivered (in order). clSeqNr=3800
15:20:28.778 INF Request delivered (in order). clSeqNr=3801
15:20:28.778 INF Request delivered (in order). clSeqNr=3802
15:20:28.778 INF Request delivered (in order). clSeqNr=3803
15:20:28.778 INF Request delivered (in order). clSeqNr=3804
15:20:28.778 INF Request delivered (in order). clSeqNr=3805
15:20:28.778 INF Request delivered (in order). clSeqNr=3806
15:20:28.778 INF Request delivered (in order). clSeqNr=3807
15:20:28.778 INF Request delivered (in order). clSeqNr=3808
15:20:28.778 INF Request delivered (in order). clSeqNr=3809
15:20:28.778 INF Request delivered (in order). clSeqNr=3810
15:20:28.778 INF Request delivered (in order). clSeqNr=3811
15:20:28.778 INF Request delivered (in order). clSeqNr=3812
15:20:28.778 INF Request delivered (in order). clSeqNr=3813
15:20:28.778 INF Request delivered (in order). clSeqNr=3814
15:20:28.778 INF Request delivered (in order). clSeqNr=3815
15:20:28.778 INF Request delivered (in order). clSeqNr=3816
15:20:28.778 INF Request delivered (in order). clSeqNr=3817
15:20:28.778 INF Request delivered (in order). clSeqNr=3818
15:20:28.778 INF Request delivered (in order). clSeqNr=3819
15:20:28.778 INF Request delivered (in order). clSeqNr=3820
15:20:28.778 INF Request delivered (in order). clSeqNr=3821
15:20:28.778 INF Request delivered (in order). clSeqNr=3822
15:20:28.778 INF Request delivered (in order). clSeqNr=3823
15:20:28.778 INF Request delivered (in order). clSeqNr=3824
15:20:28.779 INF Request delivered (in order). clSeqNr=3825
15:20:28.779 INF Request delivered (in order). clSeqNr=3826
15:20:28.779 INF Request delivered (in order). clSeqNr=3827
15:20:28.779 INF Request delivered (in order). clSeqNr=3828
15:20:28.779 INF Request delivered (in order). clSeqNr=3829
15:20:28.779 INF Request delivered (in order). clSeqNr=3830
15:20:28.779 INF Request delivered (in order). clSeqNr=3831
15:20:28.779 INF Request delivered (in order). clSeqNr=3832
15:20:28.779 INF Request delivered (in order). clSeqNr=3833
15:20:28.779 INF Request delivered (in order). clSeqNr=3834
15:20:28.779 INF Request delivered (in order). clSeqNr=3835
15:20:28.779 INF Request delivered (in order). clSeqNr=3836
15:20:28.779 INF Request delivered (in order). clSeqNr=3837
15:20:28.779 INF Request delivered (in order). clSeqNr=3838
15:20:28.779 INF Request delivered (in order). clSeqNr=3839
15:20:28.779 INF Request delivered (in order). clSeqNr=3840
15:20:28.779 INF Request delivered (in order). clSeqNr=3841
15:20:28.779 INF Request delivered (in order). clSeqNr=3842
15:20:28.779 INF Request delivered (in order). clSeqNr=3843
15:20:28.779 INF Request delivered (in order). clSeqNr=3844
15:20:28.779 INF Request delivered (in order). clSeqNr=3845
15:20:28.779 INF Request delivered (in order). clSeqNr=3846
15:20:28.779 INF Request delivered (in order). clSeqNr=3847
15:20:28.779 INF Request delivered (in order). clSeqNr=3848
15:20:28.779 INF Request delivered (in order). clSeqNr=3849
15:20:28.779 INF Request delivered (in order). clSeqNr=3850
15:20:28.779 INF Request delivered (in order). clSeqNr=3851
15:20:28.779 INF Request delivered (in order). clSeqNr=3852
15:20:28.779 INF Request delivered (in order). clSeqNr=3853
15:20:28.779 INF Request delivered (in order). clSeqNr=3854
15:20:28.779 INF Request delivered (in order). clSeqNr=3855
15:20:28.779 INF Request delivered (in order). clSeqNr=3856
15:20:28.779 INF Request delivered (in order). clSeqNr=3857
15:20:28.779 INF Request finished (out of order). clSeqNr=3954
15:20:28.779 INF Request finished (out of order). clSeqNr=3970
15:20:28.779 INF Request finished (out of order). clSeqNr=3986
15:20:28.779 INF Request finished (out of order). clSeqNr=4002
15:20:28.779 INF Request finished (out of order). clSeqNr=4018
15:20:28.779 INF Request finished (out of order). clSeqNr=4034
15:20:28.779 INF Request finished (out of order). clSeqNr=4050
15:20:28.779 INF Request finished (out of order). clSeqNr=4066
15:20:28.779 INF Request finished (out of order). clSeqNr=4082
15:20:28.779 INF Request finished (out of order). clSeqNr=3858
15:20:28.780 INF Request delivered (in order). clSeqNr=3858
15:20:28.780 INF Request delivered (in order). clSeqNr=3859
15:20:28.780 INF Request delivered (in order). clSeqNr=3860
15:20:28.780 INF Request delivered (in order). clSeqNr=3861
15:20:28.780 INF Request delivered (in order). clSeqNr=3862
15:20:28.780 INF Request delivered (in order). clSeqNr=3863
15:20:28.780 INF Request delivered (in order). clSeqNr=3864
15:20:28.780 INF Request delivered (in order). clSeqNr=3865
15:20:28.780 INF Request delivered (in order). clSeqNr=3866
15:20:28.780 INF Request delivered (in order). clSeqNr=3867
15:20:28.780 INF Request delivered (in order). clSeqNr=3868
15:20:28.780 INF Request delivered (in order). clSeqNr=3869
15:20:28.780 INF Request delivered (in order). clSeqNr=3870
15:20:28.780 INF Request delivered (in order). clSeqNr=3871
15:20:28.780 INF Request delivered (in order). clSeqNr=3872
15:20:28.780 INF Request delivered (in order). clSeqNr=3873
15:20:28.780 INF Request finished (out of order). clSeqNr=3874
15:20:28.780 INF Request delivered (in order). clSeqNr=3874
15:20:28.780 INF Request delivered (in order). clSeqNr=3875
15:20:28.780 INF Request delivered (in order). clSeqNr=3876
15:20:28.780 INF Request delivered (in order). clSeqNr=3877
15:20:28.780 INF Request delivered (in order). clSeqNr=3878
15:20:28.780 INF Request delivered (in order). clSeqNr=3879
15:20:28.780 INF Request delivered (in order). clSeqNr=3880
15:20:28.780 INF Request delivered (in order). clSeqNr=3881
15:20:28.780 INF Request delivered (in order). clSeqNr=3882
15:20:28.780 INF Request delivered (in order). clSeqNr=3883
15:20:28.780 INF Request delivered (in order). clSeqNr=3884
15:20:28.780 INF Request delivered (in order). clSeqNr=3885
15:20:28.780 INF Request delivered (in order). clSeqNr=3886
15:20:28.780 INF Request delivered (in order). clSeqNr=3887
15:20:28.780 INF Request delivered (in order). clSeqNr=3888
15:20:28.780 INF Request delivered (in order). clSeqNr=3889
15:20:28.780 INF Request finished (out of order). clSeqNr=3890
15:20:28.780 INF Request delivered (in order). clSeqNr=3890
15:20:28.780 INF Request delivered (in order). clSeqNr=3891
15:20:28.780 INF Request delivered (in order). clSeqNr=3892
15:20:28.780 INF Request delivered (in order). clSeqNr=3893
15:20:28.780 INF Request delivered (in order). clSeqNr=3894
15:20:28.780 INF Request delivered (in order). clSeqNr=3895
15:20:28.781 INF Request delivered (in order). clSeqNr=3896
15:20:28.781 INF Request delivered (in order). clSeqNr=3897
15:20:28.781 INF Request delivered (in order). clSeqNr=3898
15:20:28.781 INF Request delivered (in order). clSeqNr=3899
15:20:28.781 INF Request delivered (in order). clSeqNr=3900
15:20:28.781 INF Request delivered (in order). clSeqNr=3901
15:20:28.781 INF Request delivered (in order). clSeqNr=3902
15:20:28.781 INF Request delivered (in order). clSeqNr=3903
15:20:28.781 INF Request delivered (in order). clSeqNr=3904
15:20:28.781 INF Request delivered (in order). clSeqNr=3905
15:20:28.782 INF Request finished (out of order). clSeqNr=3906
15:20:28.782 INF Request delivered (in order). clSeqNr=3906
15:20:28.782 INF Request delivered (in order). clSeqNr=3907
15:20:28.782 INF Request delivered (in order). clSeqNr=3908
15:20:28.782 INF Request delivered (in order). clSeqNr=3909
15:20:28.782 INF Request delivered (in order). clSeqNr=3910
15:20:28.782 INF Request delivered (in order). clSeqNr=3911
15:20:28.782 INF Request delivered (in order). clSeqNr=3912
15:20:28.782 INF Request delivered (in order). clSeqNr=3913
15:20:28.782 INF Request delivered (in order). clSeqNr=3914
15:20:28.782 INF Request delivered (in order). clSeqNr=3915
15:20:28.782 INF Request delivered (in order). clSeqNr=3916
15:20:28.782 INF Request delivered (in order). clSeqNr=3917
15:20:28.782 INF Request delivered (in order). clSeqNr=3918
15:20:28.782 INF Request delivered (in order). clSeqNr=3919
15:20:28.783 INF Request delivered (in order). clSeqNr=3920
15:20:28.783 INF Request delivered (in order). clSeqNr=3921
15:20:28.783 INF Request finished (out of order). clSeqNr=3922
15:20:28.783 INF Request delivered (in order). clSeqNr=3922
15:20:28.783 INF Request delivered (in order). clSeqNr=3923
15:20:28.783 INF Request delivered (in order). clSeqNr=3924
15:20:28.783 INF Request delivered (in order). clSeqNr=3925
15:20:28.783 INF Request delivered (in order). clSeqNr=3926
15:20:28.783 INF Request delivered (in order). clSeqNr=3927
15:20:28.783 INF Request delivered (in order). clSeqNr=3928
15:20:28.783 INF Request delivered (in order). clSeqNr=3929
15:20:28.783 INF Request delivered (in order). clSeqNr=3930
15:20:28.783 INF Request delivered (in order). clSeqNr=3931
15:20:28.783 INF Request delivered (in order). clSeqNr=3932
15:20:28.783 INF Request delivered (in order). clSeqNr=3933
15:20:28.783 INF Request delivered (in order). clSeqNr=3934
15:20:28.783 INF Request delivered (in order). clSeqNr=3935
15:20:28.783 INF Request delivered (in order). clSeqNr=3936
15:20:28.783 INF Request delivered (in order). clSeqNr=3937
15:20:28.783 INF Request finished (out of order). clSeqNr=3938
15:20:28.783 INF Request delivered (in order). clSeqNr=3938
15:20:28.783 INF Request delivered (in order). clSeqNr=3939
15:20:28.783 INF Request delivered (in order). clSeqNr=3940
15:20:28.783 INF Request delivered (in order). clSeqNr=3941
15:20:28.783 INF Request delivered (in order). clSeqNr=3942
15:20:28.783 INF Request delivered (in order). clSeqNr=3943
15:20:28.783 INF Request delivered (in order). clSeqNr=3944
15:20:28.783 INF Request delivered (in order). clSeqNr=3945
15:20:28.783 INF Request delivered (in order). clSeqNr=3946
15:20:28.783 INF Request delivered (in order). clSeqNr=3947
15:20:28.783 INF Request delivered (in order). clSeqNr=3948
15:20:28.783 INF Request delivered (in order). clSeqNr=3949
15:20:28.783 INF Request delivered (in order). clSeqNr=3950
15:20:28.784 INF Request delivered (in order). clSeqNr=3951
15:20:28.784 INF Request delivered (in order). clSeqNr=3952
15:20:28.784 INF Request delivered (in order). clSeqNr=3953
15:20:28.784 INF Request delivered (in order). clSeqNr=3954
15:20:28.784 INF Request delivered (in order). clSeqNr=3955
15:20:28.784 INF Request delivered (in order). clSeqNr=3956
15:20:28.784 INF Request delivered (in order). clSeqNr=3957
15:20:28.784 INF Request delivered (in order). clSeqNr=3958
15:20:28.784 INF Request delivered (in order). clSeqNr=3959
15:20:28.784 INF Request delivered (in order). clSeqNr=3960
15:20:28.784 INF Request delivered (in order). clSeqNr=3961
15:20:28.784 INF Request delivered (in order). clSeqNr=3962
15:20:28.784 INF Request delivered (in order). clSeqNr=3963
15:20:28.784 INF Request delivered (in order). clSeqNr=3964
15:20:28.784 INF Request delivered (in order). clSeqNr=3965
15:20:28.784 INF Request delivered (in order). clSeqNr=3966
15:20:28.784 INF Request delivered (in order). clSeqNr=3967
15:20:28.784 INF Request delivered (in order). clSeqNr=3968
15:20:28.784 INF Request delivered (in order). clSeqNr=3969
15:20:28.784 INF Request delivered (in order). clSeqNr=3970
15:20:28.784 INF Request delivered (in order). clSeqNr=3971
15:20:28.784 INF Request delivered (in order). clSeqNr=3972
15:20:28.784 INF Request delivered (in order). clSeqNr=3973
15:20:28.784 INF Request delivered (in order). clSeqNr=3974
15:20:28.784 INF Request delivered (in order). clSeqNr=3975
15:20:28.784 INF Request delivered (in order). clSeqNr=3976
15:20:28.784 INF Request delivered (in order). clSeqNr=3977
15:20:28.784 INF Request delivered (in order). clSeqNr=3978
15:20:28.784 INF Request delivered (in order). clSeqNr=3979
15:20:28.784 INF Request delivered (in order). clSeqNr=3980
15:20:28.784 INF Request delivered (in order). clSeqNr=3981
15:20:28.784 INF Request delivered (in order). clSeqNr=3982
15:20:28.784 INF Request delivered (in order). clSeqNr=3983
15:20:28.784 INF Request delivered (in order). clSeqNr=3984
15:20:28.784 INF Request delivered (in order). clSeqNr=3985
15:20:28.785 INF Request delivered (in order). clSeqNr=3986
15:20:28.785 INF Request delivered (in order). clSeqNr=3987
15:20:28.785 INF Request delivered (in order). clSeqNr=3988
15:20:28.785 INF Request delivered (in order). clSeqNr=3989
15:20:28.785 INF Request delivered (in order). clSeqNr=3990
15:20:28.785 INF Request delivered (in order). clSeqNr=3991
15:20:28.785 INF Request delivered (in order). clSeqNr=3992
15:20:28.785 INF Request delivered (in order). clSeqNr=3993
15:20:28.785 INF Request delivered (in order). clSeqNr=3994
15:20:28.785 INF Request delivered (in order). clSeqNr=3995
15:20:28.785 INF Request delivered (in order). clSeqNr=3996
15:20:28.785 INF Request delivered (in order). clSeqNr=3997
15:20:28.785 INF Request delivered (in order). clSeqNr=3998
15:20:28.785 INF Request delivered (in order). clSeqNr=3999
15:20:28.785 INF Request delivered (in order). clSeqNr=4000
15:20:28.785 INF Request delivered (in order). clSeqNr=4001
15:20:28.785 INF Request delivered (in order). clSeqNr=4002
15:20:28.785 INF Request delivered (in order). clSeqNr=4003
15:20:28.785 INF Request delivered (in order). clSeqNr=4004
15:20:28.785 INF Request delivered (in order). clSeqNr=4005
15:20:28.785 INF Request delivered (in order). clSeqNr=4006
15:20:28.785 INF Request delivered (in order). clSeqNr=4007
15:20:28.785 INF Request delivered (in order). clSeqNr=4008
15:20:28.785 INF Request delivered (in order). clSeqNr=4009
15:20:28.785 INF Request delivered (in order). clSeqNr=4010
15:20:28.785 INF Request delivered (in order). clSeqNr=4011
15:20:28.785 INF Request delivered (in order). clSeqNr=4012
15:20:28.785 INF Request delivered (in order). clSeqNr=4013
15:20:28.785 INF Request delivered (in order). clSeqNr=4014
15:20:28.785 INF Request delivered (in order). clSeqNr=4015
15:20:28.785 INF Request delivered (in order). clSeqNr=4016
15:20:28.785 INF Request delivered (in order). clSeqNr=4017
15:20:28.785 INF Request delivered (in order). clSeqNr=4018
15:20:28.785 INF Request delivered (in order). clSeqNr=4019
15:20:28.785 INF Request delivered (in order). clSeqNr=4020
15:20:28.785 INF Request delivered (in order). clSeqNr=4021
15:20:28.785 INF Request delivered (in order). clSeqNr=4022
15:20:28.785 INF Request delivered (in order). clSeqNr=4023
15:20:28.785 INF Request delivered (in order). clSeqNr=4024
15:20:28.785 INF Request delivered (in order). clSeqNr=4025
15:20:28.785 INF Request delivered (in order). clSeqNr=4026
15:20:28.785 INF Request delivered (in order). clSeqNr=4027
15:20:28.785 INF Request delivered (in order). clSeqNr=4028
15:20:28.785 INF Request delivered (in order). clSeqNr=4029
15:20:28.785 INF Request delivered (in order). clSeqNr=4030
15:20:28.785 INF Request delivered (in order). clSeqNr=4031
15:20:28.785 INF Request delivered (in order). clSeqNr=4032
15:20:28.785 INF Request delivered (in order). clSeqNr=4033
15:20:28.785 INF Request delivered (in order). clSeqNr=4034
15:20:28.785 INF Request delivered (in order). clSeqNr=4035
15:20:28.785 INF Request delivered (in order). clSeqNr=4036
15:20:28.785 INF Request delivered (in order). clSeqNr=4037
15:20:28.785 INF Request delivered (in order). clSeqNr=4038
15:20:28.785 INF Request delivered (in order). clSeqNr=4039
15:20:28.785 INF Request delivered (in order). clSeqNr=4040
15:20:28.785 INF Request delivered (in order). clSeqNr=4041
15:20:28.785 INF Request delivered (in order). clSeqNr=4042
15:20:28.785 INF Request delivered (in order). clSeqNr=4043
15:20:28.785 INF Request delivered (in order). clSeqNr=4044
15:20:28.785 INF Request delivered (in order). clSeqNr=4045
15:20:28.785 INF Request delivered (in order). clSeqNr=4046
15:20:28.785 INF Request delivered (in order). clSeqNr=4047
15:20:28.785 INF Request delivered (in order). clSeqNr=4048
15:20:28.785 INF Request delivered (in order). clSeqNr=4049
15:20:28.785 INF Request delivered (in order). clSeqNr=4050
15:20:28.785 INF Request delivered (in order). clSeqNr=4051
15:20:28.785 INF Request delivered (in order). clSeqNr=4052
15:20:28.785 INF Request delivered (in order). clSeqNr=4053
15:20:28.785 INF Request delivered (in order). clSeqNr=4054
15:20:28.785 INF Request delivered (in order). clSeqNr=4055
15:20:28.785 INF Request delivered (in order). clSeqNr=4056
15:20:28.785 INF Request delivered (in order). clSeqNr=4057
15:20:28.786 INF Request delivered (in order). clSeqNr=4058
15:20:28.786 INF Request delivered (in order). clSeqNr=4059
15:20:28.786 INF Request delivered (in order). clSeqNr=4060
15:20:28.786 INF Request delivered (in order). clSeqNr=4061
15:20:28.786 INF Request delivered (in order). clSeqNr=4062
15:20:28.786 INF Request delivered (in order). clSeqNr=4063
15:20:28.786 INF Request delivered (in order). clSeqNr=4064
15:20:28.786 INF Request delivered (in order). clSeqNr=4065
15:20:28.786 INF Request delivered (in order). clSeqNr=4066
15:20:28.786 INF Request delivered (in order). clSeqNr=4067
15:20:28.786 INF Request delivered (in order). clSeqNr=4068
15:20:28.786 INF Request delivered (in order). clSeqNr=4069
15:20:28.786 INF Request delivered (in order). clSeqNr=4070
15:20:28.786 INF Request delivered (in order). clSeqNr=4071
15:20:28.786 INF Request delivered (in order). clSeqNr=4072
15:20:28.786 INF Request delivered (in order). clSeqNr=4073
15:20:28.786 INF Request delivered (in order). clSeqNr=4074
15:20:28.786 INF Request delivered (in order). clSeqNr=4075
15:20:28.786 INF Request delivered (in order). clSeqNr=4076
15:20:28.786 INF Request delivered (in order). clSeqNr=4077
15:20:28.786 INF Request delivered (in order). clSeqNr=4078
15:20:28.786 INF Request delivered (in order). clSeqNr=4079
15:20:28.786 INF Request delivered (in order). clSeqNr=4080
15:20:28.786 INF Request delivered (in order). clSeqNr=4081
15:20:28.786 INF Request delivered (in order). clSeqNr=4082
15:20:28.786 INF Request delivered (in order). clSeqNr=4083
15:20:28.786 INF Request delivered (in order). clSeqNr=4084
15:20:28.786 INF Request delivered (in order). clSeqNr=4085
15:20:28.786 INF Request delivered (in order). clSeqNr=4086
15:20:28.786 INF Request delivered (in order). clSeqNr=4087
15:20:28.786 INF Request delivered (in order). clSeqNr=4088
15:20:28.786 INF Request delivered (in order). clSeqNr=4089
15:20:28.786 INF Request delivered (in order). clSeqNr=4090
15:20:28.786 INF Request delivered (in order). clSeqNr=4091
15:20:28.786 INF Request delivered (in order). clSeqNr=4092
15:20:28.786 INF Request delivered (in order). clSeqNr=4093
15:20:28.786 INF Request delivered (in order). clSeqNr=4094
15:20:28.786 INF Request delivered (in order). clSeqNr=4095
15:20:29.314 INF Response handler done. error="rpc error: code = Unavailable desc = error reading from server: read tcp 10.2.1.40:56194->3.144.119.237:10000: use of closed network connection" peerId=0
15:20:29.314 INF Response handler done. error="rpc error: code = Canceled desc = grpc: the client connection is closing" peerId=15
15:20:29.314 INF Response handler done. error="rpc error: code = Canceled desc = grpc: the client connection is closing" peerId=5
15:20:29.314 INF Response handler done. error="rpc error: code = Canceled desc = grpc: the client connection is closing" peerId=10
15:20:29.314 INF Response handler done. error="rpc error: code = Canceled desc = grpc: the client connection is closing" peerId=2
15:20:29.314 INF Response handler done. error="rpc error: code = Canceled desc = grpc: the client connection is closing" peerId=8
15:20:29.314 INF Response handler done. error="rpc error: code = Canceled desc = grpc: the client connection is closing" peerId=9
15:20:29.314 INF Response handler done. error="rpc error: code = Canceled desc = grpc: the client connection is closing" peerId=12
15:20:29.314 INF Response handler done. error="rpc error: code = Canceled desc = grpc: the client connection is closing" peerId=6
15:20:29.314 INF Response handler done. error="rpc error: code = Canceled desc = grpc: the client connection is closing" peerId=3
15:20:29.314 INF Response handler done. error="rpc error: code = Canceled desc = grpc: the client connection is closing" peerId=13
15:20:29.314 INF Response handler done. error="rpc error: code = Canceled desc = grpc: the client connection is closing" peerId=11
15:20:29.314 INF Response handler done. error="rpc error: code = Canceled desc = grpc: the client connection is closing" peerId=14
15:20:29.314 INF Response handler done. error="rpc error: code = Canceled desc = grpc: the client connection is closing" peerId=7
15:20:29.314 INF Response handler done. error="rpc error: code = Canceled desc = grpc: the client connection is closing" peerId=1
15:20:29.314 INF Response handler done. error="rpc error: code = Canceled desc = grpc: the client connection is closing" peerId=4
