0, 0
16, 0
19, 0
26, 0
27, 0
31, 0
32, 0
33, 0
34, 0
35, 0
36, 0
37, 0
38, 0
39, 0
40, 0
41, 0
42, 0
43, 0
44, 0
46, 0
47, 0
48, 0
49, 0
50, 0
51, 0
52, 0
53, 0
54, 0
55, 0
56, 0
57, 0
58, 0
59, 0
60, 0
61, 0
62, 0
63, 0
64, 0
66, 0
67, 0
68, 0
69, 0
70, 0
71, 0
72, 0
73, 0
74, 0
75, 0
76, 0
77, 16
78, 0
79, 0
80, 0
81, 0
82, 0
83, 0
84, 0
85, 0
86, 0
87, 0
88, 0
90, 0
91, 0
92, 0
93, 8
94, 0
95, 0
96, 8
97, 0
98, 0
99, 0
100, 0
101, 0
102, 0
103, 8
104, 0
105, 8
107, 0
108, 15
109, 15
110, 16
111, 0
112, 15
113, 15
114, 8
115, 0
116, 7
117, 40
118, 8
119, 32
120, 16
121, 16
122, 7
123, 40
124, 16
125, 39
126, 33
127, 23
128, 16
129, 8
130, 31
131, 24
132, 25
133, 16
134, 24
135, 31
136, 48
137, 24
138, 24
139, 31
140, 24
141, 57
142, 32
143, 24
144, 24
145, 40
147, 41
148, 65
149, 65
150, 24
151, 23
152, 24
153, 58
154, 48
155, 41
156, 41
157, 7
158, 23
159, 49
160, 24
161, 8
162, 15
163, 56
164, 31
165, 31
166, 7
167, 8
168, 24
169, 32
170, 24
171, 16
172, 16
174, 23
175, 16
176, 16
177, 38
178, 24
179, 8
180, 31
181, 15
182, 15
183, 15
184, 16
185, 16
187, 25
188, 24
190, 16
191, 8
192, 8
193, 24
194, 24
195, 15
196, 7
197, 16
198, 16
200, 7
201, 7
202, 31
203, 23
204, 24
205, 24
206, 7
207, 23
208, 8
209, 48
210, 16
211, 23
212, 31
213, 30
214, 15
215, 8
216, 31
217, 32
218, 7
219, 32
220, 30
221, 24
222, 41
223, 23
224, 40
225, 16
226, 23
227, 81
228, 15
229, 7
230, 56
231, 16
232, 8
233, 57
234, 55
235, 54
236, 40
237, 8
238, 16
239, 64
240, 47
241, 31
242, 55
243, 8
244, 15
245, 39
246, 16
247, 23
248, 40
249, 32
250, 48
251, 15
253, 16
254, 31
255, 23
256, 16
257, 23
258, 16
259, 16
260, 8
261, 15
262, 39
263, 16
264, 24
265, 15
266, 24
267, 16
268, 23
270, 24
271, 7
272, 8
273, 15
274, 24
275, 8
276, 7
277, 7
278, 8
279, 16
280, 40
281, 15
283, 23
285, 7
286, 7
287, 32
288, 24
289, 16
290, 23
291, 23
292, 8
293, 15
294, 33
295, 23
296, 40
297, 32
298, 24
300, 39
301, 24
302, 8
303, 32
304, 15
305, 40
306, 24
307, 24
308, 31
309, 48
310, 24
311, 16
312, 90
313, 8
314, 24
315, 8
316, 48
317, 16
318, 33
319, 56
320, 71
321, 32
322, 23
323, 16
324, 49
325, 40
326, 39
327, 47
328, 23
329, 24
330, 24
331, 31
332, 16
333, 32
334, 66
335, 16
336, 31
338, 8
339, 31
340, 8
341, 31
342, 23
344, 23
345, 15
346, 16
347, 32
348, 23
349, 25
350, 24
351, 24
352, 8
353, 24
354, 7
355, 16
356, 16
357, 8
358, 8
359, 24
360, 7
361, 15
362, 7
363, 8
364, 24
365, 23
366, 24
368, 16
369, 16
371, 8
372, 8
373, 40
374, 16
375, 24
376, 23
377, 16
378, 16
379, 8
380, 41
381, 49
383, 32
384, 23
385, 23
386, 24
387, 15
388, 24
389, 23
390, 16
391, 46
392, 23
393, 33
394, 23
395, 39
396, 23
397, 41
398, 56
399, 15
400, 16
401, 40
402, 23
403, 24
404, 50
405, 63
406, 39
407, 31
408, 23
409, 24
410, 63
411, 40
412, 49
413, 22
414, 16
415, 32
416, 33
417, 24
418, 25
419, 24
420, 49
421, 23
422, 22
424, 16
425, 31
426, 32
427, 24
429, 24
430, 7
431, 15
432, 24
433, 31
434, 16
435, 24
436, 24
437, 24
438, 24
439, 7
440, 8
441, 16
442, 7
443, 16
444, 8
445, 23
446, 8
447, 15
449, 16
450, 24
451, 24
452, 16
454, 23
455, 8
457, 16
458, 16
459, 23
460, 24
461, 32
462, 15
463, 8
464, 15
465, 33
466, 32
467, 31
468, 16
469, 22
470, 31
471, 15
472, 24
473, 24
474, 16
475, 31
476, 40
477, 16
478, 24
479, 40
480, 40
481, 16
482, 16
483, 55
484, 45
485, 16
486, 32
487, 32
488, 15
489, 40
490, 65
491, 55
492, 32
493, 23
494, 7
495, 74
496, 39
497, 16
498, 62
499, 15
500, 24
501, 15
502, 56
503, 16
504, 16
505, 49
506, 40
507, 24
509, 8
510, 24
511, 31
512, 16
513, 23
514, 16
515, 15
516, 8
517, 23
518, 24
519, 14
520, 23
521, 23
522, 23
523, 16
524, 32
526, 8
527, 23
528, 8
529, 16
530, 16
531, 15
532, 16
534, 7
535, 8
536, 30
537, 24
538, 7
539, 7
540, 24
542, 8
543, 8
544, 32
545, 23
546, 33
547, 24
548, 8
549, 16
550, 16
551, 41
552, 24
553, 15
554, 47
555, 8
556, 23
557, 16
558, 32
559, 8
560, 31
561, 24
562, 47
563, 7
564, 39
565, 15
566, 46
567, 16
568, 56
569, 49
570, 15
571, 16
572, 32
573, 32
574, 24
575, 48
576, 63
577, 39
578, 48
579, 8
580, 33
581, 55
582, 24
583, 64
584, 31
585, 24
586, 7
587, 41
588, 24
589, 16
590, 32
591, 40
592, 48
593, 8
595, 16
596, 32
597, 23
598, 31
599, 8
600, 8
601, 15
602, 24
603, 16
604, 31
605, 16
606, 15
607, 40
609, 31
610, 15
612, 23
613, 7
614, 8
615, 24
616, 16
617, 8
618, 7
619, 7
620, 16
621, 7
622, 39
623, 15
624, 8
625, 16
626, 7
628, 15
629, 16
630, 31
631, 16
632, 40
633, 8
634, 16
635, 8
636, 33
637, 41
638, 16
639, 32
640, 30
641, 15
642, 16
643, 31
644, 7
645, 31
646, 24
647, 32
648, 23
649, 41
650, 24
651, 32
652, 31
653, 24
654, 57
655, 32
656, 24
657, 32
658, 32
659, 16
660, 24
661, 65
662, 63
663, 40
664, 8
665, 15
666, 74
667, 40
668, 25
669, 63
670, 7
671, 25
672, 32
673, 24
674, 15
675, 23
676, 64
677, 24
678, 32
680, 8
681, 24
682, 40
683, 16
684, 16
685, 8
686, 23
687, 16
688, 8
689, 49
690, 16
691, 7
692, 23
693, 31
694, 8
695, 31
697, 7
698, 23
700, 15
701, 32
703, 15
704, 8
706, 41
707, 16
708, 24
710, 16
711, 15
712, 8
714, 16
715, 40
716, 8
717, 31
718, 24
720, 15
721, 24
722, 39
723, 40
724, 8
725, 31
726, 14
727, 23
728, 23
729, 16
730, 32
731, 15
732, 49
733, 16
734, 16
735, 48
736, 24
737, 32
738, 32
739, 33
740, 47
741, 23
742, 16
743, 48
744, 16
745, 23
746, 40
747, 79
748, 48
749, 24
750, 16
751, 24
752, 63
753, 40
754, 56
755, 23
756, 24
757, 7
758, 40
759, 24
760, 23
761, 24
762, 48
763, 40
764, 7
766, 16
767, 31
768, 32
769, 24
771, 24
772, 15
773, 16
774, 16
775, 38
776, 16
777, 24
778, 16
779, 16
780, 23
781, 16
782, 16
783, 7
785, 15
786, 15
787, 24
788, 16
789, 8
791, 16
792, 24
793, 32
794, 7
796, 22
797, 7
798, 8
799, 8
800, 25
801, 24
802, 15
803, 32
804, 15
805, 16
806, 7
807, 23
808, 48
809, 22
810, 49
811, 7
812, 15
813, 16
814, 23
815, 24
816, 23
817, 16
818, 39
819, 15
820, 39
821, 39
822, 41
823, 16
824, 16
825, 72
826, 23
827, 16
828, 33
829, 39
830, 8
831, 58
832, 39
833, 64
834, 39
835, 7
836, 32
837, 57
838, 31
839, 39
840, 55
841, 7
842, 32
843, 25
844, 32
845, 23
846, 8
847, 55
848, 31
849, 31
851, 16
852, 24
853, 33
854, 16
855, 15
856, 16
857, 15
858, 8
859, 32
860, 24
861, 16
862, 15
863, 40
864, 16
865, 7
866, 23
867, 7
868, 16
869, 7
870, 7
871, 7
872, 39
873, 8
874, 7
875, 8
876, 8
877, 33
878, 16
879, 24
881, 7
882, 15
883, 7
884, 8
885, 8
886, 41
887, 16
888, 41
889, 7
890, 7
891, 24
892, 33
893, 25
894, 31
895, 16
896, 40
897, 24
898, 7
899, 32
900, 16
901, 8
902, 31
903, 40
904, 23
905, 24
906, 32
907, 32
908, 31
909, 32
910, 40
911, 48
912, 15
913, 24
914, 40
915, 15
916, 24
917, 23
918, 93
919, 40
920, 40
922, 56
923, 56
924, 24
925, 65
926, 7
927, 23
928, 32
929, 24
930, 23
931, 24
932, 49
933, 32
934, 32
935, 7
937, 24
938, 24
939, 32
940, 24
941, 8
942, 7
943, 15
944, 24
945, 24
946, 31
947, 8
948, 31
949, 16
950, 24
951, 24
952, 7
953, 16
954, 7
955, 8
956, 8
957, 15
958, 23
959, 8
960, 15
962, 24
963, 24
964, 24
965, 7
966, 16
968, 14
969, 7
970, 8
971, 25
972, 31
973, 8
974, 41
975, 7
976, 16
977, 16
978, 41
979, 41
980, 8
981, 24
982, 39
983, 7
984, 23
985, 24
986, 16
987, 23
988, 32
989, 24
990, 23
991, 15
992, 31
993, 55
994, 16
995, 24
996, 97
998, 16
999, 48
1000, 23
1001, 16
1002, 16
1003, 80
1004, 63
1005, 39
1006, 7
1007, 24
1008, 40
1009, 55
1010, 24
1011, 63
1012, 8
1013, 24
1014, 49
1015, 15
1016, 24
1017, 16
1018, 57
1019, 40
1020, 8
1021, 7
1022, 8
1023, 40
1024, 16
1025, 32
1026, 7
1027, 24
1028, 8
1029, 24
1030, 8
1031, 40
1032, 8
1033, 24
1034, 24
1035, 23
1036, 16
1037, 24
1039, 24
1040, 8
1042, 24
1043, 16
1044, 7
1045, 24
1047, 16
1048, 16
1049, 16
1050, 24
1051, 7
1052, 16
1053, 15
1055, 7
1056, 7
1057, 49
1058, 16
1059, 16
1060, 31
1061, 16
1062, 7
1063, 33
1064, 24
1065, 23
1066, 48
1067, 8
1068, 22
1069, 16
1070, 32
1071, 8
1072, 31
1073, 15
1074, 32
1075, 39
1076, 16
1077, 40
1078, 32
1079, 31
1080, 24
1081, 41
1082, 55
1084, 31
1085, 40
1086, 15
1087, 24
1088, 72
1089, 48
1090, 55
1091, 16
1092, 16
1093, 49
1094, 49
1095, 32
1096, 58
1097, 15
1098, 15
1099, 31
1100, 32
1101, 31
1102, 8
1103, 40
1104, 31
1105, 38
1106, 15
1108, 32
1109, 23
1110, 15
1111, 24
1112, 15
1113, 23
1114, 7
1115, 24
1116, 41
1118, 31
1119, 16
1120, 23
1121, 31
1122, 7
1123, 15
1124, 8
1125, 15
1126, 8
1127, 8
1128, 41
1130, 15
1131, 8
1133, 24
1134, 16
1135, 31
1136, 7
1138, 32
1141, 15
1142, 24
1143, 23
1144, 23
1145, 32
1146, 8
1147, 16
1148, 7
1149, 32
1150, 32
1151, 31
1152, 16
1153, 47
1155, 32
1156, 16
1157, 32
1158, 24
1159, 24
1160, 32
1161, 24
1162, 24
1163, 39
1164, 32
1165, 24
1166, 50
1167, 32
1168, 39
1169, 16
1170, 25
1171, 32
1172, 7
1173, 65
1174, 65
1175, 47
1176, 41
1177, 16
1178, 25
1179, 49
1180, 39
1181, 48
1182, 39
1183, 7
1184, 24
1185, 32
1186, 23
1187, 31
1188, 24
1189, 32
1190, 39
1191, 32
1193, 8
1194, 32
1195, 23
1196, 16
1197, 23
1198, 23
1199, 24
1201, 23
1202, 41
1203, 8
1204, 32
1205, 15
1206, 24
1207, 15
1208, 23
1209, 8
1210, 16
1211, 8
1212, 8
1213, 15
1214, 24
1215, 8
1216, 16
1218, 8
1219, 24
1220, 23
1221, 23
1223, 8
1224, 23
1226, 8
1227, 7
1228, 48
1229, 16
1230, 15
1231, 31
1232, 16
1233, 8
1234, 7
1235, 56
1236, 32
1237, 16
1238, 30
1239, 16
1240, 24
1241, 24
1242, 16
1243, 24
1244, 23
1245, 40
1246, 32
1247, 16
1248, 40
1249, 24
1250, 24
1251, 24
1252, 65
1253, 39
1254, 16
1255, 24
1256, 41
1257, 7
1258, 33
1259, 81
1260, 49
1261, 48
1262, 8
1263, 15
1264, 75
1265, 32
1266, 23
1267, 73
1268, 8
1269, 16
1270, 24
1271, 49
1272, 7
1273, 23
1274, 41
1275, 40
1276, 32
1277, 7
1278, 8
1279, 16
1280, 23
1281, 40
1282, 16
1283, 8
1284, 32
1286, 24
1287, 33
1288, 23
1289, 16
1290, 24
1291, 24
1292, 15
1293, 24
1294, 7
1295, 16
1296, 7
1297, 8
1298, 24
1299, 8
1300, 16
1301, 16
1302, 8
1303, 8
1304, 7
1305, 24
1306, 15
1307, 22
1308, 25
1310, 7
1311, 8
1312, 7
1313, 25
1314, 23
1315, 24
1316, 23
1317, 24
1318, 16
1320, 32
1321, 40
1322, 23
1323, 32
1324, 23
1325, 7
1326, 39
1327, 24
1328, 8
1329, 23
1330, 16
1331, 40
1332, 31
1333, 33
1334, 24
1335, 47
1336, 7
1337, 48
1338, 39
1339, 30
1340, 16
1341, 55
1342, 15
1344, 64
1345, 65
1346, 31
1347, 55
1348, 7
1349, 16
1350, 81
1351, 8
1352, 72
1353, 31
1354, 7
1355, 32
1356, 24
1357, 40
1358, 16
1359, 24
1360, 39
1361, 47
1362, 15
1364, 8
1365, 31
1366, 24
1367, 31
1368, 8
1369, 24
1370, 24
1371, 8
1372, 24
1373, 23
1374, 15
1375, 23
1376, 23
1377, 23
1378, 24
1379, 16
1381, 24
1382, 8
1384, 24
1385, 24
1386, 8
1387, 15
1389, 16
1390, 24
1391, 16
1392, 23
1394, 24
1395, 8
1396, 8
1397, 8
1398, 8
1399, 31
1400, 24
1401, 23
1402, 15
1403, 24
1404, 7
1405, 24
1406, 40
1407, 23
1408, 23
1409, 32
1410, 23
1411, 8
1412, 31
1413, 15
1414, 23
1415, 15
1416, 48
1417, 15
1418, 40
1419, 24
1420, 24
1421, 31
1422, 31
1423, 40
1424, 54
1425, 8
1426, 23
1427, 47
1428, 8
1429, 24
1430, 73
1431, 73
1432, 24
1433, 32
1434, 7
1435, 32
1436, 63
1437, 49
1438, 47
1439, 7
1440, 15
1441, 40
1442, 23
1443, 31
1444, 7
1445, 48
1446, 32
1447, 40
1448, 8
1450, 24
1451, 23
1452, 31
1453, 24
1454, 8
1455, 31
1457, 23
1458, 33
1459, 15
1460, 32
1461, 16
1462, 16
1463, 23
1464, 24
1465, 7
1466, 25
1468, 8
1469, 16
1470, 16
1471, 24
1472, 8
1473, 8
1474, 8
1475, 7
1476, 32
1477, 23
1478, 7
1479, 8
1480, 24
1482, 7
1483, 8
1484, 41
1485, 16
1486, 24
1487, 23
1488, 8
1489, 23
1490, 16
1491, 32
1492, 40
1493, 8
1494, 40
1495, 24
1496, 7
1497, 40
1498, 8
1499, 24
1500, 16
1501, 40
1502, 32
1503, 15
1504, 41
1505, 40
1506, 7
1507, 39
1508, 50
1509, 48
1510, 7
1511, 24
1512, 48
1513, 8
1514, 23
1515, 56
1516, 48
1517, 54
1518, 32
1519, 23
1520, 24
1521, 64
1522, 23
1523, 48
1524, 39
1525, 24
1526, 16
1527, 32
1528, 31
1529, 16
1530, 16
1531, 56
1532, 48
1533, 8
1536, 40
1537, 24
1538, 31
1539, 16
1540, 15
1541, 15
1542, 16
1543, 8
1544, 39
1545, 23
1546, 23
1547, 23
1548, 16
1549, 24
1550, 15
1552, 23
1553, 7
1554, 8
1555, 24
1556, 7
1557, 16
1558, 16
1560, 15
1561, 15
1562, 32
1563, 16
1564, 8
1565, 16
1566, 7
1567, 8
1569, 16
1570, 41
1571, 16
1572, 40
1574, 16
1575, 15
1576, 32
1577, 41
1578, 24
1579, 24
1580, 24
1581, 23
1582, 16
1583, 16
1584, 32
1585, 24
1586, 8
1587, 49
1588, 23
1589, 16
1590, 48
1591, 24
1592, 31
1593, 33
1594, 49
1595, 38
1596, 8
1597, 32
1598, 39
1599, 7
1600, 41
1601, 65
1602, 55
1603, 40
1604, 24
1606, 56
1607, 48
1608, 40
1609, 55
1610, 15
1611, 24
1612, 8
1613, 47
1614, 16
1615, 23
1616, 48
1617, 23
1618, 47
1621, 40
1622, 24
1623, 24
1624, 15
1625, 15
1626, 16
1627, 16
1628, 16
1629, 32
1630, 24
1631, 16
1632, 24
1633, 16
1634, 31
1635, 16
1636, 7
1637, 24
1639, 7
1640, 24
1641, 16
1642, 8
1643, 16
1644, 7
1645, 8
1646, 15
1647, 32
1648, 16
1649, 7
1650, 7
1651, 15
1652, 7
1653, 8
1654, 8
1655, 40
1656, 8
1657, 32
1658, 23
1659, 7
1660, 23
1661, 8
1662, 23
1663, 47
1664, 15
1665, 48
1666, 16
1667, 16
1668, 16
1669, 32
1670, 16
1671, 15
1672, 40
1673, 32
1674, 16
1675, 40
1676, 32
1677, 32
1678, 16
1679, 57
1680, 40
1681, 15
1682, 32
1683, 32
1684, 23
1685, 16
1686, 57
1687, 64
1688, 48
1689, 40
1691, 24
1692, 65
1693, 31
1694, 73
1695, 15
1696, 15
1697, 23
1698, 41
1699, 16
1700, 15
1701, 32
1702, 40
1703, 47
1704, 15
1706, 16
1707, 40
1708, 16
1709, 24
1710, 7
1711, 32
1712, 8
1713, 15
1714, 24
1715, 23
1716, 32
1717, 24
1718, 8
1719, 24
1720, 16
1721, 23
1723, 24
1724, 8
1725, 8
1726, 7
1727, 31
1728, 8
1729, 8
1730, 15
1731, 8
1732, 16
1733, 23
1734, 23
1735, 8
1736, 16
1737, 7
1738, 8
1739, 8
1741, 39
1742, 23
1743, 24
1744, 23
1745, 16
1746, 7
1747, 25
1748, 48
1749, 24
1750, 16
1751, 39
1752, 16
1753, 16
1754, 24
1755, 24
1756, 15
1757, 15
1758, 56
1759, 16
1760, 16
1761, 47
1762, 31
1763, 24
1764, 24
1765, 65
1766, 32
1767, 8
1768, 48
1769, 24
1770, 16
1771, 15
1772, 96
1773, 49
1774, 32
1775, 23
1777, 81
1778, 32
1779, 48
1780, 38
1781, 15
1782, 16
1783, 48
1784, 16
1785, 15
1786, 32
1787, 41
1788, 40
1789, 31
1791, 8
1792, 16
1793, 40
1794, 16
1795, 23
1796, 16
1797, 24
1798, 7
1799, 16
1800, 40
1801, 15
1802, 16
1803, 32
1804, 24
1805, 8
1806, 24
1807, 7
1808, 16
1809, 15
1811, 16
1812, 24
1813, 8
1814, 16
1815, 8
1817, 15
1818, 31
1819, 23
1820, 7
1821, 8
1822, 24
1824, 8
1825, 8
1826, 24
1827, 32
1828, 15
1829, 32
1830, 16
1831, 16
1832, 16
1833, 48
1834, 16
1835, 23
1836, 40
1837, 24
1838, 16
1839, 16
1840, 15
1841, 24
1842, 24
1843, 41
1844, 32
1846, 48
1847, 16
1848, 47
1849, 7
1850, 56
1851, 64
1852, 8
1853, 7
1854, 56
1855, 16
1856, 16
1857, 40
1858, 88
1859, 40
1860, 31
1861, 16
1862, 16
1863, 56
1864, 48
1865, 48
1866, 39
1867, 8
1868, 32
1869, 40
1870, 16
1871, 16
1872, 23
1873, 55
1874, 40
1875, 8
1877, 7
1878, 23
1879, 31
1880, 32
1881, 24
1882, 16
1883, 16
1884, 8
1885, 23
1886, 32
1887, 24
1888, 16
1889, 15
1890, 31
1891, 24
1892, 7
1893, 8
1894, 15
1895, 8
1896, 8
1897, 24
1898, 16
1900, 15
1901, 7
1902, 16
1903, 32
1904, 16
1905, 16
1907, 32
1909, 8
1911, 49
1912, 7
1913, 16
1914, 41
1915, 8
1916, 8
1917, 15
1918, 40
1919, 16
1920, 39
1921, 8
1922, 46
1923, 25
1924, 7
1925, 32
1926, 16
1927, 23
1928, 24
1929, 24
1930, 23
1931, 40
1932, 24
1933, 31
1934, 40
1935, 24
1936, 41
1937, 46
1938, 15
1939, 40
1940, 15
1941, 23
1942, 23
1943, 72
1944, 72
1945, 24
1946, 24
1947, 16
1948, 74
1949, 16
1950, 65
1951, 40
1952, 8
1953, 32
1954, 33
1955, 8
1956, 23
1957, 23
1958, 57
1959, 23
1960, 39
1963, 40
1964, 24
1965, 23
1966, 16
1967, 25
1968, 7
1969, 15
1970, 15
1971, 31
1972, 23
1973, 16
1974, 23
1975, 23
1976, 24
1977, 24
1979, 16
1980, 7
1981, 16
1982, 16
1983, 7
1984, 15
1985, 24
1988, 24
1989, 23
1990, 23
1991, 7
1992, 16
1993, 8
1994, 7
1995, 7
1996, 8
1997, 32
1998, 23
1999, 32
2000, 15
2001, 16
2002, 15
2003, 16
2004, 40
2005, 24
2006, 31
2007, 32
2008, 16
2009, 7
2010, 23
2011, 24
2012, 23
2013, 15
2014, 31
2015, 39
2016, 24
2017, 40
2018, 16
2019, 23
2020, 23
2021, 40
2022, 79
2023, 8
2024, 24
2025, 24
2026, 31
2027, 24
2028, 49
2029, 55
2030, 47
2031, 40
2032, 16
2033, 24
2034, 57
2035, 49
2036, 49
2037, 31
2038, 8
2039, 23
2040, 49
2041, 16
2042, 15
2043, 16
2044, 63
2045, 32
2046, 15
2048, 16
2049, 24
2050, 39
2051, 16
2052, 15
2053, 24
2054, 16
2055, 16
2056, 25
2057, 23
2058, 24
2059, 24
2060, 8
2061, 32
2062, 7
2063, 22
2064, 16
2065, 7
2066, 8
2067, 16
2068, 8
2069, 23
2070, 8
2071, 15
2073, 8
2074, 23
2075, 32
2076, 15
2078, 23
2079, 7
2081, 7
2082, 24
2083, 31
2084, 15
2085, 40
2086, 8
2087, 16
2088, 16
2089, 16
2090, 40
2091, 31
2092, 32
2093, 32
2094, 8
2095, 16
2096, 23
2097, 32
2098, 15
2099, 24
2100, 24
2101, 40
2102, 33
2103, 16
2104, 31
2105, 40
2106, 16
2107, 65
2108, 30
2109, 7
2110, 39
2111, 40
2112, 8
2113, 40
2114, 64
2115, 40
2116, 46
2117, 23
2118, 16
2119, 40
2120, 63
2121, 49
2122, 23
2123, 23
2124, 23
2125, 7
2126, 63
2128, 23
2129, 57
2130, 15
2131, 46
2134, 40
2135, 24
2136, 31
2137, 16
2138, 8
2139, 24
2140, 16
2141, 16
2142, 23
2143, 23
2144, 24
2145, 23
2146, 33
2147, 8
2148, 24
2150, 24
2152, 8
2153, 15
2154, 32
2156, 16
2157, 7
2158, 8
2159, 24
2160, 24
2161, 23
2163, 16
2164, 7
2165, 7
2166, 8
2167, 15
2168, 33
2169, 16
2170, 33
2171, 15
2172, 7
2173, 23
2174, 24
2175, 31
2176, 32
2177, 16
2178, 31
2179, 32
2180, 16
2181, 7
2182, 23
2183, 24
2184, 15
2185, 32
2186, 30
2187, 23
2188, 31
2189, 47
2190, 24
2191, 16
2192, 23
2193, 88
2194, 16
2195, 16
2196, 40
2197, 15
2198, 8
2199, 55
2200, 63
2201, 54
2202, 31
2203, 7
2204, 23
2205, 71
2206, 40
2207, 57
2208, 23
2209, 24
2210, 7
2211, 39
2212, 23
2213, 15
2214, 32
2215, 47
2216, 40
2217, 7
2219, 24
2220, 32
2221, 16
2222, 32
2224, 23
2225, 24
2226, 8
2227, 15
2228, 38
2229, 32
2230, 8
2231, 23
2232, 16
2233, 15
2234, 22
2235, 8
2236, 15
2237, 7
2238, 16
2239, 8
2240, 23
2241, 8
2242, 16
2243, 8
2244, 7
2245, 16
2246, 23
2247, 23
2249, 23
2250, 7
2251, 8
2252, 8
2253, 33
2254, 16
2255, 16
2256, 40
2257, 8
2258, 15
2259, 8
2260, 32
2261, 23
2262, 39
2263, 40
2264, 16
2265, 7
2266, 24
2267, 23
2268, 15
2269, 31
2270, 15
2271, 39
2272, 23
2273, 47
2274, 8
2275, 23
2276, 39
2277, 32
2278, 75
2279, 15
2280, 24
2281, 33
2282, 32
2284, 66
2285, 48
2286, 54
2287, 40
2288, 23
2290, 73
2291, 32
2292, 40
2293, 54
2294, 7
2295, 32
2296, 16
2297, 32
2298, 23
2299, 24
2300, 48
2301, 40
2302, 23
2305, 39
2306, 24
2307, 32
2308, 8
2309, 16
2310, 15
2311, 24
2312, 24
2313, 32
2314, 7
2315, 24
2316, 24
2317, 15
2318, 23
2319, 24
2321, 15
2322, 7
2323, 7
2324, 15
2325, 23
2326, 7
2327, 16
2328, 7
2330, 40
2331, 7
2332, 31
2334, 16
2335, 16
2337, 7
2338, 7
2339, 40
2340, 15
2341, 23
2342, 31
2343, 8
2344, 16
2346, 47
2347, 39
2348, 16
2349, 39
2350, 16
2351, 15
2352, 24
2353, 24
2354, 16
2355, 32
2356, 24
2357, 40
2358, 7
2359, 57
2360, 24
2361, 24
2362, 23
2363, 65
2364, 16
2365, 30
2366, 24
2367, 40
2368, 15
2369, 40
2370, 40
2371, 89
2372, 16
2373, 32
2374, 7
2375, 32
2376, 62
2377, 47
2378, 66
2379, 7
2380, 16
2381, 15
2382, 47
2383, 8
2384, 31
2385, 23
2386, 47
2387, 23
2388, 22
2389, 8
2391, 39
2392, 24
2393, 31
2394, 8
2395, 23
2396, 16
2397, 16
2398, 24
2399, 23
2400, 32
2401, 8
2402, 23
2403, 24
2404, 16
2405, 15
2406, 8
2407, 15
2408, 8
2409, 7
2410, 15
2411, 23
2412, 16
2414, 15
2415, 16
2416, 16
2417, 24
2418, 15
2419, 16
2420, 7
2421, 7
2423, 15
2424, 8
2425, 48
2426, 8
2427, 31
2428, 15
2429, 15
2430, 7
2431, 39
2432, 23
2433, 30
2434, 48
2435, 16
2436, 7
2437, 16
2438, 32
2439, 7
2440, 32
2441, 23
2442, 31
2443, 31
2444, 32
2445, 23
2446, 40
2447, 16
2448, 32
2449, 80
2450, 7
2451, 16
2452, 49
2453, 24
2454, 8
2455, 32
2456, 70
2457, 63
2458, 23
2459, 23
2460, 16
2461, 55
2462, 39
2463, 48
2464, 46
2465, 7
2466, 32
2467, 32
2468, 32
2469, 16
2470, 24
2471, 24
2472, 63
2473, 16
2475, 16
2476, 23
2477, 32
2478, 24
2479, 8
2480, 15
2481, 15
2482, 16
2483, 32
2484, 15
2485, 23
2486, 24
2487, 24
2488, 8
2489, 31
2490, 23
2492, 24
2494, 7
2495, 23
2496, 8
2497, 23
2498, 8
2499, 7
2500, 8
2501, 24
2502, 23
2503, 24
2505, 15
2506, 15
2507, 8
2509, 7
2510, 31
2511, 40
2512, 16
2513, 15
2514, 7
2515, 23
2516, 33
2517, 23
2518, 15
2519, 39
2520, 39
2521, 16
2522, 8
2523, 32
2524, 24
2525, 24
2526, 8
2527, 40
2528, 23
2529, 23
2530, 40
2531, 15
2532, 39
2533, 32
2534, 49
2535, 47
2536, 16
2537, 24
2538, 15
2539, 31
2540, 24
2541, 72
2542, 39
2543, 38
2544, 47
2546, 32
2547, 71
2548, 31
2549, 73
2551, 23
2552, 23
2553, 32
2554, 23
2555, 32
2556, 16
2557, 47
2558, 39
2559, 7
2561, 32
2562, 15
2563, 23
2564, 31
2565, 8
2566, 23
2567, 7
2568, 15
2569, 32
2570, 23
2571, 15
2572, 31
2573, 15
2574, 23
2575, 24
2576, 7
2577, 16
2578, 7
2579, 8
2580, 16
2581, 16
2582, 15
2583, 7
2584, 15
2585, 8
2586, 7
2587, 40
2588, 24
2591, 23
2592, 7
2593, 7
2594, 8
2595, 24
2596, 32
2597, 25
2598, 23
2599, 16
2600, 16
2602, 31
2603, 39
2604, 22
2605, 32
2606, 32
2607, 16
2608, 24
2609, 16
2610, 23
2611, 23
2612, 24
2613, 32
2614, 24
2615, 24
2616, 48
2617, 32
2618, 8
2619, 32
2620, 46
2621, 38
2622, 24
2623, 40
2624, 24
2625, 16
2626, 40
2627, 64
2628, 47
2629, 47
2630, 8
2631, 24
2632, 39
2633, 47
2634, 48
2635, 47
2636, 7
2637, 32
2638, 7
2639, 38
2640, 31
2641, 16
2642, 40
2643, 54
2644, 15
2646, 8
2647, 23
2648, 30
2649, 41
2651, 24
2652, 24
2653, 8
2654, 16
2655, 32
2656, 15
2657, 32
2658, 15
2659, 23
2660, 15
2661, 23
2663, 24
2664, 8
2665, 8
2666, 16
2667, 24
2668, 8
2669, 7
2670, 7
2671, 16
2672, 16
2673, 23
2674, 23
2676, 16
2677, 15
2679, 16
2680, 8
2681, 40
2682, 15
2683, 24
2684, 23
2685, 8
2686, 16
2687, 24
2688, 32
2689, 39
2690, 16
2691, 31
2692, 15
2693, 7
2694, 31
2695, 23
2696, 32
2697, 8
2698, 48
2699, 15
2700, 40
2701, 15
2702, 40
2703, 31
2704, 24
2705, 41
2706, 55
2707, 8
2708, 32
2709, 40
2710, 8
2711, 40
2712, 40
2713, 55
2714, 62
2715, 15
2716, 15
2717, 33
2718, 72
2719, 15
2720, 71
2721, 16
2722, 15
2723, 32
2724, 32
2725, 16
2726, 15
2727, 40
2728, 38
2729, 47
2732, 23
2733, 40
2734, 8
2735, 22
2736, 7
2737, 39
2739, 23
2740, 24
2741, 31
2742, 8
2743, 31
2744, 16
2745, 32
2746, 16
2747, 7
2748, 24
2750, 7
2751, 7
2752, 32
2753, 8
2754, 8
2755, 7
2756, 15
2757, 7
2758, 40
2759, 8
2760, 15
2761, 16
2762, 16
2764, 7
2765, 8
2766, 24
2767, 31
2768, 24
2769, 23
2770, 16
2771, 16
2772, 8
2773, 31
2774, 40
2775, 24
2776, 23
2777, 23
2778, 24
2779, 15
2780, 24
2781, 15
2782, 23
2783, 15
2784, 47
2785, 24
2786, 24
2787, 39
2788, 32
2789, 24
2790, 40
2791, 48
2792, 31
2793, 8
2794, 40
2795, 31
2796, 8
2797, 32
2798, 63
2799, 71
2800, 39
2801, 8
2802, 32
2803, 56
2804, 31
2805, 56
2806, 31
2807, 16
2808, 24
2809, 41
2810, 16
2811, 7
2812, 31
2813, 47
2814, 47
2815, 15
2817, 7
2818, 40
2819, 24
2820, 16
2821, 15
2822, 32
2823, 8
2824, 7
2825, 24
2826, 48
2827, 16
2828, 16
2829, 23
2830, 16
2831, 24
2832, 15
2834, 23
2835, 7
2836, 16
2837, 16
2838, 16
2839, 8
2840, 7
2841, 7
2842, 8
2843, 40
2844, 8
2845, 23
2847, 16
2848, 7
2849, 7
2850, 7
2851, 16
2852, 39
2853, 24
2854, 24
2855, 15
2856, 8
2857, 16
2858, 32
2859, 32
2860, 31
2861, 24
2862, 15
2863, 23
2864, 23
2865, 32
2866, 8
2867, 23
2868, 31
2869, 40
2870, 16
2871, 16
2872, 39
2873, 40
2874, 16
2875, 32
2876, 48
2877, 40
2878, 23
2879, 16
2880, 40
2881, 15
2882, 32
2883, 65
2884, 63
2885, 40
2886, 16
2887, 15
2888, 66
2889, 23
2890, 64
2891, 39
2892, 15
2893, 16
2894, 40
2895, 24
2896, 16
2897, 24
2898, 31
2899, 48
2900, 39
2903, 24
2904, 39
2905, 16
2906, 23
2907, 16
2908, 16
2909, 16
2910, 15
2911, 40
2912, 16
2913, 16
2914, 16
2915, 31
2916, 15
2917, 24
2918, 7
2919, 23
2921, 7
2922, 7
2923, 32
2924, 7
2925, 16
2926, 7
2927, 8
2928, 8
2929, 32
2930, 32
2932, 8
2933, 16
2934, 7
2935, 7
2936, 7
2937, 23
2938, 23
2939, 15
2940, 40
2941, 16
2942, 16
2943, 16
2944, 15
2945, 64
2947, 40
2948, 23
2949, 8
2950, 24
2951, 23
2952, 24
2953, 15
2954, 40
2955, 32
2956, 16
2957, 32
2958, 31
2959, 41
2960, 24
2961, 33
2962, 71
2963, 8
2964, 16
2965, 49
2966, 16
2967, 25
2968, 33
2969, 80
2970, 40
2971, 41
2972, 7
2973, 24
2974, 64
2975, 40
2976, 40
2977, 40
2978, 15
2979, 16
2980, 49
2981, 23
2982, 7
2983, 23
2984, 63
2985, 24
2986, 22
2988, 8
2989, 31
2990, 32
2991, 16
2992, 32
2993, 8
2994, 16
2995, 16
2996, 24
2997, 24
2998, 23
2999, 15
3000, 32
3001, 7
3002, 23
3003, 24
3004, 8
3005, 16
3006, 8
3007, 16
3008, 7
3009, 24
3010, 8
3011, 7
3012, 7
3013, 16
3014, 8
3015, 39
3016, 16
3017, 8
3018, 16
3019, 8
3021, 7
3022, 16
3023, 32
3024, 31
3025, 33
3026, 8
3027, 8
3028, 15
3029, 25
3030, 31
3031, 23
3032, 47
3033, 15
3034, 23
3035, 16
3036, 24
3037, 23
3038, 15
3039, 24
3040, 39
3041, 23
3042, 24
3043, 39
3044, 32
3045, 16
3046, 24
3047, 72
3048, 31
3049, 16
3050, 32
3051, 33
3052, 16
3053, 32
3054, 66
3055, 72
3056, 8
3057, 40
3058, 16
3059, 40
3060, 64
3061, 33
3062, 48
3063, 15
3064, 16
3065, 40
3066, 24
3067, 16
3068, 31
3069, 32
3070, 48
3071, 22
3072, 7
3074, 32
3075, 31
3076, 24
3077, 16
3078, 16
3079, 24
3081, 32
3082, 16
3083, 30
3084, 16
3085, 32
3086, 24
3087, 16
3088, 16
3089, 7
3090, 16
3091, 16
3092, 8
3093, 8
3094, 24
3095, 8
3096, 16
3097, 7
3099, 24
3100, 32
3101, 16
3102, 7
3103, 16
3104, 15
3106, 8
3107, 7
3108, 32
3109, 15
3110, 15
3111, 39
3112, 7
3113, 24
3114, 16
3115, 31
3116, 49
3118, 39
3119, 24
3120, 15
3121, 23
3122, 16
3123, 23
3124, 24
3125, 33
3126, 24
3127, 23
3128, 40
3129, 24
3130, 31
3131, 23
3132, 32
3133, 72
3134, 7
3135, 32
3136, 24
3137, 31
3138, 16
3139, 64
3140, 48
3141, 64
3142, 33
3144, 32
3145, 64
3146, 32
3147, 57
3148, 31
3149, 8
3150, 23
3151, 33
3152, 31
3153, 16
3154, 24
3155, 48
3156, 32
3157, 23
3159, 16
3160, 23
3161, 32
3162, 24
3163, 8
3164, 24
3165, 24
3166, 8
3167, 16
3168, 40
3169, 24
3170, 24
3171, 16
3172, 24
3173, 8
3174, 23
3175, 8
3176, 16
3177, 8
3178, 7
3179, 15
3180, 24
3181, 16
3182, 8
3184, 16
3185, 16
3186, 32
3187, 15
3189, 24
3190, 7
3192, 16
3194, 40
3195, 31
3196, 24
3197, 7
3198, 15
3199, 15
3200, 23
3201, 32
3202, 40
3203, 33
3204, 23
3205, 16
3206, 16
3207, 23
3208, 16
3209, 32
3210, 8
3211, 49
3212, 23
3213, 24
3214, 30
3215, 31
3216, 39
3217, 24
3218, 48
3219, 39
3220, 16
3221, 24
3222, 39
3223, 16
3224, 40
3225, 55
3226, 47
3227, 47
3228, 15
3229, 16
3230, 73
3231, 31
3232, 49
3233, 49
3234, 7
3235, 32
3236, 33
3237, 33
3239, 32
3240, 15
3241, 46
3242, 47
3245, 24
3246, 32
3247, 39
3248, 7
3249, 16
3250, 24
3251, 16
3252, 8
3253, 24
3254, 31
3255, 16
3256, 23
3257, 23
3258, 15
3259, 32
3261, 16
3262, 16
3263, 8
3264, 8
3265, 24
3266, 7
3267, 8
3268, 15
3270, 32
3271, 15
3272, 32
3274, 7
3275, 15
3276, 7
3277, 7
3278, 7
3279, 24
3280, 31
3281, 33
3282, 15
3283, 16
3284, 16
3285, 16
3286, 32
3287, 40
3288, 16
3289, 30
3290, 15
3291, 32
3292, 8
3293, 24
3294, 24
3295, 23
3296, 41
3297, 23
3298, 16
3299, 40
3300, 24
3301, 31
3302, 15
3303, 39
3304, 80
3305, 8
3306, 16
3307, 47
3308, 16
3309, 16
3310, 56
3311, 63
3312, 48
3313, 23
3314, 15
3315, 32
3316, 56
3317, 39
3318, 64
3319, 15
3320, 15
3321, 31
3322, 32
3323, 24
3324, 33
3325, 33
3326, 32
3327, 32
3328, 16
3330, 16
3331, 48
3332, 8
3333, 33
3335, 32
3336, 15
3337, 16
3338, 25
3339, 32
3340, 16
3341, 24
3342, 16
3343, 24
3344, 25
3345, 7
3346, 25
3348, 8
3349, 16
3350, 16
3351, 16
3352, 8
3353, 16
3354, 8
3355, 8
3356, 33
3357, 24
3358, 7
3359, 8
3360, 16
3361, 7
3362, 8
3363, 8
3364, 8
3365, 48
3366, 16
3367, 16
3368, 23
3369, 16
3370, 7
3371, 32
3372, 40
3373, 24
3374, 16
3375, 39
3376, 7
3377, 32
3378, 16
3379, 15
3380, 30
3381, 16
3382, 47
3383, 7
3384, 48
3385, 16
3386, 15
3387, 55
3388, 24
3389, 40
3390, 55
3391, 8
3392, 31
3393, 24
3394, 15
3395, 39
3396, 80
3397, 39
3398, 48
3399, 16
3400, 7
3401, 72
3402, 32
3403, 39
3404, 47
3405, 15
3406, 15
3407, 40
3408, 23
3409, 23
3410, 24
3411, 32
3412, 47
3413, 31
3415, 8
3416, 16
3417, 38
3418, 24
3419, 15
3420, 16
3421, 24
3422, 16
3423, 16
3424, 33
3425, 7
3426, 32
3427, 24
3428, 8
3429, 23
3430, 15
3431, 15
3432, 23
3433, 8
3435, 16
3436, 24
3437, 7
3438, 8
3439, 15
3440, 8
3441, 16
3442, 30
3443, 23
3445, 16
3446, 7
3447, 7
3448, 7
3449, 16
3450, 41
3452, 32
3453, 23
3454, 16
3455, 16
3456, 16
3457, 32
3458, 47
3459, 8
3460, 40
3461, 16
3462, 15
3463, 16
3464, 32
3465, 16
3466, 15
3467, 40
3468, 40
3469, 8
3470, 40
3471, 40
3472, 32
3473, 16
3474, 41
3475, 63
3476, 8
3477, 25
3478, 40
3479, 15
3480, 24
3481, 56
3482, 56
3483, 56
3484, 24
3485, 8
3486, 32
3487, 55
3488, 39
3489, 48
3490, 39
3491, 25
3492, 8
3493, 40
3494, 23
3495, 16
3496, 40
3497, 49
3498, 31
3499, 7
3501, 16
3502, 32
3503, 32
3504, 23
3505, 8
3506, 15
3507, 24
3508, 7
3509, 32
3510, 32
3511, 16
3512, 16
3513, 24
3514, 15
3515, 15
3516, 23
3517, 8
3518, 15
3519, 8
3521, 23
3522, 23
3523, 16
3524, 7
3526, 16
3527, 32
3528, 24
3529, 8
3530, 8
3531, 7
3532, 15
3533, 8
3534, 8
3535, 33
3536, 23
3537, 8
3538, 32
3539, 15
3540, 16
3541, 7
3542, 33
3543, 57
3544, 8
3545, 41
3546, 24
3547, 8
3548, 24
3549, 24
3550, 8
3551, 32
3552, 16
3553, 40
3554, 32
3555, 41
3556, 24
3557, 23
3558, 32
3559, 24
3560, 80
3561, 7
3562, 24
3563, 16
3564, 30
3565, 23
3566, 32
3567, 72
3568, 55
3569, 40
3570, 16
3571, 15
3572, 65
3573, 32
3574, 56
3575, 48
3577, 32
3578, 33
3579, 16
3580, 32
3581, 24
3582, 41
3583, 47
3584, 16
3586, 8
3587, 32
3588, 24
3589, 24
3590, 15
3591, 24
3592, 15
3593, 16
3594, 15
3595, 32
3596, 16
3597, 15
3598, 41
3599, 16
3600, 8
3601, 32
3603, 24
3605, 8
3606, 23
3607, 16
3608, 7
3609, 15
3610, 7
3611, 8
3612, 24
3613, 23
3614, 16
3615, 7
3617, 31
3618, 8
3620, 16
3621, 33
3622, 24
3623, 25
3624, 15
3625, 16
3626, 16
3627, 25
3628, 39
3629, 32
3630, 25
3631, 24
3632, 8
3633, 32
3634, 24
3635, 8
3636, 32
3637, 7
3638, 57
3639, 15
3640, 32
3641, 24
3642, 40
3643, 32
3644, 25
3645, 8
3646, 85
3647, 8
3648, 24
3649, 31
3650, 23
3651, 24
3652, 56
3653, 56
3654, 39
3655, 40
3656, 15
3657, 24
3658, 90
3660, 79
3661, 15
3662, 16
3663, 15
3664, 48
3665, 16
3666, 24
3667, 24
3668, 56
3669, 24
3670, 15
3672, 32
3673, 24
3674, 16
3675, 32
3676, 8
3677, 16
3678, 23
3679, 8
3680, 39
3681, 15
3682, 32
3683, 16
3684, 24
3685, 7
3686, 32
3687, 7
3689, 23
3690, 8
3691, 8
3692, 16
3693, 23
3694, 8
3695, 7
3696, 15
3697, 16
3698, 8
3699, 39
3700, 7
3701, 8
3702, 16
3703, 7
3704, 8
3705, 8
3706, 16
3707, 40
3708, 7
3709, 32
3710, 15
3711, 16
3712, 8
3713, 39
3714, 39
3715, 15
3716, 39
3717, 24
3718, 16
3719, 16
3720, 24
3721, 24
3722, 16
3723, 8
3724, 47
3725, 31
3726, 40
3727, 24
3728, 32
3729, 24
3730, 15
3731, 71
3732, 23
3733, 16
3734, 49
3735, 23
3737, 47
3738, 82
3739, 47
3740, 24
3741, 23
3742, 24
3743, 64
3744, 24
3745, 40
3746, 64
3748, 24
3749, 48
3750, 8
3751, 24
3752, 15
3753, 55
3754, 57
3756, 7
3757, 8
3758, 32
3759, 15
3760, 32
3761, 15
3762, 24
3763, 15
3764, 16
3765, 25
3766, 33
3767, 8
3768, 23
3769, 32
3770, 16
3771, 7
3772, 24
3773, 7
3774, 24
3775, 8
3777, 24
3778, 16
3779, 7
3780, 15
3781, 7
3782, 8
3783, 24
3784, 31
3785, 16
3787, 7
3788, 23
3790, 8
3791, 16
3792, 41
3793, 16
3794, 16
3795, 23
3796, 16
3797, 16
3798, 24
3799, 41
3800, 31
3801, 33
3802, 15
3803, 24
3804, 16
3805, 8
3806, 23
3807, 32
3808, 16
3809, 32
3810, 31
3811, 16
3812, 49
3813, 31
3814, 23
3815, 32
3816, 40
3817, 54
3819, 31
3820, 32
3821, 23
3822, 16
3823, 72
3824, 56
3825, 47
3826, 24
3827, 7
3828, 41
3829, 56
3830, 40
3831, 57
3832, 24
3833, 8
3834, 31
3835, 32
3836, 24
3837, 32
3838, 8
3839, 55
3840, 38
3841, 7
3843, 23
3844, 24
3845, 32
3846, 23
3847, 16
3848, 16
3849, 16
3850, 16
3851, 16
3852, 40
3853, 16
3854, 24
3855, 16
3856, 32
3857, 24
3859, 24
3861, 8
3863, 23
3864, 23
3865, 16
3867, 15
3869, 39
3870, 32
3873, 24
3874, 7
3875, 8
3877, 41
3878, 24
3879, 8
3880, 39
3881, 7
3882, 24
3883, 8
3884, 32
3885, 41
3886, 15
3887, 32
3888, 31
3889, 8
3890, 23
3891, 32
3892, 25
3893, 16
3894, 32
3895, 24
3896, 24
3897, 40
3898, 7
3899, 40
3900, 24
3901, 32
3902, 49
3903, 46
3905, 47
3906, 32
3907, 16
3908, 32
3909, 66
3910, 63
3911, 33
3912, 24
3913, 16
3914, 57
3915, 40
3916, 49
3917, 47
3919, 24
3920, 32
3921, 39
3923, 32
3924, 56
3925, 39
3926, 16
3928, 8
3929, 32
3930, 32
3931, 24
3932, 7
3933, 24
3934, 15
3935, 16
3936, 16
3937, 40
3938, 16
3939, 8
3940, 39
3941, 8
3942, 24
3943, 23
3945, 24
3946, 8
3947, 8
3948, 8
3949, 32
3950, 8
3951, 16
3953, 8
3954, 24
3955, 32
3956, 16
3958, 24
3959, 7
3961, 7
3962, 7
3963, 48
3964, 8
3965, 49
3966, 8
3967, 8
3968, 7
3969, 40
3970, 33
3971, 33
3972, 16
3973, 39
3974, 16
3975, 8
3976, 23
3977, 15
3978, 40
3979, 16
3980, 25
3981, 40
3982, 24
3983, 41
3984, 24
3985, 32
3986, 24
3987, 32
3988, 62
3989, 8
3990, 25
3991, 40
3992, 15
3993, 33
3994, 66
3995, 56
3996, 39
3997, 32
3999, 49
4000, 56
4001, 32
4002, 64
4003, 15
4004, 24
4005, 16
4006, 41
4007, 16
4008, 15
4009, 41
4010, 48
4011, 32
4012, 8
4013, 8
4014, 32
4015, 25
4016, 16
4017, 24
4018, 24
4019, 16
4020, 8
4021, 16
4022, 24
4023, 31
4024, 16
4025, 33
4026, 8
4027, 15
4028, 23
4029, 15
4030, 8
4031, 15
4032, 8
4033, 7
4034, 15
4035, 23
4036, 16
4037, 8
4039, 16
4040, 40
4041, 16
4042, 8
4043, 8
4044, 24
4046, 8
4047, 7
4048, 24
4049, 31
4050, 24
4051, 16
4052, 15
4053, 24
4054, 8
4055, 24
4056, 40
4057, 23
4058, 40
4059, 16
4060, 16
4061, 24
4062, 15
4063, 24
4064, 32
4065, 16
4066, 40
4067, 24
4068, 48
4069, 8
4070, 40
4071, 23
4072, 24
4073, 56
4074, 30
4075, 16
4076, 32
4077, 39
4079, 47
4080, 71
4081, 47
4082, 31
4083, 23
4084, 32
4085, 66
4086, 25
4087, 48
4088, 47
4090, 31
4091, 32
4092, 32
4094, 40
4095, 40
4096, 39
4097, 23
4099, 8
4100, 24
4101, 31
4102, 32
4103, 7
4104, 23
4105, 16
4106, 24
4107, 16
4108, 32
4109, 16
4110, 32
4111, 7
4112, 24
4113, 24
4114, 8
4115, 15
4116, 16
4117, 8
4119, 23
4120, 15
4121, 15
4122, 8
4123, 7
4124, 16
4125, 16
4126, 32
4127, 15
4129, 24
4130, 7
4131, 8
4133, 7
4134, 48
4135, 24
4136, 16
4137, 15
4138, 23
4139, 8
4140, 16
4141, 40
4142, 40
4143, 16
4144, 39
4145, 8
4146, 24
4147, 24
4148, 16
4149, 32
4150, 16
4151, 33
4152, 31
4153, 24
4154, 31
4155, 23
4156, 39
4157, 24
4158, 41
4159, 55
4160, 8
4161, 24
4162, 48
4163, 7
4164, 41
4165, 56
4166, 55
4167, 47
4168, 24
4169, 8
4170, 33
4171, 53
4172, 48
4173, 48
4174, 22
4175, 16
4176, 15
4177, 40
4178, 23
4179, 24
4180, 32
4181, 48
4182, 30
4183, 8
4185, 32
4186, 24
4187, 24
4188, 23
4189, 7
4190, 23
4191, 7
4192, 15
4193, 40
4194, 24
4195, 8
4196, 32
4197, 16
4198, 23
4199, 23
4200, 7
4201, 7
4202, 15
4203, 8
4204, 24
4205, 16
4206, 7
4207, 7
4208, 15
4209, 8
4210, 8
4211, 31
4212, 24
4213, 7
4214, 16
4215, 16
4217, 8
4218, 8
4219, 24
4220, 31
4221, 8
4222, 40
4224, 15
4225, 15
4226, 49
4227, 24
4228, 31
4229, 31
4230, 24
4231, 8
4232, 23
4233, 31
4234, 16
4235, 15
4236, 24
4237, 39
4238, 24
4239, 40
4240, 23
4241, 23
4242, 24
4243, 23
4244, 79
4245, 23
4246, 8
4247, 40
4248, 32
4250, 56
4251, 54
4252, 63
4253, 32
4254, 15
4255, 24
4256, 57
4257, 31
4258, 64
4259, 39
4261, 31
4262, 7
4263, 38
4264, 23
4265, 32
4266, 48
4267, 16
4268, 38
4270, 8
4271, 32
4272, 32
4273, 32
4274, 8
4275, 16
4276, 15
4277, 7
4278, 24
4279, 32
4280, 15
4281, 23
4282, 23
4283, 32
4284, 8
4285, 23
4286, 8
4287, 15
4289, 7
4290, 23
4291, 24
4292, 8
4293, 8
4294, 7
4295, 16
4296, 24
4297, 23
4298, 15
4300, 15
4301, 7
4302, 7
4303, 7
4304, 15
4305, 40
4306, 8
4307, 48
4309, 15
4310, 15
4311, 33
4312, 24
4313, 39
4314, 33
4315, 23
4316, 8
4317, 23
4318, 16
4319, 24
4320, 32
4321, 16
4322, 40
4323, 24
4324, 15
4325, 48
4326, 16
4327, 31
4328, 32
4329, 48
4330, 47
4331, 16
4332, 16
4333, 47
4334, 7
4335, 48
4336, 49
4337, 56
4338, 48
4339, 24
4341, 72
4342, 32
4343, 39
4344, 48
4345, 23
4346, 16
4347, 40
4348, 24
4349, 24
4350, 24
4351, 58
4352, 25
4353, 32
4356, 24
4357, 31
4358, 31
4359, 7
4360, 15
4361, 32
4362, 16
4363, 8
4364, 32
4365, 23
4366, 8
4367, 31
4368, 15
4369, 23
4370, 15
4371, 15
4372, 16
4373, 7
4374, 8
4375, 24
4376, 24
4377, 8
4378, 7
4379, 8
4380, 8
4382, 47
4383, 16
4384, 7
4385, 8
4386, 23
4388, 8
4389, 7
4390, 32
4391, 15
4392, 23
4393, 30
4394, 8
4395, 15
4396, 7
4397, 48
4398, 32
4399, 15
4400, 47
4401, 16
4402, 16
4403, 16
4404, 31
4405, 24
4406, 8
4407, 41
4408, 24
4409, 24
4410, 25
4411, 38
4412, 40
4413, 24
4414, 32
4415, 64
4416, 7
4417, 15
4418, 31
4419, 38
4420, 24
4421, 24
4422, 72
4423, 54
4424, 24
4425, 23
4426, 24
4427, 72
4428, 24
4429, 56
4430, 40
4431, 8
4432, 23
4433, 24
4434, 39
4435, 24
4436, 24
4437, 47
4438, 33
4439, 16
4441, 7
4442, 32
4443, 24
4444, 40
4446, 15
4447, 23
4448, 16
4449, 24
4450, 32
4451, 8
4452, 22
4453, 31
4454, 15
4455, 32
4456, 8
4458, 23
4460, 15
4461, 15
4462, 15
4463, 15
4464, 15
4466, 15
4467, 16
4468, 23
4469, 23
4470, 8
4471, 7
4472, 16
4473, 8
4475, 16
4476, 38
4477, 15
4478, 23
4479, 23
4480, 8
4481, 15
4482, 24
4483, 32
4484, 40
4485, 7
4486, 39
4487, 23
4488, 24
4489, 25
4490, 8
4491, 32
4492, 25
4493, 32
4494, 32
4495, 8
4496, 30
4497, 39
4498, 40
4499, 15
4500, 40
4501, 54
4502, 16
4503, 32
4504, 24
4505, 15
4506, 16
4507, 62
4508, 79
4509, 40
4510, 23
4511, 7
4512, 65
4513, 23
4514, 55
4515, 56
4517, 23
4518, 23
4519, 39
4520, 16
4521, 23
4522, 48
4523, 48
4524, 15
4525, 7
4526, 8
4527, 25
4528, 23
4529, 24
4530, 23
4531, 15
4532, 23
4533, 7
4534, 8
4535, 39
4536, 23
4537, 24
4538, 16
4539, 15
4540, 24
4541, 24
4542, 7
4543, 24
4545, 8
4546, 15
4547, 24
4548, 16
4550, 15
4551, 8
4552, 7
4553, 39
4554, 16
4555, 7
4556, 7
4557, 24
4559, 7
4560, 8
4561, 15
4562, 31
4563, 23
4564, 31
4565, 16
4566, 16
4567, 16
4568, 24
4569, 48
4570, 16
4571, 31
4572, 23
4573, 7
4574, 32
4575, 7
4576, 48
4578, 24
4579, 46
4580, 15
4581, 40
4582, 24
4583, 31
4584, 24
4585, 24
4586, 65
4587, 31
4588, 15
4589, 49
4590, 15
4591, 16
4592, 64
4593, 65
4594, 31
4595, 23
4596, 23
4597, 15
4598, 71
4599, 40
4600, 56
4601, 23
4602, 16
4603, 23
4604, 49
4605, 16
4606, 16
4607, 32
4608, 47
4609, 32
4610, 15
4612, 24
4613, 23
4614, 24
4615, 24
4616, 24
4617, 8
4618, 15
4619, 16
4620, 24
4621, 32
4622, 15
4623, 24
4624, 23
4625, 24
4626, 16
4627, 15
4628, 8
4629, 16
4630, 8
4631, 8
4632, 25
4633, 15
4634, 8
4635, 16
4636, 8
4638, 32
4639, 23
4640, 15
4642, 23
4643, 7
4645, 7
4646, 7
4647, 47
4648, 16
4649, 31
4650, 15
4651, 16
4652, 7
4653, 33
4654, 32
4655, 32
4656, 33
4657, 15
4658, 24
4659, 16
4660, 23
4661, 24
4662, 23
4663, 15
4664, 33
4665, 31
4666, 24
4667, 40
4668, 24
4669, 40
4670, 16
4671, 48
4672, 46
4673, 16
4674, 32
4675, 32
4676, 7
4677, 32
4678, 73
4679, 55
4680, 56
4681, 8
4683, 65
4684, 38
4685, 57
4686, 47
4687, 8
4688, 16
4689, 32
4690, 31
4691, 31
4692, 24
4693, 16
4694, 38
4695, 47
4698, 23
4699, 23
4700, 23
4701, 23
4702, 24
4703, 16
4704, 7
4705, 15
4706, 39
4707, 23
4708, 16
4709, 23
4710, 32
4711, 16
4712, 24
4714, 7
4715, 14
4716, 8
4717, 15
4718, 24
4719, 7
4720, 24
4723, 32
4724, 23
4725, 24
4727, 24
4728, 8
4730, 8
4731, 7
4732, 32
4733, 23
4734, 16
4735, 30
4736, 16
4737, 7
4738, 24
4739, 24
4740, 32
4741, 48
4742, 8
4743, 15
4744, 31
4745, 24
4746, 8
4747, 31
4748, 23
4749, 24
4750, 40
4751, 15
4752, 49
4753, 8
4754, 47
4755, 24
4756, 23
4757, 79
4759, 32
4760, 23
4761, 31
4762, 25
4763, 24
4764, 111
4765, 15
4766, 48
4768, 24
4769, 64
4770, 40
4771, 49
4772, 30
4773, 24
4774, 15
4775, 16
4776, 47
4777, 16
4778, 31
4779, 48
4780, 31
4781, 15
4783, 16
4784, 32
4785, 15
4786, 32
4787, 16
4788, 15
4789, 15
4790, 15
4791, 23
4792, 32
4793, 24
4794, 24
4795, 16
4796, 23
4797, 24
4798, 7
4799, 16
4800, 8
4801, 7
4802, 16
4803, 25
4804, 7
4805, 7
4806, 7
4807, 16
4808, 8
4809, 16
4810, 40
4811, 7
4812, 8
4813, 16
4814, 8
4815, 8
4816, 7
4817, 8
4818, 40
4819, 16
4820, 31
4821, 15
4822, 25
4824, 32
4825, 32
4826, 31
4827, 24
4828, 31
4829, 7
4830, 23
4831, 24
4832, 16
4833, 24
4834, 32
4835, 48
4836, 16
4837, 8
4838, 47
4839, 39
4840, 16
4841, 23
4842, 65
4843, 30
4844, 16
4845, 16
4846, 55
4847, 8
4848, 32
4849, 65
4850, 65
4851, 48
4852, 7
4853, 16
4854, 41
4855, 55
4856, 56
4857, 40
4858, 8
4859, 7
4860, 48
4861, 24
4862, 23
4863, 15
4864, 56
4865, 23
4866, 40
4868, 8
4869, 32
4870, 16
4871, 23
4872, 23
4873, 15
4874, 23
4876, 32
4877, 32
4878, 15
4879, 8
4880, 39
4881, 23
4882, 24
4883, 7
4884, 7
4885, 24
4886, 8
4888, 23
4889, 15
4890, 15
4891, 8
4892, 7
4894, 23
4895, 40
4896, 7
4897, 7
4898, 8
4899, 23
4901, 7
4902, 16
4903, 40
4904, 7
4905, 32
4906, 15
4907, 16
4908, 16
4909, 24
4910, 39
4911, 7
4912, 31
4913, 40
4914, 15
4915, 15
4916, 31
4917, 16
4918, 16
4919, 23
4920, 23
4921, 48
4922, 7
4923, 39
4924, 32
4925, 31
4926, 24
4927, 32
4928, 71
4929, 8
4930, 16
4931, 47
4932, 15
4933, 16
4934, 80
4935, 40
4936, 55
4937, 16
4938, 15
4939, 15
4940, 87
4941, 32
4942, 39
4943, 38
4944, 8
4945, 22
4946, 48
4947, 16
4948, 16
4949, 40
4950, 40
4951, 31
4952, 15
4954, 16
4955, 39
4956, 24
4957, 23
4958, 8
4959, 24
4960, 15
4961, 16
4962, 8
4963, 39
4964, 32
4966, 31
4967, 24
4968, 24
4969, 7
4970, 16
4971, 7
4972, 8
4973, 8
4974, 15
4975, 23
4976, 8
4977, 15
4979, 16
4980, 16
4981, 39
4982, 7
4984, 31
4986, 8
4988, 23
4989, 24
4990, 31
4991, 32
4992, 7
4993, 8
4994, 15
4995, 40
4996, 32
4997, 23
4998, 41
4999, 16
5000, 8
5001, 31
5002, 15
5003, 24
5004, 23
5005, 15
5006, 32
5007, 31
5008, 24
5009, 39
5010, 23
5011, 40
5012, 25
5013, 65
5014, 23
5015, 7
5016, 47
5017, 32
5019, 48
5020, 55
5021, 63
5022, 32
5023, 15
5024, 23
5025, 56
5026, 39
5027, 31
5028, 63
5029, 7
5030, 24
5031, 33
5032, 40
5033, 16
5034, 16
5035, 49
5036, 39
5037, 23
5039, 8
5040, 24
5041, 31
5042, 32
5043, 7
5044, 16
5045, 23
5046, 8
5047, 24
5048, 24
5049, 23
5050, 24
5051, 32
5052, 16
5053, 16
5054, 16
5055, 7
5056, 15
5057, 7
5058, 7
5059, 16
5060, 31
5061, 8
5062, 8
5063, 8
5065, 15
5066, 39
5067, 16
5068, 7
5069, 24
5070, 8
5072, 8
5073, 7
5074, 32
5075, 23
5076, 39
5077, 16
5078, 8
5079, 15
5081, 56
5082, 33
5083, 16
5084, 31
5085, 23
5086, 16
5087, 16
5088, 23
5089, 15
5090, 23
5091, 48
5092, 23
5093, 15
5094, 39
5095, 39
5096, 24
5097, 15
5098, 57
5099, 55
5100, 8
5101, 16
5102, 56
5103, 8
5104, 7
5105, 79
5106, 56
5107, 39
5108, 23
5109, 23
5110, 15
5111, 63
5112, 47
5113, 54
5114, 23
5116, 30
5117, 31
5118, 31
5119, 15
5120, 31
5121, 47
5122, 41
5123, 7
5125, 33
5126, 16
5127, 23
5128, 24
5129, 15
5130, 24
5131, 15
5132, 7
5133, 24
5134, 31
5135, 7
5136, 31
5137, 32
5138, 16
5139, 16
5140, 15
5141, 8
5142, 14
5143, 8
5144, 8
5145, 23
5146, 16
5147, 7
5148, 15
5150, 8
5151, 31
5152, 31
5153, 7
5155, 24
5156, 7
5157, 8
5159, 24
5160, 39
5161, 7
5162, 31
5163, 15
5164, 24
5166, 32
5167, 32
5168, 31
5169, 24
5170, 22
5171, 23
5172, 15
5173, 31
5174, 15
5175, 15
5176, 15
5177, 47
5178, 32
5179, 24
5180, 39
5181, 24
5182, 23
5183, 31
5184, 73
5185, 23
5186, 8
5187, 31
5188, 31
5189, 16
5190, 56
5191, 56
5192, 39
5193, 31
5194, 31
5195, 7
5196, 89
5197, 25
5198, 15
5199, 62
5200, 15
5201, 32
5202, 33
5203, 16
5204, 24
5205, 23
5206, 56
5207, 41
5208, 16
5210, 8
5211, 23
5212, 31
5213, 33
5214, 7
5215, 16
5216, 15
5217, 24
5218, 16
5219, 41
5220, 7
5221, 24
5222, 24
5223, 24
5224, 16
5225, 23
5227, 24
5229, 16
5230, 7
5231, 23
5232, 16
5233, 7
5234, 7
5236, 23
5237, 40
5238, 15
5240, 16
5241, 16
5243, 7
5244, 16
5245, 16
5246, 31
5247, 24
5248, 23
5249, 16
5250, 15
5251, 16
5252, 39
5253, 39
5254, 24
5255, 23
5256, 24
5257, 8
5258, 32
5259, 16
5260, 31
5262, 48
5263, 33
5264, 8
5265, 40
5266, 24
5267, 48
5268, 16
5269, 39
5270, 54
5271, 15
5272, 24
5273, 39
5274, 16
5275, 32
5276, 40
5277, 54
5278, 62
5279, 32
5281, 32
5282, 72
5283, 15
5284, 80
5285, 7
5286, 23
5287, 15
5288, 41
5289, 23
5290, 15
5291, 32
5292, 56
5293, 24
5294, 15
5295, 8
5296, 25
5297, 16
5298, 23
5299, 32
5300, 8
5301, 23
5302, 8
5303, 23
5304, 24
5305, 23
5306, 15
5307, 23
5308, 23
5309, 24
5310, 32
5312, 24
5313, 8
5315, 16
5316, 16
5317, 15
5318, 16
5319, 7
5321, 23
5322, 15
5323, 39
5326, 23
5327, 8
5328, 8
5329, 8
5330, 8
5331, 39
5332, 24
5333, 32
5334, 7
5335, 24
5337, 48
5338, 16
5339, 30
5340, 24
5341, 39
5342, 16
5343, 7
5344, 32
5345, 7
5346, 39
5347, 24
5348, 15
5349, 23
5350, 55
5351, 24
5352, 7
5353, 39
5354, 32
5355, 73
5356, 23
5357, 8
5358, 31
5359, 31
5360, 7
5361, 56
5362, 64
5363, 47
5364, 48
5365, 8
5366, 8
5367, 81
5368, 23
5369, 63
5370, 31
5371, 8
5372, 31
5373, 41
5374, 8
5375, 23
5376, 32
5377, 48
5378, 41
5379, 16
5382, 39
5383, 23
5384, 31
5385, 16
5386, 7
5387, 23
5388, 16
5389, 7
5390, 40
5391, 15
5392, 24
5393, 24
5394, 23
5395, 16
5396, 15
5397, 7
5398, 24
5399, 8
5400, 8
5401, 15
5402, 24
5403, 8
5404, 16
5406, 16
5407, 33
5408, 16
5409, 16
5411, 15
5412, 7
5413, 7
5414, 7
5415, 16
5416, 24
5417, 32
5418, 32
5419, 7
5420, 23
5421, 7
5422, 32
5423, 16
5424, 31
5425, 23
5426, 47
5427, 8
5428, 24
5429, 8
5430, 23
5431, 31
5432, 16
5433, 39
5434, 23
5435, 23
5436, 32
5437, 47
5438, 16
5439, 24
5440, 40
5441, 61
5442, 8
5443, 24
5444, 31
5445, 23
5446, 24
5447, 56
5448, 62
5449, 38
5450, 40
5452, 57
5453, 56
5454, 33
5455, 48
5456, 23
5457, 8
5458, 22
5459, 47
5460, 23
5461, 16
5462, 40
5463, 32
5464, 49
5467, 24
5468, 23
5469, 31
5470, 16
5471, 16
5472, 23
5473, 15
5474, 16
5475, 16
5476, 32
5477, 24
5478, 24
5479, 16
5480, 15
5481, 23
5482, 15
5483, 15
5484, 7
5485, 8
5486, 8
5487, 23
5488, 15
5489, 8
5490, 16
5491, 8
5492, 16
5493, 24
5494, 24
5495, 7
5497, 23
5498, 8
5499, 8
5500, 8
5501, 24
5502, 32
5503, 16
5504, 31
5506, 24
5507, 7
5508, 39
5509, 32
5510, 23
5511, 48
5512, 8
5513, 24
5514, 16
5515, 32
5516, 16
5517, 7
5518, 23
5519, 40
5520, 15
5521, 56
5522, 24
5523, 24
5524, 31
5525, 24
5526, 64
5527, 31
5528, 15
5529, 23
5530, 39
5532, 39
5533, 80
5534, 55
5535, 31
5536, 15
5537, 24
5538, 64
5539, 23
5540, 56
5541, 40
5542, 16
5543, 24
5544, 33
5545, 32
5546, 8
5547, 23
5548, 48
5549, 39
5550, 23
5552, 16
5553, 24
5554, 24
5555, 31
5556, 8
5557, 32
5558, 8
5559, 16
5560, 16
5561, 31
5562, 15
5563, 32
5564, 16
5565, 23
5566, 7
5567, 15
5568, 14
5569, 24
5570, 7
5571, 16
5572, 8
5573, 23
5574, 8
5575, 8
5576, 7
5577, 8
5578, 23
5579, 23
5580, 16
5581, 7
5582, 24
5583, 8
5584, 8
5585, 8
5587, 32
5588, 31
5589, 40
5591, 16
5592, 16
5593, 33
5594, 40
5595, 24
5596, 25
5597, 23
5598, 7
5599, 32
5600, 24
5601, 8
5602, 38
5604, 46
5605, 23
5606, 24
5607, 40
5608, 31
5609, 32
5610, 16
5611, 40
5612, 62
5613, 8
5614, 32
5615, 40
5616, 7
5617, 32
5618, 64
5619, 41
5620, 71
5621, 7
5622, 15
5623, 32
5624, 62
5625, 32
5626, 56
5627, 15
5628, 32
5629, 7
5630, 48
5631, 24
5632, 7
5633, 48
5634, 48
5635, 23
5636, 8
5637, 8
5638, 16
5639, 32
5640, 24
5641, 23
5642, 16
5643, 23
5645, 15
5646, 32
5647, 31
5648, 16
5649, 24
5650, 15
5651, 24
5652, 24
5653, 7
5654, 16
5655, 7
5656, 8
5657, 15
5658, 7
5659, 22
5660, 15
5661, 8
5663, 15
5664, 31
5665, 24
5666, 7
5667, 8
5668, 15
5669, 7
5670, 8
5672, 32
5673, 23
5674, 15
5675, 39
5676, 7
5677, 24
5678, 8
5679, 40
5680, 32
5681, 15
5682, 47
5683, 8
5684, 15
5685, 32
5686, 24
5687, 16
5688, 23
5689, 24
5690, 32
5691, 23
5692, 32
5693, 32
5694, 49
5695, 16
5696, 15
5697, 81
5698, 7
5699, 15
5700, 47
5701, 15
5702, 32
5703, 40
5704, 65
5705, 39
5706, 40
5707, 16
5708, 7
5709, 89
5710, 16
5711, 55
5712, 47
5714, 31
5715, 40
5716, 8
5717, 23
5718, 40
5719, 32
5720, 31
5721, 31
5723, 8
5724, 39
5725, 16
5726, 32
5727, 15
5728, 7
5729, 23
5730, 16
5731, 16
5732, 31
5733, 15
5734, 24
5735, 32
5736, 8
5737, 15
5738, 30
5740, 23
5742, 7
5743, 32
5744, 15
5746, 15
5747, 7
5748, 7
5749, 15
5750, 31
5751, 23
5752, 8
5753, 8
5754, 15
5756, 15
5757, 8
5758, 23
5759, 40
5760, 24
5761, 16
5762, 8
5763, 15
5764, 32
5765, 15
5766, 47
5767, 16
5768, 39
5769, 8
5770, 32
5771, 8
5772, 23
5773, 23
5774, 16
5775, 40
5776, 23
5777, 24
5778, 39
5779, 39
5780, 24
5781, 16
5782, 39
5783, 63
5784, 8
5785, 40
5786, 41
5788, 24
5789, 72
5790, 56
5791, 46
5792, 24
5793, 7
5794, 32
5795, 71
5796, 40
5797, 31
5798, 31
5799, 16
5800, 15
5801, 47
5802, 33
5804, 47
5805, 39
5806, 40
5809, 23
5810, 31
5811, 15
5812, 23
5813, 23
5814, 24
5815, 8
5816, 15
5817, 32
5818, 23
5819, 24
5820, 8
5821, 22
5822, 23
5823, 23
5824, 7
5825, 24
5827, 7
5828, 24
5829, 16
5830, 7
5831, 16
5832, 8
5833, 8
5834, 15
5835, 16
5836, 23
5837, 15
5838, 16
5839, 7
5840, 7
5841, 8
5843, 40
5844, 23
5845, 16
5846, 31
5847, 8
5848, 15
5849, 16
5850, 48
5851, 32
5852, 7
5853, 39
5854, 7
5855, 31
5856, 16
5857, 23
5858, 24
5859, 15
5860, 41
5861, 32
5862, 8
5863, 32
5864, 47
5865, 40
5866, 16
5867, 16
5868, 79
5869, 16
5870, 16
5871, 24
5872, 39
5873, 8
5874, 40
5875, 80
5876, 56
5877, 23
5878, 15
5879, 24
5880, 64
5881, 49
5882, 41
5883, 40
5885, 31
5886, 40
5887, 16
5888, 15
5889, 23
5890, 55
5891, 24
5892, 30
5894, 8
5895, 31
5896, 32
5897, 24
5898, 16
5899, 7
5900, 23
5901, 7
5902, 32
5903, 32
5904, 16
5905, 7
5906, 39
5907, 8
5908, 31
5909, 15
5911, 23
5912, 7
5914, 24
5915, 24
5916, 7
5917, 8
5918, 7
5919, 16
5920, 15
5921, 23
5922, 23
5923, 8
5924, 7
5925, 15
5926, 8
5928, 16
5929, 40
5930, 24
5931, 8
5932, 30
5933, 8
5934, 15
5935, 24
5936, 39
5937, 23
5938, 31
5939, 32
5940, 16
5941, 8
5942, 31
5943, 24
5944, 24
5945, 16
5946, 33
5947, 23
5948, 15
5949, 48
5950, 40
5951, 23
5952, 16
5953, 31
5954, 70
5955, 15
5956, 24
5957, 48
5959, 40
5960, 72
5961, 47
5962, 39
5963, 23
5964, 8
5965, 49
5966, 55
5967, 16
5968, 80
5970, 40
5971, 8
5972, 39
5973, 23
5974, 15
5975, 40
5976, 39
5977, 40
5979, 8
5980, 24
5981, 24
5982, 40
5983, 8
5984, 16
5985, 15
5986, 24
5987, 8
5988, 33
5989, 23
5990, 24
5991, 15
5992, 31
5993, 8
5994, 31
5996, 8
5997, 15
5998, 7
5999, 16
6000, 23
6001, 7
6002, 15
6003, 8
6004, 8
6005, 7
6006, 39
6007, 24
6009, 24
6011, 7
6012, 7
6013, 8
6014, 32
6015, 31
6017, 38
6018, 7
6019, 24
6020, 8
6021, 31
6022, 30
6023, 32
6024, 39
6025, 7
6026, 24
6027, 32
6028, 8
6029, 23
6030, 15
6031, 41
6032, 32
6033, 15
6034, 39
6035, 15
6036, 30
6037, 23
6038, 39
6039, 79
6040, 8
6041, 24
6042, 32
6043, 24
6044, 16
6045, 56
6046, 64
6047, 47
6048, 39
6050, 32
6051, 56
6052, 31
6053, 73
6054, 23
6055, 16
6056, 15
6057, 25
6058, 39
6059, 24
6060, 16
6061, 56
6062, 31
6063, 15
6065, 8
6066, 48
6067, 15
6068, 24
6069, 15
6070, 7
6071, 23
6072, 24
6073, 16
6074, 31
6075, 24
6076, 16
6077, 15
6078, 31
6079, 8
6080, 23
6081, 16
6082, 7
6083, 7
6084, 7
6085, 16
6086, 24
6087, 8
6088, 7
6089, 7
6090, 16
6091, 24
6092, 24
6093, 15
6095, 15
6096, 15
6098, 7
6099, 32
6100, 24
6101, 16
6102, 40
6104, 15
6105, 16
6106, 40
6107, 40
6108, 8
6109, 40
6110, 23
6111, 15
6112, 16
6113, 24
6114, 23
6115, 23
6116, 8
6117, 56
6118, 16
6119, 24
6120, 39
6121, 24
6122, 32
6123, 23
6124, 39
6125, 53
6126, 16
6127, 41
6128, 24
6129, 16
6130, 32
6131, 65
6132, 65
6133, 32
6134, 23
6135, 16
6136, 65
6137, 32
6138, 32
6139, 64
6140, 8
6141, 24
6142, 41
6143, 15
6144, 23
6145, 24
6146, 31
6147, 55
6148, 24
6151, 40
6152, 16
6153, 31
6154, 7
6155, 24
6156, 23
6158, 32
6159, 41
6160, 7
6161, 15
6162, 32
6163, 16
6164, 15
6165, 32
6167, 16
6168, 15
6170, 15
6171, 32
6172, 8
6173, 7
6174, 7
6176, 32
6177, 24
6178, 15
6179, 6
6180, 16
6181, 15
6183, 7
6184, 8
6185, 33
6186, 23
6187, 32
6188, 15
6189, 25
6191, 16
6192, 47
6193, 24
6194, 15
6195, 47
6196, 15
6197, 7
6198, 15
6199, 23
6200, 39
6201, 7
6202, 40
6203, 31
6204, 16
6205, 30
6206, 47
6207, 24
6208, 15
6209, 23
6210, 87
6212, 16
6213, 39
6214, 32
6215, 16
6216, 65
6217, 81
6218, 7
6219, 39
6220, 23
6221, 24
6222, 64
6223, 39
6224, 58
6225, 16
6226, 15
6227, 32
6228, 40
6229, 7
6230, 32
6231, 24
6232, 46
6233, 31
6234, 16
6236, 16
6237, 23
6238, 39
6239, 15
6240, 16
6241, 16
6242, 15
6243, 15
6244, 15
6245, 38
6246, 15
6247, 24
6248, 24
6249, 15
6250, 23
6251, 15
6252, 8
6253, 15
6254, 8
6255, 15
6256, 25
6257, 8
6258, 8
6259, 16
6261, 8
6262, 40
6263, 8
6264, 23
6266, 15
6267, 15
6269, 7
6270, 41
6271, 7
6272, 15
6273, 48
6275, 7
6276, 23
6277, 32
6278, 40
6279, 24
6280, 15
6281, 38
6282, 16
6283, 24
6284, 15
6285, 23
6286, 24
6287, 24
6288, 24
6289, 39
6290, 24
6291, 15
6292, 40
6293, 32
6294, 32
6295, 31
6296, 63
6297, 8
6298, 23
6299, 47
6301, 56
6302, 32
6303, 71
6304, 48
6305, 15
6306, 7
6307, 64
6308, 47
6309, 40
6310, 39
6311, 15
6312, 25
6313, 40
6314, 33
6315, 8
6316, 24
6317, 31
6318, 47
6319, 30
6321, 8
6322, 24
6323, 32
6324, 33
6326, 31
6327, 16
6328, 7
6329, 24
6330, 39
6331, 16
6332, 16
6333, 23
6334, 15
6335, 24
6336, 24
6338, 24
6339, 8
6340, 8
6341, 7
6342, 24
6343, 7
6344, 7
6345, 15
6346, 8
6347, 16
6348, 40
6349, 16
6351, 16
6352, 15
6353, 8
6355, 7
6356, 32
6357, 23
6358, 24
6359, 32
6361, 24
6362, 16
6363, 31
6364, 39
6365, 7
6366, 46
6367, 24
6368, 8
6369, 15
6370, 15
6371, 39
6372, 7
6373, 48
6374, 15
6375, 22
6376, 48
6377, 16
6378, 40
6379, 24
6380, 39
6381, 46
6382, 32
6383, 24
6384, 16
6385, 30
6386, 16
6387, 48
6388, 62
6389, 54
6390, 40
6391, 8
6392, 16
6393, 71
6394, 32
6395, 73
6396, 15
6398, 31
6399, 31
6400, 32
6401, 24
6402, 49
6403, 24
6404, 39
6405, 8
6407, 8
6408, 30
6409, 31
6410, 23
6411, 15
6412, 23
6413, 15
6414, 15
6415, 24
6416, 31
6417, 16
6418, 33
6419, 8
6420, 14
6421, 15
6422, 23
6423, 8
6424, 15
6425, 8
6426, 16
6427, 16
6428, 16
6430, 23
6432, 15
6433, 24
6434, 40
6436, 8
6437, 16
6438, 7
6439, 8
6440, 8
6441, 33
6442, 24
6443, 16
6444, 24
6445, 15
6446, 16
6447, 8
6448, 24
6449, 48
6450, 24
6451, 32
6452, 24
6453, 24
6454, 8
6455, 31
6456, 8
6457, 31
6458, 16
6459, 47
6460, 23
6461, 33
6462, 24
6463, 40
6464, 24
6465, 24
6466, 73
6467, 15
6468, 15
6469, 40
6470, 24
6471, 15
6472, 33
6473, 64
6474, 73
6475, 41
6476, 8
6477, 8
6478, 64
6479, 48
6480, 40
6481, 48
6482, 7
6483, 24
6484, 32
6485, 40
6486, 8
6487, 24
6488, 49
6489, 31
6490, 31
6492, 16
6493, 16
6494, 32
6495, 24
6496, 16
6497, 15
6498, 23
6499, 24
6500, 8
6501, 40
6502, 7
6503, 24
6504, 33
6505, 16
6506, 15
6507, 15
6508, 7
6509, 15
6510, 15
6512, 24
6513, 24
6515, 15
6516, 7
6517, 16
6518, 25
6519, 16
6520, 24
6522, 16
6523, 16
6525, 16
6526, 8
6527, 24
6528, 24
6529, 31
6530, 16
6531, 16
6532, 16
6533, 24
6534, 24
6535, 24
6536, 30
6537, 39
6538, 7
6539, 23
6540, 33
6541, 7
6542, 24
6543, 31
6544, 24
6545, 23
6546, 23
6547, 48
6548, 24
6549, 32
6550, 24
6551, 49
6552, 56
6553, 16
6554, 33
6555, 41
6557, 41
6558, 66
6559, 49
6560, 48
6561, 24
6562, 8
6563, 41
6564, 57
6565, 32
6566, 74
6567, 8
6568, 16
6569, 24
6570, 33
6571, 24
6572, 32
6573, 33
6574, 41
6575, 41
6578, 33
6579, 33
6580, 16
6581, 24
6582, 16
6583, 24
6584, 8
6585, 16
6586, 25
6587, 33
6588, 16
6589, 25
6590, 24
6591, 16
6592, 33
6594, 25
6596, 8
6597, 16
6598, 24
6599, 7
6600, 16
6601, 8
6602, 8
6603, 16
6604, 33
6605, 24
6607, 8
6608, 24
6611, 15
6612, 25
6613, 32
6614, 25
6615, 25
6616, 16
6617, 16
6619, 41
6620, 49
6621, 8
6622, 49
6623, 16
6624, 16
6625, 25
6626, 25
6627, 16
6628, 24
6629, 33
6630, 32
6631, 16
6632, 41
6633, 33
6634, 16
6635, 32
6636, 24
6637, 90
6639, 16
6640, 49
6641, 24
6642, 16
6643, 32
6644, 89
6645, 41
6646, 41
6647, 8
6648, 16
6649, 82
6650, 33
6651, 50
6652, 33
6653, 7
6654, 33
6655, 16
6656, 49
6657, 8
6658, 23
6659, 58
6660, 40
6661, 16
6663, 8
6664, 41
6665, 25
6666, 16
6667, 24
6668, 25
6669, 7
6670, 24
6671, 16
6672, 24
6673, 24
6674, 16
6675, 33
6676, 25
6678, 32
6680, 24
6681, 8
6682, 8
6683, 16
6684, 24
6685, 8
6686, 8
6687, 8
6688, 8
6689, 41
6690, 16
6691, 16
6693, 24
6694, 8
6695, 8
6696, 8
6697, 8
6698, 41
6699, 8
6700, 33
6701, 23
6702, 8
6703, 16
6704, 33
6705, 24
6706, 40
6707, 8
6708, 39
6709, 24
6710, 16
6711, 16
6712, 23
6713, 32
6714, 8
6715, 32
6716, 40
6717, 25
6718, 32
6719, 32
6720, 32
6721, 24
6722, 49
6723, 47
6724, 16
6725, 25
6726, 32
6727, 15
6728, 32
6729, 64
6730, 64
6731, 41
6732, 24
6733, 7
6734, 66
6735, 33
6736, 32
6737, 39
6738, 38
6739, 16
6740, 24
6741, 40
6743, 31
6744, 56
6745, 23
6746, 31
6747, 15
6748, 8
6749, 16
6750, 31
6751, 16
6752, 32
6753, 16
6754, 8
6755, 15
6756, 23
6757, 24
6758, 24
6759, 24
6760, 24
6761, 16
6762, 32
6763, 16
6764, 7
6765, 8
6766, 15
6767, 8
6768, 24
6769, 16
6770, 8
6771, 8
6772, 15
6774, 16
6775, 32
6776, 24
6777, 7
6778, 8
6779, 15
6780, 7
6781, 7
6782, 8
6783, 16
6784, 31
6785, 24
6786, 33
6787, 8
6788, 16
6789, 15
6790, 33
6791, 48
6792, 8
6793, 40
6794, 8
6795, 22
6796, 24
6797, 31
6798, 16
6799, 15
6800, 41
6801, 24
6802, 15
6803, 32
6804, 48
6805, 24
6806, 15
6807, 41
6808, 65
6809, 15
6810, 23
6811, 15
6812, 48
6813, 8
6814, 65
6815, 48
6816, 56
6817, 32
6818, 15
6819, 16
6820, 64
6821, 23
6822, 63
6823, 40
6824, 8
6825, 24
6826, 49
6827, 15
6828, 24
6829, 16
6830, 65
6831, 32
6832, 15
6834, 8
6835, 31
6836, 7
6837, 47
6838, 16
6839, 15
6840, 7
6841, 32
6842, 8
6843, 41
6844, 8
6845, 32
6846, 15
6847, 24
6848, 16
6849, 16
6850, 7
6851, 24
6853, 16
6854, 16
6855, 24
6856, 8
6857, 16
6859, 8
6860, 15
6861, 31
6862, 23
6864, 24
6866, 7
6867, 8
6868, 16
6869, 24
6870, 32
6871, 24
6872, 15
6873, 15
6874, 16
6875, 24
6876, 23
6877, 47
6878, 16
6879, 31
6880, 7
6881, 23
6882, 32
6883, 16
6884, 32
6885, 16
6886, 41
6887, 24
6888, 24
6889, 32
6890, 24
6891, 39
6892, 24
6893, 40
6894, 55
6895, 8
6896, 24
6897, 40
6898, 15
6899, 32
6900, 72
6901, 40
6902, 48
6903, 23
6904, 15
6905, 57
6906, 39
6907, 40
6908, 64
6909, 8
6910, 24
6911, 16
6912, 40
6913, 8
6914, 40
6915, 32
6916, 56
6917, 24
6919, 8
6920, 32
6921, 16
6922, 16
6923, 31
6924, 8
6925, 24
6926, 15
6927, 16
6928, 24
6929, 23
6930, 15
6931, 40
6932, 16
6933, 16
6934, 24
6935, 7
6936, 24
6938, 7
6939, 8
6940, 15
6941, 22
6942, 16
6944, 15
6945, 16
6946, 23
6947, 24
6948, 7
6950, 23
6951, 7
6952, 8
6953, 7
6954, 32
6955, 24
6956, 25
6957, 24
6958, 8
6959, 23
6960, 8
6961, 24
6962, 48
6963, 15
6964, 40
6965, 24
6966, 8
6967, 24
6968, 23
6969, 24
6970, 15
6971, 24
6972, 31
6973, 31
6974, 32
6975, 40
6976, 24
6977, 15
6978, 32
6979, 65
6980, 22
6981, 7
6982, 57
6983, 24
6984, 8
6985, 57
6986, 73
6987, 39
6988, 31
6989, 7
6990, 23
6991, 65
6992, 47
6993, 49
6994, 23
6995, 23
6996, 23
6997, 33
6998, 16
6999, 31
7000, 24
7001, 56
7002, 24
7003, 23
7005, 8
7006, 39
7007, 24
7008, 16
7009, 15
7010, 32
7011, 8
7012, 16
7013, 16
7014, 40
7015, 24
7016, 16
7017, 24
7018, 24
7020, 30
7022, 24
7024, 15
7025, 16
7026, 24
7028, 15
7029, 7
7030, 8
7031, 23
7032, 23
7033, 23
7035, 24
7036, 8
7037, 8
7038, 8
7039, 16
7040, 32
7042, 48
7043, 16
7044, 16
7045, 8
7046, 16
7047, 47
7048, 24
7049, 32
7050, 23
7051, 16
7052, 15
7053, 23
7054, 23
7055, 23
7056, 15
7057, 49
7058, 15
7059, 32
7060, 23
7061, 48
7062, 15
7063, 32
7064, 65
7065, 32
7066, 16
7067, 16
7068, 39
7069, 15
7070, 24
7071, 49
7072, 71
7073, 47
7074, 23
7075, 15
7076, 49
7077, 47
7078, 39
7079, 55
7080, 15
7081, 32
7082, 8
7083, 48
7085, 32
7086, 23
7087, 46
7088, 47
7091, 24
7092, 32
7093, 32
7094, 15
7095, 16
7096, 24
7097, 8
7098, 16
7099, 40
7100, 7
7101, 24
7102, 32
7103, 25
7104, 8
7105, 32
7107, 24
7109, 8
7110, 16
7111, 24
7112, 7
7113, 7
7114, 15
7115, 8
7116, 16
7117, 24
7118, 32
7120, 16
7121, 15
7123, 7
7124, 8
7125, 32
7126, 32
7127, 8
7128, 23
7129, 24
7130, 7
7131, 16
7132, 40
7133, 40
7134, 16
7135, 32
7136, 15
7137, 16
7138, 23
7139, 24
7140, 24
7141, 24
7142, 32
7143, 24
7144, 23
7145, 32
7146, 23
7147, 47
7148, 8
7149, 39
7150, 72
7151, 15
7152, 8
7153, 39
7154, 31
7155, 16
7156, 48
7157, 63
7158, 56
7159, 40
7160, 8
7161, 8
7162, 71
7163, 32
7164, 56
7165, 30
7166, 24
7167, 15
7168, 33
7169, 32
7170, 16
7171, 32
7172, 41
7173, 49
7174, 7
7176, 8
7177, 40
7178, 32
7179, 16
7180, 16
7181, 16
7182, 15
7183, 24
7184, 16
7185, 33
7186, 8
7187, 15
7188, 31
7189, 23
7190, 7
7191, 31
7192, 8
7193, 16
7194, 8
7195, 16
7196, 16
7197, 16
7198, 8
7199, 16
7201, 15
7202, 23
7203, 16
7204, 24
7206, 24
7207, 8
7209, 7
7210, 24
7211, 31
7212, 8
7213, 40
7214, 15
7215, 16
7216, 8
7217, 41
7218, 15
7219, 38
7220, 25
7221, 31
7222, 16
7223, 15
7224, 31
7225, 8
7226, 24
7227, 23
7228, 40
7229, 23
7230, 24
7231, 40
7232, 23
7233, 31
7234, 32
7235, 65
7236, 24
7237, 8
7238, 24
7239, 39
7240, 15
7241, 41
7242, 65
7243, 56
7244, 31
7245, 23
7246, 24
7247, 49
7248, 30
7249, 39
7250, 65
7251, 15
7252, 16
7253, 32
7254, 31
7255, 16
7256, 32
7257, 24
7258, 56
7259, 23
7260, 7
7262, 16
7263, 31
7264, 31
7265, 23
7266, 16
7267, 23
7269, 23
7270, 40
7271, 15
7272, 24
7273, 16
7274, 24
7275, 15
7276, 23
7277, 7
7278, 15
7279, 7
7280, 8
7281, 24
7282, 8
7283, 15
7284, 15
7285, 7
7286, 8
7287, 7
7288, 23
7289, 31
7290, 7
7291, 8
7292, 23
7295, 7
7296, 40
7297, 24
7298, 15
7299, 23
7300, 23
7301, 16
7302, 8
7303, 31
7304, 48
7305, 8
7306, 48
7307, 16
7308, 16
7309, 32
7310, 16
7311, 8
7312, 31
7313, 8
7314, 63
7315, 8
7316, 24
7317, 38
7318, 32
7319, 31
7320, 32
7321, 65
7322, 7
7323, 23
7324, 15
7325, 38
7326, 23
7327, 31
7328, 96
7329, 32
7330, 31
7331, 24
7332, 16
7333, 64
7334, 40
7335, 65
7336, 23
7337, 8
7338, 23
7339, 41
7340, 16
7341, 24
7342, 23
7343, 56
7344, 24
7345, 22
7347, 8
7348, 31
7349, 31
7350, 16
7351, 23
7352, 24
7353, 8
7354, 24
7355, 16
7356, 24
7357, 15
7358, 40
7359, 7
7360, 23
7361, 15
7362, 23
7363, 8
7364, 15
7366, 16
7367, 16
7368, 23
7370, 15
7371, 7
7372, 23
7373, 16
7374, 32
7375, 7
7377, 24
7378, 7
7379, 8
7380, 8
7381, 8
7382, 32
7383, 24
7384, 31
7385, 15
7386, 24
7388, 41
7389, 32
7390, 23
7391, 24
7392, 22
7393, 16
7394, 23
7395, 32
7396, 15
7397, 24
7398, 16
7399, 32
7400, 39
7401, 25
7402, 24
7403, 31
7404, 31
7405, 15
7406, 56
7407, 47
7408, 24
7409, 16
7410, 31
7411, 23
7412, 39
7413, 63
7414, 56
7415, 32
7416, 15
7417, 16
7418, 56
7419, 38
7420, 31
7421, 63
7422, 15
7423, 24
7424, 16
7425, 55
7426, 8
7427, 24
7428, 24
7429, 38
7430, 39
7431, 7
7433, 23
7434, 39
7435, 25
7436, 16
7437, 16
7438, 16
7439, 15
7440, 24
7441, 32
7442, 15
7443, 16
7444, 23
7445, 24
7446, 15
7447, 32
7449, 16
7450, 16
7451, 8
7453, 40
7455, 16
7456, 7
7457, 8
7458, 24
7459, 24
7460, 24
7462, 16
7463, 7
7464, 7
7465, 8
7466, 8
7467, 32
7468, 23
7469, 33
7470, 15
7471, 16
7472, 15
7473, 24
7474, 33
7475, 16
7476, 39
7477, 32
7478, 8
7479, 24
7480, 24
7481, 8
7482, 39
7483, 16
7484, 40
7485, 24
7486, 16
7487, 50
7488, 32
7489, 16
7490, 32
7491, 41
7492, 48
7493, 23
7494, 24
7495, 32
7496, 24
7497, 24
7498, 41
7499, 71
7500, 56
7501, 16
7502, 23
7503, 16
7504, 72
7505, 24
7506, 63
7507, 22
7508, 24
7509, 15
7510, 16
7511, 46
7512, 24
7513, 16
7514, 46
7515, 32
7516, 23
7518, 16
7519, 23
7520, 31
7521, 32
7523, 31
7524, 16
7525, 16
7526, 24
7527, 23
7528, 15
7529, 15
7530, 22
7531, 31
7532, 16
7533, 15
7535, 23
7536, 7
7537, 8
7538, 16
7539, 24
7541, 23
7543, 8
7544, 32
7545, 32
7546, 8
7548, 16
7549, 15
7550, 8
7552, 32
7553, 16
7554, 31
7555, 32
7556, 7
7557, 8
7558, 15
7559, 32
7560, 40
7561, 23
7562, 33
7563, 23
7564, 16
7565, 23
7566, 15
7567, 16
7568, 23
7569, 23
7570, 41
7571, 33
7572, 8
7573, 46
7574, 32
7575, 24
7576, 31
7577, 41
7578, 46
7579, 16
7580, 15
7581, 55
7583, 31
7584, 80
7585, 48
7586, 39
7587, 24
7588, 8
7589, 49
7590, 46
7591, 31
7592, 70
7593, 7
7594, 31
7596, 47
7597, 23
7598, 16
7599, 56
7600, 39
7601, 24
7603, 8
7604, 33
7605, 24
7606, 32
7608, 23
7609, 23
7611, 23
7612, 49
7614, 16
7615, 48
7616, 8
7617, 24
7618, 15
7619, 7
7620, 16
7621, 15
7623, 15
7624, 24
7625, 7
7626, 15
7627, 7
7629, 23
7630, 24
7631, 31
7633, 8
7634, 23
7636, 7
7637, 16
7638, 32
7639, 16
7640, 24
7641, 32
7643, 23
7645, 48
7646, 40
7647, 16
7648, 31
7649, 15
7650, 15
7651, 23
7652, 31
7653, 16
7654, 15
7655, 48
7656, 32
7657, 8
7658, 39
7659, 15
7660, 38
7661, 32
7662, 23
7663, 71
7664, 7
7665, 24
7666, 47
7667, 16
7668, 16
7669, 48
7670, 79
7671, 40
7672, 32
7673, 16
7674, 16
7675, 72
7676, 40
7677, 41
7678, 38
7680, 40
7681, 42
7682, 16
7683, 15
7684, 40
7685, 39
7686, 31
7687, 15
7689, 16
7690, 40
7691, 24
7692, 16
7693, 16
7694, 24
7695, 15
7696, 16
7697, 25
7698, 23
7699, 24
7700, 24
7701, 15
7702, 24
7703, 8
7704, 22
7705, 8
7706, 15
7707, 8
7708, 8
7709, 16
7710, 23
7712, 23
7714, 16
7715, 15
7716, 32
7717, 15
7719, 24
7720, 7
7722, 7
7723, 24
7724, 40
7726, 31
7727, 23
7728, 24
7730, 32
7731, 39
7732, 23
7733, 32
7734, 15
7735, 23
7736, 8
7737, 31
7738, 24
7739, 16
7740, 23
7741, 40
7742, 23
7743, 15
7744, 30
7745, 55
7746, 24
7747, 16
7748, 64
7749, 31
7750, 24
7751, 24
7752, 40
7753, 16
7754, 16
7755, 47
7756, 78
7757, 48
7758, 15
7759, 16
7760, 33
7761, 55
7762, 39
7763, 71
7765, 31
7766, 16
7767, 31
7768, 24
7769, 24
7770, 50
7771, 32
7772, 23
7773, 7
7774, 8
7775, 24
7776, 23
7777, 24
7778, 23
7779, 16
7780, 23
7781, 16
7782, 16
7783, 24
7784, 23
7785, 23
7786, 15
7787, 24
7788, 32
7789, 15
7791, 16
7792, 7
7793, 7
7794, 24
7795, 8
7796, 14
7797, 24
7799, 8
7800, 15
7801, 40
7802, 16
7804, 8
7805, 23
7807, 8
7808, 16
7809, 41
7810, 8
7811, 24
7812, 23
7813, 7
7814, 15
7815, 15
7816, 39
7817, 31
7818, 15
7819, 47
7820, 24
7821, 8
7822, 23
7823, 16
7824, 31
7825, 16
7826, 24
7827, 31
7828, 15
7829, 48
7830, 31
7831, 31
7832, 32
7833, 41
7834, 39
7835, 31
7836, 8
7837, 39
7838, 23
7839, 25
7840, 39
7841, 80
7842, 39
7843, 40
7845, 15
7846, 79
7847, 32
7848, 63
7849, 15
7850, 24
7851, 16
7852, 49
7853, 16
7854, 7
7855, 31
7856, 55
7857, 39
7858, 7
7860, 16
7861, 48
7862, 8
7863, 23
7864, 16
7865, 24
7866, 16
7867, 7
7868, 32
7869, 23
7870, 16
7871, 32
7872, 24
7873, 8
7874, 32
7875, 8
7876, 8
7877, 15
7878, 7
7879, 8
7880, 15
7881, 24
7882, 8
7883, 16
7884, 8
7885, 8
7886, 24
7887, 23
7888, 15
7890, 23
7891, 7
7893, 7
7894, 24
7895, 32
7896, 24
7897, 24
7898, 15
7899, 25
7901, 49
7902, 41
7903, 7
7904, 40
7905, 15
7906, 24
7907, 16
7908, 24
7909, 16
7910, 24
7911, 8
7912, 47
7913, 32
7914, 24
7915, 48
7916, 33
7917, 16
7918, 24
7919, 65
7920, 31
7921, 8
7922, 40
7923, 23
7924, 16
7925, 40
7926, 89
7927, 31
7928, 24
7929, 23
7930, 23
7931, 49
7932, 48
7933, 48
7934, 48
7935, 7
7936, 23
7937, 40
7938, 16
7939, 15
7940, 31
7941, 32
7942, 54
7943, 23
7945, 8
7946, 40
7947, 24
7948, 8
7949, 23
7950, 8
7951, 23
7952, 15
7953, 24
7954, 16
7955, 30
7956, 24
7957, 24
7958, 16
7959, 15
7960, 23
7961, 7
7962, 23
7964, 7
7965, 15
7966, 24
7967, 16
7968, 16
7970, 16
7971, 8
7972, 39
7973, 16
7975, 16
7976, 15
7978, 8
7979, 7
7980, 40
7981, 15
7982, 23
7983, 31
7984, 8
7985, 15
7986, 16
7987, 48
7988, 23
7989, 16
7990, 38
7991, 15
7992, 7
7993, 23
7994, 31
7995, 25
7996, 15
7997, 23
7998, 31
7999, 32
8000, 24
8001, 31
8002, 40
8003, 32
8004, 49
8005, 47
8006, 8
8007, 15
8008, 49
8009, 15
8010, 7
8011, 79
8012, 64
8013, 39
8014, 24
8015, 7
8016, 16
8017, 79
8018, 48
8019, 40
8020, 22
8021, 32
8022, 16
8023, 40
8024, 15
8025, 24
8026, 32
8027, 39
8028, 31
8029, 15
8031, 15
8032, 40
8033, 15
8034, 23
8035, 16
8036, 32
8037, 8
8038, 16
8039, 15
8040, 31
8041, 32
8042, 8
8043, 32
8044, 7
8045, 31
8046, 7
8047, 16
8048, 7
8049, 8
8050, 8
8051, 32
8052, 8
8053, 16
8054, 8
8056, 16
8057, 24
8058, 32
8059, 7
8061, 33
8063, 7
8064, 8
8065, 24
8066, 15
8067, 23
8068, 39
8069, 7
8070, 24
8072, 39
8073, 32
8074, 23
8075, 40
8076, 15
8077, 15
8078, 15
8079, 23
8080, 15
8081, 23
8082, 32
8083, 31
8084, 23
8085, 40
8086, 23
8087, 31
8088, 23
8089, 39
8090, 63
8091, 15
8092, 24
8093, 33
8094, 32
8095, 8
8096, 23
8097, 86
8098, 55
8099, 24
8100, 15
8101, 24
8102, 65
8103, 40
8104, 49
8105, 39
8106, 8
8107, 32
8108, 16
8109, 31
8110, 23
8111, 32
8112, 48
8113, 40
8114, 7
8115, 7
8116, 8
8117, 32
8118, 23
8119, 31
8120, 16
8121, 15
8122, 15
8123, 7
8124, 15
8125, 39
8126, 15
8127, 15
8128, 31
8129, 24
8130, 24
8131, 8
8132, 7
8133, 23
8135, 16
8136, 8
8137, 32
8139, 7
8140, 15
8141, 8
8142, 16
8143, 31
8144, 24
8146, 24
8147, 7
8149, 8
8150, 8
8151, 47
8152, 8
8153, 24
8154, 31
8155, 8
8156, 16
8157, 16
8158, 39
8159, 38
8160, 8
8161, 40
8162, 7
8163, 31
8164, 16
8165, 24
8166, 16
8167, 15
8168, 40
8169, 39
8170, 8
8171, 39
8172, 23
8173, 22
8174, 47
8175, 15
8176, 78
8177, 8
8178, 32
8179, 40
8180, 8
8181, 24
8182, 63
8183, 55
8184, 48
8185, 16
8186, 15
8187, 48
8188, 63
8189, 24
8190, 56
8191, 23
8192, 16
8193, 24
8194, 40
8195, 7
8196, 32
8197, 16
8198, 63
8199, 40
8202, 8
8203, 48
8204, 24
8205, 24
8206, 16
8207, 24
8209, 24
8210, 24
8211, 23
8212, 16
8213, 32
8214, 15
8215, 23
8216, 23
8217, 7
8218, 8
8219, 15
8220, 8
8221, 8
8222, 15
8223, 23
8224, 16
8226, 7
8227, 16
8228, 32
8229, 24
8230, 7
8231, 8
8232, 24
8234, 8
8235, 8
8236, 33
8237, 15
8238, 24
8239, 32
8240, 8
8241, 16
8242, 7
8243, 39
8244, 31
8245, 23
8246, 32
8247, 31
8248, 16
8249, 16
8250, 15
8251, 31
8252, 16
8253, 23
8254, 39
8255, 15
8256, 31
8257, 39
8258, 24
8259, 24
8260, 32
8261, 71
8262, 15
8263, 15
8264, 33
8265, 39
8267, 47
8268, 64
8269, 55
8270, 40
8271, 15
8272, 32
8273, 49
8274, 39
8275, 39
8276, 47
8277, 16
8278, 16
8279, 40
8280, 31
8281, 7
8282, 31
8283, 48
8284, 32
8285, 23
8287, 8
8288, 22
8289, 23
8290, 31
8291, 16
8292, 15
8293, 22
8294, 16
8295, 7
8296, 31
8297, 23
8298, 24
8299, 23
8300, 31
8301, 8
8302, 24
8304, 24
8305, 8
8306, 8
8307, 16
8308, 15
8309, 7
8310, 24
8312, 16
8313, 16
8314, 15
8315, 32
8317, 8
8318, 15
8319, 7
8320, 7
8321, 8
8322, 41
8323, 24
8324, 24
8325, 15
8326, 15
8327, 15
8328, 16
8329, 47
8330, 32
8331, 16
8332, 31
8333, 23
8334, 16
8335, 24
8336, 24
8337, 16
8338, 15
8339, 31
8340, 31
8341, 40
8342, 23
8343, 32
8344, 32
8345, 32
8346, 32
8347, 54
8348, 8
8349, 24
8350, 39
8351, 15
8352, 24
8353, 56
8354, 79
8355, 23
8356, 39
8357, 7
8358, 57
8359, 31
8360, 64
8361, 32
8362, 24
8363, 8
8364, 39
8365, 40
8367, 40
8368, 33
8369, 31
8370, 30
8371, 15
8372, 8
8373, 16
8374, 39
8375, 8
8376, 32
8377, 8
8378, 22
8379, 7
8380, 32
8381, 16
8382, 23
8383, 23
8384, 24
8385, 16
8386, 23
8387, 24
8388, 7
8389, 25
8391, 7
8392, 24
8393, 8
8394, 15
8395, 8
8396, 15
8397, 8
8398, 8
8399, 31
8400, 24
8401, 7
8402, 8
8403, 16
8404, 7
8406, 15
8407, 16
8408, 31
8409, 32
8410, 23
8412, 31
8413, 16
8414, 31
8415, 24
8416, 23
8417, 49
8418, 16
8419, 8
8420, 23
8421, 24
8422, 15
8423, 23
8424, 23
8425, 31
8426, 23
8427, 39
8428, 23
8429, 32
8430, 32
8431, 32
8432, 55
8433, 31
8434, 16
8435, 32
8436, 23
8437, 15
8438, 47
8439, 63
8440, 47
8441, 39
8442, 7
8443, 23
8444, 79
8445, 24
8446, 64
8447, 23
8448, 7
8449, 31
8450, 33
8451, 31
8452, 16
8453, 7
8454, 63
8455, 40
8456, 15
8458, 16
8459, 31
8460, 23
8461, 24
8462, 16
8463, 16
8464, 15
8465, 7
8466, 32
8467, 23
8468, 23
8469, 7
8470, 32
8471, 24
8472, 8
8473, 31
8475, 23
8476, 8
8478, 23
8479, 16
8480, 15
8481, 15
8483, 8
8484, 15
8485, 40
8486, 16
8488, 15
8489, 16
8490, 8
8492, 16
8493, 39
8494, 8
8495, 31
8496, 15
8497, 15
8498, 16
8499, 32
8500, 32
8501, 33
8502, 24
8503, 31
8504, 8
8505, 24
8506, 33
8507, 15
8508, 7
8509, 23
8510, 40
8511, 22
8512, 58
8513, 16
8514, 32
8515, 24
8516, 24
8517, 57
8518, 38
8519, 16
8520, 23
8521, 40
8522, 7
8523, 24
8524, 88
8525, 40
8526, 56
8527, 8
8528, 7
8529, 73
8530, 39
8531, 24
8532, 56
8533, 23
8534, 16
8535, 31
8536, 31
8537, 16
8538, 24
8539, 32
8540, 39
8541, 39
8542, 7
8544, 23
8545, 40
8546, 7
8547, 23
8548, 16
8549, 15
8550, 15
8551, 23
8552, 24
8553, 31
8554, 8
8555, 40
8556, 7
8557, 32
8558, 16
8559, 7
8560, 16
8561, 7
8562, 7
8563, 16
8564, 15
8565, 15
8566, 8
8567, 15
8569, 15
8570, 31
8571, 15
8572, 15
8573, 8
8574, 24
8576, 8
8577, 7
8578, 33
8579, 15
8580, 23
8581, 31
8582, 16
8584, 31
8585, 24
8586, 31
8587, 23
8588, 40
8589, 16
8590, 15
8591, 15
8592, 31
8593, 15
8594, 23
8595, 32
8596, 39
8597, 15
8598, 39
8599, 24
8600, 49
8601, 8
8602, 24
8603, 78
8604, 15
8605, 16
8606, 40
8607, 23
8608, 8
8609, 48
8610, 62
8611, 63
8612, 23
8613, 15
8614, 8
8615, 79
8616, 39
8617, 57
8618, 31
8619, 8
8620, 15
8621, 48
8622, 16
8623, 15
8624, 23
8625, 54
8626, 47
8627, 7
8630, 40
8631, 24
8632, 39
8634, 32
8635, 8
8636, 7
8637, 15
8638, 46
8639, 16
8640, 24
8641, 15
8642, 31
8643, 15
8644, 15
8646, 24
8647, 8
8648, 8
8649, 15
8650, 24
8651, 8
8652, 8
8653, 7
8654, 16
8655, 15
8656, 31
8657, 16
8658, 8
8659, 8
8660, 15
8662, 16
8663, 8
8664, 32
8665, 32
8666, 16
8667, 22
8668, 7
8669, 15
8670, 24
8671, 31
8672, 39
8673, 8
8674, 38
8675, 15
8676, 23
8677, 24
8678, 24
8679, 15
8680, 15
8681, 40
8682, 23
8683, 40
8684, 32
8685, 32
8686, 24
8687, 24
8688, 49
8689, 46
8691, 31
8692, 56
8694, 31
8695, 73
8696, 39
8697, 47
8698, 31
8699, 8
8700, 64
8701, 23
8702, 47
8703, 56
8704, 7
8705, 23
8706, 23
8707, 39
8708, 23
8709, 16
8710, 40
8711, 47
8712, 30
8714, 8
8715, 16
8716, 23
8717, 39
8718, 7
8719, 7
8720, 39
8722, 24
8723, 32
8724, 15
8725, 31
8726, 16
8727, 15
8728, 23
8729, 31
8731, 24
8733, 8
8734, 15
8735, 32
8737, 16
8738, 8
8739, 8
8740, 15
8741, 15
8742, 39
8744, 16
8745, 16
8747, 8
8748, 7
8749, 16
8750, 40
8751, 24
8752, 23
8753, 7
8754, 24
8755, 8
8756, 40
8757, 24
8758, 23
8759, 48
8760, 8
8761, 24
8762, 24
8763, 15
8764, 23
8765, 15
8766, 40
8767, 32
8768, 16
8769, 47
8770, 32
8771, 24
8772, 7
8773, 31
8774, 62
8775, 23
8776, 16
8777, 39
8778, 31
8779, 24
8780, 40
8781, 72
8782, 39
8783, 40
8784, 16
8786, 79
8787, 31
8788, 64
8789, 23
8790, 15
8791, 23
8792, 33
8793, 31
8794, 16
8795, 24
8796, 55
8797, 23
8798, 23
8800, 16
8801, 24
8802, 31
8803, 31
8804, 8
8805, 24
8806, 16
8807, 16
8808, 7
8809, 40
8810, 15
8811, 32
8812, 15
8813, 16
8814, 32
8815, 7
8816, 8
8817, 15
8818, 7
8819, 16
8820, 16
8821, 16
8822, 8
8823, 7
8824, 7
8825, 8
8826, 15
8827, 39
8828, 15
8830, 23
8831, 7
8832, 8
8833, 8
8834, 8
8835, 32
8836, 32
8837, 16
8838, 15
8839, 15
8840, 15
8841, 32
8842, 32
8843, 32
8844, 41
8845, 16
8846, 7
8847, 32
8848, 25
8849, 16
8850, 24
8851, 24
8852, 33
8853, 32
8854, 32
8855, 16
8856, 32
8857, 23
8858, 31
8859, 39
8860, 55
8861, 16
8862, 32
8863, 32
8864, 16
8865, 33
8866, 47
8867, 79
8868, 24
8869, 30
8870, 16
8871, 49
8872, 40
8873, 31
8874, 72
8875, 7
8876, 16
8877, 15
8878, 38
8879, 23
8880, 23
8881, 49
8882, 23
8883, 39
8884, 7
8886, 32
8887, 24
8888, 24
8889, 23
8890, 25
8891, 8
8892, 15
8893, 16
8894, 31
8895, 23
8896, 8
8897, 40
8898, 16
8899, 24
8900, 7
8901, 15
8902, 15
8903, 7
8904, 8
8905, 24
8906, 24
8907, 8
8908, 7
8909, 7
8911, 24
8912, 24
8913, 32
8915, 8
8916, 16
8917, 7
8918, 7
8919, 8
8920, 40
8921, 8
8922, 32
8923, 24
8924, 7
8925, 24
8927, 48
8928, 24
8929, 31
8930, 23
8931, 23
8932, 23
8933, 15
8934, 23
8935, 32
8936, 8
8937, 39
8938, 24
8939, 24
8940, 31
8941, 48
8942, 24
8943, 23
8944, 32
8945, 49
8946, 22
8947, 24
8948, 40
8949, 23
8950, 16
8951, 48
8952, 54
8953, 62
8954, 25
8955, 23
8956, 8
8957, 81
8958, 32
8959, 49
8960, 31
8961, 16
8962, 23
8963, 32
8964, 32
8965, 8
8966, 30
8967, 48
8968, 48
8969, 8
8971, 8
8972, 30
8973, 32
8974, 24
8975, 15
8976, 15
8977, 23
8978, 16
8979, 16
8980, 40
8981, 8
8982, 16
8983, 31
8984, 24
8985, 16
8986, 15
8987, 8
8988, 16
8990, 15
8991, 24
8992, 15
8993, 7
8994, 16
8996, 8
8997, 33
8998, 15
8999, 23
9000, 8
9001, 7
9002, 15
9003, 8
9004, 8
9005, 8
9006, 40
9007, 15
9008, 40
9010, 32
9012, 32
9013, 31
9014, 32
9015, 24
9016, 23
9017, 23
9018, 16
9019, 24
9020, 23
9021, 15
9022, 31
9023, 32
9024, 16
9025, 31
9026, 40
9027, 32
9028, 23
9029, 24
9030, 48
9031, 46
9032, 24
9033, 16
9034, 31
9035, 23
9036, 23
9037, 63
9038, 63
9039, 39
9040, 23
9041, 7
9042, 48
9043, 63
9044, 23
9045, 56
9046, 15
9047, 24
9048, 32
9049, 24
9050, 24
9051, 23
9052, 48
9053, 31
9054, 31
9057, 32
9058, 32
9059, 15
9060, 23
9061, 15
9062, 16
9063, 16
9064, 24
9065, 32
9066, 7
9067, 32
9068, 16
9069, 15
9070, 23
9071, 32
9073, 24
9074, 8
9076, 15
9077, 16
9078, 23
9079, 7
9080, 7
9082, 24
9083, 23
9084, 23
9085, 7
9086, 16
9087, 8
9088, 7
9089, 7
9090, 16
9091, 24
9092, 15
9093, 40
9094, 16
9095, 24
9097, 41
9098, 15
9099, 15
9100, 47
9101, 24
9102, 23
9103, 16
9104, 23
9105, 16
9106, 16
9107, 22
9108, 40
9109, 23
9110, 23
9111, 40
9112, 24
9113, 47
9115, 47
9116, 64
9117, 7
9118, 40
9119, 32
9120, 16
9121, 16
9122, 48
9123, 63
9124, 55
9125, 32
9126, 7
9127, 40
9128, 56
9129, 33
9130, 40
9131, 38
9132, 7
9133, 30
9134, 40
9135, 7
9136, 31
9137, 23
9138, 57
9139, 23
9140, 23
9142, 7
9143, 39
9144, 24
9145, 22
9146, 16
9147, 15
9148, 15
9149, 24
9150, 7
9151, 47
9152, 16
9153, 16
9154, 24
9155, 15
9156, 15
9157, 23
9158, 8
9159, 15
9160, 8
9162, 23
9163, 24
9164, 8
9165, 15
9167, 15
9168, 31
9169, 32
9172, 23
9173, 8
9174, 8
9175, 8
9176, 16
9177, 31
9178, 15
9179, 40
9181, 32
9183, 41
9184, 33
9185, 23
9186, 32
9187, 15
9188, 23
9189, 7
9190, 23
9191, 31
9192, 23
9193, 33
9194, 40
9195, 8
9196, 24
9197, 38
9198, 31
9199, 33
9200, 16
9201, 72
9202, 23
9203, 16
9204, 24
9205, 47
9206, 8
9207, 31
9208, 64
9209, 55
9210, 31
9211, 23
9212, 24
9213, 48
9214, 46
9215, 57
9216, 39
9217, 8
9218, 31
9219, 8
9220, 40
9221, 23
9222, 16
9223, 48
9224, 39
9225, 31
9228, 40
9229, 16
9230, 31
9231, 15
9232, 16
9233, 24
9234, 15
9235, 8
9236, 40
9237, 15
9238, 15
9239, 15
9240, 31
9241, 15
9242, 32
9244, 24
9246, 7
9247, 15
9248, 24
9249, 15
9250, 8
9251, 7
9252, 16
9253, 24
9254, 15
9255, 24
9257, 16
9258, 16
9260, 7
9261, 7
9262, 39
9263, 7
9264, 31
9265, 23
9266, 16
9267, 16
9268, 33
9269, 16
9270, 23
9271, 30
9272, 39
9273, 16
9274, 7
9275, 31
9276, 16
9277, 31
9278, 7
9279, 47
9280, 23
9281, 16
9282, 39
9283, 41
9284, 24
9285, 24
9286, 31
9287, 63
9288, 7
9289, 15
9290, 39
9291, 31
9292, 32
9293, 65
9294, 32
9295, 46
9296, 39
9297, 16
9298, 41
9299, 48
9300, 24
9301, 63
9302, 23
9303, 7
9304, 39
9305, 41
9306, 16
9307, 15
9308, 32
9309, 47
9310, 40
9311, 7
9313, 25
9314, 32
9315, 24
9316, 15
9317, 7
9318, 23
9319, 24
9320, 16
9321, 16
9322, 31
9323, 24
9324, 15
9325, 23
9326, 24
9327, 8
9328, 23
9329, 16
9330, 8
9331, 8
9332, 16
9333, 8
9334, 22
9335, 7
9336, 7
9337, 15
9338, 16
9339, 7
9340, 40
9341, 7
9342, 8
9343, 16
9344, 8
9345, 8
9347, 33
9348, 23
9349, 16
9350, 32
9351, 15
9352, 15
9353, 7
9354, 32
9355, 31
9356, 31
9357, 41
9358, 16
9359, 16
9360, 24
9361, 16
9362, 23
9363, 23
9364, 23
9365, 32
9366, 23
9367, 24
9368, 56
9369, 16
9370, 31
9371, 16
9372, 72
9373, 31
9375, 31
9376, 40
9377, 16
9378, 41
9379, 56
9380, 71
9381, 16
9382, 39
9383, 8
9384, 56
9385, 39
9386, 47
9387, 47
9388, 7
9389, 24
9390, 24
9391, 31
9392, 16
9393, 31
9394, 57
9395, 24
9396, 30
9398, 16
9399, 23
9400, 24
9401, 8
9402, 30
9403, 16
9404, 16
9405, 15
9406, 23
9407, 32
9408, 15
9409, 23
9410, 32
9411, 16
9412, 24
9413, 15
9415, 25
9416, 8
9418, 24
9419, 24
9421, 23
9423, 7
9424, 23
9425, 24
9426, 24
9428, 8
9429, 24
9431, 8
9432, 7
9433, 15
9434, 38
9435, 23
9436, 23
9437, 16
9438, 15
9439, 16
9440, 31
9441, 39
9442, 15
9443, 40
9444, 16
9445, 24
9446, 24
9447, 16
9448, 16
9449, 23
9450, 48
9451, 16
9452, 31
9453, 40
9454, 24
9455, 32
9456, 16
9457, 48
9458, 47
9459, 24
9460, 8
9461, 38
9462, 23
9463, 24
9464, 56
9465, 47
9466, 55
9467, 31
9468, 15
9469, 24
9470, 70
9471, 32
9472, 72
9473, 8
9475, 39
9476, 24
9477, 31
9478, 23
9479, 41
9480, 40
9481, 31
9482, 7
9484, 33
9485, 7
9486, 40
9487, 16
9488, 15
9489, 15
9490, 15
9491, 24
9492, 25
9493, 23
9494, 7
9495, 31
9496, 23
9497, 16
9498, 40
9500, 8
9501, 15
9502, 8
9503, 8
9504, 23
9505, 15
9506, 8
9507, 15
9509, 16
9510, 15
9511, 23
9512, 23
9513, 8
9514, 16
9515, 8
9517, 7
9518, 49
9520, 32
9521, 32
9522, 8
9523, 16
9524, 7
9525, 24
9526, 47
9527, 23
9528, 32
9529, 24
9530, 23
9531, 7
9532, 23
9533, 23
9534, 32
9535, 7
9536, 48
9537, 24
9538, 16
9539, 47
9540, 16
9541, 31
9542, 31
9543, 55
9544, 30
9545, 15
9546, 32
9547, 39
9548, 16
9549, 15
9550, 79
9551, 46
9552, 39
9553, 23
9554, 24
9555, 57
9556, 40
9557, 31
9558, 54
9559, 16
9560, 23
9561, 7
9562, 39
9563, 31
9564, 16
9565, 55
9566, 15
9567, 38
9569, 16
9570, 24
9571, 15
9572, 31
9573, 16
9574, 24
9575, 8
9576, 24
9577, 7
9578, 48
9579, 7
9580, 15
9581, 32
9582, 23
9583, 7
9584, 31
9586, 15
9587, 15
9588, 8
9589, 7
9590, 31
9591, 8
9592, 16
9594, 8
9595, 24
9596, 24
9597, 24
9599, 16
9600, 15
9602, 7
9603, 7
9604, 32
9605, 23
9606, 24
9607, 30
9608, 8
9609, 16
9610, 24
9611, 31
9612, 40
9613, 16
9614, 23
9615, 23
9616, 15
9617, 32
9618, 16
9619, 32
9620, 16
9621, 25
9622, 32
9623, 15
9624, 40
9625, 40
9626, 32
9627, 16
9628, 23
9629, 70
9630, 15
9631, 32
9632, 32
9633, 15
9634, 24
9635, 56
9636, 64
9637, 47
9638, 32
9639, 7
9640, 49
9641, 47
9642, 40
9643, 57
9644, 7
9645, 7
9646, 56
9647, 16
9648, 7
9649, 31
9650, 39
9651, 64
9652, 24
9655, 16
9656, 39
9657, 24
9658, 15
9659, 15
9660, 32
9661, 8
9662, 16
9663, 16
9664, 39
9665, 8
9666, 23
9667, 23
9668, 23
9669, 15
9670, 15
9671, 16
9672, 15
9674, 8
9675, 32
9676, 7
9677, 8
9678, 15
9679, 8
9680, 7
9681, 40
9682, 24
9684, 8
9685, 16
9686, 7
9687, 8
9689, 24
9690, 32
9691, 24
9692, 31
9693, 8
9694, 24
9695, 16
9696, 25
9697, 40
9698, 15
9699, 39
9700, 16
9701, 8
9702, 23
9703, 31
9704, 7
9705, 30
9706, 24
9707, 30
9708, 32
9709, 32
9710, 23
9711, 47
9712, 16
9713, 24
9714, 63
9715, 23
9716, 16
9717, 31
9718, 40
9719, 8
9720, 56
9721, 55
9722, 47
9723, 47
9724, 8
9725, 16
9726, 65
9727, 40
9728, 23
9729, 63
9730, 16
9731, 24
9732, 16
9733, 30
9734, 23
9735, 31
9736, 31
9737, 39
9738, 31
9740, 8
9741, 31
9742, 32
9743, 16
9744, 15
9745, 16
9746, 23
9747, 15
9748, 24
9749, 32
9750, 7
9751, 24
9752, 23
9753, 15
9754, 23
9755, 23
9757, 24
9758, 8
9759, 8
9760, 24
9761, 8
9762, 7
9763, 24
9765, 8
9766, 32
9767, 15
9768, 15
9769, 7
9770, 16
9771, 7
9772, 7
9773, 7
9774, 7
9775, 31
9776, 23
9777, 40
9778, 7
9779, 16
9780, 15
9781, 24
9782, 23
9783, 22
9784, 47
9785, 32
9786, 8
9787, 7
9788, 39
9789, 8
9790, 40
9791, 8
9792, 40
9793, 23
9794, 32
9795, 32
9796, 32
9797, 24
9798, 16
9799, 47
9800, 63
9802, 32
9803, 48
9804, 8
9805, 33
9806, 57
9807, 64
9808, 31
9809, 39
9810, 8
9811, 49
9812, 47
9813, 32
9814, 57
9815, 15
9816, 32
9817, 16
9818, 31
9819, 23
9820, 32
9821, 24
9822, 56
9823, 15
9824, 15
9825, 8
9826, 16
9827, 23
9828, 39
9829, 7
9830, 7
9831, 31
9832, 16
9833, 16
9834, 24
9835, 31
9836, 16
9837, 24
9838, 24
9839, 15
9840, 23
9841, 7
9842, 15
9843, 16
9845, 16
9846, 23
9847, 7
9848, 16
9850, 15
9851, 16
9852, 23
9853, 23
9854, 7
9855, 8
9856, 15
9857, 8
9858, 7
9859, 8
9860, 16
9861, 38
9862, 15
9863, 23
9864, 15
9865, 8
9866, 15
9867, 39
9868, 39
9869, 15
9870, 48
9871, 16
9872, 16
9873, 15
9874, 15
9875, 23
9876, 23
9877, 24
9878, 39
9879, 23
9880, 40
9881, 32
9882, 15
9883, 32
9884, 32
9885, 55
9886, 31
9887, 16
9888, 49
9889, 8
9890, 23
9891, 49
9892, 48
9893, 46
9894, 55
9895, 7
9896, 16
9897, 63
9898, 48
9899, 25
9900, 55
9901, 16
9902, 23
9903, 33
9904, 15
9905, 23
9906, 22
9907, 56
9908, 48
9909, 8
9911, 16
9912, 22
9913, 24
9914, 40
9916, 24
9917, 15
9918, 24
9920, 48
9921, 8
9922, 23
9923, 23
9924, 24
9925, 15
9926, 24
9928, 24
9929, 8
9931, 24
9932, 15
9933, 7
9934, 23
9936, 15
9937, 33
9938, 8
9939, 23
9941, 8
9942, 22
9943, 8
9945, 16
9946, 41
9947, 16
9948, 16
9949, 30
9950, 16
9951, 8
9952, 32
9953, 24
9954, 32
9955, 31
9956, 23
9957, 16
9958, 15
9959, 24
9960, 32
9961, 16
9962, 7
9963, 55
9964, 24
9965, 8
9966, 56
9967, 24
9968, 31
9969, 32
9970, 50
9971, 39
9972, 16
9973, 24
9974, 31
9975, 15
9976, 41
9977, 65
9978, 24
9979, 78
9980, 16
9981, 8
9982, 57
9983, 31
9984, 39
9985, 47
9986, 31
9987, 24
9988, 16
9989, 39
9990, 24
9991, 24
9992, 42
9993, 48
9994, 7
9995, 15
9997, 24
9998, 40
9999, 8
10000, 31
10001, 16
10002, 23
10004, 23
10005, 16
10006, 30
10007, 32
10008, 24
10009, 16
10010, 24
10011, 24
10013, 8
10014, 23
10016, 15
10017, 16
10018, 15
10019, 7
10020, 15
10022, 24
10023, 23
10024, 32
10026, 8
10027, 15
10028, 7
10030, 15
10031, 41
10032, 7
10033, 15
10034, 40
10035, 16
10036, 16
10037, 8
10038, 32
10039, 31
10040, 23
10041, 48
10042, 7
10043, 16
10044, 31
10045, 24
10046, 8
10047, 32
10049, 54
10050, 16
10051, 40
10052, 40
10053, 23
10054, 15
10055, 31
10056, 72
10057, 14
10058, 24
10059, 40
10060, 23
10061, 16
10062, 39
10063, 88
10064, 31
10065, 31
10066, 16
10067, 32
10068, 56
10069, 31
10070, 64
10071, 22
10072, 24
10073, 16
10074, 41
10075, 24
10076, 8
10077, 31
10078, 31
10079, 55
10080, 7
10081, 7
10082, 8
10083, 49
10084, 15
10085, 24
10086, 8
10087, 23
10088, 16
10089, 16
10090, 16
10091, 32
10092, 23
10093, 24
10094, 15
10095, 24
10096, 16
10097, 23
10099, 23
10101, 15
10102, 16
10103, 15
10104, 24
10105, 8
10107, 15
10108, 32
10109, 8
10110, 24
10112, 16
10113, 16
10114, 8
10116, 24
10117, 23
10118, 7
10119, 39
10120, 23
10121, 8
10122, 15
10123, 41
10124, 7
10125, 47
10126, 16
10127, 30
10128, 15
10129, 23
10130, 23
10131, 16
10132, 31
10133, 16
10134, 39
10135, 23
10136, 7
10137, 46
10138, 32
10139, 23
10140, 23
10141, 80
10142, 23
10143, 8
10144, 40
10145, 24
10146, 15
10147, 41
10148, 41
10149, 70
10150, 47
10151, 24
10152, 16
10153, 72
10154, 16
10155, 31
10156, 71
10157, 7
10158, 15
10159, 40
10160, 24
10161, 33
10163, 49
10164, 55
10165, 23
10168, 24
10169, 32
10170, 23
10171, 24
10172, 24
10173, 8
10174, 15
10175, 16
10176, 40
10177, 16
10178, 15
10179, 24
10180, 24
10181, 15
10182, 15
10183, 15
10184, 15
10185, 7
10186, 8
10187, 16
10188, 24
10189, 7
10190, 15
10191, 8
10192, 7
10193, 15
10194, 23
10195, 32
10197, 7
10198, 16
10199, 7
10200, 8
10202, 15
10203, 46
10204, 7
10205, 39
10206, 7
10207, 24
10209, 31
10210, 48
10211, 23
10212, 32
10213, 15
10214, 15
10215, 15
10216, 31
10217, 23
10218, 23
10219, 32
10220, 31
10221, 7
10222, 48
10223, 16
10224, 30
10225, 31
10226, 24
10227, 80
10228, 7
10229, 16
10230, 49
10231, 15
10232, 24
10233, 32
10234, 70
10235, 46
10236, 47
10237, 7
10238, 24
10239, 64
10240, 48
10241, 48
10242, 23
10243, 24
10244, 7
10245, 39
10246, 15
10247, 31
10248, 32
10249, 46
10250, 32
10251, 16
10253, 24
10254, 16
10255, 32
10256, 15
10257, 32
10258, 16
10259, 7
10260, 16
10261, 24
10262, 23
10263, 23
10264, 16
10265, 30
10266, 24
10267, 16
10268, 16
10269, 16
10270, 7
10271, 7
10273, 31
10274, 15
10275, 8
10276, 7
10277, 7
10278, 7
10279, 31
10280, 32
10281, 8
10283, 16
10284, 16
10285, 8
10287, 15
10288, 40
10289, 16
10290, 24
10291, 23
10292, 16
10293, 7
10294, 32
10295, 41
10296, 24
10297, 16
10298, 39
10299, 15
10300, 15
10301, 25
10302, 16
10303, 32
10304, 25
10305, 32
10306, 23
10307, 7
10308, 55
10309, 24
10310, 23
10311, 31
10312, 56
10313, 39
10314, 15
10315, 39
10316, 24
10317, 24
10318, 16
10319, 64
10320, 63
10321, 56
10322, 8
10323, 8
10324, 72
10325, 24
10326, 40
10327, 54
10328, 15
10329, 24
10330, 16
10331, 55
10333, 24
10334, 40
10335, 47
10336, 23
10337, 7
10339, 32
10340, 31
10341, 7
10342, 23
10343, 23
10344, 24
10346, 15
10347, 56
10349, 24
10350, 32
10351, 16
10352, 23
10353, 24
10355, 23
10356, 8
10358, 16
10359, 31
10360, 8
10361, 8
10362, 7
10363, 8
10364, 24
10365, 24
10366, 24
10368, 16
10369, 7
10370, 7
10371, 8
10372, 8
10373, 32
10374, 24
10375, 24
10376, 23
10377, 15
10378, 16
10379, 24
10380, 16
10381, 39
10382, 31
10383, 32
10384, 8
10385, 15
10386, 23
10387, 32
10388, 8
10389, 22
10390, 32
10391, 39
10392, 15
10393, 40
10394, 24
10395, 23
10396, 31
10397, 15
10398, 88
10399, 7
10400, 15
10401, 48
10402, 23
10403, 16
10404, 64
10405, 63
10406, 40
10407, 40
10408, 8
10409, 33
10410, 56
10411, 31
10412, 48
10413, 31
10414, 24
10415, 16
10416, 33
10417, 15
10418, 23
10419, 39
10420, 48
10421, 33
10422, 15
10424, 16
10425, 31
10426, 15
10427, 40
10428, 8
10429, 7
10430, 23
10431, 24
10433, 55
10435, 23
10436, 32
10437, 23
10438, 8
10439, 23
10440, 8
10441, 16
10442, 8
10443, 8
10444, 23
10445, 16
10446, 8
10447, 8
10448, 7
10449, 8
10450, 31
10451, 32
10452, 7
10454, 32
10456, 8
10458, 24
10459, 23
10460, 23
10461, 41
10462, 8
10463, 16
10464, 8
10465, 24
10466, 40
10467, 32
10468, 32
10469, 15
10470, 23
10471, 7
10472, 39
10473, 16
10474, 24
10475, 8
10476, 40
10477, 39
10478, 16
10479, 39
10480, 15
10481, 39
10482, 32
10483, 57
10484, 30
10485, 16
10486, 24
10487, 48
10488, 8
10489, 32
10490, 72
10491, 64
10492, 16
10493, 23
10494, 24
10495, 50
10496, 30
10497, 47
10498, 55
10499, 15
10500, 24
10501, 33
10502, 40
10503, 8
10504, 24
10505, 49
10506, 40
10507, 23
10510, 31
10511, 40
10512, 16
10513, 15
10514, 23
10515, 16
10516, 16
10517, 8
10518, 32
10519, 15
10520, 31
10521, 24
10522, 24
10523, 16
10524, 25
10526, 24
10527, 8
10529, 15
10530, 24
10531, 8
10532, 16
10533, 7
10534, 8
10535, 7
10536, 30
10537, 31
10539, 16
10540, 15
10542, 8
10543, 7
10544, 49
10546, 40
10547, 16
10548, 16
10549, 15
10550, 16
10551, 40
10552, 40
10554, 38
10555, 23
10556, 24
10557, 16
10558, 23
10559, 25
10560, 16
10561, 41
10562, 23
10563, 15
10564, 50
10565, 15
10566, 31
10567, 31
10568, 32
10569, 72
10570, 7
10571, 16
10572, 32
10573, 30
10574, 16
10575, 48
10576, 78
10577, 48
10578, 24
10579, 16
10580, 8
10581, 79
10582, 41
10583, 58
10584, 24
10586, 39
10587, 24
10588, 31
10589, 15
10590, 32
10591, 56
10592, 23
10593, 15
10595, 16
10596, 31
10597, 32
10598, 16
10599, 8
10600, 31
10601, 15
10603, 23
10604, 39
10605, 7
10606, 32
10607, 32
10608, 15
10609, 7
10610, 22
10611, 8
10612, 15
10613, 8
10614, 8
10615, 23
10616, 16
10617, 8
10618, 7
10619, 7
10620, 7
10621, 31
10622, 23
10623, 15
10624, 8
10625, 16
10626, 7
10628, 16
10629, 16
10630, 32
10631, 23
10632, 32
10633, 8
10634, 15
10635, 7
10636, 33
10637, 40
10638, 24
10639, 25
10640, 30
10641, 7
10642, 23
10643, 24
10644, 23
10645, 23
10646, 16
10647, 40
10648, 31
10649, 16
10650, 31
10651, 30
10652, 30
10653, 23
10654, 72
10655, 23
10656, 15
10657, 48
10658, 8
10659, 15
10660, 23
10661, 89
10662, 55
10663, 39
10664, 24
10665, 8
10666, 57
10667, 47
10668, 48
10669, 48
10671, 24
10672, 40
10673, 16
10674, 24
10675, 15
10676, 40
10677, 55
10678, 23
10681, 39
10682, 24
10683, 24
10684, 15
10685, 16
10686, 24
10687, 8
10688, 16
10689, 31
10690, 22
10691, 24
10692, 32
10693, 8
10694, 23
10695, 23
10697, 15
10698, 15
10699, 8
10701, 31
10702, 7
10703, 24
10706, 24
10707, 39
10708, 16
10710, 8
10711, 15
10712, 7
10713, 8
10714, 7
10715, 49
10716, 16
10717, 16
10718, 23
10719, 7
10720, 24
10721, 25
10722, 40
10723, 16
10724, 23
10725, 39
10726, 24
10727, 7
10728, 24
10729, 24
10730, 24
10731, 15
10732, 32
10733, 40
10734, 8
10735, 39
10736, 39
10737, 32
10738, 16
10739, 23
10740, 71
10741, 15
10742, 16
10743, 47
10744, 15
10745, 15
10746, 57
10747, 79
10748, 40
10749, 23
10750, 16
10751, 41
10752, 56
10753, 16
10754, 55
10755, 39
10756, 25
10757, 7
10758, 40
10759, 23
10760, 16
10761, 32
10762, 46
10763, 32
10764, 15
10766, 16
10767, 31
10768, 32
10769, 15
10770, 16
10771, 32
10772, 8
10773, 8
10774, 15
10775, 47
10776, 8
10777, 32
10778, 24
10779, 8
10780, 24
10781, 15
10782, 16
10783, 7
10784, 8
10785, 16
10786, 16
10787, 15
10788, 7
10789, 16
10790, 8
10791, 7
10792, 40
10793, 8
10794, 15
10795, 8
10796, 7
10797, 14
10799, 7
10800, 32
10801, 32
10802, 8
10803, 40
10804, 8
10805, 16
10806, 8
10807, 48
10808, 23
10809, 23
10810, 40
10811, 16
10812, 24
10813, 16
10814, 16
10815, 15
10816, 31
10817, 32
10818, 39
10819, 16
10820, 33
10821, 32
10822, 41
10824, 40
10825, 48
10826, 39
10827, 24
10828, 16
10829, 39
10830, 15
10831, 32
10832, 71
10833, 62
10834, 33
10835, 15
10836, 7
10837, 74
10838, 23
10839, 55
10840, 48
10841, 7
10842, 23
10843, 48
10844, 15
10845, 16
10846, 23
10847, 31
10848, 62
10849, 16
10851, 8
10852, 24
10853, 31
10854, 15
10855, 23
10856, 15
10857, 15
10858, 24
10859, 16
10860, 33
10861, 15
10862, 23
10863, 24
10864, 23
10865, 7
10866, 31
10868, 24
10869, 8
10870, 8
10871, 8
10872, 32
10874, 16
10875, 7
10877, 23
10878, 23
10879, 31
10881, 7
10882, 23
10884, 7
10885, 7
10886, 39
10887, 15
10888, 23
10889, 23
10890, 16
10891, 16
10892, 16
10893, 32
10894, 23
10895, 31
10896, 38
10897, 8
10898, 23
10899, 24
10900, 23
10901, 24
10902, 7
10903, 48
10904, 23
10905, 16
10906, 48
10907, 32
10908, 16
10909, 23
10910, 40
10911, 72
10912, 8
10913, 8
10914, 54
10915, 15
10916, 15
10917, 56
10918, 63
10919, 54
10920, 32
10922, 32
10923, 71
10924, 32
10925, 48
10926, 31
10927, 24
10928, 15
10929, 41
10930, 16
10931, 15
10932, 31
10933, 46
10934, 40
10935, 7
10937, 24
10938, 32
10939, 24
10940, 24
10941, 8
10942, 23
10943, 15
10944, 7
10945, 23
10946, 39
10947, 16
10948, 7
10949, 31
10950, 24
10951, 16
10952, 15
10953, 8
10954, 15
10955, 8
10956, 7
10957, 33
10958, 7
10960, 23
10961, 8
10962, 7
10963, 39
10964, 16
10965, 7
10967, 31
10969, 8
10971, 24
10972, 39
10973, 16
10974, 32
10975, 16
10976, 8
10977, 7
10978, 39
10979, 23
10980, 31
10981, 40
10982, 7
10983, 23
10984, 7
10985, 30
10986, 31
10987, 15
10988, 24
10989, 39
10990, 15
10991, 32
10992, 31
10993, 31
10994, 31
10995, 15
10996, 81
10997, 16
10998, 16
10999, 40
11000, 32
11002, 57
11003, 56
11004, 47
11005, 38
11006, 23
11007, 16
11008, 64
11009, 48
11010, 24
11011, 55
11012, 7
11013, 23
11014, 7
11015, 46
11016, 23
11017, 23
11018, 64
11019, 7
11020, 39
11022, 7
11023, 39
11024, 25
11025, 16
11026, 16
11027, 16
11028, 15
11029, 24
11030, 16
11031, 40
11032, 16
11033, 16
11034, 32
11035, 16
11036, 24
11037, 15
11039, 15
11040, 15
11042, 23
11043, 24
11045, 16
11046, 7
11047, 7
11048, 32
11049, 15
11050, 16
11051, 7
11052, 24
11053, 7
11055, 7
11056, 7
11057, 40
11058, 24
11059, 41
11061, 15
11062, 15
11063, 16
11064, 32
11065, 32
11066, 31
11067, 39
11068, 7
11069, 16
11070, 32
11071, 15
11072, 31
11073, 16
11074, 32
11075, 15
11076, 31
11077, 40
11078, 32
11079, 23
11080, 32
11081, 24
11082, 72
11083, 7
11084, 16
11085, 38
11086, 23
11087, 32
11088, 48
11089, 80
11090, 32
11091, 23
11092, 15
11093, 25
11094, 63
11095, 40
11096, 65
11097, 15
11098, 16
11099, 24
11100, 24
11101, 32
11102, 15
11103, 31
11104, 46
11105, 31
11106, 15
11108, 32
11109, 24
11110, 24
11111, 15
11112, 24
11113, 16
11114, 15
11115, 16
11116, 24
11117, 31
11118, 24
11119, 16
11120, 15
11121, 23
11122, 24
11123, 7
11124, 15
11125, 7
11126, 7
11127, 16
11128, 33
11130, 7
11131, 15
11132, 8
11133, 16
11134, 16
11135, 32
11136, 8
11137, 8
11138, 15
11139, 7
11140, 7
11142, 41
11143, 15
11144, 15
11145, 40
11146, 8
11147, 24
11149, 31
11150, 39
11151, 31
11152, 32
11153, 15
11154, 15
11155, 32
11156, 24
11157, 16
11158, 7
11159, 32
11160, 47
11161, 7
11162, 40
11163, 15
11164, 55
11165, 16
11166, 24
11167, 63
11168, 23
11169, 15
11170, 32
11171, 31
11172, 24
11173, 40
11174, 63
11175, 55
11176, 40
11177, 16
11179, 73
11180, 31
11181, 56
11182, 39
11183, 15
11184, 24
11185, 32
11186, 32
11187, 7
11188, 32
11189, 48
11190, 40
11191, 16
11193, 8
11194, 32
11195, 23
11196, 23
11197, 23
11198, 8
11199, 31
11201, 32
11202, 24
11203, 23
11204, 32
11205, 8
11206, 23
11207, 7
11208, 32
11210, 23
11211, 8
11212, 8
11213, 8
11214, 23
11215, 15
11216, 7
11217, 7
11218, 15
11219, 16
11220, 23
11221, 23
11223, 15
11224, 16
11226, 7
11227, 7
11228, 48
11229, 16
11230, 16
11231, 30
11232, 8
11233, 7
11234, 23
11235, 38
11236, 23
11237, 39
11238, 23
11239, 15
11240, 15
11241, 31
11242, 16
11243, 32
11245, 55
11246, 8
11247, 31
11248, 39
11249, 32
11250, 23
11251, 32
11252, 40
11253, 55
11254, 8
11255, 23
11256, 31
11257, 23
11258, 24
11259, 63
11260, 63
11261, 32
11262, 31
11263, 7
11264, 49
11265, 54
11266, 23
11267, 64
11268, 23
11269, 16
11270, 31
11271, 23
11272, 32
11273, 7
11274, 48
11275, 47
11276, 15
11277, 15
11279, 32
11280, 23
11281, 24
11282, 15
11283, 16
11284, 31
11285, 8
11286, 16
11287, 7
11288, 47
11289, 16
11290, 24
11291, 24
11292, 15
11293, 32
11295, 16
11296, 7
11297, 7
11298, 15
11299, 24
11300, 7
11301, 7
11302, 15
11303, 8
11304, 16
11305, 32
11306, 16
11307, 8
11308, 16
11309, 8
11310, 7
11312, 15
11313, 16
11314, 31
11315, 32
11316, 23
11317, 7
11318, 16
11319, 7
11320, 48
11321, 23
11322, 23
11323, 23
11324, 38
11325, 8
11326, 24
11327, 15
11328, 31
11329, 15
11330, 16
11331, 47
11332, 22
11333, 49
11334, 24
11335, 24
11336, 24
11337, 23
11338, 56
11339, 30
11340, 24
11341, 40
11342, 23
11343, 24
11344, 25
11345, 79
11346, 39
11347, 48
11348, 8
11349, 24
11350, 74
11351, 24
11352, 49
11353, 48
11355, 31
11356, 40
11357, 24
11358, 16
11359, 15
11360, 47
11361, 47
11362, 15
11364, 8
11365, 40
11366, 15
11367, 31
11368, 16
11369, 16
11370, 15
11371, 15
11372, 16
11373, 39
11374, 16
11375, 15
11376, 31
11377, 15
11378, 16
11379, 23
11381, 15
11382, 15
11383, 16
11385, 32
11387, 23
11389, 8
11390, 32
11391, 32
11393, 7
11394, 24
11395, 8
11397, 16
11398, 16
11399, 16
11400, 15
11401, 56
11402, 8
11403, 7
11404, 16
11405, 32
11406, 24
11407, 40
11408, 16
11409, 31
11410, 24
11411, 7
11412, 31
11413, 15
11414, 23
11415, 23
11416, 40
11417, 16
11418, 32
11419, 39
11420, 32
11421, 24
11422, 32
11423, 40
11424, 47
11425, 16
11426, 16
11427, 48
11428, 7
11429, 32
11430, 40
11431, 79
11432, 48
11433, 15
11434, 16
11435, 65
11436, 31
11437, 41
11438, 46
11439, 23
11440, 8
11441, 39
11442, 24
11443, 23
11444, 23
11445, 49
11446, 31
11447, 39
11449, 8
11450, 23
11451, 16
11452, 31
11453, 15
11454, 24
11455, 8
11456, 32
11458, 31
11459, 30
11460, 7
11461, 39
11462, 7
11463, 15
11464, 31
11465, 7
11466, 16
11467, 7
11468, 7
11469, 15
11470, 24
11471, 8
11472, 8
11473, 16
11474, 8
11475, 7
11476, 23
11477, 31
11478, 7
11479, 8
11480, 15
11481, 7
11482, 8
11483, 8
11484, 25
11485, 23
11486, 32
11487, 24
11488, 8
11489, 24
11490, 8
11491, 41
11492, 24
11493, 23
11494, 40
11495, 23
11496, 16
11497, 25
11498, 16
11499, 24
11500, 15
11501, 32
11502, 32
11503, 24
11504, 31
11505, 23
11506, 39
11507, 16
11508, 31
11509, 80
11510, 7
11511, 23
11512, 32
11513, 31
11514, 16
11515, 66
11516, 39
11517, 64
11518, 40
11520, 7
11521, 79
11522, 39
11523, 40
11524, 38
11525, 16
11526, 23
11527, 40
11528, 7
11529, 31
11530, 15
11531, 63
11532, 16
11533, 30
11535, 8
11536, 48
11537, 7
11538, 32
11539, 7
11540, 32
11541, 8
11542, 16
11543, 24
11544, 16
11545, 22
11546, 24
11547, 32
11548, 16
11549, 15
11550, 22
11552, 23
11553, 8
11554, 8
11555, 15
11556, 24
11557, 8
11558, 8
11559, 7
11560, 16
11561, 23
11562, 24
11563, 15
11565, 15
11566, 15
11567, 8
11569, 24
11570, 32
11571, 7
11572, 40
11573, 15
11574, 16
11575, 7
11576, 24
11577, 39
11578, 32
11579, 24
11580, 23
11581, 15
11582, 24
11583, 24
11584, 24
11585, 8
11586, 23
11587, 40
11588, 32
11589, 40
11590, 16
11591, 15
11592, 47
11593, 32
11594, 40
11595, 30
11596, 31
11597, 24
11598, 32
11599, 15
11600, 31
11601, 65
11602, 64
11603, 47
11604, 16
11605, 8
11606, 49
11607, 47
11608, 65
11609, 23
11610, 22
11611, 25
11612, 24
11613, 31
11614, 16
11615, 32
11616, 40
11617, 39
11618, 32
11620, 8
11622, 38
11623, 39
11624, 16
11625, 16
11626, 7
11627, 23
11628, 15
11629, 24
11630, 23
11631, 32
11632, 16
11633, 24
11634, 24
11635, 24
11637, 16
11638, 7
11639, 7
11640, 16
11641, 8
11642, 22
11643, 7
11644, 15
11645, 8
11646, 8
11647, 32
11648, 23
11649, 7
11650, 8
11651, 23
11653, 8
11654, 7
11655, 24
11656, 23
11657, 32
11658, 24
11659, 7
11660, 15
11661, 24
11662, 31
11663, 16
11664, 39
11665, 32
11666, 23
11667, 16
11668, 24
11669, 15
11670, 31
11671, 16
11672, 24
11673, 40
11674, 15
11675, 41
11676, 23
11677, 48
11678, 8
11679, 31
11680, 70
11681, 7
11682, 23
11683, 48
11684, 16
11685, 16
11686, 40
11687, 79
11688, 40
11689, 31
11690, 24
11691, 7
11692, 71
11693, 41
11694, 64
11695, 23
11696, 16
11697, 16
11698, 48
11699, 16
11700, 15
11701, 33
11702, 48
11703, 24
11704, 23
11706, 16
11707, 32
11708, 16
11709, 31
11710, 16
11711, 8
11712, 23
11713, 24
11714, 8
11715, 40
11716, 24
11717, 16
11718, 23
11719, 24
11720, 16
11721, 15
11723, 24
11724, 8
11725, 8
11726, 33
11728, 24
11729, 8
11731, 24
11733, 39
11734, 15
11736, 16
11737, 15
11738, 8
11739, 8
11740, 16
11741, 32
11742, 16
11743, 40
11744, 8
11745, 7
11746, 15
11747, 40
11748, 32
11749, 15
11750, 48
11751, 16
11752, 16
11753, 16
11754, 24
11755, 16
11756, 23
11757, 23
11758, 40
11759, 15
11760, 48
11761, 24
11762, 24
11763, 32
11764, 15
11765, 72
11766, 31
11767, 7
11768, 24
11769, 47
11770, 8
11771, 41
11772, 74
11773, 64
11774, 24
11775, 23
11776, 8
11777, 48
11778, 56
11779, 23
11780, 63
11781, 15
11782, 24
11783, 41
11784, 24
11785, 15
11786, 23
11787, 48
11788, 23
11789, 39
11791, 8
11792, 33
11793, 15
11794, 23
11795, 23
11796, 15
11797, 16
11798, 16
11799, 24
11800, 33
11801, 7
11802, 31
11803, 24
11804, 16
11805, 16
11806, 31
11808, 24
11809, 8
11811, 7
11812, 32
11813, 16
11814, 16
11816, 8
11817, 24
11818, 16
11819, 32
11821, 16
11822, 8
11823, 7
11824, 8
11825, 7
11826, 32
11827, 23
11828, 32
11829, 16
11830, 16
11831, 16
11832, 16
11833, 23
11834, 48
11835, 7
11836, 47
11837, 24
11838, 8
11839, 33
11840, 16
11841, 16
11842, 15
11843, 40
11844, 31
11845, 24
11846, 32
11847, 32
11848, 23
11849, 32
11850, 40
11851, 55
11852, 15
11853, 16
11854, 39
11855, 23
11856, 24
11857, 48
11858, 64
11859, 48
11860, 32
11861, 7
11862, 23
11863, 71
11864, 24
11865, 64
11866, 23
11867, 7
11868, 23
11869, 47
11870, 24
11871, 16
11872, 31
11873, 39
11874, 47
11875, 7
11877, 16
11878, 32
11879, 24
11880, 31
11881, 16
11882, 16
11883, 8
11884, 16
11885, 15
11886, 39
11887, 8
11888, 40
11889, 24
11890, 8
11891, 15
11892, 23
11893, 8
11894, 15
11895, 7
11896, 8
11897, 15
11898, 24
11899, 8
11900, 15
11902, 16
11903, 33
11904, 16
11905, 15
11907, 24
11908, 7
11909, 8
11910, 8
11911, 16
11912, 32
11913, 16
11914, 40
11915, 7
11916, 16
11917, 7
11918, 40
11919, 32
11920, 24
11921, 16
11922, 38
11923, 24
11924, 8
11925, 24
11926, 33
11927, 16
11928, 24
11929, 48
11930, 8
11931, 40
11932, 7
11933, 48
11934, 24
11935, 33
11936, 48
11937, 38
11938, 16
11939, 32
11940, 40
11941, 8
11942, 33
11943, 80
11944, 48
11945, 39
11946, 16
11947, 16
11948, 65
11949, 23
11950, 39
11951, 62
11952, 8
11953, 32
11954, 8
11955, 48
11956, 23
11957, 8
11958, 48
11959, 31
11960, 38
11963, 40
11964, 24
11965, 24
11966, 16
11967, 8
11968, 23
11969, 15
11970, 16
11971, 32
11972, 15
11973, 32
11974, 24
11975, 7
11976, 22
11977, 23
11978, 7
11979, 16
11980, 16
11982, 23
11983, 8
11984, 23
11985, 8
11986, 7
11988, 32
11989, 24
11990, 15
11991, 7
11992, 25
11993, 7
11994, 8
11996, 7
11997, 40
11998, 15
11999, 32
12000, 15
12001, 15
12002, 16
12003, 16
12004, 40
12005, 40
12006, 8
12007, 32
12008, 24
12009, 15
12010, 32
12011, 16
12012, 25
12013, 15
12014, 33
12015, 31
12016, 15
12017, 49
12018, 24
12019, 31
12020, 16
12021, 65
12022, 47
12023, 8
12024, 16
12025, 40
12026, 23
12027, 16
12028, 48
12029, 80
12030, 32
12031, 32
12032, 23
12033, 32
12034, 56
12035, 32
12036, 57
12037, 22
12038, 24
12039, 15
12040, 49
12041, 16
12042, 24
12043, 32
12044, 39
12045, 49
12048, 24
12049, 40
12050, 8
12051, 31
12052, 8
12053, 32
12055, 24
12056, 16
12057, 40
12058, 16
12059, 15
12060, 16
12061, 23
12062, 23
12063, 15
12064, 16
12065, 7
12066, 8
12067, 7
12068, 16
12069, 23
12070, 8
12071, 7
12072, 7
12073, 15
12074, 16
12075, 31
12076, 15
12078, 32
12081, 7
12082, 24
12083, 40
12084, 16
12085, 25
12086, 7
12087, 23
12088, 7
12089, 31
12090, 31
12091, 31
12092, 23
12093, 31
12094, 24
12095, 16
12096, 32
12097, 8
12098, 23
12099, 33
12100, 31
12101, 16
12102, 48
12103, 25
12104, 23
12105, 15
12106, 31
12107, 65
12108, 31
12109, 24
12111, 45
12112, 23
12113, 15
12114, 96
12115, 40
12116, 47
12117, 15
12118, 16
12119, 73
12120, 24
12121, 24
12122, 63
12123, 15
12124, 16
12125, 40
12126, 40
12127, 16
12128, 16
12129, 49
12130, 14
12131, 47
12133, 8
12134, 32
12135, 7
12136, 39
12137, 15
12138, 24
12139, 7
12140, 24
12141, 8
12142, 41
12143, 24
12144, 16
12145, 15
12146, 23
12147, 23
12148, 23
12150, 24
12151, 8
12153, 15
12154, 24
12155, 7
12156, 7
12157, 15
12158, 16
12159, 8
12160, 32
12161, 24
12163, 8
12164, 23
12166, 7
12167, 8
12168, 7
12169, 55
12170, 16
12171, 31
12172, 8
12173, 8
12174, 7
12175, 63
12176, 24
12177, 23
12178, 32
12179, 15
12180, 15
12181, 24
12182, 23
12183, 24
12184, 15
12185, 31
12186, 32
12187, 16
12188, 57
12189, 16
12190, 24
12191, 40
12192, 8
12193, 86
12194, 7
12195, 41
12196, 15
12197, 24
12198, 24
12199, 64
12200, 46
12201, 38
12202, 39
12203, 15
12204, 24
12205, 62
12206, 32
12207, 56
12208, 30
12209, 16
12210, 15
12211, 47
12213, 40
12214, 24
12215, 55
12216, 24
12217, 16
12219, 15
12220, 31
12221, 31
12222, 15
12223, 16
12224, 23
12225, 15
12226, 7
12227, 16
12228, 38
12229, 24
12230, 24
12231, 16
12232, 24
12233, 32
12235, 8
12236, 15
12237, 7
12238, 16
12239, 7
12240, 23
12241, 15
12243, 7
12244, 24
12246, 39
12247, 15
12249, 23
12250, 7
12252, 7
12253, 40
12254, 16
12255, 16
12256, 31
12257, 15
12258, 15
12259, 7
12260, 24
12261, 65
12262, 8
12263, 40
12264, 23
12265, 16
12266, 8
12267, 32
12268, 16
12269, 24
12270, 33
12271, 23
12272, 23
12273, 41
12274, 31
12275, 24
12276, 24
12277, 24
12278, 80
12279, 15
12280, 16
12281, 40
12282, 23
12283, 16
12284, 40
12285, 54
12286, 72
12287, 23
12288, 23
12289, 7
12290, 80
12291, 23
12292, 49
12293, 39
12294, 15
12295, 24
12296, 23
12297, 31
12298, 23
12299, 16
12300, 56
12301, 31
12302, 31
12304, 8
12305, 16
12306, 40
12307, 32
12308, 16
12309, 16
12310, 8
12311, 16
12312, 15
12313, 40
12314, 24
12315, 8
12316, 31
12317, 24
12318, 7
12319, 30
12321, 24
12323, 7
12324, 24
12325, 16
12326, 7
12327, 16
12328, 7
12329, 8
12330, 32
12331, 7
12332, 23
12333, 7
12334, 16
12335, 15
12336, 8
12338, 7
12339, 39
12340, 24
12341, 7
12342, 31
12343, 16
12344, 16
12345, 16
12346, 40
12347, 40
12348, 8
12349, 39
12350, 16
12351, 16
12352, 15
12353, 23
12354, 23
12355, 31
12356, 41
12357, 15
12358, 24
12359, 41
12360, 32
12361, 32
12362, 7
12363, 39
12364, 63
12365, 15
12366, 23
12367, 47
12368, 7
12369, 23
12370, 39
12371, 96
12372, 32
12373, 32
12374, 8
12375, 33
12376, 64
12377, 41
12378, 48
12379, 15
12380, 24
12381, 24
12382, 32
12383, 23
12384, 23
12385, 40
12386, 40
12387, 32
12388, 8
12390, 16
12391, 47
12392, 16
12393, 15
12394, 24
12395, 16
12396, 15
12397, 16
12398, 16
12399, 39
12400, 24
12401, 16
12402, 24
12403, 16
12404, 24
12405, 7
12406, 16
12407, 7
12408, 7
12409, 8
12410, 24
12411, 16
12412, 15
12413, 8
12415, 24
12416, 15
12417, 15
12418, 23
12419, 8
12420, 16
12421, 7
12423, 15
12424, 24
12425, 23
12426, 23
12427, 23
12428, 15
12429, 15
12430, 8
12431, 39
12432, 23
12433, 31
12434, 32
12435, 23
12436, 16
12437, 24
12438, 24
12439, 24
12440, 15
12441, 24
12442, 31
12443, 22
12444, 48
12445, 7
12446, 47
12447, 23
12448, 23
12449, 57
12450, 30
12451, 24
12452, 24
12453, 40
12454, 16
12455, 23
12456, 64
12457, 70
12458, 31
12459, 24
12460, 16
12461, 65
12462, 24
12463, 40
12464, 63
12466, 32
12467, 25
12468, 40
12469, 8
12470, 15
12471, 70
12472, 25
12473, 15
12474, 7
12476, 40
12477, 24
12478, 32
12479, 7
12480, 15
12481, 23
12482, 16
12483, 16
12484, 32
12485, 14
12486, 24
12487, 23
12488, 33
12490, 30
12492, 24
12493, 8
12494, 8
12495, 16
12496, 23
12498, 24
12500, 8
12501, 31
12502, 24
12503, 15
12505, 16
12506, 16
12507, 8
12509, 15
12510, 24
12511, 31
12512, 16
12513, 31
12514, 7
12515, 15
12516, 41
12517, 24
12518, 31
12519, 24
12520, 23
12521, 15
12522, 24
12523, 16
12524, 23
12525, 23
12526, 7
12527, 40
12528, 31
12529, 24
12530, 48
12531, 33
12532, 24
12533, 24
12534, 41
12535, 47
12536, 15
12537, 16
12538, 47
12539, 15
12540, 24
12541, 72
12542, 64
12543, 40
12544, 24
12545, 7
12546, 57
12547, 40
12548, 40
12549, 48
12550, 15
12551, 31
12552, 8
12553, 48
12554, 16
12555, 23
12556, 40
12557, 56
12558, 16
12559, 7
12561, 16
12562, 39
12563, 15
12564, 23
12565, 24
12566, 23
12567, 8
12568, 8
12569, 40
12570, 24
12571, 24
12572, 16
12573, 15
12574, 23
12575, 15
12576, 15
12577, 16
12578, 7
12579, 8
12580, 16
12581, 24
12582, 7
12583, 8
12584, 15
12585, 8
12586, 16
12587, 32
12588, 7
12589, 15
12590, 16
12591, 8
12592, 7
12593, 8
12594, 7
12595, 24
12596, 23
12597, 24
12598, 23
12599, 15
12600, 16
12601, 7
12602, 47
12603, 15
12604, 30
12605, 31
12606, 23
12607, 15
12608, 23
12609, 23
12610, 23
12611, 24
12613, 47
12614, 23
12615, 32
12616, 32
12617, 38
12618, 24
12619, 24
12620, 78
12621, 7
12622, 16
12623, 47
12624, 24
12625, 16
12626, 40
12627, 47
12628, 54
12629, 55
12630, 8
12631, 24
12632, 55
12633, 38
12634, 48
12635, 39
12636, 8
12637, 31
12638, 24
12639, 31
12640, 15
12641, 24
12642, 55
12643, 31
12644, 23
12646, 8
12647, 39
12648, 8
12649, 31
12650, 15
12651, 24
12652, 7
12653, 24
12654, 8
12655, 56
12656, 8
12657, 16
12658, 31
12659, 16
12660, 15
12661, 23
12663, 23
12664, 8
12666, 31
12667, 8
12668, 15
12669, 7
12670, 8
12671, 8
12672, 24
12673, 32
12674, 8
12675, 7
12676, 16
12677, 16
12678, 8
12680, 24
12681, 32
12682, 7
12683, 40
12684, 16
12685, 8
12686, 15
12687, 32
12688, 31
12689, 32
12690, 24
12691, 23
12692, 16
12693, 15
12694, 32
12695, 24
12696, 16
12697, 7
12698, 48
12699, 23
12700, 32
12701, 23
12702, 40
12703, 23
12704, 32
12705, 31
12706, 62
12707, 7
12708, 24
12709, 32
12710, 23
12711, 24
12712, 64
12713, 64
12714, 55
12715, 8
12716, 24
12717, 33
12718, 72
12719, 15
12720, 47
12721, 30
12722, 15
12723, 23
12724, 40
12725, 23
12726, 7
12727, 48
12728, 30
12729, 47
12732, 24
12733, 40
12734, 16
12735, 15
12736, 15
12737, 15
12738, 15
12739, 24
12740, 24
12741, 31
12742, 16
12743, 24
12744, 16
12745, 23
12746, 32
12748, 24
12749, 8
12751, 24
12752, 8
12753, 16
12754, 15
12755, 7
12757, 24
12758, 23
12759, 23
12760, 7
12761, 16
12762, 16
12764, 8
12765, 8
12766, 32
12767, 23
12768, 24
12769, 24
12770, 8
12771, 25
12772, 8
12773, 40
12774, 23
12775, 31
12776, 32
12777, 24
12778, 7
12779, 15
12780, 30
12781, 15
12782, 23
12783, 32
12784, 31
12785, 14
12786, 40
12787, 23
12788, 47
12789, 16
12790, 32
12791, 55
12792, 23
12793, 24
12794, 32
12795, 15
12796, 31
12797, 40
12798, 65
12799, 46
12800, 39
12801, 23
12802, 24
12803, 48
12804, 48
12805, 49
12806, 39
12808, 31
12809, 16
12810, 47
12811, 8
12812, 31
12813, 56
12814, 16
12815, 31
12817, 16
12818, 15
12819, 23
12820, 39
12821, 7
12822, 16
12823, 23
12824, 16
12825, 24
12826, 24
12827, 23
12828, 15
12829, 32
12830, 16
12831, 24
12832, 16
12834, 23
12836, 7
12837, 23
12838, 24
12840, 24
12842, 15
12843, 24
12844, 16
12845, 24
12847, 15
12848, 16
12850, 16
12852, 40
12853, 23
12854, 32
12855, 7
12856, 7
12857, 22
12858, 8
12859, 47
12860, 40
12861, 16
12862, 39
12863, 16
12864, 25
12865, 8
12866, 23
12867, 24
12868, 16
12869, 47
12870, 23
12871, 8
12872, 56
12873, 24
12874, 31
12875, 24
12876, 39
12877, 55
12878, 7
12879, 32
12880, 40
12881, 16
12882, 41
12883, 33
12884, 78
12885, 32
12886, 31
12887, 8
12888, 41
12889, 55
12890, 41
12891, 56
12892, 15
12893, 16
12894, 23
12895, 48
12897, 23
12898, 39
12899, 55
12900, 32
12903, 23
12904, 22
12905, 40
12906, 15
12907, 8
12908, 31
12909, 7
12910, 16
12911, 15
12912, 39
12913, 8
12914, 31
12915, 15
12916, 23
12917, 32
12919, 16
12920, 7
12921, 7
12922, 15
12923, 24
12924, 7
12925, 7
12926, 16
12928, 15
12929, 32
12930, 31
12932, 7
12933, 15
12934, 7
12935, 8
12936, 7
12937, 32
12938, 15
12939, 15
12940, 40
12941, 16
12942, 16
12943, 8
12944, 48
12945, 32
12946, 7
12947, 48
12948, 16
12949, 16
12950, 16
12951, 23
12952, 31
12953, 7
12954, 23
12955, 31
12956, 31
12957, 39
12958, 32
12959, 32
12960, 15
12961, 24
12962, 73
12963, 15
12964, 15
12965, 48
12966, 23
12967, 16
12968, 74
12969, 31
12970, 55
12971, 40
12972, 8
12973, 23
12974, 65
12975, 32
12976, 49
12977, 38
12978, 16
12979, 23
12980, 33
12981, 15
12982, 23
12983, 22
12984, 62
12985, 33
12986, 15
12989, 46
12990, 32
12991, 24
12993, 24
12994, 24
12995, 16
12996, 8
12997, 39
12998, 24
12999, 16
13000, 23
13001, 8
13002, 15
13003, 31
13005, 24
13006, 8
13007, 8
13008, 16
13009, 24
13010, 16
13011, 8
13013, 15
13014, 16
13015, 30
13016, 15
13018, 24
13019, 8
13021, 16
13023, 48
13024, 15
13025, 31
13026, 7
13027, 16
13028, 15
13029, 32
13030, 41
13031, 25
13032, 25
13033, 23
13034, 23
13035, 16
13036, 32
13037, 8
13038, 22
13039, 15
13040, 31
13041, 48
13042, 16
13043, 40
13044, 15
13045, 31
13046, 40
13047, 50
13048, 39
13049, 16
13050, 40
13051, 16
13052, 23
13053, 15
13054, 55
13055, 86
13056, 32
13057, 23
13058, 8
13059, 56
13060, 47
13061, 24
13062, 55
13063, 23
13064, 16
13065, 15
13066, 47
13067, 16
13068, 23
13069, 32
13070, 55
13071, 32
13074, 32
13075, 23
13076, 24
13077, 23
13078, 15
13079, 23
13080, 8
13081, 15
13082, 39
13083, 15
13084, 24
13085, 25
13086, 15
13087, 15
13088, 32
13090, 16
13091, 16
13092, 8
13093, 16
13094, 8
13095, 15
13096, 15
13097, 7
13098, 8
13099, 16
13100, 24
13101, 23
13102, 7
13104, 23
13105, 7
13106, 7
13107, 7
13108, 32
13109, 23
13110, 32
13111, 23
13112, 8
13113, 15
13114, 8
13115, 39
13116, 23
13117, 40
13118, 24
13119, 23
13120, 16
13121, 15
13122, 23
13123, 24
13124, 15
13125, 40
13126, 32
13127, 23
13128, 24
13129, 49
13130, 24
13131, 32
13132, 33
13133, 47
13134, 15
13135, 23
13136, 40
13137, 23
13138, 8
13139, 55
13140, 55
13141, 63
13142, 32
13143, 8
13144, 33
13145, 40
13146, 54
13147, 66
13148, 16
13149, 7
13150, 31
13151, 49
13152, 16
13153, 24
13154, 8
13155, 63
13156, 40
13157, 8
13159, 16
13160, 40
13161, 15
13162, 16
13163, 24
13164, 16
13165, 16
13166, 24
13167, 24
13168, 16
13169, 23
13170, 16
13171, 24
13172, 16
13173, 22
13174, 23
13176, 23
13177, 8
13178, 16
13179, 8
13180, 24
13181, 8
13182, 15
13184, 7
13185, 23
13186, 32
13187, 15
13189, 23
13190, 7
13191, 8
13193, 24
13194, 22
13195, 31
13196, 24
13197, 7
13198, 24
13199, 7
13200, 31
13201, 23
13202, 32
13203, 15
13204, 39
13205, 23
13206, 25
13207, 16
13208, 24
13209, 8
13210, 23
13211, 46
13212, 23
13213, 31
13214, 15
13215, 48
13216, 16
13217, 31
13218, 72
13219, 23
13220, 16
13221, 32
13222, 31
13223, 16
13224, 32
13225, 47
13226, 69
13227, 40
13228, 15
13229, 16
13230, 47
13231, 47
13232, 47
13233, 47
13234, 15
13235, 24
13236, 16
13237, 55
13238, 8
13239, 23
13240, 48
13241, 16
13242, 39
13243, 7
13244, 8
13245, 32
13246, 15
13247, 24
13248, 23
13249, 16
13250, 16
13251, 15
13252, 16
13253, 49
13254, 7
13255, 24
13256, 24
13257, 16
13258, 23
13259, 24
13261, 24
13262, 8
13264, 15
13265, 24
13266, 7
13267, 16
13268, 8
13270, 24
13271, 31
13272, 15
13273, 7
13274, 16
13275, 15
13277, 7
13278, 8
13279, 33
13280, 24
13281, 24
13282, 23
13283, 15
13284, 7
13285, 24
13286, 24
13287, 57
13289, 39
13290, 16
13291, 23
13292, 24
13293, 24
13294, 24
13295, 7
13296, 40
13297, 31
13298, 15
13299, 32
13300, 23
13301, 48
13302, 15
13303, 39
13304, 55
13305, 23
13306, 8
13307, 55
13308, 16
13309, 24
13310, 56
13311, 39
13312, 63
13313, 32
13314, 7
13315, 49
13316, 55
13317, 24
13318, 55
13319, 31
13320, 16
13321, 16
13322, 23
13323, 39
13324, 24
13325, 8
13326, 63
13327, 31
13328, 15
13330, 24
13331, 24
13332, 15
13333, 31
13334, 16
13335, 24
13336, 8
13337, 24
13338, 8
13339, 40
13340, 8
13341, 23
13342, 31
13343, 23
13344, 16
13345, 15
13346, 16
13347, 8
13348, 7
13349, 8
13350, 24
13351, 15
13352, 7
13353, 8
13354, 16
13356, 32
13357, 24
13358, 16
13359, 8
13360, 16
13361, 7
13362, 8
13364, 33
13365, 32
13366, 8
13367, 24
13368, 15
13369, 15
13370, 15
13371, 40
13372, 32
13373, 23
13374, 16
13375, 39
13376, 16
13377, 16
13378, 33
13379, 16
13380, 16
13381, 15
13382, 55
13383, 16
13384, 32
13385, 15
13386, 39
13387, 40
13388, 16
13389, 64
13390, 31
13391, 15
13392, 24
13393, 39
13394, 7
13395, 39
13396, 56
13397, 71
13398, 40
13399, 8
13400, 15
13401, 49
13402, 38
13403, 39
13404, 62
13405, 15
13406, 24
13407, 41
13408, 16
13409, 15
13410, 23
13411, 57
13412, 32
13413, 31
13416, 15
13417, 47
13418, 7
13419, 30
13420, 16
13421, 24
13422, 8
13423, 16
13424, 39
13425, 16
13426, 16
13427, 40
13428, 16
13429, 24
13430, 16
13432, 24
13434, 8
13435, 16
13436, 31
13437, 8
13438, 7
13439, 7
13440, 8
13441, 16
13442, 24
13443, 32
13445, 16
13446, 7
13447, 7
13448, 8
13450, 47
13451, 24
13452, 16
13453, 23
13454, 7
13455, 15
13456, 24
13457, 39
13458, 40
13460, 38
13461, 15
13462, 15
13463, 31
13464, 23
13465, 15
13466, 23
13467, 31
13468, 31
13469, 7
13470, 47
13471, 15
13472, 39
13473, 40
13474, 41
13475, 55
13477, 23
13478, 33
13479, 31
13480, 33
13481, 32
13482, 46
13483, 71
13484, 32
13485, 15
13486, 16
13487, 69
13488, 32
13489, 47
13490, 39
13491, 8
13492, 22
13493, 39
13494, 23
13495, 15
13496, 57
13497, 16
13498, 55
13501, 16
13502, 41
13503, 24
13504, 15
13505, 24
13506, 16
13507, 16
13508, 16
13509, 16
13510, 40
13512, 23
13513, 31
13514, 15
13515, 23
13516, 15
13518, 22
13519, 8
13520, 8
13521, 16
13522, 23
13523, 8
13524, 15
13525, 8
13526, 7
13527, 24
13528, 24
13529, 15
13531, 32
13533, 8
13535, 24
13536, 40
13537, 8
13538, 31
13539, 15
13540, 24
13541, 8
13542, 31
13543, 32
13544, 15
13545, 31
13546, 32
13547, 16
13548, 24
13549, 24
13550, 7
13551, 40
13552, 8
13553, 30
13554, 31
13555, 40
13556, 32
13557, 32
13558, 15
13559, 24
13560, 63
13561, 31
13562, 16
13563, 24
13564, 39
13565, 15
13566, 32
13567, 71
13568, 55
13569, 31
13570, 24
13571, 7
13572, 65
13573, 48
13574, 33
13575, 55
13576, 8
13577, 32
13578, 16
13579, 32
13580, 23
13581, 7
13582, 47
13583, 54
13584, 23
13586, 8
13587, 23
13588, 23
13589, 23
13590, 24
13591, 23
13592, 7
13593, 23
13594, 16
13595, 40
13596, 8
13597, 16
13598, 40
13599, 8
13600, 24
13601, 24
13603, 8
13604, 14
13605, 7
13606, 16
13607, 23
13608, 16
13609, 8
13610, 7
13611, 7
13612, 32
13613, 16
13614, 15
13615, 7
13616, 8
13617, 15
13618, 7
13619, 7
13620, 7
13621, 24
13622, 39
13623, 24
13624, 15
13625, 24
13626, 8
13627, 24
13628, 31
13629, 7
13630, 55
13631, 24
13632, 16
13633, 15
13634, 23
13635, 15
13636, 23
13637, 15
13638, 31
13639, 39
13640, 15
13641, 40
13642, 24
13643, 39
13644, 41
13645, 40
13646, 38
13647, 15
13648, 24
13649, 48
13650, 7
13651, 32
13652, 16
13653, 86
13654, 46
13655, 32
13656, 15
13657, 41
13658, 65
13659, 16
13660, 72
13661, 15
13663, 39
13664, 33
13665, 24
13666, 24
13667, 32
13668, 48
13669, 24
13670, 15
13672, 24
13673, 31
13674, 24
13675, 24
13676, 8
13677, 24
13678, 7
13679, 24
13680, 8
13681, 39
13682, 7
13683, 31
13684, 32
13685, 15
13686, 16
13687, 15
13689, 23
13690, 7
13691, 8
13692, 24
13693, 16
13694, 8
13695, 15
13696, 8
13697, 16
13698, 16
13699, 31
13700, 8
13701, 8
13702, 16
13703, 8
13704, 7
13706, 24
13707, 30
13708, 15
13709, 15
13710, 30
13711, 15
13712, 7
13713, 32
13714, 39
13715, 24
13716, 31
13717, 15
13718, 23
13719, 24
13720, 24
13721, 16
13722, 32
13723, 16
13724, 23
13725, 30
13726, 23
13727, 38
13728, 32
13729, 23
13730, 24
13731, 54
13732, 47
13733, 8
13734, 40
13735, 23
13736, 16
13737, 40
13738, 54
13739, 71
13740, 24
13741, 23
13742, 7
13743, 81
13744, 24
13745, 48
13746, 48
13747, 7
13748, 24
13749, 32
13750, 40
13751, 16
13752, 7
13753, 55
13754, 48
13755, 16
13758, 40
13759, 24
13760, 24
13761, 15
13762, 15
13763, 23
13764, 16
13765, 16
13766, 32
13767, 24
13768, 16
13769, 31
13770, 8
13771, 15
13772, 23
13773, 7
13774, 24
13775, 8
13777, 15
13778, 32
13779, 8
13780, 7
13781, 7
13782, 16
13783, 24
13784, 16
13785, 24
13787, 16
13788, 16
13790, 7
13791, 15
13792, 32
13793, 15
13794, 24
13795, 23
13796, 16
13797, 15
13798, 16
13799, 47
13800, 32
13802, 47
13803, 8
13804, 15
13805, 31
13806, 15
13807, 40
13808, 16
13809, 24
13810, 31
13811, 24
13812, 40
13813, 24
13814, 32
13815, 23
13816, 32
13817, 63
13818, 15
13819, 32
13820, 40
13821, 8
13822, 8
13823, 55
13824, 71
13825, 56
13826, 15
13827, 15
13828, 16
13829, 78
13830, 40
13831, 47
13832, 31
13833, 16
13834, 23
13835, 32
13836, 23
13837, 24
13838, 23
13839, 54
13840, 39
13843, 24
13844, 23
13845, 23
13846, 24
13847, 16
13848, 15
13849, 23
13850, 16
13851, 24
13852, 23
13853, 15
13854, 31
13855, 24
13856, 7
13857, 31
13858, 7
13859, 8
13860, 23
13862, 8
13863, 23
13864, 15
13865, 7
13866, 7
13867, 15
13868, 7
13869, 16
13870, 31
13871, 15
13872, 8
13873, 16
13874, 8
13875, 8
13876, 7
13877, 32
13878, 15
13879, 15
13880, 32
13881, 15
13882, 8
13883, 23
13884, 31
13885, 41
13886, 16
13887, 33
13888, 23
13889, 15
13890, 15
13891, 31
13892, 16
13893, 23
13894, 41
13895, 32
13897, 56
13898, 24
13899, 32
13900, 24
13901, 32
13902, 57
13903, 23
13904, 24
13905, 25
13906, 23
13907, 15
13908, 40
13909, 64
13910, 71
13911, 33
13912, 24
13914, 90
13915, 24
13916, 15
13917, 70
13918, 7
13919, 31
13920, 33
13921, 24
13922, 24
13923, 15
13924, 39
13925, 47
13926, 23
13929, 39
13930, 24
13931, 32
13932, 16
13933, 8
13934, 15
13935, 15
13936, 15
13937, 47
13938, 24
13939, 8
13940, 23
13941, 32
13942, 8
13943, 16
13944, 7
13945, 24
13946, 8
13948, 24
13949, 16
13950, 7
13951, 15
13952, 7
13953, 8
13954, 15
13955, 31
13956, 24
13958, 16
13959, 15
13960, 8
13962, 7
13963, 31
13964, 23
13965, 31
13966, 23
13967, 8
13968, 15
13969, 24
13970, 31
13971, 39
13972, 8
13973, 48
13974, 16
13975, 8
13976, 32
13977, 16
13978, 16
13979, 23
13980, 40
13981, 23
13982, 15
13983, 46
13984, 23
13985, 40
13986, 24
13987, 48
13988, 46
13989, 8
13990, 24
13991, 48
13992, 7
13993, 24
13994, 73
13995, 63
13996, 32
13997, 24
13998, 15
13999, 74
14000, 15
14001, 32
14002, 64
14003, 23
14004, 16
14005, 23
14006, 32
14007, 23
14008, 15
14009, 48
14010, 39
14011, 39
14014, 16
14015, 39
14016, 24
14017, 23
14018, 16
14019, 15
14020, 7
14021, 24
14022, 24
14023, 31
14024, 15
14025, 24
14026, 15
14027, 24
14028, 15
14029, 15
14030, 8
14031, 15
14032, 8
14033, 8
14034, 32
14035, 7
14036, 15
14037, 8
14039, 24
14040, 24
14041, 24
14042, 7
14044, 31
14046, 8
14048, 24
14049, 31
14050, 33
14051, 16
14052, 15
14053, 24
14054, 8
14055, 32
14056, 41
14057, 15
14058, 48
14059, 8
14060, 15
14061, 15
14062, 23
14063, 23
14064, 23
14065, 40
14066, 31
14067, 15
14068, 23
14069, 31
14070, 48
14071, 7
14072, 31
14073, 72
14074, 15
14075, 16
14076, 31
14077, 39
14079, 72
14080, 48
14081, 55
14082, 31
14083, 15
14084, 16
14085, 64
14086, 39
14087, 56
14088, 31
14089, 7
14090, 31
14091, 41
14092, 24
14093, 16
14094, 16
14095, 66
14096, 40
14097, 8
14100, 48
14101, 24
14102, 24
14103, 7
14104, 23
14105, 15
14106, 15
14107, 16
14108, 39
14109, 8
14110, 24
14111, 23
14112, 32
14113, 8
14114, 24
14115, 8
14116, 16
14117, 8
14119, 23
14120, 24
14121, 8
14122, 16
14124, 8
14125, 23
14126, 23
14127, 23
14129, 23
14131, 7
14132, 7
14133, 15
14134, 32
14135, 23
14136, 24
14137, 23
14138, 8
14139, 15
14140, 32
14141, 32
14142, 25
14143, 15
14144, 46
14145, 7
14146, 15
14147, 23
14148, 16
14149, 23
14150, 31
14151, 32
14152, 15
14153, 31
14154, 39
14155, 31
14156, 24
14157, 23
14158, 57
14159, 48
14160, 8
14161, 23
14162, 48
14163, 8
14164, 24
14165, 73
14166, 40
14167, 46
14168, 39
14170, 40
14171, 71
14172, 32
14173, 48
14174, 23
14175, 16
14176, 23
14177, 39
14178, 16
14179, 24
14180, 41
14181, 31
14182, 47
14184, 8
14186, 47
14187, 7
14188, 30
14189, 24
14190, 15
14191, 15
14192, 16
14193, 24
14194, 32
14195, 24
14196, 24
14197, 16
14198, 7
14199, 31
14200, 7
14201, 16
14202, 7
14203, 7
14204, 16
14205, 32
14207, 7
14208, 15
14209, 8
14210, 16
14211, 16
14212, 40
14214, 8
14215, 16
14216, 7
14217, 8
14218, 7
14219, 24
14220, 24
14221, 24
14222, 31
14223, 8
14224, 24
14226, 48
14227, 32
14228, 15
14229, 32
14230, 32
14231, 8
14232, 16
14233, 31
14234, 15
14235, 23
14236, 33
14237, 39
14238, 15
14239, 40
14240, 24
14241, 31
14242, 24
14243, 23
14244, 72
14245, 23
14246, 16
14247, 40
14248, 23
14249, 24
14250, 24
14251, 80
14252, 48
14253, 33
14254, 23
14255, 16
14256, 71
14257, 32
14258, 57
14259, 31
14260, 16
14261, 15
14262, 42
14263, 7
14264, 23
14265, 31
14266, 39
14267, 31
14268, 30
14270, 24
14271, 15
14272, 41
14273, 7
14274, 15
14275, 24
14276, 15
14277, 15
14278, 24
14279, 32
14280, 16
14281, 15
14282, 24
14283, 32
14284, 16
14285, 15
14287, 23
14288, 8
14290, 24
14291, 24
14292, 8
14293, 7
14294, 7
14295, 16
14296, 16
14297, 40
14298, 7
14300, 7
14301, 23
14303, 7
14304, 15
14305, 39
14306, 7
14307, 31
14308, 23
14309, 16
14310, 7
14311, 16
14312, 47
14313, 32
14314, 24
14315, 23
14316, 24
14317, 8
14318, 40
14319, 16
14320, 15
14321, 23
14322, 31
14323, 40
14324, 33
14325, 7
14326, 47
14327, 24
14328, 24
14329, 57
14330, 39
14331, 16
14332, 23
14333, 32
14334, 15
14335, 24
14336, 82
14337, 56
14338, 40
14339, 15
14340, 15
14341, 33
14342, 54
14343, 39
14344, 56
14345, 23
14346, 23
14347, 32
14348, 24
14349, 15
14350, 15
14351, 56
14352, 40
14353, 23
14354, 8
14355, 8
14356, 8
14357, 30
14358, 23
14359, 23
14360, 31
14361, 8
14362, 16
14363, 15
14364, 23
14365, 23
14366, 32
14367, 16
14368, 15
14369, 15
14370, 40
14372, 16
14373, 15
14375, 16
14376, 15
14377, 15
14378, 7
14379, 15
14380, 7
14382, 32
14383, 31
14384, 7
14385, 16
14386, 16
14388, 8
14389, 8
14390, 33
14391, 15
14392, 40
14393, 15
14394, 7
14395, 15
14396, 24
14397, 23
14398, 31
14399, 23
14400, 33
14401, 31
14402, 15
14403, 24
14404, 24
14405, 16
14406, 15
14407, 41
14408, 23
14409, 15
14410, 46
14411, 24
14412, 30
14413, 23
14414, 32
14415, 54
14416, 22
14417, 23
14418, 32
14419, 23
14420, 24
14421, 49
14422, 71
14423, 40
14424, 39
14425, 7
14426, 23
14427, 64
14428, 23
14429, 57
14430, 39
14431, 7
14432, 31
14433, 32
14434, 32
14435, 7
14436, 40
14437, 48
14438, 33
14439, 15
14441, 24
14442, 32
14443, 8
14444, 40
14446, 24
14447, 15
14448, 15
14449, 15
14450, 40
14451, 16
14452, 7
14453, 31
14454, 24
14455, 15
14456, 23
14458, 23
14460, 7
14461, 32
14462, 16
14464, 24
14466, 15
14467, 16
14468, 31
14469, 15
14471, 24
14472, 8
14473, 8
14475, 15
14476, 32
14477, 24
14478, 24
14479, 15
14480, 32
14482, 16
14483, 47
14484, 32
14485, 24
14486, 23
14487, 23
14488, 7
14489, 39
14490, 8
14491, 32
14492, 16
14493, 40
14494, 24
14495, 25
14496, 31
14497, 31
14498, 31
14499, 24
14500, 66
14501, 30
14502, 16
14503, 32
14504, 32
14505, 7
14506, 32
14507, 57
14508, 62
14509, 47
14510, 23
14511, 16
14512, 48
14513, 48
14514, 24
14515, 54
14516, 23
14517, 24
14518, 7
14519, 47
14520, 23
14521, 24
14522, 32
14523, 31
14524, 39
14525, 7
14527, 32
14528, 24
14529, 24
14530, 23
14531, 25
14532, 7
14533, 7
14534, 23
14535, 40
14536, 16
14537, 16
14538, 23
14539, 24
14540, 16
14541, 16
14542, 15
14543, 24
14545, 7
14546, 16
14547, 32
14549, 16
14550, 8
14552, 32
14553, 16
14554, 23
14555, 7
14557, 31
14560, 15
14561, 40
14562, 15
14563, 16
14564, 31
14565, 8
14566, 23
14567, 8
14568, 32
14569, 32
14570, 22
14571, 38
14572, 23
14573, 15
14574, 24
14575, 24
14576, 16
14577, 23
14578, 40
14579, 23
14580, 24
14581, 16
14582, 39
14583, 49
14584, 16
14585, 24
14586, 63
14587, 23
14588, 24
14589, 41
14590, 15
14591, 8
14592, 56
14593, 72
14594, 39
14595, 40
14596, 16
14597, 16
14598, 64
14599, 40
14600, 49
14601, 30
14602, 7
14603, 31
14604, 32
14605, 32
14606, 25
14607, 16
14608, 56
14609, 39
14610, 8
14612, 8
14613, 31
14614, 31
14615, 24
14616, 24
14617, 8
14618, 16
14619, 16
14620, 7
14621, 39
14622, 23
14623, 24
14624, 23
14625, 15
14626, 32
14627, 7
14628, 16
14629, 7
14630, 7
14631, 8
14632, 23
14633, 8
14634, 7
14635, 23
14637, 16
14638, 16
14639, 31
14640, 15
14641, 8
14642, 16
14643, 8
14644, 8
14646, 24
14647, 31
14648, 16
14649, 31
14650, 15
14651, 16
14652, 8
14653, 15
14654, 47
14655, 31
14656, 32
14657, 15
14658, 16
14659, 15
14660, 31
14661, 16
14662, 31
14663, 24
14664, 39
14665, 7
14666, 31
14667, 31
14668, 32
14669, 31
14670, 15
14671, 97
14672, 7
14673, 8
14674, 32
14675, 48
14676, 8
14677, 40
14678, 57
14679, 72
14680, 33
14681, 15
14682, 8
14683, 31
14684, 70
14685, 33
14686, 56
14687, 15
14688, 16
14689, 39
14690, 15
14691, 32
14692, 16
14693, 40
14694, 46
14695, 31
14697, 8
14698, 32
14699, 23
14700, 24
14701, 16
14702, 8
14703, 23
14704, 15
14705, 16
14706, 31
14707, 23
14708, 24
14709, 7
14710, 31
14711, 15
14712, 23
14713, 7
14714, 16
14715, 7
14716, 7
14717, 24
14718, 16
14719, 7
14720, 15
14721, 8
14723, 32
14724, 16
14725, 32
14727, 16
14728, 16
14730, 8
14731, 7
14732, 32
14733, 23
14734, 23
14735, 32
14736, 8
14737, 7
14738, 15
14739, 41
14740, 32
14741, 23
14742, 40
14743, 16
14744, 24
14745, 25
14746, 16
14747, 16
14748, 15
14749, 41
14750, 31
14751, 7
14752, 38
14753, 32
14754, 49
14755, 16
14756, 49
14757, 49
14758, 7
14759, 23
14760, 31
14761, 31
14762, 8
14763, 72
14764, 55
14765, 47
14766, 31
14767, 8
14768, 24
14769, 71
14770, 24
14771, 48
14772, 46
14773, 16
14774, 15
14775, 40
14776, 15
14777, 32
14778, 16
14779, 54
14780, 40
14781, 7
14783, 16
14784, 23
14785, 40
14786, 15
14787, 24
14788, 15
14789, 15
14790, 16
14792, 47
14793, 16
14794, 32
14795, 7
14796, 24
14797, 24
14798, 15
14799, 8
14800, 15
14801, 8
14802, 8
14803, 15
14804, 23
14805, 16
14806, 8
14808, 24
14809, 15
14810, 15
14811, 23
14813, 23
14814, 7
14816, 7
14817, 24
14818, 31
14819, 24
14820, 33
14821, 8
14822, 7
14823, 15
14824, 33
14825, 40
14826, 23
14827, 16
14828, 30
14829, 16
14830, 15
14831, 39
14832, 16
14833, 15
14834, 24
14835, 48
14836, 7
14837, 23
14838, 47
14839, 32
14840, 24
14841, 32
14842, 48
14843, 39
14844, 15
14845, 31
14846, 31
14847, 16
14848, 41
14849, 72
14850, 24
14851, 55
14852, 32
14853, 8
14854, 81
14855, 16
14856, 48
14857, 49
14858, 8
14859, 32
14860, 25
14861, 23
14862, 24
14863, 24
14864, 48
14865, 49
14866, 7
14867, 7
14869, 32
14870, 15
14871, 40
14872, 15
14873, 24
14874, 16
14875, 16
14876, 16
14877, 23
14878, 23
14879, 15
14880, 23
14881, 31
14882, 16
14883, 24
14885, 16
14886, 15
14888, 24
14889, 24
14891, 15
14892, 8
14894, 32
14895, 24
14896, 23
14898, 24
14900, 7
14901, 7
14902, 7
14903, 39
14904, 15
14905, 24
14906, 23
14907, 7
14908, 23
14910, 55
14911, 40
14912, 8
14913, 40
14914, 16
14915, 15
14916, 7
14917, 31
14918, 31
14919, 8
14920, 31
14921, 48
14923, 47
14924, 41
14925, 32
14926, 25
14927, 33
14928, 55
14929, 15
14930, 24
14931, 40
14932, 15
14933, 32
14934, 49
14935, 72
14936, 31
14937, 31
14938, 16
14939, 33
14940, 64
14941, 24
14942, 41
14943, 38
14944, 15
14945, 23
14946, 47
14948, 40
14949, 15
14950, 55
14951, 39
14952, 7
14954, 16
14955, 32
14956, 23
14957, 32
14958, 16
14959, 7
14960, 15
14961, 24
14963, 55
14965, 31
14966, 16
14967, 32
14968, 16
14969, 15
14970, 25
14972, 8
14973, 16
14974, 16
14975, 15
14976, 8
14977, 15
14979, 15
14980, 24
14981, 24
14982, 15
14984, 22
14985, 8
14986, 7
14988, 23
14989, 31
14990, 24
14991, 24
14992, 15
14993, 16
14994, 7
14995, 32
14996, 40
14997, 23
14998, 48
15000, 24
15001, 16
15002, 24
15003, 15
15004, 31
15005, 32
15006, 24
15007, 31
15008, 32
15009, 32
15010, 32
15011, 16
15012, 32
15013, 41
15014, 46
15015, 16
15016, 23
15017, 48
15018, 8
15019, 41
15020, 55
15021, 62
15022, 32
15023, 23
15024, 16
15025, 64
15026, 23
15027, 40
15028, 62
15029, 8
15030, 32
15031, 32
15032, 16
15033, 32
15034, 16
15035, 49
15036, 16
15037, 39
15038, 7
15039, 8
15040, 32
15041, 24
15042, 32
15043, 8
15044, 24
15045, 7
15046, 15
15047, 15
15048, 49
15049, 8
15050, 23
15051, 24
15052, 24
15053, 16
15054, 24
15056, 15
15057, 7
15058, 7
15059, 15
15060, 16
15061, 15
15062, 15
15063, 8
15064, 8
15065, 16
15066, 31
15067, 23
15069, 16
15070, 15
15072, 7
15073, 8
15074, 40
15075, 23
15076, 24
15077, 15
15078, 16
15079, 15
15080, 8
15081, 47
15082, 32
15083, 32
15084, 24
15085, 24
15086, 8
15087, 15
15088, 22
15089, 16
15090, 38
15091, 32
15092, 23
15093, 15
15094, 39
15095, 40
15096, 24
15097, 15
15098, 48
15099, 47
15100, 15
15101, 31
15102, 39
15103, 15
15104, 32
15105, 40
15106, 80
15107, 32
15108, 39
15109, 8
15110, 32
15111, 47
15112, 39
15113, 63
15114, 24
15115, 16
15116, 14
15117, 40
15118, 23
15119, 24
15120, 24
15121, 47
15122, 39
15123, 7
15125, 16
15126, 31
15127, 15
15128, 30
15129, 16
15130, 24
15131, 15
15132, 8
15133, 40
15134, 16
15135, 24
15136, 24
15137, 15
15138, 24
15139, 16
15140, 14
15141, 16
15142, 8
15143, 7
15145, 31
15146, 15
15147, 16
15148, 8
15149, 8
15151, 32
15152, 15
15153, 23
15154, 8
15155, 16
15156, 8
15158, 7
15159, 24
15160, 31
15161, 15
15162, 23
15163, 23
15164, 15
15165, 8
15166, 31
15167, 40
15168, 24
15169, 39
15170, 7
15171, 15
15172, 31
15173, 16
15174, 32
15175, 16
15176, 24
15177, 23
15178, 31
15179, 24
15180, 40
15181, 32
15182, 32
15183, 24
15184, 57
15185, 30
15186, 24
15187, 15
15188, 38
15189, 24
15190, 24
15191, 79
15192, 47
15193, 39
15194, 15
15195, 15
15196, 63
15197, 40
15198, 49
15199, 39
15200, 7
15201, 23
15202, 41
15203, 15
15204, 24
15205, 40
15206, 40
15207, 32
15208, 23
15210, 8
15211, 24
15212, 31
15213, 24
15214, 15
15215, 15
15216, 15
15217, 24
15218, 16
15219, 32
15220, 15
15221, 16
15222, 40
15223, 15
15224, 16
15225, 24
15226, 8
15227, 16
15229, 16
15230, 8
15231, 31
15232, 8
15233, 15
15235, 16
15236, 16
15237, 24
15238, 23
15240, 24
15241, 8
15242, 8
15244, 7
15245, 47
15246, 16
15247, 24
15248, 15
15249, 16
15250, 15
15251, 16
15252, 39
15253, 31
15254, 7
15255, 47
15256, 15
15257, 15
15258, 23
15259, 23
15260, 16
15261, 31
15262, 32
15263, 31
15264, 16
15265, 48
15266, 23
15267, 32
15268, 24
15269, 32
15270, 55
15271, 15
15272, 24
15273, 39
15274, 16
15275, 24
15276, 64
15277, 63
15278, 23
15279, 39
15280, 15
15281, 48
15282, 56
15283, 16
15284, 47
15285, 39
15286, 16
15287, 23
15288, 41
15289, 16
15290, 15
15291, 48
15292, 47
15293, 15
15294, 15
15296, 24
15297, 39
15298, 7
15299, 31
15300, 8
15301, 16
15302, 23
15303, 16
15304, 25
15305, 31
15307, 23
15308, 31
15309, 23
15310, 16
15311, 15
15312, 24
15313, 8
15315, 16
15316, 24
15317, 7
15318, 8
15319, 15
15320, 8
15321, 16
15322, 24
15323, 24
15324, 8
15326, 24
15327, 7
15328, 7
15329, 8
15330, 25
15331, 15
15332, 31
15333, 31
15334, 8
15335, 16
15336, 16
15337, 31
15338, 32
15339, 22
15340, 33
15341, 31
15342, 8
15343, 24
15344, 24
15345, 15
15346, 31
15347, 33
15348, 24
15349, 24
15350, 33
15351, 32
15352, 15
15353, 32
15354, 23
15355, 88
15356, 16
15357, 8
15358, 40
15359, 15
15360, 15
15361, 48
15362, 64
15363, 56
15364, 31
15365, 23
15366, 16
15367, 72
15368, 31
15369, 41
15370, 56
15371, 8
15372, 16
15373, 33
15374, 31
15375, 15
15376, 32
15377, 32
15378, 39
15379, 31
15381, 8
15382, 32
15383, 15
15384, 31
15385, 24
15386, 8
15387, 15
15388, 24
15389, 16
15390, 48
15391, 8
15392, 16
15393, 24
15394, 24
15395, 15
15396, 23
15398, 23
15399, 8
15400, 8
15401, 16
15402, 8
15403, 23
15404, 8
15405, 7
15407, 40
15408, 24
15409, 16
15411, 24
15412, 8
15413, 8
15415, 16
15416, 40
15417, 8
15418, 32
15419, 15
15420, 15
15421, 7
15422, 24
15423, 32
15424, 23
15425, 39
15426, 31
15427, 16
15428, 23
15429, 24
15430, 16
15431, 23
15432, 23
15433, 32
15434, 40
15435, 25
15436, 15
15437, 32
15438, 32
15439, 32
15440, 32
15441, 62
15442, 8
15443, 40
15444, 23
15445, 16
15446, 31
15447, 56
15448, 64
15449, 31
15450, 31
15451, 8
15452, 40
15453, 62
15454, 33
15455, 48
15456, 30
15457, 16
15458, 15
15459, 39
15460, 24
15461, 32
15462, 42
15463, 24
15464, 47
15467, 41
15468, 16
15469, 16
15470, 31
15471, 16
15472, 15
15473, 8
15474, 24
15475, 15
15476, 30
15477, 15
15478, 31
15479, 23
15480, 16
15481, 24
15482, 7
15483, 16
15484, 8
15485, 7
15486, 16
15487, 16
15488, 15
15489, 8
15490, 16
15491, 8
15492, 16
15493, 32
15494, 25
15496, 8
15497, 16
15498, 7
15499, 7
15500, 7
15501, 24
15502, 24
15503, 15
15504, 39
15505, 15
15506, 15
15508, 47
15509, 16
15510, 31
15511, 48
15512, 16
15513, 8
15514, 23
15515, 23
15516, 7
15517, 39
15518, 16
15519, 31
15520, 31
15521, 33
15522, 41
15523, 15
15524, 31
15525, 23
15526, 80
15527, 7
15528, 16
15529, 31
15530, 38
15531, 8
15532, 47
15533, 73
15534, 56
15535, 16
15536, 23
15537, 16
15538, 80
15539, 41
15540, 41
15541, 40
15543, 32
15544, 40
15545, 8
15546, 23
15547, 15
15548, 64
15549, 32
15550, 23
15552, 8
15553, 40
15554, 16
15555, 32
15556, 7
15557, 15
15558, 23
15559, 7
15560, 15
15561, 23
15562, 30
15563, 16
15564, 39
15565, 16
15566, 7
15567, 31
15569, 23
15570, 8
15571, 8
15572, 7
15573, 32
15574, 8
15575, 8
15576, 7
15577, 8
15578, 23
15579, 23
15580, 24
15582, 15
15583, 15
15585, 8
15586, 15
15587, 23
15588, 32
15589, 16
15590, 31
15591, 16
15592, 8
15593, 8
15594, 47
15595, 39
15596, 16
15597, 40
15599, 23
15600, 32
15601, 15
15602, 32
15603, 16
15604, 33
15605, 32
15606, 24
15607, 39
15608, 32
15609, 24
15610, 32
15611, 16
15612, 70
15613, 8
15614, 40
15615, 24
15616, 15
15617, 32
15618, 65
15619, 62
15620, 31
15621, 31
15622, 8
15623, 66
15624, 22
15625, 31
15626, 53
15627, 30
15628, 16
15629, 31
15630, 24
15631, 31
15632, 15
15633, 32
15634, 46
15635, 23
15636, 15
15638, 40
15639, 16
15640, 23
15641, 16
15642, 15
15643, 15
15644, 15
15645, 23
15646, 24
15647, 23
15648, 32
15649, 8
15650, 32
15651, 16
15652, 32
15654, 24
15656, 7
15657, 24
15658, 8
15659, 15
15660, 16
15661, 8
15662, 8
15663, 8
15664, 24
15665, 39
15667, 7
15668, 23
15670, 8
15671, 7
15672, 16
15673, 40
15674, 16
15675, 32
15676, 16
15677, 16
15678, 8
15679, 32
15680, 48
15681, 7
15682, 48
15683, 7
15684, 15
15685, 24
15686, 24
15687, 23
15688, 23
15689, 7
15690, 47
15691, 16
15692, 41
15693, 31
15694, 32
15695, 24
15696, 40
15697, 57
15698, 23
15699, 8
15700, 48
15701, 16
15702, 7
15703, 47
15704, 89
15705, 24
15706, 47
15707, 23
15708, 25
15709, 57
15710, 40
15711, 49
15712, 38
15713, 8
15714, 23
15715, 32
15716, 16
15717, 32
15718, 16
15719, 56
15720, 23
15721, 31
15723, 16
15724, 33
15725, 15
15726, 32
15727, 16
15728, 24
15729, 8
15730, 16
15731, 24
15732, 32
15733, 7
15734, 24
15735, 23
15736, 23
15737, 25
15738, 16
15740, 23
15741, 8
15742, 8
15743, 16
15744, 24
15746, 23
15748, 16
15749, 16
15750, 32
15751, 16
15753, 24
15754, 8
15756, 7
15757, 16
15758, 39
15759, 24
15760, 33
15761, 8
15762, 8
15763, 15
15764, 7
15765, 47
15766, 31
15767, 15
15768, 39
15769, 24
15770, 8
15771, 24
15772, 15
15773, 38
15774, 8
15775, 48
15776, 16
15777, 40
15778, 41
15779, 15
15780, 31
15781, 33
15782, 49
15783, 39
15784, 7
15785, 32
15786, 39
15787, 8
15788, 23
15789, 80
15790, 64
15791, 24
15792, 23
15793, 7
15794, 72
15795, 39
15796, 31
15797, 63
15798, 7
15799, 16
15800, 48
15801, 16
15802, 24
15803, 24
15804, 41
15805, 31
15806, 31
15807, 7
15808, 8
15809, 16
15810, 31
15811, 24
15812, 23
15813, 8
15814, 31
15816, 23
15817, 41
15818, 7
15819, 31
15820, 8
15821, 39
15822, 16
15824, 22
15825, 8
15826, 15
15827, 8
15828, 16
15829, 16
15830, 15
15831, 16
15832, 8
15833, 8
15834, 7
15835, 39
15836, 16
15837, 7
15838, 16
15839, 7
15840, 7
15841, 8
15842, 8
15843, 40
15844, 16
15845, 24
15846, 23
15847, 16
15848, 16
15850, 48
15851, 40
15852, 8
15853, 47
15854, 15
15855, 8
15856, 23
15857, 32
15858, 16
15859, 15
15860, 40
15861, 16
15862, 31
15863, 24
15864, 38
15865, 41
15866, 7
15867, 48
15868, 56
15869, 23
15870, 7
15871, 48
15872, 23
15873, 8
15874, 64
15875, 56
15876, 47
15877, 31
15878, 24
15879, 16
15880, 72
15881, 23
15882, 40
15883, 46
15884, 7
15885, 39
15886, 16
15887, 22
15888, 31
15889, 24
15890, 47
15891, 40
15892, 16
15894, 8
15895, 40
15896, 15
15897, 31
15898, 15
15899, 24
15900, 8
15901, 16
15902, 24
15903, 41
15904, 8
15905, 24
15906, 24
15907, 16
15908, 16
15909, 23
15910, 8
15911, 15
15912, 8
15913, 16
15914, 16
15915, 16
15916, 16
15918, 7
15919, 16
15920, 16
15921, 31
15922, 15
15924, 24
15925, 8
15926, 8
15928, 32
15929, 24
15930, 16
15931, 32
15932, 16
15933, 16
15934, 7
15935, 32
15936, 40
15937, 24
15938, 24
15939, 15
15940, 30
15941, 16
15942, 23
15943, 23
15944, 24
15945, 8
15946, 47
15947, 32
15948, 33
15949, 7
15950, 39
15951, 23
15952, 32
15953, 49
15954, 46
15955, 16
15956, 40
15957, 25
15958, 7
15959, 15
15960, 79
15961, 63
15962, 56
15963, 8
15964, 16
15965, 49
15966, 39
15967, 57
15968, 48
15970, 31
15971, 16
15972, 32
15973, 24
15974, 32
15975, 33
15976, 39
15977, 39
15979, 8
15980, 24
15981, 23
15982, 32
15983, 16
15984, 24
15985, 16
15986, 16
15987, 8
15988, 40
15989, 15
15990, 16
15991, 23
15992, 23
15993, 7
15994, 39
15996, 24
15997, 8
15999, 16
16000, 15
16001, 23
16002, 7
16003, 8
16005, 15
16006, 30
16007, 32
16009, 8
16010, 23
16012, 8
16013, 8
16014, 16
16015, 38
16016, 24
16017, 22
16018, 7
16019, 15
16020, 24
16021, 25
16022, 32
16023, 48
16024, 24
16025, 8
16026, 23
16027, 15
16028, 15
16029, 48
16030, 8
16031, 40
16032, 23
16033, 15
16034, 33
16035, 47
16036, 24
16037, 7
16038, 47
16039, 55
16040, 23
16041, 15
16042, 48
16043, 16
16044, 16
16045, 40
16046, 55
16047, 62
16048, 48
16050, 16
16051, 71
16052, 40
16053, 39
16054, 47
16055, 8
16056, 32
16057, 33
16058, 23
16059, 16
16060, 23
16061, 46
16062, 48
16063, 8
16065, 16
16066, 32
16067, 23
16068, 16
16069, 23
16070, 16
16071, 15
16072, 15
16073, 7
16074, 55
16076, 40
16077, 7
16078, 23
16079, 24
16080, 15
16081, 16
16082, 7
16083, 8
16084, 16
16085, 16
16086, 8
16087, 7
16088, 15
16089, 15
16091, 32
16092, 24
16093, 15
16095, 24
16096, 7
16098, 16
16099, 16
16100, 32
16101, 8
16102, 48
16104, 7
16105, 23
16106, 32
16107, 23
16108, 38
16109, 32
16110, 23
16111, 15
16112, 16
16113, 24
16114, 23
16115, 24
16116, 24
16117, 39
16118, 16
16119, 24
16120, 39
16121, 32
16122, 23
16123, 31
16124, 73
16125, 15
16126, 16
16127, 32
16128, 32
16129, 7
16130, 40
16131, 73
16132, 40
16133, 39
16134, 23
16135, 15
16136, 74
16137, 23
16138, 40
16139, 64
16140, 7
16141, 24
16142, 16
16143, 31
16144, 23
16145, 31
16146, 32
16147, 47
16148, 31
16151, 23
16152, 23
16153, 31
16154, 23
16155, 16
16156, 24
16157, 8
16158, 16
16159, 39
16160, 7
16161, 31
16162, 24
16163, 24
16164, 7
16165, 23
16166, 7
16167, 8
16168, 14
16169, 7
16170, 23
16171, 8
16172, 15
16173, 7
16174, 15
16176, 15
16177, 32
16178, 31
16180, 8
16181, 23
16183, 8
16184, 16
16185, 24
16186, 23
16187, 24
16188, 31
16190, 15
16191, 15
16192, 32
16193, 48
16194, 16
16195, 30
16196, 23
16197, 15
16198, 16
16199, 32
16200, 7
16201, 31
16202, 41
16203, 16
16204, 15
16205, 48
16206, 31
16207, 40
16208, 16
16209, 15
16210, 79
16211, 15
16212, 16
16213, 32
16214, 30
16215, 16
16216, 47
16217, 88
16218, 32
16219, 31
16220, 16
16221, 33
16222, 48
16223, 39
16224, 58
16225, 31
16226, 16
16227, 24
16228, 7
16229, 38
16230, 23
16231, 24
16232, 47
16233, 48
16234, 7
16236, 7
16237, 39
16238, 24
16239, 24
16240, 16
16241, 24
16242, 7
16243, 15
16244, 16
16245, 39
16246, 16
16247, 24
16248, 15
16249, 32
16250, 8
16251, 23
16252, 8
16253, 15
16254, 8
16255, 8
16256, 15
16257, 24
16258, 7
16259, 16
16261, 16
16262, 32
16263, 16
16264, 15
16266, 24
16267, 8
16269, 7
16270, 24
16271, 23
16272, 24
16273, 39
16274, 8
16275, 16
16276, 8
16277, 40
16278, 23
16279, 30
16280, 24
16281, 31
16282, 16
16283, 25
16284, 15
16285, 24
16286, 23
16287, 24
16288, 48
16289, 7
16290, 16
16291, 55
16292, 24
16293, 32
16294, 24
16295, 39
16296, 45
16297, 16
16298, 24
16299, 31
16300, 15
16301, 40
16302, 63
16303, 55
16304, 39
16305, 15
16306, 15
16307, 65
16308, 47
16309, 32
16310, 39
16311, 22
16312, 32
16313, 32
16314, 16
16315, 16
16316, 31
16317, 49
16318, 15
16319, 47
16321, 8
16322, 24
16323, 24
16324, 32
16325, 15
16326, 15
16327, 24
16328, 7
16329, 15
16330, 40
16331, 24
16332, 7
16333, 31
16334, 15
16335, 23
16336, 24
16338, 16
16339, 15
16341, 15
16342, 31
16344, 7
16345, 14
16347, 41
16348, 16
16349, 16
16350, 7
16351, 7
16352, 23
16354, 7
16355, 8
16356, 49
16357, 16
16358, 16
16359, 23
16360, 16
16361, 15
16362, 8
16363, 40
16364, 23
16365, 39
16366, 24
16367, 23
16368, 15
16369, 32
16370, 16
16371, 8
16372, 22
16373, 24
16374, 30
16375, 30
16376, 40
16377, 48
16378, 24
16379, 25
16380, 49
16381, 46
16382, 8
16383, 8
16384, 47
16385, 24
16386, 32
16387, 33
16388, 71
16389, 56
16390, 31
16391, 8
16392, 33
16393, 63
16394, 16
16395, 63
16396, 31
16398, 23
16399, 48
16400, 7
16401, 39
16402, 24
16403, 48
16404, 32
16405, 15
16407, 16
16408, 22
16409, 30
16410, 31
16411, 16
16412, 16
16413, 15
16414, 16
16416, 46
16417, 16
16418, 15
16419, 31
16420, 23
16421, 16
16422, 15
16424, 23
16425, 7
16426, 16
16427, 16
16428, 15
16429, 7
16430, 7
16431, 7
16432, 15
16433, 32
16434, 16
16435, 15
16437, 15
16438, 15
16440, 7
16441, 15
16442, 48
16443, 8
16444, 39
16445, 8
16446, 16
16447, 7
16448, 40
16449, 23
16450, 31
16451, 40
16452, 8
16453, 32
16454, 8
16455, 16
16456, 31
16457, 23
16458, 24
16459, 32
16460, 31
16461, 32
16462, 8
16463, 39
16464, 31
16465, 24
16466, 80
16467, 15
16468, 16
16469, 24
16470, 39
16471, 7
16472, 39
16473, 64
16474, 54
16475, 40
16476, 23
16477, 16
16478, 57
16479, 39
16480, 48
16481, 56
16482, 8
16483, 23
16484, 42
16485, 7
16486, 31
16487, 15
16488, 48
16489, 32
16490, 31
16492, 8
16493, 32
16494, 24
16495, 16
16496, 23
16497, 24
16498, 15
16499, 15
16500, 15
16501, 23
16502, 23
16503, 24
16504, 24
16505, 8
16506, 22
16507, 32
16509, 16
16510, 16
16512, 23
16513, 16
16514, 15
16515, 8
16516, 7
16518, 32
16519, 16
16520, 31
16522, 8
16523, 15
16524, 15
16526, 8
16527, 32
16528, 23
16529, 15
16530, 30
16531, 15
16532, 16
16533, 16
16534, 40
16535, 39
16536, 16
16537, 32
16538, 24
16539, 16
16540, 16
16541, 15
16542, 24
16543, 23
16544, 31
16545, 40
16546, 16
16547, 32
16548, 32
16549, 31
16550, 32
16551, 32
16552, 48
16553, 23
16554, 23
16555, 48
16556, 8
16557, 16
16558, 57
16559, 54
16560, 54
16561, 40
16563, 49
16564, 55
16565, 32
16566, 41
16567, 38
16568, 16
16569, 23
16570, 39
16571, 16
16572, 15
16573, 32
16574, 46
16575, 48
16578, 24
16579, 24
16580, 15
16581, 31
16582, 7
16583, 23
16584, 15
16585, 23
16586, 24
16587, 31
16588, 16
16589, 16
16590, 24
16591, 15
16592, 40
16594, 16
16595, 7
16596, 7
16597, 7
16598, 24
16599, 16
16600, 16
16602, 7
16603, 24
16604, 7
16605, 40
16606, 7
16607, 8
16608, 8
16609, 15
16610, 7
16611, 8
16612, 33
16613, 7
16614, 23
16615, 32
16616, 15
16617, 15
16618, 8
16619, 32
16620, 38
16621, 23
16622, 23
16623, 23
16624, 23
16625, 31
16626, 16
16627, 15
16628, 15
16629, 31
16630, 39
16631, 15
16632, 41
16633, 32
16634, 33
16635, 24
16636, 23
16637, 56
16638, 30
16639, 15
16640, 48
16641, 23
16642, 16
16643, 24
16644, 55
16645, 78
16646, 32
16647, 16
16648, 24
16649, 65
16650, 15
16651, 56
16652, 47
16653, 7
16654, 24
16655, 32
16656, 40
16658, 31
16659, 40
16660, 48
16661, 24
16663, 16
16664, 32
16665, 25
16666, 8
16667, 23
16668, 24
16669, 15
16670, 7
16671, 24
16672, 40
16673, 8
16674, 15
16675, 31
16676, 16
16677, 32
16678, 15
16680, 24
16681, 8
16683, 7
16684, 31
16685, 15
16686, 16
16688, 16
16689, 24
16690, 24
16691, 8
16692, 7
16693, 24
16694, 8
16696, 7
16697, 7
16698, 49
16699, 7
16700, 32
16701, 23
16702, 7
16703, 15
16704, 41
16705, 16
16706, 40
16708, 46
16709, 16
16710, 24
16711, 24
16712, 16
16713, 32
16714, 16
16715, 40
16716, 24
16717, 16
16718, 32
16719, 39
16720, 32
16721, 16
16722, 56
16723, 48
16724, 16
16725, 8
16726, 57
16727, 7
16728, 25
16729, 55
16730, 64
16731, 48
16732, 23
16733, 16
16734, 58
16735, 32
16736, 40
16737, 56
16738, 24
16739, 25
16740, 16
16741, 31
16742, 23
16743, 24
16744, 33
16745, 39
16746, 39
16747, 8
16749, 32
16750, 33
16751, 24
16752, 8
16753, 24
16754, 24
16755, 8
16756, 16
16757, 24
16758, 32
16759, 16
16760, 23
16761, 23
16762, 16
16763, 16
16764, 15
16765, 16
16766, 7
16767, 7
16768, 16
16769, 24
16770, 8
16771, 15
16772, 8
16773, 8
16774, 8
16775, 32
16776, 31
16779, 23
16780, 7
16782, 7
16783, 24
16784, 31
16785, 33
16786, 24
16787, 8
16788, 23
16789, 8
16790, 32
16791, 48
16792, 8
16793, 32
16794, 23
16795, 16
16796, 16
16797, 32
16798, 24
16799, 16
16800, 41
16801, 31
16802, 16
16803, 32
16804, 32
16805, 40
16806, 7
16807, 32
16808, 89
16809, 8
16810, 16
16811, 41
16812, 24
16813, 16
16814, 32
16815, 80
16816, 39
16817, 32
16818, 24
16819, 7
16820, 89
16821, 16
16822, 48
16823, 46
16824, 8
16825, 32
16826, 25
16827, 23
16828, 32
16829, 25
16830, 31
16831, 55
16832, 16
16834, 8
16835, 32
16836, 24
16837, 24
16838, 15
16839, 33
16840, 8
16841, 15
16842, 7
16843, 56
16844, 8
16845, 16
16846, 24
16847, 15
16848, 15
16849, 31
16851, 24
16852, 8
16854, 7
16855, 39
16856, 8
16857, 8
16858, 7
16859, 16
16860, 16
16861, 40
16862, 7
16864, 16
16865, 15
16867, 8
16868, 7
16869, 39
16870, 15
16871, 32
16872, 15
16873, 16
16874, 16
16875, 33
16876, 24
16877, 24
16878, 39
16879, 32
16880, 7
16881, 16
16882, 24
16883, 23
16884, 24
16885, 7
16886, 56
16887, 16
16888, 24
16889, 31
16890, 40
16891, 24
16892, 32
16893, 49
16894, 47
16895, 16
16896, 24
16897, 41
16898, 7
16899, 33
16900, 48
16901, 81
16902, 41
16903, 24
16905, 48
16906, 47
16907, 64
16908, 24
16909, 30
16910, 33
16911, 16
16912, 41
16914, 39
16915, 33
16916, 40
16917, 32
16918, 7
16920, 16
16921, 48
16922, 8
16923, 31
16924, 16
16925, 15
16926, 7
16927, 15
16928, 40
16929, 24
16930, 8
16931, 40
16932, 8
16933, 23
16934, 16
16935, 15
16936, 16
16937, 7
16938, 7
16939, 7
16940, 32
16941, 8
16942, 16
16943, 8
16944, 8
16945, 8
16946, 32
16947, 23
16948, 7
16949, 25
16951, 7
16952, 7
16953, 8
16954, 24
16955, 32
16956, 15
16957, 24
16958, 15
16959, 25
16960, 16
16961, 40
16962, 24
16963, 24
16964, 23
16965, 23
16966, 23
16967, 25
16968, 24
16969, 25
16970, 16
16971, 16
16972, 48
16973, 16
16974, 24
16975, 32
16976, 38
16977, 32
16978, 25
16979, 72
16980, 7
16981, 24
16982, 23
16983, 39
16984, 16
16985, 57
16986, 65
16987, 40
16988, 31
16989, 23
16990, 16
16991, 72
16992, 33
16993, 57
16994, 32
16995, 8
16996, 23
16997, 32
16998, 15
16999, 23
17000, 23
17001, 56
17002, 41
17003, 15
17005, 8
17006, 40
17007, 24
17008, 24
17009, 24
17010, 16
17011, 7
17012, 7
17013, 23
17014, 39
17015, 16
17016, 24
17017, 16
17018, 23
17019, 24
17020, 15
17022, 23
17023, 8
17024, 8
17025, 7
17026, 24
17027, 15
17028, 8
17029, 7
17030, 8
17031, 33
17032, 16
17033, 23
17035, 15
17036, 15
17038, 8
17039, 15
17040, 41
17041, 24
17042, 16
17043, 23
17044, 8
17045, 16
17046, 41
17047, 24
17048, 23
17049, 32
17050, 23
17051, 15
17052, 24
17053, 16
17054, 31
17055, 16
17056, 15
17057, 48
17058, 32
17059, 42
17060, 8
17061, 32
17062, 32
17063, 32
17064, 49
17065, 40
17066, 16
17067, 40
17068, 33
17070, 49
17071, 40
17072, 71
17073, 39
17074, 24
17075, 8
17076, 66
17077, 40
17078, 49
17079, 32
17080, 23
17081, 24
17082, 16
17083, 38
17084, 7
17085, 23
17086, 48
17087, 47
17088, 32
17091, 32
17092, 23
17093, 32
17094, 15
17095, 7
17096, 23
17097, 16
17098, 15
17099, 49
17100, 8
17101, 24
17102, 16
17103, 15
17104, 24
17105, 24
17106, 7
17107, 24
17109, 8
17110, 16
17111, 24
17112, 16
17113, 7
17114, 7
17115, 8
17116, 16
17117, 25
17118, 24
17119, 7
17120, 8
17121, 15
17122, 7
17123, 8
17124, 7
17125, 32
17126, 24
17127, 25
17128, 23
17129, 16
17130, 8
17131, 7
17132, 39
17133, 32
17134, 23
17135, 40
17136, 23
17137, 16
17138, 24
17139, 15
17140, 24
17141, 23
17142, 32
17143, 32
17144, 8
17145, 39
17146, 40
17147, 32
17148, 7
17149, 31
17150, 73
17151, 23
17152, 16
17153, 33
17154, 31
17155, 16
17156, 66
17157, 40
17158, 55
17159, 40
17160, 8
17161, 33
17162, 65
17163, 31
17164, 40
17165, 46
17167, 32
17168, 32
17169, 31
17170, 8
17171, 24
17172, 56
17173, 49
17174, 8
17176, 25
17177, 23
17178, 15
17179, 31
17180, 16
17181, 16
17182, 24
17183, 16
17184, 16
17185, 40
17186, 8
17187, 33
17188, 16
17189, 16
17190, 24
17191, 16
17193, 23
17194, 8
17195, 8
17196, 15
17197, 15
17198, 15
17199, 16
17201, 8
17202, 32
17203, 15
17204, 22
17206, 24
17207, 8
17209, 7
17210, 15
17211, 40
17212, 24
17213, 24
17214, 7
17215, 15
17216, 15
17217, 24
17218, 39
17219, 24
17220, 40
17221, 15
17222, 23
17223, 15
17224, 23
17225, 24
17226, 24
17227, 24
17228, 23
17229, 24
17230, 31
17231, 31
17232, 33
17233, 31
17234, 24
17235, 41
17236, 53
17237, 8
17238, 41
17239, 16
17240, 31
17241, 23
17242, 63
17243, 71
17244, 24
17245, 23
17246, 15
17247, 82
17248, 24
17249, 33
17250, 48
17251, 15
17252, 15
17253, 47
17254, 24
17255, 32
17256, 7
17257, 40
17258, 56
17259, 16
17260, 7
17262, 32
17263, 32
17264, 16
17265, 23
17266, 15
17267, 23
17268, 16
17269, 8
17270, 40
17271, 15
17272, 8
17273, 23
17274, 40
17275, 8
17276, 24
17277, 7
17278, 16
17279, 7
17280, 8
17281, 24
17282, 16
17283, 7
17284, 16
17285, 8
17287, 24
17288, 33
17289, 16
17290, 7
17292, 22
17293, 7
17294, 8
17295, 16
17296, 33
17297, 15
17298, 16
17299, 31
17300, 8
17301, 24
17302, 8
17303, 41
17304, 32
17305, 15
17306, 31
17307, 32
17308, 15
17309, 16
17310, 31
17311, 33
17312, 8
17313, 41
17314, 7
17315, 23
17316, 48
17317, 24
17318, 40
17319, 16
17320, 40
17321, 56
17322, 15
17323, 24
17324, 33
17325, 23
17326, 24
17327, 47
17328, 72
17329, 40
17330, 49
17332, 15
17333, 80
17334, 23
17335, 56
17336, 30
17337, 7
17338, 32
17339, 33
17340, 32
17341, 16
17342, 16
17343, 46
17344, 39
17345, 23
17347, 16
17348, 32
17349, 24
17350, 16
17351, 23
17352, 15
17353, 15
17354, 7
17355, 15
17356, 56
17357, 16
17358, 25
17359, 25
17360, 16
17361, 16
17362, 15
17363, 8
17364, 15
17365, 8
17366, 16
17367, 8
17368, 24
17369, 16
17370, 8
17372, 25
17373, 16
17374, 24
17375, 15
17377, 24
17378, 7
17379, 8
17381, 24
17382, 32
17383, 15
17384, 41
17385, 7
17386, 8
17387, 15
17388, 32
17389, 32
17390, 32
17391, 32
17392, 24
17393, 8
17394, 23
17395, 32
17396, 16
17397, 24
17398, 16
17399, 48
17400, 7
17401, 48
17402, 16
17403, 48
17404, 24
17405, 16
17406, 74
17407, 23
17408, 16
17409, 24
17410, 40
17411, 16
17412, 25
17413, 81
17414, 47
17415, 40
17416, 23
17417, 8
17418, 73
17419, 32
17420, 15
17421, 80
17422, 7
17423, 32
17424, 24
17425, 24
17426, 24
17427, 24
17428, 57
17429, 40
17430, 16
17432, 8
17433, 24
17434, 31
17435, 32
17437, 32
17438, 16
17439, 8
17440, 16
17441, 32
17442, 23
17443, 24
17444, 25
17445, 7
17446, 32
17447, 23
17449, 24
17451, 16
17452, 8
17453, 24
17454, 16
17456, 15
17457, 8
17458, 25
17459, 24
17460, 16
17461, 7
17462, 16
17463, 16
17465, 7
17466, 8
17467, 24
17468, 31
17469, 41
17470, 7
17471, 16
17472, 16
17473, 24
17474, 33
17475, 23
17476, 24
17477, 31
17478, 24
17479, 16
17480, 16
17481, 32
17482, 16
17483, 15
17484, 41
17485, 32
17486, 24
17487, 41
17488, 7
17489, 39
17490, 24
17491, 40
17492, 64
17493, 7
17494, 24
17495, 40
17496, 23
17497, 24
17498, 47
17499, 72
17500, 49
17501, 24
17502, 8
17503, 23
17504, 47
17505, 47
17506, 56
17507, 31
17508, 16
17509, 23
17510, 41
17511, 15
17512, 24
17513, 32
17514, 48
17515, 40
17516, 7
17518, 8
17519, 40
17520, 24
17521, 31
17522, 8
17523, 16
17524, 15
17525, 24
17526, 8
17527, 48
17528, 8
17529, 33
17530, 16
17531, 15
17532, 24
17533, 16
17534, 8
17535, 15
17536, 7
17537, 16
17538, 24
17539, 7
17540, 8
17541, 15
17543, 16
17544, 24
17545, 23
17546, 15
17548, 24
17549, 7
17551, 16
17552, 8
17553, 39
17554, 25
17555, 33
17556, 8
17557, 25
17559, 24
17560, 65
17561, 8
17562, 24
17563, 24
17564, 33
17565, 16
17566, 16
17567, 24
17568, 24
17569, 15
17570, 32
17571, 31
17572, 33
17573, 40
17574, 33
17575, 16
17576, 24
17577, 80
17578, 16
17579, 8
17580, 40
17581, 31
17582, 7
17583, 31
17584, 63
17585, 63
17586, 40
17587, 23
17588, 7
17589, 41
17590, 64
17591, 48
17592, 48
17593, 8
17594, 25
17595, 24
17596, 49
17597, 8
17598, 24
17599, 40
17600, 47
17601, 24
17603, 8
17604, 15
17605, 31
17606, 24
17607, 23
17608, 16
17609, 15
17610, 24
17611, 7
17612, 32
17613, 23
17614, 16
17615, 23
17616, 24
17617, 23
17618, 15
17619, 7
17620, 16
17621, 7
17622, 7
17623, 24
17624, 16
17625, 7
17626, 7
17627, 15
17628, 8
17629, 23
17630, 24
17631, 23
17633, 8
17634, 15
17635, 15
17637, 7
17638, 33
17639, 31
17640, 25
17641, 15
17642, 16
17643, 8
17644, 32
17645, 40
17646, 24
17647, 24
17648, 24
17649, 15
17650, 24
17651, 24
17652, 15
17653, 40
17654, 8
17655, 23
17656, 23
17657, 23
17658, 46
17659, 32
17660, 15
17661, 23
17662, 47
17663, 64
17664, 15
17665, 16
17666, 31
17667, 31
17668, 16
17669, 73
17670, 56
17671, 40
17672, 31
17673, 15
17674, 25
17675, 63
17676, 32
17677, 64
17678, 23
17679, 16
17680, 15
17681, 49
17682, 8
17683, 23
17684, 40
17685, 31
17686, 40
17687, 15
17689, 16
17690, 32
17691, 23
17692, 23
17693, 16
17694, 16
17695, 15
17696, 15
17697, 23
17698, 39
17699, 8
17700, 24
17701, 23
17702, 24
17703, 16
17704, 16
17706, 23
17707, 8
17708, 8
17709, 24
17710, 15
17711, 8
17712, 16
17714, 16
17715, 15
17716, 31
17717, 15
17719, 24
17720, 8
17722, 7
17723, 32
17724, 24
17725, 16
17726, 40
17728, 32
17730, 32
17731, 40
17732, 24
17733, 32
17734, 23
17735, 8
17736, 23
17737, 32
17738, 8
17739, 30
17740, 24
17741, 31
17742, 23
17743, 41
17744, 16
17745, 48
17746, 16
17747, 32
17748, 65
17749, 23
17750, 16
17751, 40
17752, 24
17753, 24
17754, 24
17755, 48
17756, 70
17757, 40
17758, 23
17759, 7
17760, 56
17761, 47
17762, 48
17763, 47
17764, 7
17765, 24
17766, 16
17767, 39
17768, 24
17769, 23
17770, 40
17771, 56
17772, 15
17774, 8
17775, 32
17776, 23
17777, 24
17778, 15
17779, 16
17780, 16
17781, 16
17782, 24
17783, 40
17784, 8
17785, 24
17786, 24
17787, 25
17788, 7
17789, 32
17791, 25
17793, 15
17794, 16
17795, 16
17796, 7
17797, 15
17798, 7
17800, 32
17801, 23
17802, 25
17804, 25
17805, 8
17807, 8
17808, 15
17809, 32
17810, 16
17811, 31
17812, 16
17813, 16
17814, 16
17815, 24
17816, 41
17817, 24
17818, 15
17819, 39
17820, 16
17821, 16
17822, 24
17823, 15
17824, 32
17825, 24
17826, 16
17827, 39
17828, 16
17829, 48
17830, 33
17831, 25
17832, 23
17833, 40
17834, 56
17835, 16
17836, 24
17837, 32
17838, 23
17839, 32
17840, 48
17841, 72
17842, 31
17843, 31
17844, 15
17845, 33
17846, 63
17847, 24
17848, 64
17849, 15
17850, 32
17851, 7
17852, 32
17853, 31
17854, 24
17855, 16
17856, 55
17857, 40
17858, 7
17860, 23
17861, 15
17862, 39
17863, 16
17864, 15
17865, 23
17866, 7
17867, 24
17868, 24
17869, 23
17870, 16
17871, 31
17872, 15
17873, 23
17874, 16
17875, 15
17876, 16
17877, 7
17878, 7
17879, 8
17880, 23
17881, 16
17882, 16
17883, 8
17884, 8
17885, 8
17886, 23
17887, 23
17888, 15
17890, 24
17891, 7
17893, 7
17894, 16
17895, 40
17896, 24
17897, 24
17898, 15
17899, 25
17901, 39
17902, 32
17903, 24
17904, 33
17905, 23
17906, 7
17907, 24
17908, 24
17909, 24
17910, 23
17911, 24
17912, 40
17913, 15
17914, 23
17915, 47
17916, 41
17917, 7
17918, 32
17919, 65
17920, 23
17921, 7
17922, 48
17923, 23
17924, 16
17925, 39
17926, 65
17927, 63
17928, 33
17929, 16
17930, 15
17931, 48
17932, 47
17933, 56
17934, 40
17935, 8
17936, 24
17937, 41
17938, 15
17939, 16
17940, 31
17941, 31
17942, 47
17943, 31
17945, 8
17946, 33
17947, 24
17948, 32
17949, 7
17950, 24
17951, 7
17952, 15
17953, 15
17954, 32
17955, 22
17956, 23
17957, 24
17958, 23
17959, 16
17960, 24
17962, 24
17964, 7
17965, 7
17966, 30
17967, 7
17968, 7
17969, 15
17970, 8
17971, 8
17972, 39
17973, 23
17975, 25
17976, 8
17977, 8
17979, 7
17980, 48
17982, 40
17983, 15
17984, 15
17985, 16
17986, 8
17987, 47
17988, 32
17989, 24
17990, 32
17991, 15
17992, 24
17993, 16
17994, 15
17995, 30
17996, 15
17997, 33
17998, 32
17999, 7
18000, 46
18001, 23
18002, 40
18003, 15
18004, 48
18005, 64
18006, 7
18007, 24
18008, 40
18009, 16
18010, 24
18011, 48
18012, 79
18013, 23
18014, 39
18015, 15
18016, 49
18017, 49
18018, 32
18019, 57
18020, 15
18021, 24
18022, 15
18023, 48
18024, 16
18025, 23
18026, 24
18027, 55
18028, 40
18030, 8
18031, 16
18032, 31
18033, 24
18034, 24
18035, 7
18036, 32
18037, 8
18038, 8
18039, 24
18040, 30
18041, 15
18042, 23
18043, 32
18044, 15
18045, 16
18046, 15
18047, 8
18048, 15
18049, 8
18050, 7
18051, 15
18052, 23
18053, 8
18054, 16
18055, 8
18056, 8
18057, 16
18058, 47
18061, 32
18063, 8
18065, 24
18066, 30
18067, 16
18068, 32
18069, 15
18070, 24
18072, 40
18073, 24
18074, 30
18075, 32
18076, 23
18077, 15
18078, 24
18079, 16
18080, 23
18081, 31
18082, 8
18083, 46
18084, 15
18085, 40
18086, 24
18087, 49
18088, 7
18089, 32
18090, 64
18091, 31
18093, 40
18094, 31
18095, 7
18096, 48
18097, 72
18098, 48
18099, 31
18100, 23
18101, 7
18102, 63
18103, 31
18104, 63
18105, 38
18106, 8
18107, 32
18108, 41
18109, 8
18110, 15
18111, 40
18112, 49
18113, 32
18114, 23
18116, 8
18117, 31
18118, 23
18119, 32
18120, 16
18121, 24
18122, 7
18123, 7
18124, 23
18125, 32
18126, 23
18127, 15
18128, 33
18129, 16
18130, 16
18131, 23
18133, 24
18135, 7
18136, 23
18137, 16
18138, 15
18139, 7
18140, 8
18142, 31
18143, 24
18144, 24
18146, 16
18147, 15
18149, 7
18150, 7
18151, 47
18152, 8
18153, 31
18154, 15
18155, 23
18156, 8
18157, 16
18158, 31
18159, 39
18160, 24
18161, 31
18162, 16
18163, 15
18164, 32
18165, 24
18166, 24
18168, 55
18169, 24
18170, 16
18171, 31
18172, 23
18173, 39
18174, 23
18175, 48
18176, 55
18177, 7
18178, 24
18179, 40
18180, 15
18181, 16
18182, 72
18183, 56
18184, 39
18185, 31
18186, 16
18187, 33
18188, 63
18189, 15
18190, 72
18191, 24
18192, 16
18193, 24
18194, 32
18195, 22
18196, 16
18197, 32
18198, 55
18199, 23
18200, 15
18202, 23
18203, 32
18204, 15
18205, 24
18206, 24
18207, 16
18208, 7
18209, 15
18210, 40
18211, 23
18212, 24
18213, 16
18214, 15
18215, 23
18216, 32
18218, 16
18219, 16
18221, 16
18222, 15
18223, 15
18224, 7
18225, 16
18227, 16
18228, 15
18229, 31
18230, 15
18231, 8
18232, 23
18234, 8
18236, 32
18237, 15
18238, 23
18239, 39
18241, 23
18242, 15
18243, 33
18244, 31
18245, 23
18246, 40
18247, 16
18248, 15
18249, 32
18250, 16
18251, 24
18252, 16
18253, 16
18254, 47
18255, 16
18256, 40
18257, 40
18258, 23
18259, 24
18260, 24
18261, 63
18262, 23
18263, 24
18264, 32
18265, 24
18266, 15
18267, 40
18268, 71
18269, 39
18270, 48
18271, 15
18272, 16
18273, 79
18274, 16
18275, 64
18276, 39
18278, 32
18279, 48
18280, 16
18281, 8
18282, 24
18283, 47
18284, 31
18285, 31
18287, 16
18288, 24
18289, 24
18290, 16
18291, 23
18292, 32
18293, 8
18294, 24
18295, 8
18296, 40
18297, 8
18298, 24
18299, 23
18300, 23
18301, 16
18302, 23
18304, 23
18305, 8
18306, 8
18307, 8
18308, 24
18309, 15
18310, 8
18311, 7
18312, 16
18313, 7
18314, 40
18315, 15
18317, 16
18318, 16
18319, 8
18320, 8
18322, 48
18323, 7
18324, 15
18325, 31
18326, 24
18327, 8
18328, 24
18329, 32
18330, 31
18331, 32
18332, 23
18333, 15
18334, 16
18335, 23
18336, 23
18337, 23
18338, 23
18339, 24
18340, 31
18341, 40
18342, 23
18343, 31
18344, 31
18345, 33
18346, 42
18347, 38
18348, 15
18349, 23
18350, 48
18351, 7
18352, 8
18353, 62
18354, 79
18355, 40
18356, 31
18357, 16
18358, 49
18359, 48
18360, 24
18361, 57
18362, 23
18363, 24
18364, 16
18365, 39
18366, 16
18367, 32
18368, 23
18369, 47
18370, 32
18371, 8
18373, 24
18374, 32
18375, 23
18376, 16
18377, 7
18378, 23
18379, 24
18380, 15
18381, 24
18382, 32
18383, 16
18384, 24
18385, 23
18386, 16
18387, 23
18388, 7
18389, 7
18390, 15
18391, 8
18392, 8
18393, 24
18394, 15
18395, 15
18397, 7
18398, 23
18399, 24
18400, 32
18402, 8
18403, 16
18404, 7
18405, 7
18406, 8
18407, 32
18408, 23
18409, 7
18410, 39
18411, 7
18412, 24
18414, 56
18415, 32
18416, 8
18417, 41
18418, 15
18419, 16
18420, 32
18421, 16
18422, 23
18423, 24
18424, 16
18425, 39
18426, 23
18427, 16
18428, 38
18429, 49
18430, 16
18431, 40
18432, 64
18433, 16
18434, 15
18435, 24
18436, 31
18437, 24
18438, 40
18439, 71
18440, 55
18441, 31
18442, 8
18443, 32
18444, 47
18445, 39
18446, 32
18447, 63
18449, 24
18450, 49
18451, 16
18452, 23
18453, 8
18454, 63
18455, 7
18456, 46
18459, 39
18460, 31
18461, 16
18462, 15
18463, 24
18464, 15
18465, 24
18466, 16
18467, 31
18468, 16
18469, 24
18470, 16
18471, 31
18472, 16
18473, 15
18474, 8
18475, 16
18477, 15
18478, 16
18479, 23
18480, 8
18481, 7
18482, 7
18483, 16
18484, 16
18485, 23
18486, 23
18487, 8
18488, 8
18489, 7
18490, 15
18492, 8
18493, 49
18494, 16
18495, 33
18496, 7
18497, 16
18498, 16
18499, 24
18500, 24
18501, 40
18502, 23
18503, 40
18504, 8
18505, 24
18506, 23
18507, 15
18508, 32
18509, 16
18510, 32
18511, 24
18512, 40
18513, 24
18514, 40
18515, 24
18516, 15
18517, 72
18518, 32
18519, 8
18520, 32
18521, 23
18522, 23
18523, 32
18524, 56
18525, 87
18526, 24
18527, 24
18529, 56
18530, 39
18531, 56
18532, 57
18534, 31
18535, 7
18536, 57
18538, 32
18539, 40
18540, 31
18541, 47
18544, 32
18545, 24
18546, 15
18547, 22
18548, 23
18549, 16
18550, 7
18551, 23
18552, 24
18553, 22
18554, 24
18555, 32
18556, 16
18557, 15
18558, 15
18559, 14
18560, 8
18561, 15
18562, 7
18563, 24
18564, 15
18565, 7
18566, 15
18567, 8
18569, 16
18570, 24
18571, 31
18572, 7
18573, 16
18574, 7
18575, 8
18576, 8
18578, 48
18579, 16
18580, 7
18581, 38
18582, 16
18583, 16
18584, 8
18585, 40
18586, 32
18587, 15
18588, 49
18589, 8
18590, 15
18591, 24
18592, 23
18593, 32
18594, 7
18595, 32
18596, 24
18597, 31
18598, 32
18599, 31
18600, 40
18601, 24
18602, 15
18603, 80
18604, 7
18605, 15
18606, 32
18607, 39
18608, 16
18609, 31
18610, 70
18611, 56
18612, 32
18613, 24
18614, 25
18615, 49
18616, 47
18617, 31
18618, 47
18619, 7
18620, 31
18621, 24
18622, 40
18623, 16
18624, 31
18625, 40
18626, 31
18627, 23
18629, 8
18630, 31
18631, 23
18632, 31
18633, 24
18634, 16
18635, 8
18636, 24
18637, 8
18638, 39
18639, 7
18640, 32
18641, 15
18642, 23
18643, 15
18644, 23
18646, 23
18647, 7
18648, 16
18649, 8
18650, 24
18652, 15
18653, 7
18654, 15
18655, 16
18656, 32
18657, 16
18659, 8
18660, 22
18662, 7
18663, 7
18664, 39
18665, 15
18666, 40
18667, 15
18669, 23
18670, 33
18671, 32
18672, 32
18673, 33
18674, 24
18675, 7
18676, 23
18677, 24
18678, 23
18679, 16
18680, 31
18681, 32
18682, 23
18683, 32
18684, 32
18685, 24
18686, 31
18687, 15
18688, 71
18689, 31
18690, 8
18691, 24
18692, 55
18694, 32
18695, 72
18696, 65
18697, 23
18698, 31
18699, 8
18700, 56
18701, 39
18702, 48
18703, 56
18704, 7
18705, 16
18706, 15
18707, 47
18708, 16
18709, 15
18710, 47
18711, 31
18712, 31
18713, 15
18715, 32
18716, 32
18717, 24
18718, 16
18719, 15
18720, 15
18721, 24
18722, 16
18723, 16
18724, 23
18725, 31
18726, 8
18727, 31
18728, 24
18729, 24
18731, 7
18732, 15
18733, 7
18734, 15
18735, 15
18736, 15
18737, 15
18738, 7
18739, 8
18740, 16
18741, 23
18742, 32
18744, 16
18745, 16
18747, 8
18748, 7
18749, 32
18750, 32
18751, 16
18752, 24
18753, 15
18755, 15
18756, 48
18757, 32
18758, 23
18759, 32
18760, 15
18761, 15
18762, 40
18763, 16
18764, 16
18765, 24
18766, 7
18767, 47
18768, 16
18769, 39
18770, 31
18771, 23
18772, 31
18773, 23
18774, 80
18775, 7
18776, 23
18777, 40
18778, 24
18779, 16
18780, 48
18781, 63
18782, 56
18783, 40
18785, 24
18786, 71
18787, 32
18788, 48
18789, 31
18790, 16
18791, 24
18792, 49
18793, 8
18794, 15
18795, 31
18796, 47
18797, 40
18798, 15
18800, 7
18801, 39
18802, 24
18803, 24
18804, 7
18805, 23
18806, 23
18807, 16
18808, 8
18809, 39
18810, 24
18811, 7
18812, 40
18813, 16
18814, 8
18815, 23
18817, 23
18819, 15
18820, 24
18821, 15
18823, 15
18824, 7
18825, 8
18826, 31
18827, 15
18828, 23
18830, 15
18831, 15
18833, 8
18834, 24
18835, 31
18836, 16
18837, 32
18838, 7
18839, 15
18840, 15
18841, 24
18842, 32
18843, 38
18844, 24
18845, 32
18846, 16
18847, 7
18848, 32
18849, 24
18850, 8
18851, 23
18852, 39
18853, 31
18854, 24
18855, 39
18856, 32
18857, 15
18858, 31
18859, 40
18860, 53
18861, 7
18862, 40
18863, 24
18864, 24
18865, 16
18866, 79
18867, 63
18868, 23
18869, 30
18870, 7
18871, 39
18872, 71
18873, 7
18874, 79
18875, 7
18876, 25
18877, 33
18878, 24
18879, 16
18880, 23
18881, 48
18882, 40
18883, 23
18884, 7
18886, 33
18887, 23
18888, 32
18889, 15
18890, 24
18891, 8
18892, 24
18893, 7
18894, 32
18895, 22
18896, 24
18897, 15
18898, 15
18899, 23
18900, 24
18901, 7
18902, 8
18903, 14
18904, 16
18905, 16
18906, 8
18907, 15
18908, 16
18909, 7
18910, 8
18911, 24
18912, 23
18913, 16
18914, 7
18915, 16
18916, 16
18918, 8
18919, 8
18920, 32
18921, 24
18922, 15
18923, 31
18924, 15
18925, 16
18926, 16
18927, 40
18928, 32
18929, 16
18930, 39
18931, 16
18932, 15
18933, 24
18934, 24
18935, 24
18936, 7
18937, 24
18938, 47
18939, 7
18940, 47
18941, 32
18942, 32
18943, 24
18944, 40
18945, 63
18947, 23
18948, 39
18949, 24
18950, 8
18951, 64
18952, 64
18953, 39
18954, 40
18955, 8
18956, 32
18957, 64
18958, 32
18959, 56
18960, 23
18961, 7
18962, 32
18963, 49
18965, 23
18966, 31
18967, 56
18968, 24
18969, 23
18971, 8
18972, 40
18973, 24
18974, 32
18975, 8
18976, 15
18977, 23
18978, 16
18979, 7
18980, 39
18981, 8
18982, 23
18983, 32
18984, 16
18985, 32
18986, 7
18988, 22
18989, 8
18990, 8
18991, 16
18992, 23
18994, 24
18996, 23
18997, 24
18998, 16
18999, 15
19001, 15
19002, 15
19003, 8
19004, 8
19005, 25
19006, 23
19007, 24
19008, 16
19009, 14
19010, 24
19011, 7
19012, 16
19013, 47
19014, 31
19015, 16
19016, 30
19017, 23
19018, 7
19019, 32
19020, 16
19021, 31
19022, 32
19023, 40
19024, 16
19025, 24
19026, 31
19027, 24
19028, 23
19029, 40
19030, 32
19031, 54
19032, 8
19033, 23
19034, 56
19036, 23
19037, 80
19038, 47
19039, 46
19040, 23
19041, 16
19042, 41
19043, 55
19044, 23
19045, 71
19046, 7
19047, 24
19048, 32
19049, 40
19051, 23
19052, 24
19053, 45
19054, 47
19057, 39
19058, 23
19059, 24
19060, 15
19061, 24
19062, 16
19063, 8
19064, 24
19065, 16
19066, 31
19067, 16
19068, 40
19069, 8
19070, 15
19071, 32
19073, 23
19074, 8
19076, 15
19077, 16
19078, 15
19079, 24
19082, 23
19083, 32
19084, 16
19085, 7
19086, 16
19087, 16
19089, 8
19090, 8
19091, 32
19092, 24
19093, 24
19094, 23
19095, 7
19096, 23
19097, 24
19098, 40
19099, 7
19100, 39
19101, 23
19102, 32
19103, 8
19104, 24
19105, 15
19106, 31
19107, 7
19108, 49
19109, 15
19110, 24
19111, 32
19112, 48
19113, 23
19114, 23
19115, 49
19116, 40
19117, 15
19118, 23
19119, 48
19120, 15
19121, 16
19122, 65
19123, 55
19124, 48
19125, 15
19126, 23
19127, 40
19128, 56
19129, 32
19130, 48
19131, 30
19132, 7
19133, 39
19134, 23
19135, 31
19136, 23
19137, 41
19138, 32
19139, 31
19140, 15
19142, 16
19143, 40
19144, 16
19145, 24
19146, 24
19147, 8
19148, 15
19149, 23
19150, 16
19151, 40
19152, 8
19153, 23
19154, 23
19155, 15
19156, 24
19157, 15
19158, 8
19159, 15
19160, 7
19161, 8
19162, 15
19163, 24
19164, 16
19166, 7
19167, 15
19168, 15
19169, 40
19170, 8
19172, 24
19173, 8
19174, 8
19176, 7
19177, 47
19178, 16
19179, 31
19180, 15
19181, 25
19183, 32
19184, 32
19185, 31
19186, 41
19187, 16
19188, 15
19189, 16
19190, 23
19191, 23
19192, 16
19193, 23
19194, 47
19195, 15
19196, 24
19197, 31
19198, 48
19199, 15
19200, 24
19201, 79
19202, 15
19203, 8
19204, 31
19205, 39
19206, 16
19207, 31
19208, 72
19209, 47
19210, 40
19211, 15
19212, 15
19213, 39
19214, 54
19215, 48
19216, 55
19217, 8
19218, 32
19219, 25
19220, 24
19221, 23
19222, 15
19223, 56
19224, 32
19225, 31
19227, 8
19228, 32
19229, 25
19230, 15
19231, 23
19232, 16
19233, 15
19234, 15
19235, 16
19236, 39
19237, 23
19238, 16
19239, 23
19240, 24
19241, 15
19242, 24
19244, 24
19246, 7
19247, 23
19248, 16
19249, 7
19250, 24
19252, 8
19253, 16
19254, 23
19255, 24
19256, 7
19257, 24
19259, 7
19260, 7
19261, 8
19262, 40
19263, 15
19264, 24
19265, 23
19266, 7
19267, 24
19268, 8
19269, 39
19270, 40
19271, 24
19272, 31
19273, 16
19274, 16
19275, 16
19276, 31
19277, 24
19278, 24
19279, 24
19280, 40
19281, 16
19282, 32
19283, 23
19284, 48
19285, 16
19286, 24
19287, 70
19288, 16
19289, 24
19290, 40
19291, 15
19292, 32
19293, 32
19294, 87
19295, 30
19296, 40
19298, 32
19299, 72
19300, 25
19301, 48
19302, 30
19303, 7
19304, 30
19305, 31
19306, 24
19307, 23
19308, 23
19309, 47
19310, 39
19311, 15
19313, 33
19314, 15
19315, 31
19316, 15
19317, 15
19318, 15
19319, 15
19320, 16
19321, 23
19322, 31
19323, 24
19324, 16
19325, 23
19326, 23
19327, 16
19328, 15
19329, 25
19331, 7
19332, 16
19333, 16
19334, 16
19335, 16
19336, 8
19337, 8
19339, 40
19340, 33
19342, 8
19343, 16
19344, 7
19345, 8
19346, 8
19347, 24
19348, 24
19349, 23
19350, 32
19351, 7
19352, 16
19353, 7
19354, 48
19355, 24
19356, 23
19357, 32
19358, 23
19359, 7
19360, 23
19361, 32
19362, 15
19363, 23
19364, 32
19365, 24
19366, 23
19367, 40
19368, 23
19369, 39
19370, 15
19371, 24
19372, 56
19373, 39
19374, 16
19375, 32
19376, 40
19378, 40
19379, 71
19380, 56
19381, 31
19382, 23
19383, 8
19384, 48
19385, 62
19386, 32
19387, 54
19388, 7
19389, 31
19390, 33
19391, 32
19392, 8
19393, 32
19394, 32
19395, 47
19396, 24
19399, 40
19400, 16
19401, 31
19402, 16
19403, 25
19404, 16
19405, 16
19406, 7
19407, 39
19408, 15
19409, 24
19410, 23
19411, 15
19412, 23
19413, 15
19414, 7
19415, 23
19416, 8
19418, 24
19419, 24
19420, 8
19421, 8
19422, 7
19423, 8
19424, 16
19425, 39
19426, 16
19428, 16
19429, 7
19430, 7
19431, 7
19432, 16
19433, 39
19434, 7
19435, 32
19436, 23
19437, 8
19438, 7
19439, 24
19440, 32
19441, 39
19442, 16
19443, 31
19444, 23
19445, 7
19446, 31
19447, 24
19448, 24
19449, 16
19450, 40
19451, 31
19452, 16
19453, 39
19454, 32
19455, 23
19456, 24
19457, 47
19458, 47
19459, 15
19460, 16
19461, 40
19462, 24
19463, 16
19464, 80
19465, 39
19466, 55
19467, 23
19468, 16
19469, 16
19470, 72
19471, 48
19472, 49
19473, 23
19474, 16
19475, 23
19476, 23
19477, 31
19478, 24
19479, 24
19480, 46
19481, 38
19482, 8
19484, 32
19485, 24
19486, 24
19487, 24
19488, 8
19489, 23
19490, 15
19491, 16
19492, 32
19493, 23
19494, 8
19495, 23
19496, 32
19497, 16
19498, 24
19499, 7
19500, 16
19501, 7
19502, 8
19503, 16
19504, 8
19505, 23
19506, 16
19507, 8
19509, 15
19510, 32
19511, 15
19512, 15
19514, 23
19515, 7
19517, 16
19518, 8
19519, 40
19520, 23
19521, 24
19522, 24
19523, 7
19524, 16
19525, 32
19526, 32
19527, 23
19528, 32
19529, 23
19530, 16
19531, 15
19532, 24
19533, 24
19534, 32
19535, 16
19536, 39
19537, 16
19538, 48
19539, 16
19540, 32
19541, 31
19542, 32
19543, 63
19544, 23
19545, 8
19546, 24
19547, 46
19548, 8
19549, 56
19550, 58
19551, 47
19552, 39
19553, 16
19554, 8
19555, 64
19556, 47
19557, 40
19558, 47
19559, 7
19560, 22
19561, 57
19563, 31
19564, 7
19565, 48
19566, 47
19567, 23
19569, 8
19570, 31
19571, 24
19572, 15
19573, 22
19574, 24
19575, 15
19576, 16
19577, 24
19578, 16
19579, 31
19580, 16
19581, 24
19582, 16
19583, 24
19584, 15
19585, 7
19586, 23
19588, 7
19589, 15
19590, 31
19591, 8
19592, 8
19593, 7
19594, 16
19595, 16
19596, 32
19597, 16
19599, 24
19600, 8
19601, 8
19603, 16
19604, 32
19605, 16
19606, 24
19607, 23
19608, 16
19609, 16
19610, 16
19611, 39
19612, 15
19613, 39
19614, 40
19615, 16
19616, 8
19617, 32
19618, 15
19619, 15
19620, 23
19621, 24
19622, 39
19623, 31
19624, 24
19625, 40
19626, 31
19627, 33
19628, 50
19629, 39
19630, 8
19631, 16
19632, 47
19633, 15
19634, 40
19635, 41
19636, 79
19637, 32
19638, 32
19639, 8
19640, 40
19641, 62
19642, 41
19643, 49
19644, 16
19645, 16
19646, 24
19647, 41
19648, 24
19649, 16
19650, 24
19651, 47
19652, 40
19653, 7
19654, 8
19655, 24
19656, 32
19657, 8
19658, 23
19659, 16
19660, 23
19661, 15
19662, 7
19663, 40
19664, 15
19665, 24
19666, 16
19667, 31
19668, 7
19669, 23
19670, 15
19671, 8
19672, 15
19673, 8
19674, 16
19675, 32
19677, 16
19678, 8
19679, 8
19680, 7
19681, 24
19682, 31
19683, 7
19684, 16
19685, 16
19688, 15
19689, 16
19690, 39
19691, 24
19692, 16
19693, 15
19694, 15
19695, 16
19696, 32
19697, 31
19698, 22
19699, 31
19700, 23
19701, 15
19702, 24
19703, 32
19705, 31
19706, 32
19707, 31
19708, 16
19709, 31
19710, 39
19711, 32
19712, 16
19713, 40
19714, 64
19715, 15
19716, 24
19717, 41
19718, 24
19719, 8
19720, 32
19721, 97
19722, 40
19723, 33
19724, 15
19725, 24
19726, 73
19727, 32
19728, 32
19729, 54
19731, 32
19732, 32
19733, 15
19734, 32
19735, 25
19736, 40
19737, 47
19738, 15
19740, 8
19741, 31
19742, 24
19743, 41
19745, 32
19746, 8
19747, 16
19748, 15
19749, 32
19750, 23
19751, 16
19752, 23
19753, 32
19754, 8
19755, 23
19756, 8
19757, 7
19758, 15
19759, 16
19760, 8
19761, 16
19762, 7
19763, 16
19764, 7
19765, 8
19766, 23
19767, 24
19768, 23
19770, 15
19771, 7
19772, 15
19774, 7
19775, 47
19776, 16
19777, 23
19778, 23
19779, 16
19780, 7
19781, 8
19782, 39
19783, 48
19785, 47
19786, 23
19787, 16
19788, 24
19789, 16
19790, 31
19791, 8
19792, 39
19793, 15
19794, 48
19795, 32
19796, 16
19797, 40
19798, 16
19799, 32
19800, 71
19801, 7
19802, 32
19803, 39
19804, 8
19805, 32
19806, 64
19807, 48
19808, 39
19809, 39
19810, 8
19811, 41
19812, 54
19813, 23
19814, 71
19815, 15
19816, 16
19817, 23
19818, 40
19819, 15
19820, 32
19821, 32
19822, 30
19823, 39
19824, 7
19826, 23
19827, 31
19828, 15
19829, 31
19830, 8
19831, 16
19832, 23
19833, 16
19834, 23
19835, 31
19836, 16
19837, 25
19838, 23
19839, 15
19840, 15
19841, 15
19842, 8
19843, 15
19844, 8
19845, 24
19847, 23
19848, 16
19849, 7
19850, 8
19851, 16
19852, 16
19853, 30
19854, 8
19855, 16
19856, 15
19858, 7
19859, 7
19860, 16
19861, 31
19862, 24
19863, 32
19864, 16
19865, 16
19866, 8
19867, 32
19868, 32
19869, 22
19870, 41
19871, 24
19872, 16
19873, 24
19874, 8
19875, 24
19876, 31
19877, 24
19878, 30
19879, 15
19880, 31
19881, 48
19882, 33
19883, 16
19884, 24
19885, 70
19886, 23
19887, 16
19888, 24
19889, 40
19890, 16
19891, 57
19892, 64
19893, 23
19894, 47
19895, 16
19896, 16
19897, 80
19898, 32
19899, 57
19900, 15
19901, 14
19902, 32
19903, 50
19905, 23
19906, 23
19907, 63
19908, 41
19909, 8
19912, 38
19913, 32
19914, 7
19915, 31
19916, 15
19917, 16
19918, 15
19919, 16
19920, 31
19921, 23
19922, 7
19923, 31
19924, 23
19925, 23
19926, 15
19928, 22
19929, 8
19930, 8
19931, 15
19932, 24
19934, 15
19935, 7
19936, 15
19937, 16
19938, 15
19939, 30
19940, 8
19941, 16
19943, 7
19944, 8
19945, 16
19946, 39
19947, 16
19948, 40
19949, 8
19950, 16
19951, 7
19952, 23
19953, 39
19954, 33
19955, 24
19956, 32
19958, 23
19959, 32
19960, 8
19961, 39
19962, 8
19963, 39
19964, 31
19965, 24
19966, 39
19967, 15
19968, 48
19969, 8
19970, 47
19971, 56
19972, 16
19973, 33
19974, 33
19975, 7
19976, 41
19977, 72
19978, 41
19979, 39
19980, 31
19981, 8
19982, 32
19983, 64
19984, 40
19985, 48
19986, 23
19987, 8
19988, 23
19989, 47
19990, 32
19992, 39
19993, 55
19994, 23
19995, 7
19996, 8
19997, 32
19998, 16
19999, 16
20000, 23
20001, 24
20002, 23
20004, 23
20005, 24
20006, 31
20008, 47
20009, 16
20010, 7
20011, 31
20012, 7
20013, 8
20014, 15
20015, 16
20017, 32
20018, 7
20019, 7
20020, 15
20021, 8
20022, 8
20023, 22
20024, 39
20027, 23
20028, 7
20029, 7
20030, 8
20031, 32
20032, 33
20033, 8
20034, 30
20035, 7
20036, 23
20037, 16
20038, 40
20039, 16
20040, 23
20041, 39
20042, 16
20043, 24
20044, 24
20045, 16
20046, 15
20047, 32
20048, 32
20049, 31
20050, 24
20051, 32
20052, 41
20053, 24
20054, 16
20055, 40
20056, 47
20057, 23
20058, 24
20059, 48
20060, 16
20061, 8
20062, 73
20063, 40
20064, 55
20065, 31
20066, 23
20067, 25
20068, 57
20069, 32
20070, 65
20071, 31
20072, 8
20073, 24
20074, 8
20075, 55
20076, 7
20077, 31
20078, 55
20079, 33
20080, 15
20083, 48
20084, 32
20085, 25
20087, 23
20088, 15
20089, 16
20090, 23
20091, 31
20092, 7
20093, 24
20094, 23
20095, 31
20096, 16
20097, 15
20098, 8
20099, 15
20100, 8
20101, 8
20102, 16
20103, 15
20104, 7
20105, 23
20107, 16
20108, 24
20109, 24
20110, 16
20112, 15
20113, 15
20114, 8
20116, 24
20117, 30
20118, 16
20119, 23
20120, 23
20121, 8
20122, 15
20123, 16
20124, 32
20125, 47
20126, 24
20127, 15
20128, 23
20129, 15
20130, 39
20132, 31
20133, 16
20134, 48
20135, 15
20136, 32
20137, 39
20138, 31
20139, 24
20140, 24
20141, 65
20142, 31
20143, 16
20144, 24
20145, 47
20147, 40
20148, 74
20149, 56
20150, 32
20151, 16
20152, 24
20153, 57
20154, 23
20155, 64
20156, 40
20157, 15
20158, 33
20159, 16
20160, 31
20161, 16
20162, 24
20163, 57
20164, 24
20165, 32
20166, 7
20168, 32
20169, 32
20170, 16
20171, 23
20172, 16
20173, 16
20174, 15
20175, 16
20176, 32
20177, 23
20178, 16
20179, 32
20180, 16
20181, 15
20182, 32
20184, 24
20186, 8
20187, 15
20188, 16
20189, 15
20190, 15
20191, 8
20192, 8
20193, 16
20194, 23
20195, 31
20197, 7
20198, 23
20200, 7
20201, 8
20202, 32
20203, 32
20204, 8
20205, 31
20206, 16
20207, 15
20209, 47
20210, 32
20211, 15
20212, 40
20213, 32
20214, 8
20215, 16
20216, 24
20217, 23
20218, 23
20219, 24
20220, 39
20221, 15
20222, 41
20223, 24
20224, 39
20225, 24
20226, 15
20227, 72
20228, 23
20229, 8
20230, 48
20231, 23
20232, 16
20233, 48
20234, 72
20235, 40
20236, 32
20237, 15
20238, 24
20239, 64
20240, 48
20241, 40
20242, 30
20243, 7
20244, 31
20245, 32
20246, 23
20247, 16
20248, 31
20249, 57
20250, 24
20251, 23
20253, 8
20254, 40
20255, 16
20256, 31
20257, 16
20258, 16
20259, 15
20260, 24
20261, 8
20262, 32
20263, 32
20264, 16
20265, 23
20266, 16
20267, 24
20268, 15
20269, 8
20270, 15
20271, 8
20273, 23
20274, 23
20275, 7
20276, 16
20278, 16
20279, 16
20280, 23
20281, 23
20283, 15
20284, 15
20286, 16
20287, 8
20288, 38
20289, 16
20290, 32
20291, 7
20292, 23
20293, 7
20294, 31
20295, 40
20296, 23
20297, 24
20298, 31
20299, 7
20300, 24
20301, 32
20302, 15
20303, 16
20304, 16
20305, 39
20306, 31
20307, 40
20308, 24
20309, 23
20310, 40
20311, 16
20312, 56
20313, 38
20314, 7
20315, 23
20316, 38
20317, 15
20318, 33
20319, 70
20320, 47
20321, 47
20322, 15
20323, 15
20324, 48
20325, 62
20326, 8
20327, 70
20328, 15
20329, 33
20330, 16
20331, 32
20332, 24
20333, 24
20334, 15
20335, 47
20336, 38
20337, 7
20339, 41
20340, 8
20341, 23
20342, 31
20343, 16
20344, 24
20345, 16
20347, 48
20348, 7
20349, 32
20350, 24
20351, 15
20352, 15
20353, 23
20354, 7
20355, 16
20356, 7
20357, 7
20358, 15
20359, 24
20360, 7
20361, 16
20362, 8
20364, 24
20365, 31
20366, 24
20368, 16
20369, 16
20371, 8
20372, 8
20373, 40
20374, 16
20375, 24
20376, 23
20377, 16
20378, 8
20379, 24
20380, 48
20381, 24
20382, 16
20383, 39
20384, 24
20385, 8
20386, 15
20387, 24
20388, 24
20389, 15
20390, 24
20391, 39
20392, 15
20393, 47
20394, 23
20395, 49
20396, 7
20397, 40
20398, 56
20399, 15
20400, 41
20401, 24
20402, 24
20403, 32
20404, 24
20405, 80
20406, 30
20407, 38
20408, 15
20409, 32
20410, 57
20411, 31
20412, 72
20413, 15
20414, 7
20415, 40
20416, 32
20417, 23
20418, 16
20419, 31
20420, 40
20421, 32
20422, 22
20424, 15
20425, 31
20426, 32
20427, 15
20428, 16
20429, 16
20430, 23
20431, 8
20432, 24
20433, 32
20434, 23
20435, 8
20436, 23
20437, 31
20438, 24
20439, 7
20440, 8
20441, 14
20442, 8
20443, 8
20444, 15
20445, 24
20446, 8
20447, 15
20449, 8
20450, 23
20451, 39
20452, 7
20453, 8
20455, 22
20456, 8
20458, 15
20459, 39
20460, 24
20461, 24
20462, 15
20463, 7
20464, 15
20465, 32
20466, 31
20467, 30
20468, 31
20469, 23
20470, 16
20471, 24
20472, 15
20473, 23
20474, 23
20475, 24
20476, 39
20477, 15
20478, 32
20479, 24
20480, 31
20481, 31
20482, 24
20483, 63
20484, 30
20485, 23
20486, 25
20487, 40
20489, 40
20490, 65
20491, 63
20492, 32
20493, 23
20494, 16
20495, 39
20496, 55
20497, 57
20498, 39
20499, 8
20500, 8
20501, 39
20502, 30
20503, 23
20504, 24
20505, 56
20506, 49
20507, 8
20510, 31
20511, 15
20512, 39
20513, 15
20514, 16
20515, 15
20516, 16
20517, 33
20518, 32
20519, 8
20520, 24
20521, 23
20522, 16
20523, 15
20524, 32
20526, 24
20527, 8
20529, 15
20530, 24
20531, 15
20532, 7
20533, 7
20534, 8
20535, 24
20536, 31
20537, 8
20538, 7
20539, 7
20540, 15
20541, 7
20542, 8
20543, 7
20544, 41
20545, 16
20546, 16
20547, 31
20548, 16
20549, 16
20550, 16
20551, 39
20552, 24
20553, 23
20554, 40
20555, 15
20556, 24
20557, 8
20558, 23
20559, 23
20560, 15
20561, 48
20562, 23
20563, 15
20564, 48
20565, 15
20566, 31
20567, 23
20568, 48
20569, 62
20570, 8
20571, 15
20572, 40
20573, 23
20574, 8
20575, 48
20576, 80
20577, 39
20578, 47
20579, 8
20580, 16
20581, 71
20582, 40
20583, 56
20584, 24
20586, 31
20587, 48
20588, 16
20589, 16
20590, 24
20591, 48
20592, 47
20593, 8
20595, 16
20596, 39
20597, 16
20598, 24
20599, 24
20600, 8
20601, 15
20602, 7
20603, 23
20604, 38
20605, 15
20606, 31
20607, 24
20608, 15
20609, 7
20610, 22
20612, 23
20613, 7
20614, 8
20615, 24
20616, 16
20617, 8
20618, 15
20619, 8
20620, 16
20621, 16
20622, 32
20623, 7
20624, 8
20625, 8
20626, 15
20628, 7
20629, 15
20630, 48
20632, 48
20633, 8
20634, 8
20635, 15
20636, 40
20637, 24
20638, 32
20639, 32
20640, 23
20641, 24
20643, 39
20644, 24
20645, 15
20646, 24
20647, 39
20648, 15
20649, 32
20650, 23
20651, 31
20652, 30
20653, 32
20654, 72
20655, 15
20656, 15
20657, 41
20658, 31
20659, 16
20660, 16
20661, 73
20662, 70
20663, 33
20664, 15
20665, 16
20666, 80
20667, 16
20668, 24
20669, 63
20670, 15
20671, 32
20672, 24
20673, 23
20674, 24
20675, 23
20676, 48
20677, 48
20678, 15
20681, 23
20682, 39
20683, 23
20684, 15
20685, 24
20686, 8
20687, 15
20688, 23
20689, 40
20690, 7
20691, 16
20692, 32
20693, 16
20694, 15
20695, 32
20697, 7
20698, 23
20700, 23
20701, 16
20702, 16
20703, 16
20705, 8
20706, 15
20707, 41
20708, 16
20710, 15
20711, 16
20713, 7
20714, 7
20715, 31
20716, 32
20717, 8
20718, 31
20719, 16
20720, 15
20721, 16
20722, 41
20723, 40
20724, 8
20725, 40
20726, 16
20727, 15
20728, 15
20729, 15
20730, 31
20731, 15
20732, 56
20733, 16
20734, 15
20735, 48
20736, 33
20737, 16
20738, 23
20739, 56
20740, 46
20741, 23
20742, 25
20743, 32
20744, 15
20745, 23
20746, 57
20747, 39
20748, 62
20749, 41
20751, 24
20752, 70
20753, 40
20754, 55
20755, 15
20756, 24
20757, 24
20758, 24
20759, 15
20760, 39
20761, 33
20762, 39
20763, 32
20764, 15
20766, 15
20767, 40
20768, 15
20769, 23
20770, 15
20771, 24
20772, 8
20773, 24
20774, 16
20775, 31
20776, 24
20777, 24
20778, 7
20779, 31
20780, 8
20781, 23
20782, 16
20783, 7
20784, 7
20785, 7
20786, 23
20787, 15
20788, 16
20789, 8
20791, 15
20792, 15
20793, 39
20794, 7
20796, 23
20797, 7
20798, 8
20799, 8
20800, 24
20801, 24
20802, 15
20803, 32
20804, 15
20805, 16
20806, 7
20807, 48
20808, 16
20809, 31
20810, 33
20811, 15
20812, 15
20813, 31
20814, 15
20815, 23
20816, 15
20817, 32
20818, 32
20819, 23
20820, 40
20821, 32
20822, 24
20823, 23
20824, 23
20825, 87
20826, 8
20827, 16
20828, 32
20829, 41
20831, 56
20832, 48
20833, 63
20834, 39
20835, 15
20836, 16
20837, 49
20838, 38
20839, 30
20840, 70
20841, 8
20842, 24
20843, 15
20844, 54
20845, 16
20846, 16
20847, 57
20848, 23
20849, 31
20851, 8
20852, 32
20853, 24
20854, 24
20855, 23
20856, 16
20857, 16
20858, 7
20859, 23
20860, 15
20861, 30
20862, 24
20863, 24
20864, 7
20865, 23
20866, 31
20868, 23
20870, 15
20871, 8
20872, 16
20873, 23
20874, 8
20875, 7
20877, 32
20878, 31
20879, 15
20881, 7
20882, 15
20883, 7
20884, 7
20885, 15
20886, 24
20887, 15
20888, 31
20889, 31
20890, 16
20891, 8
20892, 33
20893, 32
20894, 16
20895, 31
20896, 31
20897, 15
20898, 7
20899, 23
20900, 23
20901, 39
20903, 40
20904, 31
20905, 24
20906, 23
20907, 56
20908, 16
20909, 24
20910, 65
20911, 40
20912, 7
20913, 33
20914, 23
20915, 23
20916, 16
20917, 56
20918, 70
20919, 48
20920, 16
20921, 24
20922, 41
20923, 47
20924, 31
20925, 73
20926, 15
20927, 8
20928, 31
20929, 33
20930, 24
20931, 24
20932, 24
20933, 47
20934, 40
20935, 7
20936, 8
20937, 16
20938, 32
20939, 24
20940, 16
20941, 7
20942, 40
20943, 8
20944, 16
20945, 16
20946, 39
20947, 7
20948, 32
20949, 15
20950, 15
20951, 32
20952, 7
20953, 16
20954, 7
20955, 8
20956, 7
20957, 32
20958, 7
20960, 23
20962, 8
20963, 47
20964, 16
20965, 7
20967, 23
20968, 7
20969, 7
20970, 7
20971, 25
20972, 22
20973, 32
20974, 24
20976, 15
20977, 15
20978, 40
20979, 32
20980, 23
20981, 41
20982, 15
20983, 8
20984, 31
20985, 24
20986, 16
20987, 15
20988, 39
20989, 32
20990, 16
20991, 23
20992, 30
20993, 48
20994, 23
20995, 24
20996, 64
20997, 23
20998, 24
20999, 32
21000, 31
21001, 8
21002, 40
21003, 79
21004, 39
21005, 48
21006, 16
21007, 8
21008, 47
21009, 55
21010, 39
21011, 39
21012, 24
21013, 15
21014, 40
21015, 33
21016, 8
21017, 24
21018, 47
21019, 47
21020, 7
21021, 7
21022, 8
21023, 24
21024, 31
21025, 32
21026, 8
21027, 23
21028, 7
21029, 24
21030, 7
21031, 48
21032, 16
21033, 16
21034, 32
21035, 15
21036, 16
21037, 15
21038, 7
21039, 24
21041, 7
21042, 15
21043, 31
21044, 8
21045, 8
21046, 7
21047, 16
21048, 16
21049, 23
21050, 15
21051, 7
21052, 23
21053, 8
21055, 16
21057, 48
21058, 8
21059, 24
21060, 31
21062, 23
21063, 24
21064, 40
21065, 8
21066, 30
21067, 39
21068, 24
21069, 16
21070, 24
21071, 15
21072, 24
21073, 15
21074, 32
21075, 40
21076, 16
21077, 39
21078, 24
21079, 31
21080, 15
21081, 72
21082, 31
21083, 15
21084, 32
21085, 31
21086, 15
21087, 32
21088, 56
21089, 63
21090, 31
21091, 31
21092, 15
21093, 41
21094, 55
21095, 24
21096, 64
21097, 15
21098, 24
21099, 15
21100, 39
21101, 16
21102, 31
21103, 24
21104, 47
21105, 48
21108, 32
21109, 24
21110, 15
21111, 23
21112, 24
21113, 15
21114, 7
21115, 15
21116, 32
21117, 30
21118, 24
21119, 8
21120, 23
21121, 23
21122, 15
21123, 15
21124, 16
21125, 7
21126, 8
21128, 31
21129, 16
21130, 16
21131, 8
21132, 8
21133, 16
21134, 24
21135, 15
21136, 15
21138, 22
21139, 7
21141, 7
21142, 40
21143, 16
21144, 32
21145, 24
21146, 8
21147, 16
21148, 7
21149, 32
21150, 57
21151, 8
21152, 31
21153, 23
21154, 24
21155, 8
21156, 39
21157, 16
21158, 24
21159, 24
21160, 23
21161, 22
21162, 33
21163, 23
21164, 55
21165, 7
21166, 31
21167, 65
21168, 23
21169, 24
21170, 32
21171, 32
21172, 8
21173, 48
21174, 56
21175, 64
21176, 31
21177, 15
21178, 16
21179, 56
21180, 39
21181, 56
21182, 39
21183, 7
21184, 30
21185, 16
21186, 47
21187, 8
21188, 32
21189, 49
21190, 41
21191, 16
21193, 8
21194, 23
21195, 31
21196, 24
21197, 24
21198, 7
21199, 24
21200, 7
21201, 23
21202, 31
21203, 23
21204, 24
21205, 16
21206, 24
21207, 15
21208, 24
21210, 23
21211, 8
21212, 16
21213, 7
21214, 24
21216, 16
21217, 7
21218, 16
21219, 32
21220, 16
21221, 16
21223, 23
21225, 15
21226, 8
21227, 8
21228, 40
21229, 8
21230, 40
21231, 7
21232, 24
21233, 7
21234, 24
21235, 39
21236, 23
21237, 32
21238, 31
21239, 16
21240, 7
21241, 32
21242, 7
21243, 31
21244, 15
21245, 32
21246, 31
21247, 48
21248, 16
21249, 15
21250, 38
21251, 32
21252, 32
21253, 62
21254, 16
21255, 16
21256, 40
21257, 15
21258, 33
21259, 32
21260, 78
21261, 55
21262, 24
21263, 7
21264, 40
21265, 46
21266, 39
21267, 72
21268, 7
21269, 24
21270, 7
21271, 39
21272, 31
21273, 16
21274, 40
21275, 31
21276, 39
21277, 7
21278, 8
21279, 8
21280, 31
21281, 31
21282, 24
21283, 16
21284, 24
21285, 7
21286, 16
21287, 24
21288, 31
21289, 16
21290, 15
21291, 23
21292, 23
21293, 15
21294, 15
21295, 16
21296, 16
21298, 8
21299, 31
21300, 7
21301, 16
21302, 8
21304, 24
21305, 16
21306, 23
21307, 15
21308, 8
21309, 23
21311, 7
21312, 8
21313, 32
21314, 15
21315, 16
21316, 31
21317, 24
21318, 7
21319, 7
21320, 39
21321, 31
21322, 24
21323, 39
21324, 15
21325, 15
21326, 32
21327, 24
21328, 25
21329, 7
21330, 24
21331, 47
21332, 8
21333, 48
21334, 32
21335, 24
21336, 15
21337, 57
21338, 31
21339, 38
21340, 8
21341, 32
21342, 30
21343, 24
21344, 41
21345, 47
21346, 70
21347, 31
21348, 24
21349, 24
21350, 62
21351, 24
21352, 39
21353, 56
21355, 31
21356, 41
21357, 24
21358, 16
21359, 32
21360, 24
21361, 31
21362, 38
21364, 8
21365, 32
21366, 32
21367, 24
21368, 7
21369, 23
21370, 15
21371, 15
21372, 24
21373, 24
21374, 23
21375, 16
21376, 31
21377, 24
21378, 16
21379, 16
21381, 23
21382, 7
21384, 24
21385, 23
21387, 15
21388, 7
21389, 16
21390, 24
21391, 24
21392, 15
21394, 24
21395, 7
21397, 8
21398, 16
21399, 31
21400, 32
21401, 7
21402, 30
21403, 8
21404, 15
21405, 32
21406, 31
21407, 7
21408, 39
21409, 31
21410, 23
21411, 16
21412, 23
21413, 23
21414, 16
21415, 23
21416, 48
21417, 16
21418, 32
21419, 23
21420, 39
21421, 24
21422, 24
21423, 32
21424, 63
21425, 8
21426, 40
21427, 32
21428, 7
21429, 24
21430, 72
21431, 64
21432, 31
21433, 23
21434, 15
21435, 40
21436, 63
21437, 24
21438, 39
21439, 38
21440, 23
21441, 16
21442, 40
21443, 15
21444, 23
21445, 49
21446, 23
21447, 39
21448, 7
21449, 8
21450, 16
21451, 24
21452, 49
21453, 8
21454, 15
21455, 16
21456, 24
21457, 8
21458, 24
21459, 22
21460, 23
21461, 16
21462, 23
21463, 23
21464, 24
21465, 7
21466, 16
21467, 7
21468, 7
21469, 15
21470, 15
21471, 15
21472, 8
21473, 15
21475, 24
21476, 32
21477, 24
21479, 16
21480, 7
21481, 7
21482, 8
21483, 8
21484, 25
21485, 31
21486, 16
21487, 31
21488, 16
21489, 16
21490, 8
21491, 32
21492, 32
21493, 23
21494, 40
21495, 32
21496, 8
21497, 16
21498, 24
21499, 24
21500, 23
21501, 15
21502, 48
21503, 7
21504, 32
21505, 39
21506, 40
21507, 16
21508, 40
21509, 73
21511, 23
21512, 41
21513, 24
21514, 16
21515, 48
21516, 73
21517, 39
21518, 33
21519, 15
21520, 15
21521, 81
21522, 32
21523, 49
21524, 31
21525, 7
21526, 31
21527, 49
21528, 16
21529, 16
21530, 24
21531, 55
21532, 32
21533, 15
21535, 16
21536, 32
21537, 15
21538, 31
21539, 16
21540, 24
21541, 16
21542, 8
21543, 15
21544, 31
21545, 23
21546, 25
21547, 15
21548, 31
21549, 24
21550, 8
21551, 16
21552, 8
21554, 16
21555, 16
21556, 23
21557, 8
21558, 7
21559, 7
21560, 15
21561, 8
21562, 39
21563, 15
21565, 15
21566, 15
21567, 8
21569, 15
21570, 39
21571, 16
21572, 32
21573, 7
21574, 15
21575, 15
21576, 23
21577, 39
21578, 31
21579, 16
21580, 30
21581, 16
21582, 32
21583, 8
21584, 15
21585, 32
21586, 24
21587, 40
21588, 23
21589, 15
21590, 38
21591, 39
21592, 32
21593, 16
21594, 32
21595, 62
21596, 16
21597, 23
21598, 40
21599, 16
21600, 40
21601, 57
21602, 65
21603, 24
21604, 32
21605, 16
21606, 65
21607, 15
21608, 39
21609, 73
21610, 7
21611, 24
21612, 41
21613, 16
21614, 32
21615, 8
21616, 65
21617, 24
21618, 24
21619, 7
21621, 41
21622, 7
21623, 40
21624, 16
21625, 24
21626, 16
21627, 16
21628, 7
21629, 49
21630, 8
21631, 16
21632, 31
21633, 16
21634, 24
21635, 25
21637, 24
21639, 7
21640, 16
21641, 24
21642, 7
21643, 16
21644, 7
21645, 8
21646, 16
21647, 22
21648, 23
21649, 7
21651, 32
21653, 8
21654, 8
21655, 40
21656, 16
21657, 24
21658, 24
21659, 8
21660, 24
21661, 16
21662, 32
21663, 24
21664, 22
21665, 48
21666, 8
21667, 23
21668, 24
21669, 24
21670, 24
21671, 7
21672, 32
21673, 40
21674, 16
21675, 32
21676, 31
21677, 40
21678, 16
21679, 57
21680, 47
21681, 15
21682, 24
21683, 16
21684, 38
21685, 7
21686, 72
21687, 63
21688, 31
21689, 39
21690, 8
21691, 40
21692, 65
21693, 16
21694, 71
21695, 15
21696, 15
21697, 24
21698, 40
21699, 23
21700, 7
21701, 31
21702, 48
21703, 32
21704, 23
21706, 7
21707, 39
21708, 15
21709, 31
21710, 16
21711, 16
21712, 23
21713, 16
21714, 8
21715, 23
21716, 29
21717, 16
21718, 23
21719, 23
21720, 24
21721, 15
21722, 25
21724, 7
21725, 8
21726, 32
21727, 7
21728, 8
21729, 15
21731, 15
21732, 16
21733, 24
21734, 23
21736, 23
21737, 8
21738, 8
21739, 8
21740, 8
21741, 39
21742, 16
21743, 24
21744, 15
21745, 15
21746, 15
21747, 23
21748, 24
21749, 46
21751, 46
21752, 23
21753, 7
21754, 32
21755, 15
21756, 32
21757, 8
21758, 48
21759, 23
21760, 7
21761, 55
21762, 32
21763, 24
21764, 31
21765, 48
21766, 39
21767, 16
21768, 32
21769, 31
21770, 16
21771, 15
21772, 78
21773, 64
21774, 40
21775, 16
21776, 16
21777, 82
21779, 55
21780, 48
21781, 15
21782, 24
21783, 41
21784, 16
21785, 23
21786, 24
21787, 57
21788, 24
21789, 23
21790, 7
21791, 8
21792, 32
21793, 16
21794, 23
21795, 23
21796, 25
21797, 8
21798, 16
21799, 24
21800, 24
21801, 23
21802, 23
21803, 24
21804, 8
21805, 31
21806, 15
21807, 7
21808, 16
21809, 7
21810, 7
21811, 24
21812, 16
21813, 16
21814, 7
21815, 8
21816, 8
21817, 16
21818, 32
21819, 15
21820, 7
21821, 16
21822, 16
21824, 7
21825, 7
21826, 32
21827, 23
21828, 23
21829, 23
21830, 16
21831, 15
21832, 24
21833, 24
21834, 23
21835, 23
21836, 46
21837, 16
21838, 15
21839, 24
21840, 15
21841, 31
21842, 16
21843, 16
21844, 56
21845, 8
21846, 41
21847, 23
21848, 48
21849, 7
21850, 24
21851, 78
21852, 16
21853, 16
21854, 40
21855, 23
21856, 16
21857, 56
21858, 64
21859, 39
21860, 39
21861, 15
21862, 16
21863, 72
21864, 31
21865, 65
21866, 24
21867, 16
21868, 15
21869, 41
21870, 23
21871, 16
21872, 24
21873, 56
21874, 40
21875, 8
21877, 25
21878, 16
21879, 39
21880, 15
21881, 8
21882, 31
21883, 8
21884, 24
21886, 48
21887, 8
21888, 23
21889, 31
21890, 15
21891, 24
21892, 15
21893, 8
21894, 15
21895, 8
21896, 16
21897, 16
21898, 15
21899, 8
21900, 7
21901, 7
21902, 16
21903, 24
21904, 40
21906, 8
21907, 16
21908, 7
21909, 8
21910, 8
21911, 25
21912, 24
21913, 16
21914, 31
21915, 15
21916, 24
21918, 33
21919, 40
21920, 23
21921, 23
21922, 41
21923, 8
21924, 15
21925, 32
21926, 16
21927, 16
21928, 39
21929, 24
21930, 32
21931, 16
21932, 40
21933, 32
21934, 24
21935, 16
21936, 48
21937, 54
21938, 24
21939, 16
21940, 39
21941, 15
21942, 41
21943, 73
21944, 56
21945, 32
21946, 8
21947, 15
21948, 64
21949, 48
21950, 58
21951, 32
21952, 8
21953, 16
21954, 48
21955, 15
21956, 32
21957, 16
21958, 40
21959, 39
21960, 31
21962, 8
21963, 24
21964, 32
21965, 24
21966, 15
21967, 16
21968, 15
21969, 7
21970, 32
21971, 32
21972, 15
21973, 16
21974, 23
21975, 23
21976, 24
21977, 24
21979, 25
21980, 8
21981, 8
21982, 7
21983, 24
21984, 7
21985, 16
21986, 7
21987, 8
21988, 24
21989, 33
21990, 15
21992, 24
21993, 7
21995, 8
21996, 16
21997, 33
21998, 16
21999, 32
22000, 24
22001, 8
22002, 16
22003, 16
22004, 40
22005, 39
22006, 16
22007, 24
22008, 23
22009, 16
22010, 23
22011, 24
22012, 32
22013, 7
22014, 33
22015, 39
22016, 8
22017, 39
22018, 40
22019, 16
22020, 31
22021, 40
22022, 64
22023, 7
22024, 24
22025, 33
22026, 24
22027, 16
22028, 73
22029, 72
22030, 24
22031, 32
22032, 8
22033, 49
22034, 57
22035, 25
22036, 56
22037, 31
22038, 24
22039, 16
22040, 41
22041, 16
22042, 24
22043, 32
22044, 41
22045, 41
22046, 8
22048, 24
22049, 23
22050, 23
22051, 32
22053, 32
22054, 8
22055, 24
22056, 16
22057, 31
22058, 24
22059, 24
22060, 24
22061, 16
22062, 25
22063, 8
22064, 8
22065, 15
22066, 8
22067, 7
22068, 24
22069, 15
22070, 16
22071, 8
22073, 16
22074, 32
22075, 16
22076, 15
22077, 8
22078, 16
22079, 7
22080, 8
22081, 8
22082, 8
22083, 40
22084, 16
22085, 40
22086, 7
22087, 16
22088, 7
22089, 16
22090, 73
22091, 7
22092, 24
22093, 32
22094, 7
22095, 23
22096, 32
22097, 15
22098, 23
22099, 33
22100, 32
22101, 24
22102, 25
22103, 23
22104, 47
22105, 16
22106, 33
22107, 65
22108, 23
22109, 24
22110, 24
22111, 40
22112, 16
22113, 32
22114, 74
22115, 56
22116, 24
22117, 23
22118, 7
22119, 80
22120, 23
22121, 40
22122, 56
22123, 8
22124, 32
22125, 33
22126, 23
22127, 24
22128, 7
22129, 48
22130, 56
22131, 15
22133, 8
22134, 24
22135, 32
22136, 15
22137, 23
22138, 24
22139, 15
22140, 16
22141, 7
22142, 31
22143, 23
22144, 24
22145, 24
22146, 16
22147, 15
22148, 32
22150, 25
22151, 8
22152, 8
22153, 8
22154, 31
22155, 8
22156, 7
22157, 7
22158, 16
22159, 8
22160, 32
22161, 24
22163, 15
22164, 7
22165, 7
22166, 16
22168, 40
22169, 15
22170, 41
22171, 7
22172, 15
22173, 16
22174, 25
22175, 32
22176, 24
22177, 31
22178, 32
22179, 25
22180, 7
22181, 15
22182, 31
22183, 24
22184, 23
22185, 40
22186, 15
22187, 24
22188, 32
22189, 49
22190, 16
22191, 24
22192, 49
22193, 56
22194, 7
22195, 24
22196, 57
22198, 24
22199, 49
22200, 71
22201, 47
22202, 31
22203, 8
22204, 32
22205, 73
22206, 25
22207, 57
22208, 23
22209, 8
22210, 23
22211, 48
22212, 16
22213, 24
22214, 32
22215, 39
22216, 48
22219, 24
22220, 24
22221, 23
22222, 31
22223, 8
22224, 16
22225, 23
22226, 8
22227, 31
22228, 23
22229, 24
22230, 16
22231, 23
22232, 15
22233, 15
22234, 23
22236, 22
22237, 8
22238, 7
22239, 32
22240, 8
22241, 8
22242, 15
22244, 7
22245, 23
22246, 39
22247, 7
22248, 8
22249, 15
22250, 7
22252, 15
22253, 16
22254, 31
22255, 24
22256, 32
22258, 23
22259, 16
22260, 24
22261, 56
22262, 8
22263, 33
22264, 15
22265, 23
22266, 24
22267, 24
22268, 8
22269, 31
22270, 24
22271, 39
22272, 15
22273, 32
22274, 40
22275, 25
22276, 32
22277, 24
22278, 64
22279, 23
22280, 16
22281, 40
22282, 24
22283, 7
22284, 65
22285, 31
22286, 62
22287, 48
22288, 15
22289, 24
22290, 40
22291, 47
22292, 65
22293, 23
22294, 14
22295, 32
22296, 25
22297, 23
22298, 31
22299, 24
22300, 49
22301, 32
22302, 15
22303, 7
22305, 39
22306, 23
22307, 16
22308, 15
22309, 24
22310, 23
22311, 16
22312, 8
22313, 49
22314, 8
22315, 23
22316, 23
22317, 24
22318, 8
22319, 30
22321, 16
22322, 7
22323, 7
22324, 7
22325, 39
22327, 16
22328, 7
22329, 16
22330, 8
22331, 31
22332, 24
22334, 16
22335, 16
22337, 7
22338, 7
22339, 48
22340, 8
22341, 41
22342, 16
22343, 8
22344, 15
22345, 25
22346, 31
22347, 32
22348, 24
22349, 31
22350, 16
22351, 15
22352, 23
22353, 24
22354, 23
22355, 23
22356, 24
22357, 39
22358, 8
22359, 48
22360, 24
22361, 40
22362, 16
22363, 56
22364, 48
22365, 16
22366, 16
22367, 39
22368, 15
22369, 24
22370, 48
22371, 72
22372, 39
22373, 40
22375, 56
22376, 47
22377, 40
22378, 57
22379, 7
22380, 31
22381, 16
22382, 40
22383, 25
22384, 16
22385, 41
22386, 31
22387, 40
22388, 8
22390, 32
22391, 24
22392, 24
22393, 23
22394, 16
22395, 7
22396, 15
22397, 24
22398, 33
22399, 15
22400, 16
22401, 32
22402, 32
22403, 8
22404, 32
22406, 8
22407, 23
22409, 15
22410, 16
22411, 16
22412, 8
22413, 7
22414, 15
22415, 16
22416, 16
22417, 23
22418, 15
22419, 8
22420, 16
22421, 7
22422, 8
22424, 40
22425, 15
22426, 24
22427, 32
22428, 8
22429, 16
22430, 7
22431, 41
22432, 24
22433, 31
22434, 31
22435, 23
22436, 15
22437, 24
22438, 23
22439, 15
22440, 23
22441, 32
22442, 23
22443, 23
22444, 40
22445, 40
22446, 8
22447, 31
22448, 24
22449, 79
22450, 23
22451, 16
22452, 32
22453, 32
22454, 16
22455, 49
22456, 56
22457, 54
22458, 40
22459, 16
22460, 8
22461, 57
22462, 31
22463, 55
22464, 46
22465, 7
22466, 24
22467, 41
22468, 15
22469, 23
22470, 24
22471, 56
22472, 24
22473, 32
22476, 32
22477, 23
22478, 23
22479, 22
22480, 24
22481, 15
22482, 16
22483, 24
22484, 23
22485, 24
22486, 16
22487, 24
22488, 32
22490, 31
22491, 8
22492, 16
22493, 8
22495, 15
22496, 23
22497, 15
22498, 15
22500, 15
22501, 16
22502, 23
22503, 24
22505, 15
22506, 7
22507, 7
22508, 7
22509, 8
22510, 32
22511, 23
22512, 32
22513, 24
22514, 16
22515, 8
22516, 16
22517, 56
22518, 24
22520, 47
22521, 15
22522, 15
22523, 32
22524, 16
22525, 31
22526, 8
22527, 32
22528, 40
22529, 49
22530, 16
22531, 15
22532, 40
22533, 24
22534, 57
22535, 40
22536, 8
22537, 24
22538, 48
22539, 8
22540, 16
22541, 62
22542, 71
22543, 31
22544, 23
22545, 23
22546, 58
22547, 48
22548, 16
22549, 56
22550, 30
22551, 16
22552, 15
22553, 40
22554, 24
22555, 24
22556, 40
22557, 31
22558, 48
22561, 32
22562, 24
22563, 32
22564, 7
22565, 24
22566, 16
22567, 8
22568, 24
22569, 16
22570, 31
22571, 24
22572, 16
22573, 23
22574, 15
22575, 24
22576, 15
22578, 22
22579, 7
22580, 16
22581, 24
22582, 7
22583, 16
22584, 7
22586, 24
22587, 24
22588, 24
22589, 7
22590, 8
22591, 16
22592, 7
22593, 8
22594, 7
22595, 16
22596, 31
22597, 24
22598, 32
22599, 8
22600, 24
22602, 48
22603, 23
22604, 23
22605, 24
22606, 22
22607, 23
22608, 24
22609, 24
22610, 24
22611, 15
22612, 23
22613, 39
22614, 23
22615, 40
22616, 24
22617, 32
22618, 24
22619, 32
22620, 65
22621, 24
22622, 8
22623, 40
22624, 15
22625, 31
22626, 65
22627, 56
22628, 48
22629, 16
22630, 32
22631, 8
22632, 71
22633, 32
22634, 40
22635, 47
22636, 7
22637, 24
22638, 32
22639, 39
22640, 7
22641, 23
22642, 56
22643, 32
22644, 23
22646, 16
22647, 24
22648, 32
22649, 7
22650, 23
22651, 24
22652, 16
22653, 16
22654, 24
22655, 32
22656, 24
22657, 8
22658, 24
22659, 24
22660, 15
22661, 23
22663, 23
22664, 8
22665, 8
22666, 16
22667, 24
22669, 23
22671, 16
22672, 8
22673, 31
22674, 24
22676, 8
22677, 23
22678, 8
22680, 16
22681, 32
22682, 24
22683, 24
22684, 15
22685, 24
22686, 8
22687, 33
22688, 23
22689, 31
22690, 23
22691, 31
22692, 16
22693, 23
22694, 25
22695, 7
22696, 31
22697, 15
22698, 49
22699, 24
22700, 32
22701, 15
22702, 40
22703, 24
22704, 32
22705, 56
22706, 32
22707, 24
22708, 7
22709, 47
22710, 15
22711, 33
22712, 48
22713, 64
22714, 46
22715, 31
22716, 7
22717, 49
22718, 39
22719, 40
22720, 56
22721, 24
22722, 24
22723, 24
22724, 31
22725, 15
22726, 23
22727, 40
22728, 39
22729, 39
22732, 23
22733, 40
22734, 16
22735, 24
22736, 16
22737, 15
22738, 7
22739, 24
22740, 32
22741, 24
22742, 16
22743, 32
22744, 7
22745, 24
22746, 16
22747, 15
22748, 16
22749, 7
22750, 7
22752, 31
22753, 15
22754, 15
22755, 8
22757, 24
22758, 24
22759, 15
22760, 15
22762, 31
22764, 8
22765, 7
22766, 8
22767, 48
22768, 16
22769, 32
22770, 16
22771, 16
22773, 57
22774, 7
22775, 30
22776, 39
22777, 15
22778, 15
22779, 24
22780, 24
22781, 32
22782, 16
22783, 8
22784, 39
22785, 23
22786, 48
22787, 41
22788, 24
22789, 24
22790, 16
22791, 64
22792, 23
22793, 23
22794, 31
22795, 31
22796, 8
22797, 47
22798, 47
22799, 71
22800, 32
22801, 24
22802, 8
22803, 79
22804, 24
22805, 56
22806, 23
22807, 23
22808, 15
22809, 41
22810, 15
22811, 24
22812, 24
22813, 55
22814, 40
22815, 15
22817, 8
22818, 23
22819, 39
22820, 32
22822, 32
22823, 8
22824, 8
22825, 23
22826, 47
22827, 8
22828, 24
22829, 24
22830, 8
22831, 23
22832, 24
22834, 23
22835, 8
22837, 23
22838, 23
22839, 8
22840, 7
22841, 7
22842, 16
22843, 33
22844, 24
22845, 7
22846, 8
22847, 8
22848, 15
22850, 7
22851, 16
22852, 40
22853, 24
22854, 16
22855, 24
22857, 22
22858, 16
22859, 39
22860, 30
22861, 23
22862, 39
22863, 7
22864, 24
22865, 16
22866, 31
22867, 16
22868, 16
22869, 48
22870, 23
22871, 24
22872, 39
22873, 32
22874, 24
22875, 25
22876, 39
22877, 55
22878, 25
22879, 8
22880, 39
22881, 24
22882, 32
22883, 55
22884, 57
22885, 38
22886, 31
22887, 8
22888, 40
22889, 55
22890, 40
22891, 56
22892, 15
22893, 24
22894, 33
22895, 16
22896, 31
22897, 24
22898, 49
22899, 15
22900, 40
22901, 8
22903, 15
22904, 39
22905, 24
22906, 15
22907, 24
22908, 8
22909, 15
22910, 23
22911, 24
22912, 32
22913, 24
22915, 31
22916, 24
22917, 32
22919, 24
22920, 8
22922, 25
22923, 7
22924, 15
22925, 15
22927, 7
22928, 16
22929, 39
22930, 8
22931, 15
22932, 8
22933, 15
22934, 7
22936, 15
22937, 24
22938, 23
22939, 32
22940, 24
22941, 7
22942, 23
22943, 8
22944, 24
22945, 40
22946, 23
22947, 38
22948, 7
22949, 31
22950, 24
22951, 15
22952, 23
22953, 15
22954, 49
22955, 15
22956, 23
22957, 32
22958, 47
22959, 16
22960, 23
22961, 31
22962, 40
22963, 46
22965, 38
22966, 39
22967, 16
22968, 40
22969, 72
22970, 47
22971, 32
22972, 23
22973, 16
22974, 65
22975, 40
22976, 23
22977, 62
22978, 8
22979, 23
22980, 41
22981, 24
22982, 8
22983, 40
22984, 48
22985, 33
22986, 7
22987, 7
22988, 8
22989, 39
22990, 32
22991, 15
22992, 8
22993, 32
22994, 7
22995, 16
22996, 15
22997, 39
22998, 16
22999, 24
23000, 23
23001, 7
23002, 23
23003, 24
23005, 22
23006, 8
23008, 15
23009, 22
23010, 7
23011, 14
23012, 7
23013, 7
23014, 24
23015, 40
23016, 8
23018, 16
23019, 15
23021, 7
23022, 15
23023, 39
23024, 16
23025, 32
23026, 15
23027, 16
23028, 7
23029, 25
23030, 31
23031, 39
23032, 16
23033, 31
23034, 24
23035, 16
23036, 24
23037, 16
23038, 24
23039, 24
23040, 31
23041, 40
23042, 8
23043, 46
23044, 33
23045, 23
23046, 33
23047, 40
23048, 47
23049, 7
23050, 24
23051, 55
23052, 8
23053, 16
23054, 81
23055, 39
23056, 55
23057, 24
23058, 7
23059, 65
23060, 31
23061, 40
23062, 54
23063, 15
23064, 16
23065, 31
23066, 31
23067, 23
23068, 24
23069, 23
23070, 39
23071, 40
23072, 7
23073, 8
23074, 8
23075, 38
23076, 32
23077, 15
23078, 24
23079, 7
23080, 16
23081, 24
23082, 32
23083, 16
23084, 16
23085, 15
23086, 31
23087, 16
23088, 24
23089, 7
23090, 16
23091, 15
23093, 8
23094, 40
23095, 8
23096, 8
23097, 8
23098, 8
23099, 7
23100, 30
23101, 32
23103, 7
23104, 15
23105, 7
23106, 8
23107, 7
23108, 33
23109, 23
23110, 16
23111, 30
23112, 7
23113, 15
23114, 16
23115, 40
23116, 32
23117, 15
23118, 48
23119, 7
23120, 15
23121, 40
23123, 31
23124, 15
23125, 31
23126, 39
23127, 8
23128, 48
23129, 33
23130, 32
23131, 24
23132, 33
23133, 54
23134, 23
23135, 16
23136, 49
23137, 15
23138, 16
23139, 56
23140, 63
23141, 39
23142, 39
23143, 15
23144, 16
23145, 73
23146, 8
23147, 71
23148, 31
23149, 24
23150, 16
23151, 41
23152, 24
23153, 16
23154, 32
23155, 39
23156, 30
23157, 23
23159, 8
23160, 40
23161, 23
23162, 32
23163, 8
23164, 15
23165, 15
23166, 16
23167, 7
23168, 47
23169, 24
23170, 24
23171, 24
23173, 31
23174, 16
23175, 8
23176, 16
23178, 7
23179, 23
23180, 23
23181, 8
23182, 16
23184, 16
23185, 24
23186, 32
23187, 7
23189, 24
23190, 8
23191, 8
23193, 24
23194, 32
23195, 24
23196, 24
23197, 7
23198, 15
23199, 16
23200, 24
23201, 40
23202, 31
23203, 33
23204, 15
23205, 15
23206, 23
23207, 15
23208, 31
23209, 24
23210, 15
23211, 39
23212, 24
23213, 15
23214, 48
23215, 40
23216, 7
23217, 39
23218, 32
23219, 54
23220, 8
23221, 32
23222, 40
23223, 16
23224, 49
23225, 58
23226, 64
23227, 41
23228, 8
23229, 16
23230, 64
23231, 15
23232, 65
23233, 48
23234, 8
23235, 7
23236, 47
23237, 24
23238, 24
23239, 24
23240, 40
23241, 23
23242, 39
23243, 7
23244, 8
23245, 33
23246, 24
23247, 24
23248, 15
23249, 8
23250, 23
23251, 15
23252, 24
23253, 23
23254, 23
23255, 15
23256, 7
23257, 30
23258, 23
23259, 32
23261, 16
23262, 7
23263, 7
23264, 16
23265, 23
23266, 7
23267, 16
23268, 7
23269, 8
23270, 24
23271, 25
23272, 16
23273, 7
23274, 8
23275, 23
23277, 7
23278, 7
23279, 49
23280, 16
23281, 8
23282, 39
23283, 16
23284, 7
23285, 8
23286, 40
23287, 32
23288, 40
23289, 15
23290, 16
23291, 23
23292, 16
23293, 23
23294, 32
23295, 16
23296, 32
23297, 40
23298, 8
23299, 40
23300, 32
23301, 15
23302, 39
23303, 40
23304, 56
23305, 7
23306, 23
23307, 32
23308, 30
23309, 8
23310, 72
23311, 47
23312, 47
23313, 40
23314, 8
23315, 24
23316, 63
23317, 31
23318, 64
23319, 31
23321, 39
23322, 33
23323, 8
23324, 39
23325, 24
23326, 48
23327, 31
23328, 15
23330, 24
23331, 15
23332, 23
23333, 40
23335, 23
23336, 15
23337, 16
23338, 24
23339, 32
23340, 7
23341, 23
23342, 31
23343, 15
23344, 32
23345, 7
23347, 24
23348, 8
23349, 8
23350, 23
23351, 16
23352, 16
23353, 8
23354, 8
23356, 40
23357, 32
23359, 8
23360, 16
23361, 8
23362, 8
23364, 24
23365, 23
23366, 23
23367, 32
23368, 15
23369, 8
23370, 16
23371, 8
23372, 46
23373, 40
23374, 31
23375, 24
23376, 15
23377, 33
23378, 16
23379, 16
23380, 15
23381, 23
23382, 56
23383, 8
23384, 32
23385, 32
23386, 32
23387, 32
23388, 24
23389, 55
23390, 30
23391, 16
23392, 31
23393, 24
23394, 15
23395, 40
23396, 56
23397, 62
23398, 23
23399, 47
23401, 49
23402, 63
23403, 23
23404, 62
23405, 8
23406, 23
23407, 40
23408, 15
23409, 24
23410, 15
23411, 40
23412, 47
23413, 31
23415, 8
23416, 15
23417, 31
23418, 23
23419, 23
23420, 16
23421, 22
23422, 7
23423, 15
23424, 47
23425, 8
23426, 16
23427, 31
23428, 16
23429, 24
23430, 24
23432, 24
23433, 8
23434, 8
23435, 7
23436, 24
23437, 7
23438, 16
23439, 8
23441, 32
23442, 32
23443, 8
23444, 7
23445, 16
23446, 7
23447, 7
23448, 7
23449, 16
23450, 24
23451, 23
23452, 33
23453, 16
23454, 16
23455, 15
23456, 16
23457, 31
23458, 48
23460, 48
23461, 24
23462, 16
23463, 16
23464, 16
23465, 32
23466, 16
23467, 48
23468, 7
23469, 23
23470, 47
23471, 32
23472, 23
23473, 7
23474, 47
23475, 55
23476, 23
23477, 16
23478, 39
23479, 24
23480, 16
23481, 48
23482, 79
23483, 56
23484, 23
23486, 24
23487, 79
23488, 16
23489, 55
23490, 39
23491, 8
23492, 31
23493, 40
23494, 16
23495, 15
23496, 41
23497, 39
23498, 32
23499, 15
23501, 16
23502, 23
23503, 31
23504, 23
23505, 15
23506, 15
23507, 23
23508, 16
23509, 16
23510, 32
23511, 32
23512, 8
23513, 24
23514, 15
23515, 24
23516, 15
23517, 16
23518, 8
23519, 8
23520, 16
23521, 8
23522, 23
23523, 16
23524, 8
23526, 16
23527, 15
23528, 23
23529, 23
23531, 16
23532, 15
23533, 7
23534, 8
23535, 24
23536, 24
23537, 16
23538, 40
23540, 23
23541, 7
23542, 23
23543, 39
23544, 32
23545, 24
23546, 22
23547, 23
23548, 16
23549, 33
23550, 8
23551, 40
23552, 8
23553, 47
23554, 15
23555, 32
23556, 24
23557, 40
23558, 23
23559, 25
23560, 72
23561, 23
23562, 15
23563, 32
23564, 40
23565, 16
23566, 23
23567, 71
23568, 63
23569, 24
23570, 15
23571, 15
23572, 39
23573, 70
23574, 32
23575, 55
23576, 7
23577, 24
23578, 40
23579, 32
23580, 8
23581, 15
23582, 56
23583, 47
23584, 8
23585, 7
23587, 39
23588, 24
23589, 32
23590, 8
23591, 24
23592, 16
23593, 8
23594, 16
23595, 49
23596, 16
23597, 7
23598, 31
23599, 24
23600, 16
23601, 24
23603, 23
23605, 15
23607, 31
23608, 7
23609, 15
23610, 7
23611, 16
23612, 16
23613, 16
23614, 22
23615, 7
23616, 16
23617, 7
23618, 7
23619, 7
23620, 15
23621, 41
23622, 7
23623, 23
23624, 23
23625, 24
23626, 8
23627, 16
23628, 40
23629, 16
23630, 22
23631, 48
23632, 15
23633, 15
23634, 32
23635, 16
23636, 32
23637, 16
23638, 24
23639, 39
23640, 8
23641, 49
23642, 15
23643, 39
23644, 24
23645, 32
23646, 71
23647, 8
23648, 16
23649, 47
23650, 15
23651, 25
23652, 49
23653, 71
23654, 47
23655, 23
23656, 16
23657, 33
23658, 63
23659, 24
23660, 49
23661, 39
23662, 16
23663, 24
23664, 40
23665, 15
23666, 15
23667, 32
23668, 47
23669, 40
23670, 7
23672, 33
23673, 23
23674, 24
23675, 23
23676, 8
23677, 24
23678, 16
23679, 8
23680, 31
23681, 31
23682, 8
23683, 24
23684, 15
23685, 32
23686, 23
23687, 7
23688, 25
23690, 7
23691, 8
23692, 24
23693, 15
23694, 16
23695, 7
23696, 8
23698, 40
23699, 24
23700, 7
23701, 8
23702, 7
23703, 15
23704, 8
23706, 24
23707, 31
23708, 15
23709, 38
23710, 7
23711, 16
23712, 8
23713, 40
23714, 32
23715, 22
23716, 40
23717, 16
23718, 15
23719, 15
23720, 23
23721, 32
23722, 24
23723, 7
23724, 47
23725, 15
23726, 31
23727, 40
23728, 33
23729, 23
23730, 23
23731, 64
23732, 23
23733, 24
23734, 33
23735, 32
23736, 8
23737, 39
23738, 63
23739, 47
23740, 56
23741, 8
23742, 16
23743, 56
23744, 48
23745, 32
23746, 65
23748, 31
23749, 8
23750, 39
23751, 31
23752, 16
23753, 39
23754, 47
23755, 22
23758, 40
23759, 24
23760, 32
23761, 7
23762, 24
23763, 8
23764, 15
23765, 23
23766, 40
23767, 16
23768, 25
23769, 24
23770, 16
23771, 8
23772, 14
23773, 15
23774, 24
23775, 7
23777, 24
23778, 25
23780, 15
23781, 8
23782, 8
23783, 16
23784, 31
23785, 24
23787, 8
23788, 23
23790, 8
23791, 7
23792, 39
23793, 24
23794, 24
23795, 15
23796, 16
23797, 15
23798, 8
23799, 47
23800, 16
23801, 22
23802, 38
23803, 24
23804, 16
23805, 23
23806, 15
23807, 31
23808, 15
23809, 32
23810, 39
23811, 16
23812, 39
23813, 31
23814, 31
23815, 25
23816, 40
23817, 47
23818, 24
23820, 54
23821, 15
23822, 16
23823, 72
23824, 71
23825, 32
23826, 24
23827, 15
23828, 24
23829, 62
23830, 31
23831, 71
23832, 15
23833, 24
23834, 7
23835, 48
23836, 16
23837, 23
23838, 32
23839, 39
23840, 40
23841, 7
23843, 33
23844, 16
23845, 23
23846, 31
23847, 8
23848, 15
23849, 23
23850, 16
23851, 25
23852, 32
23853, 16
23854, 24
23855, 24
23856, 7
23857, 15
23858, 22
23859, 8
23860, 15
23861, 7
23862, 8
23863, 23
23864, 15
23865, 16
23866, 8
23867, 8
23868, 16
23869, 32
23870, 8
23871, 15
23873, 24
23874, 7
23876, 15
23877, 33
23878, 16
23879, 24
23880, 23
23881, 15
23882, 16
23883, 24
23884, 24
23885, 31
23886, 23
23887, 31
23888, 23
23889, 16
23890, 23
23891, 15
23892, 15
23893, 30
23894, 32
23895, 31
23896, 15
23897, 40
23898, 40
23899, 23
23900, 16
23901, 32
23902, 64
23903, 22
23904, 16
23905, 32
23906, 39
23907, 16
23908, 24
23909, 63
23910, 63
23911, 32
23912, 23
23913, 16
23914, 72
23915, 32
23916, 40
23917, 55
23919, 32
23920, 24
23921, 32
23922, 15
23923, 23
23924, 31
23925, 55
23926, 15
23927, 7
23928, 8
23929, 31
23930, 23
23931, 23
23932, 23
23933, 16
23934, 15
23935, 24
23936, 8
23937, 40
23938, 16
23939, 15
23940, 25
23941, 32
23942, 8
23943, 22
23945, 24
23946, 8
23948, 23
23949, 24
23951, 24
23954, 40
23955, 7
23956, 23
23957, 7
23958, 23
23959, 8
23961, 8
23962, 7
23963, 32
23964, 32
23965, 15
23966, 31
23968, 23
23969, 24
23970, 39
23971, 32
23972, 16
23973, 31
23974, 24
23975, 16
23976, 16
23977, 15
23978, 39
23980, 40
23981, 23
23982, 23
23983, 46
23984, 32
23985, 31
23986, 16
23987, 73
23988, 31
23989, 16
23990, 41
23991, 16
23992, 15
23993, 32
23994, 48
23995, 71
23996, 48
23997, 16
23998, 15
23999, 56
24000, 40
24001, 24
24002, 56
24003, 31
24004, 8
24005, 48
24006, 16
24007, 31
24008, 7
24009, 39
24010, 38
24011, 47
24014, 23
24015, 24
24016, 39
24017, 15
24018, 8
24019, 32
24020, 8
24021, 7
24022, 40
24023, 15
24024, 31
24025, 24
24026, 16
24027, 7
24028, 31
24029, 7
24030, 8
24031, 15
24032, 8
24033, 24
24035, 23
24036, 15
24037, 7
24039, 16
24040, 15
24041, 31
24042, 15
24043, 8
24044, 24
24047, 15
24048, 24
24049, 24
24050, 15
24051, 38
24052, 8
24053, 24
24054, 8
24055, 32
24056, 33
24057, 24
24058, 48
24059, 8
24060, 24
24061, 24
24062, 16
24063, 24
24064, 15
24065, 24
24066, 39
24067, 24
24068, 24
24069, 38
24070, 24
24071, 40
24072, 24
24073, 71
24074, 7
24075, 16
24076, 40
24077, 31
24079, 65
24080, 57
24081, 46
24082, 47
24083, 8
24084, 24
24085, 64
24086, 32
24087, 39
24088, 47
24089, 7
24090, 31
24091, 32
24092, 32
24093, 8
24094, 23
24095, 39
24096, 47
24097, 23
24099, 8
24100, 31
24101, 24
24102, 31
24103, 7
24104, 16
24105, 31
24106, 8
24107, 32
24108, 15
24109, 23
24110, 16
24111, 32
24112, 24
24113, 16
24114, 16
24116, 22
24117, 7
24118, 16
24119, 8
24120, 15
24121, 15
24122, 7
24123, 7
24124, 8
24125, 23
24126, 23
24127, 23
24129, 15
24130, 15
24132, 8
24133, 24
24134, 16
24135, 31
24136, 25
24137, 23
24138, 7
24139, 16
24140, 24
24141, 39
24142, 7
24143, 22
24144, 55
24145, 7
24146, 24
24147, 16
24148, 15
24149, 31
24150, 7
24151, 56
24152, 15
24153, 23
24154, 40
24155, 32
24156, 31
24157, 7
24158, 63
24159, 48
24161, 22
24162, 64
24164, 39
24165, 64
24166, 48
24167, 31
24168, 39
24170, 40
24171, 63
24172, 24
24173, 64
24174, 23
24175, 24
24176, 7
24177, 40
24178, 32
24179, 7
24180, 31
24181, 46
24182, 41
24183, 7
24185, 40
24186, 16
24187, 24
24188, 23
24189, 16
24190, 16
24191, 16
24192, 16
24193, 33
24194, 15
24195, 23
24196, 16
24197, 32
24198, 16
24199, 32
24201, 24
24203, 7
24204, 16
24205, 24
24206, 8
24207, 15
24208, 7
24209, 8
24210, 16
24211, 24
24212, 15
24213, 15
24215, 23
24216, 7
24217, 8
24218, 8
24219, 16
24220, 31
24221, 24
24222, 31
24223, 16
24224, 16
24225, 8
24226, 39
24227, 23
24228, 23
24229, 23
24230, 30
24231, 23
24232, 32
24233, 16
24234, 16
24235, 15
24236, 40
24237, 24
24238, 14
24239, 47
24240, 16
24241, 31
24242, 31
24243, 23
24244, 89
24246, 15
24247, 40
24248, 23
24249, 15
24250, 31
24251, 95
24252, 31
24253, 47
24254, 8
24255, 24
24256, 71
24257, 24
24258, 65
24259, 23
24260, 16
24261, 23
24262, 32
24263, 32
24264, 16
24265, 15
24266, 56
24267, 24
24268, 30
24270, 16
24271, 23
24272, 16
24273, 39
24274, 15
24275, 16
24276, 7
24277, 24
24278, 15
24279, 32
24280, 24
24281, 24
24282, 15
24283, 15
24284, 24
24285, 23
24287, 23
24288, 8
24289, 8
24290, 24
24291, 7
24292, 15
24293, 8
24294, 7
24295, 8
24296, 24
24297, 15
24298, 22
24299, 7
24300, 16
24301, 15
24303, 7
24304, 24
24305, 32
24306, 16
24307, 31
24308, 16
24309, 16
24310, 7
24311, 31
24312, 40
24313, 25
24314, 16
24315, 31
24316, 23
24317, 16
24318, 32
24319, 16
24320, 24
24322, 48
24323, 31
24324, 24
24325, 40
24326, 33
24327, 8
24328, 48
24329, 32
24330, 56
24331, 16
24332, 24
24333, 40
24334, 7
24335, 32
24336, 63
24337, 56
24338, 64
24339, 8
24340, 7
24341, 57
24342, 47
24343, 31
24344, 57
24345, 16
24346, 16
24347, 23
24348, 41
24349, 24
24350, 16
24351, 40
24352, 48
24353, 23
24354, 7
24356, 40
24357, 24
24358, 16
24359, 23
24360, 7
24361, 23
24362, 24
24363, 7
24364, 41
24365, 7
24366, 32
24367, 16
24368, 23
24369, 15
24370, 15
24371, 15
24372, 16
24373, 7
24374, 7
24375, 16
24376, 24
24377, 7
24378, 16
24379, 7
24380, 7
24382, 31
24383, 31
24384, 7
24385, 8
24386, 15
24387, 7
24388, 8
24389, 8
24390, 32
24391, 16
24392, 15
24393, 38
24394, 16
24395, 16
24396, 8
24397, 23
24398, 39
24399, 23
24400, 39
24401, 15
24402, 23
24403, 24
24404, 15
24405, 32
24406, 8
24407, 31
24408, 32
24409, 23
24410, 49
24411, 24
24412, 24
24413, 24
24414, 24
24415, 79
24416, 16
24417, 16
24418, 24
24419, 39
24420, 8
24421, 64
24422, 63
24423, 31
24424, 39
24425, 15
24426, 24
24427, 71
24428, 33
24429, 57
24430, 23
24431, 32
24432, 16
24433, 23
24434, 32
24435, 16
24436, 16
24437, 64
24438, 32
24439, 15
24441, 8
24442, 31
24443, 24
24444, 39
24445, 16
24446, 7
24447, 15
24448, 7
24449, 23
24450, 38
24451, 16
24452, 24
24453, 24
24454, 16
24455, 7
24456, 31
24457, 16
24458, 7
24459, 8
24460, 8
24461, 15
24462, 24
24464, 23
24466, 16
24467, 24
24468, 24
24469, 15
24471, 16
24472, 15
24474, 8
24475, 24
24476, 31
24477, 23
24478, 16
24479, 15
24480, 15
24481, 15
24482, 32
24483, 23
24484, 40
24485, 23
24486, 32
24487, 7
24488, 32
24489, 16
24490, 15
24491, 23
24492, 23
24493, 32
24494, 40
24495, 24
24496, 15
24497, 46
24498, 32
24499, 25
24500, 32
24501, 54
24502, 16
24503, 24
24504, 31
24505, 15
24506, 32
24507, 47
24508, 78
24509, 47
24510, 16
24511, 16
24512, 16
24513, 70
24514, 40
24515, 46
24516, 14
24517, 40
24519, 48
24520, 16
24521, 32
24522, 16
24523, 71
24524, 15
24525, 7
24527, 31
24528, 32
24529, 8
24530, 31
24531, 8
24532, 31
24533, 8
24534, 16
24535, 32
24536, 22
24537, 16
24538, 23
24539, 32
24540, 8
24541, 32
24543, 16
24544, 7
24545, 8
24546, 7
24547, 39
24549, 15
24550, 7
24551, 7
24552, 15
24553, 24
24554, 24
24555, 7
24556, 16
24557, 7
24558, 7
24559, 7
24560, 7
24561, 48
24563, 15
24564, 39
24565, 7
24566, 24
24567, 8
24568, 39
24569, 32
24570, 32
24571, 15
24572, 32
24573, 15
24574, 24
24575, 23
24576, 16
24577, 23
24578, 16
24579, 31
24580, 39
24581, 24
24582, 31
24583, 31
24584, 24
24585, 49
24586, 47
24587, 23
24588, 24
24589, 32
24590, 23
24591, 8
24592, 48
24593, 80
24594, 39
24595, 32
24596, 24
24597, 8
24598, 72
24599, 48
24600, 41
24601, 30
24602, 15
24603, 32
24604, 25
24605, 32
24606, 15
24607, 32
24608, 38
24609, 32
24610, 23
24612, 16
24613, 23
24614, 24
24615, 39
24616, 8
24617, 16
24618, 16
24619, 24
24620, 8
24621, 39
24622, 7
24623, 23
24624, 40
24625, 7
24626, 23
24627, 15
24628, 8
24629, 15
24630, 8
24631, 8
24632, 24
24633, 15
24634, 8
24635, 7
24636, 7
24637, 16
24638, 16
24639, 40
24640, 7
24641, 8
24642, 16
24643, 7
24645, 15
24646, 16
24647, 32
24648, 16
24649, 32
24650, 7
24651, 32
24653, 40
24654, 16
24655, 38
24656, 25
24657, 23
24658, 16
24659, 23
24660, 24
24661, 16
24662, 23
24663, 31
24664, 24
24665, 40
24666, 24
24667, 15
24668, 47
24669, 16
24670, 40
24671, 56
24672, 32
24673, 16
24674, 32
24675, 40
24677, 40
24678, 81
24679, 56
24681, 46
24682, 8
24683, 33
24684, 70
24685, 24
24686, 64
24687, 14
24688, 33
24689, 24
24690, 23
24691, 16
24692, 15
24693, 40
24694, 72
24695, 16
24697, 8
24698, 33
24699, 15
24700, 23
24701, 23
24702, 25
24703, 7
24704, 15
24705, 24
24706, 33
24707, 16
24708, 24
24709, 24
24710, 15
24711, 23
24712, 24
24714, 24
24716, 7
24717, 16
24718, 24
24719, 16
24721, 15
24723, 32
24724, 15
24725, 24
24726, 7
24727, 8
24728, 15
24729, 7
24730, 7
24731, 7
24732, 32
24733, 23
24734, 24
24735, 23
24736, 15
24737, 16
24738, 24
24739, 32
24740, 32
24741, 16
24742, 31
24743, 32
24744, 8
24745, 16
24746, 23
24747, 32
24748, 16
24749, 32
24750, 24
24751, 23
24752, 40
24753, 24
24754, 31
24755, 15
24756, 47
24757, 62
24758, 7
24759, 33
24760, 31
24761, 23
24762, 24
24763, 49
24764, 64
24765, 47
24766, 31
24767, 15
24768, 25
24769, 65
24770, 24
24771, 71
24772, 24
24774, 31
24775, 40
24776, 24
24777, 15
24778, 24
24779, 55
24780, 39
24781, 8
24783, 24
24784, 24
24785, 24
24786, 22
24787, 16
24788, 15
24789, 15
24790, 7
24791, 32
24792, 31
24793, 15
24794, 15
24795, 31
24796, 23
24797, 16
24798, 14
24800, 23
24801, 8
24802, 8
24803, 16
24804, 23
24805, 8
24806, 16
24808, 16
24809, 24
24810, 33
24811, 7
24812, 8
24813, 16
24814, 7
24815, 8
24816, 8
24817, 7
24818, 39
24819, 7
24820, 32
24821, 15
24822, 23
24823, 7
24824, 32
24825, 32
24826, 30
24827, 24
24828, 31
24829, 24
24830, 7
24831, 33
24832, 16
24833, 15
24834, 24
24835, 39
24836, 32
24837, 33
24838, 16
24839, 39
24840, 31
24841, 16
24842, 39
24843, 53
24844, 15
24845, 23
24846, 47
24847, 8
24848, 15
24849, 96
24850, 23
24851, 63
24852, 15
24853, 16
24854, 48
24855, 55
24856, 40
24857, 48
24858, 8
24859, 32
24860, 16
24861, 48
24862, 16
24863, 16
24864, 24
24865, 47
24866, 39
24868, 8
24869, 24
24870, 32
24871, 24
24872, 15
24873, 7
24874, 23
24875, 16
24876, 15
24877, 31
24878, 23
24879, 24
24880, 24
24881, 23
24882, 16
24883, 15
24884, 7
24885, 16
24886, 16
24888, 24
24889, 24
24890, 8
24892, 15
24893, 8
24894, 16
24895, 32
24896, 24
24898, 15
24899, 7
24900, 7
24901, 7
24902, 7
24903, 40
24904, 23
24905, 25
24906, 15
24907, 16
24908, 15
24909, 8
24910, 48
24911, 40
24912, 25
24913, 15
24914, 15
24915, 23
24916, 24
24917, 24
24918, 15
24919, 23
24920, 32
24921, 23
24922, 23
24923, 49
24924, 7
24925, 38
24926, 23
24927, 23
24928, 87
24930, 31
24931, 31
24932, 23
24933, 16
24934, 47
24935, 71
24936, 47
24937, 40
24939, 31
24940, 56
24941, 38
24942, 55
24943, 31
24944, 8
24945, 32
24946, 32
24947, 23
24948, 16
24949, 48
24950, 30
24951, 23
24952, 23
24954, 32
24955, 7
24956, 40
24957, 16
24958, 16
24959, 15
24960, 23
24961, 8
24962, 16
24963, 39
24964, 16
24965, 32
24966, 16
24967, 23
24968, 24
24969, 8
24970, 16
24971, 7
24972, 8
24973, 8
24974, 23
24975, 15
24976, 8
24977, 15
24978, 8
24979, 7
24980, 7
24981, 46
24982, 7
24984, 16
24985, 14
24986, 8
24987, 8
24988, 33
24989, 16
24990, 15
24991, 32
24992, 15
24993, 8
24994, 24
24995, 32
24996, 32
24997, 23
24998, 15
24999, 38
25000, 16
25001, 15
25002, 31
25003, 7
25004, 31
25005, 24
25006, 39
25007, 15
25008, 32
25009, 32
25010, 40
25011, 16
25012, 24
25013, 72
25014, 22
25015, 16
25016, 32
25017, 23
25018, 23
25019, 32
25020, 73
25021, 47
25022, 47
25023, 15
25024, 7
25025, 73
25026, 23
25027, 48
25028, 39
25029, 22
25030, 23
25031, 15
25032, 38
25033, 24
25034, 32
25035, 31
25036, 31
25037, 38
25040, 40
25041, 24
25042, 16
25043, 31
25044, 16
25045, 16
25046, 16
25047, 7
25048, 40
25049, 7
25050, 31
25051, 16
25052, 32
25053, 16
25054, 23
25056, 23
25058, 7
25059, 15
25060, 24
25061, 7
25062, 7
25063, 15
25064, 8
25065, 24
25066, 23
25067, 15
25068, 7
25069, 24
25071, 7
25072, 7
25073, 16
25074, 41
25075, 16
25076, 16
25077, 31
25078, 8
25079, 15
25080, 25
25081, 40
25082, 16
25083, 40
25084, 24
25085, 7
25086, 23
25087, 16
25088, 23
25089, 40
25090, 8
25091, 41
25092, 24
25093, 15
25094, 47
25095, 40
25096, 23
25097, 8
25098, 39
25099, 63
25100, 7
25101, 32
25102, 39
25103, 16
25104, 16
25105, 31
25106, 86
25107, 39
25108, 47
25110, 40
25111, 63
25112, 15
25113, 87
25114, 7
25115, 24
25116, 15
25117, 31
25118, 23
25119, 23
25120, 32
25121, 39
25122, 41
25123, 7
25125, 16
25126, 31
25127, 23
25128, 31
25129, 16
25130, 15
25131, 7
25132, 24
25133, 25
25134, 23
25135, 16
25136, 31
25137, 15
25138, 23
25139, 16
25140, 15
25141, 24
25143, 8
25145, 31
25146, 15
25147, 8
25148, 15
25149, 8
25150, 16
25151, 32
25152, 8
25153, 15
25155, 15
25156, 15
25157, 8
25158, 8
25159, 24
25160, 16
25161, 23
25162, 40
25164, 24
25165, 7
25166, 48
25167, 24
25168, 23
25169, 40
25170, 15
25171, 15
25172, 23
25173, 32
25174, 16
25175, 15
25176, 24
25177, 40
25178, 23
25179, 40
25180, 16
25181, 32
25182, 31
25183, 23
25184, 63
25185, 22
25186, 24
25187, 33
25188, 31
25189, 8
25190, 32
25191, 80
25192, 57
25193, 24
25194, 23
25195, 16
25196, 72
25197, 24
25198, 56
25199, 39
25200, 7
25201, 24
25202, 40
25203, 15
25204, 16
25205, 31
25206, 56
25207, 31
25208, 15
25209, 7
25210, 8
25211, 23
25212, 40
25213, 15
25214, 15
25215, 15
25216, 23
25218, 22
25219, 40
25220, 24
25221, 16
25222, 15
25223, 23
25224, 24
25225, 24
25227, 24
25228, 8
25229, 8
25230, 7
25231, 32
25233, 16
25234, 7
25235, 8
25236, 24
25237, 23
25238, 23
25240, 16
25241, 15
25243, 8
25244, 16
25245, 16
25246, 30
25247, 32
25248, 15
25249, 24
25250, 7
25251, 16
25252, 48
25253, 15
25254, 39
25255, 33
25256, 8
25257, 15
25258, 32
25259, 16
25260, 24
25261, 16
25262, 32
25263, 39
25264, 24
25265, 32
25266, 40
25267, 24
25268, 25
25269, 40
25270, 54
25271, 16
25272, 8
25273, 48
25274, 15
25275, 24
25276, 56
25277, 71
25278, 48
25279, 16
25280, 7
25281, 39
25282, 54
25283, 23
25284, 63
25285, 31
25286, 24
25287, 7
25288, 48
25289, 15
25290, 23
25291, 23
25292, 39
25293, 39
25294, 15
25296, 25
25297, 31
25298, 15
25299, 23
25300, 24
25301, 16
25302, 8
25303, 16
25304, 31
25305, 32
25306, 16
25307, 16
25308, 23
25309, 15
25310, 31
25311, 7
25312, 16
25313, 7
25314, 7
25315, 16
25316, 15
25317, 15
25318, 8
25319, 16
25320, 8
25321, 7
25322, 24
25323, 40
25325, 8
25326, 15
25327, 7
25328, 7
25329, 8
25330, 7
25331, 38
25332, 16
25333, 24
25334, 22
25335, 16
25336, 15
25337, 32
25338, 31
25339, 23
25340, 32
25341, 14
25342, 31
25343, 8
25344, 32
25345, 24
25346, 15
25347, 23
25348, 47
25349, 7
25350, 23
25351, 47
25352, 24
25353, 32
25354, 24
25355, 64
25356, 22
25357, 24
25358, 40
25359, 23
25361, 56
25362, 63
25363, 55
25364, 24
25365, 23
25366, 16
25367, 80
25368, 24
25369, 56
25370, 31
25371, 7
25372, 32
25373, 16
25374, 31
25375, 23
25376, 15
25377, 64
25378, 32
25379, 23
25381, 7
25382, 31
25383, 15
25384, 31
25385, 15
25386, 16
25387, 23
25388, 15
25389, 24
25390, 24
25391, 32
25392, 7
25393, 23
25394, 32
25395, 8
25396, 16
25397, 15
25398, 16
25399, 8
25401, 24
25402, 7
25403, 15
25404, 15
25405, 7
25406, 8
25407, 16
25408, 23
25409, 23
25410, 7
25411, 7
25412, 23
25413, 8
25415, 8
25416, 48
25417, 16
25418, 16
25419, 23
25420, 15
25421, 15
25422, 16
25423, 48
25424, 31
25425, 33
25426, 25
25427, 8
25428, 24
25429, 24
25430, 15
25431, 32
25432, 8
25433, 31
25434, 39
25435, 24
25436, 31
25437, 31
25438, 32
25439, 24
25440, 49
25441, 47
25442, 16
25443, 16
25444, 40
25445, 15
25446, 32
25447, 47
25448, 63
25449, 47
25450, 32
25451, 8
25452, 32
25453, 56
25454, 40
25455, 65
25456, 15
25458, 64
25459, 7
25460, 23
25461, 15
25462, 49
25463, 39
25464, 23
25465, 15
25466, 8
25467, 24
25468, 15
25469, 48
25471, 15
25472, 24
25473, 15
25474, 15
25475, 24
25476, 23
25477, 15
25478, 31
25479, 15
25480, 23
25481, 16
25482, 15
25483, 8
25484, 15
25485, 8
25486, 16
25487, 8
25488, 23
25489, 15
25490, 8
25491, 8
25492, 8
25493, 31
25494, 16
25495, 15
25497, 32
25499, 8
25501, 16
25502, 47
25503, 15
25504, 31
25505, 7
25506, 24
25507, 16
25508, 32
25509, 15
25510, 30
25511, 40
25512, 24
25513, 8
25514, 23
25515, 31
25516, 16
25517, 16
25518, 40
25519, 23
25520, 23
25521, 24
25522, 39
25523, 32
25524, 15
25525, 32
25526, 56
25527, 38
25528, 16
25529, 32
25530, 32
25531, 25
25532, 24
25533, 71
25534, 48
25535, 48
25536, 8
25537, 24
25538, 65
25539, 31
25540, 57
25541, 39
25543, 23
25544, 49
25545, 24
25546, 7
25547, 31
25548, 56
25549, 16
25550, 31
25553, 40
25554, 24
25555, 24
25556, 15
25557, 31
25559, 23
25560, 16
25561, 32
25562, 15
25563, 31
25564, 15
25565, 23
25566, 7
25567, 31
25569, 24
25570, 8
25571, 8
25572, 16
25573, 16
25574, 15
25575, 8
25576, 7
25577, 16
25578, 24
25579, 24
25580, 16
25582, 16
25583, 15
25584, 8
25586, 16
25587, 32
25588, 24
25589, 24
25590, 23
25591, 16
25592, 7
25593, 32
25594, 32
25595, 24
25596, 32
25597, 22
25598, 15
25599, 23
25600, 15
25601, 23
25602, 23
25603, 24
25604, 39
25605, 15
25606, 49
25607, 7
25608, 40
25609, 23
25610, 24
25611, 56
25612, 47
25613, 8
25614, 32
25615, 40
25616, 7
25617, 32
25618, 40
25619, 88
25620, 40
25621, 16
25622, 15
25623, 58
25624, 47
25625, 33
25626, 64
25628, 7
25629, 30
25630, 40
25631, 23
25632, 23
25633, 40
25634, 31
25635, 47
25638, 40
25639, 24
25640, 16
25641, 15
25642, 24
25643, 24
25644, 16
25645, 8
25646, 24
25647, 31
25648, 15
25649, 24
25650, 15
25651, 31
25652, 8
25653, 15
25654, 8
25655, 15
25656, 8
25657, 24
25658, 16
25659, 7
25660, 16
25661, 7
25662, 8
25663, 8
25664, 31
25665, 32
25667, 16
25668, 16
25671, 7
25672, 24
25673, 39
25674, 15
25675, 32
25676, 8
25677, 15
25678, 24
25679, 32
25680, 24
25681, 22
25682, 40
25683, 15
25684, 16
25685, 24
25686, 23
25687, 32
25688, 16
25689, 24
25690, 39
25691, 15
25692, 32
25693, 23
25694, 32
25695, 32
25696, 24
25697, 64
25698, 22
25699, 23
25700, 40
25701, 23
25702, 16
25703, 41
25704, 73
25705, 47
25706, 32
25707, 16
25708, 24
25709, 63
25710, 32
25711, 40
25712, 47
25713, 15
25714, 22
25715, 41
25716, 16
25717, 24
25718, 23
25719, 48
25720, 40
25721, 15
25723, 16
25724, 24
25725, 31
25726, 24
25727, 8
25728, 24
25729, 16
25730, 24
25732, 39
25733, 23
25734, 24
25735, 24
25736, 24
25738, 31
25740, 16
25741, 15
25742, 16
25743, 8
25744, 24
25745, 8
25746, 7
25747, 7
25748, 16
25749, 8
25750, 39
25751, 15
25753, 23
25754, 7
25755, 8
25757, 16
25758, 32
25759, 7
25760, 55
25761, 8
25762, 8
25763, 15
25764, 16
25765, 46
25766, 32
25767, 33
25768, 24
25769, 8
25770, 16
25771, 31
25772, 16
25773, 31
25774, 8
25775, 39
25776, 32
25777, 40
25778, 15
25779, 23
25780, 40
25781, 23
25782, 65
25783, 31
25784, 8
25785, 31
25786, 40
25787, 7
25788, 31
25789, 64
25790, 71
25791, 39
25792, 7
25793, 15
25794, 65
25795, 49
25796, 33
25797, 56
25799, 31
25800, 16
25801, 38
25802, 24
25803, 23
25804, 25
25805, 64
25806, 15
25807, 7
25808, 8
25809, 24
25810, 32
25811, 15
25812, 15
25813, 23
25814, 16
25815, 7
25816, 23
25817, 24
25818, 23
25819, 24
25820, 23
25821, 24
25822, 24
25823, 16
25824, 7
25825, 16
25826, 15
25827, 8
25829, 32
25830, 7
25831, 16
25832, 8
25834, 15
25835, 31
25836, 32
25838, 16
25839, 7
25840, 7
25841, 8
25843, 40
25844, 24
25845, 24
25846, 23
25847, 8
25848, 24
25850, 47
25851, 24
25852, 23
25853, 31
25854, 24
25855, 15
25856, 32
25857, 24
25858, 15
25859, 15
25860, 41
25861, 23
25862, 23
25863, 25
25864, 31
25865, 31
25866, 31
25867, 49
25868, 55
25869, 15
25870, 8
25871, 39
25872, 31
25873, 16
25874, 56
25875, 56
25876, 47
25877, 31
25878, 15
25879, 23
25880, 72
25881, 16
25882, 72
25883, 31
25884, 16
25885, 15
25886, 32
25887, 15
25888, 23
25889, 40
25890, 40
25891, 39
25892, 15
25894, 16
25895, 32
25896, 15
25897, 40
25898, 8
25899, 16
25900, 24
25901, 8
25902, 24
25903, 32
25904, 24
25905, 16
25906, 32
25907, 7
25908, 32
25909, 8
25910, 16
25911, 7
25912, 8
25914, 23
25915, 24
25916, 16
25917, 8
25919, 16
25920, 16
25921, 32
25922, 7
25923, 15
25924, 7
25925, 15
25927, 16
25928, 8
25929, 32
25930, 32
25931, 32
25932, 7
25933, 24
25935, 32
25936, 32
25937, 33
25938, 33
25939, 15
25940, 31
25941, 8
25942, 24
25943, 24
25944, 24
25945, 8
25946, 47
25947, 15
25948, 31
25949, 39
25950, 32
25951, 24
25952, 32
25953, 64
25954, 23
25955, 8
25956, 32
25957, 48
25958, 8
25959, 41
25960, 65
25961, 56
25962, 23
25963, 24
25964, 23
25965, 66
25966, 40
25967, 32
25968, 39
25969, 23
25970, 25
25971, 40
25972, 16
25973, 23
25974, 15
25975, 56
25976, 32
25977, 31
25980, 23
25981, 40
25982, 16
25983, 15
25984, 23
25985, 16
25986, 15
25987, 24
25988, 16
25989, 23
25990, 15
25991, 31
25992, 32
25993, 8
25994, 24
25995, 7
25996, 24
25997, 8
25999, 16
26000, 24
26001, 15
26003, 15
26004, 8
26005, 24
26006, 16
26007, 31
26009, 16
26010, 16
26012, 8
26013, 8
26014, 33
26015, 33
26016, 25
26017, 15
26018, 16
26019, 8
26020, 16
26021, 40
26022, 48
26023, 16
26024, 24
26025, 24
26026, 23
26027, 24
26028, 16
26029, 33
26030, 8
26031, 49
26032, 8
26033, 23
26034, 40
26035, 23
26036, 39
26037, 24
26038, 49
26039, 56
26040, 8
26041, 23
26042, 40
26043, 8
26044, 32
26045, 48
26046, 56
26047, 63
26048, 24
26049, 8
26050, 15
26051, 71
26052, 48
26053, 48
26054, 32
26055, 8
26056, 32
26057, 41
26058, 8
26059, 32
26060, 24
26061, 40
26062, 47
26063, 8
26065, 16
26066, 40
26067, 15
26068, 32
26069, 8
26070, 24
26071, 7
26072, 16
26073, 24
26074, 31
26075, 16
26076, 32
26077, 16
26078, 24
26079, 16
26080, 15
26082, 23
26083, 7
26084, 16
26085, 16
26086, 16
26087, 8
26088, 8
26089, 7
26090, 16
26091, 16
26092, 39
26093, 8
26094, 8
26095, 16
26096, 7
26097, 8
26098, 8
26099, 16
26100, 31
26101, 24
26102, 24
26103, 7
26104, 32
26106, 32
26107, 33
26108, 32
26109, 16
26110, 38
26111, 15
26112, 15
26113, 32
26114, 16
26115, 24
26116, 33
26117, 32
26118, 16
26119, 40
26120, 15
26121, 49
26122, 15
26123, 32
26124, 57
26125, 31
26126, 7
26127, 31
26128, 39
26129, 7
26130, 31
26131, 81
26132, 57
26133, 24
26134, 31
26136, 56
26137, 55
26138, 57
26139, 41
26140, 8
26141, 32
26142, 8
26143, 38
26144, 23
26145, 24
26146, 40
26147, 39
26148, 31
26151, 15
26152, 38
26153, 32
26154, 16
26155, 24
26156, 16
26157, 16
26158, 8
26159, 40
26160, 15
26161, 24
26162, 23
26163, 24
26164, 16
26165, 24
26167, 24
26168, 8
26170, 15
26171, 24
26172, 7
26173, 15
26174, 8
26175, 7
26176, 24
26177, 24
26178, 16
26179, 7
26180, 24
26182, 7
26183, 7
26184, 7
26185, 41
26186, 16
26187, 24
26188, 24
26189, 7
26190, 24
26191, 25
26192, 32
26193, 15
26194, 40
26195, 32
26196, 16
26197, 16
26198, 24
26199, 16
26200, 32
26201, 16
26202, 32
26203, 24
26204, 23
26205, 39
26206, 24
26207, 31
26208, 31
26209, 24
26210, 79
26211, 8
26212, 16
26213, 49
26214, 15
26215, 16
26216, 47
26217, 62
26218, 55
26219, 40
26220, 8
26221, 33
26222, 57
26223, 40
26224, 64
26225, 7
26226, 24
26227, 8
26228, 39
26229, 31
26230, 15
26231, 32
26232, 48
26233, 32
26234, 16
26236, 16
26237, 40
26238, 7
26239, 31
26240, 24
26241, 16
26242, 16
26243, 8
26244, 24
26245, 40
26246, 8
26247, 24
26248, 23
26249, 15
26250, 33
26251, 8
26252, 8
26253, 14
26254, 8
26255, 8
26256, 24
26257, 16
26258, 16
26259, 8
26261, 8
26262, 32
26263, 32
26264, 8
26266, 24
26267, 7
26268, 8
26269, 8
26270, 8
26271, 31
26272, 23
26273, 31
26274, 7
26275, 32
26277, 41
26278, 24
26279, 32
26280, 24
26281, 32
26282, 16
26283, 15
26284, 23
26285, 24
26286, 24
26287, 24
26288, 39
26289, 15
26290, 31
26291, 23
26292, 48
26293, 8
26294, 39
26295, 66
26296, 23
26297, 24
26298, 25
26299, 31
26300, 16
26301, 41
26302, 56
26303, 72
26304, 24
26305, 23
26306, 7
26307, 64
26308, 39
26309, 41
26310, 47
26311, 15
26312, 23
26313, 15
26314, 56
26316, 31
26317, 41
26318, 39
26319, 30
26321, 8
26322, 33
26323, 24
26324, 16
26325, 23
26326, 16
26327, 24
26328, 16
26329, 24
26330, 24
26331, 24
26332, 16
26333, 24
26334, 24
26335, 8
26336, 31
26338, 24
26340, 7
26341, 24
26342, 16
26343, 15
26344, 16
26346, 8
26347, 24
26348, 23
26349, 23
26351, 24
26353, 7
26354, 8
26355, 7
26356, 32
26357, 23
26358, 25
26359, 23
26360, 16
26361, 16
26362, 16
26363, 32
26364, 40
26365, 16
26366, 39
26367, 16
26368, 24
26369, 24
26370, 8
26371, 23
26372, 24
26373, 32
26374, 31
26375, 24
26376, 33
26377, 23
26378, 40
26379, 16
26380, 48
26381, 63
26382, 16
26383, 16
26384, 30
26385, 23
26386, 32
26387, 66
26388, 39
26389, 47
26390, 41
26391, 8
26392, 41
26393, 56
26394, 41
26395, 48
26396, 23
26397, 8
26398, 31
26399, 40
26400, 16
26401, 16
26402, 24
26403, 55
26404, 39
26405, 7
26407, 16
26408, 40
26409, 16
26410, 33
26412, 23
26413, 23
26414, 16
26415, 8
26416, 48
26418, 23
26419, 31
26420, 24
26421, 25
26422, 7
26423, 8
26424, 15
26425, 7
26426, 16
26427, 8
26428, 23
26429, 16
26430, 8
26432, 16
26433, 32
26434, 15
26435, 15
26436, 8
26437, 8
26438, 15
26439, 8
26441, 15
26442, 48
26443, 8
26444, 40
26445, 8
26446, 25
26448, 41
26449, 32
26450, 24
26451, 33
26452, 24
26453, 15
26454, 15
26455, 24
26456, 32
26457, 15
26458, 32
26459, 24
26460, 32
26461, 24
26462, 32
26463, 41
26464, 24
26465, 24
26466, 74
26467, 15
26468, 23
26469, 15
26470, 40
26471, 15
26472, 49
26473, 73
26474, 49
26475, 33
26476, 15
26477, 25
26478, 75
26479, 16
26480, 40
26481, 54
26482, 8
26483, 23
26484, 24
26485, 32
26486, 31
26487, 16
26488, 49
26489, 39
26490, 15
26491, 7
26492, 8
26493, 32
26494, 24
26495, 31
26496, 8
26497, 16
26498, 23
26499, 7
26500, 24
26501, 31
26502, 15
26503, 25
26504, 23
26505, 15
26506, 15
26507, 31
26509, 23
26510, 8
26512, 24
26513, 24
26514, 8
26515, 16
26517, 7
26518, 15
26519, 23
26520, 31
26522, 16
26523, 7
26524, 7
26525, 8
26526, 7
26527, 40
26528, 16
26529, 24
26530, 32
26531, 8
26532, 15
26533, 25
26534, 31
26535, 40
26536, 8
26537, 39
26538, 23
26539, 8
26540, 32
26541, 7
26542, 32
26543, 24
26544, 33
26545, 32
26546, 16
26547, 39
26548, 32
26549, 32
26550, 25
26551, 40
26552, 56
26553, 16
26554, 24
26555, 32
26556, 15
26557, 25
26558, 73
26559, 48
26560, 56
26561, 24
26562, 8
26563, 33
26564, 56
26565, 32
26566, 73
26567, 15
26568, 8
26569, 31
26570, 32
26571, 24
26572, 32
26573, 16
26574, 56
26575, 23
26576, 15
26577, 8
26578, 8
26579, 48
26580, 16
26581, 24
26582, 16
26583, 16
26584, 15
26585, 8
26586, 24
26587, 39
26588, 16
26589, 32
26590, 8
26591, 15
26592, 15
26593, 23
26594, 8
26595, 15
26596, 8
26597, 15
26598, 24
26599, 8
26600, 16
26602, 7
26603, 16
26604, 41
26605, 24
26607, 8
26608, 16
26609, 7
26610, 8
26611, 8
26612, 16
26613, 40
26614, 16
26615, 32
26616, 8
26617, 25
26618, 16
26619, 16
26620, 31
26621, 30
26622, 49
26623, 16
26624, 16
26625, 16
26626, 23
26627, 24
26628, 16
26629, 15
26630, 56
26631, 16
26632, 8
26633, 54
26634, 32
26635, 16
26636, 32
26637, 48
26638, 46
26639, 15
26640, 41
26641, 15
26642, 32
26643, 32
26644, 64
26645, 57
26646, 23
26647, 24
26648, 8
26649, 74
26650, 31
26651, 48
26652, 40
26653, 15
26654, 32
26655, 32
26656, 16
26657, 32
26658, 8
26659, 40
26660, 55
26661, 15
26662, 7
26663, 7
26664, 24
26665, 23
26666, 32
26667, 24
26668, 7
26669, 23
26670, 8
26671, 16
26672, 31
26673, 23
26674, 15
26675, 31
26676, 24
26677, 24
26678, 16
26679, 8
26680, 15
26682, 7
26683, 24
26684, 24
26686, 24
26688, 8
26689, 16
26690, 31
26691, 24
26693, 24
26694, 8
26696, 8
26697, 7
26698, 32
26699, 23
26700, 40
26701, 15
26702, 16
26703, 7
26704, 33
26705, 23
26706, 32
26707, 24
26708, 31
26709, 15
26710, 16
26711, 32
26712, 25
26713, 24
26714, 8
26715, 48
26716, 24
26717, 8
26718, 39
26719, 40
26720, 23
26721, 41
26722, 16
26723, 62
26724, 15
26725, 32
26726, 32
26727, 15
26728, 16
26729, 71
26730, 57
26731, 47
26732, 31
26734, 48
26735, 64
26736, 25
26737, 64
26738, 7
26739, 32
26740, 7
26741, 48
26742, 16
26743, 24
26744, 24
26745, 72
26746, 23
26749, 8
26750, 47
26751, 24
26752, 23
26753, 8
26754, 23
26755, 8
26756, 24
26757, 23
26758, 32
26759, 8
26760, 23
26761, 23
26762, 23
26763, 23
26764, 7
26766, 22
26767, 7
26768, 16
26769, 15
26770, 15
26771, 8
26772, 15
26773, 8
26774, 8
26775, 31
26776, 24
26777, 7
26779, 32
26781, 8
26782, 8
26783, 32
26784, 16
26785, 32
26786, 24
26787, 8
26788, 16
26789, 16
26790, 31
26791, 49
26792, 7
26793, 48
26795, 23
26796, 24
26797, 23
26798, 24
26799, 23
26800, 8
26801, 47
26802, 23
26803, 40
26804, 24
26805, 33
26806, 15
26807, 31
26808, 56
26809, 30
26810, 15
26811, 40
26812, 32
26813, 8
26814, 39
26815, 72
26816, 48
26817, 48
26818, 8
26819, 8
26820, 72
26821, 32
26822, 57
26823, 46
26825, 31
26826, 8
26827, 47
26828, 23
26829, 15
26830, 55
26831, 40
26832, 15
26834, 8
26835, 32
26836, 31
26837, 7
26838, 40
26840, 31
26841, 16
26843, 46
26844, 7
26845, 24
26846, 32
26848, 30
26849, 16
26850, 7
26851, 23
26853, 7
26854, 23
26855, 23
26857, 15
26858, 7
26859, 8
26860, 24
26861, 15
26862, 31
26864, 24
26865, 8
26867, 7
26868, 16
26869, 40
26870, 8
26871, 31
26872, 23
26873, 8
26874, 16
26875, 24
26876, 15
26877, 54
26878, 16
26879, 31
26880, 16
26881, 24
26882, 16
26883, 32
26884, 24
26885, 16
26886, 31
26887, 23
26888, 24
26889, 39
26890, 16
26891, 39
26892, 31
26893, 32
26894, 62
26895, 16
26896, 24
26897, 31
26898, 15
26899, 24
26900, 54
26901, 78
26902, 24
26903, 31
26904, 16
26905, 58
26906, 48
26907, 24
26908, 47
26909, 30
26910, 16
26911, 24
26912, 40
26913, 24
26914, 16
26915, 48
26916, 49
26917, 15
26918, 7
26920, 41
26921, 25
26922, 24
26923, 7
26924, 15
26925, 23
26926, 15
26927, 16
26928, 33
26929, 23
26930, 24
26931, 8
26932, 23
26933, 15
26934, 40
26936, 8
26937, 15
26938, 7
26939, 7
26940, 40
26942, 16
26943, 7
26944, 8
26945, 7
26946, 32
26947, 15
26948, 15
26949, 7
26950, 15
26951, 7
26952, 7
26953, 8
26954, 16
26955, 40
26956, 25
26957, 24
26958, 7
26959, 16
26960, 7
26961, 39
26962, 31
26963, 24
26964, 23
26965, 31
26966, 23
26967, 16
26968, 24
26969, 24
26970, 24
26971, 8
26972, 47
26973, 16
26974, 24
26975, 39
26976, 40
26977, 32
26978, 41
26979, 39
26980, 23
26981, 15
26982, 40
26983, 24
26984, 16
26985, 31
26986, 80
26987, 54
26988, 32
26989, 15
26990, 15
26991, 81
26992, 24
26993, 39
26994, 55
26995, 8
26996, 15
26997, 49
26998, 16
26999, 23
27000, 32
27001, 32
27002, 39
27003, 23
27005, 16
27006, 33
27007, 23
27008, 24
27009, 8
27010, 24
27011, 23
27013, 23
27014, 32
27015, 24
27016, 24
27017, 23
27018, 16
27019, 32
27020, 8
27022, 24
27023, 8
27024, 8
27025, 25
27026, 8
27027, 15
27028, 7
27029, 7
27030, 8
27031, 32
27032, 24
27033, 16
27035, 24
27036, 8
27038, 7
27039, 7
27040, 48
27041, 8
27042, 39
27043, 7
27044, 15
27045, 15
27046, 32
27047, 32
27048, 23
27049, 32
27050, 24
27051, 15
27052, 24
27053, 24
27054, 23
27055, 16
27056, 15
27057, 47
27058, 16
27059, 32
27060, 31
27061, 23
27062, 40
27063, 32
27064, 24
27065, 62
27066, 16
27067, 7
27068, 39
27069, 23
27070, 40
27071, 49
27072, 79
27073, 7
27074, 47
27075, 8
27076, 49
27077, 55
27078, 41
27079, 39
27080, 23
27081, 24
27082, 16
27083, 23
27084, 40
27085, 24
27086, 15
27087, 54
27088, 31
27089, 7
27091, 40
27092, 16
27093, 24
27094, 23
27095, 24
27096, 8
27097, 24
27098, 8
27099, 40
27100, 15
27101, 16
27102, 16
27103, 22
27104, 24
27105, 32
27107, 16
27108, 7
27109, 8
27110, 8
27111, 41
27113, 16
27114, 7
27115, 8
27116, 16
27117, 31
27118, 8
27119, 15
27120, 16
27121, 8
27122, 7
27123, 7
27125, 48
27126, 15
27127, 25
27128, 24
27129, 7
27130, 15
27131, 16
27132, 40
27133, 32
27134, 15
27135, 48
27136, 8
27137, 15
27138, 32
27139, 25
27140, 8
27141, 22
27142, 24
27143, 32
27144, 31
27145, 41
27146, 41
27147, 7
27148, 32
27149, 24
27150, 62
27151, 22
27152, 15
27153, 41
27154, 22
27155, 32
27156, 40
27157, 56
27158, 55
27159, 32
27160, 15
27161, 16
27162, 65
27163, 31
27164, 48
27165, 55
27167, 23
27168, 56
27169, 16
27171, 31
27172, 63
27173, 24
27174, 22
27177, 48
27178, 15
27179, 32
27180, 16
27181, 24
27182, 8
27183, 16
27184, 16
27185, 31
27186, 23
27187, 15
27188, 32
27189, 16
27190, 15
27191, 23
27192, 8
27193, 15
27194, 8
27195, 8
27196, 15
27197, 23
27198, 7
27199, 8
27200, 7
27201, 8
27202, 15
27203, 40
27204, 15
27206, 24
27207, 7
27209, 16
27210, 8
27211, 32
27212, 23
27213, 32
27214, 15
27215, 8
27216, 15
27217, 32
27218, 33
27219, 32
27220, 16
27221, 31
27222, 15
27223, 23
27224, 24
27225, 24
27226, 24
27227, 16
27228, 40
27229, 16
27230, 40
27231, 23
27232, 31
27233, 31
27234, 24
27235, 57
27236, 39
27237, 8
27238, 15
27239, 63
27241, 40
27242, 56
27243, 55
27244, 56
27245, 16
27247, 65
27248, 48
27249, 49
27250, 40
27251, 7
27252, 7
27253, 39
27254, 38
27255, 16
27256, 24
27257, 31
27258, 46
27259, 39
27261, 8
27262, 32
27264, 47
27265, 15
27266, 24
27267, 8
27268, 15
27269, 24
27270, 15
27271, 31
27272, 24
27273, 8
27274, 32
27275, 15
27276, 16
27277, 15
27278, 16
27279, 7
27280, 8
27281, 16
27282, 16
27283, 15
27284, 15
27285, 7
27287, 24
27288, 33
27289, 15
27290, 7
27291, 8
27292, 24
27295, 16
27296, 23
27297, 40
27298, 16
27299, 24
27300, 7
27301, 16
27302, 7
27303, 48
27304, 23
27305, 22
27306, 40
27307, 15
27308, 15
27309, 23
27310, 15
27311, 23
27312, 23
27313, 16
27314, 63
27315, 7
27316, 48
27317, 33
27318, 25
27319, 24
27320, 40
27321, 56
27322, 15
27323, 16
27324, 40
27325, 23
27327, 55
27328, 79
27329, 47
27330, 31
27331, 16
27332, 8
27333, 73
27334, 31
27335, 56
27336, 31
27337, 7
27338, 22
27339, 41
27340, 15
27341, 40
27342, 16
27343, 57
27344, 41
27345, 7
27347, 16
27348, 23
27349, 40
27350, 15
27351, 16
27352, 15
27353, 16
27354, 16
27355, 15
27356, 39
27357, 7
27358, 32
27359, 15
27360, 24
27361, 40
27363, 16
27364, 7
27365, 8
27366, 7
27367, 8
27368, 31
27369, 7
27370, 7
27371, 7
27372, 15
27373, 24
27374, 32
27375, 7
27377, 24
27378, 7
27380, 15
27381, 8
27382, 23
27383, 31
27384, 23
27385, 23
27386, 8
27387, 15
27388, 24
27389, 48
27390, 24
27391, 33
27392, 15
27393, 23
27394, 8
27395, 31
27396, 15
27397, 32
27398, 16
27399, 40
27400, 23
27401, 41
27402, 33
27403, 16
27404, 23
27405, 32
27406, 64
27407, 30
27408, 24
27409, 24
27410, 31
27411, 16
27412, 15
27413, 71
27414, 71
27415, 32
27416, 23
27417, 7
27418, 65
27419, 32
27420, 49
27421, 55
27422, 7
27423, 25
27424, 41
27425, 7
27426, 32
27427, 24
27428, 31
27429, 39
27430, 39
27433, 23
27434, 31
27435, 15
27436, 31
27437, 8
27438, 32
27439, 8
27440, 15
27441, 24
27442, 23
27443, 15
27444, 39
27445, 24
27446, 8
27447, 23
27448, 7
27449, 7
27450, 15
27451, 7
27452, 24
27453, 7
27454, 15
27455, 7
27456, 15
27458, 15
27459, 39
27460, 15
27461, 7
27462, 24
27463, 7
27465, 8
27466, 7
27467, 33
27468, 32
27469, 8
27470, 31
27471, 16
27472, 16
27473, 16
27474, 31
27475, 32
27476, 15
27477, 40
27478, 23
27479, 7
27480, 40
27481, 8
27482, 24
27483, 15
27484, 48
27485, 24
27486, 24
27487, 32
27488, 40
27489, 24
27490, 7
27491, 56
27492, 55
27493, 15
27494, 15
27495, 32
27496, 31
27497, 16
27498, 57
27499, 63
27500, 38
27501, 32
27502, 15
27503, 32
27504, 71
27505, 24
27506, 55
27507, 31
27508, 16
27509, 15
27510, 39
27511, 24
27512, 23
27513, 16
27514, 55
27515, 33
27516, 15
27518, 8
27519, 31
27520, 23
27521, 40
27522, 8
27523, 16
27524, 15
27525, 15
27526, 23
27527, 40
27528, 8
27529, 32
27530, 24
27531, 7
27532, 24
27533, 15
27535, 23
27536, 7
27537, 8
27538, 24
27539, 15
27540, 8
27541, 8
27542, 7
27543, 7
27544, 31
27545, 24
27546, 16
27548, 15
27549, 15
27550, 8
27551, 8
27552, 16
27553, 31
27554, 24
27555, 31
27556, 8
27557, 24
27559, 24
27560, 30
27561, 39
27562, 16
27563, 38
27564, 15
27565, 24
27566, 15
27567, 23
27568, 23
27569, 32
27570, 31
27571, 15
27572, 24
27573, 31
27574, 40
27575, 23
27576, 23
27577, 48
27578, 46
27579, 16
27580, 24
27581, 47
27583, 47
27584, 57
27585, 56
27586, 31
27587, 32
27588, 16
27589, 75
27590, 24
27591, 40
27592, 55
27593, 7
27594, 24
27595, 41
27596, 32
27597, 16
27598, 16
27599, 40
27600, 40
27601, 24
27602, 7
27604, 32
27605, 23
27606, 24
27607, 23
27608, 16
27609, 23
27610, 16
27612, 32
27613, 31
27614, 24
27615, 15
27616, 31
27617, 24
27618, 8
27619, 7
27620, 16
27621, 16
27623, 24
27624, 16
27625, 7
27626, 15
27627, 7
27628, 8
27629, 15
27630, 31
27631, 24
27633, 7
27634, 15
27635, 7
27636, 7
27637, 7
27638, 31
27639, 24
27640, 24
27641, 23
27642, 25
27644, 7
27645, 63
27646, 24
27647, 7
27648, 39
27649, 31
27650, 16
27651, 16
27652, 15
27653, 31
27654, 16
27655, 32
27656, 23
27657, 22
27658, 32
27659, 31
27660, 40
27661, 7
27662, 48
27663, 62
27664, 15
27665, 16
27666, 40
27667, 23
27668, 16
27669, 48
27670, 72
27671, 39
27672, 47
27674, 23
27675, 71
27676, 32
27677, 57
27678, 23
27679, 24
27680, 15
27681, 39
27682, 23
27683, 15
27684, 49
27685, 32
27686, 32
27687, 15
27689, 25
27690, 33
27691, 24
27692, 23
27693, 8
27694, 24
27695, 7
27696, 15
27697, 7
27698, 46
27699, 15
27700, 41
27701, 16
27702, 16
27703, 24
27704, 8
27705, 8
27706, 15
27707, 8
27709, 31
27710, 15
27711, 8
27712, 16
27713, 8
27715, 32
27716, 40
27718, 8
27719, 8
27720, 15
27721, 8
27723, 16
27724, 40
27725, 24
27726, 24
27727, 15
27728, 8
27729, 15
27730, 24
27731, 47
27732, 24
27733, 32
27734, 31
27735, 8
27736, 15
27737, 24
27738, 23
27739, 24
27740, 24
27741, 31
27742, 32
27743, 24
27744, 23
27745, 31
27746, 31
27747, 24
27748, 81
27749, 15
27750, 16
27751, 40
27752, 24
27753, 15
27754, 41
27755, 72
27756, 31
27757, 55
27758, 16
27759, 7
27760, 73
27761, 31
27762, 49
27763, 47
27764, 7
27765, 32
27766, 33
27767, 16
27768, 24
27769, 23
27770, 48
27771, 32
27772, 23
27773, 7
27774, 8
27775, 16
27776, 40
27777, 24
27778, 15
27779, 16
27780, 23
27781, 8
27782, 16
27783, 40
27784, 15
27785, 23
27786, 24
27787, 24
27788, 16
27789, 24
27791, 24
27792, 8
27794, 7
27795, 23
27796, 23
27797, 8
27798, 7
27799, 8
27800, 24
27801, 23
27802, 24
27804, 24
27806, 7
27807, 7
27808, 16
27809, 40
27810, 7
27811, 23
27812, 31
27813, 8
27814, 16
27815, 16
27816, 32
27817, 40
27818, 24
27819, 31
27820, 16
27821, 15
27822, 23
27823, 24
27824, 23
27825, 15
27826, 40
27827, 23
27828, 7
27829, 46
27830, 49
27831, 24
27832, 8
27833, 40
27834, 72
27835, 8
27836, 16
27837, 48
27838, 15
27839, 33
27840, 65
27841, 57
27842, 39
27843, 15
27844, 15
27845, 49
27846, 54
27847, 32
27848, 73
27850, 24
27851, 7
27852, 47
27853, 24
27854, 24
27855, 15
27856, 56
27857, 39
27858, 7
27860, 41
27861, 16
27862, 7
27863, 31
27864, 24
27866, 23
27867, 23
27868, 16
27869, 32
27870, 8
27871, 48
27872, 7
27873, 24
27874, 25
27875, 8
27876, 16
27877, 7
27878, 8
27879, 8
27880, 15
27881, 23
27882, 16
27884, 7
27885, 16
27886, 24
27887, 15
27888, 22
27889, 8
27890, 16
27891, 8
27892, 8
27893, 8
27894, 24
27895, 24
27896, 15
27897, 40
27898, 8
27899, 16
27900, 7
27901, 40
27902, 32
27903, 24
27904, 25
27905, 23
27906, 31
27907, 7
27908, 40
27909, 8
27910, 24
27911, 15
27912, 47
27913, 7
27914, 23
27915, 47
27916, 40
27917, 15
27918, 32
27919, 74
27920, 24
27921, 8
27922, 23
27923, 38
27924, 7
27925, 32
27926, 79
27927, 47
27928, 56
27929, 7
27930, 15
27931, 72
27932, 16
27933, 48
27934, 55
27935, 7
27936, 23
27937, 24
27938, 31
27939, 23
27940, 31
27941, 40
27942, 39
27943, 23
27946, 39
27947, 23
27948, 15
27949, 23
27950, 32
27952, 16
27953, 32
27954, 23
27955, 24
27956, 16
27957, 24
27958, 23
27959, 16
27960, 23
27962, 16
27963, 7
27964, 7
27965, 15
27966, 23
27967, 15
27968, 8
27969, 7
27971, 24
27972, 31
27973, 24
27975, 15
27976, 16
27978, 7
27979, 8
27980, 31
27981, 23
27982, 40
27983, 8
27984, 16
27985, 15
27986, 24
27987, 40
27988, 24
27989, 15
27990, 48
27991, 16
27992, 16
27993, 8
27994, 40
27995, 8
27996, 23
27997, 24
27998, 39
27999, 24
28000, 32
28001, 32
28002, 31
28003, 24
28004, 31
28005, 63
28006, 24
28007, 7
28008, 47
28009, 15
28010, 41
28011, 33
28012, 72
28013, 31
28014, 47
28016, 40
28017, 56
28018, 32
28019, 72
28020, 7
28021, 24
28022, 23
28023, 41
28024, 7
28025, 32
28026, 24
28027, 46
28028, 39
28029, 7
28031, 24
28032, 23
28033, 39
28034, 16
28035, 7
28036, 24
28037, 15
28038, 8
28039, 16
28040, 39
28041, 7
28042, 31
28043, 32
28044, 7
28045, 23
28046, 15
28047, 16
28048, 7
28049, 8
28050, 8
28051, 23
28052, 16
28053, 16
28054, 7
28055, 8
28056, 7
28057, 23
28058, 23
28059, 15
28060, 8
28061, 16
28062, 7
28063, 8
28065, 32
28066, 32
28067, 7
28068, 31
28069, 15
28070, 25
28071, 8
28072, 32
28073, 32
28074, 23
28075, 24
28076, 39
28077, 7
28078, 24
28079, 24
28080, 7
28081, 31
28082, 24
28083, 40
28084, 15
28085, 40
28086, 24
28087, 23
28088, 31
28089, 31
28090, 80
28091, 8
28092, 16
28093, 40
28094, 15
28095, 23
28096, 40
28097, 72
28098, 40
28099, 39
28100, 23
28101, 16
28102, 80
28103, 16
28104, 23
28105, 70
28106, 15
28107, 16
28108, 24
28109, 48
28110, 16
28111, 7
28112, 56
28113, 31
28114, 31
28116, 16
28117, 32
28118, 16
28119, 24
28120, 15
28121, 15
28122, 23
28124, 23
28125, 40
28126, 15
28127, 24
28128, 24
28129, 16
28130, 15
28131, 31
28133, 23
28134, 8
28135, 8
28136, 16
28137, 25
28138, 8
28139, 7
28140, 7
28141, 8
28142, 24
28143, 15
28144, 31
28146, 24
28147, 7
28148, 8
28150, 8
28151, 47
28152, 16
28153, 24
28154, 15
28155, 15
28156, 16
28157, 16
28158, 23
28159, 31
28160, 39
28161, 32
28162, 24
28163, 8
28164, 23
28165, 23
28166, 16
28167, 32
28168, 24
28169, 31
28170, 31
28171, 31
28172, 24
28173, 39
28174, 16
28175, 48
28176, 47
28177, 24
28178, 24
28179, 40
28180, 7
28181, 24
28182, 64
28183, 56
28184, 30
28185, 39
28186, 16
28187, 66
28188, 23
28189, 40
28190, 65
28191, 15
28192, 16
28193, 15
28194, 41
28195, 31
28196, 15
28197, 24
28198, 48
28199, 39
28200, 7
28202, 33
28203, 24
28204, 16
28205, 31
28207, 31
28208, 15
28209, 16
28210, 15
28211, 39
28212, 16
28213, 16
28214, 23
28215, 15
28216, 23
28217, 15
28218, 8
28219, 15
28220, 8
28221, 16
28222, 24
28223, 7
28224, 16
28225, 8
28227, 16
28228, 41
28229, 15
28230, 7
28231, 8
28232, 23
28234, 8
28236, 32
28237, 23
28238, 24
28239, 22
28240, 24
28241, 8
28242, 8
28243, 47
28244, 40
28245, 7
28246, 40
28247, 15
28248, 16
28249, 24
28250, 24
28251, 16
28252, 22
28253, 41
28254, 16
28255, 23
28256, 32
28257, 31
28258, 39
28259, 15
28260, 32
28261, 78
28262, 15
28263, 8
28264, 39
28265, 23
28266, 16
28267, 32
28268, 88
28269, 39
28270, 31
28271, 22
28272, 15
28273, 71
28274, 40
28275, 56
28276, 23
28277, 7
28278, 31
28279, 24
28280, 23
28281, 32
28282, 25
28283, 48
28284, 32
28285, 23
28287, 7
28288, 31
28289, 31
28290, 24
28291, 24
28292, 8
28293, 16
28294, 16
28295, 24
28296, 15
28297, 39
28299, 31
28300, 24
28301, 7
28302, 31
28304, 15
28305, 15
28306, 8
28307, 24
28309, 15
28310, 23
28312, 8
28313, 16
28314, 32
28315, 24
28317, 15
28318, 15
28319, 8
28321, 7
28322, 40
28323, 15
28324, 33
28325, 15
28326, 24
28327, 7
28328, 24
28329, 39
28330, 16
28331, 31
28332, 32
28333, 24
28334, 7
28335, 32
28336, 8
28337, 32
28338, 15
28339, 40
28340, 31
28341, 16
28342, 47
28343, 33
28344, 16
28345, 31
28346, 48
28347, 47
28348, 16
28349, 8
28350, 39
28351, 23
28352, 23
28353, 82
28354, 56
28355, 23
28356, 39
28357, 8
28358, 32
28359, 63
28360, 31
28361, 55
28362, 15
28363, 23
28364, 40
28365, 24
28366, 24
28367, 24
28368, 23
28369, 48
28370, 24
28371, 15
28372, 8
28373, 16
28374, 39
28375, 15
28376, 15
28377, 15
28378, 31
28379, 16
28381, 32
28382, 22
28383, 23
28384, 24
28385, 24
28386, 16
28387, 32
28389, 16
28390, 7
28391, 8
28392, 15
28393, 16
28394, 15
28395, 15
28396, 8
28397, 8
28398, 16
28399, 24
28400, 31
28402, 16
28403, 15
28405, 8
28406, 7
28407, 24
28408, 23
28409, 24
28410, 32
28411, 7
28412, 24
28413, 8
28414, 24
28415, 40
28416, 31
28417, 33
28418, 16
28419, 15
28420, 24
28421, 24
28422, 24
28423, 15
28424, 32
28425, 31
28426, 15
28427, 40
28428, 32
28429, 39
28430, 8
28431, 48
28432, 48
28433, 23
28434, 8
28435, 64
28436, 16
28438, 56
28439, 71
28440, 40
28441, 32
28442, 31
28443, 16
28444, 56
28445, 48
28446, 48
28447, 31
28448, 7
28449, 23
28450, 48
28451, 24
28452, 16
28453, 15
28454, 55
28455, 15
28456, 38
28458, 8
28459, 23
28460, 31
28461, 32
28462, 8
28463, 32
28464, 7
28465, 16
28466, 24
28467, 24
28468, 23
28469, 23
28470, 23
28471, 16
28472, 16
28473, 23
28475, 15
28476, 15
28477, 16
28478, 16
28479, 15
28480, 16
28482, 7
28483, 16
28484, 24
28485, 24
28486, 16
28488, 16
28489, 15
28490, 8
28492, 7
28493, 39
28494, 32
28495, 15
28496, 14
28497, 24
28498, 7
28499, 41
28500, 16
28501, 39
28502, 25
28503, 23
28504, 24
28505, 7
28506, 24
28507, 32
28508, 16
28509, 15
28510, 40
28511, 31
28512, 7
28513, 38
28514, 48
28515, 15
28516, 40
28517, 32
28518, 56
28519, 16
28520, 7
28521, 57
28522, 15
28523, 15
28524, 89
28525, 41
28526, 55
28527, 8
28528, 15
28529, 73
28530, 32
28531, 24
28532, 70
28534, 31
28535, 41
28536, 16
28537, 16
28538, 15
28539, 39
28540, 55
28541, 24
28542, 7
28544, 16
28545, 39
28546, 16
28547, 23
28548, 24
28549, 15
28550, 16
28551, 15
28552, 24
28553, 31
28554, 24
28555, 16
28556, 15
28557, 23
28558, 32
28560, 7
28561, 23
28563, 15
28564, 15
28565, 15
28566, 16
28567, 8
28568, 8
28569, 16
28570, 31
28571, 23
28573, 8
28574, 23
28576, 7
28577, 8
28578, 24
28579, 23
28580, 31
28581, 24
28582, 8
28583, 23
28585, 41
28586, 48
28587, 15
28588, 40
28589, 16
28590, 16
28591, 24
28592, 24
28593, 8
28594, 32
28595, 24
28596, 38
28597, 7
28598, 32
28599, 30
28600, 39
28601, 23
28602, 32
28603, 79
28604, 8
28605, 16
28606, 48
28607, 16
28608, 16
28609, 40
28610, 80
28611, 48
28612, 23
28613, 23
28614, 8
28615, 79
28616, 15
28617, 46
28618, 45
28619, 24
28620, 15
28621, 41
28622, 24
28623, 16
28624, 15
28625, 55
28626, 31
28627, 23
28629, 16
28630, 15
28631, 39
28632, 23
28633, 8
28634, 15
28635, 31
28636, 16
28637, 8
28638, 48
28639, 8
28640, 24
28641, 16
28642, 15
28643, 15
28644, 30
28645, 8
28646, 15
28647, 8
28648, 8
28649, 15
28650, 23
28652, 15
28653, 7
28654, 16
28655, 24
28656, 24
28657, 16
28658, 8
28659, 16
28661, 7
28662, 7
28663, 15
28664, 41
28665, 7
28666, 23
28667, 30
28668, 8
28669, 15
28670, 24
28671, 38
28672, 32
28673, 24
28674, 32
28675, 15
28676, 15
28677, 24
28678, 15
28679, 24
28680, 24
28681, 40
28682, 15
28683, 40
28684, 24
28685, 24
28686, 39
28687, 16
28688, 56
28689, 47
28690, 15
28691, 24
28692, 31
28693, 15
28694, 24
28695, 64
28696, 62
28697, 23
28698, 47
28699, 7
28700, 56
28701, 38
28702, 31
28703, 63
28704, 7
28705, 32
28706, 41
28707, 7
28708, 31
28709, 16
28710, 40
28711, 31
28712, 48
28715, 32
28716, 32
28717, 24
28718, 16
28719, 24
28720, 8
28721, 24
28722, 8
28723, 15
28724, 30
28725, 15
28726, 31
28727, 23
28728, 15
28729, 31
28731, 16
28732, 15
28734, 24
28735, 16
28736, 7
28737, 7
28738, 15
28739, 8
28740, 15
28741, 32
28742, 16
28743, 7
28744, 16
28745, 15
28747, 8
28748, 8
28749, 40
28750, 7
28751, 23
28752, 30
28753, 8
28754, 15
28755, 16
28756, 48
28757, 32
28758, 8
28759, 40
28760, 23
28761, 8
28762, 31
28763, 24
28764, 7
28765, 31
28766, 8
28767, 47
28768, 23
28769, 40
28770, 23
28771, 31
28772, 24
28773, 23
28774, 73
28775, 23
28776, 15
28777, 31
28778, 31
28779, 25
28780, 56
28781, 48
28782, 56
28783, 40
28784, 8
28785, 8
28786, 80
28787, 24
28788, 73
28789, 24
28791, 31
28792, 40
28793, 7
28794, 24
28795, 39
28796, 49
28797, 24
28798, 23
28800, 33
28801, 16
28802, 24
28803, 32
28805, 32
28806, 16
28807, 8
28808, 24
28809, 23
28810, 23
28811, 16
28812, 31
28813, 24
28814, 16
28815, 15
28816, 8
28817, 15
28818, 8
28819, 7
28820, 16
28821, 23
28822, 8
28823, 15
28825, 16
28826, 24
28827, 16
28828, 23
28830, 24
28831, 8
28833, 7
28834, 16
28835, 39
28836, 16
28837, 32
28838, 15
28839, 16
28840, 7
28841, 40
28842, 32
28843, 24
28844, 24
28845, 15
28846, 31
28847, 16
28848, 23
28849, 15
28850, 32
28851, 16
28852, 32
28853, 40
28854, 25
28855, 32
28856, 32
28857, 24
28858, 16
28859, 48
28860, 55
28861, 8
28862, 32
28863, 31
28864, 15
28865, 49
28866, 56
28867, 55
28868, 39
28869, 24
28870, 8
28871, 41
28872, 63
28873, 49
28874, 40
28875, 15
28876, 23
28877, 40
28878, 16
28879, 24
28880, 16
28881, 64
28882, 15
28883, 39
28885, 8
28886, 16
28887, 38
28888, 25
28889, 15
28890, 16
28891, 23
28892, 8
28893, 16
28894, 41
28895, 16
28896, 24
28897, 16
28898, 32
28899, 8
28900, 31
28902, 15
28903, 7
28904, 8
28905, 16
28906, 24
28907, 7
28908, 23
28910, 8
28911, 16
28912, 24
28913, 23
28914, 7
28915, 16
28916, 7
28917, 7
28918, 7
28920, 40
28921, 32
28922, 8
28923, 31
28924, 15
28925, 15
28926, 8
28927, 56
28928, 16
28929, 15
28930, 39
28931, 24
28932, 24
28933, 15
28934, 15
28935, 7
28936, 39
28937, 24
28938, 31
28939, 23
28940, 47
28941, 7
28942, 39
28943, 23
28944, 57
28945, 40
28946, 23
28947, 16
28948, 24
28949, 39
28950, 8
28951, 56
28952, 79
28953, 41
28954, 31
28955, 8
28956, 40
28957, 47
28958, 31
28959, 65
28960, 23
28961, 23
28962, 16
28963, 16
28964, 46
28965, 7
28966, 39
28967, 47
28968, 32
28969, 15
28971, 24
28972, 24
28973, 32
28974, 24
28976, 24
28977, 16
28978, 24
28979, 8
28980, 48
28981, 8
28982, 24
28983, 23
28984, 15
28985, 23
28986, 14
28987, 16
28988, 7
28989, 7
28991, 31
28992, 16
28993, 8
28994, 8
28995, 7
28996, 16
28997, 24
28998, 32
28999, 8
29001, 32
29003, 8
29005, 32
29006, 24
29007, 16
29008, 15
29009, 30
29010, 16
29011, 8
29012, 24
29013, 39
29014, 31
29015, 40
29016, 7
29017, 15
29018, 31
29019, 23
29020, 7
29021, 31
29022, 16
29023, 39
29024, 23
29025, 49
29026, 16
29027, 15
29028, 47
29029, 24
29030, 48
29031, 38
29032, 15
29033, 7
29034, 62
29036, 31
29037, 71
29038, 63
29039, 23
29040, 23
29041, 23
29042, 41
29043, 55
29044, 32
29045, 56
29046, 15
29047, 24
29048, 32
29049, 24
29050, 16
29051, 31
29052, 40
29053, 38
29054, 31
29056, 8
29057, 33
29058, 16
29059, 31
29060, 16
29061, 15
29062, 15
29063, 24
29064, 24
29065, 16
29066, 22
29067, 16
29068, 23
29069, 23
29070, 15
29071, 23
29072, 7
29073, 15
29074, 7
29075, 7
29076, 24
29077, 7
29078, 23
29079, 8
29080, 7
29081, 8
29082, 16
29083, 31
29084, 15
29085, 7
29086, 16
29087, 7
29088, 7
29089, 7
29090, 15
29091, 40
29092, 8
29093, 32
29094, 15
29095, 24
29096, 7
29097, 25
29098, 31
29099, 39
29100, 16
29101, 23
29102, 23
29103, 15
29104, 8
29105, 31
29106, 32
29107, 16
29108, 24
29109, 31
29110, 31
29111, 23
29112, 31
29113, 40
29114, 33
29115, 25
29116, 71
29117, 8
29118, 16
29119, 48
29120, 15
29121, 16
29122, 55
29123, 64
29124, 47
29125, 24
29126, 15
29127, 24
29128, 79
29129, 23
29130, 49
29131, 38
29132, 8
29133, 23
29134, 40
29135, 7
29136, 40
29137, 15
29138, 55
29139, 40
29140, 7
29142, 16
29143, 31
29144, 23
29145, 23
29146, 24
29147, 8
29148, 23
29149, 16
29150, 16
29151, 31
29152, 16
29153, 32
29154, 16
29155, 24
29156, 16
29157, 15
29159, 23
29160, 7
29161, 16
29162, 8
29163, 23
29164, 16
29165, 8
29166, 8
29167, 16
29168, 8
29169, 31
29170, 15
29171, 8
29172, 24
29174, 8
29175, 7
29176, 8
29177, 39
29178, 15
29179, 31
29180, 16
29181, 16
29182, 16
29183, 24
29184, 31
29185, 31
29186, 23
29187, 23
29188, 31
29189, 16
29190, 15
29191, 16
29192, 31
29193, 16
29194, 47
29195, 24
29196, 32
29197, 23
29198, 15
29199, 38
29200, 24
29201, 64
29202, 31
29203, 24
29204, 32
29205, 33
29206, 8
29207, 23
29208, 89
29209, 48
29210, 40
29211, 15
29212, 15
29213, 41
29214, 64
29215, 49
29216, 40
29217, 8
29218, 23
29219, 24
29220, 32
29221, 24
29222, 23
29223, 48
29224, 32
29225, 23
29226, 7
29227, 8
29228, 24
29229, 23
29230, 40
29231, 8
29232, 15
29233, 24
29234, 7
29235, 24
29236, 31
29237, 15
29238, 16
29239, 41
29240, 16
29241, 7
29242, 32
29244, 24
29246, 7
29247, 15
29248, 32
29249, 8
29250, 8
29251, 7
29253, 15
29254, 38
29255, 24
29257, 16
29258, 7
29259, 15
29261, 7
29262, 32
29263, 32
29264, 24
29265, 15
29266, 16
29267, 8
29268, 15
29269, 48
29270, 31
29271, 16
29272, 39
29273, 24
29274, 7
29275, 24
29276, 24
29277, 24
29278, 24
29279, 24
29280, 31
29281, 7
29282, 48
29283, 24
29284, 48
29285, 16
29286, 48
29287, 55
29288, 7
29289, 8
29290, 55
29291, 16
29292, 16
29293, 48
29294, 70
29295, 47
29296, 32
29297, 8
29298, 32
29299, 64
29300, 49
29301, 41
29302, 23
29303, 16
29304, 23
29305, 40
29306, 24
29307, 16
29308, 23
29309, 55
29310, 41
29311, 7
29313, 23
29314, 32
29315, 7
29316, 31
29317, 15
29318, 15
29319, 15
29320, 24
29321, 15
29322, 39
29323, 16
29324, 7
29325, 32
29326, 23
29327, 16
29328, 15
29329, 8
29330, 15
29331, 8
29332, 16
29333, 7
29334, 24
29335, 8
29336, 15
29338, 24
29339, 25
29340, 16
29341, 15
29343, 23
29344, 7
29346, 7
29347, 32
29348, 23
29349, 24
29350, 32
29351, 8
29352, 24
29353, 8
29354, 24
29355, 56
29356, 8
29357, 40
29358, 24
29359, 7
29360, 16
29361, 24
29362, 24
29363, 24
29364, 16
29365, 39
29366, 15
29367, 23
29368, 46
29369, 31
29370, 32
29371, 24
29372, 73
29373, 24
29375, 23
29376, 47
29377, 16
29378, 40
29379, 72
29380, 48
29381, 23
29382, 39
29383, 8
29384, 64
29385, 48
29386, 32
29387, 39
29388, 15
29389, 23
29390, 41
29391, 15
29392, 32
29393, 16
29394, 57
29395, 31
29396, 22
29399, 31
29400, 15
29401, 47
29402, 8
29403, 15
29404, 23
29405, 16
29406, 7
29407, 32
29408, 23
29409, 23
29410, 24
29411, 16
29412, 24
29413, 23
29415, 24
29416, 8
29418, 23
29419, 24
29420, 8
29421, 7
29422, 7
29423, 16
29424, 8
29425, 23
29426, 31
29428, 8
29429, 23
29431, 7
29432, 8
29433, 40
29434, 23
29435, 32
29436, 7
29437, 24
29438, 8
29439, 24
29440, 33
29441, 40
29442, 16
29443, 31
29444, 15
29445, 24
29446, 16
29447, 24
29448, 8
29449, 31
29450, 32
29451, 23
29452, 23
29453, 56
29454, 23
29455, 32
29456, 8
29457, 39
29458, 70
29459, 7
29460, 23
29461, 39
29462, 15
29463, 24
29464, 48
29465, 63
29466, 38
29467, 47
29468, 7
29469, 41
29470, 47
29471, 31
29472, 64
29473, 23
29475, 31
29476, 39
29477, 24
29478, 24
29479, 41
29480, 32
29481, 32
29482, 14
29484, 32
29485, 16
29486, 15
29487, 39
29488, 8
29489, 23
29490, 15
29491, 16
29492, 25
29493, 32
29494, 8
29495, 31
29496, 24
29497, 7
29498, 15
29499, 23
29500, 16
29501, 7
29502, 8
29503, 8
29504, 32
29505, 7
29506, 16
29507, 8
29508, 8
29510, 31
29511, 31
29512, 7
29513, 8
29514, 24
29516, 7
29518, 32
29519, 23
29520, 15
29521, 31
29522, 15
29523, 7
29524, 31
29525, 24
29526, 31
29527, 23
29528, 31
29529, 31
29531, 31
29532, 16
29533, 23
29534, 24
29535, 32
29536, 32
29537, 15
29538, 48
29539, 16
29540, 31
29541, 23
29542, 23
29543, 72
29544, 31
29545, 8
29546, 40
29547, 31
29548, 8
29549, 56
29550, 41
29551, 63
29552, 32
29553, 22
29554, 16
29555, 65
29556, 48
29557, 24
29558, 46
29559, 15
29560, 23
29561, 24
29562, 31
29563, 23
29564, 24
29565, 57
29566, 32
29567, 23
29570, 31
29571, 31
29572, 32
29573, 8
29574, 32
29575, 7
29576, 25
29577, 8
29578, 32
29579, 24
29580, 15
29581, 24
29582, 15
29583, 23
29584, 16
29585, 7
29586, 23
29588, 7
29589, 24
29590, 16
29591, 16
29592, 16
29594, 8
29595, 15
29596, 23
29597, 32
29599, 16
29600, 16
29602, 8
29603, 16
29604, 31
29605, 24
29606, 23
29607, 23
29608, 8
29609, 7
29610, 31
29611, 31
29612, 40
29613, 24
29614, 23
29615, 16
29616, 15
29617, 32
29618, 16
29619, 32
29620, 8
29621, 39
29622, 15
29623, 39
29624, 32
29625, 15
29626, 47
29627, 24
29628, 40
29629, 55
29630, 7
29631, 15
29632, 47
29633, 16
29634, 32
29635, 48
29636, 62
29637, 39
29638, 32
29639, 7
29640, 40
29641, 55
29642, 23
29643, 63
29644, 23
29645, 24
29646, 23
29647, 47
29649, 23
29650, 40
29651, 38
29652, 39
29653, 7
29654, 8
29655, 16
29656, 15
29657, 31
29658, 32
29659, 8
29660, 32
29661, 8
29662, 15
29663, 33
29664, 15
29665, 32
29666, 8
29667, 23
29668, 24
29669, 24
29670, 7
29671, 16
29672, 16
29674, 8
29675, 31
29676, 7
29677, 7
29678, 15
29680, 15
29681, 33
29682, 31
29684, 8
29685, 16
29686, 7
29688, 16
29689, 23
29690, 23
29691, 32
29692, 23
29693, 7
29694, 24
29696, 31
29697, 48
29698, 15
29699, 40
29700, 15
29701, 15
29702, 15
29703, 23
29704, 23
29705, 31
29706, 16
29707, 32
29708, 24
29709, 41
29710, 32
29711, 32
29712, 24
29713, 24
29714, 39
29715, 46
29716, 24
29717, 41
29718, 24
29719, 16
29720, 32
29721, 80
29722, 39
29723, 40
29724, 15
29725, 15
29726, 71
29727, 32
29728, 49
29729, 39
29730, 8
29731, 32
29732, 40
29733, 25
29734, 16
29735, 24
29736, 58
29737, 32
29738, 7
29739, 7
29740, 8
29741, 31
29742, 32
29743, 16
29744, 24
29745, 23
29746, 8
29747, 8
29748, 24
29749, 40
29750, 8
29751, 24
29752, 24
29753, 15
29754, 15
29755, 23
29756, 15
29757, 16
29758, 8
29760, 24
29761, 24
29762, 8
29763, 16
29765, 8
29766, 16
29767, 40
29768, 15
29770, 23
29771, 7
29772, 8
29774, 7
29775, 38
29776, 24
29777, 24
29778, 23
29779, 8
29780, 16
29781, 24
29782, 31
29783, 40
29784, 16
29785, 32
29786, 23
29787, 16
29788, 23
29789, 16
29790, 15
29791, 23
29792, 47
29793, 15
29794, 23
29795, 40
29796, 24
29797, 40
29798, 8
29799, 55
29800, 55
29801, 16
29802, 16
29803, 48
29804, 7
29805, 24
29806, 72
29807, 48
29808, 38
29809, 39
29810, 7
29811, 24
29812, 62
29813, 32
29814, 72
29815, 15
29816, 24
29817, 41
29818, 16
29819, 24
29820, 8
29821, 48
29822, 31
29823, 47
29826, 15
29827, 40
29828, 24
29829, 24
29830, 8
29831, 23
29832, 16
29833, 16
29834, 16
29835, 39
29836, 25
29837, 8
29838, 31
29839, 15
29840, 23
29841, 7
29842, 15
29843, 7
29844, 8
29845, 8
29846, 32
29847, 8
29848, 15
29849, 7
29850, 8
29851, 16
29852, 24
29853, 32
29855, 8
29856, 24
29858, 8
29859, 8
29860, 24
29861, 31
29862, 25
29863, 24
29864, 16
29866, 23
29867, 31
29868, 56
29870, 39
29871, 15
29872, 7
29873, 48
29875, 31
29876, 15
29877, 40
29878, 23
29879, 15
29880, 39
29881, 23
29882, 56
29883, 16
29884, 32
29885, 64
29886, 7
29887, 24
29888, 41
29889, 24
29890, 16
29891, 65
29892, 24
29893, 62
29894, 39
29895, 24
29896, 16
29897, 73
29898, 33
29899, 40
29900, 38
29901, 7
29902, 24
29903, 49
29904, 24
29905, 24
29906, 8
29907, 48
29908, 31
29909, 31
29911, 24
29912, 24
29913, 24
29914, 24
29915, 7
29916, 15
29917, 23
29918, 16
29919, 16
29920, 40
29921, 7
29922, 23
29923, 33
29924, 7
29925, 23
29926, 23
29927, 8
29928, 15
29929, 8
29930, 8
29931, 16
29932, 15
29933, 15
29934, 16
29936, 8
29937, 24
29938, 31
29939, 16
29941, 24
29942, 8
29943, 8
29944, 8
29946, 48
29947, 16
29948, 23
29949, 23
29950, 16
29951, 8
29952, 41
29953, 24
29954, 32
29955, 24
29956, 31
29957, 8
29958, 15
29959, 32
29960, 16
29961, 31
29962, 16
29963, 40
29964, 15
29965, 24
29966, 38
29967, 40
29968, 16
29969, 23
29970, 64
29971, 39
29972, 8
29973, 40
29974, 23
29975, 15
29976, 32
29977, 56
29978, 63
29979, 47
29980, 24
29981, 16
29982, 41
29983, 55
29984, 23
29985, 64
29986, 15
29987, 25
29988, 32
29989, 16
29990, 23
29991, 23
29992, 41
29993, 48
29994, 32
29997, 40
29998, 16
29999, 15
30000, 22
30001, 24
30002, 16
30003, 16
30004, 24
30005, 25
30006, 15
30007, 15
30008, 32
30009, 15
30010, 15
30011, 31
30012, 7
30013, 8
30014, 15
30015, 7
30016, 15
30017, 16
30018, 24
30020, 7
30021, 7
30022, 15
30023, 31
30024, 24
30025, 7
30026, 7
30027, 24
30029, 8
30030, 7
30031, 24
30032, 40
30033, 7
30034, 32
30035, 7
30036, 24
30037, 24
30038, 41
30039, 8
30040, 32
30041, 31
30042, 24
30043, 16
30044, 16
30045, 15
30046, 40
30047, 7
30048, 24
30049, 31
30050, 31
30051, 23
30052, 39
30053, 22
30054, 31
30055, 48
30056, 57
30057, 7
30058, 23
30059, 41
30060, 15
30061, 24
30062, 40
30063, 79
30064, 56
30065, 24
30066, 8
30067, 33
30068, 47
30069, 31
30070, 63
30071, 31
30072, 15
30073, 23
30074, 32
30075, 32
30076, 16
30077, 7
30078, 56
30079, 24
30080, 15
30081, 7
30082, 24
30083, 24
30084, 24
30085, 33
30086, 8
30087, 15
30088, 15
30089, 7
30090, 15
30091, 47
30092, 15
30093, 15
30094, 16
30095, 32
30097, 24
30098, 8
30099, 15
30100, 7
30101, 8
30102, 7
30103, 23
30104, 8
30106, 16
30108, 16
30109, 8
30117, 8
30118, 8
30140, 8
30172, 8
30258, 8
30343, 7
30429, 8
30514, 8
30599, 8
30685, 7
30770, 8
30856, 8
30941, 8
31027, 8
