0, 1
1, 1
16, 1
17, 1
23, 1
28, 1
29, 1
30, 1
31, 1
32, 2
33, 3
34, 1
36, 1
37, 1
38, 2
39, 3
40, 5
41, 2
42, 1
43, 2
44, 4
45, 7
46, 2
47, 2
48, 5
49, 1
50, 3
51, 4
52, 5
53, 1
54, 5
55, 4
56, 2
57, 3
58, 4
59, 4
60, 4
61, 4
62, 6
64, 3
65, 3
66, 2
67, 3
68, 9
69, 7
70, 8
71, 2
72, 3
73, 4
74, 8
75, 4
76, 8
77, 1
78, 4
79, 2
80, 6
81, 2
82, 4
83, 5
84, 2
85, 5
86, 1
87, 1
88, 3
89, 4
90, 2
91, 3
92, 1
93, 4
94, 1
95, 3
96, 1
97, 4
98, 2
99, 5
100, 2
101, 3
102, 3
104, 2
106, 1
107, 2
108, 2
109, 2
110, 3
111, 1
112, 1
113, 1
114, 5
115, 3
116, 1
118, 3
119, 1
120, 1
122, 3
123, 4
124, 2
125, 4
126, 2
127, 3
129, 4
130, 6
131, 2
132, 5
133, 2
134, 2
135, 3
136, 3
137, 1
138, 4
139, 1
140, 6
141, 4
142, 4
143, 4
144, 3
145, 4
146, 1
147, 9
148, 5
149, 2
150, 1
151, 7
152, 1
153, 3
154, 7
155, 11
156, 4
157, 2
158, 2
159, 9
160, 3
161, 8
162, 4
163, 1
164, 4
165, 3
166, 5
167, 1
168, 2
169, 7
170, 4
171, 4
173, 1
174, 4
175, 3
176, 4
177, 1
178, 2
179, 2
180, 1
181, 3
182, 4
183, 2
184, 3
185, 3
186, 2
187, 2
188, 4
190, 2
191, 1
192, 2
193, 2
194, 2
195, 1
196, 3
198, 1
199, 2
200, 4
201, 2
202, 1
203, 1
204, 3
206, 2
207, 1
208, 2
209, 3
210, 5
211, 2
212, 2
213, 2
214, 2
215, 4
216, 5
217, 4
218, 3
219, 2
220, 2
221, 3
222, 3
223, 4
224, 1
225, 6
226, 2
227, 2
228, 5
229, 4
230, 3
231, 3
232, 4
233, 9
234, 2
235, 4
236, 4
237, 2
238, 3
239, 6
240, 10
241, 5
242, 4
243, 1
244, 3
245, 7
246, 5
247, 7
248, 4
249, 3
250, 1
251, 6
252, 2
253, 2
254, 5
255, 5
256, 4
257, 2
259, 3
260, 4
261, 2
262, 3
263, 2
264, 3
266, 2
267, 2
268, 5
269, 3
270, 3
271, 1
272, 3
273, 4
274, 1
275, 1
276, 2
277, 1
278, 1
279, 2
280, 3
281, 1
282, 2
284, 1
285, 4
286, 2
287, 3
289, 2
290, 2
291, 1
292, 1
293, 2
294, 4
295, 2
296, 4
297, 2
298, 2
299, 1
300, 3
301, 5
302, 4
303, 3
304, 4
305, 2
306, 2
307, 3
308, 4
309, 1
310, 3
311, 5
312, 4
313, 4
314, 5
315, 1
316, 4
317, 4
318, 7
319, 5
320, 1
321, 3
322, 6
324, 6
325, 8
326, 8
327, 3
328, 3
329, 1
330, 9
331, 4
332, 7
333, 5
334, 1
335, 3
336, 2
337, 7
339, 4
340, 4
341, 5
342, 5
345, 4
346, 3
347, 4
348, 2
349, 2
350, 2
351, 2
352, 2
353, 4
354, 2
355, 2
356, 3
357, 4
358, 2
359, 2
360, 1
361, 3
363, 1
364, 1
365, 5
367, 2
368, 1
370, 4
371, 3
372, 3
374, 3
375, 1
377, 1
378, 1
379, 6
380, 2
381, 4
382, 1
383, 3
384, 1
385, 4
386, 2
387, 3
388, 4
389, 5
390, 3
391, 2
392, 2
393, 2
394, 3
395, 3
396, 5
397, 3
398, 2
399, 6
400, 4
401, 4
402, 3
403, 3
404, 9
405, 1
406, 4
407, 3
408, 3
409, 3
410, 6
411, 8
412, 7
413, 3
414, 1
415, 5
416, 7
417, 3
418, 10
419, 2
420, 1
421, 3
422, 6
423, 2
424, 4
425, 2
426, 5
427, 5
428, 2
430, 3
431, 4
432, 3
433, 3
435, 2
436, 2
437, 3
438, 3
439, 3
440, 2
441, 2
442, 3
443, 3
444, 3
445, 2
446, 1
447, 2
448, 1
449, 1
450, 2
451, 3
452, 1
453, 2
455, 3
456, 3
457, 3
458, 1
459, 1
460, 2
461, 1
462, 1
463, 1
464, 3
465, 3
466, 2
467, 5
468, 1
469, 3
471, 3
472, 4
473, 5
474, 4
475, 3
476, 3
477, 2
478, 2
479, 4
480, 2
481, 2
482, 6
483, 3
484, 2
485, 6
486, 3
487, 3
488, 4
489, 8
490, 4
492, 5
493, 4
494, 2
495, 5
496, 6
497, 9
498, 6
499, 1
500, 3
501, 7
502, 5
503, 6
504, 5
505, 1
506, 3
507, 5
508, 2
509, 3
510, 2
511, 5
512, 6
513, 4
515, 1
516, 4
517, 3
518, 4
519, 1
520, 1
521, 3
522, 2
523, 3
524, 3
525, 2
526, 3
527, 3
528, 3
529, 2
530, 3
532, 3
533, 1
535, 2
536, 2
537, 3
538, 1
539, 1
540, 1
541, 3
542, 3
543, 3
545, 1
546, 3
548, 1
549, 1
550, 4
551, 3
552, 4
553, 3
555, 3
556, 2
557, 6
558, 1
559, 4
560, 5
561, 2
562, 2
563, 3
564, 3
565, 3
566, 2
567, 6
568, 2
569, 4
570, 4
571, 5
572, 2
573, 2
574, 8
575, 6
577, 5
578, 2
579, 4
580, 2
581, 8
582, 9
583, 4
584, 4
585, 2
586, 4
587, 8
588, 3
589, 7
590, 4
591, 3
592, 1
593, 6
594, 2
595, 4
596, 3
597, 6
598, 4
599, 1
601, 3
602, 4
603, 2
604, 4
605, 1
606, 3
607, 1
608, 2
609, 5
610, 2
611, 1
612, 3
613, 3
614, 3
615, 3
616, 1
617, 3
619, 1
620, 1
621, 3
622, 2
623, 2
625, 1
626, 2
627, 4
628, 2
629, 2
630, 1
631, 2
632, 1
633, 1
634, 1
635, 4
636, 1
637, 4
638, 3
639, 2
640, 2
641, 1
642, 5
643, 4
644, 3
645, 4
646, 3
647, 3
648, 2
649, 2
650, 4
651, 2
652, 3
653, 4
654, 4
655, 4
656, 3
657, 4
658, 3
659, 4
660, 10
661, 1
662, 3
663, 5
664, 2
665, 3
666, 3
667, 8
668, 9
669, 4
670, 1
671, 2
672, 8
673, 6
674, 7
675, 3
676, 2
677, 3
678, 5
679, 4
680, 2
681, 2
682, 5
683, 6
684, 3
686, 1
687, 4
688, 4
689, 2
690, 2
691, 1
692, 3
693, 2
694, 2
695, 3
696, 3
697, 3
698, 4
699, 2
700, 3
701, 2
703, 3
705, 2
706, 2
707, 2
708, 1
709, 2
710, 1
711, 1
712, 4
713, 1
714, 4
716, 1
717, 2
718, 2
719, 1
721, 6
722, 1
723, 4
724, 3
725, 1
726, 2
727, 5
728, 2
729, 4
730, 3
731, 5
732, 2
733, 2
734, 3
735, 2
736, 3
737, 3
738, 4
739, 4
740, 1
741, 7
742, 3
743, 3
744, 4
745, 4
746, 8
747, 2
748, 3
749, 4
750, 2
751, 3
752, 8
753, 7
754, 6
755, 4
756, 1
757, 7
758, 4
759, 6
760, 6
761, 3
762, 1
763, 4
764, 5
766, 6
767, 3
768, 8
769, 1
770, 2
772, 3
773, 3
774, 4
775, 3
777, 4
778, 1
779, 1
780, 5
781, 3
782, 2
783, 2
784, 3
785, 3
786, 4
788, 3
790, 1
791, 2
792, 2
793, 2
794, 2
795, 1
796, 1
797, 1
798, 4
799, 4
801, 1
802, 3
804, 1
806, 2
807, 4
808, 3
809, 4
810, 2
811, 2
812, 2
813, 3
814, 5
815, 3
816, 6
817, 1
818, 3
819, 2
820, 3
821, 3
822, 2
823, 2
824, 5
825, 4
826, 5
827, 3
828, 5
829, 2
830, 5
831, 7
832, 3
833, 2
834, 4
835, 3
836, 2
837, 4
838, 10
839, 7
840, 4
841, 3
842, 2
843, 9
844, 3
845, 6
846, 5
847, 1
848, 4
849, 3
850, 3
851, 4
852, 3
853, 6
854, 5
855, 2
857, 1
858, 4
859, 3
860, 3
861, 2
862, 1
863, 2
864, 2
865, 3
866, 3
867, 3
868, 3
869, 4
870, 2
871, 2
872, 3
873, 1
874, 2
875, 1
876, 1
877, 2
878, 2
879, 2
880, 2
882, 1
883, 3
884, 4
885, 2
887, 3
888, 1
890, 1
891, 2
892, 5
893, 2
894, 5
896, 3
897, 1
898, 3
899, 5
900, 3
901, 2
902, 5
903, 2
904, 2
905, 4
906, 2
907, 4
908, 2
909, 5
910, 3
911, 2
912, 7
913, 4
914, 1
915, 5
916, 5
917, 6
918, 1
919, 5
920, 3
921, 2
922, 3
923, 8
924, 7
925, 6
926, 3
927, 2
928, 4
929, 8
930, 4
931, 8
932, 2
933, 2
934, 5
935, 3
936, 3
937, 2
938, 4
939, 6
940, 4
941, 1
943, 3
944, 4
945, 3
946, 3
947, 1
948, 3
950, 2
951, 5
952, 3
953, 2
954, 3
955, 4
956, 1
957, 3
958, 1
959, 2
960, 1
961, 1
962, 2
963, 2
964, 2
965, 1
966, 1
967, 1
968, 3
969, 2
970, 5
972, 2
973, 1
974, 1
975, 1
976, 1
977, 4
978, 3
979, 2
980, 4
981, 1
982, 3
983, 2
984, 3
985, 4
986, 3
987, 3
988, 4
989, 3
990, 1
991, 3
992, 5
993, 1
994, 4
995, 4
996, 2
997, 5
998, 4
999, 4
1000, 2
1001, 4
1002, 10
1003, 1
1004, 2
1005, 6
1006, 3
1007, 2
1008, 6
1009, 8
1010, 6
1011, 4
1012, 3
1014, 11
1015, 3
1016, 6
1017, 6
1018, 1
1019, 3
1020, 2
1021, 6
1022, 1
1023, 2
1024, 8
1025, 4
1026, 3
1028, 1
1029, 4
1030, 5
1031, 2
1032, 3
1033, 1
1034, 2
1035, 2
1036, 2
1037, 5
1038, 1
1039, 2
1040, 4
1041, 4
1042, 1
1043, 3
1044, 1
1045, 2
1046, 1
1047, 1
1048, 2
1049, 3
1050, 1
1051, 1
1052, 1
1053, 2
1054, 3
1055, 3
1056, 2
1058, 3
1059, 1
1060, 1
1062, 1
1063, 4
1064, 5
1065, 1
1066, 3
1067, 2
1068, 2
1069, 3
1070, 5
1071, 4
1072, 1
1073, 5
1074, 2
1075, 3
1076, 1
1077, 4
1078, 3
1079, 4
1080, 4
1081, 3
1082, 3
1083, 4
1084, 5
1085, 3
1086, 3
1087, 5
1088, 6
1089, 2
1090, 5
1091, 4
1092, 1
1093, 6
1094, 4
1095, 10
1096, 5
1097, 3
1098, 2
1099, 6
1100, 6
1101, 5
1102, 6
1103, 2
1104, 2
1105, 4
1106, 4
1107, 2
1108, 2
1109, 5
1110, 5
1111, 6
1114, 4
1115, 3
1116, 4
1117, 2
1118, 2
1119, 1
1120, 4
1121, 1
1122, 4
1123, 3
1124, 1
1125, 3
1126, 4
1127, 2
1128, 4
1130, 2
1131, 1
1132, 1
1133, 2
1134, 3
1135, 1
1136, 2
1137, 1
1139, 3
1140, 4
1141, 3
1143, 1
1144, 3
1146, 1
1147, 1
1148, 4
1149, 2
1150, 2
1151, 5
1152, 1
1153, 3
1154, 1
1155, 6
1156, 1
1157, 4
1158, 4
1159, 5
1160, 1
1161, 3
1162, 3
1163, 4
1165, 5
1166, 3
1167, 2
1168, 7
1169, 2
1170, 4
1171, 3
1172, 5
1173, 6
1174, 3
1175, 3
1176, 4
1177, 3
1178, 3
1179, 4
1180, 12
1181, 4
1182, 5
1183, 1
1184, 2
1185, 9
1186, 4
1187, 8
1188, 3
1189, 3
1190, 2
1191, 5
1192, 3
1194, 5
1195, 7
1196, 4
1197, 2
1199, 1
1200, 6
1201, 1
1202, 4
1203, 2
1204, 2
1205, 3
1207, 3
1208, 4
1209, 4
1210, 2
1211, 3
1212, 3
1213, 3
1214, 1
1215, 1
1216, 2
1217, 1
1218, 1
1219, 2
1220, 2
1221, 2
1222, 1
1223, 1
1224, 1
1225, 1
1226, 6
1227, 2
1229, 3
1230, 1
1232, 1
1233, 2
1234, 5
1235, 3
1236, 3
1237, 2
1238, 1
1239, 2
1240, 2
1241, 7
1242, 3
1243, 4
1244, 3
1245, 2
1246, 2
1247, 2
1248, 4
1249, 3
1250, 2
1251, 5
1252, 4
1253, 4
1254, 2
1255, 4
1256, 4
1257, 2
1258, 7
1259, 6
1260, 2
1261, 4
1262, 5
1263, 1
1264, 4
1265, 9
1266, 6
1267, 6
1268, 2
1269, 1
1270, 8
1271, 4
1272, 5
1273, 7
1274, 2
1275, 2
1276, 4
1277, 5
1278, 2
1279, 2
1280, 6
1281, 5
1282, 3
1283, 1
1284, 1
1285, 3
1286, 4
1287, 4
1288, 1
1289, 3
1290, 2
1291, 1
1292, 2
1293, 5
1294, 1
1295, 3
1296, 4
1297, 2
1298, 1
1299, 4
1300, 1
1301, 3
1303, 1
1304, 2
1305, 2
1306, 2
1307, 2
1308, 1
1309, 1
1310, 3
1311, 3
1312, 2
1313, 1
1315, 3
1316, 1
1317, 1
1318, 1
1319, 5
1320, 1
1321, 5
1322, 2
1323, 2
1324, 2
1325, 2
1326, 3
1327, 4
1328, 3
1329, 5
1330, 3
1331, 2
1332, 4
1334, 4
1335, 3
1336, 4
1337, 4
1338, 3
1339, 3
1340, 3
1341, 5
1342, 4
1343, 3
1344, 8
1345, 3
1346, 1
1347, 5
1348, 4
1349, 4
1350, 5
1351, 7
1352, 6
1353, 5
1354, 2
1355, 2
1356, 8
1357, 5
1358, 6
1359, 4
1360, 2
1361, 3
1362, 6
1364, 4
1365, 3
1366, 7
1367, 5
1368, 1
1370, 1
1371, 5
1372, 3
1373, 3
1374, 1
1375, 4
1376, 1
1377, 2
1378, 3
1379, 3
1380, 2
1381, 3
1382, 4
1383, 3
1384, 3
1385, 1
1386, 2
1387, 1
1388, 1
1389, 1
1390, 2
1391, 3
1392, 2
1394, 1
1395, 2
1396, 2
1397, 3
1398, 3
1399, 1
1400, 1
1401, 2
1402, 1
1403, 1
1404, 1
1405, 5
1406, 3
1407, 2
1408, 3
1409, 2
1410, 1
1411, 3
1412, 3
1413, 5
1414, 4
1415, 4
1416, 2
1417, 2
1418, 3
1419, 3
1420, 3
1421, 4
1422, 3
1423, 3
1424, 6
1425, 1
1426, 6
1427, 2
1428, 3
1429, 9
1430, 3
1431, 2
1432, 3
1433, 5
1434, 1
1435, 5
1436, 8
1437, 7
1438, 7
1439, 1
1440, 2
1441, 9
1442, 1
1443, 8
1444, 4
1445, 3
1446, 3
1447, 3
1448, 4
1449, 3
1450, 2
1451, 5
1452, 7
1453, 3
1455, 1
1456, 3
1457, 3
1458, 3
1459, 3
1460, 2
1461, 3
1462, 1
1463, 2
1464, 5
1465, 2
1466, 3
1467, 2
1468, 3
1469, 2
1470, 3
1471, 1
1472, 3
1474, 1
1475, 1
1476, 4
1477, 2
1479, 2
1480, 1
1481, 2
1482, 5
1483, 2
1485, 1
1486, 3
1488, 1
1489, 2
1490, 1
1491, 4
1492, 4
1493, 3
1494, 2
1495, 1
1496, 4
1497, 4
1498, 3
1499, 2
1500, 6
1501, 3
1502, 1
1503, 3
1504, 2
1505, 3
1506, 3
1507, 5
1508, 3
1509, 2
1510, 6
1511, 4
1512, 4
1513, 2
1514, 2
1515, 10
1516, 2
1517, 2
1518, 5
1519, 3
1520, 2
1521, 9
1522, 6
1523, 7
1524, 3
1525, 1
1526, 6
1527, 5
1528, 4
1529, 10
1530, 1
1531, 2
1532, 3
1533, 5
1534, 3
1535, 2
1536, 4
1537, 6
1538, 3
1539, 3
1541, 1
1542, 7
1543, 1
1544, 3
1545, 2
1546, 3
1547, 2
1548, 2
1550, 6
1551, 1
1552, 4
1553, 3
1554, 2
1555, 4
1556, 1
1558, 3
1559, 1
1560, 1
1561, 3
1562, 2
1563, 1
1564, 1
1565, 2
1567, 4
1568, 3
1569, 2
1571, 2
1572, 2
1573, 1
1574, 1
1575, 1
1576, 5
1577, 2
1578, 5
1579, 1
1580, 3
1582, 5
1583, 3
1584, 4
1585, 1
1586, 6
1587, 2
1588, 3
1589, 3
1590, 1
1591, 4
1592, 2
1593, 7
1594, 1
1595, 5
1596, 3
1597, 4
1598, 2
1599, 3
1600, 9
1601, 4
1602, 1
1603, 3
1604, 5
1605, 3
1606, 4
1607, 9
1608, 5
1609, 6
1610, 3
1611, 1
1612, 9
1613, 5
1614, 8
1615, 2
1616, 2
1617, 4
1618, 4
1619, 4
1620, 2
1621, 1
1622, 7
1623, 6
1624, 2
1626, 1
1627, 4
1628, 2
1629, 4
1630, 2
1631, 3
1632, 2
1633, 2
1634, 2
1635, 3
1636, 3
1637, 3
1638, 3
1639, 3
1640, 1
1641, 4
1643, 3
1645, 2
1646, 1
1647, 4
1648, 1
1649, 1
1650, 1
1651, 1
1652, 2
1653, 4
1654, 3
1656, 3
1657, 1
1659, 1
1660, 2
1661, 3
1662, 4
1663, 3
1664, 2
1665, 2
1666, 2
1667, 2
1668, 4
1669, 3
1670, 6
1671, 2
1672, 2
1673, 4
1674, 1
1675, 4
1676, 3
1677, 2
1678, 4
1679, 4
1680, 3
1681, 5
1682, 4
1683, 4
1684, 2
1685, 3
1686, 8
1687, 2
1688, 3
1689, 4
1690, 4
1691, 2
1692, 6
1693, 11
1694, 4
1695, 4
1696, 1
1697, 4
1698, 8
1699, 3
1700, 9
1701, 3
1702, 2
1703, 2
1704, 4
1705, 4
1706, 2
1707, 4
1708, 7
1709, 4
1710, 1
1712, 2
1713, 5
1714, 1
1715, 4
1716, 2
1717, 3
1718, 1
1719, 3
1720, 1
1721, 6
1722, 1
1723, 4
1724, 3
1725, 2
1726, 3
1727, 1
1728, 1
1729, 2
1730, 1
1731, 1
1732, 3
1733, 1
1734, 2
1735, 2
1736, 1
1737, 1
1738, 4
1739, 2
1740, 2
1741, 1
1742, 2
1743, 1
1744, 1
1745, 1
1746, 1
1747, 5
1748, 3
1749, 3
1750, 2
1751, 2
1752, 1
1753, 5
1754, 3
1755, 4
1756, 5
1757, 1
1758, 3
1759, 3
1760, 3
1761, 4
1762, 1
1763, 2
1764, 4
1765, 3
1766, 5
1767, 4
1768, 4
1769, 4
1770, 3
1771, 6
1772, 5
1773, 3
1774, 1
1775, 6
1776, 3
1777, 6
1778, 8
1779, 6
1780, 3
1781, 3
1782, 2
1783, 6
1784, 6
1785, 5
1786, 7
1787, 1
1788, 3
1789, 5
1790, 4
1792, 4
1793, 4
1794, 7
1795, 2
1796, 1
1797, 1
1798, 3
1799, 5
1800, 2
1801, 2
1802, 2
1803, 3
1804, 1
1805, 3
1806, 3
1807, 3
1808, 3
1809, 3
1810, 3
1811, 2
1812, 3
1814, 3
1815, 1
1817, 2
1818, 4
1819, 1
1820, 1
1821, 1
1822, 1
1823, 3
1824, 3
1825, 2
1826, 1
1827, 2
1828, 2
1830, 1
1831, 1
1832, 4
1833, 3
1834, 5
1835, 2
1836, 1
1837, 2
1838, 3
1839, 3
1840, 4
1841, 5
1842, 2
1843, 2
1844, 2
1845, 5
1846, 2
1847, 4
1849, 3
1850, 5
1851, 3
1852, 5
1853, 4
1854, 5
1855, 2
1856, 6
1857, 6
1858, 2
1859, 3
1860, 5
1861, 2
1862, 3
1863, 5
1864, 11
1865, 4
1866, 3
1867, 3
1868, 2
1869, 9
1870, 5
1871, 6
1872, 4
1873, 1
1874, 4
1875, 4
1876, 1
1877, 4
1878, 6
1879, 4
1880, 5
1881, 1
1883, 3
1884, 4
1885, 3
1886, 3
1887, 1
1888, 2
1889, 3
1890, 2
1891, 1
1892, 5
1893, 3
1894, 2
1895, 2
1896, 4
1897, 3
1898, 1
1900, 3
1901, 1
1902, 1
1903, 2
1904, 3
1905, 1
1906, 2
1908, 1
1909, 4
1910, 4
1911, 1
1913, 4
1915, 1
1916, 1
1917, 2
1918, 4
1919, 1
1920, 6
1921, 1
1922, 2
1923, 2
1924, 3
1925, 4
1926, 4
1927, 4
1928, 3
1929, 2
1930, 3
1931, 3
1932, 3
1933, 2
1934, 4
1935, 3
1936, 3
1937, 4
1938, 5
1939, 3
1940, 4
1941, 2
1942, 9
1943, 3
1944, 3
1945, 4
1946, 4
1947, 2
1948, 3
1949, 11
1950, 5
1951, 3
1952, 4
1953, 2
1954, 10
1955, 1
1956, 7
1957, 7
1959, 3
1960, 2
1961, 5
1962, 4
1963, 2
1964, 4
1965, 6
1966, 4
1969, 5
1970, 3
1971, 4
1972, 1
1973, 4
1974, 1
1975, 3
1977, 6
1978, 1
1979, 2
1980, 4
1981, 2
1982, 3
1983, 3
1985, 3
1987, 1
1988, 2
1989, 3
1990, 2
1991, 1
1992, 1
1993, 1
1994, 3
1995, 3
1996, 3
1998, 2
1999, 2
2001, 2
2003, 4
2004, 3
2005, 5
2006, 1
2007, 1
2008, 3
2009, 4
2010, 3
2011, 5
2012, 1
2013, 6
2014, 2
2016, 5
2017, 2
2018, 3
2019, 1
2020, 7
2021, 2
2022, 3
2023, 4
2024, 5
2025, 4
2026, 2
2027, 5
2028, 8
2029, 1
2030, 3
2031, 5
2032, 2
2033, 4
2034, 7
2035, 8
2036, 5
2037, 4
2038, 1
2039, 7
2040, 6
2041, 2
2042, 7
2043, 4
2044, 1
2045, 4
2046, 4
2047, 3
2048, 3
2049, 4
2050, 4
2051, 7
2053, 1
2054, 1
2055, 3
2056, 3
2057, 4
2058, 2
2059, 4
2060, 1
2061, 2
2062, 2
2063, 4
2064, 3
2065, 3
2066, 3
2067, 1
2068, 3
2069, 2
2070, 2
2071, 1
2072, 1
2073, 2
2074, 2
2075, 2
2076, 1
2077, 2
2078, 1
2079, 1
2080, 2
2081, 4
2082, 2
2084, 3
2085, 1
2086, 1
2088, 4
2089, 4
2090, 2
2091, 4
2092, 1
2093, 1
2094, 2
2095, 5
2096, 3
2097, 4
2098, 4
2099, 3
2100, 3
2101, 2
2102, 2
2103, 4
2104, 1
2105, 4
2106, 6
2107, 1
2108, 6
2109, 3
2110, 3
2111, 3
2112, 5
2113, 7
2114, 3
2115, 1
2116, 2
2117, 8
2118, 1
2119, 6
2120, 7
2121, 5
2122, 6
2123, 3
2124, 3
2125, 7
2126, 6
2127, 4
2128, 5
2129, 2
2130, 4
2131, 2
2132, 6
2133, 2
2134, 4
2135, 3
2136, 7
2137, 2
2140, 3
2141, 5
2142, 4
2143, 1
2144, 3
2145, 2
2146, 2
2147, 2
2148, 5
2149, 2
2150, 3
2151, 2
2152, 3
2153, 3
2154, 2
2156, 3
2157, 1
2158, 1
2159, 2
2160, 2
2161, 2
2162, 2
2164, 2
2165, 3
2166, 2
2167, 3
2169, 2
2170, 1
2171, 2
2173, 2
2174, 4
2175, 2
2176, 5
2177, 1
2178, 1
2179, 3
2180, 1
2181, 5
2182, 5
2183, 1
2184, 6
2185, 2
2186, 3
2187, 1
2188, 3
2189, 4
2190, 3
2191, 4
2192, 2
2193, 3
2194, 6
2195, 5
2196, 3
2197, 2
2198, 7
2199, 4
2200, 4
2201, 2
2202, 6
2203, 1
2204, 3
2205, 7
2206, 8
2207, 6
2208, 3
2209, 1
2210, 5
2211, 8
2212, 4
2213, 6
2214, 4
2215, 2
2216, 2
2217, 5
2218, 3
2219, 4
2220, 2
2221, 7
2222, 4
2223, 1
2225, 2
2226, 5
2227, 2
2228, 3
2229, 3
2230, 2
2231, 2
2232, 2
2233, 5
2234, 1
2235, 2
2236, 5
2237, 2
2238, 1
2239, 3
2240, 2
2242, 3
2243, 1
2244, 1
2245, 3
2246, 2
2247, 2
2248, 1
2250, 3
2251, 3
2252, 3
2253, 1
2255, 3
2256, 1
2257, 1
2259, 4
2260, 3
2261, 3
2262, 4
2263, 1
2264, 3
2266, 7
2267, 2
2268, 3
2269, 5
2270, 2
2271, 3
2272, 1
2273, 3
2274, 4
2275, 3
2276, 1
2277, 6
2278, 2
2279, 5
2280, 3
2281, 5
2282, 2
2283, 6
2284, 8
2285, 2
2287, 5
2288, 4
2289, 3
2290, 3
2291, 10
2292, 7
2293, 3
2294, 3
2295, 2
2296, 8
2297, 4
2298, 5
2299, 7
2300, 1
2301, 4
2302, 2
2303, 4
2304, 4
2305, 3
2306, 6
2307, 3
2308, 4
2310, 1
2311, 4
2312, 4
2313, 2
2314, 2
2315, 2
2316, 2
2317, 2
2318, 3
2319, 3
2320, 4
2321, 2
2322, 4
2323, 1
2324, 3
2325, 3
2326, 1
2327, 1
2328, 1
2329, 1
2330, 3
2331, 3
2332, 1
2333, 2
2335, 2
2336, 3
2337, 2
2338, 3
2340, 2
2341, 1
2342, 1
2343, 1
2344, 1
2345, 3
2346, 4
2347, 3
2348, 4
2349, 2
2350, 1
2351, 2
2352, 6
2353, 4
2354, 1
2355, 6
2356, 2
2358, 4
2359, 3
2360, 2
2361, 3
2362, 4
2363, 5
2364, 4
2365, 2
2366, 4
2367, 5
2368, 3
2369, 3
2370, 9
2371, 2
2372, 2
2373, 5
2374, 2
2375, 3
2376, 6
2377, 11
2378, 3
2379, 4
2380, 3
2381, 7
2382, 3
2383, 4
2384, 8
2385, 3
2386, 3
2387, 2
2388, 5
2389, 2
2390, 3
2391, 5
2392, 7
2393, 3
2396, 2
2397, 6
2398, 2
2399, 3
2400, 2
2401, 2
2402, 2
2403, 2
2404, 3
2405, 4
2406, 2
2407, 4
2408, 1
2409, 2
2410, 4
2411, 1
2412, 3
2414, 1
2415, 2
2416, 2
2417, 2
2418, 1
2419, 2
2420, 1
2421, 1
2422, 3
2423, 4
2424, 1
2425, 1
2426, 2
2427, 1
2429, 2
2430, 2
2431, 4
2432, 3
2433, 4
2434, 1
2435, 2
2436, 1
2437, 6
2438, 5
2439, 1
2440, 5
2441, 2
2442, 2
2443, 3
2444, 3
2445, 2
2446, 3
2447, 4
2448, 4
2449, 3
2450, 4
2451, 4
2452, 5
2453, 1
2454, 5
2455, 7
2456, 3
2457, 2
2458, 6
2459, 3
2460, 2
2461, 6
2462, 7
2463, 7
2464, 4
2465, 2
2466, 3
2467, 9
2468, 3
2469, 6
2470, 5
2471, 2
2472, 3
2473, 1
2474, 7
2475, 2
2476, 2
2477, 6
2478, 5
2479, 3
2481, 3
2482, 3
2483, 3
2484, 2
2485, 2
2486, 2
2487, 3
2488, 1
2489, 3
2490, 5
2491, 2
2492, 2
2493, 3
2494, 3
2495, 2
2496, 3
2497, 1
2498, 2
2499, 1
2500, 1
2501, 2
2502, 3
2503, 1
2504, 1
2505, 1
2506, 1
2507, 3
2508, 5
2509, 1
2511, 1
2512, 3
2514, 1
2515, 3
2516, 3
2517, 3
2518, 4
2519, 2
2520, 2
2521, 1
2522, 4
2523, 4
2524, 4
2525, 2
2526, 3
2527, 3
2528, 2
2529, 4
2530, 3
2531, 3
2532, 1
2533, 6
2534, 2
2535, 6
2536, 3
2537, 2
2538, 4
2539, 4
2540, 8
2541, 3
2542, 2
2543, 2
2544, 5
2545, 3
2546, 5
2547, 7
2548, 5
2549, 6
2550, 5
2551, 1
2552, 5
2553, 7
2554, 5
2555, 8
2556, 1
2557, 4
2558, 1
2559, 5
2560, 2
2561, 3
2562, 4
2563, 5
2564, 6
2567, 4
2568, 4
2569, 2
2570, 3
2571, 2
2572, 2
2573, 3
2574, 1
2575, 5
2576, 2
2577, 3
2578, 2
2579, 2
2580, 4
2581, 2
2582, 1
2583, 1
2584, 3
2586, 2
2587, 3
2588, 1
2589, 1
2590, 2
2592, 2
2593, 5
2594, 3
2597, 3
2598, 1
2599, 1
2600, 1
2601, 2
2602, 4
2603, 3
2604, 4
2605, 2
2606, 2
2607, 1
2608, 3
2609, 6
2610, 4
2611, 3
2612, 3
2613, 2
2614, 2
2615, 3
2616, 4
2617, 2
2618, 2
2619, 6
2620, 2
2621, 4
2622, 4
2623, 5
2624, 1
2625, 5
2626, 6
2627, 5
2628, 2
2629, 4
2630, 4
2632, 7
2633, 9
2634, 6
2635, 5
2636, 1
2637, 5
2638, 6
2639, 4
2640, 9
2641, 2
2642, 2
2643, 3
2644, 3
2645, 5
2646, 3
2647, 1
2648, 8
2649, 4
2650, 2
2652, 2
2653, 4
2654, 2
2655, 4
2656, 2
2657, 3
2658, 1
2659, 2
2660, 3
2661, 5
2663, 4
2664, 3
2665, 2
2666, 3
2667, 2
2668, 2
2669, 1
2670, 1
2671, 1
2672, 3
2673, 1
2674, 2
2675, 1
2676, 1
2677, 1
2678, 2
2679, 5
2680, 2
2682, 3
2683, 1
2685, 1
2686, 2
2687, 5
2688, 2
2689, 3
2690, 2
2691, 2
2692, 2
2693, 3
2694, 4
2695, 5
2696, 4
2697, 3
2698, 1
2699, 2
2700, 3
2701, 3
2702, 3
2703, 1
2704, 7
2705, 3
2706, 3
2707, 5
2708, 4
2709, 3
2710, 1
2711, 8
2712, 6
2713, 3
2714, 2
2715, 5
2716, 1
2717, 5
2718, 6
2719, 8
2720, 4
2721, 5
2722, 1
2723, 9
2724, 5
2726, 9
2727, 3
2728, 4
2730, 6
2731, 3
2732, 2
2733, 6
2734, 4
2735, 4
2736, 1
2738, 4
2739, 3
2740, 2
2741, 4
2742, 2
2743, 1
2744, 3
2745, 2
2746, 4
2747, 3
2748, 3
2749, 1
2750, 5
2751, 2
2752, 3
2754, 3
2756, 1
2757, 1
2758, 4
2759, 1
2760, 2
2761, 1
2762, 1
2764, 6
2765, 2
2766, 1
2767, 1
2768, 2
2769, 1
2770, 1
2771, 1
2772, 4
2773, 3
2774, 3
2775, 4
2776, 1
2777, 2
2779, 5
2780, 7
2781, 1
2782, 5
2783, 1
2784, 2
2785, 4
2786, 3
2787, 4
2789, 5
2790, 3
2791, 2
2792, 6
2793, 2
2794, 7
2795, 1
2796, 8
2797, 4
2798, 2
2799, 4
2800, 4
2801, 3
2802, 3
2803, 5
2804, 9
2805, 5
2806, 4
2807, 3
2808, 3
2809, 8
2810, 4
2811, 7
2812, 3
2813, 3
2814, 2
2815, 5
2816, 3
2817, 2
2818, 3
2819, 7
2820, 4
2821, 2
2823, 1
2824, 5
2825, 3
2826, 3
2827, 2
2828, 2
2829, 2
2830, 3
2831, 1
2832, 5
2833, 3
2834, 2
2835, 2
2836, 3
2837, 2
2838, 3
2839, 3
2841, 1
2843, 2
2844, 4
2845, 2
2846, 1
2848, 2
2849, 3
2850, 4
2851, 1
2853, 3
2854, 1
2855, 1
2857, 2
2858, 5
2859, 2
2860, 3
2861, 3
2862, 2
2863, 1
2864, 3
2865, 6
2866, 2
2867, 3
2868, 4
2869, 3
2870, 2
2871, 3
2872, 3
2873, 2
2874, 2
2875, 6
2876, 2
2877, 3
2878, 6
2879, 4
2880, 3
2881, 3
2882, 7
2883, 5
2884, 2
2885, 2
2886, 7
2888, 6
2889, 7
2890, 6
2891, 5
2892, 3
2893, 2
2894, 10
2895, 3
2896, 6
2897, 5
2898, 2
2899, 3
2900, 4
2901, 3
2902, 2
2903, 3
2904, 7
2905, 2
2906, 5
2907, 1
2909, 5
2910, 3
2911, 4
2912, 1
2913, 3
2914, 2
2915, 2
2916, 1
2917, 4
2918, 3
2919, 3
2920, 3
2921, 3
2922, 2
2923, 2
2924, 1
2925, 3
2927, 2
2928, 1
2929, 3
2930, 2
2931, 1
2932, 1
2934, 4
2935, 2
2936, 3
2937, 1
2938, 1
2939, 3
2941, 1
2942, 1
2943, 6
2944, 1
2945, 5
2946, 1
2947, 1
2948, 3
2949, 3
2950, 4
2951, 4
2952, 2
2953, 5
2954, 2
2955, 3
2956, 2
2957, 3
2958, 3
2959, 2
2960, 4
2961, 5
2962, 1
2963, 3
2964, 7
2965, 3
2966, 2
2967, 6
2968, 7
2969, 2
2970, 2
2971, 5
2972, 3
2973, 3
2974, 7
2975, 6
2976, 6
2977, 5
2978, 1
2979, 4
2980, 9
2981, 4
2982, 3
2983, 6
2984, 2
2985, 4
2986, 4
2987, 3
2988, 2
2989, 3
2990, 7
2991, 5
2992, 1
2994, 2
2995, 4
2996, 4
2997, 2
2998, 1
2999, 4
3000, 2
3001, 1
3002, 3
3003, 4
3004, 2
3005, 3
3006, 3
3007, 3
3008, 3
3009, 1
3010, 2
3011, 1
3012, 1
3013, 2
3014, 2
3015, 1
3016, 3
3017, 1
3019, 1
3020, 4
3021, 3
3022, 2
3023, 1
3024, 1
3025, 2
3026, 1
3027, 1
3028, 2
3029, 4
3030, 2
3031, 4
3032, 2
3033, 2
3034, 1
3035, 3
3036, 6
3037, 3
3038, 3
3039, 4
3040, 2
3041, 1
3042, 4
3043, 3
3044, 3
3045, 3
3046, 4
3047, 4
3048, 1
3049, 5
3050, 5
3051, 4
3052, 2
3053, 7
3054, 5
3055, 3
3056, 5
3057, 2
3058, 1
3059, 5
3060, 9
3061, 7
3062, 5
3063, 2
3064, 1
3065, 9
3066, 4
3067, 5
3068, 6
3069, 2
3070, 4
3071, 3
3072, 3
3073, 3
3074, 1
3075, 9
3076, 4
3077, 2
3078, 1
3079, 1
3080, 4
3081, 3
3082, 3
3083, 2
3084, 3
3085, 2
3086, 2
3087, 2
3088, 4
3089, 2
3090, 2
3091, 4
3092, 3
3093, 3
3094, 2
3096, 2
3097, 1
3098, 2
3099, 1
3100, 2
3101, 3
3102, 2
3104, 1
3105, 2
3106, 3
3107, 4
3109, 2
3110, 1
3111, 2
3113, 2
3114, 3
3115, 3
3116, 3
3117, 3
3118, 3
3119, 1
3120, 1
3121, 6
3122, 5
3123, 1
3124, 4
3125, 3
3126, 2
3127, 3
3128, 2
3129, 5
3130, 1
3131, 3
3132, 5
3133, 2
3134, 6
3135, 3
3136, 5
3137, 1
3138, 5
3139, 7
3140, 2
3141, 3
3142, 6
3143, 2
3144, 3
3145, 5
3146, 12
3147, 3
3148, 4
3149, 2
3150, 3
3151, 8
3152, 4
3153, 6
3154, 5
3155, 3
3156, 1
3157, 4
3158, 4
3159, 2
3160, 5
3161, 5
3162, 5
3163, 1
3165, 2
3166, 5
3167, 3
3168, 3
3169, 1
3170, 4
3172, 3
3173, 3
3174, 4
3175, 1
3176, 4
3177, 3
3178, 2
3179, 2
3180, 2
3181, 2
3182, 1
3183, 1
3184, 2
3185, 3
3186, 1
3187, 1
3188, 2
3190, 3
3191, 3
3192, 2
3193, 2
3195, 2
3196, 2
3197, 1
3199, 2
3200, 5
3201, 3
3202, 2
3203, 3
3204, 2
3205, 1
3206, 4
3207, 4
3208, 4
3209, 4
3210, 2
3211, 3
3212, 2
3213, 3
3214, 3
3215, 3
3216, 4
3217, 5
3218, 1
3219, 5
3220, 2
3221, 5
3222, 2
3223, 4
3224, 6
3225, 6
3226, 3
3227, 3
3228, 4
3229, 4
3230, 3
3231, 7
3232, 9
3233, 4
3234, 2
3235, 1
3236, 10
3237, 2
3238, 8
3239, 6
3241, 4
3242, 4
3243, 4
3244, 1
3245, 2
3246, 5
3247, 4
3248, 6
3250, 1
3251, 3
3252, 4
3253, 4
3254, 1
3255, 2
3256, 2
3257, 2
3258, 2
3259, 6
3260, 1
3261, 3
3262, 3
3263, 2
3264, 2
3265, 3
3266, 1
3267, 3
3268, 1
3270, 3
3271, 1
3272, 2
3273, 1
3274, 2
3276, 4
3277, 2
3278, 4
3281, 3
3282, 1
3283, 1
3284, 2
3285, 3
3286, 3
3287, 4
3288, 2
3289, 2
3290, 2
3291, 1
3292, 6
3293, 5
3294, 1
3295, 3
3296, 4
3297, 3
3298, 3
3299, 2
3300, 4
3302, 5
3303, 4
3304, 2
3305, 6
3306, 3
3307, 3
3308, 3
3309, 8
3310, 6
3312, 4
3313, 7
3315, 3
3316, 6
3317, 11
3318, 4
3319, 4
3320, 1
3321, 6
3322, 5
3323, 5
3324, 7
3325, 3
3326, 3
3327, 1
3328, 6
3329, 2
3330, 3
3331, 4
3332, 5
3333, 5
3334, 1
3336, 4
3337, 3
3338, 3
3339, 3
3340, 2
3341, 3
3342, 1
3343, 2
3344, 2
3345, 5
3346, 3
3347, 2
3348, 2
3349, 3
3350, 2
3351, 2
3352, 1
3353, 2
3354, 1
3355, 2
3356, 2
3357, 2
3358, 2
3359, 1
3360, 1
3361, 2
3362, 4
3363, 2
3364, 1
3366, 4
3368, 1
3370, 4
3371, 3
3372, 2
3373, 4
3374, 2
3375, 3
3377, 4
3378, 7
3379, 1
3380, 2
3381, 5
3382, 3
3383, 2
3384, 2
3385, 4
3386, 2
3387, 4
3388, 4
3389, 3
3390, 3
3391, 3
3392, 4
3393, 4
3394, 4
3395, 7
3396, 4
3397, 2
3398, 5
3399, 4
3400, 1
3401, 3
3402, 11
3403, 4
3404, 7
3405, 1
3406, 3
3407, 9
3408, 2
3409, 7
3410, 6
3411, 1
3412, 2
3413, 5
3414, 4
3415, 3
3416, 1
3417, 6
3418, 4
3419, 4
3420, 1
3421, 1
3422, 4
3423, 3
3424, 3
3425, 2
3426, 2
3427, 2
3428, 2
3429, 3
3430, 4
3431, 3
3432, 2
3433, 3
3434, 3
3435, 3
3436, 2
3438, 2
3439, 1
3440, 1
3441, 2
3442, 4
3444, 2
3445, 1
3447, 3
3448, 4
3449, 3
3451, 3
3452, 1
3454, 1
3455, 2
3456, 4
3457, 3
3459, 5
3460, 2
3461, 2
3462, 2
3463, 6
3464, 1
3465, 4
3466, 4
3467, 4
3468, 2
3469, 3
3470, 3
3471, 1
3472, 3
3473, 4
3474, 4
3475, 3
3476, 5
3477, 3
3478, 4
3479, 5
3480, 5
3481, 4
3482, 2
3483, 4
3484, 6
3485, 1
3486, 3
3487, 9
3488, 8
3489, 3
3490, 4
3491, 2
3492, 4
3493, 8
3494, 6
3495, 5
3496, 3
3497, 2
3498, 2
3499, 5
3500, 3
3501, 2
3502, 6
3503, 4
3504, 6
3507, 4
3508, 3
3509, 2
3510, 4
3511, 2
3512, 2
3513, 1
3514, 3
3515, 4
3516, 2
3517, 4
3518, 2
3519, 2
3520, 3
3521, 3
3522, 1
3523, 2
3524, 1
3525, 1
3526, 2
3527, 3
3528, 1
3529, 1
3530, 2
3532, 3
3533, 3
3534, 3
3535, 1
3537, 4
3540, 2
3541, 1
3542, 6
3543, 2
3544, 4
3545, 1
3546, 3
3548, 5
3549, 4
3550, 3
3551, 6
3552, 1
3553, 2
3554, 3
3555, 3
3556, 3
3557, 2
3558, 3
3559, 5
3560, 3
3561, 3
3562, 5
3563, 4
3564, 3
3565, 3
3566, 6
3567, 6
3568, 1
3569, 4
3570, 5
3571, 1
3572, 7
3573, 6
3574, 8
3575, 4
3576, 2
3577, 1
3578, 8
3579, 6
3580, 7
3581, 4
3582, 2
3583, 3
3584, 5
3585, 1
3586, 3
3587, 3
3588, 6
3589, 6
3590, 1
3591, 1
3593, 5
3594, 3
3595, 5
3597, 3
3598, 2
3599, 2
3600, 2
3601, 4
3602, 2
3603, 2
3604, 5
3605, 1
3606, 3
3607, 3
3609, 3
3611, 2
3612, 2
3613, 3
3615, 2
3616, 1
3617, 2
3618, 2
3619, 4
3620, 2
3622, 2
3623, 1
3624, 1
3625, 2
3627, 4
3628, 3
3629, 2
3630, 5
3631, 1
3632, 2
3633, 3
3634, 5
3635, 4
3636, 2
3637, 4
3638, 1
3639, 3
3640, 4
3641, 2
3642, 3
3643, 1
3644, 5
3645, 5
3646, 4
3647, 2
3648, 4
3649, 4
3650, 5
3651, 3
3652, 7
3653, 2
3654, 3
3655, 6
3656, 1
3657, 4
3658, 7
3659, 9
3660, 3
3661, 3
3662, 3
3663, 3
3664, 11
3665, 3
3666, 7
3667, 2
3668, 3
3669, 2
3670, 5
3671, 3
3672, 2
3673, 4
3674, 5
3675, 6
3677, 1
3678, 3
3679, 2
3680, 4
3681, 3
3682, 2
3683, 1
3684, 3
3685, 2
3686, 3
3687, 4
3688, 2
3689, 3
3690, 3
3691, 2
3692, 1
3693, 3
3694, 2
3695, 1
3696, 1
3697, 2
3698, 3
3699, 1
3700, 2
3701, 1
3702, 1
3703, 1
3704, 4
3705, 3
3706, 1
3707, 1
3708, 2
3709, 1
3710, 1
3711, 1
3712, 3
3713, 3
3714, 3
3715, 4
3716, 2
3717, 2
3719, 6
3720, 3
3721, 3
3722, 4
3723, 3
3724, 3
3725, 2
3726, 3
3727, 2
3728, 4
3729, 3
3730, 4
3731, 3
3732, 5
3733, 2
3734, 5
3735, 2
3736, 4
3737, 10
3738, 1
3739, 2
3740, 5
3741, 4
3742, 2
3743, 5
3744, 9
3745, 5
3746, 6
3747, 2
3748, 2
3749, 7
3750, 5
3751, 8
3752, 4
3753, 1
3754, 3
3755, 5
3756, 3
3757, 2
3758, 3
3759, 7
3760, 4
3761, 2
3763, 1
3764, 4
3765, 4
3766, 3
3767, 1
3768, 4
3769, 1
3770, 3
3771, 1
3772, 5
3773, 2
3774, 3
3775, 3
3776, 2
3777, 1
3778, 4
3779, 1
3780, 2
3781, 1
3782, 1
3783, 2
3784, 3
3785, 1
3786, 2
3788, 1
3789, 4
3790, 2
3791, 3
3793, 2
3794, 2
3796, 1
3797, 2
3798, 5
3799, 2
3800, 5
3801, 1
3802, 1
3803, 2
3804, 3
3805, 5
3806, 3
3807, 3
3808, 4
3809, 1
3810, 3
3811, 3
3812, 4
3813, 2
3814, 3
3815, 5
3816, 3
3817, 1
3818, 6
3819, 5
3820, 3
3821, 2
3822, 5
3823, 8
3824, 1
3825, 5
3826, 4
3827, 1
3828, 3
3829, 10
3830, 5
3831, 5
3832, 5
3833, 1
3834, 4
3835, 8
3836, 7
3837, 5
3838, 2
3839, 2
3840, 3
3841, 5
3842, 3
3843, 3
3844, 4
3845, 6
3846, 4
3849, 3
3850, 4
3851, 3
3852, 3
3853, 1
3854, 3
3855, 1
3856, 2
3857, 4
3858, 4
3859, 2
3860, 4
3861, 2
3862, 3
3863, 2
3864, 1
3865, 2
3866, 1
3867, 1
3868, 1
3869, 5
3871, 2
3872, 1
3873, 1
3874, 2
3875, 4
3876, 3
3878, 1
3879, 3
3881, 1
3882, 1
3883, 3
3884, 4
3885, 2
3886, 4
3887, 1
3888, 2
3889, 1
3890, 6
3891, 5
3892, 1
3893, 4
3894, 3
3895, 3
3896, 3
3897, 2
3898, 2
3899, 3
3900, 4
3901, 4
3902, 3
3903, 5
3904, 4
3905, 2
3906, 6
3907, 2
3908, 10
3910, 3
3911, 5
3912, 3
3913, 2
3914, 5
3915, 9
3916, 7
3917, 4
3918, 2
3919, 4
3920, 7
3921, 3
3922, 6
3923, 6
3925, 4
3926, 4
3927, 4
3928, 2
3929, 3
3930, 7
3931, 5
3932, 1
3934, 2
3935, 3
3936, 4
3937, 4
3938, 1
3939, 3
3940, 1
3941, 3
3942, 2
3943, 4
3944, 1
3945, 3
3946, 3
3947, 4
3948, 1
3949, 3
3951, 3
3952, 1
3954, 3
3955, 3
3956, 1
3957, 2
3959, 1
3960, 4
3961, 1
3962, 4
3964, 3
3965, 1
3966, 1
3967, 1
3968, 2
3969, 4
3970, 2
3971, 3
3972, 3
3973, 2
3974, 1
3975, 4
3976, 5
3977, 3
3978, 3
3979, 4
3980, 1
3981, 3
3982, 3
3983, 2
3984, 3
3985, 4
3986, 4
3987, 4
3988, 2
3989, 4
3990, 6
3991, 2
3992, 3
3993, 6
3994, 6
3995, 2
3996, 4
3997, 4
3998, 2
3999, 3
4000, 8
4001, 9
4002, 5
4003, 1
4004, 2
4005, 7
4006, 5
4007, 6
4008, 6
4009, 2
4010, 4
4011, 1
4012, 5
4013, 2
4014, 4
4015, 6
4016, 3
4017, 4
4018, 1
4019, 1
4020, 4
4021, 2
4022, 3
4023, 3
4024, 1
4025, 3
4026, 2
4027, 2
4028, 4
4029, 3
4030, 2
4031, 4
4032, 1
4033, 3
4034, 3
4035, 1
4036, 2
4037, 2
4039, 2
4040, 3
4041, 2
4042, 1
4043, 1
4044, 1
4045, 1
4046, 4
4047, 3
4048, 1
4049, 1
4050, 2
4051, 1
4052, 1
4053, 1
4054, 5
4055, 1
4056, 2
4057, 5
4058, 2
4060, 2
4061, 6
4062, 3
4063, 3
4064, 6
4065, 1
4066, 3
4067, 2
4068, 2
4069, 3
4070, 4
4071, 3
4072, 6
4073, 1
4074, 6
4075, 2
4076, 5
4077, 3
4078, 3
4079, 9
4080, 2
4081, 2
4082, 5
4083, 2
4084, 3
4085, 6
4086, 9
4087, 4
4088, 4
4089, 3
4090, 2
4091, 10
4092, 4
4093, 7
4094, 4
4095, 1
4096, 2
4097, 5
4098, 4
4099, 1
4100, 4
4101, 6
4102, 6
4103, 1
4105, 2
4106, 3
4107, 3
4108, 5
4110, 2
4111, 4
4112, 2
4114, 6
4115, 2
4116, 2
4117, 4
4118, 3
4119, 1
4120, 3
4122, 3
4123, 1
4124, 1
4125, 3
4126, 1
4127, 2
4128, 1
4129, 1
4130, 2
4131, 4
4132, 3
4133, 1
4135, 3
4136, 1
4138, 2
4139, 1
4140, 4
4141, 3
4142, 4
4143, 1
4144, 3
4145, 1
4146, 3
4147, 5
4148, 4
4149, 4
4150, 3
4151, 2
4152, 1
4153, 4
4154, 2
4155, 4
4156, 2
4157, 4
4158, 4
4159, 3
4160, 4
4161, 6
4162, 2
4163, 2
4164, 7
4165, 6
4166, 1
4167, 2
4168, 7
4169, 2
4170, 2
4171, 7
4172, 10
4173, 5
4174, 3
4175, 1
4176, 6
4177, 8
4178, 5
4179, 6
4180, 1
4181, 3
4182, 2
4183, 5
4184, 4
4185, 1
4186, 4
4187, 5
4188, 6
4191, 4
4192, 4
4193, 3
4194, 2
4195, 3
4196, 2
4197, 1
4198, 3
4199, 2
4200, 4
4201, 2
4202, 3
4203, 3
4204, 2
4205, 4
4207, 3
4208, 1
4210, 3
4211, 2
4212, 1
4213, 1
4214, 2
4216, 2
4217, 4
4218, 4
4220, 1
4221, 2
4222, 1
4223, 1
4224, 1
4225, 4
4226, 2
4227, 4
4228, 3
4229, 1
4230, 3
4231, 2
4232, 4
4233, 5
4234, 1
4235, 6
4236, 1
4237, 3
4238, 2
4239, 4
4240, 1
4241, 3
4242, 4
4243, 4
4244, 3
4245, 5
4246, 3
4247, 3
4248, 5
4249, 2
4250, 9
4251, 3
4252, 2
4253, 5
4254, 3
4255, 3
4256, 4
4257, 8
4258, 7
4259, 5
4260, 2
4261, 1
4262, 8
4263, 5
4264, 8
4265, 3
4266, 1
4267, 4
4268, 4
4269, 4
4271, 5
4272, 7
4273, 4
4274, 2
4276, 3
4277, 4
4278, 2
4279, 4
4280, 1
4281, 2
4282, 2
4283, 2
4284, 3
4285, 5
4286, 1
4287, 4
4288, 1
4289, 4
4290, 2
4291, 2
4292, 1
4293, 2
4294, 1
4296, 4
4297, 2
4298, 1
4299, 1
4300, 1
4301, 1
4302, 2
4303, 5
4304, 2
4305, 1
4306, 1
4307, 2
4309, 2
4310, 2
4311, 4
4312, 3
4313, 4
4315, 3
4316, 1
4317, 5
4318, 3
4319, 3
4320, 3
4321, 5
4322, 2
4323, 1
4324, 4
4325, 3
4326, 2
4327, 2
4328, 5
4329, 5
4330, 2
4331, 4
4332, 5
4333, 2
4334, 5
4335, 9
4336, 2
4337, 1
4338, 3
4339, 5
4340, 2
4341, 4
4342, 10
4343, 7
4344, 3
4345, 4
4346, 2
4347, 6
4348, 6
4349, 5
4350, 7
4351, 1
4352, 2
4353, 2
4354, 6
4355, 3
4356, 2
4357, 7
4358, 4
4359, 3
4360, 1
4362, 5
4363, 2
4364, 5
4365, 1
4366, 3
4367, 2
4368, 1
4369, 2
4370, 4
4371, 3
4372, 1
4373, 4
4374, 2
4375, 3
4376, 2
4377, 2
4378, 3
4380, 1
4381, 2
4382, 4
4383, 1
4384, 1
4385, 1
4386, 1
4387, 2
4388, 4
4389, 1
4390, 2
4391, 2
4392, 2
4394, 1
4395, 1
4396, 3
4397, 4
4398, 3
4399, 4
4401, 3
4402, 1
4403, 5
4404, 3
4405, 4
4406, 5
4407, 2
4408, 2
4409, 4
4410, 1
4411, 2
4412, 4
4413, 6
4414, 1
4415, 3
4416, 5
4417, 4
4418, 5
4419, 1
4420, 4
4421, 10
4422, 1
4423, 2
4424, 4
4425, 3
4426, 5
4427, 5
4428, 9
4429, 7
4430, 2
4431, 2
4432, 1
4433, 10
4434, 3
4435, 7
4436, 4
4437, 3
4438, 3
4439, 2
4440, 5
4441, 1
4442, 3
4443, 8
4444, 4
4445, 2
4447, 4
4448, 2
4449, 3
4450, 4
4451, 1
4452, 1
4453, 3
4454, 3
4455, 1
4456, 5
4457, 3
4458, 2
4459, 2
4460, 4
4461, 1
4462, 3
4464, 3
4465, 1
4466, 1
4467, 2
4468, 3
4469, 1
4470, 2
4472, 2
4473, 3
4474, 3
4475, 2
4477, 3
4478, 1
4479, 1
4481, 3
4482, 4
4483, 2
4484, 5
4485, 1
4486, 1
4487, 2
4488, 3
4489, 5
4490, 4
4491, 4
4492, 3
4493, 2
4494, 2
4495, 3
4496, 2
4497, 4
4498, 2
4499, 6
4500, 3
4501, 1
4502, 5
4503, 5
4504, 3
4505, 4
4506, 11
4508, 2
4509, 4
4510, 4
4511, 1
4512, 5
4513, 7
4514, 9
4515, 4
4516, 3
4517, 2
4518, 8
4519, 2
4520, 6
4521, 7
4522, 2
4523, 2
4524, 5
4525, 5
4526, 1
4527, 3
4528, 7
4529, 1
4530, 5
4531, 1
4532, 1
4533, 3
4534, 3
4535, 3
4536, 3
4537, 3
4538, 2
4539, 2
4540, 1
4541, 3
4542, 4
4543, 2
4544, 5
4546, 3
4547, 3
4548, 1
4549, 3
4550, 1
4552, 3
4553, 2
4554, 1
4555, 2
4556, 1
4557, 1
4558, 3
4559, 2
4560, 4
4563, 3
4564, 1
4565, 1
4566, 1
4567, 5
4568, 2
4569, 4
4570, 2
4571, 1
4572, 2
4573, 2
4574, 5
4575, 5
4576, 2
4577, 6
4578, 1
4579, 1
4580, 3
4581, 3
4582, 4
4583, 1
4584, 5
4585, 4
4586, 2
4587, 5
4588, 3
4589, 3
4590, 5
4591, 2
4592, 11
4593, 1
4594, 3
4595, 5
4596, 2
4597, 3
4598, 5
4599, 8
4600, 8
4601, 3
4602, 2
4603, 3
4604, 8
4605, 5
4606, 4
4607, 5
4608, 2
4609, 3
4610, 5
4611, 1
4612, 5
4613, 3
4614, 7
4615, 3
4616, 2
4618, 2
4619, 5
4620, 2
4621, 4
4622, 1
4623, 2
4624, 3
4625, 1
4626, 2
4627, 6
4628, 1
4629, 3
4630, 3
4631, 3
4632, 4
4634, 2
4635, 1
4636, 1
4637, 1
4638, 3
4639, 2
4641, 3
4643, 2
4644, 3
4645, 2
4646, 3
4648, 3
4649, 1
4650, 1
4652, 5
4653, 2
4654, 2
4655, 4
4656, 2
4657, 1
4658, 3
4659, 4
4660, 5
4661, 2
4662, 4
4663, 3
4664, 2
4665, 2
4666, 3
4667, 4
4668, 2
4669, 1
4670, 6
4671, 3
4672, 4
4673, 4
4674, 3
4675, 4
4676, 3
4677, 7
4678, 5
4679, 2
4680, 2
4681, 7
4683, 4
4684, 11
4685, 6
4686, 4
4687, 3
4688, 1
4689, 6
4690, 6
4691, 6
4692, 6
4693, 2
4694, 4
4695, 1
4696, 5
4697, 3
4698, 3
4699, 4
4700, 8
4701, 2
4703, 1
4704, 4
4705, 4
4706, 1
4707, 3
4708, 1
4709, 4
4710, 1
4711, 2
4712, 5
4713, 2
4714, 2
4715, 3
4716, 2
4717, 4
4718, 3
4720, 2
4721, 1
4722, 1
4723, 2
4724, 2
4725, 2
4726, 2
4727, 1
4729, 3
4730, 3
4731, 3
4732, 1
4733, 1
4734, 3
4736, 1
4737, 2
4738, 3
4739, 3
4740, 3
4741, 3
4742, 2
4743, 1
4744, 2
4745, 6
4746, 3
4747, 4
4748, 4
4749, 2
4750, 2
4751, 2
4752, 2
4753, 5
4754, 2
4755, 2
4756, 5
4757, 3
4758, 5
4759, 5
4760, 2
4761, 6
4762, 4
4763, 6
4764, 2
4765, 4
4766, 3
4767, 3
4768, 2
4769, 7
4770, 9
4771, 6
4772, 2
4773, 3
4774, 4
4775, 8
4776, 5
4777, 6
4778, 3
4779, 1
4780, 3
4781, 6
4782, 2
4783, 3
4784, 3
4785, 6
4786, 5
4787, 1
4789, 5
4790, 2
4791, 3
4792, 3
4794, 5
4795, 1
4796, 1
4797, 3
4798, 4
4799, 2
4800, 3
4801, 4
4802, 2
4803, 3
4804, 1
4805, 1
4806, 2
4807, 1
4808, 1
4809, 4
4810, 1
4811, 2
4812, 1
4813, 1
4814, 2
4815, 3
4816, 3
4817, 1
4819, 3
4820, 1
4821, 1
4823, 3
4824, 4
4825, 2
4826, 5
4828, 3
4829, 1
4830, 3
4831, 5
4832, 4
4833, 4
4834, 4
4835, 1
4836, 3
4837, 3
4838, 2
4839, 3
4840, 5
4841, 2
4842, 3
4843, 5
4844, 3
4845, 4
4846, 4
4847, 3
4848, 8
4849, 3
4850, 2
4851, 4
4852, 5
4854, 5
4855, 9
4856, 7
4857, 5
4858, 2
4859, 3
4860, 7
4861, 4
4862, 7
4863, 5
4864, 1
4865, 4
4866, 4
4867, 4
4868, 1
4869, 2
4870, 7
4871, 5
4872, 3
4874, 1
4875, 4
4876, 3
4877, 4
4878, 1
4879, 3
4880, 2
4881, 2
4882, 1
4883, 5
4884, 2
4885, 2
4886, 4
4887, 3
4888, 3
4889, 2
4890, 1
4891, 2
4892, 1
4894, 3
4895, 2
4896, 1
4897, 3
4899, 1
4900, 4
4901, 2
4902, 3
4904, 3
4906, 1
4907, 1
4908, 2
4909, 4
4910, 2
4911, 5
4912, 1
4913, 3
4914, 1
4915, 2
4916, 5
4917, 2
4918, 6
4919, 2
4920, 3
4921, 3
4922, 2
4923, 1
4924, 5
4925, 3
4926, 2
4927, 6
4928, 2
4929, 4
4930, 3
4931, 6
4933, 6
4934, 9
4935, 2
4937, 7
4938, 2
4939, 1
4940, 9
4941, 8
4942, 6
4943, 3
4944, 1
4945, 9
4946, 4
4947, 3
4948, 8
4949, 3
4950, 1
4951, 3
4952, 6
4953, 2
4954, 3
4955, 1
4956, 10
4957, 3
4958, 1
4959, 1
4960, 1
4961, 4
4962, 3
4963, 4
4964, 1
4965, 3
4966, 1
4967, 3
4968, 3
4969, 4
4970, 3
4972, 4
4973, 2
4974, 5
4976, 2
4977, 2
4979, 2
4980, 1
4981, 3
4982, 1
4983, 2
4985, 2
4986, 4
4987, 3
4988, 1
4990, 3
4991, 1
4992, 1
4993, 1
4994, 3
4995, 3
4996, 2
4997, 5
4999, 2
5000, 2
5001, 4
5002, 4
5003, 4
5004, 4
5005, 3
5006, 2
5007, 2
5008, 3
5009, 3
5010, 4
5011, 3
5012, 5
5013, 1
5014, 2
5015, 7
5016, 4
5017, 2
5018, 5
5019, 7
5020, 3
5021, 2
5022, 6
5023, 2
5024, 3
5025, 6
5026, 5
5027, 9
5028, 3
5029, 3
5030, 1
5031, 10
5032, 4
5033, 7
5034, 3
5035, 2
5036, 4
5037, 4
5038, 2
5039, 3
5040, 2
5041, 7
5042, 4
5043, 4
5046, 5
5047, 3
5048, 3
5049, 2
5050, 2
5051, 3
5052, 2
5053, 2
5054, 5
5055, 1
5056, 3
5057, 4
5058, 1
5059, 2
5060, 4
5062, 3
5064, 2
5065, 2
5066, 3
5067, 1
5068, 2
5071, 4
5072, 3
5073, 2
5074, 1
5075, 1
5076, 3
5077, 1
5079, 1
5080, 5
5081, 3
5082, 2
5083, 4
5084, 2
5085, 1
5086, 4
5087, 4
5088, 3
5089, 4
5090, 4
5091, 2
5092, 2
5093, 2
5094, 4
5095, 1
5096, 2
5097, 5
5098, 4
5099, 2
5100, 5
5101, 5
5102, 4
5103, 3
5104, 5
5105, 7
5106, 2
5107, 3
5108, 6
5110, 3
5111, 8
5112, 7
5113, 7
5114, 3
5115, 1
5116, 9
5117, 4
5118, 4
5119, 5
5120, 4
5121, 2
5122, 4
5123, 5
5124, 2
5125, 2
5126, 5
5127, 4
5128, 5
5129, 1
5131, 3
5132, 4
5133, 1
5134, 5
5135, 2
5136, 3
5137, 1
5138, 2
5139, 3
5140, 3
5141, 3
5142, 2
5143, 3
5144, 2
5145, 4
5146, 1
5147, 1
5148, 3
5150, 2
5151, 2
5152, 2
5153, 2
5154, 1
5156, 1
5157, 5
5158, 3
5159, 1
5160, 1
5161, 2
5162, 1
5163, 1
5165, 4
5166, 3
5167, 3
5168, 3
5169, 3
5170, 2
5172, 4
5173, 6
5174, 2
5175, 5
5176, 2
5177, 2
5178, 3
5179, 3
5180, 2
5181, 4
5182, 2
5183, 5
5184, 3
5185, 2
5186, 4
5187, 6
5188, 2
5189, 5
5190, 8
5191, 2
5192, 3
5193, 3
5194, 5
5195, 1
5196, 7
5197, 7
5198, 6
5199, 5
5200, 2
5201, 2
5202, 10
5203, 4
5204, 3
5205, 7
5206, 2
5207, 3
5208, 4
5209, 4
5210, 2
5211, 3
5212, 7
5213, 3
5214, 3
5216, 1
5217, 3
5218, 4
5219, 4
5220, 1
5221, 3
5222, 1
5223, 4
5225, 5
5226, 3
5227, 2
5228, 2
5229, 5
5230, 1
5231, 3
5233, 3
5234, 1
5235, 1
5236, 1
5237, 3
5238, 2
5239, 2
5241, 2
5242, 3
5243, 2
5244, 3
5245, 1
5247, 3
5249, 1
5250, 2
5251, 5
5252, 1
5253, 5
5254, 1
5255, 2
5256, 2
5257, 4
5258, 5
5259, 3
5260, 2
5261, 4
5262, 3
5263, 1
5264, 4
5265, 2
5266, 4
5267, 1
5268, 5
5269, 4
5270, 1
5271, 6
5272, 5
5273, 2
5274, 2
5275, 9
5276, 5
5277, 2
5278, 2
5279, 6
5280, 1
5281, 3
5282, 7
5283, 9
5284, 4
5285, 4
5286, 3
5287, 4
5288, 8
5289, 2
5290, 9
5291, 2
5292, 3
5293, 3
5294, 4
5295, 3
5296, 2
5297, 7
5298, 3
5299, 4
5300, 1
5301, 1
5302, 3
5303, 3
5304, 3
5305, 2
5306, 2
5307, 4
5308, 1
5309, 1
5310, 5
5311, 3
5312, 1
5313, 3
5314, 4
5315, 3
5316, 1
5317, 2
5318, 1
5319, 3
5321, 1
5322, 3
5323, 2
5324, 1
5325, 2
5326, 1
5327, 1
5328, 4
5329, 3
5330, 1
5332, 4
5334, 1
5335, 1
5336, 3
5337, 4
5338, 2
5339, 4
5340, 1
5341, 3
5343, 7
5344, 3
5345, 2
5346, 4
5347, 4
5348, 1
5349, 3
5350, 3
5351, 4
5352, 2
5353, 3
5354, 4
5355, 3
5356, 4
5357, 3
5358, 4
5359, 5
5360, 4
5361, 6
5362, 4
5363, 1
5364, 7
5365, 2
5367, 8
5368, 7
5369, 6
5370, 6
5371, 1
5372, 3
5373, 9
5374, 2
5375, 11
5376, 1
5377, 1
5378, 4
5379, 4
5380, 4
5381, 2
5382, 3
5383, 7
5384, 4
5385, 2
5387, 1
5388, 4
5389, 4
5390, 3
5391, 1
5392, 3
5393, 2
5394, 2
5395, 3
5396, 5
5397, 2
5398, 1
5399, 3
5400, 3
5401, 2
5402, 3
5403, 1
5404, 2
5405, 1
5407, 3
5408, 2
5409, 2
5410, 2
5412, 2
5413, 2
5414, 5
5415, 1
5417, 3
5418, 1
5420, 2
5421, 1
5422, 3
5423, 3
5424, 5
5425, 2
5427, 3
5428, 5
5429, 4
5430, 3
5431, 4
5432, 3
5433, 2
5434, 1
5435, 3
5436, 4
5437, 2
5438, 2
5439, 4
5440, 5
5441, 4
5442, 2
5443, 6
5444, 2
5445, 3
5446, 8
5447, 5
5448, 1
5449, 4
5450, 5
5451, 1
5452, 4
5453, 8
5454, 10
5455, 2
5456, 3
5457, 2
5458, 9
5459, 3
5460, 4
5461, 9
5462, 1
5463, 2
5464, 3
5465, 5
5466, 4
5467, 1
5468, 7
5469, 4
5470, 3
5471, 1
5473, 2
5474, 6
5475, 2
5476, 3
5477, 2
5478, 2
5479, 2
5480, 2
5481, 4
5482, 3
5484, 6
5485, 2
5486, 2
5487, 3
5488, 1
5489, 2
5490, 1
5491, 2
5492, 1
5493, 3
5494, 1
5495, 1
5496, 2
5498, 3
5499, 4
5500, 3
5502, 2
5503, 1
5504, 1
5506, 2
5507, 4
5508, 3
5509, 2
5510, 5
5512, 3
5514, 7
5515, 5
5517, 5
5518, 2
5519, 2
5520, 3
5521, 3
5522, 5
5524, 3
5525, 6
5526, 2
5527, 5
5528, 4
5529, 4
5530, 2
5531, 4
5532, 7
5533, 3
5534, 2
5535, 5
5536, 3
5537, 2
5538, 8
5539, 7
5540, 6
5541, 5
5542, 1
5543, 4
5544, 8
5545, 3
5546, 7
5547, 4
5548, 2
5549, 3
5550, 2
5551, 4
5552, 3
5553, 5
5554, 6
5555, 3
5556, 3
5558, 2
5559, 2
5560, 4
5561, 4
5562, 3
5564, 3
5565, 2
5566, 3
5567, 4
5568, 1
5569, 3
5570, 3
5571, 3
5572, 3
5573, 2
5575, 3
5576, 1
5577, 1
5578, 2
5579, 3
5580, 1
5581, 1
5582, 2
5584, 4
5585, 3
5586, 2
5588, 2
5589, 2
5591, 1
5592, 2
5593, 5
5594, 3
5595, 3
5596, 2
5597, 2
5598, 1
5599, 4
5600, 4
5601, 4
5602, 2
5603, 3
5604, 4
5605, 1
5606, 4
5607, 3
5608, 3
5609, 2
5610, 4
5611, 4
5612, 4
5613, 4
5614, 3
5615, 5
5616, 1
5617, 5
5618, 8
5619, 2
5620, 3
5621, 5
5622, 1
5623, 5
5624, 6
5625, 8
5626, 5
5627, 3
5628, 2
5629, 6
5630, 7
5631, 3
5632, 7
5633, 2
5634, 5
5636, 6
5637, 2
5638, 3
5639, 3
5640, 6
5641, 5
5642, 1
5643, 1
5644, 4
5645, 3
5646, 3
5647, 2
5648, 1
5649, 3
5650, 3
5651, 2
5652, 3
5653, 3
5654, 2
5655, 4
5656, 2
5657, 3
5658, 2
5659, 1
5660, 2
5661, 2
5663, 3
5664, 2
5665, 1
5666, 2
5667, 1
5669, 3
5670, 4
5671, 2
5672, 1
5673, 1
5674, 3
5676, 1
5677, 2
5678, 4
5679, 1
5680, 3
5681, 4
5682, 1
5683, 3
5685, 7
5686, 2
5687, 4
5688, 4
5689, 2
5690, 3
5691, 2
5692, 3
5693, 4
5694, 1
5695, 4
5696, 4
5697, 3
5698, 5
5699, 3
5700, 5
5701, 3
5702, 2
5703, 10
5704, 2
5705, 3
5706, 5
5707, 2
5708, 3
5709, 6
5710, 8
5711, 6
5712, 4
5713, 1
5714, 2
5715, 9
5716, 5
5717, 6
5718, 4
5719, 3
5720, 2
5721, 5
5722, 3
5723, 2
5724, 3
5725, 6
5726, 6
5727, 1
5729, 1
5730, 5
5731, 3
5732, 3
5733, 2
5734, 3
5735, 1
5736, 2
5737, 3
5738, 4
5739, 3
5740, 2
5741, 3
5742, 2
5743, 3
5744, 2
5745, 1
5746, 2
5747, 1
5748, 1
5749, 2
5750, 3
5751, 1
5752, 2
5754, 3
5755, 3
5756, 3
5757, 1
5759, 3
5760, 1
5761, 1
5763, 3
5764, 4
5765, 3
5766, 2
5767, 3
5768, 3
5770, 4
5771, 2
5772, 6
5773, 5
5774, 1
5775, 2
5776, 2
5777, 5
5778, 2
5779, 3
5780, 3
5781, 2
5782, 5
5783, 4
5784, 3
5785, 5
5786, 4
5787, 1
5788, 8
5789, 5
5790, 2
5791, 2
5792, 7
5794, 5
5795, 8
5796, 7
5797, 6
5798, 2
5799, 1
5800, 8
5801, 5
5802, 5
5803, 5
5804, 2
5805, 5
5807, 6
5808, 3
5809, 3
5810, 6
5811, 5
5812, 2
5813, 1
5815, 3
5816, 5
5817, 3
5818, 2
5819, 2
5820, 2
5821, 2
5822, 2
5823, 3
5824, 4
5825, 1
5826, 5
5827, 3
5828, 1
5829, 4
5831, 3
5833, 1
5834, 3
5835, 2
5836, 1
5837, 2
5838, 1
5839, 1
5840, 2
5841, 4
5842, 3
5844, 3
5846, 1
5847, 1
5848, 2
5849, 2
5850, 4
5851, 3
5852, 3
5853, 1
5854, 2
5855, 1
5856, 6
5857, 6
5858, 2
5859, 3
5860, 3
5861, 2
5862, 2
5863, 4
5864, 3
5865, 2
5866, 5
5867, 3
5868, 2
5869, 5
5870, 4
5871, 3
5872, 4
5873, 4
5874, 9
5875, 1
5876, 2
5877, 7
5878, 1
5879, 1
5880, 7
5881, 8
5882, 7
5883, 3
5884, 3
5885, 2
5886, 9
5887, 3
5888, 9
5889, 3
5890, 1
5891, 4
5892, 4
5893, 3
5894, 1
5895, 5
5896, 6
5897, 4
5898, 2
5900, 3
5901, 2
5902, 4
5903, 2
5904, 2
5905, 4
5906, 2
5908, 4
5909, 5
5910, 2
5911, 2
5912, 3
5913, 3
5914, 2
5915, 2
5917, 3
5918, 1
5919, 1
5920, 2
5921, 3
5922, 2
5923, 1
5924, 1
5925, 2
5926, 2
5927, 5
5930, 2
5931, 2
5932, 1
5934, 2
5935, 4
5936, 4
5937, 4
5938, 1
5939, 1
5940, 2
5941, 4
5942, 3
5943, 5
5944, 5
5945, 2
5946, 1
5947, 3
5948, 4
5949, 2
5950, 3
5951, 3
5952, 4
5953, 2
5954, 5
5955, 4
5956, 4
5957, 3
5958, 3
5959, 9
5960, 3
5961, 2
5962, 3
5963, 6
5965, 5
5966, 6
5967, 10
5968, 3
5969, 4
5970, 1
5971, 4
5972, 9
5973, 3
5974, 8
5975, 2
5976, 4
5978, 8
5979, 1
5980, 3
5981, 3
5982, 8
5983, 3
5985, 1
5986, 4
5987, 3
5988, 4
5989, 1
5990, 3
5991, 1
5992, 3
5993, 2
5994, 4
5995, 2
5996, 3
5997, 2
5998, 4
5999, 1
6000, 4
6002, 3
6003, 1
6005, 3
6006, 2
6007, 1
6008, 1
6009, 2
6010, 1
6011, 2
6012, 3
6013, 4
6015, 3
6016, 1
6018, 2
6020, 4
6021, 3
6022, 3
6023, 3
6024, 1
6025, 3
6026, 2
6027, 6
6028, 1
6029, 4
6030, 5
6031, 2
6032, 3
6033, 3
6034, 1
6035, 5
6037, 4
6038, 4
6039, 3
6040, 6
6041, 3
6042, 3
6043, 3
6044, 4
6045, 8
6046, 2
6047, 3
6048, 4
6049, 4
6050, 2
6051, 7
6052, 10
6053, 3
6054, 5
6055, 2
6056, 2
6057, 9
6058, 3
6059, 8
6060, 3
6062, 4
6063, 6
6064, 1
6065, 5
6066, 2
6067, 7
6068, 5
6069, 1
6071, 2
6072, 6
6073, 1
6074, 4
6075, 1
6076, 2
6077, 2
6078, 3
6079, 2
6080, 5
6081, 2
6082, 2
6083, 4
6084, 2
6085, 2
6086, 2
6088, 3
6089, 1
6090, 2
6091, 1
6092, 3
6093, 2
6094, 1
6096, 3
6097, 2
6098, 3
6099, 2
6101, 3
6102, 1
6104, 2
6105, 1
6106, 4
6107, 4
6108, 4
6109, 1
6110, 2
6111, 2
6112, 2
6113, 5
6114, 4
6115, 4
6116, 4
6117, 2
6118, 1
6119, 4
6120, 2
6121, 3
6122, 3
6123, 3
6124, 4
6125, 3
6126, 6
6127, 4
6128, 2
6129, 3
6130, 8
6131, 4
6132, 2
6133, 4
6134, 5
6135, 2
6136, 1
6137, 10
6138, 7
6139, 6
6140, 3
6142, 8
6143, 5
6144, 6
6145, 5
6146, 2
6147, 3
6148, 3
6149, 4
6150, 3
6151, 3
6152, 3
6153, 8
6154, 3
6157, 5
6158, 2
6159, 5
6160, 1
6161, 2
6162, 2
6163, 2
6164, 3
6165, 3
6166, 3
6167, 2
6168, 3
6169, 3
6170, 2
6171, 3
6172, 1
6173, 3
6174, 1
6175, 1
6176, 2
6177, 2
6178, 2
6180, 2
6181, 1
6182, 3
6183, 4
6184, 2
6186, 1
6187, 3
6188, 1
6190, 2
6191, 3
6192, 2
6193, 4
6194, 3
6195, 2
6196, 2
6197, 3
6198, 3
6199, 5
6200, 3
6201, 3
6202, 2
6203, 3
6204, 2
6205, 4
6206, 4
6208, 6
6209, 1
6210, 4
6211, 5
6212, 5
6213, 4
6214, 1
6215, 6
6216, 8
6218, 4
6219, 6
6220, 1
6221, 2
6222, 7
6223, 9
6224, 6
6225, 4
6227, 4
6228, 9
6229, 3
6230, 6
6231, 5
6232, 1
6233, 3
6234, 5
6235, 3
6236, 3
6237, 4
6238, 7
6239, 4
6241, 1
6243, 5
6244, 3
6245, 3
6246, 3
6247, 1
6248, 3
6249, 2
6250, 3
6251, 3
6252, 2
6253, 2
6254, 4
6255, 2
6256, 3
6257, 2
6259, 3
6260, 1
6261, 2
6262, 2
6263, 2
6264, 2
6265, 1
6266, 1
6268, 5
6269, 2
6270, 2
6272, 3
6273, 1
6274, 1
6275, 1
6276, 2
6277, 4
6278, 2
6279, 5
6280, 1
6281, 1
6282, 2
6283, 5
6284, 5
6285, 2
6286, 4
6287, 2
6288, 3
6289, 2
6290, 4
6291, 2
6292, 3
6293, 4
6294, 2
6295, 4
6296, 3
6297, 6
6298, 4
6299, 3
6300, 2
6301, 8
6302, 4
6303, 2
6304, 4
6305, 4
6306, 3
6307, 6
6308, 5
6309, 9
6310, 3
6311, 3
6312, 2
6313, 9
6314, 2
6315, 6
6316, 7
6317, 1
6318, 3
6319, 4
6320, 5
6321, 2
6322, 2
6323, 6
6324, 6
6325, 1
6326, 1
6327, 1
6328, 4
6329, 3
6330, 4
6331, 1
6332, 3
6333, 2
6334, 2
6335, 2
6336, 3
6337, 4
6338, 2
6339, 4
6340, 2
6341, 1
6342, 4
6344, 3
6346, 2
6347, 1
6348, 2
6349, 2
6350, 2
6351, 1
6352, 1
6353, 2
6354, 4
6355, 3
6357, 3
6358, 1
6360, 1
6361, 2
6362, 4
6363, 3
6364, 2
6365, 3
6366, 3
6367, 1
6368, 2
6369, 4
6370, 3
6371, 5
6372, 4
6373, 2
6374, 3
6375, 2
6376, 2
6377, 5
6378, 1
6379, 2
6380, 5
6381, 4
6382, 5
6383, 5
6384, 3
6385, 1
6386, 8
6387, 6
6388, 1
6389, 4
6390, 5
6391, 1
6392, 3
6393, 3
6394, 10
6395, 7
6396, 4
6397, 1
6398, 6
6399, 6
6400, 4
6401, 9
6402, 1
6403, 3
6404, 3
6405, 4
6406, 3
6407, 2
6408, 6
6409, 4
6410, 3
6411, 3
6413, 4
6414, 3
6415, 2
6416, 4
6417, 1
6418, 3
6419, 1
6420, 3
6421, 2
6422, 5
6424, 4
6425, 2
6426, 4
6427, 3
6428, 1
6429, 2
6430, 2
6432, 1
6433, 2
6434, 3
6435, 2
6436, 1
6437, 1
6438, 2
6439, 3
6440, 4
6442, 1
6443, 3
6445, 1
6446, 1
6447, 2
6448, 5
6449, 1
6450, 4
6451, 3
6452, 1
6453, 2
6454, 4
6455, 6
6456, 1
6457, 6
6458, 2
6459, 1
6460, 3
6461, 3
6462, 3
6463, 2
6464, 4
6465, 4
6466, 3
6467, 5
6468, 4
6469, 1
6470, 5
6471, 4
6472, 9
6473, 2
6474, 2
6475, 4
6476, 4
6477, 1
6478, 5
6479, 10
6480, 6
6481, 4
6482, 2
6483, 1
6484, 10
6485, 4
6486, 8
6487, 3
6488, 1
6489, 3
6490, 3
6491, 4
6492, 3
6493, 4
6494, 5
6495, 4
6496, 4
6498, 1
6499, 4
6500, 2
6501, 5
6502, 1
6503, 3
6504, 2
6505, 1
6506, 3
6507, 4
6508, 2
6509, 4
6510, 2
6511, 2
6512, 3
6513, 3
6515, 3
6516, 1
6517, 1
6518, 2
6519, 3
6521, 2
6522, 1
6523, 2
6524, 4
6525, 2
6526, 2
6528, 2
6529, 2
6531, 1
6532, 3
6533, 4
6534, 1
6535, 3
6536, 4
6538, 3
6539, 3
6540, 5
6541, 4
6542, 3
6543, 2
6544, 3
6545, 3
6546, 3
6547, 3
6548, 3
6549, 1
6550, 5
6551, 4
6552, 3
6553, 5
6554, 4
6555, 3
6556, 4
6557, 8
6558, 3
6559, 2
6560, 4
6561, 5
6563, 5
6564, 9
6565, 8
6566, 3
6567, 3
6568, 1
6569, 9
6570, 4
6571, 6
6572, 6
6573, 1
6574, 4
6575, 4
6576, 2
6577, 4
6578, 2
6579, 6
6580, 5
6581, 3
6583, 1
6584, 4
6585, 2
6586, 4
6587, 2
6588, 3
6589, 2
6590, 1
6591, 2
6592, 6
6593, 1
6594, 3
6595, 1
6596, 5
6597, 2
6598, 3
6600, 3
6602, 1
6603, 3
6604, 2
6605, 1
6606, 2
6607, 1
6608, 1
6609, 2
6610, 3
6611, 4
6613, 2
6614, 2
6616, 1
6617, 1
6618, 3
6619, 4
6620, 3
6621, 3
6622, 2
6623, 2
6624, 2
6625, 6
6626, 4
6627, 2
6628, 4
6629, 1
6630, 3
6631, 2
6632, 4
6633, 3
6634, 2
6635, 4
6636, 2
6637, 4
6638, 5
6639, 4
6640, 4
6641, 2
6642, 5
6643, 9
6644, 1
6645, 1
6646, 7
6647, 2
6648, 3
6649, 7
6650, 7
6651, 7
6652, 3
6653, 2
6654, 3
6655, 8
6656, 5
6657, 5
6658, 5
6659, 1
6660, 3
6661, 5
6662, 3
6663, 2
6664, 4
6665, 6
6666, 3
6667, 3
6669, 3
6670, 4
6671, 2
6672, 3
6673, 2
6674, 2
6675, 2
6676, 2
6677, 3
6678, 4
6679, 2
6680, 3
6681, 3
6682, 2
6683, 3
6684, 2
6685, 1
6686, 2
6687, 1
6688, 1
6689, 2
6690, 2
6691, 2
6692, 2
6694, 1
6695, 3
6696, 4
6697, 2
6698, 1
6699, 2
6700, 1
6701, 1
6702, 1
6703, 1
6704, 4
6705, 2
6706, 6
6707, 1
6708, 2
6709, 1
6710, 4
6711, 4
6712, 4
6713, 2
6714, 5
6715, 2
6716, 2
6717, 2
6718, 3
6719, 3
6720, 3
6721, 5
6722, 3
6723, 4
6724, 3
6725, 5
6726, 3
6727, 4
6728, 4
6729, 7
6730, 1
6731, 3
6732, 6
6733, 1
6734, 4
6735, 6
6736, 10
6737, 5
6738, 3
6739, 1
6740, 7
6741, 5
6742, 6
6743, 6
6744, 2
6745, 3
6746, 2
6747, 5
6748, 2
6749, 3
6750, 3
6751, 6
6752, 6
6755, 2
6756, 5
6757, 3
6758, 3
6759, 2
6760, 2
6761, 2
6762, 2
6763, 3
6764, 4
6765, 3
6766, 2
6767, 3
6768, 2
6769, 2
6770, 2
6771, 2
6772, 1
6773, 1
6774, 3
6775, 1
6776, 2
6777, 2
6778, 1
6779, 1
6780, 1
6781, 5
6782, 3
6784, 2
6785, 1
6786, 1
6787, 1
6788, 1
6789, 4
6790, 3
6791, 2
6792, 4
6793, 1
6794, 1
6795, 4
6796, 5
6797, 3
6798, 3
6799, 4
6800, 3
6801, 1
6802, 3
6803, 3
6804, 3
6805, 2
6806, 5
6807, 4
6808, 2
6809, 5
6810, 1
6811, 6
6812, 2
6813, 4
6814, 10
6815, 1
6816, 3
6817, 3
6818, 3
6819, 5
6820, 7
6821, 7
6822, 5
6823, 4
6824, 1
6825, 4
6826, 9
6827, 4
6828, 7
6829, 3
6830, 1
6831, 4
6832, 5
6833, 1
6834, 3
6835, 5
6836, 5
6837, 3
6838, 4
6840, 1
6841, 6
6842, 2
6843, 4
6844, 1
6845, 1
6846, 3
6847, 3
6848, 2
6849, 5
6850, 1
6851, 3
6852, 3
6853, 2
6854, 3
6855, 2
6857, 3
6858, 1
6859, 1
6860, 2
6861, 2
6862, 2
6863, 2
6865, 1
6866, 4
6867, 3
6868, 2
6870, 3
6871, 1
6873, 1
6874, 2
6875, 5
6876, 3
6877, 1
6878, 3
6879, 3
6880, 1
6881, 3
6882, 5
6883, 4
6884, 2
6885, 5
6886, 2
6887, 2
6888, 3
6889, 3
6890, 2
6891, 3
6892, 4
6893, 5
6894, 3
6895, 4
6896, 3
6897, 4
6898, 3
6899, 4
6900, 8
6901, 2
6902, 3
6903, 6
6905, 3
6906, 10
6907, 6
6908, 6
6909, 3
6910, 1
6911, 8
6912, 3
6913, 6
6914, 7
6915, 2
6916, 2
6917, 4
6918, 5
6919, 1
6920, 3
6921, 6
6922, 3
6923, 5
6924, 1
6926, 3
6927, 4
6928, 3
6929, 3
6930, 2
6931, 3
6933, 3
6934, 4
6935, 3
6936, 2
6937, 3
6938, 3
6939, 2
6940, 4
6942, 3
6944, 2
6945, 1
6946, 3
6947, 1
6948, 2
6949, 1
6950, 1
6951, 1
6952, 5
6953, 3
6955, 2
6956, 1
6957, 1
6958, 1
6959, 1
6960, 4
6961, 4
6962, 2
6963, 3
6964, 1
6965, 2
6966, 2
6967, 5
6968, 4
6969, 2
6970, 6
6972, 3
6973, 4
6974, 2
6975, 3
6976, 2
6977, 6
6978, 3
6979, 1
6980, 5
6981, 3
6982, 5
6983, 2
6984, 5
6985, 9
6986, 2
6987, 1
6988, 4
6989, 5
6990, 2
6991, 8
6992, 7
6993, 6
6994, 4
6995, 2
6996, 3
6997, 4
6998, 8
6999, 7
7000, 3
7001, 2
7002, 3
7003, 6
7004, 2
7005, 1
7006, 4
7007, 5
7008, 7
7009, 1
7011, 2
7012, 4
7013, 3
7014, 3
7015, 1
7016, 3
7017, 3
7018, 2
7019, 2
7020, 4
7021, 1
7022, 4
7023, 3
7024, 2
7025, 2
7026, 3
7027, 2
7028, 1
7029, 1
7030, 1
7031, 2
7032, 3
7033, 1
7034, 1
7035, 1
7036, 2
7037, 3
7038, 2
7039, 3
7041, 2
7042, 2
7044, 2
7045, 1
7046, 4
7047, 3
7048, 3
7049, 3
7050, 1
7051, 2
7052, 3
7053, 3
7054, 6
7055, 5
7056, 2
7057, 2
7058, 2
7059, 2
7060, 4
7061, 3
7062, 1
7063, 5
7064, 4
7065, 6
7066, 1
7067, 4
7068, 4
7069, 4
7070, 6
7071, 5
7072, 2
7073, 3
7074, 5
7075, 1
7076, 4
7077, 7
7078, 8
7079, 4
7080, 5
7081, 1
7082, 6
7083, 6
7084, 7
7085, 5
7086, 2
7087, 3
7088, 2
7089, 4
7090, 3
7091, 4
7092, 4
7093, 4
7094, 6
7096, 1
7097, 4
7098, 3
7099, 1
7100, 4
7101, 1
7102, 3
7103, 3
7104, 1
7105, 5
7106, 1
7107, 4
7108, 3
7109, 2
7110, 2
7111, 3
7112, 1
7113, 2
7114, 1
7115, 1
7116, 2
7117, 4
7119, 2
7120, 1
7122, 4
7123, 3
7124, 2
7125, 1
7126, 1
7127, 3
7129, 1
7130, 1
7131, 5
7132, 2
7133, 3
7134, 3
7135, 1
7136, 2
7137, 1
7138, 8
7139, 3
7140, 2
7141, 4
7142, 2
7143, 3
7144, 4
7145, 1
7146, 3
7147, 2
7148, 5
7149, 4
7150, 2
7151, 5
7152, 4
7153, 4
7154, 2
7155, 6
7156, 6
7157, 2
7158, 3
7159, 6
7160, 2
7161, 3
7162, 6
7163, 8
7164, 6
7165, 4
7166, 2
7167, 2
7168, 7
7169, 6
7170, 7
7171, 4
7172, 1
7173, 3
7174, 4
7175, 4
7176, 2
7177, 3
7178, 7
7179, 5
7180, 1
7182, 3
7183, 4
7184, 1
7185, 4
7186, 2
7187, 3
7188, 2
7189, 1
7190, 4
7191, 4
7192, 1
7193, 3
7194, 4
7195, 2
7196, 2
7197, 2
7198, 1
7199, 2
7200, 1
7201, 2
7202, 1
7203, 3
7205, 2
7206, 1
7207, 2
7208, 3
7209, 3
7210, 2
7212, 3
7213, 1
7215, 2
7216, 2
7217, 3
7218, 4
7219, 4
7221, 2
7222, 2
7223, 5
7224, 4
7225, 3
7226, 2
7227, 5
7228, 2
7229, 2
7230, 4
7231, 1
7232, 3
7233, 3
7234, 5
7235, 3
7236, 6
7237, 1
7238, 4
7239, 4
7240, 2
7241, 11
7242, 2
7243, 3
7244, 2
7245, 5
7246, 1
7247, 5
7248, 8
7249, 6
7250, 6
7251, 3
7252, 2
7253, 7
7254, 3
7255, 7
7256, 6
7257, 2
7258, 3
7259, 4
7260, 3
7261, 3
7262, 3
7263, 4
7264, 6
7265, 3
7266, 1
7267, 1
7268, 4
7269, 2
7270, 4
7271, 2
7272, 1
7273, 4
7274, 1
7275, 3
7276, 2
7277, 4
7278, 3
7279, 4
7280, 1
7281, 2
7282, 2
7283, 2
7284, 3
7285, 1
7287, 2
7288, 4
7290, 2
7291, 1
7292, 1
7293, 2
7294, 4
7295, 2
7296, 1
7297, 1
7298, 2
7299, 1
7300, 1
7301, 1
7302, 5
7303, 2
7304, 2
7305, 5
7307, 2
7308, 2
7309, 4
7310, 6
7311, 2
7312, 5
7313, 2
7314, 2
7315, 3
7316, 3
7317, 3
7318, 2
7319, 3
7320, 4
7321, 3
7322, 5
7323, 2
7324, 5
7325, 2
7326, 5
7327, 8
7328, 3
7329, 3
7330, 3
7331, 3
7332, 3
7333, 8
7334, 7
7335, 6
7336, 5
7337, 1
7338, 2
7339, 9
7340, 5
7341, 6
7342, 4
7343, 2
7344, 2
7345, 5
7346, 1
7347, 5
7348, 1
7349, 8
7350, 5
7351, 1
7353, 1
7354, 4
7355, 3
7356, 5
7358, 4
7359, 1
7360, 2
7361, 3
7362, 5
7363, 2
7364, 3
7365, 2
7366, 2
7367, 2
7368, 3
7369, 1
7370, 2
7371, 1
7372, 2
7373, 2
7374, 1
7375, 2
7376, 1
7377, 2
7378, 2
7379, 1
7380, 6
7382, 1
7383, 2
7384, 1
7386, 2
7387, 3
7388, 4
7389, 2
7390, 4
7392, 3
7393, 1
7394, 5
7395, 4
7396, 2
7397, 6
7398, 1
7399, 3
7400, 2
7401, 4
7402, 1
7403, 4
7404, 1
7405, 6
7406, 3
7407, 6
7408, 2
7409, 3
7410, 4
7411, 4
7412, 9
7413, 2
7414, 2
7415, 4
7416, 4
7417, 3
7418, 1
7419, 12
7420, 5
7421, 4
7422, 3
7423, 2
7424, 10
7425, 2
7426, 7
7427, 6
7428, 1
7429, 3
7430, 3
7431, 4
7432, 2
7433, 3
7434, 7
7435, 6
7436, 2
7438, 1
7439, 4
7440, 4
7441, 1
7442, 3
7443, 2
7444, 2
7445, 1
7446, 4
7447, 4
7448, 2
7449, 3
7450, 3
7451, 2
7452, 3
7453, 2
7454, 1
7455, 3
7456, 1
7458, 2
7459, 3
7460, 1
7461, 2
7462, 1
7463, 1
7464, 2
7465, 4
7466, 3
7469, 4
7471, 1
7472, 2
7473, 4
7474, 3
7475, 2
7476, 3
7477, 2
7478, 2
7479, 3
7480, 5
7481, 4
7482, 2
7483, 4
7484, 3
7485, 1
7486, 3
7487, 3
7488, 2
7489, 3
7490, 5
7491, 4
7492, 2
7493, 4
7494, 4
7495, 5
7496, 2
7497, 5
7498, 8
7499, 1
7500, 3
7501, 5
7502, 2
7503, 4
7504, 4
7505, 11
7506, 5
7507, 3
7508, 2
7509, 2
7510, 10
7511, 3
7512, 8
7513, 3
7514, 2
7515, 2
7516, 3
7517, 3
7518, 5
7519, 3
7520, 7
7521, 3
7522, 2
7524, 2
7525, 5
7526, 2
7527, 3
7528, 2
7529, 4
7531, 1
7532, 2
7533, 7
7534, 2
7535, 3
7536, 1
7537, 2
7538, 2
7539, 4
7541, 3
7542, 1
7544, 5
7545, 1
7546, 2
7547, 1
7549, 2
7550, 4
7551, 2
7552, 2
7553, 1
7554, 2
7555, 1
7556, 1
7557, 1
7558, 3
7559, 2
7560, 3
7561, 5
7563, 2
7564, 2
7565, 6
7566, 3
7567, 3
7568, 4
7569, 3
7570, 3
7571, 3
7572, 1
7573, 3
7574, 3
7575, 2
7576, 6
7577, 2
7578, 5
7579, 3
7580, 5
7581, 2
7582, 4
7583, 8
7584, 4
7585, 1
7586, 5
7587, 4
7588, 1
7589, 4
7590, 7
7591, 10
7592, 4
7593, 2
7594, 2
7595, 8
7596, 4
7597, 8
7598, 4
7599, 1
7600, 3
7601, 5
7602, 2
7603, 4
7604, 2
7605, 5
7606, 6
7607, 3
7609, 1
7610, 3
7611, 4
7612, 3
7613, 2
7614, 4
7615, 1
7616, 1
7617, 4
7618, 3
7619, 3
7620, 2
7621, 4
7622, 2
7623, 2
7624, 3
7626, 2
7627, 2
7629, 3
7630, 3
7632, 2
7633, 1
7634, 1
7635, 3
7636, 3
7637, 3
7639, 1
7640, 3
7642, 1
7643, 1
7644, 4
7645, 4
7646, 4
7647, 1
7648, 2
7649, 2
7651, 7
7652, 2
7653, 4
7654, 5
7655, 2
7656, 2
7657, 3
7658, 3
7659, 2
7660, 3
7661, 6
7662, 1
7663, 3
7664, 6
7665, 2
7666, 5
7667, 2
7668, 7
7669, 7
7670, 1
7671, 2
7672, 7
7673, 1
7674, 3
7675, 8
7676, 7
7677, 7
7678, 3
7679, 1
7680, 4
7681, 7
7682, 4
7683, 6
7684, 5
7685, 4
7686, 1
7687, 4
7688, 3
7689, 3
7690, 6
7691, 3
7692, 5
7693, 1
7695, 4
7696, 2
7697, 3
7698, 3
7699, 3
7700, 2
7701, 2
7702, 1
7703, 4
7704, 4
7705, 2
7706, 3
7707, 2
7708, 2
7709, 4
7710, 1
7711, 1
7712, 2
7713, 1
7714, 2
7715, 1
7716, 3
7717, 1
7718, 2
7719, 1
7720, 2
7721, 3
7722, 2
7723, 2
7725, 3
7726, 1
7727, 1
7729, 4
7730, 3
7731, 2
7732, 4
7733, 3
7734, 2
7736, 6
7737, 3
7738, 3
7739, 4
7740, 3
7741, 2
7742, 4
7743, 1
7744, 5
7745, 1
7746, 4
7747, 2
7748, 5
7749, 3
7750, 4
7751, 4
7752, 4
7753, 2
7754, 10
7755, 2
7756, 2
7757, 4
7758, 5
7760, 6
7761, 8
7762, 8
7763, 4
7764, 2
7765, 1
7766, 9
7767, 3
7768, 7
7769, 6
7770, 1
7771, 4
7772, 4
7773, 2
7774, 3
7775, 3
7776, 8
7777, 2
7778, 3
7779, 1
7780, 1
7781, 4
7782, 3
7783, 3
7784, 3
7785, 2
7786, 2
7787, 2
7788, 3
7789, 4
7790, 1
7791, 2
7792, 3
7793, 4
7794, 2
7795, 3
7797, 3
7798, 1
7800, 3
7801, 3
7802, 1
7803, 1
7804, 1
7805, 1
7806, 4
7807, 2
7808, 2
7809, 1
7810, 2
7811, 2
7812, 1
7814, 2
7815, 3
7816, 4
7817, 2
7818, 4
7819, 2
7820, 1
7821, 2
7822, 6
7823, 4
7824, 1
7825, 5
7826, 2
7827, 2
7828, 4
7829, 2
7830, 3
7831, 2
7832, 4
7833, 5
7834, 2
7835, 4
7836, 4
7837, 4
7838, 5
7839, 6
7840, 5
7841, 1
7842, 4
7843, 5
7844, 1
7845, 3
7846, 9
7847, 7
7848, 5
7849, 3
7850, 2
7851, 5
7852, 7
7853, 4
7854, 9
7855, 1
7856, 1
7857, 4
7858, 5
7859, 3
7860, 1
7861, 5
7862, 6
7863, 5
7866, 2
7867, 5
7868, 2
7869, 3
7870, 1
7871, 3
7872, 3
7873, 2
7874, 3
7875, 4
7876, 2
7877, 2
7878, 2
7879, 3
7880, 4
7881, 1
7882, 3
7884, 1
7885, 1
7886, 4
7887, 1
7888, 2
7890, 1
7891, 2
7892, 4
7893, 4
7896, 4
7898, 1
7899, 1
7900, 3
7901, 3
7902, 2
7903, 5
7904, 2
7905, 2
7907, 6
7908, 3
7909, 3
7910, 4
7911, 3
7912, 2
7913, 2
7914, 4
7915, 3
7916, 2
7917, 4
7918, 4
7919, 2
7920, 5
7921, 5
7922, 4
7923, 2
7924, 3
7925, 9
7926, 2
7927, 2
7928, 4
7929, 4
7930, 2
7931, 7
7932, 8
7933, 6
7934, 4
7935, 3
7936, 3
7937, 8
7938, 4
7939, 7
7940, 3
7941, 1
7942, 4
7943, 4
7944, 2
7945, 3
7946, 4
7947, 5
7948, 6
7949, 2
7951, 1
7952, 3
7953, 4
7954, 3
7955, 3
7956, 2
7957, 1
7958, 2
7959, 4
7960, 1
7961, 6
7962, 1
7963, 3
7964, 2
7965, 3
7966, 3
7968, 3
7970, 1
7971, 3
7972, 1
7973, 3
7974, 2
7976, 2
7977, 2
7978, 3
7979, 3
7981, 2
7982, 2
7984, 1
7985, 1
7986, 4
7987, 3
7988, 4
7989, 2
7990, 1
7991, 3
7992, 3
7993, 3
7994, 6
7995, 1
7996, 6
7997, 2
7998, 1
7999, 4
8000, 2
8001, 1
8002, 4
8003, 3
8004, 5
8005, 3
8006, 5
8007, 6
8008, 1
8009, 4
8010, 4
8011, 8
8012, 2
8013, 3
8014, 5
8015, 1
8016, 4
8017, 4
8018, 11
8019, 5
8020, 4
8021, 1
8022, 7
8023, 4
8024, 5
8025, 9
8027, 3
8028, 2
8029, 6
8030, 1
8031, 3
8032, 7
8033, 6
8034, 2
8035, 1
8037, 2
8038, 4
8039, 4
8040, 3
8041, 1
8042, 3
8043, 1
8044, 3
8045, 3
8046, 3
8047, 3
8048, 3
8049, 2
8050, 2
8051, 3
8052, 2
8053, 1
8054, 2
8055, 1
8056, 2
8057, 4
8059, 1
8060, 2
8062, 2
8063, 3
8064, 3
8065, 2
8066, 1
8067, 2
8068, 1
8069, 1
8070, 1
8071, 4
8072, 3
8073, 1
8074, 4
8075, 2
8076, 1
8077, 2
8078, 6
8079, 3
8080, 3
8081, 4
8082, 4
8083, 2
8084, 1
8085, 4
8086, 3
8087, 2
8088, 3
8089, 5
8090, 2
8091, 5
8092, 5
8093, 2
8094, 4
8095, 3
8096, 8
8097, 3
8098, 3
8099, 5
8100, 3
8101, 2
8102, 4
8103, 11
8104, 5
8105, 3
8106, 3
8107, 3
8108, 8
8109, 4
8110, 6
8111, 5
8112, 2
8113, 3
8114, 5
8115, 1
8116, 4
8117, 4
8118, 4
8119, 3
8120, 4
8121, 1
8122, 1
8123, 5
8124, 3
8125, 2
8126, 2
8127, 2
8128, 4
8129, 1
8130, 2
8131, 5
8132, 3
8133, 1
8134, 4
8135, 1
8136, 3
8137, 3
8139, 3
8140, 1
8142, 4
8143, 2
8144, 2
8146, 1
8147, 1
8148, 3
8149, 3
8150, 3
8152, 2
8153, 1
8154, 2
8156, 1
8157, 5
8158, 2
8159, 4
8160, 3
8161, 2
8162, 1
8163, 5
8164, 3
8165, 3
8166, 5
8167, 3
8168, 1
8169, 3
8170, 3
8171, 2
8172, 2
8173, 2
8174, 5
8175, 5
8176, 3
8177, 3
8178, 6
8179, 2
8180, 4
8181, 4
8182, 8
8183, 2
8184, 2
8185, 4
8186, 3
8187, 4
8188, 9
8189, 6
8190, 6
8191, 2
8192, 2
8193, 4
8194, 8
8195, 6
8196, 6
8197, 2
8198, 2
8199, 5
8200, 3
8201, 2
8202, 3
8203, 6
8204, 4
8205, 4
8206, 1
8208, 3
8209, 5
8210, 2
8211, 3
8212, 1
8213, 4
8215, 2
8216, 4
8217, 3
8218, 3
8219, 3
8220, 4
8221, 1
8222, 2
8223, 2
8224, 2
8225, 1
8226, 1
8227, 1
8228, 3
8229, 2
8230, 2
8231, 1
8232, 1
8233, 1
8234, 4
8235, 3
8236, 1
8237, 1
8238, 2
8239, 1
8240, 1
8241, 1
8242, 4
8243, 3
8244, 1
8245, 5
8246, 1
8247, 2
8248, 1
8249, 5
8250, 4
8251, 3
8252, 5
8253, 2
8254, 3
8255, 3
8256, 3
8257, 1
8258, 3
8259, 4
8260, 5
8261, 2
8262, 5
8263, 3
8264, 5
8265, 2
8266, 4
8267, 9
8268, 1
8269, 2
8270, 6
8271, 3
8272, 1
8273, 8
8274, 5
8275, 8
8276, 5
8277, 2
8278, 2
8279, 6
8280, 6
8281, 5
8282, 6
8283, 1
8284, 4
8285, 4
8286, 2
8287, 3
8288, 3
8289, 5
8290, 7
8291, 2
8293, 3
8294, 2
8295, 3
8296, 4
8297, 1
8298, 3
8299, 3
8300, 2
8302, 6
8303, 1
8304, 4
8305, 3
8306, 2
8307, 2
8308, 3
8310, 3
8312, 2
8313, 2
8314, 3
8315, 1
8316, 1
8317, 1
8318, 1
8319, 3
8320, 4
8321, 2
8323, 3
8324, 1
8325, 1
8327, 2
8328, 5
8329, 2
8330, 3
8331, 3
8332, 2
8333, 1
8334, 4
8335, 4
8336, 4
8337, 2
8338, 5
8339, 2
8340, 2
8341, 3
8342, 2
8343, 3
8344, 4
8345, 4
8346, 4
8347, 1
8348, 6
8349, 3
8350, 4
8351, 4
8352, 7
8353, 4
8354, 1
8355, 5
8356, 4
8357, 1
8358, 3
8359, 11
8360, 7
8361, 5
8362, 2
8363, 1
8364, 7
8365, 5
8366, 4
8367, 8
8368, 2
8369, 3
8370, 1
8371, 5
8372, 3
8373, 4
8374, 5
8375, 4
8376, 5
8379, 4
8380, 2
8381, 5
8382, 2
8383, 3
8384, 2
8385, 1
8386, 2
8387, 5
8388, 2
8389, 2
8390, 2
8391, 5
8392, 1
8393, 3
8394, 1
8395, 1
8396, 2
8397, 1
8398, 2
8399, 3
8400, 1
8401, 2
8402, 1
8403, 1
8404, 3
8405, 2
8406, 3
8407, 1
8408, 2
8409, 1
8410, 1
8411, 1
8412, 1
8413, 4
8414, 2
8415, 2
8416, 5
8417, 2
8418, 2
8419, 2
8420, 4
8421, 4
8422, 2
8423, 6
8424, 2
8425, 1
8426, 3
8427, 3
8428, 5
8430, 4
8431, 5
8432, 2
8433, 3
8434, 7
8435, 1
8436, 5
8437, 3
8438, 10
8440, 3
8441, 4
8442, 4
8443, 2
8444, 6
8445, 9
8446, 5
8447, 4
8448, 2
8449, 1
8450, 11
8451, 4
8452, 4
8453, 6
8454, 2
8455, 3
8456, 3
8457, 5
8458, 2
8459, 3
8460, 7
8461, 4
8462, 2
8464, 1
8465, 4
8466, 4
8467, 3
8468, 2
8469, 3
8470, 2
8471, 1
8472, 3
8473, 4
8474, 2
8475, 3
8476, 4
8477, 2
8479, 4
8481, 3
8482, 1
8483, 2
8484, 1
8485, 3
8486, 1
8487, 2
8489, 2
8490, 2
8491, 5
8492, 1
8494, 1
8495, 2
8496, 1
8497, 1
8498, 3
8499, 4
8500, 2
8501, 4
8502, 2
8503, 1
8504, 2
8505, 5
8506, 3
8507, 4
8508, 3
8509, 3
8510, 2
8511, 2
8512, 3
8513, 3
8514, 4
8515, 2
8516, 5
8517, 3
8518, 1
8519, 7
8520, 4
8521, 3
8522, 4
8523, 6
8524, 5
8525, 2
8526, 4
8527, 4
8528, 1
8529, 4
8530, 9
8531, 8
8532, 5
8533, 1
8534, 1
8535, 9
8536, 3
8537, 7
8538, 7
8539, 1
8540, 3
8541, 3
8542, 4
8543, 2
8544, 3
8545, 3
8546, 8
8547, 3
8548, 1
8550, 5
8551, 3
8552, 2
8553, 3
8554, 2
8555, 3
8556, 2
8557, 1
8558, 5
8559, 1
8560, 3
8561, 4
8562, 3
8563, 2
8564, 2
8565, 1
8566, 3
8568, 2
8569, 1
8570, 1
8571, 4
8572, 1
8573, 1
8574, 1
8575, 2
8576, 4
8577, 3
8579, 1
8580, 3
8582, 1
8583, 1
8584, 4
8585, 2
8586, 4
8587, 3
8588, 1
8589, 2
8590, 2
8591, 6
8592, 4
8593, 2
8594, 4
8595, 4
8596, 1
8597, 3
8598, 2
8599, 3
8600, 3
8601, 2
8602, 5
8603, 3
8604, 5
8605, 3
8606, 5
8607, 3
8608, 4
8609, 8
8610, 2
8611, 2
8612, 4
8613, 3
8614, 2
8615, 7
8616, 7
8617, 7
8618, 5
8619, 2
8620, 3
8621, 6
8622, 4
8623, 9
8624, 3
8625, 2
8626, 4
8627, 2
8628, 4
8629, 4
8630, 2
8631, 7
8632, 5
8633, 1
8635, 3
8636, 3
8637, 2
8638, 5
8640, 4
8641, 1
8642, 2
8643, 3
8644, 5
8646, 4
8647, 3
8648, 3
8649, 2
8650, 2
8651, 1
8652, 2
8653, 1
8654, 1
8655, 2
8656, 2
8657, 2
8658, 1
8659, 1
8660, 3
8662, 7
8665, 2
8666, 2
8667, 1
8668, 1
8669, 2
8670, 3
8671, 4
8672, 3
8673, 2
8674, 1
8675, 2
8676, 4
8677, 4
8678, 3
8679, 3
8680, 5
8681, 1
8682, 4
8683, 1
8684, 4
8685, 3
8686, 3
8687, 3
8688, 4
8689, 4
8690, 3
8691, 5
8692, 3
8693, 3
8694, 6
8695, 7
8697, 5
8698, 3
8699, 2
8700, 5
8701, 8
8702, 7
8703, 3
8704, 5
8705, 1
8706, 8
8707, 5
8708, 4
8709, 8
8710, 1
8711, 3
8712, 4
8713, 3
8714, 2
8715, 3
8716, 5
8717, 5
8718, 4
8719, 1
8720, 1
8721, 4
8722, 2
8723, 5
8724, 1
8725, 3
8726, 1
8727, 3
8728, 1
8729, 3
8730, 4
8731, 3
8732, 2
8733, 3
8734, 2
8735, 4
8737, 2
8738, 2
8740, 2
8741, 3
8742, 2
8743, 1
8744, 1
8746, 4
8747, 3
8748, 2
8749, 1
8750, 3
8751, 1
8753, 1
8754, 1
8755, 5
8756, 2
8757, 2
8758, 4
8759, 3
8760, 1
8762, 6
8763, 6
8764, 2
8765, 4
8766, 2
8767, 3
8768, 2
8769, 2
8770, 2
8771, 3
8772, 4
8773, 5
8774, 3
8775, 4
8776, 4
8777, 5
8778, 1
8779, 8
8780, 5
8781, 2
8782, 3
8783, 4
8784, 3
8785, 2
8786, 4
8787, 12
8788, 5
8789, 2
8790, 3
8791, 3
8792, 8
8793, 5
8794, 7
8795, 4
8796, 1
8797, 3
8798, 5
8799, 3
8800, 2
8801, 5
8802, 4
8803, 5
8804, 2
8806, 2
8807, 4
8808, 2
8809, 5
8810, 2
8811, 1
8812, 2
8813, 3
8814, 3
8815, 3
8816, 1
8817, 5
8818, 1
8819, 4
8820, 3
8821, 1
8822, 2
8823, 1
8825, 3
8826, 1
8827, 2
8828, 1
8829, 3
8831, 3
8832, 2
8833, 4
8834, 1
8836, 3
8837, 1
8838, 1
8839, 1
8840, 3
8841, 2
8842, 4
8843, 3
8844, 2
8845, 3
8847, 5
8848, 3
8849, 3
8850, 4
8851, 4
8852, 2
8853, 2
8854, 3
8855, 3
8856, 3
8857, 2
8858, 4
8859, 4
8860, 5
8861, 5
8862, 1
8863, 5
8864, 2
8865, 7
8866, 5
8867, 2
8868, 4
8869, 4
8870, 1
8871, 6
8872, 7
8873, 8
8874, 2
8875, 5
8876, 2
8877, 6
8878, 6
8879, 8
8880, 4
8881, 1
8882, 3
8883, 5
8884, 2
8885, 4
8886, 2
8887, 5
8888, 4
8889, 5
8891, 1
8892, 2
8893, 5
8894, 4
8895, 1
8896, 2
8897, 2
8898, 2
8899, 3
8900, 3
8901, 3
8902, 2
8903, 4
8904, 2
8905, 3
8906, 2
8907, 1
8908, 3
8909, 1
8911, 3
8912, 2
8913, 1
8914, 2
8915, 1
8916, 2
8917, 2
8918, 4
8919, 2
8921, 1
8922, 2
8923, 1
8924, 1
8925, 1
8926, 4
8927, 4
8928, 2
8929, 3
8930, 2
8931, 2
8932, 1
8933, 5
8934, 5
8935, 4
8936, 2
8937, 3
8938, 2
8939, 2
8940, 3
8941, 4
8942, 2
8943, 5
8944, 2
8945, 3
8946, 5
8947, 4
8948, 3
8949, 3
8950, 3
8951, 11
8953, 5
8954, 5
8955, 1
8956, 3
8957, 7
8958, 7
8959, 6
8960, 3
8961, 3
8962, 5
8963, 6
8964, 5
8965, 6
8966, 4
8967, 2
8968, 2
8969, 4
8970, 4
8971, 3
8972, 2
8973, 7
8974, 4
8975, 2
8977, 1
8978, 6
8979, 2
8980, 4
8981, 2
8982, 3
8984, 2
8985, 3
8986, 4
8987, 3
8988, 2
8989, 3
8990, 3
8991, 3
8992, 1
8993, 2
8994, 1
8995, 1
8996, 2
8997, 2
8998, 2
8999, 2
9000, 1
9002, 1
9003, 4
9004, 3
9005, 2
9006, 1
9007, 2
9008, 1
9009, 1
9011, 4
9012, 3
9013, 3
9014, 3
9015, 2
9016, 3
9017, 1
9018, 4
9019, 3
9020, 4
9021, 4
9022, 3
9023, 1
9024, 4
9025, 3
9026, 1
9027, 3
9028, 5
9029, 3
9030, 3
9031, 3
9032, 5
9033, 4
9034, 3
9035, 3
9036, 9
9037, 4
9038, 1
9039, 4
9040, 4
9041, 1
9042, 7
9043, 8
9044, 5
9045, 5
9046, 4
9047, 1
9048, 9
9049, 3
9050, 5
9051, 7
9052, 1
9053, 3
9054, 4
9055, 4
9056, 2
9057, 2
9058, 8
9059, 1
9060, 6
9062, 1
9063, 3
9064, 4
9065, 4
9066, 1
9067, 3
9068, 1
9069, 2
9070, 3
9071, 4
9072, 2
9073, 3
9074, 3
9075, 4
9076, 1
9077, 3
9079, 3
9080, 1
9082, 2
9083, 2
9084, 2
9085, 2
9086, 1
9087, 1
9088, 3
9089, 3
9090, 3
9092, 3
9093, 1
9095, 2
9097, 5
9098, 2
9099, 5
9100, 1
9101, 2
9102, 2
9103, 3
9104, 5
9105, 3
9106, 3
9107, 3
9108, 4
9109, 1
9110, 3
9111, 2
9112, 4
9113, 3
9114, 5
9115, 2
9116, 2
9117, 5
9118, 3
9119, 5
9120, 4
9121, 5
9122, 5
9123, 3
9124, 2
9125, 7
9126, 1
9127, 4
9128, 8
9129, 7
9130, 5
9131, 2
9132, 3
9133, 8
9134, 3
9135, 6
9136, 5
9137, 3
9138, 2
9139, 4
9140, 4
9141, 3
9142, 2
9143, 4
9144, 7
9145, 4
9146, 1
9148, 2
9149, 6
9150, 2
9151, 2
9152, 2
9153, 3
9154, 1
9155, 2
9156, 3
9157, 5
9158, 2
9159, 2
9160, 3
9161, 3
9162, 4
9164, 3
9166, 1
9167, 1
9168, 3
9169, 2
9170, 1
9171, 2
9173, 2
9174, 3
9175, 4
9176, 1
9178, 2
9179, 2
9181, 2
9182, 4
9183, 3
9184, 1
9185, 5
9186, 1
9187, 2
9188, 3
9189, 3
9190, 5
9191, 2
9192, 5
9193, 1
9194, 3
9195, 3
9196, 3
9197, 3
9198, 3
9199, 3
9200, 4
9201, 3
9202, 5
9203, 3
9204, 3
9205, 3
9206, 4
9207, 7
9208, 5
9209, 1
9210, 4
9211, 5
9212, 2
9213, 4
9214, 7
9215, 7
9216, 5
9217, 3
9218, 2
9219, 9
9220, 5
9221, 5
9222, 5
9223, 2
9224, 3
9225, 3
9226, 3
9227, 3
9228, 2
9229, 7
9230, 2
9231, 6
9233, 1
9234, 3
9235, 4
9236, 3
9237, 2
9238, 3
9239, 1
9240, 3
9241, 3
9242, 3
9243, 3
9244, 2
9245, 4
9246, 2
9247, 2
9248, 3
9250, 2
9251, 1
9252, 1
9253, 3
9254, 3
9256, 2
9257, 1
9258, 1
9259, 2
9260, 4
9261, 3
9263, 1
9264, 3
9266, 1
9267, 1
9268, 6
9269, 1
9270, 5
9271, 1
9272, 2
9273, 2
9274, 1
9275, 5
9276, 6
9277, 3
9278, 3
9279, 2
9280, 3
9281, 3
9282, 2
9283, 4
9285, 5
9286, 4
9287, 1
9288, 6
9289, 5
9290, 4
9291, 2
9292, 6
9293, 7
9294, 1
9295, 3
9296, 6
9297, 1
9298, 4
9299, 6
9300, 8
9301, 6
9302, 4
9304, 6
9305, 7
9306, 3
9307, 8
9308, 2
9309, 3
9310, 3
9311, 5
9312, 2
9313, 4
9314, 5
9315, 4
9316, 5
9319, 3
9320, 5
9321, 1
9322, 4
9323, 2
9324, 2
9325, 1
9326, 3
9327, 1
9328, 6
9329, 1
9330, 5
9331, 3
9333, 5
9335, 1
9336, 2
9337, 1
9338, 1
9339, 2
9340, 3
9341, 1
9342, 1
9343, 1
9344, 2
9345, 4
9346, 3
9347, 1
9349, 4
9351, 1
9352, 1
9353, 4
9354, 3
9355, 2
9356, 4
9357, 1
9358, 2
9359, 2
9360, 4
9361, 5
9362, 2
9363, 5
9364, 2
9365, 3
9366, 2
9367, 3
9368, 2
9369, 3
9370, 3
9371, 5
9372, 1
9373, 7
9374, 2
9375, 5
9376, 3
9377, 3
9378, 8
9379, 4
9380, 1
9381, 4
9382, 4
9383, 1
9384, 8
9385, 8
9386, 5
9387, 5
9388, 2
9389, 2
9390, 9
9391, 3
9392, 7
9393, 4
9394, 3
9395, 2
9396, 5
9397, 4
9399, 4
9400, 7
9401, 5
9402, 2
9404, 2
9405, 3
9406, 4
9407, 4
9408, 1
9409, 2
9410, 3
9411, 2
9412, 2
9413, 3
9414, 2
9415, 4
9416, 2
9417, 3
9418, 2
9419, 2
9420, 3
9421, 1
9422, 1
9423, 1
9424, 2
9425, 3
9427, 3
9429, 2
9430, 2
9431, 3
9432, 3
9434, 1
9435, 3
9437, 1
9438, 1
9439, 6
9441, 5
9442, 3
9444, 3
9445, 3
9446, 4
9447, 3
9448, 6
9449, 2
9450, 2
9451, 2
9452, 3
9453, 3
9454, 2
9455, 3
9456, 5
9457, 4
9458, 1
9459, 6
9460, 5
9461, 3
9462, 3
9463, 4
9464, 8
9465, 2
9466, 3
9467, 6
9469, 4
9470, 8
9471, 7
9472, 4
9473, 5
9475, 7
9476, 5
9477, 3
9478, 9
9479, 3
9480, 1
9481, 5
9482, 4
9483, 2
9484, 3
9485, 3
9486, 7
9487, 3
9488, 2
9490, 4
9491, 3
9492, 3
9493, 3
9494, 1
9495, 3
9496, 2
9497, 2
9498, 5
9499, 1
9500, 2
9501, 4
9502, 1
9503, 4
9504, 3
9505, 1
9506, 3
9507, 1
9509, 1
9510, 2
9511, 3
9512, 1
9513, 1
9514, 2
9515, 1
9516, 3
9517, 5
9519, 2
9520, 1
9521, 1
9522, 1
9523, 1
9524, 3
9525, 3
9526, 3
9527, 4
9528, 1
9529, 3
9530, 1
9531, 5
9532, 2
9533, 4
9534, 4
9535, 3
9536, 2
9537, 4
9538, 2
9539, 2
9540, 4
9541, 1
9542, 5
9543, 4
9544, 5
9545, 2
9546, 5
9547, 3
9548, 3
9549, 11
9550, 1
9552, 6
9553, 4
9554, 2
9555, 3
9556, 8
9557, 9
9558, 4
9559, 3
9561, 11
9562, 2
9563, 6
9564, 7
9566, 4
9567, 3
9568, 5
9569, 2
9570, 4
9571, 4
9572, 5
9573, 3
9575, 1
9576, 4
9577, 3
9578, 4
9579, 2
9580, 2
9581, 2
9582, 2
9583, 2
9584, 3
9585, 3
9586, 4
9587, 2
9588, 3
9589, 2
9590, 3
9592, 3
9593, 1
9594, 1
9595, 3
9596, 2
9598, 2
9599, 1
9600, 2
9601, 2
9602, 4
9603, 2
9605, 3
9606, 1
9608, 2
9609, 1
9610, 3
9611, 2
9612, 5
9613, 2
9614, 2
9615, 2
9616, 3
9617, 4
9618, 5
9619, 4
9620, 3
9621, 2
9622, 2
9623, 2
9624, 3
9625, 3
9626, 3
9627, 3
9628, 4
9629, 4
9630, 5
9631, 3
9632, 4
9633, 3
9634, 4
9635, 8
9636, 1
9637, 4
9638, 4
9639, 2
9640, 5
9641, 6
9642, 7
9643, 7
9644, 3
9645, 1
9646, 7
9647, 5
9648, 3
9649, 8
9650, 3
9651, 2
9652, 3
9653, 4
9654, 4
9655, 1
9656, 6
9657, 5
9658, 4
9659, 1
9661, 2
9662, 5
9663, 2
9664, 4
9665, 1
9666, 3
9667, 1
9668, 3
9669, 3
9670, 3
9671, 2
9672, 4
9673, 3
9674, 3
9675, 2
9676, 1
9677, 2
9678, 1
9679, 1
9680, 2
9681, 2
9682, 2
9683, 2
9684, 1
9685, 1
9686, 2
9687, 3
9688, 3
9689, 1
9690, 1
9691, 3
9693, 1
9694, 1
9695, 3
9696, 3
9697, 3
9698, 4
9699, 2
9700, 1
9701, 2
9702, 5
9703, 5
9704, 1
9705, 5
9706, 2
9707, 2
9708, 4
9709, 2
9710, 3
9711, 2
9712, 5
9713, 4
9714, 2
9715, 4
9716, 4
9717, 3
9718, 4
9719, 5
9720, 6
9721, 4
9722, 2
9723, 3
9724, 5
9726, 7
9727, 9
9728, 6
9729, 6
9731, 1
9732, 9
9733, 5
9734, 7
9735, 4
9736, 2
9737, 3
9738, 4
9739, 2
9740, 3
9741, 3
9742, 5
9743, 5
9744, 4
9746, 1
9747, 6
9748, 2
9749, 2
9750, 3
9751, 2
9752, 2
9753, 1
9754, 4
9755, 3
9756, 3
9757, 2
9758, 3
9759, 3
9760, 4
9761, 1
9762, 1
9763, 2
9764, 1
9765, 1
9766, 3
9767, 2
9769, 3
9771, 1
9772, 2
9773, 4
9774, 3
9776, 1
9777, 3
9779, 1
9780, 3
9781, 3
9782, 3
9783, 4
9784, 1
9785, 4
9787, 5
9788, 4
9789, 3
9790, 2
9791, 5
9792, 2
9793, 2
9794, 3
9795, 2
9796, 3
9797, 3
9798, 4
9799, 4
9800, 4
9801, 3
9802, 5
9803, 3
9804, 3
9805, 6
9806, 6
9807, 2
9808, 3
9809, 4
9810, 2
9811, 5
9812, 5
9813, 10
9814, 3
9815, 5
9817, 9
9818, 5
9819, 3
9820, 7
9821, 3
9822, 4
9823, 4
9824, 2
9825, 2
9826, 2
9827, 7
9828, 3
9829, 6
9832, 4
9833, 4
9834, 2
9835, 3
9836, 2
9837, 2
9838, 2
9839, 2
9840, 3
9841, 4
9842, 3
9843, 3
9844, 1
9845, 3
9846, 3
9847, 1
9848, 3
9850, 1
9851, 2
9852, 3
9853, 1
9854, 1
9855, 2
9857, 2
9858, 3
9859, 3
9860, 2
9861, 1
9862, 3
9864, 1
9865, 1
9866, 3
9867, 3
9868, 3
9869, 4
9870, 2
9872, 3
9873, 6
9874, 2
9875, 5
9876, 3
9877, 3
9878, 1
9879, 3
9880, 3
9881, 2
9882, 3
9883, 4
9884, 4
9885, 2
9886, 6
9887, 4
9888, 2
9889, 3
9890, 6
9891, 9
9892, 1
9893, 2
9894, 5
9895, 3
9896, 2
9897, 3
9898, 11
9899, 7
9900, 3
9901, 2
9902, 3
9903, 9
9904, 2
9905, 8
9906, 5
9908, 4
9909, 3
9910, 5
9911, 1
9912, 4
9913, 7
9914, 4
9915, 2
9917, 1
9918, 6
9919, 2
9920, 3
9921, 2
9922, 2
9923, 2
9924, 2
9925, 1
9926, 5
9927, 3
9928, 3
9929, 3
9930, 2
9931, 4
9932, 1
9933, 2
9934, 1
9935, 1
9937, 3
9938, 3
9939, 1
9940, 1
9941, 2
9943, 2
9944, 6
9945, 1
9946, 1
9947, 1
9948, 2
9949, 1
9950, 1
9951, 1
9952, 4
9953, 4
9954, 2
9955, 3
9956, 3
9958, 2
9959, 6
9960, 4
9961, 2
9962, 4
9963, 4
9964, 1
9965, 3
9966, 3
9967, 3
9968, 2
9969, 5
9970, 4
9971, 2
9972, 3
9973, 3
9974, 6
9975, 2
9976, 7
9977, 6
9978, 2
9979, 2
9980, 6
9981, 1
9982, 6
9983, 7
9984, 7
9985, 4
9986, 4
9987, 1
9988, 5
9989, 8
9990, 6
9991, 6
9992, 1
9993, 2
9994, 4
9995, 5
9996, 2
9997, 2
9998, 6
9999, 3
10000, 5
10001, 1
10002, 1
10003, 2
10004, 4
10005, 3
10006, 3
10007, 3
10008, 2
10010, 2
10011, 5
10012, 3
10013, 3
10014, 3
10015, 3
10016, 1
10017, 3
10018, 1
10019, 2
10020, 2
10022, 2
10023, 2
10024, 2
10025, 2
10026, 1
10028, 2
10029, 4
10030, 4
10033, 4
10035, 1
10036, 1
10037, 4
10038, 4
10039, 2
10040, 3
10041, 1
10042, 2
10043, 1
10044, 7
10045, 1
10046, 5
10047, 4
10048, 2
10049, 3
10050, 3
10051, 3
10052, 3
10053, 1
10054, 5
10055, 4
10056, 1
10057, 6
10058, 3
10059, 5
10060, 1
10061, 4
10062, 10
10063, 1
10064, 4
10065, 5
10066, 2
10067, 2
10068, 6
10069, 8
10070, 6
10071, 5
10072, 1
10073, 3
10074, 9
10075, 4
10076, 7
10077, 3
10078, 2
10079, 2
10080, 7
10082, 3
10083, 4
10084, 7
10085, 5
10086, 1
10088, 2
10089, 4
10090, 4
10091, 2
10092, 2
10093, 3
10094, 1
10095, 3
10096, 1
10097, 5
10098, 3
10099, 2
10100, 2
10101, 2
10102, 4
10103, 2
10104, 1
10105, 2
10106, 1
10107, 2
10108, 1
10109, 3
10110, 1
10111, 1
10112, 1
10113, 2
10114, 1
10115, 5
10116, 2
10118, 3
10119, 1
10121, 2
10122, 3
10123, 3
10124, 2
10125, 2
10126, 4
10127, 2
10128, 1
10129, 4
10130, 4
10131, 4
10132, 5
10133, 2
10134, 3
10135, 2
10136, 2
10137, 3
10138, 3
10139, 1
10140, 7
10141, 2
10142, 3
10143, 4
10144, 5
10145, 3
10146, 3
10147, 8
10148, 5
10149, 1
10150, 4
10151, 3
10152, 3
10153, 4
10154, 10
10155, 6
10156, 4
10157, 3
10158, 1
10159, 6
10160, 6
10161, 6
10162, 6
10163, 2
10164, 3
10165, 3
10166, 3
10167, 3
10168, 3
10169, 5
10170, 6
10171, 4
10174, 4
10175, 3
10176, 4
10177, 2
10178, 2
10179, 3
10180, 1
10181, 2
10182, 5
10183, 2
10184, 3
10185, 3
10186, 3
10187, 1
10188, 4
10190, 3
10191, 1
10193, 2
10194, 3
10195, 2
10196, 1
10197, 1
10199, 3
10200, 5
10202, 2
10203, 2
10204, 1
10205, 1
10206, 1
10207, 1
10208, 3
10209, 4
10210, 4
10211, 2
10212, 2
10213, 2
10214, 1
10215, 5
10216, 4
10217, 4
10218, 3
10219, 4
10221, 5
10222, 2
10223, 4
10225, 4
10226, 6
10227, 1
10228, 5
10229, 4
10230, 3
10231, 3
10232, 5
10233, 9
10235, 4
10236, 4
10237, 3
10238, 2
10239, 7
10240, 9
10241, 4
10242, 5
10243, 2
10244, 3
10245, 8
10246, 3
10247, 9
10248, 2
10249, 3
10250, 2
10251, 6
10252, 2
10253, 2
10254, 5
10255, 5
10256, 6
10259, 2
10260, 4
10261, 4
10262, 2
10263, 3
10264, 2
10265, 2
10266, 1
10267, 4
10268, 3
10269, 3
10270, 2
10271, 3
10272, 3
10273, 2
10274, 2
10275, 1
10276, 2
10277, 1
10278, 1
10279, 2
10280, 3
10281, 2
10283, 2
10284, 1
10285, 3
10286, 4
10287, 1
10289, 3
10290, 1
10291, 1
10292, 1
10293, 2
10294, 4
10295, 2
10296, 3
10297, 3
10298, 1
10299, 2
10300, 5
10301, 4
10302, 3
10303, 4
10304, 3
10305, 2
10306, 2
10307, 3
10308, 2
10309, 4
10310, 1
10311, 6
10312, 4
10313, 2
10314, 5
10315, 3
10316, 4
10317, 4
10318, 7
10319, 4
10320, 2
10321, 4
10322, 5
10323, 2
10324, 3
10325, 8
10326, 6
10327, 5
10328, 3
10329, 3
10330, 9
10331, 3
10332, 4
10333, 7
10334, 2
10335, 4
10336, 3
10337, 3
10338, 3
10339, 2
10340, 6
10341, 6
10342, 2
10343, 1
10345, 5
10346, 2
10347, 4
10348, 2
10349, 2
10350, 2
10351, 3
10352, 1
10353, 5
10354, 2
10355, 2
10356, 4
10357, 2
10358, 2
10359, 4
10361, 2
10362, 2
10364, 2
10365, 4
10367, 2
10368, 1
10369, 1
10370, 2
10371, 5
10372, 2
10375, 4
10377, 1
10378, 2
10379, 5
10380, 1
10381, 2
10382, 4
10383, 2
10384, 2
10385, 2
10386, 5
10387, 2
10388, 4
10389, 5
10390, 1
10391, 2
10392, 4
10393, 2
10394, 4
10395, 1
10396, 6
10397, 3
10398, 3
10399, 4
10400, 5
10401, 3
10402, 3
10403, 4
10404, 9
10405, 1
10406, 3
10407, 5
10408, 2
10409, 3
10410, 7
10411, 8
10412, 5
10413, 4
10414, 2
10415, 5
10416, 6
10417, 4
10418, 6
10419, 4
10420, 3
10421, 2
10422, 5
10423, 1
10424, 4
10425, 6
10426, 3
10427, 6
10428, 1
10430, 2
10431, 4
10432, 4
10433, 3
10435, 4
10436, 2
10437, 1
10438, 2
10439, 6
10440, 2
10441, 2
10442, 2
10443, 3
10444, 4
10445, 1
10446, 3
10448, 1
10449, 1
10450, 3
10451, 1
10452, 2
10453, 1
10454, 1
10455, 3
10456, 3
10457, 3
10458, 1
10460, 3
10461, 1
10462, 1
10463, 1
10464, 3
10465, 3
10466, 3
10467, 4
10469, 3
10470, 1
10471, 3
10472, 5
10473, 4
10474, 4
10475, 2
10476, 2
10477, 4
10478, 3
10479, 2
10480, 3
10481, 3
10482, 4
10483, 4
10484, 3
10485, 3
10486, 4
10487, 5
10488, 2
10489, 9
10490, 3
10491, 2
10492, 4
10493, 5
10494, 1
10495, 4
10496, 11
10497, 5
10498, 5
10499, 2
10500, 1
10501, 5
10502, 8
10503, 8
10504, 4
10505, 1
10506, 3
10507, 5
10508, 4
10509, 1
10510, 3
10511, 8
10512, 3
10513, 2
10514, 1
10515, 1
10516, 4
10517, 4
10518, 1
10519, 3
10520, 3
10521, 1
10522, 3
10523, 2
10524, 3
10525, 4
10526, 2
10527, 4
10528, 1
10529, 3
10530, 2
10531, 1
10532, 1
10533, 3
10535, 2
10536, 2
10537, 3
10538, 1
10539, 1
10540, 1
10541, 3
10542, 2
10543, 4
10545, 3
10546, 1
10548, 1
10549, 2
10550, 5
10552, 5
10553, 3
10555, 3
10556, 3
10557, 4
10558, 4
10559, 3
10560, 5
10562, 3
10563, 3
10564, 3
10565, 4
10567, 5
10568, 4
10569, 3
10570, 4
10571, 3
10572, 6
10573, 3
10574, 3
10575, 9
10576, 2
10577, 3
10578, 4
10579, 2
10580, 5
10581, 7
10582, 7
10583, 3
10584, 6
10585, 1
10586, 6
10587, 7
10588, 1
10589, 11
10590, 1
10591, 2
10592, 2
10593, 5
10594, 3
10595, 2
10596, 4
10597, 8
10598, 3
10599, 1
10601, 1
10602, 5
10603, 2
10604, 4
10605, 2
10606, 3
10607, 1
10608, 3
10609, 3
10610, 3
10611, 3
10612, 3
10613, 2
10614, 3
10615, 3
10616, 1
10617, 1
10618, 2
10619, 1
10620, 1
10621, 3
10622, 2
10623, 2
10624, 1
10626, 3
10627, 2
10628, 4
10629, 1
10630, 1
10631, 2
10632, 1
10633, 1
10635, 3
10636, 4
10637, 3
10638, 4
10639, 2
10640, 1
10641, 2
10642, 3
10643, 5
10644, 3
10645, 4
10646, 4
10647, 1
10648, 3
10649, 3
10650, 2
10651, 3
10652, 3
10653, 5
10654, 3
10655, 3
10656, 4
10657, 3
10658, 5
10659, 3
10660, 6
10661, 5
10662, 2
10663, 4
10664, 4
10665, 1
10666, 5
10667, 8
10668, 9
10669, 4
10670, 2
10671, 2
10672, 9
10673, 2
10674, 7
10675, 7
10677, 3
10678, 3
10679, 4
10680, 3
10681, 3
10682, 8
10683, 2
10684, 4
10686, 1
10687, 3
10688, 5
10689, 3
10690, 1
10691, 2
10692, 3
10693, 1
10694, 4
10695, 3
10696, 2
10697, 3
10698, 3
10699, 3
10700, 2
10701, 2
10702, 1
10703, 3
10705, 3
10706, 1
10707, 3
10708, 1
10709, 1
10710, 1
10712, 4
10713, 3
10714, 3
10716, 2
10717, 1
10718, 1
10719, 2
10720, 1
10721, 4
10722, 1
10723, 6
10724, 1
10725, 2
10726, 1
10727, 4
10728, 2
10729, 7
10730, 4
10731, 1
10732, 4
10733, 1
10734, 3
10735, 3
10736, 3
10737, 1
10738, 4
10739, 5
10740, 4
10741, 3
10742, 4
10743, 5
10744, 3
10745, 2
10746, 9
10747, 2
10748, 2
10749, 6
10750, 2
10751, 2
10752, 9
10753, 8
10754, 5
10755, 3
10756, 2
10757, 5
10758, 6
10759, 5
10760, 8
10761, 1
10762, 3
10763, 3
10764, 4
10765, 4
10766, 1
10767, 3
10768, 7
10769, 5
10770, 1
10772, 4
10773, 2
10774, 3
10775, 4
10776, 2
10777, 2
10778, 1
10779, 2
10780, 5
10781, 3
10782, 2
10783, 1
10784, 5
10785, 2
10786, 4
10788, 1
10789, 3
10791, 1
10792, 3
10793, 2
10794, 2
10795, 1
10797, 2
10798, 3
10799, 5
10801, 1
10802, 2
10803, 1
10804, 1
10805, 1
10806, 4
10807, 3
10808, 3
10809, 3
10810, 1
10811, 2
10812, 1
10813, 7
10814, 2
10815, 3
10816, 4
10817, 4
10818, 1
10819, 2
10820, 3
10821, 2
10822, 4
10823, 3
10824, 6
10825, 2
10826, 4
10827, 4
10828, 5
10829, 2
10830, 3
10831, 8
10832, 3
10833, 2
10834, 5
10835, 3
10836, 2
10837, 7
10838, 7
10839, 7
10840, 4
10841, 3
10842, 2
10843, 3
10844, 8
10845, 6
10846, 6
10847, 1
10848, 4
10849, 5
10850, 1
10851, 3
10852, 3
10853, 8
10854, 4
10855, 2
10857, 1
10858, 4
10859, 4
10860, 3
10861, 1
10862, 4
10863, 1
10864, 2
10865, 2
10866, 5
10867, 1
10868, 5
10869, 1
10870, 4
10871, 1
10872, 3
10873, 1
10874, 2
10875, 1
10877, 3
10878, 3
10879, 1
10880, 2
10882, 1
10883, 3
10884, 4
10885, 2
10887, 2
10888, 2
10890, 1
10891, 1
10892, 5
10893, 4
10894, 2
10895, 2
10896, 1
10897, 3
10898, 4
10899, 3
10900, 5
10901, 2
10902, 4
10903, 2
10904, 2
10905, 4
10906, 3
10907, 3
10908, 2
10909, 5
10910, 3
10911, 4
10912, 2
10913, 5
10914, 4
10915, 3
10916, 6
10917, 6
10918, 2
10919, 3
10920, 3
10921, 3
10922, 3
10923, 8
10924, 8
10925, 6
10926, 2
10927, 2
10928, 4
10929, 7
10930, 4
10931, 10
10932, 1
10933, 3
10934, 1
10935, 6
10936, 2
10937, 3
10938, 5
10939, 7
10940, 3
10943, 2
10944, 6
10945, 1
10946, 4
10947, 2
10948, 2
10949, 2
10950, 1
10951, 4
10952, 4
10953, 2
10954, 3
10955, 3
10956, 1
10957, 3
10958, 2
10959, 2
10960, 1
10961, 1
10962, 2
10963, 3
10964, 1
10965, 1
10966, 2
10968, 3
10969, 3
10970, 3
10971, 1
10972, 1
10973, 2
10974, 1
10975, 1
10976, 1
10977, 4
10978, 2
10979, 4
10980, 3
10981, 1
10982, 2
10983, 2
10984, 6
10985, 1
10986, 5
10987, 3
10988, 3
10989, 2
10990, 4
10991, 1
10992, 4
10993, 2
10994, 3
10995, 5
10996, 3
10997, 3
10998, 4
10999, 6
11000, 2
11001, 4
11002, 9
11003, 1
11004, 2
11005, 3
11006, 6
11008, 5
11009, 11
11010, 4
11011, 6
11012, 2
11013, 2
11014, 10
11015, 4
11016, 5
11017, 5
11018, 1
11019, 4
11020, 3
11021, 5
11022, 1
11023, 3
11024, 8
11025, 3
11026, 3
11028, 1
11029, 6
11030, 2
11031, 2
11032, 3
11033, 3
11035, 3
11036, 2
11037, 4
11038, 2
11039, 4
11040, 2
11041, 4
11042, 3
11043, 1
11044, 1
11045, 2
11046, 1
11048, 3
11049, 3
11050, 1
11051, 2
11053, 1
11054, 2
11055, 4
11056, 3
11058, 2
11059, 2
11061, 1
11062, 3
11063, 2
11064, 3
11065, 5
11066, 2
11067, 2
11068, 1
11069, 4
11070, 3
11071, 4
11072, 4
11073, 3
11074, 2
11075, 2
11076, 3
11077, 4
11078, 2
11079, 3
11080, 5
11081, 3
11082, 3
11083, 5
11084, 4
11085, 3
11086, 3
11087, 7
11088, 5
11089, 2
11090, 1
11091, 6
11092, 2
11093, 3
11094, 8
11095, 9
11096, 4
11097, 3
11098, 1
11099, 6
11100, 8
11101, 1
11102, 11
11103, 1
11104, 2
11105, 3
11106, 5
11107, 2
11108, 2
11109, 5
11110, 5
11111, 5
11112, 1
11114, 2
11115, 6
11116, 2
11117, 2
11118, 2
11119, 3
11120, 3
11121, 1
11122, 4
11123, 3
11124, 2
11125, 1
11126, 5
11127, 3
11128, 2
11129, 1
11130, 1
11131, 2
11132, 1
11133, 3
11134, 1
11135, 2
11136, 1
11137, 2
11138, 1
11139, 2
11140, 3
11141, 2
11142, 2
11143, 2
11144, 1
11145, 1
11146, 1
11147, 1
11148, 4
11149, 2
11150, 3
11151, 3
11152, 2
11153, 3
11154, 1
11155, 3
11156, 4
11157, 5
11158, 4
11159, 2
11160, 2
11161, 4
11162, 2
11163, 3
11164, 2
11165, 4
11166, 4
11167, 3
11168, 4
11169, 4
11170, 6
11171, 1
11172, 3
11173, 10
11174, 1
11175, 3
11176, 3
11177, 5
11178, 1
11179, 8
11180, 7
11181, 6
11182, 6
11184, 3
11185, 6
11186, 6
11187, 6
11188, 6
11189, 1
11190, 3
11191, 5
11192, 3
11193, 2
11194, 1
11195, 7
11196, 5
11197, 3
11199, 2
11200, 4
11201, 2
11202, 5
11203, 1
11204, 3
11205, 1
11206, 2
11207, 3
11208, 5
11209, 1
11210, 2
11211, 4
11212, 2
11213, 2
11214, 3
11215, 1
11216, 2
11217, 1
11218, 1
11219, 3
11220, 1
11221, 2
11222, 1
11223, 1
11224, 1
11225, 5
11226, 1
11227, 3
11229, 3
11230, 1
11232, 2
11233, 1
11234, 5
11235, 1
11236, 5
11237, 2
11238, 1
11239, 2
11240, 5
11241, 3
11242, 4
11243, 4
11244, 2
11245, 2
11246, 3
11247, 3
11248, 3
11249, 2
11250, 3
11251, 5
11252, 3
11253, 3
11254, 4
11255, 5
11256, 3
11257, 3
11258, 5
11259, 7
11260, 2
11261, 2
11262, 6
11263, 2
11264, 2
11265, 8
11266, 11
11267, 4
11268, 1
11269, 2
11270, 5
11271, 8
11272, 2
11273, 7
11274, 4
11275, 3
11276, 3
11277, 5
11278, 2
11279, 2
11280, 5
11281, 7
11282, 1
11283, 2
11284, 1
11285, 3
11286, 3
11287, 4
11288, 2
11289, 1
11290, 4
11291, 1
11292, 2
11293, 2
11294, 5
11295, 2
11296, 3
11297, 3
11298, 2
11299, 3
11300, 1
11301, 3
11302, 1
11304, 2
11305, 3
11306, 2
11308, 2
11309, 1
11310, 2
11311, 4
11312, 2
11313, 1
11315, 4
11317, 1
11318, 1
11319, 5
11320, 2
11321, 3
11322, 3
11323, 2
11324, 1
11325, 3
11326, 2
11327, 5
11328, 5
11329, 3
11330, 2
11331, 3
11332, 1
11333, 4
11334, 4
11335, 2
11336, 3
11337, 4
11338, 3
11339, 5
11340, 2
11341, 5
11342, 3
11343, 6
11344, 5
11345, 3
11346, 3
11347, 5
11348, 3
11349, 1
11350, 5
11351, 11
11352, 4
11353, 6
11354, 2
11355, 2
11356, 8
11357, 4
11358, 6
11359, 6
11360, 1
11361, 3
11362, 5
11363, 3
11364, 2
11365, 5
11366, 5
11367, 4
11368, 2
11370, 1
11371, 4
11372, 4
11373, 3
11374, 2
11375, 1
11376, 3
11377, 3
11378, 1
11379, 5
11380, 2
11381, 3
11382, 3
11383, 3
11384, 2
11385, 2
11386, 1
11387, 2
11388, 1
11389, 1
11390, 3
11391, 2
11392, 1
11393, 2
11395, 1
11396, 4
11397, 3
11398, 2
11400, 1
11401, 3
11403, 2
11404, 1
11405, 5
11406, 2
11407, 5
11408, 1
11409, 3
11411, 3
11412, 5
11413, 3
11414, 4
11415, 4
11416, 2
11417, 3
11418, 1
11419, 5
11420, 1
11421, 4
11422, 4
11423, 3
11424, 1
11425, 7
11426, 4
11427, 2
11428, 5
11429, 4
11430, 7
11431, 1
11432, 6
11433, 3
11434, 1
11435, 7
11436, 6
11437, 8
11438, 4
11439, 3
11440, 1
11441, 8
11442, 5
11443, 4
11444, 7
11445, 2
11446, 2
11447, 3
11448, 5
11449, 3
11450, 1
11451, 6
11452, 6
11453, 4
11455, 1
11456, 4
11457, 1
11458, 5
11459, 2
11460, 3
11461, 2
11462, 1
11463, 2
11464, 5
11465, 2
11466, 2
11467, 4
11468, 3
11469, 1
11470, 3
11471, 1
11472, 3
11474, 1
11475, 1
11476, 5
11478, 2
11479, 1
11481, 3
11482, 3
11483, 2
11484, 2
11485, 2
11486, 1
11487, 1
11488, 1
11489, 1
11490, 5
11491, 2
11492, 3
11493, 4
11495, 3
11496, 1
11497, 5
11498, 5
11499, 2
11500, 4
11501, 3
11502, 2
11503, 4
11504, 2
11505, 2
11506, 3
11507, 5
11508, 2
11509, 3
11510, 6
11511, 3
11512, 4
11513, 2
11514, 5
11515, 7
11516, 3
11517, 2
11518, 5
11519, 3
11520, 1
11521, 10
11522, 6
11523, 5
11524, 5
11525, 2
11526, 2
11527, 9
11528, 3
11529, 8
11530, 3
11531, 2
11532, 4
11533, 5
11535, 5
11536, 3
11537, 5
11538, 6
11539, 1
11541, 2
11542, 3
11543, 4
11544, 3
11545, 1
11546, 4
11547, 2
11548, 2
11549, 2
11550, 5
11551, 2
11552, 2
11553, 2
11554, 4
11555, 1
11556, 3
11557, 1
11558, 2
11560, 3
11561, 2
11562, 2
11564, 3
11566, 2
11567, 3
11568, 2
11569, 3
11571, 3
11572, 1
11573, 1
11575, 3
11576, 4
11577, 2
11578, 4
11579, 2
11580, 3
11582, 2
11583, 6
11584, 3
11585, 5
11586, 2
11587, 3
11588, 2
11589, 4
11590, 1
11591, 3
11592, 4
11593, 3
11594, 4
11595, 2
11596, 6
11597, 4
11598, 3
11599, 4
11600, 6
11601, 5
11602, 2
11603, 5
11604, 2
11605, 2
11606, 6
11607, 6
11608, 10
11609, 3
11610, 3
11611, 2
11612, 7
11613, 5
11614, 8
11615, 4
11616, 1
11617, 2
11618, 4
11619, 5
11620, 3
11621, 2
11622, 5
11623, 5
11624, 4
11626, 1
11627, 4
11628, 2
11629, 4
11630, 2
11631, 2
11632, 3
11633, 2
11634, 2
11635, 4
11636, 2
11637, 3
11638, 3
11639, 3
11640, 1
11641, 3
11642, 1
11643, 2
11644, 1
11645, 1
11646, 2
11647, 3
11648, 1
11649, 2
11650, 1
11651, 1
11652, 1
11653, 6
11654, 2
11656, 1
11657, 3
11659, 1
11660, 1
11661, 4
11662, 4
11663, 1
11664, 4
11665, 2
11666, 1
11667, 2
11668, 6
11669, 4
11670, 3
11671, 3
11672, 3
11673, 2
11674, 3
11675, 3
11676, 3
11677, 2
11678, 3
11679, 4
11680, 3
11681, 6
11682, 4
11683, 3
11684, 2
11685, 7
11686, 6
11687, 2
11688, 2
11689, 6
11690, 2
11691, 3
11692, 10
11693, 4
11694, 7
11695, 4
11697, 4
11698, 9
11699, 3
11700, 9
11701, 2
11702, 1
11703, 3
11704, 5
11705, 2
11706, 4
11707, 3
11708, 6
11709, 5
11710, 1
11713, 7
11714, 1
11715, 4
11716, 2
11717, 4
11719, 2
11720, 2
11721, 5
11722, 2
11723, 3
11724, 4
11725, 2
11726, 3
11727, 1
11728, 2
11729, 1
11730, 1
11731, 1
11732, 3
11733, 2
11734, 1
11735, 2
11736, 1
11737, 1
11738, 3
11739, 4
11740, 1
11742, 3
11743, 1
11745, 1
11746, 4
11747, 3
11748, 2
11749, 5
11750, 1
11751, 2
11752, 1
11753, 3
11754, 4
11755, 5
11756, 4
11757, 4
11758, 1
11759, 2
11760, 4
11761, 3
11762, 1
11763, 3
11764, 5
11765, 3
11766, 5
11767, 3
11768, 4
11769, 3
11770, 3
11771, 10
11772, 2
11773, 2
11774, 5
11775, 4
11777, 7
11778, 6
11779, 9
11780, 4
11781, 1
11782, 3
11783, 5
11784, 7
11785, 7
11786, 5
11787, 1
11788, 3
11789, 2
11790, 5
11791, 3
11792, 2
11793, 7
11794, 6
11795, 2
11797, 1
11798, 4
11799, 4
11800, 2
11801, 1
11802, 3
11803, 3
11804, 1
11805, 2
11806, 5
11807, 3
11808, 2
11809, 2
11810, 2
11811, 4
11812, 3
11814, 3
11815, 1
11817, 2
11818, 4
11819, 1
11820, 1
11821, 1
11822, 1
11823, 2
11824, 4
11825, 2
11826, 1
11827, 2
11828, 2
11830, 1
11831, 1
11832, 6
11833, 2
11834, 1
11835, 4
11836, 2
11837, 2
11838, 1
11839, 7
11840, 1
11841, 4
11842, 4
11843, 3
11844, 2
11845, 3
11846, 2
11847, 4
11848, 2
11849, 5
11850, 3
11851, 3
11852, 4
11853, 3
11854, 6
11855, 2
11856, 4
11857, 7
11858, 3
11859, 4
11860, 5
11861, 1
11862, 4
11863, 6
11864, 10
11865, 3
11866, 3
11867, 3
11868, 5
11869, 6
11870, 5
11871, 7
11872, 2
11873, 2
11874, 4
11875, 3
11876, 3
11877, 3
11878, 4
11879, 5
11880, 5
11881, 2
11883, 3
11884, 5
11885, 2
11886, 3
11887, 2
11888, 3
11889, 1
11890, 2
11891, 2
11892, 4
11893, 2
11894, 3
11895, 2
11896, 3
11897, 4
11898, 1
11899, 2
11900, 1
11901, 1
11902, 2
11903, 1
11904, 3
11905, 1
11906, 2
11908, 1
11909, 4
11910, 5
11912, 1
11913, 1
11914, 2
11915, 1
11917, 3
11918, 4
11919, 3
11920, 3
11921, 2
11922, 3
11924, 3
11925, 5
11926, 4
11927, 5
11928, 3
11929, 2
11930, 1
11931, 4
11932, 1
11933, 4
11934, 4
11935, 4
11936, 2
11937, 3
11938, 7
11939, 3
11940, 2
11941, 3
11942, 7
11943, 5
11944, 2
11945, 5
11946, 4
11947, 1
11948, 4
11949, 10
11950, 6
11951, 4
11952, 3
11953, 2
11954, 8
11955, 4
11956, 4
11957, 8
11958, 1
11959, 4
11960, 2
11961, 4
11962, 2
11963, 3
11964, 6
11965, 6
11966, 3
11968, 1
11969, 4
11970, 3
11971, 3
11972, 2
11973, 2
11974, 3
11975, 1
11976, 3
11977, 3
11978, 4
11979, 1
11980, 4
11981, 3
11982, 2
11983, 3
11985, 2
11986, 1
11987, 1
11988, 2
11989, 3
11990, 2
11991, 1
11992, 1
11993, 1
11994, 2
11995, 4
11996, 3
11998, 3
11999, 1
12001, 1
12002, 1
12003, 5
12004, 2
12005, 3
12006, 4
12008, 3
12009, 2
12010, 4
12011, 5
12012, 4
12013, 3
12014, 2
12015, 3
12016, 2
12017, 2
12018, 4
12019, 3
12020, 3
12021, 5
12022, 2
12023, 6
12024, 1
12025, 6
12026, 2
12027, 4
12028, 9
12029, 1
12030, 2
12031, 6
12032, 2
12033, 4
12034, 4
12035, 11
12036, 5
12037, 4
12038, 1
12039, 5
12040, 8
12041, 2
12042, 7
12043, 3
12044, 2
12045, 3
12046, 6
12047, 2
12048, 3
12049, 4
12050, 6
12051, 3
12052, 2
12054, 3
12055, 3
12056, 4
12057, 2
12058, 2
12059, 3
12060, 1
12061, 2
12062, 3
12063, 5
12064, 1
12065, 4
12066, 2
12067, 3
12068, 3
12069, 1
12070, 3
12072, 1
12073, 2
12074, 3
12075, 1
12077, 2
12078, 2
12079, 1
12080, 5
12081, 1
12082, 2
12084, 4
12086, 1
12087, 1
12088, 2
12089, 4
12090, 3
12091, 4
12092, 1
12093, 3
12095, 5
12096, 5
12097, 2
12098, 5
12099, 2
12100, 2
12101, 4
12102, 3
12103, 1
12104, 3
12105, 3
12106, 5
12107, 3
12108, 5
12109, 3
12110, 2
12111, 5
12112, 3
12113, 7
12114, 4
12115, 2
12116, 4
12117, 4
12118, 1
12119, 7
12120, 9
12121, 6
12122, 4
12123, 1
12124, 4
12125, 8
12126, 1
12127, 6
12128, 8
12129, 2
12130, 2
12131, 4
12132, 3
12133, 3
12134, 3
12135, 5
12136, 5
12137, 4
12139, 1
12140, 4
12141, 4
12142, 3
12143, 1
12144, 3
12145, 1
12146, 3
12147, 2
12148, 4
12149, 2
12150, 3
12151, 3
12152, 2
12153, 3
12154, 1
12155, 2
12156, 3
12157, 1
12159, 3
12160, 3
12161, 1
12162, 1
12163, 1
12164, 1
12165, 2
12166, 5
12167, 1
12168, 1
12169, 1
12170, 3
12172, 1
12173, 1
12174, 6
12175, 2
12176, 2
12177, 3
12178, 2
12179, 2
12180, 4
12181, 3
12182, 5
12183, 2
12184, 4
12185, 2
12186, 2
12187, 2
12188, 3
12189, 5
12190, 1
12191, 3
12192, 5
12193, 3
12194, 5
12195, 4
12196, 3
12197, 3
12198, 6
12199, 6
12200, 3
12201, 3
12202, 3
12203, 3
12204, 5
12205, 6
12206, 10
12207, 2
12208, 5
12209, 1
12210, 1
12211, 11
12212, 5
12213, 5
12214, 3
12215, 2
12216, 4
12217, 4
12218, 3
12219, 3
12220, 4
12221, 8
12222, 1
12223, 2
12225, 2
12226, 5
12227, 2
12228, 3
12229, 2
12230, 3
12231, 2
12232, 2
12233, 4
12234, 2
12235, 3
12236, 3
12237, 2
12238, 3
12239, 4
12241, 1
12242, 2
12243, 1
12244, 1
12245, 3
12246, 2
12247, 1
12248, 1
12249, 2
12250, 1
12251, 4
12252, 2
12253, 2
12254, 1
12255, 2
12256, 1
12257, 1
12258, 1
12259, 2
12260, 5
12261, 1
12262, 5
12263, 1
12264, 3
12266, 5
12267, 6
12268, 1
12269, 5
12270, 2
12271, 3
12272, 2
12273, 3
12274, 3
12275, 2
12276, 5
12277, 1
12278, 4
12279, 5
12280, 5
12281, 2
12282, 4
12283, 3
12284, 8
12285, 3
12286, 3
12287, 4
12288, 4
12289, 1
12290, 4
12291, 8
12292, 10
12293, 4
12294, 1
12295, 3
12296, 9
12297, 3
12298, 8
12299, 4
12300, 1
12301, 2
12302, 6
12303, 1
12304, 4
12305, 2
12306, 7
12307, 2
12308, 5
12310, 1
12311, 4
12312, 3
12313, 4
12314, 3
12315, 1
12316, 3
12318, 4
12319, 3
12320, 3
12321, 4
12322, 2
12323, 1
12324, 3
12325, 2
12326, 1
12327, 3
12328, 1
12330, 4
12331, 2
12332, 1
12333, 1
12334, 1
12335, 1
12336, 4
12337, 3
12338, 2
12340, 1
12341, 3
12342, 1
12343, 1
12345, 5
12346, 2
12347, 5
12348, 2
12349, 1
12350, 2
12351, 2
12352, 5
12353, 3
12354, 6
12355, 2
12356, 2
12357, 2
12358, 3
12359, 2
12360, 4
12361, 3
12362, 5
12363, 3
12364, 4
12365, 5
12366, 1
12367, 4
12368, 5
12369, 6
12370, 5
12371, 2
12372, 2
12373, 3
12374, 4
12375, 4
12376, 7
12377, 6
12378, 7
12379, 4
12380, 1
12381, 2
12382, 9
12383, 5
12384, 8
12385, 2
12386, 3
12387, 5
12388, 1
12389, 3
12390, 2
12391, 7
12392, 4
12393, 5
12396, 4
12397, 4
12398, 2
12399, 2
12400, 2
12401, 3
12402, 2
12403, 2
12404, 4
12405, 2
12406, 2
12407, 5
12408, 2
12409, 2
12410, 2
12411, 2
12412, 1
12413, 2
12414, 1
12415, 1
12416, 3
12417, 3
12418, 1
12419, 1
12420, 1
12421, 1
12422, 3
12423, 3
12424, 2
12425, 1
12426, 2
12427, 1
12429, 2
12430, 1
12431, 5
12432, 4
12433, 3
12434, 1
12435, 2
12436, 2
12437, 4
12438, 4
12439, 3
12440, 5
12441, 2
12442, 1
12443, 4
12444, 3
12445, 3
12446, 2
12447, 5
12448, 2
12449, 4
12450, 4
12451, 4
12452, 3
12453, 4
12454, 2
12455, 9
12456, 4
12457, 2
12458, 3
12459, 5
12460, 2
12461, 4
12462, 11
12463, 5
12464, 4
12465, 2
12466, 2
12467, 9
12468, 4
12469, 6
12470, 6
12472, 4
12473, 3
12474, 5
12475, 2
12476, 3
12477, 7
12478, 1
12479, 4
12480, 1
12481, 1
12482, 5
12483, 2
12484, 4
12485, 2
12486, 2
12487, 2
12488, 2
12489, 3
12490, 4
12491, 2
12492, 3
12493, 2
12494, 4
12495, 2
12496, 1
12497, 2
12498, 2
12500, 3
12501, 1
12502, 3
12503, 1
12504, 2
12506, 1
12507, 4
12508, 3
12509, 2
12511, 3
12512, 1
12514, 1
12515, 3
12516, 4
12517, 1
12518, 3
12519, 4
12520, 2
12521, 1
12522, 5
12523, 3
12524, 4
12525, 2
12526, 5
12527, 2
12528, 2
12529, 3
12530, 2
12531, 3
12532, 2
12533, 6
12534, 2
12535, 2
12536, 6
12537, 5
12538, 4
12539, 2
12540, 7
12541, 5
12542, 1
12543, 3
12544, 5
12545, 2
12546, 4
12547, 7
12548, 9
12549, 5
12550, 3
12551, 1
12552, 6
12553, 7
12554, 3
12555, 8
12556, 2
12557, 3
12558, 3
12559, 4
12560, 2
12561, 2
12562, 5
12563, 7
12564, 3
12565, 1
12567, 4
12568, 3
12569, 4
12570, 2
12571, 3
12572, 1
12573, 3
12575, 6
12576, 2
12577, 3
12578, 3
12579, 3
12580, 1
12581, 3
12582, 1
12584, 3
12585, 1
12586, 2
12587, 2
12588, 2
12589, 2
12590, 1
12592, 3
12593, 4
12594, 2
12595, 1
12596, 1
12597, 3
12599, 1
12600, 1
12601, 3
12602, 3
12603, 4
12604, 3
12605, 2
12606, 1
12607, 3
12608, 2
12609, 5
12610, 4
12611, 4
12612, 2
12613, 3
12614, 2
12615, 3
12616, 4
12617, 2
12618, 3
12619, 3
12620, 3
12621, 3
12622, 6
12623, 4
12624, 2
12625, 4
12626, 10
12627, 1
12628, 2
12629, 5
12630, 3
12631, 3
12632, 4
12633, 9
12634, 6
12635, 6
12636, 1
12637, 3
12638, 9
12639, 4
12640, 4
12641, 6
12642, 1
12643, 5
12644, 3
12645, 2
12646, 3
12647, 5
12648, 5
12649, 3
12650, 4
12652, 1
12653, 4
12654, 3
12655, 5
12656, 1
12657, 3
12658, 1
12659, 2
12660, 3
12661, 4
12662, 2
12663, 2
12664, 4
12665, 1
12666, 2
12667, 4
12668, 1
12669, 2
12670, 1
12672, 3
12673, 3
12674, 1
12675, 1
12676, 1
12677, 2
12678, 3
12679, 2
12680, 3
12682, 3
12683, 1
12685, 2
12686, 1
12687, 5
12688, 2
12689, 5
12691, 4
12693, 3
12694, 4
12695, 5
12696, 3
12697, 3
12698, 3
12699, 2
12700, 3
12701, 3
12702, 3
12703, 2
12704, 4
12705, 5
12706, 3
12707, 5
12708, 3
12709, 3
12710, 4
12711, 4
12712, 7
12713, 2
12714, 4
12715, 3
12716, 4
12717, 2
12718, 6
12719, 9
12720, 3
12721, 6
12722, 1
12723, 7
12724, 7
12725, 4
12726, 5
12727, 3
12728, 4
12729, 2
12730, 4
12731, 3
12732, 2
12733, 5
12734, 5
12735, 4
12736, 1
12738, 3
12739, 3
12740, 6
12741, 1
12742, 2
12743, 1
12744, 4
12745, 1
12746, 3
12747, 3
12748, 3
12749, 3
12750, 4
12751, 2
12752, 3
12754, 2
12755, 2
12756, 1
12757, 2
12758, 2
12759, 1
12760, 2
12761, 1
12762, 1
12763, 3
12764, 3
12765, 2
12766, 1
12768, 4
12770, 1
12771, 2
12772, 1
12773, 5
12774, 3
12775, 3
12776, 1
12777, 2
12778, 1
12779, 5
12780, 6
12781, 2
12782, 4
12783, 3
12784, 1
12785, 4
12786, 2
12787, 4
12788, 1
12789, 5
12790, 3
12791, 3
12792, 6
12793, 2
12794, 5
12795, 3
12796, 3
12797, 10
12798, 1
12799, 2
12800, 5
12801, 3
12802, 3
12803, 4
12804, 10
12805, 5
12806, 4
12807, 2
12808, 2
12809, 8
12810, 6
12811, 7
12812, 4
12813, 1
12814, 3
12815, 5
12816, 1
12817, 3
12818, 5
12819, 6
12820, 3
12821, 3
12823, 3
12824, 2
12825, 3
12826, 3
12827, 3
12828, 3
12829, 1
12830, 2
12831, 3
12832, 4
12833, 2
12834, 3
12835, 4
12836, 1
12837, 4
12838, 1
12840, 3
12841, 1
12842, 2
12843, 2
12844, 2
12845, 1
12846, 1
12847, 1
12848, 2
12849, 4
12850, 2
12851, 2
12853, 3
12854, 1
12855, 1
12856, 1
12857, 1
12858, 5
12859, 2
12860, 4
12861, 2
12862, 2
12863, 1
12864, 4
12865, 3
12866, 5
12867, 3
12868, 4
12869, 1
12870, 4
12871, 2
12872, 3
12873, 2
12874, 2
12875, 4
12876, 5
12877, 3
12878, 5
12879, 4
12880, 3
12881, 4
12882, 4
12883, 7
12884, 1
12885, 5
12886, 5
12888, 5
12889, 6
12890, 10
12891, 5
12892, 2
12893, 1
12894, 7
12895, 6
12896, 3
12897, 9
12898, 1
12899, 3
12900, 2
12901, 5
12902, 3
12903, 2
12904, 6
12905, 4
12906, 4
12907, 1
12909, 4
12910, 4
12911, 1
12912, 4
12913, 2
12914, 2
12915, 1
12916, 3
12917, 5
12918, 2
12919, 2
12920, 3
12921, 4
12922, 1
12923, 4
12925, 2
12926, 1
12927, 1
12928, 2
12929, 3
12930, 1
12931, 2
12932, 1
12933, 1
12934, 1
12935, 5
12936, 2
12937, 1
12938, 1
12939, 3
12941, 1
12942, 1
12943, 4
12944, 2
12945, 3
12946, 4
12947, 3
12948, 1
12949, 2
12950, 4
12951, 3
12952, 3
12953, 5
12954, 3
12955, 2
12956, 2
12957, 4
12958, 1
12959, 4
12960, 4
12961, 4
12962, 2
12963, 5
12964, 5
12965, 3
12966, 1
12967, 6
12968, 8
12969, 2
12970, 2
12971, 5
12972, 2
12973, 3
12974, 4
12975, 10
12976, 6
12977, 5
12978, 1
12979, 4
12980, 8
12981, 4
12982, 5
12983, 6
12985, 5
12986, 4
12987, 3
12988, 3
12989, 1
12990, 8
12991, 4
12992, 2
12994, 3
12995, 4
12996, 2
12997, 3
12998, 2
12999, 1
13000, 3
13001, 2
13002, 2
13003, 5
13004, 2
13005, 4
13006, 2
13007, 2
13008, 2
13009, 3
13011, 3
13012, 1
13013, 1
13014, 2
13015, 3
13016, 1
13017, 1
13018, 1
13019, 2
13020, 3
13021, 3
13022, 2
13024, 3
13025, 1
13027, 2
13028, 1
13029, 5
13030, 2
13031, 3
13032, 3
13033, 2
13034, 1
13035, 5
13036, 3
13037, 3
13038, 4
13039, 4
13040, 2
13041, 2
13042, 4
13043, 3
13044, 2
13045, 1
13046, 7
13047, 2
13048, 2
13049, 5
13050, 6
13051, 2
13052, 4
13053, 7
13054, 4
13055, 2
13056, 4
13057, 4
13058, 1
13059, 5
13060, 8
13061, 5
13062, 6
13063, 4
13064, 2
13065, 8
13066, 4
13067, 3
13068, 8
13069, 2
13070, 4
13071, 2
13072, 5
13073, 3
13074, 1
13075, 8
13076, 2
13077, 4
13078, 1
13080, 3
13081, 5
13082, 3
13083, 2
13084, 2
13085, 3
13086, 1
13087, 3
13088, 4
13089, 2
13090, 1
13091, 5
13092, 3
13093, 2
13094, 3
13096, 3
13097, 1
13099, 3
13100, 2
13101, 1
13102, 2
13103, 1
13104, 1
13105, 2
13106, 4
13107, 2
13108, 1
13109, 1
13110, 2
13111, 1
13112, 2
13113, 1
13114, 5
13115, 1
13116, 5
13117, 2
13118, 1
13119, 2
13120, 4
13121, 3
13122, 1
13123, 5
13124, 4
13125, 3
13126, 2
13127, 1
13128, 5
13129, 3
13130, 2
13131, 6
13132, 1
13133, 3
13134, 5
13135, 4
13136, 3
13137, 5
13138, 5
13139, 7
13141, 3
13142, 5
13143, 3
13144, 3
13145, 8
13146, 6
13147, 8
13148, 2
13149, 1
13150, 4
13151, 9
13152, 3
13153, 6
13154, 5
13156, 4
13157, 5
13158, 3
13159, 2
13160, 4
13161, 5
13162, 5
13163, 2
13165, 3
13166, 3
13167, 4
13168, 3
13170, 3
13171, 3
13172, 1
13173, 3
13174, 5
13175, 1
13176, 3
13177, 3
13178, 2
13179, 2
13180, 3
13181, 1
13182, 2
13183, 1
13184, 1
13185, 2
13186, 3
13187, 1
13188, 2
13189, 1
13190, 1
13191, 1
13192, 6
13193, 1
13195, 3
13196, 1
13197, 1
13199, 3
13200, 4
13201, 3
13202, 4
13203, 1
13204, 2
13205, 2
13206, 4
13207, 5
13208, 2
13209, 4
13210, 3
13211, 1
13212, 3
13213, 4
13214, 3
13215, 1
13216, 2
13217, 7
13218, 1
13219, 2
13220, 7
13221, 5
13222, 3
13223, 2
13224, 8
13225, 4
13226, 2
13227, 4
13228, 5
13229, 1
13230, 5
13231, 9
13232, 6
13233, 4
13234, 2
13235, 3
13236, 6
13237, 7
13238, 3
13239, 7
13240, 2
13241, 4
13242, 4
13243, 2
13244, 2
13245, 4
13246, 7
13247, 4
13248, 3
13250, 1
13251, 4
13252, 3
13253, 3
13254, 2
13255, 3
13256, 2
13257, 1
13258, 3
13259, 4
13260, 3
13261, 2
13262, 3
13263, 2
13264, 4
13265, 1
13266, 1
13267, 3
13269, 2
13270, 1
13271, 3
13272, 1
13273, 1
13274, 2
13275, 1
13276, 3
13277, 3
13278, 3
13280, 1
13281, 2
13282, 1
13283, 1
13284, 2
13285, 4
13286, 1
13287, 4
13288, 3
13289, 1
13290, 3
13291, 3
13292, 4
13293, 5
13294, 2
13295, 3
13296, 3
13297, 2
13298, 4
13299, 2
13300, 3
13301, 2
13302, 3
13303, 5
13304, 2
13305, 6
13306, 3
13307, 4
13308, 3
13309, 4
13310, 9
13311, 1
13312, 2
13313, 5
13314, 3
13315, 2
13316, 9
13317, 4
13318, 7
13319, 6
13320, 1
13321, 3
13322, 8
13323, 3
13324, 9
13325, 2
13326, 2
13327, 4
13328, 4
13329, 3
13330, 3
13331, 4
13332, 5
13333, 4
13334, 2
13336, 4
13337, 2
13338, 3
13339, 4
13340, 1
13341, 2
13342, 2
13343, 3
13344, 3
13345, 3
13346, 3
13347, 4
13348, 1
13349, 3
13350, 3
13351, 1
13352, 2
13353, 1
13354, 1
13355, 2
13356, 2
13357, 2
13358, 2
13359, 1
13361, 2
13362, 3
13363, 3
13364, 2
13365, 1
13366, 2
13367, 1
13368, 1
13370, 5
13371, 1
13372, 4
13373, 3
13374, 2
13375, 2
13376, 2
13377, 4
13378, 3
13379, 4
13380, 2
13381, 4
13382, 3
13383, 2
13384, 4
13385, 3
13386, 3
13387, 1
13388, 5
13389, 2
13390, 4
13391, 5
13392, 4
13393, 3
13394, 4
13395, 9
13396, 2
13397, 2
13398, 3
13399, 5
13400, 2
13401, 3
13402, 11
13403, 5
13404, 5
13405, 3
13406, 2
13407, 9
13408, 3
13409, 5
13410, 7
13411, 1
13412, 4
13413, 1
13414, 7
13416, 5
13417, 6
13418, 1
13419, 6
13421, 1
13422, 4
13423, 3
13424, 3
13425, 2
13426, 2
13427, 3
13428, 2
13429, 1
13430, 6
13431, 1
13432, 2
13433, 5
13434, 2
13435, 1
13436, 4
13438, 3
13439, 1
13441, 2
13442, 3
13443, 1
13444, 3
13447, 4
13448, 3
13449, 3
13451, 2
13452, 2
13454, 2
13455, 1
13456, 4
13457, 3
13458, 3
13459, 2
13460, 2
13461, 2
13462, 1
13463, 5
13464, 6
13465, 1
13466, 5
13467, 3
13468, 1
13469, 4
13470, 3
13471, 2
13472, 2
13473, 5
13474, 3
13475, 3
13476, 4
13477, 5
13478, 3
13479, 5
13480, 5
13481, 5
13482, 1
13483, 3
13484, 6
13485, 2
13486, 3
13487, 9
13488, 5
13489, 8
13490, 3
13492, 5
13493, 7
13494, 4
13495, 9
13496, 2
13497, 1
13498, 4
13499, 4
13500, 2
13501, 3
13502, 5
13503, 4
13504, 7
13507, 3
13508, 3
13509, 3
13510, 4
13511, 2
13512, 1
13513, 2
13514, 3
13515, 5
13516, 1
13517, 1
13518, 6
13520, 3
13521, 3
13522, 2
13523, 3
13525, 1
13526, 2
13527, 2
13528, 2
13529, 1
13530, 2
13531, 1
13532, 1
13533, 3
13534, 4
13535, 1
13536, 1
13537, 2
13538, 1
13540, 1
13541, 3
13542, 4
13543, 2
13544, 4
13545, 2
13546, 2
13547, 1
13548, 5
13549, 5
13550, 2
13551, 4
13552, 4
13553, 1
13554, 3
13555, 2
13556, 5
13557, 2
13558, 1
13559, 7
13560, 2
13561, 3
13562, 5
13563, 3
13564, 4
13565, 1
13566, 7
13567, 6
13568, 2
13569, 4
13570, 3
13571, 4
13572, 4
13573, 9
13574, 6
13575, 6
13576, 2
13577, 2
13578, 7
13579, 6
13580, 4
13581, 6
13582, 2
13583, 3
13584, 2
13585, 4
13586, 4
13587, 2
13588, 7
13589, 4
13590, 3
13593, 5
13594, 3
13595, 2
13596, 3
13597, 2
13598, 3
13599, 2
13600, 3
13601, 4
13602, 2
13603, 2
13604, 3
13605, 3
13606, 2
13607, 3
13608, 1
13609, 2
13610, 1
13611, 1
13612, 2
13613, 3
13615, 3
13617, 2
13618, 3
13619, 3
13620, 2
13622, 2
13623, 2
13625, 1
13626, 1
13627, 4
13628, 3
13629, 4
13630, 3
13631, 1
13632, 2
13633, 3
13634, 4
13635, 5
13636, 1
13637, 5
13638, 2
13639, 1
13640, 5
13641, 2
13642, 3
13643, 3
13644, 4
13645, 3
13646, 3
13647, 4
13648, 5
13649, 4
13650, 3
13651, 5
13652, 7
13653, 2
13654, 2
13655, 6
13656, 1
13657, 3
13658, 9
13659, 7
13660, 5
13661, 4
13662, 1
13663, 6
13664, 6
13665, 5
13666, 8
13667, 1
13668, 3
13669, 3
13670, 3
13671, 3
13672, 3
13673, 3
13674, 6
13675, 5
13676, 1
13678, 2
13679, 5
13680, 2
13681, 3
13682, 3
13683, 3
13684, 1
13685, 2
13686, 3
13687, 4
13688, 1
13689, 3
13690, 2
13691, 3
13692, 4
13693, 1
13695, 3
13696, 1
13697, 1
13698, 2
13699, 3
13700, 1
13701, 2
13703, 2
13704, 3
13705, 4
13706, 1
13707, 1
13708, 2
13709, 1
13710, 1
13712, 4
13713, 3
13714, 2
13715, 5
13716, 2
13718, 2
13719, 5
13720, 5
13721, 2
13722, 4
13723, 4
13724, 1
13725, 3
13726, 3
13727, 3
13728, 3
13729, 2
13730, 6
13731, 1
13732, 4
13733, 3
13734, 7
13735, 1
13736, 4
13737, 9
13738, 3
13739, 1
13740, 5
13741, 4
13742, 1
13743, 5
13744, 8
13745, 8
13746, 5
13747, 1
13748, 3
13749, 8
13750, 3
13751, 7
13752, 5
13753, 1
13754, 4
13755, 5
13756, 1
13757, 4
13758, 3
13759, 5
13760, 5
13761, 2
13762, 1
13763, 1
13764, 4
13765, 4
13766, 3
13767, 1
13768, 3
13769, 3
13770, 1
13771, 2
13772, 4
13773, 4
13774, 2
13775, 3
13776, 2
13777, 2
13778, 3
13780, 3
13781, 1
13782, 1
13783, 2
13784, 3
13786, 2
13787, 1
13788, 1
13789, 2
13790, 5
13791, 2
13793, 2
13794, 2
13795, 1
13797, 2
13798, 4
13799, 2
13800, 4
13801, 2
13802, 2
13803, 2
13804, 3
13805, 4
13806, 3
13807, 3
13808, 5
13809, 2
13810, 2
13811, 4
13812, 2
13813, 4
13814, 2
13815, 4
13816, 3
13817, 3
13818, 5
13819, 4
13820, 3
13821, 4
13822, 6
13823, 6
13824, 1
13825, 2
13826, 8
13828, 2
13829, 9
13830, 8
13831, 6
13832, 3
13834, 7
13835, 7
13836, 4
13837, 7
13838, 2
13839, 2
13840, 5
13841, 2
13842, 3
13843, 3
13844, 4
13845, 7
13846, 3
13847, 1
13848, 1
13849, 3
13850, 3
13851, 4
13852, 1
13853, 2
13854, 2
13855, 2
13856, 3
13857, 5
13858, 2
13859, 2
13860, 3
13861, 3
13862, 2
13863, 4
13865, 3
13866, 1
13868, 1
13869, 4
13870, 1
13871, 1
13872, 2
13874, 3
13875, 3
13876, 3
13877, 1
13878, 1
13879, 3
13881, 1
13882, 1
13883, 3
13884, 4
13885, 1
13886, 5
13887, 1
13888, 2
13889, 4
13890, 4
13891, 2
13892, 4
13893, 4
13894, 3
13895, 1
13896, 3
13897, 3
13898, 2
13899, 3
13900, 2
13901, 6
13902, 3
13903, 5
13904, 3
13905, 6
13906, 1
13907, 3
13908, 11
13910, 3
13911, 5
13912, 2
13913, 2
13914, 4
13915, 11
13916, 7
13917, 3
13918, 3
13919, 2
13920, 8
13921, 3
13922, 6
13923, 7
13925, 4
13926, 4
13927, 2
13928, 4
13929, 3
13930, 6
13931, 1
13932, 6
13934, 1
13935, 4
13936, 4
13937, 3
13938, 1
13939, 4
13940, 1
13941, 3
13942, 2
13943, 4
13944, 2
13945, 2
13946, 4
13947, 3
13948, 2
13949, 2
13950, 1
13951, 2
13953, 2
13954, 2
13955, 3
13956, 1
13957, 1
13958, 1
13959, 1
13960, 3
13961, 4
13962, 2
13964, 3
13965, 1
13967, 1
13968, 2
13969, 3
13970, 4
13971, 3
13972, 3
13973, 1
13974, 2
13975, 3
13976, 3
13977, 5
13978, 4
13979, 3
13980, 2
13981, 2
13982, 4
13983, 2
13984, 3
13985, 1
13986, 6
13987, 3
13988, 4
13989, 5
13990, 1
13991, 6
13992, 3
13993, 5
13994, 7
13995, 2
13996, 2
13997, 5
13998, 2
13999, 3
14000, 9
14001, 9
14002, 3
14003, 4
14004, 1
14005, 9
14006, 5
14007, 1
14008, 8
14009, 3
14010, 2
14011, 3
14012, 4
14013, 3
14014, 2
14015, 4
14016, 6
14017, 6
14020, 4
14021, 3
14022, 3
14023, 3
14024, 2
14025, 3
14026, 1
14027, 2
14028, 4
14029, 2
14030, 2
14031, 5
14032, 2
14033, 3
14034, 2
14035, 1
14036, 1
14037, 3
14039, 2
14040, 3
14041, 1
14042, 2
14043, 1
14044, 1
14045, 2
14046, 3
14047, 4
14049, 2
14050, 2
14052, 1
14053, 1
14054, 3
14055, 3
14056, 3
14057, 4
14058, 2
14059, 2
14060, 1
14061, 5
14062, 5
14063, 1
14064, 5
14065, 2
14066, 3
14067, 2
14068, 3
14069, 3
14070, 2
14071, 3
14072, 5
14073, 3
14074, 4
14075, 5
14076, 3
14077, 3
14078, 4
14079, 9
14080, 1
14081, 3
14082, 4
14083, 4
14084, 1
14085, 6
14086, 10
14087, 5
14088, 6
14090, 5
14091, 5
14092, 7
14093, 4
14094, 5
14095, 1
14096, 3
14097, 6
14098, 3
14099, 2
14100, 3
14101, 6
14102, 3
14103, 4
14105, 1
14106, 5
14107, 3
14108, 3
14109, 1
14110, 2
14111, 3
14112, 2
14113, 2
14114, 6
14116, 2
14117, 4
14118, 3
14119, 3
14120, 2
14122, 3
14123, 1
14124, 1
14125, 1
14126, 4
14127, 1
14128, 2
14130, 1
14131, 4
14132, 3
14133, 2
14135, 3
14136, 1
14137, 1
14139, 3
14140, 4
14141, 1
14142, 4
14143, 3
14144, 2
14145, 1
14146, 3
14147, 5
14148, 4
14149, 5
14150, 2
14151, 1
14152, 3
14153, 3
14154, 2
14155, 4
14156, 1
14157, 6
14158, 3
14159, 1
14160, 6
14161, 6
14162, 1
14163, 4
14164, 7
14165, 5
14166, 2
14167, 3
14168, 5
14169, 1
14170, 3
14171, 11
14172, 5
14173, 4
14174, 4
14175, 2
14176, 6
14177, 7
14178, 3
14179, 7
14180, 3
14181, 1
14182, 3
14183, 7
14184, 1
14185, 4
14186, 5
14187, 3
14188, 6
14190, 1
14191, 2
14192, 4
14193, 3
14194, 3
14195, 1
14196, 3
14197, 1
14198, 4
14199, 1
14200, 5
14201, 3
14202, 2
14203, 4
14204, 1
14205, 3
14206, 1
14207, 2
14208, 2
14210, 2
14211, 4
14213, 1
14214, 2
14215, 1
14216, 2
14217, 3
14218, 3
14219, 1
14220, 1
14221, 3
14223, 1
14224, 2
14225, 4
14226, 2
14227, 2
14228, 4
14229, 1
14230, 2
14231, 2
14232, 5
14233, 5
14234, 3
14235, 3
14236, 3
14237, 2
14238, 3
14239, 3
14240, 2
14241, 2
14242, 4
14243, 4
14244, 3
14245, 4
14246, 6
14247, 4
14248, 2
14249, 2
14250, 9
14251, 2
14252, 3
14253, 5
14254, 3
14255, 2
14256, 7
14257, 6
14258, 7
14259, 4
14260, 2
14261, 4
14262, 6
14263, 6
14264, 7
14265, 3
14266, 1
14267, 4
14268, 5
14269, 2
14270, 2
14271, 3
14272, 7
14273, 5
14274, 2
14276, 1
14277, 6
14278, 1
14279, 5
14280, 1
14281, 2
14282, 2
14283, 3
14284, 2
14285, 4
14286, 2
14287, 3
14288, 2
14289, 4
14290, 1
14291, 3
14292, 2
14293, 1
14294, 1
14295, 1
14296, 1
14297, 4
14298, 1
14299, 2
14301, 1
14302, 4
14303, 3
14304, 2
14306, 3
14307, 1
14308, 1
14310, 2
14311, 5
14312, 2
14313, 5
14314, 1
14315, 2
14316, 1
14317, 4
14318, 5
14319, 3
14320, 2
14321, 4
14322, 4
14323, 1
14324, 4
14325, 1
14326, 4
14327, 3
14328, 6
14329, 2
14330, 4
14331, 1
14332, 5
14333, 5
14334, 3
14335, 7
14336, 4
14337, 2
14338, 3
14339, 5
14340, 2
14341, 5
14342, 4
14343, 11
14344, 2
14345, 5
14346, 2
14347, 6
14348, 5
14349, 9
14350, 4
14351, 1
14352, 3
14353, 2
14354, 5
14355, 3
14356, 2
14357, 7
14358, 3
14359, 5
14361, 1
14362, 2
14363, 5
14364, 1
14365, 3
14366, 4
14367, 2
14368, 1
14369, 2
14370, 3
14371, 3
14372, 4
14373, 3
14374, 2
14375, 1
14376, 4
14377, 1
14378, 1
14379, 3
14381, 2
14382, 3
14383, 1
14384, 2
14385, 1
14387, 4
14388, 2
14389, 4
14391, 2
14392, 1
14393, 1
14394, 1
14395, 2
14396, 4
14397, 1
14398, 6
14399, 1
14400, 3
14401, 1
14403, 6
14404, 3
14405, 4
14406, 5
14407, 2
14408, 2
14409, 3
14410, 2
14411, 3
14412, 3
14413, 2
14414, 7
14415, 1
14416, 5
14417, 4
14418, 3
14419, 4
14420, 3
14421, 8
14422, 2
14423, 3
14424, 5
14425, 3
14426, 3
14427, 7
14428, 6
14429, 8
14430, 3
14431, 1
14432, 4
14433, 8
14434, 4
14435, 7
14436, 3
14437, 2
14438, 4
14439, 4
14440, 2
14441, 3
14442, 4
14443, 6
14444, 4
14445, 2
14448, 6
14449, 4
14450, 2
14451, 3
14452, 1
14453, 3
14454, 1
14455, 3
14456, 4
14457, 2
14458, 3
14459, 3
14460, 2
14461, 3
14462, 2
14463, 2
14464, 1
14465, 1
14466, 1
14467, 4
14468, 1
14469, 1
14470, 2
14472, 2
14473, 2
14474, 4
14475, 2
14476, 1
14477, 2
14478, 1
14480, 2
14481, 2
14482, 4
14483, 3
14484, 4
14486, 4
14488, 3
14489, 7
14490, 2
14491, 4
14492, 2
14493, 2
14494, 4
14495, 1
14496, 5
14497, 2
14498, 3
14499, 4
14500, 3
14501, 5
14502, 2
14503, 4
14504, 5
14505, 2
14506, 6
14507, 7
14508, 1
14509, 4
14510, 5
14511, 2
14512, 2
14513, 9
14514, 7
14515, 7
14516, 1
14517, 1
14518, 6
14519, 8
14520, 5
14521, 5
14522, 2
14523, 4
14524, 3
14525, 4
14526, 1
14527, 3
14528, 6
14529, 5
14530, 4
14532, 1
14533, 2
14534, 6
14535, 3
14536, 1
14537, 3
14538, 2
14539, 2
14540, 1
14541, 6
14542, 1
14543, 3
14544, 4
14545, 2
14546, 1
14547, 4
14549, 3
14550, 1
14552, 2
14553, 3
14554, 2
14556, 2
14557, 1
14558, 1
14559, 4
14560, 4
14562, 1
14563, 3
14565, 2
14566, 1
14567, 4
14568, 2
14569, 3
14570, 4
14571, 1
14572, 2
14573, 2
14574, 5
14575, 4
14576, 1
14577, 6
14578, 2
14579, 1
14580, 3
14581, 4
14582, 3
14583, 2
14584, 5
14585, 2
14586, 4
14587, 4
14588, 4
14589, 5
14590, 4
14591, 1
14592, 8
14593, 2
14594, 2
14595, 8
14596, 1
14597, 2
14598, 7
14599, 8
14600, 5
14601, 5
14602, 2
14603, 1
14604, 9
14605, 5
14606, 8
14607, 2
14608, 2
14609, 3
14610, 3
14611, 5
14612, 3
14613, 3
14614, 6
14615, 5
14616, 1
14618, 2
14619, 3
14620, 4
14621, 2
14622, 2
14623, 4
14624, 1
14625, 2
14626, 3
14627, 4
14628, 3
14629, 2
14630, 4
14631, 2
14632, 2
14633, 2
14634, 3
14636, 1
14637, 1
14638, 2
14639, 3
14640, 2
14641, 1
14643, 2
14644, 4
14645, 4
14647, 1
14648, 1
14649, 2
14650, 1
14652, 3
14653, 4
14654, 2
14655, 5
14657, 2
14658, 3
14659, 4
14660, 2
14661, 5
14662, 3
14663, 4
14664, 2
14665, 2
14666, 3
14667, 3
14668, 2
14669, 3
14670, 5
14671, 4
14672, 4
14673, 2
14674, 6
14675, 2
14676, 4
14677, 8
14678, 3
14679, 2
14680, 3
14681, 4
14682, 2
14683, 5
14684, 7
14685, 9
14686, 6
14687, 1
14688, 3
14689, 4
14690, 7
14691, 4
14692, 7
14693, 2
14694, 3
14695, 4
14696, 3
14697, 2
14698, 4
14699, 5
14700, 3
14701, 6
14703, 1
14704, 3
14705, 4
14706, 3
14707, 2
14708, 2
14709, 3
14710, 1
14711, 2
14712, 4
14713, 2
14714, 3
14715, 4
14716, 2
14717, 4
14718, 2
14720, 2
14721, 1
14722, 1
14723, 3
14724, 2
14725, 1
14726, 3
14728, 1
14729, 2
14730, 3
14731, 4
14733, 1
14734, 3
14736, 1
14737, 1
14738, 4
14739, 3
14740, 2
14741, 5
14742, 2
14743, 1
14744, 3
14745, 5
14746, 4
14747, 2
14748, 5
14749, 1
14750, 2
14751, 4
14752, 1
14753, 4
14754, 2
14755, 5
14756, 3
14757, 3
14758, 5
14759, 2
14760, 5
14761, 5
14762, 3
14763, 7
14764, 2
14765, 2
14766, 5
14767, 3
14768, 4
14769, 8
14770, 8
14771, 3
14772, 2
14773, 3
14774, 3
14775, 9
14776, 6
14777, 4
14778, 5
14779, 1
14780, 3
14781, 5
14782, 1
14783, 5
14784, 3
14785, 6
14786, 5
14787, 1
14789, 2
14790, 4
14791, 2
14792, 4
14793, 3
14794, 2
14795, 1
14796, 3
14797, 3
14798, 3
14799, 4
14800, 2
14801, 3
14802, 1
14803, 4
14804, 1
14806, 3
14807, 1
14808, 1
14809, 3
14810, 2
14811, 2
14813, 1
14814, 2
14815, 5
14816, 1
14817, 2
14818, 1
14819, 2
14820, 1
14821, 1
14823, 4
14824, 2
14825, 3
14826, 5
14827, 1
14828, 2
14829, 1
14830, 5
14831, 3
14832, 4
14833, 4
14834, 2
14835, 3
14836, 4
14837, 2
14838, 3
14839, 1
14840, 4
14841, 5
14842, 1
14843, 5
14844, 4
14845, 4
14846, 3
14847, 3
14848, 10
14849, 3
14850, 2
14851, 5
14852, 2
14853, 1
14854, 7
14855, 8
14856, 7
14857, 3
14858, 4
14860, 11
14861, 1
14862, 7
14863, 6
14864, 1
14865, 4
14866, 2
14867, 4
14868, 3
14869, 3
14870, 7
14871, 4
14872, 2
14873, 1
14875, 5
14876, 4
14877, 2
14878, 2
14879, 3
14880, 2
14881, 1
14882, 3
14883, 5
14884, 1
14885, 2
14886, 5
14887, 1
14888, 2
14889, 3
14890, 1
14891, 3
14892, 1
14893, 1
14894, 1
14895, 4
14896, 1
14897, 1
14898, 1
14900, 3
14901, 4
14902, 3
14904, 3
14906, 1
14907, 1
14908, 1
14909, 5
14910, 3
14911, 3
14912, 2
14913, 3
14914, 1
14915, 3
14916, 4
14917, 4
14918, 2
14919, 4
14920, 3
14921, 3
14922, 2
14923, 4
14924, 2
14925, 1
14926, 4
14927, 5
14928, 2
14929, 5
14930, 4
14931, 4
14932, 2
14933, 5
14934, 9
14935, 1
14936, 2
14937, 6
14938, 2
14939, 3
14940, 8
14941, 7
14942, 6
14943, 4
14944, 1
14945, 6
14946, 5
14947, 5
14948, 4
14949, 5
14950, 3
14951, 2
14952, 5
14953, 2
14954, 4
14955, 5
14956, 4
14957, 5
14958, 1
14960, 3
14961, 4
14962, 2
14963, 4
14964, 1
14965, 3
14966, 2
14967, 2
14968, 2
14969, 4
14970, 3
14971, 4
14972, 2
14973, 1
14974, 3
14975, 2
14977, 4
14979, 1
14980, 4
14981, 1
14982, 1
14983, 2
14985, 1
14986, 5
14987, 2
14988, 2
14990, 3
14991, 1
14992, 1
14994, 4
14995, 3
14996, 3
14997, 4
14998, 1
14999, 2
15000, 2
15001, 4
15002, 3
15003, 4
15004, 4
15005, 3
15006, 3
15007, 2
15008, 3
15009, 1
15010, 4
15011, 4
15012, 2
15013, 5
15014, 5
15015, 2
15016, 5
15017, 3
15018, 2
15019, 6
15020, 6
15021, 2
15022, 3
15023, 5
15024, 3
15025, 3
15026, 8
15027, 7
15028, 7
15029, 1
15030, 2
15031, 7
15032, 4
15033, 9
15034, 3
15035, 2
15036, 3
15037, 5
15038, 4
15040, 5
15041, 5
15042, 6
15043, 2
15045, 1
15046, 3
15047, 4
15048, 3
15049, 2
15050, 3
15051, 2
15052, 3
15054, 5
15055, 2
15056, 3
15057, 3
15058, 3
15059, 2
15060, 3
15061, 1
15062, 2
15063, 1
15064, 1
15065, 1
15066, 4
15068, 2
15069, 1
15070, 1
15071, 1
15072, 5
15073, 3
15075, 2
15076, 2
15078, 1
15079, 1
15080, 6
15081, 3
15082, 2
15083, 3
15084, 1
15085, 2
15086, 2
15087, 5
15088, 4
15089, 2
15090, 6
15092, 3
15093, 3
15094, 3
15095, 2
15096, 3
15097, 5
15098, 3
15099, 3
15100, 5
15101, 3
15102, 5
15103, 4
15104, 4
15105, 7
15106, 1
15107, 2
15108, 6
15109, 2
15110, 2
15111, 7
15112, 7
15113, 7
15114, 4
15115, 2
15116, 4
15117, 7
15118, 5
15119, 7
15120, 3
15121, 2
15122, 3
15123, 4
15124, 3
15125, 2
15126, 4
15127, 6
15128, 4
15129, 2
15131, 3
15132, 5
15133, 1
15134, 3
15135, 2
15136, 3
15137, 2
15138, 2
15139, 4
15140, 2
15141, 4
15142, 1
15143, 4
15144, 2
15145, 3
15146, 1
15148, 3
15149, 1
15150, 1
15151, 4
15152, 1
15153, 2
15154, 1
15155, 1
15156, 1
15157, 4
15158, 2
15159, 2
15160, 1
15161, 2
15162, 1
15163, 1
15165, 2
15166, 5
15167, 2
15168, 5
15169, 2
15170, 1
15171, 2
15172, 4
15173, 4
15174, 3
15175, 5
15176, 2
15177, 2
15178, 3
15179, 3
15180, 1
15181, 4
15182, 4
15183, 5
15184, 2
15185, 4
15186, 4
15187, 5
15188, 2
15189, 4
15190, 6
15191, 5
15192, 1
15193, 4
15194, 5
15195, 3
15196, 3
15197, 9
15198, 7
15199, 3
15200, 3
15201, 2
15202, 10
15203, 3
15204, 6
15205, 5
15206, 1
15207, 4
15208, 4
15209, 2
15210, 3
15211, 5
15212, 4
15213, 3
15214, 5
15216, 1
15217, 4
15218, 3
15219, 4
15220, 1
15221, 2
15222, 3
15223, 2
15224, 1
15225, 7
15227, 3
15228, 4
15229, 2
15230, 3
15231, 2
15232, 1
15233, 2
15234, 1
15236, 2
15237, 4
15238, 1
15239, 1
15240, 1
15241, 1
15242, 2
15243, 5
15244, 2
15246, 2
15247, 1
15248, 2
15250, 2
15251, 5
15252, 2
15253, 3
15254, 3
15255, 2
15257, 4
15258, 4
15259, 5
15261, 6
15262, 1
15263, 4
15264, 2
15265, 2
15266, 5
15267, 1
15268, 6
15269, 2
15270, 4
15271, 4
15272, 4
15273, 3
15274, 5
15275, 5
15276, 6
15277, 2
15278, 2
15279, 6
15280, 1
15281, 3
15282, 8
15283, 9
15284, 2
15285, 6
15286, 1
15287, 7
15288, 6
15289, 5
15290, 6
15291, 2
15292, 2
15293, 5
15294, 3
15295, 3
15296, 1
15297, 5
15298, 5
15299, 5
15300, 1
15302, 4
15303, 2
15304, 4
15305, 2
15306, 4
15307, 1
15308, 2
15309, 2
15310, 2
15311, 4
15312, 3
15313, 2
15314, 4
15315, 2
15316, 4
15318, 1
15319, 2
15320, 1
15321, 2
15322, 3
15323, 1
15324, 1
15325, 2
15326, 1
15327, 2
15328, 3
15329, 3
15330, 1
15331, 2
15332, 1
15333, 1
15334, 1
15335, 1
15336, 4
15337, 2
15338, 4
15339, 3
15340, 2
15341, 1
15342, 3
15343, 2
15344, 5
15345, 3
15346, 6
15347, 1
15348, 2
15349, 4
15350, 3
15351, 2
15352, 2
15353, 4
15354, 5
15355, 2
15356, 5
15357, 4
15358, 3
15359, 3
15360, 3
15361, 9
15362, 2
15363, 2
15364, 6
15365, 3
15367, 7
15368, 7
15369, 9
15370, 4
15371, 1
15372, 2
15373, 9
15374, 3
15375, 10
15376, 3
15378, 3
15379, 4
15380, 5
15382, 4
15383, 7
15384, 5
15385, 2
15387, 2
15388, 4
15389, 2
15390, 2
15391, 4
15392, 1
15393, 2
15394, 4
15395, 2
15396, 4
15397, 2
15398, 2
15399, 3
15400, 3
15401, 3
15402, 2
15404, 3
15405, 1
15407, 4
15408, 2
15409, 1
15410, 1
15411, 1
15412, 2
15413, 4
15414, 1
15415, 3
15417, 3
15418, 1
15420, 1
15421, 3
15422, 3
15423, 2
15424, 4
15425, 3
15426, 1
15427, 2
15428, 1
15429, 6
15430, 5
15431, 2
15432, 5
15433, 1
15434, 3
15435, 4
15436, 1
15437, 4
15438, 2
15439, 4
15440, 4
15441, 2
15442, 6
15443, 3
15444, 4
15445, 1
15446, 8
15447, 6
15448, 1
15449, 4
15450, 4
15451, 2
15452, 5
15453, 4
15454, 8
15455, 8
15456, 3
15457, 1
15458, 4
15459, 8
15460, 5
15461, 7
15462, 1
15463, 4
15464, 5
15465, 3
15466, 2
15467, 2
15468, 6
15469, 3
15470, 5
15471, 1
15473, 5
15474, 2
15475, 1
15476, 4
15477, 3
15478, 2
15479, 2
15480, 2
15481, 4
15482, 2
15483, 3
15484, 3
15485, 3
15486, 2
15487, 3
15488, 1
15489, 2
15490, 1
15491, 1
15492, 2
15493, 3
15494, 1
15495, 1
15496, 2
15497, 1
15498, 2
15499, 3
15500, 3
15501, 1
15502, 1
15503, 2
15504, 1
15505, 1
15506, 1
15507, 5
15508, 2
15509, 2
15510, 4
15511, 1
15512, 3
15513, 1
15514, 7
15515, 3
15516, 1
15517, 5
15518, 3
15519, 2
15520, 2
15521, 3
15522, 3
15523, 3
15524, 5
15525, 1
15526, 5
15527, 4
15528, 3
15529, 6
15530, 1
15531, 6
15532, 5
15533, 4
15534, 2
15535, 5
15536, 3
15537, 1
15538, 7
15539, 8
15540, 6
15541, 5
15542, 1
15543, 3
15544, 9
15545, 4
15546, 7
15547, 3
15548, 2
15549, 3
15550, 5
15551, 3
15552, 1
15553, 4
15554, 6
15555, 6
15556, 1
15558, 2
15559, 3
15560, 4
15561, 3
15562, 1
15563, 3
15564, 2
15565, 2
15566, 1
15567, 6
15568, 2
15569, 3
15570, 2
15571, 3
15572, 2
15573, 3
15575, 3
15576, 1
15577, 1
15578, 1
15579, 4
15580, 2
15582, 1
15583, 2
15584, 3
15585, 2
15586, 3
15588, 3
15589, 1
15590, 1
15592, 3
15593, 3
15594, 3
15595, 3
15596, 3
15597, 2
15598, 1
15599, 5
15600, 3
15601, 4
15602, 2
15603, 4
15604, 3
15605, 1
15606, 2
15607, 4
15608, 3
15609, 3
15610, 6
15611, 2
15612, 4
15613, 5
15614, 3
15615, 3
15616, 3
15617, 10
15618, 2
15619, 1
15620, 5
15621, 5
15622, 2
15623, 2
15624, 8
15625, 9
15626, 2
15627, 5
15628, 2
15629, 7
15630, 4
15631, 6
15632, 6
15633, 2
15634, 2
15635, 5
15636, 3
15637, 2
15638, 4
15639, 2
15640, 8
15641, 4
15644, 3
15645, 4
15646, 4
15647, 2
15648, 2
15649, 2
15650, 2
15651, 2
15652, 4
15653, 3
15654, 2
15655, 4
15656, 2
15657, 1
15658, 5
15660, 3
15662, 2
15663, 1
15664, 3
15665, 1
15666, 3
15669, 3
15670, 2
15671, 4
15672, 1
15674, 4
15676, 1
15677, 2
15678, 4
15679, 2
15680, 2
15681, 4
15682, 2
15683, 2
15684, 1
15685, 6
15686, 2
15687, 3
15688, 4
15689, 4
15690, 2
15691, 3
15692, 3
15693, 3
15694, 1
15695, 6
15696, 3
15697, 2
15698, 6
15699, 2
15700, 3
15701, 4
15702, 5
15703, 9
15705, 3
15706, 6
15707, 2
15708, 2
15709, 4
15710, 11
15711, 5
15712, 5
15713, 1
15714, 4
15715, 7
15716, 5
15717, 7
15718, 4
15719, 2
15720, 2
15721, 3
15722, 3
15723, 3
15724, 4
15725, 7
15726, 4
15727, 2
15729, 2
15730, 4
15731, 4
15732, 3
15734, 3
15735, 3
15736, 2
15737, 1
15738, 4
15739, 2
15740, 4
15741, 3
15742, 1
15743, 3
15744, 3
15746, 3
15747, 1
15748, 1
15749, 3
15750, 2
15751, 2
15753, 1
15754, 3
15755, 3
15756, 1
15757, 3
15759, 3
15760, 1
15761, 1
15762, 1
15764, 6
15765, 2
15766, 5
15767, 1
15768, 3
15770, 2
15771, 6
15772, 4
15773, 3
15774, 4
15775, 1
15776, 3
15777, 3
15778, 2
15779, 4
15780, 3
15781, 5
15782, 1
15783, 4
15784, 4
15785, 4
15786, 4
15787, 3
15788, 9
15789, 3
15790, 2
15791, 5
15792, 3
15793, 3
15794, 2
15795, 10
15796, 7
15797, 3
15798, 4
15799, 1
15800, 8
15801, 4
15802, 8
15803, 4
15804, 2
15805, 4
15806, 1
15807, 5
15808, 3
15809, 3
15810, 7
15811, 2
15812, 4
15813, 1
15814, 1
15815, 3
15816, 4
15817, 3
15818, 2
15819, 3
15820, 1
15821, 1
15822, 4
15823, 4
15824, 2
15825, 2
15826, 4
15827, 3
15828, 2
15829, 2
15830, 1
15831, 3
15832, 1
15834, 3
15835, 1
15836, 3
15837, 2
15840, 3
15841, 5
15842, 2
15844, 1
15845, 3
15847, 1
15848, 1
15849, 6
15850, 1
15851, 2
15852, 4
15853, 2
15854, 1
15855, 1
15856, 7
15857, 4
15858, 2
15859, 4
15860, 3
15861, 2
15862, 3
15863, 2
15864, 5
15865, 1
15866, 3
15867, 4
15868, 3
15869, 5
15870, 5
15871, 4
15872, 2
15873, 7
15874, 5
15875, 2
15876, 2
15877, 5
15878, 3
15879, 3
15880, 6
15881, 10
15882, 4
15883, 4
15884, 1
15885, 4
15886, 8
15887, 2
15888, 8
15889, 5
15891, 4
15892, 5
15893, 3
15894, 2
15895, 5
15896, 5
15897, 4
15898, 2
15900, 3
15901, 2
15902, 4
15903, 4
15904, 1
15905, 2
15906, 2
15907, 3
15908, 2
15909, 5
15910, 1
15911, 3
15912, 2
15913, 4
15914, 3
15915, 1
15916, 2
15917, 1
15918, 1
15919, 1
15920, 3
15921, 2
15922, 2
15923, 1
15924, 1
15926, 3
15927, 5
15928, 1
15930, 3
15931, 1
15933, 1
15934, 1
15935, 6
15936, 2
15937, 3
15938, 3
15939, 2
15940, 1
15941, 6
15942, 3
15943, 3
15944, 4
15945, 2
15946, 3
15947, 3
15948, 3
15949, 2
15950, 2
15951, 4
15952, 2
15953, 5
15954, 4
15955, 3
15956, 4
15957, 5
15958, 2
15959, 9
15960, 3
15961, 2
15962, 2
15963, 7
15965, 5
15966, 7
15967, 9
15968, 4
15969, 3
15970, 2
15971, 6
15972, 6
15973, 5
15974, 8
15976, 3
15977, 1
15978, 6
15979, 3
15980, 3
15981, 6
15982, 6
15983, 1
15984, 1
15985, 1
15986, 2
15987, 6
15988, 1
15989, 3
15990, 2
15991, 2
15992, 2
15993, 3
15994, 2
15995, 5
15996, 2
15997, 3
15998, 3
15999, 2
16000, 2
16001, 1
16002, 3
16004, 1
16005, 2
16006, 1
16007, 3
16008, 3
16010, 2
16011, 2
16012, 2
16013, 3
16014, 1
16015, 2
16016, 1
16017, 1
16018, 1
16019, 1
16020, 4
16021, 3
16022, 4
16023, 3
16024, 1
16025, 2
16026, 2
16027, 6
16028, 1
16029, 5
16030, 3
16031, 2
16032, 3
16033, 3
16034, 3
16035, 2
16036, 3
16037, 4
16038, 3
16039, 2
16040, 6
16041, 4
16042, 5
16044, 5
16045, 9
16046, 2
16047, 1
16048, 7
16049, 2
16050, 2
16051, 6
16052, 9
16053, 6
16054, 4
16055, 2
16056, 5
16057, 6
16058, 4
16059, 7
16060, 4
16062, 4
16063, 6
16064, 2
16065, 2
16066, 6
16067, 4
16068, 5
16069, 1
16071, 2
16072, 5
16073, 2
16074, 3
16075, 3
16076, 2
16077, 2
16078, 1
16079, 4
16080, 4
16081, 3
16083, 4
16084, 2
16085, 3
16086, 2
16087, 1
16088, 2
16089, 1
16090, 1
16091, 2
16092, 3
16093, 1
16094, 2
16096, 2
16097, 3
16098, 3
16099, 2
16101, 3
16102, 1
16104, 1
16105, 4
16106, 4
16107, 1
16108, 3
16109, 3
16110, 3
16111, 1
16112, 3
16113, 4
16114, 4
16115, 5
16116, 1
16117, 3
16118, 2
16119, 3
16120, 3
16121, 3
16122, 2
16123, 5
16124, 4
16125, 2
16126, 3
16127, 5
16128, 4
16129, 4
16130, 7
16131, 4
16132, 3
16133, 3
16134, 5
16136, 5
16137, 9
16138, 7
16139, 5
16140, 2
16141, 1
16142, 10
16143, 3
16144, 5
16145, 7
16146, 1
16147, 3
16148, 3
16149, 4
16150, 3
16151, 3
16152, 6
16153, 6
16154, 2
16157, 4
16158, 4
16159, 3
16160, 2
16161, 2
16162, 3
16163, 2
16164, 1
16165, 4
16166, 3
16167, 3
16168, 2
16169, 4
16170, 2
16171, 2
16172, 1
16173, 1
16174, 2
16175, 2
16176, 2
16177, 1
16178, 2
16179, 2
16180, 1
16181, 1
16182, 3
16183, 4
16184, 2
16186, 2
16187, 2
16189, 1
16190, 1
16191, 4
16192, 2
16193, 4
16194, 3
16195, 2
16196, 1
16197, 5
16198, 2
16199, 6
16200, 2
16201, 5
16203, 2
16204, 2
16205, 4
16206, 4
16207, 2
16208, 2
16209, 6
16210, 3
16211, 5
16212, 3
16213, 5
16214, 3
16215, 2
16216, 10
16218, 4
16219, 4
16220, 3
16221, 5
16222, 3
16223, 10
16224, 6
16225, 3
16226, 1
16227, 4
16228, 8
16229, 4
16230, 8
16231, 3
16232, 3
16233, 2
16234, 5
16235, 2
16236, 2
16237, 5
16238, 5
16239, 6
16242, 3
16243, 3
16244, 4
16245, 2
16246, 3
16247, 1
16248, 3
16249, 1
16250, 5
16251, 3
16252, 2
16253, 3
16254, 2
16255, 3
16256, 2
16257, 2
16258, 2
16259, 1
16260, 1
16261, 1
16262, 3
16263, 2
16264, 1
16265, 1
16266, 1
16267, 1
16268, 4
16269, 4
16270, 1
16271, 1
16272, 2
16273, 1
16274, 1
16275, 1
16276, 4
16277, 3
16278, 1
16279, 5
16280, 1
16281, 2
16282, 2
16283, 3
16284, 4
16285, 4
16286, 6
16287, 1
16288, 2
16289, 3
16290, 2
16291, 3
16292, 3
16293, 2
16294, 5
16295, 4
16296, 5
16297, 3
16298, 2
16299, 5
16300, 2
16301, 8
16302, 4
16303, 3
16304, 4
16305, 4
16307, 4
16308, 9
16309, 7
16310, 6
16311, 2
16312, 2
16313, 9
16314, 4
16315, 4
16316, 7
16317, 2
16318, 2
16319, 4
16320, 3
16321, 4
16322, 2
16323, 7
16324, 4
16325, 2
16326, 1
16327, 1
16328, 4
16329, 2
16330, 4
16331, 2
16332, 3
16333, 2
16334, 1
16335, 3
16336, 5
16337, 2
16338, 1
16339, 4
16340, 3
16341, 3
16342, 2
16344, 3
16346, 1
16347, 2
16348, 4
16350, 3
16352, 1
16353, 2
16354, 4
16355, 3
16357, 2
16358, 2
16360, 1
16361, 1
16362, 5
16363, 3
16364, 5
16366, 2
16367, 2
16368, 3
16369, 4
16370, 4
16371, 4
16372, 3
16373, 3
16374, 1
16375, 3
16376, 2
16377, 3
16378, 4
16379, 4
16380, 4
16381, 2
16382, 5
16383, 5
16384, 2
16385, 3
16386, 4
16387, 8
16388, 2
16389, 3
16390, 6
16391, 1
16392, 3
16393, 8
16394, 8
16395, 6
16396, 3
16397, 1
16398, 2
16399, 10
16400, 3
16401, 7
16402, 4
16403, 1
16404, 4
16405, 4
16406, 4
16407, 2
16408, 4
16409, 5
16410, 5
16411, 1
16413, 2
16414, 5
16415, 3
16416, 3
16417, 2
16418, 1
16419, 2
16420, 3
16421, 3
16422, 4
16423, 1
16424, 4
16425, 2
16426, 3
16427, 2
16428, 2
16429, 2
16430, 1
16431, 1
16432, 2
16433, 2
16434, 2
16435, 1
16436, 2
16438, 2
16439, 3
16440, 4
16441, 1
16442, 1
16443, 3
16446, 1
16447, 4
16448, 4
16449, 2
16450, 4
16451, 1
16452, 2
16453, 1
16454, 4
16455, 6
16456, 2
16457, 5
16458, 2
16459, 3
16460, 3
16461, 2
16462, 2
16463, 3
16464, 2
16465, 5
16466, 4
16467, 5
16468, 3
16469, 4
16470, 2
16471, 4
16472, 10
16473, 1
16474, 3
16475, 3
16476, 5
16478, 6
16479, 9
16480, 6
16481, 6
16482, 2
16483, 1
16484, 8
16485, 4
16486, 5
16487, 7
16488, 1
16489, 4
16490, 5
16491, 1
16492, 4
16493, 1
16494, 7
16495, 6
16496, 2
16498, 2
16499, 3
16500, 4
16501, 3
16502, 1
16503, 2
16504, 3
16505, 2
16506, 3
16507, 4
16508, 1
16509, 3
16510, 3
16511, 3
16512, 2
16513, 3
16515, 3
16516, 1
16517, 2
16519, 4
16521, 3
16523, 2
16524, 3
16525, 2
16526, 3
16528, 3
16529, 1
16530, 1
16532, 1
16533, 5
16534, 2
16535, 6
16537, 1
16538, 2
16539, 6
16540, 3
16541, 2
16542, 4
16543, 4
16544, 3
16545, 1
16546, 4
16547, 2
16548, 2
16549, 3
16550, 4
16551, 4
16552, 2
16553, 6
16554, 5
16555, 3
16556, 3
16557, 5
16558, 7
16560, 4
16561, 4
16562, 3
16563, 6
16564, 6
16565, 8
16566, 5
16567, 2
16568, 2
16569, 4
16570, 8
16571, 2
16572, 10
16573, 2
16574, 3
16575, 2
16576, 4
16577, 5
16578, 1
16579, 4
16580, 5
16581, 5
16582, 1
16583, 1
16584, 2
16585, 4
16586, 3
16587, 3
16588, 2
16589, 2
16590, 2
16591, 2
16592, 3
16593, 4
16594, 2
16595, 4
16596, 1
16597, 3
16598, 4
16600, 2
16601, 2
16603, 2
16604, 2
16605, 2
16606, 1
16607, 2
16609, 1
16610, 4
16611, 5
16613, 1
16614, 2
16615, 1
16617, 2
16618, 4
16619, 2
16620, 5
16621, 2
16623, 4
16624, 1
16625, 4
16626, 6
16627, 2
16628, 5
16629, 2
16630, 1
16631, 4
16632, 3
16633, 2
16634, 2
16635, 5
16636, 4
16637, 2
16638, 4
16639, 4
16640, 4
16641, 3
16642, 4
16643, 8
16644, 2
16645, 2
16646, 5
16647, 4
16648, 1
16649, 4
16650, 12
16651, 5
16652, 5
16653, 2
16654, 3
16655, 8
16656, 4
16657, 4
16658, 6
16659, 2
16660, 3
16661, 3
16662, 3
16663, 3
16664, 4
16665, 7
16666, 5
16668, 1
16670, 6
16671, 4
16672, 2
16673, 1
16674, 4
16676, 3
16677, 1
16678, 6
16679, 1
16680, 3
16681, 3
16682, 3
16683, 3
16684, 2
16685, 1
16686, 2
16687, 1
16689, 3
16690, 3
16692, 2
16693, 1
16694, 2
16695, 1
16696, 4
16697, 3
16699, 2
16700, 2
16701, 1
16703, 1
16704, 5
16705, 2
16706, 4
16707, 3
16709, 3
16710, 2
16711, 5
16712, 5
16713, 3
16714, 4
16715, 2
16716, 2
16717, 2
16718, 4
16719, 1
16720, 3
16721, 6
16722, 2
16723, 4
16724, 4
16725, 5
16726, 3
16727, 3
16728, 5
16729, 7
16730, 2
16731, 3
16732, 5
16733, 1
16734, 4
16735, 9
16736, 7
16737, 3
16738, 4
16739, 2
16740, 7
16741, 7
16742, 2
16743, 8
16744, 2
16745, 2
16746, 4
16747, 5
16748, 2
16749, 1
16750, 5
16751, 5
16752, 4
16753, 2
16754, 1
16755, 4
16756, 3
16757, 2
16758, 3
16759, 2
16760, 2
16761, 1
16762, 4
16763, 3
16764, 3
16765, 2
16766, 3
16767, 3
16768, 2
16769, 2
16770, 2
16771, 3
16773, 1
16774, 3
16775, 3
16777, 1
16778, 2
16779, 1
16780, 2
16781, 3
16782, 4
16784, 1
16785, 2
16786, 1
16787, 1
16788, 1
16789, 4
16790, 2
16791, 4
16792, 3
16793, 1
16794, 3
16795, 1
16796, 6
16797, 4
16798, 2
16799, 3
16800, 3
16801, 3
16802, 2
16803, 4
16804, 2
16805, 3
16806, 2
16807, 4
16808, 3
16809, 6
16810, 4
16811, 5
16812, 1
16813, 4
16814, 9
16815, 2
16816, 2
16817, 5
16818, 3
16819, 3
16820, 5
16821, 9
16822, 5
16823, 3
16824, 4
16825, 1
16826, 6
16827, 8
16828, 3
16829, 8
16831, 4
16832, 5
16833, 3
16834, 1
16835, 4
16836, 7
16837, 4
16838, 1
16839, 1
16840, 1
16841, 4
16842, 3
16843, 4
16844, 1
16845, 3
16846, 2
16847, 2
16848, 4
16849, 3
16850, 1
16851, 5
16852, 1
16853, 4
16854, 1
16855, 3
16857, 3
16858, 1
16860, 3
16861, 3
16863, 2
16864, 1
16865, 1
16866, 5
16867, 3
16868, 1
16870, 3
16871, 1
16873, 1
16874, 2
16875, 5
16876, 1
16877, 5
16878, 2
16879, 1
16880, 2
16881, 3
16882, 5
16883, 4
16884, 4
16885, 3
16886, 2
16887, 2
16888, 4
16889, 1
16890, 3
16891, 3
16892, 6
16893, 3
16895, 6
16896, 5
16897, 3
16898, 3
16899, 9
16900, 3
16901, 1
16902, 5
16903, 3
16904, 3
16905, 5
16906, 8
16907, 7
16908, 4
16909, 3
16910, 2
16911, 6
16912, 6
16913, 2
16914, 9
16915, 2
16916, 3
16917, 2
16918, 5
16919, 4
16920, 2
16921, 5
16922, 5
16923, 4
16925, 1
16926, 4
16927, 2
16928, 3
16929, 3
16930, 2
16931, 2
16932, 3
16933, 2
16934, 3
16935, 3
16936, 2
16937, 4
16938, 3
16939, 2
16940, 2
16941, 1
16942, 3
16944, 1
16945, 3
16946, 1
16947, 2
16948, 2
16949, 1
16951, 3
16952, 4
16953, 3
16955, 1
16956, 3
16958, 1
16959, 1
16960, 4
16961, 4
16962, 2
16963, 3
16964, 2
16965, 1
16966, 3
16967, 4
16968, 6
16969, 1
16970, 4
16971, 3
16972, 1
16973, 3
16974, 3
16975, 4
16976, 1
16977, 5
16978, 3
16979, 3
16980, 6
16981, 4
16982, 4
16983, 1
16984, 6
16985, 7
16986, 2
16987, 2
16988, 3
16989, 5
16991, 7
16992, 9
16993, 5
16994, 6
16995, 2
16996, 4
16997, 6
16998, 4
16999, 8
17000, 3
17001, 3
17002, 2
17003, 4
17004, 3
17005, 3
17006, 2
17007, 8
17008, 4
17009, 2
17011, 1
17012, 5
17013, 3
17014, 2
17015, 2
17016, 2
17017, 3
17018, 2
17019, 4
17020, 4
17021, 1
17022, 3
17023, 2
17024, 3
17025, 2
17026, 3
17027, 1
17028, 2
17029, 1
17030, 2
17031, 2
17032, 2
17033, 1
17034, 2
17036, 2
17037, 4
17038, 2
17039, 2
17041, 3
17042, 1
17044, 1
17045, 3
17046, 4
17047, 2
17048, 5
17049, 1
17050, 3
17052, 4
17053, 4
17054, 4
17055, 3
17056, 3
17057, 3
17058, 2
17059, 4
17060, 1
17061, 3
17062, 4
17063, 5
17064, 2
17065, 2
17066, 7
17067, 2
17068, 4
17069, 3
17070, 9
17071, 3
17072, 2
17073, 4
17074, 4
17075, 2
17076, 3
17077, 10
17078, 8
17079, 4
17080, 1
17081, 3
17082, 7
17083, 3
17084, 6
17085, 8
17086, 1
17087, 3
17088, 4
17089, 3
17090, 4
17091, 2
17092, 5
17093, 3
17094, 6
17096, 1
17097, 3
17098, 3
17099, 5
17100, 1
17101, 3
17102, 1
17103, 2
17104, 3
17105, 3
17106, 2
17107, 4
17108, 2
17109, 4
17110, 1
17111, 4
17113, 2
17114, 2
17116, 3
17117, 3
17119, 1
17120, 2
17121, 1
17122, 3
17123, 3
17124, 3
17126, 1
17127, 2
17128, 1
17129, 1
17130, 1
17131, 5
17132, 2
17133, 4
17134, 2
17135, 2
17136, 1
17137, 3
17138, 5
17139, 3
17140, 2
17141, 5
17142, 2
17143, 2
17144, 3
17145, 4
17146, 1
17147, 3
17148, 4
17149, 3
17150, 5
17151, 5
17152, 4
17153, 4
17155, 5
17156, 9
17157, 2
17158, 3
17159, 5
17160, 2
17161, 3
17162, 7
17163, 7
17164, 6
17165, 4
17166, 2
17167, 4
17168, 7
17169, 3
17170, 7
17171, 5
17172, 1
17173, 3
17174, 4
17175, 4
17176, 3
17177, 5
17178, 4
17179, 4
17180, 2
17182, 3
17183, 3
17184, 3
17185, 3
17186, 2
17187, 2
17188, 2
17189, 1
17190, 4
17191, 5
17192, 2
17193, 3
17194, 2
17195, 2
17196, 3
17197, 2
17198, 1
17199, 2
17200, 1
17202, 4
17203, 1
17204, 2
17205, 2
17206, 1
17207, 1
17208, 4
17209, 3
17210, 1
17212, 3
17213, 1
17215, 1
17216, 2
17217, 5
17218, 2
17219, 4
17220, 1
17221, 2
17222, 2
17223, 3
17224, 5
17225, 4
17226, 4
17227, 2
17228, 3
17229, 1
17230, 4
17231, 3
17232, 3
17233, 2
17234, 5
17235, 3
17236, 3
17237, 5
17238, 3
17239, 4
17240, 2
17241, 9
17242, 4
17243, 2
17244, 3
17245, 5
17246, 3
17247, 3
17248, 8
17249, 8
17250, 4
17251, 3
17252, 1
17253, 10
17254, 1
17255, 6
17256, 8
17257, 1
17258, 3
17259, 4
17260, 3
17261, 4
17262, 2
17263, 6
17264, 5
17265, 3
17267, 1
17268, 4
17269, 2
17270, 4
17271, 2
17272, 2
17273, 3
17275, 3
17276, 4
17277, 3
17278, 3
17279, 2
17280, 4
17281, 1
17282, 4
17284, 2
17285, 2
17287, 3
17288, 3
17290, 2
17291, 1
17292, 1
17293, 4
17294, 1
17295, 3
17296, 1
17297, 2
17298, 1
17299, 1
17300, 1
17301, 1
17302, 5
17303, 2
17304, 3
17305, 3
17306, 3
17307, 1
17308, 1
17309, 5
17310, 5
17311, 3
17312, 3
17313, 2
17314, 3
17315, 4
17316, 2
17317, 3
17318, 1
17319, 6
17320, 4
17321, 1
17322, 5
17323, 4
17324, 4
17325, 4
17326, 2
17327, 9
17328, 2
17329, 2
17330, 3
17331, 5
17332, 3
17333, 7
17334, 10
17335, 3
17336, 3
17337, 2
17338, 4
17339, 9
17340, 3
17341, 9
17342, 2
17343, 2
17344, 2
17345, 6
17346, 2
17347, 1
17348, 4
17349, 7
17350, 4
17351, 2
17353, 3
17354, 4
17355, 1
17356, 4
17357, 3
17358, 3
17359, 1
17360, 2
17361, 3
17362, 4
17364, 4
17365, 4
17366, 2
17367, 4
17369, 2
17370, 1
17371, 1
17372, 1
17373, 2
17374, 3
17375, 2
17376, 1
17377, 1
17378, 1
17379, 2
17380, 4
17381, 2
17382, 1
17383, 2
17384, 1
17386, 2
17387, 3
17388, 3
17389, 3
17390, 3
17391, 2
17392, 3
17394, 5
17395, 3
17396, 4
17397, 2
17398, 5
17399, 3
17400, 1
17401, 3
17402, 3
17403, 3
17404, 4
17405, 5
17406, 1
17407, 5
17408, 4
17409, 2
17410, 5
17411, 3
17412, 8
17413, 3
17414, 2
17415, 3
17416, 5
17417, 1
17418, 4
17419, 11
17420, 5
17421, 5
17422, 3
17423, 2
17424, 8
17425, 4
17426, 6
17427, 6
17428, 1
17429, 4
17430, 4
17431, 4
17432, 2
17433, 2
17434, 5
17435, 4
17436, 5
17439, 4
17440, 4
17441, 3
17442, 1
17443, 4
17444, 2
17445, 1
17446, 3
17447, 3
17448, 3
17449, 3
17450, 3
17451, 2
17452, 3
17453, 3
17455, 3
17457, 1
17458, 3
17459, 2
17460, 2
17461, 1
17462, 1
17463, 2
17464, 2
17465, 3
17466, 3
17468, 2
17469, 2
17471, 2
17473, 6
17474, 1
17475, 3
17476, 4
17478, 3
17479, 3
17480, 4
17481, 3
17482, 4
17483, 4
17484, 3
17485, 1
17486, 4
17487, 2
17488, 3
17489, 2
17490, 4
17491, 4
17492, 3
17493, 5
17494, 2
17495, 5
17496, 3
17497, 5
17498, 7
17499, 2
17500, 2
17501, 6
17502, 2
17503, 4
17504, 4
17505, 10
17506, 6
17507, 2
17508, 3
17509, 3
17510, 9
17511, 4
17512, 5
17513, 4
17514, 2
17515, 3
17516, 5
17517, 2
17518, 4
17519, 4
17520, 5
17521, 6
17524, 3
17525, 4
17526, 3
17527, 2
17528, 2
17529, 3
17530, 2
17531, 2
17532, 3
17533, 4
17534, 2
17535, 3
17536, 2
17537, 3
17538, 3
17539, 1
17540, 3
17542, 1
17543, 2
17544, 3
17545, 1
17546, 2
17547, 1
17548, 1
17549, 1
17550, 4
17551, 3
17552, 1
17554, 3
17555, 1
17556, 1
17558, 5
17559, 2
17560, 2
17561, 4
17562, 2
17563, 3
17565, 4
17566, 5
17567, 3
17568, 4
17569, 3
17570, 3
17571, 1
17572, 2
17573, 4
17574, 2
17575, 4
17576, 4
17577, 3
17578, 4
17579, 5
17580, 4
17581, 3
17582, 3
17583, 9
17584, 2
17585, 3
17586, 3
17587, 5
17588, 1
17589, 7
17590, 7
17591, 6
17592, 5
17593, 2
17594, 3
17595, 7
17596, 4
17597, 4
17598, 8
17599, 1
17600, 3
17601, 5
17602, 2
17603, 3
17604, 3
17605, 6
17606, 4
17607, 3
17608, 1
17609, 1
17610, 4
17611, 3
17612, 4
17613, 1
17614, 3
17615, 1
17616, 3
17617, 2
17618, 5
17619, 1
17620, 3
17621, 3
17622, 2
17623, 3
17624, 3
17626, 3
17628, 2
17629, 2
17630, 2
17631, 2
17632, 1
17633, 1
17635, 4
17636, 3
17637, 3
17639, 2
17640, 1
17641, 1
17642, 1
17643, 1
17644, 6
17645, 1
17646, 4
17647, 2
17648, 2
17649, 1
17650, 3
17651, 5
17652, 5
17653, 1
17654, 4
17655, 4
17656, 1
17657, 3
17658, 3
17659, 4
17661, 6
17662, 4
17663, 2
17664, 5
17665, 4
17666, 4
17667, 3
17668, 6
17669, 6
17670, 1
17671, 3
17672, 6
17673, 1
17674, 3
17675, 9
17676, 6
17677, 5
17678, 5
17679, 1
17680, 4
17681, 9
17682, 2
17683, 9
17684, 2
17685, 1
17686, 4
17687, 5
17688, 2
17689, 3
17690, 2
17691, 7
17692, 4
17693, 2
17695, 2
17696, 4
17697, 5
17698, 1
17699, 2
17700, 3
17701, 2
17702, 2
17703, 2
17704, 5
17705, 3
17706, 1
17707, 2
17708, 4
17709, 2
17710, 2
17711, 2
17712, 1
17713, 1
17714, 2
17715, 3
17716, 1
17717, 2
17719, 2
17720, 2
17721, 2
17722, 4
17723, 1
17724, 1
17725, 1
17726, 2
17728, 2
17729, 4
17730, 2
17731, 3
17732, 4
17733, 1
17734, 2
17735, 2
17736, 3
17737, 5
17738, 3
17739, 6
17740, 1
17741, 3
17742, 1
17743, 4
17744, 3
17745, 3
17746, 4
17747, 3
17748, 2
17749, 5
17750, 3
17751, 6
17752, 2
17753, 3
17754, 9
17755, 3
17756, 1
17757, 5
17758, 3
17759, 2
17760, 5
17761, 8
17762, 8
17763, 4
17764, 2
17765, 2
17766, 9
17767, 2
17768, 8
17769, 5
17770, 1
17771, 4
17772, 3
17773, 5
17774, 2
17775, 2
17776, 5
17777, 6
17778, 3
17781, 5
17782, 3
17783, 3
17784, 2
17785, 3
17786, 2
17787, 1
17788, 4
17789, 3
17790, 2
17791, 3
17792, 3
17793, 3
17794, 2
17795, 3
17797, 2
17798, 2
17799, 2
17800, 1
17801, 3
17803, 2
17804, 1
17805, 1
17806, 2
17807, 4
17808, 3
17810, 1
17811, 3
17813, 2
17815, 4
17816, 3
17817, 5
17818, 2
17820, 2
17821, 2
17822, 7
17823, 4
17824, 2
17825, 4
17826, 3
17827, 2
17828, 1
17829, 3
17830, 5
17831, 1
17832, 6
17833, 3
17834, 2
17835, 4
17836, 5
17837, 3
17838, 3
17839, 7
17840, 5
17841, 2
17842, 2
17843, 6
17844, 2
17845, 4
17846, 8
17847, 5
17848, 6
17849, 4
17850, 2
17851, 6
17852, 5
17853, 5
17854, 9
17856, 4
17857, 3
17858, 4
17859, 2
17860, 3
17861, 4
17862, 6
17863, 4
17864, 1
17866, 3
17867, 5
17868, 1
17869, 4
17870, 1
17871, 3
17872, 1
17873, 3
17874, 3
17875, 3
17876, 4
17877, 2
17878, 3
17879, 2
17880, 3
17881, 1
17882, 3
17884, 1
17885, 1
17886, 3
17887, 2
17888, 2
17890, 2
17892, 6
17893, 3
17896, 4
17898, 1
17899, 1
17900, 4
17901, 3
17902, 2
17903, 4
17904, 1
17905, 2
17906, 1
17907, 5
17908, 7
17910, 4
17911, 4
17912, 1
17913, 3
17914, 4
17915, 1
17916, 3
17917, 3
17918, 5
17919, 2
17920, 4
17921, 5
17922, 4
17923, 2
17924, 4
17925, 9
17926, 2
17927, 1
17928, 4
17929, 6
17930, 1
17931, 6
17932, 9
17933, 5
17934, 6
17935, 2
17936, 1
17937, 10
17938, 1
17939, 6
17940, 8
17941, 1
17942, 3
17943, 5
17944, 1
17945, 4
17946, 2
17947, 7
17948, 6
17949, 1
17951, 2
17952, 3
17953, 4
17954, 1
17955, 3
17956, 3
17957, 2
17958, 2
17959, 2
17960, 5
17961, 1
17962, 3
17963, 4
17964, 2
17965, 2
17966, 3
17968, 3
17969, 1
17971, 3
17972, 3
17973, 1
17974, 1
17975, 1
17976, 1
17977, 4
17978, 1
17979, 4
17981, 3
17982, 1
17984, 1
17985, 1
17986, 3
17987, 4
17988, 4
17989, 3
17990, 2
17991, 1
17992, 4
17993, 4
17994, 3
17995, 4
17996, 3
17997, 3
17998, 2
17999, 2
18000, 3
18001, 2
18002, 2
18003, 6
18004, 3
18005, 3
18006, 5
18007, 4
18008, 4
18009, 3
18010, 7
18011, 4
18012, 2
18013, 5
18014, 4
18015, 1
18016, 4
18017, 5
18018, 9
18019, 5
18020, 5
18021, 1
18022, 5
18023, 8
18024, 4
18025, 5
18026, 4
18027, 2
18028, 4
18029, 3
18030, 4
18031, 2
18032, 6
18033, 4
18034, 4
18035, 1
18037, 3
18038, 4
18039, 5
18040, 1
18041, 2
18042, 3
18043, 1
18044, 2
18045, 4
18046, 3
18047, 2
18048, 3
18049, 3
18050, 2
18051, 2
18052, 2
18053, 1
18054, 2
18055, 1
18056, 2
18057, 2
18058, 2
18059, 1
18060, 2
18061, 1
18062, 2
18063, 2
18064, 4
18065, 1
18066, 2
18067, 1
18068, 1
18070, 2
18071, 2
18072, 4
18073, 3
18074, 4
18075, 1
18076, 2
18077, 3
18078, 4
18079, 3
18080, 3
18081, 5
18082, 3
18083, 1
18084, 2
18085, 5
18087, 4
18088, 5
18089, 4
18090, 2
18091, 4
18092, 3
18093, 4
18094, 4
18095, 5
18096, 5
18097, 4
18098, 2
18099, 4
18100, 5
18101, 2
18102, 3
18103, 9
18104, 7
18105, 5
18106, 2
18107, 1
18108, 8
18109, 8
18110, 5
18111, 5
18113, 4
18114, 4
18115, 2
18116, 3
18117, 3
18118, 7
18119, 3
18120, 3
18121, 1
18123, 6
18124, 3
18125, 3
18126, 1
18127, 3
18128, 3
18129, 2
18130, 2
18131, 4
18132, 1
18133, 4
18134, 3
18135, 1
18136, 2
18137, 4
18139, 3
18140, 1
18142, 2
18143, 4
18144, 1
18145, 1
18146, 1
18147, 2
18148, 1
18149, 4
18150, 2
18151, 1
18152, 3
18153, 1
18154, 1
18155, 1
18157, 6
18158, 1
18159, 3
18160, 3
18161, 3
18162, 1
18163, 5
18164, 3
18165, 4
18166, 1
18167, 5
18168, 2
18169, 3
18170, 3
18171, 2
18172, 2
18173, 4
18174, 3
18175, 5
18176, 4
18177, 3
18178, 3
18179, 5
18180, 1
18181, 8
18182, 6
18183, 2
18184, 2
18185, 7
18187, 3
18188, 10
18189, 7
18190, 5
18191, 3
18192, 1
18193, 7
18194, 6
18195, 2
18196, 9
18197, 1
18198, 3
18199, 5
18200, 4
18201, 2
18202, 2
18203, 4
18204, 7
18205, 3
18206, 1
18207, 1
18208, 2
18209, 4
18210, 3
18211, 3
18212, 3
18213, 1
18214, 2
18215, 2
18216, 4
18217, 3
18218, 3
18219, 2
18220, 2
18221, 3
18222, 4
18224, 2
18225, 1
18226, 1
18227, 2
18228, 2
18229, 2
18230, 1
18231, 2
18233, 2
18234, 4
18235, 4
18237, 2
18238, 2
18240, 1
18241, 1
18242, 4
18243, 2
18244, 3
18245, 4
18246, 1
18247, 2
18248, 1
18249, 5
18250, 4
18251, 3
18252, 5
18253, 2
18254, 2
18255, 4
18256, 2
18257, 2
18258, 3
18259, 5
18260, 2
18261, 4
18262, 4
18263, 3
18264, 7
18265, 2
18266, 3
18267, 8
18268, 2
18269, 4
18270, 3
18271, 4
18272, 2
18273, 5
18274, 9
18275, 5
18276, 5
18277, 2
18278, 2
18279, 8
18280, 5
18281, 5
18282, 6
18283, 1
18284, 3
18285, 5
18286, 2
18287, 3
18288, 4
18289, 6
18290, 5
18291, 2
18293, 2
18294, 3
18295, 5
18296, 2
18297, 1
18298, 3
18299, 2
18300, 2
18301, 2
18302, 5
18303, 3
18304, 1
18305, 3
18306, 3
18307, 3
18308, 2
18310, 3
18312, 2
18313, 2
18314, 3
18316, 3
18318, 2
18319, 2
18320, 4
18321, 2
18323, 3
18324, 1
18326, 1
18327, 2
18328, 5
18329, 1
18330, 4
18331, 2
18332, 2
18333, 2
18334, 2
18335, 6
18336, 4
18337, 4
18338, 2
18339, 3
18340, 3
18341, 3
18342, 1
18343, 3
18344, 3
18345, 5
18346, 3
18347, 3
18348, 4
18349, 3
18350, 6
18351, 3
18352, 5
18353, 6
18354, 1
18355, 3
18356, 7
18358, 3
18359, 10
18360, 6
18361, 4
18362, 4
18363, 2
18364, 4
18365, 9
18366, 3
18367, 8
18368, 1
18369, 4
18370, 1
18371, 6
18372, 2
18373, 3
18374, 3
18375, 9
18376, 2
18377, 1
18378, 1
18379, 3
18380, 3
18381, 3
18382, 2
18383, 3
18384, 2
18385, 2
18386, 3
18387, 2
18388, 4
18389, 2
18390, 2
18391, 4
18392, 2
18393, 3
18394, 1
18395, 3
18396, 1
18398, 3
18399, 2
18400, 1
18401, 2
18402, 1
18403, 1
18404, 3
18405, 1
18406, 5
18408, 2
18409, 2
18411, 1
18412, 1
18413, 3
18414, 3
18415, 3
18416, 4
18417, 1
18418, 2
18419, 4
18420, 3
18421, 2
18422, 5
18423, 4
18424, 3
18425, 1
18426, 3
18427, 3
18428, 3
18429, 2
18430, 5
18431, 3
18432, 3
18433, 5
18434, 4
18435, 3
18436, 4
18437, 4
18438, 7
18439, 3
18440, 1
18441, 6
18442, 3
18443, 1
18444, 7
18445, 9
18446, 6
18447, 3
18448, 2
18449, 4
18450, 8
18451, 3
18452, 9
18453, 2
18454, 1
18455, 4
18456, 6
18457, 2
18458, 2
18459, 3
18460, 6
18461, 5
18462, 2
18464, 2
18465, 4
18466, 3
18467, 3
18468, 1
18469, 4
18470, 1
18471, 3
18472, 1
18473, 6
18475, 4
18476, 3
18477, 2
18478, 2
18479, 3
18480, 1
18481, 2
18482, 1
18483, 2
18484, 1
18485, 3
18486, 2
18487, 1
18488, 1
18490, 3
18491, 3
18492, 3
18494, 2
18495, 1
18496, 1
18497, 1
18498, 3
18499, 4
18500, 2
18501, 5
18502, 1
18503, 1
18504, 2
18505, 4
18506, 4
18507, 3
18508, 5
18509, 3
18510, 1
18511, 3
18512, 4
18513, 1
18514, 4
18515, 2
18516, 5
18517, 2
18518, 5
18519, 4
18520, 4
18521, 4
18522, 3
18523, 8
18524, 3
18525, 2
18526, 4
18527, 4
18528, 2
18529, 3
18530, 6
18531, 10
18532, 4
18533, 3
18534, 2
18535, 7
18536, 7
18537, 5
18538, 4
18539, 3
18540, 3
18541, 1
18542, 7
18543, 1
18544, 4
18545, 6
18546, 4
18547, 4
18550, 3
18551, 4
18552, 3
18553, 3
18554, 2
18555, 3
18556, 1
18557, 2
18558, 5
18559, 1
18560, 3
18561, 4
18562, 2
18563, 3
18564, 3
18566, 3
18567, 1
18569, 3
18570, 2
18571, 1
18572, 2
18573, 1
18574, 1
18575, 2
18576, 3
18577, 4
18579, 1
18580, 3
18582, 1
18583, 1
18584, 4
18585, 3
18586, 2
18587, 4
18588, 2
18589, 2
18591, 5
18592, 7
18593, 1
18594, 4
18595, 4
18597, 3
18598, 3
18599, 2
18600, 3
18601, 3
18602, 5
18603, 3
18604, 5
18605, 4
18606, 5
18607, 1
18608, 4
18609, 10
18611, 3
18612, 4
18613, 4
18614, 2
18615, 7
18616, 9
18617, 6
18618, 4
18619, 1
18620, 3
18621, 7
18622, 4
18623, 9
18624, 3
18625, 1
18626, 4
18627, 3
18628, 4
18629, 2
18630, 3
18631, 6
18632, 5
18633, 2
18635, 2
18636, 4
18637, 3
18638, 4
18639, 2
18640, 1
18641, 3
18642, 1
18643, 3
18644, 5
18645, 2
18646, 2
18647, 2
18648, 4
18649, 2
18650, 2
18651, 1
18652, 2
18653, 1
18654, 1
18655, 1
18656, 4
18657, 2
18658, 1
18660, 2
18661, 3
18662, 3
18663, 2
18665, 2
18666, 2
18667, 1
18668, 1
18669, 2
18670, 4
18671, 2
18672, 4
18673, 1
18674, 2
18675, 2
18676, 5
18677, 3
18678, 4
18679, 2
18680, 5
18681, 2
18682, 2
18683, 3
18684, 3
18685, 2
18686, 4
18687, 3
18688, 5
18689, 4
18690, 3
18691, 3
18692, 4
18693, 2
18694, 7
18695, 6
18696, 3
18697, 2
18698, 5
18699, 1
18700, 4
18701, 9
18702, 6
18703, 7
18704, 2
18705, 1
18706, 6
18707, 6
18708, 6
18709, 7
18710, 1
18711, 3
18712, 4
18713, 3
18714, 2
18715, 3
18716, 7
18717, 3
18718, 5
18721, 5
18722, 2
18723, 4
18724, 2
18725, 3
18726, 2
18727, 2
18728, 3
18729, 2
18730, 2
18731, 4
18732, 3
18733, 2
18734, 2
18735, 4
18737, 3
18739, 1
18740, 1
18741, 4
18742, 2
18743, 1
18744, 1
18746, 3
18747, 5
18748, 1
18749, 1
18750, 1
18751, 3
18753, 1
18754, 1
18755, 4
18756, 2
18757, 3
18758, 4
18759, 1
18760, 3
18762, 5
18763, 5
18764, 2
18765, 6
18766, 1
18767, 4
18768, 3
18769, 2
18770, 2
18771, 3
18772, 5
18773, 2
18774, 3
18775, 5
18776, 2
18777, 6
18778, 3
18779, 3
18780, 9
18781, 1
18782, 4
18783, 4
18784, 3
18785, 2
18786, 7
18787, 9
18788, 5
18789, 5
18790, 1
18791, 3
18792, 8
18793, 4
18794, 6
18795, 5
18796, 1
18797, 3
18798, 5
18799, 3
18800, 2
18801, 5
18802, 5
18803, 5
18804, 1
18806, 3
18807, 5
18808, 2
18809, 3
18810, 1
18811, 2
18812, 3
18813, 2
18814, 2
18815, 4
18816, 1
18817, 5
18818, 2
18819, 2
18820, 3
18821, 2
18822, 3
18824, 1
18825, 2
18826, 2
18827, 2
18828, 1
18829, 2
18831, 2
18832, 4
18833, 3
18834, 1
18836, 2
18837, 2
18838, 1
18839, 1
18840, 3
18841, 3
18842, 2
18843, 5
18845, 2
18846, 2
18847, 5
18848, 3
18849, 4
18850, 4
18851, 2
18852, 4
18853, 1
18854, 4
18855, 1
18856, 4
18857, 1
18858, 5
18859, 5
18860, 1
18861, 5
18862, 6
18863, 2
18864, 3
18865, 7
18866, 5
18867, 1
18868, 4
18869, 5
18870, 3
18871, 4
18872, 7
18873, 9
18874, 4
18875, 2
18876, 2
18877, 7
18878, 6
18879, 3
18880, 7
18881, 2
18882, 3
18883, 5
18884, 2
18885, 2
18886, 2
18887, 10
18889, 6
18891, 1
18892, 2
18893, 3
18894, 4
18895, 3
18896, 3
18897, 2
18898, 2
18899, 2
18900, 4
18901, 1
18902, 3
18903, 4
18904, 3
18905, 3
18906, 2
18908, 3
18909, 1
18911, 3
18912, 2
18913, 2
18914, 1
18915, 1
18916, 2
18917, 1
18918, 5
18919, 2
18921, 2
18922, 2
18924, 1
18925, 1
18926, 5
18927, 2
18928, 4
18929, 3
18931, 3
18932, 1
18933, 5
18934, 3
18935, 5
18936, 3
18937, 4
18938, 2
18939, 2
18940, 3
18941, 2
18942, 2
18943, 4
18944, 6
18945, 1
18946, 6
18947, 3
18948, 4
18949, 3
18950, 6
18951, 6
18952, 2
18953, 2
18954, 5
18955, 3
18956, 3
18957, 6
18958, 7
18959, 6
18960, 5
18961, 1
18962, 3
18963, 9
18964, 5
18965, 8
18966, 1
18967, 3
18968, 3
18969, 5
18970, 2
18971, 2
18972, 5
18973, 4
18974, 7
18977, 4
18978, 2
18979, 2
18980, 4
18981, 3
18982, 1
18983, 2
18984, 3
18985, 3
18986, 3
18987, 2
18988, 4
18989, 1
18990, 3
18991, 3
18992, 2
18993, 2
18994, 1
18995, 1
18996, 1
18997, 3
18998, 2
18999, 1
19000, 2
19001, 1
19002, 1
19003, 3
19004, 5
19007, 3
19008, 1
19010, 1
19011, 3
19012, 4
19013, 3
19014, 2
19015, 3
19016, 2
19017, 1
19018, 6
19019, 3
19020, 3
19021, 5
19022, 2
19023, 2
19024, 2
19025, 3
19026, 4
19027, 2
19028, 2
19029, 6
19030, 3
19031, 4
19032, 3
19033, 4
19034, 4
19035, 4
19036, 9
19037, 2
19038, 1
19039, 3
19040, 5
19041, 2
19042, 7
19043, 4
19044, 10
19045, 3
19046, 3
19047, 2
19048, 7
19049, 6
19050, 4
19051, 7
19052, 1
19053, 3
19054, 4
19055, 3
19056, 3
19057, 2
19058, 8
19059, 5
19060, 1
19061, 1
19063, 5
19064, 4
19065, 1
19066, 3
19067, 3
19068, 2
19069, 1
19070, 3
19071, 4
19072, 1
19073, 4
19074, 3
19075, 2
19076, 4
19077, 2
19079, 3
19080, 1
19082, 2
19083, 3
19084, 2
19085, 1
19086, 1
19087, 1
19088, 2
19089, 5
19090, 2
19092, 2
19093, 2
19095, 1
19096, 2
19097, 3
19098, 4
19099, 4
19100, 1
19101, 2
19102, 2
19103, 4
19104, 4
19105, 2
19106, 4
19107, 3
19108, 3
19109, 1
19110, 4
19111, 3
19112, 4
19114, 7
19115, 1
19116, 3
19117, 7
19118, 1
19119, 6
19120, 4
19121, 2
19122, 7
19123, 3
19124, 2
19125, 6
19126, 2
19127, 4
19128, 5
19129, 10
19130, 6
19131, 2
19132, 2
19133, 4
19134, 7
19135, 6
19136, 5
19137, 3
19138, 2
19139, 4
19140, 5
19141, 2
19142, 3
19143, 4
19144, 5
19145, 6
19148, 3
19149, 3
19150, 3
19151, 4
19152, 1
19153, 3
19154, 2
19155, 1
19156, 5
19157, 3
19158, 2
19159, 2
19160, 3
19161, 2
19162, 5
19164, 2
19165, 1
19166, 1
19167, 1
19168, 3
19169, 2
19170, 1
19171, 2
19173, 2
19174, 4
19175, 2
19176, 2
19178, 3
19179, 1
19180, 1
19181, 1
19182, 3
19183, 3
19184, 2
19185, 4
19186, 2
19187, 1
19188, 2
19189, 4
19190, 5
19191, 3
19192, 5
19193, 2
19194, 3
19195, 1
19196, 3
19197, 3
19198, 3
19199, 2
19200, 6
19201, 2
19202, 5
19203, 3
19204, 6
19205, 1
19206, 4
19207, 6
19208, 6
19209, 1
19210, 4
19211, 4
19212, 3
19213, 5
19214, 10
19215, 4
19216, 5
19217, 2
19218, 3
19219, 7
19220, 4
19221, 7
19222, 4
19223, 3
19224, 3
19225, 4
19226, 4
19227, 2
19228, 3
19229, 6
19230, 4
19231, 3
19233, 1
19234, 4
19235, 3
19236, 2
19237, 3
19238, 2
19239, 2
19240, 4
19242, 4
19243, 3
19244, 2
19245, 5
19246, 2
19247, 2
19248, 3
19250, 3
19252, 1
19253, 3
19254, 1
19255, 2
19256, 3
19258, 1
19259, 3
19260, 2
19261, 4
19263, 3
19264, 1
19266, 1
19267, 2
19268, 5
19269, 2
19270, 4
19271, 2
19272, 2
19273, 1
19274, 3
19275, 5
19276, 2
19277, 3
19278, 5
19279, 1
19280, 3
19281, 3
19282, 3
19283, 2
19284, 4
19285, 2
19286, 6
19287, 3
19288, 3
19289, 3
19290, 6
19291, 4
19292, 2
19293, 9
19294, 1
19295, 3
19296, 5
19297, 2
19298, 5
19299, 2
19300, 10
19301, 7
19302, 4
19304, 5
19305, 9
19306, 3
19307, 6
19308, 4
19309, 3
19310, 1
19311, 5
19312, 4
19313, 3
19314, 2
19315, 6
19316, 5
19317, 1
19319, 4
19320, 4
19321, 2
19322, 2
19323, 3
19324, 1
19325, 2
19326, 3
19327, 2
19328, 5
19329, 2
19330, 3
19331, 3
19332, 1
19333, 3
19334, 2
19335, 2
19336, 1
19337, 1
19338, 1
19339, 4
19340, 1
19341, 1
19342, 2
19343, 1
19345, 5
19346, 2
19347, 2
19348, 1
19349, 3
19351, 1
19353, 3
19354, 4
19355, 3
19356, 4
19357, 2
19358, 1
19359, 2
19360, 4
19361, 6
19362, 1
19363, 5
19364, 2
19365, 2
19366, 3
19367, 2
19368, 4
19369, 2
19370, 3
19371, 6
19372, 2
19373, 3
19374, 5
19375, 3
19376, 4
19377, 2
19378, 11
19379, 1
19380, 2
19381, 5
19382, 3
19383, 2
19384, 6
19385, 8
19386, 7
19387, 4
19388, 3
19390, 10
19391, 4
19392, 4
19393, 8
19394, 1
19395, 3
19396, 5
19397, 1
19398, 4
19399, 2
19400, 8
19401, 1
19402, 5
19404, 2
19405, 3
19406, 4
19407, 3
19408, 1
19409, 3
19410, 2
19411, 2
19412, 2
19413, 5
19414, 1
19415, 2
19416, 4
19417, 3
19418, 2
19419, 3
19421, 3
19422, 1
19423, 1
19424, 2
19425, 2
19426, 1
19427, 3
19430, 4
19431, 2
19432, 4
19434, 3
19435, 1
19436, 1
19438, 1
19439, 5
19440, 3
19441, 2
19442, 3
19443, 3
19444, 1
19445, 5
19446, 3
19447, 1
19448, 4
19449, 6
19450, 1
19451, 2
19452, 4
19453, 2
19454, 3
19455, 3
19456, 3
19457, 5
19458, 2
19459, 5
19460, 5
19461, 3
19462, 1
19463, 8
19464, 5
19465, 2
19466, 4
19467, 5
19468, 1
19469, 4
19470, 7
19471, 9
19472, 5
19473, 3
19475, 5
19476, 7
19477, 6
19478, 5
19479, 4
19480, 4
19481, 1
19482, 4
19483, 3
19484, 3
19485, 7
19486, 3
19487, 4
19488, 1
19489, 1
19490, 1
19491, 5
19492, 4
19493, 2
19494, 1
19495, 2
19496, 3
19497, 1
19498, 5
19499, 3
19500, 1
19501, 5
19502, 2
19503, 2
19504, 4
19506, 1
19507, 2
19508, 1
19509, 2
19510, 2
19511, 2
19512, 2
19513, 1
19515, 2
19516, 5
19517, 1
19518, 2
19520, 3
19521, 1
19522, 1
19523, 1
19524, 2
19525, 4
19526, 2
19527, 5
19528, 1
19529, 2
19530, 3
19531, 6
19532, 3
19533, 2
19534, 3
19535, 3
19536, 3
19537, 1
19538, 4
19539, 4
19540, 1
19541, 2
19542, 6
19543, 3
19544, 5
19545, 3
19546, 4
19547, 2
19548, 5
19549, 8
19550, 3
19551, 1
19552, 6
19553, 3
19555, 8
19556, 5
19557, 9
19558, 4
19559, 2
19560, 4
19561, 6
19562, 5
19563, 5
19564, 7
19566, 4
19567, 4
19568, 2
19569, 4
19570, 1
19571, 8
19572, 4
19573, 3
19575, 1
19576, 4
19577, 5
19578, 1
19579, 2
19580, 2
19581, 4
19582, 2
19583, 2
19584, 5
19585, 2
19586, 3
19587, 2
19588, 3
19589, 2
19590, 2
19591, 1
19592, 2
19594, 1
19595, 4
19596, 1
19597, 2
19598, 2
19600, 2
19601, 1
19602, 4
19603, 3
19605, 3
19607, 1
19608, 2
19609, 1
19610, 4
19611, 4
19612, 2
19613, 3
19614, 2
19615, 1
19616, 2
19617, 5
19618, 4
19619, 4
19620, 3
19621, 3
19622, 2
19623, 3
19624, 2
19625, 4
19626, 1
19627, 5
19628, 4
19629, 2
19630, 5
19631, 4
19632, 4
19633, 2
19634, 8
19635, 5
19636, 1
19637, 3
19638, 5
19639, 2
19640, 4
19641, 10
19642, 4
19643, 6
19644, 3
19645, 1
19646, 9
19647, 5
19648, 3
19649, 6
19650, 4
19652, 4
19653, 6
19654, 2
19655, 3
19656, 6
19657, 3
19658, 5
19659, 1
19661, 4
19662, 4
19663, 2
19664, 3
19665, 1
19666, 4
19667, 1
19668, 2
19669, 4
19670, 2
19671, 4
19673, 5
19674, 2
19675, 3
19676, 1
19677, 2
19678, 1
19679, 1
19680, 1
19681, 3
19682, 2
19683, 2
19685, 2
19686, 2
19687, 4
19688, 2
19689, 1
19690, 1
19691, 2
19692, 1
19693, 1
19694, 1
19695, 3
19696, 3
19697, 4
19698, 3
19699, 2
19700, 2
19702, 7
19703, 2
19704, 3
19705, 6
19706, 1
19707, 3
19708, 2
19709, 4
19710, 4
19712, 4
19713, 4
19714, 2
19715, 5
19716, 4
19717, 4
19718, 3
19719, 5
19720, 8
19721, 1
19722, 3
19723, 5
19724, 3
19725, 2
19726, 5
19727, 7
19728, 8
19729, 5
19730, 1
19731, 2
19732, 9
19733, 4
19734, 7
19735, 4
19736, 1
19737, 4
19738, 4
19739, 2
19740, 3
19741, 3
19742, 5
19743, 8
19744, 1
19746, 1
19747, 5
19748, 3
19749, 3
19750, 2
19751, 2
19752, 2
19753, 2
19754, 1
19755, 6
19756, 2
19757, 3
19758, 2
19759, 4
19760, 1
19761, 3
19763, 3
19764, 1
19765, 1
19766, 1
19767, 4
19768, 1
19769, 2
19771, 1
19772, 4
19773, 2
19774, 3
19775, 1
19776, 1
19777, 1
19778, 1
19779, 2
19781, 5
19782, 4
19783, 2
19784, 3
19785, 2
19786, 1
19787, 3
19788, 2
19789, 7
19790, 2
19791, 4
19792, 2
19793, 2
19794, 4
19795, 2
19796, 4
19797, 2
19798, 5
19799, 3
19800, 3
19801, 4
19802, 4
19803, 4
19804, 2
19805, 10
19806, 3
19807, 2
19808, 3
19809, 5
19810, 1
19811, 5
19812, 7
19813, 8
19814, 4
19815, 4
19816, 1
19817, 8
19818, 6
19819, 3
19820, 7
19821, 2
19822, 4
19823, 4
19824, 1
19825, 4
19826, 3
19827, 3
19828, 5
19829, 5
19830, 1
19832, 4
19833, 4
19834, 2
19835, 3
19836, 2
19837, 3
19838, 2
19839, 1
19840, 3
19841, 4
19842, 2
19843, 4
19844, 1
19845, 3
19846, 4
19848, 2
19849, 1
19850, 1
19851, 2
19852, 3
19853, 1
19854, 1
19855, 2
19856, 1
19857, 2
19858, 4
19859, 3
19862, 3
19863, 1
19864, 1
19865, 1
19866, 4
19867, 3
19868, 4
19869, 3
19870, 1
19871, 2
19872, 2
19873, 4
19874, 3
19875, 4
19876, 5
19877, 2
19878, 2
19879, 3
19880, 2
19881, 4
19882, 1
19883, 3
19884, 6
19885, 2
19886, 4
19887, 2
19888, 6
19889, 3
19890, 5
19891, 8
19892, 1
19893, 3
19894, 4
19895, 4
19896, 2
19897, 8
19898, 3
19899, 9
19900, 6
19901, 1
19902, 2
19903, 9
19904, 4
19905, 7
19906, 3
19907, 3
19908, 2
19909, 4
19910, 4
19911, 2
19912, 2
19913, 8
19914, 5
19916, 1
19917, 1
19918, 5
19919, 3
19920, 3
19921, 2
19922, 2
19923, 2
19924, 2
19925, 2
19926, 5
19927, 3
19928, 2
19929, 4
19930, 1
19931, 3
19932, 2
19933, 1
19934, 2
19936, 3
19937, 1
19938, 3
19939, 1
19940, 2
19942, 1
19943, 3
19944, 4
19945, 2
19947, 2
19948, 2
19949, 1
19951, 2
19952, 5
19953, 1
19954, 5
19955, 2
19956, 2
19957, 1
19958, 4
19959, 5
19960, 3
19961, 3
19962, 4
19964, 4
19965, 3
19966, 2
19967, 4
19968, 1
19969, 7
19970, 2
19971, 3
19972, 5
19973, 3
19974, 5
19975, 1
19976, 8
19977, 5
19978, 1
19979, 4
19980, 5
19981, 1
19982, 4
19983, 9
19984, 9
19985, 2
19986, 4
19987, 2
19988, 6
19989, 7
19990, 4
19991, 7
19992, 1
19993, 1
19994, 6
19995, 3
19996, 3
19997, 3
19998, 4
19999, 4
20000, 5
20001, 1
20002, 1
20003, 2
20004, 3
20005, 4
20006, 2
20007, 3
20008, 2
20009, 1
20010, 3
20011, 3
20012, 4
20013, 2
20014, 4
20015, 2
20016, 2
20017, 3
20018, 1
20019, 1
20020, 2
20021, 1
20022, 2
20023, 4
20025, 2
20026, 1
20027, 1
20028, 2
20029, 4
20030, 3
20032, 2
20033, 1
20034, 1
20035, 1
20036, 1
20037, 4
20038, 3
20039, 4
20040, 3
20042, 2
20043, 3
20044, 4
20045, 6
20046, 1
20047, 5
20048, 2
20049, 2
20050, 3
20051, 2
20052, 4
20053, 1
20054, 6
20055, 2
20056, 2
20057, 6
20058, 3
20059, 5
20060, 3
20061, 3
20062, 10
20064, 3
20065, 5
20066, 3
20067, 2
20068, 6
20069, 9
20070, 5
20071, 5
20072, 1
20073, 2
20074, 10
20075, 5
20076, 8
20077, 2
20078, 1
20079, 3
20080, 5
20081, 3
20082, 3
20083, 3
20084, 6
20085, 4
20086, 2
20088, 3
20089, 4
20090, 2
20091, 3
20092, 3
20093, 2
20094, 2
20095, 2
20096, 1
20097, 5
20098, 2
20099, 2
20100, 4
20101, 2
20102, 3
20103, 2
20104, 1
20105, 2
20106, 1
20107, 1
20108, 3
20109, 1
20110, 2
20111, 1
20112, 1
20113, 2
20114, 4
20115, 2
20116, 2
20118, 3
20119, 1
20120, 1
20122, 4
20123, 3
20124, 2
20125, 3
20126, 3
20127, 1
20128, 2
20129, 5
20130, 4
20131, 3
20132, 4
20133, 3
20134, 3
20135, 1
20136, 3
20137, 3
20138, 3
20139, 3
20140, 4
20141, 4
20142, 1
20143, 7
20144, 3
20145, 4
20146, 2
20147, 8
20148, 4
20149, 3
20150, 2
20151, 5
20152, 2
20153, 7
20154, 6
20155, 7
20156, 5
20157, 2
20158, 1
20159, 7
20160, 5
20161, 5
20162, 8
20163, 1
20164, 3
20165, 5
20166, 2
20167, 3
20168, 2
20169, 6
20170, 6
20171, 3
20174, 3
20175, 4
20176, 3
20177, 3
20178, 3
20179, 2
20180, 2
20181, 1
20182, 3
20183, 4
20184, 2
20185, 5
20186, 1
20187, 3
20188, 2
20189, 1
20190, 2
20191, 2
20193, 3
20194, 1
20195, 2
20196, 2
20197, 1
20199, 2
20200, 5
20201, 2
20202, 1
20203, 2
20204, 1
20205, 1
20206, 1
20207, 1
20208, 4
20209, 4
20210, 3
20211, 2
20212, 2
20213, 2
20214, 1
20215, 6
20216, 2
20217, 4
20218, 5
20219, 2
20220, 3
20221, 3
20222, 2
20223, 2
20224, 3
20225, 3
20226, 5
20227, 2
20228, 5
20229, 3
20230, 3
20231, 5
20232, 2
20233, 10
20234, 2
20235, 2
20236, 5
20237, 3
20238, 2
20239, 10
20240, 4
20241, 7
20242, 4
20243, 2
20244, 5
20245, 5
20246, 6
20247, 6
20248, 3
20249, 3
20250, 2
20251, 5
20252, 3
20253, 2
20254, 3
20255, 7
20256, 3
20257, 3
20259, 2
20260, 3
20261, 4
20262, 4
20263, 2
20264, 1
20265, 2
20266, 3
20267, 3
20268, 3
20269, 4
20271, 4
20272, 2
20273, 2
20274, 3
20275, 1
20276, 2
20277, 1
20278, 2
20279, 2
20280, 2
20281, 2
20282, 1
20284, 2
20285, 2
20286, 4
20287, 2
20289, 3
20290, 1
20291, 1
20293, 3
20294, 4
20295, 1
20296, 5
20297, 2
20298, 2
20299, 1
20300, 4
20301, 5
20302, 3
20303, 3
20304, 4
20305, 1
20306, 2
20307, 5
20308, 1
20309, 4
20310, 3
20311, 5
20312, 3
20313, 3
20314, 3
20315, 5
20316, 3
20317, 3
20318, 9
20319, 4
20320, 2
20321, 3
20322, 3
20323, 3
20324, 5
20325, 9
20326, 4
20327, 4
20328, 5
20329, 1
20330, 6
20331, 8
20332, 2
20333, 10
20335, 4
20336, 4
20337, 2
20338, 2
20339, 3
20340, 6
20341, 5
20342, 3
20343, 1
20344, 1
20345, 4
20346, 3
20347, 3
20348, 2
20349, 2
20350, 3
20351, 2
20352, 2
20353, 4
20354, 2
20355, 3
20356, 3
20357, 2
20358, 3
20359, 3
20361, 3
20363, 1
20364, 3
20365, 2
20366, 1
20367, 2
20368, 1
20369, 1
20370, 3
20371, 3
20372, 3
20374, 1
20375, 3
20377, 2
20379, 4
20380, 3
20381, 4
20382, 3
20384, 3
20385, 1
20386, 6
20387, 2
20388, 6
20389, 3
20390, 3
20391, 1
20392, 3
20393, 2
20394, 4
20395, 2
20396, 5
20397, 3
20398, 2
20399, 6
20400, 2
20401, 5
20402, 5
20403, 4
20404, 6
20405, 3
20406, 1
20407, 5
20408, 3
20409, 3
20410, 5
20411, 13
20412, 3
20413, 4
20415, 4
20416, 8
20417, 4
20418, 6
20419, 4
20420, 2
20421, 4
20422, 4
20423, 2
20424, 3
20425, 4
20426, 7
20427, 4
20428, 1
20430, 1
20431, 6
20432, 2
20433, 4
20434, 2
20435, 2
20436, 2
20437, 2
20438, 1
20439, 5
20440, 3
20441, 2
20442, 3
20443, 3
20444, 2
20445, 2
20446, 2
20447, 1
20448, 1
20449, 1
20450, 2
20451, 3
20452, 1
20453, 2
20455, 2
20456, 5
20457, 2
20458, 1
20459, 1
20460, 2
20461, 1
20462, 1
20464, 5
20465, 2
20466, 3
20467, 3
20468, 2
20469, 2
20470, 1
20471, 5
20472, 4
20473, 3
20474, 4
20475, 3
20476, 2
20477, 2
20478, 3
20479, 2
20480, 4
20481, 3
20482, 6
20483, 1
20484, 4
20485, 3
20486, 4
20487, 4
20488, 4
20489, 5
20490, 7
20492, 5
20493, 5
20495, 4
20496, 10
20497, 8
20498, 3
20499, 3
20500, 2
20501, 9
20502, 4
20503, 7
20504, 4
20505, 1
20506, 2
20507, 6
20508, 4
20509, 2
20510, 1
20511, 6
20512, 6
20513, 3
20515, 1
20516, 5
20517, 2
20518, 3
20519, 2
20520, 2
20521, 3
20522, 2
20523, 2
20524, 3
20525, 3
20526, 3
20527, 3
20528, 2
20529, 3
20530, 2
20531, 1
20532, 3
20534, 2
20535, 1
20536, 4
20538, 2
20539, 1
20540, 1
20541, 3
20542, 2
20543, 3
20544, 1
20545, 2
20546, 2
20547, 1
20549, 1
20550, 6
20551, 1
20552, 3
20553, 4
20554, 2
20555, 1
20556, 3
20557, 4
20558, 2
20559, 4
20560, 4
20561, 3
20562, 3
20563, 2
20564, 3
20565, 2
20566, 3
20567, 4
20568, 3
20569, 5
20570, 3
20571, 5
20572, 4
20573, 2
20574, 5
20575, 8
20576, 1
20577, 2
20578, 5
20579, 3
20580, 3
20581, 8
20582, 8
20583, 5
20584, 4
20585, 1
20586, 4
20587, 7
20588, 4
20589, 8
20590, 2
20591, 3
20592, 3
20593, 5
20594, 2
20595, 2
20596, 4
20597, 5
20598, 5
20599, 2
20601, 3
20602, 3
20603, 3
20604, 3
20605, 2
20606, 2
20607, 2
20608, 2
20609, 3
20610, 4
20611, 2
20612, 4
20613, 3
20614, 2
20615, 3
20616, 1
20617, 2
20618, 1
20619, 1
20620, 2
20621, 3
20622, 1
20623, 1
20624, 1
20625, 2
20626, 1
20627, 2
20628, 5
20629, 1
20630, 1
20631, 1
20632, 2
20634, 1
20635, 3
20636, 5
20637, 1
20638, 4
20639, 2
20640, 2
20641, 1
20642, 5
20643, 4
20644, 3
20645, 5
20646, 2
20647, 3
20648, 1
20649, 3
20650, 3
20651, 3
20652, 4
20653, 4
20654, 3
20655, 2
20656, 7
20657, 2
20658, 3
20659, 5
20660, 8
20661, 2
20662, 2
20663, 5
20664, 4
20666, 5
20667, 11
20668, 6
20669, 4
20670, 2
20671, 3
20672, 8
20673, 4
20674, 3
20675, 9
20677, 4
20678, 1
20679, 5
20680, 3
20681, 3
20682, 7
20683, 1
20684, 6
20687, 4
20688, 4
20689, 4
20690, 2
20691, 1
20692, 3
20693, 2
20694, 2
20695, 4
20696, 3
20697, 2
20698, 3
20699, 3
20700, 3
20701, 2
20702, 1
20703, 2
20704, 1
20706, 2
20707, 3
20708, 2
20709, 1
20710, 1
20711, 1
20712, 4
20713, 2
20714, 3
20716, 3
20717, 1
20719, 1
20720, 1
20721, 6
20722, 1
20723, 3
20724, 4
20725, 2
20726, 1
20727, 2
20728, 4
20729, 6
20730, 3
20731, 3
20732, 1
20733, 4
20734, 1
20735, 3
20736, 4
20737, 1
20738, 5
20739, 4
20740, 3
20741, 4
20742, 5
20743, 4
20744, 3
20745, 9
20746, 3
20747, 1
20748, 4
20749, 3
20750, 3
20751, 2
20752, 10
20753, 7
20754, 6
20755, 2
20756, 1
20757, 5
20758, 7
20759, 6
20760, 6
20761, 3
20762, 4
20763, 1
20764, 4
20765, 2
20766, 4
20767, 6
20768, 5
20769, 3
20770, 1
20772, 3
20773, 4
20774, 3
20775, 3
20776, 1
20777, 4
20778, 1
20779, 2
20780, 3
20781, 4
20782, 2
20783, 2
20784, 3
20785, 2
20786, 4
20787, 1
20788, 2
20789, 1
20790, 1
20791, 2
20792, 2
20793, 2
20794, 2
20795, 1
20796, 1
20797, 2
20798, 2
20799, 3
20800, 2
20801, 1
20802, 2
20803, 1
20804, 1
20806, 3
20807, 5
20808, 2
20809, 4
20810, 1
20811, 2
20812, 3
20813, 3
20814, 4
20815, 3
20816, 6
20817, 2
20818, 1
20819, 3
20820, 3
20821, 1
20822, 4
20823, 3
20824, 6
20825, 1
20826, 6
20827, 3
20828, 3
20829, 4
20830, 3
20831, 7
20832, 4
20833, 2
20834, 3
20835, 6
20836, 2
20837, 5
20838, 7
20839, 7
20840, 5
20841, 2
20842, 2
20843, 9
20844, 4
20845, 6
20846, 5
20847, 1
20848, 3
20849, 5
20850, 3
20851, 3
20852, 1
20853, 8
20854, 2
20855, 4
20856, 1
20857, 1
20858, 3
20859, 5
20860, 3
20861, 2
20862, 2
20863, 2
20864, 2
20865, 1
20866, 6
20867, 1
20868, 3
20869, 3
20870, 2
20871, 3
20872, 3
20874, 3
20875, 1
20876, 1
20877, 1
20878, 3
20879, 1
20880, 2
20881, 1
20882, 1
20883, 3
20884, 4
20885, 2
20887, 2
20888, 2
20890, 1
20891, 2
20892, 3
20893, 2
20894, 6
20895, 1
20896, 2
20897, 2
20898, 5
20899, 4
20900, 1
20901, 5
20902, 3
20903, 3
20904, 1
20905, 3
20906, 3
20907, 3
20908, 1
20909, 7
20910, 1
20911, 3
20912, 6
20913, 3
20914, 5
20915, 2
20916, 5
20917, 8
20918, 1
20919, 3
20920, 6
20921, 1
20922, 5
20923, 5
20924, 8
20925, 5
20926, 5
20927, 2
20928, 4
20929, 7
20930, 3
20931, 9
20932, 2
20933, 1
20934, 4
20935, 6
20937, 4
20938, 6
20939, 3
20940, 6
20943, 3
20944, 4
20945, 3
20946, 3
20947, 2
20948, 2
20949, 1
20950, 3
20951, 4
20952, 3
20953, 3
20954, 2
20955, 2
20956, 3
20957, 2
20958, 2
20959, 1
20960, 2
20961, 1
20962, 2
20963, 2
20964, 2
20965, 2
20966, 1
20967, 1
20968, 2
20969, 3
20970, 4
20973, 3
20974, 1
20975, 1
20976, 1
20977, 4
20978, 3
20979, 3
20980, 3
20982, 4
20983, 1
20984, 5
20985, 3
20986, 3
20987, 4
20988, 3
20989, 3
20990, 3
20991, 3
20992, 1
20993, 3
20994, 3
20995, 6
20996, 2
20997, 4
20998, 4
20999, 5
21000, 1
21001, 5
21002, 8
21003, 2
21004, 3
21005, 4
21006, 4
21007, 1
21008, 7
21009, 10
21010, 3
21011, 4
21012, 4
21013, 2
21014, 9
21015, 2
21016, 5
21017, 7
21018, 2
21019, 3
21020, 5
21021, 1
21022, 4
21023, 4
21024, 5
21025, 3
21026, 4
21028, 1
21029, 4
21030, 3
21031, 4
21032, 2
21033, 2
21034, 2
21035, 1
21036, 3
21037, 5
21038, 1
21039, 3
21040, 4
21041, 2
21042, 3
21043, 2
21044, 1
21045, 2
21046, 1
21047, 2
21048, 1
21049, 2
21050, 2
21051, 1
21052, 1
21053, 1
21054, 3
21055, 2
21056, 4
21058, 3
21059, 1
21061, 1
21062, 1
21063, 5
21064, 3
21065, 4
21066, 2
21067, 1
21068, 1
21069, 4
21070, 4
21071, 5
21072, 3
21073, 3
21074, 3
21075, 2
21076, 4
21077, 2
21078, 2
21079, 3
21080, 5
21081, 2
21082, 4
21083, 4
21084, 4
21085, 4
21086, 3
21087, 5
21088, 7
21089, 1
21090, 4
21091, 4
21092, 2
21093, 4
21094, 10
21095, 7
21096, 3
21097, 3
21098, 2
21099, 9
21100, 4
21101, 3
21102, 8
21103, 1
21104, 5
21105, 2
21106, 4
21107, 4
21108, 2
21109, 2
21110, 6
21111, 6
21113, 1
21114, 3
21115, 2
21116, 4
21117, 3
21118, 2
21119, 2
21120, 2
21121, 2
21122, 3
21123, 3
21124, 3
21125, 4
21126, 1
21127, 3
21128, 4
21130, 1
21131, 2
21132, 1
21133, 2
21134, 3
21135, 1
21136, 2
21137, 1
21139, 3
21140, 4
21141, 2
21142, 1
21143, 2
21144, 1
21145, 1
21147, 2
21148, 3
21149, 5
21150, 1
21151, 4
21152, 2
21153, 2
21154, 3
21155, 3
21156, 3
21157, 3
21158, 5
21159, 2
21160, 2
21161, 4
21162, 3
21163, 1
21164, 3
21165, 5
21166, 3
21167, 3
21168, 4
21169, 4
21170, 5
21171, 2
21172, 3
21173, 10
21174, 1
21175, 2
21176, 6
21177, 3
21178, 3
21179, 6
21180, 5
21181, 8
21182, 4
21183, 3
21184, 3
21185, 7
21186, 5
21187, 7
21188, 3
21189, 2
21190, 3
21191, 1
21192, 6
21193, 2
21194, 5
21195, 4
21196, 6
21197, 1
21198, 1
21199, 1
21200, 5
21201, 2
21202, 3
21203, 3
21204, 3
21205, 1
21206, 1
21207, 4
21208, 5
21210, 5
21211, 1
21212, 3
21213, 1
21214, 4
21216, 3
21217, 1
21219, 2
21220, 4
21221, 1
21222, 1
21223, 1
21224, 2
21225, 3
21226, 3
21227, 2
21229, 2
21230, 2
21232, 1
21233, 2
21234, 5
21235, 2
21236, 5
21237, 1
21238, 2
21239, 1
21240, 4
21241, 2
21242, 4
21243, 4
21244, 5
21245, 1
21246, 2
21247, 4
21248, 1
21249, 4
21250, 3
21251, 5
21252, 2
21253, 3
21254, 6
21255, 4
21256, 2
21257, 5
21258, 4
21259, 7
21260, 3
21261, 3
21262, 5
21264, 4
21265, 7
21266, 8
21267, 7
21268, 2
21269, 2
21270, 7
21271, 5
21272, 5
21273, 6
21274, 2
21275, 2
21276, 4
21277, 3
21278, 3
21279, 4
21280, 6
21281, 3
21282, 4
21283, 1
21284, 1
21285, 2
21286, 4
21287, 3
21288, 2
21289, 3
21290, 3
21292, 3
21293, 4
21294, 3
21295, 3
21296, 2
21297, 2
21298, 2
21299, 4
21300, 1
21301, 3
21302, 1
21304, 3
21305, 2
21306, 1
21307, 1
21308, 2
21309, 1
21311, 4
21312, 5
21315, 3
21316, 1
21317, 1
21318, 1
21319, 3
21320, 4
21321, 3
21322, 3
21323, 1
21324, 2
21325, 2
21326, 6
21327, 2
21328, 5
21329, 4
21330, 2
21331, 2
21332, 3
21333, 3
21334, 3
21335, 1
21336, 5
21337, 4
21338, 2
21339, 4
21340, 4
21341, 4
21342, 4
21343, 3
21344, 9
21345, 2
21346, 2
21347, 4
21348, 4
21349, 1
21350, 6
21351, 10
21352, 5
21353, 4
21354, 2
21355, 3
21356, 9
21357, 3
21358, 6
21359, 6
21360, 2
21361, 3
21362, 5
21363, 2
21364, 3
21365, 1
21366, 8
21367, 5
21368, 1
21370, 2
21371, 4
21372, 3
21373, 4
21375, 4
21376, 1
21377, 1
21378, 4
21379, 5
21380, 1
21381, 3
21382, 4
21383, 2
21384, 2
21385, 2
21386, 2
21387, 1
21388, 1
21389, 1
21390, 2
21391, 3
21392, 1
21393, 2
21395, 3
21396, 1
21397, 4
21398, 2
21399, 1
21400, 1
21401, 2
21402, 1
21404, 1
21405, 5
21406, 4
21407, 2
21408, 3
21409, 1
21410, 2
21411, 3
21412, 5
21413, 4
21414, 3
21415, 4
21416, 2
21417, 3
21418, 1
21419, 5
21420, 1
21421, 4
21422, 6
21424, 5
21425, 5
21426, 3
21427, 3
21428, 3
21429, 8
21430, 4
21431, 2
21432, 2
21433, 7
21435, 3
21436, 7
21437, 11
21438, 3
21439, 4
21440, 1
21441, 7
21442, 5
21443, 3
21444, 10
21445, 1
21446, 2
21447, 6
21448, 4
21449, 1
21450, 2
21451, 5
21452, 6
21453, 4
21455, 1
21456, 2
21457, 4
21458, 2
21459, 3
21460, 3
21461, 3
21462, 1
21463, 2
21464, 4
21465, 3
21466, 2
21467, 3
21468, 4
21469, 1
21470, 4
21472, 3
21474, 2
21475, 1
21476, 2
21477, 2
21478, 3
21480, 1
21481, 2
21482, 4
21483, 3
21485, 2
21486, 1
21487, 1
21488, 1
21489, 1
21490, 4
21491, 3
21492, 3
21493, 3
21494, 1
21495, 2
21496, 4
21497, 3
21498, 5
21499, 1
21500, 6
21501, 2
21502, 1
21503, 4
21504, 2
21505, 4
21506, 2
21507, 2
21508, 4
21509, 4
21510, 6
21511, 1
21512, 5
21513, 4
21514, 3
21515, 10
21517, 3
21518, 6
21519, 2
21520, 2
21521, 6
21522, 10
21523, 6
21524, 4
21525, 1
21526, 3
21527, 7
21528, 6
21529, 5
21530, 4
21531, 2
21532, 3
21533, 6
21534, 2
21535, 1
21536, 5
21537, 5
21538, 6
21539, 1
21541, 2
21542, 4
21543, 2
21544, 4
21545, 2
21546, 3
21547, 2
21548, 2
21549, 2
21550, 5
21551, 2
21552, 3
21553, 2
21554, 3
21555, 1
21556, 3
21558, 3
21559, 1
21561, 3
21562, 2
21563, 3
21564, 1
21566, 2
21567, 4
21568, 1
21569, 3
21570, 1
21571, 1
21572, 2
21574, 1
21575, 3
21576, 4
21577, 3
21578, 4
21579, 1
21580, 2
21581, 1
21582, 5
21583, 3
21584, 4
21585, 4
21586, 3
21587, 2
21588, 2
21589, 3
21590, 3
21591, 3
21592, 2
21593, 5
21594, 3
21595, 3
21596, 4
21597, 2
21598, 6
21599, 4
21600, 8
21601, 3
21602, 2
21603, 4
21604, 4
21605, 2
21606, 5
21607, 7
21608, 7
21609, 5
21610, 3
21611, 1
21612, 9
21613, 4
21614, 4
21615, 8
21616, 1
21617, 3
21618, 3
21619, 4
21620, 3
21621, 4
21622, 4
21623, 4
21624, 5
21626, 1
21627, 3
21628, 4
21629, 2
21630, 3
21631, 3
21632, 2
21633, 1
21634, 2
21635, 5
21636, 2
21637, 3
21638, 3
21639, 2
21640, 3
21641, 1
21642, 2
21643, 3
21645, 2
21646, 1
21647, 4
21648, 1
21649, 1
21650, 1
21651, 1
21652, 2
21653, 4
21654, 2
21655, 1
21656, 3
21657, 1
21659, 1
21660, 1
21661, 4
21662, 4
21663, 1
21664, 4
21665, 2
21666, 2
21667, 3
21668, 4
21669, 5
21670, 1
21671, 4
21672, 3
21673, 3
21674, 2
21675, 3
21676, 2
21677, 3
21678, 3
21679, 5
21680, 1
21681, 6
21682, 4
21683, 5
21684, 2
21685, 7
21686, 5
21687, 1
21688, 3
21689, 5
21690, 3
21691, 2
21692, 10
21693, 7
21694, 6
21695, 2
21696, 2
21697, 4
21698, 7
21699, 3
21700, 8
21701, 4
21703, 4
21704, 5
21705, 3
21706, 3
21707, 4
21708, 5
21709, 4
21710, 2
21712, 3
21713, 3
21714, 2
21715, 5
21716, 1
21717, 3
21718, 2
21719, 2
21720, 2
21721, 4
21722, 3
21723, 1
21724, 4
21725, 2
21726, 4
21727, 1
21729, 3
21730, 1
21731, 1
21732, 2
21733, 3
21735, 3
21736, 1
21737, 1
21738, 3
21739, 4
21740, 1
21741, 1
21742, 2
21743, 1
21744, 1
21746, 3
21747, 4
21748, 3
21749, 3
21750, 2
21751, 3
21753, 4
21754, 4
21755, 4
21756, 4
21757, 3
21758, 1
21759, 3
21760, 3
21761, 2
21762, 4
21763, 2
21764, 5
21765, 3
21766, 5
21767, 3
21768, 5
21769, 3
21770, 3
21771, 7
21772, 3
21773, 4
21774, 3
21775, 5
21776, 1
21777, 5
21778, 8
21779, 7
21780, 5
21781, 2
21782, 2
21783, 6
21784, 5
21785, 6
21786, 5
21787, 3
21788, 4
21789, 1
21790, 5
21791, 3
21792, 4
21793, 5
21794, 3
21795, 5
21798, 5
21799, 2
21800, 4
21801, 2
21802, 2
21803, 3
21804, 2
21805, 3
21806, 3
21807, 2
21808, 2
21809, 4
21810, 2
21811, 2
21812, 3
21813, 1
21814, 3
21816, 1
21817, 2
21818, 3
21819, 2
21820, 2
21822, 1
21823, 3
21824, 3
21825, 1
21826, 2
21827, 3
21829, 1
21830, 1
21831, 1
21832, 4
21833, 3
21834, 5
21835, 2
21836, 1
21837, 2
21838, 1
21839, 4
21840, 5
21841, 3
21842, 4
21843, 3
21844, 2
21845, 3
21846, 1
21847, 5
21848, 1
21849, 5
21850, 4
21851, 3
21852, 4
21853, 4
21854, 5
21855, 2
21856, 7
21857, 6
21858, 2
21859, 2
21860, 4
21861, 3
21862, 4
21863, 5
21864, 9
21865, 4
21866, 5
21867, 2
21868, 4
21869, 7
21870, 4
21871, 8
21872, 3
21873, 1
21874, 3
21875, 5
21876, 3
21877, 2
21878, 3
21879, 7
21880, 4
21881, 2
21883, 4
21884, 2
21885, 3
21886, 4
21887, 1
21888, 3
21889, 2
21890, 2
21891, 3
21892, 3
21893, 1
21894, 5
21895, 2
21896, 3
21897, 2
21898, 2
21899, 1
21900, 2
21901, 1
21902, 1
21903, 4
21904, 1
21905, 1
21906, 2
21907, 1
21908, 2
21909, 3
21910, 4
21913, 3
21914, 1
21915, 1
21916, 1
21917, 3
21918, 3
21919, 2
21920, 5
21921, 1
21922, 2
21923, 1
21924, 6
21925, 2
21926, 4
21927, 5
21928, 2
21929, 3
21930, 1
21931, 3
21932, 4
21933, 2
21934, 5
21935, 2
21936, 4
21937, 5
21938, 3
21939, 3
21940, 4
21941, 3
21942, 8
21943, 4
21944, 1
21945, 4
21946, 4
21947, 1
21948, 7
21949, 7
21950, 8
21951, 5
21952, 1
21953, 2
21954, 8
21955, 5
21956, 5
21957, 5
21958, 3
21959, 2
21960, 5
21961, 3
21962, 3
21963, 1
21964, 8
21965, 5
21966, 2
21968, 1
21969, 4
21970, 3
21971, 3
21972, 2
21973, 3
21974, 1
21975, 4
21976, 1
21977, 5
21978, 2
21979, 2
21980, 3
21981, 2
21982, 3
21983, 3
21985, 2
21986, 2
21988, 3
21989, 2
21990, 2
21991, 1
21992, 1
21993, 2
21994, 2
21995, 4
21996, 2
21998, 2
21999, 2
22001, 1
22002, 2
22003, 5
22004, 2
22005, 3
22006, 2
22007, 2
22008, 2
22009, 2
22010, 5
22011, 5
22012, 1
22013, 5
22014, 3
22015, 1
22016, 3
22017, 3
22018, 4
22019, 1
22020, 4
22021, 4
22022, 3
22023, 5
22024, 5
22025, 3
22026, 2
22027, 6
22028, 7
22029, 2
22030, 3
22031, 4
22032, 2
22033, 3
22034, 8
22035, 7
22036, 8
22037, 1
22038, 1
22039, 5
22040, 7
22041, 5
22042, 9
22043, 1
22044, 3
22045, 2
22046, 3
22047, 3
22048, 4
22049, 3
22050, 6
22051, 5
22052, 1
22053, 1
22054, 2
22055, 3
22056, 5
22057, 2
22058, 1
22059, 2
22060, 2
22061, 3
22062, 3
22063, 3
22064, 3
22065, 4
22066, 1
22067, 3
22068, 4
22070, 3
22072, 1
22073, 2
22074, 2
22075, 2
22076, 1
22077, 2
22079, 1
22080, 4
22081, 5
22084, 4
22086, 1
22088, 4
22089, 4
22090, 1
22091, 5
22092, 1
22093, 3
22095, 4
22096, 5
22097, 3
22098, 5
22099, 2
22100, 2
22101, 3
22102, 2
22103, 5
22104, 1
22105, 3
22106, 4
22107, 3
22108, 5
22109, 4
22110, 5
22111, 1
22112, 3
22113, 11
22114, 1
22115, 2
22116, 5
22117, 4
22119, 7
22120, 6
22121, 9
22122, 4
22123, 2
22124, 3
22125, 8
22126, 4
22127, 8
22128, 3
22129, 1
22130, 4
22131, 5
22132, 3
22133, 2
22134, 3
22135, 4
22136, 6
22137, 2
22138, 1
22140, 5
22141, 3
22142, 3
22143, 2
22144, 2
22145, 3
22146, 2
22147, 2
22148, 4
22149, 3
22150, 2
22151, 3
22152, 3
22153, 3
22154, 1
22155, 2
22156, 2
22158, 2
22159, 2
22160, 3
22161, 1
22162, 2
22164, 1
22165, 3
22166, 3
22167, 3
22169, 3
22170, 1
22171, 1
22172, 1
22173, 1
22174, 3
22175, 3
22176, 5
22177, 1
22178, 2
22179, 2
22180, 2
22181, 6
22182, 3
22183, 3
22184, 5
22185, 2
22186, 1
22187, 3
22188, 3
22189, 3
22190, 2
22191, 4
22192, 4
22193, 2
22194, 6
22195, 3
22196, 5
22197, 2
22198, 10
22199, 3
22200, 1
22201, 5
22202, 4
22203, 1
22204, 5
22205, 8
22206, 6
22207, 4
22208, 4
22209, 1
22210, 9
22211, 5
22212, 4
22213, 6
22214, 3
22215, 2
22216, 6
22217, 2
22218, 2
22219, 3
22220, 4
22221, 7
22222, 3
22223, 1
22225, 3
22226, 2
22227, 6
22228, 2
22229, 3
22230, 1
22231, 1
22232, 3
22233, 6
22234, 1
22235, 2
22236, 3
22237, 4
22238, 1
22239, 3
22240, 1
22241, 2
22242, 1
22243, 1
22244, 1
22245, 5
22247, 1
22248, 2
22250, 2
22251, 5
22252, 3
22254, 1
22255, 3
22257, 1
22258, 1
22259, 3
22260, 4
22261, 1
22262, 4
22263, 1
22264, 4
22265, 2
22266, 4
22267, 3
22268, 3
22269, 4
22270, 3
22271, 2
22272, 2
22273, 4
22274, 2
22275, 3
22276, 3
22277, 5
22278, 3
22279, 3
22280, 5
22281, 5
22282, 2
22283, 5
22284, 6
22285, 4
22287, 6
22288, 4
22289, 2
22290, 4
22291, 8
22292, 7
22293, 6
22294, 1
22295, 1
22296, 9
22297, 7
22298, 4
22299, 6
22301, 3
22302, 6
22303, 1
22304, 4
22305, 3
22306, 7
22307, 3
22308, 3
22310, 2
22311, 3
22312, 3
22313, 4
22314, 1
22315, 3
22316, 2
22317, 2
22318, 4
22319, 3
22320, 2
22321, 3
22322, 2
22323, 3
22324, 2
22325, 3
22326, 1
22327, 2
22328, 1
22330, 3
22331, 3
22332, 1
22333, 2
22335, 1
22336, 3
22337, 4
22338, 2
22340, 3
22341, 1
22342, 1
22343, 1
22344, 1
22345, 3
22346, 4
22347, 4
22348, 2
22349, 1
22350, 2
22351, 3
22352, 4
22353, 4
22354, 2
22355, 5
22356, 3
22357, 2
22358, 2
22359, 3
22360, 4
22361, 2
22362, 4
22363, 4
22364, 3
22365, 4
22366, 5
22367, 3
22368, 3
22369, 7
22370, 5
22372, 4
22373, 5
22374, 2
22375, 3
22376, 8
22377, 8
22378, 5
22379, 3
22380, 2
22381, 4
22382, 7
22383, 4
22384, 9
22385, 2
22386, 1
22387, 5
22388, 4
22389, 2
22390, 3
22391, 3
22392, 7
22393, 4
22394, 1
22395, 1
22396, 2
22397, 5
22398, 1
22399, 4
22400, 3
22401, 1
22402, 2
22403, 2
22404, 4
22405, 2
22406, 2
22407, 5
22408, 3
22409, 1
22410, 3
22411, 1
22412, 2
22413, 2
22415, 3
22416, 3
22417, 1
22418, 1
22419, 1
22420, 1
22421, 1
22422, 3
22423, 4
22424, 1
22425, 1
22426, 2
22427, 1
22428, 1
22430, 6
22431, 2
22432, 2
22433, 4
22434, 1
22435, 2
22436, 1
22437, 7
22438, 5
22440, 5
22441, 3
22442, 2
22443, 3
22444, 2
22445, 2
22446, 3
22447, 4
22448, 4
22449, 3
22450, 6
22451, 2
22452, 5
22453, 2
22454, 4
22455, 7
22456, 3
22457, 3
22458, 4
22459, 4
22460, 3
22461, 5
22462, 8
22463, 6
22464, 4
22465, 2
22466, 2
22467, 10
22468, 4
22469, 6
22470, 4
22471, 2
22472, 3
22473, 4
22474, 2
22475, 3
22476, 4
22477, 7
22478, 5
22479, 1
22481, 2
22482, 2
22483, 5
22484, 2
22485, 3
22486, 1
22487, 4
22488, 2
22489, 2
22490, 4
22491, 2
22492, 2
22493, 3
22494, 2
22495, 2
22496, 4
22498, 3
22500, 1
22501, 3
22502, 3
22503, 1
22504, 1
22505, 1
22506, 1
22507, 4
22508, 2
22509, 3
22511, 2
22512, 2
22513, 1
22515, 2
22516, 5
22517, 1
22518, 5
22519, 1
22520, 3
22521, 1
22522, 5
22523, 2
22524, 3
22525, 5
22526, 3
22527, 2
22528, 2
22529, 4
22530, 2
22531, 3
22532, 2
22533, 6
22534, 3
22535, 3
22536, 4
22537, 4
22538, 4
22539, 1
22540, 7
22541, 7
22542, 1
22543, 4
22544, 5
22545, 1
22546, 4
22547, 10
22548, 6
22549, 6
22550, 1
22551, 2
22552, 10
22553, 3
22554, 2
22555, 9
22556, 2
22557, 2
22558, 3
22559, 5
22560, 2
22561, 4
22562, 2
22563, 7
22564, 4
22565, 1
22566, 1
22567, 3
22568, 4
22569, 2
22570, 3
22571, 2
22572, 3
22573, 1
22574, 2
22575, 4
22576, 2
22577, 4
22578, 2
22579, 2
22580, 3
22581, 2
22582, 2
22583, 3
22585, 1
22586, 2
22587, 3
22588, 1
22589, 2
22590, 1
22591, 1
22592, 1
22593, 5
22594, 2
22595, 1
22596, 2
22597, 1
22598, 1
22599, 1
22600, 1
22601, 3
22602, 3
22603, 2
22604, 5
22605, 2
22606, 1
22607, 2
22608, 6
22609, 3
22610, 2
22611, 5
22612, 2
22613, 3
22614, 2
22615, 3
22616, 3
22617, 2
22618, 4
22619, 4
22620, 2
22621, 5
22622, 5
22623, 4
22624, 2
22625, 6
22626, 4
22627, 4
22628, 2
22629, 4
22630, 4
22631, 1
22632, 10
22633, 5
22634, 8
22635, 3
22636, 3
22637, 1
22638, 9
22639, 4
22640, 8
22641, 3
22642, 1
22643, 4
22644, 6
22645, 2
22646, 1
22647, 5
22648, 6
22649, 2
22650, 4
22652, 3
22653, 2
22654, 3
22655, 4
22656, 2
22657, 2
22658, 2
22659, 3
22660, 2
22661, 4
22662, 2
22663, 4
22664, 1
22665, 3
22666, 3
22667, 2
22669, 3
22670, 1
22671, 1
22672, 2
22673, 3
22674, 1
22675, 2
22677, 2
22678, 4
22679, 1
22680, 3
22682, 1
22683, 3
22685, 1
22686, 1
22687, 6
22688, 2
22689, 5
22691, 3
22692, 1
22693, 4
22694, 5
22695, 2
22696, 4
22697, 4
22698, 2
22699, 1
22700, 3
22701, 4
22702, 3
22703, 1
22704, 6
22705, 4
22706, 4
22707, 3
22708, 1
22709, 6
22710, 3
22711, 7
22712, 5
22713, 2
22714, 2
22715, 6
22716, 2
22717, 3
22718, 9
22719, 8
22720, 3
22721, 4
22722, 2
22723, 7
22724, 5
22725, 3
22726, 8
22727, 2
22728, 3
22729, 2
22730, 5
22731, 3
22732, 2
22733, 5
22734, 6
22735, 3
22736, 1
22737, 1
22738, 3
22739, 2
22740, 4
22741, 3
22742, 2
22743, 2
22744, 2
22745, 2
22746, 6
22747, 1
22748, 3
22749, 2
22750, 2
22751, 3
22752, 3
22753, 1
22754, 1
22755, 2
22756, 1
22757, 2
22758, 4
22760, 2
22761, 1
22762, 1
22763, 1
22764, 4
22765, 4
22768, 4
22770, 1
22771, 2
22772, 2
22773, 4
22774, 3
22775, 3
22776, 1
22777, 2
22778, 1
22779, 7
22780, 4
22781, 1
22782, 6
22783, 1
22784, 4
22785, 2
22786, 3
22787, 2
22788, 3
22789, 4
22790, 4
22791, 1
22792, 4
22793, 5
22794, 5
22795, 4
22796, 1
22797, 8
22798, 4
22799, 1
22800, 6
22801, 3
22802, 2
22803, 6
22804, 8
22805, 6
22806, 5
22807, 2
22808, 3
22809, 6
22810, 6
22811, 3
22812, 8
22813, 2
22814, 2
22815, 4
22816, 2
22817, 4
22818, 3
22819, 7
22820, 5
22821, 1
22823, 2
22824, 3
22825, 4
22826, 3
22827, 2
22828, 2
22829, 2
22830, 2
22831, 2
22832, 6
22834, 5
22835, 1
22836, 3
22837, 2
22838, 3
22840, 3
22841, 1
22843, 4
22844, 2
22845, 1
22846, 1
22847, 1
22848, 2
22849, 2
22850, 3
22851, 3
22853, 2
22854, 2
22856, 2
22858, 6
22859, 2
22860, 5
22861, 1
22862, 2
22863, 1
22864, 4
22865, 4
22866, 4
22867, 2
22868, 5
22869, 2
22870, 1
22871, 4
22872, 3
22873, 2
22874, 4
22875, 4
22876, 2
22877, 4
22878, 4
22879, 4
22880, 4
22881, 3
22882, 8
22883, 4
22884, 2
22885, 3
22886, 5
22887, 3
22888, 3
22889, 6
22890, 10
22891, 2
22892, 5
22893, 2
22894, 6
22895, 5
22896, 7
22897, 5
22898, 2
22899, 2
22900, 5
22901, 4
22902, 3
22903, 2
22904, 5
22905, 4
22906, 5
22909, 2
22910, 5
22911, 4
22912, 2
22913, 3
22914, 2
22915, 1
22916, 2
22917, 3
22918, 4
22919, 2
22920, 4
22921, 2
22922, 2
22923, 4
22925, 1
22926, 3
22928, 3
22929, 2
22930, 1
22931, 2
22932, 1
22934, 2
22935, 5
22936, 2
22937, 1
22938, 1
22939, 3
22941, 1
22942, 1
22943, 3
22944, 4
22945, 3
22946, 3
22947, 1
22948, 3
22949, 3
22950, 4
22951, 3
22952, 3
22953, 4
22954, 3
22955, 2
22956, 2
22957, 4
22958, 3
22959, 1
22960, 5
22961, 4
22962, 3
22963, 4
22964, 4
22965, 2
22966, 6
22967, 3
22968, 7
22969, 3
22970, 3
22971, 5
22972, 2
22973, 3
22974, 6
22975, 7
22976, 7
22977, 4
22978, 1
22979, 3
22980, 7
22981, 6
22982, 7
22983, 3
22984, 1
22985, 4
22986, 5
22987, 2
22988, 3
22989, 4
22990, 5
22991, 6
22992, 1
22994, 2
22995, 3
22996, 4
22997, 3
22998, 3
22999, 1
23000, 2
23001, 3
23002, 1
23003, 5
23004, 2
23005, 3
23006, 4
23007, 1
23008, 4
23009, 1
23010, 2
23011, 1
23012, 1
23013, 2
23014, 1
23015, 3
23017, 3
23019, 3
23020, 3
23021, 2
23022, 2
23024, 3
23025, 1
23026, 1
23027, 1
23028, 3
23029, 3
23030, 1
23031, 6
23032, 1
23033, 3
23035, 3
23036, 5
23037, 4
23038, 4
23039, 2
23040, 4
23042, 4
23043, 2
23044, 4
23045, 3
23046, 5
23047, 3
23048, 1
23049, 6
23050, 4
23051, 3
23052, 3
23053, 9
23054, 3
23055, 1
23056, 4
23057, 4
23058, 2
23059, 5
23060, 8
23061, 7
23062, 4
23063, 4
23064, 1
23065, 5
23066, 8
23067, 5
23068, 7
23069, 1
23070, 2
23071, 6
23072, 2
23073, 2
23074, 3
23075, 6
23076, 5
23077, 4
23080, 4
23081, 4
23082, 4
23083, 1
23084, 3
23085, 1
23086, 3
23087, 1
23088, 4
23089, 2
23090, 4
23091, 3
23092, 2
23093, 2
23094, 4
23096, 3
23098, 1
23099, 3
23100, 3
23101, 1
23102, 1
23103, 1
23104, 1
23105, 3
23106, 3
23107, 3
23109, 1
23110, 3
23112, 1
23113, 1
23114, 6
23116, 4
23117, 3
23118, 2
23119, 2
23120, 3
23121, 5
23122, 4
23123, 1
23124, 4
23125, 4
23126, 1
23127, 2
23128, 4
23129, 2
23130, 3
23131, 4
23132, 4
23133, 3
23134, 3
23135, 6
23136, 4
23137, 2
23138, 6
23139, 6
23140, 1
23141, 3
23142, 6
23143, 2
23144, 3
23145, 5
23146, 10
23147, 5
23148, 3
23149, 3
23150, 2
23151, 9
23152, 4
23153, 7
23154, 4
23155, 2
23156, 3
23157, 4
23158, 3
23159, 2
23160, 5
23161, 5
23162, 5
23163, 1
23165, 3
23166, 3
23167, 4
23168, 2
23169, 2
23170, 2
23171, 3
23172, 1
23173, 3
23174, 4
23175, 2
23176, 4
23177, 3
23178, 1
23179, 3
23180, 2
23181, 1
23182, 2
23183, 1
23184, 2
23185, 1
23186, 3
23187, 2
23188, 1
23190, 1
23191, 5
23192, 2
23193, 2
23195, 3
23196, 1
23197, 1
23199, 2
23200, 5
23201, 1
23202, 6
23203, 1
23204, 2
23205, 2
23206, 3
23207, 4
23208, 4
23209, 5
23210, 3
23211, 1
23212, 2
23213, 4
23214, 1
23215, 5
23216, 1
23217, 5
23218, 4
23220, 8
23221, 4
23222, 2
23223, 4
23224, 6
23225, 6
23226, 1
23227, 2
23228, 6
23229, 1
23230, 3
23231, 11
23232, 6
23233, 5
23234, 3
23235, 1
23236, 9
23237, 5
23238, 4
23239, 8
23241, 3
23242, 5
23243, 2
23244, 3
23245, 3
23246, 7
23247, 2
23248, 5
23250, 1
23251, 3
23252, 4
23253, 4
23254, 1
23255, 3
23256, 2
23257, 1
23258, 3
23259, 4
23260, 3
23261, 2
23262, 3
23263, 3
23264, 1
23265, 3
23266, 1
23267, 3
23269, 1
23270, 3
23271, 3
23273, 2
23274, 1
23275, 2
23276, 3
23277, 2
23278, 3
23281, 3
23282, 1
23283, 1
23284, 1
23285, 5
23286, 3
23287, 2
23288, 3
23289, 2
23290, 2
23291, 3
23292, 3
23293, 6
23294, 1
23295, 5
23296, 2
23297, 1
23298, 5
23299, 1
23300, 3
23301, 3
23302, 6
23303, 1
23304, 4
23305, 4
23306, 5
23307, 1
23308, 6
23309, 4
23310, 8
23312, 2
23313, 6
23314, 3
23315, 3
23316, 5
23317, 10
23318, 4
23319, 5
23320, 2
23321, 5
23322, 5
23323, 5
23324, 8
23325, 3
23326, 2
23327, 2
23328, 5
23329, 3
23330, 2
23331, 4
23332, 6
23333, 4
23334, 2
23336, 4
23337, 4
23338, 2
23339, 2
23340, 2
23341, 3
23342, 1
23343, 3
23344, 2
23345, 4
23346, 3
23347, 3
23348, 3
23349, 2
23350, 4
23353, 3
23354, 1
23355, 2
23356, 3
23357, 1
23358, 2
23359, 1
23360, 1
23361, 1
23362, 3
23363, 4
23364, 1
23365, 1
23366, 1
23367, 2
23369, 2
23370, 2
23371, 4
23372, 3
23373, 3
23374, 2
23375, 3
23377, 4
23378, 5
23379, 2
23380, 5
23381, 3
23382, 2
23383, 2
23384, 3
23385, 2
23386, 4
23387, 3
23388, 4
23389, 3
23390, 4
23391, 4
23392, 4
23393, 3
23394, 3
23395, 11
23396, 1
23397, 2
23398, 4
23399, 5
23400, 1
23401, 6
23402, 8
23403, 7
23404, 3
23405, 3
23406, 1
23407, 9
23408, 6
23409, 3
23410, 7
23411, 2
23412, 2
23413, 5
23414, 2
23415, 3
23416, 4
23417, 5
23418, 3
23419, 5
23422, 4
23423, 5
23424, 2
23425, 2
23426, 2
23427, 3
23428, 3
23429, 1
23430, 4
23431, 2
23432, 3
23433, 4
23434, 2
23435, 2
23436, 2
23437, 1
23438, 2
23439, 1
23440, 1
23441, 3
23442, 2
23443, 1
23444, 2
23445, 1
23446, 1
23447, 1
23448, 5
23449, 3
23451, 2
23452, 1
23453, 2
23455, 2
23456, 3
23457, 3
23458, 2
23459, 5
23460, 2
23461, 1
23462, 2
23463, 5
23464, 2
23465, 5
23466, 4
23467, 2
23468, 1
23469, 3
23470, 4
23471, 4
23473, 6
23474, 3
23475, 2
23476, 6
23477, 4
23478, 3
23479, 4
23480, 3
23481, 8
23482, 2
23483, 2
23484, 7
23485, 1
23486, 3
23487, 8
23488, 9
23489, 5
23490, 2
23491, 1
23492, 7
23493, 6
23494, 4
23495, 7
23496, 3
23497, 3
23498, 2
23499, 4
23500, 4
23501, 3
23502, 3
23503, 5
23504, 6
23507, 3
23508, 3
23509, 4
23510, 3
23511, 2
23512, 1
23513, 3
23514, 2
23515, 4
23516, 3
23517, 1
23518, 4
23519, 3
23520, 2
23521, 3
23522, 1
23523, 1
23524, 2
23525, 1
23526, 2
23527, 2
23528, 2
23529, 2
23531, 1
23532, 2
23533, 5
23534, 2
23535, 1
23536, 1
23537, 2
23538, 1
23539, 1
23541, 2
23542, 5
23543, 2
23544, 4
23545, 2
23546, 2
23547, 2
23548, 3
23549, 7
23550, 1
23551, 5
23552, 2
23553, 2
23554, 2
23555, 4
23556, 3
23557, 2
23558, 3
23559, 5
23560, 3
23561, 5
23562, 2
23563, 4
23564, 4
23565, 3
23566, 8
23567, 4
23568, 1
23569, 5
23570, 4
23572, 7
23573, 8
23574, 6
23575, 4
23576, 4
23578, 7
23579, 7
23580, 4
23581, 8
23583, 4
23584, 3
23585, 3
23586, 3
23587, 4
23588, 6
23589, 5
23590, 2
23592, 1
23593, 4
23594, 3
23595, 4
23596, 1
23597, 2
23598, 3
23599, 3
23600, 1
23601, 5
23602, 1
23603, 3
23604, 3
23605, 2
23606, 3
23607, 3
23609, 3
23610, 1
23612, 3
23613, 3
23615, 2
23616, 1
23617, 2
23618, 2
23619, 2
23620, 4
23622, 1
23623, 3
23625, 1
23626, 1
23627, 6
23628, 1
23629, 3
23630, 3
23631, 3
23632, 1
23633, 2
23634, 5
23635, 4
23636, 5
23637, 2
23638, 3
23639, 1
23640, 4
23641, 2
23642, 4
23643, 2
23644, 5
23645, 3
23646, 3
23647, 3
23648, 5
23649, 3
23650, 2
23651, 8
23652, 6
23653, 1
23654, 4
23655, 3
23656, 3
23657, 4
23658, 5
23659, 10
23660, 4
23661, 4
23662, 2
23663, 4
23664, 8
23665, 4
23666, 8
23667, 2
23668, 2
23669, 2
23670, 6
23671, 2
23672, 2
23673, 6
23674, 4
23675, 5
23676, 1
23678, 1
23679, 6
23680, 5
23682, 3
23683, 2
23684, 1
23685, 3
23686, 2
23687, 5
23688, 2
23689, 3
23690, 3
23691, 1
23692, 4
23693, 1
23694, 3
23696, 1
23697, 1
23698, 5
23700, 1
23701, 2
23702, 1
23703, 1
23704, 4
23705, 2
23706, 2
23707, 1
23708, 3
23710, 1
23711, 1
23712, 2
23713, 4
23714, 2
23715, 5
23717, 3
23718, 1
23719, 5
23720, 6
23721, 1
23722, 2
23723, 6
23724, 2
23726, 4
23727, 3
23728, 4
23729, 3
23730, 3
23731, 4
23732, 5
23733, 3
23734, 3
23735, 3
23736, 4
23737, 9
23738, 2
23739, 3
23740, 4
23741, 3
23742, 2
23743, 6
23744, 7
23745, 8
23746, 4
23747, 3
23748, 2
23749, 8
23750, 3
23751, 8
23752, 4
23753, 2
23754, 3
23755, 3
23756, 3
23757, 3
23758, 4
23759, 7
23760, 3
23761, 3
23763, 1
23764, 3
23765, 4
23766, 5
23767, 1
23768, 2
23769, 2
23770, 2
23771, 2
23772, 5
23773, 2
23774, 2
23775, 3
23776, 2
23777, 3
23778, 3
23780, 3
23782, 2
23783, 2
23784, 3
23786, 2
23787, 1
23788, 2
23789, 2
23790, 4
23791, 2
23792, 1
23793, 1
23794, 1
23795, 1
23796, 1
23797, 1
23798, 5
23799, 2
23800, 5
23801, 2
23802, 1
23803, 2
23804, 2
23805, 5
23806, 3
23807, 3
23808, 5
23809, 1
23810, 3
23811, 4
23812, 1
23813, 3
23814, 3
23815, 4
23816, 5
23817, 4
23818, 2
23819, 4
23820, 5
23821, 4
23822, 2
23823, 8
23824, 2
23825, 2
23826, 7
23827, 1
23828, 4
23829, 7
23830, 8
23831, 6
23832, 2
23833, 2
23834, 6
23835, 5
23836, 3
23837, 9
23838, 2
23839, 4
23840, 2
23841, 5
23842, 3
23843, 2
23844, 4
23845, 6
23846, 5
23849, 3
23850, 4
23851, 4
23852, 2
23853, 1
23854, 4
23855, 1
23856, 1
23857, 4
23858, 3
23859, 3
23860, 2
23861, 3
23862, 3
23863, 3
23864, 1
23865, 2
23866, 1
23867, 1
23868, 1
23869, 3
23870, 2
23871, 1
23872, 2
23873, 1
23874, 2
23875, 2
23876, 4
23877, 1
23878, 1
23879, 3
23881, 1
23882, 1
23883, 3
23884, 3
23885, 4
23886, 3
23887, 1
23888, 3
23889, 1
23890, 6
23891, 5
23893, 6
23894, 1
23895, 3
23896, 1
23897, 4
23898, 2
23899, 3
23900, 5
23901, 4
23902, 1
23903, 5
23904, 4
23905, 4
23906, 2
23907, 4
23908, 10
23909, 2
23910, 2
23911, 4
23912, 3
23913, 2
23914, 9
23915, 5
23916, 7
23917, 4
23918, 2
23919, 4
23920, 7
23921, 4
23922, 6
23923, 6
23925, 4
23926, 4
23927, 2
23928, 4
23929, 2
23930, 5
23931, 8
23932, 1
23934, 1
23935, 4
23936, 4
23937, 4
23939, 3
23940, 1
23941, 4
23942, 2
23943, 4
23944, 2
23945, 3
23946, 3
23947, 1
23948, 5
23949, 1
23951, 3
23952, 1
23954, 4
23955, 2
23957, 3
23959, 1
23960, 4
23961, 3
23962, 2
23964, 3
23965, 1
23967, 1
23968, 1
23969, 6
23970, 3
23971, 3
23972, 2
23973, 1
23974, 2
23975, 4
23976, 4
23977, 4
23978, 1
23979, 5
23980, 3
23981, 1
23982, 4
23983, 2
23984, 4
23985, 1
23986, 5
23987, 3
23988, 3
23989, 5
23990, 4
23991, 3
23992, 4
23993, 8
23994, 4
23995, 1
23996, 3
23997, 5
23998, 4
23999, 3
24000, 6
24001, 10
24002, 4
24003, 3
24004, 1
24005, 6
24006, 7
24007, 5
24008, 7
24009, 1
24010, 2
24011, 2
24012, 5
24013, 3
24014, 3
24015, 7
24016, 3
24017, 5
24020, 4
24021, 3
24022, 4
24023, 1
24024, 2
24025, 2
24026, 3
24027, 2
24028, 5
24029, 2
24030, 1
24031, 4
24032, 3
24033, 3
24034, 2
24035, 1
24036, 2
24037, 2
24039, 2
24040, 2
24041, 2
24042, 2
24043, 1
24045, 3
24046, 2
24047, 5
24050, 3
24051, 1
24052, 1
24054, 3
24055, 4
24056, 2
24057, 6
24059, 3
24060, 2
24061, 6
24062, 1
24063, 3
24064, 5
24065, 2
24066, 2
24067, 3
24068, 3
24069, 3
24070, 3
24071, 1
24072, 7
24073, 2
24074, 5
24075, 4
24076, 5
24077, 2
24078, 4
24079, 8
24080, 2
24081, 3
24082, 4
24083, 3
24084, 2
24085, 6
24086, 9
24087, 4
24088, 5
24089, 3
24090, 1
24091, 10
24092, 4
24093, 6
24094, 4
24095, 2
24096, 2
24097, 4
24098, 3
24099, 4
24100, 2
24101, 7
24102, 3
24103, 4
24105, 2
24106, 3
24107, 3
24108, 4
24109, 1
24110, 3
24111, 3
24112, 1
24113, 2
24114, 5
24115, 2
24116, 2
24117, 4
24118, 2
24119, 3
24120, 2
24122, 3
24123, 1
24124, 1
24125, 1
24126, 3
24127, 1
24128, 3
24130, 1
24131, 4
24132, 4
24133, 1
24135, 3
24136, 1
24137, 1
24139, 1
24140, 6
24141, 2
24142, 3
24143, 3
24145, 3
24146, 4
24147, 5
24148, 3
24149, 1
24150, 6
24151, 2
24152, 3
24153, 1
24154, 4
24155, 2
24156, 3
24157, 7
24159, 7
24160, 2
24161, 3
24162, 3
24163, 4
24164, 6
24165, 6
24166, 1
24167, 4
24168, 5
24169, 2
24170, 3
24171, 8
24172, 7
24173, 5
24174, 4
24175, 1
24176, 8
24177, 5
24178, 3
24179, 8
24180, 1
24181, 3
24182, 2
24183, 6
24184, 3
24185, 1
24186, 5
24187, 7
24188, 3
24189, 1
24191, 4
24192, 3
24193, 3
24194, 3
24195, 3
24196, 2
24197, 2
24198, 2
24199, 4
24200, 2
24201, 3
24202, 3
24203, 2
24204, 2
24205, 4
24207, 3
24208, 1
24210, 2
24211, 3
24212, 1
24213, 2
24214, 1
24215, 1
24216, 2
24217, 4
24218, 3
24220, 1
24221, 3
24223, 1
24224, 1
24225, 2
24226, 4
24227, 4
24228, 3
24229, 1
24230, 2
24231, 4
24232, 4
24233, 2
24234, 3
24235, 5
24236, 2
24237, 3
24238, 3
24239, 1
24240, 3
24241, 4
24242, 3
24243, 3
24244, 5
24245, 4
24246, 3
24247, 4
24248, 3
24249, 3
24250, 9
24251, 2
24252, 3
24253, 5
24254, 3
24255, 3
24256, 4
24257, 10
24258, 5
24259, 5
24260, 2
24261, 2
24262, 10
24263, 2
24264, 7
24265, 4
24266, 1
24267, 5
24268, 4
24269, 3
24270, 3
24271, 2
24272, 7
24273, 4
24274, 2
24276, 1
24277, 5
24278, 2
24279, 4
24280, 2
24281, 1
24282, 3
24283, 2
24284, 3
24285, 4
24286, 2
24287, 2
24288, 3
24289, 4
24290, 3
24291, 1
24292, 1
24293, 2
24294, 1
24296, 4
24297, 2
24298, 1
24299, 1
24300, 1
24301, 2
24302, 3
24303, 1
24304, 4
24306, 2
24307, 2
24309, 1
24310, 2
24311, 4
24312, 3
24313, 4
24314, 1
24315, 3
24316, 1
24317, 4
24318, 5
24319, 2
24320, 4
24321, 4
24322, 1
24323, 3
24324, 3
24325, 3
24326, 3
24327, 1
24328, 6
24329, 3
24330, 5
24331, 2
24332, 4
24333, 4
24334, 4
24335, 7
24336, 4
24337, 2
24338, 3
24339, 5
24340, 2
24341, 3
24342, 10
24343, 7
24344, 4
24345, 3
24346, 2
24347, 7
24348, 5
24349, 6
24350, 5
24351, 2
24352, 4
24353, 2
24354, 4
24355, 3
24356, 2
24357, 5
24358, 7
24359, 3
24362, 5
24363, 2
24364, 4
24365, 2
24366, 3
24367, 2
24368, 1
24369, 2
24370, 4
24371, 2
24372, 3
24373, 4
24374, 3
24375, 1
24376, 3
24377, 1
24378, 1
24379, 2
24380, 1
24381, 3
24382, 3
24384, 2
24385, 1
24386, 1
24387, 3
24388, 3
24389, 3
24391, 1
24392, 2
24393, 1
24394, 1
24395, 1
24396, 6
24397, 1
24398, 4
24399, 2
24400, 3
24401, 1
24402, 2
24403, 4
24404, 6
24405, 1
24406, 4
24407, 1
24408, 4
24409, 2
24410, 4
24411, 2
24412, 3
24413, 2
24414, 5
24415, 3
24416, 6
24417, 4
24418, 3
24419, 3
24420, 3
24421, 9
24422, 1
24423, 3
24424, 4
24425, 4
24426, 2
24427, 7
24428, 7
24429, 6
24430, 5
24431, 2
24432, 2
24433, 9
24434, 4
24435, 8
24436, 2
24437, 1
24438, 5
24439, 3
24440, 4
24441, 2
24442, 7
24443, 3
24444, 4
24445, 2
24447, 3
24448, 2
24449, 4
24450, 4
24452, 3
24453, 2
24454, 2
24455, 3
24456, 5
24457, 1
24458, 5
24459, 1
24460, 3
24461, 3
24462, 1
24463, 1
24464, 2
24465, 1
24466, 1
24467, 2
24468, 3
24469, 1
24470, 2
24472, 3
24473, 2
24474, 2
24475, 3
24476, 1
24477, 1
24478, 2
24479, 1
24480, 1
24481, 1
24482, 5
24483, 2
24484, 3
24485, 3
24486, 3
24487, 1
24488, 4
24489, 4
24490, 3
24491, 4
24492, 3
24493, 2
24494, 3
24495, 3
24496, 1
24497, 3
24498, 3
24499, 5
24500, 4
24501, 3
24502, 5
24503, 2
24504, 5
24505, 2
24506, 5
24507, 7
24508, 2
24509, 3
24510, 5
24511, 3
24512, 4
24513, 8
24514, 6
24515, 5
24516, 3
24517, 1
24518, 6
24519, 7
24520, 3
24521, 8
24522, 2
24523, 4
24524, 2
24525, 4
24526, 3
24527, 3
24528, 5
24529, 5
24530, 3
24531, 1
24533, 5
24534, 3
24535, 3
24536, 2
24537, 3
24538, 2
24539, 1
24540, 2
24541, 4
24542, 3
24543, 3
24544, 2
24545, 4
24546, 1
24547, 3
24548, 1
24549, 3
24551, 1
24552, 2
24553, 2
24554, 3
24555, 1
24556, 1
24558, 4
24559, 2
24560, 4
24562, 2
24563, 1
24564, 2
24566, 1
24567, 4
24568, 3
24569, 2
24570, 5
24572, 3
24573, 2
24574, 5
24575, 3
24576, 2
24577, 6
24578, 2
24579, 2
24580, 4
24581, 2
24582, 3
24583, 1
24584, 4
24585, 6
24586, 2
24587, 4
24588, 4
24589, 5
24590, 2
24591, 5
24592, 8
24594, 3
24595, 6
24596, 2
24597, 2
24598, 7
24599, 10
24600, 4
24601, 4
24602, 2
24603, 3
24604, 8
24605, 3
24606, 9
24607, 3
24609, 4
24610, 6
24611, 2
24612, 3
24613, 3
24614, 6
24615, 4
24616, 2
24618, 3
24619, 4
24620, 3
24621, 2
24622, 3
24623, 2
24624, 1
24625, 3
24626, 4
24627, 2
24628, 1
24629, 5
24630, 1
24631, 3
24632, 1
24633, 4
24634, 1
24635, 2
24636, 1
24637, 1
24638, 3
24639, 2
24640, 1
24641, 2
24642, 1
24644, 5
24645, 1
24646, 3
24648, 3
24649, 1
24650, 1
24651, 1
24653, 7
24654, 1
24655, 5
24657, 3
24658, 2
24659, 4
24660, 6
24661, 1
24662, 3
24663, 5
24665, 3
24666, 3
24667, 4
24668, 2
24669, 2
24670, 6
24671, 3
24672, 2
24673, 5
24674, 4
24675, 4
24676, 3
24677, 9
24678, 2
24679, 1
24680, 4
24681, 6
24682, 2
24683, 5
24684, 7
24685, 6
24686, 7
24687, 1
24688, 1
24689, 10
24690, 5
24691, 3
24692, 7
24693, 1
24694, 4
24695, 4
24696, 2
24697, 2
24698, 4
24699, 6
24700, 5
24701, 3
24703, 1
24704, 3
24705, 5
24706, 2
24707, 2
24708, 1
24709, 3
24710, 2
24711, 4
24712, 4
24713, 1
24714, 3
24715, 3
24716, 3
24717, 1
24718, 4
24720, 3
24721, 1
24723, 3
24724, 3
24726, 2
24727, 1
24728, 2
24729, 2
24730, 4
24731, 2
24733, 2
24734, 1
24735, 1
24736, 1
24737, 1
24738, 5
24739, 3
24740, 5
24742, 1
24743, 3
24744, 1
24745, 6
24746, 4
24747, 4
24748, 3
24749, 2
24750, 2
24751, 4
24752, 2
24753, 3
24754, 1
24755, 6
24756, 2
24757, 4
24758, 4
24759, 4
24760, 4
24761, 2
24762, 5
24763, 9
24764, 1
24765, 3
24766, 6
24767, 1
24768, 2
24769, 10
24770, 5
24771, 6
24772, 5
24773, 1
24774, 6
24775, 6
24776, 5
24777, 6
24778, 3
24779, 2
24780, 2
24781, 6
24782, 2
24783, 2
24784, 4
24785, 7
24786, 4
24787, 1
24789, 2
24790, 5
24791, 1
24792, 5
24794, 4
24795, 1
24796, 2
24797, 3
24798, 5
24799, 1
24800, 4
24801, 1
24802, 4
24803, 2
24804, 2
24805, 2
24806, 1
24807, 1
24808, 2
24809, 2
24810, 2
24811, 2
24812, 1
24813, 1
24814, 1
24815, 5
24816, 1
24817, 2
24819, 4
24821, 1
24823, 5
24824, 2
24825, 3
24826, 3
24827, 2
24828, 2
24829, 2
24830, 2
24831, 5
24832, 4
24833, 5
24834, 2
24835, 2
24836, 3
24837, 3
24838, 3
24839, 2
24840, 4
24841, 4
24842, 2
24843, 5
24844, 3
24845, 4
24846, 4
24847, 3
24848, 11
24849, 1
24850, 1
24851, 5
24852, 4
24853, 2
24854, 3
24855, 10
24856, 6
24857, 4
24858, 3
24859, 1
24860, 10
24861, 3
24862, 7
24863, 5
24864, 1
24865, 4
24866, 3
24867, 3
24868, 4
24869, 2
24870, 5
24871, 7
24872, 2
24874, 1
24875, 3
24876, 3
24877, 5
24878, 1
24879, 2
24880, 2
24881, 3
24882, 1
24883, 6
24884, 2
24885, 2
24886, 2
24887, 4
24888, 2
24889, 2
24890, 1
24891, 3
24892, 1
24894, 2
24895, 2
24896, 2
24897, 3
24899, 1
24900, 4
24901, 2
24902, 2
24903, 1
24904, 3
24906, 1
24907, 2
24909, 5
24910, 2
24911, 4
24912, 3
24913, 1
24914, 2
24915, 2
24916, 4
24917, 6
24918, 2
24919, 4
24920, 2
24921, 2
24922, 3
24923, 2
24924, 4
24925, 3
24926, 3
24927, 4
24928, 4
24929, 5
24930, 2
24931, 3
24932, 5
24933, 4
24934, 8
24935, 1
24936, 3
24937, 6
24938, 1
24939, 2
24940, 10
24941, 8
24942, 4
24943, 4
24945, 7
24946, 6
24947, 4
24948, 7
24949, 3
24950, 2
24951, 3
24952, 5
24953, 2
24954, 3
24955, 4
24956, 5
24957, 6
24959, 1
24960, 1
24961, 4
24962, 4
24963, 3
24964, 2
24965, 3
24966, 1
24967, 2
24968, 4
24969, 2
24970, 3
24971, 3
24972, 3
24973, 2
24974, 3
24975, 1
24977, 3
24978, 1
24979, 1
24980, 3
24981, 2
24982, 1
24983, 2
24985, 1
24986, 4
24987, 3
24988, 2
24989, 2
24990, 2
24992, 1
24993, 1
24994, 2
24995, 5
24996, 2
24997, 4
24998, 1
24999, 2
25000, 1
25001, 5
25002, 6
25003, 1
25004, 5
25005, 2
25006, 1
25007, 5
25008, 1
25009, 5
25010, 1
25011, 4
25012, 5
25013, 1
25014, 5
25015, 2
25016, 6
25017, 1
25018, 6
25019, 8
25020, 2
25021, 2
25022, 3
25023, 6
25025, 5
25026, 10
25027, 6
25028, 5
25029, 2
25030, 2
25031, 8
25032, 3
25033, 8
25034, 4
25035, 2
25036, 3
25037, 7
25038, 1
25039, 2
25040, 4
25041, 5
25042, 2
25043, 6
25045, 1
25046, 4
25047, 3
25048, 5
25049, 1
25050, 3
25051, 1
25052, 2
25053, 2
25054, 4
25055, 3
25056, 2
25057, 2
25058, 4
25059, 2
25060, 3
25062, 3
25064, 2
25065, 2
25066, 2
25067, 2
25068, 1
25069, 1
25071, 3
25072, 4
25073, 3
25075, 1
25076, 3
25078, 1
25079, 2
25080, 4
25081, 2
25082, 4
25083, 2
25084, 2
25085, 2
25086, 2
25087, 4
25088, 5
25089, 5
25090, 2
25091, 2
25092, 2
25093, 5
25094, 1
25095, 4
25096, 1
25097, 6
25098, 3
25099, 2
25100, 6
25101, 1
25102, 5
25103, 4
25104, 6
25105, 5
25106, 1
25107, 5
25108, 4
25109, 2
25110, 3
25111, 6
25112, 10
25113, 4
25114, 4
25115, 2
25116, 3
25117, 8
25118, 6
25119, 6
25120, 2
25121, 3
25122, 3
25123, 5
25124, 3
25125, 2
25126, 7
25127, 2
25128, 6
25131, 2
25132, 6
25133, 3
25134, 1
25135, 2
25136, 2
25137, 3
25138, 1
25139, 5
25140, 3
25141, 3
25142, 1
25143, 4
25144, 2
25145, 4
25147, 3
25149, 1
25150, 1
25151, 3
25152, 2
25153, 1
25154, 2
25155, 1
25156, 1
25157, 4
25158, 3
25159, 1
25161, 3
25162, 1
25163, 1
25164, 1
25165, 4
25166, 3
25167, 1
25168, 4
25169, 1
25170, 3
25171, 2
25172, 5
25173, 3
25174, 4
25175, 3
25176, 3
25177, 2
25178, 1
25179, 5
25180, 2
25181, 3
25182, 4
25183, 5
25184, 2
25185, 5
25186, 4
25187, 3
25188, 3
25189, 3
25190, 9
25191, 2
25192, 3
25193, 3
25194, 5
25195, 1
25196, 5
25197, 9
25198, 7
25199, 5
25200, 2
25202, 11
25203, 4
25204, 5
25205, 6
25206, 1
25207, 3
25208, 5
25209, 1
25210, 2
25211, 5
25212, 7
25214, 6
25216, 1
25217, 4
25218, 3
25219, 5
25221, 3
25222, 2
25223, 2
25224, 2
25225, 5
25226, 3
25227, 1
25228, 3
25229, 2
25230, 3
25231, 2
25232, 2
25233, 2
25234, 1
25235, 1
25236, 1
25237, 3
25238, 1
25239, 2
25240, 1
25242, 5
25243, 2
25244, 2
25245, 1
25246, 3
25247, 1
25249, 1
25250, 1
25251, 4
25252, 4
25253, 4
25254, 2
25255, 1
25256, 2
25257, 5
25258, 1
25259, 6
25260, 4
25261, 3
25262, 1
25263, 3
25264, 2
25265, 4
25266, 2
25267, 2
25268, 5
25269, 3
25270, 5
25271, 3
25272, 4
25273, 4
25274, 3
25275, 4
25276, 8
25278, 3
25279, 7
25280, 1
25281, 4
25282, 6
25283, 8
25284, 7
25285, 3
25286, 1
25287, 5
25288, 6
25289, 5
25290, 9
25292, 2
25293, 4
25294, 4
25295, 4
25296, 1
25297, 6
25298, 5
25299, 4
25300, 1
25302, 5
25303, 2
25304, 2
25305, 4
25306, 1
25307, 4
25308, 1
25309, 2
25310, 4
25311, 3
25312, 2
25313, 3
25314, 2
25315, 3
25316, 3
25317, 1
25318, 3
25320, 1
25321, 3
25322, 3
25324, 1
25325, 2
25326, 1
25327, 1
25328, 4
25329, 3
25330, 1
25332, 3
25333, 1
25335, 1
25336, 4
25337, 4
25338, 1
25339, 5
25340, 1
25341, 2
25342, 3
25343, 3
25344, 3
25345, 4
25346, 5
25347, 3
25348, 1
25349, 3
25350, 3
25351, 2
25352, 4
25353, 4
25354, 3
25355, 3
25356, 2
25357, 8
25358, 1
25359, 4
25360, 4
25361, 8
25362, 3
25363, 1
25364, 5
25365, 4
25366, 1
25367, 7
25368, 7
25369, 6
25370, 5
25371, 3
25372, 1
25373, 7
25374, 7
25375, 5
25376, 5
25377, 2
25378, 3
25379, 5
25380, 1
25381, 4
25382, 1
25383, 7
25384, 4
25385, 4
25388, 5
25389, 4
25390, 3
25391, 2
25392, 2
25393, 3
25394, 1
25395, 3
25396, 4
25397, 1
25398, 3
25399, 4
25400, 2
25401, 3
25402, 2
25403, 1
25404, 2
25405, 1
25406, 1
25407, 3
25409, 3
25410, 1
25411, 1
25412, 1
25413, 3
25414, 3
25415, 3
25417, 3
25418, 1
25420, 1
25421, 2
25422, 3
25423, 2
25424, 4
25425, 4
25426, 2
25427, 1
25428, 2
25429, 6
25430, 4
25431, 4
25432, 3
25433, 1
25434, 3
25435, 2
25436, 4
25437, 3
25438, 1
25439, 5
25440, 3
25441, 4
25442, 5
25443, 3
25444, 3
25445, 4
25446, 8
25447, 4
25448, 1
25449, 5
25450, 4
25451, 1
25452, 6
25453, 6
25454, 8
25455, 4
25456, 4
25457, 1
25458, 7
25459, 4
25460, 6
25461, 8
25462, 1
25463, 2
25464, 6
25465, 3
25466, 1
25467, 2
25468, 5
25469, 7
25470, 3
25471, 1
25473, 5
25474, 2
25475, 3
25476, 3
25477, 3
25478, 1
25479, 2
25480, 2
25481, 4
25482, 3
25483, 2
25484, 4
25485, 2
25486, 3
25487, 3
25489, 2
25490, 2
25492, 2
25493, 4
25495, 2
25496, 1
25497, 1
25498, 2
25499, 3
25500, 3
25501, 1
25502, 1
25503, 2
25504, 1
25505, 1
25507, 5
25508, 2
25509, 5
25510, 2
25511, 2
25512, 1
25513, 3
25514, 4
25515, 3
25516, 3
25517, 6
25518, 2
25519, 1
25520, 4
25521, 3
25522, 2
25523, 2
25524, 3
25525, 4
25526, 4
25527, 4
25528, 5
25529, 4
25530, 1
25531, 6
25532, 8
25533, 1
25534, 4
25535, 4
25536, 3
25537, 2
25538, 5
25539, 10
25540, 5
25541, 5
25542, 2
25543, 2
25544, 9
25545, 3
25546, 8
25547, 3
25548, 1
25549, 3
25550, 6
25551, 1
25552, 3
25553, 4
25554, 6
25555, 6
25556, 1
25558, 1
25559, 4
25560, 5
25561, 1
25562, 4
25563, 1
25564, 2
25565, 3
25566, 2
25567, 4
25568, 2
25569, 2
25570, 4
25571, 3
25573, 4
25574, 1
25575, 2
25576, 1
25577, 1
25578, 1
25579, 4
25580, 1
25581, 1
25582, 1
25583, 2
25584, 2
25585, 4
25586, 2
25588, 3
25589, 1
25591, 1
25592, 3
25593, 4
25594, 2
25595, 4
25596, 1
25597, 2
25598, 2
25599, 5
25600, 4
25601, 1
25602, 4
25603, 5
25604, 1
25605, 3
25606, 3
25607, 2
25608, 3
25609, 4
25610, 5
25611, 2
25612, 5
25613, 4
25614, 3
25615, 4
25616, 2
25617, 5
25618, 7
25619, 2
25620, 4
25621, 2
25622, 3
25623, 5
25624, 7
25625, 8
25626, 5
25627, 3
25628, 1
25629, 11
25630, 1
25631, 6
25632, 6
25633, 2
25634, 3
25635, 1
25636, 6
25637, 3
25638, 2
25639, 6
25640, 6
25641, 2
25642, 1
25644, 5
25645, 2
25646, 5
25647, 1
25648, 2
25649, 3
25650, 2
25651, 1
25652, 4
25653, 3
25654, 2
25655, 3
25656, 4
25657, 2
25658, 2
25659, 1
25660, 2
25661, 2
25663, 2
25664, 2
25665, 2
25666, 3
25668, 1
25669, 2
25670, 4
25671, 1
25672, 2
25673, 1
25674, 3
25676, 1
25677, 1
25678, 4
25679, 3
25680, 2
25681, 4
25682, 2
25683, 2
25684, 1
25685, 5
25686, 2
25687, 5
25688, 5
25689, 1
25690, 3
25691, 2
25692, 4
25693, 4
25694, 1
25695, 4
25696, 3
25697, 3
25698, 6
25699, 4
25700, 3
25701, 2
25702, 3
25703, 11
25704, 1
25705, 2
25706, 4
25707, 4
25708, 4
25709, 8
25710, 5
25711, 6
25712, 4
25713, 1
25714, 3
25715, 10
25716, 3
25717, 5
25718, 6
25719, 1
25720, 3
25721, 5
25722, 3
25723, 2
25724, 3
25725, 6
25726, 6
25727, 1
25729, 1
25730, 6
25731, 2
25732, 4
25733, 1
25734, 3
25735, 1
25736, 1
25737, 3
25738, 5
25739, 3
25740, 1
25741, 3
25742, 3
25743, 3
25744, 2
25745, 1
25746, 2
25747, 1
25748, 1
25749, 2
25750, 3
25751, 1
25752, 2
25754, 3
25755, 3
25756, 1
25757, 3
25759, 2
25760, 1
25761, 2
25763, 2
25764, 4
25765, 3
25766, 5
25767, 1
25768, 2
25769, 1
25770, 4
25771, 4
25772, 4
25773, 4
25774, 2
25775, 3
25776, 2
25777, 3
25778, 1
25779, 5
25780, 2
25781, 5
25782, 4
25783, 5
25784, 3
25785, 2
25786, 4
25787, 3
25788, 8
25789, 4
25790, 3
25791, 2
25792, 5
25793, 3
25794, 3
25795, 8
25796, 4
25797, 8
25798, 3
25799, 2
25800, 5
25801, 6
25802, 7
25803, 6
25804, 1
25805, 3
25806, 2
25807, 7
25809, 5
25810, 6
25811, 2
25812, 5
25814, 1
25815, 4
25816, 2
25817, 4
25818, 2
25819, 2
25820, 3
25821, 1
25822, 3
25823, 4
25824, 2
25825, 3
25826, 3
25827, 2
25828, 1
25829, 4
25830, 1
25831, 1
25832, 2
25833, 2
25834, 1
25835, 4
25837, 3
25839, 1
25840, 2
25841, 4
25842, 3
25844, 2
25845, 1
25846, 1
25847, 1
25848, 1
25849, 4
25850, 3
25851, 3
25852, 3
25853, 2
25854, 2
25855, 2
25856, 4
25857, 6
25858, 2
25859, 4
25860, 3
25861, 1
25862, 4
25863, 1
25864, 3
25865, 3
25866, 4
25867, 4
25868, 3
25869, 4
25870, 4
25871, 2
25872, 5
25873, 5
25874, 6
25875, 3
25876, 2
25877, 5
25878, 3
25879, 4
25880, 5
25881, 8
25882, 6
25883, 4
25884, 1
25885, 5
25886, 7
25887, 4
25888, 5
25889, 6
25890, 3
25891, 1
25892, 5
25893, 3
25894, 2
25895, 3
25896, 7
25897, 5
25898, 1
25900, 2
25901, 4
25902, 3
25903, 3
25904, 2
25905, 2
25906, 3
25907, 2
25908, 3
25909, 3
25910, 2
25911, 3
25912, 3
25913, 3
25914, 2
25915, 2
25916, 1
25917, 2
25918, 1
25919, 1
25920, 2
25921, 3
25922, 1
25923, 1
25924, 1
25925, 2
25926, 1
25927, 5
25928, 2
25929, 1
25930, 2
25931, 1
25932, 1
25933, 1
25934, 2
25935, 4
25936, 3
25937, 3
25938, 2
25939, 2
25940, 1
25941, 3
25942, 5
25943, 4
25944, 2
25945, 4
25946, 4
25947, 2
25948, 1
25949, 4
25950, 3
25951, 2
25952, 5
25953, 3
25954, 5
25955, 4
25956, 3
25957, 3
25958, 2
25959, 6
25960, 7
25961, 3
25962, 4
25963, 3
25964, 1
25965, 6
25966, 7
25967, 9
25968, 3
25969, 3
25970, 3
25971, 8
25972, 2
25973, 5
25974, 8
25975, 1
25976, 4
25977, 2
25978, 4
25979, 3
25980, 4
25981, 6
25982, 4
25983, 3
25985, 1
25986, 4
25987, 2
25988, 5
25989, 1
25990, 2
25991, 2
25992, 2
25993, 2
25994, 5
25995, 3
25996, 2
25997, 4
25998, 1
25999, 3
26000, 3
26002, 2
26003, 1
26004, 1
26005, 3
26006, 3
26007, 1
26008, 2
26011, 4
26012, 3
26013, 3
26015, 1
26016, 2
26017, 1
26018, 1
26019, 1
26020, 5
26021, 2
26022, 4
26023, 2
26024, 2
26025, 2
26026, 1
26027, 6
26028, 5
26029, 1
26030, 5
26031, 1
26032, 4
26033, 3
26034, 2
26035, 3
26036, 2
26037, 5
26038, 4
26040, 6
26041, 3
26042, 5
26043, 4
26044, 5
26045, 6
26046, 3
26047, 1
26048, 5
26049, 3
26050, 4
26051, 7
26052, 9
26053, 3
26054, 5
26055, 1
26056, 3
26057, 9
26058, 3
26059, 9
26060, 2
26061, 1
26062, 3
26063, 6
26064, 2
26065, 4
26066, 1
26067, 6
26068, 7
26071, 4
26072, 2
26073, 3
26074, 3
26075, 2
26076, 3
26077, 1
26078, 3
26079, 2
26080, 4
26081, 3
26082, 2
26083, 4
26084, 2
26085, 4
26087, 3
26089, 1
26090, 1
26091, 4
26092, 1
26093, 2
26094, 1
26095, 1
26097, 5
26098, 4
26100, 1
26101, 2
26102, 1
26103, 1
26104, 1
26105, 5
26106, 1
26107, 3
26108, 3
26109, 1
26110, 3
26111, 1
26112, 5
26113, 3
26114, 4
26115, 5
26116, 2
26117, 2
26118, 2
26119, 4
26120, 3
26121, 2
26122, 2
26123, 6
26124, 1
26125, 7
26126, 3
26127, 3
26128, 3
26129, 3
26130, 10
26131, 2
26132, 2
26133, 5
26134, 4
26136, 5
26137, 8
26138, 9
26139, 3
26140, 4
26142, 10
26143, 4
26144, 4
26145, 8
26147, 4
26148, 5
26149, 3
26150, 1
26151, 3
26152, 7
26153, 3
26154, 4
26157, 5
26158, 2
26159, 4
26160, 2
26161, 3
26162, 2
26163, 1
26164, 2
26165, 5
26166, 2
26167, 3
26168, 3
26169, 3
26170, 3
26171, 2
26173, 3
26175, 2
26176, 1
26177, 4
26178, 1
26179, 1
26180, 1
26181, 2
26182, 3
26183, 3
26184, 2
26186, 1
26187, 3
26189, 1
26190, 2
26191, 4
26192, 2
26193, 3
26194, 4
26195, 1
26196, 2
26197, 3
26198, 4
26199, 5
26200, 1
26201, 5
26202, 1
26203, 3
26204, 4
26205, 2
26206, 4
26207, 2
26208, 5
26209, 1
26210, 3
26211, 6
26212, 4
26213, 3
26214, 3
26215, 5
26216, 8
26217, 1
26218, 2
26219, 6
26220, 2
26221, 1
26222, 7
26223, 9
26224, 6
26225, 4
26226, 1
26227, 8
26228, 6
26229, 3
26230, 6
26231, 4
26232, 1
26233, 3
26234, 6
26235, 1
26236, 3
26237, 5
26238, 5
26239, 6
26242, 4
26243, 2
26244, 3
26245, 4
26247, 4
26248, 1
26249, 3
26250, 3
26251, 4
26252, 2
26253, 2
26254, 2
26255, 5
26256, 2
26257, 1
26258, 1
26259, 2
26260, 1
26261, 1
26262, 3
26263, 2
26264, 1
26265, 2
26267, 2
26268, 3
26269, 4
26270, 1
26272, 3
26273, 1
26274, 1
26275, 1
26276, 3
26277, 3
26278, 2
26279, 5
26280, 1
26281, 2
26282, 1
26283, 6
26284, 5
26285, 1
26286, 3
26287, 3
26288, 4
26289, 1
26290, 3
26291, 4
26292, 2
26293, 2
26294, 5
26295, 4
26296, 4
26297, 3
26298, 4
26299, 3
26300, 4
26301, 8
26302, 4
26303, 1
26304, 5
26305, 3
26306, 1
26307, 5
26308, 11
26309, 5
26310, 4
26311, 3
26312, 2
26313, 9
26314, 4
26315, 4
26316, 7
26317, 1
26318, 4
26319, 2
26320, 6
26321, 2
26322, 3
26323, 5
26324, 6
26325, 2
26327, 1
26328, 5
26329, 2
26330, 3
26331, 3
26332, 1
26333, 2
26334, 3
26335, 2
26336, 4
26337, 2
26338, 3
26339, 2
26340, 3
26341, 3
26342, 3
26344, 3
26346, 1
26347, 2
26348, 3
26349, 2
26350, 1
26351, 1
26352, 1
26353, 2
26354, 3
26355, 4
26357, 3
26358, 1
26359, 1
26361, 2
26362, 4
26363, 3
26364, 3
26365, 2
26366, 2
26367, 2
26368, 2
26369, 5
26370, 5
26371, 3
26372, 3
26373, 2
26374, 2
26375, 4
26376, 3
26377, 2
26378, 3
26379, 3
26380, 4
26381, 2
26382, 7
26383, 2
26384, 4
26385, 5
26386, 3
26387, 8
26388, 1
26389, 3
26390, 6
26391, 1
26392, 4
26393, 6
26394, 9
26395, 4
26396, 5
26398, 6
26399, 7
26400, 3
26401, 8
26402, 3
26403, 2
26404, 2
26405, 5
26406, 3
26407, 3
26408, 4
26409, 7
26410, 3
26411, 1
26412, 1
26413, 3
26414, 4
26415, 2
26416, 3
26417, 1
26418, 4
26420, 3
26421, 4
26422, 3
26423, 2
26424, 4
26425, 2
26426, 2
26427, 3
26428, 1
26429, 1
26430, 3
26432, 2
26433, 3
26434, 1
26435, 1
26436, 1
26437, 2
26438, 1
26439, 5
26440, 3
26443, 3
26444, 1
26445, 1
26446, 1
26447, 5
26449, 4
26450, 4
26452, 4
26454, 5
26455, 4
26456, 3
26457, 5
26458, 3
26459, 1
26460, 2
26461, 4
26462, 1
26463, 4
26464, 2
26465, 7
26466, 2
26467, 5
26468, 4
26469, 3
26470, 3
26471, 3
26472, 11
26474, 3
26475, 5
26476, 2
26477, 4
26478, 6
26479, 6
26480, 7
26481, 4
26482, 2
26483, 1
26484, 10
26485, 3
26486, 9
26487, 3
26488, 1
26489, 4
26490, 2
26491, 4
26492, 3
26493, 4
26494, 6
26495, 4
26496, 2
26497, 1
26498, 1
26499, 4
26500, 3
26501, 4
26502, 2
26503, 1
26504, 3
26505, 1
26506, 4
26507, 4
26508, 2
26509, 2
26510, 4
26511, 2
26512, 2
26513, 3
26514, 2
26515, 1
26516, 1
26518, 3
26519, 3
26521, 3
26523, 2
26524, 2
26525, 3
26526, 2
26527, 1
26528, 2
26529, 2
26530, 1
26531, 1
26533, 6
26534, 2
26535, 3
26536, 3
26537, 2
26538, 1
26539, 4
26540, 4
26541, 4
26542, 3
26543, 3
26544, 2
26545, 3
26546, 3
26547, 3
26548, 3
26549, 1
26550, 5
26551, 4
26552, 2
26553, 5
26554, 5
26555, 3
26556, 3
26557, 4
26558, 8
26559, 1
26560, 4
26561, 6
26563, 4
26564, 8
26565, 8
26566, 5
26567, 3
26568, 1
26569, 8
26570, 4
26571, 5
26572, 7
26573, 2
26574, 3
26575, 2
26576, 5
26577, 3
26578, 3
26579, 4
26580, 6
26581, 4
26583, 1
26584, 2
26585, 3
26586, 4
26587, 3
26588, 1
26589, 4
26591, 2
26592, 5
26593, 2
26594, 2
26595, 4
26596, 4
26597, 1
26598, 4
26600, 2
26601, 1
26602, 1
26603, 2
26604, 1
26605, 3
26606, 2
26607, 1
26608, 1
26609, 1
26610, 3
26611, 4
26612, 1
26614, 4
26616, 1
26617, 1
26618, 5
26619, 1
26620, 3
26621, 4
26622, 2
26623, 2
26625, 7
26626, 2
26627, 3
26628, 5
26629, 3
26630, 2
26631, 4
26632, 1
26633, 4
26634, 2
26635, 2
26636, 5
26637, 3
26638, 3
26639, 4
26640, 6
26641, 1
26642, 5
26643, 9
26644, 2
26645, 1
26646, 5
26647, 4
26648, 1
26649, 5
26650, 8
26651, 7
26652, 5
26653, 2
26654, 2
26655, 10
26656, 3
26657, 8
26658, 3
26659, 2
26660, 3
26661, 4
26662, 4
26663, 2
26664, 2
26665, 8
26666, 5
26667, 1
26669, 2
26670, 4
26671, 4
26672, 1
26673, 2
26674, 4
26675, 1
26676, 3
26677, 1
26678, 4
26679, 3
26680, 1
26681, 5
26682, 2
26683, 2
26684, 3
26686, 3
26687, 1
26688, 1
26689, 2
26690, 3
26692, 3
26694, 2
26695, 2
26696, 2
26697, 4
26699, 3
26700, 1
26702, 1
26703, 3
26704, 4
26705, 3
26706, 2
26707, 3
26708, 1
26709, 2
26710, 5
26711, 3
26712, 1
26713, 5
26714, 5
26715, 2
26716, 2
26717, 2
26718, 3
26719, 3
26720, 2
26721, 5
26722, 4
26723, 2
26724, 7
26725, 3
26726, 3
26727, 2
26728, 8
26729, 5
26730, 1
26731, 3
26732, 6
26733, 1
26734, 4
26735, 9
26736, 5
26737, 6
26738, 3
26739, 2
26740, 6
26741, 5
26742, 8
26743, 4
26744, 3
26745, 3
26746, 1
26747, 6
26748, 2
26749, 3
26750, 4
26751, 6
26752, 4
26753, 1
26754, 1
26755, 4
26756, 3
26757, 2
26758, 3
26759, 1
26760, 3
26761, 2
26762, 2
26763, 3
26764, 4
26765, 2
26766, 3
26767, 3
26768, 2
26769, 3
26770, 1
26771, 2
26772, 1
26773, 1
26774, 2
26775, 4
26777, 2
26778, 1
26780, 3
26781, 3
26782, 4
26784, 1
26785, 2
26786, 1
26787, 1
26788, 1
26789, 4
26790, 2
26791, 3
26792, 4
26793, 2
26794, 2
26796, 5
26797, 6
26798, 2
26799, 3
26800, 4
26801, 1
26802, 3
26803, 3
26804, 4
26805, 2
26806, 3
26807, 4
26808, 3
26809, 5
26810, 3
26811, 2
26812, 4
26813, 6
26814, 8
26815, 1
26816, 3
26817, 4
26818, 3
26819, 3
26820, 3
26821, 11
26822, 6
26823, 5
26824, 1
26825, 2
26826, 9
26827, 3
26828, 8
26829, 4
26830, 1
26831, 3
26832, 6
26833, 3
26834, 2
26835, 3
26836, 6
26837, 6
26838, 1
26840, 2
26841, 3
26842, 3
26843, 4
26844, 3
26845, 1
26846, 3
26847, 1
26848, 1
26849, 6
26850, 3
26851, 3
26852, 2
26853, 1
26854, 3
26855, 3
26857, 3
26858, 1
26859, 1
26860, 2
26861, 3
26862, 1
26863, 2
26865, 1
26866, 4
26867, 3
26868, 2
26869, 1
26870, 2
26871, 1
26872, 1
26874, 2
26875, 5
26876, 1
26877, 6
26878, 1
26879, 1
26880, 2
26881, 4
26882, 4
26883, 3
26884, 4
26885, 2
26886, 4
26887, 2
26888, 3
26889, 3
26890, 3
26891, 2
26892, 5
26893, 4
26894, 2
26895, 4
26896, 4
26897, 3
26898, 5
26899, 5
26900, 6
26901, 2
26902, 2
26903, 6
26904, 1
26905, 3
26906, 10
26907, 6
26908, 6
26909, 2
26910, 2
26911, 7
26912, 4
26913, 6
26914, 8
26915, 1
26916, 3
26917, 1
26918, 5
26919, 4
26920, 2
26921, 7
26922, 3
26923, 5
26926, 3
26927, 4
26928, 3
26929, 2
26930, 2
26931, 4
26932, 2
26933, 1
26934, 3
26935, 3
26936, 3
26937, 4
26938, 1
26939, 4
26940, 3
26942, 1
26943, 2
26944, 1
26945, 2
26946, 4
26948, 2
26949, 1
26951, 2
26952, 5
26953, 2
26954, 1
26955, 1
26956, 3
26958, 1
26960, 4
26961, 4
26962, 3
26963, 3
26964, 1
26965, 2
26966, 1
26967, 6
26968, 6
26969, 2
26970, 4
26971, 2
26972, 2
26973, 4
26974, 1
26975, 4
26976, 1
26977, 6
26978, 2
26979, 2
26980, 5
26981, 4
26982, 4
26983, 4
26984, 6
26985, 6
26986, 2
26987, 1
26988, 6
26989, 3
26990, 1
26991, 8
26992, 6
26993, 7
26994, 6
26996, 3
26997, 9
26998, 4
26999, 8
27000, 3
27002, 4
27003, 5
27004, 3
27005, 2
27006, 2
27007, 8
27008, 4
27009, 2
27011, 2
27012, 3
27013, 4
27014, 4
27016, 3
27017, 2
27018, 2
27019, 3
27020, 3
27021, 3
27022, 2
27023, 3
27024, 4
27025, 1
27026, 3
27028, 3
27029, 1
27030, 2
27031, 1
27032, 3
27033, 1
27034, 1
27035, 1
27036, 2
27037, 3
27038, 4
27039, 1
27041, 3
27042, 1
27044, 1
27045, 2
27046, 5
27047, 2
27048, 5
27049, 1
27050, 2
27051, 1
27052, 4
27053, 4
27054, 4
27055, 4
27056, 3
27057, 1
27058, 3
27059, 3
27060, 2
27061, 3
27062, 4
27063, 4
27064, 3
27065, 3
27066, 4
27067, 4
27068, 4
27069, 4
27070, 5
27071, 6
27072, 2
27073, 3
27074, 5
27075, 1
27076, 3
27077, 9
27078, 9
27079, 2
27080, 5
27081, 1
27082, 8
27083, 3
27084, 8
27085, 4
27086, 3
27087, 3
27088, 4
27089, 3
27090, 3
27091, 3
27092, 4
27093, 6
27094, 3
27095, 1
27097, 4
27098, 4
27099, 1
27100, 3
27101, 2
27102, 4
27104, 3
27105, 4
27106, 3
27107, 2
27108, 2
27109, 4
27110, 2
27111, 4
27113, 2
27114, 2
27116, 2
27117, 2
27118, 2
27119, 2
27120, 1
27121, 1
27123, 5
27124, 4
27126, 2
27127, 2
27129, 1
27130, 1
27131, 3
27132, 5
27133, 1
27134, 4
27135, 2
27136, 2
27137, 2
27138, 2
27139, 5
27140, 4
27141, 4
27142, 3
27143, 1
27144, 2
27145, 3
27146, 4
27147, 2
27148, 5
27149, 4
27150, 2
27151, 5
27152, 2
27153, 6
27154, 3
27155, 6
27156, 6
27157, 1
27158, 3
27159, 5
27160, 3
27161, 3
27162, 2
27163, 13
27164, 4
27165, 5
27166, 1
27167, 4
27168, 8
27169, 3
27170, 9
27171, 3
27172, 2
27173, 2
27174, 4
27175, 2
27176, 4
27177, 3
27178, 6
27179, 4
27180, 3
27182, 2
27183, 3
27184, 3
27185, 5
27186, 1
27187, 3
27188, 1
27189, 3
27190, 3
27191, 3
27192, 3
27193, 3
27194, 2
27195, 2
27196, 3
27197, 2
27198, 2
27199, 1
27200, 1
27201, 1
27202, 2
27203, 3
27204, 1
27205, 2
27206, 1
27207, 2
27208, 1
27209, 5
27210, 1
27212, 3
27213, 1
27214, 1
27215, 1
27216, 1
27217, 5
27218, 2
27219, 5
27221, 3
27222, 1
27223, 3
27224, 5
27225, 4
27226, 3
27227, 4
27228, 2
27229, 2
27230, 3
27231, 2
27232, 4
27233, 2
27234, 5
27235, 3
27236, 3
27237, 5
27238, 6
27240, 4
27241, 5
27242, 7
27243, 2
27244, 3
27245, 5
27246, 1
27247, 5
27248, 7
27249, 9
27250, 3
27251, 3
27252, 3
27253, 7
27254, 3
27255, 7
27256, 6
27257, 2
27258, 2
27259, 5
27260, 3
27261, 4
27262, 1
27263, 7
27264, 6
27265, 2
27267, 1
27268, 3
27269, 4
27270, 2
27271, 3
27272, 2
27273, 2
27274, 2
27275, 2
27276, 4
27277, 3
27278, 3
27279, 3
27280, 3
27282, 4
27283, 1
27284, 1
27285, 3
27287, 2
27288, 3
27289, 2
27290, 1
27291, 1
27293, 3
27294, 4
27295, 3
27297, 3
27298, 1
27300, 1
27301, 2
27302, 5
27303, 2
27304, 2
27305, 3
27306, 2
27307, 2
27308, 3
27309, 3
27310, 5
27311, 3
27312, 4
27313, 2
27314, 2
27315, 2
27316, 4
27317, 3
27318, 2
27319, 4
27320, 3
27321, 3
27322, 6
27323, 4
27324, 4
27325, 1
27326, 6
27327, 7
27328, 2
27329, 2
27330, 6
27331, 2
27332, 3
27333, 3
27334, 13
27335, 5
27336, 2
27337, 2
27338, 6
27339, 6
27340, 5
27341, 7
27342, 3
27343, 1
27344, 3
27345, 5
27346, 3
27347, 3
27348, 1
27349, 9
27350, 4
27351, 1
27353, 2
27354, 4
27355, 3
27356, 3
27357, 2
27358, 3
27359, 2
27360, 2
27361, 1
27362, 5
27363, 3
27364, 2
27365, 4
27366, 1
27367, 2
27368, 3
27370, 3
27371, 1
27373, 3
27374, 3
27375, 1
27376, 2
27378, 2
27379, 4
27380, 2
27381, 2
27383, 3
27384, 1
27385, 1
27386, 1
27387, 2
27388, 4
27389, 3
27390, 3
27391, 2
27392, 2
27393, 1
27394, 5
27395, 4
27396, 3
27397, 5
27398, 1
27399, 3
27400, 1
27401, 4
27402, 2
27403, 4
27404, 3
27405, 3
27406, 4
27407, 3
27408, 6
27409, 5
27410, 1
27411, 2
27412, 9
27413, 4
27414, 1
27415, 4
27416, 5
27417, 3
27418, 4
27419, 8
27420, 8
27421, 2
27422, 5
27423, 2
27424, 4
27425, 8
27426, 7
27427, 4
27428, 1
27429, 3
27430, 5
27431, 2
27432, 3
27433, 3
27434, 5
27435, 3
27436, 5
27437, 1
27438, 1
27439, 3
27440, 4
27441, 3
27442, 2
27443, 2
27444, 3
27445, 2
27446, 1
27447, 6
27448, 1
27449, 2
27450, 4
27451, 3
27452, 2
27453, 3
27455, 3
27457, 1
27458, 3
27459, 2
27460, 2
27461, 1
27462, 1
27464, 2
27465, 4
27466, 4
27468, 2
27469, 1
27470, 1
27471, 1
27472, 1
27473, 6
27475, 4
27476, 3
27477, 1
27478, 3
27479, 3
27480, 5
27481, 4
27482, 1
27483, 4
27484, 2
27485, 3
27486, 3
27487, 3
27488, 3
27489, 3
27490, 5
27491, 1
27492, 3
27493, 5
27494, 4
27495, 4
27496, 3
27497, 5
27498, 8
27499, 1
27500, 3
27501, 4
27502, 3
27503, 1
27504, 9
27505, 8
27506, 4
27507, 5
27508, 1
27509, 4
27510, 8
27511, 3
27512, 8
27513, 3
27514, 4
27515, 1
27516, 5
27517, 3
27518, 4
27519, 3
27520, 5
27521, 6
27524, 1
27525, 4
27526, 5
27527, 3
27528, 1
27529, 2
27530, 2
27531, 3
27532, 2
27533, 5
27534, 1
27535, 3
27536, 3
27537, 3
27538, 2
27539, 2
27541, 3
27542, 1
27543, 1
27544, 3
27545, 2
27546, 2
27547, 1
27548, 1
27549, 1
27550, 4
27551, 3
27552, 1
27554, 3
27555, 1
27556, 1
27558, 5
27559, 3
27560, 2
27561, 3
27562, 2
27563, 1
27564, 2
27565, 5
27566, 4
27567, 3
27568, 2
27569, 5
27570, 2
27571, 2
27572, 3
27573, 4
27574, 1
27575, 5
27576, 4
27577, 2
27578, 6
27579, 2
27580, 3
27581, 4
27582, 3
27583, 8
27584, 4
27585, 2
27586, 5
27587, 4
27588, 2
27589, 5
27590, 7
27591, 6
27592, 4
27593, 4
27594, 2
27595, 9
27596, 4
27597, 6
27598, 5
27599, 1
27600, 4
27601, 4
27602, 2
27603, 2
27604, 4
27605, 6
27606, 5
27607, 3
27609, 1
27610, 4
27611, 3
27612, 2
27613, 3
27614, 3
27615, 1
27616, 3
27617, 2
27618, 4
27619, 2
27620, 3
27621, 3
27622, 2
27623, 4
27624, 2
27626, 2
27627, 2
27629, 3
27630, 2
27631, 1
27632, 2
27633, 1
27634, 1
27635, 3
27636, 4
27637, 2
27639, 1
27640, 3
27642, 1
27643, 2
27644, 3
27645, 4
27646, 4
27647, 1
27648, 3
27649, 1
27650, 1
27651, 6
27652, 5
27654, 7
27655, 1
27656, 2
27657, 4
27658, 1
27659, 5
27661, 5
27662, 4
27663, 2
27664, 5
27665, 5
27666, 4
27667, 2
27668, 6
27669, 6
27670, 2
27671, 3
27672, 5
27673, 2
27674, 2
27675, 8
27676, 9
27677, 4
27678, 4
27679, 2
27680, 3
27681, 8
27682, 6
27683, 6
27684, 2
27685, 3
27686, 4
27687, 3
27688, 3
27689, 2
27690, 4
27691, 7
27692, 4
27693, 1
27695, 2
27696, 4
27697, 3
27698, 4
27699, 2
27700, 2
27701, 2
27702, 2
27703, 3
27704, 4
27705, 1
27706, 3
27707, 4
27708, 2
27709, 2
27710, 2
27711, 2
27712, 1
27713, 1
27715, 3
27716, 3
27717, 2
27718, 1
27720, 3
27721, 2
27722, 4
27723, 1
27724, 1
27725, 2
27726, 1
27727, 1
27729, 3
27730, 4
27731, 3
27732, 3
27733, 2
27734, 2
27735, 1
27736, 5
27737, 4
27738, 3
27739, 4
27740, 3
27741, 3
27742, 2
27743, 3
27744, 4
27746, 3
27747, 5
27748, 4
27749, 4
27750, 3
27751, 5
27752, 2
27753, 4
27754, 8
27755, 4
27756, 1
27757, 5
27758, 4
27759, 2
27760, 2
27761, 11
27762, 7
27763, 4
27764, 2
27765, 3
27766, 8
27767, 3
27768, 9
27769, 4
27771, 3
27772, 4
27773, 3
27774, 2
27775, 4
27776, 7
27777, 5
27778, 2
27780, 2
27781, 2
27782, 5
27783, 3
27784, 1
27785, 3
27786, 2
27787, 1
27788, 4
27789, 4
27790, 1
27791, 3
27792, 3
27793, 3
27794, 3
27795, 2
27797, 3
27798, 1
27799, 1
27800, 2
27801, 3
27803, 2
27804, 1
27806, 3
27807, 5
27808, 2
27810, 2
27811, 2
27812, 1
27813, 1
27814, 1
27815, 5
27816, 1
27817, 4
27818, 3
27819, 2
27820, 1
27821, 5
27822, 2
27823, 5
27824, 2
27825, 4
27826, 2
27827, 3
27828, 3
27830, 5
27831, 3
27832, 5
27833, 3
27834, 1
27835, 7
27836, 3
27837, 3
27838, 4
27839, 4
27840, 7
27841, 1
27842, 3
27843, 6
27844, 2
27845, 3
27846, 8
27847, 9
27848, 4
27849, 2
27850, 3
27851, 3
27852, 10
27853, 1
27854, 8
27855, 4
27856, 3
27857, 1
27858, 6
27859, 3
27860, 2
27861, 5
27862, 6
27863, 3
27864, 1
27866, 4
27867, 3
27868, 3
27869, 3
27870, 1
27871, 3
27872, 1
27873, 2
27874, 2
27875, 6
27876, 1
27877, 5
27878, 2
27879, 2
27880, 2
27881, 2
27882, 2
27883, 2
27885, 2
27886, 1
27887, 3
27888, 2
27889, 1
27891, 2
27892, 4
27893, 2
27894, 2
27896, 3
27897, 1
27898, 1
27899, 1
27900, 4
27901, 3
27902, 2
27903, 4
27904, 2
27905, 1
27906, 1
27907, 5
27908, 5
27909, 2
27910, 4
27911, 3
27912, 3
27913, 1
27914, 3
27915, 4
27916, 3
27917, 1
27918, 5
27919, 3
27920, 4
27921, 5
27922, 3
27923, 3
27924, 4
27925, 10
27926, 1
27927, 1
27928, 2
27929, 8
27930, 2
27931, 3
27932, 11
27933, 6
27934, 5
27935, 1
27936, 3
27937, 6
27938, 5
27939, 6
27940, 6
27941, 1
27942, 4
27943, 3
27944, 5
27945, 2
27946, 2
27947, 8
27949, 6
27952, 5
27953, 4
27954, 1
27955, 4
27956, 2
27957, 1
27958, 2
27959, 3
27960, 4
27961, 3
27962, 2
27963, 4
27964, 1
27965, 3
27966, 2
27967, 1
27968, 2
27969, 2
27970, 1
27971, 3
27972, 1
27973, 1
27974, 3
27976, 1
27977, 3
27978, 3
27979, 3
27981, 3
27982, 1
27983, 1
27985, 1
27986, 4
27987, 3
27988, 5
27989, 1
27990, 2
27991, 2
27992, 4
27993, 2
27994, 5
27995, 4
27996, 3
27997, 2
27998, 2
27999, 4
28000, 3
28001, 3
28002, 1
28003, 3
28004, 6
28005, 2
28006, 5
28007, 2
28008, 5
28009, 5
28010, 2
28011, 9
28012, 1
28013, 3
28014, 6
28015, 1
28016, 3
28017, 5
28018, 12
28019, 4
28020, 4
28021, 1
28022, 6
28023, 5
28024, 5
28025, 7
28026, 2
28027, 4
28028, 2
28029, 6
28031, 3
28032, 3
28033, 7
28034, 5
28035, 1
28037, 2
28038, 5
28039, 3
28040, 3
28041, 1
28042, 3
28043, 1
28044, 3
28045, 4
28046, 3
28047, 3
28048, 2
28049, 4
28050, 1
28051, 3
28052, 1
28053, 2
28054, 2
28056, 2
28057, 3
28058, 1
28059, 1
28060, 2
28061, 1
28062, 1
28063, 4
28064, 2
28065, 2
28066, 1
28067, 2
28068, 1
28069, 1
28071, 6
28072, 1
28073, 3
28074, 3
28075, 2
28076, 3
28077, 1
28078, 3
28079, 6
28080, 2
28081, 5
28082, 2
28083, 3
28084, 2
28085, 3
28086, 3
28087, 3
28088, 2
28089, 5
28090, 2
28091, 6
28092, 2
28093, 6
28094, 2
28095, 2
28096, 11
28097, 1
28098, 3
28099, 2
28100, 4
28101, 3
28102, 7
28103, 4
28104, 11
28105, 4
28106, 2
28107, 2
28108, 9
28109, 2
28110, 5
28111, 8
28112, 1
28113, 3
28114, 4
28115, 4
28116, 1
28117, 4
28118, 6
28119, 6
28120, 1
28122, 2
28123, 2
28124, 5
28125, 2
28126, 2
28127, 4
28128, 1
28129, 2
28130, 1
28131, 5
28132, 2
28133, 3
28134, 3
28135, 3
28136, 2
28137, 3
28139, 3
28140, 1
28142, 3
28143, 2
28144, 2
28145, 2
28147, 1
28148, 4
28149, 4
28150, 1
28152, 2
28153, 1
28154, 2
28156, 2
28157, 4
28158, 2
28159, 5
28160, 2
28161, 1
28162, 2
28163, 4
28164, 5
28165, 2
28166, 4
28167, 3
28168, 3
28169, 2
28170, 3
28171, 3
28172, 2
28173, 3
28174, 6
28175, 1
28176, 5
28177, 2
28178, 3
28179, 6
28180, 3
28181, 8
28182, 4
28183, 2
28184, 4
28185, 4
28186, 1
28187, 4
28188, 10
28189, 5
28190, 5
28191, 4
28192, 1
28193, 7
28194, 5
28195, 4
28196, 8
28197, 1
28198, 1
28199, 6
28200, 3
28201, 3
28202, 3
28203, 3
28204, 6
28205, 6
28208, 3
28209, 4
28210, 3
28211, 2
28212, 3
28213, 3
28214, 1
28215, 2
28216, 4
28217, 2
28218, 4
28219, 3
28220, 1
28221, 2
28222, 4
28223, 1
28224, 2
28225, 2
28226, 1
28227, 1
28228, 3
28229, 1
28230, 2
28231, 1
28233, 3
28234, 3
28235, 3
28236, 1
28238, 4
28240, 1
28241, 1
28242, 4
28243, 2
28244, 4
28245, 3
28246, 1
28247, 3
28249, 5
28250, 4
28251, 3
28252, 6
28253, 1
28254, 3
28255, 3
28256, 3
28257, 1
28258, 3
28259, 3
28260, 6
28261, 1
28262, 5
28263, 4
28264, 5
28265, 2
28266, 5
28267, 8
28268, 2
28269, 2
28270, 4
28271, 4
28272, 1
28273, 6
28274, 9
28275, 5
28276, 4
28277, 4
28278, 1
28279, 8
28280, 6
28281, 5
28282, 6
28283, 1
28284, 3
28285, 5
28286, 1
28287, 4
28288, 3
28289, 6
28290, 6
28291, 1
28293, 2
28294, 4
28295, 2
28296, 3
28297, 4
28299, 4
28300, 2
28301, 2
28302, 4
28303, 2
28304, 3
28305, 3
28306, 2
28307, 3
28308, 2
28309, 1
28310, 2
28311, 1
28313, 3
28314, 2
28315, 2
28316, 2
28318, 2
28319, 2
28320, 4
28321, 2
28322, 1
28323, 2
28324, 1
28326, 2
28328, 5
28329, 2
28330, 6
28331, 1
28332, 2
28333, 1
28334, 4
28335, 3
28336, 4
28337, 4
28338, 3
28339, 3
28340, 1
28341, 3
28342, 3
28343, 2
28344, 5
28345, 5
28346, 3
28347, 2
28348, 4
28349, 5
28350, 4
28351, 1
28352, 7
28353, 6
28354, 1
28355, 4
28356, 5
28357, 1
28358, 4
28359, 9
28360, 7
28361, 5
28362, 3
28364, 2
28365, 12
28366, 5
28367, 5
28368, 3
28369, 2
28370, 4
28371, 2
28372, 4
28373, 3
28374, 4
28375, 6
28376, 3
28377, 2
28379, 4
28380, 3
28381, 3
28382, 3
28383, 1
28384, 4
28385, 1
28386, 2
28387, 5
28388, 2
28389, 3
28390, 2
28391, 3
28392, 2
28393, 3
28394, 1
28395, 3
28397, 1
28398, 2
28399, 3
28400, 1
28401, 2
28402, 1
28403, 1
28404, 1
28405, 5
28406, 2
28407, 1
28408, 1
28409, 2
28410, 1
28411, 1
28412, 1
28413, 3
28414, 4
28415, 3
28416, 3
28417, 2
28418, 1
28419, 3
28420, 3
28421, 6
28422, 2
28423, 4
28424, 2
28425, 3
28426, 4
28427, 2
28428, 1
28429, 3
28430, 4
28431, 4
28432, 2
28433, 6
28434, 2
28435, 6
28436, 1
28437, 5
28438, 9
28439, 1
28440, 3
28441, 5
28442, 3
28443, 1
28444, 7
28445, 7
28446, 7
28447, 4
28448, 3
28449, 1
28450, 10
28451, 3
28452, 7
28453, 5
28455, 4
28456, 4
28457, 4
28458, 3
28459, 1
28460, 8
28461, 5
28462, 1
28464, 2
28465, 4
28466, 2
28467, 4
28468, 2
28469, 2
28470, 2
28471, 3
28473, 4
28474, 3
28475, 5
28476, 2
28477, 2
28478, 2
28479, 3
28481, 3
28482, 1
28483, 1
28484, 2
28485, 2
28486, 1
28487, 2
28488, 1
28489, 2
28490, 2
28491, 4
28492, 2
28493, 1
28494, 2
28495, 1
28496, 1
28498, 1
28499, 6
28500, 1
28501, 6
28503, 2
28504, 2
28505, 4
28506, 4
28507, 4
28508, 4
28509, 2
28510, 3
28511, 2
28512, 2
28513, 3
28514, 4
28515, 2
28516, 4
28517, 4
28518, 3
28519, 5
28520, 4
28521, 4
28522, 2
28523, 9
28524, 3
28525, 3
28526, 3
28527, 4
28528, 2
28529, 4
28530, 6
28531, 7
28532, 7
28533, 3
28535, 7
28536, 6
28537, 5
28538, 8
28539, 1
28540, 4
28541, 4
28542, 2
28543, 2
28544, 3
28545, 5
28546, 8
28547, 2
28549, 1
28550, 4
28551, 2
28552, 3
28553, 3
28554, 2
28555, 2
28556, 3
28557, 1
28558, 6
28559, 1
28560, 3
28561, 2
28562, 3
28563, 2
28564, 4
28566, 2
28567, 2
28568, 1
28569, 2
28570, 3
28572, 2
28573, 1
28574, 1
28575, 3
28576, 3
28577, 2
28578, 1
28579, 3
28581, 1
28582, 1
28583, 1
28584, 5
28585, 2
28586, 2
28587, 4
28588, 1
28589, 2
28590, 4
28591, 3
28592, 4
28593, 4
28594, 3
28595, 3
28596, 1
28597, 4
28598, 2
28599, 4
28600, 2
28601, 3
28602, 4
28603, 2
28604, 6
28605, 4
28606, 4
28607, 3
28608, 3
28609, 8
28610, 2
28611, 2
28612, 7
28613, 2
28614, 2
28615, 7
28616, 7
28617, 7
28618, 5
28620, 3
28621, 9
28622, 4
28623, 7
28624, 3
28625, 3
28626, 2
28627, 4
28628, 4
28629, 3
28630, 2
28631, 7
28632, 3
28633, 3
28635, 2
28636, 4
28637, 3
28638, 3
28639, 2
28640, 2
28641, 3
28642, 2
28643, 2
28644, 5
28645, 1
28646, 3
28647, 3
28648, 3
28649, 2
28650, 2
28651, 1
28652, 2
28653, 1
28654, 1
28655, 2
28656, 3
28657, 2
28658, 1
28659, 1
28660, 1
28661, 4
28662, 2
28663, 2
28664, 1
28665, 1
28666, 2
28667, 1
28669, 2
28670, 5
28671, 3
28672, 3
28673, 1
28674, 3
28675, 1
28676, 5
28677, 3
28678, 4
28679, 3
28680, 4
28681, 2
28682, 2
28683, 3
28684, 3
28685, 3
28686, 3
28687, 3
28688, 3
28689, 6
28690, 3
28691, 4
28692, 3
28693, 3
28694, 9
28695, 3
28696, 2
28697, 4
28698, 4
28699, 2
28700, 3
28701, 8
28702, 8
28703, 5
28704, 3
28705, 1
28706, 7
28707, 6
28708, 5
28709, 7
28710, 1
28711, 4
28712, 1
28713, 7
28714, 2
28715, 2
28716, 4
28717, 7
28718, 3
28721, 4
28722, 4
28723, 3
28724, 2
28725, 3
28726, 1
28727, 3
28728, 2
28729, 5
28730, 1
28731, 2
28732, 4
28733, 2
28734, 2
28735, 3
28736, 1
28737, 3
28739, 1
28740, 3
28741, 1
28742, 2
28743, 3
28745, 1
28746, 3
28747, 2
28748, 3
28749, 1
28750, 3
28752, 1
28753, 1
28754, 1
28755, 5
28756, 2
28757, 2
28758, 4
28759, 3
28760, 1
28761, 1
28762, 6
28763, 4
28764, 3
28765, 4
28766, 3
28767, 1
28768, 4
28769, 2
28770, 2
28771, 3
28772, 3
28773, 4
28774, 4
28775, 3
28776, 4
28777, 5
28778, 2
28779, 5
28780, 9
28782, 3
28783, 5
28784, 3
28785, 4
28786, 6
28787, 7
28788, 6
28789, 4
28790, 1
28791, 4
28792, 9
28793, 4
28794, 4
28795, 6
28796, 2
28797, 2
28798, 6
28799, 2
28800, 2
28801, 2
28802, 7
28803, 6
28804, 1
28806, 2
28807, 3
28808, 5
28809, 3
28810, 1
28811, 2
28812, 3
28813, 1
28814, 4
28815, 4
28816, 1
28817, 3
28818, 3
28819, 3
28820, 3
28821, 1
28822, 1
28823, 2
28824, 1
28825, 1
28826, 2
28827, 3
28828, 1
28829, 1
28830, 1
28831, 2
28832, 3
28833, 3
28834, 2
28835, 1
28836, 2
28837, 1
28838, 1
28839, 1
28840, 3
28841, 3
28842, 3
28843, 4
28845, 3
28846, 1
28847, 5
28848, 4
28849, 3
28850, 5
28851, 3
28853, 3
28854, 4
28855, 2
28856, 3
28857, 3
28858, 5
28859, 2
28860, 3
28861, 6
28862, 4
28863, 2
28864, 4
28865, 8
28866, 3
28867, 3
28868, 4
28869, 4
28870, 1
28871, 3
28872, 9
28873, 8
28874, 4
28875, 2
28876, 3
28877, 7
28878, 6
28879, 3
28880, 8
28881, 1
28882, 4
28883, 4
28884, 2
28885, 3
28886, 4
28887, 5
28888, 3
28889, 5
28891, 1
28892, 4
28893, 4
28894, 2
28895, 2
28896, 2
28897, 2
28898, 2
28899, 2
28900, 4
28901, 3
28902, 3
28903, 4
28904, 1
28905, 2
28906, 4
28908, 2
28909, 1
28910, 2
28911, 2
28912, 3
28914, 1
28915, 2
28916, 2
28917, 1
28918, 5
28919, 1
28920, 1
28921, 1
28922, 3
28924, 1
28925, 1
28926, 5
28927, 2
28928, 3
28929, 3
28930, 2
28931, 2
28932, 2
28933, 5
28934, 5
28935, 2
28936, 4
28937, 2
28938, 2
28939, 2
28940, 3
28941, 5
28942, 1
28943, 5
28944, 3
28945, 2
28946, 5
28947, 3
28948, 3
28949, 6
28950, 4
28951, 6
28952, 3
28953, 2
28954, 5
28955, 3
28956, 4
28957, 5
28958, 8
28959, 7
28960, 3
28961, 2
28962, 5
28963, 6
28964, 4
28965, 7
28966, 3
28967, 3
28968, 2
28969, 6
28970, 2
28971, 3
28972, 3
28973, 7
28974, 4
28975, 1
28977, 2
28978, 3
28979, 4
28980, 3
28981, 3
28982, 2
28983, 2
28984, 2
28985, 2
28986, 4
28987, 2
28988, 3
28989, 4
28990, 2
28991, 2
28992, 2
28993, 1
28994, 2
28995, 1
28997, 4
28998, 2
28999, 1
29000, 1
29001, 1
29002, 3
29003, 2
29004, 3
29005, 2
29006, 1
29007, 1
29008, 2
29009, 1
29010, 1
29011, 3
29012, 3
29013, 4
29014, 1
29015, 3
29016, 1
29017, 2
29018, 5
29019, 4
29020, 3
29021, 4
29022, 2
29023, 3
29024, 2
29025, 3
29026, 3
29027, 3
29028, 3
29029, 4
29030, 3
29031, 5
29032, 2
29033, 5
29034, 4
29035, 3
29036, 9
29037, 2
29038, 3
29040, 7
29041, 2
29042, 4
29043, 7
29044, 9
29045, 4
29046, 3
29047, 2
29048, 9
29049, 2
29050, 5
29051, 8
29052, 1
29053, 3
29054, 2
29055, 7
29056, 2
29057, 3
29058, 5
29059, 5
29060, 3
29062, 1
29063, 5
29064, 3
29065, 3
29066, 1
29067, 2
29068, 3
29069, 1
29070, 4
29071, 1
29072, 4
29073, 2
29074, 4
29075, 3
29076, 1
29077, 4
29079, 3
29080, 1
29082, 2
29083, 4
29085, 3
29088, 3
29089, 4
29090, 3
29092, 2
29093, 1
29094, 1
29095, 1
29096, 1
29097, 5
29098, 2
29099, 3
29100, 4
29102, 3
29103, 4
29104, 3
29105, 4
29106, 3
29107, 4
29108, 3
29109, 1
29110, 4
29111, 3
29112, 1
29113, 3
29114, 6
29115, 1
29116, 4
29117, 4
29118, 5
29119, 4
29120, 1
29121, 8
29122, 6
29123, 1
29124, 3
29125, 4
29126, 3
29127, 3
29128, 10
29129, 4
29130, 7
29131, 3
29132, 1
29133, 5
29134, 8
29135, 5
29136, 6
29137, 3
29138, 2
29139, 2
29140, 6
29141, 2
29142, 3
29143, 3
29144, 6
29145, 5
29146, 1
29148, 4
29149, 3
29150, 3
29151, 3
29152, 1
29153, 3
29154, 2
29155, 2
29156, 3
29157, 4
29158, 2
29159, 4
29160, 2
29161, 2
29162, 2
29163, 2
29164, 2
29165, 1
29166, 1
29167, 2
29168, 1
29169, 3
29170, 2
29171, 1
29172, 1
29173, 1
29174, 4
29175, 2
29176, 2
29178, 4
29181, 2
29182, 1
29183, 5
29184, 3
29185, 1
29186, 4
29187, 1
29188, 2
29189, 5
29190, 4
29191, 4
29192, 3
29193, 2
29194, 3
29195, 2
29196, 5
29197, 3
29198, 1
29199, 4
29200, 3
29201, 3
29202, 6
29203, 3
29204, 4
29205, 2
29206, 4
29207, 8
29208, 3
29209, 3
29210, 5
29211, 2
29212, 4
29213, 6
29214, 6
29215, 7
29216, 3
29217, 4
29218, 2
29219, 4
29220, 7
29221, 5
29222, 8
29224, 3
29225, 3
29226, 4
29227, 3
29228, 3
29229, 7
29230, 4
29231, 2
29232, 1
29233, 2
29234, 3
29235, 3
29236, 2
29237, 4
29238, 1
29239, 2
29240, 2
29241, 3
29242, 5
29243, 1
29244, 3
29245, 2
29246, 4
29247, 3
29248, 2
29249, 1
29250, 2
29251, 1
29252, 1
29253, 2
29254, 3
29256, 2
29257, 1
29259, 4
29260, 4
29261, 2
29263, 3
29264, 1
29266, 1
29267, 1
29268, 6
29269, 2
29270, 4
29271, 1
29272, 3
29273, 1
29274, 2
29275, 6
29276, 3
29277, 1
29278, 6
29279, 2
29280, 2
29281, 4
29282, 2
29283, 1
29284, 4
29285, 5
29286, 4
29287, 1
29288, 6
29289, 5
29290, 2
29291, 4
29292, 6
29293, 5
29294, 3
29295, 2
29296, 5
29297, 2
29298, 5
29299, 7
29300, 7
29301, 4
29302, 4
29303, 2
29304, 3
29305, 9
29306, 6
29307, 5
29308, 2
29309, 2
29310, 3
29311, 5
29312, 3
29313, 2
29314, 3
29315, 9
29316, 4
29319, 2
29320, 5
29321, 3
29322, 3
29323, 1
29324, 3
29325, 2
29326, 2
29327, 1
29328, 6
29329, 3
29330, 2
29331, 2
29332, 2
29333, 4
29334, 1
29335, 2
29336, 1
29337, 1
29338, 1
29339, 3
29340, 2
29341, 2
29342, 1
29344, 3
29345, 3
29346, 3
29347, 1
29349, 4
29351, 1
29352, 1
29353, 3
29354, 3
29355, 3
29356, 4
29357, 2
29358, 2
29359, 1
29360, 5
29361, 3
29362, 3
29363, 5
29364, 2
29365, 3
29366, 1
29367, 3
29368, 3
29369, 4
29370, 1
29371, 6
29372, 3
29373, 5
29374, 3
29375, 4
29376, 2
29377, 5
29378, 6
29379, 4
29380, 2
29381, 4
29382, 5
29384, 6
29385, 8
29386, 8
29387, 4
29388, 2
29389, 3
29390, 8
29391, 4
29392, 7
29393, 4
29394, 1
29395, 3
29396, 5
29397, 2
29398, 3
29399, 4
29400, 5
29401, 6
29402, 2
29405, 6
29406, 2
29407, 4
29408, 1
29409, 3
29410, 2
29411, 3
29413, 5
29414, 2
29415, 4
29416, 3
29417, 2
29418, 3
29419, 2
29421, 3
29422, 1
29424, 3
29425, 3
29427, 3
29429, 2
29430, 3
29431, 3
29432, 2
29434, 1
29435, 2
29436, 1
29437, 1
29438, 1
29439, 6
29440, 1
29441, 5
29442, 1
29443, 3
29444, 1
29445, 3
29446, 5
29447, 2
29448, 5
29449, 2
29450, 3
29451, 3
29452, 3
29453, 2
29454, 3
29455, 2
29456, 5
29457, 4
29458, 3
29459, 4
29460, 4
29461, 3
29462, 2
29463, 8
29464, 6
29465, 1
29466, 3
29467, 6
29468, 1
29469, 3
29470, 8
29471, 9
29472, 3
29473, 5
29474, 1
29475, 5
29476, 9
29477, 5
29478, 5
29479, 2
29480, 1
29481, 4
29482, 5
29483, 1
29484, 3
29485, 6
29486, 4
29487, 5
29488, 1
29489, 1
29490, 2
29491, 3
29492, 3
29493, 3
29494, 3
29495, 3
29496, 2
29497, 1
29498, 3
29499, 4
29500, 2
29501, 3
29502, 1
29503, 3
29504, 5
29506, 2
29507, 1
29508, 1
29509, 1
29510, 3
29511, 2
29512, 2
29513, 1
29514, 1
29515, 2
29516, 3
29517, 4
29520, 3
29521, 1
29522, 1
29523, 1
29524, 2
29525, 5
29526, 2
29527, 4
29528, 1
29529, 3
29530, 3
29531, 3
29532, 5
29533, 1
29534, 4
29535, 3
29536, 3
29537, 2
29538, 4
29539, 2
29540, 2
29541, 4
29542, 4
29543, 3
29544, 1
29545, 8
29546, 4
29547, 2
29548, 3
29549, 11
29551, 2
29552, 7
29553, 2
29554, 1
29555, 9
29556, 7
29557, 5
29558, 3
29559, 4
29560, 2
29561, 9
29562, 2
29563, 7
29564, 5
29565, 1
29566, 4
29567, 2
29568, 5
29569, 3
29570, 3
29571, 5
29572, 6
29573, 2
29575, 3
29576, 3
29577, 3
29578, 2
29579, 2
29580, 3
29581, 2
29582, 3
29583, 2
29584, 3
29585, 3
29586, 2
29587, 3
29588, 4
29589, 2
29590, 2
29592, 3
29593, 1
29594, 1
29595, 2
29596, 3
29597, 1
29598, 2
29600, 2
29601, 2
29602, 5
29603, 1
29605, 2
29606, 2
29608, 1
29609, 2
29610, 4
29611, 4
29612, 2
29613, 2
29614, 3
29615, 1
29616, 4
29617, 4
29618, 2
29619, 6
29620, 3
29621, 2
29623, 4
29624, 4
29625, 2
29626, 2
29627, 6
29628, 2
29629, 6
29630, 2
29631, 4
29632, 4
29633, 3
29634, 6
29635, 6
29636, 1
29637, 4
29638, 4
29639, 2
29640, 3
29641, 9
29642, 10
29643, 2
29644, 4
29645, 2
29646, 6
29647, 5
29648, 5
29649, 8
29650, 1
29651, 1
29652, 4
29653, 5
29654, 3
29655, 2
29656, 6
29657, 3
29658, 5
29659, 1
29660, 1
29661, 2
29662, 5
29663, 2
29664, 3
29665, 3
29666, 2
29667, 1
29668, 2
29669, 4
29670, 3
29671, 1
29672, 5
29673, 2
29674, 2
29675, 3
29676, 1
29677, 2
29678, 1
29679, 2
29680, 1
29681, 2
29682, 2
29683, 2
29684, 1
29685, 1
29686, 2
29687, 3
29688, 4
29690, 1
29691, 2
29692, 1
29693, 1
29694, 1
29695, 5
29696, 2
29697, 3
29698, 3
29699, 2
29700, 2
29702, 6
29703, 4
29704, 2
29705, 5
29706, 2
29707, 3
29708, 2
29709, 2
29710, 4
29711, 2
29712, 3
29713, 5
29714, 2
29715, 6
29716, 3
29717, 4
29718, 4
29719, 4
29720, 8
29721, 2
29722, 2
29723, 4
29724, 4
29725, 2
29726, 7
29727, 7
29728, 6
29729, 5
29730, 1
29731, 4
29732, 4
29733, 8
29734, 8
29735, 2
29736, 2
29737, 3
29738, 4
29739, 4
29740, 1
29741, 5
29742, 5
29743, 6
29744, 1
29746, 1
29747, 5
29748, 3
29749, 3
29750, 1
29751, 3
29752, 2
29753, 3
29755, 6
29756, 1
29757, 4
29758, 3
29759, 2
29760, 3
29761, 2
29763, 3
29764, 1
29765, 1
29766, 2
29767, 2
29768, 2
29769, 1
29770, 1
29771, 2
29772, 2
29773, 4
29774, 2
29776, 3
29777, 1
29778, 1
29779, 1
29780, 1
29781, 5
29782, 1
29783, 5
29784, 2
29785, 1
29786, 2
29787, 5
29788, 2
29789, 5
29790, 3
29791, 3
29792, 3
29793, 1
29794, 4
29795, 2
29796, 3
29797, 2
29798, 6
29799, 2
29800, 3
29801, 5
29802, 5
29803, 3
29804, 3
29805, 5
29806, 7
29807, 2
29808, 2
29809, 7
29811, 4
29812, 7
29813, 9
29814, 5
29815, 3
29816, 2
29817, 7
29818, 4
29819, 4
29820, 8
29821, 2
29822, 4
29823, 3
29824, 3
29825, 2
29826, 4
29827, 6
29828, 3
29829, 5
29831, 1
29832, 4
29833, 3
29834, 3
29835, 1
29836, 3
29837, 3
29839, 3
29840, 5
29841, 2
29842, 2
29843, 4
29844, 1
29845, 3
29846, 3
29847, 1
29848, 2
29849, 1
29850, 1
29851, 2
29852, 3
29853, 1
29854, 2
29855, 1
29856, 1
29858, 6
29859, 3
29862, 3
29863, 1
29864, 1
29865, 1
29866, 3
29867, 4
29868, 1
29869, 5
29870, 1
29871, 3
29872, 1
29873, 5
29874, 5
29875, 1
29876, 6
29877, 2
29878, 1
29879, 3
29880, 3
29881, 3
29882, 3
29883, 4
29884, 4
29885, 2
29886, 6
29887, 4
29888, 3
29889, 1
29890, 5
29891, 8
29892, 2
29893, 3
29894, 5
29895, 3
29896, 2
29897, 8
29898, 5
29899, 6
29900, 6
29901, 1
29902, 3
29903, 8
29904, 5
29905, 7
29906, 4
29907, 1
29908, 3
29909, 5
29910, 3
29911, 3
29912, 1
29913, 8
29914, 3
29915, 3
29917, 1
29918, 5
29919, 3
29920, 4
29921, 1
29922, 2
29923, 2
29924, 2
29925, 3
29926, 4
29927, 2
29928, 2
29929, 4
29930, 2
29931, 2
29932, 3
29934, 3
29935, 1
29936, 1
29937, 2
29938, 3
29939, 1
29940, 2
29942, 1
29943, 4
29944, 4
29945, 1
29947, 3
29948, 1
29949, 1
29950, 1
29951, 2
29952, 2
29953, 4
29954, 5
29956, 3
29957, 1
29958, 2
29959, 5
29960, 5
29961, 3
29962, 3
29963, 3
29964, 2
29965, 2
29966, 3
29967, 4
29968, 1
29969, 7
29970, 3
29971, 5
29972, 2
29973, 4
29974, 3
29975, 3
29976, 8
29977, 4
29978, 1
29979, 4
29980, 5
29981, 1
29982, 4
29983, 9
29984, 8
29985, 6
29986, 1
29987, 1
29988, 6
29989, 8
29990, 4
29991, 7
29992, 1
29993, 3
29994, 4
29995, 3
29996, 2
29997, 4
29998, 5
29999, 6
30000, 3
30002, 1
30003, 2
30004, 3
30005, 6
30006, 1
30007, 2
30008, 2
30009, 2
30010, 2
30011, 5
30012, 2
30013, 2
30014, 3
30015, 3
30016, 2
30017, 4
30019, 1
30020, 3
30022, 2
30023, 1
30024, 4
30025, 1
30026, 1
30028, 4
30029, 2
30030, 3
30031, 1
30032, 2
30033, 2
30035, 1
30036, 1
30037, 3
30038, 4
30039, 4
30040, 3
30041, 1
30042, 2
30043, 2
30044, 4
30045, 4
30046, 4
30047, 4
30048, 2
30049, 2
30050, 2
30051, 3
30052, 5
30053, 1
30054, 4
30055, 4
30056, 2
30057, 5
30058, 5
30059, 4
30060, 2
30061, 3
30062, 7
30063, 3
30064, 3
30065, 4
30066, 4
30067, 1
30068, 7
30069, 7
30070, 10
30071, 2
30072, 2
30073, 4
30074, 7
30075, 4
30076, 7
30077, 3
30078, 2
30079, 3
30080, 6
30081, 1
30082, 3
30083, 3
30084, 5
30085, 4
30086, 2
30088, 2
30089, 3
30090, 4
30091, 4
30092, 1
30093, 3
30094, 1
30095, 2
30096, 3
30097, 4
30098, 3
30099, 1
30100, 2
30101, 3
30102, 2
30103, 2
30105, 3
30106, 1
30107, 1
30108, 3
30109, 1
30110, 1
30111, 1
30113, 2
30115, 1
30116, 1
30123, 1
30124, 1
30145, 1
30178, 1
30263, 1
30350, 1
30434, 1
30520, 1
30606, 1
30691, 1
30776, 1
30862, 1
30948, 1
31033, 1
