0, 1
1, 2
2, 1
3, 3
4, 4
5, 1
6, 1
7, 1
8, 3
9, 8
10, 2
11, 3
12, 4
13, 1
14, 3
15, 5
16, 4
17, 2
18, 4
20, 7
21, 6
22, 11
23, 11
24, 1
25, 13
26, 13
27, 6
28, 8
29, 7
30, 7
31, 14
32, 20
33, 6
34, 17
35, 14
36, 10
37, 12
38, 13
39, 5
40, 11
41, 5
42, 6
43, 8
44, 13
45, 15
46, 21
47, 16
48, 24
49, 19
50, 30
51, 12
52, 24
53, 21
54, 7
55, 17
56, 10
57, 13
58, 16
59, 12
60, 8
61, 17
62, 11
63, 18
64, 16
65, 17
66, 11
67, 15
68, 7
69, 22
70, 7
71, 25
72, 20
73, 22
74, 41
75, 25
76, 39
77, 16
78, 30
79, 23
80, 39
81, 36
82, 30
83, 22
84, 17
85, 16
86, 14
87, 13
88, 5
89, 6
90, 5
91, 5
92, 20
93, 26
94, 16
95, 18
96, 11
97, 21
98, 14
99, 15
100, 21
101, 40
102, 25
103, 37
104, 18
105, 34
106, 29
107, 22
108, 31
109, 31
110, 20
111, 18
112, 18
113, 16
114, 9
115, 4
117, 6
118, 12
119, 10
120, 5
121, 7
122, 8
123, 6
124, 18
125, 11
126, 7
127, 4
128, 4
129, 11
130, 12
131, 11
132, 7
133, 7
134, 7
135, 13
136, 11
138, 5
139, 1
140, 10
141, 8
142, 4
143, 8
144, 4
145, 7
146, 4
147, 3
148, 2
149, 11
150, 4
151, 8
152, 2
154, 2
156, 2
157, 3
158, 4
160, 1
161, 2
163, 3
164, 2
165, 5
166, 8
167, 12
168, 3
169, 1
170, 2
172, 5
173, 3
174, 1
175, 5
176, 5
177, 4
178, 5
179, 3
180, 1
181, 2
182, 4
183, 5
184, 6
185, 4
186, 7
187, 4
188, 2
189, 4
190, 8
191, 14
192, 2
193, 15
194, 7
195, 4
196, 1
199, 2
200, 1
201, 5
202, 3
203, 5
204, 1
205, 4
206, 4
208, 2
209, 5
210, 3
213, 1
214, 4
215, 8
217, 2
222, 5
224, 1
225, 1
226, 2
227, 2
239, 2
241, 3
242, 4
244, 1
245, 2
247, 1
248, 1
249, 1
253, 1
256, 1
261, 2
264, 1
268, 1
453, 1
456, 1
459, 1
460, 3
461, 1
463, 3
469, 5
471, 5
473, 6
475, 2
476, 9
478, 2
479, 1
480, 3
481, 3
483, 2
485, 1
486, 2
487, 2
488, 4
489, 5
491, 5
492, 1
493, 2
494, 4
495, 2
496, 3
529, 2
531, 3
536, 3
537, 4
539, 2
540, 3
541, 4
545, 3
546, 3
548, 5
551, 1
552, 2
554, 4
555, 2
556, 3
557, 3
560, 7
561, 2
562, 2
563, 3
565, 4
568, 2
570, 3
571, 3
574, 6
577, 2
578, 3
581, 12
583, 3
584, 2
585, 2
586, 4
587, 3
588, 3
589, 6
593, 1
594, 2
599, 1
601, 2
603, 3
607, 2
608, 1
610, 1
786, 6
787, 5
788, 2
790, 3
791, 6
792, 3
793, 3
795, 3
797, 6
798, 6
799, 7
800, 3
801, 4
802, 2
803, 3
804, 9
805, 9
806, 5
807, 1
808, 4
809, 2
811, 3
812, 3
813, 8
814, 10
815, 3
816, 6
817, 4
818, 5
819, 4
820, 8
821, 5
822, 3
823, 3
824, 6
918, 3
2316, 1
2318, 1
2319, 2
2320, 2
2322, 1
2323, 1
2324, 5
2325, 3
2326, 2
2327, 5
2328, 1
2329, 4
2330, 8
2331, 9
2332, 3
2333, 3
2334, 3
2335, 20
2336, 11
2337, 10
2338, 12
2339, 19
2340, 5
2341, 16
2342, 17
2343, 12
2344, 11
2345, 11
2346, 19
2347, 17
2348, 24
2349, 15
2350, 13
2351, 22
2352, 16
2353, 23
2354, 17
2355, 27
2356, 21
2357, 26
2358, 21
2359, 6
2360, 22
2361, 14
2362, 7
2363, 17
2364, 9
2365, 7
2367, 22
2368, 11
2369, 17
2370, 21
2371, 6
2372, 2
2373, 7
2374, 4
2375, 5
2376, 2
2377, 3
2388, 2
2392, 2
2393, 7
2394, 6
2396, 4
2397, 3
2398, 7
2399, 4
2400, 5
2401, 9
2402, 2
2403, 5
2404, 3
2405, 3
2406, 7
2407, 1
2408, 5
2409, 6
2410, 9
2411, 8
2412, 5
2413, 6
2414, 12
2415, 20
2416, 3
2417, 20
2418, 8
2419, 4
2420, 12
2421, 15
2422, 18
2423, 7
2424, 6
2425, 7
2426, 16
2427, 14
2428, 26
2429, 16
2430, 17
2431, 8
2432, 3
2433, 8
2434, 26
2435, 12
2436, 15
2437, 12
2438, 14
2439, 9
2440, 10
2441, 8
2442, 23
2443, 5
2444, 18
2445, 8
2446, 6
2447, 15
2448, 10
2449, 29
2450, 11
2451, 14
2452, 24
2453, 4
2454, 12
2455, 6
2456, 11
2457, 13
2459, 7
2460, 8
2461, 5
2462, 4
2463, 3
2464, 2
2465, 11
2466, 2
2467, 8
2469, 1
2470, 3
2471, 3
2477, 4
2478, 1
2480, 4
2482, 3
2483, 2
2485, 3
2487, 3
2488, 1
2491, 1
2506, 2
2513, 1
2515, 2
2524, 6
2580, 1
2587, 3
2646, 3
2647, 3
2648, 3
2649, 2
2650, 2
2652, 3
2653, 7
2654, 2
2655, 3
2657, 4
2659, 4
2660, 5
2661, 5
2662, 3
2663, 6
2665, 10
2666, 3
2667, 7
2668, 7
2669, 10
2670, 20
2671, 10
2672, 5
2673, 4
2674, 6
2675, 14
2676, 15
2677, 5
2678, 2
2679, 1
2680, 5
2681, 5
2682, 6
2683, 7
2684, 6
2685, 6
2686, 13
2687, 8
2688, 8
2689, 3
2690, 5
2691, 8
2692, 10
2693, 10
2694, 7
2695, 1
2696, 8
2697, 4
2698, 4
2699, 5
2701, 3
2704, 1
2706, 1
2707, 1
2712, 5
2716, 3
2729, 1
2732, 3
2734, 3
2735, 1
2736, 2
2739, 2
2741, 3
2742, 4
2744, 1
2745, 1
2746, 4
2747, 5
2748, 1
2752, 2
2754, 1
2755, 7
2756, 2
2759, 1
2761, 2
2762, 7
2763, 3
2764, 1
2765, 2
2766, 3
2768, 1
2769, 6
2772, 1
2773, 5
2774, 2
2776, 3
2777, 1
2778, 3
2779, 3
2780, 4
2781, 6
2782, 1
2786, 2
2787, 2
2788, 2
2790, 1
2792, 3
2793, 6
2794, 1
2797, 1
2799, 3
2800, 2
2801, 2
2804, 3
2805, 2
2808, 4
2809, 1
2814, 2
3004, 3
3008, 6
3010, 3
3016, 3
3017, 6
3020, 3
3024, 3
3027, 3
3036, 3
3090, 2
3093, 1
3467, 1
3468, 1
3469, 2
3470, 7
3471, 5
3472, 5
3473, 4
3474, 6
3475, 7
3476, 2
3477, 8
3478, 3
3479, 6
3480, 4
3481, 7
3482, 11
3483, 10
3484, 5
3485, 3
3486, 14
3487, 3
3488, 6
3489, 10
3490, 3
3491, 8
3492, 11
3493, 9
3494, 7
3495, 7
3496, 8
3497, 9
3498, 8
3499, 6
3500, 7
3501, 14
3502, 15
3503, 17
3504, 17
3505, 14
3506, 12
3507, 6
3508, 4
3509, 1
3512, 2
3547, 13
3548, 6
3555, 7
3556, 7
3557, 3
3558, 4
3559, 8
3560, 7
3561, 4
3562, 5
3563, 7
3564, 2
3567, 10
3568, 9
3569, 4
3570, 13
3571, 5
3572, 24
3573, 19
3574, 18
3575, 17
3576, 14
3577, 13
3578, 11
3579, 7
3580, 12
3581, 15
3582, 11
3583, 12
3584, 5
3585, 9
3586, 16
3588, 5
3590, 8
3591, 3
3592, 5
3593, 6
3594, 3
3595, 11
3596, 4
3597, 14
3598, 7
3599, 4
3600, 14
3601, 6
3602, 12
3604, 3
3605, 6
3606, 3
3607, 5
3608, 2
3609, 1
3610, 8
3611, 9
3613, 7
3614, 6
3615, 6
3616, 2
3617, 1
3618, 1
3619, 2
3620, 1
3621, 3
3622, 1
3623, 6
3625, 10
3629, 6
3630, 3
3631, 7
3632, 12
3633, 8
3635, 5
3636, 6
3637, 7
3638, 4
3639, 1
3640, 6
3641, 3
3645, 3
3646, 5
3647, 5
3649, 4
3650, 2
3651, 5
3653, 3
3654, 1
3655, 5
3656, 3
3657, 3
3658, 3
3660, 6
3661, 6
3662, 6
3664, 3
3665, 8
3666, 4
3667, 3
3669, 6
3670, 11
3671, 4
3676, 6
3678, 9
3679, 4
3681, 6
3683, 4
3684, 6
3685, 2
3686, 9
3687, 9
3689, 4
3690, 3
3691, 4
3692, 1
3693, 2
3694, 6
3695, 3
3698, 3
3700, 3
3701, 5
3702, 5
3703, 8
3704, 3
3706, 3
3708, 6
3710, 3
3712, 5
3713, 2
3714, 1
3715, 1
3718, 5
3719, 2
3720, 8
3721, 3
3722, 4
3724, 8
3725, 2
3726, 4
3727, 7
3728, 4
3729, 4
3730, 4
3731, 11
3732, 2
3733, 9
3734, 7
3735, 12
3736, 7
3737, 8
3738, 5
3739, 6
3740, 9
3741, 4
3742, 6
3743, 12
3744, 8
3745, 7
3746, 4
3747, 8
3748, 24
3749, 20
3750, 13
3751, 6
3752, 10
3753, 10
3754, 11
3755, 8
3756, 14
3757, 21
3759, 5
3760, 5
3761, 5
3762, 2
3763, 6
3764, 9
3765, 8
3766, 3
3767, 2
3768, 7
3769, 8
3770, 8
3771, 1
3772, 4
3773, 4
3774, 3
3775, 3
3776, 6
3777, 4
3778, 2
3779, 9
3780, 3
3782, 3
3783, 5
3784, 3
3785, 7
3786, 3
3787, 6
3788, 3
3789, 3
3791, 11
3792, 7
3794, 10
3795, 1
3796, 2
3797, 10
3798, 4
3799, 2
3800, 8
3801, 3
3802, 4
3803, 7
3804, 6
3805, 9
3806, 1
3807, 2
3809, 8
3810, 5
3811, 4
3812, 8
3813, 6
3814, 7
3815, 12
3816, 1
3817, 2
3818, 3
3819, 6
3821, 2
3822, 7
3824, 9
3825, 7
3826, 6
3827, 6
3828, 2
3829, 10
3830, 21
3831, 9
3832, 3
3833, 2
3834, 2
3836, 4
3837, 6
3838, 2
3839, 3
3840, 3
3844, 5
3845, 6
3846, 4
3847, 1
3848, 5
3850, 3
3851, 3
3852, 5
3853, 5
3854, 1
3857, 2
3858, 1
3859, 3
3864, 5
3872, 3
3891, 3
3896, 3
3904, 3
3906, 2
3909, 3
3934, 3
4039, 1
4040, 8
4041, 2
4042, 2
4043, 2
4044, 2
4046, 1
4047, 1
4048, 1
4049, 3
4050, 5
4052, 2
4055, 1
4056, 2
4057, 2
4058, 3
4059, 3
4060, 2
4061, 1
4062, 2
4063, 5
4064, 1
4065, 4
4066, 10
4067, 1
4068, 1
4069, 2
4071, 4
4072, 1
4074, 5
4075, 5
4076, 3
4077, 6
4078, 1
4089, 1
4094, 1
4095, 12
4096, 3
4097, 1
4098, 2
4099, 5
4100, 7
4102, 6
4103, 3
4104, 5
4105, 8
4106, 10
4107, 15
4108, 9
4109, 10
4110, 20
4111, 15
4112, 11
4113, 10
4114, 7
4115, 15
4116, 9
4117, 22
4118, 10
4119, 15
4120, 12
4121, 15
4122, 17
4123, 18
4124, 7
4125, 15
4126, 20
4127, 10
4128, 20
4129, 19
4130, 33
4131, 34
4132, 30
4133, 10
4134, 10
4135, 23
4136, 13
4137, 9
4138, 16
4139, 21
4140, 7
4141, 10
4143, 5
4144, 13
4145, 11
4146, 28
4147, 11
4148, 6
4149, 14
4150, 1
4152, 1
4153, 16
4154, 18
4155, 5
4156, 12
4157, 21
4158, 15
4159, 11
4160, 2
4161, 30
4162, 12
4163, 5
4164, 8
4165, 12
4166, 24
4169, 8
4170, 9
4171, 1
4172, 6
4174, 10
4175, 2
4178, 4
4179, 8
4180, 8
4181, 9
4182, 7
4183, 10
4184, 14
4185, 4
4186, 13
4187, 4
4189, 11
4190, 16
4191, 10
4192, 5
4193, 2
4194, 4
4195, 7
4197, 13
4198, 8
4199, 7
4200, 15
4201, 17
4202, 31
4203, 11
4204, 27
4205, 18
4206, 12
4207, 23
4208, 19
4209, 10
4210, 19
4211, 13
4212, 17
4213, 20
4214, 5
4215, 15
4216, 8
4217, 15
4218, 19
4219, 5
4220, 11
4221, 16
4222, 35
4223, 9
4224, 16
4225, 11
4226, 25
4227, 23
4228, 26
4229, 8
4230, 15
4231, 12
4232, 26
4233, 15
4234, 14
4235, 18
4236, 10
4237, 28
4238, 20
4239, 12
4240, 11
4241, 5
4242, 10
4243, 6
4244, 6
4246, 4
4247, 7
4248, 7
4249, 14
4250, 6
4251, 3
4253, 19
4255, 1
4256, 19
4257, 10
4258, 10
4259, 9
4260, 6
4262, 6
4263, 18
4264, 1
4266, 1
4268, 9
4271, 3
4272, 3
4275, 5
4277, 1
4280, 6
4282, 3
4283, 9
4284, 4
4285, 11
4287, 4
4288, 1
4289, 6
4290, 4
4291, 8
4292, 1
4293, 10
4294, 4
4296, 3
4297, 5
4298, 6
4299, 7
4300, 7
4301, 8
4302, 2
4303, 9
4304, 4
4305, 9
4306, 5
4307, 2
4308, 3
4309, 11
4310, 10
4311, 10
4312, 3
4313, 6
4314, 9
4315, 22
4316, 6
4317, 2
4318, 4
4319, 14
4320, 16
4321, 2
4322, 3
4324, 6
4325, 7
4326, 4
4327, 16
4328, 3
4329, 2
4330, 6
4331, 8
4333, 3
4335, 8
4336, 2
4337, 3
4339, 2
4341, 2
4344, 2
4346, 4
4347, 2
4348, 3
4350, 5
4352, 9
4353, 5
4355, 7
4356, 3
4357, 3
4358, 7
4359, 1
4360, 7
4362, 6
4363, 1
4365, 2
4368, 2
4369, 1
4370, 5
4371, 8
4372, 4
4373, 3
4374, 3
4375, 2
4378, 2
4381, 5
4385, 5
4388, 1
4390, 3
4391, 4
4393, 1
4394, 1
4395, 1
4396, 1
4397, 1
4399, 2
4400, 1
4402, 2
4403, 1
4407, 3
4410, 5
4411, 2
4539, 3
4540, 2
4541, 3
4544, 1
4546, 1
4549, 1
4550, 1
4551, 2
4553, 1
4554, 1
4555, 1
4556, 1
4557, 3
4559, 2
4560, 2
4561, 3
4562, 4
4564, 2
4565, 6
4566, 3
4567, 8
4568, 9
4569, 7
4570, 5
4571, 8
4572, 3
4573, 13
4574, 10
4575, 14
4577, 5
4578, 5
4579, 12
4580, 16
4581, 10
4582, 8
4583, 5
4584, 11
4585, 13
4586, 19
4587, 11
4588, 14
4589, 17
4590, 13
4591, 16
4592, 9
4593, 12
4594, 12
4595, 7
4596, 16
4597, 13
4598, 27
4599, 19
4600, 3
4601, 5
4602, 2
4603, 11
4604, 23
4605, 13
4606, 13
4607, 2
4608, 15
4609, 16
4610, 6
4611, 7
4612, 17
4613, 19
4614, 7
4615, 10
4616, 9
4617, 8
4618, 9
4619, 5
4620, 5
4621, 1
4622, 4
4623, 1
4624, 10
4625, 7
4626, 14
4627, 3
4628, 9
4629, 5
4630, 9
4631, 5
4632, 10
4633, 4
4634, 15
4635, 7
4636, 8
4637, 1
4638, 12
4639, 2
4640, 11
4641, 19
4642, 11
4643, 9
4644, 14
4645, 5
4646, 17
4647, 17
4648, 22
4649, 7
4650, 7
4651, 11
4652, 3
4653, 7
4654, 2
4655, 7
4656, 12
4657, 21
4658, 11
4659, 14
4660, 9
4661, 17
4662, 5
4663, 8
4664, 12
4665, 13
4666, 11
4667, 30
4668, 12
4669, 3
4670, 17
4671, 8
4672, 4
4673, 11
4674, 2
4675, 13
4676, 6
4677, 15
4678, 5
4679, 20
4680, 10
4681, 6
4682, 16
4683, 11
4684, 2
4685, 7
4686, 8
4687, 4
4688, 10
4689, 2
4690, 12
4691, 22
4692, 6
4693, 2
4694, 3
4695, 4
4697, 2
4698, 12
4699, 5
4700, 5
4703, 12
4704, 12
4705, 11
4706, 6
4707, 4
4708, 3
4710, 1
4711, 5
4712, 4
4713, 2
4715, 6
4716, 5
4718, 6
4720, 4
4722, 6
4723, 7
4727, 2
4731, 3
4732, 4
4733, 1
4747, 3
4762, 1
4763, 1
6156, 1
6157, 1
6160, 1
6162, 1
6163, 2
6164, 1
6167, 1
6168, 3
6169, 3
6171, 1
6172, 1
6173, 1
6174, 2
6176, 1
6178, 3
6179, 4
6181, 1
6182, 3
6183, 3
6185, 3
6186, 2
6188, 1
6190, 4
6191, 5
6192, 1
6193, 2
6194, 2
6228, 2
6234, 1
6238, 2
6239, 3
6240, 2
6243, 2
6244, 2
6245, 4
6247, 3
6248, 7
6250, 13
6251, 5
6252, 5
6253, 18
6254, 5
6255, 7
6256, 19
6257, 9
6258, 7
6259, 2
6260, 12
6261, 7
6262, 16
6263, 10
6264, 19
6265, 10
6266, 20
6267, 16
6268, 14
6269, 6
6270, 7
6271, 3
6272, 15
6273, 18
6274, 13
6275, 5
6276, 4
6277, 8
6278, 21
6279, 16
6280, 14
6281, 8
6282, 6
6283, 8
6284, 5
6285, 11
6286, 6
6287, 24
6288, 9
6289, 7
6290, 26
6291, 13
6292, 6
6293, 6
6294, 11
6295, 21
6296, 6
6297, 18
6298, 5
6299, 7
6300, 6
6301, 15
6302, 1
6303, 3
6304, 4
6305, 5
6307, 8
6308, 8
6309, 5
6311, 8
6313, 5
6315, 6
6317, 1
6318, 13
6321, 1
6322, 5
6323, 4
6324, 2
6325, 3
6327, 13
6328, 8
6329, 3
6330, 6
6331, 8
6333, 2
6334, 6
6335, 1
6336, 6
6338, 3
6339, 4
6340, 2
6341, 15
6342, 6
6343, 6
6344, 5
6345, 3
6346, 8
6348, 7
6349, 30
6350, 8
6351, 9
6352, 9
6353, 5
6354, 1
6355, 14
6356, 5
6357, 15
6358, 13
6359, 2
6360, 17
6361, 9
6362, 3
6363, 8
6364, 3
6365, 2
6366, 2
6367, 6
6368, 2
6369, 9
6370, 6
6371, 6
6372, 5
6373, 3
6374, 17
6375, 18
6376, 7
6377, 6
6378, 3
6379, 4
6380, 23
6381, 7
6382, 6
6383, 3
6384, 9
6385, 5
6386, 4
6387, 5
6388, 11
6389, 2
6390, 6
6391, 3
6392, 3
6393, 12
6394, 5
6395, 6
6396, 2
6397, 5
6398, 17
6399, 8
6400, 27
6401, 5
6402, 8
6404, 12
6405, 21
6406, 10
6407, 13
6408, 14
6409, 18
6410, 5
6411, 17
6412, 15
6413, 12
6414, 6
6415, 16
6416, 14
6417, 12
6418, 4
6419, 11
6420, 23
6421, 12
6422, 5
6423, 4
6424, 11
6425, 19
6426, 9
6427, 6
6428, 20
6429, 8
6430, 10
6431, 8
6432, 7
6433, 10
6434, 12
6435, 2
6436, 8
6438, 3
6439, 3
6440, 5
6441, 7
6442, 6
6443, 10
6444, 3
6448, 7
6449, 5
6450, 4
6451, 7
6453, 3
6454, 3
6455, 3
6456, 9
6458, 6
6459, 5
6460, 5
6461, 8
6462, 16
6463, 6
6464, 7
6465, 6
6466, 6
6467, 15
6468, 6
6469, 7
6470, 7
6471, 5
6472, 9
6473, 3
6474, 6
6475, 8
6476, 1
6477, 9
6478, 3
6479, 3
6481, 14
6483, 6
6484, 3
6486, 7
6487, 11
6488, 12
6489, 11
6490, 5
6491, 10
6492, 7
6493, 21
6494, 8
6495, 2
6496, 10
6497, 13
6498, 14
6499, 5
6500, 11
6501, 2
6502, 6
6503, 6
6506, 2
6507, 2
6508, 1
6509, 2
6510, 2
6511, 13
6512, 4
6513, 7
6514, 4
6515, 5
6517, 14
6518, 3
6519, 5
6522, 2
6523, 1
6528, 2
6534, 2
6535, 2
6541, 1
6543, 1
6544, 2
6549, 3
6566, 3
6570, 1
6579, 2
6588, 1
6589, 2
6590, 2
6600, 2
6601, 6
6603, 2
6608, 1
6614, 3
6615, 6
6730, 3
6731, 3
6733, 3
6740, 3
6747, 3
7287, 4
7288, 1
7289, 1
7290, 1
7291, 4
7292, 5
7293, 4
7294, 2
7295, 4
7296, 6
7297, 1
7299, 2
7301, 2
7302, 4
7303, 1
7304, 5
7305, 4
7306, 4
7307, 4
7308, 2
7310, 3
7311, 5
7312, 3
7313, 8
7314, 9
7315, 3
7316, 6
7317, 8
7318, 11
7319, 4
7320, 5
7321, 7
7322, 3
7323, 9
7324, 2
7325, 18
7326, 11
7327, 3
7357, 2
7359, 1
7360, 2
7362, 5
7363, 2
7365, 1
7366, 3
7367, 3
7369, 4
7370, 6
7371, 1
7372, 2
7373, 2
7375, 3
7377, 6
7378, 2
7379, 2
7381, 3
7382, 3
7383, 3
7384, 9
7385, 9
7386, 1
7387, 2
7388, 2
7389, 1
7390, 9
7391, 2
7392, 7
7393, 2
7394, 1
7395, 5
7396, 1
7397, 2
7398, 10
7399, 2
7400, 5
7402, 3
7403, 10
7404, 3
7405, 3
7406, 4
7407, 1
7408, 4
7409, 3
7411, 4
7412, 1
7413, 3
7414, 2
7415, 3
7416, 4
7417, 4
7418, 2
7419, 4
7422, 2
7423, 2
7424, 2
7425, 2
7426, 1
7427, 3
7434, 2
7435, 1
7437, 3
7438, 3
7451, 2
7491, 1
7492, 1
7495, 2
7496, 1
7499, 1
7500, 2
7501, 5
7503, 5
7504, 1
7505, 1
7506, 3
7507, 4
7508, 3
7509, 5
7510, 3
7512, 6
7513, 7
7514, 3
7515, 5
7516, 2
7517, 1
7518, 3
7519, 3
7520, 9
7521, 6
7522, 6
7523, 2
7524, 7
7525, 3
7526, 9
7527, 11
7528, 9
7529, 4
7530, 13
7531, 12
7532, 1
7533, 5
7534, 3
7535, 5
7536, 3
7537, 6
7538, 5
7539, 3
7540, 10
7541, 2
7542, 3
7543, 7
7544, 5
7545, 3
7546, 9
7547, 2
7550, 3
7552, 3
7553, 3
7555, 3
7557, 2
7558, 2
7564, 3
7565, 7
7566, 2
7568, 9
7570, 2
7573, 6
7574, 3
7575, 2
7576, 2
7577, 3
7581, 4
7582, 1
7583, 2
7584, 4
7585, 6
7586, 3
7587, 5
7588, 9
7589, 1
7590, 5
7593, 3
7594, 5
7595, 1
7599, 2
7602, 2
7604, 4
7605, 6
7606, 2
7607, 1
7608, 5
7609, 4
7611, 3
7614, 2
7615, 2
7616, 5
7623, 3
7629, 3
7630, 3
7755, 1
7756, 3
7757, 1
7758, 1
7759, 2
7760, 1
7761, 1
7762, 1
7763, 1
7764, 1
7765, 1
7767, 2
7768, 1
7769, 1
7770, 5
7772, 1
7773, 4
7774, 1
7775, 7
7776, 5
7778, 3
7779, 2
7780, 8
7781, 6
7782, 8
7783, 2
7784, 7
7785, 12
7786, 6
7787, 22
7788, 10
7789, 21
7790, 10
7791, 18
7792, 5
7793, 18
7794, 10
7795, 14
7796, 11
7797, 3
7798, 2
7799, 10
7800, 5
7801, 1
7802, 8
7803, 3
7804, 7
7805, 12
7806, 12
7807, 3
7809, 3
7810, 3
7812, 2
7814, 2
7816, 3
7817, 5
7818, 2
7828, 3
7831, 3
7832, 1
7833, 3
7834, 10
7835, 2
7836, 8
7837, 6
7838, 9
7839, 2
7841, 7
7842, 10
7843, 4
7844, 1
7845, 10
7846, 9
7847, 2
7848, 5
7849, 4
7850, 11
7851, 19
7852, 9
7853, 14
7854, 10
7855, 15
7856, 16
7857, 22
7858, 15
7859, 13
7860, 13
7861, 18
7862, 21
7863, 24
7864, 16
7865, 26
7866, 22
7867, 15
7868, 18
7869, 21
7870, 33
7871, 15
7872, 24
7873, 11
7874, 9
7875, 6
7876, 6
7877, 13
7878, 9
7879, 22
7880, 11
7881, 23
7882, 11
7883, 14
7884, 13
7885, 7
7886, 2
7887, 9
7888, 7
7889, 7
7890, 11
7891, 5
7892, 10
7893, 10
7894, 4
7895, 4
7896, 4
7897, 8
7898, 5
7899, 6
7902, 5
7903, 1
7905, 3
7906, 11
7908, 1
7909, 15
7910, 6
7911, 3
7912, 8
7913, 4
7914, 4
7915, 8
7916, 6
7917, 3
7918, 1
7919, 4
7923, 3
7924, 2
7925, 1
7928, 1
7929, 1
7930, 1
7931, 3
7932, 6
7933, 2
7935, 2
7936, 4
7937, 2
7938, 8
7939, 1
7940, 4
7941, 3
7942, 6
7943, 3
7944, 11
7945, 3
7946, 11
7947, 11
7948, 9
7949, 3
7950, 11
7952, 9
7954, 4
7956, 2
7957, 2
7958, 11
7959, 10
7960, 19
7961, 32
7962, 8
7963, 14
7964, 25
7965, 18
7966, 15
7967, 8
7968, 14
7969, 24
7970, 13
7971, 1
7972, 27
7973, 12
7974, 16
7975, 23
7976, 6
7977, 16
7978, 17
7979, 26
7980, 22
7981, 11
7982, 25
7983, 30
7984, 5
7985, 4
7987, 12
7988, 5
7989, 24
7990, 20
7991, 34
7992, 27
7993, 13
7994, 13
7995, 15
7996, 9
7997, 16
7999, 20
8000, 30
8001, 20
8002, 8
8003, 10
8004, 12
8005, 13
8006, 2
8007, 3
8008, 11
8009, 17
8010, 8
8011, 6
8012, 4
8013, 9
8014, 27
8015, 11
8016, 4
8017, 12
8018, 17
8019, 17
8020, 21
8021, 11
8022, 11
8023, 18
8024, 12
8025, 6
8026, 13
8027, 13
8028, 15
8029, 9
8030, 13
8031, 8
8033, 2
8034, 3
8035, 5
8036, 2
8037, 10
8038, 10
8039, 12
8040, 9
8041, 4
8042, 3
8043, 13
8044, 4
8045, 3
8046, 14
8047, 3
8048, 15
8049, 10
8050, 15
8051, 2
8052, 9
8053, 12
8054, 1
8055, 7
8056, 2
8057, 4
8058, 4
8059, 6
8060, 7
8062, 12
8063, 6
8064, 1
8065, 6
8066, 9
8068, 1
8069, 5
8070, 2
8071, 3
8072, 5
8073, 2
8074, 10
8075, 8
8076, 7
8077, 3
8079, 4
8080, 4
8081, 9
8082, 3
8083, 5
8085, 2
8087, 5
8088, 1
8089, 6
8090, 4
8096, 6
8098, 3
8099, 3
8101, 2
8102, 3
8103, 3
8104, 3
8105, 1
8108, 5
8112, 1
8114, 3
8115, 2
8117, 2
8120, 1
8122, 4
8127, 3
8129, 3
8137, 2
8138, 2
8166, 1
8169, 2
8172, 5
8175, 1
8176, 5
8178, 2
8179, 4
8180, 4
8182, 2
8184, 7
8185, 4
8186, 4
8187, 5
8189, 4
8190, 7
8191, 4
8192, 6
8193, 4
8194, 6
8195, 9
8196, 4
8197, 9
8198, 7
8199, 10
8200, 3
8201, 4
8202, 5
8204, 4
8205, 3
8206, 5
8207, 3
8208, 8
8209, 5
8210, 2
8211, 4
8212, 3
8213, 3
8214, 3
8215, 5
8217, 4
8218, 1
8219, 2
8220, 3
8222, 3
8223, 3
8224, 2
8227, 3
8228, 3
8229, 2
8230, 3
8232, 6
8233, 1
8234, 3
8235, 7
8236, 2
8237, 3
8240, 1
8241, 2
8244, 1
8245, 1
8247, 4
8248, 7
8249, 6
8250, 1
8251, 6
8253, 2
8254, 3
8258, 1
8259, 6
8261, 3
8262, 3
8263, 1
8266, 3
8270, 1
8271, 1
8275, 4
8276, 1
8278, 2
8279, 10
8280, 5
8282, 2
8286, 2
8287, 1
8288, 1
8290, 3
8293, 1
8294, 2
8296, 2
8299, 1
8301, 1
8304, 2
8305, 1
8308, 3
8311, 6
8317, 3
8327, 3
8333, 4
8368, 2
8408, 1
8411, 4
8412, 4
8414, 7
8415, 10
8416, 3
8417, 12
8418, 3
8419, 4
8420, 5
8421, 1
8422, 15
8423, 6
8424, 18
8425, 2
8426, 9
8427, 8
8428, 13
8429, 14
8430, 7
8431, 2
8432, 10
8433, 6
8436, 6
8437, 9
8438, 10
8439, 6
8440, 19
8441, 11
8442, 4
8443, 5
8444, 6
8445, 5
8446, 6
8447, 5
8448, 18
8449, 11
8450, 3
8451, 4
8452, 6
8453, 6
8457, 5
8458, 1
8459, 12
8460, 12
8461, 9
8462, 8
8463, 13
8466, 5
8468, 4
8469, 6
8474, 1
8475, 18
8477, 2
8478, 4
8479, 1
8480, 11
8483, 15
8484, 9
8486, 3
8487, 7
8488, 15
8489, 6
8490, 6
8491, 1
8494, 2
8495, 3
8496, 2
8498, 3
8499, 15
8500, 8
8501, 9
8502, 1
8504, 5
8506, 9
8507, 7
8509, 8
8510, 3
8512, 3
8513, 12
8514, 9
8515, 10
8516, 15
8517, 19
8518, 4
8519, 31
8520, 6
8521, 7
8522, 2
8523, 2
8524, 9
8525, 15
8526, 16
8527, 12
8528, 14
8529, 3
8530, 4
8531, 4
8532, 8
8533, 11
8534, 4
8535, 16
8536, 5
8537, 7
8538, 4
8539, 4
8540, 3
8542, 4
8543, 9
8544, 12
8545, 1
8546, 3
8547, 6
8549, 3
8550, 6
8551, 9
8554, 7
8555, 5
8556, 4
8557, 5
8561, 2
8562, 4
8564, 4
8566, 3
8567, 2
8572, 3
8574, 3
8575, 6
8576, 6
8577, 2
8578, 2
8579, 3
8581, 4
8582, 2
8587, 5
8588, 8
8590, 2
8592, 6
8593, 3
8594, 6
8596, 5
8600, 5
8601, 7
8602, 2
8604, 11
8605, 3
8606, 3
8607, 1
8608, 5
8610, 8
8611, 4
8612, 2
8613, 4
8614, 8
8615, 1
8616, 6
8619, 8
8621, 2
8622, 2
8623, 2
8629, 3
8630, 6
8632, 1
8633, 2
8635, 3
8636, 2
8637, 6
8638, 9
8640, 3
8644, 2
8647, 3
8652, 2
8658, 3
8659, 2
8660, 3
8661, 2
8708, 3
8725, 3
8738, 6
8749, 7
8755, 3
8756, 6
8760, 2
8764, 2
8771, 1
8772, 2
8774, 6
8779, 6
8789, 5
8790, 1
8836, 3
8849, 2
8854, 1
9030, 2
9032, 1
9033, 4
9035, 1
9036, 3
9037, 3
9038, 7
9039, 6
9041, 3
9042, 1
9044, 5
9045, 4
9046, 6
9047, 1
9048, 4
9049, 4
9050, 6
9051, 4
9052, 3
9053, 9
9054, 4
9055, 1
9056, 3
9057, 5
9058, 7
9059, 4
9060, 5
9061, 6
9062, 11
9063, 4
9064, 3
9065, 1
9066, 9
9067, 3
9068, 8
9069, 7
9070, 3
9071, 5
9076, 4
9086, 2
9098, 3
9100, 2
9102, 1
9109, 2
9110, 1
9111, 2
9112, 1
9113, 4
9114, 1
9116, 3
9117, 5
9119, 2
9120, 4
9121, 4
9122, 4
9123, 2
9124, 7
9125, 1
9126, 2
9127, 8
9128, 3
9129, 5
9130, 5
9133, 2
9134, 3
9135, 2
9136, 5
9137, 1
9138, 5
9139, 4
9140, 6
9141, 4
9142, 3
9143, 3
9144, 4
9145, 7
9146, 5
9147, 2
9148, 3
9149, 9
9150, 2
9151, 10
9152, 2
9154, 2
9155, 3
9156, 2
9157, 4
9160, 1
9162, 1
9163, 1
9166, 6
9167, 3
9169, 2
9170, 2
9172, 3
9173, 1
9178, 1
9524, 2
9526, 1
9528, 1
9529, 1
9530, 2
9531, 2
9532, 1
9533, 1
9534, 3
9537, 1
9538, 2
9539, 2
9540, 1
9543, 7
9544, 5
9545, 3
9546, 1
9547, 8
9548, 5
9549, 3
9550, 5
9551, 5
9552, 4
9553, 5
9554, 12
9555, 8
9556, 5
9557, 8
9558, 5
9559, 3
9560, 9
9561, 7
9562, 10
9563, 3
9588, 1
9592, 3
9594, 7
9595, 2
9597, 5
9599, 4
9600, 4
9601, 5
9602, 3
9604, 5
9605, 4
9606, 5
9608, 5
9609, 15
9610, 7
9611, 6
9612, 14
9613, 2
9614, 11
9615, 10
9616, 9
9617, 6
9618, 21
9619, 16
9620, 7
9621, 8
9622, 18
9623, 8
9624, 19
9625, 10
9626, 16
9627, 5
9628, 3
9629, 10
9630, 24
9631, 10
9632, 22
9633, 8
9634, 31
9635, 31
9636, 22
9637, 17
9638, 13
9639, 18
9640, 8
9641, 17
9642, 15
9643, 16
9644, 9
9645, 11
9646, 9
9647, 4
9648, 7
9649, 7
9650, 4
9651, 5
9652, 7
9653, 9
9654, 3
9655, 8
9656, 7
9657, 2
9658, 13
9659, 7
9660, 5
9661, 6
9662, 9
9663, 4
9666, 3
9669, 3
9670, 4
9671, 3
9672, 3
9678, 4
9690, 2
10659, 3
10660, 6
10662, 1
10663, 2
10664, 8
10665, 6
10667, 7
10668, 4
10669, 2
10670, 4
10672, 4
10674, 8
10675, 4
10676, 5
10677, 6
10679, 5
10680, 3
10681, 8
10683, 7
10684, 4
10685, 10
10686, 7
10687, 1
10688, 1
10689, 3
10690, 1
10691, 10
10692, 5
10693, 7
10694, 6
10695, 4
10696, 9
10697, 6
10698, 11
10699, 1
10700, 3
10702, 5
10727, 5
10728, 11
10729, 4
10730, 11
10731, 13
10732, 10
10733, 10
10734, 9
10735, 14
10736, 16
10737, 1
10738, 11
10739, 21
10740, 13
10741, 4
10742, 6
10743, 12
10744, 9
10745, 26
10746, 12
10747, 11
10748, 21
10749, 37
10750, 13
10751, 19
10752, 15
10753, 35
10754, 20
10755, 28
10756, 27
10757, 25
10758, 13
10759, 21
10760, 29
10761, 21
10762, 27
10763, 23
10764, 11
10765, 18
10766, 11
10767, 32
10768, 13
10769, 6
10770, 2
10771, 15
10772, 11
10773, 20
10774, 5
10775, 12
10776, 8
10777, 11
10778, 24
10781, 6
10783, 6
10785, 3
10786, 10
10788, 30
10789, 9
10790, 5
10791, 12
10792, 19
10793, 10
10794, 12
10795, 9
10796, 16
10797, 12
10798, 15
10799, 6
10800, 13
10801, 3
10802, 5
10803, 2
10804, 4
10805, 6
10806, 1
10808, 16
10809, 9
10810, 24
10811, 15
10812, 15
10813, 28
10814, 27
10815, 46
10816, 12
10817, 13
10818, 8
10819, 8
10821, 12
10822, 41
10823, 23
10824, 38
10825, 17
10826, 6
10827, 6
10828, 4
10829, 7
10830, 1
10831, 6
10832, 9
10833, 19
10834, 5
10835, 19
10836, 5
10837, 15
10838, 8
10839, 16
10840, 7
10841, 11
10846, 11
10847, 20
10848, 18
10849, 4
10852, 3
10853, 11
10854, 17
10855, 3
10856, 11
10857, 5
10858, 7
10859, 15
10860, 16
10861, 12
10862, 14
10863, 5
10864, 24
10865, 10
10866, 11
10867, 10
10868, 11
10869, 6
10870, 5
10871, 12
10872, 1
10873, 4
10874, 12
10875, 9
10876, 7
10877, 12
10878, 10
10879, 3
10880, 5
10881, 8
10882, 12
10883, 4
10884, 2
10885, 3
10886, 5
10887, 3
10888, 8
10889, 11
10890, 3
10891, 3
10892, 2
10893, 4
10894, 7
10895, 8
10896, 9
10897, 7
10898, 8
10899, 5
10900, 9
10901, 1
10902, 12
10903, 3
10904, 3
10905, 10
10906, 5
10907, 14
10908, 7
10909, 7
10910, 9
10911, 9
10912, 7
10913, 2
10914, 25
10915, 16
10916, 6
10917, 15
10918, 4
10919, 7
10920, 8
10922, 12
10923, 4
10924, 19
10925, 4
10926, 26
10927, 7
10928, 3
10929, 5
10930, 23
10931, 11
10932, 18
10933, 15
10934, 13
10935, 25
10936, 21
10937, 12
10938, 11
10939, 21
10940, 18
10941, 14
10942, 6
10943, 6
10944, 29
10945, 21
10946, 8
10947, 8
10949, 3
10951, 12
10952, 1
10953, 5
10954, 6
10955, 2
10956, 7
10957, 15
10958, 18
10960, 5
10961, 1
10963, 6
10966, 6
10969, 7
10970, 5
10972, 2
10975, 10
10976, 17
10977, 3
10978, 15
10979, 13
10980, 14
10981, 2
10983, 8
10984, 8
10985, 7
10987, 14
10988, 9
10989, 9
10990, 11
10991, 8
10992, 2
10993, 14
10994, 10
10995, 12
10996, 14
10997, 11
10998, 10
10999, 11
11000, 13
11001, 8
11003, 11
11004, 21
11005, 9
11006, 23
11007, 14
11009, 8
11010, 3
11011, 15
11012, 9
11013, 4
11014, 6
11015, 4
11016, 13
11017, 13
11018, 9
11019, 13
11020, 6
11021, 5
11022, 16
11023, 6
11024, 10
11025, 9
11026, 4
11029, 2
11030, 7
11031, 11
11032, 13
11033, 9
11034, 8
11035, 18
11038, 14
11039, 4
11040, 4
11041, 8
11043, 2
11044, 3
11046, 4
11047, 3
11048, 3
11049, 7
11051, 6
11053, 3
11054, 3
11056, 4
11057, 1
11058, 6
11061, 5
11062, 2
11063, 1
11065, 1
11066, 5
11068, 2
11070, 1
11073, 5
11075, 1
11076, 3
11078, 1
11083, 3
11086, 3
11087, 2
11088, 4
11089, 1
11090, 1
11093, 2
11094, 1
11095, 2
11099, 3
11103, 2
11110, 3
11126, 2
11127, 1
11145, 2
11171, 1
11172, 1
11175, 2
11176, 3
11177, 1
11178, 1
11179, 1
11180, 3
11181, 1
11182, 1
11183, 7
11184, 4
11185, 2
11186, 1
11187, 4
11189, 2
11190, 5
11191, 1
11192, 2
11193, 3
11194, 4
11196, 1
11197, 1
11199, 4
11200, 10
11201, 12
11202, 3
11203, 3
11204, 4
11205, 10
11206, 2
11207, 2
11208, 4
11209, 10
11210, 6
11211, 1
11213, 5
11214, 4
11215, 3
11217, 2
11218, 6
11222, 3
11226, 3
11228, 3
11230, 2
11231, 2
11232, 1
11233, 3
11234, 3
11235, 2
11237, 1
11238, 2
11239, 5
11240, 2
11244, 2
11246, 4
11249, 1
11250, 7
11251, 2
11255, 5
11256, 5
11258, 4
11259, 5
11260, 3
11261, 2
11262, 6
11264, 5
11266, 3
11267, 3
11268, 10
11269, 3
11270, 6
11271, 6
11272, 6
11273, 2
11274, 2
11275, 7
11276, 3
11278, 3
11279, 5
11280, 7
11281, 6
11282, 1
11283, 3
11285, 5
11286, 7
11287, 3
11289, 2
11290, 3
11291, 3
11292, 4
11293, 2
11294, 3
11296, 2
11299, 2
11301, 2
11302, 3
11304, 1
11305, 4
11306, 3
11310, 1
11311, 6
11312, 3
11313, 4
11315, 3
11316, 2
11317, 10
11318, 5
11320, 3
11322, 4
11323, 3
11324, 1
11325, 3
11326, 2
11327, 5
11328, 3
11329, 3
11330, 5
11331, 4
11332, 2
11333, 2
11334, 2
11335, 5
11336, 5
11338, 1
11339, 3
11340, 2
11342, 3
11343, 12
11344, 14
11345, 2
11346, 5
11347, 4
11348, 1
11349, 4
11350, 2
11351, 1
11352, 2
11354, 6
11355, 3
11356, 3
11358, 3
11360, 3
11361, 3
11362, 3
11363, 7
11364, 6
11365, 3
11366, 3
11367, 4
11368, 4
11369, 4
11370, 1
11371, 2
11372, 10
11373, 10
11374, 2
11375, 3
11376, 4
11377, 6
11378, 1
11379, 4
11380, 3
11381, 4
11382, 5
11383, 3
11384, 11
11385, 3
11386, 7
11387, 9
11389, 3
11390, 1
11391, 6
11392, 3
11394, 14
11395, 16
11398, 4
11399, 6
11400, 6
11401, 2
11402, 2
11404, 6
11407, 3
11408, 10
11409, 3
11411, 1
11412, 1
11415, 3
11417, 2
11418, 5
11419, 3
11421, 1
11422, 1
11423, 4
11424, 6
11425, 6
11428, 1
11430, 3
11431, 2
11432, 4
11436, 3
11438, 1
11443, 1
11456, 1
11470, 2
11471, 1
11587, 3
11588, 3
11589, 1
11591, 1
11592, 1
11593, 3
11596, 1
11597, 1
11598, 2
11599, 1
11600, 4
11602, 1
11603, 1
11604, 1
11605, 3
11606, 3
11607, 3
11608, 6
11609, 9
11611, 4
11612, 1
11613, 4
11614, 6
11615, 2
11616, 1
11617, 6
11618, 6
11619, 14
11620, 4
11621, 6
11622, 7
11623, 6
11624, 4
11625, 3
11626, 4
11629, 3
11635, 4
11637, 2
11638, 3
11639, 3
11640, 5
11642, 3
11644, 2
11645, 6
11648, 2
11649, 4
11650, 1
11651, 3
11652, 1
11654, 3
11656, 2
11657, 4
11660, 4
11661, 5
11663, 5
11665, 6
11666, 5
11667, 7
11668, 3
11671, 3
11673, 3
11675, 3
11676, 5
11677, 2
11678, 6
11679, 8
11680, 4
11681, 5
11683, 4
11684, 2
11685, 7
11686, 19
11687, 7
11688, 2
11689, 5
11690, 1
11691, 14
11692, 3
11693, 8
11694, 4
11695, 6
11696, 3
11697, 1
11698, 4
11700, 2
11701, 4
11704, 3
11706, 6
11707, 6
11708, 5
11709, 6
11710, 4
11711, 2
11713, 3
11714, 5
11715, 7
11716, 2
11717, 5
11718, 5
11720, 3
11731, 3
11732, 2
11735, 2
11745, 3
12197, 1
12198, 4
12199, 1
12201, 1
12202, 2
12204, 2
12205, 2
12206, 1
12207, 1
12208, 4
12210, 3
12211, 3
12212, 1
12213, 3
12214, 4
12215, 2
12216, 1
12217, 1
12218, 5
12219, 1
12221, 4
12222, 7
12223, 5
12224, 3
12225, 2
12227, 2
12228, 10
12229, 1
12230, 2
12231, 2
12232, 1
12233, 3
12234, 2
12235, 1
12236, 4
12239, 2
12262, 2
12267, 2
12269, 6
12270, 6
12271, 4
12272, 2
12274, 3
12276, 2
12277, 6
12279, 3
12280, 6
12281, 3
12282, 2
12283, 3
12284, 3
12285, 3
12286, 2
12287, 3
12288, 5
12289, 10
12290, 2
12291, 7
12292, 10
12293, 3
12294, 9
12295, 10
12297, 6
12298, 4
12299, 11
12300, 1
12301, 5
12302, 8
12303, 8
12304, 15
12305, 1
12306, 3
12307, 5
12308, 2
12309, 4
12310, 6
12311, 3
12312, 10
12314, 11
12315, 4
12316, 2
12317, 4
12318, 4
12319, 6
12320, 5
12321, 6
12322, 4
12323, 4
12324, 6
12325, 8
12326, 9
12327, 8
12328, 2
12329, 1
12330, 4
12331, 1
12332, 1
12333, 6
12334, 6
12335, 2
12336, 4
12339, 3
12345, 3
13206, 1
13207, 1
13209, 3
13210, 1
13212, 1
13213, 8
13214, 3
13215, 2
13216, 2
13217, 2
13218, 1
13219, 5
13220, 3
13221, 6
13222, 6
13223, 4
13224, 4
13225, 2
13227, 1
13228, 2
13229, 3
13230, 4
13231, 8
13232, 3
13233, 2
13234, 5
13235, 8
13236, 5
13237, 3
13238, 7
13239, 2
13240, 7
13241, 7
13242, 8
13243, 7
13244, 6
13245, 4
13246, 1
13270, 3
13274, 2
13275, 2
13280, 2
13282, 1
13284, 3
13286, 2
13287, 4
13288, 4
13289, 1
13290, 3
13291, 3
13292, 7
13293, 2
13294, 2
13295, 2
13296, 6
13297, 9
13298, 4
13300, 6
13301, 1
13302, 4
13303, 2
13304, 2
13305, 5
13306, 7
13307, 4
13308, 8
13309, 10
13310, 4
13311, 2
13312, 9
13313, 4
13314, 10
13315, 3
13316, 5
13317, 7
13318, 1
13319, 4
13320, 3
13321, 9
13322, 1
13323, 3
13324, 8
13325, 6
13326, 3
13328, 4
13329, 3
13330, 4
13331, 2
13332, 3
13333, 2
13334, 2
13335, 2
13337, 3
13338, 2
13340, 3
13343, 2
13346, 2
13352, 1
13353, 2
13365, 2
14308, 1
14309, 4
14310, 3
14311, 5
14312, 2
14313, 1
14314, 6
14315, 1
14316, 7
14317, 2
14318, 5
14319, 1
14320, 4
14322, 4
14323, 7
14324, 11
14325, 3
14326, 8
14327, 3
14328, 2
14329, 4
14330, 9
14331, 3
14332, 6
14333, 6
14334, 5
14335, 5
14336, 18
14337, 11
14338, 13
14339, 9
14340, 12
14341, 7
14342, 5
14343, 13
14344, 14
14345, 5
14346, 13
14347, 17
14348, 14
14349, 9
14350, 11
14351, 1
14352, 1
14353, 1
14355, 2
14377, 7
14378, 6
14379, 5
14380, 7
14381, 22
14382, 13
14383, 19
14384, 12
14385, 18
14386, 16
14387, 18
14388, 7
14389, 8
14390, 29
14391, 25
14392, 8
14393, 13
14394, 24
14395, 10
14396, 3
14397, 11
14398, 11
14399, 8
14400, 15
14401, 1
14402, 27
14403, 15
14404, 26
14405, 14
14406, 13
14407, 11
14408, 16
14409, 13
14410, 7
14411, 7
14412, 11
14413, 24
14414, 10
14415, 5
14416, 11
14417, 19
14418, 7
14419, 15
14420, 4
14421, 13
14422, 6
14423, 6
14424, 8
14425, 12
14426, 6
14427, 9
14428, 1
14429, 11
14430, 3
14431, 16
14432, 6
14433, 1
14434, 6
14435, 13
14436, 3
14438, 2
14439, 8
14440, 15
14441, 11
14442, 11
14443, 10
14444, 12
14445, 9
14446, 13
14447, 7
14448, 3
14449, 5
14450, 8
14451, 7
14452, 2
14453, 2
14454, 1
14455, 5
14456, 2
14457, 4
14458, 18
14459, 3
14460, 4
14461, 5
14462, 2
14463, 12
14464, 5
14465, 6
14466, 8
14467, 19
14468, 6
14469, 6
14470, 4
14471, 3
14472, 12
14473, 5
14474, 5
14475, 14
14476, 14
14477, 16
14478, 12
14479, 9
14480, 22
14481, 28
14482, 5
14483, 2
14484, 13
14485, 15
14486, 22
14487, 19
14488, 18
14489, 8
14490, 20
14491, 17
14492, 12
14493, 12
14494, 8
14495, 26
14496, 10
14497, 32
14498, 22
14499, 12
14500, 28
14501, 5
14502, 21
14503, 19
14504, 16
14505, 24
14506, 15
14507, 11
14508, 17
14509, 41
14510, 13
14511, 27
14512, 13
14513, 13
14514, 12
14515, 13
14516, 6
14517, 8
14518, 28
14519, 17
14520, 27
14521, 13
14522, 8
14523, 10
14524, 18
14525, 17
14526, 11
14527, 12
14528, 26
14529, 35
14530, 12
14531, 18
14532, 30
14533, 22
14534, 26
14535, 22
14536, 13
14537, 4
14538, 9
14539, 16
14540, 26
14541, 40
14542, 26
14543, 16
14544, 31
14545, 19
14546, 36
14547, 40
14548, 20
14549, 42
14550, 46
14551, 33
14552, 38
14553, 12
14554, 25
14555, 5
14556, 15
14557, 22
14558, 14
14559, 15
14560, 33
14561, 23
14562, 50
14563, 60
14564, 13
14565, 26
14566, 55
14567, 31
14568, 30
14569, 37
14570, 50
14571, 30
14572, 15
14573, 25
14574, 41
14575, 34
14576, 15
14577, 23
14578, 9
14579, 24
14580, 19
14581, 34
14582, 12
14583, 18
14584, 19
14585, 29
14586, 14
14587, 13
14588, 14
14589, 14
14590, 12
14591, 18
14592, 15
14593, 37
14594, 26
14595, 46
14596, 29
14597, 1
14598, 11
14599, 24
14600, 26
14601, 8
14602, 15
14603, 20
14604, 16
14605, 21
14606, 14
14607, 18
14608, 11
14609, 35
14610, 44
14611, 22
14612, 16
14613, 20
14614, 17
14615, 10
14616, 14
14617, 12
14618, 19
14619, 9
14620, 45
14621, 12
14622, 33
14623, 28
14624, 21
14625, 11
14626, 21
14627, 29
14628, 25
14629, 36
14630, 25
14631, 47
14632, 30
14633, 7
14634, 34
14635, 59
14636, 33
14637, 24
14638, 29
14639, 32
14640, 26
14641, 39
14642, 35
14643, 41
14644, 45
14645, 36
14646, 28
14647, 36
14648, 47
14649, 49
14650, 46
14651, 40
14652, 50
14653, 59
14654, 31
14655, 19
14656, 26
14657, 32
14658, 31
14659, 21
14660, 43
14661, 32
14662, 15
14663, 47
14664, 34
14665, 25
14666, 34
14667, 42
14668, 19
14669, 38
14670, 32
14671, 36
14672, 10
14673, 35
14674, 23
14675, 27
14676, 22
14677, 22
14678, 22
14679, 14
14680, 11
14681, 15
14682, 18
14683, 19
14684, 27
14685, 27
14686, 13
14687, 17
14688, 18
14689, 23
14690, 15
14691, 34
14692, 12
14693, 6
14694, 6
14695, 19
14696, 12
14697, 18
14698, 18
14699, 21
14700, 11
14701, 17
14702, 16
14703, 14
14704, 20
14705, 17
14706, 12
14707, 11
14708, 13
14709, 10
14710, 2
14711, 20
14712, 6
14713, 2
14714, 7
14715, 21
14716, 26
14717, 25
14718, 25
14719, 25
14720, 26
14721, 25
14722, 17
14723, 32
14724, 1
14725, 3
14726, 8
14727, 15
14728, 19
14729, 12
14730, 3
14731, 13
14732, 12
14733, 22
14734, 30
14735, 10
14737, 5
14738, 10
14739, 23
14740, 12
14741, 18
14742, 23
14743, 17
14744, 15
14745, 23
14746, 17
14747, 15
14748, 5
14749, 11
14750, 5
14751, 16
14752, 1
14753, 16
14754, 16
14755, 12
14756, 20
14757, 22
14758, 19
14759, 22
14760, 3
14761, 7
14762, 6
14763, 12
14765, 6
14766, 24
14767, 8
14768, 10
14769, 26
14770, 13
14771, 11
14772, 12
14773, 11
14774, 10
14775, 3
14776, 6
14777, 1
14778, 14
14779, 2
14781, 15
14782, 1
14784, 3
14785, 6
14786, 1
14787, 4
14790, 7
14791, 12
14792, 10
14793, 9
14796, 7
14797, 1
14798, 4
14800, 8
14802, 7
14804, 3
14805, 5
14807, 7
14808, 6
14809, 2
14811, 8
14812, 1
14814, 17
14815, 5
14816, 7
14817, 2
14818, 1
14819, 15
14820, 4
14822, 5
14823, 8
14825, 3
14826, 14
14830, 12
14831, 6
14832, 8
14834, 8
14835, 2
14836, 7
14842, 4
14845, 1
14848, 1
14849, 3
14850, 7
14852, 1
14853, 9
14855, 2
14856, 3
14858, 4
14861, 3
14862, 7
14865, 2
14866, 3
14867, 1
14868, 8
14871, 1
14874, 12
14875, 7
14876, 1
14878, 1
14883, 1
14884, 2
14885, 3
14886, 3
14887, 12
14889, 1
14891, 3
14894, 4
14895, 7
14896, 1
14897, 9
14898, 16
14899, 13
14900, 5
14901, 8
14902, 5
14903, 12
14904, 3
14905, 8
14906, 15
14907, 30
14908, 13
14909, 13
14910, 8
14911, 6
14912, 2
14913, 8
14915, 10
14917, 4
14919, 3
14920, 5
14921, 2
14922, 6
14923, 3
14925, 3
14926, 3
14928, 2
14930, 10
14931, 4
14932, 1
14933, 3
14934, 3
14935, 1
14936, 7
14938, 6
14940, 6
14941, 3
14942, 3
14943, 6
14944, 2
14947, 3
14948, 4
14949, 4
14950, 1
14953, 4
14954, 4
14958, 8
14959, 1
14960, 3
14962, 7
14963, 4
14964, 4
14965, 5
14966, 9
14968, 2
14969, 6
14970, 5
14972, 3
14974, 10
14977, 1
14979, 2
14981, 3
14982, 1
14983, 6
14984, 1
14986, 3
14987, 3
14988, 3
14989, 3
14991, 15
14992, 16
14993, 1
14994, 3
14995, 3
14997, 4
14998, 6
14999, 11
15000, 4
15003, 2
15004, 9
15005, 3
15007, 5
15009, 9
15010, 3
15020, 2
15021, 3
15023, 1
15024, 1
15037, 4
15042, 3
15057, 2
15058, 1
15071, 3
15077, 2
15078, 6
15079, 1
15080, 10
15081, 1
15110, 3
15111, 5
15152, 3
15184, 3
15186, 3
15187, 3
15200, 1
15201, 1
15209, 3
15211, 5
15213, 3
15215, 3
15217, 3
15228, 3
15250, 3
15254, 3
15287, 1
15288, 2
15320, 3
15331, 3
16410, 2
16411, 1
16412, 2
16413, 1
16414, 3
16415, 3
16417, 5
16418, 2
16419, 3
16420, 1
16421, 1
16422, 1
16423, 4
16424, 3
16425, 4
16426, 5
16427, 2
16428, 3
16430, 2
16431, 3
16432, 2
16433, 2
16434, 5
16435, 3
16436, 2
16437, 2
16438, 2
16439, 2
16440, 2
16441, 2
16442, 3
16443, 5
16444, 1
16445, 4
16446, 2
16447, 5
16448, 2
16449, 2
16450, 2
16451, 1
16452, 2
16453, 1
16454, 3
16477, 2
16484, 3
16487, 4
16488, 5
16490, 2
16491, 7
16492, 5
16493, 2
16495, 2
16496, 1
16497, 6
16498, 2
16502, 5
16503, 2
16505, 2
16506, 2
16507, 8
16508, 4
16509, 4
16510, 7
16511, 5
16512, 8
16513, 2
16514, 3
16515, 2
16516, 8
16517, 3
16518, 5
16519, 3
16521, 3
16522, 6
16523, 6
16525, 3
16526, 2
16527, 9
16528, 1
16529, 5
16530, 4
16531, 7
16532, 8
16533, 2
16534, 3
16535, 2
16536, 3
16537, 2
16538, 9
16539, 2
16540, 2
16543, 3
16546, 2
16547, 5
16549, 3
16550, 3
16551, 3
16552, 5
16553, 2
16556, 2
16557, 1
16560, 3
16561, 1
16563, 5
16564, 2
16565, 2
16567, 1
16568, 1
16589, 2
16681, 10
16682, 1
16684, 1
16686, 2
16688, 1
16691, 3
16692, 3
16693, 6
16694, 6
16695, 4
16696, 4
16697, 3
16698, 3
16699, 5
16700, 7
16701, 3
16702, 2
16703, 3
16705, 1
16706, 1
16708, 1
16709, 3
16710, 4
16711, 3
16712, 6
16713, 5
16714, 4
16715, 1
16716, 4
16717, 4
16718, 1
16719, 7
16720, 8
16721, 8
16722, 1
16723, 11
16724, 6
16725, 10
16726, 4
16727, 12
16728, 1
16729, 6
16730, 2
16731, 2
16734, 8
16735, 13
16736, 12
16737, 5
16738, 2
16739, 2
16741, 5
16742, 13
16743, 11
16744, 11
16745, 7
16746, 1
16747, 3
16748, 10
16749, 10
16750, 7
16751, 4
16752, 12
16753, 24
16754, 6
16755, 6
16756, 8
16757, 1
16758, 2
16760, 12
16761, 3
16762, 6
16763, 3
16764, 3
16765, 3
16767, 8
16769, 7
16770, 2
16771, 12
16773, 4
16774, 11
16775, 3
16776, 7
16778, 9
16779, 2
16780, 12
16781, 5
16782, 6
16783, 7
16785, 2
16786, 14
16787, 7
16789, 3
16790, 3
16791, 4
16792, 6
16793, 14
16794, 4
16795, 3
16796, 23
16797, 9
16798, 3
16799, 1
16800, 12
16801, 2
16803, 1
16804, 4
16805, 1
16806, 4
16807, 12
16809, 6
16810, 5
16811, 6
16812, 3
16813, 7
16814, 5
16816, 16
16817, 13
16820, 3
16822, 3
16823, 4
16826, 5
16827, 3
16828, 1
16829, 2
16831, 9
16832, 5
16835, 3
16837, 3
16838, 11
16839, 8
16840, 1
16841, 11
16842, 3
16843, 7
16844, 7
16846, 1
16847, 3
16848, 4
16850, 15
16851, 13
16852, 3
16853, 9
16854, 22
16855, 22
16856, 6
16857, 2
16858, 20
16859, 19
16860, 9
16861, 11
16862, 4
16863, 12
16864, 21
16865, 15
16866, 1
16867, 12
16868, 1
16869, 2
16871, 11
16872, 18
16873, 10
16874, 12
16875, 21
16876, 50
16877, 32
16878, 27
16879, 18
16880, 24
16881, 7
16882, 36
16883, 15
16884, 22
16885, 22
16886, 22
16887, 21
16888, 20
16889, 44
16890, 14
16891, 1
16892, 4
16893, 10
16894, 16
16895, 17
16896, 15
16897, 15
16898, 8
16899, 7
16900, 7
16901, 16
16902, 17
16903, 12
16905, 23
16906, 7
16907, 38
16908, 21
16909, 11
16910, 18
16911, 18
16912, 4
16913, 12
16914, 17
16916, 1
16917, 7
16918, 19
16919, 15
16920, 26
16921, 15
16922, 1
16923, 3
16924, 3
16925, 11
16926, 6
16927, 23
16929, 25
16930, 15
16932, 15
16933, 21
16934, 1
16935, 6
16936, 1
16937, 8
16938, 10
16939, 5
16940, 19
16941, 2
16942, 3
16943, 42
16944, 3
16945, 23
16946, 6
16947, 9
16949, 2
16950, 5
16951, 15
16952, 12
16953, 17
16954, 16
16957, 2
16958, 4
16959, 12
16961, 4
16962, 4
16963, 20
16964, 9
16965, 5
16966, 1
16967, 2
16968, 15
16969, 16
16970, 31
16971, 2
16972, 10
16973, 2
16974, 9
16975, 9
16976, 12
16977, 13
16978, 8
16979, 2
16980, 21
16981, 10
16982, 9
16983, 15
16984, 3
16985, 13
16986, 10
16987, 12
16988, 6
16989, 9
16990, 14
16991, 3
16992, 11
16993, 8
16994, 5
16995, 12
16996, 26
16997, 14
16998, 13
16999, 13
17000, 13
17001, 12
17002, 12
17003, 5
17005, 14
17006, 19
17007, 4
17008, 3
17009, 9
17010, 4
17011, 5
17012, 6
17013, 5
17015, 5
17016, 6
17017, 11
17018, 9
17019, 4
17020, 3
17021, 16
17022, 7
17023, 9
17024, 1
17025, 8
17026, 6
17027, 6
17028, 8
17029, 8
17030, 22
17032, 18
17033, 6
17034, 1
17035, 1
17036, 3
17037, 12
17038, 3
17039, 7
17040, 2
17041, 13
17042, 21
17043, 15
17044, 6
17045, 4
17046, 7
17047, 5
17048, 14
17049, 3
17050, 15
17051, 11
17052, 3
17053, 13
17054, 22
17055, 11
17056, 3
17058, 10
17059, 9
17060, 25
17061, 13
17062, 5
17063, 19
17064, 1
17065, 19
17066, 6
17067, 8
17068, 1
17070, 5
17071, 5
17072, 24
17073, 10
17074, 7
17075, 3
17076, 3
17077, 10
17079, 7
17080, 8
17081, 2
17082, 8
17083, 14
17084, 7
17085, 3
17086, 9
17087, 5
17088, 3
17089, 12
17090, 10
17091, 2
17092, 13
17093, 6
17094, 22
17095, 3
17097, 6
17098, 3
17099, 3
17100, 3
17101, 2
17102, 10
17103, 3
17104, 2
17105, 3
17107, 7
17110, 1
17111, 1
17112, 5
17113, 3
17115, 3
17116, 5
17117, 6
17118, 9
17119, 2
17120, 4
17122, 3
17123, 2
17126, 6
17128, 2
17133, 2
17136, 2
17137, 1
17138, 4
17162, 3
17163, 1
17167, 1
17169, 6
17172, 2
17174, 10
17175, 16
17176, 13
17177, 7
17179, 2
17180, 8
17181, 10
17182, 2
17183, 2
17184, 2
17185, 9
17186, 2
17187, 3
17188, 9
17189, 9
17190, 14
17191, 17
17192, 7
17193, 6
17194, 22
17195, 14
17196, 20
17197, 8
17198, 19
17199, 5
17200, 9
17201, 7
17202, 19
17203, 12
17204, 6
17205, 7
17206, 17
17207, 2
17208, 4
17209, 16
17210, 17
17211, 21
17213, 9
17214, 6
17216, 3
17217, 4
17218, 8
17219, 1
17220, 2
17224, 9
17225, 13
17226, 1
17227, 2
17228, 3
17231, 4
17233, 3
17234, 8
17236, 2
17239, 1
17240, 7
17241, 9
17242, 4
17244, 3
17246, 2
17249, 6
17250, 9
17253, 10
17254, 8
17255, 2
17258, 7
17259, 3
17260, 6
17262, 7
17263, 4
17264, 5
17265, 6
17266, 2
17268, 10
17269, 17
17270, 5
17271, 5
17272, 6
17274, 5
17277, 2
17278, 8
17279, 4
17281, 5
17283, 4
17284, 8
17285, 3
17286, 6
17290, 10
17291, 5
17293, 3
17294, 7
17295, 11
17297, 4
17298, 7
17299, 2
17305, 4
17306, 2
17307, 1
17308, 6
17309, 11
17310, 6
17313, 2
17314, 4
17315, 1
17320, 1
17321, 1
17325, 5
17329, 1
17491, 6
17526, 3
17527, 10
18133, 1
18134, 1
18136, 2
18137, 1
18138, 2
18139, 3
18140, 4
18141, 1
18142, 1
18143, 3
18144, 1
18145, 2
18146, 2
18147, 3
18148, 7
18150, 1
18151, 1
18152, 2
18153, 5
18154, 1
18155, 2
18156, 7
18157, 4
18158, 4
18159, 5
18160, 1
18161, 3
18162, 3
18163, 2
18164, 1
18165, 8
18166, 7
18167, 2
18168, 2
18169, 8
18170, 6
18171, 9
18177, 2
18204, 2
18205, 2
18207, 2
18208, 2
18209, 7
18213, 5
18214, 4
18216, 9
18218, 5
18219, 6
18221, 4
18222, 8
18223, 2
18224, 7
18225, 3
18226, 2
18227, 11
18228, 12
18229, 8
18230, 4
18231, 10
18232, 4
18233, 8
18234, 1
18235, 8
18236, 7
18237, 5
18238, 2
18239, 8
18240, 6
18241, 3
18242, 2
18243, 3
18244, 8
18245, 10
18246, 7
18247, 2
18248, 11
18249, 10
18251, 3
18252, 1
18253, 3
18254, 2
18255, 5
18256, 7
18257, 7
18258, 4
18262, 2
18263, 5
18264, 7
18267, 3
18268, 2
18270, 3
18271, 2
18272, 3
18276, 2
18279, 2
18280, 2
18292, 2
18295, 2
18555, 1
18558, 1
18559, 2
18560, 1
18561, 1
18562, 1
18563, 1
18564, 2
18565, 2
18566, 5
18567, 3
18568, 1
18569, 3
18570, 5
18571, 2
18572, 3
18573, 1
18574, 3
18575, 4
18576, 2
18577, 4
18578, 6
18579, 6
18580, 8
18581, 4
18582, 3
18583, 6
18584, 2
18585, 2
18587, 9
18588, 7
18589, 6
18590, 7
18591, 10
18592, 5
18593, 7
18595, 2
18625, 2
18627, 2
18628, 1
18633, 2
18634, 2
18636, 2
18637, 2
18638, 3
18639, 1
18641, 3
18642, 1
18643, 3
18644, 4
18645, 9
18647, 4
18648, 2
18649, 7
18650, 2
18651, 2
18652, 4
18653, 6
18654, 9
18655, 7
18656, 8
18657, 10
18658, 8
18659, 11
18660, 5
18662, 2
18663, 4
18664, 12
18665, 6
18666, 2
18667, 6
18669, 5
18670, 9
18671, 4
18672, 1
18673, 4
18674, 6
18675, 2
18676, 1
18677, 7
18678, 4
18679, 3
18680, 2
18681, 4
18683, 4
18685, 2
18686, 2
18687, 2
18689, 1
18690, 6
18692, 4
18693, 4
18697, 3
18699, 2
18708, 3
18729, 1
18730, 2
18731, 2
18732, 1
18734, 2
18735, 1
18737, 1
18740, 2
18741, 2
18742, 1
18743, 3
18744, 4
18745, 2
18746, 2
18749, 5
18750, 6
18751, 8
18754, 15
18755, 3
18757, 4
18758, 8
18759, 7
18760, 7
18761, 8
18762, 4
18763, 11
18764, 8
18765, 7
18766, 2
18767, 6
18768, 9
18770, 8
18771, 6
18774, 5
18775, 2
18776, 11
18777, 3
18778, 4
18779, 3
18780, 5
18781, 5
18782, 3
18783, 3
18784, 6
18785, 2
18786, 9
18788, 7
18789, 3
18790, 6
18791, 9
18792, 9
18793, 8
18794, 4
18795, 5
18796, 6
18798, 5
18799, 5
18801, 3
18802, 5
18804, 3
18805, 5
18806, 4
18807, 3
18809, 2
18810, 4
18811, 7
18812, 3
18814, 3
18815, 5
18818, 5
18823, 2
18824, 4
18828, 1
18830, 3
18831, 2
18833, 2
18834, 3
18837, 2
18838, 3
18844, 2
18845, 2
18846, 1
18847, 1
18848, 2
18852, 1
18853, 2
18855, 3
18856, 5
18857, 1
18858, 7
18859, 3
18860, 1
18861, 4
18862, 3
18863, 10
18864, 3
18865, 7
18866, 3
18867, 16
18868, 10
18870, 11
18871, 9
18872, 3
18873, 12
18874, 6
18875, 13
18876, 4
18877, 16
18878, 22
18879, 14
18880, 34
18881, 4
18882, 13
18883, 28
18884, 24
18885, 22
18886, 15
18887, 28
18888, 28
18889, 26
18890, 23
18891, 12
18892, 26
18893, 36
18894, 32
18895, 30
18896, 55
18897, 17
18898, 44
18899, 15
18900, 15
18901, 21
18902, 10
18903, 21
18904, 31
18905, 35
18906, 26
18907, 10
18908, 39
18909, 28
18910, 7
18911, 28
18912, 11
18913, 8
18914, 5
18915, 14
18916, 11
18917, 16
18918, 26
18919, 2
18920, 5
18922, 15
18923, 17
18924, 5
18926, 13
18927, 1
18928, 7
18929, 14
18930, 17
18931, 7
18932, 16
18933, 8
18934, 2
18936, 3
18937, 8
18938, 5
18940, 18
18941, 34
18942, 21
18943, 19
18944, 15
18945, 2
18946, 10
18947, 14
18948, 14
18949, 12
18950, 11
18951, 10
18952, 30
18953, 45
18954, 14
18955, 4
18956, 12
18957, 11
18958, 18
18959, 30
18960, 21
18961, 8
18962, 30
18963, 1
18964, 26
18965, 43
18966, 14
18967, 20
18968, 42
18969, 29
18970, 30
18971, 35
18972, 17
18973, 6
18974, 12
18975, 9
18976, 34
18977, 20
18978, 6
18979, 2
18980, 21
18981, 27
18982, 22
18983, 22
18984, 21
18985, 10
18986, 17
18987, 54
18988, 29
18989, 14
18990, 9
18991, 23
18992, 28
18993, 8
18994, 11
18995, 10
18996, 20
18997, 11
18998, 24
18999, 10
19000, 32
19001, 14
19002, 27
19003, 31
19004, 15
19005, 13
19006, 21
19007, 14
19008, 15
19009, 8
19010, 25
19011, 18
19012, 15
19013, 4
19014, 24
19015, 1
19016, 8
19018, 6
19019, 28
19020, 15
19021, 5
19022, 13
19023, 15
19024, 5
19025, 10
19026, 22
19027, 8
19028, 18
19030, 12
19033, 7
19034, 13
19035, 3
19036, 8
19037, 10
19038, 8
19039, 3
19040, 8
19041, 1
19042, 9
19043, 7
19044, 8
19045, 6
19046, 10
19047, 7
19048, 8
19049, 8
19050, 9
19051, 6
19053, 1
19054, 9
19055, 7
19056, 9
19057, 6
19058, 11
19059, 5
19060, 16
19061, 12
19062, 6
19063, 14
19064, 3
19065, 1
19066, 2
19067, 1
19068, 4
19069, 9
19072, 3
19073, 2
19075, 5
19076, 1
19077, 6
19078, 6
19080, 9
19081, 5
19082, 8
19083, 2
19084, 4
19087, 6
19088, 2
19089, 3
19090, 6
19091, 2
19092, 2
19093, 5
19094, 8
19095, 1
19096, 3
19102, 2
19104, 7
19107, 5
19108, 6
19110, 6
19112, 2
19114, 2
19115, 3
19118, 3
19120, 1
19122, 5
19125, 2
19127, 2
19130, 1
19131, 2
19133, 1
19134, 2
19135, 5
19136, 3
19138, 3
19147, 1
19148, 1
19149, 7
19154, 1
19283, 5
19286, 3
19291, 3
19292, 1
19293, 3
19303, 2
19304, 1
19311, 7
19312, 2
19316, 7
19319, 1
19320, 3
19324, 6
19328, 3
19330, 2
19338, 3
19339, 3
19343, 2
19352, 5
19353, 1
19412, 8
19413, 3
19415, 2
19421, 5
19422, 5
19423, 2
19424, 4
19438, 2
19439, 7
19453, 3
19458, 2
19465, 3
19466, 3
19483, 1
19484, 6
19500, 2
20453, 2
20454, 2
20455, 5
20456, 3
20457, 2
20458, 2
20459, 2
20461, 1
20462, 2
20464, 1
20465, 3
20466, 1
20467, 1
20468, 1
20469, 3
20470, 6
20472, 2
20473, 1
20474, 4
20475, 2
20476, 1
20477, 1
20478, 2
20479, 2
20481, 6
20482, 1
20484, 2
20485, 4
20486, 3
20487, 5
20488, 1
20489, 3
20491, 1
20492, 1
20519, 4
20531, 2
20535, 1
20538, 6
20539, 2
20541, 1
20543, 4
20545, 1
20547, 6
20548, 7
20549, 13
20550, 8
20551, 4
20552, 2
20553, 5
20554, 4
20555, 6
20556, 3
20557, 11
20558, 6
20559, 8
20560, 1
20561, 14
20562, 6
20563, 7
20566, 2
20567, 15
20568, 7
20569, 11
20570, 4
20571, 15
20572, 24
20573, 6
20574, 1
20575, 11
20576, 7
20577, 5
20578, 15
20579, 16
20580, 3
20581, 2
20582, 5
20583, 8
20584, 6
20585, 6
20586, 12
20587, 10
20588, 3
20589, 8
20591, 16
20592, 5
20593, 3
20594, 5
20595, 2
20596, 5
20598, 1
20600, 4
20601, 7
20602, 12
20603, 5
20604, 7
20605, 7
20606, 13
20607, 5
20609, 6
20610, 12
20611, 1
20613, 4
20614, 6
20615, 3
20616, 3
20617, 3
20618, 19
20619, 5
20620, 19
20621, 11
20622, 1
20625, 3
20626, 18
20627, 1
20628, 6
20630, 7
20631, 4
20632, 11
20633, 15
20634, 14
20635, 3
20636, 16
20637, 20
20639, 7
20640, 16
20641, 9
20642, 8
20643, 7
20644, 1
20646, 13
20647, 5
20648, 6
20649, 8
20650, 2
20651, 14
20652, 3
20653, 8
20654, 6
20655, 6
20656, 13
20657, 1
20658, 6
20659, 6
20660, 8
20663, 20
20664, 8
20666, 8
20667, 18
20668, 11
20669, 1
20670, 5
20671, 6
20672, 13
20675, 6
20677, 9
20678, 11
20681, 5
20683, 6
20684, 7
20685, 2
20689, 7
20690, 4
20691, 13
20692, 6
20693, 2
20694, 10
20695, 4
20696, 10
20697, 8
20698, 3
20699, 10
20700, 11
20701, 1
20702, 7
20703, 3
20704, 7
20706, 6
20707, 4
20708, 6
20709, 3
20710, 1
20711, 1
20712, 3
20713, 10
20714, 5
20715, 8
20716, 4
20717, 12
20718, 6
20719, 7
20720, 2
20721, 11
20722, 6
20723, 8
20724, 4
20725, 5
20726, 3
20727, 3
20728, 1
20729, 7
20730, 5
20731, 13
20732, 22
20733, 15
20734, 7
20735, 9
20736, 10
20737, 33
20738, 4
20739, 8
20740, 6
20741, 10
20742, 10
20744, 8
20745, 10
20746, 19
20748, 12
20749, 4
20750, 9
20751, 5
20752, 11
20754, 18
20755, 18
20756, 5
20757, 5
20760, 12
20762, 6
20763, 12
20764, 26
20765, 5
20767, 8
20768, 14
20769, 12
20770, 5
20773, 5
20777, 10
20778, 5
20779, 8
20780, 2
20781, 7
20782, 7
20783, 15
20784, 3
20785, 18
20787, 6
20789, 7
20790, 12
20791, 6
20792, 4
20793, 14
20794, 4
20795, 6
20796, 19
20797, 17
20799, 5
20800, 9
20801, 7
20802, 5
20803, 11
20804, 3
20805, 6
20806, 15
20807, 14
20808, 5
20810, 1
20811, 7
20812, 31
20813, 26
20814, 27
20815, 22
20816, 2
20817, 6
20818, 13
20819, 21
20820, 8
20821, 8
20822, 4
20823, 12
20824, 17
20825, 5
20826, 7
20827, 17
20828, 14
20829, 11
20830, 10
20831, 12
20832, 2
20833, 2
20834, 3
20835, 6
20836, 6
20837, 7
20838, 14
20839, 10
20840, 9
20841, 5
20842, 9
20843, 14
20844, 19
20845, 11
20846, 11
20847, 7
20848, 5
20849, 14
20850, 21
20851, 20
20852, 12
20853, 19
20854, 23
20855, 20
20856, 34
20857, 33
20858, 11
20859, 29
20860, 17
20861, 33
20862, 18
20863, 12
20864, 28
20865, 32
20866, 15
20867, 9
20868, 8
20869, 17
20870, 8
20871, 17
20872, 16
20873, 15
20874, 18
20875, 7
20876, 19
20877, 15
20878, 11
20879, 9
20881, 19
20882, 11
20883, 10
20884, 11
20885, 15
20886, 5
20887, 3
20888, 17
20889, 2
20891, 6
20893, 5
20894, 7
20895, 2
20896, 10
20897, 3
20898, 3
20899, 8
20900, 13
20901, 8
20902, 14
20903, 2
20904, 14
20905, 1
20906, 6
20907, 3
20908, 4
20909, 7
20910, 2
20911, 2
20912, 3
20914, 1
20916, 3
20918, 4
20919, 5
20920, 4
20921, 3
20922, 2
20923, 1
20924, 2
20925, 6
20926, 1
20927, 4
20928, 8
20929, 5
20931, 12
20932, 1
20933, 3
20934, 4
20935, 1
20936, 1
20937, 2
20938, 2
20939, 2
20940, 1
20941, 4
20942, 3
20943, 6
20944, 1
20945, 2
20946, 7
20947, 9
20948, 7
20949, 6
20950, 9
20951, 4
20952, 2
20953, 2
20954, 8
20955, 8
20956, 4
20957, 12
20958, 9
20959, 13
20960, 6
20961, 1
20962, 9
20963, 8
20964, 7
20965, 10
20966, 6
20967, 10
20968, 3
20969, 12
20970, 5
20971, 6
20972, 7
20973, 6
20975, 16
20976, 11
20977, 8
20978, 14
20979, 12
20980, 4
20981, 10
20982, 13
20983, 8
20984, 7
20985, 8
20986, 7
20987, 8
20988, 5
20989, 9
20990, 5
20991, 2
20992, 10
20993, 11
20994, 9
20995, 8
20996, 10
20997, 3
20998, 3
20999, 7
21000, 7
21001, 15
21002, 14
21003, 5
21004, 10
21006, 21
21007, 5
21008, 16
21009, 17
21010, 17
21011, 11
21012, 3
21013, 11
21014, 6
21015, 16
21016, 14
21017, 16
21018, 10
21019, 8
21020, 21
21021, 6
21022, 4
21023, 8
21024, 17
21025, 20
21026, 6
21027, 9
21028, 9
21029, 18
21030, 24
21031, 13
21032, 14
21033, 19
21034, 24
21035, 24
21036, 23
21037, 14
21038, 14
21039, 18
21040, 12
21041, 17
21042, 11
21043, 15
21044, 13
21045, 4
21046, 4
21048, 14
21049, 13
21050, 25
21051, 30
21052, 7
21053, 6
21054, 6
21055, 23
21056, 10
21057, 25
21058, 14
21059, 14
21060, 7
21061, 7
21062, 13
21063, 12
21064, 13
21065, 17
21066, 23
21067, 18
21068, 6
21069, 7
21070, 7
21071, 13
21072, 11
21073, 6
21074, 4
21075, 12
21076, 4
21077, 7
21078, 3
21079, 3
21080, 6
21081, 9
21082, 3
21083, 9
21085, 3
21087, 11
21088, 2
21089, 1
21090, 3
21091, 6
21092, 3
21093, 3
21094, 3
21096, 3
21099, 3
21100, 3
21102, 3
21103, 3
21104, 3
21105, 15
21107, 2
21108, 6
21110, 5
21111, 8
21112, 7
21113, 3
21114, 5
21115, 7
21116, 1
21117, 9
21118, 2
21120, 5
21121, 8
21122, 3
21123, 8
21124, 8
21125, 1
21126, 6
21128, 10
21129, 8
21130, 12
21131, 5
21132, 12
21133, 2
21134, 8
21135, 9
21136, 5
21137, 15
21138, 10
21139, 6
21140, 8
21141, 1
21142, 10
21143, 10
21144, 3
21145, 16
21146, 17
21147, 9
21148, 11
21149, 3
21150, 7
21151, 11
21152, 10
21153, 6
21155, 7
21156, 4
21157, 8
21158, 6
21160, 7
21162, 5
21163, 6
21164, 5
21165, 6
21167, 5
21168, 7
21170, 2
21171, 4
21172, 1
21173, 4
21175, 4
21176, 1
21177, 7
21179, 4
21180, 2
21181, 5
21182, 8
21183, 2
21184, 6
21185, 9
21186, 9
21187, 4
21188, 2
21189, 8
21190, 5
21191, 10
21192, 10
21193, 8
21194, 4
21195, 15
21196, 10
21197, 8
21198, 2
21199, 12
21200, 1
21201, 3
21202, 14
21203, 9
21204, 19
21205, 12
21206, 23
21207, 12
21208, 21
21209, 16
21210, 6
21211, 2
21212, 5
21213, 22
21214, 32
21215, 9
21216, 12
21217, 15
21218, 4
21219, 17
21220, 13
21221, 17
21222, 17
21223, 7
21224, 33
21225, 13
21226, 3
21227, 26
21228, 4
21229, 3
21230, 18
21231, 17
21232, 4
21233, 8
21234, 15
21235, 11
21236, 18
21237, 14
21238, 7
21239, 17
21240, 4
21241, 10
21242, 12
21243, 10
21244, 6
21245, 14
21246, 3
21248, 4
21249, 17
21250, 4
21251, 17
21252, 8
21253, 9
21254, 7
21255, 6
21256, 6
21257, 2
21258, 7
21259, 2
21260, 17
21261, 10
21263, 1
21264, 3
21265, 1
21266, 2
21267, 3
21268, 8
21269, 8
21270, 10
21271, 7
21272, 15
21273, 5
21274, 6
21275, 2
21276, 5
21277, 5
21278, 5
21279, 5
21280, 9
21281, 7
21282, 2
21283, 8
21284, 18
21285, 4
21286, 8
21287, 7
21288, 10
21289, 10
21290, 10
21291, 10
21292, 11
21293, 20
21294, 9
21295, 14
21296, 10
21297, 15
21298, 7
21299, 9
21300, 10
21301, 11
21302, 10
21303, 3
21304, 2
21305, 4
21306, 4
21307, 7
21308, 14
21309, 7
21310, 5
21311, 6
21312, 2
21313, 4
21314, 10
21315, 11
21316, 3
21317, 4
21318, 2
21319, 1
21320, 3
21321, 1
21322, 3
21323, 3
21324, 7
21325, 2
21326, 9
21327, 4
21328, 3
21329, 1
21330, 3
21331, 4
21334, 1
21335, 2
21336, 3
21337, 2
21338, 5
21339, 1
21341, 1
21342, 1
21343, 3
21344, 1
21345, 1
21346, 4
21347, 2
21348, 1
21350, 3
21351, 2
21352, 3
21353, 1
21354, 3
21355, 4
21357, 4
21358, 4
21359, 3
21361, 2
21362, 2
21363, 2
21364, 6
21365, 6
21366, 9
21367, 2
21368, 2
21369, 9
21370, 9
21371, 3
21372, 6
21373, 6
21374, 9
21375, 7
21377, 15
21378, 12
21379, 9
21380, 9
21381, 13
21382, 5
21383, 14
21384, 5
21385, 4
21386, 1
21387, 4
21388, 11
21389, 8
21390, 2
21391, 7
21392, 7
21393, 2
21394, 9
21395, 5
21396, 4
21397, 6
21398, 4
21399, 8
21400, 5
21402, 6
21403, 5
21404, 5
21405, 3
21406, 2
21407, 2
21408, 2
21411, 2
21412, 5
21413, 4
21416, 2
21419, 2
21423, 2
21424, 2
21425, 8
21426, 1
21427, 2
21428, 4
21430, 1
21431, 2
21433, 2
21434, 3
21436, 2
21437, 1
21438, 3
21440, 1
21441, 4
21445, 2
21448, 1
21450, 2
21453, 4
21454, 1
21458, 2
21460, 2
21465, 1
21468, 3
21471, 1
21481, 1
21541, 2
21542, 2
21544, 1
21545, 1
21548, 2
21549, 1
21550, 1
21551, 5
21552, 3
21553, 2
21555, 2
21556, 1
21557, 4
21559, 6
21560, 6
21561, 10
21562, 5
21563, 2
21564, 3
21565, 5
21566, 10
21567, 5
21568, 1
21569, 4
21570, 9
21571, 6
21572, 5
21573, 9
21574, 2
21575, 11
21576, 4
21577, 4
21578, 14
21579, 11
21580, 8
21581, 10
21583, 4
21584, 4
21585, 1
21586, 4
21588, 2
21590, 3
21591, 2
21594, 2
21597, 1
21599, 2
21600, 3
21603, 1
21604, 10
21605, 1
21606, 1
21607, 2
21609, 6
21611, 4
21615, 3
21616, 2
21617, 1
21618, 2
21619, 4
21620, 6
21621, 3
21622, 1
21623, 1
21624, 1
21625, 4
21626, 2
21628, 2
21629, 2
21630, 6
21631, 2
21633, 2
21634, 2
21635, 5
21636, 3
21637, 1
21639, 1
21640, 2
21641, 2
21642, 2
21643, 3
21644, 2
21645, 4
21647, 11
21649, 3
21650, 6
21651, 1
21652, 6
21653, 6
21654, 2
21655, 5
21656, 4
21659, 4
21662, 3
21663, 2
21664, 4
21665, 2
21666, 2
21667, 3
21669, 3
21671, 2
21673, 2
21674, 4
21678, 2
21681, 4
21703, 1
21705, 1
21706, 5
21707, 2
21711, 1
21712, 1
21714, 1
21715, 1
21717, 3
21719, 3
21720, 1
21721, 3
21723, 2
21724, 3
21725, 6
21726, 1
21727, 1
21729, 7
21730, 5
21731, 2
21732, 1
21733, 6
21734, 10
21735, 17
21736, 7
21737, 6
21738, 1
21739, 7
21740, 15
21741, 7
21742, 10
21743, 9
21744, 3
21745, 4
21746, 2
21747, 4
21748, 7
21749, 10
21750, 2
21751, 7
21752, 3
21753, 4
21754, 4
21755, 5
21756, 9
21758, 6
21759, 2
21760, 1
21761, 6
21762, 2
21763, 4
21764, 2
21765, 3
21767, 3
21768, 2
21769, 10
21770, 5
21771, 3
21773, 5
21774, 1
21775, 5
21776, 2
21777, 6
21778, 7
21779, 2
21782, 1
21784, 3
21785, 3
21786, 2
21787, 3
21788, 5
21790, 2
21792, 4
21793, 2
21794, 5
21795, 7
21796, 2
21797, 4
21798, 4
21799, 2
21801, 2
21803, 2
21806, 1
21807, 3
21808, 2
21809, 3
21816, 2
21817, 4
21818, 1
21819, 3
21824, 3
21830, 1
23808, 3
23809, 1
23810, 3
23811, 1
23812, 4
23813, 2
23814, 5
23815, 3
23816, 3
23817, 3
23818, 3
23819, 2
23820, 2
23821, 5
23822, 8
23823, 2
23824, 7
23825, 7
23826, 7
23827, 6
23828, 10
23829, 6
23830, 2
23831, 8
23832, 5
23833, 12
23834, 7
23835, 1
23836, 6
23837, 9
23838, 3
23839, 9
23840, 10
23841, 14
23842, 14
23843, 8
23844, 15
23845, 13
23846, 11
23847, 12
23848, 3
23878, 3
23880, 1
23882, 2
23883, 2
23884, 1
23885, 2
23887, 3
23888, 1
23890, 3
23891, 2
23892, 4
23893, 1
23894, 1
23895, 3
23896, 8
23897, 1
23899, 1
23901, 1
23902, 5
23903, 4
23904, 2
23905, 6
23906, 8
23907, 1
23908, 4
23909, 3
23910, 3
23911, 2
23912, 6
23914, 6
23915, 4
23917, 5
23918, 6
23919, 4
23920, 5
23921, 3
23922, 4
23924, 3
23925, 5
23926, 2
23927, 7
23928, 1
23929, 2
23930, 1
23932, 1
23933, 3
23936, 2
23937, 1
23939, 1
23941, 1
23943, 1
23946, 1
23948, 1
23952, 1
23953, 2
23954, 1
23955, 2
23956, 1
23957, 1
23958, 1
23960, 3
23961, 6
23962, 1
23963, 5
23965, 1
23966, 3
23967, 2
23968, 1
23969, 2
23970, 1
23971, 1
23974, 4
23975, 2
23976, 8
23978, 1
23979, 1
23980, 9
23981, 4
23982, 5
23983, 5
23984, 3
23985, 4
23986, 6
23990, 2
23992, 6
23993, 7
23994, 11
23995, 3
23997, 2
23998, 3
23999, 5
24000, 3
24004, 6
24005, 2
24007, 10
24008, 10
24009, 1
24010, 2
24012, 2
24014, 6
24015, 2
24016, 4
24017, 2
24018, 1
24019, 7
24020, 7
24021, 5
24022, 6
24023, 2
24024, 2
24026, 3
24027, 7
24028, 4
24029, 2
24031, 2
24032, 5
24033, 4
24034, 5
24035, 7
24036, 3
24037, 7
24038, 6
24039, 4
24040, 2
24041, 1
24042, 9
24043, 7
24044, 8
24045, 3
24047, 5
24049, 3
24050, 3
24051, 8
24053, 3
24054, 3
24055, 2
24057, 4
24058, 6
24059, 12
24061, 5
24065, 3
24068, 9
24070, 3
24071, 3
24073, 3
24075, 1
24076, 2
24077, 1
24079, 1
24080, 2
24082, 1
24083, 2
24085, 4
24086, 1
24087, 2
24088, 2
24089, 2
24090, 2
24091, 2
24092, 3
24093, 2
24095, 3
24096, 3
24097, 4
24098, 4
24099, 4
24100, 6
24101, 5
24102, 2
24103, 4
24105, 3
24106, 4
24107, 1
24108, 4
24109, 6
24110, 6
24111, 2
24112, 13
24113, 4
24114, 11
24115, 7
24116, 3
24117, 3
24119, 1
24120, 6
24122, 1
24123, 2
24124, 5
24125, 5
24126, 1
24127, 5
24128, 4
24129, 3
24132, 1
24133, 2
24134, 3
24135, 2
24136, 3
24137, 4
24138, 4
24139, 1
24140, 2
24141, 2
24142, 6
24143, 1
24144, 9
24145, 5
24146, 5
24147, 3
24148, 2
24149, 1
24150, 2
24151, 1
24152, 4
24153, 2
24154, 7
24155, 5
24156, 4
24157, 10
24158, 1
24159, 7
24161, 2
24162, 2
24163, 2
24166, 1
24168, 3
24169, 2
24170, 1
24171, 8
24172, 7
24173, 2
24174, 3
24175, 3
24177, 3
24178, 6
24179, 2
24181, 2
24182, 1
24183, 3
24184, 2
24187, 3
24188, 2
24189, 5
24190, 3
24191, 3
24195, 1
24196, 3
24199, 3
24201, 1
24202, 1
24210, 2
24231, 1
24232, 3
24233, 1
24234, 1
24236, 2
24237, 3
24238, 3
24239, 1
24241, 4
24243, 3
24244, 1
24245, 5
24246, 4
24247, 1
24248, 4
24249, 2
24250, 3
24251, 3
24252, 4
24253, 2
24254, 5
24255, 6
24256, 6
24257, 4
24258, 5
24259, 2
24260, 3
24261, 13
24262, 4
24263, 5
24264, 14
24265, 10
24266, 13
24267, 7
24268, 6
24269, 6
24270, 9
24271, 6
24272, 5
24273, 6
24274, 2
24275, 9
24277, 3
24278, 5
24279, 6
24280, 4
24281, 2
24283, 5
24284, 7
24285, 6
24286, 3
24287, 3
24288, 9
24289, 5
24290, 9
24291, 12
24292, 5
24293, 2
24294, 3
24295, 6
24296, 4
24297, 6
24298, 4
24300, 2
24301, 7
24303, 1
24304, 4
24305, 1
24307, 2
24308, 4
24309, 2
24310, 7
24314, 1
24315, 1
24316, 3
24317, 2
24319, 6
24320, 2
24321, 4
24322, 4
24326, 2
24330, 2
24331, 2
24332, 5
24333, 3
24334, 2
24335, 1
24337, 2
24338, 3
24340, 1
24341, 1
24345, 2
24346, 3
24350, 4
24352, 1
24353, 1
24355, 1
24356, 2
24365, 1
24398, 2
24399, 2
24400, 1
24402, 2
24404, 2
24405, 3
24406, 1
24407, 2
24409, 1
24410, 2
24411, 1
24412, 1
24413, 1
24414, 5
24415, 5
24416, 3
24417, 3
24418, 3
24419, 2
24420, 4
24421, 5
24422, 4
24423, 7
24424, 4
24425, 6
24426, 9
24427, 14
24428, 12
24429, 13
24430, 2
24431, 4
24432, 14
24433, 22
24434, 11
24435, 8
24436, 10
24437, 1
24438, 9
24439, 5
24440, 2
24441, 9
24442, 1
24443, 4
24444, 5
24445, 6
24446, 2
24447, 2
24448, 3
24449, 7
24452, 3
24453, 7
24454, 8
24456, 8
24457, 6
24458, 1
24459, 2
24460, 6
24462, 3
24463, 8
24464, 2
24466, 6
24468, 2
24470, 4
24471, 2
24472, 5
24474, 1
24475, 6
24476, 7
24478, 2
24479, 2
24480, 3
24482, 4
24483, 2
24486, 1
24487, 1
24488, 3
24489, 4
24492, 3
24493, 2
24495, 3
24496, 1
24497, 3
24502, 4
24503, 1
24506, 2
24507, 3
24508, 2
24510, 3
24514, 2
24515, 2
24518, 3
24519, 1
24520, 2
24523, 1
24541, 2
24542, 1
24543, 1
24544, 1
24545, 1
24546, 1
24547, 2
24548, 1
24549, 1
24550, 2
24551, 2
24552, 4
24553, 3
24554, 4
24555, 2
24556, 4
24557, 4
24558, 2
24559, 3
24560, 2
24561, 4
24562, 3
24563, 3
24564, 13
24565, 1
24566, 8
24567, 8
24568, 2
24569, 4
24570, 5
24571, 11
24572, 12
24573, 6
24574, 10
24575, 10
24576, 10
24577, 15
24578, 8
24579, 2
24580, 5
24581, 5
24582, 7
24583, 2
24585, 4
24586, 2
24587, 4
24589, 2
24590, 4
24591, 8
24592, 3
24593, 6
24594, 7
24595, 2
24596, 2
24597, 1
24598, 5
24599, 2
24600, 2
24601, 2
24602, 2
24605, 3
24606, 1
24607, 1
24608, 1
24609, 5
24611, 3
24612, 4
24613, 2
24616, 6
24617, 6
24618, 1
24619, 1
24620, 1
24621, 3
24622, 3
24625, 3
24627, 1
24630, 5
24631, 1
24632, 2
24633, 5
24634, 7
24635, 7
24636, 1
24637, 2
24638, 1
24639, 1
24644, 2
24649, 2
24650, 1
24651, 4
24652, 3
24653, 3
24654, 4
24655, 5
24656, 3
24657, 2
24659, 2
24660, 1
24661, 1
24662, 1
24663, 3
24664, 9
24665, 2
24666, 4
24668, 3
24669, 2
24670, 8
24671, 3
24672, 8
24673, 11
24674, 5
24675, 3
24676, 4
24677, 4
24678, 2
24679, 11
24680, 11
24681, 7
24682, 16
24683, 16
24684, 6
24685, 12
24686, 9
24687, 11
24688, 10
24689, 12
24690, 1
24691, 3
24692, 6
24693, 1
24694, 5
24695, 11
24697, 8
24698, 3
24699, 4
24701, 3
24702, 2
24703, 7
24704, 1
24706, 3
24707, 3
24708, 2
24709, 4
24710, 2
24711, 2
24717, 7
24718, 1
24719, 3
24720, 3
24721, 5
24723, 4
24724, 2
24725, 6
24726, 6
24727, 7
24728, 2
24729, 5
24730, 3
24731, 5
24732, 5
24733, 2
24734, 1
24735, 1
24736, 2
24737, 1
24738, 3
24740, 2
24741, 6
24742, 11
24743, 4
24745, 6
24746, 8
24747, 5
24748, 1
24749, 23
24750, 16
24751, 6
24752, 12
24753, 1
24754, 5
24755, 9
24756, 13
24757, 14
24758, 2
24759, 15
24760, 10
24761, 2
24762, 11
24763, 12
24764, 4
24765, 15
24766, 28
24767, 16
24768, 22
24769, 9
24770, 12
24771, 11
24772, 10
24773, 5
24774, 8
24775, 4
24776, 4
24778, 3
24779, 7
24780, 14
24781, 4
24782, 8
24783, 5
24784, 8
24785, 4
24786, 3
24787, 1
24788, 8
24790, 13
24791, 5
24792, 5
24793, 4
24794, 5
24795, 4
24796, 11
24797, 1
24798, 4
24799, 5
24800, 2
24801, 3
24802, 2
24803, 1
24804, 5
24805, 9
24806, 3
24807, 4
24808, 6
24809, 4
24810, 5
24811, 3
24812, 3
24813, 3
24814, 5
24815, 7
24816, 9
24818, 6
24819, 14
24820, 7
24821, 11
24822, 5
24823, 5
24824, 7
24825, 9
24826, 6
24827, 8
24828, 16
24829, 7
24830, 11
24831, 16
24832, 3
24833, 3
24834, 5
24835, 10
24836, 15
24837, 14
24838, 18
24839, 10
24840, 18
24841, 13
24842, 13
24843, 11
24844, 2
24845, 18
24846, 26
24847, 16
24848, 17
24849, 25
24850, 16
24851, 12
24852, 9
24853, 8
24854, 21
24855, 20
24856, 18
24857, 23
24858, 26
24859, 16
24860, 23
24861, 8
24862, 21
24863, 6
24864, 13
24865, 15
24866, 24
24867, 31
24868, 17
24869, 14
24870, 17
24871, 21
24872, 12
24873, 18
24874, 13
24875, 14
24876, 16
24877, 15
24878, 16
24879, 11
24880, 8
24881, 15
24882, 6
24883, 14
24884, 15
24885, 5
24886, 14
24887, 4
24889, 7
24890, 7
24891, 2
24892, 4
24893, 6
24894, 2
24895, 6
24896, 3
24897, 11
24898, 6
24899, 5
24900, 3
24901, 1
24902, 6
24903, 4
24904, 3
24906, 3
24907, 3
24909, 1
24910, 4
24912, 6
24913, 2
24914, 6
24917, 2
24918, 2
24919, 3
24920, 4
24923, 3
24924, 1
24925, 2
24926, 4
24927, 3
24928, 1
24929, 2
24930, 1
24931, 5
24932, 10
24933, 3
24934, 7
24935, 3
24936, 5
24937, 6
24940, 8
24941, 4
24942, 6
24943, 6
24944, 8
24945, 8
24946, 7
24947, 10
24948, 8
24949, 9
24950, 10
24951, 14
24952, 14
24953, 18
24954, 15
24955, 16
24956, 13
24957, 14
24958, 14
24959, 6
24960, 5
24961, 5
24962, 6
24963, 3
24964, 7
24965, 2
24966, 8
24967, 5
24968, 6
24969, 5
24970, 8
24971, 7
24972, 14
24973, 7
24974, 1
24975, 8
24976, 3
24977, 4
24978, 5
24979, 1
24980, 10
24981, 7
24982, 4
24983, 2
24984, 10
24985, 13
24986, 9
24987, 4
24988, 3
24989, 3
24990, 6
24991, 4
24992, 4
24993, 3
24994, 9
24995, 3
24996, 1
24997, 7
24998, 19
24999, 5
25000, 5
25001, 14
25002, 4
25003, 9
25004, 21
25005, 10
25006, 3
25007, 7
25008, 4
25009, 11
25010, 19
25011, 3
25012, 5
25013, 4
25014, 5
25015, 21
25016, 2
25017, 1
25018, 16
25019, 2
25020, 5
25021, 7
25022, 1
25023, 7
25024, 6
25025, 3
25026, 3
25028, 4
25029, 2
25031, 6
25032, 7
25033, 6
25034, 7
25035, 5
25036, 11
25037, 7
25038, 2
25040, 5
25041, 2
25042, 7
25044, 3
25047, 5
25048, 3
25049, 3
25052, 4
25053, 2
25054, 2
25061, 6
25063, 1
25064, 2
25073, 1
25076, 3
25077, 3
25079, 5
25080, 6
25081, 2
25082, 2
25084, 4
25085, 3
25086, 3
25087, 1
25088, 8
25089, 2
25090, 6
25091, 5
25092, 8
25093, 4
25094, 6
25095, 6
25096, 7
25097, 7
25098, 8
25099, 15
25100, 8
25101, 12
25102, 13
25103, 9
25104, 8
25105, 5
25106, 14
25107, 10
25108, 7
25109, 12
25110, 20
25111, 6
25112, 6
25113, 4
25114, 3
25115, 5
25116, 2
25117, 5
25119, 4
25120, 7
25121, 6
25122, 6
25123, 2
25124, 2
25125, 5
25126, 3
25127, 2
25128, 2
25129, 3
25130, 1
25131, 2
25132, 3
25133, 1
25136, 5
25137, 2
25138, 1
25140, 4
25141, 6
25142, 3
25143, 3
25144, 2
25145, 3
25146, 2
25148, 6
25150, 5
25152, 4
25153, 2
25154, 3
25155, 3
25156, 1
25158, 3
25159, 1
25160, 1
25162, 2
25163, 8
25164, 6
25165, 4
25166, 1
25167, 6
25168, 7
25169, 6
25170, 3
25172, 4
25173, 7
25174, 5
25175, 8
25176, 14
25177, 15
25178, 16
25179, 8
25180, 8
25181, 10
25182, 10
25183, 6
25184, 11
25185, 3
25186, 4
25187, 7
25188, 15
25189, 17
25190, 16
25191, 10
25192, 14
25193, 9
25194, 21
25195, 12
25196, 11
25197, 14
25198, 7
25199, 13
25200, 11
25201, 7
25202, 5
25203, 11
25204, 5
25205, 9
25206, 19
25207, 22
25208, 2
25209, 14
25210, 17
25211, 9
25212, 5
25213, 11
25214, 10
25215, 26
25216, 8
25217, 9
25218, 3
25219, 3
25220, 2
25221, 5
25222, 6
25223, 3
25224, 5
25225, 7
25226, 18
25227, 9
25228, 2
25229, 10
25230, 4
25231, 12
25232, 9
25233, 14
25234, 7
25235, 8
25236, 5
25237, 15
25238, 3
25239, 3
25240, 12
25241, 11
25242, 6
25244, 5
25245, 7
25246, 7
25247, 10
25248, 6
25249, 3
25250, 6
25251, 2
25252, 4
25253, 14
25254, 4
25255, 17
25256, 21
25257, 9
25258, 12
25259, 7
25260, 6
25261, 7
25262, 21
25263, 16
25264, 18
25265, 11
25266, 11
25267, 11
25268, 10
25269, 7
25270, 10
25271, 15
25272, 14
25273, 8
25274, 7
25275, 8
25277, 7
25278, 11
25279, 5
25280, 10
25281, 10
25282, 5
25283, 9
25285, 3
25286, 7
25287, 3
25288, 12
25289, 9
25290, 5
25293, 6
25294, 5
25295, 5
25296, 8
25297, 5
25298, 9
25299, 3
25301, 3
25308, 2
25309, 1
25313, 3
25314, 4
25321, 3
25326, 1
25327, 2
25335, 2
25342, 3
25348, 1
25349, 3
25351, 1
25354, 1
25356, 2
25357, 3
25360, 4
25361, 1
25362, 2
25363, 2
25364, 7
25365, 1
25366, 5
25367, 3
25368, 4
25370, 5
25371, 2
25372, 3
25373, 4
25374, 6
25375, 11
25376, 8
25377, 5
25378, 3
25379, 9
25380, 2
25381, 10
25382, 5
25383, 11
25384, 15
25385, 9
25386, 11
25387, 13
25388, 14
25389, 12
25390, 5
25391, 2
25393, 5
25394, 2
25395, 16
25396, 10
25397, 7
25398, 11
25399, 1
25400, 13
25401, 2
25402, 9
25403, 3
25404, 5
25405, 5
25406, 5
25407, 5
25408, 2
25409, 1
25410, 3
25411, 3
25412, 2
25413, 3
25414, 7
25415, 1
25416, 2
25417, 2
25418, 8
25419, 1
25420, 4
25421, 15
25422, 14
25423, 1
25424, 5
25425, 11
25426, 3
25427, 13
25428, 12
25429, 16
25430, 9
25431, 16
25432, 15
25433, 7
25434, 5
25435, 15
25436, 4
25437, 5
25439, 4
25440, 7
25441, 9
25442, 6
25443, 11
25444, 6
25445, 7
25448, 8
25449, 2
25450, 1
25451, 11
25452, 9
25453, 11
25454, 11
25456, 4
25457, 7
25458, 12
25459, 4
25460, 3
25461, 11
25462, 20
25463, 9
25464, 7
25465, 6
25466, 3
25467, 3
25468, 4
25469, 6
25470, 2
25471, 3
25472, 5
25473, 9
25474, 3
25475, 1
25476, 4
25477, 7
25478, 1
25479, 3
25482, 6
25485, 3
25487, 3
25489, 3
25491, 3
25492, 4
25493, 2
25497, 4
25504, 3
25507, 3
25510, 2
25518, 5
25523, 2
25559, 2
25560, 3
25562, 3
25563, 2
25564, 2
25566, 1
25567, 2
25568, 1
25569, 2
25571, 3
25572, 1
25573, 3
25574, 2
25575, 4
25576, 4
25577, 2
25578, 3
25579, 4
25581, 1
25582, 1
25583, 7
25584, 7
25585, 1
25586, 3
25587, 4
25588, 8
25589, 12
25590, 5
25591, 9
25592, 7
25593, 5
25594, 15
25595, 18
25596, 11
25597, 20
25598, 12
25599, 4
25600, 3
25601, 1
25602, 3
25603, 1
25604, 2
25605, 1
25606, 2
25608, 4
25609, 2
25610, 2
25611, 2
25616, 2
25617, 1
25618, 1
25619, 4
25620, 2
25621, 1
25623, 3
25624, 2
25628, 1
25629, 1
25633, 5
25634, 4
25636, 3
25638, 4
25639, 6
25641, 3
25642, 3
25643, 4
25644, 1
25645, 2
25646, 3
25647, 4
25648, 1
25649, 8
25650, 2
25651, 1
25655, 4
25656, 2
25657, 3
25658, 2
25659, 8
25660, 3
25661, 2
25662, 2
25663, 6
25664, 2
25665, 2
25666, 2
25667, 4
25668, 5
25669, 1
25671, 2
25673, 1
25675, 1
25677, 2
25678, 2
25679, 1
25681, 3
25683, 3
25685, 1
25686, 1
25688, 2
25696, 1
25720, 3
25947, 3
25949, 1
25950, 1
25952, 1
25955, 1
25956, 1
25957, 1
25958, 2
25959, 7
25960, 2
25961, 3
25962, 1
25963, 1
25964, 2
25965, 9
25967, 1
25968, 6
25969, 5
25970, 3
25971, 2
25972, 7
25973, 8
25974, 9
25975, 5
25976, 6
25977, 4
25978, 7
25979, 7
25980, 3
25981, 9
25982, 11
25983, 7
25984, 19
25985, 15
25986, 7
25987, 5
26009, 2
26014, 1
26015, 2
26016, 2
26017, 1
26020, 4
26022, 3
26023, 2
26024, 4
26025, 1
26026, 1
26027, 2
26028, 3
26029, 4
26030, 1
26032, 3
26033, 4
26034, 1
26035, 3
26036, 6
26038, 8
26039, 5
26040, 3
26041, 5
26042, 6
26043, 5
26044, 5
26046, 2
26047, 4
26048, 4
26049, 4
26051, 1
26052, 1
26053, 7
26054, 3
26055, 5
26057, 3
26058, 5
26059, 8
26060, 4
26061, 4
26062, 3
26064, 6
26065, 2
26066, 3
26067, 3
26069, 2
26070, 4
26073, 2
26076, 1
26078, 4
26080, 1
26081, 1
26084, 1
26088, 2
26679, 1
26681, 1
26683, 1
26685, 3
26686, 3
26687, 2
26688, 1
26689, 1
26690, 4
26691, 2
26692, 1
26693, 2
26694, 1
26696, 6
26697, 3
26698, 10
26699, 5
26700, 3
26701, 10
26702, 4
26703, 3
26704, 6
26705, 5
26706, 3
26707, 7
26708, 5
26709, 4
26710, 8
26711, 12
26712, 8
26713, 8
26714, 11
26715, 17
26716, 20
26717, 7
26718, 6
26719, 1
26721, 2
26740, 3
26749, 1
26750, 1
26754, 2
26755, 1
26756, 9
26757, 2
26758, 3
26759, 10
26760, 4
26761, 13
26762, 10
26763, 8
26764, 13
26765, 6
26766, 4
26767, 10
26768, 9
26769, 3
26770, 8
26771, 18
26772, 3
26773, 12
26774, 23
26775, 12
26776, 20
26777, 5
26778, 8
26779, 12
26780, 9
26781, 15
26782, 15
26783, 14
26784, 10
26785, 20
26786, 10
26787, 3
26788, 12
26789, 8
26790, 7
26791, 3
26792, 1
26793, 12
26794, 17
26795, 1
26796, 8
26797, 6
26798, 17
26799, 7
26800, 15
26801, 2
26802, 5
26803, 2
26804, 8
26805, 3
26806, 2
26807, 5
26808, 4
26809, 12
26810, 7
26811, 1
26812, 6
26813, 1
26814, 1
26815, 4
26816, 6
26817, 2
26819, 3
26820, 1
26821, 6
26822, 1
26825, 9
26827, 5
26828, 7
26829, 1
26830, 3
26831, 4
26832, 3
26833, 7
26834, 4
26835, 6
26836, 1
26837, 5
26838, 6
26839, 5
26840, 5
26841, 2
26842, 2
26843, 8
26844, 3
26848, 2
26849, 6
26850, 3
26851, 2
26852, 3
26853, 3
26854, 11
26855, 6
26858, 3
26859, 3
26862, 13
26863, 1
26864, 3
26865, 1
26866, 5
26869, 7
26870, 6
26871, 14
26872, 8
26873, 12
26874, 8
26875, 9
26876, 4
26877, 8
26878, 5
26879, 9
26880, 12
26881, 15
26882, 5
26883, 7
26884, 6
26885, 1
26886, 11
26887, 15
26888, 6
26889, 8
26890, 10
26892, 6
26893, 21
26894, 3
26895, 10
26896, 10
26897, 6
26898, 5
26900, 7
26901, 17
26902, 11
26903, 16
26904, 3
26905, 11
26906, 5
26907, 6
26908, 3
26909, 5
26910, 26
26911, 16
26912, 7
26913, 15
26914, 11
26916, 5
26917, 13
26918, 5
26919, 4
26921, 12
26922, 12
26923, 17
26925, 3
26926, 8
26927, 4
26928, 2
26929, 5
26930, 4
26932, 5
26934, 6
26935, 9
26936, 6
26937, 4
26938, 1
26939, 6
26940, 1
26941, 2
26943, 6
26945, 1
26946, 1
26948, 2
26950, 2
26951, 2
26952, 2
26953, 5
26956, 4
26957, 4
26959, 1
26960, 1
26961, 2
26962, 5
26963, 2
26964, 5
26966, 3
26967, 7
26968, 2
26969, 2
26970, 1
26971, 5
26972, 1
26973, 3
26974, 5
26975, 12
26976, 11
26977, 7
26978, 9
26979, 13
26980, 3
26981, 8
26982, 17
26983, 16
26984, 20
26985, 28
26986, 26
26987, 3
26988, 6
26989, 3
26990, 17
26991, 7
26992, 11
26993, 10
26994, 1
26995, 14
26996, 7
26997, 7
26998, 13
26999, 7
27000, 6
27001, 10
27002, 5
27003, 5
27005, 1
27006, 14
27007, 3
27010, 5
27014, 18
27016, 10
27017, 2
27018, 6
27019, 13
27020, 14
27021, 12
27022, 11
27023, 11
27024, 11
27025, 7
27026, 4
27027, 6
27028, 7
27029, 2
27030, 11
27033, 11
27034, 15
27035, 27
27036, 2
27037, 6
27038, 16
27039, 4
27042, 6
27043, 3
27044, 13
27046, 16
27047, 2
27048, 4
27050, 2
27051, 8
27052, 5
27053, 5
27055, 10
27056, 1
27057, 1
27058, 9
27060, 1
27061, 5
27064, 6
27065, 3
27066, 1
27067, 1
27070, 6
27072, 4
27073, 2
27075, 4
27077, 2
27079, 6
27080, 3
27084, 2
27085, 5
27087, 1
27088, 3
27090, 5
27092, 3
27093, 1
27095, 1
27096, 1
27097, 1
27098, 2
27099, 4
27100, 3
27101, 1
27102, 7
27105, 2
27106, 5
27107, 1
27108, 3
27109, 1
27110, 2
27111, 2
27112, 8
27113, 3
27114, 11
27115, 6
27116, 9
27117, 4
27118, 10
27119, 8
27120, 4
27121, 8
27122, 1
27123, 9
27124, 4
27125, 7
27126, 4
27127, 2
27129, 15
27130, 3
27131, 10
27132, 11
27133, 10
27134, 6
27135, 8
27136, 5
27137, 4
27138, 2
27139, 7
27140, 12
27141, 8
27142, 2
27143, 4
27144, 3
27145, 4
27146, 6
27147, 6
27148, 4
27149, 5
27150, 3
27151, 1
27152, 4
27153, 8
27154, 12
27155, 3
27156, 12
27157, 14
27158, 2
27159, 10
27160, 11
27161, 7
27162, 14
27163, 8
27164, 15
27165, 3
27166, 14
27167, 7
27168, 8
27169, 4
27170, 11
27171, 6
27173, 12
27174, 12
27175, 11
27176, 11
27177, 9
27178, 12
27179, 12
27180, 14
27181, 7
27182, 9
27183, 8
27184, 10
27185, 7
27186, 11
27187, 7
27188, 8
27189, 9
27190, 9
27191, 5
27192, 20
27193, 7
27194, 7
27195, 8
27196, 2
27197, 11
27198, 6
27199, 4
27200, 1
27201, 7
27202, 2
27203, 2
27204, 4
27205, 5
27206, 3
27207, 18
27208, 5
27210, 15
27211, 11
27212, 4
27216, 4
27217, 1
27220, 4
27221, 2
27222, 4
27223, 2
27224, 1
27229, 1
27248, 1
27250, 1
27252, 2
27254, 3
27255, 1
27256, 2
27257, 2
27259, 1
27260, 1
27261, 3
27262, 5
27264, 4
27265, 1
27266, 1
27267, 2
27268, 4
27269, 6
27270, 4
27271, 4
27272, 4
27273, 1
27274, 8
27275, 7
27276, 7
27277, 5
27278, 5
27279, 4
27280, 12
27281, 12
27282, 7
27283, 7
27284, 7
27285, 21
27286, 14
27287, 3
27288, 15
27289, 10
27290, 11
27291, 5
27292, 4
27293, 10
27294, 5
27295, 4
27296, 6
27297, 5
27298, 2
27299, 6
27300, 10
27302, 4
27303, 3
27305, 3
27306, 6
27308, 3
27309, 2
27310, 5
27311, 1
27313, 4
27314, 2
27316, 3
27317, 5
27318, 4
27319, 2
27321, 2
27323, 2
27324, 5
27325, 3
27326, 3
27328, 1
27329, 3
27330, 6
27331, 3
27332, 2
27333, 2
27334, 2
27339, 3
27343, 7
27344, 2
27347, 2
27350, 2
27352, 2
27357, 2
27358, 6
27359, 5
27364, 4
27365, 2
27367, 2
27372, 1
27373, 2
27376, 2
27377, 2
27381, 2
27382, 2
27384, 1
27386, 1
27387, 2
27388, 4
27389, 1
27390, 1
27391, 6
27392, 1
27393, 3
27395, 1
27396, 5
27397, 1
27398, 2
27399, 2
27400, 2
27401, 2
27402, 1
27403, 1
27404, 12
27405, 3
27406, 7
27407, 8
27408, 6
27409, 3
27410, 3
27411, 5
27413, 2
27414, 6
27415, 5
27416, 9
27417, 6
27418, 3
27419, 4
27420, 21
27421, 8
27422, 2
27424, 2
27425, 3
27426, 4
27427, 4
27428, 4
27429, 8
27431, 4
27432, 1
27435, 6
27436, 2
27437, 2
27438, 2
27439, 7
27441, 2
27444, 2
27445, 3
27448, 5
27451, 3
27452, 4
27453, 7
27454, 2
27458, 5
27459, 6
27460, 11
27461, 5
27462, 8
27463, 2
27464, 3
27467, 4
27469, 1
27471, 2
27472, 3
27474, 4
27475, 4
27476, 7
27477, 6
27478, 5
27479, 7
27480, 5
27481, 1
27482, 4
27483, 4
27484, 4
27485, 2
27486, 7
27487, 2
27488, 4
27489, 2
27491, 2
27492, 4
27494, 2
27495, 2
27497, 2
27500, 2
27501, 2
27502, 4
27503, 2
27509, 1
27510, 2
27512, 3
27515, 1
27517, 1
27520, 1
27521, 2
27526, 2
27527, 1
27528, 1
27529, 2
27530, 1
27531, 3
27532, 2
27533, 1
27534, 1
27535, 4
27536, 1
27538, 5
27539, 6
27541, 3
27542, 4
27543, 3
27544, 8
27545, 3
27546, 7
27547, 3
27548, 6
27549, 2
27550, 5
27551, 3
27553, 4
27554, 2
27555, 2
27556, 1
27557, 3
27558, 3
27559, 2
27560, 4
27561, 2
27562, 4
27563, 2
27564, 6
27565, 10
27566, 4
27567, 6
27568, 8
27571, 3
27573, 4
27574, 2
27575, 5
27576, 6
27577, 6
27578, 1
27579, 7
27580, 2
27581, 11
27582, 8
27583, 3
27584, 3
27585, 8
27586, 9
27587, 2
27588, 3
27589, 5
27590, 9
27591, 7
27592, 6
27593, 5
27594, 2
27595, 3
27596, 6
27597, 4
27598, 2
27599, 2
27601, 5
27602, 2
27603, 6
27604, 6
27606, 2
27608, 1
27609, 2
27610, 7
27611, 4
27612, 7
27614, 4
27615, 2
27616, 6
27617, 6
27619, 7
27620, 6
27621, 2
27624, 2
27625, 5
27626, 2
27628, 6
27629, 3
27632, 2
27633, 4
27635, 1
27636, 7
27637, 3
27640, 3
27642, 4
27644, 2
27647, 2
27651, 2
27746, 1
27747, 3
27748, 1
27749, 1
27750, 3
27752, 3
27753, 1
27755, 3
27756, 3
27757, 3
27758, 6
27759, 4
27760, 1
27761, 1
27762, 2
27763, 5
27764, 4
27765, 5
27766, 1
27767, 6
27768, 6
27769, 5
27770, 5
27771, 7
27772, 9
27773, 8
27774, 6
27775, 5
27776, 7
27777, 11
27778, 6
27779, 19
27780, 4
27781, 8
27782, 12
27783, 11
27784, 13
27785, 9
27786, 7
27787, 6
27790, 4
27794, 2
27798, 1
27799, 1
27808, 1
27810, 2
27815, 2
27816, 1
27817, 4
27818, 5
27819, 4
27821, 2
27823, 1
27824, 2
27826, 2
27828, 1
27829, 3
27833, 3
27834, 6
27835, 2
27836, 3
27837, 10
27838, 3
27839, 6
27840, 3
27841, 1
27842, 4
27843, 7
27844, 4
27845, 3
27846, 2
27847, 4
27848, 4
27849, 3
27850, 2
27851, 2
27852, 1
27853, 3
27854, 4
27856, 2
27857, 11
27859, 2
27860, 2
27861, 3
27862, 3
27863, 1
27865, 7
27867, 1
27868, 1
27870, 2
27871, 4
27872, 2
27873, 2
27875, 2
27877, 2
27878, 1
27880, 2
27882, 1
27887, 2
27889, 2
27894, 1
27895, 1
29012, 1
29014, 2
29016, 3
29019, 1
29020, 1
29021, 1
29023, 1
29024, 3
29025, 2
29026, 2
29027, 2
29028, 3
29029, 3
29030, 4
29032, 3
29033, 6
29034, 6
29035, 6
29036, 8
29037, 2
29038, 7
29039, 8
29041, 5
29042, 10
29043, 9
29044, 8
29045, 9
29046, 7
29047, 10
29048, 10
29049, 5
29050, 11
29051, 9
29052, 5
29053, 5
29054, 4
29059, 5
29080, 5
29083, 5
29086, 9
29088, 4
29089, 4
29091, 8
29092, 3
29093, 2
29096, 12
29097, 13
29098, 8
29099, 13
29100, 1
29101, 8
29102, 12
29103, 17
29104, 14
29105, 16
29106, 10
29107, 29
29108, 15
29109, 8
29110, 18
29111, 11
29112, 12
29113, 19
29114, 16
29115, 11
29116, 13
29117, 10
29118, 6
29119, 21
29120, 15
29121, 16
29122, 12
29123, 7
29124, 9
29125, 11
29126, 17
29127, 14
29128, 7
29129, 11
29130, 8
29131, 11
29133, 9
29134, 4
29135, 12
29136, 1
29137, 11
29138, 3
29139, 3
29140, 5
29141, 4
29142, 4
29143, 5
29147, 16
29152, 10
29153, 1
29154, 1
29155, 4
29156, 5
29157, 6
29166, 2
29167, 1
29170, 2
29174, 4
29175, 2
29176, 3
29178, 4
29179, 2
29181, 2
29182, 2
29184, 2
29185, 5
29186, 4
29187, 2
29189, 1
29190, 6
29191, 5
29192, 2
29193, 19
29194, 7
29195, 8
29196, 11
29197, 6
29198, 3
29199, 2
29200, 7
29201, 7
29202, 4
29203, 5
29204, 3
29205, 3
29207, 7
29208, 8
29209, 5
29210, 5
29211, 4
29213, 7
29214, 2
29216, 3
29217, 3
29218, 3
29219, 7
29220, 6
29221, 4
29222, 2
29224, 12
29225, 10
29226, 7
29227, 3
29229, 2
29230, 6
29231, 5
29232, 7
29233, 3
29234, 5
29235, 1
29236, 2
29237, 3
29238, 4
29239, 7
29240, 8
29241, 1
29242, 1
29243, 6
29244, 5
29246, 14
29247, 10
29248, 4
29250, 2
29251, 6
29252, 5
29253, 7
29254, 9
29255, 10
29256, 10
29257, 15
29258, 12
29259, 21
29260, 13
29261, 15
29262, 5
29263, 7
29264, 12
29265, 8
29266, 17
29267, 8
29268, 14
29269, 18
29270, 8
29271, 12
29272, 10
29273, 2
29274, 13
29275, 6
29276, 8
29277, 6
29278, 17
29279, 2
29280, 4
29282, 7
29283, 12
29284, 6
29286, 9
29287, 4
29288, 5
29289, 5
29290, 5
29291, 3
29292, 4
29294, 2
29297, 3
29298, 11
29299, 10
29300, 3
29301, 6
29302, 7
29303, 5
29304, 3
29305, 2
29306, 3
29307, 1
29308, 8
29309, 2
29310, 5
29311, 8
29312, 5
29313, 7
29314, 4
29315, 4
29316, 5
29318, 5
29319, 4
29321, 3
29322, 3
29323, 3
29324, 3
29325, 17
29326, 2
29327, 8
29328, 10
29329, 6
29330, 8
29331, 12
29332, 11
29333, 8
29334, 20
29335, 4
29336, 6
29337, 3
29338, 10
29339, 3
29340, 2
29341, 6
29342, 9
29343, 1
29344, 12
29345, 9
29346, 9
29347, 1
29348, 2
29349, 2
29351, 5
29352, 6
29353, 8
29354, 11
29355, 12
29356, 8
29357, 2
29358, 5
29359, 5
29360, 7
29361, 11
29362, 1
29363, 3
29365, 3
29366, 2
29367, 2
29368, 3
29370, 1
29371, 4
29373, 13
29374, 3
29375, 3
29376, 1
29378, 5
29381, 6
29382, 5
29383, 2
29385, 2
29386, 2
29387, 2
29389, 3
29390, 7
29391, 1
29392, 6
29393, 6
29395, 4
29396, 4
29397, 3
29398, 6
29399, 2
29400, 5
29401, 8
29402, 4
29403, 10
29404, 3
29405, 8
29406, 10
29407, 6
29408, 8
29409, 1
29410, 10
29411, 6
29412, 6
29413, 1
29414, 1
29415, 5
29416, 8
29417, 14
29418, 9
29419, 16
29420, 28
29421, 20
29422, 15
29423, 13
29424, 9
29426, 5
29427, 6
29428, 16
29429, 12
29430, 3
29431, 8
29432, 3
29433, 2
29435, 5
29436, 8
29437, 4
29440, 2
29441, 2
29442, 8
29443, 1
29444, 2
29446, 4
29447, 11
29449, 5
29450, 6
29452, 2
29454, 3
29455, 4
29456, 6
29457, 3
29459, 4
29460, 2
29462, 1
29464, 1
29467, 4
29470, 6
29471, 6
29473, 7
29475, 5
29476, 4
29477, 1
29479, 5
29480, 2
29481, 5
29482, 4
29483, 1
29484, 11
29485, 4
29487, 12
29488, 2
29489, 5
29490, 1
29491, 9
29492, 7
29493, 2
29494, 3
29495, 4
29496, 4
29497, 8
29498, 11
29499, 9
29500, 4
29501, 23
29502, 1
29503, 7
29504, 9
29505, 18
29506, 6
29507, 8
29508, 3
29509, 8
29510, 21
29511, 16
29512, 18
29513, 16
29514, 10
29515, 16
29516, 18
29517, 10
29518, 6
29519, 14
29520, 6
29521, 7
29522, 13
29524, 6
29525, 4
29526, 6
29527, 9
29528, 12
29529, 2
29530, 7
29531, 9
29532, 3
29533, 13
29534, 5
29535, 11
29536, 8
29537, 11
29538, 12
29539, 13
29540, 14
29541, 7
29542, 6
29543, 8
29544, 12
29545, 13
29546, 5
29547, 18
29548, 7
29549, 7
29550, 10
29551, 2
29552, 8
29553, 14
29555, 4
29556, 11
29557, 4
29558, 9
29559, 12
29560, 19
29561, 3
29562, 18
29563, 12
29564, 9
29565, 15
29566, 3
29567, 12
29568, 8
29569, 10
29570, 21
29571, 17
29572, 8
29573, 11
29574, 7
29575, 4
29576, 15
29577, 14
29578, 18
29579, 6
29580, 15
29581, 17
29582, 8
29583, 8
29584, 10
29585, 2
29586, 1
29587, 6
29588, 14
29589, 13
29590, 12
29591, 13
29592, 6
29593, 9
29594, 3
29595, 16
29596, 16
29597, 19
29598, 9
29599, 8
29600, 2
29601, 5
29602, 8
29603, 5
29604, 8
29605, 9
29606, 1
29607, 11
29608, 3
29609, 6
29610, 4
29611, 7
29612, 19
29613, 4
29614, 2
29616, 8
29617, 1
29618, 1
29619, 4
29621, 10
29622, 5
29623, 5
29624, 8
29625, 4
29626, 2
29627, 3
29628, 2
29629, 3
29631, 6
29632, 7
29633, 5
29634, 12
29635, 3
29636, 1
29637, 8
29638, 8
29639, 11
29640, 7
29641, 9
29642, 14
29643, 13
29644, 8
29645, 3
29646, 11
29647, 7
29648, 17
29649, 13
29650, 4
29651, 12
29652, 6
29653, 9
29654, 9
29655, 14
29656, 3
29657, 1
29658, 5
29659, 6
29660, 3
29661, 2
29662, 2
29663, 9
29664, 9
29665, 9
29666, 5
29667, 1
29668, 5
29669, 4
29670, 5
29671, 14
29672, 3
29673, 1
29674, 2
29676, 4
29678, 3
29679, 13
29680, 1
29681, 4
29682, 6
29683, 5
29684, 3
29685, 12
29686, 5
29687, 6
29688, 6
29689, 3
29690, 7
29691, 2
29693, 3
29695, 3
29697, 4
29698, 3
29699, 6
29700, 1
29704, 3
29705, 1
29706, 1
29707, 4
29708, 5
29709, 2
29712, 5
29714, 1
29715, 5
29716, 1
29717, 5
29718, 9
29719, 6
29720, 11
29721, 3
29722, 6
29723, 5
29724, 3
29725, 5
29726, 2
29727, 5
29728, 1
29729, 7
29730, 11
29731, 6
29732, 4
29733, 11
29734, 9
29735, 13
29736, 20
29737, 8
29738, 13
29739, 18
29740, 8
29741, 26
29742, 24
29743, 19
29744, 14
29745, 15
29746, 15
29747, 14
29748, 9
29749, 7
29750, 14
29751, 8
29752, 16
29753, 4
29754, 16
29755, 1
29756, 5
29757, 15
29758, 3
29759, 6
29760, 4
29761, 2
29762, 10
29763, 6
29764, 3
29765, 3
29766, 4
29767, 11
29768, 7
29769, 20
29770, 17
29771, 7
29773, 31
29774, 3
29775, 19
29776, 14
29777, 4
29778, 13
29779, 13
29780, 4
29781, 11
29782, 7
29783, 8
29784, 18
29785, 12
29786, 9
29787, 10
29788, 5
29789, 10
29790, 1
29791, 7
29792, 1
29793, 6
29794, 6
29795, 2
29796, 4
29797, 11
29798, 14
29799, 3
29800, 4
29801, 3
29802, 11
29803, 22
29804, 7
29805, 8
29806, 5
29807, 18
29808, 11
29809, 5
29810, 6
29811, 4
29812, 5
29813, 10
29814, 5
29815, 11
29816, 12
29817, 9
29818, 4
29819, 4
29820, 15
29821, 9
29822, 5
29823, 8
29824, 8
29825, 9
29826, 1
29827, 12
29828, 7
29829, 8
29830, 14
29831, 5
29832, 10
29833, 14
29834, 19
29835, 4
29836, 11
29837, 6
29838, 3
29839, 8
29840, 3
29841, 3
29842, 5
29843, 11
29844, 5
29846, 8
29847, 6
29848, 5
29849, 3
29850, 3
29851, 3
29852, 1
29853, 5
29854, 11
29855, 4
29856, 7
29857, 2
29858, 5
29859, 2
29861, 1
29863, 4
29864, 3
29865, 2
29866, 2
29867, 5
29868, 3
29870, 12
29871, 3
29872, 5
29873, 4
29874, 7
29875, 6
29876, 1
29877, 6
29878, 12
29879, 4
29880, 1
29881, 6
29882, 5
29883, 8
29884, 12
29885, 15
29886, 8
29887, 17
29888, 8
29889, 6
29890, 8
29891, 10
29892, 4
29893, 10
29897, 2
29898, 6
29900, 2
29901, 8
29902, 9
29904, 11
29905, 13
29906, 5
29907, 1
29908, 4
29909, 8
29910, 3
29911, 11
29912, 6
29913, 6
29914, 9
29915, 15
29916, 4
29917, 7
29918, 7
29919, 8
29920, 10
29921, 4
29922, 7
29923, 1
29924, 1
29925, 9
29926, 15
29927, 8
29928, 6
29929, 1
29930, 9
29931, 3
29933, 9
29934, 2
29935, 12
29936, 16
29937, 8
29938, 16
29939, 7
29940, 6
29941, 12
29942, 1
29943, 3
29944, 4
29945, 11
29946, 6
29947, 8
29948, 1
29949, 6
29950, 2
29951, 1
29952, 4
29953, 6
29954, 2
29955, 5
29957, 4
29958, 4
29959, 6
29960, 3
29961, 3
29962, 10
29963, 1
29964, 1
29965, 8
29967, 7
29968, 4
29970, 5
29971, 4
29972, 2
29973, 2
29974, 9
29975, 7
29976, 8
29977, 3
29978, 5
29979, 2
29980, 1
29981, 1
29983, 5
29986, 5
29987, 2
29988, 3
29989, 5
29990, 6
29992, 2
29996, 1
29998, 5
30000, 2
30001, 3
30002, 2
30003, 1
30004, 1
30005, 2
30006, 2
30007, 3
30009, 3
30010, 1
30011, 2
30012, 4
30014, 4
30015, 3
30016, 5
30017, 2
30018, 1
30019, 5
30020, 2
30021, 6
30022, 5
30023, 10
30024, 7
30025, 9
30026, 10
30027, 8
30028, 17
30029, 10
30030, 11
30031, 5
30032, 6
30033, 15
30034, 16
30035, 20
30036, 14
30037, 7
30038, 2
30039, 4
30040, 2
30041, 3
30042, 2
30043, 5
30044, 8
30045, 7
30046, 5
30048, 4
30049, 3
30050, 1
30051, 1
30052, 2
30053, 3
30054, 7
30055, 3
30056, 3
30057, 2
30058, 3
30059, 1
30060, 2
30061, 3
30062, 7
30063, 2
30064, 3
30065, 2
30066, 1
30067, 1
30068, 4
30070, 1
30071, 3
30072, 4
30073, 6
30075, 2
30076, 4
30077, 3
30078, 1
30079, 2
30080, 2
30081, 3
30082, 1
30083, 4
30084, 3
30085, 1
30086, 3
30087, 3
30088, 4
30091, 1
30092, 3
30093, 3
30094, 1
30095, 1
30096, 7
30097, 3
30098, 1
30099, 1
30100, 1
30101, 1
30102, 3
30103, 2
30104, 2
30105, 1
30107, 1
30108, 1
30109, 1
30111, 2
30112, 1
30113, 2
30118, 3
30124, 2
30131, 3
30135, 1
30136, 1
30143, 1
37070, 1
37071, 2
37074, 2
37075, 1
37076, 2
37077, 3
37078, 4
37080, 2
37081, 1
37082, 4
37083, 2
37084, 2
37085, 4
37086, 2
37088, 1
37089, 1
37090, 4
37091, 3
37092, 6
37093, 4
37094, 3
37095, 7
37096, 4
37097, 5
37098, 5
37099, 11
37100, 27
37101, 18
37102, 16
37103, 14
37104, 28
37105, 26
37106, 28
37107, 21
37108, 11
37109, 27
37110, 3
37111, 7
37112, 8
37113, 6
37114, 2
37115, 4
37116, 1
37117, 7
37118, 3
37119, 2
37120, 10
37121, 11
37122, 8
37123, 7
37124, 2
37125, 7
37126, 16
37127, 19
37128, 6
37129, 17
37130, 14
37131, 20
37132, 33
37133, 23
37134, 23
37135, 16
37136, 18
37137, 22
37138, 12
37139, 19
37140, 32
37141, 22
37142, 14
37143, 7
37144, 14
37145, 14
37146, 22
37147, 34
37148, 11
37149, 16
37150, 23
37151, 4
37152, 21
37153, 37
37154, 17
37155, 17
37156, 17
37157, 10
37158, 15
37159, 13
37160, 44
37161, 20
37162, 42
37163, 23
37164, 38
37165, 37
37166, 22
37167, 24
37168, 19
37169, 16
37170, 5
37171, 3
37172, 16
37173, 4
37174, 3
37175, 3
37178, 4
37179, 14
37180, 5
37181, 9
37182, 7
37183, 8
37184, 7
37185, 13
37186, 2
37187, 10
37188, 4
37190, 6
37191, 1
37194, 10
37195, 2
37196, 5
37197, 10
37199, 8
37200, 4
37201, 11
37202, 8
37203, 9
37205, 2
37206, 4
37207, 1
37208, 3
37209, 3
37210, 7
37211, 5
37212, 5
37213, 12
37214, 15
37215, 6
37216, 2
37217, 5
37218, 4
37219, 4
37220, 11
37221, 20
37222, 10
37223, 6
37224, 4
37225, 10
37226, 15
37227, 3
37228, 12
37229, 10
37230, 4
37231, 8
37232, 12
37233, 12
37234, 9
37235, 6
37236, 4
37237, 16
37238, 11
37239, 6
37240, 6
37241, 9
37242, 11
37243, 11
37244, 2
37245, 8
37246, 10
37247, 8
37248, 17
37249, 6
37250, 16
37251, 7
37252, 7
37253, 4
37254, 2
37255, 8
37256, 1
37257, 16
37258, 14
37259, 8
37262, 3
37263, 2
37264, 6
37265, 4
37266, 6
37267, 3
37268, 9
37269, 4
37270, 2
37271, 1
37272, 8
37273, 5
37274, 2
37275, 5
37276, 1
37277, 1
37278, 1
37279, 3
37280, 13
37281, 2
37282, 3
37283, 6
37286, 1
37287, 3
37288, 1
37289, 3
37290, 1
37291, 1
37292, 3
37293, 1
37295, 2
37296, 2
37300, 1
37301, 3
37302, 1
37304, 2
37305, 2
37306, 1
37309, 1
37310, 1
37311, 1
37314, 1
37315, 1
37316, 1
37332, 2
37333, 1
46824, 1
46825, 1
46826, 3
46828, 2
46829, 2
46831, 1
46832, 4
46833, 4
46834, 4
46835, 3
46836, 3
46837, 3
46838, 3
46839, 1
46841, 1
46842, 3
46843, 4
46844, 3
46845, 2
46846, 12
46847, 5
46848, 5
46849, 10
46850, 7
46851, 4
46852, 5
46853, 7
46854, 9
46855, 6
46856, 9
46857, 5
46858, 10
46859, 9
46860, 6
46861, 5
46862, 14
46863, 8
46864, 6
46865, 5
46892, 1
46893, 1
46895, 5
46896, 6
46898, 2
46901, 3
46902, 1
46903, 1
46906, 3
46907, 3
46908, 1
46909, 1
46910, 4
46911, 1
46912, 3
46913, 4
46914, 4
46915, 3
46916, 8
46917, 3
46918, 4
46919, 1
46920, 7
46921, 1
46922, 4
46923, 14
46924, 1
46926, 4
46927, 6
46929, 8
46930, 3
46931, 2
46932, 5
46933, 2
46934, 4
46936, 5
46938, 7
46939, 9
46941, 2
46942, 2
46943, 5
46944, 4
46945, 3
46946, 5
46947, 6
46948, 4
46949, 5
46951, 4
46952, 5
46953, 1
46954, 1
46955, 4
46957, 1
46958, 1
46959, 3
46965, 2
46968, 1
46972, 1
46982, 1
46997, 1
46998, 2
46999, 5
47000, 2
47001, 2
47003, 1
47004, 1
47006, 1
47007, 1
47008, 4
47009, 7
47010, 5
47011, 5
47013, 3
47014, 10
47015, 4
47016, 1
47017, 6
47020, 3
47022, 6
47023, 6
47024, 3
47025, 12
47026, 6
47027, 7
47028, 7
47029, 9
47030, 5
47031, 4
47032, 11
47033, 19
47034, 11
47035, 3
47036, 5
47038, 6
47039, 2
47040, 14
47041, 6
47042, 13
47043, 9
47044, 6
47045, 4
47046, 4
47047, 3
47048, 5
47049, 7
47050, 3
47051, 11
47052, 9
47056, 7
47058, 3
47059, 3
47062, 7
47063, 8
47064, 4
47065, 4
47066, 5
47067, 3
47068, 4
47069, 1
47070, 6
47071, 6
47074, 6
47075, 2
47077, 2
47079, 2
47080, 10
47081, 1
47082, 3
47084, 3
47087, 5
47088, 2
47089, 6
47090, 2
47092, 5
47094, 2
47102, 4
47105, 3
47106, 2
47111, 3
47112, 2
47119, 1
47127, 1
47128, 1
47137, 2
47138, 2
47139, 4
47141, 1
47142, 1
47143, 1
47144, 1
47145, 1
47146, 1
47149, 5
47150, 3
47151, 2
47152, 3
47154, 5
47155, 4
47156, 3
47158, 7
47159, 2
47160, 7
47161, 5
47162, 11
47163, 2
47164, 3
47165, 5
47166, 6
47167, 11
47168, 10
47170, 7
47171, 17
47172, 8
47173, 9
47174, 8
47175, 3
47176, 4
47177, 11
47178, 4
47179, 6
47180, 8
47181, 7
47182, 2
47184, 4
47186, 3
47187, 4
47188, 2
47189, 8
47190, 5
47191, 4
47192, 4
47193, 5
47194, 5
47196, 6
47197, 4
47198, 4
47199, 3
47200, 12
47201, 7
47202, 6
47203, 1
47204, 12
47205, 8
47206, 12
47207, 9
47208, 9
47209, 12
47210, 10
47211, 9
47212, 6
47213, 11
47214, 19
47215, 6
47216, 9
47217, 6
47218, 17
47219, 3
47220, 7
47221, 17
47222, 8
47223, 5
47224, 3
47225, 10
47226, 8
47227, 20
47228, 13
47229, 10
47230, 18
47231, 15
47232, 11
47233, 2
47234, 13
47235, 5
47236, 2
47237, 5
47238, 3
47239, 7
47240, 11
47241, 8
47242, 7
47243, 6
47244, 6
47245, 11
47246, 10
47247, 8
47248, 5
47249, 7
47250, 14
47251, 3
47252, 6
47253, 3
47256, 5
47257, 4
47258, 1
47259, 5
47260, 3
47261, 2
47262, 5
47263, 4
47264, 3
47266, 7
47268, 1
47269, 3
47270, 4
47271, 4
47272, 5
47273, 3
47274, 5
47275, 2
47276, 2
47277, 1
47278, 5
47279, 6
47281, 3
47282, 7
47283, 5
47284, 4
47285, 1
47286, 10
47287, 5
47288, 6
47289, 4
47290, 10
47291, 10
47292, 7
47293, 2
47294, 4
47295, 10
47296, 4
47297, 5
47298, 8
47299, 9
47300, 12
47301, 11
47302, 8
47303, 3
47304, 9
47305, 4
47306, 5
47307, 6
47308, 2
47309, 2
47310, 14
47311, 10
47312, 10
47313, 5
47314, 6
47315, 8
47316, 14
47317, 7
47318, 5
47319, 8
47320, 9
47321, 4
47322, 2
47323, 4
47324, 4
47325, 3
47326, 1
47327, 5
47328, 5
47329, 3
47330, 4
47331, 4
47332, 5
47333, 3
47334, 10
47335, 8
47336, 2
47337, 1
47338, 2
47339, 5
47340, 1
47341, 2
47342, 4
47343, 1
47344, 1
47345, 4
47347, 2
47348, 3
47349, 1
47350, 1
47351, 5
47352, 2
47353, 4
47354, 3
47355, 2
47357, 2
47358, 1
47362, 1
47363, 2
47366, 1
47367, 1
47368, 2
47369, 2
47370, 2
47371, 1
47375, 1
47376, 3
47377, 1
47384, 1
47385, 1
47394, 2
57047, 2
57049, 1
57050, 2
57051, 1
57052, 2
57055, 2
57056, 2
57057, 1
57058, 2
57059, 1
57061, 1
57062, 1
57064, 4
57065, 3
57066, 1
57067, 2
57068, 2
57069, 3
57070, 3
57071, 3
57072, 3
57073, 6
57074, 5
57075, 7
57076, 6
57077, 2
57078, 2
57079, 8
57080, 6
57081, 9
57082, 10
57083, 2
57084, 3
57085, 9
57086, 2
57087, 1
57088, 2
57112, 2
57122, 3
57123, 5
57124, 4
57127, 2
57129, 3
57132, 7
57134, 6
57135, 4
57136, 11
57137, 14
57138, 10
57139, 17
57140, 11
57141, 5
57142, 9
57143, 5
57144, 14
57145, 6
57146, 11
57147, 21
57148, 18
57149, 7
57150, 14
57151, 8
57152, 23
57153, 7
57154, 8
57155, 12
57156, 5
57157, 9
57158, 21
57159, 21
57160, 9
57161, 14
57162, 18
57163, 16
57164, 10
57165, 11
57166, 21
57167, 11
57168, 4
57169, 12
57170, 11
57171, 24
57172, 14
57173, 16
57174, 16
57175, 8
57176, 7
57177, 5
57178, 2
57179, 4
57180, 9
57181, 3
57185, 2
57187, 4
57188, 2
57189, 6
57191, 6
57192, 5
57195, 8
57196, 8
57198, 3
57200, 3
57201, 1
57202, 4
57203, 4
57204, 6
57205, 4
57206, 6
57207, 1
57208, 7
57209, 9
57210, 14
57211, 11
57212, 4
57213, 11
57214, 12
57215, 8
57216, 6
57217, 7
57218, 4
57219, 24
57220, 11
57221, 10
57222, 10
57223, 8
57225, 13
57226, 9
57227, 7
57228, 9
57229, 12
57230, 4
57231, 4
57232, 14
57233, 15
57234, 10
57235, 16
57236, 15
57238, 14
57239, 17
57240, 11
57241, 13
57242, 11
57243, 11
57244, 10
57245, 10
57246, 12
57247, 8
57248, 9
57249, 15
57250, 9
57251, 7
57252, 8
57253, 19
57254, 13
57255, 25
57256, 14
57257, 18
57258, 16
57259, 1
57260, 5
57261, 12
57262, 11
57263, 6
57264, 14
57265, 5
57266, 1
57267, 10
57268, 14
57269, 6
57270, 25
57271, 5
57272, 25
57273, 17
57274, 12
57275, 15
57276, 8
57277, 6
57278, 8
57279, 3
57280, 4
57281, 11
57282, 5
57284, 6
57285, 4
57286, 3
57287, 4
57288, 8
57290, 5
57291, 6
57292, 7
57293, 12
57294, 3
57295, 3
57296, 11
57297, 4
57299, 1
57300, 6
57302, 3
57303, 1
57304, 7
57306, 3
57315, 1
57316, 1
57321, 2
57330, 4
57331, 3
57366, 3
57367, 2
57369, 1
57371, 1
57372, 2
57375, 4
57376, 3
57377, 2
57378, 4
57379, 1
57380, 5
57381, 6
57382, 3
57383, 2
57384, 2
57385, 3
57386, 11
57387, 4
57388, 3
57389, 1
57390, 1
57392, 4
57393, 6
57394, 4
57395, 7
57396, 2
57397, 3
57398, 8
57399, 3
57400, 7
57401, 4
57402, 9
57403, 7
57404, 13
57405, 10
57406, 9
57407, 5
57408, 2
57409, 4
57410, 5
57411, 4
57412, 4
57413, 7
57414, 5
57415, 1
57416, 3
57417, 3
57418, 1
57420, 6
57421, 3
57423, 4
57424, 4
57425, 2
57426, 5
57427, 2
57428, 5
57429, 3
57433, 3
57434, 4
57435, 1
57436, 2
57437, 5
57438, 3
57439, 1
57440, 2
57441, 3
57442, 6
57443, 3
57444, 1
57445, 5
57446, 3
57448, 2
57449, 2
57450, 3
57451, 3
57452, 4
57453, 2
57454, 4
57455, 4
57456, 2
57457, 4
57458, 4
57459, 1
57460, 2
57461, 2
57463, 5
57464, 6
57465, 3
57466, 5
57467, 3
57468, 5
57469, 5
57470, 3
57471, 5
57472, 4
57473, 1
57475, 1
57476, 3
57477, 3
57478, 2
57479, 2
57480, 3
57481, 8
57482, 1
57483, 3
57485, 2
57486, 3
57487, 1
57488, 1
57489, 1
57490, 1
57491, 1
57492, 1
57493, 1
57495, 1
57496, 1
57497, 2
57498, 1
57500, 1
57502, 1
57503, 2
57506, 2
60770, 1
60772, 2
60773, 2
60775, 4
60776, 1
60778, 2
60779, 1
60780, 3
60781, 3
60782, 1
60783, 6
60785, 1
60787, 1
60788, 1
60789, 2
60790, 4
60792, 5
60793, 4
60794, 4
60795, 8
60796, 2
60797, 4
60798, 4
60799, 12
60800, 8
60801, 6
60802, 3
60803, 6
60804, 7
60805, 5
60806, 4
60807, 11
60808, 7
60809, 17
60810, 9
60811, 1
60812, 1
60844, 3
60845, 2
60847, 2
60849, 2
60850, 2
60851, 8
60853, 1
60854, 1
60855, 6
60856, 7
60857, 9
60858, 1
60859, 5
60861, 9
60862, 1
60863, 6
60864, 4
60865, 5
60866, 6
60867, 5
60868, 2
60869, 8
60870, 4
60872, 12
60873, 4
60874, 5
60875, 1
60876, 9
60877, 6
60878, 2
60879, 5
60880, 3
60881, 7
60882, 7
60883, 4
60884, 8
60885, 5
60886, 8
60888, 4
60889, 3
60890, 7
60891, 5
60892, 5
60894, 1
60895, 5
60896, 3
60898, 6
60899, 4
60900, 1
60901, 2
60903, 3
60907, 2
60909, 2
60910, 3
60912, 1
60914, 1
60916, 1
60918, 3
60922, 1
60923, 3
60924, 1
60925, 1
60927, 1
60928, 1
60929, 1
60930, 1
60931, 1
60932, 2
60933, 3
60934, 7
60936, 3
60937, 6
60938, 4
60939, 2
60940, 7
60941, 8
60942, 2
60943, 6
60944, 3
60945, 7
60946, 8
60947, 3
60949, 7
60950, 3
60951, 6
60952, 8
60953, 5
60954, 7
60955, 2
60956, 7
60957, 8
60959, 7
60960, 2
60961, 7
60962, 4
60963, 2
60964, 4
60966, 6
60967, 6
60968, 2
60969, 7
60970, 4
60972, 2
60974, 2
60976, 1
60977, 5
60978, 8
60979, 3
60981, 4
60982, 6
60983, 7
60985, 2
60986, 1
60987, 5
60988, 4
60989, 2
60990, 8
60992, 6
60993, 3
60994, 8
60995, 4
60996, 10
60997, 10
60998, 4
60999, 4
61000, 6
61001, 6
61002, 6
61003, 3
61004, 13
61005, 1
61006, 4
61007, 9
61008, 5
61009, 12
61010, 3
61014, 1
61015, 4
61016, 2
61017, 2
61019, 3
61024, 2
61025, 5
61026, 9
61027, 2
61028, 3
61029, 2
61031, 6
61038, 2
61045, 2
61049, 1
61050, 2
61051, 1
61052, 1
61053, 1
61055, 2
61056, 3
61057, 4
61059, 1
61060, 1
61061, 2
61062, 4
61064, 2
61065, 4
61066, 2
61067, 12
61068, 3
61069, 5
61070, 4
61071, 2
61072, 2
61073, 5
61074, 3
61075, 3
61076, 4
61077, 1
61078, 12
61079, 2
61080, 2
61081, 27
61082, 10
61083, 5
61084, 3
61085, 3
61086, 15
61087, 10
61088, 7
61089, 7
61095, 6
61096, 3
61097, 1
61099, 3
61100, 3
61103, 6
61105, 3
61106, 9
61107, 3
61109, 5
61110, 10
61111, 4
61112, 7
61114, 2
61115, 7
61116, 1
61117, 3
61118, 2
61119, 2
61120, 4
61121, 2
61123, 4
61124, 8
61125, 9
61126, 1
61127, 1
61128, 3
61130, 3
61132, 11
61133, 6
61134, 9
61135, 2
61137, 2
61138, 3
61139, 2
61140, 10
61141, 2
61142, 2
61144, 1
61145, 2
61146, 4
61147, 5
61148, 1
61149, 1
61150, 3
61151, 4
61152, 5
61154, 3
61155, 1
61156, 5
61157, 3
61158, 2
61159, 3
61160, 2
61161, 2
61163, 4
61164, 4
61165, 6
61166, 1
61170, 2
61174, 3
61178, 3
61180, 3
61194, 1
67190, 3
67191, 2
67192, 2
67195, 4
67196, 1
67197, 4
67198, 1
67199, 1
67201, 2
67202, 2
67203, 1
67204, 4
67205, 1
67206, 3
67207, 1
67208, 6
67209, 1
67210, 3
67211, 2
67212, 2
67213, 1
67214, 2
67215, 3
67216, 1
67217, 4
67218, 5
67220, 5
67221, 5
67222, 10
67223, 4
67224, 2
67225, 14
67226, 3
67227, 4
67228, 3
67229, 4
67230, 1
67255, 1
67256, 2
67263, 1
67264, 1
67269, 5
67270, 5
67271, 3
67273, 3
67275, 2
67276, 5
67277, 1
67279, 1
67280, 11
67281, 4
67282, 6
67283, 6
67284, 8
67287, 3
67288, 5
67289, 7
67290, 5
67291, 4
67292, 4
67294, 10
67295, 24
67296, 9
67297, 2
67298, 3
67299, 14
67300, 9
67301, 8
67302, 2
67303, 9
67304, 7
67305, 2
67306, 9
67307, 6
67308, 5
67309, 1
67310, 9
67311, 4
67312, 2
67314, 10
67315, 3
67316, 1
67317, 8
67318, 3
67319, 1
67320, 2
67322, 2
67323, 3
67324, 7
67325, 2
67326, 2
67327, 6
67328, 7
67329, 4
67330, 2
67332, 2
67333, 1
67338, 2
67341, 2
67344, 2
67347, 1
67348, 2
67352, 3
67380, 1
67383, 3
67386, 3
67387, 1
67388, 1
67389, 5
67390, 3
67391, 8
67392, 4
67393, 2
67395, 5
67396, 8
67397, 7
67398, 7
67399, 3
67400, 4
67401, 2
67402, 17
67403, 12
67404, 9
67405, 10
67406, 6
67407, 11
67408, 6
67409, 4
67410, 12
67411, 13
67412, 6
67413, 8
67414, 11
67415, 12
67416, 17
67417, 7
67418, 9
67419, 10
67420, 12
67421, 6
67422, 7
67423, 3
67424, 3
67425, 1
67426, 5
67427, 4
67428, 2
67429, 1
67430, 3
67431, 3
67432, 6
67433, 4
67434, 7
67435, 5
67436, 13
67437, 5
67438, 1
67441, 4
67442, 2
67444, 2
67445, 8
67446, 2
67447, 1
67448, 2
67449, 1
67450, 1
67451, 4
67452, 6
67453, 2
67454, 1
67455, 2
67457, 2
67458, 1
67461, 3
67465, 1
67466, 2
67469, 3
67498, 1
67499, 1
67501, 1
67502, 3
67554, 1
67555, 3
67556, 2
67559, 3
67560, 1
67561, 1
67562, 1
67563, 3
67564, 2
67565, 2
67566, 2
67567, 2
67568, 1
67569, 2
67570, 2
67571, 2
67572, 4
67573, 7
67574, 2
67575, 4
67576, 7
67577, 1
67578, 4
67579, 4
67580, 5
67581, 5
67582, 8
67583, 3
67584, 14
67585, 3
67586, 9
67587, 11
67588, 7
67589, 9
67590, 3
67591, 9
67592, 3
67593, 5
67594, 6
67595, 4
67597, 3
67598, 2
67602, 1
67604, 1
67606, 1
67607, 8
67608, 3
67610, 3
67611, 1
67612, 7
67613, 3
67614, 3
67615, 2
67616, 4
67617, 3
67618, 2
67621, 2
67627, 3
67628, 1
67631, 2
67633, 4
67634, 4
67635, 2
67637, 5
67638, 3
67640, 6
67641, 13
67642, 6
67643, 5
67644, 6
67645, 1
67646, 4
67647, 5
67648, 3
67649, 8
67650, 5
67652, 5
67653, 8
67655, 3
67657, 3
67658, 1
67660, 7
67661, 4
67663, 3
67665, 3
67666, 2
67667, 9
67668, 4
67669, 2
67670, 2
67672, 2
67674, 3
67675, 5
67676, 3
67678, 5
67679, 1
67680, 2
67682, 1
67683, 1
67684, 6
67686, 4
67689, 2
67691, 2
67695, 3
67700, 2
67822, 1
67824, 4
67826, 1
67828, 1
67829, 1
67831, 1
67832, 2
67833, 3
67834, 3
67836, 1
67837, 2
67838, 1
67839, 2
67840, 3
67841, 7
67842, 1
67843, 2
67844, 1
67845, 3
67846, 4
67847, 13
67848, 4
67849, 5
67850, 4
67851, 5
67852, 7
67853, 9
67854, 5
67855, 7
67856, 8
67857, 3
67858, 9
67859, 7
67860, 7
67861, 9
67862, 7
67865, 2
67867, 4
67872, 2
67893, 2
67894, 2
67895, 7
67899, 3
67900, 7
67902, 2
67903, 2
67904, 4
67905, 3
67906, 6
67907, 4
67908, 4
67909, 2
67910, 4
67911, 2
67912, 3
67913, 4
67914, 4
67915, 3
67916, 4
67918, 6
67919, 13
67921, 3
67922, 12
67923, 7
67924, 10
67925, 2
67926, 6
67927, 8
67928, 4
67929, 4
67930, 10
67931, 6
67932, 10
67933, 13
67934, 3
67935, 5
67936, 4
67937, 5
67938, 3
67939, 6
67941, 3
67942, 3
67943, 2
67944, 2
67945, 2
67946, 2
67947, 3
67948, 1
67949, 1
67950, 9
67951, 2
67955, 1
67956, 1
67957, 2
67958, 4
67959, 3
67975, 1
77216, 3
77218, 1
77220, 2
77222, 1
77223, 5
77226, 3
77227, 1
77228, 3
77230, 1
77231, 2
77232, 2
77233, 6
77235, 2
77236, 1
77238, 2
77239, 2
77240, 7
77241, 1
77242, 4
77243, 12
77244, 10
77245, 4
77246, 14
77247, 15
77248, 7
77249, 12
77250, 9
77251, 14
77252, 6
77253, 13
77254, 3
77255, 7
77256, 2
77257, 1
77260, 3
77261, 4
77262, 5
77263, 5
77264, 2
77265, 7
77266, 3
77267, 1
77268, 4
77270, 1
77271, 3
77272, 4
77273, 5
77274, 2
77276, 3
77278, 7
77280, 3
77291, 7
77292, 6
77293, 3
77294, 6
77295, 1
77296, 6
77297, 9
77298, 3
77300, 2
77301, 7
77302, 5
77303, 4
77304, 3
77305, 12
77307, 8
77308, 6
77309, 2
77310, 7
77311, 8
77312, 17
77313, 18
77314, 8
77315, 16
77316, 15
77317, 18
77318, 17
77319, 13
77320, 9
77321, 14
77322, 20
77323, 15
77324, 8
77325, 12
77326, 17
77327, 20
77328, 19
77329, 11
77330, 22
77331, 4
77332, 10
77333, 35
77334, 5
77335, 9
77336, 25
77337, 9
77338, 8
77339, 6
77340, 10
77341, 23
77342, 4
77343, 22
77344, 9
77345, 11
77346, 28
77347, 21
77348, 15
77349, 6
77350, 9
77351, 5
77352, 3
77353, 17
77354, 13
77355, 8
77356, 9
77357, 6
77358, 3
77359, 4
77360, 3
77361, 4
77362, 7
77363, 4
77364, 3
77365, 5
77366, 4
77367, 5
77370, 3
77371, 5
77373, 2
77374, 6
77376, 2
77378, 1
77379, 2
77380, 4
77381, 5
77382, 4
77383, 3
77384, 1
77386, 1
77387, 1
77388, 1
77390, 6
77391, 6
77392, 5
77393, 1
77394, 2
77395, 3
77396, 6
77397, 4
77398, 5
77399, 5
77400, 3
77401, 1
77402, 1
77403, 4
77406, 2
77407, 2
77408, 6
77409, 7
77410, 7
77411, 3
77414, 2
77415, 1
77416, 5
77417, 6
77418, 3
77419, 7
77420, 3
77421, 3
77422, 4
77423, 2
77424, 2
77425, 1
77426, 1
77427, 4
77428, 1
77429, 11
77430, 5
77431, 1
77434, 1
77435, 2
77439, 3
77440, 1
77442, 2
77443, 1
77444, 2
77446, 1
77447, 1
77449, 1
77450, 1
77451, 2
77453, 2
77454, 2
77455, 3
77459, 1
77460, 1
77462, 2
77463, 1
77552, 1
77554, 1
77557, 4
77558, 4
77560, 1
77562, 1
77566, 2
77567, 2
77568, 6
77570, 5
77571, 5
77572, 3
77575, 3
77576, 6
77577, 3
77578, 8
77580, 5
77581, 7
77582, 2
77583, 4
77584, 5
77585, 9
77586, 8
77587, 7
77588, 5
77589, 14
77590, 10
77591, 9
77592, 3
77593, 3
77597, 6
77599, 2
77601, 2
77602, 2
77603, 8
77604, 9
77605, 4
77606, 3
77610, 2
77611, 3
77612, 5
77613, 3
77615, 3
77616, 8
77618, 3
77621, 2
77622, 4
77623, 5
77625, 5
77626, 3
77628, 5
77630, 2
77631, 5
77634, 4
77636, 5
77638, 2
77639, 3
77640, 2
77642, 3
77643, 4
77644, 8
77645, 3
77647, 2
77648, 3
77649, 3
77650, 3
77651, 3
77652, 2
77653, 5
77654, 8
77655, 8
77656, 3
77657, 1
77658, 1
77659, 4
77661, 8
77662, 7
77663, 3
77664, 8
77665, 7
77666, 2
77667, 2
77668, 1
77669, 2
77670, 5
77671, 2
77672, 3
77673, 1
77674, 1
77675, 8
77676, 6
77677, 2
77678, 3
77680, 3
77681, 5
77682, 5
77683, 5
77684, 1
77685, 3
77686, 2
77687, 10
77689, 2
77690, 2
77691, 1
77692, 3
77693, 1
77694, 2
77695, 2
77696, 7
77697, 2
77700, 1
77701, 2
77702, 3
77703, 1
77704, 4
77706, 5
77707, 14
77708, 7
77709, 1
77710, 2
77711, 5
77713, 18
77714, 6
77717, 7
77718, 3
77719, 3
77722, 6
77724, 3
77725, 1
77726, 6
77727, 10
77728, 2
77729, 3
77730, 2
77731, 3
77732, 7
77733, 7
77734, 7
77735, 10
77736, 5
77737, 3
77740, 4
77741, 9
77742, 19
77743, 3
77745, 5
77746, 3
77747, 3
77748, 6
77750, 4
77751, 10
77753, 4
77754, 4
77755, 6
77757, 7
77758, 6
77759, 2
77761, 3
77762, 2
77764, 3
77765, 8
77766, 6
77767, 2
77769, 3
77770, 1
77771, 2
77773, 1
77774, 6
77775, 3
77777, 2
77778, 2
77779, 5
77780, 6
77782, 8
77783, 3
77785, 3
77786, 3
77787, 4
77788, 10
77789, 3
77790, 3
77792, 10
77793, 3
77794, 3
77802, 2
77803, 2
77804, 3
77805, 3
77817, 2
87142, 2
87143, 1
87144, 2
87145, 2
87148, 1
87149, 1
87150, 1
87151, 2
87154, 1
87157, 7
87158, 2
87159, 7
87161, 9
87162, 3
87163, 4
87164, 1
87165, 5
87166, 3
87167, 2
87168, 2
87169, 1
87170, 7
87171, 5
87172, 11
87174, 7
87175, 5
87176, 5
87177, 7
87178, 2
87179, 3
87180, 4
87183, 6
87185, 6
87186, 3
87187, 3
87189, 4
87190, 3
87194, 2
87195, 1
87208, 1
87209, 2
87221, 4
87222, 3
87223, 3
87224, 7
87225, 3
87226, 21
87227, 17
87228, 8
87229, 11
87230, 15
87231, 12
87232, 26
87233, 23
87234, 17
87235, 12
87236, 24
87237, 15
87238, 10
87239, 25
87240, 15
87241, 7
87242, 10
87243, 8
87244, 21
87245, 17
87246, 18
87247, 20
87248, 11
87249, 11
87250, 14
87251, 8
87252, 24
87253, 13
87254, 25
87255, 13
87256, 22
87257, 16
87258, 18
87259, 15
87260, 22
87261, 24
87262, 22
87263, 15
87264, 12
87265, 5
87270, 1
87271, 1
87274, 1
87283, 1
87304, 1
87305, 1
87315, 1
87319, 1
87322, 1
87329, 1
87336, 2
87338, 1
87339, 1
87340, 1
87341, 2
87344, 2
87354, 1
87355, 1
87364, 1
87396, 1
87397, 2
87398, 1
87400, 3
87401, 2
87402, 2
87403, 2
87405, 1
87406, 3
87407, 2
87408, 4
87409, 6
87411, 5
87412, 2
87413, 1
87414, 2
87415, 2
87416, 2
87417, 4
87418, 3
87419, 3
87420, 4
87421, 4
87422, 8
87424, 5
87425, 4
87426, 1
87427, 4
87428, 3
87429, 7
87430, 11
87431, 10
87432, 6
87433, 9
87434, 4
87435, 5
87436, 3
87437, 2
87438, 1
87439, 3
87440, 1
87441, 1
87442, 1
87443, 4
87445, 1
87446, 1
87449, 1
87450, 3
87451, 1
87453, 3
87454, 2
87459, 2
87460, 2
87461, 1
87462, 3
87463, 3
87464, 1
87465, 1
87466, 1
87467, 3
87468, 7
87469, 2
87470, 1
87471, 4
87472, 5
87473, 6
87474, 9
87475, 9
87476, 1
87477, 2
87478, 5
87479, 4
87480, 6
87481, 10
87482, 3
87483, 6
87484, 4
87485, 3
87486, 9
87487, 6
87488, 7
87489, 3
87490, 4
87491, 5
87492, 4
87493, 13
87494, 4
87495, 3
87496, 5
87497, 8
87498, 5
87499, 7
87500, 4
87502, 3
87503, 4
87504, 4
87505, 2
87506, 2
87507, 2
87509, 2
87510, 3
87511, 4
87512, 2
87513, 3
87514, 3
87515, 1
87517, 1
87518, 5
87520, 1
87521, 4
87522, 2
87524, 1
87525, 2
87526, 1
87536, 1
87537, 1
87538, 2
87588, 2
87591, 1
87593, 2
87594, 1
87595, 1
87596, 3
87598, 4
87599, 1
87601, 1
87602, 1
87603, 3
87605, 6
87606, 1
87607, 6
87608, 6
87609, 6
87610, 8
87611, 5
87612, 4
87613, 10
87614, 13
87615, 2
87616, 4
87617, 8
87618, 16
87619, 10
87620, 15
87621, 15
87622, 3
87623, 13
87624, 9
87625, 12
87626, 15
87627, 7
87628, 2
87629, 3
87630, 8
87631, 3
87632, 2
87634, 10
87635, 6
87637, 3
87638, 3
87639, 7
87640, 2
87641, 4
87642, 3
87644, 2
87645, 3
87647, 3
87650, 2
87651, 3
87652, 2
87653, 2
87657, 6
87659, 2
87660, 2
87665, 1
87666, 2
87667, 2
87669, 2
87670, 3
87673, 3
87675, 2
87676, 2
87677, 7
87678, 2
87679, 4
87681, 7
87682, 3
87683, 3
87684, 6
87685, 8
87686, 1
87687, 2
87688, 1
87689, 2
87691, 6
87692, 5
87693, 2
87695, 7
87696, 2
87700, 6
87701, 7
87707, 2
87709, 4
87719, 2
87720, 2
87723, 3
87724, 2
87832, 1
87833, 2
87834, 1
87835, 1
87836, 1
87839, 4
87840, 2
87841, 1
87842, 2
87843, 1
87845, 2
87846, 1
87847, 4
87848, 1
87849, 2
87850, 2
87851, 8
87852, 1
87853, 9
87854, 6
87855, 2
87856, 5
87857, 3
87858, 4
87859, 4
87860, 6
87861, 3
87862, 10
87863, 4
87864, 6
87865, 5
87866, 11
87867, 3
87868, 14
87869, 7
87870, 20
87871, 10
87872, 5
87873, 5
87890, 2
87903, 2
87906, 2
87910, 2
87911, 2
87913, 2
87914, 5
87915, 5
87916, 4
87917, 2
87918, 7
87919, 7
87920, 6
87922, 2
87924, 4
87925, 4
87926, 1
87927, 7
87928, 8
87929, 1
87930, 5
87931, 4
87932, 4
87933, 3
87934, 5
87935, 5
87936, 3
87937, 4
87938, 11
87939, 5
87940, 6
87941, 3
87942, 3
87943, 2
87944, 2
87945, 7
87946, 2
87947, 4
87948, 3
87949, 5
87951, 7
87952, 11
87953, 8
87954, 9
87955, 2
87956, 7
87957, 4
87959, 6
87962, 3
87963, 2
87964, 3
87965, 2
87966, 2
87975, 2
97165, 1
97166, 1
97167, 2
97168, 1
97169, 5
97170, 3
97171, 4
97172, 2
97173, 1
97174, 1
97175, 1
97176, 4
97177, 1
97178, 1
97179, 2
97180, 2
97181, 3
97182, 1
97183, 1
97184, 5
97185, 6
97186, 1
97187, 6
97188, 1
97189, 3
97190, 6
97191, 2
97192, 1
97193, 5
97194, 5
97195, 4
97196, 1
97197, 4
97198, 4
97199, 6
97200, 6
97201, 10
97202, 27
97203, 12
97204, 18
97205, 15
97206, 6
97207, 5
97208, 6
97209, 20
97210, 9
97211, 2
97213, 9
97214, 7
97215, 5
97217, 3
97218, 4
97219, 4
97220, 6
97221, 8
97222, 18
97223, 6
97224, 1
97225, 14
97226, 11
97227, 5
97228, 6
97229, 6
97230, 3
97231, 12
97232, 11
97233, 6
97234, 2
97235, 3
97236, 4
97237, 8
97238, 4
97240, 5
97241, 4
97245, 2
97251, 5
97253, 1
97254, 7
97257, 5
97258, 6
97259, 3
97260, 4
97262, 14
97263, 4
97264, 1
97265, 1
97266, 6
97267, 14
97268, 11
97269, 4
97270, 11
97271, 4
97272, 3
97273, 7
97274, 2
97275, 2
97276, 11
97277, 4
97278, 6
97279, 12
97280, 18
97281, 5
97282, 13
97284, 3
97285, 1
97286, 10
97288, 12
97289, 5
97290, 3
97291, 10
97292, 18
97293, 13
97294, 5
97295, 10
97296, 14
97297, 7
97298, 9
97299, 8
97300, 8
97301, 10
97302, 9
97303, 16
97304, 1
97306, 3
97308, 2
97309, 4
97312, 2
97316, 6
97317, 8
97318, 5
97319, 2
97320, 1
97322, 4
97323, 1
97324, 1
97326, 1
97328, 1
97330, 1
97331, 3
97335, 1
97336, 2
97339, 2
97340, 2
97344, 3
97349, 1
97576, 1
97577, 4
97578, 2
97581, 2
97582, 2
97583, 2
97584, 7
97585, 2
97586, 4
97587, 6
97588, 1
97589, 7
97590, 5
97591, 3
97592, 3
97593, 6
97594, 5
97595, 5
97596, 2
97597, 6
97598, 12
97599, 5
97600, 10
97601, 5
97602, 6
97603, 7
97604, 7
97605, 8
97606, 3
97607, 8
97608, 6
97609, 5
97610, 10
97611, 12
97612, 9
97613, 12
97614, 4
97615, 13
97616, 5
97617, 7
97618, 2
97649, 2
97650, 4
97652, 1
97653, 1
97654, 3
97655, 2
97656, 3
97657, 4
97658, 2
97659, 3
97660, 3
97661, 3
97662, 4
97663, 4
97664, 2
97666, 1
97667, 2
97669, 2
97671, 3
97672, 3
97673, 3
97674, 1
97676, 2
97677, 4
97678, 4
97679, 3
97680, 3
97681, 3
97682, 2
97683, 1
97684, 7
97685, 6
97686, 2
97687, 3
97688, 3
97689, 1
97690, 4
97691, 5
97692, 8
97693, 3
97694, 4
97695, 4
97697, 4
97698, 2
97700, 2
97701, 2
97702, 1
97703, 5
97704, 1
97706, 3
97707, 8
97708, 2
97709, 2
97710, 3
97711, 3
97712, 2
97713, 1
97715, 1
97716, 1
97724, 1
97812, 2
97813, 3
97815, 2
97817, 1
97818, 1
97820, 3
97821, 3
97822, 3
97823, 1
97824, 1
97825, 2
97826, 2
97827, 1
97828, 3
97829, 1
97830, 2
97831, 3
97832, 3
97833, 5
97834, 10
97835, 5
97836, 5
97837, 6
97838, 6
97839, 5
97840, 5
97841, 5
97842, 9
97843, 8
97844, 7
97845, 7
97846, 7
97847, 8
97848, 8
97849, 4
97850, 8
97851, 7
97852, 1
97857, 4
97859, 2
97863, 2
97880, 2
97884, 3
97887, 3
97890, 4
97892, 4
97894, 2
97895, 1
97896, 1
97897, 4
97898, 4
97899, 17
97900, 6
97901, 5
97902, 9
97903, 1
97904, 2
97905, 2
97906, 4
97907, 4
97908, 4
97909, 4
97910, 1
97911, 9
97912, 10
97913, 11
97914, 3
97915, 2
97916, 4
97917, 4
97918, 2
97919, 8
97920, 2
97921, 4
97922, 4
97923, 5
97924, 2
97925, 9
97926, 5
97927, 4
97928, 3
97929, 2
97930, 4
97931, 6
97932, 4
97933, 2
97934, 6
97935, 4
97936, 2
97937, 3
97938, 5
97939, 2
97941, 2
97942, 2
97946, 2
97947, 2
97948, 1
97949, 5
97954, 2
97961, 2
107163, 1
107167, 2
107168, 3
107169, 5
107171, 2
107175, 3
107176, 1
107177, 3
107178, 1
107181, 3
107182, 2
107189, 4
107191, 1
107193, 1
107194, 2
107195, 2
107197, 8
107198, 7
107199, 3
107200, 7
107201, 4
107202, 6
107204, 2
107251, 1
107252, 4
107253, 1
107260, 5
107261, 7
107262, 9
107263, 8
107264, 20
107265, 20
107266, 8
107267, 8
107268, 7
107269, 6
107270, 16
107271, 7
107272, 1
107273, 9
107274, 8
107275, 5
107276, 11
107277, 10
107278, 9
107279, 15
107280, 16
107281, 14
107282, 9
107283, 11
107284, 10
107285, 16
107286, 18
107287, 27
107288, 16
107289, 19
107290, 18
107291, 20
107292, 19
107293, 10
107294, 25
107295, 14
107296, 14
107297, 19
107298, 14
107299, 24
107300, 24
107301, 16
107302, 11
107303, 4
107304, 15
107305, 5
107306, 3
107308, 7
107309, 7
107311, 10
107313, 1
107315, 3
107316, 6
107318, 9
107319, 10
107320, 5
107321, 4
107322, 3
107323, 4
107324, 7
107325, 7
107326, 7
107328, 1
107329, 9
107330, 7
107331, 1
107333, 8
107334, 13
107335, 2
107336, 10
107337, 6
107339, 20
107340, 7
107342, 1
107344, 2
107345, 9
107346, 4
107347, 7
107348, 7
107349, 2
107350, 11
107351, 5
107352, 5
107353, 14
107354, 12
107355, 23
107356, 4
107357, 1
107358, 7
107359, 9
107360, 13
107361, 17
107362, 17
107363, 2
107364, 10
107365, 3
107366, 9
107367, 12
107368, 25
107369, 2
107370, 10
107371, 24
107372, 15
107373, 6
107374, 8
107375, 6
107376, 14
107377, 16
107378, 8
107379, 14
107380, 24
107381, 14
107382, 17
107383, 21
107384, 14
107385, 4
107386, 5
107387, 16
107388, 16
107389, 6
107390, 19
107391, 8
107392, 25
107393, 7
107394, 4
107395, 6
107396, 5
107397, 7
107398, 17
107399, 13
107400, 6
107401, 14
107402, 4
107403, 1
107404, 14
107405, 5
107406, 9
107407, 5
107408, 5
107409, 9
107410, 4
107411, 17
107412, 10
107413, 2
107414, 1
107415, 8
107416, 2
107417, 4
107418, 3
107419, 5
107421, 2
107422, 1
107423, 6
107424, 1
107426, 1
107427, 2
107428, 1
107429, 1
107430, 2
107431, 9
107432, 2
107433, 3
107434, 1
107436, 1
107437, 2
107438, 2
107439, 4
107440, 3
107441, 2
107444, 1
107445, 1
107451, 4
107452, 3
107456, 1
107457, 1
107458, 1
107460, 1
107461, 1
107462, 1
107463, 1
107467, 1
107468, 1
107478, 1
107479, 1
107695, 2
107697, 1
107698, 2
107699, 1
107700, 2
107701, 3
107703, 2
107704, 2
107706, 4
107707, 2
107708, 1
107709, 1
107711, 2
107712, 6
107713, 3
107714, 1
107716, 2
107717, 5
107718, 5
107719, 2
107720, 3
107721, 4
107722, 6
107723, 5
107724, 5
107725, 6
107726, 6
107727, 3
107728, 12
107729, 5
107730, 8
107731, 2
107732, 8
107733, 10
107734, 10
107735, 1
107764, 2
107766, 2
107767, 2
107770, 4
107771, 4
107772, 2
107773, 4
107774, 3
107776, 2
107778, 1
107780, 3
107781, 6
107782, 7
107783, 6
107784, 6
107785, 1
107786, 3
107787, 8
107788, 6
107789, 3
107790, 10
107791, 4
107792, 11
107793, 8
107794, 6
107795, 7
107796, 2
107797, 5
107799, 11
107800, 10
107801, 5
107802, 3
107803, 5
107804, 5
107805, 10
107806, 5
107807, 4
107808, 5
107809, 4
107810, 13
107811, 6
107812, 2
107813, 2
107814, 2
107815, 3
107816, 1
107817, 6
107819, 2
107821, 8
107825, 2
107826, 4
107827, 1
107829, 5
107830, 2
107832, 2
107833, 3
107835, 3
107841, 3
117184, 1
117187, 1
117189, 1
117190, 2
117191, 1
117192, 7
117193, 1
117195, 3
117196, 4
117197, 2
117198, 2
117199, 2
117202, 1
117203, 1
117204, 2
117205, 4
117206, 5
117207, 4
117208, 5
117209, 4
117210, 6
117211, 4
117212, 8
117213, 7
117214, 11
117215, 12
117216, 10
117217, 16
117218, 6
117219, 24
117220, 15
117221, 22
117222, 24
117223, 11
117224, 11
117225, 19
117226, 39
117227, 8
117228, 24
117229, 15
117230, 8
117231, 16
117232, 29
117233, 5
117234, 24
117235, 17
117236, 8
117237, 20
117238, 22
117239, 14
117240, 26
117241, 40
117242, 22
117243, 14
117244, 13
117245, 12
117246, 33
117247, 15
117248, 6
117249, 22
117250, 31
117251, 22
117252, 20
117253, 29
117254, 9
117255, 16
117256, 10
117257, 8
117259, 1
117261, 4
117262, 1
117266, 5
117267, 3
117268, 2
117269, 1
117272, 5
117273, 1
117274, 6
117276, 4
117277, 7
117278, 10
117279, 6
117280, 9
117281, 8
117282, 6
117283, 7
117284, 6
117285, 4
117286, 17
117287, 8
117288, 2
117289, 9
117290, 4
117291, 15
117292, 31
117293, 1
117294, 5
117295, 13
117296, 11
117297, 19
117298, 15
117299, 19
117300, 7
117301, 7
117302, 1
117303, 9
117304, 5
117305, 8
117306, 14
117307, 5
117308, 4
117309, 9
117310, 26
117311, 28
117312, 8
117313, 5
117314, 5
117315, 5
117316, 11
117317, 8
117318, 5
117319, 2
117320, 9
117321, 11
117322, 12
117323, 7
117324, 1
117325, 13
117326, 13
117327, 5
117328, 7
117329, 17
117330, 21
117331, 4
117332, 1
117334, 3
117335, 4
117336, 3
117337, 10
117338, 5
117339, 7
117340, 8
117341, 5
117342, 11
117343, 4
117344, 3
117345, 3
117346, 5
117347, 1
117350, 4
117351, 4
117352, 7
117359, 5
117360, 3
117362, 1
117363, 8
117364, 3
117365, 1
117522, 5
117523, 11
117526, 1
117527, 2
117534, 2
117535, 1
117538, 10
117539, 4
117540, 4
117543, 3
117544, 4
117545, 4
117550, 3
117553, 3
117556, 3
117557, 13
117558, 18
117559, 1
117607, 1
117608, 1
117614, 1
117623, 1
117625, 1
117627, 6
117628, 3
117630, 2
117631, 3
117632, 1
117633, 1
117634, 4
117635, 3
117636, 1
117637, 4
117638, 6
117639, 4
117640, 2
117641, 5
117642, 1
117643, 4
117644, 3
117645, 8
117646, 2
117647, 4
117648, 6
117649, 2
117650, 2
117651, 7
117652, 3
117653, 8
117654, 5
117655, 6
117656, 4
117657, 4
117658, 5
117659, 6
117660, 4
117661, 4
117684, 3
117691, 1
117692, 6
117694, 2
117696, 2
117698, 3
117699, 3
117702, 2
117704, 4
117705, 2
117706, 6
117709, 2
117710, 6
117711, 4
117712, 2
117713, 8
117715, 2
117716, 7
117717, 6
117718, 2
117719, 2
117720, 2
117721, 5
117722, 19
117723, 10
117724, 11
117725, 9
117726, 3
117729, 10
117730, 9
117731, 5
117732, 3
117733, 5
117734, 10
117735, 5
117736, 10
117737, 2
117738, 5
117739, 3
117740, 7
117741, 6
117742, 7
117743, 2
117744, 8
117745, 7
117746, 4
117747, 8
117748, 2
117749, 3
117750, 2
117751, 2
117753, 11
117754, 5
117757, 3
117759, 1
117760, 1
117763, 2
117776, 2
117777, 1
117778, 2
127195, 1
127196, 1
127197, 2
127198, 2
127199, 2
127200, 1
127201, 2
127202, 1
127203, 2
127204, 3
127205, 4
127206, 3
127207, 3
127208, 1
127209, 2
127210, 2
127211, 3
127212, 1
127213, 5
127214, 6
127215, 10
127216, 8
127217, 7
127218, 6
127219, 10
127220, 2
127221, 6
127222, 2
127223, 8
127224, 6
127225, 6
127226, 10
127227, 11
127228, 4
127229, 12
127230, 6
127231, 9
127232, 11
127233, 12
127234, 9
127235, 2
127259, 1
127260, 3
127261, 6
127265, 2
127267, 3
127268, 3
127270, 3
127271, 2
127272, 1
127274, 4
127275, 10
127276, 11
127277, 11
127278, 7
127279, 14
127280, 3
127281, 15
127282, 2
127283, 9
127284, 7
127285, 6
127286, 15
127287, 14
127288, 12
127289, 7
127290, 10
127291, 20
127292, 14
127293, 14
127294, 13
127295, 14
127296, 19
127297, 21
127298, 18
127299, 16
127300, 15
127301, 12
127302, 25
127303, 45
127304, 15
127305, 21
127306, 10
127307, 19
127308, 22
127309, 24
127310, 30
127311, 38
127312, 44
127313, 27
127314, 15
127315, 14
127316, 24
127317, 18
127318, 20
127319, 7
127320, 19
127321, 9
127322, 19
127323, 16
127324, 25
127325, 7
127326, 12
127327, 16
127328, 6
127329, 10
127330, 15
127331, 9
127332, 11
127333, 1
127334, 9
127335, 4
127336, 10
127338, 5
127340, 5
127342, 4
127344, 1
127345, 3
127346, 1
127350, 3
127351, 3
127353, 3
127354, 3
127357, 2
127358, 1
127361, 4
127364, 3
127387, 1
127388, 2
127389, 1
127392, 3
127393, 2
127395, 2
127396, 2
127397, 2
127399, 2
127400, 2
127401, 4
127402, 4
127403, 8
127404, 6
127405, 4
127406, 7
127407, 6
127408, 11
127409, 4
127410, 1
127411, 2
127412, 13
127413, 12
127414, 6
127415, 1
127416, 5
127417, 13
127418, 15
127419, 17
127420, 7
127421, 7
127422, 5
127423, 12
127424, 7
127425, 13
127426, 15
127427, 4
127428, 1
127429, 6
127430, 8
127431, 8
127432, 4
127433, 2
127434, 11
127435, 6
127436, 2
127437, 5
127438, 4
127439, 2
127440, 1
127441, 3
127442, 2
127443, 2
127444, 2
127445, 8
127446, 7
127447, 3
127448, 2
127451, 3
127457, 2
127458, 1
127460, 2
127461, 2
127462, 3
127465, 3
127467, 2
127468, 1
127469, 1
127471, 6
127472, 2
127473, 8
127475, 2
127477, 2
127478, 2
127479, 1
127480, 2
127481, 5
127482, 7
127483, 1
127484, 3
127485, 4
127486, 2
127487, 3
127488, 1
127489, 5
127490, 1
127491, 4
127493, 1
127494, 1
127495, 1
127496, 1
127497, 4
127504, 1
127505, 1
127512, 3
127515, 1
127516, 4
127521, 1
127623, 1
127626, 3
127627, 2
127628, 1
127629, 2
127630, 3
127631, 3
127632, 2
127633, 1
127635, 2
127636, 1
127637, 2
127638, 1
127639, 4
127640, 2
127641, 5
127642, 4
127643, 3
127644, 4
127645, 8
127646, 1
127647, 5
127648, 6
127649, 3
127650, 9
127651, 7
127652, 5
127653, 6
127654, 7
127655, 6
127656, 7
127657, 13
127658, 3
127659, 6
127660, 11
127661, 6
127662, 9
127663, 6
127664, 1
127666, 3
127667, 1
127669, 2
127672, 2
127680, 1
127681, 2
127687, 2
127688, 1
127691, 2
127694, 1
127695, 1
127696, 1
127698, 1
127700, 2
127704, 2
127705, 1
127706, 2
127708, 6
127709, 4
127711, 6
127712, 3
127713, 4
127714, 1
127715, 1
127716, 6
127717, 3
127719, 2
127720, 4
127721, 1
127722, 3
127723, 2
127724, 3
127725, 1
127726, 1
127727, 7
127728, 4
127729, 3
127730, 3
127732, 4
127733, 1
127734, 2
127735, 2
127736, 4
127737, 1
127738, 1
127740, 1
127741, 2
127742, 1
127745, 2
127746, 2
127747, 1
127749, 2
127750, 2
127752, 1
127754, 1
127757, 2
127758, 2
127759, 1
127767, 1
127829, 1
127831, 2
127834, 5
127835, 3
127836, 4
127837, 1
127838, 2
127839, 1
127840, 3
127841, 3
127842, 2
127843, 1
127845, 3
127846, 2
127847, 2
127848, 5
127849, 7
127850, 1
127851, 1
127852, 3
127853, 8
127854, 7
127855, 8
127856, 10
127857, 7
127858, 10
127859, 11
127860, 13
127861, 17
127862, 12
127863, 7
127864, 13
127865, 13
127866, 14
127867, 10
127868, 7
127869, 4
127870, 3
127871, 1
127872, 6
127874, 1
127875, 3
127876, 1
127877, 1
127880, 1
127881, 3
127882, 2
127888, 3
127890, 2
127893, 1
127894, 1
127897, 2
127899, 2
127907, 2
127908, 2
127910, 3
127911, 1
127912, 1
127916, 1
127917, 4
127921, 2
127922, 3
127923, 1
127924, 1
127925, 1
127928, 2
127929, 5
127930, 1
127932, 1
127934, 1
127935, 1
127937, 1
127939, 1
127942, 1
127943, 1
127947, 1
127955, 1
127961, 1
127963, 1
136900, 1
136901, 4
136902, 2
136904, 1
136905, 3
136906, 3
136907, 1
136908, 1
136909, 5
136910, 3
136911, 6
136912, 3
136913, 5
136914, 6
136915, 5
136917, 4
136918, 8
136919, 7
136920, 5
136921, 6
136922, 8
136923, 5
136924, 5
136925, 7
136926, 4
136927, 5
136928, 1
136929, 5
136930, 14
136931, 14
136932, 13
136933, 9
136934, 8
136935, 8
136936, 9
136937, 13
136938, 10
136939, 1
136955, 1
136956, 3
136957, 2
136959, 3
136960, 2
136961, 1
136962, 3
136963, 3
136964, 1
136965, 6
136966, 4
136967, 1
136968, 2
136969, 1
136970, 4
136971, 9
136972, 4
136973, 8
136974, 2
136975, 1
136976, 3
136977, 3
136978, 2
136979, 4
136980, 1
136981, 2
136982, 4
136983, 11
136984, 15
136985, 7
136986, 12
136987, 7
136988, 6
136989, 6
136990, 5
136991, 8
136992, 5
136993, 7
136994, 6
136995, 27
136996, 22
136997, 7
136998, 2
136999, 5
137000, 12
137001, 11
137002, 3
137003, 12
137004, 2
137005, 8
137006, 10
137007, 2
137008, 10
137009, 9
137010, 11
137011, 1
137012, 1
137013, 8
137014, 15
137015, 17
137016, 26
137017, 12
137018, 19
137019, 6
137020, 5
137021, 4
137022, 13
137023, 8
137024, 8
137025, 1
137026, 9
137030, 10
137031, 9
137032, 17
137033, 12
137034, 12
137035, 7
137036, 7
137037, 4
137038, 4
137039, 8
137040, 2
137041, 10
137042, 11
137043, 6
137044, 1
137045, 1
137046, 7
137047, 5
137048, 4
137049, 3
137050, 1
137051, 1
137059, 1
137060, 1
137061, 1
137063, 2
137064, 2
137065, 3
137066, 5
137071, 2
137072, 2
137077, 1
137078, 1
137079, 6
137080, 3
137083, 10
137084, 5
137085, 2
137086, 3
137087, 1
137088, 2
137089, 1
137091, 2
137092, 1
137093, 2
137094, 1
137095, 3
137096, 1
137098, 1
137099, 1
137100, 1
