4110, 1
4122, 1
4134, 1
4137, 1
4149, 1
4152, 1
4159, 1
4161, 1
4164, 1
4171, 1
4173, 1
4174, 1
4176, 1
4183, 1
4186, 1
4191, 1
4192, 1
4198, 1
4200, 1
4201, 1
4202, 1
4203, 1
4204, 1
4210, 1
4212, 1
4213, 1
4215, 1
4216, 1
4221, 1
4227, 1
4229, 1
4230, 1
4231, 1
4237, 1
4239, 1
4240, 1
4241, 1
4242, 1
4243, 1
4249, 1
4251, 1
4252, 1
4254, 1
4255, 1
4260, 1
4264, 1
4266, 1
4268, 2
4276, 1
4278, 1
4279, 1
4280, 1
4281, 1
4282, 1
4288, 1
4290, 1
4291, 1
4292, 1
4294, 1
4299, 1
4303, 1
4305, 1
4306, 1
4308, 1
4314, 1
4316, 1
4317, 1
4319, 1
4320, 1
4321, 1
4326, 1
4329, 1
4330, 1
4331, 1
4333, 1
4338, 1
4342, 1
4344, 1
4345, 1
4346, 1
4353, 1
4356, 1
4357, 1
4358, 1
4359, 1
4360, 1
4365, 1
4368, 1
4369, 1
4370, 1
4372, 1
4377, 1
4381, 1
4383, 1
4384, 1
4385, 1
4392, 1
4395, 1
4396, 1
4397, 2
4399, 1
4404, 1
4407, 1
4408, 1
4409, 1
4411, 1
4416, 1
4420, 1
4421, 1
4422, 1
4423, 1
4424, 1
4434, 1
4435, 1
4436, 2
4438, 1
4443, 1
4446, 1
4447, 1
4448, 1
4450, 1
4454, 1
4459, 1
4460, 1
4461, 1
4462, 1
4463, 1
4473, 1
4474, 1
4475, 1
4476, 1
4477, 1
4482, 1
4485, 1
4486, 1
4487, 1
4489, 1
4494, 1
4497, 1
4499, 1
4500, 1
4501, 1
4502, 1
4512, 1
4513, 1
4514, 2
4516, 1
4521, 1
4524, 1
4525, 1
4526, 1
4528, 1
4533, 1
4537, 1
4538, 1
4539, 1
4540, 1
4541, 1
4551, 1
4552, 1
4553, 2
4555, 1
4560, 1
4563, 1
4564, 1
4565, 1
4567, 1
4572, 1
4576, 1
4577, 1
4578, 1
4579, 2
4590, 1
4591, 1
4592, 2
4594, 1
4599, 1
4602, 2
4604, 1
4606, 1
4609, 1
4615, 1
4616, 1
4617, 1
4618, 1
4619, 1
4629, 1
4630, 1
4631, 2
4633, 1
4638, 1
4641, 2
4643, 1
4644, 1
4650, 1
4654, 1
4655, 1
4656, 1
4657, 1
4658, 1
4668, 1
4669, 1
4670, 2
4671, 1
4677, 1
4680, 2
4682, 1
4684, 1
4689, 1
4693, 1
4694, 1
4695, 1
4696, 1
4697, 1
4707, 1
4708, 2
4709, 1
4711, 1
4716, 1
4719, 1
4720, 1
4721, 1
4723, 1
4728, 1
4731, 1
4733, 1
4734, 2
4736, 1
4746, 1
4747, 1
4748, 2
4749, 1
4755, 1
4757, 1
4759, 1
4760, 1
4761, 1
4767, 1
4770, 1
4772, 1
4773, 2
4775, 1
4785, 2
4787, 2
4788, 1
4794, 1
4796, 1
4797, 1
4799, 1
4800, 1
4806, 1
4809, 1
4811, 2
4812, 1
4814, 1
4823, 1
4824, 1
4826, 2
4828, 1
4833, 1
4836, 2
4838, 1
4839, 1
4845, 1
4848, 1
4850, 2
4851, 1
4853, 1
4862, 1
4863, 1
4865, 2
4866, 1
4872, 1
4874, 1
4875, 1
4877, 1
4878, 1
4884, 1
4887, 1
4889, 2
4890, 1
4892, 1
4901, 1
4902, 1
4904, 2
4905, 1
4910, 1
4913, 1
4914, 1
4916, 1
4917, 1
4923, 1
4926, 1
4928, 2
4929, 1
4931, 1
4940, 1
4941, 1
4942, 1
4943, 1
4944, 1
4950, 1
4952, 1
4953, 1
4955, 1
4956, 1
4962, 1
4965, 1
4966, 1
4967, 1
4968, 1
4970, 1
4979, 1
4980, 1
4982, 2
4983, 1
4988, 1
4991, 1
4992, 1
4994, 1
4995, 1
5001, 1
5004, 1
5005, 1
5006, 1
5007, 1
5009, 1
5018, 1
5019, 1
5020, 2
5021, 1
5027, 1
5030, 1
5031, 1
5033, 1
5034, 1
5039, 1
5043, 1
5044, 1
5045, 1
5046, 1
5048, 1
5056, 1
5057, 1
5059, 2
5061, 1
5066, 1
5069, 1
5070, 1
5072, 1
5073, 1
5078, 1
5082, 1
5083, 1
5084, 1
5085, 1
5087, 1
5096, 1
5097, 1
5098, 2
5100, 1
5105, 1
5108, 1
5109, 1
5111, 1
5112, 1
5117, 1
5121, 1
5123, 2
5124, 1
5126, 1
5135, 1
5136, 1
5137, 2
5139, 1
5144, 1
5147, 1
5148, 1
5149, 1
5151, 1
5156, 1
5160, 2
5161, 1
5163, 1
5164, 1
5173, 1
5175, 1
5176, 2
5178, 1
5183, 1
5186, 1
5187, 1
5188, 1
5190, 1
5195, 1
5199, 1
5200, 1
5201, 1
5202, 1
5203, 1
5213, 1
5214, 1
5215, 2
5217, 1
5222, 1
5224, 1
5225, 1
5227, 1
5229, 1
5234, 1
5237, 1
5239, 1
5240, 1
5241, 1
5242, 1
5252, 1
5253, 2
5254, 1
5256, 1
5261, 1
5264, 1
5265, 1
5266, 1
5268, 1
5273, 1
5277, 1
5278, 1
5279, 1
5280, 1
5281, 1
5291, 1
5292, 1
5293, 2
5295, 1
5300, 1
5303, 1
5304, 1
5305, 1
5307, 1
5312, 1
5315, 1
5317, 1
5318, 1
5319, 1
5320, 1
5330, 1
5331, 1
5332, 2
5334, 1
5339, 1
5341, 1
5342, 1
5344, 1
5346, 1
5351, 1
5354, 1
5356, 1
5357, 2
5359, 1
5368, 1
5370, 1
5371, 2
5373, 1
5378, 1
5381, 1
5382, 1
5383, 1
5384, 1
5385, 1
5390, 1
5392, 1
5394, 2
5395, 1
5396, 2
5398, 1
5400, 1
5401, 1
5402, 1
5403, 1
5404, 1
5405, 1
5408, 1
5409, 1
5410, 3
5411, 1
5412, 2
5413, 1
5417, 1
5419, 1
5420, 1
5421, 3
5422, 1
5423, 1
5424, 1
5428, 1
5429, 1
5430, 1
5431, 1
5432, 1
5433, 1
5434, 1
5435, 1
5436, 1
5437, 1
5439, 1
5441, 1
5442, 1
5444, 1
5447, 1
5448, 2
5449, 2
5450, 2
5452, 1
5453, 1
5456, 1
5458, 1
5459, 2
5460, 1
5461, 2
5462, 2
5467, 1
5468, 1
5469, 1
5470, 2
5471, 1
5472, 1
5473, 2
5475, 1
5478, 1
5479, 1
5481, 1
5483, 1
5485, 1
5487, 2
5488, 2
5489, 1
5490, 1
5491, 1
5492, 1
5495, 1
5497, 1
5498, 2
5499, 1
5500, 2
5501, 1
5502, 1
5506, 1
5507, 1
5508, 1
5509, 2
5510, 1
5511, 1
5512, 2
5513, 1
5517, 1
5519, 1
5520, 1
5522, 1
5525, 2
5526, 1
5527, 2
5528, 2
5529, 1
5531, 1
5534, 1
5536, 2
5537, 2
5539, 2
5540, 2
5545, 1
5546, 1
5547, 1
5548, 2
5549, 1
5550, 1
5551, 2
5552, 1
5556, 1
5558, 1
5559, 1
5561, 1
5563, 1
5564, 1
5565, 1
5566, 2
5567, 2
5568, 1
5570, 1
5573, 1
5575, 2
5576, 2
5578, 2
5579, 2
5584, 1
5585, 1
5586, 1
5587, 2
5588, 2
5590, 2
5591, 1
5595, 1
5597, 1
5598, 1
5600, 1
5602, 1
5603, 1
5604, 1
5605, 2
5606, 2
5607, 1
5609, 1
5611, 1
5613, 1
5614, 1
5615, 2
5617, 2
5618, 2
5623, 1
5624, 1
5625, 1
5626, 2
5627, 1
5628, 1
5629, 2
5630, 1
5634, 1
5636, 1
5637, 1
5639, 1
5641, 1
5642, 1
5643, 1
5644, 2
5645, 2
5646, 1
5648, 1
5650, 1
5653, 2
5654, 2
5655, 1
5656, 1
5657, 2
5662, 1
5663, 1
5664, 1
5665, 2
5666, 1
5667, 1
5668, 2
5669, 1
5673, 1
5674, 1
5676, 1
5677, 1
5680, 1
5681, 1
5682, 1
5683, 3
5684, 1
5685, 1
5687, 1
5689, 1
5691, 1
5692, 1
5693, 2
5694, 1
5695, 1
5696, 2
5701, 1
5702, 2
5704, 2
5705, 2
5707, 2
5708, 1
5712, 1
5713, 1
5714, 1
5716, 1
5719, 1
5720, 1
5721, 1
5722, 2
5723, 2
5724, 1
5726, 1
5728, 1
5730, 1
5731, 1
5732, 2
5733, 2
5735, 2
5740, 2
5741, 1
5743, 2
5744, 2
5746, 2
5747, 1
5751, 1
5752, 1
5754, 1
5755, 1
5758, 1
5759, 1
5760, 1
5761, 2
5762, 2
5763, 1
5765, 1
5768, 1
5769, 1
5770, 1
5771, 2
5772, 1
5773, 1
5774, 2
5779, 1
5780, 2
5782, 2
5783, 2
5784, 1
5785, 1
5786, 1
5790, 1
5791, 1
5793, 1
5794, 1
5797, 1
5798, 1
5799, 2
5800, 1
5801, 2
5802, 1
5804, 1
5806, 1
5808, 1
5809, 1
5810, 2
5811, 1
5812, 1
5813, 2
5818, 2
5819, 1
5821, 2
5822, 2
5823, 1
5824, 1
5825, 1
5829, 1
5830, 1
5832, 1
5833, 1
5836, 1
5837, 1
5838, 2
5839, 2
5840, 1
5841, 1
5843, 1
5845, 1
5847, 1
5848, 1
5849, 2
5850, 2
5852, 2
5856, 1
5857, 1
5858, 1
5859, 1
5860, 1
5861, 2
5862, 1
5863, 1
5864, 1
5867, 1
5869, 1
5871, 1
5872, 1
5875, 1
5876, 1
5877, 4
5879, 1
5880, 1
5882, 1
5884, 1
5886, 1
5887, 1
5888, 2
5889, 2
5891, 2
5895, 1
5896, 1
5897, 1
5899, 2
5900, 2
5901, 1
5902, 1
5903, 1
5907, 1
5908, 1
5909, 1
5911, 1
5914, 1
5915, 1
5916, 3
5918, 2
5919, 1
5920, 1
5923, 1
5925, 1
5926, 1
5927, 2
5928, 2
5930, 2
5935, 2
5936, 1
5937, 1
5938, 2
5939, 1
5940, 1
5941, 1
5942, 1
5946, 1
5947, 1
5948, 1
5950, 1
5953, 1
5954, 1
5955, 3
5957, 2
5958, 1
5959, 1
5962, 1
5964, 1
5965, 1
5966, 2
5967, 2
5969, 2
5973, 1
5974, 1
5975, 1
5976, 1
5977, 1
5978, 2
5979, 1
5980, 1
5981, 1
5984, 1
5986, 1
5987, 1
5989, 1
5992, 1
5993, 1
5994, 3
5995, 1
5996, 1
5997, 1
5998, 1
6001, 1
6003, 1
6004, 1
6005, 2
6006, 2
6007, 1
6008, 2
6012, 1
6013, 1
6014, 1
6015, 1
6016, 1
6017, 3
6018, 1
6020, 1
6022, 2
6023, 1
6025, 1
6026, 2
6027, 1
6028, 1
6029, 1
6032, 2
6033, 2
6034, 1
6035, 2
6037, 2
6040, 1
6042, 4
6044, 2
6045, 1
6046, 2
6047, 1
6051, 1
6052, 1
6053, 2
6054, 1
6056, 3
6059, 1
6060, 1
6062, 2
6064, 2
6065, 2
6067, 1
6071, 1
6072, 2
6073, 1
6074, 1
6075, 2
6076, 1
6077, 1
6081, 2
6082, 1
6083, 1
6084, 1
6085, 2
6086, 2
6090, 1
6092, 1
6093, 2
6094, 1
6096, 2
6097, 1
6098, 1
6101, 2
6103, 1
6104, 1
6106, 1
6107, 2
6110, 1
6111, 1
6112, 1
6114, 1
6115, 1
6117, 2
6120, 1
6121, 1
6122, 1
6123, 1
6125, 1
6128, 1
6129, 1
6131, 1
6132, 1
6134, 1
6140, 1
6141, 1
6143, 1
6145, 1
6149, 1
6150, 1
6151, 1
6152, 1
6155, 1
6156, 1
6159, 2
6160, 1
6161, 2
6163, 1
6165, 2
6167, 1
6168, 2
6169, 1
6170, 2
6171, 1
6172, 1
6173, 2
6174, 1
6175, 2
6177, 1
6180, 2
6182, 2
6183, 2
6184, 1
6185, 1
6191, 2
6193, 2
6195, 2
6210, 1
6220, 1
8130, 1
8142, 1
8152, 1
8166, 1
8169, 1
8179, 1
8181, 1
8191, 1
8192, 1
8205, 1
8208, 1
8212, 1
8215, 1
8218, 1
8220, 1
8225, 1
8228, 1
8230, 1
8232, 1
8237, 1
8238, 2
8244, 1
8245, 1
8249, 1
8251, 1
8252, 1
8254, 1
8255, 1
8257, 1
8261, 1
8263, 1
8267, 1
8269, 2
8276, 1
8278, 2
8283, 1
8286, 1
8288, 1
8289, 1
8290, 1
8293, 1
8296, 1
8297, 1
8299, 1
8302, 1
8305, 1
8308, 1
8310, 1
8314, 1
8316, 1
8317, 1
8322, 1
8325, 1
8327, 2
8329, 1
8332, 1
8335, 1
8337, 1
8338, 1
8341, 1
8344, 1
8347, 1
8349, 2
8355, 1
8356, 1
8361, 1
8364, 1
8365, 1
8367, 1
8368, 1
8371, 1
8374, 2
8377, 1
8381, 1
8383, 1
8386, 1
8387, 1
8392, 1
8394, 1
8395, 1
8400, 1
8402, 1
8404, 1
8406, 1
8407, 1
8410, 1
8413, 1
8415, 1
8416, 1
8419, 1
8422, 1
8425, 1
8427, 1
8431, 1
8433, 1
8434, 1
8439, 1
8442, 1
8443, 1
8445, 1
8446, 1
8449, 1
8451, 1
8454, 1
8455, 1
8458, 1
8461, 1
8462, 1
8464, 1
8470, 1
8472, 1
8473, 1
8478, 1
8481, 1
8482, 1
8484, 1
8485, 1
8486, 1
8490, 1
8493, 1
8494, 1
8497, 1
8500, 1
8503, 1
8504, 1
8509, 1
8511, 1
8512, 1
8516, 1
8520, 1
8521, 1
8523, 1
8524, 1
8527, 1
8528, 1
8531, 1
8533, 1
8536, 1
8538, 1
8542, 1
8543, 1
8548, 1
8550, 1
8551, 1
8555, 1
8558, 1
8560, 1
8562, 1
8563, 1
8566, 1
8569, 1
8571, 1
8572, 1
8575, 1
8578, 1
8581, 1
8582, 1
8587, 1
8589, 1
8590, 1
8594, 1
8597, 1
8599, 1
8600, 1
8602, 1
8605, 1
8608, 1
8609, 1
8611, 1
8614, 1
8617, 1
8620, 1
8621, 1
8626, 1
8628, 1
8629, 1
8633, 1
8636, 1
8638, 1
8640, 1
8641, 1
8644, 1
8647, 1
8648, 1
8650, 1
8653, 1
8656, 1
8659, 1
8660, 1
8665, 1
8667, 1
8668, 1
8672, 1
8675, 1
8677, 1
8679, 1
8680, 1
8683, 1
8685, 1
8687, 1
8689, 1
8692, 1
8695, 1
8696, 1
8699, 1
8704, 1
8706, 1
8707, 1
8711, 1
8714, 1
8716, 1
8718, 1
8719, 1
8722, 1
8725, 1
8726, 1
8728, 1
8729, 1
8733, 1
8736, 1
8738, 1
8743, 1
8745, 1
8746, 1
8750, 1
8753, 1
8755, 1
8757, 2
8761, 1
8764, 1
8765, 1
8767, 1
8770, 1
8773, 1
8774, 1
8776, 1
8782, 1
8783, 1
8785, 1
8789, 1
8792, 1
8794, 1
8796, 1
8797, 1
8800, 1
8802, 1
8804, 1
8806, 1
8809, 1
8812, 1
8815, 1
8816, 1
8821, 1
8823, 1
8824, 1
8828, 1
8831, 1
8833, 1
8835, 1
8836, 1
8839, 1
8841, 1
8843, 1
8845, 1
8848, 1
8849, 1
8853, 1
8855, 1
8860, 1
8861, 1
8862, 1
8867, 1
8869, 1
8872, 1
8874, 1
8875, 1
8878, 1
8880, 1
8882, 1
8884, 1
8887, 1
8890, 1
8892, 1
8894, 1
8899, 1
8901, 2
8906, 1
8909, 1
8911, 1
8913, 1
8914, 1
8917, 1
8919, 1
8921, 1
8923, 1
8926, 1
8929, 1
8931, 1
8933, 1
8938, 1
8940, 2
8945, 1
8948, 1
8950, 1
8952, 2
8956, 1
8958, 1
8960, 1
8961, 1
8965, 1
8968, 1
8970, 1
8972, 1
8973, 1
8978, 1
8979, 1
8984, 1
8987, 1
8989, 1
8991, 2
8994, 1
8997, 1
8999, 1
9001, 1
9004, 1
9006, 1
9009, 1
9011, 1
9016, 1
9017, 1
9018, 1
9023, 1
9026, 1
9027, 1
9029, 1
9030, 1
9033, 1
9036, 1
9038, 1
9040, 1
9042, 1
9045, 1
9048, 1
9050, 1
9054, 1
9056, 1
9057, 1
9061, 1
9065, 1
9067, 1
9068, 1
9069, 1
9072, 1
9075, 1
9077, 1
9078, 1
9082, 1
9084, 1
9085, 1
9087, 1
9094, 1
9095, 1
9096, 1
9101, 1
9104, 1
9105, 1
9107, 1
9108, 1
9111, 1
9114, 1
9116, 1
9117, 1
9121, 1
9123, 1
9126, 1
9128, 1
9133, 1
9134, 1
9135, 1
9140, 1
9142, 1
9144, 1
9146, 1
9147, 1
9150, 1
9153, 1
9155, 1
9156, 1
9159, 1
9161, 1
9165, 1
9167, 1
9171, 1
9173, 1
9174, 1
9177, 1
9180, 1
9183, 1
9185, 1
9186, 1
9189, 1
9192, 1
9194, 1
9195, 1
9198, 1
9201, 1
9203, 1
9206, 1
9210, 1
9212, 1
9213, 1
9218, 1
9221, 1
9222, 1
9224, 1
9225, 1
9228, 1
9231, 1
9233, 1
9234, 1
9237, 1
9240, 1
9242, 1
9245, 1
9249, 1
9251, 1
9252, 1
9256, 1
9259, 1
9261, 1
9263, 1
9264, 1
9267, 1
9270, 1
9272, 1
9273, 1
9276, 1
9279, 1
9282, 1
9284, 1
9288, 1
9290, 1
9291, 1
9295, 1
9298, 1
9300, 1
9302, 1
9303, 1
9306, 1
9309, 1
9310, 1
9312, 1
9315, 1
9318, 1
9320, 1
9322, 1
9327, 1
9329, 1
9330, 1
9334, 1
9337, 1
9339, 2
9341, 1
9342, 1
9348, 1
9349, 1
9351, 1
9354, 1
9357, 1
9360, 1
9361, 1
9363, 1
9368, 1
9369, 1
9373, 1
9376, 1
9378, 1
9380, 1
9381, 1
9384, 1
9387, 1
9388, 1
9390, 1
9393, 1
9396, 1
9398, 1
9400, 1
9405, 1
9406, 1
9408, 1
9412, 1
9415, 1
9417, 1
9419, 1
9420, 1
9423, 1
9426, 1
9427, 1
9429, 1
9432, 1
9435, 1
9438, 1
9439, 1
9444, 1
9445, 1
9447, 1
9451, 1
9454, 1
9456, 1
9458, 1
9459, 1
9462, 1
9465, 1
9466, 1
9468, 1
9471, 1
9473, 1
9477, 1
9478, 1
9483, 1
9484, 1
9486, 1
9490, 1
9493, 1
9495, 1
9497, 1
9498, 1
9501, 1
9504, 1
9505, 1
9507, 1
9510, 1
9513, 1
9516, 1
9517, 1
9522, 1
9523, 1
9525, 1
9529, 1
9532, 1
9534, 1
9536, 1
9537, 1
9540, 1
9543, 1
9544, 1
9546, 1
9549, 1
9552, 1
9555, 1
9556, 1
9561, 1
9562, 1
9564, 1
9568, 1
9571, 1
9573, 1
9574, 1
9576, 1
9579, 1
9581, 1
9583, 1
9585, 1
9588, 1
9591, 1
9593, 1
9595, 1
9600, 1
9601, 1
9603, 1
9607, 1
9610, 1
9612, 1
9614, 1
9615, 1
9618, 1
9620, 1
9622, 1
9624, 1
9627, 1
9630, 1
9632, 1
9634, 1
9636, 1
9639, 1
9642, 1
9646, 1
9649, 1
9651, 1
9653, 2
9657, 1
9659, 1
9661, 1
9663, 1
9664, 1
9669, 1
9671, 1
9673, 1
9675, 1
9678, 1
9681, 1
9685, 1
9688, 1
9690, 1
9692, 1
9693, 1
9695, 1
9698, 1
9700, 1
9702, 1
9705, 1
9708, 1
9710, 1
9712, 1
9714, 1
9717, 1
9720, 1
9724, 1
9727, 1
9729, 1
9731, 2
9734, 1
9737, 1
9739, 1
9741, 1
9744, 1
9746, 1
9749, 1
9751, 1
9752, 1
9755, 1
9758, 1
9763, 1
9764, 1
9768, 1
9770, 2
9773, 1
9776, 1
9778, 1
9780, 1
9782, 1
9785, 1
9788, 1
9790, 1
9791, 1
9795, 1
9797, 1
9802, 1
9805, 1
9807, 1
9809, 2
9812, 1
9815, 1
9817, 1
9819, 1
9820, 1
9824, 1
9827, 1
9829, 1
9831, 1
9833, 1
9836, 1
9841, 1
9844, 1
9846, 1
9848, 2
9851, 1
9854, 1
9856, 1
9857, 1
9860, 1
9863, 1
9866, 1
9867, 1
9869, 1
9872, 1
9875, 1
9879, 1
9883, 1
9884, 1
9886, 1
9887, 1
9890, 1
9893, 1
9895, 1
9897, 1
9899, 1
9902, 1
9905, 1
9907, 1
9908, 1
9911, 1
9914, 1
9917, 1
9919, 1
9922, 1
9923, 1
9925, 1
9926, 1
9932, 1
9934, 1
9935, 1
9939, 1
9941, 1
9944, 1
9946, 1
9947, 1
9950, 1
9953, 1
9956, 1
9958, 1
9961, 1
9962, 1
9964, 1
9965, 1
9971, 1
9973, 1
9974, 1
9978, 1
9980, 1
9983, 1
9985, 1
9986, 1
9989, 1
9992, 1
9995, 1
9997, 1
10000, 1
10001, 1
10003, 1
10004, 1
10009, 1
10010, 1
10013, 1
10016, 1
10019, 1
10022, 1
10024, 1
10025, 1
10028, 1
10031, 1
10034, 1
10035, 1
10038, 1
10040, 1
10042, 1
10043, 1
10049, 1
10050, 1
10052, 1
10055, 1
10058, 1
10061, 1
10062, 1
10064, 1
10067, 1
10070, 1
10073, 1
10074, 1
10077, 1
10079, 1
10081, 1
10082, 1
10086, 1
10088, 1
10089, 1
10091, 1
10094, 1
10097, 1
10100, 1
10101, 1
10103, 1
10106, 1
10109, 1
10112, 1
10113, 1
10117, 1
10120, 1
10121, 1
10125, 1
10130, 1
10133, 1
10136, 1
10139, 1
10142, 1
10145, 1
10148, 1
10151, 1
10157, 1
10159, 1
10160, 1
10169, 1
10172, 1
10175, 1
10181, 1
10184, 1
10187, 1
10196, 1
10198, 1
10199, 1
10208, 1
10220, 1
10412, 1
10421, 2
10430, 1
10431, 2
10438, 1
10441, 4
10450, 2
10451, 2
10460, 4
10470, 4
10479, 2
10480, 2
10489, 3
10490, 1
10499, 4
10509, 4
10518, 3
10519, 1
10528, 2
10529, 2
10538, 4
10548, 4
10557, 2
10558, 2
10567, 2
10568, 2
10577, 4
10585, 1
10587, 3
10596, 3
10597, 1
10606, 3
10607, 1
10616, 4
10625, 1
10626, 3
10635, 4
10645, 2
10646, 2
10655, 4
10664, 1
10665, 3
10674, 4
10684, 4
10694, 4
10704, 4
10713, 4
10723, 3
10724, 1
10733, 4
10742, 1
10743, 3
10752, 4
10762, 4
10772, 4
10781, 2
10782, 2
10791, 4
10800, 1
10801, 3
10809, 1
10811, 3
10820, 2
10821, 2
10830, 4
10839, 1
10840, 3
10849, 3
10850, 1
10859, 2
10860, 2
10869, 4
10879, 4
10889, 4
10898, 2
10899, 2
10908, 4
10918, 4
10927, 1
10928, 3
10937, 4
10947, 4
10957, 4
10966, 2
10967, 2
10976, 4
10986, 4
10996, 4
11005, 1
11006, 3
11015, 4
11025, 4
11034, 1
11035, 3
11044, 3
11045, 1
11054, 4
11064, 4
11074, 4
11083, 2
11084, 2
11093, 4
11103, 4
11112, 2
11113, 2
11122, 3
11123, 1
11130, 1
11132, 3
11139, 1
11142, 3
11151, 3
11152, 1
11161, 3
11162, 1
11171, 4
11180, 1
11181, 3
11190, 4
11200, 4
11210, 4
11219, 1
11220, 3
11229, 3
11230, 1
11239, 4
11249, 4
11258, 1
11259, 3
11268, 3
11269, 1
11278, 4
11288, 4
11297, 2
11298, 2
11307, 4
11317, 4
11327, 4
11336, 3
11337, 1
11345, 1
11346, 3
11356, 4
11363, 1
11364, 1
11366, 2
11374, 1
11375, 2
11376, 1
11383, 1
11385, 3
11394, 1
11395, 3
11404, 1
11405, 3
11414, 3
11424, 2
11434, 2
12116, 1
12119, 1
12133, 1
12135, 1
12146, 1
12150, 1
12155, 1
12158, 1
12165, 1
12172, 1
12173, 1
12174, 1
12185, 1
12187, 1
12189, 1
12193, 1
12194, 1
12197, 1
12203, 1
12208, 1
12211, 1
12212, 2
12217, 1
12221, 1
12224, 1
12226, 1
12228, 1
12232, 2
12236, 1
12242, 2
12245, 1
12246, 1
12251, 2
12255, 1
12256, 1
12260, 1
12263, 1
12265, 1
12267, 1
12270, 1
12271, 2
12275, 1
12281, 2
12284, 1
12285, 1
12290, 2
12295, 2
12299, 1
12301, 1
12304, 1
12306, 1
12309, 1
12310, 2
12314, 1
12320, 2
12323, 1
12324, 1
12329, 2
12333, 1
12334, 1
12338, 1
12341, 1
12342, 1
12345, 1
12348, 2
12349, 1
12353, 1
12359, 2
12362, 1
12363, 1
12368, 2
12372, 1
12373, 1
12377, 1
12380, 1
12381, 1
12384, 1
12387, 2
12388, 1
12392, 1
12397, 1
12398, 1
12401, 1
12402, 1
12407, 2
12411, 1
12412, 1
12416, 1
12419, 1
12420, 1
12422, 1
12426, 2
12427, 1
12431, 1
12436, 1
12437, 1
12440, 1
12441, 1
12445, 1
12446, 1
12450, 1
12451, 1
12455, 1
12457, 1
12459, 1
12462, 1
12464, 1
12465, 1
12466, 1
12470, 1
12475, 1
12476, 1
12478, 1
12480, 1
12485, 2
12489, 1
12490, 1
12494, 1
12496, 1
12498, 1
12500, 1
12503, 1
12504, 1
12505, 1
12509, 1
12514, 1
12515, 1
12518, 1
12519, 1
12523, 1
12524, 1
12528, 2
12533, 1
12535, 1
12537, 1
12539, 1
12542, 1
12543, 1
12544, 1
12548, 1
12553, 2
12556, 1
12558, 1
12562, 1
12563, 1
12567, 1
12568, 1
12572, 1
12574, 1
12576, 1
12578, 1
12581, 1
12582, 1
12583, 1
12587, 1
12592, 1
12593, 1
12595, 1
12597, 1
12601, 2
12606, 1
12607, 1
12610, 1
12613, 1
12615, 1
12617, 1
12620, 1
12621, 1
12622, 1
12626, 1
12631, 1
12632, 1
12634, 1
12636, 1
12640, 2
12645, 2
12649, 1
12652, 1
12654, 1
12656, 1
12659, 1
12660, 1
12661, 1
12665, 1
12670, 2
12673, 1
12675, 1
12679, 2
12684, 2
12688, 1
12691, 1
12693, 1
12695, 1
12698, 1
12699, 1
12700, 1
12703, 1
12709, 2
12712, 1
12713, 1
12718, 2
12723, 2
12727, 1
12730, 1
12732, 1
12734, 1
12737, 1
12738, 1
12739, 1
12742, 1
12748, 2
12751, 1
12752, 1
12757, 2
12761, 1
12762, 1
12766, 1
12769, 1
12771, 1
12773, 1
12776, 1
12777, 1
12778, 1
12781, 1
12787, 2
12790, 1
12791, 1
12794, 1
12796, 1
12800, 1
12801, 1
12805, 1
12808, 1
12810, 1
12811, 1
12815, 1
12816, 1
12817, 1
12820, 1
12825, 1
12826, 1
12829, 1
12830, 1
12833, 1
12835, 1
12839, 1
12840, 1
12844, 1
12847, 1
12848, 1
12850, 1
12854, 2
12856, 1
12859, 1
12864, 1
12865, 1
12868, 1
12869, 1
12872, 1
12874, 1
12878, 1
12879, 1
12883, 1
12886, 1
12888, 1
12889, 1
12893, 2
12895, 1
12898, 1
12903, 1
12904, 1
12907, 1
12908, 1
12911, 1
12913, 1
12917, 1
12918, 1
12922, 1
12925, 1
12926, 1
12928, 1
12931, 1
12932, 1
12934, 1
12937, 1
12942, 1
12943, 1
12946, 1
12947, 1
12950, 1
12951, 1
12956, 1
12957, 1
12961, 1
12963, 1
12965, 1
12967, 1
12970, 1
12971, 1
12972, 1
12976, 1
12981, 1
12982, 1
12985, 1
12986, 1
12989, 1
12990, 1
12995, 1
12996, 1
13000, 1
13003, 1
13004, 1
13006, 1
13009, 1
13010, 1
13011, 1
13015, 1
13020, 2
13024, 1
13025, 1
13028, 1
13029, 1
13034, 1
13035, 1
13038, 1
13041, 1
13043, 1
13045, 1
13048, 1
13049, 1
13050, 1
13054, 1
13059, 2
13062, 1
13064, 1
13066, 1
13068, 1
13073, 2
13077, 1
13081, 1
13082, 1
13083, 1
13087, 1
13088, 1
13089, 1
13093, 1
13098, 2
13102, 2
13105, 1
13107, 1
13112, 2
13116, 1
13119, 1
13121, 1
13122, 1
13126, 1
13127, 1
13128, 1
13132, 1
13137, 2
13141, 2
13144, 1
13146, 1
13150, 1
13151, 1
13155, 1
13158, 1
13160, 1
13161, 1
13165, 1
13166, 1
13167, 1
13171, 1
13176, 2
13179, 1
13181, 1
13183, 1
13185, 1
13190, 2
13194, 1
13197, 1
13199, 1
13200, 1
13204, 1
13205, 1
13206, 1
13210, 1
13215, 2
13218, 1
13219, 1
13222, 1
13224, 1
13228, 1
13229, 1
13233, 1
13236, 1
13238, 1
13239, 1
13243, 2
13245, 1
13249, 1
13253, 1
13254, 1
13257, 1
13258, 1
13261, 1
13263, 1
13267, 1
13268, 1
13272, 1
13275, 1
13277, 1
13278, 1
13282, 2
13284, 1
13288, 1
13292, 1
13293, 1
13296, 1
13297, 1
13300, 1
13302, 1
13306, 1
13307, 1
13311, 1
13314, 1
13315, 1
13316, 1
13320, 1
13321, 2
13323, 1
13327, 1
13331, 1
13332, 1
13335, 1
13336, 1
13339, 1
13341, 1
13345, 1
13350, 1
13353, 1
13354, 1
13356, 1
13359, 1
13360, 2
13362, 1
13365, 1
13370, 1
13371, 1
13374, 1
13375, 1
13378, 1
13379, 1
13384, 1
13389, 1
13392, 1
13393, 1
13395, 1
13398, 2
13399, 1
13401, 1
13404, 1
13409, 1
13410, 1
13413, 1
13414, 1
13417, 1
13418, 1
13423, 1
13428, 1
13431, 1
13432, 1
13434, 1
13437, 2
13438, 2
13443, 1
13448, 2
13452, 2
13456, 1
13457, 1
13462, 1
13466, 1
13470, 1
13471, 1
13472, 1
13475, 1
13476, 1
13477, 1
13479, 1
13480, 1
13482, 1
13487, 1
13491, 1
13492, 1
13495, 1
13496, 1
13501, 1
13505, 1
13509, 1
13510, 1
13511, 1
13515, 2
13516, 1
13518, 1
13519, 1
13521, 1
13526, 1
13530, 2
13534, 1
13535, 1
13540, 2
13548, 1
13549, 1
13550, 1
13553, 1
13554, 1
13555, 1
13557, 1
13558, 1
13560, 1
13565, 1
13569, 2
13572, 1
13574, 1
13578, 1
13583, 1
13587, 1
13588, 1
13589, 1
13592, 1
13593, 1
13594, 1
13595, 1
13597, 1
13599, 1
13601, 1
13604, 1
13608, 1
13611, 1
13613, 1
13618, 1
13622, 1
13626, 1
13627, 1
13628, 1
13631, 1
13632, 2
13635, 1
13636, 1
13638, 1
13640, 1
13643, 1
13647, 1
13650, 1
13652, 1
13656, 1
13661, 1
13664, 1
13666, 1
13667, 2
13670, 1
13671, 2
13675, 1
13677, 1
13679, 1
13682, 1
13686, 1
13689, 1
13691, 1
13695, 1
13700, 1
13702, 2
13703, 1
13705, 1
13708, 1
13709, 1
13710, 3
13714, 1
13715, 1
13718, 2
13720, 1
13726, 2
13730, 1
13732, 1
13734, 1
13737, 1
13739, 1
13740, 1
13744, 1
13745, 1
13748, 1
13749, 2
13753, 1
13756, 1
13763, 1
13766, 1
13768, 1
13769, 1
13770, 1
13773, 1
13776, 1
13780, 1
13781, 1
13782, 1
13783, 1
13787, 1
13788, 2
13789, 1
13791, 1
13794, 1
13795, 1
13799, 1
13803, 1
13805, 1
13811, 1
13812, 1
13814, 1
13818, 1
13822, 1
13825, 2
13826, 1
13827, 1
13829, 2
13834, 1
13838, 1
13845, 1
13846, 1
13848, 1
13853, 1
13855, 1
13858, 1
13860, 2
13861, 1
13863, 1
13866, 1
13868, 2
13870, 1
13875, 1
13880, 1
13885, 1
13887, 1
13890, 1
13892, 1
13893, 1
13898, 1
13899, 2
13904, 1
13905, 2
13906, 1
13913, 2
13915, 2
13920, 1
13926, 2
13927, 1
13933, 1
13935, 1
13938, 1
13940, 1
13941, 1
13950, 1
13951, 1
13952, 1
13953, 1
13958, 1
13959, 2
13960, 1
13961, 1
13966, 1
13968, 1
13969, 1
13970, 1
13972, 1
13982, 1
13983, 1
13985, 1
13988, 1
13991, 1
13993, 2
13998, 2
13999, 1
14002, 2
14004, 1
14006, 1
14008, 1
14016, 1
14018, 1
14020, 1
14023, 1
14024, 2
14026, 1
14032, 2
14036, 1
14040, 1
14049, 1
14050, 2
14054, 1
14056, 1
14059, 2
14060, 1
14063, 2
14066, 1
14071, 1
14075, 1
14076, 1
14079, 1
14082, 1
14083, 1
14085, 1
14091, 1
14092, 1
14093, 1
14094, 1
14095, 1
14096, 1
14104, 1
14105, 1
14109, 1
14113, 1
14122, 1
14128, 3
14133, 1
14142, 1
14146, 1
14152, 1
14162, 1
14165, 1
14167, 1
14176, 1
14181, 1
14201, 1
14216, 1
15464, 1
15471, 1
15482, 1
15492, 1
15503, 1
15510, 1
15516, 1
15520, 1
15521, 1
15527, 1
15530, 1
15531, 1
15534, 1
15536, 1
15538, 2
15541, 1
15542, 1
15544, 1
15548, 1
15549, 1
15552, 1
15555, 2
15556, 1
15560, 1
15562, 1
15566, 1
15569, 1
15570, 1
15571, 1
15576, 1
15580, 1
15581, 1
15583, 1
15587, 1
15588, 1
15591, 1
15594, 2
15598, 1
15599, 1
15601, 1
15605, 1
15608, 1
15609, 1
15611, 1
15616, 1
15619, 1
15620, 1
15622, 1
15626, 1
15627, 1
15629, 1
15633, 2
15637, 2
15640, 1
15644, 1
15647, 1
15648, 1
15650, 1
15654, 1
15658, 1
15659, 1
15661, 1
15665, 1
15666, 1
15668, 1
15672, 2
15676, 2
15679, 1
15683, 1
15686, 1
15687, 1
15689, 1
15693, 1
15697, 1
15698, 1
15700, 1
15704, 1
15705, 1
15707, 1
15710, 1
15711, 1
15714, 1
15715, 1
15718, 1
15722, 1
15725, 1
15726, 1
15728, 1
15732, 1
15736, 2
15739, 1
15741, 1
15744, 1
15746, 1
15749, 1
15750, 1
15753, 1
15754, 2
15761, 1
15764, 1
15765, 1
15767, 1
15771, 1
15775, 2
15778, 1
15782, 2
15785, 1
15788, 1
15789, 1
15792, 2
15796, 1
15800, 1
15803, 1
15804, 1
15806, 1
15810, 1
15814, 2
15817, 1
15821, 2
15824, 1
15827, 1
15828, 1
15831, 1
15832, 1
15835, 1
15838, 1
15842, 1
15843, 1
15845, 1
15849, 1
15853, 2
15856, 1
15859, 1
15860, 1
15863, 1
15866, 1
15867, 1
15870, 1
15871, 1
15873, 1
15877, 1
15881, 1
15882, 1
15884, 1
15887, 1
15891, 1
15892, 1
15894, 1
15898, 1
15899, 1
15902, 1
15905, 1
15906, 1
15909, 1
15910, 1
15912, 1
15916, 1
15920, 1
15921, 1
15923, 1
15927, 1
15930, 1
15931, 1
15933, 1
15937, 2
15941, 1
15944, 1
15945, 1
15948, 1
15949, 1
15951, 1
15955, 1
15958, 2
15962, 1
15966, 1
15969, 1
15970, 1
15972, 1
15976, 1
15977, 1
15980, 1
15983, 2
15987, 1
15988, 1
15990, 1
15992, 1
15997, 2
16001, 1
16005, 1
16008, 1
16009, 1
16011, 1
16015, 1
16016, 1
16019, 1
16022, 2
16026, 1
16027, 1
16029, 1
16033, 1
16036, 1
16037, 1
16040, 1
16043, 1
16047, 1
16048, 1
16050, 1
16052, 1
16055, 1
16058, 1
16061, 2
16065, 1
16066, 1
16068, 1
16072, 1
16075, 1
16076, 1
16079, 1
16083, 1
16086, 1
16087, 1
16089, 1
16093, 1
16094, 1
16096, 1
16097, 1
16100, 2
16104, 2
16107, 1
16111, 1
16114, 1
16115, 1
16117, 1
16121, 1
16125, 1
16126, 1
16128, 1
16132, 1
16133, 1
16135, 1
16136, 1
16139, 1
16143, 2
16146, 1
16150, 1
16153, 1
16154, 1
16156, 1
16160, 1
16164, 2
16167, 1
16171, 3
16172, 1
16174, 1
16175, 1
16178, 1
16181, 1
16182, 1
16185, 2
16189, 2
16192, 1
16193, 1
16195, 1
16199, 2
16201, 1
16203, 1
16204, 1
16206, 1
16210, 5
16213, 1
16214, 1
16215, 1
16216, 1
16220, 1
16221, 1
16223, 1
16224, 1
16226, 1
16227, 2
16231, 1
16232, 1
16234, 1
16237, 1
16238, 1
16240, 1
16242, 2
16245, 1
16248, 1
16249, 3
16251, 1
16252, 1
16253, 1
16254, 1
16255, 1
16259, 1
16260, 1
16262, 1
16263, 1
16265, 1
16266, 2
16270, 2
16271, 1
16273, 1
16276, 1
16277, 1
16279, 1
16281, 2
16283, 1
16285, 1
16287, 1
16288, 3
16289, 1
16290, 1
16291, 1
16292, 1
16293, 1
16294, 1
16297, 1
16298, 1
16299, 2
16301, 1
16304, 2
16305, 2
16307, 1
16309, 2
16312, 1
16315, 1
16316, 1
16318, 1
16319, 1
16320, 1
16322, 1
16325, 1
16326, 2
16327, 2
16329, 2
16330, 2
16331, 1
16333, 1
16337, 1
16338, 2
16340, 1
16341, 1
16343, 2
16344, 2
16347, 2
16349, 1
16351, 1
16354, 1
16355, 2
16357, 1
16358, 1
16359, 1
16361, 1
16363, 1
16365, 1
16366, 3
16368, 3
16369, 1
16370, 1
16371, 1
16372, 1
16376, 1
16377, 2
16379, 2
16382, 2
16383, 2
16386, 1
16387, 2
16390, 1
16393, 2
16394, 1
16396, 1
16397, 1
16398, 1
16400, 1
16402, 1
16404, 2
16405, 2
16407, 3
16408, 1
16409, 1
16410, 1
16411, 1
16415, 1
16416, 2
16418, 2
16420, 1
16421, 1
16422, 2
16425, 2
16426, 1
16429, 1
16432, 2
16433, 1
16435, 1
16436, 1
16437, 1
16439, 1
16441, 1
16443, 2
16444, 2
16446, 3
16447, 2
16449, 1
16450, 1
16454, 2
16455, 1
16457, 2
16460, 2
16461, 2
16464, 2
16468, 1
16471, 2
16472, 1
16474, 1
16475, 1
16478, 1
16480, 1
16482, 2
16483, 1
16485, 3
16486, 1
16487, 1
16489, 1
16493, 1
16494, 1
16496, 2
16498, 2
16500, 2
16503, 2
16507, 1
16510, 2
16511, 1
16512, 1
16514, 1
16517, 1
16519, 1
16521, 2
16523, 1
16524, 2
16525, 1
16527, 1
16528, 1
16533, 1
16535, 1
16537, 1
16538, 2
16542, 1
16549, 2
16552, 1
16558, 1
16560, 2
16562, 1
16563, 2
16565, 1
16572, 1
16574, 1
16576, 1
16577, 2
16581, 1
16587, 1
16588, 1
16590, 1
16597, 1
16598, 1
16599, 1
16601, 2
16602, 1
16604, 1
16611, 2
16615, 2
16616, 1
16620, 1
16626, 1
16627, 1
16629, 1
16635, 1
16637, 1
16638, 1
16640, 2
16641, 1
16643, 1
16650, 1
16651, 1
16654, 2
16655, 1
16659, 1
16665, 1
16666, 1
16668, 1
16675, 1
16677, 2
16679, 2
16680, 1
16682, 1
16688, 1
16690, 1
16691, 1
16693, 2
16694, 1
16704, 2
16707, 1
16714, 1
16715, 1
16716, 1
16718, 3
16721, 1
16728, 1
16729, 1
16730, 1
16732, 2
16737, 1
16743, 1
16744, 1
16746, 1
16752, 1
16754, 1
16755, 1
16757, 3
16760, 1
16766, 1
16768, 1
16769, 1
16771, 2
16775, 1
16778, 1
16782, 1
16785, 1
16791, 1
16793, 1
16794, 1
16796, 3
16799, 1
16805, 1
16806, 1
16807, 1
16810, 2
16814, 1
16821, 2
16824, 1
16830, 1
16832, 1
16833, 1
16835, 3
16838, 1
16844, 1
16846, 2
16849, 2
16853, 1
16860, 2
16863, 1
16868, 1
16871, 1
16872, 1
16874, 3
16876, 1
16883, 2
16885, 1
16887, 1
16888, 1
16892, 1
16899, 2
16902, 1
16908, 1
16910, 2
16913, 4
16922, 1
16924, 2
16927, 2
16931, 1
16938, 2
16941, 1
16947, 1
16949, 2
16950, 1
16951, 1
16952, 1
16954, 1
16959, 1
16963, 2
16965, 1
16966, 1
16970, 1
16977, 2
16980, 1
16986, 1
16988, 2
16990, 2
16991, 1
16993, 1
17000, 1
17002, 2
17004, 1
17005, 1
17009, 1
17015, 1
17016, 1
17019, 1
17025, 1
17027, 2
17029, 1
17030, 2
17032, 1
17039, 1
17040, 1
17041, 1
17043, 2
17048, 1
17054, 1
17055, 1
17057, 1
17064, 1
17065, 1
17066, 1
17068, 1
17069, 2
17071, 1
17078, 1
17079, 1
17080, 1
17082, 2
17087, 1
17093, 1
17094, 1
17095, 1
17103, 1
17105, 2
17107, 2
17108, 1
17110, 1
17117, 1
17118, 1
17119, 1
17121, 2
17126, 1
17132, 1
17133, 1
17134, 1
17140, 1
17142, 1
17144, 1
17146, 2
17147, 1
17149, 1
17156, 1
17157, 1
17158, 1
17160, 2
17164, 1
17171, 1
17172, 2
17175, 1
17179, 1
17183, 1
17185, 3
17188, 1
17194, 1
17196, 1
17197, 1
17199, 2
17203, 1
17209, 1
17211, 1
17212, 1
17214, 1
17217, 1
17222, 1
17223, 1
17224, 2
17227, 1
17233, 1
17235, 1
17236, 1
17238, 2
17243, 1
17249, 1
17250, 1
17252, 1
17253, 1
17256, 1
17259, 1
17263, 3
17266, 1
17268, 1
17272, 1
17274, 2
17277, 2
17278, 1
17281, 1
17282, 1
17288, 2
17291, 1
17292, 2
17293, 1
17295, 1
17299, 1
17301, 2
17302, 2
17305, 1
17309, 1
17311, 2
17315, 1
17316, 1
17318, 2
17320, 1
17322, 1
17323, 1
17325, 2
17327, 2
17330, 1
17332, 2
17334, 1
17335, 1
17337, 1
17339, 1
17341, 3
17345, 1
17350, 1
17351, 1
17352, 1
17355, 1
17356, 1
17358, 1
17359, 1
17360, 1
17363, 1
17364, 1
17365, 1
17366, 1
17370, 2
17372, 2
17373, 1
17374, 1
17378, 1
17379, 1
17380, 1
17381, 1
17384, 1
17385, 2
17390, 2
17391, 1
17392, 1
17393, 1
17397, 1
17400, 1
17401, 1
17403, 1
17404, 1
17405, 1
17406, 1
17409, 2
17410, 3
17411, 1
17414, 1
17416, 2
17417, 2
17418, 1
17419, 1
17421, 1
17423, 1
17424, 2
17425, 1
17426, 1
17427, 1
17430, 2
17431, 1
17432, 1
17437, 1
17440, 1
17441, 1
17443, 1
17444, 3
17446, 1
17450, 1
17451, 3
17452, 1
17453, 1
17458, 3
17459, 1
17460, 3
17461, 1
17463, 1
17464, 1
17466, 1
17467, 1
17471, 1
17472, 1
17473, 1
17474, 2
17479, 1
17480, 1
17482, 1
17483, 1
17484, 1
17486, 1
17488, 1
17491, 2
17492, 1
17493, 1
17494, 2
17497, 1
17500, 2
17504, 2
17505, 1
17506, 1
17508, 1
17511, 2
17512, 1
17513, 2
17514, 1
17515, 1
17517, 1
17518, 1
17519, 1
17520, 1
17521, 1
17522, 1
17524, 1
17525, 2
17527, 1
17528, 1
17530, 1
17531, 3
17532, 1
17535, 2
17536, 1
17537, 2
17538, 1
17539, 1
17544, 1
17545, 2
17547, 1
17549, 1
17551, 1
17552, 2
17553, 1
17556, 1
17557, 1
17558, 3
17559, 1
17560, 1
17562, 1
17564, 2
17565, 1
17566, 1
17571, 2
17574, 2
17575, 1
17576, 1
17578, 2
17580, 1
17581, 1
17582, 1
17583, 1
17585, 1
17586, 1
17587, 1
17588, 1
17590, 1
17591, 1
17594, 1
17595, 1
17597, 1
17599, 2
17600, 1
17601, 1
17602, 2
17604, 1
17605, 1
17606, 2
17607, 1
17609, 1
17610, 1
17611, 1
17612, 1
17614, 1
17616, 1
17617, 1
17618, 1
17619, 2
17622, 1
17625, 2
17628, 1
17630, 1
17631, 1
17632, 2
17635, 1
17637, 2
17638, 1
17640, 1
17642, 2
17643, 1
17644, 1
17647, 1
17650, 2
17651, 1
17655, 1
17656, 2
17657, 2
17658, 1
17660, 1
17662, 2
17664, 2
17665, 2
17669, 1
17671, 2
17672, 1
17673, 1
17676, 1
17678, 2
17679, 1
17680, 1
17681, 1
17683, 1
17685, 1
17686, 2
17689, 1
17692, 1
17693, 1
17695, 1
17698, 1
17699, 1
17700, 2
17706, 1
17707, 1
17708, 1
17712, 1
17713, 1
17715, 2
17716, 1
17719, 1
17722, 2
17723, 1
17724, 1
17728, 1
17729, 1
17732, 1
17735, 2
17742, 1
17745, 1
17748, 1
17749, 2
17751, 1
17754, 1
17761, 1
17773, 1
17774, 1
17781, 2
17789, 1
17790, 1
17795, 1
17797, 1
17803, 1
17810, 1
17811, 1
17819, 1
17832, 1
17839, 2
17849, 1
17853, 1
17882, 1
17883, 1
17890, 1
17959, 1
17965, 1
18063, 1
18070, 1
18078, 1
18092, 1
18096, 1
18103, 1
18109, 1
18117, 1
18119, 1
18128, 1
18130, 1
18131, 1
18133, 1
18144, 1
18147, 1
18148, 1
18150, 1
18158, 1
18161, 1
18172, 1
18175, 1
18186, 1
18194, 1
18206, 1
18220, 1
18229, 1
18237, 1
18245, 1
18249, 1
18259, 1
18263, 1
18314, 1
20130, 1
20143, 1
20148, 1
20155, 1
20158, 1
20168, 1
20169, 1
20170, 1
20177, 1
20180, 1
20181, 1
20182, 1
20187, 1
20189, 1
20192, 1
20194, 1
20197, 1
20204, 1
20207, 1
20208, 1
20209, 2
20216, 1
20219, 1
20220, 2
20221, 1
20226, 1
20228, 1
20231, 1
20233, 2
20236, 1
20243, 1
20245, 1
20247, 1
20248, 2
20255, 1
20258, 1
20259, 1
20260, 2
20265, 1
20267, 1
20270, 1
20272, 2
20275, 1
20282, 1
20284, 1
20286, 2
20287, 1
20294, 1
20297, 1
20298, 2
20299, 1
20304, 1
20306, 1
20309, 1
20311, 2
20314, 1
20321, 1
20323, 1
20325, 2
20326, 1
20333, 1
20336, 1
20337, 1
20338, 2
20343, 1
20345, 1
20348, 1
20350, 2
20353, 1
20360, 1
20362, 1
20364, 2
20365, 1
20372, 1
20375, 1
20376, 1
20377, 2
20382, 1
20384, 1
20387, 1
20389, 2
20391, 1
20399, 1
20401, 1
20403, 2
20404, 1
20411, 1
20413, 1
20415, 2
20416, 1
20421, 1
20423, 1
20425, 1
20428, 2
20430, 1
20437, 1
20440, 1
20442, 2
20443, 1
20450, 1
20452, 1
20454, 2
20455, 1
20460, 1
20462, 1
20465, 1
20466, 1
20467, 1
20470, 1
20477, 1
20479, 1
20481, 2
20482, 1
20489, 1
20491, 1
20493, 2
20494, 1
20498, 1
20501, 1
20503, 1
20505, 1
20506, 1
20508, 1
20516, 1
20518, 1
20520, 2
20521, 1
20528, 1
20530, 1
20532, 2
20533, 1
20538, 1
20540, 1
20542, 1
20544, 1
20545, 1
20547, 1
20554, 1
20557, 1
20559, 3
20563, 1
20567, 1
20569, 1
20571, 2
20572, 1
20576, 1
20579, 1
20581, 1
20582, 1
20583, 1
20584, 1
20586, 1
20591, 1
20593, 1
20596, 1
20598, 2
20599, 1
20602, 4
20605, 1
20608, 1
20610, 4
20611, 4
20612, 1
20615, 1
20618, 1
20620, 2
20621, 2
20622, 1
20623, 1
20624, 1
20625, 1
20626, 1
20631, 2
20632, 1
20635, 1
20637, 3
20638, 1
20640, 1
20641, 3
20644, 1
20647, 1
20649, 3
20650, 4
20654, 1
20656, 1
20659, 1
20660, 3
20661, 2
20662, 1
20663, 1
20670, 3
20671, 1
20674, 1
20676, 3
20678, 1
20679, 3
20680, 1
20683, 1
20686, 1
20688, 3
20689, 4
20693, 1
20696, 1
20698, 1
20699, 3
20700, 3
20702, 1
20709, 3
20710, 1
20713, 1
20715, 3
20718, 4
20719, 1
20722, 1
20725, 1
20727, 4
20728, 3
20732, 1
20734, 1
20737, 1
20738, 3
20739, 3
20741, 1
20747, 1
20748, 2
20749, 1
20752, 1
20753, 1
20754, 2
20756, 2
20757, 2
20758, 1
20761, 1
20764, 1
20766, 4
20767, 3
20771, 1
20774, 1
20776, 1
20777, 3
20778, 3
20780, 1
20785, 1
20786, 1
20787, 1
20788, 1
20791, 1
20792, 1
20793, 2
20795, 1
20796, 3
20797, 1
20800, 1
20803, 1
20805, 3
20806, 4
20810, 1
20812, 1
20815, 1
20816, 3
20817, 3
20819, 1
20824, 1
20826, 2
20827, 1
20830, 1
20831, 1
20832, 2
20835, 4
20836, 1
20839, 1
20842, 1
20844, 4
20845, 3
20849, 1
20851, 1
20854, 1
20855, 3
20856, 3
20858, 1
20864, 2
20865, 1
20866, 1
20869, 1
20870, 1
20871, 2
20874, 4
20875, 1
20878, 1
20881, 1
20883, 3
20884, 4
20885, 1
20888, 1
20890, 1
20893, 1
20894, 4
20895, 2
20897, 1
20903, 2
20904, 1
20905, 1
20908, 1
20909, 2
20910, 1
20913, 4
20917, 1
20920, 1
20921, 1
20922, 2
20923, 4
20924, 1
20927, 1
20929, 1
20932, 1
20933, 3
20934, 3
20936, 1
20942, 3
20944, 1
20946, 1
20948, 1
20949, 2
20951, 1
20952, 3
20956, 1
20959, 1
20960, 2
20961, 1
20962, 4
20963, 1
20966, 1
20968, 1
20971, 1
20972, 4
20973, 2
20974, 1
20981, 3
20983, 1
20985, 1
20987, 1
20988, 2
20991, 4
20995, 1
20998, 1
20999, 1
21000, 2
21001, 4
21002, 1
21005, 1
21007, 1
21010, 2
21011, 3
21012, 2
21013, 1
21019, 1
21020, 2
21022, 1
21024, 1
21026, 2
21027, 1
21030, 4
21034, 1
21037, 2
21038, 1
21039, 2
21040, 3
21041, 1
21044, 1
21046, 1
21049, 2
21050, 3
21051, 2
21052, 1
21059, 3
21061, 1
21063, 1
21065, 2
21066, 1
21069, 4
21073, 1
21076, 1
21077, 2
21078, 2
21079, 3
21080, 1
21083, 1
21085, 1
21088, 3
21089, 3
21090, 1
21091, 1
21098, 3
21100, 1
21102, 1
21104, 2
21105, 1
21108, 4
21112, 1
21115, 1
21116, 1
21117, 4
21118, 2
21119, 1
21122, 1
21124, 1
21126, 1
21127, 3
21128, 1
21129, 2
21130, 1
21135, 1
21137, 2
21139, 1
21141, 1
21143, 2
21144, 1
21147, 4
21151, 1
21153, 1
21155, 2
21156, 3
21157, 3
21161, 1
21163, 1
21165, 1
21166, 3
21167, 1
21168, 2
21169, 1
21175, 1
21176, 3
21178, 1
21180, 1
21182, 2
21186, 4
21190, 1
21192, 1
21194, 3
21195, 2
21196, 3
21200, 1
21202, 1
21205, 4
21206, 2
21207, 1
21208, 1
21212, 1
21214, 1
21215, 3
21217, 1
21219, 1
21221, 1
21225, 4
21229, 1
21231, 1
21233, 2
21234, 5
21235, 1
21239, 1
21241, 1
21243, 1
21244, 3
21245, 2
21246, 1
21247, 1
21249, 1
21250, 1
21253, 1
21254, 2
21256, 1
21258, 1
21261, 2
21264, 3
21268, 1
21270, 1
21272, 3
21273, 4
21274, 1
21278, 1
21280, 1
21282, 1
21283, 3
21284, 2
21285, 1
21286, 1
21290, 1
21292, 2
21293, 2
21294, 1
21297, 1
21299, 1
21302, 3
21303, 1
21307, 1
21309, 1
21311, 3
21312, 3
21313, 2
21316, 1
21319, 1
21321, 1
21322, 3
21323, 2
21324, 1
21325, 1
21328, 1
21331, 1
21332, 3
21333, 1
21336, 1
21338, 1
21341, 1
21342, 3
21345, 1
21348, 1
21349, 1
21350, 3
21351, 3
21352, 1
21355, 1
21358, 1
21360, 1
21361, 3
21362, 3
21364, 1
21368, 1
21370, 1
21371, 3
21372, 1
21375, 1
21377, 1
21380, 3
21381, 1
21384, 1
21387, 1
21389, 2
21390, 5
21391, 1
21394, 1
21396, 1
21399, 1
21400, 3
21401, 2
21402, 1
21403, 1
21407, 1
21408, 1
21410, 3
21411, 1
21413, 1
21416, 1
21419, 3
21420, 1
21423, 1
21426, 1
21428, 3
21429, 4
21430, 1
21433, 1
21435, 1
21438, 1
21439, 3
21440, 3
21442, 1
21445, 1
21446, 1
21448, 1
21449, 2
21450, 1
21453, 1
21455, 1
21458, 4
21462, 1
21465, 1
21467, 3
21468, 4
21469, 1
21472, 1
21474, 1
21477, 1
21478, 3
21479, 3
21481, 1
21484, 1
21487, 1
21488, 3
21489, 1
21492, 1
21494, 1
21497, 4
21501, 1
21504, 1
21506, 3
21507, 4
21508, 1
21511, 1
21514, 1
21516, 1
21517, 3
21518, 3
21520, 1
21523, 1
21525, 1
21526, 1
21527, 2
21528, 1
21530, 1
21533, 1
21535, 1
21536, 3
21540, 1
21543, 2
21545, 3
21546, 3
21547, 1
21549, 1
21552, 1
21555, 1
21556, 4
21557, 3
21562, 1
21564, 3
21566, 1
21567, 1
21569, 1
21572, 1
21573, 1
21575, 2
21579, 2
21582, 1
21584, 4
21585, 3
21591, 1
21594, 1
21595, 3
21596, 2
21603, 1
21604, 1
21606, 1
21608, 2
21609, 1
21612, 1
21615, 1
21618, 1
21620, 1
21621, 1
21623, 1
21628, 1
21630, 1
21631, 1
21635, 2
21639, 1
21640, 2
21642, 1
21644, 1
21645, 1
21649, 1
21650, 1
21659, 1
21661, 1
21662, 2
21664, 1
21665, 1
21671, 1
21672, 1
21674, 1
21676, 1
21679, 1
21680, 1
21684, 2
21685, 1
21686, 1
21695, 1
21696, 1
21701, 1
21704, 1
21706, 2
21708, 1
21709, 1
21711, 1
21713, 1
21714, 1
21719, 1
21720, 1
21725, 1
21728, 2
21730, 1
21735, 1
21736, 1
21740, 1
21741, 1
21744, 1
21750, 1
21751, 1
21752, 1
21755, 1
21757, 2
21761, 1
21770, 1
21771, 1
21772, 1
21775, 1
21776, 1
21778, 1
21779, 1
21780, 1
21781, 1
21785, 1
21789, 1
21790, 1
21791, 1
21801, 2
21803, 1
21806, 1
21808, 1
21811, 1
21812, 1
21813, 2
21815, 1
21822, 1
21825, 1
21826, 1
21828, 1
21829, 1
21830, 1
21835, 1
21837, 1
21840, 1
21844, 1
21850, 1
21852, 1
21853, 1
21854, 1
21856, 1
21862, 2
21866, 2
21867, 1
21868, 1
21874, 2
21876, 1
21880, 1
21884, 1
21887, 1
21888, 1
21891, 1
21893, 1
21895, 1
21896, 1
21903, 1
21905, 2
21907, 2
21912, 1
21917, 1
21919, 1
21922, 1
21924, 1
21929, 1
21932, 2
21934, 1
21935, 1
21940, 1
21944, 1
21946, 2
21947, 1
21949, 1
21954, 1
21956, 1
21960, 1
21962, 1
21969, 1
21971, 1
21973, 1
21974, 1
21978, 1
21980, 2
21983, 2
21984, 1
21986, 1
21987, 1
21989, 1
21997, 1
21998, 1
22007, 1
22010, 1
22012, 3
22017, 1
22020, 2
22021, 1
22022, 1
22024, 1
22027, 1
22030, 1
22032, 1
22036, 1
22039, 1
22046, 1
22047, 1
22049, 1
22051, 1
22052, 1
22054, 1
22056, 1
22061, 1
22063, 2
22064, 1
22069, 1
22071, 1
22074, 1
22075, 1
22078, 1
22086, 1
22088, 1
22090, 3
22095, 2
22100, 1
22102, 2
22103, 1
22108, 1
22110, 1
22112, 1
22115, 1
22118, 1
22124, 1
22127, 1
22129, 2
22137, 1
22139, 1
22141, 1
22142, 1
22148, 1
22151, 1
22163, 1
22168, 1
22180, 1
24104, 1
24141, 1
24143, 1
24153, 2
24165, 2
24177, 2
24180, 2
24182, 1
24192, 3
24195, 1
24204, 3
24206, 1
24209, 1
24216, 3
24218, 1
24219, 1
24221, 1
24228, 1
24231, 3
24233, 1
24242, 1
24243, 2
24245, 1
24248, 1
24255, 3
24257, 1
24258, 1
24260, 1
24267, 1
24270, 3
24272, 1
24282, 3
24284, 1
24286, 1
24294, 3
24296, 1
24297, 1
24299, 1
24306, 1
24309, 3
24311, 1
24321, 3
24323, 1
24325, 1
24333, 3
24335, 1
24336, 1
24338, 1
24345, 1
24347, 1
24348, 2
24350, 1
24360, 3
24362, 1
24364, 1
24372, 3
24374, 1
24375, 1
24377, 1
24384, 1
24387, 3
24389, 1
24399, 3
24401, 1
24403, 1
24410, 1
24411, 2
24413, 1
24414, 1
24416, 1
24423, 1
24425, 1
24426, 2
24428, 1
24435, 1
24438, 3
24440, 1
24449, 1
24450, 2
24452, 1
24453, 1
24455, 1
24462, 1
24464, 1
24465, 2
24467, 1
24474, 1
24477, 3
24479, 1
24489, 3
24491, 1
24492, 1
24494, 1
24501, 1
24503, 1
24504, 2
24506, 1
24513, 1
24515, 2
24516, 1
24518, 1
24527, 1
24528, 2
24530, 2
24533, 1
24540, 1
24542, 1
24543, 2
24545, 1
24552, 1
24554, 1
24555, 2
24557, 1
24566, 1
24567, 2
24569, 1
24570, 1
24571, 1
24579, 1
24581, 1
24582, 2
24584, 1
24591, 1
24593, 1
24594, 2
24596, 1
24605, 1
24606, 2
24608, 1
24609, 1
24611, 1
24618, 1
24620, 2
24621, 1
24623, 1
24630, 1
24633, 3
24635, 1
24644, 2
24645, 1
24647, 2
24649, 1
24657, 1
24659, 2
24660, 1
24662, 1
24669, 1
24671, 2
24672, 1
24674, 1
24683, 2
24684, 1
24686, 2
24688, 1
24696, 1
24698, 2
24699, 1
24701, 1
24708, 1
24710, 2
24711, 1
24713, 1
24722, 3
24725, 2
24727, 1
24735, 1
24737, 2
24738, 1
24740, 1
24747, 1
24749, 2
24750, 1
24752, 1
24761, 2
24762, 1
24764, 2
24766, 1
24773, 1
24776, 2
24777, 1
24778, 1
24779, 1
24785, 1
24788, 2
24789, 1
24791, 1
24800, 2
24801, 1
24803, 1
24805, 1
24812, 1
24815, 3
24817, 1
24818, 1
24825, 1
24827, 2
24828, 1
24830, 1
24839, 3
24842, 1
24844, 1
24851, 1
24854, 3
24856, 1
24857, 1
24863, 1
24866, 3
24868, 1
24878, 3
24881, 1
24883, 1
24890, 1
24892, 1
24893, 2
24895, 1
24896, 1
24902, 1
24905, 3
24908, 1
24917, 3
24920, 1
24922, 1
24929, 1
24931, 1
24932, 2
24934, 1
24935, 1
24941, 1
24944, 3
24947, 1
24956, 3
24959, 1
24961, 1
24968, 1
24970, 1
24971, 2
24973, 2
24980, 1
24983, 3
24985, 1
24995, 3
24997, 1
25000, 1
25007, 1
25009, 1
25010, 2
25012, 1
25013, 1
25019, 1
25022, 3
25024, 1
25034, 3
25036, 1
25039, 1
25046, 2
25048, 1
25049, 2
25051, 1
25058, 1
25061, 3
25063, 1
25073, 3
25075, 1
25078, 1
25085, 2
25087, 1
25088, 2
25090, 1
25097, 1
25100, 3
25102, 1
25112, 3
25114, 1
25117, 1
25124, 2
25126, 1
25127, 2
25129, 1
25136, 1
25139, 3
25141, 1
25151, 3
25153, 1
25156, 1
25163, 2
25165, 1
25166, 2
25168, 1
25175, 1
25178, 3
25180, 1
25190, 3
25192, 1
25195, 1
25202, 2
25204, 1
25205, 2
25207, 1
25214, 1
25216, 1
25217, 2
25219, 1
25229, 3
25231, 1
25234, 1
25241, 2
25243, 1
25244, 2
25246, 1
25253, 1
25255, 1
25256, 2
25258, 1
25268, 3
25270, 1
25273, 1
25280, 2
25282, 1
25283, 2
25285, 1
25292, 1
25294, 1
25295, 2
25297, 1
25306, 2
25307, 1
25309, 1
25312, 1
25319, 2
25321, 1
25322, 2
25323, 1
25331, 1
25333, 1
25334, 2
25336, 1
25345, 1
25346, 2
25347, 2
25348, 1
25350, 1
25356, 3
25358, 2
25360, 1
25361, 2
25362, 1
25366, 3
25370, 1
25372, 2
25373, 1
25375, 1
25376, 2
25383, 1
25384, 2
25385, 3
25386, 1
25387, 1
25389, 1
25395, 3
25396, 2
25397, 2
25399, 3
25401, 1
25405, 4
25408, 1
25411, 2
25412, 1
25414, 1
25415, 3
25422, 1
25423, 2
25424, 3
25425, 2
25426, 1
25428, 1
25434, 4
25436, 2
25438, 2
25439, 1
25440, 1
25444, 4
25448, 1
25450, 2
25451, 1
25453, 1
25454, 3
25461, 1
25462, 1
25463, 4
25464, 2
25465, 1
25467, 1
25473, 4
25474, 2
25477, 2
25478, 1
25479, 1
25483, 4
25487, 1
25489, 2
25490, 1
25492, 2
25493, 2
25500, 1
25501, 2
25502, 3
25503, 2
25504, 1
25506, 1
25512, 4
25513, 2
25516, 2
25517, 1
25518, 1
25522, 4
25525, 1
25528, 2
25529, 1
25531, 2
25532, 2
25539, 1
25540, 2
25541, 4
25542, 1
25543, 1
25545, 1
25551, 4
25552, 2
25555, 2
25556, 1
25557, 1
25560, 1
25561, 3
25564, 1
25567, 2
25568, 1
25570, 2
25571, 2
25577, 1
25579, 2
25580, 3
25581, 2
25582, 1
25584, 1
25590, 4
25591, 2
25594, 2
25595, 1
25596, 1
25599, 3
25600, 1
25603, 1
25606, 2
25607, 1
25609, 2
25610, 2
25617, 1
25618, 3
25619, 2
25620, 2
25621, 1
25623, 1
25629, 4
25630, 2
25632, 1
25633, 2
25635, 1
25638, 1
25639, 3
25642, 1
25645, 3
25648, 3
25649, 1
25655, 2
25657, 3
25658, 2
25659, 1
25660, 1
25662, 1
25668, 4
25669, 2
25672, 3
25674, 1
25677, 2
25678, 2
25681, 1
25684, 3
25686, 1
25687, 1
25688, 2
25694, 1
25696, 3
25697, 4
25698, 1
25701, 1
25707, 4
25708, 2
25710, 1
25711, 2
25713, 1
25716, 2
25717, 2
25720, 1
25723, 3
25725, 1
25726, 2
25727, 1
25733, 1
25735, 3
25736, 4
25737, 1
25740, 1
25746, 4
25747, 2
25749, 1
25750, 2
25752, 1
25755, 2
25756, 2
25759, 1
25762, 3
25764, 1
25765, 2
25766, 1
25772, 1
25774, 3
25775, 4
25777, 1
25778, 1
25785, 4
25786, 2
25788, 1
25789, 2
25791, 1
25794, 2
25795, 2
25798, 1
25801, 3
25803, 1
25804, 3
25811, 1
25813, 3
25814, 4
25815, 1
25818, 1
25823, 1
25824, 3
25825, 2
25827, 1
25828, 2
25829, 1
25830, 1
25831, 1
25833, 2
25834, 1
25837, 1
25840, 3
25841, 1
25842, 1
25843, 2
25844, 1
25850, 1
25852, 3
25853, 3
25854, 1
25857, 1
25861, 1
25862, 1
25863, 2
25864, 3
25865, 2
25866, 1
25867, 4
25869, 1
25870, 1
25872, 1
25873, 1
25874, 1
25876, 2
25877, 1
25878, 1
25879, 4
25881, 2
25882, 1
25884, 1
25885, 1
25888, 1
25889, 1
25891, 3
25893, 1
25896, 1
25902, 2
25903, 2
25905, 1
25906, 2
25908, 1
25909, 1
25912, 1
25915, 1
25917, 1
25918, 2
25920, 1
25921, 3
25923, 1
25926, 1
25930, 3
25931, 2
25932, 1
25935, 1
25939, 1
25940, 2
25941, 1
25942, 2
25944, 2
25945, 2
25947, 2
25948, 1
25949, 1
25950, 1
25953, 1
25954, 2
25956, 1
25957, 2
25959, 3
25961, 1
25964, 1
25966, 1
25969, 3
25971, 1
25974, 1
25979, 1
25980, 1
25981, 2
25983, 1
25984, 2
25986, 1
25989, 3
25993, 1
25994, 1
25995, 3
25996, 1
25997, 3
25998, 1
25999, 2
26003, 2
26006, 2
26008, 4
26009, 1
26010, 1
26011, 1
26012, 1
26018, 1
26020, 2
26021, 1
26022, 1
26023, 2
26025, 1
26028, 1
26032, 1
26034, 1
26035, 3
26037, 3
26038, 1
26044, 1
26046, 2
26047, 3
26048, 1
26049, 2
26052, 1
26053, 1
26054, 1
26058, 2
26059, 2
26060, 1
26061, 2
26062, 2
26064, 1
26066, 1
26071, 1
26073, 2
26074, 2
26076, 2
26077, 2
26083, 1
26085, 1
26086, 2
26087, 2
26088, 2
26090, 1
26091, 1
26093, 1
26094, 1
26095, 1
26096, 1
26097, 1
26098, 2
26100, 2
26101, 2
26105, 1
26109, 2
26112, 2
26113, 1
26115, 2
26116, 1
26121, 1
26123, 1
26124, 1
26125, 4
26127, 2
26128, 1
26129, 1
26130, 1
26132, 1
26133, 2
26135, 1
26137, 2
26138, 1
26139, 1
26140, 1
26141, 1
26145, 1
26149, 2
26150, 1
26151, 1
26153, 1
26154, 1
26157, 1
26160, 1
26161, 1
26162, 1
26163, 2
26164, 1
26166, 1
26168, 1
26174, 1
26176, 2
26177, 1
26179, 2
26185, 1
26188, 2
26194, 1
26198, 1
26203, 3
26204, 1
26205, 1
26213, 3
26222, 2
26223, 1
26232, 2
26233, 1
26242, 2
26243, 2
26249, 1
26251, 1
26252, 3
26260, 2
26262, 2
26269, 1
26271, 1
26272, 1
26281, 3
26282, 1
26288, 1
26290, 1
26291, 3
26300, 2
26301, 2
26310, 2
26311, 1
26320, 2
26321, 2
26327, 1
26330, 4
26339, 1
26340, 3
26349, 2
26359, 1
26366, 1
26369, 1
26379, 1
28133, 1
28158, 1
28172, 1
28181, 1
28185, 1
28193, 1
28197, 2
28206, 1
28209, 1
28211, 1
28220, 1
28221, 1
28224, 1
28226, 1
28232, 1
28233, 1
28235, 1
28236, 2
28238, 1
28245, 1
28248, 2
28250, 2
28257, 1
28259, 1
28260, 1
28262, 1
28263, 1
28271, 1
28272, 1
28275, 3
28277, 1
28284, 1
28286, 1
28287, 1
28289, 2
28296, 1
28298, 1
28299, 1
28301, 1
28302, 1
28310, 1
28311, 1
28314, 3
28316, 1
28323, 1
28326, 2
28328, 2
28335, 1
28337, 1
28338, 1
28340, 1
28341, 1
28349, 1
28350, 1
28352, 2
28353, 1
28355, 1
28362, 1
28365, 2
28367, 2
28374, 1
28376, 1
28377, 1
28379, 1
28380, 1
28388, 1
28389, 1
28391, 2
28392, 1
28394, 1
28401, 1
28403, 1
28404, 1
28406, 2
28413, 1
28415, 1
28416, 1
28418, 1
28419, 1
28427, 1
28428, 1
28430, 2
28431, 1
28433, 1
28440, 1
28442, 1
28443, 1
28445, 2
28452, 1
28454, 1
28455, 1
28457, 1
28458, 1
28466, 1
28467, 1
28469, 2
28470, 1
28472, 1
28479, 1
28481, 1
28482, 1
28484, 2
28491, 1
28493, 1
28494, 1
28496, 1
28497, 1
28505, 1
28506, 1
28508, 2
28509, 1
28511, 1
28518, 1
28520, 2
28521, 1
28523, 2
28530, 1
28533, 1
28535, 1
28536, 1
28544, 1
28545, 1
28547, 3
28550, 1
28557, 1
28559, 2
28560, 1
28562, 2
28569, 1
28572, 1
28574, 2
28575, 1
28583, 1
28584, 1
28586, 2
28588, 1
28596, 1
28598, 2
28599, 1
28601, 2
28608, 1
28611, 1
28613, 3
28622, 2
28625, 2
28628, 1
28635, 1
28637, 2
28638, 1
28640, 2
28647, 1
28650, 1
28652, 3
28660, 1
28662, 1
28664, 2
28666, 1
28674, 1
28676, 2
28677, 1
28679, 2
28686, 1
28689, 1
28691, 3
28699, 1
28701, 1
28703, 2
28706, 1
28713, 1
28715, 3
28717, 2
28724, 1
28728, 1
28730, 3
28738, 1
28739, 1
28742, 2
28744, 1
28752, 1
28754, 3
28756, 2
28764, 1
28766, 1
28769, 3
28772, 1
28777, 2
28779, 1
28781, 2
28784, 1
28789, 1
28790, 1
28793, 2
28795, 1
28802, 1
28804, 1
28805, 1
28806, 1
28808, 2
28810, 2
28818, 1
28819, 1
28820, 2
28823, 1
28825, 1
28827, 2
28829, 1
28830, 1
28832, 2
28834, 1
28838, 1
28841, 1
28842, 2
28843, 2
28846, 1
28847, 1
28848, 1
28851, 1
28853, 1
28856, 1
28857, 1
28859, 2
28861, 1
28862, 1
28863, 1
28864, 2
28869, 1
28871, 1
28872, 1
28875, 2
28876, 1
28877, 1
28879, 1
28880, 3
28881, 2
28885, 3
28891, 1
28894, 1
28895, 1
28896, 2
28897, 1
28900, 1
28901, 3
28902, 1
28904, 1
28906, 1
28907, 2
28909, 1
28911, 1
28912, 2
28917, 2
28918, 2
28919, 1
28920, 1
28922, 1
28924, 1
28925, 1
28927, 1
28929, 1
28930, 1
28932, 1
28935, 2
28936, 1
28939, 1
28940, 1
28941, 2
28942, 1
28944, 2
28946, 1
28948, 2
28949, 1
28950, 1
28951, 1
28953, 1
28956, 1
28958, 1
28961, 1
28962, 1
28963, 2
28965, 1
28966, 1
28968, 1
28970, 3
28972, 1
28973, 2
28976, 2
28977, 1
28980, 1
28982, 2
28983, 1
28987, 3
28992, 1
28995, 1
28997, 1
29000, 1
29002, 1
29003, 1
29005, 1
29008, 1
29011, 3
29012, 1
29014, 3
29016, 1
29017, 1
29018, 1
29019, 2
29023, 1
29024, 1
29028, 1
29029, 1
29034, 2
29039, 1
29042, 1
29044, 1
29049, 1
29050, 1
29051, 1
29053, 1
29055, 1
29056, 1
29061, 2
29066, 1
29071, 1
29073, 1
29074, 1
29078, 1
29079, 1
29080, 2
29083, 1
29084, 1
29085, 1
29087, 1
29088, 1
29090, 1
29093, 1
29097, 1
29098, 1
29099, 1
29101, 2
29103, 2
29104, 1
29107, 1
29114, 1
29115, 1
29119, 1
29124, 2
29129, 1
29130, 1
29133, 1
29134, 1
29135, 1
29139, 1
29140, 1
29142, 1
29144, 1
29147, 1
29153, 1
29158, 1
29160, 1
29162, 1
29163, 2
29166, 2
29168, 1
29169, 1
29170, 1
29173, 1
29178, 1
29183, 1
29185, 2
29186, 2
29190, 1
29191, 2
29194, 1
29196, 1
29199, 1
29202, 1
29203, 1
29205, 1
29206, 1
29208, 1
29210, 1
29215, 1
29218, 1
29223, 2
29224, 1
29225, 1
29227, 1
29230, 1
29234, 1
29235, 1
29237, 1
29239, 1
29240, 1
29242, 1
29243, 1
29246, 2
29247, 1
29248, 1
29253, 2
29259, 1
29260, 1
29265, 1
29266, 2
29268, 1
29271, 1
29272, 1
29273, 1
29276, 1
29278, 2
29282, 1
29283, 1
29285, 1
29291, 1
29292, 1
29296, 1
29297, 2
29302, 2
29303, 1
29306, 1
29307, 2
29308, 1
29309, 1
29312, 1
29313, 1
29317, 1
29322, 1
29324, 1
29326, 1
29327, 1
29329, 1
29330, 1
29331, 1
29333, 1
29338, 1
29339, 1
29340, 1
29343, 2
29344, 1
29348, 1
29351, 1
29356, 3
29361, 2
29363, 1
29364, 1
29368, 1
29369, 1
29370, 1
29374, 2
29375, 1
29376, 1
29380, 1
29381, 1
29387, 1
29392, 1
29393, 1
29394, 1
29395, 1
29398, 1
29401, 1
29404, 1
29405, 1
29406, 1
29409, 1
29410, 1
29411, 1
29412, 1
29415, 1
29417, 1
29422, 1
29424, 1
29431, 1
29433, 1
29435, 1
29436, 3
29439, 1
29440, 1
29441, 1
29443, 1
29446, 1
29447, 1
29448, 1
29452, 2
29453, 1
29454, 1
29456, 1
29458, 1
29459, 2
29462, 1
29467, 1
29469, 1
29472, 2
29473, 1
29474, 1
29476, 1
29478, 1
29479, 3
29482, 1
29484, 1
29486, 1
29490, 2
29492, 1
29494, 1
29495, 1
29498, 2
29499, 2
29501, 1
29505, 2
29506, 1
29510, 2
29513, 1
29514, 1
29517, 2
29518, 1
29520, 2
29521, 2
29525, 1
29526, 2
29529, 1
29530, 1
29533, 1
29534, 1
29536, 1
29537, 4
29540, 1
29541, 1
29542, 1
29543, 1
29545, 1
29546, 1
29549, 1
29551, 2
29553, 1
29556, 1
29557, 2
29558, 1
29560, 1
29561, 1
29562, 1
29564, 1
29565, 1
29566, 1
29568, 2
29572, 1
29573, 2
29576, 1
29577, 1
29578, 1
29581, 3
29583, 2
29584, 1
29586, 1
29588, 2
29591, 1
29593, 1
29596, 2
29597, 1
29601, 2
29604, 1
29606, 1
29608, 1
29611, 1
29613, 1
29615, 2
29616, 2
29618, 1
29620, 1
29621, 1
29623, 1
29625, 1
29627, 1
29630, 1
29633, 1
29635, 1
29636, 1
29637, 1
29638, 1
29643, 1
29647, 1
29648, 2
29652, 2
29654, 1
29656, 1
29662, 1
29667, 1
29675, 2
29676, 1
29680, 1
29681, 1
29682, 1
29683, 1
29698, 1
29699, 1
29701, 1
29705, 1
29715, 1
29716, 1
29717, 1
29720, 1
29721, 1
29722, 1
29728, 1
29741, 1
29743, 1
29744, 1
29747, 1
29748, 1
29749, 1
29752, 1
29753, 1
29754, 1
29757, 1
29758, 1
29759, 1
29760, 1
29762, 1
29763, 1
29764, 1
29767, 1
29768, 1
29780, 1
29781, 1
29784, 1
29785, 1
29786, 1
29789, 1
29790, 1
29791, 1
29794, 1
29795, 1
29796, 1
29799, 1
29800, 1
29922, 1
29996, 1
30002, 1
30064, 1
30068, 1
30077, 1
30079, 1
30087, 1
30092, 1
30100, 1
30102, 1
30105, 1
30114, 1
30117, 1
30129, 1
30140, 1
30141, 1
30145, 1
30153, 1
30154, 1
30156, 1
30165, 1
30169, 1
30171, 1
30181, 1
30183, 1
30186, 1
30193, 1
30195, 1
30197, 1
30209, 1
30221, 1
30348, 1
30358, 1
30368, 1
30380, 1
30387, 1
30390, 2
30392, 1
30395, 1
30397, 2
30399, 1
30400, 1
30402, 1
30407, 1
30409, 2
30411, 1
30419, 2
30421, 1
30426, 1
30429, 2
30431, 2
30435, 1
30438, 1
30439, 1
30441, 1
30445, 1
30448, 2
30450, 1
30458, 2
30460, 1
30464, 1
30468, 2
30470, 2
30475, 1
30477, 1
30478, 1
30480, 1
30484, 1
30487, 2
30489, 1
30496, 1
30497, 1
30499, 1
30504, 1
30507, 2
30509, 2
30514, 1
30516, 1
30517, 1
30519, 1
30523, 1
30526, 2
30528, 1
30535, 1
30536, 1
30538, 1
30543, 1
30545, 1
30546, 1
30548, 2
30553, 1
30555, 1
30556, 1
30558, 1
30562, 1
30565, 2
30567, 1
30574, 1
30575, 1
30577, 1
30581, 1
30585, 2
30587, 2
30591, 1
30594, 1
30595, 1
30597, 1
30601, 1
30604, 2
30606, 1
30613, 1
30614, 1
30616, 1
30620, 1
30624, 2
30625, 1
30626, 1
30630, 1
30633, 1
30634, 1
30635, 1
30640, 1
30643, 2
30645, 1
30652, 1
30653, 1
30655, 1
30659, 1
30662, 1
30663, 1
30665, 2
30669, 1
30672, 2
30674, 1
30679, 1
30682, 2
30684, 1
30689, 1
30691, 1
30692, 1
30694, 1
30698, 1
30701, 1
30703, 1
30704, 1
30708, 1
30711, 2
30714, 1
30718, 1
30720, 1
30721, 1
30723, 1
30728, 1
30730, 1
30731, 1
30733, 1
30737, 1
30740, 1
30742, 1
30743, 1
30747, 1
30750, 2
30753, 1
30757, 1
30760, 2
30762, 1
30766, 1
30769, 1
30770, 1
30772, 1
30776, 1
30779, 1
30781, 1
30782, 1
30786, 1
30789, 2
30791, 1
30796, 1
30798, 1
30799, 1
30801, 1
30806, 1
30808, 1
30809, 1
30811, 1
30815, 1
30818, 1
30820, 1
30821, 1
30825, 1
30828, 2
30830, 1
30835, 1
30837, 1
30838, 1
30840, 1
30844, 1
30847, 2
30850, 1
30854, 1
30857, 1
30859, 1
30860, 1
30864, 1
30867, 2
30869, 1
30874, 1
30876, 1
30877, 1
30879, 1
30883, 1
30886, 1
30887, 1
30889, 1
30893, 1
30896, 1
30898, 2
30903, 1
30906, 2
30908, 1
30913, 1
30915, 2
30918, 1
30922, 1
30925, 2
30927, 1
30932, 1
30935, 1
30937, 1
30938, 1
30942, 1
30945, 2
30947, 1
30952, 1
30954, 1
30955, 1
30957, 1
30961, 1
30964, 2
30966, 1
30971, 1
30974, 1
30976, 1
30977, 1
30981, 1
30984, 2
30986, 1
30991, 1
30993, 2
30996, 1
31000, 1
31003, 2
31006, 1
31010, 1
31013, 1
31015, 2
31020, 1
31022, 1
31023, 1
31025, 1
31030, 1
31032, 1
31033, 1
31035, 1
31039, 1
31042, 2
31044, 1
31048, 1
31052, 1
31054, 2
31059, 1
31062, 2
31064, 1
31069, 1
31071, 2
31073, 1
31078, 1
31081, 2
31083, 1
31087, 1
31091, 1
31093, 2
31098, 1
31100, 1
31101, 1
31103, 1
31107, 1
31110, 1
31111, 1
31112, 1
31117, 1
31120, 2
31122, 1
31126, 1
31130, 1
31132, 2
31137, 1
31140, 2
31142, 1
31147, 1
31149, 2
31151, 1
31156, 1
31159, 2
31161, 1
31165, 1
31169, 1
31171, 2
31176, 1
31178, 1
31179, 1
31181, 1
31185, 1
31188, 1
31189, 1
31190, 1
31195, 1
31198, 2
31200, 1
31204, 1
31207, 1
31208, 1
31210, 1
31214, 1
31217, 1
31218, 1
31220, 1
31224, 1
31227, 2
31230, 1
31234, 1
31237, 2
31239, 1
31243, 1
31246, 1
31247, 1
31249, 1
31253, 1
31256, 1
31257, 1
31259, 1
31263, 1
31266, 2
31268, 1
31273, 1
31275, 1
31276, 1
31278, 1
31282, 1
31285, 1
31286, 1
31288, 1
31292, 1
31295, 1
31296, 1
31298, 1
31302, 1
31305, 2
31307, 1
31312, 1
31315, 2
31317, 1
31321, 1
31324, 1
31325, 1
31327, 1
31331, 1
31334, 1
31335, 1
31337, 1
31341, 1
31344, 2
31346, 1
31353, 1
31354, 1
31356, 1
31363, 1
31364, 1
31366, 1
31373, 1
31376, 1
31385, 1
32157, 1
32169, 1
32176, 1
32188, 1
32196, 1
32198, 1
32200, 1
32203, 1
32208, 1
32210, 1
32212, 1
32215, 1
32222, 1
32225, 1
32227, 2
32235, 1
32237, 1
32239, 1
32240, 1
32242, 2
32247, 1
32249, 1
32251, 1
32252, 1
32254, 2
32261, 1
32264, 1
32266, 2
32274, 1
32276, 1
32278, 2
32281, 2
32286, 1
32288, 1
32291, 2
32293, 1
32294, 1
32300, 1
32302, 1
32305, 2
32313, 1
32315, 1
32317, 2
32320, 1
32321, 1
32325, 1
32327, 1
32329, 2
32332, 2
32339, 1
32342, 1
32344, 2
32352, 1
32354, 1
32356, 2
32359, 2
32364, 1
32366, 1
32368, 2
32371, 2
32378, 1
32381, 1
32383, 2
32391, 1
32393, 1
32395, 2
32398, 2
32403, 1
32405, 1
32407, 2
32410, 2
32416, 1
32420, 1
32422, 2
32430, 1
32431, 1
32434, 2
32437, 2
32442, 1
32444, 1
32446, 2
32449, 2
32455, 1
32459, 1
32461, 2
32469, 1
32471, 1
32473, 2
32476, 2
32479, 1
32482, 1
32483, 1
32485, 2
32488, 2
32495, 1
32496, 1
32497, 1
32500, 2
32509, 1
32512, 3
32515, 1
32520, 1
32522, 1
32523, 1
32524, 2
32527, 1
32528, 1
32531, 1
32533, 1
32536, 1
32539, 1
32543, 1
32547, 2
32551, 2
32554, 1
32559, 1
32563, 3
32566, 1
32568, 1
32575, 1
32578, 1
32579, 1
32582, 1
32584, 1
32586, 1
32587, 1
32590, 1
32593, 1
32598, 1
32599, 1
32602, 1
32605, 2
32611, 1
32614, 1
32617, 2
32621, 1
32624, 1
32626, 1
32629, 2
32632, 1
32637, 1
32638, 1
32641, 2
32644, 2
32650, 1
32653, 1
32656, 2
32660, 1
32663, 1
32665, 1
32668, 2
32671, 1
32676, 1
32677, 1
32680, 2
32683, 2
32689, 1
32692, 1
32695, 2
32699, 1
32702, 1
32704, 1
32707, 2
32710, 1
32715, 1
32716, 1
32719, 2
32722, 2
32728, 1
32731, 1
32734, 2
32738, 1
32741, 1
32743, 1
32746, 2
32749, 1
32753, 1
32755, 1
32758, 2
32760, 1
32761, 1
32767, 1
32770, 1
32773, 2
32777, 1
32780, 1
32782, 1
32785, 2
32788, 1
32793, 1
32794, 1
32797, 2
32800, 2
32806, 1
32809, 1
32812, 2
32816, 1
32819, 1
32821, 1
32824, 2
32827, 1
32831, 1
32833, 1
32836, 2
32839, 2
32845, 1
32848, 1
32851, 2
32855, 1
32858, 1
32860, 1
32863, 2
32866, 1
32870, 1
32872, 1
32875, 2
32877, 1
32878, 1
32884, 1
32887, 1
32889, 1
32890, 1
32894, 1
32897, 1
32899, 1
32901, 1
32902, 1
32905, 1
32909, 1
32911, 1
32914, 2
32916, 1
32917, 1
32923, 1
32926, 1
32929, 2
32932, 1
32936, 1
32938, 1
32940, 1
32941, 1
32944, 1
32948, 1
32950, 1
32952, 1
32953, 1
32955, 1
32956, 1
32962, 1
32965, 1
32968, 2
32972, 1
32975, 1
32977, 1
32979, 1
32980, 1
32982, 1
32987, 1
32988, 1
32991, 1
32992, 1
32994, 1
32995, 1
33001, 1
33004, 1
33006, 1
33007, 1
33011, 1
33013, 1
33016, 1
33018, 1
33019, 1
33021, 1
33026, 1
33028, 1
33030, 1
33031, 1
33033, 2
33040, 1
33043, 1
33045, 2
33049, 1
33051, 1
33052, 1
33055, 1
33058, 1
33060, 1
33065, 1
33067, 1
33069, 2
33072, 2
33074, 1
33081, 1
33084, 2
33089, 1
33091, 1
33094, 1
33096, 2
33099, 1
33104, 1
33106, 2
33108, 1
33111, 2
33118, 1
33121, 1
33123, 2
33127, 1
33130, 1
33133, 1
33135, 2
33138, 1
33143, 1
33145, 1
33147, 2
33150, 2
33157, 1
33160, 1
33162, 2
33166, 1
33168, 1
33172, 1
33174, 2
33177, 1
33182, 1
33183, 1
33186, 2
33189, 2
33196, 1
33198, 1
33201, 2
33205, 1
33207, 1
33211, 1
33213, 2
33216, 1
33221, 1
33223, 1
33225, 2
33228, 2
33234, 1
33237, 1
33240, 2
33244, 1
33246, 1
33249, 1
33252, 2
33255, 1
33260, 1
33261, 1
33264, 2
33267, 2
33274, 1
33276, 1
33278, 1
33279, 1
33283, 1
33285, 1
33289, 1
33291, 2
33294, 1
33299, 2
33303, 2
33306, 2
33307, 1
33315, 1
33318, 2
33322, 1
33324, 1
33327, 1
33330, 2
33333, 1
33338, 1
33339, 2
33342, 1
33345, 2
33351, 1
33354, 1
33357, 2
33361, 1
33363, 1
33366, 1
33369, 2
33372, 1
33377, 1
33378, 1
33381, 2
33384, 2
33390, 1
33393, 1
33396, 2
33400, 1
33402, 1
33405, 1
33408, 2
33411, 1
33416, 1
33417, 1
33420, 2
33423, 2
33429, 1
33432, 1
33435, 2
33439, 1
33441, 1
33444, 1
33447, 2
33450, 1
33454, 1
33456, 1
33459, 2
33462, 2
33468, 1
33471, 1
33474, 2
33478, 1
33480, 1
33483, 1
33486, 2
33489, 1
33494, 1
33495, 1
33498, 2
33501, 2
33507, 1
33510, 1
33513, 2
33517, 1
33518, 1
33522, 1
33525, 2
33528, 1
33532, 1
33534, 1
33537, 2
33539, 1
33540, 1
33546, 1
33549, 1
33551, 1
33552, 1
33556, 1
33557, 1
33561, 1
33564, 2
33567, 1
33572, 1
33573, 1
33576, 2
33578, 2
33585, 1
33588, 1
33590, 1
33591, 1
33595, 1
33596, 1
33600, 1
33603, 2
33606, 1
33610, 1
33612, 1
33615, 2
33617, 1
33618, 1
33624, 1
33627, 1
33630, 2
33634, 1
33635, 1
33639, 1
33641, 1
33642, 1
33644, 1
33649, 1
33651, 1
33654, 2
33656, 1
33657, 1
33663, 1
33666, 1
33668, 1
33669, 1
33673, 1
33674, 1
33678, 1
33681, 2
33684, 1
33688, 1
33690, 1
33693, 2
33695, 1
33696, 1
33702, 1
33705, 1
33707, 1
33708, 1
33712, 1
33713, 1
33717, 1
33719, 1
33720, 1
33722, 1
33727, 1
33729, 1
33732, 2
33734, 1
33735, 1
33741, 1
33744, 1
33746, 2
33750, 1
33752, 1
33756, 1
33758, 1
33759, 1
33761, 1
33766, 1
33768, 1
33770, 2
33773, 2
33780, 1
33783, 1
33785, 2
33789, 1
33791, 1
33792, 1
33795, 1
33797, 2
33805, 1
33807, 1
33809, 1
33810, 1
33812, 2
33819, 1
33821, 1
33824, 2
33828, 1
33830, 1
33831, 1
33834, 1
33836, 2
33844, 1
33846, 1
33848, 1
33849, 1
33851, 2
33858, 1
33861, 1
33863, 2
33867, 1
33869, 2
33873, 1
33875, 2
33883, 1
33885, 1
33887, 2
33890, 2
33897, 1
33900, 1
33902, 2
33906, 1
33907, 1
33909, 1
33911, 1
33914, 2
33922, 1
33923, 1
33926, 2
33929, 2
33935, 1
33938, 1
33941, 2
33945, 1
33947, 1
33948, 1
33951, 1
33953, 2
33961, 1
33963, 1
33965, 2
33968, 2
33975, 1
33977, 1
33980, 2
33984, 1
33986, 1
33987, 1
33990, 1
33992, 2
34000, 1
34001, 1
34004, 2
34007, 2
34013, 1
34016, 1
34019, 2
34023, 1
34025, 1
34026, 1
34028, 1
34031, 2
34039, 1
34040, 1
34043, 2
34046, 2
34052, 1
34055, 1
34058, 2
34062, 1
34063, 1
34064, 1
34067, 1
34070, 2
34078, 1
34079, 1
34082, 2
34085, 2
34090, 1
34091, 1
34094, 1
34097, 2
34102, 1
34103, 1
34106, 1
34109, 2
34117, 1
34118, 1
34121, 2
34124, 2
34129, 1
34130, 1
34133, 1
34136, 2
34142, 1
34145, 1
34148, 2
34157, 1
34160, 2
34163, 2
34169, 1
34172, 1
34175, 1
34181, 1
34184, 1
34187, 1
34199, 1
34202, 1
34214, 1
35367, 1
35377, 2
35386, 2
35387, 1
35396, 3
35405, 1
35406, 3
35415, 1
35416, 3
35423, 1
35425, 3
35426, 2
35429, 1
35433, 1
35434, 1
35435, 3
35438, 1
35439, 1
35440, 1
35443, 1
35444, 2
35446, 1
35447, 1
35449, 1
35452, 1
35454, 1
35455, 1
35456, 1
35457, 1
35458, 1
35460, 3
35463, 1
35465, 1
35466, 1
35467, 1
35468, 1
35469, 1
35470, 1
35472, 1
35473, 1
35475, 3
35477, 1
35478, 1
35479, 1
35480, 1
35481, 1
35482, 2
35484, 1
35487, 1
35490, 1
35492, 1
35493, 1
35494, 1
35496, 2
35497, 1
35499, 2
35501, 3
35503, 1
35507, 2
35509, 1
35513, 2
35515, 2
35517, 1
35518, 3
35520, 1
35521, 2
35522, 1
35524, 1
35528, 1
35530, 1
35533, 2
35534, 1
35536, 2
35537, 1
35539, 2
35540, 1
35542, 1
35543, 1
35544, 1
35546, 1
35549, 1
35552, 1
35554, 1
35555, 2
35556, 1
35557, 2
35558, 1
35559, 2
35560, 1
35561, 1
35565, 1
35568, 1
35570, 1
35571, 1
35573, 1
35574, 2
35575, 2
35576, 2
35578, 3
35579, 2
35580, 3
35581, 1
35582, 1
35583, 1
35584, 1
35586, 1
35588, 1
35590, 2
35591, 1
35592, 2
35593, 1
35595, 2
35596, 1
35597, 1
35601, 1
35602, 1
35609, 1
35611, 1
35612, 1
35613, 2
35614, 1
35616, 1
35617, 2
35620, 1
35623, 1
35626, 1
35629, 1
35632, 1
35635, 1
35637, 1
35638, 1
35640, 2
35641, 1
35642, 1
35644, 1
35647, 1
35649, 1
35652, 2
35654, 1
35655, 1
35656, 2
35657, 1
35659, 2
35660, 1
35661, 1
35662, 2
35664, 1
35666, 1
35669, 1
35671, 1
35672, 1
35674, 1
35675, 3
35677, 1
35678, 1
35680, 1
35681, 1
35682, 1
35683, 2
35686, 1
35688, 1
35691, 1
35692, 1
35694, 1
35695, 2
35697, 2
35698, 1
35699, 1
35700, 1
35702, 2
35705, 1
35707, 1
35709, 2
35710, 1
35711, 2
35713, 2
35714, 1
35715, 1
35716, 2
35717, 1
35718, 2
35719, 1
35721, 2
35722, 1
35723, 1
35725, 1
35726, 1
35727, 1
35728, 1
35729, 2
35730, 2
35731, 1
35732, 1
35733, 2
35734, 1
35735, 2
35737, 1
35739, 1
35742, 1
35744, 1
35745, 1
35747, 2
35749, 2
35750, 1
35751, 2
35752, 1
35754, 1
35756, 2
35759, 2
35761, 1
35768, 1
35770, 1
35771, 1
35772, 1
35773, 2
35775, 1
35776, 2
35783, 1
35785, 1
35788, 2
35789, 1
35791, 1
35792, 1
35794, 2
35797, 2
35798, 1
35801, 2
35803, 1
35806, 1
35809, 3
35810, 1
35812, 2
35813, 1
35815, 1
35818, 1
35822, 1
35824, 1
35830, 1
35831, 2
35834, 4
35836, 2
35839, 2
35842, 1
35843, 1
35845, 1
35846, 1
35848, 1
35851, 1
35855, 3
35857, 1
35866, 1
35867, 1
35869, 2
35872, 1
35922, 1
35924, 1
35927, 1
35936, 1
35939, 1
35960, 1
35962, 1
36182, 1
36183, 1
36194, 1
36195, 2
36198, 1
36206, 1
36207, 1
36210, 1
36212, 2
36218, 1
36219, 1
36221, 1
36222, 2
36224, 1
36233, 2
36234, 1
36243, 1
36245, 1
36247, 1
36251, 1
36253, 1
36258, 1
36259, 1
36260, 1
36261, 1
36262, 1
36263, 2
36266, 1
36270, 1
36271, 1
36272, 1
36273, 4
36278, 1
36282, 4
36283, 1
36284, 1
36286, 1
36290, 2
36291, 2
36292, 3
36296, 1
36298, 1
36299, 1
36300, 1
36301, 1
36302, 4
36305, 1
36310, 1
36311, 3
36312, 3
36316, 1
36320, 1
36321, 3
36322, 1
36323, 1
36325, 1
36329, 2
36330, 2
36331, 3
36335, 1
36337, 1
36338, 1
36339, 1
36340, 2
36341, 3
36344, 1
36349, 1
36350, 4
36351, 2
36356, 1
36359, 1
36360, 3
36361, 1
36362, 1
36364, 1
36366, 1
36368, 1
36369, 1
36370, 3
36374, 1
36376, 1
36377, 1
36378, 1
36379, 4
36380, 1
36383, 1
36388, 1
36389, 3
36390, 1
36394, 1
36398, 1
36400, 1
36401, 1
36403, 1
36407, 2
36408, 1
36413, 1
36415, 1
36416, 1
36417, 1
36418, 1
36419, 1
36421, 1
36427, 2
36428, 1
36429, 1
36433, 1
36439, 1
36440, 1
36442, 1
36446, 2
36452, 1
36454, 1
36455, 2
36458, 1
36460, 1
36466, 1
36467, 2
36468, 1
36472, 1
36478, 1
36479, 1
36481, 1
36485, 2
36491, 1
36493, 1
36494, 2
36496, 1
36499, 1
36505, 1
36506, 3
36511, 1
36517, 1
36518, 1
36520, 1
36523, 1
36524, 1
36527, 1
36530, 1
36532, 1
36533, 1
36535, 1
36538, 1
36544, 1
36545, 3
36550, 1
36556, 1
36557, 1
36559, 1
36562, 1
36563, 1
36565, 1
36569, 1
36571, 1
36572, 1
36574, 1
36577, 1
36583, 1
36584, 2
36585, 1
36589, 1
36595, 1
36596, 1
36598, 1
36601, 1
36602, 1
36605, 1
36607, 1
36610, 1
36611, 1
36613, 1
36615, 1
36622, 2
36623, 2
36628, 1
36634, 1
36635, 1
36637, 1
36640, 1
36641, 1
36642, 1
36647, 1
36649, 1
36650, 1
36652, 1
36655, 1
36660, 1
36661, 1
36662, 2
36667, 1
36673, 1
36674, 1
36676, 1
36679, 1
36680, 1
36682, 1
36686, 1
36688, 1
36689, 1
36691, 2
36694, 1
36699, 1
36700, 2
36701, 1
36706, 1
36712, 1
36713, 1
36718, 1
36719, 1
36721, 1
36725, 1
36727, 1
36728, 1
36730, 2
36733, 1
36739, 2
36740, 2
36744, 1
36751, 1
36752, 1
36757, 1
36758, 1
36760, 1
36764, 1
36766, 1
36767, 1
36769, 1
36770, 1
36772, 1
36778, 2
36779, 2
36784, 1
36790, 1
36791, 1
36795, 1
36796, 1
36799, 1
36803, 1
36805, 1
36806, 1
36808, 2
36811, 1
36817, 2
36818, 2
36823, 1
36827, 1
36829, 1
36830, 1
36835, 1
36837, 1
36841, 1
36844, 2
36847, 1
36848, 1
36850, 1
36856, 3
36857, 1
36861, 1
36868, 2
36869, 1
36874, 1
36877, 1
36880, 1
36883, 2
36886, 2
36889, 1
36894, 1
36895, 2
36896, 1
36901, 1
36907, 3
36913, 1
36916, 1
36919, 1
36921, 1
36922, 1
36925, 2
36928, 1
36933, 1
36934, 2
36935, 1
36940, 1
36944, 1
36946, 1
36947, 1
36952, 1
36955, 1
36958, 1
36960, 1
36961, 1
36964, 2
36967, 1
36972, 1
36973, 2
36974, 1
36979, 1
36985, 3
36991, 1
36994, 1
36997, 1
36999, 1
37000, 1
37003, 2
37005, 1
37011, 1
37012, 2
37013, 1
37017, 1
37023, 1
37024, 2
37030, 1
37033, 1
37036, 1
37038, 1
37039, 1
37042, 2
37044, 1
37050, 2
37051, 2
37057, 1
37062, 1
37063, 2
37069, 1
37072, 1
37075, 1
37077, 1
37078, 1
37081, 2
37083, 1
37089, 1
37090, 2
37091, 1
37095, 1
37101, 1
37102, 2
37108, 1
37111, 1
37114, 1
37116, 1
37117, 1
37119, 1
37120, 1
37122, 1
37128, 1
37129, 2
37130, 1
37134, 1
37140, 1
37141, 2
37146, 1
37150, 1
37153, 1
37155, 1
37156, 1
37159, 2
37162, 1
37167, 1
37168, 2
37169, 1
37173, 1
37179, 1
37180, 2
37186, 1
37189, 1
37192, 1
37194, 1
37195, 1
37198, 2
37200, 1
37206, 1
37207, 2
37208, 1
37212, 1
37218, 1
37219, 2
37224, 1
37227, 1
37231, 1
37233, 1
37234, 1
37236, 1
37237, 1
37239, 1
37245, 2
37246, 1
37247, 1
37251, 1
37257, 1
37258, 2
37263, 1
37266, 1
37270, 1
37272, 1
37273, 1
37275, 1
37276, 1
37278, 1
37284, 2
37285, 1
37286, 1
37289, 1
37296, 1
37297, 2
37302, 1
37305, 1
37309, 1
37311, 1
37312, 1
37314, 1
37315, 1
37317, 1
37323, 2
37324, 1
37325, 1
37329, 1
37334, 1
37335, 2
37341, 1
37344, 1
37348, 1
37350, 2
37353, 1
37354, 1
37356, 1
37362, 2
37363, 2
37368, 1
37374, 1
37375, 2
37376, 1
37380, 1
37387, 1
37389, 2
37392, 1
37393, 1
37395, 1
37401, 2
37402, 2
37407, 1
37413, 2
37414, 1
37415, 1
37419, 1
37426, 1
37428, 2
37430, 1
37432, 1
37434, 1
37440, 2
37441, 2
37446, 1
37452, 2
37453, 2
37458, 1
37465, 1
37467, 1
37468, 1
37470, 1
37471, 1
37473, 1
37478, 1
37479, 1
37480, 2
37485, 1
37491, 2
37492, 2
37497, 1
37504, 1
37506, 2
37509, 1
37510, 1
37512, 1
37518, 2
37519, 2
37524, 1
37530, 2
37531, 2
37536, 1
37543, 1
37545, 2
37548, 1
37549, 1
37551, 1
37557, 2
37558, 2
37563, 1
37569, 3
37570, 1
37575, 1
37582, 1
37584, 2
37587, 1
37588, 1
37590, 1
37596, 2
37597, 2
37602, 1
37608, 3
37609, 1
37614, 1
37621, 1
37623, 2
37626, 2
37629, 1
37635, 3
37636, 1
37641, 1
37647, 2
37648, 2
37653, 1
37659, 1
37662, 2
37665, 2
37668, 1
37673, 1
37674, 2
37675, 1
37680, 1
37686, 3
37687, 1
37692, 1
37698, 1
37701, 2
37704, 2
37707, 1
37713, 3
37714, 1
37719, 1
37725, 3
37726, 1
37730, 1
37738, 1
37740, 2
37743, 2
37746, 1
37751, 1
37752, 2
37753, 1
37758, 1
37764, 3
37765, 1
37770, 1
37776, 1
37778, 1
37779, 1
37782, 2
37785, 1
37790, 1
37791, 2
37792, 1
37796, 1
37802, 1
37803, 2
37804, 1
37809, 1
37815, 1
37817, 1
37818, 1
37821, 2
37823, 1
37829, 1
37830, 2
37831, 1
37836, 1
37841, 1
37842, 2
37843, 1
37847, 1
37854, 1
37856, 1
37857, 1
37860, 2
37863, 1
37868, 1
37869, 2
37870, 1
37875, 1
37880, 1
37881, 2
37882, 1
37886, 1
37893, 1
37895, 1
37896, 1
37899, 2
37902, 1
37907, 1
37908, 2
37909, 1
37914, 1
37919, 1
37920, 2
37921, 1
37925, 1
37932, 1
37934, 1
37935, 1
37938, 2
37940, 1
37946, 1
37947, 2
37948, 1
37952, 1
37958, 1
37959, 2
37960, 1
37964, 1
37971, 1
37973, 2
37976, 1
37977, 1
37979, 1
37983, 1
37985, 1
37986, 1
37987, 1
37991, 1
37997, 1
37998, 2
37999, 1
38003, 1
38010, 1
38012, 2
38016, 2
38018, 1
38022, 1
38024, 1
38025, 1
38026, 1
38030, 1
38036, 1
38037, 2
38038, 1
38042, 1
38049, 1
38051, 2
38054, 1
38055, 1
38057, 1
38061, 1
38063, 1
38064, 1
38065, 1
38069, 1
38075, 2
38076, 2
38081, 1
38088, 1
38090, 2
38093, 1
38094, 1
38096, 1
38100, 1
38102, 2
38103, 1
38108, 1
38114, 2
38115, 1
38116, 1
38120, 1
38126, 1
38127, 1
38129, 2
38132, 1
38133, 1
38139, 1
38141, 1
38142, 2
38147, 1
38153, 2
38154, 1
38155, 1
38159, 1
38165, 1
38166, 1
38168, 1
38171, 1
38172, 1
38178, 1
38180, 1
38186, 1
38192, 2
38198, 1
38204, 1
38207, 1
38210, 1
38219, 1
38225, 1
38231, 1
38237, 1
38243, 1
38249, 1
40245, 1
40260, 1
40271, 1
40275, 1
40277, 1
40284, 1
40287, 1
40289, 1
40299, 2
40301, 1
40302, 1
40310, 1
40313, 1
40314, 1
40315, 1
40316, 1
40323, 1
40325, 1
40326, 1
40327, 1
40328, 1
40337, 1
40338, 1
40339, 1
40340, 2
40349, 1
40350, 1
40352, 1
40353, 1
40354, 1
40355, 1
40358, 1
40362, 1
40364, 1
40365, 1
40366, 1
40367, 1
40376, 1
40377, 1
40378, 2
40379, 1
40380, 1
40387, 2
40388, 1
40390, 1
40391, 1
40392, 1
40393, 1
40394, 1
40396, 1
40397, 3
40401, 1
40403, 1
40404, 1
40405, 1
40406, 1
40407, 4
40415, 1
40416, 4
40417, 2
40418, 2
40424, 1
40426, 3
40427, 1
40428, 1
40430, 1
40431, 1
40432, 1
40433, 1
40435, 1
40436, 3
40440, 2
40442, 1
40443, 1
40444, 1
40445, 4
40446, 1
40453, 1
40454, 2
40455, 2
40456, 1
40457, 2
40465, 4
40466, 1
40467, 1
40469, 1
40470, 2
40472, 1
40474, 1
40475, 3
40479, 1
40480, 1
40481, 1
40482, 2
40484, 4
40485, 1
40493, 1
40494, 5
40496, 1
40497, 1
40504, 3
40505, 2
40506, 1
40508, 1
40509, 1
40510, 2
40512, 1
40514, 3
40518, 2
40520, 1
40521, 1
40522, 1
40523, 2
40524, 3
40532, 1
40533, 5
40535, 2
40543, 4
40544, 1
40545, 1
40547, 1
40548, 2
40550, 1
40551, 1
40553, 3
40557, 2
40559, 2
40560, 2
40562, 3
40563, 2
40567, 1
40572, 5
40574, 2
40575, 1
40577, 2
40580, 1
40582, 3
40583, 2
40584, 2
40586, 1
40587, 1
40588, 1
40589, 1
40590, 1
40592, 3
40594, 1
40597, 1
40598, 1
40599, 1
40600, 1
40601, 3
40602, 2
40605, 3
40611, 4
40612, 1
40613, 3
40614, 1
40615, 1
40616, 1
40618, 3
40620, 1
40621, 4
40622, 1
40623, 1
40624, 1
40625, 1
40626, 2
40629, 2
40630, 1
40631, 2
40633, 1
40634, 1
40635, 2
40639, 2
40640, 4
40641, 2
40642, 1
40644, 2
40645, 1
40646, 2
40649, 2
40650, 5
40653, 1
40654, 2
40655, 2
40657, 1
40658, 1
40659, 1
40660, 4
40662, 1
40663, 1
40666, 2
40668, 2
40670, 3
40671, 1
40672, 1
40673, 1
40674, 2
40675, 2
40677, 2
40679, 5
40680, 3
40682, 2
40684, 1
40685, 3
40689, 3
40691, 1
40694, 2
40695, 1
40696, 1
40698, 2
40699, 4
40700, 1
40702, 1
40703, 1
40704, 1
40705, 1
40707, 3
40708, 1
40709, 4
40710, 1
40713, 2
40714, 1
40716, 1
40717, 3
40718, 4
40719, 1
40721, 1
40722, 1
40724, 1
40726, 1
40727, 1
40728, 3
40729, 1
40732, 1
40733, 1
40735, 2
40736, 1
40737, 2
40738, 4
40739, 1
40741, 2
40743, 1
40744, 1
40746, 1
40747, 2
40748, 2
40749, 1
40751, 1
40752, 2
40754, 1
40756, 1
40757, 2
40758, 2
40760, 3
40761, 1
40765, 3
40766, 2
40767, 2
40770, 1
40772, 1
40774, 2
40776, 2
40777, 3
40778, 1
40780, 2
40781, 4
40785, 2
40786, 1
40787, 4
40789, 1
40791, 2
40793, 2
40794, 1
40795, 1
40796, 2
40797, 1
40798, 1
40800, 4
40802, 1
40805, 2
40806, 4
40808, 2
40812, 1
40813, 1
40814, 1
40815, 3
40816, 3
40819, 1
40820, 1
40821, 4
40824, 1
40825, 2
40826, 3
40827, 2
40828, 1
40830, 2
40833, 2
40834, 1
40835, 4
40836, 1
40840, 2
40841, 2
40843, 1
40844, 1
40845, 2
40846, 1
40848, 2
40851, 1
40853, 1
40854, 2
40855, 4
40856, 2
40860, 1
40861, 3
40862, 1
40863, 1
40864, 3
40865, 2
40867, 2
40868, 1
40869, 1
40872, 1
40873, 3
40874, 3
40875, 1
40876, 1
40877, 1
40880, 1
40881, 2
40883, 1
40884, 4
40886, 2
40888, 1
40889, 1
40890, 1
40893, 1
40894, 4
40895, 1
40896, 2
40900, 1
40901, 1
40902, 3
40903, 3
40904, 2
40907, 2
40908, 3
40912, 4
40913, 4
40917, 1
40918, 1
40922, 2
40923, 3
40925, 2
40926, 1
40927, 1
40928, 1
40929, 1
40930, 1
40931, 1
40932, 4
40933, 3
40935, 1
40936, 3
40937, 1
40941, 3
40942, 3
40943, 1
40944, 1
40945, 1
40947, 3
40951, 2
40952, 7
40956, 1
40957, 3
40958, 1
40959, 1
40961, 1
40962, 4
40963, 2
40964, 1
40965, 2
40967, 1
40968, 2
40969, 1
40970, 2
40971, 3
40972, 2
40973, 2
40974, 1
40975, 2
40976, 1
40977, 1
40979, 2
40980, 2
40981, 3
40982, 1
40984, 1
40985, 2
40986, 2
40987, 1
40988, 1
40990, 3
40991, 3
40992, 3
40993, 2
40995, 2
40996, 2
40997, 2
40999, 3
41000, 2
41001, 3
41002, 1
41003, 1
41004, 1
41005, 1
41006, 1
41007, 1
41008, 2
41009, 3
41010, 4
41011, 1
41012, 1
41013, 3
41014, 4
41016, 1
41018, 1
41019, 5
41020, 3
41023, 2
41024, 3
41025, 3
41026, 2
41029, 3
41030, 4
41031, 3
41032, 2
41033, 1
41035, 1
41036, 2
41037, 3
41038, 1
41039, 2
41040, 2
41041, 1
41042, 2
41043, 1
41044, 1
41046, 2
41047, 4
41048, 2
41049, 3
41050, 2
41051, 2
41052, 4
41053, 2
41054, 2
41055, 1
41057, 2
41058, 3
41059, 4
41060, 2
41061, 1
41063, 2
41064, 1
41065, 1
41067, 1
41068, 3
41069, 4
41070, 2
41071, 2
41072, 2
41074, 1
41075, 4
41076, 3
41077, 1
41078, 2
41079, 1
41080, 2
41081, 4
41082, 3
41085, 1
41086, 2
41087, 2
41088, 3
41089, 1
41090, 1
41091, 4
41092, 3
41095, 1
41096, 3
41097, 2
41098, 5
41100, 1
41101, 2
41103, 1
41104, 2
41105, 3
41106, 2
41107, 2
41108, 3
41109, 2
41110, 1
41113, 2
41114, 1
41115, 1
41116, 2
41117, 2
41118, 3
41119, 1
41120, 1
41121, 1
41123, 1
41124, 2
41125, 3
41126, 1
41127, 2
41128, 2
41129, 3
41130, 1
41132, 1
41133, 2
41134, 1
41136, 1
41137, 4
41138, 1
41139, 1
41141, 1
41142, 4
41146, 3
41147, 3
41148, 1
41150, 2
41151, 1
41152, 1
41154, 2
41155, 1
41156, 2
41157, 3
41159, 2
41160, 1
41164, 2
41165, 1
41166, 4
41167, 2
41169, 1
41170, 2
41171, 1
41173, 1
41174, 1
41175, 1
41176, 5
41177, 1
41178, 2
41181, 2
41183, 2
41184, 1
41185, 2
41186, 3
41187, 1
41188, 1
41190, 1
41191, 1
41192, 1
41193, 1
41194, 1
41195, 2
41196, 2
41197, 1
41198, 1
41199, 1
41200, 2
41201, 1
41204, 2
41205, 4
41206, 2
41208, 1
41209, 2
41210, 2
41211, 3
41212, 2
41213, 1
41214, 3
41215, 4
41216, 3
41217, 1
41219, 1
41220, 3
41221, 2
41222, 2
41224, 2
41225, 3
41226, 1
41227, 2
41229, 1
41230, 1
41231, 1
41232, 2
41233, 1
41234, 4
41235, 1
41236, 1
41237, 3
41238, 2
41239, 1
41240, 2
41241, 1
41242, 1
41243, 2
41244, 6
41245, 2
41246, 1
41248, 1
41249, 1
41250, 1
41252, 1
41253, 2
41254, 4
41256, 2
41258, 2
41259, 2
41261, 1
41262, 1
41263, 3
41264, 3
41265, 1
41266, 2
41267, 1
41268, 3
41269, 1
41271, 1
41272, 2
41273, 5
41280, 1
41281, 1
41283, 4
41284, 1
41286, 1
41287, 1
41289, 1
41290, 1
41291, 2
41293, 3
41294, 2
41295, 1
41296, 1
41298, 1
41302, 2
41303, 2
41312, 3
41321, 1
41322, 3
41330, 1
41331, 1
41332, 3
41339, 1
41341, 1
41342, 2
41351, 3
41361, 4
41370, 2
41371, 2
41379, 1
41380, 1
41381, 1
41390, 2
41400, 1
42158, 1
42179, 1
42192, 1
42205, 1
42207, 1
42219, 3
42220, 1
42230, 1
42234, 1
42235, 1
42236, 1
42246, 1
42247, 1
42249, 1
42259, 1
42261, 2
42273, 1
42274, 1
42285, 1
42286, 1
42298, 1
44190, 1
44202, 1
44229, 1
44231, 1
44232, 1
44241, 1
44243, 1
44244, 1
44256, 2
44268, 1
44270, 1
44271, 1
44273, 1
44280, 1
44282, 1
44283, 1
44285, 1
44288, 1
44295, 2
44299, 1
44300, 1
44302, 1
44307, 1
44309, 1
44310, 1
44312, 1
44314, 1
44319, 1
44321, 1
44322, 1
44324, 1
44326, 1
44327, 1
44333, 1
44334, 1
44338, 1
44339, 1
44341, 1
44345, 1
44348, 1
44349, 1
44351, 1
44353, 1
44358, 1
44360, 1
44361, 1
44363, 1
44365, 1
44366, 1
44373, 2
44377, 1
44378, 1
44380, 1
44385, 1
44387, 1
44388, 1
44390, 1
44392, 1
44397, 1
44399, 1
44400, 1
44402, 1
44404, 2
44411, 1
44412, 1
44414, 1
44416, 1
44417, 1
44424, 1
44426, 1
44427, 1
44429, 1
44431, 1
44436, 1
44438, 1
44439, 1
44441, 1
44443, 2
44450, 1
44451, 1
44453, 1
44455, 2
44462, 1
44465, 1
44466, 1
44467, 1
44470, 1
44475, 1
44477, 1
44478, 1
44480, 1
44482, 2
44489, 1
44490, 1
44492, 1
44494, 1
44495, 1
44502, 1
44504, 1
44505, 1
44507, 1
44509, 1
44514, 1
44516, 2
44519, 1
44521, 2
44528, 1
44529, 1
44531, 1
44533, 2
44540, 1
44543, 2
44546, 1
44548, 1
44553, 1
44555, 2
44558, 1
44560, 2
44567, 2
44570, 1
44572, 2
44575, 1
44579, 1
44582, 1
44585, 1
44587, 1
44592, 1
44594, 2
44597, 1
44599, 2
44606, 1
44607, 1
44609, 1
44610, 1
44611, 1
44614, 1
44618, 1
44621, 1
44623, 1
44625, 1
44631, 1
44633, 2
44635, 1
44638, 2
44645, 2
44648, 1
44650, 2
44653, 1
44657, 1
44660, 1
44662, 1
44665, 1
44670, 1
44672, 2
44674, 1
44677, 2
44684, 2
44686, 1
44688, 1
44689, 1
44692, 1
44696, 1
44699, 1
44701, 1
44704, 1
44709, 1
44711, 2
44713, 1
44715, 1
44716, 1
44723, 2
44726, 1
44727, 1
44728, 1
44731, 1
44735, 1
44737, 1
44738, 1
44740, 1
44743, 1
44748, 1
44750, 2
44752, 1
44754, 1
44762, 2
44764, 1
44766, 1
44767, 1
44770, 1
44774, 1
44776, 1
44777, 1
44779, 1
44781, 1
44787, 1
44789, 2
44791, 1
44794, 1
44801, 2
44803, 1
44805, 1
44806, 1
44809, 1
44813, 1
44815, 1
44816, 1
44818, 1
44821, 1
44826, 1
44828, 2
44830, 1
44832, 1
44840, 2
44842, 1
44844, 1
44845, 1
44848, 1
44852, 1
44854, 1
44855, 1
44857, 1
44859, 1
44865, 1
44867, 2
44869, 1
44871, 1
44879, 2
44881, 1
44883, 1
44884, 1
44887, 1
44891, 1
44893, 1
44894, 1
44896, 1
44898, 1
44903, 1
44906, 2
44908, 1
44910, 1
44918, 2
44920, 1
44922, 1
44923, 1
44926, 1
44930, 2
44933, 1
44935, 1
44937, 1
44942, 1
44945, 2
44947, 1
44949, 1
44957, 2
44959, 1
44961, 1
44962, 1
44965, 1
44968, 1
44969, 1
44972, 1
44974, 1
44976, 1
44981, 1
44984, 2
44986, 1
44988, 1
44996, 2
44998, 1
45000, 1
45001, 1
45004, 1
45008, 2
45011, 1
45013, 1
45015, 1
45020, 1
45023, 2
45025, 1
45027, 1
45035, 2
45037, 1
45039, 1
45040, 1
45043, 1
45047, 2
45050, 1
45052, 1
45054, 1
45059, 1
45062, 2
45064, 1
45066, 1
45074, 2
45076, 1
45078, 1
45079, 1
45082, 1
45085, 1
45086, 1
45089, 1
45091, 1
45093, 1
45098, 1
45100, 1
45101, 1
45103, 1
45105, 1
45113, 2
45115, 1
45117, 1
45118, 1
45121, 1
45125, 2
45128, 1
45130, 1
45132, 1
45137, 1
45139, 1
45140, 1
45142, 1
45144, 1
45151, 1
45152, 1
45154, 1
45156, 1
45157, 1
45160, 1
45163, 1
45164, 1
45167, 1
45169, 1
45171, 1
45176, 1
45178, 1
45179, 1
45181, 1
45183, 1
45190, 1
45191, 1
45193, 1
45195, 1
45196, 1
45199, 1
45202, 1
45203, 1
45206, 1
45208, 1
45210, 1
45215, 1
45217, 1
45218, 1
45220, 1
45222, 1
45229, 2
45232, 1
45234, 1
45235, 1
45238, 1
45241, 1
45242, 1
45244, 1
45246, 1
45249, 1
45254, 1
45256, 1
45257, 1
45258, 1
45261, 1
45268, 1
45269, 1
45271, 1
45273, 2
45277, 1
45280, 1
45281, 1
45283, 1
45286, 1
45288, 1
45293, 1
45295, 2
45298, 1
45300, 1
45307, 2
45310, 1
45312, 2
45315, 1
45319, 2
45322, 1
45325, 1
45327, 1
45332, 1
45334, 2
45336, 1
45339, 1
45346, 2
45349, 1
45351, 2
45354, 1
45358, 2
45361, 1
45363, 1
45366, 1
45370, 1
45371, 1
45373, 2
45375, 1
45378, 1
45385, 2
45387, 1
45390, 4
45393, 1
45397, 2
45399, 1
45400, 3
45402, 1
45405, 1
45409, 3
45410, 2
45412, 2
45414, 1
45417, 1
45419, 3
45424, 2
45426, 1
45428, 2
45429, 4
45432, 1
45436, 2
45438, 2
45439, 4
45441, 1
45444, 1
45448, 3
45449, 2
45451, 2
45453, 1
45456, 1
45458, 3
45463, 2
45465, 1
45468, 6
45471, 1
45475, 2
45477, 3
45478, 3
45480, 1
45483, 1
45486, 1
45487, 3
45488, 1
45490, 2
45492, 1
45494, 1
45497, 3
45502, 2
45504, 1
45506, 1
45507, 5
45510, 1
45514, 2
45516, 3
45517, 3
45519, 1
45522, 1
45526, 5
45529, 2
45531, 1
45533, 1
45536, 3
45541, 2
45543, 1
45545, 2
45546, 4
45549, 1
45552, 1
45553, 1
45555, 3
45556, 3
45558, 1
45561, 1
45564, 1
45565, 4
45568, 2
45570, 1
45572, 1
45575, 3
45580, 2
45582, 1
45584, 2
45585, 4
45588, 1
45591, 1
45592, 1
45593, 1
45594, 3
45595, 2
45597, 1
45599, 1
45603, 1
45604, 4
45607, 2
45609, 1
45611, 1
45614, 3
45619, 2
45621, 1
45623, 2
45624, 4
45627, 1
45630, 1
45631, 1
45632, 1
45633, 2
45634, 3
45636, 1
45638, 1
45642, 1
45643, 4
45646, 2
45648, 1
45650, 1
45653, 3
45655, 1
45658, 2
45660, 1
45662, 3
45663, 3
45669, 1
45670, 1
45671, 1
45672, 3
45673, 2
45675, 1
45677, 1
45681, 1
45682, 4
45685, 2
45687, 1
45689, 1
45692, 3
45694, 1
45697, 2
45699, 1
45701, 3
45702, 3
45708, 1
45709, 1
45710, 1
45711, 4
45712, 1
45714, 1
45716, 1
45720, 1
45721, 4
45723, 1
45724, 1
45726, 1
45728, 1
45730, 1
45731, 3
45733, 1
45736, 2
45738, 1
45740, 3
45741, 2
45747, 1
45748, 1
45749, 1
45750, 3
45751, 2
45753, 1
45755, 1
45759, 1
45760, 4
45762, 1
45763, 1
45765, 1
45767, 1
45769, 1
45770, 3
45772, 1
45775, 2
45777, 1
45779, 3
45780, 2
45786, 1
45787, 1
45788, 1
45789, 4
45790, 1
45792, 1
45794, 1
45796, 1
45799, 5
45801, 1
45802, 1
45804, 2
45806, 1
45808, 1
45809, 2
45811, 1
45812, 1
45814, 2
45816, 2
45818, 3
45819, 1
45821, 1
45824, 2
45825, 1
45826, 1
45827, 1
45828, 2
45829, 2
45831, 1
45833, 2
45836, 2
45837, 1
45838, 1
45839, 1
45840, 1
45841, 2
45843, 1
45845, 1
45847, 1
45848, 1
45850, 1
45851, 1
45852, 1
45853, 1
45855, 1
45857, 1
45858, 1
45863, 1
45864, 1
45865, 2
45867, 2
45868, 2
45870, 1
45872, 1
45877, 4
45879, 1
45880, 1
45882, 2
45884, 1
45886, 1
45887, 1
45888, 1
45889, 1
45891, 2
45892, 1
45893, 1
45894, 2
45896, 3
45897, 1
45898, 1
45900, 1
45903, 2
45904, 1
45905, 3
45907, 1
45908, 1
45909, 1
45910, 1
45911, 1
45915, 1
45916, 2
45918, 1
45919, 2
45921, 1
45922, 1
45923, 1
45924, 1
45928, 1
45930, 1
45931, 1
45933, 1
45935, 3
45936, 1
45937, 1
45940, 1
45942, 1
45943, 2
45945, 3
45946, 1
45948, 1
45950, 1
45954, 1
45955, 2
45957, 3
45958, 1
45959, 1
45960, 2
45962, 1
45963, 1
45964, 1
45967, 1
45969, 2
45970, 1
45972, 3
45974, 2
45975, 1
45977, 1
45980, 1
45981, 1
45982, 1
45984, 1
45985, 1
45987, 2
45989, 1
45990, 1
45994, 3
45996, 2
45999, 1
46001, 1
46003, 3
46006, 2
46008, 2
46011, 1
46012, 2
46013, 3
46015, 1
46017, 1
46018, 1
46019, 1
46021, 1
46022, 2
46023, 1
46024, 1
46026, 1
46027, 1
46028, 1
46029, 1
46031, 1
46033, 2
46035, 1
46036, 1
46038, 1
46040, 1
46041, 1
46042, 1
46044, 1
46045, 1
46047, 1
46048, 1
46050, 1
46051, 1
46052, 3
46054, 1
46056, 1
46057, 1
46058, 1
46060, 1
46061, 2
46063, 1
46064, 1
46066, 1
46067, 1
46068, 1
46069, 1
46070, 1
46071, 1
46072, 1
46074, 1
46075, 1
46076, 3
46079, 1
46080, 1
46081, 1
46083, 1
46084, 1
46086, 1
46087, 1
46088, 1
46091, 3
46095, 1
46097, 2
46099, 3
46101, 2
46104, 1
46105, 1
46106, 2
46108, 1
46109, 1
46110, 2
46113, 3
46116, 1
46118, 1
46120, 1
46121, 1
46123, 1
46125, 1
46126, 1
46127, 1
46128, 2
46130, 4
46136, 1
46138, 2
46139, 2
46140, 1
46142, 2
46145, 2
46146, 1
46149, 3
46152, 2
46154, 1
46157, 1
46158, 2
46159, 1
46161, 1
46162, 1
46164, 2
46166, 1
46168, 2
46169, 2
46171, 1
46172, 1
46174, 1
46175, 2
46176, 2
46179, 1
46181, 1
46183, 1
46184, 1
46185, 1
46187, 2
46191, 2
46193, 1
46195, 1
46196, 1
46198, 3
46202, 1
46203, 2
46205, 1
46207, 2
46208, 2
46214, 1
46215, 4
46217, 1
46218, 1
46220, 1
46223, 1
46226, 3
46227, 1
46232, 1
46235, 2
46236, 1
46237, 2
46243, 1
46244, 1
46246, 1
46247, 3
46256, 4
46257, 1
46259, 1
46262, 1
46265, 1
46266, 3
46273, 1
46274, 1
46275, 1
46276, 2
46285, 1
46286, 3
46295, 4
46296, 1
46304, 1
46305, 3
46314, 1
46315, 3
46324, 1
46325, 2
46334, 4
46335, 1
46343, 1
46344, 3
46353, 1
46354, 3
46363, 1
46364, 2
46373, 3
46374, 1
46383, 3
46393, 2
46402, 1
46403, 1
46412, 1
48228, 1
48240, 1
48248, 1
48250, 1
48255, 1
48260, 1
48261, 1
48266, 1
48269, 1
48270, 1
48272, 1
48283, 1
48284, 1
48289, 1
48290, 2
48294, 1
48301, 1
48302, 2
48306, 1
48308, 1
48313, 1
48314, 1
48317, 1
48320, 1
48321, 1
48322, 2
48323, 1
48325, 1
48326, 1
48332, 1
48335, 2
48340, 2
48345, 2
48347, 1
48349, 1
48353, 1
48364, 1
48365, 1
48366, 2
48371, 1
48372, 1
48375, 2
48377, 1
48380, 1
48383, 1
48384, 1
48386, 2
48390, 1
48391, 1
48395, 1
48396, 1
48404, 1
48406, 1
48412, 1
48413, 1
48416, 1
48418, 2
48422, 1
48425, 3
48427, 1
48428, 1
48430, 1
48437, 1
48440, 1
48441, 1
48443, 1
48445, 2
48452, 1
48457, 1
48458, 1
48462, 2
48464, 1
48466, 1
48467, 1
48468, 1
48474, 2
48476, 2
48479, 1
48484, 1
48490, 1
48494, 1
48497, 1
48498, 1
48499, 1
48501, 1
48503, 2
48507, 2
48513, 1
48515, 1
48516, 1
48521, 2
48528, 1
48530, 1
48535, 1
48536, 2
48539, 1
48540, 1
48542, 1
48544, 1
48548, 1
48552, 2
48556, 1
48560, 1
48561, 1
48567, 1
48568, 1
48572, 1
48574, 1
48575, 1
48576, 1
48581, 1
48584, 1
48585, 1
48587, 1
48591, 1
48592, 1
48593, 1
48596, 1
48597, 1
48599, 1
48603, 1
48605, 1
48608, 1
48611, 1
48614, 1
48619, 1
48620, 1
48623, 1
48626, 2
48630, 1
48631, 1
48632, 1
48635, 1
48638, 2
48642, 1
48643, 1
48647, 1
48650, 1
48653, 1
48658, 1
48659, 1
48662, 1
48664, 1
48665, 1
48669, 1
48670, 1
48671, 1
48674, 1
48677, 2
48681, 1
48682, 1
48686, 1
48689, 1
48692, 1
48697, 1
48698, 1
48701, 1
48704, 2
48708, 1
48710, 2
48713, 1
48716, 2
48720, 1
48722, 1
48725, 1
48728, 1
48729, 1
48736, 1
48737, 1
48740, 1
48743, 2
48747, 1
48748, 1
48749, 1
48752, 1
48755, 2
48759, 1
48761, 1
48764, 1
48766, 1
48768, 1
48775, 1
48776, 1
48779, 1
48781, 2
48786, 1
48787, 1
48788, 1
48791, 1
48794, 2
48798, 1
48800, 1
48803, 1
48805, 1
48808, 1
48814, 1
48815, 1
48818, 1
48820, 2
48825, 1
48826, 1
48827, 1
48830, 1
48832, 1
48833, 1
48837, 1
48839, 1
48842, 1
48845, 1
48847, 1
48853, 1
48854, 1
48856, 1
48859, 2
48864, 1
48865, 1
48866, 1
48869, 1
48871, 1
48872, 1
48876, 1
48878, 1
48881, 1
48883, 1
48886, 1
48892, 1
48893, 1
48895, 1
48898, 2
48903, 1
48904, 1
48905, 1
48907, 1
48910, 1
48911, 1
48915, 1
48917, 1
48920, 1
48922, 1
48925, 1
48931, 1
48932, 1
48934, 1
48935, 1
48937, 1
48942, 1
48943, 1
48944, 1
48947, 1
48949, 1
48950, 1
48954, 2
48959, 1
48961, 1
48964, 1
48970, 1
48971, 1
48973, 1
48976, 2
48981, 1
48982, 1
48983, 1
48985, 1
48988, 1
48989, 1
48993, 1
48995, 1
48998, 1
49000, 1
49003, 1
49009, 1
49010, 1
49012, 1
49015, 2
49020, 1
49021, 1
49022, 1
49024, 1
49027, 2
49032, 1
49034, 1
49037, 1
49039, 1
49041, 1
49048, 1
49049, 1
49051, 1
49054, 2
49059, 1
49060, 1
49061, 1
49064, 1
49066, 2
49071, 1
49072, 1
49076, 1
49078, 1
49081, 1
49087, 1
49088, 1
49090, 1
49093, 2
49098, 1
49099, 1
49100, 1
49102, 1
49105, 2
49110, 1
49111, 1
49115, 1
49117, 1
49118, 1
49120, 1
49127, 1
49129, 1
49132, 2
49136, 1
49138, 1
49139, 1
49141, 1
49144, 2
49148, 1
49150, 1
49154, 1
49156, 1
49158, 1
49159, 1
49165, 1
49168, 1
49171, 2
49176, 1
49177, 1
49178, 1
49180, 1
49183, 2
49188, 1
49189, 1
49192, 1
49195, 1
49197, 1
49198, 1
49205, 1
49207, 1
49210, 2
49214, 1
49215, 1
49216, 1
49219, 1
49222, 2
49226, 1
49228, 1
49231, 1
49234, 1
49235, 1
49237, 1
49244, 1
49246, 1
49249, 2
49253, 1
49255, 1
49256, 1
49258, 1
49261, 2
49265, 1
49267, 1
49270, 1
49273, 1
49274, 1
49276, 1
49282, 1
49285, 1
49288, 2
49292, 1
49294, 2
49297, 1
49300, 2
49304, 1
49306, 1
49309, 1
49312, 1
49313, 1
49315, 1
49321, 1
49324, 1
49327, 2
49331, 1
49333, 2
49336, 1
49339, 2
49343, 1
49345, 1
49348, 1
49351, 1
49352, 1
49354, 1
49360, 1
49363, 1
49366, 2
49370, 1
49371, 1
49372, 1
49375, 1
49378, 2
49382, 1
49383, 1
49387, 1
49390, 1
49391, 1
49393, 1
49399, 1
49402, 1
49405, 2
49409, 1
49410, 1
49411, 1
49414, 1
49416, 1
49417, 1
49421, 1
49422, 1
49426, 1
49429, 1
49430, 1
49431, 1
49438, 1
49441, 1
49444, 2
49448, 1
49450, 2
49453, 1
49456, 2
49460, 1
49461, 1
49465, 1
49468, 1
49469, 1
49470, 1
49477, 1
49480, 1
49482, 2
49487, 1
49488, 1
49489, 1
49492, 1
49493, 1
49494, 1
49495, 1
49499, 1
49504, 1
49507, 1
49508, 1
49509, 1
49516, 2
49518, 1
49520, 1
49521, 2
49527, 1
49528, 1
49531, 1
49533, 1
49534, 1
49536, 1
49539, 1
49541, 1
49543, 1
49546, 1
49547, 1
49548, 1
49555, 2
49560, 2
49561, 1
49565, 2
49566, 2
49572, 1
49577, 1
49578, 2
49585, 2
49587, 1
49590, 1
49591, 1
49596, 1
49598, 1
49599, 1
49604, 2
49609, 1
49611, 1
49616, 1
49617, 1
49621, 1
49623, 1
49626, 1
49630, 1
49633, 1
49636, 1
49638, 2
49643, 1
49645, 1
49648, 1
49650, 2
49655, 1
49656, 1
49660, 1
49662, 1
49664, 1
49665, 1
49672, 1
49674, 1
49677, 2
49682, 1
49683, 1
49684, 1
49686, 1
49689, 2
49694, 2
49699, 1
49701, 1
49702, 1
49704, 1
49711, 1
49713, 1
49716, 2
49721, 1
49722, 1
49723, 1
49726, 1
49728, 2
49733, 1
49734, 1
49738, 1
49740, 1
49741, 1
49743, 1
49750, 1
49752, 1
49755, 2
49760, 1
49761, 1
49762, 1
49764, 1
49767, 2
49772, 2
49777, 1
49779, 1
49780, 1
49782, 1
49789, 1
49791, 1
49794, 2
49799, 1
49800, 1
49801, 1
49803, 1
49806, 2
49810, 1
49811, 1
49816, 1
49818, 1
49819, 1
49821, 1
49828, 1
49830, 1
49833, 2
49837, 1
49839, 1
49840, 1
49842, 1
49845, 2
49849, 1
49851, 1
49854, 1
49857, 1
49858, 1
49860, 1
49867, 1
49869, 1
49872, 2
49876, 1
49878, 1
49879, 1
49881, 1
49884, 2
49888, 1
49889, 1
49893, 1
49896, 1
49897, 1
49899, 1
49905, 1
49908, 1
49911, 2
49915, 1
49917, 1
49918, 1
49920, 1
49923, 2
49927, 1
49928, 1
49932, 1
49935, 1
49936, 1
49938, 1
49945, 1
49947, 1
49950, 2
49954, 1
49956, 1
49957, 1
49959, 1
49962, 2
49966, 1
49967, 1
49971, 1
49974, 1
49975, 1
49977, 1
49984, 1
49986, 1
49989, 2
49993, 1
49995, 2
49998, 1
50001, 2
50005, 1
50006, 1
50010, 1
50013, 1
50014, 1
50016, 1
50022, 1
50025, 1
50028, 2
50032, 1
50033, 1
50035, 1
50037, 1
50040, 2
50044, 1
50045, 1
50049, 1
50052, 1
50053, 1
50055, 1
50061, 1
50064, 1
50066, 1
50067, 1
50071, 1
50073, 2
50076, 1
50079, 2
50083, 1
50084, 1
50088, 1
50091, 1
50092, 1
50094, 1
50100, 1
50103, 1
50106, 2
50110, 1
50111, 1
50112, 1
50115, 1
50118, 2
50122, 1
50123, 1
50127, 1
50130, 1
50131, 1
50133, 1
50139, 1
50142, 1
50145, 2
50149, 1
50151, 2
50154, 1
50157, 2
50161, 1
50162, 1
50166, 1
50169, 1
50170, 1
50172, 1
50178, 1
50180, 1
50184, 2
50188, 1
50189, 1
50190, 1
50193, 1
50195, 1
50196, 1
50200, 1
50205, 1
50208, 1
50209, 1
50210, 1
50217, 1
50219, 1
50222, 1
50223, 1
50228, 1
50229, 1
50232, 1
50235, 2
50244, 1
50247, 1
50249, 1
50256, 1
50262, 1
50267, 1
50273, 1
50286, 1
50406, 1
50415, 2
50424, 1
50425, 2
50434, 2
50435, 1
50439, 1
50442, 1
50444, 2
50445, 1
50454, 4
50463, 1
50464, 4
50473, 2
50474, 2
50483, 2
50484, 1
50492, 1
50493, 3
50502, 2
50503, 3
50512, 2
50513, 2
50522, 2
50523, 1
50532, 4
50541, 2
50542, 3
50551, 3
50552, 1
50561, 2
50562, 1
50571, 4
50580, 3
50581, 2
50590, 3
50591, 1
50600, 2
50601, 1
50610, 4
50619, 3
50620, 2
50629, 3
50630, 1
50639, 2
50640, 1
50648, 1
50649, 3
50658, 3
50659, 2
50668, 3
50669, 1
50678, 3
50687, 2
50688, 2
50697, 3
50698, 2
50707, 3
50708, 1
50717, 3
50727, 4
50736, 3
50737, 2
50746, 3
50747, 1
50755, 1
50756, 2
50765, 2
50766, 2
50775, 3
50776, 2
50785, 3
50786, 1
50795, 3
50804, 2
50805, 2
50814, 4
50815, 1
50824, 3
50825, 1
50834, 3
50843, 3
50844, 1
50853, 4
50854, 1
50862, 1
50863, 2
50864, 1
50872, 1
50873, 2
50882, 3
50883, 1
50892, 4
50893, 1
50902, 3
50903, 1
50911, 1
50912, 2
50921, 3
50922, 1
50931, 4
50932, 1
50940, 1
50941, 3
50950, 2
50951, 1
50960, 4
50970, 4
50971, 1
50979, 1
50980, 2
50981, 1
50989, 2
50990, 1
50999, 3
51000, 1
51008, 1
51009, 3
51010, 1
51018, 1
51019, 3
51028, 1
51029, 2
51038, 3
51039, 1
51048, 4
51049, 1
51057, 1
51058, 3
51067, 2
51068, 1
51077, 4
51087, 4
51088, 1
51096, 2
51097, 2
51106, 2
51107, 1
51116, 3
51117, 1
51126, 5
51135, 1
51136, 3
51145, 3
51155, 4
51165, 5
51174, 2
51175, 2
51184, 2
51185, 1
51194, 3
51195, 1
51203, 2
51204, 3
51213, 2
51214, 2
51223, 2
51224, 1
51233, 4
51242, 1
51243, 4
51252, 2
51253, 2
51262, 2
51263, 1
51272, 4
51281, 2
51282, 3
51291, 3
51292, 1
51301, 2
51302, 1
51311, 4
51320, 2
51321, 3
51330, 2
51331, 2
51340, 2
51341, 1
51350, 4
51359, 2
51360, 3
51369, 3
51370, 1
51379, 2
51380, 1
51389, 4
51398, 2
51399, 3
51408, 3
51417, 1
51418, 1
51428, 1
51437, 1
51438, 1
52243, 1
52263, 1
52267, 1
52279, 1
52282, 1
52288, 1
52291, 1
52294, 1
52302, 1
52303, 1
52305, 1
52307, 1
52315, 1
52316, 1
52317, 1
52319, 1
52321, 1
52327, 1
52329, 1
52330, 1
52331, 1
52332, 1
52334, 1
52340, 1
52342, 1
52343, 1
52344, 1
52346, 1
52354, 1
52355, 1
52356, 1
52358, 1
52360, 1
52365, 1
52367, 1
52369, 1
52370, 1
52371, 1
52373, 1
52379, 1
52380, 1
52382, 1
52384, 1
52385, 1
52393, 1
52394, 1
52395, 1
52397, 1
52399, 1
52404, 1
52406, 1
52407, 1
52409, 1
52410, 1
52411, 1
52418, 1
52419, 1
52421, 1
52422, 1
52424, 1
52431, 1
52433, 1
52434, 1
52436, 1
52437, 1
52443, 1
52445, 1
52446, 1
52448, 1
52449, 1
52451, 1
52457, 1
52459, 1
52460, 1
52461, 1
52463, 1
52470, 1
52472, 1
52473, 1
52475, 1
52476, 1
52482, 1
52484, 1
52485, 1
52487, 1
52488, 1
52489, 1
52496, 1
52497, 1
52499, 1
52500, 1
52501, 1
52509, 1
52511, 1
52512, 1
52514, 1
52515, 1
52521, 1
52523, 1
52524, 1
52526, 1
52527, 1
52528, 1
52535, 1
52536, 1
52538, 1
52539, 1
52540, 1
52548, 1
52550, 1
52551, 1
52553, 1
52554, 1
52560, 1
52562, 1
52563, 1
52565, 1
52566, 1
52567, 1
52574, 1
52575, 1
52577, 1
52578, 1
52580, 1
52585, 1
52586, 1
52587, 1
52589, 1
52592, 1
52593, 1
52599, 1
52601, 1
52602, 1
52604, 1
52606, 1
52613, 1
52614, 1
52616, 2
52617, 1
52625, 1
52626, 1
52628, 1
52629, 1
52631, 1
52632, 1
52638, 1
52640, 1
52641, 1
52643, 1
52645, 1
52652, 1
52653, 1
52655, 1
52656, 1
52657, 1
52664, 1
52665, 1
52667, 1
52668, 1
52669, 1
52671, 1
52677, 1
52679, 1
52680, 1
52682, 1
52684, 1
52691, 1
52692, 1
52694, 1
52695, 1
52697, 1
52703, 1
52704, 1
52706, 1
52707, 1
52709, 1
52710, 1
52716, 1
52718, 1
52719, 1
52721, 1
52723, 1
52730, 1
52731, 1
52733, 1
52734, 1
52735, 1
52742, 1
52743, 1
52745, 1
52746, 1
52748, 1
52749, 1
52755, 1
52757, 1
52758, 1
52760, 1
52762, 1
52769, 1
52770, 1
52772, 1
52773, 1
52775, 1
52781, 1
52782, 1
52784, 1
52785, 1
52787, 1
52788, 1
52794, 1
52796, 1
52797, 1
52799, 1
52801, 1
52808, 1
52809, 1
52810, 1
52812, 1
52813, 1
52820, 1
52821, 1
52822, 1
52824, 2
52826, 1
52833, 1
52835, 1
52836, 1
52837, 1
52840, 1
52847, 1
52848, 1
52849, 1
52850, 1
52851, 1
52852, 1
52854, 1
52859, 1
52860, 1
52862, 1
52863, 1
52864, 1
52866, 1
52867, 1
52872, 2
52874, 2
52877, 1
52879, 1
52886, 1
52887, 2
52888, 1
52891, 1
52892, 2
52897, 1
52899, 1
52901, 1
52902, 2
52904, 1
52907, 2
52908, 1
52910, 2
52912, 3
52917, 1
52922, 2
52923, 1
52925, 1
52926, 1
52927, 3
52928, 1
52931, 2
52935, 1
52937, 1
52940, 2
52942, 1
52943, 2
52944, 1
52946, 1
52947, 2
52948, 1
52950, 2
52951, 2
52952, 1
52953, 1
52958, 2
52962, 3
52965, 2
52966, 2
52967, 2
52968, 1
52970, 1
52971, 2
52972, 1
52973, 1
52977, 1
52978, 1
52981, 1
52982, 2
52983, 1
52985, 1
52986, 2
52988, 2
52990, 2
52991, 1
52992, 1
52993, 2
52997, 1
53001, 1
53002, 1
53003, 1
53004, 1
53005, 2
53006, 2
53007, 2
53008, 1
53009, 1
53010, 1
53011, 1
53012, 3
53013, 1
53016, 2
53017, 1
53021, 2
53022, 1
53023, 1
53024, 1
53026, 2
53028, 1
53030, 1
53031, 1
53033, 1
53036, 1
53038, 1
53040, 1
53041, 1
53043, 2
53044, 1
53045, 1
53046, 2
53047, 3
53048, 3
53050, 1
53051, 2
53052, 4
53053, 1
53055, 1
53056, 1
53057, 1
53060, 1
53061, 2
53065, 2
53066, 2
53067, 1
53070, 2
53071, 1
53074, 2
53077, 1
53081, 1
53082, 1
53083, 1
53086, 1
53087, 2
53088, 1
53089, 1
53091, 2
53092, 2
53093, 2
53096, 1
53097, 2
53098, 2
53101, 1
53103, 2
53105, 2
53106, 2
53107, 3
53110, 3
53112, 1
53117, 1
53122, 1
53125, 1
53128, 2
53129, 2
53130, 1
53132, 1
53133, 5
53134, 1
53135, 1
53138, 3
53143, 3
53145, 1
53147, 1
53148, 3
53152, 2
53153, 1
53156, 1
53157, 2
53161, 1
53164, 1
53166, 1
53167, 1
53168, 2
53169, 2
53171, 1
53172, 1
53173, 1
53174, 2
53176, 1
53178, 1
53179, 2
53183, 2
53184, 2
53185, 1
53187, 1
53188, 3
53191, 1
53192, 3
53193, 1
53197, 1
53204, 1
53206, 1
53207, 2
53209, 1
53210, 1
53211, 1
53212, 2
53214, 3
53216, 1
53218, 2
53219, 1
53223, 2
53225, 1
53226, 1
53227, 1
53228, 2
53231, 1
53232, 1
53233, 1
53237, 2
53241, 1
53242, 1
53243, 1
53246, 1
53247, 1
53248, 3
53249, 2
53251, 1
53252, 1
53253, 3
53254, 1
53258, 2
53263, 2
53265, 1
53267, 1
53268, 2
53269, 1
53272, 3
53273, 2
53276, 2
53277, 2
53281, 1
53282, 1
53285, 1
53286, 2
53288, 1
53289, 3
53293, 1
53294, 2
53298, 2
53299, 1
53303, 2
53304, 1
53307, 1
53308, 3
53309, 1
53312, 5
53313, 2
53314, 1
53316, 1
53317, 2
53318, 1
53319, 1
53323, 1
53324, 1
53326, 1
53327, 2
53328, 1
53329, 1
53330, 1
53331, 1
53332, 2
53333, 1
53334, 1
53335, 1
53337, 1
53338, 1
53339, 1
53343, 1
53344, 2
53347, 1
53348, 2
53349, 1
53350, 1
53352, 1
53353, 2
53354, 1
53355, 1
53358, 1
53359, 1
53362, 1
53363, 1
53364, 3
53367, 2
53368, 3
53369, 1
53372, 2
53373, 2
53374, 1
53377, 1
53378, 1
53382, 1
53383, 1
53385, 1
53386, 1
53387, 1
53389, 1
53390, 1
53391, 1
53392, 1
53395, 1
53396, 1
53397, 1
53398, 1
53402, 2
53403, 2
53406, 1
53407, 1
53408, 1
53409, 2
53411, 1
53413, 1
53414, 2
53416, 1
53417, 1
53418, 1
53419, 1
53422, 1
53426, 3
53427, 2
53428, 2
53430, 1
53431, 2
53432, 2
53433, 2
53435, 1
53438, 2
53439, 1
53440, 1
53442, 1
53443, 1
53444, 1
53445, 2
53447, 1
53449, 1
53450, 2
53452, 2
53454, 1
53455, 2
53465, 1
53466, 1
53469, 2
53471, 1
53472, 1
53473, 1
53474, 2
53475, 1
53476, 1
53478, 3
53479, 1
53480, 1
53481, 1
53483, 1
53484, 1
53485, 1
53486, 1
53488, 1
53489, 1
53490, 2
53491, 3
53492, 1
53497, 1
53507, 1
53509, 1
53510, 1
53514, 4
53518, 1
53519, 2
53523, 1
53524, 2
53528, 2
53529, 1
53531, 1
53533, 2
53534, 1
53536, 1
53537, 1
53538, 2
53540, 1
53541, 1
53542, 1
53545, 1
53550, 1
53554, 2
53559, 3
53563, 1
53564, 1
53568, 1
53569, 1
53571, 1
53573, 1
53577, 1
53578, 1
53590, 1
53595, 1
54146, 1
54159, 1
54187, 1
54196, 2
54201, 1
54206, 1
54209, 1
54214, 1
54224, 1
54227, 1
54232, 2
54237, 1
54238, 1
54243, 1
54247, 1
54251, 1
54256, 1
54266, 1
54273, 1
54275, 1
54282, 1
54287, 1
54288, 1
55374, 1
55388, 1
55394, 1
55397, 1
55398, 1
55404, 1
55407, 3
55408, 1
55413, 1
55417, 2
55418, 1
55427, 3
55428, 1
55433, 1
55436, 2
55437, 1
55443, 1
55446, 2
55447, 1
55452, 1
55456, 2
55457, 1
55466, 4
55472, 1
55475, 1
55476, 2
55481, 1
55485, 3
55491, 1
55495, 2
55496, 1
55505, 3
55506, 1
55511, 1
55514, 1
55515, 2
55520, 1
55524, 2
55525, 1
55530, 1
55534, 2
55535, 1
55543, 1
55544, 3
55550, 1
55553, 1
55554, 2
55559, 1
55563, 3
55569, 1
55573, 3
55582, 1
55583, 3
55589, 1
55592, 1
55593, 2
55598, 1
55602, 3
55608, 1
55612, 3
55622, 4
55628, 1
55631, 2
55632, 1
55637, 1
55641, 3
55647, 1
55651, 3
55660, 1
55661, 3
55666, 1
55670, 2
55671, 1
55676, 1
55680, 3
55686, 1
55690, 3
55699, 1
55700, 3
55705, 1
55709, 2
55710, 1
55715, 1
55719, 3
55725, 1
55729, 3
55734, 1
55739, 3
55744, 1
55748, 3
55754, 1
55758, 3
55764, 1
55768, 3
55773, 1
55777, 1
55778, 2
55783, 1
55787, 3
55793, 1
55797, 3
55803, 1
55807, 3
55812, 1
55817, 3
55822, 1
55826, 2
55827, 1
55832, 1
55835, 1
55836, 2
55842, 1
55846, 3
55851, 1
55855, 1
55856, 2
55861, 1
55865, 3
55871, 1
55874, 1
55875, 2
55881, 1
55884, 1
55885, 2
55890, 1
55894, 1
55895, 2
55900, 1
55904, 3
55910, 1
55913, 1
55914, 2
55920, 1
55923, 2
55924, 1
55929, 1
55933, 1
55934, 2
55939, 1
55943, 3
55949, 1
55952, 2
55953, 1
55958, 1
55962, 1
55963, 2
55968, 1
55972, 1
55973, 2
55978, 1
55982, 3
55988, 1
55991, 2
55992, 1
55998, 1
56001, 1
56002, 2
56007, 1
56011, 2
56012, 1
56017, 1
56021, 3
56027, 1
56030, 2
56031, 1
56036, 1
56040, 2
56041, 1
56046, 1
56050, 3
56056, 1
56060, 3
56066, 1
56069, 1
56070, 2
56075, 1
56079, 2
56080, 1
56085, 1
56089, 2
56090, 1
56095, 1
56099, 3
56105, 1
56108, 2
56109, 1
56114, 1
56118, 2
56119, 1
56124, 1
56128, 3
56134, 1
56137, 1
56138, 2
56144, 1
56147, 2
56148, 1
56153, 1
56157, 3
56163, 1
56167, 3
56173, 1
56177, 3
56183, 1
56186, 3
56192, 1
56196, 3
56202, 1
56206, 3
56212, 1
56215, 2
56216, 1
56221, 1
56225, 3
56231, 1
56235, 3
56241, 1
56245, 3
56251, 1
56254, 1
56255, 2
56260, 1
56264, 3
56267, 1
56270, 1
56273, 1
56274, 3
56280, 1
56284, 3
56285, 1
56289, 1
56292, 1
56293, 1
56294, 3
56297, 1
56299, 1
56303, 2
56304, 1
56306, 2
56309, 2
56312, 1
56313, 3
56319, 2
56321, 1
56323, 3
56324, 1
56329, 1
56331, 1
56332, 1
56333, 3
56336, 1
56338, 1
56342, 3
56344, 2
56345, 1
56348, 2
56351, 1
56352, 3
56358, 3
56359, 1
56360, 1
56362, 3
56363, 1
56368, 1
56370, 2
56371, 3
56372, 2
56375, 1
56381, 3
56382, 1
56383, 1
56384, 2
56387, 1
56390, 1
56391, 3
56397, 2
56398, 1
56399, 1
56401, 2
56402, 1
56409, 2
56410, 1
56411, 1
56414, 1
56421, 1
56422, 1
56423, 2
56426, 1
56429, 1
56436, 2
56437, 1
56438, 1
56441, 1
56448, 2
56449, 1
56450, 1
56453, 1
56461, 2
56462, 2
56465, 1
56468, 1
56475, 2
56476, 1
56477, 1
56480, 1
56487, 2
56488, 1
56489, 1
56492, 1
56499, 1
56500, 1
56501, 2
56504, 1
56507, 1
56514, 2
56515, 1
56516, 1
56519, 1
56525, 1
56526, 1
56527, 1
56528, 1
56531, 1
56538, 1
56539, 1
56540, 2
56543, 1
56546, 1
56553, 3
56555, 1
56558, 1
56565, 2
56566, 1
56567, 2
56570, 1
56577, 1
56578, 2
56579, 1
56582, 1
56585, 1
56592, 2
56594, 1
56597, 1
56604, 2
56605, 1
56606, 2
56609, 1
56615, 1
56616, 1
56617, 2
56618, 1
56621, 1
56631, 2
56633, 1
56636, 1
56642, 1
56643, 1
56644, 1
56645, 2
56648, 1
56654, 1
56655, 1
56656, 2
56657, 1
56659, 1
56670, 2
56672, 1
56675, 1
56681, 1
56682, 1
56683, 1
56684, 2
56687, 1
56693, 1
56694, 1
56695, 2
56696, 1
56699, 1
56709, 2
56711, 1
56714, 1
56720, 1
56721, 2
56722, 1
56723, 1
56726, 1
56732, 1
56733, 1
56734, 2
56735, 1
56738, 1
56748, 2
56750, 1
56752, 1
56759, 1
56760, 1
56761, 1
56762, 2
56764, 1
56771, 1
56772, 2
56773, 1
56774, 1
56776, 1
56787, 2
56789, 1
56791, 1
56798, 1
56799, 2
56800, 1
56801, 1
56804, 1
56810, 1
56811, 1
56812, 2
56813, 1
56815, 1
56825, 1
56826, 1
56828, 1
56830, 1
56837, 1
56838, 2
56839, 2
56842, 1
56849, 1
56850, 2
56851, 2
56855, 1
56863, 1
56865, 1
56866, 1
56869, 1
56876, 1
56877, 2
56878, 2
56881, 1
56888, 1
56889, 2
56890, 1
56891, 1
56893, 1
56902, 1
56904, 1
56906, 1
56908, 1
56915, 1
56916, 2
56917, 2
56920, 1
56927, 1
56928, 2
56929, 2
56932, 1
56941, 1
56943, 1
56945, 1
56947, 1
56954, 2
56955, 1
56956, 2
56959, 1
56966, 1
56967, 2
56968, 2
56971, 1
56980, 1
56982, 1
56983, 1
56986, 1
56993, 1
56994, 2
56995, 2
56998, 1
57005, 1
57006, 2
57007, 2
57010, 1
57019, 1
57021, 1
57022, 1
57025, 1
57032, 2
57033, 1
57034, 2
57037, 1
57044, 1
57045, 2
57046, 2
57049, 1
57058, 1
57059, 1
57061, 1
57064, 1
57071, 2
57072, 2
57073, 1
57076, 1
57083, 1
57084, 2
57085, 2
57088, 1
57097, 1
57098, 1
57100, 1
57103, 1
57110, 3
57111, 1
57112, 1
57115, 1
57122, 1
57123, 3
57124, 1
57127, 1
57136, 1
57137, 1
57139, 1
57142, 1
57149, 3
57150, 1
57151, 1
57154, 1
57160, 1
57162, 3
57163, 1
57166, 1
57175, 1
57176, 1
57178, 1
57181, 1
57188, 3
57189, 1
57190, 1
57193, 1
57200, 2
57201, 2
57202, 1
57205, 1
57214, 1
57215, 1
57217, 1
57220, 1
57227, 3
57228, 1
57229, 1
57232, 1
57239, 2
57240, 2
57241, 1
57244, 1
57253, 1
57254, 1
57256, 1
57259, 1
57266, 3
57267, 1
57268, 1
57271, 1
57278, 2
57279, 2
57280, 1
57283, 1
57292, 1
57293, 1
57295, 1
57298, 1
57304, 1
57305, 2
57306, 1
57307, 1
57310, 1
57317, 2
57318, 2
57319, 1
57322, 1
57331, 1
57332, 1
57334, 1
57337, 1
57343, 1
57344, 2
57345, 1
57346, 1
57349, 1
57355, 1
57356, 1
57357, 2
57358, 1
57361, 1
57370, 1
57371, 1
57373, 1
57376, 1
57382, 1
57383, 2
57384, 1
57385, 1
57388, 1
57394, 1
57395, 1
57396, 2
57397, 1
57400, 1
57409, 1
57410, 1
57412, 1
57415, 1
57421, 1
57422, 2
57423, 1
57424, 1
57426, 1
57433, 1
57434, 2
57435, 1
57436, 1
57439, 1
57448, 1
57449, 1
57451, 1
57453, 1
57460, 1
57461, 2
57462, 1
57463, 1
57465, 1
57472, 1
57473, 1
57474, 2
57475, 1
57478, 1
57486, 1
57487, 1
57488, 1
57490, 1
57492, 1
57500, 3
57502, 1
57504, 1
57511, 1
57512, 2
57513, 1
57514, 1
57516, 1
57525, 1
57526, 1
57527, 1
57528, 1
57531, 1
57539, 2
57540, 1
57541, 1
57544, 1
57550, 1
57551, 3
57553, 1
57556, 1
57564, 1
57565, 1
57566, 1
57567, 1
57570, 1
57577, 1
57578, 2
57580, 1
57582, 1
57589, 1
57590, 3
57591, 1
57594, 1
57603, 2
57605, 1
57606, 1
57609, 1
57617, 3
57619, 1
57621, 1
57628, 1
57629, 3
57631, 1
57633, 1
57642, 2
57644, 1
57645, 1
57648, 1
57655, 1
57656, 2
57657, 1
57660, 1
57667, 1
57668, 3
57669, 1
57672, 1
57681, 1
57682, 1
57683, 1
57684, 1
57687, 1
57695, 3
57697, 1
57699, 1
57706, 1
57707, 3
57708, 1
57711, 1
57719, 1
57720, 1
57721, 1
57723, 1
57726, 1
57733, 1
57734, 2
57736, 1
57738, 1
57745, 2
57746, 2
57747, 1
57750, 1
57758, 1
57759, 2
57762, 1
57765, 1
57772, 2
57773, 1
57774, 1
57777, 1
57781, 1
57784, 1
57785, 2
57786, 1
57789, 2
57797, 1
57798, 1
57801, 1
57804, 1
57808, 1
57811, 2
57812, 1
57813, 1
57816, 1
57823, 1
57824, 2
57825, 1
57827, 1
57833, 1
57834, 1
57836, 1
57837, 2
57839, 1
57842, 1
57844, 1
57850, 2
57851, 1
57862, 2
57863, 2
57865, 1
57867, 1
57875, 1
57876, 1
57879, 1
57882, 1
57886, 1
57889, 2
57891, 2
57894, 1
57897, 1
57901, 3
57903, 1
57906, 1
57915, 2
57916, 1
57918, 1
57921, 1
57925, 1
57928, 1
57929, 1
57930, 1
57933, 1
57939, 1
57940, 1
57941, 1
57942, 1
57945, 1
57953, 1
57954, 2
57957, 1
57960, 1
57967, 2
57968, 1
57969, 1
57972, 1
57979, 3
57980, 1
57981, 1
57984, 1
57992, 1
57993, 2
57996, 1
57999, 1
58006, 2
58007, 1
58008, 1
58011, 1
58018, 3
58019, 1
58020, 1
58023, 1
58031, 1
58032, 2
58035, 1
58038, 1
58045, 2
58046, 1
58047, 1
58050, 1
58056, 1
58057, 2
58058, 1
58059, 1
58062, 1
58070, 1
58071, 2
58074, 1
58077, 1
58084, 2
58085, 1
58086, 1
58089, 1
58096, 3
58097, 1
58098, 1
58101, 1
58109, 2
58110, 1
58113, 1
58116, 1
58123, 2
58124, 1
58125, 1
58128, 1
58134, 2
58135, 1
58136, 1
58137, 1
58140, 1
58148, 1
58149, 2
58152, 1
58155, 1
58162, 2
58163, 1
58164, 1
58167, 1
58173, 1
58174, 2
58175, 1
58176, 1
58179, 1
58187, 2
58188, 1
58191, 1
58193, 1
58201, 3
58203, 1
58206, 1
58212, 2
58213, 1
58214, 1
58215, 1
58218, 1
58226, 2
58227, 1
58230, 1
58232, 1
58239, 1
58240, 2
58242, 1
58244, 1
58250, 1
58252, 2
58253, 1
58256, 1
58265, 1
58266, 1
58268, 1
58278, 1
58279, 2
58281, 1
58291, 1
58292, 1
58304, 1
58317, 1
58318, 1
58330, 2
60274, 1
60276, 1
60277, 1
60293, 1
60296, 1
60307, 1
60308, 1
60310, 1
60313, 1
60317, 1
60321, 1
60326, 2
60329, 1
60332, 1
60336, 1
60338, 1
60343, 1
60345, 1
60347, 1
60354, 1
60355, 1
60358, 1
60359, 2
60362, 1
60364, 1
60365, 1
60367, 1
60372, 1
60374, 1
60380, 1
60385, 2
60386, 1
60387, 1
60391, 1
60394, 1
60395, 1
60396, 1
60397, 2
60398, 1
60399, 1
60407, 1
60409, 1
60410, 1
60414, 1
60417, 1
60418, 1
60419, 2
60422, 1
60423, 1
60424, 2
60426, 1
60427, 2
60429, 1
60430, 1
60431, 1
60434, 2
60436, 1
60437, 2
60439, 1
60443, 1
60444, 1
60446, 1
60448, 1
60450, 1
60452, 1
60454, 2
60455, 2
60456, 1
60457, 3
60459, 1
60461, 1
60465, 3
60466, 2
60467, 2
60470, 1
60471, 2
60475, 4
60476, 2
60479, 1
60483, 1
60484, 1
60485, 1
60486, 2
60489, 1
60493, 2
60494, 3
60496, 1
60498, 1
60499, 2
60504, 3
60505, 3
60509, 1
60511, 1
60513, 1
60514, 2
60515, 2
60518, 1
60521, 1
60523, 1
60524, 1
60525, 2
60526, 2
60527, 1
60529, 1
60531, 1
60533, 2
60535, 2
60538, 2
60539, 1
60541, 1
60542, 1
60543, 3
60544, 2
60549, 1
60550, 1
60553, 2
60554, 2
60555, 1
60558, 1
60561, 1
60562, 2
60563, 2
60564, 2
60566, 1
60568, 2
60572, 2
60573, 1
60580, 2
60582, 4
60583, 2
60590, 1
60592, 4
60593, 2
60594, 1
60595, 1
60598, 1
60601, 3
60602, 2
60603, 3
60604, 1
60606, 1
60611, 3
60612, 2
60614, 1
60619, 2
60621, 3
60622, 2
60623, 1
60625, 1
60626, 1
60630, 1
60631, 2
60632, 2
60635, 1
60637, 1
60639, 1
60640, 1
60641, 1
60642, 2
60643, 1
60644, 1
60646, 1
60650, 2
60651, 2
60652, 1
60655, 1
60660, 3
60661, 2
60662, 2
60664, 1
60667, 2
60668, 1
60670, 3
60671, 1
60672, 1
60674, 2
60676, 2
60679, 2
60681, 2
60685, 1
60686, 1
60689, 2
60690, 3
60691, 1
60697, 2
60699, 3
60700, 2
60703, 1
60704, 1
60706, 1
60708, 2
60709, 3
60710, 1
60717, 2
60718, 4
60719, 1
60720, 2
60721, 1
60723, 1
60728, 2
60729, 1
60731, 1
60735, 1
60736, 1
60737, 1
60738, 2
60739, 2
60740, 1
60741, 2
60742, 1
60745, 1
60747, 2
60748, 2
60749, 1
60750, 1
60755, 1
60756, 1
60757, 2
60759, 2
60760, 2
60764, 1
60767, 3
60768, 1
60772, 2
60773, 1
60776, 1
60777, 5
60778, 3
60781, 1
60783, 1
60786, 1
60787, 2
60788, 2
60790, 1
60791, 1
60796, 3
60797, 1
60798, 3
60801, 2
60802, 1
60803, 1
60806, 2
60807, 1
60809, 1
60810, 1
60814, 1
60815, 1
60816, 2
60817, 3
60820, 2
60823, 1
60824, 1
60825, 3
60826, 1
60827, 1
60828, 1
60833, 1
60835, 3
60836, 2
60837, 2
60838, 1
60840, 1
60843, 1
60845, 2
60846, 1
60848, 1
60849, 1
60852, 1
60854, 1
60855, 2
60856, 2
60857, 1
60860, 1
60861, 1
60863, 1
60864, 2
60865, 1
60866, 1
60867, 1
60868, 1
60869, 1
60870, 1
60872, 1
60873, 1
60874, 2
60875, 4
60877, 1
60884, 2
60885, 2
60887, 1
60892, 2
60893, 2
60894, 4
60895, 1
60900, 1
60903, 3
60904, 1
60905, 2
60906, 1
60909, 1
60913, 3
60914, 3
60918, 1
60919, 2
60921, 1
60922, 1
60923, 3
60924, 2
60926, 1
60929, 1
60931, 1
60932, 1
60933, 2
60934, 1
60935, 1
60938, 1
60940, 1
60941, 1
60942, 3
60943, 3
60944, 1
60950, 1
60952, 2
60953, 2
60955, 1
60958, 1
60960, 2
60962, 2
60963, 2
60966, 1
60970, 1
60971, 1
60972, 2
60973, 1
60974, 1
60979, 1
60981, 3
60982, 3
60983, 1
60985, 1
60987, 1
60988, 2
60989, 1
60991, 2
60992, 3
60993, 1
60994, 1
61001, 3
61002, 2
61010, 2
61011, 1
61012, 1
61016, 1
61018, 1
61020, 4
61021, 2
61022, 1
61026, 2
61030, 3
61031, 3
61039, 1
61040, 2
61041, 2
61043, 1
61045, 1
61047, 1
61048, 1
61049, 2
61050, 1
61051, 2
61058, 1
61059, 3
61060, 3
61063, 1
61066, 1
61069, 4
61070, 2
61072, 1
61073, 1
61078, 2
61080, 1
61081, 2
61082, 1
61084, 1
61087, 1
61088, 2
61089, 1
61090, 1
61093, 1
61096, 1
61097, 2
61098, 3
61099, 3
61105, 1
61108, 4
61109, 2
61111, 2
61114, 1
61117, 1
61118, 1
61119, 2
61120, 1
61123, 1
61126, 2
61127, 2
61128, 2
61132, 1
61135, 1
61137, 3
61138, 4
61142, 1
61144, 1
61147, 5
61148, 1
61149, 2
61152, 1
61156, 2
61158, 1
61159, 2
61162, 1
61165, 2
61166, 2
61167, 1
61168, 1
61170, 1
61174, 1
61176, 3
61177, 4
61181, 1
61182, 1
61185, 1
61186, 4
61187, 1
61188, 1
61189, 1
61192, 1
61195, 2
61197, 1
61198, 2
61201, 1
61204, 2
61205, 2
61206, 2
61210, 1
61213, 1
61215, 3
61216, 4
61219, 1
61222, 1
61224, 2
61225, 3
61226, 1
61228, 2
61230, 1
61234, 2
61236, 1
61237, 2
61240, 1
61242, 2
61244, 2
61245, 2
61249, 1
61252, 1
61254, 4
61255, 3
61258, 1
61261, 1
61264, 5
61265, 1
61266, 1
61267, 1
61270, 1
61273, 2
61274, 1
61275, 1
61276, 1
61279, 1
61281, 1
61282, 1
61283, 2
61284, 2
61288, 1
61291, 1
61293, 3
61294, 4
61295, 1
61299, 1
61302, 1
61303, 4
61304, 1
61305, 1
61306, 1
61308, 1
61312, 2
61314, 2
61315, 1
61317, 1
61320, 1
61321, 1
61322, 2
61323, 2
61327, 1
61330, 1
61332, 5
61333, 2
61336, 1
61338, 1
61341, 2
61342, 3
61343, 1
61345, 2
61347, 1
61351, 2
61352, 1
61353, 1
61354, 1
61356, 1
61358, 1
61359, 1
61361, 2
61362, 2
61366, 1
61368, 1
61370, 2
61371, 4
61372, 1
61375, 1
61377, 1
61380, 3
61381, 1
61382, 1
61383, 1
61384, 1
61386, 1
61390, 2
61391, 2
61392, 1
61395, 1
61398, 1
61399, 1
61400, 2
61401, 1
61405, 1
61408, 1
61409, 1
61410, 2
61411, 1
61414, 1
61416, 1
61420, 2
61421, 1
61422, 1
61423, 1
61425, 1
61430, 1
61431, 1
61432, 1
61434, 1
61437, 2
61443, 1
61447, 1
61449, 2
61453, 1
61455, 1
61457, 1
61458, 1
61461, 2
61464, 1
61470, 1
61471, 1
61473, 1
61476, 2
61482, 1
61485, 1
61488, 2
61492, 2
61497, 1
61498, 1
61500, 1
61501, 1
61503, 1
61508, 1
61509, 1
61512, 1
61515, 2
61521, 1
61524, 1
61527, 2
61531, 1
61533, 1
61536, 2
61537, 1
61539, 1
61541, 1
61549, 2
61551, 1
61554, 2
61561, 1
61563, 1
61566, 2
61570, 1
61572, 1
61575, 2
61578, 2
61581, 1
61587, 1
61588, 1
61590, 1
61591, 1
61592, 1
61599, 1
61602, 1
61603, 1
61605, 1
61609, 2
61614, 2
61617, 2
61620, 1
61626, 1
61627, 1
61628, 1
61632, 2
61638, 1
61641, 1
61644, 2
61648, 1
61650, 1
61653, 2
61656, 2
61658, 1
61665, 1
61666, 1
61668, 1
61671, 2
61677, 1
61680, 1
61681, 1
61683, 1
61685, 1
61689, 2
61691, 1
61692, 1
61695, 2
61704, 2
61707, 1
61710, 2
61716, 1
61719, 1
61722, 2
61726, 1
61728, 2
61731, 2
61734, 2
61743, 1
61744, 1
61746, 1
61747, 1
61749, 1
61755, 1
61758, 1
61761, 2
61765, 1
61767, 2
61769, 1
61770, 1
61771, 1
61773, 1
61782, 2
61785, 1
61788, 2
61794, 1
61797, 1
61800, 2
61803, 1
61806, 2
61808, 1
61809, 1
61812, 2
61821, 2
61824, 1
61826, 1
61827, 1
61833, 1
61836, 1
61839, 2
61843, 1
61845, 2
61847, 1
61848, 1
61851, 2
61860, 2
61863, 1
61866, 2
61872, 1
61875, 1
61878, 2
61882, 1
61884, 2
61886, 1
61887, 1
61890, 2
61899, 2
61902, 1
61905, 2
61911, 1
61914, 1
61916, 2
61920, 1
61923, 2
61925, 1
61926, 1
61929, 2
61938, 2
61941, 1
61943, 1
61944, 1
61950, 1
61952, 1
61955, 1
61956, 1
61959, 1
61962, 2
61964, 1
61965, 1
61967, 1
61968, 1
61977, 2
61980, 1
61982, 2
61989, 1
61992, 1
61994, 1
61995, 1
61998, 1
62001, 2
62003, 1
62004, 1
62007, 2
62016, 2
62019, 1
62022, 2
62028, 1
62031, 1
62033, 2
62037, 1
62040, 2
62042, 1
62043, 1
62045, 1
62046, 1
62055, 2
62057, 1
62060, 2
62067, 1
62070, 1
62072, 1
62073, 1
62076, 1
62078, 1
62079, 1
62081, 2
62085, 2
62094, 2
62096, 1
62099, 1
62100, 1
62106, 1
62109, 1
62111, 2
62115, 1
62117, 1
62118, 1
62119, 1
62121, 1
62123, 1
62124, 1
62133, 2
62135, 1
62138, 2
62145, 1
62148, 1
62150, 2
62154, 1
62156, 1
62157, 1
62158, 1
62160, 1
62162, 1
62163, 1
62172, 2
62174, 1
62177, 2
62184, 1
62186, 1
62189, 2
62193, 1
62195, 1
62196, 1
62197, 1
62198, 1
62201, 2
62210, 1
62211, 1
62213, 1
62216, 2
62222, 1
62225, 1
62228, 2
62232, 1
62234, 1
62235, 1
62236, 1
62237, 1
62240, 2
62249, 1
62250, 1
62252, 1
62255, 2
62262, 1
62264, 1
62267, 2
62271, 1
62273, 1
62276, 1
62279, 2
62288, 1
62291, 1
62294, 1
62300, 1
62306, 1
62310, 1
62312, 1
62318, 1
62349, 1
65383, 1
65386, 1
65388, 1
65407, 1
65410, 1
65413, 1
65415, 1
65417, 1
65420, 1
65422, 1
65425, 2
65427, 2
65430, 2
65444, 1
65445, 1
65446, 1
65447, 1
65448, 1
65449, 1
65450, 1
65454, 1
65455, 1
65456, 1
65457, 1
65459, 1
65464, 2
65466, 1
65467, 1
65468, 2
65471, 1
65475, 1
65477, 1
65479, 1
65481, 2
65483, 1
65485, 1
65487, 1
65491, 1
65502, 1
65504, 3
65506, 1
65508, 1
65510, 1
65513, 1
65515, 1
65518, 1
65520, 1
65523, 2
65525, 1
65528, 2
65530, 1
65531, 1
65533, 2
65536, 2
65537, 1
65540, 1
65541, 1
65543, 2
65545, 1
65551, 1
65555, 1
65559, 1
65562, 1
65564, 2
65565, 1
65566, 1
65567, 1
65569, 1
65570, 1
65572, 1
65574, 2
65576, 1
65578, 1
65582, 1
65588, 1
65592, 1
65594, 2
65596, 2
65599, 1
65600, 1
65604, 1
65606, 1
65608, 1
65618, 2
65621, 1
65623, 1
65626, 2
65628, 1
65629, 2
65631, 2
65632, 1
65633, 1
65635, 1
65636, 1
65639, 2
65641, 1
65652, 1
65653, 1
65655, 1
65657, 1
65659, 2
65661, 1
65662, 1
65665, 1
65669, 1
65671, 1
65674, 1
65675, 1
65677, 2
65679, 2
65682, 1
65686, 1
65687, 1
65688, 1
65689, 1
65692, 1
65695, 1
65696, 1
65698, 3
65699, 2
65700, 1
65701, 1
65704, 1
65706, 1
65708, 1
65711, 1
65714, 1
65716, 2
65717, 1
65718, 2
65720, 1
65721, 1
65722, 1
65724, 1
65726, 2
65728, 1
65732, 1
65734, 1
65736, 2
65737, 1
65738, 3
65740, 2
65742, 1
65745, 1
65747, 1
65749, 1
65752, 1
65755, 2
65756, 1
65757, 2
65759, 2
65760, 1
65762, 2
65765, 2
65767, 1
65770, 1
65773, 1
65775, 2
65776, 1
65777, 1
65779, 2
65780, 1
65781, 1
65782, 1
65783, 1
65784, 1
65785, 1
65786, 1
65791, 2
65793, 2
65794, 1
65795, 2
65796, 1
65798, 1
65799, 1
65803, 1
65804, 1
65805, 1
65807, 1
65808, 1
65809, 1
65810, 2
65811, 1
65812, 1
65815, 1
65817, 1
65818, 1
65820, 2
65822, 3
65828, 1
65830, 2
65832, 1
65833, 1
65834, 1
65835, 1
65837, 1
65838, 1
65839, 1
65841, 1
65843, 1
65846, 2
65848, 1
65849, 2
65851, 1
65852, 1
65857, 1
65859, 1
65867, 1
65869, 1
65879, 1
65889, 1
65902, 1
65929, 1
65931, 1
65936, 1
65937, 1
65939, 3
65940, 1
65941, 3
65942, 2
65943, 1
65944, 1
65960, 1
65961, 1
65962, 1
65963, 1
65964, 1
65965, 2
65966, 1
65967, 1
65968, 1
65969, 1
65970, 1
65971, 2
65972, 1
65973, 2
65974, 1
65975, 2
65976, 1
65978, 2
65979, 1
65980, 1
65981, 2
65982, 1
65983, 2
65984, 1
65985, 1
66110, 2
66111, 5
66261, 1
66263, 1
66288, 1
66290, 1
66298, 1
66300, 1
66302, 1
66325, 1
66334, 1
66339, 1
66343, 1
66347, 1
66348, 1
66352, 1
66356, 1
66358, 1
66362, 1
66363, 1
66366, 1
66367, 1
66373, 1
66375, 1
66377, 1
66378, 1
66382, 1
66384, 1
66385, 1
66387, 1
66391, 1
66394, 1
66395, 1
66397, 1
66403, 2
66406, 1
66414, 1
66416, 1
66417, 1
66423, 1
66425, 1
66433, 1
66434, 1
66442, 1
70405, 1
70416, 1
70426, 1
70432, 1
70436, 1
70442, 1
70443, 1
70445, 1
70448, 1
70451, 1
70452, 1
70453, 2
70455, 2
70461, 1
70462, 1
70464, 2
70471, 1
70472, 1
70474, 1
70475, 1
70481, 1
70482, 1
70483, 1
70484, 1
70491, 1
70493, 1
70494, 2
70500, 1
70501, 1
70503, 1
70504, 1
70510, 1
70511, 1
70513, 1
70514, 1
70520, 1
70521, 1
70522, 1
70523, 1
70530, 1
70531, 1
70533, 2
70539, 1
70540, 1
70542, 2
70549, 1
70550, 1
70552, 2
70558, 1
70560, 1
70561, 1
70562, 1
70569, 1
70570, 1
70571, 1
70572, 1
70578, 1
70579, 1
70580, 1
70581, 1
70588, 1
70589, 1
70591, 2
70598, 1
70599, 1
70600, 1
70601, 1
70608, 1
70609, 1
70610, 1
70611, 1
70617, 1
70618, 1
70619, 1
70620, 1
70627, 1
70628, 1
70630, 2
70637, 1
70638, 1
70639, 2
70647, 1
70648, 1
70649, 1
70650, 1
70656, 1
70657, 1
70658, 1
70659, 1
70666, 1
70667, 1
70669, 2
70676, 1
70677, 1
70678, 1
70679, 1
70686, 1
70687, 1
70688, 1
70689, 1
70695, 1
70696, 1
70697, 1
70698, 1
70705, 1
70706, 1
70707, 1
70708, 1
70714, 1
70716, 1
70717, 1
70718, 1
70725, 1
70726, 1
70727, 1
70728, 1
70734, 1
70735, 1
70736, 1
70737, 1
70744, 1
70745, 1
70746, 1
70747, 1
70753, 1
70755, 1
70756, 1
70757, 1
70764, 1
70765, 1
70766, 1
70767, 1
70773, 1
70774, 1
70775, 1
70776, 1
70783, 1
70784, 1
70786, 2
70793, 1
70794, 1
70795, 1
70796, 2
70803, 1
70804, 1
70805, 1
70806, 1
70813, 1
70814, 1
70815, 1
70822, 1
70823, 1
70824, 1
70825, 1
70832, 1
70833, 1
70834, 1
70835, 2
70842, 1
70843, 1
70844, 2
70852, 1
70853, 1
70854, 1
70861, 1
70862, 1
70863, 1
70864, 1
70871, 1
70872, 1
70873, 2
70874, 1
70881, 1
70882, 1
70883, 2
70891, 1
70892, 1
70893, 1
70900, 1
70901, 1
70902, 1
70903, 1
70909, 1
70911, 1
70912, 2
70913, 1
70920, 1
70921, 1
70922, 2
70930, 1
70931, 1
70932, 1
70938, 1
70940, 1
70941, 1
70942, 1
70949, 1
70950, 1
70951, 2
70952, 1
70958, 1
70959, 1
70961, 2
70969, 1
70970, 1
70971, 1
70977, 1
70979, 1
70980, 1
70981, 1
70988, 1
70989, 1
70990, 2
70991, 1
70997, 1
70999, 1
71000, 2
71008, 1
71009, 1
71010, 1
71016, 1
71018, 1
71019, 1
71020, 1
71026, 1
71028, 1
71029, 2
71030, 1
71036, 1
71038, 1
71039, 2
71047, 1
71048, 1
71049, 1
71055, 1
71056, 1
71057, 1
71058, 1
71059, 1
71063, 1
71065, 1
71066, 1
71067, 2
71068, 1
71069, 1
71075, 1
71077, 2
71078, 1
71080, 1
71083, 1
71085, 2
71087, 2
71088, 1
71093, 1
71095, 1
71097, 1
71098, 1
71099, 1
71101, 1
71102, 1
71103, 1
71106, 2
71107, 1
71109, 3
71111, 1
71112, 2
71113, 1
71114, 1
71116, 2
71119, 2
71121, 1
71123, 1
71126, 1
71127, 1
71129, 1
71130, 1
71132, 1
71133, 1
71134, 1
71135, 1
71137, 1
71138, 1
71140, 1
71141, 1
71143, 1
71145, 1
71146, 2
71148, 1
71149, 2
71151, 1
71152, 1
71153, 1
71155, 1
71156, 2
71158, 1
71159, 2
71162, 2
71165, 1
71166, 1
71168, 1
71169, 1
71172, 1
71173, 1
71174, 1
71175, 1
71176, 1
71177, 1
71178, 1
71180, 1
71181, 1
71183, 1
71185, 2
71188, 2
71189, 1
71190, 1
71191, 2
71192, 1
71193, 1
71194, 1
71195, 2
71196, 1
71197, 1
71199, 1
71200, 1
71202, 1
71203, 2
71204, 1
71206, 1
71214, 2
71217, 2
71219, 2
71220, 1
71222, 1
71223, 1
71224, 1
71225, 1
71227, 1
71230, 1
71232, 1
71233, 1
71235, 1
71236, 1
71238, 2
71239, 2
71241, 2
71242, 2
71244, 1
71245, 1
71249, 1
71260, 1
71267, 1
71268, 1
71270, 2
71271, 1
71273, 2
71276, 1
71281, 1
71284, 1
71287, 2
71289, 1
71290, 2
71295, 1
71297, 1
71300, 2
71303, 2
71304, 1
71305, 1
71306, 1
71307, 1
71308, 1
71309, 1
71311, 2
71314, 1
71317, 1
71322, 1
71329, 1
71331, 1
71332, 1
71334, 1
71335, 1
71337, 1
71338, 1
71340, 2
71343, 1
71346, 1
71348, 1
71349, 1
71351, 2
71352, 1
71354, 2
71357, 1
71365, 1
71368, 1
71371, 1
71374, 1
71379, 1
71382, 1
71389, 1
71392, 1
71396, 1
71398, 1
71400, 1
71401, 1
71403, 1
71408, 1
71410, 1
71413, 1
71414, 1
71417, 1
71418, 1
71420, 1
71421, 1
71424, 2
71427, 2
71430, 1
71434, 1
71437, 1
71441, 1
71444, 1
75407, 1
75417, 1
75427, 1
75436, 1
75437, 1
75445, 1
75446, 2
75447, 1
75450, 1
75455, 1
75456, 2
75465, 2
75466, 2
75475, 3
75476, 1
75484, 1
75485, 3
75486, 1
75494, 1
75495, 2
75504, 2
75505, 2
75514, 3
75515, 1
75523, 2
75524, 2
75525, 1
75532, 1
75533, 1
75534, 1
75543, 3
75544, 1
75551, 1
75553, 2
75554, 1
75561, 1
75563, 3
75564, 1
75568, 1
75573, 2
75582, 2
75583, 2
75592, 3
75593, 1
75601, 3
75602, 1
75603, 1
75611, 2
75612, 1
75621, 3
75622, 1
75631, 3
75632, 1
75640, 3
75641, 1
75642, 1
75650, 1
75651, 2
75660, 3
75661, 1
75669, 1
75670, 2
75671, 1
75679, 3
75680, 1
75681, 1
75689, 1
75690, 2
75699, 3
75700, 1
75709, 3
75710, 1
75718, 3
75719, 1
75720, 1
75728, 2
75729, 1
75738, 3
75739, 1
75747, 1
75748, 2
75749, 1
75757, 3
75758, 1
75759, 1
75767, 3
75777, 3
75778, 1
75786, 2
75787, 1
75788, 1
75796, 3
75797, 1
75798, 1
75806, 3
75816, 3
75817, 1
75825, 1
75826, 2
75827, 1
75835, 3
75836, 1
75837, 1
75845, 3
75855, 3
75856, 1
75864, 1
75865, 2
75866, 1
75874, 4
75875, 1
75884, 3
75894, 3
75895, 1
75903, 1
75904, 2
75905, 1
75913, 4
75914, 1
75923, 3
75933, 3
75934, 1
75942, 1
75943, 2
75944, 1
75952, 4
75953, 1
75962, 3
75972, 4
75981, 1
75982, 2
75983, 1
75991, 4
75992, 1
76001, 3
76010, 1
76011, 3
76020, 2
76021, 1
76022, 1
76030, 4
76031, 1
76040, 3
76049, 1
76050, 3
76059, 2
76060, 2
76069, 4
76070, 1
76079, 3
76088, 1
76089, 3
76098, 3
76099, 1
76107, 1
76108, 3
76109, 1
76118, 3
76127, 1
76128, 3
76137, 3
76138, 1
76147, 4
76148, 1
76156, 2
76157, 1
76166, 1
76167, 4
76176, 3
76177, 1
76186, 3
76187, 1
76195, 1
76196, 2
76205, 2
76206, 3
76215, 3
76216, 1
76224, 1
76225, 2
76226, 1
76234, 2
76235, 1
76236, 1
76244, 2
76245, 2
76254, 3
76255, 1
76264, 3
76265, 1
76273, 1
76274, 2
76275, 1
76283, 2
76284, 2
76293, 3
76294, 1
76303, 3
76304, 1
76312, 2
76313, 1
76314, 1
76322, 2
76323, 2
76332, 3
76333, 1
76341, 1
76342, 2
76343, 1
76351, 3
76353, 1
76361, 2
76362, 2
76371, 3
76372, 1
76380, 1
76381, 2
76382, 1
76390, 2
76391, 2
76400, 2
76401, 1
76410, 3
76411, 1
76419, 2
76420, 1
76429, 1
76430, 1
76439, 1
80168, 1
80177, 2
80187, 2
80197, 2
80205, 1
80206, 3
80207, 1
80215, 1
80216, 3
80225, 2
80226, 2
80235, 3
80236, 1
80245, 3
80246, 1
80254, 2
80255, 2
80264, 2
80265, 2
80273, 1
80274, 1
80275, 2
80284, 3
80285, 1
80293, 2
80294, 2
80303, 2
80304, 2
80313, 2
80314, 2
80322, 1
80323, 2
80324, 1
80332, 2
80333, 2
80342, 2
80343, 2
80351, 1
80352, 1
80353, 2
80361, 1
80362, 2
80363, 1
80371, 2
80372, 2
80381, 3
80382, 1
80390, 1
80391, 1
80392, 2
80400, 2
80401, 2
80410, 2
80411, 2
80420, 3
80421, 1
80429, 1
80430, 2
80431, 1
80439, 2
80440, 2
80449, 2
80450, 2
80459, 3
80460, 1
80468, 1
80469, 1
80470, 2
80478, 2
80479, 2
80488, 2
80489, 2
80497, 1
80498, 3
80507, 1
80508, 2
80509, 1
80517, 2
80518, 2
80527, 2
80528, 2
80537, 5
80540, 1
80541, 1
80542, 1
80543, 1
80546, 2
80552, 1
80554, 1
80556, 2
80562, 1
80564, 1
80566, 1
80573, 1
80574, 1
80575, 1
80576, 1
80577, 1
80578, 1
80586, 2
80595, 1
80596, 2
80605, 1
80606, 2
80614, 2
80615, 1
80616, 1
80624, 2
80625, 1
80626, 1
80634, 2
80635, 2
80644, 2
80645, 2
80653, 1
80654, 3
80663, 2
80664, 2
80673, 2
80674, 2
80683, 3
80684, 1
80692, 2
80693, 2
80702, 2
80703, 2
80712, 2
80713, 2
80722, 3
80723, 1
80731, 2
80732, 2
80741, 2
80742, 2
80751, 2
80752, 2
80761, 3
80762, 1
80770, 2
80771, 2
80780, 2
80781, 2
80790, 2
80791, 2
80800, 4
80809, 2
80810, 2
80819, 2
80820, 2
80829, 2
80830, 2
80838, 1
80839, 3
80848, 2
80849, 2
80858, 2
80859, 2
80868, 2
80869, 2
80877, 2
80878, 2
80887, 2
80888, 2
80897, 2
80898, 2
80907, 2
80908, 2
80916, 1
80917, 2
80918, 1
80926, 2
80927, 2
80936, 2
80937, 2
80946, 3
80947, 1
80955, 2
80956, 2
80965, 2
80966, 2
80975, 2
80976, 2
80984, 2
80985, 1
80986, 1
80994, 2
80995, 2
81004, 2
81005, 2
81014, 2
81015, 2
81024, 3
81025, 1
81033, 2
81034, 2
81043, 2
81044, 2
81053, 2
81054, 2
81062, 1
81063, 3
81072, 2
81073, 2
81077, 1
81082, 2
81083, 1
81091, 1
81092, 3
81098, 1
81102, 2
81103, 1
81111, 2
81112, 2
81121, 3
81122, 1
81130, 2
81131, 1
81132, 1
81140, 2
81141, 2
81150, 2
81151, 2
81160, 2
81161, 2
81169, 1
81170, 2
81171, 1
81179, 1
81189, 2
81199, 2
81208, 1
85160, 1
85170, 2
85178, 1
85180, 2
85189, 2
85190, 1
85194, 1
85199, 4
85208, 1
85209, 3
85218, 3
85219, 2
85226, 1
85228, 1
85229, 1
85238, 4
85247, 2
85248, 2
85257, 4
85258, 1
85267, 2
85268, 1
85276, 1
85277, 3
85286, 1
85287, 3
85296, 4
85297, 1
85306, 2
85307, 1
85316, 4
85325, 2
85326, 2
85334, 1
85335, 3
85336, 1
85345, 3
85354, 3
85355, 1
85364, 2
85365, 2
85373, 1
85374, 3
85375, 1
85384, 2
85385, 1
85394, 4
85403, 2
85404, 2
85413, 5
85423, 2
85424, 1
85432, 1
85433, 3
85442, 2
85443, 2
85451, 2
85452, 3
85462, 3
85471, 2
85472, 2
85480, 1
85481, 2
85482, 1
85490, 1
85491, 3
85492, 1
85501, 3
85510, 2
85511, 2
85520, 3
85521, 1
85529, 1
85530, 4
85540, 3
85549, 2
85550, 2
85559, 3
85560, 1
85568, 1
85569, 4
85578, 1
85579, 2
85588, 2
85589, 2
85598, 3
85599, 1
85607, 2
85608, 3
85618, 3
85627, 2
85628, 2
85637, 3
85638, 1
85646, 2
85647, 3
85656, 1
85657, 2
85666, 2
85667, 2
85676, 3
85677, 1
85685, 2
85686, 3
85695, 1
85696, 2
85705, 3
85706, 1
85715, 3
85716, 1
85724, 2
85725, 3
85734, 1
85735, 2
85744, 2
85745, 2
85753, 1
85754, 3
85763, 2
85764, 3
85772, 1
85773, 1
85774, 1
85783, 2
85784, 2
85793, 4
85802, 2
85803, 3
85812, 2
85813, 1
85822, 3
85823, 1
85832, 4
85841, 3
85842, 2
85851, 2
85852, 1
85861, 3
85862, 1
85871, 4
85880, 4
85881, 1
85889, 1
85890, 2
85891, 1
85900, 3
85909, 1
85910, 3
85919, 3
85920, 2
85928, 1
85929, 2
85930, 1
85938, 1
85939, 1
85940, 1
85948, 1
85949, 3
85958, 3
85959, 2
85967, 1
85968, 3
85978, 2
85979, 1
85987, 1
85988, 3
85997, 3
85998, 2
86006, 1
86007, 3
86017, 2
86018, 1
86026, 1
86027, 3
86035, 1
86036, 2
86037, 2
86045, 1
86046, 3
86055, 1
86056, 2
86065, 2
86066, 2
86075, 4
86076, 1
86084, 1
86085, 3
86095, 3
86104, 2
86105, 2
86114, 4
86115, 1
86123, 1
86124, 3
86133, 1
86134, 2
86143, 2
86144, 2
86152, 1
86153, 3
86154, 1
86163, 3
86172, 1
86182, 2
86192, 1
90161, 2
90170, 1
90171, 1
90180, 2
90181, 1
90184, 1
90186, 1
90189, 1
90190, 2
90191, 1
90199, 2
90200, 2
90209, 2
90210, 1
90211, 1
90219, 3
90221, 1
90228, 1
90229, 2
90230, 1
90238, 2
90239, 2
90248, 2
90249, 1
90250, 1
90258, 3
90259, 1
90267, 1
90268, 2
90269, 1
90277, 3
90278, 1
90286, 2
90287, 1
90289, 1
90297, 3
90298, 1
90306, 1
90307, 2
90308, 1
90314, 1
90316, 2
90317, 1
90326, 2
90327, 1
90328, 1
90336, 3
90337, 1
90345, 1
90346, 2
90347, 1
90355, 2
90356, 2
90365, 2
90366, 1
90367, 1
90375, 3
90376, 1
90384, 1
90385, 2
90386, 2
90394, 2
90395, 1
90403, 1
90404, 2
90406, 1
90412, 1
90413, 1
90414, 1
90415, 1
90423, 2
90424, 1
90425, 2
90432, 1
90433, 2
90443, 3
90445, 1
90452, 1
90453, 2
90454, 1
90462, 2
90463, 1
90464, 2
90472, 3
90482, 2
90483, 2
90491, 2
90492, 1
90493, 1
90501, 2
90502, 1
90503, 2
90510, 1
90511, 2
90521, 4
90530, 1
90531, 2
90532, 1
90540, 2
90541, 1
90542, 2
90549, 1
90550, 2
90558, 1
90560, 2
90561, 1
90569, 1
90570, 2
90571, 1
90579, 3
90580, 1
90581, 1
90588, 1
90589, 2
90599, 3
90600, 1
90607, 1
90608, 2
90610, 1
90618, 2
90619, 2
90620, 1
90627, 1
90628, 2
90637, 1
90638, 3
90647, 2
90648, 1
90649, 1
90657, 3
90659, 2
90667, 3
90675, 1
90676, 1
90677, 2
90684, 1
90686, 1
90687, 1
90688, 1
90696, 3
90697, 1
90698, 1
90705, 2
90706, 1
90714, 1
90715, 1
90716, 2
90725, 3
90726, 1
90733, 1
90735, 2
90736, 2
90744, 1
90745, 2
90754, 2
90755, 2
90764, 2
90765, 1
90766, 1
90774, 3
90775, 2
90783, 1
90784, 2
90791, 1
90793, 2
90794, 1
90803, 3
90805, 1
90812, 1
90813, 2
90814, 2
90822, 1
90823, 2
90832, 2
90833, 2
90842, 3
90843, 1
90852, 3
90853, 2
90861, 1
90862, 2
90871, 3
90872, 1
90881, 2
90882, 1
90883, 1
90890, 1
90891, 2
90892, 2
90900, 2
90901, 1
90909, 1
90910, 2
90911, 1
90920, 3
90922, 1
90930, 3
90931, 2
90939, 2
90940, 1
90948, 1
90949, 2
90950, 1
90957, 1
90959, 2
90960, 1
90969, 3
90970, 2
90978, 2
90979, 1
90988, 3
90989, 1
90998, 3
90999, 1
91007, 1
91008, 3
91009, 1
91017, 2
91018, 1
91026, 1
91027, 2
91028, 1
91037, 3
91038, 1
91046, 1
91047, 2
91048, 2
91056, 3
91066, 3
91067, 1
91076, 3
91077, 1
91085, 2
91086, 1
91087, 2
91095, 3
91103, 1
91105, 2
91106, 1
91115, 3
91116, 1
91124, 1
91125, 2
91126, 2
91134, 3
91144, 3
91154, 2
91155, 1
91163, 1
91165, 1
95113, 1
95114, 4
95115, 2
95116, 2
95117, 5
95118, 2
95119, 2
95120, 5
95121, 2
95122, 2
95123, 2
95133, 1
95134, 2
95135, 2
95136, 2
95137, 2
95138, 2
95139, 2
95140, 2
95141, 3
95142, 2
95143, 1
95154, 1
95155, 1
95156, 1
95157, 1
95158, 1
95159, 1
95161, 1
95162, 1
95176, 2
95177, 1
95178, 4
95179, 5
95180, 4
95181, 3
95182, 6
95183, 3
95184, 4
95185, 5
95186, 2
95187, 1
95246, 1
95249, 1
96003, 1
96102, 1
96103, 1
96110, 1
96111, 1
96112, 1
100172, 1
100185, 1
100195, 1
100197, 1
100206, 1
100208, 1
100211, 1
100217, 2
100222, 1
100224, 1
100229, 1
100233, 1
100234, 1
100236, 1
100245, 2
100247, 1
100251, 2
100253, 1
100255, 1
100256, 2
100257, 1
100261, 1
100262, 1
100263, 1
100268, 1
100272, 1
100273, 1
100274, 1
100275, 1
100284, 2
100285, 1
100286, 1
100289, 1
100295, 2
100297, 1
100300, 1
100301, 1
100302, 1
100307, 1
100311, 1
100312, 1
100313, 1
100314, 1
100323, 2
100324, 1
100325, 1
100328, 1
100334, 2
100336, 1
100339, 1
100340, 1
100341, 1
100346, 1
100350, 1
100351, 1
100352, 1
100353, 1
100362, 2
100363, 1
100364, 1
100367, 1
100373, 2
100375, 1
100378, 1
100379, 1
100380, 1
100385, 1
100389, 1
100390, 1
100391, 1
100392, 1
100401, 2
100402, 1
100403, 1
100406, 1
100412, 2
100414, 1
100417, 1
100418, 1
100419, 1
100423, 1
100428, 1
100429, 1
100430, 1
100431, 1
100440, 2
100441, 1
100442, 1
100445, 1
100451, 2
100453, 1
100456, 1
100457, 1
100458, 1
100463, 1
100467, 1
100468, 2
100469, 1
100479, 2
100480, 1
100481, 1
100484, 1
100490, 2
100492, 1
100495, 1
100496, 1
100497, 1
100501, 1
100506, 2
100508, 1
100509, 1
100518, 2
100519, 1
100520, 1
100523, 1
100529, 2
100530, 1
100534, 1
100535, 1
100536, 1
100540, 1
100545, 2
100547, 2
100551, 1
100556, 1
100557, 1
100558, 1
100559, 2
100564, 1
100568, 2
100569, 2
100570, 1
100574, 2
100576, 1
100579, 2
100582, 2
100584, 2
100585, 1
100587, 1
100589, 1
100590, 1
100593, 1
100595, 2
100596, 1
100597, 2
100600, 1
100601, 1
100602, 1
100608, 2
100609, 1
100610, 1
100611, 1
100613, 1
100614, 2
100615, 1
100618, 2
100620, 1
100621, 1
100623, 2
100624, 1
100628, 1
100630, 1
100632, 1
100634, 1
100635, 1
100636, 1
100638, 2
100639, 1
100642, 2
100644, 3
100649, 3
100650, 2
100651, 1
100653, 2
100654, 1
100655, 2
100656, 1
100657, 1
100658, 2
100659, 1
100661, 1
100664, 2
100669, 1
100670, 1
100671, 1
100672, 2
100673, 1
100675, 1
100676, 2
100677, 1
100678, 1
100679, 1
100680, 1
100682, 1
100684, 1
100686, 1
100687, 1
100690, 2
100691, 2
100692, 1
100694, 2
100696, 1
100698, 2
100700, 1
100701, 1
100703, 1
100705, 1
100711, 2
100714, 1
100716, 1
100718, 1
100719, 1
100720, 1
100721, 1
100723, 2
100724, 1
100725, 1
100728, 1
100729, 1
100731, 3
100733, 2
100734, 1
100735, 1
100737, 2
100739, 1
100741, 2
100743, 2
100745, 1
100751, 2
100755, 1
100756, 2
100758, 1
100759, 1
100760, 1
100762, 1
100764, 2
100769, 3
100771, 1
100773, 1
100775, 2
100777, 2
100778, 1
100779, 1
100781, 1
100782, 1
100783, 1
100785, 1
100789, 2
100790, 1
100791, 1
100793, 1
100795, 1
100796, 1
100798, 1
100799, 1
100800, 1
100801, 1
100802, 1
100803, 2
100804, 1
100808, 1
100809, 1
100810, 1
100813, 2
100814, 1
100815, 1
100817, 1
100818, 1
100820, 2
100821, 1
100822, 1
100823, 1
100824, 2
100828, 1
100829, 2
100832, 1
100833, 1
100834, 1
100835, 1
100836, 1
100839, 2
100840, 1
100841, 1
100843, 2
100844, 1
100845, 1
100849, 3
100852, 1
100853, 1
100854, 1
100855, 1
100856, 1
100858, 1
100860, 1
100861, 1
100864, 3
100865, 1
100869, 1
100870, 2
100873, 1
100874, 2
100877, 2
100878, 1
100879, 2
100881, 1
100883, 2
100884, 1
100886, 1
100890, 1
100893, 1
100894, 1
100895, 1
100897, 1
100899, 3
100900, 1
100903, 1
100904, 2
100907, 1
100910, 1
100911, 2
100914, 1
100916, 2
100920, 3
100921, 3
100925, 1
100926, 1
100927, 2
100930, 3
100932, 1
100933, 1
100934, 2
100935, 1
100936, 1
100937, 1
100939, 1
100940, 2
100941, 2
100942, 2
100944, 1
100945, 1
100947, 1
100948, 1
100949, 1
100950, 1
100952, 2
100953, 2
100954, 1
100956, 2
100960, 2
100962, 1
100963, 1
100965, 2
100966, 3
100967, 1
100969, 2
100970, 2
100971, 1
100973, 1
100974, 3
100975, 2
100978, 2
100979, 1
100982, 2
100983, 1
100984, 2
100986, 1
100988, 3
100989, 2
100991, 2
100992, 3
100993, 2
100995, 2
100996, 2
100997, 1
100999, 1
101000, 2
101001, 3
101002, 1
101005, 4
101006, 2
101007, 2
101009, 2
101010, 2
101011, 2
101012, 2
101013, 1
101014, 2
101015, 1
101016, 1
101017, 2
101018, 1
101019, 1
101020, 1
101021, 1
101022, 3
101023, 1
101025, 2
101026, 2
101028, 1
101029, 2
101030, 1
101031, 1
101032, 1
101033, 2
101034, 1
101035, 2
101036, 2
101037, 1
101039, 2
101040, 2
101041, 1
101042, 1
101044, 1
101045, 3
101046, 3
101048, 1
101049, 2
101050, 3
101051, 2
101052, 2
101053, 2
101054, 2
101055, 1
101056, 1
101058, 1
101059, 1
101060, 1
101062, 1
101064, 1
101065, 1
101066, 1
101067, 3
101068, 1
101069, 1
101070, 2
101071, 2
101072, 2
101074, 2
101075, 4
101076, 1
101078, 1
101079, 4
101080, 1
101081, 1
101082, 1
101083, 2
101084, 2
101085, 1
101086, 1
101087, 1
101088, 2
101090, 2
101091, 2
101092, 3
101093, 2
101094, 1
101095, 1
101096, 3
101097, 1
101098, 1
101099, 1
101100, 2
101101, 1
101102, 1
101103, 1
101106, 2
101107, 1
101110, 1
101111, 2
101112, 2
101114, 1
101115, 2
101119, 4
101123, 3
101124, 1
101125, 1
101126, 1
101128, 1
101129, 2
101131, 1
101132, 1
101133, 1
101134, 2
101135, 1
101136, 1
101137, 1
101138, 1
101140, 1
101141, 1
101144, 1
101145, 1
101148, 1
101149, 2
101150, 1
101152, 1
101153, 1
101154, 1
101155, 1
101157, 1
101158, 2
101161, 1
101163, 1
101167, 1
101169, 2
101170, 1
101171, 1
101173, 1
101174, 1
101175, 1
101176, 1
101178, 2
101180, 1
101182, 2
101187, 1
101191, 1
101195, 1
101199, 1
101203, 1
101208, 2
101212, 2
101216, 1
101229, 1
101233, 1
101237, 1
101250, 1
101255, 1
105170, 1
105180, 1
105188, 1
105190, 1
105199, 1
105207, 1
105208, 1
105216, 1
105217, 1
105219, 1
105223, 1
105226, 1
105227, 1
105229, 1
105232, 1
105234, 1
105235, 1
105237, 1
105238, 1
105244, 1
105246, 1
105247, 1
105251, 1
105254, 1
105256, 1
105258, 1
105262, 1
105263, 1
105265, 1
105266, 1
105268, 1
105273, 1
105274, 1
105275, 1
105276, 1
105283, 1
105284, 1
105286, 1
105290, 1
105294, 1
105295, 1
105297, 1
105300, 1
105301, 1
105304, 1
105305, 1
105307, 1
105312, 1
105313, 1
105314, 1
105316, 1
105322, 1
105323, 1
105325, 1
105329, 1
105333, 1
105334, 1
105336, 1
105339, 1
105340, 1
105343, 1
105344, 1
105346, 1
105350, 1
105351, 1
105353, 1
105355, 1
105361, 1
105362, 1
105364, 1
105365, 1
105368, 1
105372, 2
105375, 1
105378, 1
105382, 1
105383, 1
105385, 1
105390, 2
105392, 1
105393, 1
105400, 1
105401, 1
105403, 1
105404, 1
105407, 1
105410, 1
105412, 1
105414, 1
105417, 1
105421, 1
105422, 1
105424, 1
105429, 2
105431, 1
105432, 1
105439, 1
105440, 1
105442, 1
105443, 1
105445, 1
105449, 1
105450, 1
105452, 1
105456, 1
105460, 1
105461, 1
105463, 1
105467, 1
105468, 1
105470, 1
105471, 1
105478, 1
105479, 1
105481, 1
105482, 1
105484, 1
105488, 1
105489, 1
105491, 1
105495, 1
105498, 1
105500, 1
105502, 1
105506, 1
105507, 1
105509, 1
105510, 1
105517, 1
105518, 1
105520, 1
105521, 1
105524, 1
105527, 1
105528, 1
105530, 1
105534, 1
105537, 1
105539, 1
105540, 1
105545, 1
105546, 1
105548, 1
105549, 1
105555, 1
105557, 1
105559, 2
105562, 1
105566, 1
105567, 1
105569, 1
105573, 1
105577, 1
105578, 1
105580, 1
105584, 1
105585, 1
105587, 1
105588, 1
105594, 1
105596, 1
105598, 2
105601, 1
105605, 1
105606, 1
105608, 1
105611, 1
105615, 1
105616, 1
105618, 1
105623, 1
105624, 1
105626, 1
105627, 1
105633, 1
105635, 1
105637, 1
105638, 1
105640, 1
105644, 1
105645, 1
105647, 1
105651, 1
105654, 1
105656, 1
105657, 1
105662, 1
105663, 1
105665, 1
105666, 1
105672, 1
105673, 1
105675, 1
105676, 1
105679, 1
105683, 1
105684, 1
105686, 1
105690, 1
105693, 1
105694, 1
105696, 1
105701, 1
105702, 1
105704, 1
105705, 1
105711, 1
105713, 1
105714, 1
105715, 1
105718, 1
105722, 1
105723, 1
105725, 1
105728, 1
105732, 1
105733, 1
105735, 1
105740, 1
105741, 1
105742, 1
105744, 1
105750, 1
105751, 1
105753, 1
105754, 1
105757, 1
105760, 1
105762, 1
105764, 1
105767, 1
105771, 1
105772, 1
105774, 1
105779, 1
105780, 1
105781, 1
105783, 1
105789, 1
105790, 1
105792, 1
105793, 1
105796, 1
105800, 1
105801, 1
105803, 1
105806, 1
105810, 1
105811, 1
105813, 1
105817, 1
105819, 1
105820, 1
105822, 1
105828, 1
105829, 1
105831, 1
105832, 1
105835, 1
105839, 2
105842, 1
105845, 1
105849, 1
105850, 1
105852, 1
105857, 2
105859, 1
105861, 1
105867, 1
105868, 1
105870, 1
105871, 1
105874, 1
105877, 1
105879, 1
105881, 1
105884, 1
105888, 1
105889, 1
105891, 1
105896, 2
105898, 1
105899, 1
105906, 1
105907, 1
105909, 1
105910, 1
105913, 1
105916, 1
105917, 1
105920, 1
105923, 1
105927, 1
105928, 1
105930, 1
105934, 1
105935, 1
105937, 1
105938, 1
105940, 1
105944, 1
105948, 1
105949, 1
105952, 1
105955, 1
105956, 1
105958, 1
105962, 1
105966, 1
105967, 1
105969, 1
105973, 1
105974, 1
105976, 1
105977, 1
105979, 1
105984, 1
105987, 1
105988, 1
105990, 1
105994, 1
105995, 1
105997, 1
106001, 1
106004, 1
106006, 1
106008, 1
106012, 1
106013, 1
106015, 1
106016, 1
106018, 1
106023, 1
106026, 1
106027, 1
106029, 1
106033, 1
106034, 1
106036, 1
106040, 1
106044, 1
106045, 1
106047, 1
106051, 1
106052, 1
106054, 1
106055, 1
106057, 1
106062, 1
106065, 1
106066, 1
106068, 1
106072, 1
106073, 1
106075, 1
106079, 1
106082, 1
106084, 1
106086, 1
106090, 1
106091, 1
106093, 1
106094, 1
106096, 1
106100, 1
106103, 1
106105, 1
106107, 1
106111, 1
106112, 1
106114, 1
106118, 1
106121, 1
106123, 1
106124, 1
106129, 1
106130, 1
106132, 1
106133, 1
106135, 1
106139, 1
106142, 1
106143, 1
106146, 1
106150, 1
106151, 1
106153, 1
106157, 1
106160, 1
106162, 1
106163, 1
106168, 1
106169, 1
106171, 1
106172, 1
106174, 1
106178, 1
106182, 1
106185, 1
106189, 1
106195, 1
106199, 1
106207, 1
106208, 1
106210, 1
106224, 1
110114, 1
110124, 1
110132, 1
110134, 1
110142, 1
110144, 1
110148, 1
110151, 2
110153, 1
110161, 4
110163, 2
110170, 1
110171, 2
110173, 1
110180, 2
110181, 1
110183, 1
110190, 3
110192, 1
110199, 1
110200, 2
110202, 1
110209, 1
110210, 2
110212, 1
110219, 3
110222, 1
110229, 3
110231, 1
110239, 3
110241, 1
110248, 2
110249, 1
110251, 1
110258, 3
110261, 1
110267, 1
110268, 2
110270, 1
110277, 1
110278, 2
110280, 1
110287, 2
110288, 1
110289, 1
110297, 3
110300, 1
110306, 1
110307, 2
110308, 1
110317, 3
110319, 1
110326, 2
110327, 1
110329, 1
110336, 3
110339, 1
110346, 3
110347, 1
110355, 1
110356, 2
110358, 1
110365, 2
110366, 1
110368, 1
110375, 3
110378, 1
110384, 1
110385, 2
110386, 1
110394, 1
110395, 2
110397, 1
110404, 3
110407, 1
110413, 1
110414, 2
110416, 1
110423, 1
110424, 2
110425, 1
110433, 1
110434, 2
110435, 1
110443, 2
110444, 1
110446, 1
110452, 1
110453, 2
110456, 1
110462, 2
110463, 1
110464, 1
110472, 3
110474, 1
110482, 3
110485, 1
110491, 1
110492, 2
110494, 1
110501, 2
110502, 1
110503, 1
110511, 1
110512, 2
110513, 1
110521, 3
110524, 1
110530, 1
110531, 2
110533, 1
110540, 2
110541, 1
110542, 1
110550, 3
110552, 1
110560, 3
110562, 1
110569, 1
110570, 2
110572, 1
110579, 2
110580, 1
110581, 1
110589, 3
110591, 1
110599, 3
110601, 1
110608, 2
110609, 1
110611, 1
110618, 3
110620, 1
110628, 3
110630, 1
110637, 1
110638, 2
110640, 1
110647, 1
110648, 2
110650, 1
110657, 3
110659, 1
110667, 3
110669, 1
110676, 1
110677, 2
110679, 1
110686, 1
110687, 2
110689, 1
110696, 3
110698, 1
110706, 3
110708, 1
110715, 1
110716, 2
110718, 1
110725, 2
110726, 1
110728, 1
110735, 2
110736, 2
110745, 3
110747, 1
110754, 1
110755, 2
110757, 1
110764, 2
110765, 1
110767, 1
110774, 3
110775, 1
110784, 3
110786, 1
110793, 1
110794, 2
110796, 1
110803, 2
110804, 1
110806, 1
110813, 3
110814, 1
110816, 1
110823, 2
110825, 1
110832, 1
110833, 2
110835, 1
110842, 3
110845, 1
110852, 3
110853, 1
110855, 1
110862, 2
110863, 1
110871, 1
110872, 2
110874, 1
110881, 2
110882, 1
110884, 1
110891, 3
110892, 1
110894, 1
110901, 2
110902, 1
110910, 2
110911, 1
110913, 1
110920, 2
110921, 1
110923, 1
110929, 1
110930, 2
110931, 1
110932, 1
110940, 2
110941, 1
110949, 2
110950, 1
110952, 1
110959, 3
110962, 1
110968, 2
110969, 1
110970, 1
110971, 1
110979, 2
110980, 1
110988, 2
110989, 1
110991, 1
110998, 3
111001, 1
111008, 3
111009, 1
111010, 1
111017, 1
111018, 1
111019, 1
111027, 2
111028, 1
111030, 1
111037, 3
111040, 1
111046, 1
111047, 2
111048, 1
111049, 1
111057, 2
111058, 1
111066, 2
111067, 1
111069, 1
111076, 3
111079, 1
111085, 1
111086, 2
111087, 1
111088, 1
111096, 2
111097, 1
111105, 3
111108, 1
111115, 3
111118, 1
111124, 1
111125, 2
111134, 2
111144, 2
111154, 1
115087, 1
115097, 1
115103, 1
115113, 2
115123, 2
115126, 1
115132, 1
115133, 2
115135, 1
115142, 1
115146, 1
115152, 2
115153, 2
115162, 3
115163, 1
115165, 1
115171, 1
115172, 2
115173, 1
115175, 1
115181, 1
115182, 1
115191, 2
115192, 2
115201, 3
115202, 1
115204, 1
115210, 1
115211, 2
115212, 1
115214, 1
115220, 1
115221, 1
115230, 2
115231, 2
115240, 3
115241, 1
115243, 1
115249, 1
115250, 2
115251, 1
115253, 1
115259, 1
115260, 1
115262, 1
115269, 2
115270, 1
115279, 3
115280, 1
115282, 1
115288, 1
115289, 3
115291, 1
115298, 1
115299, 1
115301, 1
115308, 1
115309, 2
115318, 3
115319, 1
115321, 1
115327, 1
115328, 3
115330, 1
115337, 1
115338, 1
115340, 1
115347, 2
115348, 1
115356, 1
115357, 2
115358, 1
115360, 1
115366, 1
115367, 3
115369, 1
115376, 1
115377, 1
115379, 1
115386, 1
115387, 2
115395, 1
115396, 2
115397, 1
115399, 1
115405, 2
115406, 2
115408, 1
115415, 1
115416, 1
115418, 1
115425, 2
115426, 1
115434, 1
115435, 2
115436, 1
115437, 1
115444, 2
115445, 2
115447, 1
115454, 1
115455, 1
115456, 1
115464, 2
115465, 1
115473, 1
115474, 2
115475, 1
115477, 1
115483, 2
115484, 2
115486, 1
115490, 2
115493, 1
115494, 1
115499, 1
115503, 2
115504, 1
115506, 1
115509, 2
115511, 1
115513, 2
115514, 1
115522, 1
115523, 1
115529, 1
115531, 1
115532, 1
115533, 1
115534, 1
115535, 1
115542, 1
115544, 1
115551, 2
115553, 1
115554, 2
115561, 2
115564, 1
115567, 1
115571, 1
115574, 1
115581, 2
115590, 2
115591, 2
115593, 1
115600, 3
115601, 1
115603, 1
115610, 1
115611, 1
115613, 1
115620, 2
115621, 1
115629, 2
115630, 2
115632, 1
115639, 3
115640, 1
115642, 1
115649, 1
115650, 1
115652, 1
115658, 1
115659, 1
115660, 1
115668, 2
115669, 2
115671, 1
115678, 3
115679, 1
115681, 1
115688, 1
115689, 1
115691, 1
115697, 1
115698, 1
115699, 1
115707, 2
115708, 2
115710, 1
115717, 3
115718, 1
115720, 1
115726, 1
115728, 1
115730, 1
115736, 1
115737, 1
115738, 1
115746, 2
115747, 2
115749, 1
115755, 1
115756, 2
115757, 1
115759, 1
115766, 1
115767, 1
115768, 1
115775, 1
115776, 1
115777, 1
115785, 2
115786, 2
115788, 1
115794, 1
115795, 2
115796, 1
115798, 1
115804, 1
115806, 1
115807, 1
115814, 1
115815, 2
115824, 3
115825, 1
115827, 1
115833, 1
115834, 2
115835, 1
115837, 1
115843, 1
115844, 2
115847, 1
115853, 1
115854, 1
115862, 1
115863, 1
115864, 2
115866, 1
115872, 1
115873, 2
115874, 1
115876, 1
115882, 1
115883, 2
115885, 1
115892, 1
115893, 1
115902, 3
115903, 1
115905, 1
115911, 1
115912, 2
115913, 1
115915, 1
115921, 1
115922, 2
115924, 1
115931, 1
115932, 1
115940, 1
115941, 2
115942, 1
115944, 1
115950, 1
115951, 2
115952, 1
115953, 1
115960, 1
115961, 2
115963, 1
115970, 1
115971, 1
115980, 3
115981, 1
115983, 1
115989, 2
115990, 1
115991, 1
115993, 1
115999, 1
116000, 2
116002, 1
116009, 1
116010, 1
116018, 1
116019, 2
116020, 1
116022, 1
116028, 2
116029, 1
116030, 1
116032, 1
116038, 1
116039, 2
116041, 1
116048, 2
116058, 3
116059, 1
116061, 1
116067, 1
116068, 3
116070, 1
116077, 2
116078, 1
116080, 1
116087, 2
116097, 3
116098, 1
116106, 1
116107, 2
116116, 2
116117, 1
116137, 1
116146, 1
120130, 1
120133, 1
120136, 1
120141, 1
120144, 1
120146, 1
120156, 1
120157, 1
120159, 1
120163, 1
120174, 3
120181, 1
120183, 1
120184, 2
120186, 1
120188, 1
120194, 1
120195, 1
120197, 1
120200, 1
120205, 1
120207, 1
120209, 1
120214, 1
120215, 1
120223, 3
120224, 1
120232, 1
120233, 2
120234, 1
120235, 1
120237, 1
120238, 1
120240, 2
120243, 1
120245, 1
120248, 1
120249, 1
120251, 1
120253, 1
120254, 1
120258, 1
120261, 1
120264, 1
120266, 1
120272, 1
120273, 1
120282, 2
120285, 1
120290, 1
120291, 2
120293, 1
120296, 1
120301, 2
120302, 1
120304, 1
120308, 1
120312, 1
120314, 1
120317, 1
120319, 1
120321, 1
120322, 1
120328, 1
120329, 1
120330, 2
120331, 1
120338, 1
120339, 1
120340, 2
120341, 1
120349, 1
120350, 1
120351, 1
120354, 2
120361, 1
120362, 1
120364, 1
120370, 2
120376, 2
120379, 1
120385, 1
120387, 2
120389, 2
120397, 1
120398, 1
120400, 1
120402, 1
120406, 1
120408, 1
120411, 1
120412, 1
120417, 1
120418, 1
120423, 1
120424, 1
120426, 1
120428, 2
120430, 1
120432, 1
120433, 1
120435, 1
120439, 1
120441, 1
120444, 1
120446, 2
120449, 1
120453, 1
120455, 1
120456, 1
120457, 1
120459, 1
120465, 1
120466, 1
120476, 1
120477, 1
120479, 1
120486, 2
120487, 1
120490, 1
120492, 1
120493, 1
120496, 1
120503, 1
120504, 1
120506, 2
120513, 1
120514, 1
120515, 2
120524, 1
120525, 1
120526, 2
120533, 1
120534, 1
120535, 1
120536, 1
120544, 2
120545, 1
120546, 1
120554, 1
120555, 2
120556, 1
120564, 2
120565, 2
120574, 3
120575, 1
120584, 3
120585, 1
120593, 1
120594, 2
120595, 1
120601, 1
120603, 2
120604, 1
120612, 1
120613, 2
120614, 1
120622, 1
120623, 2
120624, 1
120632, 1
120633, 2
120634, 1
120641, 1
120642, 3
120651, 1
120652, 2
120653, 1
120661, 1
120662, 2
120663, 1
120671, 1
120672, 3
120680, 1
120681, 2
120682, 1
120690, 1
120691, 2
120692, 1
120700, 1
120701, 2
120702, 1
120710, 1
120711, 3
120719, 1
120720, 2
120721, 1
120729, 1
120730, 2
120731, 1
120739, 2
120740, 1
120741, 1
120749, 2
120750, 2
120759, 3
120760, 1
120768, 2
120769, 2
120777, 1
120778, 1
120779, 1
120780, 1
120788, 2
120789, 2
120797, 1
120798, 2
120799, 1
120807, 1
120808, 3
120817, 2
120818, 2
120827, 2
120828, 2
120836, 1
120837, 2
120838, 1
120846, 1
120847, 3
120856, 2
120857, 1
120858, 1
120865, 1
120866, 2
120867, 1
120875, 1
120876, 2
120877, 1
120885, 1
120886, 3
120895, 2
120896, 1
120897, 1
120905, 3
120906, 1
120913, 1
120915, 2
120916, 1
120924, 1
120925, 3
120934, 2
120935, 1
120936, 1
120944, 3
120945, 1
120953, 1
120954, 3
120963, 3
120964, 1
120973, 2
120974, 2
120983, 3
120984, 1
120992, 1
120993, 2
120994, 1
121002, 1
121003, 3
121012, 2
121013, 1
121014, 1
121021, 1
121022, 2
121023, 1
121031, 1
121032, 2
121033, 1
121041, 2
121042, 2
121051, 2
121052, 1
121053, 1
121061, 3
121062, 1
121070, 1
121071, 3
121080, 3
121081, 1
121090, 2
121091, 1
121099, 1
121100, 1
121110, 1
121119, 1
125061, 1
125064, 1
125065, 1
125066, 1
125067, 1
125068, 1
125070, 2
125073, 1
125076, 1
125077, 1
125078, 1
125079, 1
125080, 2
125082, 2
125085, 1
125091, 1
125092, 1
125093, 2
125095, 1
125097, 1
125099, 1
125102, 2
125103, 1
125104, 2
125105, 1
125106, 2
125107, 3
125108, 2
125109, 1
125113, 1
125116, 1
125118, 2
125120, 4
125122, 2
125123, 1
125128, 1
125132, 1
125133, 1
125134, 1
125140, 2
125142, 2
125144, 2
125145, 2
125146, 2
125147, 2
125149, 1
125151, 1
125153, 1
125156, 1
125157, 1
125158, 2
125159, 1
125160, 1
125162, 1
125166, 2
125168, 1
125172, 1
125173, 1
125178, 1
125180, 2
125181, 1
125182, 2
125183, 2
125184, 1
125185, 2
125187, 2
125189, 1
125192, 1
125193, 1
125195, 1
125196, 1
125197, 1
125198, 1
125200, 1
125202, 2
125203, 1
125204, 1
125205, 1
125206, 1
125207, 1
125213, 1
125218, 1
125219, 1
125220, 2
125221, 2
125222, 2
125223, 2
125224, 1
125225, 2
125226, 1
125227, 2
125228, 1
125229, 1
125232, 1
125233, 1
125235, 1
125236, 1
125238, 2
125240, 1
125241, 3
125242, 2
125243, 2
125244, 1
125246, 2
125248, 1
125249, 1
125250, 1
125252, 1
125253, 3
125255, 1
125256, 1
125258, 1
125259, 2
125260, 2
125261, 2
125262, 2
125263, 1
125264, 1
125265, 1
125267, 2
125273, 2
125279, 1
125280, 1
125281, 1
125282, 1
125283, 1
125284, 1
125285, 1
125286, 2
125287, 1
125288, 2
125292, 1
125299, 1
125300, 1
125301, 2
125302, 1
125303, 1
125304, 1
125305, 1
125306, 1
125307, 1
125308, 1
125312, 2
125314, 1
125315, 1
125316, 1
125317, 1
125319, 1
125320, 2
125321, 1
125322, 2
125324, 2
125326, 1
125327, 1
125328, 1
125329, 1
125331, 1
125332, 1
125334, 1
125337, 1
125338, 1
125339, 2
125340, 1
125341, 2
125342, 2
125343, 1
125344, 2
125345, 1
125346, 2
125351, 1
125352, 1
125353, 1
125356, 1
125358, 2
125359, 2
125360, 2
125361, 1
125362, 1
125363, 1
125364, 2
125365, 1
125366, 2
125367, 2
125369, 1
125370, 1
125372, 1
125373, 1
125375, 1
125376, 1
125377, 1
125378, 1
125379, 1
125380, 1
125382, 1
125384, 1
125390, 2
125396, 1
125397, 1
125398, 1
125399, 1
125401, 1
125402, 2
125403, 1
125404, 2
125405, 2
125406, 1
125407, 1
125408, 1
125409, 1
125413, 1
125416, 1
125417, 1
125418, 1
125420, 1
125421, 1
125422, 1
125423, 1
125431, 1
125433, 1
125434, 1
125440, 1
125442, 1
125443, 2
125444, 1
125445, 1
125447, 2
125448, 1
125449, 1
125450, 1
125451, 1
125452, 1
125453, 1
125454, 1
125455, 2
125458, 1
125459, 1
125460, 2
125462, 1
125463, 1
125464, 1
125465, 1
125466, 2
125467, 2
125468, 2
125469, 1
125477, 1
125478, 1
125479, 1
125480, 2
125484, 1
125486, 1
125487, 1
125488, 1
125489, 1
125490, 1
125491, 1
125492, 1
125493, 1
125497, 1
125504, 1
125546, 1
130082, 1
130093, 1
130096, 1
130104, 1
130106, 1
130109, 1
130111, 1
130114, 1
130117, 1
130121, 1
130125, 1
130127, 2
130129, 1
130130, 1
130132, 1
130135, 1
130137, 1
130140, 1
130143, 1
130145, 1
130147, 1
130150, 2
130153, 1
130156, 1
130160, 1
130161, 1
130164, 1
130166, 1
130169, 1
130171, 1
130174, 1
130176, 1
130179, 1
130182, 1
130184, 1
130186, 1
130188, 1
130189, 1
130192, 1
130195, 1
130199, 1
130200, 1
130202, 1
130205, 1
130208, 1
130210, 1
130213, 1
130215, 1
130218, 1
130221, 1
130223, 1
130225, 1
130227, 1
130228, 1
130231, 1
130233, 1
130238, 1
130239, 1
130241, 1
130244, 1
130247, 1
130249, 1
130252, 1
130254, 1
130257, 1
130260, 1
130262, 1
130264, 1
130266, 1
130267, 1
130270, 1
130272, 1
130277, 1
130278, 1
130280, 1
130283, 1
130285, 1
130288, 1
130291, 1
130293, 1
130296, 1
130299, 1
130301, 1
130303, 1
130305, 1
130306, 1
130309, 1
130311, 1
130316, 1
130317, 1
130319, 1
130322, 1
130325, 1
130327, 1
130330, 1
130332, 1
130335, 1
130338, 1
130340, 1
130342, 1
130345, 2
130348, 1
130350, 1
130355, 2
130358, 1
130361, 1
130363, 1
130366, 1
130369, 1
130371, 1
130374, 1
130377, 1
130379, 1
130381, 1
130383, 1
130384, 1
130387, 1
130389, 1
130394, 2
130397, 1
130400, 1
130402, 1
130405, 1
130408, 1
130410, 1
130413, 1
130416, 1
130418, 1
130420, 1
130422, 1
130423, 1
130426, 1
130428, 1
130433, 2
130436, 1
130438, 1
130441, 1
130444, 1
130447, 1
130449, 1
130452, 1
130454, 1
130457, 1
130459, 1
130461, 1
130462, 1
130465, 1
130467, 1
130471, 1
130472, 1
130475, 1
130478, 1
130480, 1
130482, 1
130485, 1
130488, 1
130491, 1
130494, 1
130496, 1
130498, 1
130500, 1
130501, 1
130504, 1
130506, 1
130511, 2
130514, 1
130516, 1
130519, 1
130521, 1
130524, 1
130527, 1
130529, 1
130533, 1
130535, 1
130537, 1
130539, 1
130540, 1
130543, 1
130545, 1
130549, 1
130550, 1
130553, 1
130555, 1
130558, 1
130560, 2
130566, 1
130568, 1
130571, 1
130574, 1
130575, 1
130578, 1
130579, 1
130582, 1
130584, 1
130588, 1
130589, 1
130592, 1
130594, 1
130597, 1
130600, 1
130602, 1
130605, 1
130607, 1
130610, 1
130613, 1
130615, 1
130617, 1
130618, 1
130621, 1
130623, 1
130627, 1
130628, 1
130631, 1
130633, 1
130636, 1
130638, 1
130641, 1
130644, 1
130646, 1
130649, 1
130652, 1
130654, 1
130656, 1
130657, 1
130660, 1
130662, 1
130666, 1
130667, 1
130670, 1
130672, 1
130675, 1
130677, 1
130680, 1
130683, 1
130685, 1
130688, 1
130691, 1
130693, 1
130695, 2
130698, 1
130701, 1
130705, 1
130706, 1
130709, 1
130711, 1
130714, 1
130716, 1
130719, 1
130722, 1
130724, 1
130727, 1
130730, 1
130732, 1
130734, 1
130735, 1
130738, 1
130740, 1
130744, 1
130745, 1
130748, 1
130750, 1
130753, 1
130755, 1
130758, 1
130760, 1
130763, 1
130766, 1
130769, 1
130771, 1
130773, 2
130776, 1
130779, 1
130783, 1
130784, 1
130787, 1
130789, 1
130792, 1
130794, 1
130797, 1
130799, 1
130802, 1
130805, 1
130807, 1
130810, 1
130812, 2
130815, 1
130818, 1
130822, 1
130823, 1
130826, 1
130828, 1
130831, 2
130836, 1
130838, 1
130841, 1
130844, 3
130847, 1
130849, 2
130851, 1
130854, 2
130860, 2
130862, 1
130863, 2
130866, 2
130867, 1
130869, 1
130870, 1
130875, 4
130878, 2
130879, 1
130883, 1
130886, 2
130889, 1
130890, 1
130891, 1
130892, 1
130894, 1
130895, 1
130897, 1
130898, 1
130899, 2
130900, 2
130901, 1
130902, 1
130903, 1
130905, 1
130907, 2
130911, 2
130914, 2
130915, 1
130917, 2
130918, 1
130920, 3
130923, 2
130926, 2
130930, 2
130933, 1
130934, 1
130937, 1
130938, 1
130940, 2
130941, 1
130943, 3
130946, 2
130948, 1
130949, 1
130951, 2
130953, 1
130954, 1
130955, 1
130956, 2
130958, 2
130959, 2
130961, 2
130962, 2
130964, 1
130965, 1
130967, 2
130968, 1
130970, 2
130972, 1
130973, 2
130974, 1
130975, 1
130976, 2
130977, 1
130978, 1
130980, 2
130982, 1
130983, 3
130986, 1
130988, 1
130989, 1
130992, 1
130995, 1
130996, 1
130997, 1
130998, 1
130999, 1
131000, 2
131001, 1
131002, 1
131003, 1
131004, 1
131005, 2
131006, 1
131008, 1
131009, 1
131012, 2
131013, 1
131014, 1
131015, 2
131016, 1
131017, 2
131018, 1
131019, 2
131020, 1
131022, 1
131024, 1
131025, 2
131028, 1
131029, 2
131031, 1
131032, 2
131034, 1
131035, 1
131037, 1
131040, 3
131041, 1
131043, 1
131044, 1
131048, 2
131051, 1
131052, 1
131053, 1
131054, 2
131055, 1
131057, 1
131058, 3
131059, 1
131060, 1
131061, 1
131062, 1
131063, 2
131065, 1
131066, 1
131068, 1
131071, 1
131073, 1
131074, 1
131077, 2
131079, 1
131080, 1
131083, 2
131084, 1
131086, 1
131091, 1
131094, 1
131098, 1
131099, 1
131100, 1
131101, 1
131102, 1
131103, 1
131105, 1
131107, 1
131123, 1
135028, 1
135037, 2
135046, 1
135047, 2
135056, 1
135057, 1
135060, 1
135063, 1
135065, 1
135066, 2
135067, 1
135075, 1
135076, 2
135077, 2
135085, 1
135086, 3
135095, 1
135096, 2
135104, 1
135105, 1
135106, 2
135114, 1
135115, 2
135116, 2
135124, 1
135125, 3
135134, 1
135135, 2
135143, 1
135144, 1
135145, 2
135153, 1
135154, 3
135155, 1
135163, 1
135164, 3
135173, 1
135174, 2
135182, 2
135184, 2
135192, 1
135193, 3
135194, 1
135202, 1
135203, 3
135212, 1
135213, 2
135221, 2
135222, 1
135223, 1
135231, 1
135232, 4
135241, 1
135242, 3
135251, 1
135252, 2
135260, 2
135262, 2
135270, 2
135271, 3
135280, 1
135281, 3
135289, 1
135291, 2
135299, 2
135301, 2
135309, 2
135310, 2
135311, 1
135319, 1
135320, 3
135328, 1
135330, 2
135338, 2
135339, 1
135340, 1
135348, 2
135349, 2
135350, 1
135358, 1
135359, 3
135367, 1
135368, 1
135369, 2
135377, 1
135378, 1
135379, 1
135387, 2
135388, 2
135389, 1
135397, 2
135398, 2
135406, 1
135408, 3
135416, 1
135417, 1
135418, 1
135426, 2
135427, 3
135436, 1
135437, 3
135445, 1
135446, 1
135447, 2
135455, 1
135456, 2
135465, 2
135466, 3
135475, 2
135476, 2
135484, 1
135485, 2
135486, 1
135494, 1
135495, 2
135504, 2
135505, 3
135513, 1
135514, 1
135515, 2
135523, 1
135524, 1
135525, 2
135533, 1
135534, 1
135535, 1
135543, 2
135544, 3
135553, 2
135554, 2
135562, 1
135563, 2
135564, 1
135572, 1
135573, 2
135582, 2
135583, 3
135591, 1
135592, 1
135593, 2
135601, 1
135602, 3
135611, 1
135612, 2
135621, 2
135622, 3
135630, 1
135631, 2
135632, 1
135640, 1
135641, 3
135650, 1
135651, 2
135660, 2
135661, 3
135669, 1
135670, 3
135679, 1
135680, 3
135689, 1
135690, 2
135699, 3
135700, 2
135708, 1
135709, 3
135718, 1
135719, 3
135728, 1
135729, 2
135737, 1
135738, 1
135739, 3
135747, 1
135748, 3
135756, 1
135757, 1
135758, 2
135760, 1
135763, 1
135766, 1
135767, 1
135768, 1
135773, 1
135776, 2
135778, 2
135781, 1
135783, 1
135785, 1
135786, 1
135787, 1
135792, 1
135797, 2
135800, 1
135801, 1
135807, 1
135815, 1
135817, 2
135825, 1
135826, 3
135835, 1
135836, 3
135844, 1
135845, 1
135846, 1
135854, 2
135855, 1
135856, 2
135864, 1
135865, 3
135874, 1
135875, 3
135883, 1
135884, 1
135885, 1
135893, 2
135894, 1
135895, 2
135903, 1
135904, 3
135913, 1
135914, 3
135922, 1
135924, 2
135932, 2
135933, 1
135934, 2
135942, 2
135943, 2
135952, 1
135953, 3
135961, 1
135963, 2
135971, 2
135972, 2
135973, 1
135981, 2
135982, 2
135991, 1
135992, 3
136000, 1
136002, 2
136010, 2
136011, 2
136012, 1
136020, 1
136021, 3
136030, 1
136031, 3
136039, 1
136041, 2
136049, 2
136050, 1
136051, 1
136059, 2
136069, 1
136070, 1
136078, 1
136080, 1
136090, 1
140013, 1
140021, 1
140023, 1
140033, 2
140034, 1
140036, 1
140039, 1
140041, 1
140042, 2
140044, 2
140052, 2
140053, 1
140054, 1
140060, 1
140062, 1
140063, 2
140072, 2
140073, 2
140081, 2
140082, 1
140083, 1
140091, 2
140092, 2
140099, 1
140101, 1
140102, 2
140111, 2
140112, 2
140120, 2
140121, 1
140122, 1
140130, 2
140131, 2
140138, 1
140140, 1
140141, 2
140150, 2
140151, 2
140159, 2
140160, 2
140169, 2
140170, 2
140177, 1
140179, 2
140180, 1
140189, 2
140190, 2
140198, 2
140200, 2
140208, 2
140209, 2
140216, 1
140217, 1
140218, 1
140219, 1
140227, 2
140229, 2
140237, 2
140239, 2
140247, 2
140248, 2
140255, 1
140256, 2
140258, 1
140266, 2
140267, 1
140268, 1
140276, 2
140277, 2
140286, 2
140287, 2
140294, 1
140295, 2
140297, 1
140305, 2
140306, 1
140307, 1
140315, 2
140316, 2
140325, 2
140326, 2
140333, 1
140334, 2
140336, 1
140344, 2
140345, 1
140346, 1
140354, 2
140355, 2
140364, 2
140365, 2
140372, 1
140373, 2
140375, 1
140383, 2
140384, 1
140385, 1
140393, 2
140394, 2
140403, 2
140404, 2
140411, 1
140412, 2
140414, 1
140422, 2
140423, 1
140424, 1
140432, 2
140433, 2
140441, 2
140443, 2
140450, 1
140451, 2
140453, 1
140461, 2
140462, 1
140463, 1
140471, 2
140472, 2
140480, 1
140481, 1
140482, 2
140489, 1
140490, 2
140492, 1
140500, 2
140501, 2
140510, 2
140511, 2
140520, 2
140521, 2
140528, 1
140529, 2
140530, 1
140539, 2
140540, 1
140541, 1
140549, 2
140550, 2
140559, 2
140560, 2
140567, 1
140568, 2
140570, 1
140578, 2
140579, 2
140588, 2
140589, 2
140597, 2
140599, 2
140606, 1
140607, 2
140609, 1
140617, 2
140618, 2
140626, 1
140627, 1
140628, 2
140636, 2
140638, 2
140644, 1
140646, 2
140647, 1
140656, 2
140657, 2
140665, 2
140667, 2
140675, 2
140676, 1
140677, 1
140683, 1
140685, 2
140686, 1
140695, 2
140696, 2
140704, 1
140705, 1
140706, 2
140714, 2
140715, 2
140722, 1
140724, 2
140725, 1
140733, 1
140734, 1
140735, 2
140743, 1
140744, 1
140745, 2
140753, 2
140754, 2
140761, 1
140763, 2
140764, 1
140772, 1
140773, 1
140774, 2
140782, 2
140784, 2
140792, 2
140793, 2
140800, 1
140802, 2
140803, 1
140811, 1
140812, 1
140813, 2
140821, 2
140823, 2
140831, 2
140832, 2
140839, 1
140841, 2
140842, 1
140850, 1
140851, 1
140852, 2
140860, 2
140861, 1
140862, 1
140870, 2
140871, 2
140878, 1
140880, 2
140881, 1
140888, 1
140889, 1
140891, 2
140899, 2
140901, 2
140909, 2
140910, 2
140917, 1
140919, 2
140920, 1
140927, 1
140928, 1
140930, 2
140938, 2
140939, 1
140940, 1
140948, 2
140949, 2
140956, 1
140958, 2
140959, 1
140966, 1
140967, 1
140969, 2
140977, 2
140978, 1
140979, 1
140987, 2
140988, 2
140995, 1
140997, 2
140998, 1
141005, 1
141006, 1
141008, 2
141016, 1
141017, 2
141026, 1
141027, 2
141037, 1
145012, 1
145013, 1
145022, 2
145030, 1
145032, 2
145041, 1
145042, 1
145045, 1
145047, 2
145049, 1
145051, 3
145057, 1
145061, 4
145069, 1
145070, 1
145071, 2
145080, 1
145081, 1
145086, 1
145088, 2
145090, 2
145096, 1
145100, 4
145109, 2
145110, 2
145116, 1
145119, 1
145120, 1
145125, 1
145129, 3
145135, 1
145138, 1
145139, 3
145148, 4
145155, 1
145158, 1
145159, 1
145164, 1
145168, 3
145174, 1
145178, 4
145186, 1
145187, 1
145188, 2
145195, 1
145197, 1
145198, 1
145203, 1
145207, 3
145213, 1
145217, 4
145226, 3
145227, 1
145233, 1
145236, 2
145242, 1
145246, 3
145252, 1
145256, 4
145265, 3
145266, 1
145272, 1
145275, 2
145281, 1
145285, 3
145291, 1
145294, 1
145295, 3
145304, 3
145305, 1
145311, 1
145314, 2
145320, 1
145323, 1
145324, 2
145330, 1
145333, 2
145334, 2
145343, 4
145350, 1
145353, 2
145359, 1
145363, 3
145369, 1
145372, 1
145373, 3
145381, 1
145382, 3
145389, 1
145392, 2
145396, 1
145402, 3
145408, 1
145410, 1
145411, 1
145412, 2
145421, 4
145428, 1
145431, 2
145437, 1
145440, 3
145447, 1
145448, 1
145449, 2
145451, 1
145459, 1
145460, 3
145467, 1
145470, 2
145474, 1
145478, 1
145479, 2
145485, 1
145488, 1
145489, 2
145490, 1
145497, 1
145499, 3
145506, 1
145509, 2
145515, 1
145518, 2
145519, 1
145524, 1
145528, 4
145537, 1
145538, 3
145545, 1
145547, 1
145548, 1
145554, 1
145557, 3
145562, 1
145567, 4
145577, 4
145584, 1
145587, 2
145593, 1
145596, 2
145597, 1
145602, 1
145606, 4
145616, 4
145622, 1
145626, 2
145632, 1
145635, 2
145636, 1
145641, 1
145645, 4
145654, 1
145655, 3
145662, 1
145664, 1
145665, 1
145670, 1
145674, 3
145680, 1
145684, 4
145694, 4
145701, 1
145703, 1
145704, 1
145710, 1
145713, 3
145719, 1
145723, 4
145732, 1
145733, 3
145740, 1
145742, 1
145743, 1
145748, 1
145752, 3
145758, 1
145762, 4
145771, 1
145772, 3
145779, 1
145781, 1
145782, 1
145788, 1
145791, 3
145797, 1
145801, 4
145810, 1
145811, 3
145818, 1
145820, 1
145821, 1
145826, 1
145830, 3
145836, 1
145840, 4
145849, 1
145850, 3
145857, 1
145859, 2
145865, 1
145868, 1
145869, 2
145875, 1
145879, 4
145887, 1
145888, 1
145889, 2
145895, 1
145898, 1
145899, 1
145904, 1
145908, 3
145914, 1
145916, 1
145917, 1
145918, 2
145927, 1
145928, 3
145935, 1
145937, 2
145943, 1
145947, 3
145953, 1
145957, 4
145966, 3
145967, 1
145973, 1
145976, 2
145982, 1
145986, 3
145992, 1
145995, 2
145996, 2
146005, 3
146015, 2
146021, 1
146025, 1
146031, 1
146035, 1
150174, 1
150176, 1
150178, 1
150184, 1
150186, 1
150188, 1
150203, 1
150205, 1
150208, 1
150217, 1
150218, 1
150224, 1
150225, 1
150226, 1
150227, 1
150228, 1
150230, 1
150234, 1
150236, 1
150238, 1
150240, 1
150248, 1
150249, 2
150253, 1
150254, 2
150256, 1
150258, 1
150260, 2
150262, 2
150263, 1
150265, 1
150269, 1
150270, 1
150272, 1
150274, 1
150280, 1
150282, 1
150283, 1
150290, 1
150292, 1
150297, 1
150305, 1
150307, 1
150311, 1
150312, 1
150314, 2
150316, 1
150321, 1
150322, 1
150323, 1
150325, 1
150327, 1
150329, 2
150330, 1
150331, 1
150332, 1
150338, 2
150340, 1
150342, 1
150343, 1
150348, 1
150350, 1
150356, 1
150358, 1
150360, 1
150362, 1
150368, 1
150371, 1
150373, 2
150374, 1
150377, 1
150383, 1
150384, 1
150386, 1
150387, 1
150391, 1
150392, 1
150394, 1
150396, 1
150399, 1
150400, 1
150401, 2
150403, 2
150405, 1
150417, 1
150419, 1
150421, 2
150423, 1
150427, 1
150433, 1
150442, 1
150444, 1
150447, 1
150449, 1
150450, 2
150455, 1
150457, 1
150458, 1
150460, 1
150462, 1
150463, 1
150464, 1
150465, 1
150470, 1
150472, 1
150474, 2
150475, 1
150477, 1
150479, 1
150490, 1
150491, 1
150492, 1
150494, 1
150499, 1
150502, 1
150507, 1
150509, 1
150511, 1
150516, 1
150517, 1
150518, 1
150519, 1
150524, 2
150526, 2
150528, 1
150529, 1
150533, 1
150536, 1
150542, 1
150546, 2
150548, 1
150550, 1
150554, 1
150557, 1
150559, 1
150566, 2
150568, 1
150570, 1
150572, 1
150573, 1
150575, 1
150580, 1
150581, 1
150582, 2
150584, 1
150591, 1
150597, 1
150598, 1
150600, 2
150602, 1
150607, 1
150608, 1
150614, 1
150616, 1
150618, 1
150623, 1
150624, 1
150626, 3
150630, 2
150633, 1
150635, 2
150637, 1
150639, 2
150641, 1
150644, 1
150646, 1
150650, 1
150653, 1
150655, 1
150657, 1
150664, 1
150667, 1
150674, 2
150676, 1
150681, 1
150683, 2
150684, 2
150689, 1
150690, 1
150691, 1
150692, 1
150694, 1
150698, 1
150705, 1
150708, 1
150710, 1
150712, 1
150713, 2
150720, 1
150722, 1
150723, 1
150724, 1
150725, 1
150726, 1
150730, 1
150731, 1
150732, 1
150733, 1
150734, 1
150735, 1
150736, 1
150737, 1
150740, 1
150742, 1
150743, 1
150745, 1
150750, 1
150752, 1
150753, 1
150755, 1
150761, 1
150763, 1
150772, 1
150774, 1
150777, 1
150780, 1
150783, 1
150784, 1
150785, 1
150786, 1
150788, 1
150792, 2
150795, 1
150797, 1
150801, 2
150803, 2
150813, 1
150814, 1
150815, 2
150818, 1
150821, 1
150824, 2
150826, 1
150829, 1
150832, 2
150833, 1
150834, 1
150835, 1
150837, 1
150841, 1
150844, 1
150852, 2
150853, 1
150854, 2
150855, 1
150862, 1
150864, 1
150866, 1
150870, 1
150873, 1
150880, 1
150882, 1
150883, 1
150884, 2
150886, 1
150888, 1
150892, 1
150893, 1
150895, 1
150897, 1
150903, 1
150912, 1
150913, 1
150915, 1
150922, 1
150925, 1
150932, 1
150935, 2
150936, 1
150945, 1
150948, 1
150949, 1
150950, 1
150953, 1
150956, 1
150959, 2
150965, 1
150968, 1
150970, 1
150971, 1
150976, 1
150977, 1
150978, 1
150983, 1
150985, 1
150988, 1
151001, 1
151010, 1
