03:02:11.567 INF Connecting to orderer. addrStr=13.211.239.73:10165 peerId=15
03:02:11.567 INF Connecting to orderer. addrStr=3.133.141.212:10022 peerId=2
03:02:11.567 INF Connecting to orderer. addrStr=3.143.235.31:10033 peerId=3
03:02:11.567 INF Connecting to orderer. addrStr=13.38.129.101:10044 peerId=4
03:02:11.568 INF Connecting to orderer. addrStr=35.181.26.33:10055 peerId=5
03:02:11.568 INF Connecting to orderer. addrStr=13.39.150.53:10066 peerId=6
03:02:11.568 INF Connecting to orderer. addrStr=35.180.63.188:10077 peerId=7
03:02:11.568 INF Connecting to orderer. addrStr=3.112.1.15:10088 peerId=8
03:02:11.568 INF Connecting to orderer. addrStr=18.183.126.1:10110 peerId=10
03:02:11.569 INF Connecting to orderer. addrStr=54.168.205.54:10121 peerId=11
03:02:11.569 INF Connecting to orderer. addrStr=54.206.6.27:10143 peerId=13
03:02:11.569 INF Connecting to orderer. addrStr=13.211.162.174:10154 peerId=14
03:02:11.569 INF Connecting to orderer. addrStr=13.210.77.116:10132 peerId=12
03:02:11.570 INF Connecting to orderer. addrStr=52.193.64.239:10099 peerId=9
03:02:11.589 INF Connected to orderer. addrStr=13.39.150.53:10066 id=6
03:02:11.590 INF Connecting to orderer. addrStr=3.145.62.62:10000 peerId=0
03:02:11.590 INF Connecting to orderer. addrStr=3.133.120.22:10011 peerId=1
03:02:11.614 INF Connected to orderer. addrStr=13.38.129.101:10044 id=4
03:02:11.620 INF Connected to orderer. addrStr=35.180.63.188:10077 id=7
03:02:11.623 INF Connected to orderer. addrStr=35.181.26.33:10055 id=5
03:02:12.064 INF Connected to orderer. addrStr=3.145.62.62:10000 id=0
03:02:12.065 INF Connected to orderer. addrStr=3.133.120.22:10011 id=1
03:02:12.071 INF Connected to orderer. addrStr=3.143.235.31:10033 id=3
03:02:12.073 INF Connected to orderer. addrStr=3.133.141.212:10022 id=2
03:02:12.641 INF Connected to orderer. addrStr=18.183.126.1:10110 id=10
03:02:12.655 INF Connected to orderer. addrStr=3.112.1.15:10088 id=8
03:02:12.660 INF Connected to orderer. addrStr=54.168.205.54:10121 id=11
03:02:12.664 INF Connected to orderer. addrStr=52.193.64.239:10099 id=9
03:02:12.959 INF Connected to orderer. addrStr=13.211.239.73:10165 id=15
03:02:12.960 INF Connected to orderer. addrStr=54.206.6.27:10143 id=13
03:02:12.977 INF Connected to orderer. addrStr=13.210.77.116:10132 id=12
03:02:12.993 INF Connected to orderer. addrStr=13.211.162.174:10154 id=14
03:02:12.994 INF Connected to orderers.
03:02:12.996 INF Setting up client timeout. clientRunTime=15000
03:02:12.996 INF Starting to submit requests. numRequests=5859
03:02:12.997 INF Submitted request. clSeqNr=0
03:02:12.998 INF Updating bucket assignment. epoch=0
03:02:12.998 INF Resubmitted Requests. epoch=0 n=0
03:02:13.002 INF Submitted request. clSeqNr=1
03:02:13.007 INF Submitted request. clSeqNr=2
03:02:13.012 INF Submitted request. clSeqNr=3
03:02:13.017 INF Submitted request. clSeqNr=4
03:02:13.022 INF Submitted request. clSeqNr=5
03:02:13.028 INF Submitted request. clSeqNr=6
03:02:13.033 INF Submitted request. clSeqNr=7
03:02:13.038 INF Submitted request. clSeqNr=8
03:02:13.043 INF Submitted request. clSeqNr=9
03:02:13.048 INF Submitted request. clSeqNr=10
03:02:13.053 INF Submitted request. clSeqNr=11
03:02:13.059 INF Submitted request. clSeqNr=12
03:02:13.063 INF Submitted request. clSeqNr=13
03:02:13.068 INF Submitted request. clSeqNr=14
03:02:13.074 INF Submitted request. clSeqNr=15
03:02:13.079 INF Submitted request. clSeqNr=16
03:02:13.084 INF Submitted request. clSeqNr=17
03:02:13.089 INF Submitted request. clSeqNr=18
03:02:13.095 INF Submitted request. clSeqNr=19
03:02:13.099 INF Submitted request. clSeqNr=20
03:02:13.104 INF Submitted request. clSeqNr=21
03:02:13.109 INF Submitted request. clSeqNr=22
03:02:13.115 INF Submitted request. clSeqNr=23
03:02:13.120 INF Submitted request. clSeqNr=24
03:02:13.125 INF Submitted request. clSeqNr=25
03:02:13.130 INF Submitted request. clSeqNr=26
03:02:13.135 INF Submitted request. clSeqNr=27
03:02:13.141 INF Submitted request. clSeqNr=28
03:02:13.146 INF Submitted request. clSeqNr=29
03:02:13.151 INF Submitted request. clSeqNr=30
03:02:13.156 INF Submitted request. clSeqNr=31
03:02:13.161 INF Submitted request. clSeqNr=32
03:02:13.166 INF Submitted request. clSeqNr=33
03:02:13.171 INF Submitted request. clSeqNr=34
03:02:13.177 INF Submitted request. clSeqNr=35
03:02:13.182 INF Submitted request. clSeqNr=36
03:02:13.187 INF Submitted request. clSeqNr=37
03:02:13.192 INF Submitted request. clSeqNr=38
03:02:13.197 INF Submitted request. clSeqNr=39
03:02:13.202 INF Submitted request. clSeqNr=40
03:02:13.207 INF Submitted request. clSeqNr=41
03:02:13.213 INF Submitted request. clSeqNr=42
03:02:13.217 INF Submitted request. clSeqNr=43
03:02:13.223 INF Submitted request. clSeqNr=44
03:02:13.227 INF Submitted request. clSeqNr=45
03:02:13.232 INF Submitted request. clSeqNr=46
03:02:13.238 INF Submitted request. clSeqNr=47
03:02:13.243 INF Submitted request. clSeqNr=48
03:02:13.248 INF Submitted request. clSeqNr=49
03:02:13.253 INF Submitted request. clSeqNr=50
03:02:13.259 INF Submitted request. clSeqNr=51
03:02:13.264 INF Submitted request. clSeqNr=52
03:02:13.269 INF Submitted request. clSeqNr=53
03:02:13.274 INF Submitted request. clSeqNr=54
03:02:13.279 INF Submitted request. clSeqNr=55
03:02:13.285 INF Submitted request. clSeqNr=56
03:02:13.289 INF Submitted request. clSeqNr=57
03:02:13.294 INF Submitted request. clSeqNr=58
03:02:13.300 INF Submitted request. clSeqNr=59
03:02:13.305 INF Submitted request. clSeqNr=60
03:02:13.309 INF Submitted request. clSeqNr=61
03:02:13.314 INF Submitted request. clSeqNr=62
03:02:13.320 INF Submitted request. clSeqNr=63
03:02:13.326 INF Submitted request. clSeqNr=64
03:02:13.330 INF Submitted request. clSeqNr=65
03:02:13.336 INF Submitted request. clSeqNr=66
03:02:13.341 INF Submitted request. clSeqNr=67
03:02:13.345 INF Submitted request. clSeqNr=68
03:02:13.350 INF Submitted request. clSeqNr=69
03:02:13.356 INF Submitted request. clSeqNr=70
03:02:13.361 INF Submitted request. clSeqNr=71
03:02:13.366 INF Submitted request. clSeqNr=72
03:02:13.371 INF Submitted request. clSeqNr=73
03:02:13.376 INF Submitted request. clSeqNr=74
03:02:13.382 INF Submitted request. clSeqNr=75
03:02:13.386 INF Submitted request. clSeqNr=76
03:02:13.391 INF Submitted request. clSeqNr=77
03:02:13.397 INF Submitted request. clSeqNr=78
03:02:13.402 INF Submitted request. clSeqNr=79
03:02:13.407 INF Submitted request. clSeqNr=80
03:02:13.412 INF Submitted request. clSeqNr=81
03:02:13.417 INF Submitted request. clSeqNr=82
03:02:13.517 INF Submitted request. clSeqNr=83
03:02:13.517 INF Submitted request. clSeqNr=84
03:02:13.517 INF Submitted request. clSeqNr=85
03:02:13.517 INF Submitted request. clSeqNr=86
03:02:13.517 INF Submitted request. clSeqNr=87
03:02:13.518 INF Submitted request. clSeqNr=88
03:02:13.518 INF Submitted request. clSeqNr=89
03:02:13.518 INF Submitted request. clSeqNr=90
03:02:13.518 INF Submitted request. clSeqNr=91
03:02:13.518 INF Submitted request. clSeqNr=92
03:02:13.518 INF Submitted request. clSeqNr=93
03:02:13.518 INF Submitted request. clSeqNr=94
03:02:13.519 INF Submitted request. clSeqNr=95
03:02:13.519 INF Submitted request. clSeqNr=96
03:02:13.519 INF Submitted request. clSeqNr=97
03:02:13.519 INF Submitted request. clSeqNr=98
03:02:13.519 INF Submitted request. clSeqNr=99
03:02:13.519 INF Submitted request. clSeqNr=100
03:02:13.519 INF Submitted request. clSeqNr=101
03:02:13.520 INF Submitted request. clSeqNr=102
03:02:13.526 INF Submitted request. clSeqNr=103
03:02:13.531 INF Submitted request. clSeqNr=104
03:02:13.536 INF Submitted request. clSeqNr=105
03:02:13.541 INF Submitted request. clSeqNr=106
03:02:13.546 INF Submitted request. clSeqNr=107
03:02:13.550 INF Submitted request. clSeqNr=108
03:02:13.556 INF Submitted request. clSeqNr=109
03:02:13.561 INF Submitted request. clSeqNr=110
03:02:13.566 INF Submitted request. clSeqNr=111
03:02:13.571 INF Submitted request. clSeqNr=112
03:02:13.577 INF Submitted request. clSeqNr=113
03:02:13.581 INF Submitted request. clSeqNr=114
03:02:13.587 INF Submitted request. clSeqNr=115
03:02:13.592 INF Submitted request. clSeqNr=116
03:02:13.597 INF Submitted request. clSeqNr=117
03:02:13.602 INF Submitted request. clSeqNr=118
03:02:13.607 INF Submitted request. clSeqNr=119
03:02:13.612 INF Submitted request. clSeqNr=120
03:02:13.617 INF Submitted request. clSeqNr=121
03:02:13.623 INF Submitted request. clSeqNr=122
03:02:13.628 INF Submitted request. clSeqNr=123
03:02:13.633 INF Submitted request. clSeqNr=124
03:02:13.638 INF Submitted request. clSeqNr=125
03:02:13.643 INF Submitted request. clSeqNr=126
03:02:13.649 INF Submitted request. clSeqNr=127
03:02:13.653 INF Submitted request. clSeqNr=128
03:02:13.659 INF Submitted request. clSeqNr=129
03:02:13.663 INF Submitted request. clSeqNr=130
03:02:13.668 INF Submitted request. clSeqNr=131
03:02:13.674 INF Submitted request. clSeqNr=132
03:02:13.679 INF Submitted request. clSeqNr=133
03:02:13.684 INF Submitted request. clSeqNr=134
03:02:13.689 INF Submitted request. clSeqNr=135
03:02:13.694 INF Submitted request. clSeqNr=136
03:02:13.700 INF Submitted request. clSeqNr=137
03:02:13.704 INF Submitted request. clSeqNr=138
03:02:13.710 INF Submitted request. clSeqNr=139
03:02:13.715 INF Submitted request. clSeqNr=140
03:02:13.720 INF Submitted request. clSeqNr=141
03:02:13.725 INF Submitted request. clSeqNr=142
03:02:13.730 INF Submitted request. clSeqNr=143
03:02:13.735 INF Submitted request. clSeqNr=144
03:02:13.740 INF Submitted request. clSeqNr=145
03:02:13.745 INF Submitted request. clSeqNr=146
03:02:13.751 INF Submitted request. clSeqNr=147
03:02:13.756 INF Submitted request. clSeqNr=148
03:02:13.761 INF Submitted request. clSeqNr=149
03:02:13.766 INF Submitted request. clSeqNr=150
03:02:13.771 INF Submitted request. clSeqNr=151
03:02:13.776 INF Submitted request. clSeqNr=152
03:02:13.782 INF Submitted request. clSeqNr=153
03:02:13.786 INF Submitted request. clSeqNr=154
03:02:13.792 INF Submitted request. clSeqNr=155
03:02:13.797 INF Submitted request. clSeqNr=156
03:02:13.802 INF Submitted request. clSeqNr=157
03:02:13.807 INF Submitted request. clSeqNr=158
03:02:13.812 INF Submitted request. clSeqNr=159
03:02:13.817 INF Submitted request. clSeqNr=160
03:02:13.822 INF Submitted request. clSeqNr=161
03:02:13.828 INF Submitted request. clSeqNr=162
03:02:13.832 INF Submitted request. clSeqNr=163
03:02:13.838 INF Submitted request. clSeqNr=164
03:02:13.843 INF Submitted request. clSeqNr=165
03:02:13.848 INF Submitted request. clSeqNr=166
03:02:13.854 INF Submitted request. clSeqNr=167
03:02:13.858 INF Submitted request. clSeqNr=168
03:02:13.863 INF Submitted request. clSeqNr=169
03:02:13.868 INF Submitted request. clSeqNr=170
03:02:13.874 INF Submitted request. clSeqNr=171
03:02:13.879 INF Submitted request. clSeqNr=172
03:02:13.884 INF Submitted request. clSeqNr=173
03:02:13.889 INF Submitted request. clSeqNr=174
03:02:13.894 INF Submitted request. clSeqNr=175
03:02:13.899 INF Submitted request. clSeqNr=176
03:02:13.904 INF Submitted request. clSeqNr=177
03:02:13.909 INF Submitted request. clSeqNr=178
03:02:13.914 INF Submitted request. clSeqNr=179
03:02:13.920 INF Submitted request. clSeqNr=180
03:02:13.926 INF Submitted request. clSeqNr=181
03:02:13.930 INF Submitted request. clSeqNr=182
03:02:13.935 INF Submitted request. clSeqNr=183
03:02:13.941 INF Submitted request. clSeqNr=184
03:02:13.945 INF Submitted request. clSeqNr=185
03:02:13.950 INF Submitted request. clSeqNr=186
03:02:13.955 INF Submitted request. clSeqNr=187
03:02:13.961 INF Submitted request. clSeqNr=188
03:02:13.966 INF Submitted request. clSeqNr=189
03:02:13.971 INF Submitted request. clSeqNr=190
03:02:13.976 INF Submitted request. clSeqNr=191
03:02:13.981 INF Submitted request. clSeqNr=192
03:02:13.986 INF Submitted request. clSeqNr=193
03:02:13.991 INF Submitted request. clSeqNr=194
03:02:13.997 INF Submitted request. clSeqNr=195
03:02:14.002 INF Submitted request. clSeqNr=196
03:02:14.008 INF Submitted request. clSeqNr=197
03:02:14.013 INF Submitted request. clSeqNr=198
03:02:14.018 INF Submitted request. clSeqNr=199
03:02:14.022 INF Submitted request. clSeqNr=200
03:02:14.027 INF Submitted request. clSeqNr=201
03:02:14.033 INF Submitted request. clSeqNr=202
03:02:14.038 INF Submitted request. clSeqNr=203
03:02:14.043 INF Submitted request. clSeqNr=204
03:02:14.049 INF Submitted request. clSeqNr=205
03:02:14.053 INF Submitted request. clSeqNr=206
03:02:14.059 INF Submitted request. clSeqNr=207
03:02:14.063 INF Submitted request. clSeqNr=208
03:02:14.068 INF Submitted request. clSeqNr=209
03:02:14.073 INF Submitted request. clSeqNr=210
03:02:14.079 INF Submitted request. clSeqNr=211
03:02:14.084 INF Submitted request. clSeqNr=212
03:02:14.089 INF Submitted request. clSeqNr=213
03:02:14.094 INF Submitted request. clSeqNr=214
03:02:14.099 INF Submitted request. clSeqNr=215
03:02:14.104 INF Submitted request. clSeqNr=216
03:02:14.109 INF Submitted request. clSeqNr=217
03:02:14.115 INF Submitted request. clSeqNr=218
03:02:14.120 INF Submitted request. clSeqNr=219
03:02:14.125 INF Submitted request. clSeqNr=220
03:02:14.131 INF Submitted request. clSeqNr=221
03:02:14.135 INF Submitted request. clSeqNr=222
03:02:14.140 INF Submitted request. clSeqNr=223
03:02:14.145 INF Submitted request. clSeqNr=224
03:02:14.151 INF Submitted request. clSeqNr=225
03:02:14.155 INF Submitted request. clSeqNr=226
03:02:14.161 INF Submitted request. clSeqNr=227
03:02:14.166 INF Submitted request. clSeqNr=228
03:02:14.172 INF Submitted request. clSeqNr=229
03:02:14.177 INF Submitted request. clSeqNr=230
03:02:14.181 INF Submitted request. clSeqNr=231
03:02:14.186 INF Submitted request. clSeqNr=232
03:02:14.191 INF Submitted request. clSeqNr=233
03:02:14.197 INF Submitted request. clSeqNr=234
03:02:14.202 INF Submitted request. clSeqNr=235
03:02:14.207 INF Submitted request. clSeqNr=236
03:02:14.212 INF Submitted request. clSeqNr=237
03:02:14.217 INF Submitted request. clSeqNr=238
03:02:14.222 INF Submitted request. clSeqNr=239
03:02:14.227 INF Submitted request. clSeqNr=240
03:02:14.232 INF Submitted request. clSeqNr=241
03:02:14.238 INF Submitted request. clSeqNr=242
03:02:14.243 INF Submitted request. clSeqNr=243
03:02:14.248 INF Submitted request. clSeqNr=244
03:02:14.253 INF Submitted request. clSeqNr=245
03:02:14.259 INF Submitted request. clSeqNr=246
03:02:14.263 INF Submitted request. clSeqNr=247
03:02:14.269 INF Submitted request. clSeqNr=248
03:02:14.274 INF Submitted request. clSeqNr=249
03:02:14.279 INF Submitted request. clSeqNr=250
03:02:14.284 INF Submitted request. clSeqNr=251
03:02:14.289 INF Submitted request. clSeqNr=252
03:02:14.294 INF Submitted request. clSeqNr=253
03:02:14.299 INF Submitted request. clSeqNr=254
03:02:14.304 INF Submitted request. clSeqNr=255
03:02:14.310 INF Submitted request. clSeqNr=256
03:02:14.314 INF Submitted request. clSeqNr=257
03:02:14.320 INF Submitted request. clSeqNr=258
03:02:14.325 INF Submitted request. clSeqNr=259
03:02:14.330 INF Submitted request. clSeqNr=260
03:02:14.336 INF Submitted request. clSeqNr=261
03:02:14.340 INF Submitted request. clSeqNr=262
03:02:14.345 INF Submitted request. clSeqNr=263
03:02:14.350 INF Submitted request. clSeqNr=264
03:02:14.356 INF Submitted request. clSeqNr=265
03:02:14.361 INF Submitted request. clSeqNr=266
03:02:14.366 INF Submitted request. clSeqNr=267
03:02:14.372 INF Submitted request. clSeqNr=268
03:02:14.377 INF Submitted request. clSeqNr=269
03:02:14.381 INF Submitted request. clSeqNr=270
03:02:14.387 INF Submitted request. clSeqNr=271
03:02:14.391 INF Submitted request. clSeqNr=272
03:02:14.397 INF Submitted request. clSeqNr=273
03:02:14.402 INF Submitted request. clSeqNr=274
03:02:14.407 INF Submitted request. clSeqNr=275
03:02:14.413 INF Submitted request. clSeqNr=276
03:02:14.417 INF Submitted request. clSeqNr=277
03:02:14.422 INF Submitted request. clSeqNr=278
03:02:14.427 INF Submitted request. clSeqNr=279
03:02:14.432 INF Submitted request. clSeqNr=280
03:02:14.438 INF Submitted request. clSeqNr=281
03:02:14.443 INF Submitted request. clSeqNr=282
03:02:14.448 INF Submitted request. clSeqNr=283
03:02:14.453 INF Submitted request. clSeqNr=284
03:02:14.458 INF Submitted request. clSeqNr=285
03:02:14.463 INF Submitted request. clSeqNr=286
03:02:14.468 INF Submitted request. clSeqNr=287
03:02:14.474 INF Submitted request. clSeqNr=288
03:02:14.479 INF Submitted request. clSeqNr=289
03:02:14.484 INF Submitted request. clSeqNr=290
03:02:14.489 INF Submitted request. clSeqNr=291
03:02:14.494 INF Submitted request. clSeqNr=292
03:02:14.500 INF Submitted request. clSeqNr=293
03:02:14.505 INF Submitted request. clSeqNr=294
03:02:14.510 INF Submitted request. clSeqNr=295
03:02:14.515 INF Submitted request. clSeqNr=296
03:02:14.520 INF Submitted request. clSeqNr=297
03:02:14.525 INF Submitted request. clSeqNr=298
03:02:14.530 INF Submitted request. clSeqNr=299
03:02:14.536 INF Submitted request. clSeqNr=300
03:02:14.540 INF Submitted request. clSeqNr=301
03:02:14.546 INF Submitted request. clSeqNr=302
03:02:14.551 INF Submitted request. clSeqNr=303
03:02:14.555 INF Submitted request. clSeqNr=304
03:02:14.561 INF Submitted request. clSeqNr=305
03:02:14.566 INF Submitted request. clSeqNr=306
03:02:14.571 INF Submitted request. clSeqNr=307
03:02:14.576 INF Submitted request. clSeqNr=308
03:02:14.582 INF Submitted request. clSeqNr=309
03:02:14.586 INF Submitted request. clSeqNr=310
03:02:14.592 INF Submitted request. clSeqNr=311
03:02:14.596 INF Submitted request. clSeqNr=312
03:02:14.602 INF Submitted request. clSeqNr=313
03:02:14.608 INF Submitted request. clSeqNr=314
03:02:14.613 INF Submitted request. clSeqNr=315
03:02:14.617 INF Submitted request. clSeqNr=316
03:02:14.622 INF Submitted request. clSeqNr=317
03:02:14.627 INF Submitted request. clSeqNr=318
03:02:14.633 INF Submitted request. clSeqNr=319
03:02:14.637 INF Submitted request. clSeqNr=320
03:02:14.643 INF Submitted request. clSeqNr=321
03:02:14.649 INF Submitted request. clSeqNr=322
03:02:14.653 INF Submitted request. clSeqNr=323
03:02:14.658 INF Submitted request. clSeqNr=324
03:02:14.663 INF Submitted request. clSeqNr=325
03:02:14.669 INF Submitted request. clSeqNr=326
03:02:14.674 INF Submitted request. clSeqNr=327
03:02:14.679 INF Submitted request. clSeqNr=328
03:02:14.684 INF Submitted request. clSeqNr=329
03:02:14.690 INF Submitted request. clSeqNr=330
03:02:14.695 INF Submitted request. clSeqNr=331
03:02:14.699 INF Submitted request. clSeqNr=332
03:02:14.704 INF Submitted request. clSeqNr=333
03:02:14.709 INF Submitted request. clSeqNr=334
03:02:14.714 INF Submitted request. clSeqNr=335
03:02:14.720 INF Submitted request. clSeqNr=336
03:02:14.725 INF Submitted request. clSeqNr=337
03:02:14.730 INF Submitted request. clSeqNr=338
03:02:14.736 INF Submitted request. clSeqNr=339
03:02:14.741 INF Submitted request. clSeqNr=340
03:02:14.746 INF Submitted request. clSeqNr=341
03:02:14.751 INF Submitted request. clSeqNr=342
03:02:14.756 INF Submitted request. clSeqNr=343
03:02:14.761 INF Submitted request. clSeqNr=344
03:02:14.766 INF Submitted request. clSeqNr=345
03:02:14.771 INF Submitted request. clSeqNr=346
03:02:14.776 INF Submitted request. clSeqNr=347
03:02:14.782 INF Submitted request. clSeqNr=348
03:02:14.786 INF Submitted request. clSeqNr=349
03:02:14.792 INF Submitted request. clSeqNr=350
03:02:14.797 INF Submitted request. clSeqNr=351
03:02:14.802 INF Submitted request. clSeqNr=352
03:02:14.807 INF Submitted request. clSeqNr=353
03:02:14.812 INF Submitted request. clSeqNr=354
03:02:14.817 INF Submitted request. clSeqNr=355
03:02:14.823 INF Submitted request. clSeqNr=356
03:02:14.827 INF Submitted request. clSeqNr=357
03:02:14.832 INF Submitted request. clSeqNr=358
03:02:14.838 INF Submitted request. clSeqNr=359
03:02:14.843 INF Submitted request. clSeqNr=360
03:02:14.849 INF Submitted request. clSeqNr=361
03:02:14.853 INF Submitted request. clSeqNr=362
03:02:14.859 INF Submitted request. clSeqNr=363
03:02:14.864 INF Submitted request. clSeqNr=364
03:02:14.868 INF Submitted request. clSeqNr=365
03:02:14.873 INF Submitted request. clSeqNr=366
03:02:14.878 INF Submitted request. clSeqNr=367
03:02:14.884 INF Submitted request. clSeqNr=368
03:02:14.889 INF Submitted request. clSeqNr=369
03:02:14.894 INF Submitted request. clSeqNr=370
03:02:14.899 INF Submitted request. clSeqNr=371
03:02:14.904 INF Submitted request. clSeqNr=372
03:02:14.909 INF Submitted request. clSeqNr=373
03:02:14.914 INF Submitted request. clSeqNr=374
03:02:14.920 INF Submitted request. clSeqNr=375
03:02:14.926 INF Submitted request. clSeqNr=376
03:02:14.930 INF Submitted request. clSeqNr=377
03:02:14.935 INF Submitted request. clSeqNr=378
03:02:14.940 INF Submitted request. clSeqNr=379
03:02:14.945 INF Submitted request. clSeqNr=380
03:02:14.951 INF Submitted request. clSeqNr=381
03:02:14.956 INF Submitted request. clSeqNr=382
03:02:14.961 INF Submitted request. clSeqNr=383
03:02:14.966 INF Submitted request. clSeqNr=384
03:02:14.972 INF Submitted request. clSeqNr=385
03:02:14.976 INF Submitted request. clSeqNr=386
03:02:14.982 INF Submitted request. clSeqNr=387
03:02:14.986 INF Submitted request. clSeqNr=388
03:02:14.991 INF Submitted request. clSeqNr=389
03:02:14.997 INF Submitted request. clSeqNr=390
03:02:15.002 INF Submitted request. clSeqNr=391
03:02:15.007 INF Submitted request. clSeqNr=392
03:02:15.013 INF Submitted request. clSeqNr=393
03:02:15.018 INF Submitted request. clSeqNr=394
03:02:15.022 INF Submitted request. clSeqNr=395
03:02:15.027 INF Submitted request. clSeqNr=396
03:02:15.033 INF Submitted request. clSeqNr=397
03:02:15.038 INF Submitted request. clSeqNr=398
03:02:15.043 INF Submitted request. clSeqNr=399
03:02:15.048 INF Submitted request. clSeqNr=400
03:02:15.053 INF Submitted request. clSeqNr=401
03:02:15.058 INF Submitted request. clSeqNr=402
03:02:15.064 INF Submitted request. clSeqNr=403
03:02:15.069 INF Submitted request. clSeqNr=404
03:02:15.074 INF Submitted request. clSeqNr=405
03:02:15.079 INF Submitted request. clSeqNr=406
03:02:15.084 INF Submitted request. clSeqNr=407
03:02:15.090 INF Submitted request. clSeqNr=408
03:02:15.094 INF Submitted request. clSeqNr=409
03:02:15.099 INF Submitted request. clSeqNr=410
03:02:15.105 INF Submitted request. clSeqNr=411
03:02:15.109 INF Submitted request. clSeqNr=412
03:02:15.114 INF Submitted request. clSeqNr=413
03:02:15.119 INF Submitted request. clSeqNr=414
03:02:15.125 INF Submitted request. clSeqNr=415
03:02:15.130 INF Submitted request. clSeqNr=416
03:02:15.135 INF Submitted request. clSeqNr=417
03:02:15.141 INF Submitted request. clSeqNr=418
03:02:15.146 INF Submitted request. clSeqNr=419
03:02:15.151 INF Submitted request. clSeqNr=420
03:02:15.156 INF Submitted request. clSeqNr=421
03:02:15.161 INF Submitted request. clSeqNr=422
03:02:15.166 INF Submitted request. clSeqNr=423
03:02:15.171 INF Submitted request. clSeqNr=424
03:02:15.177 INF Submitted request. clSeqNr=425
03:02:15.181 INF Submitted request. clSeqNr=426
03:02:15.186 INF Submitted request. clSeqNr=427
03:02:15.191 INF Submitted request. clSeqNr=428
03:02:15.197 INF Submitted request. clSeqNr=429
03:02:15.202 INF Submitted request. clSeqNr=430
03:02:15.207 INF Submitted request. clSeqNr=431
03:02:15.213 INF Submitted request. clSeqNr=432
03:02:15.217 INF Submitted request. clSeqNr=433
03:02:15.223 INF Submitted request. clSeqNr=434
03:02:15.227 INF Submitted request. clSeqNr=435
03:02:15.232 INF Submitted request. clSeqNr=436
03:02:15.238 INF Submitted request. clSeqNr=437
03:02:15.243 INF Submitted request. clSeqNr=438
03:02:15.248 INF Submitted request. clSeqNr=439
03:02:15.253 INF Submitted request. clSeqNr=440
03:02:15.258 INF Submitted request. clSeqNr=441
03:02:15.263 INF Submitted request. clSeqNr=442
03:02:15.269 INF Submitted request. clSeqNr=443
03:02:15.273 INF Submitted request. clSeqNr=444
03:02:15.279 INF Submitted request. clSeqNr=445
03:02:15.284 INF Submitted request. clSeqNr=446
03:02:15.290 INF Submitted request. clSeqNr=447
03:02:15.294 INF Submitted request. clSeqNr=448
03:02:15.299 INF Submitted request. clSeqNr=449
03:02:15.305 INF Submitted request. clSeqNr=450
03:02:15.309 INF Submitted request. clSeqNr=451
03:02:15.315 INF Submitted request. clSeqNr=452
03:02:15.320 INF Submitted request. clSeqNr=453
03:02:15.325 INF Submitted request. clSeqNr=454
03:02:15.330 INF Submitted request. clSeqNr=455
03:02:15.335 INF Submitted request. clSeqNr=456
03:02:15.340 INF Submitted request. clSeqNr=457
03:02:15.345 INF Submitted request. clSeqNr=458
03:02:15.350 INF Submitted request. clSeqNr=459
03:02:15.356 INF Submitted request. clSeqNr=460
03:02:15.361 INF Submitted request. clSeqNr=461
03:02:15.366 INF Submitted request. clSeqNr=462
03:02:15.371 INF Submitted request. clSeqNr=463
03:02:15.376 INF Submitted request. clSeqNr=464
03:02:15.381 INF Submitted request. clSeqNr=465
03:02:15.386 INF Submitted request. clSeqNr=466
03:02:15.392 INF Submitted request. clSeqNr=467
03:02:15.397 INF Submitted request. clSeqNr=468
03:02:15.402 INF Submitted request. clSeqNr=469
03:02:15.407 INF Submitted request. clSeqNr=470
03:02:15.412 INF Submitted request. clSeqNr=471
03:02:15.417 INF Submitted request. clSeqNr=472
03:02:15.423 INF Submitted request. clSeqNr=473
03:02:15.428 INF Submitted request. clSeqNr=474
03:02:15.433 INF Submitted request. clSeqNr=475
03:02:15.438 INF Submitted request. clSeqNr=476
03:02:15.443 INF Submitted request. clSeqNr=477
03:02:15.448 INF Submitted request. clSeqNr=478
03:02:15.453 INF Submitted request. clSeqNr=479
03:02:15.459 INF Submitted request. clSeqNr=480
03:02:15.463 INF Submitted request. clSeqNr=481
03:02:15.468 INF Submitted request. clSeqNr=482
03:02:15.473 INF Submitted request. clSeqNr=483
03:02:15.479 INF Submitted request. clSeqNr=484
03:02:15.484 INF Submitted request. clSeqNr=485
03:02:15.490 INF Submitted request. clSeqNr=486
03:02:15.495 INF Submitted request. clSeqNr=487
03:02:15.499 INF Submitted request. clSeqNr=488
03:02:15.504 INF Submitted request. clSeqNr=489
03:02:15.509 INF Submitted request. clSeqNr=490
03:02:15.514 INF Submitted request. clSeqNr=491
03:02:15.520 INF Submitted request. clSeqNr=492
03:02:15.525 INF Submitted request. clSeqNr=493
03:02:15.530 INF Submitted request. clSeqNr=494
03:02:15.535 INF Submitted request. clSeqNr=495
03:02:15.540 INF Submitted request. clSeqNr=496
03:02:15.546 INF Submitted request. clSeqNr=497
03:02:15.550 INF Submitted request. clSeqNr=498
03:02:15.555 INF Submitted request. clSeqNr=499
03:02:15.561 INF Submitted request. clSeqNr=500
03:02:15.566 INF Submitted request. clSeqNr=501
03:02:15.571 INF Submitted request. clSeqNr=502
03:02:15.576 INF Submitted request. clSeqNr=503
03:02:15.581 INF Submitted request. clSeqNr=504
03:02:15.586 INF Submitted request. clSeqNr=505
03:02:15.591 INF Submitted request. clSeqNr=506
03:02:15.596 INF Submitted request. clSeqNr=507
03:02:15.602 INF Submitted request. clSeqNr=508
03:02:15.607 INF Submitted request. clSeqNr=509
03:02:15.612 INF Submitted request. clSeqNr=510
03:02:15.617 INF Submitted request. clSeqNr=511
03:02:15.622 INF Submitted request. clSeqNr=512
03:02:15.628 INF Submitted request. clSeqNr=513
03:02:15.632 INF Submitted request. clSeqNr=514
03:02:15.638 INF Submitted request. clSeqNr=515
03:02:15.643 INF Submitted request. clSeqNr=516
03:02:15.648 INF Submitted request. clSeqNr=517
03:02:15.653 INF Submitted request. clSeqNr=518
03:02:15.659 INF Submitted request. clSeqNr=519
03:02:15.663 INF Submitted request. clSeqNr=520
03:02:15.668 INF Submitted request. clSeqNr=521
03:02:15.674 INF Submitted request. clSeqNr=522
03:02:15.679 INF Submitted request. clSeqNr=523
03:02:15.684 INF Submitted request. clSeqNr=524
03:02:15.689 INF Submitted request. clSeqNr=525
03:02:15.694 INF Submitted request. clSeqNr=526
03:02:15.699 INF Submitted request. clSeqNr=527
03:02:15.704 INF Submitted request. clSeqNr=528
03:02:15.710 INF Submitted request. clSeqNr=529
03:02:15.715 INF Submitted request. clSeqNr=530
03:02:15.720 INF Submitted request. clSeqNr=531
03:02:15.726 INF Submitted request. clSeqNr=532
03:02:15.730 INF Submitted request. clSeqNr=533
03:02:15.735 INF Submitted request. clSeqNr=534
03:02:15.741 INF Submitted request. clSeqNr=535
03:02:15.745 INF Submitted request. clSeqNr=536
03:02:15.750 INF Submitted request. clSeqNr=537
03:02:15.756 INF Submitted request. clSeqNr=538
03:02:15.761 INF Submitted request. clSeqNr=539
03:02:15.766 INF Submitted request. clSeqNr=540
03:02:15.771 INF Submitted request. clSeqNr=541
03:02:15.776 INF Submitted request. clSeqNr=542
03:02:15.781 INF Submitted request. clSeqNr=543
03:02:15.787 INF Submitted request. clSeqNr=544
03:02:15.791 INF Submitted request. clSeqNr=545
03:02:15.797 INF Submitted request. clSeqNr=546
03:02:15.802 INF Submitted request. clSeqNr=547
03:02:15.807 INF Submitted request. clSeqNr=548
03:02:15.813 INF Submitted request. clSeqNr=549
03:02:15.818 INF Submitted request. clSeqNr=550
03:02:15.822 INF Submitted request. clSeqNr=551
03:02:15.827 INF Submitted request. clSeqNr=552
03:02:15.833 INF Submitted request. clSeqNr=553
03:02:15.838 INF Submitted request. clSeqNr=554
03:02:15.843 INF Submitted request. clSeqNr=555
03:02:15.848 INF Submitted request. clSeqNr=556
03:02:15.853 INF Submitted request. clSeqNr=557
03:02:15.858 INF Submitted request. clSeqNr=558
03:02:15.863 INF Submitted request. clSeqNr=559
03:02:15.868 INF Submitted request. clSeqNr=560
03:02:15.874 INF Submitted request. clSeqNr=561
03:02:15.879 INF Submitted request. clSeqNr=562
03:02:15.884 INF Submitted request. clSeqNr=563
03:02:15.890 INF Submitted request. clSeqNr=564
03:02:15.894 INF Submitted request. clSeqNr=565
03:02:15.899 INF Submitted request. clSeqNr=566
03:02:15.905 INF Submitted request. clSeqNr=567
03:02:15.910 INF Submitted request. clSeqNr=568
03:02:15.915 INF Submitted request. clSeqNr=569
03:02:15.920 INF Submitted request. clSeqNr=570
03:02:15.925 INF Submitted request. clSeqNr=571
03:02:15.930 INF Submitted request. clSeqNr=572
03:02:15.935 INF Submitted request. clSeqNr=573
03:02:15.940 INF Submitted request. clSeqNr=574
03:02:15.945 INF Submitted request. clSeqNr=575
03:02:15.951 INF Submitted request. clSeqNr=576
03:02:15.956 INF Submitted request. clSeqNr=577
03:02:15.961 INF Submitted request. clSeqNr=578
03:02:15.966 INF Submitted request. clSeqNr=579
03:02:15.971 INF Submitted request. clSeqNr=580
03:02:15.976 INF Submitted request. clSeqNr=581
03:02:15.982 INF Submitted request. clSeqNr=582
03:02:15.987 INF Submitted request. clSeqNr=583
03:02:15.991 INF Submitted request. clSeqNr=584
03:02:15.997 INF Submitted request. clSeqNr=585
03:02:16.002 INF Submitted request. clSeqNr=586
03:02:16.007 INF Submitted request. clSeqNr=587
03:02:16.012 INF Submitted request. clSeqNr=588
03:02:16.017 INF Submitted request. clSeqNr=589
03:02:16.023 INF Submitted request. clSeqNr=590
03:02:16.027 INF Submitted request. clSeqNr=591
03:02:16.032 INF Submitted request. clSeqNr=592
03:02:16.038 INF Submitted request. clSeqNr=593
03:02:16.043 INF Submitted request. clSeqNr=594
03:02:16.048 INF Submitted request. clSeqNr=595
03:02:16.053 INF Submitted request. clSeqNr=596
03:02:16.059 INF Submitted request. clSeqNr=597
03:02:16.063 INF Submitted request. clSeqNr=598
03:02:16.068 INF Submitted request. clSeqNr=599
03:02:16.074 INF Submitted request. clSeqNr=600
03:02:16.079 INF Submitted request. clSeqNr=601
03:02:16.084 INF Submitted request. clSeqNr=602
03:02:16.089 INF Submitted request. clSeqNr=603
03:02:16.094 INF Submitted request. clSeqNr=604
03:02:16.100 INF Submitted request. clSeqNr=605
03:02:16.104 INF Submitted request. clSeqNr=606
03:02:16.109 INF Submitted request. clSeqNr=607
03:02:16.115 INF Submitted request. clSeqNr=608
03:02:16.120 INF Submitted request. clSeqNr=609
03:02:16.125 INF Submitted request. clSeqNr=610
03:02:16.130 INF Submitted request. clSeqNr=611
03:02:16.135 INF Submitted request. clSeqNr=612
03:02:16.141 INF Submitted request. clSeqNr=613
03:02:16.146 INF Submitted request. clSeqNr=614
03:02:16.150 INF Submitted request. clSeqNr=615
03:02:16.156 INF Submitted request. clSeqNr=616
03:02:16.161 INF Submitted request. clSeqNr=617
03:02:16.166 INF Submitted request. clSeqNr=618
03:02:16.171 INF Submitted request. clSeqNr=619
03:02:16.176 INF Submitted request. clSeqNr=620
03:02:16.181 INF Submitted request. clSeqNr=621
03:02:16.186 INF Submitted request. clSeqNr=622
03:02:16.191 INF Submitted request. clSeqNr=623
03:02:16.197 INF Submitted request. clSeqNr=624
03:02:16.202 INF Submitted request. clSeqNr=625
03:02:16.208 INF Submitted request. clSeqNr=626
03:02:16.213 INF Submitted request. clSeqNr=627
03:02:16.217 INF Submitted request. clSeqNr=628
03:02:16.222 INF Submitted request. clSeqNr=629
03:02:16.227 INF Submitted request. clSeqNr=630
03:02:16.232 INF Submitted request. clSeqNr=631
03:02:16.238 INF Submitted request. clSeqNr=632
03:02:16.243 INF Submitted request. clSeqNr=633
03:02:16.248 INF Submitted request. clSeqNr=634
03:02:16.253 INF Submitted request. clSeqNr=635
03:02:16.258 INF Submitted request. clSeqNr=636
03:02:16.263 INF Submitted request. clSeqNr=637
03:02:16.269 INF Submitted request. clSeqNr=638
03:02:16.273 INF Submitted request. clSeqNr=639
03:02:16.278 INF Submitted request. clSeqNr=640
03:02:16.284 INF Submitted request. clSeqNr=641
03:02:16.289 INF Submitted request. clSeqNr=642
03:02:16.294 INF Submitted request. clSeqNr=643
03:02:16.299 INF Submitted request. clSeqNr=644
03:02:16.305 INF Submitted request. clSeqNr=645
03:02:16.310 INF Submitted request. clSeqNr=646
03:02:16.315 INF Submitted request. clSeqNr=647
03:02:16.320 INF Submitted request. clSeqNr=648
03:02:16.326 INF Submitted request. clSeqNr=649
03:02:16.330 INF Submitted request. clSeqNr=650
03:02:16.335 INF Submitted request. clSeqNr=651
03:02:16.340 INF Submitted request. clSeqNr=652
03:02:16.346 INF Submitted request. clSeqNr=653
03:02:16.351 INF Submitted request. clSeqNr=654
03:02:16.356 INF Submitted request. clSeqNr=655
03:02:16.361 INF Submitted request. clSeqNr=656
03:02:16.366 INF Submitted request. clSeqNr=657
03:02:16.371 INF Submitted request. clSeqNr=658
03:02:16.377 INF Submitted request. clSeqNr=659
03:02:16.382 INF Submitted request. clSeqNr=660
03:02:16.386 INF Submitted request. clSeqNr=661
03:02:16.391 INF Submitted request. clSeqNr=662
03:02:16.396 INF Submitted request. clSeqNr=663
03:02:16.402 INF Submitted request. clSeqNr=664
03:02:16.407 INF Submitted request. clSeqNr=665
03:02:16.412 INF Submitted request. clSeqNr=666
03:02:16.417 INF Submitted request. clSeqNr=667
03:02:16.422 INF Submitted request. clSeqNr=668
03:02:16.427 INF Submitted request. clSeqNr=669
03:02:16.433 INF Submitted request. clSeqNr=670
03:02:16.438 INF Submitted request. clSeqNr=671
03:02:16.443 INF Submitted request. clSeqNr=672
03:02:16.448 INF Submitted request. clSeqNr=673
03:02:16.454 INF Submitted request. clSeqNr=674
03:02:16.459 INF Submitted request. clSeqNr=675
03:02:16.463 INF Submitted request. clSeqNr=676
03:02:16.468 INF Submitted request. clSeqNr=677
03:02:16.473 INF Submitted request. clSeqNr=678
03:02:16.479 INF Submitted request. clSeqNr=679
03:02:16.484 INF Submitted request. clSeqNr=680
03:02:16.489 INF Submitted request. clSeqNr=681
03:02:16.494 INF Submitted request. clSeqNr=682
03:02:16.499 INF Submitted request. clSeqNr=683
03:02:16.504 INF Submitted request. clSeqNr=684
03:02:16.509 INF Submitted request. clSeqNr=685
03:02:16.514 INF Submitted request. clSeqNr=686
03:02:16.519 INF Submitted request. clSeqNr=687
03:02:16.525 INF Submitted request. clSeqNr=688
03:02:16.530 INF Submitted request. clSeqNr=689
03:02:16.535 INF Submitted request. clSeqNr=690
03:02:16.540 INF Submitted request. clSeqNr=691
03:02:16.545 INF Submitted request. clSeqNr=692
03:02:16.550 INF Submitted request. clSeqNr=693
03:02:16.555 INF Submitted request. clSeqNr=694
03:02:16.561 INF Submitted request. clSeqNr=695
03:02:16.566 INF Submitted request. clSeqNr=696
03:02:16.571 INF Submitted request. clSeqNr=697
03:02:16.576 INF Submitted request. clSeqNr=698
03:02:16.581 INF Submitted request. clSeqNr=699
03:02:16.586 INF Submitted request. clSeqNr=700
03:02:16.592 INF Submitted request. clSeqNr=701
03:02:16.597 INF Submitted request. clSeqNr=702
03:02:16.602 INF Submitted request. clSeqNr=703
03:02:16.607 INF Submitted request. clSeqNr=704
03:02:16.612 INF Submitted request. clSeqNr=705
03:02:16.618 INF Submitted request. clSeqNr=706
03:02:16.623 INF Submitted request. clSeqNr=707
03:02:16.627 INF Submitted request. clSeqNr=708
03:02:16.632 INF Submitted request. clSeqNr=709
03:02:16.638 INF Submitted request. clSeqNr=710
03:02:16.643 INF Submitted request. clSeqNr=711
03:02:16.648 INF Submitted request. clSeqNr=712
03:02:16.654 INF Submitted request. clSeqNr=713
03:02:16.658 INF Submitted request. clSeqNr=714
03:02:16.663 INF Submitted request. clSeqNr=715
03:02:16.669 INF Submitted request. clSeqNr=716
03:02:16.674 INF Submitted request. clSeqNr=717
03:02:16.679 INF Submitted request. clSeqNr=718
03:02:16.684 INF Submitted request. clSeqNr=719
03:02:16.689 INF Submitted request. clSeqNr=720
03:02:16.694 INF Submitted request. clSeqNr=721
03:02:16.699 INF Submitted request. clSeqNr=722
03:02:16.704 INF Submitted request. clSeqNr=723
03:02:16.710 INF Submitted request. clSeqNr=724
03:02:16.714 INF Submitted request. clSeqNr=725
03:02:16.720 INF Submitted request. clSeqNr=726
03:02:16.725 INF Submitted request. clSeqNr=727
03:02:16.730 INF Submitted request. clSeqNr=728
03:02:16.735 INF Submitted request. clSeqNr=729
03:02:16.740 INF Submitted request. clSeqNr=730
03:02:16.746 INF Submitted request. clSeqNr=731
03:02:16.751 INF Submitted request. clSeqNr=732
03:02:16.755 INF Submitted request. clSeqNr=733
03:02:16.761 INF Submitted request. clSeqNr=734
03:02:16.766 INF Submitted request. clSeqNr=735
03:02:16.771 INF Submitted request. clSeqNr=736
03:02:16.776 INF Submitted request. clSeqNr=737
03:02:16.781 INF Submitted request. clSeqNr=738
03:02:16.786 INF Submitted request. clSeqNr=739
03:02:16.791 INF Submitted request. clSeqNr=740
03:02:16.797 INF Submitted request. clSeqNr=741
03:02:16.802 INF Submitted request. clSeqNr=742
03:02:16.807 INF Submitted request. clSeqNr=743
03:02:16.812 INF Submitted request. clSeqNr=744
03:02:16.817 INF Submitted request. clSeqNr=745
03:02:16.822 INF Submitted request. clSeqNr=746
03:02:16.827 INF Submitted request. clSeqNr=747
03:02:16.832 INF Submitted request. clSeqNr=748
03:02:16.838 INF Submitted request. clSeqNr=749
03:02:16.843 INF Submitted request. clSeqNr=750
03:02:16.848 INF Submitted request. clSeqNr=751
03:02:16.854 INF Submitted request. clSeqNr=752
03:02:16.858 INF Submitted request. clSeqNr=753
03:02:16.864 INF Submitted request. clSeqNr=754
03:02:16.869 INF Submitted request. clSeqNr=755
03:02:16.874 INF Submitted request. clSeqNr=756
03:02:16.878 INF Submitted request. clSeqNr=757
03:02:16.884 INF Submitted request. clSeqNr=758
03:02:16.889 INF Submitted request. clSeqNr=759
03:02:16.895 INF Submitted request. clSeqNr=760
03:02:16.899 INF Submitted request. clSeqNr=761
03:02:16.905 INF Submitted request. clSeqNr=762
03:02:16.909 INF Submitted request. clSeqNr=763
03:02:16.915 INF Submitted request. clSeqNr=764
03:02:16.920 INF Submitted request. clSeqNr=765
03:02:16.925 INF Submitted request. clSeqNr=766
03:02:16.930 INF Submitted request. clSeqNr=767
03:02:16.935 INF Submitted request. clSeqNr=768
03:02:16.940 INF Submitted request. clSeqNr=769
03:02:16.946 INF Submitted request. clSeqNr=770
03:02:16.950 INF Submitted request. clSeqNr=771
03:02:16.955 INF Submitted request. clSeqNr=772
03:02:16.961 INF Submitted request. clSeqNr=773
03:02:16.966 INF Submitted request. clSeqNr=774
03:02:16.971 INF Submitted request. clSeqNr=775
03:02:16.977 INF Submitted request. clSeqNr=776
03:02:16.981 INF Submitted request. clSeqNr=777
03:02:16.987 INF Submitted request. clSeqNr=778
03:02:16.992 INF Submitted request. clSeqNr=779
03:02:16.997 INF Submitted request. clSeqNr=780
03:02:17.002 INF Submitted request. clSeqNr=781
03:02:17.007 INF Submitted request. clSeqNr=782
03:02:17.012 INF Submitted request. clSeqNr=783
03:02:17.017 INF Submitted request. clSeqNr=784
03:02:17.023 INF Submitted request. clSeqNr=785
03:02:17.027 INF Submitted request. clSeqNr=786
03:02:17.032 INF Submitted request. clSeqNr=787
03:02:17.038 INF Submitted request. clSeqNr=788
03:02:17.043 INF Submitted request. clSeqNr=789
03:02:17.048 INF Submitted request. clSeqNr=790
03:02:17.053 INF Submitted request. clSeqNr=791
03:02:17.058 INF Submitted request. clSeqNr=792
03:02:17.063 INF Submitted request. clSeqNr=793
03:02:17.069 INF Submitted request. clSeqNr=794
03:02:17.074 INF Submitted request. clSeqNr=795
03:02:17.079 INF Submitted request. clSeqNr=796
03:02:17.084 INF Submitted request. clSeqNr=797
03:02:17.090 INF Submitted request. clSeqNr=798
03:02:17.094 INF Submitted request. clSeqNr=799
03:02:17.099 INF Submitted request. clSeqNr=800
03:02:17.104 INF Submitted request. clSeqNr=801
03:02:17.110 INF Submitted request. clSeqNr=802
03:02:17.114 INF Submitted request. clSeqNr=803
03:02:17.120 INF Submitted request. clSeqNr=804
03:02:17.125 INF Submitted request. clSeqNr=805
03:02:17.130 INF Submitted request. clSeqNr=806
03:02:17.135 INF Submitted request. clSeqNr=807
03:02:17.141 INF Submitted request. clSeqNr=808
03:02:17.145 INF Submitted request. clSeqNr=809
03:02:17.150 INF Submitted request. clSeqNr=810
03:02:17.155 INF Submitted request. clSeqNr=811
03:02:17.161 INF Submitted request. clSeqNr=812
03:02:17.166 INF Submitted request. clSeqNr=813
03:02:17.171 INF Submitted request. clSeqNr=814
03:02:17.176 INF Submitted request. clSeqNr=815
03:02:17.181 INF Submitted request. clSeqNr=816
03:02:17.186 INF Submitted request. clSeqNr=817
03:02:17.192 INF Submitted request. clSeqNr=818
03:02:17.197 INF Submitted request. clSeqNr=819
03:02:17.202 INF Submitted request. clSeqNr=820
03:02:17.207 INF Submitted request. clSeqNr=821
03:02:17.212 INF Submitted request. clSeqNr=822
03:02:17.217 INF Submitted request. clSeqNr=823
03:02:17.222 INF Submitted request. clSeqNr=824
03:02:17.227 INF Submitted request. clSeqNr=825
03:02:17.233 INF Submitted request. clSeqNr=826
03:02:17.237 INF Submitted request. clSeqNr=827
03:02:17.243 INF Submitted request. clSeqNr=828
03:02:17.248 INF Submitted request. clSeqNr=829
03:02:17.254 INF Submitted request. clSeqNr=830
03:02:17.258 INF Submitted request. clSeqNr=831
03:02:17.263 INF Submitted request. clSeqNr=832
03:02:17.269 INF Submitted request. clSeqNr=833
03:02:17.274 INF Submitted request. clSeqNr=834
03:02:17.278 INF Submitted request. clSeqNr=835
03:02:17.284 INF Submitted request. clSeqNr=836
03:02:17.289 INF Submitted request. clSeqNr=837
03:02:17.294 INF Submitted request. clSeqNr=838
03:02:17.299 INF Submitted request. clSeqNr=839
03:02:17.305 INF Submitted request. clSeqNr=840
03:02:17.309 INF Submitted request. clSeqNr=841
03:02:17.315 INF Submitted request. clSeqNr=842
03:02:17.319 INF Submitted request. clSeqNr=843
03:02:17.325 INF Submitted request. clSeqNr=844
03:02:17.330 INF Submitted request. clSeqNr=845
03:02:17.335 INF Submitted request. clSeqNr=846
03:02:17.341 INF Submitted request. clSeqNr=847
03:02:17.346 INF Submitted request. clSeqNr=848
03:02:17.351 INF Submitted request. clSeqNr=849
03:02:17.356 INF Submitted request. clSeqNr=850
03:02:17.361 INF Submitted request. clSeqNr=851
03:02:17.366 INF Submitted request. clSeqNr=852
03:02:17.371 INF Submitted request. clSeqNr=853
03:02:17.376 INF Submitted request. clSeqNr=854
03:02:17.382 INF Submitted request. clSeqNr=855
03:02:17.387 INF Submitted request. clSeqNr=856
03:02:17.392 INF Submitted request. clSeqNr=857
03:02:17.397 INF Submitted request. clSeqNr=858
03:02:17.402 INF Submitted request. clSeqNr=859
03:02:17.407 INF Submitted request. clSeqNr=860
03:02:17.412 INF Submitted request. clSeqNr=861
03:02:17.418 INF Submitted request. clSeqNr=862
03:02:17.422 INF Submitted request. clSeqNr=863
03:02:17.428 INF Submitted request. clSeqNr=864
03:02:17.433 INF Submitted request. clSeqNr=865
03:02:17.438 INF Submitted request. clSeqNr=866
03:02:17.443 INF Submitted request. clSeqNr=867
03:02:17.448 INF Submitted request. clSeqNr=868
03:02:17.453 INF Submitted request. clSeqNr=869
03:02:17.458 INF Submitted request. clSeqNr=870
03:02:17.464 INF Submitted request. clSeqNr=871
03:02:17.468 INF Submitted request. clSeqNr=872
03:02:17.474 INF Submitted request. clSeqNr=873
03:02:17.479 INF Submitted request. clSeqNr=874
03:02:17.484 INF Submitted request. clSeqNr=875
03:02:17.489 INF Submitted request. clSeqNr=876
03:02:17.494 INF Submitted request. clSeqNr=877
03:02:17.500 INF Submitted request. clSeqNr=878
03:02:17.505 INF Submitted request. clSeqNr=879
03:02:17.510 INF Submitted request. clSeqNr=880
03:02:17.514 INF Submitted request. clSeqNr=881
03:02:17.520 INF Submitted request. clSeqNr=882
03:02:17.525 INF Submitted request. clSeqNr=883
03:02:17.530 INF Submitted request. clSeqNr=884
03:02:17.535 INF Submitted request. clSeqNr=885
03:02:17.541 INF Submitted request. clSeqNr=886
03:02:17.545 INF Submitted request. clSeqNr=887
03:02:17.551 INF Submitted request. clSeqNr=888
03:02:17.556 INF Submitted request. clSeqNr=889
03:02:17.561 INF Submitted request. clSeqNr=890
03:02:17.566 INF Submitted request. clSeqNr=891
03:02:17.571 INF Submitted request. clSeqNr=892
03:02:17.576 INF Submitted request. clSeqNr=893
03:02:17.581 INF Submitted request. clSeqNr=894
03:02:17.587 INF Submitted request. clSeqNr=895
03:02:17.591 INF Submitted request. clSeqNr=896
03:02:17.597 INF Submitted request. clSeqNr=897
03:02:17.602 INF Submitted request. clSeqNr=898
03:02:17.607 INF Submitted request. clSeqNr=899
03:02:17.612 INF Submitted request. clSeqNr=900
03:02:17.617 INF Submitted request. clSeqNr=901
03:02:17.622 INF Submitted request. clSeqNr=902
03:02:17.628 INF Submitted request. clSeqNr=903
03:02:17.632 INF Submitted request. clSeqNr=904
03:02:17.637 INF Submitted request. clSeqNr=905
03:02:17.643 INF Submitted request. clSeqNr=906
03:02:17.648 INF Submitted request. clSeqNr=907
03:02:17.653 INF Submitted request. clSeqNr=908
03:02:17.658 INF Submitted request. clSeqNr=909
03:02:17.663 INF Submitted request. clSeqNr=910
03:02:17.668 INF Submitted request. clSeqNr=911
03:02:17.674 INF Submitted request. clSeqNr=912
03:02:17.679 INF Submitted request. clSeqNr=913
03:02:17.683 INF Submitted request. clSeqNr=914
03:02:17.690 INF Submitted request. clSeqNr=915
03:02:17.694 INF Submitted request. clSeqNr=916
03:02:17.699 INF Submitted request. clSeqNr=917
03:02:17.705 INF Submitted request. clSeqNr=918
03:02:17.709 INF Submitted request. clSeqNr=919
03:02:17.714 INF Submitted request. clSeqNr=920
03:02:17.720 INF Submitted request. clSeqNr=921
03:02:17.725 INF Submitted request. clSeqNr=922
03:02:17.730 INF Submitted request. clSeqNr=923
03:02:17.735 INF Submitted request. clSeqNr=924
03:02:17.741 INF Submitted request. clSeqNr=925
03:02:17.745 INF Submitted request. clSeqNr=926
03:02:17.750 INF Submitted request. clSeqNr=927
03:02:17.756 INF Submitted request. clSeqNr=928
03:02:17.761 INF Submitted request. clSeqNr=929
03:02:17.766 INF Submitted request. clSeqNr=930
03:02:17.771 INF Submitted request. clSeqNr=931
03:02:17.777 INF Submitted request. clSeqNr=932
03:02:17.782 INF Submitted request. clSeqNr=933
03:02:17.787 INF Submitted request. clSeqNr=934
03:02:17.792 INF Submitted request. clSeqNr=935
03:02:17.797 INF Submitted request. clSeqNr=936
03:02:17.801 INF Submitted request. clSeqNr=937
03:02:17.807 INF Submitted request. clSeqNr=938
03:02:17.812 INF Submitted request. clSeqNr=939
03:02:17.817 INF Submitted request. clSeqNr=940
03:02:17.822 INF Submitted request. clSeqNr=941
03:02:17.827 INF Submitted request. clSeqNr=942
03:02:17.832 INF Submitted request. clSeqNr=943
03:02:17.838 INF Submitted request. clSeqNr=944
03:02:17.843 INF Submitted request. clSeqNr=945
03:02:17.848 INF Submitted request. clSeqNr=946
03:02:17.853 INF Submitted request. clSeqNr=947
03:02:17.858 INF Submitted request. clSeqNr=948
03:02:17.863 INF Submitted request. clSeqNr=949
03:02:17.868 INF Submitted request. clSeqNr=950
03:02:17.873 INF Submitted request. clSeqNr=951
03:02:17.879 INF Submitted request. clSeqNr=952
03:02:17.884 INF Submitted request. clSeqNr=953
03:02:17.889 INF Submitted request. clSeqNr=954
03:02:17.894 INF Submitted request. clSeqNr=955
03:02:17.899 INF Submitted request. clSeqNr=956
03:02:17.905 INF Submitted request. clSeqNr=957
03:02:17.909 INF Submitted request. clSeqNr=958
03:02:17.915 INF Submitted request. clSeqNr=959
03:02:17.920 INF Submitted request. clSeqNr=960
03:02:17.925 INF Submitted request. clSeqNr=961
03:02:17.930 INF Submitted request. clSeqNr=962
03:02:17.935 INF Submitted request. clSeqNr=963
03:02:17.941 INF Submitted request. clSeqNr=964
03:02:17.945 INF Submitted request. clSeqNr=965
03:02:17.951 INF Submitted request. clSeqNr=966
03:02:17.955 INF Submitted request. clSeqNr=967
03:02:17.961 INF Submitted request. clSeqNr=968
03:02:17.966 INF Submitted request. clSeqNr=969
03:02:17.971 INF Submitted request. clSeqNr=970
03:02:17.976 INF Submitted request. clSeqNr=971
03:02:17.982 INF Submitted request. clSeqNr=972
03:02:17.987 INF Submitted request. clSeqNr=973
03:02:17.991 INF Submitted request. clSeqNr=974
03:02:17.997 INF Submitted request. clSeqNr=975
03:02:18.002 INF Submitted request. clSeqNr=976
03:02:18.007 INF Submitted request. clSeqNr=977
03:02:18.012 INF Submitted request. clSeqNr=978
03:02:18.017 INF Submitted request. clSeqNr=979
03:02:18.022 INF Submitted request. clSeqNr=980
03:02:18.028 INF Submitted request. clSeqNr=981
03:02:18.033 INF Submitted request. clSeqNr=982
03:02:18.038 INF Submitted request. clSeqNr=983
03:02:18.043 INF Submitted request. clSeqNr=984
03:02:18.048 INF Submitted request. clSeqNr=985
03:02:18.053 INF Submitted request. clSeqNr=986
03:02:18.058 INF Submitted request. clSeqNr=987
03:02:18.063 INF Submitted request. clSeqNr=988
03:02:18.068 INF Submitted request. clSeqNr=989
03:02:18.074 INF Submitted request. clSeqNr=990
03:02:18.078 INF Submitted request. clSeqNr=991
03:02:18.084 INF Submitted request. clSeqNr=992
03:02:18.089 INF Submitted request. clSeqNr=993
03:02:18.094 INF Submitted request. clSeqNr=994
03:02:18.100 INF Submitted request. clSeqNr=995
03:02:18.105 INF Submitted request. clSeqNr=996
03:02:18.110 INF Submitted request. clSeqNr=997
03:02:18.115 INF Submitted request. clSeqNr=998
03:02:18.119 INF Submitted request. clSeqNr=999
03:02:18.125 INF Submitted request. clSeqNr=1000
03:02:18.130 INF Submitted request. clSeqNr=1001
03:02:18.135 INF Submitted request. clSeqNr=1002
03:02:18.140 INF Submitted request. clSeqNr=1003
03:02:18.145 INF Submitted request. clSeqNr=1004
03:02:18.150 INF Submitted request. clSeqNr=1005
03:02:18.156 INF Submitted request. clSeqNr=1006
03:02:18.161 INF Submitted request. clSeqNr=1007
03:02:18.166 INF Submitted request. clSeqNr=1008
03:02:18.172 INF Submitted request. clSeqNr=1009
03:02:18.176 INF Submitted request. clSeqNr=1010
03:02:18.182 INF Submitted request. clSeqNr=1011
03:02:18.187 INF Submitted request. clSeqNr=1012
03:02:18.192 INF Submitted request. clSeqNr=1013
03:02:18.196 INF Submitted request. clSeqNr=1014
03:02:18.201 INF Submitted request. clSeqNr=1015
03:02:18.207 INF Submitted request. clSeqNr=1016
03:02:18.212 INF Submitted request. clSeqNr=1017
03:02:18.217 INF Submitted request. clSeqNr=1018
03:02:18.222 INF Submitted request. clSeqNr=1019
03:02:18.227 INF Submitted request. clSeqNr=1020
03:02:18.233 INF Submitted request. clSeqNr=1021
03:02:18.237 INF Submitted request. clSeqNr=1022
03:02:18.243 INF Submitted request. clSeqNr=1023
03:02:18.248 INF Submitted request. clSeqNr=1024
03:02:18.253 INF Submitted request. clSeqNr=1025
03:02:18.259 INF Submitted request. clSeqNr=1026
03:02:18.263 INF Submitted request. clSeqNr=1027
03:02:18.268 INF Submitted request. clSeqNr=1028
03:02:18.273 INF Submitted request. clSeqNr=1029
03:02:18.278 INF Submitted request. clSeqNr=1030
03:02:18.284 INF Submitted request. clSeqNr=1031
03:02:18.289 INF Submitted request. clSeqNr=1032
03:02:18.295 INF Submitted request. clSeqNr=1033
03:02:18.299 INF Submitted request. clSeqNr=1034
03:02:18.305 INF Submitted request. clSeqNr=1035
03:02:18.309 INF Submitted request. clSeqNr=1036
03:02:18.314 INF Submitted request. clSeqNr=1037
03:02:18.320 INF Submitted request. clSeqNr=1038
03:02:18.325 INF Submitted request. clSeqNr=1039
03:02:18.330 INF Submitted request. clSeqNr=1040
03:02:18.335 INF Submitted request. clSeqNr=1041
03:02:18.340 INF Submitted request. clSeqNr=1042
03:02:18.346 INF Submitted request. clSeqNr=1043
03:02:18.350 INF Submitted request. clSeqNr=1044
03:02:18.356 INF Submitted request. clSeqNr=1045
03:02:18.361 INF Submitted request. clSeqNr=1046
03:02:18.366 INF Submitted request. clSeqNr=1047
03:02:18.371 INF Submitted request. clSeqNr=1048
03:02:18.376 INF Submitted request. clSeqNr=1049
03:02:18.381 INF Submitted request. clSeqNr=1050
03:02:18.386 INF Submitted request. clSeqNr=1051
03:02:18.391 INF Submitted request. clSeqNr=1052
03:02:18.396 INF Submitted request. clSeqNr=1053
03:02:18.402 INF Submitted request. clSeqNr=1054
03:02:18.407 INF Submitted request. clSeqNr=1055
03:02:18.412 INF Submitted request. clSeqNr=1056
03:02:18.417 INF Submitted request. clSeqNr=1057
03:02:18.422 INF Submitted request. clSeqNr=1058
03:02:18.427 INF Submitted request. clSeqNr=1059
03:02:18.432 INF Submitted request. clSeqNr=1060
03:02:18.436 INF Request finished (out of order). clSeqNr=135
03:02:18.437 INF Request finished (out of order). clSeqNr=151
03:02:18.437 INF Request finished (out of order). clSeqNr=167
03:02:18.437 INF Submitted request. clSeqNr=1061
03:02:18.438 INF Request finished (out of order). clSeqNr=183
03:02:18.440 INF Request finished (out of order). clSeqNr=7
03:02:18.440 INF Request finished (out of order). clSeqNr=23
03:02:18.440 INF Request finished (out of order). clSeqNr=39
03:02:18.441 INF Request finished (out of order). clSeqNr=55
03:02:18.441 INF Request finished (out of order). clSeqNr=71
03:02:18.442 INF Request finished (out of order). clSeqNr=87
03:02:18.443 INF Submitted request. clSeqNr=1062
03:02:18.443 INF Request finished (out of order). clSeqNr=103
03:02:18.444 INF Request finished (out of order). clSeqNr=119
03:02:18.444 INF Request finished (out of order). clSeqNr=199
03:02:18.444 INF Request finished (out of order). clSeqNr=215
03:02:18.444 INF Request finished (out of order). clSeqNr=136
03:02:18.446 INF Request finished (out of order). clSeqNr=152
03:02:18.446 INF Request finished (out of order). clSeqNr=168
03:02:18.446 INF Request finished (out of order). clSeqNr=184
03:02:18.448 INF Submitted request. clSeqNr=1063
03:02:18.449 INF Request finished (out of order). clSeqNr=8
03:02:18.449 INF Request finished (out of order). clSeqNr=24
03:02:18.449 INF Request finished (out of order). clSeqNr=40
03:02:18.449 INF Request finished (out of order). clSeqNr=56
03:02:18.449 INF Request finished (out of order). clSeqNr=72
03:02:18.450 INF Request finished (out of order). clSeqNr=88
03:02:18.450 INF Request finished (out of order). clSeqNr=104
03:02:18.451 INF Request finished (out of order). clSeqNr=120
03:02:18.451 INF Request finished (out of order). clSeqNr=200
03:02:18.451 INF Request finished (out of order). clSeqNr=216
03:02:18.452 INF Request finished (out of order). clSeqNr=137
03:02:18.452 INF Request finished (out of order). clSeqNr=153
03:02:18.453 INF Request finished (out of order). clSeqNr=169
03:02:18.453 INF Submitted request. clSeqNr=1064
03:02:18.458 INF Submitted request. clSeqNr=1065
03:02:18.463 INF Request finished (out of order). clSeqNr=185
03:02:18.463 INF Request finished (out of order). clSeqNr=9
03:02:18.463 INF Request finished (out of order). clSeqNr=25
03:02:18.463 INF Request finished (out of order). clSeqNr=41
03:02:18.463 INF Request finished (out of order). clSeqNr=57
03:02:18.463 INF Request finished (out of order). clSeqNr=73
03:02:18.463 INF Request finished (out of order). clSeqNr=89
03:02:18.463 INF Submitted request. clSeqNr=1066
03:02:18.465 INF Request finished (out of order). clSeqNr=105
03:02:18.465 INF Request finished (out of order). clSeqNr=121
03:02:18.465 INF Request finished (out of order). clSeqNr=201
03:02:18.465 INF Request finished (out of order). clSeqNr=217
03:02:18.465 INF Request finished (out of order). clSeqNr=138
03:02:18.465 INF Request finished (out of order). clSeqNr=154
03:02:18.465 INF Request finished (out of order). clSeqNr=170
03:02:18.465 INF Request finished (out of order). clSeqNr=186
03:02:18.465 INF Request finished (out of order). clSeqNr=202
03:02:18.465 INF Request finished (out of order). clSeqNr=10
03:02:18.465 INF Request finished (out of order). clSeqNr=26
03:02:18.465 INF Request finished (out of order). clSeqNr=42
03:02:18.467 INF Request finished (out of order). clSeqNr=58
03:02:18.467 INF Request finished (out of order). clSeqNr=74
03:02:18.467 INF Request finished (out of order). clSeqNr=90
03:02:18.467 INF Request finished (out of order). clSeqNr=106
03:02:18.467 INF Request finished (out of order). clSeqNr=122
03:02:18.468 INF Submitted request. clSeqNr=1067
03:02:18.473 INF Submitted request. clSeqNr=1068
03:02:18.474 INF Request finished (out of order). clSeqNr=218
03:02:18.474 INF Request finished (out of order). clSeqNr=234
03:02:18.474 INF Request finished (out of order). clSeqNr=139
03:02:18.474 INF Request finished (out of order). clSeqNr=155
03:02:18.474 INF Request finished (out of order). clSeqNr=171
03:02:18.474 INF Request finished (out of order). clSeqNr=187
03:02:18.474 INF Request finished (out of order). clSeqNr=203
03:02:18.474 INF Request finished (out of order). clSeqNr=11
03:02:18.474 INF Request finished (out of order). clSeqNr=27
03:02:18.474 INF Request finished (out of order). clSeqNr=43
03:02:18.474 INF Request finished (out of order). clSeqNr=59
03:02:18.474 INF Request finished (out of order). clSeqNr=75
03:02:18.474 INF Request finished (out of order). clSeqNr=91
03:02:18.474 INF Request finished (out of order). clSeqNr=107
03:02:18.475 INF Request finished (out of order). clSeqNr=123
03:02:18.475 INF Request finished (out of order). clSeqNr=219
03:02:18.475 INF Request finished (out of order). clSeqNr=235
03:02:18.475 INF Request finished (out of order). clSeqNr=140
03:02:18.476 INF Request finished (out of order). clSeqNr=156
03:02:18.476 INF Request finished (out of order). clSeqNr=172
03:02:18.477 INF Request finished (out of order). clSeqNr=188
03:02:18.477 INF Request finished (out of order). clSeqNr=204
03:02:18.478 INF Submitted request. clSeqNr=1069
03:02:18.479 INF Request finished (out of order). clSeqNr=12
03:02:18.480 INF Request finished (out of order). clSeqNr=28
03:02:18.480 INF Request finished (out of order). clSeqNr=44
03:02:18.481 INF Request finished (out of order). clSeqNr=60
03:02:18.481 INF Request finished (out of order). clSeqNr=76
03:02:18.482 INF Request finished (out of order). clSeqNr=92
03:02:18.482 INF Request finished (out of order). clSeqNr=108
03:02:18.483 INF Request finished (out of order). clSeqNr=124
03:02:18.483 INF Request finished (out of order). clSeqNr=220
03:02:18.484 INF Submitted request. clSeqNr=1070
03:02:18.485 INF Request finished (out of order). clSeqNr=236
03:02:18.485 INF Request finished (out of order). clSeqNr=141
03:02:18.485 INF Request finished (out of order). clSeqNr=157
03:02:18.485 INF Request finished (out of order). clSeqNr=173
03:02:18.485 INF Request finished (out of order). clSeqNr=189
03:02:18.486 INF Request finished (out of order). clSeqNr=205
03:02:18.487 INF Request finished (out of order). clSeqNr=13
03:02:18.488 INF Request finished (out of order). clSeqNr=29
03:02:18.488 INF Request finished (out of order). clSeqNr=45
03:02:18.489 INF Submitted request. clSeqNr=1071
03:02:18.489 INF Request finished (out of order). clSeqNr=61
03:02:18.489 INF Request finished (out of order). clSeqNr=77
03:02:18.490 INF Request finished (out of order). clSeqNr=93
03:02:18.490 INF Request finished (out of order). clSeqNr=109
03:02:18.491 INF Request finished (out of order). clSeqNr=125
03:02:18.491 INF Request finished (out of order). clSeqNr=221
03:02:18.491 INF Request finished (out of order). clSeqNr=237
03:02:18.492 INF Request finished (out of order). clSeqNr=142
03:02:18.492 INF Request finished (out of order). clSeqNr=158
03:02:18.493 INF Request finished (out of order). clSeqNr=174
03:02:18.493 INF Request finished (out of order). clSeqNr=190
03:02:18.494 INF Submitted request. clSeqNr=1072
03:02:18.495 INF Request finished (out of order). clSeqNr=14
03:02:18.496 INF Request finished (out of order). clSeqNr=30
03:02:18.496 INF Request finished (out of order). clSeqNr=46
03:02:18.497 INF Request finished (out of order). clSeqNr=62
03:02:18.497 INF Request finished (out of order). clSeqNr=78
03:02:18.498 INF Request finished (out of order). clSeqNr=94
03:02:18.499 INF Submitted request. clSeqNr=1073
03:02:18.504 INF Submitted request. clSeqNr=1074
03:02:18.509 INF Submitted request. clSeqNr=1075
03:02:18.514 INF Submitted request. clSeqNr=1076
03:02:18.516 INF Request finished (out of order). clSeqNr=110
03:02:18.516 INF Request finished (out of order). clSeqNr=126
03:02:18.516 INF Request finished (out of order). clSeqNr=206
03:02:18.516 INF Request finished (out of order). clSeqNr=143
03:02:18.516 INF Request finished (out of order). clSeqNr=159
03:02:18.516 INF Request finished (out of order). clSeqNr=175
03:02:18.516 INF Request finished (out of order). clSeqNr=15
03:02:18.516 INF Request finished (out of order). clSeqNr=31
03:02:18.516 INF Request finished (out of order). clSeqNr=47
03:02:18.516 INF Request finished (out of order). clSeqNr=63
03:02:18.516 INF Request finished (out of order). clSeqNr=79
03:02:18.516 INF Request finished (out of order). clSeqNr=95
03:02:18.516 INF Request finished (out of order). clSeqNr=111
03:02:18.516 INF Request finished (out of order). clSeqNr=127
03:02:18.516 INF Request finished (out of order). clSeqNr=191
03:02:18.516 INF Request finished (out of order). clSeqNr=207
03:02:18.516 INF Request finished (out of order). clSeqNr=144
03:02:18.516 INF Request finished (out of order). clSeqNr=160
03:02:18.516 INF Request finished (out of order). clSeqNr=176
03:02:18.516 INF Request finished (out of order). clSeqNr=0
03:02:18.516 INF Request delivered (in order). clSeqNr=0
03:02:18.516 INF Request finished (out of order). clSeqNr=16
03:02:18.516 INF Request finished (out of order). clSeqNr=32
03:02:18.516 INF Request finished (out of order). clSeqNr=48
03:02:18.516 INF Request finished (out of order). clSeqNr=64
03:02:18.516 INF Request finished (out of order). clSeqNr=80
03:02:18.516 INF Request finished (out of order). clSeqNr=96
03:02:18.516 INF Request finished (out of order). clSeqNr=112
03:02:18.516 INF Request finished (out of order). clSeqNr=128
03:02:18.516 INF Request finished (out of order). clSeqNr=192
03:02:18.516 INF Request finished (out of order). clSeqNr=208
03:02:18.516 INF Request finished (out of order). clSeqNr=145
03:02:18.516 INF Request finished (out of order). clSeqNr=161
03:02:18.516 INF Request finished (out of order). clSeqNr=177
03:02:18.517 INF Request finished (out of order). clSeqNr=1
03:02:18.517 INF Request delivered (in order). clSeqNr=1
03:02:18.517 INF Request finished (out of order). clSeqNr=17
03:02:18.518 INF Request finished (out of order). clSeqNr=33
03:02:18.518 INF Request finished (out of order). clSeqNr=49
03:02:18.519 INF Request finished (out of order). clSeqNr=65
03:02:18.519 INF Request finished (out of order). clSeqNr=81
03:02:18.519 INF Submitted request. clSeqNr=1077
03:02:18.525 INF Submitted request. clSeqNr=1078
03:02:18.530 INF Submitted request. clSeqNr=1079
03:02:18.530 INF Request finished (out of order). clSeqNr=97
03:02:18.531 INF Request finished (out of order). clSeqNr=113
03:02:18.531 INF Request finished (out of order). clSeqNr=129
03:02:18.531 INF Request finished (out of order). clSeqNr=193
03:02:18.531 INF Request finished (out of order). clSeqNr=209
03:02:18.531 INF Request finished (out of order). clSeqNr=146
03:02:18.531 INF Request finished (out of order). clSeqNr=162
03:02:18.531 INF Request finished (out of order). clSeqNr=178
03:02:18.531 INF Request finished (out of order). clSeqNr=2
03:02:18.531 INF Request delivered (in order). clSeqNr=2
03:02:18.531 INF Request finished (out of order). clSeqNr=18
03:02:18.531 INF Request finished (out of order). clSeqNr=34
03:02:18.531 INF Request finished (out of order). clSeqNr=50
03:02:18.531 INF Request finished (out of order). clSeqNr=66
03:02:18.531 INF Request finished (out of order). clSeqNr=82
03:02:18.531 INF Request finished (out of order). clSeqNr=98
03:02:18.531 INF Request finished (out of order). clSeqNr=114
03:02:18.531 INF Request finished (out of order). clSeqNr=130
03:02:18.531 INF Request finished (out of order). clSeqNr=194
03:02:18.531 INF Request finished (out of order). clSeqNr=210
03:02:18.531 INF Request finished (out of order). clSeqNr=147
03:02:18.531 INF Request finished (out of order). clSeqNr=163
03:02:18.531 INF Request finished (out of order). clSeqNr=179
03:02:18.531 INF Request finished (out of order). clSeqNr=3
03:02:18.532 INF Request delivered (in order). clSeqNr=3
03:02:18.532 INF Request finished (out of order). clSeqNr=19
03:02:18.532 INF Request finished (out of order). clSeqNr=35
03:02:18.533 INF Request finished (out of order). clSeqNr=51
03:02:18.534 INF Request finished (out of order). clSeqNr=67
03:02:18.534 INF Request finished (out of order). clSeqNr=83
03:02:18.534 INF Request finished (out of order). clSeqNr=99
03:02:18.535 INF Request finished (out of order). clSeqNr=115
03:02:18.535 INF Submitted request. clSeqNr=1080
03:02:18.540 INF Submitted request. clSeqNr=1081
03:02:18.545 INF Submitted request. clSeqNr=1082
03:02:18.550 INF Submitted request. clSeqNr=1083
03:02:18.555 INF Submitted request. clSeqNr=1084
03:02:18.560 INF Submitted request. clSeqNr=1085
03:02:18.566 INF Submitted request. clSeqNr=1086
03:02:18.571 INF Submitted request. clSeqNr=1087
03:02:18.571 INF Request finished (out of order). clSeqNr=131
03:02:18.571 INF Request finished (out of order). clSeqNr=195
03:02:18.571 INF Request finished (out of order). clSeqNr=211
03:02:18.571 INF Request finished (out of order). clSeqNr=148
03:02:18.571 INF Request finished (out of order). clSeqNr=164
03:02:18.571 INF Request finished (out of order). clSeqNr=180
03:02:18.571 INF Request finished (out of order). clSeqNr=4
03:02:18.571 INF Request delivered (in order). clSeqNr=4
03:02:18.571 INF Request finished (out of order). clSeqNr=20
03:02:18.571 INF Request finished (out of order). clSeqNr=36
03:02:18.571 INF Request finished (out of order). clSeqNr=52
03:02:18.571 INF Request finished (out of order). clSeqNr=68
03:02:18.571 INF Request finished (out of order). clSeqNr=84
03:02:18.572 INF Request finished (out of order). clSeqNr=100
03:02:18.572 INF Request finished (out of order). clSeqNr=116
03:02:18.572 INF Request finished (out of order). clSeqNr=132
03:02:18.572 INF Request finished (out of order). clSeqNr=196
03:02:18.572 INF Request finished (out of order). clSeqNr=212
03:02:18.572 INF Request finished (out of order). clSeqNr=149
03:02:18.572 INF Request finished (out of order). clSeqNr=165
03:02:18.572 INF Request finished (out of order). clSeqNr=181
03:02:18.572 INF Request finished (out of order). clSeqNr=5
03:02:18.572 INF Request delivered (in order). clSeqNr=5
03:02:18.572 INF Request finished (out of order). clSeqNr=21
03:02:18.572 INF Request finished (out of order). clSeqNr=37
03:02:18.572 INF Request finished (out of order). clSeqNr=53
03:02:18.572 INF Request finished (out of order). clSeqNr=69
03:02:18.572 INF Request finished (out of order). clSeqNr=85
03:02:18.572 INF Request finished (out of order). clSeqNr=101
03:02:18.572 INF Request finished (out of order). clSeqNr=117
03:02:18.572 INF Request finished (out of order). clSeqNr=133
03:02:18.572 INF Request finished (out of order). clSeqNr=197
03:02:18.572 INF Request finished (out of order). clSeqNr=213
03:02:18.572 INF Request finished (out of order). clSeqNr=134
03:02:18.572 INF Request finished (out of order). clSeqNr=150
03:02:18.572 INF Request finished (out of order). clSeqNr=166
03:02:18.572 INF Request finished (out of order). clSeqNr=182
03:02:18.572 INF Request finished (out of order). clSeqNr=6
03:02:18.572 INF Request delivered (in order). clSeqNr=6
03:02:18.572 INF Request delivered (in order). clSeqNr=7
03:02:18.572 INF Request delivered (in order). clSeqNr=8
03:02:18.572 INF Request delivered (in order). clSeqNr=9
03:02:18.572 INF Request delivered (in order). clSeqNr=10
03:02:18.572 INF Request delivered (in order). clSeqNr=11
03:02:18.572 INF Request delivered (in order). clSeqNr=12
03:02:18.572 INF Request delivered (in order). clSeqNr=13
03:02:18.572 INF Request delivered (in order). clSeqNr=14
03:02:18.572 INF Request delivered (in order). clSeqNr=15
03:02:18.572 INF Request delivered (in order). clSeqNr=16
03:02:18.572 INF Request delivered (in order). clSeqNr=17
03:02:18.572 INF Request delivered (in order). clSeqNr=18
03:02:18.572 INF Request delivered (in order). clSeqNr=19
03:02:18.572 INF Request delivered (in order). clSeqNr=20
03:02:18.572 INF Request delivered (in order). clSeqNr=21
03:02:18.572 INF Request finished (out of order). clSeqNr=22
03:02:18.572 INF Request delivered (in order). clSeqNr=22
03:02:18.572 INF Request delivered (in order). clSeqNr=23
03:02:18.572 INF Request delivered (in order). clSeqNr=24
03:02:18.572 INF Request delivered (in order). clSeqNr=25
03:02:18.572 INF Request delivered (in order). clSeqNr=26
03:02:18.572 INF Request delivered (in order). clSeqNr=27
03:02:18.573 INF Request delivered (in order). clSeqNr=28
03:02:18.573 INF Request delivered (in order). clSeqNr=29
03:02:18.573 INF Request delivered (in order). clSeqNr=30
03:02:18.573 INF Request delivered (in order). clSeqNr=31
03:02:18.573 INF Request delivered (in order). clSeqNr=32
03:02:18.573 INF Request delivered (in order). clSeqNr=33
03:02:18.573 INF Request delivered (in order). clSeqNr=34
03:02:18.573 INF Request delivered (in order). clSeqNr=35
03:02:18.573 INF Request delivered (in order). clSeqNr=36
03:02:18.573 INF Request delivered (in order). clSeqNr=37
03:02:18.573 INF Request finished (out of order). clSeqNr=38
03:02:18.573 INF Request delivered (in order). clSeqNr=38
03:02:18.573 INF Request delivered (in order). clSeqNr=39
03:02:18.573 INF Request delivered (in order). clSeqNr=40
03:02:18.573 INF Request delivered (in order). clSeqNr=41
03:02:18.573 INF Request delivered (in order). clSeqNr=42
03:02:18.573 INF Request delivered (in order). clSeqNr=43
03:02:18.573 INF Request delivered (in order). clSeqNr=44
03:02:18.573 INF Request delivered (in order). clSeqNr=45
03:02:18.573 INF Request delivered (in order). clSeqNr=46
03:02:18.573 INF Request delivered (in order). clSeqNr=47
03:02:18.573 INF Request delivered (in order). clSeqNr=48
03:02:18.573 INF Request delivered (in order). clSeqNr=49
03:02:18.573 INF Request delivered (in order). clSeqNr=50
03:02:18.573 INF Request delivered (in order). clSeqNr=51
03:02:18.573 INF Request delivered (in order). clSeqNr=52
03:02:18.573 INF Request delivered (in order). clSeqNr=53
03:02:18.573 INF Request finished (out of order). clSeqNr=54
03:02:18.573 INF Request delivered (in order). clSeqNr=54
03:02:18.573 INF Request delivered (in order). clSeqNr=55
03:02:18.573 INF Request delivered (in order). clSeqNr=56
03:02:18.573 INF Request delivered (in order). clSeqNr=57
03:02:18.573 INF Request delivered (in order). clSeqNr=58
03:02:18.573 INF Request delivered (in order). clSeqNr=59
03:02:18.573 INF Request delivered (in order). clSeqNr=60
03:02:18.573 INF Request delivered (in order). clSeqNr=61
03:02:18.573 INF Request delivered (in order). clSeqNr=62
03:02:18.573 INF Request delivered (in order). clSeqNr=63
03:02:18.573 INF Request delivered (in order). clSeqNr=64
03:02:18.573 INF Request delivered (in order). clSeqNr=65
03:02:18.573 INF Request delivered (in order). clSeqNr=66
03:02:18.573 INF Request delivered (in order). clSeqNr=67
03:02:18.573 INF Request delivered (in order). clSeqNr=68
03:02:18.573 INF Request delivered (in order). clSeqNr=69
03:02:18.573 INF Request finished (out of order). clSeqNr=70
03:02:18.573 INF Request delivered (in order). clSeqNr=70
03:02:18.573 INF Request delivered (in order). clSeqNr=71
03:02:18.573 INF Request delivered (in order). clSeqNr=72
03:02:18.573 INF Request delivered (in order). clSeqNr=73
03:02:18.573 INF Request delivered (in order). clSeqNr=74
03:02:18.573 INF Request delivered (in order). clSeqNr=75
03:02:18.573 INF Request delivered (in order). clSeqNr=76
03:02:18.573 INF Request delivered (in order). clSeqNr=77
03:02:18.573 INF Request delivered (in order). clSeqNr=78
03:02:18.573 INF Request delivered (in order). clSeqNr=79
03:02:18.574 INF Request delivered (in order). clSeqNr=80
03:02:18.574 INF Request delivered (in order). clSeqNr=81
03:02:18.574 INF Request delivered (in order). clSeqNr=82
03:02:18.574 INF Request delivered (in order). clSeqNr=83
03:02:18.574 INF Request delivered (in order). clSeqNr=84
03:02:18.574 INF Request delivered (in order). clSeqNr=85
03:02:18.574 INF Request finished (out of order). clSeqNr=86
03:02:18.574 INF Request delivered (in order). clSeqNr=86
03:02:18.574 INF Request delivered (in order). clSeqNr=87
03:02:18.574 INF Request delivered (in order). clSeqNr=88
03:02:18.574 INF Request delivered (in order). clSeqNr=89
03:02:18.574 INF Request delivered (in order). clSeqNr=90
03:02:18.574 INF Request delivered (in order). clSeqNr=91
03:02:18.574 INF Request delivered (in order). clSeqNr=92
03:02:18.574 INF Request delivered (in order). clSeqNr=93
03:02:18.574 INF Request delivered (in order). clSeqNr=94
03:02:18.574 INF Request delivered (in order). clSeqNr=95
03:02:18.574 INF Request delivered (in order). clSeqNr=96
03:02:18.574 INF Request delivered (in order). clSeqNr=97
03:02:18.574 INF Request delivered (in order). clSeqNr=98
03:02:18.574 INF Request delivered (in order). clSeqNr=99
03:02:18.574 INF Request delivered (in order). clSeqNr=100
03:02:18.574 INF Request delivered (in order). clSeqNr=101
03:02:18.574 INF Request finished (out of order). clSeqNr=102
03:02:18.574 INF Request delivered (in order). clSeqNr=102
03:02:18.574 INF Request delivered (in order). clSeqNr=103
03:02:18.574 INF Request delivered (in order). clSeqNr=104
03:02:18.574 INF Request delivered (in order). clSeqNr=105
03:02:18.574 INF Request delivered (in order). clSeqNr=106
03:02:18.574 INF Request delivered (in order). clSeqNr=107
03:02:18.574 INF Request delivered (in order). clSeqNr=108
03:02:18.574 INF Request delivered (in order). clSeqNr=109
03:02:18.574 INF Request delivered (in order). clSeqNr=110
03:02:18.574 INF Request delivered (in order). clSeqNr=111
03:02:18.574 INF Request delivered (in order). clSeqNr=112
03:02:18.574 INF Request delivered (in order). clSeqNr=113
03:02:18.574 INF Request delivered (in order). clSeqNr=114
03:02:18.574 INF Request delivered (in order). clSeqNr=115
03:02:18.574 INF Request delivered (in order). clSeqNr=116
03:02:18.574 INF Request delivered (in order). clSeqNr=117
03:02:18.574 INF Request finished (out of order). clSeqNr=118
03:02:18.574 INF Request delivered (in order). clSeqNr=118
03:02:18.574 INF Request delivered (in order). clSeqNr=119
03:02:18.574 INF Request delivered (in order). clSeqNr=120
03:02:18.574 INF Request delivered (in order). clSeqNr=121
03:02:18.574 INF Request delivered (in order). clSeqNr=122
03:02:18.574 INF Request delivered (in order). clSeqNr=123
03:02:18.574 INF Request delivered (in order). clSeqNr=124
03:02:18.574 INF Request delivered (in order). clSeqNr=125
03:02:18.574 INF Request delivered (in order). clSeqNr=126
03:02:18.574 INF Request delivered (in order). clSeqNr=127
03:02:18.574 INF Request delivered (in order). clSeqNr=128
03:02:18.574 INF Request delivered (in order). clSeqNr=129
03:02:18.575 INF Request delivered (in order). clSeqNr=130
03:02:18.575 INF Request delivered (in order). clSeqNr=131
03:02:18.575 INF Request delivered (in order). clSeqNr=132
03:02:18.575 INF Request delivered (in order). clSeqNr=133
03:02:18.575 INF Request delivered (in order). clSeqNr=134
03:02:18.575 INF Request delivered (in order). clSeqNr=135
03:02:18.575 INF Request delivered (in order). clSeqNr=136
03:02:18.575 INF Request delivered (in order). clSeqNr=137
03:02:18.575 INF Request delivered (in order). clSeqNr=138
03:02:18.575 INF Request delivered (in order). clSeqNr=139
03:02:18.575 INF Request delivered (in order). clSeqNr=140
03:02:18.575 INF Request delivered (in order). clSeqNr=141
03:02:18.575 INF Request delivered (in order). clSeqNr=142
03:02:18.575 INF Request delivered (in order). clSeqNr=143
03:02:18.575 INF Request delivered (in order). clSeqNr=144
03:02:18.575 INF Request delivered (in order). clSeqNr=145
03:02:18.575 INF Request delivered (in order). clSeqNr=146
03:02:18.575 INF Request delivered (in order). clSeqNr=147
03:02:18.575 INF Request delivered (in order). clSeqNr=148
03:02:18.575 INF Request delivered (in order). clSeqNr=149
03:02:18.575 INF Request delivered (in order). clSeqNr=150
03:02:18.575 INF Request delivered (in order). clSeqNr=151
03:02:18.575 INF Request delivered (in order). clSeqNr=152
03:02:18.575 INF Request delivered (in order). clSeqNr=153
03:02:18.575 INF Request delivered (in order). clSeqNr=154
03:02:18.575 INF Request delivered (in order). clSeqNr=155
03:02:18.575 INF Request delivered (in order). clSeqNr=156
03:02:18.575 INF Request delivered (in order). clSeqNr=157
03:02:18.575 INF Request delivered (in order). clSeqNr=158
03:02:18.575 INF Request delivered (in order). clSeqNr=159
03:02:18.575 INF Request delivered (in order). clSeqNr=160
03:02:18.575 INF Request delivered (in order). clSeqNr=161
03:02:18.575 INF Request delivered (in order). clSeqNr=162
03:02:18.575 INF Request delivered (in order). clSeqNr=163
03:02:18.575 INF Request delivered (in order). clSeqNr=164
03:02:18.575 INF Request delivered (in order). clSeqNr=165
03:02:18.575 INF Request delivered (in order). clSeqNr=166
03:02:18.575 INF Request delivered (in order). clSeqNr=167
03:02:18.575 INF Request delivered (in order). clSeqNr=168
03:02:18.575 INF Request delivered (in order). clSeqNr=169
03:02:18.575 INF Request delivered (in order). clSeqNr=170
03:02:18.575 INF Request delivered (in order). clSeqNr=171
03:02:18.575 INF Request delivered (in order). clSeqNr=172
03:02:18.575 INF Request delivered (in order). clSeqNr=173
03:02:18.575 INF Request delivered (in order). clSeqNr=174
03:02:18.575 INF Request delivered (in order). clSeqNr=175
03:02:18.575 INF Request delivered (in order). clSeqNr=176
03:02:18.575 INF Request delivered (in order). clSeqNr=177
03:02:18.575 INF Request delivered (in order). clSeqNr=178
03:02:18.575 INF Request delivered (in order). clSeqNr=179
03:02:18.575 INF Request delivered (in order). clSeqNr=180
03:02:18.575 INF Request delivered (in order). clSeqNr=181
03:02:18.575 INF Request delivered (in order). clSeqNr=182
03:02:18.575 INF Request delivered (in order). clSeqNr=183
03:02:18.575 INF Request delivered (in order). clSeqNr=184
03:02:18.575 INF Request delivered (in order). clSeqNr=185
03:02:18.575 INF Request delivered (in order). clSeqNr=186
03:02:18.575 INF Request delivered (in order). clSeqNr=187
03:02:18.575 INF Request delivered (in order). clSeqNr=188
03:02:18.575 INF Request delivered (in order). clSeqNr=189
03:02:18.576 INF Request delivered (in order). clSeqNr=190
03:02:18.576 INF Request delivered (in order). clSeqNr=191
03:02:18.576 INF Request delivered (in order). clSeqNr=192
03:02:18.576 INF Request delivered (in order). clSeqNr=193
03:02:18.576 INF Request delivered (in order). clSeqNr=194
03:02:18.576 INF Request delivered (in order). clSeqNr=195
03:02:18.576 INF Request delivered (in order). clSeqNr=196
03:02:18.576 INF Request delivered (in order). clSeqNr=197
03:02:18.576 INF Request finished (out of order). clSeqNr=391
03:02:18.576 INF Request finished (out of order). clSeqNr=407
03:02:18.576 INF Request finished (out of order). clSeqNr=423
03:02:18.576 INF Request finished (out of order). clSeqNr=439
03:02:18.576 INF Request finished (out of order). clSeqNr=455
03:02:18.576 INF Request finished (out of order). clSeqNr=471
03:02:18.576 INF Request finished (out of order). clSeqNr=231
03:02:18.576 INF Request finished (out of order). clSeqNr=247
03:02:18.576 INF Request finished (out of order). clSeqNr=263
03:02:18.576 INF Request finished (out of order). clSeqNr=279
03:02:18.576 INF Request finished (out of order). clSeqNr=295
03:02:18.576 INF Request finished (out of order). clSeqNr=311
03:02:18.576 INF Request finished (out of order). clSeqNr=327
03:02:18.576 INF Request finished (out of order). clSeqNr=343
03:02:18.576 INF Request finished (out of order). clSeqNr=359
03:02:18.576 INF Request finished (out of order). clSeqNr=375
03:02:18.576 INF Request finished (out of order). clSeqNr=392
03:02:18.576 INF Request finished (out of order). clSeqNr=408
03:02:18.576 INF Request finished (out of order). clSeqNr=424
03:02:18.576 INF Request finished (out of order). clSeqNr=440
03:02:18.576 INF Request finished (out of order). clSeqNr=456
03:02:18.576 INF Submitted request. clSeqNr=1088
03:02:18.581 INF Submitted request. clSeqNr=1089
03:02:18.586 INF Submitted request. clSeqNr=1090
03:02:18.591 INF Submitted request. clSeqNr=1091
03:02:18.597 INF Submitted request. clSeqNr=1092
03:02:18.602 INF Submitted request. clSeqNr=1093
03:02:18.607 INF Submitted request. clSeqNr=1094
03:02:18.612 INF Submitted request. clSeqNr=1095
03:02:18.613 INF Request finished (out of order). clSeqNr=472
03:02:18.613 INF Request finished (out of order). clSeqNr=232
03:02:18.613 INF Request finished (out of order). clSeqNr=248
03:02:18.613 INF Request finished (out of order). clSeqNr=264
03:02:18.613 INF Request finished (out of order). clSeqNr=280
03:02:18.613 INF Request finished (out of order). clSeqNr=296
03:02:18.615 INF Request finished (out of order). clSeqNr=312
03:02:18.615 INF Request finished (out of order). clSeqNr=328
03:02:18.615 INF Request finished (out of order). clSeqNr=344
03:02:18.616 INF Request finished (out of order). clSeqNr=360
03:02:18.616 INF Request finished (out of order). clSeqNr=376
03:02:18.617 INF Request finished (out of order). clSeqNr=393
03:02:18.617 INF Request finished (out of order). clSeqNr=409
03:02:18.617 INF Request finished (out of order). clSeqNr=425
03:02:18.617 INF Submitted request. clSeqNr=1096
03:02:18.617 INF Request finished (out of order). clSeqNr=441
03:02:18.619 INF Request finished (out of order). clSeqNr=457
03:02:18.619 INF Request finished (out of order). clSeqNr=473
03:02:18.619 INF Request finished (out of order). clSeqNr=233
03:02:18.619 INF Request finished (out of order). clSeqNr=249
03:02:18.620 INF Request finished (out of order). clSeqNr=265
03:02:18.620 INF Request finished (out of order). clSeqNr=281
03:02:18.620 INF Request finished (out of order). clSeqNr=297
03:02:18.620 INF Request finished (out of order). clSeqNr=313
03:02:18.622 INF Request finished (out of order). clSeqNr=329
03:02:18.622 INF Request finished (out of order). clSeqNr=345
03:02:18.622 INF Request finished (out of order). clSeqNr=361
03:02:18.622 INF Submitted request. clSeqNr=1097
03:02:18.622 INF Request finished (out of order). clSeqNr=377
03:02:18.627 INF Submitted request. clSeqNr=1098
03:02:18.633 INF Submitted request. clSeqNr=1099
03:02:18.637 INF Submitted request. clSeqNr=1100
03:02:18.643 INF Submitted request. clSeqNr=1101
03:02:18.648 INF Submitted request. clSeqNr=1102
03:02:18.653 INF Submitted request. clSeqNr=1103
03:02:18.658 INF Submitted request. clSeqNr=1104
03:02:18.663 INF Submitted request. clSeqNr=1105
03:02:18.669 INF Submitted request. clSeqNr=1106
03:02:18.673 INF Submitted request. clSeqNr=1107
03:02:18.679 INF Submitted request. clSeqNr=1108
03:02:18.683 INF Submitted request. clSeqNr=1109
03:02:18.689 INF Submitted request. clSeqNr=1110
03:02:18.694 INF Submitted request. clSeqNr=1111
03:02:18.699 INF Submitted request. clSeqNr=1112
03:02:18.704 INF Submitted request. clSeqNr=1113
03:02:18.709 INF Submitted request. clSeqNr=1114
03:02:18.715 INF Submitted request. clSeqNr=1115
03:02:18.719 INF Submitted request. clSeqNr=1116
03:02:18.726 INF Submitted request. clSeqNr=1117
03:02:18.731 INF Submitted request. clSeqNr=1118
03:02:18.735 INF Submitted request. clSeqNr=1119
03:02:18.740 INF Submitted request. clSeqNr=1120
03:02:18.746 INF Submitted request. clSeqNr=1121
03:02:18.751 INF Submitted request. clSeqNr=1122
03:02:18.755 INF Submitted request. clSeqNr=1123
03:02:18.760 INF Submitted request. clSeqNr=1124
03:02:18.766 INF Submitted request. clSeqNr=1125
03:02:18.771 INF Submitted request. clSeqNr=1126
03:02:18.776 INF Submitted request. clSeqNr=1127
03:02:18.782 INF Submitted request. clSeqNr=1128
03:02:18.786 INF Submitted request. clSeqNr=1129
03:02:18.791 INF Submitted request. clSeqNr=1130
03:02:18.797 INF Submitted request. clSeqNr=1131
03:02:18.802 INF Submitted request. clSeqNr=1132
03:02:18.807 INF Submitted request. clSeqNr=1133
03:02:18.812 INF Submitted request. clSeqNr=1134
03:02:18.817 INF Submitted request. clSeqNr=1135
03:02:18.823 INF Submitted request. clSeqNr=1136
03:02:18.828 INF Submitted request. clSeqNr=1137
03:02:18.833 INF Submitted request. clSeqNr=1138
03:02:18.838 INF Submitted request. clSeqNr=1139
03:02:18.842 INF Submitted request. clSeqNr=1140
03:02:18.848 INF Submitted request. clSeqNr=1141
03:02:18.853 INF Submitted request. clSeqNr=1142
03:02:18.858 INF Submitted request. clSeqNr=1143
03:02:18.863 INF Submitted request. clSeqNr=1144
03:02:18.869 INF Submitted request. clSeqNr=1145
03:02:18.873 INF Submitted request. clSeqNr=1146
03:02:18.879 INF Submitted request. clSeqNr=1147
03:02:18.884 INF Submitted request. clSeqNr=1148
03:02:18.889 INF Submitted request. clSeqNr=1149
03:02:18.895 INF Submitted request. clSeqNr=1150
03:02:18.899 INF Submitted request. clSeqNr=1151
03:02:18.905 INF Submitted request. clSeqNr=1152
03:02:18.909 INF Submitted request. clSeqNr=1153
03:02:18.914 INF Submitted request. clSeqNr=1154
03:02:18.919 INF Submitted request. clSeqNr=1155
03:02:18.925 INF Submitted request. clSeqNr=1156
03:02:18.930 INF Submitted request. clSeqNr=1157
03:02:18.935 INF Submitted request. clSeqNr=1158
03:02:18.941 INF Submitted request. clSeqNr=1159
03:02:18.945 INF Submitted request. clSeqNr=1160
03:02:18.950 INF Submitted request. clSeqNr=1161
03:02:18.955 INF Submitted request. clSeqNr=1162
03:02:18.961 INF Submitted request. clSeqNr=1163
03:02:18.966 INF Submitted request. clSeqNr=1164
03:02:18.972 INF Submitted request. clSeqNr=1165
03:02:18.976 INF Submitted request. clSeqNr=1166
03:02:18.981 INF Submitted request. clSeqNr=1167
03:02:18.986 INF Submitted request. clSeqNr=1168
03:02:18.991 INF Submitted request. clSeqNr=1169
03:02:18.997 INF Submitted request. clSeqNr=1170
03:02:19.002 INF Submitted request. clSeqNr=1171
03:02:19.007 INF Submitted request. clSeqNr=1172
03:02:19.013 INF Submitted request. clSeqNr=1173
03:02:19.017 INF Submitted request. clSeqNr=1174
03:02:19.022 INF Submitted request. clSeqNr=1175
03:02:19.028 INF Submitted request. clSeqNr=1176
03:02:19.032 INF Submitted request. clSeqNr=1177
03:02:19.038 INF Submitted request. clSeqNr=1178
03:02:19.043 INF Submitted request. clSeqNr=1179
03:02:19.048 INF Submitted request. clSeqNr=1180
03:02:19.053 INF Submitted request. clSeqNr=1181
03:02:19.058 INF Submitted request. clSeqNr=1182
03:02:19.063 INF Submitted request. clSeqNr=1183
03:02:19.068 INF Submitted request. clSeqNr=1184
03:02:19.074 INF Submitted request. clSeqNr=1185
03:02:19.079 INF Submitted request. clSeqNr=1186
03:02:19.084 INF Submitted request. clSeqNr=1187
03:02:19.089 INF Submitted request. clSeqNr=1188
03:02:19.094 INF Submitted request. clSeqNr=1189
03:02:19.099 INF Submitted request. clSeqNr=1190
03:02:19.104 INF Submitted request. clSeqNr=1191
03:02:19.109 INF Submitted request. clSeqNr=1192
03:02:19.114 INF Submitted request. clSeqNr=1193
03:02:19.119 INF Submitted request. clSeqNr=1194
03:02:19.124 INF Submitted request. clSeqNr=1195
03:02:19.130 INF Submitted request. clSeqNr=1196
03:02:19.135 INF Submitted request. clSeqNr=1197
03:02:19.141 INF Submitted request. clSeqNr=1198
03:02:19.145 INF Submitted request. clSeqNr=1199
03:02:19.150 INF Submitted request. clSeqNr=1200
03:02:19.156 INF Submitted request. clSeqNr=1201
03:02:19.160 INF Submitted request. clSeqNr=1202
03:02:19.166 INF Submitted request. clSeqNr=1203
03:02:19.171 INF Submitted request. clSeqNr=1204
03:02:19.177 INF Submitted request. clSeqNr=1205
03:02:19.181 INF Submitted request. clSeqNr=1206
03:02:19.186 INF Submitted request. clSeqNr=1207
03:02:19.191 INF Submitted request. clSeqNr=1208
03:02:19.196 INF Submitted request. clSeqNr=1209
03:02:19.202 INF Submitted request. clSeqNr=1210
03:02:19.207 INF Submitted request. clSeqNr=1211
03:02:19.212 INF Submitted request. clSeqNr=1212
03:02:19.217 INF Submitted request. clSeqNr=1213
03:02:19.223 INF Submitted request. clSeqNr=1214
03:02:19.228 INF Submitted request. clSeqNr=1215
03:02:19.232 INF Submitted request. clSeqNr=1216
03:02:19.238 INF Submitted request. clSeqNr=1217
03:02:19.243 INF Submitted request. clSeqNr=1218
03:02:19.248 INF Submitted request. clSeqNr=1219
03:02:19.253 INF Submitted request. clSeqNr=1220
03:02:19.258 INF Submitted request. clSeqNr=1221
03:02:19.263 INF Submitted request. clSeqNr=1222
03:02:19.269 INF Submitted request. clSeqNr=1223
03:02:19.274 INF Submitted request. clSeqNr=1224
03:02:19.279 INF Submitted request. clSeqNr=1225
03:02:19.284 INF Submitted request. clSeqNr=1226
03:02:19.289 INF Submitted request. clSeqNr=1227
03:02:19.294 INF Submitted request. clSeqNr=1228
03:02:19.299 INF Submitted request. clSeqNr=1229
03:02:19.305 INF Submitted request. clSeqNr=1230
03:02:19.309 INF Submitted request. clSeqNr=1231
03:02:19.315 INF Submitted request. clSeqNr=1232
03:02:19.320 INF Submitted request. clSeqNr=1233
03:02:19.325 INF Submitted request. clSeqNr=1234
03:02:19.330 INF Submitted request. clSeqNr=1235
03:02:19.336 INF Submitted request. clSeqNr=1236
03:02:19.340 INF Submitted request. clSeqNr=1237
03:02:19.345 INF Submitted request. clSeqNr=1238
03:02:19.351 INF Submitted request. clSeqNr=1239
03:02:19.356 INF Submitted request. clSeqNr=1240
03:02:19.361 INF Submitted request. clSeqNr=1241
03:02:19.366 INF Submitted request. clSeqNr=1242
03:02:19.372 INF Submitted request. clSeqNr=1243
03:02:19.376 INF Submitted request. clSeqNr=1244
03:02:19.382 INF Submitted request. clSeqNr=1245
03:02:19.386 INF Submitted request. clSeqNr=1246
03:02:19.391 INF Submitted request. clSeqNr=1247
03:02:19.396 INF Submitted request. clSeqNr=1248
03:02:19.402 INF Submitted request. clSeqNr=1249
03:02:19.407 INF Submitted request. clSeqNr=1250
03:02:19.412 INF Submitted request. clSeqNr=1251
03:02:19.417 INF Submitted request. clSeqNr=1252
03:02:19.422 INF Submitted request. clSeqNr=1253
03:02:19.427 INF Submitted request. clSeqNr=1254
03:02:19.433 INF Submitted request. clSeqNr=1255
03:02:19.437 INF Submitted request. clSeqNr=1256
03:02:19.443 INF Submitted request. clSeqNr=1257
03:02:19.448 INF Submitted request. clSeqNr=1258
03:02:19.453 INF Submitted request. clSeqNr=1259
03:02:19.459 INF Submitted request. clSeqNr=1260
03:02:19.463 INF Submitted request. clSeqNr=1261
03:02:19.469 INF Submitted request. clSeqNr=1262
03:02:19.473 INF Submitted request. clSeqNr=1263
03:02:19.479 INF Submitted request. clSeqNr=1264
03:02:19.483 INF Submitted request. clSeqNr=1265
03:02:19.489 INF Submitted request. clSeqNr=1266
03:02:19.494 INF Submitted request. clSeqNr=1267
03:02:19.499 INF Submitted request. clSeqNr=1268
03:02:19.504 INF Submitted request. clSeqNr=1269
03:02:19.509 INF Submitted request. clSeqNr=1270
03:02:19.515 INF Submitted request. clSeqNr=1271
03:02:19.519 INF Submitted request. clSeqNr=1272
03:02:19.524 INF Submitted request. clSeqNr=1273
03:02:19.530 INF Submitted request. clSeqNr=1274
03:02:19.535 INF Submitted request. clSeqNr=1275
03:02:19.540 INF Submitted request. clSeqNr=1276
03:02:19.546 INF Submitted request. clSeqNr=1277
03:02:19.551 INF Submitted request. clSeqNr=1278
03:02:19.555 INF Submitted request. clSeqNr=1279
03:02:19.561 INF Submitted request. clSeqNr=1280
03:02:19.566 INF Submitted request. clSeqNr=1281
03:02:19.571 INF Submitted request. clSeqNr=1282
03:02:19.576 INF Submitted request. clSeqNr=1283
03:02:19.582 INF Submitted request. clSeqNr=1284
03:02:19.586 INF Submitted request. clSeqNr=1285
03:02:19.591 INF Submitted request. clSeqNr=1286
03:02:19.597 INF Submitted request. clSeqNr=1287
03:02:19.602 INF Submitted request. clSeqNr=1288
03:02:19.607 INF Submitted request. clSeqNr=1289
03:02:19.612 INF Submitted request. clSeqNr=1290
03:02:19.617 INF Submitted request. clSeqNr=1291
03:02:19.622 INF Submitted request. clSeqNr=1292
03:02:19.627 INF Submitted request. clSeqNr=1293
03:02:19.633 INF Submitted request. clSeqNr=1294
03:02:19.637 INF Submitted request. clSeqNr=1295
03:02:19.643 INF Submitted request. clSeqNr=1296
03:02:19.648 INF Submitted request. clSeqNr=1297
03:02:19.653 INF Submitted request. clSeqNr=1298
03:02:19.658 INF Submitted request. clSeqNr=1299
03:02:19.664 INF Submitted request. clSeqNr=1300
03:02:19.668 INF Submitted request. clSeqNr=1301
03:02:19.674 INF Submitted request. clSeqNr=1302
03:02:19.679 INF Submitted request. clSeqNr=1303
03:02:19.684 INF Submitted request. clSeqNr=1304
03:02:19.690 INF Submitted request. clSeqNr=1305
03:02:19.694 INF Submitted request. clSeqNr=1306
03:02:19.699 INF Submitted request. clSeqNr=1307
03:02:19.704 INF Submitted request. clSeqNr=1308
03:02:19.709 INF Submitted request. clSeqNr=1309
03:02:19.714 INF Submitted request. clSeqNr=1310
03:02:19.720 INF Submitted request. clSeqNr=1311
03:02:19.724 INF Submitted request. clSeqNr=1312
03:02:19.730 INF Submitted request. clSeqNr=1313
03:02:19.735 INF Submitted request. clSeqNr=1314
03:02:19.741 INF Submitted request. clSeqNr=1315
03:02:19.746 INF Submitted request. clSeqNr=1316
03:02:19.750 INF Submitted request. clSeqNr=1317
03:02:19.756 INF Submitted request. clSeqNr=1318
03:02:19.761 INF Submitted request. clSeqNr=1319
03:02:19.766 INF Submitted request. clSeqNr=1320
03:02:19.771 INF Submitted request. clSeqNr=1321
03:02:19.776 INF Submitted request. clSeqNr=1322
03:02:19.781 INF Submitted request. clSeqNr=1323
03:02:19.786 INF Submitted request. clSeqNr=1324
03:02:19.791 INF Submitted request. clSeqNr=1325
03:02:19.796 INF Submitted request. clSeqNr=1326
03:02:19.801 INF Submitted request. clSeqNr=1327
03:02:19.807 INF Submitted request. clSeqNr=1328
03:02:19.812 INF Submitted request. clSeqNr=1329
03:02:19.818 INF Submitted request. clSeqNr=1330
03:02:19.822 INF Submitted request. clSeqNr=1331
03:02:19.827 INF Submitted request. clSeqNr=1332
03:02:19.833 INF Submitted request. clSeqNr=1333
03:02:19.838 INF Submitted request. clSeqNr=1334
03:02:19.843 INF Submitted request. clSeqNr=1335
03:02:19.848 INF Submitted request. clSeqNr=1336
03:02:19.853 INF Submitted request. clSeqNr=1337
03:02:19.858 INF Submitted request. clSeqNr=1338
03:02:19.863 INF Submitted request. clSeqNr=1339
03:02:19.869 INF Submitted request. clSeqNr=1340
03:02:19.873 INF Submitted request. clSeqNr=1341
03:02:19.878 INF Submitted request. clSeqNr=1342
03:02:19.884 INF Submitted request. clSeqNr=1343
03:02:19.889 INF Submitted request. clSeqNr=1344
03:02:19.894 INF Submitted request. clSeqNr=1345
03:02:19.900 INF Submitted request. clSeqNr=1346
03:02:19.904 INF Submitted request. clSeqNr=1347
03:02:19.910 INF Submitted request. clSeqNr=1348
03:02:19.915 INF Submitted request. clSeqNr=1349
03:02:19.920 INF Submitted request. clSeqNr=1350
03:02:19.925 INF Submitted request. clSeqNr=1351
03:02:19.930 INF Submitted request. clSeqNr=1352
03:02:19.935 INF Submitted request. clSeqNr=1353
03:02:19.940 INF Submitted request. clSeqNr=1354
03:02:19.945 INF Submitted request. clSeqNr=1355
03:02:19.950 INF Submitted request. clSeqNr=1356
03:02:19.956 INF Submitted request. clSeqNr=1357
03:02:19.961 INF Submitted request. clSeqNr=1358
03:02:19.966 INF Submitted request. clSeqNr=1359
03:02:19.971 INF Submitted request. clSeqNr=1360
03:02:19.977 INF Submitted request. clSeqNr=1361
03:02:19.981 INF Submitted request. clSeqNr=1362
03:02:19.987 INF Submitted request. clSeqNr=1363
03:02:19.991 INF Submitted request. clSeqNr=1364
03:02:19.997 INF Submitted request. clSeqNr=1365
03:02:20.001 INF Submitted request. clSeqNr=1366
03:02:20.007 INF Submitted request. clSeqNr=1367
03:02:20.012 INF Submitted request. clSeqNr=1368
03:02:20.017 INF Submitted request. clSeqNr=1369
03:02:20.022 INF Submitted request. clSeqNr=1370
03:02:20.028 INF Submitted request. clSeqNr=1371
03:02:20.032 INF Submitted request. clSeqNr=1372
03:02:20.038 INF Submitted request. clSeqNr=1373
03:02:20.043 INF Submitted request. clSeqNr=1374
03:02:20.048 INF Submitted request. clSeqNr=1375
03:02:20.053 INF Submitted request. clSeqNr=1376
03:02:20.059 INF Submitted request. clSeqNr=1377
03:02:20.063 INF Submitted request. clSeqNr=1378
03:02:20.068 INF Submitted request. clSeqNr=1379
03:02:20.074 INF Submitted request. clSeqNr=1380
03:02:20.078 INF Submitted request. clSeqNr=1381
03:02:20.084 INF Submitted request. clSeqNr=1382
03:02:20.089 INF Submitted request. clSeqNr=1383
03:02:20.094 INF Submitted request. clSeqNr=1384
03:02:20.099 INF Submitted request. clSeqNr=1385
03:02:20.105 INF Submitted request. clSeqNr=1386
03:02:20.109 INF Submitted request. clSeqNr=1387
03:02:20.114 INF Submitted request. clSeqNr=1388
03:02:20.119 INF Submitted request. clSeqNr=1389
03:02:20.124 INF Submitted request. clSeqNr=1390
03:02:20.130 INF Submitted request. clSeqNr=1391
03:02:20.135 INF Submitted request. clSeqNr=1392
03:02:20.141 INF Submitted request. clSeqNr=1393
03:02:20.145 INF Submitted request. clSeqNr=1394
03:02:20.151 INF Submitted request. clSeqNr=1395
03:02:20.155 INF Submitted request. clSeqNr=1396
03:02:20.161 INF Submitted request. clSeqNr=1397
03:02:20.166 INF Submitted request. clSeqNr=1398
03:02:20.171 INF Submitted request. clSeqNr=1399
03:02:20.176 INF Submitted request. clSeqNr=1400
03:02:20.181 INF Submitted request. clSeqNr=1401
03:02:20.186 INF Submitted request. clSeqNr=1402
03:02:20.192 INF Submitted request. clSeqNr=1403
03:02:20.197 INF Submitted request. clSeqNr=1404
03:02:20.202 INF Submitted request. clSeqNr=1405
03:02:20.207 INF Submitted request. clSeqNr=1406
03:02:20.212 INF Submitted request. clSeqNr=1407
03:02:20.218 INF Submitted request. clSeqNr=1408
03:02:20.222 INF Submitted request. clSeqNr=1409
03:02:20.227 INF Submitted request. clSeqNr=1410
03:02:20.233 INF Submitted request. clSeqNr=1411
03:02:20.238 INF Submitted request. clSeqNr=1412
03:02:20.242 INF Submitted request. clSeqNr=1413
03:02:20.248 INF Submitted request. clSeqNr=1414
03:02:20.253 INF Submitted request. clSeqNr=1415
03:02:20.258 INF Submitted request. clSeqNr=1416
03:02:20.263 INF Submitted request. clSeqNr=1417
03:02:20.268 INF Submitted request. clSeqNr=1418
03:02:20.274 INF Submitted request. clSeqNr=1419
03:02:20.278 INF Submitted request. clSeqNr=1420
03:02:20.283 INF Submitted request. clSeqNr=1421
03:02:20.289 INF Submitted request. clSeqNr=1422
03:02:20.294 INF Submitted request. clSeqNr=1423
03:02:20.299 INF Submitted request. clSeqNr=1424
03:02:20.305 INF Submitted request. clSeqNr=1425
03:02:20.309 INF Submitted request. clSeqNr=1426
03:02:20.315 INF Submitted request. clSeqNr=1427
03:02:20.319 INF Submitted request. clSeqNr=1428
03:02:20.325 INF Submitted request. clSeqNr=1429
03:02:20.330 INF Submitted request. clSeqNr=1430
03:02:20.335 INF Submitted request. clSeqNr=1431
03:02:20.340 INF Submitted request. clSeqNr=1432
03:02:20.346 INF Submitted request. clSeqNr=1433
03:02:20.350 INF Submitted request. clSeqNr=1434
03:02:20.355 INF Submitted request. clSeqNr=1435
03:02:20.361 INF Submitted request. clSeqNr=1436
03:02:20.366 INF Submitted request. clSeqNr=1437
03:02:20.371 INF Submitted request. clSeqNr=1438
03:02:20.377 INF Submitted request. clSeqNr=1439
03:02:20.382 INF Submitted request. clSeqNr=1440
03:02:20.387 INF Submitted request. clSeqNr=1441
03:02:20.392 INF Submitted request. clSeqNr=1442
03:02:20.396 INF Submitted request. clSeqNr=1443
03:02:20.402 INF Submitted request. clSeqNr=1444
03:02:20.406 INF Submitted request. clSeqNr=1445
03:02:20.412 INF Submitted request. clSeqNr=1446
03:02:20.418 INF Submitted request. clSeqNr=1447
03:02:20.422 INF Submitted request. clSeqNr=1448
03:02:20.427 INF Submitted request. clSeqNr=1449
03:02:20.432 INF Submitted request. clSeqNr=1450
03:02:20.438 INF Submitted request. clSeqNr=1451
03:02:20.442 INF Submitted request. clSeqNr=1452
03:02:20.448 INF Submitted request. clSeqNr=1453
03:02:20.453 INF Submitted request. clSeqNr=1454
03:02:20.458 INF Submitted request. clSeqNr=1455
03:02:20.464 INF Submitted request. clSeqNr=1456
03:02:20.469 INF Submitted request. clSeqNr=1457
03:02:20.474 INF Submitted request. clSeqNr=1458
03:02:20.479 INF Submitted request. clSeqNr=1459
03:02:20.484 INF Submitted request. clSeqNr=1460
03:02:20.489 INF Submitted request. clSeqNr=1461
03:02:20.495 INF Submitted request. clSeqNr=1462
03:02:20.499 INF Submitted request. clSeqNr=1463
03:02:20.504 INF Submitted request. clSeqNr=1464
03:02:20.510 INF Submitted request. clSeqNr=1465
03:02:20.514 INF Submitted request. clSeqNr=1466
03:02:20.520 INF Submitted request. clSeqNr=1467
03:02:20.525 INF Submitted request. clSeqNr=1468
03:02:20.530 INF Submitted request. clSeqNr=1469
03:02:20.535 INF Submitted request. clSeqNr=1470
03:02:20.540 INF Submitted request. clSeqNr=1471
03:02:20.545 INF Submitted request. clSeqNr=1472
03:02:20.551 INF Submitted request. clSeqNr=1473
03:02:20.556 INF Submitted request. clSeqNr=1474
03:02:20.561 INF Submitted request. clSeqNr=1475
03:02:20.565 INF Submitted request. clSeqNr=1476
03:02:20.571 INF Submitted request. clSeqNr=1477
03:02:20.576 INF Submitted request. clSeqNr=1478
03:02:20.582 INF Submitted request. clSeqNr=1479
03:02:20.586 INF Submitted request. clSeqNr=1480
03:02:20.591 INF Submitted request. clSeqNr=1481
03:02:20.597 INF Submitted request. clSeqNr=1482
03:02:20.602 INF Submitted request. clSeqNr=1483
03:02:20.607 INF Submitted request. clSeqNr=1484
03:02:20.612 INF Submitted request. clSeqNr=1485
03:02:20.618 INF Submitted request. clSeqNr=1486
03:02:20.623 INF Submitted request. clSeqNr=1487
03:02:20.627 INF Submitted request. clSeqNr=1488
03:02:20.632 INF Submitted request. clSeqNr=1489
03:02:20.638 INF Submitted request. clSeqNr=1490
03:02:20.643 INF Submitted request. clSeqNr=1491
03:02:20.648 INF Submitted request. clSeqNr=1492
03:02:20.653 INF Submitted request. clSeqNr=1493
03:02:20.653 INF Request finished (out of order). clSeqNr=394
03:02:20.653 INF Request finished (out of order). clSeqNr=410
03:02:20.653 INF Request finished (out of order). clSeqNr=426
03:02:20.653 INF Request finished (out of order). clSeqNr=442
03:02:20.653 INF Request finished (out of order). clSeqNr=458
03:02:20.653 INF Request finished (out of order). clSeqNr=474
03:02:20.653 INF Request finished (out of order). clSeqNr=490
03:02:20.653 INF Request finished (out of order). clSeqNr=250
03:02:20.653 INF Request finished (out of order). clSeqNr=266
03:02:20.653 INF Request finished (out of order). clSeqNr=282
03:02:20.653 INF Request finished (out of order). clSeqNr=298
03:02:20.653 INF Request finished (out of order). clSeqNr=314
03:02:20.653 INF Request finished (out of order). clSeqNr=330
03:02:20.653 INF Request finished (out of order). clSeqNr=346
03:02:20.653 INF Request finished (out of order). clSeqNr=362
03:02:20.653 INF Request finished (out of order). clSeqNr=378
03:02:20.658 INF Submitted request. clSeqNr=1494
03:02:20.663 INF Submitted request. clSeqNr=1495
03:02:20.668 INF Submitted request. clSeqNr=1496
03:02:20.673 INF Submitted request. clSeqNr=1497
03:02:20.678 INF Submitted request. clSeqNr=1498
03:02:20.684 INF Submitted request. clSeqNr=1499
03:02:20.689 INF Submitted request. clSeqNr=1500
03:02:20.694 INF Submitted request. clSeqNr=1501
03:02:20.699 INF Submitted request. clSeqNr=1502
03:02:20.705 INF Submitted request. clSeqNr=1503
03:02:20.709 INF Submitted request. clSeqNr=1504
03:02:20.714 INF Submitted request. clSeqNr=1505
03:02:20.720 INF Submitted request. clSeqNr=1506
03:02:20.724 INF Submitted request. clSeqNr=1507
03:02:20.730 INF Submitted request. clSeqNr=1508
03:02:20.736 INF Submitted request. clSeqNr=1509
03:02:20.740 INF Submitted request. clSeqNr=1510
03:02:20.746 INF Submitted request. clSeqNr=1511
03:02:20.750 INF Submitted request. clSeqNr=1512
03:02:20.756 INF Submitted request. clSeqNr=1513
03:02:20.760 INF Submitted request. clSeqNr=1514
03:02:20.765 INF Submitted request. clSeqNr=1515
03:02:20.766 INF Request finished (out of order). clSeqNr=395
03:02:20.766 INF Request finished (out of order). clSeqNr=411
03:02:20.767 INF Request finished (out of order). clSeqNr=427
03:02:20.767 INF Request finished (out of order). clSeqNr=443
03:02:20.767 INF Request finished (out of order). clSeqNr=459
03:02:20.767 INF Request finished (out of order). clSeqNr=475
03:02:20.767 INF Request finished (out of order). clSeqNr=491
03:02:20.767 INF Request finished (out of order). clSeqNr=251
03:02:20.767 INF Request finished (out of order). clSeqNr=267
03:02:20.767 INF Request finished (out of order). clSeqNr=283
03:02:20.767 INF Request finished (out of order). clSeqNr=299
03:02:20.767 INF Request finished (out of order). clSeqNr=315
03:02:20.767 INF Request finished (out of order). clSeqNr=331
03:02:20.767 INF Request finished (out of order). clSeqNr=347
03:02:20.767 INF Request finished (out of order). clSeqNr=363
03:02:20.767 INF Request finished (out of order). clSeqNr=379
03:02:20.767 INF Request finished (out of order). clSeqNr=396
03:02:20.767 INF Request finished (out of order). clSeqNr=412
03:02:20.767 INF Request finished (out of order). clSeqNr=428
03:02:20.767 INF Request finished (out of order). clSeqNr=444
03:02:20.767 INF Request finished (out of order). clSeqNr=460
03:02:20.767 INF Request finished (out of order). clSeqNr=476
03:02:20.767 INF Request finished (out of order). clSeqNr=492
03:02:20.767 INF Request finished (out of order). clSeqNr=252
03:02:20.767 INF Request finished (out of order). clSeqNr=268
03:02:20.768 INF Request finished (out of order). clSeqNr=284
03:02:20.768 INF Request finished (out of order). clSeqNr=300
03:02:20.769 INF Request finished (out of order). clSeqNr=316
03:02:20.770 INF Request finished (out of order). clSeqNr=332
03:02:20.770 INF Request finished (out of order). clSeqNr=348
03:02:20.770 INF Request finished (out of order). clSeqNr=364
03:02:20.770 INF Request finished (out of order). clSeqNr=380
03:02:20.771 INF Submitted request. clSeqNr=1516
03:02:20.772 INF Request finished (out of order). clSeqNr=397
03:02:20.772 INF Request finished (out of order). clSeqNr=413
03:02:20.772 INF Request finished (out of order). clSeqNr=429
03:02:20.772 INF Request finished (out of order). clSeqNr=445
03:02:20.774 INF Request finished (out of order). clSeqNr=461
03:02:20.774 INF Request finished (out of order). clSeqNr=477
03:02:20.774 INF Request finished (out of order). clSeqNr=493
03:02:20.774 INF Request finished (out of order). clSeqNr=253
03:02:20.774 INF Request finished (out of order). clSeqNr=269
03:02:20.775 INF Request finished (out of order). clSeqNr=285
03:02:20.775 INF Request finished (out of order). clSeqNr=301
03:02:20.776 INF Submitted request. clSeqNr=1517
03:02:20.777 INF Request finished (out of order). clSeqNr=317
03:02:20.777 INF Request finished (out of order). clSeqNr=333
03:02:20.777 INF Request finished (out of order). clSeqNr=349
03:02:20.777 INF Request finished (out of order). clSeqNr=365
03:02:20.777 INF Request finished (out of order). clSeqNr=381
03:02:20.777 INF Request finished (out of order). clSeqNr=398
03:02:20.781 INF Submitted request. clSeqNr=1518
03:02:20.786 INF Submitted request. clSeqNr=1519
03:02:20.791 INF Submitted request. clSeqNr=1520
03:02:20.797 INF Submitted request. clSeqNr=1521
03:02:20.798 INF Request finished (out of order). clSeqNr=414
03:02:20.798 INF Request finished (out of order). clSeqNr=430
03:02:20.798 INF Request finished (out of order). clSeqNr=446
03:02:20.798 INF Request finished (out of order). clSeqNr=462
03:02:20.798 INF Request finished (out of order). clSeqNr=222
03:02:20.798 INF Request finished (out of order). clSeqNr=238
03:02:20.798 INF Request finished (out of order). clSeqNr=254
03:02:20.798 INF Request finished (out of order). clSeqNr=270
03:02:20.798 INF Request finished (out of order). clSeqNr=286
03:02:20.798 INF Request finished (out of order). clSeqNr=302
03:02:20.798 INF Request finished (out of order). clSeqNr=318
03:02:20.798 INF Request finished (out of order). clSeqNr=334
03:02:20.798 INF Request finished (out of order). clSeqNr=350
03:02:20.798 INF Request finished (out of order). clSeqNr=366
03:02:20.798 INF Request finished (out of order). clSeqNr=382
03:02:20.798 INF Request finished (out of order). clSeqNr=399
03:02:20.798 INF Request finished (out of order). clSeqNr=415
03:02:20.798 INF Request finished (out of order). clSeqNr=431
03:02:20.798 INF Request finished (out of order). clSeqNr=447
03:02:20.798 INF Request finished (out of order). clSeqNr=463
03:02:20.798 INF Request finished (out of order). clSeqNr=223
03:02:20.798 INF Request finished (out of order). clSeqNr=239
03:02:20.798 INF Request finished (out of order). clSeqNr=255
03:02:20.798 INF Request finished (out of order). clSeqNr=271
03:02:20.798 INF Request finished (out of order). clSeqNr=287
03:02:20.798 INF Request finished (out of order). clSeqNr=303
03:02:20.798 INF Request finished (out of order). clSeqNr=319
03:02:20.798 INF Request finished (out of order). clSeqNr=335
03:02:20.798 INF Request finished (out of order). clSeqNr=351
03:02:20.798 INF Request finished (out of order). clSeqNr=367
03:02:20.798 INF Request finished (out of order). clSeqNr=383
03:02:20.798 INF Request finished (out of order). clSeqNr=400
03:02:20.798 INF Request finished (out of order). clSeqNr=416
03:02:20.798 INF Request finished (out of order). clSeqNr=432
03:02:20.798 INF Request finished (out of order). clSeqNr=448
03:02:20.798 INF Request finished (out of order). clSeqNr=464
03:02:20.798 INF Request finished (out of order). clSeqNr=224
03:02:20.799 INF Request finished (out of order). clSeqNr=240
03:02:20.799 INF Request finished (out of order). clSeqNr=256
03:02:20.799 INF Request finished (out of order). clSeqNr=272
03:02:20.799 INF Request finished (out of order). clSeqNr=288
03:02:20.799 INF Request finished (out of order). clSeqNr=304
03:02:20.799 INF Request finished (out of order). clSeqNr=320
03:02:20.799 INF Request finished (out of order). clSeqNr=336
03:02:20.799 INF Request finished (out of order). clSeqNr=352
03:02:20.799 INF Request finished (out of order). clSeqNr=368
03:02:20.799 INF Request finished (out of order). clSeqNr=384
03:02:20.799 INF Request finished (out of order). clSeqNr=401
03:02:20.799 INF Request finished (out of order). clSeqNr=417
03:02:20.799 INF Request finished (out of order). clSeqNr=433
03:02:20.799 INF Request finished (out of order). clSeqNr=449
03:02:20.799 INF Request finished (out of order). clSeqNr=465
03:02:20.799 INF Request finished (out of order). clSeqNr=225
03:02:20.799 INF Request finished (out of order). clSeqNr=241
03:02:20.799 INF Request finished (out of order). clSeqNr=257
03:02:20.799 INF Request finished (out of order). clSeqNr=273
03:02:20.802 INF Submitted request. clSeqNr=1522
03:02:20.803 INF Request finished (out of order). clSeqNr=289
03:02:20.803 INF Request finished (out of order). clSeqNr=305
03:02:20.803 INF Request finished (out of order). clSeqNr=321
03:02:20.803 INF Request finished (out of order). clSeqNr=337
03:02:20.803 INF Request finished (out of order). clSeqNr=353
03:02:20.803 INF Request finished (out of order). clSeqNr=369
03:02:20.803 INF Request finished (out of order). clSeqNr=385
03:02:20.803 INF Request finished (out of order). clSeqNr=402
03:02:20.803 INF Request finished (out of order). clSeqNr=418
03:02:20.803 INF Request finished (out of order). clSeqNr=434
03:02:20.803 INF Request finished (out of order). clSeqNr=450
03:02:20.803 INF Request finished (out of order). clSeqNr=466
03:02:20.803 INF Request finished (out of order). clSeqNr=226
03:02:20.803 INF Request finished (out of order). clSeqNr=242
03:02:20.803 INF Request finished (out of order). clSeqNr=258
03:02:20.803 INF Request finished (out of order). clSeqNr=274
03:02:20.806 INF Submitted request. clSeqNr=1523
03:02:20.812 INF Submitted request. clSeqNr=1524
03:02:20.817 INF Submitted request. clSeqNr=1525
03:02:20.822 INF Submitted request. clSeqNr=1526
03:02:20.827 INF Submitted request. clSeqNr=1527
03:02:20.832 INF Submitted request. clSeqNr=1528
03:02:20.837 INF Submitted request. clSeqNr=1529
03:02:20.842 INF Submitted request. clSeqNr=1530
03:02:20.848 INF Submitted request. clSeqNr=1531
03:02:20.853 INF Submitted request. clSeqNr=1532
03:02:20.858 INF Submitted request. clSeqNr=1533
03:02:20.860 INF Request finished (out of order). clSeqNr=290
03:02:20.860 INF Request finished (out of order). clSeqNr=306
03:02:20.860 INF Request finished (out of order). clSeqNr=322
03:02:20.860 INF Request finished (out of order). clSeqNr=338
03:02:20.860 INF Request finished (out of order). clSeqNr=354
03:02:20.861 INF Request finished (out of order). clSeqNr=370
03:02:20.861 INF Request finished (out of order). clSeqNr=386
03:02:20.862 INF Request finished (out of order). clSeqNr=403
03:02:20.862 INF Request finished (out of order). clSeqNr=419
03:02:20.862 INF Request finished (out of order). clSeqNr=435
03:02:20.863 INF Submitted request. clSeqNr=1534
03:02:20.863 INF Request finished (out of order). clSeqNr=451
03:02:20.863 INF Request finished (out of order). clSeqNr=467
03:02:20.863 INF Request finished (out of order). clSeqNr=227
03:02:20.864 INF Request finished (out of order). clSeqNr=243
03:02:20.864 INF Request finished (out of order). clSeqNr=259
03:02:20.865 INF Request finished (out of order). clSeqNr=275
03:02:20.865 INF Request finished (out of order). clSeqNr=291
03:02:20.866 INF Request finished (out of order). clSeqNr=307
03:02:20.866 INF Request finished (out of order). clSeqNr=323
03:02:20.866 INF Request finished (out of order). clSeqNr=339
03:02:20.868 INF Request finished (out of order). clSeqNr=355
03:02:20.868 INF Request finished (out of order). clSeqNr=371
03:02:20.868 INF Submitted request. clSeqNr=1535
03:02:20.869 INF Request finished (out of order). clSeqNr=387
03:02:20.869 INF Request finished (out of order). clSeqNr=404
03:02:20.869 INF Request finished (out of order). clSeqNr=420
03:02:20.870 INF Request finished (out of order). clSeqNr=436
03:02:20.870 INF Request finished (out of order). clSeqNr=452
03:02:20.871 INF Request finished (out of order). clSeqNr=468
03:02:20.871 INF Request finished (out of order). clSeqNr=228
03:02:20.871 INF Request finished (out of order). clSeqNr=244
03:02:20.872 INF Request finished (out of order). clSeqNr=260
03:02:20.872 INF Request finished (out of order). clSeqNr=276
03:02:20.873 INF Request finished (out of order). clSeqNr=292
03:02:20.874 INF Submitted request. clSeqNr=1536
03:02:20.874 INF Request finished (out of order). clSeqNr=308
03:02:20.874 INF Request finished (out of order). clSeqNr=324
03:02:20.874 INF Request finished (out of order). clSeqNr=340
03:02:20.875 INF Request finished (out of order). clSeqNr=356
03:02:20.875 INF Request finished (out of order). clSeqNr=372
03:02:20.875 INF Request finished (out of order). clSeqNr=388
03:02:20.876 INF Request finished (out of order). clSeqNr=405
03:02:20.877 INF Request finished (out of order). clSeqNr=421
03:02:20.877 INF Request finished (out of order). clSeqNr=437
03:02:20.877 INF Request finished (out of order). clSeqNr=453
03:02:20.877 INF Request finished (out of order). clSeqNr=469
03:02:20.877 INF Request finished (out of order). clSeqNr=229
03:02:20.878 INF Submitted request. clSeqNr=1537
03:02:20.879 INF Request finished (out of order). clSeqNr=245
03:02:20.879 INF Request finished (out of order). clSeqNr=261
03:02:20.879 INF Request finished (out of order). clSeqNr=277
03:02:20.879 INF Request finished (out of order). clSeqNr=293
03:02:20.881 INF Request finished (out of order). clSeqNr=309
03:02:20.881 INF Request finished (out of order). clSeqNr=325
03:02:20.881 INF Request finished (out of order). clSeqNr=341
03:02:20.881 INF Request finished (out of order). clSeqNr=357
03:02:20.881 INF Request finished (out of order). clSeqNr=373
03:02:20.882 INF Request finished (out of order). clSeqNr=389
03:02:20.884 INF Submitted request. clSeqNr=1538
03:02:20.889 INF Submitted request. clSeqNr=1539
03:02:20.894 INF Submitted request. clSeqNr=1540
03:02:20.899 INF Submitted request. clSeqNr=1541
03:02:20.905 INF Submitted request. clSeqNr=1542
03:02:20.909 INF Submitted request. clSeqNr=1543
03:02:20.914 INF Submitted request. clSeqNr=1544
03:02:20.919 INF Submitted request. clSeqNr=1545
03:02:20.924 INF Submitted request. clSeqNr=1546
03:02:20.930 INF Submitted request. clSeqNr=1547
03:02:20.935 INF Submitted request. clSeqNr=1548
03:02:20.940 INF Submitted request. clSeqNr=1549
03:02:20.946 INF Submitted request. clSeqNr=1550
03:02:20.950 INF Submitted request. clSeqNr=1551
03:02:20.955 INF Submitted request. clSeqNr=1552
03:02:20.961 INF Submitted request. clSeqNr=1553
03:02:20.966 INF Submitted request. clSeqNr=1554
03:02:20.971 INF Submitted request. clSeqNr=1555
03:02:20.976 INF Submitted request. clSeqNr=1556
03:02:20.981 INF Submitted request. clSeqNr=1557
03:02:20.987 INF Submitted request. clSeqNr=1558
03:02:20.991 INF Submitted request. clSeqNr=1559
03:02:20.996 INF Submitted request. clSeqNr=1560
03:02:21.002 INF Submitted request. clSeqNr=1561
03:02:21.006 INF Submitted request. clSeqNr=1562
03:02:21.012 INF Submitted request. clSeqNr=1563
03:02:21.017 INF Submitted request. clSeqNr=1564
03:02:21.022 INF Submitted request. clSeqNr=1565
03:02:21.027 INF Submitted request. clSeqNr=1566
03:02:21.032 INF Submitted request. clSeqNr=1567
03:02:21.038 INF Submitted request. clSeqNr=1568
03:02:21.043 INF Submitted request. clSeqNr=1569
03:02:21.047 INF Submitted request. clSeqNr=1570
03:02:21.053 INF Submitted request. clSeqNr=1571
03:02:21.058 INF Submitted request. clSeqNr=1572
03:02:21.063 INF Submitted request. clSeqNr=1573
03:02:21.068 INF Submitted request. clSeqNr=1574
03:02:21.074 INF Submitted request. clSeqNr=1575
03:02:21.079 INF Submitted request. clSeqNr=1576
03:02:21.084 INF Submitted request. clSeqNr=1577
03:02:21.089 INF Submitted request. clSeqNr=1578
03:02:21.094 INF Submitted request. clSeqNr=1579
03:02:21.099 INF Submitted request. clSeqNr=1580
03:02:21.104 INF Submitted request. clSeqNr=1581
03:02:21.109 INF Submitted request. clSeqNr=1582
03:02:21.114 INF Submitted request. clSeqNr=1583
03:02:21.119 INF Submitted request. clSeqNr=1584
03:02:21.124 INF Submitted request. clSeqNr=1585
03:02:21.130 INF Submitted request. clSeqNr=1586
03:02:21.135 INF Submitted request. clSeqNr=1587
03:02:21.140 INF Submitted request. clSeqNr=1588
03:02:21.145 INF Submitted request. clSeqNr=1589
03:02:21.150 INF Submitted request. clSeqNr=1590
03:02:21.156 INF Submitted request. clSeqNr=1591
03:02:21.160 INF Submitted request. clSeqNr=1592
03:02:21.166 INF Submitted request. clSeqNr=1593
03:02:21.171 INF Submitted request. clSeqNr=1594
03:02:21.176 INF Submitted request. clSeqNr=1595
03:02:21.181 INF Submitted request. clSeqNr=1596
03:02:21.186 INF Submitted request. clSeqNr=1597
03:02:21.192 INF Submitted request. clSeqNr=1598
03:02:21.196 INF Submitted request. clSeqNr=1599
03:02:21.202 INF Submitted request. clSeqNr=1600
03:02:21.207 INF Submitted request. clSeqNr=1601
03:02:21.212 INF Submitted request. clSeqNr=1602
03:02:21.217 INF Submitted request. clSeqNr=1603
03:02:21.222 INF Submitted request. clSeqNr=1604
03:02:21.228 INF Submitted request. clSeqNr=1605
03:02:21.233 INF Submitted request. clSeqNr=1606
03:02:21.238 INF Submitted request. clSeqNr=1607
03:02:21.243 INF Submitted request. clSeqNr=1608
03:02:21.248 INF Submitted request. clSeqNr=1609
03:02:21.253 INF Submitted request. clSeqNr=1610
03:02:21.259 INF Submitted request. clSeqNr=1611
03:02:21.264 INF Submitted request. clSeqNr=1612
03:02:21.268 INF Submitted request. clSeqNr=1613
03:02:21.274 INF Submitted request. clSeqNr=1614
03:02:21.278 INF Submitted request. clSeqNr=1615
03:02:21.284 INF Submitted request. clSeqNr=1616
03:02:21.289 INF Submitted request. clSeqNr=1617
03:02:21.294 INF Submitted request. clSeqNr=1618
03:02:21.299 INF Submitted request. clSeqNr=1619
03:02:21.304 INF Submitted request. clSeqNr=1620
03:02:21.310 INF Submitted request. clSeqNr=1621
03:02:21.314 INF Submitted request. clSeqNr=1622
03:02:21.320 INF Submitted request. clSeqNr=1623
03:02:21.325 INF Submitted request. clSeqNr=1624
03:02:21.330 INF Submitted request. clSeqNr=1625
03:02:21.335 INF Submitted request. clSeqNr=1626
03:02:21.340 INF Submitted request. clSeqNr=1627
03:02:21.346 INF Submitted request. clSeqNr=1628
03:02:21.350 INF Submitted request. clSeqNr=1629
03:02:21.355 INF Submitted request. clSeqNr=1630
03:02:21.360 INF Submitted request. clSeqNr=1631
03:02:21.366 INF Submitted request. clSeqNr=1632
03:02:21.371 INF Submitted request. clSeqNr=1633
03:02:21.376 INF Submitted request. clSeqNr=1634
03:02:21.381 INF Submitted request. clSeqNr=1635
03:02:21.387 INF Submitted request. clSeqNr=1636
03:02:21.392 INF Submitted request. clSeqNr=1637
03:02:21.396 INF Submitted request. clSeqNr=1638
03:02:21.402 INF Submitted request. clSeqNr=1639
03:02:21.406 INF Submitted request. clSeqNr=1640
03:02:21.412 INF Submitted request. clSeqNr=1641
03:02:21.417 INF Submitted request. clSeqNr=1642
03:02:21.422 INF Submitted request. clSeqNr=1643
03:02:21.427 INF Submitted request. clSeqNr=1644
03:02:21.432 INF Submitted request. clSeqNr=1645
03:02:21.437 INF Submitted request. clSeqNr=1646
03:02:21.443 INF Submitted request. clSeqNr=1647
03:02:21.448 INF Submitted request. clSeqNr=1648
03:02:21.453 INF Submitted request. clSeqNr=1649
03:02:21.458 INF Submitted request. clSeqNr=1650
03:02:21.463 INF Submitted request. clSeqNr=1651
03:02:21.469 INF Submitted request. clSeqNr=1652
03:02:21.473 INF Submitted request. clSeqNr=1653
03:02:21.479 INF Submitted request. clSeqNr=1654
03:02:21.484 INF Submitted request. clSeqNr=1655
03:02:21.489 INF Submitted request. clSeqNr=1656
03:02:21.494 INF Submitted request. clSeqNr=1657
03:02:21.499 INF Submitted request. clSeqNr=1658
03:02:21.505 INF Submitted request. clSeqNr=1659
03:02:21.509 INF Submitted request. clSeqNr=1660
03:02:21.514 INF Submitted request. clSeqNr=1661
03:02:21.520 INF Submitted request. clSeqNr=1662
03:02:21.525 INF Submitted request. clSeqNr=1663
03:02:21.530 INF Submitted request. clSeqNr=1664
03:02:21.535 INF Submitted request. clSeqNr=1665
03:02:21.540 INF Submitted request. clSeqNr=1666
03:02:21.545 INF Submitted request. clSeqNr=1667
03:02:21.550 INF Submitted request. clSeqNr=1668
03:02:21.555 INF Submitted request. clSeqNr=1669
03:02:21.561 INF Submitted request. clSeqNr=1670
03:02:21.566 INF Submitted request. clSeqNr=1671
03:02:21.571 INF Submitted request. clSeqNr=1672
03:02:21.576 INF Submitted request. clSeqNr=1673
03:02:21.581 INF Submitted request. clSeqNr=1674
03:02:21.587 INF Submitted request. clSeqNr=1675
03:02:21.591 INF Submitted request. clSeqNr=1676
03:02:21.596 INF Submitted request. clSeqNr=1677
03:02:21.601 INF Submitted request. clSeqNr=1678
03:02:21.607 INF Submitted request. clSeqNr=1679
03:02:21.612 INF Submitted request. clSeqNr=1680
03:02:21.617 INF Submitted request. clSeqNr=1681
03:02:21.623 INF Submitted request. clSeqNr=1682
03:02:21.627 INF Submitted request. clSeqNr=1683
03:02:21.633 INF Submitted request. clSeqNr=1684
03:02:21.637 INF Submitted request. clSeqNr=1685
03:02:21.642 INF Submitted request. clSeqNr=1686
03:02:21.648 INF Submitted request. clSeqNr=1687
03:02:21.653 INF Submitted request. clSeqNr=1688
03:02:21.658 INF Submitted request. clSeqNr=1689
03:02:21.663 INF Submitted request. clSeqNr=1690
03:02:21.669 INF Submitted request. clSeqNr=1691
03:02:21.673 INF Submitted request. clSeqNr=1692
03:02:21.678 INF Submitted request. clSeqNr=1693
03:02:21.683 INF Submitted request. clSeqNr=1694
03:02:21.689 INF Submitted request. clSeqNr=1695
03:02:21.694 INF Submitted request. clSeqNr=1696
03:02:21.699 INF Submitted request. clSeqNr=1697
03:02:21.704 INF Submitted request. clSeqNr=1698
03:02:21.710 INF Submitted request. clSeqNr=1699
03:02:21.714 INF Submitted request. clSeqNr=1700
03:02:21.719 INF Submitted request. clSeqNr=1701
03:02:21.724 INF Submitted request. clSeqNr=1702
03:02:21.730 INF Submitted request. clSeqNr=1703
03:02:21.735 INF Submitted request. clSeqNr=1704
03:02:21.740 INF Submitted request. clSeqNr=1705
03:02:21.745 INF Submitted request. clSeqNr=1706
03:02:21.750 INF Submitted request. clSeqNr=1707
03:02:21.756 INF Submitted request. clSeqNr=1708
03:02:21.761 INF Submitted request. clSeqNr=1709
03:02:21.766 INF Submitted request. clSeqNr=1710
03:02:21.771 INF Submitted request. clSeqNr=1711
03:02:21.776 INF Submitted request. clSeqNr=1712
03:02:21.782 INF Submitted request. clSeqNr=1713
03:02:21.786 INF Submitted request. clSeqNr=1714
03:02:21.792 INF Submitted request. clSeqNr=1715
03:02:21.797 INF Submitted request. clSeqNr=1716
03:02:21.802 INF Submitted request. clSeqNr=1717
03:02:21.807 INF Submitted request. clSeqNr=1718
03:02:21.812 INF Submitted request. clSeqNr=1719
03:02:21.817 INF Submitted request. clSeqNr=1720
03:02:21.822 INF Submitted request. clSeqNr=1721
03:02:21.828 INF Submitted request. clSeqNr=1722
03:02:21.833 INF Submitted request. clSeqNr=1723
03:02:21.837 INF Submitted request. clSeqNr=1724
03:02:21.842 INF Submitted request. clSeqNr=1725
03:02:21.847 INF Submitted request. clSeqNr=1726
03:02:21.853 INF Submitted request. clSeqNr=1727
03:02:21.858 INF Submitted request. clSeqNr=1728
03:02:21.863 INF Submitted request. clSeqNr=1729
03:02:21.869 INF Submitted request. clSeqNr=1730
03:02:21.873 INF Submitted request. clSeqNr=1731
03:02:21.878 INF Submitted request. clSeqNr=1732
03:02:21.884 INF Submitted request. clSeqNr=1733
03:02:21.889 INF Submitted request. clSeqNr=1734
03:02:21.894 INF Submitted request. clSeqNr=1735
03:02:21.899 INF Submitted request. clSeqNr=1736
03:02:21.905 INF Submitted request. clSeqNr=1737
03:02:21.909 INF Submitted request. clSeqNr=1738
03:02:21.914 INF Submitted request. clSeqNr=1739
03:02:21.919 INF Submitted request. clSeqNr=1740
03:02:21.925 INF Submitted request. clSeqNr=1741
03:02:21.930 INF Submitted request. clSeqNr=1742
03:02:21.935 INF Submitted request. clSeqNr=1743
03:02:21.941 INF Submitted request. clSeqNr=1744
03:02:21.946 INF Submitted request. clSeqNr=1745
03:02:21.950 INF Submitted request. clSeqNr=1746
03:02:21.956 INF Submitted request. clSeqNr=1747
03:02:21.960 INF Submitted request. clSeqNr=1748
03:02:21.965 INF Submitted request. clSeqNr=1749
03:02:21.971 INF Submitted request. clSeqNr=1750
03:02:21.976 INF Submitted request. clSeqNr=1751
03:02:21.981 INF Submitted request. clSeqNr=1752
03:02:21.986 INF Submitted request. clSeqNr=1753
03:02:21.992 INF Submitted request. clSeqNr=1754
03:02:21.996 INF Submitted request. clSeqNr=1755
03:02:22.002 INF Submitted request. clSeqNr=1756
03:02:22.007 INF Submitted request. clSeqNr=1757
03:02:22.012 INF Submitted request. clSeqNr=1758
03:02:22.017 INF Submitted request. clSeqNr=1759
03:02:22.023 INF Submitted request. clSeqNr=1760
03:02:22.027 INF Submitted request. clSeqNr=1761
03:02:22.032 INF Submitted request. clSeqNr=1762
03:02:22.037 INF Submitted request. clSeqNr=1763
03:02:22.043 INF Submitted request. clSeqNr=1764
03:02:22.047 INF Submitted request. clSeqNr=1765
03:02:22.053 INF Submitted request. clSeqNr=1766
03:02:22.058 INF Submitted request. clSeqNr=1767
03:02:22.063 INF Submitted request. clSeqNr=1768
03:02:22.068 INF Submitted request. clSeqNr=1769
03:02:22.074 INF Submitted request. clSeqNr=1770
03:02:22.078 INF Submitted request. clSeqNr=1771
03:02:22.084 INF Submitted request. clSeqNr=1772
03:02:22.089 INF Submitted request. clSeqNr=1773
03:02:22.094 INF Submitted request. clSeqNr=1774
03:02:22.100 INF Submitted request. clSeqNr=1775
03:02:22.104 INF Submitted request. clSeqNr=1776
03:02:22.109 INF Submitted request. clSeqNr=1777
03:02:22.115 INF Submitted request. clSeqNr=1778
03:02:22.119 INF Submitted request. clSeqNr=1779
03:02:22.124 INF Submitted request. clSeqNr=1780
03:02:22.130 INF Submitted request. clSeqNr=1781
03:02:22.135 INF Submitted request. clSeqNr=1782
03:02:22.140 INF Submitted request. clSeqNr=1783
03:02:22.145 INF Submitted request. clSeqNr=1784
03:02:22.150 INF Submitted request. clSeqNr=1785
03:02:22.156 INF Submitted request. clSeqNr=1786
03:02:22.160 INF Submitted request. clSeqNr=1787
03:02:22.166 INF Submitted request. clSeqNr=1788
03:02:22.171 INF Submitted request. clSeqNr=1789
03:02:22.176 INF Submitted request. clSeqNr=1790
03:02:22.182 INF Submitted request. clSeqNr=1791
03:02:22.186 INF Submitted request. clSeqNr=1792
03:02:22.192 INF Submitted request. clSeqNr=1793
03:02:22.197 INF Submitted request. clSeqNr=1794
03:02:22.202 INF Submitted request. clSeqNr=1795
03:02:22.207 INF Submitted request. clSeqNr=1796
03:02:22.212 INF Submitted request. clSeqNr=1797
03:02:22.218 INF Submitted request. clSeqNr=1798
03:02:22.222 INF Submitted request. clSeqNr=1799
03:02:22.228 INF Submitted request. clSeqNr=1800
03:02:22.232 INF Submitted request. clSeqNr=1801
03:02:22.238 INF Submitted request. clSeqNr=1802
03:02:22.243 INF Submitted request. clSeqNr=1803
03:02:22.247 INF Submitted request. clSeqNr=1804
03:02:22.253 INF Submitted request. clSeqNr=1805
03:02:22.258 INF Submitted request. clSeqNr=1806
03:02:22.264 INF Submitted request. clSeqNr=1807
03:02:22.268 INF Submitted request. clSeqNr=1808
03:02:22.273 INF Submitted request. clSeqNr=1809
03:02:22.279 INF Submitted request. clSeqNr=1810
03:02:22.284 INF Submitted request. clSeqNr=1811
03:02:22.289 INF Submitted request. clSeqNr=1812
03:02:22.294 INF Submitted request. clSeqNr=1813
03:02:22.299 INF Submitted request. clSeqNr=1814
03:02:22.305 INF Submitted request. clSeqNr=1815
03:02:22.309 INF Submitted request. clSeqNr=1816
03:02:22.314 INF Submitted request. clSeqNr=1817
03:02:22.320 INF Submitted request. clSeqNr=1818
03:02:22.324 INF Submitted request. clSeqNr=1819
03:02:22.330 INF Submitted request. clSeqNr=1820
03:02:22.335 INF Submitted request. clSeqNr=1821
03:02:22.340 INF Submitted request. clSeqNr=1822
03:02:22.345 INF Submitted request. clSeqNr=1823
03:02:22.350 INF Submitted request. clSeqNr=1824
03:02:22.355 INF Submitted request. clSeqNr=1825
03:02:22.361 INF Submitted request. clSeqNr=1826
03:02:22.366 INF Submitted request. clSeqNr=1827
03:02:22.371 INF Submitted request. clSeqNr=1828
03:02:22.376 INF Submitted request. clSeqNr=1829
03:02:22.382 INF Submitted request. clSeqNr=1830
03:02:22.386 INF Submitted request. clSeqNr=1831
03:02:22.392 INF Submitted request. clSeqNr=1832
03:02:22.396 INF Submitted request. clSeqNr=1833
03:02:22.402 INF Submitted request. clSeqNr=1834
03:02:22.407 INF Submitted request. clSeqNr=1835
03:02:22.412 INF Submitted request. clSeqNr=1836
03:02:22.417 INF Submitted request. clSeqNr=1837
03:02:22.422 INF Submitted request. clSeqNr=1838
03:02:22.428 INF Submitted request. clSeqNr=1839
03:02:22.432 INF Submitted request. clSeqNr=1840
03:02:22.437 INF Submitted request. clSeqNr=1841
03:02:22.443 INF Submitted request. clSeqNr=1842
03:02:22.448 INF Submitted request. clSeqNr=1843
03:02:22.453 INF Submitted request. clSeqNr=1844
03:02:22.458 INF Submitted request. clSeqNr=1845
03:02:22.463 INF Submitted request. clSeqNr=1846
03:02:22.468 INF Submitted request. clSeqNr=1847
03:02:22.474 INF Submitted request. clSeqNr=1848
03:02:22.479 INF Submitted request. clSeqNr=1849
03:02:22.484 INF Submitted request. clSeqNr=1850
03:02:22.489 INF Submitted request. clSeqNr=1851
03:02:22.494 INF Submitted request. clSeqNr=1852
03:02:22.499 INF Submitted request. clSeqNr=1853
03:02:22.504 INF Submitted request. clSeqNr=1854
03:02:22.509 INF Submitted request. clSeqNr=1855
03:02:22.514 INF Submitted request. clSeqNr=1856
03:02:22.520 INF Submitted request. clSeqNr=1857
03:02:22.525 INF Submitted request. clSeqNr=1858
03:02:22.530 INF Submitted request. clSeqNr=1859
03:02:22.535 INF Submitted request. clSeqNr=1860
03:02:22.540 INF Submitted request. clSeqNr=1861
03:02:22.545 INF Submitted request. clSeqNr=1862
03:02:22.551 INF Submitted request. clSeqNr=1863
03:02:22.555 INF Submitted request. clSeqNr=1864
03:02:22.561 INF Submitted request. clSeqNr=1865
03:02:22.565 INF Submitted request. clSeqNr=1866
03:02:22.571 INF Submitted request. clSeqNr=1867
03:02:22.576 INF Submitted request. clSeqNr=1868
03:02:22.581 INF Submitted request. clSeqNr=1869
03:02:22.586 INF Submitted request. clSeqNr=1870
03:02:22.591 INF Submitted request. clSeqNr=1871
03:02:22.596 INF Submitted request. clSeqNr=1872
03:02:22.601 INF Submitted request. clSeqNr=1873
03:02:22.607 INF Submitted request. clSeqNr=1874
03:02:22.612 INF Submitted request. clSeqNr=1875
03:02:22.617 INF Submitted request. clSeqNr=1876
03:02:22.622 INF Submitted request. clSeqNr=1877
03:02:22.628 INF Submitted request. clSeqNr=1878
03:02:22.633 INF Submitted request. clSeqNr=1879
03:02:22.638 INF Submitted request. clSeqNr=1880
03:02:22.642 INF Submitted request. clSeqNr=1881
03:02:22.648 INF Submitted request. clSeqNr=1882
03:02:22.653 INF Submitted request. clSeqNr=1883
03:02:22.659 INF Submitted request. clSeqNr=1884
03:02:22.663 INF Submitted request. clSeqNr=1885
03:02:22.668 INF Submitted request. clSeqNr=1886
03:02:22.673 INF Submitted request. clSeqNr=1887
03:02:22.678 INF Submitted request. clSeqNr=1888
03:02:22.684 INF Submitted request. clSeqNr=1889
03:02:22.688 INF Submitted request. clSeqNr=1890
03:02:22.694 INF Submitted request. clSeqNr=1891
03:02:22.699 INF Submitted request. clSeqNr=1892
03:02:22.704 INF Submitted request. clSeqNr=1893
03:02:22.709 INF Submitted request. clSeqNr=1894
03:02:22.715 INF Submitted request. clSeqNr=1895
03:02:22.719 INF Submitted request. clSeqNr=1896
03:02:22.725 INF Submitted request. clSeqNr=1897
03:02:22.730 INF Submitted request. clSeqNr=1898
03:02:22.735 INF Submitted request. clSeqNr=1899
03:02:22.740 INF Submitted request. clSeqNr=1900
03:02:22.746 INF Submitted request. clSeqNr=1901
03:02:22.751 INF Submitted request. clSeqNr=1902
03:02:22.756 INF Submitted request. clSeqNr=1903
03:02:22.760 INF Submitted request. clSeqNr=1904
03:02:22.766 INF Submitted request. clSeqNr=1905
03:02:22.771 INF Submitted request. clSeqNr=1906
03:02:22.777 INF Submitted request. clSeqNr=1907
03:02:22.781 INF Submitted request. clSeqNr=1908
03:02:22.787 INF Submitted request. clSeqNr=1909
03:02:22.792 INF Submitted request. clSeqNr=1910
03:02:22.797 INF Submitted request. clSeqNr=1911
03:02:22.802 INF Submitted request. clSeqNr=1912
03:02:22.806 INF Submitted request. clSeqNr=1913
03:02:22.812 INF Submitted request. clSeqNr=1914
03:02:22.817 INF Submitted request. clSeqNr=1915
03:02:22.822 INF Submitted request. clSeqNr=1916
03:02:22.827 INF Submitted request. clSeqNr=1917
03:02:22.832 INF Submitted request. clSeqNr=1918
03:02:22.838 INF Submitted request. clSeqNr=1919
03:02:22.843 INF Submitted request. clSeqNr=1920
03:02:22.848 INF Submitted request. clSeqNr=1921
03:02:22.853 INF Submitted request. clSeqNr=1922
03:02:22.858 INF Submitted request. clSeqNr=1923
03:02:22.863 INF Submitted request. clSeqNr=1924
03:02:22.868 INF Submitted request. clSeqNr=1925
03:02:22.874 INF Submitted request. clSeqNr=1926
03:02:22.879 INF Submitted request. clSeqNr=1927
03:02:22.884 INF Submitted request. clSeqNr=1928
03:02:22.889 INF Submitted request. clSeqNr=1929
03:02:22.894 INF Submitted request. clSeqNr=1930
03:02:22.899 INF Submitted request. clSeqNr=1931
03:02:22.905 INF Submitted request. clSeqNr=1932
03:02:22.909 INF Submitted request. clSeqNr=1933
03:02:22.915 INF Submitted request. clSeqNr=1934
03:02:22.920 INF Submitted request. clSeqNr=1935
03:02:22.925 INF Submitted request. clSeqNr=1936
03:02:22.930 INF Submitted request. clSeqNr=1937
03:02:22.935 INF Submitted request. clSeqNr=1938
03:02:22.940 INF Submitted request. clSeqNr=1939
03:02:22.946 INF Submitted request. clSeqNr=1940
03:02:22.950 INF Submitted request. clSeqNr=1941
03:02:22.955 INF Submitted request. clSeqNr=1942
03:02:22.961 INF Submitted request. clSeqNr=1943
03:02:22.966 INF Submitted request. clSeqNr=1944
03:02:22.971 INF Submitted request. clSeqNr=1945
03:02:22.976 INF Submitted request. clSeqNr=1946
03:02:22.981 INF Submitted request. clSeqNr=1947
03:02:22.986 INF Submitted request. clSeqNr=1948
03:02:22.992 INF Submitted request. clSeqNr=1949
03:02:22.996 INF Submitted request. clSeqNr=1950
03:02:23.002 INF Submitted request. clSeqNr=1951
03:02:23.006 INF Submitted request. clSeqNr=1952
03:02:23.012 INF Submitted request. clSeqNr=1953
03:02:23.017 INF Submitted request. clSeqNr=1954
03:02:23.022 INF Submitted request. clSeqNr=1955
03:02:23.027 INF Submitted request. clSeqNr=1956
03:02:23.032 INF Submitted request. clSeqNr=1957
03:02:23.038 INF Submitted request. clSeqNr=1958
03:02:23.043 INF Submitted request. clSeqNr=1959
03:02:23.048 INF Submitted request. clSeqNr=1960
03:02:23.053 INF Submitted request. clSeqNr=1961
03:02:23.058 INF Submitted request. clSeqNr=1962
03:02:23.063 INF Submitted request. clSeqNr=1963
03:02:23.069 INF Submitted request. clSeqNr=1964
03:02:23.073 INF Submitted request. clSeqNr=1965
03:02:23.079 INF Submitted request. clSeqNr=1966
03:02:23.083 INF Submitted request. clSeqNr=1967
03:02:23.088 INF Submitted request. clSeqNr=1968
03:02:23.094 INF Submitted request. clSeqNr=1969
03:02:23.099 INF Submitted request. clSeqNr=1970
03:02:23.104 INF Submitted request. clSeqNr=1971
03:02:23.110 INF Submitted request. clSeqNr=1972
03:02:23.114 INF Submitted request. clSeqNr=1973
03:02:23.119 INF Submitted request. clSeqNr=1974
03:02:23.124 INF Submitted request. clSeqNr=1975
03:02:23.130 INF Submitted request. clSeqNr=1976
03:02:23.135 INF Submitted request. clSeqNr=1977
03:02:23.140 INF Submitted request. clSeqNr=1978
03:02:23.145 INF Submitted request. clSeqNr=1979
03:02:23.150 INF Submitted request. clSeqNr=1980
03:02:23.156 INF Submitted request. clSeqNr=1981
03:02:23.160 INF Submitted request. clSeqNr=1982
03:02:23.166 INF Submitted request. clSeqNr=1983
03:02:23.171 INF Submitted request. clSeqNr=1984
03:02:23.177 INF Submitted request. clSeqNr=1985
03:02:23.181 INF Submitted request. clSeqNr=1986
03:02:23.187 INF Submitted request. clSeqNr=1987
03:02:23.191 INF Submitted request. clSeqNr=1988
03:02:23.197 INF Submitted request. clSeqNr=1989
03:02:23.201 INF Submitted request. clSeqNr=1990
03:02:23.207 INF Submitted request. clSeqNr=1991
03:02:23.212 INF Submitted request. clSeqNr=1992
03:02:23.217 INF Submitted request. clSeqNr=1993
03:02:23.222 INF Submitted request. clSeqNr=1994
03:02:23.227 INF Submitted request. clSeqNr=1995
03:02:23.233 INF Submitted request. clSeqNr=1996
03:02:23.237 INF Submitted request. clSeqNr=1997
03:02:23.243 INF Submitted request. clSeqNr=1998
03:02:23.248 INF Submitted request. clSeqNr=1999
03:02:23.253 INF Submitted request. clSeqNr=2000
03:02:23.258 INF Submitted request. clSeqNr=2001
03:02:23.263 INF Submitted request. clSeqNr=2002
03:02:23.268 INF Submitted request. clSeqNr=2003
03:02:23.274 INF Submitted request. clSeqNr=2004
03:02:23.279 INF Submitted request. clSeqNr=2005
03:02:23.284 INF Submitted request. clSeqNr=2006
03:02:23.288 INF Submitted request. clSeqNr=2007
03:02:23.294 INF Submitted request. clSeqNr=2008
03:02:23.299 INF Submitted request. clSeqNr=2009
03:02:23.304 INF Submitted request. clSeqNr=2010
03:02:23.309 INF Submitted request. clSeqNr=2011
03:02:23.315 INF Submitted request. clSeqNr=2012
03:02:23.320 INF Submitted request. clSeqNr=2013
03:02:23.325 INF Submitted request. clSeqNr=2014
03:02:23.330 INF Submitted request. clSeqNr=2015
03:02:23.335 INF Submitted request. clSeqNr=2016
03:02:23.340 INF Submitted request. clSeqNr=2017
03:02:23.346 INF Submitted request. clSeqNr=2018
03:02:23.350 INF Submitted request. clSeqNr=2019
03:02:23.356 INF Submitted request. clSeqNr=2020
03:02:23.360 INF Submitted request. clSeqNr=2021
03:02:23.366 INF Submitted request. clSeqNr=2022
03:02:23.371 INF Submitted request. clSeqNr=2023
03:02:23.376 INF Submitted request. clSeqNr=2024
03:02:23.381 INF Submitted request. clSeqNr=2025
03:02:23.387 INF Submitted request. clSeqNr=2026
03:02:23.391 INF Submitted request. clSeqNr=2027
03:02:23.397 INF Submitted request. clSeqNr=2028
03:02:23.401 INF Submitted request. clSeqNr=2029
03:02:23.407 INF Submitted request. clSeqNr=2030
03:02:23.412 INF Submitted request. clSeqNr=2031
03:02:23.417 INF Submitted request. clSeqNr=2032
03:02:23.422 INF Submitted request. clSeqNr=2033
03:02:23.428 INF Submitted request. clSeqNr=2034
03:02:23.432 INF Submitted request. clSeqNr=2035
03:02:23.438 INF Submitted request. clSeqNr=2036
03:02:23.443 INF Submitted request. clSeqNr=2037
03:02:23.448 INF Submitted request. clSeqNr=2038
03:02:23.452 INF Submitted request. clSeqNr=2039
03:02:23.458 INF Submitted request. clSeqNr=2040
03:02:23.463 INF Submitted request. clSeqNr=2041
03:02:23.468 INF Submitted request. clSeqNr=2042
03:02:23.474 INF Submitted request. clSeqNr=2043
03:02:23.478 INF Submitted request. clSeqNr=2044
03:02:23.483 INF Submitted request. clSeqNr=2045
03:02:23.489 INF Submitted request. clSeqNr=2046
03:02:23.494 INF Submitted request. clSeqNr=2047
03:02:23.499 INF Submitted request. clSeqNr=2048
03:02:23.504 INF Submitted request. clSeqNr=2049
03:02:23.509 INF Submitted request. clSeqNr=2050
03:02:23.514 INF Submitted request. clSeqNr=2051
03:02:23.520 INF Submitted request. clSeqNr=2052
03:02:23.524 INF Submitted request. clSeqNr=2053
03:02:23.530 INF Submitted request. clSeqNr=2054
03:02:23.535 INF Submitted request. clSeqNr=2055
03:02:23.540 INF Submitted request. clSeqNr=2056
03:02:23.545 INF Submitted request. clSeqNr=2057
03:02:23.551 INF Submitted request. clSeqNr=2058
03:02:23.555 INF Submitted request. clSeqNr=2059
03:02:23.560 INF Submitted request. clSeqNr=2060
03:02:23.566 INF Submitted request. clSeqNr=2061
03:02:23.571 INF Submitted request. clSeqNr=2062
03:02:23.576 INF Submitted request. clSeqNr=2063
03:02:23.581 INF Submitted request. clSeqNr=2064
03:02:23.586 INF Submitted request. clSeqNr=2065
03:02:23.591 INF Submitted request. clSeqNr=2066
03:02:23.596 INF Submitted request. clSeqNr=2067
03:02:23.601 INF Submitted request. clSeqNr=2068
03:02:23.607 INF Submitted request. clSeqNr=2069
03:02:23.612 INF Submitted request. clSeqNr=2070
03:02:23.617 INF Submitted request. clSeqNr=2071
03:02:23.622 INF Submitted request. clSeqNr=2072
03:02:23.627 INF Submitted request. clSeqNr=2073
03:02:23.632 INF Submitted request. clSeqNr=2074
03:02:23.637 INF Submitted request. clSeqNr=2075
03:02:23.642 INF Submitted request. clSeqNr=2076
03:02:23.647 INF Submitted request. clSeqNr=2077
03:02:23.653 INF Submitted request. clSeqNr=2078
03:02:23.659 INF Submitted request. clSeqNr=2079
03:02:23.663 INF Submitted request. clSeqNr=2080
03:02:23.668 INF Submitted request. clSeqNr=2081
03:02:23.673 INF Submitted request. clSeqNr=2082
03:02:23.679 INF Submitted request. clSeqNr=2083
03:02:23.684 INF Submitted request. clSeqNr=2084
03:02:23.689 INF Submitted request. clSeqNr=2085
03:02:23.694 INF Submitted request. clSeqNr=2086
03:02:23.699 INF Submitted request. clSeqNr=2087
03:02:23.704 INF Submitted request. clSeqNr=2088
03:02:23.710 INF Submitted request. clSeqNr=2089
03:02:23.714 INF Submitted request. clSeqNr=2090
03:02:23.720 INF Submitted request. clSeqNr=2091
03:02:23.724 INF Submitted request. clSeqNr=2092
03:02:23.729 INF Submitted request. clSeqNr=2093
03:02:23.735 INF Submitted request. clSeqNr=2094
03:02:23.740 INF Submitted request. clSeqNr=2095
03:02:23.745 INF Submitted request. clSeqNr=2096
03:02:23.751 INF Submitted request. clSeqNr=2097
03:02:23.756 INF Submitted request. clSeqNr=2098
03:02:23.760 INF Submitted request. clSeqNr=2099
03:02:23.765 INF Submitted request. clSeqNr=2100
03:02:23.771 INF Submitted request. clSeqNr=2101
03:02:23.777 INF Submitted request. clSeqNr=2102
03:02:23.782 INF Submitted request. clSeqNr=2103
03:02:23.786 INF Submitted request. clSeqNr=2104
03:02:23.791 INF Submitted request. clSeqNr=2105
03:02:23.796 INF Submitted request. clSeqNr=2106
03:02:23.802 INF Submitted request. clSeqNr=2107
03:02:23.807 INF Submitted request. clSeqNr=2108
03:02:23.812 INF Submitted request. clSeqNr=2109
03:02:23.817 INF Submitted request. clSeqNr=2110
03:02:23.822 INF Submitted request. clSeqNr=2111
03:02:23.828 INF Submitted request. clSeqNr=2112
03:02:23.833 INF Submitted request. clSeqNr=2113
03:02:23.837 INF Submitted request. clSeqNr=2114
03:02:23.842 INF Submitted request. clSeqNr=2115
03:02:23.848 INF Submitted request. clSeqNr=2116
03:02:23.853 INF Submitted request. clSeqNr=2117
03:02:23.858 INF Submitted request. clSeqNr=2118
03:02:23.863 INF Submitted request. clSeqNr=2119
03:02:23.868 INF Submitted request. clSeqNr=2120
03:02:23.873 INF Submitted request. clSeqNr=2121
03:02:23.878 INF Submitted request. clSeqNr=2122
03:02:23.883 INF Submitted request. clSeqNr=2123
03:02:23.888 INF Submitted request. clSeqNr=2124
03:02:23.891 INF Request finished (out of order). clSeqNr=647
03:02:23.891 INF Request finished (out of order). clSeqNr=663
03:02:23.891 INF Request finished (out of order). clSeqNr=679
03:02:23.891 INF Request finished (out of order). clSeqNr=695
03:02:23.891 INF Request finished (out of order). clSeqNr=711
03:02:23.891 INF Request finished (out of order). clSeqNr=727
03:02:23.891 INF Request finished (out of order). clSeqNr=487
03:02:23.891 INF Request finished (out of order). clSeqNr=503
03:02:23.891 INF Request finished (out of order). clSeqNr=519
03:02:23.891 INF Request finished (out of order). clSeqNr=535
03:02:23.892 INF Request finished (out of order). clSeqNr=551
03:02:23.892 INF Request finished (out of order). clSeqNr=567
03:02:23.892 INF Request finished (out of order). clSeqNr=583
03:02:23.892 INF Request finished (out of order). clSeqNr=599
03:02:23.892 INF Request finished (out of order). clSeqNr=615
03:02:23.892 INF Request finished (out of order). clSeqNr=631
03:02:23.892 INF Request finished (out of order). clSeqNr=648
03:02:23.892 INF Request finished (out of order). clSeqNr=664
03:02:23.892 INF Request finished (out of order). clSeqNr=680
03:02:23.892 INF Request finished (out of order). clSeqNr=696
03:02:23.893 INF Submitted request. clSeqNr=2125
03:02:23.899 INF Submitted request. clSeqNr=2126
03:02:23.904 INF Submitted request. clSeqNr=2127
03:02:23.904 INF Request finished (out of order). clSeqNr=712
03:02:23.904 INF Request finished (out of order). clSeqNr=728
03:02:23.904 INF Request finished (out of order). clSeqNr=488
03:02:23.904 INF Request finished (out of order). clSeqNr=504
03:02:23.904 INF Request finished (out of order). clSeqNr=520
03:02:23.904 INF Request finished (out of order). clSeqNr=536
03:02:23.904 INF Request finished (out of order). clSeqNr=552
03:02:23.904 INF Request finished (out of order). clSeqNr=568
03:02:23.909 INF Submitted request. clSeqNr=2128
03:02:23.914 INF Request finished (out of order). clSeqNr=584
03:02:23.914 INF Request finished (out of order). clSeqNr=600
03:02:23.914 INF Request finished (out of order). clSeqNr=616
03:02:23.914 INF Request finished (out of order). clSeqNr=632
03:02:23.914 INF Request finished (out of order). clSeqNr=649
03:02:23.914 INF Request finished (out of order). clSeqNr=665
03:02:23.914 INF Request finished (out of order). clSeqNr=681
03:02:23.914 INF Request finished (out of order). clSeqNr=697
03:02:23.914 INF Request finished (out of order). clSeqNr=713
03:02:23.914 INF Request finished (out of order). clSeqNr=729
03:02:23.914 INF Request finished (out of order). clSeqNr=489
03:02:23.914 INF Request finished (out of order). clSeqNr=505
03:02:23.914 INF Request finished (out of order). clSeqNr=521
03:02:23.914 INF Request finished (out of order). clSeqNr=537
03:02:23.914 INF Request finished (out of order). clSeqNr=553
03:02:23.914 INF Request finished (out of order). clSeqNr=569
03:02:23.914 INF Request finished (out of order). clSeqNr=585
03:02:23.914 INF Request finished (out of order). clSeqNr=601
03:02:23.914 INF Request finished (out of order). clSeqNr=617
03:02:23.914 INF Request finished (out of order). clSeqNr=633
03:02:23.914 INF Request finished (out of order). clSeqNr=654
03:02:23.914 INF Request finished (out of order). clSeqNr=670
03:02:23.914 INF Request finished (out of order). clSeqNr=686
03:02:23.914 INF Request finished (out of order). clSeqNr=702
03:02:23.914 INF Submitted request. clSeqNr=2129
03:02:23.914 INF Request finished (out of order). clSeqNr=718
03:02:23.914 INF Request finished (out of order). clSeqNr=478
03:02:23.914 INF Request finished (out of order). clSeqNr=494
03:02:23.914 INF Request finished (out of order). clSeqNr=510
03:02:23.914 INF Request finished (out of order). clSeqNr=526
03:02:23.914 INF Request finished (out of order). clSeqNr=542
03:02:23.914 INF Request finished (out of order). clSeqNr=558
03:02:23.914 INF Request finished (out of order). clSeqNr=574
03:02:23.915 INF Request finished (out of order). clSeqNr=590
03:02:23.915 INF Request finished (out of order). clSeqNr=606
03:02:23.915 INF Request finished (out of order). clSeqNr=622
03:02:23.915 INF Request finished (out of order). clSeqNr=638
03:02:23.917 INF Request finished (out of order). clSeqNr=655
03:02:23.917 INF Request finished (out of order). clSeqNr=671
03:02:23.917 INF Request finished (out of order). clSeqNr=687
03:02:23.919 INF Submitted request. clSeqNr=2130
03:02:23.924 INF Submitted request. clSeqNr=2131
03:02:23.925 INF Request finished (out of order). clSeqNr=703
03:02:23.925 INF Request finished (out of order). clSeqNr=719
03:02:23.925 INF Request finished (out of order). clSeqNr=479
03:02:23.929 INF Submitted request. clSeqNr=2132
03:02:23.931 INF Request finished (out of order). clSeqNr=495
03:02:23.931 INF Request finished (out of order). clSeqNr=511
03:02:23.931 INF Request finished (out of order). clSeqNr=527
03:02:23.931 INF Request finished (out of order). clSeqNr=543
03:02:23.931 INF Request finished (out of order). clSeqNr=559
03:02:23.931 INF Request finished (out of order). clSeqNr=575
03:02:23.931 INF Request finished (out of order). clSeqNr=591
03:02:23.931 INF Request finished (out of order). clSeqNr=607
03:02:23.931 INF Request finished (out of order). clSeqNr=623
03:02:23.931 INF Request finished (out of order). clSeqNr=639
03:02:23.931 INF Request finished (out of order). clSeqNr=656
03:02:23.931 INF Request finished (out of order). clSeqNr=672
03:02:23.932 INF Request finished (out of order). clSeqNr=688
03:02:23.932 INF Request finished (out of order). clSeqNr=704
03:02:23.932 INF Request finished (out of order). clSeqNr=720
03:02:23.932 INF Request finished (out of order). clSeqNr=480
03:02:23.932 INF Request finished (out of order). clSeqNr=496
03:02:23.932 INF Request finished (out of order). clSeqNr=512
03:02:23.932 INF Request finished (out of order). clSeqNr=528
03:02:23.932 INF Request finished (out of order). clSeqNr=544
03:02:23.932 INF Request finished (out of order). clSeqNr=560
03:02:23.932 INF Request finished (out of order). clSeqNr=576
03:02:23.932 INF Request finished (out of order). clSeqNr=592
03:02:23.934 INF Request finished (out of order). clSeqNr=608
03:02:23.934 INF Request finished (out of order). clSeqNr=624
03:02:23.934 INF Request finished (out of order). clSeqNr=640
03:02:23.935 INF Submitted request. clSeqNr=2133
03:02:23.935 INF Request finished (out of order). clSeqNr=657
03:02:23.935 INF Request finished (out of order). clSeqNr=673
03:02:23.935 INF Request finished (out of order). clSeqNr=689
03:02:23.935 INF Request finished (out of order). clSeqNr=705
03:02:23.936 INF Request finished (out of order). clSeqNr=721
03:02:23.936 INF Request finished (out of order). clSeqNr=481
03:02:23.936 INF Request finished (out of order). clSeqNr=497
03:02:23.937 INF Request finished (out of order). clSeqNr=513
03:02:23.937 INF Request finished (out of order). clSeqNr=529
03:02:23.940 INF Submitted request. clSeqNr=2134
03:02:23.945 INF Submitted request. clSeqNr=2135
03:02:23.950 INF Submitted request. clSeqNr=2136
03:02:23.955 INF Submitted request. clSeqNr=2137
03:02:23.961 INF Submitted request. clSeqNr=2138
03:02:23.964 INF Request finished (out of order). clSeqNr=545
03:02:23.964 INF Request finished (out of order). clSeqNr=561
03:02:23.964 INF Request finished (out of order). clSeqNr=577
03:02:23.964 INF Request finished (out of order). clSeqNr=593
03:02:23.964 INF Request finished (out of order). clSeqNr=609
03:02:23.964 INF Request finished (out of order). clSeqNr=625
03:02:23.964 INF Request finished (out of order). clSeqNr=641
03:02:23.964 INF Request finished (out of order). clSeqNr=659
03:02:23.964 INF Request finished (out of order). clSeqNr=675
03:02:23.964 INF Request finished (out of order). clSeqNr=691
03:02:23.964 INF Request finished (out of order). clSeqNr=707
03:02:23.964 INF Request finished (out of order). clSeqNr=723
03:02:23.964 INF Request finished (out of order). clSeqNr=483
03:02:23.964 INF Request finished (out of order). clSeqNr=499
03:02:23.964 INF Request finished (out of order). clSeqNr=515
03:02:23.965 INF Request finished (out of order). clSeqNr=531
03:02:23.965 INF Request finished (out of order). clSeqNr=547
03:02:23.965 INF Request finished (out of order). clSeqNr=563
03:02:23.965 INF Request finished (out of order). clSeqNr=579
03:02:23.965 INF Request finished (out of order). clSeqNr=595
03:02:23.965 INF Request finished (out of order). clSeqNr=611
03:02:23.965 INF Request finished (out of order). clSeqNr=627
03:02:23.965 INF Request finished (out of order). clSeqNr=643
03:02:23.965 INF Request finished (out of order). clSeqNr=903
03:02:23.965 INF Request finished (out of order). clSeqNr=919
03:02:23.965 INF Request finished (out of order). clSeqNr=935
03:02:23.965 INF Request finished (out of order). clSeqNr=951
03:02:23.965 INF Request finished (out of order). clSeqNr=967
03:02:23.965 INF Submitted request. clSeqNr=2139
03:02:23.965 INF Request finished (out of order). clSeqNr=983
03:02:23.965 INF Request finished (out of order). clSeqNr=743
03:02:23.965 INF Request finished (out of order). clSeqNr=759
03:02:23.965 INF Request finished (out of order). clSeqNr=775
03:02:23.970 INF Submitted request. clSeqNr=2140
03:02:23.972 INF Request finished (out of order). clSeqNr=791
03:02:23.972 INF Request finished (out of order). clSeqNr=807
03:02:23.972 INF Request finished (out of order). clSeqNr=823
03:02:23.972 INF Request finished (out of order). clSeqNr=839
03:02:23.972 INF Request finished (out of order). clSeqNr=855
03:02:23.972 INF Request finished (out of order). clSeqNr=871
03:02:23.972 INF Request finished (out of order). clSeqNr=887
03:02:23.974 INF Request finished (out of order). clSeqNr=904
03:02:23.974 INF Request finished (out of order). clSeqNr=920
03:02:23.974 INF Request finished (out of order). clSeqNr=936
03:02:23.974 INF Request finished (out of order). clSeqNr=952
03:02:23.974 INF Request finished (out of order). clSeqNr=968
03:02:23.974 INF Request finished (out of order). clSeqNr=984
03:02:23.974 INF Request finished (out of order). clSeqNr=744
03:02:23.974 INF Request finished (out of order). clSeqNr=760
03:02:23.974 INF Request finished (out of order). clSeqNr=776
03:02:23.974 INF Request finished (out of order). clSeqNr=792
03:02:23.974 INF Request finished (out of order). clSeqNr=808
03:02:23.974 INF Request finished (out of order). clSeqNr=824
03:02:23.974 INF Request finished (out of order). clSeqNr=840
03:02:23.974 INF Request finished (out of order). clSeqNr=856
03:02:23.974 INF Request finished (out of order). clSeqNr=872
03:02:23.974 INF Request finished (out of order). clSeqNr=888
03:02:23.974 INF Request finished (out of order). clSeqNr=905
03:02:23.974 INF Request finished (out of order). clSeqNr=921
03:02:23.974 INF Request finished (out of order). clSeqNr=937
03:02:23.974 INF Request finished (out of order). clSeqNr=953
03:02:23.974 INF Request finished (out of order). clSeqNr=969
03:02:23.974 INF Request finished (out of order). clSeqNr=985
03:02:23.974 INF Request finished (out of order). clSeqNr=745
03:02:23.974 INF Request finished (out of order). clSeqNr=761
03:02:23.974 INF Request finished (out of order). clSeqNr=777
03:02:23.974 INF Request finished (out of order). clSeqNr=793
03:02:23.974 INF Request finished (out of order). clSeqNr=809
03:02:23.974 INF Request finished (out of order). clSeqNr=825
03:02:23.974 INF Request finished (out of order). clSeqNr=841
03:02:23.974 INF Request finished (out of order). clSeqNr=857
03:02:23.974 INF Request finished (out of order). clSeqNr=873
03:02:23.974 INF Request finished (out of order). clSeqNr=889
03:02:23.974 INF Request finished (out of order). clSeqNr=650
03:02:23.974 INF Request finished (out of order). clSeqNr=666
03:02:23.974 INF Request finished (out of order). clSeqNr=682
03:02:23.974 INF Request finished (out of order). clSeqNr=698
03:02:23.974 INF Request finished (out of order). clSeqNr=714
03:02:23.974 INF Request finished (out of order). clSeqNr=730
03:02:23.974 INF Request finished (out of order). clSeqNr=746
03:02:23.974 INF Request finished (out of order). clSeqNr=506
03:02:23.974 INF Request finished (out of order). clSeqNr=522
03:02:23.976 INF Submitted request. clSeqNr=2141
03:02:23.977 INF Request finished (out of order). clSeqNr=538
03:02:23.977 INF Request finished (out of order). clSeqNr=554
03:02:23.977 INF Request finished (out of order). clSeqNr=570
03:02:23.981 INF Submitted request. clSeqNr=2142
03:02:23.986 INF Submitted request. clSeqNr=2143
03:02:23.991 INF Submitted request. clSeqNr=2144
03:02:23.996 INF Submitted request. clSeqNr=2145
03:02:24.001 INF Submitted request. clSeqNr=2146
03:02:24.006 INF Submitted request. clSeqNr=2147
03:02:24.011 INF Submitted request. clSeqNr=2148
03:02:24.017 INF Submitted request. clSeqNr=2149
03:02:24.022 INF Request finished (out of order). clSeqNr=586
03:02:24.022 INF Request finished (out of order). clSeqNr=602
03:02:24.022 INF Request finished (out of order). clSeqNr=618
03:02:24.022 INF Request finished (out of order). clSeqNr=634
03:02:24.022 INF Request finished (out of order). clSeqNr=651
03:02:24.022 INF Request finished (out of order). clSeqNr=667
03:02:24.022 INF Request finished (out of order). clSeqNr=683
03:02:24.022 INF Request finished (out of order). clSeqNr=699
03:02:24.022 INF Request finished (out of order). clSeqNr=715
03:02:24.022 INF Request finished (out of order). clSeqNr=731
03:02:24.022 INF Request finished (out of order). clSeqNr=747
03:02:24.022 INF Request finished (out of order). clSeqNr=507
03:02:24.022 INF Submitted request. clSeqNr=2150
03:02:24.022 INF Request finished (out of order). clSeqNr=523
03:02:24.022 INF Request finished (out of order). clSeqNr=539
03:02:24.022 INF Request finished (out of order). clSeqNr=555
03:02:24.022 INF Request finished (out of order). clSeqNr=571
03:02:24.022 INF Request finished (out of order). clSeqNr=587
03:02:24.022 INF Request finished (out of order). clSeqNr=603
03:02:24.022 INF Request finished (out of order). clSeqNr=619
03:02:24.022 INF Request finished (out of order). clSeqNr=635
03:02:24.022 INF Request finished (out of order). clSeqNr=652
03:02:24.022 INF Request finished (out of order). clSeqNr=668
03:02:24.022 INF Request finished (out of order). clSeqNr=684
03:02:24.022 INF Request finished (out of order). clSeqNr=700
03:02:24.022 INF Request finished (out of order). clSeqNr=716
03:02:24.022 INF Request finished (out of order). clSeqNr=732
03:02:24.027 INF Submitted request. clSeqNr=2151
03:02:24.032 INF Submitted request. clSeqNr=2152
03:02:24.037 INF Submitted request. clSeqNr=2153
03:02:24.040 INF Request finished (out of order). clSeqNr=748
03:02:24.040 INF Request finished (out of order). clSeqNr=508
03:02:24.040 INF Request finished (out of order). clSeqNr=524
03:02:24.040 INF Request finished (out of order). clSeqNr=540
03:02:24.040 INF Request finished (out of order). clSeqNr=556
03:02:24.040 INF Request finished (out of order). clSeqNr=572
03:02:24.040 INF Request finished (out of order). clSeqNr=588
03:02:24.040 INF Request finished (out of order). clSeqNr=604
03:02:24.040 INF Request finished (out of order). clSeqNr=620
03:02:24.040 INF Request finished (out of order). clSeqNr=636
03:02:24.040 INF Request finished (out of order). clSeqNr=653
03:02:24.040 INF Request finished (out of order). clSeqNr=669
03:02:24.040 INF Request finished (out of order). clSeqNr=685
03:02:24.040 INF Request finished (out of order). clSeqNr=701
03:02:24.040 INF Request finished (out of order). clSeqNr=717
03:02:24.040 INF Request finished (out of order). clSeqNr=733
03:02:24.040 INF Request finished (out of order). clSeqNr=749
03:02:24.040 INF Request finished (out of order). clSeqNr=509
03:02:24.041 INF Request finished (out of order). clSeqNr=525
03:02:24.041 INF Request finished (out of order). clSeqNr=541
03:02:24.041 INF Request finished (out of order). clSeqNr=557
03:02:24.041 INF Request finished (out of order). clSeqNr=573
03:02:24.041 INF Request finished (out of order). clSeqNr=589
03:02:24.041 INF Request finished (out of order). clSeqNr=605
03:02:24.041 INF Request finished (out of order). clSeqNr=621
03:02:24.041 INF Request finished (out of order). clSeqNr=637
03:02:24.041 INF Request finished (out of order). clSeqNr=910
03:02:24.041 INF Request finished (out of order). clSeqNr=926
03:02:24.041 INF Request finished (out of order). clSeqNr=942
03:02:24.041 INF Request finished (out of order). clSeqNr=958
03:02:24.041 INF Request finished (out of order). clSeqNr=974
03:02:24.041 INF Request finished (out of order). clSeqNr=734
03:02:24.041 INF Request finished (out of order). clSeqNr=750
03:02:24.041 INF Request finished (out of order). clSeqNr=766
03:02:24.041 INF Request finished (out of order). clSeqNr=782
03:02:24.041 INF Request finished (out of order). clSeqNr=798
03:02:24.041 INF Request finished (out of order). clSeqNr=814
03:02:24.041 INF Request finished (out of order). clSeqNr=830
03:02:24.041 INF Request finished (out of order). clSeqNr=846
03:02:24.041 INF Request finished (out of order). clSeqNr=862
03:02:24.041 INF Request finished (out of order). clSeqNr=878
03:02:24.041 INF Request finished (out of order). clSeqNr=894
03:02:24.041 INF Request finished (out of order). clSeqNr=911
03:02:24.041 INF Request finished (out of order). clSeqNr=927
03:02:24.041 INF Request finished (out of order). clSeqNr=943
03:02:24.041 INF Request finished (out of order). clSeqNr=959
03:02:24.041 INF Request finished (out of order). clSeqNr=975
03:02:24.041 INF Request finished (out of order). clSeqNr=735
03:02:24.041 INF Request finished (out of order). clSeqNr=751
03:02:24.041 INF Request finished (out of order). clSeqNr=767
03:02:24.041 INF Request finished (out of order). clSeqNr=783
03:02:24.041 INF Request finished (out of order). clSeqNr=799
03:02:24.041 INF Request finished (out of order). clSeqNr=815
03:02:24.041 INF Request finished (out of order). clSeqNr=831
03:02:24.041 INF Request finished (out of order). clSeqNr=847
03:02:24.041 INF Request finished (out of order). clSeqNr=863
03:02:24.041 INF Request finished (out of order). clSeqNr=879
03:02:24.042 INF Request finished (out of order). clSeqNr=895
03:02:24.042 INF Submitted request. clSeqNr=2154
03:02:24.047 INF Submitted request. clSeqNr=2155
03:02:24.053 INF Submitted request. clSeqNr=2156
03:02:24.056 INF Request finished (out of order). clSeqNr=912
03:02:24.056 INF Request finished (out of order). clSeqNr=928
03:02:24.056 INF Request finished (out of order). clSeqNr=944
03:02:24.056 INF Request finished (out of order). clSeqNr=960
03:02:24.056 INF Request finished (out of order). clSeqNr=976
03:02:24.056 INF Request finished (out of order). clSeqNr=736
03:02:24.056 INF Request finished (out of order). clSeqNr=752
03:02:24.056 INF Request finished (out of order). clSeqNr=768
03:02:24.056 INF Request finished (out of order). clSeqNr=784
03:02:24.056 INF Request finished (out of order). clSeqNr=800
03:02:24.056 INF Request finished (out of order). clSeqNr=816
03:02:24.056 INF Request finished (out of order). clSeqNr=832
03:02:24.056 INF Request finished (out of order). clSeqNr=848
03:02:24.056 INF Request finished (out of order). clSeqNr=864
03:02:24.056 INF Request finished (out of order). clSeqNr=880
03:02:24.056 INF Request finished (out of order). clSeqNr=896
03:02:24.056 INF Request finished (out of order). clSeqNr=913
03:02:24.056 INF Request finished (out of order). clSeqNr=929
03:02:24.056 INF Request finished (out of order). clSeqNr=945
03:02:24.056 INF Request finished (out of order). clSeqNr=961
03:02:24.058 INF Submitted request. clSeqNr=2157
03:02:24.063 INF Submitted request. clSeqNr=2158
03:02:24.069 INF Submitted request. clSeqNr=2159
03:02:24.071 INF Request finished (out of order). clSeqNr=977
03:02:24.071 INF Request finished (out of order). clSeqNr=737
03:02:24.071 INF Request finished (out of order). clSeqNr=753
03:02:24.071 INF Request finished (out of order). clSeqNr=769
03:02:24.071 INF Request finished (out of order). clSeqNr=785
03:02:24.071 INF Request finished (out of order). clSeqNr=801
03:02:24.071 INF Request finished (out of order). clSeqNr=817
03:02:24.071 INF Request finished (out of order). clSeqNr=833
03:02:24.071 INF Request finished (out of order). clSeqNr=849
03:02:24.071 INF Request finished (out of order). clSeqNr=865
03:02:24.071 INF Request finished (out of order). clSeqNr=881
03:02:24.071 INF Request finished (out of order). clSeqNr=897
03:02:24.073 INF Submitted request. clSeqNr=2160
03:02:24.079 INF Submitted request. clSeqNr=2161
03:02:24.083 INF Submitted request. clSeqNr=2162
03:02:24.089 INF Submitted request. clSeqNr=2163
03:02:24.094 INF Request finished (out of order). clSeqNr=658
03:02:24.094 INF Request finished (out of order). clSeqNr=674
03:02:24.094 INF Request finished (out of order). clSeqNr=690
03:02:24.094 INF Request finished (out of order). clSeqNr=706
03:02:24.094 INF Request finished (out of order). clSeqNr=722
03:02:24.094 INF Request finished (out of order). clSeqNr=482
03:02:24.094 INF Request finished (out of order). clSeqNr=498
03:02:24.094 INF Request finished (out of order). clSeqNr=514
03:02:24.094 INF Request finished (out of order). clSeqNr=530
03:02:24.094 INF Request finished (out of order). clSeqNr=546
03:02:24.094 INF Request finished (out of order). clSeqNr=562
03:02:24.094 INF Request finished (out of order). clSeqNr=578
03:02:24.094 INF Request finished (out of order). clSeqNr=594
03:02:24.094 INF Submitted request. clSeqNr=2164
03:02:24.094 INF Request finished (out of order). clSeqNr=610
03:02:24.094 INF Request finished (out of order). clSeqNr=626
03:02:24.094 INF Request finished (out of order). clSeqNr=642
03:02:24.094 INF Request finished (out of order). clSeqNr=660
03:02:24.094 INF Request finished (out of order). clSeqNr=676
03:02:24.094 INF Request finished (out of order). clSeqNr=692
03:02:24.094 INF Request finished (out of order). clSeqNr=708
03:02:24.094 INF Request finished (out of order). clSeqNr=724
03:02:24.094 INF Request finished (out of order). clSeqNr=484
03:02:24.094 INF Request finished (out of order). clSeqNr=500
03:02:24.094 INF Request finished (out of order). clSeqNr=516
03:02:24.094 INF Request finished (out of order). clSeqNr=532
03:02:24.094 INF Request finished (out of order). clSeqNr=548
03:02:24.094 INF Request finished (out of order). clSeqNr=564
03:02:24.094 INF Request finished (out of order). clSeqNr=580
03:02:24.094 INF Request finished (out of order). clSeqNr=596
03:02:24.094 INF Request finished (out of order). clSeqNr=612
03:02:24.094 INF Request finished (out of order). clSeqNr=628
03:02:24.094 INF Request finished (out of order). clSeqNr=644
03:02:24.094 INF Request finished (out of order). clSeqNr=661
03:02:24.094 INF Request finished (out of order). clSeqNr=677
03:02:24.094 INF Request finished (out of order). clSeqNr=693
03:02:24.094 INF Request finished (out of order). clSeqNr=709
03:02:24.094 INF Request finished (out of order). clSeqNr=725
03:02:24.094 INF Request finished (out of order). clSeqNr=485
03:02:24.094 INF Request finished (out of order). clSeqNr=501
03:02:24.094 INF Request finished (out of order). clSeqNr=517
03:02:24.094 INF Request finished (out of order). clSeqNr=533
03:02:24.099 INF Submitted request. clSeqNr=2165
03:02:24.104 INF Submitted request. clSeqNr=2166
03:02:24.109 INF Submitted request. clSeqNr=2167
03:02:24.112 INF Request finished (out of order). clSeqNr=549
03:02:24.112 INF Request finished (out of order). clSeqNr=565
03:02:24.112 INF Request finished (out of order). clSeqNr=581
03:02:24.114 INF Submitted request. clSeqNr=2168
03:02:24.119 INF Submitted request. clSeqNr=2169
03:02:24.125 INF Submitted request. clSeqNr=2170
03:02:24.130 INF Submitted request. clSeqNr=2171
03:02:24.135 INF Submitted request. clSeqNr=2172
03:02:24.135 INF Request finished (out of order). clSeqNr=597
03:02:24.135 INF Request finished (out of order). clSeqNr=613
03:02:24.136 INF Request finished (out of order). clSeqNr=629
03:02:24.136 INF Request finished (out of order). clSeqNr=645
03:02:24.137 INF Request finished (out of order). clSeqNr=390
03:02:24.137 INF Request finished (out of order). clSeqNr=406
03:02:24.138 INF Request finished (out of order). clSeqNr=422
03:02:24.138 INF Request finished (out of order). clSeqNr=438
03:02:24.138 INF Request finished (out of order). clSeqNr=198
03:02:24.138 INF Request delivered (in order). clSeqNr=198
03:02:24.138 INF Request delivered (in order). clSeqNr=199
03:02:24.138 INF Request delivered (in order). clSeqNr=200
03:02:24.138 INF Request delivered (in order). clSeqNr=201
03:02:24.138 INF Request delivered (in order). clSeqNr=202
03:02:24.138 INF Request delivered (in order). clSeqNr=203
03:02:24.138 INF Request delivered (in order). clSeqNr=204
03:02:24.138 INF Request delivered (in order). clSeqNr=205
03:02:24.138 INF Request delivered (in order). clSeqNr=206
03:02:24.138 INF Request delivered (in order). clSeqNr=207
03:02:24.138 INF Request delivered (in order). clSeqNr=208
03:02:24.138 INF Request delivered (in order). clSeqNr=209
03:02:24.138 INF Request delivered (in order). clSeqNr=210
03:02:24.138 INF Request delivered (in order). clSeqNr=211
03:02:24.138 INF Request delivered (in order). clSeqNr=212
03:02:24.138 INF Request delivered (in order). clSeqNr=213
03:02:24.139 INF Request finished (out of order). clSeqNr=454
03:02:24.139 INF Request finished (out of order). clSeqNr=214
03:02:24.139 INF Request delivered (in order). clSeqNr=214
03:02:24.139 INF Request delivered (in order). clSeqNr=215
03:02:24.139 INF Request delivered (in order). clSeqNr=216
03:02:24.139 INF Request delivered (in order). clSeqNr=217
03:02:24.139 INF Request delivered (in order). clSeqNr=218
03:02:24.139 INF Request delivered (in order). clSeqNr=219
03:02:24.139 INF Request delivered (in order). clSeqNr=220
03:02:24.139 INF Request delivered (in order). clSeqNr=221
03:02:24.139 INF Request delivered (in order). clSeqNr=222
03:02:24.139 INF Request delivered (in order). clSeqNr=223
03:02:24.139 INF Request delivered (in order). clSeqNr=224
03:02:24.139 INF Request delivered (in order). clSeqNr=225
03:02:24.139 INF Request delivered (in order). clSeqNr=226
03:02:24.139 INF Request delivered (in order). clSeqNr=227
03:02:24.139 INF Request delivered (in order). clSeqNr=228
03:02:24.139 INF Request delivered (in order). clSeqNr=229
03:02:24.140 INF Submitted request. clSeqNr=2173
03:02:24.140 INF Request finished (out of order). clSeqNr=230
03:02:24.140 INF Request delivered (in order). clSeqNr=230
03:02:24.140 INF Request delivered (in order). clSeqNr=231
03:02:24.140 INF Request delivered (in order). clSeqNr=232
03:02:24.140 INF Request delivered (in order). clSeqNr=233
03:02:24.140 INF Request delivered (in order). clSeqNr=234
03:02:24.140 INF Request delivered (in order). clSeqNr=235
03:02:24.140 INF Request delivered (in order). clSeqNr=236
03:02:24.140 INF Request delivered (in order). clSeqNr=237
03:02:24.140 INF Request delivered (in order). clSeqNr=238
03:02:24.140 INF Request delivered (in order). clSeqNr=239
03:02:24.140 INF Request delivered (in order). clSeqNr=240
03:02:24.140 INF Request delivered (in order). clSeqNr=241
03:02:24.140 INF Request delivered (in order). clSeqNr=242
03:02:24.140 INF Request delivered (in order). clSeqNr=243
03:02:24.140 INF Request delivered (in order). clSeqNr=244
03:02:24.140 INF Request delivered (in order). clSeqNr=245
03:02:24.141 INF Request finished (out of order). clSeqNr=246
03:02:24.141 INF Request delivered (in order). clSeqNr=246
03:02:24.141 INF Request delivered (in order). clSeqNr=247
03:02:24.141 INF Request delivered (in order). clSeqNr=248
03:02:24.141 INF Request delivered (in order). clSeqNr=249
03:02:24.141 INF Request delivered (in order). clSeqNr=250
03:02:24.141 INF Request delivered (in order). clSeqNr=251
03:02:24.141 INF Request delivered (in order). clSeqNr=252
03:02:24.141 INF Request delivered (in order). clSeqNr=253
03:02:24.141 INF Request delivered (in order). clSeqNr=254
03:02:24.141 INF Request delivered (in order). clSeqNr=255
03:02:24.141 INF Request delivered (in order). clSeqNr=256
03:02:24.141 INF Request delivered (in order). clSeqNr=257
03:02:24.141 INF Request delivered (in order). clSeqNr=258
03:02:24.141 INF Request delivered (in order). clSeqNr=259
03:02:24.141 INF Request delivered (in order). clSeqNr=260
03:02:24.141 INF Request delivered (in order). clSeqNr=261
03:02:24.141 INF Request finished (out of order). clSeqNr=262
03:02:24.141 INF Request delivered (in order). clSeqNr=262
03:02:24.141 INF Request delivered (in order). clSeqNr=263
03:02:24.141 INF Request delivered (in order). clSeqNr=264
03:02:24.141 INF Request delivered (in order). clSeqNr=265
03:02:24.141 INF Request delivered (in order). clSeqNr=266
03:02:24.141 INF Request delivered (in order). clSeqNr=267
03:02:24.141 INF Request delivered (in order). clSeqNr=268
03:02:24.141 INF Request delivered (in order). clSeqNr=269
03:02:24.141 INF Request delivered (in order). clSeqNr=270
03:02:24.141 INF Request delivered (in order). clSeqNr=271
03:02:24.141 INF Request delivered (in order). clSeqNr=272
03:02:24.141 INF Request delivered (in order). clSeqNr=273
03:02:24.141 INF Request delivered (in order). clSeqNr=274
03:02:24.141 INF Request delivered (in order). clSeqNr=275
03:02:24.141 INF Request delivered (in order). clSeqNr=276
03:02:24.141 INF Request delivered (in order). clSeqNr=277
03:02:24.142 INF Request finished (out of order). clSeqNr=278
03:02:24.142 INF Request delivered (in order). clSeqNr=278
03:02:24.142 INF Request delivered (in order). clSeqNr=279
03:02:24.142 INF Request delivered (in order). clSeqNr=280
03:02:24.142 INF Request delivered (in order). clSeqNr=281
03:02:24.142 INF Request delivered (in order). clSeqNr=282
03:02:24.142 INF Request delivered (in order). clSeqNr=283
03:02:24.142 INF Request delivered (in order). clSeqNr=284
03:02:24.142 INF Request delivered (in order). clSeqNr=285
03:02:24.142 INF Request delivered (in order). clSeqNr=286
03:02:24.142 INF Request delivered (in order). clSeqNr=287
03:02:24.142 INF Request delivered (in order). clSeqNr=288
03:02:24.142 INF Request delivered (in order). clSeqNr=289
03:02:24.142 INF Request delivered (in order). clSeqNr=290
03:02:24.142 INF Request delivered (in order). clSeqNr=291
03:02:24.142 INF Request delivered (in order). clSeqNr=292
03:02:24.142 INF Request delivered (in order). clSeqNr=293
03:02:24.143 INF Request finished (out of order). clSeqNr=294
03:02:24.143 INF Request delivered (in order). clSeqNr=294
03:02:24.143 INF Request delivered (in order). clSeqNr=295
03:02:24.143 INF Request delivered (in order). clSeqNr=296
03:02:24.143 INF Request delivered (in order). clSeqNr=297
03:02:24.143 INF Request delivered (in order). clSeqNr=298
03:02:24.143 INF Request delivered (in order). clSeqNr=299
03:02:24.143 INF Request delivered (in order). clSeqNr=300
03:02:24.143 INF Request delivered (in order). clSeqNr=301
03:02:24.143 INF Request delivered (in order). clSeqNr=302
03:02:24.143 INF Request delivered (in order). clSeqNr=303
03:02:24.143 INF Request delivered (in order). clSeqNr=304
03:02:24.143 INF Request delivered (in order). clSeqNr=305
03:02:24.143 INF Request delivered (in order). clSeqNr=306
03:02:24.143 INF Request delivered (in order). clSeqNr=307
03:02:24.143 INF Request delivered (in order). clSeqNr=308
03:02:24.143 INF Request delivered (in order). clSeqNr=309
03:02:24.143 INF Request finished (out of order). clSeqNr=310
03:02:24.143 INF Request delivered (in order). clSeqNr=310
03:02:24.143 INF Request delivered (in order). clSeqNr=311
03:02:24.143 INF Request delivered (in order). clSeqNr=312
03:02:24.143 INF Request delivered (in order). clSeqNr=313
03:02:24.143 INF Request delivered (in order). clSeqNr=314
03:02:24.143 INF Request delivered (in order). clSeqNr=315
03:02:24.143 INF Request delivered (in order). clSeqNr=316
03:02:24.143 INF Request delivered (in order). clSeqNr=317
03:02:24.143 INF Request delivered (in order). clSeqNr=318
03:02:24.143 INF Request delivered (in order). clSeqNr=319
03:02:24.143 INF Request delivered (in order). clSeqNr=320
03:02:24.143 INF Request delivered (in order). clSeqNr=321
03:02:24.143 INF Request delivered (in order). clSeqNr=322
03:02:24.143 INF Request delivered (in order). clSeqNr=323
03:02:24.143 INF Request delivered (in order). clSeqNr=324
03:02:24.143 INF Request delivered (in order). clSeqNr=325
03:02:24.144 INF Request finished (out of order). clSeqNr=326
03:02:24.144 INF Request delivered (in order). clSeqNr=326
03:02:24.144 INF Request delivered (in order). clSeqNr=327
03:02:24.144 INF Request delivered (in order). clSeqNr=328
03:02:24.144 INF Request delivered (in order). clSeqNr=329
03:02:24.144 INF Request delivered (in order). clSeqNr=330
03:02:24.144 INF Request delivered (in order). clSeqNr=331
03:02:24.144 INF Request delivered (in order). clSeqNr=332
03:02:24.144 INF Request delivered (in order). clSeqNr=333
03:02:24.144 INF Request delivered (in order). clSeqNr=334
03:02:24.144 INF Request delivered (in order). clSeqNr=335
03:02:24.144 INF Request delivered (in order). clSeqNr=336
03:02:24.144 INF Request delivered (in order). clSeqNr=337
03:02:24.144 INF Request delivered (in order). clSeqNr=338
03:02:24.144 INF Request delivered (in order). clSeqNr=339
03:02:24.144 INF Request delivered (in order). clSeqNr=340
03:02:24.144 INF Request delivered (in order). clSeqNr=341
03:02:24.145 INF Request finished (out of order). clSeqNr=342
03:02:24.145 INF Request delivered (in order). clSeqNr=342
03:02:24.145 INF Request delivered (in order). clSeqNr=343
03:02:24.145 INF Request delivered (in order). clSeqNr=344
03:02:24.145 INF Request delivered (in order). clSeqNr=345
03:02:24.145 INF Request delivered (in order). clSeqNr=346
03:02:24.145 INF Request delivered (in order). clSeqNr=347
03:02:24.145 INF Request delivered (in order). clSeqNr=348
03:02:24.145 INF Request delivered (in order). clSeqNr=349
03:02:24.145 INF Request delivered (in order). clSeqNr=350
03:02:24.145 INF Request delivered (in order). clSeqNr=351
03:02:24.145 INF Request delivered (in order). clSeqNr=352
03:02:24.145 INF Request delivered (in order). clSeqNr=353
03:02:24.145 INF Request delivered (in order). clSeqNr=354
03:02:24.145 INF Request delivered (in order). clSeqNr=355
03:02:24.145 INF Request delivered (in order). clSeqNr=356
03:02:24.145 INF Request delivered (in order). clSeqNr=357
03:02:24.145 INF Submitted request. clSeqNr=2174
03:02:24.145 INF Request finished (out of order). clSeqNr=358
03:02:24.145 INF Request delivered (in order). clSeqNr=358
03:02:24.145 INF Request delivered (in order). clSeqNr=359
03:02:24.145 INF Request delivered (in order). clSeqNr=360
03:02:24.145 INF Request delivered (in order). clSeqNr=361
03:02:24.145 INF Request delivered (in order). clSeqNr=362
03:02:24.145 INF Request delivered (in order). clSeqNr=363
03:02:24.145 INF Request delivered (in order). clSeqNr=364
03:02:24.145 INF Request delivered (in order). clSeqNr=365
03:02:24.145 INF Request delivered (in order). clSeqNr=366
03:02:24.145 INF Request delivered (in order). clSeqNr=367
03:02:24.145 INF Request delivered (in order). clSeqNr=368
03:02:24.145 INF Request delivered (in order). clSeqNr=369
03:02:24.145 INF Request delivered (in order). clSeqNr=370
03:02:24.145 INF Request delivered (in order). clSeqNr=371
03:02:24.145 INF Request delivered (in order). clSeqNr=372
03:02:24.145 INF Request delivered (in order). clSeqNr=373
03:02:24.146 INF Request finished (out of order). clSeqNr=374
03:02:24.146 INF Request delivered (in order). clSeqNr=374
03:02:24.146 INF Request delivered (in order). clSeqNr=375
03:02:24.146 INF Request delivered (in order). clSeqNr=376
03:02:24.146 INF Request delivered (in order). clSeqNr=377
03:02:24.146 INF Request delivered (in order). clSeqNr=378
03:02:24.146 INF Request delivered (in order). clSeqNr=379
03:02:24.146 INF Request delivered (in order). clSeqNr=380
03:02:24.146 INF Request delivered (in order). clSeqNr=381
03:02:24.146 INF Request delivered (in order). clSeqNr=382
03:02:24.146 INF Request delivered (in order). clSeqNr=383
03:02:24.146 INF Request delivered (in order). clSeqNr=384
03:02:24.146 INF Request delivered (in order). clSeqNr=385
03:02:24.146 INF Request delivered (in order). clSeqNr=386
03:02:24.146 INF Request delivered (in order). clSeqNr=387
03:02:24.146 INF Request delivered (in order). clSeqNr=388
03:02:24.146 INF Request delivered (in order). clSeqNr=389
03:02:24.146 INF Request delivered (in order). clSeqNr=390
03:02:24.146 INF Request delivered (in order). clSeqNr=391
03:02:24.146 INF Request delivered (in order). clSeqNr=392
03:02:24.146 INF Request delivered (in order). clSeqNr=393
03:02:24.146 INF Request delivered (in order). clSeqNr=394
03:02:24.146 INF Request delivered (in order). clSeqNr=395
03:02:24.146 INF Request delivered (in order). clSeqNr=396
03:02:24.146 INF Request delivered (in order). clSeqNr=397
03:02:24.146 INF Request delivered (in order). clSeqNr=398
03:02:24.146 INF Request delivered (in order). clSeqNr=399
03:02:24.146 INF Request delivered (in order). clSeqNr=400
03:02:24.146 INF Request delivered (in order). clSeqNr=401
03:02:24.146 INF Request delivered (in order). clSeqNr=402
03:02:24.146 INF Request delivered (in order). clSeqNr=403
03:02:24.146 INF Request delivered (in order). clSeqNr=404
03:02:24.146 INF Request delivered (in order). clSeqNr=405
03:02:24.146 INF Request delivered (in order). clSeqNr=406
03:02:24.146 INF Request delivered (in order). clSeqNr=407
03:02:24.146 INF Request delivered (in order). clSeqNr=408
03:02:24.146 INF Request delivered (in order). clSeqNr=409
03:02:24.146 INF Request delivered (in order). clSeqNr=410
03:02:24.146 INF Request delivered (in order). clSeqNr=411
03:02:24.146 INF Request delivered (in order). clSeqNr=412
03:02:24.146 INF Request delivered (in order). clSeqNr=413
03:02:24.146 INF Request delivered (in order). clSeqNr=414
03:02:24.146 INF Request delivered (in order). clSeqNr=415
03:02:24.146 INF Request delivered (in order). clSeqNr=416
03:02:24.146 INF Request delivered (in order). clSeqNr=417
03:02:24.146 INF Request delivered (in order). clSeqNr=418
03:02:24.146 INF Request delivered (in order). clSeqNr=419
03:02:24.146 INF Request delivered (in order). clSeqNr=420
03:02:24.147 INF Request delivered (in order). clSeqNr=421
03:02:24.147 INF Request delivered (in order). clSeqNr=422
03:02:24.147 INF Request delivered (in order). clSeqNr=423
03:02:24.147 INF Request delivered (in order). clSeqNr=424
03:02:24.147 INF Request delivered (in order). clSeqNr=425
03:02:24.147 INF Request delivered (in order). clSeqNr=426
03:02:24.147 INF Request delivered (in order). clSeqNr=427
03:02:24.147 INF Request delivered (in order). clSeqNr=428
03:02:24.147 INF Request delivered (in order). clSeqNr=429
03:02:24.147 INF Request delivered (in order). clSeqNr=430
03:02:24.147 INF Request delivered (in order). clSeqNr=431
03:02:24.147 INF Request delivered (in order). clSeqNr=432
03:02:24.147 INF Request delivered (in order). clSeqNr=433
03:02:24.147 INF Request delivered (in order). clSeqNr=434
03:02:24.147 INF Request delivered (in order). clSeqNr=435
03:02:24.147 INF Request delivered (in order). clSeqNr=436
03:02:24.147 INF Request delivered (in order). clSeqNr=437
03:02:24.147 INF Request delivered (in order). clSeqNr=438
03:02:24.147 INF Request delivered (in order). clSeqNr=439
03:02:24.147 INF Request delivered (in order). clSeqNr=440
03:02:24.147 INF Request delivered (in order). clSeqNr=441
03:02:24.147 INF Request delivered (in order). clSeqNr=442
03:02:24.147 INF Request delivered (in order). clSeqNr=443
03:02:24.147 INF Request delivered (in order). clSeqNr=444
03:02:24.147 INF Request delivered (in order). clSeqNr=445
03:02:24.147 INF Request delivered (in order). clSeqNr=446
03:02:24.147 INF Request delivered (in order). clSeqNr=447
03:02:24.147 INF Request delivered (in order). clSeqNr=448
03:02:24.147 INF Request delivered (in order). clSeqNr=449
03:02:24.147 INF Request delivered (in order). clSeqNr=450
03:02:24.147 INF Request delivered (in order). clSeqNr=451
03:02:24.147 INF Request delivered (in order). clSeqNr=452
03:02:24.147 INF Request delivered (in order). clSeqNr=453
03:02:24.147 INF Request delivered (in order). clSeqNr=454
03:02:24.147 INF Request delivered (in order). clSeqNr=455
03:02:24.147 INF Request delivered (in order). clSeqNr=456
03:02:24.147 INF Request delivered (in order). clSeqNr=457
03:02:24.147 INF Request delivered (in order). clSeqNr=458
03:02:24.147 INF Request delivered (in order). clSeqNr=459
03:02:24.147 INF Request delivered (in order). clSeqNr=460
03:02:24.147 INF Request delivered (in order). clSeqNr=461
03:02:24.147 INF Request delivered (in order). clSeqNr=462
03:02:24.147 INF Request delivered (in order). clSeqNr=463
03:02:24.147 INF Request delivered (in order). clSeqNr=464
03:02:24.147 INF Request delivered (in order). clSeqNr=465
03:02:24.147 INF Request delivered (in order). clSeqNr=466
03:02:24.147 INF Request delivered (in order). clSeqNr=467
03:02:24.147 INF Request delivered (in order). clSeqNr=468
03:02:24.147 INF Request delivered (in order). clSeqNr=469
03:02:24.147 INF Request finished (out of order). clSeqNr=1159
03:02:24.147 INF Request finished (out of order). clSeqNr=1175
03:02:24.147 INF Request finished (out of order). clSeqNr=1191
03:02:24.148 INF Request finished (out of order). clSeqNr=1207
03:02:24.148 INF Request finished (out of order). clSeqNr=1223
03:02:24.149 INF Request finished (out of order). clSeqNr=1239
03:02:24.149 INF Request finished (out of order). clSeqNr=999
03:02:24.149 INF Request finished (out of order). clSeqNr=1255
03:02:24.149 INF Request finished (out of order). clSeqNr=1015
03:02:24.150 INF Submitted request. clSeqNr=2175
03:02:24.150 INF Request finished (out of order). clSeqNr=1031
03:02:24.150 INF Request finished (out of order). clSeqNr=1047
03:02:24.150 INF Request finished (out of order). clSeqNr=1063
03:02:24.150 INF Request finished (out of order). clSeqNr=1079
03:02:24.150 INF Request finished (out of order). clSeqNr=1095
03:02:24.150 INF Request finished (out of order). clSeqNr=1111
03:02:24.150 INF Request finished (out of order). clSeqNr=1127
03:02:24.150 INF Request finished (out of order). clSeqNr=1143
03:02:24.150 INF Request finished (out of order). clSeqNr=1160
03:02:24.150 INF Request finished (out of order). clSeqNr=1176
03:02:24.150 INF Request finished (out of order). clSeqNr=1192
03:02:24.150 INF Request finished (out of order). clSeqNr=1208
03:02:24.150 INF Request finished (out of order). clSeqNr=1224
03:02:24.150 INF Request finished (out of order). clSeqNr=1240
03:02:24.150 INF Request finished (out of order). clSeqNr=1000
03:02:24.150 INF Request finished (out of order). clSeqNr=1016
03:02:24.150 INF Request finished (out of order). clSeqNr=1032
03:02:24.150 INF Request finished (out of order). clSeqNr=1048
03:02:24.150 INF Request finished (out of order). clSeqNr=1064
03:02:24.150 INF Request finished (out of order). clSeqNr=1080
03:02:24.150 INF Request finished (out of order). clSeqNr=1096
03:02:24.150 INF Request finished (out of order). clSeqNr=1112
03:02:24.150 INF Request finished (out of order). clSeqNr=1128
03:02:24.150 INF Request finished (out of order). clSeqNr=1144
03:02:24.150 INF Request finished (out of order). clSeqNr=1161
03:02:24.150 INF Request finished (out of order). clSeqNr=1177
03:02:24.150 INF Request finished (out of order). clSeqNr=1193
03:02:24.150 INF Request finished (out of order). clSeqNr=1209
03:02:24.150 INF Request finished (out of order). clSeqNr=1225
03:02:24.150 INF Request finished (out of order). clSeqNr=1241
03:02:24.150 INF Request finished (out of order). clSeqNr=1001
03:02:24.150 INF Request finished (out of order). clSeqNr=1017
03:02:24.150 INF Request finished (out of order). clSeqNr=1033
03:02:24.150 INF Request finished (out of order). clSeqNr=1049
03:02:24.150 INF Request finished (out of order). clSeqNr=1065
03:02:24.150 INF Request finished (out of order). clSeqNr=1081
03:02:24.150 INF Request finished (out of order). clSeqNr=1097
03:02:24.150 INF Request finished (out of order). clSeqNr=1113
03:02:24.150 INF Request finished (out of order). clSeqNr=1129
03:02:24.150 INF Request finished (out of order). clSeqNr=1145
03:02:24.156 INF Submitted request. clSeqNr=2176
03:02:24.160 INF Submitted request. clSeqNr=2177
03:02:24.166 INF Submitted request. clSeqNr=2178
03:02:24.171 INF Submitted request. clSeqNr=2179
03:02:24.176 INF Submitted request. clSeqNr=2180
03:02:24.181 INF Submitted request. clSeqNr=2181
03:02:24.186 INF Submitted request. clSeqNr=2182
03:02:24.191 INF Submitted request. clSeqNr=2183
03:02:24.196 INF Submitted request. clSeqNr=2184
03:02:24.201 INF Submitted request. clSeqNr=2185
03:02:24.206 INF Submitted request. clSeqNr=2186
03:02:24.211 INF Submitted request. clSeqNr=2187
03:02:24.217 INF Submitted request. clSeqNr=2188
03:02:24.222 INF Submitted request. clSeqNr=2189
03:02:24.227 INF Submitted request. clSeqNr=2190
03:02:24.232 INF Submitted request. clSeqNr=2191
03:02:24.237 INF Submitted request. clSeqNr=2192
03:02:24.243 INF Submitted request. clSeqNr=2193
03:02:24.247 INF Submitted request. clSeqNr=2194
03:02:24.253 INF Submitted request. clSeqNr=2195
03:02:24.258 INF Submitted request. clSeqNr=2196
03:02:24.263 INF Submitted request. clSeqNr=2197
03:02:24.268 INF Submitted request. clSeqNr=2198
03:02:24.273 INF Submitted request. clSeqNr=2199
03:02:24.278 INF Submitted request. clSeqNr=2200
03:02:24.283 INF Submitted request. clSeqNr=2201
03:02:24.288 INF Submitted request. clSeqNr=2202
03:02:24.294 INF Submitted request. clSeqNr=2203
03:02:24.299 INF Submitted request. clSeqNr=2204
03:02:24.304 INF Submitted request. clSeqNr=2205
03:02:24.309 INF Submitted request. clSeqNr=2206
03:02:24.315 INF Submitted request. clSeqNr=2207
03:02:24.320 INF Submitted request. clSeqNr=2208
03:02:24.325 INF Submitted request. clSeqNr=2209
03:02:24.329 INF Submitted request. clSeqNr=2210
03:02:24.335 INF Submitted request. clSeqNr=2211
03:02:24.340 INF Submitted request. clSeqNr=2212
03:02:24.345 INF Submitted request. clSeqNr=2213
03:02:24.350 INF Submitted request. clSeqNr=2214
03:02:24.355 INF Submitted request. clSeqNr=2215
03:02:24.360 INF Submitted request. clSeqNr=2216
03:02:24.365 INF Submitted request. clSeqNr=2217
03:02:24.370 INF Submitted request. clSeqNr=2218
03:02:24.376 INF Submitted request. clSeqNr=2219
03:02:24.381 INF Submitted request. clSeqNr=2220
03:02:24.386 INF Submitted request. clSeqNr=2221
03:02:24.391 INF Submitted request. clSeqNr=2222
03:02:24.396 INF Submitted request. clSeqNr=2223
03:02:24.402 INF Submitted request. clSeqNr=2224
03:02:24.406 INF Submitted request. clSeqNr=2225
03:02:24.412 INF Submitted request. clSeqNr=2226
03:02:24.417 INF Submitted request. clSeqNr=2227
03:02:24.422 INF Submitted request. clSeqNr=2228
03:02:24.427 INF Submitted request. clSeqNr=2229
03:02:24.432 INF Submitted request. clSeqNr=2230
03:02:24.437 INF Submitted request. clSeqNr=2231
03:02:24.442 INF Submitted request. clSeqNr=2232
03:02:24.447 INF Submitted request. clSeqNr=2233
03:02:24.453 INF Submitted request. clSeqNr=2234
03:02:24.458 INF Submitted request. clSeqNr=2235
03:02:24.463 INF Submitted request. clSeqNr=2236
03:02:24.468 INF Submitted request. clSeqNr=2237
03:02:24.474 INF Submitted request. clSeqNr=2238
03:02:24.479 INF Submitted request. clSeqNr=2239
03:02:24.483 INF Submitted request. clSeqNr=2240
03:02:24.489 INF Submitted request. clSeqNr=2241
03:02:24.494 INF Submitted request. clSeqNr=2242
03:02:24.499 INF Submitted request. clSeqNr=2243
03:02:24.504 INF Submitted request. clSeqNr=2244
03:02:24.510 INF Submitted request. clSeqNr=2245
03:02:24.514 INF Submitted request. clSeqNr=2246
03:02:24.519 INF Submitted request. clSeqNr=2247
03:02:24.524 INF Submitted request. clSeqNr=2248
03:02:24.530 INF Submitted request. clSeqNr=2249
03:02:24.535 INF Submitted request. clSeqNr=2250
03:02:24.540 INF Submitted request. clSeqNr=2251
03:02:24.546 INF Submitted request. clSeqNr=2252
03:02:24.551 INF Submitted request. clSeqNr=2253
03:02:24.555 INF Submitted request. clSeqNr=2254
03:02:24.560 INF Submitted request. clSeqNr=2255
03:02:24.565 INF Submitted request. clSeqNr=2256
03:02:24.570 INF Submitted request. clSeqNr=2257
03:02:24.576 INF Submitted request. clSeqNr=2258
03:02:24.581 INF Submitted request. clSeqNr=2259
03:02:24.586 INF Submitted request. clSeqNr=2260
03:02:24.592 INF Submitted request. clSeqNr=2261
03:02:24.596 INF Submitted request. clSeqNr=2262
03:02:24.602 INF Submitted request. clSeqNr=2263
03:02:24.607 INF Submitted request. clSeqNr=2264
03:02:24.611 INF Submitted request. clSeqNr=2265
03:02:24.617 INF Submitted request. clSeqNr=2266
03:02:24.622 INF Submitted request. clSeqNr=2267
03:02:24.627 INF Submitted request. clSeqNr=2268
03:02:24.632 INF Submitted request. clSeqNr=2269
03:02:24.637 INF Submitted request. clSeqNr=2270
03:02:24.643 INF Submitted request. clSeqNr=2271
03:02:24.647 INF Submitted request. clSeqNr=2272
03:02:24.653 INF Submitted request. clSeqNr=2273
03:02:24.658 INF Submitted request. clSeqNr=2274
03:02:24.663 INF Submitted request. clSeqNr=2275
03:02:24.668 INF Submitted request. clSeqNr=2276
03:02:24.674 INF Submitted request. clSeqNr=2277
03:02:24.678 INF Submitted request. clSeqNr=2278
03:02:24.683 INF Submitted request. clSeqNr=2279
03:02:24.689 INF Submitted request. clSeqNr=2280
03:02:24.694 INF Submitted request. clSeqNr=2281
03:02:24.699 INF Submitted request. clSeqNr=2282
03:02:24.704 INF Submitted request. clSeqNr=2283
03:02:24.709 INF Submitted request. clSeqNr=2284
03:02:24.715 INF Submitted request. clSeqNr=2285
03:02:24.719 INF Submitted request. clSeqNr=2286
03:02:24.725 INF Submitted request. clSeqNr=2287
03:02:24.730 INF Submitted request. clSeqNr=2288
03:02:24.735 INF Submitted request. clSeqNr=2289
03:02:24.740 INF Submitted request. clSeqNr=2290
03:02:24.745 INF Submitted request. clSeqNr=2291
03:02:24.751 INF Submitted request. clSeqNr=2292
03:02:24.756 INF Submitted request. clSeqNr=2293
03:02:24.761 INF Submitted request. clSeqNr=2294
03:02:24.765 INF Submitted request. clSeqNr=2295
03:02:24.771 INF Submitted request. clSeqNr=2296
03:02:24.776 INF Submitted request. clSeqNr=2297
03:02:24.782 INF Submitted request. clSeqNr=2298
03:02:24.787 INF Submitted request. clSeqNr=2299
03:02:24.791 INF Submitted request. clSeqNr=2300
03:02:24.797 INF Submitted request. clSeqNr=2301
03:02:24.801 INF Submitted request. clSeqNr=2302
03:02:24.806 INF Submitted request. clSeqNr=2303
03:02:24.811 INF Submitted request. clSeqNr=2304
03:02:24.817 INF Submitted request. clSeqNr=2305
03:02:24.822 INF Submitted request. clSeqNr=2306
03:02:24.828 INF Submitted request. clSeqNr=2307
03:02:24.833 INF Submitted request. clSeqNr=2308
03:02:24.838 INF Submitted request. clSeqNr=2309
03:02:24.843 INF Submitted request. clSeqNr=2310
03:02:24.847 INF Submitted request. clSeqNr=2311
03:02:24.853 INF Submitted request. clSeqNr=2312
03:02:24.858 INF Submitted request. clSeqNr=2313
03:02:24.863 INF Submitted request. clSeqNr=2314
03:02:24.869 INF Submitted request. clSeqNr=2315
03:02:24.873 INF Submitted request. clSeqNr=2316
03:02:24.879 INF Submitted request. clSeqNr=2317
03:02:24.884 INF Submitted request. clSeqNr=2318
03:02:24.889 INF Submitted request. clSeqNr=2319
03:02:24.893 INF Submitted request. clSeqNr=2320
03:02:24.899 INF Submitted request. clSeqNr=2321
03:02:24.904 INF Submitted request. clSeqNr=2322
03:02:24.909 INF Submitted request. clSeqNr=2323
03:02:24.914 INF Submitted request. clSeqNr=2324
03:02:24.919 INF Submitted request. clSeqNr=2325
03:02:24.924 INF Submitted request. clSeqNr=2326
03:02:24.930 INF Submitted request. clSeqNr=2327
03:02:24.935 INF Submitted request. clSeqNr=2328
03:02:24.940 INF Submitted request. clSeqNr=2329
03:02:24.945 INF Submitted request. clSeqNr=2330
03:02:24.951 INF Submitted request. clSeqNr=2331
03:02:24.955 INF Submitted request. clSeqNr=2332
03:02:24.960 INF Submitted request. clSeqNr=2333
03:02:24.965 INF Submitted request. clSeqNr=2334
03:02:24.970 INF Submitted request. clSeqNr=2335
03:02:24.976 INF Submitted request. clSeqNr=2336
03:02:24.981 INF Submitted request. clSeqNr=2337
03:02:24.986 INF Submitted request. clSeqNr=2338
03:02:24.992 INF Submitted request. clSeqNr=2339
03:02:24.997 INF Submitted request. clSeqNr=2340
03:02:25.002 INF Submitted request. clSeqNr=2341
03:02:25.007 INF Submitted request. clSeqNr=2342
03:02:25.012 INF Submitted request. clSeqNr=2343
03:02:25.017 INF Submitted request. clSeqNr=2344
03:02:25.022 INF Submitted request. clSeqNr=2345
03:02:25.027 INF Submitted request. clSeqNr=2346
03:02:25.032 INF Submitted request. clSeqNr=2347
03:02:25.037 INF Submitted request. clSeqNr=2348
03:02:25.042 INF Submitted request. clSeqNr=2349
03:02:25.048 INF Submitted request. clSeqNr=2350
03:02:25.052 INF Submitted request. clSeqNr=2351
03:02:25.058 INF Submitted request. clSeqNr=2352
03:02:25.063 INF Submitted request. clSeqNr=2353
03:02:25.068 INF Submitted request. clSeqNr=2354
03:02:25.073 INF Submitted request. clSeqNr=2355
03:02:25.078 INF Submitted request. clSeqNr=2356
03:02:25.084 INF Submitted request. clSeqNr=2357
03:02:25.088 INF Submitted request. clSeqNr=2358
03:02:25.094 INF Submitted request. clSeqNr=2359
03:02:25.099 INF Submitted request. clSeqNr=2360
03:02:25.104 INF Submitted request. clSeqNr=2361
03:02:25.110 INF Submitted request. clSeqNr=2362
03:02:25.115 INF Submitted request. clSeqNr=2363
03:02:25.119 INF Submitted request. clSeqNr=2364
03:02:25.124 INF Submitted request. clSeqNr=2365
03:02:25.130 INF Submitted request. clSeqNr=2366
03:02:25.135 INF Submitted request. clSeqNr=2367
03:02:25.140 INF Submitted request. clSeqNr=2368
03:02:25.145 INF Submitted request. clSeqNr=2369
03:02:25.151 INF Submitted request. clSeqNr=2370
03:02:25.155 INF Submitted request. clSeqNr=2371
03:02:25.161 INF Submitted request. clSeqNr=2372
03:02:25.166 INF Submitted request. clSeqNr=2373
03:02:25.171 INF Submitted request. clSeqNr=2374
03:02:25.176 INF Submitted request. clSeqNr=2375
03:02:25.181 INF Submitted request. clSeqNr=2376
03:02:25.186 INF Submitted request. clSeqNr=2377
03:02:25.192 INF Submitted request. clSeqNr=2378
03:02:25.197 INF Submitted request. clSeqNr=2379
03:02:25.201 INF Submitted request. clSeqNr=2380
03:02:25.207 INF Submitted request. clSeqNr=2381
03:02:25.212 INF Submitted request. clSeqNr=2382
03:02:25.218 INF Submitted request. clSeqNr=2383
03:02:25.222 INF Submitted request. clSeqNr=2384
03:02:25.228 INF Submitted request. clSeqNr=2385
03:02:25.233 INF Submitted request. clSeqNr=2386
03:02:25.238 INF Submitted request. clSeqNr=2387
03:02:25.242 INF Submitted request. clSeqNr=2388
03:02:25.247 INF Submitted request. clSeqNr=2389
03:02:25.253 INF Submitted request. clSeqNr=2390
03:02:25.258 INF Submitted request. clSeqNr=2391
03:02:25.263 INF Submitted request. clSeqNr=2392
03:02:25.268 INF Submitted request. clSeqNr=2393
03:02:25.273 INF Submitted request. clSeqNr=2394
03:02:25.278 INF Submitted request. clSeqNr=2395
03:02:25.283 INF Submitted request. clSeqNr=2396
03:02:25.288 INF Submitted request. clSeqNr=2397
03:02:25.294 INF Submitted request. clSeqNr=2398
03:02:25.299 INF Submitted request. clSeqNr=2399
03:02:25.304 INF Submitted request. clSeqNr=2400
03:02:25.309 INF Submitted request. clSeqNr=2401
03:02:25.314 INF Submitted request. clSeqNr=2402
03:02:25.319 INF Submitted request. clSeqNr=2403
03:02:25.324 INF Submitted request. clSeqNr=2404
03:02:25.329 INF Submitted request. clSeqNr=2405
03:02:25.335 INF Submitted request. clSeqNr=2406
03:02:25.340 INF Submitted request. clSeqNr=2407
03:02:25.345 INF Submitted request. clSeqNr=2408
03:02:25.350 INF Submitted request. clSeqNr=2409
03:02:25.355 INF Submitted request. clSeqNr=2410
03:02:25.361 INF Submitted request. clSeqNr=2411
03:02:25.366 INF Submitted request. clSeqNr=2412
03:02:25.371 INF Submitted request. clSeqNr=2413
03:02:25.376 INF Submitted request. clSeqNr=2414
03:02:25.381 INF Submitted request. clSeqNr=2415
03:02:25.386 INF Submitted request. clSeqNr=2416
03:02:25.391 INF Submitted request. clSeqNr=2417
03:02:25.396 INF Submitted request. clSeqNr=2418
03:02:25.402 INF Submitted request. clSeqNr=2419
03:02:25.406 INF Submitted request. clSeqNr=2420
03:02:25.411 INF Submitted request. clSeqNr=2421
03:02:25.417 INF Submitted request. clSeqNr=2422
03:02:25.422 INF Submitted request. clSeqNr=2423
03:02:25.427 INF Submitted request. clSeqNr=2424
03:02:25.432 INF Submitted request. clSeqNr=2425
03:02:25.437 INF Submitted request. clSeqNr=2426
03:02:25.443 INF Submitted request. clSeqNr=2427
03:02:25.447 INF Submitted request. clSeqNr=2428
03:02:25.452 INF Submitted request. clSeqNr=2429
03:02:25.458 INF Submitted request. clSeqNr=2430
03:02:25.463 INF Submitted request. clSeqNr=2431
03:02:25.469 INF Submitted request. clSeqNr=2432
03:02:25.473 INF Submitted request. clSeqNr=2433
03:02:25.478 INF Submitted request. clSeqNr=2434
03:02:25.483 INF Submitted request. clSeqNr=2435
03:02:25.489 INF Submitted request. clSeqNr=2436
03:02:25.494 INF Submitted request. clSeqNr=2437
03:02:25.499 INF Submitted request. clSeqNr=2438
03:02:25.505 INF Submitted request. clSeqNr=2439
03:02:25.509 INF Submitted request. clSeqNr=2440
03:02:25.514 INF Submitted request. clSeqNr=2441
03:02:25.520 INF Submitted request. clSeqNr=2442
03:02:25.525 INF Submitted request. clSeqNr=2443
03:02:25.530 INF Submitted request. clSeqNr=2444
03:02:25.535 INF Submitted request. clSeqNr=2445
03:02:25.541 INF Submitted request. clSeqNr=2446
03:02:25.545 INF Submitted request. clSeqNr=2447
03:02:25.550 INF Submitted request. clSeqNr=2448
03:02:25.555 INF Submitted request. clSeqNr=2449
03:02:25.560 INF Submitted request. clSeqNr=2450
03:02:25.566 INF Submitted request. clSeqNr=2451
03:02:25.571 INF Submitted request. clSeqNr=2452
03:02:25.576 INF Submitted request. clSeqNr=2453
03:02:25.581 INF Submitted request. clSeqNr=2454
03:02:25.586 INF Submitted request. clSeqNr=2455
03:02:25.591 INF Submitted request. clSeqNr=2456
03:02:25.597 INF Submitted request. clSeqNr=2457
03:02:25.602 INF Submitted request. clSeqNr=2458
03:02:25.606 INF Submitted request. clSeqNr=2459
03:02:25.612 INF Submitted request. clSeqNr=2460
03:02:25.617 INF Submitted request. clSeqNr=2461
03:02:25.622 INF Submitted request. clSeqNr=2462
03:02:25.628 INF Submitted request. clSeqNr=2463
03:02:25.633 INF Submitted request. clSeqNr=2464
03:02:25.638 INF Submitted request. clSeqNr=2465
03:02:25.643 INF Submitted request. clSeqNr=2466
03:02:25.648 INF Submitted request. clSeqNr=2467
03:02:25.652 INF Submitted request. clSeqNr=2468
03:02:25.658 INF Submitted request. clSeqNr=2469
03:02:25.663 INF Submitted request. clSeqNr=2470
03:02:25.669 INF Submitted request. clSeqNr=2471
03:02:25.673 INF Submitted request. clSeqNr=2472
03:02:25.678 INF Submitted request. clSeqNr=2473
03:02:25.684 INF Submitted request. clSeqNr=2474
03:02:25.688 INF Submitted request. clSeqNr=2475
03:02:25.694 INF Submitted request. clSeqNr=2476
03:02:25.699 INF Submitted request. clSeqNr=2477
03:02:25.704 INF Submitted request. clSeqNr=2478
03:02:25.710 INF Submitted request. clSeqNr=2479
03:02:25.714 INF Submitted request. clSeqNr=2480
03:02:25.719 INF Submitted request. clSeqNr=2481
03:02:25.724 INF Submitted request. clSeqNr=2482
03:02:25.730 INF Submitted request. clSeqNr=2483
03:02:25.734 INF Submitted request. clSeqNr=2484
03:02:25.740 INF Submitted request. clSeqNr=2485
03:02:25.745 INF Submitted request. clSeqNr=2486
03:02:25.750 INF Submitted request. clSeqNr=2487
03:02:25.756 INF Submitted request. clSeqNr=2488
03:02:25.760 INF Submitted request. clSeqNr=2489
03:02:25.765 INF Submitted request. clSeqNr=2490
03:02:25.770 INF Submitted request. clSeqNr=2491
03:02:25.776 INF Submitted request. clSeqNr=2492
03:02:25.781 INF Submitted request. clSeqNr=2493
03:02:25.786 INF Submitted request. clSeqNr=2494
03:02:25.792 INF Submitted request. clSeqNr=2495
03:02:25.797 INF Submitted request. clSeqNr=2496
03:02:25.802 INF Submitted request. clSeqNr=2497
03:02:25.807 INF Submitted request. clSeqNr=2498
03:02:25.812 INF Submitted request. clSeqNr=2499
03:02:25.817 INF Submitted request. clSeqNr=2500
03:02:25.823 INF Submitted request. clSeqNr=2501
03:02:25.827 INF Submitted request. clSeqNr=2502
03:02:25.832 INF Submitted request. clSeqNr=2503
03:02:25.837 INF Submitted request. clSeqNr=2504
03:02:25.843 INF Submitted request. clSeqNr=2505
03:02:25.847 INF Submitted request. clSeqNr=2506
03:02:25.853 INF Submitted request. clSeqNr=2507
03:02:25.858 INF Submitted request. clSeqNr=2508
03:02:25.863 INF Submitted request. clSeqNr=2509
03:02:25.868 INF Submitted request. clSeqNr=2510
03:02:25.874 INF Submitted request. clSeqNr=2511
03:02:25.879 INF Submitted request. clSeqNr=2512
03:02:25.884 INF Submitted request. clSeqNr=2513
03:02:25.889 INF Submitted request. clSeqNr=2514
03:02:25.894 INF Submitted request. clSeqNr=2515
03:02:25.899 INF Submitted request. clSeqNr=2516
03:02:25.904 INF Submitted request. clSeqNr=2517
03:02:25.909 INF Submitted request. clSeqNr=2518
03:02:25.915 INF Submitted request. clSeqNr=2519
03:02:25.919 INF Submitted request. clSeqNr=2520
03:02:25.924 INF Submitted request. clSeqNr=2521
03:02:25.930 INF Submitted request. clSeqNr=2522
03:02:25.935 INF Submitted request. clSeqNr=2523
03:02:25.941 INF Submitted request. clSeqNr=2524
03:02:25.945 INF Submitted request. clSeqNr=2525
03:02:25.950 INF Submitted request. clSeqNr=2526
03:02:25.956 INF Submitted request. clSeqNr=2527
03:02:25.961 INF Submitted request. clSeqNr=2528
03:02:25.965 INF Submitted request. clSeqNr=2529
03:02:25.971 INF Submitted request. clSeqNr=2530
03:02:25.976 INF Submitted request. clSeqNr=2531
03:02:25.981 INF Submitted request. clSeqNr=2532
03:02:25.986 INF Submitted request. clSeqNr=2533
03:02:25.992 INF Submitted request. clSeqNr=2534
03:02:25.996 INF Submitted request. clSeqNr=2535
03:02:26.001 INF Submitted request. clSeqNr=2536
03:02:26.006 INF Submitted request. clSeqNr=2537
03:02:26.011 INF Submitted request. clSeqNr=2538
03:02:26.014 INF Request finished (out of order). clSeqNr=909
03:02:26.015 INF Request finished (out of order). clSeqNr=925
03:02:26.015 INF Request finished (out of order). clSeqNr=941
03:02:26.015 INF Request finished (out of order). clSeqNr=957
03:02:26.015 INF Request finished (out of order). clSeqNr=973
03:02:26.015 INF Request finished (out of order). clSeqNr=989
03:02:26.015 INF Request finished (out of order). clSeqNr=1005
03:02:26.015 INF Request finished (out of order). clSeqNr=765
03:02:26.015 INF Request finished (out of order). clSeqNr=781
03:02:26.015 INF Request finished (out of order). clSeqNr=797
03:02:26.015 INF Request finished (out of order). clSeqNr=813
03:02:26.015 INF Request finished (out of order). clSeqNr=829
03:02:26.015 INF Request finished (out of order). clSeqNr=845
03:02:26.015 INF Request finished (out of order). clSeqNr=861
03:02:26.015 INF Request finished (out of order). clSeqNr=877
03:02:26.015 INF Request finished (out of order). clSeqNr=893
03:02:26.015 INF Request finished (out of order). clSeqNr=1166
03:02:26.016 INF Request finished (out of order). clSeqNr=1182
03:02:26.016 INF Request finished (out of order). clSeqNr=1198
03:02:26.016 INF Request finished (out of order). clSeqNr=1214
03:02:26.016 INF Request finished (out of order). clSeqNr=1230
03:02:26.016 INF Request finished (out of order). clSeqNr=990
03:02:26.016 INF Request finished (out of order). clSeqNr=1006
03:02:26.016 INF Request finished (out of order). clSeqNr=1022
03:02:26.016 INF Request finished (out of order). clSeqNr=1038
03:02:26.016 INF Request finished (out of order). clSeqNr=1054
03:02:26.016 INF Request finished (out of order). clSeqNr=1070
03:02:26.016 INF Request finished (out of order). clSeqNr=1086
03:02:26.016 INF Request finished (out of order). clSeqNr=1102
03:02:26.016 INF Request finished (out of order). clSeqNr=1118
03:02:26.016 INF Request finished (out of order). clSeqNr=1134
03:02:26.016 INF Request finished (out of order). clSeqNr=1150
03:02:26.016 INF Request finished (out of order). clSeqNr=1167
03:02:26.016 INF Request finished (out of order). clSeqNr=1183
03:02:26.016 INF Request finished (out of order). clSeqNr=1199
03:02:26.016 INF Request finished (out of order). clSeqNr=1215
03:02:26.016 INF Request finished (out of order). clSeqNr=1231
03:02:26.016 INF Request finished (out of order). clSeqNr=991
03:02:26.017 INF Submitted request. clSeqNr=2539
03:02:26.017 INF Request finished (out of order). clSeqNr=1007
03:02:26.017 INF Request finished (out of order). clSeqNr=1023
03:02:26.018 INF Request finished (out of order). clSeqNr=1039
03:02:26.018 INF Request finished (out of order). clSeqNr=1055
03:02:26.019 INF Request finished (out of order). clSeqNr=1071
03:02:26.020 INF Request finished (out of order). clSeqNr=1087
03:02:26.020 INF Request finished (out of order). clSeqNr=1103
03:02:26.021 INF Request finished (out of order). clSeqNr=1119
03:02:26.021 INF Request finished (out of order). clSeqNr=1135
03:02:26.022 INF Request finished (out of order). clSeqNr=1151
03:02:26.022 INF Submitted request. clSeqNr=2540
03:02:26.022 INF Request finished (out of order). clSeqNr=1168
03:02:26.023 INF Request finished (out of order). clSeqNr=1184
03:02:26.023 INF Request finished (out of order). clSeqNr=1200
03:02:26.024 INF Request finished (out of order). clSeqNr=1216
03:02:26.025 INF Request finished (out of order). clSeqNr=1232
03:02:26.025 INF Request finished (out of order). clSeqNr=992
03:02:26.025 INF Request finished (out of order). clSeqNr=1008
03:02:26.026 INF Request finished (out of order). clSeqNr=1024
03:02:26.027 INF Request finished (out of order). clSeqNr=1040
03:02:26.027 INF Submitted request. clSeqNr=2541
03:02:26.027 INF Request finished (out of order). clSeqNr=1056
03:02:26.028 INF Request finished (out of order). clSeqNr=1072
03:02:26.029 INF Request finished (out of order). clSeqNr=1088
03:02:26.029 INF Request finished (out of order). clSeqNr=1104
03:02:26.030 INF Request finished (out of order). clSeqNr=1120
03:02:26.032 INF Submitted request. clSeqNr=2542
03:02:26.037 INF Submitted request. clSeqNr=2543
03:02:26.042 INF Submitted request. clSeqNr=2544
03:02:26.046 INF Request finished (out of order). clSeqNr=1136
03:02:26.046 INF Request finished (out of order). clSeqNr=1152
03:02:26.046 INF Request finished (out of order). clSeqNr=1169
03:02:26.047 INF Request finished (out of order). clSeqNr=1185
03:02:26.047 INF Submitted request. clSeqNr=2545
03:02:26.048 INF Request finished (out of order). clSeqNr=1201
03:02:26.048 INF Request finished (out of order). clSeqNr=1217
03:02:26.048 INF Request finished (out of order). clSeqNr=1233
03:02:26.048 INF Request finished (out of order). clSeqNr=993
03:02:26.053 INF Submitted request. clSeqNr=2546
03:02:26.058 INF Submitted request. clSeqNr=2547
03:02:26.063 INF Submitted request. clSeqNr=2548
03:02:26.068 INF Submitted request. clSeqNr=2549
03:02:26.073 INF Submitted request. clSeqNr=2550
03:02:26.078 INF Submitted request. clSeqNr=2551
03:02:26.083 INF Submitted request. clSeqNr=2552
03:02:26.088 INF Request finished (out of order). clSeqNr=1009
03:02:26.088 INF Request finished (out of order). clSeqNr=1025
03:02:26.088 INF Request finished (out of order). clSeqNr=1041
03:02:26.088 INF Request finished (out of order). clSeqNr=1057
03:02:26.088 INF Request finished (out of order). clSeqNr=1073
03:02:26.088 INF Request finished (out of order). clSeqNr=1089
03:02:26.088 INF Request finished (out of order). clSeqNr=1105
03:02:26.088 INF Request finished (out of order). clSeqNr=1121
03:02:26.088 INF Request finished (out of order). clSeqNr=1137
03:02:26.088 INF Request finished (out of order). clSeqNr=1153
03:02:26.088 INF Request finished (out of order). clSeqNr=914
03:02:26.088 INF Submitted request. clSeqNr=2553
03:02:26.090 INF Request finished (out of order). clSeqNr=930
03:02:26.090 INF Request finished (out of order). clSeqNr=946
03:02:26.090 INF Request finished (out of order). clSeqNr=962
03:02:26.090 INF Request finished (out of order). clSeqNr=978
03:02:26.090 INF Request finished (out of order). clSeqNr=738
03:02:26.090 INF Request finished (out of order). clSeqNr=754
03:02:26.090 INF Request finished (out of order). clSeqNr=770
03:02:26.090 INF Request finished (out of order). clSeqNr=786
03:02:26.090 INF Request finished (out of order). clSeqNr=802
03:02:26.090 INF Request finished (out of order). clSeqNr=818
03:02:26.090 INF Request finished (out of order). clSeqNr=834
03:02:26.090 INF Request finished (out of order). clSeqNr=850
03:02:26.090 INF Request finished (out of order). clSeqNr=866
03:02:26.090 INF Request finished (out of order). clSeqNr=882
03:02:26.090 INF Request finished (out of order). clSeqNr=898
03:02:26.090 INF Request finished (out of order). clSeqNr=915
03:02:26.090 INF Request finished (out of order). clSeqNr=931
03:02:26.090 INF Request finished (out of order). clSeqNr=947
03:02:26.090 INF Request finished (out of order). clSeqNr=963
03:02:26.090 INF Request finished (out of order). clSeqNr=979
03:02:26.090 INF Request finished (out of order). clSeqNr=739
03:02:26.090 INF Request finished (out of order). clSeqNr=755
03:02:26.090 INF Request finished (out of order). clSeqNr=771
03:02:26.090 INF Request finished (out of order). clSeqNr=787
03:02:26.090 INF Request finished (out of order). clSeqNr=803
03:02:26.090 INF Request finished (out of order). clSeqNr=819
03:02:26.090 INF Request finished (out of order). clSeqNr=835
03:02:26.090 INF Request finished (out of order). clSeqNr=851
03:02:26.091 INF Request finished (out of order). clSeqNr=867
03:02:26.091 INF Request finished (out of order). clSeqNr=883
03:02:26.091 INF Request finished (out of order). clSeqNr=899
03:02:26.091 INF Request finished (out of order). clSeqNr=916
03:02:26.091 INF Request finished (out of order). clSeqNr=932
03:02:26.091 INF Request finished (out of order). clSeqNr=948
03:02:26.091 INF Request finished (out of order). clSeqNr=964
03:02:26.091 INF Request finished (out of order). clSeqNr=980
03:02:26.091 INF Request finished (out of order). clSeqNr=740
03:02:26.091 INF Request finished (out of order). clSeqNr=756
03:02:26.092 INF Request finished (out of order). clSeqNr=772
03:02:26.092 INF Request finished (out of order). clSeqNr=788
03:02:26.092 INF Request finished (out of order). clSeqNr=804
03:02:26.092 INF Request finished (out of order). clSeqNr=820
03:02:26.092 INF Request finished (out of order). clSeqNr=836
03:02:26.092 INF Request finished (out of order). clSeqNr=852
03:02:26.092 INF Request finished (out of order). clSeqNr=868
03:02:26.092 INF Request finished (out of order). clSeqNr=884
03:02:26.094 INF Submitted request. clSeqNr=2554
03:02:26.099 INF Submitted request. clSeqNr=2555
03:02:26.100 INF Request finished (out of order). clSeqNr=900
03:02:26.100 INF Request finished (out of order). clSeqNr=917
03:02:26.100 INF Request finished (out of order). clSeqNr=933
03:02:26.100 INF Request finished (out of order). clSeqNr=949
03:02:26.100 INF Request finished (out of order). clSeqNr=965
03:02:26.100 INF Request finished (out of order). clSeqNr=981
03:02:26.100 INF Request finished (out of order). clSeqNr=741
03:02:26.100 INF Request finished (out of order). clSeqNr=757
03:02:26.100 INF Request finished (out of order). clSeqNr=773
03:02:26.100 INF Request finished (out of order). clSeqNr=789
03:02:26.103 INF Request finished (out of order). clSeqNr=805
03:02:26.103 INF Request finished (out of order). clSeqNr=821
03:02:26.103 INF Request finished (out of order). clSeqNr=837
03:02:26.103 INF Request finished (out of order). clSeqNr=853
03:02:26.103 INF Request finished (out of order). clSeqNr=869
03:02:26.103 INF Request finished (out of order). clSeqNr=885
03:02:26.104 INF Submitted request. clSeqNr=2556
03:02:26.105 INF Request finished (out of order). clSeqNr=901
03:02:26.109 INF Submitted request. clSeqNr=2557
03:02:26.114 INF Submitted request. clSeqNr=2558
03:02:26.119 INF Submitted request. clSeqNr=2559
03:02:26.124 INF Submitted request. clSeqNr=2560
03:02:26.129 INF Submitted request. clSeqNr=2561
03:02:26.135 INF Submitted request. clSeqNr=2562
03:02:26.140 INF Submitted request. clSeqNr=2563
03:02:26.145 INF Submitted request. clSeqNr=2564
03:02:26.150 INF Submitted request. clSeqNr=2565
03:02:26.155 INF Submitted request. clSeqNr=2566
03:02:26.160 INF Submitted request. clSeqNr=2567
03:02:26.165 INF Submitted request. clSeqNr=2568
03:02:26.170 INF Submitted request. clSeqNr=2569
03:02:26.176 INF Submitted request. clSeqNr=2570
03:02:26.181 INF Submitted request. clSeqNr=2571
03:02:26.186 INF Submitted request. clSeqNr=2572
03:02:26.191 INF Submitted request. clSeqNr=2573
03:02:26.196 INF Submitted request. clSeqNr=2574
03:02:26.201 INF Submitted request. clSeqNr=2575
03:02:26.206 INF Submitted request. clSeqNr=2576
03:02:26.211 INF Submitted request. clSeqNr=2577
03:02:26.217 INF Submitted request. clSeqNr=2578
03:02:26.222 INF Submitted request. clSeqNr=2579
03:02:26.227 INF Submitted request. clSeqNr=2580
03:02:26.233 INF Submitted request. clSeqNr=2581
03:02:26.237 INF Submitted request. clSeqNr=2582
03:02:26.243 INF Submitted request. clSeqNr=2583
03:02:26.248 INF Submitted request. clSeqNr=2584
03:02:26.253 INF Submitted request. clSeqNr=2585
03:02:26.258 INF Submitted request. clSeqNr=2586
03:02:26.264 INF Submitted request. clSeqNr=2587
03:02:26.268 INF Submitted request. clSeqNr=2588
03:02:26.273 INF Submitted request. clSeqNr=2589
03:02:26.279 INF Submitted request. clSeqNr=2590
03:02:26.283 INF Submitted request. clSeqNr=2591
03:02:26.288 INF Submitted request. clSeqNr=2592
03:02:26.294 INF Submitted request. clSeqNr=2593
03:02:26.299 INF Submitted request. clSeqNr=2594
03:02:26.304 INF Submitted request. clSeqNr=2595
03:02:26.309 INF Submitted request. clSeqNr=2596
03:02:26.314 INF Submitted request. clSeqNr=2597
03:02:26.319 INF Submitted request. clSeqNr=2598
03:02:26.324 INF Submitted request. clSeqNr=2599
03:02:26.330 INF Submitted request. clSeqNr=2600
03:02:26.335 INF Submitted request. clSeqNr=2601
03:02:26.340 INF Submitted request. clSeqNr=2602
03:02:26.345 INF Submitted request. clSeqNr=2603
03:02:26.350 INF Submitted request. clSeqNr=2604
03:02:26.355 INF Submitted request. clSeqNr=2605
03:02:26.360 INF Submitted request. clSeqNr=2606
03:02:26.365 INF Submitted request. clSeqNr=2607
03:02:26.371 INF Submitted request. clSeqNr=2608
03:02:26.376 INF Submitted request. clSeqNr=2609
03:02:26.381 INF Submitted request. clSeqNr=2610
03:02:26.387 INF Submitted request. clSeqNr=2611
03:02:26.391 INF Submitted request. clSeqNr=2612
03:02:26.396 INF Submitted request. clSeqNr=2613
03:02:26.402 INF Submitted request. clSeqNr=2614
03:02:26.407 INF Submitted request. clSeqNr=2615
03:02:26.412 INF Submitted request. clSeqNr=2616
03:02:26.417 INF Submitted request. clSeqNr=2617
03:02:26.422 INF Submitted request. clSeqNr=2618
03:02:26.427 INF Submitted request. clSeqNr=2619
03:02:26.432 INF Submitted request. clSeqNr=2620
03:02:26.437 INF Submitted request. clSeqNr=2621
03:02:26.442 INF Submitted request. clSeqNr=2622
03:02:26.447 INF Submitted request. clSeqNr=2623
03:02:26.452 INF Submitted request. clSeqNr=2624
03:02:26.458 INF Submitted request. clSeqNr=2625
03:02:26.463 INF Submitted request. clSeqNr=2626
03:02:26.468 INF Submitted request. clSeqNr=2627
03:02:26.474 INF Submitted request. clSeqNr=2628
03:02:26.479 INF Submitted request. clSeqNr=2629
03:02:26.483 INF Submitted request. clSeqNr=2630
03:02:26.489 INF Submitted request. clSeqNr=2631
03:02:26.493 INF Submitted request. clSeqNr=2632
03:02:26.499 INF Submitted request. clSeqNr=2633
03:02:26.504 INF Submitted request. clSeqNr=2634
03:02:26.510 INF Submitted request. clSeqNr=2635
03:02:26.514 INF Submitted request. clSeqNr=2636
03:02:26.519 INF Submitted request. clSeqNr=2637
03:02:26.524 INF Submitted request. clSeqNr=2638
03:02:26.529 INF Submitted request. clSeqNr=2639
03:02:26.535 INF Submitted request. clSeqNr=2640
03:02:26.541 INF Submitted request. clSeqNr=2641
03:02:26.546 INF Submitted request. clSeqNr=2642
03:02:26.551 INF Submitted request. clSeqNr=2643
03:02:26.556 INF Submitted request. clSeqNr=2644
03:02:26.561 INF Submitted request. clSeqNr=2645
03:02:26.565 INF Submitted request. clSeqNr=2646
03:02:26.571 INF Submitted request. clSeqNr=2647
03:02:26.576 INF Submitted request. clSeqNr=2648
03:02:26.581 INF Submitted request. clSeqNr=2649
03:02:26.586 INF Submitted request. clSeqNr=2650
03:02:26.591 INF Submitted request. clSeqNr=2651
03:02:26.596 INF Submitted request. clSeqNr=2652
03:02:26.602 INF Submitted request. clSeqNr=2653
03:02:26.607 INF Submitted request. clSeqNr=2654
03:02:26.611 INF Submitted request. clSeqNr=2655
03:02:26.617 INF Submitted request. clSeqNr=2656
03:02:26.622 INF Submitted request. clSeqNr=2657
03:02:26.627 INF Submitted request. clSeqNr=2658
03:02:26.633 INF Submitted request. clSeqNr=2659
03:02:26.637 INF Submitted request. clSeqNr=2660
03:02:26.642 INF Submitted request. clSeqNr=2661
03:02:26.647 INF Submitted request. clSeqNr=2662
03:02:26.652 INF Submitted request. clSeqNr=2663
03:02:26.658 INF Submitted request. clSeqNr=2664
03:02:26.663 INF Submitted request. clSeqNr=2665
03:02:26.669 INF Submitted request. clSeqNr=2666
03:02:26.674 INF Submitted request. clSeqNr=2667
03:02:26.678 INF Submitted request. clSeqNr=2668
03:02:26.683 INF Submitted request. clSeqNr=2669
03:02:26.689 INF Submitted request. clSeqNr=2670
03:02:26.694 INF Submitted request. clSeqNr=2671
03:02:26.699 INF Submitted request. clSeqNr=2672
03:02:26.704 INF Submitted request. clSeqNr=2673
03:02:26.709 INF Submitted request. clSeqNr=2674
03:02:26.715 INF Submitted request. clSeqNr=2675
03:02:26.720 INF Submitted request. clSeqNr=2676
03:02:26.724 INF Submitted request. clSeqNr=2677
03:02:26.730 INF Submitted request. clSeqNr=2678
03:02:26.735 INF Submitted request. clSeqNr=2679
03:02:26.741 INF Submitted request. clSeqNr=2680
03:02:26.745 INF Submitted request. clSeqNr=2681
03:02:26.751 INF Submitted request. clSeqNr=2682
03:02:26.755 INF Submitted request. clSeqNr=2683
03:02:26.761 INF Submitted request. clSeqNr=2684
03:02:26.766 INF Submitted request. clSeqNr=2685
03:02:26.770 INF Submitted request. clSeqNr=2686
03:02:26.775 INF Submitted request. clSeqNr=2687
03:02:26.781 INF Submitted request. clSeqNr=2688
03:02:26.786 INF Submitted request. clSeqNr=2689
03:02:26.791 INF Submitted request. clSeqNr=2690
03:02:26.797 INF Submitted request. clSeqNr=2691
03:02:26.802 INF Submitted request. clSeqNr=2692
03:02:26.807 INF Submitted request. clSeqNr=2693
03:02:26.811 INF Submitted request. clSeqNr=2694
03:02:26.817 INF Submitted request. clSeqNr=2695
03:02:26.822 INF Submitted request. clSeqNr=2696
03:02:26.827 INF Submitted request. clSeqNr=2697
03:02:26.832 INF Submitted request. clSeqNr=2698
03:02:26.837 INF Submitted request. clSeqNr=2699
03:02:26.842 INF Submitted request. clSeqNr=2700
03:02:26.848 INF Submitted request. clSeqNr=2701
03:02:26.853 INF Submitted request. clSeqNr=2702
03:02:26.858 INF Submitted request. clSeqNr=2703
03:02:26.863 INF Submitted request. clSeqNr=2704
03:02:26.868 INF Submitted request. clSeqNr=2705
03:02:26.873 INF Submitted request. clSeqNr=2706
03:02:26.879 INF Submitted request. clSeqNr=2707
03:02:26.883 INF Submitted request. clSeqNr=2708
03:02:26.889 INF Submitted request. clSeqNr=2709
03:02:26.894 INF Submitted request. clSeqNr=2710
03:02:26.899 INF Submitted request. clSeqNr=2711
03:02:26.904 INF Submitted request. clSeqNr=2712
03:02:26.909 INF Submitted request. clSeqNr=2713
03:02:26.914 INF Submitted request. clSeqNr=2714
03:02:26.919 INF Submitted request. clSeqNr=2715
03:02:26.924 INF Submitted request. clSeqNr=2716
03:02:26.930 INF Submitted request. clSeqNr=2717
03:02:26.935 INF Submitted request. clSeqNr=2718
03:02:26.940 INF Submitted request. clSeqNr=2719
03:02:26.945 INF Submitted request. clSeqNr=2720
03:02:26.951 INF Submitted request. clSeqNr=2721
03:02:26.956 INF Submitted request. clSeqNr=2722
03:02:26.961 INF Submitted request. clSeqNr=2723
03:02:26.965 INF Submitted request. clSeqNr=2724
03:02:26.971 INF Submitted request. clSeqNr=2725
03:02:26.976 INF Submitted request. clSeqNr=2726
03:02:26.981 INF Submitted request. clSeqNr=2727
03:02:26.987 INF Submitted request. clSeqNr=2728
03:02:26.991 INF Submitted request. clSeqNr=2729
03:02:26.996 INF Submitted request. clSeqNr=2730
03:02:27.002 INF Submitted request. clSeqNr=2731
03:02:27.007 INF Submitted request. clSeqNr=2732
03:02:27.012 INF Submitted request. clSeqNr=2733
03:02:27.017 INF Submitted request. clSeqNr=2734
03:02:27.022 INF Submitted request. clSeqNr=2735
03:02:27.027 INF Submitted request. clSeqNr=2736
03:02:27.032 INF Submitted request. clSeqNr=2737
03:02:27.037 INF Submitted request. clSeqNr=2738
03:02:27.042 INF Submitted request. clSeqNr=2739
03:02:27.047 INF Submitted request. clSeqNr=2740
03:02:27.052 INF Submitted request. clSeqNr=2741
03:02:27.058 INF Submitted request. clSeqNr=2742
03:02:27.063 INF Submitted request. clSeqNr=2743
03:02:27.068 INF Submitted request. clSeqNr=2744
03:02:27.073 INF Submitted request. clSeqNr=2745
03:02:27.078 INF Submitted request. clSeqNr=2746
03:02:27.084 INF Submitted request. clSeqNr=2747
03:02:27.089 INF Submitted request. clSeqNr=2748
03:02:27.093 INF Submitted request. clSeqNr=2749
03:02:27.099 INF Submitted request. clSeqNr=2750
03:02:27.104 INF Submitted request. clSeqNr=2751
03:02:27.110 INF Submitted request. clSeqNr=2752
03:02:27.114 INF Submitted request. clSeqNr=2753
03:02:27.119 INF Submitted request. clSeqNr=2754
03:02:27.125 INF Submitted request. clSeqNr=2755
03:02:27.130 INF Submitted request. clSeqNr=2756
03:02:27.135 INF Submitted request. clSeqNr=2757
03:02:27.140 INF Submitted request. clSeqNr=2758
03:02:27.146 INF Submitted request. clSeqNr=2759
03:02:27.150 INF Submitted request. clSeqNr=2760
03:02:27.155 INF Submitted request. clSeqNr=2761
03:02:27.160 INF Submitted request. clSeqNr=2762
03:02:27.165 INF Submitted request. clSeqNr=2763
03:02:27.171 INF Submitted request. clSeqNr=2764
03:02:27.176 INF Submitted request. clSeqNr=2765
03:02:27.181 INF Submitted request. clSeqNr=2766
03:02:27.186 INF Submitted request. clSeqNr=2767
03:02:27.191 INF Submitted request. clSeqNr=2768
03:02:27.196 INF Submitted request. clSeqNr=2769
03:02:27.202 INF Submitted request. clSeqNr=2770
03:02:27.207 INF Submitted request. clSeqNr=2771
03:02:27.212 INF Submitted request. clSeqNr=2772
03:02:27.216 INF Submitted request. clSeqNr=2773
03:02:27.222 INF Submitted request. clSeqNr=2774
03:02:27.227 INF Submitted request. clSeqNr=2775
03:02:27.232 INF Submitted request. clSeqNr=2776
03:02:27.237 INF Submitted request. clSeqNr=2777
03:02:27.243 INF Submitted request. clSeqNr=2778
03:02:27.248 INF Submitted request. clSeqNr=2779
03:02:27.253 INF Submitted request. clSeqNr=2780
03:02:27.258 INF Submitted request. clSeqNr=2781
03:02:27.263 INF Submitted request. clSeqNr=2782
03:02:27.268 INF Submitted request. clSeqNr=2783
03:02:27.274 INF Submitted request. clSeqNr=2784
03:02:27.279 INF Submitted request. clSeqNr=2785
03:02:27.284 INF Submitted request. clSeqNr=2786
03:02:27.289 INF Submitted request. clSeqNr=2787
03:02:27.293 INF Submitted request. clSeqNr=2788
03:02:27.299 INF Submitted request. clSeqNr=2789
03:02:27.304 INF Submitted request. clSeqNr=2790
03:02:27.309 INF Submitted request. clSeqNr=2791
03:02:27.314 INF Submitted request. clSeqNr=2792
03:02:27.319 INF Submitted request. clSeqNr=2793
03:02:27.325 INF Submitted request. clSeqNr=2794
03:02:27.329 INF Submitted request. clSeqNr=2795
03:02:27.334 INF Submitted request. clSeqNr=2796
03:02:27.340 INF Submitted request. clSeqNr=2797
03:02:27.346 INF Submitted request. clSeqNr=2798
03:02:27.350 INF Submitted request. clSeqNr=2799
03:02:27.355 INF Submitted request. clSeqNr=2800
03:02:27.361 INF Submitted request. clSeqNr=2801
03:02:27.366 INF Submitted request. clSeqNr=2802
03:02:27.371 INF Submitted request. clSeqNr=2803
03:02:27.375 INF Submitted request. clSeqNr=2804
03:02:27.381 INF Submitted request. clSeqNr=2805
03:02:27.386 INF Submitted request. clSeqNr=2806
03:02:27.391 INF Submitted request. clSeqNr=2807
03:02:27.396 INF Submitted request. clSeqNr=2808
03:02:27.401 INF Submitted request. clSeqNr=2809
03:02:27.407 INF Submitted request. clSeqNr=2810
03:02:27.411 INF Submitted request. clSeqNr=2811
03:02:27.417 INF Submitted request. clSeqNr=2812
03:02:27.422 INF Submitted request. clSeqNr=2813
03:02:27.427 INF Submitted request. clSeqNr=2814
03:02:27.432 INF Submitted request. clSeqNr=2815
03:02:27.437 INF Submitted request. clSeqNr=2816
03:02:27.443 INF Submitted request. clSeqNr=2817
03:02:27.448 INF Submitted request. clSeqNr=2818
03:02:27.452 INF Submitted request. clSeqNr=2819
03:02:27.458 INF Submitted request. clSeqNr=2820
03:02:27.463 INF Submitted request. clSeqNr=2821
03:02:27.469 INF Submitted request. clSeqNr=2822
03:02:27.473 INF Submitted request. clSeqNr=2823
03:02:27.478 INF Submitted request. clSeqNr=2824
03:02:27.484 INF Submitted request. clSeqNr=2825
03:02:27.489 INF Submitted request. clSeqNr=2826
03:02:27.494 INF Submitted request. clSeqNr=2827
03:02:27.499 INF Submitted request. clSeqNr=2828
03:02:27.504 INF Submitted request. clSeqNr=2829
03:02:27.509 INF Submitted request. clSeqNr=2830
03:02:27.514 INF Submitted request. clSeqNr=2831
03:02:27.520 INF Submitted request. clSeqNr=2832
03:02:27.524 INF Submitted request. clSeqNr=2833
03:02:27.529 INF Submitted request. clSeqNr=2834
03:02:27.535 INF Submitted request. clSeqNr=2835
03:02:27.541 INF Submitted request. clSeqNr=2836
03:02:27.545 INF Submitted request. clSeqNr=2837
03:02:27.550 INF Submitted request. clSeqNr=2838
03:02:27.556 INF Submitted request. clSeqNr=2839
03:02:27.560 INF Submitted request. clSeqNr=2840
03:02:27.566 INF Submitted request. clSeqNr=2841
03:02:27.570 INF Submitted request. clSeqNr=2842
03:02:27.576 INF Submitted request. clSeqNr=2843
03:02:27.581 INF Submitted request. clSeqNr=2844
03:02:27.586 INF Submitted request. clSeqNr=2845
03:02:27.591 INF Submitted request. clSeqNr=2846
03:02:27.596 INF Submitted request. clSeqNr=2847
03:02:27.601 INF Submitted request. clSeqNr=2848
03:02:27.607 INF Submitted request. clSeqNr=2849
03:02:27.612 INF Submitted request. clSeqNr=2850
03:02:27.617 INF Submitted request. clSeqNr=2851
03:02:27.622 INF Submitted request. clSeqNr=2852
03:02:27.627 INF Submitted request. clSeqNr=2853
03:02:27.632 INF Submitted request. clSeqNr=2854
03:02:27.637 INF Submitted request. clSeqNr=2855
03:02:27.642 INF Submitted request. clSeqNr=2856
03:02:27.647 INF Submitted request. clSeqNr=2857
03:02:27.653 INF Submitted request. clSeqNr=2858
03:02:27.658 INF Submitted request. clSeqNr=2859
03:02:27.663 INF Submitted request. clSeqNr=2860
03:02:27.668 INF Submitted request. clSeqNr=2861
03:02:27.674 INF Submitted request. clSeqNr=2862
03:02:27.679 INF Submitted request. clSeqNr=2863
03:02:27.683 INF Submitted request. clSeqNr=2864
03:02:27.689 INF Submitted request. clSeqNr=2865
03:02:27.694 INF Submitted request. clSeqNr=2866
03:02:27.699 INF Submitted request. clSeqNr=2867
03:02:27.704 INF Submitted request. clSeqNr=2868
03:02:27.709 INF Submitted request. clSeqNr=2869
03:02:27.714 INF Submitted request. clSeqNr=2870
03:02:27.719 INF Submitted request. clSeqNr=2871
03:02:27.725 INF Submitted request. clSeqNr=2872
03:02:27.730 INF Submitted request. clSeqNr=2873
03:02:27.735 INF Submitted request. clSeqNr=2874
03:02:27.740 INF Submitted request. clSeqNr=2875
03:02:27.745 INF Submitted request. clSeqNr=2876
03:02:27.751 INF Submitted request. clSeqNr=2877
03:02:27.755 INF Submitted request. clSeqNr=2878
03:02:27.760 INF Submitted request. clSeqNr=2879
03:02:27.765 INF Submitted request. clSeqNr=2880
03:02:27.771 INF Submitted request. clSeqNr=2881
03:02:27.776 INF Submitted request. clSeqNr=2882
03:02:27.781 INF Submitted request. clSeqNr=2883
03:02:27.786 INF Submitted request. clSeqNr=2884
03:02:27.792 INF Submitted request. clSeqNr=2885
03:02:27.797 INF Submitted request. clSeqNr=2886
03:02:27.801 INF Submitted request. clSeqNr=2887
03:02:27.806 INF Submitted request. clSeqNr=2888
03:02:27.811 INF Submitted request. clSeqNr=2889
03:02:27.817 INF Submitted request. clSeqNr=2890
03:02:27.822 INF Submitted request. clSeqNr=2891
03:02:27.827 INF Submitted request. clSeqNr=2892
03:02:27.832 INF Submitted request. clSeqNr=2893
03:02:27.837 INF Submitted request. clSeqNr=2894
03:02:27.842 INF Submitted request. clSeqNr=2895
03:02:27.847 INF Submitted request. clSeqNr=2896
03:02:27.852 INF Submitted request. clSeqNr=2897
03:02:27.858 INF Submitted request. clSeqNr=2898
03:02:27.863 INF Submitted request. clSeqNr=2899
03:02:27.868 INF Submitted request. clSeqNr=2900
03:02:27.874 INF Submitted request. clSeqNr=2901
03:02:27.878 INF Submitted request. clSeqNr=2902
03:02:27.884 INF Submitted request. clSeqNr=2903
03:02:27.888 INF Submitted request. clSeqNr=2904
03:02:27.894 INF Submitted request. clSeqNr=2905
03:02:27.899 INF Submitted request. clSeqNr=2906
03:02:27.904 INF Submitted request. clSeqNr=2907
03:02:27.909 INF Submitted request. clSeqNr=2908
03:02:27.914 INF Submitted request. clSeqNr=2909
03:02:27.919 INF Submitted request. clSeqNr=2910
03:02:27.924 INF Submitted request. clSeqNr=2911
03:02:27.930 INF Submitted request. clSeqNr=2912
03:02:27.935 INF Submitted request. clSeqNr=2913
03:02:27.940 INF Submitted request. clSeqNr=2914
03:02:27.945 INF Submitted request. clSeqNr=2915
03:02:27.950 INF Submitted request. clSeqNr=2916
03:02:27.955 INF Submitted request. clSeqNr=2917
03:02:27.961 INF Submitted request. clSeqNr=2918
03:02:27.965 INF Submitted request. clSeqNr=2919
03:02:27.971 INF Submitted request. clSeqNr=2920
03:02:27.976 INF Submitted request. clSeqNr=2921
03:02:27.981 INF Submitted request. clSeqNr=2922
03:02:27.986 INF Submitted request. clSeqNr=2923
03:02:27.991 INF Submitted request. clSeqNr=2924
03:02:27.996 INF Submitted request. clSeqNr=2925
03:02:27.996 INF Stopping client on timeout. clientRunTime=15000
03:02:28.001 INF Submitted request. clSeqNr=2926
03:02:28.001 INF Finished submitting requests. nReq=2927
03:02:28.109 INF Request finished (out of order). clSeqNr=1415
03:02:28.109 INF Request finished (out of order). clSeqNr=1431
03:02:28.109 INF Request finished (out of order). clSeqNr=1447
03:02:28.110 INF Request finished (out of order). clSeqNr=1463
03:02:28.110 INF Request finished (out of order). clSeqNr=1479
03:02:28.111 INF Request finished (out of order). clSeqNr=1495
03:02:28.111 INF Request finished (out of order). clSeqNr=1271
03:02:28.111 INF Request finished (out of order). clSeqNr=1287
03:02:28.113 INF Request finished (out of order). clSeqNr=1303
03:02:28.115 INF Request finished (out of order). clSeqNr=1319
03:02:28.115 INF Request finished (out of order). clSeqNr=1335
03:02:28.115 INF Request finished (out of order). clSeqNr=1351
03:02:28.115 INF Request finished (out of order). clSeqNr=1367
03:02:28.115 INF Request finished (out of order). clSeqNr=1383
03:02:28.115 INF Request finished (out of order). clSeqNr=1399
03:02:28.115 INF Request finished (out of order). clSeqNr=1416
03:02:28.115 INF Request finished (out of order). clSeqNr=1432
03:02:28.115 INF Request finished (out of order). clSeqNr=1448
03:02:28.115 INF Request finished (out of order). clSeqNr=1464
03:02:28.115 INF Request finished (out of order). clSeqNr=1480
03:02:28.115 INF Request finished (out of order). clSeqNr=1496
03:02:28.115 INF Request finished (out of order). clSeqNr=1256
03:02:28.115 INF Request finished (out of order). clSeqNr=1272
03:02:28.116 INF Request finished (out of order). clSeqNr=1288
03:02:28.116 INF Request finished (out of order). clSeqNr=1304
03:02:28.116 INF Request finished (out of order). clSeqNr=1320
03:02:28.118 INF Request finished (out of order). clSeqNr=1336
03:02:28.118 INF Request finished (out of order). clSeqNr=1352
03:02:28.118 INF Request finished (out of order). clSeqNr=1368
03:02:28.119 INF Request finished (out of order). clSeqNr=1384
03:02:28.119 INF Request finished (out of order). clSeqNr=1400
03:02:28.120 INF Request finished (out of order). clSeqNr=1417
03:02:28.120 INF Request finished (out of order). clSeqNr=1433
03:02:28.120 INF Request finished (out of order). clSeqNr=1449
03:02:28.121 INF Request finished (out of order). clSeqNr=1465
03:02:28.122 INF Request finished (out of order). clSeqNr=1481
03:02:28.122 INF Request finished (out of order). clSeqNr=1497
03:02:28.122 INF Request finished (out of order). clSeqNr=1257
03:02:28.123 INF Request finished (out of order). clSeqNr=1273
03:02:28.124 INF Request finished (out of order). clSeqNr=1289
03:02:28.125 INF Request finished (out of order). clSeqNr=1305
03:02:28.125 INF Request finished (out of order). clSeqNr=1321
03:02:28.126 INF Request finished (out of order). clSeqNr=1337
03:02:28.126 INF Request finished (out of order). clSeqNr=1353
03:02:28.126 INF Request finished (out of order). clSeqNr=1369
03:02:28.127 INF Request finished (out of order). clSeqNr=1385
03:02:28.127 INF Request finished (out of order). clSeqNr=1401
03:02:28.127 INF Request finished (out of order). clSeqNr=906
03:02:28.127 INF Request finished (out of order). clSeqNr=922
03:02:28.127 INF Request finished (out of order). clSeqNr=938
03:02:28.127 INF Request finished (out of order). clSeqNr=954
03:02:28.127 INF Request finished (out of order). clSeqNr=970
03:02:28.127 INF Request finished (out of order). clSeqNr=986
03:02:28.127 INF Request finished (out of order). clSeqNr=1002
03:02:28.127 INF Request finished (out of order). clSeqNr=762
03:02:28.127 INF Request finished (out of order). clSeqNr=778
03:02:28.127 INF Request finished (out of order). clSeqNr=794
03:02:28.127 INF Request finished (out of order). clSeqNr=810
03:02:28.127 INF Request finished (out of order). clSeqNr=826
03:02:28.127 INF Request finished (out of order). clSeqNr=842
03:02:28.127 INF Request finished (out of order). clSeqNr=858
03:02:28.127 INF Request finished (out of order). clSeqNr=874
03:02:28.127 INF Request finished (out of order). clSeqNr=890
03:02:28.127 INF Request finished (out of order). clSeqNr=907
03:02:28.127 INF Request finished (out of order). clSeqNr=923
03:02:28.127 INF Request finished (out of order). clSeqNr=939
03:02:28.128 INF Request finished (out of order). clSeqNr=955
03:02:28.128 INF Request finished (out of order). clSeqNr=971
03:02:28.128 INF Request finished (out of order). clSeqNr=987
03:02:28.128 INF Request finished (out of order). clSeqNr=1003
03:02:28.128 INF Request finished (out of order). clSeqNr=763
03:02:28.128 INF Request finished (out of order). clSeqNr=779
03:02:28.128 INF Request finished (out of order). clSeqNr=795
03:02:28.128 INF Request finished (out of order). clSeqNr=811
03:02:28.128 INF Request finished (out of order). clSeqNr=827
03:02:28.128 INF Request finished (out of order). clSeqNr=843
03:02:28.128 INF Request finished (out of order). clSeqNr=859
03:02:28.128 INF Request finished (out of order). clSeqNr=875
03:02:28.128 INF Request finished (out of order). clSeqNr=891
03:02:28.128 INF Request finished (out of order). clSeqNr=908
03:02:28.128 INF Request finished (out of order). clSeqNr=924
03:02:28.128 INF Request finished (out of order). clSeqNr=940
03:02:28.128 INF Request finished (out of order). clSeqNr=956
03:02:28.128 INF Request finished (out of order). clSeqNr=972
03:02:28.128 INF Request finished (out of order). clSeqNr=988
03:02:28.128 INF Request finished (out of order). clSeqNr=1004
03:02:28.128 INF Request finished (out of order). clSeqNr=764
03:02:28.128 INF Request finished (out of order). clSeqNr=780
03:02:28.128 INF Request finished (out of order). clSeqNr=796
03:02:28.128 INF Request finished (out of order). clSeqNr=812
03:02:28.128 INF Request finished (out of order). clSeqNr=828
03:02:28.128 INF Request finished (out of order). clSeqNr=844
03:02:28.128 INF Request finished (out of order). clSeqNr=860
03:02:28.128 INF Request finished (out of order). clSeqNr=876
03:02:28.128 INF Request finished (out of order). clSeqNr=892
03:02:28.129 INF Request finished (out of order). clSeqNr=1422
03:02:28.129 INF Request finished (out of order). clSeqNr=1438
03:02:28.129 INF Request finished (out of order). clSeqNr=1454
03:02:28.130 INF Request finished (out of order). clSeqNr=1470
03:02:28.130 INF Request finished (out of order). clSeqNr=1486
03:02:28.130 INF Request finished (out of order). clSeqNr=1246
03:02:28.131 INF Request finished (out of order). clSeqNr=1262
03:02:28.132 INF Request finished (out of order). clSeqNr=1278
03:02:28.132 INF Request finished (out of order). clSeqNr=1294
03:02:28.133 INF Request finished (out of order). clSeqNr=1310
03:02:28.133 INF Request finished (out of order). clSeqNr=1326
03:02:28.134 INF Request finished (out of order). clSeqNr=1342
03:02:28.134 INF Request finished (out of order). clSeqNr=1358
03:02:28.134 INF Request finished (out of order). clSeqNr=1374
03:02:28.135 INF Request finished (out of order). clSeqNr=1390
03:02:28.136 INF Request finished (out of order). clSeqNr=1406
03:02:28.136 INF Request finished (out of order). clSeqNr=1423
03:02:28.136 INF Request finished (out of order). clSeqNr=1439
03:02:28.137 INF Request finished (out of order). clSeqNr=1455
03:02:28.138 INF Request finished (out of order). clSeqNr=1471
03:02:28.138 INF Request finished (out of order). clSeqNr=1487
03:02:28.138 INF Request finished (out of order). clSeqNr=1247
03:02:28.139 INF Request finished (out of order). clSeqNr=1263
03:02:28.139 INF Request finished (out of order). clSeqNr=1279
03:02:28.140 INF Request finished (out of order). clSeqNr=1295
03:02:28.140 INF Request finished (out of order). clSeqNr=1311
03:02:28.141 INF Request finished (out of order). clSeqNr=1327
03:02:28.141 INF Request finished (out of order). clSeqNr=1343
03:02:28.142 INF Request finished (out of order). clSeqNr=1359
03:02:28.172 INF Request finished (out of order). clSeqNr=1375
03:02:28.172 INF Request finished (out of order). clSeqNr=1391
03:02:28.173 INF Request finished (out of order). clSeqNr=1407
03:02:28.173 INF Request finished (out of order). clSeqNr=1424
03:02:28.174 INF Request finished (out of order). clSeqNr=1440
03:02:28.175 INF Request finished (out of order). clSeqNr=1456
03:02:28.175 INF Request finished (out of order). clSeqNr=1472
03:02:28.175 INF Request finished (out of order). clSeqNr=1488
03:02:28.175 INF Request finished (out of order). clSeqNr=1248
03:02:28.175 INF Request finished (out of order). clSeqNr=1264
03:02:28.175 INF Request finished (out of order). clSeqNr=1280
03:02:28.175 INF Request finished (out of order). clSeqNr=1296
03:02:28.175 INF Request finished (out of order). clSeqNr=1312
03:02:28.175 INF Request finished (out of order). clSeqNr=1328
03:02:28.175 INF Request finished (out of order). clSeqNr=1344
03:02:28.175 INF Request finished (out of order). clSeqNr=1360
03:02:28.175 INF Request finished (out of order). clSeqNr=1376
03:02:28.175 INF Request finished (out of order). clSeqNr=1392
03:02:28.175 INF Request finished (out of order). clSeqNr=1408
03:02:28.175 INF Request finished (out of order). clSeqNr=1425
03:02:28.175 INF Request finished (out of order). clSeqNr=1441
03:02:28.175 INF Request finished (out of order). clSeqNr=1457
03:02:28.175 INF Request finished (out of order). clSeqNr=1473
03:02:28.175 INF Request finished (out of order). clSeqNr=1489
03:02:28.175 INF Request finished (out of order). clSeqNr=1249
03:02:28.175 INF Request finished (out of order). clSeqNr=1265
03:02:28.175 INF Request finished (out of order). clSeqNr=1281
03:02:28.176 INF Request finished (out of order). clSeqNr=1297
03:02:28.176 INF Request finished (out of order). clSeqNr=1313
03:02:28.176 INF Request finished (out of order). clSeqNr=1329
03:02:28.176 INF Request finished (out of order). clSeqNr=1345
03:02:28.176 INF Request finished (out of order). clSeqNr=1361
03:02:28.176 INF Request finished (out of order). clSeqNr=1377
03:02:28.176 INF Request finished (out of order). clSeqNr=1393
03:02:28.176 INF Request finished (out of order). clSeqNr=1409
03:02:28.176 INF Request finished (out of order). clSeqNr=1171
03:02:28.176 INF Request finished (out of order). clSeqNr=1187
03:02:28.176 INF Request finished (out of order). clSeqNr=1203
03:02:28.176 INF Request finished (out of order). clSeqNr=1219
03:02:28.176 INF Request finished (out of order). clSeqNr=1235
03:02:28.176 INF Request finished (out of order). clSeqNr=995
03:02:28.176 INF Request finished (out of order). clSeqNr=1011
03:02:28.176 INF Request finished (out of order). clSeqNr=1027
03:02:28.176 INF Request finished (out of order). clSeqNr=1043
03:02:28.176 INF Request finished (out of order). clSeqNr=1059
03:02:28.176 INF Request finished (out of order). clSeqNr=1075
03:02:28.176 INF Request finished (out of order). clSeqNr=1091
03:02:28.176 INF Request finished (out of order). clSeqNr=1107
03:02:28.176 INF Request finished (out of order). clSeqNr=1123
03:02:28.176 INF Request finished (out of order). clSeqNr=1139
03:02:28.176 INF Request finished (out of order). clSeqNr=1155
03:02:28.176 INF Request finished (out of order). clSeqNr=1671
03:02:28.176 INF Request finished (out of order). clSeqNr=1687
03:02:28.176 INF Request finished (out of order). clSeqNr=1703
03:02:28.176 INF Request finished (out of order). clSeqNr=1719
03:02:28.176 INF Request finished (out of order). clSeqNr=1735
03:02:28.176 INF Request finished (out of order). clSeqNr=1751
03:02:28.176 INF Request finished (out of order). clSeqNr=1511
03:02:28.176 INF Request finished (out of order). clSeqNr=1527
03:02:28.176 INF Request finished (out of order). clSeqNr=1543
03:02:28.176 INF Request finished (out of order). clSeqNr=1559
03:02:28.176 INF Request finished (out of order). clSeqNr=1575
03:02:28.176 INF Request finished (out of order). clSeqNr=1591
03:02:28.176 INF Request finished (out of order). clSeqNr=1607
03:02:28.177 INF Request finished (out of order). clSeqNr=1623
03:02:28.177 INF Request finished (out of order). clSeqNr=1639
03:02:28.177 INF Request finished (out of order). clSeqNr=1655
03:02:28.177 INF Request finished (out of order). clSeqNr=1672
03:02:28.177 INF Request finished (out of order). clSeqNr=1688
03:02:28.177 INF Request finished (out of order). clSeqNr=1704
03:02:28.177 INF Request finished (out of order). clSeqNr=1720
03:02:28.177 INF Request finished (out of order). clSeqNr=1736
03:02:28.177 INF Request finished (out of order). clSeqNr=1752
03:02:28.177 INF Request finished (out of order). clSeqNr=1512
03:02:28.178 INF Request finished (out of order). clSeqNr=1528
03:02:28.178 INF Request finished (out of order). clSeqNr=1544
03:02:28.179 INF Request finished (out of order). clSeqNr=1560
03:02:28.179 INF Request finished (out of order). clSeqNr=1576
03:02:28.180 INF Request finished (out of order). clSeqNr=1592
03:02:28.218 INF Request finished (out of order). clSeqNr=1608
03:02:28.219 INF Request finished (out of order). clSeqNr=1624
03:02:28.219 INF Request finished (out of order). clSeqNr=1640
03:02:28.220 INF Request finished (out of order). clSeqNr=1656
03:02:28.220 INF Request finished (out of order). clSeqNr=1673
03:02:28.221 INF Request finished (out of order). clSeqNr=1689
03:02:28.222 INF Request finished (out of order). clSeqNr=1705
03:02:28.222 INF Request finished (out of order). clSeqNr=1721
03:02:28.223 INF Request finished (out of order). clSeqNr=1737
03:02:28.224 INF Request finished (out of order). clSeqNr=1753
03:02:28.224 INF Request finished (out of order). clSeqNr=1513
03:02:28.225 INF Request finished (out of order). clSeqNr=1769
03:02:28.225 INF Request finished (out of order). clSeqNr=1529
03:02:28.225 INF Request finished (out of order). clSeqNr=1545
03:02:28.226 INF Request finished (out of order). clSeqNr=1561
03:02:28.226 INF Request finished (out of order). clSeqNr=1577
03:02:28.227 INF Request finished (out of order). clSeqNr=1593
03:02:28.228 INF Request finished (out of order). clSeqNr=1609
03:02:28.228 INF Request finished (out of order). clSeqNr=1625
03:02:28.229 INF Request finished (out of order). clSeqNr=1641
03:02:28.230 INF Request finished (out of order). clSeqNr=1657
03:02:28.308 INF Request finished (out of order). clSeqNr=1165
03:02:28.308 INF Request finished (out of order). clSeqNr=1181
03:02:28.308 INF Request finished (out of order). clSeqNr=1197
03:02:28.308 INF Request finished (out of order). clSeqNr=1213
03:02:28.308 INF Request finished (out of order). clSeqNr=1229
03:02:28.308 INF Request finished (out of order). clSeqNr=1245
03:02:28.309 INF Request finished (out of order). clSeqNr=1261
03:02:28.309 INF Request finished (out of order). clSeqNr=1021
03:02:28.309 INF Request finished (out of order). clSeqNr=1037
03:02:28.309 INF Request finished (out of order). clSeqNr=1053
03:02:28.309 INF Request finished (out of order). clSeqNr=1069
03:02:28.309 INF Request finished (out of order). clSeqNr=1085
03:02:28.309 INF Request finished (out of order). clSeqNr=1101
03:02:28.309 INF Request finished (out of order). clSeqNr=1117
03:02:28.309 INF Request finished (out of order). clSeqNr=1133
03:02:28.309 INF Request finished (out of order). clSeqNr=1149
03:02:28.309 INF Request finished (out of order). clSeqNr=1678
03:02:28.309 INF Request finished (out of order). clSeqNr=1694
03:02:28.309 INF Request finished (out of order). clSeqNr=1710
03:02:28.313 INF Request finished (out of order). clSeqNr=1726
03:02:28.320 INF Request finished (out of order). clSeqNr=1742
03:02:28.320 INF Request finished (out of order). clSeqNr=1502
03:02:28.320 INF Request finished (out of order). clSeqNr=1518
03:02:28.320 INF Request finished (out of order). clSeqNr=1534
03:02:28.320 INF Request finished (out of order). clSeqNr=1550
03:02:28.320 INF Request finished (out of order). clSeqNr=1566
03:02:28.320 INF Request finished (out of order). clSeqNr=1582
03:02:28.321 INF Request finished (out of order). clSeqNr=1598
03:02:28.321 INF Request finished (out of order). clSeqNr=1614
03:02:28.321 INF Request finished (out of order). clSeqNr=1630
03:02:28.321 INF Request finished (out of order). clSeqNr=1646
03:02:28.321 INF Request finished (out of order). clSeqNr=1662
03:02:28.321 INF Request finished (out of order). clSeqNr=1681
03:02:28.321 INF Request finished (out of order). clSeqNr=1697
03:02:28.323 INF Request finished (out of order). clSeqNr=1713
03:02:28.323 INF Request finished (out of order). clSeqNr=1729
03:02:28.323 INF Request finished (out of order). clSeqNr=1745
03:02:28.323 INF Request finished (out of order). clSeqNr=1505
03:02:28.323 INF Request finished (out of order). clSeqNr=1521
03:02:28.324 INF Request finished (out of order). clSeqNr=1537
03:02:28.324 INF Request finished (out of order). clSeqNr=1553
03:02:28.326 INF Request finished (out of order). clSeqNr=1569
03:02:28.326 INF Request finished (out of order). clSeqNr=1585
03:02:28.326 INF Request finished (out of order). clSeqNr=1601
03:02:28.328 INF Request finished (out of order). clSeqNr=1617
03:02:28.328 INF Request finished (out of order). clSeqNr=1633
03:02:28.328 INF Request finished (out of order). clSeqNr=1649
03:02:28.330 INF Request finished (out of order). clSeqNr=1665
03:02:28.330 INF Request finished (out of order). clSeqNr=1170
03:02:28.330 INF Request finished (out of order). clSeqNr=1186
03:02:28.330 INF Request finished (out of order). clSeqNr=1202
03:02:28.330 INF Request finished (out of order). clSeqNr=1218
03:02:28.330 INF Request finished (out of order). clSeqNr=994
03:02:28.331 INF Request finished (out of order). clSeqNr=1250
03:02:28.331 INF Request finished (out of order). clSeqNr=1010
03:02:28.331 INF Request finished (out of order). clSeqNr=1026
03:02:28.333 INF Request finished (out of order). clSeqNr=1042
03:02:28.355 INF Request finished (out of order). clSeqNr=1058
03:02:28.355 INF Request finished (out of order). clSeqNr=1074
03:02:28.355 INF Request finished (out of order). clSeqNr=1090
03:02:28.355 INF Request finished (out of order). clSeqNr=1106
03:02:28.356 INF Request finished (out of order). clSeqNr=1122
03:02:28.356 INF Request finished (out of order). clSeqNr=1138
03:02:28.356 INF Request finished (out of order). clSeqNr=1154
03:02:28.356 INF Request finished (out of order). clSeqNr=1172
03:02:28.356 INF Request finished (out of order). clSeqNr=1188
03:02:28.356 INF Request finished (out of order). clSeqNr=1204
03:02:28.372 INF Request finished (out of order). clSeqNr=1220
03:02:28.372 INF Request finished (out of order). clSeqNr=1236
03:02:28.372 INF Request finished (out of order). clSeqNr=996
03:02:28.372 INF Request finished (out of order). clSeqNr=1012
03:02:28.372 INF Request finished (out of order). clSeqNr=1028
03:02:28.372 INF Request finished (out of order). clSeqNr=1044
03:02:28.372 INF Request finished (out of order). clSeqNr=1060
03:02:28.372 INF Request finished (out of order). clSeqNr=1076
03:02:28.372 INF Request finished (out of order). clSeqNr=1092
03:02:28.372 INF Request finished (out of order). clSeqNr=1108
03:02:28.372 INF Request finished (out of order). clSeqNr=1124
03:02:28.372 INF Request finished (out of order). clSeqNr=1140
03:02:28.381 INF Request finished (out of order). clSeqNr=1156
03:02:28.381 INF Request finished (out of order). clSeqNr=1173
03:02:28.381 INF Request finished (out of order). clSeqNr=1189
03:02:28.381 INF Request finished (out of order). clSeqNr=1205
03:02:28.381 INF Request finished (out of order). clSeqNr=1221
03:02:28.381 INF Request finished (out of order). clSeqNr=1237
03:02:28.381 INF Request finished (out of order). clSeqNr=997
03:02:28.381 INF Request finished (out of order). clSeqNr=1013
03:02:28.381 INF Request finished (out of order). clSeqNr=1029
03:02:28.381 INF Request finished (out of order). clSeqNr=1045
03:02:28.381 INF Request finished (out of order). clSeqNr=1061
03:02:28.381 INF Request finished (out of order). clSeqNr=1077
03:02:28.381 INF Request finished (out of order). clSeqNr=1093
03:02:28.381 INF Request finished (out of order). clSeqNr=1109
03:02:28.381 INF Request finished (out of order). clSeqNr=1125
03:02:28.381 INF Request finished (out of order). clSeqNr=1141
03:02:28.381 INF Request finished (out of order). clSeqNr=1157
03:02:28.381 INF Request finished (out of order). clSeqNr=646
03:02:28.381 INF Request finished (out of order). clSeqNr=662
03:02:28.381 INF Request finished (out of order). clSeqNr=678
03:02:28.381 INF Request finished (out of order). clSeqNr=694
03:02:28.381 INF Request finished (out of order). clSeqNr=710
03:02:28.381 INF Request finished (out of order). clSeqNr=470
03:02:28.381 INF Request delivered (in order). clSeqNr=470
03:02:28.381 INF Request delivered (in order). clSeqNr=471
03:02:28.381 INF Request delivered (in order). clSeqNr=472
03:02:28.381 INF Request delivered (in order). clSeqNr=473
03:02:28.381 INF Request delivered (in order). clSeqNr=474
03:02:28.381 INF Request delivered (in order). clSeqNr=475
03:02:28.381 INF Request delivered (in order). clSeqNr=476
03:02:28.381 INF Request delivered (in order). clSeqNr=477
03:02:28.381 INF Request delivered (in order). clSeqNr=478
03:02:28.381 INF Request delivered (in order). clSeqNr=479
03:02:28.381 INF Request delivered (in order). clSeqNr=480
03:02:28.381 INF Request delivered (in order). clSeqNr=481
03:02:28.381 INF Request delivered (in order). clSeqNr=482
03:02:28.381 INF Request delivered (in order). clSeqNr=483
03:02:28.381 INF Request delivered (in order). clSeqNr=484
03:02:28.381 INF Request delivered (in order). clSeqNr=485
03:02:28.381 INF Request finished (out of order). clSeqNr=486
03:02:28.381 INF Request delivered (in order). clSeqNr=486
03:02:28.381 INF Request delivered (in order). clSeqNr=487
03:02:28.381 INF Request delivered (in order). clSeqNr=488
03:02:28.381 INF Request delivered (in order). clSeqNr=489
03:02:28.381 INF Request delivered (in order). clSeqNr=490
03:02:28.381 INF Request delivered (in order). clSeqNr=491
03:02:28.381 INF Request delivered (in order). clSeqNr=492
03:02:28.381 INF Request delivered (in order). clSeqNr=493
03:02:28.381 INF Request delivered (in order). clSeqNr=494
03:02:28.381 INF Request delivered (in order). clSeqNr=495
03:02:28.381 INF Request delivered (in order). clSeqNr=496
03:02:28.381 INF Request delivered (in order). clSeqNr=497
03:02:28.381 INF Request delivered (in order). clSeqNr=498
03:02:28.381 INF Request delivered (in order). clSeqNr=499
03:02:28.381 INF Request delivered (in order). clSeqNr=500
03:02:28.381 INF Request delivered (in order). clSeqNr=501
03:02:28.381 INF Request finished (out of order). clSeqNr=502
03:02:28.381 INF Request delivered (in order). clSeqNr=502
03:02:28.381 INF Request delivered (in order). clSeqNr=503
03:02:28.381 INF Request delivered (in order). clSeqNr=504
03:02:28.381 INF Request delivered (in order). clSeqNr=505
03:02:28.381 INF Request delivered (in order). clSeqNr=506
03:02:28.381 INF Request delivered (in order). clSeqNr=507
03:02:28.381 INF Request delivered (in order). clSeqNr=508
03:02:28.381 INF Request delivered (in order). clSeqNr=509
03:02:28.381 INF Request delivered (in order). clSeqNr=510
03:02:28.382 INF Request delivered (in order). clSeqNr=511
03:02:28.382 INF Request delivered (in order). clSeqNr=512
03:02:28.382 INF Request delivered (in order). clSeqNr=513
03:02:28.382 INF Request delivered (in order). clSeqNr=514
03:02:28.382 INF Request delivered (in order). clSeqNr=515
03:02:28.382 INF Request delivered (in order). clSeqNr=516
03:02:28.382 INF Request delivered (in order). clSeqNr=517
03:02:28.382 INF Request finished (out of order). clSeqNr=518
03:02:28.382 INF Request delivered (in order). clSeqNr=518
03:02:28.382 INF Request delivered (in order). clSeqNr=519
03:02:28.382 INF Request delivered (in order). clSeqNr=520
03:02:28.382 INF Request delivered (in order). clSeqNr=521
03:02:28.382 INF Request delivered (in order). clSeqNr=522
03:02:28.382 INF Request delivered (in order). clSeqNr=523
03:02:28.382 INF Request delivered (in order). clSeqNr=524
03:02:28.382 INF Request delivered (in order). clSeqNr=525
03:02:28.382 INF Request delivered (in order). clSeqNr=526
03:02:28.382 INF Request delivered (in order). clSeqNr=527
03:02:28.382 INF Request delivered (in order). clSeqNr=528
03:02:28.382 INF Request delivered (in order). clSeqNr=529
03:02:28.382 INF Request delivered (in order). clSeqNr=530
03:02:28.382 INF Request delivered (in order). clSeqNr=531
03:02:28.382 INF Request delivered (in order). clSeqNr=532
03:02:28.382 INF Request delivered (in order). clSeqNr=533
03:02:28.382 INF Request finished (out of order). clSeqNr=534
03:02:28.382 INF Request delivered (in order). clSeqNr=534
03:02:28.382 INF Request delivered (in order). clSeqNr=535
03:02:28.382 INF Request delivered (in order). clSeqNr=536
03:02:28.382 INF Request delivered (in order). clSeqNr=537
03:02:28.382 INF Request delivered (in order). clSeqNr=538
03:02:28.382 INF Request delivered (in order). clSeqNr=539
03:02:28.382 INF Request delivered (in order). clSeqNr=540
03:02:28.382 INF Request delivered (in order). clSeqNr=541
03:02:28.382 INF Request delivered (in order). clSeqNr=542
03:02:28.382 INF Request delivered (in order). clSeqNr=543
03:02:28.382 INF Request delivered (in order). clSeqNr=544
03:02:28.382 INF Request delivered (in order). clSeqNr=545
03:02:28.382 INF Request delivered (in order). clSeqNr=546
03:02:28.382 INF Request delivered (in order). clSeqNr=547
03:02:28.382 INF Request delivered (in order). clSeqNr=548
03:02:28.382 INF Request delivered (in order). clSeqNr=549
03:02:28.382 INF Request finished (out of order). clSeqNr=550
03:02:28.382 INF Request delivered (in order). clSeqNr=550
03:02:28.382 INF Request delivered (in order). clSeqNr=551
03:02:28.382 INF Request delivered (in order). clSeqNr=552
03:02:28.382 INF Request delivered (in order). clSeqNr=553
03:02:28.382 INF Request delivered (in order). clSeqNr=554
03:02:28.382 INF Request delivered (in order). clSeqNr=555
03:02:28.382 INF Request delivered (in order). clSeqNr=556
03:02:28.382 INF Request delivered (in order). clSeqNr=557
03:02:28.382 INF Request delivered (in order). clSeqNr=558
03:02:28.382 INF Request delivered (in order). clSeqNr=559
03:02:28.382 INF Request delivered (in order). clSeqNr=560
03:02:28.382 INF Request delivered (in order). clSeqNr=561
03:02:28.382 INF Request delivered (in order). clSeqNr=562
03:02:28.382 INF Request delivered (in order). clSeqNr=563
03:02:28.382 INF Request delivered (in order). clSeqNr=564
03:02:28.382 INF Request delivered (in order). clSeqNr=565
03:02:28.382 INF Request finished (out of order). clSeqNr=566
03:02:28.382 INF Request delivered (in order). clSeqNr=566
03:02:28.382 INF Request delivered (in order). clSeqNr=567
03:02:28.382 INF Request delivered (in order). clSeqNr=568
03:02:28.382 INF Request delivered (in order). clSeqNr=569
03:02:28.382 INF Request delivered (in order). clSeqNr=570
03:02:28.382 INF Request delivered (in order). clSeqNr=571
03:02:28.382 INF Request delivered (in order). clSeqNr=572
03:02:28.382 INF Request delivered (in order). clSeqNr=573
03:02:28.382 INF Request delivered (in order). clSeqNr=574
03:02:28.382 INF Request delivered (in order). clSeqNr=575
03:02:28.382 INF Request delivered (in order). clSeqNr=576
03:02:28.382 INF Request delivered (in order). clSeqNr=577
03:02:28.382 INF Request delivered (in order). clSeqNr=578
03:02:28.382 INF Request delivered (in order). clSeqNr=579
03:02:28.382 INF Request delivered (in order). clSeqNr=580
03:02:28.383 INF Request delivered (in order). clSeqNr=581
03:02:28.383 INF Request finished (out of order). clSeqNr=582
03:02:28.383 INF Request delivered (in order). clSeqNr=582
03:02:28.383 INF Request delivered (in order). clSeqNr=583
03:02:28.383 INF Request delivered (in order). clSeqNr=584
03:02:28.383 INF Request delivered (in order). clSeqNr=585
03:02:28.383 INF Request delivered (in order). clSeqNr=586
03:02:28.383 INF Request delivered (in order). clSeqNr=587
03:02:28.383 INF Request delivered (in order). clSeqNr=588
03:02:28.383 INF Request delivered (in order). clSeqNr=589
03:02:28.383 INF Request delivered (in order). clSeqNr=590
03:02:28.383 INF Request delivered (in order). clSeqNr=591
03:02:28.383 INF Request delivered (in order). clSeqNr=592
03:02:28.383 INF Request delivered (in order). clSeqNr=593
03:02:28.383 INF Request delivered (in order). clSeqNr=594
03:02:28.383 INF Request delivered (in order). clSeqNr=595
03:02:28.383 INF Request delivered (in order). clSeqNr=596
03:02:28.383 INF Request delivered (in order). clSeqNr=597
03:02:28.383 INF Request finished (out of order). clSeqNr=598
03:02:28.383 INF Request delivered (in order). clSeqNr=598
03:02:28.383 INF Request delivered (in order). clSeqNr=599
03:02:28.383 INF Request delivered (in order). clSeqNr=600
03:02:28.383 INF Request delivered (in order). clSeqNr=601
03:02:28.383 INF Request delivered (in order). clSeqNr=602
03:02:28.383 INF Request delivered (in order). clSeqNr=603
03:02:28.383 INF Request delivered (in order). clSeqNr=604
03:02:28.383 INF Request delivered (in order). clSeqNr=605
03:02:28.383 INF Request delivered (in order). clSeqNr=606
03:02:28.383 INF Request delivered (in order). clSeqNr=607
03:02:28.383 INF Request delivered (in order). clSeqNr=608
03:02:28.383 INF Request delivered (in order). clSeqNr=609
03:02:28.383 INF Request delivered (in order). clSeqNr=610
03:02:28.383 INF Request delivered (in order). clSeqNr=611
03:02:28.383 INF Request delivered (in order). clSeqNr=612
03:02:28.383 INF Request delivered (in order). clSeqNr=613
03:02:28.383 INF Request finished (out of order). clSeqNr=614
03:02:28.383 INF Request delivered (in order). clSeqNr=614
03:02:28.383 INF Request delivered (in order). clSeqNr=615
03:02:28.383 INF Request delivered (in order). clSeqNr=616
03:02:28.383 INF Request delivered (in order). clSeqNr=617
03:02:28.383 INF Request delivered (in order). clSeqNr=618
03:02:28.383 INF Request delivered (in order). clSeqNr=619
03:02:28.383 INF Request delivered (in order). clSeqNr=620
03:02:28.383 INF Request delivered (in order). clSeqNr=621
03:02:28.383 INF Request delivered (in order). clSeqNr=622
03:02:28.383 INF Request delivered (in order). clSeqNr=623
03:02:28.383 INF Request delivered (in order). clSeqNr=624
03:02:28.383 INF Request delivered (in order). clSeqNr=625
03:02:28.383 INF Request delivered (in order). clSeqNr=626
03:02:28.383 INF Request delivered (in order). clSeqNr=627
03:02:28.383 INF Request delivered (in order). clSeqNr=628
03:02:28.383 INF Request delivered (in order). clSeqNr=629
03:02:28.383 INF Request finished (out of order). clSeqNr=630
03:02:28.383 INF Request delivered (in order). clSeqNr=630
03:02:28.383 INF Request delivered (in order). clSeqNr=631
03:02:28.383 INF Request delivered (in order). clSeqNr=632
03:02:28.384 INF Request delivered (in order). clSeqNr=633
03:02:28.384 INF Request delivered (in order). clSeqNr=634
03:02:28.384 INF Request delivered (in order). clSeqNr=635
03:02:28.384 INF Request delivered (in order). clSeqNr=636
03:02:28.384 INF Request delivered (in order). clSeqNr=637
03:02:28.384 INF Request delivered (in order). clSeqNr=638
03:02:28.384 INF Request delivered (in order). clSeqNr=639
03:02:28.384 INF Request delivered (in order). clSeqNr=640
03:02:28.384 INF Request delivered (in order). clSeqNr=641
03:02:28.384 INF Request delivered (in order). clSeqNr=642
03:02:28.384 INF Request delivered (in order). clSeqNr=643
03:02:28.384 INF Request delivered (in order). clSeqNr=644
03:02:28.384 INF Request delivered (in order). clSeqNr=645
03:02:28.384 INF Request delivered (in order). clSeqNr=646
03:02:28.384 INF Request delivered (in order). clSeqNr=647
03:02:28.384 INF Request delivered (in order). clSeqNr=648
03:02:28.384 INF Request delivered (in order). clSeqNr=649
03:02:28.384 INF Request delivered (in order). clSeqNr=650
03:02:28.384 INF Request delivered (in order). clSeqNr=651
03:02:28.384 INF Request delivered (in order). clSeqNr=652
03:02:28.384 INF Request delivered (in order). clSeqNr=653
03:02:28.384 INF Request delivered (in order). clSeqNr=654
03:02:28.384 INF Request delivered (in order). clSeqNr=655
03:02:28.384 INF Request delivered (in order). clSeqNr=656
03:02:28.384 INF Request delivered (in order). clSeqNr=657
03:02:28.384 INF Request delivered (in order). clSeqNr=658
03:02:28.384 INF Request delivered (in order). clSeqNr=659
03:02:28.384 INF Request delivered (in order). clSeqNr=660
03:02:28.384 INF Request delivered (in order). clSeqNr=661
03:02:28.384 INF Request delivered (in order). clSeqNr=662
03:02:28.384 INF Request delivered (in order). clSeqNr=663
03:02:28.384 INF Request delivered (in order). clSeqNr=664
03:02:28.384 INF Request delivered (in order). clSeqNr=665
03:02:28.384 INF Request delivered (in order). clSeqNr=666
03:02:28.384 INF Request delivered (in order). clSeqNr=667
03:02:28.384 INF Request delivered (in order). clSeqNr=668
03:02:28.384 INF Request delivered (in order). clSeqNr=669
03:02:28.384 INF Request delivered (in order). clSeqNr=670
03:02:28.384 INF Request delivered (in order). clSeqNr=671
03:02:28.384 INF Request delivered (in order). clSeqNr=672
03:02:28.384 INF Request delivered (in order). clSeqNr=673
03:02:28.384 INF Request delivered (in order). clSeqNr=674
03:02:28.384 INF Request delivered (in order). clSeqNr=675
03:02:28.384 INF Request delivered (in order). clSeqNr=676
03:02:28.384 INF Request delivered (in order). clSeqNr=677
03:02:28.384 INF Request delivered (in order). clSeqNr=678
03:02:28.384 INF Request delivered (in order). clSeqNr=679
03:02:28.384 INF Request delivered (in order). clSeqNr=680
03:02:28.384 INF Request delivered (in order). clSeqNr=681
03:02:28.384 INF Request delivered (in order). clSeqNr=682
03:02:28.384 INF Request delivered (in order). clSeqNr=683
03:02:28.384 INF Request delivered (in order). clSeqNr=684
03:02:28.384 INF Request delivered (in order). clSeqNr=685
03:02:28.384 INF Request delivered (in order). clSeqNr=686
03:02:28.384 INF Request delivered (in order). clSeqNr=687
03:02:28.384 INF Request delivered (in order). clSeqNr=688
03:02:28.384 INF Request delivered (in order). clSeqNr=689
03:02:28.384 INF Request delivered (in order). clSeqNr=690
03:02:28.384 INF Request delivered (in order). clSeqNr=691
03:02:28.384 INF Request delivered (in order). clSeqNr=692
03:02:28.385 INF Request delivered (in order). clSeqNr=693
03:02:28.385 INF Request delivered (in order). clSeqNr=694
03:02:28.385 INF Request delivered (in order). clSeqNr=695
03:02:28.385 INF Request delivered (in order). clSeqNr=696
03:02:28.385 INF Request delivered (in order). clSeqNr=697
03:02:28.385 INF Request delivered (in order). clSeqNr=698
03:02:28.385 INF Request delivered (in order). clSeqNr=699
03:02:28.385 INF Request delivered (in order). clSeqNr=700
03:02:28.385 INF Request delivered (in order). clSeqNr=701
03:02:28.385 INF Request delivered (in order). clSeqNr=702
03:02:28.385 INF Request delivered (in order). clSeqNr=703
03:02:28.385 INF Request delivered (in order). clSeqNr=704
03:02:28.385 INF Request delivered (in order). clSeqNr=705
03:02:28.385 INF Request delivered (in order). clSeqNr=706
03:02:28.385 INF Request delivered (in order). clSeqNr=707
03:02:28.385 INF Request delivered (in order). clSeqNr=708
03:02:28.385 INF Request delivered (in order). clSeqNr=709
03:02:28.385 INF Request delivered (in order). clSeqNr=710
03:02:28.385 INF Request delivered (in order). clSeqNr=711
03:02:28.385 INF Request delivered (in order). clSeqNr=712
03:02:28.385 INF Request delivered (in order). clSeqNr=713
03:02:28.385 INF Request delivered (in order). clSeqNr=714
03:02:28.385 INF Request delivered (in order). clSeqNr=715
03:02:28.385 INF Request delivered (in order). clSeqNr=716
03:02:28.385 INF Request delivered (in order). clSeqNr=717
03:02:28.385 INF Request delivered (in order). clSeqNr=718
03:02:28.385 INF Request delivered (in order). clSeqNr=719
03:02:28.385 INF Request delivered (in order). clSeqNr=720
03:02:28.385 INF Request delivered (in order). clSeqNr=721
03:02:28.385 INF Request delivered (in order). clSeqNr=722
03:02:28.385 INF Request delivered (in order). clSeqNr=723
03:02:28.385 INF Request delivered (in order). clSeqNr=724
03:02:28.385 INF Request delivered (in order). clSeqNr=725
03:02:28.385 INF Request finished (out of order). clSeqNr=1927
03:02:28.385 INF Request finished (out of order). clSeqNr=1943
03:02:28.385 INF Request finished (out of order). clSeqNr=1959
03:02:28.385 INF Request finished (out of order). clSeqNr=1975
03:02:28.385 INF Request finished (out of order). clSeqNr=1991
03:02:28.385 INF Request finished (out of order). clSeqNr=2007
03:02:28.385 INF Request finished (out of order). clSeqNr=1767
03:02:28.385 INF Request finished (out of order). clSeqNr=1783
03:02:28.385 INF Request finished (out of order). clSeqNr=1799
03:02:28.435 INF Request finished (out of order). clSeqNr=1815
03:02:28.435 INF Request finished (out of order). clSeqNr=1831
03:02:28.435 INF Request finished (out of order). clSeqNr=1847
03:02:28.435 INF Request finished (out of order). clSeqNr=1863
03:02:28.435 INF Request finished (out of order). clSeqNr=1879
03:02:28.435 INF Request finished (out of order). clSeqNr=1895
03:02:28.436 INF Request finished (out of order). clSeqNr=1911
03:02:28.436 INF Request finished (out of order). clSeqNr=1928
03:02:28.436 INF Request finished (out of order). clSeqNr=1944
03:02:28.436 INF Request finished (out of order). clSeqNr=1960
03:02:28.436 INF Request finished (out of order). clSeqNr=1976
03:02:28.436 INF Request finished (out of order). clSeqNr=1992
03:02:28.436 INF Request finished (out of order). clSeqNr=2008
03:02:28.436 INF Request finished (out of order). clSeqNr=1768
03:02:28.436 INF Request finished (out of order). clSeqNr=1784
03:02:28.436 INF Request finished (out of order). clSeqNr=1800
03:02:28.436 INF Request finished (out of order). clSeqNr=1816
03:02:28.436 INF Request finished (out of order). clSeqNr=1832
03:02:28.436 INF Request finished (out of order). clSeqNr=1848
03:02:28.436 INF Request finished (out of order). clSeqNr=1864
03:02:28.436 INF Request finished (out of order). clSeqNr=1880
03:02:28.436 INF Request finished (out of order). clSeqNr=1896
03:02:28.436 INF Request finished (out of order). clSeqNr=1912
03:02:28.436 INF Request finished (out of order). clSeqNr=1929
03:02:28.436 INF Request finished (out of order). clSeqNr=1945
03:02:28.436 INF Request finished (out of order). clSeqNr=1961
03:02:28.436 INF Request finished (out of order). clSeqNr=1977
03:02:28.436 INF Request finished (out of order). clSeqNr=1993
03:02:28.436 INF Request finished (out of order). clSeqNr=2009
03:02:28.436 INF Request finished (out of order). clSeqNr=1785
03:02:28.436 INF Request finished (out of order). clSeqNr=1801
03:02:28.436 INF Request finished (out of order). clSeqNr=1817
03:02:28.436 INF Request finished (out of order). clSeqNr=1833
03:02:28.436 INF Request finished (out of order). clSeqNr=1849
03:02:28.436 INF Request finished (out of order). clSeqNr=1865
03:02:28.436 INF Request finished (out of order). clSeqNr=1881
03:02:28.436 INF Request finished (out of order). clSeqNr=1897
03:02:28.436 INF Request finished (out of order). clSeqNr=1913
03:02:28.436 INF Request finished (out of order). clSeqNr=1162
03:02:28.436 INF Request finished (out of order). clSeqNr=1178
03:02:28.436 INF Request finished (out of order). clSeqNr=1194
03:02:28.436 INF Request finished (out of order). clSeqNr=1210
03:02:28.436 INF Request finished (out of order). clSeqNr=1226
03:02:28.436 INF Request finished (out of order). clSeqNr=1242
03:02:28.459 INF Request finished (out of order). clSeqNr=1018
03:02:28.459 INF Request finished (out of order). clSeqNr=1034
03:02:28.459 INF Request finished (out of order). clSeqNr=1050
03:02:28.459 INF Request finished (out of order). clSeqNr=1066
03:02:28.459 INF Request finished (out of order). clSeqNr=1082
03:02:28.459 INF Request finished (out of order). clSeqNr=1098
03:02:28.459 INF Request finished (out of order). clSeqNr=1114
03:02:28.461 INF Request finished (out of order). clSeqNr=1130
03:02:28.461 INF Request finished (out of order). clSeqNr=1146
03:02:28.461 INF Request finished (out of order). clSeqNr=1163
03:02:28.462 INF Request finished (out of order). clSeqNr=1179
03:02:28.462 INF Request finished (out of order). clSeqNr=1195
03:02:28.462 INF Request finished (out of order). clSeqNr=1211
03:02:28.465 INF Request finished (out of order). clSeqNr=1227
03:02:28.465 INF Request finished (out of order). clSeqNr=1243
03:02:28.465 INF Request finished (out of order). clSeqNr=1259
03:02:28.465 INF Request finished (out of order). clSeqNr=1019
03:02:28.465 INF Request finished (out of order). clSeqNr=1275
03:02:28.465 INF Request finished (out of order). clSeqNr=1035
03:02:28.466 INF Request finished (out of order). clSeqNr=1051
03:02:28.466 INF Request finished (out of order). clSeqNr=1067
03:02:28.466 INF Request finished (out of order). clSeqNr=1083
03:02:28.468 INF Request finished (out of order). clSeqNr=1099
03:02:28.468 INF Request finished (out of order). clSeqNr=1115
03:02:28.468 INF Request finished (out of order). clSeqNr=1131
03:02:28.470 INF Request finished (out of order). clSeqNr=1147
03:02:28.470 INF Request finished (out of order). clSeqNr=1164
03:02:28.470 INF Request finished (out of order). clSeqNr=1180
03:02:28.470 INF Request finished (out of order). clSeqNr=1196
03:02:28.472 INF Request finished (out of order). clSeqNr=1212
03:02:28.472 INF Request finished (out of order). clSeqNr=1228
03:02:28.472 INF Request finished (out of order). clSeqNr=1244
03:02:28.474 INF Request finished (out of order). clSeqNr=1260
03:02:28.474 INF Request finished (out of order). clSeqNr=1020
03:02:28.474 INF Request finished (out of order). clSeqNr=1036
03:02:28.474 INF Request finished (out of order). clSeqNr=1052
03:02:28.474 INF Request finished (out of order). clSeqNr=1068
03:02:28.474 INF Request finished (out of order). clSeqNr=1084
03:02:28.476 INF Request finished (out of order). clSeqNr=1100
03:02:28.478 INF Request finished (out of order). clSeqNr=1116
03:02:28.478 INF Request finished (out of order). clSeqNr=1132
03:02:28.479 INF Request finished (out of order). clSeqNr=1148
03:02:28.479 INF Request finished (out of order). clSeqNr=1421
03:02:28.479 INF Request finished (out of order). clSeqNr=1437
03:02:28.480 INF Request finished (out of order). clSeqNr=1453
03:02:28.480 INF Request finished (out of order). clSeqNr=1469
03:02:28.480 INF Request finished (out of order). clSeqNr=1485
03:02:28.481 INF Request finished (out of order). clSeqNr=1501
03:02:28.481 INF Request finished (out of order). clSeqNr=1277
03:02:28.482 INF Request finished (out of order). clSeqNr=1293
03:02:28.482 INF Request finished (out of order). clSeqNr=1309
03:02:28.483 INF Request finished (out of order). clSeqNr=1325
03:02:28.484 INF Request finished (out of order). clSeqNr=1341
03:02:28.484 INF Request finished (out of order). clSeqNr=1357
03:02:28.485 INF Request finished (out of order). clSeqNr=1373
03:02:28.485 INF Request finished (out of order). clSeqNr=1389
03:02:28.486 INF Request finished (out of order). clSeqNr=1405
03:02:28.487 INF Request finished (out of order). clSeqNr=1934
03:02:28.487 INF Request finished (out of order). clSeqNr=1950
03:02:28.487 INF Request finished (out of order). clSeqNr=1966
03:02:28.488 INF Request finished (out of order). clSeqNr=1982
03:02:28.488 INF Request finished (out of order). clSeqNr=1998
03:02:28.488 INF Request finished (out of order). clSeqNr=1758
03:02:28.490 INF Request finished (out of order). clSeqNr=1774
03:02:28.490 INF Request finished (out of order). clSeqNr=1790
03:02:28.491 INF Request finished (out of order). clSeqNr=1806
03:02:28.491 INF Request finished (out of order). clSeqNr=1822
03:02:28.491 INF Request finished (out of order). clSeqNr=1838
03:02:28.492 INF Request finished (out of order). clSeqNr=1854
03:02:28.493 INF Request finished (out of order). clSeqNr=1870
03:02:28.493 INF Request finished (out of order). clSeqNr=1886
03:02:28.493 INF Request finished (out of order). clSeqNr=1902
03:02:28.494 INF Request finished (out of order). clSeqNr=1918
03:02:28.494 INF Request finished (out of order). clSeqNr=1679
03:02:28.495 INF Request finished (out of order). clSeqNr=1695
03:02:28.495 INF Request finished (out of order). clSeqNr=1711
03:02:28.497 INF Request finished (out of order). clSeqNr=1727
03:02:28.497 INF Request finished (out of order). clSeqNr=1743
03:02:28.497 INF Request finished (out of order). clSeqNr=1503
03:02:28.497 INF Request finished (out of order). clSeqNr=1519
03:02:28.497 INF Request finished (out of order). clSeqNr=1535
03:02:28.497 INF Request finished (out of order). clSeqNr=1551
03:02:28.508 INF Request finished (out of order). clSeqNr=1567
03:02:28.508 INF Request finished (out of order). clSeqNr=1583
03:02:28.508 INF Request finished (out of order). clSeqNr=1599
03:02:28.508 INF Request finished (out of order). clSeqNr=1615
03:02:28.508 INF Request finished (out of order). clSeqNr=1631
03:02:28.508 INF Request finished (out of order). clSeqNr=1647
03:02:28.512 INF Request finished (out of order). clSeqNr=1663
03:02:28.512 INF Request finished (out of order). clSeqNr=1680
03:02:28.512 INF Request finished (out of order). clSeqNr=1696
03:02:28.512 INF Request finished (out of order). clSeqNr=1712
03:02:28.512 INF Request finished (out of order). clSeqNr=1728
03:02:28.512 INF Request finished (out of order). clSeqNr=1744
03:02:28.512 INF Request finished (out of order). clSeqNr=1504
03:02:28.513 INF Request finished (out of order). clSeqNr=1520
03:02:28.513 INF Request finished (out of order). clSeqNr=1536
03:02:28.513 INF Request finished (out of order). clSeqNr=1552
03:02:28.513 INF Request finished (out of order). clSeqNr=1568
03:02:28.513 INF Request finished (out of order). clSeqNr=1584
03:02:28.514 INF Request finished (out of order). clSeqNr=1600
03:02:28.515 INF Request finished (out of order). clSeqNr=1616
03:02:28.515 INF Request finished (out of order). clSeqNr=1632
03:02:28.516 INF Request finished (out of order). clSeqNr=1648
03:02:28.516 INF Request finished (out of order). clSeqNr=1664
03:02:28.517 INF Request finished (out of order). clSeqNr=1937
03:02:28.517 INF Request finished (out of order). clSeqNr=1953
03:02:28.518 INF Request finished (out of order). clSeqNr=1969
03:02:28.518 INF Request finished (out of order). clSeqNr=1985
03:02:28.518 INF Request finished (out of order). clSeqNr=2001
03:02:28.518 INF Request finished (out of order). clSeqNr=1761
03:02:28.518 INF Request finished (out of order). clSeqNr=1777
03:02:28.518 INF Request finished (out of order). clSeqNr=1793
03:02:28.518 INF Request finished (out of order). clSeqNr=1809
03:02:28.518 INF Request finished (out of order). clSeqNr=1825
03:02:28.518 INF Request finished (out of order). clSeqNr=1841
03:02:28.518 INF Request finished (out of order). clSeqNr=1857
03:02:28.518 INF Request finished (out of order). clSeqNr=1873
03:02:28.518 INF Request finished (out of order). clSeqNr=1889
03:02:28.518 INF Request finished (out of order). clSeqNr=1905
03:02:28.518 INF Request finished (out of order). clSeqNr=1921
03:02:28.518 INF Request finished (out of order). clSeqNr=1426
03:02:28.518 INF Request finished (out of order). clSeqNr=1442
03:02:28.518 INF Request finished (out of order). clSeqNr=1458
03:02:28.518 INF Request finished (out of order). clSeqNr=1474
03:02:28.518 INF Request finished (out of order). clSeqNr=1234
03:02:28.518 INF Request finished (out of order). clSeqNr=1490
03:02:28.518 INF Request finished (out of order). clSeqNr=1506
03:02:28.518 INF Request finished (out of order). clSeqNr=1266
03:02:28.518 INF Request finished (out of order). clSeqNr=1282
03:02:28.519 INF Request finished (out of order). clSeqNr=1298
03:02:28.519 INF Request finished (out of order). clSeqNr=1314
03:02:28.519 INF Request finished (out of order). clSeqNr=1330
03:02:28.519 INF Request finished (out of order). clSeqNr=1346
03:02:28.519 INF Request finished (out of order). clSeqNr=1362
03:02:28.531 INF Request finished (out of order). clSeqNr=1378
03:02:28.531 INF Request finished (out of order). clSeqNr=1394
03:02:28.532 INF Request finished (out of order). clSeqNr=1410
03:02:28.532 INF Request finished (out of order). clSeqNr=1427
03:02:28.532 INF Request finished (out of order). clSeqNr=1443
03:02:28.532 INF Request finished (out of order). clSeqNr=1459
03:02:28.532 INF Request finished (out of order). clSeqNr=1475
03:02:28.532 INF Request finished (out of order). clSeqNr=1251
03:02:28.532 INF Request finished (out of order). clSeqNr=1267
03:02:28.532 INF Request finished (out of order). clSeqNr=1283
03:02:28.532 INF Request finished (out of order). clSeqNr=1299
03:02:28.538 INF Request finished (out of order). clSeqNr=1315
03:02:28.539 INF Request finished (out of order). clSeqNr=1331
03:02:28.539 INF Request finished (out of order). clSeqNr=1347
03:02:28.540 INF Request finished (out of order). clSeqNr=1363
03:02:28.540 INF Request finished (out of order). clSeqNr=1379
03:02:28.541 INF Request finished (out of order). clSeqNr=1395
03:02:28.542 INF Request finished (out of order). clSeqNr=1411
03:02:28.542 INF Request finished (out of order). clSeqNr=1428
03:02:28.543 INF Request finished (out of order). clSeqNr=1444
03:02:28.543 INF Request finished (out of order). clSeqNr=1460
03:02:28.543 INF Request finished (out of order). clSeqNr=1476
03:02:28.544 INF Request finished (out of order). clSeqNr=1492
03:02:28.544 INF Request finished (out of order). clSeqNr=1252
03:02:28.544 INF Request finished (out of order). clSeqNr=1268
03:02:28.545 INF Request finished (out of order). clSeqNr=1284
03:02:28.545 INF Request finished (out of order). clSeqNr=1300
03:02:28.546 INF Request finished (out of order). clSeqNr=1316
03:02:28.547 INF Request finished (out of order). clSeqNr=1332
03:02:28.547 INF Request finished (out of order). clSeqNr=1348
03:02:28.548 INF Request finished (out of order). clSeqNr=1364
03:02:28.548 INF Request finished (out of order). clSeqNr=1380
03:02:28.548 INF Request finished (out of order). clSeqNr=1396
03:02:28.549 INF Request finished (out of order). clSeqNr=1412
03:02:28.549 INF Request finished (out of order). clSeqNr=1429
03:02:28.549 INF Request finished (out of order). clSeqNr=1445
03:02:28.549 INF Request finished (out of order). clSeqNr=1461
03:02:28.550 INF Request finished (out of order). clSeqNr=1477
03:02:28.550 INF Request finished (out of order). clSeqNr=1253
03:02:28.551 INF Request finished (out of order). clSeqNr=1269
03:02:28.551 INF Request finished (out of order). clSeqNr=1285
03:02:28.552 INF Request finished (out of order). clSeqNr=1301
03:02:28.553 INF Request finished (out of order). clSeqNr=1317
03:02:28.553 INF Request finished (out of order). clSeqNr=1333
03:02:28.554 INF Request finished (out of order). clSeqNr=1349
03:02:28.555 INF Request finished (out of order). clSeqNr=1365
03:02:28.555 INF Request finished (out of order). clSeqNr=1381
03:02:28.556 INF Request finished (out of order). clSeqNr=1397
03:02:28.556 INF Request finished (out of order). clSeqNr=1413
03:02:33.120 INF Request finished (out of order). clSeqNr=2183
03:02:33.120 INF Request finished (out of order). clSeqNr=2199
03:02:33.121 INF Request finished (out of order). clSeqNr=2215
03:02:33.121 INF Request finished (out of order). clSeqNr=2231
03:02:33.122 INF Request finished (out of order). clSeqNr=2247
03:02:33.122 INF Request finished (out of order). clSeqNr=2263
03:02:33.122 INF Request finished (out of order). clSeqNr=2023
03:02:33.123 INF Request finished (out of order). clSeqNr=2039
03:02:33.123 INF Request finished (out of order). clSeqNr=2055
03:02:33.124 INF Request finished (out of order). clSeqNr=2071
03:02:33.124 INF Request finished (out of order). clSeqNr=2087
03:02:33.125 INF Request finished (out of order). clSeqNr=2103
03:02:33.126 INF Request finished (out of order). clSeqNr=2119
03:02:33.212 INF Request finished (out of order). clSeqNr=2135
03:02:33.212 INF Request finished (out of order). clSeqNr=2151
03:02:33.212 INF Request finished (out of order). clSeqNr=2167
03:02:33.212 INF Request finished (out of order). clSeqNr=2184
03:02:33.212 INF Request finished (out of order). clSeqNr=2200
03:02:33.212 INF Request finished (out of order). clSeqNr=2216
03:02:33.213 INF Request finished (out of order). clSeqNr=2232
03:02:33.213 INF Request finished (out of order). clSeqNr=2024
03:02:33.213 INF Request finished (out of order). clSeqNr=2040
03:02:33.213 INF Request finished (out of order). clSeqNr=2056
03:02:33.213 INF Request finished (out of order). clSeqNr=2072
03:02:33.213 INF Request finished (out of order). clSeqNr=2088
03:02:33.213 INF Request finished (out of order). clSeqNr=2104
03:02:33.213 INF Request finished (out of order). clSeqNr=2120
03:02:33.213 INF Request finished (out of order). clSeqNr=2136
03:02:33.213 INF Request finished (out of order). clSeqNr=2152
03:02:33.213 INF Request finished (out of order). clSeqNr=2168
03:02:33.213 INF Request finished (out of order). clSeqNr=2185
03:02:33.213 INF Request finished (out of order). clSeqNr=2201
03:02:33.213 INF Request finished (out of order). clSeqNr=2217
03:02:33.213 INF Request finished (out of order). clSeqNr=2233
03:02:33.213 INF Request finished (out of order). clSeqNr=2249
03:02:33.213 INF Request finished (out of order). clSeqNr=2265
03:02:33.213 INF Request finished (out of order). clSeqNr=2025
03:02:33.213 INF Request finished (out of order). clSeqNr=2041
03:02:33.213 INF Request finished (out of order). clSeqNr=2057
03:02:33.213 INF Request finished (out of order). clSeqNr=2073
03:02:33.213 INF Request finished (out of order). clSeqNr=2089
03:02:33.213 INF Request finished (out of order). clSeqNr=2105
03:02:33.213 INF Request finished (out of order). clSeqNr=2121
03:02:33.213 INF Request finished (out of order). clSeqNr=2137
03:02:33.213 INF Request finished (out of order). clSeqNr=2153
03:02:33.213 INF Request finished (out of order). clSeqNr=2169
03:02:33.213 INF Request finished (out of order). clSeqNr=1418
03:02:33.213 INF Request finished (out of order). clSeqNr=1434
03:02:33.213 INF Request finished (out of order). clSeqNr=1450
03:02:33.213 INF Request finished (out of order). clSeqNr=1466
03:02:33.213 INF Request finished (out of order). clSeqNr=1482
03:02:33.213 INF Request finished (out of order). clSeqNr=1498
03:02:33.213 INF Request finished (out of order). clSeqNr=1258
03:02:33.213 INF Request finished (out of order). clSeqNr=1514
03:02:33.214 INF Request finished (out of order). clSeqNr=1274
03:02:33.214 INF Request finished (out of order). clSeqNr=1290
03:02:33.214 INF Request finished (out of order). clSeqNr=1306
03:02:33.214 INF Request finished (out of order). clSeqNr=1322
03:02:33.214 INF Request finished (out of order). clSeqNr=1338
03:02:33.214 INF Request finished (out of order). clSeqNr=1354
03:02:33.214 INF Request finished (out of order). clSeqNr=1370
03:02:33.214 INF Request finished (out of order). clSeqNr=1386
03:02:33.214 INF Request finished (out of order). clSeqNr=1402
03:02:33.214 INF Request finished (out of order). clSeqNr=1677
03:02:33.214 INF Request finished (out of order). clSeqNr=1693
03:02:33.214 INF Request finished (out of order). clSeqNr=1709
03:02:33.214 INF Request finished (out of order). clSeqNr=1725
03:02:33.214 INF Request finished (out of order). clSeqNr=1741
03:02:33.214 INF Request finished (out of order). clSeqNr=1757
03:02:33.214 INF Request finished (out of order). clSeqNr=1517
03:02:33.214 INF Request finished (out of order). clSeqNr=1773
03:02:33.214 INF Request finished (out of order). clSeqNr=1533
03:02:33.214 INF Request finished (out of order). clSeqNr=1549
03:02:33.214 INF Request finished (out of order). clSeqNr=1565
03:02:33.214 INF Request finished (out of order). clSeqNr=1581
03:02:33.214 INF Request finished (out of order). clSeqNr=1597
03:02:33.214 INF Request finished (out of order). clSeqNr=1613
03:02:33.214 INF Request finished (out of order). clSeqNr=1629
03:02:33.214 INF Request finished (out of order). clSeqNr=1645
03:02:33.214 INF Request finished (out of order). clSeqNr=1661
03:02:33.214 INF Request finished (out of order). clSeqNr=2190
03:02:33.214 INF Request finished (out of order). clSeqNr=2206
03:02:33.214 INF Request finished (out of order). clSeqNr=2222
03:02:33.214 INF Request finished (out of order). clSeqNr=2238
03:02:33.214 INF Request finished (out of order). clSeqNr=2254
03:02:33.214 INF Request finished (out of order). clSeqNr=2014
03:02:33.214 INF Request finished (out of order). clSeqNr=2030
03:02:33.214 INF Request finished (out of order). clSeqNr=2046
03:02:33.214 INF Request finished (out of order). clSeqNr=2062
03:02:33.214 INF Request finished (out of order). clSeqNr=2078
03:02:33.214 INF Request finished (out of order). clSeqNr=2094
03:02:33.214 INF Request finished (out of order). clSeqNr=2110
03:02:33.214 INF Request finished (out of order). clSeqNr=2126
03:02:33.214 INF Request finished (out of order). clSeqNr=2142
03:02:33.215 INF Request finished (out of order). clSeqNr=2158
03:02:33.215 INF Request finished (out of order). clSeqNr=2174
03:02:33.215 INF Request finished (out of order). clSeqNr=1935
03:02:33.215 INF Request finished (out of order). clSeqNr=1951
03:02:33.215 INF Request finished (out of order). clSeqNr=1967
03:02:33.215 INF Request finished (out of order). clSeqNr=1983
03:02:33.215 INF Request finished (out of order). clSeqNr=1999
03:02:33.215 INF Request finished (out of order). clSeqNr=1759
03:02:33.215 INF Request finished (out of order). clSeqNr=1775
03:02:33.215 INF Request finished (out of order). clSeqNr=1791
03:02:33.215 INF Request finished (out of order). clSeqNr=1807
03:02:33.215 INF Request finished (out of order). clSeqNr=1823
03:02:33.215 INF Request finished (out of order). clSeqNr=1839
03:02:33.215 INF Request finished (out of order). clSeqNr=1855
03:02:33.215 INF Request finished (out of order). clSeqNr=1871
03:02:33.215 INF Request finished (out of order). clSeqNr=1887
03:02:33.215 INF Request finished (out of order). clSeqNr=1903
03:02:33.215 INF Request finished (out of order). clSeqNr=1919
03:02:33.215 INF Request finished (out of order). clSeqNr=1936
03:02:33.215 INF Request finished (out of order). clSeqNr=1952
03:02:33.215 INF Request finished (out of order). clSeqNr=1968
03:02:33.215 INF Request finished (out of order). clSeqNr=1984
03:02:33.215 INF Request finished (out of order). clSeqNr=2000
03:02:33.215 INF Request finished (out of order). clSeqNr=1760
03:02:33.215 INF Request finished (out of order). clSeqNr=2016
03:02:33.215 INF Request finished (out of order). clSeqNr=1776
03:02:33.215 INF Request finished (out of order). clSeqNr=1792
03:02:33.215 INF Request finished (out of order). clSeqNr=1808
03:02:33.215 INF Request finished (out of order). clSeqNr=1824
03:02:33.215 INF Request finished (out of order). clSeqNr=1840
03:02:33.215 INF Request finished (out of order). clSeqNr=1856
03:02:33.215 INF Request finished (out of order). clSeqNr=1872
03:02:33.215 INF Request finished (out of order). clSeqNr=1888
03:02:33.215 INF Request finished (out of order). clSeqNr=1904
03:02:33.215 INF Request finished (out of order). clSeqNr=1920
03:02:33.215 INF Request finished (out of order). clSeqNr=2193
03:02:33.215 INF Request finished (out of order). clSeqNr=2209
03:02:33.215 INF Request finished (out of order). clSeqNr=2225
03:02:33.215 INF Request finished (out of order). clSeqNr=2241
03:02:33.216 INF Request finished (out of order). clSeqNr=2257
03:02:33.216 INF Request finished (out of order). clSeqNr=2017
03:02:33.216 INF Request finished (out of order). clSeqNr=2033
03:02:33.216 INF Request finished (out of order). clSeqNr=2049
03:02:33.216 INF Request finished (out of order). clSeqNr=2065
03:02:33.216 INF Request finished (out of order). clSeqNr=2081
03:02:33.216 INF Request finished (out of order). clSeqNr=2097
03:02:33.216 INF Request finished (out of order). clSeqNr=2113
03:02:33.216 INF Request finished (out of order). clSeqNr=2129
03:02:33.216 INF Request finished (out of order). clSeqNr=2145
03:02:33.216 INF Request finished (out of order). clSeqNr=2161
03:02:33.216 INF Request finished (out of order). clSeqNr=2177
03:02:33.216 INF Request finished (out of order). clSeqNr=1682
03:02:33.216 INF Request finished (out of order). clSeqNr=1698
03:02:33.216 INF Request finished (out of order). clSeqNr=1714
03:02:33.216 INF Request finished (out of order). clSeqNr=1730
03:02:33.216 INF Request finished (out of order). clSeqNr=1746
03:02:33.216 INF Request finished (out of order). clSeqNr=1522
03:02:33.216 INF Request finished (out of order). clSeqNr=1538
03:02:33.216 INF Request finished (out of order). clSeqNr=1554
03:02:33.216 INF Request finished (out of order). clSeqNr=1570
03:02:33.216 INF Request finished (out of order). clSeqNr=1586
03:02:33.216 INF Request finished (out of order). clSeqNr=1602
03:02:33.216 INF Request finished (out of order). clSeqNr=1618
03:02:33.216 INF Request finished (out of order). clSeqNr=1634
03:02:33.216 INF Request finished (out of order). clSeqNr=1650
03:02:33.216 INF Request finished (out of order). clSeqNr=1666
03:02:33.216 INF Request finished (out of order). clSeqNr=1683
03:02:33.216 INF Request finished (out of order). clSeqNr=1699
03:02:33.216 INF Request finished (out of order). clSeqNr=1715
03:02:33.216 INF Request finished (out of order). clSeqNr=1731
03:02:33.216 INF Request finished (out of order). clSeqNr=1491
03:02:33.216 INF Request finished (out of order). clSeqNr=1747
03:02:33.216 INF Request finished (out of order). clSeqNr=1507
03:02:33.216 INF Request finished (out of order). clSeqNr=1523
03:02:33.216 INF Request finished (out of order). clSeqNr=1539
03:02:33.216 INF Request finished (out of order). clSeqNr=1555
03:02:33.216 INF Request finished (out of order). clSeqNr=1571
03:02:33.216 INF Request finished (out of order). clSeqNr=1587
03:02:33.216 INF Request finished (out of order). clSeqNr=1603
03:02:33.217 INF Request finished (out of order). clSeqNr=1619
03:02:33.217 INF Request finished (out of order). clSeqNr=1635
03:02:33.218 INF Request finished (out of order). clSeqNr=1651
03:02:33.219 INF Request finished (out of order). clSeqNr=1667
03:02:33.219 INF Request finished (out of order). clSeqNr=1684
03:02:33.220 INF Request finished (out of order). clSeqNr=1700
03:02:33.220 INF Request finished (out of order). clSeqNr=1716
03:02:33.221 INF Request finished (out of order). clSeqNr=1732
03:02:33.251 INF Request finished (out of order). clSeqNr=1748
03:02:33.251 INF Request finished (out of order). clSeqNr=1508
03:02:33.305 INF Request finished (out of order). clSeqNr=1524
03:02:33.305 INF Request finished (out of order). clSeqNr=1540
03:02:33.305 INF Request finished (out of order). clSeqNr=1556
03:02:33.305 INF Request finished (out of order). clSeqNr=1572
03:02:33.305 INF Request finished (out of order). clSeqNr=1588
03:02:33.305 INF Request finished (out of order). clSeqNr=1604
03:02:33.305 INF Request finished (out of order). clSeqNr=1620
03:02:33.305 INF Request finished (out of order). clSeqNr=1636
03:02:33.305 INF Request finished (out of order). clSeqNr=1652
03:02:33.305 INF Request finished (out of order). clSeqNr=1668
03:02:33.305 INF Request finished (out of order). clSeqNr=1685
03:02:33.305 INF Request finished (out of order). clSeqNr=1701
03:02:33.305 INF Request finished (out of order). clSeqNr=1717
03:02:33.305 INF Request finished (out of order). clSeqNr=1733
03:02:33.305 INF Request finished (out of order). clSeqNr=1493
03:02:33.305 INF Request finished (out of order). clSeqNr=1749
03:02:33.305 INF Request finished (out of order). clSeqNr=1509
03:02:33.305 INF Request finished (out of order). clSeqNr=1765
03:02:33.305 INF Request finished (out of order). clSeqNr=1525
03:02:33.305 INF Request finished (out of order). clSeqNr=1781
03:02:33.305 INF Request finished (out of order). clSeqNr=1541
03:02:33.305 INF Request finished (out of order). clSeqNr=1557
03:02:33.305 INF Request finished (out of order). clSeqNr=1573
03:02:33.305 INF Request finished (out of order). clSeqNr=1589
03:02:33.305 INF Request finished (out of order). clSeqNr=1605
03:02:33.305 INF Request finished (out of order). clSeqNr=1621
03:02:33.305 INF Request finished (out of order). clSeqNr=1637
03:02:33.305 INF Request finished (out of order). clSeqNr=1653
03:02:33.305 INF Request finished (out of order). clSeqNr=1669
03:02:33.305 INF Request finished (out of order). clSeqNr=2441
03:02:33.306 INF Request finished (out of order). clSeqNr=2457
03:02:33.306 INF Request finished (out of order). clSeqNr=2473
03:02:33.306 INF Request finished (out of order). clSeqNr=2489
03:02:33.306 INF Request finished (out of order). clSeqNr=2505
03:02:33.306 INF Request finished (out of order). clSeqNr=2521
03:02:33.306 INF Request finished (out of order). clSeqNr=2281
03:02:33.306 INF Request finished (out of order). clSeqNr=2297
03:02:33.306 INF Request finished (out of order). clSeqNr=2313
03:02:33.306 INF Request finished (out of order). clSeqNr=2329
03:02:33.306 INF Request finished (out of order). clSeqNr=2345
03:02:33.306 INF Request finished (out of order). clSeqNr=2361
03:02:33.306 INF Request finished (out of order). clSeqNr=2377
03:02:33.306 INF Request finished (out of order). clSeqNr=2393
03:02:33.306 INF Request finished (out of order). clSeqNr=2409
03:02:33.306 INF Request finished (out of order). clSeqNr=2425
03:02:33.306 INF Request finished (out of order). clSeqNr=1419
03:02:33.306 INF Request finished (out of order). clSeqNr=1435
03:02:33.306 INF Request finished (out of order). clSeqNr=1451
03:02:33.306 INF Request finished (out of order). clSeqNr=1467
03:02:33.306 INF Request finished (out of order). clSeqNr=1483
03:02:33.306 INF Request finished (out of order). clSeqNr=1499
03:02:33.306 INF Request finished (out of order). clSeqNr=1515
03:02:33.306 INF Request finished (out of order). clSeqNr=1531
03:02:33.306 INF Request finished (out of order). clSeqNr=1291
03:02:33.306 INF Request finished (out of order). clSeqNr=1547
03:02:33.306 INF Request finished (out of order). clSeqNr=1307
03:02:33.306 INF Request finished (out of order). clSeqNr=1323
03:02:33.306 INF Request finished (out of order). clSeqNr=1339
03:02:33.306 INF Request finished (out of order). clSeqNr=1355
03:02:33.306 INF Request finished (out of order). clSeqNr=1371
03:02:33.306 INF Request finished (out of order). clSeqNr=1387
03:02:33.306 INF Request finished (out of order). clSeqNr=1403
03:02:33.306 INF Request finished (out of order). clSeqNr=1420
03:02:33.306 INF Request finished (out of order). clSeqNr=1436
03:02:33.306 INF Request finished (out of order). clSeqNr=1452
03:02:33.306 INF Request finished (out of order). clSeqNr=1468
03:02:33.307 INF Request finished (out of order). clSeqNr=1484
03:02:33.307 INF Request finished (out of order). clSeqNr=1500
03:02:33.307 INF Request finished (out of order). clSeqNr=1516
03:02:33.307 INF Request finished (out of order). clSeqNr=1276
03:02:33.307 INF Request finished (out of order). clSeqNr=1292
03:02:33.307 INF Request finished (out of order). clSeqNr=1308
03:02:33.307 INF Request finished (out of order). clSeqNr=1324
03:02:33.307 INF Request finished (out of order). clSeqNr=1340
03:02:33.307 INF Request finished (out of order). clSeqNr=1356
03:02:33.307 INF Request finished (out of order). clSeqNr=1372
03:02:33.307 INF Request finished (out of order). clSeqNr=1388
03:02:33.307 INF Request finished (out of order). clSeqNr=1404
03:02:33.307 INF Request finished (out of order). clSeqNr=1933
03:02:33.307 INF Request finished (out of order). clSeqNr=1949
03:02:33.307 INF Request finished (out of order). clSeqNr=1965
03:02:33.307 INF Request finished (out of order). clSeqNr=1981
03:02:33.307 INF Request finished (out of order). clSeqNr=1997
03:02:33.307 INF Request finished (out of order). clSeqNr=2013
03:02:33.307 INF Request finished (out of order). clSeqNr=2029
03:02:33.307 INF Request finished (out of order). clSeqNr=1789
03:02:33.307 INF Request finished (out of order). clSeqNr=1805
03:02:33.307 INF Request finished (out of order). clSeqNr=1821
03:02:33.307 INF Request finished (out of order). clSeqNr=1837
03:02:33.307 INF Request finished (out of order). clSeqNr=1853
03:02:33.307 INF Request finished (out of order). clSeqNr=1869
03:02:33.307 INF Request finished (out of order). clSeqNr=1885
03:02:33.307 INF Request finished (out of order). clSeqNr=1901
03:02:33.307 INF Request finished (out of order). clSeqNr=1917
03:02:33.307 INF Request finished (out of order). clSeqNr=2446
03:02:33.307 INF Request finished (out of order). clSeqNr=2462
03:02:33.307 INF Request finished (out of order). clSeqNr=2478
03:02:33.307 INF Request finished (out of order). clSeqNr=2494
03:02:33.307 INF Request finished (out of order). clSeqNr=2510
03:02:33.307 INF Request finished (out of order). clSeqNr=2270
03:02:33.307 INF Request finished (out of order). clSeqNr=2286
03:02:33.307 INF Request finished (out of order). clSeqNr=2302
03:02:33.307 INF Request finished (out of order). clSeqNr=2318
03:02:33.307 INF Request finished (out of order). clSeqNr=2334
03:02:33.307 INF Request finished (out of order). clSeqNr=2350
03:02:33.307 INF Request finished (out of order). clSeqNr=2366
03:02:33.307 INF Request finished (out of order). clSeqNr=2382
03:02:33.307 INF Request finished (out of order). clSeqNr=2398
03:02:33.307 INF Request finished (out of order). clSeqNr=2414
03:02:33.308 INF Request finished (out of order). clSeqNr=2430
03:02:33.308 INF Request finished (out of order). clSeqNr=2191
03:02:33.308 INF Request finished (out of order). clSeqNr=2207
03:02:33.308 INF Request finished (out of order). clSeqNr=2223
03:02:33.308 INF Request finished (out of order). clSeqNr=2239
03:02:33.308 INF Request finished (out of order). clSeqNr=2255
03:02:33.308 INF Request finished (out of order). clSeqNr=2015
03:02:33.308 INF Request finished (out of order). clSeqNr=2031
03:02:33.308 INF Request finished (out of order). clSeqNr=2047
03:02:33.308 INF Request finished (out of order). clSeqNr=2063
03:02:33.308 INF Request finished (out of order). clSeqNr=2079
03:02:33.308 INF Request finished (out of order). clSeqNr=2095
03:02:33.308 INF Request finished (out of order). clSeqNr=2111
03:02:33.308 INF Request finished (out of order). clSeqNr=2127
03:02:33.308 INF Request finished (out of order). clSeqNr=2143
03:02:33.308 INF Request finished (out of order). clSeqNr=2159
03:02:33.308 INF Request finished (out of order). clSeqNr=2175
03:02:33.308 INF Request finished (out of order). clSeqNr=2192
03:02:33.308 INF Request finished (out of order). clSeqNr=2208
03:02:33.308 INF Request finished (out of order). clSeqNr=2224
03:02:33.308 INF Request finished (out of order). clSeqNr=2240
03:02:33.308 INF Request finished (out of order). clSeqNr=2256
03:02:33.308 INF Request finished (out of order). clSeqNr=2032
03:02:33.308 INF Request finished (out of order). clSeqNr=2048
03:02:33.308 INF Request finished (out of order). clSeqNr=2064
03:02:33.308 INF Request finished (out of order). clSeqNr=2080
03:02:33.308 INF Request finished (out of order). clSeqNr=2096
03:02:33.308 INF Request finished (out of order). clSeqNr=2112
03:02:33.308 INF Request finished (out of order). clSeqNr=2128
03:02:33.308 INF Request finished (out of order). clSeqNr=2144
03:02:33.308 INF Request finished (out of order). clSeqNr=2160
03:02:33.308 INF Request finished (out of order). clSeqNr=2176
03:02:33.308 INF Request finished (out of order). clSeqNr=2449
03:02:33.308 INF Request finished (out of order). clSeqNr=2465
03:02:33.308 INF Request finished (out of order). clSeqNr=2481
03:02:33.308 INF Request finished (out of order). clSeqNr=2497
03:02:33.308 INF Request finished (out of order). clSeqNr=2513
03:02:33.308 INF Request finished (out of order). clSeqNr=2273
03:02:33.309 INF Request finished (out of order). clSeqNr=2529
03:02:33.309 INF Request finished (out of order). clSeqNr=2289
03:02:33.309 INF Request finished (out of order). clSeqNr=2305
03:02:33.309 INF Request finished (out of order). clSeqNr=2321
03:02:33.309 INF Request finished (out of order). clSeqNr=2337
03:02:33.309 INF Request finished (out of order). clSeqNr=2353
03:02:33.309 INF Request finished (out of order). clSeqNr=2369
03:02:33.309 INF Request finished (out of order). clSeqNr=2385
03:02:33.309 INF Request finished (out of order). clSeqNr=2401
03:02:33.309 INF Request finished (out of order). clSeqNr=2417
03:02:33.309 INF Request finished (out of order). clSeqNr=2433
03:02:33.309 INF Request finished (out of order). clSeqNr=1939
03:02:33.309 INF Request finished (out of order). clSeqNr=1955
03:02:33.309 INF Request finished (out of order). clSeqNr=1971
03:02:33.309 INF Request finished (out of order). clSeqNr=1987
03:02:33.309 INF Request finished (out of order). clSeqNr=2003
03:02:33.309 INF Request finished (out of order). clSeqNr=1763
03:02:33.309 INF Request finished (out of order). clSeqNr=1779
03:02:33.309 INF Request finished (out of order). clSeqNr=1795
03:02:33.309 INF Request finished (out of order). clSeqNr=1811
03:02:33.309 INF Request finished (out of order). clSeqNr=1827
03:02:33.310 INF Request finished (out of order). clSeqNr=1843
03:02:33.311 INF Request finished (out of order). clSeqNr=1859
03:02:33.312 INF Request finished (out of order). clSeqNr=1875
03:02:33.312 INF Request finished (out of order). clSeqNr=1891
03:02:33.313 INF Request finished (out of order). clSeqNr=1907
03:02:33.314 INF Request finished (out of order). clSeqNr=1923
03:02:33.315 INF Request finished (out of order). clSeqNr=1941
03:02:33.315 INF Request finished (out of order). clSeqNr=1957
03:02:33.316 INF Request finished (out of order). clSeqNr=1973
03:02:33.317 INF Request finished (out of order). clSeqNr=1989
03:02:33.318 INF Request finished (out of order). clSeqNr=2005
03:02:33.319 INF Request finished (out of order). clSeqNr=1797
03:02:33.319 INF Request finished (out of order). clSeqNr=1813
03:02:33.320 INF Request finished (out of order). clSeqNr=1829
03:02:33.320 INF Request finished (out of order). clSeqNr=1845
03:02:33.321 INF Request finished (out of order). clSeqNr=1861
03:02:33.322 INF Request finished (out of order). clSeqNr=1877
03:02:33.322 INF Request finished (out of order). clSeqNr=1893
03:02:33.323 INF Request finished (out of order). clSeqNr=1909
03:02:33.323 INF Request finished (out of order). clSeqNr=1925
03:02:33.324 INF Request finished (out of order). clSeqNr=2439
03:02:33.344 INF Request finished (out of order). clSeqNr=2455
03:02:33.344 INF Request finished (out of order). clSeqNr=2471
03:02:33.344 INF Request finished (out of order). clSeqNr=2487
03:02:33.396 INF Request finished (out of order). clSeqNr=2503
03:02:33.396 INF Request finished (out of order). clSeqNr=2519
03:02:33.396 INF Request finished (out of order). clSeqNr=2279
03:02:33.396 INF Request finished (out of order). clSeqNr=2295
03:02:33.397 INF Request finished (out of order). clSeqNr=2311
03:02:33.397 INF Request finished (out of order). clSeqNr=2327
03:02:33.397 INF Request finished (out of order). clSeqNr=2343
03:02:33.397 INF Request finished (out of order). clSeqNr=2359
03:02:33.397 INF Request finished (out of order). clSeqNr=2375
03:02:33.397 INF Request finished (out of order). clSeqNr=2391
03:02:33.397 INF Request finished (out of order). clSeqNr=2407
03:02:33.397 INF Request finished (out of order). clSeqNr=2423
03:02:33.397 INF Request finished (out of order). clSeqNr=2440
03:02:33.397 INF Request finished (out of order). clSeqNr=2456
03:02:33.397 INF Request finished (out of order). clSeqNr=2472
03:02:33.397 INF Request finished (out of order). clSeqNr=2488
03:02:33.397 INF Request finished (out of order). clSeqNr=2248
03:02:33.397 INF Request finished (out of order). clSeqNr=2504
03:02:33.397 INF Request finished (out of order). clSeqNr=2264
03:02:33.397 INF Request finished (out of order). clSeqNr=2520
03:02:33.397 INF Request finished (out of order). clSeqNr=2280
03:02:33.397 INF Request finished (out of order). clSeqNr=2296
03:02:33.397 INF Request finished (out of order). clSeqNr=2312
03:02:33.397 INF Request finished (out of order). clSeqNr=2328
03:02:33.397 INF Request finished (out of order). clSeqNr=2344
03:02:33.397 INF Request finished (out of order). clSeqNr=2360
03:02:33.397 INF Request finished (out of order). clSeqNr=2376
03:02:33.397 INF Request finished (out of order). clSeqNr=2392
03:02:33.397 INF Request finished (out of order). clSeqNr=2408
03:02:33.397 INF Request finished (out of order). clSeqNr=2424
03:02:33.397 INF Request finished (out of order). clSeqNr=2697
03:02:33.397 INF Request finished (out of order). clSeqNr=2713
03:02:33.397 INF Request finished (out of order). clSeqNr=2729
03:02:33.397 INF Request finished (out of order). clSeqNr=2745
03:02:33.397 INF Request finished (out of order). clSeqNr=2761
03:02:33.397 INF Request finished (out of order). clSeqNr=2777
03:02:33.397 INF Request finished (out of order). clSeqNr=2537
03:02:33.397 INF Request finished (out of order). clSeqNr=2793
03:02:33.397 INF Request finished (out of order). clSeqNr=2553
03:02:33.397 INF Request finished (out of order). clSeqNr=2809
03:02:33.397 INF Request finished (out of order). clSeqNr=2569
03:02:33.397 INF Request finished (out of order). clSeqNr=2825
03:02:33.397 INF Request finished (out of order). clSeqNr=2585
03:02:33.397 INF Request finished (out of order). clSeqNr=2601
03:02:33.397 INF Request finished (out of order). clSeqNr=2617
03:02:33.397 INF Request finished (out of order). clSeqNr=2633
03:02:33.397 INF Request finished (out of order). clSeqNr=2649
03:02:33.397 INF Request finished (out of order). clSeqNr=2665
03:02:33.397 INF Request finished (out of order). clSeqNr=2681
03:02:33.397 INF Request finished (out of order). clSeqNr=1674
03:02:33.397 INF Request finished (out of order). clSeqNr=1690
03:02:33.398 INF Request finished (out of order). clSeqNr=1706
03:02:33.398 INF Request finished (out of order). clSeqNr=1722
03:02:33.398 INF Request finished (out of order). clSeqNr=1738
03:02:33.398 INF Request finished (out of order). clSeqNr=1754
03:02:33.398 INF Request finished (out of order). clSeqNr=1770
03:02:33.398 INF Request finished (out of order). clSeqNr=1530
03:02:33.398 INF Request finished (out of order). clSeqNr=1546
03:02:33.398 INF Request finished (out of order). clSeqNr=1562
03:02:33.398 INF Request finished (out of order). clSeqNr=1578
03:02:33.398 INF Request finished (out of order). clSeqNr=1594
03:02:33.398 INF Request finished (out of order). clSeqNr=1610
03:02:33.398 INF Request finished (out of order). clSeqNr=1626
03:02:33.398 INF Request finished (out of order). clSeqNr=1642
03:02:33.398 INF Request finished (out of order). clSeqNr=1658
03:02:33.398 INF Request finished (out of order). clSeqNr=1675
03:02:33.398 INF Request finished (out of order). clSeqNr=1691
03:02:33.398 INF Request finished (out of order). clSeqNr=1707
03:02:33.398 INF Request finished (out of order). clSeqNr=1723
03:02:33.398 INF Request finished (out of order). clSeqNr=1739
03:02:33.398 INF Request finished (out of order). clSeqNr=1755
03:02:33.398 INF Request finished (out of order). clSeqNr=1771
03:02:33.398 INF Request finished (out of order). clSeqNr=1563
03:02:33.398 INF Request finished (out of order). clSeqNr=1579
03:02:33.398 INF Request finished (out of order). clSeqNr=1595
03:02:33.398 INF Request finished (out of order). clSeqNr=1611
03:02:33.398 INF Request finished (out of order). clSeqNr=1627
03:02:33.398 INF Request finished (out of order). clSeqNr=1643
03:02:33.398 INF Request finished (out of order). clSeqNr=1659
03:02:33.398 INF Request finished (out of order). clSeqNr=1676
03:02:33.398 INF Request finished (out of order). clSeqNr=1692
03:02:33.398 INF Request finished (out of order). clSeqNr=1708
03:02:33.398 INF Request finished (out of order). clSeqNr=1724
03:02:33.398 INF Request finished (out of order). clSeqNr=1740
03:02:33.398 INF Request finished (out of order). clSeqNr=1756
03:02:33.398 INF Request finished (out of order). clSeqNr=1772
03:02:33.399 INF Request finished (out of order). clSeqNr=1532
03:02:33.399 INF Request finished (out of order). clSeqNr=1548
03:02:33.399 INF Request finished (out of order). clSeqNr=1564
03:02:33.399 INF Request finished (out of order). clSeqNr=1580
03:02:33.399 INF Request finished (out of order). clSeqNr=1596
03:02:33.399 INF Request finished (out of order). clSeqNr=1612
03:02:33.399 INF Request finished (out of order). clSeqNr=1628
03:02:33.399 INF Request finished (out of order). clSeqNr=1644
03:02:33.399 INF Request finished (out of order). clSeqNr=1660
03:02:33.399 INF Request finished (out of order). clSeqNr=2702
03:02:33.399 INF Request finished (out of order). clSeqNr=2718
03:02:33.399 INF Request finished (out of order). clSeqNr=2734
03:02:33.399 INF Request finished (out of order). clSeqNr=2750
03:02:33.399 INF Request finished (out of order). clSeqNr=2766
03:02:33.399 INF Request finished (out of order). clSeqNr=2526
03:02:33.399 INF Request finished (out of order). clSeqNr=2542
03:02:33.399 INF Request finished (out of order). clSeqNr=2558
03:02:33.399 INF Request finished (out of order). clSeqNr=2574
03:02:33.399 INF Request finished (out of order). clSeqNr=2590
03:02:33.399 INF Request finished (out of order). clSeqNr=2606
03:02:33.399 INF Request finished (out of order). clSeqNr=2622
03:02:33.399 INF Request finished (out of order). clSeqNr=2638
03:02:33.399 INF Request finished (out of order). clSeqNr=2654
03:02:33.399 INF Request finished (out of order). clSeqNr=2670
03:02:33.399 INF Request finished (out of order). clSeqNr=2686
03:02:33.399 INF Request finished (out of order). clSeqNr=2447
03:02:33.399 INF Request finished (out of order). clSeqNr=2463
03:02:33.399 INF Request finished (out of order). clSeqNr=2479
03:02:33.399 INF Request finished (out of order). clSeqNr=2495
03:02:33.399 INF Request finished (out of order). clSeqNr=2271
03:02:33.399 INF Request finished (out of order). clSeqNr=2287
03:02:33.399 INF Request finished (out of order). clSeqNr=2303
03:02:33.399 INF Request finished (out of order). clSeqNr=2319
03:02:33.399 INF Request finished (out of order). clSeqNr=2335
03:02:33.399 INF Request finished (out of order). clSeqNr=2351
03:02:33.399 INF Request finished (out of order). clSeqNr=2367
03:02:33.399 INF Request finished (out of order). clSeqNr=2383
03:02:33.400 INF Request finished (out of order). clSeqNr=2399
03:02:33.400 INF Request finished (out of order). clSeqNr=2415
03:02:33.400 INF Request finished (out of order). clSeqNr=2431
03:02:33.401 INF Request finished (out of order). clSeqNr=2448
03:02:33.401 INF Request finished (out of order). clSeqNr=2464
03:02:33.402 INF Request finished (out of order). clSeqNr=2480
03:02:33.403 INF Request finished (out of order). clSeqNr=2496
03:02:33.403 INF Request finished (out of order). clSeqNr=2512
03:02:33.403 INF Request finished (out of order). clSeqNr=2272
03:02:33.404 INF Request finished (out of order). clSeqNr=2288
03:02:33.405 INF Request finished (out of order). clSeqNr=2304
03:02:33.405 INF Request finished (out of order). clSeqNr=2320
03:02:33.406 INF Request finished (out of order). clSeqNr=2336
03:02:33.406 INF Request finished (out of order). clSeqNr=2352
03:02:33.406 INF Request finished (out of order). clSeqNr=2368
03:02:33.406 INF Request finished (out of order). clSeqNr=2384
03:02:33.407 INF Request finished (out of order). clSeqNr=2400
03:02:33.407 INF Request finished (out of order). clSeqNr=2416
03:02:33.408 INF Request finished (out of order). clSeqNr=2432
03:02:33.408 INF Request finished (out of order). clSeqNr=2705
03:02:33.409 INF Request finished (out of order). clSeqNr=2721
03:02:33.409 INF Request finished (out of order). clSeqNr=2737
03:02:33.410 INF Request finished (out of order). clSeqNr=2753
03:02:33.411 INF Request finished (out of order). clSeqNr=2769
03:02:33.411 INF Request finished (out of order). clSeqNr=2545
03:02:33.412 INF Request finished (out of order). clSeqNr=2561
03:02:33.412 INF Request finished (out of order). clSeqNr=2577
03:02:33.413 INF Request finished (out of order). clSeqNr=2593
03:02:33.414 INF Request finished (out of order). clSeqNr=2609
03:02:33.415 INF Request finished (out of order). clSeqNr=2625
03:02:33.415 INF Request finished (out of order). clSeqNr=2641
03:02:33.416 INF Request finished (out of order). clSeqNr=2657
03:02:33.416 INF Request finished (out of order). clSeqNr=2673
03:02:33.417 INF Request finished (out of order). clSeqNr=2689
03:02:33.418 INF Request finished (out of order). clSeqNr=1938
03:02:33.418 INF Request finished (out of order). clSeqNr=1954
03:02:33.419 INF Request finished (out of order). clSeqNr=1970
03:02:33.419 INF Request finished (out of order). clSeqNr=1986
03:02:33.420 INF Request finished (out of order). clSeqNr=2002
03:02:33.420 INF Request finished (out of order). clSeqNr=1762
03:02:33.420 INF Request finished (out of order). clSeqNr=1778
03:02:33.424 INF Request finished (out of order). clSeqNr=1794
03:02:33.424 INF Request finished (out of order). clSeqNr=1810
03:02:33.425 INF Request finished (out of order). clSeqNr=1826
03:02:33.425 INF Request finished (out of order). clSeqNr=1842
03:02:33.425 INF Request finished (out of order). clSeqNr=1858
03:02:33.425 INF Request finished (out of order). clSeqNr=1874
03:02:33.425 INF Request finished (out of order). clSeqNr=1890
03:02:33.425 INF Request finished (out of order). clSeqNr=1906
03:02:33.426 INF Request finished (out of order). clSeqNr=1922
03:02:33.427 INF Request finished (out of order). clSeqNr=1940
03:02:33.427 INF Request finished (out of order). clSeqNr=1956
03:02:33.428 INF Request finished (out of order). clSeqNr=1972
03:02:33.428 INF Request finished (out of order). clSeqNr=1988
03:02:33.429 INF Request finished (out of order). clSeqNr=2004
03:02:33.429 INF Request finished (out of order). clSeqNr=1764
03:02:33.429 INF Request finished (out of order). clSeqNr=1780
03:02:33.430 INF Request finished (out of order). clSeqNr=1796
03:02:33.431 INF Request finished (out of order). clSeqNr=1812
03:02:33.431 INF Request finished (out of order). clSeqNr=1828
03:02:33.432 INF Request finished (out of order). clSeqNr=1844
03:02:33.433 INF Request finished (out of order). clSeqNr=1860
03:02:33.433 INF Request finished (out of order). clSeqNr=1876
03:02:33.434 INF Request finished (out of order). clSeqNr=1892
03:02:33.434 INF Request finished (out of order). clSeqNr=1908
03:02:33.435 INF Request finished (out of order). clSeqNr=1924
03:02:33.435 INF Request finished (out of order). clSeqNr=902
03:02:33.436 INF Request finished (out of order). clSeqNr=918
03:02:33.437 INF Request finished (out of order). clSeqNr=934
03:02:33.437 INF Request finished (out of order). clSeqNr=950
03:02:33.438 INF Request finished (out of order). clSeqNr=966
03:02:33.438 INF Request finished (out of order). clSeqNr=726
03:02:33.438 INF Request delivered (in order). clSeqNr=726
03:02:33.438 INF Request delivered (in order). clSeqNr=727
03:02:33.438 INF Request delivered (in order). clSeqNr=728
03:02:33.438 INF Request delivered (in order). clSeqNr=729
03:02:33.438 INF Request delivered (in order). clSeqNr=730
03:02:33.438 INF Request delivered (in order). clSeqNr=731
03:02:33.438 INF Request delivered (in order). clSeqNr=732
03:02:33.438 INF Request delivered (in order). clSeqNr=733
03:02:33.438 INF Request delivered (in order). clSeqNr=734
03:02:33.438 INF Request delivered (in order). clSeqNr=735
03:02:33.438 INF Request delivered (in order). clSeqNr=736
03:02:33.438 INF Request delivered (in order). clSeqNr=737
03:02:33.438 INF Request delivered (in order). clSeqNr=738
03:02:33.438 INF Request delivered (in order). clSeqNr=739
03:02:33.438 INF Request delivered (in order). clSeqNr=740
03:02:33.438 INF Request delivered (in order). clSeqNr=741
03:02:33.438 INF Request finished (out of order). clSeqNr=742
03:02:33.438 INF Request delivered (in order). clSeqNr=742
03:02:33.438 INF Request delivered (in order). clSeqNr=743
03:02:33.438 INF Request delivered (in order). clSeqNr=744
03:02:33.438 INF Request delivered (in order). clSeqNr=745
03:02:33.438 INF Request delivered (in order). clSeqNr=746
03:02:33.438 INF Request delivered (in order). clSeqNr=747
03:02:33.438 INF Request delivered (in order). clSeqNr=748
03:02:33.438 INF Request delivered (in order). clSeqNr=749
03:02:33.438 INF Request delivered (in order). clSeqNr=750
03:02:33.438 INF Request delivered (in order). clSeqNr=751
03:02:33.438 INF Request delivered (in order). clSeqNr=752
03:02:33.439 INF Request delivered (in order). clSeqNr=753
03:02:33.439 INF Request delivered (in order). clSeqNr=754
03:02:33.439 INF Request delivered (in order). clSeqNr=755
03:02:33.439 INF Request delivered (in order). clSeqNr=756
03:02:33.439 INF Request delivered (in order). clSeqNr=757
03:02:33.439 INF Request finished (out of order). clSeqNr=758
03:02:33.439 INF Request delivered (in order). clSeqNr=758
03:02:33.439 INF Request delivered (in order). clSeqNr=759
03:02:33.439 INF Request delivered (in order). clSeqNr=760
03:02:33.439 INF Request delivered (in order). clSeqNr=761
03:02:33.439 INF Request delivered (in order). clSeqNr=762
03:02:33.439 INF Request delivered (in order). clSeqNr=763
03:02:33.439 INF Request delivered (in order). clSeqNr=764
03:02:33.439 INF Request delivered (in order). clSeqNr=765
03:02:33.439 INF Request delivered (in order). clSeqNr=766
03:02:33.439 INF Request delivered (in order). clSeqNr=767
03:02:33.439 INF Request delivered (in order). clSeqNr=768
03:02:33.439 INF Request delivered (in order). clSeqNr=769
03:02:33.439 INF Request delivered (in order). clSeqNr=770
03:02:33.439 INF Request delivered (in order). clSeqNr=771
03:02:33.439 INF Request delivered (in order). clSeqNr=772
03:02:33.439 INF Request delivered (in order). clSeqNr=773
03:02:33.439 INF Request finished (out of order). clSeqNr=774
03:02:33.439 INF Request delivered (in order). clSeqNr=774
03:02:33.440 INF Request delivered (in order). clSeqNr=775
03:02:33.440 INF Request delivered (in order). clSeqNr=776
03:02:33.440 INF Request delivered (in order). clSeqNr=777
03:02:33.440 INF Request delivered (in order). clSeqNr=778
03:02:33.440 INF Request delivered (in order). clSeqNr=779
03:02:33.440 INF Request delivered (in order). clSeqNr=780
03:02:33.440 INF Request delivered (in order). clSeqNr=781
03:02:33.440 INF Request delivered (in order). clSeqNr=782
03:02:33.440 INF Request delivered (in order). clSeqNr=783
03:02:33.440 INF Request delivered (in order). clSeqNr=784
03:02:33.440 INF Request delivered (in order). clSeqNr=785
03:02:33.440 INF Request delivered (in order). clSeqNr=786
03:02:33.440 INF Request delivered (in order). clSeqNr=787
03:02:33.440 INF Request delivered (in order). clSeqNr=788
03:02:33.440 INF Request delivered (in order). clSeqNr=789
03:02:33.440 INF Request finished (out of order). clSeqNr=790
03:02:33.440 INF Request delivered (in order). clSeqNr=790
03:02:33.440 INF Request delivered (in order). clSeqNr=791
03:02:33.440 INF Request delivered (in order). clSeqNr=792
03:02:33.440 INF Request delivered (in order). clSeqNr=793
03:02:33.440 INF Request delivered (in order). clSeqNr=794
03:02:33.440 INF Request delivered (in order). clSeqNr=795
03:02:33.440 INF Request delivered (in order). clSeqNr=796
03:02:33.440 INF Request delivered (in order). clSeqNr=797
03:02:33.440 INF Request delivered (in order). clSeqNr=798
03:02:33.440 INF Request delivered (in order). clSeqNr=799
03:02:33.440 INF Request delivered (in order). clSeqNr=800
03:02:33.440 INF Request delivered (in order). clSeqNr=801
03:02:33.440 INF Request delivered (in order). clSeqNr=802
03:02:33.440 INF Request delivered (in order). clSeqNr=803
03:02:33.440 INF Request delivered (in order). clSeqNr=804
03:02:33.440 INF Request delivered (in order). clSeqNr=805
03:02:33.459 INF Request finished (out of order). clSeqNr=806
03:02:33.459 INF Request delivered (in order). clSeqNr=806
03:02:33.459 INF Request delivered (in order). clSeqNr=807
03:02:33.459 INF Request delivered (in order). clSeqNr=808
03:02:33.459 INF Request delivered (in order). clSeqNr=809
03:02:33.460 INF Request delivered (in order). clSeqNr=810
03:02:33.460 INF Request delivered (in order). clSeqNr=811
03:02:33.460 INF Request delivered (in order). clSeqNr=812
03:02:33.460 INF Request delivered (in order). clSeqNr=813
03:02:33.460 INF Request delivered (in order). clSeqNr=814
03:02:33.460 INF Request delivered (in order). clSeqNr=815
03:02:33.460 INF Request delivered (in order). clSeqNr=816
03:02:33.460 INF Request delivered (in order). clSeqNr=817
03:02:33.460 INF Request delivered (in order). clSeqNr=818
03:02:33.460 INF Request delivered (in order). clSeqNr=819
03:02:33.460 INF Request delivered (in order). clSeqNr=820
03:02:33.460 INF Request delivered (in order). clSeqNr=821
03:02:33.460 INF Request finished (out of order). clSeqNr=822
03:02:33.460 INF Request delivered (in order). clSeqNr=822
03:02:33.460 INF Request delivered (in order). clSeqNr=823
03:02:33.460 INF Request delivered (in order). clSeqNr=824
03:02:33.460 INF Request delivered (in order). clSeqNr=825
03:02:33.460 INF Request delivered (in order). clSeqNr=826
03:02:33.460 INF Request delivered (in order). clSeqNr=827
03:02:33.460 INF Request delivered (in order). clSeqNr=828
03:02:33.460 INF Request delivered (in order). clSeqNr=829
03:02:33.460 INF Request delivered (in order). clSeqNr=830
03:02:33.460 INF Request delivered (in order). clSeqNr=831
03:02:33.460 INF Request delivered (in order). clSeqNr=832
03:02:33.460 INF Request delivered (in order). clSeqNr=833
03:02:33.460 INF Request delivered (in order). clSeqNr=834
03:02:33.460 INF Request delivered (in order). clSeqNr=835
03:02:33.460 INF Request delivered (in order). clSeqNr=836
03:02:33.460 INF Request delivered (in order). clSeqNr=837
03:02:33.460 INF Request finished (out of order). clSeqNr=838
03:02:33.460 INF Request delivered (in order). clSeqNr=838
03:02:33.460 INF Request delivered (in order). clSeqNr=839
03:02:33.460 INF Request delivered (in order). clSeqNr=840
03:02:33.460 INF Request delivered (in order). clSeqNr=841
03:02:33.460 INF Request delivered (in order). clSeqNr=842
03:02:33.460 INF Request delivered (in order). clSeqNr=843
03:02:33.460 INF Request delivered (in order). clSeqNr=844
03:02:33.460 INF Request delivered (in order). clSeqNr=845
03:02:33.460 INF Request delivered (in order). clSeqNr=846
03:02:33.460 INF Request delivered (in order). clSeqNr=847
03:02:33.460 INF Request delivered (in order). clSeqNr=848
03:02:33.460 INF Request delivered (in order). clSeqNr=849
03:02:33.460 INF Request delivered (in order). clSeqNr=850
03:02:33.460 INF Request delivered (in order). clSeqNr=851
03:02:33.460 INF Request delivered (in order). clSeqNr=852
03:02:33.460 INF Request delivered (in order). clSeqNr=853
03:02:33.460 INF Request finished (out of order). clSeqNr=854
03:02:33.460 INF Request delivered (in order). clSeqNr=854
03:02:33.460 INF Request delivered (in order). clSeqNr=855
03:02:33.460 INF Request delivered (in order). clSeqNr=856
03:02:33.460 INF Request delivered (in order). clSeqNr=857
03:02:33.460 INF Request delivered (in order). clSeqNr=858
03:02:33.460 INF Request delivered (in order). clSeqNr=859
03:02:33.460 INF Request delivered (in order). clSeqNr=860
03:02:33.460 INF Request delivered (in order). clSeqNr=861
03:02:33.460 INF Request delivered (in order). clSeqNr=862
03:02:33.460 INF Request delivered (in order). clSeqNr=863
03:02:33.460 INF Request delivered (in order). clSeqNr=864
03:02:33.460 INF Request delivered (in order). clSeqNr=865
03:02:33.460 INF Request delivered (in order). clSeqNr=866
03:02:33.460 INF Request delivered (in order). clSeqNr=867
03:02:33.460 INF Request delivered (in order). clSeqNr=868
03:02:33.460 INF Request delivered (in order). clSeqNr=869
03:02:33.460 INF Request finished (out of order). clSeqNr=870
03:02:33.460 INF Request delivered (in order). clSeqNr=870
03:02:33.460 INF Request delivered (in order). clSeqNr=871
03:02:33.460 INF Request delivered (in order). clSeqNr=872
03:02:33.460 INF Request delivered (in order). clSeqNr=873
03:02:33.460 INF Request delivered (in order). clSeqNr=874
03:02:33.460 INF Request delivered (in order). clSeqNr=875
03:02:33.460 INF Request delivered (in order). clSeqNr=876
03:02:33.460 INF Request delivered (in order). clSeqNr=877
03:02:33.460 INF Request delivered (in order). clSeqNr=878
03:02:33.460 INF Request delivered (in order). clSeqNr=879
03:02:33.460 INF Request delivered (in order). clSeqNr=880
03:02:33.460 INF Request delivered (in order). clSeqNr=881
03:02:33.460 INF Request delivered (in order). clSeqNr=882
03:02:33.460 INF Request delivered (in order). clSeqNr=883
03:02:33.460 INF Request delivered (in order). clSeqNr=884
03:02:33.461 INF Request delivered (in order). clSeqNr=885
03:02:33.461 INF Request finished (out of order). clSeqNr=886
03:02:33.461 INF Request delivered (in order). clSeqNr=886
03:02:33.461 INF Request delivered (in order). clSeqNr=887
03:02:33.461 INF Request delivered (in order). clSeqNr=888
03:02:33.461 INF Request delivered (in order). clSeqNr=889
03:02:33.461 INF Request delivered (in order). clSeqNr=890
03:02:33.461 INF Request delivered (in order). clSeqNr=891
03:02:33.461 INF Request delivered (in order). clSeqNr=892
03:02:33.461 INF Request delivered (in order). clSeqNr=893
03:02:33.461 INF Request delivered (in order). clSeqNr=894
03:02:33.461 INF Request delivered (in order). clSeqNr=895
03:02:33.461 INF Request delivered (in order). clSeqNr=896
03:02:33.461 INF Request delivered (in order). clSeqNr=897
03:02:33.461 INF Request delivered (in order). clSeqNr=898
03:02:33.461 INF Request delivered (in order). clSeqNr=899
03:02:33.461 INF Request delivered (in order). clSeqNr=900
03:02:33.461 INF Request delivered (in order). clSeqNr=901
03:02:33.461 INF Request delivered (in order). clSeqNr=902
03:02:33.461 INF Request delivered (in order). clSeqNr=903
03:02:33.461 INF Request delivered (in order). clSeqNr=904
03:02:33.461 INF Request delivered (in order). clSeqNr=905
03:02:33.461 INF Request delivered (in order). clSeqNr=906
03:02:33.461 INF Request delivered (in order). clSeqNr=907
03:02:33.461 INF Request delivered (in order). clSeqNr=908
03:02:33.461 INF Request delivered (in order). clSeqNr=909
03:02:33.461 INF Request delivered (in order). clSeqNr=910
03:02:33.461 INF Request delivered (in order). clSeqNr=911
03:02:33.461 INF Request delivered (in order). clSeqNr=912
03:02:33.461 INF Request delivered (in order). clSeqNr=913
03:02:33.461 INF Request delivered (in order). clSeqNr=914
03:02:33.461 INF Request delivered (in order). clSeqNr=915
03:02:33.461 INF Request delivered (in order). clSeqNr=916
03:02:33.461 INF Request delivered (in order). clSeqNr=917
03:02:33.461 INF Request delivered (in order). clSeqNr=918
03:02:33.461 INF Request delivered (in order). clSeqNr=919
03:02:33.461 INF Request delivered (in order). clSeqNr=920
03:02:33.461 INF Request delivered (in order). clSeqNr=921
03:02:33.461 INF Request delivered (in order). clSeqNr=922
03:02:33.461 INF Request delivered (in order). clSeqNr=923
03:02:33.461 INF Request delivered (in order). clSeqNr=924
03:02:33.461 INF Request delivered (in order). clSeqNr=925
03:02:33.461 INF Request delivered (in order). clSeqNr=926
03:02:33.461 INF Request delivered (in order). clSeqNr=927
03:02:33.461 INF Request delivered (in order). clSeqNr=928
03:02:33.461 INF Request delivered (in order). clSeqNr=929
03:02:33.461 INF Request delivered (in order). clSeqNr=930
03:02:33.461 INF Request delivered (in order). clSeqNr=931
03:02:33.461 INF Request delivered (in order). clSeqNr=932
03:02:33.461 INF Request delivered (in order). clSeqNr=933
03:02:33.461 INF Request delivered (in order). clSeqNr=934
03:02:33.461 INF Request delivered (in order). clSeqNr=935
03:02:33.461 INF Request delivered (in order). clSeqNr=936
03:02:33.461 INF Request delivered (in order). clSeqNr=937
03:02:33.461 INF Request delivered (in order). clSeqNr=938
03:02:33.461 INF Request delivered (in order). clSeqNr=939
03:02:33.461 INF Request delivered (in order). clSeqNr=940
03:02:33.461 INF Request delivered (in order). clSeqNr=941
03:02:33.461 INF Request delivered (in order). clSeqNr=942
03:02:33.461 INF Request delivered (in order). clSeqNr=943
03:02:33.461 INF Request delivered (in order). clSeqNr=944
03:02:33.461 INF Request delivered (in order). clSeqNr=945
03:02:33.461 INF Request delivered (in order). clSeqNr=946
03:02:33.461 INF Request delivered (in order). clSeqNr=947
03:02:33.461 INF Request delivered (in order). clSeqNr=948
03:02:33.461 INF Request delivered (in order). clSeqNr=949
03:02:33.461 INF Request delivered (in order). clSeqNr=950
03:02:33.461 INF Request delivered (in order). clSeqNr=951
03:02:33.461 INF Request delivered (in order). clSeqNr=952
03:02:33.461 INF Request delivered (in order). clSeqNr=953
03:02:33.461 INF Request delivered (in order). clSeqNr=954
03:02:33.461 INF Request delivered (in order). clSeqNr=955
03:02:33.461 INF Request delivered (in order). clSeqNr=956
03:02:33.461 INF Request delivered (in order). clSeqNr=957
03:02:33.461 INF Request delivered (in order). clSeqNr=958
03:02:33.461 INF Request delivered (in order). clSeqNr=959
03:02:33.461 INF Request delivered (in order). clSeqNr=960
03:02:33.461 INF Request delivered (in order). clSeqNr=961
03:02:33.462 INF Request delivered (in order). clSeqNr=962
03:02:33.462 INF Request delivered (in order). clSeqNr=963
03:02:33.462 INF Request delivered (in order). clSeqNr=964
03:02:33.462 INF Request delivered (in order). clSeqNr=965
03:02:33.462 INF Request delivered (in order). clSeqNr=966
03:02:33.462 INF Request delivered (in order). clSeqNr=967
03:02:33.462 INF Request delivered (in order). clSeqNr=968
03:02:33.462 INF Request delivered (in order). clSeqNr=969
03:02:33.462 INF Request delivered (in order). clSeqNr=970
03:02:33.462 INF Request delivered (in order). clSeqNr=971
03:02:33.462 INF Request delivered (in order). clSeqNr=972
03:02:33.462 INF Request delivered (in order). clSeqNr=973
03:02:33.462 INF Request delivered (in order). clSeqNr=974
03:02:33.462 INF Request delivered (in order). clSeqNr=975
03:02:33.462 INF Request delivered (in order). clSeqNr=976
03:02:33.462 INF Request delivered (in order). clSeqNr=977
03:02:33.462 INF Request delivered (in order). clSeqNr=978
03:02:33.462 INF Request delivered (in order). clSeqNr=979
03:02:33.462 INF Request delivered (in order). clSeqNr=980
03:02:33.462 INF Request delivered (in order). clSeqNr=981
03:02:33.462 INF Request finished (out of order). clSeqNr=2695
03:02:33.462 INF Request finished (out of order). clSeqNr=2711
03:02:33.462 INF Request finished (out of order). clSeqNr=2727
03:02:33.462 INF Request finished (out of order). clSeqNr=2743
03:02:33.462 INF Request finished (out of order). clSeqNr=2759
03:02:33.462 INF Request finished (out of order). clSeqNr=2775
03:02:33.462 INF Request finished (out of order). clSeqNr=2535
03:02:33.462 INF Request finished (out of order). clSeqNr=2551
03:02:33.462 INF Request finished (out of order). clSeqNr=2567
03:02:33.462 INF Request finished (out of order). clSeqNr=2583
03:02:33.462 INF Request finished (out of order). clSeqNr=2599
03:02:33.462 INF Request finished (out of order). clSeqNr=2615
03:02:33.462 INF Request finished (out of order). clSeqNr=2631
03:02:33.476 INF Request finished (out of order). clSeqNr=2647
03:02:33.476 INF Request finished (out of order). clSeqNr=2663
03:02:33.476 INF Request finished (out of order). clSeqNr=2679
03:02:33.476 INF Request finished (out of order). clSeqNr=2696
03:02:33.476 INF Request finished (out of order). clSeqNr=2712
03:02:33.476 INF Request finished (out of order). clSeqNr=2728
03:02:33.476 INF Request finished (out of order). clSeqNr=2744
03:02:33.476 INF Request finished (out of order). clSeqNr=2760
03:02:33.476 INF Request finished (out of order). clSeqNr=2776
03:02:33.476 INF Request finished (out of order). clSeqNr=2536
03:02:33.489 INF Request finished (out of order). clSeqNr=2552
03:02:33.489 INF Request finished (out of order). clSeqNr=2568
03:02:33.489 INF Request finished (out of order). clSeqNr=2584
03:02:33.489 INF Request finished (out of order). clSeqNr=2600
03:02:33.489 INF Request finished (out of order). clSeqNr=2616
03:02:33.489 INF Request finished (out of order). clSeqNr=2632
03:02:33.489 INF Request finished (out of order). clSeqNr=2648
03:02:33.489 INF Request finished (out of order). clSeqNr=2664
03:02:33.489 INF Request finished (out of order). clSeqNr=2680
03:02:34.961 INF Request finished (out of order). clSeqNr=1930
03:02:34.962 INF Request finished (out of order). clSeqNr=1946
03:02:34.962 INF Request finished (out of order). clSeqNr=1962
03:02:34.963 INF Request finished (out of order). clSeqNr=1978
03:02:34.963 INF Request finished (out of order). clSeqNr=1994
03:02:34.964 INF Request finished (out of order). clSeqNr=2010
03:02:34.965 INF Request finished (out of order). clSeqNr=2026
03:02:34.965 INF Request finished (out of order). clSeqNr=1786
03:02:34.966 INF Request finished (out of order). clSeqNr=1802
03:02:34.966 INF Request finished (out of order). clSeqNr=1818
03:02:34.967 INF Request finished (out of order). clSeqNr=1834
03:02:34.970 INF Request finished (out of order). clSeqNr=1850
03:02:34.971 INF Request finished (out of order). clSeqNr=1866
03:02:34.986 INF Request finished (out of order). clSeqNr=1882
03:02:34.986 INF Request finished (out of order). clSeqNr=1898
03:02:34.986 INF Request finished (out of order). clSeqNr=1914
03:02:35.181 INF Request finished (out of order). clSeqNr=2189
03:02:35.182 INF Request finished (out of order). clSeqNr=2205
03:02:35.182 INF Request finished (out of order). clSeqNr=2221
03:02:35.183 INF Request finished (out of order). clSeqNr=2237
03:02:35.184 INF Request finished (out of order). clSeqNr=2253
03:02:35.184 INF Request finished (out of order). clSeqNr=2269
03:02:35.185 INF Request finished (out of order). clSeqNr=2285
03:02:35.185 INF Request finished (out of order). clSeqNr=2045
03:02:35.185 INF Request finished (out of order). clSeqNr=2061
03:02:35.186 INF Request finished (out of order). clSeqNr=2077
03:02:35.187 INF Request finished (out of order). clSeqNr=2093
03:02:35.188 INF Request finished (out of order). clSeqNr=2109
03:02:35.188 INF Request finished (out of order). clSeqNr=2125
03:02:35.189 INF Request finished (out of order). clSeqNr=2141
03:02:35.190 INF Request finished (out of order). clSeqNr=2157
03:02:35.190 INF Request finished (out of order). clSeqNr=2173
03:02:35.191 INF Request finished (out of order). clSeqNr=2703
03:02:35.191 INF Request finished (out of order). clSeqNr=2719
03:02:35.192 INF Request finished (out of order). clSeqNr=2735
03:02:35.193 INF Request finished (out of order). clSeqNr=2751
03:02:35.193 INF Request finished (out of order). clSeqNr=2511
03:02:35.193 INF Request finished (out of order). clSeqNr=2767
03:02:35.193 INF Request finished (out of order). clSeqNr=2527
03:02:35.194 INF Request finished (out of order). clSeqNr=2543
03:02:35.195 INF Request finished (out of order). clSeqNr=2559
03:02:35.273 INF Request finished (out of order). clSeqNr=2575
03:02:35.273 INF Request finished (out of order). clSeqNr=2591
03:02:35.273 INF Request finished (out of order). clSeqNr=2607
03:02:35.273 INF Request finished (out of order). clSeqNr=2623
03:02:35.273 INF Request finished (out of order). clSeqNr=2639
03:02:35.273 INF Request finished (out of order). clSeqNr=2655
03:02:35.273 INF Request finished (out of order). clSeqNr=2671
03:02:35.273 INF Request finished (out of order). clSeqNr=2687
03:02:35.330 INF Request finished (out of order). clSeqNr=2194
03:02:35.330 INF Request finished (out of order). clSeqNr=2210
03:02:35.330 INF Request finished (out of order). clSeqNr=2226
03:02:35.330 INF Request finished (out of order). clSeqNr=2242
03:02:35.330 INF Request finished (out of order). clSeqNr=2258
03:02:35.330 INF Request finished (out of order). clSeqNr=2018
03:02:35.331 INF Request finished (out of order). clSeqNr=2034
03:02:35.331 INF Request finished (out of order). clSeqNr=2050
03:02:35.332 INF Request finished (out of order). clSeqNr=2066
03:02:35.333 INF Request finished (out of order). clSeqNr=2082
03:02:35.333 INF Request finished (out of order). clSeqNr=2098
03:02:35.334 INF Request finished (out of order). clSeqNr=2114
03:02:35.334 INF Request finished (out of order). clSeqNr=2130
03:02:35.335 INF Request finished (out of order). clSeqNr=2146
03:02:35.335 INF Request finished (out of order). clSeqNr=2162
03:02:35.336 INF Request finished (out of order). clSeqNr=2178
03:02:35.337 INF Request finished (out of order). clSeqNr=2195
03:02:35.337 INF Request finished (out of order). clSeqNr=2211
03:02:35.338 INF Request finished (out of order). clSeqNr=2227
03:02:35.338 INF Request finished (out of order). clSeqNr=2243
03:02:35.339 INF Request finished (out of order). clSeqNr=2259
03:02:35.339 INF Request finished (out of order). clSeqNr=2019
03:02:35.340 INF Request finished (out of order). clSeqNr=2035
03:02:35.340 INF Request finished (out of order). clSeqNr=2051
03:02:35.341 INF Request finished (out of order). clSeqNr=2067
03:02:35.341 INF Request finished (out of order). clSeqNr=2083
03:02:35.342 INF Request finished (out of order). clSeqNr=2099
03:02:35.343 INF Request finished (out of order). clSeqNr=2115
03:02:35.343 INF Request finished (out of order). clSeqNr=2131
03:02:35.344 INF Request finished (out of order). clSeqNr=2147
03:02:35.344 INF Request finished (out of order). clSeqNr=2163
03:02:35.371 INF Request finished (out of order). clSeqNr=2179
03:02:35.372 INF Request finished (out of order). clSeqNr=2196
03:02:35.372 INF Request finished (out of order). clSeqNr=2212
03:02:35.372 INF Request finished (out of order). clSeqNr=2228
03:02:35.372 INF Request finished (out of order). clSeqNr=2244
03:02:35.372 INF Request finished (out of order). clSeqNr=2260
03:02:35.372 INF Request finished (out of order). clSeqNr=2020
03:02:35.372 INF Request finished (out of order). clSeqNr=2036
03:02:35.372 INF Request finished (out of order). clSeqNr=2052
03:02:35.376 INF Request finished (out of order). clSeqNr=2068
03:02:35.376 INF Request finished (out of order). clSeqNr=2084
03:02:35.376 INF Request finished (out of order). clSeqNr=2100
03:02:35.376 INF Request finished (out of order). clSeqNr=2116
03:02:35.376 INF Request finished (out of order). clSeqNr=2132
03:02:35.376 INF Request finished (out of order). clSeqNr=2148
03:02:35.376 INF Request finished (out of order). clSeqNr=2164
03:02:35.376 INF Request finished (out of order). clSeqNr=2180
03:02:35.376 INF Request finished (out of order). clSeqNr=2197
03:02:35.376 INF Request finished (out of order). clSeqNr=2021
03:02:35.376 INF Request finished (out of order). clSeqNr=2037
03:02:35.376 INF Request finished (out of order). clSeqNr=2053
03:02:35.376 INF Request finished (out of order). clSeqNr=2069
03:02:35.376 INF Request finished (out of order). clSeqNr=2085
03:02:35.376 INF Request finished (out of order). clSeqNr=2101
03:02:35.376 INF Request finished (out of order). clSeqNr=2117
03:02:35.376 INF Request finished (out of order). clSeqNr=2133
03:02:35.376 INF Request finished (out of order). clSeqNr=2149
03:02:35.376 INF Request finished (out of order). clSeqNr=2165
03:02:35.376 INF Request finished (out of order). clSeqNr=2181
03:02:37.706 INF Request finished (out of order). clSeqNr=2791
03:02:37.706 INF Request finished (out of order). clSeqNr=2807
03:02:37.706 INF Request finished (out of order). clSeqNr=2823
03:02:37.706 INF Request finished (out of order). clSeqNr=2839
03:02:37.707 INF Request finished (out of order). clSeqNr=2855
03:02:37.707 INF Request finished (out of order). clSeqNr=2871
03:02:37.708 INF Request finished (out of order). clSeqNr=2887
03:02:37.708 INF Request finished (out of order). clSeqNr=2903
03:02:37.708 INF Request finished (out of order). clSeqNr=2919
03:02:37.709 INF Request finished (out of order). clSeqNr=2841
03:02:37.709 INF Request finished (out of order). clSeqNr=2857
03:02:37.798 INF Request finished (out of order). clSeqNr=2873
03:02:37.798 INF Request finished (out of order). clSeqNr=2889
03:02:37.798 INF Request finished (out of order). clSeqNr=2905
03:02:37.798 INF Request finished (out of order). clSeqNr=2921
03:02:37.798 INF Request finished (out of order). clSeqNr=2186
03:02:37.798 INF Request finished (out of order). clSeqNr=2202
03:02:37.798 INF Request finished (out of order). clSeqNr=2218
03:02:37.798 INF Request finished (out of order). clSeqNr=2234
03:02:37.798 INF Request finished (out of order). clSeqNr=2250
03:02:37.798 INF Request finished (out of order). clSeqNr=2266
03:02:37.798 INF Request finished (out of order). clSeqNr=2282
03:02:37.798 INF Request finished (out of order). clSeqNr=2042
03:02:37.799 INF Request finished (out of order). clSeqNr=2058
03:02:37.799 INF Request finished (out of order). clSeqNr=2074
03:02:37.799 INF Request finished (out of order). clSeqNr=2090
03:02:37.799 INF Request finished (out of order). clSeqNr=2106
03:02:37.799 INF Request finished (out of order). clSeqNr=2122
03:02:37.799 INF Request finished (out of order). clSeqNr=2138
03:02:37.799 INF Request finished (out of order). clSeqNr=2154
03:02:37.799 INF Request finished (out of order). clSeqNr=2170
03:02:37.799 INF Request finished (out of order). clSeqNr=1931
03:02:37.799 INF Request finished (out of order). clSeqNr=1947
03:02:37.799 INF Request finished (out of order). clSeqNr=1963
03:02:37.799 INF Request finished (out of order). clSeqNr=1979
03:02:37.799 INF Request finished (out of order). clSeqNr=1995
03:02:37.799 INF Request finished (out of order). clSeqNr=2011
03:02:37.799 INF Request finished (out of order). clSeqNr=2027
03:02:37.799 INF Request finished (out of order). clSeqNr=1787
03:02:37.799 INF Request finished (out of order). clSeqNr=1803
03:02:37.799 INF Request finished (out of order). clSeqNr=1819
03:02:37.799 INF Request finished (out of order). clSeqNr=1835
03:02:37.799 INF Request finished (out of order). clSeqNr=1851
03:02:37.799 INF Request finished (out of order). clSeqNr=1867
03:02:37.799 INF Request finished (out of order). clSeqNr=1883
03:02:37.799 INF Request finished (out of order). clSeqNr=1899
03:02:37.799 INF Request finished (out of order). clSeqNr=1915
03:02:37.799 INF Request finished (out of order). clSeqNr=1932
03:02:37.800 INF Request finished (out of order). clSeqNr=1948
03:02:37.800 INF Request finished (out of order). clSeqNr=1964
03:02:37.800 INF Request finished (out of order). clSeqNr=1980
03:02:37.800 INF Request finished (out of order). clSeqNr=1996
03:02:37.800 INF Request finished (out of order). clSeqNr=2012
03:02:37.800 INF Request finished (out of order). clSeqNr=2028
03:02:37.800 INF Request finished (out of order). clSeqNr=1788
03:02:37.800 INF Request finished (out of order). clSeqNr=1804
03:02:37.800 INF Request finished (out of order). clSeqNr=1820
03:02:37.800 INF Request finished (out of order). clSeqNr=1836
03:02:37.800 INF Request finished (out of order). clSeqNr=1852
03:02:37.800 INF Request finished (out of order). clSeqNr=1868
03:02:37.800 INF Request finished (out of order). clSeqNr=1884
03:02:37.800 INF Request finished (out of order). clSeqNr=1900
03:02:37.800 INF Request finished (out of order). clSeqNr=1916
03:02:37.800 INF Request finished (out of order). clSeqNr=2445
03:02:37.800 INF Request finished (out of order). clSeqNr=2461
03:02:37.800 INF Request finished (out of order). clSeqNr=2477
03:02:37.800 INF Request finished (out of order). clSeqNr=2493
03:02:37.800 INF Request finished (out of order). clSeqNr=2509
03:02:37.800 INF Request finished (out of order). clSeqNr=2525
03:02:37.800 INF Request finished (out of order). clSeqNr=2541
03:02:37.800 INF Request finished (out of order). clSeqNr=2301
03:02:37.800 INF Request finished (out of order). clSeqNr=2317
03:02:37.800 INF Request finished (out of order). clSeqNr=2333
03:02:37.800 INF Request finished (out of order). clSeqNr=2349
03:02:37.800 INF Request finished (out of order). clSeqNr=2365
03:02:37.800 INF Request finished (out of order). clSeqNr=2381
03:02:37.800 INF Request finished (out of order). clSeqNr=2397
03:02:37.800 INF Request finished (out of order). clSeqNr=2413
03:02:37.800 INF Request finished (out of order). clSeqNr=2429
03:02:37.800 INF Request finished (out of order). clSeqNr=2782
03:02:37.800 INF Request finished (out of order). clSeqNr=2798
03:02:37.800 INF Request finished (out of order). clSeqNr=2814
03:02:37.800 INF Request finished (out of order). clSeqNr=2830
03:02:37.800 INF Request finished (out of order). clSeqNr=2846
03:02:37.800 INF Request finished (out of order). clSeqNr=2862
03:02:37.800 INF Request finished (out of order). clSeqNr=2878
03:02:37.800 INF Request finished (out of order). clSeqNr=2894
03:02:37.800 INF Request finished (out of order). clSeqNr=2910
03:02:37.800 INF Request finished (out of order). clSeqNr=2926
03:02:37.800 INF Request finished (out of order). clSeqNr=2783
03:02:37.800 INF Request finished (out of order). clSeqNr=2799
03:02:37.800 INF Request finished (out of order). clSeqNr=2815
03:02:37.800 INF Request finished (out of order). clSeqNr=2831
03:02:37.800 INF Request finished (out of order). clSeqNr=2847
03:02:37.800 INF Request finished (out of order). clSeqNr=2863
03:02:37.800 INF Request finished (out of order). clSeqNr=2879
03:02:37.800 INF Request finished (out of order). clSeqNr=2895
03:02:37.800 INF Request finished (out of order). clSeqNr=2911
03:02:37.800 INF Request finished (out of order). clSeqNr=2704
03:02:37.800 INF Request finished (out of order). clSeqNr=2720
03:02:37.801 INF Request finished (out of order). clSeqNr=2736
03:02:37.801 INF Request finished (out of order). clSeqNr=2752
03:02:37.801 INF Request finished (out of order). clSeqNr=2768
03:02:37.801 INF Request finished (out of order). clSeqNr=2528
03:02:37.801 INF Request finished (out of order). clSeqNr=2544
03:02:37.801 INF Request finished (out of order). clSeqNr=2560
03:02:37.801 INF Request finished (out of order). clSeqNr=2576
03:02:37.801 INF Request finished (out of order). clSeqNr=2592
03:02:37.801 INF Request finished (out of order). clSeqNr=2608
03:02:37.801 INF Request finished (out of order). clSeqNr=2624
03:02:37.801 INF Request finished (out of order). clSeqNr=2640
03:02:37.801 INF Request finished (out of order). clSeqNr=2656
03:02:37.801 INF Request finished (out of order). clSeqNr=2672
03:02:37.801 INF Request finished (out of order). clSeqNr=2688
03:02:37.801 INF Request finished (out of order). clSeqNr=2785
03:02:37.801 INF Request finished (out of order). clSeqNr=2801
03:02:37.801 INF Request finished (out of order). clSeqNr=2817
03:02:37.801 INF Request finished (out of order). clSeqNr=2833
03:02:37.801 INF Request finished (out of order). clSeqNr=2849
03:02:37.801 INF Request finished (out of order). clSeqNr=2865
03:02:37.801 INF Request finished (out of order). clSeqNr=2881
03:02:37.801 INF Request finished (out of order). clSeqNr=2897
03:02:37.801 INF Request finished (out of order). clSeqNr=2913
03:02:37.801 INF Request finished (out of order). clSeqNr=2450
03:02:37.801 INF Request finished (out of order). clSeqNr=2466
03:02:37.801 INF Request finished (out of order). clSeqNr=2482
03:02:37.801 INF Request finished (out of order). clSeqNr=2498
03:02:37.801 INF Request finished (out of order). clSeqNr=2274
03:02:37.801 INF Request finished (out of order). clSeqNr=2290
03:02:37.801 INF Request finished (out of order). clSeqNr=2306
03:02:37.801 INF Request finished (out of order). clSeqNr=2322
03:02:37.801 INF Request finished (out of order). clSeqNr=2338
03:02:37.801 INF Request finished (out of order). clSeqNr=2354
03:02:37.801 INF Request finished (out of order). clSeqNr=2370
03:02:37.801 INF Request finished (out of order). clSeqNr=2386
03:02:37.801 INF Request finished (out of order). clSeqNr=2402
03:02:37.801 INF Request finished (out of order). clSeqNr=2418
03:02:37.801 INF Request finished (out of order). clSeqNr=2434
03:02:37.801 INF Request finished (out of order). clSeqNr=2451
03:02:37.801 INF Request finished (out of order). clSeqNr=2467
03:02:37.801 INF Request finished (out of order). clSeqNr=2483
03:02:37.801 INF Request finished (out of order). clSeqNr=2499
03:02:37.801 INF Request finished (out of order). clSeqNr=2515
03:02:37.801 INF Request finished (out of order). clSeqNr=2275
03:02:37.801 INF Request finished (out of order). clSeqNr=2291
03:02:37.801 INF Request finished (out of order). clSeqNr=2307
03:02:37.801 INF Request finished (out of order). clSeqNr=2323
03:02:37.801 INF Request finished (out of order). clSeqNr=2339
03:02:37.801 INF Request finished (out of order). clSeqNr=2355
03:02:37.801 INF Request finished (out of order). clSeqNr=2371
03:02:37.801 INF Request finished (out of order). clSeqNr=2387
03:02:37.801 INF Request finished (out of order). clSeqNr=2403
03:02:37.801 INF Request finished (out of order). clSeqNr=2419
03:02:37.802 INF Request finished (out of order). clSeqNr=2435
03:02:37.802 INF Request finished (out of order). clSeqNr=2452
03:02:37.802 INF Request finished (out of order). clSeqNr=2468
03:02:37.802 INF Request finished (out of order). clSeqNr=2484
03:02:37.802 INF Request finished (out of order). clSeqNr=2500
03:02:37.802 INF Request finished (out of order). clSeqNr=2516
03:02:37.802 INF Request finished (out of order). clSeqNr=2276
03:02:37.802 INF Request finished (out of order). clSeqNr=2292
03:02:37.802 INF Request finished (out of order). clSeqNr=2308
03:02:37.802 INF Request finished (out of order). clSeqNr=2324
03:02:37.802 INF Request finished (out of order). clSeqNr=2340
03:02:37.802 INF Request finished (out of order). clSeqNr=2356
03:02:37.802 INF Request finished (out of order). clSeqNr=2372
03:02:37.802 INF Request finished (out of order). clSeqNr=2388
03:02:37.802 INF Request finished (out of order). clSeqNr=2404
03:02:37.802 INF Request finished (out of order). clSeqNr=2420
03:02:37.802 INF Request finished (out of order). clSeqNr=2436
03:02:37.802 INF Request finished (out of order). clSeqNr=2453
03:02:37.802 INF Request finished (out of order). clSeqNr=2213
03:02:37.815 INF Request finished (out of order). clSeqNr=2469
03:02:37.815 INF Request finished (out of order). clSeqNr=2229
03:02:37.815 INF Request finished (out of order). clSeqNr=2485
03:02:37.815 INF Request finished (out of order). clSeqNr=2245
03:02:37.815 INF Request finished (out of order). clSeqNr=2261
03:02:37.815 INF Request finished (out of order). clSeqNr=2277
03:02:37.815 INF Request finished (out of order). clSeqNr=2293
03:02:37.815 INF Request finished (out of order). clSeqNr=2309
03:02:37.815 INF Request finished (out of order). clSeqNr=2325
03:02:37.815 INF Request finished (out of order). clSeqNr=2341
03:02:37.815 INF Request finished (out of order). clSeqNr=2357
03:02:37.815 INF Request finished (out of order). clSeqNr=2373
03:02:37.815 INF Request finished (out of order). clSeqNr=2389
03:02:37.815 INF Request finished (out of order). clSeqNr=2405
03:02:37.815 INF Request finished (out of order). clSeqNr=2421
03:02:37.815 INF Request finished (out of order). clSeqNr=2437
03:02:37.815 INF Request finished (out of order). clSeqNr=2792
03:02:37.815 INF Request finished (out of order). clSeqNr=2808
03:02:37.815 INF Request finished (out of order). clSeqNr=2824
03:02:37.815 INF Request finished (out of order). clSeqNr=2840
03:02:37.815 INF Request finished (out of order). clSeqNr=2856
03:02:37.815 INF Request finished (out of order). clSeqNr=2872
03:02:37.815 INF Request finished (out of order). clSeqNr=2888
03:02:37.815 INF Request finished (out of order). clSeqNr=2904
03:02:37.815 INF Request finished (out of order). clSeqNr=2920
03:02:37.815 INF Request finished (out of order). clSeqNr=2442
03:02:37.815 INF Request finished (out of order). clSeqNr=2458
03:02:37.815 INF Request finished (out of order). clSeqNr=2474
03:02:37.815 INF Request finished (out of order). clSeqNr=2490
03:02:37.815 INF Request finished (out of order). clSeqNr=2506
03:02:37.815 INF Request finished (out of order). clSeqNr=2522
03:02:37.815 INF Request finished (out of order). clSeqNr=2538
03:02:37.815 INF Request finished (out of order). clSeqNr=2298
03:02:37.815 INF Request finished (out of order). clSeqNr=2314
03:02:37.815 INF Request finished (out of order). clSeqNr=2330
03:02:37.815 INF Request finished (out of order). clSeqNr=2346
03:02:37.815 INF Request finished (out of order). clSeqNr=2362
03:02:37.815 INF Request finished (out of order). clSeqNr=2378
03:02:37.815 INF Request finished (out of order). clSeqNr=2394
03:02:37.816 INF Request finished (out of order). clSeqNr=2410
03:02:37.816 INF Request finished (out of order). clSeqNr=2426
03:02:37.816 INF Request finished (out of order). clSeqNr=2187
03:02:37.816 INF Request finished (out of order). clSeqNr=2203
03:02:37.816 INF Request finished (out of order). clSeqNr=2219
03:02:37.824 INF Request finished (out of order). clSeqNr=2235
03:02:37.824 INF Request finished (out of order). clSeqNr=2251
03:02:37.824 INF Request finished (out of order). clSeqNr=2267
03:02:37.824 INF Request finished (out of order). clSeqNr=2283
03:02:37.824 INF Request finished (out of order). clSeqNr=2043
03:02:37.824 INF Request finished (out of order). clSeqNr=2059
03:02:37.824 INF Request finished (out of order). clSeqNr=2075
03:02:37.824 INF Request finished (out of order). clSeqNr=2091
03:02:37.824 INF Request finished (out of order). clSeqNr=2107
03:02:37.824 INF Request finished (out of order). clSeqNr=2123
03:02:37.824 INF Request finished (out of order). clSeqNr=2139
03:02:37.824 INF Request finished (out of order). clSeqNr=2155
03:02:37.824 INF Request finished (out of order). clSeqNr=2171
03:02:37.824 INF Request finished (out of order). clSeqNr=2188
03:02:37.824 INF Request finished (out of order). clSeqNr=2204
03:02:37.824 INF Request finished (out of order). clSeqNr=2220
03:02:37.824 INF Request finished (out of order). clSeqNr=2236
03:02:37.824 INF Request finished (out of order). clSeqNr=2252
03:02:37.824 INF Request finished (out of order). clSeqNr=2268
03:02:37.855 INF Request finished (out of order). clSeqNr=2284
03:02:37.855 INF Request finished (out of order). clSeqNr=2044
03:02:37.855 INF Request finished (out of order). clSeqNr=2060
03:02:37.855 INF Request finished (out of order). clSeqNr=2076
03:02:37.855 INF Request finished (out of order). clSeqNr=2092
03:02:37.855 INF Request finished (out of order). clSeqNr=2108
03:02:37.856 INF Request finished (out of order). clSeqNr=2124
03:02:37.857 INF Request finished (out of order). clSeqNr=2140
03:02:37.857 INF Request finished (out of order). clSeqNr=2156
03:02:37.858 INF Request finished (out of order). clSeqNr=2172
03:02:37.858 INF Request finished (out of order). clSeqNr=2701
03:02:37.859 INF Request finished (out of order). clSeqNr=2717
03:02:37.859 INF Request finished (out of order). clSeqNr=2733
03:02:37.859 INF Request finished (out of order). clSeqNr=2749
03:02:37.859 INF Request finished (out of order). clSeqNr=2557
03:02:37.859 INF Request finished (out of order). clSeqNr=2573
03:02:37.859 INF Request finished (out of order). clSeqNr=2589
03:02:37.859 INF Request finished (out of order). clSeqNr=2605
03:02:37.859 INF Request finished (out of order). clSeqNr=2621
03:02:37.859 INF Request finished (out of order). clSeqNr=2637
03:02:37.860 INF Request finished (out of order). clSeqNr=2653
03:02:37.860 INF Request finished (out of order). clSeqNr=2669
03:02:37.860 INF Request finished (out of order). clSeqNr=2685
03:02:37.861 INF Request finished (out of order). clSeqNr=2706
03:02:37.862 INF Request finished (out of order). clSeqNr=2722
03:02:37.890 INF Request finished (out of order). clSeqNr=2738
03:02:37.890 INF Request finished (out of order). clSeqNr=2754
03:02:37.890 INF Request finished (out of order). clSeqNr=2514
03:02:37.890 INF Request finished (out of order). clSeqNr=2770
03:02:37.890 INF Request finished (out of order). clSeqNr=2530
03:02:37.890 INF Request finished (out of order). clSeqNr=2546
03:02:37.890 INF Request finished (out of order). clSeqNr=2562
03:02:37.890 INF Request finished (out of order). clSeqNr=2578
03:02:37.890 INF Request finished (out of order). clSeqNr=2594
03:02:37.890 INF Request finished (out of order). clSeqNr=2610
03:02:37.890 INF Request finished (out of order). clSeqNr=2626
03:02:37.890 INF Request finished (out of order). clSeqNr=2642
03:02:37.890 INF Request finished (out of order). clSeqNr=2658
03:02:37.890 INF Request finished (out of order). clSeqNr=2674
03:02:37.890 INF Request finished (out of order). clSeqNr=2690
03:02:37.890 INF Request finished (out of order). clSeqNr=2707
03:02:37.890 INF Request finished (out of order). clSeqNr=2723
03:02:37.890 INF Request finished (out of order). clSeqNr=2739
03:02:37.890 INF Request finished (out of order). clSeqNr=2755
03:02:37.890 INF Request finished (out of order). clSeqNr=2771
03:02:37.890 INF Request finished (out of order). clSeqNr=2531
03:02:37.890 INF Request finished (out of order). clSeqNr=2547
03:02:37.890 INF Request finished (out of order). clSeqNr=2563
03:02:37.890 INF Request finished (out of order). clSeqNr=2579
03:02:37.890 INF Request finished (out of order). clSeqNr=2595
03:02:37.890 INF Request finished (out of order). clSeqNr=2611
03:02:37.890 INF Request finished (out of order). clSeqNr=2627
03:02:37.890 INF Request finished (out of order). clSeqNr=2643
03:02:37.890 INF Request finished (out of order). clSeqNr=2659
03:02:37.890 INF Request finished (out of order). clSeqNr=2675
03:02:37.891 INF Request finished (out of order). clSeqNr=2691
03:02:37.891 INF Request finished (out of order). clSeqNr=2708
03:02:37.891 INF Request finished (out of order). clSeqNr=2724
03:02:37.891 INF Request finished (out of order). clSeqNr=2740
03:02:37.891 INF Request finished (out of order). clSeqNr=2756
03:02:37.891 INF Request finished (out of order). clSeqNr=2772
03:02:37.891 INF Request finished (out of order). clSeqNr=2532
03:02:37.891 INF Request finished (out of order). clSeqNr=2548
03:02:37.891 INF Request finished (out of order). clSeqNr=2564
03:02:37.891 INF Request finished (out of order). clSeqNr=2580
03:02:37.891 INF Request finished (out of order). clSeqNr=2596
03:02:37.891 INF Request finished (out of order). clSeqNr=2612
03:02:37.891 INF Request finished (out of order). clSeqNr=2628
03:02:37.891 INF Request finished (out of order). clSeqNr=2644
03:02:37.891 INF Request finished (out of order). clSeqNr=2660
03:02:37.891 INF Request finished (out of order). clSeqNr=2676
03:02:37.891 INF Request finished (out of order). clSeqNr=2692
03:02:37.891 INF Request finished (out of order). clSeqNr=2709
03:02:37.891 INF Request finished (out of order). clSeqNr=2725
03:02:37.891 INF Request finished (out of order). clSeqNr=2741
03:02:37.891 INF Request finished (out of order). clSeqNr=2501
03:02:37.891 INF Request finished (out of order). clSeqNr=2757
03:02:37.891 INF Request finished (out of order). clSeqNr=2517
03:02:37.891 INF Request finished (out of order). clSeqNr=2773
03:02:37.891 INF Request finished (out of order). clSeqNr=2533
03:02:37.891 INF Request finished (out of order). clSeqNr=2549
03:02:37.892 INF Request finished (out of order). clSeqNr=2565
03:02:37.892 INF Request finished (out of order). clSeqNr=2581
03:02:37.893 INF Request finished (out of order). clSeqNr=2597
03:02:37.894 INF Request finished (out of order). clSeqNr=2613
03:02:37.895 INF Request finished (out of order). clSeqNr=2629
03:02:37.896 INF Request finished (out of order). clSeqNr=2645
03:02:37.897 INF Request finished (out of order). clSeqNr=2661
03:02:37.897 INF Request finished (out of order). clSeqNr=2677
03:02:37.898 INF Request finished (out of order). clSeqNr=2693
03:02:37.898 INF Request finished (out of order). clSeqNr=2698
03:02:37.899 INF Request finished (out of order). clSeqNr=2714
03:02:37.900 INF Request finished (out of order). clSeqNr=2730
03:02:37.907 INF Request finished (out of order). clSeqNr=2746
03:02:37.907 INF Request finished (out of order). clSeqNr=2762
03:02:37.907 INF Request finished (out of order). clSeqNr=2778
03:02:37.907 INF Request finished (out of order). clSeqNr=2554
03:02:37.907 INF Request finished (out of order). clSeqNr=2570
03:02:37.907 INF Request finished (out of order). clSeqNr=2586
03:02:37.907 INF Request finished (out of order). clSeqNr=2602
03:02:37.907 INF Request finished (out of order). clSeqNr=2618
03:02:37.907 INF Request finished (out of order). clSeqNr=2634
03:02:37.907 INF Request finished (out of order). clSeqNr=2650
03:02:37.907 INF Request finished (out of order). clSeqNr=2666
03:02:37.907 INF Request finished (out of order). clSeqNr=2682
03:02:38.846 INF Request finished (out of order). clSeqNr=2784
03:02:38.847 INF Request finished (out of order). clSeqNr=2800
03:02:38.847 INF Request finished (out of order). clSeqNr=2816
03:02:38.847 INF Request finished (out of order). clSeqNr=2832
03:02:38.847 INF Request finished (out of order). clSeqNr=2848
03:02:38.847 INF Request finished (out of order). clSeqNr=2864
03:02:38.848 INF Request finished (out of order). clSeqNr=2880
03:02:38.848 INF Request finished (out of order). clSeqNr=2896
03:02:38.848 INF Request finished (out of order). clSeqNr=2912
03:02:39.246 INF Request finished (out of order). clSeqNr=1158
03:02:39.246 INF Request finished (out of order). clSeqNr=1174
03:02:39.247 INF Request finished (out of order). clSeqNr=1190
03:02:39.248 INF Request finished (out of order). clSeqNr=1206
03:02:39.248 INF Request finished (out of order). clSeqNr=982
03:02:39.249 INF Request delivered (in order). clSeqNr=982
03:02:39.249 INF Request delivered (in order). clSeqNr=983
03:02:39.249 INF Request delivered (in order). clSeqNr=984
03:02:39.249 INF Request delivered (in order). clSeqNr=985
03:02:39.249 INF Request delivered (in order). clSeqNr=986
03:02:39.249 INF Request delivered (in order). clSeqNr=987
03:02:39.249 INF Request delivered (in order). clSeqNr=988
03:02:39.249 INF Request delivered (in order). clSeqNr=989
03:02:39.249 INF Request delivered (in order). clSeqNr=990
03:02:39.249 INF Request delivered (in order). clSeqNr=991
03:02:39.249 INF Request delivered (in order). clSeqNr=992
03:02:39.249 INF Request delivered (in order). clSeqNr=993
03:02:39.249 INF Request delivered (in order). clSeqNr=994
03:02:39.249 INF Request delivered (in order). clSeqNr=995
03:02:39.249 INF Request delivered (in order). clSeqNr=996
03:02:39.249 INF Request delivered (in order). clSeqNr=997
03:02:39.249 INF Request finished (out of order). clSeqNr=998
03:02:39.249 INF Request delivered (in order). clSeqNr=998
03:02:39.249 INF Request delivered (in order). clSeqNr=999
03:02:39.249 INF Request delivered (in order). clSeqNr=1000
03:02:39.249 INF Request delivered (in order). clSeqNr=1001
03:02:39.249 INF Request delivered (in order). clSeqNr=1002
03:02:39.249 INF Request delivered (in order). clSeqNr=1003
03:02:39.249 INF Request delivered (in order). clSeqNr=1004
03:02:39.249 INF Request delivered (in order). clSeqNr=1005
03:02:39.249 INF Request delivered (in order). clSeqNr=1006
03:02:39.249 INF Request delivered (in order). clSeqNr=1007
03:02:39.249 INF Request delivered (in order). clSeqNr=1008
03:02:39.249 INF Request delivered (in order). clSeqNr=1009
03:02:39.249 INF Request delivered (in order). clSeqNr=1010
03:02:39.249 INF Request delivered (in order). clSeqNr=1011
03:02:39.249 INF Request delivered (in order). clSeqNr=1012
03:02:39.249 INF Request delivered (in order). clSeqNr=1013
03:02:39.250 INF Request finished (out of order). clSeqNr=1014
03:02:39.250 INF Request delivered (in order). clSeqNr=1014
03:02:39.250 INF Request delivered (in order). clSeqNr=1015
03:02:39.250 INF Request delivered (in order). clSeqNr=1016
03:02:39.250 INF Request delivered (in order). clSeqNr=1017
03:02:39.250 INF Request delivered (in order). clSeqNr=1018
03:02:39.250 INF Request delivered (in order). clSeqNr=1019
03:02:39.250 INF Request delivered (in order). clSeqNr=1020
03:02:39.250 INF Request delivered (in order). clSeqNr=1021
03:02:39.250 INF Request delivered (in order). clSeqNr=1022
03:02:39.250 INF Request delivered (in order). clSeqNr=1023
03:02:39.250 INF Request delivered (in order). clSeqNr=1024
03:02:39.250 INF Request delivered (in order). clSeqNr=1025
03:02:39.250 INF Request delivered (in order). clSeqNr=1026
03:02:39.250 INF Request delivered (in order). clSeqNr=1027
03:02:39.250 INF Request delivered (in order). clSeqNr=1028
03:02:39.250 INF Request delivered (in order). clSeqNr=1029
03:02:39.250 INF Request finished (out of order). clSeqNr=1030
03:02:39.250 INF Request delivered (in order). clSeqNr=1030
03:02:39.250 INF Request delivered (in order). clSeqNr=1031
03:02:39.250 INF Request delivered (in order). clSeqNr=1032
03:02:39.250 INF Request delivered (in order). clSeqNr=1033
03:02:39.250 INF Request delivered (in order). clSeqNr=1034
03:02:39.250 INF Request delivered (in order). clSeqNr=1035
03:02:39.250 INF Request delivered (in order). clSeqNr=1036
03:02:39.250 INF Request delivered (in order). clSeqNr=1037
03:02:39.250 INF Request delivered (in order). clSeqNr=1038
03:02:39.250 INF Request delivered (in order). clSeqNr=1039
03:02:39.250 INF Request delivered (in order). clSeqNr=1040
03:02:39.250 INF Request delivered (in order). clSeqNr=1041
03:02:39.251 INF Request delivered (in order). clSeqNr=1042
03:02:39.251 INF Request delivered (in order). clSeqNr=1043
03:02:39.251 INF Request delivered (in order). clSeqNr=1044
03:02:39.251 INF Request delivered (in order). clSeqNr=1045
03:02:39.251 INF Request finished (out of order). clSeqNr=1046
03:02:39.251 INF Request delivered (in order). clSeqNr=1046
03:02:39.251 INF Request delivered (in order). clSeqNr=1047
03:02:39.251 INF Request delivered (in order). clSeqNr=1048
03:02:39.251 INF Request delivered (in order). clSeqNr=1049
03:02:39.251 INF Request delivered (in order). clSeqNr=1050
03:02:39.251 INF Request delivered (in order). clSeqNr=1051
03:02:39.251 INF Request delivered (in order). clSeqNr=1052
03:02:39.251 INF Request delivered (in order). clSeqNr=1053
03:02:39.251 INF Request delivered (in order). clSeqNr=1054
03:02:39.251 INF Request delivered (in order). clSeqNr=1055
03:02:39.251 INF Request delivered (in order). clSeqNr=1056
03:02:39.251 INF Request delivered (in order). clSeqNr=1057
03:02:39.251 INF Request delivered (in order). clSeqNr=1058
03:02:39.251 INF Request delivered (in order). clSeqNr=1059
03:02:39.251 INF Request delivered (in order). clSeqNr=1060
03:02:39.251 INF Request delivered (in order). clSeqNr=1061
03:02:39.251 INF Request finished (out of order). clSeqNr=1062
03:02:39.251 INF Request delivered (in order). clSeqNr=1062
03:02:39.251 INF Request delivered (in order). clSeqNr=1063
03:02:39.252 INF Request delivered (in order). clSeqNr=1064
03:02:39.252 INF Request delivered (in order). clSeqNr=1065
03:02:39.252 INF Request delivered (in order). clSeqNr=1066
03:02:39.252 INF Request delivered (in order). clSeqNr=1067
03:02:39.252 INF Request delivered (in order). clSeqNr=1068
03:02:39.252 INF Request delivered (in order). clSeqNr=1069
03:02:39.252 INF Request delivered (in order). clSeqNr=1070
03:02:39.252 INF Request delivered (in order). clSeqNr=1071
03:02:39.252 INF Request delivered (in order). clSeqNr=1072
03:02:39.252 INF Request delivered (in order). clSeqNr=1073
03:02:39.252 INF Request delivered (in order). clSeqNr=1074
03:02:39.252 INF Request delivered (in order). clSeqNr=1075
03:02:39.252 INF Request delivered (in order). clSeqNr=1076
03:02:39.252 INF Request delivered (in order). clSeqNr=1077
03:02:39.270 INF Request finished (out of order). clSeqNr=1078
03:02:39.270 INF Request delivered (in order). clSeqNr=1078
03:02:39.270 INF Request delivered (in order). clSeqNr=1079
03:02:39.270 INF Request delivered (in order). clSeqNr=1080
03:02:39.270 INF Request delivered (in order). clSeqNr=1081
03:02:39.270 INF Request delivered (in order). clSeqNr=1082
03:02:39.270 INF Request delivered (in order). clSeqNr=1083
03:02:39.270 INF Request delivered (in order). clSeqNr=1084
03:02:39.270 INF Request delivered (in order). clSeqNr=1085
03:02:39.270 INF Request delivered (in order). clSeqNr=1086
03:02:39.270 INF Request delivered (in order). clSeqNr=1087
03:02:39.271 INF Request delivered (in order). clSeqNr=1088
03:02:39.271 INF Request delivered (in order). clSeqNr=1089
03:02:39.271 INF Request delivered (in order). clSeqNr=1090
03:02:39.271 INF Request delivered (in order). clSeqNr=1091
03:02:39.271 INF Request delivered (in order). clSeqNr=1092
03:02:39.271 INF Request delivered (in order). clSeqNr=1093
03:02:39.271 INF Request finished (out of order). clSeqNr=1094
03:02:39.271 INF Request delivered (in order). clSeqNr=1094
03:02:39.271 INF Request delivered (in order). clSeqNr=1095
03:02:39.271 INF Request delivered (in order). clSeqNr=1096
03:02:39.271 INF Request delivered (in order). clSeqNr=1097
03:02:39.271 INF Request delivered (in order). clSeqNr=1098
03:02:39.271 INF Request delivered (in order). clSeqNr=1099
03:02:39.271 INF Request delivered (in order). clSeqNr=1100
03:02:39.271 INF Request delivered (in order). clSeqNr=1101
03:02:39.271 INF Request delivered (in order). clSeqNr=1102
03:02:39.271 INF Request delivered (in order). clSeqNr=1103
03:02:39.271 INF Request delivered (in order). clSeqNr=1104
03:02:39.271 INF Request delivered (in order). clSeqNr=1105
03:02:39.271 INF Request delivered (in order). clSeqNr=1106
03:02:39.271 INF Request delivered (in order). clSeqNr=1107
03:02:39.271 INF Request delivered (in order). clSeqNr=1108
03:02:39.271 INF Request delivered (in order). clSeqNr=1109
03:02:39.271 INF Request finished (out of order). clSeqNr=1110
03:02:39.271 INF Request delivered (in order). clSeqNr=1110
03:02:39.271 INF Request delivered (in order). clSeqNr=1111
03:02:39.272 INF Request delivered (in order). clSeqNr=1112
03:02:39.272 INF Request delivered (in order). clSeqNr=1113
03:02:39.272 INF Request delivered (in order). clSeqNr=1114
03:02:39.272 INF Request delivered (in order). clSeqNr=1115
03:02:39.272 INF Request delivered (in order). clSeqNr=1116
03:02:39.272 INF Request delivered (in order). clSeqNr=1117
03:02:39.272 INF Request delivered (in order). clSeqNr=1118
03:02:39.272 INF Request delivered (in order). clSeqNr=1119
03:02:39.272 INF Request delivered (in order). clSeqNr=1120
03:02:39.272 INF Request delivered (in order). clSeqNr=1121
03:02:39.272 INF Request delivered (in order). clSeqNr=1122
03:02:39.272 INF Request delivered (in order). clSeqNr=1123
03:02:39.272 INF Request delivered (in order). clSeqNr=1124
03:02:39.272 INF Request delivered (in order). clSeqNr=1125
03:02:39.272 INF Request finished (out of order). clSeqNr=1126
03:02:39.272 INF Request delivered (in order). clSeqNr=1126
03:02:39.272 INF Request delivered (in order). clSeqNr=1127
03:02:39.272 INF Request delivered (in order). clSeqNr=1128
03:02:39.272 INF Request delivered (in order). clSeqNr=1129
03:02:39.272 INF Request delivered (in order). clSeqNr=1130
03:02:39.272 INF Request delivered (in order). clSeqNr=1131
03:02:39.272 INF Request delivered (in order). clSeqNr=1132
03:02:39.272 INF Request delivered (in order). clSeqNr=1133
03:02:39.272 INF Request delivered (in order). clSeqNr=1134
03:02:39.272 INF Request delivered (in order). clSeqNr=1135
03:02:39.272 INF Request delivered (in order). clSeqNr=1136
03:02:39.272 INF Request delivered (in order). clSeqNr=1137
03:02:39.272 INF Request delivered (in order). clSeqNr=1138
03:02:39.272 INF Request delivered (in order). clSeqNr=1139
03:02:39.272 INF Request delivered (in order). clSeqNr=1140
03:02:39.272 INF Request delivered (in order). clSeqNr=1141
03:02:39.273 INF Request finished (out of order). clSeqNr=1142
03:02:39.273 INF Request delivered (in order). clSeqNr=1142
03:02:39.273 INF Request delivered (in order). clSeqNr=1143
03:02:39.273 INF Request delivered (in order). clSeqNr=1144
03:02:39.273 INF Request delivered (in order). clSeqNr=1145
03:02:39.273 INF Request delivered (in order). clSeqNr=1146
03:02:39.273 INF Request delivered (in order). clSeqNr=1147
03:02:39.273 INF Request delivered (in order). clSeqNr=1148
03:02:39.273 INF Request delivered (in order). clSeqNr=1149
03:02:39.273 INF Request delivered (in order). clSeqNr=1150
03:02:39.273 INF Request delivered (in order). clSeqNr=1151
03:02:39.273 INF Request delivered (in order). clSeqNr=1152
03:02:39.273 INF Request delivered (in order). clSeqNr=1153
03:02:39.273 INF Request delivered (in order). clSeqNr=1154
03:02:39.273 INF Request delivered (in order). clSeqNr=1155
03:02:39.273 INF Request delivered (in order). clSeqNr=1156
03:02:39.273 INF Request delivered (in order). clSeqNr=1157
03:02:39.273 INF Request delivered (in order). clSeqNr=1158
03:02:39.273 INF Request delivered (in order). clSeqNr=1159
03:02:39.273 INF Request delivered (in order). clSeqNr=1160
03:02:39.273 INF Request delivered (in order). clSeqNr=1161
03:02:39.273 INF Request delivered (in order). clSeqNr=1162
03:02:39.273 INF Request delivered (in order). clSeqNr=1163
03:02:39.273 INF Request delivered (in order). clSeqNr=1164
03:02:39.273 INF Request delivered (in order). clSeqNr=1165
03:02:39.273 INF Request delivered (in order). clSeqNr=1166
03:02:39.273 INF Request delivered (in order). clSeqNr=1167
03:02:39.273 INF Request delivered (in order). clSeqNr=1168
03:02:39.273 INF Request delivered (in order). clSeqNr=1169
03:02:39.273 INF Request delivered (in order). clSeqNr=1170
03:02:39.273 INF Request delivered (in order). clSeqNr=1171
03:02:39.273 INF Request delivered (in order). clSeqNr=1172
03:02:39.273 INF Request delivered (in order). clSeqNr=1173
03:02:39.273 INF Request delivered (in order). clSeqNr=1174
03:02:39.273 INF Request delivered (in order). clSeqNr=1175
03:02:39.273 INF Request delivered (in order). clSeqNr=1176
03:02:39.273 INF Request delivered (in order). clSeqNr=1177
03:02:39.273 INF Request delivered (in order). clSeqNr=1178
03:02:39.273 INF Request delivered (in order). clSeqNr=1179
03:02:39.273 INF Request delivered (in order). clSeqNr=1180
03:02:39.273 INF Request delivered (in order). clSeqNr=1181
03:02:39.273 INF Request delivered (in order). clSeqNr=1182
03:02:39.273 INF Request delivered (in order). clSeqNr=1183
03:02:39.273 INF Request delivered (in order). clSeqNr=1184
03:02:39.273 INF Request delivered (in order). clSeqNr=1185
03:02:39.273 INF Request delivered (in order). clSeqNr=1186
03:02:39.273 INF Request delivered (in order). clSeqNr=1187
03:02:39.273 INF Request delivered (in order). clSeqNr=1188
03:02:39.273 INF Request delivered (in order). clSeqNr=1189
03:02:39.273 INF Request delivered (in order). clSeqNr=1190
03:02:39.273 INF Request delivered (in order). clSeqNr=1191
03:02:39.273 INF Request delivered (in order). clSeqNr=1192
03:02:39.273 INF Request delivered (in order). clSeqNr=1193
03:02:39.273 INF Request delivered (in order). clSeqNr=1194
03:02:39.273 INF Request delivered (in order). clSeqNr=1195
03:02:39.273 INF Request delivered (in order). clSeqNr=1196
03:02:39.273 INF Request delivered (in order). clSeqNr=1197
03:02:39.273 INF Request delivered (in order). clSeqNr=1198
03:02:39.273 INF Request delivered (in order). clSeqNr=1199
03:02:39.273 INF Request delivered (in order). clSeqNr=1200
03:02:39.273 INF Request delivered (in order). clSeqNr=1201
03:02:39.273 INF Request delivered (in order). clSeqNr=1202
03:02:39.273 INF Request delivered (in order). clSeqNr=1203
03:02:39.273 INF Request delivered (in order). clSeqNr=1204
03:02:39.273 INF Request delivered (in order). clSeqNr=1205
03:02:39.273 INF Request delivered (in order). clSeqNr=1206
03:02:39.273 INF Request delivered (in order). clSeqNr=1207
03:02:39.273 INF Request delivered (in order). clSeqNr=1208
03:02:39.273 INF Request delivered (in order). clSeqNr=1209
03:02:39.273 INF Request delivered (in order). clSeqNr=1210
03:02:39.273 INF Request delivered (in order). clSeqNr=1211
03:02:39.273 INF Request delivered (in order). clSeqNr=1212
03:02:39.273 INF Request delivered (in order). clSeqNr=1213
03:02:39.273 INF Request delivered (in order). clSeqNr=1214
03:02:39.273 INF Request delivered (in order). clSeqNr=1215
03:02:39.273 INF Request delivered (in order). clSeqNr=1216
03:02:39.273 INF Request delivered (in order). clSeqNr=1217
03:02:39.273 INF Request delivered (in order). clSeqNr=1218
03:02:39.274 INF Request delivered (in order). clSeqNr=1219
03:02:39.274 INF Request delivered (in order). clSeqNr=1220
03:02:39.274 INF Request delivered (in order). clSeqNr=1221
03:02:40.722 INF Request finished (out of order). clSeqNr=2443
03:02:40.723 INF Request finished (out of order). clSeqNr=2459
03:02:40.724 INF Request finished (out of order). clSeqNr=2475
03:02:40.724 INF Request finished (out of order). clSeqNr=2491
03:02:40.725 INF Request finished (out of order). clSeqNr=2507
03:02:40.725 INF Request finished (out of order). clSeqNr=2523
03:02:40.726 INF Request finished (out of order). clSeqNr=2539
03:02:40.726 INF Request finished (out of order). clSeqNr=2299
03:02:40.727 INF Request finished (out of order). clSeqNr=2315
03:02:40.727 INF Request finished (out of order). clSeqNr=2331
03:02:40.728 INF Request finished (out of order). clSeqNr=2347
03:02:40.814 INF Request finished (out of order). clSeqNr=2363
03:02:40.814 INF Request finished (out of order). clSeqNr=2379
03:02:40.814 INF Request finished (out of order). clSeqNr=2395
03:02:40.815 INF Request finished (out of order). clSeqNr=2411
03:02:40.815 INF Request finished (out of order). clSeqNr=2427
03:02:40.815 INF Request finished (out of order). clSeqNr=2444
03:02:40.815 INF Request finished (out of order). clSeqNr=2460
03:02:40.815 INF Request finished (out of order). clSeqNr=2476
03:02:40.815 INF Request finished (out of order). clSeqNr=2492
03:02:40.815 INF Request finished (out of order). clSeqNr=2508
03:02:40.815 INF Request finished (out of order). clSeqNr=2524
03:02:40.815 INF Request finished (out of order). clSeqNr=2540
03:02:40.815 INF Request finished (out of order). clSeqNr=2300
03:02:40.815 INF Request finished (out of order). clSeqNr=2316
03:02:40.815 INF Request finished (out of order). clSeqNr=2332
03:02:40.815 INF Request finished (out of order). clSeqNr=2348
03:02:40.815 INF Request finished (out of order). clSeqNr=2364
03:02:40.815 INF Request finished (out of order). clSeqNr=2380
03:02:40.815 INF Request finished (out of order). clSeqNr=2396
03:02:40.815 INF Request finished (out of order). clSeqNr=2412
03:02:40.815 INF Request finished (out of order). clSeqNr=2428
03:02:42.709 INF Request finished (out of order). clSeqNr=2765
03:02:42.709 INF Request finished (out of order). clSeqNr=2781
03:02:42.709 INF Request finished (out of order). clSeqNr=2797
03:02:42.709 INF Request finished (out of order). clSeqNr=2813
03:02:42.710 INF Request finished (out of order). clSeqNr=2829
03:02:42.710 INF Request finished (out of order). clSeqNr=2845
03:02:42.710 INF Request finished (out of order). clSeqNr=2861
03:02:42.710 INF Request finished (out of order). clSeqNr=2877
03:02:42.711 INF Request finished (out of order). clSeqNr=2893
03:02:42.711 INF Request finished (out of order). clSeqNr=2909
03:02:42.711 INF Request finished (out of order). clSeqNr=2925
03:02:42.801 INF Request finished (out of order). clSeqNr=2699
03:02:42.801 INF Request finished (out of order). clSeqNr=2715
03:02:42.801 INF Request finished (out of order). clSeqNr=2731
03:02:42.801 INF Request finished (out of order). clSeqNr=2747
03:02:42.801 INF Request finished (out of order). clSeqNr=2763
03:02:42.801 INF Request finished (out of order). clSeqNr=2779
03:02:42.801 INF Request finished (out of order). clSeqNr=2795
03:02:42.801 INF Request finished (out of order). clSeqNr=2555
03:02:42.801 INF Request finished (out of order). clSeqNr=2811
03:02:42.801 INF Request finished (out of order). clSeqNr=2571
03:02:42.801 INF Request finished (out of order). clSeqNr=2587
03:02:42.801 INF Request finished (out of order). clSeqNr=2603
03:02:42.801 INF Request finished (out of order). clSeqNr=2619
03:02:42.801 INF Request finished (out of order). clSeqNr=2635
03:02:42.802 INF Request finished (out of order). clSeqNr=2651
03:02:42.802 INF Request finished (out of order). clSeqNr=2667
03:02:42.802 INF Request finished (out of order). clSeqNr=2683
03:02:42.802 INF Request finished (out of order). clSeqNr=2700
03:02:42.802 INF Request finished (out of order). clSeqNr=2716
03:02:42.802 INF Request finished (out of order). clSeqNr=2732
03:02:42.802 INF Request finished (out of order). clSeqNr=2748
03:02:42.802 INF Request finished (out of order). clSeqNr=2764
03:02:42.802 INF Request finished (out of order). clSeqNr=2780
03:02:42.802 INF Request finished (out of order). clSeqNr=2796
03:02:42.802 INF Request finished (out of order). clSeqNr=2556
03:02:42.802 INF Request finished (out of order). clSeqNr=2572
03:02:42.802 INF Request finished (out of order). clSeqNr=2588
03:02:42.802 INF Request finished (out of order). clSeqNr=2604
03:02:42.802 INF Request finished (out of order). clSeqNr=2620
03:02:42.802 INF Request finished (out of order). clSeqNr=2636
03:02:42.802 INF Request finished (out of order). clSeqNr=2652
03:02:42.802 INF Request finished (out of order). clSeqNr=2668
03:02:42.802 INF Request finished (out of order). clSeqNr=2684
03:02:42.802 INF Request finished (out of order). clSeqNr=2786
03:02:42.802 INF Request finished (out of order). clSeqNr=2802
03:02:42.802 INF Request finished (out of order). clSeqNr=2818
03:02:42.802 INF Request finished (out of order). clSeqNr=2834
03:02:42.802 INF Request finished (out of order). clSeqNr=2850
03:02:42.802 INF Request finished (out of order). clSeqNr=2866
03:02:42.802 INF Request finished (out of order). clSeqNr=2882
03:02:42.802 INF Request finished (out of order). clSeqNr=2898
03:02:42.802 INF Request finished (out of order). clSeqNr=2914
03:02:42.802 INF Request finished (out of order). clSeqNr=2787
03:02:42.802 INF Request finished (out of order). clSeqNr=2803
03:02:42.802 INF Request finished (out of order). clSeqNr=2819
03:02:42.802 INF Request finished (out of order). clSeqNr=2835
03:02:42.802 INF Request finished (out of order). clSeqNr=2851
03:02:42.802 INF Request finished (out of order). clSeqNr=2867
03:02:42.802 INF Request finished (out of order). clSeqNr=2883
03:02:42.802 INF Request finished (out of order). clSeqNr=2899
03:02:42.802 INF Request finished (out of order). clSeqNr=2915
03:02:42.802 INF Request finished (out of order). clSeqNr=2788
03:02:42.802 INF Request finished (out of order). clSeqNr=2804
03:02:42.802 INF Request finished (out of order). clSeqNr=2820
03:02:42.802 INF Request finished (out of order). clSeqNr=2836
03:02:42.802 INF Request finished (out of order). clSeqNr=2852
03:02:42.802 INF Request finished (out of order). clSeqNr=2868
03:02:42.803 INF Request finished (out of order). clSeqNr=2884
03:02:42.803 INF Request finished (out of order). clSeqNr=2900
03:02:42.803 INF Request finished (out of order). clSeqNr=2916
03:02:42.803 INF Request finished (out of order). clSeqNr=2789
03:02:42.803 INF Request finished (out of order). clSeqNr=2805
03:02:42.803 INF Request finished (out of order). clSeqNr=2821
03:02:42.803 INF Request finished (out of order). clSeqNr=2837
03:02:42.803 INF Request finished (out of order). clSeqNr=2853
03:02:42.803 INF Request finished (out of order). clSeqNr=2869
03:02:42.803 INF Request finished (out of order). clSeqNr=2885
03:02:42.803 INF Request finished (out of order). clSeqNr=2901
03:02:42.803 INF Request finished (out of order). clSeqNr=2917
03:02:42.803 INF Request finished (out of order). clSeqNr=2794
03:02:42.803 INF Request finished (out of order). clSeqNr=2810
03:02:42.803 INF Request finished (out of order). clSeqNr=2826
03:02:42.803 INF Request finished (out of order). clSeqNr=2842
03:02:42.803 INF Request finished (out of order). clSeqNr=2858
03:02:42.803 INF Request finished (out of order). clSeqNr=2874
03:02:42.803 INF Request finished (out of order). clSeqNr=2890
03:02:42.803 INF Request finished (out of order). clSeqNr=2922
03:02:42.803 INF Request finished (out of order). clSeqNr=2906
03:02:43.936 INF Request finished (out of order). clSeqNr=1414
03:02:43.938 INF Request finished (out of order). clSeqNr=1430
03:02:43.938 INF Request finished (out of order). clSeqNr=1446
03:02:43.938 INF Request finished (out of order). clSeqNr=1462
03:02:43.938 INF Request finished (out of order). clSeqNr=1222
03:02:43.939 INF Request delivered (in order). clSeqNr=1222
03:02:43.939 INF Request delivered (in order). clSeqNr=1223
03:02:43.939 INF Request delivered (in order). clSeqNr=1224
03:02:43.939 INF Request delivered (in order). clSeqNr=1225
03:02:43.939 INF Request delivered (in order). clSeqNr=1226
03:02:43.939 INF Request delivered (in order). clSeqNr=1227
03:02:43.939 INF Request delivered (in order). clSeqNr=1228
03:02:43.939 INF Request delivered (in order). clSeqNr=1229
03:02:43.939 INF Request delivered (in order). clSeqNr=1230
03:02:43.939 INF Request delivered (in order). clSeqNr=1231
03:02:43.939 INF Request delivered (in order). clSeqNr=1232
03:02:43.939 INF Request delivered (in order). clSeqNr=1233
03:02:43.939 INF Request delivered (in order). clSeqNr=1234
03:02:43.939 INF Request delivered (in order). clSeqNr=1235
03:02:43.939 INF Request delivered (in order). clSeqNr=1236
03:02:43.939 INF Request delivered (in order). clSeqNr=1237
03:02:43.940 INF Request finished (out of order). clSeqNr=1478
03:02:43.940 INF Request finished (out of order). clSeqNr=1238
03:02:43.940 INF Request delivered (in order). clSeqNr=1238
03:02:43.940 INF Request delivered (in order). clSeqNr=1239
03:02:43.940 INF Request delivered (in order). clSeqNr=1240
03:02:43.940 INF Request delivered (in order). clSeqNr=1241
03:02:43.940 INF Request delivered (in order). clSeqNr=1242
03:02:43.940 INF Request delivered (in order). clSeqNr=1243
03:02:43.940 INF Request delivered (in order). clSeqNr=1244
03:02:43.940 INF Request delivered (in order). clSeqNr=1245
03:02:43.940 INF Request delivered (in order). clSeqNr=1246
03:02:43.940 INF Request delivered (in order). clSeqNr=1247
03:02:43.940 INF Request delivered (in order). clSeqNr=1248
03:02:43.940 INF Request delivered (in order). clSeqNr=1249
03:02:43.940 INF Request delivered (in order). clSeqNr=1250
03:02:43.940 INF Request delivered (in order). clSeqNr=1251
03:02:43.940 INF Request delivered (in order). clSeqNr=1252
03:02:43.940 INF Request delivered (in order). clSeqNr=1253
03:02:43.940 INF Request finished (out of order). clSeqNr=1254
03:02:43.940 INF Request delivered (in order). clSeqNr=1254
03:02:43.940 INF Request delivered (in order). clSeqNr=1255
03:02:43.940 INF Request delivered (in order). clSeqNr=1256
03:02:43.940 INF Request delivered (in order). clSeqNr=1257
03:02:43.940 INF Request delivered (in order). clSeqNr=1258
03:02:43.940 INF Request delivered (in order). clSeqNr=1259
03:02:43.940 INF Request delivered (in order). clSeqNr=1260
03:02:43.940 INF Request delivered (in order). clSeqNr=1261
03:02:43.940 INF Request delivered (in order). clSeqNr=1262
03:02:43.940 INF Request delivered (in order). clSeqNr=1263
03:02:43.940 INF Request delivered (in order). clSeqNr=1264
03:02:43.940 INF Request delivered (in order). clSeqNr=1265
03:02:43.940 INF Request delivered (in order). clSeqNr=1266
03:02:43.940 INF Request delivered (in order). clSeqNr=1267
03:02:43.940 INF Request delivered (in order). clSeqNr=1268
03:02:43.940 INF Request delivered (in order). clSeqNr=1269
03:02:43.941 INF Request finished (out of order). clSeqNr=1270
03:02:43.941 INF Request delivered (in order). clSeqNr=1270
03:02:43.941 INF Request delivered (in order). clSeqNr=1271
03:02:43.941 INF Request delivered (in order). clSeqNr=1272
03:02:43.941 INF Request delivered (in order). clSeqNr=1273
03:02:43.941 INF Request delivered (in order). clSeqNr=1274
03:02:43.941 INF Request delivered (in order). clSeqNr=1275
03:02:43.941 INF Request delivered (in order). clSeqNr=1276
03:02:43.941 INF Request delivered (in order). clSeqNr=1277
03:02:43.941 INF Request delivered (in order). clSeqNr=1278
03:02:43.941 INF Request delivered (in order). clSeqNr=1279
03:02:43.941 INF Request delivered (in order). clSeqNr=1280
03:02:43.941 INF Request delivered (in order). clSeqNr=1281
03:02:43.941 INF Request delivered (in order). clSeqNr=1282
03:02:43.941 INF Request delivered (in order). clSeqNr=1283
03:02:43.941 INF Request delivered (in order). clSeqNr=1284
03:02:43.941 INF Request delivered (in order). clSeqNr=1285
03:02:43.941 INF Request finished (out of order). clSeqNr=1286
03:02:43.941 INF Request delivered (in order). clSeqNr=1286
03:02:43.941 INF Request delivered (in order). clSeqNr=1287
03:02:43.941 INF Request delivered (in order). clSeqNr=1288
03:02:43.941 INF Request delivered (in order). clSeqNr=1289
03:02:43.941 INF Request delivered (in order). clSeqNr=1290
03:02:43.941 INF Request delivered (in order). clSeqNr=1291
03:02:43.941 INF Request delivered (in order). clSeqNr=1292
03:02:43.941 INF Request delivered (in order). clSeqNr=1293
03:02:43.941 INF Request delivered (in order). clSeqNr=1294
03:02:43.941 INF Request delivered (in order). clSeqNr=1295
03:02:43.941 INF Request delivered (in order). clSeqNr=1296
03:02:43.941 INF Request delivered (in order). clSeqNr=1297
03:02:43.941 INF Request delivered (in order). clSeqNr=1298
03:02:43.941 INF Request delivered (in order). clSeqNr=1299
03:02:43.941 INF Request delivered (in order). clSeqNr=1300
03:02:43.942 INF Request delivered (in order). clSeqNr=1301
03:02:43.942 INF Request finished (out of order). clSeqNr=1302
03:02:43.942 INF Request delivered (in order). clSeqNr=1302
03:02:43.942 INF Request delivered (in order). clSeqNr=1303
03:02:43.942 INF Request delivered (in order). clSeqNr=1304
03:02:43.942 INF Request delivered (in order). clSeqNr=1305
03:02:43.942 INF Request delivered (in order). clSeqNr=1306
03:02:43.942 INF Request delivered (in order). clSeqNr=1307
03:02:43.942 INF Request delivered (in order). clSeqNr=1308
03:02:43.942 INF Request delivered (in order). clSeqNr=1309
03:02:43.942 INF Request delivered (in order). clSeqNr=1310
03:02:43.942 INF Request delivered (in order). clSeqNr=1311
03:02:43.942 INF Request delivered (in order). clSeqNr=1312
03:02:43.942 INF Request delivered (in order). clSeqNr=1313
03:02:43.942 INF Request delivered (in order). clSeqNr=1314
03:02:43.942 INF Request delivered (in order). clSeqNr=1315
03:02:43.942 INF Request delivered (in order). clSeqNr=1316
03:02:43.942 INF Request delivered (in order). clSeqNr=1317
03:02:43.942 INF Request finished (out of order). clSeqNr=1318
03:02:43.942 INF Request delivered (in order). clSeqNr=1318
03:02:43.942 INF Request delivered (in order). clSeqNr=1319
03:02:43.942 INF Request delivered (in order). clSeqNr=1320
03:02:43.942 INF Request delivered (in order). clSeqNr=1321
03:02:43.942 INF Request delivered (in order). clSeqNr=1322
03:02:43.942 INF Request delivered (in order). clSeqNr=1323
03:02:43.943 INF Request delivered (in order). clSeqNr=1324
03:02:43.943 INF Request delivered (in order). clSeqNr=1325
03:02:43.943 INF Request delivered (in order). clSeqNr=1326
03:02:43.943 INF Request delivered (in order). clSeqNr=1327
03:02:43.943 INF Request delivered (in order). clSeqNr=1328
03:02:43.943 INF Request delivered (in order). clSeqNr=1329
03:02:43.943 INF Request delivered (in order). clSeqNr=1330
03:02:43.943 INF Request delivered (in order). clSeqNr=1331
03:02:43.943 INF Request delivered (in order). clSeqNr=1332
03:02:43.943 INF Request delivered (in order). clSeqNr=1333
03:02:43.944 INF Request finished (out of order). clSeqNr=1334
03:02:43.944 INF Request delivered (in order). clSeqNr=1334
03:02:43.944 INF Request delivered (in order). clSeqNr=1335
03:02:43.944 INF Request delivered (in order). clSeqNr=1336
03:02:43.944 INF Request delivered (in order). clSeqNr=1337
03:02:43.944 INF Request delivered (in order). clSeqNr=1338
03:02:43.944 INF Request delivered (in order). clSeqNr=1339
03:02:43.944 INF Request delivered (in order). clSeqNr=1340
03:02:43.944 INF Request delivered (in order). clSeqNr=1341
03:02:43.944 INF Request delivered (in order). clSeqNr=1342
03:02:43.944 INF Request delivered (in order). clSeqNr=1343
03:02:43.944 INF Request delivered (in order). clSeqNr=1344
03:02:43.944 INF Request delivered (in order). clSeqNr=1345
03:02:43.944 INF Request delivered (in order). clSeqNr=1346
03:02:43.944 INF Request delivered (in order). clSeqNr=1347
03:02:43.944 INF Request delivered (in order). clSeqNr=1348
03:02:43.944 INF Request delivered (in order). clSeqNr=1349
03:02:44.025 INF Request finished (out of order). clSeqNr=1350
03:02:44.025 INF Request delivered (in order). clSeqNr=1350
03:02:44.025 INF Request delivered (in order). clSeqNr=1351
03:02:44.025 INF Request delivered (in order). clSeqNr=1352
03:02:44.025 INF Request delivered (in order). clSeqNr=1353
03:02:44.025 INF Request delivered (in order). clSeqNr=1354
03:02:44.025 INF Request delivered (in order). clSeqNr=1355
03:02:44.025 INF Request delivered (in order). clSeqNr=1356
03:02:44.025 INF Request delivered (in order). clSeqNr=1357
03:02:44.025 INF Request delivered (in order). clSeqNr=1358
03:02:44.025 INF Request delivered (in order). clSeqNr=1359
03:02:44.025 INF Request delivered (in order). clSeqNr=1360
03:02:44.025 INF Request delivered (in order). clSeqNr=1361
03:02:44.025 INF Request delivered (in order). clSeqNr=1362
03:02:44.025 INF Request delivered (in order). clSeqNr=1363
03:02:44.025 INF Request delivered (in order). clSeqNr=1364
03:02:44.025 INF Request delivered (in order). clSeqNr=1365
03:02:44.028 INF Request finished (out of order). clSeqNr=1366
03:02:44.028 INF Request delivered (in order). clSeqNr=1366
03:02:44.028 INF Request delivered (in order). clSeqNr=1367
03:02:44.028 INF Request delivered (in order). clSeqNr=1368
03:02:44.028 INF Request delivered (in order). clSeqNr=1369
03:02:44.028 INF Request delivered (in order). clSeqNr=1370
03:02:44.028 INF Request delivered (in order). clSeqNr=1371
03:02:44.028 INF Request delivered (in order). clSeqNr=1372
03:02:44.029 INF Request delivered (in order). clSeqNr=1373
03:02:44.029 INF Request delivered (in order). clSeqNr=1374
03:02:44.029 INF Request delivered (in order). clSeqNr=1375
03:02:44.029 INF Request delivered (in order). clSeqNr=1376
03:02:44.029 INF Request delivered (in order). clSeqNr=1377
03:02:44.029 INF Request delivered (in order). clSeqNr=1378
03:02:44.029 INF Request delivered (in order). clSeqNr=1379
03:02:44.029 INF Request delivered (in order). clSeqNr=1380
03:02:44.029 INF Request delivered (in order). clSeqNr=1381
03:02:44.029 INF Request finished (out of order). clSeqNr=1382
03:02:44.029 INF Request delivered (in order). clSeqNr=1382
03:02:44.029 INF Request delivered (in order). clSeqNr=1383
03:02:44.029 INF Request delivered (in order). clSeqNr=1384
03:02:44.029 INF Request delivered (in order). clSeqNr=1385
03:02:44.029 INF Request delivered (in order). clSeqNr=1386
03:02:44.029 INF Request delivered (in order). clSeqNr=1387
03:02:44.029 INF Request delivered (in order). clSeqNr=1388
03:02:44.029 INF Request delivered (in order). clSeqNr=1389
03:02:44.029 INF Request delivered (in order). clSeqNr=1390
03:02:44.029 INF Request delivered (in order). clSeqNr=1391
03:02:44.029 INF Request delivered (in order). clSeqNr=1392
03:02:44.029 INF Request delivered (in order). clSeqNr=1393
03:02:44.029 INF Request delivered (in order). clSeqNr=1394
03:02:44.029 INF Request delivered (in order). clSeqNr=1395
03:02:44.029 INF Request delivered (in order). clSeqNr=1396
03:02:44.029 INF Request delivered (in order). clSeqNr=1397
03:02:44.029 INF Request finished (out of order). clSeqNr=1398
03:02:44.029 INF Request delivered (in order). clSeqNr=1398
03:02:44.029 INF Request delivered (in order). clSeqNr=1399
03:02:44.029 INF Request delivered (in order). clSeqNr=1400
03:02:44.029 INF Request delivered (in order). clSeqNr=1401
03:02:44.029 INF Request delivered (in order). clSeqNr=1402
03:02:44.029 INF Request delivered (in order). clSeqNr=1403
03:02:44.029 INF Request delivered (in order). clSeqNr=1404
03:02:44.029 INF Request delivered (in order). clSeqNr=1405
03:02:44.029 INF Request delivered (in order). clSeqNr=1406
03:02:44.029 INF Request delivered (in order). clSeqNr=1407
03:02:44.029 INF Request delivered (in order). clSeqNr=1408
03:02:44.029 INF Request delivered (in order). clSeqNr=1409
03:02:44.029 INF Request delivered (in order). clSeqNr=1410
03:02:44.029 INF Request delivered (in order). clSeqNr=1411
03:02:44.029 INF Request delivered (in order). clSeqNr=1412
03:02:44.029 INF Request delivered (in order). clSeqNr=1413
03:02:44.029 INF Request delivered (in order). clSeqNr=1414
03:02:44.029 INF Request delivered (in order). clSeqNr=1415
03:02:44.029 INF Request delivered (in order). clSeqNr=1416
03:02:44.029 INF Request delivered (in order). clSeqNr=1417
03:02:44.029 INF Request delivered (in order). clSeqNr=1418
03:02:44.029 INF Request delivered (in order). clSeqNr=1419
03:02:44.029 INF Request delivered (in order). clSeqNr=1420
03:02:44.029 INF Request delivered (in order). clSeqNr=1421
03:02:44.029 INF Request delivered (in order). clSeqNr=1422
03:02:44.029 INF Request delivered (in order). clSeqNr=1423
03:02:44.029 INF Request delivered (in order). clSeqNr=1424
03:02:44.029 INF Request delivered (in order). clSeqNr=1425
03:02:44.030 INF Request delivered (in order). clSeqNr=1426
03:02:44.030 INF Request delivered (in order). clSeqNr=1427
03:02:44.030 INF Request delivered (in order). clSeqNr=1428
03:02:44.030 INF Request delivered (in order). clSeqNr=1429
03:02:44.030 INF Request delivered (in order). clSeqNr=1430
03:02:44.030 INF Request delivered (in order). clSeqNr=1431
03:02:44.030 INF Request delivered (in order). clSeqNr=1432
03:02:44.030 INF Request delivered (in order). clSeqNr=1433
03:02:44.030 INF Request delivered (in order). clSeqNr=1434
03:02:44.030 INF Request delivered (in order). clSeqNr=1435
03:02:44.030 INF Request delivered (in order). clSeqNr=1436
03:02:44.030 INF Request delivered (in order). clSeqNr=1437
03:02:44.030 INF Request delivered (in order). clSeqNr=1438
03:02:44.030 INF Request delivered (in order). clSeqNr=1439
03:02:44.030 INF Request delivered (in order). clSeqNr=1440
03:02:44.030 INF Request delivered (in order). clSeqNr=1441
03:02:44.030 INF Request delivered (in order). clSeqNr=1442
03:02:44.030 INF Request delivered (in order). clSeqNr=1443
03:02:44.030 INF Request delivered (in order). clSeqNr=1444
03:02:44.030 INF Request delivered (in order). clSeqNr=1445
03:02:44.030 INF Request delivered (in order). clSeqNr=1446
03:02:44.030 INF Request delivered (in order). clSeqNr=1447
03:02:44.030 INF Request delivered (in order). clSeqNr=1448
03:02:44.030 INF Request delivered (in order). clSeqNr=1449
03:02:44.030 INF Request delivered (in order). clSeqNr=1450
03:02:44.030 INF Request delivered (in order). clSeqNr=1451
03:02:44.030 INF Request delivered (in order). clSeqNr=1452
03:02:44.030 INF Request delivered (in order). clSeqNr=1453
03:02:44.030 INF Request delivered (in order). clSeqNr=1454
03:02:44.030 INF Request delivered (in order). clSeqNr=1455
03:02:44.030 INF Request delivered (in order). clSeqNr=1456
03:02:44.030 INF Request delivered (in order). clSeqNr=1457
03:02:44.030 INF Request delivered (in order). clSeqNr=1458
03:02:44.030 INF Request delivered (in order). clSeqNr=1459
03:02:44.030 INF Request delivered (in order). clSeqNr=1460
03:02:44.030 INF Request delivered (in order). clSeqNr=1461
03:02:44.030 INF Request delivered (in order). clSeqNr=1462
03:02:44.030 INF Request delivered (in order). clSeqNr=1463
03:02:44.030 INF Request delivered (in order). clSeqNr=1464
03:02:44.030 INF Request delivered (in order). clSeqNr=1465
03:02:44.030 INF Request delivered (in order). clSeqNr=1466
03:02:44.030 INF Request delivered (in order). clSeqNr=1467
03:02:44.030 INF Request delivered (in order). clSeqNr=1468
03:02:44.030 INF Request delivered (in order). clSeqNr=1469
03:02:44.030 INF Request delivered (in order). clSeqNr=1470
03:02:44.030 INF Request delivered (in order). clSeqNr=1471
03:02:44.030 INF Request delivered (in order). clSeqNr=1472
03:02:44.030 INF Request delivered (in order). clSeqNr=1473
03:02:44.030 INF Request delivered (in order). clSeqNr=1474
03:02:44.030 INF Request delivered (in order). clSeqNr=1475
03:02:44.030 INF Request delivered (in order). clSeqNr=1476
03:02:44.030 INF Request delivered (in order). clSeqNr=1477
03:02:44.030 INF Request delivered (in order). clSeqNr=1478
03:02:44.031 INF Request delivered (in order). clSeqNr=1479
03:02:44.031 INF Request delivered (in order). clSeqNr=1480
03:02:44.031 INF Request delivered (in order). clSeqNr=1481
03:02:44.031 INF Request delivered (in order). clSeqNr=1482
03:02:44.031 INF Request delivered (in order). clSeqNr=1483
03:02:44.031 INF Request delivered (in order). clSeqNr=1484
03:02:44.031 INF Request delivered (in order). clSeqNr=1485
03:02:44.031 INF Request delivered (in order). clSeqNr=1486
03:02:44.031 INF Request delivered (in order). clSeqNr=1487
03:02:44.031 INF Request delivered (in order). clSeqNr=1488
03:02:44.031 INF Request delivered (in order). clSeqNr=1489
03:02:44.031 INF Request delivered (in order). clSeqNr=1490
03:02:44.031 INF Request delivered (in order). clSeqNr=1491
03:02:44.031 INF Request delivered (in order). clSeqNr=1492
03:02:44.031 INF Request delivered (in order). clSeqNr=1493
03:02:44.031 INF Request finished (out of order). clSeqNr=2827
03:02:44.031 INF Request finished (out of order). clSeqNr=2843
03:02:44.031 INF Request finished (out of order). clSeqNr=2859
03:02:44.031 INF Request finished (out of order). clSeqNr=2875
03:02:44.031 INF Request finished (out of order). clSeqNr=2891
03:02:44.031 INF Request finished (out of order). clSeqNr=2907
03:02:44.031 INF Request finished (out of order). clSeqNr=2923
03:02:44.031 INF Request finished (out of order). clSeqNr=2812
03:02:44.031 INF Request finished (out of order). clSeqNr=2828
03:02:44.031 INF Request finished (out of order). clSeqNr=2844
03:02:44.031 INF Request finished (out of order). clSeqNr=2860
03:02:44.031 INF Request finished (out of order). clSeqNr=2876
03:02:44.031 INF Request finished (out of order). clSeqNr=2924
03:02:44.031 INF Request finished (out of order). clSeqNr=2892
03:02:44.031 INF Request finished (out of order). clSeqNr=2908
03:02:47.698 INF Request finished (out of order). clSeqNr=1670
03:02:47.699 INF Request finished (out of order). clSeqNr=1686
03:02:47.699 INF Request finished (out of order). clSeqNr=1702
03:02:47.699 INF Request finished (out of order). clSeqNr=1718
03:02:47.700 INF Request finished (out of order). clSeqNr=1734
03:02:47.700 INF Request finished (out of order). clSeqNr=1494
03:02:47.700 INF Request delivered (in order). clSeqNr=1494
03:02:47.700 INF Request delivered (in order). clSeqNr=1495
03:02:47.700 INF Request delivered (in order). clSeqNr=1496
03:02:47.700 INF Request delivered (in order). clSeqNr=1497
03:02:47.700 INF Request delivered (in order). clSeqNr=1498
03:02:47.700 INF Request delivered (in order). clSeqNr=1499
03:02:47.700 INF Request delivered (in order). clSeqNr=1500
03:02:47.700 INF Request delivered (in order). clSeqNr=1501
03:02:47.700 INF Request delivered (in order). clSeqNr=1502
03:02:47.700 INF Request delivered (in order). clSeqNr=1503
03:02:47.700 INF Request delivered (in order). clSeqNr=1504
03:02:47.700 INF Request delivered (in order). clSeqNr=1505
03:02:47.700 INF Request delivered (in order). clSeqNr=1506
03:02:47.700 INF Request delivered (in order). clSeqNr=1507
03:02:47.700 INF Request delivered (in order). clSeqNr=1508
03:02:47.700 INF Request delivered (in order). clSeqNr=1509
03:02:47.700 INF Request finished (out of order). clSeqNr=1510
03:02:47.700 INF Request delivered (in order). clSeqNr=1510
03:02:47.701 INF Request delivered (in order). clSeqNr=1511
03:02:47.701 INF Request delivered (in order). clSeqNr=1512
03:02:47.701 INF Request delivered (in order). clSeqNr=1513
03:02:47.701 INF Request delivered (in order). clSeqNr=1514
03:02:47.701 INF Request delivered (in order). clSeqNr=1515
03:02:47.701 INF Request delivered (in order). clSeqNr=1516
03:02:47.701 INF Request delivered (in order). clSeqNr=1517
03:02:47.701 INF Request delivered (in order). clSeqNr=1518
03:02:47.701 INF Request delivered (in order). clSeqNr=1519
03:02:47.701 INF Request delivered (in order). clSeqNr=1520
03:02:47.701 INF Request delivered (in order). clSeqNr=1521
03:02:47.701 INF Request delivered (in order). clSeqNr=1522
03:02:47.701 INF Request delivered (in order). clSeqNr=1523
03:02:47.701 INF Request delivered (in order). clSeqNr=1524
03:02:47.701 INF Request delivered (in order). clSeqNr=1525
03:02:47.701 INF Request finished (out of order). clSeqNr=1526
03:02:47.701 INF Request delivered (in order). clSeqNr=1526
03:02:47.701 INF Request delivered (in order). clSeqNr=1527
03:02:47.701 INF Request delivered (in order). clSeqNr=1528
03:02:47.701 INF Request delivered (in order). clSeqNr=1529
03:02:47.701 INF Request delivered (in order). clSeqNr=1530
03:02:47.701 INF Request delivered (in order). clSeqNr=1531
03:02:47.701 INF Request delivered (in order). clSeqNr=1532
03:02:47.701 INF Request delivered (in order). clSeqNr=1533
03:02:47.701 INF Request delivered (in order). clSeqNr=1534
03:02:47.701 INF Request delivered (in order). clSeqNr=1535
03:02:47.701 INF Request delivered (in order). clSeqNr=1536
03:02:47.701 INF Request delivered (in order). clSeqNr=1537
03:02:47.701 INF Request delivered (in order). clSeqNr=1538
03:02:47.701 INF Request delivered (in order). clSeqNr=1539
03:02:47.701 INF Request delivered (in order). clSeqNr=1540
03:02:47.701 INF Request delivered (in order). clSeqNr=1541
03:02:47.702 INF Request finished (out of order). clSeqNr=1542
03:02:47.702 INF Request delivered (in order). clSeqNr=1542
03:02:47.702 INF Request delivered (in order). clSeqNr=1543
03:02:47.702 INF Request delivered (in order). clSeqNr=1544
03:02:47.702 INF Request delivered (in order). clSeqNr=1545
03:02:47.702 INF Request delivered (in order). clSeqNr=1546
03:02:47.702 INF Request delivered (in order). clSeqNr=1547
03:02:47.702 INF Request delivered (in order). clSeqNr=1548
03:02:47.702 INF Request delivered (in order). clSeqNr=1549
03:02:47.702 INF Request delivered (in order). clSeqNr=1550
03:02:47.702 INF Request delivered (in order). clSeqNr=1551
03:02:47.702 INF Request delivered (in order). clSeqNr=1552
03:02:47.702 INF Request delivered (in order). clSeqNr=1553
03:02:47.702 INF Request delivered (in order). clSeqNr=1554
03:02:47.702 INF Request delivered (in order). clSeqNr=1555
03:02:47.702 INF Request delivered (in order). clSeqNr=1556
03:02:47.702 INF Request delivered (in order). clSeqNr=1557
03:02:47.702 INF Request finished (out of order). clSeqNr=1558
03:02:47.702 INF Request delivered (in order). clSeqNr=1558
03:02:47.702 INF Request delivered (in order). clSeqNr=1559
03:02:47.702 INF Request delivered (in order). clSeqNr=1560
03:02:47.702 INF Request delivered (in order). clSeqNr=1561
03:02:47.702 INF Request delivered (in order). clSeqNr=1562
03:02:47.702 INF Request delivered (in order). clSeqNr=1563
03:02:47.702 INF Request delivered (in order). clSeqNr=1564
03:02:47.702 INF Request delivered (in order). clSeqNr=1565
03:02:47.702 INF Request delivered (in order). clSeqNr=1566
03:02:47.702 INF Request delivered (in order). clSeqNr=1567
03:02:47.702 INF Request delivered (in order). clSeqNr=1568
03:02:47.702 INF Request delivered (in order). clSeqNr=1569
03:02:47.702 INF Request delivered (in order). clSeqNr=1570
03:02:47.702 INF Request delivered (in order). clSeqNr=1571
03:02:47.702 INF Request delivered (in order). clSeqNr=1572
03:02:47.702 INF Request delivered (in order). clSeqNr=1573
03:02:47.703 INF Request finished (out of order). clSeqNr=1574
03:02:47.703 INF Request delivered (in order). clSeqNr=1574
03:02:47.703 INF Request delivered (in order). clSeqNr=1575
03:02:47.703 INF Request delivered (in order). clSeqNr=1576
03:02:47.703 INF Request delivered (in order). clSeqNr=1577
03:02:47.703 INF Request delivered (in order). clSeqNr=1578
03:02:47.703 INF Request delivered (in order). clSeqNr=1579
03:02:47.703 INF Request delivered (in order). clSeqNr=1580
03:02:47.703 INF Request delivered (in order). clSeqNr=1581
03:02:47.703 INF Request delivered (in order). clSeqNr=1582
03:02:47.703 INF Request delivered (in order). clSeqNr=1583
03:02:47.703 INF Request delivered (in order). clSeqNr=1584
03:02:47.703 INF Request delivered (in order). clSeqNr=1585
03:02:47.703 INF Request delivered (in order). clSeqNr=1586
03:02:47.703 INF Request delivered (in order). clSeqNr=1587
03:02:47.703 INF Request delivered (in order). clSeqNr=1588
03:02:47.703 INF Request delivered (in order). clSeqNr=1589
03:02:47.703 INF Request finished (out of order). clSeqNr=1590
03:02:47.703 INF Request delivered (in order). clSeqNr=1590
03:02:47.703 INF Request delivered (in order). clSeqNr=1591
03:02:47.703 INF Request delivered (in order). clSeqNr=1592
03:02:47.704 INF Request delivered (in order). clSeqNr=1593
03:02:47.704 INF Request delivered (in order). clSeqNr=1594
03:02:47.704 INF Request delivered (in order). clSeqNr=1595
03:02:47.704 INF Request delivered (in order). clSeqNr=1596
03:02:47.704 INF Request delivered (in order). clSeqNr=1597
03:02:47.704 INF Request delivered (in order). clSeqNr=1598
03:02:47.704 INF Request delivered (in order). clSeqNr=1599
03:02:47.704 INF Request delivered (in order). clSeqNr=1600
03:02:47.704 INF Request delivered (in order). clSeqNr=1601
03:02:47.704 INF Request delivered (in order). clSeqNr=1602
03:02:47.704 INF Request delivered (in order). clSeqNr=1603
03:02:47.704 INF Request delivered (in order). clSeqNr=1604
03:02:47.704 INF Request delivered (in order). clSeqNr=1605
03:02:47.704 INF Request finished (out of order). clSeqNr=1606
03:02:47.704 INF Request delivered (in order). clSeqNr=1606
03:02:47.704 INF Request delivered (in order). clSeqNr=1607
03:02:47.704 INF Request delivered (in order). clSeqNr=1608
03:02:47.704 INF Request delivered (in order). clSeqNr=1609
03:02:47.704 INF Request delivered (in order). clSeqNr=1610
03:02:47.704 INF Request delivered (in order). clSeqNr=1611
03:02:47.704 INF Request delivered (in order). clSeqNr=1612
03:02:47.704 INF Request delivered (in order). clSeqNr=1613
03:02:47.704 INF Request delivered (in order). clSeqNr=1614
03:02:47.705 INF Request delivered (in order). clSeqNr=1615
03:02:47.705 INF Request delivered (in order). clSeqNr=1616
03:02:47.705 INF Request delivered (in order). clSeqNr=1617
03:02:47.705 INF Request delivered (in order). clSeqNr=1618
03:02:47.705 INF Request delivered (in order). clSeqNr=1619
03:02:47.705 INF Request delivered (in order). clSeqNr=1620
03:02:47.705 INF Request delivered (in order). clSeqNr=1621
03:02:47.790 INF Request finished (out of order). clSeqNr=1622
03:02:47.790 INF Request delivered (in order). clSeqNr=1622
03:02:47.790 INF Request delivered (in order). clSeqNr=1623
03:02:47.790 INF Request delivered (in order). clSeqNr=1624
03:02:47.790 INF Request delivered (in order). clSeqNr=1625
03:02:47.790 INF Request delivered (in order). clSeqNr=1626
03:02:47.790 INF Request delivered (in order). clSeqNr=1627
03:02:47.790 INF Request delivered (in order). clSeqNr=1628
03:02:47.790 INF Request delivered (in order). clSeqNr=1629
03:02:47.790 INF Request delivered (in order). clSeqNr=1630
03:02:47.790 INF Request delivered (in order). clSeqNr=1631
03:02:47.790 INF Request delivered (in order). clSeqNr=1632
03:02:47.790 INF Request delivered (in order). clSeqNr=1633
03:02:47.790 INF Request delivered (in order). clSeqNr=1634
03:02:47.790 INF Request delivered (in order). clSeqNr=1635
03:02:47.790 INF Request delivered (in order). clSeqNr=1636
03:02:47.790 INF Request delivered (in order). clSeqNr=1637
03:02:47.790 INF Request finished (out of order). clSeqNr=1638
03:02:47.790 INF Request delivered (in order). clSeqNr=1638
03:02:47.790 INF Request delivered (in order). clSeqNr=1639
03:02:47.790 INF Request delivered (in order). clSeqNr=1640
03:02:47.790 INF Request delivered (in order). clSeqNr=1641
03:02:47.790 INF Request delivered (in order). clSeqNr=1642
03:02:47.790 INF Request delivered (in order). clSeqNr=1643
03:02:47.790 INF Request delivered (in order). clSeqNr=1644
03:02:47.790 INF Request delivered (in order). clSeqNr=1645
03:02:47.790 INF Request delivered (in order). clSeqNr=1646
03:02:47.790 INF Request delivered (in order). clSeqNr=1647
03:02:47.790 INF Request delivered (in order). clSeqNr=1648
03:02:47.790 INF Request delivered (in order). clSeqNr=1649
03:02:47.790 INF Request delivered (in order). clSeqNr=1650
03:02:47.790 INF Request delivered (in order). clSeqNr=1651
03:02:47.790 INF Request delivered (in order). clSeqNr=1652
03:02:47.790 INF Request delivered (in order). clSeqNr=1653
03:02:47.791 INF Request finished (out of order). clSeqNr=1654
03:02:47.791 INF Request delivered (in order). clSeqNr=1654
03:02:47.791 INF Request delivered (in order). clSeqNr=1655
03:02:47.791 INF Request delivered (in order). clSeqNr=1656
03:02:47.791 INF Request delivered (in order). clSeqNr=1657
03:02:47.791 INF Request delivered (in order). clSeqNr=1658
03:02:47.791 INF Request delivered (in order). clSeqNr=1659
03:02:47.791 INF Request delivered (in order). clSeqNr=1660
03:02:47.791 INF Request delivered (in order). clSeqNr=1661
03:02:47.791 INF Request delivered (in order). clSeqNr=1662
03:02:47.791 INF Request delivered (in order). clSeqNr=1663
03:02:47.791 INF Request delivered (in order). clSeqNr=1664
03:02:47.791 INF Request delivered (in order). clSeqNr=1665
03:02:47.791 INF Request delivered (in order). clSeqNr=1666
03:02:47.791 INF Request delivered (in order). clSeqNr=1667
03:02:47.791 INF Request delivered (in order). clSeqNr=1668
03:02:47.791 INF Request delivered (in order). clSeqNr=1669
03:02:47.791 INF Request delivered (in order). clSeqNr=1670
03:02:47.791 INF Request delivered (in order). clSeqNr=1671
03:02:47.791 INF Request delivered (in order). clSeqNr=1672
03:02:47.791 INF Request delivered (in order). clSeqNr=1673
03:02:47.791 INF Request delivered (in order). clSeqNr=1674
03:02:47.791 INF Request delivered (in order). clSeqNr=1675
03:02:47.791 INF Request delivered (in order). clSeqNr=1676
03:02:47.791 INF Request delivered (in order). clSeqNr=1677
03:02:47.791 INF Request delivered (in order). clSeqNr=1678
03:02:47.791 INF Request delivered (in order). clSeqNr=1679
03:02:47.791 INF Request delivered (in order). clSeqNr=1680
03:02:47.791 INF Request delivered (in order). clSeqNr=1681
03:02:47.791 INF Request delivered (in order). clSeqNr=1682
03:02:47.791 INF Request delivered (in order). clSeqNr=1683
03:02:47.791 INF Request delivered (in order). clSeqNr=1684
03:02:47.791 INF Request delivered (in order). clSeqNr=1685
03:02:47.791 INF Request delivered (in order). clSeqNr=1686
03:02:47.791 INF Request delivered (in order). clSeqNr=1687
03:02:47.791 INF Request delivered (in order). clSeqNr=1688
03:02:47.791 INF Request delivered (in order). clSeqNr=1689
03:02:47.791 INF Request delivered (in order). clSeqNr=1690
03:02:47.791 INF Request delivered (in order). clSeqNr=1691
03:02:47.791 INF Request delivered (in order). clSeqNr=1692
03:02:47.791 INF Request delivered (in order). clSeqNr=1693
03:02:47.791 INF Request delivered (in order). clSeqNr=1694
03:02:47.791 INF Request delivered (in order). clSeqNr=1695
03:02:47.791 INF Request delivered (in order). clSeqNr=1696
03:02:47.791 INF Request delivered (in order). clSeqNr=1697
03:02:47.791 INF Request delivered (in order). clSeqNr=1698
03:02:47.791 INF Request delivered (in order). clSeqNr=1699
03:02:47.791 INF Request delivered (in order). clSeqNr=1700
03:02:47.791 INF Request delivered (in order). clSeqNr=1701
03:02:47.791 INF Request delivered (in order). clSeqNr=1702
03:02:47.791 INF Request delivered (in order). clSeqNr=1703
03:02:47.791 INF Request delivered (in order). clSeqNr=1704
03:02:47.791 INF Request delivered (in order). clSeqNr=1705
03:02:47.791 INF Request delivered (in order). clSeqNr=1706
03:02:47.792 INF Request delivered (in order). clSeqNr=1707
03:02:47.792 INF Request delivered (in order). clSeqNr=1708
03:02:47.792 INF Request delivered (in order). clSeqNr=1709
03:02:47.792 INF Request delivered (in order). clSeqNr=1710
03:02:47.792 INF Request delivered (in order). clSeqNr=1711
03:02:47.792 INF Request delivered (in order). clSeqNr=1712
03:02:47.792 INF Request delivered (in order). clSeqNr=1713
03:02:47.792 INF Request delivered (in order). clSeqNr=1714
03:02:47.792 INF Request delivered (in order). clSeqNr=1715
03:02:47.792 INF Request delivered (in order). clSeqNr=1716
03:02:47.792 INF Request delivered (in order). clSeqNr=1717
03:02:47.792 INF Request delivered (in order). clSeqNr=1718
03:02:47.792 INF Request delivered (in order). clSeqNr=1719
03:02:47.792 INF Request delivered (in order). clSeqNr=1720
03:02:47.792 INF Request delivered (in order). clSeqNr=1721
03:02:47.792 INF Request delivered (in order). clSeqNr=1722
03:02:47.792 INF Request delivered (in order). clSeqNr=1723
03:02:47.792 INF Request delivered (in order). clSeqNr=1724
03:02:47.792 INF Request delivered (in order). clSeqNr=1725
03:02:47.792 INF Request delivered (in order). clSeqNr=1726
03:02:47.792 INF Request delivered (in order). clSeqNr=1727
03:02:47.792 INF Request delivered (in order). clSeqNr=1728
03:02:47.792 INF Request delivered (in order). clSeqNr=1729
03:02:47.792 INF Request delivered (in order). clSeqNr=1730
03:02:47.792 INF Request delivered (in order). clSeqNr=1731
03:02:47.792 INF Request delivered (in order). clSeqNr=1732
03:02:47.792 INF Request delivered (in order). clSeqNr=1733
03:02:47.792 INF Request delivered (in order). clSeqNr=1734
03:02:47.792 INF Request delivered (in order). clSeqNr=1735
03:02:47.792 INF Request delivered (in order). clSeqNr=1736
03:02:47.792 INF Request delivered (in order). clSeqNr=1737
03:02:47.792 INF Request delivered (in order). clSeqNr=1738
03:02:47.792 INF Request delivered (in order). clSeqNr=1739
03:02:47.792 INF Request delivered (in order). clSeqNr=1740
03:02:47.792 INF Request delivered (in order). clSeqNr=1741
03:02:47.792 INF Request delivered (in order). clSeqNr=1742
03:02:47.792 INF Request delivered (in order). clSeqNr=1743
03:02:47.792 INF Request delivered (in order). clSeqNr=1744
03:02:47.792 INF Request delivered (in order). clSeqNr=1745
03:02:47.792 INF Request delivered (in order). clSeqNr=1746
03:02:47.792 INF Request delivered (in order). clSeqNr=1747
03:02:47.792 INF Request delivered (in order). clSeqNr=1748
03:02:47.792 INF Request delivered (in order). clSeqNr=1749
03:02:48.417 INF Updating bucket assignment. epoch=1
03:02:48.417 INF Resubmitted Requests. epoch=1 n=74
03:02:53.631 INF Request finished (out of order). clSeqNr=1926
03:02:53.632 INF Request finished (out of order). clSeqNr=1942
03:02:53.633 INF Request finished (out of order). clSeqNr=1958
03:02:53.634 INF Request finished (out of order). clSeqNr=1750
03:02:53.634 INF Request delivered (in order). clSeqNr=1750
03:02:53.634 INF Request delivered (in order). clSeqNr=1751
03:02:53.634 INF Request delivered (in order). clSeqNr=1752
03:02:53.634 INF Request delivered (in order). clSeqNr=1753
03:02:53.634 INF Request delivered (in order). clSeqNr=1754
03:02:53.634 INF Request delivered (in order). clSeqNr=1755
03:02:53.634 INF Request delivered (in order). clSeqNr=1756
03:02:53.634 INF Request delivered (in order). clSeqNr=1757
03:02:53.634 INF Request delivered (in order). clSeqNr=1758
03:02:53.634 INF Request delivered (in order). clSeqNr=1759
03:02:53.634 INF Request delivered (in order). clSeqNr=1760
03:02:53.634 INF Request delivered (in order). clSeqNr=1761
03:02:53.634 INF Request delivered (in order). clSeqNr=1762
03:02:53.634 INF Request delivered (in order). clSeqNr=1763
03:02:53.634 INF Request delivered (in order). clSeqNr=1764
03:02:53.634 INF Request delivered (in order). clSeqNr=1765
03:02:53.634 INF Request finished (out of order). clSeqNr=1766
03:02:53.634 INF Request delivered (in order). clSeqNr=1766
03:02:53.634 INF Request delivered (in order). clSeqNr=1767
03:02:53.634 INF Request delivered (in order). clSeqNr=1768
03:02:53.634 INF Request delivered (in order). clSeqNr=1769
03:02:53.634 INF Request delivered (in order). clSeqNr=1770
03:02:53.634 INF Request delivered (in order). clSeqNr=1771
03:02:53.634 INF Request delivered (in order). clSeqNr=1772
03:02:53.634 INF Request delivered (in order). clSeqNr=1773
03:02:53.634 INF Request delivered (in order). clSeqNr=1774
03:02:53.634 INF Request delivered (in order). clSeqNr=1775
03:02:53.634 INF Request delivered (in order). clSeqNr=1776
03:02:53.634 INF Request delivered (in order). clSeqNr=1777
03:02:53.634 INF Request delivered (in order). clSeqNr=1778
03:02:53.634 INF Request delivered (in order). clSeqNr=1779
03:02:53.634 INF Request delivered (in order). clSeqNr=1780
03:02:53.634 INF Request delivered (in order). clSeqNr=1781
03:02:53.635 INF Request finished (out of order). clSeqNr=1782
03:02:53.635 INF Request delivered (in order). clSeqNr=1782
03:02:53.635 INF Request delivered (in order). clSeqNr=1783
03:02:53.635 INF Request delivered (in order). clSeqNr=1784
03:02:53.635 INF Request delivered (in order). clSeqNr=1785
03:02:53.635 INF Request delivered (in order). clSeqNr=1786
03:02:53.635 INF Request delivered (in order). clSeqNr=1787
03:02:53.635 INF Request delivered (in order). clSeqNr=1788
03:02:53.635 INF Request delivered (in order). clSeqNr=1789
03:02:53.635 INF Request delivered (in order). clSeqNr=1790
03:02:53.635 INF Request delivered (in order). clSeqNr=1791
03:02:53.635 INF Request delivered (in order). clSeqNr=1792
03:02:53.635 INF Request delivered (in order). clSeqNr=1793
03:02:53.635 INF Request delivered (in order). clSeqNr=1794
03:02:53.635 INF Request delivered (in order). clSeqNr=1795
03:02:53.635 INF Request delivered (in order). clSeqNr=1796
03:02:53.635 INF Request delivered (in order). clSeqNr=1797
03:02:53.635 INF Request finished (out of order). clSeqNr=1798
03:02:53.635 INF Request delivered (in order). clSeqNr=1798
03:02:53.635 INF Request delivered (in order). clSeqNr=1799
03:02:53.635 INF Request delivered (in order). clSeqNr=1800
03:02:53.635 INF Request delivered (in order). clSeqNr=1801
03:02:53.635 INF Request delivered (in order). clSeqNr=1802
03:02:53.635 INF Request delivered (in order). clSeqNr=1803
03:02:53.635 INF Request delivered (in order). clSeqNr=1804
03:02:53.635 INF Request delivered (in order). clSeqNr=1805
03:02:53.635 INF Request delivered (in order). clSeqNr=1806
03:02:53.635 INF Request delivered (in order). clSeqNr=1807
03:02:53.635 INF Request delivered (in order). clSeqNr=1808
03:02:53.635 INF Request delivered (in order). clSeqNr=1809
03:02:53.635 INF Request delivered (in order). clSeqNr=1810
03:02:53.635 INF Request delivered (in order). clSeqNr=1811
03:02:53.635 INF Request delivered (in order). clSeqNr=1812
03:02:53.635 INF Request delivered (in order). clSeqNr=1813
03:02:53.636 INF Request finished (out of order). clSeqNr=1814
03:02:53.636 INF Request delivered (in order). clSeqNr=1814
03:02:53.636 INF Request delivered (in order). clSeqNr=1815
03:02:53.636 INF Request delivered (in order). clSeqNr=1816
03:02:53.636 INF Request delivered (in order). clSeqNr=1817
03:02:53.636 INF Request delivered (in order). clSeqNr=1818
03:02:53.636 INF Request delivered (in order). clSeqNr=1819
03:02:53.636 INF Request delivered (in order). clSeqNr=1820
03:02:53.636 INF Request delivered (in order). clSeqNr=1821
03:02:53.636 INF Request delivered (in order). clSeqNr=1822
03:02:53.636 INF Request delivered (in order). clSeqNr=1823
03:02:53.636 INF Request delivered (in order). clSeqNr=1824
03:02:53.636 INF Request delivered (in order). clSeqNr=1825
03:02:53.636 INF Request delivered (in order). clSeqNr=1826
03:02:53.636 INF Request delivered (in order). clSeqNr=1827
03:02:53.636 INF Request delivered (in order). clSeqNr=1828
03:02:53.636 INF Request delivered (in order). clSeqNr=1829
03:02:53.636 INF Request finished (out of order). clSeqNr=1830
03:02:53.636 INF Request delivered (in order). clSeqNr=1830
03:02:53.636 INF Request delivered (in order). clSeqNr=1831
03:02:53.636 INF Request delivered (in order). clSeqNr=1832
03:02:53.636 INF Request delivered (in order). clSeqNr=1833
03:02:53.636 INF Request delivered (in order). clSeqNr=1834
03:02:53.636 INF Request delivered (in order). clSeqNr=1835
03:02:53.636 INF Request delivered (in order). clSeqNr=1836
03:02:53.636 INF Request delivered (in order). clSeqNr=1837
03:02:53.636 INF Request delivered (in order). clSeqNr=1838
03:02:53.636 INF Request delivered (in order). clSeqNr=1839
03:02:53.636 INF Request delivered (in order). clSeqNr=1840
03:02:53.636 INF Request delivered (in order). clSeqNr=1841
03:02:53.636 INF Request delivered (in order). clSeqNr=1842
03:02:53.636 INF Request delivered (in order). clSeqNr=1843
03:02:53.636 INF Request delivered (in order). clSeqNr=1844
03:02:53.636 INF Request delivered (in order). clSeqNr=1845
03:02:53.637 INF Request finished (out of order). clSeqNr=1846
03:02:53.637 INF Request delivered (in order). clSeqNr=1846
03:02:53.637 INF Request delivered (in order). clSeqNr=1847
03:02:53.637 INF Request delivered (in order). clSeqNr=1848
03:02:53.637 INF Request delivered (in order). clSeqNr=1849
03:02:53.637 INF Request delivered (in order). clSeqNr=1850
03:02:53.637 INF Request delivered (in order). clSeqNr=1851
03:02:53.637 INF Request delivered (in order). clSeqNr=1852
03:02:53.637 INF Request delivered (in order). clSeqNr=1853
03:02:53.637 INF Request delivered (in order). clSeqNr=1854
03:02:53.637 INF Request delivered (in order). clSeqNr=1855
03:02:53.637 INF Request delivered (in order). clSeqNr=1856
03:02:53.637 INF Request delivered (in order). clSeqNr=1857
03:02:53.637 INF Request delivered (in order). clSeqNr=1858
03:02:53.637 INF Request delivered (in order). clSeqNr=1859
03:02:53.637 INF Request delivered (in order). clSeqNr=1860
03:02:53.637 INF Request delivered (in order). clSeqNr=1861
03:02:53.723 INF Request finished (out of order). clSeqNr=1862
03:02:53.723 INF Request delivered (in order). clSeqNr=1862
03:02:53.723 INF Request delivered (in order). clSeqNr=1863
03:02:53.723 INF Request delivered (in order). clSeqNr=1864
03:02:53.723 INF Request delivered (in order). clSeqNr=1865
03:02:53.723 INF Request delivered (in order). clSeqNr=1866
03:02:53.723 INF Request delivered (in order). clSeqNr=1867
03:02:53.723 INF Request delivered (in order). clSeqNr=1868
03:02:53.723 INF Request delivered (in order). clSeqNr=1869
03:02:53.723 INF Request delivered (in order). clSeqNr=1870
03:02:53.723 INF Request delivered (in order). clSeqNr=1871
03:02:53.723 INF Request delivered (in order). clSeqNr=1872
03:02:53.724 INF Request delivered (in order). clSeqNr=1873
03:02:53.724 INF Request delivered (in order). clSeqNr=1874
03:02:53.724 INF Request delivered (in order). clSeqNr=1875
03:02:53.724 INF Request delivered (in order). clSeqNr=1876
03:02:53.724 INF Request delivered (in order). clSeqNr=1877
03:02:53.724 INF Request finished (out of order). clSeqNr=1878
03:02:53.724 INF Request delivered (in order). clSeqNr=1878
03:02:53.724 INF Request delivered (in order). clSeqNr=1879
03:02:53.724 INF Request delivered (in order). clSeqNr=1880
03:02:53.724 INF Request delivered (in order). clSeqNr=1881
03:02:53.724 INF Request delivered (in order). clSeqNr=1882
03:02:53.724 INF Request delivered (in order). clSeqNr=1883
03:02:53.724 INF Request delivered (in order). clSeqNr=1884
03:02:53.724 INF Request delivered (in order). clSeqNr=1885
03:02:53.724 INF Request delivered (in order). clSeqNr=1886
03:02:53.724 INF Request delivered (in order). clSeqNr=1887
03:02:53.724 INF Request delivered (in order). clSeqNr=1888
03:02:53.724 INF Request delivered (in order). clSeqNr=1889
03:02:53.724 INF Request delivered (in order). clSeqNr=1890
03:02:53.724 INF Request delivered (in order). clSeqNr=1891
03:02:53.724 INF Request delivered (in order). clSeqNr=1892
03:02:53.724 INF Request delivered (in order). clSeqNr=1893
03:02:53.724 INF Request finished (out of order). clSeqNr=1894
03:02:53.724 INF Request delivered (in order). clSeqNr=1894
03:02:53.724 INF Request delivered (in order). clSeqNr=1895
03:02:53.724 INF Request delivered (in order). clSeqNr=1896
03:02:53.724 INF Request delivered (in order). clSeqNr=1897
03:02:53.724 INF Request delivered (in order). clSeqNr=1898
03:02:53.724 INF Request delivered (in order). clSeqNr=1899
03:02:53.724 INF Request delivered (in order). clSeqNr=1900
03:02:53.724 INF Request delivered (in order). clSeqNr=1901
03:02:53.724 INF Request delivered (in order). clSeqNr=1902
03:02:53.724 INF Request delivered (in order). clSeqNr=1903
03:02:53.724 INF Request delivered (in order). clSeqNr=1904
03:02:53.724 INF Request delivered (in order). clSeqNr=1905
03:02:53.724 INF Request delivered (in order). clSeqNr=1906
03:02:53.724 INF Request delivered (in order). clSeqNr=1907
03:02:53.724 INF Request delivered (in order). clSeqNr=1908
03:02:53.724 INF Request delivered (in order). clSeqNr=1909
03:02:53.724 INF Request finished (out of order). clSeqNr=1910
03:02:53.724 INF Request delivered (in order). clSeqNr=1910
03:02:53.724 INF Request delivered (in order). clSeqNr=1911
03:02:53.724 INF Request delivered (in order). clSeqNr=1912
03:02:53.724 INF Request delivered (in order). clSeqNr=1913
03:02:53.724 INF Request delivered (in order). clSeqNr=1914
03:02:53.724 INF Request delivered (in order). clSeqNr=1915
03:02:53.724 INF Request delivered (in order). clSeqNr=1916
03:02:53.724 INF Request delivered (in order). clSeqNr=1917
03:02:53.724 INF Request delivered (in order). clSeqNr=1918
03:02:53.724 INF Request delivered (in order). clSeqNr=1919
03:02:53.724 INF Request delivered (in order). clSeqNr=1920
03:02:53.724 INF Request delivered (in order). clSeqNr=1921
03:02:53.725 INF Request delivered (in order). clSeqNr=1922
03:02:53.725 INF Request delivered (in order). clSeqNr=1923
03:02:53.725 INF Request delivered (in order). clSeqNr=1924
03:02:53.725 INF Request delivered (in order). clSeqNr=1925
03:02:53.725 INF Request delivered (in order). clSeqNr=1926
03:02:53.725 INF Request delivered (in order). clSeqNr=1927
03:02:53.725 INF Request delivered (in order). clSeqNr=1928
03:02:53.725 INF Request delivered (in order). clSeqNr=1929
03:02:53.725 INF Request delivered (in order). clSeqNr=1930
03:02:53.725 INF Request delivered (in order). clSeqNr=1931
03:02:53.725 INF Request delivered (in order). clSeqNr=1932
03:02:53.725 INF Request delivered (in order). clSeqNr=1933
03:02:53.725 INF Request delivered (in order). clSeqNr=1934
03:02:53.725 INF Request delivered (in order). clSeqNr=1935
03:02:53.725 INF Request delivered (in order). clSeqNr=1936
03:02:53.725 INF Request delivered (in order). clSeqNr=1937
03:02:53.725 INF Request delivered (in order). clSeqNr=1938
03:02:53.725 INF Request delivered (in order). clSeqNr=1939
03:02:53.725 INF Request delivered (in order). clSeqNr=1940
03:02:53.725 INF Request delivered (in order). clSeqNr=1941
03:02:53.725 INF Request delivered (in order). clSeqNr=1942
03:02:53.725 INF Request delivered (in order). clSeqNr=1943
03:02:53.725 INF Request delivered (in order). clSeqNr=1944
03:02:53.725 INF Request delivered (in order). clSeqNr=1945
03:02:53.725 INF Request delivered (in order). clSeqNr=1946
03:02:53.725 INF Request delivered (in order). clSeqNr=1947
03:02:53.725 INF Request delivered (in order). clSeqNr=1948
03:02:53.725 INF Request delivered (in order). clSeqNr=1949
03:02:53.725 INF Request delivered (in order). clSeqNr=1950
03:02:53.725 INF Request delivered (in order). clSeqNr=1951
03:02:53.725 INF Request delivered (in order). clSeqNr=1952
03:02:53.725 INF Request delivered (in order). clSeqNr=1953
03:02:53.725 INF Request delivered (in order). clSeqNr=1954
03:02:53.725 INF Request delivered (in order). clSeqNr=1955
03:02:53.725 INF Request delivered (in order). clSeqNr=1956
03:02:53.725 INF Request delivered (in order). clSeqNr=1957
03:02:53.725 INF Request delivered (in order). clSeqNr=1958
03:02:53.725 INF Request delivered (in order). clSeqNr=1959
03:02:53.725 INF Request delivered (in order). clSeqNr=1960
03:02:53.725 INF Request delivered (in order). clSeqNr=1961
03:02:53.725 INF Request delivered (in order). clSeqNr=1962
03:02:53.725 INF Request delivered (in order). clSeqNr=1963
03:02:53.725 INF Request delivered (in order). clSeqNr=1964
03:02:53.725 INF Request delivered (in order). clSeqNr=1965
03:02:53.725 INF Request delivered (in order). clSeqNr=1966
03:02:53.725 INF Request delivered (in order). clSeqNr=1967
03:02:53.725 INF Request delivered (in order). clSeqNr=1968
03:02:53.725 INF Request delivered (in order). clSeqNr=1969
03:02:53.725 INF Request delivered (in order). clSeqNr=1970
03:02:53.725 INF Request delivered (in order). clSeqNr=1971
03:02:53.725 INF Request delivered (in order). clSeqNr=1972
03:02:53.725 INF Request delivered (in order). clSeqNr=1973
03:02:58.631 INF Request finished (out of order). clSeqNr=2182
03:02:58.631 INF Request finished (out of order). clSeqNr=2198
03:02:58.632 INF Request finished (out of order). clSeqNr=1974
03:02:58.632 INF Request delivered (in order). clSeqNr=1974
03:02:58.632 INF Request delivered (in order). clSeqNr=1975
03:02:58.632 INF Request delivered (in order). clSeqNr=1976
03:02:58.632 INF Request delivered (in order). clSeqNr=1977
03:02:58.632 INF Request delivered (in order). clSeqNr=1978
03:02:58.632 INF Request delivered (in order). clSeqNr=1979
03:02:58.632 INF Request delivered (in order). clSeqNr=1980
03:02:58.632 INF Request delivered (in order). clSeqNr=1981
03:02:58.632 INF Request delivered (in order). clSeqNr=1982
03:02:58.632 INF Request delivered (in order). clSeqNr=1983
03:02:58.632 INF Request delivered (in order). clSeqNr=1984
03:02:58.632 INF Request delivered (in order). clSeqNr=1985
03:02:58.632 INF Request delivered (in order). clSeqNr=1986
03:02:58.632 INF Request delivered (in order). clSeqNr=1987
03:02:58.632 INF Request delivered (in order). clSeqNr=1988
03:02:58.632 INF Request delivered (in order). clSeqNr=1989
03:02:58.633 INF Request finished (out of order). clSeqNr=1990
03:02:58.633 INF Request delivered (in order). clSeqNr=1990
03:02:58.633 INF Request delivered (in order). clSeqNr=1991
03:02:58.633 INF Request delivered (in order). clSeqNr=1992
03:02:58.633 INF Request delivered (in order). clSeqNr=1993
03:02:58.633 INF Request delivered (in order). clSeqNr=1994
03:02:58.633 INF Request delivered (in order). clSeqNr=1995
03:02:58.633 INF Request delivered (in order). clSeqNr=1996
03:02:58.633 INF Request delivered (in order). clSeqNr=1997
03:02:58.633 INF Request delivered (in order). clSeqNr=1998
03:02:58.633 INF Request delivered (in order). clSeqNr=1999
03:02:58.633 INF Request delivered (in order). clSeqNr=2000
03:02:58.633 INF Request delivered (in order). clSeqNr=2001
03:02:58.633 INF Request delivered (in order). clSeqNr=2002
03:02:58.633 INF Request delivered (in order). clSeqNr=2003
03:02:58.633 INF Request delivered (in order). clSeqNr=2004
03:02:58.633 INF Request delivered (in order). clSeqNr=2005
03:02:58.633 INF Request finished (out of order). clSeqNr=2006
03:02:58.633 INF Request delivered (in order). clSeqNr=2006
03:02:58.633 INF Request delivered (in order). clSeqNr=2007
03:02:58.633 INF Request delivered (in order). clSeqNr=2008
03:02:58.633 INF Request delivered (in order). clSeqNr=2009
03:02:58.633 INF Request delivered (in order). clSeqNr=2010
03:02:58.633 INF Request delivered (in order). clSeqNr=2011
03:02:58.633 INF Request delivered (in order). clSeqNr=2012
03:02:58.633 INF Request delivered (in order). clSeqNr=2013
03:02:58.633 INF Request delivered (in order). clSeqNr=2014
03:02:58.633 INF Request delivered (in order). clSeqNr=2015
03:02:58.633 INF Request delivered (in order). clSeqNr=2016
03:02:58.633 INF Request delivered (in order). clSeqNr=2017
03:02:58.634 INF Request delivered (in order). clSeqNr=2018
03:02:58.634 INF Request delivered (in order). clSeqNr=2019
03:02:58.634 INF Request delivered (in order). clSeqNr=2020
03:02:58.634 INF Request delivered (in order). clSeqNr=2021
03:02:58.634 INF Request finished (out of order). clSeqNr=2022
03:02:58.634 INF Request delivered (in order). clSeqNr=2022
03:02:58.634 INF Request delivered (in order). clSeqNr=2023
03:02:58.634 INF Request delivered (in order). clSeqNr=2024
03:02:58.634 INF Request delivered (in order). clSeqNr=2025
03:02:58.634 INF Request delivered (in order). clSeqNr=2026
03:02:58.634 INF Request delivered (in order). clSeqNr=2027
03:02:58.634 INF Request delivered (in order). clSeqNr=2028
03:02:58.634 INF Request delivered (in order). clSeqNr=2029
03:02:58.634 INF Request delivered (in order). clSeqNr=2030
03:02:58.634 INF Request delivered (in order). clSeqNr=2031
03:02:58.634 INF Request delivered (in order). clSeqNr=2032
03:02:58.634 INF Request delivered (in order). clSeqNr=2033
03:02:58.634 INF Request delivered (in order). clSeqNr=2034
03:02:58.634 INF Request delivered (in order). clSeqNr=2035
03:02:58.634 INF Request delivered (in order). clSeqNr=2036
03:02:58.634 INF Request delivered (in order). clSeqNr=2037
03:02:58.635 INF Request finished (out of order). clSeqNr=2038
03:02:58.635 INF Request delivered (in order). clSeqNr=2038
03:02:58.635 INF Request delivered (in order). clSeqNr=2039
03:02:58.635 INF Request delivered (in order). clSeqNr=2040
03:02:58.635 INF Request delivered (in order). clSeqNr=2041
03:02:58.635 INF Request delivered (in order). clSeqNr=2042
03:02:58.635 INF Request delivered (in order). clSeqNr=2043
03:02:58.635 INF Request delivered (in order). clSeqNr=2044
03:02:58.635 INF Request delivered (in order). clSeqNr=2045
03:02:58.635 INF Request delivered (in order). clSeqNr=2046
03:02:58.635 INF Request delivered (in order). clSeqNr=2047
03:02:58.635 INF Request delivered (in order). clSeqNr=2048
03:02:58.635 INF Request delivered (in order). clSeqNr=2049
03:02:58.635 INF Request delivered (in order). clSeqNr=2050
03:02:58.635 INF Request delivered (in order). clSeqNr=2051
03:02:58.635 INF Request delivered (in order). clSeqNr=2052
03:02:58.635 INF Request delivered (in order). clSeqNr=2053
03:02:58.635 INF Request finished (out of order). clSeqNr=2054
03:02:58.635 INF Request delivered (in order). clSeqNr=2054
03:02:58.635 INF Request delivered (in order). clSeqNr=2055
03:02:58.635 INF Request delivered (in order). clSeqNr=2056
03:02:58.635 INF Request delivered (in order). clSeqNr=2057
03:02:58.635 INF Request delivered (in order). clSeqNr=2058
03:02:58.635 INF Request delivered (in order). clSeqNr=2059
03:02:58.635 INF Request delivered (in order). clSeqNr=2060
03:02:58.635 INF Request delivered (in order). clSeqNr=2061
03:02:58.635 INF Request delivered (in order). clSeqNr=2062
03:02:58.635 INF Request delivered (in order). clSeqNr=2063
03:02:58.635 INF Request delivered (in order). clSeqNr=2064
03:02:58.636 INF Request delivered (in order). clSeqNr=2065
03:02:58.636 INF Request delivered (in order). clSeqNr=2066
03:02:58.636 INF Request delivered (in order). clSeqNr=2067
03:02:58.636 INF Request delivered (in order). clSeqNr=2068
03:02:58.636 INF Request delivered (in order). clSeqNr=2069
03:02:58.636 INF Request finished (out of order). clSeqNr=2070
03:02:58.636 INF Request delivered (in order). clSeqNr=2070
03:02:58.636 INF Request delivered (in order). clSeqNr=2071
03:02:58.636 INF Request delivered (in order). clSeqNr=2072
03:02:58.636 INF Request delivered (in order). clSeqNr=2073
03:02:58.636 INF Request delivered (in order). clSeqNr=2074
03:02:58.636 INF Request delivered (in order). clSeqNr=2075
03:02:58.636 INF Request delivered (in order). clSeqNr=2076
03:02:58.636 INF Request delivered (in order). clSeqNr=2077
03:02:58.636 INF Request delivered (in order). clSeqNr=2078
03:02:58.636 INF Request delivered (in order). clSeqNr=2079
03:02:58.636 INF Request delivered (in order). clSeqNr=2080
03:02:58.636 INF Request delivered (in order). clSeqNr=2081
03:02:58.636 INF Request delivered (in order). clSeqNr=2082
03:02:58.636 INF Request delivered (in order). clSeqNr=2083
03:02:58.636 INF Request delivered (in order). clSeqNr=2084
03:02:58.636 INF Request delivered (in order). clSeqNr=2085
03:02:58.636 INF Request finished (out of order). clSeqNr=2086
03:02:58.637 INF Request delivered (in order). clSeqNr=2086
03:02:58.637 INF Request delivered (in order). clSeqNr=2087
03:02:58.637 INF Request delivered (in order). clSeqNr=2088
03:02:58.637 INF Request delivered (in order). clSeqNr=2089
03:02:58.637 INF Request delivered (in order). clSeqNr=2090
03:02:58.637 INF Request delivered (in order). clSeqNr=2091
03:02:58.637 INF Request delivered (in order). clSeqNr=2092
03:02:58.637 INF Request delivered (in order). clSeqNr=2093
03:02:58.637 INF Request delivered (in order). clSeqNr=2094
03:02:58.637 INF Request delivered (in order). clSeqNr=2095
03:02:58.637 INF Request delivered (in order). clSeqNr=2096
03:02:58.637 INF Request delivered (in order). clSeqNr=2097
03:02:58.637 INF Request delivered (in order). clSeqNr=2098
03:02:58.637 INF Request delivered (in order). clSeqNr=2099
03:02:58.637 INF Request delivered (in order). clSeqNr=2100
03:02:58.637 INF Request delivered (in order). clSeqNr=2101
03:02:58.723 INF Request finished (out of order). clSeqNr=2102
03:02:58.723 INF Request delivered (in order). clSeqNr=2102
03:02:58.723 INF Request delivered (in order). clSeqNr=2103
03:02:58.723 INF Request delivered (in order). clSeqNr=2104
03:02:58.723 INF Request delivered (in order). clSeqNr=2105
03:02:58.723 INF Request delivered (in order). clSeqNr=2106
03:02:58.723 INF Request delivered (in order). clSeqNr=2107
03:02:58.723 INF Request delivered (in order). clSeqNr=2108
03:02:58.723 INF Request delivered (in order). clSeqNr=2109
03:02:58.723 INF Request delivered (in order). clSeqNr=2110
03:02:58.723 INF Request delivered (in order). clSeqNr=2111
03:02:58.723 INF Request delivered (in order). clSeqNr=2112
03:02:58.723 INF Request delivered (in order). clSeqNr=2113
03:02:58.723 INF Request delivered (in order). clSeqNr=2114
03:02:58.723 INF Request delivered (in order). clSeqNr=2115
03:02:58.723 INF Request delivered (in order). clSeqNr=2116
03:02:58.723 INF Request delivered (in order). clSeqNr=2117
03:02:58.723 INF Request finished (out of order). clSeqNr=2118
03:02:58.723 INF Request delivered (in order). clSeqNr=2118
03:02:58.723 INF Request delivered (in order). clSeqNr=2119
03:02:58.723 INF Request delivered (in order). clSeqNr=2120
03:02:58.723 INF Request delivered (in order). clSeqNr=2121
03:02:58.723 INF Request delivered (in order). clSeqNr=2122
03:02:58.723 INF Request delivered (in order). clSeqNr=2123
03:02:58.723 INF Request delivered (in order). clSeqNr=2124
03:02:58.723 INF Request delivered (in order). clSeqNr=2125
03:02:58.723 INF Request delivered (in order). clSeqNr=2126
03:02:58.723 INF Request delivered (in order). clSeqNr=2127
03:02:58.723 INF Request delivered (in order). clSeqNr=2128
03:02:58.723 INF Request delivered (in order). clSeqNr=2129
03:02:58.723 INF Request delivered (in order). clSeqNr=2130
03:02:58.723 INF Request delivered (in order). clSeqNr=2131
03:02:58.723 INF Request delivered (in order). clSeqNr=2132
03:02:58.723 INF Request delivered (in order). clSeqNr=2133
03:02:58.724 INF Request finished (out of order). clSeqNr=2134
03:02:58.724 INF Request delivered (in order). clSeqNr=2134
03:02:58.724 INF Request delivered (in order). clSeqNr=2135
03:02:58.724 INF Request delivered (in order). clSeqNr=2136
03:02:58.724 INF Request delivered (in order). clSeqNr=2137
03:02:58.724 INF Request delivered (in order). clSeqNr=2138
03:02:58.724 INF Request delivered (in order). clSeqNr=2139
03:02:58.724 INF Request delivered (in order). clSeqNr=2140
03:02:58.724 INF Request delivered (in order). clSeqNr=2141
03:02:58.724 INF Request delivered (in order). clSeqNr=2142
03:02:58.724 INF Request delivered (in order). clSeqNr=2143
03:02:58.724 INF Request delivered (in order). clSeqNr=2144
03:02:58.724 INF Request delivered (in order). clSeqNr=2145
03:02:58.724 INF Request delivered (in order). clSeqNr=2146
03:02:58.724 INF Request delivered (in order). clSeqNr=2147
03:02:58.724 INF Request delivered (in order). clSeqNr=2148
03:02:58.724 INF Request delivered (in order). clSeqNr=2149
03:02:58.724 INF Request finished (out of order). clSeqNr=2150
03:02:58.724 INF Request delivered (in order). clSeqNr=2150
03:02:58.724 INF Request delivered (in order). clSeqNr=2151
03:02:58.724 INF Request delivered (in order). clSeqNr=2152
03:02:58.724 INF Request delivered (in order). clSeqNr=2153
03:02:58.724 INF Request delivered (in order). clSeqNr=2154
03:02:58.724 INF Request delivered (in order). clSeqNr=2155
03:02:58.724 INF Request delivered (in order). clSeqNr=2156
03:02:58.724 INF Request delivered (in order). clSeqNr=2157
03:02:58.724 INF Request delivered (in order). clSeqNr=2158
03:02:58.724 INF Request delivered (in order). clSeqNr=2159
03:02:58.724 INF Request delivered (in order). clSeqNr=2160
03:02:58.724 INF Request delivered (in order). clSeqNr=2161
03:02:58.724 INF Request delivered (in order). clSeqNr=2162
03:02:58.724 INF Request delivered (in order). clSeqNr=2163
03:02:58.724 INF Request delivered (in order). clSeqNr=2164
03:02:58.724 INF Request delivered (in order). clSeqNr=2165
03:02:58.724 INF Request finished (out of order). clSeqNr=2166
03:02:58.724 INF Request delivered (in order). clSeqNr=2166
03:02:58.724 INF Request delivered (in order). clSeqNr=2167
03:02:58.724 INF Request delivered (in order). clSeqNr=2168
03:02:58.724 INF Request delivered (in order). clSeqNr=2169
03:02:58.724 INF Request delivered (in order). clSeqNr=2170
03:02:58.724 INF Request delivered (in order). clSeqNr=2171
03:02:58.724 INF Request delivered (in order). clSeqNr=2172
03:02:58.724 INF Request delivered (in order). clSeqNr=2173
03:02:58.724 INF Request delivered (in order). clSeqNr=2174
03:02:58.724 INF Request delivered (in order). clSeqNr=2175
03:02:58.724 INF Request delivered (in order). clSeqNr=2176
03:02:58.724 INF Request delivered (in order). clSeqNr=2177
03:02:58.724 INF Request delivered (in order). clSeqNr=2178
03:02:58.724 INF Request delivered (in order). clSeqNr=2179
03:02:58.724 INF Request delivered (in order). clSeqNr=2180
03:02:58.724 INF Request delivered (in order). clSeqNr=2181
03:02:58.724 INF Request delivered (in order). clSeqNr=2182
03:02:58.724 INF Request delivered (in order). clSeqNr=2183
03:02:58.724 INF Request delivered (in order). clSeqNr=2184
03:02:58.724 INF Request delivered (in order). clSeqNr=2185
03:02:58.724 INF Request delivered (in order). clSeqNr=2186
03:02:58.724 INF Request delivered (in order). clSeqNr=2187
03:02:58.724 INF Request delivered (in order). clSeqNr=2188
03:02:58.725 INF Request delivered (in order). clSeqNr=2189
03:02:58.725 INF Request delivered (in order). clSeqNr=2190
03:02:58.725 INF Request delivered (in order). clSeqNr=2191
03:02:58.725 INF Request delivered (in order). clSeqNr=2192
03:02:58.725 INF Request delivered (in order). clSeqNr=2193
03:02:58.725 INF Request delivered (in order). clSeqNr=2194
03:02:58.725 INF Request delivered (in order). clSeqNr=2195
03:02:58.725 INF Request delivered (in order). clSeqNr=2196
03:02:58.725 INF Request delivered (in order). clSeqNr=2197
03:02:58.725 INF Request delivered (in order). clSeqNr=2198
03:02:58.725 INF Request delivered (in order). clSeqNr=2199
03:02:58.725 INF Request delivered (in order). clSeqNr=2200
03:02:58.725 INF Request delivered (in order). clSeqNr=2201
03:02:58.725 INF Request delivered (in order). clSeqNr=2202
03:02:58.725 INF Request delivered (in order). clSeqNr=2203
03:02:58.725 INF Request delivered (in order). clSeqNr=2204
03:02:58.725 INF Request delivered (in order). clSeqNr=2205
03:02:58.725 INF Request delivered (in order). clSeqNr=2206
03:02:58.725 INF Request delivered (in order). clSeqNr=2207
03:02:58.725 INF Request delivered (in order). clSeqNr=2208
03:02:58.725 INF Request delivered (in order). clSeqNr=2209
03:02:58.725 INF Request delivered (in order). clSeqNr=2210
03:02:58.725 INF Request delivered (in order). clSeqNr=2211
03:02:58.725 INF Request delivered (in order). clSeqNr=2212
03:02:58.725 INF Request delivered (in order). clSeqNr=2213
03:02:58.725 INF Request finished (out of order). clSeqNr=2438
03:02:58.725 INF Request finished (out of order). clSeqNr=2454
03:02:58.725 INF Request finished (out of order). clSeqNr=2214
03:02:58.725 INF Request delivered (in order). clSeqNr=2214
03:02:58.725 INF Request delivered (in order). clSeqNr=2215
03:02:58.725 INF Request delivered (in order). clSeqNr=2216
03:02:58.725 INF Request delivered (in order). clSeqNr=2217
03:02:58.725 INF Request delivered (in order). clSeqNr=2218
03:02:58.725 INF Request delivered (in order). clSeqNr=2219
03:02:58.725 INF Request delivered (in order). clSeqNr=2220
03:02:58.725 INF Request delivered (in order). clSeqNr=2221
03:02:58.725 INF Request delivered (in order). clSeqNr=2222
03:02:58.725 INF Request delivered (in order). clSeqNr=2223
03:02:58.725 INF Request delivered (in order). clSeqNr=2224
03:02:58.725 INF Request delivered (in order). clSeqNr=2225
03:02:58.725 INF Request delivered (in order). clSeqNr=2226
03:02:58.725 INF Request delivered (in order). clSeqNr=2227
03:02:58.725 INF Request delivered (in order). clSeqNr=2228
03:02:58.725 INF Request delivered (in order). clSeqNr=2229
03:02:58.725 INF Request finished (out of order). clSeqNr=2470
03:02:58.725 INF Request finished (out of order). clSeqNr=2230
03:02:58.725 INF Request delivered (in order). clSeqNr=2230
03:02:58.725 INF Request delivered (in order). clSeqNr=2231
03:02:58.725 INF Request delivered (in order). clSeqNr=2232
03:02:58.725 INF Request delivered (in order). clSeqNr=2233
03:02:58.725 INF Request delivered (in order). clSeqNr=2234
03:02:58.725 INF Request delivered (in order). clSeqNr=2235
03:02:58.725 INF Request delivered (in order). clSeqNr=2236
03:02:58.725 INF Request delivered (in order). clSeqNr=2237
03:02:58.725 INF Request delivered (in order). clSeqNr=2238
03:02:58.725 INF Request delivered (in order). clSeqNr=2239
03:02:58.725 INF Request delivered (in order). clSeqNr=2240
03:02:58.725 INF Request delivered (in order). clSeqNr=2241
03:02:58.726 INF Request delivered (in order). clSeqNr=2242
03:02:58.726 INF Request delivered (in order). clSeqNr=2243
03:02:58.726 INF Request delivered (in order). clSeqNr=2244
03:02:58.726 INF Request delivered (in order). clSeqNr=2245
03:02:58.726 INF Request finished (out of order). clSeqNr=2486
03:02:58.726 INF Request finished (out of order). clSeqNr=2246
03:02:58.726 INF Request delivered (in order). clSeqNr=2246
03:02:58.726 INF Request delivered (in order). clSeqNr=2247
03:02:58.726 INF Request delivered (in order). clSeqNr=2248
03:02:58.726 INF Request delivered (in order). clSeqNr=2249
03:02:58.726 INF Request delivered (in order). clSeqNr=2250
03:02:58.726 INF Request delivered (in order). clSeqNr=2251
03:02:58.726 INF Request delivered (in order). clSeqNr=2252
03:02:58.726 INF Request delivered (in order). clSeqNr=2253
03:02:58.726 INF Request delivered (in order). clSeqNr=2254
03:02:58.726 INF Request delivered (in order). clSeqNr=2255
03:02:58.726 INF Request delivered (in order). clSeqNr=2256
03:02:58.726 INF Request delivered (in order). clSeqNr=2257
03:02:58.726 INF Request delivered (in order). clSeqNr=2258
03:02:58.726 INF Request delivered (in order). clSeqNr=2259
03:02:58.726 INF Request delivered (in order). clSeqNr=2260
03:02:58.726 INF Request delivered (in order). clSeqNr=2261
03:02:58.726 INF Request finished (out of order). clSeqNr=2262
03:02:58.726 INF Request delivered (in order). clSeqNr=2262
03:02:58.726 INF Request delivered (in order). clSeqNr=2263
03:02:58.726 INF Request delivered (in order). clSeqNr=2264
03:02:58.726 INF Request delivered (in order). clSeqNr=2265
03:02:58.726 INF Request delivered (in order). clSeqNr=2266
03:02:58.726 INF Request delivered (in order). clSeqNr=2267
03:02:58.726 INF Request delivered (in order). clSeqNr=2268
03:02:58.726 INF Request delivered (in order). clSeqNr=2269
03:02:58.726 INF Request delivered (in order). clSeqNr=2270
03:02:58.726 INF Request delivered (in order). clSeqNr=2271
03:02:58.726 INF Request delivered (in order). clSeqNr=2272
03:02:58.726 INF Request delivered (in order). clSeqNr=2273
03:02:58.726 INF Request delivered (in order). clSeqNr=2274
03:02:58.726 INF Request delivered (in order). clSeqNr=2275
03:02:58.726 INF Request delivered (in order). clSeqNr=2276
03:02:58.726 INF Request delivered (in order). clSeqNr=2277
03:02:58.726 INF Request finished (out of order). clSeqNr=2278
03:02:58.726 INF Request delivered (in order). clSeqNr=2278
03:02:58.726 INF Request delivered (in order). clSeqNr=2279
03:02:58.726 INF Request delivered (in order). clSeqNr=2280
03:02:58.726 INF Request delivered (in order). clSeqNr=2281
03:02:58.726 INF Request delivered (in order). clSeqNr=2282
03:02:58.726 INF Request delivered (in order). clSeqNr=2283
03:02:58.726 INF Request delivered (in order). clSeqNr=2284
03:02:58.726 INF Request delivered (in order). clSeqNr=2285
03:02:58.726 INF Request delivered (in order). clSeqNr=2286
03:02:58.726 INF Request delivered (in order). clSeqNr=2287
03:02:58.726 INF Request delivered (in order). clSeqNr=2288
03:02:58.726 INF Request delivered (in order). clSeqNr=2289
03:02:58.726 INF Request delivered (in order). clSeqNr=2290
03:02:58.726 INF Request delivered (in order). clSeqNr=2291
03:02:58.726 INF Request delivered (in order). clSeqNr=2292
03:02:58.726 INF Request delivered (in order). clSeqNr=2293
03:02:58.726 INF Request finished (out of order). clSeqNr=2294
03:02:58.726 INF Request delivered (in order). clSeqNr=2294
03:02:58.726 INF Request delivered (in order). clSeqNr=2295
03:02:58.726 INF Request delivered (in order). clSeqNr=2296
03:02:58.726 INF Request delivered (in order). clSeqNr=2297
03:02:58.726 INF Request delivered (in order). clSeqNr=2298
03:02:58.727 INF Request delivered (in order). clSeqNr=2299
03:02:58.727 INF Request delivered (in order). clSeqNr=2300
03:02:58.727 INF Request delivered (in order). clSeqNr=2301
03:02:58.727 INF Request delivered (in order). clSeqNr=2302
03:02:58.727 INF Request delivered (in order). clSeqNr=2303
03:02:58.727 INF Request delivered (in order). clSeqNr=2304
03:02:58.727 INF Request delivered (in order). clSeqNr=2305
03:02:58.727 INF Request delivered (in order). clSeqNr=2306
03:02:58.727 INF Request delivered (in order). clSeqNr=2307
03:02:58.727 INF Request delivered (in order). clSeqNr=2308
03:02:58.727 INF Request delivered (in order). clSeqNr=2309
03:02:58.727 INF Request finished (out of order). clSeqNr=2310
03:02:58.727 INF Request delivered (in order). clSeqNr=2310
03:02:58.727 INF Request delivered (in order). clSeqNr=2311
03:02:58.727 INF Request delivered (in order). clSeqNr=2312
03:02:58.727 INF Request delivered (in order). clSeqNr=2313
03:02:58.727 INF Request delivered (in order). clSeqNr=2314
03:02:58.727 INF Request delivered (in order). clSeqNr=2315
03:02:58.727 INF Request delivered (in order). clSeqNr=2316
03:02:58.727 INF Request delivered (in order). clSeqNr=2317
03:02:58.727 INF Request delivered (in order). clSeqNr=2318
03:02:58.727 INF Request delivered (in order). clSeqNr=2319
03:02:58.727 INF Request delivered (in order). clSeqNr=2320
03:02:58.727 INF Request delivered (in order). clSeqNr=2321
03:02:58.727 INF Request delivered (in order). clSeqNr=2322
03:02:58.727 INF Request delivered (in order). clSeqNr=2323
03:02:58.727 INF Request delivered (in order). clSeqNr=2324
03:02:58.727 INF Request delivered (in order). clSeqNr=2325
03:02:58.727 INF Request finished (out of order). clSeqNr=2326
03:02:58.727 INF Request delivered (in order). clSeqNr=2326
03:02:58.727 INF Request delivered (in order). clSeqNr=2327
03:02:58.727 INF Request delivered (in order). clSeqNr=2328
03:02:58.727 INF Request delivered (in order). clSeqNr=2329
03:02:58.727 INF Request delivered (in order). clSeqNr=2330
03:02:58.727 INF Request delivered (in order). clSeqNr=2331
03:02:58.727 INF Request delivered (in order). clSeqNr=2332
03:02:58.727 INF Request delivered (in order). clSeqNr=2333
03:02:58.727 INF Request delivered (in order). clSeqNr=2334
03:02:58.727 INF Request delivered (in order). clSeqNr=2335
03:02:58.727 INF Request delivered (in order). clSeqNr=2336
03:02:58.727 INF Request delivered (in order). clSeqNr=2337
03:02:58.727 INF Request delivered (in order). clSeqNr=2338
03:02:58.727 INF Request delivered (in order). clSeqNr=2339
03:02:58.727 INF Request delivered (in order). clSeqNr=2340
03:02:58.727 INF Request delivered (in order). clSeqNr=2341
03:02:58.727 INF Request finished (out of order). clSeqNr=2342
03:02:58.727 INF Request delivered (in order). clSeqNr=2342
03:02:58.727 INF Request delivered (in order). clSeqNr=2343
03:02:58.727 INF Request delivered (in order). clSeqNr=2344
03:02:58.727 INF Request delivered (in order). clSeqNr=2345
03:02:58.727 INF Request delivered (in order). clSeqNr=2346
03:02:58.727 INF Request delivered (in order). clSeqNr=2347
03:02:58.727 INF Request delivered (in order). clSeqNr=2348
03:02:58.727 INF Request delivered (in order). clSeqNr=2349
03:02:58.727 INF Request delivered (in order). clSeqNr=2350
03:02:58.727 INF Request delivered (in order). clSeqNr=2351
03:02:58.727 INF Request delivered (in order). clSeqNr=2352
03:02:58.727 INF Request delivered (in order). clSeqNr=2353
03:02:58.727 INF Request delivered (in order). clSeqNr=2354
03:02:58.727 INF Request delivered (in order). clSeqNr=2355
03:02:58.727 INF Request delivered (in order). clSeqNr=2356
03:02:58.727 INF Request delivered (in order). clSeqNr=2357
03:02:58.727 INF Request finished (out of order). clSeqNr=2358
03:02:58.728 INF Request delivered (in order). clSeqNr=2358
03:02:58.728 INF Request delivered (in order). clSeqNr=2359
03:02:58.728 INF Request delivered (in order). clSeqNr=2360
03:02:58.728 INF Request delivered (in order). clSeqNr=2361
03:02:58.728 INF Request delivered (in order). clSeqNr=2362
03:02:58.728 INF Request delivered (in order). clSeqNr=2363
03:02:58.728 INF Request delivered (in order). clSeqNr=2364
03:02:58.728 INF Request delivered (in order). clSeqNr=2365
03:02:58.728 INF Request delivered (in order). clSeqNr=2366
03:02:58.728 INF Request delivered (in order). clSeqNr=2367
03:02:58.728 INF Request delivered (in order). clSeqNr=2368
03:02:58.728 INF Request delivered (in order). clSeqNr=2369
03:02:58.728 INF Request delivered (in order). clSeqNr=2370
03:02:58.728 INF Request delivered (in order). clSeqNr=2371
03:02:58.728 INF Request delivered (in order). clSeqNr=2372
03:02:58.728 INF Request delivered (in order). clSeqNr=2373
03:02:58.728 INF Request finished (out of order). clSeqNr=2374
03:02:58.728 INF Request delivered (in order). clSeqNr=2374
03:02:58.728 INF Request delivered (in order). clSeqNr=2375
03:02:58.728 INF Request delivered (in order). clSeqNr=2376
03:02:58.728 INF Request delivered (in order). clSeqNr=2377
03:02:58.728 INF Request delivered (in order). clSeqNr=2378
03:02:58.728 INF Request delivered (in order). clSeqNr=2379
03:02:58.728 INF Request delivered (in order). clSeqNr=2380
03:02:58.728 INF Request delivered (in order). clSeqNr=2381
03:02:58.728 INF Request delivered (in order). clSeqNr=2382
03:02:58.728 INF Request delivered (in order). clSeqNr=2383
03:02:58.728 INF Request delivered (in order). clSeqNr=2384
03:02:58.728 INF Request delivered (in order). clSeqNr=2385
03:02:58.728 INF Request delivered (in order). clSeqNr=2386
03:02:58.728 INF Request delivered (in order). clSeqNr=2387
03:02:58.728 INF Request delivered (in order). clSeqNr=2388
03:02:58.728 INF Request delivered (in order). clSeqNr=2389
03:02:58.728 INF Request finished (out of order). clSeqNr=2390
03:02:58.728 INF Request delivered (in order). clSeqNr=2390
03:02:58.728 INF Request delivered (in order). clSeqNr=2391
03:02:58.728 INF Request delivered (in order). clSeqNr=2392
03:02:58.728 INF Request delivered (in order). clSeqNr=2393
03:02:58.728 INF Request delivered (in order). clSeqNr=2394
03:02:58.728 INF Request delivered (in order). clSeqNr=2395
03:02:58.728 INF Request delivered (in order). clSeqNr=2396
03:02:58.728 INF Request delivered (in order). clSeqNr=2397
03:02:58.728 INF Request delivered (in order). clSeqNr=2398
03:02:58.728 INF Request delivered (in order). clSeqNr=2399
03:02:58.728 INF Request delivered (in order). clSeqNr=2400
03:02:58.728 INF Request delivered (in order). clSeqNr=2401
03:02:58.728 INF Request delivered (in order). clSeqNr=2402
03:02:58.728 INF Request delivered (in order). clSeqNr=2403
03:02:58.728 INF Request delivered (in order). clSeqNr=2404
03:02:58.728 INF Request delivered (in order). clSeqNr=2405
03:02:58.728 INF Request finished (out of order). clSeqNr=2406
03:02:58.728 INF Request delivered (in order). clSeqNr=2406
03:02:58.728 INF Request delivered (in order). clSeqNr=2407
03:02:58.728 INF Request delivered (in order). clSeqNr=2408
03:02:58.728 INF Request delivered (in order). clSeqNr=2409
03:02:58.728 INF Request delivered (in order). clSeqNr=2410
03:02:58.728 INF Request delivered (in order). clSeqNr=2411
03:02:58.728 INF Request delivered (in order). clSeqNr=2412
03:02:58.728 INF Request delivered (in order). clSeqNr=2413
03:02:58.728 INF Request delivered (in order). clSeqNr=2414
03:02:58.728 INF Request delivered (in order). clSeqNr=2415
03:02:58.728 INF Request delivered (in order). clSeqNr=2416
03:02:58.728 INF Request delivered (in order). clSeqNr=2417
03:02:58.729 INF Request delivered (in order). clSeqNr=2418
03:02:58.729 INF Request delivered (in order). clSeqNr=2419
03:02:58.729 INF Request delivered (in order). clSeqNr=2420
03:02:58.729 INF Request delivered (in order). clSeqNr=2421
03:02:58.729 INF Request finished (out of order). clSeqNr=2422
03:02:58.729 INF Request delivered (in order). clSeqNr=2422
03:02:58.729 INF Request delivered (in order). clSeqNr=2423
03:02:58.729 INF Request delivered (in order). clSeqNr=2424
03:02:58.729 INF Request delivered (in order). clSeqNr=2425
03:02:58.729 INF Request delivered (in order). clSeqNr=2426
03:02:58.729 INF Request delivered (in order). clSeqNr=2427
03:02:58.729 INF Request delivered (in order). clSeqNr=2428
03:02:58.729 INF Request delivered (in order). clSeqNr=2429
03:02:58.729 INF Request delivered (in order). clSeqNr=2430
03:02:58.729 INF Request delivered (in order). clSeqNr=2431
03:02:58.729 INF Request delivered (in order). clSeqNr=2432
03:02:58.729 INF Request delivered (in order). clSeqNr=2433
03:02:58.729 INF Request delivered (in order). clSeqNr=2434
03:02:58.729 INF Request delivered (in order). clSeqNr=2435
03:02:58.729 INF Request delivered (in order). clSeqNr=2436
03:02:58.729 INF Request delivered (in order). clSeqNr=2437
03:02:58.729 INF Request delivered (in order). clSeqNr=2438
03:02:58.729 INF Request delivered (in order). clSeqNr=2439
03:02:58.729 INF Request delivered (in order). clSeqNr=2440
03:02:58.729 INF Request delivered (in order). clSeqNr=2441
03:02:58.729 INF Request delivered (in order). clSeqNr=2442
03:02:58.729 INF Request delivered (in order). clSeqNr=2443
03:02:58.729 INF Request delivered (in order). clSeqNr=2444
03:02:58.729 INF Request delivered (in order). clSeqNr=2445
03:02:58.729 INF Request delivered (in order). clSeqNr=2446
03:02:58.729 INF Request delivered (in order). clSeqNr=2447
03:02:58.729 INF Request delivered (in order). clSeqNr=2448
03:02:58.729 INF Request delivered (in order). clSeqNr=2449
03:02:58.729 INF Request delivered (in order). clSeqNr=2450
03:02:58.729 INF Request delivered (in order). clSeqNr=2451
03:02:58.729 INF Request delivered (in order). clSeqNr=2452
03:02:58.729 INF Request delivered (in order). clSeqNr=2453
03:02:58.729 INF Request delivered (in order). clSeqNr=2454
03:02:58.729 INF Request delivered (in order). clSeqNr=2455
03:02:58.729 INF Request delivered (in order). clSeqNr=2456
03:02:58.729 INF Request delivered (in order). clSeqNr=2457
03:02:58.729 INF Request delivered (in order). clSeqNr=2458
03:02:58.729 INF Request delivered (in order). clSeqNr=2459
03:02:58.729 INF Request delivered (in order). clSeqNr=2460
03:02:58.729 INF Request delivered (in order). clSeqNr=2461
03:02:58.729 INF Request delivered (in order). clSeqNr=2462
03:02:58.729 INF Request delivered (in order). clSeqNr=2463
03:02:58.729 INF Request delivered (in order). clSeqNr=2464
03:02:58.729 INF Request delivered (in order). clSeqNr=2465
03:02:58.729 INF Request delivered (in order). clSeqNr=2466
03:02:58.729 INF Request delivered (in order). clSeqNr=2467
03:02:58.729 INF Request delivered (in order). clSeqNr=2468
03:02:58.729 INF Request delivered (in order). clSeqNr=2469
03:02:58.729 INF Request delivered (in order). clSeqNr=2470
03:02:58.729 INF Request delivered (in order). clSeqNr=2471
03:02:58.729 INF Request delivered (in order). clSeqNr=2472
03:02:58.729 INF Request delivered (in order). clSeqNr=2473
03:02:58.729 INF Request delivered (in order). clSeqNr=2474
03:02:58.729 INF Request delivered (in order). clSeqNr=2475
03:02:58.730 INF Request delivered (in order). clSeqNr=2476
03:02:58.730 INF Request delivered (in order). clSeqNr=2477
03:02:58.730 INF Request delivered (in order). clSeqNr=2478
03:02:58.730 INF Request delivered (in order). clSeqNr=2479
03:02:58.730 INF Request delivered (in order). clSeqNr=2480
03:02:58.730 INF Request delivered (in order). clSeqNr=2481
03:02:58.730 INF Request delivered (in order). clSeqNr=2482
03:02:58.730 INF Request delivered (in order). clSeqNr=2483
03:02:58.730 INF Request delivered (in order). clSeqNr=2484
03:02:58.730 INF Request delivered (in order). clSeqNr=2485
03:02:58.730 INF Request delivered (in order). clSeqNr=2486
03:02:58.730 INF Request delivered (in order). clSeqNr=2487
03:02:58.730 INF Request delivered (in order). clSeqNr=2488
03:02:58.730 INF Request delivered (in order). clSeqNr=2489
03:02:58.730 INF Request delivered (in order). clSeqNr=2490
03:02:58.730 INF Request delivered (in order). clSeqNr=2491
03:02:58.730 INF Request delivered (in order). clSeqNr=2492
03:02:58.730 INF Request delivered (in order). clSeqNr=2493
03:02:58.730 INF Request delivered (in order). clSeqNr=2494
03:02:58.730 INF Request delivered (in order). clSeqNr=2495
03:02:58.730 INF Request delivered (in order). clSeqNr=2496
03:02:58.730 INF Request delivered (in order). clSeqNr=2497
03:02:58.730 INF Request delivered (in order). clSeqNr=2498
03:02:58.730 INF Request delivered (in order). clSeqNr=2499
03:02:58.730 INF Request delivered (in order). clSeqNr=2500
03:02:58.730 INF Request delivered (in order). clSeqNr=2501
03:02:58.730 INF Request finished (out of order). clSeqNr=2694
03:02:58.730 INF Request finished (out of order). clSeqNr=2710
03:02:58.730 INF Request finished (out of order). clSeqNr=2726
03:02:58.730 INF Request finished (out of order). clSeqNr=2742
03:02:58.730 INF Request finished (out of order). clSeqNr=2502
03:02:58.730 INF Request delivered (in order). clSeqNr=2502
03:02:58.730 INF Request delivered (in order). clSeqNr=2503
03:02:58.730 INF Request delivered (in order). clSeqNr=2504
03:02:58.730 INF Request delivered (in order). clSeqNr=2505
03:02:58.730 INF Request delivered (in order). clSeqNr=2506
03:02:58.730 INF Request delivered (in order). clSeqNr=2507
03:02:58.730 INF Request delivered (in order). clSeqNr=2508
03:02:58.730 INF Request delivered (in order). clSeqNr=2509
03:02:58.730 INF Request delivered (in order). clSeqNr=2510
03:02:58.730 INF Request delivered (in order). clSeqNr=2511
03:02:58.730 INF Request delivered (in order). clSeqNr=2512
03:02:58.730 INF Request delivered (in order). clSeqNr=2513
03:02:58.730 INF Request delivered (in order). clSeqNr=2514
03:02:58.730 INF Request delivered (in order). clSeqNr=2515
03:02:58.730 INF Request delivered (in order). clSeqNr=2516
03:02:58.730 INF Request delivered (in order). clSeqNr=2517
03:02:58.730 INF Request finished (out of order). clSeqNr=2518
03:02:58.730 INF Request delivered (in order). clSeqNr=2518
03:02:58.730 INF Request delivered (in order). clSeqNr=2519
03:02:58.730 INF Request delivered (in order). clSeqNr=2520
03:02:58.730 INF Request delivered (in order). clSeqNr=2521
03:02:58.730 INF Request delivered (in order). clSeqNr=2522
03:02:58.730 INF Request delivered (in order). clSeqNr=2523
03:02:58.730 INF Request delivered (in order). clSeqNr=2524
03:02:58.730 INF Request delivered (in order). clSeqNr=2525
03:02:58.730 INF Request delivered (in order). clSeqNr=2526
03:02:58.730 INF Request delivered (in order). clSeqNr=2527
03:02:58.730 INF Request delivered (in order). clSeqNr=2528
03:02:58.730 INF Request delivered (in order). clSeqNr=2529
03:02:58.730 INF Request delivered (in order). clSeqNr=2530
03:02:58.730 INF Request delivered (in order). clSeqNr=2531
03:02:58.731 INF Request delivered (in order). clSeqNr=2532
03:02:58.731 INF Request delivered (in order). clSeqNr=2533
03:02:58.731 INF Request finished (out of order). clSeqNr=2534
03:02:58.731 INF Request delivered (in order). clSeqNr=2534
03:02:58.731 INF Request delivered (in order). clSeqNr=2535
03:02:58.731 INF Request delivered (in order). clSeqNr=2536
03:02:58.731 INF Request delivered (in order). clSeqNr=2537
03:02:58.731 INF Request delivered (in order). clSeqNr=2538
03:02:58.731 INF Request delivered (in order). clSeqNr=2539
03:02:58.731 INF Request delivered (in order). clSeqNr=2540
03:02:58.731 INF Request delivered (in order). clSeqNr=2541
03:02:58.731 INF Request delivered (in order). clSeqNr=2542
03:02:58.731 INF Request delivered (in order). clSeqNr=2543
03:02:58.731 INF Request delivered (in order). clSeqNr=2544
03:02:58.731 INF Request delivered (in order). clSeqNr=2545
03:02:58.731 INF Request delivered (in order). clSeqNr=2546
03:02:58.731 INF Request delivered (in order). clSeqNr=2547
03:02:58.731 INF Request delivered (in order). clSeqNr=2548
03:02:58.731 INF Request delivered (in order). clSeqNr=2549
03:02:58.731 INF Request finished (out of order). clSeqNr=2550
03:02:58.731 INF Request delivered (in order). clSeqNr=2550
03:02:58.731 INF Request delivered (in order). clSeqNr=2551
03:02:58.731 INF Request delivered (in order). clSeqNr=2552
03:02:58.731 INF Request delivered (in order). clSeqNr=2553
03:02:58.731 INF Request delivered (in order). clSeqNr=2554
03:02:58.731 INF Request delivered (in order). clSeqNr=2555
03:02:58.731 INF Request delivered (in order). clSeqNr=2556
03:02:58.731 INF Request delivered (in order). clSeqNr=2557
03:02:58.731 INF Request delivered (in order). clSeqNr=2558
03:02:58.731 INF Request delivered (in order). clSeqNr=2559
03:02:58.731 INF Request delivered (in order). clSeqNr=2560
03:02:58.731 INF Request delivered (in order). clSeqNr=2561
03:02:58.731 INF Request delivered (in order). clSeqNr=2562
03:02:58.731 INF Request delivered (in order). clSeqNr=2563
03:02:58.731 INF Request delivered (in order). clSeqNr=2564
03:02:58.731 INF Request delivered (in order). clSeqNr=2565
03:02:58.731 INF Request finished (out of order). clSeqNr=2566
03:02:58.731 INF Request delivered (in order). clSeqNr=2566
03:02:58.731 INF Request delivered (in order). clSeqNr=2567
03:02:58.731 INF Request delivered (in order). clSeqNr=2568
03:02:58.731 INF Request delivered (in order). clSeqNr=2569
03:02:58.731 INF Request delivered (in order). clSeqNr=2570
03:02:58.731 INF Request delivered (in order). clSeqNr=2571
03:02:58.731 INF Request delivered (in order). clSeqNr=2572
03:02:58.731 INF Request delivered (in order). clSeqNr=2573
03:02:58.731 INF Request delivered (in order). clSeqNr=2574
03:02:58.731 INF Request delivered (in order). clSeqNr=2575
03:02:58.731 INF Request delivered (in order). clSeqNr=2576
03:02:58.731 INF Request delivered (in order). clSeqNr=2577
03:02:58.731 INF Request delivered (in order). clSeqNr=2578
03:02:58.731 INF Request delivered (in order). clSeqNr=2579
03:02:58.731 INF Request delivered (in order). clSeqNr=2580
03:02:58.731 INF Request delivered (in order). clSeqNr=2581
03:02:58.731 INF Request finished (out of order). clSeqNr=2582
03:02:58.732 INF Request delivered (in order). clSeqNr=2582
03:02:58.732 INF Request delivered (in order). clSeqNr=2583
03:02:58.732 INF Request delivered (in order). clSeqNr=2584
03:02:58.732 INF Request delivered (in order). clSeqNr=2585
03:02:58.732 INF Request delivered (in order). clSeqNr=2586
03:02:58.732 INF Request delivered (in order). clSeqNr=2587
03:02:58.732 INF Request delivered (in order). clSeqNr=2588
03:02:58.732 INF Request delivered (in order). clSeqNr=2589
03:02:58.732 INF Request delivered (in order). clSeqNr=2590
03:02:58.732 INF Request delivered (in order). clSeqNr=2591
03:02:58.732 INF Request delivered (in order). clSeqNr=2592
03:02:58.732 INF Request delivered (in order). clSeqNr=2593
03:02:58.732 INF Request delivered (in order). clSeqNr=2594
03:02:58.732 INF Request delivered (in order). clSeqNr=2595
03:02:58.732 INF Request delivered (in order). clSeqNr=2596
03:02:58.732 INF Request delivered (in order). clSeqNr=2597
03:02:58.732 INF Request finished (out of order). clSeqNr=2598
03:02:58.732 INF Request delivered (in order). clSeqNr=2598
03:02:58.732 INF Request delivered (in order). clSeqNr=2599
03:02:58.732 INF Request delivered (in order). clSeqNr=2600
03:02:58.732 INF Request delivered (in order). clSeqNr=2601
03:02:58.732 INF Request delivered (in order). clSeqNr=2602
03:02:58.732 INF Request delivered (in order). clSeqNr=2603
03:02:58.732 INF Request delivered (in order). clSeqNr=2604
03:02:58.732 INF Request delivered (in order). clSeqNr=2605
03:02:58.732 INF Request delivered (in order). clSeqNr=2606
03:02:58.732 INF Request delivered (in order). clSeqNr=2607
03:02:58.732 INF Request delivered (in order). clSeqNr=2608
03:02:58.732 INF Request delivered (in order). clSeqNr=2609
03:02:58.732 INF Request delivered (in order). clSeqNr=2610
03:02:58.732 INF Request delivered (in order). clSeqNr=2611
03:02:58.732 INF Request delivered (in order). clSeqNr=2612
03:02:58.732 INF Request delivered (in order). clSeqNr=2613
03:02:58.732 INF Request finished (out of order). clSeqNr=2614
03:02:58.732 INF Request delivered (in order). clSeqNr=2614
03:02:58.732 INF Request delivered (in order). clSeqNr=2615
03:02:58.732 INF Request delivered (in order). clSeqNr=2616
03:02:58.732 INF Request delivered (in order). clSeqNr=2617
03:02:58.732 INF Request delivered (in order). clSeqNr=2618
03:02:58.732 INF Request delivered (in order). clSeqNr=2619
03:02:58.732 INF Request delivered (in order). clSeqNr=2620
03:02:58.732 INF Request delivered (in order). clSeqNr=2621
03:02:58.732 INF Request delivered (in order). clSeqNr=2622
03:02:58.732 INF Request delivered (in order). clSeqNr=2623
03:02:58.732 INF Request delivered (in order). clSeqNr=2624
03:02:58.732 INF Request delivered (in order). clSeqNr=2625
03:02:58.732 INF Request delivered (in order). clSeqNr=2626
03:02:58.732 INF Request delivered (in order). clSeqNr=2627
03:02:58.732 INF Request delivered (in order). clSeqNr=2628
03:02:58.732 INF Request delivered (in order). clSeqNr=2629
03:02:58.732 INF Request finished (out of order). clSeqNr=2630
03:02:58.732 INF Request delivered (in order). clSeqNr=2630
03:02:58.732 INF Request delivered (in order). clSeqNr=2631
03:02:58.732 INF Request delivered (in order). clSeqNr=2632
03:02:58.732 INF Request delivered (in order). clSeqNr=2633
03:02:58.732 INF Request delivered (in order). clSeqNr=2634
03:02:58.732 INF Request delivered (in order). clSeqNr=2635
03:02:58.732 INF Request delivered (in order). clSeqNr=2636
03:02:58.732 INF Request delivered (in order). clSeqNr=2637
03:02:58.732 INF Request delivered (in order). clSeqNr=2638
03:02:58.732 INF Request delivered (in order). clSeqNr=2639
03:02:58.733 INF Request delivered (in order). clSeqNr=2640
03:02:58.733 INF Request delivered (in order). clSeqNr=2641
03:02:58.733 INF Request delivered (in order). clSeqNr=2642
03:02:58.733 INF Request delivered (in order). clSeqNr=2643
03:02:58.733 INF Request delivered (in order). clSeqNr=2644
03:02:58.733 INF Request delivered (in order). clSeqNr=2645
03:02:58.733 INF Request finished (out of order). clSeqNr=2646
03:02:58.733 INF Request delivered (in order). clSeqNr=2646
03:02:58.733 INF Request delivered (in order). clSeqNr=2647
03:02:58.733 INF Request delivered (in order). clSeqNr=2648
03:02:58.733 INF Request delivered (in order). clSeqNr=2649
03:02:58.733 INF Request delivered (in order). clSeqNr=2650
03:02:58.733 INF Request delivered (in order). clSeqNr=2651
03:02:58.733 INF Request delivered (in order). clSeqNr=2652
03:02:58.733 INF Request delivered (in order). clSeqNr=2653
03:02:58.733 INF Request delivered (in order). clSeqNr=2654
03:02:58.733 INF Request delivered (in order). clSeqNr=2655
03:02:58.733 INF Request delivered (in order). clSeqNr=2656
03:02:58.733 INF Request delivered (in order). clSeqNr=2657
03:02:58.733 INF Request delivered (in order). clSeqNr=2658
03:02:58.733 INF Request delivered (in order). clSeqNr=2659
03:02:58.733 INF Request delivered (in order). clSeqNr=2660
03:02:58.733 INF Request delivered (in order). clSeqNr=2661
03:02:58.733 INF Request finished (out of order). clSeqNr=2662
03:02:58.733 INF Request delivered (in order). clSeqNr=2662
03:02:58.733 INF Request delivered (in order). clSeqNr=2663
03:02:58.733 INF Request delivered (in order). clSeqNr=2664
03:02:58.733 INF Request delivered (in order). clSeqNr=2665
03:02:58.733 INF Request delivered (in order). clSeqNr=2666
03:02:58.733 INF Request delivered (in order). clSeqNr=2667
03:02:58.733 INF Request delivered (in order). clSeqNr=2668
03:02:58.733 INF Request delivered (in order). clSeqNr=2669
03:02:58.733 INF Request delivered (in order). clSeqNr=2670
03:02:58.733 INF Request delivered (in order). clSeqNr=2671
03:02:58.733 INF Request delivered (in order). clSeqNr=2672
03:02:58.733 INF Request delivered (in order). clSeqNr=2673
03:02:58.733 INF Request delivered (in order). clSeqNr=2674
03:02:58.733 INF Request delivered (in order). clSeqNr=2675
03:02:58.733 INF Request delivered (in order). clSeqNr=2676
03:02:58.733 INF Request delivered (in order). clSeqNr=2677
03:02:58.733 INF Request finished (out of order). clSeqNr=2678
03:02:58.733 INF Request delivered (in order). clSeqNr=2678
03:02:58.733 INF Request delivered (in order). clSeqNr=2679
03:02:58.734 INF Request delivered (in order). clSeqNr=2680
03:02:58.734 INF Request delivered (in order). clSeqNr=2681
03:02:58.734 INF Request delivered (in order). clSeqNr=2682
03:02:58.734 INF Request delivered (in order). clSeqNr=2683
03:02:58.734 INF Request delivered (in order). clSeqNr=2684
03:02:58.734 INF Request delivered (in order). clSeqNr=2685
03:02:58.734 INF Request delivered (in order). clSeqNr=2686
03:02:58.734 INF Request delivered (in order). clSeqNr=2687
03:02:58.734 INF Request delivered (in order). clSeqNr=2688
03:02:58.734 INF Request delivered (in order). clSeqNr=2689
03:02:58.734 INF Request delivered (in order). clSeqNr=2690
03:02:58.734 INF Request delivered (in order). clSeqNr=2691
03:02:58.734 INF Request delivered (in order). clSeqNr=2692
03:02:58.734 INF Request delivered (in order). clSeqNr=2693
03:02:58.734 INF Request delivered (in order). clSeqNr=2694
03:02:58.734 INF Request delivered (in order). clSeqNr=2695
03:02:58.734 INF Request delivered (in order). clSeqNr=2696
03:02:58.734 INF Request delivered (in order). clSeqNr=2697
03:02:58.734 INF Request delivered (in order). clSeqNr=2698
03:02:58.734 INF Request delivered (in order). clSeqNr=2699
03:02:58.734 INF Request delivered (in order). clSeqNr=2700
03:02:58.734 INF Request delivered (in order). clSeqNr=2701
03:02:58.734 INF Request delivered (in order). clSeqNr=2702
03:02:58.734 INF Request delivered (in order). clSeqNr=2703
03:02:58.734 INF Request delivered (in order). clSeqNr=2704
03:02:58.734 INF Request delivered (in order). clSeqNr=2705
03:02:58.734 INF Request delivered (in order). clSeqNr=2706
03:02:58.734 INF Request delivered (in order). clSeqNr=2707
03:02:58.734 INF Request delivered (in order). clSeqNr=2708
03:02:58.734 INF Request delivered (in order). clSeqNr=2709
03:02:58.734 INF Request delivered (in order). clSeqNr=2710
03:02:58.734 INF Request delivered (in order). clSeqNr=2711
03:02:58.734 INF Request delivered (in order). clSeqNr=2712
03:02:58.734 INF Request delivered (in order). clSeqNr=2713
03:02:58.734 INF Request delivered (in order). clSeqNr=2714
03:02:58.734 INF Request delivered (in order). clSeqNr=2715
03:02:58.734 INF Request delivered (in order). clSeqNr=2716
03:02:58.734 INF Request delivered (in order). clSeqNr=2717
03:02:58.734 INF Request delivered (in order). clSeqNr=2718
03:02:58.734 INF Request delivered (in order). clSeqNr=2719
03:02:58.734 INF Request delivered (in order). clSeqNr=2720
03:02:58.734 INF Request delivered (in order). clSeqNr=2721
03:02:58.734 INF Request delivered (in order). clSeqNr=2722
03:02:58.734 INF Request delivered (in order). clSeqNr=2723
03:02:58.734 INF Request delivered (in order). clSeqNr=2724
03:02:58.734 INF Request delivered (in order). clSeqNr=2725
03:02:58.734 INF Request delivered (in order). clSeqNr=2726
03:02:58.734 INF Request delivered (in order). clSeqNr=2727
03:02:58.734 INF Request delivered (in order). clSeqNr=2728
03:02:58.734 INF Request delivered (in order). clSeqNr=2729
03:02:58.734 INF Request delivered (in order). clSeqNr=2730
03:02:58.734 INF Request delivered (in order). clSeqNr=2731
03:02:58.734 INF Request delivered (in order). clSeqNr=2732
03:02:58.734 INF Request delivered (in order). clSeqNr=2733
03:02:58.735 INF Request delivered (in order). clSeqNr=2734
03:02:58.735 INF Request delivered (in order). clSeqNr=2735
03:02:58.735 INF Request delivered (in order). clSeqNr=2736
03:02:58.735 INF Request delivered (in order). clSeqNr=2737
03:02:58.735 INF Request delivered (in order). clSeqNr=2738
03:02:58.735 INF Request delivered (in order). clSeqNr=2739
03:02:58.735 INF Request delivered (in order). clSeqNr=2740
03:02:58.735 INF Request delivered (in order). clSeqNr=2741
03:02:58.735 INF Request delivered (in order). clSeqNr=2742
03:02:58.735 INF Request delivered (in order). clSeqNr=2743
03:02:58.735 INF Request delivered (in order). clSeqNr=2744
03:02:58.735 INF Request delivered (in order). clSeqNr=2745
03:02:58.735 INF Request delivered (in order). clSeqNr=2746
03:02:58.735 INF Request delivered (in order). clSeqNr=2747
03:02:58.735 INF Request delivered (in order). clSeqNr=2748
03:02:58.735 INF Request delivered (in order). clSeqNr=2749
03:02:58.735 INF Request delivered (in order). clSeqNr=2750
03:02:58.735 INF Request delivered (in order). clSeqNr=2751
03:02:58.735 INF Request delivered (in order). clSeqNr=2752
03:02:58.735 INF Request delivered (in order). clSeqNr=2753
03:02:58.735 INF Request delivered (in order). clSeqNr=2754
03:02:58.735 INF Request delivered (in order). clSeqNr=2755
03:02:58.735 INF Request delivered (in order). clSeqNr=2756
03:02:58.735 INF Request delivered (in order). clSeqNr=2757
03:03:03.631 INF Request finished (out of order). clSeqNr=2758
03:03:03.635 INF Request delivered (in order). clSeqNr=2758
03:03:03.635 INF Request delivered (in order). clSeqNr=2759
03:03:03.635 INF Request delivered (in order). clSeqNr=2760
03:03:03.635 INF Request delivered (in order). clSeqNr=2761
03:03:03.635 INF Request delivered (in order). clSeqNr=2762
03:03:03.635 INF Request delivered (in order). clSeqNr=2763
03:03:03.635 INF Request delivered (in order). clSeqNr=2764
03:03:03.635 INF Request delivered (in order). clSeqNr=2765
03:03:03.635 INF Request delivered (in order). clSeqNr=2766
03:03:03.635 INF Request delivered (in order). clSeqNr=2767
03:03:03.635 INF Request delivered (in order). clSeqNr=2768
03:03:03.635 INF Request delivered (in order). clSeqNr=2769
03:03:03.635 INF Request delivered (in order). clSeqNr=2770
03:03:03.635 INF Request delivered (in order). clSeqNr=2771
03:03:03.635 INF Request delivered (in order). clSeqNr=2772
03:03:03.635 INF Request delivered (in order). clSeqNr=2773
03:03:03.635 INF Request finished (out of order). clSeqNr=2774
03:03:03.635 INF Request delivered (in order). clSeqNr=2774
03:03:03.636 INF Request delivered (in order). clSeqNr=2775
03:03:03.636 INF Request delivered (in order). clSeqNr=2776
03:03:03.636 INF Request delivered (in order). clSeqNr=2777
03:03:03.636 INF Request delivered (in order). clSeqNr=2778
03:03:03.636 INF Request delivered (in order). clSeqNr=2779
03:03:03.636 INF Request delivered (in order). clSeqNr=2780
03:03:03.636 INF Request delivered (in order). clSeqNr=2781
03:03:03.636 INF Request delivered (in order). clSeqNr=2782
03:03:03.636 INF Request delivered (in order). clSeqNr=2783
03:03:03.636 INF Request delivered (in order). clSeqNr=2784
03:03:03.636 INF Request delivered (in order). clSeqNr=2785
03:03:03.636 INF Request delivered (in order). clSeqNr=2786
03:03:03.636 INF Request delivered (in order). clSeqNr=2787
03:03:03.636 INF Request delivered (in order). clSeqNr=2788
03:03:03.636 INF Request delivered (in order). clSeqNr=2789
03:03:03.636 INF Request finished (out of order). clSeqNr=2790
03:03:03.636 INF Request delivered (in order). clSeqNr=2790
03:03:03.636 INF Request delivered (in order). clSeqNr=2791
03:03:03.636 INF Request delivered (in order). clSeqNr=2792
03:03:03.636 INF Request delivered (in order). clSeqNr=2793
03:03:03.636 INF Request delivered (in order). clSeqNr=2794
03:03:03.636 INF Request delivered (in order). clSeqNr=2795
03:03:03.636 INF Request delivered (in order). clSeqNr=2796
03:03:03.636 INF Request delivered (in order). clSeqNr=2797
03:03:03.636 INF Request delivered (in order). clSeqNr=2798
03:03:03.636 INF Request delivered (in order). clSeqNr=2799
03:03:03.636 INF Request delivered (in order). clSeqNr=2800
03:03:03.636 INF Request delivered (in order). clSeqNr=2801
03:03:03.636 INF Request delivered (in order). clSeqNr=2802
03:03:03.636 INF Request delivered (in order). clSeqNr=2803
03:03:03.636 INF Request delivered (in order). clSeqNr=2804
03:03:03.636 INF Request delivered (in order). clSeqNr=2805
03:03:03.636 INF Request finished (out of order). clSeqNr=2806
03:03:03.636 INF Request delivered (in order). clSeqNr=2806
03:03:03.636 INF Request delivered (in order). clSeqNr=2807
03:03:03.636 INF Request delivered (in order). clSeqNr=2808
03:03:03.636 INF Request delivered (in order). clSeqNr=2809
03:03:03.636 INF Request delivered (in order). clSeqNr=2810
03:03:03.636 INF Request delivered (in order). clSeqNr=2811
03:03:03.636 INF Request delivered (in order). clSeqNr=2812
03:03:03.636 INF Request delivered (in order). clSeqNr=2813
03:03:03.636 INF Request delivered (in order). clSeqNr=2814
03:03:03.636 INF Request delivered (in order). clSeqNr=2815
03:03:03.636 INF Request delivered (in order). clSeqNr=2816
03:03:03.636 INF Request delivered (in order). clSeqNr=2817
03:03:03.636 INF Request delivered (in order). clSeqNr=2818
03:03:03.636 INF Request delivered (in order). clSeqNr=2819
03:03:03.636 INF Request delivered (in order). clSeqNr=2820
03:03:03.636 INF Request delivered (in order). clSeqNr=2821
03:03:03.636 INF Request finished (out of order). clSeqNr=2822
03:03:03.636 INF Request delivered (in order). clSeqNr=2822
03:03:03.636 INF Request delivered (in order). clSeqNr=2823
03:03:03.636 INF Request delivered (in order). clSeqNr=2824
03:03:03.636 INF Request delivered (in order). clSeqNr=2825
03:03:03.636 INF Request delivered (in order). clSeqNr=2826
03:03:03.636 INF Request delivered (in order). clSeqNr=2827
03:03:03.636 INF Request delivered (in order). clSeqNr=2828
03:03:03.636 INF Request delivered (in order). clSeqNr=2829
03:03:03.636 INF Request delivered (in order). clSeqNr=2830
03:03:03.636 INF Request delivered (in order). clSeqNr=2831
03:03:03.636 INF Request delivered (in order). clSeqNr=2832
03:03:03.636 INF Request delivered (in order). clSeqNr=2833
03:03:03.636 INF Request delivered (in order). clSeqNr=2834
03:03:03.636 INF Request delivered (in order). clSeqNr=2835
03:03:03.636 INF Request delivered (in order). clSeqNr=2836
03:03:03.636 INF Request delivered (in order). clSeqNr=2837
03:03:03.636 INF Request finished (out of order). clSeqNr=2838
03:03:03.636 INF Request delivered (in order). clSeqNr=2838
03:03:03.636 INF Request delivered (in order). clSeqNr=2839
03:03:03.636 INF Request delivered (in order). clSeqNr=2840
03:03:03.636 INF Request delivered (in order). clSeqNr=2841
03:03:03.636 INF Request delivered (in order). clSeqNr=2842
03:03:03.636 INF Request delivered (in order). clSeqNr=2843
03:03:03.636 INF Request delivered (in order). clSeqNr=2844
03:03:03.636 INF Request delivered (in order). clSeqNr=2845
03:03:03.636 INF Request delivered (in order). clSeqNr=2846
03:03:03.636 INF Request delivered (in order). clSeqNr=2847
03:03:03.636 INF Request delivered (in order). clSeqNr=2848
03:03:03.636 INF Request delivered (in order). clSeqNr=2849
03:03:03.637 INF Request delivered (in order). clSeqNr=2850
03:03:03.637 INF Request delivered (in order). clSeqNr=2851
03:03:03.637 INF Request delivered (in order). clSeqNr=2852
03:03:03.637 INF Request delivered (in order). clSeqNr=2853
03:03:03.637 INF Request finished (out of order). clSeqNr=2854
03:03:03.637 INF Request delivered (in order). clSeqNr=2854
03:03:03.637 INF Request delivered (in order). clSeqNr=2855
03:03:03.637 INF Request delivered (in order). clSeqNr=2856
03:03:03.637 INF Request delivered (in order). clSeqNr=2857
03:03:03.637 INF Request delivered (in order). clSeqNr=2858
03:03:03.637 INF Request delivered (in order). clSeqNr=2859
03:03:03.637 INF Request delivered (in order). clSeqNr=2860
03:03:03.637 INF Request delivered (in order). clSeqNr=2861
03:03:03.637 INF Request delivered (in order). clSeqNr=2862
03:03:03.637 INF Request delivered (in order). clSeqNr=2863
03:03:03.637 INF Request delivered (in order). clSeqNr=2864
03:03:03.637 INF Request delivered (in order). clSeqNr=2865
03:03:03.637 INF Request delivered (in order). clSeqNr=2866
03:03:03.637 INF Request delivered (in order). clSeqNr=2867
03:03:03.637 INF Request delivered (in order). clSeqNr=2868
03:03:03.637 INF Request delivered (in order). clSeqNr=2869
03:03:03.637 INF Request finished (out of order). clSeqNr=2870
03:03:03.637 INF Request delivered (in order). clSeqNr=2870
03:03:03.637 INF Request delivered (in order). clSeqNr=2871
03:03:03.637 INF Request delivered (in order). clSeqNr=2872
03:03:03.637 INF Request delivered (in order). clSeqNr=2873
03:03:03.637 INF Request delivered (in order). clSeqNr=2874
03:03:03.637 INF Request delivered (in order). clSeqNr=2875
03:03:03.637 INF Request delivered (in order). clSeqNr=2876
03:03:03.637 INF Request delivered (in order). clSeqNr=2877
03:03:03.637 INF Request delivered (in order). clSeqNr=2878
03:03:03.637 INF Request delivered (in order). clSeqNr=2879
03:03:03.637 INF Request delivered (in order). clSeqNr=2880
03:03:03.637 INF Request delivered (in order). clSeqNr=2881
03:03:03.637 INF Request delivered (in order). clSeqNr=2882
03:03:03.637 INF Request delivered (in order). clSeqNr=2883
03:03:03.637 INF Request delivered (in order). clSeqNr=2884
03:03:03.637 INF Request delivered (in order). clSeqNr=2885
03:03:03.637 INF Request finished (out of order). clSeqNr=2886
03:03:03.637 INF Request delivered (in order). clSeqNr=2886
03:03:03.637 INF Request delivered (in order). clSeqNr=2887
03:03:03.637 INF Request delivered (in order). clSeqNr=2888
03:03:03.637 INF Request delivered (in order). clSeqNr=2889
03:03:03.637 INF Request delivered (in order). clSeqNr=2890
03:03:03.637 INF Request delivered (in order). clSeqNr=2891
03:03:03.637 INF Request delivered (in order). clSeqNr=2892
03:03:03.637 INF Request delivered (in order). clSeqNr=2893
03:03:03.637 INF Request delivered (in order). clSeqNr=2894
03:03:03.637 INF Request delivered (in order). clSeqNr=2895
03:03:03.637 INF Request delivered (in order). clSeqNr=2896
03:03:03.637 INF Request delivered (in order). clSeqNr=2897
03:03:03.637 INF Request delivered (in order). clSeqNr=2898
03:03:03.637 INF Request delivered (in order). clSeqNr=2899
03:03:03.637 INF Request delivered (in order). clSeqNr=2900
03:03:03.637 INF Request delivered (in order). clSeqNr=2901
03:03:03.637 INF Request finished (out of order). clSeqNr=2902
03:03:03.637 INF Request delivered (in order). clSeqNr=2902
03:03:03.637 INF Request delivered (in order). clSeqNr=2903
03:03:03.637 INF Request delivered (in order). clSeqNr=2904
03:03:03.637 INF Request delivered (in order). clSeqNr=2905
03:03:03.637 INF Request delivered (in order). clSeqNr=2906
03:03:03.637 INF Request delivered (in order). clSeqNr=2907
03:03:03.637 INF Request delivered (in order). clSeqNr=2908
03:03:03.637 INF Request delivered (in order). clSeqNr=2909
03:03:03.637 INF Request delivered (in order). clSeqNr=2910
03:03:03.637 INF Request delivered (in order). clSeqNr=2911
03:03:03.637 INF Request delivered (in order). clSeqNr=2912
03:03:03.637 INF Request delivered (in order). clSeqNr=2913
03:03:03.637 INF Request delivered (in order). clSeqNr=2914
03:03:03.637 INF Request delivered (in order). clSeqNr=2915
03:03:03.637 INF Request delivered (in order). clSeqNr=2916
03:03:03.637 INF Request delivered (in order). clSeqNr=2917
03:03:03.676 INF Request finished (out of order). clSeqNr=2918
03:03:03.676 INF Request delivered (in order). clSeqNr=2918
03:03:03.676 INF Request delivered (in order). clSeqNr=2919
03:03:03.676 INF Request delivered (in order). clSeqNr=2920
03:03:03.676 INF Request delivered (in order). clSeqNr=2921
03:03:03.676 INF Request delivered (in order). clSeqNr=2922
03:03:03.676 INF Request delivered (in order). clSeqNr=2923
03:03:03.676 INF Request delivered (in order). clSeqNr=2924
03:03:03.676 INF Request delivered (in order). clSeqNr=2925
03:03:03.676 INF Request delivered (in order). clSeqNr=2926
03:03:04.022 INF Response handler done. error="rpc error: code = Canceled desc = grpc: the client connection is closing" peerId=7
03:03:04.022 INF Response handler done. error="rpc error: code = Canceled desc = grpc: the client connection is closing" peerId=2
03:03:04.022 INF Response handler done. error="rpc error: code = Unavailable desc = error reading from server: read tcp 10.3.1.29:41746->54.168.205.54:10121: use of closed network connection" peerId=11
03:03:04.022 INF Response handler done. error="rpc error: code = Canceled desc = grpc: the client connection is closing" peerId=15
03:03:04.022 INF Response handler done. error="rpc error: code = Canceled desc = grpc: the client connection is closing" peerId=3
03:03:04.022 INF Response handler done. error="rpc error: code = Canceled desc = grpc: the client connection is closing" peerId=9
03:03:04.022 INF Response handler done. error="rpc error: code = Unavailable desc = error reading from server: read tcp 10.3.1.29:53888->54.206.6.27:10143: use of closed network connection" peerId=13
03:03:04.022 INF Response handler done. error="rpc error: code = Unavailable desc = error reading from server: read tcp 10.3.1.29:57820->13.39.150.53:10066: use of closed network connection" peerId=6
03:03:04.022 INF Response handler done. error="rpc error: code = Canceled desc = grpc: the client connection is closing" peerId=0
03:03:04.022 INF Response handler done. error="rpc error: code = Canceled desc = grpc: the client connection is closing" peerId=10
03:03:04.022 INF Response handler done. error="rpc error: code = Canceled desc = grpc: the client connection is closing" peerId=1
03:03:04.022 INF Response handler done. error="rpc error: code = Unavailable desc = error reading from server: read tcp 10.3.1.29:59820->13.38.129.101:10044: use of closed network connection" peerId=4
03:03:04.022 INF Response handler done. error="rpc error: code = Unavailable desc = error reading from server: read tcp 10.3.1.29:51652->35.181.26.33:10055: use of closed network connection" peerId=5
03:03:04.022 INF Response handler done. error="rpc error: code = Canceled desc = grpc: the client connection is closing" peerId=8
03:03:04.022 INF Response handler done. error="rpc error: code = Unavailable desc = error reading from server: read tcp 10.3.1.29:60320->13.211.162.174:10154: use of closed network connection" peerId=14
03:03:04.022 INF Response handler done. error="rpc error: code = Unavailable desc = error reading from server: read tcp 10.3.1.29:40008->13.210.77.116:10132: use of closed network connection" peerId=12
