17:40:47.201 INF Connecting to orderer. addrStr=3.25.111.74:10165 peerId=15
17:40:47.202 INF Connecting to orderer. addrStr=3.142.133.230:10000 peerId=0
17:40:47.202 INF Connecting to orderer. addrStr=3.145.99.36:10011 peerId=1
17:40:47.202 INF Connecting to orderer. addrStr=18.219.79.220:10022 peerId=2
17:40:47.202 INF Connecting to orderer. addrStr=18.117.148.198:10033 peerId=3
17:40:47.202 INF Connecting to orderer. addrStr=13.38.216.201:10044 peerId=4
17:40:47.202 INF Connecting to orderer. addrStr=52.47.211.49:10055 peerId=5
17:40:47.202 INF Connecting to orderer. addrStr=52.47.89.171:10066 peerId=6
17:40:47.203 INF Connecting to orderer. addrStr=13.39.16.206:10077 peerId=7
17:40:47.203 INF Connecting to orderer. addrStr=13.115.200.48:10088 peerId=8
17:40:47.203 INF Connecting to orderer. addrStr=18.181.161.204:10099 peerId=9
17:40:47.203 INF Connecting to orderer. addrStr=43.207.139.30:10110 peerId=10
17:40:47.203 INF Connecting to orderer. addrStr=54.238.232.48:10121 peerId=11
17:40:47.203 INF Connecting to orderer. addrStr=13.239.6.109:10132 peerId=12
17:40:47.203 INF Connecting to orderer. addrStr=54.206.67.203:10143 peerId=13
17:40:47.203 INF Connecting to orderer. addrStr=13.211.227.183:10154 peerId=14
17:40:47.237 INF Connected to orderer. addrStr=13.239.6.109:10132 id=12
17:40:47.237 INF Connected to orderer. addrStr=54.206.67.203:10143 id=13
17:40:47.237 INF Connected to orderer. addrStr=13.211.227.183:10154 id=14
17:40:47.238 INF Connected to orderer. addrStr=3.25.111.74:10165 id=15
17:40:47.729 INF Connected to orderer. addrStr=43.207.139.30:10110 id=10
17:40:47.767 INF Connected to orderer. addrStr=13.115.200.48:10088 id=8
17:40:47.771 INF Connected to orderer. addrStr=54.238.232.48:10121 id=11
17:40:47.796 INF Connected to orderer. addrStr=18.181.161.204:10099 id=9
17:40:48.153 INF Connected to orderer. addrStr=18.219.79.220:10022 id=2
17:40:48.154 INF Connected to orderer. addrStr=18.117.148.198:10033 id=3
17:40:48.155 INF Connected to orderer. addrStr=3.145.99.36:10011 id=1
17:40:48.159 INF Connected to orderer. addrStr=3.142.133.230:10000 id=0
17:40:48.591 INF Connected to orderer. addrStr=52.47.211.49:10055 id=5
17:40:48.623 INF Connected to orderer. addrStr=13.39.16.206:10077 id=7
17:40:48.623 INF Connected to orderer. addrStr=13.38.216.201:10044 id=4
17:40:48.625 INF Connected to orderer. addrStr=52.47.89.171:10066 id=6
17:40:48.629 INF Connected to orderers.
17:40:48.631 INF Setting up client timeout. clientRunTime=15000
17:40:48.631 INF Starting to submit requests. numRequests=8203
17:40:48.631 INF Submitted request. clSeqNr=0
17:40:48.632 INF Updating bucket assignment. epoch=0
17:40:48.632 INF Resubmitted Requests. epoch=0 n=0
17:40:48.635 INF Submitted request. clSeqNr=1
17:40:48.639 INF Submitted request. clSeqNr=2
17:40:48.642 INF Submitted request. clSeqNr=3
17:40:48.646 INF Submitted request. clSeqNr=4
17:40:48.649 INF Submitted request. clSeqNr=5
17:40:48.654 INF Submitted request. clSeqNr=6
17:40:48.657 INF Submitted request. clSeqNr=7
17:40:48.661 INF Submitted request. clSeqNr=8
17:40:48.665 INF Submitted request. clSeqNr=9
17:40:48.668 INF Submitted request. clSeqNr=10
17:40:48.672 INF Submitted request. clSeqNr=11
17:40:48.675 INF Submitted request. clSeqNr=12
17:40:48.679 INF Submitted request. clSeqNr=13
17:40:48.683 INF Submitted request. clSeqNr=14
17:40:48.687 INF Submitted request. clSeqNr=15
17:40:48.690 INF Submitted request. clSeqNr=16
17:40:48.694 INF Submitted request. clSeqNr=17
17:40:48.697 INF Submitted request. clSeqNr=18
17:40:48.701 INF Submitted request. clSeqNr=19
17:40:48.705 INF Submitted request. clSeqNr=20
17:40:48.708 INF Submitted request. clSeqNr=21
17:40:48.712 INF Submitted request. clSeqNr=22
17:40:48.715 INF Submitted request. clSeqNr=23
17:40:48.720 INF Submitted request. clSeqNr=24
17:40:48.723 INF Submitted request. clSeqNr=25
17:40:48.727 INF Submitted request. clSeqNr=26
17:40:48.730 INF Submitted request. clSeqNr=27
17:40:48.734 INF Submitted request. clSeqNr=28
17:40:48.738 INF Submitted request. clSeqNr=29
17:40:48.742 INF Submitted request. clSeqNr=30
17:40:48.745 INF Submitted request. clSeqNr=31
17:40:48.748 INF Submitted request. clSeqNr=32
17:40:48.752 INF Submitted request. clSeqNr=33
17:40:48.757 INF Submitted request. clSeqNr=34
17:40:48.759 INF Submitted request. clSeqNr=35
17:40:48.763 INF Submitted request. clSeqNr=36
17:40:48.766 INF Submitted request. clSeqNr=37
17:40:48.770 INF Submitted request. clSeqNr=38
17:40:48.774 INF Submitted request. clSeqNr=39
17:40:48.778 INF Submitted request. clSeqNr=40
17:40:48.781 INF Submitted request. clSeqNr=41
17:40:48.786 INF Submitted request. clSeqNr=42
17:40:48.789 INF Submitted request. clSeqNr=43
17:40:48.793 INF Submitted request. clSeqNr=44
17:40:48.796 INF Submitted request. clSeqNr=45
17:40:48.800 INF Submitted request. clSeqNr=46
17:40:48.804 INF Submitted request. clSeqNr=47
17:40:48.807 INF Submitted request. clSeqNr=48
17:40:48.810 INF Submitted request. clSeqNr=49
17:40:48.815 INF Submitted request. clSeqNr=50
17:40:48.819 INF Submitted request. clSeqNr=51
17:40:48.822 INF Submitted request. clSeqNr=52
17:40:48.825 INF Submitted request. clSeqNr=53
17:40:48.830 INF Submitted request. clSeqNr=54
17:40:48.833 INF Submitted request. clSeqNr=55
17:40:48.836 INF Submitted request. clSeqNr=56
17:40:48.840 INF Submitted request. clSeqNr=57
17:40:48.844 INF Submitted request. clSeqNr=58
17:40:48.847 INF Submitted request. clSeqNr=59
17:40:48.852 INF Submitted request. clSeqNr=60
17:40:48.855 INF Submitted request. clSeqNr=61
17:40:48.858 INF Submitted request. clSeqNr=62
17:40:48.863 INF Submitted request. clSeqNr=63
17:40:48.866 INF Submitted request. clSeqNr=64
17:40:48.870 INF Submitted request. clSeqNr=65
17:40:48.874 INF Submitted request. clSeqNr=66
17:40:48.876 INF Submitted request. clSeqNr=67
17:40:48.880 INF Submitted request. clSeqNr=68
17:40:48.884 INF Submitted request. clSeqNr=69
17:40:48.888 INF Submitted request. clSeqNr=70
17:40:48.891 INF Submitted request. clSeqNr=71
17:40:48.895 INF Submitted request. clSeqNr=72
17:40:48.899 INF Submitted request. clSeqNr=73
17:40:48.903 INF Submitted request. clSeqNr=74
17:40:48.907 INF Submitted request. clSeqNr=75
17:40:48.910 INF Submitted request. clSeqNr=76
17:40:48.913 INF Submitted request. clSeqNr=77
17:40:48.918 INF Submitted request. clSeqNr=78
17:40:48.920 INF Submitted request. clSeqNr=79
17:40:48.924 INF Submitted request. clSeqNr=80
17:40:48.929 INF Submitted request. clSeqNr=81
17:40:48.933 INF Submitted request. clSeqNr=82
17:40:48.935 INF Submitted request. clSeqNr=83
17:40:48.940 INF Submitted request. clSeqNr=84
17:40:48.943 INF Submitted request. clSeqNr=85
17:40:48.946 INF Submitted request. clSeqNr=86
17:40:48.950 INF Submitted request. clSeqNr=87
17:40:48.954 INF Submitted request. clSeqNr=88
17:40:48.957 INF Submitted request. clSeqNr=89
17:40:48.961 INF Submitted request. clSeqNr=90
17:40:48.964 INF Submitted request. clSeqNr=91
17:40:48.968 INF Submitted request. clSeqNr=92
17:40:48.972 INF Submitted request. clSeqNr=93
17:40:48.976 INF Submitted request. clSeqNr=94
17:40:48.979 INF Submitted request. clSeqNr=95
17:40:48.983 INF Submitted request. clSeqNr=96
17:40:48.987 INF Submitted request. clSeqNr=97
17:40:48.990 INF Submitted request. clSeqNr=98
17:40:48.994 INF Submitted request. clSeqNr=99
17:40:48.998 INF Submitted request. clSeqNr=100
17:40:49.002 INF Submitted request. clSeqNr=101
17:40:49.006 INF Submitted request. clSeqNr=102
17:40:49.008 INF Submitted request. clSeqNr=103
17:40:49.012 INF Submitted request. clSeqNr=104
17:40:49.016 INF Submitted request. clSeqNr=105
17:40:49.019 INF Submitted request. clSeqNr=106
17:40:49.023 INF Submitted request. clSeqNr=107
17:40:49.027 INF Submitted request. clSeqNr=108
17:40:49.030 INF Submitted request. clSeqNr=109
17:40:49.034 INF Submitted request. clSeqNr=110
17:40:49.038 INF Submitted request. clSeqNr=111
17:40:49.042 INF Submitted request. clSeqNr=112
17:40:49.046 INF Submitted request. clSeqNr=113
17:40:49.049 INF Submitted request. clSeqNr=114
17:40:49.053 INF Submitted request. clSeqNr=115
17:40:49.057 INF Submitted request. clSeqNr=116
17:40:49.061 INF Submitted request. clSeqNr=117
17:40:49.063 INF Submitted request. clSeqNr=118
17:40:49.067 INF Submitted request. clSeqNr=119
17:40:49.071 INF Submitted request. clSeqNr=120
17:40:49.074 INF Submitted request. clSeqNr=121
17:40:49.079 INF Submitted request. clSeqNr=122
17:40:49.082 INF Submitted request. clSeqNr=123
17:40:49.085 INF Submitted request. clSeqNr=124
17:40:49.090 INF Submitted request. clSeqNr=125
17:40:49.093 INF Submitted request. clSeqNr=126
17:40:49.097 INF Submitted request. clSeqNr=127
17:40:49.100 INF Submitted request. clSeqNr=128
17:40:49.104 INF Submitted request. clSeqNr=129
17:40:49.107 INF Submitted request. clSeqNr=130
17:40:49.112 INF Submitted request. clSeqNr=131
17:40:49.115 INF Submitted request. clSeqNr=132
17:40:49.119 INF Submitted request. clSeqNr=133
17:40:49.123 INF Submitted request. clSeqNr=134
17:40:49.126 INF Submitted request. clSeqNr=135
17:40:49.129 INF Submitted request. clSeqNr=136
17:40:49.134 INF Submitted request. clSeqNr=137
17:40:49.137 INF Submitted request. clSeqNr=138
17:40:49.141 INF Submitted request. clSeqNr=139
17:40:49.144 INF Submitted request. clSeqNr=140
17:40:49.148 INF Submitted request. clSeqNr=141
17:40:49.152 INF Submitted request. clSeqNr=142
17:40:49.156 INF Submitted request. clSeqNr=143
17:40:49.159 INF Submitted request. clSeqNr=144
17:40:49.162 INF Submitted request. clSeqNr=145
17:40:49.167 INF Submitted request. clSeqNr=146
17:40:49.169 INF Submitted request. clSeqNr=147
17:40:49.174 INF Submitted request. clSeqNr=148
17:40:49.178 INF Submitted request. clSeqNr=149
17:40:49.182 INF Submitted request. clSeqNr=150
17:40:49.184 INF Submitted request. clSeqNr=151
17:40:49.189 INF Submitted request. clSeqNr=152
17:40:49.192 INF Submitted request. clSeqNr=153
17:40:49.195 INF Submitted request. clSeqNr=154
17:40:49.199 INF Submitted request. clSeqNr=155
17:40:49.203 INF Submitted request. clSeqNr=156
17:40:49.206 INF Submitted request. clSeqNr=157
17:40:49.210 INF Submitted request. clSeqNr=158
17:40:49.213 INF Submitted request. clSeqNr=159
17:40:49.218 INF Submitted request. clSeqNr=160
17:40:49.221 INF Submitted request. clSeqNr=161
17:40:49.224 INF Submitted request. clSeqNr=162
17:40:49.229 INF Submitted request. clSeqNr=163
17:40:49.233 INF Submitted request. clSeqNr=164
17:40:49.236 INF Submitted request. clSeqNr=165
17:40:49.239 INF Submitted request. clSeqNr=166
17:40:49.243 INF Submitted request. clSeqNr=167
17:40:49.247 INF Submitted request. clSeqNr=168
17:40:49.250 INF Submitted request. clSeqNr=169
17:40:49.254 INF Submitted request. clSeqNr=170
17:40:49.257 INF Submitted request. clSeqNr=171
17:40:49.261 INF Submitted request. clSeqNr=172
17:40:49.265 INF Submitted request. clSeqNr=173
17:40:49.269 INF Submitted request. clSeqNr=174
17:40:49.273 INF Submitted request. clSeqNr=175
17:40:49.276 INF Submitted request. clSeqNr=176
17:40:49.280 INF Submitted request. clSeqNr=177
17:40:49.283 INF Submitted request. clSeqNr=178
17:40:49.287 INF Submitted request. clSeqNr=179
17:40:49.291 INF Submitted request. clSeqNr=180
17:40:49.294 INF Submitted request. clSeqNr=181
17:40:49.298 INF Submitted request. clSeqNr=182
17:40:49.301 INF Submitted request. clSeqNr=183
17:40:49.305 INF Submitted request. clSeqNr=184
17:40:49.310 INF Submitted request. clSeqNr=185
17:40:49.313 INF Submitted request. clSeqNr=186
17:40:49.316 INF Submitted request. clSeqNr=187
17:40:49.320 INF Submitted request. clSeqNr=188
17:40:49.323 INF Submitted request. clSeqNr=189
17:40:49.327 INF Submitted request. clSeqNr=190
17:40:49.331 INF Submitted request. clSeqNr=191
17:40:49.334 INF Submitted request. clSeqNr=192
17:40:49.338 INF Submitted request. clSeqNr=193
17:40:49.342 INF Submitted request. clSeqNr=194
17:40:49.346 INF Submitted request. clSeqNr=195
17:40:49.350 INF Submitted request. clSeqNr=196
17:40:49.353 INF Submitted request. clSeqNr=197
17:40:49.357 INF Submitted request. clSeqNr=198
17:40:49.360 INF Submitted request. clSeqNr=199
17:40:49.364 INF Submitted request. clSeqNr=200
17:40:49.368 INF Submitted request. clSeqNr=201
17:40:49.371 INF Submitted request. clSeqNr=202
17:40:49.375 INF Submitted request. clSeqNr=203
17:40:49.379 INF Submitted request. clSeqNr=204
17:40:49.382 INF Submitted request. clSeqNr=205
17:40:49.386 INF Submitted request. clSeqNr=206
17:40:49.390 INF Submitted request. clSeqNr=207
17:40:49.393 INF Submitted request. clSeqNr=208
17:40:49.397 INF Submitted request. clSeqNr=209
17:40:49.400 INF Submitted request. clSeqNr=210
17:40:49.405 INF Submitted request. clSeqNr=211
17:40:49.409 INF Submitted request. clSeqNr=212
17:40:49.411 INF Submitted request. clSeqNr=213
17:40:49.416 INF Submitted request. clSeqNr=214
17:40:49.419 INF Submitted request. clSeqNr=215
17:40:49.423 INF Submitted request. clSeqNr=216
17:40:49.427 INF Submitted request. clSeqNr=217
17:40:49.430 INF Submitted request. clSeqNr=218
17:40:49.433 INF Submitted request. clSeqNr=219
17:40:49.437 INF Submitted request. clSeqNr=220
17:40:49.441 INF Submitted request. clSeqNr=221
17:40:49.445 INF Submitted request. clSeqNr=222
17:40:49.448 INF Submitted request. clSeqNr=223
17:40:49.451 INF Submitted request. clSeqNr=224
17:40:49.455 INF Submitted request. clSeqNr=225
17:40:49.459 INF Submitted request. clSeqNr=226
17:40:49.463 INF Submitted request. clSeqNr=227
17:40:49.467 INF Submitted request. clSeqNr=228
17:40:49.470 INF Submitted request. clSeqNr=229
17:40:49.474 INF Submitted request. clSeqNr=230
17:40:49.477 INF Submitted request. clSeqNr=231
17:40:49.481 INF Submitted request. clSeqNr=232
17:40:49.485 INF Submitted request. clSeqNr=233
17:40:49.489 INF Submitted request. clSeqNr=234
17:40:49.492 INF Submitted request. clSeqNr=235
17:40:49.496 INF Submitted request. clSeqNr=236
17:40:49.500 INF Submitted request. clSeqNr=237
17:40:49.503 INF Submitted request. clSeqNr=238
17:40:49.508 INF Submitted request. clSeqNr=239
17:40:49.510 INF Submitted request. clSeqNr=240
17:40:49.515 INF Submitted request. clSeqNr=241
17:40:49.518 INF Submitted request. clSeqNr=242
17:40:49.521 INF Submitted request. clSeqNr=243
17:40:49.525 INF Submitted request. clSeqNr=244
17:40:49.528 INF Submitted request. clSeqNr=245
17:40:49.532 INF Submitted request. clSeqNr=246
17:40:49.537 INF Submitted request. clSeqNr=247
17:40:49.540 INF Submitted request. clSeqNr=248
17:40:49.543 INF Submitted request. clSeqNr=249
17:40:49.547 INF Submitted request. clSeqNr=250
17:40:49.551 INF Submitted request. clSeqNr=251
17:40:49.555 INF Submitted request. clSeqNr=252
17:40:49.558 INF Submitted request. clSeqNr=253
17:40:49.562 INF Submitted request. clSeqNr=254
17:40:49.566 INF Submitted request. clSeqNr=255
17:40:49.569 INF Submitted request. clSeqNr=256
17:40:49.573 INF Submitted request. clSeqNr=257
17:40:49.577 INF Submitted request. clSeqNr=258
17:40:49.581 INF Submitted request. clSeqNr=259
17:40:49.584 INF Submitted request. clSeqNr=260
17:40:49.587 INF Submitted request. clSeqNr=261
17:40:49.591 INF Submitted request. clSeqNr=262
17:40:49.595 INF Submitted request. clSeqNr=263
17:40:49.598 INF Submitted request. clSeqNr=264
17:40:49.602 INF Submitted request. clSeqNr=265
17:40:49.606 INF Submitted request. clSeqNr=266
17:40:49.609 INF Submitted request. clSeqNr=267
17:40:49.613 INF Submitted request. clSeqNr=268
17:40:49.616 INF Submitted request. clSeqNr=269
17:40:49.620 INF Submitted request. clSeqNr=270
17:40:49.625 INF Submitted request. clSeqNr=271
17:40:49.628 INF Submitted request. clSeqNr=272
17:40:49.632 INF Submitted request. clSeqNr=273
17:40:49.635 INF Submitted request. clSeqNr=274
17:40:49.639 INF Submitted request. clSeqNr=275
17:40:49.642 INF Submitted request. clSeqNr=276
17:40:49.646 INF Submitted request. clSeqNr=277
17:40:49.650 INF Submitted request. clSeqNr=278
17:40:49.653 INF Submitted request. clSeqNr=279
17:40:49.657 INF Submitted request. clSeqNr=280
17:40:49.661 INF Submitted request. clSeqNr=281
17:40:49.664 INF Submitted request. clSeqNr=282
17:40:49.668 INF Submitted request. clSeqNr=283
17:40:49.672 INF Submitted request. clSeqNr=284
17:40:49.676 INF Submitted request. clSeqNr=285
17:40:49.679 INF Submitted request. clSeqNr=286
17:40:49.682 INF Submitted request. clSeqNr=287
17:40:49.687 INF Submitted request. clSeqNr=288
17:40:49.691 INF Submitted request. clSeqNr=289
17:40:49.693 INF Submitted request. clSeqNr=290
17:40:49.698 INF Submitted request. clSeqNr=291
17:40:49.701 INF Submitted request. clSeqNr=292
17:40:49.705 INF Submitted request. clSeqNr=293
17:40:49.709 INF Submitted request. clSeqNr=294
17:40:49.712 INF Submitted request. clSeqNr=295
17:40:49.716 INF Submitted request. clSeqNr=296
17:40:49.719 INF Submitted request. clSeqNr=297
17:40:49.723 INF Submitted request. clSeqNr=298
17:40:49.727 INF Submitted request. clSeqNr=299
17:40:49.730 INF Submitted request. clSeqNr=300
17:40:49.734 INF Submitted request. clSeqNr=301
17:40:49.737 INF Submitted request. clSeqNr=302
17:40:49.741 INF Submitted request. clSeqNr=303
17:40:49.745 INF Submitted request. clSeqNr=304
17:40:49.749 INF Submitted request. clSeqNr=305
17:40:49.753 INF Submitted request. clSeqNr=306
17:40:49.756 INF Submitted request. clSeqNr=307
17:40:49.759 INF Submitted request. clSeqNr=308
17:40:49.764 INF Submitted request. clSeqNr=309
17:40:49.767 INF Submitted request. clSeqNr=310
17:40:49.771 INF Submitted request. clSeqNr=311
17:40:49.774 INF Submitted request. clSeqNr=312
17:40:49.779 INF Submitted request. clSeqNr=313
17:40:49.781 INF Submitted request. clSeqNr=314
17:40:49.785 INF Submitted request. clSeqNr=315
17:40:49.789 INF Submitted request. clSeqNr=316
17:40:49.792 INF Submitted request. clSeqNr=317
17:40:49.796 INF Submitted request. clSeqNr=318
17:40:49.800 INF Submitted request. clSeqNr=319
17:40:49.803 INF Submitted request. clSeqNr=320
17:40:49.808 INF Submitted request. clSeqNr=321
17:40:49.811 INF Submitted request. clSeqNr=322
17:40:49.814 INF Submitted request. clSeqNr=323
17:40:49.818 INF Submitted request. clSeqNr=324
17:40:49.822 INF Submitted request. clSeqNr=325
17:40:49.825 INF Submitted request. clSeqNr=326
17:40:49.829 INF Submitted request. clSeqNr=327
17:40:49.832 INF Submitted request. clSeqNr=328
17:40:49.836 INF Submitted request. clSeqNr=329
17:40:49.840 INF Submitted request. clSeqNr=330
17:40:49.845 INF Submitted request. clSeqNr=331
17:40:49.848 INF Submitted request. clSeqNr=332
17:40:49.851 INF Submitted request. clSeqNr=333
17:40:49.855 INF Submitted request. clSeqNr=334
17:40:49.859 INF Submitted request. clSeqNr=335
17:40:49.862 INF Submitted request. clSeqNr=336
17:40:49.866 INF Submitted request. clSeqNr=337
17:40:49.870 INF Submitted request. clSeqNr=338
17:40:49.873 INF Submitted request. clSeqNr=339
17:40:49.877 INF Submitted request. clSeqNr=340
17:40:49.880 INF Submitted request. clSeqNr=341
17:40:49.884 INF Submitted request. clSeqNr=342
17:40:49.888 INF Submitted request. clSeqNr=343
17:40:49.891 INF Submitted request. clSeqNr=344
17:40:49.895 INF Submitted request. clSeqNr=345
17:40:49.898 INF Submitted request. clSeqNr=346
17:40:49.902 INF Submitted request. clSeqNr=347
17:40:49.907 INF Submitted request. clSeqNr=348
17:40:49.910 INF Submitted request. clSeqNr=349
17:40:49.913 INF Submitted request. clSeqNr=350
17:40:49.917 INF Submitted request. clSeqNr=351
17:40:49.921 INF Submitted request. clSeqNr=352
17:40:49.924 INF Submitted request. clSeqNr=353
17:40:49.928 INF Submitted request. clSeqNr=354
17:40:49.931 INF Submitted request. clSeqNr=355
17:40:49.935 INF Submitted request. clSeqNr=356
17:40:49.939 INF Submitted request. clSeqNr=357
17:40:49.943 INF Submitted request. clSeqNr=358
17:40:49.946 INF Submitted request. clSeqNr=359
17:40:49.951 INF Submitted request. clSeqNr=360
17:40:49.954 INF Submitted request. clSeqNr=361
17:40:49.958 INF Submitted request. clSeqNr=362
17:40:49.961 INF Submitted request. clSeqNr=363
17:40:49.965 INF Submitted request. clSeqNr=364
17:40:49.968 INF Submitted request. clSeqNr=365
17:40:49.972 INF Submitted request. clSeqNr=366
17:40:49.976 INF Submitted request. clSeqNr=367
17:40:49.979 INF Submitted request. clSeqNr=368
17:40:49.984 INF Submitted request. clSeqNr=369
17:40:49.986 INF Submitted request. clSeqNr=370
17:40:49.990 INF Submitted request. clSeqNr=371
17:40:49.994 INF Submitted request. clSeqNr=372
17:40:49.998 INF Submitted request. clSeqNr=373
17:40:50.001 INF Submitted request. clSeqNr=374
17:40:50.005 INF Submitted request. clSeqNr=375
17:40:50.008 INF Submitted request. clSeqNr=376
17:40:50.012 INF Submitted request. clSeqNr=377
17:40:50.016 INF Submitted request. clSeqNr=378
17:40:50.020 INF Submitted request. clSeqNr=379
17:40:50.024 INF Submitted request. clSeqNr=380
17:40:50.027 INF Submitted request. clSeqNr=381
17:40:50.030 INF Submitted request. clSeqNr=382
17:40:50.034 INF Submitted request. clSeqNr=383
17:40:50.039 INF Submitted request. clSeqNr=384
17:40:50.042 INF Submitted request. clSeqNr=385
17:40:50.046 INF Submitted request. clSeqNr=386
17:40:50.049 INF Submitted request. clSeqNr=387
17:40:50.052 INF Submitted request. clSeqNr=388
17:40:50.056 INF Submitted request. clSeqNr=389
17:40:50.060 INF Submitted request. clSeqNr=390
17:40:50.064 INF Submitted request. clSeqNr=391
17:40:50.067 INF Submitted request. clSeqNr=392
17:40:50.072 INF Submitted request. clSeqNr=393
17:40:50.074 INF Submitted request. clSeqNr=394
17:40:50.078 INF Submitted request. clSeqNr=395
17:40:50.082 INF Submitted request. clSeqNr=396
17:40:50.085 INF Submitted request. clSeqNr=397
17:40:50.089 INF Submitted request. clSeqNr=398
17:40:50.093 INF Submitted request. clSeqNr=399
17:40:50.096 INF Submitted request. clSeqNr=400
17:40:50.101 INF Submitted request. clSeqNr=401
17:40:50.104 INF Submitted request. clSeqNr=402
17:40:50.108 INF Submitted request. clSeqNr=403
17:40:50.112 INF Submitted request. clSeqNr=404
17:40:50.115 INF Submitted request. clSeqNr=405
17:40:50.118 INF Submitted request. clSeqNr=406
17:40:50.122 INF Submitted request. clSeqNr=407
17:40:50.125 INF Submitted request. clSeqNr=408
17:40:50.130 INF Submitted request. clSeqNr=409
17:40:50.133 INF Submitted request. clSeqNr=410
17:40:50.137 INF Submitted request. clSeqNr=411
17:40:50.141 INF Submitted request. clSeqNr=412
17:40:50.144 INF Submitted request. clSeqNr=413
17:40:50.148 INF Submitted request. clSeqNr=414
17:40:50.151 INF Submitted request. clSeqNr=415
17:40:50.155 INF Submitted request. clSeqNr=416
17:40:50.159 INF Submitted request. clSeqNr=417
17:40:50.163 INF Submitted request. clSeqNr=418
17:40:50.166 INF Submitted request. clSeqNr=419
17:40:50.170 INF Submitted request. clSeqNr=420
17:40:50.173 INF Submitted request. clSeqNr=421
17:40:50.178 INF Submitted request. clSeqNr=422
17:40:50.181 INF Submitted request. clSeqNr=423
17:40:50.184 INF Submitted request. clSeqNr=424
17:40:50.188 INF Submitted request. clSeqNr=425
17:40:50.192 INF Submitted request. clSeqNr=426
17:40:50.196 INF Submitted request. clSeqNr=427
17:40:50.199 INF Submitted request. clSeqNr=428
17:40:50.203 INF Submitted request. clSeqNr=429
17:40:50.206 INF Submitted request. clSeqNr=430
17:40:50.211 INF Submitted request. clSeqNr=431
17:40:50.213 INF Submitted request. clSeqNr=432
17:40:50.218 INF Submitted request. clSeqNr=433
17:40:50.221 INF Submitted request. clSeqNr=434
17:40:50.224 INF Submitted request. clSeqNr=435
17:40:50.228 INF Submitted request. clSeqNr=436
17:40:50.232 INF Submitted request. clSeqNr=437
17:40:50.236 INF Submitted request. clSeqNr=438
17:40:50.240 INF Submitted request. clSeqNr=439
17:40:50.243 INF Submitted request. clSeqNr=440
17:40:50.247 INF Submitted request. clSeqNr=441
17:40:50.250 INF Submitted request. clSeqNr=442
17:40:50.254 INF Submitted request. clSeqNr=443
17:40:50.258 INF Submitted request. clSeqNr=444
17:40:50.261 INF Submitted request. clSeqNr=445
17:40:50.265 INF Submitted request. clSeqNr=446
17:40:50.269 INF Submitted request. clSeqNr=447
17:40:50.272 INF Submitted request. clSeqNr=448
17:40:50.277 INF Submitted request. clSeqNr=449
17:40:50.279 INF Submitted request. clSeqNr=450
17:40:50.283 INF Submitted request. clSeqNr=451
17:40:50.288 INF Submitted request. clSeqNr=452
17:40:50.291 INF Submitted request. clSeqNr=453
17:40:50.294 INF Submitted request. clSeqNr=454
17:40:50.298 INF Submitted request. clSeqNr=455
17:40:50.301 INF Submitted request. clSeqNr=456
17:40:50.306 INF Submitted request. clSeqNr=457
17:40:50.309 INF Submitted request. clSeqNr=458
17:40:50.313 INF Submitted request. clSeqNr=459
17:40:50.316 INF Submitted request. clSeqNr=460
17:40:50.320 INF Submitted request. clSeqNr=461
17:40:50.323 INF Submitted request. clSeqNr=462
17:40:50.327 INF Submitted request. clSeqNr=463
17:40:50.331 INF Submitted request. clSeqNr=464
17:40:50.334 INF Submitted request. clSeqNr=465
17:40:50.338 INF Submitted request. clSeqNr=466
17:40:50.343 INF Submitted request. clSeqNr=467
17:40:50.345 INF Submitted request. clSeqNr=468
17:40:50.350 INF Submitted request. clSeqNr=469
17:40:50.353 INF Submitted request. clSeqNr=470
17:40:50.356 INF Submitted request. clSeqNr=471
17:40:50.360 INF Submitted request. clSeqNr=472
17:40:50.364 INF Submitted request. clSeqNr=473
17:40:50.367 INF Submitted request. clSeqNr=474
17:40:50.371 INF Submitted request. clSeqNr=475
17:40:50.375 INF Submitted request. clSeqNr=476
17:40:50.378 INF Submitted request. clSeqNr=477
17:40:50.382 INF Submitted request. clSeqNr=478
17:40:50.386 INF Submitted request. clSeqNr=479
17:40:50.390 INF Submitted request. clSeqNr=480
17:40:50.393 INF Submitted request. clSeqNr=481
17:40:50.398 INF Submitted request. clSeqNr=482
17:40:50.401 INF Submitted request. clSeqNr=483
17:40:50.405 INF Submitted request. clSeqNr=484
17:40:50.408 INF Submitted request. clSeqNr=485
17:40:50.411 INF Submitted request. clSeqNr=486
17:40:50.415 INF Submitted request. clSeqNr=487
17:40:50.419 INF Submitted request. clSeqNr=488
17:40:50.423 INF Submitted request. clSeqNr=489
17:40:50.426 INF Submitted request. clSeqNr=490
17:40:50.430 INF Submitted request. clSeqNr=491
17:40:50.433 INF Submitted request. clSeqNr=492
17:40:50.438 INF Submitted request. clSeqNr=493
17:40:50.441 INF Submitted request. clSeqNr=494
17:40:50.444 INF Submitted request. clSeqNr=495
17:40:50.448 INF Submitted request. clSeqNr=496
17:40:50.452 INF Submitted request. clSeqNr=497
17:40:50.456 INF Submitted request. clSeqNr=498
17:40:50.460 INF Submitted request. clSeqNr=499
17:40:50.462 INF Submitted request. clSeqNr=500
17:40:50.466 INF Submitted request. clSeqNr=501
17:40:50.470 INF Submitted request. clSeqNr=502
17:40:50.474 INF Submitted request. clSeqNr=503
17:40:50.478 INF Submitted request. clSeqNr=504
17:40:50.482 INF Submitted request. clSeqNr=505
17:40:50.485 INF Submitted request. clSeqNr=506
17:40:50.488 INF Submitted request. clSeqNr=507
17:40:50.493 INF Submitted request. clSeqNr=508
17:40:50.495 INF Submitted request. clSeqNr=509
17:40:50.499 INF Submitted request. clSeqNr=510
17:40:50.503 INF Submitted request. clSeqNr=511
17:40:50.507 INF Submitted request. clSeqNr=512
17:40:50.510 INF Submitted request. clSeqNr=513
17:40:50.514 INF Submitted request. clSeqNr=514
17:40:50.518 INF Submitted request. clSeqNr=515
17:40:50.521 INF Submitted request. clSeqNr=516
17:40:50.525 INF Submitted request. clSeqNr=517
17:40:50.529 INF Submitted request. clSeqNr=518
17:40:50.532 INF Submitted request. clSeqNr=519
17:40:50.536 INF Submitted request. clSeqNr=520
17:40:50.539 INF Submitted request. clSeqNr=521
17:40:50.544 INF Submitted request. clSeqNr=522
17:40:50.547 INF Submitted request. clSeqNr=523
17:40:50.551 INF Submitted request. clSeqNr=524
17:40:50.555 INF Submitted request. clSeqNr=525
17:40:50.558 INF Submitted request. clSeqNr=526
17:40:50.561 INF Submitted request. clSeqNr=527
17:40:50.565 INF Submitted request. clSeqNr=528
17:40:50.569 INF Submitted request. clSeqNr=529
17:40:50.573 INF Submitted request. clSeqNr=530
17:40:50.577 INF Submitted request. clSeqNr=531
17:40:50.581 INF Submitted request. clSeqNr=532
17:40:50.584 INF Submitted request. clSeqNr=533
17:40:50.588 INF Submitted request. clSeqNr=534
17:40:50.591 INF Submitted request. clSeqNr=535
17:40:50.595 INF Submitted request. clSeqNr=536
17:40:50.599 INF Submitted request. clSeqNr=537
17:40:50.602 INF Submitted request. clSeqNr=538
17:40:50.605 INF Submitted request. clSeqNr=539
17:40:50.609 INF Submitted request. clSeqNr=540
17:40:50.613 INF Submitted request. clSeqNr=541
17:40:50.617 INF Submitted request. clSeqNr=542
17:40:50.621 INF Submitted request. clSeqNr=543
17:40:50.624 INF Submitted request. clSeqNr=544
17:40:50.628 INF Submitted request. clSeqNr=545
17:40:50.632 INF Submitted request. clSeqNr=546
17:40:50.635 INF Submitted request. clSeqNr=547
17:40:50.639 INF Submitted request. clSeqNr=548
17:40:50.643 INF Submitted request. clSeqNr=549
17:40:50.647 INF Submitted request. clSeqNr=550
17:40:50.650 INF Submitted request. clSeqNr=551
17:40:50.653 INF Submitted request. clSeqNr=552
17:40:50.657 INF Submitted request. clSeqNr=553
17:40:50.661 INF Submitted request. clSeqNr=554
17:40:50.664 INF Submitted request. clSeqNr=555
17:40:50.669 INF Submitted request. clSeqNr=556
17:40:50.672 INF Submitted request. clSeqNr=557
17:40:50.675 INF Submitted request. clSeqNr=558
17:40:50.679 INF Submitted request. clSeqNr=559
17:40:50.683 INF Submitted request. clSeqNr=560
17:40:50.686 INF Submitted request. clSeqNr=561
17:40:50.691 INF Submitted request. clSeqNr=562
17:40:50.694 INF Submitted request. clSeqNr=563
17:40:50.697 INF Submitted request. clSeqNr=564
17:40:50.701 INF Submitted request. clSeqNr=565
17:40:50.705 INF Submitted request. clSeqNr=566
17:40:50.708 INF Submitted request. clSeqNr=567
17:40:50.712 INF Submitted request. clSeqNr=568
17:40:50.716 INF Submitted request. clSeqNr=569
17:40:50.719 INF Submitted request. clSeqNr=570
17:40:50.723 INF Submitted request. clSeqNr=571
17:40:50.727 INF Submitted request. clSeqNr=572
17:40:50.730 INF Submitted request. clSeqNr=573
17:40:50.734 INF Submitted request. clSeqNr=574
17:40:50.738 INF Submitted request. clSeqNr=575
17:40:50.742 INF Submitted request. clSeqNr=576
17:40:50.745 INF Submitted request. clSeqNr=577
17:40:50.749 INF Submitted request. clSeqNr=578
17:40:50.752 INF Submitted request. clSeqNr=579
17:40:50.757 INF Submitted request. clSeqNr=580
17:40:50.759 INF Submitted request. clSeqNr=581
17:40:50.763 INF Submitted request. clSeqNr=582
17:40:50.768 INF Submitted request. clSeqNr=583
17:40:50.770 INF Submitted request. clSeqNr=584
17:40:50.775 INF Submitted request. clSeqNr=585
17:40:50.778 INF Submitted request. clSeqNr=586
17:40:50.782 INF Submitted request. clSeqNr=587
17:40:50.785 INF Submitted request. clSeqNr=588
17:40:50.789 INF Submitted request. clSeqNr=589
17:40:50.793 INF Submitted request. clSeqNr=590
17:40:50.797 INF Submitted request. clSeqNr=591
17:40:50.800 INF Submitted request. clSeqNr=592
17:40:50.803 INF Submitted request. clSeqNr=593
17:40:50.808 INF Submitted request. clSeqNr=594
17:40:50.811 INF Submitted request. clSeqNr=595
17:40:50.815 INF Submitted request. clSeqNr=596
17:40:50.818 INF Submitted request. clSeqNr=597
17:40:50.822 INF Submitted request. clSeqNr=598
17:40:50.826 INF Submitted request. clSeqNr=599
17:40:50.829 INF Submitted request. clSeqNr=600
17:40:50.833 INF Submitted request. clSeqNr=601
17:40:50.837 INF Submitted request. clSeqNr=602
17:40:50.840 INF Submitted request. clSeqNr=603
17:40:50.844 INF Submitted request. clSeqNr=604
17:40:50.848 INF Submitted request. clSeqNr=605
17:40:50.851 INF Submitted request. clSeqNr=606
17:40:50.855 INF Submitted request. clSeqNr=607
17:40:50.859 INF Submitted request. clSeqNr=608
17:40:50.862 INF Submitted request. clSeqNr=609
17:40:50.866 INF Submitted request. clSeqNr=610
17:40:50.869 INF Submitted request. clSeqNr=611
17:40:50.873 INF Submitted request. clSeqNr=612
17:40:50.878 INF Submitted request. clSeqNr=613
17:40:50.881 INF Submitted request. clSeqNr=614
17:40:50.884 INF Submitted request. clSeqNr=615
17:40:50.888 INF Submitted request. clSeqNr=616
17:40:50.891 INF Submitted request. clSeqNr=617
17:40:50.895 INF Submitted request. clSeqNr=618
17:40:50.898 INF Submitted request. clSeqNr=619
17:40:50.902 INF Submitted request. clSeqNr=620
17:40:50.906 INF Submitted request. clSeqNr=621
17:40:50.910 INF Submitted request. clSeqNr=622
17:40:50.914 INF Submitted request. clSeqNr=623
17:40:50.917 INF Submitted request. clSeqNr=624
17:40:50.922 INF Submitted request. clSeqNr=625
17:40:50.925 INF Submitted request. clSeqNr=626
17:40:50.928 INF Submitted request. clSeqNr=627
17:40:50.932 INF Submitted request. clSeqNr=628
17:40:50.936 INF Submitted request. clSeqNr=629
17:40:50.939 INF Submitted request. clSeqNr=630
17:40:50.943 INF Submitted request. clSeqNr=631
17:40:50.946 INF Submitted request. clSeqNr=632
17:40:50.950 INF Submitted request. clSeqNr=633
17:40:50.953 INF Submitted request. clSeqNr=634
17:40:50.957 INF Submitted request. clSeqNr=635
17:40:50.962 INF Submitted request. clSeqNr=636
17:40:50.965 INF Submitted request. clSeqNr=637
17:40:50.969 INF Submitted request. clSeqNr=638
17:40:50.972 INF Submitted request. clSeqNr=639
17:40:50.976 INF Submitted request. clSeqNr=640
17:40:50.979 INF Submitted request. clSeqNr=641
17:40:50.984 INF Submitted request. clSeqNr=642
17:40:50.986 INF Submitted request. clSeqNr=643
17:40:50.990 INF Submitted request. clSeqNr=644
17:40:50.994 INF Submitted request. clSeqNr=645
17:40:50.998 INF Submitted request. clSeqNr=646
17:40:51.001 INF Submitted request. clSeqNr=647
17:40:51.005 INF Submitted request. clSeqNr=648
17:40:51.009 INF Submitted request. clSeqNr=649
17:40:51.012 INF Submitted request. clSeqNr=650
17:40:51.016 INF Submitted request. clSeqNr=651
17:40:51.019 INF Submitted request. clSeqNr=652
17:40:51.024 INF Submitted request. clSeqNr=653
17:40:51.027 INF Submitted request. clSeqNr=654
17:40:51.030 INF Submitted request. clSeqNr=655
17:40:51.035 INF Submitted request. clSeqNr=656
17:40:51.039 INF Submitted request. clSeqNr=657
17:40:51.042 INF Submitted request. clSeqNr=658
17:40:51.046 INF Submitted request. clSeqNr=659
17:40:51.049 INF Submitted request. clSeqNr=660
17:40:51.053 INF Submitted request. clSeqNr=661
17:40:51.056 INF Submitted request. clSeqNr=662
17:40:51.060 INF Submitted request. clSeqNr=663
17:40:51.063 INF Submitted request. clSeqNr=664
17:40:51.067 INF Submitted request. clSeqNr=665
17:40:51.071 INF Submitted request. clSeqNr=666
17:40:51.074 INF Submitted request. clSeqNr=667
17:40:51.078 INF Submitted request. clSeqNr=668
17:40:51.082 INF Submitted request. clSeqNr=669
17:40:51.086 INF Submitted request. clSeqNr=670
17:40:51.089 INF Submitted request. clSeqNr=671
17:40:51.093 INF Submitted request. clSeqNr=672
17:40:51.097 INF Submitted request. clSeqNr=673
17:40:51.100 INF Submitted request. clSeqNr=674
17:40:51.104 INF Submitted request. clSeqNr=675
17:40:51.107 INF Submitted request. clSeqNr=676
17:40:51.111 INF Submitted request. clSeqNr=677
17:40:51.115 INF Submitted request. clSeqNr=678
17:40:51.119 INF Submitted request. clSeqNr=679
17:40:51.122 INF Submitted request. clSeqNr=680
17:40:51.126 INF Submitted request. clSeqNr=681
17:40:51.130 INF Submitted request. clSeqNr=682
17:40:51.133 INF Submitted request. clSeqNr=683
17:40:51.137 INF Submitted request. clSeqNr=684
17:40:51.140 INF Submitted request. clSeqNr=685
17:40:51.144 INF Submitted request. clSeqNr=686
17:40:51.149 INF Submitted request. clSeqNr=687
17:40:51.151 INF Submitted request. clSeqNr=688
17:40:51.155 INF Submitted request. clSeqNr=689
17:40:51.160 INF Submitted request. clSeqNr=690
17:40:51.163 INF Submitted request. clSeqNr=691
17:40:51.166 INF Submitted request. clSeqNr=692
17:40:51.171 INF Submitted request. clSeqNr=693
17:40:51.173 INF Submitted request. clSeqNr=694
17:40:51.177 INF Submitted request. clSeqNr=695
17:40:51.181 INF Submitted request. clSeqNr=696
17:40:51.184 INF Submitted request. clSeqNr=697
17:40:51.188 INF Submitted request. clSeqNr=698
17:40:51.192 INF Submitted request. clSeqNr=699
17:40:51.196 INF Submitted request. clSeqNr=700
17:40:51.199 INF Submitted request. clSeqNr=701
17:40:51.203 INF Submitted request. clSeqNr=702
17:40:51.206 INF Submitted request. clSeqNr=703
17:40:51.211 INF Submitted request. clSeqNr=704
17:40:51.214 INF Submitted request. clSeqNr=705
17:40:51.218 INF Submitted request. clSeqNr=706
17:40:51.222 INF Submitted request. clSeqNr=707
17:40:51.225 INF Submitted request. clSeqNr=708
17:40:51.228 INF Submitted request. clSeqNr=709
17:40:51.232 INF Submitted request. clSeqNr=710
17:40:51.236 INF Submitted request. clSeqNr=711
17:40:51.239 INF Submitted request. clSeqNr=712
17:40:51.244 INF Submitted request. clSeqNr=713
17:40:51.247 INF Submitted request. clSeqNr=714
17:40:51.250 INF Submitted request. clSeqNr=715
17:40:51.254 INF Submitted request. clSeqNr=716
17:40:51.258 INF Submitted request. clSeqNr=717
17:40:51.261 INF Submitted request. clSeqNr=718
17:40:51.265 INF Submitted request. clSeqNr=719
17:40:51.268 INF Submitted request. clSeqNr=720
17:40:51.272 INF Submitted request. clSeqNr=721
17:40:51.276 INF Submitted request. clSeqNr=722
17:40:51.280 INF Submitted request. clSeqNr=723
17:40:51.283 INF Submitted request. clSeqNr=724
17:40:51.287 INF Submitted request. clSeqNr=725
17:40:51.291 INF Submitted request. clSeqNr=726
17:40:51.295 INF Submitted request. clSeqNr=727
17:40:51.298 INF Submitted request. clSeqNr=728
17:40:51.302 INF Submitted request. clSeqNr=729
17:40:51.305 INF Submitted request. clSeqNr=730
17:40:51.310 INF Submitted request. clSeqNr=731
17:40:51.313 INF Submitted request. clSeqNr=732
17:40:51.317 INF Submitted request. clSeqNr=733
17:40:51.320 INF Submitted request. clSeqNr=734
17:40:51.324 INF Submitted request. clSeqNr=735
17:40:51.327 INF Submitted request. clSeqNr=736
17:40:51.331 INF Submitted request. clSeqNr=737
17:40:51.334 INF Submitted request. clSeqNr=738
17:40:51.338 INF Submitted request. clSeqNr=739
17:40:51.342 INF Submitted request. clSeqNr=740
17:40:51.346 INF Submitted request. clSeqNr=741
17:40:51.349 INF Submitted request. clSeqNr=742
17:40:51.354 INF Submitted request. clSeqNr=743
17:40:51.357 INF Submitted request. clSeqNr=744
17:40:51.361 INF Submitted request. clSeqNr=745
17:40:51.364 INF Submitted request. clSeqNr=746
17:40:51.368 INF Submitted request. clSeqNr=747
17:40:51.372 INF Submitted request. clSeqNr=748
17:40:51.375 INF Submitted request. clSeqNr=749
17:40:51.378 INF Submitted request. clSeqNr=750
17:40:51.383 INF Submitted request. clSeqNr=751
17:40:51.387 INF Submitted request. clSeqNr=752
17:40:51.390 INF Submitted request. clSeqNr=753
17:40:51.393 INF Submitted request. clSeqNr=754
17:40:51.397 INF Submitted request. clSeqNr=755
17:40:51.401 INF Submitted request. clSeqNr=756
17:40:51.404 INF Submitted request. clSeqNr=757
17:40:51.408 INF Submitted request. clSeqNr=758
17:40:51.412 INF Submitted request. clSeqNr=759
17:40:51.415 INF Submitted request. clSeqNr=760
17:40:51.420 INF Submitted request. clSeqNr=761
17:40:51.422 INF Submitted request. clSeqNr=762
17:40:51.426 INF Submitted request. clSeqNr=763
17:40:51.430 INF Submitted request. clSeqNr=764
17:40:51.434 INF Submitted request. clSeqNr=765
17:40:51.437 INF Submitted request. clSeqNr=766
17:40:51.441 INF Submitted request. clSeqNr=767
17:40:51.445 INF Submitted request. clSeqNr=768
17:40:51.448 INF Submitted request. clSeqNr=769
17:40:51.451 INF Submitted request. clSeqNr=770
17:40:51.456 INF Submitted request. clSeqNr=771
17:40:51.459 INF Submitted request. clSeqNr=772
17:40:51.463 INF Submitted request. clSeqNr=773
17:40:51.467 INF Submitted request. clSeqNr=774
17:40:51.471 INF Submitted request. clSeqNr=775
17:40:51.474 INF Submitted request. clSeqNr=776
17:40:51.477 INF Submitted request. clSeqNr=777
17:40:51.481 INF Submitted request. clSeqNr=778
17:40:51.485 INF Submitted request. clSeqNr=779
17:40:51.488 INF Submitted request. clSeqNr=780
17:40:51.492 INF Submitted request. clSeqNr=781
17:40:51.496 INF Submitted request. clSeqNr=782
17:40:51.500 INF Submitted request. clSeqNr=783
17:40:51.503 INF Submitted request. clSeqNr=784
17:40:51.507 INF Submitted request. clSeqNr=785
17:40:51.510 INF Submitted request. clSeqNr=786
17:40:51.515 INF Submitted request. clSeqNr=787
17:40:51.518 INF Submitted request. clSeqNr=788
17:40:51.521 INF Submitted request. clSeqNr=789
17:40:51.525 INF Submitted request. clSeqNr=790
17:40:51.528 INF Submitted request. clSeqNr=791
17:40:51.532 INF Submitted request. clSeqNr=792
17:40:51.536 INF Submitted request. clSeqNr=793
17:40:51.539 INF Submitted request. clSeqNr=794
17:40:51.544 INF Submitted request. clSeqNr=795
17:40:51.547 INF Submitted request. clSeqNr=796
17:40:51.551 INF Submitted request. clSeqNr=797
17:40:51.554 INF Submitted request. clSeqNr=798
17:40:51.558 INF Submitted request. clSeqNr=799
17:40:51.562 INF Submitted request. clSeqNr=800
17:40:51.565 INF Submitted request. clSeqNr=801
17:40:51.569 INF Submitted request. clSeqNr=802
17:40:51.572 INF Submitted request. clSeqNr=803
17:40:51.576 INF Submitted request. clSeqNr=804
17:40:51.580 INF Submitted request. clSeqNr=805
17:40:51.584 INF Submitted request. clSeqNr=806
17:40:51.587 INF Submitted request. clSeqNr=807
17:40:51.591 INF Submitted request. clSeqNr=808
17:40:51.595 INF Submitted request. clSeqNr=809
17:40:51.598 INF Submitted request. clSeqNr=810
17:40:51.602 INF Submitted request. clSeqNr=811
17:40:51.606 INF Submitted request. clSeqNr=812
17:40:51.609 INF Submitted request. clSeqNr=813
17:40:51.613 INF Submitted request. clSeqNr=814
17:40:51.616 INF Submitted request. clSeqNr=815
17:40:51.621 INF Submitted request. clSeqNr=816
17:40:51.624 INF Submitted request. clSeqNr=817
17:40:51.627 INF Submitted request. clSeqNr=818
17:40:51.631 INF Submitted request. clSeqNr=819
17:40:51.635 INF Submitted request. clSeqNr=820
17:40:51.639 INF Submitted request. clSeqNr=821
17:40:51.642 INF Submitted request. clSeqNr=822
17:40:51.646 INF Submitted request. clSeqNr=823
17:40:51.649 INF Submitted request. clSeqNr=824
17:40:51.653 INF Submitted request. clSeqNr=825
17:40:51.657 INF Submitted request. clSeqNr=826
17:40:51.660 INF Submitted request. clSeqNr=827
17:40:51.664 INF Submitted request. clSeqNr=828
17:40:51.668 INF Submitted request. clSeqNr=829
17:40:51.672 INF Submitted request. clSeqNr=830
17:40:51.676 INF Submitted request. clSeqNr=831
17:40:51.679 INF Submitted request. clSeqNr=832
17:40:51.682 INF Submitted request. clSeqNr=833
17:40:51.687 INF Submitted request. clSeqNr=834
17:40:51.690 INF Submitted request. clSeqNr=835
17:40:51.693 INF Submitted request. clSeqNr=836
17:40:51.697 INF Submitted request. clSeqNr=837
17:40:51.701 INF Submitted request. clSeqNr=838
17:40:51.704 INF Submitted request. clSeqNr=839
17:40:51.708 INF Submitted request. clSeqNr=840
17:40:51.713 INF Submitted request. clSeqNr=841
17:40:51.716 INF Submitted request. clSeqNr=842
17:40:51.719 INF Submitted request. clSeqNr=843
17:40:51.723 INF Submitted request. clSeqNr=844
17:40:51.726 INF Submitted request. clSeqNr=845
17:40:51.730 INF Submitted request. clSeqNr=846
17:40:51.734 INF Submitted request. clSeqNr=847
17:40:51.737 INF Submitted request. clSeqNr=848
17:40:51.742 INF Submitted request. clSeqNr=849
17:40:51.745 INF Submitted request. clSeqNr=850
17:40:51.749 INF Submitted request. clSeqNr=851
17:40:51.752 INF Submitted request. clSeqNr=852
17:40:51.756 INF Submitted request. clSeqNr=853
17:40:51.760 INF Submitted request. clSeqNr=854
17:40:51.763 INF Submitted request. clSeqNr=855
17:40:51.767 INF Submitted request. clSeqNr=856
17:40:51.770 INF Submitted request. clSeqNr=857
17:40:51.774 INF Submitted request. clSeqNr=858
17:40:51.779 INF Submitted request. clSeqNr=859
17:40:51.782 INF Submitted request. clSeqNr=860
17:40:51.785 INF Submitted request. clSeqNr=861
17:40:51.789 INF Submitted request. clSeqNr=862
17:40:51.793 INF Submitted request. clSeqNr=863
17:40:51.796 INF Submitted request. clSeqNr=864
17:40:51.800 INF Submitted request. clSeqNr=865
17:40:51.803 INF Submitted request. clSeqNr=866
17:40:51.808 INF Submitted request. clSeqNr=867
17:40:51.811 INF Submitted request. clSeqNr=868
17:40:51.815 INF Submitted request. clSeqNr=869
17:40:51.818 INF Submitted request. clSeqNr=870
17:40:51.822 INF Submitted request. clSeqNr=871
17:40:51.825 INF Submitted request. clSeqNr=872
17:40:51.830 INF Submitted request. clSeqNr=873
17:40:51.833 INF Submitted request. clSeqNr=874
17:40:51.836 INF Submitted request. clSeqNr=875
17:40:51.840 INF Submitted request. clSeqNr=876
17:40:51.843 INF Submitted request. clSeqNr=877
17:40:51.848 INF Submitted request. clSeqNr=878
17:40:51.851 INF Submitted request. clSeqNr=879
17:40:51.855 INF Submitted request. clSeqNr=880
17:40:51.858 INF Submitted request. clSeqNr=881
17:40:51.863 INF Submitted request. clSeqNr=882
17:40:51.866 INF Submitted request. clSeqNr=883
17:40:51.870 INF Submitted request. clSeqNr=884
17:40:51.873 INF Submitted request. clSeqNr=885
17:40:51.876 INF Submitted request. clSeqNr=886
17:40:51.880 INF Submitted request. clSeqNr=887
17:40:51.884 INF Submitted request. clSeqNr=888
17:40:51.887 INF Submitted request. clSeqNr=889
17:40:51.892 INF Submitted request. clSeqNr=890
17:40:51.895 INF Submitted request. clSeqNr=891
17:40:51.898 INF Submitted request. clSeqNr=892
17:40:51.902 INF Submitted request. clSeqNr=893
17:40:51.906 INF Submitted request. clSeqNr=894
17:40:51.909 INF Submitted request. clSeqNr=895
17:40:51.914 INF Submitted request. clSeqNr=896
17:40:51.918 INF Submitted request. clSeqNr=897
17:40:51.920 INF Submitted request. clSeqNr=898
17:40:51.924 INF Submitted request. clSeqNr=899
17:40:51.929 INF Submitted request. clSeqNr=900
17:40:51.932 INF Submitted request. clSeqNr=901
17:40:51.936 INF Submitted request. clSeqNr=902
17:40:51.939 INF Submitted request. clSeqNr=903
17:40:51.943 INF Submitted request. clSeqNr=904
17:40:51.947 INF Submitted request. clSeqNr=905
17:40:51.950 INF Submitted request. clSeqNr=906
17:40:51.954 INF Submitted request. clSeqNr=907
17:40:51.957 INF Submitted request. clSeqNr=908
17:40:51.961 INF Submitted request. clSeqNr=909
17:40:51.964 INF Submitted request. clSeqNr=910
17:40:51.969 INF Submitted request. clSeqNr=911
17:40:51.972 INF Submitted request. clSeqNr=912
17:40:51.976 INF Submitted request. clSeqNr=913
17:40:51.979 INF Submitted request. clSeqNr=914
17:40:51.983 INF Submitted request. clSeqNr=915
17:40:51.987 INF Submitted request. clSeqNr=916
17:40:51.990 INF Submitted request. clSeqNr=917
17:40:51.994 INF Submitted request. clSeqNr=918
17:40:51.997 INF Submitted request. clSeqNr=919
17:40:52.001 INF Submitted request. clSeqNr=920
17:40:52.005 INF Submitted request. clSeqNr=921
17:40:52.008 INF Submitted request. clSeqNr=922
17:40:52.012 INF Submitted request. clSeqNr=923
17:40:52.016 INF Submitted request. clSeqNr=924
17:40:52.019 INF Submitted request. clSeqNr=925
17:40:52.023 INF Submitted request. clSeqNr=926
17:40:52.027 INF Submitted request. clSeqNr=927
17:40:52.030 INF Submitted request. clSeqNr=928
17:40:52.035 INF Submitted request. clSeqNr=929
17:40:52.038 INF Submitted request. clSeqNr=930
17:40:52.042 INF Submitted request. clSeqNr=931
17:40:52.045 INF Submitted request. clSeqNr=932
17:40:52.049 INF Submitted request. clSeqNr=933
17:40:52.053 INF Submitted request. clSeqNr=934
17:40:52.056 INF Submitted request. clSeqNr=935
17:40:52.060 INF Submitted request. clSeqNr=936
17:40:52.063 INF Submitted request. clSeqNr=937
17:40:52.067 INF Submitted request. clSeqNr=938
17:40:52.071 INF Submitted request. clSeqNr=939
17:40:52.075 INF Submitted request. clSeqNr=940
17:40:52.078 INF Submitted request. clSeqNr=941
17:40:52.082 INF Submitted request. clSeqNr=942
17:40:52.085 INF Submitted request. clSeqNr=943
17:40:52.089 INF Submitted request. clSeqNr=944
17:40:52.094 INF Submitted request. clSeqNr=945
17:40:52.097 INF Submitted request. clSeqNr=946
17:40:52.100 INF Submitted request. clSeqNr=947
17:40:52.104 INF Submitted request. clSeqNr=948
17:40:52.107 INF Submitted request. clSeqNr=949
17:40:52.111 INF Submitted request. clSeqNr=950
17:40:52.115 INF Submitted request. clSeqNr=951
17:40:52.118 INF Submitted request. clSeqNr=952
17:40:52.122 INF Submitted request. clSeqNr=953
17:40:52.126 INF Submitted request. clSeqNr=954
17:40:52.129 INF Submitted request. clSeqNr=955
17:40:52.133 INF Submitted request. clSeqNr=956
17:40:52.137 INF Submitted request. clSeqNr=957
17:40:52.140 INF Submitted request. clSeqNr=958
17:40:52.144 INF Submitted request. clSeqNr=959
17:40:52.148 INF Submitted request. clSeqNr=960
17:40:52.152 INF Submitted request. clSeqNr=961
17:40:52.156 INF Submitted request. clSeqNr=962
17:40:52.159 INF Submitted request. clSeqNr=963
17:40:52.163 INF Submitted request. clSeqNr=964
17:40:52.166 INF Submitted request. clSeqNr=965
17:40:52.171 INF Submitted request. clSeqNr=966
17:40:52.173 INF Submitted request. clSeqNr=967
17:40:52.177 INF Submitted request. clSeqNr=968
17:40:52.181 INF Submitted request. clSeqNr=969
17:40:52.184 INF Submitted request. clSeqNr=970
17:40:52.188 INF Submitted request. clSeqNr=971
17:40:52.192 INF Submitted request. clSeqNr=972
17:40:52.195 INF Submitted request. clSeqNr=973
17:40:52.200 INF Submitted request. clSeqNr=974
17:40:52.202 INF Submitted request. clSeqNr=975
17:40:52.206 INF Submitted request. clSeqNr=976
17:40:52.210 INF Submitted request. clSeqNr=977
17:40:52.214 INF Submitted request. clSeqNr=978
17:40:52.218 INF Submitted request. clSeqNr=979
17:40:52.221 INF Submitted request. clSeqNr=980
17:40:52.225 INF Submitted request. clSeqNr=981
17:40:52.229 INF Submitted request. clSeqNr=982
17:40:52.232 INF Submitted request. clSeqNr=983
17:40:52.236 INF Submitted request. clSeqNr=984
17:40:52.239 INF Submitted request. clSeqNr=985
17:40:52.243 INF Submitted request. clSeqNr=986
17:40:52.247 INF Submitted request. clSeqNr=987
17:40:52.250 INF Submitted request. clSeqNr=988
17:40:52.254 INF Submitted request. clSeqNr=989
17:40:52.258 INF Submitted request. clSeqNr=990
17:40:52.262 INF Submitted request. clSeqNr=991
17:40:52.265 INF Submitted request. clSeqNr=992
17:40:52.269 INF Submitted request. clSeqNr=993
17:40:52.273 INF Submitted request. clSeqNr=994
17:40:52.276 INF Submitted request. clSeqNr=995
17:40:52.280 INF Submitted request. clSeqNr=996
17:40:52.284 INF Submitted request. clSeqNr=997
17:40:52.287 INF Submitted request. clSeqNr=998
17:40:52.291 INF Submitted request. clSeqNr=999
17:40:52.295 INF Submitted request. clSeqNr=1000
17:40:52.298 INF Submitted request. clSeqNr=1001
17:40:52.301 INF Submitted request. clSeqNr=1002
17:40:52.305 INF Submitted request. clSeqNr=1003
17:40:52.310 INF Submitted request. clSeqNr=1004
17:40:52.312 INF Submitted request. clSeqNr=1005
17:40:52.316 INF Submitted request. clSeqNr=1006
17:40:52.321 INF Submitted request. clSeqNr=1007
17:40:52.323 INF Submitted request. clSeqNr=1008
17:40:52.328 INF Submitted request. clSeqNr=1009
17:40:52.331 INF Submitted request. clSeqNr=1010
17:40:52.335 INF Submitted request. clSeqNr=1011
17:40:52.338 INF Submitted request. clSeqNr=1012
17:40:52.342 INF Submitted request. clSeqNr=1013
17:40:52.345 INF Submitted request. clSeqNr=1014
17:40:52.350 INF Submitted request. clSeqNr=1015
17:40:52.353 INF Submitted request. clSeqNr=1016
17:40:52.357 INF Submitted request. clSeqNr=1017
17:40:52.361 INF Submitted request. clSeqNr=1018
17:40:52.364 INF Submitted request. clSeqNr=1019
17:40:52.367 INF Submitted request. clSeqNr=1020
17:40:52.371 INF Submitted request. clSeqNr=1021
17:40:52.375 INF Submitted request. clSeqNr=1022
17:40:52.378 INF Submitted request. clSeqNr=1023
17:40:52.382 INF Submitted request. clSeqNr=1024
17:40:52.386 INF Submitted request. clSeqNr=1025
17:40:52.389 INF Submitted request. clSeqNr=1026
17:40:52.393 INF Submitted request. clSeqNr=1027
17:40:52.397 INF Submitted request. clSeqNr=1028
17:40:52.401 INF Submitted request. clSeqNr=1029
17:40:52.404 INF Submitted request. clSeqNr=1030
17:40:52.408 INF Submitted request. clSeqNr=1031
17:40:52.411 INF Submitted request. clSeqNr=1032
17:40:52.416 INF Submitted request. clSeqNr=1033
17:40:52.419 INF Submitted request. clSeqNr=1034
17:40:52.423 INF Submitted request. clSeqNr=1035
17:40:52.426 INF Submitted request. clSeqNr=1036
17:40:52.430 INF Submitted request. clSeqNr=1037
17:40:52.434 INF Submitted request. clSeqNr=1038
17:40:52.437 INF Submitted request. clSeqNr=1039
17:40:52.441 INF Submitted request. clSeqNr=1040
17:40:52.445 INF Submitted request. clSeqNr=1041
17:40:52.449 INF Submitted request. clSeqNr=1042
17:40:52.453 INF Submitted request. clSeqNr=1043
17:40:52.455 INF Submitted request. clSeqNr=1044
17:40:52.459 INF Submitted request. clSeqNr=1045
17:40:52.463 INF Submitted request. clSeqNr=1046
17:40:52.466 INF Submitted request. clSeqNr=1047
17:40:52.471 INF Submitted request. clSeqNr=1048
17:40:52.474 INF Submitted request. clSeqNr=1049
17:40:52.477 INF Submitted request. clSeqNr=1050
17:40:52.482 INF Submitted request. clSeqNr=1051
17:40:52.485 INF Submitted request. clSeqNr=1052
17:40:52.488 INF Submitted request. clSeqNr=1053
17:40:52.492 INF Submitted request. clSeqNr=1054
17:40:52.496 INF Submitted request. clSeqNr=1055
17:40:52.500 INF Submitted request. clSeqNr=1056
17:40:52.504 INF Submitted request. clSeqNr=1057
17:40:52.507 INF Submitted request. clSeqNr=1058
17:40:52.510 INF Submitted request. clSeqNr=1059
17:40:52.514 INF Submitted request. clSeqNr=1060
17:40:52.517 INF Submitted request. clSeqNr=1061
17:40:52.522 INF Submitted request. clSeqNr=1062
17:40:52.525 INF Submitted request. clSeqNr=1063
17:40:52.529 INF Submitted request. clSeqNr=1064
17:40:52.532 INF Submitted request. clSeqNr=1065
17:40:52.536 INF Submitted request. clSeqNr=1066
17:40:52.539 INF Submitted request. clSeqNr=1067
17:40:52.544 INF Submitted request. clSeqNr=1068
17:40:52.548 INF Submitted request. clSeqNr=1069
17:40:52.551 INF Submitted request. clSeqNr=1070
17:40:52.554 INF Submitted request. clSeqNr=1071
17:40:52.558 INF Submitted request. clSeqNr=1072
17:40:52.562 INF Submitted request. clSeqNr=1073
17:40:52.565 INF Submitted request. clSeqNr=1074
17:40:52.570 INF Submitted request. clSeqNr=1075
17:40:52.572 INF Submitted request. clSeqNr=1076
17:40:52.577 INF Submitted request. clSeqNr=1077
17:40:52.581 INF Submitted request. clSeqNr=1078
17:40:52.584 INF Submitted request. clSeqNr=1079
17:40:52.587 INF Submitted request. clSeqNr=1080
17:40:52.592 INF Submitted request. clSeqNr=1081
17:40:52.595 INF Submitted request. clSeqNr=1082
17:40:52.598 INF Submitted request. clSeqNr=1083
17:40:52.602 INF Submitted request. clSeqNr=1084
17:40:52.606 INF Submitted request. clSeqNr=1085
17:40:52.609 INF Submitted request. clSeqNr=1086
17:40:52.613 INF Submitted request. clSeqNr=1087
17:40:52.616 INF Submitted request. clSeqNr=1088
17:40:52.620 INF Submitted request. clSeqNr=1089
17:40:52.624 INF Submitted request. clSeqNr=1090
17:40:52.628 INF Submitted request. clSeqNr=1091
17:40:52.631 INF Submitted request. clSeqNr=1092
17:40:52.636 INF Submitted request. clSeqNr=1093
17:40:52.639 INF Submitted request. clSeqNr=1094
17:40:52.643 INF Submitted request. clSeqNr=1095
17:40:52.647 INF Submitted request. clSeqNr=1096
17:40:52.649 INF Submitted request. clSeqNr=1097
17:40:52.653 INF Submitted request. clSeqNr=1098
17:40:52.657 INF Submitted request. clSeqNr=1099
17:40:52.661 INF Submitted request. clSeqNr=1100
17:40:52.664 INF Submitted request. clSeqNr=1101
17:40:52.668 INF Submitted request. clSeqNr=1102
17:40:52.672 INF Submitted request. clSeqNr=1103
17:40:52.675 INF Submitted request. clSeqNr=1104
17:40:52.679 INF Submitted request. clSeqNr=1105
17:40:52.683 INF Submitted request. clSeqNr=1106
17:40:52.686 INF Submitted request. clSeqNr=1107
17:40:52.690 INF Submitted request. clSeqNr=1108
17:40:52.693 INF Submitted request. clSeqNr=1109
17:40:52.697 INF Submitted request. clSeqNr=1110
17:40:52.701 INF Submitted request. clSeqNr=1111
17:40:52.704 INF Submitted request. clSeqNr=1112
17:40:52.709 INF Submitted request. clSeqNr=1113
17:40:52.712 INF Submitted request. clSeqNr=1114
17:40:52.716 INF Submitted request. clSeqNr=1115
17:40:52.719 INF Submitted request. clSeqNr=1116
17:40:52.723 INF Submitted request. clSeqNr=1117
17:40:52.727 INF Submitted request. clSeqNr=1118
17:40:52.730 INF Submitted request. clSeqNr=1119
17:40:52.734 INF Submitted request. clSeqNr=1120
17:40:52.738 INF Submitted request. clSeqNr=1121
17:40:52.741 INF Submitted request. clSeqNr=1122
17:40:52.745 INF Submitted request. clSeqNr=1123
17:40:52.749 INF Submitted request. clSeqNr=1124
17:40:52.752 INF Submitted request. clSeqNr=1125
17:40:52.756 INF Submitted request. clSeqNr=1126
17:40:52.760 INF Submitted request. clSeqNr=1127
17:40:52.764 INF Submitted request. clSeqNr=1128
17:40:52.767 INF Submitted request. clSeqNr=1129
17:40:52.770 INF Submitted request. clSeqNr=1130
17:40:52.774 INF Submitted request. clSeqNr=1131
17:40:52.778 INF Submitted request. clSeqNr=1132
17:40:52.781 INF Submitted request. clSeqNr=1133
17:40:52.785 INF Submitted request. clSeqNr=1134
17:40:52.789 INF Submitted request. clSeqNr=1135
17:40:52.792 INF Submitted request. clSeqNr=1136
17:40:52.796 INF Submitted request. clSeqNr=1137
17:40:52.800 INF Submitted request. clSeqNr=1138
17:40:52.803 INF Submitted request. clSeqNr=1139
17:40:52.807 INF Submitted request. clSeqNr=1140
17:40:52.811 INF Submitted request. clSeqNr=1141
17:40:52.815 INF Submitted request. clSeqNr=1142
17:40:52.818 INF Submitted request. clSeqNr=1143
17:40:52.822 INF Submitted request. clSeqNr=1144
17:40:52.826 INF Submitted request. clSeqNr=1145
17:40:52.829 INF Submitted request. clSeqNr=1146
17:40:52.833 INF Submitted request. clSeqNr=1147
17:40:52.836 INF Submitted request. clSeqNr=1148
17:40:52.841 INF Submitted request. clSeqNr=1149
17:40:52.843 INF Submitted request. clSeqNr=1150
17:40:52.848 INF Submitted request. clSeqNr=1151
17:40:52.851 INF Submitted request. clSeqNr=1152
17:40:52.854 INF Submitted request. clSeqNr=1153
17:40:52.859 INF Submitted request. clSeqNr=1154
17:40:52.862 INF Submitted request. clSeqNr=1155
17:40:52.867 INF Submitted request. clSeqNr=1156
17:40:52.869 INF Submitted request. clSeqNr=1157
17:40:52.873 INF Submitted request. clSeqNr=1158
17:40:52.877 INF Submitted request. clSeqNr=1159
17:40:52.881 INF Submitted request. clSeqNr=1160
17:40:52.885 INF Submitted request. clSeqNr=1161
17:40:52.888 INF Submitted request. clSeqNr=1162
17:40:52.892 INF Submitted request. clSeqNr=1163
17:40:52.895 INF Submitted request. clSeqNr=1164
17:40:52.899 INF Submitted request. clSeqNr=1165
17:40:52.902 INF Submitted request. clSeqNr=1166
17:40:52.906 INF Submitted request. clSeqNr=1167
17:40:52.910 INF Submitted request. clSeqNr=1168
17:40:52.913 INF Submitted request. clSeqNr=1169
17:40:52.917 INF Submitted request. clSeqNr=1170
17:40:52.921 INF Submitted request. clSeqNr=1171
17:40:52.924 INF Submitted request. clSeqNr=1172
17:40:52.928 INF Submitted request. clSeqNr=1173
17:40:52.932 INF Submitted request. clSeqNr=1174
17:40:52.936 INF Submitted request. clSeqNr=1175
17:40:52.939 INF Submitted request. clSeqNr=1176
17:40:52.942 INF Submitted request. clSeqNr=1177
17:40:52.946 INF Submitted request. clSeqNr=1178
17:40:52.950 INF Submitted request. clSeqNr=1179
17:40:52.954 INF Submitted request. clSeqNr=1180
17:40:52.958 INF Submitted request. clSeqNr=1181
17:40:52.961 INF Submitted request. clSeqNr=1182
17:40:52.965 INF Submitted request. clSeqNr=1183
17:40:52.969 INF Submitted request. clSeqNr=1184
17:40:52.972 INF Submitted request. clSeqNr=1185
17:40:52.976 INF Submitted request. clSeqNr=1186
17:40:52.979 INF Submitted request. clSeqNr=1187
17:40:52.983 INF Submitted request. clSeqNr=1188
17:40:52.986 INF Submitted request. clSeqNr=1189
17:40:52.990 INF Submitted request. clSeqNr=1190
17:40:52.994 INF Submitted request. clSeqNr=1191
17:40:52.998 INF Submitted request. clSeqNr=1192
17:40:53.002 INF Submitted request. clSeqNr=1193
17:40:53.005 INF Submitted request. clSeqNr=1194
17:40:53.009 INF Submitted request. clSeqNr=1195
17:40:53.012 INF Submitted request. clSeqNr=1196
17:40:53.016 INF Submitted request. clSeqNr=1197
17:40:53.020 INF Submitted request. clSeqNr=1198
17:40:53.024 INF Submitted request. clSeqNr=1199
17:40:53.028 INF Submitted request. clSeqNr=1200
17:40:53.030 INF Submitted request. clSeqNr=1201
17:40:53.035 INF Submitted request. clSeqNr=1202
17:40:53.039 INF Submitted request. clSeqNr=1203
17:40:53.041 INF Submitted request. clSeqNr=1204
17:40:53.046 INF Submitted request. clSeqNr=1205
17:40:53.049 INF Submitted request. clSeqNr=1206
17:40:53.053 INF Submitted request. clSeqNr=1207
17:40:53.057 INF Submitted request. clSeqNr=1208
17:40:53.060 INF Submitted request. clSeqNr=1209
17:40:53.064 INF Submitted request. clSeqNr=1210
17:40:53.067 INF Submitted request. clSeqNr=1211
17:40:53.070 INF Submitted request. clSeqNr=1212
17:40:53.074 INF Submitted request. clSeqNr=1213
17:40:53.078 INF Submitted request. clSeqNr=1214
17:40:53.082 INF Submitted request. clSeqNr=1215
17:40:53.086 INF Submitted request. clSeqNr=1216
17:40:53.089 INF Submitted request. clSeqNr=1217
17:40:53.094 INF Submitted request. clSeqNr=1218
17:40:53.097 INF Submitted request. clSeqNr=1219
17:40:53.101 INF Submitted request. clSeqNr=1220
17:40:53.104 INF Submitted request. clSeqNr=1221
17:40:53.108 INF Submitted request. clSeqNr=1222
17:40:53.111 INF Submitted request. clSeqNr=1223
17:40:53.115 INF Submitted request. clSeqNr=1224
17:40:53.118 INF Submitted request. clSeqNr=1225
17:40:53.122 INF Submitted request. clSeqNr=1226
17:40:53.126 INF Submitted request. clSeqNr=1227
17:40:53.129 INF Submitted request. clSeqNr=1228
17:40:53.133 INF Submitted request. clSeqNr=1229
17:40:53.136 INF Submitted request. clSeqNr=1230
17:40:53.137 INF Request finished (out of order). clSeqNr=14
17:40:53.139 INF Request finished (out of order). clSeqNr=15
17:40:53.141 INF Submitted request. clSeqNr=1231
17:40:53.143 INF Request finished (out of order). clSeqNr=0
17:40:53.143 INF Request delivered (in order). clSeqNr=0
17:40:53.143 INF Request finished (out of order). clSeqNr=16
17:40:53.144 INF Submitted request. clSeqNr=1232
17:40:53.148 INF Submitted request. clSeqNr=1233
17:40:53.148 INF Request finished (out of order). clSeqNr=1
17:40:53.148 INF Request delivered (in order). clSeqNr=1
17:40:53.149 INF Request finished (out of order). clSeqNr=17
17:40:53.151 INF Submitted request. clSeqNr=1234
17:40:53.152 INF Request finished (out of order). clSeqNr=3
17:40:53.152 INF Request finished (out of order). clSeqNr=19
17:40:53.152 INF Request finished (out of order). clSeqNr=35
17:40:53.152 INF Request finished (out of order). clSeqNr=51
17:40:53.152 INF Request finished (out of order). clSeqNr=67
17:40:53.155 INF Submitted request. clSeqNr=1235
17:40:53.158 INF Submitted request. clSeqNr=1236
17:40:53.159 INF Request finished (out of order). clSeqNr=83
17:40:53.162 INF Submitted request. clSeqNr=1237
17:40:53.166 INF Submitted request. clSeqNr=1238
17:40:53.169 INF Submitted request. clSeqNr=1239
17:40:53.170 INF Request finished (out of order). clSeqNr=99
17:40:53.170 INF Request finished (out of order). clSeqNr=4
17:40:53.170 INF Request finished (out of order). clSeqNr=20
17:40:53.170 INF Request finished (out of order). clSeqNr=36
17:40:53.170 INF Request finished (out of order). clSeqNr=52
17:40:53.170 INF Request finished (out of order). clSeqNr=68
17:40:53.170 INF Request finished (out of order). clSeqNr=84
17:40:53.170 INF Request finished (out of order). clSeqNr=100
17:40:53.170 INF Request finished (out of order). clSeqNr=5
17:40:53.170 INF Request finished (out of order). clSeqNr=21
17:40:53.170 INF Request finished (out of order). clSeqNr=37
17:40:53.170 INF Request finished (out of order). clSeqNr=53
17:40:53.170 INF Request finished (out of order). clSeqNr=69
17:40:53.170 INF Request finished (out of order). clSeqNr=85
17:40:53.170 INF Request finished (out of order). clSeqNr=101
17:40:53.173 INF Submitted request. clSeqNr=1240
17:40:53.177 INF Submitted request. clSeqNr=1241
17:40:53.181 INF Submitted request. clSeqNr=1242
17:40:53.185 INF Submitted request. clSeqNr=1243
17:40:53.188 INF Submitted request. clSeqNr=1244
17:40:53.192 INF Submitted request. clSeqNr=1245
17:40:53.195 INF Submitted request. clSeqNr=1246
17:40:53.199 INF Submitted request. clSeqNr=1247
17:40:53.204 INF Submitted request. clSeqNr=1248
17:40:53.207 INF Submitted request. clSeqNr=1249
17:40:53.210 INF Submitted request. clSeqNr=1250
17:40:53.214 INF Submitted request. clSeqNr=1251
17:40:53.217 INF Submitted request. clSeqNr=1252
17:40:53.222 INF Submitted request. clSeqNr=1253
17:40:53.224 INF Submitted request. clSeqNr=1254
17:40:53.228 INF Submitted request. clSeqNr=1255
17:40:53.232 INF Submitted request. clSeqNr=1256
17:40:53.236 INF Submitted request. clSeqNr=1257
17:40:53.240 INF Submitted request. clSeqNr=1258
17:40:53.244 INF Submitted request. clSeqNr=1259
17:40:53.247 INF Submitted request. clSeqNr=1260
17:40:53.250 INF Submitted request. clSeqNr=1261
17:40:53.254 INF Submitted request. clSeqNr=1262
17:40:53.258 INF Submitted request. clSeqNr=1263
17:40:53.261 INF Submitted request. clSeqNr=1264
17:40:53.265 INF Submitted request. clSeqNr=1265
17:40:53.269 INF Submitted request. clSeqNr=1266
17:40:53.272 INF Submitted request. clSeqNr=1267
17:40:53.276 INF Submitted request. clSeqNr=1268
17:40:53.279 INF Submitted request. clSeqNr=1269
17:40:53.284 INF Submitted request. clSeqNr=1270
17:40:53.287 INF Submitted request. clSeqNr=1271
17:40:53.291 INF Submitted request. clSeqNr=1272
17:40:53.294 INF Submitted request. clSeqNr=1273
17:40:53.298 INF Submitted request. clSeqNr=1274
17:40:53.302 INF Submitted request. clSeqNr=1275
17:40:53.305 INF Submitted request. clSeqNr=1276
17:40:53.309 INF Submitted request. clSeqNr=1277
17:40:53.313 INF Submitted request. clSeqNr=1278
17:40:53.316 INF Submitted request. clSeqNr=1279
17:40:53.321 INF Submitted request. clSeqNr=1280
17:40:53.323 INF Submitted request. clSeqNr=1281
17:40:53.327 INF Submitted request. clSeqNr=1282
17:40:53.331 INF Submitted request. clSeqNr=1283
17:40:53.335 INF Submitted request. clSeqNr=1284
17:40:53.338 INF Submitted request. clSeqNr=1285
17:40:53.342 INF Submitted request. clSeqNr=1286
17:40:53.346 INF Submitted request. clSeqNr=1287
17:40:53.349 INF Submitted request. clSeqNr=1288
17:40:53.353 INF Submitted request. clSeqNr=1289
17:40:53.356 INF Submitted request. clSeqNr=1290
17:40:53.360 INF Submitted request. clSeqNr=1291
17:40:53.364 INF Submitted request. clSeqNr=1292
17:40:53.367 INF Submitted request. clSeqNr=1293
17:40:53.372 INF Submitted request. clSeqNr=1294
17:40:53.375 INF Submitted request. clSeqNr=1295
17:40:53.379 INF Submitted request. clSeqNr=1296
17:40:53.382 INF Submitted request. clSeqNr=1297
17:40:53.386 INF Submitted request. clSeqNr=1298
17:40:53.389 INF Submitted request. clSeqNr=1299
17:40:53.393 INF Submitted request. clSeqNr=1300
17:40:53.397 INF Submitted request. clSeqNr=1301
17:40:53.401 INF Submitted request. clSeqNr=1302
17:40:53.404 INF Submitted request. clSeqNr=1303
17:40:53.408 INF Submitted request. clSeqNr=1304
17:40:53.412 INF Submitted request. clSeqNr=1305
17:40:53.415 INF Submitted request. clSeqNr=1306
17:40:53.419 INF Submitted request. clSeqNr=1307
17:40:53.423 INF Submitted request. clSeqNr=1308
17:40:53.426 INF Submitted request. clSeqNr=1309
17:40:53.429 INF Submitted request. clSeqNr=1310
17:40:53.434 INF Submitted request. clSeqNr=1311
17:40:53.438 INF Submitted request. clSeqNr=1312
17:40:53.440 INF Submitted request. clSeqNr=1313
17:40:53.445 INF Submitted request. clSeqNr=1314
17:40:53.448 INF Submitted request. clSeqNr=1315
17:40:53.452 INF Submitted request. clSeqNr=1316
17:40:53.456 INF Submitted request. clSeqNr=1317
17:40:53.460 INF Submitted request. clSeqNr=1318
17:40:53.463 INF Submitted request. clSeqNr=1319
17:40:53.467 INF Submitted request. clSeqNr=1320
17:40:53.470 INF Submitted request. clSeqNr=1321
17:40:53.474 INF Submitted request. clSeqNr=1322
17:40:53.477 INF Submitted request. clSeqNr=1323
17:40:53.482 INF Submitted request. clSeqNr=1324
17:40:53.484 INF Submitted request. clSeqNr=1325
17:40:53.489 INF Submitted request. clSeqNr=1326
17:40:53.492 INF Submitted request. clSeqNr=1327
17:40:53.495 INF Submitted request. clSeqNr=1328
17:40:53.497 INF Request finished (out of order). clSeqNr=6
17:40:53.498 INF Request finished (out of order). clSeqNr=22
17:40:53.498 INF Request finished (out of order). clSeqNr=38
17:40:53.499 INF Request finished (out of order). clSeqNr=54
17:40:53.499 INF Request finished (out of order). clSeqNr=70
17:40:53.499 INF Submitted request. clSeqNr=1329
17:40:53.499 INF Request finished (out of order). clSeqNr=86
17:40:53.502 INF Request finished (out of order). clSeqNr=7
17:40:53.502 INF Request finished (out of order). clSeqNr=23
17:40:53.503 INF Request finished (out of order). clSeqNr=39
17:40:53.503 INF Submitted request. clSeqNr=1330
17:40:53.503 INF Request finished (out of order). clSeqNr=55
17:40:53.503 INF Request finished (out of order). clSeqNr=71
17:40:53.506 INF Request finished (out of order). clSeqNr=87
17:40:53.506 INF Submitted request. clSeqNr=1331
17:40:53.509 INF Request finished (out of order). clSeqNr=8
17:40:53.509 INF Request finished (out of order). clSeqNr=24
17:40:53.509 INF Request finished (out of order). clSeqNr=40
17:40:53.509 INF Request finished (out of order). clSeqNr=56
17:40:53.510 INF Request finished (out of order). clSeqNr=72
17:40:53.510 INF Submitted request. clSeqNr=1332
17:40:53.510 INF Request finished (out of order). clSeqNr=88
17:40:53.513 INF Request finished (out of order). clSeqNr=9
17:40:53.514 INF Submitted request. clSeqNr=1333
17:40:53.515 INF Request finished (out of order). clSeqNr=25
17:40:53.517 INF Submitted request. clSeqNr=1334
17:40:53.521 INF Submitted request. clSeqNr=1335
17:40:53.525 INF Submitted request. clSeqNr=1336
17:40:53.525 INF Request finished (out of order). clSeqNr=41
17:40:53.528 INF Submitted request. clSeqNr=1337
17:40:53.529 INF Request finished (out of order). clSeqNr=57
17:40:53.529 INF Request finished (out of order). clSeqNr=73
17:40:53.529 INF Request finished (out of order). clSeqNr=89
17:40:53.529 INF Request finished (out of order). clSeqNr=10
17:40:53.529 INF Request finished (out of order). clSeqNr=26
17:40:53.529 INF Request finished (out of order). clSeqNr=42
17:40:53.529 INF Request finished (out of order). clSeqNr=58
17:40:53.529 INF Request finished (out of order). clSeqNr=74
17:40:53.532 INF Submitted request. clSeqNr=1338
17:40:53.536 INF Submitted request. clSeqNr=1339
17:40:53.539 INF Submitted request. clSeqNr=1340
17:40:53.543 INF Submitted request. clSeqNr=1341
17:40:53.547 INF Submitted request. clSeqNr=1342
17:40:53.551 INF Submitted request. clSeqNr=1343
17:40:53.555 INF Submitted request. clSeqNr=1344
17:40:53.559 INF Submitted request. clSeqNr=1345
17:40:53.562 INF Submitted request. clSeqNr=1346
17:40:53.565 INF Submitted request. clSeqNr=1347
17:40:53.567 INF Request finished (out of order). clSeqNr=90
17:40:53.567 INF Request finished (out of order). clSeqNr=11
17:40:53.567 INF Request finished (out of order). clSeqNr=27
17:40:53.567 INF Request finished (out of order). clSeqNr=43
17:40:53.567 INF Request finished (out of order). clSeqNr=59
17:40:53.567 INF Request finished (out of order). clSeqNr=75
17:40:53.567 INF Request finished (out of order). clSeqNr=91
17:40:53.569 INF Submitted request. clSeqNr=1348
17:40:53.572 INF Submitted request. clSeqNr=1349
17:40:53.574 INF Request finished (out of order). clSeqNr=12
17:40:53.576 INF Submitted request. clSeqNr=1350
17:40:53.580 INF Submitted request. clSeqNr=1351
17:40:53.584 INF Submitted request. clSeqNr=1352
17:40:53.588 INF Submitted request. clSeqNr=1353
17:40:53.591 INF Submitted request. clSeqNr=1354
17:40:53.595 INF Submitted request. clSeqNr=1355
17:40:53.598 INF Submitted request. clSeqNr=1356
17:40:53.602 INF Submitted request. clSeqNr=1357
17:40:53.606 INF Submitted request. clSeqNr=1358
17:40:53.610 INF Submitted request. clSeqNr=1359
17:40:53.614 INF Submitted request. clSeqNr=1360
17:40:53.616 INF Submitted request. clSeqNr=1361
17:40:53.620 INF Submitted request. clSeqNr=1362
17:40:53.624 INF Submitted request. clSeqNr=1363
17:40:53.628 INF Submitted request. clSeqNr=1364
17:40:53.629 INF Request finished (out of order). clSeqNr=28
17:40:53.629 INF Request finished (out of order). clSeqNr=44
17:40:53.629 INF Request finished (out of order). clSeqNr=60
17:40:53.631 INF Submitted request. clSeqNr=1365
17:40:53.631 INF Request finished (out of order). clSeqNr=76
17:40:53.631 INF Request finished (out of order). clSeqNr=92
17:40:53.631 INF Request finished (out of order). clSeqNr=13
17:40:53.631 INF Request finished (out of order). clSeqNr=29
17:40:53.634 INF Request finished (out of order). clSeqNr=45
17:40:53.634 INF Request finished (out of order). clSeqNr=61
17:40:53.634 INF Request finished (out of order). clSeqNr=77
17:40:53.634 INF Request finished (out of order). clSeqNr=93
17:40:53.635 INF Submitted request. clSeqNr=1366
17:40:53.638 INF Submitted request. clSeqNr=1367
17:40:53.642 INF Submitted request. clSeqNr=1368
17:40:53.643 INF Request finished (out of order). clSeqNr=30
17:40:53.643 INF Request finished (out of order). clSeqNr=46
17:40:53.644 INF Request finished (out of order). clSeqNr=62
17:40:53.644 INF Request finished (out of order). clSeqNr=78
17:40:53.644 INF Request finished (out of order). clSeqNr=94
17:40:53.644 INF Request finished (out of order). clSeqNr=110
17:40:53.646 INF Submitted request. clSeqNr=1369
17:40:53.649 INF Submitted request. clSeqNr=1370
17:40:53.653 INF Submitted request. clSeqNr=1371
17:40:53.657 INF Submitted request. clSeqNr=1372
17:40:53.660 INF Submitted request. clSeqNr=1373
17:40:53.665 INF Submitted request. clSeqNr=1374
17:40:53.668 INF Submitted request. clSeqNr=1375
17:40:53.672 INF Submitted request. clSeqNr=1376
17:40:53.676 INF Submitted request. clSeqNr=1377
17:40:53.679 INF Submitted request. clSeqNr=1378
17:40:53.682 INF Submitted request. clSeqNr=1379
17:40:53.683 INF Request finished (out of order). clSeqNr=31
17:40:53.683 INF Request finished (out of order). clSeqNr=47
17:40:53.683 INF Request finished (out of order). clSeqNr=63
17:40:53.683 INF Request finished (out of order). clSeqNr=79
17:40:53.683 INF Request finished (out of order). clSeqNr=95
17:40:53.683 INF Request finished (out of order). clSeqNr=111
17:40:53.683 INF Request finished (out of order). clSeqNr=32
17:40:53.683 INF Request finished (out of order). clSeqNr=48
17:40:53.683 INF Request finished (out of order). clSeqNr=64
17:40:53.683 INF Request finished (out of order). clSeqNr=80
17:40:53.683 INF Request finished (out of order). clSeqNr=96
17:40:53.683 INF Request finished (out of order). clSeqNr=112
17:40:53.683 INF Request finished (out of order). clSeqNr=33
17:40:53.683 INF Request finished (out of order). clSeqNr=49
17:40:53.683 INF Request finished (out of order). clSeqNr=65
17:40:53.683 INF Request finished (out of order). clSeqNr=81
17:40:53.683 INF Request finished (out of order). clSeqNr=97
17:40:53.683 INF Request finished (out of order). clSeqNr=113
17:40:53.686 INF Submitted request. clSeqNr=1380
17:40:53.690 INF Submitted request. clSeqNr=1381
17:40:53.693 INF Submitted request. clSeqNr=1382
17:40:53.697 INF Submitted request. clSeqNr=1383
17:40:53.701 INF Submitted request. clSeqNr=1384
17:40:53.704 INF Submitted request. clSeqNr=1385
17:40:53.709 INF Submitted request. clSeqNr=1386
17:40:53.712 INF Submitted request. clSeqNr=1387
17:40:53.715 INF Submitted request. clSeqNr=1388
17:40:53.719 INF Submitted request. clSeqNr=1389
17:40:53.723 INF Submitted request. clSeqNr=1390
17:40:53.726 INF Submitted request. clSeqNr=1391
17:40:53.730 INF Submitted request. clSeqNr=1392
17:40:53.734 INF Submitted request. clSeqNr=1393
17:40:53.737 INF Submitted request. clSeqNr=1394
17:40:53.741 INF Submitted request. clSeqNr=1395
17:40:53.745 INF Submitted request. clSeqNr=1396
17:40:53.748 INF Submitted request. clSeqNr=1397
17:40:53.752 INF Submitted request. clSeqNr=1398
17:40:53.756 INF Submitted request. clSeqNr=1399
17:40:53.759 INF Submitted request. clSeqNr=1400
17:40:53.763 INF Submitted request. clSeqNr=1401
17:40:53.767 INF Submitted request. clSeqNr=1402
17:40:53.770 INF Submitted request. clSeqNr=1403
17:40:53.774 INF Submitted request. clSeqNr=1404
17:40:53.778 INF Submitted request. clSeqNr=1405
17:40:53.781 INF Submitted request. clSeqNr=1406
17:40:53.785 INF Submitted request. clSeqNr=1407
17:40:53.788 INF Submitted request. clSeqNr=1408
17:40:53.792 INF Submitted request. clSeqNr=1409
17:40:53.796 INF Submitted request. clSeqNr=1410
17:40:53.800 INF Submitted request. clSeqNr=1411
17:40:53.804 INF Submitted request. clSeqNr=1412
17:40:53.807 INF Submitted request. clSeqNr=1413
17:40:53.812 INF Submitted request. clSeqNr=1414
17:40:53.814 INF Submitted request. clSeqNr=1415
17:40:53.818 INF Submitted request. clSeqNr=1416
17:40:53.822 INF Submitted request. clSeqNr=1417
17:40:53.825 INF Submitted request. clSeqNr=1418
17:40:53.829 INF Submitted request. clSeqNr=1419
17:40:53.833 INF Submitted request. clSeqNr=1420
17:40:53.837 INF Submitted request. clSeqNr=1421
17:40:53.841 INF Submitted request. clSeqNr=1422
17:40:53.844 INF Submitted request. clSeqNr=1423
17:40:53.847 INF Submitted request. clSeqNr=1424
17:40:53.851 INF Submitted request. clSeqNr=1425
17:40:53.856 INF Submitted request. clSeqNr=1426
17:40:53.858 INF Submitted request. clSeqNr=1427
17:40:53.863 INF Submitted request. clSeqNr=1428
17:40:53.866 INF Submitted request. clSeqNr=1429
17:40:53.870 INF Submitted request. clSeqNr=1430
17:40:53.873 INF Submitted request. clSeqNr=1431
17:40:53.877 INF Submitted request. clSeqNr=1432
17:40:53.880 INF Submitted request. clSeqNr=1433
17:40:53.884 INF Submitted request. clSeqNr=1434
17:40:53.888 INF Submitted request. clSeqNr=1435
17:40:53.891 INF Submitted request. clSeqNr=1436
17:40:53.895 INF Submitted request. clSeqNr=1437
17:40:53.899 INF Submitted request. clSeqNr=1438
17:40:53.902 INF Submitted request. clSeqNr=1439
17:40:53.906 INF Submitted request. clSeqNr=1440
17:40:53.910 INF Submitted request. clSeqNr=1441
17:40:53.913 INF Submitted request. clSeqNr=1442
17:40:53.917 INF Submitted request. clSeqNr=1443
17:40:53.921 INF Submitted request. clSeqNr=1444
17:40:53.925 INF Submitted request. clSeqNr=1445
17:40:53.928 INF Submitted request. clSeqNr=1446
17:40:53.931 INF Submitted request. clSeqNr=1447
17:40:53.936 INF Submitted request. clSeqNr=1448
17:40:53.939 INF Submitted request. clSeqNr=1449
17:40:53.943 INF Submitted request. clSeqNr=1450
17:40:53.946 INF Submitted request. clSeqNr=1451
17:40:53.950 INF Submitted request. clSeqNr=1452
17:40:53.954 INF Submitted request. clSeqNr=1453
17:40:53.957 INF Submitted request. clSeqNr=1454
17:40:53.961 INF Submitted request. clSeqNr=1455
17:40:53.964 INF Submitted request. clSeqNr=1456
17:40:53.969 INF Submitted request. clSeqNr=1457
17:40:53.972 INF Submitted request. clSeqNr=1458
17:40:53.976 INF Submitted request. clSeqNr=1459
17:40:53.979 INF Submitted request. clSeqNr=1460
17:40:53.983 INF Submitted request. clSeqNr=1461
17:40:53.986 INF Submitted request. clSeqNr=1462
17:40:53.991 INF Submitted request. clSeqNr=1463
17:40:53.994 INF Submitted request. clSeqNr=1464
17:40:53.997 INF Submitted request. clSeqNr=1465
17:40:54.002 INF Submitted request. clSeqNr=1466
17:40:54.005 INF Submitted request. clSeqNr=1467
17:40:54.009 INF Submitted request. clSeqNr=1468
17:40:54.013 INF Submitted request. clSeqNr=1469
17:40:54.016 INF Submitted request. clSeqNr=1470
17:40:54.020 INF Submitted request. clSeqNr=1471
17:40:54.023 INF Submitted request. clSeqNr=1472
17:40:54.027 INF Submitted request. clSeqNr=1473
17:40:54.031 INF Submitted request. clSeqNr=1474
17:40:54.034 INF Submitted request. clSeqNr=1475
17:40:54.039 INF Submitted request. clSeqNr=1476
17:40:54.041 INF Submitted request. clSeqNr=1477
17:40:54.045 INF Submitted request. clSeqNr=1478
17:40:54.049 INF Submitted request. clSeqNr=1479
17:40:54.053 INF Submitted request. clSeqNr=1480
17:40:54.056 INF Submitted request. clSeqNr=1481
17:40:54.060 INF Submitted request. clSeqNr=1482
17:40:54.064 INF Submitted request. clSeqNr=1483
17:40:54.067 INF Submitted request. clSeqNr=1484
17:40:54.071 INF Submitted request. clSeqNr=1485
17:40:54.074 INF Submitted request. clSeqNr=1486
17:40:54.079 INF Submitted request. clSeqNr=1487
17:40:54.083 INF Submitted request. clSeqNr=1488
17:40:54.085 INF Submitted request. clSeqNr=1489
17:40:54.090 INF Submitted request. clSeqNr=1490
17:40:54.094 INF Submitted request. clSeqNr=1491
17:40:54.096 INF Submitted request. clSeqNr=1492
17:40:54.100 INF Submitted request. clSeqNr=1493
17:40:54.104 INF Submitted request. clSeqNr=1494
17:40:54.107 INF Submitted request. clSeqNr=1495
17:40:54.111 INF Submitted request. clSeqNr=1496
17:40:54.115 INF Submitted request. clSeqNr=1497
17:40:54.119 INF Submitted request. clSeqNr=1498
17:40:54.122 INF Submitted request. clSeqNr=1499
17:40:54.126 INF Submitted request. clSeqNr=1500
17:40:54.129 INF Submitted request. clSeqNr=1501
17:40:54.133 INF Submitted request. clSeqNr=1502
17:40:54.137 INF Submitted request. clSeqNr=1503
17:40:54.140 INF Submitted request. clSeqNr=1504
17:40:54.144 INF Submitted request. clSeqNr=1505
17:40:54.148 INF Submitted request. clSeqNr=1506
17:40:54.152 INF Submitted request. clSeqNr=1507
17:40:54.156 INF Submitted request. clSeqNr=1508
17:40:54.158 INF Submitted request. clSeqNr=1509
17:40:54.163 INF Submitted request. clSeqNr=1510
17:40:54.166 INF Submitted request. clSeqNr=1511
17:40:54.170 INF Submitted request. clSeqNr=1512
17:40:54.174 INF Submitted request. clSeqNr=1513
17:40:54.177 INF Submitted request. clSeqNr=1514
17:40:54.181 INF Submitted request. clSeqNr=1515
17:40:54.185 INF Submitted request. clSeqNr=1516
17:40:54.189 INF Submitted request. clSeqNr=1517
17:40:54.192 INF Submitted request. clSeqNr=1518
17:40:54.195 INF Submitted request. clSeqNr=1519
17:40:54.199 INF Submitted request. clSeqNr=1520
17:40:54.203 INF Submitted request. clSeqNr=1521
17:40:54.207 INF Submitted request. clSeqNr=1522
17:40:54.210 INF Submitted request. clSeqNr=1523
17:40:54.214 INF Submitted request. clSeqNr=1524
17:40:54.217 INF Submitted request. clSeqNr=1525
17:40:54.222 INF Submitted request. clSeqNr=1526
17:40:54.225 INF Submitted request. clSeqNr=1527
17:40:54.228 INF Submitted request. clSeqNr=1528
17:40:54.232 INF Submitted request. clSeqNr=1529
17:40:54.236 INF Submitted request. clSeqNr=1530
17:40:54.240 INF Submitted request. clSeqNr=1531
17:40:54.243 INF Submitted request. clSeqNr=1532
17:40:54.246 INF Submitted request. clSeqNr=1533
17:40:54.250 INF Submitted request. clSeqNr=1534
17:40:54.254 INF Submitted request. clSeqNr=1535
17:40:54.257 INF Submitted request. clSeqNr=1536
17:40:54.261 INF Submitted request. clSeqNr=1537
17:40:54.265 INF Submitted request. clSeqNr=1538
17:40:54.269 INF Submitted request. clSeqNr=1539
17:40:54.272 INF Submitted request. clSeqNr=1540
17:40:54.276 INF Submitted request. clSeqNr=1541
17:40:54.280 INF Submitted request. clSeqNr=1542
17:40:54.283 INF Submitted request. clSeqNr=1543
17:40:54.287 INF Submitted request. clSeqNr=1544
17:40:54.290 INF Submitted request. clSeqNr=1545
17:40:54.294 INF Submitted request. clSeqNr=1546
17:40:54.298 INF Submitted request. clSeqNr=1547
17:40:54.302 INF Submitted request. clSeqNr=1548
17:40:54.305 INF Submitted request. clSeqNr=1549
17:40:54.309 INF Submitted request. clSeqNr=1550
17:40:54.312 INF Submitted request. clSeqNr=1551
17:40:54.316 INF Submitted request. clSeqNr=1552
17:40:54.320 INF Submitted request. clSeqNr=1553
17:40:54.323 INF Submitted request. clSeqNr=1554
17:40:54.328 INF Submitted request. clSeqNr=1555
17:40:54.331 INF Submitted request. clSeqNr=1556
17:40:54.335 INF Submitted request. clSeqNr=1557
17:40:54.338 INF Submitted request. clSeqNr=1558
17:40:54.342 INF Submitted request. clSeqNr=1559
17:40:54.346 INF Submitted request. clSeqNr=1560
17:40:54.350 INF Submitted request. clSeqNr=1561
17:40:54.353 INF Submitted request. clSeqNr=1562
17:40:54.356 INF Submitted request. clSeqNr=1563
17:40:54.360 INF Submitted request. clSeqNr=1564
17:40:54.364 INF Submitted request. clSeqNr=1565
17:40:54.367 INF Submitted request. clSeqNr=1566
17:40:54.371 INF Submitted request. clSeqNr=1567
17:40:54.375 INF Submitted request. clSeqNr=1568
17:40:54.378 INF Submitted request. clSeqNr=1569
17:40:54.383 INF Submitted request. clSeqNr=1570
17:40:54.386 INF Submitted request. clSeqNr=1571
17:40:54.390 INF Submitted request. clSeqNr=1572
17:40:54.394 INF Submitted request. clSeqNr=1573
17:40:54.398 INF Submitted request. clSeqNr=1574
17:40:54.401 INF Submitted request. clSeqNr=1575
17:40:54.404 INF Submitted request. clSeqNr=1576
17:40:54.408 INF Submitted request. clSeqNr=1577
17:40:54.412 INF Submitted request. clSeqNr=1578
17:40:54.416 INF Submitted request. clSeqNr=1579
17:40:54.419 INF Submitted request. clSeqNr=1580
17:40:54.423 INF Submitted request. clSeqNr=1581
17:40:54.426 INF Submitted request. clSeqNr=1582
17:40:54.430 INF Submitted request. clSeqNr=1583
17:40:54.434 INF Submitted request. clSeqNr=1584
17:40:54.437 INF Submitted request. clSeqNr=1585
17:40:54.441 INF Submitted request. clSeqNr=1586
17:40:54.444 INF Submitted request. clSeqNr=1587
17:40:54.449 INF Submitted request. clSeqNr=1588
17:40:54.452 INF Submitted request. clSeqNr=1589
17:40:54.455 INF Submitted request. clSeqNr=1590
17:40:54.460 INF Submitted request. clSeqNr=1591
17:40:54.464 INF Submitted request. clSeqNr=1592
17:40:54.466 INF Submitted request. clSeqNr=1593
17:40:54.471 INF Submitted request. clSeqNr=1594
17:40:54.474 INF Submitted request. clSeqNr=1595
17:40:54.478 INF Submitted request. clSeqNr=1596
17:40:54.481 INF Submitted request. clSeqNr=1597
17:40:54.485 INF Submitted request. clSeqNr=1598
17:40:54.489 INF Submitted request. clSeqNr=1599
17:40:54.492 INF Submitted request. clSeqNr=1600
17:40:54.496 INF Submitted request. clSeqNr=1601
17:40:54.499 INF Submitted request. clSeqNr=1602
17:40:54.503 INF Submitted request. clSeqNr=1603
17:40:54.507 INF Submitted request. clSeqNr=1604
17:40:54.511 INF Submitted request. clSeqNr=1605
17:40:54.514 INF Submitted request. clSeqNr=1606
17:40:54.518 INF Submitted request. clSeqNr=1607
17:40:54.522 INF Submitted request. clSeqNr=1608
17:40:54.525 INF Submitted request. clSeqNr=1609
17:40:54.529 INF Submitted request. clSeqNr=1610
17:40:54.533 INF Submitted request. clSeqNr=1611
17:40:54.536 INF Submitted request. clSeqNr=1612
17:40:54.540 INF Submitted request. clSeqNr=1613
17:40:54.543 INF Submitted request. clSeqNr=1614
17:40:54.547 INF Submitted request. clSeqNr=1615
17:40:54.551 INF Submitted request. clSeqNr=1616
17:40:54.555 INF Submitted request. clSeqNr=1617
17:40:54.559 INF Submitted request. clSeqNr=1618
17:40:54.561 INF Submitted request. clSeqNr=1619
17:40:54.566 INF Submitted request. clSeqNr=1620
17:40:54.569 INF Submitted request. clSeqNr=1621
17:40:54.573 INF Submitted request. clSeqNr=1622
17:40:54.577 INF Submitted request. clSeqNr=1623
17:40:54.580 INF Submitted request. clSeqNr=1624
17:40:54.584 INF Submitted request. clSeqNr=1625
17:40:54.587 INF Submitted request. clSeqNr=1626
17:40:54.591 INF Submitted request. clSeqNr=1627
17:40:54.595 INF Submitted request. clSeqNr=1628
17:40:54.599 INF Submitted request. clSeqNr=1629
17:40:54.602 INF Submitted request. clSeqNr=1630
17:40:54.605 INF Submitted request. clSeqNr=1631
17:40:54.609 INF Submitted request. clSeqNr=1632
17:40:54.613 INF Submitted request. clSeqNr=1633
17:40:54.617 INF Submitted request. clSeqNr=1634
17:40:54.620 INF Submitted request. clSeqNr=1635
17:40:54.624 INF Submitted request. clSeqNr=1636
17:40:54.628 INF Submitted request. clSeqNr=1637
17:40:54.631 INF Submitted request. clSeqNr=1638
17:40:54.635 INF Submitted request. clSeqNr=1639
17:40:54.639 INF Submitted request. clSeqNr=1640
17:40:54.642 INF Submitted request. clSeqNr=1641
17:40:54.646 INF Submitted request. clSeqNr=1642
17:40:54.650 INF Submitted request. clSeqNr=1643
17:40:54.653 INF Submitted request. clSeqNr=1644
17:40:54.657 INF Submitted request. clSeqNr=1645
17:40:54.660 INF Submitted request. clSeqNr=1646
17:40:54.664 INF Submitted request. clSeqNr=1647
17:40:54.668 INF Submitted request. clSeqNr=1648
17:40:54.672 INF Submitted request. clSeqNr=1649
17:40:54.675 INF Submitted request. clSeqNr=1650
17:40:54.679 INF Submitted request. clSeqNr=1651
17:40:54.683 INF Submitted request. clSeqNr=1652
17:40:54.686 INF Submitted request. clSeqNr=1653
17:40:54.690 INF Submitted request. clSeqNr=1654
17:40:54.694 INF Submitted request. clSeqNr=1655
17:40:54.698 INF Submitted request. clSeqNr=1656
17:40:54.701 INF Submitted request. clSeqNr=1657
17:40:54.704 INF Submitted request. clSeqNr=1658
17:40:54.708 INF Submitted request. clSeqNr=1659
17:40:54.712 INF Submitted request. clSeqNr=1660
17:40:54.715 INF Submitted request. clSeqNr=1661
17:40:54.719 INF Submitted request. clSeqNr=1662
17:40:54.724 INF Submitted request. clSeqNr=1663
17:40:54.726 INF Submitted request. clSeqNr=1664
17:40:54.730 INF Submitted request. clSeqNr=1665
17:40:54.734 INF Submitted request. clSeqNr=1666
17:40:54.737 INF Submitted request. clSeqNr=1667
17:40:54.742 INF Submitted request. clSeqNr=1668
17:40:54.745 INF Submitted request. clSeqNr=1669
17:40:54.749 INF Submitted request. clSeqNr=1670
17:40:54.752 INF Submitted request. clSeqNr=1671
17:40:54.756 INF Submitted request. clSeqNr=1672
17:40:54.759 INF Submitted request. clSeqNr=1673
17:40:54.763 INF Submitted request. clSeqNr=1674
17:40:54.767 INF Submitted request. clSeqNr=1675
17:40:54.771 INF Submitted request. clSeqNr=1676
17:40:54.775 INF Submitted request. clSeqNr=1677
17:40:54.779 INF Submitted request. clSeqNr=1678
17:40:54.782 INF Submitted request. clSeqNr=1679
17:40:54.786 INF Submitted request. clSeqNr=1680
17:40:54.789 INF Submitted request. clSeqNr=1681
17:40:54.793 INF Submitted request. clSeqNr=1682
17:40:54.796 INF Submitted request. clSeqNr=1683
17:40:54.801 INF Submitted request. clSeqNr=1684
17:40:54.804 INF Submitted request. clSeqNr=1685
17:40:54.807 INF Submitted request. clSeqNr=1686
17:40:54.810 INF Submitted request. clSeqNr=1687
17:40:54.815 INF Submitted request. clSeqNr=1688
17:40:54.818 INF Submitted request. clSeqNr=1689
17:40:54.822 INF Submitted request. clSeqNr=1690
17:40:54.825 INF Submitted request. clSeqNr=1691
17:40:54.829 INF Submitted request. clSeqNr=1692
17:40:54.833 INF Submitted request. clSeqNr=1693
17:40:54.837 INF Submitted request. clSeqNr=1694
17:40:54.840 INF Submitted request. clSeqNr=1695
17:40:54.843 INF Submitted request. clSeqNr=1696
17:40:54.847 INF Submitted request. clSeqNr=1697
17:40:54.851 INF Submitted request. clSeqNr=1698
17:40:54.854 INF Submitted request. clSeqNr=1699
17:40:54.858 INF Submitted request. clSeqNr=1700
17:40:54.862 INF Submitted request. clSeqNr=1701
17:40:54.866 INF Submitted request. clSeqNr=1702
17:40:54.869 INF Submitted request. clSeqNr=1703
17:40:54.873 INF Submitted request. clSeqNr=1704
17:40:54.877 INF Submitted request. clSeqNr=1705
17:40:54.880 INF Submitted request. clSeqNr=1706
17:40:54.884 INF Submitted request. clSeqNr=1707
17:40:54.888 INF Submitted request. clSeqNr=1708
17:40:54.892 INF Submitted request. clSeqNr=1709
17:40:54.895 INF Submitted request. clSeqNr=1710
17:40:54.898 INF Submitted request. clSeqNr=1711
17:40:54.902 INF Submitted request. clSeqNr=1712
17:40:54.906 INF Submitted request. clSeqNr=1713
17:40:54.910 INF Submitted request. clSeqNr=1714
17:40:54.914 INF Submitted request. clSeqNr=1715
17:40:54.917 INF Submitted request. clSeqNr=1716
17:40:54.921 INF Submitted request. clSeqNr=1717
17:40:54.924 INF Submitted request. clSeqNr=1718
17:40:54.928 INF Submitted request. clSeqNr=1719
17:40:54.932 INF Submitted request. clSeqNr=1720
17:40:54.935 INF Submitted request. clSeqNr=1721
17:40:54.939 INF Submitted request. clSeqNr=1722
17:40:54.943 INF Submitted request. clSeqNr=1723
17:40:54.947 INF Submitted request. clSeqNr=1724
17:40:54.950 INF Submitted request. clSeqNr=1725
17:40:54.953 INF Submitted request. clSeqNr=1726
17:40:54.957 INF Submitted request. clSeqNr=1727
17:40:54.961 INF Submitted request. clSeqNr=1728
17:40:54.965 INF Submitted request. clSeqNr=1729
17:40:54.969 INF Submitted request. clSeqNr=1730
17:40:54.972 INF Submitted request. clSeqNr=1731
17:40:54.976 INF Submitted request. clSeqNr=1732
17:40:54.980 INF Submitted request. clSeqNr=1733
17:40:54.983 INF Submitted request. clSeqNr=1734
17:40:54.987 INF Submitted request. clSeqNr=1735
17:40:54.990 INF Submitted request. clSeqNr=1736
17:40:54.994 INF Submitted request. clSeqNr=1737
17:40:54.997 INF Submitted request. clSeqNr=1738
17:40:55.001 INF Submitted request. clSeqNr=1739
17:40:55.005 INF Submitted request. clSeqNr=1740
17:40:55.008 INF Submitted request. clSeqNr=1741
17:40:55.012 INF Submitted request. clSeqNr=1742
17:40:55.016 INF Submitted request. clSeqNr=1743
17:40:55.020 INF Submitted request. clSeqNr=1744
17:40:55.024 INF Submitted request. clSeqNr=1745
17:40:55.027 INF Submitted request. clSeqNr=1746
17:40:55.030 INF Submitted request. clSeqNr=1747
17:40:55.034 INF Submitted request. clSeqNr=1748
17:40:55.038 INF Submitted request. clSeqNr=1749
17:40:55.041 INF Submitted request. clSeqNr=1750
17:40:55.046 INF Submitted request. clSeqNr=1751
17:40:55.049 INF Submitted request. clSeqNr=1752
17:40:55.053 INF Submitted request. clSeqNr=1753
17:40:55.056 INF Submitted request. clSeqNr=1754
17:40:55.060 INF Submitted request. clSeqNr=1755
17:40:55.063 INF Submitted request. clSeqNr=1756
17:40:55.067 INF Submitted request. clSeqNr=1757
17:40:55.071 INF Submitted request. clSeqNr=1758
17:40:55.075 INF Submitted request. clSeqNr=1759
17:40:55.078 INF Submitted request. clSeqNr=1760
17:40:55.082 INF Submitted request. clSeqNr=1761
17:40:55.086 INF Submitted request. clSeqNr=1762
17:40:55.089 INF Submitted request. clSeqNr=1763
17:40:55.093 INF Submitted request. clSeqNr=1764
17:40:55.097 INF Submitted request. clSeqNr=1765
17:40:55.100 INF Submitted request. clSeqNr=1766
17:40:55.104 INF Submitted request. clSeqNr=1767
17:40:55.107 INF Submitted request. clSeqNr=1768
17:40:55.111 INF Submitted request. clSeqNr=1769
17:40:55.116 INF Submitted request. clSeqNr=1770
17:40:55.118 INF Submitted request. clSeqNr=1771
17:40:55.122 INF Submitted request. clSeqNr=1772
17:40:55.127 INF Submitted request. clSeqNr=1773
17:40:55.129 INF Submitted request. clSeqNr=1774
17:40:55.133 INF Submitted request. clSeqNr=1775
17:40:55.136 INF Submitted request. clSeqNr=1776
17:40:55.141 INF Submitted request. clSeqNr=1777
17:40:55.145 INF Submitted request. clSeqNr=1778
17:40:55.147 INF Submitted request. clSeqNr=1779
17:40:55.152 INF Submitted request. clSeqNr=1780
17:40:55.156 INF Submitted request. clSeqNr=1781
17:40:55.159 INF Submitted request. clSeqNr=1782
17:40:55.162 INF Submitted request. clSeqNr=1783
17:40:55.167 INF Submitted request. clSeqNr=1784
17:40:55.170 INF Submitted request. clSeqNr=1785
17:40:55.173 INF Submitted request. clSeqNr=1786
17:40:55.178 INF Submitted request. clSeqNr=1787
17:40:55.181 INF Submitted request. clSeqNr=1788
17:40:55.185 INF Submitted request. clSeqNr=1789
17:40:55.188 INF Submitted request. clSeqNr=1790
17:40:55.191 INF Submitted request. clSeqNr=1791
17:40:55.196 INF Submitted request. clSeqNr=1792
17:40:55.199 INF Submitted request. clSeqNr=1793
17:40:55.203 INF Submitted request. clSeqNr=1794
17:40:55.206 INF Submitted request. clSeqNr=1795
17:40:55.210 INF Submitted request. clSeqNr=1796
17:40:55.214 INF Submitted request. clSeqNr=1797
17:40:55.217 INF Submitted request. clSeqNr=1798
17:40:55.221 INF Submitted request. clSeqNr=1799
17:40:55.225 INF Submitted request. clSeqNr=1800
17:40:55.228 INF Submitted request. clSeqNr=1801
17:40:55.232 INF Submitted request. clSeqNr=1802
17:40:55.236 INF Submitted request. clSeqNr=1803
17:40:55.239 INF Submitted request. clSeqNr=1804
17:40:55.243 INF Submitted request. clSeqNr=1805
17:40:55.247 INF Submitted request. clSeqNr=1806
17:40:55.251 INF Submitted request. clSeqNr=1807
17:40:55.255 INF Submitted request. clSeqNr=1808
17:40:55.258 INF Submitted request. clSeqNr=1809
17:40:55.261 INF Submitted request. clSeqNr=1810
17:40:55.266 INF Submitted request. clSeqNr=1811
17:40:55.269 INF Submitted request. clSeqNr=1812
17:40:55.273 INF Submitted request. clSeqNr=1813
17:40:55.276 INF Submitted request. clSeqNr=1814
17:40:55.280 INF Submitted request. clSeqNr=1815
17:40:55.284 INF Submitted request. clSeqNr=1816
17:40:55.287 INF Submitted request. clSeqNr=1817
17:40:55.290 INF Submitted request. clSeqNr=1818
17:40:55.294 INF Submitted request. clSeqNr=1819
17:40:55.298 INF Submitted request. clSeqNr=1820
17:40:55.301 INF Submitted request. clSeqNr=1821
17:40:55.305 INF Submitted request. clSeqNr=1822
17:40:55.309 INF Submitted request. clSeqNr=1823
17:40:55.313 INF Submitted request. clSeqNr=1824
17:40:55.316 INF Submitted request. clSeqNr=1825
17:40:55.320 INF Submitted request. clSeqNr=1826
17:40:55.323 INF Submitted request. clSeqNr=1827
17:40:55.327 INF Submitted request. clSeqNr=1828
17:40:55.331 INF Submitted request. clSeqNr=1829
17:40:55.334 INF Submitted request. clSeqNr=1830
17:40:55.338 INF Submitted request. clSeqNr=1831
17:40:55.342 INF Submitted request. clSeqNr=1832
17:40:55.345 INF Submitted request. clSeqNr=1833
17:40:55.349 INF Submitted request. clSeqNr=1834
17:40:55.353 INF Submitted request. clSeqNr=1835
17:40:55.357 INF Submitted request. clSeqNr=1836
17:40:55.360 INF Submitted request. clSeqNr=1837
17:40:55.364 INF Submitted request. clSeqNr=1838
17:40:55.367 INF Submitted request. clSeqNr=1839
17:40:55.371 INF Submitted request. clSeqNr=1840
17:40:55.375 INF Submitted request. clSeqNr=1841
17:40:55.378 INF Submitted request. clSeqNr=1842
17:40:55.383 INF Submitted request. clSeqNr=1843
17:40:55.386 INF Submitted request. clSeqNr=1844
17:40:55.390 INF Submitted request. clSeqNr=1845
17:40:55.394 INF Submitted request. clSeqNr=1846
17:40:55.397 INF Submitted request. clSeqNr=1847
17:40:55.400 INF Submitted request. clSeqNr=1848
17:40:55.405 INF Submitted request. clSeqNr=1849
17:40:55.408 INF Submitted request. clSeqNr=1850
17:40:55.412 INF Submitted request. clSeqNr=1851
17:40:55.416 INF Submitted request. clSeqNr=1852
17:40:55.419 INF Submitted request. clSeqNr=1853
17:40:55.423 INF Submitted request. clSeqNr=1854
17:40:55.426 INF Submitted request. clSeqNr=1855
17:40:55.430 INF Submitted request. clSeqNr=1856
17:40:55.433 INF Submitted request. clSeqNr=1857
17:40:55.438 INF Submitted request. clSeqNr=1858
17:40:55.441 INF Submitted request. clSeqNr=1859
17:40:55.445 INF Submitted request. clSeqNr=1860
17:40:55.449 INF Submitted request. clSeqNr=1861
17:40:55.453 INF Submitted request. clSeqNr=1862
17:40:55.456 INF Submitted request. clSeqNr=1863
17:40:55.459 INF Submitted request. clSeqNr=1864
17:40:55.463 INF Submitted request. clSeqNr=1865
17:40:55.466 INF Submitted request. clSeqNr=1866
17:40:55.470 INF Submitted request. clSeqNr=1867
17:40:55.474 INF Submitted request. clSeqNr=1868
17:40:55.478 INF Submitted request. clSeqNr=1869
17:40:55.481 INF Submitted request. clSeqNr=1870
17:40:55.485 INF Submitted request. clSeqNr=1871
17:40:55.489 INF Submitted request. clSeqNr=1872
17:40:55.492 INF Submitted request. clSeqNr=1873
17:40:55.496 INF Submitted request. clSeqNr=1874
17:40:55.500 INF Submitted request. clSeqNr=1875
17:40:55.503 INF Submitted request. clSeqNr=1876
17:40:55.507 INF Submitted request. clSeqNr=1877
17:40:55.510 INF Submitted request. clSeqNr=1878
17:40:55.514 INF Submitted request. clSeqNr=1879
17:40:55.517 INF Submitted request. clSeqNr=1880
17:40:55.522 INF Submitted request. clSeqNr=1881
17:40:55.525 INF Submitted request. clSeqNr=1882
17:40:55.529 INF Submitted request. clSeqNr=1883
17:40:55.532 INF Submitted request. clSeqNr=1884
17:40:55.536 INF Submitted request. clSeqNr=1885
17:40:55.540 INF Submitted request. clSeqNr=1886
17:40:55.544 INF Submitted request. clSeqNr=1887
17:40:55.547 INF Submitted request. clSeqNr=1888
17:40:55.550 INF Submitted request. clSeqNr=1889
17:40:55.554 INF Submitted request. clSeqNr=1890
17:40:55.559 INF Submitted request. clSeqNr=1891
17:40:55.562 INF Submitted request. clSeqNr=1892
17:40:55.566 INF Submitted request. clSeqNr=1893
17:40:55.570 INF Submitted request. clSeqNr=1894
17:40:55.572 INF Submitted request. clSeqNr=1895
17:40:55.576 INF Submitted request. clSeqNr=1896
17:40:55.580 INF Submitted request. clSeqNr=1897
17:40:55.584 INF Submitted request. clSeqNr=1898
17:40:55.587 INF Submitted request. clSeqNr=1899
17:40:55.591 INF Submitted request. clSeqNr=1900
17:40:55.595 INF Submitted request. clSeqNr=1901
17:40:55.599 INF Submitted request. clSeqNr=1902
17:40:55.603 INF Submitted request. clSeqNr=1903
17:40:55.605 INF Submitted request. clSeqNr=1904
17:40:55.609 INF Submitted request. clSeqNr=1905
17:40:55.613 INF Submitted request. clSeqNr=1906
17:40:55.617 INF Submitted request. clSeqNr=1907
17:40:55.620 INF Submitted request. clSeqNr=1908
17:40:55.624 INF Submitted request. clSeqNr=1909
17:40:55.628 INF Submitted request. clSeqNr=1910
17:40:55.632 INF Submitted request. clSeqNr=1911
17:40:55.635 INF Submitted request. clSeqNr=1912
17:40:55.638 INF Submitted request. clSeqNr=1913
17:40:55.642 INF Submitted request. clSeqNr=1914
17:40:55.646 INF Submitted request. clSeqNr=1915
17:40:55.650 INF Submitted request. clSeqNr=1916
17:40:55.653 INF Submitted request. clSeqNr=1917
17:40:55.658 INF Submitted request. clSeqNr=1918
17:40:55.660 INF Submitted request. clSeqNr=1919
17:40:55.665 INF Submitted request. clSeqNr=1920
17:40:55.668 INF Submitted request. clSeqNr=1921
17:40:55.672 INF Submitted request. clSeqNr=1922
17:40:55.675 INF Submitted request. clSeqNr=1923
17:40:55.679 INF Submitted request. clSeqNr=1924
17:40:55.683 INF Submitted request. clSeqNr=1925
17:40:55.687 INF Submitted request. clSeqNr=1926
17:40:55.690 INF Submitted request. clSeqNr=1927
17:40:55.694 INF Submitted request. clSeqNr=1928
17:40:55.697 INF Submitted request. clSeqNr=1929
17:40:55.701 INF Submitted request. clSeqNr=1930
17:40:55.704 INF Submitted request. clSeqNr=1931
17:40:55.708 INF Submitted request. clSeqNr=1932
17:40:55.712 INF Submitted request. clSeqNr=1933
17:40:55.716 INF Submitted request. clSeqNr=1934
17:40:55.720 INF Submitted request. clSeqNr=1935
17:40:55.723 INF Submitted request. clSeqNr=1936
17:40:55.727 INF Submitted request. clSeqNr=1937
17:40:55.731 INF Submitted request. clSeqNr=1938
17:40:55.734 INF Submitted request. clSeqNr=1939
17:40:55.737 INF Submitted request. clSeqNr=1940
17:40:55.741 INF Submitted request. clSeqNr=1941
17:40:55.745 INF Submitted request. clSeqNr=1942
17:40:55.748 INF Submitted request. clSeqNr=1943
17:40:55.752 INF Submitted request. clSeqNr=1944
17:40:55.757 INF Submitted request. clSeqNr=1945
17:40:55.760 INF Submitted request. clSeqNr=1946
17:40:55.763 INF Submitted request. clSeqNr=1947
17:40:55.767 INF Submitted request. clSeqNr=1948
17:40:55.770 INF Submitted request. clSeqNr=1949
17:40:55.774 INF Submitted request. clSeqNr=1950
17:40:55.777 INF Submitted request. clSeqNr=1951
17:40:55.782 INF Submitted request. clSeqNr=1952
17:40:55.785 INF Submitted request. clSeqNr=1953
17:40:55.789 INF Submitted request. clSeqNr=1954
17:40:55.792 INF Submitted request. clSeqNr=1955
17:40:55.796 INF Submitted request. clSeqNr=1956
17:40:55.800 INF Submitted request. clSeqNr=1957
17:40:55.804 INF Submitted request. clSeqNr=1958
17:40:55.808 INF Submitted request. clSeqNr=1959
17:40:55.811 INF Submitted request. clSeqNr=1960
17:40:55.815 INF Submitted request. clSeqNr=1961
17:40:55.818 INF Submitted request. clSeqNr=1962
17:40:55.822 INF Submitted request. clSeqNr=1963
17:40:55.825 INF Submitted request. clSeqNr=1964
17:40:55.829 INF Submitted request. clSeqNr=1965
17:40:55.833 INF Submitted request. clSeqNr=1966
17:40:55.836 INF Submitted request. clSeqNr=1967
17:40:55.840 INF Submitted request. clSeqNr=1968
17:40:55.844 INF Submitted request. clSeqNr=1969
17:40:55.847 INF Submitted request. clSeqNr=1970
17:40:55.851 INF Submitted request. clSeqNr=1971
17:40:55.854 INF Submitted request. clSeqNr=1972
17:40:55.858 INF Submitted request. clSeqNr=1973
17:40:55.862 INF Submitted request. clSeqNr=1974
17:40:55.866 INF Submitted request. clSeqNr=1975
17:40:55.869 INF Submitted request. clSeqNr=1976
17:40:55.874 INF Submitted request. clSeqNr=1977
17:40:55.877 INF Submitted request. clSeqNr=1978
17:40:55.881 INF Submitted request. clSeqNr=1979
17:40:55.884 INF Submitted request. clSeqNr=1980
17:40:55.887 INF Submitted request. clSeqNr=1981
17:40:55.892 INF Submitted request. clSeqNr=1982
17:40:55.896 INF Submitted request. clSeqNr=1983
17:40:55.899 INF Submitted request. clSeqNr=1984
17:40:55.902 INF Submitted request. clSeqNr=1985
17:40:55.907 INF Submitted request. clSeqNr=1986
17:40:55.910 INF Submitted request. clSeqNr=1987
17:40:55.914 INF Submitted request. clSeqNr=1988
17:40:55.917 INF Submitted request. clSeqNr=1989
17:40:55.921 INF Submitted request. clSeqNr=1990
17:40:55.924 INF Submitted request. clSeqNr=1991
17:40:55.928 INF Submitted request. clSeqNr=1992
17:40:55.932 INF Submitted request. clSeqNr=1993
17:40:55.936 INF Submitted request. clSeqNr=1994
17:40:55.939 INF Submitted request. clSeqNr=1995
17:40:55.943 INF Submitted request. clSeqNr=1996
17:40:55.946 INF Submitted request. clSeqNr=1997
17:40:55.950 INF Submitted request. clSeqNr=1998
17:40:55.954 INF Submitted request. clSeqNr=1999
17:40:55.957 INF Submitted request. clSeqNr=2000
17:40:55.961 INF Submitted request. clSeqNr=2001
17:40:55.964 INF Submitted request. clSeqNr=2002
17:40:55.968 INF Submitted request. clSeqNr=2003
17:40:55.972 INF Submitted request. clSeqNr=2004
17:40:55.976 INF Submitted request. clSeqNr=2005
17:40:55.979 INF Submitted request. clSeqNr=2006
17:40:55.984 INF Submitted request. clSeqNr=2007
17:40:55.986 INF Submitted request. clSeqNr=2008
17:40:55.991 INF Submitted request. clSeqNr=2009
17:40:55.994 INF Submitted request. clSeqNr=2010
17:40:55.997 INF Submitted request. clSeqNr=2011
17:40:56.001 INF Submitted request. clSeqNr=2012
17:40:56.005 INF Submitted request. clSeqNr=2013
17:40:56.009 INF Submitted request. clSeqNr=2014
17:40:56.012 INF Submitted request. clSeqNr=2015
17:40:56.016 INF Submitted request. clSeqNr=2016
17:40:56.019 INF Submitted request. clSeqNr=2017
17:40:56.023 INF Submitted request. clSeqNr=2018
17:40:56.027 INF Submitted request. clSeqNr=2019
17:40:56.031 INF Submitted request. clSeqNr=2020
17:40:56.035 INF Submitted request. clSeqNr=2021
17:40:56.038 INF Submitted request. clSeqNr=2022
17:40:56.042 INF Submitted request. clSeqNr=2023
17:40:56.045 INF Submitted request. clSeqNr=2024
17:40:56.049 INF Submitted request. clSeqNr=2025
17:40:56.053 INF Submitted request. clSeqNr=2026
17:40:56.056 INF Submitted request. clSeqNr=2027
17:40:56.060 INF Submitted request. clSeqNr=2028
17:40:56.064 INF Submitted request. clSeqNr=2029
17:40:56.067 INF Submitted request. clSeqNr=2030
17:40:56.071 INF Submitted request. clSeqNr=2031
17:40:56.074 INF Submitted request. clSeqNr=2032
17:40:56.079 INF Submitted request. clSeqNr=2033
17:40:56.082 INF Submitted request. clSeqNr=2034
17:40:56.085 INF Submitted request. clSeqNr=2035
17:40:56.089 INF Submitted request. clSeqNr=2036
17:40:56.094 INF Submitted request. clSeqNr=2037
17:40:56.097 INF Submitted request. clSeqNr=2038
17:40:56.101 INF Submitted request. clSeqNr=2039
17:40:56.104 INF Submitted request. clSeqNr=2040
17:40:56.107 INF Submitted request. clSeqNr=2041
17:40:56.111 INF Submitted request. clSeqNr=2042
17:40:56.115 INF Submitted request. clSeqNr=2043
17:40:56.119 INF Submitted request. clSeqNr=2044
17:40:56.122 INF Submitted request. clSeqNr=2045
17:40:56.126 INF Submitted request. clSeqNr=2046
17:40:56.130 INF Submitted request. clSeqNr=2047
17:40:56.133 INF Submitted request. clSeqNr=2048
17:40:56.137 INF Submitted request. clSeqNr=2049
17:40:56.140 INF Submitted request. clSeqNr=2050
17:40:56.144 INF Submitted request. clSeqNr=2051
17:40:56.149 INF Submitted request. clSeqNr=2052
17:40:56.151 INF Submitted request. clSeqNr=2053
17:40:56.155 INF Submitted request. clSeqNr=2054
17:40:56.159 INF Submitted request. clSeqNr=2055
17:40:56.162 INF Submitted request. clSeqNr=2056
17:40:56.166 INF Submitted request. clSeqNr=2057
17:40:56.170 INF Submitted request. clSeqNr=2058
17:40:56.173 INF Submitted request. clSeqNr=2059
17:40:56.177 INF Submitted request. clSeqNr=2060
17:40:56.181 INF Submitted request. clSeqNr=2061
17:40:56.184 INF Submitted request. clSeqNr=2062
17:40:56.188 INF Submitted request. clSeqNr=2063
17:40:56.192 INF Submitted request. clSeqNr=2064
17:40:56.196 INF Submitted request. clSeqNr=2065
17:40:56.200 INF Submitted request. clSeqNr=2066
17:40:56.202 INF Submitted request. clSeqNr=2067
17:40:56.206 INF Submitted request. clSeqNr=2068
17:40:56.210 INF Submitted request. clSeqNr=2069
17:40:56.213 INF Submitted request. clSeqNr=2070
17:40:56.218 INF Submitted request. clSeqNr=2071
17:40:56.221 INF Submitted request. clSeqNr=2072
17:40:56.225 INF Submitted request. clSeqNr=2073
17:40:56.229 INF Submitted request. clSeqNr=2074
17:40:56.232 INF Submitted request. clSeqNr=2075
17:40:56.236 INF Submitted request. clSeqNr=2076
17:40:56.239 INF Submitted request. clSeqNr=2077
17:40:56.243 INF Submitted request. clSeqNr=2078
17:40:56.247 INF Submitted request. clSeqNr=2079
17:40:56.250 INF Submitted request. clSeqNr=2080
17:40:56.255 INF Submitted request. clSeqNr=2081
17:40:56.258 INF Submitted request. clSeqNr=2082
17:40:56.261 INF Submitted request. clSeqNr=2083
17:40:56.266 INF Submitted request. clSeqNr=2084
17:40:56.269 INF Submitted request. clSeqNr=2085
17:40:56.273 INF Submitted request. clSeqNr=2086
17:40:56.276 INF Submitted request. clSeqNr=2087
17:40:56.279 INF Submitted request. clSeqNr=2088
17:40:56.284 INF Submitted request. clSeqNr=2089
17:40:56.287 INF Submitted request. clSeqNr=2090
17:40:56.291 INF Submitted request. clSeqNr=2091
17:40:56.294 INF Submitted request. clSeqNr=2092
17:40:56.299 INF Submitted request. clSeqNr=2093
17:40:56.302 INF Submitted request. clSeqNr=2094
17:40:56.305 INF Submitted request. clSeqNr=2095
17:40:56.309 INF Submitted request. clSeqNr=2096
17:40:56.313 INF Submitted request. clSeqNr=2097
17:40:56.317 INF Submitted request. clSeqNr=2098
17:40:56.320 INF Submitted request. clSeqNr=2099
17:40:56.324 INF Submitted request. clSeqNr=2100
17:40:56.327 INF Submitted request. clSeqNr=2101
17:40:56.331 INF Submitted request. clSeqNr=2102
17:40:56.335 INF Submitted request. clSeqNr=2103
17:40:56.339 INF Submitted request. clSeqNr=2104
17:40:56.342 INF Submitted request. clSeqNr=2105
17:40:56.346 INF Submitted request. clSeqNr=2106
17:40:56.350 INF Submitted request. clSeqNr=2107
17:40:56.353 INF Submitted request. clSeqNr=2108
17:40:56.356 INF Submitted request. clSeqNr=2109
17:40:56.360 INF Submitted request. clSeqNr=2110
17:40:56.364 INF Submitted request. clSeqNr=2111
17:40:56.368 INF Submitted request. clSeqNr=2112
17:40:56.371 INF Submitted request. clSeqNr=2113
17:40:56.375 INF Submitted request. clSeqNr=2114
17:40:56.378 INF Submitted request. clSeqNr=2115
17:40:56.382 INF Submitted request. clSeqNr=2116
17:40:56.386 INF Submitted request. clSeqNr=2117
17:40:56.390 INF Submitted request. clSeqNr=2118
17:40:56.393 INF Submitted request. clSeqNr=2119
17:40:56.397 INF Submitted request. clSeqNr=2120
17:40:56.400 INF Submitted request. clSeqNr=2121
17:40:56.404 INF Submitted request. clSeqNr=2122
17:40:56.408 INF Submitted request. clSeqNr=2123
17:40:56.412 INF Submitted request. clSeqNr=2124
17:40:56.416 INF Submitted request. clSeqNr=2125
17:40:56.419 INF Submitted request. clSeqNr=2126
17:40:56.423 INF Submitted request. clSeqNr=2127
17:40:56.426 INF Submitted request. clSeqNr=2128
17:40:56.430 INF Submitted request. clSeqNr=2129
17:40:56.433 INF Submitted request. clSeqNr=2130
17:40:56.437 INF Submitted request. clSeqNr=2131
17:40:56.441 INF Submitted request. clSeqNr=2132
17:40:56.445 INF Submitted request. clSeqNr=2133
17:40:56.448 INF Submitted request. clSeqNr=2134
17:40:56.452 INF Submitted request. clSeqNr=2135
17:40:56.456 INF Submitted request. clSeqNr=2136
17:40:56.459 INF Submitted request. clSeqNr=2137
17:40:56.463 INF Submitted request. clSeqNr=2138
17:40:56.467 INF Submitted request. clSeqNr=2139
17:40:56.470 INF Submitted request. clSeqNr=2140
17:40:56.474 INF Submitted request. clSeqNr=2141
17:40:56.478 INF Submitted request. clSeqNr=2142
17:40:56.481 INF Submitted request. clSeqNr=2143
17:40:56.485 INF Submitted request. clSeqNr=2144
17:40:56.488 INF Submitted request. clSeqNr=2145
17:40:56.492 INF Submitted request. clSeqNr=2146
17:40:56.496 INF Submitted request. clSeqNr=2147
17:40:56.500 INF Submitted request. clSeqNr=2148
17:40:56.503 INF Submitted request. clSeqNr=2149
17:40:56.507 INF Submitted request. clSeqNr=2150
17:40:56.510 INF Submitted request. clSeqNr=2151
17:40:56.514 INF Submitted request. clSeqNr=2152
17:40:56.518 INF Submitted request. clSeqNr=2153
17:40:56.521 INF Submitted request. clSeqNr=2154
17:40:56.525 INF Submitted request. clSeqNr=2155
17:40:56.529 INF Submitted request. clSeqNr=2156
17:40:56.532 INF Submitted request. clSeqNr=2157
17:40:56.536 INF Submitted request. clSeqNr=2158
17:40:56.539 INF Submitted request. clSeqNr=2159
17:40:56.543 INF Submitted request. clSeqNr=2160
17:40:56.547 INF Submitted request. clSeqNr=2161
17:40:56.551 INF Submitted request. clSeqNr=2162
17:40:56.554 INF Submitted request. clSeqNr=2163
17:40:56.558 INF Submitted request. clSeqNr=2164
17:40:56.561 INF Submitted request. clSeqNr=2165
17:40:56.565 INF Submitted request. clSeqNr=2166
17:40:56.569 INF Submitted request. clSeqNr=2167
17:40:56.573 INF Submitted request. clSeqNr=2168
17:40:56.576 INF Submitted request. clSeqNr=2169
17:40:56.580 INF Submitted request. clSeqNr=2170
17:40:56.583 INF Submitted request. clSeqNr=2171
17:40:56.587 INF Submitted request. clSeqNr=2172
17:40:56.591 INF Submitted request. clSeqNr=2173
17:40:56.595 INF Submitted request. clSeqNr=2174
17:40:56.599 INF Submitted request. clSeqNr=2175
17:40:56.603 INF Submitted request. clSeqNr=2176
17:40:56.606 INF Submitted request. clSeqNr=2177
17:40:56.610 INF Submitted request. clSeqNr=2178
17:40:56.613 INF Submitted request. clSeqNr=2179
17:40:56.617 INF Submitted request. clSeqNr=2180
17:40:56.621 INF Submitted request. clSeqNr=2181
17:40:56.625 INF Submitted request. clSeqNr=2182
17:40:56.627 INF Submitted request. clSeqNr=2183
17:40:56.631 INF Submitted request. clSeqNr=2184
17:40:56.635 INF Submitted request. clSeqNr=2185
17:40:56.639 INF Submitted request. clSeqNr=2186
17:40:56.642 INF Submitted request. clSeqNr=2187
17:40:56.646 INF Submitted request. clSeqNr=2188
17:40:56.650 INF Submitted request. clSeqNr=2189
17:40:56.653 INF Submitted request. clSeqNr=2190
17:40:56.658 INF Submitted request. clSeqNr=2191
17:40:56.660 INF Submitted request. clSeqNr=2192
17:40:56.665 INF Submitted request. clSeqNr=2193
17:40:56.668 INF Submitted request. clSeqNr=2194
17:40:56.671 INF Submitted request. clSeqNr=2195
17:40:56.675 INF Submitted request. clSeqNr=2196
17:40:56.679 INF Submitted request. clSeqNr=2197
17:40:56.683 INF Submitted request. clSeqNr=2198
17:40:56.686 INF Submitted request. clSeqNr=2199
17:40:56.690 INF Submitted request. clSeqNr=2200
17:40:56.693 INF Submitted request. clSeqNr=2201
17:40:56.697 INF Submitted request. clSeqNr=2202
17:40:56.701 INF Submitted request. clSeqNr=2203
17:40:56.705 INF Submitted request. clSeqNr=2204
17:40:56.708 INF Submitted request. clSeqNr=2205
17:40:56.712 INF Submitted request. clSeqNr=2206
17:40:56.716 INF Submitted request. clSeqNr=2207
17:40:56.719 INF Submitted request. clSeqNr=2208
17:40:56.723 INF Submitted request. clSeqNr=2209
17:40:56.726 INF Submitted request. clSeqNr=2210
17:40:56.730 INF Submitted request. clSeqNr=2211
17:40:56.734 INF Submitted request. clSeqNr=2212
17:40:56.738 INF Submitted request. clSeqNr=2213
17:40:56.741 INF Submitted request. clSeqNr=2214
17:40:56.745 INF Submitted request. clSeqNr=2215
17:40:56.748 INF Submitted request. clSeqNr=2216
17:40:56.752 INF Submitted request. clSeqNr=2217
17:40:56.756 INF Submitted request. clSeqNr=2218
17:40:56.759 INF Submitted request. clSeqNr=2219
17:40:56.763 INF Submitted request. clSeqNr=2220
17:40:56.767 INF Submitted request. clSeqNr=2221
17:40:56.770 INF Submitted request. clSeqNr=2222
17:40:56.774 INF Submitted request. clSeqNr=2223
17:40:56.778 INF Submitted request. clSeqNr=2224
17:40:56.781 INF Submitted request. clSeqNr=2225
17:40:56.785 INF Submitted request. clSeqNr=2226
17:40:56.789 INF Submitted request. clSeqNr=2227
17:40:56.792 INF Submitted request. clSeqNr=2228
17:40:56.796 INF Submitted request. clSeqNr=2229
17:40:56.800 INF Submitted request. clSeqNr=2230
17:40:56.803 INF Submitted request. clSeqNr=2231
17:40:56.808 INF Submitted request. clSeqNr=2232
17:40:56.811 INF Submitted request. clSeqNr=2233
17:40:56.815 INF Submitted request. clSeqNr=2234
17:40:56.818 INF Submitted request. clSeqNr=2235
17:40:56.822 INF Submitted request. clSeqNr=2236
17:40:56.826 INF Submitted request. clSeqNr=2237
17:40:56.829 INF Submitted request. clSeqNr=2238
17:40:56.833 INF Submitted request. clSeqNr=2239
17:40:56.837 INF Submitted request. clSeqNr=2240
17:40:56.840 INF Submitted request. clSeqNr=2241
17:40:56.844 INF Submitted request. clSeqNr=2242
17:40:56.847 INF Submitted request. clSeqNr=2243
17:40:56.852 INF Submitted request. clSeqNr=2244
17:40:56.855 INF Submitted request. clSeqNr=2245
17:40:56.859 INF Submitted request. clSeqNr=2246
17:40:56.862 INF Submitted request. clSeqNr=2247
17:40:56.865 INF Submitted request. clSeqNr=2248
17:40:56.869 INF Submitted request. clSeqNr=2249
17:40:56.873 INF Submitted request. clSeqNr=2250
17:40:56.877 INF Submitted request. clSeqNr=2251
17:40:56.880 INF Submitted request. clSeqNr=2252
17:40:56.884 INF Submitted request. clSeqNr=2253
17:40:56.888 INF Submitted request. clSeqNr=2254
17:40:56.892 INF Submitted request. clSeqNr=2255
17:40:56.895 INF Submitted request. clSeqNr=2256
17:40:56.899 INF Submitted request. clSeqNr=2257
17:40:56.903 INF Submitted request. clSeqNr=2258
17:40:56.907 INF Submitted request. clSeqNr=2259
17:40:56.910 INF Submitted request. clSeqNr=2260
17:40:56.914 INF Submitted request. clSeqNr=2261
17:40:56.917 INF Submitted request. clSeqNr=2262
17:40:56.921 INF Submitted request. clSeqNr=2263
17:40:56.924 INF Submitted request. clSeqNr=2264
17:40:56.928 INF Submitted request. clSeqNr=2265
17:40:56.931 INF Submitted request. clSeqNr=2266
17:40:56.936 INF Submitted request. clSeqNr=2267
17:40:56.939 INF Submitted request. clSeqNr=2268
17:40:56.942 INF Submitted request. clSeqNr=2269
17:40:56.946 INF Submitted request. clSeqNr=2270
17:40:56.950 INF Submitted request. clSeqNr=2271
17:40:56.953 INF Submitted request. clSeqNr=2272
17:40:56.958 INF Submitted request. clSeqNr=2273
17:40:56.961 INF Submitted request. clSeqNr=2274
17:40:56.965 INF Submitted request. clSeqNr=2275
17:40:56.968 INF Submitted request. clSeqNr=2276
17:40:56.972 INF Submitted request. clSeqNr=2277
17:40:56.976 INF Submitted request. clSeqNr=2278
17:40:56.979 INF Submitted request. clSeqNr=2279
17:40:56.983 INF Submitted request. clSeqNr=2280
17:40:56.987 INF Submitted request. clSeqNr=2281
17:40:56.991 INF Submitted request. clSeqNr=2282
17:40:56.995 INF Submitted request. clSeqNr=2283
17:40:56.998 INF Submitted request. clSeqNr=2284
17:40:57.001 INF Submitted request. clSeqNr=2285
17:40:57.005 INF Submitted request. clSeqNr=2286
17:40:57.008 INF Submitted request. clSeqNr=2287
17:40:57.012 INF Submitted request. clSeqNr=2288
17:40:57.016 INF Submitted request. clSeqNr=2289
17:40:57.019 INF Submitted request. clSeqNr=2290
17:40:57.024 INF Submitted request. clSeqNr=2291
17:40:57.027 INF Submitted request. clSeqNr=2292
17:40:57.030 INF Submitted request. clSeqNr=2293
17:40:57.035 INF Submitted request. clSeqNr=2294
17:40:57.038 INF Submitted request. clSeqNr=2295
17:40:57.041 INF Submitted request. clSeqNr=2296
17:40:57.045 INF Submitted request. clSeqNr=2297
17:40:57.049 INF Submitted request. clSeqNr=2298
17:40:57.053 INF Submitted request. clSeqNr=2299
17:40:57.056 INF Submitted request. clSeqNr=2300
17:40:57.060 INF Submitted request. clSeqNr=2301
17:40:57.064 INF Submitted request. clSeqNr=2302
17:40:57.067 INF Submitted request. clSeqNr=2303
17:40:57.071 INF Submitted request. clSeqNr=2304
17:40:57.074 INF Submitted request. clSeqNr=2305
17:40:57.079 INF Submitted request. clSeqNr=2306
17:40:57.082 INF Submitted request. clSeqNr=2307
17:40:57.085 INF Submitted request. clSeqNr=2308
17:40:57.089 INF Submitted request. clSeqNr=2309
17:40:57.093 INF Submitted request. clSeqNr=2310
17:40:57.097 INF Submitted request. clSeqNr=2311
17:40:57.100 INF Submitted request. clSeqNr=2312
17:40:57.104 INF Submitted request. clSeqNr=2313
17:40:57.107 INF Submitted request. clSeqNr=2314
17:40:57.111 INF Submitted request. clSeqNr=2315
17:40:57.115 INF Submitted request. clSeqNr=2316
17:40:57.119 INF Submitted request. clSeqNr=2317
17:40:57.122 INF Submitted request. clSeqNr=2318
17:40:57.126 INF Submitted request. clSeqNr=2319
17:40:57.130 INF Submitted request. clSeqNr=2320
17:40:57.133 INF Submitted request. clSeqNr=2321
17:40:57.138 INF Submitted request. clSeqNr=2322
17:40:57.140 INF Submitted request. clSeqNr=2323
17:40:57.145 INF Submitted request. clSeqNr=2324
17:40:57.148 INF Submitted request. clSeqNr=2325
17:40:57.152 INF Submitted request. clSeqNr=2326
17:40:57.155 INF Submitted request. clSeqNr=2327
17:40:57.159 INF Submitted request. clSeqNr=2328
17:40:57.163 INF Submitted request. clSeqNr=2329
17:40:57.167 INF Submitted request. clSeqNr=2330
17:40:57.170 INF Submitted request. clSeqNr=2331
17:40:57.174 INF Submitted request. clSeqNr=2332
17:40:57.178 INF Submitted request. clSeqNr=2333
17:40:57.181 INF Submitted request. clSeqNr=2334
17:40:57.184 INF Submitted request. clSeqNr=2335
17:40:57.188 INF Submitted request. clSeqNr=2336
17:40:57.192 INF Submitted request. clSeqNr=2337
17:40:57.196 INF Submitted request. clSeqNr=2338
17:40:57.199 INF Submitted request. clSeqNr=2339
17:40:57.203 INF Submitted request. clSeqNr=2340
17:40:57.207 INF Submitted request. clSeqNr=2341
17:40:57.211 INF Submitted request. clSeqNr=2342
17:40:57.214 INF Submitted request. clSeqNr=2343
17:40:57.217 INF Submitted request. clSeqNr=2344
17:40:57.221 INF Submitted request. clSeqNr=2345
17:40:57.225 INF Submitted request. clSeqNr=2346
17:40:57.228 INF Submitted request. clSeqNr=2347
17:40:57.232 INF Submitted request. clSeqNr=2348
17:40:57.236 INF Submitted request. clSeqNr=2349
17:40:57.239 INF Submitted request. clSeqNr=2350
17:40:57.244 INF Submitted request. clSeqNr=2351
17:40:57.246 INF Submitted request. clSeqNr=2352
17:40:57.251 INF Submitted request. clSeqNr=2353
17:40:57.254 INF Submitted request. clSeqNr=2354
17:40:57.258 INF Submitted request. clSeqNr=2355
17:40:57.262 INF Submitted request. clSeqNr=2356
17:40:57.266 INF Submitted request. clSeqNr=2357
17:40:57.268 INF Submitted request. clSeqNr=2358
17:40:57.273 INF Submitted request. clSeqNr=2359
17:40:57.276 INF Submitted request. clSeqNr=2360
17:40:57.279 INF Submitted request. clSeqNr=2361
17:40:57.283 INF Submitted request. clSeqNr=2362
17:40:57.287 INF Submitted request. clSeqNr=2363
17:40:57.290 INF Submitted request. clSeqNr=2364
17:40:57.294 INF Submitted request. clSeqNr=2365
17:40:57.298 INF Submitted request. clSeqNr=2366
17:40:57.301 INF Submitted request. clSeqNr=2367
17:40:57.306 INF Submitted request. clSeqNr=2368
17:40:57.309 INF Submitted request. clSeqNr=2369
17:40:57.312 INF Submitted request. clSeqNr=2370
17:40:57.316 INF Submitted request. clSeqNr=2371
17:40:57.321 INF Submitted request. clSeqNr=2372
17:40:57.324 INF Submitted request. clSeqNr=2373
17:40:57.328 INF Submitted request. clSeqNr=2374
17:40:57.331 INF Submitted request. clSeqNr=2375
17:40:57.335 INF Submitted request. clSeqNr=2376
17:40:57.338 INF Submitted request. clSeqNr=2377
17:40:57.342 INF Submitted request. clSeqNr=2378
17:40:57.345 INF Submitted request. clSeqNr=2379
17:40:57.349 INF Submitted request. clSeqNr=2380
17:40:57.353 INF Submitted request. clSeqNr=2381
17:40:57.357 INF Submitted request. clSeqNr=2382
17:40:57.361 INF Submitted request. clSeqNr=2383
17:40:57.364 INF Submitted request. clSeqNr=2384
17:40:57.368 INF Submitted request. clSeqNr=2385
17:40:57.371 INF Submitted request. clSeqNr=2386
17:40:57.375 INF Submitted request. clSeqNr=2387
17:40:57.379 INF Submitted request. clSeqNr=2388
17:40:57.383 INF Submitted request. clSeqNr=2389
17:40:57.386 INF Submitted request. clSeqNr=2390
17:40:57.390 INF Submitted request. clSeqNr=2391
17:40:57.393 INF Submitted request. clSeqNr=2392
17:40:57.397 INF Submitted request. clSeqNr=2393
17:40:57.401 INF Submitted request. clSeqNr=2394
17:40:57.404 INF Submitted request. clSeqNr=2395
17:40:57.408 INF Submitted request. clSeqNr=2396
17:40:57.411 INF Submitted request. clSeqNr=2397
17:40:57.415 INF Submitted request. clSeqNr=2398
17:40:57.419 INF Submitted request. clSeqNr=2399
17:40:57.423 INF Submitted request. clSeqNr=2400
17:40:57.426 INF Submitted request. clSeqNr=2401
17:40:57.430 INF Submitted request. clSeqNr=2402
17:40:57.433 INF Submitted request. clSeqNr=2403
17:40:57.438 INF Submitted request. clSeqNr=2404
17:40:57.441 INF Submitted request. clSeqNr=2405
17:40:57.445 INF Submitted request. clSeqNr=2406
17:40:57.449 INF Submitted request. clSeqNr=2407
17:40:57.452 INF Submitted request. clSeqNr=2408
17:40:57.456 INF Submitted request. clSeqNr=2409
17:40:57.459 INF Submitted request. clSeqNr=2410
17:40:57.463 INF Submitted request. clSeqNr=2411
17:40:57.466 INF Submitted request. clSeqNr=2412
17:40:57.470 INF Submitted request. clSeqNr=2413
17:40:57.474 INF Submitted request. clSeqNr=2414
17:40:57.478 INF Submitted request. clSeqNr=2415
17:40:57.481 INF Submitted request. clSeqNr=2416
17:40:57.486 INF Submitted request. clSeqNr=2417
17:40:57.489 INF Submitted request. clSeqNr=2418
17:40:57.492 INF Submitted request. clSeqNr=2419
17:40:57.496 INF Submitted request. clSeqNr=2420
17:40:57.500 INF Submitted request. clSeqNr=2421
17:40:57.503 INF Submitted request. clSeqNr=2422
17:40:57.507 INF Submitted request. clSeqNr=2423
17:40:57.510 INF Submitted request. clSeqNr=2424
17:40:57.514 INF Submitted request. clSeqNr=2425
17:40:57.518 INF Submitted request. clSeqNr=2426
17:40:57.522 INF Submitted request. clSeqNr=2427
17:40:57.525 INF Submitted request. clSeqNr=2428
17:40:57.529 INF Submitted request. clSeqNr=2429
17:40:57.532 INF Submitted request. clSeqNr=2430
17:40:57.536 INF Submitted request. clSeqNr=2431
17:40:57.540 INF Submitted request. clSeqNr=2432
17:40:57.544 INF Submitted request. clSeqNr=2433
17:40:57.547 INF Submitted request. clSeqNr=2434
17:40:57.551 INF Submitted request. clSeqNr=2435
17:40:57.555 INF Submitted request. clSeqNr=2436
17:40:57.559 INF Submitted request. clSeqNr=2437
17:40:57.562 INF Submitted request. clSeqNr=2438
17:40:57.566 INF Submitted request. clSeqNr=2439
17:40:57.569 INF Submitted request. clSeqNr=2440
17:40:57.573 INF Submitted request. clSeqNr=2441
17:40:57.577 INF Submitted request. clSeqNr=2442
17:40:57.581 INF Submitted request. clSeqNr=2443
17:40:57.584 INF Submitted request. clSeqNr=2444
17:40:57.587 INF Submitted request. clSeqNr=2445
17:40:57.591 INF Submitted request. clSeqNr=2446
17:40:57.595 INF Submitted request. clSeqNr=2447
17:40:57.598 INF Submitted request. clSeqNr=2448
17:40:57.602 INF Submitted request. clSeqNr=2449
17:40:57.606 INF Submitted request. clSeqNr=2450
17:40:57.610 INF Submitted request. clSeqNr=2451
17:40:57.613 INF Submitted request. clSeqNr=2452
17:40:57.617 INF Submitted request. clSeqNr=2453
17:40:57.620 INF Submitted request. clSeqNr=2454
17:40:57.624 INF Submitted request. clSeqNr=2455
17:40:57.627 INF Submitted request. clSeqNr=2456
17:40:57.632 INF Submitted request. clSeqNr=2457
17:40:57.635 INF Submitted request. clSeqNr=2458
17:40:57.638 INF Submitted request. clSeqNr=2459
17:40:57.642 INF Submitted request. clSeqNr=2460
17:40:57.646 INF Submitted request. clSeqNr=2461
17:40:57.649 INF Submitted request. clSeqNr=2462
17:40:57.653 INF Submitted request. clSeqNr=2463
17:40:57.658 INF Submitted request. clSeqNr=2464
17:40:57.660 INF Submitted request. clSeqNr=2465
17:40:57.665 INF Submitted request. clSeqNr=2466
17:40:57.669 INF Submitted request. clSeqNr=2467
17:40:57.671 INF Submitted request. clSeqNr=2468
17:40:57.675 INF Submitted request. clSeqNr=2469
17:40:57.679 INF Submitted request. clSeqNr=2470
17:40:57.682 INF Submitted request. clSeqNr=2471
17:40:57.687 INF Submitted request. clSeqNr=2472
17:40:57.690 INF Submitted request. clSeqNr=2473
17:40:57.693 INF Submitted request. clSeqNr=2474
17:40:57.697 INF Submitted request. clSeqNr=2475
17:40:57.701 INF Submitted request. clSeqNr=2476
17:40:57.704 INF Submitted request. clSeqNr=2477
17:40:57.708 INF Submitted request. clSeqNr=2478
17:40:57.712 INF Submitted request. clSeqNr=2479
17:40:57.716 INF Submitted request. clSeqNr=2480
17:40:57.720 INF Submitted request. clSeqNr=2481
17:40:57.723 INF Submitted request. clSeqNr=2482
17:40:57.726 INF Submitted request. clSeqNr=2483
17:40:57.730 INF Submitted request. clSeqNr=2484
17:40:57.733 INF Submitted request. clSeqNr=2485
17:40:57.738 INF Submitted request. clSeqNr=2486
17:40:57.741 INF Submitted request. clSeqNr=2487
17:40:57.746 INF Submitted request. clSeqNr=2488
17:40:57.749 INF Submitted request. clSeqNr=2489
17:40:57.752 INF Submitted request. clSeqNr=2490
17:40:57.756 INF Submitted request. clSeqNr=2491
17:40:57.760 INF Submitted request. clSeqNr=2492
17:40:57.763 INF Submitted request. clSeqNr=2493
17:40:57.767 INF Submitted request. clSeqNr=2494
17:40:57.771 INF Submitted request. clSeqNr=2495
17:40:57.774 INF Submitted request. clSeqNr=2496
17:40:57.778 INF Submitted request. clSeqNr=2497
17:40:57.782 INF Submitted request. clSeqNr=2498
17:40:57.785 INF Submitted request. clSeqNr=2499
17:40:57.789 INF Submitted request. clSeqNr=2500
17:40:57.792 INF Submitted request. clSeqNr=2501
17:40:57.797 INF Submitted request. clSeqNr=2502
17:40:57.800 INF Submitted request. clSeqNr=2503
17:40:57.803 INF Submitted request. clSeqNr=2504
17:40:57.807 INF Submitted request. clSeqNr=2505
17:40:57.811 INF Submitted request. clSeqNr=2506
17:40:57.815 INF Submitted request. clSeqNr=2507
17:40:57.818 INF Submitted request. clSeqNr=2508
17:40:57.822 INF Submitted request. clSeqNr=2509
17:40:57.826 INF Submitted request. clSeqNr=2510
17:40:57.829 INF Submitted request. clSeqNr=2511
17:40:57.834 INF Submitted request. clSeqNr=2512
17:40:57.837 INF Submitted request. clSeqNr=2513
17:40:57.841 INF Submitted request. clSeqNr=2514
17:40:57.845 INF Submitted request. clSeqNr=2515
17:40:57.847 INF Submitted request. clSeqNr=2516
17:40:57.851 INF Submitted request. clSeqNr=2517
17:40:57.855 INF Submitted request. clSeqNr=2518
17:40:57.858 INF Submitted request. clSeqNr=2519
17:40:57.862 INF Submitted request. clSeqNr=2520
17:40:57.865 INF Submitted request. clSeqNr=2521
17:40:57.869 INF Submitted request. clSeqNr=2522
17:40:57.874 INF Submitted request. clSeqNr=2523
17:40:57.876 INF Submitted request. clSeqNr=2524
17:40:57.881 INF Submitted request. clSeqNr=2525
17:40:57.885 INF Submitted request. clSeqNr=2526
17:40:57.888 INF Submitted request. clSeqNr=2527
17:40:57.891 INF Submitted request. clSeqNr=2528
17:40:57.895 INF Submitted request. clSeqNr=2529
17:40:57.899 INF Submitted request. clSeqNr=2530
17:40:57.903 INF Submitted request. clSeqNr=2531
17:40:57.907 INF Submitted request. clSeqNr=2532
17:40:57.910 INF Submitted request. clSeqNr=2533
17:40:57.913 INF Submitted request. clSeqNr=2534
17:40:57.918 INF Submitted request. clSeqNr=2535
17:40:57.921 INF Submitted request. clSeqNr=2536
17:40:57.924 INF Submitted request. clSeqNr=2537
17:40:57.928 INF Submitted request. clSeqNr=2538
17:40:57.931 INF Submitted request. clSeqNr=2539
17:40:57.935 INF Submitted request. clSeqNr=2540
17:40:57.939 INF Submitted request. clSeqNr=2541
17:40:57.943 INF Submitted request. clSeqNr=2542
17:40:57.946 INF Submitted request. clSeqNr=2543
17:40:57.950 INF Submitted request. clSeqNr=2544
17:40:57.954 INF Submitted request. clSeqNr=2545
17:40:57.958 INF Submitted request. clSeqNr=2546
17:40:57.961 INF Submitted request. clSeqNr=2547
17:40:57.965 INF Submitted request. clSeqNr=2548
17:40:57.968 INF Submitted request. clSeqNr=2549
17:40:57.972 INF Submitted request. clSeqNr=2550
17:40:57.975 INF Submitted request. clSeqNr=2551
17:40:57.979 INF Submitted request. clSeqNr=2552
17:40:57.984 INF Submitted request. clSeqNr=2553
17:40:57.987 INF Submitted request. clSeqNr=2554
17:40:57.991 INF Submitted request. clSeqNr=2555
17:40:57.994 INF Submitted request. clSeqNr=2556
17:40:57.998 INF Submitted request. clSeqNr=2557
17:40:58.001 INF Submitted request. clSeqNr=2558
17:40:58.005 INF Submitted request. clSeqNr=2559
17:40:58.008 INF Submitted request. clSeqNr=2560
17:40:58.012 INF Submitted request. clSeqNr=2561
17:40:58.016 INF Submitted request. clSeqNr=2562
17:40:58.020 INF Submitted request. clSeqNr=2563
17:40:58.024 INF Submitted request. clSeqNr=2564
17:40:58.027 INF Submitted request. clSeqNr=2565
17:40:58.031 INF Submitted request. clSeqNr=2566
17:40:58.034 INF Submitted request. clSeqNr=2567
17:40:58.038 INF Submitted request. clSeqNr=2568
17:40:58.041 INF Submitted request. clSeqNr=2569
17:40:58.045 INF Submitted request. clSeqNr=2570
17:40:58.049 INF Submitted request. clSeqNr=2571
17:40:58.053 INF Submitted request. clSeqNr=2572
17:40:58.056 INF Submitted request. clSeqNr=2573
17:40:58.060 INF Submitted request. clSeqNr=2574
17:40:58.063 INF Submitted request. clSeqNr=2575
17:40:58.067 INF Submitted request. clSeqNr=2576
17:40:58.067 INF Request finished (out of order). clSeqNr=115
17:40:58.068 INF Request finished (out of order). clSeqNr=131
17:40:58.068 INF Request finished (out of order). clSeqNr=147
17:40:58.068 INF Request finished (out of order). clSeqNr=163
17:40:58.069 INF Request finished (out of order). clSeqNr=179
17:40:58.069 INF Request finished (out of order). clSeqNr=195
17:40:58.069 INF Request finished (out of order). clSeqNr=211
17:40:58.070 INF Request finished (out of order). clSeqNr=227
17:40:58.070 INF Request finished (out of order). clSeqNr=243
17:40:58.070 INF Submitted request. clSeqNr=2577
17:40:58.072 INF Request finished (out of order). clSeqNr=116
17:40:58.072 INF Request finished (out of order). clSeqNr=132
17:40:58.073 INF Request finished (out of order). clSeqNr=148
17:40:58.073 INF Request finished (out of order). clSeqNr=164
17:40:58.073 INF Request finished (out of order). clSeqNr=180
17:40:58.074 INF Request finished (out of order). clSeqNr=196
17:40:58.074 INF Request finished (out of order). clSeqNr=212
17:40:58.074 INF Submitted request. clSeqNr=2578
17:40:58.074 INF Request finished (out of order). clSeqNr=228
17:40:58.075 INF Request finished (out of order). clSeqNr=244
17:40:58.077 INF Request finished (out of order). clSeqNr=117
17:40:58.077 INF Request finished (out of order). clSeqNr=133
17:40:58.077 INF Request finished (out of order). clSeqNr=149
17:40:58.077 INF Request finished (out of order). clSeqNr=165
17:40:58.078 INF Submitted request. clSeqNr=2579
17:40:58.078 INF Request finished (out of order). clSeqNr=181
17:40:58.078 INF Request finished (out of order). clSeqNr=197
17:40:58.079 INF Request finished (out of order). clSeqNr=213
17:40:58.079 INF Request finished (out of order). clSeqNr=229
17:40:58.079 INF Request finished (out of order). clSeqNr=245
17:40:58.081 INF Request finished (out of order). clSeqNr=102
17:40:58.082 INF Request finished (out of order). clSeqNr=118
17:40:58.082 INF Submitted request. clSeqNr=2580
17:40:58.082 INF Request finished (out of order). clSeqNr=134
17:40:58.082 INF Request finished (out of order). clSeqNr=150
17:40:58.082 INF Request finished (out of order). clSeqNr=166
17:40:58.083 INF Request finished (out of order). clSeqNr=182
17:40:58.083 INF Request finished (out of order). clSeqNr=198
17:40:58.083 INF Request finished (out of order). clSeqNr=214
17:40:58.084 INF Request finished (out of order). clSeqNr=230
17:40:58.084 INF Request finished (out of order). clSeqNr=246
17:40:58.085 INF Submitted request. clSeqNr=2581
17:40:58.086 INF Request finished (out of order). clSeqNr=103
17:40:58.086 INF Request finished (out of order). clSeqNr=119
17:40:58.086 INF Request finished (out of order). clSeqNr=135
17:40:58.087 INF Request finished (out of order). clSeqNr=151
17:40:58.087 INF Request finished (out of order). clSeqNr=167
17:40:58.087 INF Request finished (out of order). clSeqNr=183
17:40:58.089 INF Submitted request. clSeqNr=2582
17:40:58.093 INF Submitted request. clSeqNr=2583
17:40:58.096 INF Submitted request. clSeqNr=2584
17:40:58.100 INF Submitted request. clSeqNr=2585
17:40:58.101 INF Request finished (out of order). clSeqNr=199
17:40:58.102 INF Request finished (out of order). clSeqNr=215
17:40:58.103 INF Submitted request. clSeqNr=2586
17:40:58.105 INF Request finished (out of order). clSeqNr=231
17:40:58.105 INF Request finished (out of order). clSeqNr=247
17:40:58.105 INF Request finished (out of order). clSeqNr=104
17:40:58.106 INF Request finished (out of order). clSeqNr=120
17:40:58.107 INF Request finished (out of order). clSeqNr=136
17:40:58.107 INF Submitted request. clSeqNr=2587
17:40:58.111 INF Submitted request. clSeqNr=2588
17:40:58.115 INF Submitted request. clSeqNr=2589
17:40:58.119 INF Submitted request. clSeqNr=2590
17:40:58.122 INF Submitted request. clSeqNr=2591
17:40:58.126 INF Submitted request. clSeqNr=2592
17:40:58.129 INF Submitted request. clSeqNr=2593
17:40:58.133 INF Submitted request. clSeqNr=2594
17:40:58.136 INF Submitted request. clSeqNr=2595
17:40:58.140 INF Submitted request. clSeqNr=2596
17:40:58.144 INF Submitted request. clSeqNr=2597
17:40:58.147 INF Submitted request. clSeqNr=2598
17:40:58.148 INF Request finished (out of order). clSeqNr=152
17:40:58.148 INF Request finished (out of order). clSeqNr=168
17:40:58.151 INF Submitted request. clSeqNr=2599
17:40:58.152 INF Request finished (out of order). clSeqNr=184
17:40:58.153 INF Request finished (out of order). clSeqNr=200
17:40:58.154 INF Request finished (out of order). clSeqNr=216
17:40:58.155 INF Submitted request. clSeqNr=2600
17:40:58.158 INF Request finished (out of order). clSeqNr=232
17:40:58.158 INF Request finished (out of order). clSeqNr=248
17:40:58.158 INF Request finished (out of order). clSeqNr=105
17:40:58.158 INF Request finished (out of order). clSeqNr=121
17:40:58.158 INF Request finished (out of order). clSeqNr=137
17:40:58.158 INF Request finished (out of order). clSeqNr=153
17:40:58.159 INF Submitted request. clSeqNr=2601
17:40:58.162 INF Request finished (out of order). clSeqNr=169
17:40:58.162 INF Request finished (out of order). clSeqNr=185
17:40:58.162 INF Request finished (out of order). clSeqNr=201
17:40:58.162 INF Request finished (out of order). clSeqNr=217
17:40:58.162 INF Request finished (out of order). clSeqNr=233
17:40:58.162 INF Request finished (out of order). clSeqNr=249
17:40:58.162 INF Request finished (out of order). clSeqNr=106
17:40:58.162 INF Request finished (out of order). clSeqNr=122
17:40:58.162 INF Request finished (out of order). clSeqNr=138
17:40:58.162 INF Request finished (out of order). clSeqNr=154
17:40:58.162 INF Request finished (out of order). clSeqNr=170
17:40:58.162 INF Request finished (out of order). clSeqNr=186
17:40:58.162 INF Submitted request. clSeqNr=2602
17:40:58.162 INF Request finished (out of order). clSeqNr=202
17:40:58.162 INF Request finished (out of order). clSeqNr=218
17:40:58.163 INF Request finished (out of order). clSeqNr=234
17:40:58.163 INF Request finished (out of order). clSeqNr=250
17:40:58.164 INF Request finished (out of order). clSeqNr=107
17:40:58.164 INF Request finished (out of order). clSeqNr=123
17:40:58.165 INF Request finished (out of order). clSeqNr=139
17:40:58.166 INF Request finished (out of order). clSeqNr=155
17:40:58.166 INF Submitted request. clSeqNr=2603
17:40:58.166 INF Request finished (out of order). clSeqNr=171
17:40:58.166 INF Request finished (out of order). clSeqNr=187
17:40:58.167 INF Request finished (out of order). clSeqNr=203
17:40:58.167 INF Request finished (out of order). clSeqNr=219
17:40:58.168 INF Request finished (out of order). clSeqNr=235
17:40:58.168 INF Request finished (out of order). clSeqNr=251
17:40:58.169 INF Request finished (out of order). clSeqNr=108
17:40:58.169 INF Submitted request. clSeqNr=2604
17:40:58.173 INF Submitted request. clSeqNr=2605
17:40:58.177 INF Submitted request. clSeqNr=2606
17:40:58.180 INF Submitted request. clSeqNr=2607
17:40:58.184 INF Submitted request. clSeqNr=2608
17:40:58.188 INF Submitted request. clSeqNr=2609
17:40:58.189 INF Request finished (out of order). clSeqNr=124
17:40:58.191 INF Submitted request. clSeqNr=2610
17:40:58.193 INF Request finished (out of order). clSeqNr=140
17:40:58.193 INF Request finished (out of order). clSeqNr=156
17:40:58.195 INF Submitted request. clSeqNr=2611
17:40:58.196 INF Request finished (out of order). clSeqNr=172
17:40:58.196 INF Request finished (out of order). clSeqNr=188
17:40:58.196 INF Request finished (out of order). clSeqNr=204
17:40:58.196 INF Request finished (out of order). clSeqNr=220
17:40:58.196 INF Request finished (out of order). clSeqNr=236
17:40:58.196 INF Request finished (out of order). clSeqNr=252
17:40:58.196 INF Request finished (out of order). clSeqNr=109
17:40:58.196 INF Request finished (out of order). clSeqNr=125
17:40:58.196 INF Request finished (out of order). clSeqNr=141
17:40:58.196 INF Request finished (out of order). clSeqNr=157
17:40:58.196 INF Request finished (out of order). clSeqNr=173
17:40:58.196 INF Request finished (out of order). clSeqNr=189
17:40:58.196 INF Request finished (out of order). clSeqNr=205
17:40:58.196 INF Request finished (out of order). clSeqNr=221
17:40:58.196 INF Request finished (out of order). clSeqNr=237
17:40:58.196 INF Request finished (out of order). clSeqNr=253
17:40:58.196 INF Request finished (out of order). clSeqNr=270
17:40:58.198 INF Request finished (out of order). clSeqNr=126
17:40:58.198 INF Request finished (out of order). clSeqNr=142
17:40:58.199 INF Request finished (out of order). clSeqNr=158
17:40:58.200 INF Request finished (out of order). clSeqNr=174
17:40:58.200 INF Request finished (out of order). clSeqNr=190
17:40:58.200 INF Request finished (out of order). clSeqNr=206
17:40:58.200 INF Request finished (out of order). clSeqNr=222
17:40:58.200 INF Submitted request. clSeqNr=2612
17:40:58.200 INF Request finished (out of order). clSeqNr=238
17:40:58.201 INF Request finished (out of order). clSeqNr=254
17:40:58.201 INF Request finished (out of order). clSeqNr=271
17:40:58.201 INF Request finished (out of order). clSeqNr=127
17:40:58.201 INF Request finished (out of order). clSeqNr=143
17:40:58.201 INF Request finished (out of order). clSeqNr=159
17:40:58.201 INF Request finished (out of order). clSeqNr=175
17:40:58.201 INF Request finished (out of order). clSeqNr=191
17:40:58.201 INF Request finished (out of order). clSeqNr=207
17:40:58.201 INF Request finished (out of order). clSeqNr=223
17:40:58.201 INF Request finished (out of order). clSeqNr=239
17:40:58.201 INF Request finished (out of order). clSeqNr=255
17:40:58.201 INF Request finished (out of order). clSeqNr=272
17:40:58.201 INF Request finished (out of order). clSeqNr=128
17:40:58.201 INF Request finished (out of order). clSeqNr=144
17:40:58.201 INF Request finished (out of order). clSeqNr=160
17:40:58.201 INF Request finished (out of order). clSeqNr=176
17:40:58.201 INF Request finished (out of order). clSeqNr=192
17:40:58.201 INF Request finished (out of order). clSeqNr=208
17:40:58.201 INF Request finished (out of order). clSeqNr=224
17:40:58.201 INF Request finished (out of order). clSeqNr=240
17:40:58.201 INF Request finished (out of order). clSeqNr=256
17:40:58.201 INF Request finished (out of order). clSeqNr=273
17:40:58.201 INF Request finished (out of order). clSeqNr=129
17:40:58.201 INF Request finished (out of order). clSeqNr=145
17:40:58.201 INF Request finished (out of order). clSeqNr=161
17:40:58.201 INF Request finished (out of order). clSeqNr=177
17:40:58.201 INF Request finished (out of order). clSeqNr=193
17:40:58.201 INF Request finished (out of order). clSeqNr=209
17:40:58.201 INF Request finished (out of order). clSeqNr=225
17:40:58.201 INF Request finished (out of order). clSeqNr=241
17:40:58.201 INF Request finished (out of order). clSeqNr=257
17:40:58.201 INF Request finished (out of order). clSeqNr=2
17:40:58.201 INF Request delivered (in order). clSeqNr=2
17:40:58.201 INF Request delivered (in order). clSeqNr=3
17:40:58.201 INF Request delivered (in order). clSeqNr=4
17:40:58.201 INF Request delivered (in order). clSeqNr=5
17:40:58.201 INF Request delivered (in order). clSeqNr=6
17:40:58.201 INF Request delivered (in order). clSeqNr=7
17:40:58.201 INF Request delivered (in order). clSeqNr=8
17:40:58.201 INF Request delivered (in order). clSeqNr=9
17:40:58.201 INF Request delivered (in order). clSeqNr=10
17:40:58.201 INF Request delivered (in order). clSeqNr=11
17:40:58.201 INF Request delivered (in order). clSeqNr=12
17:40:58.201 INF Request delivered (in order). clSeqNr=13
17:40:58.201 INF Request delivered (in order). clSeqNr=14
17:40:58.201 INF Request delivered (in order). clSeqNr=15
17:40:58.201 INF Request delivered (in order). clSeqNr=16
17:40:58.201 INF Request delivered (in order). clSeqNr=17
17:40:58.201 INF Request finished (out of order). clSeqNr=18
17:40:58.202 INF Request delivered (in order). clSeqNr=18
17:40:58.202 INF Request delivered (in order). clSeqNr=19
17:40:58.202 INF Request delivered (in order). clSeqNr=20
17:40:58.202 INF Request delivered (in order). clSeqNr=21
17:40:58.202 INF Request delivered (in order). clSeqNr=22
17:40:58.202 INF Request delivered (in order). clSeqNr=23
17:40:58.202 INF Request delivered (in order). clSeqNr=24
17:40:58.202 INF Request delivered (in order). clSeqNr=25
17:40:58.202 INF Request delivered (in order). clSeqNr=26
17:40:58.202 INF Request delivered (in order). clSeqNr=27
17:40:58.202 INF Request delivered (in order). clSeqNr=28
17:40:58.202 INF Request delivered (in order). clSeqNr=29
17:40:58.202 INF Request delivered (in order). clSeqNr=30
17:40:58.202 INF Request delivered (in order). clSeqNr=31
17:40:58.202 INF Request delivered (in order). clSeqNr=32
17:40:58.202 INF Request delivered (in order). clSeqNr=33
17:40:58.202 INF Request finished (out of order). clSeqNr=34
17:40:58.202 INF Request delivered (in order). clSeqNr=34
17:40:58.202 INF Request delivered (in order). clSeqNr=35
17:40:58.202 INF Request delivered (in order). clSeqNr=36
17:40:58.202 INF Request delivered (in order). clSeqNr=37
17:40:58.202 INF Request delivered (in order). clSeqNr=38
17:40:58.202 INF Request delivered (in order). clSeqNr=39
17:40:58.202 INF Request delivered (in order). clSeqNr=40
17:40:58.202 INF Request delivered (in order). clSeqNr=41
17:40:58.202 INF Request delivered (in order). clSeqNr=42
17:40:58.202 INF Request delivered (in order). clSeqNr=43
17:40:58.202 INF Request delivered (in order). clSeqNr=44
17:40:58.202 INF Request delivered (in order). clSeqNr=45
17:40:58.202 INF Request delivered (in order). clSeqNr=46
17:40:58.202 INF Request delivered (in order). clSeqNr=47
17:40:58.202 INF Request delivered (in order). clSeqNr=48
17:40:58.202 INF Request delivered (in order). clSeqNr=49
17:40:58.202 INF Request finished (out of order). clSeqNr=50
17:40:58.202 INF Request delivered (in order). clSeqNr=50
17:40:58.202 INF Request delivered (in order). clSeqNr=51
17:40:58.202 INF Request delivered (in order). clSeqNr=52
17:40:58.202 INF Request delivered (in order). clSeqNr=53
17:40:58.202 INF Request delivered (in order). clSeqNr=54
17:40:58.202 INF Request delivered (in order). clSeqNr=55
17:40:58.202 INF Request delivered (in order). clSeqNr=56
17:40:58.202 INF Request delivered (in order). clSeqNr=57
17:40:58.202 INF Request delivered (in order). clSeqNr=58
17:40:58.202 INF Request delivered (in order). clSeqNr=59
17:40:58.202 INF Request delivered (in order). clSeqNr=60
17:40:58.202 INF Request delivered (in order). clSeqNr=61
17:40:58.202 INF Request delivered (in order). clSeqNr=62
17:40:58.202 INF Request delivered (in order). clSeqNr=63
17:40:58.202 INF Request delivered (in order). clSeqNr=64
17:40:58.202 INF Request delivered (in order). clSeqNr=65
17:40:58.202 INF Request finished (out of order). clSeqNr=66
17:40:58.202 INF Request delivered (in order). clSeqNr=66
17:40:58.202 INF Request delivered (in order). clSeqNr=67
17:40:58.203 INF Request delivered (in order). clSeqNr=68
17:40:58.203 INF Request delivered (in order). clSeqNr=69
17:40:58.203 INF Request delivered (in order). clSeqNr=70
17:40:58.203 INF Request delivered (in order). clSeqNr=71
17:40:58.203 INF Request delivered (in order). clSeqNr=72
17:40:58.203 INF Request delivered (in order). clSeqNr=73
17:40:58.203 INF Request delivered (in order). clSeqNr=74
17:40:58.203 INF Request delivered (in order). clSeqNr=75
17:40:58.203 INF Request delivered (in order). clSeqNr=76
17:40:58.203 INF Request delivered (in order). clSeqNr=77
17:40:58.203 INF Request delivered (in order). clSeqNr=78
17:40:58.203 INF Request delivered (in order). clSeqNr=79
17:40:58.203 INF Request delivered (in order). clSeqNr=80
17:40:58.203 INF Request delivered (in order). clSeqNr=81
17:40:58.203 INF Request finished (out of order). clSeqNr=82
17:40:58.203 INF Request delivered (in order). clSeqNr=82
17:40:58.203 INF Request delivered (in order). clSeqNr=83
17:40:58.203 INF Request delivered (in order). clSeqNr=84
17:40:58.203 INF Request delivered (in order). clSeqNr=85
17:40:58.203 INF Request delivered (in order). clSeqNr=86
17:40:58.203 INF Request delivered (in order). clSeqNr=87
17:40:58.203 INF Request delivered (in order). clSeqNr=88
17:40:58.203 INF Request delivered (in order). clSeqNr=89
17:40:58.203 INF Request delivered (in order). clSeqNr=90
17:40:58.203 INF Request delivered (in order). clSeqNr=91
17:40:58.203 INF Request delivered (in order). clSeqNr=92
17:40:58.203 INF Request delivered (in order). clSeqNr=93
17:40:58.203 INF Request delivered (in order). clSeqNr=94
17:40:58.203 INF Request delivered (in order). clSeqNr=95
17:40:58.203 INF Request delivered (in order). clSeqNr=96
17:40:58.203 INF Request delivered (in order). clSeqNr=97
17:40:58.203 INF Request finished (out of order). clSeqNr=98
17:40:58.203 INF Request delivered (in order). clSeqNr=98
17:40:58.203 INF Request delivered (in order). clSeqNr=99
17:40:58.203 INF Request delivered (in order). clSeqNr=100
17:40:58.203 INF Request delivered (in order). clSeqNr=101
17:40:58.203 INF Request delivered (in order). clSeqNr=102
17:40:58.203 INF Request delivered (in order). clSeqNr=103
17:40:58.204 INF Request delivered (in order). clSeqNr=104
17:40:58.204 INF Request delivered (in order). clSeqNr=105
17:40:58.204 INF Request delivered (in order). clSeqNr=106
17:40:58.204 INF Request delivered (in order). clSeqNr=107
17:40:58.204 INF Request delivered (in order). clSeqNr=108
17:40:58.204 INF Request delivered (in order). clSeqNr=109
17:40:58.204 INF Request delivered (in order). clSeqNr=110
17:40:58.204 INF Request delivered (in order). clSeqNr=111
17:40:58.204 INF Request delivered (in order). clSeqNr=112
17:40:58.204 INF Request delivered (in order). clSeqNr=113
17:40:58.204 INF Request finished (out of order). clSeqNr=114
17:40:58.204 INF Request delivered (in order). clSeqNr=114
17:40:58.204 INF Request delivered (in order). clSeqNr=115
17:40:58.204 INF Request delivered (in order). clSeqNr=116
17:40:58.204 INF Request delivered (in order). clSeqNr=117
17:40:58.204 INF Request delivered (in order). clSeqNr=118
17:40:58.204 INF Request delivered (in order). clSeqNr=119
17:40:58.204 INF Request delivered (in order). clSeqNr=120
17:40:58.204 INF Request delivered (in order). clSeqNr=121
17:40:58.204 INF Request delivered (in order). clSeqNr=122
17:40:58.204 INF Request delivered (in order). clSeqNr=123
17:40:58.204 INF Request delivered (in order). clSeqNr=124
17:40:58.204 INF Request delivered (in order). clSeqNr=125
17:40:58.204 INF Request delivered (in order). clSeqNr=126
17:40:58.204 INF Request delivered (in order). clSeqNr=127
17:40:58.204 INF Request delivered (in order). clSeqNr=128
17:40:58.204 INF Request delivered (in order). clSeqNr=129
17:40:58.204 INF Request finished (out of order). clSeqNr=259
17:40:58.204 INF Request finished (out of order). clSeqNr=275
17:40:58.204 INF Request finished (out of order). clSeqNr=291
17:40:58.204 INF Request finished (out of order). clSeqNr=307
17:40:58.204 INF Request finished (out of order). clSeqNr=323
17:40:58.204 INF Request finished (out of order). clSeqNr=339
17:40:58.204 INF Request finished (out of order). clSeqNr=355
17:40:58.204 INF Request finished (out of order). clSeqNr=260
17:40:58.204 INF Request finished (out of order). clSeqNr=276
17:40:58.204 INF Request finished (out of order). clSeqNr=292
17:40:58.204 INF Request finished (out of order). clSeqNr=308
17:40:58.204 INF Request finished (out of order). clSeqNr=324
17:40:58.204 INF Submitted request. clSeqNr=2613
17:40:58.204 INF Request finished (out of order). clSeqNr=340
17:40:58.205 INF Request finished (out of order). clSeqNr=356
17:40:58.206 INF Submitted request. clSeqNr=2614
17:40:58.207 INF Request finished (out of order). clSeqNr=261
17:40:58.207 INF Request finished (out of order). clSeqNr=277
17:40:58.208 INF Request finished (out of order). clSeqNr=293
17:40:58.208 INF Request finished (out of order). clSeqNr=309
17:40:58.209 INF Request finished (out of order). clSeqNr=325
17:40:58.209 INF Request finished (out of order). clSeqNr=341
17:40:58.209 INF Request finished (out of order). clSeqNr=357
17:40:58.210 INF Submitted request. clSeqNr=2615
17:40:58.211 INF Request finished (out of order). clSeqNr=262
17:40:58.212 INF Request finished (out of order). clSeqNr=278
17:40:58.212 INF Request finished (out of order). clSeqNr=294
17:40:58.213 INF Request finished (out of order). clSeqNr=310
17:40:58.213 INF Request finished (out of order). clSeqNr=326
17:40:58.213 INF Request finished (out of order). clSeqNr=342
17:40:58.213 INF Submitted request. clSeqNr=2616
17:40:58.216 INF Request finished (out of order). clSeqNr=263
17:40:58.216 INF Request finished (out of order). clSeqNr=279
17:40:58.217 INF Request finished (out of order). clSeqNr=295
17:40:58.217 INF Request finished (out of order). clSeqNr=311
17:40:58.217 INF Submitted request. clSeqNr=2617
17:40:58.217 INF Request finished (out of order). clSeqNr=327
17:40:58.218 INF Request finished (out of order). clSeqNr=343
17:40:58.220 INF Request finished (out of order). clSeqNr=264
17:40:58.220 INF Request finished (out of order). clSeqNr=280
17:40:58.221 INF Submitted request. clSeqNr=2618
17:40:58.221 INF Request finished (out of order). clSeqNr=296
17:40:58.221 INF Request finished (out of order). clSeqNr=312
17:40:58.221 INF Request finished (out of order). clSeqNr=328
17:40:58.222 INF Request finished (out of order). clSeqNr=344
17:40:58.224 INF Request finished (out of order). clSeqNr=265
17:40:58.224 INF Submitted request. clSeqNr=2619
17:40:58.224 INF Request finished (out of order). clSeqNr=281
17:40:58.225 INF Request finished (out of order). clSeqNr=297
17:40:58.225 INF Request finished (out of order). clSeqNr=313
17:40:58.225 INF Request finished (out of order). clSeqNr=329
17:40:58.226 INF Request finished (out of order). clSeqNr=345
17:40:58.228 INF Request finished (out of order). clSeqNr=266
17:40:58.228 INF Submitted request. clSeqNr=2620
17:40:58.228 INF Request finished (out of order). clSeqNr=282
17:40:58.228 INF Request finished (out of order). clSeqNr=298
17:40:58.229 INF Request finished (out of order). clSeqNr=314
17:40:58.229 INF Request finished (out of order). clSeqNr=330
17:40:58.230 INF Request finished (out of order). clSeqNr=346
17:40:58.232 INF Submitted request. clSeqNr=2621
17:40:58.232 INF Request finished (out of order). clSeqNr=267
17:40:58.232 INF Request finished (out of order). clSeqNr=283
17:40:58.233 INF Request finished (out of order). clSeqNr=299
17:40:58.233 INF Request finished (out of order). clSeqNr=315
17:40:58.234 INF Request finished (out of order). clSeqNr=331
17:40:58.234 INF Request finished (out of order). clSeqNr=347
17:40:58.235 INF Submitted request. clSeqNr=2622
17:40:58.236 INF Request finished (out of order). clSeqNr=268
17:40:58.237 INF Request finished (out of order). clSeqNr=284
17:40:58.237 INF Request finished (out of order). clSeqNr=300
17:40:58.238 INF Request finished (out of order). clSeqNr=316
17:40:58.238 INF Request finished (out of order). clSeqNr=332
17:40:58.238 INF Request finished (out of order). clSeqNr=348
17:40:58.239 INF Submitted request. clSeqNr=2623
17:40:58.241 INF Request finished (out of order). clSeqNr=269
17:40:58.241 INF Request finished (out of order). clSeqNr=285
17:40:58.242 INF Request finished (out of order). clSeqNr=301
17:40:58.242 INF Request finished (out of order). clSeqNr=317
17:40:58.242 INF Request finished (out of order). clSeqNr=333
17:40:58.243 INF Submitted request. clSeqNr=2624
17:40:58.243 INF Request finished (out of order). clSeqNr=349
17:40:58.246 INF Request finished (out of order). clSeqNr=286
17:40:58.246 INF Request finished (out of order). clSeqNr=302
17:40:58.246 INF Request finished (out of order). clSeqNr=318
17:40:58.246 INF Submitted request. clSeqNr=2625
17:40:58.247 INF Request finished (out of order). clSeqNr=334
17:40:58.247 INF Request finished (out of order). clSeqNr=350
17:40:58.247 INF Request finished (out of order). clSeqNr=366
17:40:58.250 INF Request finished (out of order). clSeqNr=287
17:40:58.250 INF Request finished (out of order). clSeqNr=303
17:40:58.250 INF Request finished (out of order). clSeqNr=319
17:40:58.250 INF Request finished (out of order). clSeqNr=335
17:40:58.250 INF Request finished (out of order). clSeqNr=351
17:40:58.250 INF Request finished (out of order). clSeqNr=367
17:40:58.250 INF Request finished (out of order). clSeqNr=288
17:40:58.250 INF Request finished (out of order). clSeqNr=304
17:40:58.250 INF Request finished (out of order). clSeqNr=320
17:40:58.250 INF Request finished (out of order). clSeqNr=336
17:40:58.250 INF Request finished (out of order). clSeqNr=352
17:40:58.250 INF Request finished (out of order). clSeqNr=368
17:40:58.250 INF Submitted request. clSeqNr=2626
17:40:58.250 INF Request finished (out of order). clSeqNr=289
17:40:58.250 INF Request finished (out of order). clSeqNr=305
17:40:58.250 INF Request finished (out of order). clSeqNr=321
17:40:58.250 INF Request finished (out of order). clSeqNr=337
17:40:58.250 INF Request finished (out of order). clSeqNr=353
17:40:58.250 INF Request finished (out of order). clSeqNr=369
17:40:58.254 INF Submitted request. clSeqNr=2627
17:40:58.257 INF Submitted request. clSeqNr=2628
17:40:58.261 INF Submitted request. clSeqNr=2629
17:40:58.265 INF Submitted request. clSeqNr=2630
17:40:58.269 INF Submitted request. clSeqNr=2631
17:40:58.272 INF Submitted request. clSeqNr=2632
17:40:58.276 INF Submitted request. clSeqNr=2633
17:40:58.280 INF Submitted request. clSeqNr=2634
17:40:58.284 INF Submitted request. clSeqNr=2635
17:40:58.287 INF Submitted request. clSeqNr=2636
17:40:58.290 INF Submitted request. clSeqNr=2637
17:40:58.294 INF Submitted request. clSeqNr=2638
17:40:58.298 INF Submitted request. clSeqNr=2639
17:40:58.302 INF Submitted request. clSeqNr=2640
17:40:58.305 INF Submitted request. clSeqNr=2641
17:40:58.309 INF Submitted request. clSeqNr=2642
17:40:58.312 INF Submitted request. clSeqNr=2643
17:40:58.316 INF Submitted request. clSeqNr=2644
17:40:58.320 INF Submitted request. clSeqNr=2645
17:40:58.323 INF Submitted request. clSeqNr=2646
17:40:58.327 INF Submitted request. clSeqNr=2647
17:40:58.331 INF Submitted request. clSeqNr=2648
17:40:58.334 INF Submitted request. clSeqNr=2649
17:40:58.338 INF Submitted request. clSeqNr=2650
17:40:58.342 INF Submitted request. clSeqNr=2651
17:40:58.345 INF Submitted request. clSeqNr=2652
17:40:58.349 INF Submitted request. clSeqNr=2653
17:40:58.353 INF Submitted request. clSeqNr=2654
17:40:58.356 INF Submitted request. clSeqNr=2655
17:40:58.360 INF Submitted request. clSeqNr=2656
17:40:58.364 INF Submitted request. clSeqNr=2657
17:40:58.367 INF Submitted request. clSeqNr=2658
17:40:58.371 INF Submitted request. clSeqNr=2659
17:40:58.375 INF Submitted request. clSeqNr=2660
17:40:58.378 INF Submitted request. clSeqNr=2661
17:40:58.382 INF Submitted request. clSeqNr=2662
17:40:58.386 INF Submitted request. clSeqNr=2663
17:40:58.389 INF Submitted request. clSeqNr=2664
17:40:58.393 INF Submitted request. clSeqNr=2665
17:40:58.397 INF Submitted request. clSeqNr=2666
17:40:58.400 INF Submitted request. clSeqNr=2667
17:40:58.404 INF Submitted request. clSeqNr=2668
17:40:58.408 INF Submitted request. clSeqNr=2669
17:40:58.412 INF Submitted request. clSeqNr=2670
17:40:58.415 INF Submitted request. clSeqNr=2671
17:40:58.419 INF Submitted request. clSeqNr=2672
17:40:58.422 INF Submitted request. clSeqNr=2673
17:40:58.426 INF Submitted request. clSeqNr=2674
17:40:58.430 INF Submitted request. clSeqNr=2675
17:40:58.433 INF Submitted request. clSeqNr=2676
17:40:58.437 INF Submitted request. clSeqNr=2677
17:40:58.441 INF Submitted request. clSeqNr=2678
17:40:58.444 INF Submitted request. clSeqNr=2679
17:40:58.448 INF Submitted request. clSeqNr=2680
17:40:58.452 INF Submitted request. clSeqNr=2681
17:40:58.455 INF Submitted request. clSeqNr=2682
17:40:58.459 INF Submitted request. clSeqNr=2683
17:40:58.463 INF Submitted request. clSeqNr=2684
17:40:58.466 INF Submitted request. clSeqNr=2685
17:40:58.470 INF Submitted request. clSeqNr=2686
17:40:58.474 INF Submitted request. clSeqNr=2687
17:40:58.477 INF Submitted request. clSeqNr=2688
17:40:58.482 INF Submitted request. clSeqNr=2689
17:40:58.486 INF Submitted request. clSeqNr=2690
17:40:58.488 INF Submitted request. clSeqNr=2691
17:40:58.493 INF Submitted request. clSeqNr=2692
17:40:58.496 INF Submitted request. clSeqNr=2693
17:40:58.500 INF Submitted request. clSeqNr=2694
17:40:58.504 INF Submitted request. clSeqNr=2695
17:40:58.507 INF Submitted request. clSeqNr=2696
17:40:58.510 INF Submitted request. clSeqNr=2697
17:40:58.514 INF Submitted request. clSeqNr=2698
17:40:58.518 INF Submitted request. clSeqNr=2699
17:40:58.521 INF Submitted request. clSeqNr=2700
17:40:58.526 INF Submitted request. clSeqNr=2701
17:40:58.529 INF Submitted request. clSeqNr=2702
17:40:58.532 INF Submitted request. clSeqNr=2703
17:40:58.537 INF Submitted request. clSeqNr=2704
17:40:58.540 INF Submitted request. clSeqNr=2705
17:40:58.544 INF Submitted request. clSeqNr=2706
17:40:58.548 INF Submitted request. clSeqNr=2707
17:40:58.551 INF Submitted request. clSeqNr=2708
17:40:58.555 INF Submitted request. clSeqNr=2709
17:40:58.558 INF Submitted request. clSeqNr=2710
17:40:58.561 INF Submitted request. clSeqNr=2711
17:40:58.565 INF Submitted request. clSeqNr=2712
17:40:58.569 INF Submitted request. clSeqNr=2713
17:40:58.573 INF Submitted request. clSeqNr=2714
17:40:58.576 INF Submitted request. clSeqNr=2715
17:40:58.580 INF Submitted request. clSeqNr=2716
17:40:58.584 INF Submitted request. clSeqNr=2717
17:40:58.588 INF Submitted request. clSeqNr=2718
17:40:58.591 INF Submitted request. clSeqNr=2719
17:40:58.595 INF Submitted request. clSeqNr=2720
17:40:58.598 INF Submitted request. clSeqNr=2721
17:40:58.602 INF Submitted request. clSeqNr=2722
17:40:58.605 INF Submitted request. clSeqNr=2723
17:40:58.609 INF Submitted request. clSeqNr=2724
17:40:58.613 INF Submitted request. clSeqNr=2725
17:40:58.617 INF Submitted request. clSeqNr=2726
17:40:58.620 INF Submitted request. clSeqNr=2727
17:40:58.624 INF Submitted request. clSeqNr=2728
17:40:58.628 INF Submitted request. clSeqNr=2729
17:40:58.631 INF Submitted request. clSeqNr=2730
17:40:58.635 INF Submitted request. clSeqNr=2731
17:40:58.639 INF Submitted request. clSeqNr=2732
17:40:58.642 INF Submitted request. clSeqNr=2733
17:40:58.646 INF Submitted request. clSeqNr=2734
17:40:58.649 INF Submitted request. clSeqNr=2735
17:40:58.653 INF Submitted request. clSeqNr=2736
17:40:58.657 INF Submitted request. clSeqNr=2737
17:40:58.660 INF Submitted request. clSeqNr=2738
17:40:58.665 INF Submitted request. clSeqNr=2739
17:40:58.668 INF Submitted request. clSeqNr=2740
17:40:58.672 INF Submitted request. clSeqNr=2741
17:40:58.675 INF Submitted request. clSeqNr=2742
17:40:58.679 INF Submitted request. clSeqNr=2743
17:40:58.682 INF Submitted request. clSeqNr=2744
17:40:58.687 INF Submitted request. clSeqNr=2745
17:40:58.690 INF Submitted request. clSeqNr=2746
17:40:58.693 INF Submitted request. clSeqNr=2747
17:40:58.697 INF Submitted request. clSeqNr=2748
17:40:58.701 INF Submitted request. clSeqNr=2749
17:40:58.705 INF Submitted request. clSeqNr=2750
17:40:58.708 INF Submitted request. clSeqNr=2751
17:40:58.712 INF Submitted request. clSeqNr=2752
17:40:58.716 INF Submitted request. clSeqNr=2753
17:40:58.719 INF Submitted request. clSeqNr=2754
17:40:58.723 INF Submitted request. clSeqNr=2755
17:40:58.727 INF Submitted request. clSeqNr=2756
17:40:58.730 INF Submitted request. clSeqNr=2757
17:40:58.734 INF Submitted request. clSeqNr=2758
17:40:58.738 INF Submitted request. clSeqNr=2759
17:40:58.741 INF Submitted request. clSeqNr=2760
17:40:58.745 INF Submitted request. clSeqNr=2761
17:40:58.748 INF Submitted request. clSeqNr=2762
17:40:58.752 INF Submitted request. clSeqNr=2763
17:40:58.756 INF Submitted request. clSeqNr=2764
17:40:58.759 INF Submitted request. clSeqNr=2765
17:40:58.764 INF Submitted request. clSeqNr=2766
17:40:58.768 INF Submitted request. clSeqNr=2767
17:40:58.771 INF Submitted request. clSeqNr=2768
17:40:58.774 INF Submitted request. clSeqNr=2769
17:40:58.778 INF Submitted request. clSeqNr=2770
17:40:58.782 INF Submitted request. clSeqNr=2771
17:40:58.785 INF Submitted request. clSeqNr=2772
17:40:58.789 INF Submitted request. clSeqNr=2773
17:40:58.792 INF Submitted request. clSeqNr=2774
17:40:58.796 INF Submitted request. clSeqNr=2775
17:40:58.799 INF Submitted request. clSeqNr=2776
17:40:58.804 INF Submitted request. clSeqNr=2777
17:40:58.807 INF Submitted request. clSeqNr=2778
17:40:58.811 INF Submitted request. clSeqNr=2779
17:40:58.815 INF Submitted request. clSeqNr=2780
17:40:58.818 INF Submitted request. clSeqNr=2781
17:40:58.823 INF Submitted request. clSeqNr=2782
17:40:58.826 INF Submitted request. clSeqNr=2783
17:40:58.829 INF Submitted request. clSeqNr=2784
17:40:58.833 INF Submitted request. clSeqNr=2785
17:40:58.837 INF Submitted request. clSeqNr=2786
17:40:58.841 INF Submitted request. clSeqNr=2787
17:40:58.844 INF Submitted request. clSeqNr=2788
17:40:58.847 INF Submitted request. clSeqNr=2789
17:40:58.851 INF Submitted request. clSeqNr=2790
17:40:58.855 INF Submitted request. clSeqNr=2791
17:40:58.858 INF Submitted request. clSeqNr=2792
17:40:58.862 INF Submitted request. clSeqNr=2793
17:40:58.865 INF Submitted request. clSeqNr=2794
17:40:58.869 INF Submitted request. clSeqNr=2795
17:40:58.873 INF Submitted request. clSeqNr=2796
17:40:58.877 INF Submitted request. clSeqNr=2797
17:40:58.880 INF Submitted request. clSeqNr=2798
17:40:58.885 INF Submitted request. clSeqNr=2799
17:40:58.887 INF Submitted request. clSeqNr=2800
17:40:58.892 INF Submitted request. clSeqNr=2801
17:40:58.895 INF Submitted request. clSeqNr=2802
17:40:58.900 INF Submitted request. clSeqNr=2803
17:40:58.902 INF Submitted request. clSeqNr=2804
17:40:58.906 INF Submitted request. clSeqNr=2805
17:40:58.910 INF Submitted request. clSeqNr=2806
17:40:58.913 INF Submitted request. clSeqNr=2807
17:40:58.917 INF Submitted request. clSeqNr=2808
17:40:58.921 INF Submitted request. clSeqNr=2809
17:40:58.924 INF Submitted request. clSeqNr=2810
17:40:58.928 INF Submitted request. clSeqNr=2811
17:40:58.931 INF Submitted request. clSeqNr=2812
17:40:58.935 INF Submitted request. clSeqNr=2813
17:40:58.939 INF Submitted request. clSeqNr=2814
17:40:58.942 INF Submitted request. clSeqNr=2815
17:40:58.946 INF Submitted request. clSeqNr=2816
17:40:58.951 INF Submitted request. clSeqNr=2817
17:40:58.955 INF Submitted request. clSeqNr=2818
17:40:58.957 INF Submitted request. clSeqNr=2819
17:40:58.961 INF Submitted request. clSeqNr=2820
17:40:58.965 INF Submitted request. clSeqNr=2821
17:40:58.969 INF Submitted request. clSeqNr=2822
17:40:58.972 INF Submitted request. clSeqNr=2823
17:40:58.976 INF Submitted request. clSeqNr=2824
17:40:58.979 INF Submitted request. clSeqNr=2825
17:40:58.983 INF Submitted request. clSeqNr=2826
17:40:58.986 INF Submitted request. clSeqNr=2827
17:40:58.991 INF Submitted request. clSeqNr=2828
17:40:58.994 INF Submitted request. clSeqNr=2829
17:40:58.998 INF Submitted request. clSeqNr=2830
17:40:59.001 INF Submitted request. clSeqNr=2831
17:40:59.005 INF Submitted request. clSeqNr=2832
17:40:59.009 INF Submitted request. clSeqNr=2833
17:40:59.013 INF Submitted request. clSeqNr=2834
17:40:59.017 INF Submitted request. clSeqNr=2835
17:40:59.019 INF Submitted request. clSeqNr=2836
17:40:59.023 INF Submitted request. clSeqNr=2837
17:40:59.028 INF Submitted request. clSeqNr=2838
17:40:59.030 INF Submitted request. clSeqNr=2839
17:40:59.034 INF Submitted request. clSeqNr=2840
17:40:59.039 INF Submitted request. clSeqNr=2841
17:40:59.042 INF Submitted request. clSeqNr=2842
17:40:59.045 INF Submitted request. clSeqNr=2843
17:40:59.049 INF Submitted request. clSeqNr=2844
17:40:59.053 INF Submitted request. clSeqNr=2845
17:40:59.056 INF Submitted request. clSeqNr=2846
17:40:59.060 INF Submitted request. clSeqNr=2847
17:40:59.063 INF Submitted request. clSeqNr=2848
17:40:59.068 INF Submitted request. clSeqNr=2849
17:40:59.072 INF Submitted request. clSeqNr=2850
17:40:59.074 INF Submitted request. clSeqNr=2851
17:40:59.079 INF Submitted request. clSeqNr=2852
17:40:59.083 INF Submitted request. clSeqNr=2853
17:40:59.086 INF Submitted request. clSeqNr=2854
17:40:59.089 INF Submitted request. clSeqNr=2855
17:40:59.093 INF Submitted request. clSeqNr=2856
17:40:59.097 INF Submitted request. clSeqNr=2857
17:40:59.101 INF Submitted request. clSeqNr=2858
17:40:59.104 INF Submitted request. clSeqNr=2859
17:40:59.108 INF Submitted request. clSeqNr=2860
17:40:59.111 INF Submitted request. clSeqNr=2861
17:40:59.115 INF Submitted request. clSeqNr=2862
17:40:59.118 INF Submitted request. clSeqNr=2863
17:40:59.122 INF Submitted request. clSeqNr=2864
17:40:59.126 INF Submitted request. clSeqNr=2865
17:40:59.130 INF Submitted request. clSeqNr=2866
17:40:59.134 INF Submitted request. clSeqNr=2867
17:40:59.137 INF Submitted request. clSeqNr=2868
17:40:59.140 INF Submitted request. clSeqNr=2869
17:40:59.144 INF Submitted request. clSeqNr=2870
17:40:59.147 INF Submitted request. clSeqNr=2871
17:40:59.152 INF Submitted request. clSeqNr=2872
17:40:59.156 INF Submitted request. clSeqNr=2873
17:40:59.159 INF Submitted request. clSeqNr=2874
17:40:59.162 INF Submitted request. clSeqNr=2875
17:40:59.166 INF Submitted request. clSeqNr=2876
17:40:59.170 INF Submitted request. clSeqNr=2877
17:40:59.173 INF Submitted request. clSeqNr=2878
17:40:59.178 INF Submitted request. clSeqNr=2879
17:40:59.181 INF Submitted request. clSeqNr=2880
17:40:59.184 INF Submitted request. clSeqNr=2881
17:40:59.189 INF Submitted request. clSeqNr=2882
17:40:59.192 INF Submitted request. clSeqNr=2883
17:40:59.195 INF Submitted request. clSeqNr=2884
17:40:59.199 INF Submitted request. clSeqNr=2885
17:40:59.203 INF Submitted request. clSeqNr=2886
17:40:59.206 INF Submitted request. clSeqNr=2887
17:40:59.210 INF Submitted request. clSeqNr=2888
17:40:59.214 INF Submitted request. clSeqNr=2889
17:40:59.218 INF Submitted request. clSeqNr=2890
17:40:59.221 INF Submitted request. clSeqNr=2891
17:40:59.225 INF Submitted request. clSeqNr=2892
17:40:59.228 INF Submitted request. clSeqNr=2893
17:40:59.232 INF Submitted request. clSeqNr=2894
17:40:59.236 INF Submitted request. clSeqNr=2895
17:40:59.239 INF Submitted request. clSeqNr=2896
17:40:59.243 INF Submitted request. clSeqNr=2897
17:40:59.246 INF Submitted request. clSeqNr=2898
17:40:59.250 INF Submitted request. clSeqNr=2899
17:40:59.254 INF Submitted request. clSeqNr=2900
17:40:59.258 INF Submitted request. clSeqNr=2901
17:40:59.261 INF Submitted request. clSeqNr=2902
17:40:59.265 INF Submitted request. clSeqNr=2903
17:40:59.268 INF Submitted request. clSeqNr=2904
17:40:59.273 INF Submitted request. clSeqNr=2905
17:40:59.277 INF Submitted request. clSeqNr=2906
17:40:59.280 INF Submitted request. clSeqNr=2907
17:40:59.284 INF Submitted request. clSeqNr=2908
17:40:59.287 INF Submitted request. clSeqNr=2909
17:40:59.291 INF Submitted request. clSeqNr=2910
17:40:59.294 INF Submitted request. clSeqNr=2911
17:40:59.298 INF Submitted request. clSeqNr=2912
17:40:59.302 INF Submitted request. clSeqNr=2913
17:40:59.305 INF Submitted request. clSeqNr=2914
17:40:59.309 INF Submitted request. clSeqNr=2915
17:40:59.313 INF Submitted request. clSeqNr=2916
17:40:59.316 INF Submitted request. clSeqNr=2917
17:40:59.320 INF Submitted request. clSeqNr=2918
17:40:59.323 INF Submitted request. clSeqNr=2919
17:40:59.327 INF Submitted request. clSeqNr=2920
17:40:59.331 INF Submitted request. clSeqNr=2921
17:40:59.335 INF Submitted request. clSeqNr=2922
17:40:59.339 INF Submitted request. clSeqNr=2923
17:40:59.342 INF Submitted request. clSeqNr=2924
17:40:59.346 INF Submitted request. clSeqNr=2925
17:40:59.350 INF Submitted request. clSeqNr=2926
17:40:59.353 INF Submitted request. clSeqNr=2927
17:40:59.356 INF Submitted request. clSeqNr=2928
17:40:59.361 INF Submitted request. clSeqNr=2929
17:40:59.365 INF Submitted request. clSeqNr=2930
17:40:59.367 INF Submitted request. clSeqNr=2931
17:40:59.371 INF Submitted request. clSeqNr=2932
17:40:59.375 INF Submitted request. clSeqNr=2933
17:40:59.378 INF Submitted request. clSeqNr=2934
17:40:59.383 INF Submitted request. clSeqNr=2935
17:40:59.386 INF Submitted request. clSeqNr=2936
17:40:59.390 INF Submitted request. clSeqNr=2937
17:40:59.393 INF Submitted request. clSeqNr=2938
17:40:59.397 INF Submitted request. clSeqNr=2939
17:40:59.400 INF Submitted request. clSeqNr=2940
17:40:59.404 INF Submitted request. clSeqNr=2941
17:40:59.408 INF Submitted request. clSeqNr=2942
17:40:59.411 INF Submitted request. clSeqNr=2943
17:40:59.415 INF Submitted request. clSeqNr=2944
17:40:59.419 INF Submitted request. clSeqNr=2945
17:40:59.423 INF Submitted request. clSeqNr=2946
17:40:59.427 INF Submitted request. clSeqNr=2947
17:40:59.430 INF Submitted request. clSeqNr=2948
17:40:59.434 INF Submitted request. clSeqNr=2949
17:40:59.437 INF Submitted request. clSeqNr=2950
17:40:59.441 INF Submitted request. clSeqNr=2951
17:40:59.444 INF Submitted request. clSeqNr=2952
17:40:59.448 INF Submitted request. clSeqNr=2953
17:40:59.452 INF Submitted request. clSeqNr=2954
17:40:59.456 INF Submitted request. clSeqNr=2955
17:40:59.460 INF Submitted request. clSeqNr=2956
17:40:59.463 INF Submitted request. clSeqNr=2957
17:40:59.466 INF Submitted request. clSeqNr=2958
17:40:59.470 INF Submitted request. clSeqNr=2959
17:40:59.474 INF Submitted request. clSeqNr=2960
17:40:59.477 INF Submitted request. clSeqNr=2961
17:40:59.481 INF Submitted request. clSeqNr=2962
17:40:59.485 INF Submitted request. clSeqNr=2963
17:40:59.488 INF Submitted request. clSeqNr=2964
17:40:59.492 INF Submitted request. clSeqNr=2965
17:40:59.495 INF Submitted request. clSeqNr=2966
17:40:59.500 INF Submitted request. clSeqNr=2967
17:40:59.503 INF Submitted request. clSeqNr=2968
17:40:59.507 INF Submitted request. clSeqNr=2969
17:40:59.510 INF Submitted request. clSeqNr=2970
17:40:59.514 INF Submitted request. clSeqNr=2971
17:40:59.518 INF Submitted request. clSeqNr=2972
17:40:59.521 INF Submitted request. clSeqNr=2973
17:40:59.525 INF Submitted request. clSeqNr=2974
17:40:59.528 INF Submitted request. clSeqNr=2975
17:40:59.532 INF Submitted request. clSeqNr=2976
17:40:59.537 INF Submitted request. clSeqNr=2977
17:40:59.539 INF Submitted request. clSeqNr=2978
17:40:59.544 INF Submitted request. clSeqNr=2979
17:40:59.548 INF Submitted request. clSeqNr=2980
17:40:59.551 INF Submitted request. clSeqNr=2981
17:40:59.554 INF Submitted request. clSeqNr=2982
17:40:59.558 INF Submitted request. clSeqNr=2983
17:40:59.561 INF Submitted request. clSeqNr=2984
17:40:59.566 INF Submitted request. clSeqNr=2985
17:40:59.570 INF Submitted request. clSeqNr=2986
17:40:59.573 INF Submitted request. clSeqNr=2987
17:40:59.577 INF Submitted request. clSeqNr=2988
17:40:59.580 INF Submitted request. clSeqNr=2989
17:40:59.584 INF Submitted request. clSeqNr=2990
17:40:59.587 INF Submitted request. clSeqNr=2991
17:40:59.591 INF Submitted request. clSeqNr=2992
17:40:59.595 INF Submitted request. clSeqNr=2993
17:40:59.599 INF Submitted request. clSeqNr=2994
17:40:59.603 INF Submitted request. clSeqNr=2995
17:40:59.606 INF Submitted request. clSeqNr=2996
17:40:59.609 INF Submitted request. clSeqNr=2997
17:40:59.613 INF Submitted request. clSeqNr=2998
17:40:59.617 INF Submitted request. clSeqNr=2999
17:40:59.621 INF Submitted request. clSeqNr=3000
17:40:59.624 INF Submitted request. clSeqNr=3001
17:40:59.628 INF Submitted request. clSeqNr=3002
17:40:59.631 INF Submitted request. clSeqNr=3003
17:40:59.635 INF Submitted request. clSeqNr=3004
17:40:59.639 INF Submitted request. clSeqNr=3005
17:40:59.643 INF Submitted request. clSeqNr=3006
17:40:59.646 INF Submitted request. clSeqNr=3007
17:40:59.649 INF Submitted request. clSeqNr=3008
17:40:59.653 INF Submitted request. clSeqNr=3009
17:40:59.658 INF Submitted request. clSeqNr=3010
17:40:59.660 INF Submitted request. clSeqNr=3011
17:40:59.665 INF Submitted request. clSeqNr=3012
17:40:59.668 INF Submitted request. clSeqNr=3013
17:40:59.672 INF Submitted request. clSeqNr=3014
17:40:59.675 INF Submitted request. clSeqNr=3015
17:40:59.679 INF Submitted request. clSeqNr=3016
17:40:59.683 INF Submitted request. clSeqNr=3017
17:40:59.686 INF Submitted request. clSeqNr=3018
17:40:59.690 INF Submitted request. clSeqNr=3019
17:40:59.693 INF Submitted request. clSeqNr=3020
17:40:59.697 INF Submitted request. clSeqNr=3021
17:40:59.701 INF Submitted request. clSeqNr=3022
17:40:59.704 INF Submitted request. clSeqNr=3023
17:40:59.708 INF Submitted request. clSeqNr=3024
17:40:59.712 INF Submitted request. clSeqNr=3025
17:40:59.715 INF Submitted request. clSeqNr=3026
17:40:59.720 INF Submitted request. clSeqNr=3027
17:40:59.723 INF Submitted request. clSeqNr=3028
17:40:59.727 INF Submitted request. clSeqNr=3029
17:40:59.730 INF Submitted request. clSeqNr=3030
17:40:59.734 INF Submitted request. clSeqNr=3031
17:40:59.737 INF Submitted request. clSeqNr=3032
17:40:59.741 INF Submitted request. clSeqNr=3033
17:40:59.745 INF Submitted request. clSeqNr=3034
17:40:59.749 INF Submitted request. clSeqNr=3035
17:40:59.752 INF Submitted request. clSeqNr=3036
17:40:59.756 INF Submitted request. clSeqNr=3037
17:40:59.759 INF Submitted request. clSeqNr=3038
17:40:59.764 INF Submitted request. clSeqNr=3039
17:40:59.767 INF Submitted request. clSeqNr=3040
17:40:59.771 INF Submitted request. clSeqNr=3041
17:40:59.774 INF Submitted request. clSeqNr=3042
17:40:59.779 INF Submitted request. clSeqNr=3043
17:40:59.782 INF Submitted request. clSeqNr=3044
17:40:59.786 INF Submitted request. clSeqNr=3045
17:40:59.789 INF Submitted request. clSeqNr=3046
17:40:59.792 INF Submitted request. clSeqNr=3047
17:40:59.796 INF Submitted request. clSeqNr=3048
17:40:59.800 INF Submitted request. clSeqNr=3049
17:40:59.803 INF Submitted request. clSeqNr=3050
17:40:59.808 INF Submitted request. clSeqNr=3051
17:40:59.811 INF Submitted request. clSeqNr=3052
17:40:59.814 INF Submitted request. clSeqNr=3053
17:40:59.819 INF Submitted request. clSeqNr=3054
17:40:59.822 INF Submitted request. clSeqNr=3055
17:40:59.825 INF Submitted request. clSeqNr=3056
17:40:59.830 INF Submitted request. clSeqNr=3057
17:40:59.833 INF Submitted request. clSeqNr=3058
17:40:59.836 INF Submitted request. clSeqNr=3059
17:40:59.840 INF Submitted request. clSeqNr=3060
17:40:59.844 INF Submitted request. clSeqNr=3061
17:40:59.847 INF Submitted request. clSeqNr=3062
17:40:59.851 INF Submitted request. clSeqNr=3063
17:40:59.855 INF Submitted request. clSeqNr=3064
17:40:59.859 INF Submitted request. clSeqNr=3065
17:40:59.862 INF Submitted request. clSeqNr=3066
17:40:59.866 INF Submitted request. clSeqNr=3067
17:40:59.869 INF Submitted request. clSeqNr=3068
17:40:59.873 INF Submitted request. clSeqNr=3069
17:40:59.876 INF Submitted request. clSeqNr=3070
17:40:59.881 INF Submitted request. clSeqNr=3071
17:40:59.884 INF Submitted request. clSeqNr=3072
17:40:59.889 INF Submitted request. clSeqNr=3073
17:40:59.891 INF Submitted request. clSeqNr=3074
17:40:59.896 INF Submitted request. clSeqNr=3075
17:40:59.899 INF Submitted request. clSeqNr=3076
17:40:59.903 INF Submitted request. clSeqNr=3077
17:40:59.907 INF Submitted request. clSeqNr=3078
17:40:59.910 INF Submitted request. clSeqNr=3079
17:40:59.914 INF Submitted request. clSeqNr=3080
17:40:59.917 INF Submitted request. clSeqNr=3081
17:40:59.920 INF Submitted request. clSeqNr=3082
17:40:59.924 INF Submitted request. clSeqNr=3083
17:40:59.929 INF Submitted request. clSeqNr=3084
17:40:59.932 INF Submitted request. clSeqNr=3085
17:40:59.936 INF Submitted request. clSeqNr=3086
17:40:59.939 INF Submitted request. clSeqNr=3087
17:40:59.943 INF Submitted request. clSeqNr=3088
17:40:59.947 INF Submitted request. clSeqNr=3089
17:40:59.951 INF Submitted request. clSeqNr=3090
17:40:59.954 INF Submitted request. clSeqNr=3091
17:40:59.958 INF Submitted request. clSeqNr=3092
17:40:59.961 INF Submitted request. clSeqNr=3093
17:40:59.965 INF Submitted request. clSeqNr=3094
17:40:59.969 INF Submitted request. clSeqNr=3095
17:40:59.972 INF Submitted request. clSeqNr=3096
17:40:59.975 INF Submitted request. clSeqNr=3097
17:40:59.980 INF Submitted request. clSeqNr=3098
17:40:59.983 INF Submitted request. clSeqNr=3099
17:40:59.987 INF Submitted request. clSeqNr=3100
17:40:59.991 INF Submitted request. clSeqNr=3101
17:40:59.994 INF Submitted request. clSeqNr=3102
17:40:59.997 INF Submitted request. clSeqNr=3103
17:41:00.002 INF Submitted request. clSeqNr=3104
17:41:00.005 INF Submitted request. clSeqNr=3105
17:41:00.009 INF Submitted request. clSeqNr=3106
17:41:00.013 INF Submitted request. clSeqNr=3107
17:41:00.016 INF Submitted request. clSeqNr=3108
17:41:00.020 INF Submitted request. clSeqNr=3109
17:41:00.023 INF Submitted request. clSeqNr=3110
17:41:00.027 INF Submitted request. clSeqNr=3111
17:41:00.031 INF Submitted request. clSeqNr=3112
17:41:00.034 INF Submitted request. clSeqNr=3113
17:41:00.038 INF Submitted request. clSeqNr=3114
17:41:00.042 INF Submitted request. clSeqNr=3115
17:41:00.045 INF Submitted request. clSeqNr=3116
17:41:00.049 INF Submitted request. clSeqNr=3117
17:41:00.052 INF Submitted request. clSeqNr=3118
17:41:00.057 INF Submitted request. clSeqNr=3119
17:41:00.060 INF Submitted request. clSeqNr=3120
17:41:00.064 INF Submitted request. clSeqNr=3121
17:41:00.068 INF Submitted request. clSeqNr=3122
17:41:00.071 INF Submitted request. clSeqNr=3123
17:41:00.075 INF Submitted request. clSeqNr=3124
17:41:00.078 INF Submitted request. clSeqNr=3125
17:41:00.082 INF Submitted request. clSeqNr=3126
17:41:00.085 INF Submitted request. clSeqNr=3127
17:41:00.089 INF Submitted request. clSeqNr=3128
17:41:00.093 INF Submitted request. clSeqNr=3129
17:41:00.096 INF Submitted request. clSeqNr=3130
17:41:00.100 INF Submitted request. clSeqNr=3131
17:41:00.104 INF Submitted request. clSeqNr=3132
17:41:00.107 INF Submitted request. clSeqNr=3133
17:41:00.111 INF Submitted request. clSeqNr=3134
17:41:00.115 INF Submitted request. clSeqNr=3135
17:41:00.119 INF Submitted request. clSeqNr=3136
17:41:00.122 INF Submitted request. clSeqNr=3137
17:41:00.125 INF Submitted request. clSeqNr=3138
17:41:00.129 INF Submitted request. clSeqNr=3139
17:41:00.133 INF Submitted request. clSeqNr=3140
17:41:00.137 INF Submitted request. clSeqNr=3141
17:41:00.141 INF Submitted request. clSeqNr=3142
17:41:00.144 INF Submitted request. clSeqNr=3143
17:41:00.148 INF Submitted request. clSeqNr=3144
17:41:00.151 INF Submitted request. clSeqNr=3145
17:41:00.156 INF Submitted request. clSeqNr=3146
17:41:00.159 INF Submitted request. clSeqNr=3147
17:41:00.163 INF Submitted request. clSeqNr=3148
17:41:00.167 INF Submitted request. clSeqNr=3149
17:41:00.170 INF Submitted request. clSeqNr=3150
17:41:00.174 INF Submitted request. clSeqNr=3151
17:41:00.177 INF Submitted request. clSeqNr=3152
17:41:00.181 INF Submitted request. clSeqNr=3153
17:41:00.185 INF Submitted request. clSeqNr=3154
17:41:00.188 INF Submitted request. clSeqNr=3155
17:41:00.192 INF Submitted request. clSeqNr=3156
17:41:00.195 INF Submitted request. clSeqNr=3157
17:41:00.199 INF Submitted request. clSeqNr=3158
17:41:00.203 INF Submitted request. clSeqNr=3159
17:41:00.206 INF Submitted request. clSeqNr=3160
17:41:00.210 INF Submitted request. clSeqNr=3161
17:41:00.214 INF Submitted request. clSeqNr=3162
17:41:00.217 INF Submitted request. clSeqNr=3163
17:41:00.222 INF Submitted request. clSeqNr=3164
17:41:00.225 INF Submitted request. clSeqNr=3165
17:41:00.229 INF Submitted request. clSeqNr=3166
17:41:00.233 INF Submitted request. clSeqNr=3167
17:41:00.236 INF Submitted request. clSeqNr=3168
17:41:00.240 INF Submitted request. clSeqNr=3169
17:41:00.244 INF Submitted request. clSeqNr=3170
17:41:00.246 INF Submitted request. clSeqNr=3171
17:41:00.250 INF Submitted request. clSeqNr=3172
17:41:00.254 INF Submitted request. clSeqNr=3173
17:41:00.258 INF Submitted request. clSeqNr=3174
17:41:00.261 INF Submitted request. clSeqNr=3175
17:41:00.265 INF Submitted request. clSeqNr=3176
17:41:00.269 INF Submitted request. clSeqNr=3177
17:41:00.272 INF Submitted request. clSeqNr=3178
17:41:00.277 INF Submitted request. clSeqNr=3179
17:41:00.280 INF Submitted request. clSeqNr=3180
17:41:00.283 INF Submitted request. clSeqNr=3181
17:41:00.287 INF Submitted request. clSeqNr=3182
17:41:00.291 INF Submitted request. clSeqNr=3183
17:41:00.294 INF Submitted request. clSeqNr=3184
17:41:00.299 INF Submitted request. clSeqNr=3185
17:41:00.301 INF Submitted request. clSeqNr=3186
17:41:00.305 INF Submitted request. clSeqNr=3187
17:41:00.309 INF Submitted request. clSeqNr=3188
17:41:00.313 INF Submitted request. clSeqNr=3189
17:41:00.316 INF Submitted request. clSeqNr=3190
17:41:00.320 INF Submitted request. clSeqNr=3191
17:41:00.323 INF Submitted request. clSeqNr=3192
17:41:00.327 INF Submitted request. clSeqNr=3193
17:41:00.332 INF Submitted request. clSeqNr=3194
17:41:00.335 INF Submitted request. clSeqNr=3195
17:41:00.338 INF Submitted request. clSeqNr=3196
17:41:00.342 INF Submitted request. clSeqNr=3197
17:41:00.346 INF Submitted request. clSeqNr=3198
17:41:00.349 INF Submitted request. clSeqNr=3199
17:41:00.353 INF Submitted request. clSeqNr=3200
17:41:00.357 INF Submitted request. clSeqNr=3201
17:41:00.361 INF Submitted request. clSeqNr=3202
17:41:00.365 INF Submitted request. clSeqNr=3203
17:41:00.367 INF Submitted request. clSeqNr=3204
17:41:00.371 INF Submitted request. clSeqNr=3205
17:41:00.375 INF Submitted request. clSeqNr=3206
17:41:00.378 INF Submitted request. clSeqNr=3207
17:41:00.382 INF Submitted request. clSeqNr=3208
17:41:00.386 INF Submitted request. clSeqNr=3209
17:41:00.389 INF Submitted request. clSeqNr=3210
17:41:00.394 INF Submitted request. clSeqNr=3211
17:41:00.397 INF Submitted request. clSeqNr=3212
17:41:00.400 INF Submitted request. clSeqNr=3213
17:41:00.404 INF Submitted request. clSeqNr=3214
17:41:00.408 INF Submitted request. clSeqNr=3215
17:41:00.411 INF Submitted request. clSeqNr=3216
17:41:00.415 INF Submitted request. clSeqNr=3217
17:41:00.419 INF Submitted request. clSeqNr=3218
17:41:00.422 INF Submitted request. clSeqNr=3219
17:41:00.426 INF Submitted request. clSeqNr=3220
17:41:00.431 INF Submitted request. clSeqNr=3221
17:41:00.433 INF Submitted request. clSeqNr=3222
17:41:00.438 INF Submitted request. clSeqNr=3223
17:41:00.441 INF Submitted request. clSeqNr=3224
17:41:00.445 INF Submitted request. clSeqNr=3225
17:41:00.449 INF Submitted request. clSeqNr=3226
17:41:00.452 INF Submitted request. clSeqNr=3227
17:41:00.455 INF Submitted request. clSeqNr=3228
17:41:00.460 INF Submitted request. clSeqNr=3229
17:41:00.462 INF Submitted request. clSeqNr=3230
17:41:00.467 INF Submitted request. clSeqNr=3231
17:41:00.470 INF Submitted request. clSeqNr=3232
17:41:00.474 INF Submitted request. clSeqNr=3233
17:41:00.477 INF Submitted request. clSeqNr=3234
17:41:00.482 INF Submitted request. clSeqNr=3235
17:41:00.485 INF Submitted request. clSeqNr=3236
17:41:00.489 INF Submitted request. clSeqNr=3237
17:41:00.492 INF Submitted request. clSeqNr=3238
17:41:00.496 INF Submitted request. clSeqNr=3239
17:41:00.500 INF Submitted request. clSeqNr=3240
17:41:00.503 INF Submitted request. clSeqNr=3241
17:41:00.507 INF Submitted request. clSeqNr=3242
17:41:00.511 INF Submitted request. clSeqNr=3243
17:41:00.514 INF Submitted request. clSeqNr=3244
17:41:00.519 INF Submitted request. clSeqNr=3245
17:41:00.521 INF Submitted request. clSeqNr=3246
17:41:00.525 INF Submitted request. clSeqNr=3247
17:41:00.528 INF Submitted request. clSeqNr=3248
17:41:00.533 INF Submitted request. clSeqNr=3249
17:41:00.537 INF Submitted request. clSeqNr=3250
17:41:00.540 INF Submitted request. clSeqNr=3251
17:41:00.543 INF Submitted request. clSeqNr=3252
17:41:00.548 INF Submitted request. clSeqNr=3253
17:41:00.551 INF Submitted request. clSeqNr=3254
17:41:00.554 INF Submitted request. clSeqNr=3255
17:41:00.558 INF Submitted request. clSeqNr=3256
17:41:00.562 INF Submitted request. clSeqNr=3257
17:41:00.565 INF Submitted request. clSeqNr=3258
17:41:00.570 INF Submitted request. clSeqNr=3259
17:41:00.573 INF Submitted request. clSeqNr=3260
17:41:00.576 INF Submitted request. clSeqNr=3261
17:41:00.580 INF Submitted request. clSeqNr=3262
17:41:00.584 INF Submitted request. clSeqNr=3263
17:41:00.588 INF Submitted request. clSeqNr=3264
17:41:00.591 INF Submitted request. clSeqNr=3265
17:41:00.594 INF Submitted request. clSeqNr=3266
17:41:00.599 INF Submitted request. clSeqNr=3267
17:41:00.602 INF Submitted request. clSeqNr=3268
17:41:00.606 INF Submitted request. clSeqNr=3269
17:41:00.610 INF Submitted request. clSeqNr=3270
17:41:00.613 INF Submitted request. clSeqNr=3271
17:41:00.617 INF Submitted request. clSeqNr=3272
17:41:00.620 INF Submitted request. clSeqNr=3273
17:41:00.624 INF Submitted request. clSeqNr=3274
17:41:00.628 INF Submitted request. clSeqNr=3275
17:41:00.632 INF Submitted request. clSeqNr=3276
17:41:00.635 INF Submitted request. clSeqNr=3277
17:41:00.639 INF Submitted request. clSeqNr=3278
17:41:00.642 INF Submitted request. clSeqNr=3279
17:41:00.646 INF Submitted request. clSeqNr=3280
17:41:00.650 INF Submitted request. clSeqNr=3281
17:41:00.653 INF Submitted request. clSeqNr=3282
17:41:00.658 INF Submitted request. clSeqNr=3283
17:41:00.661 INF Submitted request. clSeqNr=3284
17:41:00.664 INF Submitted request. clSeqNr=3285
17:41:00.668 INF Submitted request. clSeqNr=3286
17:41:00.671 INF Submitted request. clSeqNr=3287
17:41:00.675 INF Submitted request. clSeqNr=3288
17:41:00.679 INF Submitted request. clSeqNr=3289
17:41:00.683 INF Submitted request. clSeqNr=3290
17:41:00.686 INF Submitted request. clSeqNr=3291
17:41:00.690 INF Submitted request. clSeqNr=3292
17:41:00.694 INF Submitted request. clSeqNr=3293
17:41:00.697 INF Submitted request. clSeqNr=3294
17:41:00.701 INF Submitted request. clSeqNr=3295
17:41:00.705 INF Submitted request. clSeqNr=3296
17:41:00.708 INF Submitted request. clSeqNr=3297
17:41:00.713 INF Submitted request. clSeqNr=3298
17:41:00.716 INF Submitted request. clSeqNr=3299
17:41:00.719 INF Submitted request. clSeqNr=3300
17:41:00.723 INF Submitted request. clSeqNr=3301
17:41:00.726 INF Submitted request. clSeqNr=3302
17:41:00.731 INF Submitted request. clSeqNr=3303
17:41:00.735 INF Submitted request. clSeqNr=3304
17:41:00.738 INF Submitted request. clSeqNr=3305
17:41:00.741 INF Submitted request. clSeqNr=3306
17:41:00.746 INF Submitted request. clSeqNr=3307
17:41:00.748 INF Submitted request. clSeqNr=3308
17:41:00.752 INF Submitted request. clSeqNr=3309
17:41:00.756 INF Submitted request. clSeqNr=3310
17:41:00.759 INF Submitted request. clSeqNr=3311
17:41:00.763 INF Submitted request. clSeqNr=3312
17:41:00.768 INF Submitted request. clSeqNr=3313
17:41:00.770 INF Submitted request. clSeqNr=3314
17:41:00.775 INF Submitted request. clSeqNr=3315
17:41:00.778 INF Submitted request. clSeqNr=3316
17:41:00.782 INF Submitted request. clSeqNr=3317
17:41:00.786 INF Submitted request. clSeqNr=3318
17:41:00.788 INF Submitted request. clSeqNr=3319
17:41:00.792 INF Submitted request. clSeqNr=3320
17:41:00.796 INF Submitted request. clSeqNr=3321
17:41:00.800 INF Submitted request. clSeqNr=3322
17:41:00.803 INF Submitted request. clSeqNr=3323
17:41:00.807 INF Submitted request. clSeqNr=3324
17:41:00.811 INF Submitted request. clSeqNr=3325
17:41:00.814 INF Submitted request. clSeqNr=3326
17:41:00.818 INF Submitted request. clSeqNr=3327
17:41:00.822 INF Submitted request. clSeqNr=3328
17:41:00.826 INF Submitted request. clSeqNr=3329
17:41:00.830 INF Submitted request. clSeqNr=3330
17:41:00.833 INF Submitted request. clSeqNr=3331
17:41:00.836 INF Submitted request. clSeqNr=3332
17:41:00.840 INF Submitted request. clSeqNr=3333
17:41:00.844 INF Submitted request. clSeqNr=3334
17:41:00.848 INF Submitted request. clSeqNr=3335
17:41:00.851 INF Submitted request. clSeqNr=3336
17:41:00.855 INF Submitted request. clSeqNr=3337
17:41:00.858 INF Submitted request. clSeqNr=3338
17:41:00.862 INF Submitted request. clSeqNr=3339
17:41:00.866 INF Submitted request. clSeqNr=3340
17:41:00.869 INF Submitted request. clSeqNr=3341
17:41:00.873 INF Submitted request. clSeqNr=3342
17:41:00.876 INF Submitted request. clSeqNr=3343
17:41:00.881 INF Submitted request. clSeqNr=3344
17:41:00.885 INF Submitted request. clSeqNr=3345
17:41:00.888 INF Submitted request. clSeqNr=3346
17:41:00.891 INF Submitted request. clSeqNr=3347
17:41:00.896 INF Submitted request. clSeqNr=3348
17:41:00.899 INF Submitted request. clSeqNr=3349
17:41:00.903 INF Submitted request. clSeqNr=3350
17:41:00.906 INF Submitted request. clSeqNr=3351
17:41:00.909 INF Submitted request. clSeqNr=3352
17:41:00.913 INF Submitted request. clSeqNr=3353
17:41:00.917 INF Submitted request. clSeqNr=3354
17:41:00.921 INF Submitted request. clSeqNr=3355
17:41:00.924 INF Submitted request. clSeqNr=3356
17:41:00.928 INF Submitted request. clSeqNr=3357
17:41:00.931 INF Submitted request. clSeqNr=3358
17:41:00.935 INF Submitted request. clSeqNr=3359
17:41:00.939 INF Submitted request. clSeqNr=3360
17:41:00.943 INF Submitted request. clSeqNr=3361
17:41:00.946 INF Submitted request. clSeqNr=3362
17:41:00.950 INF Submitted request. clSeqNr=3363
17:41:00.954 INF Submitted request. clSeqNr=3364
17:41:00.958 INF Submitted request. clSeqNr=3365
17:41:00.961 INF Submitted request. clSeqNr=3366
17:41:00.965 INF Submitted request. clSeqNr=3367
17:41:00.968 INF Submitted request. clSeqNr=3368
17:41:00.972 INF Submitted request. clSeqNr=3369
17:41:00.976 INF Submitted request. clSeqNr=3370
17:41:00.979 INF Submitted request. clSeqNr=3371
17:41:00.984 INF Submitted request. clSeqNr=3372
17:41:00.987 INF Submitted request. clSeqNr=3373
17:41:00.991 INF Submitted request. clSeqNr=3374
17:41:00.995 INF Submitted request. clSeqNr=3375
17:41:00.997 INF Submitted request. clSeqNr=3376
17:41:01.001 INF Submitted request. clSeqNr=3377
17:41:01.005 INF Submitted request. clSeqNr=3378
17:41:01.009 INF Submitted request. clSeqNr=3379
17:41:01.013 INF Submitted request. clSeqNr=3380
17:41:01.016 INF Submitted request. clSeqNr=3381
17:41:01.020 INF Submitted request. clSeqNr=3382
17:41:01.023 INF Submitted request. clSeqNr=3383
17:41:01.027 INF Submitted request. clSeqNr=3384
17:41:01.031 INF Submitted request. clSeqNr=3385
17:41:01.034 INF Submitted request. clSeqNr=3386
17:41:01.038 INF Submitted request. clSeqNr=3387
17:41:01.042 INF Submitted request. clSeqNr=3388
17:41:01.045 INF Submitted request. clSeqNr=3389
17:41:01.049 INF Submitted request. clSeqNr=3390
17:41:01.053 INF Submitted request. clSeqNr=3391
17:41:01.056 INF Submitted request. clSeqNr=3392
17:41:01.061 INF Submitted request. clSeqNr=3393
17:41:01.063 INF Submitted request. clSeqNr=3394
17:41:01.067 INF Submitted request. clSeqNr=3395
17:41:01.071 INF Submitted request. clSeqNr=3396
17:41:01.074 INF Submitted request. clSeqNr=3397
17:41:01.078 INF Submitted request. clSeqNr=3398
17:41:01.082 INF Submitted request. clSeqNr=3399
17:41:01.085 INF Submitted request. clSeqNr=3400
17:41:01.089 INF Submitted request. clSeqNr=3401
17:41:01.093 INF Submitted request. clSeqNr=3402
17:41:01.096 INF Submitted request. clSeqNr=3403
17:41:01.100 INF Submitted request. clSeqNr=3404
17:41:01.104 INF Submitted request. clSeqNr=3405
17:41:01.107 INF Submitted request. clSeqNr=3406
17:41:01.111 INF Submitted request. clSeqNr=3407
17:41:01.114 INF Submitted request. clSeqNr=3408
17:41:01.118 INF Submitted request. clSeqNr=3409
17:41:01.122 INF Submitted request. clSeqNr=3410
17:41:01.126 INF Submitted request. clSeqNr=3411
17:41:01.129 INF Submitted request. clSeqNr=3412
17:41:01.133 INF Submitted request. clSeqNr=3413
17:41:01.137 INF Submitted request. clSeqNr=3414
17:41:01.140 INF Submitted request. clSeqNr=3415
17:41:01.144 INF Submitted request. clSeqNr=3416
17:41:01.148 INF Submitted request. clSeqNr=3417
17:41:01.152 INF Submitted request. clSeqNr=3418
17:41:01.155 INF Submitted request. clSeqNr=3419
17:41:01.159 INF Submitted request. clSeqNr=3420
17:41:01.163 INF Submitted request. clSeqNr=3421
17:41:01.166 INF Submitted request. clSeqNr=3422
17:41:01.169 INF Submitted request. clSeqNr=3423
17:41:01.174 INF Submitted request. clSeqNr=3424
17:41:01.177 INF Submitted request. clSeqNr=3425
17:41:01.181 INF Submitted request. clSeqNr=3426
17:41:01.184 INF Submitted request. clSeqNr=3427
17:41:01.188 INF Submitted request. clSeqNr=3428
17:41:01.191 INF Submitted request. clSeqNr=3429
17:41:01.196 INF Submitted request. clSeqNr=3430
17:41:01.199 INF Submitted request. clSeqNr=3431
17:41:01.202 INF Submitted request. clSeqNr=3432
17:41:01.207 INF Submitted request. clSeqNr=3433
17:41:01.211 INF Submitted request. clSeqNr=3434
17:41:01.214 INF Submitted request. clSeqNr=3435
17:41:01.218 INF Submitted request. clSeqNr=3436
17:41:01.221 INF Submitted request. clSeqNr=3437
17:41:01.225 INF Submitted request. clSeqNr=3438
17:41:01.229 INF Submitted request. clSeqNr=3439
17:41:01.232 INF Submitted request. clSeqNr=3440
17:41:01.237 INF Submitted request. clSeqNr=3441
17:41:01.240 INF Submitted request. clSeqNr=3442
17:41:01.243 INF Submitted request. clSeqNr=3443
17:41:01.247 INF Submitted request. clSeqNr=3444
17:41:01.250 INF Submitted request. clSeqNr=3445
17:41:01.254 INF Submitted request. clSeqNr=3446
17:41:01.258 INF Submitted request. clSeqNr=3447
17:41:01.261 INF Submitted request. clSeqNr=3448
17:41:01.266 INF Submitted request. clSeqNr=3449
17:41:01.269 INF Submitted request. clSeqNr=3450
17:41:01.273 INF Submitted request. clSeqNr=3451
17:41:01.276 INF Submitted request. clSeqNr=3452
17:41:01.280 INF Submitted request. clSeqNr=3453
17:41:01.284 INF Submitted request. clSeqNr=3454
17:41:01.287 INF Submitted request. clSeqNr=3455
17:41:01.291 INF Submitted request. clSeqNr=3456
17:41:01.295 INF Submitted request. clSeqNr=3457
17:41:01.298 INF Submitted request. clSeqNr=3458
17:41:01.302 INF Submitted request. clSeqNr=3459
17:41:01.305 INF Submitted request. clSeqNr=3460
17:41:01.310 INF Submitted request. clSeqNr=3461
17:41:01.313 INF Submitted request. clSeqNr=3462
17:41:01.317 INF Submitted request. clSeqNr=3463
17:41:01.320 INF Submitted request. clSeqNr=3464
17:41:01.324 INF Submitted request. clSeqNr=3465
17:41:01.328 INF Submitted request. clSeqNr=3466
17:41:01.332 INF Submitted request. clSeqNr=3467
17:41:01.335 INF Submitted request. clSeqNr=3468
17:41:01.338 INF Submitted request. clSeqNr=3469
17:41:01.342 INF Submitted request. clSeqNr=3470
17:41:01.345 INF Submitted request. clSeqNr=3471
17:41:01.349 INF Submitted request. clSeqNr=3472
17:41:01.353 INF Submitted request. clSeqNr=3473
17:41:01.356 INF Submitted request. clSeqNr=3474
17:41:01.361 INF Submitted request. clSeqNr=3475
17:41:01.364 INF Submitted request. clSeqNr=3476
17:41:01.368 INF Submitted request. clSeqNr=3477
17:41:01.371 INF Submitted request. clSeqNr=3478
17:41:01.375 INF Submitted request. clSeqNr=3479
17:41:01.378 INF Submitted request. clSeqNr=3480
17:41:01.382 INF Submitted request. clSeqNr=3481
17:41:01.386 INF Submitted request. clSeqNr=3482
17:41:01.389 INF Submitted request. clSeqNr=3483
17:41:01.393 INF Submitted request. clSeqNr=3484
17:41:01.397 INF Submitted request. clSeqNr=3485
17:41:01.400 INF Submitted request. clSeqNr=3486
17:41:01.404 INF Submitted request. clSeqNr=3487
17:41:01.408 INF Submitted request. clSeqNr=3488
17:41:01.411 INF Submitted request. clSeqNr=3489
17:41:01.416 INF Submitted request. clSeqNr=3490
17:41:01.419 INF Submitted request. clSeqNr=3491
17:41:01.422 INF Submitted request. clSeqNr=3492
17:41:01.426 INF Submitted request. clSeqNr=3493
17:41:01.430 INF Submitted request. clSeqNr=3494
17:41:01.433 INF Submitted request. clSeqNr=3495
17:41:01.437 INF Submitted request. clSeqNr=3496
17:41:01.441 INF Submitted request. clSeqNr=3497
17:41:01.444 INF Submitted request. clSeqNr=3498
17:41:01.448 INF Submitted request. clSeqNr=3499
17:41:01.452 INF Submitted request. clSeqNr=3500
17:41:01.456 INF Submitted request. clSeqNr=3501
17:41:01.459 INF Submitted request. clSeqNr=3502
17:41:01.462 INF Submitted request. clSeqNr=3503
17:41:01.467 INF Submitted request. clSeqNr=3504
17:41:01.471 INF Submitted request. clSeqNr=3505
17:41:01.474 INF Submitted request. clSeqNr=3506
17:41:01.478 INF Submitted request. clSeqNr=3507
17:41:01.482 INF Submitted request. clSeqNr=3508
17:41:01.486 INF Submitted request. clSeqNr=3509
17:41:01.488 INF Submitted request. clSeqNr=3510
17:41:01.492 INF Submitted request. clSeqNr=3511
17:41:01.496 INF Submitted request. clSeqNr=3512
17:41:01.500 INF Submitted request. clSeqNr=3513
17:41:01.503 INF Submitted request. clSeqNr=3514
17:41:01.507 INF Submitted request. clSeqNr=3515
17:41:01.510 INF Submitted request. clSeqNr=3516
17:41:01.514 INF Submitted request. clSeqNr=3517
17:41:01.518 INF Submitted request. clSeqNr=3518
17:41:01.522 INF Submitted request. clSeqNr=3519
17:41:01.525 INF Submitted request. clSeqNr=3520
17:41:01.529 INF Submitted request. clSeqNr=3521
17:41:01.533 INF Submitted request. clSeqNr=3522
17:41:01.536 INF Submitted request. clSeqNr=3523
17:41:01.540 INF Submitted request. clSeqNr=3524
17:41:01.544 INF Submitted request. clSeqNr=3525
17:41:01.548 INF Submitted request. clSeqNr=3526
17:41:01.550 INF Submitted request. clSeqNr=3527
17:41:01.554 INF Submitted request. clSeqNr=3528
17:41:01.559 INF Submitted request. clSeqNr=3529
17:41:01.562 INF Submitted request. clSeqNr=3530
17:41:01.565 INF Submitted request. clSeqNr=3531
17:41:01.569 INF Submitted request. clSeqNr=3532
17:41:01.572 INF Submitted request. clSeqNr=3533
17:41:01.576 INF Submitted request. clSeqNr=3534
17:41:01.580 INF Submitted request. clSeqNr=3535
17:41:01.583 INF Submitted request. clSeqNr=3536
17:41:01.587 INF Submitted request. clSeqNr=3537
17:41:01.592 INF Submitted request. clSeqNr=3538
17:41:01.595 INF Submitted request. clSeqNr=3539
17:41:01.599 INF Submitted request. clSeqNr=3540
17:41:01.603 INF Submitted request. clSeqNr=3541
17:41:01.606 INF Submitted request. clSeqNr=3542
17:41:01.610 INF Submitted request. clSeqNr=3543
17:41:01.613 INF Submitted request. clSeqNr=3544
17:41:01.617 INF Submitted request. clSeqNr=3545
17:41:01.620 INF Submitted request. clSeqNr=3546
17:41:01.625 INF Submitted request. clSeqNr=3547
17:41:01.628 INF Submitted request. clSeqNr=3548
17:41:01.632 INF Submitted request. clSeqNr=3549
17:41:01.635 INF Submitted request. clSeqNr=3550
17:41:01.639 INF Submitted request. clSeqNr=3551
17:41:01.642 INF Submitted request. clSeqNr=3552
17:41:01.646 INF Submitted request. clSeqNr=3553
17:41:01.649 INF Submitted request. clSeqNr=3554
17:41:01.653 INF Submitted request. clSeqNr=3555
17:41:01.657 INF Submitted request. clSeqNr=3556
17:41:01.661 INF Submitted request. clSeqNr=3557
17:41:01.664 INF Submitted request. clSeqNr=3558
17:41:01.668 INF Submitted request. clSeqNr=3559
17:41:01.671 INF Submitted request. clSeqNr=3560
17:41:01.675 INF Submitted request. clSeqNr=3561
17:41:01.680 INF Submitted request. clSeqNr=3562
17:41:01.683 INF Submitted request. clSeqNr=3563
17:41:01.686 INF Submitted request. clSeqNr=3564
17:41:01.691 INF Submitted request. clSeqNr=3565
17:41:01.694 INF Submitted request. clSeqNr=3566
17:41:01.697 INF Submitted request. clSeqNr=3567
17:41:01.701 INF Submitted request. clSeqNr=3568
17:41:01.705 INF Submitted request. clSeqNr=3569
17:41:01.709 INF Submitted request. clSeqNr=3570
17:41:01.712 INF Submitted request. clSeqNr=3571
17:41:01.715 INF Submitted request. clSeqNr=3572
17:41:01.719 INF Submitted request. clSeqNr=3573
17:41:01.723 INF Submitted request. clSeqNr=3574
17:41:01.727 INF Submitted request. clSeqNr=3575
17:41:01.730 INF Submitted request. clSeqNr=3576
17:41:01.735 INF Submitted request. clSeqNr=3577
17:41:01.738 INF Submitted request. clSeqNr=3578
17:41:01.741 INF Submitted request. clSeqNr=3579
17:41:01.745 INF Submitted request. clSeqNr=3580
17:41:01.748 INF Submitted request. clSeqNr=3581
17:41:01.752 INF Submitted request. clSeqNr=3582
17:41:01.756 INF Submitted request. clSeqNr=3583
17:41:01.760 INF Submitted request. clSeqNr=3584
17:41:01.763 INF Submitted request. clSeqNr=3585
17:41:01.767 INF Submitted request. clSeqNr=3586
17:41:01.771 INF Submitted request. clSeqNr=3587
17:41:01.774 INF Submitted request. clSeqNr=3588
17:41:01.778 INF Submitted request. clSeqNr=3589
17:41:01.781 INF Submitted request. clSeqNr=3590
17:41:01.785 INF Submitted request. clSeqNr=3591
17:41:01.788 INF Submitted request. clSeqNr=3592
17:41:01.793 INF Submitted request. clSeqNr=3593
17:41:01.796 INF Submitted request. clSeqNr=3594
17:41:01.800 INF Submitted request. clSeqNr=3595
17:41:01.804 INF Submitted request. clSeqNr=3596
17:41:01.807 INF Submitted request. clSeqNr=3597
17:41:01.811 INF Submitted request. clSeqNr=3598
17:41:01.814 INF Submitted request. clSeqNr=3599
17:41:01.818 INF Submitted request. clSeqNr=3600
17:41:01.822 INF Submitted request. clSeqNr=3601
17:41:01.826 INF Submitted request. clSeqNr=3602
17:41:01.829 INF Submitted request. clSeqNr=3603
17:41:01.832 INF Submitted request. clSeqNr=3604
17:41:01.837 INF Submitted request. clSeqNr=3605
17:41:01.841 INF Submitted request. clSeqNr=3606
17:41:01.844 INF Submitted request. clSeqNr=3607
17:41:01.847 INF Submitted request. clSeqNr=3608
17:41:01.851 INF Submitted request. clSeqNr=3609
17:41:01.854 INF Submitted request. clSeqNr=3610
17:41:01.858 INF Submitted request. clSeqNr=3611
17:41:01.862 INF Submitted request. clSeqNr=3612
17:41:01.866 INF Submitted request. clSeqNr=3613
17:41:01.870 INF Submitted request. clSeqNr=3614
17:41:01.873 INF Submitted request. clSeqNr=3615
17:41:01.877 INF Submitted request. clSeqNr=3616
17:41:01.880 INF Submitted request. clSeqNr=3617
17:41:01.884 INF Submitted request. clSeqNr=3618
17:41:01.888 INF Submitted request. clSeqNr=3619
17:41:01.892 INF Submitted request. clSeqNr=3620
17:41:01.895 INF Submitted request. clSeqNr=3621
17:41:01.899 INF Submitted request. clSeqNr=3622
17:41:01.902 INF Submitted request. clSeqNr=3623
17:41:01.906 INF Submitted request. clSeqNr=3624
17:41:01.910 INF Submitted request. clSeqNr=3625
17:41:01.913 INF Submitted request. clSeqNr=3626
17:41:01.918 INF Submitted request. clSeqNr=3627
17:41:01.921 INF Submitted request. clSeqNr=3628
17:41:01.924 INF Submitted request. clSeqNr=3629
17:41:01.929 INF Submitted request. clSeqNr=3630
17:41:01.932 INF Submitted request. clSeqNr=3631
17:41:01.935 INF Submitted request. clSeqNr=3632
17:41:01.939 INF Submitted request. clSeqNr=3633
17:41:01.942 INF Submitted request. clSeqNr=3634
17:41:01.946 INF Submitted request. clSeqNr=3635
17:41:01.950 INF Submitted request. clSeqNr=3636
17:41:01.953 INF Submitted request. clSeqNr=3637
17:41:01.958 INF Submitted request. clSeqNr=3638
17:41:01.961 INF Submitted request. clSeqNr=3639
17:41:01.965 INF Submitted request. clSeqNr=3640
17:41:01.969 INF Submitted request. clSeqNr=3641
17:41:01.972 INF Submitted request. clSeqNr=3642
17:41:01.976 INF Submitted request. clSeqNr=3643
17:41:01.979 INF Submitted request. clSeqNr=3644
17:41:01.983 INF Submitted request. clSeqNr=3645
17:41:01.986 INF Submitted request. clSeqNr=3646
17:41:01.990 INF Submitted request. clSeqNr=3647
17:41:01.994 INF Submitted request. clSeqNr=3648
17:41:01.998 INF Submitted request. clSeqNr=3649
17:41:02.002 INF Submitted request. clSeqNr=3650
17:41:02.005 INF Submitted request. clSeqNr=3651
17:41:02.009 INF Submitted request. clSeqNr=3652
17:41:02.013 INF Submitted request. clSeqNr=3653
17:41:02.016 INF Submitted request. clSeqNr=3654
17:41:02.020 INF Submitted request. clSeqNr=3655
17:41:02.023 INF Submitted request. clSeqNr=3656
17:41:02.027 INF Submitted request. clSeqNr=3657
17:41:02.031 INF Submitted request. clSeqNr=3658
17:41:02.034 INF Submitted request. clSeqNr=3659
17:41:02.038 INF Submitted request. clSeqNr=3660
17:41:02.042 INF Submitted request. clSeqNr=3661
17:41:02.045 INF Submitted request. clSeqNr=3662
17:41:02.049 INF Submitted request. clSeqNr=3663
17:41:02.052 INF Submitted request. clSeqNr=3664
17:41:02.056 INF Submitted request. clSeqNr=3665
17:41:02.060 INF Submitted request. clSeqNr=3666
17:41:02.063 INF Submitted request. clSeqNr=3667
17:41:02.067 INF Submitted request. clSeqNr=3668
17:41:02.071 INF Submitted request. clSeqNr=3669
17:41:02.074 INF Submitted request. clSeqNr=3670
17:41:02.078 INF Submitted request. clSeqNr=3671
17:41:02.082 INF Submitted request. clSeqNr=3672
17:41:02.086 INF Submitted request. clSeqNr=3673
17:41:02.089 INF Submitted request. clSeqNr=3674
17:41:02.093 INF Submitted request. clSeqNr=3675
17:41:02.096 INF Submitted request. clSeqNr=3676
17:41:02.100 INF Submitted request. clSeqNr=3677
17:41:02.105 INF Submitted request. clSeqNr=3678
17:41:02.107 INF Submitted request. clSeqNr=3679
17:41:02.111 INF Submitted request. clSeqNr=3680
17:41:02.115 INF Submitted request. clSeqNr=3681
17:41:02.118 INF Submitted request. clSeqNr=3682
17:41:02.122 INF Submitted request. clSeqNr=3683
17:41:02.126 INF Submitted request. clSeqNr=3684
17:41:02.130 INF Submitted request. clSeqNr=3685
17:41:02.133 INF Submitted request. clSeqNr=3686
17:41:02.137 INF Submitted request. clSeqNr=3687
17:41:02.140 INF Submitted request. clSeqNr=3688
17:41:02.145 INF Submitted request. clSeqNr=3689
17:41:02.148 INF Submitted request. clSeqNr=3690
17:41:02.151 INF Submitted request. clSeqNr=3691
17:41:02.155 INF Submitted request. clSeqNr=3692
17:41:02.159 INF Submitted request. clSeqNr=3693
17:41:02.163 INF Submitted request. clSeqNr=3694
17:41:02.167 INF Submitted request. clSeqNr=3695
17:41:02.169 INF Submitted request. clSeqNr=3696
17:41:02.174 INF Submitted request. clSeqNr=3697
17:41:02.177 INF Submitted request. clSeqNr=3698
17:41:02.181 INF Submitted request. clSeqNr=3699
17:41:02.185 INF Submitted request. clSeqNr=3700
17:41:02.189 INF Submitted request. clSeqNr=3701
17:41:02.192 INF Submitted request. clSeqNr=3702
17:41:02.196 INF Submitted request. clSeqNr=3703
17:41:02.199 INF Submitted request. clSeqNr=3704
17:41:02.203 INF Submitted request. clSeqNr=3705
17:41:02.206 INF Submitted request. clSeqNr=3706
17:41:02.210 INF Submitted request. clSeqNr=3707
17:41:02.214 INF Submitted request. clSeqNr=3708
17:41:02.217 INF Submitted request. clSeqNr=3709
17:41:02.221 INF Submitted request. clSeqNr=3710
17:41:02.225 INF Submitted request. clSeqNr=3711
17:41:02.229 INF Submitted request. clSeqNr=3712
17:41:02.232 INF Submitted request. clSeqNr=3713
17:41:02.236 INF Submitted request. clSeqNr=3714
17:41:02.239 INF Submitted request. clSeqNr=3715
17:41:02.243 INF Submitted request. clSeqNr=3716
17:41:02.246 INF Submitted request. clSeqNr=3717
17:41:02.251 INF Submitted request. clSeqNr=3718
17:41:02.254 INF Submitted request. clSeqNr=3719
17:41:02.257 INF Submitted request. clSeqNr=3720
17:41:02.262 INF Submitted request. clSeqNr=3721
17:41:02.265 INF Submitted request. clSeqNr=3722
17:41:02.268 INF Submitted request. clSeqNr=3723
17:41:02.272 INF Submitted request. clSeqNr=3724
17:41:02.276 INF Submitted request. clSeqNr=3725
17:41:02.280 INF Submitted request. clSeqNr=3726
17:41:02.283 INF Submitted request. clSeqNr=3727
17:41:02.287 INF Submitted request. clSeqNr=3728
17:41:02.291 INF Submitted request. clSeqNr=3729
17:41:02.294 INF Submitted request. clSeqNr=3730
17:41:02.298 INF Submitted request. clSeqNr=3731
17:41:02.302 INF Submitted request. clSeqNr=3732
17:41:02.305 INF Submitted request. clSeqNr=3733
17:41:02.309 INF Submitted request. clSeqNr=3734
17:41:02.313 INF Submitted request. clSeqNr=3735
17:41:02.316 INF Submitted request. clSeqNr=3736
17:41:02.320 INF Submitted request. clSeqNr=3737
17:41:02.323 INF Submitted request. clSeqNr=3738
17:41:02.327 INF Submitted request. clSeqNr=3739
17:41:02.331 INF Submitted request. clSeqNr=3740
17:41:02.335 INF Submitted request. clSeqNr=3741
17:41:02.338 INF Submitted request. clSeqNr=3742
17:41:02.342 INF Submitted request. clSeqNr=3743
17:41:02.346 INF Submitted request. clSeqNr=3744
17:41:02.349 INF Submitted request. clSeqNr=3745
17:41:02.354 INF Submitted request. clSeqNr=3746
17:41:02.357 INF Submitted request. clSeqNr=3747
17:41:02.360 INF Submitted request. clSeqNr=3748
17:41:02.364 INF Submitted request. clSeqNr=3749
17:41:02.367 INF Submitted request. clSeqNr=3750
17:41:02.371 INF Submitted request. clSeqNr=3751
17:41:02.375 INF Submitted request. clSeqNr=3752
17:41:02.378 INF Submitted request. clSeqNr=3753
17:41:02.382 INF Submitted request. clSeqNr=3754
17:41:02.386 INF Submitted request. clSeqNr=3755
17:41:02.390 INF Submitted request. clSeqNr=3756
17:41:02.393 INF Submitted request. clSeqNr=3757
17:41:02.397 INF Submitted request. clSeqNr=3758
17:41:02.401 INF Submitted request. clSeqNr=3759
17:41:02.404 INF Submitted request. clSeqNr=3760
17:41:02.409 INF Submitted request. clSeqNr=3761
17:41:02.412 INF Submitted request. clSeqNr=3762
17:41:02.415 INF Submitted request. clSeqNr=3763
17:41:02.419 INF Submitted request. clSeqNr=3764
17:41:02.423 INF Submitted request. clSeqNr=3765
17:41:02.426 INF Submitted request. clSeqNr=3766
17:41:02.430 INF Submitted request. clSeqNr=3767
17:41:02.433 INF Submitted request. clSeqNr=3768
17:41:02.437 INF Submitted request. clSeqNr=3769
17:41:02.441 INF Submitted request. clSeqNr=3770
17:41:02.445 INF Submitted request. clSeqNr=3771
17:41:02.448 INF Submitted request. clSeqNr=3772
17:41:02.452 INF Submitted request. clSeqNr=3773
17:41:02.455 INF Submitted request. clSeqNr=3774
17:41:02.459 INF Submitted request. clSeqNr=3775
17:41:02.463 INF Submitted request. clSeqNr=3776
17:41:02.466 INF Submitted request. clSeqNr=3777
17:41:02.470 INF Submitted request. clSeqNr=3778
17:41:02.474 INF Submitted request. clSeqNr=3779
17:41:02.477 INF Submitted request. clSeqNr=3780
17:41:02.481 INF Submitted request. clSeqNr=3781
17:41:02.485 INF Submitted request. clSeqNr=3782
17:41:02.488 INF Submitted request. clSeqNr=3783
17:41:02.492 INF Submitted request. clSeqNr=3784
17:41:02.496 INF Submitted request. clSeqNr=3785
17:41:02.500 INF Submitted request. clSeqNr=3786
17:41:02.503 INF Submitted request. clSeqNr=3787
17:41:02.507 INF Submitted request. clSeqNr=3788
17:41:02.510 INF Submitted request. clSeqNr=3789
17:41:02.514 INF Submitted request. clSeqNr=3790
17:41:02.517 INF Submitted request. clSeqNr=3791
17:41:02.522 INF Submitted request. clSeqNr=3792
17:41:02.526 INF Submitted request. clSeqNr=3793
17:41:02.528 INF Submitted request. clSeqNr=3794
17:41:02.532 INF Submitted request. clSeqNr=3795
17:41:02.536 INF Submitted request. clSeqNr=3796
17:41:02.540 INF Submitted request. clSeqNr=3797
17:41:02.543 INF Submitted request. clSeqNr=3798
17:41:02.548 INF Submitted request. clSeqNr=3799
17:41:02.551 INF Submitted request. clSeqNr=3800
17:41:02.554 INF Submitted request. clSeqNr=3801
17:41:02.558 INF Submitted request. clSeqNr=3802
17:41:02.562 INF Submitted request. clSeqNr=3803
17:41:02.565 INF Submitted request. clSeqNr=3804
17:41:02.569 INF Submitted request. clSeqNr=3805
17:41:02.572 INF Submitted request. clSeqNr=3806
17:41:02.576 INF Submitted request. clSeqNr=3807
17:41:02.580 INF Submitted request. clSeqNr=3808
17:41:02.584 INF Submitted request. clSeqNr=3809
17:41:02.587 INF Submitted request. clSeqNr=3810
17:41:02.591 INF Submitted request. clSeqNr=3811
17:41:02.595 INF Submitted request. clSeqNr=3812
17:41:02.599 INF Submitted request. clSeqNr=3813
17:41:02.602 INF Submitted request. clSeqNr=3814
17:41:02.606 INF Submitted request. clSeqNr=3815
17:41:02.610 INF Submitted request. clSeqNr=3816
17:41:02.613 INF Submitted request. clSeqNr=3817
17:41:02.616 INF Submitted request. clSeqNr=3818
17:41:02.620 INF Submitted request. clSeqNr=3819
17:41:02.624 INF Submitted request. clSeqNr=3820
17:41:02.627 INF Submitted request. clSeqNr=3821
17:41:02.632 INF Submitted request. clSeqNr=3822
17:41:02.635 INF Submitted request. clSeqNr=3823
17:41:02.639 INF Submitted request. clSeqNr=3824
17:41:02.643 INF Submitted request. clSeqNr=3825
17:41:02.646 INF Submitted request. clSeqNr=3826
17:41:02.650 INF Submitted request. clSeqNr=3827
17:41:02.653 INF Submitted request. clSeqNr=3828
17:41:02.657 INF Submitted request. clSeqNr=3829
17:41:02.660 INF Submitted request. clSeqNr=3830
17:41:02.665 INF Submitted request. clSeqNr=3831
17:41:02.668 INF Submitted request. clSeqNr=3832
17:41:02.672 INF Submitted request. clSeqNr=3833
17:41:02.676 INF Submitted request. clSeqNr=3834
17:41:02.679 INF Submitted request. clSeqNr=3835
17:41:02.682 INF Submitted request. clSeqNr=3836
17:41:02.686 INF Submitted request. clSeqNr=3837
17:41:02.690 INF Submitted request. clSeqNr=3838
17:41:02.693 INF Submitted request. clSeqNr=3839
17:41:02.697 INF Submitted request. clSeqNr=3840
17:41:02.701 INF Submitted request. clSeqNr=3841
17:41:02.705 INF Submitted request. clSeqNr=3842
17:41:02.708 INF Submitted request. clSeqNr=3843
17:41:02.712 INF Submitted request. clSeqNr=3844
17:41:02.716 INF Submitted request. clSeqNr=3845
17:41:02.720 INF Submitted request. clSeqNr=3846
17:41:02.723 INF Submitted request. clSeqNr=3847
17:41:02.726 INF Submitted request. clSeqNr=3848
17:41:02.730 INF Submitted request. clSeqNr=3849
17:41:02.734 INF Submitted request. clSeqNr=3850
17:41:02.738 INF Submitted request. clSeqNr=3851
17:41:02.741 INF Submitted request. clSeqNr=3852
17:41:02.745 INF Submitted request. clSeqNr=3853
17:41:02.748 INF Submitted request. clSeqNr=3854
17:41:02.752 INF Submitted request. clSeqNr=3855
17:41:02.756 INF Submitted request. clSeqNr=3856
17:41:02.760 INF Submitted request. clSeqNr=3857
17:41:02.763 INF Submitted request. clSeqNr=3858
17:41:02.767 INF Submitted request. clSeqNr=3859
17:41:02.770 INF Submitted request. clSeqNr=3860
17:41:02.774 INF Submitted request. clSeqNr=3861
17:41:02.777 INF Submitted request. clSeqNr=3862
17:41:02.781 INF Submitted request. clSeqNr=3863
17:41:02.785 INF Submitted request. clSeqNr=3864
17:41:02.788 INF Submitted request. clSeqNr=3865
17:41:02.792 INF Submitted request. clSeqNr=3866
17:41:02.796 INF Submitted request. clSeqNr=3867
17:41:02.800 INF Submitted request. clSeqNr=3868
17:41:02.803 INF Submitted request. clSeqNr=3869
17:41:02.807 INF Submitted request. clSeqNr=3870
17:41:02.811 INF Submitted request. clSeqNr=3871
17:41:02.814 INF Submitted request. clSeqNr=3872
17:41:02.815 INF Request finished (out of order). clSeqNr=371
17:41:02.815 INF Request finished (out of order). clSeqNr=387
17:41:02.815 INF Request finished (out of order). clSeqNr=403
17:41:02.815 INF Request finished (out of order). clSeqNr=419
17:41:02.815 INF Request finished (out of order). clSeqNr=435
17:41:02.815 INF Request finished (out of order). clSeqNr=451
17:41:02.815 INF Request finished (out of order). clSeqNr=467
17:41:02.815 INF Request finished (out of order). clSeqNr=483
17:41:02.815 INF Request finished (out of order). clSeqNr=499
17:41:02.815 INF Request finished (out of order). clSeqNr=372
17:41:02.815 INF Request finished (out of order). clSeqNr=388
17:41:02.815 INF Request finished (out of order). clSeqNr=404
17:41:02.815 INF Request finished (out of order). clSeqNr=420
17:41:02.815 INF Request finished (out of order). clSeqNr=436
17:41:02.815 INF Request finished (out of order). clSeqNr=452
17:41:02.815 INF Request finished (out of order). clSeqNr=468
17:41:02.815 INF Request finished (out of order). clSeqNr=484
17:41:02.815 INF Request finished (out of order). clSeqNr=500
17:41:02.815 INF Request finished (out of order). clSeqNr=373
17:41:02.815 INF Request finished (out of order). clSeqNr=389
17:41:02.815 INF Request finished (out of order). clSeqNr=405
17:41:02.815 INF Request finished (out of order). clSeqNr=421
17:41:02.815 INF Request finished (out of order). clSeqNr=437
17:41:02.816 INF Request finished (out of order). clSeqNr=453
17:41:02.816 INF Request finished (out of order). clSeqNr=469
17:41:02.816 INF Request finished (out of order). clSeqNr=485
17:41:02.816 INF Request finished (out of order). clSeqNr=501
17:41:02.816 INF Request finished (out of order). clSeqNr=358
17:41:02.816 INF Request finished (out of order). clSeqNr=374
17:41:02.816 INF Request finished (out of order). clSeqNr=390
17:41:02.816 INF Request finished (out of order). clSeqNr=406
17:41:02.816 INF Request finished (out of order). clSeqNr=422
17:41:02.816 INF Request finished (out of order). clSeqNr=438
17:41:02.816 INF Request finished (out of order). clSeqNr=454
17:41:02.816 INF Request finished (out of order). clSeqNr=470
17:41:02.816 INF Request finished (out of order). clSeqNr=486
17:41:02.816 INF Request finished (out of order). clSeqNr=502
17:41:02.816 INF Request finished (out of order). clSeqNr=359
17:41:02.816 INF Request finished (out of order). clSeqNr=375
17:41:02.816 INF Request finished (out of order). clSeqNr=391
17:41:02.816 INF Request finished (out of order). clSeqNr=407
17:41:02.816 INF Request finished (out of order). clSeqNr=423
17:41:02.816 INF Request finished (out of order). clSeqNr=439
17:41:02.816 INF Request finished (out of order). clSeqNr=455
17:41:02.816 INF Request finished (out of order). clSeqNr=471
17:41:02.816 INF Request finished (out of order). clSeqNr=487
17:41:02.816 INF Request finished (out of order). clSeqNr=503
17:41:02.816 INF Request finished (out of order). clSeqNr=360
17:41:02.816 INF Request finished (out of order). clSeqNr=376
17:41:02.816 INF Request finished (out of order). clSeqNr=392
17:41:02.816 INF Request finished (out of order). clSeqNr=408
17:41:02.816 INF Request finished (out of order). clSeqNr=424
17:41:02.816 INF Request finished (out of order). clSeqNr=440
17:41:02.816 INF Request finished (out of order). clSeqNr=456
17:41:02.816 INF Request finished (out of order). clSeqNr=472
17:41:02.816 INF Request finished (out of order). clSeqNr=488
17:41:02.816 INF Request finished (out of order). clSeqNr=504
17:41:02.816 INF Request finished (out of order). clSeqNr=361
17:41:02.816 INF Request finished (out of order). clSeqNr=377
17:41:02.816 INF Request finished (out of order). clSeqNr=393
17:41:02.816 INF Request finished (out of order). clSeqNr=409
17:41:02.816 INF Request finished (out of order). clSeqNr=425
17:41:02.816 INF Request finished (out of order). clSeqNr=441
17:41:02.816 INF Request finished (out of order). clSeqNr=457
17:41:02.816 INF Request finished (out of order). clSeqNr=473
17:41:02.816 INF Request finished (out of order). clSeqNr=489
17:41:02.816 INF Request finished (out of order). clSeqNr=362
17:41:02.816 INF Request finished (out of order). clSeqNr=378
17:41:02.817 INF Request finished (out of order). clSeqNr=394
17:41:02.817 INF Request finished (out of order). clSeqNr=410
17:41:02.817 INF Request finished (out of order). clSeqNr=426
17:41:02.817 INF Request finished (out of order). clSeqNr=442
17:41:02.818 INF Submitted request. clSeqNr=3873
17:41:02.820 INF Request finished (out of order). clSeqNr=458
17:41:02.820 INF Request finished (out of order). clSeqNr=474
17:41:02.820 INF Request finished (out of order). clSeqNr=490
17:41:02.820 INF Request finished (out of order). clSeqNr=506
17:41:02.820 INF Request finished (out of order). clSeqNr=363
17:41:02.820 INF Request finished (out of order). clSeqNr=379
17:41:02.820 INF Request finished (out of order). clSeqNr=395
17:41:02.820 INF Request finished (out of order). clSeqNr=411
17:41:02.820 INF Request finished (out of order). clSeqNr=427
17:41:02.820 INF Request finished (out of order). clSeqNr=443
17:41:02.820 INF Request finished (out of order). clSeqNr=459
17:41:02.820 INF Request finished (out of order). clSeqNr=475
17:41:02.820 INF Request finished (out of order). clSeqNr=491
17:41:02.820 INF Request finished (out of order). clSeqNr=507
17:41:02.821 INF Submitted request. clSeqNr=3874
17:41:02.824 INF Request finished (out of order). clSeqNr=364
17:41:02.824 INF Request finished (out of order). clSeqNr=380
17:41:02.824 INF Request finished (out of order). clSeqNr=396
17:41:02.824 INF Request finished (out of order). clSeqNr=412
17:41:02.824 INF Request finished (out of order). clSeqNr=428
17:41:02.824 INF Request finished (out of order). clSeqNr=444
17:41:02.824 INF Request finished (out of order). clSeqNr=460
17:41:02.824 INF Request finished (out of order). clSeqNr=476
17:41:02.824 INF Request finished (out of order). clSeqNr=492
17:41:02.824 INF Request finished (out of order). clSeqNr=508
17:41:02.824 INF Request finished (out of order). clSeqNr=365
17:41:02.824 INF Request finished (out of order). clSeqNr=381
17:41:02.825 INF Request finished (out of order). clSeqNr=397
17:41:02.825 INF Request finished (out of order). clSeqNr=413
17:41:02.825 INF Submitted request. clSeqNr=3875
17:41:02.825 INF Request finished (out of order). clSeqNr=429
17:41:02.826 INF Request finished (out of order). clSeqNr=445
17:41:02.826 INF Request finished (out of order). clSeqNr=461
17:41:02.827 INF Request finished (out of order). clSeqNr=477
17:41:02.827 INF Request finished (out of order). clSeqNr=493
17:41:02.827 INF Request finished (out of order). clSeqNr=526
17:41:02.829 INF Submitted request. clSeqNr=3876
17:41:02.829 INF Request finished (out of order). clSeqNr=382
17:41:02.829 INF Request finished (out of order). clSeqNr=398
17:41:02.830 INF Request finished (out of order). clSeqNr=414
17:41:02.830 INF Request finished (out of order). clSeqNr=430
17:41:02.830 INF Request finished (out of order). clSeqNr=446
17:41:02.831 INF Request finished (out of order). clSeqNr=462
17:41:02.831 INF Request finished (out of order). clSeqNr=478
17:41:02.832 INF Submitted request. clSeqNr=3877
17:41:02.836 INF Submitted request. clSeqNr=3878
17:41:02.840 INF Submitted request. clSeqNr=3879
17:41:02.843 INF Submitted request. clSeqNr=3880
17:41:02.847 INF Submitted request. clSeqNr=3881
17:41:02.851 INF Submitted request. clSeqNr=3882
17:41:02.854 INF Submitted request. clSeqNr=3883
17:41:02.858 INF Submitted request. clSeqNr=3884
17:41:02.860 INF Request finished (out of order). clSeqNr=494
17:41:02.860 INF Request finished (out of order). clSeqNr=510
17:41:02.861 INF Request finished (out of order). clSeqNr=527
17:41:02.862 INF Submitted request. clSeqNr=3885
17:41:02.865 INF Submitted request. clSeqNr=3886
17:41:02.868 INF Request finished (out of order). clSeqNr=383
17:41:02.868 INF Request finished (out of order). clSeqNr=399
17:41:02.868 INF Request finished (out of order). clSeqNr=415
17:41:02.868 INF Request finished (out of order). clSeqNr=431
17:41:02.868 INF Request finished (out of order). clSeqNr=447
17:41:02.868 INF Request finished (out of order). clSeqNr=463
17:41:02.868 INF Request finished (out of order). clSeqNr=479
17:41:02.868 INF Request finished (out of order). clSeqNr=495
17:41:02.868 INF Request finished (out of order). clSeqNr=511
17:41:02.868 INF Request finished (out of order). clSeqNr=528
17:41:02.868 INF Request finished (out of order). clSeqNr=384
17:41:02.868 INF Request finished (out of order). clSeqNr=400
17:41:02.868 INF Request finished (out of order). clSeqNr=416
17:41:02.868 INF Request finished (out of order). clSeqNr=432
17:41:02.868 INF Request finished (out of order). clSeqNr=448
17:41:02.868 INF Request finished (out of order). clSeqNr=464
17:41:02.869 INF Request finished (out of order). clSeqNr=480
17:41:02.869 INF Request finished (out of order). clSeqNr=496
17:41:02.869 INF Request finished (out of order). clSeqNr=512
17:41:02.869 INF Submitted request. clSeqNr=3887
17:41:02.869 INF Request finished (out of order). clSeqNr=529
17:41:02.871 INF Request finished (out of order). clSeqNr=385
17:41:02.871 INF Request finished (out of order). clSeqNr=401
17:41:02.872 INF Request finished (out of order). clSeqNr=417
17:41:02.872 INF Request finished (out of order). clSeqNr=433
17:41:02.872 INF Request finished (out of order). clSeqNr=449
17:41:02.873 INF Request finished (out of order). clSeqNr=465
17:41:02.873 INF Submitted request. clSeqNr=3888
17:41:02.873 INF Request finished (out of order). clSeqNr=481
17:41:02.873 INF Request finished (out of order). clSeqNr=497
17:41:02.874 INF Request finished (out of order). clSeqNr=513
17:41:02.876 INF Request finished (out of order). clSeqNr=130
17:41:02.876 INF Request delivered (in order). clSeqNr=130
17:41:02.876 INF Request delivered (in order). clSeqNr=131
17:41:02.876 INF Request delivered (in order). clSeqNr=132
17:41:02.876 INF Request delivered (in order). clSeqNr=133
17:41:02.876 INF Request delivered (in order). clSeqNr=134
17:41:02.876 INF Request delivered (in order). clSeqNr=135
17:41:02.876 INF Request delivered (in order). clSeqNr=136
17:41:02.876 INF Request delivered (in order). clSeqNr=137
17:41:02.876 INF Request delivered (in order). clSeqNr=138
17:41:02.876 INF Request delivered (in order). clSeqNr=139
17:41:02.876 INF Request delivered (in order). clSeqNr=140
17:41:02.876 INF Request delivered (in order). clSeqNr=141
17:41:02.876 INF Request delivered (in order). clSeqNr=142
17:41:02.876 INF Request delivered (in order). clSeqNr=143
17:41:02.876 INF Request delivered (in order). clSeqNr=144
17:41:02.876 INF Request delivered (in order). clSeqNr=145
17:41:02.876 INF Request finished (out of order). clSeqNr=146
17:41:02.876 INF Request delivered (in order). clSeqNr=146
17:41:02.876 INF Request delivered (in order). clSeqNr=147
17:41:02.876 INF Request delivered (in order). clSeqNr=148
17:41:02.876 INF Request delivered (in order). clSeqNr=149
17:41:02.876 INF Request delivered (in order). clSeqNr=150
17:41:02.876 INF Request delivered (in order). clSeqNr=151
17:41:02.876 INF Request delivered (in order). clSeqNr=152
17:41:02.877 INF Request delivered (in order). clSeqNr=153
17:41:02.877 INF Request delivered (in order). clSeqNr=154
17:41:02.877 INF Request delivered (in order). clSeqNr=155
17:41:02.877 INF Request delivered (in order). clSeqNr=156
17:41:02.877 INF Request delivered (in order). clSeqNr=157
17:41:02.877 INF Request delivered (in order). clSeqNr=158
17:41:02.877 INF Request delivered (in order). clSeqNr=159
17:41:02.877 INF Request delivered (in order). clSeqNr=160
17:41:02.877 INF Request delivered (in order). clSeqNr=161
17:41:02.877 INF Request finished (out of order). clSeqNr=162
17:41:02.877 INF Request delivered (in order). clSeqNr=162
17:41:02.877 INF Request delivered (in order). clSeqNr=163
17:41:02.877 INF Request delivered (in order). clSeqNr=164
17:41:02.877 INF Request delivered (in order). clSeqNr=165
17:41:02.877 INF Request delivered (in order). clSeqNr=166
17:41:02.877 INF Request delivered (in order). clSeqNr=167
17:41:02.877 INF Request delivered (in order). clSeqNr=168
17:41:02.877 INF Request delivered (in order). clSeqNr=169
17:41:02.877 INF Request delivered (in order). clSeqNr=170
17:41:02.877 INF Request delivered (in order). clSeqNr=171
17:41:02.877 INF Request delivered (in order). clSeqNr=172
17:41:02.877 INF Request delivered (in order). clSeqNr=173
17:41:02.877 INF Request delivered (in order). clSeqNr=174
17:41:02.877 INF Request delivered (in order). clSeqNr=175
17:41:02.877 INF Request delivered (in order). clSeqNr=176
17:41:02.877 INF Request delivered (in order). clSeqNr=177
17:41:02.877 INF Submitted request. clSeqNr=3889
17:41:02.880 INF Submitted request. clSeqNr=3890
17:41:02.884 INF Submitted request. clSeqNr=3891
17:41:02.887 INF Submitted request. clSeqNr=3892
17:41:02.891 INF Submitted request. clSeqNr=3893
17:41:02.894 INF Request finished (out of order). clSeqNr=178
17:41:02.894 INF Request delivered (in order). clSeqNr=178
17:41:02.894 INF Request delivered (in order). clSeqNr=179
17:41:02.894 INF Request delivered (in order). clSeqNr=180
17:41:02.894 INF Request delivered (in order). clSeqNr=181
17:41:02.894 INF Request delivered (in order). clSeqNr=182
17:41:02.894 INF Request delivered (in order). clSeqNr=183
17:41:02.894 INF Request delivered (in order). clSeqNr=184
17:41:02.894 INF Request delivered (in order). clSeqNr=185
17:41:02.894 INF Request delivered (in order). clSeqNr=186
17:41:02.894 INF Request delivered (in order). clSeqNr=187
17:41:02.894 INF Request delivered (in order). clSeqNr=188
17:41:02.894 INF Request delivered (in order). clSeqNr=189
17:41:02.894 INF Request delivered (in order). clSeqNr=190
17:41:02.894 INF Request delivered (in order). clSeqNr=191
17:41:02.894 INF Request delivered (in order). clSeqNr=192
17:41:02.894 INF Request delivered (in order). clSeqNr=193
17:41:02.894 INF Request finished (out of order). clSeqNr=194
17:41:02.894 INF Request delivered (in order). clSeqNr=194
17:41:02.894 INF Request delivered (in order). clSeqNr=195
17:41:02.894 INF Request delivered (in order). clSeqNr=196
17:41:02.894 INF Request delivered (in order). clSeqNr=197
17:41:02.894 INF Request delivered (in order). clSeqNr=198
17:41:02.894 INF Request delivered (in order). clSeqNr=199
17:41:02.894 INF Request delivered (in order). clSeqNr=200
17:41:02.894 INF Request delivered (in order). clSeqNr=201
17:41:02.894 INF Request delivered (in order). clSeqNr=202
17:41:02.894 INF Request delivered (in order). clSeqNr=203
17:41:02.894 INF Request delivered (in order). clSeqNr=204
17:41:02.894 INF Request delivered (in order). clSeqNr=205
17:41:02.894 INF Request delivered (in order). clSeqNr=206
17:41:02.894 INF Request delivered (in order). clSeqNr=207
17:41:02.894 INF Request delivered (in order). clSeqNr=208
17:41:02.894 INF Request delivered (in order). clSeqNr=209
17:41:02.895 INF Request finished (out of order). clSeqNr=210
17:41:02.895 INF Request delivered (in order). clSeqNr=210
17:41:02.895 INF Request delivered (in order). clSeqNr=211
17:41:02.895 INF Request delivered (in order). clSeqNr=212
17:41:02.895 INF Request delivered (in order). clSeqNr=213
17:41:02.895 INF Request delivered (in order). clSeqNr=214
17:41:02.895 INF Request delivered (in order). clSeqNr=215
17:41:02.895 INF Request delivered (in order). clSeqNr=216
17:41:02.895 INF Request delivered (in order). clSeqNr=217
17:41:02.895 INF Request delivered (in order). clSeqNr=218
17:41:02.895 INF Request delivered (in order). clSeqNr=219
17:41:02.895 INF Request delivered (in order). clSeqNr=220
17:41:02.895 INF Request delivered (in order). clSeqNr=221
17:41:02.895 INF Request delivered (in order). clSeqNr=222
17:41:02.895 INF Request delivered (in order). clSeqNr=223
17:41:02.895 INF Request delivered (in order). clSeqNr=224
17:41:02.895 INF Request delivered (in order). clSeqNr=225
17:41:02.895 INF Request finished (out of order). clSeqNr=226
17:41:02.895 INF Request delivered (in order). clSeqNr=226
17:41:02.895 INF Request delivered (in order). clSeqNr=227
17:41:02.895 INF Request delivered (in order). clSeqNr=228
17:41:02.895 INF Request delivered (in order). clSeqNr=229
17:41:02.895 INF Request delivered (in order). clSeqNr=230
17:41:02.895 INF Request delivered (in order). clSeqNr=231
17:41:02.895 INF Request delivered (in order). clSeqNr=232
17:41:02.895 INF Request delivered (in order). clSeqNr=233
17:41:02.895 INF Request delivered (in order). clSeqNr=234
17:41:02.895 INF Request delivered (in order). clSeqNr=235
17:41:02.895 INF Request delivered (in order). clSeqNr=236
17:41:02.895 INF Request delivered (in order). clSeqNr=237
17:41:02.895 INF Request delivered (in order). clSeqNr=238
17:41:02.895 INF Request delivered (in order). clSeqNr=239
17:41:02.895 INF Request delivered (in order). clSeqNr=240
17:41:02.895 INF Request delivered (in order). clSeqNr=241
17:41:02.895 INF Request finished (out of order). clSeqNr=242
17:41:02.895 INF Request delivered (in order). clSeqNr=242
17:41:02.895 INF Request delivered (in order). clSeqNr=243
17:41:02.895 INF Request delivered (in order). clSeqNr=244
17:41:02.895 INF Request delivered (in order). clSeqNr=245
17:41:02.895 INF Request delivered (in order). clSeqNr=246
17:41:02.895 INF Request delivered (in order). clSeqNr=247
17:41:02.895 INF Request delivered (in order). clSeqNr=248
17:41:02.895 INF Request delivered (in order). clSeqNr=249
17:41:02.895 INF Request delivered (in order). clSeqNr=250
17:41:02.895 INF Request delivered (in order). clSeqNr=251
17:41:02.895 INF Request delivered (in order). clSeqNr=252
17:41:02.895 INF Request delivered (in order). clSeqNr=253
17:41:02.895 INF Request delivered (in order). clSeqNr=254
17:41:02.895 INF Request delivered (in order). clSeqNr=255
17:41:02.895 INF Request delivered (in order). clSeqNr=256
17:41:02.895 INF Request delivered (in order). clSeqNr=257
17:41:02.895 INF Request finished (out of order). clSeqNr=515
17:41:02.896 INF Request finished (out of order). clSeqNr=531
17:41:02.896 INF Submitted request. clSeqNr=3894
17:41:02.898 INF Submitted request. clSeqNr=3895
17:41:02.902 INF Submitted request. clSeqNr=3896
17:41:02.902 INF Request finished (out of order). clSeqNr=547
17:41:02.902 INF Request finished (out of order). clSeqNr=563
17:41:02.902 INF Request finished (out of order). clSeqNr=579
17:41:02.902 INF Request finished (out of order). clSeqNr=595
17:41:02.902 INF Request finished (out of order). clSeqNr=611
17:41:02.902 INF Request finished (out of order). clSeqNr=516
17:41:02.903 INF Request finished (out of order). clSeqNr=532
17:41:02.903 INF Request finished (out of order). clSeqNr=548
17:41:02.903 INF Request finished (out of order). clSeqNr=564
17:41:02.906 INF Submitted request. clSeqNr=3897
17:41:02.909 INF Submitted request. clSeqNr=3898
17:41:02.910 INF Request finished (out of order). clSeqNr=580
17:41:02.910 INF Request finished (out of order). clSeqNr=596
17:41:02.911 INF Request finished (out of order). clSeqNr=612
17:41:02.912 INF Request finished (out of order). clSeqNr=517
17:41:02.912 INF Request finished (out of order). clSeqNr=533
17:41:02.912 INF Request finished (out of order). clSeqNr=549
17:41:02.913 INF Submitted request. clSeqNr=3899
17:41:02.913 INF Request finished (out of order). clSeqNr=565
17:41:02.913 INF Request finished (out of order). clSeqNr=581
17:41:02.913 INF Request finished (out of order). clSeqNr=597
17:41:02.913 INF Request finished (out of order). clSeqNr=613
17:41:02.917 INF Submitted request. clSeqNr=3900
17:41:02.920 INF Submitted request. clSeqNr=3901
17:41:02.924 INF Submitted request. clSeqNr=3902
17:41:02.928 INF Submitted request. clSeqNr=3903
17:41:02.931 INF Submitted request. clSeqNr=3904
17:41:02.935 INF Submitted request. clSeqNr=3905
17:41:02.939 INF Submitted request. clSeqNr=3906
17:41:02.942 INF Submitted request. clSeqNr=3907
17:41:02.946 INF Submitted request. clSeqNr=3908
17:41:02.950 INF Submitted request. clSeqNr=3909
17:41:02.953 INF Submitted request. clSeqNr=3910
17:41:02.957 INF Submitted request. clSeqNr=3911
17:41:02.961 INF Submitted request. clSeqNr=3912
17:41:02.964 INF Submitted request. clSeqNr=3913
17:41:02.968 INF Submitted request. clSeqNr=3914
17:41:02.972 INF Submitted request. clSeqNr=3915
17:41:02.976 INF Submitted request. clSeqNr=3916
17:41:02.979 INF Submitted request. clSeqNr=3917
17:41:02.983 INF Submitted request. clSeqNr=3918
17:41:02.987 INF Submitted request. clSeqNr=3919
17:41:02.990 INF Submitted request. clSeqNr=3920
17:41:02.994 INF Submitted request. clSeqNr=3921
17:41:02.997 INF Submitted request. clSeqNr=3922
17:41:03.001 INF Submitted request. clSeqNr=3923
17:41:03.005 INF Submitted request. clSeqNr=3924
17:41:03.009 INF Submitted request. clSeqNr=3925
17:41:03.012 INF Submitted request. clSeqNr=3926
17:41:03.016 INF Submitted request. clSeqNr=3927
17:41:03.019 INF Submitted request. clSeqNr=3928
17:41:03.024 INF Submitted request. clSeqNr=3929
17:41:03.027 INF Submitted request. clSeqNr=3930
17:41:03.030 INF Submitted request. clSeqNr=3931
17:41:03.031 INF Request finished (out of order). clSeqNr=518
17:41:03.031 INF Request finished (out of order). clSeqNr=534
17:41:03.032 INF Request finished (out of order). clSeqNr=550
17:41:03.032 INF Request finished (out of order). clSeqNr=566
17:41:03.032 INF Request finished (out of order). clSeqNr=582
17:41:03.033 INF Request finished (out of order). clSeqNr=598
17:41:03.034 INF Submitted request. clSeqNr=3932
17:41:03.035 INF Request finished (out of order). clSeqNr=519
17:41:03.036 INF Request finished (out of order). clSeqNr=535
17:41:03.036 INF Request finished (out of order). clSeqNr=551
17:41:03.037 INF Request finished (out of order). clSeqNr=567
17:41:03.037 INF Request finished (out of order). clSeqNr=583
17:41:03.037 INF Request finished (out of order). clSeqNr=599
17:41:03.038 INF Submitted request. clSeqNr=3933
17:41:03.041 INF Request finished (out of order). clSeqNr=520
17:41:03.041 INF Request finished (out of order). clSeqNr=536
17:41:03.041 INF Request finished (out of order). clSeqNr=552
17:41:03.041 INF Submitted request. clSeqNr=3934
17:41:03.041 INF Request finished (out of order). clSeqNr=568
17:41:03.042 INF Request finished (out of order). clSeqNr=584
17:41:03.042 INF Request finished (out of order). clSeqNr=600
17:41:03.045 INF Request finished (out of order). clSeqNr=521
17:41:03.045 INF Submitted request. clSeqNr=3935
17:41:03.045 INF Request finished (out of order). clSeqNr=537
17:41:03.045 INF Request finished (out of order). clSeqNr=553
17:41:03.046 INF Request finished (out of order). clSeqNr=569
17:41:03.046 INF Request finished (out of order). clSeqNr=585
17:41:03.046 INF Request finished (out of order). clSeqNr=601
17:41:03.049 INF Submitted request. clSeqNr=3936
17:41:03.049 INF Request finished (out of order). clSeqNr=505
17:41:03.049 INF Request finished (out of order). clSeqNr=522
17:41:03.050 INF Request finished (out of order). clSeqNr=538
17:41:03.050 INF Request finished (out of order). clSeqNr=554
17:41:03.050 INF Request finished (out of order). clSeqNr=570
17:41:03.051 INF Request finished (out of order). clSeqNr=586
17:41:03.051 INF Request finished (out of order). clSeqNr=602
17:41:03.052 INF Submitted request. clSeqNr=3937
17:41:03.054 INF Request finished (out of order). clSeqNr=523
17:41:03.055 INF Request finished (out of order). clSeqNr=539
17:41:03.055 INF Request finished (out of order). clSeqNr=555
17:41:03.055 INF Request finished (out of order). clSeqNr=571
17:41:03.056 INF Request finished (out of order). clSeqNr=587
17:41:03.056 INF Request finished (out of order). clSeqNr=603
17:41:03.056 INF Submitted request. clSeqNr=3938
17:41:03.059 INF Request finished (out of order). clSeqNr=524
17:41:03.059 INF Request finished (out of order). clSeqNr=540
17:41:03.059 INF Request finished (out of order). clSeqNr=556
17:41:03.060 INF Request finished (out of order). clSeqNr=572
17:41:03.060 INF Submitted request. clSeqNr=3939
17:41:03.060 INF Request finished (out of order). clSeqNr=588
17:41:03.060 INF Request finished (out of order). clSeqNr=604
17:41:03.063 INF Request finished (out of order). clSeqNr=525
17:41:03.063 INF Request finished (out of order). clSeqNr=541
17:41:03.063 INF Submitted request. clSeqNr=3940
17:41:03.063 INF Request finished (out of order). clSeqNr=557
17:41:03.064 INF Request finished (out of order). clSeqNr=573
17:41:03.064 INF Request finished (out of order). clSeqNr=589
17:41:03.064 INF Request finished (out of order). clSeqNr=605
17:41:03.067 INF Submitted request. clSeqNr=3941
17:41:03.067 INF Request finished (out of order). clSeqNr=509
17:41:03.071 INF Submitted request. clSeqNr=3942
17:41:03.074 INF Submitted request. clSeqNr=3943
17:41:03.078 INF Submitted request. clSeqNr=3944
17:41:03.082 INF Submitted request. clSeqNr=3945
17:41:03.084 INF Request finished (out of order). clSeqNr=542
17:41:03.084 INF Request finished (out of order). clSeqNr=558
17:41:03.085 INF Request finished (out of order). clSeqNr=574
17:41:03.085 INF Request finished (out of order). clSeqNr=590
17:41:03.085 INF Submitted request. clSeqNr=3946
17:41:03.086 INF Request finished (out of order). clSeqNr=606
17:41:03.086 INF Request finished (out of order). clSeqNr=622
17:41:03.089 INF Request finished (out of order). clSeqNr=543
17:41:03.089 INF Submitted request. clSeqNr=3947
17:41:03.089 INF Request finished (out of order). clSeqNr=559
17:41:03.090 INF Request finished (out of order). clSeqNr=575
17:41:03.090 INF Request finished (out of order). clSeqNr=591
17:41:03.090 INF Request finished (out of order). clSeqNr=607
17:41:03.090 INF Request finished (out of order). clSeqNr=623
17:41:03.092 INF Submitted request. clSeqNr=3948
17:41:03.093 INF Request finished (out of order). clSeqNr=544
17:41:03.094 INF Request finished (out of order). clSeqNr=560
17:41:03.094 INF Request finished (out of order). clSeqNr=576
17:41:03.094 INF Request finished (out of order). clSeqNr=592
17:41:03.095 INF Request finished (out of order). clSeqNr=624
17:41:03.096 INF Submitted request. clSeqNr=3949
17:41:03.098 INF Request finished (out of order). clSeqNr=545
17:41:03.099 INF Request finished (out of order). clSeqNr=561
17:41:03.099 INF Request finished (out of order). clSeqNr=577
17:41:03.099 INF Request finished (out of order). clSeqNr=593
17:41:03.099 INF Request finished (out of order). clSeqNr=609
17:41:03.100 INF Submitted request. clSeqNr=3950
17:41:03.100 INF Request finished (out of order). clSeqNr=625
17:41:03.104 INF Submitted request. clSeqNr=3951
17:41:03.108 INF Submitted request. clSeqNr=3952
17:41:03.112 INF Submitted request. clSeqNr=3953
17:41:03.115 INF Submitted request. clSeqNr=3954
17:41:03.119 INF Submitted request. clSeqNr=3955
17:41:03.122 INF Submitted request. clSeqNr=3956
17:41:03.126 INF Submitted request. clSeqNr=3957
17:41:03.129 INF Submitted request. clSeqNr=3958
17:41:03.133 INF Submitted request. clSeqNr=3959
17:41:03.137 INF Submitted request. clSeqNr=3960
17:41:03.140 INF Submitted request. clSeqNr=3961
17:41:03.144 INF Submitted request. clSeqNr=3962
17:41:03.148 INF Submitted request. clSeqNr=3963
17:41:03.152 INF Submitted request. clSeqNr=3964
17:41:03.156 INF Submitted request. clSeqNr=3965
17:41:03.159 INF Submitted request. clSeqNr=3966
17:41:03.162 INF Submitted request. clSeqNr=3967
17:41:03.166 INF Submitted request. clSeqNr=3968
17:41:03.170 INF Submitted request. clSeqNr=3969
17:41:03.174 INF Submitted request. clSeqNr=3970
17:41:03.177 INF Submitted request. clSeqNr=3971
17:41:03.181 INF Submitted request. clSeqNr=3972
17:41:03.184 INF Submitted request. clSeqNr=3973
17:41:03.188 INF Submitted request. clSeqNr=3974
17:41:03.191 INF Submitted request. clSeqNr=3975
17:41:03.195 INF Submitted request. clSeqNr=3976
17:41:03.199 INF Submitted request. clSeqNr=3977
17:41:03.202 INF Submitted request. clSeqNr=3978
17:41:03.206 INF Submitted request. clSeqNr=3979
17:41:03.210 INF Submitted request. clSeqNr=3980
17:41:03.213 INF Submitted request. clSeqNr=3981
17:41:03.217 INF Submitted request. clSeqNr=3982
17:41:03.221 INF Submitted request. clSeqNr=3983
17:41:03.224 INF Submitted request. clSeqNr=3984
17:41:03.228 INF Submitted request. clSeqNr=3985
17:41:03.232 INF Submitted request. clSeqNr=3986
17:41:03.235 INF Submitted request. clSeqNr=3987
17:41:03.239 INF Submitted request. clSeqNr=3988
17:41:03.243 INF Submitted request. clSeqNr=3989
17:41:03.246 INF Submitted request. clSeqNr=3990
17:41:03.251 INF Submitted request. clSeqNr=3991
17:41:03.254 INF Submitted request. clSeqNr=3992
17:41:03.258 INF Submitted request. clSeqNr=3993
17:41:03.261 INF Submitted request. clSeqNr=3994
17:41:03.265 INF Submitted request. clSeqNr=3995
17:41:03.269 INF Submitted request. clSeqNr=3996
17:41:03.273 INF Submitted request. clSeqNr=3997
17:41:03.276 INF Submitted request. clSeqNr=3998
17:41:03.280 INF Submitted request. clSeqNr=3999
17:41:03.283 INF Submitted request. clSeqNr=4000
17:41:03.287 INF Submitted request. clSeqNr=4001
17:41:03.291 INF Submitted request. clSeqNr=4002
17:41:03.294 INF Submitted request. clSeqNr=4003
17:41:03.299 INF Submitted request. clSeqNr=4004
17:41:03.302 INF Submitted request. clSeqNr=4005
17:41:03.306 INF Submitted request. clSeqNr=4006
17:41:03.309 INF Submitted request. clSeqNr=4007
17:41:03.312 INF Submitted request. clSeqNr=4008
17:41:03.317 INF Submitted request. clSeqNr=4009
17:41:03.320 INF Submitted request. clSeqNr=4010
17:41:03.324 INF Submitted request. clSeqNr=4011
17:41:03.327 INF Submitted request. clSeqNr=4012
17:41:03.331 INF Submitted request. clSeqNr=4013
17:41:03.334 INF Submitted request. clSeqNr=4014
17:41:03.338 INF Submitted request. clSeqNr=4015
17:41:03.342 INF Submitted request. clSeqNr=4016
17:41:03.346 INF Submitted request. clSeqNr=4017
17:41:03.349 INF Submitted request. clSeqNr=4018
17:41:03.353 INF Submitted request. clSeqNr=4019
17:41:03.356 INF Submitted request. clSeqNr=4020
17:41:03.360 INF Submitted request. clSeqNr=4021
17:41:03.364 INF Submitted request. clSeqNr=4022
17:41:03.367 INF Submitted request. clSeqNr=4023
17:41:03.371 INF Submitted request. clSeqNr=4024
17:41:03.375 INF Submitted request. clSeqNr=4025
17:41:03.379 INF Submitted request. clSeqNr=4026
17:41:03.382 INF Submitted request. clSeqNr=4027
17:41:03.386 INF Submitted request. clSeqNr=4028
17:41:03.390 INF Submitted request. clSeqNr=4029
17:41:03.393 INF Submitted request. clSeqNr=4030
17:41:03.397 INF Submitted request. clSeqNr=4031
17:41:03.400 INF Submitted request. clSeqNr=4032
17:41:03.404 INF Submitted request. clSeqNr=4033
17:41:03.408 INF Submitted request. clSeqNr=4034
17:41:03.411 INF Submitted request. clSeqNr=4035
17:41:03.415 INF Submitted request. clSeqNr=4036
17:41:03.419 INF Submitted request. clSeqNr=4037
17:41:03.422 INF Submitted request. clSeqNr=4038
17:41:03.426 INF Submitted request. clSeqNr=4039
17:41:03.430 INF Submitted request. clSeqNr=4040
17:41:03.434 INF Submitted request. clSeqNr=4041
17:41:03.437 INF Submitted request. clSeqNr=4042
17:41:03.441 INF Submitted request. clSeqNr=4043
17:41:03.444 INF Submitted request. clSeqNr=4044
17:41:03.448 INF Submitted request. clSeqNr=4045
17:41:03.452 INF Submitted request. clSeqNr=4046
17:41:03.455 INF Submitted request. clSeqNr=4047
17:41:03.459 INF Submitted request. clSeqNr=4048
17:41:03.464 INF Submitted request. clSeqNr=4049
17:41:03.467 INF Submitted request. clSeqNr=4050
17:41:03.470 INF Submitted request. clSeqNr=4051
17:41:03.474 INF Submitted request. clSeqNr=4052
17:41:03.478 INF Submitted request. clSeqNr=4053
17:41:03.481 INF Submitted request. clSeqNr=4054
17:41:03.486 INF Submitted request. clSeqNr=4055
17:41:03.489 INF Submitted request. clSeqNr=4056
17:41:03.492 INF Submitted request. clSeqNr=4057
17:41:03.496 INF Submitted request. clSeqNr=4058
17:41:03.500 INF Submitted request. clSeqNr=4059
17:41:03.503 INF Submitted request. clSeqNr=4060
17:41:03.506 INF Submitted request. clSeqNr=4061
17:41:03.511 INF Submitted request. clSeqNr=4062
17:41:03.515 INF Submitted request. clSeqNr=4063
17:41:03.518 INF Submitted request. clSeqNr=4064
17:41:03.522 INF Submitted request. clSeqNr=4065
17:41:03.526 INF Submitted request. clSeqNr=4066
17:41:03.529 INF Submitted request. clSeqNr=4067
17:41:03.533 INF Submitted request. clSeqNr=4068
17:41:03.537 INF Submitted request. clSeqNr=4069
17:41:03.540 INF Submitted request. clSeqNr=4070
17:41:03.543 INF Submitted request. clSeqNr=4071
17:41:03.547 INF Submitted request. clSeqNr=4072
17:41:03.551 INF Submitted request. clSeqNr=4073
17:41:03.554 INF Submitted request. clSeqNr=4074
17:41:03.558 INF Submitted request. clSeqNr=4075
17:41:03.561 INF Submitted request. clSeqNr=4076
17:41:03.565 INF Submitted request. clSeqNr=4077
17:41:03.569 INF Submitted request. clSeqNr=4078
17:41:03.573 INF Submitted request. clSeqNr=4079
17:41:03.576 INF Submitted request. clSeqNr=4080
17:41:03.580 INF Submitted request. clSeqNr=4081
17:41:03.584 INF Submitted request. clSeqNr=4082
17:41:03.587 INF Submitted request. clSeqNr=4083
17:41:03.592 INF Submitted request. clSeqNr=4084
17:41:03.595 INF Submitted request. clSeqNr=4085
17:41:03.598 INF Submitted request. clSeqNr=4086
17:41:03.603 INF Submitted request. clSeqNr=4087
17:41:03.606 INF Submitted request. clSeqNr=4088
17:41:03.610 INF Submitted request. clSeqNr=4089
17:41:03.613 INF Submitted request. clSeqNr=4090
17:41:03.617 INF Submitted request. clSeqNr=4091
17:41:03.620 INF Submitted request. clSeqNr=4092
17:41:03.625 INF Submitted request. clSeqNr=4093
17:41:03.627 INF Submitted request. clSeqNr=4094
17:41:03.631 INF Submitted request. clSeqNr=4095
17:41:03.631 INF Stopping client on timeout. clientRunTime=15000
17:41:03.631 INF Finished submitting requests. nReq=4096
17:41:07.904 INF Request finished (out of order). clSeqNr=627
17:41:07.904 INF Request finished (out of order). clSeqNr=643
17:41:07.904 INF Request finished (out of order). clSeqNr=659
17:41:07.905 INF Request finished (out of order). clSeqNr=675
17:41:07.905 INF Request finished (out of order). clSeqNr=691
17:41:07.905 INF Request finished (out of order). clSeqNr=707
17:41:07.905 INF Request finished (out of order). clSeqNr=723
17:41:07.905 INF Request finished (out of order). clSeqNr=739
17:41:07.905 INF Request finished (out of order). clSeqNr=755
17:41:07.906 INF Request finished (out of order). clSeqNr=628
17:41:07.907 INF Request finished (out of order). clSeqNr=644
17:41:07.908 INF Request finished (out of order). clSeqNr=660
17:41:07.908 INF Request finished (out of order). clSeqNr=676
17:41:07.909 INF Request finished (out of order). clSeqNr=692
17:41:07.909 INF Request finished (out of order). clSeqNr=708
17:41:07.909 INF Request finished (out of order). clSeqNr=724
17:41:07.911 INF Request finished (out of order). clSeqNr=740
17:41:07.911 INF Request finished (out of order). clSeqNr=756
17:41:07.912 INF Request finished (out of order). clSeqNr=629
17:41:07.912 INF Request finished (out of order). clSeqNr=645
17:41:07.912 INF Request finished (out of order). clSeqNr=661
17:41:07.912 INF Request finished (out of order). clSeqNr=677
17:41:07.912 INF Request finished (out of order). clSeqNr=693
17:41:07.912 INF Request finished (out of order). clSeqNr=709
17:41:07.913 INF Request finished (out of order). clSeqNr=725
17:41:07.913 INF Request finished (out of order). clSeqNr=741
17:41:07.913 INF Request finished (out of order). clSeqNr=757
17:41:07.913 INF Request finished (out of order). clSeqNr=614
17:41:07.913 INF Request finished (out of order). clSeqNr=630
17:41:07.913 INF Request finished (out of order). clSeqNr=646
17:41:07.913 INF Request finished (out of order). clSeqNr=662
17:41:07.916 INF Request finished (out of order). clSeqNr=678
17:41:07.916 INF Request finished (out of order). clSeqNr=694
17:41:07.916 INF Request finished (out of order). clSeqNr=710
17:41:08.026 INF Request finished (out of order). clSeqNr=726
17:41:08.026 INF Request finished (out of order). clSeqNr=742
17:41:08.026 INF Request finished (out of order). clSeqNr=758
17:41:08.035 INF Request finished (out of order). clSeqNr=615
17:41:08.035 INF Request finished (out of order). clSeqNr=631
17:41:08.035 INF Request finished (out of order). clSeqNr=647
17:41:08.035 INF Request finished (out of order). clSeqNr=663
17:41:08.035 INF Request finished (out of order). clSeqNr=679
17:41:08.035 INF Request finished (out of order). clSeqNr=695
17:41:08.035 INF Request finished (out of order). clSeqNr=711
17:41:08.035 INF Request finished (out of order). clSeqNr=727
17:41:08.036 INF Request finished (out of order). clSeqNr=743
17:41:08.036 INF Request finished (out of order). clSeqNr=759
17:41:08.036 INF Request finished (out of order). clSeqNr=616
17:41:08.036 INF Request finished (out of order). clSeqNr=632
17:41:08.036 INF Request finished (out of order). clSeqNr=648
17:41:08.036 INF Request finished (out of order). clSeqNr=664
17:41:08.036 INF Request finished (out of order). clSeqNr=680
17:41:08.036 INF Request finished (out of order). clSeqNr=696
17:41:08.036 INF Request finished (out of order). clSeqNr=712
17:41:08.036 INF Request finished (out of order). clSeqNr=728
17:41:08.036 INF Request finished (out of order). clSeqNr=744
17:41:08.036 INF Request finished (out of order). clSeqNr=760
17:41:08.036 INF Request finished (out of order). clSeqNr=617
17:41:08.036 INF Request finished (out of order). clSeqNr=633
17:41:08.036 INF Request finished (out of order). clSeqNr=649
17:41:08.036 INF Request finished (out of order). clSeqNr=665
17:41:08.036 INF Request finished (out of order). clSeqNr=681
17:41:08.036 INF Request finished (out of order). clSeqNr=697
17:41:08.036 INF Request finished (out of order). clSeqNr=713
17:41:08.036 INF Request finished (out of order). clSeqNr=729
17:41:08.036 INF Request finished (out of order). clSeqNr=745
17:41:08.036 INF Request finished (out of order). clSeqNr=761
17:41:08.036 INF Request finished (out of order). clSeqNr=618
17:41:08.036 INF Request finished (out of order). clSeqNr=634
17:41:08.036 INF Request finished (out of order). clSeqNr=650
17:41:08.036 INF Request finished (out of order). clSeqNr=666
17:41:08.036 INF Request finished (out of order). clSeqNr=682
17:41:08.036 INF Request finished (out of order). clSeqNr=698
17:41:08.036 INF Request finished (out of order). clSeqNr=714
17:41:08.036 INF Request finished (out of order). clSeqNr=730
17:41:08.036 INF Request finished (out of order). clSeqNr=746
17:41:08.036 INF Request finished (out of order). clSeqNr=762
17:41:08.036 INF Request finished (out of order). clSeqNr=619
17:41:08.036 INF Request finished (out of order). clSeqNr=635
17:41:08.036 INF Request finished (out of order). clSeqNr=651
17:41:08.036 INF Request finished (out of order). clSeqNr=667
17:41:08.037 INF Request finished (out of order). clSeqNr=683
17:41:08.037 INF Request finished (out of order). clSeqNr=699
17:41:08.037 INF Request finished (out of order). clSeqNr=715
17:41:08.037 INF Request finished (out of order). clSeqNr=731
17:41:08.037 INF Request finished (out of order). clSeqNr=747
17:41:08.037 INF Request finished (out of order). clSeqNr=763
17:41:08.037 INF Request finished (out of order). clSeqNr=620
17:41:08.037 INF Request finished (out of order). clSeqNr=636
17:41:08.037 INF Request finished (out of order). clSeqNr=652
17:41:08.037 INF Request finished (out of order). clSeqNr=668
17:41:08.037 INF Request finished (out of order). clSeqNr=684
17:41:08.037 INF Request finished (out of order). clSeqNr=700
17:41:08.037 INF Request finished (out of order). clSeqNr=716
17:41:08.037 INF Request finished (out of order). clSeqNr=732
17:41:08.037 INF Request finished (out of order). clSeqNr=748
17:41:08.037 INF Request finished (out of order). clSeqNr=764
17:41:08.037 INF Request finished (out of order). clSeqNr=621
17:41:08.037 INF Request finished (out of order). clSeqNr=637
17:41:08.037 INF Request finished (out of order). clSeqNr=653
17:41:08.037 INF Request finished (out of order). clSeqNr=669
17:41:08.037 INF Request finished (out of order). clSeqNr=685
17:41:08.037 INF Request finished (out of order). clSeqNr=701
17:41:08.037 INF Request finished (out of order). clSeqNr=717
17:41:08.037 INF Request finished (out of order). clSeqNr=733
17:41:08.037 INF Request finished (out of order). clSeqNr=749
17:41:08.037 INF Request finished (out of order). clSeqNr=782
17:41:08.037 INF Request finished (out of order). clSeqNr=638
17:41:08.037 INF Request finished (out of order). clSeqNr=654
17:41:08.037 INF Request finished (out of order). clSeqNr=670
17:41:08.037 INF Request finished (out of order). clSeqNr=686
17:41:08.037 INF Request finished (out of order). clSeqNr=702
17:41:08.037 INF Request finished (out of order). clSeqNr=718
17:41:08.037 INF Request finished (out of order). clSeqNr=734
17:41:08.037 INF Request finished (out of order). clSeqNr=750
17:41:08.037 INF Request finished (out of order). clSeqNr=766
17:41:08.037 INF Request finished (out of order). clSeqNr=783
17:41:08.037 INF Request finished (out of order). clSeqNr=639
17:41:08.037 INF Request finished (out of order). clSeqNr=655
17:41:08.037 INF Request finished (out of order). clSeqNr=671
17:41:08.037 INF Request finished (out of order). clSeqNr=687
17:41:08.037 INF Request finished (out of order). clSeqNr=703
17:41:08.037 INF Request finished (out of order). clSeqNr=719
17:41:08.037 INF Request finished (out of order). clSeqNr=735
17:41:08.037 INF Request finished (out of order). clSeqNr=751
17:41:08.037 INF Request finished (out of order). clSeqNr=767
17:41:08.037 INF Request finished (out of order). clSeqNr=784
17:41:08.037 INF Request finished (out of order). clSeqNr=608
17:41:08.037 INF Request finished (out of order). clSeqNr=640
17:41:08.037 INF Request finished (out of order). clSeqNr=656
17:41:08.037 INF Request finished (out of order). clSeqNr=672
17:41:08.037 INF Request finished (out of order). clSeqNr=688
17:41:08.037 INF Request finished (out of order). clSeqNr=704
17:41:08.037 INF Request finished (out of order). clSeqNr=720
17:41:08.037 INF Request finished (out of order). clSeqNr=736
17:41:08.037 INF Request finished (out of order). clSeqNr=752
17:41:08.037 INF Request finished (out of order). clSeqNr=768
17:41:08.037 INF Request finished (out of order). clSeqNr=785
17:41:08.038 INF Request finished (out of order). clSeqNr=641
17:41:08.038 INF Request finished (out of order). clSeqNr=657
17:41:08.038 INF Request finished (out of order). clSeqNr=673
17:41:08.038 INF Request finished (out of order). clSeqNr=689
17:41:08.038 INF Request finished (out of order). clSeqNr=705
17:41:08.038 INF Request finished (out of order). clSeqNr=721
17:41:08.038 INF Request finished (out of order). clSeqNr=737
17:41:08.038 INF Request finished (out of order). clSeqNr=753
17:41:08.038 INF Request finished (out of order). clSeqNr=769
17:41:08.038 INF Request finished (out of order). clSeqNr=258
17:41:08.038 INF Request delivered (in order). clSeqNr=258
17:41:08.038 INF Request delivered (in order). clSeqNr=259
17:41:08.038 INF Request delivered (in order). clSeqNr=260
17:41:08.038 INF Request delivered (in order). clSeqNr=261
17:41:08.038 INF Request delivered (in order). clSeqNr=262
17:41:08.038 INF Request delivered (in order). clSeqNr=263
17:41:08.038 INF Request delivered (in order). clSeqNr=264
17:41:08.038 INF Request delivered (in order). clSeqNr=265
17:41:08.038 INF Request delivered (in order). clSeqNr=266
17:41:08.038 INF Request delivered (in order). clSeqNr=267
17:41:08.038 INF Request delivered (in order). clSeqNr=268
17:41:08.038 INF Request delivered (in order). clSeqNr=269
17:41:08.038 INF Request delivered (in order). clSeqNr=270
17:41:08.038 INF Request delivered (in order). clSeqNr=271
17:41:08.038 INF Request delivered (in order). clSeqNr=272
17:41:08.038 INF Request delivered (in order). clSeqNr=273
17:41:08.038 INF Request finished (out of order). clSeqNr=274
17:41:08.038 INF Request delivered (in order). clSeqNr=274
17:41:08.038 INF Request delivered (in order). clSeqNr=275
17:41:08.038 INF Request delivered (in order). clSeqNr=276
17:41:08.038 INF Request delivered (in order). clSeqNr=277
17:41:08.038 INF Request delivered (in order). clSeqNr=278
17:41:08.038 INF Request delivered (in order). clSeqNr=279
17:41:08.038 INF Request delivered (in order). clSeqNr=280
17:41:08.038 INF Request delivered (in order). clSeqNr=281
17:41:08.038 INF Request delivered (in order). clSeqNr=282
17:41:08.038 INF Request delivered (in order). clSeqNr=283
17:41:08.038 INF Request delivered (in order). clSeqNr=284
17:41:08.038 INF Request delivered (in order). clSeqNr=285
17:41:08.038 INF Request delivered (in order). clSeqNr=286
17:41:08.038 INF Request delivered (in order). clSeqNr=287
17:41:08.038 INF Request delivered (in order). clSeqNr=288
17:41:08.038 INF Request delivered (in order). clSeqNr=289
17:41:08.038 INF Request finished (out of order). clSeqNr=290
17:41:08.038 INF Request delivered (in order). clSeqNr=290
17:41:08.038 INF Request delivered (in order). clSeqNr=291
17:41:08.038 INF Request delivered (in order). clSeqNr=292
17:41:08.038 INF Request delivered (in order). clSeqNr=293
17:41:08.038 INF Request delivered (in order). clSeqNr=294
17:41:08.038 INF Request delivered (in order). clSeqNr=295
17:41:08.038 INF Request delivered (in order). clSeqNr=296
17:41:08.038 INF Request delivered (in order). clSeqNr=297
17:41:08.038 INF Request delivered (in order). clSeqNr=298
17:41:08.038 INF Request delivered (in order). clSeqNr=299
17:41:08.038 INF Request delivered (in order). clSeqNr=300
17:41:08.038 INF Request delivered (in order). clSeqNr=301
17:41:08.038 INF Request delivered (in order). clSeqNr=302
17:41:08.038 INF Request delivered (in order). clSeqNr=303
17:41:08.038 INF Request delivered (in order). clSeqNr=304
17:41:08.038 INF Request delivered (in order). clSeqNr=305
17:41:08.038 INF Request finished (out of order). clSeqNr=306
17:41:08.038 INF Request delivered (in order). clSeqNr=306
17:41:08.038 INF Request delivered (in order). clSeqNr=307
17:41:08.039 INF Request delivered (in order). clSeqNr=308
17:41:08.039 INF Request delivered (in order). clSeqNr=309
17:41:08.039 INF Request delivered (in order). clSeqNr=310
17:41:08.039 INF Request delivered (in order). clSeqNr=311
17:41:08.039 INF Request delivered (in order). clSeqNr=312
17:41:08.039 INF Request delivered (in order). clSeqNr=313
17:41:08.039 INF Request delivered (in order). clSeqNr=314
17:41:08.039 INF Request delivered (in order). clSeqNr=315
17:41:08.039 INF Request delivered (in order). clSeqNr=316
17:41:08.039 INF Request delivered (in order). clSeqNr=317
17:41:08.039 INF Request delivered (in order). clSeqNr=318
17:41:08.039 INF Request delivered (in order). clSeqNr=319
17:41:08.039 INF Request delivered (in order). clSeqNr=320
17:41:08.039 INF Request delivered (in order). clSeqNr=321
17:41:08.039 INF Request finished (out of order). clSeqNr=322
17:41:08.039 INF Request delivered (in order). clSeqNr=322
17:41:08.039 INF Request delivered (in order). clSeqNr=323
17:41:08.039 INF Request delivered (in order). clSeqNr=324
17:41:08.039 INF Request delivered (in order). clSeqNr=325
17:41:08.039 INF Request delivered (in order). clSeqNr=326
17:41:08.039 INF Request delivered (in order). clSeqNr=327
17:41:08.039 INF Request delivered (in order). clSeqNr=328
17:41:08.039 INF Request delivered (in order). clSeqNr=329
17:41:08.039 INF Request delivered (in order). clSeqNr=330
17:41:08.039 INF Request delivered (in order). clSeqNr=331
17:41:08.039 INF Request delivered (in order). clSeqNr=332
17:41:08.039 INF Request delivered (in order). clSeqNr=333
17:41:08.039 INF Request delivered (in order). clSeqNr=334
17:41:08.039 INF Request delivered (in order). clSeqNr=335
17:41:08.039 INF Request delivered (in order). clSeqNr=336
17:41:08.039 INF Request delivered (in order). clSeqNr=337
17:41:08.039 INF Request finished (out of order). clSeqNr=338
17:41:08.039 INF Request delivered (in order). clSeqNr=338
17:41:08.039 INF Request delivered (in order). clSeqNr=339
17:41:08.039 INF Request delivered (in order). clSeqNr=340
17:41:08.039 INF Request delivered (in order). clSeqNr=341
17:41:08.039 INF Request delivered (in order). clSeqNr=342
17:41:08.039 INF Request delivered (in order). clSeqNr=343
17:41:08.039 INF Request delivered (in order). clSeqNr=344
17:41:08.039 INF Request delivered (in order). clSeqNr=345
17:41:08.040 INF Request delivered (in order). clSeqNr=346
17:41:08.040 INF Request delivered (in order). clSeqNr=347
17:41:08.040 INF Request delivered (in order). clSeqNr=348
17:41:08.040 INF Request delivered (in order). clSeqNr=349
17:41:08.040 INF Request delivered (in order). clSeqNr=350
17:41:08.040 INF Request delivered (in order). clSeqNr=351
17:41:08.040 INF Request delivered (in order). clSeqNr=352
17:41:08.040 INF Request delivered (in order). clSeqNr=353
17:41:08.040 INF Request finished (out of order). clSeqNr=354
17:41:08.040 INF Request delivered (in order). clSeqNr=354
17:41:08.040 INF Request delivered (in order). clSeqNr=355
17:41:08.040 INF Request delivered (in order). clSeqNr=356
17:41:08.040 INF Request delivered (in order). clSeqNr=357
17:41:08.040 INF Request delivered (in order). clSeqNr=358
17:41:08.040 INF Request delivered (in order). clSeqNr=359
17:41:08.040 INF Request delivered (in order). clSeqNr=360
17:41:08.040 INF Request delivered (in order). clSeqNr=361
17:41:08.040 INF Request delivered (in order). clSeqNr=362
17:41:08.040 INF Request delivered (in order). clSeqNr=363
17:41:08.040 INF Request delivered (in order). clSeqNr=364
17:41:08.040 INF Request delivered (in order). clSeqNr=365
17:41:08.040 INF Request delivered (in order). clSeqNr=366
17:41:08.040 INF Request delivered (in order). clSeqNr=367
17:41:08.040 INF Request delivered (in order). clSeqNr=368
17:41:08.040 INF Request delivered (in order). clSeqNr=369
17:41:08.040 INF Request finished (out of order). clSeqNr=370
17:41:08.040 INF Request delivered (in order). clSeqNr=370
17:41:08.040 INF Request delivered (in order). clSeqNr=371
17:41:08.040 INF Request delivered (in order). clSeqNr=372
17:41:08.040 INF Request delivered (in order). clSeqNr=373
17:41:08.040 INF Request delivered (in order). clSeqNr=374
17:41:08.040 INF Request delivered (in order). clSeqNr=375
17:41:08.040 INF Request delivered (in order). clSeqNr=376
17:41:08.040 INF Request delivered (in order). clSeqNr=377
17:41:08.040 INF Request delivered (in order). clSeqNr=378
17:41:08.040 INF Request delivered (in order). clSeqNr=379
17:41:08.040 INF Request delivered (in order). clSeqNr=380
17:41:08.040 INF Request delivered (in order). clSeqNr=381
17:41:08.040 INF Request delivered (in order). clSeqNr=382
17:41:08.040 INF Request delivered (in order). clSeqNr=383
17:41:08.040 INF Request delivered (in order). clSeqNr=384
17:41:08.040 INF Request delivered (in order). clSeqNr=385
17:41:08.040 INF Request finished (out of order). clSeqNr=771
17:41:08.040 INF Request finished (out of order). clSeqNr=787
17:41:08.040 INF Request finished (out of order). clSeqNr=803
17:41:08.040 INF Request finished (out of order). clSeqNr=819
17:41:08.040 INF Request finished (out of order). clSeqNr=835
17:41:08.040 INF Request finished (out of order). clSeqNr=851
17:41:08.040 INF Request finished (out of order). clSeqNr=867
17:41:08.040 INF Request finished (out of order). clSeqNr=772
17:41:08.040 INF Request finished (out of order). clSeqNr=788
17:41:08.041 INF Request finished (out of order). clSeqNr=804
17:41:08.041 INF Request finished (out of order). clSeqNr=820
17:41:08.041 INF Request finished (out of order). clSeqNr=836
17:41:08.041 INF Request finished (out of order). clSeqNr=852
17:41:08.041 INF Request finished (out of order). clSeqNr=868
17:41:08.041 INF Request finished (out of order). clSeqNr=773
17:41:08.041 INF Request finished (out of order). clSeqNr=789
17:41:08.041 INF Request finished (out of order). clSeqNr=805
17:41:08.041 INF Request finished (out of order). clSeqNr=821
17:41:08.041 INF Request finished (out of order). clSeqNr=837
17:41:08.041 INF Request finished (out of order). clSeqNr=853
17:41:08.041 INF Request finished (out of order). clSeqNr=869
17:41:08.093 INF Request finished (out of order). clSeqNr=774
17:41:08.093 INF Request finished (out of order). clSeqNr=790
17:41:08.093 INF Request finished (out of order). clSeqNr=806
17:41:08.093 INF Request finished (out of order). clSeqNr=822
17:41:08.093 INF Request finished (out of order). clSeqNr=838
17:41:08.093 INF Request finished (out of order). clSeqNr=854
17:41:08.093 INF Request finished (out of order). clSeqNr=775
17:41:08.093 INF Request finished (out of order). clSeqNr=791
17:41:08.094 INF Request finished (out of order). clSeqNr=807
17:41:08.094 INF Request finished (out of order). clSeqNr=823
17:41:08.094 INF Request finished (out of order). clSeqNr=839
17:41:08.094 INF Request finished (out of order). clSeqNr=855
17:41:08.094 INF Request finished (out of order). clSeqNr=776
17:41:08.094 INF Request finished (out of order). clSeqNr=792
17:41:08.094 INF Request finished (out of order). clSeqNr=808
17:41:08.094 INF Request finished (out of order). clSeqNr=824
17:41:08.094 INF Request finished (out of order). clSeqNr=840
17:41:08.094 INF Request finished (out of order). clSeqNr=856
17:41:08.094 INF Request finished (out of order). clSeqNr=777
17:41:08.094 INF Request finished (out of order). clSeqNr=793
17:41:08.094 INF Request finished (out of order). clSeqNr=809
17:41:08.094 INF Request finished (out of order). clSeqNr=825
17:41:08.094 INF Request finished (out of order). clSeqNr=841
17:41:08.094 INF Request finished (out of order). clSeqNr=857
17:41:08.094 INF Request finished (out of order). clSeqNr=778
17:41:08.094 INF Request finished (out of order). clSeqNr=794
17:41:08.094 INF Request finished (out of order). clSeqNr=810
17:41:08.094 INF Request finished (out of order). clSeqNr=826
17:41:08.094 INF Request finished (out of order). clSeqNr=842
17:41:08.094 INF Request finished (out of order). clSeqNr=858
17:41:08.094 INF Request finished (out of order). clSeqNr=779
17:41:08.094 INF Request finished (out of order). clSeqNr=795
17:41:08.094 INF Request finished (out of order). clSeqNr=811
17:41:08.094 INF Request finished (out of order). clSeqNr=827
17:41:08.094 INF Request finished (out of order). clSeqNr=843
17:41:08.094 INF Request finished (out of order). clSeqNr=859
17:41:08.094 INF Request finished (out of order). clSeqNr=780
17:41:08.094 INF Request finished (out of order). clSeqNr=796
17:41:08.095 INF Request finished (out of order). clSeqNr=812
17:41:08.095 INF Request finished (out of order). clSeqNr=828
17:41:08.095 INF Request finished (out of order). clSeqNr=844
17:41:08.095 INF Request finished (out of order). clSeqNr=860
17:41:08.095 INF Request finished (out of order). clSeqNr=781
17:41:08.095 INF Request finished (out of order). clSeqNr=797
17:41:08.095 INF Request finished (out of order). clSeqNr=813
17:41:08.095 INF Request finished (out of order). clSeqNr=829
17:41:08.095 INF Request finished (out of order). clSeqNr=845
17:41:08.096 INF Request finished (out of order). clSeqNr=861
17:41:08.096 INF Request finished (out of order). clSeqNr=765
17:41:08.096 INF Request finished (out of order). clSeqNr=798
17:41:08.127 INF Request finished (out of order). clSeqNr=814
17:41:08.127 INF Request finished (out of order). clSeqNr=830
17:41:08.147 INF Request finished (out of order). clSeqNr=846
17:41:08.147 INF Request finished (out of order). clSeqNr=862
17:41:08.147 INF Request finished (out of order). clSeqNr=878
17:41:08.147 INF Request finished (out of order). clSeqNr=799
17:41:08.147 INF Request finished (out of order). clSeqNr=815
17:41:08.147 INF Request finished (out of order). clSeqNr=831
17:41:08.147 INF Request finished (out of order). clSeqNr=847
17:41:08.147 INF Request finished (out of order). clSeqNr=863
17:41:08.147 INF Request finished (out of order). clSeqNr=879
17:41:08.147 INF Request finished (out of order). clSeqNr=800
17:41:08.147 INF Request finished (out of order). clSeqNr=816
17:41:08.147 INF Request finished (out of order). clSeqNr=832
17:41:08.147 INF Request finished (out of order). clSeqNr=848
17:41:08.147 INF Request finished (out of order). clSeqNr=864
17:41:08.148 INF Request finished (out of order). clSeqNr=880
17:41:08.148 INF Request finished (out of order). clSeqNr=801
17:41:08.148 INF Request finished (out of order). clSeqNr=817
17:41:08.148 INF Request finished (out of order). clSeqNr=833
17:41:08.148 INF Request finished (out of order). clSeqNr=849
17:41:08.148 INF Request finished (out of order). clSeqNr=865
17:41:08.148 INF Request finished (out of order). clSeqNr=881
17:41:12.808 INF Request finished (out of order). clSeqNr=883
17:41:12.808 INF Request finished (out of order). clSeqNr=899
17:41:12.808 INF Request finished (out of order). clSeqNr=915
17:41:12.809 INF Request finished (out of order). clSeqNr=931
17:41:12.809 INF Request finished (out of order). clSeqNr=947
17:41:12.809 INF Request finished (out of order). clSeqNr=963
17:41:12.809 INF Request finished (out of order). clSeqNr=979
17:41:12.809 INF Request finished (out of order). clSeqNr=995
17:41:12.810 INF Request finished (out of order). clSeqNr=1011
17:41:12.812 INF Request finished (out of order). clSeqNr=884
17:41:12.860 INF Request finished (out of order). clSeqNr=900
17:41:12.867 INF Request finished (out of order). clSeqNr=916
17:41:12.867 INF Request finished (out of order). clSeqNr=932
17:41:12.868 INF Request finished (out of order). clSeqNr=948
17:41:12.869 INF Request finished (out of order). clSeqNr=964
17:41:12.869 INF Request finished (out of order). clSeqNr=980
17:41:12.869 INF Request finished (out of order). clSeqNr=996
17:41:12.870 INF Request finished (out of order). clSeqNr=1012
17:41:12.871 INF Request finished (out of order). clSeqNr=885
17:41:12.871 INF Request finished (out of order). clSeqNr=901
17:41:12.872 INF Request finished (out of order). clSeqNr=917
17:41:12.872 INF Request finished (out of order). clSeqNr=933
17:41:12.875 INF Request finished (out of order). clSeqNr=949
17:41:12.876 INF Request finished (out of order). clSeqNr=965
17:41:12.876 INF Request finished (out of order). clSeqNr=981
17:41:12.876 INF Request finished (out of order). clSeqNr=997
17:41:12.877 INF Request finished (out of order). clSeqNr=1013
17:41:12.878 INF Request finished (out of order). clSeqNr=870
17:41:12.879 INF Request finished (out of order). clSeqNr=886
17:41:12.880 INF Request finished (out of order). clSeqNr=902
17:41:12.880 INF Request finished (out of order). clSeqNr=918
17:41:12.880 INF Request finished (out of order). clSeqNr=934
17:41:12.881 INF Request finished (out of order). clSeqNr=950
17:41:12.881 INF Request finished (out of order). clSeqNr=966
17:41:12.881 INF Request finished (out of order). clSeqNr=982
17:41:12.883 INF Request finished (out of order). clSeqNr=998
17:41:12.883 INF Request finished (out of order). clSeqNr=1014
17:41:12.884 INF Request finished (out of order). clSeqNr=871
17:41:12.884 INF Request finished (out of order). clSeqNr=887
17:41:12.884 INF Request finished (out of order). clSeqNr=903
17:41:12.885 INF Request finished (out of order). clSeqNr=919
17:41:12.885 INF Request finished (out of order). clSeqNr=935
17:41:12.885 INF Request finished (out of order). clSeqNr=951
17:41:12.886 INF Request finished (out of order). clSeqNr=967
17:41:12.886 INF Request finished (out of order). clSeqNr=983
17:41:12.887 INF Request finished (out of order). clSeqNr=999
17:41:12.887 INF Request finished (out of order). clSeqNr=1015
17:41:12.889 INF Request finished (out of order). clSeqNr=872
17:41:12.889 INF Request finished (out of order). clSeqNr=888
17:41:12.889 INF Request finished (out of order). clSeqNr=904
17:41:12.889 INF Request finished (out of order). clSeqNr=920
17:41:12.890 INF Request finished (out of order). clSeqNr=936
17:41:12.890 INF Request finished (out of order). clSeqNr=952
17:41:12.891 INF Request finished (out of order). clSeqNr=968
17:41:12.891 INF Request finished (out of order). clSeqNr=984
17:41:12.891 INF Request finished (out of order). clSeqNr=1000
17:41:12.891 INF Request finished (out of order). clSeqNr=1016
17:41:12.893 INF Request finished (out of order). clSeqNr=873
17:41:12.893 INF Request finished (out of order). clSeqNr=889
17:41:12.894 INF Request finished (out of order). clSeqNr=905
17:41:12.894 INF Request finished (out of order). clSeqNr=921
17:41:12.894 INF Request finished (out of order). clSeqNr=937
17:41:12.895 INF Request finished (out of order). clSeqNr=953
17:41:12.895 INF Request finished (out of order). clSeqNr=969
17:41:12.895 INF Request finished (out of order). clSeqNr=985
17:41:12.895 INF Request finished (out of order). clSeqNr=1001
17:41:12.896 INF Request finished (out of order). clSeqNr=1017
17:41:12.897 INF Request finished (out of order). clSeqNr=874
17:41:12.897 INF Request finished (out of order). clSeqNr=890
17:41:12.898 INF Request finished (out of order). clSeqNr=906
17:41:12.898 INF Request finished (out of order). clSeqNr=922
17:41:12.899 INF Request finished (out of order). clSeqNr=938
17:41:12.899 INF Request finished (out of order). clSeqNr=954
17:41:12.899 INF Request finished (out of order). clSeqNr=970
17:41:12.900 INF Request finished (out of order). clSeqNr=986
17:41:12.900 INF Request finished (out of order). clSeqNr=1002
17:41:12.900 INF Request finished (out of order). clSeqNr=1018
17:41:12.901 INF Request finished (out of order). clSeqNr=875
17:41:12.902 INF Request finished (out of order). clSeqNr=891
17:41:12.902 INF Request finished (out of order). clSeqNr=907
17:41:12.902 INF Request finished (out of order). clSeqNr=923
17:41:12.903 INF Request finished (out of order). clSeqNr=939
17:41:12.903 INF Request finished (out of order). clSeqNr=955
17:41:12.904 INF Request finished (out of order). clSeqNr=971
17:41:12.904 INF Request finished (out of order). clSeqNr=987
17:41:12.904 INF Request finished (out of order). clSeqNr=1003
17:41:12.909 INF Request finished (out of order). clSeqNr=1019
17:41:12.911 INF Request finished (out of order). clSeqNr=876
17:41:12.911 INF Request finished (out of order). clSeqNr=892
17:41:12.911 INF Request finished (out of order). clSeqNr=908
17:41:12.912 INF Request finished (out of order). clSeqNr=924
17:41:12.912 INF Request finished (out of order). clSeqNr=940
17:41:12.913 INF Request finished (out of order). clSeqNr=956
17:41:12.913 INF Request finished (out of order). clSeqNr=972
17:41:12.913 INF Request finished (out of order). clSeqNr=988
17:41:12.914 INF Request finished (out of order). clSeqNr=1004
17:41:12.914 INF Request finished (out of order). clSeqNr=1020
17:41:12.915 INF Request finished (out of order). clSeqNr=877
17:41:12.916 INF Request finished (out of order). clSeqNr=893
17:41:12.916 INF Request finished (out of order). clSeqNr=909
17:41:12.916 INF Request finished (out of order). clSeqNr=925
17:41:12.917 INF Request finished (out of order). clSeqNr=941
17:41:12.917 INF Request finished (out of order). clSeqNr=957
17:41:12.918 INF Request finished (out of order). clSeqNr=973
17:41:12.918 INF Request finished (out of order). clSeqNr=989
17:41:12.918 INF Request finished (out of order). clSeqNr=1005
17:41:12.918 INF Request finished (out of order). clSeqNr=1038
17:41:12.918 INF Request finished (out of order). clSeqNr=894
17:41:12.918 INF Request finished (out of order). clSeqNr=910
17:41:12.918 INF Request finished (out of order). clSeqNr=926
17:41:12.918 INF Request finished (out of order). clSeqNr=942
17:41:12.918 INF Request finished (out of order). clSeqNr=958
17:41:12.918 INF Request finished (out of order). clSeqNr=974
17:41:12.918 INF Request finished (out of order). clSeqNr=990
17:41:12.918 INF Request finished (out of order). clSeqNr=1006
17:41:12.919 INF Request finished (out of order). clSeqNr=1022
17:41:12.919 INF Request finished (out of order). clSeqNr=1039
17:41:12.920 INF Request finished (out of order). clSeqNr=895
17:41:12.920 INF Request finished (out of order). clSeqNr=911
17:41:12.920 INF Request finished (out of order). clSeqNr=927
17:41:12.920 INF Request finished (out of order). clSeqNr=943
17:41:12.920 INF Request finished (out of order). clSeqNr=959
17:41:12.920 INF Request finished (out of order). clSeqNr=975
17:41:12.920 INF Request finished (out of order). clSeqNr=991
17:41:12.920 INF Request finished (out of order). clSeqNr=1007
17:41:12.920 INF Request finished (out of order). clSeqNr=1023
17:41:12.921 INF Request finished (out of order). clSeqNr=1040
17:41:12.921 INF Request finished (out of order). clSeqNr=896
17:41:12.921 INF Request finished (out of order). clSeqNr=912
17:41:12.921 INF Request finished (out of order). clSeqNr=928
17:41:12.921 INF Request finished (out of order). clSeqNr=944
17:41:12.922 INF Request finished (out of order). clSeqNr=960
17:41:12.922 INF Request finished (out of order). clSeqNr=976
17:41:12.922 INF Request finished (out of order). clSeqNr=992
17:41:12.923 INF Request finished (out of order). clSeqNr=1008
17:41:12.923 INF Request finished (out of order). clSeqNr=1024
17:41:12.923 INF Request finished (out of order). clSeqNr=1041
17:41:12.923 INF Request finished (out of order). clSeqNr=897
17:41:12.923 INF Request finished (out of order). clSeqNr=913
17:41:12.923 INF Request finished (out of order). clSeqNr=929
17:41:12.923 INF Request finished (out of order). clSeqNr=945
17:41:12.923 INF Request finished (out of order). clSeqNr=961
17:41:12.923 INF Request finished (out of order). clSeqNr=977
17:41:12.923 INF Request finished (out of order). clSeqNr=993
17:41:12.923 INF Request finished (out of order). clSeqNr=1009
17:41:12.923 INF Request finished (out of order). clSeqNr=1025
17:41:12.923 INF Request finished (out of order). clSeqNr=386
17:41:12.923 INF Request delivered (in order). clSeqNr=386
17:41:12.923 INF Request delivered (in order). clSeqNr=387
17:41:12.923 INF Request delivered (in order). clSeqNr=388
17:41:12.923 INF Request delivered (in order). clSeqNr=389
17:41:12.923 INF Request delivered (in order). clSeqNr=390
17:41:12.923 INF Request delivered (in order). clSeqNr=391
17:41:12.923 INF Request delivered (in order). clSeqNr=392
17:41:12.924 INF Request delivered (in order). clSeqNr=393
17:41:12.924 INF Request delivered (in order). clSeqNr=394
17:41:12.924 INF Request delivered (in order). clSeqNr=395
17:41:12.924 INF Request delivered (in order). clSeqNr=396
17:41:12.924 INF Request delivered (in order). clSeqNr=397
17:41:12.924 INF Request delivered (in order). clSeqNr=398
17:41:12.924 INF Request delivered (in order). clSeqNr=399
17:41:12.924 INF Request delivered (in order). clSeqNr=400
17:41:12.924 INF Request delivered (in order). clSeqNr=401
17:41:12.924 INF Request finished (out of order). clSeqNr=402
17:41:12.924 INF Request delivered (in order). clSeqNr=402
17:41:12.924 INF Request delivered (in order). clSeqNr=403
17:41:12.924 INF Request delivered (in order). clSeqNr=404
17:41:12.924 INF Request delivered (in order). clSeqNr=405
17:41:12.924 INF Request delivered (in order). clSeqNr=406
17:41:12.924 INF Request delivered (in order). clSeqNr=407
17:41:12.924 INF Request delivered (in order). clSeqNr=408
17:41:12.924 INF Request delivered (in order). clSeqNr=409
17:41:12.924 INF Request delivered (in order). clSeqNr=410
17:41:12.924 INF Request delivered (in order). clSeqNr=411
17:41:12.924 INF Request delivered (in order). clSeqNr=412
17:41:12.924 INF Request delivered (in order). clSeqNr=413
17:41:12.924 INF Request delivered (in order). clSeqNr=414
17:41:12.924 INF Request delivered (in order). clSeqNr=415
17:41:12.924 INF Request delivered (in order). clSeqNr=416
17:41:12.924 INF Request delivered (in order). clSeqNr=417
17:41:12.924 INF Request finished (out of order). clSeqNr=418
17:41:12.924 INF Request delivered (in order). clSeqNr=418
17:41:12.924 INF Request delivered (in order). clSeqNr=419
17:41:12.924 INF Request delivered (in order). clSeqNr=420
17:41:12.924 INF Request delivered (in order). clSeqNr=421
17:41:12.924 INF Request delivered (in order). clSeqNr=422
17:41:12.924 INF Request delivered (in order). clSeqNr=423
17:41:12.924 INF Request delivered (in order). clSeqNr=424
17:41:12.924 INF Request delivered (in order). clSeqNr=425
17:41:12.924 INF Request delivered (in order). clSeqNr=426
17:41:12.924 INF Request delivered (in order). clSeqNr=427
17:41:12.924 INF Request delivered (in order). clSeqNr=428
17:41:12.924 INF Request delivered (in order). clSeqNr=429
17:41:12.924 INF Request delivered (in order). clSeqNr=430
17:41:12.924 INF Request delivered (in order). clSeqNr=431
17:41:12.924 INF Request delivered (in order). clSeqNr=432
17:41:12.924 INF Request delivered (in order). clSeqNr=433
17:41:12.924 INF Request finished (out of order). clSeqNr=434
17:41:12.924 INF Request delivered (in order). clSeqNr=434
17:41:12.924 INF Request delivered (in order). clSeqNr=435
17:41:12.924 INF Request delivered (in order). clSeqNr=436
17:41:12.924 INF Request delivered (in order). clSeqNr=437
17:41:12.924 INF Request delivered (in order). clSeqNr=438
17:41:12.924 INF Request delivered (in order). clSeqNr=439
17:41:12.924 INF Request delivered (in order). clSeqNr=440
17:41:12.924 INF Request delivered (in order). clSeqNr=441
17:41:12.924 INF Request delivered (in order). clSeqNr=442
17:41:12.924 INF Request delivered (in order). clSeqNr=443
17:41:12.924 INF Request delivered (in order). clSeqNr=444
17:41:12.924 INF Request delivered (in order). clSeqNr=445
17:41:12.924 INF Request delivered (in order). clSeqNr=446
17:41:12.924 INF Request delivered (in order). clSeqNr=447
17:41:12.924 INF Request delivered (in order). clSeqNr=448
17:41:12.924 INF Request delivered (in order). clSeqNr=449
17:41:12.924 INF Request finished (out of order). clSeqNr=450
17:41:12.925 INF Request delivered (in order). clSeqNr=450
17:41:12.925 INF Request delivered (in order). clSeqNr=451
17:41:12.925 INF Request delivered (in order). clSeqNr=452
17:41:12.925 INF Request delivered (in order). clSeqNr=453
17:41:12.925 INF Request delivered (in order). clSeqNr=454
17:41:12.925 INF Request delivered (in order). clSeqNr=455
17:41:12.925 INF Request delivered (in order). clSeqNr=456
17:41:12.925 INF Request delivered (in order). clSeqNr=457
17:41:12.925 INF Request delivered (in order). clSeqNr=458
17:41:12.925 INF Request delivered (in order). clSeqNr=459
17:41:12.925 INF Request delivered (in order). clSeqNr=460
17:41:12.925 INF Request delivered (in order). clSeqNr=461
17:41:12.925 INF Request delivered (in order). clSeqNr=462
17:41:12.925 INF Request delivered (in order). clSeqNr=463
17:41:12.925 INF Request delivered (in order). clSeqNr=464
17:41:12.925 INF Request delivered (in order). clSeqNr=465
17:41:12.925 INF Request finished (out of order). clSeqNr=466
17:41:12.925 INF Request delivered (in order). clSeqNr=466
17:41:12.925 INF Request delivered (in order). clSeqNr=467
17:41:12.925 INF Request delivered (in order). clSeqNr=468
17:41:12.925 INF Request delivered (in order). clSeqNr=469
17:41:12.925 INF Request delivered (in order). clSeqNr=470
17:41:12.925 INF Request delivered (in order). clSeqNr=471
17:41:12.925 INF Request delivered (in order). clSeqNr=472
17:41:12.925 INF Request delivered (in order). clSeqNr=473
17:41:12.925 INF Request delivered (in order). clSeqNr=474
17:41:12.925 INF Request delivered (in order). clSeqNr=475
17:41:12.925 INF Request delivered (in order). clSeqNr=476
17:41:12.925 INF Request delivered (in order). clSeqNr=477
17:41:12.925 INF Request delivered (in order). clSeqNr=478
17:41:12.925 INF Request delivered (in order). clSeqNr=479
17:41:12.925 INF Request delivered (in order). clSeqNr=480
17:41:12.925 INF Request delivered (in order). clSeqNr=481
17:41:12.925 INF Request finished (out of order). clSeqNr=482
17:41:12.925 INF Request delivered (in order). clSeqNr=482
17:41:12.925 INF Request delivered (in order). clSeqNr=483
17:41:12.925 INF Request delivered (in order). clSeqNr=484
17:41:12.925 INF Request delivered (in order). clSeqNr=485
17:41:12.925 INF Request delivered (in order). clSeqNr=486
17:41:12.925 INF Request delivered (in order). clSeqNr=487
17:41:12.925 INF Request delivered (in order). clSeqNr=488
17:41:12.925 INF Request delivered (in order). clSeqNr=489
17:41:12.925 INF Request delivered (in order). clSeqNr=490
17:41:12.925 INF Request delivered (in order). clSeqNr=491
17:41:12.925 INF Request delivered (in order). clSeqNr=492
17:41:12.925 INF Request delivered (in order). clSeqNr=493
17:41:12.925 INF Request delivered (in order). clSeqNr=494
17:41:12.925 INF Request delivered (in order). clSeqNr=495
17:41:12.925 INF Request delivered (in order). clSeqNr=496
17:41:12.925 INF Request delivered (in order). clSeqNr=497
17:41:12.925 INF Request finished (out of order). clSeqNr=498
17:41:12.925 INF Request delivered (in order). clSeqNr=498
17:41:12.925 INF Request delivered (in order). clSeqNr=499
17:41:12.926 INF Request delivered (in order). clSeqNr=500
17:41:12.926 INF Request delivered (in order). clSeqNr=501
17:41:12.926 INF Request delivered (in order). clSeqNr=502
17:41:12.926 INF Request delivered (in order). clSeqNr=503
17:41:12.926 INF Request delivered (in order). clSeqNr=504
17:41:12.926 INF Request delivered (in order). clSeqNr=505
17:41:12.926 INF Request delivered (in order). clSeqNr=506
17:41:12.926 INF Request delivered (in order). clSeqNr=507
17:41:12.926 INF Request delivered (in order). clSeqNr=508
17:41:12.926 INF Request delivered (in order). clSeqNr=509
17:41:12.926 INF Request delivered (in order). clSeqNr=510
17:41:12.926 INF Request delivered (in order). clSeqNr=511
17:41:12.926 INF Request delivered (in order). clSeqNr=512
17:41:12.926 INF Request delivered (in order). clSeqNr=513
17:41:12.926 INF Request finished (out of order). clSeqNr=1027
17:41:12.926 INF Request finished (out of order). clSeqNr=1043
17:41:12.926 INF Request finished (out of order). clSeqNr=1059
17:41:12.926 INF Request finished (out of order). clSeqNr=1075
17:41:12.926 INF Request finished (out of order). clSeqNr=1091
17:41:12.926 INF Request finished (out of order). clSeqNr=1107
17:41:12.926 INF Request finished (out of order). clSeqNr=1123
17:41:12.926 INF Request finished (out of order). clSeqNr=1028
17:41:12.926 INF Request finished (out of order). clSeqNr=1044
17:41:12.926 INF Request finished (out of order). clSeqNr=1060
17:41:12.926 INF Request finished (out of order). clSeqNr=1076
17:41:12.926 INF Request finished (out of order). clSeqNr=1092
17:41:12.926 INF Request finished (out of order). clSeqNr=1108
17:41:12.926 INF Request finished (out of order). clSeqNr=1124
17:41:12.931 INF Request finished (out of order). clSeqNr=1029
17:41:12.932 INF Request finished (out of order). clSeqNr=1045
17:41:12.932 INF Request finished (out of order). clSeqNr=1061
17:41:12.932 INF Request finished (out of order). clSeqNr=1077
17:41:12.932 INF Request finished (out of order). clSeqNr=1093
17:41:12.932 INF Request finished (out of order). clSeqNr=1109
17:41:12.932 INF Request finished (out of order). clSeqNr=1125
17:41:13.026 INF Request finished (out of order). clSeqNr=1030
17:41:13.027 INF Request finished (out of order). clSeqNr=1046
17:41:13.027 INF Request finished (out of order). clSeqNr=1062
17:41:13.028 INF Request finished (out of order). clSeqNr=1078
17:41:13.028 INF Request finished (out of order). clSeqNr=1094
17:41:13.029 INF Request finished (out of order). clSeqNr=1110
17:41:13.043 INF Request finished (out of order). clSeqNr=1031
17:41:13.044 INF Request finished (out of order). clSeqNr=1047
17:41:13.044 INF Request finished (out of order). clSeqNr=1063
17:41:13.045 INF Request finished (out of order). clSeqNr=1079
17:41:13.137 INF Request finished (out of order). clSeqNr=1095
17:41:13.137 INF Request finished (out of order). clSeqNr=1111
17:41:13.137 INF Request finished (out of order). clSeqNr=1032
17:41:13.137 INF Request finished (out of order). clSeqNr=1048
17:41:13.137 INF Request finished (out of order). clSeqNr=1064
17:41:13.137 INF Request finished (out of order). clSeqNr=1080
17:41:13.137 INF Request finished (out of order). clSeqNr=1096
17:41:13.137 INF Request finished (out of order). clSeqNr=1112
17:41:13.137 INF Request finished (out of order). clSeqNr=1033
17:41:13.137 INF Request finished (out of order). clSeqNr=1049
17:41:13.137 INF Request finished (out of order). clSeqNr=1065
17:41:13.137 INF Request finished (out of order). clSeqNr=1081
17:41:13.137 INF Request finished (out of order). clSeqNr=1097
17:41:13.137 INF Request finished (out of order). clSeqNr=1113
17:41:13.138 INF Request finished (out of order). clSeqNr=1034
17:41:13.138 INF Request finished (out of order). clSeqNr=1050
17:41:13.138 INF Request finished (out of order). clSeqNr=1066
17:41:13.138 INF Request finished (out of order). clSeqNr=1082
17:41:13.138 INF Request finished (out of order). clSeqNr=1098
17:41:13.140 INF Request finished (out of order). clSeqNr=1114
17:41:13.140 INF Request finished (out of order). clSeqNr=1035
17:41:13.140 INF Request finished (out of order). clSeqNr=1051
17:41:13.141 INF Request finished (out of order). clSeqNr=1067
17:41:13.141 INF Request finished (out of order). clSeqNr=1083
17:41:13.141 INF Request finished (out of order). clSeqNr=1099
17:41:13.141 INF Request finished (out of order). clSeqNr=1115
17:41:13.141 INF Request finished (out of order). clSeqNr=1036
17:41:13.141 INF Request finished (out of order). clSeqNr=1052
17:41:13.141 INF Request finished (out of order). clSeqNr=1068
17:41:13.141 INF Request finished (out of order). clSeqNr=1084
17:41:13.141 INF Request finished (out of order). clSeqNr=1100
17:41:13.141 INF Request finished (out of order). clSeqNr=1116
17:41:13.141 INF Request finished (out of order). clSeqNr=1037
17:41:13.141 INF Request finished (out of order). clSeqNr=1053
17:41:13.141 INF Request finished (out of order). clSeqNr=1069
17:41:13.141 INF Request finished (out of order). clSeqNr=1085
17:41:13.141 INF Request finished (out of order). clSeqNr=1101
17:41:13.141 INF Request finished (out of order). clSeqNr=1117
17:41:13.141 INF Request finished (out of order). clSeqNr=1021
17:41:13.150 INF Request finished (out of order). clSeqNr=1054
17:41:13.150 INF Request finished (out of order). clSeqNr=1070
17:41:13.150 INF Request finished (out of order). clSeqNr=1086
17:41:13.150 INF Request finished (out of order). clSeqNr=1102
17:41:13.150 INF Request finished (out of order). clSeqNr=1118
17:41:13.150 INF Request finished (out of order). clSeqNr=1134
17:41:13.150 INF Request finished (out of order). clSeqNr=1055
17:41:13.150 INF Request finished (out of order). clSeqNr=1071
17:41:13.150 INF Request finished (out of order). clSeqNr=1087
17:41:13.150 INF Request finished (out of order). clSeqNr=1103
17:41:13.150 INF Request finished (out of order). clSeqNr=1119
17:41:13.150 INF Request finished (out of order). clSeqNr=1135
17:41:13.150 INF Request finished (out of order). clSeqNr=1056
17:41:13.150 INF Request finished (out of order). clSeqNr=1072
17:41:13.151 INF Request finished (out of order). clSeqNr=1088
17:41:13.151 INF Request finished (out of order). clSeqNr=1104
17:41:13.151 INF Request finished (out of order). clSeqNr=1120
17:41:13.151 INF Request finished (out of order). clSeqNr=1136
17:41:13.151 INF Request finished (out of order). clSeqNr=1057
17:41:13.151 INF Request finished (out of order). clSeqNr=1073
17:41:13.151 INF Request finished (out of order). clSeqNr=1089
17:41:13.151 INF Request finished (out of order). clSeqNr=1105
17:41:13.151 INF Request finished (out of order). clSeqNr=1121
17:41:13.151 INF Request finished (out of order). clSeqNr=1137
17:41:17.896 INF Request finished (out of order). clSeqNr=1139
17:41:17.897 INF Request finished (out of order). clSeqNr=1155
17:41:17.897 INF Request finished (out of order). clSeqNr=1171
17:41:17.897 INF Request finished (out of order). clSeqNr=1187
17:41:17.898 INF Request finished (out of order). clSeqNr=1203
17:41:17.898 INF Request finished (out of order). clSeqNr=1219
17:41:17.898 INF Request finished (out of order). clSeqNr=1235
17:41:17.899 INF Request finished (out of order). clSeqNr=1251
17:41:17.899 INF Request finished (out of order). clSeqNr=1267
17:41:17.901 INF Request finished (out of order). clSeqNr=1140
17:41:17.908 INF Request finished (out of order). clSeqNr=1156
17:41:17.912 INF Request finished (out of order). clSeqNr=1172
17:41:17.912 INF Request finished (out of order). clSeqNr=1188
17:41:17.912 INF Request finished (out of order). clSeqNr=1204
17:41:17.912 INF Request finished (out of order). clSeqNr=1220
17:41:17.915 INF Request finished (out of order). clSeqNr=1236
17:41:17.915 INF Request finished (out of order). clSeqNr=1252
17:41:17.915 INF Request finished (out of order). clSeqNr=1268
17:41:17.915 INF Request finished (out of order). clSeqNr=1141
17:41:17.915 INF Request finished (out of order). clSeqNr=1157
17:41:17.915 INF Request finished (out of order). clSeqNr=1173
17:41:17.915 INF Request finished (out of order). clSeqNr=1189
17:41:17.915 INF Request finished (out of order). clSeqNr=1205
17:41:17.916 INF Request finished (out of order). clSeqNr=1221
17:41:17.916 INF Request finished (out of order). clSeqNr=1237
17:41:17.916 INF Request finished (out of order). clSeqNr=1253
17:41:17.916 INF Request finished (out of order). clSeqNr=1269
17:41:17.917 INF Request finished (out of order). clSeqNr=1126
17:41:17.918 INF Request finished (out of order). clSeqNr=1142
17:41:17.918 INF Request finished (out of order). clSeqNr=1158
17:41:17.918 INF Request finished (out of order). clSeqNr=1174
17:41:17.919 INF Request finished (out of order). clSeqNr=1190
17:41:17.919 INF Request finished (out of order). clSeqNr=1206
17:41:17.919 INF Request finished (out of order). clSeqNr=1222
17:41:17.935 INF Request finished (out of order). clSeqNr=1238
17:41:17.935 INF Request finished (out of order). clSeqNr=1254
17:41:17.935 INF Request finished (out of order). clSeqNr=1270
17:41:17.936 INF Request finished (out of order). clSeqNr=1127
17:41:17.936 INF Request finished (out of order). clSeqNr=1143
17:41:17.936 INF Request finished (out of order). clSeqNr=1159
17:41:17.936 INF Request finished (out of order). clSeqNr=1175
17:41:17.936 INF Request finished (out of order). clSeqNr=1191
17:41:17.936 INF Request finished (out of order). clSeqNr=1207
17:41:17.936 INF Request finished (out of order). clSeqNr=1223
17:41:17.936 INF Request finished (out of order). clSeqNr=1239
17:41:17.936 INF Request finished (out of order). clSeqNr=1255
17:41:17.936 INF Request finished (out of order). clSeqNr=1271
17:41:17.936 INF Request finished (out of order). clSeqNr=1128
17:41:17.936 INF Request finished (out of order). clSeqNr=1144
17:41:17.936 INF Request finished (out of order). clSeqNr=1160
17:41:17.936 INF Request finished (out of order). clSeqNr=1176
17:41:17.936 INF Request finished (out of order). clSeqNr=1192
17:41:17.936 INF Request finished (out of order). clSeqNr=1208
17:41:17.936 INF Request finished (out of order). clSeqNr=1224
17:41:17.936 INF Request finished (out of order). clSeqNr=1240
17:41:17.936 INF Request finished (out of order). clSeqNr=1256
17:41:17.936 INF Request finished (out of order). clSeqNr=1272
17:41:17.936 INF Request finished (out of order). clSeqNr=1129
17:41:17.936 INF Request finished (out of order). clSeqNr=1145
17:41:17.936 INF Request finished (out of order). clSeqNr=1161
17:41:17.936 INF Request finished (out of order). clSeqNr=1177
17:41:17.936 INF Request finished (out of order). clSeqNr=1193
17:41:17.936 INF Request finished (out of order). clSeqNr=1209
17:41:17.936 INF Request finished (out of order). clSeqNr=1225
17:41:17.936 INF Request finished (out of order). clSeqNr=1241
17:41:17.936 INF Request finished (out of order). clSeqNr=1257
17:41:17.936 INF Request finished (out of order). clSeqNr=1273
17:41:17.936 INF Request finished (out of order). clSeqNr=1130
17:41:17.936 INF Request finished (out of order). clSeqNr=1146
17:41:17.936 INF Request finished (out of order). clSeqNr=1162
17:41:17.936 INF Request finished (out of order). clSeqNr=1178
17:41:17.936 INF Request finished (out of order). clSeqNr=1194
17:41:17.936 INF Request finished (out of order). clSeqNr=1210
17:41:17.936 INF Request finished (out of order). clSeqNr=1226
17:41:17.936 INF Request finished (out of order). clSeqNr=1242
17:41:17.937 INF Request finished (out of order). clSeqNr=1258
17:41:17.937 INF Request finished (out of order). clSeqNr=1274
17:41:17.938 INF Request finished (out of order). clSeqNr=1131
17:41:17.938 INF Request finished (out of order). clSeqNr=1147
17:41:17.938 INF Request finished (out of order). clSeqNr=1163
17:41:17.939 INF Request finished (out of order). clSeqNr=1179
17:41:17.939 INF Request finished (out of order). clSeqNr=1195
17:41:17.939 INF Request finished (out of order). clSeqNr=1211
17:41:17.940 INF Request finished (out of order). clSeqNr=1227
17:41:17.940 INF Request finished (out of order). clSeqNr=1243
17:41:17.940 INF Request finished (out of order). clSeqNr=1259
17:41:17.941 INF Request finished (out of order). clSeqNr=1275
17:41:17.942 INF Request finished (out of order). clSeqNr=1132
17:41:17.942 INF Request finished (out of order). clSeqNr=1148
17:41:17.943 INF Request finished (out of order). clSeqNr=1164
17:41:17.943 INF Request finished (out of order). clSeqNr=1180
17:41:17.943 INF Request finished (out of order). clSeqNr=1196
17:41:17.944 INF Request finished (out of order). clSeqNr=1212
17:41:17.944 INF Request finished (out of order). clSeqNr=1228
17:41:17.945 INF Request finished (out of order). clSeqNr=1244
17:41:17.945 INF Request finished (out of order). clSeqNr=1260
17:41:17.945 INF Request finished (out of order). clSeqNr=1276
17:41:17.947 INF Request finished (out of order). clSeqNr=1133
17:41:17.947 INF Request finished (out of order). clSeqNr=1149
17:41:17.947 INF Request finished (out of order). clSeqNr=1165
17:41:17.948 INF Request finished (out of order). clSeqNr=1181
17:41:17.948 INF Request finished (out of order). clSeqNr=1197
17:41:17.948 INF Request finished (out of order). clSeqNr=1213
17:41:17.949 INF Request finished (out of order). clSeqNr=1229
17:41:17.949 INF Request finished (out of order). clSeqNr=1245
17:41:17.949 INF Request finished (out of order). clSeqNr=1261
17:41:17.950 INF Request finished (out of order). clSeqNr=1294
17:41:17.952 INF Request finished (out of order). clSeqNr=1150
17:41:17.952 INF Request finished (out of order). clSeqNr=1166
17:41:17.952 INF Request finished (out of order). clSeqNr=1182
17:41:17.953 INF Request finished (out of order). clSeqNr=1198
17:41:17.953 INF Request finished (out of order). clSeqNr=1214
17:41:17.953 INF Request finished (out of order). clSeqNr=1230
17:41:17.954 INF Request finished (out of order). clSeqNr=1246
17:41:17.954 INF Request finished (out of order). clSeqNr=1262
17:41:17.954 INF Request finished (out of order). clSeqNr=1278
17:41:17.954 INF Request finished (out of order). clSeqNr=1295
17:41:17.956 INF Request finished (out of order). clSeqNr=1151
17:41:17.956 INF Request finished (out of order). clSeqNr=1167
17:41:17.957 INF Request finished (out of order). clSeqNr=1183
17:41:17.957 INF Request finished (out of order). clSeqNr=1199
17:41:17.957 INF Request finished (out of order). clSeqNr=1215
17:41:17.958 INF Request finished (out of order). clSeqNr=1231
17:41:17.958 INF Request finished (out of order). clSeqNr=1247
17:41:17.958 INF Request finished (out of order). clSeqNr=1263
17:41:17.959 INF Request finished (out of order). clSeqNr=1279
17:41:17.959 INF Request finished (out of order). clSeqNr=1296
17:41:17.960 INF Request finished (out of order). clSeqNr=1152
17:41:17.960 INF Request finished (out of order). clSeqNr=1168
17:41:17.961 INF Request finished (out of order). clSeqNr=1184
17:41:17.961 INF Request finished (out of order). clSeqNr=1200
17:41:17.961 INF Request finished (out of order). clSeqNr=1216
17:41:17.962 INF Request finished (out of order). clSeqNr=1232
17:41:17.962 INF Request finished (out of order). clSeqNr=1248
17:41:17.962 INF Request finished (out of order). clSeqNr=1264
17:41:17.963 INF Request finished (out of order). clSeqNr=1280
17:41:17.963 INF Request finished (out of order). clSeqNr=1297
17:41:17.965 INF Request finished (out of order). clSeqNr=1153
17:41:17.965 INF Request finished (out of order). clSeqNr=1169
17:41:17.965 INF Request finished (out of order). clSeqNr=1185
17:41:17.965 INF Request finished (out of order). clSeqNr=1201
17:41:17.966 INF Request finished (out of order). clSeqNr=1217
17:41:17.966 INF Request finished (out of order). clSeqNr=1233
17:41:17.966 INF Request finished (out of order). clSeqNr=1249
17:41:17.967 INF Request finished (out of order). clSeqNr=1265
17:41:17.967 INF Request finished (out of order). clSeqNr=1281
17:41:17.967 INF Request finished (out of order). clSeqNr=514
17:41:17.967 INF Request delivered (in order). clSeqNr=514
17:41:17.967 INF Request delivered (in order). clSeqNr=515
17:41:17.967 INF Request delivered (in order). clSeqNr=516
17:41:17.967 INF Request delivered (in order). clSeqNr=517
17:41:17.967 INF Request delivered (in order). clSeqNr=518
17:41:17.967 INF Request delivered (in order). clSeqNr=519
17:41:17.967 INF Request delivered (in order). clSeqNr=520
17:41:17.967 INF Request delivered (in order). clSeqNr=521
17:41:17.967 INF Request delivered (in order). clSeqNr=522
17:41:17.967 INF Request delivered (in order). clSeqNr=523
17:41:17.967 INF Request delivered (in order). clSeqNr=524
17:41:17.967 INF Request delivered (in order). clSeqNr=525
17:41:17.967 INF Request delivered (in order). clSeqNr=526
17:41:17.967 INF Request delivered (in order). clSeqNr=527
17:41:17.967 INF Request delivered (in order). clSeqNr=528
17:41:17.967 INF Request delivered (in order). clSeqNr=529
17:41:17.967 INF Request finished (out of order). clSeqNr=530
17:41:17.968 INF Request delivered (in order). clSeqNr=530
17:41:17.968 INF Request delivered (in order). clSeqNr=531
17:41:17.968 INF Request delivered (in order). clSeqNr=532
17:41:17.968 INF Request delivered (in order). clSeqNr=533
17:41:17.968 INF Request delivered (in order). clSeqNr=534
17:41:17.968 INF Request delivered (in order). clSeqNr=535
17:41:17.968 INF Request delivered (in order). clSeqNr=536
17:41:17.968 INF Request delivered (in order). clSeqNr=537
17:41:17.968 INF Request delivered (in order). clSeqNr=538
17:41:17.968 INF Request delivered (in order). clSeqNr=539
17:41:17.968 INF Request delivered (in order). clSeqNr=540
17:41:17.968 INF Request delivered (in order). clSeqNr=541
17:41:17.968 INF Request delivered (in order). clSeqNr=542
17:41:17.968 INF Request delivered (in order). clSeqNr=543
17:41:17.968 INF Request delivered (in order). clSeqNr=544
17:41:17.968 INF Request delivered (in order). clSeqNr=545
17:41:17.968 INF Request finished (out of order). clSeqNr=546
17:41:17.968 INF Request delivered (in order). clSeqNr=546
17:41:17.968 INF Request delivered (in order). clSeqNr=547
17:41:17.968 INF Request delivered (in order). clSeqNr=548
17:41:17.968 INF Request delivered (in order). clSeqNr=549
17:41:17.968 INF Request delivered (in order). clSeqNr=550
17:41:17.968 INF Request delivered (in order). clSeqNr=551
17:41:17.968 INF Request delivered (in order). clSeqNr=552
17:41:17.968 INF Request delivered (in order). clSeqNr=553
17:41:17.968 INF Request delivered (in order). clSeqNr=554
17:41:17.968 INF Request delivered (in order). clSeqNr=555
17:41:17.968 INF Request delivered (in order). clSeqNr=556
17:41:17.968 INF Request delivered (in order). clSeqNr=557
17:41:17.968 INF Request delivered (in order). clSeqNr=558
17:41:17.968 INF Request delivered (in order). clSeqNr=559
17:41:17.968 INF Request delivered (in order). clSeqNr=560
17:41:17.968 INF Request delivered (in order). clSeqNr=561
17:41:17.968 INF Request finished (out of order). clSeqNr=562
17:41:17.968 INF Request delivered (in order). clSeqNr=562
17:41:17.968 INF Request delivered (in order). clSeqNr=563
17:41:17.968 INF Request delivered (in order). clSeqNr=564
17:41:17.968 INF Request delivered (in order). clSeqNr=565
17:41:17.968 INF Request delivered (in order). clSeqNr=566
17:41:17.968 INF Request delivered (in order). clSeqNr=567
17:41:17.968 INF Request delivered (in order). clSeqNr=568
17:41:17.968 INF Request delivered (in order). clSeqNr=569
17:41:17.968 INF Request delivered (in order). clSeqNr=570
17:41:17.968 INF Request delivered (in order). clSeqNr=571
17:41:17.968 INF Request delivered (in order). clSeqNr=572
17:41:17.968 INF Request delivered (in order). clSeqNr=573
17:41:17.969 INF Request delivered (in order). clSeqNr=574
17:41:17.969 INF Request delivered (in order). clSeqNr=575
17:41:17.969 INF Request delivered (in order). clSeqNr=576
17:41:17.969 INF Request delivered (in order). clSeqNr=577
17:41:17.969 INF Request finished (out of order). clSeqNr=578
17:41:17.969 INF Request delivered (in order). clSeqNr=578
17:41:17.969 INF Request delivered (in order). clSeqNr=579
17:41:17.969 INF Request delivered (in order). clSeqNr=580
17:41:17.969 INF Request delivered (in order). clSeqNr=581
17:41:17.969 INF Request delivered (in order). clSeqNr=582
17:41:17.969 INF Request delivered (in order). clSeqNr=583
17:41:17.969 INF Request delivered (in order). clSeqNr=584
17:41:17.969 INF Request delivered (in order). clSeqNr=585
17:41:17.969 INF Request delivered (in order). clSeqNr=586
17:41:17.969 INF Request delivered (in order). clSeqNr=587
17:41:17.969 INF Request delivered (in order). clSeqNr=588
17:41:17.969 INF Request delivered (in order). clSeqNr=589
17:41:17.969 INF Request delivered (in order). clSeqNr=590
17:41:17.969 INF Request delivered (in order). clSeqNr=591
17:41:17.969 INF Request delivered (in order). clSeqNr=592
17:41:17.969 INF Request delivered (in order). clSeqNr=593
17:41:17.969 INF Request finished (out of order). clSeqNr=594
17:41:17.969 INF Request delivered (in order). clSeqNr=594
17:41:17.969 INF Request delivered (in order). clSeqNr=595
17:41:17.969 INF Request delivered (in order). clSeqNr=596
17:41:17.969 INF Request delivered (in order). clSeqNr=597
17:41:17.969 INF Request delivered (in order). clSeqNr=598
17:41:17.969 INF Request delivered (in order). clSeqNr=599
17:41:17.969 INF Request delivered (in order). clSeqNr=600
17:41:17.969 INF Request delivered (in order). clSeqNr=601
17:41:17.969 INF Request delivered (in order). clSeqNr=602
17:41:17.969 INF Request delivered (in order). clSeqNr=603
17:41:17.969 INF Request delivered (in order). clSeqNr=604
17:41:17.969 INF Request delivered (in order). clSeqNr=605
17:41:17.969 INF Request delivered (in order). clSeqNr=606
17:41:17.969 INF Request delivered (in order). clSeqNr=607
17:41:17.969 INF Request delivered (in order). clSeqNr=608
17:41:17.969 INF Request delivered (in order). clSeqNr=609
17:41:17.969 INF Request finished (out of order). clSeqNr=610
17:41:17.969 INF Request delivered (in order). clSeqNr=610
17:41:17.969 INF Request delivered (in order). clSeqNr=611
17:41:17.969 INF Request delivered (in order). clSeqNr=612
17:41:17.969 INF Request delivered (in order). clSeqNr=613
17:41:17.969 INF Request delivered (in order). clSeqNr=614
17:41:17.969 INF Request delivered (in order). clSeqNr=615
17:41:17.970 INF Request delivered (in order). clSeqNr=616
17:41:17.970 INF Request delivered (in order). clSeqNr=617
17:41:17.970 INF Request delivered (in order). clSeqNr=618
17:41:17.970 INF Request delivered (in order). clSeqNr=619
17:41:17.970 INF Request delivered (in order). clSeqNr=620
17:41:17.970 INF Request delivered (in order). clSeqNr=621
17:41:17.970 INF Request delivered (in order). clSeqNr=622
17:41:17.970 INF Request delivered (in order). clSeqNr=623
17:41:17.970 INF Request delivered (in order). clSeqNr=624
17:41:17.970 INF Request delivered (in order). clSeqNr=625
17:41:17.970 INF Request finished (out of order). clSeqNr=626
17:41:17.970 INF Request delivered (in order). clSeqNr=626
17:41:17.970 INF Request delivered (in order). clSeqNr=627
17:41:17.970 INF Request delivered (in order). clSeqNr=628
17:41:17.970 INF Request delivered (in order). clSeqNr=629
17:41:17.970 INF Request delivered (in order). clSeqNr=630
17:41:17.970 INF Request delivered (in order). clSeqNr=631
17:41:17.970 INF Request delivered (in order). clSeqNr=632
17:41:17.970 INF Request delivered (in order). clSeqNr=633
17:41:17.970 INF Request delivered (in order). clSeqNr=634
17:41:17.970 INF Request delivered (in order). clSeqNr=635
17:41:17.970 INF Request delivered (in order). clSeqNr=636
17:41:17.970 INF Request delivered (in order). clSeqNr=637
17:41:17.970 INF Request delivered (in order). clSeqNr=638
17:41:17.970 INF Request delivered (in order). clSeqNr=639
17:41:17.970 INF Request delivered (in order). clSeqNr=640
17:41:17.970 INF Request delivered (in order). clSeqNr=641
17:41:17.971 INF Request finished (out of order). clSeqNr=1283
17:41:17.972 INF Request finished (out of order). clSeqNr=1299
17:41:17.972 INF Request finished (out of order). clSeqNr=1315
17:41:17.972 INF Request finished (out of order). clSeqNr=1331
17:41:17.973 INF Request finished (out of order). clSeqNr=1347
17:41:17.973 INF Request finished (out of order). clSeqNr=1363
17:41:17.973 INF Request finished (out of order). clSeqNr=1379
17:41:17.975 INF Request finished (out of order). clSeqNr=1284
17:41:17.976 INF Request finished (out of order). clSeqNr=1300
17:41:17.976 INF Request finished (out of order). clSeqNr=1316
17:41:17.976 INF Request finished (out of order). clSeqNr=1332
17:41:17.976 INF Request finished (out of order). clSeqNr=1348
17:41:17.977 INF Request finished (out of order). clSeqNr=1364
17:41:17.977 INF Request finished (out of order). clSeqNr=1380
17:41:17.979 INF Request finished (out of order). clSeqNr=1285
17:41:17.979 INF Request finished (out of order). clSeqNr=1301
17:41:17.980 INF Request finished (out of order). clSeqNr=1317
17:41:18.013 INF Request finished (out of order). clSeqNr=1333
17:41:18.013 INF Request finished (out of order). clSeqNr=1349
17:41:18.013 INF Request finished (out of order). clSeqNr=1365
17:41:18.013 INF Request finished (out of order). clSeqNr=1381
17:41:18.058 INF Request finished (out of order). clSeqNr=1286
17:41:18.058 INF Request finished (out of order). clSeqNr=1302
17:41:18.071 INF Request finished (out of order). clSeqNr=1318
17:41:18.071 INF Request finished (out of order). clSeqNr=1334
17:41:18.071 INF Request finished (out of order). clSeqNr=1350
17:41:18.071 INF Request finished (out of order). clSeqNr=1366
17:41:18.071 INF Request finished (out of order). clSeqNr=1287
17:41:18.071 INF Request finished (out of order). clSeqNr=1303
17:41:18.071 INF Request finished (out of order). clSeqNr=1319
17:41:18.071 INF Request finished (out of order). clSeqNr=1335
17:41:18.084 INF Request finished (out of order). clSeqNr=1351
17:41:18.132 INF Request finished (out of order). clSeqNr=1367
17:41:18.132 INF Request finished (out of order). clSeqNr=1288
17:41:18.132 INF Request finished (out of order). clSeqNr=1304
17:41:18.132 INF Request finished (out of order). clSeqNr=1320
17:41:18.132 INF Request finished (out of order). clSeqNr=1336
17:41:18.132 INF Request finished (out of order). clSeqNr=1352
17:41:18.132 INF Request finished (out of order). clSeqNr=1368
17:41:18.132 INF Request finished (out of order). clSeqNr=1289
17:41:18.132 INF Request finished (out of order). clSeqNr=1305
17:41:18.132 INF Request finished (out of order). clSeqNr=1321
17:41:18.132 INF Request finished (out of order). clSeqNr=1337
17:41:18.132 INF Request finished (out of order). clSeqNr=1353
17:41:18.132 INF Request finished (out of order). clSeqNr=1369
17:41:18.132 INF Request finished (out of order). clSeqNr=1290
17:41:18.132 INF Request finished (out of order). clSeqNr=1306
17:41:18.132 INF Request finished (out of order). clSeqNr=1322
17:41:18.132 INF Request finished (out of order). clSeqNr=1338
17:41:18.132 INF Request finished (out of order). clSeqNr=1354
17:41:18.133 INF Request finished (out of order). clSeqNr=1370
17:41:18.133 INF Request finished (out of order). clSeqNr=1291
17:41:18.133 INF Request finished (out of order). clSeqNr=1307
17:41:18.133 INF Request finished (out of order). clSeqNr=1323
17:41:18.133 INF Request finished (out of order). clSeqNr=1339
17:41:18.133 INF Request finished (out of order). clSeqNr=1355
17:41:18.133 INF Request finished (out of order). clSeqNr=1371
17:41:18.133 INF Request finished (out of order). clSeqNr=1292
17:41:18.133 INF Request finished (out of order). clSeqNr=1308
17:41:18.133 INF Request finished (out of order). clSeqNr=1324
17:41:18.133 INF Request finished (out of order). clSeqNr=1340
17:41:18.133 INF Request finished (out of order). clSeqNr=1356
17:41:18.133 INF Request finished (out of order). clSeqNr=1372
17:41:18.133 INF Request finished (out of order). clSeqNr=1293
17:41:18.133 INF Request finished (out of order). clSeqNr=1309
17:41:18.133 INF Request finished (out of order). clSeqNr=1325
17:41:18.133 INF Request finished (out of order). clSeqNr=1341
17:41:18.133 INF Request finished (out of order). clSeqNr=1357
17:41:18.133 INF Request finished (out of order). clSeqNr=1373
17:41:18.133 INF Request finished (out of order). clSeqNr=1277
17:41:18.133 INF Request finished (out of order). clSeqNr=1310
17:41:18.133 INF Request finished (out of order). clSeqNr=1326
17:41:18.133 INF Request finished (out of order). clSeqNr=1342
17:41:18.133 INF Request finished (out of order). clSeqNr=1358
17:41:18.133 INF Request finished (out of order). clSeqNr=1374
17:41:18.133 INF Request finished (out of order). clSeqNr=1311
17:41:18.133 INF Request finished (out of order). clSeqNr=1327
17:41:18.133 INF Request finished (out of order). clSeqNr=1343
17:41:18.133 INF Request finished (out of order). clSeqNr=1359
17:41:18.133 INF Request finished (out of order). clSeqNr=1375
17:41:18.133 INF Request finished (out of order). clSeqNr=1391
17:41:18.133 INF Request finished (out of order). clSeqNr=1312
17:41:18.133 INF Request finished (out of order). clSeqNr=1328
17:41:18.133 INF Request finished (out of order). clSeqNr=1344
17:41:18.133 INF Request finished (out of order). clSeqNr=1360
17:41:18.133 INF Request finished (out of order). clSeqNr=1376
17:41:18.133 INF Request finished (out of order). clSeqNr=1392
17:41:18.133 INF Request finished (out of order). clSeqNr=1313
17:41:18.133 INF Request finished (out of order). clSeqNr=1329
17:41:18.133 INF Request finished (out of order). clSeqNr=1345
17:41:18.133 INF Request finished (out of order). clSeqNr=1361
17:41:18.133 INF Request finished (out of order). clSeqNr=1377
17:41:18.133 INF Request finished (out of order). clSeqNr=1393
17:41:22.913 INF Request finished (out of order). clSeqNr=1395
17:41:22.914 INF Request finished (out of order). clSeqNr=1411
17:41:22.914 INF Request finished (out of order). clSeqNr=1427
17:41:22.914 INF Request finished (out of order). clSeqNr=1443
17:41:22.914 INF Request finished (out of order). clSeqNr=1459
17:41:22.914 INF Request finished (out of order). clSeqNr=1475
17:41:22.914 INF Request finished (out of order). clSeqNr=1491
17:41:22.914 INF Request finished (out of order). clSeqNr=1507
17:41:22.914 INF Request finished (out of order). clSeqNr=1523
17:41:22.914 INF Request finished (out of order). clSeqNr=1396
17:41:22.914 INF Request finished (out of order). clSeqNr=1412
17:41:22.914 INF Request finished (out of order). clSeqNr=1428
17:41:22.914 INF Request finished (out of order). clSeqNr=1444
17:41:22.914 INF Request finished (out of order). clSeqNr=1460
17:41:22.914 INF Request finished (out of order). clSeqNr=1476
17:41:22.914 INF Request finished (out of order). clSeqNr=1492
17:41:22.915 INF Request finished (out of order). clSeqNr=1508
17:41:22.915 INF Request finished (out of order). clSeqNr=1524
17:41:22.916 INF Request finished (out of order). clSeqNr=1397
17:41:22.916 INF Request finished (out of order). clSeqNr=1413
17:41:22.916 INF Request finished (out of order). clSeqNr=1429
17:41:22.916 INF Request finished (out of order). clSeqNr=1445
17:41:22.917 INF Request finished (out of order). clSeqNr=1461
17:41:22.917 INF Request finished (out of order). clSeqNr=1477
17:41:22.917 INF Request finished (out of order). clSeqNr=1493
17:41:22.917 INF Request finished (out of order). clSeqNr=1509
17:41:22.917 INF Request finished (out of order). clSeqNr=1525
17:41:22.921 INF Request finished (out of order). clSeqNr=1382
17:41:22.921 INF Request finished (out of order). clSeqNr=1398
17:41:22.921 INF Request finished (out of order). clSeqNr=1414
17:41:22.921 INF Request finished (out of order). clSeqNr=1430
17:41:22.921 INF Request finished (out of order). clSeqNr=1446
17:41:22.921 INF Request finished (out of order). clSeqNr=1462
17:41:22.921 INF Request finished (out of order). clSeqNr=1478
17:41:22.921 INF Request finished (out of order). clSeqNr=1494
17:41:22.921 INF Request finished (out of order). clSeqNr=1510
17:41:22.921 INF Request finished (out of order). clSeqNr=1526
17:41:22.922 INF Request finished (out of order). clSeqNr=1383
17:41:22.922 INF Request finished (out of order). clSeqNr=1399
17:41:22.922 INF Request finished (out of order). clSeqNr=1415
17:41:22.922 INF Request finished (out of order). clSeqNr=1431
17:41:22.922 INF Request finished (out of order). clSeqNr=1447
17:41:22.943 INF Request finished (out of order). clSeqNr=1463
17:41:22.943 INF Request finished (out of order). clSeqNr=1479
17:41:22.943 INF Request finished (out of order). clSeqNr=1495
17:41:22.943 INF Request finished (out of order). clSeqNr=1511
17:41:22.943 INF Request finished (out of order). clSeqNr=1527
17:41:22.945 INF Request finished (out of order). clSeqNr=1384
17:41:22.945 INF Request finished (out of order). clSeqNr=1400
17:41:22.945 INF Request finished (out of order). clSeqNr=1416
17:41:22.945 INF Request finished (out of order). clSeqNr=1432
17:41:22.945 INF Request finished (out of order). clSeqNr=1448
17:41:23.039 INF Request finished (out of order). clSeqNr=1464
17:41:23.039 INF Request finished (out of order). clSeqNr=1480
17:41:23.039 INF Request finished (out of order). clSeqNr=1496
17:41:23.039 INF Request finished (out of order). clSeqNr=1512
17:41:23.039 INF Request finished (out of order). clSeqNr=1385
17:41:23.039 INF Request finished (out of order). clSeqNr=1401
17:41:23.039 INF Request finished (out of order). clSeqNr=1417
17:41:23.039 INF Request finished (out of order). clSeqNr=1433
17:41:23.039 INF Request finished (out of order). clSeqNr=1449
17:41:23.039 INF Request finished (out of order). clSeqNr=1465
17:41:23.039 INF Request finished (out of order). clSeqNr=1481
17:41:23.039 INF Request finished (out of order). clSeqNr=1497
17:41:23.039 INF Request finished (out of order). clSeqNr=1513
17:41:23.039 INF Request finished (out of order). clSeqNr=1529
17:41:23.039 INF Request finished (out of order). clSeqNr=1386
17:41:23.039 INF Request finished (out of order). clSeqNr=1402
17:41:23.039 INF Request finished (out of order). clSeqNr=1418
17:41:23.039 INF Request finished (out of order). clSeqNr=1434
17:41:23.039 INF Request finished (out of order). clSeqNr=1450
17:41:23.039 INF Request finished (out of order). clSeqNr=1466
17:41:23.039 INF Request finished (out of order). clSeqNr=1482
17:41:23.039 INF Request finished (out of order). clSeqNr=1498
17:41:23.039 INF Request finished (out of order). clSeqNr=1514
17:41:23.039 INF Request finished (out of order). clSeqNr=1530
17:41:23.039 INF Request finished (out of order). clSeqNr=1387
17:41:23.039 INF Request finished (out of order). clSeqNr=1403
17:41:23.039 INF Request finished (out of order). clSeqNr=1419
17:41:23.039 INF Request finished (out of order). clSeqNr=1435
17:41:23.039 INF Request finished (out of order). clSeqNr=1451
17:41:23.039 INF Request finished (out of order). clSeqNr=1467
17:41:23.039 INF Request finished (out of order). clSeqNr=1483
17:41:23.039 INF Request finished (out of order). clSeqNr=1499
17:41:23.039 INF Request finished (out of order). clSeqNr=1515
17:41:23.039 INF Request finished (out of order). clSeqNr=1531
17:41:23.039 INF Request finished (out of order). clSeqNr=1388
17:41:23.039 INF Request finished (out of order). clSeqNr=1404
17:41:23.039 INF Request finished (out of order). clSeqNr=1420
17:41:23.039 INF Request finished (out of order). clSeqNr=1436
17:41:23.039 INF Request finished (out of order). clSeqNr=1452
17:41:23.039 INF Request finished (out of order). clSeqNr=1468
17:41:23.039 INF Request finished (out of order). clSeqNr=1484
17:41:23.039 INF Request finished (out of order). clSeqNr=1500
17:41:23.039 INF Request finished (out of order). clSeqNr=1516
17:41:23.039 INF Request finished (out of order). clSeqNr=1532
17:41:23.039 INF Request finished (out of order). clSeqNr=1389
17:41:23.039 INF Request finished (out of order). clSeqNr=1405
17:41:23.039 INF Request finished (out of order). clSeqNr=1421
17:41:23.039 INF Request finished (out of order). clSeqNr=1437
17:41:23.039 INF Request finished (out of order). clSeqNr=1453
17:41:23.039 INF Request finished (out of order). clSeqNr=1469
17:41:23.039 INF Request finished (out of order). clSeqNr=1485
17:41:23.039 INF Request finished (out of order). clSeqNr=1501
17:41:23.039 INF Request finished (out of order). clSeqNr=1517
17:41:23.039 INF Request finished (out of order). clSeqNr=1550
17:41:23.039 INF Request finished (out of order). clSeqNr=1390
17:41:23.039 INF Request finished (out of order). clSeqNr=1406
17:41:23.039 INF Request finished (out of order). clSeqNr=1422
17:41:23.039 INF Request finished (out of order). clSeqNr=1438
17:41:23.039 INF Request finished (out of order). clSeqNr=1454
17:41:23.039 INF Request finished (out of order). clSeqNr=1470
17:41:23.039 INF Request finished (out of order). clSeqNr=1486
17:41:23.039 INF Request finished (out of order). clSeqNr=1502
17:41:23.039 INF Request finished (out of order). clSeqNr=1518
17:41:23.039 INF Request finished (out of order). clSeqNr=1534
17:41:23.039 INF Request finished (out of order). clSeqNr=1551
17:41:23.039 INF Request finished (out of order). clSeqNr=1407
17:41:23.039 INF Request finished (out of order). clSeqNr=1423
17:41:23.039 INF Request finished (out of order). clSeqNr=1439
17:41:23.039 INF Request finished (out of order). clSeqNr=1455
17:41:23.039 INF Request finished (out of order). clSeqNr=1471
17:41:23.039 INF Request finished (out of order). clSeqNr=1487
17:41:23.040 INF Request finished (out of order). clSeqNr=1503
17:41:23.040 INF Request finished (out of order). clSeqNr=1519
17:41:23.040 INF Request finished (out of order). clSeqNr=1535
17:41:23.040 INF Request finished (out of order). clSeqNr=1552
17:41:23.043 INF Request finished (out of order). clSeqNr=1408
17:41:23.043 INF Request finished (out of order). clSeqNr=1424
17:41:23.043 INF Request finished (out of order). clSeqNr=1440
17:41:23.043 INF Request finished (out of order). clSeqNr=1456
17:41:23.043 INF Request finished (out of order). clSeqNr=1472
17:41:23.043 INF Request finished (out of order). clSeqNr=1488
17:41:23.043 INF Request finished (out of order). clSeqNr=1504
17:41:23.043 INF Request finished (out of order). clSeqNr=1520
17:41:23.043 INF Request finished (out of order). clSeqNr=1536
17:41:23.043 INF Request finished (out of order). clSeqNr=1553
17:41:23.043 INF Request finished (out of order). clSeqNr=1409
17:41:23.043 INF Request finished (out of order). clSeqNr=1425
17:41:23.043 INF Request finished (out of order). clSeqNr=1441
17:41:23.043 INF Request finished (out of order). clSeqNr=1457
17:41:23.043 INF Request finished (out of order). clSeqNr=1473
17:41:23.043 INF Request finished (out of order). clSeqNr=1489
17:41:23.043 INF Request finished (out of order). clSeqNr=1505
17:41:23.043 INF Request finished (out of order). clSeqNr=1521
17:41:23.043 INF Request finished (out of order). clSeqNr=1537
17:41:23.043 INF Request finished (out of order). clSeqNr=642
17:41:23.043 INF Request delivered (in order). clSeqNr=642
17:41:23.043 INF Request delivered (in order). clSeqNr=643
17:41:23.043 INF Request delivered (in order). clSeqNr=644
17:41:23.043 INF Request delivered (in order). clSeqNr=645
17:41:23.043 INF Request delivered (in order). clSeqNr=646
17:41:23.043 INF Request delivered (in order). clSeqNr=647
17:41:23.043 INF Request delivered (in order). clSeqNr=648
17:41:23.043 INF Request delivered (in order). clSeqNr=649
17:41:23.043 INF Request delivered (in order). clSeqNr=650
17:41:23.043 INF Request delivered (in order). clSeqNr=651
17:41:23.043 INF Request delivered (in order). clSeqNr=652
17:41:23.043 INF Request delivered (in order). clSeqNr=653
17:41:23.043 INF Request delivered (in order). clSeqNr=654
17:41:23.043 INF Request delivered (in order). clSeqNr=655
17:41:23.043 INF Request delivered (in order). clSeqNr=656
17:41:23.043 INF Request delivered (in order). clSeqNr=657
17:41:23.043 INF Request finished (out of order). clSeqNr=658
17:41:23.043 INF Request delivered (in order). clSeqNr=658
17:41:23.043 INF Request delivered (in order). clSeqNr=659
17:41:23.043 INF Request delivered (in order). clSeqNr=660
17:41:23.043 INF Request delivered (in order). clSeqNr=661
17:41:23.043 INF Request delivered (in order). clSeqNr=662
17:41:23.043 INF Request delivered (in order). clSeqNr=663
17:41:23.043 INF Request delivered (in order). clSeqNr=664
17:41:23.043 INF Request delivered (in order). clSeqNr=665
17:41:23.043 INF Request delivered (in order). clSeqNr=666
17:41:23.043 INF Request delivered (in order). clSeqNr=667
17:41:23.043 INF Request delivered (in order). clSeqNr=668
17:41:23.043 INF Request delivered (in order). clSeqNr=669
17:41:23.043 INF Request delivered (in order). clSeqNr=670
17:41:23.043 INF Request delivered (in order). clSeqNr=671
17:41:23.043 INF Request delivered (in order). clSeqNr=672
17:41:23.043 INF Request delivered (in order). clSeqNr=673
17:41:23.044 INF Request finished (out of order). clSeqNr=674
17:41:23.044 INF Request delivered (in order). clSeqNr=674
17:41:23.044 INF Request delivered (in order). clSeqNr=675
17:41:23.044 INF Request delivered (in order). clSeqNr=676
17:41:23.044 INF Request delivered (in order). clSeqNr=677
17:41:23.044 INF Request delivered (in order). clSeqNr=678
17:41:23.044 INF Request delivered (in order). clSeqNr=679
17:41:23.044 INF Request delivered (in order). clSeqNr=680
17:41:23.044 INF Request delivered (in order). clSeqNr=681
17:41:23.044 INF Request delivered (in order). clSeqNr=682
17:41:23.044 INF Request delivered (in order). clSeqNr=683
17:41:23.044 INF Request delivered (in order). clSeqNr=684
17:41:23.044 INF Request delivered (in order). clSeqNr=685
17:41:23.044 INF Request delivered (in order). clSeqNr=686
17:41:23.044 INF Request delivered (in order). clSeqNr=687
17:41:23.044 INF Request delivered (in order). clSeqNr=688
17:41:23.044 INF Request delivered (in order). clSeqNr=689
17:41:23.044 INF Request finished (out of order). clSeqNr=690
17:41:23.044 INF Request delivered (in order). clSeqNr=690
17:41:23.044 INF Request delivered (in order). clSeqNr=691
17:41:23.044 INF Request delivered (in order). clSeqNr=692
17:41:23.044 INF Request delivered (in order). clSeqNr=693
17:41:23.044 INF Request delivered (in order). clSeqNr=694
17:41:23.044 INF Request delivered (in order). clSeqNr=695
17:41:23.044 INF Request delivered (in order). clSeqNr=696
17:41:23.044 INF Request delivered (in order). clSeqNr=697
17:41:23.044 INF Request delivered (in order). clSeqNr=698
17:41:23.044 INF Request delivered (in order). clSeqNr=699
17:41:23.044 INF Request delivered (in order). clSeqNr=700
17:41:23.044 INF Request delivered (in order). clSeqNr=701
17:41:23.044 INF Request delivered (in order). clSeqNr=702
17:41:23.044 INF Request delivered (in order). clSeqNr=703
17:41:23.044 INF Request delivered (in order). clSeqNr=704
17:41:23.044 INF Request delivered (in order). clSeqNr=705
17:41:23.044 INF Request finished (out of order). clSeqNr=706
17:41:23.044 INF Request delivered (in order). clSeqNr=706
17:41:23.044 INF Request delivered (in order). clSeqNr=707
17:41:23.044 INF Request delivered (in order). clSeqNr=708
17:41:23.044 INF Request delivered (in order). clSeqNr=709
17:41:23.044 INF Request delivered (in order). clSeqNr=710
17:41:23.044 INF Request delivered (in order). clSeqNr=711
17:41:23.044 INF Request delivered (in order). clSeqNr=712
17:41:23.044 INF Request delivered (in order). clSeqNr=713
17:41:23.044 INF Request delivered (in order). clSeqNr=714
17:41:23.044 INF Request delivered (in order). clSeqNr=715
17:41:23.044 INF Request delivered (in order). clSeqNr=716
17:41:23.044 INF Request delivered (in order). clSeqNr=717
17:41:23.044 INF Request delivered (in order). clSeqNr=718
17:41:23.044 INF Request delivered (in order). clSeqNr=719
17:41:23.044 INF Request delivered (in order). clSeqNr=720
17:41:23.044 INF Request delivered (in order). clSeqNr=721
17:41:23.044 INF Request finished (out of order). clSeqNr=722
17:41:23.044 INF Request delivered (in order). clSeqNr=722
17:41:23.044 INF Request delivered (in order). clSeqNr=723
17:41:23.044 INF Request delivered (in order). clSeqNr=724
17:41:23.044 INF Request delivered (in order). clSeqNr=725
17:41:23.044 INF Request delivered (in order). clSeqNr=726
17:41:23.044 INF Request delivered (in order). clSeqNr=727
17:41:23.044 INF Request delivered (in order). clSeqNr=728
17:41:23.044 INF Request delivered (in order). clSeqNr=729
17:41:23.044 INF Request delivered (in order). clSeqNr=730
17:41:23.044 INF Request delivered (in order). clSeqNr=731
17:41:23.044 INF Request delivered (in order). clSeqNr=732
17:41:23.044 INF Request delivered (in order). clSeqNr=733
17:41:23.044 INF Request delivered (in order). clSeqNr=734
17:41:23.044 INF Request delivered (in order). clSeqNr=735
17:41:23.044 INF Request delivered (in order). clSeqNr=736
17:41:23.044 INF Request delivered (in order). clSeqNr=737
17:41:23.044 INF Request finished (out of order). clSeqNr=738
17:41:23.044 INF Request delivered (in order). clSeqNr=738
17:41:23.044 INF Request delivered (in order). clSeqNr=739
17:41:23.044 INF Request delivered (in order). clSeqNr=740
17:41:23.044 INF Request delivered (in order). clSeqNr=741
17:41:23.044 INF Request delivered (in order). clSeqNr=742
17:41:23.044 INF Request delivered (in order). clSeqNr=743
17:41:23.044 INF Request delivered (in order). clSeqNr=744
17:41:23.044 INF Request delivered (in order). clSeqNr=745
17:41:23.044 INF Request delivered (in order). clSeqNr=746
17:41:23.044 INF Request delivered (in order). clSeqNr=747
17:41:23.044 INF Request delivered (in order). clSeqNr=748
17:41:23.044 INF Request delivered (in order). clSeqNr=749
17:41:23.044 INF Request delivered (in order). clSeqNr=750
17:41:23.044 INF Request delivered (in order). clSeqNr=751
17:41:23.044 INF Request delivered (in order). clSeqNr=752
17:41:23.044 INF Request delivered (in order). clSeqNr=753
17:41:23.044 INF Request finished (out of order). clSeqNr=754
17:41:23.044 INF Request delivered (in order). clSeqNr=754
17:41:23.044 INF Request delivered (in order). clSeqNr=755
17:41:23.044 INF Request delivered (in order). clSeqNr=756
17:41:23.044 INF Request delivered (in order). clSeqNr=757
17:41:23.044 INF Request delivered (in order). clSeqNr=758
17:41:23.044 INF Request delivered (in order). clSeqNr=759
17:41:23.044 INF Request delivered (in order). clSeqNr=760
17:41:23.045 INF Request delivered (in order). clSeqNr=761
17:41:23.045 INF Request delivered (in order). clSeqNr=762
17:41:23.045 INF Request delivered (in order). clSeqNr=763
17:41:23.045 INF Request delivered (in order). clSeqNr=764
17:41:23.045 INF Request delivered (in order). clSeqNr=765
17:41:23.045 INF Request delivered (in order). clSeqNr=766
17:41:23.045 INF Request delivered (in order). clSeqNr=767
17:41:23.045 INF Request delivered (in order). clSeqNr=768
17:41:23.045 INF Request delivered (in order). clSeqNr=769
17:41:23.045 INF Request finished (out of order). clSeqNr=1539
17:41:23.045 INF Request finished (out of order). clSeqNr=1555
17:41:23.045 INF Request finished (out of order). clSeqNr=1571
17:41:23.045 INF Request finished (out of order). clSeqNr=1587
17:41:23.045 INF Request finished (out of order). clSeqNr=1603
17:41:23.045 INF Request finished (out of order). clSeqNr=1619
17:41:23.045 INF Request finished (out of order). clSeqNr=1635
17:41:23.045 INF Request finished (out of order). clSeqNr=1540
17:41:23.045 INF Request finished (out of order). clSeqNr=1556
17:41:23.045 INF Request finished (out of order). clSeqNr=1572
17:41:23.045 INF Request finished (out of order). clSeqNr=1588
17:41:23.045 INF Request finished (out of order). clSeqNr=1604
17:41:23.045 INF Request finished (out of order). clSeqNr=1620
17:41:23.045 INF Request finished (out of order). clSeqNr=1636
17:41:23.045 INF Request finished (out of order). clSeqNr=1541
17:41:23.045 INF Request finished (out of order). clSeqNr=1557
17:41:23.045 INF Request finished (out of order). clSeqNr=1573
17:41:23.045 INF Request finished (out of order). clSeqNr=1589
17:41:23.045 INF Request finished (out of order). clSeqNr=1605
17:41:23.045 INF Request finished (out of order). clSeqNr=1621
17:41:23.045 INF Request finished (out of order). clSeqNr=1637
17:41:23.110 INF Request finished (out of order). clSeqNr=1542
17:41:23.111 INF Request finished (out of order). clSeqNr=1558
17:41:23.111 INF Request finished (out of order). clSeqNr=1574
17:41:23.112 INF Request finished (out of order). clSeqNr=1590
17:41:23.112 INF Request finished (out of order). clSeqNr=1606
17:41:23.112 INF Request finished (out of order). clSeqNr=1622
17:41:23.115 INF Request finished (out of order). clSeqNr=1543
17:41:23.115 INF Request finished (out of order). clSeqNr=1559
17:41:23.116 INF Request finished (out of order). clSeqNr=1575
17:41:23.116 INF Request finished (out of order). clSeqNr=1591
17:41:23.139 INF Request finished (out of order). clSeqNr=1607
17:41:23.154 INF Request finished (out of order). clSeqNr=1623
17:41:23.154 INF Request finished (out of order). clSeqNr=1544
17:41:23.154 INF Request finished (out of order). clSeqNr=1560
17:41:23.154 INF Request finished (out of order). clSeqNr=1576
17:41:23.154 INF Request finished (out of order). clSeqNr=1592
17:41:23.154 INF Request finished (out of order). clSeqNr=1608
17:41:23.154 INF Request finished (out of order). clSeqNr=1624
17:41:23.154 INF Request finished (out of order). clSeqNr=1528
17:41:23.154 INF Request finished (out of order). clSeqNr=1545
17:41:23.154 INF Request finished (out of order). clSeqNr=1561
17:41:23.159 INF Request finished (out of order). clSeqNr=1577
17:41:23.193 INF Request finished (out of order). clSeqNr=1593
17:41:23.193 INF Request finished (out of order). clSeqNr=1609
17:41:23.193 INF Request finished (out of order). clSeqNr=1625
17:41:23.194 INF Request finished (out of order). clSeqNr=1546
17:41:23.194 INF Request finished (out of order). clSeqNr=1562
17:41:23.194 INF Request finished (out of order). clSeqNr=1578
17:41:23.194 INF Request finished (out of order). clSeqNr=1594
17:41:23.194 INF Request finished (out of order). clSeqNr=1610
17:41:23.194 INF Request finished (out of order). clSeqNr=1626
17:41:23.194 INF Request finished (out of order). clSeqNr=1547
17:41:23.194 INF Request finished (out of order). clSeqNr=1563
17:41:23.194 INF Request finished (out of order). clSeqNr=1579
17:41:23.194 INF Request finished (out of order). clSeqNr=1595
17:41:23.194 INF Request finished (out of order). clSeqNr=1611
17:41:23.194 INF Request finished (out of order). clSeqNr=1627
17:41:23.194 INF Request finished (out of order). clSeqNr=1548
17:41:23.198 INF Request finished (out of order). clSeqNr=1564
17:41:23.198 INF Request finished (out of order). clSeqNr=1580
17:41:23.198 INF Request finished (out of order). clSeqNr=1596
17:41:23.198 INF Request finished (out of order). clSeqNr=1612
17:41:23.198 INF Request finished (out of order). clSeqNr=1628
17:41:23.198 INF Request finished (out of order). clSeqNr=1549
17:41:23.198 INF Request finished (out of order). clSeqNr=1565
17:41:23.198 INF Request finished (out of order). clSeqNr=1581
17:41:23.198 INF Request finished (out of order). clSeqNr=1597
17:41:23.198 INF Request finished (out of order). clSeqNr=1613
17:41:23.198 INF Request finished (out of order). clSeqNr=1629
17:41:23.198 INF Request finished (out of order). clSeqNr=1533
17:41:23.246 INF Request finished (out of order). clSeqNr=1566
17:41:23.246 INF Request finished (out of order). clSeqNr=1582
17:41:23.246 INF Request finished (out of order). clSeqNr=1598
17:41:23.247 INF Request finished (out of order). clSeqNr=1614
17:41:23.247 INF Request finished (out of order). clSeqNr=1630
17:41:23.247 INF Request finished (out of order). clSeqNr=1646
17:41:23.250 INF Request finished (out of order). clSeqNr=1567
17:41:23.250 INF Request finished (out of order). clSeqNr=1583
17:41:23.250 INF Request finished (out of order). clSeqNr=1599
17:41:23.251 INF Request finished (out of order). clSeqNr=1615
17:41:23.251 INF Request finished (out of order). clSeqNr=1631
17:41:23.251 INF Request finished (out of order). clSeqNr=1647
17:41:23.253 INF Request finished (out of order). clSeqNr=1568
17:41:23.254 INF Request finished (out of order). clSeqNr=1584
17:41:23.254 INF Request finished (out of order). clSeqNr=1600
17:41:23.254 INF Request finished (out of order). clSeqNr=1616
17:41:23.255 INF Request finished (out of order). clSeqNr=1632
17:41:23.255 INF Request finished (out of order). clSeqNr=1648
17:41:23.257 INF Request finished (out of order). clSeqNr=1569
17:41:23.257 INF Request finished (out of order). clSeqNr=1585
17:41:23.258 INF Request finished (out of order). clSeqNr=1601
17:41:23.258 INF Request finished (out of order). clSeqNr=1617
17:41:23.258 INF Request finished (out of order). clSeqNr=1633
17:41:23.258 INF Request finished (out of order). clSeqNr=1649
17:41:27.882 INF Request finished (out of order). clSeqNr=1651
17:41:27.882 INF Request finished (out of order). clSeqNr=1667
17:41:27.882 INF Request finished (out of order). clSeqNr=1683
17:41:27.882 INF Request finished (out of order). clSeqNr=1699
17:41:27.882 INF Request finished (out of order). clSeqNr=1715
17:41:27.882 INF Request finished (out of order). clSeqNr=1731
17:41:27.882 INF Request finished (out of order). clSeqNr=1747
17:41:27.882 INF Request finished (out of order). clSeqNr=1763
17:41:27.882 INF Request finished (out of order). clSeqNr=1779
17:41:27.882 INF Request finished (out of order). clSeqNr=1652
17:41:27.896 INF Request finished (out of order). clSeqNr=1668
17:41:27.913 INF Request finished (out of order). clSeqNr=1684
17:41:27.914 INF Request finished (out of order). clSeqNr=1700
17:41:27.915 INF Request finished (out of order). clSeqNr=1716
17:41:27.915 INF Request finished (out of order). clSeqNr=1732
17:41:27.915 INF Request finished (out of order). clSeqNr=1748
17:41:27.916 INF Request finished (out of order). clSeqNr=1764
17:41:27.916 INF Request finished (out of order). clSeqNr=1780
17:41:27.917 INF Request finished (out of order). clSeqNr=1653
17:41:27.918 INF Request finished (out of order). clSeqNr=1669
17:41:27.918 INF Request finished (out of order). clSeqNr=1685
17:41:27.919 INF Request finished (out of order). clSeqNr=1701
17:41:27.920 INF Request finished (out of order). clSeqNr=1717
17:41:27.920 INF Request finished (out of order). clSeqNr=1733
17:41:27.920 INF Request finished (out of order). clSeqNr=1749
17:41:27.996 INF Request finished (out of order). clSeqNr=1765
17:41:27.996 INF Request finished (out of order). clSeqNr=1781
17:41:27.996 INF Request finished (out of order). clSeqNr=1638
17:41:27.996 INF Request finished (out of order). clSeqNr=1654
17:41:27.996 INF Request finished (out of order). clSeqNr=1670
17:41:27.996 INF Request finished (out of order). clSeqNr=1686
17:41:27.996 INF Request finished (out of order). clSeqNr=1702
17:41:27.996 INF Request finished (out of order). clSeqNr=1718
17:41:27.996 INF Request finished (out of order). clSeqNr=1734
17:41:27.996 INF Request finished (out of order). clSeqNr=1750
17:41:27.996 INF Request finished (out of order). clSeqNr=1766
17:41:27.996 INF Request finished (out of order). clSeqNr=1782
17:41:27.996 INF Request finished (out of order). clSeqNr=1639
17:41:27.996 INF Request finished (out of order). clSeqNr=1655
17:41:27.996 INF Request finished (out of order). clSeqNr=1671
17:41:27.996 INF Request finished (out of order). clSeqNr=1687
17:41:27.996 INF Request finished (out of order). clSeqNr=1703
17:41:27.996 INF Request finished (out of order). clSeqNr=1719
17:41:27.996 INF Request finished (out of order). clSeqNr=1735
17:41:27.996 INF Request finished (out of order). clSeqNr=1751
17:41:27.996 INF Request finished (out of order). clSeqNr=1767
17:41:27.996 INF Request finished (out of order). clSeqNr=1783
17:41:27.997 INF Request finished (out of order). clSeqNr=1640
17:41:27.997 INF Request finished (out of order). clSeqNr=1656
17:41:27.997 INF Request finished (out of order). clSeqNr=1672
17:41:27.997 INF Request finished (out of order). clSeqNr=1688
17:41:27.997 INF Request finished (out of order). clSeqNr=1704
17:41:27.997 INF Request finished (out of order). clSeqNr=1720
17:41:27.997 INF Request finished (out of order). clSeqNr=1736
17:41:27.997 INF Request finished (out of order). clSeqNr=1752
17:41:27.997 INF Request finished (out of order). clSeqNr=1768
17:41:27.997 INF Request finished (out of order). clSeqNr=1641
17:41:27.997 INF Request finished (out of order). clSeqNr=1657
17:41:28.009 INF Request finished (out of order). clSeqNr=1673
17:41:28.009 INF Request finished (out of order). clSeqNr=1689
17:41:28.009 INF Request finished (out of order). clSeqNr=1705
17:41:28.009 INF Request finished (out of order). clSeqNr=1721
17:41:28.009 INF Request finished (out of order). clSeqNr=1737
17:41:28.009 INF Request finished (out of order). clSeqNr=1753
17:41:28.009 INF Request finished (out of order). clSeqNr=1769
17:41:28.009 INF Request finished (out of order). clSeqNr=1642
17:41:28.009 INF Request finished (out of order). clSeqNr=1658
17:41:28.009 INF Request finished (out of order). clSeqNr=1674
17:41:28.009 INF Request finished (out of order). clSeqNr=1690
17:41:28.009 INF Request finished (out of order). clSeqNr=1706
17:41:28.010 INF Request finished (out of order). clSeqNr=1722
17:41:28.010 INF Request finished (out of order). clSeqNr=1738
17:41:28.010 INF Request finished (out of order). clSeqNr=1754
17:41:28.010 INF Request finished (out of order). clSeqNr=1770
17:41:28.010 INF Request finished (out of order). clSeqNr=1643
17:41:28.010 INF Request finished (out of order). clSeqNr=1659
17:41:28.010 INF Request finished (out of order). clSeqNr=1675
17:41:28.010 INF Request finished (out of order). clSeqNr=1691
17:41:28.010 INF Request finished (out of order). clSeqNr=1707
17:41:28.010 INF Request finished (out of order). clSeqNr=1723
17:41:28.010 INF Request finished (out of order). clSeqNr=1739
17:41:28.010 INF Request finished (out of order). clSeqNr=1755
17:41:28.010 INF Request finished (out of order). clSeqNr=1771
17:41:28.010 INF Request finished (out of order). clSeqNr=1787
17:41:28.010 INF Request finished (out of order). clSeqNr=1644
17:41:28.010 INF Request finished (out of order). clSeqNr=1660
17:41:28.010 INF Request finished (out of order). clSeqNr=1676
17:41:28.010 INF Request finished (out of order). clSeqNr=1692
17:41:28.010 INF Request finished (out of order). clSeqNr=1708
17:41:28.010 INF Request finished (out of order). clSeqNr=1724
17:41:28.010 INF Request finished (out of order). clSeqNr=1740
17:41:28.010 INF Request finished (out of order). clSeqNr=1756
17:41:28.010 INF Request finished (out of order). clSeqNr=1772
17:41:28.010 INF Request finished (out of order). clSeqNr=1788
17:41:28.010 INF Request finished (out of order). clSeqNr=1645
17:41:28.010 INF Request finished (out of order). clSeqNr=1661
17:41:28.010 INF Request finished (out of order). clSeqNr=1677
17:41:28.010 INF Request finished (out of order). clSeqNr=1693
17:41:28.010 INF Request finished (out of order). clSeqNr=1709
17:41:28.010 INF Request finished (out of order). clSeqNr=1725
17:41:28.010 INF Request finished (out of order). clSeqNr=1741
17:41:28.010 INF Request finished (out of order). clSeqNr=1757
17:41:28.010 INF Request finished (out of order). clSeqNr=1773
17:41:28.010 INF Request finished (out of order). clSeqNr=1806
17:41:28.010 INF Request finished (out of order). clSeqNr=1662
17:41:28.010 INF Request finished (out of order). clSeqNr=1678
17:41:28.010 INF Request finished (out of order). clSeqNr=1694
17:41:28.010 INF Request finished (out of order). clSeqNr=1710
17:41:28.010 INF Request finished (out of order). clSeqNr=1726
17:41:28.010 INF Request finished (out of order). clSeqNr=1742
17:41:28.010 INF Request finished (out of order). clSeqNr=1758
17:41:28.010 INF Request finished (out of order). clSeqNr=1774
17:41:28.010 INF Request finished (out of order). clSeqNr=1790
17:41:28.010 INF Request finished (out of order). clSeqNr=1807
17:41:28.010 INF Request finished (out of order). clSeqNr=1663
17:41:28.010 INF Request finished (out of order). clSeqNr=1679
17:41:28.010 INF Request finished (out of order). clSeqNr=1695
17:41:28.010 INF Request finished (out of order). clSeqNr=1711
17:41:28.010 INF Request finished (out of order). clSeqNr=1727
17:41:28.010 INF Request finished (out of order). clSeqNr=1743
17:41:28.010 INF Request finished (out of order). clSeqNr=1759
17:41:28.010 INF Request finished (out of order). clSeqNr=1775
17:41:28.010 INF Request finished (out of order). clSeqNr=1791
17:41:28.010 INF Request finished (out of order). clSeqNr=1808
17:41:28.010 INF Request finished (out of order). clSeqNr=1664
17:41:28.010 INF Request finished (out of order). clSeqNr=1680
17:41:28.010 INF Request finished (out of order). clSeqNr=1696
17:41:28.010 INF Request finished (out of order). clSeqNr=1712
17:41:28.010 INF Request finished (out of order). clSeqNr=1728
17:41:28.010 INF Request finished (out of order). clSeqNr=1744
17:41:28.010 INF Request finished (out of order). clSeqNr=1760
17:41:28.010 INF Request finished (out of order). clSeqNr=1776
17:41:28.010 INF Request finished (out of order). clSeqNr=1792
17:41:28.010 INF Request finished (out of order). clSeqNr=1809
17:41:28.010 INF Request finished (out of order). clSeqNr=1665
17:41:28.010 INF Request finished (out of order). clSeqNr=1681
17:41:28.010 INF Request finished (out of order). clSeqNr=1697
17:41:28.010 INF Request finished (out of order). clSeqNr=1713
17:41:28.010 INF Request finished (out of order). clSeqNr=1729
17:41:28.010 INF Request finished (out of order). clSeqNr=1745
17:41:28.010 INF Request finished (out of order). clSeqNr=1761
17:41:28.010 INF Request finished (out of order). clSeqNr=1777
17:41:28.010 INF Request finished (out of order). clSeqNr=1793
17:41:28.010 INF Request finished (out of order). clSeqNr=770
17:41:28.011 INF Request delivered (in order). clSeqNr=770
17:41:28.011 INF Request delivered (in order). clSeqNr=771
17:41:28.011 INF Request delivered (in order). clSeqNr=772
17:41:28.011 INF Request delivered (in order). clSeqNr=773
17:41:28.011 INF Request delivered (in order). clSeqNr=774
17:41:28.011 INF Request delivered (in order). clSeqNr=775
17:41:28.011 INF Request delivered (in order). clSeqNr=776
17:41:28.011 INF Request delivered (in order). clSeqNr=777
17:41:28.011 INF Request delivered (in order). clSeqNr=778
17:41:28.011 INF Request delivered (in order). clSeqNr=779
17:41:28.011 INF Request delivered (in order). clSeqNr=780
17:41:28.011 INF Request delivered (in order). clSeqNr=781
17:41:28.011 INF Request delivered (in order). clSeqNr=782
17:41:28.011 INF Request delivered (in order). clSeqNr=783
17:41:28.011 INF Request delivered (in order). clSeqNr=784
17:41:28.011 INF Request delivered (in order). clSeqNr=785
17:41:28.011 INF Request finished (out of order). clSeqNr=786
17:41:28.011 INF Request delivered (in order). clSeqNr=786
17:41:28.011 INF Request delivered (in order). clSeqNr=787
17:41:28.011 INF Request delivered (in order). clSeqNr=788
17:41:28.011 INF Request delivered (in order). clSeqNr=789
17:41:28.011 INF Request delivered (in order). clSeqNr=790
17:41:28.011 INF Request delivered (in order). clSeqNr=791
17:41:28.011 INF Request delivered (in order). clSeqNr=792
17:41:28.011 INF Request delivered (in order). clSeqNr=793
17:41:28.011 INF Request delivered (in order). clSeqNr=794
17:41:28.011 INF Request delivered (in order). clSeqNr=795
17:41:28.011 INF Request delivered (in order). clSeqNr=796
17:41:28.011 INF Request delivered (in order). clSeqNr=797
17:41:28.011 INF Request delivered (in order). clSeqNr=798
17:41:28.011 INF Request delivered (in order). clSeqNr=799
17:41:28.011 INF Request delivered (in order). clSeqNr=800
17:41:28.011 INF Request delivered (in order). clSeqNr=801
17:41:28.011 INF Request finished (out of order). clSeqNr=802
17:41:28.011 INF Request delivered (in order). clSeqNr=802
17:41:28.011 INF Request delivered (in order). clSeqNr=803
17:41:28.011 INF Request delivered (in order). clSeqNr=804
17:41:28.011 INF Request delivered (in order). clSeqNr=805
17:41:28.011 INF Request delivered (in order). clSeqNr=806
17:41:28.011 INF Request delivered (in order). clSeqNr=807
17:41:28.011 INF Request delivered (in order). clSeqNr=808
17:41:28.011 INF Request delivered (in order). clSeqNr=809
17:41:28.011 INF Request delivered (in order). clSeqNr=810
17:41:28.011 INF Request delivered (in order). clSeqNr=811
17:41:28.011 INF Request delivered (in order). clSeqNr=812
17:41:28.011 INF Request delivered (in order). clSeqNr=813
17:41:28.011 INF Request delivered (in order). clSeqNr=814
17:41:28.011 INF Request delivered (in order). clSeqNr=815
17:41:28.011 INF Request delivered (in order). clSeqNr=816
17:41:28.011 INF Request delivered (in order). clSeqNr=817
17:41:28.011 INF Request finished (out of order). clSeqNr=818
17:41:28.011 INF Request delivered (in order). clSeqNr=818
17:41:28.011 INF Request delivered (in order). clSeqNr=819
17:41:28.011 INF Request delivered (in order). clSeqNr=820
17:41:28.011 INF Request delivered (in order). clSeqNr=821
17:41:28.011 INF Request delivered (in order). clSeqNr=822
17:41:28.011 INF Request delivered (in order). clSeqNr=823
17:41:28.011 INF Request delivered (in order). clSeqNr=824
17:41:28.011 INF Request delivered (in order). clSeqNr=825
17:41:28.011 INF Request delivered (in order). clSeqNr=826
17:41:28.011 INF Request delivered (in order). clSeqNr=827
17:41:28.011 INF Request delivered (in order). clSeqNr=828
17:41:28.011 INF Request delivered (in order). clSeqNr=829
17:41:28.011 INF Request delivered (in order). clSeqNr=830
17:41:28.011 INF Request delivered (in order). clSeqNr=831
17:41:28.011 INF Request delivered (in order). clSeqNr=832
17:41:28.011 INF Request delivered (in order). clSeqNr=833
17:41:28.011 INF Request finished (out of order). clSeqNr=834
17:41:28.011 INF Request delivered (in order). clSeqNr=834
17:41:28.011 INF Request delivered (in order). clSeqNr=835
17:41:28.011 INF Request delivered (in order). clSeqNr=836
17:41:28.011 INF Request delivered (in order). clSeqNr=837
17:41:28.011 INF Request delivered (in order). clSeqNr=838
17:41:28.011 INF Request delivered (in order). clSeqNr=839
17:41:28.011 INF Request delivered (in order). clSeqNr=840
17:41:28.011 INF Request delivered (in order). clSeqNr=841
17:41:28.011 INF Request delivered (in order). clSeqNr=842
17:41:28.011 INF Request delivered (in order). clSeqNr=843
17:41:28.011 INF Request delivered (in order). clSeqNr=844
17:41:28.011 INF Request delivered (in order). clSeqNr=845
17:41:28.011 INF Request delivered (in order). clSeqNr=846
17:41:28.011 INF Request delivered (in order). clSeqNr=847
17:41:28.011 INF Request delivered (in order). clSeqNr=848
17:41:28.011 INF Request delivered (in order). clSeqNr=849
17:41:28.011 INF Request finished (out of order). clSeqNr=850
17:41:28.011 INF Request delivered (in order). clSeqNr=850
17:41:28.011 INF Request delivered (in order). clSeqNr=851
17:41:28.011 INF Request delivered (in order). clSeqNr=852
17:41:28.011 INF Request delivered (in order). clSeqNr=853
17:41:28.011 INF Request delivered (in order). clSeqNr=854
17:41:28.011 INF Request delivered (in order). clSeqNr=855
17:41:28.011 INF Request delivered (in order). clSeqNr=856
17:41:28.011 INF Request delivered (in order). clSeqNr=857
17:41:28.011 INF Request delivered (in order). clSeqNr=858
17:41:28.011 INF Request delivered (in order). clSeqNr=859
17:41:28.011 INF Request delivered (in order). clSeqNr=860
17:41:28.011 INF Request delivered (in order). clSeqNr=861
17:41:28.011 INF Request delivered (in order). clSeqNr=862
17:41:28.011 INF Request delivered (in order). clSeqNr=863
17:41:28.012 INF Request delivered (in order). clSeqNr=864
17:41:28.012 INF Request delivered (in order). clSeqNr=865
17:41:28.012 INF Request finished (out of order). clSeqNr=866
17:41:28.012 INF Request delivered (in order). clSeqNr=866
17:41:28.012 INF Request delivered (in order). clSeqNr=867
17:41:28.012 INF Request delivered (in order). clSeqNr=868
17:41:28.012 INF Request delivered (in order). clSeqNr=869
17:41:28.012 INF Request delivered (in order). clSeqNr=870
17:41:28.012 INF Request delivered (in order). clSeqNr=871
17:41:28.012 INF Request delivered (in order). clSeqNr=872
17:41:28.012 INF Request delivered (in order). clSeqNr=873
17:41:28.012 INF Request delivered (in order). clSeqNr=874
17:41:28.012 INF Request delivered (in order). clSeqNr=875
17:41:28.012 INF Request delivered (in order). clSeqNr=876
17:41:28.012 INF Request delivered (in order). clSeqNr=877
17:41:28.012 INF Request delivered (in order). clSeqNr=878
17:41:28.012 INF Request delivered (in order). clSeqNr=879
17:41:28.012 INF Request delivered (in order). clSeqNr=880
17:41:28.012 INF Request delivered (in order). clSeqNr=881
17:41:28.012 INF Request finished (out of order). clSeqNr=882
17:41:28.012 INF Request delivered (in order). clSeqNr=882
17:41:28.012 INF Request delivered (in order). clSeqNr=883
17:41:28.012 INF Request delivered (in order). clSeqNr=884
17:41:28.012 INF Request delivered (in order). clSeqNr=885
17:41:28.012 INF Request delivered (in order). clSeqNr=886
17:41:28.012 INF Request delivered (in order). clSeqNr=887
17:41:28.012 INF Request delivered (in order). clSeqNr=888
17:41:28.012 INF Request delivered (in order). clSeqNr=889
17:41:28.012 INF Request delivered (in order). clSeqNr=890
17:41:28.012 INF Request delivered (in order). clSeqNr=891
17:41:28.012 INF Request delivered (in order). clSeqNr=892
17:41:28.012 INF Request delivered (in order). clSeqNr=893
17:41:28.012 INF Request delivered (in order). clSeqNr=894
17:41:28.012 INF Request delivered (in order). clSeqNr=895
17:41:28.012 INF Request delivered (in order). clSeqNr=896
17:41:28.012 INF Request delivered (in order). clSeqNr=897
17:41:28.012 INF Request finished (out of order). clSeqNr=1795
17:41:28.012 INF Request finished (out of order). clSeqNr=1811
17:41:28.012 INF Request finished (out of order). clSeqNr=1827
17:41:28.012 INF Request finished (out of order). clSeqNr=1843
17:41:28.012 INF Request finished (out of order). clSeqNr=1859
17:41:28.012 INF Request finished (out of order). clSeqNr=1875
17:41:28.012 INF Request finished (out of order). clSeqNr=1891
17:41:28.012 INF Request finished (out of order). clSeqNr=1796
17:41:28.012 INF Request finished (out of order). clSeqNr=1812
17:41:28.012 INF Request finished (out of order). clSeqNr=1828
17:41:28.012 INF Request finished (out of order). clSeqNr=1844
17:41:28.012 INF Request finished (out of order). clSeqNr=1860
17:41:28.012 INF Request finished (out of order). clSeqNr=1876
17:41:28.012 INF Request finished (out of order). clSeqNr=1892
17:41:28.012 INF Request finished (out of order). clSeqNr=1797
17:41:28.012 INF Request finished (out of order). clSeqNr=1813
17:41:28.012 INF Request finished (out of order). clSeqNr=1829
17:41:28.012 INF Request finished (out of order). clSeqNr=1845
17:41:28.012 INF Request finished (out of order). clSeqNr=1861
17:41:28.012 INF Request finished (out of order). clSeqNr=1877
17:41:28.012 INF Request finished (out of order). clSeqNr=1893
17:41:28.063 INF Request finished (out of order). clSeqNr=1798
17:41:28.063 INF Request finished (out of order). clSeqNr=1814
17:41:28.063 INF Request finished (out of order). clSeqNr=1830
17:41:28.063 INF Request finished (out of order). clSeqNr=1846
17:41:28.063 INF Request finished (out of order). clSeqNr=1862
17:41:28.063 INF Request finished (out of order). clSeqNr=1878
17:41:28.063 INF Request finished (out of order). clSeqNr=1799
17:41:28.063 INF Request finished (out of order). clSeqNr=1815
17:41:28.063 INF Request finished (out of order). clSeqNr=1831
17:41:28.063 INF Request finished (out of order). clSeqNr=1847
17:41:28.063 INF Request finished (out of order). clSeqNr=1863
17:41:28.064 INF Request finished (out of order). clSeqNr=1879
17:41:28.064 INF Request finished (out of order). clSeqNr=1800
17:41:28.064 INF Request finished (out of order). clSeqNr=1816
17:41:28.064 INF Request finished (out of order). clSeqNr=1832
17:41:28.064 INF Request finished (out of order). clSeqNr=1848
17:41:28.064 INF Request finished (out of order). clSeqNr=1864
17:41:28.064 INF Request finished (out of order). clSeqNr=1880
17:41:28.064 INF Request finished (out of order). clSeqNr=1784
17:41:28.126 INF Request finished (out of order). clSeqNr=1801
17:41:28.127 INF Request finished (out of order). clSeqNr=1817
17:41:28.127 INF Request finished (out of order). clSeqNr=1833
17:41:28.127 INF Request finished (out of order). clSeqNr=1849
17:41:28.128 INF Request finished (out of order). clSeqNr=1865
17:41:28.128 INF Request finished (out of order). clSeqNr=1881
17:41:28.130 INF Request finished (out of order). clSeqNr=1785
17:41:28.132 INF Request finished (out of order). clSeqNr=1802
17:41:28.132 INF Request finished (out of order). clSeqNr=1818
17:41:28.133 INF Request finished (out of order). clSeqNr=1834
17:41:28.162 INF Request finished (out of order). clSeqNr=1850
17:41:28.165 INF Request finished (out of order). clSeqNr=1866
17:41:28.165 INF Request finished (out of order). clSeqNr=1882
17:41:28.165 INF Request finished (out of order). clSeqNr=1786
17:41:28.165 INF Request finished (out of order). clSeqNr=1803
17:41:28.165 INF Request finished (out of order). clSeqNr=1819
17:41:28.165 INF Request finished (out of order). clSeqNr=1835
17:41:28.165 INF Request finished (out of order). clSeqNr=1851
17:41:28.165 INF Request finished (out of order). clSeqNr=1867
17:41:28.165 INF Request finished (out of order). clSeqNr=1883
17:41:28.165 INF Request finished (out of order). clSeqNr=1804
17:41:28.165 INF Request finished (out of order). clSeqNr=1820
17:41:28.165 INF Request finished (out of order). clSeqNr=1836
17:41:28.165 INF Request finished (out of order). clSeqNr=1852
17:41:28.165 INF Request finished (out of order). clSeqNr=1868
17:41:28.165 INF Request finished (out of order). clSeqNr=1884
17:41:28.165 INF Request finished (out of order). clSeqNr=1805
17:41:28.165 INF Request finished (out of order). clSeqNr=1821
17:41:28.165 INF Request finished (out of order). clSeqNr=1837
17:41:28.165 INF Request finished (out of order). clSeqNr=1853
17:41:28.165 INF Request finished (out of order). clSeqNr=1869
17:41:28.165 INF Request finished (out of order). clSeqNr=1885
17:41:28.165 INF Request finished (out of order). clSeqNr=1789
17:41:28.247 INF Request finished (out of order). clSeqNr=1822
17:41:28.247 INF Request finished (out of order). clSeqNr=1838
17:41:28.247 INF Request finished (out of order). clSeqNr=1854
17:41:28.247 INF Request finished (out of order). clSeqNr=1870
17:41:28.247 INF Request finished (out of order). clSeqNr=1886
17:41:28.247 INF Request finished (out of order). clSeqNr=1902
17:41:28.249 INF Request finished (out of order). clSeqNr=1823
17:41:28.249 INF Request finished (out of order). clSeqNr=1839
17:41:28.249 INF Request finished (out of order). clSeqNr=1855
17:41:28.249 INF Request finished (out of order). clSeqNr=1871
17:41:28.249 INF Request finished (out of order). clSeqNr=1887
17:41:28.249 INF Request finished (out of order). clSeqNr=1903
17:41:28.249 INF Request finished (out of order). clSeqNr=1824
17:41:28.249 INF Request finished (out of order). clSeqNr=1840
17:41:28.249 INF Request finished (out of order). clSeqNr=1856
17:41:28.249 INF Request finished (out of order). clSeqNr=1872
17:41:28.249 INF Request finished (out of order). clSeqNr=1888
17:41:28.249 INF Request finished (out of order). clSeqNr=1904
17:41:28.249 INF Request finished (out of order). clSeqNr=1825
17:41:28.249 INF Request finished (out of order). clSeqNr=1841
17:41:28.249 INF Request finished (out of order). clSeqNr=1857
17:41:28.249 INF Request finished (out of order). clSeqNr=1873
17:41:28.249 INF Request finished (out of order). clSeqNr=1889
17:41:28.249 INF Request finished (out of order). clSeqNr=1905
17:41:32.871 INF Request finished (out of order). clSeqNr=1907
17:41:32.871 INF Request finished (out of order). clSeqNr=1923
17:41:32.871 INF Request finished (out of order). clSeqNr=1939
17:41:32.871 INF Request finished (out of order). clSeqNr=1955
17:41:32.872 INF Request finished (out of order). clSeqNr=1971
17:41:32.872 INF Request finished (out of order). clSeqNr=1987
17:41:32.873 INF Request finished (out of order). clSeqNr=2003
17:41:32.873 INF Request finished (out of order). clSeqNr=2019
17:41:32.873 INF Request finished (out of order). clSeqNr=2035
17:41:32.875 INF Request finished (out of order). clSeqNr=1908
17:41:32.889 INF Request finished (out of order). clSeqNr=1924
17:41:32.912 INF Request finished (out of order). clSeqNr=1940
17:41:32.915 INF Request finished (out of order). clSeqNr=1956
17:41:32.915 INF Request finished (out of order). clSeqNr=1972
17:41:32.915 INF Request finished (out of order). clSeqNr=1988
17:41:32.915 INF Request finished (out of order). clSeqNr=2004
17:41:32.915 INF Request finished (out of order). clSeqNr=2020
17:41:32.915 INF Request finished (out of order). clSeqNr=2036
17:41:32.915 INF Request finished (out of order). clSeqNr=1909
17:41:32.915 INF Request finished (out of order). clSeqNr=1925
17:41:32.915 INF Request finished (out of order). clSeqNr=1941
17:41:32.915 INF Request finished (out of order). clSeqNr=1957
17:41:32.916 INF Request finished (out of order). clSeqNr=1973
17:41:32.916 INF Request finished (out of order). clSeqNr=1989
17:41:32.916 INF Request finished (out of order). clSeqNr=2005
17:41:32.917 INF Request finished (out of order). clSeqNr=2021
17:41:32.917 INF Request finished (out of order). clSeqNr=2037
17:41:32.919 INF Request finished (out of order). clSeqNr=1894
17:41:32.919 INF Request finished (out of order). clSeqNr=1910
17:41:32.919 INF Request finished (out of order). clSeqNr=1926
17:41:32.920 INF Request finished (out of order). clSeqNr=1942
17:41:32.920 INF Request finished (out of order). clSeqNr=1958
17:41:32.920 INF Request finished (out of order). clSeqNr=1974
17:41:32.921 INF Request finished (out of order). clSeqNr=1990
17:41:32.921 INF Request finished (out of order). clSeqNr=2006
17:41:32.921 INF Request finished (out of order). clSeqNr=2022
17:41:32.922 INF Request finished (out of order). clSeqNr=2038
17:41:32.923 INF Request finished (out of order). clSeqNr=1895
17:41:32.924 INF Request finished (out of order). clSeqNr=1911
17:41:32.924 INF Request finished (out of order). clSeqNr=1927
17:41:32.924 INF Request finished (out of order). clSeqNr=1943
17:41:32.924 INF Request finished (out of order). clSeqNr=1959
17:41:32.925 INF Request finished (out of order). clSeqNr=1975
17:41:32.925 INF Request finished (out of order). clSeqNr=1991
17:41:32.925 INF Request finished (out of order). clSeqNr=2007
17:41:32.926 INF Request finished (out of order). clSeqNr=2023
17:41:32.926 INF Request finished (out of order). clSeqNr=2039
17:41:32.928 INF Request finished (out of order). clSeqNr=1896
17:41:32.928 INF Request finished (out of order). clSeqNr=1912
17:41:32.928 INF Request finished (out of order). clSeqNr=1928
17:41:32.928 INF Request finished (out of order). clSeqNr=1944
17:41:32.929 INF Request finished (out of order). clSeqNr=1960
17:41:32.929 INF Request finished (out of order). clSeqNr=1976
17:41:32.929 INF Request finished (out of order). clSeqNr=1992
17:41:32.930 INF Request finished (out of order). clSeqNr=2008
17:41:32.930 INF Request finished (out of order). clSeqNr=2024
17:41:32.931 INF Request finished (out of order). clSeqNr=2040
17:41:32.932 INF Request finished (out of order). clSeqNr=1897
17:41:32.932 INF Request finished (out of order). clSeqNr=1913
17:41:32.933 INF Request finished (out of order). clSeqNr=1929
17:41:32.933 INF Request finished (out of order). clSeqNr=1945
17:41:32.933 INF Request finished (out of order). clSeqNr=1961
17:41:32.933 INF Request finished (out of order). clSeqNr=1977
17:41:32.934 INF Request finished (out of order). clSeqNr=1993
17:41:32.934 INF Request finished (out of order). clSeqNr=2009
17:41:32.934 INF Request finished (out of order). clSeqNr=2025
17:41:32.936 INF Request finished (out of order). clSeqNr=1898
17:41:32.936 INF Request finished (out of order). clSeqNr=1914
17:41:32.936 INF Request finished (out of order). clSeqNr=1930
17:41:32.937 INF Request finished (out of order). clSeqNr=1946
17:41:32.937 INF Request finished (out of order). clSeqNr=1962
17:41:32.937 INF Request finished (out of order). clSeqNr=1978
17:41:32.938 INF Request finished (out of order). clSeqNr=1994
17:41:32.938 INF Request finished (out of order). clSeqNr=2010
17:41:32.938 INF Request finished (out of order). clSeqNr=2026
17:41:32.938 INF Request finished (out of order). clSeqNr=2042
17:41:32.940 INF Request finished (out of order). clSeqNr=1899
17:41:32.940 INF Request finished (out of order). clSeqNr=1915
17:41:32.940 INF Request finished (out of order). clSeqNr=1931
17:41:32.940 INF Request finished (out of order). clSeqNr=1947
17:41:32.940 INF Request finished (out of order). clSeqNr=1963
17:41:32.941 INF Request finished (out of order). clSeqNr=1979
17:41:32.941 INF Request finished (out of order). clSeqNr=1995
17:41:32.941 INF Request finished (out of order). clSeqNr=2011
17:41:32.941 INF Request finished (out of order). clSeqNr=2027
17:41:32.942 INF Request finished (out of order). clSeqNr=2043
17:41:32.943 INF Request finished (out of order). clSeqNr=1900
17:41:32.944 INF Request finished (out of order). clSeqNr=1916
17:41:32.944 INF Request finished (out of order). clSeqNr=1932
17:41:32.944 INF Request finished (out of order). clSeqNr=1948
17:41:32.945 INF Request finished (out of order). clSeqNr=1964
17:41:32.945 INF Request finished (out of order). clSeqNr=1980
17:41:32.945 INF Request finished (out of order). clSeqNr=1996
17:41:32.945 INF Request finished (out of order). clSeqNr=2012
17:41:32.946 INF Request finished (out of order). clSeqNr=2028
17:41:32.946 INF Request finished (out of order). clSeqNr=2044
17:41:32.947 INF Request finished (out of order). clSeqNr=1901
17:41:32.948 INF Request finished (out of order). clSeqNr=1917
17:41:32.948 INF Request finished (out of order). clSeqNr=1933
17:41:32.948 INF Request finished (out of order). clSeqNr=1949
17:41:32.949 INF Request finished (out of order). clSeqNr=1965
17:41:32.949 INF Request finished (out of order). clSeqNr=1981
17:41:32.949 INF Request finished (out of order). clSeqNr=1997
17:41:32.950 INF Request finished (out of order). clSeqNr=2013
17:41:32.950 INF Request finished (out of order). clSeqNr=2029
17:41:32.950 INF Request finished (out of order). clSeqNr=2045
17:41:32.950 INF Request finished (out of order). clSeqNr=2062
17:41:32.952 INF Request finished (out of order). clSeqNr=1918
17:41:32.952 INF Request finished (out of order). clSeqNr=1934
17:41:32.952 INF Request finished (out of order). clSeqNr=1950
17:41:32.953 INF Request finished (out of order). clSeqNr=1966
17:41:32.953 INF Request finished (out of order). clSeqNr=1982
17:41:32.953 INF Request finished (out of order). clSeqNr=1998
17:41:32.954 INF Request finished (out of order). clSeqNr=2014
17:41:32.954 INF Request finished (out of order). clSeqNr=2030
17:41:32.954 INF Request finished (out of order). clSeqNr=2046
17:41:32.955 INF Request finished (out of order). clSeqNr=2063
17:41:32.956 INF Request finished (out of order). clSeqNr=1919
17:41:32.956 INF Request finished (out of order). clSeqNr=1935
17:41:32.957 INF Request finished (out of order). clSeqNr=1951
17:41:32.957 INF Request finished (out of order). clSeqNr=1967
17:41:32.957 INF Request finished (out of order). clSeqNr=1983
17:41:32.958 INF Request finished (out of order). clSeqNr=1999
17:41:32.958 INF Request finished (out of order). clSeqNr=2015
17:41:32.958 INF Request finished (out of order). clSeqNr=2031
17:41:32.958 INF Request finished (out of order). clSeqNr=2047
17:41:32.959 INF Request finished (out of order). clSeqNr=2064
17:41:32.970 INF Request finished (out of order). clSeqNr=1920
17:41:32.970 INF Request finished (out of order). clSeqNr=1936
17:41:32.970 INF Request finished (out of order). clSeqNr=1952
17:41:32.971 INF Request finished (out of order). clSeqNr=1968
17:41:32.971 INF Request finished (out of order). clSeqNr=1984
17:41:32.971 INF Request finished (out of order). clSeqNr=2000
17:41:32.972 INF Request finished (out of order). clSeqNr=2016
17:41:32.972 INF Request finished (out of order). clSeqNr=2032
17:41:32.972 INF Request finished (out of order). clSeqNr=2048
17:41:32.972 INF Request finished (out of order). clSeqNr=2065
17:41:32.973 INF Request finished (out of order). clSeqNr=1921
17:41:32.973 INF Request finished (out of order). clSeqNr=1937
17:41:32.973 INF Request finished (out of order). clSeqNr=1953
17:41:32.973 INF Request finished (out of order). clSeqNr=1969
17:41:32.973 INF Request finished (out of order). clSeqNr=1985
17:41:32.973 INF Request finished (out of order). clSeqNr=2001
17:41:32.973 INF Request finished (out of order). clSeqNr=2017
17:41:32.974 INF Request finished (out of order). clSeqNr=2033
17:41:32.974 INF Request finished (out of order). clSeqNr=2049
17:41:32.974 INF Request finished (out of order). clSeqNr=898
17:41:32.974 INF Request delivered (in order). clSeqNr=898
17:41:32.974 INF Request delivered (in order). clSeqNr=899
17:41:32.974 INF Request delivered (in order). clSeqNr=900
17:41:32.974 INF Request delivered (in order). clSeqNr=901
17:41:32.974 INF Request delivered (in order). clSeqNr=902
17:41:32.974 INF Request delivered (in order). clSeqNr=903
17:41:32.974 INF Request delivered (in order). clSeqNr=904
17:41:32.974 INF Request delivered (in order). clSeqNr=905
17:41:32.974 INF Request delivered (in order). clSeqNr=906
17:41:32.974 INF Request delivered (in order). clSeqNr=907
17:41:32.974 INF Request delivered (in order). clSeqNr=908
17:41:32.974 INF Request delivered (in order). clSeqNr=909
17:41:32.974 INF Request delivered (in order). clSeqNr=910
17:41:32.974 INF Request delivered (in order). clSeqNr=911
17:41:32.974 INF Request delivered (in order). clSeqNr=912
17:41:32.974 INF Request delivered (in order). clSeqNr=913
17:41:32.974 INF Request finished (out of order). clSeqNr=914
17:41:32.974 INF Request delivered (in order). clSeqNr=914
17:41:32.974 INF Request delivered (in order). clSeqNr=915
17:41:32.974 INF Request delivered (in order). clSeqNr=916
17:41:32.974 INF Request delivered (in order). clSeqNr=917
17:41:32.974 INF Request delivered (in order). clSeqNr=918
17:41:32.974 INF Request delivered (in order). clSeqNr=919
17:41:32.974 INF Request delivered (in order). clSeqNr=920
17:41:32.974 INF Request delivered (in order). clSeqNr=921
17:41:32.974 INF Request delivered (in order). clSeqNr=922
17:41:32.974 INF Request delivered (in order). clSeqNr=923
17:41:32.974 INF Request delivered (in order). clSeqNr=924
17:41:32.974 INF Request delivered (in order). clSeqNr=925
17:41:32.974 INF Request delivered (in order). clSeqNr=926
17:41:32.974 INF Request delivered (in order). clSeqNr=927
17:41:32.974 INF Request delivered (in order). clSeqNr=928
17:41:32.974 INF Request delivered (in order). clSeqNr=929
17:41:32.974 INF Request finished (out of order). clSeqNr=930
17:41:32.974 INF Request delivered (in order). clSeqNr=930
17:41:32.974 INF Request delivered (in order). clSeqNr=931
17:41:32.974 INF Request delivered (in order). clSeqNr=932
17:41:32.974 INF Request delivered (in order). clSeqNr=933
17:41:32.974 INF Request delivered (in order). clSeqNr=934
17:41:32.974 INF Request delivered (in order). clSeqNr=935
17:41:32.974 INF Request delivered (in order). clSeqNr=936
17:41:32.974 INF Request delivered (in order). clSeqNr=937
17:41:32.974 INF Request delivered (in order). clSeqNr=938
17:41:32.975 INF Request delivered (in order). clSeqNr=939
17:41:32.975 INF Request delivered (in order). clSeqNr=940
17:41:32.975 INF Request delivered (in order). clSeqNr=941
17:41:32.975 INF Request delivered (in order). clSeqNr=942
17:41:32.975 INF Request delivered (in order). clSeqNr=943
17:41:32.975 INF Request delivered (in order). clSeqNr=944
17:41:32.975 INF Request delivered (in order). clSeqNr=945
17:41:32.975 INF Request finished (out of order). clSeqNr=946
17:41:32.975 INF Request delivered (in order). clSeqNr=946
17:41:32.975 INF Request delivered (in order). clSeqNr=947
17:41:32.975 INF Request delivered (in order). clSeqNr=948
17:41:32.975 INF Request delivered (in order). clSeqNr=949
17:41:32.975 INF Request delivered (in order). clSeqNr=950
17:41:32.975 INF Request delivered (in order). clSeqNr=951
17:41:32.975 INF Request delivered (in order). clSeqNr=952
17:41:32.975 INF Request delivered (in order). clSeqNr=953
17:41:32.975 INF Request delivered (in order). clSeqNr=954
17:41:32.975 INF Request delivered (in order). clSeqNr=955
17:41:32.975 INF Request delivered (in order). clSeqNr=956
17:41:32.975 INF Request delivered (in order). clSeqNr=957
17:41:32.975 INF Request delivered (in order). clSeqNr=958
17:41:32.975 INF Request delivered (in order). clSeqNr=959
17:41:32.975 INF Request delivered (in order). clSeqNr=960
17:41:32.975 INF Request delivered (in order). clSeqNr=961
17:41:32.975 INF Request finished (out of order). clSeqNr=962
17:41:32.975 INF Request delivered (in order). clSeqNr=962
17:41:32.975 INF Request delivered (in order). clSeqNr=963
17:41:32.975 INF Request delivered (in order). clSeqNr=964
17:41:32.975 INF Request delivered (in order). clSeqNr=965
17:41:32.975 INF Request delivered (in order). clSeqNr=966
17:41:32.975 INF Request delivered (in order). clSeqNr=967
17:41:32.975 INF Request delivered (in order). clSeqNr=968
17:41:32.975 INF Request delivered (in order). clSeqNr=969
17:41:32.975 INF Request delivered (in order). clSeqNr=970
17:41:32.975 INF Request delivered (in order). clSeqNr=971
17:41:32.975 INF Request delivered (in order). clSeqNr=972
17:41:32.975 INF Request delivered (in order). clSeqNr=973
17:41:32.975 INF Request delivered (in order). clSeqNr=974
17:41:32.975 INF Request delivered (in order). clSeqNr=975
17:41:32.975 INF Request delivered (in order). clSeqNr=976
17:41:32.975 INF Request delivered (in order). clSeqNr=977
17:41:32.975 INF Request finished (out of order). clSeqNr=978
17:41:32.975 INF Request delivered (in order). clSeqNr=978
17:41:32.975 INF Request delivered (in order). clSeqNr=979
17:41:32.975 INF Request delivered (in order). clSeqNr=980
17:41:32.975 INF Request delivered (in order). clSeqNr=981
17:41:32.975 INF Request delivered (in order). clSeqNr=982
17:41:32.975 INF Request delivered (in order). clSeqNr=983
17:41:32.975 INF Request delivered (in order). clSeqNr=984
17:41:32.976 INF Request delivered (in order). clSeqNr=985
17:41:32.976 INF Request delivered (in order). clSeqNr=986
17:41:32.976 INF Request delivered (in order). clSeqNr=987
17:41:32.976 INF Request delivered (in order). clSeqNr=988
17:41:32.976 INF Request delivered (in order). clSeqNr=989
17:41:32.976 INF Request delivered (in order). clSeqNr=990
17:41:32.976 INF Request delivered (in order). clSeqNr=991
17:41:32.976 INF Request delivered (in order). clSeqNr=992
17:41:32.976 INF Request delivered (in order). clSeqNr=993
17:41:32.976 INF Request finished (out of order). clSeqNr=994
17:41:32.976 INF Request delivered (in order). clSeqNr=994
17:41:32.976 INF Request delivered (in order). clSeqNr=995
17:41:32.976 INF Request delivered (in order). clSeqNr=996
17:41:32.976 INF Request delivered (in order). clSeqNr=997
17:41:32.976 INF Request delivered (in order). clSeqNr=998
17:41:32.976 INF Request delivered (in order). clSeqNr=999
17:41:32.976 INF Request delivered (in order). clSeqNr=1000
17:41:32.976 INF Request delivered (in order). clSeqNr=1001
17:41:32.976 INF Request delivered (in order). clSeqNr=1002
17:41:32.976 INF Request delivered (in order). clSeqNr=1003
17:41:32.976 INF Request delivered (in order). clSeqNr=1004
17:41:32.976 INF Request delivered (in order). clSeqNr=1005
17:41:32.976 INF Request delivered (in order). clSeqNr=1006
17:41:32.976 INF Request delivered (in order). clSeqNr=1007
17:41:32.976 INF Request delivered (in order). clSeqNr=1008
17:41:32.976 INF Request delivered (in order). clSeqNr=1009
17:41:32.976 INF Request finished (out of order). clSeqNr=1010
17:41:32.976 INF Request delivered (in order). clSeqNr=1010
17:41:32.976 INF Request delivered (in order). clSeqNr=1011
17:41:32.976 INF Request delivered (in order). clSeqNr=1012
17:41:32.976 INF Request delivered (in order). clSeqNr=1013
17:41:32.976 INF Request delivered (in order). clSeqNr=1014
17:41:32.976 INF Request delivered (in order). clSeqNr=1015
17:41:32.976 INF Request delivered (in order). clSeqNr=1016
17:41:32.976 INF Request delivered (in order). clSeqNr=1017
17:41:32.976 INF Request delivered (in order). clSeqNr=1018
17:41:32.976 INF Request delivered (in order). clSeqNr=1019
17:41:32.976 INF Request delivered (in order). clSeqNr=1020
17:41:32.976 INF Request delivered (in order). clSeqNr=1021
17:41:32.976 INF Request delivered (in order). clSeqNr=1022
17:41:32.976 INF Request delivered (in order). clSeqNr=1023
17:41:32.976 INF Request delivered (in order). clSeqNr=1024
17:41:32.976 INF Request delivered (in order). clSeqNr=1025
17:41:32.976 INF Request finished (out of order). clSeqNr=2051
17:41:32.976 INF Request finished (out of order). clSeqNr=2067
17:41:32.976 INF Request finished (out of order). clSeqNr=2083
17:41:32.976 INF Request finished (out of order). clSeqNr=2099
17:41:32.976 INF Request finished (out of order). clSeqNr=2115
17:41:32.976 INF Request finished (out of order). clSeqNr=2131
17:41:32.976 INF Request finished (out of order). clSeqNr=2147
17:41:32.976 INF Request finished (out of order). clSeqNr=2052
17:41:32.976 INF Request finished (out of order). clSeqNr=2068
17:41:32.976 INF Request finished (out of order). clSeqNr=2084
17:41:32.976 INF Request finished (out of order). clSeqNr=2100
17:41:32.976 INF Request finished (out of order). clSeqNr=2116
17:41:32.976 INF Request finished (out of order). clSeqNr=2132
17:41:32.976 INF Request finished (out of order). clSeqNr=2148
17:41:32.978 INF Request finished (out of order). clSeqNr=2053
17:41:32.978 INF Request finished (out of order). clSeqNr=2069
17:41:32.979 INF Request finished (out of order). clSeqNr=2085
17:41:32.979 INF Request finished (out of order). clSeqNr=2101
17:41:32.979 INF Request finished (out of order). clSeqNr=2117
17:41:32.980 INF Request finished (out of order). clSeqNr=2133
17:41:32.980 INF Request finished (out of order). clSeqNr=2149
17:41:33.073 INF Request finished (out of order). clSeqNr=2054
17:41:33.074 INF Request finished (out of order). clSeqNr=2070
17:41:33.074 INF Request finished (out of order). clSeqNr=2086
17:41:33.074 INF Request finished (out of order). clSeqNr=2102
17:41:33.074 INF Request finished (out of order). clSeqNr=2118
17:41:33.075 INF Request finished (out of order). clSeqNr=2134
17:41:33.090 INF Request finished (out of order). clSeqNr=2055
17:41:33.091 INF Request finished (out of order). clSeqNr=2071
17:41:33.091 INF Request finished (out of order). clSeqNr=2087
17:41:33.093 INF Request finished (out of order). clSeqNr=2103
17:41:33.100 INF Request finished (out of order). clSeqNr=2119
17:41:33.100 INF Request finished (out of order). clSeqNr=2135
17:41:33.103 INF Request finished (out of order). clSeqNr=2056
17:41:33.103 INF Request finished (out of order). clSeqNr=2072
17:41:33.103 INF Request finished (out of order). clSeqNr=2088
17:41:33.103 INF Request finished (out of order). clSeqNr=2104
17:41:33.103 INF Request finished (out of order). clSeqNr=2120
17:41:33.103 INF Request finished (out of order). clSeqNr=2136
17:41:33.167 INF Request finished (out of order). clSeqNr=2057
17:41:33.192 INF Request finished (out of order). clSeqNr=2073
17:41:33.192 INF Request finished (out of order). clSeqNr=2089
17:41:33.192 INF Request finished (out of order). clSeqNr=2105
17:41:33.196 INF Request finished (out of order). clSeqNr=2121
17:41:33.196 INF Request finished (out of order). clSeqNr=2137
17:41:33.196 INF Request finished (out of order). clSeqNr=2041
17:41:33.196 INF Request finished (out of order). clSeqNr=2058
17:41:33.196 INF Request finished (out of order). clSeqNr=2074
17:41:33.196 INF Request finished (out of order). clSeqNr=2090
17:41:33.197 INF Request finished (out of order). clSeqNr=2106
17:41:33.197 INF Request finished (out of order). clSeqNr=2122
17:41:33.197 INF Request finished (out of order). clSeqNr=2138
17:41:33.197 INF Request finished (out of order). clSeqNr=2059
17:41:33.197 INF Request finished (out of order). clSeqNr=2075
17:41:33.197 INF Request finished (out of order). clSeqNr=2091
17:41:33.197 INF Request finished (out of order). clSeqNr=2107
17:41:33.197 INF Request finished (out of order). clSeqNr=2123
17:41:33.197 INF Request finished (out of order). clSeqNr=2139
17:41:33.201 INF Request finished (out of order). clSeqNr=2060
17:41:33.202 INF Request finished (out of order). clSeqNr=2076
17:41:33.202 INF Request finished (out of order). clSeqNr=2092
17:41:33.202 INF Request finished (out of order). clSeqNr=2108
17:41:33.202 INF Request finished (out of order). clSeqNr=2124
17:41:33.202 INF Request finished (out of order). clSeqNr=2140
17:41:33.202 INF Request finished (out of order). clSeqNr=2061
17:41:33.202 INF Request finished (out of order). clSeqNr=2077
17:41:33.202 INF Request finished (out of order). clSeqNr=2093
17:41:33.202 INF Request finished (out of order). clSeqNr=2109
17:41:33.202 INF Request finished (out of order). clSeqNr=2125
17:41:33.202 INF Request finished (out of order). clSeqNr=2141
17:41:33.237 INF Request finished (out of order). clSeqNr=2078
17:41:33.238 INF Request finished (out of order). clSeqNr=2094
17:41:33.238 INF Request finished (out of order). clSeqNr=2110
17:41:33.238 INF Request finished (out of order). clSeqNr=2126
17:41:33.238 INF Request finished (out of order). clSeqNr=2142
17:41:33.238 INF Request finished (out of order). clSeqNr=2158
17:41:33.238 INF Request finished (out of order). clSeqNr=2079
17:41:33.238 INF Request finished (out of order). clSeqNr=2095
17:41:33.238 INF Request finished (out of order). clSeqNr=2111
17:41:33.238 INF Request finished (out of order). clSeqNr=2127
17:41:33.238 INF Request finished (out of order). clSeqNr=2143
17:41:33.238 INF Request finished (out of order). clSeqNr=2159
17:41:33.238 INF Request finished (out of order). clSeqNr=2080
17:41:33.238 INF Request finished (out of order). clSeqNr=2096
17:41:33.238 INF Request finished (out of order). clSeqNr=2112
17:41:33.238 INF Request finished (out of order). clSeqNr=2128
17:41:33.238 INF Request finished (out of order). clSeqNr=2144
17:41:33.238 INF Request finished (out of order). clSeqNr=2160
17:41:33.238 INF Request finished (out of order). clSeqNr=2081
17:41:33.238 INF Request finished (out of order). clSeqNr=2097
17:41:33.238 INF Request finished (out of order). clSeqNr=2113
17:41:33.238 INF Request finished (out of order). clSeqNr=2129
17:41:33.238 INF Request finished (out of order). clSeqNr=2145
17:41:33.238 INF Request finished (out of order). clSeqNr=2161
17:41:37.917 INF Request finished (out of order). clSeqNr=2163
17:41:37.917 INF Request finished (out of order). clSeqNr=2179
17:41:37.918 INF Request finished (out of order). clSeqNr=2195
17:41:37.918 INF Request finished (out of order). clSeqNr=2211
17:41:37.918 INF Request finished (out of order). clSeqNr=2227
17:41:37.918 INF Request finished (out of order). clSeqNr=2243
17:41:37.919 INF Request finished (out of order). clSeqNr=2259
17:41:37.919 INF Request finished (out of order). clSeqNr=2275
17:41:37.919 INF Request finished (out of order). clSeqNr=2291
17:41:37.922 INF Request finished (out of order). clSeqNr=2164
17:41:37.926 INF Request finished (out of order). clSeqNr=2180
17:41:37.927 INF Request finished (out of order). clSeqNr=2196
17:41:37.928 INF Request finished (out of order). clSeqNr=2212
17:41:37.928 INF Request finished (out of order). clSeqNr=2228
17:41:37.929 INF Request finished (out of order). clSeqNr=2244
17:41:37.929 INF Request finished (out of order). clSeqNr=2260
17:41:37.930 INF Request finished (out of order). clSeqNr=2276
17:41:37.930 INF Request finished (out of order). clSeqNr=2292
17:41:37.932 INF Request finished (out of order). clSeqNr=2165
17:41:37.932 INF Request finished (out of order). clSeqNr=2181
17:41:37.933 INF Request finished (out of order). clSeqNr=2197
17:41:37.933 INF Request finished (out of order). clSeqNr=2213
17:41:37.934 INF Request finished (out of order). clSeqNr=2229
17:41:37.934 INF Request finished (out of order). clSeqNr=2245
17:41:37.934 INF Request finished (out of order). clSeqNr=2261
17:41:37.935 INF Request finished (out of order). clSeqNr=2277
17:41:37.935 INF Request finished (out of order). clSeqNr=2293
17:41:37.937 INF Request finished (out of order). clSeqNr=2150
17:41:37.937 INF Request finished (out of order). clSeqNr=2166
17:41:37.937 INF Request finished (out of order). clSeqNr=2182
17:41:37.938 INF Request finished (out of order). clSeqNr=2198
17:41:37.938 INF Request finished (out of order). clSeqNr=2214
17:41:37.940 INF Request finished (out of order). clSeqNr=2230
17:41:38.038 INF Request finished (out of order). clSeqNr=2246
17:41:38.038 INF Request finished (out of order). clSeqNr=2262
17:41:38.038 INF Request finished (out of order). clSeqNr=2278
17:41:38.038 INF Request finished (out of order). clSeqNr=2294
17:41:38.038 INF Request finished (out of order). clSeqNr=2151
17:41:38.048 INF Request finished (out of order). clSeqNr=2167
17:41:38.048 INF Request finished (out of order). clSeqNr=2183
17:41:38.048 INF Request finished (out of order). clSeqNr=2199
17:41:38.048 INF Request finished (out of order). clSeqNr=2215
17:41:38.048 INF Request finished (out of order). clSeqNr=2231
17:41:38.048 INF Request finished (out of order). clSeqNr=2247
17:41:38.048 INF Request finished (out of order). clSeqNr=2263
17:41:38.048 INF Request finished (out of order). clSeqNr=2279
17:41:38.048 INF Request finished (out of order). clSeqNr=2295
17:41:38.048 INF Request finished (out of order). clSeqNr=2152
17:41:38.048 INF Request finished (out of order). clSeqNr=2168
17:41:38.048 INF Request finished (out of order). clSeqNr=2184
17:41:38.048 INF Request finished (out of order). clSeqNr=2200
17:41:38.048 INF Request finished (out of order). clSeqNr=2216
17:41:38.048 INF Request finished (out of order). clSeqNr=2232
17:41:38.048 INF Request finished (out of order). clSeqNr=2248
17:41:38.048 INF Request finished (out of order). clSeqNr=2264
17:41:38.048 INF Request finished (out of order). clSeqNr=2280
17:41:38.048 INF Request finished (out of order). clSeqNr=2296
17:41:38.048 INF Request finished (out of order). clSeqNr=2153
17:41:38.048 INF Request finished (out of order). clSeqNr=2169
17:41:38.048 INF Request finished (out of order). clSeqNr=2185
17:41:38.048 INF Request finished (out of order). clSeqNr=2201
17:41:38.048 INF Request finished (out of order). clSeqNr=2217
17:41:38.048 INF Request finished (out of order). clSeqNr=2233
17:41:38.048 INF Request finished (out of order). clSeqNr=2249
17:41:38.048 INF Request finished (out of order). clSeqNr=2265
17:41:38.048 INF Request finished (out of order). clSeqNr=2281
17:41:38.048 INF Request finished (out of order). clSeqNr=2297
17:41:38.048 INF Request finished (out of order). clSeqNr=2154
17:41:38.048 INF Request finished (out of order). clSeqNr=2170
17:41:38.048 INF Request finished (out of order). clSeqNr=2186
17:41:38.048 INF Request finished (out of order). clSeqNr=2202
17:41:38.048 INF Request finished (out of order). clSeqNr=2218
17:41:38.048 INF Request finished (out of order). clSeqNr=2234
17:41:38.048 INF Request finished (out of order). clSeqNr=2250
17:41:38.048 INF Request finished (out of order). clSeqNr=2266
17:41:38.049 INF Request finished (out of order). clSeqNr=2282
17:41:38.049 INF Request finished (out of order). clSeqNr=2298
17:41:38.049 INF Request finished (out of order). clSeqNr=2155
17:41:38.049 INF Request finished (out of order). clSeqNr=2171
17:41:38.049 INF Request finished (out of order). clSeqNr=2187
17:41:38.049 INF Request finished (out of order). clSeqNr=2203
17:41:38.049 INF Request finished (out of order). clSeqNr=2219
17:41:38.049 INF Request finished (out of order). clSeqNr=2235
17:41:38.049 INF Request finished (out of order). clSeqNr=2251
17:41:38.049 INF Request finished (out of order). clSeqNr=2267
17:41:38.049 INF Request finished (out of order). clSeqNr=2283
17:41:38.049 INF Request finished (out of order). clSeqNr=2299
17:41:38.049 INF Request finished (out of order). clSeqNr=2156
17:41:38.049 INF Request finished (out of order). clSeqNr=2172
17:41:38.049 INF Request finished (out of order). clSeqNr=2188
17:41:38.049 INF Request finished (out of order). clSeqNr=2204
17:41:38.049 INF Request finished (out of order). clSeqNr=2220
17:41:38.049 INF Request finished (out of order). clSeqNr=2236
17:41:38.049 INF Request finished (out of order). clSeqNr=2252
17:41:38.049 INF Request finished (out of order). clSeqNr=2268
17:41:38.049 INF Request finished (out of order). clSeqNr=2284
17:41:38.049 INF Request finished (out of order). clSeqNr=2300
17:41:38.049 INF Request finished (out of order). clSeqNr=2157
17:41:38.049 INF Request finished (out of order). clSeqNr=2173
17:41:38.049 INF Request finished (out of order). clSeqNr=2189
17:41:38.049 INF Request finished (out of order). clSeqNr=2205
17:41:38.049 INF Request finished (out of order). clSeqNr=2221
17:41:38.049 INF Request finished (out of order). clSeqNr=2237
17:41:38.049 INF Request finished (out of order). clSeqNr=2253
17:41:38.049 INF Request finished (out of order). clSeqNr=2269
17:41:38.049 INF Request finished (out of order). clSeqNr=2285
17:41:38.049 INF Request finished (out of order). clSeqNr=2318
17:41:38.049 INF Request finished (out of order). clSeqNr=2174
17:41:38.049 INF Request finished (out of order). clSeqNr=2190
17:41:38.049 INF Request finished (out of order). clSeqNr=2206
17:41:38.049 INF Request finished (out of order). clSeqNr=2222
17:41:38.049 INF Request finished (out of order). clSeqNr=2238
17:41:38.049 INF Request finished (out of order). clSeqNr=2254
17:41:38.049 INF Request finished (out of order). clSeqNr=2270
17:41:38.049 INF Request finished (out of order). clSeqNr=2286
17:41:38.049 INF Request finished (out of order). clSeqNr=2302
17:41:38.049 INF Request finished (out of order). clSeqNr=2319
17:41:38.049 INF Request finished (out of order). clSeqNr=2175
17:41:38.049 INF Request finished (out of order). clSeqNr=2191
17:41:38.049 INF Request finished (out of order). clSeqNr=2207
17:41:38.049 INF Request finished (out of order). clSeqNr=2223
17:41:38.049 INF Request finished (out of order). clSeqNr=2239
17:41:38.049 INF Request finished (out of order). clSeqNr=2255
17:41:38.049 INF Request finished (out of order). clSeqNr=2271
17:41:38.049 INF Request finished (out of order). clSeqNr=2287
17:41:38.049 INF Request finished (out of order). clSeqNr=2303
17:41:38.049 INF Request finished (out of order). clSeqNr=2320
17:41:38.049 INF Request finished (out of order). clSeqNr=2176
17:41:38.049 INF Request finished (out of order). clSeqNr=2192
17:41:38.049 INF Request finished (out of order). clSeqNr=2208
17:41:38.049 INF Request finished (out of order). clSeqNr=2224
17:41:38.049 INF Request finished (out of order). clSeqNr=2240
17:41:38.049 INF Request finished (out of order). clSeqNr=2256
17:41:38.049 INF Request finished (out of order). clSeqNr=2272
17:41:38.049 INF Request finished (out of order). clSeqNr=2288
17:41:38.049 INF Request finished (out of order). clSeqNr=2304
17:41:38.049 INF Request finished (out of order). clSeqNr=2321
17:41:38.049 INF Request finished (out of order). clSeqNr=2177
17:41:38.049 INF Request finished (out of order). clSeqNr=2193
17:41:38.049 INF Request finished (out of order). clSeqNr=2209
17:41:38.049 INF Request finished (out of order). clSeqNr=2225
17:41:38.049 INF Request finished (out of order). clSeqNr=2241
17:41:38.049 INF Request finished (out of order). clSeqNr=2257
17:41:38.049 INF Request finished (out of order). clSeqNr=2273
17:41:38.049 INF Request finished (out of order). clSeqNr=2289
17:41:38.049 INF Request finished (out of order). clSeqNr=2305
17:41:38.049 INF Request finished (out of order). clSeqNr=1026
17:41:38.049 INF Request delivered (in order). clSeqNr=1026
17:41:38.049 INF Request delivered (in order). clSeqNr=1027
17:41:38.050 INF Request delivered (in order). clSeqNr=1028
17:41:38.050 INF Request delivered (in order). clSeqNr=1029
17:41:38.050 INF Request delivered (in order). clSeqNr=1030
17:41:38.050 INF Request delivered (in order). clSeqNr=1031
17:41:38.050 INF Request delivered (in order). clSeqNr=1032
17:41:38.050 INF Request delivered (in order). clSeqNr=1033
17:41:38.050 INF Request delivered (in order). clSeqNr=1034
17:41:38.050 INF Request delivered (in order). clSeqNr=1035
17:41:38.050 INF Request delivered (in order). clSeqNr=1036
17:41:38.050 INF Request delivered (in order). clSeqNr=1037
17:41:38.050 INF Request delivered (in order). clSeqNr=1038
17:41:38.050 INF Request delivered (in order). clSeqNr=1039
17:41:38.050 INF Request delivered (in order). clSeqNr=1040
17:41:38.050 INF Request delivered (in order). clSeqNr=1041
17:41:38.050 INF Request finished (out of order). clSeqNr=1042
17:41:38.050 INF Request delivered (in order). clSeqNr=1042
17:41:38.050 INF Request delivered (in order). clSeqNr=1043
17:41:38.050 INF Request delivered (in order). clSeqNr=1044
17:41:38.050 INF Request delivered (in order). clSeqNr=1045
17:41:38.050 INF Request delivered (in order). clSeqNr=1046
17:41:38.050 INF Request delivered (in order). clSeqNr=1047
17:41:38.050 INF Request delivered (in order). clSeqNr=1048
17:41:38.050 INF Request delivered (in order). clSeqNr=1049
17:41:38.050 INF Request delivered (in order). clSeqNr=1050
17:41:38.050 INF Request delivered (in order). clSeqNr=1051
17:41:38.050 INF Request delivered (in order). clSeqNr=1052
17:41:38.050 INF Request delivered (in order). clSeqNr=1053
17:41:38.050 INF Request delivered (in order). clSeqNr=1054
17:41:38.050 INF Request delivered (in order). clSeqNr=1055
17:41:38.050 INF Request delivered (in order). clSeqNr=1056
17:41:38.050 INF Request delivered (in order). clSeqNr=1057
17:41:38.050 INF Request finished (out of order). clSeqNr=1058
17:41:38.050 INF Request delivered (in order). clSeqNr=1058
17:41:38.050 INF Request delivered (in order). clSeqNr=1059
17:41:38.050 INF Request delivered (in order). clSeqNr=1060
17:41:38.050 INF Request delivered (in order). clSeqNr=1061
17:41:38.050 INF Request delivered (in order). clSeqNr=1062
17:41:38.050 INF Request delivered (in order). clSeqNr=1063
17:41:38.050 INF Request delivered (in order). clSeqNr=1064
17:41:38.050 INF Request delivered (in order). clSeqNr=1065
17:41:38.050 INF Request delivered (in order). clSeqNr=1066
17:41:38.050 INF Request delivered (in order). clSeqNr=1067
17:41:38.050 INF Request delivered (in order). clSeqNr=1068
17:41:38.050 INF Request delivered (in order). clSeqNr=1069
17:41:38.050 INF Request delivered (in order). clSeqNr=1070
17:41:38.050 INF Request delivered (in order). clSeqNr=1071
17:41:38.050 INF Request delivered (in order). clSeqNr=1072
17:41:38.050 INF Request delivered (in order). clSeqNr=1073
17:41:38.050 INF Request finished (out of order). clSeqNr=1074
17:41:38.050 INF Request delivered (in order). clSeqNr=1074
17:41:38.050 INF Request delivered (in order). clSeqNr=1075
17:41:38.050 INF Request delivered (in order). clSeqNr=1076
17:41:38.050 INF Request delivered (in order). clSeqNr=1077
17:41:38.050 INF Request delivered (in order). clSeqNr=1078
17:41:38.050 INF Request delivered (in order). clSeqNr=1079
17:41:38.050 INF Request delivered (in order). clSeqNr=1080
17:41:38.050 INF Request delivered (in order). clSeqNr=1081
17:41:38.050 INF Request delivered (in order). clSeqNr=1082
17:41:38.050 INF Request delivered (in order). clSeqNr=1083
17:41:38.050 INF Request delivered (in order). clSeqNr=1084
17:41:38.050 INF Request delivered (in order). clSeqNr=1085
17:41:38.050 INF Request delivered (in order). clSeqNr=1086
17:41:38.050 INF Request delivered (in order). clSeqNr=1087
17:41:38.050 INF Request delivered (in order). clSeqNr=1088
17:41:38.050 INF Request delivered (in order). clSeqNr=1089
17:41:38.050 INF Request finished (out of order). clSeqNr=1090
17:41:38.051 INF Request delivered (in order). clSeqNr=1090
17:41:38.051 INF Request delivered (in order). clSeqNr=1091
17:41:38.051 INF Request delivered (in order). clSeqNr=1092
17:41:38.051 INF Request delivered (in order). clSeqNr=1093
17:41:38.051 INF Request delivered (in order). clSeqNr=1094
17:41:38.051 INF Request delivered (in order). clSeqNr=1095
17:41:38.051 INF Request delivered (in order). clSeqNr=1096
17:41:38.051 INF Request delivered (in order). clSeqNr=1097
17:41:38.051 INF Request delivered (in order). clSeqNr=1098
17:41:38.051 INF Request delivered (in order). clSeqNr=1099
17:41:38.051 INF Request delivered (in order). clSeqNr=1100
17:41:38.051 INF Request delivered (in order). clSeqNr=1101
17:41:38.051 INF Request delivered (in order). clSeqNr=1102
17:41:38.051 INF Request delivered (in order). clSeqNr=1103
17:41:38.051 INF Request delivered (in order). clSeqNr=1104
17:41:38.051 INF Request delivered (in order). clSeqNr=1105
17:41:38.051 INF Request finished (out of order). clSeqNr=1106
17:41:38.051 INF Request delivered (in order). clSeqNr=1106
17:41:38.051 INF Request delivered (in order). clSeqNr=1107
17:41:38.051 INF Request delivered (in order). clSeqNr=1108
17:41:38.051 INF Request delivered (in order). clSeqNr=1109
17:41:38.051 INF Request delivered (in order). clSeqNr=1110
17:41:38.051 INF Request delivered (in order). clSeqNr=1111
17:41:38.051 INF Request delivered (in order). clSeqNr=1112
17:41:38.051 INF Request delivered (in order). clSeqNr=1113
17:41:38.051 INF Request delivered (in order). clSeqNr=1114
17:41:38.051 INF Request delivered (in order). clSeqNr=1115
17:41:38.051 INF Request delivered (in order). clSeqNr=1116
17:41:38.051 INF Request delivered (in order). clSeqNr=1117
17:41:38.051 INF Request delivered (in order). clSeqNr=1118
17:41:38.051 INF Request delivered (in order). clSeqNr=1119
17:41:38.051 INF Request delivered (in order). clSeqNr=1120
17:41:38.051 INF Request delivered (in order). clSeqNr=1121
17:41:38.051 INF Request finished (out of order). clSeqNr=1122
17:41:38.051 INF Request delivered (in order). clSeqNr=1122
17:41:38.051 INF Request delivered (in order). clSeqNr=1123
17:41:38.051 INF Request delivered (in order). clSeqNr=1124
17:41:38.051 INF Request delivered (in order). clSeqNr=1125
17:41:38.051 INF Request delivered (in order). clSeqNr=1126
17:41:38.051 INF Request delivered (in order). clSeqNr=1127
17:41:38.051 INF Request delivered (in order). clSeqNr=1128
17:41:38.051 INF Request delivered (in order). clSeqNr=1129
17:41:38.051 INF Request delivered (in order). clSeqNr=1130
17:41:38.051 INF Request delivered (in order). clSeqNr=1131
17:41:38.051 INF Request delivered (in order). clSeqNr=1132
17:41:38.051 INF Request delivered (in order). clSeqNr=1133
17:41:38.051 INF Request delivered (in order). clSeqNr=1134
17:41:38.051 INF Request delivered (in order). clSeqNr=1135
17:41:38.051 INF Request delivered (in order). clSeqNr=1136
17:41:38.051 INF Request delivered (in order). clSeqNr=1137
17:41:38.051 INF Request finished (out of order). clSeqNr=1138
17:41:38.051 INF Request delivered (in order). clSeqNr=1138
17:41:38.051 INF Request delivered (in order). clSeqNr=1139
17:41:38.051 INF Request delivered (in order). clSeqNr=1140
17:41:38.051 INF Request delivered (in order). clSeqNr=1141
17:41:38.051 INF Request delivered (in order). clSeqNr=1142
17:41:38.051 INF Request delivered (in order). clSeqNr=1143
17:41:38.051 INF Request delivered (in order). clSeqNr=1144
17:41:38.051 INF Request delivered (in order). clSeqNr=1145
17:41:38.051 INF Request delivered (in order). clSeqNr=1146
17:41:38.051 INF Request delivered (in order). clSeqNr=1147
17:41:38.051 INF Request delivered (in order). clSeqNr=1148
17:41:38.051 INF Request delivered (in order). clSeqNr=1149
17:41:38.051 INF Request delivered (in order). clSeqNr=1150
17:41:38.051 INF Request delivered (in order). clSeqNr=1151
17:41:38.051 INF Request delivered (in order). clSeqNr=1152
17:41:38.051 INF Request delivered (in order). clSeqNr=1153
17:41:38.051 INF Request finished (out of order). clSeqNr=2307
17:41:38.051 INF Request finished (out of order). clSeqNr=2323
17:41:38.051 INF Request finished (out of order). clSeqNr=2339
17:41:38.051 INF Request finished (out of order). clSeqNr=2355
17:41:38.051 INF Request finished (out of order). clSeqNr=2371
17:41:38.052 INF Request finished (out of order). clSeqNr=2387
17:41:38.052 INF Request finished (out of order). clSeqNr=2403
17:41:38.052 INF Request finished (out of order). clSeqNr=2308
17:41:38.052 INF Request finished (out of order). clSeqNr=2324
17:41:38.052 INF Request finished (out of order). clSeqNr=2340
17:41:38.052 INF Request finished (out of order). clSeqNr=2356
17:41:38.052 INF Request finished (out of order). clSeqNr=2372
17:41:38.052 INF Request finished (out of order). clSeqNr=2388
17:41:38.052 INF Request finished (out of order). clSeqNr=2309
17:41:38.052 INF Request finished (out of order). clSeqNr=2325
17:41:38.052 INF Request finished (out of order). clSeqNr=2341
17:41:38.052 INF Request finished (out of order). clSeqNr=2357
17:41:38.052 INF Request finished (out of order). clSeqNr=2373
17:41:38.052 INF Request finished (out of order). clSeqNr=2389
17:41:38.052 INF Request finished (out of order). clSeqNr=2405
17:41:38.102 INF Request finished (out of order). clSeqNr=2310
17:41:38.102 INF Request finished (out of order). clSeqNr=2326
17:41:38.102 INF Request finished (out of order). clSeqNr=2342
17:41:38.102 INF Request finished (out of order). clSeqNr=2358
17:41:38.102 INF Request finished (out of order). clSeqNr=2374
17:41:38.102 INF Request finished (out of order). clSeqNr=2390
17:41:38.104 INF Request finished (out of order). clSeqNr=2311
17:41:38.104 INF Request finished (out of order). clSeqNr=2327
17:41:38.104 INF Request finished (out of order). clSeqNr=2343
17:41:38.104 INF Request finished (out of order). clSeqNr=2359
17:41:38.104 INF Request finished (out of order). clSeqNr=2375
17:41:38.105 INF Request finished (out of order). clSeqNr=2391
17:41:38.105 INF Request finished (out of order). clSeqNr=2312
17:41:38.105 INF Request finished (out of order). clSeqNr=2328
17:41:38.105 INF Request finished (out of order). clSeqNr=2344
17:41:38.105 INF Request finished (out of order). clSeqNr=2360
17:41:38.105 INF Request finished (out of order). clSeqNr=2376
17:41:38.107 INF Request finished (out of order). clSeqNr=2392
17:41:38.107 INF Request finished (out of order). clSeqNr=2456
17:41:38.165 INF Request finished (out of order). clSeqNr=2313
17:41:38.165 INF Request finished (out of order). clSeqNr=2329
17:41:38.165 INF Request finished (out of order). clSeqNr=2345
17:41:38.165 INF Request finished (out of order). clSeqNr=2361
17:41:38.165 INF Request finished (out of order). clSeqNr=2377
17:41:38.165 INF Request finished (out of order). clSeqNr=2393
17:41:38.165 INF Request finished (out of order). clSeqNr=2314
17:41:38.165 INF Request finished (out of order). clSeqNr=2330
17:41:38.165 INF Request finished (out of order). clSeqNr=2346
17:41:38.165 INF Request finished (out of order). clSeqNr=2362
17:41:38.165 INF Request finished (out of order). clSeqNr=2378
17:41:38.165 INF Request finished (out of order). clSeqNr=2394
17:41:38.165 INF Request finished (out of order). clSeqNr=2315
17:41:38.165 INF Request finished (out of order). clSeqNr=2331
17:41:38.165 INF Request finished (out of order). clSeqNr=2347
17:41:38.165 INF Request finished (out of order). clSeqNr=2363
17:41:38.165 INF Request finished (out of order). clSeqNr=2379
17:41:38.165 INF Request finished (out of order). clSeqNr=2395
17:41:38.165 INF Request finished (out of order). clSeqNr=2316
17:41:38.165 INF Request finished (out of order). clSeqNr=2332
17:41:38.165 INF Request finished (out of order). clSeqNr=2348
17:41:38.165 INF Request finished (out of order). clSeqNr=2364
17:41:38.165 INF Request finished (out of order). clSeqNr=2380
17:41:38.165 INF Request finished (out of order). clSeqNr=2396
17:41:38.165 INF Request finished (out of order). clSeqNr=2317
17:41:38.165 INF Request finished (out of order). clSeqNr=2333
17:41:38.165 INF Request finished (out of order). clSeqNr=2349
17:41:38.165 INF Request finished (out of order). clSeqNr=2365
17:41:38.165 INF Request finished (out of order). clSeqNr=2381
17:41:38.165 INF Request finished (out of order). clSeqNr=2397
17:41:38.165 INF Request finished (out of order). clSeqNr=2301
17:41:38.165 INF Request finished (out of order). clSeqNr=2334
17:41:38.165 INF Request finished (out of order). clSeqNr=2350
17:41:38.165 INF Request finished (out of order). clSeqNr=2366
17:41:38.165 INF Request finished (out of order). clSeqNr=2382
17:41:38.165 INF Request finished (out of order). clSeqNr=2398
17:41:38.165 INF Request finished (out of order). clSeqNr=2430
17:41:38.165 INF Request finished (out of order). clSeqNr=2335
17:41:38.165 INF Request finished (out of order). clSeqNr=2351
17:41:38.165 INF Request finished (out of order). clSeqNr=2367
17:41:38.165 INF Request finished (out of order). clSeqNr=2383
17:41:38.165 INF Request finished (out of order). clSeqNr=2399
17:41:38.165 INF Request finished (out of order). clSeqNr=2415
17:41:38.165 INF Request finished (out of order). clSeqNr=2336
17:41:38.165 INF Request finished (out of order). clSeqNr=2352
17:41:38.165 INF Request finished (out of order). clSeqNr=2368
17:41:38.165 INF Request finished (out of order). clSeqNr=2384
17:41:38.165 INF Request finished (out of order). clSeqNr=2400
17:41:38.165 INF Request finished (out of order). clSeqNr=2337
17:41:38.165 INF Request finished (out of order). clSeqNr=2353
17:41:38.165 INF Request finished (out of order). clSeqNr=2369
17:41:38.165 INF Request finished (out of order). clSeqNr=2385
17:41:38.166 INF Request finished (out of order). clSeqNr=2401
17:41:38.166 INF Request finished (out of order). clSeqNr=2417
17:41:42.919 INF Request finished (out of order). clSeqNr=2419
17:41:42.919 INF Request finished (out of order). clSeqNr=2435
17:41:42.919 INF Request finished (out of order). clSeqNr=2451
17:41:42.919 INF Request finished (out of order). clSeqNr=2467
17:41:42.920 INF Request finished (out of order). clSeqNr=2483
17:41:42.920 INF Request finished (out of order). clSeqNr=2499
17:41:42.921 INF Request finished (out of order). clSeqNr=2515
17:41:42.921 INF Request finished (out of order). clSeqNr=2531
17:41:42.921 INF Request finished (out of order). clSeqNr=2547
17:41:42.923 INF Request finished (out of order). clSeqNr=2404
17:41:42.924 INF Request finished (out of order). clSeqNr=2420
17:41:42.924 INF Request finished (out of order). clSeqNr=2436
17:41:42.924 INF Request finished (out of order). clSeqNr=2452
17:41:42.925 INF Request finished (out of order). clSeqNr=2468
17:41:42.925 INF Request finished (out of order). clSeqNr=2484
17:41:42.925 INF Request finished (out of order). clSeqNr=2500
17:41:42.927 INF Request finished (out of order). clSeqNr=2516
17:41:42.927 INF Request finished (out of order). clSeqNr=2532
17:41:42.928 INF Request finished (out of order). clSeqNr=2548
17:41:42.929 INF Request finished (out of order). clSeqNr=2421
17:41:42.930 INF Request finished (out of order). clSeqNr=2437
17:41:42.930 INF Request finished (out of order). clSeqNr=2453
17:41:42.930 INF Request finished (out of order). clSeqNr=2469
17:41:42.930 INF Request finished (out of order). clSeqNr=2485
17:41:42.930 INF Request finished (out of order). clSeqNr=2501
17:41:42.930 INF Request finished (out of order). clSeqNr=2517
17:41:42.931 INF Request finished (out of order). clSeqNr=2533
17:41:42.931 INF Request finished (out of order). clSeqNr=2549
17:41:42.934 INF Request finished (out of order). clSeqNr=2406
17:41:42.934 INF Request finished (out of order). clSeqNr=2422
17:41:42.934 INF Request finished (out of order). clSeqNr=2438
17:41:42.935 INF Request finished (out of order). clSeqNr=2454
17:41:42.935 INF Request finished (out of order). clSeqNr=2470
17:41:42.935 INF Request finished (out of order). clSeqNr=2486
17:41:42.942 INF Request finished (out of order). clSeqNr=2502
17:41:42.942 INF Request finished (out of order). clSeqNr=2518
17:41:43.028 INF Request finished (out of order). clSeqNr=2534
17:41:43.039 INF Request finished (out of order). clSeqNr=2550
17:41:43.039 INF Request finished (out of order). clSeqNr=2407
17:41:43.039 INF Request finished (out of order). clSeqNr=2423
17:41:43.039 INF Request finished (out of order). clSeqNr=2439
17:41:43.039 INF Request finished (out of order). clSeqNr=2455
17:41:43.039 INF Request finished (out of order). clSeqNr=2471
17:41:43.039 INF Request finished (out of order). clSeqNr=2487
17:41:43.040 INF Request finished (out of order). clSeqNr=2503
17:41:43.040 INF Request finished (out of order). clSeqNr=2519
17:41:43.040 INF Request finished (out of order). clSeqNr=2535
17:41:43.040 INF Request finished (out of order). clSeqNr=2551
17:41:43.040 INF Request finished (out of order). clSeqNr=2408
17:41:43.040 INF Request finished (out of order). clSeqNr=2424
17:41:43.040 INF Request finished (out of order). clSeqNr=2440
17:41:43.040 INF Request finished (out of order). clSeqNr=2472
17:41:43.040 INF Request finished (out of order). clSeqNr=2488
17:41:43.040 INF Request finished (out of order). clSeqNr=2504
17:41:43.040 INF Request finished (out of order). clSeqNr=2520
17:41:43.040 INF Request finished (out of order). clSeqNr=2536
17:41:43.040 INF Request finished (out of order). clSeqNr=2552
17:41:43.040 INF Request finished (out of order). clSeqNr=2409
17:41:43.040 INF Request finished (out of order). clSeqNr=2425
17:41:43.040 INF Request finished (out of order). clSeqNr=2441
17:41:43.040 INF Request finished (out of order). clSeqNr=2457
17:41:43.040 INF Request finished (out of order). clSeqNr=2473
17:41:43.040 INF Request finished (out of order). clSeqNr=2489
17:41:43.040 INF Request finished (out of order). clSeqNr=2505
17:41:43.040 INF Request finished (out of order). clSeqNr=2521
17:41:43.040 INF Request finished (out of order). clSeqNr=2537
17:41:43.040 INF Request finished (out of order). clSeqNr=2553
17:41:43.040 INF Request finished (out of order). clSeqNr=2410
17:41:43.040 INF Request finished (out of order). clSeqNr=2426
17:41:43.040 INF Request finished (out of order). clSeqNr=2442
17:41:43.040 INF Request finished (out of order). clSeqNr=2458
17:41:43.040 INF Request finished (out of order). clSeqNr=2474
17:41:43.040 INF Request finished (out of order). clSeqNr=2490
17:41:43.040 INF Request finished (out of order). clSeqNr=2506
17:41:43.040 INF Request finished (out of order). clSeqNr=2522
17:41:43.040 INF Request finished (out of order). clSeqNr=2538
17:41:43.040 INF Request finished (out of order). clSeqNr=2554
17:41:43.040 INF Request finished (out of order). clSeqNr=2411
17:41:43.040 INF Request finished (out of order). clSeqNr=2427
17:41:43.040 INF Request finished (out of order). clSeqNr=2443
17:41:43.040 INF Request finished (out of order). clSeqNr=2459
17:41:43.040 INF Request finished (out of order). clSeqNr=2475
17:41:43.040 INF Request finished (out of order). clSeqNr=2491
17:41:43.040 INF Request finished (out of order). clSeqNr=2507
17:41:43.040 INF Request finished (out of order). clSeqNr=2523
17:41:43.041 INF Request finished (out of order). clSeqNr=2539
17:41:43.041 INF Request finished (out of order). clSeqNr=2555
17:41:43.041 INF Request finished (out of order). clSeqNr=2412
17:41:43.041 INF Request finished (out of order). clSeqNr=2428
17:41:43.041 INF Request finished (out of order). clSeqNr=2444
17:41:43.041 INF Request finished (out of order). clSeqNr=2460
17:41:43.041 INF Request finished (out of order). clSeqNr=2476
17:41:43.041 INF Request finished (out of order). clSeqNr=2492
17:41:43.041 INF Request finished (out of order). clSeqNr=2508
17:41:43.041 INF Request finished (out of order). clSeqNr=2524
17:41:43.041 INF Request finished (out of order). clSeqNr=2540
17:41:43.041 INF Request finished (out of order). clSeqNr=2556
17:41:43.041 INF Request finished (out of order). clSeqNr=2413
17:41:43.041 INF Request finished (out of order). clSeqNr=2429
17:41:43.041 INF Request finished (out of order). clSeqNr=2445
17:41:43.041 INF Request finished (out of order). clSeqNr=2461
17:41:43.041 INF Request finished (out of order). clSeqNr=2477
17:41:43.041 INF Request finished (out of order). clSeqNr=2493
17:41:43.041 INF Request finished (out of order). clSeqNr=2509
17:41:43.041 INF Request finished (out of order). clSeqNr=2525
17:41:43.041 INF Request finished (out of order). clSeqNr=2541
17:41:43.041 INF Request finished (out of order). clSeqNr=2574
17:41:43.041 INF Request finished (out of order). clSeqNr=2414
17:41:43.041 INF Request finished (out of order). clSeqNr=2446
17:41:43.041 INF Request finished (out of order). clSeqNr=2462
17:41:43.041 INF Request finished (out of order). clSeqNr=2478
17:41:43.041 INF Request finished (out of order). clSeqNr=2494
17:41:43.041 INF Request finished (out of order). clSeqNr=2510
17:41:43.041 INF Request finished (out of order). clSeqNr=2526
17:41:43.041 INF Request finished (out of order). clSeqNr=2542
17:41:43.041 INF Request finished (out of order). clSeqNr=2558
17:41:43.041 INF Request finished (out of order). clSeqNr=2575
17:41:43.041 INF Request finished (out of order). clSeqNr=2431
17:41:43.041 INF Request finished (out of order). clSeqNr=2447
17:41:43.041 INF Request finished (out of order). clSeqNr=2463
17:41:43.041 INF Request finished (out of order). clSeqNr=2479
17:41:43.041 INF Request finished (out of order). clSeqNr=2495
17:41:43.041 INF Request finished (out of order). clSeqNr=2511
17:41:43.041 INF Request finished (out of order). clSeqNr=2527
17:41:43.041 INF Request finished (out of order). clSeqNr=2543
17:41:43.041 INF Request finished (out of order). clSeqNr=2559
17:41:43.041 INF Request finished (out of order). clSeqNr=2576
17:41:43.041 INF Request finished (out of order). clSeqNr=2416
17:41:43.041 INF Request finished (out of order). clSeqNr=2432
17:41:43.041 INF Request finished (out of order). clSeqNr=2448
17:41:43.041 INF Request finished (out of order). clSeqNr=2464
17:41:43.041 INF Request finished (out of order). clSeqNr=2480
17:41:43.041 INF Request finished (out of order). clSeqNr=2496
17:41:43.042 INF Request finished (out of order). clSeqNr=2512
17:41:43.042 INF Request finished (out of order). clSeqNr=2528
17:41:43.042 INF Request finished (out of order). clSeqNr=2544
17:41:43.042 INF Request finished (out of order). clSeqNr=2560
17:41:43.042 INF Request finished (out of order). clSeqNr=2577
17:41:43.042 INF Request finished (out of order). clSeqNr=2433
17:41:43.042 INF Request finished (out of order). clSeqNr=2449
17:41:43.042 INF Request finished (out of order). clSeqNr=2465
17:41:43.042 INF Request finished (out of order). clSeqNr=2481
17:41:43.042 INF Request finished (out of order). clSeqNr=2497
17:41:43.042 INF Request finished (out of order). clSeqNr=2513
17:41:43.042 INF Request finished (out of order). clSeqNr=2529
17:41:43.042 INF Request finished (out of order). clSeqNr=2545
17:41:43.042 INF Request finished (out of order). clSeqNr=2561
17:41:43.042 INF Request finished (out of order). clSeqNr=1154
17:41:43.042 INF Request delivered (in order). clSeqNr=1154
17:41:43.042 INF Request delivered (in order). clSeqNr=1155
17:41:43.042 INF Request delivered (in order). clSeqNr=1156
17:41:43.042 INF Request delivered (in order). clSeqNr=1157
17:41:43.042 INF Request delivered (in order). clSeqNr=1158
17:41:43.042 INF Request delivered (in order). clSeqNr=1159
17:41:43.042 INF Request delivered (in order). clSeqNr=1160
17:41:43.042 INF Request delivered (in order). clSeqNr=1161
17:41:43.042 INF Request delivered (in order). clSeqNr=1162
17:41:43.042 INF Request delivered (in order). clSeqNr=1163
17:41:43.042 INF Request delivered (in order). clSeqNr=1164
17:41:43.042 INF Request delivered (in order). clSeqNr=1165
17:41:43.042 INF Request delivered (in order). clSeqNr=1166
17:41:43.042 INF Request delivered (in order). clSeqNr=1167
17:41:43.042 INF Request delivered (in order). clSeqNr=1168
17:41:43.042 INF Request delivered (in order). clSeqNr=1169
17:41:43.042 INF Request finished (out of order). clSeqNr=1170
17:41:43.042 INF Request delivered (in order). clSeqNr=1170
17:41:43.042 INF Request delivered (in order). clSeqNr=1171
17:41:43.042 INF Request delivered (in order). clSeqNr=1172
17:41:43.042 INF Request delivered (in order). clSeqNr=1173
17:41:43.042 INF Request delivered (in order). clSeqNr=1174
17:41:43.042 INF Request delivered (in order). clSeqNr=1175
17:41:43.042 INF Request delivered (in order). clSeqNr=1176
17:41:43.042 INF Request delivered (in order). clSeqNr=1177
17:41:43.042 INF Request delivered (in order). clSeqNr=1178
17:41:43.042 INF Request delivered (in order). clSeqNr=1179
17:41:43.042 INF Request delivered (in order). clSeqNr=1180
17:41:43.042 INF Request delivered (in order). clSeqNr=1181
17:41:43.042 INF Request delivered (in order). clSeqNr=1182
17:41:43.042 INF Request delivered (in order). clSeqNr=1183
17:41:43.042 INF Request delivered (in order). clSeqNr=1184
17:41:43.042 INF Request delivered (in order). clSeqNr=1185
17:41:43.042 INF Request finished (out of order). clSeqNr=1186
17:41:43.042 INF Request delivered (in order). clSeqNr=1186
17:41:43.042 INF Request delivered (in order). clSeqNr=1187
17:41:43.042 INF Request delivered (in order). clSeqNr=1188
17:41:43.042 INF Request delivered (in order). clSeqNr=1189
17:41:43.042 INF Request delivered (in order). clSeqNr=1190
17:41:43.042 INF Request delivered (in order). clSeqNr=1191
17:41:43.042 INF Request delivered (in order). clSeqNr=1192
17:41:43.042 INF Request delivered (in order). clSeqNr=1193
17:41:43.042 INF Request delivered (in order). clSeqNr=1194
17:41:43.042 INF Request delivered (in order). clSeqNr=1195
17:41:43.042 INF Request delivered (in order). clSeqNr=1196
17:41:43.042 INF Request delivered (in order). clSeqNr=1197
17:41:43.042 INF Request delivered (in order). clSeqNr=1198
17:41:43.042 INF Request delivered (in order). clSeqNr=1199
17:41:43.042 INF Request delivered (in order). clSeqNr=1200
17:41:43.042 INF Request delivered (in order). clSeqNr=1201
17:41:43.043 INF Request finished (out of order). clSeqNr=1202
17:41:43.043 INF Request delivered (in order). clSeqNr=1202
17:41:43.043 INF Request delivered (in order). clSeqNr=1203
17:41:43.043 INF Request delivered (in order). clSeqNr=1204
17:41:43.043 INF Request delivered (in order). clSeqNr=1205
17:41:43.043 INF Request delivered (in order). clSeqNr=1206
17:41:43.043 INF Request delivered (in order). clSeqNr=1207
17:41:43.043 INF Request delivered (in order). clSeqNr=1208
17:41:43.043 INF Request delivered (in order). clSeqNr=1209
17:41:43.043 INF Request delivered (in order). clSeqNr=1210
17:41:43.043 INF Request delivered (in order). clSeqNr=1211
17:41:43.043 INF Request delivered (in order). clSeqNr=1212
17:41:43.043 INF Request delivered (in order). clSeqNr=1213
17:41:43.043 INF Request delivered (in order). clSeqNr=1214
17:41:43.043 INF Request delivered (in order). clSeqNr=1215
17:41:43.043 INF Request delivered (in order). clSeqNr=1216
17:41:43.043 INF Request delivered (in order). clSeqNr=1217
17:41:43.043 INF Request finished (out of order). clSeqNr=1218
17:41:43.043 INF Request delivered (in order). clSeqNr=1218
17:41:43.043 INF Request delivered (in order). clSeqNr=1219
17:41:43.043 INF Request delivered (in order). clSeqNr=1220
17:41:43.043 INF Request delivered (in order). clSeqNr=1221
17:41:43.043 INF Request delivered (in order). clSeqNr=1222
17:41:43.043 INF Request delivered (in order). clSeqNr=1223
17:41:43.043 INF Request delivered (in order). clSeqNr=1224
17:41:43.043 INF Request delivered (in order). clSeqNr=1225
17:41:43.043 INF Request delivered (in order). clSeqNr=1226
17:41:43.043 INF Request delivered (in order). clSeqNr=1227
17:41:43.043 INF Request delivered (in order). clSeqNr=1228
17:41:43.043 INF Request delivered (in order). clSeqNr=1229
17:41:43.043 INF Request delivered (in order). clSeqNr=1230
17:41:43.043 INF Request delivered (in order). clSeqNr=1231
17:41:43.043 INF Request delivered (in order). clSeqNr=1232
17:41:43.043 INF Request delivered (in order). clSeqNr=1233
17:41:43.043 INF Request finished (out of order). clSeqNr=1234
17:41:43.043 INF Request delivered (in order). clSeqNr=1234
17:41:43.043 INF Request delivered (in order). clSeqNr=1235
17:41:43.043 INF Request delivered (in order). clSeqNr=1236
17:41:43.043 INF Request delivered (in order). clSeqNr=1237
17:41:43.043 INF Request delivered (in order). clSeqNr=1238
17:41:43.043 INF Request delivered (in order). clSeqNr=1239
17:41:43.043 INF Request delivered (in order). clSeqNr=1240
17:41:43.043 INF Request delivered (in order). clSeqNr=1241
17:41:43.043 INF Request delivered (in order). clSeqNr=1242
17:41:43.043 INF Request delivered (in order). clSeqNr=1243
17:41:43.043 INF Request delivered (in order). clSeqNr=1244
17:41:43.043 INF Request delivered (in order). clSeqNr=1245
17:41:43.043 INF Request delivered (in order). clSeqNr=1246
17:41:43.043 INF Request delivered (in order). clSeqNr=1247
17:41:43.043 INF Request delivered (in order). clSeqNr=1248
17:41:43.043 INF Request delivered (in order). clSeqNr=1249
17:41:43.043 INF Request finished (out of order). clSeqNr=1250
17:41:43.043 INF Request delivered (in order). clSeqNr=1250
17:41:43.043 INF Request delivered (in order). clSeqNr=1251
17:41:43.043 INF Request delivered (in order). clSeqNr=1252
17:41:43.043 INF Request delivered (in order). clSeqNr=1253
17:41:43.043 INF Request delivered (in order). clSeqNr=1254
17:41:43.043 INF Request delivered (in order). clSeqNr=1255
17:41:43.043 INF Request delivered (in order). clSeqNr=1256
17:41:43.043 INF Request delivered (in order). clSeqNr=1257
17:41:43.043 INF Request delivered (in order). clSeqNr=1258
17:41:43.043 INF Request delivered (in order). clSeqNr=1259
17:41:43.043 INF Request delivered (in order). clSeqNr=1260
17:41:43.043 INF Request delivered (in order). clSeqNr=1261
17:41:43.043 INF Request delivered (in order). clSeqNr=1262
17:41:43.043 INF Request delivered (in order). clSeqNr=1263
17:41:43.043 INF Request delivered (in order). clSeqNr=1264
17:41:43.043 INF Request delivered (in order). clSeqNr=1265
17:41:43.043 INF Request finished (out of order). clSeqNr=1266
17:41:43.043 INF Request delivered (in order). clSeqNr=1266
17:41:43.043 INF Request delivered (in order). clSeqNr=1267
17:41:43.043 INF Request delivered (in order). clSeqNr=1268
17:41:43.043 INF Request delivered (in order). clSeqNr=1269
17:41:43.043 INF Request delivered (in order). clSeqNr=1270
17:41:43.043 INF Request delivered (in order). clSeqNr=1271
17:41:43.044 INF Request delivered (in order). clSeqNr=1272
17:41:43.044 INF Request delivered (in order). clSeqNr=1273
17:41:43.044 INF Request delivered (in order). clSeqNr=1274
17:41:43.044 INF Request delivered (in order). clSeqNr=1275
17:41:43.044 INF Request delivered (in order). clSeqNr=1276
17:41:43.044 INF Request delivered (in order). clSeqNr=1277
17:41:43.044 INF Request delivered (in order). clSeqNr=1278
17:41:43.044 INF Request delivered (in order). clSeqNr=1279
17:41:43.044 INF Request delivered (in order). clSeqNr=1280
17:41:43.044 INF Request delivered (in order). clSeqNr=1281
17:41:43.044 INF Request finished (out of order). clSeqNr=2563
17:41:43.044 INF Request finished (out of order). clSeqNr=2579
17:41:43.044 INF Request finished (out of order). clSeqNr=2595
17:41:43.044 INF Request finished (out of order). clSeqNr=2611
17:41:43.044 INF Request finished (out of order). clSeqNr=2627
17:41:43.044 INF Request finished (out of order). clSeqNr=2643
17:41:43.044 INF Request finished (out of order). clSeqNr=2659
17:41:43.044 INF Request finished (out of order). clSeqNr=2564
17:41:43.044 INF Request finished (out of order). clSeqNr=2580
17:41:43.044 INF Request finished (out of order). clSeqNr=2596
17:41:43.044 INF Request finished (out of order). clSeqNr=2612
17:41:43.044 INF Request finished (out of order). clSeqNr=2628
17:41:43.044 INF Request finished (out of order). clSeqNr=2644
17:41:43.044 INF Request finished (out of order). clSeqNr=2660
17:41:43.044 INF Request finished (out of order). clSeqNr=2565
17:41:43.044 INF Request finished (out of order). clSeqNr=2581
17:41:43.044 INF Request finished (out of order). clSeqNr=2597
17:41:43.044 INF Request finished (out of order). clSeqNr=2613
17:41:43.044 INF Request finished (out of order). clSeqNr=2629
17:41:43.044 INF Request finished (out of order). clSeqNr=2645
17:41:43.044 INF Request finished (out of order). clSeqNr=2661
17:41:43.127 INF Request finished (out of order). clSeqNr=2566
17:41:43.127 INF Request finished (out of order). clSeqNr=2582
17:41:43.128 INF Request finished (out of order). clSeqNr=2598
17:41:43.128 INF Request finished (out of order). clSeqNr=2614
17:41:43.129 INF Request finished (out of order). clSeqNr=2630
17:41:43.129 INF Request finished (out of order). clSeqNr=2646
17:41:43.133 INF Request finished (out of order). clSeqNr=2567
17:41:43.133 INF Request finished (out of order). clSeqNr=2583
17:41:43.134 INF Request finished (out of order). clSeqNr=2599
17:41:43.134 INF Request finished (out of order). clSeqNr=2615
17:41:43.161 INF Request finished (out of order). clSeqNr=2631
17:41:43.170 INF Request finished (out of order). clSeqNr=2647
17:41:43.170 INF Request finished (out of order). clSeqNr=2568
17:41:43.170 INF Request finished (out of order). clSeqNr=2584
17:41:43.170 INF Request finished (out of order). clSeqNr=2600
17:41:43.170 INF Request finished (out of order). clSeqNr=2616
17:41:43.170 INF Request finished (out of order). clSeqNr=2632
17:41:43.170 INF Request finished (out of order). clSeqNr=2648
17:41:43.170 INF Request finished (out of order). clSeqNr=2569
17:41:43.170 INF Request finished (out of order). clSeqNr=2585
17:41:43.170 INF Request finished (out of order). clSeqNr=2601
17:41:43.170 INF Request finished (out of order). clSeqNr=2617
17:41:43.170 INF Request finished (out of order). clSeqNr=2633
17:41:43.170 INF Request finished (out of order). clSeqNr=2649
17:41:43.170 INF Request finished (out of order). clSeqNr=2570
17:41:43.170 INF Request finished (out of order). clSeqNr=2586
17:41:43.170 INF Request finished (out of order). clSeqNr=2602
17:41:43.170 INF Request finished (out of order). clSeqNr=2618
17:41:43.170 INF Request finished (out of order). clSeqNr=2634
17:41:43.170 INF Request finished (out of order). clSeqNr=2650
17:41:43.170 INF Request finished (out of order). clSeqNr=2571
17:41:43.170 INF Request finished (out of order). clSeqNr=2587
17:41:43.170 INF Request finished (out of order). clSeqNr=2603
17:41:43.170 INF Request finished (out of order). clSeqNr=2619
17:41:43.170 INF Request finished (out of order). clSeqNr=2635
17:41:43.203 INF Request finished (out of order). clSeqNr=2651
17:41:43.203 INF Request finished (out of order). clSeqNr=2572
17:41:43.204 INF Request finished (out of order). clSeqNr=2588
17:41:43.204 INF Request finished (out of order). clSeqNr=2604
17:41:43.204 INF Request finished (out of order). clSeqNr=2620
17:41:43.204 INF Request finished (out of order). clSeqNr=2636
17:41:43.204 INF Request finished (out of order). clSeqNr=2652
17:41:43.204 INF Request finished (out of order). clSeqNr=2573
17:41:43.205 INF Request finished (out of order). clSeqNr=2589
17:41:43.205 INF Request finished (out of order). clSeqNr=2605
17:41:43.205 INF Request finished (out of order). clSeqNr=2621
17:41:43.207 INF Request finished (out of order). clSeqNr=2637
17:41:43.207 INF Request finished (out of order). clSeqNr=2653
17:41:43.207 INF Request finished (out of order). clSeqNr=2557
17:41:43.240 INF Request finished (out of order). clSeqNr=2590
17:41:43.240 INF Request finished (out of order). clSeqNr=2606
17:41:43.240 INF Request finished (out of order). clSeqNr=2622
17:41:43.241 INF Request finished (out of order). clSeqNr=2638
17:41:43.241 INF Request finished (out of order). clSeqNr=2654
17:41:43.241 INF Request finished (out of order). clSeqNr=2670
17:41:43.241 INF Request finished (out of order). clSeqNr=2591
17:41:43.241 INF Request finished (out of order). clSeqNr=2607
17:41:43.242 INF Request finished (out of order). clSeqNr=2623
17:41:43.242 INF Request finished (out of order). clSeqNr=2639
17:41:43.242 INF Request finished (out of order). clSeqNr=2655
17:41:43.242 INF Request finished (out of order). clSeqNr=2671
17:41:43.242 INF Request finished (out of order). clSeqNr=2592
17:41:43.242 INF Request finished (out of order). clSeqNr=2608
17:41:43.242 INF Request finished (out of order). clSeqNr=2624
17:41:43.242 INF Request finished (out of order). clSeqNr=2640
17:41:43.242 INF Request finished (out of order). clSeqNr=2656
17:41:43.242 INF Request finished (out of order). clSeqNr=2672
17:41:43.242 INF Request finished (out of order). clSeqNr=2593
17:41:43.242 INF Request finished (out of order). clSeqNr=2609
17:41:43.243 INF Request finished (out of order). clSeqNr=2625
17:41:43.243 INF Request finished (out of order). clSeqNr=2641
17:41:43.243 INF Request finished (out of order). clSeqNr=2657
17:41:43.244 INF Request finished (out of order). clSeqNr=2673
17:41:47.923 INF Request finished (out of order). clSeqNr=2675
17:41:47.923 INF Request finished (out of order). clSeqNr=2691
17:41:47.924 INF Request finished (out of order). clSeqNr=2707
17:41:47.924 INF Request finished (out of order). clSeqNr=2723
17:41:47.924 INF Request finished (out of order). clSeqNr=2739
17:41:47.924 INF Request finished (out of order). clSeqNr=2755
17:41:47.925 INF Request finished (out of order). clSeqNr=2771
17:41:47.925 INF Request finished (out of order). clSeqNr=2787
17:41:47.925 INF Request finished (out of order). clSeqNr=2803
17:41:47.927 INF Request finished (out of order). clSeqNr=2676
17:41:47.939 INF Request finished (out of order). clSeqNr=2692
17:41:47.944 INF Request finished (out of order). clSeqNr=2708
17:41:47.944 INF Request finished (out of order). clSeqNr=2724
17:41:47.945 INF Request finished (out of order). clSeqNr=2740
17:41:47.945 INF Request finished (out of order). clSeqNr=2756
17:41:47.946 INF Request finished (out of order). clSeqNr=2772
17:41:47.947 INF Request finished (out of order). clSeqNr=2788
17:41:47.948 INF Request finished (out of order). clSeqNr=2804
17:41:47.949 INF Request finished (out of order). clSeqNr=2677
17:41:47.949 INF Request finished (out of order). clSeqNr=2693
17:41:47.950 INF Request finished (out of order). clSeqNr=2709
17:41:47.950 INF Request finished (out of order). clSeqNr=2725
17:41:47.950 INF Request finished (out of order). clSeqNr=2741
17:41:47.951 INF Request finished (out of order). clSeqNr=2757
17:41:48.043 INF Request finished (out of order). clSeqNr=2773
17:41:48.043 INF Request finished (out of order). clSeqNr=2789
17:41:48.043 INF Request finished (out of order). clSeqNr=2805
17:41:48.043 INF Request finished (out of order). clSeqNr=2662
17:41:48.052 INF Request finished (out of order). clSeqNr=2678
17:41:48.052 INF Request finished (out of order). clSeqNr=2694
17:41:48.052 INF Request finished (out of order). clSeqNr=2710
17:41:48.052 INF Request finished (out of order). clSeqNr=2726
17:41:48.052 INF Request finished (out of order). clSeqNr=2742
17:41:48.052 INF Request finished (out of order). clSeqNr=2758
17:41:48.052 INF Request finished (out of order). clSeqNr=2774
17:41:48.052 INF Request finished (out of order). clSeqNr=2790
17:41:48.052 INF Request finished (out of order). clSeqNr=2806
17:41:48.052 INF Request finished (out of order). clSeqNr=2663
17:41:48.052 INF Request finished (out of order). clSeqNr=2679
17:41:48.052 INF Request finished (out of order). clSeqNr=2695
17:41:48.052 INF Request finished (out of order). clSeqNr=2711
17:41:48.052 INF Request finished (out of order). clSeqNr=2727
17:41:48.052 INF Request finished (out of order). clSeqNr=2743
17:41:48.052 INF Request finished (out of order). clSeqNr=2759
17:41:48.052 INF Request finished (out of order). clSeqNr=2775
17:41:48.052 INF Request finished (out of order). clSeqNr=2791
17:41:48.052 INF Request finished (out of order). clSeqNr=2807
17:41:48.052 INF Request finished (out of order). clSeqNr=2664
17:41:48.053 INF Request finished (out of order). clSeqNr=2680
17:41:48.053 INF Request finished (out of order). clSeqNr=2696
17:41:48.053 INF Request finished (out of order). clSeqNr=2712
17:41:48.053 INF Request finished (out of order). clSeqNr=2728
17:41:48.053 INF Request finished (out of order). clSeqNr=2744
17:41:48.053 INF Request finished (out of order). clSeqNr=2760
17:41:48.053 INF Request finished (out of order). clSeqNr=2776
17:41:48.053 INF Request finished (out of order). clSeqNr=2792
17:41:48.053 INF Request finished (out of order). clSeqNr=2808
17:41:48.053 INF Request finished (out of order). clSeqNr=2665
17:41:48.053 INF Request finished (out of order). clSeqNr=2681
17:41:48.053 INF Request finished (out of order). clSeqNr=2697
17:41:48.053 INF Request finished (out of order). clSeqNr=2713
17:41:48.053 INF Request finished (out of order). clSeqNr=2729
17:41:48.053 INF Request finished (out of order). clSeqNr=2745
17:41:48.053 INF Request finished (out of order). clSeqNr=2761
17:41:48.053 INF Request finished (out of order). clSeqNr=2777
17:41:48.053 INF Request finished (out of order). clSeqNr=2793
17:41:48.053 INF Request finished (out of order). clSeqNr=2809
17:41:48.053 INF Request finished (out of order). clSeqNr=2666
17:41:48.053 INF Request finished (out of order). clSeqNr=2682
17:41:48.053 INF Request finished (out of order). clSeqNr=2698
17:41:48.053 INF Request finished (out of order). clSeqNr=2714
17:41:48.053 INF Request finished (out of order). clSeqNr=2730
17:41:48.053 INF Request finished (out of order). clSeqNr=2746
17:41:48.053 INF Request finished (out of order). clSeqNr=2762
17:41:48.053 INF Request finished (out of order). clSeqNr=2778
17:41:48.053 INF Request finished (out of order). clSeqNr=2794
17:41:48.053 INF Request finished (out of order). clSeqNr=2810
17:41:48.053 INF Request finished (out of order). clSeqNr=2667
17:41:48.053 INF Request finished (out of order). clSeqNr=2683
17:41:48.053 INF Request finished (out of order). clSeqNr=2699
17:41:48.053 INF Request finished (out of order). clSeqNr=2715
17:41:48.053 INF Request finished (out of order). clSeqNr=2731
17:41:48.053 INF Request finished (out of order). clSeqNr=2747
17:41:48.053 INF Request finished (out of order). clSeqNr=2763
17:41:48.053 INF Request finished (out of order). clSeqNr=2779
17:41:48.053 INF Request finished (out of order). clSeqNr=2795
17:41:48.053 INF Request finished (out of order). clSeqNr=2811
17:41:48.053 INF Request finished (out of order). clSeqNr=2668
17:41:48.053 INF Request finished (out of order). clSeqNr=2684
17:41:48.053 INF Request finished (out of order). clSeqNr=2700
17:41:48.053 INF Request finished (out of order). clSeqNr=2716
17:41:48.053 INF Request finished (out of order). clSeqNr=2732
17:41:48.053 INF Request finished (out of order). clSeqNr=2748
17:41:48.053 INF Request finished (out of order). clSeqNr=2764
17:41:48.053 INF Request finished (out of order). clSeqNr=2780
17:41:48.053 INF Request finished (out of order). clSeqNr=2796
17:41:48.053 INF Request finished (out of order). clSeqNr=2812
17:41:48.053 INF Request finished (out of order). clSeqNr=2669
17:41:48.053 INF Request finished (out of order). clSeqNr=2685
17:41:48.053 INF Request finished (out of order). clSeqNr=2701
17:41:48.053 INF Request finished (out of order). clSeqNr=2717
17:41:48.053 INF Request finished (out of order). clSeqNr=2733
17:41:48.054 INF Request finished (out of order). clSeqNr=2749
17:41:48.054 INF Request finished (out of order). clSeqNr=2765
17:41:48.054 INF Request finished (out of order). clSeqNr=2781
17:41:48.054 INF Request finished (out of order). clSeqNr=2797
17:41:48.054 INF Request finished (out of order). clSeqNr=2830
17:41:48.054 INF Request finished (out of order). clSeqNr=2686
17:41:48.054 INF Request finished (out of order). clSeqNr=2702
17:41:48.054 INF Request finished (out of order). clSeqNr=2718
17:41:48.054 INF Request finished (out of order). clSeqNr=2734
17:41:48.054 INF Request finished (out of order). clSeqNr=2750
17:41:48.054 INF Request finished (out of order). clSeqNr=2766
17:41:48.054 INF Request finished (out of order). clSeqNr=2782
17:41:48.054 INF Request finished (out of order). clSeqNr=2798
17:41:48.054 INF Request finished (out of order). clSeqNr=2814
17:41:48.054 INF Request finished (out of order). clSeqNr=2831
17:41:48.054 INF Request finished (out of order). clSeqNr=2687
17:41:48.054 INF Request finished (out of order). clSeqNr=2703
17:41:48.054 INF Request finished (out of order). clSeqNr=2719
17:41:48.054 INF Request finished (out of order). clSeqNr=2735
17:41:48.054 INF Request finished (out of order). clSeqNr=2751
17:41:48.054 INF Request finished (out of order). clSeqNr=2767
17:41:48.054 INF Request finished (out of order). clSeqNr=2783
17:41:48.054 INF Request finished (out of order). clSeqNr=2799
17:41:48.054 INF Request finished (out of order). clSeqNr=2815
17:41:48.054 INF Request finished (out of order). clSeqNr=2832
17:41:48.054 INF Request finished (out of order). clSeqNr=2688
17:41:48.054 INF Request finished (out of order). clSeqNr=2704
17:41:48.054 INF Request finished (out of order). clSeqNr=2720
17:41:48.054 INF Request finished (out of order). clSeqNr=2736
17:41:48.054 INF Request finished (out of order). clSeqNr=2752
17:41:48.054 INF Request finished (out of order). clSeqNr=2768
17:41:48.054 INF Request finished (out of order). clSeqNr=2784
17:41:48.054 INF Request finished (out of order). clSeqNr=2800
17:41:48.054 INF Request finished (out of order). clSeqNr=2816
17:41:48.054 INF Request finished (out of order). clSeqNr=2833
17:41:48.054 INF Request finished (out of order). clSeqNr=2689
17:41:48.054 INF Request finished (out of order). clSeqNr=2705
17:41:48.054 INF Request finished (out of order). clSeqNr=2721
17:41:48.054 INF Request finished (out of order). clSeqNr=2737
17:41:48.054 INF Request finished (out of order). clSeqNr=2753
17:41:48.054 INF Request finished (out of order). clSeqNr=2769
17:41:48.054 INF Request finished (out of order). clSeqNr=2785
17:41:48.054 INF Request finished (out of order). clSeqNr=2801
17:41:48.054 INF Request finished (out of order). clSeqNr=2817
17:41:48.054 INF Request finished (out of order). clSeqNr=1282
17:41:48.054 INF Request delivered (in order). clSeqNr=1282
17:41:48.054 INF Request delivered (in order). clSeqNr=1283
17:41:48.054 INF Request delivered (in order). clSeqNr=1284
17:41:48.054 INF Request delivered (in order). clSeqNr=1285
17:41:48.054 INF Request delivered (in order). clSeqNr=1286
17:41:48.055 INF Request delivered (in order). clSeqNr=1287
17:41:48.055 INF Request delivered (in order). clSeqNr=1288
17:41:48.055 INF Request delivered (in order). clSeqNr=1289
17:41:48.055 INF Request delivered (in order). clSeqNr=1290
17:41:48.055 INF Request delivered (in order). clSeqNr=1291
17:41:48.055 INF Request delivered (in order). clSeqNr=1292
17:41:48.055 INF Request delivered (in order). clSeqNr=1293
17:41:48.055 INF Request delivered (in order). clSeqNr=1294
17:41:48.055 INF Request delivered (in order). clSeqNr=1295
17:41:48.055 INF Request delivered (in order). clSeqNr=1296
17:41:48.055 INF Request delivered (in order). clSeqNr=1297
17:41:48.055 INF Request finished (out of order). clSeqNr=1298
17:41:48.055 INF Request delivered (in order). clSeqNr=1298
17:41:48.055 INF Request delivered (in order). clSeqNr=1299
17:41:48.055 INF Request delivered (in order). clSeqNr=1300
17:41:48.055 INF Request delivered (in order). clSeqNr=1301
17:41:48.055 INF Request delivered (in order). clSeqNr=1302
17:41:48.055 INF Request delivered (in order). clSeqNr=1303
17:41:48.055 INF Request delivered (in order). clSeqNr=1304
17:41:48.055 INF Request delivered (in order). clSeqNr=1305
17:41:48.055 INF Request delivered (in order). clSeqNr=1306
17:41:48.055 INF Request delivered (in order). clSeqNr=1307
17:41:48.055 INF Request delivered (in order). clSeqNr=1308
17:41:48.055 INF Request delivered (in order). clSeqNr=1309
17:41:48.055 INF Request delivered (in order). clSeqNr=1310
17:41:48.055 INF Request delivered (in order). clSeqNr=1311
17:41:48.055 INF Request delivered (in order). clSeqNr=1312
17:41:48.055 INF Request delivered (in order). clSeqNr=1313
17:41:48.055 INF Request finished (out of order). clSeqNr=1314
17:41:48.055 INF Request delivered (in order). clSeqNr=1314
17:41:48.055 INF Request delivered (in order). clSeqNr=1315
17:41:48.055 INF Request delivered (in order). clSeqNr=1316
17:41:48.055 INF Request delivered (in order). clSeqNr=1317
17:41:48.055 INF Request delivered (in order). clSeqNr=1318
17:41:48.055 INF Request delivered (in order). clSeqNr=1319
17:41:48.055 INF Request delivered (in order). clSeqNr=1320
17:41:48.055 INF Request delivered (in order). clSeqNr=1321
17:41:48.055 INF Request delivered (in order). clSeqNr=1322
17:41:48.055 INF Request delivered (in order). clSeqNr=1323
17:41:48.055 INF Request delivered (in order). clSeqNr=1324
17:41:48.055 INF Request delivered (in order). clSeqNr=1325
17:41:48.055 INF Request delivered (in order). clSeqNr=1326
17:41:48.055 INF Request delivered (in order). clSeqNr=1327
17:41:48.055 INF Request delivered (in order). clSeqNr=1328
17:41:48.055 INF Request delivered (in order). clSeqNr=1329
17:41:48.055 INF Request finished (out of order). clSeqNr=1330
17:41:48.055 INF Request delivered (in order). clSeqNr=1330
17:41:48.055 INF Request delivered (in order). clSeqNr=1331
17:41:48.055 INF Request delivered (in order). clSeqNr=1332
17:41:48.055 INF Request delivered (in order). clSeqNr=1333
17:41:48.055 INF Request delivered (in order). clSeqNr=1334
17:41:48.055 INF Request delivered (in order). clSeqNr=1335
17:41:48.055 INF Request delivered (in order). clSeqNr=1336
17:41:48.055 INF Request delivered (in order). clSeqNr=1337
17:41:48.055 INF Request delivered (in order). clSeqNr=1338
17:41:48.055 INF Request delivered (in order). clSeqNr=1339
17:41:48.055 INF Request delivered (in order). clSeqNr=1340
17:41:48.055 INF Request delivered (in order). clSeqNr=1341
17:41:48.055 INF Request delivered (in order). clSeqNr=1342
17:41:48.055 INF Request delivered (in order). clSeqNr=1343
17:41:48.055 INF Request delivered (in order). clSeqNr=1344
17:41:48.055 INF Request delivered (in order). clSeqNr=1345
17:41:48.055 INF Request finished (out of order). clSeqNr=1346
17:41:48.055 INF Request delivered (in order). clSeqNr=1346
17:41:48.055 INF Request delivered (in order). clSeqNr=1347
17:41:48.055 INF Request delivered (in order). clSeqNr=1348
17:41:48.055 INF Request delivered (in order). clSeqNr=1349
17:41:48.055 INF Request delivered (in order). clSeqNr=1350
17:41:48.055 INF Request delivered (in order). clSeqNr=1351
17:41:48.055 INF Request delivered (in order). clSeqNr=1352
17:41:48.055 INF Request delivered (in order). clSeqNr=1353
17:41:48.055 INF Request delivered (in order). clSeqNr=1354
17:41:48.055 INF Request delivered (in order). clSeqNr=1355
17:41:48.055 INF Request delivered (in order). clSeqNr=1356
17:41:48.055 INF Request delivered (in order). clSeqNr=1357
17:41:48.055 INF Request delivered (in order). clSeqNr=1358
17:41:48.055 INF Request delivered (in order). clSeqNr=1359
17:41:48.055 INF Request delivered (in order). clSeqNr=1360
17:41:48.055 INF Request delivered (in order). clSeqNr=1361
17:41:48.055 INF Request finished (out of order). clSeqNr=1362
17:41:48.055 INF Request delivered (in order). clSeqNr=1362
17:41:48.055 INF Request delivered (in order). clSeqNr=1363
17:41:48.055 INF Request delivered (in order). clSeqNr=1364
17:41:48.055 INF Request delivered (in order). clSeqNr=1365
17:41:48.055 INF Request delivered (in order). clSeqNr=1366
17:41:48.055 INF Request delivered (in order). clSeqNr=1367
17:41:48.055 INF Request delivered (in order). clSeqNr=1368
17:41:48.055 INF Request delivered (in order). clSeqNr=1369
17:41:48.055 INF Request delivered (in order). clSeqNr=1370
17:41:48.055 INF Request delivered (in order). clSeqNr=1371
17:41:48.055 INF Request delivered (in order). clSeqNr=1372
17:41:48.055 INF Request delivered (in order). clSeqNr=1373
17:41:48.056 INF Request delivered (in order). clSeqNr=1374
17:41:48.056 INF Request delivered (in order). clSeqNr=1375
17:41:48.056 INF Request delivered (in order). clSeqNr=1376
17:41:48.056 INF Request delivered (in order). clSeqNr=1377
17:41:48.056 INF Request finished (out of order). clSeqNr=1378
17:41:48.056 INF Request delivered (in order). clSeqNr=1378
17:41:48.056 INF Request delivered (in order). clSeqNr=1379
17:41:48.056 INF Request delivered (in order). clSeqNr=1380
17:41:48.056 INF Request delivered (in order). clSeqNr=1381
17:41:48.056 INF Request delivered (in order). clSeqNr=1382
17:41:48.056 INF Request delivered (in order). clSeqNr=1383
17:41:48.056 INF Request delivered (in order). clSeqNr=1384
17:41:48.056 INF Request delivered (in order). clSeqNr=1385
17:41:48.056 INF Request delivered (in order). clSeqNr=1386
17:41:48.056 INF Request delivered (in order). clSeqNr=1387
17:41:48.056 INF Request delivered (in order). clSeqNr=1388
17:41:48.056 INF Request delivered (in order). clSeqNr=1389
17:41:48.056 INF Request delivered (in order). clSeqNr=1390
17:41:48.056 INF Request delivered (in order). clSeqNr=1391
17:41:48.056 INF Request delivered (in order). clSeqNr=1392
17:41:48.056 INF Request delivered (in order). clSeqNr=1393
17:41:48.056 INF Request finished (out of order). clSeqNr=1394
17:41:48.056 INF Request delivered (in order). clSeqNr=1394
17:41:48.056 INF Request delivered (in order). clSeqNr=1395
17:41:48.056 INF Request delivered (in order). clSeqNr=1396
17:41:48.056 INF Request delivered (in order). clSeqNr=1397
17:41:48.056 INF Request delivered (in order). clSeqNr=1398
17:41:48.056 INF Request delivered (in order). clSeqNr=1399
17:41:48.056 INF Request delivered (in order). clSeqNr=1400
17:41:48.056 INF Request delivered (in order). clSeqNr=1401
17:41:48.056 INF Request delivered (in order). clSeqNr=1402
17:41:48.056 INF Request delivered (in order). clSeqNr=1403
17:41:48.056 INF Request delivered (in order). clSeqNr=1404
17:41:48.056 INF Request delivered (in order). clSeqNr=1405
17:41:48.056 INF Request delivered (in order). clSeqNr=1406
17:41:48.056 INF Request delivered (in order). clSeqNr=1407
17:41:48.056 INF Request delivered (in order). clSeqNr=1408
17:41:48.056 INF Request delivered (in order). clSeqNr=1409
17:41:48.056 INF Request finished (out of order). clSeqNr=2819
17:41:48.056 INF Request finished (out of order). clSeqNr=2835
17:41:48.056 INF Request finished (out of order). clSeqNr=2851
17:41:48.056 INF Request finished (out of order). clSeqNr=2867
17:41:48.056 INF Request finished (out of order). clSeqNr=2883
17:41:48.056 INF Request finished (out of order). clSeqNr=2899
17:41:48.056 INF Request finished (out of order). clSeqNr=2915
17:41:48.056 INF Request finished (out of order). clSeqNr=2820
17:41:48.056 INF Request finished (out of order). clSeqNr=2836
17:41:48.056 INF Request finished (out of order). clSeqNr=2852
17:41:48.056 INF Request finished (out of order). clSeqNr=2868
17:41:48.056 INF Request finished (out of order). clSeqNr=2884
17:41:48.056 INF Request finished (out of order). clSeqNr=2900
17:41:48.056 INF Request finished (out of order). clSeqNr=2916
17:41:48.056 INF Request finished (out of order). clSeqNr=2821
17:41:48.056 INF Request finished (out of order). clSeqNr=2837
17:41:48.056 INF Request finished (out of order). clSeqNr=2853
17:41:48.056 INF Request finished (out of order). clSeqNr=2869
17:41:48.056 INF Request finished (out of order). clSeqNr=2885
17:41:48.056 INF Request finished (out of order). clSeqNr=2901
17:41:48.056 INF Request finished (out of order). clSeqNr=2917
17:41:48.110 INF Request finished (out of order). clSeqNr=2822
17:41:48.110 INF Request finished (out of order). clSeqNr=2838
17:41:48.110 INF Request finished (out of order). clSeqNr=2854
17:41:48.110 INF Request finished (out of order). clSeqNr=2870
17:41:48.110 INF Request finished (out of order). clSeqNr=2886
17:41:48.110 INF Request finished (out of order). clSeqNr=2902
17:41:48.110 INF Request finished (out of order). clSeqNr=2823
17:41:48.111 INF Request finished (out of order). clSeqNr=2839
17:41:48.111 INF Request finished (out of order). clSeqNr=2855
17:41:48.111 INF Request finished (out of order). clSeqNr=2871
17:41:48.111 INF Request finished (out of order). clSeqNr=2887
17:41:48.111 INF Request finished (out of order). clSeqNr=2903
17:41:48.111 INF Request finished (out of order). clSeqNr=2824
17:41:48.111 INF Request finished (out of order). clSeqNr=2840
17:41:48.111 INF Request finished (out of order). clSeqNr=2856
17:41:48.111 INF Request finished (out of order). clSeqNr=2872
17:41:48.111 INF Request finished (out of order). clSeqNr=2888
17:41:48.111 INF Request finished (out of order). clSeqNr=2904
17:41:48.111 INF Request finished (out of order). clSeqNr=2825
17:41:48.111 INF Request finished (out of order). clSeqNr=2841
17:41:48.111 INF Request finished (out of order). clSeqNr=2857
17:41:48.111 INF Request finished (out of order). clSeqNr=2873
17:41:48.111 INF Request finished (out of order). clSeqNr=2889
17:41:48.111 INF Request finished (out of order). clSeqNr=2905
17:41:48.111 INF Request finished (out of order). clSeqNr=2826
17:41:48.111 INF Request finished (out of order). clSeqNr=2842
17:41:48.111 INF Request finished (out of order). clSeqNr=2858
17:41:48.144 INF Request finished (out of order). clSeqNr=2874
17:41:48.144 INF Request finished (out of order). clSeqNr=2890
17:41:48.144 INF Request finished (out of order). clSeqNr=2906
17:41:48.144 INF Request finished (out of order). clSeqNr=2827
17:41:48.144 INF Request finished (out of order). clSeqNr=2843
17:41:48.165 INF Request finished (out of order). clSeqNr=2859
17:41:48.165 INF Request finished (out of order). clSeqNr=2875
17:41:48.165 INF Request finished (out of order). clSeqNr=2891
17:41:48.165 INF Request finished (out of order). clSeqNr=2907
17:41:48.165 INF Request finished (out of order). clSeqNr=2828
17:41:48.165 INF Request finished (out of order). clSeqNr=2844
17:41:48.165 INF Request finished (out of order). clSeqNr=2860
17:41:48.165 INF Request finished (out of order). clSeqNr=2876
17:41:48.165 INF Request finished (out of order). clSeqNr=2892
17:41:48.165 INF Request finished (out of order). clSeqNr=2908
17:41:48.165 INF Request finished (out of order). clSeqNr=2829
17:41:48.165 INF Request finished (out of order). clSeqNr=2845
17:41:48.165 INF Request finished (out of order). clSeqNr=2861
17:41:48.165 INF Request finished (out of order). clSeqNr=2877
17:41:48.165 INF Request finished (out of order). clSeqNr=2893
17:41:48.165 INF Request finished (out of order). clSeqNr=2909
17:41:48.165 INF Request finished (out of order). clSeqNr=2813
17:41:48.165 INF Request finished (out of order). clSeqNr=2846
17:41:48.165 INF Request finished (out of order). clSeqNr=2862
17:41:48.165 INF Request finished (out of order). clSeqNr=2878
17:41:48.165 INF Request finished (out of order). clSeqNr=2894
17:41:48.165 INF Request finished (out of order). clSeqNr=2910
17:41:48.165 INF Request finished (out of order). clSeqNr=2926
17:41:48.165 INF Request finished (out of order). clSeqNr=2942
17:41:48.165 INF Request finished (out of order). clSeqNr=2847
17:41:48.165 INF Request finished (out of order). clSeqNr=2863
17:41:48.166 INF Request finished (out of order). clSeqNr=2879
17:41:48.166 INF Request finished (out of order). clSeqNr=2895
17:41:48.166 INF Request finished (out of order). clSeqNr=2911
17:41:48.166 INF Request finished (out of order). clSeqNr=2927
17:41:48.166 INF Request finished (out of order). clSeqNr=2848
17:41:48.166 INF Request finished (out of order). clSeqNr=2864
17:41:48.166 INF Request finished (out of order). clSeqNr=2880
17:41:48.166 INF Request finished (out of order). clSeqNr=2896
17:41:48.166 INF Request finished (out of order). clSeqNr=2912
17:41:48.166 INF Request finished (out of order). clSeqNr=2928
17:41:48.166 INF Request finished (out of order). clSeqNr=2849
17:41:48.166 INF Request finished (out of order). clSeqNr=2865
17:41:48.166 INF Request finished (out of order). clSeqNr=2881
17:41:48.167 INF Request finished (out of order). clSeqNr=2897
17:41:48.170 INF Request finished (out of order). clSeqNr=2913
17:41:48.170 INF Request finished (out of order). clSeqNr=2929
17:41:52.943 INF Request finished (out of order). clSeqNr=2931
17:41:52.943 INF Request finished (out of order). clSeqNr=2947
17:41:52.943 INF Request finished (out of order). clSeqNr=2963
17:41:52.943 INF Request finished (out of order). clSeqNr=2979
17:41:52.944 INF Request finished (out of order). clSeqNr=2995
17:41:52.944 INF Request finished (out of order). clSeqNr=3011
17:41:52.944 INF Request finished (out of order). clSeqNr=3027
17:41:52.945 INF Request finished (out of order). clSeqNr=3043
17:41:52.945 INF Request finished (out of order). clSeqNr=3059
17:41:52.947 INF Request finished (out of order). clSeqNr=2932
17:41:52.965 INF Request finished (out of order). clSeqNr=2948
17:41:52.987 INF Request finished (out of order). clSeqNr=2964
17:41:52.988 INF Request finished (out of order). clSeqNr=2980
17:41:52.988 INF Request finished (out of order). clSeqNr=2996
17:41:52.988 INF Request finished (out of order). clSeqNr=3012
17:41:52.988 INF Request finished (out of order). clSeqNr=3028
17:41:52.988 INF Request finished (out of order). clSeqNr=3044
17:41:52.988 INF Request finished (out of order). clSeqNr=3060
17:41:52.988 INF Request finished (out of order). clSeqNr=2933
17:41:52.989 INF Request finished (out of order). clSeqNr=2949
17:41:52.989 INF Request finished (out of order). clSeqNr=2965
17:41:52.989 INF Request finished (out of order). clSeqNr=2981
17:41:52.990 INF Request finished (out of order). clSeqNr=2997
17:41:52.990 INF Request finished (out of order). clSeqNr=3013
17:41:52.991 INF Request finished (out of order). clSeqNr=3029
17:41:52.991 INF Request finished (out of order). clSeqNr=3045
17:41:52.991 INF Request finished (out of order). clSeqNr=3061
17:41:52.993 INF Request finished (out of order). clSeqNr=2918
17:41:52.994 INF Request finished (out of order). clSeqNr=2934
17:41:52.994 INF Request finished (out of order). clSeqNr=2950
17:41:52.994 INF Request finished (out of order). clSeqNr=2966
17:41:52.995 INF Request finished (out of order). clSeqNr=2982
17:41:52.995 INF Request finished (out of order). clSeqNr=2998
17:41:52.995 INF Request finished (out of order). clSeqNr=3014
17:41:53.063 INF Request finished (out of order). clSeqNr=3030
17:41:53.063 INF Request finished (out of order). clSeqNr=3046
17:41:53.063 INF Request finished (out of order). clSeqNr=3062
17:41:53.063 INF Request finished (out of order). clSeqNr=2919
17:41:53.063 INF Request finished (out of order). clSeqNr=2935
17:41:53.063 INF Request finished (out of order). clSeqNr=2951
17:41:53.063 INF Request finished (out of order). clSeqNr=2967
17:41:53.067 INF Request finished (out of order). clSeqNr=2983
17:41:53.067 INF Request finished (out of order). clSeqNr=2999
17:41:53.067 INF Request finished (out of order). clSeqNr=3015
17:41:53.067 INF Request finished (out of order). clSeqNr=3031
17:41:53.067 INF Request finished (out of order). clSeqNr=3047
17:41:53.067 INF Request finished (out of order). clSeqNr=3063
17:41:53.067 INF Request finished (out of order). clSeqNr=2920
17:41:53.067 INF Request finished (out of order). clSeqNr=2936
17:41:53.067 INF Request finished (out of order). clSeqNr=2952
17:41:53.067 INF Request finished (out of order). clSeqNr=2968
17:41:53.067 INF Request finished (out of order). clSeqNr=2984
17:41:53.067 INF Request finished (out of order). clSeqNr=3000
17:41:53.067 INF Request finished (out of order). clSeqNr=3016
17:41:53.067 INF Request finished (out of order). clSeqNr=3032
17:41:53.067 INF Request finished (out of order). clSeqNr=3048
17:41:53.067 INF Request finished (out of order). clSeqNr=3064
17:41:53.067 INF Request finished (out of order). clSeqNr=2921
17:41:53.067 INF Request finished (out of order). clSeqNr=2937
17:41:53.067 INF Request finished (out of order). clSeqNr=2953
17:41:53.067 INF Request finished (out of order). clSeqNr=2969
17:41:53.067 INF Request finished (out of order). clSeqNr=2985
17:41:53.067 INF Request finished (out of order). clSeqNr=3001
17:41:53.067 INF Request finished (out of order). clSeqNr=3017
17:41:53.067 INF Request finished (out of order). clSeqNr=3033
17:41:53.067 INF Request finished (out of order). clSeqNr=3049
17:41:53.067 INF Request finished (out of order). clSeqNr=3065
17:41:53.067 INF Request finished (out of order). clSeqNr=2922
17:41:53.067 INF Request finished (out of order). clSeqNr=2938
17:41:53.067 INF Request finished (out of order). clSeqNr=2954
17:41:53.067 INF Request finished (out of order). clSeqNr=2970
17:41:53.067 INF Request finished (out of order). clSeqNr=2986
17:41:53.067 INF Request finished (out of order). clSeqNr=3002
17:41:53.067 INF Request finished (out of order). clSeqNr=3018
17:41:53.067 INF Request finished (out of order). clSeqNr=3034
17:41:53.067 INF Request finished (out of order). clSeqNr=3050
17:41:53.067 INF Request finished (out of order). clSeqNr=3066
17:41:53.067 INF Request finished (out of order). clSeqNr=2923
17:41:53.067 INF Request finished (out of order). clSeqNr=2939
17:41:53.067 INF Request finished (out of order). clSeqNr=2955
17:41:53.067 INF Request finished (out of order). clSeqNr=2971
17:41:53.067 INF Request finished (out of order). clSeqNr=2987
17:41:53.068 INF Request finished (out of order). clSeqNr=3003
17:41:53.068 INF Request finished (out of order). clSeqNr=3019
17:41:53.068 INF Request finished (out of order). clSeqNr=3035
17:41:53.068 INF Request finished (out of order). clSeqNr=3051
17:41:53.068 INF Request finished (out of order). clSeqNr=3067
17:41:53.068 INF Request finished (out of order). clSeqNr=2924
17:41:53.068 INF Request finished (out of order). clSeqNr=2940
17:41:53.068 INF Request finished (out of order). clSeqNr=2956
17:41:53.068 INF Request finished (out of order). clSeqNr=2972
17:41:53.068 INF Request finished (out of order). clSeqNr=2988
17:41:53.068 INF Request finished (out of order). clSeqNr=3004
17:41:53.068 INF Request finished (out of order). clSeqNr=3020
17:41:53.068 INF Request finished (out of order). clSeqNr=3036
17:41:53.068 INF Request finished (out of order). clSeqNr=3052
17:41:53.068 INF Request finished (out of order). clSeqNr=3068
17:41:53.068 INF Request finished (out of order). clSeqNr=2925
17:41:53.068 INF Request finished (out of order). clSeqNr=2941
17:41:53.068 INF Request finished (out of order). clSeqNr=2957
17:41:53.068 INF Request finished (out of order). clSeqNr=2973
17:41:53.068 INF Request finished (out of order). clSeqNr=2989
17:41:53.068 INF Request finished (out of order). clSeqNr=3005
17:41:53.068 INF Request finished (out of order). clSeqNr=3021
17:41:53.068 INF Request finished (out of order). clSeqNr=3037
17:41:53.068 INF Request finished (out of order). clSeqNr=3053
17:41:53.068 INF Request finished (out of order). clSeqNr=3086
17:41:53.068 INF Request finished (out of order). clSeqNr=2958
17:41:53.068 INF Request finished (out of order). clSeqNr=2974
17:41:53.068 INF Request finished (out of order). clSeqNr=2990
17:41:53.068 INF Request finished (out of order). clSeqNr=3006
17:41:53.068 INF Request finished (out of order). clSeqNr=3022
17:41:53.068 INF Request finished (out of order). clSeqNr=3038
17:41:53.068 INF Request finished (out of order). clSeqNr=3054
17:41:53.068 INF Request finished (out of order). clSeqNr=3070
17:41:53.068 INF Request finished (out of order). clSeqNr=3087
17:41:53.068 INF Request finished (out of order). clSeqNr=2943
17:41:53.068 INF Request finished (out of order). clSeqNr=2959
17:41:53.068 INF Request finished (out of order). clSeqNr=2975
17:41:53.068 INF Request finished (out of order). clSeqNr=2991
17:41:53.068 INF Request finished (out of order). clSeqNr=3007
17:41:53.068 INF Request finished (out of order). clSeqNr=3023
17:41:53.068 INF Request finished (out of order). clSeqNr=3039
17:41:53.068 INF Request finished (out of order). clSeqNr=3055
17:41:53.068 INF Request finished (out of order). clSeqNr=3071
17:41:53.068 INF Request finished (out of order). clSeqNr=3088
17:41:53.068 INF Request finished (out of order). clSeqNr=2944
17:41:53.068 INF Request finished (out of order). clSeqNr=2960
17:41:53.068 INF Request finished (out of order). clSeqNr=2976
17:41:53.068 INF Request finished (out of order). clSeqNr=2992
17:41:53.068 INF Request finished (out of order). clSeqNr=3008
17:41:53.068 INF Request finished (out of order). clSeqNr=3024
17:41:53.068 INF Request finished (out of order). clSeqNr=3040
17:41:53.068 INF Request finished (out of order). clSeqNr=3056
17:41:53.068 INF Request finished (out of order). clSeqNr=3072
17:41:53.068 INF Request finished (out of order). clSeqNr=3089
17:41:53.068 INF Request finished (out of order). clSeqNr=2945
17:41:53.068 INF Request finished (out of order). clSeqNr=2961
17:41:53.068 INF Request finished (out of order). clSeqNr=2977
17:41:53.068 INF Request finished (out of order). clSeqNr=2993
17:41:53.068 INF Request finished (out of order). clSeqNr=3009
17:41:53.068 INF Request finished (out of order). clSeqNr=3025
17:41:53.068 INF Request finished (out of order). clSeqNr=3041
17:41:53.068 INF Request finished (out of order). clSeqNr=3057
17:41:53.068 INF Request finished (out of order). clSeqNr=3073
17:41:53.068 INF Request finished (out of order). clSeqNr=1410
17:41:53.068 INF Request delivered (in order). clSeqNr=1410
17:41:53.068 INF Request delivered (in order). clSeqNr=1411
17:41:53.068 INF Request delivered (in order). clSeqNr=1412
17:41:53.068 INF Request delivered (in order). clSeqNr=1413
17:41:53.068 INF Request delivered (in order). clSeqNr=1414
17:41:53.068 INF Request delivered (in order). clSeqNr=1415
17:41:53.068 INF Request delivered (in order). clSeqNr=1416
17:41:53.068 INF Request delivered (in order). clSeqNr=1417
17:41:53.068 INF Request delivered (in order). clSeqNr=1418
17:41:53.068 INF Request delivered (in order). clSeqNr=1419
17:41:53.068 INF Request delivered (in order). clSeqNr=1420
17:41:53.068 INF Request delivered (in order). clSeqNr=1421
17:41:53.068 INF Request delivered (in order). clSeqNr=1422
17:41:53.068 INF Request delivered (in order). clSeqNr=1423
17:41:53.068 INF Request delivered (in order). clSeqNr=1424
17:41:53.068 INF Request delivered (in order). clSeqNr=1425
17:41:53.068 INF Request finished (out of order). clSeqNr=1426
17:41:53.069 INF Request delivered (in order). clSeqNr=1426
17:41:53.069 INF Request delivered (in order). clSeqNr=1427
17:41:53.069 INF Request delivered (in order). clSeqNr=1428
17:41:53.069 INF Request delivered (in order). clSeqNr=1429
17:41:53.069 INF Request delivered (in order). clSeqNr=1430
17:41:53.069 INF Request delivered (in order). clSeqNr=1431
17:41:53.069 INF Request delivered (in order). clSeqNr=1432
17:41:53.069 INF Request delivered (in order). clSeqNr=1433
17:41:53.069 INF Request delivered (in order). clSeqNr=1434
17:41:53.069 INF Request delivered (in order). clSeqNr=1435
17:41:53.069 INF Request delivered (in order). clSeqNr=1436
17:41:53.069 INF Request delivered (in order). clSeqNr=1437
17:41:53.069 INF Request delivered (in order). clSeqNr=1438
17:41:53.069 INF Request delivered (in order). clSeqNr=1439
17:41:53.069 INF Request delivered (in order). clSeqNr=1440
17:41:53.069 INF Request delivered (in order). clSeqNr=1441
17:41:53.069 INF Request finished (out of order). clSeqNr=1442
17:41:53.069 INF Request delivered (in order). clSeqNr=1442
17:41:53.069 INF Request delivered (in order). clSeqNr=1443
17:41:53.069 INF Request delivered (in order). clSeqNr=1444
17:41:53.069 INF Request delivered (in order). clSeqNr=1445
17:41:53.069 INF Request delivered (in order). clSeqNr=1446
17:41:53.069 INF Request delivered (in order). clSeqNr=1447
17:41:53.069 INF Request delivered (in order). clSeqNr=1448
17:41:53.069 INF Request delivered (in order). clSeqNr=1449
17:41:53.069 INF Request delivered (in order). clSeqNr=1450
17:41:53.069 INF Request delivered (in order). clSeqNr=1451
17:41:53.069 INF Request delivered (in order). clSeqNr=1452
17:41:53.069 INF Request delivered (in order). clSeqNr=1453
17:41:53.069 INF Request delivered (in order). clSeqNr=1454
17:41:53.069 INF Request delivered (in order). clSeqNr=1455
17:41:53.069 INF Request delivered (in order). clSeqNr=1456
17:41:53.069 INF Request delivered (in order). clSeqNr=1457
17:41:53.069 INF Request finished (out of order). clSeqNr=1458
17:41:53.069 INF Request delivered (in order). clSeqNr=1458
17:41:53.069 INF Request delivered (in order). clSeqNr=1459
17:41:53.069 INF Request delivered (in order). clSeqNr=1460
17:41:53.069 INF Request delivered (in order). clSeqNr=1461
17:41:53.069 INF Request delivered (in order). clSeqNr=1462
17:41:53.069 INF Request delivered (in order). clSeqNr=1463
17:41:53.069 INF Request delivered (in order). clSeqNr=1464
17:41:53.069 INF Request delivered (in order). clSeqNr=1465
17:41:53.069 INF Request delivered (in order). clSeqNr=1466
17:41:53.069 INF Request delivered (in order). clSeqNr=1467
17:41:53.069 INF Request delivered (in order). clSeqNr=1468
17:41:53.069 INF Request delivered (in order). clSeqNr=1469
17:41:53.069 INF Request delivered (in order). clSeqNr=1470
17:41:53.069 INF Request delivered (in order). clSeqNr=1471
17:41:53.069 INF Request delivered (in order). clSeqNr=1472
17:41:53.069 INF Request delivered (in order). clSeqNr=1473
17:41:53.069 INF Request finished (out of order). clSeqNr=1474
17:41:53.069 INF Request delivered (in order). clSeqNr=1474
17:41:53.069 INF Request delivered (in order). clSeqNr=1475
17:41:53.069 INF Request delivered (in order). clSeqNr=1476
17:41:53.069 INF Request delivered (in order). clSeqNr=1477
17:41:53.069 INF Request delivered (in order). clSeqNr=1478
17:41:53.069 INF Request delivered (in order). clSeqNr=1479
17:41:53.069 INF Request delivered (in order). clSeqNr=1480
17:41:53.069 INF Request delivered (in order). clSeqNr=1481
17:41:53.069 INF Request delivered (in order). clSeqNr=1482
17:41:53.069 INF Request delivered (in order). clSeqNr=1483
17:41:53.069 INF Request delivered (in order). clSeqNr=1484
17:41:53.069 INF Request delivered (in order). clSeqNr=1485
17:41:53.069 INF Request delivered (in order). clSeqNr=1486
17:41:53.069 INF Request delivered (in order). clSeqNr=1487
17:41:53.069 INF Request delivered (in order). clSeqNr=1488
17:41:53.069 INF Request delivered (in order). clSeqNr=1489
17:41:53.069 INF Request finished (out of order). clSeqNr=1490
17:41:53.069 INF Request delivered (in order). clSeqNr=1490
17:41:53.069 INF Request delivered (in order). clSeqNr=1491
17:41:53.069 INF Request delivered (in order). clSeqNr=1492
17:41:53.069 INF Request delivered (in order). clSeqNr=1493
17:41:53.069 INF Request delivered (in order). clSeqNr=1494
17:41:53.069 INF Request delivered (in order). clSeqNr=1495
17:41:53.069 INF Request delivered (in order). clSeqNr=1496
17:41:53.069 INF Request delivered (in order). clSeqNr=1497
17:41:53.069 INF Request delivered (in order). clSeqNr=1498
17:41:53.070 INF Request delivered (in order). clSeqNr=1499
17:41:53.070 INF Request delivered (in order). clSeqNr=1500
17:41:53.070 INF Request delivered (in order). clSeqNr=1501
17:41:53.070 INF Request delivered (in order). clSeqNr=1502
17:41:53.070 INF Request delivered (in order). clSeqNr=1503
17:41:53.070 INF Request delivered (in order). clSeqNr=1504
17:41:53.070 INF Request delivered (in order). clSeqNr=1505
17:41:53.070 INF Request finished (out of order). clSeqNr=1506
17:41:53.070 INF Request delivered (in order). clSeqNr=1506
17:41:53.070 INF Request delivered (in order). clSeqNr=1507
17:41:53.070 INF Request delivered (in order). clSeqNr=1508
17:41:53.070 INF Request delivered (in order). clSeqNr=1509
17:41:53.070 INF Request delivered (in order). clSeqNr=1510
17:41:53.070 INF Request delivered (in order). clSeqNr=1511
17:41:53.070 INF Request delivered (in order). clSeqNr=1512
17:41:53.070 INF Request delivered (in order). clSeqNr=1513
17:41:53.070 INF Request delivered (in order). clSeqNr=1514
17:41:53.070 INF Request delivered (in order). clSeqNr=1515
17:41:53.070 INF Request delivered (in order). clSeqNr=1516
17:41:53.070 INF Request delivered (in order). clSeqNr=1517
17:41:53.070 INF Request delivered (in order). clSeqNr=1518
17:41:53.070 INF Request delivered (in order). clSeqNr=1519
17:41:53.070 INF Request delivered (in order). clSeqNr=1520
17:41:53.070 INF Request delivered (in order). clSeqNr=1521
17:41:53.070 INF Request finished (out of order). clSeqNr=1522
17:41:53.070 INF Request delivered (in order). clSeqNr=1522
17:41:53.070 INF Request delivered (in order). clSeqNr=1523
17:41:53.070 INF Request delivered (in order). clSeqNr=1524
17:41:53.070 INF Request delivered (in order). clSeqNr=1525
17:41:53.070 INF Request delivered (in order). clSeqNr=1526
17:41:53.070 INF Request delivered (in order). clSeqNr=1527
17:41:53.070 INF Request delivered (in order). clSeqNr=1528
17:41:53.070 INF Request delivered (in order). clSeqNr=1529
17:41:53.070 INF Request delivered (in order). clSeqNr=1530
17:41:53.070 INF Request delivered (in order). clSeqNr=1531
17:41:53.070 INF Request delivered (in order). clSeqNr=1532
17:41:53.070 INF Request delivered (in order). clSeqNr=1533
17:41:53.070 INF Request delivered (in order). clSeqNr=1534
17:41:53.070 INF Request delivered (in order). clSeqNr=1535
17:41:53.070 INF Request delivered (in order). clSeqNr=1536
17:41:53.070 INF Request delivered (in order). clSeqNr=1537
17:41:53.070 INF Request finished (out of order). clSeqNr=3075
17:41:53.070 INF Request finished (out of order). clSeqNr=3091
17:41:53.070 INF Request finished (out of order). clSeqNr=3107
17:41:53.070 INF Request finished (out of order). clSeqNr=3123
17:41:53.070 INF Request finished (out of order). clSeqNr=3139
17:41:53.070 INF Request finished (out of order). clSeqNr=3155
17:41:53.070 INF Request finished (out of order). clSeqNr=3171
17:41:53.070 INF Request finished (out of order). clSeqNr=3076
17:41:53.070 INF Request finished (out of order). clSeqNr=3092
17:41:53.070 INF Request finished (out of order). clSeqNr=3108
17:41:53.070 INF Request finished (out of order). clSeqNr=3124
17:41:53.070 INF Request finished (out of order). clSeqNr=3140
17:41:53.070 INF Request finished (out of order). clSeqNr=3156
17:41:53.070 INF Request finished (out of order). clSeqNr=3172
17:41:53.071 INF Request finished (out of order). clSeqNr=3077
17:41:53.072 INF Request finished (out of order). clSeqNr=3093
17:41:53.072 INF Request finished (out of order). clSeqNr=3109
17:41:53.072 INF Request finished (out of order). clSeqNr=3125
17:41:53.073 INF Request finished (out of order). clSeqNr=3141
17:41:53.073 INF Request finished (out of order). clSeqNr=3157
17:41:53.074 INF Request finished (out of order). clSeqNr=3173
17:41:53.130 INF Request finished (out of order). clSeqNr=3078
17:41:53.130 INF Request finished (out of order). clSeqNr=3094
17:41:53.130 INF Request finished (out of order). clSeqNr=3110
17:41:53.130 INF Request finished (out of order). clSeqNr=3126
17:41:53.130 INF Request finished (out of order). clSeqNr=3142
17:41:53.130 INF Request finished (out of order). clSeqNr=3158
17:41:53.131 INF Request finished (out of order). clSeqNr=3079
17:41:53.131 INF Request finished (out of order). clSeqNr=3095
17:41:53.131 INF Request finished (out of order). clSeqNr=3111
17:41:53.131 INF Request finished (out of order). clSeqNr=3127
17:41:53.131 INF Request finished (out of order). clSeqNr=3143
17:41:53.131 INF Request finished (out of order). clSeqNr=3159
17:41:53.131 INF Request finished (out of order). clSeqNr=3080
17:41:53.131 INF Request finished (out of order). clSeqNr=3096
17:41:53.131 INF Request finished (out of order). clSeqNr=3112
17:41:53.131 INF Request finished (out of order). clSeqNr=3128
17:41:53.131 INF Request finished (out of order). clSeqNr=3144
17:41:53.131 INF Request finished (out of order). clSeqNr=3160
17:41:53.131 INF Request finished (out of order). clSeqNr=3081
17:41:53.131 INF Request finished (out of order). clSeqNr=3097
17:41:53.131 INF Request finished (out of order). clSeqNr=3113
17:41:53.131 INF Request finished (out of order). clSeqNr=3129
17:41:53.131 INF Request finished (out of order). clSeqNr=3145
17:41:53.131 INF Request finished (out of order). clSeqNr=3161
17:41:53.131 INF Request finished (out of order). clSeqNr=3082
17:41:53.131 INF Request finished (out of order). clSeqNr=3098
17:41:53.131 INF Request finished (out of order). clSeqNr=3114
17:41:53.132 INF Request finished (out of order). clSeqNr=3130
17:41:53.132 INF Request finished (out of order). clSeqNr=3146
17:41:53.182 INF Request finished (out of order). clSeqNr=3162
17:41:53.182 INF Request finished (out of order). clSeqNr=3083
17:41:53.182 INF Request finished (out of order). clSeqNr=3099
17:41:53.182 INF Request finished (out of order). clSeqNr=3115
17:41:53.182 INF Request finished (out of order). clSeqNr=3131
17:41:53.182 INF Request finished (out of order). clSeqNr=3147
17:41:53.182 INF Request finished (out of order). clSeqNr=3163
17:41:53.182 INF Request finished (out of order). clSeqNr=3084
17:41:53.182 INF Request finished (out of order). clSeqNr=3100
17:41:53.182 INF Request finished (out of order). clSeqNr=3116
17:41:53.182 INF Request finished (out of order). clSeqNr=3132
17:41:53.182 INF Request finished (out of order). clSeqNr=3148
17:41:53.182 INF Request finished (out of order). clSeqNr=3164
17:41:53.182 INF Request finished (out of order). clSeqNr=3085
17:41:53.182 INF Request finished (out of order). clSeqNr=3101
17:41:53.182 INF Request finished (out of order). clSeqNr=3117
17:41:53.182 INF Request finished (out of order). clSeqNr=3133
17:41:53.182 INF Request finished (out of order). clSeqNr=3149
17:41:53.182 INF Request finished (out of order). clSeqNr=3165
17:41:53.182 INF Request finished (out of order). clSeqNr=3069
17:41:53.182 INF Request finished (out of order). clSeqNr=3102
17:41:53.182 INF Request finished (out of order). clSeqNr=3118
17:41:53.182 INF Request finished (out of order). clSeqNr=3134
17:41:53.182 INF Request finished (out of order). clSeqNr=3150
17:41:53.182 INF Request finished (out of order). clSeqNr=3166
17:41:53.183 INF Request finished (out of order). clSeqNr=3182
17:41:53.183 INF Request finished (out of order). clSeqNr=3103
17:41:53.183 INF Request finished (out of order). clSeqNr=3119
17:41:53.183 INF Request finished (out of order). clSeqNr=3135
17:41:53.183 INF Request finished (out of order). clSeqNr=3151
17:41:53.183 INF Request finished (out of order). clSeqNr=3167
17:41:53.183 INF Request finished (out of order). clSeqNr=3183
17:41:53.183 INF Request finished (out of order). clSeqNr=3104
17:41:53.183 INF Request finished (out of order). clSeqNr=3120
17:41:53.183 INF Request finished (out of order). clSeqNr=3136
17:41:53.183 INF Request finished (out of order). clSeqNr=3152
17:41:53.183 INF Request finished (out of order). clSeqNr=3168
17:41:53.183 INF Request finished (out of order). clSeqNr=3184
17:41:53.183 INF Request finished (out of order). clSeqNr=3105
17:41:53.183 INF Request finished (out of order). clSeqNr=3121
17:41:53.183 INF Request finished (out of order). clSeqNr=3137
17:41:53.183 INF Request finished (out of order). clSeqNr=3153
17:41:53.183 INF Request finished (out of order). clSeqNr=3169
17:41:53.183 INF Request finished (out of order). clSeqNr=3185
17:41:57.932 INF Request finished (out of order). clSeqNr=3187
17:41:57.932 INF Request finished (out of order). clSeqNr=3203
17:41:57.933 INF Request finished (out of order). clSeqNr=3219
17:41:57.933 INF Request finished (out of order). clSeqNr=3235
17:41:57.933 INF Request finished (out of order). clSeqNr=3251
17:41:57.933 INF Request finished (out of order). clSeqNr=3267
17:41:57.934 INF Request finished (out of order). clSeqNr=3283
17:41:57.934 INF Request finished (out of order). clSeqNr=3299
17:41:57.935 INF Request finished (out of order). clSeqNr=3315
17:41:57.937 INF Request finished (out of order). clSeqNr=3188
17:41:57.955 INF Request finished (out of order). clSeqNr=3204
17:41:57.974 INF Request finished (out of order). clSeqNr=3220
17:41:57.975 INF Request finished (out of order). clSeqNr=3236
17:41:57.975 INF Request finished (out of order). clSeqNr=3252
17:41:57.976 INF Request finished (out of order). clSeqNr=3268
17:41:57.976 INF Request finished (out of order). clSeqNr=3284
17:41:57.976 INF Request finished (out of order). clSeqNr=3300
17:41:58.000 INF Request finished (out of order). clSeqNr=3316
17:41:58.002 INF Request finished (out of order). clSeqNr=3189
17:41:58.002 INF Request finished (out of order). clSeqNr=3205
17:41:58.003 INF Request finished (out of order). clSeqNr=3221
17:41:58.003 INF Request finished (out of order). clSeqNr=3237
17:41:58.003 INF Request finished (out of order). clSeqNr=3253
17:41:58.004 INF Request finished (out of order). clSeqNr=3269
17:41:58.004 INF Request finished (out of order). clSeqNr=3285
17:41:58.005 INF Request finished (out of order). clSeqNr=3301
17:41:58.005 INF Request finished (out of order). clSeqNr=3317
17:41:58.006 INF Request finished (out of order). clSeqNr=3174
17:41:58.007 INF Request finished (out of order). clSeqNr=3190
17:41:58.052 INF Request finished (out of order). clSeqNr=3206
17:41:58.052 INF Request finished (out of order). clSeqNr=3222
17:41:58.052 INF Request finished (out of order). clSeqNr=3238
17:41:58.052 INF Request finished (out of order). clSeqNr=3254
17:41:58.053 INF Request finished (out of order). clSeqNr=3270
17:41:58.053 INF Request finished (out of order). clSeqNr=3286
17:41:58.053 INF Request finished (out of order). clSeqNr=3302
17:41:58.053 INF Request finished (out of order). clSeqNr=3318
17:41:58.062 INF Request finished (out of order). clSeqNr=3175
17:41:58.063 INF Request finished (out of order). clSeqNr=3191
17:41:58.063 INF Request finished (out of order). clSeqNr=3207
17:41:58.063 INF Request finished (out of order). clSeqNr=3223
17:41:58.063 INF Request finished (out of order). clSeqNr=3239
17:41:58.063 INF Request finished (out of order). clSeqNr=3255
17:41:58.063 INF Request finished (out of order). clSeqNr=3271
17:41:58.063 INF Request finished (out of order). clSeqNr=3287
17:41:58.063 INF Request finished (out of order). clSeqNr=3303
17:41:58.063 INF Request finished (out of order). clSeqNr=3319
17:41:58.063 INF Request finished (out of order). clSeqNr=3176
17:41:58.063 INF Request finished (out of order). clSeqNr=3192
17:41:58.063 INF Request finished (out of order). clSeqNr=3208
17:41:58.063 INF Request finished (out of order). clSeqNr=3224
17:41:58.063 INF Request finished (out of order). clSeqNr=3240
17:41:58.063 INF Request finished (out of order). clSeqNr=3256
17:41:58.063 INF Request finished (out of order). clSeqNr=3272
17:41:58.063 INF Request finished (out of order). clSeqNr=3288
17:41:58.063 INF Request finished (out of order). clSeqNr=3304
17:41:58.063 INF Request finished (out of order). clSeqNr=3320
17:41:58.063 INF Request finished (out of order). clSeqNr=3177
17:41:58.063 INF Request finished (out of order). clSeqNr=3193
17:41:58.063 INF Request finished (out of order). clSeqNr=3209
17:41:58.063 INF Request finished (out of order). clSeqNr=3225
17:41:58.063 INF Request finished (out of order). clSeqNr=3241
17:41:58.063 INF Request finished (out of order). clSeqNr=3257
17:41:58.063 INF Request finished (out of order). clSeqNr=3273
17:41:58.063 INF Request finished (out of order). clSeqNr=3289
17:41:58.063 INF Request finished (out of order). clSeqNr=3305
17:41:58.063 INF Request finished (out of order). clSeqNr=3321
17:41:58.063 INF Request finished (out of order). clSeqNr=3178
17:41:58.063 INF Request finished (out of order). clSeqNr=3194
17:41:58.063 INF Request finished (out of order). clSeqNr=3210
17:41:58.063 INF Request finished (out of order). clSeqNr=3226
17:41:58.063 INF Request finished (out of order). clSeqNr=3242
17:41:58.063 INF Request finished (out of order). clSeqNr=3258
17:41:58.063 INF Request finished (out of order). clSeqNr=3274
17:41:58.063 INF Request finished (out of order). clSeqNr=3290
17:41:58.063 INF Request finished (out of order). clSeqNr=3306
17:41:58.063 INF Request finished (out of order). clSeqNr=3322
17:41:58.063 INF Request finished (out of order). clSeqNr=3179
17:41:58.063 INF Request finished (out of order). clSeqNr=3195
17:41:58.063 INF Request finished (out of order). clSeqNr=3211
17:41:58.063 INF Request finished (out of order). clSeqNr=3227
17:41:58.063 INF Request finished (out of order). clSeqNr=3243
17:41:58.063 INF Request finished (out of order). clSeqNr=3259
17:41:58.063 INF Request finished (out of order). clSeqNr=3275
17:41:58.063 INF Request finished (out of order). clSeqNr=3291
17:41:58.063 INF Request finished (out of order). clSeqNr=3307
17:41:58.063 INF Request finished (out of order). clSeqNr=3323
17:41:58.063 INF Request finished (out of order). clSeqNr=3180
17:41:58.063 INF Request finished (out of order). clSeqNr=3196
17:41:58.063 INF Request finished (out of order). clSeqNr=3212
17:41:58.063 INF Request finished (out of order). clSeqNr=3228
17:41:58.064 INF Request finished (out of order). clSeqNr=3244
17:41:58.064 INF Request finished (out of order). clSeqNr=3260
17:41:58.064 INF Request finished (out of order). clSeqNr=3276
17:41:58.064 INF Request finished (out of order). clSeqNr=3292
17:41:58.064 INF Request finished (out of order). clSeqNr=3308
17:41:58.064 INF Request finished (out of order). clSeqNr=3324
17:41:58.064 INF Request finished (out of order). clSeqNr=3181
17:41:58.064 INF Request finished (out of order). clSeqNr=3197
17:41:58.064 INF Request finished (out of order). clSeqNr=3213
17:41:58.064 INF Request finished (out of order). clSeqNr=3229
17:41:58.064 INF Request finished (out of order). clSeqNr=3245
17:41:58.064 INF Request finished (out of order). clSeqNr=3261
17:41:58.064 INF Request finished (out of order). clSeqNr=3277
17:41:58.064 INF Request finished (out of order). clSeqNr=3293
17:41:58.064 INF Request finished (out of order). clSeqNr=3309
17:41:58.064 INF Request finished (out of order). clSeqNr=3342
17:41:58.064 INF Request finished (out of order). clSeqNr=3198
17:41:58.064 INF Request finished (out of order). clSeqNr=3214
17:41:58.064 INF Request finished (out of order). clSeqNr=3230
17:41:58.064 INF Request finished (out of order). clSeqNr=3246
17:41:58.064 INF Request finished (out of order). clSeqNr=3262
17:41:58.064 INF Request finished (out of order). clSeqNr=3278
17:41:58.064 INF Request finished (out of order). clSeqNr=3294
17:41:58.064 INF Request finished (out of order). clSeqNr=3310
17:41:58.064 INF Request finished (out of order). clSeqNr=3326
17:41:58.064 INF Request finished (out of order). clSeqNr=3343
17:41:58.064 INF Request finished (out of order). clSeqNr=3199
17:41:58.064 INF Request finished (out of order). clSeqNr=3215
17:41:58.064 INF Request finished (out of order). clSeqNr=3231
17:41:58.064 INF Request finished (out of order). clSeqNr=3247
17:41:58.064 INF Request finished (out of order). clSeqNr=3263
17:41:58.064 INF Request finished (out of order). clSeqNr=3279
17:41:58.064 INF Request finished (out of order). clSeqNr=3295
17:41:58.064 INF Request finished (out of order). clSeqNr=3311
17:41:58.064 INF Request finished (out of order). clSeqNr=3327
17:41:58.064 INF Request finished (out of order). clSeqNr=3344
17:41:58.064 INF Request finished (out of order). clSeqNr=3200
17:41:58.064 INF Request finished (out of order). clSeqNr=3216
17:41:58.064 INF Request finished (out of order). clSeqNr=3232
17:41:58.064 INF Request finished (out of order). clSeqNr=3248
17:41:58.064 INF Request finished (out of order). clSeqNr=3264
17:41:58.064 INF Request finished (out of order). clSeqNr=3280
17:41:58.064 INF Request finished (out of order). clSeqNr=3296
17:41:58.064 INF Request finished (out of order). clSeqNr=3312
17:41:58.064 INF Request finished (out of order). clSeqNr=3328
17:41:58.064 INF Request finished (out of order). clSeqNr=3345
17:41:58.064 INF Request finished (out of order). clSeqNr=3201
17:41:58.064 INF Request finished (out of order). clSeqNr=3217
17:41:58.064 INF Request finished (out of order). clSeqNr=3233
17:41:58.064 INF Request finished (out of order). clSeqNr=3249
17:41:58.064 INF Request finished (out of order). clSeqNr=3265
17:41:58.064 INF Request finished (out of order). clSeqNr=3281
17:41:58.064 INF Request finished (out of order). clSeqNr=3297
17:41:58.064 INF Request finished (out of order). clSeqNr=3313
17:41:58.064 INF Request finished (out of order). clSeqNr=3329
17:41:58.064 INF Request finished (out of order). clSeqNr=1538
17:41:58.064 INF Request delivered (in order). clSeqNr=1538
17:41:58.064 INF Request delivered (in order). clSeqNr=1539
17:41:58.064 INF Request delivered (in order). clSeqNr=1540
17:41:58.064 INF Request delivered (in order). clSeqNr=1541
17:41:58.064 INF Request delivered (in order). clSeqNr=1542
17:41:58.064 INF Request delivered (in order). clSeqNr=1543
17:41:58.064 INF Request delivered (in order). clSeqNr=1544
17:41:58.064 INF Request delivered (in order). clSeqNr=1545
17:41:58.064 INF Request delivered (in order). clSeqNr=1546
17:41:58.064 INF Request delivered (in order). clSeqNr=1547
17:41:58.064 INF Request delivered (in order). clSeqNr=1548
17:41:58.064 INF Request delivered (in order). clSeqNr=1549
17:41:58.064 INF Request delivered (in order). clSeqNr=1550
17:41:58.065 INF Request delivered (in order). clSeqNr=1551
17:41:58.065 INF Request delivered (in order). clSeqNr=1552
17:41:58.065 INF Request delivered (in order). clSeqNr=1553
17:41:58.065 INF Request finished (out of order). clSeqNr=1554
17:41:58.065 INF Request delivered (in order). clSeqNr=1554
17:41:58.065 INF Request delivered (in order). clSeqNr=1555
17:41:58.065 INF Request delivered (in order). clSeqNr=1556
17:41:58.065 INF Request delivered (in order). clSeqNr=1557
17:41:58.065 INF Request delivered (in order). clSeqNr=1558
17:41:58.065 INF Request delivered (in order). clSeqNr=1559
17:41:58.065 INF Request delivered (in order). clSeqNr=1560
17:41:58.065 INF Request delivered (in order). clSeqNr=1561
17:41:58.065 INF Request delivered (in order). clSeqNr=1562
17:41:58.065 INF Request delivered (in order). clSeqNr=1563
17:41:58.065 INF Request delivered (in order). clSeqNr=1564
17:41:58.065 INF Request delivered (in order). clSeqNr=1565
17:41:58.065 INF Request delivered (in order). clSeqNr=1566
17:41:58.065 INF Request delivered (in order). clSeqNr=1567
17:41:58.065 INF Request delivered (in order). clSeqNr=1568
17:41:58.065 INF Request delivered (in order). clSeqNr=1569
17:41:58.065 INF Request finished (out of order). clSeqNr=1570
17:41:58.065 INF Request delivered (in order). clSeqNr=1570
17:41:58.065 INF Request delivered (in order). clSeqNr=1571
17:41:58.065 INF Request delivered (in order). clSeqNr=1572
17:41:58.065 INF Request delivered (in order). clSeqNr=1573
17:41:58.065 INF Request delivered (in order). clSeqNr=1574
17:41:58.065 INF Request delivered (in order). clSeqNr=1575
17:41:58.065 INF Request delivered (in order). clSeqNr=1576
17:41:58.065 INF Request delivered (in order). clSeqNr=1577
17:41:58.065 INF Request delivered (in order). clSeqNr=1578
17:41:58.065 INF Request delivered (in order). clSeqNr=1579
17:41:58.065 INF Request delivered (in order). clSeqNr=1580
17:41:58.065 INF Request delivered (in order). clSeqNr=1581
17:41:58.065 INF Request delivered (in order). clSeqNr=1582
17:41:58.065 INF Request delivered (in order). clSeqNr=1583
17:41:58.065 INF Request delivered (in order). clSeqNr=1584
17:41:58.065 INF Request delivered (in order). clSeqNr=1585
17:41:58.065 INF Request finished (out of order). clSeqNr=1586
17:41:58.065 INF Request delivered (in order). clSeqNr=1586
17:41:58.065 INF Request delivered (in order). clSeqNr=1587
17:41:58.065 INF Request delivered (in order). clSeqNr=1588
17:41:58.065 INF Request delivered (in order). clSeqNr=1589
17:41:58.065 INF Request delivered (in order). clSeqNr=1590
17:41:58.065 INF Request delivered (in order). clSeqNr=1591
17:41:58.065 INF Request delivered (in order). clSeqNr=1592
17:41:58.065 INF Request delivered (in order). clSeqNr=1593
17:41:58.065 INF Request delivered (in order). clSeqNr=1594
17:41:58.065 INF Request delivered (in order). clSeqNr=1595
17:41:58.065 INF Request delivered (in order). clSeqNr=1596
17:41:58.065 INF Request delivered (in order). clSeqNr=1597
17:41:58.065 INF Request delivered (in order). clSeqNr=1598
17:41:58.065 INF Request delivered (in order). clSeqNr=1599
17:41:58.066 INF Request delivered (in order). clSeqNr=1600
17:41:58.066 INF Request delivered (in order). clSeqNr=1601
17:41:58.066 INF Request finished (out of order). clSeqNr=1602
17:41:58.066 INF Request delivered (in order). clSeqNr=1602
17:41:58.066 INF Request delivered (in order). clSeqNr=1603
17:41:58.066 INF Request delivered (in order). clSeqNr=1604
17:41:58.066 INF Request delivered (in order). clSeqNr=1605
17:41:58.066 INF Request delivered (in order). clSeqNr=1606
17:41:58.066 INF Request delivered (in order). clSeqNr=1607
17:41:58.066 INF Request delivered (in order). clSeqNr=1608
17:41:58.066 INF Request delivered (in order). clSeqNr=1609
17:41:58.066 INF Request delivered (in order). clSeqNr=1610
17:41:58.066 INF Request delivered (in order). clSeqNr=1611
17:41:58.066 INF Request delivered (in order). clSeqNr=1612
17:41:58.066 INF Request delivered (in order). clSeqNr=1613
17:41:58.066 INF Request delivered (in order). clSeqNr=1614
17:41:58.066 INF Request delivered (in order). clSeqNr=1615
17:41:58.066 INF Request delivered (in order). clSeqNr=1616
17:41:58.066 INF Request delivered (in order). clSeqNr=1617
17:41:58.066 INF Request finished (out of order). clSeqNr=1618
17:41:58.066 INF Request delivered (in order). clSeqNr=1618
17:41:58.066 INF Request delivered (in order). clSeqNr=1619
17:41:58.066 INF Request delivered (in order). clSeqNr=1620
17:41:58.066 INF Request delivered (in order). clSeqNr=1621
17:41:58.066 INF Request delivered (in order). clSeqNr=1622
17:41:58.066 INF Request delivered (in order). clSeqNr=1623
17:41:58.066 INF Request delivered (in order). clSeqNr=1624
17:41:58.066 INF Request delivered (in order). clSeqNr=1625
17:41:58.066 INF Request delivered (in order). clSeqNr=1626
17:41:58.066 INF Request delivered (in order). clSeqNr=1627
17:41:58.066 INF Request delivered (in order). clSeqNr=1628
17:41:58.066 INF Request delivered (in order). clSeqNr=1629
17:41:58.066 INF Request delivered (in order). clSeqNr=1630
17:41:58.066 INF Request delivered (in order). clSeqNr=1631
17:41:58.066 INF Request delivered (in order). clSeqNr=1632
17:41:58.066 INF Request delivered (in order). clSeqNr=1633
17:41:58.066 INF Request finished (out of order). clSeqNr=1634
17:41:58.066 INF Request delivered (in order). clSeqNr=1634
17:41:58.066 INF Request delivered (in order). clSeqNr=1635
17:41:58.066 INF Request delivered (in order). clSeqNr=1636
17:41:58.066 INF Request delivered (in order). clSeqNr=1637
17:41:58.066 INF Request delivered (in order). clSeqNr=1638
17:41:58.066 INF Request delivered (in order). clSeqNr=1639
17:41:58.066 INF Request delivered (in order). clSeqNr=1640
17:41:58.066 INF Request delivered (in order). clSeqNr=1641
17:41:58.066 INF Request delivered (in order). clSeqNr=1642
17:41:58.066 INF Request delivered (in order). clSeqNr=1643
17:41:58.066 INF Request delivered (in order). clSeqNr=1644
17:41:58.066 INF Request delivered (in order). clSeqNr=1645
17:41:58.066 INF Request delivered (in order). clSeqNr=1646
17:41:58.066 INF Request delivered (in order). clSeqNr=1647
17:41:58.066 INF Request delivered (in order). clSeqNr=1648
17:41:58.066 INF Request delivered (in order). clSeqNr=1649
17:41:58.066 INF Request finished (out of order). clSeqNr=1650
17:41:58.066 INF Request delivered (in order). clSeqNr=1650
17:41:58.066 INF Request delivered (in order). clSeqNr=1651
17:41:58.066 INF Request delivered (in order). clSeqNr=1652
17:41:58.066 INF Request delivered (in order). clSeqNr=1653
17:41:58.066 INF Request delivered (in order). clSeqNr=1654
17:41:58.067 INF Request delivered (in order). clSeqNr=1655
17:41:58.067 INF Request delivered (in order). clSeqNr=1656
17:41:58.067 INF Request delivered (in order). clSeqNr=1657
17:41:58.067 INF Request delivered (in order). clSeqNr=1658
17:41:58.067 INF Request delivered (in order). clSeqNr=1659
17:41:58.067 INF Request delivered (in order). clSeqNr=1660
17:41:58.067 INF Request delivered (in order). clSeqNr=1661
17:41:58.067 INF Request delivered (in order). clSeqNr=1662
17:41:58.067 INF Request delivered (in order). clSeqNr=1663
17:41:58.067 INF Request delivered (in order). clSeqNr=1664
17:41:58.067 INF Request delivered (in order). clSeqNr=1665
17:41:58.067 INF Request finished (out of order). clSeqNr=3331
17:41:58.067 INF Request finished (out of order). clSeqNr=3347
17:41:58.067 INF Request finished (out of order). clSeqNr=3363
17:41:58.067 INF Request finished (out of order). clSeqNr=3379
17:41:58.067 INF Request finished (out of order). clSeqNr=3395
17:41:58.067 INF Request finished (out of order). clSeqNr=3411
17:41:58.067 INF Request finished (out of order). clSeqNr=3427
17:41:58.067 INF Request finished (out of order). clSeqNr=3332
17:41:58.067 INF Request finished (out of order). clSeqNr=3348
17:41:58.067 INF Request finished (out of order). clSeqNr=3364
17:41:58.067 INF Request finished (out of order). clSeqNr=3380
17:41:58.067 INF Request finished (out of order). clSeqNr=3396
17:41:58.067 INF Request finished (out of order). clSeqNr=3412
17:41:58.067 INF Request finished (out of order). clSeqNr=3428
17:41:58.067 INF Request finished (out of order). clSeqNr=3333
17:41:58.067 INF Request finished (out of order). clSeqNr=3349
17:41:58.067 INF Request finished (out of order). clSeqNr=3365
17:41:58.067 INF Request finished (out of order). clSeqNr=3381
17:41:58.067 INF Request finished (out of order). clSeqNr=3397
17:41:58.067 INF Request finished (out of order). clSeqNr=3413
17:41:58.067 INF Request finished (out of order). clSeqNr=3429
17:41:58.120 INF Request finished (out of order). clSeqNr=3334
17:41:58.121 INF Request finished (out of order). clSeqNr=3350
17:41:58.121 INF Request finished (out of order). clSeqNr=3366
17:41:58.121 INF Request finished (out of order). clSeqNr=3382
17:41:58.121 INF Request finished (out of order). clSeqNr=3398
17:41:58.121 INF Request finished (out of order). clSeqNr=3414
17:41:58.121 INF Request finished (out of order). clSeqNr=3335
17:41:58.121 INF Request finished (out of order). clSeqNr=3351
17:41:58.121 INF Request finished (out of order). clSeqNr=3367
17:41:58.121 INF Request finished (out of order). clSeqNr=3383
17:41:58.121 INF Request finished (out of order). clSeqNr=3399
17:41:58.121 INF Request finished (out of order). clSeqNr=3336
17:41:58.123 INF Request finished (out of order). clSeqNr=3352
17:41:58.123 INF Request finished (out of order). clSeqNr=3368
17:41:58.123 INF Request finished (out of order). clSeqNr=3384
17:41:58.154 INF Request finished (out of order). clSeqNr=3400
17:41:58.175 INF Request finished (out of order). clSeqNr=3416
17:41:58.175 INF Request finished (out of order). clSeqNr=3337
17:41:58.175 INF Request finished (out of order). clSeqNr=3353
17:41:58.175 INF Request finished (out of order). clSeqNr=3369
17:41:58.175 INF Request finished (out of order). clSeqNr=3385
17:41:58.175 INF Request finished (out of order). clSeqNr=3401
17:41:58.175 INF Request finished (out of order). clSeqNr=3338
17:41:58.175 INF Request finished (out of order). clSeqNr=3354
17:41:58.175 INF Request finished (out of order). clSeqNr=3370
17:41:58.175 INF Request finished (out of order). clSeqNr=3386
17:41:58.175 INF Request finished (out of order). clSeqNr=3402
17:41:58.175 INF Request finished (out of order). clSeqNr=3418
17:41:58.175 INF Request finished (out of order). clSeqNr=3339
17:41:58.175 INF Request finished (out of order). clSeqNr=3355
17:41:58.175 INF Request finished (out of order). clSeqNr=3371
17:41:58.175 INF Request finished (out of order). clSeqNr=3387
17:41:58.175 INF Request finished (out of order). clSeqNr=3403
17:41:58.175 INF Request finished (out of order). clSeqNr=3419
17:41:58.175 INF Request finished (out of order). clSeqNr=3340
17:41:58.175 INF Request finished (out of order). clSeqNr=3356
17:41:58.175 INF Request finished (out of order). clSeqNr=3372
17:41:58.175 INF Request finished (out of order). clSeqNr=3388
17:41:58.175 INF Request finished (out of order). clSeqNr=3404
17:41:58.175 INF Request finished (out of order). clSeqNr=3420
17:41:58.175 INF Request finished (out of order). clSeqNr=3341
17:41:58.175 INF Request finished (out of order). clSeqNr=3357
17:41:58.175 INF Request finished (out of order). clSeqNr=3373
17:41:58.175 INF Request finished (out of order). clSeqNr=3389
17:41:58.175 INF Request finished (out of order). clSeqNr=3405
17:41:58.175 INF Request finished (out of order). clSeqNr=3421
17:41:58.175 INF Request finished (out of order). clSeqNr=3325
17:41:58.175 INF Request finished (out of order). clSeqNr=3358
17:41:58.175 INF Request finished (out of order). clSeqNr=3374
17:41:58.175 INF Request finished (out of order). clSeqNr=3390
17:41:58.175 INF Request finished (out of order). clSeqNr=3406
17:41:58.175 INF Request finished (out of order). clSeqNr=3422
17:41:58.175 INF Request finished (out of order). clSeqNr=3438
17:41:58.175 INF Request finished (out of order). clSeqNr=3359
17:41:58.175 INF Request finished (out of order). clSeqNr=3375
17:41:58.175 INF Request finished (out of order). clSeqNr=3391
17:41:58.175 INF Request finished (out of order). clSeqNr=3407
17:41:58.175 INF Request finished (out of order). clSeqNr=3423
17:41:58.175 INF Request finished (out of order). clSeqNr=3360
17:41:58.175 INF Request finished (out of order). clSeqNr=3376
17:41:58.175 INF Request finished (out of order). clSeqNr=3392
17:41:58.175 INF Request finished (out of order). clSeqNr=3408
17:41:58.175 INF Request finished (out of order). clSeqNr=3424
17:41:58.175 INF Request finished (out of order). clSeqNr=3440
17:41:58.175 INF Request finished (out of order). clSeqNr=3361
17:41:58.175 INF Request finished (out of order). clSeqNr=3377
17:41:58.175 INF Request finished (out of order). clSeqNr=3393
17:41:58.175 INF Request finished (out of order). clSeqNr=3409
17:41:58.175 INF Request finished (out of order). clSeqNr=3425
17:42:02.941 INF Request finished (out of order). clSeqNr=3443
17:42:02.941 INF Request finished (out of order). clSeqNr=3459
17:42:02.941 INF Request finished (out of order). clSeqNr=3475
17:42:02.942 INF Request finished (out of order). clSeqNr=3491
17:42:02.942 INF Request finished (out of order). clSeqNr=3507
17:42:02.942 INF Request finished (out of order). clSeqNr=3523
17:42:02.943 INF Request finished (out of order). clSeqNr=3539
17:42:02.943 INF Request finished (out of order). clSeqNr=3555
17:42:02.944 INF Request finished (out of order). clSeqNr=3571
17:42:02.946 INF Request finished (out of order). clSeqNr=3444
17:42:02.983 INF Request finished (out of order). clSeqNr=3460
17:42:02.996 INF Request finished (out of order). clSeqNr=3476
17:42:02.997 INF Request finished (out of order). clSeqNr=3492
17:42:02.997 INF Request finished (out of order). clSeqNr=3508
17:42:03.062 INF Request finished (out of order). clSeqNr=3524
17:42:03.062 INF Request finished (out of order). clSeqNr=3540
17:42:03.062 INF Request finished (out of order). clSeqNr=3556
17:42:03.062 INF Request finished (out of order). clSeqNr=3572
17:42:03.062 INF Request finished (out of order). clSeqNr=3445
17:42:03.062 INF Request finished (out of order). clSeqNr=3461
17:42:03.062 INF Request finished (out of order). clSeqNr=3477
17:42:03.062 INF Request finished (out of order). clSeqNr=3493
17:42:03.062 INF Request finished (out of order). clSeqNr=3509
17:42:03.062 INF Request finished (out of order). clSeqNr=3525
17:42:03.062 INF Request finished (out of order). clSeqNr=3541
17:42:03.062 INF Request finished (out of order). clSeqNr=3557
17:42:03.062 INF Request finished (out of order). clSeqNr=3573
17:42:03.062 INF Request finished (out of order). clSeqNr=3430
17:42:03.062 INF Request finished (out of order). clSeqNr=3446
17:42:03.062 INF Request finished (out of order). clSeqNr=3462
17:42:03.066 INF Request finished (out of order). clSeqNr=3478
17:42:03.066 INF Request finished (out of order). clSeqNr=3494
17:42:03.066 INF Request finished (out of order). clSeqNr=3510
17:42:03.066 INF Request finished (out of order). clSeqNr=3526
17:42:03.067 INF Request finished (out of order). clSeqNr=3542
17:42:03.067 INF Request finished (out of order). clSeqNr=3558
17:42:03.067 INF Request finished (out of order). clSeqNr=3574
17:42:03.067 INF Request finished (out of order). clSeqNr=3415
17:42:03.067 INF Request finished (out of order). clSeqNr=3431
17:42:03.067 INF Request finished (out of order). clSeqNr=3447
17:42:03.067 INF Request finished (out of order). clSeqNr=3463
17:42:03.067 INF Request finished (out of order). clSeqNr=3479
17:42:03.067 INF Request finished (out of order). clSeqNr=3495
17:42:03.067 INF Request finished (out of order). clSeqNr=3511
17:42:03.067 INF Request finished (out of order). clSeqNr=3527
17:42:03.067 INF Request finished (out of order). clSeqNr=3543
17:42:03.067 INF Request finished (out of order). clSeqNr=3559
17:42:03.067 INF Request finished (out of order). clSeqNr=3575
17:42:03.067 INF Request finished (out of order). clSeqNr=3432
17:42:03.067 INF Request finished (out of order). clSeqNr=3448
17:42:03.067 INF Request finished (out of order). clSeqNr=3464
17:42:03.067 INF Request finished (out of order). clSeqNr=3480
17:42:03.067 INF Request finished (out of order). clSeqNr=3496
17:42:03.067 INF Request finished (out of order). clSeqNr=3512
17:42:03.067 INF Request finished (out of order). clSeqNr=3528
17:42:03.067 INF Request finished (out of order). clSeqNr=3544
17:42:03.067 INF Request finished (out of order). clSeqNr=3560
17:42:03.067 INF Request finished (out of order). clSeqNr=3417
17:42:03.067 INF Request finished (out of order). clSeqNr=3433
17:42:03.067 INF Request finished (out of order). clSeqNr=3449
17:42:03.067 INF Request finished (out of order). clSeqNr=3465
17:42:03.067 INF Request finished (out of order). clSeqNr=3481
17:42:03.067 INF Request finished (out of order). clSeqNr=3497
17:42:03.067 INF Request finished (out of order). clSeqNr=3513
17:42:03.067 INF Request finished (out of order). clSeqNr=3529
17:42:03.067 INF Request finished (out of order). clSeqNr=3545
17:42:03.067 INF Request finished (out of order). clSeqNr=3561
17:42:03.067 INF Request finished (out of order). clSeqNr=3434
17:42:03.067 INF Request finished (out of order). clSeqNr=3450
17:42:03.067 INF Request finished (out of order). clSeqNr=3466
17:42:03.067 INF Request finished (out of order). clSeqNr=3482
17:42:03.067 INF Request finished (out of order). clSeqNr=3498
17:42:03.067 INF Request finished (out of order). clSeqNr=3514
17:42:03.067 INF Request finished (out of order). clSeqNr=3530
17:42:03.067 INF Request finished (out of order). clSeqNr=3546
17:42:03.067 INF Request finished (out of order). clSeqNr=3562
17:42:03.067 INF Request finished (out of order). clSeqNr=3578
17:42:03.068 INF Request finished (out of order). clSeqNr=3435
17:42:03.068 INF Request finished (out of order). clSeqNr=3451
17:42:03.068 INF Request finished (out of order). clSeqNr=3467
17:42:03.068 INF Request finished (out of order). clSeqNr=3483
17:42:03.068 INF Request finished (out of order). clSeqNr=3499
17:42:03.068 INF Request finished (out of order). clSeqNr=3515
17:42:03.068 INF Request finished (out of order). clSeqNr=3531
17:42:03.068 INF Request finished (out of order). clSeqNr=3547
17:42:03.068 INF Request finished (out of order). clSeqNr=3563
17:42:03.068 INF Request finished (out of order). clSeqNr=3579
17:42:03.068 INF Request finished (out of order). clSeqNr=3436
17:42:03.068 INF Request finished (out of order). clSeqNr=3452
17:42:03.068 INF Request finished (out of order). clSeqNr=3468
17:42:03.068 INF Request finished (out of order). clSeqNr=3484
17:42:03.068 INF Request finished (out of order). clSeqNr=3500
17:42:03.068 INF Request finished (out of order). clSeqNr=3516
17:42:03.068 INF Request finished (out of order). clSeqNr=3532
17:42:03.068 INF Request finished (out of order). clSeqNr=3548
17:42:03.068 INF Request finished (out of order). clSeqNr=3564
17:42:03.068 INF Request finished (out of order). clSeqNr=3580
17:42:03.068 INF Request finished (out of order). clSeqNr=3437
17:42:03.068 INF Request finished (out of order). clSeqNr=3453
17:42:03.068 INF Request finished (out of order). clSeqNr=3469
17:42:03.068 INF Request finished (out of order). clSeqNr=3485
17:42:03.068 INF Request finished (out of order). clSeqNr=3501
17:42:03.068 INF Request finished (out of order). clSeqNr=3517
17:42:03.068 INF Request finished (out of order). clSeqNr=3533
17:42:03.068 INF Request finished (out of order). clSeqNr=3549
17:42:03.068 INF Request finished (out of order). clSeqNr=3565
17:42:03.068 INF Request finished (out of order). clSeqNr=3598
17:42:03.068 INF Request finished (out of order). clSeqNr=3454
17:42:03.068 INF Request finished (out of order). clSeqNr=3470
17:42:03.068 INF Request finished (out of order). clSeqNr=3486
17:42:03.068 INF Request finished (out of order). clSeqNr=3502
17:42:03.068 INF Request finished (out of order). clSeqNr=3518
17:42:03.068 INF Request finished (out of order). clSeqNr=3534
17:42:03.068 INF Request finished (out of order). clSeqNr=3550
17:42:03.068 INF Request finished (out of order). clSeqNr=3566
17:42:03.068 INF Request finished (out of order). clSeqNr=3582
17:42:03.068 INF Request finished (out of order). clSeqNr=3599
17:42:03.068 INF Request finished (out of order). clSeqNr=3439
17:42:03.068 INF Request finished (out of order). clSeqNr=3455
17:42:03.068 INF Request finished (out of order). clSeqNr=3471
17:42:03.068 INF Request finished (out of order). clSeqNr=3487
17:42:03.068 INF Request finished (out of order). clSeqNr=3503
17:42:03.068 INF Request finished (out of order). clSeqNr=3519
17:42:03.068 INF Request finished (out of order). clSeqNr=3535
17:42:03.068 INF Request finished (out of order). clSeqNr=3551
17:42:03.068 INF Request finished (out of order). clSeqNr=3567
17:42:03.068 INF Request finished (out of order). clSeqNr=3583
17:42:03.068 INF Request finished (out of order). clSeqNr=3600
17:42:03.068 INF Request finished (out of order). clSeqNr=3456
17:42:03.068 INF Request finished (out of order). clSeqNr=3472
17:42:03.068 INF Request finished (out of order). clSeqNr=3488
17:42:03.068 INF Request finished (out of order). clSeqNr=3504
17:42:03.068 INF Request finished (out of order). clSeqNr=3520
17:42:03.068 INF Request finished (out of order). clSeqNr=3536
17:42:03.068 INF Request finished (out of order). clSeqNr=3552
17:42:03.069 INF Request finished (out of order). clSeqNr=3568
17:42:03.069 INF Request finished (out of order). clSeqNr=3584
17:42:03.069 INF Request finished (out of order). clSeqNr=3601
17:42:03.069 INF Request finished (out of order). clSeqNr=3441
17:42:03.069 INF Request finished (out of order). clSeqNr=3457
17:42:03.069 INF Request finished (out of order). clSeqNr=3473
17:42:03.069 INF Request finished (out of order). clSeqNr=3489
17:42:03.069 INF Request finished (out of order). clSeqNr=3505
17:42:03.069 INF Request finished (out of order). clSeqNr=3521
17:42:03.069 INF Request finished (out of order). clSeqNr=3537
17:42:03.069 INF Request finished (out of order). clSeqNr=3553
17:42:03.069 INF Request finished (out of order). clSeqNr=3569
17:42:03.069 INF Request finished (out of order). clSeqNr=3585
17:42:03.069 INF Request finished (out of order). clSeqNr=1666
17:42:03.069 INF Request delivered (in order). clSeqNr=1666
17:42:03.069 INF Request delivered (in order). clSeqNr=1667
17:42:03.069 INF Request delivered (in order). clSeqNr=1668
17:42:03.069 INF Request delivered (in order). clSeqNr=1669
17:42:03.069 INF Request delivered (in order). clSeqNr=1670
17:42:03.069 INF Request delivered (in order). clSeqNr=1671
17:42:03.069 INF Request delivered (in order). clSeqNr=1672
17:42:03.069 INF Request delivered (in order). clSeqNr=1673
17:42:03.069 INF Request delivered (in order). clSeqNr=1674
17:42:03.069 INF Request delivered (in order). clSeqNr=1675
17:42:03.069 INF Request delivered (in order). clSeqNr=1676
17:42:03.069 INF Request delivered (in order). clSeqNr=1677
17:42:03.069 INF Request delivered (in order). clSeqNr=1678
17:42:03.069 INF Request delivered (in order). clSeqNr=1679
17:42:03.069 INF Request delivered (in order). clSeqNr=1680
17:42:03.069 INF Request delivered (in order). clSeqNr=1681
17:42:03.069 INF Request finished (out of order). clSeqNr=1682
17:42:03.069 INF Request delivered (in order). clSeqNr=1682
17:42:03.069 INF Request delivered (in order). clSeqNr=1683
17:42:03.069 INF Request delivered (in order). clSeqNr=1684
17:42:03.069 INF Request delivered (in order). clSeqNr=1685
17:42:03.069 INF Request delivered (in order). clSeqNr=1686
17:42:03.069 INF Request delivered (in order). clSeqNr=1687
17:42:03.069 INF Request delivered (in order). clSeqNr=1688
17:42:03.069 INF Request delivered (in order). clSeqNr=1689
17:42:03.069 INF Request delivered (in order). clSeqNr=1690
17:42:03.069 INF Request delivered (in order). clSeqNr=1691
17:42:03.069 INF Request delivered (in order). clSeqNr=1692
17:42:03.069 INF Request delivered (in order). clSeqNr=1693
17:42:03.069 INF Request delivered (in order). clSeqNr=1694
17:42:03.069 INF Request delivered (in order). clSeqNr=1695
17:42:03.069 INF Request delivered (in order). clSeqNr=1696
17:42:03.069 INF Request delivered (in order). clSeqNr=1697
17:42:03.069 INF Request finished (out of order). clSeqNr=1698
17:42:03.069 INF Request delivered (in order). clSeqNr=1698
17:42:03.069 INF Request delivered (in order). clSeqNr=1699
17:42:03.069 INF Request delivered (in order). clSeqNr=1700
17:42:03.069 INF Request delivered (in order). clSeqNr=1701
17:42:03.069 INF Request delivered (in order). clSeqNr=1702
17:42:03.069 INF Request delivered (in order). clSeqNr=1703
17:42:03.069 INF Request delivered (in order). clSeqNr=1704
17:42:03.069 INF Request delivered (in order). clSeqNr=1705
17:42:03.069 INF Request delivered (in order). clSeqNr=1706
17:42:03.069 INF Request delivered (in order). clSeqNr=1707
17:42:03.069 INF Request delivered (in order). clSeqNr=1708
17:42:03.069 INF Request delivered (in order). clSeqNr=1709
17:42:03.069 INF Request delivered (in order). clSeqNr=1710
17:42:03.069 INF Request delivered (in order). clSeqNr=1711
17:42:03.069 INF Request delivered (in order). clSeqNr=1712
17:42:03.069 INF Request delivered (in order). clSeqNr=1713
17:42:03.069 INF Request finished (out of order). clSeqNr=1714
17:42:03.069 INF Request delivered (in order). clSeqNr=1714
17:42:03.069 INF Request delivered (in order). clSeqNr=1715
17:42:03.069 INF Request delivered (in order). clSeqNr=1716
17:42:03.069 INF Request delivered (in order). clSeqNr=1717
17:42:03.069 INF Request delivered (in order). clSeqNr=1718
17:42:03.069 INF Request delivered (in order). clSeqNr=1719
17:42:03.069 INF Request delivered (in order). clSeqNr=1720
17:42:03.069 INF Request delivered (in order). clSeqNr=1721
17:42:03.069 INF Request delivered (in order). clSeqNr=1722
17:42:03.069 INF Request delivered (in order). clSeqNr=1723
17:42:03.069 INF Request delivered (in order). clSeqNr=1724
17:42:03.069 INF Request delivered (in order). clSeqNr=1725
17:42:03.069 INF Request delivered (in order). clSeqNr=1726
17:42:03.069 INF Request delivered (in order). clSeqNr=1727
17:42:03.069 INF Request delivered (in order). clSeqNr=1728
17:42:03.069 INF Request delivered (in order). clSeqNr=1729
17:42:03.069 INF Request finished (out of order). clSeqNr=1730
17:42:03.069 INF Request delivered (in order). clSeqNr=1730
17:42:03.069 INF Request delivered (in order). clSeqNr=1731
17:42:03.069 INF Request delivered (in order). clSeqNr=1732
17:42:03.069 INF Request delivered (in order). clSeqNr=1733
17:42:03.069 INF Request delivered (in order). clSeqNr=1734
17:42:03.069 INF Request delivered (in order). clSeqNr=1735
17:42:03.069 INF Request delivered (in order). clSeqNr=1736
17:42:03.069 INF Request delivered (in order). clSeqNr=1737
17:42:03.070 INF Request delivered (in order). clSeqNr=1738
17:42:03.070 INF Request delivered (in order). clSeqNr=1739
17:42:03.070 INF Request delivered (in order). clSeqNr=1740
17:42:03.070 INF Request delivered (in order). clSeqNr=1741
17:42:03.070 INF Request delivered (in order). clSeqNr=1742
17:42:03.070 INF Request delivered (in order). clSeqNr=1743
17:42:03.070 INF Request delivered (in order). clSeqNr=1744
17:42:03.070 INF Request delivered (in order). clSeqNr=1745
17:42:03.070 INF Request finished (out of order). clSeqNr=1746
17:42:03.070 INF Request delivered (in order). clSeqNr=1746
17:42:03.070 INF Request delivered (in order). clSeqNr=1747
17:42:03.070 INF Request delivered (in order). clSeqNr=1748
17:42:03.070 INF Request delivered (in order). clSeqNr=1749
17:42:03.070 INF Request delivered (in order). clSeqNr=1750
17:42:03.070 INF Request delivered (in order). clSeqNr=1751
17:42:03.070 INF Request delivered (in order). clSeqNr=1752
17:42:03.070 INF Request delivered (in order). clSeqNr=1753
17:42:03.070 INF Request delivered (in order). clSeqNr=1754
17:42:03.070 INF Request delivered (in order). clSeqNr=1755
17:42:03.070 INF Request delivered (in order). clSeqNr=1756
17:42:03.070 INF Request delivered (in order). clSeqNr=1757
17:42:03.070 INF Request delivered (in order). clSeqNr=1758
17:42:03.070 INF Request delivered (in order). clSeqNr=1759
17:42:03.070 INF Request delivered (in order). clSeqNr=1760
17:42:03.070 INF Request delivered (in order). clSeqNr=1761
17:42:03.070 INF Request finished (out of order). clSeqNr=1762
17:42:03.070 INF Request delivered (in order). clSeqNr=1762
17:42:03.070 INF Request delivered (in order). clSeqNr=1763
17:42:03.070 INF Request delivered (in order). clSeqNr=1764
17:42:03.070 INF Request delivered (in order). clSeqNr=1765
17:42:03.070 INF Request delivered (in order). clSeqNr=1766
17:42:03.070 INF Request delivered (in order). clSeqNr=1767
17:42:03.070 INF Request delivered (in order). clSeqNr=1768
17:42:03.070 INF Request delivered (in order). clSeqNr=1769
17:42:03.070 INF Request delivered (in order). clSeqNr=1770
17:42:03.070 INF Request delivered (in order). clSeqNr=1771
17:42:03.070 INF Request delivered (in order). clSeqNr=1772
17:42:03.070 INF Request delivered (in order). clSeqNr=1773
17:42:03.070 INF Request delivered (in order). clSeqNr=1774
17:42:03.070 INF Request delivered (in order). clSeqNr=1775
17:42:03.070 INF Request delivered (in order). clSeqNr=1776
17:42:03.070 INF Request delivered (in order). clSeqNr=1777
17:42:03.070 INF Request finished (out of order). clSeqNr=1778
17:42:03.070 INF Request delivered (in order). clSeqNr=1778
17:42:03.070 INF Request delivered (in order). clSeqNr=1779
17:42:03.070 INF Request delivered (in order). clSeqNr=1780
17:42:03.070 INF Request delivered (in order). clSeqNr=1781
17:42:03.070 INF Request delivered (in order). clSeqNr=1782
17:42:03.070 INF Request delivered (in order). clSeqNr=1783
17:42:03.070 INF Request delivered (in order). clSeqNr=1784
17:42:03.070 INF Request delivered (in order). clSeqNr=1785
17:42:03.070 INF Request delivered (in order). clSeqNr=1786
17:42:03.070 INF Request delivered (in order). clSeqNr=1787
17:42:03.070 INF Request delivered (in order). clSeqNr=1788
17:42:03.070 INF Request delivered (in order). clSeqNr=1789
17:42:03.070 INF Request delivered (in order). clSeqNr=1790
17:42:03.070 INF Request delivered (in order). clSeqNr=1791
17:42:03.070 INF Request delivered (in order). clSeqNr=1792
17:42:03.070 INF Request delivered (in order). clSeqNr=1793
17:42:03.070 INF Request finished (out of order). clSeqNr=3587
17:42:03.070 INF Request finished (out of order). clSeqNr=3603
17:42:03.070 INF Request finished (out of order). clSeqNr=3619
17:42:03.070 INF Request finished (out of order). clSeqNr=3635
17:42:03.071 INF Request finished (out of order). clSeqNr=3651
17:42:03.071 INF Request finished (out of order). clSeqNr=3667
17:42:03.071 INF Request finished (out of order). clSeqNr=3683
17:42:03.071 INF Request finished (out of order). clSeqNr=3588
17:42:03.071 INF Request finished (out of order). clSeqNr=3604
17:42:03.071 INF Request finished (out of order). clSeqNr=3620
17:42:03.071 INF Request finished (out of order). clSeqNr=3636
17:42:03.071 INF Request finished (out of order). clSeqNr=3652
17:42:03.071 INF Request finished (out of order). clSeqNr=3668
17:42:03.071 INF Request finished (out of order). clSeqNr=3684
17:42:03.072 INF Request finished (out of order). clSeqNr=3589
17:42:03.072 INF Request finished (out of order). clSeqNr=3605
17:42:03.072 INF Request finished (out of order). clSeqNr=3621
17:42:03.072 INF Request finished (out of order). clSeqNr=3637
17:42:03.073 INF Request finished (out of order). clSeqNr=3653
17:42:03.073 INF Request finished (out of order). clSeqNr=3669
17:42:03.073 INF Request finished (out of order). clSeqNr=3685
17:42:03.124 INF Request finished (out of order). clSeqNr=3590
17:42:03.124 INF Request finished (out of order). clSeqNr=3606
17:42:03.124 INF Request finished (out of order). clSeqNr=3622
17:42:03.124 INF Request finished (out of order). clSeqNr=3638
17:42:03.125 INF Request finished (out of order). clSeqNr=3654
17:42:03.125 INF Request finished (out of order). clSeqNr=3670
17:42:03.125 INF Request finished (out of order). clSeqNr=3591
17:42:03.125 INF Request finished (out of order). clSeqNr=3607
17:42:03.125 INF Request finished (out of order). clSeqNr=3623
17:42:03.125 INF Request finished (out of order). clSeqNr=3639
17:42:03.125 INF Request finished (out of order). clSeqNr=3655
17:42:03.125 INF Request finished (out of order). clSeqNr=3671
17:42:03.125 INF Request finished (out of order). clSeqNr=3592
17:42:03.125 INF Request finished (out of order). clSeqNr=3608
17:42:03.125 INF Request finished (out of order). clSeqNr=3624
17:42:03.125 INF Request finished (out of order). clSeqNr=3640
17:42:03.125 INF Request finished (out of order). clSeqNr=3656
17:42:03.125 INF Request finished (out of order). clSeqNr=3672
17:42:03.125 INF Request finished (out of order). clSeqNr=3576
17:42:03.125 INF Request finished (out of order). clSeqNr=3593
17:42:03.125 INF Request finished (out of order). clSeqNr=3609
17:42:03.125 INF Request finished (out of order). clSeqNr=3625
17:42:03.125 INF Request finished (out of order). clSeqNr=3641
17:42:03.125 INF Request finished (out of order). clSeqNr=3657
17:42:03.125 INF Request finished (out of order). clSeqNr=3673
17:42:03.125 INF Request finished (out of order). clSeqNr=3577
17:42:03.125 INF Request finished (out of order). clSeqNr=3594
17:42:03.125 INF Request finished (out of order). clSeqNr=3610
17:42:03.125 INF Request finished (out of order). clSeqNr=3626
17:42:03.125 INF Request finished (out of order). clSeqNr=3642
17:42:03.125 INF Request finished (out of order). clSeqNr=3658
17:42:03.125 INF Request finished (out of order). clSeqNr=3674
17:42:03.125 INF Request finished (out of order). clSeqNr=3595
17:42:03.125 INF Request finished (out of order). clSeqNr=3611
17:42:03.125 INF Request finished (out of order). clSeqNr=3627
17:42:03.125 INF Request finished (out of order). clSeqNr=3643
17:42:03.125 INF Request finished (out of order). clSeqNr=3659
17:42:03.125 INF Request finished (out of order). clSeqNr=3675
17:42:03.125 INF Request finished (out of order). clSeqNr=3596
17:42:03.125 INF Request finished (out of order). clSeqNr=3612
17:42:03.125 INF Request finished (out of order). clSeqNr=3628
17:42:03.125 INF Request finished (out of order). clSeqNr=3644
17:42:03.130 INF Request finished (out of order). clSeqNr=3660
17:42:03.163 INF Request finished (out of order). clSeqNr=3676
17:42:03.182 INF Request finished (out of order). clSeqNr=3597
17:42:03.182 INF Request finished (out of order). clSeqNr=3613
17:42:03.182 INF Request finished (out of order). clSeqNr=3629
17:42:03.182 INF Request finished (out of order). clSeqNr=3645
17:42:03.182 INF Request finished (out of order). clSeqNr=3661
17:42:03.182 INF Request finished (out of order). clSeqNr=3677
17:42:03.182 INF Request finished (out of order). clSeqNr=3581
17:42:03.182 INF Request finished (out of order). clSeqNr=3614
17:42:03.182 INF Request finished (out of order). clSeqNr=3630
17:42:03.182 INF Request finished (out of order). clSeqNr=3646
17:42:03.182 INF Request finished (out of order). clSeqNr=3662
17:42:03.182 INF Request finished (out of order). clSeqNr=3678
17:42:03.182 INF Request finished (out of order). clSeqNr=3694
17:42:03.182 INF Request finished (out of order). clSeqNr=3615
17:42:03.182 INF Request finished (out of order). clSeqNr=3631
17:42:03.182 INF Request finished (out of order). clSeqNr=3647
17:42:03.182 INF Request finished (out of order). clSeqNr=3663
17:42:03.182 INF Request finished (out of order). clSeqNr=3679
17:42:03.182 INF Request finished (out of order). clSeqNr=3695
17:42:03.182 INF Request finished (out of order). clSeqNr=3616
17:42:03.182 INF Request finished (out of order). clSeqNr=3632
17:42:03.182 INF Request finished (out of order). clSeqNr=3648
17:42:03.182 INF Request finished (out of order). clSeqNr=3664
17:42:03.182 INF Request finished (out of order). clSeqNr=3680
17:42:03.182 INF Request finished (out of order). clSeqNr=3696
17:42:03.182 INF Request finished (out of order). clSeqNr=3617
17:42:03.182 INF Request finished (out of order). clSeqNr=3633
17:42:03.182 INF Request finished (out of order). clSeqNr=3649
17:42:03.182 INF Request finished (out of order). clSeqNr=3665
17:42:03.182 INF Request finished (out of order). clSeqNr=3681
17:42:03.182 INF Request finished (out of order). clSeqNr=3697
17:42:07.935 INF Request finished (out of order). clSeqNr=3699
17:42:07.935 INF Request finished (out of order). clSeqNr=3715
17:42:07.935 INF Request finished (out of order). clSeqNr=3731
17:42:07.935 INF Request finished (out of order). clSeqNr=3747
17:42:07.935 INF Request finished (out of order). clSeqNr=3763
17:42:07.936 INF Request finished (out of order). clSeqNr=3779
17:42:07.936 INF Request finished (out of order). clSeqNr=3795
17:42:07.936 INF Request finished (out of order). clSeqNr=3811
17:42:07.936 INF Request finished (out of order). clSeqNr=3827
17:42:07.938 INF Request finished (out of order). clSeqNr=3700
17:42:07.955 INF Request finished (out of order). clSeqNr=3716
17:42:07.961 INF Request finished (out of order). clSeqNr=3732
17:42:07.961 INF Request finished (out of order). clSeqNr=3748
17:42:07.961 INF Request finished (out of order). clSeqNr=3764
17:42:07.962 INF Request finished (out of order). clSeqNr=3780
17:42:07.962 INF Request finished (out of order). clSeqNr=3796
17:42:07.963 INF Request finished (out of order). clSeqNr=3812
17:42:07.988 INF Request finished (out of order). clSeqNr=3828
17:42:07.990 INF Request finished (out of order). clSeqNr=3701
17:42:07.993 INF Request finished (out of order). clSeqNr=3717
17:42:07.994 INF Request finished (out of order). clSeqNr=3733
17:42:07.995 INF Request finished (out of order). clSeqNr=3749
17:42:07.995 INF Request finished (out of order). clSeqNr=3765
17:42:07.995 INF Request finished (out of order). clSeqNr=3781
17:42:07.996 INF Request finished (out of order). clSeqNr=3797
17:42:07.996 INF Request finished (out of order). clSeqNr=3813
17:42:07.996 INF Request finished (out of order). clSeqNr=3829
17:42:07.998 INF Request finished (out of order). clSeqNr=3686
17:42:07.998 INF Request finished (out of order). clSeqNr=3702
17:42:07.999 INF Request finished (out of order). clSeqNr=3718
17:42:07.999 INF Request finished (out of order). clSeqNr=3734
17:42:07.999 INF Request finished (out of order). clSeqNr=3750
17:42:08.005 INF Request finished (out of order). clSeqNr=3766
17:42:08.005 INF Request finished (out of order). clSeqNr=3782
17:42:08.006 INF Request finished (out of order). clSeqNr=3798
17:42:08.006 INF Request finished (out of order). clSeqNr=3814
17:42:08.006 INF Request finished (out of order). clSeqNr=3830
17:42:08.008 INF Request finished (out of order). clSeqNr=3687
17:42:08.008 INF Request finished (out of order). clSeqNr=3703
17:42:08.057 INF Request finished (out of order). clSeqNr=3719
17:42:08.064 INF Request finished (out of order). clSeqNr=3735
17:42:08.064 INF Request finished (out of order). clSeqNr=3751
17:42:08.064 INF Request finished (out of order). clSeqNr=3767
17:42:08.064 INF Request finished (out of order). clSeqNr=3783
17:42:08.064 INF Request finished (out of order). clSeqNr=3799
17:42:08.064 INF Request finished (out of order). clSeqNr=3815
17:42:08.064 INF Request finished (out of order). clSeqNr=3831
17:42:08.064 INF Request finished (out of order). clSeqNr=3688
17:42:08.064 INF Request finished (out of order). clSeqNr=3704
17:42:08.064 INF Request finished (out of order). clSeqNr=3720
17:42:08.064 INF Request finished (out of order). clSeqNr=3736
17:42:08.064 INF Request finished (out of order). clSeqNr=3752
17:42:08.064 INF Request finished (out of order). clSeqNr=3768
17:42:08.064 INF Request finished (out of order). clSeqNr=3784
17:42:08.064 INF Request finished (out of order). clSeqNr=3800
17:42:08.065 INF Request finished (out of order). clSeqNr=3816
17:42:08.065 INF Request finished (out of order). clSeqNr=3832
17:42:08.065 INF Request finished (out of order). clSeqNr=3689
17:42:08.065 INF Request finished (out of order). clSeqNr=3705
17:42:08.065 INF Request finished (out of order). clSeqNr=3721
17:42:08.065 INF Request finished (out of order). clSeqNr=3737
17:42:08.065 INF Request finished (out of order). clSeqNr=3753
17:42:08.065 INF Request finished (out of order). clSeqNr=3769
17:42:08.065 INF Request finished (out of order). clSeqNr=3785
17:42:08.065 INF Request finished (out of order). clSeqNr=3801
17:42:08.065 INF Request finished (out of order). clSeqNr=3817
17:42:08.065 INF Request finished (out of order). clSeqNr=3833
17:42:08.065 INF Request finished (out of order). clSeqNr=3850
17:42:08.065 INF Request finished (out of order). clSeqNr=3866
17:42:08.065 INF Request finished (out of order). clSeqNr=3882
17:42:08.065 INF Request finished (out of order). clSeqNr=3690
17:42:08.065 INF Request finished (out of order). clSeqNr=3706
17:42:08.065 INF Request finished (out of order). clSeqNr=3722
17:42:08.065 INF Request finished (out of order). clSeqNr=3738
17:42:08.065 INF Request finished (out of order). clSeqNr=3754
17:42:08.065 INF Request finished (out of order). clSeqNr=3770
17:42:08.065 INF Request finished (out of order). clSeqNr=3786
17:42:08.065 INF Request finished (out of order). clSeqNr=3802
17:42:08.065 INF Request finished (out of order). clSeqNr=3818
17:42:08.065 INF Request finished (out of order). clSeqNr=3834
17:42:08.065 INF Request finished (out of order). clSeqNr=3851
17:42:08.065 INF Request finished (out of order). clSeqNr=3867
17:42:08.065 INF Request finished (out of order). clSeqNr=3883
17:42:08.065 INF Request finished (out of order). clSeqNr=3691
17:42:08.065 INF Request finished (out of order). clSeqNr=3707
17:42:08.065 INF Request finished (out of order). clSeqNr=3723
17:42:08.065 INF Request finished (out of order). clSeqNr=3739
17:42:08.065 INF Request finished (out of order). clSeqNr=3755
17:42:08.065 INF Request finished (out of order). clSeqNr=3771
17:42:08.065 INF Request finished (out of order). clSeqNr=3787
17:42:08.067 INF Request finished (out of order). clSeqNr=3803
17:42:08.067 INF Request finished (out of order). clSeqNr=3819
17:42:08.067 INF Request finished (out of order). clSeqNr=3835
17:42:08.067 INF Request finished (out of order). clSeqNr=3852
17:42:08.067 INF Request finished (out of order). clSeqNr=3868
17:42:08.067 INF Request finished (out of order). clSeqNr=3884
17:42:08.067 INF Request finished (out of order). clSeqNr=3692
17:42:08.067 INF Request finished (out of order). clSeqNr=3708
17:42:08.067 INF Request finished (out of order). clSeqNr=3724
17:42:08.067 INF Request finished (out of order). clSeqNr=3740
17:42:08.067 INF Request finished (out of order). clSeqNr=3756
17:42:08.067 INF Request finished (out of order). clSeqNr=3772
17:42:08.067 INF Request finished (out of order). clSeqNr=3788
17:42:08.067 INF Request finished (out of order). clSeqNr=3804
17:42:08.067 INF Request finished (out of order). clSeqNr=3820
17:42:08.067 INF Request finished (out of order). clSeqNr=3836
17:42:08.067 INF Request finished (out of order). clSeqNr=3853
17:42:08.067 INF Request finished (out of order). clSeqNr=3869
17:42:08.067 INF Request finished (out of order). clSeqNr=3885
17:42:08.067 INF Request finished (out of order). clSeqNr=3693
17:42:08.067 INF Request finished (out of order). clSeqNr=3709
17:42:08.067 INF Request finished (out of order). clSeqNr=3725
17:42:08.067 INF Request finished (out of order). clSeqNr=3741
17:42:08.067 INF Request finished (out of order). clSeqNr=3757
17:42:08.067 INF Request finished (out of order). clSeqNr=3773
17:42:08.067 INF Request finished (out of order). clSeqNr=3789
17:42:08.067 INF Request finished (out of order). clSeqNr=3805
17:42:08.067 INF Request finished (out of order). clSeqNr=3821
17:42:08.067 INF Request finished (out of order). clSeqNr=3854
17:42:08.067 INF Request finished (out of order). clSeqNr=3870
17:42:08.067 INF Request finished (out of order). clSeqNr=3886
17:42:08.067 INF Request finished (out of order). clSeqNr=3710
17:42:08.067 INF Request finished (out of order). clSeqNr=3726
17:42:08.067 INF Request finished (out of order). clSeqNr=3742
17:42:08.067 INF Request finished (out of order). clSeqNr=3758
17:42:08.067 INF Request finished (out of order). clSeqNr=3774
17:42:08.067 INF Request finished (out of order). clSeqNr=3790
17:42:08.067 INF Request finished (out of order). clSeqNr=3806
17:42:08.067 INF Request finished (out of order). clSeqNr=3822
17:42:08.067 INF Request finished (out of order). clSeqNr=3838
17:42:08.067 INF Request finished (out of order). clSeqNr=3855
17:42:08.067 INF Request finished (out of order). clSeqNr=3871
17:42:08.067 INF Request finished (out of order). clSeqNr=3887
17:42:08.067 INF Request finished (out of order). clSeqNr=3711
17:42:08.067 INF Request finished (out of order). clSeqNr=3727
17:42:08.067 INF Request finished (out of order). clSeqNr=3743
17:42:08.067 INF Request finished (out of order). clSeqNr=3759
17:42:08.067 INF Request finished (out of order). clSeqNr=3775
17:42:08.068 INF Request finished (out of order). clSeqNr=3791
17:42:08.068 INF Request finished (out of order). clSeqNr=3807
17:42:08.068 INF Request finished (out of order). clSeqNr=3823
17:42:08.068 INF Request finished (out of order). clSeqNr=3839
17:42:08.068 INF Request finished (out of order). clSeqNr=3856
17:42:08.068 INF Request finished (out of order). clSeqNr=3872
17:42:08.068 INF Request finished (out of order). clSeqNr=3888
17:42:08.068 INF Request finished (out of order). clSeqNr=3712
17:42:08.068 INF Request finished (out of order). clSeqNr=3728
17:42:08.068 INF Request finished (out of order). clSeqNr=3744
17:42:08.068 INF Request finished (out of order). clSeqNr=3760
17:42:08.068 INF Request finished (out of order). clSeqNr=3776
17:42:08.068 INF Request finished (out of order). clSeqNr=3792
17:42:08.068 INF Request finished (out of order). clSeqNr=3808
17:42:08.068 INF Request finished (out of order). clSeqNr=3824
17:42:08.068 INF Request finished (out of order). clSeqNr=3840
17:42:08.068 INF Request finished (out of order). clSeqNr=3857
17:42:08.068 INF Request finished (out of order). clSeqNr=3873
17:42:08.068 INF Request finished (out of order). clSeqNr=3713
17:42:08.068 INF Request finished (out of order). clSeqNr=3729
17:42:08.068 INF Request finished (out of order). clSeqNr=3745
17:42:08.068 INF Request finished (out of order). clSeqNr=3761
17:42:08.068 INF Request finished (out of order). clSeqNr=3777
17:42:08.068 INF Request finished (out of order). clSeqNr=3793
17:42:08.068 INF Request finished (out of order). clSeqNr=3809
17:42:08.068 INF Request finished (out of order). clSeqNr=3825
17:42:08.068 INF Request finished (out of order). clSeqNr=3841
17:42:08.068 INF Request finished (out of order). clSeqNr=1794
17:42:08.068 INF Request delivered (in order). clSeqNr=1794
17:42:08.068 INF Request delivered (in order). clSeqNr=1795
17:42:08.068 INF Request delivered (in order). clSeqNr=1796
17:42:08.068 INF Request delivered (in order). clSeqNr=1797
17:42:08.068 INF Request delivered (in order). clSeqNr=1798
17:42:08.068 INF Request delivered (in order). clSeqNr=1799
17:42:08.068 INF Request delivered (in order). clSeqNr=1800
17:42:08.068 INF Request delivered (in order). clSeqNr=1801
17:42:08.068 INF Request delivered (in order). clSeqNr=1802
17:42:08.068 INF Request delivered (in order). clSeqNr=1803
17:42:08.068 INF Request delivered (in order). clSeqNr=1804
17:42:08.068 INF Request delivered (in order). clSeqNr=1805
17:42:08.068 INF Request delivered (in order). clSeqNr=1806
17:42:08.068 INF Request delivered (in order). clSeqNr=1807
17:42:08.068 INF Request delivered (in order). clSeqNr=1808
17:42:08.068 INF Request delivered (in order). clSeqNr=1809
17:42:08.068 INF Request finished (out of order). clSeqNr=1810
17:42:08.068 INF Request delivered (in order). clSeqNr=1810
17:42:08.068 INF Request delivered (in order). clSeqNr=1811
17:42:08.068 INF Request delivered (in order). clSeqNr=1812
17:42:08.068 INF Request delivered (in order). clSeqNr=1813
17:42:08.068 INF Request delivered (in order). clSeqNr=1814
17:42:08.068 INF Request delivered (in order). clSeqNr=1815
17:42:08.068 INF Request delivered (in order). clSeqNr=1816
17:42:08.068 INF Request delivered (in order). clSeqNr=1817
17:42:08.068 INF Request delivered (in order). clSeqNr=1818
17:42:08.068 INF Request delivered (in order). clSeqNr=1819
17:42:08.068 INF Request delivered (in order). clSeqNr=1820
17:42:08.068 INF Request delivered (in order). clSeqNr=1821
17:42:08.068 INF Request delivered (in order). clSeqNr=1822
17:42:08.068 INF Request delivered (in order). clSeqNr=1823
17:42:08.068 INF Request delivered (in order). clSeqNr=1824
17:42:08.068 INF Request delivered (in order). clSeqNr=1825
17:42:08.068 INF Request finished (out of order). clSeqNr=1826
17:42:08.068 INF Request delivered (in order). clSeqNr=1826
17:42:08.068 INF Request delivered (in order). clSeqNr=1827
17:42:08.068 INF Request delivered (in order). clSeqNr=1828
17:42:08.068 INF Request delivered (in order). clSeqNr=1829
17:42:08.068 INF Request delivered (in order). clSeqNr=1830
17:42:08.068 INF Request delivered (in order). clSeqNr=1831
17:42:08.068 INF Request delivered (in order). clSeqNr=1832
17:42:08.068 INF Request delivered (in order). clSeqNr=1833
17:42:08.068 INF Request delivered (in order). clSeqNr=1834
17:42:08.068 INF Request delivered (in order). clSeqNr=1835
17:42:08.068 INF Request delivered (in order). clSeqNr=1836
17:42:08.068 INF Request delivered (in order). clSeqNr=1837
17:42:08.068 INF Request delivered (in order). clSeqNr=1838
17:42:08.068 INF Request delivered (in order). clSeqNr=1839
17:42:08.068 INF Request delivered (in order). clSeqNr=1840
17:42:08.068 INF Request delivered (in order). clSeqNr=1841
17:42:08.068 INF Request finished (out of order). clSeqNr=1842
17:42:08.068 INF Request delivered (in order). clSeqNr=1842
17:42:08.068 INF Request delivered (in order). clSeqNr=1843
17:42:08.068 INF Request delivered (in order). clSeqNr=1844
17:42:08.068 INF Request delivered (in order). clSeqNr=1845
17:42:08.068 INF Request delivered (in order). clSeqNr=1846
17:42:08.068 INF Request delivered (in order). clSeqNr=1847
17:42:08.068 INF Request delivered (in order). clSeqNr=1848
17:42:08.068 INF Request delivered (in order). clSeqNr=1849
17:42:08.069 INF Request delivered (in order). clSeqNr=1850
17:42:08.069 INF Request delivered (in order). clSeqNr=1851
17:42:08.069 INF Request delivered (in order). clSeqNr=1852
17:42:08.069 INF Request delivered (in order). clSeqNr=1853
17:42:08.069 INF Request delivered (in order). clSeqNr=1854
17:42:08.069 INF Request delivered (in order). clSeqNr=1855
17:42:08.069 INF Request delivered (in order). clSeqNr=1856
17:42:08.069 INF Request delivered (in order). clSeqNr=1857
17:42:08.069 INF Request finished (out of order). clSeqNr=1858
17:42:08.069 INF Request delivered (in order). clSeqNr=1858
17:42:08.069 INF Request delivered (in order). clSeqNr=1859
17:42:08.069 INF Request delivered (in order). clSeqNr=1860
17:42:08.069 INF Request delivered (in order). clSeqNr=1861
17:42:08.069 INF Request delivered (in order). clSeqNr=1862
17:42:08.069 INF Request delivered (in order). clSeqNr=1863
17:42:08.069 INF Request delivered (in order). clSeqNr=1864
17:42:08.069 INF Request delivered (in order). clSeqNr=1865
17:42:08.069 INF Request delivered (in order). clSeqNr=1866
17:42:08.069 INF Request delivered (in order). clSeqNr=1867
17:42:08.069 INF Request delivered (in order). clSeqNr=1868
17:42:08.069 INF Request delivered (in order). clSeqNr=1869
17:42:08.069 INF Request delivered (in order). clSeqNr=1870
17:42:08.069 INF Request delivered (in order). clSeqNr=1871
17:42:08.069 INF Request delivered (in order). clSeqNr=1872
17:42:08.069 INF Request delivered (in order). clSeqNr=1873
17:42:08.069 INF Request finished (out of order). clSeqNr=1874
17:42:08.069 INF Request delivered (in order). clSeqNr=1874
17:42:08.069 INF Request delivered (in order). clSeqNr=1875
17:42:08.069 INF Request delivered (in order). clSeqNr=1876
17:42:08.069 INF Request delivered (in order). clSeqNr=1877
17:42:08.069 INF Request delivered (in order). clSeqNr=1878
17:42:08.069 INF Request delivered (in order). clSeqNr=1879
17:42:08.069 INF Request delivered (in order). clSeqNr=1880
17:42:08.069 INF Request delivered (in order). clSeqNr=1881
17:42:08.069 INF Request delivered (in order). clSeqNr=1882
17:42:08.069 INF Request delivered (in order). clSeqNr=1883
17:42:08.069 INF Request delivered (in order). clSeqNr=1884
17:42:08.069 INF Request delivered (in order). clSeqNr=1885
17:42:08.069 INF Request delivered (in order). clSeqNr=1886
17:42:08.069 INF Request delivered (in order). clSeqNr=1887
17:42:08.069 INF Request delivered (in order). clSeqNr=1888
17:42:08.069 INF Request delivered (in order). clSeqNr=1889
17:42:08.069 INF Request finished (out of order). clSeqNr=1890
17:42:08.069 INF Request delivered (in order). clSeqNr=1890
17:42:08.069 INF Request delivered (in order). clSeqNr=1891
17:42:08.069 INF Request delivered (in order). clSeqNr=1892
17:42:08.069 INF Request delivered (in order). clSeqNr=1893
17:42:08.069 INF Request delivered (in order). clSeqNr=1894
17:42:08.069 INF Request delivered (in order). clSeqNr=1895
17:42:08.069 INF Request delivered (in order). clSeqNr=1896
17:42:08.069 INF Request delivered (in order). clSeqNr=1897
17:42:08.069 INF Request delivered (in order). clSeqNr=1898
17:42:08.069 INF Request delivered (in order). clSeqNr=1899
17:42:08.069 INF Request delivered (in order). clSeqNr=1900
17:42:08.069 INF Request delivered (in order). clSeqNr=1901
17:42:08.069 INF Request delivered (in order). clSeqNr=1902
17:42:08.069 INF Request delivered (in order). clSeqNr=1903
17:42:08.069 INF Request delivered (in order). clSeqNr=1904
17:42:08.069 INF Request delivered (in order). clSeqNr=1905
17:42:08.069 INF Request finished (out of order). clSeqNr=1906
17:42:08.069 INF Request delivered (in order). clSeqNr=1906
17:42:08.069 INF Request delivered (in order). clSeqNr=1907
17:42:08.069 INF Request delivered (in order). clSeqNr=1908
17:42:08.069 INF Request delivered (in order). clSeqNr=1909
17:42:08.069 INF Request delivered (in order). clSeqNr=1910
17:42:08.069 INF Request delivered (in order). clSeqNr=1911
17:42:08.069 INF Request delivered (in order). clSeqNr=1912
17:42:08.069 INF Request delivered (in order). clSeqNr=1913
17:42:08.069 INF Request delivered (in order). clSeqNr=1914
17:42:08.069 INF Request delivered (in order). clSeqNr=1915
17:42:08.069 INF Request delivered (in order). clSeqNr=1916
17:42:08.069 INF Request delivered (in order). clSeqNr=1917
17:42:08.069 INF Request delivered (in order). clSeqNr=1918
17:42:08.069 INF Request delivered (in order). clSeqNr=1919
17:42:08.069 INF Request delivered (in order). clSeqNr=1920
17:42:08.069 INF Request delivered (in order). clSeqNr=1921
17:42:08.069 INF Request finished (out of order). clSeqNr=3843
17:42:08.069 INF Request finished (out of order). clSeqNr=3859
17:42:08.069 INF Request finished (out of order). clSeqNr=3875
17:42:08.069 INF Request finished (out of order). clSeqNr=3891
17:42:08.069 INF Request finished (out of order). clSeqNr=3907
17:42:08.069 INF Request finished (out of order). clSeqNr=3923
17:42:08.069 INF Request finished (out of order). clSeqNr=3939
17:42:08.069 INF Request finished (out of order). clSeqNr=3955
17:42:08.069 INF Request finished (out of order). clSeqNr=3971
17:42:08.069 INF Request finished (out of order). clSeqNr=3987
17:42:08.070 INF Request finished (out of order). clSeqNr=4003
17:42:08.070 INF Request finished (out of order). clSeqNr=4019
17:42:08.070 INF Request finished (out of order). clSeqNr=4035
17:42:08.070 INF Request finished (out of order). clSeqNr=4051
17:42:08.070 INF Request finished (out of order). clSeqNr=4067
17:42:08.070 INF Request finished (out of order). clSeqNr=4083
17:42:08.070 INF Request finished (out of order). clSeqNr=3844
17:42:08.070 INF Request finished (out of order). clSeqNr=3860
17:42:08.070 INF Request finished (out of order). clSeqNr=3876
17:42:08.070 INF Request finished (out of order). clSeqNr=3892
17:42:08.070 INF Request finished (out of order). clSeqNr=3908
17:42:08.070 INF Request finished (out of order). clSeqNr=3924
17:42:08.070 INF Request finished (out of order). clSeqNr=3940
17:42:08.070 INF Request finished (out of order). clSeqNr=3956
17:42:08.070 INF Request finished (out of order). clSeqNr=3972
17:42:08.070 INF Request finished (out of order). clSeqNr=3988
17:42:08.070 INF Request finished (out of order). clSeqNr=4004
17:42:08.070 INF Request finished (out of order). clSeqNr=4020
17:42:08.070 INF Request finished (out of order). clSeqNr=4036
17:42:08.070 INF Request finished (out of order). clSeqNr=4052
17:42:08.070 INF Request finished (out of order). clSeqNr=4068
17:42:08.070 INF Request finished (out of order). clSeqNr=4084
17:42:08.070 INF Request finished (out of order). clSeqNr=3845
17:42:08.070 INF Request finished (out of order). clSeqNr=3861
17:42:08.070 INF Request finished (out of order). clSeqNr=3877
17:42:08.070 INF Request finished (out of order). clSeqNr=3893
17:42:08.070 INF Request finished (out of order). clSeqNr=3909
17:42:08.070 INF Request finished (out of order). clSeqNr=3925
17:42:08.070 INF Request finished (out of order). clSeqNr=3941
17:42:08.070 INF Request finished (out of order). clSeqNr=3957
17:42:08.070 INF Request finished (out of order). clSeqNr=3973
17:42:08.070 INF Request finished (out of order). clSeqNr=3989
17:42:08.070 INF Request finished (out of order). clSeqNr=4005
17:42:08.070 INF Request finished (out of order). clSeqNr=4021
17:42:08.070 INF Request finished (out of order). clSeqNr=4037
17:42:08.070 INF Request finished (out of order). clSeqNr=4053
17:42:08.070 INF Request finished (out of order). clSeqNr=4069
17:42:08.070 INF Request finished (out of order). clSeqNr=4085
17:42:08.120 INF Request finished (out of order). clSeqNr=3846
17:42:08.120 INF Request finished (out of order). clSeqNr=3862
17:42:08.120 INF Request finished (out of order). clSeqNr=3878
17:42:08.120 INF Request finished (out of order). clSeqNr=3894
17:42:08.120 INF Request finished (out of order). clSeqNr=3910
17:42:08.120 INF Request finished (out of order). clSeqNr=3926
17:42:08.120 INF Request finished (out of order). clSeqNr=3942
17:42:08.120 INF Request finished (out of order). clSeqNr=3958
17:42:08.128 INF Request finished (out of order). clSeqNr=3974
17:42:08.128 INF Request finished (out of order). clSeqNr=3990
17:42:08.128 INF Request finished (out of order). clSeqNr=4006
17:42:08.159 INF Request finished (out of order). clSeqNr=4022
17:42:08.159 INF Request finished (out of order). clSeqNr=4038
17:42:08.159 INF Request finished (out of order). clSeqNr=4054
17:42:08.159 INF Request finished (out of order). clSeqNr=4070
17:42:08.173 INF Request finished (out of order). clSeqNr=4086
17:42:08.173 INF Request finished (out of order). clSeqNr=3847
17:42:08.173 INF Request finished (out of order). clSeqNr=3863
17:42:08.174 INF Request finished (out of order). clSeqNr=3879
17:42:08.174 INF Request finished (out of order). clSeqNr=3895
17:42:08.174 INF Request finished (out of order). clSeqNr=3911
17:42:08.175 INF Request finished (out of order). clSeqNr=3927
17:42:08.175 INF Request finished (out of order). clSeqNr=3943
17:42:08.175 INF Request finished (out of order). clSeqNr=3959
17:42:08.176 INF Request finished (out of order). clSeqNr=3975
17:42:08.176 INF Request finished (out of order). clSeqNr=3991
17:42:08.176 INF Request finished (out of order). clSeqNr=4007
17:42:08.176 INF Request finished (out of order). clSeqNr=4023
17:42:08.176 INF Request finished (out of order). clSeqNr=4039
17:42:08.176 INF Request finished (out of order). clSeqNr=4055
17:42:08.176 INF Request finished (out of order). clSeqNr=4071
17:42:08.176 INF Request finished (out of order). clSeqNr=4087
17:42:08.176 INF Request finished (out of order). clSeqNr=3848
17:42:08.176 INF Request finished (out of order). clSeqNr=3864
17:42:08.176 INF Request finished (out of order). clSeqNr=3880
17:42:08.177 INF Request finished (out of order). clSeqNr=3896
17:42:08.177 INF Request finished (out of order). clSeqNr=3912
17:42:08.177 INF Request finished (out of order). clSeqNr=3928
17:42:08.177 INF Request finished (out of order). clSeqNr=3944
17:42:08.177 INF Request finished (out of order). clSeqNr=3960
17:42:08.177 INF Request finished (out of order). clSeqNr=3976
17:42:08.177 INF Request finished (out of order). clSeqNr=3992
17:42:08.177 INF Request finished (out of order). clSeqNr=4008
17:42:08.177 INF Request finished (out of order). clSeqNr=4024
17:42:08.177 INF Request finished (out of order). clSeqNr=4040
17:42:08.177 INF Request finished (out of order). clSeqNr=4056
17:42:08.177 INF Request finished (out of order). clSeqNr=4072
17:42:08.177 INF Request finished (out of order). clSeqNr=4088
17:42:08.177 INF Request finished (out of order). clSeqNr=3849
17:42:08.177 INF Request finished (out of order). clSeqNr=3865
17:42:08.177 INF Request finished (out of order). clSeqNr=3881
17:42:08.177 INF Request finished (out of order). clSeqNr=3897
17:42:08.177 INF Request finished (out of order). clSeqNr=3913
17:42:08.177 INF Request finished (out of order). clSeqNr=3929
17:42:08.177 INF Request finished (out of order). clSeqNr=3945
17:42:08.177 INF Request finished (out of order). clSeqNr=3961
17:42:08.177 INF Request finished (out of order). clSeqNr=3977
17:42:08.177 INF Request finished (out of order). clSeqNr=3993
17:42:08.177 INF Request finished (out of order). clSeqNr=4009
17:42:08.177 INF Request finished (out of order). clSeqNr=4025
17:42:08.177 INF Request finished (out of order). clSeqNr=4041
17:42:08.177 INF Request finished (out of order). clSeqNr=4057
17:42:08.177 INF Request finished (out of order). clSeqNr=4073
17:42:08.177 INF Request finished (out of order). clSeqNr=4089
17:42:08.177 INF Request finished (out of order). clSeqNr=3898
17:42:08.177 INF Request finished (out of order). clSeqNr=3914
17:42:08.177 INF Request finished (out of order). clSeqNr=3930
17:42:08.177 INF Request finished (out of order). clSeqNr=3946
17:42:08.177 INF Request finished (out of order). clSeqNr=3962
17:42:08.177 INF Request finished (out of order). clSeqNr=3978
17:42:08.177 INF Request finished (out of order). clSeqNr=3994
17:42:08.177 INF Request finished (out of order). clSeqNr=4010
17:42:08.177 INF Request finished (out of order). clSeqNr=4026
17:42:08.177 INF Request finished (out of order). clSeqNr=4042
17:42:08.177 INF Request finished (out of order). clSeqNr=4058
17:42:08.177 INF Request finished (out of order). clSeqNr=4074
17:42:08.177 INF Request finished (out of order). clSeqNr=4090
17:42:08.177 INF Request finished (out of order). clSeqNr=3899
17:42:08.177 INF Request finished (out of order). clSeqNr=3915
17:42:08.177 INF Request finished (out of order). clSeqNr=3931
17:42:08.177 INF Request finished (out of order). clSeqNr=3947
17:42:08.177 INF Request finished (out of order). clSeqNr=3963
17:42:08.177 INF Request finished (out of order). clSeqNr=3979
17:42:08.177 INF Request finished (out of order). clSeqNr=3995
17:42:08.177 INF Request finished (out of order). clSeqNr=4011
17:42:08.177 INF Request finished (out of order). clSeqNr=4027
17:42:08.177 INF Request finished (out of order). clSeqNr=4043
17:42:08.177 INF Request finished (out of order). clSeqNr=4059
17:42:08.177 INF Request finished (out of order). clSeqNr=4075
17:42:08.178 INF Request finished (out of order). clSeqNr=4091
17:42:08.178 INF Request finished (out of order). clSeqNr=3900
17:42:08.178 INF Request finished (out of order). clSeqNr=3916
17:42:08.178 INF Request finished (out of order). clSeqNr=3932
17:42:08.178 INF Request finished (out of order). clSeqNr=3948
17:42:08.178 INF Request finished (out of order). clSeqNr=3964
17:42:08.178 INF Request finished (out of order). clSeqNr=3980
17:42:08.178 INF Request finished (out of order). clSeqNr=3996
17:42:08.178 INF Request finished (out of order). clSeqNr=4012
17:42:08.178 INF Request finished (out of order). clSeqNr=4028
17:42:08.178 INF Request finished (out of order). clSeqNr=4044
17:42:08.178 INF Request finished (out of order). clSeqNr=4060
17:42:08.178 INF Request finished (out of order). clSeqNr=4076
17:42:08.178 INF Request finished (out of order). clSeqNr=4092
17:42:08.178 INF Request finished (out of order). clSeqNr=3901
17:42:08.178 INF Request finished (out of order). clSeqNr=3917
17:42:08.178 INF Request finished (out of order). clSeqNr=3933
17:42:08.178 INF Request finished (out of order). clSeqNr=3949
17:42:08.178 INF Request finished (out of order). clSeqNr=3965
17:42:08.178 INF Request finished (out of order). clSeqNr=3981
17:42:08.178 INF Request finished (out of order). clSeqNr=3997
17:42:08.178 INF Request finished (out of order). clSeqNr=4013
17:42:08.178 INF Request finished (out of order). clSeqNr=4029
17:42:08.178 INF Request finished (out of order). clSeqNr=4045
17:42:08.178 INF Request finished (out of order). clSeqNr=4061
17:42:08.178 INF Request finished (out of order). clSeqNr=4077
17:42:08.178 INF Request finished (out of order). clSeqNr=3837
17:42:08.178 INF Request finished (out of order). clSeqNr=4093
17:42:08.178 INF Request finished (out of order). clSeqNr=3902
17:42:08.178 INF Request finished (out of order). clSeqNr=3918
17:42:08.178 INF Request finished (out of order). clSeqNr=3934
17:42:08.178 INF Request finished (out of order). clSeqNr=3950
17:42:08.178 INF Request finished (out of order). clSeqNr=3966
17:42:08.178 INF Request finished (out of order). clSeqNr=3982
17:42:08.178 INF Request finished (out of order). clSeqNr=3998
17:42:08.178 INF Request finished (out of order). clSeqNr=4014
17:42:08.178 INF Request finished (out of order). clSeqNr=4030
17:42:08.178 INF Request finished (out of order). clSeqNr=4046
17:42:08.178 INF Request finished (out of order). clSeqNr=4062
17:42:08.178 INF Request finished (out of order). clSeqNr=4078
17:42:08.178 INF Request finished (out of order). clSeqNr=4094
17:42:08.178 INF Request finished (out of order). clSeqNr=3903
17:42:08.178 INF Request finished (out of order). clSeqNr=3919
17:42:08.178 INF Request finished (out of order). clSeqNr=3935
17:42:08.178 INF Request finished (out of order). clSeqNr=3951
17:42:08.178 INF Request finished (out of order). clSeqNr=3967
17:42:08.178 INF Request finished (out of order). clSeqNr=3983
17:42:08.178 INF Request finished (out of order). clSeqNr=3999
17:42:08.181 INF Request finished (out of order). clSeqNr=4015
17:42:08.181 INF Request finished (out of order). clSeqNr=4031
17:42:08.181 INF Request finished (out of order). clSeqNr=4047
17:42:08.181 INF Request finished (out of order). clSeqNr=4063
17:42:08.181 INF Request finished (out of order). clSeqNr=4079
17:42:08.182 INF Request finished (out of order). clSeqNr=4095
17:42:08.245 INF Request finished (out of order). clSeqNr=3904
17:42:08.269 INF Request finished (out of order). clSeqNr=3920
17:42:08.269 INF Request finished (out of order). clSeqNr=3936
17:42:08.269 INF Request finished (out of order). clSeqNr=3952
17:42:08.269 INF Request finished (out of order). clSeqNr=3968
17:42:08.269 INF Request finished (out of order). clSeqNr=3984
17:42:08.269 INF Request finished (out of order). clSeqNr=4000
17:42:08.269 INF Request finished (out of order). clSeqNr=4016
17:42:08.269 INF Request finished (out of order). clSeqNr=4032
17:42:08.269 INF Request finished (out of order). clSeqNr=4048
17:42:08.269 INF Request finished (out of order). clSeqNr=4064
17:42:08.269 INF Request finished (out of order). clSeqNr=4080
17:42:08.269 INF Request finished (out of order). clSeqNr=3889
17:42:08.269 INF Request finished (out of order). clSeqNr=3905
17:42:08.269 INF Request finished (out of order). clSeqNr=3921
17:42:08.270 INF Request finished (out of order). clSeqNr=3937
17:42:08.270 INF Request finished (out of order). clSeqNr=3953
17:42:08.270 INF Request finished (out of order). clSeqNr=3969
17:42:08.270 INF Request finished (out of order). clSeqNr=3985
17:42:08.270 INF Request finished (out of order). clSeqNr=4001
17:42:08.270 INF Request finished (out of order). clSeqNr=4017
17:42:08.270 INF Request finished (out of order). clSeqNr=4033
17:42:08.270 INF Request finished (out of order). clSeqNr=4049
17:42:08.270 INF Request finished (out of order). clSeqNr=4065
17:42:08.270 INF Request finished (out of order). clSeqNr=4081
17:42:09.137 INF Updating bucket assignment. epoch=1
17:42:09.138 INF Resubmitted Requests. epoch=1 n=136
17:42:14.375 INF Request finished (out of order). clSeqNr=2050
17:42:14.377 INF Request finished (out of order). clSeqNr=1922
17:42:14.377 INF Request delivered (in order). clSeqNr=1922
17:42:14.377 INF Request delivered (in order). clSeqNr=1923
17:42:14.377 INF Request delivered (in order). clSeqNr=1924
17:42:14.377 INF Request delivered (in order). clSeqNr=1925
17:42:14.378 INF Request delivered (in order). clSeqNr=1926
17:42:14.378 INF Request delivered (in order). clSeqNr=1927
17:42:14.378 INF Request delivered (in order). clSeqNr=1928
17:42:14.378 INF Request delivered (in order). clSeqNr=1929
17:42:14.378 INF Request delivered (in order). clSeqNr=1930
17:42:14.378 INF Request delivered (in order). clSeqNr=1931
17:42:14.378 INF Request delivered (in order). clSeqNr=1932
17:42:14.378 INF Request delivered (in order). clSeqNr=1933
17:42:14.378 INF Request delivered (in order). clSeqNr=1934
17:42:14.378 INF Request delivered (in order). clSeqNr=1935
17:42:14.378 INF Request delivered (in order). clSeqNr=1936
17:42:14.378 INF Request delivered (in order). clSeqNr=1937
17:42:14.378 INF Request finished (out of order). clSeqNr=1938
17:42:14.378 INF Request delivered (in order). clSeqNr=1938
17:42:14.378 INF Request delivered (in order). clSeqNr=1939
17:42:14.378 INF Request delivered (in order). clSeqNr=1940
17:42:14.378 INF Request delivered (in order). clSeqNr=1941
17:42:14.378 INF Request delivered (in order). clSeqNr=1942
17:42:14.378 INF Request delivered (in order). clSeqNr=1943
17:42:14.378 INF Request delivered (in order). clSeqNr=1944
17:42:14.378 INF Request delivered (in order). clSeqNr=1945
17:42:14.378 INF Request delivered (in order). clSeqNr=1946
17:42:14.378 INF Request delivered (in order). clSeqNr=1947
17:42:14.378 INF Request delivered (in order). clSeqNr=1948
17:42:14.378 INF Request delivered (in order). clSeqNr=1949
17:42:14.378 INF Request delivered (in order). clSeqNr=1950
17:42:14.378 INF Request delivered (in order). clSeqNr=1951
17:42:14.378 INF Request delivered (in order). clSeqNr=1952
17:42:14.378 INF Request delivered (in order). clSeqNr=1953
17:42:14.379 INF Request finished (out of order). clSeqNr=1954
17:42:14.379 INF Request delivered (in order). clSeqNr=1954
17:42:14.379 INF Request delivered (in order). clSeqNr=1955
17:42:14.379 INF Request delivered (in order). clSeqNr=1956
17:42:14.379 INF Request delivered (in order). clSeqNr=1957
17:42:14.379 INF Request delivered (in order). clSeqNr=1958
17:42:14.379 INF Request delivered (in order). clSeqNr=1959
17:42:14.379 INF Request delivered (in order). clSeqNr=1960
17:42:14.379 INF Request delivered (in order). clSeqNr=1961
17:42:14.379 INF Request delivered (in order). clSeqNr=1962
17:42:14.379 INF Request delivered (in order). clSeqNr=1963
17:42:14.379 INF Request delivered (in order). clSeqNr=1964
17:42:14.379 INF Request delivered (in order). clSeqNr=1965
17:42:14.379 INF Request delivered (in order). clSeqNr=1966
17:42:14.379 INF Request delivered (in order). clSeqNr=1967
17:42:14.379 INF Request delivered (in order). clSeqNr=1968
17:42:14.379 INF Request delivered (in order). clSeqNr=1969
17:42:14.379 INF Request finished (out of order). clSeqNr=1970
17:42:14.379 INF Request delivered (in order). clSeqNr=1970
17:42:14.379 INF Request delivered (in order). clSeqNr=1971
17:42:14.379 INF Request delivered (in order). clSeqNr=1972
17:42:14.379 INF Request delivered (in order). clSeqNr=1973
17:42:14.379 INF Request delivered (in order). clSeqNr=1974
17:42:14.379 INF Request delivered (in order). clSeqNr=1975
17:42:14.379 INF Request delivered (in order). clSeqNr=1976
17:42:14.379 INF Request delivered (in order). clSeqNr=1977
17:42:14.379 INF Request delivered (in order). clSeqNr=1978
17:42:14.379 INF Request delivered (in order). clSeqNr=1979
17:42:14.379 INF Request delivered (in order). clSeqNr=1980
17:42:14.379 INF Request delivered (in order). clSeqNr=1981
17:42:14.379 INF Request delivered (in order). clSeqNr=1982
17:42:14.379 INF Request delivered (in order). clSeqNr=1983
17:42:14.379 INF Request delivered (in order). clSeqNr=1984
17:42:14.379 INF Request delivered (in order). clSeqNr=1985
17:42:14.379 INF Request finished (out of order). clSeqNr=1986
17:42:14.379 INF Request delivered (in order). clSeqNr=1986
17:42:14.379 INF Request delivered (in order). clSeqNr=1987
17:42:14.379 INF Request delivered (in order). clSeqNr=1988
17:42:14.379 INF Request delivered (in order). clSeqNr=1989
17:42:14.379 INF Request delivered (in order). clSeqNr=1990
17:42:14.379 INF Request delivered (in order). clSeqNr=1991
17:42:14.379 INF Request delivered (in order). clSeqNr=1992
17:42:14.379 INF Request delivered (in order). clSeqNr=1993
17:42:14.379 INF Request delivered (in order). clSeqNr=1994
17:42:14.379 INF Request delivered (in order). clSeqNr=1995
17:42:14.380 INF Request delivered (in order). clSeqNr=1996
17:42:14.380 INF Request delivered (in order). clSeqNr=1997
17:42:14.380 INF Request delivered (in order). clSeqNr=1998
17:42:14.380 INF Request delivered (in order). clSeqNr=1999
17:42:14.380 INF Request delivered (in order). clSeqNr=2000
17:42:14.380 INF Request delivered (in order). clSeqNr=2001
17:42:14.380 INF Request finished (out of order). clSeqNr=2002
17:42:14.380 INF Request delivered (in order). clSeqNr=2002
17:42:14.380 INF Request delivered (in order). clSeqNr=2003
17:42:14.380 INF Request delivered (in order). clSeqNr=2004
17:42:14.380 INF Request delivered (in order). clSeqNr=2005
17:42:14.380 INF Request delivered (in order). clSeqNr=2006
17:42:14.380 INF Request delivered (in order). clSeqNr=2007
17:42:14.380 INF Request delivered (in order). clSeqNr=2008
17:42:14.380 INF Request delivered (in order). clSeqNr=2009
17:42:14.380 INF Request delivered (in order). clSeqNr=2010
17:42:14.380 INF Request delivered (in order). clSeqNr=2011
17:42:14.380 INF Request delivered (in order). clSeqNr=2012
17:42:14.380 INF Request delivered (in order). clSeqNr=2013
17:42:14.380 INF Request delivered (in order). clSeqNr=2014
17:42:14.380 INF Request delivered (in order). clSeqNr=2015
17:42:14.380 INF Request delivered (in order). clSeqNr=2016
17:42:14.380 INF Request delivered (in order). clSeqNr=2017
17:42:14.380 INF Request finished (out of order). clSeqNr=2018
17:42:14.380 INF Request delivered (in order). clSeqNr=2018
17:42:14.380 INF Request delivered (in order). clSeqNr=2019
17:42:14.380 INF Request delivered (in order). clSeqNr=2020
17:42:14.380 INF Request delivered (in order). clSeqNr=2021
17:42:14.380 INF Request delivered (in order). clSeqNr=2022
17:42:14.380 INF Request delivered (in order). clSeqNr=2023
17:42:14.380 INF Request delivered (in order). clSeqNr=2024
17:42:14.380 INF Request delivered (in order). clSeqNr=2025
17:42:14.380 INF Request delivered (in order). clSeqNr=2026
17:42:14.380 INF Request delivered (in order). clSeqNr=2027
17:42:14.380 INF Request delivered (in order). clSeqNr=2028
17:42:14.380 INF Request delivered (in order). clSeqNr=2029
17:42:14.380 INF Request delivered (in order). clSeqNr=2030
17:42:14.380 INF Request delivered (in order). clSeqNr=2031
17:42:14.380 INF Request delivered (in order). clSeqNr=2032
17:42:14.380 INF Request delivered (in order). clSeqNr=2033
17:42:14.380 INF Request finished (out of order). clSeqNr=2034
17:42:14.380 INF Request delivered (in order). clSeqNr=2034
17:42:14.380 INF Request delivered (in order). clSeqNr=2035
17:42:14.380 INF Request delivered (in order). clSeqNr=2036
17:42:14.380 INF Request delivered (in order). clSeqNr=2037
17:42:14.380 INF Request delivered (in order). clSeqNr=2038
17:42:14.380 INF Request delivered (in order). clSeqNr=2039
17:42:14.380 INF Request delivered (in order). clSeqNr=2040
17:42:14.380 INF Request delivered (in order). clSeqNr=2041
17:42:14.380 INF Request delivered (in order). clSeqNr=2042
17:42:14.381 INF Request delivered (in order). clSeqNr=2043
17:42:14.381 INF Request delivered (in order). clSeqNr=2044
17:42:14.381 INF Request delivered (in order). clSeqNr=2045
17:42:14.381 INF Request delivered (in order). clSeqNr=2046
17:42:14.381 INF Request delivered (in order). clSeqNr=2047
17:42:14.381 INF Request delivered (in order). clSeqNr=2048
17:42:14.381 INF Request delivered (in order). clSeqNr=2049
17:42:14.381 INF Request delivered (in order). clSeqNr=2050
17:42:14.381 INF Request delivered (in order). clSeqNr=2051
17:42:14.381 INF Request delivered (in order). clSeqNr=2052
17:42:14.381 INF Request delivered (in order). clSeqNr=2053
17:42:14.381 INF Request delivered (in order). clSeqNr=2054
17:42:14.381 INF Request delivered (in order). clSeqNr=2055
17:42:14.381 INF Request delivered (in order). clSeqNr=2056
17:42:14.381 INF Request delivered (in order). clSeqNr=2057
17:42:14.381 INF Request delivered (in order). clSeqNr=2058
17:42:14.381 INF Request delivered (in order). clSeqNr=2059
17:42:14.381 INF Request delivered (in order). clSeqNr=2060
17:42:14.381 INF Request delivered (in order). clSeqNr=2061
17:42:14.381 INF Request delivered (in order). clSeqNr=2062
17:42:14.381 INF Request delivered (in order). clSeqNr=2063
17:42:14.381 INF Request delivered (in order). clSeqNr=2064
17:42:14.381 INF Request delivered (in order). clSeqNr=2065
17:42:19.376 INF Request finished (out of order). clSeqNr=2066
17:42:19.381 INF Request delivered (in order). clSeqNr=2066
17:42:19.381 INF Request delivered (in order). clSeqNr=2067
17:42:19.381 INF Request delivered (in order). clSeqNr=2068
17:42:19.381 INF Request delivered (in order). clSeqNr=2069
17:42:19.381 INF Request delivered (in order). clSeqNr=2070
17:42:19.381 INF Request delivered (in order). clSeqNr=2071
17:42:19.381 INF Request delivered (in order). clSeqNr=2072
17:42:19.381 INF Request delivered (in order). clSeqNr=2073
17:42:19.381 INF Request delivered (in order). clSeqNr=2074
17:42:19.381 INF Request delivered (in order). clSeqNr=2075
17:42:19.381 INF Request delivered (in order). clSeqNr=2076
17:42:19.381 INF Request delivered (in order). clSeqNr=2077
17:42:19.381 INF Request delivered (in order). clSeqNr=2078
17:42:19.381 INF Request delivered (in order). clSeqNr=2079
17:42:19.381 INF Request delivered (in order). clSeqNr=2080
17:42:19.381 INF Request delivered (in order). clSeqNr=2081
17:42:19.381 INF Request finished (out of order). clSeqNr=2082
17:42:19.381 INF Request delivered (in order). clSeqNr=2082
17:42:19.381 INF Request delivered (in order). clSeqNr=2083
17:42:19.381 INF Request delivered (in order). clSeqNr=2084
17:42:19.381 INF Request delivered (in order). clSeqNr=2085
17:42:19.381 INF Request delivered (in order). clSeqNr=2086
17:42:19.381 INF Request delivered (in order). clSeqNr=2087
17:42:19.381 INF Request delivered (in order). clSeqNr=2088
17:42:19.381 INF Request delivered (in order). clSeqNr=2089
17:42:19.381 INF Request delivered (in order). clSeqNr=2090
17:42:19.381 INF Request delivered (in order). clSeqNr=2091
17:42:19.381 INF Request delivered (in order). clSeqNr=2092
17:42:19.381 INF Request delivered (in order). clSeqNr=2093
17:42:19.381 INF Request delivered (in order). clSeqNr=2094
17:42:19.381 INF Request delivered (in order). clSeqNr=2095
17:42:19.381 INF Request delivered (in order). clSeqNr=2096
17:42:19.381 INF Request delivered (in order). clSeqNr=2097
17:42:19.381 INF Request finished (out of order). clSeqNr=2098
17:42:19.381 INF Request delivered (in order). clSeqNr=2098
17:42:19.381 INF Request delivered (in order). clSeqNr=2099
17:42:19.381 INF Request delivered (in order). clSeqNr=2100
17:42:19.381 INF Request delivered (in order). clSeqNr=2101
17:42:19.381 INF Request delivered (in order). clSeqNr=2102
17:42:19.381 INF Request delivered (in order). clSeqNr=2103
17:42:19.381 INF Request delivered (in order). clSeqNr=2104
17:42:19.381 INF Request delivered (in order). clSeqNr=2105
17:42:19.381 INF Request delivered (in order). clSeqNr=2106
17:42:19.381 INF Request delivered (in order). clSeqNr=2107
17:42:19.382 INF Request delivered (in order). clSeqNr=2108
17:42:19.382 INF Request delivered (in order). clSeqNr=2109
17:42:19.382 INF Request delivered (in order). clSeqNr=2110
17:42:19.382 INF Request delivered (in order). clSeqNr=2111
17:42:19.382 INF Request delivered (in order). clSeqNr=2112
17:42:19.382 INF Request delivered (in order). clSeqNr=2113
17:42:19.382 INF Request finished (out of order). clSeqNr=2114
17:42:19.382 INF Request delivered (in order). clSeqNr=2114
17:42:19.382 INF Request delivered (in order). clSeqNr=2115
17:42:19.382 INF Request delivered (in order). clSeqNr=2116
17:42:19.382 INF Request delivered (in order). clSeqNr=2117
17:42:19.382 INF Request delivered (in order). clSeqNr=2118
17:42:19.382 INF Request delivered (in order). clSeqNr=2119
17:42:19.382 INF Request delivered (in order). clSeqNr=2120
17:42:19.382 INF Request delivered (in order). clSeqNr=2121
17:42:19.382 INF Request delivered (in order). clSeqNr=2122
17:42:19.382 INF Request delivered (in order). clSeqNr=2123
17:42:19.382 INF Request delivered (in order). clSeqNr=2124
17:42:19.382 INF Request delivered (in order). clSeqNr=2125
17:42:19.382 INF Request delivered (in order). clSeqNr=2126
17:42:19.382 INF Request delivered (in order). clSeqNr=2127
17:42:19.382 INF Request delivered (in order). clSeqNr=2128
17:42:19.382 INF Request delivered (in order). clSeqNr=2129
17:42:19.382 INF Request finished (out of order). clSeqNr=2130
17:42:19.382 INF Request delivered (in order). clSeqNr=2130
17:42:19.382 INF Request delivered (in order). clSeqNr=2131
17:42:19.382 INF Request delivered (in order). clSeqNr=2132
17:42:19.382 INF Request delivered (in order). clSeqNr=2133
17:42:19.382 INF Request delivered (in order). clSeqNr=2134
17:42:19.382 INF Request delivered (in order). clSeqNr=2135
17:42:19.382 INF Request delivered (in order). clSeqNr=2136
17:42:19.382 INF Request delivered (in order). clSeqNr=2137
17:42:19.382 INF Request delivered (in order). clSeqNr=2138
17:42:19.382 INF Request delivered (in order). clSeqNr=2139
17:42:19.382 INF Request delivered (in order). clSeqNr=2140
17:42:19.382 INF Request delivered (in order). clSeqNr=2141
17:42:19.382 INF Request delivered (in order). clSeqNr=2142
17:42:19.382 INF Request delivered (in order). clSeqNr=2143
17:42:19.382 INF Request delivered (in order). clSeqNr=2144
17:42:19.382 INF Request delivered (in order). clSeqNr=2145
17:42:19.382 INF Request finished (out of order). clSeqNr=2146
17:42:19.382 INF Request delivered (in order). clSeqNr=2146
17:42:19.382 INF Request delivered (in order). clSeqNr=2147
17:42:19.382 INF Request delivered (in order). clSeqNr=2148
17:42:19.382 INF Request delivered (in order). clSeqNr=2149
17:42:19.382 INF Request delivered (in order). clSeqNr=2150
17:42:19.382 INF Request delivered (in order). clSeqNr=2151
17:42:19.383 INF Request delivered (in order). clSeqNr=2152
17:42:19.383 INF Request delivered (in order). clSeqNr=2153
17:42:19.383 INF Request delivered (in order). clSeqNr=2154
17:42:19.383 INF Request delivered (in order). clSeqNr=2155
17:42:19.383 INF Request delivered (in order). clSeqNr=2156
17:42:19.383 INF Request delivered (in order). clSeqNr=2157
17:42:19.383 INF Request delivered (in order). clSeqNr=2158
17:42:19.383 INF Request delivered (in order). clSeqNr=2159
17:42:19.383 INF Request delivered (in order). clSeqNr=2160
17:42:19.383 INF Request delivered (in order). clSeqNr=2161
17:42:19.383 INF Request finished (out of order). clSeqNr=2162
17:42:19.383 INF Request delivered (in order). clSeqNr=2162
17:42:19.383 INF Request delivered (in order). clSeqNr=2163
17:42:19.383 INF Request delivered (in order). clSeqNr=2164
17:42:19.383 INF Request delivered (in order). clSeqNr=2165
17:42:19.383 INF Request delivered (in order). clSeqNr=2166
17:42:19.383 INF Request delivered (in order). clSeqNr=2167
17:42:19.383 INF Request delivered (in order). clSeqNr=2168
17:42:19.383 INF Request delivered (in order). clSeqNr=2169
17:42:19.383 INF Request delivered (in order). clSeqNr=2170
17:42:19.383 INF Request delivered (in order). clSeqNr=2171
17:42:19.383 INF Request delivered (in order). clSeqNr=2172
17:42:19.383 INF Request delivered (in order). clSeqNr=2173
17:42:19.383 INF Request delivered (in order). clSeqNr=2174
17:42:19.383 INF Request delivered (in order). clSeqNr=2175
17:42:19.383 INF Request delivered (in order). clSeqNr=2176
17:42:19.383 INF Request delivered (in order). clSeqNr=2177
17:42:19.383 INF Request finished (out of order). clSeqNr=2178
17:42:19.383 INF Request delivered (in order). clSeqNr=2178
17:42:19.383 INF Request delivered (in order). clSeqNr=2179
17:42:19.383 INF Request delivered (in order). clSeqNr=2180
17:42:19.383 INF Request delivered (in order). clSeqNr=2181
17:42:19.383 INF Request delivered (in order). clSeqNr=2182
17:42:19.383 INF Request delivered (in order). clSeqNr=2183
17:42:19.383 INF Request delivered (in order). clSeqNr=2184
17:42:19.383 INF Request delivered (in order). clSeqNr=2185
17:42:19.383 INF Request delivered (in order). clSeqNr=2186
17:42:19.383 INF Request delivered (in order). clSeqNr=2187
17:42:19.383 INF Request delivered (in order). clSeqNr=2188
17:42:19.383 INF Request delivered (in order). clSeqNr=2189
17:42:19.383 INF Request delivered (in order). clSeqNr=2190
17:42:19.383 INF Request delivered (in order). clSeqNr=2191
17:42:19.383 INF Request delivered (in order). clSeqNr=2192
17:42:19.383 INF Request delivered (in order). clSeqNr=2193
17:42:19.383 INF Request finished (out of order). clSeqNr=2306
17:42:19.383 INF Request finished (out of order). clSeqNr=2194
17:42:19.383 INF Request delivered (in order). clSeqNr=2194
17:42:19.384 INF Request delivered (in order). clSeqNr=2195
17:42:19.384 INF Request delivered (in order). clSeqNr=2196
17:42:19.384 INF Request delivered (in order). clSeqNr=2197
17:42:19.384 INF Request delivered (in order). clSeqNr=2198
17:42:19.384 INF Request delivered (in order). clSeqNr=2199
17:42:19.384 INF Request delivered (in order). clSeqNr=2200
17:42:19.384 INF Request delivered (in order). clSeqNr=2201
17:42:19.384 INF Request delivered (in order). clSeqNr=2202
17:42:19.384 INF Request delivered (in order). clSeqNr=2203
17:42:19.384 INF Request delivered (in order). clSeqNr=2204
17:42:19.384 INF Request delivered (in order). clSeqNr=2205
17:42:19.384 INF Request delivered (in order). clSeqNr=2206
17:42:19.384 INF Request delivered (in order). clSeqNr=2207
17:42:19.384 INF Request delivered (in order). clSeqNr=2208
17:42:19.384 INF Request delivered (in order). clSeqNr=2209
17:42:19.384 INF Request finished (out of order). clSeqNr=2210
17:42:19.384 INF Request delivered (in order). clSeqNr=2210
17:42:19.384 INF Request delivered (in order). clSeqNr=2211
17:42:19.384 INF Request delivered (in order). clSeqNr=2212
17:42:19.384 INF Request delivered (in order). clSeqNr=2213
17:42:19.384 INF Request delivered (in order). clSeqNr=2214
17:42:19.384 INF Request delivered (in order). clSeqNr=2215
17:42:19.384 INF Request delivered (in order). clSeqNr=2216
17:42:19.384 INF Request delivered (in order). clSeqNr=2217
17:42:19.384 INF Request delivered (in order). clSeqNr=2218
17:42:19.384 INF Request delivered (in order). clSeqNr=2219
17:42:19.384 INF Request delivered (in order). clSeqNr=2220
17:42:19.384 INF Request delivered (in order). clSeqNr=2221
17:42:19.384 INF Request delivered (in order). clSeqNr=2222
17:42:19.384 INF Request delivered (in order). clSeqNr=2223
17:42:19.384 INF Request delivered (in order). clSeqNr=2224
17:42:19.384 INF Request delivered (in order). clSeqNr=2225
17:42:19.465 INF Request finished (out of order). clSeqNr=2226
17:42:19.465 INF Request delivered (in order). clSeqNr=2226
17:42:19.465 INF Request delivered (in order). clSeqNr=2227
17:42:19.465 INF Request delivered (in order). clSeqNr=2228
17:42:19.465 INF Request delivered (in order). clSeqNr=2229
17:42:19.465 INF Request delivered (in order). clSeqNr=2230
17:42:19.465 INF Request delivered (in order). clSeqNr=2231
17:42:19.465 INF Request delivered (in order). clSeqNr=2232
17:42:19.465 INF Request delivered (in order). clSeqNr=2233
17:42:19.465 INF Request delivered (in order). clSeqNr=2234
17:42:19.465 INF Request delivered (in order). clSeqNr=2235
17:42:19.465 INF Request delivered (in order). clSeqNr=2236
17:42:19.465 INF Request delivered (in order). clSeqNr=2237
17:42:19.465 INF Request delivered (in order). clSeqNr=2238
17:42:19.465 INF Request delivered (in order). clSeqNr=2239
17:42:19.466 INF Request delivered (in order). clSeqNr=2240
17:42:19.466 INF Request delivered (in order). clSeqNr=2241
17:42:19.466 INF Request finished (out of order). clSeqNr=2242
17:42:19.466 INF Request delivered (in order). clSeqNr=2242
17:42:19.466 INF Request delivered (in order). clSeqNr=2243
17:42:19.466 INF Request delivered (in order). clSeqNr=2244
17:42:19.466 INF Request delivered (in order). clSeqNr=2245
17:42:19.466 INF Request delivered (in order). clSeqNr=2246
17:42:19.466 INF Request delivered (in order). clSeqNr=2247
17:42:19.466 INF Request delivered (in order). clSeqNr=2248
17:42:19.466 INF Request delivered (in order). clSeqNr=2249
17:42:19.466 INF Request delivered (in order). clSeqNr=2250
17:42:19.466 INF Request delivered (in order). clSeqNr=2251
17:42:19.466 INF Request delivered (in order). clSeqNr=2252
17:42:19.466 INF Request delivered (in order). clSeqNr=2253
17:42:19.466 INF Request delivered (in order). clSeqNr=2254
17:42:19.466 INF Request delivered (in order). clSeqNr=2255
17:42:19.466 INF Request delivered (in order). clSeqNr=2256
17:42:19.466 INF Request delivered (in order). clSeqNr=2257
17:42:19.466 INF Request finished (out of order). clSeqNr=2258
17:42:19.466 INF Request delivered (in order). clSeqNr=2258
17:42:19.466 INF Request delivered (in order). clSeqNr=2259
17:42:19.466 INF Request delivered (in order). clSeqNr=2260
17:42:19.466 INF Request delivered (in order). clSeqNr=2261
17:42:19.466 INF Request delivered (in order). clSeqNr=2262
17:42:19.466 INF Request delivered (in order). clSeqNr=2263
17:42:19.466 INF Request delivered (in order). clSeqNr=2264
17:42:19.466 INF Request delivered (in order). clSeqNr=2265
17:42:19.466 INF Request delivered (in order). clSeqNr=2266
17:42:19.466 INF Request delivered (in order). clSeqNr=2267
17:42:19.466 INF Request delivered (in order). clSeqNr=2268
17:42:19.466 INF Request delivered (in order). clSeqNr=2269
17:42:19.466 INF Request delivered (in order). clSeqNr=2270
17:42:19.466 INF Request delivered (in order). clSeqNr=2271
17:42:19.466 INF Request delivered (in order). clSeqNr=2272
17:42:19.466 INF Request delivered (in order). clSeqNr=2273
17:42:19.466 INF Request finished (out of order). clSeqNr=2274
17:42:19.466 INF Request delivered (in order). clSeqNr=2274
17:42:19.466 INF Request delivered (in order). clSeqNr=2275
17:42:19.466 INF Request delivered (in order). clSeqNr=2276
17:42:19.466 INF Request delivered (in order). clSeqNr=2277
17:42:19.466 INF Request delivered (in order). clSeqNr=2278
17:42:19.466 INF Request delivered (in order). clSeqNr=2279
17:42:19.466 INF Request delivered (in order). clSeqNr=2280
17:42:19.466 INF Request delivered (in order). clSeqNr=2281
17:42:19.466 INF Request delivered (in order). clSeqNr=2282
17:42:19.466 INF Request delivered (in order). clSeqNr=2283
17:42:19.466 INF Request delivered (in order). clSeqNr=2284
17:42:19.466 INF Request delivered (in order). clSeqNr=2285
17:42:19.466 INF Request delivered (in order). clSeqNr=2286
17:42:19.466 INF Request delivered (in order). clSeqNr=2287
17:42:19.466 INF Request delivered (in order). clSeqNr=2288
17:42:19.466 INF Request delivered (in order). clSeqNr=2289
17:42:19.466 INF Request finished (out of order). clSeqNr=2290
17:42:19.466 INF Request delivered (in order). clSeqNr=2290
17:42:19.466 INF Request delivered (in order). clSeqNr=2291
17:42:19.466 INF Request delivered (in order). clSeqNr=2292
17:42:19.466 INF Request delivered (in order). clSeqNr=2293
17:42:19.466 INF Request delivered (in order). clSeqNr=2294
17:42:19.466 INF Request delivered (in order). clSeqNr=2295
17:42:19.466 INF Request delivered (in order). clSeqNr=2296
17:42:19.466 INF Request delivered (in order). clSeqNr=2297
17:42:19.466 INF Request delivered (in order). clSeqNr=2298
17:42:19.466 INF Request delivered (in order). clSeqNr=2299
17:42:19.466 INF Request delivered (in order). clSeqNr=2300
17:42:19.466 INF Request delivered (in order). clSeqNr=2301
17:42:19.466 INF Request delivered (in order). clSeqNr=2302
17:42:19.466 INF Request delivered (in order). clSeqNr=2303
17:42:19.466 INF Request delivered (in order). clSeqNr=2304
17:42:19.466 INF Request delivered (in order). clSeqNr=2305
17:42:19.466 INF Request delivered (in order). clSeqNr=2306
17:42:19.466 INF Request delivered (in order). clSeqNr=2307
17:42:19.466 INF Request delivered (in order). clSeqNr=2308
17:42:19.466 INF Request delivered (in order). clSeqNr=2309
17:42:19.466 INF Request delivered (in order). clSeqNr=2310
17:42:19.466 INF Request delivered (in order). clSeqNr=2311
17:42:19.466 INF Request delivered (in order). clSeqNr=2312
17:42:19.466 INF Request delivered (in order). clSeqNr=2313
17:42:19.466 INF Request delivered (in order). clSeqNr=2314
17:42:19.466 INF Request delivered (in order). clSeqNr=2315
17:42:19.466 INF Request delivered (in order). clSeqNr=2316
17:42:19.466 INF Request delivered (in order). clSeqNr=2317
17:42:19.466 INF Request delivered (in order). clSeqNr=2318
17:42:19.466 INF Request delivered (in order). clSeqNr=2319
17:42:19.466 INF Request delivered (in order). clSeqNr=2320
17:42:19.466 INF Request delivered (in order). clSeqNr=2321
17:42:24.373 INF Request finished (out of order). clSeqNr=2322
17:42:24.374 INF Request delivered (in order). clSeqNr=2322
17:42:24.374 INF Request delivered (in order). clSeqNr=2323
17:42:24.374 INF Request delivered (in order). clSeqNr=2324
17:42:24.374 INF Request delivered (in order). clSeqNr=2325
17:42:24.374 INF Request delivered (in order). clSeqNr=2326
17:42:24.374 INF Request delivered (in order). clSeqNr=2327
17:42:24.374 INF Request delivered (in order). clSeqNr=2328
17:42:24.374 INF Request delivered (in order). clSeqNr=2329
17:42:24.374 INF Request delivered (in order). clSeqNr=2330
17:42:24.374 INF Request delivered (in order). clSeqNr=2331
17:42:24.374 INF Request delivered (in order). clSeqNr=2332
17:42:24.374 INF Request delivered (in order). clSeqNr=2333
17:42:24.374 INF Request delivered (in order). clSeqNr=2334
17:42:24.374 INF Request delivered (in order). clSeqNr=2335
17:42:24.375 INF Request delivered (in order). clSeqNr=2336
17:42:24.375 INF Request delivered (in order). clSeqNr=2337
17:42:24.375 INF Request finished (out of order). clSeqNr=2338
17:42:24.375 INF Request delivered (in order). clSeqNr=2338
17:42:24.375 INF Request delivered (in order). clSeqNr=2339
17:42:24.375 INF Request delivered (in order). clSeqNr=2340
17:42:24.375 INF Request delivered (in order). clSeqNr=2341
17:42:24.375 INF Request delivered (in order). clSeqNr=2342
17:42:24.375 INF Request delivered (in order). clSeqNr=2343
17:42:24.375 INF Request delivered (in order). clSeqNr=2344
17:42:24.375 INF Request delivered (in order). clSeqNr=2345
17:42:24.375 INF Request delivered (in order). clSeqNr=2346
17:42:24.375 INF Request delivered (in order). clSeqNr=2347
17:42:24.375 INF Request delivered (in order). clSeqNr=2348
17:42:24.375 INF Request delivered (in order). clSeqNr=2349
17:42:24.375 INF Request delivered (in order). clSeqNr=2350
17:42:24.375 INF Request delivered (in order). clSeqNr=2351
17:42:24.375 INF Request delivered (in order). clSeqNr=2352
17:42:24.375 INF Request delivered (in order). clSeqNr=2353
17:42:24.375 INF Request finished (out of order). clSeqNr=2354
17:42:24.375 INF Request delivered (in order). clSeqNr=2354
17:42:24.375 INF Request delivered (in order). clSeqNr=2355
17:42:24.375 INF Request delivered (in order). clSeqNr=2356
17:42:24.375 INF Request delivered (in order). clSeqNr=2357
17:42:24.375 INF Request delivered (in order). clSeqNr=2358
17:42:24.375 INF Request delivered (in order). clSeqNr=2359
17:42:24.375 INF Request delivered (in order). clSeqNr=2360
17:42:24.375 INF Request delivered (in order). clSeqNr=2361
17:42:24.375 INF Request delivered (in order). clSeqNr=2362
17:42:24.375 INF Request delivered (in order). clSeqNr=2363
17:42:24.375 INF Request delivered (in order). clSeqNr=2364
17:42:24.375 INF Request delivered (in order). clSeqNr=2365
17:42:24.375 INF Request delivered (in order). clSeqNr=2366
17:42:24.375 INF Request delivered (in order). clSeqNr=2367
17:42:24.376 INF Request delivered (in order). clSeqNr=2368
17:42:24.376 INF Request delivered (in order). clSeqNr=2369
17:42:24.376 INF Request finished (out of order). clSeqNr=2370
17:42:24.376 INF Request delivered (in order). clSeqNr=2370
17:42:24.376 INF Request delivered (in order). clSeqNr=2371
17:42:24.376 INF Request delivered (in order). clSeqNr=2372
17:42:24.376 INF Request delivered (in order). clSeqNr=2373
17:42:24.376 INF Request delivered (in order). clSeqNr=2374
17:42:24.376 INF Request delivered (in order). clSeqNr=2375
17:42:24.376 INF Request delivered (in order). clSeqNr=2376
17:42:24.376 INF Request delivered (in order). clSeqNr=2377
17:42:24.376 INF Request delivered (in order). clSeqNr=2378
17:42:24.376 INF Request delivered (in order). clSeqNr=2379
17:42:24.376 INF Request delivered (in order). clSeqNr=2380
17:42:24.376 INF Request delivered (in order). clSeqNr=2381
17:42:24.376 INF Request delivered (in order). clSeqNr=2382
17:42:24.376 INF Request delivered (in order). clSeqNr=2383
17:42:24.376 INF Request delivered (in order). clSeqNr=2384
17:42:24.376 INF Request delivered (in order). clSeqNr=2385
17:42:24.376 INF Request finished (out of order). clSeqNr=2386
17:42:24.376 INF Request delivered (in order). clSeqNr=2386
17:42:24.376 INF Request delivered (in order). clSeqNr=2387
17:42:24.376 INF Request delivered (in order). clSeqNr=2388
17:42:24.376 INF Request delivered (in order). clSeqNr=2389
17:42:24.376 INF Request delivered (in order). clSeqNr=2390
17:42:24.376 INF Request delivered (in order). clSeqNr=2391
17:42:24.376 INF Request delivered (in order). clSeqNr=2392
17:42:24.376 INF Request delivered (in order). clSeqNr=2393
17:42:24.376 INF Request delivered (in order). clSeqNr=2394
17:42:24.376 INF Request delivered (in order). clSeqNr=2395
17:42:24.376 INF Request delivered (in order). clSeqNr=2396
17:42:24.376 INF Request delivered (in order). clSeqNr=2397
17:42:24.376 INF Request delivered (in order). clSeqNr=2398
17:42:24.376 INF Request delivered (in order). clSeqNr=2399
17:42:24.376 INF Request delivered (in order). clSeqNr=2400
17:42:24.376 INF Request delivered (in order). clSeqNr=2401
17:42:24.376 INF Request finished (out of order). clSeqNr=2402
17:42:24.376 INF Request delivered (in order). clSeqNr=2402
17:42:24.376 INF Request delivered (in order). clSeqNr=2403
17:42:24.376 INF Request delivered (in order). clSeqNr=2404
17:42:24.376 INF Request delivered (in order). clSeqNr=2405
17:42:24.376 INF Request delivered (in order). clSeqNr=2406
17:42:24.376 INF Request delivered (in order). clSeqNr=2407
17:42:24.376 INF Request delivered (in order). clSeqNr=2408
17:42:24.376 INF Request delivered (in order). clSeqNr=2409
17:42:24.376 INF Request delivered (in order). clSeqNr=2410
17:42:24.376 INF Request delivered (in order). clSeqNr=2411
17:42:24.376 INF Request delivered (in order). clSeqNr=2412
17:42:24.376 INF Request delivered (in order). clSeqNr=2413
17:42:24.376 INF Request delivered (in order). clSeqNr=2414
17:42:24.376 INF Request delivered (in order). clSeqNr=2415
17:42:24.376 INF Request delivered (in order). clSeqNr=2416
17:42:24.376 INF Request delivered (in order). clSeqNr=2417
17:42:24.376 INF Request finished (out of order). clSeqNr=2418
17:42:24.376 INF Request delivered (in order). clSeqNr=2418
17:42:24.376 INF Request delivered (in order). clSeqNr=2419
17:42:24.376 INF Request delivered (in order). clSeqNr=2420
17:42:24.376 INF Request delivered (in order). clSeqNr=2421
17:42:24.376 INF Request delivered (in order). clSeqNr=2422
17:42:24.376 INF Request delivered (in order). clSeqNr=2423
17:42:24.376 INF Request delivered (in order). clSeqNr=2424
17:42:24.376 INF Request delivered (in order). clSeqNr=2425
17:42:24.376 INF Request delivered (in order). clSeqNr=2426
17:42:24.376 INF Request delivered (in order). clSeqNr=2427
17:42:24.377 INF Request delivered (in order). clSeqNr=2428
17:42:24.377 INF Request delivered (in order). clSeqNr=2429
17:42:24.377 INF Request delivered (in order). clSeqNr=2430
17:42:24.377 INF Request delivered (in order). clSeqNr=2431
17:42:24.377 INF Request delivered (in order). clSeqNr=2432
17:42:24.377 INF Request delivered (in order). clSeqNr=2433
17:42:24.377 INF Request finished (out of order). clSeqNr=2434
17:42:24.377 INF Request delivered (in order). clSeqNr=2434
17:42:24.377 INF Request delivered (in order). clSeqNr=2435
17:42:24.377 INF Request delivered (in order). clSeqNr=2436
17:42:24.377 INF Request delivered (in order). clSeqNr=2437
17:42:24.377 INF Request delivered (in order). clSeqNr=2438
17:42:24.377 INF Request delivered (in order). clSeqNr=2439
17:42:24.377 INF Request delivered (in order). clSeqNr=2440
17:42:24.377 INF Request delivered (in order). clSeqNr=2441
17:42:24.377 INF Request delivered (in order). clSeqNr=2442
17:42:24.377 INF Request delivered (in order). clSeqNr=2443
17:42:24.377 INF Request delivered (in order). clSeqNr=2444
17:42:24.377 INF Request delivered (in order). clSeqNr=2445
17:42:24.377 INF Request delivered (in order). clSeqNr=2446
17:42:24.377 INF Request delivered (in order). clSeqNr=2447
17:42:24.377 INF Request delivered (in order). clSeqNr=2448
17:42:24.377 INF Request delivered (in order). clSeqNr=2449
17:42:24.379 INF Request finished (out of order). clSeqNr=2562
17:42:24.381 INF Request finished (out of order). clSeqNr=2450
17:42:24.381 INF Request delivered (in order). clSeqNr=2450
17:42:24.381 INF Request delivered (in order). clSeqNr=2451
17:42:24.381 INF Request delivered (in order). clSeqNr=2452
17:42:24.381 INF Request delivered (in order). clSeqNr=2453
17:42:24.381 INF Request delivered (in order). clSeqNr=2454
17:42:24.381 INF Request delivered (in order). clSeqNr=2455
17:42:24.381 INF Request delivered (in order). clSeqNr=2456
17:42:24.381 INF Request delivered (in order). clSeqNr=2457
17:42:24.381 INF Request delivered (in order). clSeqNr=2458
17:42:24.381 INF Request delivered (in order). clSeqNr=2459
17:42:24.381 INF Request delivered (in order). clSeqNr=2460
17:42:24.381 INF Request delivered (in order). clSeqNr=2461
17:42:24.381 INF Request delivered (in order). clSeqNr=2462
17:42:24.381 INF Request delivered (in order). clSeqNr=2463
17:42:24.381 INF Request delivered (in order). clSeqNr=2464
17:42:24.381 INF Request delivered (in order). clSeqNr=2465
17:42:24.382 INF Request finished (out of order). clSeqNr=2466
17:42:24.382 INF Request delivered (in order). clSeqNr=2466
17:42:24.382 INF Request delivered (in order). clSeqNr=2467
17:42:24.382 INF Request delivered (in order). clSeqNr=2468
17:42:24.382 INF Request delivered (in order). clSeqNr=2469
17:42:24.382 INF Request delivered (in order). clSeqNr=2470
17:42:24.382 INF Request delivered (in order). clSeqNr=2471
17:42:24.382 INF Request delivered (in order). clSeqNr=2472
17:42:24.382 INF Request delivered (in order). clSeqNr=2473
17:42:24.382 INF Request delivered (in order). clSeqNr=2474
17:42:24.382 INF Request delivered (in order). clSeqNr=2475
17:42:24.382 INF Request delivered (in order). clSeqNr=2476
17:42:24.382 INF Request delivered (in order). clSeqNr=2477
17:42:24.382 INF Request delivered (in order). clSeqNr=2478
17:42:24.382 INF Request delivered (in order). clSeqNr=2479
17:42:24.382 INF Request delivered (in order). clSeqNr=2480
17:42:24.382 INF Request delivered (in order). clSeqNr=2481
17:42:24.382 INF Request finished (out of order). clSeqNr=2482
17:42:24.382 INF Request delivered (in order). clSeqNr=2482
17:42:24.382 INF Request delivered (in order). clSeqNr=2483
17:42:24.382 INF Request delivered (in order). clSeqNr=2484
17:42:24.382 INF Request delivered (in order). clSeqNr=2485
17:42:24.382 INF Request delivered (in order). clSeqNr=2486
17:42:24.382 INF Request delivered (in order). clSeqNr=2487
17:42:24.382 INF Request delivered (in order). clSeqNr=2488
17:42:24.382 INF Request delivered (in order). clSeqNr=2489
17:42:24.382 INF Request delivered (in order). clSeqNr=2490
17:42:24.382 INF Request delivered (in order). clSeqNr=2491
17:42:24.382 INF Request delivered (in order). clSeqNr=2492
17:42:24.382 INF Request delivered (in order). clSeqNr=2493
17:42:24.382 INF Request delivered (in order). clSeqNr=2494
17:42:24.382 INF Request delivered (in order). clSeqNr=2495
17:42:24.382 INF Request delivered (in order). clSeqNr=2496
17:42:24.382 INF Request delivered (in order). clSeqNr=2497
17:42:24.468 INF Request finished (out of order). clSeqNr=2498
17:42:24.468 INF Request delivered (in order). clSeqNr=2498
17:42:24.468 INF Request delivered (in order). clSeqNr=2499
17:42:24.468 INF Request delivered (in order). clSeqNr=2500
17:42:24.468 INF Request delivered (in order). clSeqNr=2501
17:42:24.468 INF Request delivered (in order). clSeqNr=2502
17:42:24.468 INF Request delivered (in order). clSeqNr=2503
17:42:24.468 INF Request delivered (in order). clSeqNr=2504
17:42:24.468 INF Request delivered (in order). clSeqNr=2505
17:42:24.468 INF Request delivered (in order). clSeqNr=2506
17:42:24.468 INF Request delivered (in order). clSeqNr=2507
17:42:24.468 INF Request delivered (in order). clSeqNr=2508
17:42:24.468 INF Request delivered (in order). clSeqNr=2509
17:42:24.468 INF Request delivered (in order). clSeqNr=2510
17:42:24.468 INF Request delivered (in order). clSeqNr=2511
17:42:24.468 INF Request delivered (in order). clSeqNr=2512
17:42:24.468 INF Request delivered (in order). clSeqNr=2513
17:42:24.468 INF Request finished (out of order). clSeqNr=2514
17:42:24.468 INF Request delivered (in order). clSeqNr=2514
17:42:24.468 INF Request delivered (in order). clSeqNr=2515
17:42:24.468 INF Request delivered (in order). clSeqNr=2516
17:42:24.468 INF Request delivered (in order). clSeqNr=2517
17:42:24.468 INF Request delivered (in order). clSeqNr=2518
17:42:24.468 INF Request delivered (in order). clSeqNr=2519
17:42:24.468 INF Request delivered (in order). clSeqNr=2520
17:42:24.468 INF Request delivered (in order). clSeqNr=2521
17:42:24.468 INF Request delivered (in order). clSeqNr=2522
17:42:24.468 INF Request delivered (in order). clSeqNr=2523
17:42:24.468 INF Request delivered (in order). clSeqNr=2524
17:42:24.468 INF Request delivered (in order). clSeqNr=2525
17:42:24.468 INF Request delivered (in order). clSeqNr=2526
17:42:24.468 INF Request delivered (in order). clSeqNr=2527
17:42:24.468 INF Request delivered (in order). clSeqNr=2528
17:42:24.468 INF Request delivered (in order). clSeqNr=2529
17:42:24.468 INF Request finished (out of order). clSeqNr=2530
17:42:24.468 INF Request delivered (in order). clSeqNr=2530
17:42:24.468 INF Request delivered (in order). clSeqNr=2531
17:42:24.468 INF Request delivered (in order). clSeqNr=2532
17:42:24.468 INF Request delivered (in order). clSeqNr=2533
17:42:24.468 INF Request delivered (in order). clSeqNr=2534
17:42:24.468 INF Request delivered (in order). clSeqNr=2535
17:42:24.468 INF Request delivered (in order). clSeqNr=2536
17:42:24.468 INF Request delivered (in order). clSeqNr=2537
17:42:24.468 INF Request delivered (in order). clSeqNr=2538
17:42:24.468 INF Request delivered (in order). clSeqNr=2539
17:42:24.468 INF Request delivered (in order). clSeqNr=2540
17:42:24.468 INF Request delivered (in order). clSeqNr=2541
17:42:24.468 INF Request delivered (in order). clSeqNr=2542
17:42:24.468 INF Request delivered (in order). clSeqNr=2543
17:42:24.468 INF Request delivered (in order). clSeqNr=2544
17:42:24.468 INF Request delivered (in order). clSeqNr=2545
17:42:24.468 INF Request finished (out of order). clSeqNr=2546
17:42:24.468 INF Request delivered (in order). clSeqNr=2546
17:42:24.468 INF Request delivered (in order). clSeqNr=2547
17:42:24.468 INF Request delivered (in order). clSeqNr=2548
17:42:24.468 INF Request delivered (in order). clSeqNr=2549
17:42:24.468 INF Request delivered (in order). clSeqNr=2550
17:42:24.468 INF Request delivered (in order). clSeqNr=2551
17:42:24.468 INF Request delivered (in order). clSeqNr=2552
17:42:24.468 INF Request delivered (in order). clSeqNr=2553
17:42:24.468 INF Request delivered (in order). clSeqNr=2554
17:42:24.468 INF Request delivered (in order). clSeqNr=2555
17:42:24.468 INF Request delivered (in order). clSeqNr=2556
17:42:24.468 INF Request delivered (in order). clSeqNr=2557
17:42:24.468 INF Request delivered (in order). clSeqNr=2558
17:42:24.468 INF Request delivered (in order). clSeqNr=2559
17:42:24.468 INF Request delivered (in order). clSeqNr=2560
17:42:24.468 INF Request delivered (in order). clSeqNr=2561
17:42:24.468 INF Request delivered (in order). clSeqNr=2562
17:42:24.468 INF Request delivered (in order). clSeqNr=2563
17:42:24.468 INF Request delivered (in order). clSeqNr=2564
17:42:24.468 INF Request delivered (in order). clSeqNr=2565
17:42:24.468 INF Request delivered (in order). clSeqNr=2566
17:42:24.468 INF Request delivered (in order). clSeqNr=2567
17:42:24.468 INF Request delivered (in order). clSeqNr=2568
17:42:24.468 INF Request delivered (in order). clSeqNr=2569
17:42:24.468 INF Request delivered (in order). clSeqNr=2570
17:42:24.468 INF Request delivered (in order). clSeqNr=2571
17:42:24.468 INF Request delivered (in order). clSeqNr=2572
17:42:24.468 INF Request delivered (in order). clSeqNr=2573
17:42:24.468 INF Request delivered (in order). clSeqNr=2574
17:42:24.468 INF Request delivered (in order). clSeqNr=2575
17:42:24.468 INF Request delivered (in order). clSeqNr=2576
17:42:24.468 INF Request delivered (in order). clSeqNr=2577
17:42:29.375 INF Request finished (out of order). clSeqNr=2578
17:42:29.375 INF Request delivered (in order). clSeqNr=2578
17:42:29.375 INF Request delivered (in order). clSeqNr=2579
17:42:29.375 INF Request delivered (in order). clSeqNr=2580
17:42:29.375 INF Request delivered (in order). clSeqNr=2581
17:42:29.375 INF Request delivered (in order). clSeqNr=2582
17:42:29.376 INF Request delivered (in order). clSeqNr=2583
17:42:29.376 INF Request delivered (in order). clSeqNr=2584
17:42:29.376 INF Request delivered (in order). clSeqNr=2585
17:42:29.376 INF Request delivered (in order). clSeqNr=2586
17:42:29.376 INF Request delivered (in order). clSeqNr=2587
17:42:29.376 INF Request delivered (in order). clSeqNr=2588
17:42:29.376 INF Request delivered (in order). clSeqNr=2589
17:42:29.376 INF Request delivered (in order). clSeqNr=2590
17:42:29.376 INF Request delivered (in order). clSeqNr=2591
17:42:29.376 INF Request delivered (in order). clSeqNr=2592
17:42:29.376 INF Request delivered (in order). clSeqNr=2593
17:42:29.376 INF Request finished (out of order). clSeqNr=2594
17:42:29.376 INF Request delivered (in order). clSeqNr=2594
17:42:29.376 INF Request delivered (in order). clSeqNr=2595
17:42:29.376 INF Request delivered (in order). clSeqNr=2596
17:42:29.376 INF Request delivered (in order). clSeqNr=2597
17:42:29.376 INF Request delivered (in order). clSeqNr=2598
17:42:29.376 INF Request delivered (in order). clSeqNr=2599
17:42:29.376 INF Request delivered (in order). clSeqNr=2600
17:42:29.376 INF Request delivered (in order). clSeqNr=2601
17:42:29.376 INF Request delivered (in order). clSeqNr=2602
17:42:29.376 INF Request delivered (in order). clSeqNr=2603
17:42:29.376 INF Request delivered (in order). clSeqNr=2604
17:42:29.376 INF Request delivered (in order). clSeqNr=2605
17:42:29.376 INF Request delivered (in order). clSeqNr=2606
17:42:29.376 INF Request delivered (in order). clSeqNr=2607
17:42:29.376 INF Request delivered (in order). clSeqNr=2608
17:42:29.376 INF Request delivered (in order). clSeqNr=2609
17:42:29.376 INF Request finished (out of order). clSeqNr=2610
17:42:29.376 INF Request delivered (in order). clSeqNr=2610
17:42:29.376 INF Request delivered (in order). clSeqNr=2611
17:42:29.376 INF Request delivered (in order). clSeqNr=2612
17:42:29.376 INF Request delivered (in order). clSeqNr=2613
17:42:29.376 INF Request delivered (in order). clSeqNr=2614
17:42:29.376 INF Request delivered (in order). clSeqNr=2615
17:42:29.376 INF Request delivered (in order). clSeqNr=2616
17:42:29.376 INF Request delivered (in order). clSeqNr=2617
17:42:29.376 INF Request delivered (in order). clSeqNr=2618
17:42:29.376 INF Request delivered (in order). clSeqNr=2619
17:42:29.376 INF Request delivered (in order). clSeqNr=2620
17:42:29.376 INF Request delivered (in order). clSeqNr=2621
17:42:29.376 INF Request delivered (in order). clSeqNr=2622
17:42:29.376 INF Request delivered (in order). clSeqNr=2623
17:42:29.377 INF Request delivered (in order). clSeqNr=2624
17:42:29.377 INF Request delivered (in order). clSeqNr=2625
17:42:29.377 INF Request finished (out of order). clSeqNr=2626
17:42:29.377 INF Request delivered (in order). clSeqNr=2626
17:42:29.377 INF Request delivered (in order). clSeqNr=2627
17:42:29.377 INF Request delivered (in order). clSeqNr=2628
17:42:29.377 INF Request delivered (in order). clSeqNr=2629
17:42:29.377 INF Request delivered (in order). clSeqNr=2630
17:42:29.377 INF Request delivered (in order). clSeqNr=2631
17:42:29.377 INF Request delivered (in order). clSeqNr=2632
17:42:29.377 INF Request delivered (in order). clSeqNr=2633
17:42:29.377 INF Request delivered (in order). clSeqNr=2634
17:42:29.377 INF Request delivered (in order). clSeqNr=2635
17:42:29.377 INF Request delivered (in order). clSeqNr=2636
17:42:29.377 INF Request delivered (in order). clSeqNr=2637
17:42:29.377 INF Request delivered (in order). clSeqNr=2638
17:42:29.377 INF Request delivered (in order). clSeqNr=2639
17:42:29.377 INF Request delivered (in order). clSeqNr=2640
17:42:29.377 INF Request delivered (in order). clSeqNr=2641
17:42:29.377 INF Request finished (out of order). clSeqNr=2642
17:42:29.377 INF Request delivered (in order). clSeqNr=2642
17:42:29.377 INF Request delivered (in order). clSeqNr=2643
17:42:29.377 INF Request delivered (in order). clSeqNr=2644
17:42:29.377 INF Request delivered (in order). clSeqNr=2645
17:42:29.377 INF Request delivered (in order). clSeqNr=2646
17:42:29.377 INF Request delivered (in order). clSeqNr=2647
17:42:29.377 INF Request delivered (in order). clSeqNr=2648
17:42:29.377 INF Request delivered (in order). clSeqNr=2649
17:42:29.377 INF Request delivered (in order). clSeqNr=2650
17:42:29.377 INF Request delivered (in order). clSeqNr=2651
17:42:29.377 INF Request delivered (in order). clSeqNr=2652
17:42:29.377 INF Request delivered (in order). clSeqNr=2653
17:42:29.377 INF Request delivered (in order). clSeqNr=2654
17:42:29.377 INF Request delivered (in order). clSeqNr=2655
17:42:29.377 INF Request delivered (in order). clSeqNr=2656
17:42:29.377 INF Request delivered (in order). clSeqNr=2657
17:42:29.377 INF Request finished (out of order). clSeqNr=2658
17:42:29.377 INF Request delivered (in order). clSeqNr=2658
17:42:29.377 INF Request delivered (in order). clSeqNr=2659
17:42:29.377 INF Request delivered (in order). clSeqNr=2660
17:42:29.377 INF Request delivered (in order). clSeqNr=2661
17:42:29.377 INF Request delivered (in order). clSeqNr=2662
17:42:29.377 INF Request delivered (in order). clSeqNr=2663
17:42:29.377 INF Request delivered (in order). clSeqNr=2664
17:42:29.377 INF Request delivered (in order). clSeqNr=2665
17:42:29.377 INF Request delivered (in order). clSeqNr=2666
17:42:29.377 INF Request delivered (in order). clSeqNr=2667
17:42:29.377 INF Request delivered (in order). clSeqNr=2668
17:42:29.377 INF Request delivered (in order). clSeqNr=2669
17:42:29.377 INF Request delivered (in order). clSeqNr=2670
17:42:29.377 INF Request delivered (in order). clSeqNr=2671
17:42:29.377 INF Request delivered (in order). clSeqNr=2672
17:42:29.377 INF Request delivered (in order). clSeqNr=2673
17:42:29.377 INF Request finished (out of order). clSeqNr=2674
17:42:29.377 INF Request delivered (in order). clSeqNr=2674
17:42:29.377 INF Request delivered (in order). clSeqNr=2675
17:42:29.377 INF Request delivered (in order). clSeqNr=2676
17:42:29.377 INF Request delivered (in order). clSeqNr=2677
17:42:29.377 INF Request delivered (in order). clSeqNr=2678
17:42:29.377 INF Request delivered (in order). clSeqNr=2679
17:42:29.377 INF Request delivered (in order). clSeqNr=2680
17:42:29.377 INF Request delivered (in order). clSeqNr=2681
17:42:29.377 INF Request delivered (in order). clSeqNr=2682
17:42:29.377 INF Request delivered (in order). clSeqNr=2683
17:42:29.378 INF Request delivered (in order). clSeqNr=2684
17:42:29.378 INF Request delivered (in order). clSeqNr=2685
17:42:29.378 INF Request delivered (in order). clSeqNr=2686
17:42:29.378 INF Request delivered (in order). clSeqNr=2687
17:42:29.378 INF Request delivered (in order). clSeqNr=2688
17:42:29.378 INF Request delivered (in order). clSeqNr=2689
17:42:29.378 INF Request finished (out of order). clSeqNr=2690
17:42:29.378 INF Request delivered (in order). clSeqNr=2690
17:42:29.378 INF Request delivered (in order). clSeqNr=2691
17:42:29.378 INF Request delivered (in order). clSeqNr=2692
17:42:29.378 INF Request delivered (in order). clSeqNr=2693
17:42:29.378 INF Request delivered (in order). clSeqNr=2694
17:42:29.378 INF Request delivered (in order). clSeqNr=2695
17:42:29.378 INF Request delivered (in order). clSeqNr=2696
17:42:29.378 INF Request delivered (in order). clSeqNr=2697
17:42:29.378 INF Request delivered (in order). clSeqNr=2698
17:42:29.378 INF Request delivered (in order). clSeqNr=2699
17:42:29.378 INF Request delivered (in order). clSeqNr=2700
17:42:29.378 INF Request delivered (in order). clSeqNr=2701
17:42:29.378 INF Request delivered (in order). clSeqNr=2702
17:42:29.378 INF Request delivered (in order). clSeqNr=2703
17:42:29.378 INF Request delivered (in order). clSeqNr=2704
17:42:29.378 INF Request delivered (in order). clSeqNr=2705
17:42:29.379 INF Request finished (out of order). clSeqNr=2818
17:42:29.381 INF Request finished (out of order). clSeqNr=2706
17:42:29.381 INF Request delivered (in order). clSeqNr=2706
17:42:29.381 INF Request delivered (in order). clSeqNr=2707
17:42:29.381 INF Request delivered (in order). clSeqNr=2708
17:42:29.381 INF Request delivered (in order). clSeqNr=2709
17:42:29.381 INF Request delivered (in order). clSeqNr=2710
17:42:29.381 INF Request delivered (in order). clSeqNr=2711
17:42:29.381 INF Request delivered (in order). clSeqNr=2712
17:42:29.381 INF Request delivered (in order). clSeqNr=2713
17:42:29.381 INF Request delivered (in order). clSeqNr=2714
17:42:29.381 INF Request delivered (in order). clSeqNr=2715
17:42:29.381 INF Request delivered (in order). clSeqNr=2716
17:42:29.381 INF Request delivered (in order). clSeqNr=2717
17:42:29.381 INF Request delivered (in order). clSeqNr=2718
17:42:29.382 INF Request delivered (in order). clSeqNr=2719
17:42:29.382 INF Request delivered (in order). clSeqNr=2720
17:42:29.382 INF Request delivered (in order). clSeqNr=2721
17:42:29.463 INF Request finished (out of order). clSeqNr=2722
17:42:29.463 INF Request delivered (in order). clSeqNr=2722
17:42:29.463 INF Request delivered (in order). clSeqNr=2723
17:42:29.463 INF Request delivered (in order). clSeqNr=2724
17:42:29.463 INF Request delivered (in order). clSeqNr=2725
17:42:29.463 INF Request delivered (in order). clSeqNr=2726
17:42:29.463 INF Request delivered (in order). clSeqNr=2727
17:42:29.463 INF Request delivered (in order). clSeqNr=2728
17:42:29.463 INF Request delivered (in order). clSeqNr=2729
17:42:29.463 INF Request delivered (in order). clSeqNr=2730
17:42:29.463 INF Request delivered (in order). clSeqNr=2731
17:42:29.463 INF Request delivered (in order). clSeqNr=2732
17:42:29.463 INF Request delivered (in order). clSeqNr=2733
17:42:29.463 INF Request delivered (in order). clSeqNr=2734
17:42:29.463 INF Request delivered (in order). clSeqNr=2735
17:42:29.463 INF Request delivered (in order). clSeqNr=2736
17:42:29.463 INF Request delivered (in order). clSeqNr=2737
17:42:29.473 INF Request finished (out of order). clSeqNr=2738
17:42:29.473 INF Request delivered (in order). clSeqNr=2738
17:42:29.473 INF Request delivered (in order). clSeqNr=2739
17:42:29.473 INF Request delivered (in order). clSeqNr=2740
17:42:29.473 INF Request delivered (in order). clSeqNr=2741
17:42:29.473 INF Request delivered (in order). clSeqNr=2742
17:42:29.473 INF Request delivered (in order). clSeqNr=2743
17:42:29.473 INF Request delivered (in order). clSeqNr=2744
17:42:29.473 INF Request delivered (in order). clSeqNr=2745
17:42:29.473 INF Request delivered (in order). clSeqNr=2746
17:42:29.473 INF Request delivered (in order). clSeqNr=2747
17:42:29.473 INF Request delivered (in order). clSeqNr=2748
17:42:29.473 INF Request delivered (in order). clSeqNr=2749
17:42:29.473 INF Request delivered (in order). clSeqNr=2750
17:42:29.473 INF Request delivered (in order). clSeqNr=2751
17:42:29.473 INF Request delivered (in order). clSeqNr=2752
17:42:29.473 INF Request delivered (in order). clSeqNr=2753
17:42:29.473 INF Request finished (out of order). clSeqNr=2754
17:42:29.473 INF Request delivered (in order). clSeqNr=2754
17:42:29.473 INF Request delivered (in order). clSeqNr=2755
17:42:29.473 INF Request delivered (in order). clSeqNr=2756
17:42:29.473 INF Request delivered (in order). clSeqNr=2757
17:42:29.473 INF Request delivered (in order). clSeqNr=2758
17:42:29.473 INF Request delivered (in order). clSeqNr=2759
17:42:29.473 INF Request delivered (in order). clSeqNr=2760
17:42:29.473 INF Request delivered (in order). clSeqNr=2761
17:42:29.473 INF Request delivered (in order). clSeqNr=2762
17:42:29.473 INF Request delivered (in order). clSeqNr=2763
17:42:29.473 INF Request delivered (in order). clSeqNr=2764
17:42:29.473 INF Request delivered (in order). clSeqNr=2765
17:42:29.473 INF Request delivered (in order). clSeqNr=2766
17:42:29.473 INF Request delivered (in order). clSeqNr=2767
17:42:29.473 INF Request delivered (in order). clSeqNr=2768
17:42:29.473 INF Request delivered (in order). clSeqNr=2769
17:42:29.473 INF Request finished (out of order). clSeqNr=2770
17:42:29.473 INF Request delivered (in order). clSeqNr=2770
17:42:29.473 INF Request delivered (in order). clSeqNr=2771
17:42:29.473 INF Request delivered (in order). clSeqNr=2772
17:42:29.473 INF Request delivered (in order). clSeqNr=2773
17:42:29.473 INF Request delivered (in order). clSeqNr=2774
17:42:29.473 INF Request delivered (in order). clSeqNr=2775
17:42:29.473 INF Request delivered (in order). clSeqNr=2776
17:42:29.473 INF Request delivered (in order). clSeqNr=2777
17:42:29.473 INF Request delivered (in order). clSeqNr=2778
17:42:29.473 INF Request delivered (in order). clSeqNr=2779
17:42:29.473 INF Request delivered (in order). clSeqNr=2780
17:42:29.473 INF Request delivered (in order). clSeqNr=2781
17:42:29.474 INF Request delivered (in order). clSeqNr=2782
17:42:29.474 INF Request delivered (in order). clSeqNr=2783
17:42:29.474 INF Request delivered (in order). clSeqNr=2784
17:42:29.474 INF Request delivered (in order). clSeqNr=2785
17:42:29.474 INF Request finished (out of order). clSeqNr=2786
17:42:29.474 INF Request delivered (in order). clSeqNr=2786
17:42:29.474 INF Request delivered (in order). clSeqNr=2787
17:42:29.474 INF Request delivered (in order). clSeqNr=2788
17:42:29.474 INF Request delivered (in order). clSeqNr=2789
17:42:29.474 INF Request delivered (in order). clSeqNr=2790
17:42:29.474 INF Request delivered (in order). clSeqNr=2791
17:42:29.474 INF Request delivered (in order). clSeqNr=2792
17:42:29.474 INF Request delivered (in order). clSeqNr=2793
17:42:29.474 INF Request delivered (in order). clSeqNr=2794
17:42:29.474 INF Request delivered (in order). clSeqNr=2795
17:42:29.474 INF Request delivered (in order). clSeqNr=2796
17:42:29.474 INF Request delivered (in order). clSeqNr=2797
17:42:29.474 INF Request delivered (in order). clSeqNr=2798
17:42:29.474 INF Request delivered (in order). clSeqNr=2799
17:42:29.474 INF Request delivered (in order). clSeqNr=2800
17:42:29.474 INF Request delivered (in order). clSeqNr=2801
17:42:29.474 INF Request finished (out of order). clSeqNr=2802
17:42:29.474 INF Request delivered (in order). clSeqNr=2802
17:42:29.474 INF Request delivered (in order). clSeqNr=2803
17:42:29.474 INF Request delivered (in order). clSeqNr=2804
17:42:29.474 INF Request delivered (in order). clSeqNr=2805
17:42:29.474 INF Request delivered (in order). clSeqNr=2806
17:42:29.474 INF Request delivered (in order). clSeqNr=2807
17:42:29.474 INF Request delivered (in order). clSeqNr=2808
17:42:29.474 INF Request delivered (in order). clSeqNr=2809
17:42:29.474 INF Request delivered (in order). clSeqNr=2810
17:42:29.474 INF Request delivered (in order). clSeqNr=2811
17:42:29.474 INF Request delivered (in order). clSeqNr=2812
17:42:29.474 INF Request delivered (in order). clSeqNr=2813
17:42:29.474 INF Request delivered (in order). clSeqNr=2814
17:42:29.474 INF Request delivered (in order). clSeqNr=2815
17:42:29.474 INF Request delivered (in order). clSeqNr=2816
17:42:29.474 INF Request delivered (in order). clSeqNr=2817
17:42:29.474 INF Request delivered (in order). clSeqNr=2818
17:42:29.474 INF Request delivered (in order). clSeqNr=2819
17:42:29.474 INF Request delivered (in order). clSeqNr=2820
17:42:29.474 INF Request delivered (in order). clSeqNr=2821
17:42:29.474 INF Request delivered (in order). clSeqNr=2822
17:42:29.474 INF Request delivered (in order). clSeqNr=2823
17:42:29.474 INF Request delivered (in order). clSeqNr=2824
17:42:29.474 INF Request delivered (in order). clSeqNr=2825
17:42:29.474 INF Request delivered (in order). clSeqNr=2826
17:42:29.474 INF Request delivered (in order). clSeqNr=2827
17:42:29.474 INF Request delivered (in order). clSeqNr=2828
17:42:29.474 INF Request delivered (in order). clSeqNr=2829
17:42:29.474 INF Request delivered (in order). clSeqNr=2830
17:42:29.474 INF Request delivered (in order). clSeqNr=2831
17:42:29.474 INF Request delivered (in order). clSeqNr=2832
17:42:29.474 INF Request delivered (in order). clSeqNr=2833
17:42:34.376 INF Request finished (out of order). clSeqNr=2834
17:42:34.377 INF Request delivered (in order). clSeqNr=2834
17:42:34.377 INF Request delivered (in order). clSeqNr=2835
17:42:34.377 INF Request delivered (in order). clSeqNr=2836
17:42:34.377 INF Request delivered (in order). clSeqNr=2837
17:42:34.377 INF Request delivered (in order). clSeqNr=2838
17:42:34.377 INF Request delivered (in order). clSeqNr=2839
17:42:34.377 INF Request delivered (in order). clSeqNr=2840
17:42:34.377 INF Request delivered (in order). clSeqNr=2841
17:42:34.377 INF Request delivered (in order). clSeqNr=2842
17:42:34.377 INF Request delivered (in order). clSeqNr=2843
17:42:34.377 INF Request delivered (in order). clSeqNr=2844
17:42:34.377 INF Request delivered (in order). clSeqNr=2845
17:42:34.377 INF Request delivered (in order). clSeqNr=2846
17:42:34.377 INF Request delivered (in order). clSeqNr=2847
17:42:34.377 INF Request delivered (in order). clSeqNr=2848
17:42:34.377 INF Request delivered (in order). clSeqNr=2849
17:42:34.377 INF Request finished (out of order). clSeqNr=2850
17:42:34.377 INF Request delivered (in order). clSeqNr=2850
17:42:34.377 INF Request delivered (in order). clSeqNr=2851
17:42:34.377 INF Request delivered (in order). clSeqNr=2852
17:42:34.377 INF Request delivered (in order). clSeqNr=2853
17:42:34.377 INF Request delivered (in order). clSeqNr=2854
17:42:34.377 INF Request delivered (in order). clSeqNr=2855
17:42:34.378 INF Request delivered (in order). clSeqNr=2856
17:42:34.378 INF Request delivered (in order). clSeqNr=2857
17:42:34.378 INF Request delivered (in order). clSeqNr=2858
17:42:34.378 INF Request delivered (in order). clSeqNr=2859
17:42:34.378 INF Request delivered (in order). clSeqNr=2860
17:42:34.378 INF Request delivered (in order). clSeqNr=2861
17:42:34.378 INF Request delivered (in order). clSeqNr=2862
17:42:34.378 INF Request delivered (in order). clSeqNr=2863
17:42:34.378 INF Request delivered (in order). clSeqNr=2864
17:42:34.378 INF Request delivered (in order). clSeqNr=2865
17:42:34.378 INF Request finished (out of order). clSeqNr=2866
17:42:34.378 INF Request delivered (in order). clSeqNr=2866
17:42:34.378 INF Request delivered (in order). clSeqNr=2867
17:42:34.378 INF Request delivered (in order). clSeqNr=2868
17:42:34.378 INF Request delivered (in order). clSeqNr=2869
17:42:34.378 INF Request delivered (in order). clSeqNr=2870
17:42:34.378 INF Request delivered (in order). clSeqNr=2871
17:42:34.378 INF Request delivered (in order). clSeqNr=2872
17:42:34.378 INF Request delivered (in order). clSeqNr=2873
17:42:34.378 INF Request delivered (in order). clSeqNr=2874
17:42:34.378 INF Request delivered (in order). clSeqNr=2875
17:42:34.378 INF Request delivered (in order). clSeqNr=2876
17:42:34.378 INF Request delivered (in order). clSeqNr=2877
17:42:34.378 INF Request delivered (in order). clSeqNr=2878
17:42:34.378 INF Request delivered (in order). clSeqNr=2879
17:42:34.378 INF Request delivered (in order). clSeqNr=2880
17:42:34.378 INF Request delivered (in order). clSeqNr=2881
17:42:34.378 INF Request finished (out of order). clSeqNr=2882
17:42:34.378 INF Request delivered (in order). clSeqNr=2882
17:42:34.378 INF Request delivered (in order). clSeqNr=2883
17:42:34.378 INF Request delivered (in order). clSeqNr=2884
17:42:34.378 INF Request delivered (in order). clSeqNr=2885
17:42:34.378 INF Request delivered (in order). clSeqNr=2886
17:42:34.378 INF Request delivered (in order). clSeqNr=2887
17:42:34.378 INF Request delivered (in order). clSeqNr=2888
17:42:34.378 INF Request delivered (in order). clSeqNr=2889
17:42:34.378 INF Request delivered (in order). clSeqNr=2890
17:42:34.378 INF Request delivered (in order). clSeqNr=2891
17:42:34.378 INF Request delivered (in order). clSeqNr=2892
17:42:34.378 INF Request delivered (in order). clSeqNr=2893
17:42:34.378 INF Request delivered (in order). clSeqNr=2894
17:42:34.378 INF Request delivered (in order). clSeqNr=2895
17:42:34.378 INF Request delivered (in order). clSeqNr=2896
17:42:34.378 INF Request delivered (in order). clSeqNr=2897
17:42:34.378 INF Request finished (out of order). clSeqNr=2898
17:42:34.378 INF Request delivered (in order). clSeqNr=2898
17:42:34.378 INF Request delivered (in order). clSeqNr=2899
17:42:34.378 INF Request delivered (in order). clSeqNr=2900
17:42:34.378 INF Request delivered (in order). clSeqNr=2901
17:42:34.378 INF Request delivered (in order). clSeqNr=2902
17:42:34.378 INF Request delivered (in order). clSeqNr=2903
17:42:34.378 INF Request delivered (in order). clSeqNr=2904
17:42:34.378 INF Request delivered (in order). clSeqNr=2905
17:42:34.378 INF Request delivered (in order). clSeqNr=2906
17:42:34.378 INF Request delivered (in order). clSeqNr=2907
17:42:34.379 INF Request delivered (in order). clSeqNr=2908
17:42:34.379 INF Request delivered (in order). clSeqNr=2909
17:42:34.379 INF Request delivered (in order). clSeqNr=2910
17:42:34.379 INF Request delivered (in order). clSeqNr=2911
17:42:34.379 INF Request delivered (in order). clSeqNr=2912
17:42:34.379 INF Request delivered (in order). clSeqNr=2913
17:42:34.379 INF Request finished (out of order). clSeqNr=2914
17:42:34.379 INF Request delivered (in order). clSeqNr=2914
17:42:34.379 INF Request delivered (in order). clSeqNr=2915
17:42:34.379 INF Request delivered (in order). clSeqNr=2916
17:42:34.379 INF Request delivered (in order). clSeqNr=2917
17:42:34.379 INF Request delivered (in order). clSeqNr=2918
17:42:34.379 INF Request delivered (in order). clSeqNr=2919
17:42:34.379 INF Request delivered (in order). clSeqNr=2920
17:42:34.379 INF Request delivered (in order). clSeqNr=2921
17:42:34.379 INF Request delivered (in order). clSeqNr=2922
17:42:34.379 INF Request delivered (in order). clSeqNr=2923
17:42:34.379 INF Request delivered (in order). clSeqNr=2924
17:42:34.379 INF Request delivered (in order). clSeqNr=2925
17:42:34.379 INF Request delivered (in order). clSeqNr=2926
17:42:34.379 INF Request delivered (in order). clSeqNr=2927
17:42:34.379 INF Request delivered (in order). clSeqNr=2928
17:42:34.379 INF Request delivered (in order). clSeqNr=2929
17:42:34.379 INF Request finished (out of order). clSeqNr=2930
17:42:34.379 INF Request delivered (in order). clSeqNr=2930
17:42:34.379 INF Request delivered (in order). clSeqNr=2931
17:42:34.379 INF Request delivered (in order). clSeqNr=2932
17:42:34.379 INF Request delivered (in order). clSeqNr=2933
17:42:34.379 INF Request delivered (in order). clSeqNr=2934
17:42:34.379 INF Request delivered (in order). clSeqNr=2935
17:42:34.379 INF Request delivered (in order). clSeqNr=2936
17:42:34.379 INF Request delivered (in order). clSeqNr=2937
17:42:34.379 INF Request delivered (in order). clSeqNr=2938
17:42:34.379 INF Request delivered (in order). clSeqNr=2939
17:42:34.379 INF Request delivered (in order). clSeqNr=2940
17:42:34.379 INF Request delivered (in order). clSeqNr=2941
17:42:34.379 INF Request delivered (in order). clSeqNr=2942
17:42:34.379 INF Request delivered (in order). clSeqNr=2943
17:42:34.379 INF Request delivered (in order). clSeqNr=2944
17:42:34.379 INF Request delivered (in order). clSeqNr=2945
17:42:34.379 INF Request finished (out of order). clSeqNr=2946
17:42:34.379 INF Request delivered (in order). clSeqNr=2946
17:42:34.379 INF Request delivered (in order). clSeqNr=2947
17:42:34.379 INF Request delivered (in order). clSeqNr=2948
17:42:34.379 INF Request delivered (in order). clSeqNr=2949
17:42:34.379 INF Request delivered (in order). clSeqNr=2950
17:42:34.379 INF Request delivered (in order). clSeqNr=2951
17:42:34.379 INF Request delivered (in order). clSeqNr=2952
17:42:34.379 INF Request delivered (in order). clSeqNr=2953
17:42:34.379 INF Request delivered (in order). clSeqNr=2954
17:42:34.379 INF Request delivered (in order). clSeqNr=2955
17:42:34.379 INF Request delivered (in order). clSeqNr=2956
17:42:34.379 INF Request delivered (in order). clSeqNr=2957
17:42:34.379 INF Request delivered (in order). clSeqNr=2958
17:42:34.379 INF Request delivered (in order). clSeqNr=2959
17:42:34.379 INF Request delivered (in order). clSeqNr=2960
17:42:34.379 INF Request delivered (in order). clSeqNr=2961
17:42:34.382 INF Request finished (out of order). clSeqNr=3074
17:42:34.383 INF Request finished (out of order). clSeqNr=2962
17:42:34.383 INF Request delivered (in order). clSeqNr=2962
17:42:34.383 INF Request delivered (in order). clSeqNr=2963
17:42:34.383 INF Request delivered (in order). clSeqNr=2964
17:42:34.383 INF Request delivered (in order). clSeqNr=2965
17:42:34.383 INF Request delivered (in order). clSeqNr=2966
17:42:34.383 INF Request delivered (in order). clSeqNr=2967
17:42:34.383 INF Request delivered (in order). clSeqNr=2968
17:42:34.383 INF Request delivered (in order). clSeqNr=2969
17:42:34.383 INF Request delivered (in order). clSeqNr=2970
17:42:34.383 INF Request delivered (in order). clSeqNr=2971
17:42:34.383 INF Request delivered (in order). clSeqNr=2972
17:42:34.383 INF Request delivered (in order). clSeqNr=2973
17:42:34.383 INF Request delivered (in order). clSeqNr=2974
17:42:34.383 INF Request delivered (in order). clSeqNr=2975
17:42:34.383 INF Request delivered (in order). clSeqNr=2976
17:42:34.383 INF Request delivered (in order). clSeqNr=2977
17:42:34.478 INF Request finished (out of order). clSeqNr=2978
17:42:34.478 INF Request delivered (in order). clSeqNr=2978
17:42:34.478 INF Request delivered (in order). clSeqNr=2979
17:42:34.478 INF Request delivered (in order). clSeqNr=2980
17:42:34.478 INF Request delivered (in order). clSeqNr=2981
17:42:34.478 INF Request delivered (in order). clSeqNr=2982
17:42:34.478 INF Request delivered (in order). clSeqNr=2983
17:42:34.478 INF Request delivered (in order). clSeqNr=2984
17:42:34.478 INF Request delivered (in order). clSeqNr=2985
17:42:34.478 INF Request delivered (in order). clSeqNr=2986
17:42:34.478 INF Request delivered (in order). clSeqNr=2987
17:42:34.478 INF Request delivered (in order). clSeqNr=2988
17:42:34.478 INF Request delivered (in order). clSeqNr=2989
17:42:34.478 INF Request delivered (in order). clSeqNr=2990
17:42:34.478 INF Request delivered (in order). clSeqNr=2991
17:42:34.478 INF Request delivered (in order). clSeqNr=2992
17:42:34.478 INF Request delivered (in order). clSeqNr=2993
17:42:34.478 INF Request finished (out of order). clSeqNr=2994
17:42:34.478 INF Request delivered (in order). clSeqNr=2994
17:42:34.478 INF Request delivered (in order). clSeqNr=2995
17:42:34.478 INF Request delivered (in order). clSeqNr=2996
17:42:34.478 INF Request delivered (in order). clSeqNr=2997
17:42:34.478 INF Request delivered (in order). clSeqNr=2998
17:42:34.478 INF Request delivered (in order). clSeqNr=2999
17:42:34.478 INF Request delivered (in order). clSeqNr=3000
17:42:34.478 INF Request delivered (in order). clSeqNr=3001
17:42:34.478 INF Request delivered (in order). clSeqNr=3002
17:42:34.478 INF Request delivered (in order). clSeqNr=3003
17:42:34.478 INF Request delivered (in order). clSeqNr=3004
17:42:34.478 INF Request delivered (in order). clSeqNr=3005
17:42:34.478 INF Request delivered (in order). clSeqNr=3006
17:42:34.478 INF Request delivered (in order). clSeqNr=3007
17:42:34.478 INF Request delivered (in order). clSeqNr=3008
17:42:34.478 INF Request delivered (in order). clSeqNr=3009
17:42:34.478 INF Request finished (out of order). clSeqNr=3010
17:42:34.478 INF Request delivered (in order). clSeqNr=3010
17:42:34.478 INF Request delivered (in order). clSeqNr=3011
17:42:34.478 INF Request delivered (in order). clSeqNr=3012
17:42:34.478 INF Request delivered (in order). clSeqNr=3013
17:42:34.478 INF Request delivered (in order). clSeqNr=3014
17:42:34.478 INF Request delivered (in order). clSeqNr=3015
17:42:34.478 INF Request delivered (in order). clSeqNr=3016
17:42:34.478 INF Request delivered (in order). clSeqNr=3017
17:42:34.478 INF Request delivered (in order). clSeqNr=3018
17:42:34.478 INF Request delivered (in order). clSeqNr=3019
17:42:34.478 INF Request delivered (in order). clSeqNr=3020
17:42:34.478 INF Request delivered (in order). clSeqNr=3021
17:42:34.478 INF Request delivered (in order). clSeqNr=3022
17:42:34.478 INF Request delivered (in order). clSeqNr=3023
17:42:34.478 INF Request delivered (in order). clSeqNr=3024
17:42:34.478 INF Request delivered (in order). clSeqNr=3025
17:42:34.478 INF Request finished (out of order). clSeqNr=3026
17:42:34.478 INF Request delivered (in order). clSeqNr=3026
17:42:34.478 INF Request delivered (in order). clSeqNr=3027
17:42:34.478 INF Request delivered (in order). clSeqNr=3028
17:42:34.478 INF Request delivered (in order). clSeqNr=3029
17:42:34.478 INF Request delivered (in order). clSeqNr=3030
17:42:34.478 INF Request delivered (in order). clSeqNr=3031
17:42:34.478 INF Request delivered (in order). clSeqNr=3032
17:42:34.478 INF Request delivered (in order). clSeqNr=3033
17:42:34.478 INF Request delivered (in order). clSeqNr=3034
17:42:34.478 INF Request delivered (in order). clSeqNr=3035
17:42:34.478 INF Request delivered (in order). clSeqNr=3036
17:42:34.478 INF Request delivered (in order). clSeqNr=3037
17:42:34.478 INF Request delivered (in order). clSeqNr=3038
17:42:34.478 INF Request delivered (in order). clSeqNr=3039
17:42:34.478 INF Request delivered (in order). clSeqNr=3040
17:42:34.478 INF Request delivered (in order). clSeqNr=3041
17:42:34.478 INF Request finished (out of order). clSeqNr=3042
17:42:34.478 INF Request delivered (in order). clSeqNr=3042
17:42:34.479 INF Request delivered (in order). clSeqNr=3043
17:42:34.479 INF Request delivered (in order). clSeqNr=3044
17:42:34.479 INF Request delivered (in order). clSeqNr=3045
17:42:34.479 INF Request delivered (in order). clSeqNr=3046
17:42:34.479 INF Request delivered (in order). clSeqNr=3047
17:42:34.479 INF Request delivered (in order). clSeqNr=3048
17:42:34.479 INF Request delivered (in order). clSeqNr=3049
17:42:34.479 INF Request delivered (in order). clSeqNr=3050
17:42:34.479 INF Request delivered (in order). clSeqNr=3051
17:42:34.479 INF Request delivered (in order). clSeqNr=3052
17:42:34.479 INF Request delivered (in order). clSeqNr=3053
17:42:34.479 INF Request delivered (in order). clSeqNr=3054
17:42:34.479 INF Request delivered (in order). clSeqNr=3055
17:42:34.479 INF Request delivered (in order). clSeqNr=3056
17:42:34.479 INF Request delivered (in order). clSeqNr=3057
17:42:34.479 INF Request finished (out of order). clSeqNr=3058
17:42:34.479 INF Request delivered (in order). clSeqNr=3058
17:42:34.479 INF Request delivered (in order). clSeqNr=3059
17:42:34.479 INF Request delivered (in order). clSeqNr=3060
17:42:34.479 INF Request delivered (in order). clSeqNr=3061
17:42:34.479 INF Request delivered (in order). clSeqNr=3062
17:42:34.479 INF Request delivered (in order). clSeqNr=3063
17:42:34.479 INF Request delivered (in order). clSeqNr=3064
17:42:34.479 INF Request delivered (in order). clSeqNr=3065
17:42:34.479 INF Request delivered (in order). clSeqNr=3066
17:42:34.479 INF Request delivered (in order). clSeqNr=3067
17:42:34.479 INF Request delivered (in order). clSeqNr=3068
17:42:34.479 INF Request delivered (in order). clSeqNr=3069
17:42:34.479 INF Request delivered (in order). clSeqNr=3070
17:42:34.479 INF Request delivered (in order). clSeqNr=3071
17:42:34.479 INF Request delivered (in order). clSeqNr=3072
17:42:34.479 INF Request delivered (in order). clSeqNr=3073
17:42:34.479 INF Request delivered (in order). clSeqNr=3074
17:42:34.479 INF Request delivered (in order). clSeqNr=3075
17:42:34.479 INF Request delivered (in order). clSeqNr=3076
17:42:34.479 INF Request delivered (in order). clSeqNr=3077
17:42:34.479 INF Request delivered (in order). clSeqNr=3078
17:42:34.479 INF Request delivered (in order). clSeqNr=3079
17:42:34.479 INF Request delivered (in order). clSeqNr=3080
17:42:34.479 INF Request delivered (in order). clSeqNr=3081
17:42:34.479 INF Request delivered (in order). clSeqNr=3082
17:42:34.479 INF Request delivered (in order). clSeqNr=3083
17:42:34.479 INF Request delivered (in order). clSeqNr=3084
17:42:34.479 INF Request delivered (in order). clSeqNr=3085
17:42:34.479 INF Request delivered (in order). clSeqNr=3086
17:42:34.479 INF Request delivered (in order). clSeqNr=3087
17:42:34.479 INF Request delivered (in order). clSeqNr=3088
17:42:34.479 INF Request delivered (in order). clSeqNr=3089
17:42:39.376 INF Request finished (out of order). clSeqNr=3090
17:42:39.376 INF Request delivered (in order). clSeqNr=3090
17:42:39.376 INF Request delivered (in order). clSeqNr=3091
17:42:39.376 INF Request delivered (in order). clSeqNr=3092
17:42:39.376 INF Request delivered (in order). clSeqNr=3093
17:42:39.376 INF Request delivered (in order). clSeqNr=3094
17:42:39.376 INF Request delivered (in order). clSeqNr=3095
17:42:39.376 INF Request delivered (in order). clSeqNr=3096
17:42:39.376 INF Request delivered (in order). clSeqNr=3097
17:42:39.376 INF Request delivered (in order). clSeqNr=3098
17:42:39.376 INF Request delivered (in order). clSeqNr=3099
17:42:39.376 INF Request delivered (in order). clSeqNr=3100
17:42:39.376 INF Request delivered (in order). clSeqNr=3101
17:42:39.376 INF Request delivered (in order). clSeqNr=3102
17:42:39.376 INF Request delivered (in order). clSeqNr=3103
17:42:39.376 INF Request delivered (in order). clSeqNr=3104
17:42:39.376 INF Request delivered (in order). clSeqNr=3105
17:42:39.376 INF Request finished (out of order). clSeqNr=3106
17:42:39.376 INF Request delivered (in order). clSeqNr=3106
17:42:39.376 INF Request delivered (in order). clSeqNr=3107
17:42:39.377 INF Request delivered (in order). clSeqNr=3108
17:42:39.377 INF Request delivered (in order). clSeqNr=3109
17:42:39.377 INF Request delivered (in order). clSeqNr=3110
17:42:39.377 INF Request delivered (in order). clSeqNr=3111
17:42:39.377 INF Request delivered (in order). clSeqNr=3112
17:42:39.377 INF Request delivered (in order). clSeqNr=3113
17:42:39.377 INF Request delivered (in order). clSeqNr=3114
17:42:39.377 INF Request delivered (in order). clSeqNr=3115
17:42:39.377 INF Request delivered (in order). clSeqNr=3116
17:42:39.377 INF Request delivered (in order). clSeqNr=3117
17:42:39.377 INF Request delivered (in order). clSeqNr=3118
17:42:39.377 INF Request delivered (in order). clSeqNr=3119
17:42:39.377 INF Request delivered (in order). clSeqNr=3120
17:42:39.377 INF Request delivered (in order). clSeqNr=3121
17:42:39.377 INF Request finished (out of order). clSeqNr=3122
17:42:39.377 INF Request delivered (in order). clSeqNr=3122
17:42:39.377 INF Request delivered (in order). clSeqNr=3123
17:42:39.377 INF Request delivered (in order). clSeqNr=3124
17:42:39.377 INF Request delivered (in order). clSeqNr=3125
17:42:39.377 INF Request delivered (in order). clSeqNr=3126
17:42:39.377 INF Request delivered (in order). clSeqNr=3127
17:42:39.377 INF Request delivered (in order). clSeqNr=3128
17:42:39.377 INF Request delivered (in order). clSeqNr=3129
17:42:39.377 INF Request delivered (in order). clSeqNr=3130
17:42:39.377 INF Request delivered (in order). clSeqNr=3131
17:42:39.377 INF Request delivered (in order). clSeqNr=3132
17:42:39.377 INF Request delivered (in order). clSeqNr=3133
17:42:39.377 INF Request delivered (in order). clSeqNr=3134
17:42:39.377 INF Request delivered (in order). clSeqNr=3135
17:42:39.377 INF Request delivered (in order). clSeqNr=3136
17:42:39.377 INF Request delivered (in order). clSeqNr=3137
17:42:39.377 INF Request finished (out of order). clSeqNr=3138
17:42:39.377 INF Request delivered (in order). clSeqNr=3138
17:42:39.377 INF Request delivered (in order). clSeqNr=3139
17:42:39.377 INF Request delivered (in order). clSeqNr=3140
17:42:39.377 INF Request delivered (in order). clSeqNr=3141
17:42:39.377 INF Request delivered (in order). clSeqNr=3142
17:42:39.377 INF Request delivered (in order). clSeqNr=3143
17:42:39.377 INF Request delivered (in order). clSeqNr=3144
17:42:39.377 INF Request delivered (in order). clSeqNr=3145
17:42:39.377 INF Request delivered (in order). clSeqNr=3146
17:42:39.377 INF Request delivered (in order). clSeqNr=3147
17:42:39.377 INF Request delivered (in order). clSeqNr=3148
17:42:39.377 INF Request delivered (in order). clSeqNr=3149
17:42:39.377 INF Request delivered (in order). clSeqNr=3150
17:42:39.377 INF Request delivered (in order). clSeqNr=3151
17:42:39.378 INF Request delivered (in order). clSeqNr=3152
17:42:39.378 INF Request delivered (in order). clSeqNr=3153
17:42:39.378 INF Request finished (out of order). clSeqNr=3154
17:42:39.378 INF Request delivered (in order). clSeqNr=3154
17:42:39.378 INF Request delivered (in order). clSeqNr=3155
17:42:39.378 INF Request delivered (in order). clSeqNr=3156
17:42:39.378 INF Request delivered (in order). clSeqNr=3157
17:42:39.378 INF Request delivered (in order). clSeqNr=3158
17:42:39.378 INF Request delivered (in order). clSeqNr=3159
17:42:39.378 INF Request delivered (in order). clSeqNr=3160
17:42:39.378 INF Request delivered (in order). clSeqNr=3161
17:42:39.378 INF Request delivered (in order). clSeqNr=3162
17:42:39.378 INF Request delivered (in order). clSeqNr=3163
17:42:39.378 INF Request delivered (in order). clSeqNr=3164
17:42:39.378 INF Request delivered (in order). clSeqNr=3165
17:42:39.378 INF Request delivered (in order). clSeqNr=3166
17:42:39.378 INF Request delivered (in order). clSeqNr=3167
17:42:39.378 INF Request delivered (in order). clSeqNr=3168
17:42:39.378 INF Request delivered (in order). clSeqNr=3169
17:42:39.378 INF Request finished (out of order). clSeqNr=3170
17:42:39.378 INF Request delivered (in order). clSeqNr=3170
17:42:39.378 INF Request delivered (in order). clSeqNr=3171
17:42:39.378 INF Request delivered (in order). clSeqNr=3172
17:42:39.378 INF Request delivered (in order). clSeqNr=3173
17:42:39.378 INF Request delivered (in order). clSeqNr=3174
17:42:39.378 INF Request delivered (in order). clSeqNr=3175
17:42:39.378 INF Request delivered (in order). clSeqNr=3176
17:42:39.378 INF Request delivered (in order). clSeqNr=3177
17:42:39.378 INF Request delivered (in order). clSeqNr=3178
17:42:39.378 INF Request delivered (in order). clSeqNr=3179
17:42:39.378 INF Request delivered (in order). clSeqNr=3180
17:42:39.378 INF Request delivered (in order). clSeqNr=3181
17:42:39.378 INF Request delivered (in order). clSeqNr=3182
17:42:39.378 INF Request delivered (in order). clSeqNr=3183
17:42:39.378 INF Request delivered (in order). clSeqNr=3184
17:42:39.378 INF Request delivered (in order). clSeqNr=3185
17:42:39.379 INF Request finished (out of order). clSeqNr=3186
17:42:39.379 INF Request delivered (in order). clSeqNr=3186
17:42:39.379 INF Request delivered (in order). clSeqNr=3187
17:42:39.379 INF Request delivered (in order). clSeqNr=3188
17:42:39.379 INF Request delivered (in order). clSeqNr=3189
17:42:39.379 INF Request delivered (in order). clSeqNr=3190
17:42:39.379 INF Request delivered (in order). clSeqNr=3191
17:42:39.379 INF Request delivered (in order). clSeqNr=3192
17:42:39.379 INF Request delivered (in order). clSeqNr=3193
17:42:39.379 INF Request delivered (in order). clSeqNr=3194
17:42:39.379 INF Request delivered (in order). clSeqNr=3195
17:42:39.379 INF Request delivered (in order). clSeqNr=3196
17:42:39.379 INF Request delivered (in order). clSeqNr=3197
17:42:39.379 INF Request delivered (in order). clSeqNr=3198
17:42:39.379 INF Request delivered (in order). clSeqNr=3199
17:42:39.379 INF Request delivered (in order). clSeqNr=3200
17:42:39.379 INF Request delivered (in order). clSeqNr=3201
17:42:39.379 INF Request finished (out of order). clSeqNr=3202
17:42:39.379 INF Request delivered (in order). clSeqNr=3202
17:42:39.379 INF Request delivered (in order). clSeqNr=3203
17:42:39.379 INF Request delivered (in order). clSeqNr=3204
17:42:39.379 INF Request delivered (in order). clSeqNr=3205
17:42:39.379 INF Request delivered (in order). clSeqNr=3206
17:42:39.379 INF Request delivered (in order). clSeqNr=3207
17:42:39.379 INF Request delivered (in order). clSeqNr=3208
17:42:39.379 INF Request delivered (in order). clSeqNr=3209
17:42:39.379 INF Request delivered (in order). clSeqNr=3210
17:42:39.379 INF Request delivered (in order). clSeqNr=3211
17:42:39.379 INF Request delivered (in order). clSeqNr=3212
17:42:39.379 INF Request delivered (in order). clSeqNr=3213
17:42:39.379 INF Request delivered (in order). clSeqNr=3214
17:42:39.379 INF Request delivered (in order). clSeqNr=3215
17:42:39.379 INF Request delivered (in order). clSeqNr=3216
17:42:39.379 INF Request delivered (in order). clSeqNr=3217
17:42:39.381 INF Request finished (out of order). clSeqNr=3330
17:42:39.384 INF Request finished (out of order). clSeqNr=3218
17:42:39.384 INF Request delivered (in order). clSeqNr=3218
17:42:39.384 INF Request delivered (in order). clSeqNr=3219
17:42:39.384 INF Request delivered (in order). clSeqNr=3220
17:42:39.384 INF Request delivered (in order). clSeqNr=3221
17:42:39.384 INF Request delivered (in order). clSeqNr=3222
17:42:39.384 INF Request delivered (in order). clSeqNr=3223
17:42:39.384 INF Request delivered (in order). clSeqNr=3224
17:42:39.384 INF Request delivered (in order). clSeqNr=3225
17:42:39.384 INF Request delivered (in order). clSeqNr=3226
17:42:39.384 INF Request delivered (in order). clSeqNr=3227
17:42:39.384 INF Request delivered (in order). clSeqNr=3228
17:42:39.384 INF Request delivered (in order). clSeqNr=3229
17:42:39.384 INF Request delivered (in order). clSeqNr=3230
17:42:39.384 INF Request delivered (in order). clSeqNr=3231
17:42:39.384 INF Request delivered (in order). clSeqNr=3232
17:42:39.384 INF Request delivered (in order). clSeqNr=3233
17:42:39.416 INF Request finished (out of order). clSeqNr=3234
17:42:39.416 INF Request delivered (in order). clSeqNr=3234
17:42:39.416 INF Request delivered (in order). clSeqNr=3235
17:42:39.416 INF Request delivered (in order). clSeqNr=3236
17:42:39.416 INF Request delivered (in order). clSeqNr=3237
17:42:39.416 INF Request delivered (in order). clSeqNr=3238
17:42:39.416 INF Request delivered (in order). clSeqNr=3239
17:42:39.416 INF Request delivered (in order). clSeqNr=3240
17:42:39.416 INF Request delivered (in order). clSeqNr=3241
17:42:39.416 INF Request delivered (in order). clSeqNr=3242
17:42:39.416 INF Request delivered (in order). clSeqNr=3243
17:42:39.416 INF Request delivered (in order). clSeqNr=3244
17:42:39.416 INF Request delivered (in order). clSeqNr=3245
17:42:39.416 INF Request delivered (in order). clSeqNr=3246
17:42:39.416 INF Request delivered (in order). clSeqNr=3247
17:42:39.416 INF Request delivered (in order). clSeqNr=3248
17:42:39.416 INF Request delivered (in order). clSeqNr=3249
17:42:39.470 INF Request finished (out of order). clSeqNr=3250
17:42:39.470 INF Request delivered (in order). clSeqNr=3250
17:42:39.470 INF Request delivered (in order). clSeqNr=3251
17:42:39.470 INF Request delivered (in order). clSeqNr=3252
17:42:39.470 INF Request delivered (in order). clSeqNr=3253
17:42:39.470 INF Request delivered (in order). clSeqNr=3254
17:42:39.470 INF Request delivered (in order). clSeqNr=3255
17:42:39.470 INF Request delivered (in order). clSeqNr=3256
17:42:39.470 INF Request delivered (in order). clSeqNr=3257
17:42:39.470 INF Request delivered (in order). clSeqNr=3258
17:42:39.470 INF Request delivered (in order). clSeqNr=3259
17:42:39.470 INF Request delivered (in order). clSeqNr=3260
17:42:39.470 INF Request delivered (in order). clSeqNr=3261
17:42:39.470 INF Request delivered (in order). clSeqNr=3262
17:42:39.470 INF Request delivered (in order). clSeqNr=3263
17:42:39.470 INF Request delivered (in order). clSeqNr=3264
17:42:39.470 INF Request delivered (in order). clSeqNr=3265
17:42:39.470 INF Request finished (out of order). clSeqNr=3266
17:42:39.470 INF Request delivered (in order). clSeqNr=3266
17:42:39.470 INF Request delivered (in order). clSeqNr=3267
17:42:39.470 INF Request delivered (in order). clSeqNr=3268
17:42:39.470 INF Request delivered (in order). clSeqNr=3269
17:42:39.470 INF Request delivered (in order). clSeqNr=3270
17:42:39.470 INF Request delivered (in order). clSeqNr=3271
17:42:39.470 INF Request delivered (in order). clSeqNr=3272
17:42:39.470 INF Request delivered (in order). clSeqNr=3273
17:42:39.470 INF Request delivered (in order). clSeqNr=3274
17:42:39.470 INF Request delivered (in order). clSeqNr=3275
17:42:39.470 INF Request delivered (in order). clSeqNr=3276
17:42:39.470 INF Request delivered (in order). clSeqNr=3277
17:42:39.470 INF Request delivered (in order). clSeqNr=3278
17:42:39.470 INF Request delivered (in order). clSeqNr=3279
17:42:39.470 INF Request delivered (in order). clSeqNr=3280
17:42:39.470 INF Request delivered (in order). clSeqNr=3281
17:42:39.482 INF Request finished (out of order). clSeqNr=3282
17:42:39.482 INF Request delivered (in order). clSeqNr=3282
17:42:39.482 INF Request delivered (in order). clSeqNr=3283
17:42:39.482 INF Request delivered (in order). clSeqNr=3284
17:42:39.482 INF Request delivered (in order). clSeqNr=3285
17:42:39.482 INF Request delivered (in order). clSeqNr=3286
17:42:39.482 INF Request delivered (in order). clSeqNr=3287
17:42:39.482 INF Request delivered (in order). clSeqNr=3288
17:42:39.482 INF Request delivered (in order). clSeqNr=3289
17:42:39.482 INF Request delivered (in order). clSeqNr=3290
17:42:39.482 INF Request delivered (in order). clSeqNr=3291
17:42:39.482 INF Request delivered (in order). clSeqNr=3292
17:42:39.482 INF Request delivered (in order). clSeqNr=3293
17:42:39.482 INF Request delivered (in order). clSeqNr=3294
17:42:39.482 INF Request delivered (in order). clSeqNr=3295
17:42:39.482 INF Request delivered (in order). clSeqNr=3296
17:42:39.482 INF Request delivered (in order). clSeqNr=3297
17:42:39.482 INF Request finished (out of order). clSeqNr=3298
17:42:39.482 INF Request delivered (in order). clSeqNr=3298
17:42:39.482 INF Request delivered (in order). clSeqNr=3299
17:42:39.482 INF Request delivered (in order). clSeqNr=3300
17:42:39.482 INF Request delivered (in order). clSeqNr=3301
17:42:39.482 INF Request delivered (in order). clSeqNr=3302
17:42:39.482 INF Request delivered (in order). clSeqNr=3303
17:42:39.482 INF Request delivered (in order). clSeqNr=3304
17:42:39.482 INF Request delivered (in order). clSeqNr=3305
17:42:39.482 INF Request delivered (in order). clSeqNr=3306
17:42:39.482 INF Request delivered (in order). clSeqNr=3307
17:42:39.482 INF Request delivered (in order). clSeqNr=3308
17:42:39.482 INF Request delivered (in order). clSeqNr=3309
17:42:39.482 INF Request delivered (in order). clSeqNr=3310
17:42:39.482 INF Request delivered (in order). clSeqNr=3311
17:42:39.482 INF Request delivered (in order). clSeqNr=3312
17:42:39.482 INF Request delivered (in order). clSeqNr=3313
17:42:39.482 INF Request finished (out of order). clSeqNr=3314
17:42:39.482 INF Request delivered (in order). clSeqNr=3314
17:42:39.482 INF Request delivered (in order). clSeqNr=3315
17:42:39.482 INF Request delivered (in order). clSeqNr=3316
17:42:39.482 INF Request delivered (in order). clSeqNr=3317
17:42:39.482 INF Request delivered (in order). clSeqNr=3318
17:42:39.482 INF Request delivered (in order). clSeqNr=3319
17:42:39.482 INF Request delivered (in order). clSeqNr=3320
17:42:39.482 INF Request delivered (in order). clSeqNr=3321
17:42:39.482 INF Request delivered (in order). clSeqNr=3322
17:42:39.482 INF Request delivered (in order). clSeqNr=3323
17:42:39.482 INF Request delivered (in order). clSeqNr=3324
17:42:39.482 INF Request delivered (in order). clSeqNr=3325
17:42:39.482 INF Request delivered (in order). clSeqNr=3326
17:42:39.482 INF Request delivered (in order). clSeqNr=3327
17:42:39.482 INF Request delivered (in order). clSeqNr=3328
17:42:39.482 INF Request delivered (in order). clSeqNr=3329
17:42:39.482 INF Request delivered (in order). clSeqNr=3330
17:42:39.482 INF Request delivered (in order). clSeqNr=3331
17:42:39.482 INF Request delivered (in order). clSeqNr=3332
17:42:39.482 INF Request delivered (in order). clSeqNr=3333
17:42:39.483 INF Request delivered (in order). clSeqNr=3334
17:42:39.483 INF Request delivered (in order). clSeqNr=3335
17:42:39.483 INF Request delivered (in order). clSeqNr=3336
17:42:39.483 INF Request delivered (in order). clSeqNr=3337
17:42:39.483 INF Request delivered (in order). clSeqNr=3338
17:42:39.483 INF Request delivered (in order). clSeqNr=3339
17:42:39.483 INF Request delivered (in order). clSeqNr=3340
17:42:39.483 INF Request delivered (in order). clSeqNr=3341
17:42:39.483 INF Request delivered (in order). clSeqNr=3342
17:42:39.483 INF Request delivered (in order). clSeqNr=3343
17:42:39.483 INF Request delivered (in order). clSeqNr=3344
17:42:39.483 INF Request delivered (in order). clSeqNr=3345
17:42:44.375 INF Request finished (out of order). clSeqNr=3346
17:42:44.375 INF Request delivered (in order). clSeqNr=3346
17:42:44.375 INF Request delivered (in order). clSeqNr=3347
17:42:44.375 INF Request delivered (in order). clSeqNr=3348
17:42:44.375 INF Request delivered (in order). clSeqNr=3349
17:42:44.375 INF Request delivered (in order). clSeqNr=3350
17:42:44.375 INF Request delivered (in order). clSeqNr=3351
17:42:44.375 INF Request delivered (in order). clSeqNr=3352
17:42:44.375 INF Request delivered (in order). clSeqNr=3353
17:42:44.375 INF Request delivered (in order). clSeqNr=3354
17:42:44.375 INF Request delivered (in order). clSeqNr=3355
17:42:44.375 INF Request delivered (in order). clSeqNr=3356
17:42:44.375 INF Request delivered (in order). clSeqNr=3357
17:42:44.375 INF Request delivered (in order). clSeqNr=3358
17:42:44.375 INF Request delivered (in order). clSeqNr=3359
17:42:44.375 INF Request delivered (in order). clSeqNr=3360
17:42:44.375 INF Request delivered (in order). clSeqNr=3361
17:42:44.375 INF Request finished (out of order). clSeqNr=3362
17:42:44.375 INF Request delivered (in order). clSeqNr=3362
17:42:44.375 INF Request delivered (in order). clSeqNr=3363
17:42:44.375 INF Request delivered (in order). clSeqNr=3364
17:42:44.375 INF Request delivered (in order). clSeqNr=3365
17:42:44.375 INF Request delivered (in order). clSeqNr=3366
17:42:44.375 INF Request delivered (in order). clSeqNr=3367
17:42:44.375 INF Request delivered (in order). clSeqNr=3368
17:42:44.376 INF Request delivered (in order). clSeqNr=3369
17:42:44.376 INF Request delivered (in order). clSeqNr=3370
17:42:44.376 INF Request delivered (in order). clSeqNr=3371
17:42:44.376 INF Request delivered (in order). clSeqNr=3372
17:42:44.376 INF Request delivered (in order). clSeqNr=3373
17:42:44.376 INF Request delivered (in order). clSeqNr=3374
17:42:44.376 INF Request delivered (in order). clSeqNr=3375
17:42:44.376 INF Request delivered (in order). clSeqNr=3376
17:42:44.376 INF Request delivered (in order). clSeqNr=3377
17:42:44.376 INF Request finished (out of order). clSeqNr=3378
17:42:44.376 INF Request delivered (in order). clSeqNr=3378
17:42:44.376 INF Request delivered (in order). clSeqNr=3379
17:42:44.376 INF Request delivered (in order). clSeqNr=3380
17:42:44.376 INF Request delivered (in order). clSeqNr=3381
17:42:44.376 INF Request delivered (in order). clSeqNr=3382
17:42:44.376 INF Request delivered (in order). clSeqNr=3383
17:42:44.376 INF Request delivered (in order). clSeqNr=3384
17:42:44.376 INF Request delivered (in order). clSeqNr=3385
17:42:44.376 INF Request delivered (in order). clSeqNr=3386
17:42:44.376 INF Request delivered (in order). clSeqNr=3387
17:42:44.376 INF Request delivered (in order). clSeqNr=3388
17:42:44.376 INF Request delivered (in order). clSeqNr=3389
17:42:44.376 INF Request delivered (in order). clSeqNr=3390
17:42:44.376 INF Request delivered (in order). clSeqNr=3391
17:42:44.376 INF Request delivered (in order). clSeqNr=3392
17:42:44.376 INF Request delivered (in order). clSeqNr=3393
17:42:44.376 INF Request finished (out of order). clSeqNr=3394
17:42:44.376 INF Request delivered (in order). clSeqNr=3394
17:42:44.376 INF Request delivered (in order). clSeqNr=3395
17:42:44.376 INF Request delivered (in order). clSeqNr=3396
17:42:44.376 INF Request delivered (in order). clSeqNr=3397
17:42:44.376 INF Request delivered (in order). clSeqNr=3398
17:42:44.376 INF Request delivered (in order). clSeqNr=3399
17:42:44.376 INF Request delivered (in order). clSeqNr=3400
17:42:44.377 INF Request delivered (in order). clSeqNr=3401
17:42:44.377 INF Request delivered (in order). clSeqNr=3402
17:42:44.377 INF Request delivered (in order). clSeqNr=3403
17:42:44.377 INF Request delivered (in order). clSeqNr=3404
17:42:44.377 INF Request delivered (in order). clSeqNr=3405
17:42:44.377 INF Request delivered (in order). clSeqNr=3406
17:42:44.377 INF Request delivered (in order). clSeqNr=3407
17:42:44.377 INF Request delivered (in order). clSeqNr=3408
17:42:44.377 INF Request delivered (in order). clSeqNr=3409
17:42:44.377 INF Request finished (out of order). clSeqNr=3410
17:42:44.377 INF Request delivered (in order). clSeqNr=3410
17:42:44.377 INF Request delivered (in order). clSeqNr=3411
17:42:44.377 INF Request delivered (in order). clSeqNr=3412
17:42:44.377 INF Request delivered (in order). clSeqNr=3413
17:42:44.377 INF Request delivered (in order). clSeqNr=3414
17:42:44.377 INF Request delivered (in order). clSeqNr=3415
17:42:44.377 INF Request delivered (in order). clSeqNr=3416
17:42:44.377 INF Request delivered (in order). clSeqNr=3417
17:42:44.377 INF Request delivered (in order). clSeqNr=3418
17:42:44.377 INF Request delivered (in order). clSeqNr=3419
17:42:44.377 INF Request delivered (in order). clSeqNr=3420
17:42:44.377 INF Request delivered (in order). clSeqNr=3421
17:42:44.377 INF Request delivered (in order). clSeqNr=3422
17:42:44.377 INF Request delivered (in order). clSeqNr=3423
17:42:44.377 INF Request delivered (in order). clSeqNr=3424
17:42:44.377 INF Request delivered (in order). clSeqNr=3425
17:42:44.377 INF Request finished (out of order). clSeqNr=3426
17:42:44.377 INF Request delivered (in order). clSeqNr=3426
17:42:44.377 INF Request delivered (in order). clSeqNr=3427
17:42:44.377 INF Request delivered (in order). clSeqNr=3428
17:42:44.377 INF Request delivered (in order). clSeqNr=3429
17:42:44.377 INF Request delivered (in order). clSeqNr=3430
17:42:44.377 INF Request delivered (in order). clSeqNr=3431
17:42:44.377 INF Request delivered (in order). clSeqNr=3432
17:42:44.377 INF Request delivered (in order). clSeqNr=3433
17:42:44.377 INF Request delivered (in order). clSeqNr=3434
17:42:44.377 INF Request delivered (in order). clSeqNr=3435
17:42:44.377 INF Request delivered (in order). clSeqNr=3436
17:42:44.377 INF Request delivered (in order). clSeqNr=3437
17:42:44.377 INF Request delivered (in order). clSeqNr=3438
17:42:44.377 INF Request delivered (in order). clSeqNr=3439
17:42:44.377 INF Request delivered (in order). clSeqNr=3440
17:42:44.377 INF Request delivered (in order). clSeqNr=3441
17:42:44.377 INF Request finished (out of order). clSeqNr=3442
17:42:44.377 INF Request delivered (in order). clSeqNr=3442
17:42:44.377 INF Request delivered (in order). clSeqNr=3443
17:42:44.377 INF Request delivered (in order). clSeqNr=3444
17:42:44.377 INF Request delivered (in order). clSeqNr=3445
17:42:44.377 INF Request delivered (in order). clSeqNr=3446
17:42:44.377 INF Request delivered (in order). clSeqNr=3447
17:42:44.377 INF Request delivered (in order). clSeqNr=3448
17:42:44.377 INF Request delivered (in order). clSeqNr=3449
17:42:44.377 INF Request delivered (in order). clSeqNr=3450
17:42:44.377 INF Request delivered (in order). clSeqNr=3451
17:42:44.377 INF Request delivered (in order). clSeqNr=3452
17:42:44.377 INF Request delivered (in order). clSeqNr=3453
17:42:44.378 INF Request delivered (in order). clSeqNr=3454
17:42:44.378 INF Request delivered (in order). clSeqNr=3455
17:42:44.378 INF Request delivered (in order). clSeqNr=3456
17:42:44.378 INF Request delivered (in order). clSeqNr=3457
17:42:44.380 INF Request finished (out of order). clSeqNr=3586
17:42:44.382 INF Request finished (out of order). clSeqNr=3458
17:42:44.382 INF Request delivered (in order). clSeqNr=3458
17:42:44.382 INF Request delivered (in order). clSeqNr=3459
17:42:44.382 INF Request delivered (in order). clSeqNr=3460
17:42:44.382 INF Request delivered (in order). clSeqNr=3461
17:42:44.382 INF Request delivered (in order). clSeqNr=3462
17:42:44.382 INF Request delivered (in order). clSeqNr=3463
17:42:44.382 INF Request delivered (in order). clSeqNr=3464
17:42:44.382 INF Request delivered (in order). clSeqNr=3465
17:42:44.382 INF Request delivered (in order). clSeqNr=3466
17:42:44.382 INF Request delivered (in order). clSeqNr=3467
17:42:44.382 INF Request delivered (in order). clSeqNr=3468
17:42:44.382 INF Request delivered (in order). clSeqNr=3469
17:42:44.382 INF Request delivered (in order). clSeqNr=3470
17:42:44.382 INF Request delivered (in order). clSeqNr=3471
17:42:44.382 INF Request delivered (in order). clSeqNr=3472
17:42:44.382 INF Request delivered (in order). clSeqNr=3473
17:42:44.382 INF Request finished (out of order). clSeqNr=3474
17:42:44.382 INF Request delivered (in order). clSeqNr=3474
17:42:44.382 INF Request delivered (in order). clSeqNr=3475
17:42:44.382 INF Request delivered (in order). clSeqNr=3476
17:42:44.382 INF Request delivered (in order). clSeqNr=3477
17:42:44.382 INF Request delivered (in order). clSeqNr=3478
17:42:44.382 INF Request delivered (in order). clSeqNr=3479
17:42:44.383 INF Request delivered (in order). clSeqNr=3480
17:42:44.383 INF Request delivered (in order). clSeqNr=3481
17:42:44.383 INF Request delivered (in order). clSeqNr=3482
17:42:44.383 INF Request delivered (in order). clSeqNr=3483
17:42:44.383 INF Request delivered (in order). clSeqNr=3484
17:42:44.383 INF Request delivered (in order). clSeqNr=3485
17:42:44.383 INF Request delivered (in order). clSeqNr=3486
17:42:44.383 INF Request delivered (in order). clSeqNr=3487
17:42:44.383 INF Request delivered (in order). clSeqNr=3488
17:42:44.383 INF Request delivered (in order). clSeqNr=3489
17:42:44.471 INF Request finished (out of order). clSeqNr=3490
17:42:44.471 INF Request delivered (in order). clSeqNr=3490
17:42:44.471 INF Request delivered (in order). clSeqNr=3491
17:42:44.471 INF Request delivered (in order). clSeqNr=3492
17:42:44.471 INF Request delivered (in order). clSeqNr=3493
17:42:44.471 INF Request delivered (in order). clSeqNr=3494
17:42:44.471 INF Request delivered (in order). clSeqNr=3495
17:42:44.471 INF Request delivered (in order). clSeqNr=3496
17:42:44.471 INF Request delivered (in order). clSeqNr=3497
17:42:44.471 INF Request delivered (in order). clSeqNr=3498
17:42:44.471 INF Request delivered (in order). clSeqNr=3499
17:42:44.471 INF Request delivered (in order). clSeqNr=3500
17:42:44.471 INF Request delivered (in order). clSeqNr=3501
17:42:44.471 INF Request delivered (in order). clSeqNr=3502
17:42:44.471 INF Request delivered (in order). clSeqNr=3503
17:42:44.471 INF Request delivered (in order). clSeqNr=3504
17:42:44.471 INF Request delivered (in order). clSeqNr=3505
17:42:44.482 INF Request finished (out of order). clSeqNr=3506
17:42:44.482 INF Request delivered (in order). clSeqNr=3506
17:42:44.482 INF Request delivered (in order). clSeqNr=3507
17:42:44.482 INF Request delivered (in order). clSeqNr=3508
17:42:44.482 INF Request delivered (in order). clSeqNr=3509
17:42:44.482 INF Request delivered (in order). clSeqNr=3510
17:42:44.482 INF Request delivered (in order). clSeqNr=3511
17:42:44.482 INF Request delivered (in order). clSeqNr=3512
17:42:44.482 INF Request delivered (in order). clSeqNr=3513
17:42:44.482 INF Request delivered (in order). clSeqNr=3514
17:42:44.482 INF Request delivered (in order). clSeqNr=3515
17:42:44.482 INF Request delivered (in order). clSeqNr=3516
17:42:44.482 INF Request delivered (in order). clSeqNr=3517
17:42:44.482 INF Request delivered (in order). clSeqNr=3518
17:42:44.482 INF Request delivered (in order). clSeqNr=3519
17:42:44.482 INF Request delivered (in order). clSeqNr=3520
17:42:44.482 INF Request delivered (in order). clSeqNr=3521
17:42:44.482 INF Request finished (out of order). clSeqNr=3522
17:42:44.482 INF Request delivered (in order). clSeqNr=3522
17:42:44.482 INF Request delivered (in order). clSeqNr=3523
17:42:44.482 INF Request delivered (in order). clSeqNr=3524
17:42:44.482 INF Request delivered (in order). clSeqNr=3525
17:42:44.482 INF Request delivered (in order). clSeqNr=3526
17:42:44.482 INF Request delivered (in order). clSeqNr=3527
17:42:44.482 INF Request delivered (in order). clSeqNr=3528
17:42:44.482 INF Request delivered (in order). clSeqNr=3529
17:42:44.482 INF Request delivered (in order). clSeqNr=3530
17:42:44.482 INF Request delivered (in order). clSeqNr=3531
17:42:44.482 INF Request delivered (in order). clSeqNr=3532
17:42:44.482 INF Request delivered (in order). clSeqNr=3533
17:42:44.482 INF Request delivered (in order). clSeqNr=3534
17:42:44.482 INF Request delivered (in order). clSeqNr=3535
17:42:44.482 INF Request delivered (in order). clSeqNr=3536
17:42:44.482 INF Request delivered (in order). clSeqNr=3537
17:42:44.482 INF Request finished (out of order). clSeqNr=3538
17:42:44.482 INF Request delivered (in order). clSeqNr=3538
17:42:44.482 INF Request delivered (in order). clSeqNr=3539
17:42:44.482 INF Request delivered (in order). clSeqNr=3540
17:42:44.482 INF Request delivered (in order). clSeqNr=3541
17:42:44.482 INF Request delivered (in order). clSeqNr=3542
17:42:44.482 INF Request delivered (in order). clSeqNr=3543
17:42:44.482 INF Request delivered (in order). clSeqNr=3544
17:42:44.482 INF Request delivered (in order). clSeqNr=3545
17:42:44.482 INF Request delivered (in order). clSeqNr=3546
17:42:44.482 INF Request delivered (in order). clSeqNr=3547
17:42:44.482 INF Request delivered (in order). clSeqNr=3548
17:42:44.482 INF Request delivered (in order). clSeqNr=3549
17:42:44.482 INF Request delivered (in order). clSeqNr=3550
17:42:44.482 INF Request delivered (in order). clSeqNr=3551
17:42:44.482 INF Request delivered (in order). clSeqNr=3552
17:42:44.482 INF Request delivered (in order). clSeqNr=3553
17:42:44.482 INF Request finished (out of order). clSeqNr=3554
17:42:44.482 INF Request delivered (in order). clSeqNr=3554
17:42:44.482 INF Request delivered (in order). clSeqNr=3555
17:42:44.482 INF Request delivered (in order). clSeqNr=3556
17:42:44.482 INF Request delivered (in order). clSeqNr=3557
17:42:44.482 INF Request delivered (in order). clSeqNr=3558
17:42:44.482 INF Request delivered (in order). clSeqNr=3559
17:42:44.482 INF Request delivered (in order). clSeqNr=3560
17:42:44.482 INF Request delivered (in order). clSeqNr=3561
17:42:44.482 INF Request delivered (in order). clSeqNr=3562
17:42:44.482 INF Request delivered (in order). clSeqNr=3563
17:42:44.482 INF Request delivered (in order). clSeqNr=3564
17:42:44.482 INF Request delivered (in order). clSeqNr=3565
17:42:44.482 INF Request delivered (in order). clSeqNr=3566
17:42:44.482 INF Request delivered (in order). clSeqNr=3567
17:42:44.482 INF Request delivered (in order). clSeqNr=3568
17:42:44.482 INF Request delivered (in order). clSeqNr=3569
17:42:44.482 INF Request finished (out of order). clSeqNr=3570
17:42:44.482 INF Request delivered (in order). clSeqNr=3570
17:42:44.482 INF Request delivered (in order). clSeqNr=3571
17:42:44.482 INF Request delivered (in order). clSeqNr=3572
17:42:44.482 INF Request delivered (in order). clSeqNr=3573
17:42:44.483 INF Request delivered (in order). clSeqNr=3574
17:42:44.483 INF Request delivered (in order). clSeqNr=3575
17:42:44.483 INF Request delivered (in order). clSeqNr=3576
17:42:44.483 INF Request delivered (in order). clSeqNr=3577
17:42:44.483 INF Request delivered (in order). clSeqNr=3578
17:42:44.483 INF Request delivered (in order). clSeqNr=3579
17:42:44.483 INF Request delivered (in order). clSeqNr=3580
17:42:44.483 INF Request delivered (in order). clSeqNr=3581
17:42:44.483 INF Request delivered (in order). clSeqNr=3582
17:42:44.483 INF Request delivered (in order). clSeqNr=3583
17:42:44.483 INF Request delivered (in order). clSeqNr=3584
17:42:44.483 INF Request delivered (in order). clSeqNr=3585
17:42:44.483 INF Request delivered (in order). clSeqNr=3586
17:42:44.483 INF Request delivered (in order). clSeqNr=3587
17:42:44.483 INF Request delivered (in order). clSeqNr=3588
17:42:44.483 INF Request delivered (in order). clSeqNr=3589
17:42:44.483 INF Request delivered (in order). clSeqNr=3590
17:42:44.483 INF Request delivered (in order). clSeqNr=3591
17:42:44.483 INF Request delivered (in order). clSeqNr=3592
17:42:44.483 INF Request delivered (in order). clSeqNr=3593
17:42:44.483 INF Request delivered (in order). clSeqNr=3594
17:42:44.483 INF Request delivered (in order). clSeqNr=3595
17:42:44.483 INF Request delivered (in order). clSeqNr=3596
17:42:44.483 INF Request delivered (in order). clSeqNr=3597
17:42:44.483 INF Request delivered (in order). clSeqNr=3598
17:42:44.483 INF Request delivered (in order). clSeqNr=3599
17:42:44.483 INF Request delivered (in order). clSeqNr=3600
17:42:44.483 INF Request delivered (in order). clSeqNr=3601
17:42:49.377 INF Request finished (out of order). clSeqNr=3602
17:42:49.377 INF Request delivered (in order). clSeqNr=3602
17:42:49.377 INF Request delivered (in order). clSeqNr=3603
17:42:49.377 INF Request delivered (in order). clSeqNr=3604
17:42:49.377 INF Request delivered (in order). clSeqNr=3605
17:42:49.377 INF Request delivered (in order). clSeqNr=3606
17:42:49.377 INF Request delivered (in order). clSeqNr=3607
17:42:49.377 INF Request delivered (in order). clSeqNr=3608
17:42:49.377 INF Request delivered (in order). clSeqNr=3609
17:42:49.377 INF Request delivered (in order). clSeqNr=3610
17:42:49.377 INF Request delivered (in order). clSeqNr=3611
17:42:49.377 INF Request delivered (in order). clSeqNr=3612
17:42:49.377 INF Request delivered (in order). clSeqNr=3613
17:42:49.377 INF Request delivered (in order). clSeqNr=3614
17:42:49.377 INF Request delivered (in order). clSeqNr=3615
17:42:49.377 INF Request delivered (in order). clSeqNr=3616
17:42:49.377 INF Request delivered (in order). clSeqNr=3617
17:42:49.377 INF Request finished (out of order). clSeqNr=3618
17:42:49.377 INF Request delivered (in order). clSeqNr=3618
17:42:49.377 INF Request delivered (in order). clSeqNr=3619
17:42:49.377 INF Request delivered (in order). clSeqNr=3620
17:42:49.377 INF Request delivered (in order). clSeqNr=3621
17:42:49.377 INF Request delivered (in order). clSeqNr=3622
17:42:49.377 INF Request delivered (in order). clSeqNr=3623
17:42:49.377 INF Request delivered (in order). clSeqNr=3624
17:42:49.377 INF Request delivered (in order). clSeqNr=3625
17:42:49.377 INF Request delivered (in order). clSeqNr=3626
17:42:49.377 INF Request delivered (in order). clSeqNr=3627
17:42:49.377 INF Request delivered (in order). clSeqNr=3628
17:42:49.378 INF Request delivered (in order). clSeqNr=3629
17:42:49.378 INF Request delivered (in order). clSeqNr=3630
17:42:49.378 INF Request delivered (in order). clSeqNr=3631
17:42:49.378 INF Request delivered (in order). clSeqNr=3632
17:42:49.378 INF Request delivered (in order). clSeqNr=3633
17:42:49.378 INF Request finished (out of order). clSeqNr=3634
17:42:49.378 INF Request delivered (in order). clSeqNr=3634
17:42:49.378 INF Request delivered (in order). clSeqNr=3635
17:42:49.378 INF Request delivered (in order). clSeqNr=3636
17:42:49.378 INF Request delivered (in order). clSeqNr=3637
17:42:49.378 INF Request delivered (in order). clSeqNr=3638
17:42:49.378 INF Request delivered (in order). clSeqNr=3639
17:42:49.378 INF Request delivered (in order). clSeqNr=3640
17:42:49.378 INF Request delivered (in order). clSeqNr=3641
17:42:49.378 INF Request delivered (in order). clSeqNr=3642
17:42:49.378 INF Request delivered (in order). clSeqNr=3643
17:42:49.378 INF Request delivered (in order). clSeqNr=3644
17:42:49.378 INF Request delivered (in order). clSeqNr=3645
17:42:49.378 INF Request delivered (in order). clSeqNr=3646
17:42:49.378 INF Request delivered (in order). clSeqNr=3647
17:42:49.378 INF Request delivered (in order). clSeqNr=3648
17:42:49.378 INF Request delivered (in order). clSeqNr=3649
17:42:49.378 INF Request finished (out of order). clSeqNr=3650
17:42:49.378 INF Request delivered (in order). clSeqNr=3650
17:42:49.378 INF Request delivered (in order). clSeqNr=3651
17:42:49.378 INF Request delivered (in order). clSeqNr=3652
17:42:49.378 INF Request delivered (in order). clSeqNr=3653
17:42:49.378 INF Request delivered (in order). clSeqNr=3654
17:42:49.378 INF Request delivered (in order). clSeqNr=3655
17:42:49.378 INF Request delivered (in order). clSeqNr=3656
17:42:49.378 INF Request delivered (in order). clSeqNr=3657
17:42:49.378 INF Request delivered (in order). clSeqNr=3658
17:42:49.378 INF Request delivered (in order). clSeqNr=3659
17:42:49.378 INF Request delivered (in order). clSeqNr=3660
17:42:49.378 INF Request delivered (in order). clSeqNr=3661
17:42:49.378 INF Request delivered (in order). clSeqNr=3662
17:42:49.378 INF Request delivered (in order). clSeqNr=3663
17:42:49.378 INF Request delivered (in order). clSeqNr=3664
17:42:49.378 INF Request delivered (in order). clSeqNr=3665
17:42:49.378 INF Request finished (out of order). clSeqNr=3666
17:42:49.378 INF Request delivered (in order). clSeqNr=3666
17:42:49.378 INF Request delivered (in order). clSeqNr=3667
17:42:49.378 INF Request delivered (in order). clSeqNr=3668
17:42:49.378 INF Request delivered (in order). clSeqNr=3669
17:42:49.378 INF Request delivered (in order). clSeqNr=3670
17:42:49.378 INF Request delivered (in order). clSeqNr=3671
17:42:49.378 INF Request delivered (in order). clSeqNr=3672
17:42:49.378 INF Request delivered (in order). clSeqNr=3673
17:42:49.378 INF Request delivered (in order). clSeqNr=3674
17:42:49.379 INF Request delivered (in order). clSeqNr=3675
17:42:49.379 INF Request delivered (in order). clSeqNr=3676
17:42:49.379 INF Request delivered (in order). clSeqNr=3677
17:42:49.379 INF Request delivered (in order). clSeqNr=3678
17:42:49.379 INF Request delivered (in order). clSeqNr=3679
17:42:49.379 INF Request delivered (in order). clSeqNr=3680
17:42:49.379 INF Request delivered (in order). clSeqNr=3681
17:42:49.379 INF Request finished (out of order). clSeqNr=3682
17:42:49.379 INF Request delivered (in order). clSeqNr=3682
17:42:49.379 INF Request delivered (in order). clSeqNr=3683
17:42:49.379 INF Request delivered (in order). clSeqNr=3684
17:42:49.379 INF Request delivered (in order). clSeqNr=3685
17:42:49.379 INF Request delivered (in order). clSeqNr=3686
17:42:49.379 INF Request delivered (in order). clSeqNr=3687
17:42:49.379 INF Request delivered (in order). clSeqNr=3688
17:42:49.379 INF Request delivered (in order). clSeqNr=3689
17:42:49.379 INF Request delivered (in order). clSeqNr=3690
17:42:49.379 INF Request delivered (in order). clSeqNr=3691
17:42:49.379 INF Request delivered (in order). clSeqNr=3692
17:42:49.379 INF Request delivered (in order). clSeqNr=3693
17:42:49.379 INF Request delivered (in order). clSeqNr=3694
17:42:49.379 INF Request delivered (in order). clSeqNr=3695
17:42:49.379 INF Request delivered (in order). clSeqNr=3696
17:42:49.379 INF Request delivered (in order). clSeqNr=3697
17:42:49.379 INF Request finished (out of order). clSeqNr=3698
17:42:49.379 INF Request delivered (in order). clSeqNr=3698
17:42:49.379 INF Request delivered (in order). clSeqNr=3699
17:42:49.379 INF Request delivered (in order). clSeqNr=3700
17:42:49.379 INF Request delivered (in order). clSeqNr=3701
17:42:49.379 INF Request delivered (in order). clSeqNr=3702
17:42:49.379 INF Request delivered (in order). clSeqNr=3703
17:42:49.379 INF Request delivered (in order). clSeqNr=3704
17:42:49.379 INF Request delivered (in order). clSeqNr=3705
17:42:49.379 INF Request delivered (in order). clSeqNr=3706
17:42:49.379 INF Request delivered (in order). clSeqNr=3707
17:42:49.379 INF Request delivered (in order). clSeqNr=3708
17:42:49.379 INF Request delivered (in order). clSeqNr=3709
17:42:49.379 INF Request delivered (in order). clSeqNr=3710
17:42:49.379 INF Request delivered (in order). clSeqNr=3711
17:42:49.379 INF Request delivered (in order). clSeqNr=3712
17:42:49.379 INF Request delivered (in order). clSeqNr=3713
17:42:49.379 INF Request finished (out of order). clSeqNr=3714
17:42:49.379 INF Request delivered (in order). clSeqNr=3714
17:42:49.379 INF Request delivered (in order). clSeqNr=3715
17:42:49.379 INF Request delivered (in order). clSeqNr=3716
17:42:49.379 INF Request delivered (in order). clSeqNr=3717
17:42:49.379 INF Request delivered (in order). clSeqNr=3718
17:42:49.379 INF Request delivered (in order). clSeqNr=3719
17:42:49.379 INF Request delivered (in order). clSeqNr=3720
17:42:49.379 INF Request delivered (in order). clSeqNr=3721
17:42:49.379 INF Request delivered (in order). clSeqNr=3722
17:42:49.379 INF Request delivered (in order). clSeqNr=3723
17:42:49.379 INF Request delivered (in order). clSeqNr=3724
17:42:49.379 INF Request delivered (in order). clSeqNr=3725
17:42:49.379 INF Request delivered (in order). clSeqNr=3726
17:42:49.379 INF Request delivered (in order). clSeqNr=3727
17:42:49.379 INF Request delivered (in order). clSeqNr=3728
17:42:49.379 INF Request delivered (in order). clSeqNr=3729
17:42:49.382 INF Request finished (out of order). clSeqNr=3842
17:42:49.382 INF Request finished (out of order). clSeqNr=3858
17:42:49.457 INF Request finished (out of order). clSeqNr=3874
17:42:49.476 INF Request finished (out of order). clSeqNr=3890
17:42:49.476 INF Request finished (out of order). clSeqNr=3906
17:42:49.476 INF Request finished (out of order). clSeqNr=3730
17:42:49.476 INF Request delivered (in order). clSeqNr=3730
17:42:49.476 INF Request delivered (in order). clSeqNr=3731
17:42:49.476 INF Request delivered (in order). clSeqNr=3732
17:42:49.476 INF Request delivered (in order). clSeqNr=3733
17:42:49.476 INF Request delivered (in order). clSeqNr=3734
17:42:49.476 INF Request delivered (in order). clSeqNr=3735
17:42:49.476 INF Request delivered (in order). clSeqNr=3736
17:42:49.476 INF Request delivered (in order). clSeqNr=3737
17:42:49.476 INF Request delivered (in order). clSeqNr=3738
17:42:49.476 INF Request delivered (in order). clSeqNr=3739
17:42:49.476 INF Request delivered (in order). clSeqNr=3740
17:42:49.476 INF Request delivered (in order). clSeqNr=3741
17:42:49.476 INF Request delivered (in order). clSeqNr=3742
17:42:49.476 INF Request delivered (in order). clSeqNr=3743
17:42:49.476 INF Request delivered (in order). clSeqNr=3744
17:42:49.476 INF Request delivered (in order). clSeqNr=3745
17:42:49.476 INF Request finished (out of order). clSeqNr=3746
17:42:49.476 INF Request delivered (in order). clSeqNr=3746
17:42:49.476 INF Request delivered (in order). clSeqNr=3747
17:42:49.476 INF Request delivered (in order). clSeqNr=3748
17:42:49.476 INF Request delivered (in order). clSeqNr=3749
17:42:49.476 INF Request delivered (in order). clSeqNr=3750
17:42:49.476 INF Request delivered (in order). clSeqNr=3751
17:42:49.476 INF Request delivered (in order). clSeqNr=3752
17:42:49.476 INF Request delivered (in order). clSeqNr=3753
17:42:49.476 INF Request delivered (in order). clSeqNr=3754
17:42:49.476 INF Request delivered (in order). clSeqNr=3755
17:42:49.476 INF Request delivered (in order). clSeqNr=3756
17:42:49.476 INF Request delivered (in order). clSeqNr=3757
17:42:49.476 INF Request delivered (in order). clSeqNr=3758
17:42:49.476 INF Request delivered (in order). clSeqNr=3759
17:42:49.476 INF Request delivered (in order). clSeqNr=3760
17:42:49.476 INF Request delivered (in order). clSeqNr=3761
17:42:49.476 INF Request finished (out of order). clSeqNr=3762
17:42:49.476 INF Request delivered (in order). clSeqNr=3762
17:42:49.476 INF Request delivered (in order). clSeqNr=3763
17:42:49.476 INF Request delivered (in order). clSeqNr=3764
17:42:49.476 INF Request delivered (in order). clSeqNr=3765
17:42:49.476 INF Request delivered (in order). clSeqNr=3766
17:42:49.476 INF Request delivered (in order). clSeqNr=3767
17:42:49.476 INF Request delivered (in order). clSeqNr=3768
17:42:49.476 INF Request delivered (in order). clSeqNr=3769
17:42:49.476 INF Request delivered (in order). clSeqNr=3770
17:42:49.476 INF Request delivered (in order). clSeqNr=3771
17:42:49.476 INF Request delivered (in order). clSeqNr=3772
17:42:49.476 INF Request delivered (in order). clSeqNr=3773
17:42:49.476 INF Request delivered (in order). clSeqNr=3774
17:42:49.476 INF Request delivered (in order). clSeqNr=3775
17:42:49.476 INF Request delivered (in order). clSeqNr=3776
17:42:49.476 INF Request delivered (in order). clSeqNr=3777
17:42:49.477 INF Request finished (out of order). clSeqNr=3778
17:42:49.477 INF Request delivered (in order). clSeqNr=3778
17:42:49.477 INF Request delivered (in order). clSeqNr=3779
17:42:49.477 INF Request delivered (in order). clSeqNr=3780
17:42:49.477 INF Request delivered (in order). clSeqNr=3781
17:42:49.477 INF Request delivered (in order). clSeqNr=3782
17:42:49.477 INF Request delivered (in order). clSeqNr=3783
17:42:49.477 INF Request delivered (in order). clSeqNr=3784
17:42:49.477 INF Request delivered (in order). clSeqNr=3785
17:42:49.477 INF Request delivered (in order). clSeqNr=3786
17:42:49.477 INF Request delivered (in order). clSeqNr=3787
17:42:49.477 INF Request delivered (in order). clSeqNr=3788
17:42:49.477 INF Request delivered (in order). clSeqNr=3789
17:42:49.477 INF Request delivered (in order). clSeqNr=3790
17:42:49.477 INF Request delivered (in order). clSeqNr=3791
17:42:49.477 INF Request delivered (in order). clSeqNr=3792
17:42:49.477 INF Request delivered (in order). clSeqNr=3793
17:42:49.477 INF Request finished (out of order). clSeqNr=3794
17:42:49.477 INF Request delivered (in order). clSeqNr=3794
17:42:49.477 INF Request delivered (in order). clSeqNr=3795
17:42:49.477 INF Request delivered (in order). clSeqNr=3796
17:42:49.477 INF Request delivered (in order). clSeqNr=3797
17:42:49.477 INF Request delivered (in order). clSeqNr=3798
17:42:49.477 INF Request delivered (in order). clSeqNr=3799
17:42:49.477 INF Request delivered (in order). clSeqNr=3800
17:42:49.477 INF Request delivered (in order). clSeqNr=3801
17:42:49.477 INF Request delivered (in order). clSeqNr=3802
17:42:49.477 INF Request delivered (in order). clSeqNr=3803
17:42:49.477 INF Request delivered (in order). clSeqNr=3804
17:42:49.477 INF Request delivered (in order). clSeqNr=3805
17:42:49.477 INF Request delivered (in order). clSeqNr=3806
17:42:49.477 INF Request delivered (in order). clSeqNr=3807
17:42:49.477 INF Request delivered (in order). clSeqNr=3808
17:42:49.477 INF Request delivered (in order). clSeqNr=3809
17:42:49.477 INF Request finished (out of order). clSeqNr=3810
17:42:49.477 INF Request delivered (in order). clSeqNr=3810
17:42:49.477 INF Request delivered (in order). clSeqNr=3811
17:42:49.477 INF Request delivered (in order). clSeqNr=3812
17:42:49.477 INF Request delivered (in order). clSeqNr=3813
17:42:49.477 INF Request delivered (in order). clSeqNr=3814
17:42:49.477 INF Request delivered (in order). clSeqNr=3815
17:42:49.477 INF Request delivered (in order). clSeqNr=3816
17:42:49.477 INF Request delivered (in order). clSeqNr=3817
17:42:49.477 INF Request delivered (in order). clSeqNr=3818
17:42:49.477 INF Request delivered (in order). clSeqNr=3819
17:42:49.477 INF Request delivered (in order). clSeqNr=3820
17:42:49.477 INF Request delivered (in order). clSeqNr=3821
17:42:49.477 INF Request delivered (in order). clSeqNr=3822
17:42:49.477 INF Request delivered (in order). clSeqNr=3823
17:42:49.477 INF Request delivered (in order). clSeqNr=3824
17:42:49.477 INF Request delivered (in order). clSeqNr=3825
17:42:49.477 INF Request finished (out of order). clSeqNr=3826
17:42:49.477 INF Request delivered (in order). clSeqNr=3826
17:42:49.477 INF Request delivered (in order). clSeqNr=3827
17:42:49.477 INF Request delivered (in order). clSeqNr=3828
17:42:49.477 INF Request delivered (in order). clSeqNr=3829
17:42:49.477 INF Request delivered (in order). clSeqNr=3830
17:42:49.477 INF Request delivered (in order). clSeqNr=3831
17:42:49.477 INF Request delivered (in order). clSeqNr=3832
17:42:49.477 INF Request delivered (in order). clSeqNr=3833
17:42:49.477 INF Request delivered (in order). clSeqNr=3834
17:42:49.477 INF Request delivered (in order). clSeqNr=3835
17:42:49.477 INF Request delivered (in order). clSeqNr=3836
17:42:49.477 INF Request delivered (in order). clSeqNr=3837
17:42:49.477 INF Request delivered (in order). clSeqNr=3838
17:42:49.477 INF Request delivered (in order). clSeqNr=3839
17:42:49.477 INF Request delivered (in order). clSeqNr=3840
17:42:49.477 INF Request delivered (in order). clSeqNr=3841
17:42:49.477 INF Request delivered (in order). clSeqNr=3842
17:42:49.477 INF Request delivered (in order). clSeqNr=3843
17:42:49.477 INF Request delivered (in order). clSeqNr=3844
17:42:49.477 INF Request delivered (in order). clSeqNr=3845
17:42:49.478 INF Request delivered (in order). clSeqNr=3846
17:42:49.478 INF Request delivered (in order). clSeqNr=3847
17:42:49.478 INF Request delivered (in order). clSeqNr=3848
17:42:49.478 INF Request delivered (in order). clSeqNr=3849
17:42:49.478 INF Request delivered (in order). clSeqNr=3850
17:42:49.478 INF Request delivered (in order). clSeqNr=3851
17:42:49.478 INF Request delivered (in order). clSeqNr=3852
17:42:49.478 INF Request delivered (in order). clSeqNr=3853
17:42:49.478 INF Request delivered (in order). clSeqNr=3854
17:42:49.478 INF Request delivered (in order). clSeqNr=3855
17:42:49.478 INF Request delivered (in order). clSeqNr=3856
17:42:49.478 INF Request delivered (in order). clSeqNr=3857
17:42:49.478 INF Request delivered (in order). clSeqNr=3858
17:42:49.478 INF Request delivered (in order). clSeqNr=3859
17:42:49.478 INF Request delivered (in order). clSeqNr=3860
17:42:49.478 INF Request delivered (in order). clSeqNr=3861
17:42:49.478 INF Request delivered (in order). clSeqNr=3862
17:42:49.478 INF Request delivered (in order). clSeqNr=3863
17:42:49.478 INF Request delivered (in order). clSeqNr=3864
17:42:49.478 INF Request delivered (in order). clSeqNr=3865
17:42:49.478 INF Request delivered (in order). clSeqNr=3866
17:42:49.478 INF Request delivered (in order). clSeqNr=3867
17:42:49.478 INF Request delivered (in order). clSeqNr=3868
17:42:49.478 INF Request delivered (in order). clSeqNr=3869
17:42:49.478 INF Request delivered (in order). clSeqNr=3870
17:42:49.478 INF Request delivered (in order). clSeqNr=3871
17:42:49.478 INF Request delivered (in order). clSeqNr=3872
17:42:49.478 INF Request delivered (in order). clSeqNr=3873
17:42:49.478 INF Request delivered (in order). clSeqNr=3874
17:42:49.478 INF Request delivered (in order). clSeqNr=3875
17:42:49.478 INF Request delivered (in order). clSeqNr=3876
17:42:49.478 INF Request delivered (in order). clSeqNr=3877
17:42:49.478 INF Request delivered (in order). clSeqNr=3878
17:42:49.478 INF Request delivered (in order). clSeqNr=3879
17:42:49.478 INF Request delivered (in order). clSeqNr=3880
17:42:49.478 INF Request delivered (in order). clSeqNr=3881
17:42:49.478 INF Request delivered (in order). clSeqNr=3882
17:42:49.478 INF Request delivered (in order). clSeqNr=3883
17:42:49.478 INF Request delivered (in order). clSeqNr=3884
17:42:49.478 INF Request delivered (in order). clSeqNr=3885
17:42:49.478 INF Request delivered (in order). clSeqNr=3886
17:42:49.478 INF Request delivered (in order). clSeqNr=3887
17:42:49.478 INF Request delivered (in order). clSeqNr=3888
17:42:49.478 INF Request delivered (in order). clSeqNr=3889
17:42:49.478 INF Request delivered (in order). clSeqNr=3890
17:42:49.478 INF Request delivered (in order). clSeqNr=3891
17:42:49.478 INF Request delivered (in order). clSeqNr=3892
17:42:49.478 INF Request delivered (in order). clSeqNr=3893
17:42:49.478 INF Request delivered (in order). clSeqNr=3894
17:42:49.478 INF Request delivered (in order). clSeqNr=3895
17:42:49.478 INF Request delivered (in order). clSeqNr=3896
17:42:49.478 INF Request delivered (in order). clSeqNr=3897
17:42:49.478 INF Request delivered (in order). clSeqNr=3898
17:42:49.478 INF Request delivered (in order). clSeqNr=3899
17:42:49.478 INF Request delivered (in order). clSeqNr=3900
17:42:49.478 INF Request delivered (in order). clSeqNr=3901
17:42:49.478 INF Request delivered (in order). clSeqNr=3902
17:42:49.478 INF Request delivered (in order). clSeqNr=3903
17:42:49.478 INF Request delivered (in order). clSeqNr=3904
17:42:49.478 INF Request delivered (in order). clSeqNr=3905
17:42:49.478 INF Request delivered (in order). clSeqNr=3906
17:42:49.478 INF Request delivered (in order). clSeqNr=3907
17:42:49.478 INF Request delivered (in order). clSeqNr=3908
17:42:49.478 INF Request delivered (in order). clSeqNr=3909
17:42:49.478 INF Request delivered (in order). clSeqNr=3910
17:42:49.478 INF Request delivered (in order). clSeqNr=3911
17:42:49.478 INF Request delivered (in order). clSeqNr=3912
17:42:49.478 INF Request delivered (in order). clSeqNr=3913
17:42:49.478 INF Request delivered (in order). clSeqNr=3914
17:42:49.478 INF Request delivered (in order). clSeqNr=3915
17:42:49.478 INF Request delivered (in order). clSeqNr=3916
17:42:49.478 INF Request delivered (in order). clSeqNr=3917
17:42:49.478 INF Request delivered (in order). clSeqNr=3918
17:42:49.478 INF Request delivered (in order). clSeqNr=3919
17:42:49.478 INF Request delivered (in order). clSeqNr=3920
17:42:49.478 INF Request delivered (in order). clSeqNr=3921
17:42:54.378 INF Request finished (out of order). clSeqNr=3922
17:42:54.379 INF Request delivered (in order). clSeqNr=3922
17:42:54.379 INF Request delivered (in order). clSeqNr=3923
17:42:54.379 INF Request delivered (in order). clSeqNr=3924
17:42:54.379 INF Request delivered (in order). clSeqNr=3925
17:42:54.379 INF Request delivered (in order). clSeqNr=3926
17:42:54.379 INF Request delivered (in order). clSeqNr=3927
17:42:54.379 INF Request delivered (in order). clSeqNr=3928
17:42:54.379 INF Request delivered (in order). clSeqNr=3929
17:42:54.379 INF Request delivered (in order). clSeqNr=3930
17:42:54.379 INF Request delivered (in order). clSeqNr=3931
17:42:54.379 INF Request delivered (in order). clSeqNr=3932
17:42:54.379 INF Request delivered (in order). clSeqNr=3933
17:42:54.379 INF Request delivered (in order). clSeqNr=3934
17:42:54.379 INF Request delivered (in order). clSeqNr=3935
17:42:54.379 INF Request delivered (in order). clSeqNr=3936
17:42:54.379 INF Request delivered (in order). clSeqNr=3937
17:42:54.379 INF Request finished (out of order). clSeqNr=3938
17:42:54.379 INF Request delivered (in order). clSeqNr=3938
17:42:54.379 INF Request delivered (in order). clSeqNr=3939
17:42:54.379 INF Request delivered (in order). clSeqNr=3940
17:42:54.379 INF Request delivered (in order). clSeqNr=3941
17:42:54.379 INF Request delivered (in order). clSeqNr=3942
17:42:54.379 INF Request delivered (in order). clSeqNr=3943
17:42:54.379 INF Request delivered (in order). clSeqNr=3944
17:42:54.379 INF Request delivered (in order). clSeqNr=3945
17:42:54.379 INF Request delivered (in order). clSeqNr=3946
17:42:54.379 INF Request delivered (in order). clSeqNr=3947
17:42:54.379 INF Request delivered (in order). clSeqNr=3948
17:42:54.379 INF Request delivered (in order). clSeqNr=3949
17:42:54.379 INF Request delivered (in order). clSeqNr=3950
17:42:54.379 INF Request delivered (in order). clSeqNr=3951
17:42:54.379 INF Request delivered (in order). clSeqNr=3952
17:42:54.379 INF Request delivered (in order). clSeqNr=3953
17:42:54.379 INF Request finished (out of order). clSeqNr=3954
17:42:54.379 INF Request delivered (in order). clSeqNr=3954
17:42:54.379 INF Request delivered (in order). clSeqNr=3955
17:42:54.379 INF Request delivered (in order). clSeqNr=3956
17:42:54.379 INF Request delivered (in order). clSeqNr=3957
17:42:54.379 INF Request delivered (in order). clSeqNr=3958
17:42:54.379 INF Request delivered (in order). clSeqNr=3959
17:42:54.379 INF Request delivered (in order). clSeqNr=3960
17:42:54.379 INF Request delivered (in order). clSeqNr=3961
17:42:54.379 INF Request delivered (in order). clSeqNr=3962
17:42:54.379 INF Request delivered (in order). clSeqNr=3963
17:42:54.379 INF Request delivered (in order). clSeqNr=3964
17:42:54.379 INF Request delivered (in order). clSeqNr=3965
17:42:54.379 INF Request delivered (in order). clSeqNr=3966
17:42:54.379 INF Request delivered (in order). clSeqNr=3967
17:42:54.379 INF Request delivered (in order). clSeqNr=3968
17:42:54.379 INF Request delivered (in order). clSeqNr=3969
17:42:54.379 INF Request finished (out of order). clSeqNr=3970
17:42:54.379 INF Request delivered (in order). clSeqNr=3970
17:42:54.379 INF Request delivered (in order). clSeqNr=3971
17:42:54.380 INF Request delivered (in order). clSeqNr=3972
17:42:54.380 INF Request delivered (in order). clSeqNr=3973
17:42:54.380 INF Request delivered (in order). clSeqNr=3974
17:42:54.380 INF Request delivered (in order). clSeqNr=3975
17:42:54.380 INF Request delivered (in order). clSeqNr=3976
17:42:54.380 INF Request delivered (in order). clSeqNr=3977
17:42:54.380 INF Request delivered (in order). clSeqNr=3978
17:42:54.380 INF Request delivered (in order). clSeqNr=3979
17:42:54.380 INF Request delivered (in order). clSeqNr=3980
17:42:54.380 INF Request delivered (in order). clSeqNr=3981
17:42:54.380 INF Request delivered (in order). clSeqNr=3982
17:42:54.380 INF Request delivered (in order). clSeqNr=3983
17:42:54.380 INF Request delivered (in order). clSeqNr=3984
17:42:54.380 INF Request delivered (in order). clSeqNr=3985
17:42:54.380 INF Request finished (out of order). clSeqNr=3986
17:42:54.380 INF Request delivered (in order). clSeqNr=3986
17:42:54.380 INF Request delivered (in order). clSeqNr=3987
17:42:54.380 INF Request delivered (in order). clSeqNr=3988
17:42:54.380 INF Request delivered (in order). clSeqNr=3989
17:42:54.380 INF Request delivered (in order). clSeqNr=3990
17:42:54.380 INF Request delivered (in order). clSeqNr=3991
17:42:54.380 INF Request delivered (in order). clSeqNr=3992
17:42:54.380 INF Request delivered (in order). clSeqNr=3993
17:42:54.380 INF Request delivered (in order). clSeqNr=3994
17:42:54.380 INF Request delivered (in order). clSeqNr=3995
17:42:54.380 INF Request delivered (in order). clSeqNr=3996
17:42:54.380 INF Request delivered (in order). clSeqNr=3997
17:42:54.380 INF Request delivered (in order). clSeqNr=3998
17:42:54.380 INF Request delivered (in order). clSeqNr=3999
17:42:54.380 INF Request delivered (in order). clSeqNr=4000
17:42:54.380 INF Request delivered (in order). clSeqNr=4001
17:42:54.380 INF Request finished (out of order). clSeqNr=4002
17:42:54.380 INF Request delivered (in order). clSeqNr=4002
17:42:54.380 INF Request delivered (in order). clSeqNr=4003
17:42:54.380 INF Request delivered (in order). clSeqNr=4004
17:42:54.380 INF Request delivered (in order). clSeqNr=4005
17:42:54.380 INF Request delivered (in order). clSeqNr=4006
17:42:54.380 INF Request delivered (in order). clSeqNr=4007
17:42:54.380 INF Request delivered (in order). clSeqNr=4008
17:42:54.380 INF Request delivered (in order). clSeqNr=4009
17:42:54.380 INF Request delivered (in order). clSeqNr=4010
17:42:54.380 INF Request delivered (in order). clSeqNr=4011
17:42:54.380 INF Request delivered (in order). clSeqNr=4012
17:42:54.381 INF Request delivered (in order). clSeqNr=4013
17:42:54.381 INF Request delivered (in order). clSeqNr=4014
17:42:54.381 INF Request delivered (in order). clSeqNr=4015
17:42:54.381 INF Request delivered (in order). clSeqNr=4016
17:42:54.381 INF Request delivered (in order). clSeqNr=4017
17:42:54.381 INF Request finished (out of order). clSeqNr=4018
17:42:54.381 INF Request delivered (in order). clSeqNr=4018
17:42:54.381 INF Request delivered (in order). clSeqNr=4019
17:42:54.381 INF Request delivered (in order). clSeqNr=4020
17:42:54.381 INF Request delivered (in order). clSeqNr=4021
17:42:54.381 INF Request delivered (in order). clSeqNr=4022
17:42:54.381 INF Request delivered (in order). clSeqNr=4023
17:42:54.381 INF Request delivered (in order). clSeqNr=4024
17:42:54.381 INF Request delivered (in order). clSeqNr=4025
17:42:54.381 INF Request delivered (in order). clSeqNr=4026
17:42:54.381 INF Request delivered (in order). clSeqNr=4027
17:42:54.381 INF Request delivered (in order). clSeqNr=4028
17:42:54.381 INF Request delivered (in order). clSeqNr=4029
17:42:54.381 INF Request delivered (in order). clSeqNr=4030
17:42:54.381 INF Request delivered (in order). clSeqNr=4031
17:42:54.381 INF Request delivered (in order). clSeqNr=4032
17:42:54.381 INF Request delivered (in order). clSeqNr=4033
17:42:54.381 INF Request finished (out of order). clSeqNr=4034
17:42:54.381 INF Request delivered (in order). clSeqNr=4034
17:42:54.381 INF Request delivered (in order). clSeqNr=4035
17:42:54.381 INF Request delivered (in order). clSeqNr=4036
17:42:54.381 INF Request delivered (in order). clSeqNr=4037
17:42:54.381 INF Request delivered (in order). clSeqNr=4038
17:42:54.381 INF Request delivered (in order). clSeqNr=4039
17:42:54.381 INF Request delivered (in order). clSeqNr=4040
17:42:54.381 INF Request delivered (in order). clSeqNr=4041
17:42:54.381 INF Request delivered (in order). clSeqNr=4042
17:42:54.381 INF Request delivered (in order). clSeqNr=4043
17:42:54.381 INF Request delivered (in order). clSeqNr=4044
17:42:54.381 INF Request delivered (in order). clSeqNr=4045
17:42:54.381 INF Request delivered (in order). clSeqNr=4046
17:42:54.381 INF Request delivered (in order). clSeqNr=4047
17:42:54.381 INF Request delivered (in order). clSeqNr=4048
17:42:54.381 INF Request delivered (in order). clSeqNr=4049
17:42:54.381 INF Request finished (out of order). clSeqNr=4050
17:42:54.381 INF Request delivered (in order). clSeqNr=4050
17:42:54.381 INF Request delivered (in order). clSeqNr=4051
17:42:54.381 INF Request delivered (in order). clSeqNr=4052
17:42:54.381 INF Request delivered (in order). clSeqNr=4053
17:42:54.381 INF Request delivered (in order). clSeqNr=4054
17:42:54.381 INF Request delivered (in order). clSeqNr=4055
17:42:54.381 INF Request delivered (in order). clSeqNr=4056
17:42:54.382 INF Request delivered (in order). clSeqNr=4057
17:42:54.382 INF Request delivered (in order). clSeqNr=4058
17:42:54.382 INF Request delivered (in order). clSeqNr=4059
17:42:54.382 INF Request delivered (in order). clSeqNr=4060
17:42:54.382 INF Request delivered (in order). clSeqNr=4061
17:42:54.382 INF Request delivered (in order). clSeqNr=4062
17:42:54.382 INF Request delivered (in order). clSeqNr=4063
17:42:54.382 INF Request delivered (in order). clSeqNr=4064
17:42:54.382 INF Request delivered (in order). clSeqNr=4065
17:42:54.382 INF Request finished (out of order). clSeqNr=4066
17:42:54.382 INF Request delivered (in order). clSeqNr=4066
17:42:54.382 INF Request delivered (in order). clSeqNr=4067
17:42:54.382 INF Request delivered (in order). clSeqNr=4068
17:42:54.382 INF Request delivered (in order). clSeqNr=4069
17:42:54.382 INF Request delivered (in order). clSeqNr=4070
17:42:54.382 INF Request delivered (in order). clSeqNr=4071
17:42:54.382 INF Request delivered (in order). clSeqNr=4072
17:42:54.382 INF Request delivered (in order). clSeqNr=4073
17:42:54.382 INF Request delivered (in order). clSeqNr=4074
17:42:54.382 INF Request delivered (in order). clSeqNr=4075
17:42:54.382 INF Request delivered (in order). clSeqNr=4076
17:42:54.382 INF Request delivered (in order). clSeqNr=4077
17:42:54.382 INF Request delivered (in order). clSeqNr=4078
17:42:54.382 INF Request delivered (in order). clSeqNr=4079
17:42:54.382 INF Request delivered (in order). clSeqNr=4080
17:42:54.382 INF Request delivered (in order). clSeqNr=4081
17:42:54.413 INF Request finished (out of order). clSeqNr=4082
17:42:54.413 INF Request delivered (in order). clSeqNr=4082
17:42:54.413 INF Request delivered (in order). clSeqNr=4083
17:42:54.413 INF Request delivered (in order). clSeqNr=4084
17:42:54.413 INF Request delivered (in order). clSeqNr=4085
17:42:54.413 INF Request delivered (in order). clSeqNr=4086
17:42:54.413 INF Request delivered (in order). clSeqNr=4087
17:42:54.413 INF Request delivered (in order). clSeqNr=4088
17:42:54.413 INF Request delivered (in order). clSeqNr=4089
17:42:54.413 INF Request delivered (in order). clSeqNr=4090
17:42:54.413 INF Request delivered (in order). clSeqNr=4091
17:42:54.413 INF Request delivered (in order). clSeqNr=4092
17:42:54.413 INF Request delivered (in order). clSeqNr=4093
17:42:54.413 INF Request delivered (in order). clSeqNr=4094
17:42:54.413 INF Request delivered (in order). clSeqNr=4095
17:42:54.709 INF Response handler done. error="rpc error: code = Canceled desc = grpc: the client connection is closing" peerId=12
17:42:54.709 INF Response handler done. error="rpc error: code = Unavailable desc = error reading from server: read tcp 10.4.1.47:44048->13.211.227.183:10154: use of closed network connection" peerId=14
17:42:54.709 INF Response handler done. error="rpc error: code = Canceled desc = grpc: the client connection is closing" peerId=10
17:42:54.709 INF Response handler done. error="rpc error: code = Canceled desc = grpc: the client connection is closing" peerId=2
17:42:54.709 INF Response handler done. error="rpc error: code = Canceled desc = grpc: the client connection is closing" peerId=1
17:42:54.710 INF Response handler done. error="rpc error: code = Canceled desc = grpc: the client connection is closing" peerId=3
17:42:54.710 INF Response handler done. error="rpc error: code = Unavailable desc = error reading from server: read tcp 10.4.1.47:59564->13.38.216.201:10044: use of closed network connection" peerId=4
17:42:54.710 INF Response handler done. error="rpc error: code = Canceled desc = grpc: the client connection is closing" peerId=7
17:42:54.710 INF Response handler done. error="rpc error: code = Canceled desc = grpc: the client connection is closing" peerId=15
17:42:54.710 INF Response handler done. error="rpc error: code = Unavailable desc = error reading from server: read tcp 10.4.1.47:49330->54.206.67.203:10143: use of closed network connection" peerId=13
17:42:54.710 INF Response handler done. error="rpc error: code = Canceled desc = grpc: the client connection is closing" peerId=8
17:42:54.710 INF Response handler done. error="rpc error: code = Canceled desc = grpc: the client connection is closing" peerId=9
17:42:54.710 INF Response handler done. error="rpc error: code = Unavailable desc = error reading from server: read tcp 10.4.1.47:56194->54.238.232.48:10121: use of closed network connection" peerId=11
17:42:54.710 INF Response handler done. error="rpc error: code = Unavailable desc = error reading from server: read tcp 10.4.1.47:44658->52.47.89.171:10066: use of closed network connection" peerId=6
17:42:54.711 INF Response handler done. error="rpc error: code = Canceled desc = grpc: the client connection is closing" peerId=0
17:42:54.711 INF Response handler done. error="rpc error: code = Canceled desc = grpc: the client connection is closing" peerId=5
