14079, 1
14110, 1
14114, 1
14128, 1
14135, 1
14141, 1
14154, 1
14155, 1
14224, 2
14234, 1
14292, 1
14297, 1
14303, 1
14305, 1
14315, 1
14316, 2
14326, 1
14332, 2
14343, 1
14346, 1
14352, 1
14354, 2
14357, 1
14358, 2
14365, 2
14369, 1
14370, 1
14372, 1
14379, 1
14384, 2
14385, 1
14388, 3
14389, 2
14390, 1
14394, 1
14395, 2
14396, 1
14397, 1
14403, 1
14405, 1
14407, 2
14408, 2
14411, 1
14413, 1
14414, 2
14415, 1
14418, 1
14421, 1
14423, 1
14424, 2
14425, 1
14426, 3
14432, 1
14436, 2
14437, 2
14439, 2
14442, 1
14443, 2
14444, 2
14445, 2
14446, 1
14447, 4
14449, 1
14450, 1
14451, 1
14453, 1
14456, 2
14457, 1
14458, 1
14460, 3
14461, 2
14462, 1
14465, 1
14466, 1
14467, 1
14468, 2
14469, 2
14471, 2
14472, 2
14473, 2
14474, 1
14477, 1
14478, 1
14479, 3
14480, 2
14481, 2
14482, 1
14485, 1
14486, 2
14487, 2
14488, 3
14489, 2
14490, 2
14491, 1
14492, 3
14496, 4
14498, 1
14499, 3
14500, 1
14501, 2
14502, 1
14503, 3
14504, 2
14505, 3
14506, 2
14507, 1
14508, 5
14509, 4
14510, 1
14512, 1
14513, 1
14514, 4
14515, 2
14516, 3
14517, 2
14518, 2
14519, 1
14520, 3
14521, 2
14522, 3
14525, 1
14526, 1
14527, 1
14528, 1
14529, 4
14530, 2
14531, 3
14532, 3
14533, 2
14534, 1
14535, 1
14536, 2
14537, 1
14539, 2
14542, 4
14543, 3
14545, 3
14546, 1
14547, 1
14549, 2
14550, 2
14551, 3
14553, 5
14554, 5
14555, 2
14556, 1
14557, 4
14558, 3
14559, 2
14560, 1
14561, 2
14562, 3
14563, 1
14564, 2
14565, 2
14566, 6
14567, 2
14568, 1
14569, 3
14570, 3
14571, 4
14572, 2
14573, 1
14574, 3
14575, 2
14576, 3
14577, 2
14578, 5
14579, 3
14580, 4
14581, 2
14582, 2
14583, 1
14584, 4
14585, 3
14586, 1
14587, 3
14588, 4
14589, 4
14590, 1
14591, 1
14592, 2
14593, 3
14594, 1
14595, 3
14596, 3
14598, 3
14599, 2
14600, 5
14601, 4
14603, 4
14604, 3
14605, 4
14606, 3
14607, 1
14608, 2
14609, 1
14610, 1
14611, 1
14613, 2
14614, 1
14615, 4
14616, 2
14617, 1
14618, 2
14619, 1
14620, 4
14621, 5
14622, 1
14624, 3
14625, 2
14626, 1
14627, 1
14628, 3
14630, 1
14631, 7
14632, 2
14633, 4
14634, 1
14635, 4
14636, 4
14637, 2
14638, 6
14639, 3
14640, 7
14641, 4
14642, 1
14643, 3
14644, 2
14645, 4
14646, 2
14647, 3
14649, 4
14650, 3
14651, 3
14652, 4
14653, 3
14654, 2
14655, 2
14656, 4
14657, 2
14658, 3
14659, 2
14660, 4
14661, 2
14662, 2
14663, 3
14666, 2
14667, 4
14668, 1
14669, 2
14670, 9
14671, 5
14672, 6
14673, 5
14674, 4
14675, 1
14676, 6
14677, 2
14678, 2
14679, 4
14680, 2
14681, 5
14682, 2
14683, 2
14684, 2
14685, 3
14687, 2
14688, 2
14691, 2
14692, 1
14693, 3
14694, 4
14695, 3
14696, 4
14697, 5
14698, 6
14699, 1
14700, 1
14701, 6
14702, 4
14703, 2
14704, 2
14705, 3
14706, 1
14707, 8
14708, 2
14709, 1
14710, 4
14711, 2
14712, 2
14713, 3
14714, 4
14715, 5
14716, 5
14717, 5
14718, 6
14719, 4
14720, 1
14721, 5
14723, 5
14724, 5
14725, 3
14726, 1
14727, 2
14728, 5
14729, 1
14730, 5
14731, 3
14732, 7
14733, 5
14734, 5
14735, 5
14736, 3
14737, 5
14738, 2
14739, 3
14740, 1
14741, 5
14742, 7
14743, 1
14744, 1
14745, 1
14746, 1
14747, 2
14748, 4
14749, 2
14750, 2
14751, 5
14752, 4
14753, 4
14754, 4
14755, 3
14756, 3
14757, 4
14758, 1
14759, 6
14760, 1
14762, 4
14763, 5
14764, 4
14765, 5
14766, 2
14767, 1
14768, 2
14769, 3
14770, 5
14771, 3
14773, 5
14774, 6
14776, 2
14777, 6
14778, 2
14779, 3
14780, 2
14781, 5
14782, 4
14783, 4
14784, 2
14785, 6
14786, 2
14787, 3
14788, 6
14789, 4
14790, 4
14791, 1
14792, 5
14793, 6
14794, 5
14795, 6
14796, 8
14797, 5
14798, 3
14799, 4
14800, 5
14801, 7
14802, 8
14803, 4
14804, 2
14805, 9
14806, 4
14807, 3
14808, 2
14809, 8
14810, 2
14811, 4
14812, 1
14813, 4
14814, 2
14815, 2
14816, 3
14817, 5
14818, 3
14819, 5
14820, 5
14821, 1
14823, 7
14824, 4
14825, 8
14826, 6
14827, 3
14828, 3
14829, 2
14830, 3
14831, 8
14832, 1
14833, 3
14834, 2
14835, 5
14836, 3
14837, 4
14838, 4
14839, 3
14840, 4
14841, 7
14842, 4
14843, 4
14844, 3
14845, 3
14846, 7
14847, 2
14848, 8
14849, 3
14850, 2
14851, 4
14852, 5
14853, 4
14854, 7
14855, 3
14856, 6
14857, 4
14858, 2
14859, 7
14860, 2
14861, 2
14862, 6
14863, 1
14864, 6
14865, 3
14866, 5
14867, 6
14868, 5
14869, 3
14870, 2
14871, 4
14872, 6
14873, 3
14874, 5
14875, 4
14876, 5
14877, 8
14878, 7
14879, 9
14880, 4
14881, 4
14882, 1
14883, 5
14884, 6
14885, 4
14886, 7
14887, 7
14888, 4
14889, 2
14890, 6
14891, 6
14892, 10
14893, 8
14894, 3
14895, 5
14896, 7
14897, 6
14898, 8
14899, 6
14900, 6
14901, 6
14902, 5
14903, 2
14904, 9
14905, 2
14906, 7
14907, 5
14908, 2
14909, 8
14910, 7
14911, 10
14912, 9
14913, 4
14914, 4
14915, 10
14916, 5
14917, 8
14918, 4
14919, 3
14920, 8
14921, 4
14922, 6
14923, 4
14924, 7
14925, 6
14926, 4
14927, 2
14928, 6
14929, 5
14930, 3
14931, 9
14932, 6
14933, 3
14934, 4
14935, 5
14936, 6
14937, 6
14938, 3
14939, 11
14940, 7
14941, 6
14942, 5
14943, 7
14944, 5
14945, 7
14946, 3
14947, 7
14948, 7
14949, 1
14950, 7
14951, 5
14952, 6
14953, 6
14954, 1
14955, 6
14956, 3
14957, 3
14958, 9
14959, 4
14960, 3
14961, 6
14962, 9
14963, 3
14964, 7
14965, 7
14966, 6
14967, 6
14968, 5
14969, 5
14970, 7
14971, 6
14972, 10
14973, 10
14974, 2
14975, 6
14976, 6
14977, 7
14978, 2
14979, 9
14980, 3
14981, 6
14982, 10
14983, 5
14984, 7
14985, 6
14986, 8
14987, 5
14988, 6
14989, 9
14990, 8
14991, 6
14992, 5
14993, 2
14994, 7
14995, 12
14996, 4
14997, 6
14998, 4
14999, 9
15000, 2
15001, 8
15002, 7
15003, 19
15004, 7
15005, 4
15006, 6
15007, 8
15008, 9
15009, 3
15010, 8
15011, 10
15012, 6
15013, 8
15014, 6
15015, 5
15016, 9
15017, 6
15018, 7
15019, 8
15020, 8
15021, 8
15022, 8
15023, 8
15024, 11
15025, 8
15026, 5
15027, 8
15028, 6
15029, 12
15030, 7
15031, 6
15032, 9
15033, 4
15034, 11
15035, 12
15036, 7
15037, 5
15038, 5
15040, 6
15041, 5
15042, 5
15043, 10
15044, 6
15045, 11
15046, 7
15047, 7
15048, 5
15049, 11
15050, 4
15051, 4
15052, 5
15053, 10
15054, 13
15055, 9
15056, 9
15057, 10
15058, 12
15059, 9
15060, 6
15061, 9
15062, 10
15063, 3
15064, 5
15065, 5
15066, 5
15067, 11
15068, 11
15069, 10
15070, 5
15071, 10
15072, 9
15073, 9
15074, 9
15075, 7
15076, 3
15077, 7
15078, 7
15079, 6
15080, 6
15081, 4
15082, 8
15083, 4
15084, 8
15085, 8
15086, 7
15087, 10
15088, 9
15089, 4
15090, 8
15091, 5
15092, 5
15093, 7
15094, 8
15095, 11
15096, 5
15097, 11
15098, 14
15099, 9
15100, 9
15101, 8
15102, 11
15103, 3
15104, 8
15105, 4
15106, 8
15107, 4
15108, 5
15109, 4
15110, 11
15111, 5
15112, 9
15113, 5
15114, 4
15115, 9
15116, 10
15117, 9
15118, 12
15119, 14
15120, 6
15121, 8
15122, 4
15123, 6
15124, 8
15125, 7
15126, 8
15127, 5
15128, 6
15129, 3
15130, 12
15131, 7
15132, 10
15133, 4
15134, 13
15135, 11
15136, 16
15137, 6
15138, 10
15139, 5
15140, 11
15141, 15
15142, 12
15143, 10
15144, 15
15145, 7
15146, 4
15147, 9
15148, 5
15149, 8
15150, 12
15151, 3
15152, 7
15153, 9
15154, 10
15155, 5
15156, 10
15157, 9
15158, 9
15159, 10
15160, 10
15161, 5
15162, 10
15163, 8
15164, 7
15165, 11
15166, 8
15167, 3
15168, 12
15169, 8
15170, 6
15171, 11
15172, 11
15173, 14
15174, 12
15175, 10
15176, 5
15177, 11
15178, 8
15179, 5
15180, 4
15181, 9
15182, 5
15183, 13
15184, 7
15185, 10
15186, 10
15187, 7
15188, 13
15189, 5
15190, 10
15191, 8
15192, 9
15193, 8
15194, 9
15195, 8
15196, 7
15197, 9
15198, 10
15199, 13
15200, 9
15201, 9
15202, 9
15203, 8
15204, 10
15205, 8
15206, 7
15207, 8
15208, 8
15209, 7
15210, 6
15211, 9
15212, 9
15213, 13
15214, 10
15215, 19
15216, 11
15217, 10
15218, 4
15219, 9
15220, 13
15221, 8
15222, 8
15223, 4
15224, 6
15225, 6
15226, 11
15227, 8
15228, 8
15229, 14
15230, 10
15231, 11
15232, 13
15233, 7
15234, 8
15235, 13
15236, 11
15237, 13
15238, 12
15239, 3
15240, 10
15241, 13
15242, 11
15243, 6
15244, 8
15245, 7
15246, 8
15247, 7
15248, 7
15249, 16
15250, 13
15251, 10
15252, 12
15253, 9
15254, 9
15255, 13
15256, 8
15257, 5
15258, 5
15259, 10
15260, 10
15261, 12
15262, 9
15263, 13
15264, 7
15265, 16
15266, 7
15267, 7
15268, 18
15269, 16
15270, 7
15271, 11
15272, 10
15273, 16
15274, 8
15275, 4
15276, 8
15277, 8
15278, 9
15279, 10
15280, 13
15281, 14
15282, 8
15283, 5
15284, 11
15285, 18
15286, 7
15287, 6
15288, 12
15289, 8
15290, 6
15291, 8
15292, 9
15293, 6
15294, 7
15295, 7
15296, 11
15297, 10
15298, 7
15299, 9
15300, 16
15301, 16
15302, 6
15303, 8
15304, 18
15305, 13
15306, 8
15307, 8
15308, 9
15309, 7
15310, 5
15311, 7
15312, 5
15313, 5
15314, 7
15315, 13
15316, 7
15317, 9
15318, 6
15319, 7
15320, 6
15321, 11
15322, 13
15323, 11
15324, 15
15325, 10
15326, 11
15327, 12
15328, 8
15329, 10
15330, 10
15331, 6
15332, 12
15333, 8
15334, 11
15335, 8
15336, 13
15337, 9
15338, 9
15339, 18
15340, 7
15341, 10
15342, 10
15343, 11
15344, 14
15345, 9
15346, 8
15347, 12
15348, 12
15349, 13
15350, 7
15351, 9
15352, 6
15353, 18
15354, 10
15355, 14
15356, 13
15357, 14
15358, 5
15359, 7
15360, 10
15361, 6
15362, 8
15363, 8
15364, 13
15365, 15
15366, 8
15367, 18
15368, 8
15369, 7
15370, 7
15371, 7
15372, 8
15373, 7
15374, 5
15375, 11
15376, 11
15377, 9
15378, 11
15379, 11
15380, 10
15381, 9
15382, 20
15383, 7
15384, 8
15385, 6
15386, 10
15387, 12
15388, 7
15389, 11
15390, 9
15391, 12
15392, 12
15393, 14
15394, 8
15395, 8
15396, 15
15397, 16
15398, 8
15399, 9
15400, 11
15401, 8
15402, 14
15403, 14
15404, 6
15405, 9
15406, 18
15407, 10
15408, 12
15409, 9
15410, 14
15411, 7
15412, 8
15413, 15
15414, 10
15415, 9
15416, 15
15417, 11
15418, 11
15419, 16
15420, 18
15421, 16
15422, 13
15423, 10
15424, 9
15425, 11
15426, 13
15427, 11
15428, 10
15429, 12
15430, 7
15431, 10
15432, 10
15433, 4
15434, 10
15435, 11
15436, 9
15437, 9
15438, 12
15439, 19
15440, 12
15441, 11
15442, 12
15443, 14
15444, 7
15445, 8
15446, 12
15447, 8
15448, 12
15449, 16
15450, 11
15451, 16
15452, 7
15453, 9
15454, 10
15455, 8
15456, 14
15457, 18
15458, 22
15459, 7
15460, 9
15461, 15
15462, 12
15463, 11
15464, 16
15465, 11
15466, 12
15467, 9
15468, 11
15469, 17
15470, 7
15471, 12
15472, 19
15473, 7
15474, 11
15475, 10
15476, 14
15477, 13
15478, 8
15479, 14
15480, 14
15481, 15
15482, 11
15483, 16
15484, 16
15485, 13
15486, 5
15487, 8
15488, 9
15489, 16
15490, 12
15491, 13
15492, 18
15493, 12
15494, 12
15495, 13
15496, 9
15497, 11
15498, 8
15499, 17
15500, 12
15501, 17
15502, 12
15503, 17
15504, 7
15505, 12
15506, 10
15507, 12
15508, 14
15509, 13
15510, 12
15511, 12
15512, 10
15513, 16
15514, 10
15515, 15
15516, 8
15517, 9
15518, 15
15519, 14
15520, 14
15521, 11
15522, 13
15523, 11
15524, 14
15525, 12
15526, 14
15527, 20
15528, 13
15529, 10
15530, 14
15531, 14
15532, 17
15533, 5
15534, 20
15535, 16
15536, 5
15537, 16
15538, 13
15539, 17
15540, 17
15541, 24
15542, 17
15543, 10
15544, 11
15545, 11
15546, 12
15547, 11
15548, 8
15549, 15
15550, 18
15551, 9
15552, 13
15553, 7
15554, 9
15555, 15
15556, 16
15557, 12
15558, 9
15559, 16
15560, 12
15561, 12
15562, 9
15563, 17
15564, 16
15565, 7
15566, 13
15567, 12
15568, 17
15569, 8
15570, 5
15571, 15
15572, 13
15573, 7
15574, 12
15575, 16
15576, 19
15577, 16
15578, 11
15579, 14
15580, 13
15581, 14
15582, 23
15583, 8
15584, 13
15585, 16
15586, 6
15587, 12
15588, 10
15589, 11
15590, 18
15591, 14
15592, 8
15593, 12
15594, 9
15595, 9
15596, 16
15597, 12
15598, 17
15599, 8
15600, 24
15601, 9
15602, 14
15603, 17
15604, 16
15605, 16
15606, 12
15607, 13
15608, 17
15609, 19
15610, 15
15611, 16
15612, 14
15613, 14
15614, 10
15615, 19
15616, 8
15617, 11
15618, 8
15619, 14
15620, 16
15621, 14
15622, 22
15623, 16
15624, 9
15625, 17
15626, 11
15627, 16
15628, 13
15629, 10
15630, 8
15631, 13
15632, 18
15633, 11
15634, 16
15635, 8
15636, 17
15637, 12
15638, 15
15639, 16
15640, 14
15641, 19
15642, 19
15643, 19
15644, 11
15645, 13
15646, 18
15647, 16
15648, 11
15649, 12
15650, 18
15651, 12
15652, 11
15653, 25
15654, 13
15655, 14
15656, 8
15657, 12
15658, 18
15659, 17
15660, 16
15661, 13
15662, 10
15663, 15
15664, 12
15665, 13
15666, 11
15667, 12
15668, 10
15669, 10
15670, 14
15671, 14
15672, 15
15673, 14
15674, 16
15675, 15
15676, 16
15677, 12
15678, 9
15679, 14
15680, 8
15681, 12
15682, 13
15683, 19
15684, 14
15685, 12
15686, 21
15687, 20
15688, 15
15689, 24
15690, 16
15691, 16
15692, 10
15693, 7
15694, 11
15695, 16
15696, 12
15697, 16
15698, 15
15699, 13
15700, 10
15701, 17
15702, 10
15703, 16
15704, 10
15705, 15
15706, 18
15707, 9
15708, 22
15709, 15
15710, 11
15711, 10
15712, 13
15713, 15
15714, 20
15715, 17
15716, 10
15717, 12
15718, 10
15719, 10
15720, 17
15721, 19
15722, 15
15723, 6
15724, 11
15725, 14
15726, 21
15727, 18
15728, 16
15729, 10
15730, 16
15731, 11
15732, 11
15733, 17
15734, 11
15735, 16
15736, 10
15737, 18
15738, 14
15739, 24
15740, 9
15741, 17
15742, 13
15743, 20
15744, 16
15745, 19
15746, 15
15747, 13
15748, 12
15749, 13
15750, 12
15751, 13
15752, 15
15753, 24
15754, 18
15755, 11
15756, 23
15757, 14
15758, 9
15759, 15
15760, 17
15761, 12
15762, 10
15763, 16
15764, 18
15765, 13
15766, 25
15767, 10
15768, 19
15769, 12
15770, 9
15771, 13
15772, 17
15773, 12
15774, 8
15775, 10
15776, 10
15777, 16
15778, 18
15779, 13
15780, 15
15781, 20
15782, 17
15783, 14
15784, 14
15785, 17
15786, 16
15787, 15
15788, 9
15789, 11
15790, 13
15791, 13
15792, 16
15793, 11
15794, 14
15795, 12
15796, 15
15797, 15
15798, 19
15799, 17
15800, 18
15801, 9
15802, 17
15803, 13
15804, 14
15805, 10
15806, 12
15807, 12
15808, 16
15809, 10
15810, 16
15811, 13
15812, 16
15813, 17
15814, 16
15815, 17
15816, 15
15817, 17
15818, 18
15819, 22
15820, 18
15821, 19
15822, 14
15823, 21
15824, 21
15825, 17
15826, 16
15827, 16
15828, 16
15829, 13
15830, 10
15831, 15
15832, 7
15833, 8
15834, 19
15835, 8
15836, 17
15837, 18
15838, 9
15839, 19
15840, 16
15841, 14
15842, 16
15843, 20
15844, 13
15845, 12
15846, 14
15847, 19
15848, 8
15849, 25
15850, 13
15851, 16
15852, 13
15853, 18
15854, 12
15855, 23
15856, 15
15857, 14
15858, 14
15859, 13
15860, 16
15861, 16
15862, 20
15863, 15
15864, 13
15865, 18
15866, 17
15867, 15
15868, 14
15869, 14
15870, 17
15871, 14
15872, 10
15873, 20
15874, 15
15875, 12
15876, 15
15877, 14
15878, 18
15879, 7
15880, 11
15881, 16
15882, 23
15883, 30
15884, 12
15885, 16
15886, 15
15887, 15
15888, 11
15889, 21
15890, 14
15891, 15
15892, 19
15893, 12
15894, 16
15895, 20
15896, 16
15897, 21
15898, 16
15899, 23
15900, 14
15901, 16
15902, 12
15903, 12
15904, 19
15905, 22
15906, 14
15907, 18
15908, 13
15909, 16
15910, 21
15911, 16
15912, 21
15913, 14
15914, 21
15915, 15
15916, 8
15917, 11
15918, 9
15919, 14
15920, 19
15921, 20
15922, 12
15923, 22
15924, 13
15925, 18
15926, 20
15927, 11
15928, 19
15929, 11
15930, 19
15931, 15
15932, 24
15933, 16
15934, 16
15935, 19
15936, 18
15937, 16
15938, 15
15939, 13
15940, 18
15941, 15
15942, 18
15943, 13
15944, 17
15945, 21
15946, 17
15947, 14
15948, 16
15949, 21
15950, 17
15951, 13
15952, 17
15953, 20
15954, 8
15955, 16
15956, 19
15957, 17
15958, 9
15959, 18
15960, 12
15961, 20
15962, 15
15963, 20
15964, 12
15965, 19
15966, 11
15967, 12
15968, 26
15969, 19
15970, 16
15971, 20
15972, 17
15973, 23
15974, 13
15975, 13
15976, 16
15977, 9
15978, 11
15979, 16
15980, 18
15981, 15
15982, 18
15983, 19
15984, 34
15985, 20
15986, 20
15987, 12
15988, 16
15989, 15
15990, 18
15991, 15
15992, 15
15993, 14
15994, 14
15995, 13
15996, 19
15997, 11
15998, 17
15999, 15
16000, 22
16001, 15
16002, 19
16003, 20
16004, 21
16005, 10
16006, 20
16007, 15
16008, 16
16009, 20
16010, 18
16011, 25
16012, 11
16013, 16
16014, 17
16015, 16
16016, 14
16017, 25
16018, 19
16019, 10
16020, 22
16021, 11
16022, 20
16023, 16
16024, 15
16025, 19
16026, 19
16027, 20
16028, 17
16029, 20
16030, 17
16031, 17
16032, 14
16033, 20
16034, 19
16035, 12
16036, 19
16037, 13
16038, 25
16039, 15
16040, 15
16041, 15
16042, 11
16043, 12
16044, 26
16045, 16
16046, 13
16047, 20
16048, 27
16049, 16
16050, 20
16051, 15
16052, 12
16053, 15
16054, 15
16055, 18
16056, 13
16057, 18
16058, 12
16059, 11
16060, 16
16061, 13
16062, 18
16063, 25
16064, 25
16065, 22
16066, 21
16067, 13
16068, 15
16069, 10
16070, 20
16071, 20
16072, 27
16073, 16
16074, 16
16075, 15
16076, 17
16077, 19
16078, 13
16079, 19
16080, 18
16081, 20
16082, 11
16083, 17
16084, 24
16085, 25
16086, 18
16087, 20
16088, 23
16089, 10
16090, 18
16091, 16
16092, 14
16093, 20
16094, 14
16095, 19
16096, 20
16097, 24
16098, 10
16099, 19
16100, 22
16101, 16
16102, 22
16103, 10
16104, 34
16105, 22
16106, 15
16107, 16
16108, 12
16109, 21
16110, 23
16111, 22
16112, 25
16113, 19
16114, 12
16115, 16
16116, 18
16117, 13
16118, 17
16119, 12
16120, 24
16121, 19
16122, 19
16123, 29
16124, 10
16125, 19
16126, 17
16127, 14
16128, 10
16129, 14
16130, 12
16131, 20
16132, 17
16133, 28
16134, 14
16135, 14
16136, 13
16137, 18
16138, 23
16139, 21
16140, 18
16141, 24
16142, 17
16143, 18
16144, 16
16145, 20
16146, 12
16147, 20
16148, 18
16149, 18
16150, 23
16151, 13
16152, 21
16153, 11
16154, 27
16155, 20
16156, 23
16157, 15
16158, 13
16159, 29
16160, 20
16161, 19
16162, 22
16163, 16
16164, 22
16165, 22
16166, 20
16167, 16
16168, 27
16169, 17
16170, 25
16171, 12
16172, 24
16173, 19
16174, 15
16175, 24
16176, 19
16177, 25
16178, 17
16179, 17
16180, 18
16181, 19
16182, 11
16183, 21
16184, 25
16185, 17
16186, 17
16187, 26
16188, 13
16189, 21
16190, 26
16191, 22
16192, 19
16193, 17
16194, 29
16195, 21
16196, 25
16197, 20
16198, 13
16199, 22
16200, 15
16201, 22
16202, 21
16203, 24
16204, 13
16205, 26
16206, 22
16207, 15
16208, 16
16209, 16
16210, 20
16211, 20
16212, 18
16213, 13
16214, 26
16215, 20
16216, 32
16217, 17
16218, 18
16219, 25
16220, 20
16221, 21
16222, 25
16223, 20
16224, 29
16225, 27
16226, 17
16227, 10
16228, 12
16229, 18
16230, 22
16231, 21
16232, 26
16233, 19
16234, 23
16235, 24
16236, 21
16237, 16
16238, 23
16239, 12
16240, 27
16241, 24
16242, 19
16243, 16
16244, 26
16245, 19
16246, 20
16247, 15
16248, 24
16249, 16
16250, 19
16251, 14
16252, 19
16253, 21
16254, 19
16255, 29
16256, 20
16257, 17
16258, 22
16259, 18
16260, 24
16261, 30
16262, 15
16263, 26
16264, 26
16265, 14
16266, 20
16267, 27
16268, 20
16269, 30
16270, 19
16271, 15
16272, 15
16273, 24
16274, 23
16275, 18
16276, 22
16277, 23
16278, 26
16279, 21
16280, 19
16281, 30
16282, 31
16283, 19
16284, 33
16285, 23
16286, 19
16287, 17
16288, 26
16289, 20
16290, 26
16291, 25
16292, 21
16293, 27
16294, 19
16295, 18
16296, 23
16297, 19
16298, 17
16299, 26
16300, 22
16301, 13
16302, 19
16303, 18
16304, 25
16305, 26
16306, 36
16307, 22
16308, 25
16309, 20
16310, 26
16311, 20
16312, 21
16313, 19
16314, 16
16315, 26
16316, 16
16317, 19
16318, 18
16319, 21
16320, 23
16321, 18
16322, 29
16323, 31
16324, 14
16325, 33
16326, 22
16327, 17
16328, 20
16329, 25
16330, 14
16331, 19
16332, 30
16333, 19
16334, 18
16335, 21
16336, 20
16337, 22
16338, 15
16339, 25
16340, 20
16341, 22
16342, 22
16343, 24
16344, 20
16345, 26
16346, 26
16347, 22
16348, 18
16349, 22
16350, 23
16351, 21
16352, 23
16353, 23
16354, 23
16355, 25
16356, 23
16357, 23
16358, 20
16359, 26
16360, 18
16361, 22
16362, 22
16363, 33
16364, 14
16365, 15
16366, 17
16367, 24
16368, 23
16369, 23
16370, 23
16371, 27
16372, 24
16373, 33
16374, 21
16375, 19
16376, 13
16377, 21
16378, 24
16379, 29
16380, 21
16381, 25
16382, 17
16383, 26
16384, 23
16385, 22
16386, 14
16387, 22
16388, 24
16389, 24
16390, 25
16391, 34
16392, 22
16393, 15
16394, 15
16395, 17
16396, 17
16397, 18
16398, 27
16399, 18
16400, 23
16401, 14
16402, 22
16403, 22
16404, 19
16405, 25
16406, 23
16407, 22
16408, 20
16409, 30
16410, 22
16411, 25
16412, 31
16413, 26
16414, 25
16415, 20
16416, 24
16417, 23
16418, 21
16419, 30
16420, 19
16421, 21
16422, 30
16423, 24
16424, 20
16425, 19
16426, 30
16427, 27
16428, 30
16429, 28
16430, 21
16431, 24
16432, 24
16433, 18
16434, 24
16435, 21
16436, 26
16437, 27
16438, 32
16439, 29
16440, 20
16441, 29
16442, 16
16443, 20
16444, 18
16445, 26
16446, 18
16447, 24
16448, 28
16449, 34
16450, 30
16451, 18
16452, 21
16453, 23
16454, 26
16455, 15
16456, 37
16457, 21
16458, 12
16459, 23
16460, 20
16461, 20
16462, 22
16463, 25
16464, 20
16465, 25
16466, 17
16467, 19
16468, 23
16469, 25
16470, 20
16471, 25
16472, 28
16473, 17
16474, 28
16475, 18
16476, 28
16477, 21
16478, 14
16479, 20
16480, 26
16481, 17
16482, 23
16483, 20
16484, 28
16485, 16
16486, 31
16487, 21
16488, 18
16489, 22
16490, 22
16491, 23
16492, 25
16493, 34
16494, 20
16495, 25
16496, 19
16497, 22
16498, 27
16499, 26
16500, 22
16501, 26
16502, 30
16503, 22
16504, 30
16505, 20
16506, 33
16507, 21
16508, 26
16509, 23
16510, 22
16511, 28
16512, 28
16513, 20
16514, 20
16515, 26
16516, 18
16517, 26
16518, 19
16519, 17
16520, 27
16521, 26
16522, 27
16523, 25
16524, 27
16525, 27
16526, 20
16527, 24
16528, 19
16529, 16
16530, 24
16531, 29
16532, 28
16533, 34
16534, 22
16535, 20
16536, 25
16537, 21
16538, 27
16539, 30
16540, 34
16541, 20
16542, 20
16543, 29
16544, 20
16545, 37
16546, 25
16547, 25
16548, 27
16549, 30
16550, 21
16551, 27
16552, 23
16553, 22
16554, 23
16555, 28
16556, 19
16557, 17
16558, 31
16559, 20
16560, 16
16561, 25
16562, 14
16563, 15
16564, 20
16565, 26
16566, 29
16567, 25
16568, 17
16569, 26
16570, 28
16571, 18
16572, 18
16573, 30
16574, 16
16575, 23
16576, 27
16577, 20
16578, 27
16579, 30
16580, 25
16581, 25
16582, 27
16583, 30
16584, 22
16585, 18
16586, 18
16587, 29
16588, 20
16589, 23
16590, 15
16591, 25
16592, 19
16593, 36
16594, 30
16595, 31
16596, 27
16597, 26
16598, 26
16599, 27
16600, 20
16601, 21
16602, 24
16603, 24
16604, 27
16605, 23
16606, 23
16607, 24
16608, 32
16609, 24
16610, 30
16611, 24
16612, 19
16613, 23
16614, 25
16615, 22
16616, 20
16617, 27
16618, 31
16619, 20
16620, 31
16621, 25
16622, 29
16623, 19
16624, 22
16625, 30
16626, 21
16627, 23
16628, 18
16629, 31
16630, 26
16631, 17
16632, 23
16633, 28
16634, 14
16635, 24
16636, 25
16637, 25
16638, 20
16639, 27
16640, 26
16641, 22
16642, 21
16643, 23
16644, 23
16645, 28
16646, 20
16647, 30
16648, 21
16649, 24
16650, 28
16651, 32
16652, 29
16653, 16
16654, 19
16655, 28
16656, 25
16657, 24
16658, 33
16659, 31
16660, 28
16661, 23
16662, 22
16663, 24
16664, 26
16665, 33
16666, 23
16667, 34
16668, 31
16669, 28
16670, 21
16671, 29
16672, 29
16673, 27
16674, 16
16675, 21
16676, 23
16677, 24
16678, 25
16679, 22
16680, 25
16681, 20
16682, 26
16683, 29
16684, 26
16685, 28
16686, 21
16687, 22
16688, 28
16689, 32
16690, 29
16691, 35
16692, 26
16693, 25
16694, 32
16695, 21
16696, 35
16697, 25
16698, 28
16699, 27
16700, 22
16701, 22
16702, 22
16703, 27
16704, 30
16705, 19
16706, 28
16707, 22
16708, 22
16709, 25
16710, 27
16711, 28
16712, 25
16713, 24
16714, 28
16715, 25
16716, 22
16717, 24
16718, 23
16719, 25
16720, 25
16721, 24
16722, 20
16723, 24
16724, 28
16725, 11
16726, 25
16727, 19
16728, 27
16729, 23
16730, 19
16731, 23
16732, 27
16733, 25
16734, 27
16735, 25
16736, 21
16737, 21
16738, 28
16739, 29
16740, 24
16741, 24
16742, 20
16743, 18
16744, 26
16745, 22
16746, 26
16747, 35
16748, 22
16749, 32
16750, 34
16751, 24
16752, 19
16753, 24
16754, 22
16755, 34
16756, 32
16757, 24
16758, 19
16759, 17
16760, 23
16761, 23
16762, 27
16763, 22
16764, 17
16765, 28
16766, 28
16767, 25
16768, 21
16769, 23
16770, 20
16771, 26
16772, 17
16773, 22
16774, 21
16775, 26
16776, 22
16777, 26
16778, 26
16779, 20
16780, 22
16781, 27
16782, 23
16783, 24
16784, 30
16785, 22
16786, 18
16787, 23
16788, 24
16789, 37
16790, 16
16791, 23
16792, 28
16793, 21
16794, 20
16795, 36
16796, 29
16797, 20
16798, 22
16799, 28
16800, 20
16801, 25
16802, 14
16803, 26
16804, 27
16805, 18
16806, 30
16807, 23
16808, 15
16809, 16
16810, 25
16811, 28
16812, 23
16813, 19
16814, 19
16815, 23
16816, 25
16817, 30
16818, 29
16819, 22
16820, 20
16821, 26
16822, 22
16823, 21
16824, 26
16825, 24
16826, 29
16827, 22
16828, 26
16829, 24
16830, 24
16831, 28
16832, 24
16833, 29
16834, 34
16835, 24
16836, 28
16837, 26
16838, 25
16839, 26
16840, 29
16841, 21
16842, 19
16843, 31
16844, 26
16845, 20
16846, 19
16847, 28
16848, 21
16849, 26
16850, 22
16851, 32
16852, 22
16853, 31
16854, 23
16855, 26
16856, 14
16857, 26
16858, 22
16859, 31
16860, 25
16861, 24
16862, 32
16863, 20
16864, 22
16865, 25
16866, 21
16867, 36
16868, 21
16869, 16
16870, 23
16871, 22
16872, 21
16873, 29
16874, 30
16875, 33
16876, 25
16877, 27
16878, 28
16879, 25
16880, 28
16881, 21
16882, 25
16883, 26
16884, 21
16885, 32
16886, 29
16887, 27
16888, 23
16889, 28
16890, 25
16891, 20
16892, 22
16893, 32
16894, 23
16895, 18
16896, 19
16897, 27
16898, 23
16899, 22
16900, 28
16901, 25
16902, 24
16903, 15
16904, 18
16905, 26
16906, 29
16907, 23
16908, 33
16909, 36
16910, 22
16911, 24
16912, 24
16913, 26
16914, 20
16915, 22
16916, 24
16917, 33
16918, 25
16919, 23
16920, 29
16921, 17
16922, 16
16923, 31
16924, 35
16925, 18
16926, 32
16927, 25
16928, 24
16929, 21
16930, 23
16931, 21
16932, 32
16933, 19
16934, 23
16935, 19
16936, 28
16937, 14
16938, 17
16939, 28
16940, 20
16941, 22
16942, 21
16943, 8
16944, 30
16945, 41
16946, 23
16947, 27
16948, 18
16949, 27
16950, 26
16951, 21
16952, 35
16953, 21
16954, 22
16955, 21
16956, 19
16957, 32
16958, 24
16959, 31
16960, 31
16961, 33
16962, 26
16963, 21
16964, 29
16965, 26
16966, 28
16967, 17
16968, 29
16969, 20
16970, 17
16971, 29
16972, 29
16973, 24
16974, 21
16975, 26
16976, 31
16977, 23
16978, 25
16979, 26
16980, 22
16981, 18
16982, 28
16983, 26
16984, 24
16985, 27
16986, 18
16987, 27
16988, 29
16989, 36
16990, 28
16991, 24
16992, 27
16993, 26
16994, 24
16995, 24
16996, 15
16997, 20
16998, 19
16999, 28
17000, 24
17001, 18
17002, 21
17003, 29
17004, 24
17005, 18
17006, 30
17007, 27
17008, 20
17009, 32
17010, 18
17011, 22
17012, 23
17013, 24
17014, 11
17015, 31
17016, 29
17017, 10
17018, 21
17019, 27
17020, 22
17021, 24
17022, 14
17023, 26
17024, 15
17025, 36
17026, 29
17027, 28
17028, 18
17029, 19
17030, 28
17031, 24
17032, 23
17033, 29
17034, 25
17035, 23
17036, 23
17037, 18
17038, 35
17039, 29
17040, 29
17041, 22
17042, 17
17043, 28
17044, 33
17045, 24
17046, 25
17047, 28
17048, 27
17049, 21
17050, 27
17051, 22
17052, 29
17053, 20
17054, 21
17055, 31
17056, 26
17057, 27
17058, 10
17059, 25
17060, 21
17061, 17
17062, 30
17063, 24
17064, 29
17065, 21
17066, 22
17067, 25
17068, 20
17069, 19
17070, 14
17071, 17
17072, 18
17073, 27
17074, 38
17075, 21
17076, 23
17077, 21
17078, 24
17079, 20
17080, 18
17081, 20
17082, 15
17083, 25
17084, 22
17085, 20
17086, 20
17087, 21
17088, 13
17089, 37
17090, 22
17091, 28
17092, 25
17093, 29
17094, 26
17095, 31
17096, 25
17097, 27
17098, 24
17099, 21
17100, 25
17101, 26
17102, 16
17103, 27
17104, 18
17105, 22
17106, 33
17107, 25
17108, 25
17109, 23
17110, 30
17111, 29
17112, 22
17113, 26
17114, 23
17115, 20
17116, 22
17117, 25
17118, 23
17119, 27
17120, 27
17121, 30
17122, 30
17123, 22
17124, 25
17125, 24
17126, 25
17127, 26
17128, 23
17129, 26
17130, 19
17131, 31
17132, 22
17133, 33
17134, 27
17135, 18
17136, 24
17137, 26
17138, 22
17139, 22
17140, 18
17141, 20
17142, 16
17143, 20
17144, 22
17145, 31
17146, 22
17147, 31
17148, 16
17149, 20
17150, 23
17151, 31
17152, 22
17153, 27
17154, 24
17155, 28
17156, 27
17157, 21
17158, 30
17159, 18
17160, 21
17161, 22
17162, 13
17163, 17
17164, 30
17165, 21
17166, 21
17167, 30
17168, 23
17169, 21
17170, 20
17171, 17
17172, 19
17173, 18
17174, 27
17175, 21
17176, 23
17177, 28
17178, 16
17179, 27
17180, 19
17181, 30
17182, 28
17183, 30
17184, 28
17185, 27
17186, 26
17187, 18
17188, 36
17189, 22
17190, 25
17191, 28
17192, 17
17193, 11
17194, 25
17195, 28
17196, 22
17197, 20
17198, 29
17199, 21
17200, 16
17201, 17
17202, 22
17203, 22
17204, 20
17205, 21
17206, 32
17207, 24
17208, 31
17209, 18
17210, 22
17211, 30
17212, 22
17213, 15
17214, 21
17215, 16
17216, 21
17217, 23
17218, 27
17219, 20
17220, 18
17221, 19
17222, 24
17223, 34
17224, 25
17225, 14
17226, 19
17227, 24
17228, 22
17229, 29
17230, 20
17231, 28
17232, 22
17233, 21
17234, 21
17235, 24
17236, 18
17237, 19
17238, 17
17239, 23
17240, 25
17241, 22
17242, 19
17243, 22
17244, 12
17245, 21
17246, 16
17247, 20
17248, 16
17249, 20
17250, 24
17251, 25
17252, 16
17253, 22
17254, 16
17255, 18
17256, 17
17257, 23
17258, 15
17259, 17
17260, 20
17261, 17
17262, 20
17263, 22
17264, 23
17265, 28
17266, 21
17267, 18
17268, 27
17269, 15
17270, 23
17271, 23
17272, 18
17273, 25
17274, 22
17275, 24
17276, 29
17277, 23
17278, 28
17279, 30
17280, 38
17281, 25
17282, 23
17283, 18
17284, 14
17285, 16
17286, 19
17287, 28
17288, 14
17289, 19
17290, 24
17291, 21
17292, 27
17293, 18
17294, 29
17295, 12
17296, 21
17297, 20
17298, 27
17299, 30
17300, 20
17301, 16
17302, 22
17303, 14
17304, 27
17305, 24
17306, 16
17307, 12
17308, 31
17309, 19
17310, 15
17311, 17
17312, 22
17313, 25
17314, 18
17315, 17
17316, 26
17317, 24
17318, 14
17319, 16
17320, 28
17321, 21
17322, 26
17323, 18
17324, 17
17325, 17
17326, 17
17327, 18
17328, 23
17329, 25
17330, 25
17331, 28
17332, 19
17333, 17
17334, 27
17335, 24
17336, 20
17337, 22
17338, 18
17339, 28
17340, 30
17341, 21
17342, 22
17343, 25
17344, 19
17345, 20
17346, 22
17347, 17
17348, 19
17349, 19
17350, 22
17351, 22
17352, 25
17353, 20
17354, 22
17355, 23
17356, 14
17357, 19
17358, 19
17359, 21
17360, 23
17361, 23
17362, 19
17363, 19
17364, 21
17365, 19
17366, 19
17367, 18
17368, 23
17369, 17
17370, 18
17371, 27
17372, 21
17373, 22
17374, 18
17375, 22
17376, 18
17377, 21
17378, 19
17379, 26
17380, 18
17381, 21
17382, 24
17383, 16
17384, 16
17385, 20
17386, 18
17387, 31
17388, 17
17389, 18
17390, 35
17391, 16
17392, 20
17393, 27
17394, 29
17395, 24
17396, 25
17397, 17
17398, 20
17399, 13
17400, 22
17401, 19
17402, 17
17403, 20
17404, 27
17405, 16
17406, 21
17407, 13
17408, 18
17409, 20
17410, 13
17411, 21
17412, 17
17413, 25
17414, 25
17415, 22
17416, 17
17417, 16
17418, 24
17419, 15
17420, 19
17421, 22
17422, 21
17423, 19
17424, 17
17425, 23
17426, 9
17427, 20
17428, 31
17429, 22
17430, 21
17431, 24
17432, 22
17433, 25
17434, 26
17435, 21
17436, 20
17437, 15
17438, 17
17439, 27
17440, 18
17441, 19
17442, 14
17443, 17
17444, 20
17445, 21
17446, 15
17447, 20
17448, 19
17449, 18
17450, 26
17451, 16
17452, 17
17453, 7
17454, 23
17455, 18
17456, 22
17457, 18
17458, 14
17459, 22
17460, 17
17461, 21
17462, 19
17463, 16
17464, 19
17465, 22
17466, 20
17467, 34
17468, 18
17469, 17
17470, 17
17471, 18
17472, 22
17473, 19
17474, 19
17475, 22
17476, 15
17477, 17
17478, 17
17479, 26
17480, 27
17481, 20
17482, 22
17483, 22
17484, 21
17485, 20
17486, 19
17487, 18
17488, 16
17489, 19
17490, 17
17491, 14
17492, 21
17493, 14
17494, 18
17495, 16
17496, 18
17497, 14
17498, 19
17499, 27
17500, 17
17501, 17
17502, 30
17503, 12
17504, 18
17505, 17
17506, 20
17507, 20
17508, 21
17509, 15
17510, 26
17511, 14
17512, 13
17513, 20
17514, 21
17515, 17
17516, 24
17517, 19
17518, 20
17519, 17
17520, 18
17521, 17
17522, 19
17523, 14
17524, 25
17525, 22
17526, 17
17527, 19
17528, 19
17529, 18
17530, 23
17531, 11
17532, 15
17533, 19
17534, 16
17535, 15
17536, 22
17537, 22
17538, 23
17539, 22
17540, 21
17541, 19
17542, 20
17543, 14
17544, 21
17545, 28
17546, 12
17547, 25
17548, 23
17549, 13
17550, 24
17551, 18
17552, 17
17553, 12
17554, 14
17555, 19
17556, 17
17557, 12
17558, 27
17559, 17
17560, 18
17561, 20
17562, 21
17563, 16
17564, 14
17565, 21
17566, 21
17567, 18
17568, 20
17569, 20
17570, 20
17571, 22
17572, 19
17573, 15
17574, 19
17575, 21
17576, 17
17577, 22
17578, 12
17579, 20
17580, 15
17581, 11
17582, 17
17583, 21
17584, 19
17585, 21
17586, 23
17587, 16
17588, 24
17589, 17
17590, 23
17591, 31
17592, 14
17593, 18
17594, 15
17595, 19
17596, 11
17597, 24
17598, 21
17599, 9
17600, 25
17601, 23
17602, 22
17603, 17
17604, 18
17605, 12
17606, 21
17607, 17
17608, 15
17609, 16
17610, 20
17611, 19
17612, 14
17613, 20
17614, 12
17615, 17
17616, 12
17617, 18
17618, 23
17619, 15
17620, 14
17621, 13
17622, 13
17623, 17
17624, 19
17625, 22
17626, 11
17627, 14
17628, 22
17629, 14
17630, 13
17631, 19
17632, 13
17633, 23
17634, 13
17635, 21
17636, 16
17637, 17
17638, 16
17639, 17
17640, 13
17641, 24
17642, 22
17643, 20
17644, 20
17645, 21
17646, 18
17647, 13
17648, 25
17649, 17
17650, 14
17651, 19
17652, 18
17653, 16
17654, 15
17655, 18
17656, 9
17657, 21
17658, 10
17659, 18
17660, 14
17661, 16
17662, 12
17663, 16
17664, 18
17665, 18
17666, 18
17667, 16
17668, 11
17669, 17
17670, 12
17671, 18
17672, 19
17673, 19
17674, 16
17675, 14
17676, 20
17677, 21
17678, 20
17679, 7
17680, 20
17681, 18
17682, 10
17683, 15
17684, 15
17685, 16
17686, 14
17687, 16
17688, 12
17689, 24
17690, 21
17691, 19
17692, 14
17693, 15
17694, 17
17695, 24
17696, 13
17697, 13
17698, 12
17699, 21
17700, 16
17701, 17
17702, 13
17703, 14
17704, 9
17705, 15
17706, 16
17707, 20
17708, 17
17709, 17
17710, 21
17711, 17
17712, 14
17713, 26
17714, 16
17715, 15
17716, 17
17717, 22
17718, 23
17719, 15
17720, 18
17721, 21
17722, 22
17723, 17
17724, 21
17725, 23
17726, 12
17727, 18
17728, 12
17729, 22
17730, 26
17731, 15
17732, 18
17733, 28
17734, 19
17735, 13
17736, 17
17737, 17
17738, 13
17739, 15
17740, 18
17741, 17
17742, 13
17743, 9
17744, 14
17745, 17
17746, 17
17747, 19
17748, 18
17749, 17
17750, 9
17751, 16
17752, 14
17753, 12
17754, 11
17755, 22
17756, 16
17757, 23
17758, 22
17759, 19
17760, 16
17761, 11
17762, 20
17763, 10
17764, 11
17765, 15
17766, 8
17767, 21
17768, 4
17769, 23
17770, 15
17771, 19
17772, 15
17773, 25
17774, 15
17775, 18
17776, 21
17777, 18
17778, 15
17779, 15
17780, 12
17781, 14
17782, 16
17783, 11
17784, 20
17785, 15
17786, 17
17787, 16
17788, 13
17789, 24
17790, 14
17791, 13
17792, 16
17793, 12
17794, 18
17795, 16
17796, 16
17797, 20
17798, 20
17799, 15
17800, 24
17801, 11
17802, 26
17803, 18
17804, 20
17805, 16
17806, 17
17807, 17
17808, 17
17809, 19
17810, 13
17811, 21
17812, 15
17813, 16
17814, 16
17815, 16
17816, 14
17817, 25
17818, 16
17819, 13
17820, 14
17821, 18
17822, 13
17823, 14
17824, 17
17825, 16
17826, 15
17827, 13
17828, 13
17829, 20
17830, 21
17831, 20
17832, 11
17833, 16
17834, 16
17835, 17
17836, 14
17837, 18
17838, 17
17839, 19
17840, 17
17841, 11
17842, 20
17843, 12
17844, 22
17845, 12
17846, 9
17847, 26
17848, 20
17849, 16
17850, 10
17851, 18
17852, 27
17853, 12
17854, 11
17855, 21
17856, 17
17857, 18
17858, 16
17859, 17
17860, 19
17861, 19
17862, 15
17863, 10
17864, 16
17865, 20
17866, 14
17867, 17
17868, 23
17869, 7
17870, 15
17871, 10
17872, 23
17873, 12
17874, 10
17875, 14
17876, 18
17877, 7
17878, 17
17879, 19
17880, 12
17881, 19
17882, 17
17883, 15
17884, 14
17885, 17
17886, 16
17887, 12
17888, 20
17889, 22
17890, 10
17891, 16
17892, 16
17893, 14
17894, 18
17895, 18
17896, 12
17897, 15
17898, 16
17899, 12
17900, 19
17901, 16
17902, 22
17903, 17
17904, 13
17905, 12
17906, 15
17907, 23
17908, 12
17909, 15
17910, 17
17911, 15
17912, 15
17913, 16
17914, 19
17915, 19
17916, 14
17917, 16
17918, 14
17919, 21
17920, 18
17921, 17
17922, 9
17923, 23
17924, 17
17925, 13
17926, 18
17927, 14
17928, 13
17929, 18
17930, 15
17931, 10
17932, 14
17933, 17
17934, 18
17935, 14
17936, 12
17937, 16
17938, 17
17939, 15
17940, 13
17941, 15
17942, 16
17943, 18
17944, 15
17945, 21
17946, 17
17947, 14
17948, 15
17949, 25
17950, 16
17951, 13
17952, 12
17953, 12
17954, 17
17955, 14
17956, 14
17957, 18
17958, 10
17959, 19
17960, 20
17961, 7
17962, 14
17963, 19
17964, 21
17965, 13
17966, 22
17967, 14
17968, 14
17969, 8
17970, 18
17971, 12
17972, 19
17973, 14
17974, 26
17975, 16
17976, 16
17977, 16
17978, 11
17979, 7
17980, 15
17981, 11
17982, 15
17983, 20
17984, 12
17985, 13
17986, 15
17987, 13
17988, 19
17989, 17
17990, 4
17991, 14
17992, 18
17993, 17
17994, 7
17995, 10
17996, 20
17997, 19
17998, 16
17999, 10
18000, 17
18001, 18
18002, 13
18003, 11
18004, 15
18005, 16
18006, 11
18007, 9
18008, 16
18009, 17
18010, 14
18011, 12
18012, 9
18013, 24
18014, 17
18015, 13
18016, 14
18017, 16
18018, 25
18019, 8
18020, 15
18021, 10
18022, 22
18023, 19
18024, 17
18025, 5
18026, 18
18027, 16
18028, 13
18029, 20
18030, 12
18031, 12
18032, 20
18033, 18
18034, 16
18035, 9
18036, 17
18037, 15
18038, 9
18039, 17
18040, 8
18041, 17
18042, 15
18043, 13
18044, 17
18045, 14
18046, 10
18047, 8
18048, 15
18049, 11
18050, 12
18051, 12
18052, 10
18053, 20
18054, 8
18055, 12
18056, 11
18057, 19
18058, 16
18059, 14
18060, 18
18061, 19
18062, 18
18063, 19
18064, 8
18065, 18
18066, 14
18067, 15
18068, 9
18069, 19
18070, 19
18071, 16
18072, 20
18073, 9
18074, 25
18075, 13
18076, 18
18077, 19
18078, 22
18079, 20
18080, 10
18081, 10
18082, 17
18083, 14
18084, 15
18085, 11
18086, 6
18087, 17
18088, 17
18089, 13
18090, 13
18091, 12
18092, 18
18093, 12
18094, 10
18095, 12
18096, 20
18097, 9
18098, 11
18099, 15
18100, 6
18101, 10
18102, 17
18103, 8
18104, 19
18105, 15
18106, 12
18107, 13
18108, 10
18109, 15
18110, 14
18111, 11
18112, 21
18113, 18
18114, 11
18115, 12
18116, 9
18117, 16
18118, 17
18119, 13
18120, 16
18121, 9
18122, 12
18123, 19
18124, 13
18125, 8
18126, 17
18127, 13
18128, 10
18129, 9
18130, 16
18131, 13
18132, 17
18133, 13
18134, 13
18135, 9
18136, 11
18137, 11
18138, 12
18139, 14
18140, 11
18141, 10
18142, 13
18143, 13
18144, 15
18145, 17
18146, 12
18147, 11
18148, 8
18149, 10
18150, 19
18151, 24
18152, 10
18153, 10
18154, 13
18155, 14
18156, 14
18157, 10
18158, 16
18159, 10
18160, 9
18161, 14
18162, 19
18163, 18
18164, 13
18165, 12
18166, 10
18167, 12
18168, 9
18169, 8
18170, 19
18171, 6
18172, 18
18173, 12
18174, 13
18175, 15
18176, 17
18177, 9
18178, 15
18179, 11
18180, 14
18181, 13
18182, 14
18183, 11
18184, 12
18185, 16
18186, 16
18187, 12
18188, 11
18189, 20
18190, 5
18191, 17
18192, 14
18193, 12
18194, 16
18195, 9
18196, 7
18197, 14
18198, 14
18199, 13
18200, 14
18201, 11
18202, 12
18203, 8
18204, 18
18205, 8
18206, 11
18207, 19
18208, 14
18209, 17
18210, 11
18211, 13
18212, 8
18213, 14
18214, 18
18215, 5
18216, 10
18217, 10
18218, 7
18219, 12
18220, 12
18221, 19
18222, 20
18223, 13
18224, 15
18225, 15
18226, 14
18227, 12
18228, 12
18229, 14
18230, 16
18231, 17
18232, 12
18233, 11
18234, 15
18235, 10
18236, 7
18237, 5
18238, 11
18239, 17
18240, 7
18241, 9
18242, 20
18243, 10
18244, 11
18245, 18
18246, 11
18247, 10
18248, 20
18249, 10
18250, 12
18251, 12
18252, 13
18253, 18
18254, 13
18255, 12
18256, 16
18257, 15
18258, 12
18259, 9
18260, 18
18261, 9
18262, 13
18263, 9
18264, 12
18265, 15
18266, 12
18267, 14
18268, 13
18269, 16
18270, 12
18271, 9
18272, 13
18273, 13
18274, 16
18275, 9
18276, 16
18277, 8
18278, 11
18279, 11
18280, 8
18281, 9
18282, 8
18283, 11
18284, 16
18285, 19
18286, 13
18287, 9
18288, 10
18289, 11
18290, 12
18291, 14
18292, 13
18293, 12
18294, 15
18295, 10
18296, 13
18297, 8
18298, 6
18299, 11
18300, 6
18301, 16
18302, 10
18303, 9
18304, 11
18305, 7
18306, 7
18307, 10
18308, 12
18309, 9
18310, 7
18311, 11
18312, 17
18313, 9
18314, 8
18315, 9
18316, 12
18317, 10
18318, 11
18319, 10
18320, 9
18321, 13
18322, 6
18323, 18
18324, 13
18325, 11
18326, 20
18327, 11
18328, 15
18329, 11
18330, 5
18331, 10
18332, 17
18333, 8
18334, 13
18335, 12
18336, 10
18337, 14
18338, 11
18339, 12
18340, 12
18341, 10
18342, 7
18343, 9
18344, 11
18345, 9
18346, 10
18347, 18
18348, 11
18349, 10
18350, 8
18351, 9
18352, 7
18353, 14
18354, 14
18355, 9
18356, 15
18357, 5
18358, 11
18359, 11
18360, 10
18361, 13
18362, 7
18363, 6
18364, 13
18365, 6
18366, 6
18367, 11
18368, 10
18369, 8
18370, 12
18371, 6
18372, 12
18373, 14
18374, 9
18375, 8
18376, 10
18377, 10
18378, 7
18379, 14
18380, 7
18381, 8
18382, 8
18383, 13
18384, 10
18385, 6
18386, 9
18387, 6
18388, 5
18389, 11
18390, 18
18391, 11
18392, 9
18393, 15
18394, 7
18395, 15
18396, 13
18397, 7
18398, 14
18399, 10
18400, 13
18401, 15
18402, 18
18403, 9
18404, 17
18405, 14
18406, 13
18407, 19
18408, 13
18409, 6
18410, 13
18411, 10
18412, 9
18413, 12
18414, 9
18415, 14
18416, 15
18417, 11
18418, 11
18419, 13
18420, 9
18421, 11
18422, 6
18423, 14
18424, 17
18425, 7
18426, 7
18427, 3
18428, 8
18429, 14
18430, 6
18431, 7
18432, 11
18433, 6
18434, 10
18435, 13
18436, 5
18437, 7
18438, 8
18439, 18
18440, 14
18441, 15
18442, 6
18443, 11
18444, 12
18445, 10
18446, 5
18447, 4
18448, 7
18449, 3
18450, 11
18451, 15
18452, 8
18453, 8
18454, 10
18455, 12
18456, 15
18457, 12
18458, 13
18459, 6
18460, 18
18461, 9
18462, 9
18463, 6
18464, 14
18465, 8
18466, 11
18467, 7
18468, 10
18469, 8
18470, 12
18471, 11
18472, 10
18473, 13
18474, 11
18475, 6
18476, 5
18477, 13
18478, 8
18479, 12
18480, 7
18481, 11
18482, 12
18483, 13
18484, 10
18485, 15
18486, 12
18487, 12
18488, 10
18489, 8
18490, 11
18491, 15
18492, 8
18493, 3
18494, 7
18495, 16
18496, 11
18497, 7
18498, 9
18499, 13
18500, 10
18501, 17
18502, 12
18503, 10
18504, 11
18505, 14
18506, 10
18507, 13
18508, 10
18509, 7
18510, 16
18511, 7
18512, 7
18513, 10
18514, 12
18515, 7
18516, 9
18517, 7
18518, 10
18519, 9
18520, 13
18521, 6
18522, 10
18523, 12
18524, 6
18525, 9
18526, 14
18527, 6
18528, 17
18529, 7
18530, 2
18531, 16
18532, 15
18533, 5
18534, 10
18535, 8
18536, 14
18537, 8
18538, 3
18539, 10
18540, 8
18541, 8
18542, 14
18543, 10
18544, 11
18545, 5
18546, 6
18547, 9
18548, 14
18549, 17
18550, 9
18551, 10
18552, 11
18553, 7
18554, 9
18555, 12
18556, 15
18557, 5
18558, 8
18559, 11
18560, 10
18561, 10
18562, 14
18563, 13
18564, 12
18565, 11
18566, 11
18567, 6
18568, 8
18569, 16
18570, 8
18571, 4
18572, 12
18573, 11
18574, 12
18575, 9
18576, 10
18577, 11
18578, 9
18579, 4
18580, 6
18581, 15
18582, 3
18583, 9
18584, 15
18585, 11
18586, 17
18587, 9
18588, 7
18589, 11
18590, 12
18591, 9
18592, 10
18593, 8
18594, 9
18595, 10
18596, 9
18597, 10
18598, 9
18599, 7
18600, 9
18601, 7
18602, 7
18603, 7
18604, 9
18605, 10
18606, 8
18607, 13
18608, 12
18609, 4
18610, 11
18611, 7
18612, 6
18613, 5
18614, 11
18615, 8
18616, 8
18617, 11
18618, 11
18619, 6
18620, 13
18621, 5
18622, 8
18623, 10
18624, 9
18625, 11
18626, 10
18627, 11
18628, 15
18629, 8
18630, 14
18631, 11
18632, 13
18633, 11
18634, 9
18635, 6
18636, 7
18637, 7
18638, 7
18639, 7
18640, 9
18641, 10
18642, 9
18643, 15
18644, 5
18645, 7
18646, 10
18647, 11
18648, 14
18649, 12
18650, 9
18651, 12
18652, 8
18653, 11
18654, 5
18655, 9
18656, 10
18657, 13
18658, 13
18659, 8
18660, 11
18661, 9
18662, 3
18663, 8
18664, 9
18665, 10
18666, 11
18667, 8
18668, 8
18669, 8
18670, 10
18671, 14
18672, 14
18673, 7
18674, 6
18675, 14
18676, 7
18677, 5
18678, 6
18679, 12
18680, 10
18681, 6
18682, 6
18683, 11
18684, 13
18685, 6
18686, 11
18687, 5
18688, 18
18689, 6
18690, 8
18691, 9
18692, 15
18693, 11
18694, 12
18695, 7
18696, 7
18697, 9
18698, 10
18699, 10
18700, 7
18701, 10
18702, 14
18703, 6
18704, 12
18705, 8
18706, 6
18707, 7
18708, 7
18709, 7
18710, 10
18711, 7
18712, 7
18713, 11
18714, 7
18715, 13
18716, 11
18717, 14
18718, 11
18719, 10
18720, 10
18721, 7
18722, 14
18723, 11
18724, 8
18725, 11
18726, 12
18727, 8
18728, 9
18729, 4
18730, 4
18731, 8
18732, 9
18733, 4
18734, 8
18735, 4
18736, 11
18737, 8
18738, 14
18739, 3
18740, 11
18741, 12
18742, 12
18743, 7
18744, 13
18745, 8
18746, 16
18747, 10
18748, 9
18749, 8
18750, 11
18751, 9
18752, 14
18753, 8
18754, 11
18755, 15
18756, 10
18757, 10
18758, 7
18759, 7
18760, 8
18761, 7
18762, 15
18763, 12
18764, 10
18765, 6
18766, 6
18767, 9
18768, 3
18769, 7
18770, 4
18771, 11
18772, 12
18773, 12
18774, 6
18775, 9
18776, 15
18777, 4
18778, 4
18779, 10
18780, 12
18781, 9
18782, 6
18783, 8
18784, 9
18785, 6
18786, 10
18787, 2
18788, 12
18789, 9
18790, 4
18791, 6
18792, 9
18793, 4
18794, 7
18795, 8
18796, 17
18797, 8
18798, 7
18799, 10
18800, 5
18801, 11
18802, 10
18803, 14
18804, 9
18805, 11
18806, 15
18807, 13
18808, 6
18809, 10
18810, 10
18811, 5
18812, 7
18813, 7
18814, 3
18815, 13
18816, 7
18817, 7
18818, 8
18819, 8
18820, 11
18821, 7
18822, 15
18823, 6
18824, 12
18825, 7
18826, 11
18827, 10
18828, 11
18829, 10
18830, 8
18831, 7
18832, 7
18833, 9
18834, 15
18835, 15
18836, 9
18837, 6
18838, 8
18839, 10
18840, 11
18841, 8
18842, 10
18843, 8
18844, 4
18845, 9
18846, 10
18847, 6
18848, 9
18849, 9
18850, 8
18851, 9
18852, 8
18853, 10
18854, 7
18855, 7
18856, 5
18857, 10
18858, 9
18859, 8
18860, 11
18861, 8
18862, 11
18863, 8
18864, 10
18865, 11
18866, 14
18867, 11
18868, 8
18869, 7
18870, 10
18871, 5
18872, 12
18873, 9
18874, 9
18875, 7
18876, 11
18877, 11
18878, 9
18880, 4
18881, 11
18882, 11
18883, 10
18884, 10
18885, 4
18886, 1
18887, 5
18888, 8
18889, 4
18890, 6
18891, 15
18892, 9
18893, 6
18894, 6
18895, 9
18896, 9
18897, 11
18898, 9
18899, 6
18900, 6
18901, 4
18902, 9
18903, 8
18904, 8
18905, 14
18906, 11
18907, 15
18908, 7
18909, 14
18910, 3
18911, 5
18912, 10
18913, 8
18914, 9
18915, 10
18916, 8
18917, 10
18918, 6
18919, 8
18920, 3
18921, 3
18922, 5
18923, 12
18924, 9
18925, 11
18926, 12
18927, 5
18928, 9
18929, 12
18930, 8
18931, 8
18932, 7
18933, 9
18934, 7
18935, 10
18936, 10
18937, 7
18938, 5
18939, 5
18940, 9
18941, 8
18942, 8
18943, 11
18944, 7
18945, 7
18946, 11
18947, 11
18948, 5
18949, 6
18950, 12
18951, 10
18952, 7
18953, 10
18954, 12
18955, 11
18956, 4
18957, 8
18958, 10
18959, 6
18960, 5
18961, 12
18962, 4
18963, 9
18964, 5
18965, 8
18966, 8
18967, 4
18968, 10
18969, 10
18970, 7
18971, 7
18972, 5
18973, 4
18974, 13
18975, 8
18976, 11
18977, 6
18978, 3
18979, 10
18980, 6
18981, 8
18982, 10
18983, 6
18984, 6
18985, 11
18986, 10
18987, 4
18988, 5
18989, 5
18990, 4
18991, 10
18992, 7
18993, 10
18994, 7
18995, 9
18996, 4
18997, 7
18998, 10
18999, 6
19000, 7
19001, 7
19002, 15
19003, 6
19004, 4
19005, 7
19006, 12
19007, 10
19008, 7
19009, 9
19010, 9
19011, 12
19012, 3
19013, 7
19014, 4
19015, 7
19016, 11
19017, 6
19018, 7
19019, 14
19020, 6
19021, 5
19022, 10
19023, 6
19024, 5
19025, 8
19026, 7
19027, 6
19028, 9
19029, 11
19030, 12
19031, 9
19032, 7
19033, 10
19034, 8
19035, 5
19036, 5
19037, 9
19038, 8
19039, 7
19040, 7
19041, 12
19042, 2
19043, 14
19044, 6
19045, 8
19046, 4
19047, 5
19048, 9
19049, 2
19050, 5
19051, 9
19052, 7
19053, 6
19054, 10
19055, 5
19056, 6
19057, 5
19058, 4
19059, 8
19060, 3
19061, 8
19062, 7
19063, 10
19064, 7
19065, 5
19066, 10
19067, 12
19068, 10
19069, 7
19070, 8
19071, 5
19072, 4
19073, 12
19074, 8
19075, 9
19076, 9
19077, 10
19078, 6
19079, 11
19080, 10
19081, 7
19082, 4
19083, 6
19084, 11
19085, 11
19086, 11
19087, 4
19088, 12
19089, 8
19090, 12
19091, 14
19092, 7
19093, 5
19094, 7
19095, 6
19096, 4
19097, 8
19098, 6
19099, 9
19100, 10
19101, 10
19102, 12
19103, 9
19104, 4
19105, 7
19106, 8
19107, 8
19108, 8
19109, 10
19110, 6
19111, 7
19112, 5
19113, 7
19114, 7
19115, 5
19116, 4
19117, 5
19118, 7
19119, 8
19120, 7
19121, 3
19122, 14
19123, 11
19124, 7
19125, 6
19126, 7
19127, 7
19128, 4
19129, 5
19130, 6
19131, 7
19132, 4
19133, 4
19134, 8
19135, 9
19136, 4
19137, 8
19138, 13
19139, 4
19140, 10
19141, 10
19142, 3
19143, 5
19144, 12
19145, 6
19146, 5
19147, 3
19148, 10
19149, 6
19150, 10
19151, 3
19152, 6
19153, 9
19154, 7
19155, 6
19156, 5
19157, 7
19158, 6
19159, 7
19160, 5
19161, 6
19162, 6
19163, 8
19164, 9
19165, 8
19166, 4
19167, 8
19168, 6
19169, 11
19170, 8
19171, 8
19172, 7
19173, 5
19174, 7
19175, 9
19176, 4
19177, 3
19178, 6
19179, 9
19180, 5
19181, 5
19182, 9
19183, 8
19184, 6
19185, 6
19186, 13
19187, 9
19188, 7
19189, 4
19190, 5
19191, 9
19192, 2
19193, 5
19194, 5
19195, 5
19196, 7
19197, 10
19198, 4
19199, 9
19200, 5
19201, 6
19202, 8
19203, 8
19204, 9
19205, 4
19206, 6
19207, 7
19208, 12
19209, 9
19210, 4
19211, 4
19212, 10
19213, 1
19214, 5
19215, 7
19216, 3
19217, 2
19218, 3
19219, 10
19220, 8
19221, 2
19222, 9
19223, 3
19224, 5
19225, 4
19226, 8
19227, 9
19228, 7
19229, 5
19230, 3
19231, 3
19232, 9
19233, 8
19234, 6
19235, 5
19236, 6
19237, 10
19238, 8
19239, 6
19240, 9
19241, 4
19242, 3
19243, 2
19244, 8
19245, 6
19246, 11
19247, 5
19248, 3
19249, 8
19250, 8
19251, 3
19252, 9
19253, 7
19254, 6
19255, 8
19256, 2
19257, 9
19258, 7
19259, 7
19260, 9
19261, 7
19262, 5
19263, 5
19264, 3
19265, 9
19266, 6
19267, 8
19268, 7
19269, 5
19270, 9
19271, 4
19272, 5
19273, 3
19274, 9
19275, 5
19276, 6
19277, 9
19278, 7
19279, 3
19280, 7
19281, 2
19282, 3
19283, 5
19284, 6
19285, 8
19286, 2
19287, 6
19288, 7
19289, 7
19290, 5
19291, 8
19292, 6
19293, 7
19294, 7
19295, 9
19296, 4
19297, 4
19298, 6
19299, 8
19300, 5
19301, 8
19302, 6
19303, 6
19304, 2
19305, 4
19306, 4
19307, 6
19308, 5
19309, 8
19310, 4
19311, 12
19312, 8
19313, 6
19314, 6
19315, 6
19316, 7
19317, 7
19318, 8
19319, 4
19320, 5
19321, 4
19322, 6
19323, 7
19324, 4
19325, 5
19326, 6
19327, 9
19328, 1
19329, 5
19330, 5
19331, 6
19332, 5
19333, 5
19334, 7
19335, 4
19336, 10
19337, 6
19338, 4
19339, 4
19340, 10
19341, 3
19342, 13
19343, 6
19344, 8
19345, 5
19346, 6
19347, 7
19348, 4
19349, 4
19350, 6
19351, 4
19352, 5
19353, 6
19354, 6
19355, 6
19356, 5
19357, 4
19358, 6
19359, 6
19360, 6
19361, 4
19362, 6
19363, 9
19364, 8
19365, 5
19366, 5
19367, 4
19368, 5
19369, 3
19370, 3
19371, 6
19372, 6
19373, 3
19374, 3
19375, 9
19376, 6
19377, 4
19378, 4
19379, 5
19380, 6
19381, 3
19382, 3
19383, 2
19384, 7
19385, 6
19386, 5
19387, 2
19388, 8
19389, 4
19390, 5
19391, 4
19392, 2
19393, 8
19394, 5
19395, 5
19396, 4
19397, 6
19398, 10
19399, 2
19400, 6
19401, 3
19402, 2
19403, 1
19404, 2
19405, 4
19406, 6
19407, 10
19408, 8
19409, 5
19410, 11
19411, 4
19412, 5
19413, 2
19414, 1
19415, 8
19416, 2
19417, 1
19418, 4
19419, 3
19420, 10
19421, 7
19422, 4
19423, 8
19424, 6
19425, 7
19426, 6
19427, 3
19428, 5
19429, 5
19430, 6
19431, 7
19432, 8
19433, 7
19434, 3
19435, 8
19436, 7
19437, 4
19438, 6
19439, 10
19440, 7
19441, 7
19442, 2
19443, 4
19444, 2
19445, 5
19446, 8
19447, 5
19448, 6
19449, 3
19450, 5
19451, 6
19452, 2
19453, 2
19454, 3
19455, 2
19456, 6
19457, 4
19458, 7
19459, 4
19460, 6
19461, 5
19462, 3
19463, 7
19464, 4
19465, 4
19467, 4
19468, 6
19469, 3
19470, 2
19471, 4
19472, 3
19473, 3
19474, 3
19475, 2
19476, 5
19477, 3
19478, 4
19479, 5
19480, 5
19481, 8
19482, 4
19483, 7
19484, 7
19485, 1
19486, 4
19487, 10
19488, 4
19489, 1
19490, 9
19491, 3
19492, 3
19493, 6
19494, 9
19495, 3
19496, 6
19497, 4
19498, 8
19499, 7
19501, 2
19502, 6
19503, 5
19504, 10
19506, 7
19507, 5
19508, 4
19509, 1
19510, 5
19511, 6
19512, 7
19513, 5
19514, 2
19515, 6
19516, 2
19517, 6
19518, 6
19519, 1
19520, 5
19521, 3
19522, 8
19523, 6
19524, 5
19525, 2
19526, 6
19527, 3
19528, 3
19529, 9
19530, 5
19531, 3
19532, 3
19533, 2
19534, 3
19535, 3
19536, 5
19537, 3
19538, 6
19539, 5
19540, 2
19541, 9
19542, 7
19543, 6
19544, 4
19545, 6
19546, 8
19547, 1
19548, 3
19549, 6
19550, 4
19551, 5
19552, 3
19553, 3
19555, 2
19556, 4
19557, 4
19558, 8
19559, 4
19560, 3
19561, 4
19562, 2
19563, 1
19564, 3
19565, 6
19566, 4
19567, 6
19568, 2
19569, 1
19570, 4
19571, 2
19572, 6
19573, 3
19574, 3
19575, 6
19576, 2
19577, 3
19578, 7
19579, 4
19580, 8
19581, 1
19582, 6
19583, 7
19584, 3
19585, 2
19586, 2
19587, 4
19588, 5
19589, 3
19590, 8
19591, 7
19592, 8
19593, 5
19594, 1
19595, 5
19596, 6
19597, 3
19598, 3
19599, 4
19600, 9
19601, 5
19602, 5
19603, 4
19604, 1
19605, 3
19606, 5
19607, 1
19608, 4
19609, 6
19610, 4
19611, 4
19612, 3
19613, 5
19614, 6
19615, 1
19616, 7
19617, 6
19618, 3
19619, 2
19620, 4
19621, 5
19622, 2
19623, 2
19624, 6
19625, 1
19626, 4
19627, 1
19628, 4
19629, 5
19630, 4
19631, 4
19632, 2
19633, 3
19634, 7
19635, 6
19636, 2
19638, 6
19639, 5
19640, 2
19641, 1
19642, 2
19643, 4
19644, 3
19645, 2
19646, 2
19647, 4
19648, 2
19649, 4
19650, 2
19651, 4
19652, 2
19653, 3
19654, 4
19655, 3
19656, 1
19657, 3
19658, 4
19659, 7
19660, 4
19661, 2
19662, 2
19663, 7
19664, 5
19665, 3
19666, 4
19667, 1
19668, 4
19669, 6
19670, 2
19671, 1
19672, 2
19673, 1
19674, 2
19675, 6
19676, 6
19677, 4
19678, 6
19679, 3
19680, 7
19681, 6
19682, 3
19683, 3
19684, 3
19685, 5
19686, 8
19687, 1
19688, 2
19689, 2
19690, 2
19691, 1
19692, 2
19693, 4
19694, 6
19695, 4
19696, 3
19697, 4
19698, 1
19699, 4
19700, 2
19701, 1
19702, 3
19703, 5
19704, 3
19705, 4
19706, 3
19707, 2
19708, 5
19709, 3
19710, 3
19711, 2
19712, 1
19713, 5
19714, 7
19715, 4
19716, 7
19717, 3
19718, 4
19719, 3
19720, 2
19721, 6
19722, 2
19723, 3
19724, 5
19725, 5
19726, 6
19727, 3
19728, 4
19729, 6
19731, 1
19733, 4
19734, 4
19735, 6
19736, 2
19737, 4
19738, 4
19739, 7
19740, 3
19741, 3
19742, 1
19743, 5
19744, 2
19745, 1
19746, 4
19747, 1
19748, 2
19749, 2
19750, 6
19751, 6
19752, 7
19753, 6
19754, 3
19755, 3
19756, 3
19757, 5
19758, 3
19759, 4
19760, 1
19761, 2
19762, 4
19763, 8
19764, 3
19765, 3
19766, 2
19767, 2
19768, 5
19769, 6
19770, 3
19771, 2
19772, 3
19773, 4
19774, 3
19775, 2
19776, 1
19777, 4
19778, 4
19779, 2
19780, 6
19782, 2
19783, 2
19784, 2
19785, 5
19786, 3
19787, 3
19788, 3
19789, 7
19790, 5
19791, 1
19792, 5
19793, 1
19794, 4
19795, 3
19796, 4
19797, 3
19798, 1
19799, 6
19800, 2
19801, 1
19802, 4
19803, 2
19804, 5
19805, 3
19806, 4
19807, 4
19808, 2
19809, 5
19810, 2
19811, 5
19812, 3
19813, 1
19814, 4
19815, 1
19816, 4
19817, 3
19818, 1
19819, 3
19820, 5
19821, 1
19822, 2
19824, 3
19825, 4
19826, 5
19827, 3
19828, 2
19829, 1
19830, 5
19831, 5
19833, 3
19834, 3
19835, 4
19836, 6
19837, 3
19838, 3
19839, 2
19840, 3
19841, 1
19842, 2
19844, 4
19845, 2
19846, 5
19847, 7
19848, 3
19849, 4
19850, 2
19851, 3
19852, 1
19853, 6
19854, 4
19855, 2
19856, 3
19857, 4
19858, 2
19859, 8
19860, 1
19861, 1
19862, 4
19863, 3
19864, 4
19865, 2
19866, 2
19867, 2
19868, 4
19869, 6
19870, 5
19871, 5
19872, 3
19873, 5
19874, 5
19875, 5
19876, 3
19877, 4
19878, 3
19879, 4
19880, 5
19881, 2
19883, 5
19885, 2
19886, 2
19887, 2
19888, 3
19889, 2
19890, 3
19891, 5
19892, 8
19893, 4
19894, 2
19895, 3
19896, 2
19897, 2
19899, 2
19901, 3
19902, 3
19904, 4
19905, 1
19906, 3
19907, 3
19909, 3
19910, 4
19911, 2
19912, 6
19913, 2
19914, 3
19915, 1
19916, 3
19917, 2
19918, 2
19919, 2
19920, 6
19921, 3
19922, 4
19923, 3
19925, 1
19926, 7
19927, 1
19928, 6
19929, 3
19930, 6
19931, 6
19932, 2
19933, 3
19934, 3
19935, 2
19936, 6
19937, 3
19938, 4
19939, 3
19940, 3
19941, 8
19942, 4
19943, 1
19944, 6
19945, 7
19946, 2
19947, 1
19948, 4
19949, 3
19950, 2
19951, 2
19952, 2
19953, 3
19954, 4
19955, 2
19956, 3
19957, 2
19958, 2
19959, 1
19960, 1
19961, 2
19962, 1
19963, 3
19964, 3
19965, 1
19966, 1
19967, 2
19968, 1
19969, 3
19970, 1
19971, 2
19972, 3
19973, 1
19974, 2
19975, 4
19976, 3
19977, 1
19978, 5
19979, 1
19980, 1
19981, 4
19982, 2
19983, 5
19984, 2
19985, 1
19986, 5
19987, 5
19988, 2
19989, 1
19990, 3
19991, 2
19992, 5
19993, 3
19994, 6
19995, 4
19996, 3
19997, 1
19998, 2
19999, 4
20000, 1
20002, 2
20003, 1
20004, 1
20006, 3
20007, 4
20009, 2
20010, 5
20011, 4
20012, 3
20013, 6
20014, 2
20015, 2
20016, 1
20017, 3
20018, 3
20019, 1
20020, 10
20021, 3
20022, 4
20023, 2
20024, 4
20025, 2
20026, 4
20027, 4
20028, 3
20029, 4
20030, 1
20031, 4
20032, 3
20033, 2
20034, 3
20035, 2
20036, 4
20037, 7
20038, 3
20039, 1
20040, 3
20041, 3
20042, 5
20043, 3
20044, 2
20045, 3
20046, 4
20047, 6
20048, 2
20049, 2
20051, 2
20052, 4
20053, 1
20054, 2
20055, 3
20056, 4
20057, 2
20058, 1
20059, 2
20060, 3
20061, 3
20062, 1
20063, 4
20064, 2
20065, 3
20066, 2
20067, 2
20068, 2
20069, 1
20070, 3
20071, 1
20072, 3
20073, 3
20075, 2
20077, 3
20079, 3
20080, 2
20081, 3
20082, 2
20083, 6
20084, 5
20085, 2
20086, 2
20087, 3
20088, 2
20089, 3
20090, 1
20091, 9
20092, 3
20093, 2
20094, 4
20095, 2
20096, 1
20097, 1
20098, 1
20099, 4
20100, 1
20101, 5
20102, 2
20103, 4
20104, 5
20105, 3
20106, 3
20107, 4
20108, 4
20109, 6
20110, 4
20111, 3
20112, 3
20113, 2
20114, 6
20115, 5
20116, 3
20117, 2
20118, 2
20119, 4
20120, 2
20121, 3
20122, 10
20123, 3
20124, 2
20125, 2
20126, 2
20127, 1
20128, 2
20129, 2
20130, 3
20131, 3
20132, 3
20133, 3
20134, 3
20135, 4
20136, 1
20137, 2
20139, 2
20140, 7
20141, 2
20142, 2
20143, 1
20144, 2
20145, 1
20146, 3
20147, 2
20148, 5
20151, 2
20152, 4
20153, 1
20154, 3
20155, 1
20156, 3
20157, 1
20158, 4
20159, 3
20160, 4
20162, 1
20163, 5
20164, 6
20165, 3
20166, 2
20167, 5
20168, 3
20170, 4
20171, 5
20172, 3
20173, 3
20174, 2
20175, 3
20176, 2
20177, 5
20178, 2
20179, 4
20180, 4
20181, 4
20182, 1
20183, 3
20185, 2
20186, 3
20187, 6
20188, 4
20189, 2
20190, 5
20191, 5
20193, 3
20194, 2
20195, 3
20196, 3
20197, 2
20198, 4
20199, 1
20200, 2
20201, 5
20202, 2
20203, 2
20204, 2
20205, 4
20206, 3
20207, 5
20208, 3
20209, 4
20210, 3
20211, 5
20212, 2
20213, 5
20214, 4
20216, 1
20217, 2
20218, 3
20219, 1
20220, 5
20221, 1
20222, 7
20224, 2
20225, 5
20226, 3
20227, 5
20228, 2
20229, 1
20230, 4
20231, 2
20232, 2
20233, 6
20234, 4
20235, 5
20236, 1
20237, 4
20238, 4
20239, 2
20241, 2
20242, 2
20243, 1
20244, 4
20245, 1
20246, 2
20247, 2
20248, 4
20249, 2
20250, 2
20251, 4
20252, 3
20254, 3
20255, 4
20256, 1
20257, 1
20258, 1
20259, 2
20260, 4
20261, 2
20262, 5
20263, 6
20264, 2
20265, 4
20266, 4
20267, 1
20268, 2
20269, 2
20270, 3
20272, 4
20274, 2
20275, 3
20276, 6
20277, 2
20278, 2
20279, 2
20280, 5
20281, 3
20282, 3
20283, 5
20284, 5
20285, 4
20286, 5
20287, 1
20289, 2
20290, 1
20291, 1
20292, 2
20293, 7
20294, 2
20295, 3
20296, 2
20297, 4
20298, 3
20299, 2
20300, 4
20301, 3
20303, 4
20304, 5
20305, 3
20306, 1
20307, 2
20308, 4
20310, 2
20311, 6
20312, 2
20313, 4
20314, 3
20315, 3
20316, 1
20317, 1
20318, 5
20319, 4
20320, 1
20321, 2
20322, 3
20323, 1
20325, 2
20326, 2
20328, 2
20329, 1
20330, 3
20331, 1
20332, 1
20333, 2
20335, 4
20336, 3
20337, 2
20338, 3
20339, 1
20340, 2
20341, 1
20342, 3
20343, 3
20344, 2
20345, 2
20346, 5
20347, 5
20348, 3
20350, 2
20351, 2
20352, 3
20353, 2
20354, 1
20355, 2
20356, 2
20357, 1
20358, 2
20359, 5
20360, 4
20361, 2
20362, 2
20363, 2
20364, 6
20365, 7
20366, 3
20367, 1
20368, 1
20369, 4
20370, 2
20372, 3
20373, 2
20374, 2
20375, 2
20376, 1
20377, 5
20378, 4
20379, 4
20380, 2
20381, 1
20382, 3
20384, 2
20385, 1
20387, 3
20388, 3
20389, 6
20390, 1
20392, 3
20393, 2
20394, 1
20395, 1
20397, 5
20398, 3
20399, 1
20400, 1
20401, 2
20402, 2
20403, 1
20404, 2
20405, 3
20406, 1
20407, 2
20408, 3
20409, 2
20410, 3
20411, 2
20412, 3
20413, 1
20414, 1
20416, 3
20417, 2
20418, 4
20419, 1
20420, 2
20421, 3
20422, 3
20423, 2
20424, 3
20425, 3
20426, 3
20427, 3
20428, 1
20429, 1
20430, 1
20432, 3
20434, 5
20435, 7
20436, 4
20437, 3
20438, 2
20439, 2
20440, 2
20441, 2
20442, 1
20443, 3
20445, 2
20446, 4
20447, 2
20448, 4
20449, 2
20450, 2
20451, 2
20452, 4
20454, 2
20455, 1
20456, 1
20457, 3
20458, 1
20459, 2
20460, 4
20461, 3
20462, 1
20463, 2
20464, 5
20465, 1
20466, 1
20467, 1
20468, 4
20469, 1
20470, 4
20472, 4
20473, 4
20474, 2
20475, 2
20476, 2
20477, 1
20478, 3
20479, 3
20480, 3
20481, 2
20482, 2
20483, 1
20484, 3
20486, 1
20487, 4
20488, 2
20490, 1
20492, 2
20494, 2
20495, 2
20496, 1
20497, 4
20498, 1
20499, 3
20500, 4
20501, 1
20502, 1
20504, 1
20505, 2
20506, 2
20508, 3
20509, 4
20510, 1
20511, 2
20512, 2
20513, 1
20514, 4
20515, 1
20516, 1
20517, 2
20518, 2
20519, 4
20520, 1
20521, 3
20522, 1
20523, 2
20524, 2
20526, 2
20528, 2
20529, 4
20530, 1
20531, 2
20532, 3
20533, 2
20534, 3
20535, 3
20536, 2
20537, 1
20539, 1
20542, 1
20543, 3
20546, 3
20547, 3
20548, 3
20551, 2
20552, 3
20553, 4
20554, 4
20555, 3
20556, 3
20557, 1
20558, 2
20559, 3
20560, 3
20561, 1
20562, 3
20563, 3
20564, 1
20565, 1
20567, 1
20569, 1
20572, 1
20574, 1
20575, 2
20576, 6
20578, 2
20579, 3
20580, 3
20583, 1
20584, 1
20587, 1
20588, 3
20589, 3
20590, 2
20591, 1
20592, 1
20593, 1
20594, 3
20595, 1
20596, 2
20597, 1
20599, 2
20601, 1
20603, 2
20604, 2
20606, 1
20607, 2
20609, 1
20611, 1
20613, 1
20614, 5
20615, 2
20616, 2
20617, 2
20618, 1
20619, 1
20620, 1
20621, 5
20623, 2
20624, 3
20625, 1
20626, 2
20628, 1
20629, 3
20631, 1
20633, 2
20635, 1
20637, 1
20638, 3
20640, 1
20642, 1
20645, 2
20646, 1
20647, 2
20648, 3
20649, 1
20650, 1
20653, 2
20655, 3
20659, 1
20660, 1
20661, 1
20663, 1
20665, 1
20666, 1
20667, 2
20668, 1
20671, 1
20673, 1
20676, 2
20677, 3
20678, 2
20679, 1
20680, 1
20682, 2
20683, 1
20685, 2
20686, 1
20690, 1
20691, 2
20693, 1
20694, 1
20695, 1
20698, 1
20703, 2
20704, 2
20706, 1
20707, 1
20709, 1
20710, 1
20711, 1
20712, 1
20713, 1
20717, 2
20719, 1
20721, 2
20722, 1
20723, 1
20724, 3
20725, 3
20726, 1
20728, 2
20729, 1
20730, 1
20731, 2
20733, 2
20735, 2
20736, 2
20737, 2
20738, 1
20740, 2
20742, 1
20744, 1
20745, 1
20746, 1
20747, 1
20755, 2
20756, 1
20757, 2
20760, 1
20761, 3
20764, 2
20766, 2
20768, 2
20770, 1
20771, 1
20772, 1
20774, 3
20780, 1
20781, 1
20782, 2
20784, 1
20786, 1
20787, 1
20788, 2
20789, 1
20790, 2
20791, 1
20792, 1
20794, 2
20800, 1
20802, 1
20803, 1
20805, 1
20808, 2
20811, 2
20812, 1
20813, 1
20814, 2
20815, 1
20819, 1
20822, 1
20824, 1
20825, 3
20826, 1
20828, 1
20829, 1
20830, 1
20832, 2
20835, 1
20838, 1
20841, 1
20842, 3
20844, 1
20846, 1
20847, 1
20849, 1
20851, 4
20854, 2
20858, 1
20862, 1
20863, 1
20864, 1
20867, 1
20869, 1
20870, 2
20872, 1
20873, 1
20874, 1
20878, 1
20879, 1
20880, 1
20883, 1
20885, 3
20887, 1
20890, 1
20891, 1
20892, 1
20893, 1
20895, 1
20896, 1
20897, 1
20899, 1
20902, 2
20903, 1
20904, 1
20908, 1
20909, 1
20912, 2
20913, 1
20915, 1
20917, 2
20918, 1
20928, 1
20929, 2
20930, 1
20933, 1
20936, 1
20939, 3
20940, 3
20941, 1
20943, 1
20945, 1
20951, 1
20952, 2
20955, 1
20958, 1
20960, 1
20961, 1
20967, 2
20969, 2
20972, 1
20973, 1
20977, 2
20978, 1
20979, 1
20980, 4
20981, 2
20983, 1
20984, 1
20987, 2
20989, 1
20991, 1
20992, 1
20994, 1
20995, 2
20998, 1
21002, 2
21005, 1
21013, 1
21018, 2
21023, 1
21024, 1
21028, 1
21029, 1
21030, 1
21031, 3
21032, 1
21037, 1
21042, 1
21044, 2
21045, 1
21046, 1
21047, 1
21048, 4
21049, 2
21050, 1
21052, 1
21054, 1
21060, 1
21061, 1
21062, 1
21063, 1
21066, 1
21072, 1
21073, 1
21079, 1
21081, 2
21082, 2
21084, 1
21085, 1
21088, 2
21091, 1
21092, 1
21093, 1
21097, 1
21101, 1
21104, 3
21106, 1
21107, 1
21108, 1
21109, 1
21110, 1
21111, 1
21113, 1
21120, 1
21121, 1
21123, 1
21125, 1
21127, 1
21129, 1
21131, 1
21132, 1
21133, 1
21134, 2
21138, 1
21144, 2
21145, 2
21147, 1
21149, 3
21153, 1
21157, 1
21161, 1
21166, 1
21168, 2
21181, 1
21188, 1
21189, 1
21193, 2
21194, 1
21195, 1
21196, 1
21201, 1
21210, 1
21212, 1
21213, 1
21216, 1
21218, 1
21220, 1
21229, 2
21230, 2
21234, 2
21236, 1
21237, 1
21240, 1
21241, 1
21242, 1
21243, 1
21245, 1
21248, 1
21251, 1
21252, 1
21262, 1
21272, 1
21274, 2
21278, 2
21280, 1
21281, 1
21283, 1
21284, 1
21287, 1
21288, 1
21291, 1
21293, 1
21296, 1
21298, 1
21304, 2
21312, 2
21319, 1
21321, 1
21322, 1
21329, 1
21330, 1
21332, 2
21359, 1
21362, 2
21365, 2
21369, 1
21379, 1
21397, 1
21404, 1
21407, 1
21410, 1
21411, 1
21421, 1
21423, 1
21443, 1
21444, 1
21445, 1
21450, 1
21452, 1
21466, 2
21470, 1
21472, 1
21475, 1
21484, 1
21502, 1
21519, 1
21522, 1
21531, 1
21538, 1
21547, 1
21550, 1
21562, 1
21575, 1
21636, 1
21645, 1
25355, 1
25376, 1
25377, 1
25380, 1
25382, 1
25387, 1
25413, 1
25433, 1
25434, 1
25438, 1
25445, 1
25447, 1
25448, 1
25449, 1
25468, 1
25469, 1
25475, 1
25483, 1
25499, 1
25505, 1
25507, 1
25511, 1
25520, 1
25531, 1
25535, 1
25537, 1
25538, 1
25546, 1
25550, 1
25576, 1
25580, 1
25581, 1
25586, 1
25588, 1
25594, 1
25599, 2
25602, 1
25603, 1
25604, 1
25609, 1
25614, 1
25617, 1
25624, 1
25640, 2
25643, 1
25646, 1
25649, 1
25688, 1
25689, 1
25690, 1
25696, 1
25697, 1
25700, 2
25701, 1
25702, 1
25705, 1
25710, 1
25711, 1
25712, 1
25717, 1
25725, 1
25728, 1
25741, 1
25751, 1
25753, 1
25760, 1
25767, 1
25772, 1
25775, 1
25779, 1
25785, 1
25788, 2
25792, 1
25799, 2
25829, 1
25830, 1
25839, 1
25842, 1
25849, 1
25851, 1
25863, 1
25864, 1
25866, 1
25868, 1
25872, 2
25878, 1
25886, 1
25897, 1
25900, 1
25908, 1
25927, 1
25928, 1
25930, 2
25932, 1
25936, 1
25938, 1
25940, 1
25947, 1
25948, 1
25949, 1
25975, 1
25976, 1
25978, 1
25994, 2
26002, 1
26010, 1
26016, 1
26030, 1
26039, 1
26043, 2
26052, 2
26056, 1
26059, 1
26060, 1
26061, 1
26065, 1
26085, 1
26097, 1
26099, 1
26101, 1
26118, 1
26121, 1
26122, 1
26124, 1
26127, 1
26128, 1
26131, 1
26146, 1
26149, 1
26152, 1
26158, 1
26159, 1
26165, 1
26166, 1
26168, 1
26189, 1
26195, 1
26204, 2
26207, 1
26209, 1
26214, 1
26219, 1
26222, 1
26224, 1
26246, 1
26259, 1
26264, 1
26268, 1
26278, 1
26280, 1
26282, 1
26283, 1
26287, 1
26289, 1
26292, 1
26293, 1
26297, 2
26298, 1
26320, 1
26324, 1
26325, 1
26326, 1
26332, 1
26348, 1
26350, 1
26359, 1
26366, 1
26371, 1
26374, 1
26381, 1
26382, 1
26384, 1
26385, 1
26389, 1
26394, 1
26396, 1
26401, 2
26409, 1
26412, 1
26424, 1
26435, 1
26436, 1
26450, 1
26455, 2
26456, 1
26458, 1
26463, 1
26469, 1
26479, 1
26482, 3
26485, 1
26493, 1
26513, 1
26514, 1
26523, 1
26533, 2
26535, 1
26546, 2
26547, 1
26548, 1
26561, 1
26572, 1
26578, 1
26580, 1
26590, 1
26611, 1
26612, 1
26614, 1
26616, 1
26631, 1
26632, 1
26635, 1
26644, 1
26646, 1
26647, 1
26651, 1
26677, 2
26678, 1
26689, 1
26691, 2
26696, 1
26712, 1
26716, 1
26718, 1
26723, 2
26727, 1
26729, 1
26735, 1
26736, 1
26743, 1
26750, 2
26755, 1
26768, 1
26775, 1
26782, 1
26785, 1
26801, 2
26802, 1
26810, 1
26814, 1
26815, 1
26824, 1
26827, 1
26830, 1
26833, 1
26836, 1
26848, 1
26852, 1
26864, 1
26866, 2
26871, 1
26875, 1
26884, 1
26886, 1
26887, 2
26903, 1
26904, 1
26905, 1
26919, 1
26930, 1
26943, 1
26945, 2
26954, 1
26955, 1
26961, 1
26966, 1
26971, 2
26974, 1
26977, 1
26979, 1
26984, 1
26985, 1
26991, 1
27002, 1
27004, 1
27008, 2
27010, 1
27016, 1
27034, 1
27043, 1
27062, 1
27063, 1
27064, 1
27068, 3
27069, 1
27072, 1
27076, 1
27077, 2
27085, 1
27096, 1
27106, 1
27108, 1
27121, 1
27134, 2
27135, 1
27141, 1
27146, 1
27153, 1
27159, 1
27165, 1
27166, 2
27176, 1
27181, 1
27197, 3
27209, 2
27217, 1
27218, 1
27230, 3
27239, 2
27244, 1
27255, 1
27264, 1
27267, 1
27268, 1
27275, 1
27296, 1
27298, 1
27300, 1
27304, 1
27309, 1
27314, 1
27317, 2
27329, 1
27335, 1
27343, 1
27347, 1
27353, 1
27360, 1
27362, 1
27369, 1
27384, 1
27407, 2
27411, 2
27420, 1
27427, 1
27428, 2
27433, 1
27439, 1
27452, 1
27461, 1
27464, 1
27469, 1
27485, 2
27489, 1
27496, 1
27498, 2
27500, 2
27503, 1
27513, 1
27520, 1
27527, 1
27535, 1
27536, 1
27550, 1
27553, 1
27556, 1
27558, 1
27563, 1
27572, 2
27578, 1
27585, 1
27586, 1
27588, 1
27590, 1
27598, 1
27601, 1
27625, 1
27633, 2
27654, 1
27717, 1
28576, 1
28618, 1
28625, 2
28645, 1
28653, 1
28663, 1
28669, 1
28675, 1
28676, 1
28677, 1
28687, 1
28688, 1
28692, 1
28699, 1
28701, 1
28704, 1
28723, 1
28726, 1
28731, 1
28735, 1
28743, 1
28745, 1
28759, 1
28762, 1
28763, 1
28773, 1
28788, 2
28790, 2
28794, 1
28796, 1
28800, 1
28802, 2
28807, 1
28810, 1
28811, 1
28813, 1
28815, 1
28816, 2
28819, 1
28826, 1
28830, 1
28838, 2
28844, 2
28849, 1
28852, 2
28862, 1
28863, 1
28867, 1
28868, 1
28871, 2
28873, 1
28878, 1
28879, 1
28880, 2
28881, 1
28888, 1
28891, 1
28895, 1
28902, 1
28904, 1
28908, 1
28909, 1
28911, 1
28913, 1
28915, 1
28920, 1
28921, 1
28931, 1
28932, 1
28942, 1
28944, 1
28947, 1
28955, 1
28957, 1
28958, 2
28960, 1
28962, 1
28964, 1
28968, 2
28973, 1
28975, 1
28977, 1
28984, 3
28988, 1
28989, 2
28990, 2
28993, 1
28994, 1
29001, 1
29004, 1
29005, 1
29007, 1
29009, 1
29010, 1
29013, 2
29014, 2
29017, 1
29019, 1
29022, 1
29023, 1
29024, 1
29037, 1
29038, 1
29040, 2
29041, 1
29048, 1
29049, 1
29050, 1
29053, 1
29054, 1
29059, 1
29061, 2
29068, 1
29069, 1
29072, 1
29076, 1
29078, 2
29079, 1
29080, 1
29081, 1
29087, 2
29088, 1
29090, 1
29097, 1
29098, 2
29100, 1
29103, 1
29109, 1
29118, 1
29119, 1
29120, 1
29131, 1
29132, 2
29133, 1
29134, 1
29142, 1
29147, 1
29149, 2
29156, 1
29160, 1
29161, 2
29164, 1
29168, 1
29170, 1
29174, 1
29175, 2
29176, 1
29182, 2
29183, 1
29186, 1
29188, 1
29190, 2
29199, 1
29203, 1
29217, 1
29220, 1
29227, 2
29228, 2
29229, 1
29232, 1
29235, 1
29239, 1
29243, 1
29246, 1
29248, 1
29251, 1
29257, 2
29258, 1
29260, 1
29261, 1
29263, 1
29270, 2
29273, 1
29274, 1
29276, 2
29277, 1
29280, 1
29281, 1
29299, 1
29300, 6
29301, 2
29304, 1
29305, 1
29309, 3
29314, 1
29315, 1
29317, 1
29329, 1
29336, 2
29337, 1
29347, 1
29348, 1
29349, 1
29351, 1
29353, 1
29354, 1
29355, 2
29358, 1
29361, 2
29363, 1
29366, 1
29371, 2
29372, 1
29375, 1
29382, 2
29384, 2
29388, 1
29390, 1
29391, 1
29402, 2
29405, 1
29406, 2
29409, 3
29410, 1
29413, 1
29416, 1
29420, 1
29422, 1
29428, 1
29429, 1
29431, 1
29440, 1
29443, 1
29446, 2
29447, 1
29458, 1
29468, 1
29471, 1
29472, 2
29473, 1
29474, 2
29479, 2
29480, 1
29484, 1
29485, 1
29486, 1
29488, 1
29492, 1
29494, 1
29495, 1
29498, 1
29499, 1
29502, 1
29510, 1
29513, 1
29522, 2
29526, 1
29527, 1
29534, 1
29535, 1
29537, 1
29546, 1
29547, 1
29550, 1
29554, 3
29557, 1
29563, 2
29564, 1
29566, 1
29572, 1
29574, 1
29579, 1
29582, 1
29585, 1
29590, 1
29593, 1
29596, 1
29597, 1
29598, 1
29604, 1
29608, 1
29615, 1
29616, 1
29626, 1
29628, 1
29629, 2
29632, 1
29638, 1
29641, 1
29642, 2
29645, 1
29646, 1
29648, 1
29651, 1
29654, 1
29657, 1
29659, 1
29660, 1
29664, 1
29668, 1
29669, 1
29670, 1
29671, 1
29672, 1
29673, 1
29674, 1
29677, 1
29678, 1
29685, 1
29689, 2
29691, 1
29693, 2
29696, 2
29697, 1
29699, 1
29701, 1
29703, 1
29707, 1
29708, 2
29720, 1
29723, 2
29724, 1
29725, 1
29732, 2
29733, 1
29734, 1
29736, 1
29738, 1
29745, 2
29746, 1
29752, 1
29754, 1
29758, 1
29761, 1
29762, 2
29763, 1
29764, 1
29771, 1
29772, 1
29773, 1
29777, 1
29781, 1
29782, 2
29783, 1
29787, 1
29801, 1
29803, 1
29804, 1
29816, 1
29817, 1
29818, 2
29823, 1
29824, 1
29831, 1
29832, 1
29834, 1
29838, 1
29840, 1
29844, 2
29846, 1
29848, 1
29853, 2
29856, 1
29859, 1
29860, 1
29861, 1
29865, 1
29867, 1
29868, 1
29869, 1
29871, 1
29873, 1
29874, 1
29883, 1
29886, 1
29897, 1
29901, 1
29903, 1
29910, 2
29912, 2
29913, 1
29916, 1
29918, 1
29921, 1
29927, 1
29930, 1
29932, 1
29935, 1
29941, 2
29943, 1
29945, 2
29946, 1
29954, 1
29955, 1
29957, 1
29958, 1
29960, 2
29963, 2
29964, 1
29982, 1
29983, 3
29984, 2
29985, 1
29986, 1
29987, 1
29989, 2
29992, 1
29993, 1
29998, 1
29999, 1
30000, 1
30002, 1
30012, 2
30020, 1
30021, 1
30031, 1
30032, 1
30033, 1
30036, 1
30037, 2
30038, 1
30039, 1
30043, 1
30044, 1
30045, 1
30047, 1
30051, 1
30055, 1
30056, 1
30061, 1
30065, 1
30066, 1
30067, 1
30068, 1
30071, 1
30072, 1
30075, 1
30086, 1
30087, 1
30088, 1
30090, 1
30091, 1
30093, 2
30094, 1
30095, 1
30099, 1
30104, 1
30106, 1
30111, 1
30112, 1
30115, 1
30123, 1
30127, 1
30129, 1
30131, 1
30132, 1
30139, 1
30141, 1
30151, 1
30155, 1
30156, 1
30157, 1
30158, 3
30162, 1
30163, 1
30167, 1
30170, 1
30171, 1
30175, 1
30177, 1
30180, 1
30181, 2
30184, 1
30185, 2
30194, 1
30198, 1
30205, 1
30206, 1
30209, 1
30211, 1
30217, 1
30219, 2
30230, 1
30231, 1
30233, 1
30236, 1
30238, 1
30239, 1
30241, 1
30247, 3
30250, 1
30256, 1
30258, 1
30263, 1
30266, 1
30269, 1
30273, 1
30277, 1
30279, 1
30281, 2
30287, 1
30289, 1
30292, 1
30299, 2
30310, 1
30312, 1
30313, 2
30315, 1
30322, 1
30325, 1
30326, 2
30328, 1
30329, 1
30336, 1
30337, 1
30339, 1
30341, 1
30343, 2
30345, 1
30352, 2
30353, 1
30354, 1
30356, 2
30357, 1
30361, 2
30368, 1
30373, 2
30374, 1
30377, 1
30378, 1
30380, 3
30381, 1
30385, 1
30386, 1
30391, 3
30403, 1
30407, 2
30408, 1
30416, 2
30418, 1
30420, 1
30422, 1
30428, 1
30429, 2
30436, 1
30437, 1
30440, 1
30444, 1
30445, 1
30446, 1
30447, 1
30448, 1
30449, 1
30453, 1
30456, 1
30457, 2
30461, 1
30464, 1
30466, 2
30468, 1
30470, 1
30485, 1
30487, 1
30488, 1
30500, 1
30501, 3
30507, 1
30508, 1
30514, 1
30517, 1
30518, 1
30524, 1
30528, 1
30529, 2
30531, 1
30536, 1
30540, 1
30542, 2
30543, 1
30547, 1
30548, 1
30550, 1
30551, 2
30556, 1
30557, 1
30558, 1
30567, 1
30570, 1
30585, 1
30587, 1
30594, 1
30595, 2
30596, 2
30599, 1
30602, 1
30605, 1
30612, 1
30613, 1
30615, 1
30619, 1
30622, 1
30624, 1
30627, 1
30628, 1
30629, 1
30631, 1
30637, 2
30640, 1
30641, 1
30644, 2
30645, 1
30646, 1
30647, 1
30666, 1
30667, 3
30668, 3
30671, 1
30672, 1
30676, 1
30677, 2
30682, 1
30683, 1
30684, 1
30696, 1
30697, 1
30704, 2
30705, 1
30715, 2
30717, 1
30719, 1
30720, 1
30721, 2
30723, 1
30727, 1
30728, 2
30731, 1
30734, 1
30738, 1
30739, 1
30740, 1
30744, 1
30749, 1
30750, 2
30752, 1
30755, 1
30756, 1
30758, 1
30770, 2
30772, 1
30773, 2
30774, 1
30776, 1
30777, 1
30778, 2
30782, 1
30787, 1
30789, 1
30795, 1
30796, 1
30799, 1
30807, 1
30811, 1
30813, 1
30814, 1
30815, 1
30822, 1
30834, 1
30839, 1
30840, 3
30842, 1
30845, 1
30847, 1
30851, 1
30854, 2
30859, 1
30861, 1
30862, 1
30863, 1
30865, 1
30866, 1
30868, 1
30870, 1
30873, 1
30877, 1
30886, 1
30889, 2
30890, 1
30892, 1
30903, 2
30913, 1
30914, 1
30919, 1
30920, 1
30921, 1
30929, 1
30930, 2
30931, 1
30947, 1
30955, 1
31020, 1
33762, 1
33781, 1
33804, 1
33826, 1
33841, 1
33872, 1
33875, 1
33877, 1
33878, 1
33881, 1
33886, 1
33888, 1
33891, 1
33920, 1
33928, 1
33946, 1
33955, 1
33958, 1
33981, 2
33983, 2
33986, 1
33987, 1
33994, 1
33995, 1
33999, 1
34005, 1
34010, 1
34028, 2
34035, 1
34041, 1
34044, 1
34048, 2
34051, 1
34052, 1
34053, 1
34066, 1
34070, 1
34072, 1
34079, 1
34083, 1
34087, 2
34089, 1
34091, 1
34095, 1
34099, 1
34102, 1
34105, 1
34111, 1
34117, 1
34118, 1
34119, 1
34120, 2
34123, 1
34129, 1
34131, 1
34133, 1
34137, 1
34144, 2
34148, 1
34158, 1
34165, 1
34166, 2
34167, 1
34170, 1
34173, 1
34174, 1
34177, 1
34178, 1
34179, 2
34180, 1
34185, 1
34189, 1
34191, 1
34202, 1
34203, 1
34205, 1
34206, 1
34207, 1
34208, 1
34210, 1
34215, 1
34218, 1
34224, 1
34231, 3
34233, 1
34235, 1
34238, 1
34242, 2
34244, 1
34247, 1
34248, 1
34252, 1
34254, 1
34256, 1
34258, 2
34261, 1
34265, 1
34266, 1
34267, 1
34275, 1
34278, 2
34279, 1
34281, 1
34283, 1
34284, 1
34286, 1
34293, 1
34299, 1
34303, 1
34304, 2
34305, 1
34309, 1
34315, 1
34316, 1
34317, 1
34324, 1
34326, 1
34333, 1
34335, 1
34336, 1
34339, 1
34341, 1
34343, 1
34351, 1
34354, 1
34355, 1
34360, 1
34361, 1
34366, 1
34367, 2
34368, 2
34369, 1
34370, 1
34380, 2
34381, 1
34386, 1
34388, 1
34390, 1
34391, 1
34393, 1
34394, 1
34396, 1
34397, 1
34398, 1
34400, 1
34404, 1
34406, 2
34408, 1
34413, 2
34416, 1
34419, 1
34421, 1
34425, 1
34426, 1
34427, 2
34428, 1
34434, 1
34436, 1
34445, 1
34446, 1
34447, 1
34449, 1
34452, 1
34454, 1
34455, 2
34458, 1
34469, 2
34470, 2
34474, 1
34482, 1
34483, 1
34488, 1
34489, 1
34502, 1
34503, 1
34512, 1
34513, 1
34517, 1
34525, 1
34529, 1
34530, 1
34532, 2
34535, 1
34537, 1
34539, 1
34542, 1
34545, 1
34548, 1
34554, 1
34555, 1
34559, 1
34561, 1
34564, 2
34572, 2
34574, 1
34577, 1
34580, 1
34581, 1
34582, 1
34587, 1
34588, 1
34592, 1
34596, 1
34597, 1
34598, 2
34600, 2
34604, 2
34605, 1
34613, 1
34614, 1
34615, 1
34616, 1
34622, 1
34624, 1
34629, 1
34630, 2
34637, 1
34640, 1
34645, 1
34655, 1
34657, 1
34660, 1
34662, 1
34664, 2
34666, 1
34678, 1
34679, 1
34680, 1
34681, 1
34682, 1
34686, 1
34687, 1
34694, 1
34696, 1
34697, 1
34700, 2
34704, 1
34711, 1
34712, 1
34713, 1
34714, 1
34718, 1
34723, 1
34728, 1
34732, 1
34735, 2
34737, 1
34742, 1
34744, 1
34750, 1
34752, 1
34754, 2
34755, 2
34762, 1
34763, 1
34766, 1
34768, 1
34771, 1
34772, 1
34775, 1
34776, 2
34777, 2
34779, 1
34781, 1
34785, 1
34786, 1
34791, 1
34792, 1
34797, 1
34801, 1
34807, 1
34808, 1
34815, 1
34817, 1
34820, 1
34822, 1
34824, 1
34828, 1
34830, 2
34832, 3
34837, 1
34839, 1
34844, 1
34849, 1
34850, 1
34851, 1
34852, 1
34857, 1
34858, 1
34862, 1
34863, 1
34864, 3
34874, 2
34880, 1
34884, 1
34888, 1
34891, 1
34892, 1
34893, 1
34900, 1
34906, 1
34907, 1
34908, 1
34909, 1
34914, 1
34916, 1
34917, 1
34923, 1
34929, 1
34930, 1
34935, 1
34936, 1
34937, 1
34938, 1
34939, 2
34942, 1
34945, 1
34946, 1
34949, 1
34963, 1
34964, 1
34966, 1
34967, 2
34968, 1
34969, 1
34970, 1
34974, 1
34975, 1
34982, 1
34983, 1
34985, 1
34987, 1
34988, 1
34990, 1
34992, 2
34995, 1
34999, 1
35001, 1
35008, 2
35011, 1
35012, 1
35015, 1
35016, 1
35019, 1
35023, 2
35024, 2
35029, 1
35031, 1
35032, 1
35034, 1
35035, 1
35038, 1
35042, 1
35043, 1
35044, 1
35047, 1
35048, 1
35053, 1
35054, 1
35064, 1
35067, 1
35069, 1
35071, 1
35072, 1
35081, 1
35088, 3
35089, 1
35092, 2
35095, 1
35100, 1
35101, 1
35102, 1
35108, 1
35110, 1
35111, 1
35116, 2
35126, 1
35130, 2
35131, 1
35134, 3
35138, 1
35141, 2
35147, 1
35149, 1
35150, 1
35153, 2
35156, 1
35160, 1
35166, 1
35173, 2
35175, 1
35176, 1
35178, 1
35179, 1
35183, 1
35184, 1
35185, 1
35191, 2
35195, 1
35199, 1
35208, 1
35209, 1
35210, 1
35213, 1
35215, 2
35217, 1
35219, 1
35223, 1
35225, 1
35227, 1
35231, 1
35235, 1
35236, 1
35245, 1
35246, 1
35251, 1
35253, 1
35254, 1
35256, 2
35258, 1
35261, 1
35266, 1
35271, 1
35276, 1
35280, 1
35282, 2
35284, 1
35288, 2
35290, 1
35296, 1
35297, 1
35299, 1
35305, 1
35308, 1
35310, 1
35311, 1
35313, 1
35322, 1
35323, 1
35324, 1
35330, 1
35338, 1
35339, 1
35341, 1
35344, 1
35345, 1
35346, 1
35354, 1
35355, 1
35359, 1
35360, 1
35363, 2
35366, 2
35367, 1
35370, 1
35372, 1
35380, 1
35382, 1
35383, 1
35384, 2
35390, 1
35393, 1
35395, 1
35396, 2
35411, 1
35414, 1
35415, 2
35418, 1
35419, 1
35421, 2
35422, 1
35428, 1
35437, 1
35446, 1
35451, 1
35455, 1
35456, 1
35457, 2
35459, 3
35462, 1
35463, 1
35464, 1
35466, 1
35467, 1
35471, 1
35473, 1
35475, 1
35479, 2
35481, 1
35487, 1
35490, 1
35492, 1
35496, 1
35504, 1
35511, 2
35512, 1
35513, 1
35514, 1
35516, 2
35517, 2
35523, 1
35530, 1
35533, 1
35534, 1
35537, 1
35538, 1
35539, 1
35542, 1
35543, 1
35546, 1
35548, 1
35551, 1
35554, 1
35557, 1
35558, 1
35560, 1
35563, 1
35568, 1
35569, 1
35571, 1
35585, 1
35588, 1
35589, 2
35591, 1
35593, 1
35599, 1
35600, 2
35602, 1
35606, 1
35608, 1
35610, 2
35613, 1
35614, 2
35615, 1
35617, 1
35619, 1
35622, 1
35623, 1
35628, 1
35632, 2
35636, 1
35637, 1
35643, 1
35646, 1
35647, 1
35652, 1
35657, 1
35661, 1
35662, 1
35666, 1
35672, 1
35673, 1
35674, 1
35675, 1
35676, 1
35683, 1
35684, 1
35685, 1
35689, 1
35691, 1
35692, 1
35693, 1
35696, 1
35702, 1
35703, 1
35706, 1
35708, 1
35710, 1
35713, 1
35714, 1
35715, 1
35716, 1
35717, 2
35718, 1
35722, 1
35725, 1
35731, 2
35732, 1
35734, 1
35735, 1
35737, 1
35745, 1
35748, 1
35750, 1
35751, 1
35752, 1
35754, 1
35755, 2
35756, 1
35757, 1
35758, 1
35760, 2
35763, 2
35765, 3
35770, 1
35771, 2
35772, 1
35774, 3
35775, 2
35779, 1
35782, 1
35784, 1
35786, 1
35787, 2
35794, 2
35800, 1
35801, 2
35807, 3
35808, 1
35812, 1
35814, 1
35815, 1
35816, 1
35817, 1
35822, 1
35825, 1
35829, 1
35831, 1
35832, 1
35833, 1
35834, 1
35840, 1
35841, 1
35846, 1
35851, 1
35856, 1
35857, 1
35861, 1
35863, 1
35868, 1
35869, 1
35872, 1
35875, 1
35876, 1
35877, 2
35879, 2
35880, 1
35883, 1
35884, 1
35892, 2
35894, 1
35895, 1
35897, 1
35900, 1
35902, 1
35904, 1
35906, 1
35907, 1
35909, 1
35910, 1
35915, 1
35917, 1
35923, 1
35926, 1
35927, 1
35928, 2
35929, 1
35930, 1
35931, 1
35932, 1
35936, 3
35938, 1
35939, 1
35940, 2
35942, 1
35943, 1
35944, 2
35946, 1
35947, 1
35953, 1
35957, 1
35959, 1
35960, 1
35961, 1
35964, 1
35968, 1
35971, 3
35972, 1
35975, 2
35980, 1
35982, 2
35984, 1
35985, 1
35988, 1
35997, 1
36001, 1
36005, 1
36007, 1
36009, 1
36013, 1
36014, 1
36015, 1
36017, 1
36019, 1
36022, 1
36028, 1
36030, 1
36032, 2
36034, 1
36037, 1
36038, 1
36039, 1
36040, 1
36041, 1
36043, 1
36047, 1
36048, 1
36049, 2
36050, 1
36057, 1
36060, 1
36062, 1
36064, 1
36070, 1
36074, 1
36076, 1
36077, 1
36078, 1
36079, 1
36080, 1
36081, 1
36086, 1
36098, 1
36100, 1
36102, 1
36105, 2
36109, 2
36110, 1
36112, 1
36116, 1
36119, 1
36121, 1
36123, 1
36124, 2
36126, 1
36127, 2
36128, 2
36130, 1
36139, 1
36140, 2
36141, 1
36144, 1
36146, 1
36152, 1
36153, 1
36155, 1
36156, 1
36157, 1
36158, 1
36162, 1
36163, 1
36169, 1
36170, 1
36171, 1
36172, 1
36175, 1
36181, 2
36185, 1
36189, 2
36193, 1
36195, 1
36196, 2
36209, 1
36210, 1
36216, 1
36217, 1
36220, 1
36224, 1
36225, 1
36229, 1
36230, 1
36239, 1
36240, 1
36242, 1
36251, 1
36256, 1
36258, 1
36259, 1
36260, 1
36263, 1
36264, 1
36265, 1
36271, 2
36272, 2
36277, 1
36282, 1
36283, 1
36285, 1
36289, 1
36293, 1
36294, 1
36295, 1
36297, 1
36298, 1
36302, 1
36304, 1
36309, 1
36311, 1
36316, 1
36317, 1
36327, 1
36333, 1
36341, 1
36345, 1
36347, 1
36348, 1
36349, 1
36352, 1
36354, 1
36356, 1
36358, 1
36372, 1
36386, 1
36389, 1
36395, 1
36397, 1
36407, 1
36414, 2
36427, 1
36431, 1
36436, 1
36443, 1
36445, 1
36447, 2
36453, 2
36480, 1
36486, 1
36488, 1
36493, 1
36494, 1
36503, 1
36504, 1
36505, 1
36506, 1
36510, 1
36515, 1
36516, 1
36522, 1
36527, 1
36537, 1
36540, 1
36541, 1
36547, 1
36552, 1
36555, 1
36563, 1
36576, 1
36585, 1
36597, 1
36608, 1
36615, 1
36628, 1
36631, 2
36635, 1
36638, 1
36643, 1
36644, 2
36648, 1
36650, 1
36667, 1
36677, 1
36678, 1
36679, 1
36680, 1
36683, 1
36685, 2
36686, 1
36702, 1
36713, 1
36728, 1
36730, 1
36745, 1
36754, 1
36759, 1
36762, 1
36773, 2
36779, 1
36792, 2
36795, 1
36807, 1
36810, 1
36812, 1
36814, 1
36821, 1
36823, 1
36826, 1
36827, 1
36834, 1
36837, 1
36840, 1
36845, 2
36847, 1
36851, 1
36855, 1
36857, 1
36858, 1
36874, 1
36877, 1
36880, 1
36895, 1
36898, 1
36903, 1
36904, 1
36919, 1
36928, 1
36929, 1
36930, 1
36939, 2
36947, 1
36953, 1
36954, 2
36958, 1
36961, 1
36972, 1
36977, 1
36985, 2
36992, 1
36993, 1
36997, 2
37014, 1
37022, 1
37032, 1
37033, 1
37041, 1
37049, 1
37051, 1
37054, 1
37058, 1
37064, 1
37072, 1
37078, 1
37084, 1
37093, 1
37107, 1
37110, 1
37113, 1
37114, 1
37120, 1
37124, 1
37125, 1
37131, 1
37136, 1
37139, 1
37142, 1
37144, 1
37170, 1
37176, 1
37179, 1
37186, 1
37191, 1
37194, 1
37196, 1
37201, 1
37208, 1
37214, 1
37219, 1
37223, 1
37224, 1
37229, 2
37236, 1
37237, 2
37238, 1
37245, 1
37260, 1
37269, 1
37280, 2
37286, 1
37299, 1
37303, 1
37304, 1
37305, 1
37306, 1
37310, 1
37317, 1
37330, 1
37344, 1
37359, 1
37363, 1
37367, 1
37369, 1
37377, 1
37391, 1
37392, 1
37393, 1
37396, 1
37399, 1
37402, 1
37408, 1
37412, 1
37429, 1
37431, 1
37432, 1
37434, 1
37442, 1
37445, 2
37455, 2
37460, 1
37468, 1
37476, 1
37481, 1
37482, 1
37498, 1
37510, 1
37511, 1
37516, 1
37520, 1
37523, 1
37530, 1
37539, 3
37554, 1
37561, 1
37568, 1
37574, 1
37578, 1
37579, 1
37582, 1
37586, 1
37596, 1
37597, 1
37609, 1
37611, 1
37615, 1
37618, 1
37621, 1
37631, 2
37636, 1
37639, 2
37640, 2
37647, 1
37659, 1
37660, 1
37668, 1
37671, 1
37676, 1
37677, 1
37704, 1
37705, 1
37710, 1
37714, 2
37716, 1
37720, 1
37723, 1
37724, 1
37726, 2
37735, 1
37736, 2
37738, 1
37740, 1
37741, 1
37743, 1
37757, 1
37764, 1
37768, 1
37771, 1
37776, 1
37781, 1
37782, 1
37787, 1
37792, 1
37796, 1
37798, 1
37799, 1
37801, 1
37806, 2
37807, 1
37808, 1
37812, 1
37815, 1
37817, 1
37819, 1
37820, 1
37822, 1
37826, 1
37829, 1
37833, 1
37846, 1
37847, 1
37848, 2
37850, 1
37851, 1
37852, 1
37855, 1
37857, 1
37858, 1
37859, 1
37867, 1
37871, 2
37873, 1
37874, 1
37878, 1
37881, 1
37883, 1
37885, 1
37887, 1
37889, 1
37891, 2
37897, 1
37904, 1
37905, 1
37919, 1
37924, 1
37925, 1
37929, 1
37930, 1
37936, 1
37939, 1
37943, 1
37946, 1
37954, 1
37959, 1
37960, 1
37961, 2
37965, 1
37968, 2
37979, 1
37981, 1
37983, 1
37984, 1
37987, 1
37998, 1
37999, 2
38002, 2
38013, 1
38015, 1
38016, 2
38030, 1
38038, 1
38045, 1
38046, 1
38060, 1
38067, 2
38073, 1
38076, 1
38078, 1
38084, 2
38086, 2
38090, 1
38097, 1
38121, 1
38125, 1
38132, 1
38135, 1
38139, 1
38148, 1
38153, 1
38155, 1
38161, 1
38163, 1
38166, 1
38167, 1
38178, 1
38179, 1
38182, 1
38189, 1
38194, 1
38200, 1
38206, 1
38207, 1
38223, 1
38228, 2
38232, 1
38245, 1
38249, 1
38250, 1
38251, 1
38259, 1
38261, 1
38268, 1
38275, 1
38285, 1
38291, 1
38300, 1
38307, 1
38310, 1
38317, 1
38320, 1
38321, 1
38327, 2
38331, 1
38334, 1
38337, 1
38339, 1
38343, 1
38348, 1
38356, 1
38359, 1
38365, 1
38369, 1
38376, 2
38379, 1
38381, 1
38387, 1
38388, 1
38398, 1
38408, 1
38419, 1
38425, 1
38438, 1
38440, 1
38450, 1
38452, 1
38454, 1
38471, 1
38475, 1
38477, 1
38478, 1
38485, 1
38490, 1
38492, 1
38495, 1
38500, 1
38503, 1
38504, 1
38507, 1
38513, 1
38525, 1
38529, 2
38530, 1
38531, 1
38535, 1
38536, 1
38538, 1
38539, 1
38542, 2
38543, 1
38550, 1
38557, 1
38558, 1
38562, 1
38566, 1
38567, 1
38568, 1
38571, 1
38572, 1
38589, 1
38590, 1
38592, 1
38607, 1
38609, 1
38614, 1
38619, 1
38620, 1
38623, 1
38628, 1
38629, 1
38631, 1
38632, 1
38634, 1
38639, 1
38645, 1
38646, 1
38648, 1
38655, 1
38663, 2
38667, 1
38675, 1
38676, 1
38677, 1
38679, 1
38680, 1
38682, 2
38686, 2
38690, 1
38692, 1
38693, 1
38697, 1
38698, 1
38699, 1
38700, 1
38702, 2
38704, 1
38707, 1
38712, 1
38713, 2
38714, 1
38716, 1
38718, 1
38719, 1
38722, 1
38724, 2
38725, 1
38726, 1
38729, 1
38730, 1
38735, 2
38744, 3
38746, 1
38747, 1
38751, 2
38755, 2
38756, 1
38758, 1
38760, 2
38761, 1
38762, 1
38763, 1
38767, 1
38768, 1
38770, 2
38772, 1
38773, 1
38774, 1
38775, 1
38776, 1
38781, 1
38782, 1
38786, 1
38788, 1
38791, 1
38792, 1
38797, 2
38799, 1
38800, 1
38804, 2
38805, 1
38806, 1
38808, 1
38809, 1
38810, 3
38816, 1
38817, 1
38823, 1
38824, 1
38826, 1
38831, 2
38833, 1
38836, 1
38837, 1
38839, 1
38840, 1
38841, 1
38842, 2
38845, 1
38846, 1
38847, 2
38848, 1
38850, 1
38855, 1
38859, 1
38860, 1
38861, 1
38862, 1
38864, 1
38867, 1
38868, 1
38869, 1
38872, 1
38873, 1
38875, 1
38879, 1
38880, 1
38883, 1
38885, 3
38888, 1
38890, 2
38891, 1
38892, 2
38899, 1
38904, 1
38906, 1
38907, 1
38910, 2
38912, 2
38914, 1
38916, 2
38921, 1
38926, 3
38927, 1
38928, 2
38932, 1
38933, 2
38934, 1
38936, 1
38938, 1
38942, 1
38943, 1
38944, 1
38945, 1
38947, 1
38948, 1
38949, 1
38952, 1
38953, 1
38956, 1
38958, 1
38959, 1
38962, 1
38964, 1
38965, 1
38970, 1
38971, 2
38974, 1
38976, 1
38981, 1
38984, 2
38985, 1
38989, 1
38990, 2
38994, 1
38997, 2
38999, 1
39001, 1
39003, 1
39004, 1
39006, 1
39011, 2
39015, 1
39017, 1
39018, 1
39020, 1
39023, 3
39024, 1
39026, 1
39028, 1
39031, 1
39033, 1
39034, 1
39039, 1
39040, 1
39041, 1
39042, 2
39043, 1
39045, 2
39047, 2
39048, 1
39049, 1
39052, 1
39053, 1
39056, 1
39059, 2
39060, 1
39063, 1
39064, 1
39067, 1
39069, 1
39070, 1
39072, 1
39074, 1
39076, 2
39078, 1
39079, 2
39080, 1
39082, 2
39083, 1
39085, 1
39087, 1
39089, 1
39091, 2
39093, 2
39098, 1
39099, 1
39100, 1
39104, 1
39106, 1
39107, 1
39108, 2
39114, 3
39115, 1
39117, 2
39121, 1
39122, 1
39124, 1
39126, 1
39133, 1
39134, 1
39136, 1
39138, 1
39139, 1
39140, 1
39149, 1
39151, 1
39155, 1
39158, 1
39159, 2
39161, 2
39163, 2
39167, 1
39169, 1
39170, 1
39172, 1
39173, 2
39174, 1
39176, 2
39178, 1
39182, 1
39183, 1
39184, 2
39185, 1
39186, 1
39189, 2
39191, 1
39195, 1
39196, 1
39197, 1
39198, 2
39203, 1
39204, 1
39209, 1
39210, 1
39211, 1
39212, 2
39214, 1
39216, 1
39217, 1
39218, 1
39222, 1
39223, 3
39226, 1
39227, 2
39229, 1
39234, 2
39236, 2
39237, 1
39238, 1
39240, 1
39241, 2
39242, 1
39244, 1
39245, 1
39246, 1
39247, 1
39249, 2
39252, 1
39253, 1
39255, 3
39263, 1
39266, 1
39272, 1
39274, 1
39275, 1
39278, 1
39286, 1
39287, 1
39291, 3
39292, 4
39295, 1
39297, 1
39302, 2
39304, 1
39307, 1
39311, 1
39312, 1
39313, 1
39315, 2
39318, 1
39323, 2
39329, 2
39332, 1
39336, 1
39338, 2
39339, 1
39347, 1
39351, 1
39356, 1
39359, 2
39360, 1
39361, 1
39362, 1
39363, 1
39364, 1
39366, 1
39367, 1
39369, 1
39375, 1
39376, 1
39377, 2
39380, 2
39381, 1
39383, 2
39385, 1
39387, 1
39388, 1
39389, 1
39390, 1
39391, 1
39396, 2
39397, 1
39398, 1
39402, 2
39405, 1
39407, 2
39409, 1
39410, 1
39412, 1
39413, 2
39416, 1
39417, 1
39418, 1
39419, 1
39421, 1
39424, 1
39427, 1
39428, 2
39430, 1
39431, 1
39434, 1
39435, 1
39439, 1
39441, 1
39443, 1
39444, 1
39446, 1
39447, 1
39449, 1
39451, 1
39452, 1
39453, 2
39457, 2
39460, 2
39462, 1
39465, 2
39469, 1
39475, 1
39480, 1
39482, 1
39484, 1
39488, 2
39490, 2
39492, 1
39493, 1
39494, 3
39498, 1
39500, 1
39501, 1
39506, 1
39507, 1
39508, 1
39509, 2
39514, 1
39516, 1
39517, 1
39520, 2
39523, 1
39525, 1
39526, 3
39529, 1
39531, 3
39532, 1
39533, 1
39538, 1
39540, 1
39543, 2
39546, 2
39548, 1
39550, 1
39553, 1
39556, 1
39558, 2
39561, 1
39562, 1
39564, 1
39567, 1
39568, 1
39569, 1
39572, 1
39573, 2
39574, 1
39575, 1
39577, 1
39582, 1
39587, 1
39590, 1
39591, 1
39594, 2
39596, 2
39598, 1
39599, 1
39601, 1
39604, 1
39610, 1
39611, 2
39612, 1
39613, 1
39617, 1
39618, 2
39620, 1
39624, 1
39626, 1
39627, 2
39628, 1
39629, 1
39631, 1
39633, 1
39636, 1
39637, 1
39640, 1
39642, 2
39645, 1
39649, 2
39650, 1
39653, 1
39655, 1
39657, 1
39658, 2
39659, 2
39661, 1
39666, 1
39667, 1
39668, 1
39669, 1
39674, 2
39678, 1
39681, 2
39683, 1
39685, 1
39686, 1
39688, 1
39689, 1
39695, 2
39698, 1
39701, 1
39702, 1
39703, 2
39706, 1
39707, 1
39708, 1
39710, 1
39711, 1
39715, 1
39717, 1
39718, 1
39723, 1
39724, 1
39725, 3
39726, 1
39727, 1
39730, 1
39731, 1
39733, 2
39736, 1
39737, 1
39739, 1
39743, 1
39744, 2
39746, 1
39748, 1
39750, 1
39754, 2
39757, 1
39758, 1
39759, 1
39761, 2
39762, 2
39764, 1
39765, 2
39766, 1
39767, 1
39769, 1
39770, 1
39774, 1
39775, 1
39777, 1
39778, 1
39782, 1
39783, 1
39785, 1
39787, 1
39789, 1
39790, 1
39791, 2
39792, 1
39797, 1
39798, 1
39799, 1
39800, 2
39806, 2
39810, 2
39811, 1
39817, 1
39819, 1
39822, 2
39824, 1
39825, 1
39833, 1
39834, 1
39838, 1
39842, 2
39843, 1
39844, 2
39846, 2
39851, 2
39853, 1
39857, 2
39858, 1
39859, 1
39860, 1
39863, 1
39866, 1
39867, 1
39868, 1
39870, 1
39874, 2
39878, 1
39880, 1
39881, 3
39884, 1
39887, 1
39893, 1
39895, 1
39896, 1
39897, 1
39899, 1
39902, 1
39906, 2
39907, 1
39910, 1
39911, 1
39913, 1
39919, 2
39920, 2
39921, 1
39922, 1
39923, 1
39924, 1
39925, 2
39926, 1
39928, 1
39929, 1
39931, 1
39933, 1
39934, 1
39935, 1
39937, 2
39938, 2
39940, 1
39947, 1
39949, 1
39956, 1
39957, 1
39963, 1
39968, 1
39969, 1
39973, 1
39974, 1
39975, 1
39976, 1
39980, 1
39982, 1
39985, 1
39988, 1
39993, 1
39995, 1
39999, 2
40000, 1
40002, 1
40006, 1
40012, 1
40013, 1
40021, 2
40022, 1
40039, 1
40040, 1
40042, 1
40044, 1
40045, 1
40046, 1
40047, 2
40048, 1
40058, 1
40060, 1
40066, 1
40068, 1
40070, 1
40074, 2
40075, 1
40079, 1
40080, 3
40085, 1
40086, 2
40089, 1
40091, 1
40093, 2
40100, 1
40102, 2
40103, 1
40104, 1
40112, 3
40115, 1
40116, 1
40119, 1
40122, 1
40123, 1
40127, 1
40131, 1
40133, 1
40140, 1
40143, 1
40144, 1
40149, 1
40154, 1
40159, 1
40163, 1
40166, 1
40168, 1
40172, 1
40173, 1
40176, 1
40177, 1
40178, 2
40184, 1
40191, 1
40192, 1
40193, 1
40198, 1
40200, 1
40201, 1
40204, 1
40206, 1
40208, 2
40210, 2
40214, 1
40216, 1
40223, 1
40227, 1
40228, 3
40229, 1
40232, 1
40233, 1
40236, 1
40242, 1
40243, 1
40246, 1
40247, 1
40251, 1
40252, 1
40253, 1
40255, 1
40257, 1
40258, 1
40260, 1
40267, 1
40271, 1
40274, 1
40278, 2
40282, 1
40284, 1
40288, 1
40294, 2
40296, 1
40303, 1
40307, 1
40311, 1
40312, 1
40313, 1
40317, 1
40321, 1
40323, 1
40325, 1
40329, 1
40332, 1
40333, 1
40339, 2
40342, 1
40343, 2
40344, 1
40349, 1
40351, 1
40353, 1
40358, 1
40364, 1
40366, 1
40367, 1
40371, 1
40381, 1
40385, 2
40390, 1
40391, 1
40395, 1
40401, 1
40402, 1
40407, 1
40409, 2
40410, 2
40414, 1
40416, 2
40420, 1
40422, 1
40426, 1
40434, 1
40437, 1
40438, 1
40443, 1
40444, 1
40445, 1
40446, 1
40447, 1
40448, 1
40449, 1
40450, 1
40451, 1
40452, 1
40453, 1
40457, 1
40462, 1
40466, 2
40468, 1
40473, 1
40474, 2
40476, 1
40481, 1
40482, 2
40483, 1
40484, 1
40485, 1
40490, 1
40494, 1
40501, 1
40505, 1
40507, 1
40518, 1
40525, 1
40526, 1
40527, 2
40530, 1
40534, 1
40536, 1
40540, 2
40542, 1
40543, 1
40550, 3
40551, 1
40556, 1
40557, 1
40559, 1
40563, 1
40565, 1
40567, 1
40570, 1
40572, 1
40576, 2
40579, 1
40580, 1
40590, 2
40592, 1
40595, 1
40597, 1
40602, 1
40603, 2
40604, 2
40605, 1
40606, 1
40607, 1
40612, 1
40613, 1
40614, 1
40617, 1
40618, 1
40620, 1
40622, 1
40623, 1
40630, 1
40642, 1
40646, 1
40650, 1
40652, 1
40657, 1
40658, 2
40660, 1
40663, 1
40666, 1
40668, 1
40679, 1
40681, 1
40682, 3
40686, 1
40691, 1
40692, 1
40694, 1
40703, 1
40705, 1
40707, 1
40723, 1
40724, 1
40729, 1
40731, 1
40749, 2
40751, 1
40756, 1
40763, 2
40764, 1
40769, 1
40775, 1
40776, 1
40786, 2
40787, 1
40795, 1
40796, 1
40797, 1
40798, 1
40810, 1
40814, 1
40815, 1
40823, 1
40837, 1
40842, 1
40849, 1
40852, 1
40859, 1
40862, 1
40874, 1
40881, 1
40884, 1
40894, 1
40911, 1
40919, 1
40979, 1
42207, 1
42221, 1
42222, 1
42224, 1
42235, 1
42250, 1
42257, 1
42258, 2
42261, 1
42262, 1
42294, 1
42308, 1
42311, 2
42320, 2
42321, 3
42325, 1
42326, 1
42328, 1
42329, 1
42330, 1
42338, 2
42340, 1
42345, 1
42347, 1
42350, 2
42353, 1
42355, 1
42361, 1
42362, 1
42365, 2
42366, 1
42367, 1
42371, 2
42372, 1
42373, 1
42374, 3
42378, 1
42380, 1
42381, 1
42382, 1
42383, 1
42385, 1
42386, 1
42387, 2
42395, 1
42401, 1
42405, 2
42410, 1
42416, 1
42417, 1
42419, 2
42421, 1
42423, 2
42426, 3
42432, 1
42434, 1
42436, 1
42437, 2
42440, 1
42442, 1
42443, 1
42447, 1
42449, 1
42450, 1
42452, 1
42454, 1
42465, 1
42467, 2
42472, 1
42474, 2
42479, 1
42480, 1
42482, 1
42483, 3
42484, 1
42485, 3
42486, 3
42488, 1
42490, 1
42494, 2
42495, 1
42497, 2
42499, 1
42501, 1
42506, 1
42510, 1
42513, 2
42514, 1
42515, 1
42516, 1
42521, 1
42523, 2
42525, 1
42528, 1
42529, 1
42537, 2
42538, 2
42539, 1
42541, 2
42542, 1
42543, 1
42545, 1
42546, 4
42548, 2
42549, 1
42551, 4
42552, 1
42554, 2
42555, 1
42556, 1
42567, 1
42568, 1
42571, 1
42573, 1
42576, 2
42577, 1
42585, 2
42586, 1
42588, 2
42590, 2
42592, 1
42600, 1
42601, 1
42604, 1
42605, 2
42610, 2
42613, 1
42614, 1
42615, 3
42617, 1
42618, 2
42620, 1
42626, 1
42629, 1
42632, 1
42633, 1
42634, 1
42639, 2
42643, 2
42645, 1
42646, 1
42647, 1
42651, 1
42652, 1
42653, 1
42656, 2
42657, 2
42658, 1
42660, 1
42661, 1
42666, 1
42667, 2
42671, 2
42672, 2
42679, 1
42680, 1
42681, 2
42685, 1
42686, 1
42693, 1
42697, 1
42699, 1
42700, 1
42701, 1
42703, 2
42707, 1
42708, 1
42712, 2
42713, 1
42716, 2
42719, 1
42727, 1
42729, 2
42731, 1
42733, 1
42735, 1
42737, 1
42738, 1
42740, 1
42744, 1
42745, 1
42746, 1
42747, 2
42748, 1
42755, 1
42756, 2
42757, 1
42759, 2
42760, 1
42763, 1
42764, 1
42765, 1
42766, 3
42767, 2
42768, 2
42769, 1
42770, 1
42774, 2
42775, 2
42780, 1
42781, 1
42782, 2
42785, 1
42787, 1
42790, 1
42792, 1
42796, 1
42798, 2
42801, 1
42805, 1
42807, 1
42810, 1
42813, 1
42814, 1
42815, 1
42818, 2
42820, 2
42823, 1
42824, 1
42826, 1
42828, 1
42832, 1
42838, 2
42844, 2
42845, 2
42849, 2
42850, 1
42851, 1
42854, 1
42856, 1
42858, 1
42862, 1
42864, 1
42865, 1
42868, 1
42873, 1
42875, 1
42876, 1
42877, 1
42878, 1
42881, 1
42882, 2
42883, 1
42884, 2
42886, 1
42888, 2
42891, 1
42892, 1
42894, 1
42895, 1
42900, 1
42902, 2
42903, 1
42904, 1
42905, 1
42906, 3
42907, 1
42909, 1
42913, 1
42915, 2
42918, 1
42925, 2
42926, 2
42928, 1
42932, 1
42933, 1
42936, 1
42938, 1
42939, 2
42940, 1
42941, 1
42942, 1
42943, 1
42945, 1
42946, 1
42949, 1
42950, 1
42952, 1
42956, 1
42962, 1
42965, 1
42978, 1
42979, 1
42981, 1
42984, 1
42992, 2
42995, 2
42996, 1
42998, 1
42999, 1
43001, 1
43003, 2
43006, 1
43007, 1
43008, 2
43009, 1
43013, 1
43014, 3
43020, 2
43021, 1
43022, 1
43024, 1
43026, 2
43030, 1
43031, 2
43033, 1
43034, 1
43036, 2
43039, 1
43041, 1
43044, 1
43045, 1
43046, 1
43048, 2
43049, 1
43050, 1
43054, 2
43055, 1
43056, 1
43057, 2
43058, 2
43062, 1
43063, 1
43065, 2
43066, 1
43067, 1
43068, 1
43070, 3
43071, 1
43081, 1
43083, 2
43084, 1
43088, 1
43090, 1
43093, 1
43098, 1
43102, 1
43103, 2
43104, 2
43106, 1
43109, 1
43110, 1
43116, 1
43119, 1
43121, 3
43123, 1
43124, 1
43126, 2
43127, 1
43131, 1
43133, 1
43134, 1
43136, 1
43137, 1
43146, 1
43148, 1
43150, 1
43151, 3
43156, 1
43162, 2
43164, 1
43166, 3
43167, 2
43168, 2
43169, 4
43170, 2
43171, 1
43174, 2
43178, 2
43179, 2
43180, 1
43182, 1
43184, 1
43185, 1
43194, 1
43195, 1
43197, 1
43198, 1
43199, 2
43201, 1
43204, 2
43207, 2
43209, 1
43212, 1
43214, 1
43221, 3
43224, 1
43226, 2
43229, 1
43230, 1
43231, 1
43232, 1
43233, 1
43234, 1
43235, 1
43236, 2
43237, 2
43238, 1
43239, 2
43241, 1
43249, 1
43254, 1
43255, 1
43257, 1
43260, 2
43269, 1
43272, 1
43273, 1
43274, 2
43277, 1
43284, 1
43287, 1
43289, 1
43292, 1
43293, 2
43294, 1
43297, 2
43298, 1
43301, 2
43302, 2
43303, 2
43309, 1
43313, 1
43315, 1
43316, 1
43317, 2
43319, 1
43324, 1
43326, 1
43327, 1
43329, 1
43330, 1
43331, 1
43336, 1
43340, 2
43341, 2
43342, 1
43344, 1
43345, 2
43350, 3
43351, 1
43352, 1
43355, 1
43356, 2
43357, 1
43359, 1
43361, 1
43364, 1
43365, 1
43367, 1
43369, 2
43370, 1
43373, 1
43382, 1
43384, 2
43385, 1
43387, 1
43390, 1
43391, 1
43394, 1
43395, 1
43396, 1
43398, 1
43399, 1
43400, 1
43402, 1
43410, 1
43412, 1
43414, 1
43416, 1
43420, 1
43422, 1
43423, 3
43429, 2
43432, 2
43436, 1
43438, 1
43439, 1
43440, 1
43441, 2
43442, 1
43446, 1
43448, 2
43450, 2
43451, 2
43452, 1
43453, 1
43457, 2
43458, 1
43459, 1
43461, 1
43463, 1
43465, 1
43466, 1
43467, 1
43469, 1
43472, 1
43473, 1
43476, 2
43481, 1
43486, 1
43487, 1
43488, 2
43490, 1
43493, 1
43495, 1
43500, 1
43504, 1
43506, 1
43507, 2
43508, 1
43509, 1
43510, 1
43512, 1
43514, 1
43516, 1
43517, 1
43521, 1
43522, 1
43523, 1
43524, 1
43526, 1
43528, 1
43529, 2
43532, 1
43533, 1
43534, 1
43537, 1
43539, 1
43540, 1
43541, 2
43550, 1
43551, 2
43552, 1
43555, 1
43557, 1
43560, 1
43561, 1
43564, 1
43565, 1
43566, 1
43567, 2
43569, 1
43571, 1
43574, 1
43579, 1
43585, 2
43588, 2
43589, 2
43590, 2
43591, 2
43593, 1
43595, 2
43596, 1
43598, 1
43599, 1
43603, 2
43609, 1
43610, 2
43615, 1
43616, 1
43617, 1
43622, 2
43623, 1
43624, 2
43625, 1
43626, 1
43627, 1
43629, 1
43630, 1
43634, 1
43636, 1
43640, 1
43643, 1
43644, 1
43647, 1
43650, 1
43651, 1
43652, 1
43653, 1
43657, 1
43658, 1
43663, 1
43664, 1
43666, 1
43667, 1
43669, 1
43675, 1
43677, 1
43679, 2
43681, 2
43687, 2
43688, 2
43689, 1
43690, 2
43691, 2
43692, 2
43693, 1
43695, 1
43698, 2
43704, 1
43705, 3
43709, 2
43714, 1
43715, 1
43718, 1
43720, 1
43721, 1
43723, 1
43728, 1
43729, 2
43731, 1
43738, 1
43739, 1
43740, 1
43741, 2
43742, 1
43743, 1
43747, 2
43748, 1
43749, 1
43751, 1
43753, 2
43755, 3
43756, 1
43760, 1
43762, 1
43765, 1
43767, 3
43768, 1
43772, 1
43773, 1
43776, 1
43782, 1
43784, 2
43787, 3
43793, 1
43794, 1
43799, 1
43800, 1
43804, 1
43806, 1
43808, 1
43810, 2
43811, 1
43814, 1
43816, 1
43817, 1
43819, 1
43820, 1
43822, 1
43823, 1
43831, 1
43832, 1
43835, 1
43840, 1
43841, 1
43842, 1
43846, 1
43848, 1
43849, 1
43851, 5
43852, 1
43853, 2
43854, 2
43856, 1
43857, 3
43861, 1
43863, 2
43864, 1
43865, 1
43867, 1
43868, 1
43870, 1
43880, 1
43881, 2
43883, 3
43885, 1
43887, 1
43891, 1
43894, 1
43895, 1
43897, 2
43900, 1
43904, 1
43905, 2
43907, 1
43908, 1
43909, 2
43913, 1
43914, 2
43916, 2
43917, 1
43918, 1
43919, 3
43920, 1
43921, 1
43923, 2
43934, 1
43936, 1
43938, 1
43941, 1
43944, 2
43952, 1
43956, 2
43957, 1
43958, 1
43960, 1
43963, 1
43967, 1
43968, 1
43969, 1
43970, 1
43973, 1
43976, 1
43977, 1
43978, 1
43981, 2
43982, 1
43983, 2
43985, 2
43987, 1
43988, 2
43993, 1
43994, 1
43997, 1
43999, 1
44000, 1
44001, 2
44002, 1
44007, 1
44009, 1
44010, 1
44011, 1
44012, 1
44013, 1
44014, 1
44015, 1
44017, 1
44019, 1
44020, 1
44022, 1
44024, 2
44025, 1
44026, 3
44028, 2
44034, 1
44038, 2
44045, 1
44048, 1
44049, 1
44050, 1
44052, 1
44053, 2
44054, 1
44055, 1
44059, 1
44065, 1
44067, 1
44068, 2
44075, 1
44078, 1
44080, 1
44081, 1
44083, 1
44088, 1
44091, 1
44094, 1
44096, 2
44098, 1
44100, 1
44103, 1
44105, 1
44106, 2
44109, 2
44110, 1
44112, 3
44114, 1
44115, 2
44124, 2
44126, 1
44127, 1
44129, 1
44132, 3
44133, 1
44134, 1
44135, 3
44138, 1
44139, 1
44142, 1
44143, 1
44146, 1
44148, 1
44149, 2
44150, 1
44151, 1
44155, 2
44158, 1
44169, 1
44172, 2
44174, 1
44178, 2
44181, 1
44182, 1
44184, 1
44186, 1
44188, 2
44189, 1
44191, 2
44193, 2
44196, 1
44197, 1
44199, 1
44201, 1
44204, 1
44206, 2
44211, 1
44213, 1
44217, 2
44218, 1
44220, 1
44221, 3
44222, 1
44223, 2
44225, 1
44226, 1
44232, 1
44233, 1
44234, 1
44236, 1
44237, 1
44239, 1
44243, 1
44244, 1
44248, 1
44250, 1
44251, 1
44253, 1
44256, 1
44258, 1
44259, 2
44261, 1
44268, 1
44270, 2
44272, 3
44273, 4
44277, 1
44278, 1
44279, 2
44281, 1
44282, 1
44283, 1
44285, 1
44287, 1
44293, 1
44298, 1
44299, 1
44301, 1
44306, 1
44308, 3
44309, 2
44313, 3
44314, 1
44318, 1
44320, 1
44323, 1
44327, 1
44328, 1
44330, 1
44333, 1
44335, 1
44336, 1
44346, 1
44347, 2
44350, 1
44359, 1
44360, 1
44362, 2
44363, 1
44370, 1
44371, 3
44372, 1
44373, 1
44376, 1
44377, 1
44379, 1
44381, 2
44382, 1
44388, 2
44390, 1
44391, 1
44392, 2
44398, 1
44399, 1
44401, 2
44402, 1
44404, 2
44406, 1
44407, 1
44411, 1
44412, 1
44413, 1
44414, 1
44416, 1
44417, 1
44422, 2
44423, 1
44425, 3
44426, 1
44429, 1
44431, 1
44432, 1
44434, 2
44436, 1
44437, 2
44438, 1
44439, 2
44446, 1
44448, 1
44452, 1
44456, 1
44459, 1
44470, 2
44473, 2
44474, 1
44477, 1
44478, 1
44485, 1
44488, 1
44489, 1
44492, 1
44494, 2
44497, 1
44501, 1
44503, 1
44505, 1
44515, 1
44518, 1
44534, 3
44540, 1
44541, 1
44546, 1
44550, 1
44572, 1
44588, 1
44592, 1
44605, 1
44671, 1
50047, 1
50089, 1
50091, 1
50094, 1
50111, 1
50130, 1
50139, 1
50148, 1
50161, 1
50175, 1
50177, 1
50184, 1
50191, 1
50192, 1
50195, 1
50205, 1
50206, 1
50214, 1
50215, 1
50220, 2
50224, 1
50225, 1
50226, 1
50227, 1
50230, 1
50233, 1
50236, 1
50244, 1
50250, 1
50252, 1
50258, 1
50259, 1
50260, 2
50268, 1
50275, 2
50277, 1
50278, 2
50282, 1
50285, 1
50286, 1
50288, 1
50289, 1
50291, 1
50293, 1
50296, 1
50297, 1
50305, 2
50309, 1
50315, 1
50317, 1
50329, 1
50330, 1
50331, 2
50333, 1
50334, 2
50342, 1
50344, 1
50345, 1
50346, 1
50347, 2
50350, 1
50354, 1
50355, 1
50357, 1
50360, 2
50361, 1
50366, 2
50369, 2
50371, 1
50373, 1
50375, 1
50376, 1
50377, 1
50379, 1
50380, 1
50382, 3
50383, 1
50385, 2
50387, 1
50388, 1
50390, 1
50397, 1
50398, 1
50402, 1
50404, 2
50409, 1
50413, 1
50414, 1
50416, 1
50417, 2
50418, 1
50419, 1
50423, 1
50425, 2
50427, 1
50428, 1
50433, 2
50436, 2
50437, 2
50438, 1
50439, 1
50441, 1
50443, 1
50444, 1
50445, 2
50447, 1
50448, 2
50450, 2
50451, 2
50452, 2
50453, 1
50456, 1
50457, 1
50458, 1
50459, 1
50461, 2
50462, 1
50463, 1
50466, 1
50467, 1
50471, 1
50473, 1
50474, 1
50477, 1
50481, 1
50482, 1
50483, 1
50485, 1
50489, 1
50492, 1
50496, 2
50497, 1
50502, 1
50506, 1
50507, 1
50510, 1
50513, 1
50514, 1
50523, 1
50524, 1
50525, 2
50526, 1
50527, 1
50529, 2
50531, 2
50533, 1
50534, 1
50535, 1
50536, 1
50538, 1
50542, 1
50543, 1
50544, 1
50547, 2
50549, 1
50550, 1
50551, 1
50553, 1
50554, 2
50556, 1
50557, 1
50559, 1
50561, 1
50562, 3
50564, 1
50566, 1
50567, 2
50569, 1
50572, 1
50573, 1
50578, 1
50582, 1
50585, 1
50587, 1
50588, 1
50598, 1
50601, 1
50604, 2
50605, 1
50606, 3
50607, 1
50609, 1
50610, 1
50616, 1
50617, 1
50620, 1
50621, 1
50623, 1
50624, 1
50626, 1
50627, 2
50628, 1
50630, 1
50631, 1
50633, 1
50634, 2
50636, 1
50637, 1
50640, 1
50642, 1
50644, 1
50646, 2
50647, 1
50648, 4
50650, 2
50653, 1
50654, 2
50656, 1
50657, 2
50661, 1
50664, 1
50665, 1
50668, 1
50670, 1
50674, 2
50676, 1
50682, 1
50687, 2
50688, 2
50690, 1
50691, 1
50694, 1
50698, 1
50705, 1
50709, 1
50710, 2
50712, 1
50721, 1
50723, 1
50724, 1
50725, 1
50726, 1
50727, 2
50729, 1
50734, 1
50735, 1
50736, 1
50738, 1
50739, 1
50744, 1
50747, 1
50748, 1
50750, 1
50752, 1
50755, 3
50756, 1
50757, 1
50760, 2
50762, 2
50769, 1
50770, 1
50773, 1
50775, 1
50776, 1
50779, 1
50780, 1
50782, 2
50783, 1
50785, 2
50786, 1
50789, 1
50790, 1
50791, 1
50792, 1
50793, 1
50794, 1
50796, 2
50797, 1
50798, 1
50805, 1
50808, 1
50812, 1
50813, 2
50815, 1
50816, 1
50820, 3
50822, 1
50825, 2
50826, 2
50829, 1
50832, 1
50835, 1
50836, 2
50839, 1
50841, 1
50842, 1
50844, 1
50845, 1
50856, 1
50861, 1
50863, 1
50864, 1
50868, 1
50869, 2
50871, 2
50873, 1
50874, 1
50875, 1
50876, 2
50879, 1
50881, 1
50884, 1
50888, 1
50890, 2
50891, 1
50893, 1
50894, 1
50897, 1
50901, 1
50902, 2
50904, 1
50909, 1
50910, 2
50911, 2
50912, 1
50913, 1
50914, 2
50916, 1
50917, 1
50919, 1
50924, 1
50928, 2
50929, 2
50934, 1
50937, 1
50938, 1
50939, 1
50940, 1
50941, 2
50942, 1
50944, 2
50946, 1
50948, 1
50951, 1
50956, 2
50958, 1
50960, 2
50961, 1
50962, 2
50963, 1
50964, 1
50970, 1
50972, 1
50975, 1
50976, 1
50979, 1
50980, 1
50981, 1
50982, 1
50983, 1
50989, 1
50993, 1
50999, 2
51004, 1
51005, 2
51008, 1
51011, 1
51012, 1
51014, 1
51015, 1
51018, 1
51021, 1
51025, 1
51026, 1
51028, 1
51030, 1
51032, 1
51033, 1
51034, 1
51038, 3
51041, 1
51043, 1
51044, 2
51046, 1
51048, 2
51050, 1
51052, 2
51054, 1
51059, 2
51060, 1
51061, 1
51064, 1
51065, 1
51069, 1
51070, 1
51072, 1
51073, 2
51080, 1
51086, 2
51092, 1
51094, 1
51097, 2
51100, 2
51102, 1
51103, 1
51106, 1
51107, 1
51108, 1
51109, 2
51110, 1
51113, 2
51116, 1
51118, 1
51119, 1
51120, 4
51121, 2
51122, 1
51123, 1
51127, 1
51128, 3
51129, 1
51131, 1
51132, 1
51136, 1
51137, 1
51138, 1
51139, 1
51140, 1
51141, 1
51144, 2
51145, 1
51146, 1
51147, 1
51150, 1
51153, 1
51154, 1
51157, 1
51160, 1
51165, 2
51166, 1
51173, 2
51176, 1
51179, 1
51181, 1
51186, 1
51197, 1
51198, 1
51199, 1
51201, 3
51202, 1
51208, 1
51209, 2
51211, 3
51213, 1
51214, 3
51217, 1
51218, 2
51219, 2
51226, 3
51227, 1
51228, 2
51229, 1
51231, 1
51233, 1
51234, 1
51236, 1
51239, 1
51241, 1
51245, 1
51246, 2
51247, 1
51248, 1
51250, 3
51252, 2
51256, 2
51261, 1
51263, 1
51265, 1
51267, 1
51268, 2
51273, 1
51282, 1
51285, 1
51286, 2
51287, 1
51289, 1
51290, 3
51293, 1
51294, 1
51296, 3
51301, 1
51302, 1
51303, 1
51307, 1
51308, 2
51310, 1
51311, 1
51314, 1
51315, 1
51317, 1
51318, 1
51320, 2
51323, 1
51327, 2
51330, 2
51332, 1
51333, 3
51334, 1
51336, 1
51337, 2
51338, 2
51342, 1
51344, 1
51348, 1
51352, 1
51354, 2
51356, 1
51358, 1
51359, 1
51367, 1
51371, 2
51372, 2
51373, 1
51379, 1
51382, 1
51386, 1
51387, 1
51388, 2
51391, 1
51392, 1
51393, 1
51394, 2
51401, 1
51403, 1
51405, 1
51407, 1
51408, 1
51411, 2
51414, 1
51418, 1
51420, 1
51422, 2
51423, 1
51429, 1
51431, 1
51433, 2
51436, 1
51437, 1
51439, 1
51440, 3
51442, 1
51443, 1
51444, 2
51445, 1
51449, 1
51452, 1
51453, 1
51454, 1
51455, 1
51457, 2
51458, 1
51462, 1
51463, 1
51464, 1
51466, 2
51469, 2
51473, 2
51475, 1
51476, 1
51477, 1
51479, 1
51480, 1
51488, 1
51496, 1
51497, 1
51498, 1
51499, 1
51500, 1
51502, 1
51503, 3
51508, 1
51509, 1
51511, 2
51512, 1
51514, 1
51519, 1
51520, 2
51522, 1
51523, 1
51532, 1
51534, 1
51539, 1
51540, 1
51541, 1
51542, 1
51545, 1
51547, 1
51550, 1
51554, 1
51555, 1
51556, 1
51557, 1
51558, 1
51559, 1
51560, 1
51563, 2
51566, 1
51567, 1
51570, 1
51572, 1
51573, 1
51574, 2
51575, 1
51577, 3
51579, 1
51580, 1
51585, 1
51586, 2
51587, 1
51588, 1
51592, 1
51594, 1
51595, 2
51597, 1
51598, 2
51600, 1
51601, 1
51613, 2
51618, 1
51620, 1
51622, 2
51623, 1
51625, 2
51627, 1
51628, 1
51632, 1
51634, 1
51635, 1
51636, 1
51637, 1
51639, 4
51642, 1
51643, 1
51645, 3
51646, 2
51650, 1
51651, 1
51654, 2
51655, 1
51658, 1
51664, 2
51665, 1
51667, 1
51673, 1
51676, 1
51677, 1
51680, 1
51682, 1
51683, 1
51685, 1
51688, 1
51689, 2
51690, 1
51692, 1
51698, 1
51702, 1
51713, 1
51714, 1
51717, 1
51718, 1
51720, 1
51722, 2
51723, 1
51727, 1
51728, 2
51729, 1
51732, 1
51734, 1
51735, 1
51737, 3
51742, 2
51743, 1
51745, 1
51746, 2
51747, 1
51749, 1
51751, 2
51757, 1
51764, 1
51765, 1
51766, 1
51769, 1
51770, 1
51771, 1
51772, 2
51776, 2
51781, 2
51782, 1
51783, 1
51784, 1
51785, 1
51787, 1
51791, 1
51793, 2
51796, 2
51798, 1
51800, 1
51802, 1
51803, 1
51804, 2
51805, 2
51806, 1
51811, 1
51812, 3
51813, 1
51815, 1
51820, 2
51823, 1
51824, 1
51825, 2
51827, 1
51828, 3
51830, 1
51831, 2
51834, 2
51836, 1
51837, 1
51841, 3
51844, 1
51849, 3
51850, 1
51853, 1
51857, 1
51860, 1
51863, 1
51865, 1
51875, 2
51879, 1
51881, 1
51882, 2
51884, 1
51885, 1
51890, 1
51893, 2
51894, 3
51896, 1
51897, 1
51898, 2
51901, 4
51904, 1
51905, 1
51910, 2
51911, 2
51913, 2
51918, 2
51919, 1
51921, 1
51924, 1
51927, 1
51929, 2
51930, 1
51933, 4
51935, 2
51936, 1
51937, 1
51940, 3
51941, 1
51944, 2
51946, 1
51950, 1
51952, 1
51953, 1
51956, 1
51967, 1
51969, 1
51973, 1
51974, 1
51977, 1
51978, 3
51979, 1
51981, 1
51983, 2
51984, 2
51985, 1
51986, 1
51987, 1
51990, 1
51991, 2
51995, 1
51997, 1
52001, 3
52004, 2
52014, 1
52016, 1
52017, 3
52019, 1
52020, 1
52021, 2
52026, 1
52028, 1
52032, 2
52037, 1
52038, 1
52039, 2
52042, 1
52045, 1
52049, 1
52054, 2
52055, 3
52056, 1
52057, 1
52059, 2
52063, 1
52065, 1
52066, 1
52070, 1
52071, 2
52072, 1
52075, 1
52076, 2
52077, 1
52078, 1
52081, 1
52084, 1
52091, 1
52094, 1
52098, 1
52102, 1
52106, 1
52107, 1
52113, 1
52115, 1
52116, 1
52117, 1
52120, 1
52121, 1
52122, 2
52123, 2
52124, 1
52125, 1
52127, 2
52130, 1
52133, 1
52135, 1
52136, 2
52140, 1
52141, 2
52142, 1
52145, 1
52146, 1
52147, 1
52149, 1
52150, 1
52153, 2
52158, 1
52159, 1
52161, 1
52162, 1
52164, 1
52173, 1
52178, 2
52180, 3
52181, 1
52183, 1
52184, 1
52186, 2
52187, 1
52190, 1
52192, 1
52193, 2
52194, 1
52195, 1
52199, 1
52203, 1
52204, 2
52205, 2
52207, 1
52209, 1
52211, 1
52212, 1
52213, 1
52223, 1
52224, 1
52226, 1
52227, 1
52230, 1
52232, 1
52236, 2
52237, 1
52240, 1
52241, 1
52242, 1
52243, 1
52244, 1
52247, 2
52249, 1
52251, 1
52255, 1
52258, 1
52260, 2
52262, 1
52264, 1
52266, 1
52267, 1
52270, 1
52272, 1
52276, 2
52277, 2
52280, 2
52282, 1
52283, 1
52284, 1
52296, 1
52302, 1
52305, 1
52307, 1
52308, 1
52309, 1
52310, 2
52312, 1
52314, 1
52320, 1
52323, 1
52326, 1
52327, 1
52328, 2
52329, 2
52330, 2
52334, 1
52337, 1
52338, 1
52339, 1
52340, 1
52348, 2
52349, 1
52350, 1
52356, 1
52357, 1
52361, 1
52380, 1
52382, 1
52383, 1
52386, 1
52393, 1
52402, 2
52405, 1
52406, 1
52418, 2
52420, 1
52421, 1
52425, 1
52430, 1
52431, 1
52434, 1
52448, 1
52450, 1
52451, 1
52465, 1
52475, 1
52488, 2
52494, 1
52498, 1
57686, 1
57697, 1
57714, 1
57768, 1
57778, 1
57794, 1
57807, 1
57837, 1
57840, 1
57843, 1
57851, 1
57861, 1
57863, 1
57864, 2
57870, 1
57878, 1
57890, 1
57895, 1
57898, 1
57902, 1
57912, 1
57916, 1
57917, 1
57919, 1
57925, 1
57933, 1
57945, 1
57950, 1
57957, 1
57961, 2
57962, 1
57963, 1
57966, 1
57968, 1
57970, 2
57973, 1
57976, 2
57977, 1
57982, 1
57983, 1
57990, 1
57993, 1
57995, 2
57996, 1
58000, 2
58003, 2
58004, 1
58005, 1
58008, 1
58009, 1
58010, 2
58013, 1
58016, 1
58018, 1
58026, 2
58029, 1
58037, 1
58040, 1
58043, 1
58051, 1
58052, 1
58053, 1
58061, 1
58063, 1
58064, 1
58070, 1
58073, 1
58074, 1
58075, 1
58078, 1
58080, 1
58085, 1
58086, 1
58087, 1
58090, 1
58092, 1
58093, 1
58094, 1
58096, 1
58097, 1
58100, 3
58101, 1
58103, 1
58106, 1
58107, 1
58108, 1
58109, 1
58113, 1
58116, 2
58120, 1
58122, 1
58125, 2
58129, 1
58136, 1
58137, 1
58138, 1
58141, 1
58146, 2
58147, 1
58150, 1
58151, 1
58152, 3
58153, 2
58157, 3
58158, 1
58159, 2
58160, 2
58161, 1
58162, 1
58163, 1
58165, 1
58166, 1
58169, 1
58173, 1
58174, 2
58175, 1
58177, 1
58178, 3
58179, 2
58180, 1
58181, 1
58184, 2
58188, 1
58192, 1
58194, 1
58198, 1
58203, 1
58204, 1
58205, 1
58207, 1
58208, 1
58210, 1
58211, 1
58215, 2
58217, 1
58219, 1
58223, 1
58225, 1
58226, 1
58228, 1
58233, 1
58248, 2
58249, 2
58251, 1
58256, 1
58257, 1
58259, 1
58260, 2
58262, 1
58263, 1
58264, 1
58265, 1
58268, 1
58270, 3
58272, 4
58274, 1
58275, 1
58276, 1
58279, 1
58282, 1
58286, 1
58287, 1
58293, 1
58294, 2
58298, 1
58299, 2
58309, 2
58320, 1
58321, 1
58323, 1
58324, 2
58325, 1
58328, 1
58329, 1
58331, 1
58334, 1
58335, 1
58336, 1
58337, 3
58340, 1
58341, 1
58343, 1
58344, 2
58345, 1
58346, 1
58347, 1
58350, 1
58352, 1
58353, 2
58354, 1
58358, 1
58359, 2
58361, 1
58362, 2
58364, 2
58367, 2
58369, 1
58375, 1
58378, 1
58380, 2
58385, 2
58388, 1
58391, 2
58394, 1
58396, 2
58397, 1
58398, 1
58401, 1
58402, 1
58404, 1
58405, 1
58408, 1
58409, 1
58411, 1
58414, 1
58415, 1
58420, 3
58421, 2
58424, 1
58426, 1
58429, 3
58430, 2
58432, 1
58433, 2
58435, 2
58437, 1
58439, 1
58444, 1
58448, 1
58449, 1
58451, 1
58456, 1
58457, 2
58460, 1
58463, 1
58469, 2
58471, 1
58473, 1
58476, 1
58477, 2
58479, 1
58480, 2
58481, 1
58482, 1
58483, 2
58488, 1
58489, 1
58492, 1
58493, 1
58498, 1
58499, 1
58501, 1
58507, 1
58508, 2
58514, 1
58516, 2
58519, 1
58521, 1
58522, 2
58523, 1
58526, 1
58527, 2
58528, 1
58532, 1
58533, 1
58536, 1
58538, 1
58539, 1
58541, 1
58542, 2
58545, 1
58546, 1
58547, 2
58549, 1
58554, 2
58555, 1
58556, 1
58559, 1
58560, 1
58563, 1
58565, 1
58567, 1
58568, 1
58569, 1
58570, 2
58575, 1
58577, 2
58579, 4
58582, 1
58585, 2
58593, 1
58594, 1
58596, 1
58597, 1
58599, 1
58600, 3
58602, 1
58609, 1
58610, 1
58613, 1
58615, 1
58618, 1
58619, 2
58622, 1
58624, 1
58625, 1
58627, 2
58629, 2
58636, 1
58637, 1
58638, 3
58641, 1
58643, 1
58644, 1
58645, 1
58647, 1
58648, 2
58650, 1
58653, 3
58656, 1
58657, 1
58659, 1
58660, 1
58661, 1
58663, 1
58666, 1
58673, 1
58674, 1
58678, 1
58679, 2
58680, 1
58681, 1
58682, 1
58683, 1
58684, 1
58686, 1
58689, 2
58692, 1
58693, 1
58694, 2
58697, 1
58699, 1
58701, 1
58702, 1
58703, 1
58709, 2
58710, 1
58715, 1
58719, 1
58720, 1
58724, 1
58731, 1
58733, 2
58734, 1
58736, 1
58737, 1
58738, 1
58739, 1
58741, 1
58745, 2
58747, 1
58748, 2
58749, 1
58750, 1
58753, 1
58756, 2
58758, 1
58761, 1
58763, 2
58764, 1
58768, 2
58769, 1
58770, 1
58773, 1
58779, 2
58781, 1
58784, 1
58785, 1
58787, 1
58788, 1
58790, 1
58793, 1
58794, 1
58799, 1
58800, 1
58801, 2
58803, 1
58805, 1
58806, 2
58807, 1
58808, 1
58809, 1
58817, 1
58820, 1
58822, 1
58824, 1
58829, 1
58830, 1
58831, 2
58835, 2
58836, 1
58838, 1
58840, 1
58841, 2
58842, 1
58843, 3
58845, 1
58846, 1
58847, 1
58852, 1
58853, 1
58854, 1
58859, 1
58861, 1
58863, 2
58864, 3
58865, 1
58867, 1
58868, 1
58869, 2
58875, 1
58877, 1
58884, 1
58887, 1
58888, 1
58889, 1
58894, 1
58895, 1
58898, 1
58899, 1
58900, 1
58903, 1
58904, 1
58906, 1
58908, 2
58910, 1
58911, 1
58916, 1
58919, 3
58920, 1
58924, 1
58929, 1
58931, 1
58933, 2
58936, 1
58941, 1
58943, 2
58944, 1
58946, 1
58947, 1
58952, 1
58953, 1
58955, 2
58956, 3
58957, 2
58958, 1
58959, 1
58963, 2
58967, 1
58970, 2
58971, 1
58974, 1
58976, 1
58977, 1
58981, 1
58983, 1
58985, 1
58989, 1
58993, 2
58994, 1
59004, 2
59006, 1
59007, 1
59008, 1
59009, 1
59016, 1
59017, 1
59018, 1
59019, 1
59020, 1
59021, 1
59023, 1
59026, 1
59027, 2
59029, 1
59031, 2
59032, 1
59034, 1
59035, 2
59036, 1
59037, 2
59038, 1
59042, 1
59043, 1
59044, 1
59045, 3
59048, 1
59050, 2
59061, 1
59065, 1
59068, 1
59070, 2
59073, 1
59074, 2
59075, 1
59077, 1
59079, 2
59081, 1
59082, 1
59084, 1
59087, 2
59089, 1
59092, 1
59093, 1
59094, 1
59095, 1
59098, 1
59100, 1
59101, 1
59102, 2
59104, 3
59109, 1
59110, 1
59112, 2
59113, 2
59114, 1
59116, 2
59117, 1
59118, 2
59120, 1
59122, 1
59123, 2
59126, 1
59128, 1
59131, 1
59132, 1
59135, 1
59137, 1
59138, 2
59141, 1
59142, 1
59144, 1
59152, 1
59156, 2
59157, 1
59158, 1
59160, 3
59163, 1
59165, 1
59166, 2
59168, 1
59171, 1
59173, 1
59175, 1
59177, 1
59182, 2
59183, 1
59184, 1
59189, 1
59191, 1
59193, 1
59201, 1
59203, 1
59205, 1
59207, 1
59210, 1
59211, 1
59216, 1
59218, 1
59223, 1
59224, 1
59225, 1
59226, 1
59231, 1
59233, 2
59235, 1
59237, 1
59238, 1
59241, 1
59242, 1
59243, 1
59244, 1
59246, 1
59248, 1
59252, 2
59253, 2
59254, 1
59255, 1
59258, 1
59260, 1
59261, 2
59263, 1
59266, 1
59267, 1
59268, 3
59270, 1
59279, 1
59280, 3
59282, 1
59284, 1
59285, 1
59287, 2
59292, 1
59293, 1
59299, 1
59301, 1
59302, 1
59307, 1
59308, 1
59313, 2
59315, 2
59318, 1
59322, 1
59323, 1
59324, 2
59326, 2
59328, 2
59332, 1
59333, 2
59334, 1
59335, 1
59336, 1
59337, 1
59338, 1
59340, 1
59343, 1
59344, 3
59349, 1
59351, 2
59357, 2
59361, 1
59362, 1
59363, 1
59364, 2
59365, 1
59367, 2
59368, 1
59370, 1
59372, 1
59374, 2
59377, 2
59378, 1
59381, 1
59382, 1
59385, 1
59386, 2
59393, 3
59395, 1
59396, 1
59399, 1
59402, 1
59407, 1
59411, 1
59416, 1
59418, 1
59420, 2
59422, 1
59424, 1
59431, 2
59432, 2
59433, 2
59437, 1
59439, 1
59440, 1
59442, 1
59444, 2
59446, 3
59447, 1
59452, 1
59455, 1
59458, 1
59461, 1
59462, 2
59464, 1
59465, 1
59467, 2
59469, 2
59472, 1
59474, 2
59476, 2
59483, 1
59485, 1
59486, 2
59488, 2
59489, 3
59494, 1
59497, 1
59501, 1
59505, 2
59511, 1
59515, 1
59517, 1
59518, 3
59519, 2
59520, 2
59522, 1
59524, 2
59526, 1
59528, 3
59529, 2
59531, 1
59532, 1
59534, 1
59537, 1
59540, 1
59542, 1
59546, 1
59547, 2
59548, 1
59549, 1
59553, 1
59554, 2
59555, 3
59567, 2
59568, 1
59571, 1
59572, 2
59573, 1
59576, 1
59578, 1
59579, 1
59583, 1
59585, 1
59586, 2
59590, 1
59592, 1
59600, 1
59602, 2
59603, 1
59605, 1
59607, 1
59613, 1
59615, 1
59616, 2
59619, 1
59621, 1
59623, 1
59624, 1
59625, 1
59626, 1
59628, 1
59629, 1
59630, 1
59636, 1
59637, 1
59638, 2
59639, 2
59640, 2
59641, 1
59643, 1
59645, 2
59647, 1
59649, 1
59650, 1
59651, 1
59653, 1
59654, 2
59658, 1
59659, 1
59662, 1
59664, 1
59666, 1
59668, 1
59670, 1
59678, 1
59686, 1
59690, 1
59691, 1
59692, 1
59693, 1
59697, 1
59699, 1
59700, 1
59702, 1
59703, 1
59705, 2
59707, 1
59708, 1
59710, 1
59711, 1
59712, 1
59713, 1
59718, 2
59719, 1
59720, 1
59721, 1
59725, 1
59726, 1
59727, 2
59728, 2
59729, 1
59732, 2
59733, 1
59737, 2
59739, 1
59743, 1
59746, 1
59748, 3
59753, 1
59754, 1
59756, 2
59758, 1
59761, 1
59763, 1
59765, 2
59766, 1
59770, 1
59771, 2
59778, 1
59781, 1
59783, 1
59784, 1
59785, 1
59787, 2
59788, 1
59789, 1
59793, 2
59794, 1
59796, 1
59797, 1
59798, 2
59799, 1
59800, 1
59801, 1
59803, 1
59808, 1
59809, 1
59814, 1
59818, 1
59819, 1
59820, 1
59822, 1
59824, 2
59825, 2
59827, 1
59829, 2
59836, 1
59837, 1
59839, 1
59844, 1
59846, 1
59847, 1
59848, 2
59849, 1
59850, 1
59855, 1
59857, 2
59860, 1
59865, 2
59866, 2
59869, 1
59873, 1
59874, 1
59875, 1
59883, 1
59885, 1
59891, 1
59894, 1
59895, 2
59899, 1
59900, 2
59901, 1
59902, 1
59903, 1
59905, 1
59910, 2
59912, 1
59914, 1
59915, 2
59916, 2
59921, 2
59923, 1
59924, 1
59925, 1
59926, 1
59927, 1
59930, 3
59936, 3
59941, 1
59942, 1
59944, 1
59945, 1
59947, 1
59949, 1
59950, 1
59952, 3
59953, 1
59958, 1
59962, 1
59963, 2
59964, 2
59967, 1
59968, 1
59969, 1
59971, 2
59976, 1
59984, 1
59987, 2
59989, 2
59990, 1
59999, 1
60002, 3
60005, 2
60009, 2
60011, 1
60012, 4
60014, 2
60015, 1
60016, 1
60017, 2
60019, 1
60020, 1
60021, 1
60025, 1
60026, 1
60027, 1
60028, 1
60030, 1
60033, 1
60034, 1
60036, 1
60037, 1
60040, 1
60046, 1
60047, 2
60048, 1
60049, 1
60051, 2
60054, 2
60055, 1
60056, 1
60059, 1
60061, 1
60065, 1
60067, 2
60071, 1
60073, 1
60076, 1
60077, 1
60078, 2
60081, 1
60083, 1
60086, 1
60090, 1
60092, 1
60096, 1
60097, 1
60102, 1
60103, 1
60105, 1
60106, 1
60107, 1
60108, 1
60114, 1
60115, 1
60117, 1
60121, 1
60124, 2
60126, 1
60129, 1
60130, 1
60133, 1
60137, 1
60141, 1
60145, 2
60148, 1
60151, 3
60154, 1
60155, 1
60157, 2
60159, 1
60162, 1
60164, 1
60167, 1
60168, 1
60176, 2
60178, 1
60180, 2
60183, 1
60188, 2
60192, 1
60193, 1
60194, 1
60196, 1
60197, 1
60202, 2
60203, 1
60204, 2
60205, 1
60206, 1
60209, 1
60211, 1
60213, 1
60214, 2
60216, 1
60217, 1
60224, 1
60225, 1
60226, 1
60231, 1
60232, 1
60236, 2
60237, 2
60243, 1
60244, 1
60248, 1
60250, 1
60255, 1
60261, 1
60269, 1
60272, 1
60276, 1
60279, 1
60283, 1
60284, 1
60285, 1
60290, 1
60294, 1
60295, 1
60297, 3
60302, 2
60303, 1
60304, 1
60310, 1
60311, 1
60313, 1
60314, 1
60317, 1
60327, 2
60337, 1
60338, 1
60339, 2
60341, 1
60342, 1
60343, 2
60344, 2
60355, 1
60356, 1
60359, 1
60360, 1
60363, 1
60364, 1
60370, 1
60372, 1
60375, 1
60377, 1
60379, 2
60380, 1
60384, 1
60387, 1
60391, 1
60393, 1
60396, 1
60401, 1
60402, 1
60405, 1
60406, 1
60410, 1
60415, 1
60416, 1
60417, 1
60418, 1
60422, 1
60423, 1
60426, 1
60430, 1
60432, 1
60435, 1
60437, 1
60440, 1
60445, 2
60446, 1
60447, 2
60449, 1
60452, 1
60453, 1
60454, 1
60455, 1
60457, 1
60461, 1
60463, 1
60464, 1
60465, 1
60466, 2
60468, 2
60471, 1
60472, 1
60479, 1
60481, 1
60482, 1
60484, 1
60487, 1
60489, 2
60492, 2
60493, 1
60494, 1
60497, 1
60500, 1
60501, 1
60502, 1
60504, 1
60508, 1
60512, 1
60515, 1
60517, 2
60518, 1
60520, 1
60521, 2
60522, 1
60523, 1
60526, 1
60527, 1
60528, 1
60531, 1
60534, 1
60535, 2
60536, 1
60537, 1
60541, 1
60544, 1
60546, 1
60547, 2
60552, 1
60555, 1
60556, 2
60558, 1
60560, 1
60561, 1
60565, 1
60567, 1
60568, 1
60571, 1
60573, 1
60574, 1
60576, 1
60577, 4
60581, 1
60585, 1
60587, 1
60591, 1
60592, 1
60593, 1
60595, 2
60598, 1
60600, 1
60605, 1
60606, 2
60608, 1
60609, 1
60610, 1
60611, 1
60612, 1
60613, 2
60614, 3
60617, 1
60618, 1
60620, 1
60621, 1
60622, 1
60624, 1
60628, 1
60629, 1
60631, 1
60637, 1
60638, 1
60640, 1
60642, 1
60646, 1
60648, 2
60649, 1
60650, 2
60651, 1
60653, 1
60659, 1
60660, 1
60661, 2
60662, 1
60663, 1
60665, 2
60671, 1
60674, 1
60675, 1
60676, 1
60679, 1
60682, 3
60684, 1
60686, 1
60687, 1
60693, 1
60694, 1
60696, 1
60698, 1
60700, 1
60703, 1
60706, 1
60708, 1
60709, 1
60711, 2
60713, 1
60714, 1
60717, 1
60718, 2
60720, 1
60723, 1
60726, 1
60729, 1
60735, 1
60736, 1
60739, 1
60741, 1
60742, 1
60748, 2
60749, 1
60753, 1
60754, 1
60756, 1
60757, 1
60759, 1
60760, 1
60761, 1
60764, 1
60769, 1
60773, 2
60775, 1
60777, 1
60779, 1
60782, 1
60783, 3
60784, 1
60785, 1
60786, 1
60789, 1
60790, 2
60791, 1
60792, 1
60796, 2
60800, 1
60801, 1
60804, 2
60808, 1
60809, 1
60810, 1
60811, 1
60813, 1
60814, 1
60815, 1
60818, 1
60821, 2
60822, 1
60827, 1
60828, 3
60829, 2
60833, 1
60834, 1
60838, 1
60844, 1
60845, 1
60846, 1
60847, 1
60851, 3
60852, 1
60855, 1
60864, 1
60865, 1
60874, 1
60876, 2
60878, 1
60879, 1
60880, 2
60881, 1
60883, 3
60884, 1
60885, 1
60886, 2
60888, 1
60890, 1
60892, 2
60894, 1
60899, 1
60901, 2
60903, 1
60904, 1
60908, 1
60913, 2
60918, 2
60920, 3
60925, 1
60926, 1
60927, 1
60931, 2
60933, 2
60935, 1
60936, 1
60938, 1
60939, 1
60945, 1
60949, 1
60952, 1
60955, 1
60956, 1
60961, 1
60962, 1
60963, 2
60968, 2
60971, 1
60973, 1
60974, 2
60975, 1
60978, 1
60980, 1
60981, 2
60984, 1
60985, 2
60986, 2
60987, 1
60989, 2
60992, 1
60993, 1
60995, 1
61000, 1
61001, 2
61002, 1
61011, 1
61012, 2
61015, 1
61021, 1
61022, 1
61023, 2
61025, 1
61026, 1
61027, 1
61030, 1
61036, 1
61039, 1
61040, 1
61041, 2
61045, 1
61048, 2
61049, 1
61054, 1
61057, 1
61058, 1
61059, 1
61061, 1
61063, 2
61067, 1
61069, 2
61072, 1
61074, 2
61075, 1
61076, 2
61080, 1
61086, 2
61087, 1
61088, 1
61091, 3
61093, 2
61099, 1
61100, 1
61101, 1
61104, 1
61105, 1
61106, 1
61107, 1
61115, 1
61116, 2
61119, 1
61120, 1
61122, 1
61127, 1
61128, 1
61129, 1
61131, 1
61132, 1
61133, 1
61137, 1
61138, 1
61139, 1
61141, 1
61144, 3
61146, 1
61147, 1
61148, 1
61149, 1
61150, 1
61152, 1
61153, 2
61157, 1
61159, 1
61160, 1
61163, 1
61165, 1
61166, 1
61168, 1
61170, 2
61171, 1
61173, 1
61175, 1
61176, 1
61177, 1
61180, 1
61183, 1
61184, 1
61186, 1
61187, 1
61188, 1
61189, 1
61193, 1
61194, 1
61197, 1
61201, 2
61204, 2
61205, 1
61207, 1
61208, 1
61210, 1
61213, 1
61214, 1
61218, 1
61219, 1
61225, 2
61227, 1
61232, 1
61233, 1
61234, 1
61239, 2
61240, 1
61243, 1
61247, 1
61249, 1
61250, 1
61252, 1
61256, 1
61257, 1
61260, 2
61261, 2
61262, 2
61264, 1
61271, 2
61274, 2
61275, 1
61279, 2
61280, 1
61284, 1
61285, 1
61286, 1
61289, 2
61290, 1
61291, 1
61295, 2
61296, 1
61297, 1
61300, 4
61301, 2
61303, 2
61307, 1
61308, 2
61309, 1
61312, 3
61313, 1
61314, 2
61315, 1
61322, 1
61324, 1
61327, 1
61332, 1
61333, 2
61334, 3
61335, 1
61336, 2
61339, 1
61341, 1
61343, 3
61345, 2
61349, 3
61355, 2
61356, 1
61358, 2
61360, 1
61363, 1
61366, 1
61368, 1
61371, 1
61373, 1
61377, 2
61379, 1
61381, 1
61390, 1
61391, 2
61392, 1
61394, 2
61395, 2
61398, 1
61399, 1
61401, 1
61402, 1
61406, 2
61410, 1
61416, 1
61417, 1
61418, 1
61419, 1
61423, 2
61424, 1
61425, 1
61426, 1
61433, 2
61434, 2
61435, 1
61436, 1
61438, 4
61443, 1
61444, 1
61446, 1
61450, 2
61457, 1
61459, 1
61462, 1
61465, 1
61466, 1
61468, 2
61474, 2
61476, 1
61478, 1
61483, 2
61485, 1
61487, 1
61488, 1
61489, 1
61491, 1
61492, 1
61493, 1
61494, 1
61495, 1
61497, 1
61498, 2
61500, 1
61501, 1
61502, 1
61511, 1
61512, 2
61513, 1
61514, 1
61516, 1
61517, 1
61523, 1
61528, 1
61529, 2
61535, 4
61539, 1
61541, 1
61546, 1
61547, 1
61549, 1
61552, 2
61556, 1
61558, 2
61561, 1
61564, 1
61566, 1
61567, 2
61569, 2
61572, 3
61575, 1
61576, 1
61577, 1
61578, 1
61582, 1
61583, 1
61584, 1
61585, 1
61586, 1
61588, 2
61590, 2
61591, 2
61592, 1
61598, 1
61604, 2
61605, 1
61606, 1
61608, 1
61610, 1
61614, 2
61616, 1
61617, 1
61618, 2
61621, 2
61628, 1
61630, 1
61634, 1
61640, 2
61645, 1
61646, 2
61647, 1
61649, 1
61650, 1
61651, 1
61652, 3
61657, 1
61659, 2
61662, 1
61664, 2
61665, 1
61666, 1
61672, 3
61676, 1
61677, 1
61679, 1
61681, 1
61683, 2
61684, 2
61694, 1
61695, 2
61699, 1
61706, 3
61707, 1
61708, 1
61709, 1
61711, 2
61712, 1
61713, 1
61721, 1
61723, 1
61724, 2
61725, 2
61731, 1
61738, 1
61741, 1
61743, 1
61745, 1
61747, 2
61748, 1
61751, 3
61752, 1
61756, 2
61757, 1
61758, 1
61760, 1
61762, 1
61763, 1
61767, 1
61769, 1
61770, 1
61771, 2
61772, 1
61773, 1
61774, 1
61775, 3
61776, 2
61781, 1
61782, 1
61784, 2
61791, 1
61792, 2
61797, 1
61798, 1
61800, 1
61801, 1
61802, 1
61803, 1
61804, 1
61805, 1
61806, 1
61810, 1
61814, 2
61815, 2
61816, 1
61819, 1
61820, 1
61821, 1
61828, 1
61831, 1
61832, 1
61833, 1
61834, 1
61836, 1
61839, 1
61840, 1
61843, 1
61853, 2
61854, 2
61856, 1
61857, 1
61859, 1
61860, 1
61864, 1
61866, 1
61867, 2
61870, 2
61871, 1
61872, 2
61880, 1
61884, 1
61885, 1
61889, 1
61890, 3
61891, 1
61892, 1
61893, 1
61895, 1
61896, 1
61898, 2
61899, 1
61902, 1
61903, 1
61906, 1
61907, 2
61908, 1
61909, 2
61910, 1
61911, 1
61914, 1
61915, 1
61916, 1
61918, 1
61923, 3
61926, 1
61933, 1
61934, 1
61936, 2
61937, 1
61939, 1
61945, 1
61947, 1
61950, 1
61956, 1
61958, 1
61960, 2
61963, 1
61964, 3
61968, 1
61972, 1
61973, 1
61974, 2
61975, 1
61976, 2
61978, 1
61980, 3
61981, 1
61982, 1
61983, 1
61984, 2
61986, 1
61987, 1
61990, 1
61991, 1
61993, 1
61994, 1
61996, 2
61997, 1
61999, 1
62004, 2
62006, 1
62007, 1
62009, 1
62012, 1
62013, 1
62014, 1
62015, 3
62017, 3
62018, 1
62019, 1
62025, 1
62026, 1
62028, 1
62029, 3
62031, 2
62032, 1
62033, 1
62038, 1
62040, 1
62049, 2
62052, 1
62054, 1
62060, 1
62061, 1
62063, 1
62066, 1
62068, 1
62069, 2
62074, 1
62076, 1
62078, 1
62079, 1
62082, 1
62090, 2
62095, 1
62100, 1
62101, 2
62105, 1
62106, 1
62107, 1
62109, 1
62111, 1
62113, 1
62116, 2
62117, 1
62118, 1
62119, 1
62121, 3
62124, 2
62128, 1
62129, 1
62134, 1
62137, 1
62141, 2
62142, 1
62143, 1
62145, 2
62146, 1
62149, 3
62151, 3
62152, 1
62153, 1
62154, 1
62156, 1
62159, 2
62160, 1
62164, 2
62165, 1
62169, 1
62172, 1
62174, 1
62175, 1
62179, 1
62183, 1
62184, 1
62186, 1
62189, 1
62191, 1
62193, 1
62195, 1
62196, 1
62197, 1
62199, 1
62207, 1
62212, 2
62213, 1
62214, 2
62218, 1
62219, 3
62225, 1
62229, 1
62231, 1
62234, 1
62238, 1
62240, 1
62241, 1
62243, 2
62246, 1
62247, 1
62248, 1
62251, 1
62253, 1
62254, 1
62256, 2
62258, 2
62261, 1
62262, 1
62269, 3
62274, 1
62275, 1
62276, 2
62282, 2
62285, 1
62288, 2
62289, 1
62294, 1
62298, 2
62300, 1
62301, 1
62304, 1
62314, 1
62317, 1
62320, 1
62327, 1
62330, 1
62333, 1
62335, 1
62336, 1
62339, 1
62340, 1
62341, 1
62352, 1
62354, 1
62355, 1
62356, 1
62360, 1
62361, 1
62364, 1
62368, 1
62379, 1
62382, 1
62387, 1
62389, 2
62390, 1
62391, 1
62394, 2
62399, 1
62406, 2
62408, 1
62410, 1
62414, 1
62428, 1
62429, 1
62431, 1
62433, 1
62447, 1
62457, 2
62461, 1
62469, 1
62471, 1
62473, 2
62480, 1
62481, 1
62482, 1
62483, 1
62487, 2
62490, 1
62496, 1
62498, 2
62511, 1
62517, 1
62519, 1
62534, 1
62541, 1
62543, 1
62562, 1
62570, 1
62572, 2
62574, 1
62580, 1
62581, 1
62588, 1
62598, 1
62618, 1
64030, 1
64034, 1
64043, 1
64052, 1
64053, 1
64063, 1
64087, 1
64102, 1
64118, 1
64119, 1
64120, 1
64123, 1
64126, 2
64139, 1
64151, 1
64163, 2
64166, 1
64168, 1
64169, 1
64172, 1
64182, 1
64184, 1
64187, 1
64195, 1
64203, 1
64208, 1
64209, 1
64215, 1
64231, 1
64235, 1
64250, 1
64252, 1
64254, 1
64271, 1
64283, 1
64286, 1
64296, 1
64297, 1
64298, 1
64300, 1
64308, 1
64314, 1
64315, 1
64316, 1
64321, 1
64323, 1
64324, 1
64328, 1
64333, 1
64336, 2
64340, 2
64347, 1
64353, 1
64357, 1
64363, 1
64364, 1
64386, 1
64390, 1
64408, 1
64410, 1
64417, 1
64424, 1
64430, 1
64436, 1
64440, 1
64445, 1
64450, 1
64451, 1
64459, 1
64462, 1
64473, 1
64483, 1
64484, 1
64490, 1
64495, 1
64497, 1
64499, 1
64505, 1
64511, 1
64515, 1
64524, 1
64533, 1
64537, 1
64540, 1
64547, 1
64550, 1
64556, 1
64575, 1
64577, 1
64585, 1
64590, 1
64594, 1
64596, 1
64616, 1
64624, 1
64631, 2
64634, 1
64635, 2
64636, 1
64646, 1
64662, 1
64676, 1
64678, 1
64689, 2
64691, 1
64692, 1
64695, 1
64697, 1
64709, 1
64713, 2
64720, 1
64726, 1
64731, 1
64732, 2
64737, 1
64758, 1
64767, 1
64768, 1
64772, 2
64775, 1
64776, 1
64799, 2
64800, 1
64802, 1
64803, 1
64812, 1
64818, 2
64830, 1
64833, 1
64840, 1
64847, 1
64850, 1
64851, 1
64857, 1
64871, 1
64886, 1
64893, 2
64895, 1
64904, 1
64906, 1
64908, 1
64917, 1
64919, 2
64926, 1
64934, 1
64938, 1
64946, 1
64954, 1
64959, 2
64960, 2
64963, 1
64970, 1
64976, 2
64983, 1
64987, 1
64990, 1
64991, 1
64992, 1
65007, 1
65011, 1
65021, 1
65023, 1
65042, 1
65048, 1
65058, 1
65060, 1
65069, 1
65073, 1
65088, 1
65090, 2
65092, 1
65093, 1
65094, 2
65101, 1
65107, 1
65109, 1
65114, 1
65118, 1
65126, 1
65128, 1
65134, 1
65143, 1
65146, 1
65153, 2
65157, 1
65165, 1
65167, 1
65179, 1
65198, 1
65205, 1
65208, 1
65210, 1
65219, 2
65220, 1
65224, 2
65238, 1
65246, 1
65259, 1
65261, 1
65268, 1
65273, 1
65278, 1
65282, 1
65291, 1
65305, 1
65307, 1
65308, 1
65314, 2
65318, 1
65319, 1
65320, 1
65328, 1
65333, 1
65336, 1
65351, 1
65357, 1
65360, 1
65361, 1
65373, 1
65377, 1
65383, 1
65388, 1
65396, 1
65397, 1
65401, 1
65414, 1
65416, 2
65425, 1
65431, 1
65445, 1
65446, 1
65450, 1
65455, 1
65470, 1
65477, 1
65479, 1
65482, 2
65496, 1
65502, 1
65508, 1
65509, 1
65512, 1
65514, 1
65517, 1
65531, 1
65537, 1
65540, 1
65549, 2
65552, 1
65553, 1
65557, 1
65568, 1
65577, 1
65580, 1
65583, 2
65586, 1
65587, 1
65596, 1
65612, 1
65616, 1
65618, 1
65622, 1
65626, 1
65634, 1
65642, 1
65643, 1
65648, 1
65649, 1
65661, 1
65664, 1
65665, 2
65667, 1
65670, 1
65690, 1
65701, 1
65702, 1
65703, 1
65704, 1
65721, 1
65731, 1
65736, 1
65738, 1
65743, 2
65756, 1
65759, 3
65771, 1
65773, 1
65778, 2
65786, 1
65791, 1
65792, 1
65793, 2
65799, 1
65802, 1
65804, 1
65805, 1
65838, 1
65840, 1
65842, 1
65855, 1
65857, 1
65860, 1
65863, 1
65865, 1
65887, 1
65888, 1
65893, 1
65899, 1
65900, 1
65903, 1
65917, 1
65923, 1
65926, 1
65929, 2
65940, 1
65962, 1
65963, 2
65965, 2
65972, 1
65990, 1
65991, 1
65999, 1
66003, 2
66004, 1
66006, 1
66012, 1
66020, 1
66025, 1
66037, 1
66061, 1
66062, 1
66068, 1
66071, 1
66077, 1
66085, 1
66090, 1
66091, 1
66093, 1
66094, 1
66100, 1
66104, 2
66114, 1
66129, 1
66134, 1
66136, 1
66153, 2
66170, 2
66174, 1
66178, 1
66180, 1
66190, 1
66196, 1
66203, 1
66214, 1
66215, 1
66217, 1
66219, 1
66221, 1
66223, 1
66233, 1
66234, 1
66246, 1
66268, 1
66287, 1
66304, 1
66306, 1
66322, 1
66349, 2
66365, 1
66377, 1
66549, 1
66586, 1
66641, 1
66729, 1
66740, 1
66903, 1
66989, 1
71717, 1
71752, 1
71773, 1
71774, 1
71780, 1
71789, 1
71843, 1
71859, 1
71861, 1
71862, 1
71867, 1
71878, 1
71881, 1
71890, 1
71895, 1
71919, 1
71926, 1
71948, 1
71949, 1
71951, 1
71953, 2
71955, 1
71969, 1
71974, 2
71975, 1
71978, 1
71980, 1
71982, 1
71986, 1
71987, 1
71992, 1
71999, 1
72000, 1
72003, 1
72004, 1
72009, 1
72013, 1
72017, 1
72027, 1
72029, 1
72031, 2
72032, 1
72033, 1
72042, 1
72043, 1
72044, 1
72045, 1
72046, 1
72048, 1
72055, 1
72056, 2
72057, 1
72058, 1
72061, 1
72068, 1
72075, 1
72076, 1
72088, 1
72090, 2
72091, 1
72100, 1
72106, 1
72114, 1
72115, 1
72116, 1
72117, 1
72118, 1
72120, 1
72122, 1
72130, 1
72132, 2
72135, 1
72136, 1
72144, 1
72147, 1
72151, 1
72154, 2
72156, 1
72159, 1
72160, 1
72163, 1
72165, 1
72166, 1
72168, 1
72172, 1
72175, 1
72176, 2
72177, 1
72182, 1
72184, 1
72187, 1
72190, 1
72192, 1
72199, 2
72203, 1
72211, 1
72217, 1
72222, 1
72224, 1
72227, 1
72228, 1
72229, 1
72230, 1
72235, 1
72236, 1
72241, 1
72244, 1
72245, 1
72249, 1
72250, 1
72252, 1
72258, 1
72260, 1
72264, 1
72265, 2
72268, 1
72269, 1
72275, 1
72276, 1
72277, 1
72283, 1
72286, 1
72287, 2
72290, 1
72293, 2
72294, 1
72295, 1
72300, 1
72302, 2
72305, 1
72306, 1
72309, 1
72313, 1
72315, 2
72316, 1
72317, 1
72324, 1
72334, 1
72339, 1
72343, 1
72344, 1
72358, 1
72363, 2
72364, 1
72367, 2
72372, 2
72373, 2
72376, 1
72377, 1
72379, 1
72380, 1
72383, 1
72386, 1
72395, 1
72398, 2
72400, 1
72401, 1
72402, 1
72410, 1
72417, 1
72419, 1
72421, 1
72425, 1
72429, 1
72431, 1
72436, 2
72437, 2
72438, 1
72441, 1
72447, 1
72448, 1
72451, 1
72456, 1
72457, 1
72461, 1
72465, 2
72467, 1
72470, 1
72472, 1
72474, 1
72478, 2
72479, 1
72486, 1
72488, 1
72491, 2
72492, 1
72495, 1
72496, 2
72505, 1
72510, 1
72515, 1
72519, 2
72523, 1
72525, 1
72527, 2
72529, 1
72531, 1
72535, 1
72536, 1
72540, 1
72542, 1
72544, 1
72545, 1
72549, 1
72550, 1
72559, 1
72561, 1
72562, 1
72563, 1
72564, 1
72570, 1
72574, 2
72581, 1
72584, 1
72589, 1
72590, 1
72592, 1
72594, 1
72603, 1
72609, 1
72610, 1
72624, 1
72625, 2
72630, 2
72635, 1
72636, 2
72637, 2
72638, 2
72643, 1
72644, 1
72648, 1
72652, 3
72658, 2
72663, 1
72670, 2
72672, 1
72673, 1
72676, 2
72682, 1
72683, 1
72684, 1
72686, 1
72689, 1
72690, 1
72691, 1
72692, 1
72696, 1
72699, 1
72701, 1
72705, 1
72706, 1
72707, 1
72712, 1
72716, 1
72717, 1
72723, 1
72725, 1
72726, 2
72727, 1
72733, 1
72738, 1
72739, 2
72740, 1
72741, 2
72742, 1
72744, 1
72748, 1
72751, 1
72758, 1
72759, 3
72762, 1
72770, 1
72772, 1
72774, 1
72778, 1
72780, 2
72784, 1
72788, 1
72790, 1
72792, 1
72798, 1
72800, 1
72801, 1
72802, 1
72804, 1
72814, 1
72815, 2
72816, 1
72819, 1
72820, 1
72825, 2
72828, 1
72830, 1
72835, 1
72837, 1
72838, 2
72839, 1
72844, 1
72846, 1
72847, 1
72849, 3
72855, 1
72860, 1
72866, 1
72869, 1
72871, 2
72875, 1
72884, 1
72895, 1
72897, 1
72898, 2
72903, 1
72905, 1
72906, 1
72907, 1
72908, 1
72911, 1
72913, 2
72914, 1
72925, 1
72927, 1
72928, 2
72929, 1
72934, 1
72936, 1
72941, 1
72948, 1
72949, 3
72950, 1
72951, 1
72958, 1
72959, 1
72960, 1
72961, 1
72965, 1
72970, 1
72971, 1
72972, 1
72975, 1
72976, 1
72977, 2
72979, 1
72982, 3
72985, 2
72989, 1
72992, 1
72993, 1
72999, 1
73000, 1
73008, 1
73015, 1
73017, 1
73023, 1
73027, 1
73037, 1
73041, 1
73046, 1
73048, 1
73051, 1
73054, 1
73055, 1
73057, 1
73061, 1
73063, 1
73067, 1
73070, 1
73078, 1
73080, 1
73083, 1
73084, 2
73093, 1
73094, 1
73100, 2
73103, 1
73104, 1
73109, 1
73113, 1
73114, 1
73120, 2
73121, 3
73125, 1
73129, 1
73130, 1
73132, 1
73137, 1
73139, 1
73142, 1
73145, 1
73153, 1
73154, 1
73156, 1
73157, 2
73158, 1
73161, 1
73162, 2
73163, 2
73169, 1
73170, 1
73172, 1
73176, 1
73179, 1
73180, 1
73186, 1
73187, 1
73194, 1
73199, 1
73202, 2
73207, 2
73209, 1
73211, 1
73219, 1
73226, 1
73229, 2
73230, 1
73232, 1
73233, 1
73234, 1
73240, 1
73242, 1
73244, 1
73248, 1
73249, 1
73250, 1
73254, 1
73255, 1
73259, 1
73261, 1
73265, 1
73268, 1
73272, 1
73274, 1
73276, 1
73278, 1
73281, 1
73283, 1
73286, 1
73291, 1
73293, 2
73294, 1
73299, 1
73302, 1
73308, 3
73314, 1
73316, 1
73317, 1
73320, 4
73322, 1
73336, 1
73337, 1
73348, 1
73353, 1
73355, 1
73358, 1
73360, 2
73361, 1
73365, 1
73367, 1
73368, 1
73372, 1
73373, 1
73374, 2
73375, 1
73376, 1
73380, 1
73384, 1
73389, 1
73392, 1
73395, 1
73397, 1
73400, 1
73401, 1
73407, 2
73409, 1
73410, 2
73411, 2
73413, 1
73415, 1
73422, 2
73423, 2
73424, 1
73425, 1
73426, 1
73427, 1
73429, 1
73434, 1
73436, 1
73442, 2
73443, 1
73446, 1
73454, 1
73456, 2
73458, 1
73463, 1
73466, 1
73467, 1
73469, 1
73472, 1
73474, 1
73484, 1
73490, 2
73497, 1
73498, 2
73499, 1
73500, 1
73502, 1
73504, 1
73505, 1
73508, 1
73512, 1
73521, 1
73522, 1
73524, 1
73528, 1
73531, 1
73533, 2
73536, 1
73540, 1
73542, 1
73543, 1
73544, 1
73548, 1
73549, 1
73553, 1
73555, 2
73557, 1
73563, 1
73565, 1
73568, 1
73570, 1
73571, 1
73575, 1
73579, 1
73580, 2
73590, 2
73591, 2
73595, 1
73597, 1
73598, 2
73601, 2
73602, 1
73603, 1
73604, 1
73609, 1
73616, 1
73617, 2
73619, 1
73620, 1
73622, 1
73624, 1
73628, 1
73632, 1
73633, 2
73634, 1
73636, 2
73639, 1
73642, 1
73643, 2
73645, 1
73647, 1
73649, 2
73650, 2
73651, 2
73652, 1
73653, 1
73654, 3
73655, 1
73657, 1
73660, 1
73661, 1
73662, 1
73666, 2
73669, 1
73670, 2
73673, 2
73674, 2
73675, 1
73676, 1
73683, 2
73684, 1
73689, 2
73691, 1
73695, 1
73699, 1
73700, 1
73701, 1
73702, 1
73707, 2
73711, 1
73715, 1
73722, 1
73724, 1
73725, 2
73726, 1
73729, 1
73731, 3
73733, 1
73734, 1
73735, 1
73736, 1
73737, 1
73738, 2
73740, 2
73741, 3
73742, 1
73744, 3
73746, 1
73747, 1
73748, 2
73751, 1
73754, 1
73763, 1
73764, 2
73765, 1
73767, 3
73772, 1
73774, 1
73777, 2
73778, 1
73780, 1
73783, 2
73784, 3
73787, 1
73788, 1
73789, 2
73792, 1
73794, 1
73799, 1
73802, 2
73803, 1
73806, 1
73808, 2
73810, 1
73812, 1
73814, 1
73815, 2
73816, 1
73821, 1
73824, 3
73825, 1
73826, 1
73827, 2
73828, 1
73829, 1
73831, 2
73837, 1
73838, 2
73839, 3
73840, 1
73842, 1
73843, 1
73845, 1
73850, 1
73851, 2
73853, 2
73854, 1
73855, 2
73856, 1
73859, 1
73862, 1
73863, 1
73864, 1
73867, 1
73868, 1
73869, 2
73872, 2
73874, 1
73878, 1
73880, 1
73882, 1
73883, 1
73884, 1
73885, 1
73886, 1
73887, 1
73891, 2
73893, 1
73895, 1
73897, 1
73899, 1
73900, 1
73901, 2
73903, 1
73910, 2
73912, 3
73914, 1
73916, 1
73917, 1
73918, 3
73919, 1
73920, 1
73923, 1
73925, 1
73927, 1
73929, 2
73931, 1
73932, 2
73933, 1
73934, 1
73935, 1
73936, 1
73937, 1
73938, 1
73939, 1
73942, 2
73943, 2
73947, 2
73950, 1
73951, 1
73952, 1
73955, 1
73956, 1
73958, 1
73960, 1
73964, 1
73966, 1
73971, 1
73972, 1
73975, 2
73977, 1
73978, 1
73982, 1
73986, 1
73988, 1
73992, 1
73993, 1
73995, 1
73999, 4
74001, 1
74002, 1
74003, 2
74004, 1
74006, 2
74007, 2
74008, 3
74009, 1
74010, 1
74012, 2
74015, 2
74016, 2
74017, 1
74018, 1
74020, 3
74024, 1
74026, 2
74028, 1
74031, 1
74033, 2
74034, 1
74037, 1
74038, 1
74043, 1
74046, 1
74049, 1
74050, 2
74051, 1
74054, 1
74057, 2
74059, 2
74060, 2
74062, 1
74063, 2
74065, 1
74067, 1
74069, 1
74072, 1
74079, 1
74084, 1
74085, 1
74087, 1
74088, 1
74090, 2
74091, 1
74093, 1
74094, 1
74095, 3
74096, 1
74099, 1
74103, 1
74105, 1
74108, 2
74110, 2
74114, 1
74115, 1
74117, 1
74120, 1
74121, 1
74126, 1
74127, 1
74128, 1
74137, 2
74138, 1
74139, 2
74141, 1
74142, 1
74148, 1
74149, 1
74153, 1
74156, 1
74157, 1
74160, 1
74164, 1
74167, 1
74168, 2
74171, 1
74173, 1
74177, 1
74182, 1
74184, 1
74185, 1
74186, 1
74187, 2
74190, 1
74194, 2
74195, 1
74196, 3
74197, 1
74199, 1
74200, 1
74202, 1
74207, 2
74209, 2
74214, 1
74219, 1
74220, 1
74226, 1
74228, 1
74229, 1
74231, 1
74235, 1
74237, 1
74240, 1
74242, 1
74244, 1
74245, 1
74247, 1
74249, 1
74253, 1
74255, 1
74258, 1
74260, 1
74264, 1
74272, 1
74273, 1
74275, 1
74277, 1
74280, 2
74281, 1
74282, 1
74284, 2
74287, 1
74288, 1
74289, 1
74291, 1
74293, 2
74296, 1
74297, 1
74300, 2
74301, 1
74302, 1
74305, 1
74311, 1
74313, 1
74319, 1
74334, 4
74336, 2
74338, 1
74340, 1
74346, 1
74349, 1
74353, 1
74356, 3
74358, 1
74360, 1
74362, 1
74365, 1
74366, 1
74370, 1
74380, 2
74383, 1
74385, 1
74394, 2
74399, 1
74401, 1
74406, 2
74408, 1
74412, 1
74414, 2
74417, 1
74418, 1
74419, 1
74421, 1
74422, 3
74423, 1
74424, 1
74425, 1
74428, 1
74429, 1
74430, 1
74432, 1
74433, 1
74435, 1
74445, 1
74446, 1
74447, 1
74448, 1
74450, 1
74458, 1
74461, 3
74464, 1
74465, 1
74467, 1
74469, 1
74482, 1
74486, 1
74494, 1
74495, 2
74497, 1
74499, 1
74503, 2
74505, 2
74506, 1
74510, 1
74513, 1
74514, 1
74521, 1
74522, 1
74526, 1
74527, 1
74529, 1
74534, 1
74536, 1
74537, 1
74539, 1
74543, 1
74544, 1
74548, 2
74549, 1
74552, 1
74556, 1
74557, 2
74564, 1
74567, 1
74569, 1
74570, 1
74578, 1
74579, 1
74582, 2
74587, 1
74592, 3
74593, 1
74598, 2
74600, 1
74612, 1
74615, 1
74616, 1
74619, 2
74620, 1
74622, 1
74624, 1
74627, 1
74629, 1
74635, 1
74637, 1
74638, 1
74647, 1
74648, 2
74651, 1
74656, 1
74659, 1
74661, 1
74666, 1
74671, 1
74677, 1
74679, 1
74682, 1
74684, 1
74689, 1
74690, 1
74691, 1
74692, 1
74694, 1
74697, 2
74699, 2
74702, 2
74705, 1
74709, 2
74714, 1
74716, 1
74717, 1
74726, 1
74730, 1
74733, 1
74734, 1
74736, 1
74743, 1
74745, 1
74746, 1
74748, 1
74752, 1
74754, 1
74758, 1
74759, 1
74762, 2
74764, 1
74771, 1
74775, 1
74776, 1
74778, 1
74782, 1
74785, 1
74788, 1
74789, 1
74793, 1
74794, 1
74795, 1
74798, 1
74799, 1
74801, 1
74803, 1
74804, 1
74805, 1
74812, 1
74824, 1
74825, 1
74828, 1
74830, 1
74832, 1
74833, 1
74837, 1
74839, 1
74844, 2
74848, 1
74849, 1
74850, 1
74854, 2
74865, 1
74869, 1
74870, 1
74873, 1
74875, 1
74877, 1
74880, 3
74881, 1
74885, 1
74886, 1
74893, 1
74899, 1
74903, 1
74906, 1
74913, 2
74918, 1
74921, 1
74924, 3
74927, 1
74934, 1
74935, 1
74936, 1
74937, 1
74938, 1
74941, 2
74943, 1
74945, 1
74948, 1
74955, 1
74956, 2
74961, 1
74965, 1
74966, 2
74968, 1
74969, 2
74970, 2
74977, 1
74979, 1
74982, 1
74986, 2
74988, 1
74989, 1
74995, 1
75004, 2
75005, 1
75006, 1
75012, 1
75016, 1
75018, 1
75019, 1
75020, 1
75022, 1
75024, 1
75030, 1
75032, 1
75037, 2
75043, 1
75044, 1
75045, 1
75048, 2
75049, 1
75050, 1
75051, 1
75055, 1
75058, 1
75059, 1
75060, 1
75065, 1
75068, 1
75070, 1
75077, 1
75078, 1
75082, 1
75090, 1
75092, 1
75093, 2
75096, 1
75098, 1
75100, 1
75101, 1
75103, 1
75105, 1
75106, 2
75108, 2
75109, 1
75115, 1
75116, 2
75129, 1
75130, 1
75132, 2
75139, 1
75141, 1
75142, 1
75143, 1
75144, 1
75145, 1
75148, 2
75153, 1
75154, 1
75157, 1
75161, 1
75166, 1
75170, 1
75177, 1
75179, 1
75180, 1
75186, 2
75191, 1
75195, 1
75199, 1
75204, 1
75206, 2
75211, 1
75215, 1
75218, 1
75219, 1
75220, 1
75221, 1
75223, 1
75228, 1
75229, 1
75232, 3
75235, 1
75236, 1
75237, 1
75240, 1
75245, 1
75258, 1
75261, 1
75264, 2
75266, 1
75267, 1
75271, 1
75272, 1
75275, 2
75276, 2
75286, 1
75297, 1
75298, 1
75305, 2
75306, 1
75307, 2
75312, 2
75315, 2
75321, 1
75322, 1
75330, 1
75331, 1
75333, 1
75334, 1
75343, 2
75344, 1
75346, 1
75351, 2
75357, 2
75362, 1
75366, 1
75367, 2
75369, 1
75370, 1
75372, 1
75376, 3
75378, 1
75380, 1
75384, 1
75385, 2
75386, 1
75392, 2
75394, 1
75396, 1
75399, 1
75400, 1
75403, 1
75426, 1
75428, 1
75429, 1
75431, 1
75438, 1
75442, 1
75444, 1
75447, 1
75451, 1
75453, 1
75458, 2
75462, 2
75464, 2
75468, 2
75469, 1
75473, 1
75479, 1
75484, 1
75486, 1
75487, 2
75488, 1
75489, 1
75496, 1
75497, 1
75506, 1
75507, 1
75510, 1
75511, 1
75514, 1
75520, 1
75521, 1
75522, 1
75528, 1
75529, 1
75531, 2
75534, 1
75536, 1
75537, 1
75541, 1
75551, 1
75553, 1
75555, 1
75556, 1
75561, 2
75562, 1
75563, 2
75564, 1
75565, 1
75567, 1
75568, 1
75570, 1
75575, 1
75579, 1
75585, 1
75587, 1
75596, 1
75598, 1
75603, 1
75606, 2
75610, 1
75615, 1
75616, 1
75617, 1
75620, 1
75624, 2
75627, 1
75631, 1
75635, 1
75637, 1
75640, 1
75644, 1
75648, 1
75649, 1
75652, 2
75653, 2
75654, 1
75659, 1
75664, 1
75668, 2
75670, 1
75671, 1
75673, 2
75677, 1
75678, 1
75679, 1
75681, 1
75686, 1
75687, 1
75688, 1
75690, 1
75698, 1
75701, 2
75702, 3
75705, 1
75706, 1
75716, 1
75720, 1
75722, 1
75724, 1
75725, 1
75726, 1
75728, 1
75737, 1
75741, 1
75742, 1
75748, 1
75751, 1
75753, 1
75762, 1
75767, 1
75768, 1
75776, 1
75780, 1
75783, 1
75789, 2
75793, 1
75799, 1
75812, 1
75813, 1
75816, 1
75823, 1
75826, 2
75829, 1
75831, 1
75834, 1
75836, 1
75865, 1
75866, 1
75889, 1
75890, 1
75902, 1
75905, 1
75907, 1
75918, 1
75920, 1
75947, 1
75951, 1
75981, 1
75990, 1
76003, 1
76016, 1
76027, 1
76058, 1
76150, 1
76161, 1
79694, 1
79714, 1
79726, 1
79727, 1
79742, 1
79752, 1
79759, 1
79777, 2
79778, 1
79787, 1
79794, 1
79798, 1
79810, 1
79811, 1
79825, 1
79830, 1
79834, 1
79838, 1
79843, 1
79852, 3
79858, 1
79869, 1
79872, 1
79878, 1
79901, 1
79907, 1
79909, 1
79921, 1
79930, 1
79935, 3
79948, 1
79949, 2
79958, 1
79962, 1
79965, 1
79969, 1
79970, 1
79984, 1
79998, 1
80008, 1
80014, 1
80017, 1
80021, 1
80024, 1
80030, 1
80033, 1
80046, 2
80048, 1
80056, 1
80069, 1
80071, 1
80072, 1
80089, 1
80090, 1
80093, 1
80100, 2
80108, 1
80111, 1
80114, 1
80115, 1
80117, 1
80121, 1
80126, 1
80127, 1
80134, 1
80143, 1
80159, 1
80161, 1
80165, 1
80174, 1
80177, 1
80178, 1
80185, 1
80189, 1
80197, 1
80203, 1
80204, 1
80215, 1
80218, 1
80223, 1
80228, 1
80230, 1
80233, 1
80240, 1
80242, 1
80251, 1
80254, 1
80257, 1
80261, 1
80263, 1
80265, 1
80273, 1
80284, 1
80291, 1
80294, 1
80296, 1
80301, 1
80304, 1
80321, 1
80335, 1
80339, 1
80355, 1
80360, 1
80364, 1
80368, 1
80374, 2
80379, 1
80386, 1
80390, 1
80391, 1
80395, 1
80402, 1
80410, 3
80414, 1
80415, 1
80420, 1
80426, 1
80428, 1
80436, 1
80455, 1
80457, 1
80465, 2
80471, 1
80473, 1
80475, 1
80482, 1
80494, 1
80500, 1
80501, 1
80508, 1
80516, 1
80522, 1
80527, 1
80535, 2
80536, 2
80537, 1
80550, 1
80556, 1
80557, 1
80569, 1
80589, 1
80591, 2
80593, 2
80618, 2
80619, 1
80625, 1
80628, 1
80632, 1
80639, 2
80642, 1
80649, 1
80652, 1
80676, 1
80681, 1
80696, 1
80698, 1
80699, 1
80708, 1
80710, 1
80712, 1
80714, 2
80715, 1
80716, 1
80718, 1
80725, 2
80740, 1
80753, 1
80772, 1
80779, 1
80784, 1
80787, 2
80799, 1
80804, 2
80806, 1
80807, 1
80810, 1
80811, 1
80819, 1
80824, 1
80827, 1
80833, 1
80835, 1
80846, 1
80856, 1
80858, 1
80863, 1
80871, 1
80872, 2
80875, 1
80876, 1
80879, 2
80886, 1
80887, 1
80897, 1
80907, 1
80912, 1
80916, 1
80937, 1
80938, 1
80946, 1
80958, 1
80960, 1
80980, 1
80984, 1
80985, 1
80988, 1
80992, 1
80994, 1
80997, 1
80998, 1
81005, 1
81014, 1
81019, 2
81026, 2
81029, 1
81032, 1
81039, 1
81041, 1
81043, 1
81045, 1
81047, 1
81052, 1
81062, 1
81072, 1
81074, 1
81075, 1
81078, 1
81087, 1
81099, 1
81101, 1
81111, 1
81121, 1
81122, 1
81126, 1
81127, 1
81139, 1
81145, 1
81157, 1
81159, 2
81166, 1
81170, 1
81185, 1
81191, 1
81193, 1
81198, 1
81199, 1
81202, 1
81209, 1
81211, 1
81219, 1
81220, 1
81221, 1
81224, 1
81230, 1
81232, 1
81245, 1
81253, 1
81266, 1
81275, 1
81289, 1
81296, 1
81299, 1
81301, 2
81302, 1
81312, 1
81316, 1
81317, 1
81322, 2
81328, 1
81331, 1
81337, 1
81352, 1
81355, 1
81387, 1
81389, 1
81391, 1
81392, 1
81393, 1
81396, 1
81398, 2
81409, 1
81415, 1
81416, 2
81421, 1
81430, 1
81433, 1
81437, 1
81450, 1
81452, 1
81457, 1
81460, 1
81461, 1
81463, 1
81467, 3
81470, 1
81482, 1
81490, 1
81493, 1
81494, 2
81496, 1
81502, 2
81506, 1
81508, 1
81516, 2
81517, 1
81525, 1
81540, 1
81545, 1
81546, 2
81555, 2
81559, 2
81561, 1
81565, 1
81566, 1
81567, 1
81571, 2
81572, 1
81573, 1
81575, 2
81579, 2
81583, 1
81588, 1
81590, 1
81594, 1
81595, 2
81608, 1
81610, 1
81619, 1
81621, 1
81623, 1
81626, 1
81627, 1
81629, 1
81633, 2
81637, 1
81638, 1
81642, 1
81645, 2
81654, 1
81657, 1
81658, 1
81659, 1
81661, 1
81662, 1
81663, 1
81664, 1
81667, 1
81669, 1
81676, 1
81679, 1
81680, 1
81682, 2
81683, 1
81684, 2
81702, 2
81703, 1
81706, 1
81709, 3
81710, 2
81713, 1
81716, 1
81723, 1
81724, 1
81729, 1
81732, 1
81742, 2
81743, 1
81745, 1
81748, 1
81749, 1
81757, 1
81758, 1
81759, 1
81761, 1
81765, 1
81766, 1
81773, 1
81776, 1
81777, 1
81778, 1
81782, 1
81784, 1
81789, 2
81792, 1
81794, 1
81795, 2
81796, 1
81802, 1
81804, 1
81809, 1
81810, 1
81812, 1
81815, 1
81823, 1
81828, 1
81829, 2
81830, 1
81832, 1
81833, 1
81839, 2
81840, 1
81850, 2
81858, 1
81862, 1
81864, 1
81865, 2
81866, 1
81868, 1
81876, 1
81881, 1
81882, 1
81885, 1
81886, 1
81890, 1
81894, 1
81897, 2
81903, 2
81904, 2
81907, 1
81911, 1
81913, 1
81915, 1
81916, 1
81918, 1
81919, 1
81925, 1
81929, 1
81932, 1
81950, 1
81962, 1
81964, 1
81968, 1
81973, 2
81982, 2
81983, 2
81986, 2
81990, 1
82001, 1
82005, 1
82014, 1
82017, 1
82019, 1
82021, 2
82024, 1
82027, 1
82042, 1
82044, 1
82045, 1
82053, 1
82054, 1
82061, 2
82062, 1
82073, 1
82078, 1
82086, 1
82104, 1
82105, 1
82110, 1
82112, 1
82116, 1
82120, 1
82132, 1
82135, 1
82143, 1
82165, 1
82166, 1
82167, 1
82170, 1
82174, 1
82181, 1
82192, 2
82196, 1
82200, 1
82204, 1
82208, 2
82212, 1
82218, 1
82236, 2
82238, 1
82249, 1
82253, 1
82259, 1
82261, 1
82263, 1
82265, 1
82270, 1
82288, 1
82290, 1
82304, 1
82312, 1
82321, 1
82326, 1
82329, 1
82330, 1
82338, 1
82340, 1
82344, 2
82350, 1
82353, 1
82357, 1
82358, 1
82362, 1
82393, 1
82411, 1
82421, 1
82431, 1
82432, 1
82433, 1
82444, 1
82445, 1
82446, 1
82447, 1
82448, 2
82449, 1
82453, 1
82459, 1
82464, 1
82466, 1
82470, 1
82473, 1
82486, 1
82492, 1
82493, 1
82497, 1
82498, 1
82502, 1
82506, 1
82507, 1
82509, 1
82511, 1
82519, 1
82523, 1
82526, 1
82531, 1
82543, 1
82551, 1
82569, 1
82574, 1
82581, 1
82587, 1
82591, 1
82593, 1
82601, 1
82606, 1
82607, 1
82608, 1
82616, 1
82628, 1
82633, 1
82636, 1
82637, 1
82639, 1
82643, 1
82645, 1
82649, 1
82662, 1
82663, 1
82666, 1
82668, 1
82673, 1
82674, 1
82677, 1
82682, 1
82683, 1
82686, 1
82704, 1
82708, 1
82715, 1
82724, 1
82731, 1
82737, 1
82738, 1
82743, 1
82745, 2
82751, 1
82765, 1
82773, 1
82780, 1
82788, 1
82793, 1
82794, 1
82796, 1
82818, 1
82823, 1
82824, 1
82829, 1
82835, 1
82836, 1
82847, 2
82848, 1
82849, 1
82857, 1
82871, 1
82875, 1
82878, 1
82886, 1
82888, 1
82889, 1
82892, 1
82914, 2
82919, 2
82928, 1
82937, 1
82941, 1
82945, 1
82948, 2
82951, 1
82964, 1
82975, 1
82977, 1
82978, 1
82995, 1
83004, 1
83013, 1
83020, 1
83030, 1
83034, 1
83039, 1
83040, 1
83041, 1
83044, 1
83051, 2
83054, 1
83055, 1
83056, 1
83075, 1
83077, 1
83090, 1
83092, 1
83097, 1
83098, 1
83105, 1
83116, 1
83120, 1
83122, 1
83129, 1
83130, 2
83142, 1
83148, 1
83150, 1
83164, 1
83167, 1
83175, 1
83179, 2
83190, 2
83207, 1
83215, 1
83216, 1
83224, 1
83226, 1
83231, 1
83233, 1
83234, 1
83235, 1
83239, 1
83245, 2
83253, 2
83258, 1
83263, 1
83264, 1
83266, 1
83274, 1
83278, 1
83285, 1
83289, 1
83298, 1
83299, 1
83311, 1
83319, 1
83321, 1
83329, 1
83331, 1
83334, 1
83338, 1
83341, 1
83360, 1
83365, 1
83366, 1
83383, 1
83385, 1
83387, 1
83398, 1
83400, 1
83403, 1
83409, 2
83412, 1
83413, 1
83414, 1
83418, 1
83420, 1
83423, 1
83426, 1
83446, 1
83456, 1
83462, 1
83464, 1
83475, 1
83484, 1
83485, 1
83487, 1
83500, 1
83501, 1
83502, 1
83504, 1
83518, 1
83520, 1
83542, 1
83544, 1
83548, 1
83553, 1
83559, 1
83568, 1
83596, 1
83601, 1
83611, 1
83614, 1
83617, 1
83622, 1
83623, 1
83627, 1
83630, 1
83631, 1
83635, 1
83646, 1
83647, 1
83675, 1
83678, 1
83717, 1
83784, 1
83812, 1
83915, 1
83969, 1
87403, 1
87447, 1
87461, 1
87471, 1
87475, 1
87481, 1
87488, 1
87510, 1
87518, 2
87537, 1
87539, 1
87556, 1
87594, 1
87601, 1
87611, 1
87614, 1
87619, 1
87620, 1
87621, 1
87622, 3
87633, 1
87634, 1
87637, 1
87638, 1
87642, 1
87647, 1
87654, 1
87663, 1
87671, 1
87672, 3
87677, 1
87679, 1
87681, 2
87686, 2
87688, 1
87689, 1
87692, 2
87704, 1
87705, 1
87706, 3
87707, 1
87710, 1
87711, 1
87715, 1
87716, 1
87723, 1
87724, 1
87726, 1
87736, 2
87738, 1
87743, 1
87746, 1
87750, 1
87753, 1
87768, 1
87772, 1
87773, 1
87774, 2
87777, 1
87784, 1
87785, 1
87786, 2
87787, 1
87788, 1
87791, 1
87798, 1
87800, 1
87802, 1
87804, 1
87811, 1
87822, 1
87824, 2
87836, 1
87841, 1
87843, 2
87845, 1
87848, 1
87850, 2
87852, 1
87859, 1
87860, 1
87864, 1
87866, 1
87868, 2
87872, 1
87873, 3
87874, 1
87879, 1
87882, 2
87883, 1
87884, 1
87887, 1
87888, 2
87889, 1
87892, 1
87899, 1
87901, 2
87905, 1
87908, 1
87910, 1
87913, 2
87917, 1
87925, 2
87926, 1
87928, 1
87931, 1
87932, 1
87933, 1
87940, 1
87941, 2
87944, 2
87948, 1
87954, 1
87956, 1
87960, 1
87963, 2
87964, 1
87965, 1
87966, 1
87968, 1
87972, 1
87973, 1
87974, 2
87976, 1
87980, 1
87981, 1
87994, 1
88001, 1
88006, 1
88007, 1
88009, 1
88016, 1
88017, 1
88019, 1
88025, 1
88027, 1
88030, 1
88035, 1
88036, 1
88037, 1
88038, 2
88040, 1
88041, 1
88044, 1
88045, 1
88046, 1
88049, 1
88055, 1
88057, 1
88058, 1
88062, 1
88065, 1
88068, 1
88074, 1
88076, 1
88078, 1
88083, 1
88088, 1
88089, 1
88092, 2
88094, 1
88097, 2
88101, 1
88102, 1
88103, 1
88114, 3
88115, 1
88119, 2
88120, 1
88122, 3
88125, 1
88126, 1
88128, 1
88132, 2
88134, 1
88135, 1
88138, 1
88139, 1
88146, 1
88155, 2
88161, 1
88166, 1
88173, 1
88179, 1
88184, 1
88187, 1
88192, 1
88194, 2
88200, 1
88202, 1
88205, 1
88211, 2
88216, 2
88217, 1
88220, 1
88222, 3
88223, 2
88225, 1
88226, 1
88227, 1
88230, 1
88232, 2
88233, 1
88238, 1
88239, 1
88240, 1
88244, 1
88247, 1
88248, 1
88256, 1
88260, 1
88261, 1
88268, 1
88269, 1
88283, 1
88286, 1
88289, 1
88290, 2
88291, 1
88295, 1
88298, 1
88301, 1
88303, 1
88305, 1
88306, 1
88307, 2
88312, 1
88318, 1
88322, 1
88326, 1
88331, 2
88334, 2
88338, 1
88348, 1
88351, 1
88355, 1
88356, 2
88359, 1
88360, 1
88363, 1
88364, 2
88369, 1
88370, 1
88375, 1
88379, 1
88382, 2
88384, 1
88386, 1
88388, 2
88389, 1
88391, 1
88395, 2
88406, 1
88407, 2
88419, 1
88421, 1
88429, 2
88437, 1
88448, 1
88450, 1
88451, 2
88452, 1
88455, 1
88456, 1
88457, 1
88466, 1
88469, 1
88470, 2
88471, 2
88472, 1
88481, 1
88485, 1
88488, 1
88493, 1
88494, 2
88498, 1
88503, 1
88506, 1
88509, 2
88511, 2
88513, 1
88515, 1
88517, 1
88524, 1
88525, 1
88526, 1
88527, 3
88530, 2
88534, 1
88542, 1
88544, 1
88546, 1
88551, 1
88552, 2
88553, 1
88556, 1
88557, 2
88558, 1
88561, 1
88563, 1
88564, 2
88565, 1
88566, 1
88570, 1
88578, 1
88589, 1
88593, 1
88601, 1
88603, 1
88608, 1
88609, 1
88613, 1
88615, 2
88616, 1
88623, 1
88624, 1
88625, 1
88628, 1
88631, 1
88632, 1
88635, 1
88638, 1
88640, 1
88642, 2
88643, 1
88650, 2
88652, 1
88654, 1
88655, 1
88658, 1
88661, 1
88664, 1
88666, 1
88674, 1
88675, 1
88684, 1
88685, 2
88691, 1
88693, 1
88695, 1
88696, 1
88697, 1
88700, 2
88701, 1
88702, 1
88703, 1
88707, 1
88708, 2
88710, 1
88711, 1
88712, 1
88714, 1
88718, 1
88720, 1
88722, 2
88723, 1
88729, 1
88730, 1
88736, 1
88737, 1
88739, 1
88740, 1
88743, 1
88749, 1
88752, 2
88760, 1
88762, 1
88770, 1
88772, 1
88775, 2
88785, 1
88786, 1
88787, 1
88794, 1
88798, 1
88799, 2
88804, 1
88805, 1
88806, 1
88807, 1
88809, 1
88810, 2
88812, 1
88815, 1
88816, 1
88818, 1
88823, 2
88826, 1
88829, 1
88832, 1
88835, 1
88840, 1
88842, 1
88843, 1
88845, 1
88848, 1
88849, 1
88858, 1
88862, 1
88864, 1
88869, 1
88871, 1
88876, 1
88878, 1
88882, 1
88884, 1
88886, 1
88890, 1
88895, 3
88899, 2
88900, 1
88901, 1
88902, 1
88906, 2
88907, 1
88909, 1
88911, 1
88915, 1
88921, 1
88922, 1
88923, 1
88924, 1
88929, 1
88930, 1
88932, 1
88938, 1
88940, 1
88944, 1
88952, 1
88953, 1
88956, 1
88958, 1
88963, 1
88966, 3
88969, 1
88972, 1
88978, 1
88982, 2
88984, 1
88990, 3
88991, 1
89001, 2
89002, 2
89003, 1
89005, 1
89006, 2
89014, 1
89017, 1
89021, 1
89027, 1
89031, 1
89039, 1
89042, 1
89044, 1
89045, 1
89047, 1
89048, 1
89053, 1
89055, 1
89059, 2
89063, 1
89066, 1
89067, 1
89070, 1
89073, 1
89075, 1
89078, 1
89081, 1
89084, 1
89090, 1
89101, 1
89102, 1
89103, 1
89104, 1
89112, 1
89121, 1
89124, 1
89131, 1
89132, 1
89134, 3
89135, 1
89139, 1
89140, 1
89141, 2
89142, 1
89145, 1
89150, 1
89153, 1
89156, 1
89157, 1
89162, 2
89165, 1
89167, 1
89168, 1
89174, 1
89176, 1
89179, 1
89182, 1
89184, 1
89188, 1
89189, 1
89192, 1
89195, 1
89199, 1
89200, 1
89203, 1
89208, 2
89209, 3
89211, 3
89213, 1
89214, 1
89218, 1
89222, 1
89225, 1
89228, 1
89231, 1
89232, 2
89235, 1
89236, 1
89240, 2
89241, 2
89242, 1
89252, 2
89253, 1
89255, 1
89258, 1
89262, 2
89264, 1
89270, 1
89273, 1
89282, 1
89284, 1
89291, 1
89293, 1
89294, 1
89296, 1
89297, 1
89298, 1
89299, 2
89300, 2
89302, 2
89306, 2
89307, 3
89308, 1
89312, 2
89316, 1
89317, 1
89318, 1
89321, 1
89322, 2
89323, 1
89327, 1
89332, 1
89333, 3
89334, 1
89335, 1
89338, 3
89339, 2
89344, 2
89345, 1
89347, 3
89348, 1
89349, 1
89352, 1
89356, 1
89362, 1
89363, 1
89368, 1
89370, 1
89377, 2
89379, 1
89383, 2
89384, 2
89385, 1
89386, 2
89387, 2
89389, 1
89391, 2
89394, 3
89402, 1
89403, 2
89404, 2
89405, 2
89406, 2
89408, 1
89410, 1
89413, 2
89414, 2
89416, 1
89417, 3
89419, 1
89420, 1
89422, 2
89426, 1
89427, 1
89428, 3
89429, 1
89430, 1
89433, 1
89435, 2
89439, 1
89443, 1
89446, 2
89447, 1
89449, 2
89452, 1
89455, 2
89457, 1
89459, 1
89460, 2
89461, 2
89462, 2
89464, 1
89465, 1
89466, 1
89467, 1
89470, 1
89472, 1
89478, 1
89480, 1
89482, 2
89483, 1
89487, 1
89488, 1
89490, 2
89492, 1
89495, 2
89496, 1
89498, 1
89499, 2
89500, 2
89501, 2
89502, 1
89503, 1
89504, 2
89506, 1
89507, 1
89508, 1
89509, 1
89510, 1
89511, 2
89512, 1
89513, 1
89516, 1
89518, 2
89524, 1
89525, 1
89526, 1
89527, 1
89528, 1
89529, 2
89531, 2
89532, 3
89536, 2
89539, 1
89540, 1
89541, 4
89543, 1
89544, 1
89546, 1
89547, 1
89548, 1
89553, 1
89555, 1
89556, 2
89557, 1
89559, 1
89561, 2
89565, 1
89569, 1
89570, 2
89572, 1
89574, 2
89578, 4
89579, 1
89582, 1
89583, 1
89585, 1
89586, 1
89587, 1
89588, 2
89590, 2
89593, 1
89594, 4
89595, 1
89596, 2
89598, 1
89599, 1
89600, 1
89601, 1
89602, 1
89608, 1
89609, 1
89615, 1
89616, 3
89619, 1
89620, 1
89623, 1
89625, 1
89627, 1
89629, 1
89631, 1
89633, 1
89636, 1
89637, 2
89638, 1
89642, 1
89644, 1
89648, 1
89649, 1
89650, 1
89652, 2
89654, 2
89657, 3
89660, 1
89663, 2
89664, 1
89666, 3
89667, 1
89668, 1
89669, 1
89670, 1
89671, 2
89672, 1
89673, 2
89674, 1
89676, 1
89680, 1
89681, 1
89685, 1
89686, 1
89687, 1
89688, 1
89689, 1
89693, 2
89698, 1
89699, 1
89700, 2
89701, 1
89705, 2
89710, 3
89712, 1
89713, 3
89716, 2
89718, 1
89722, 2
89723, 1
89724, 1
89726, 1
89727, 1
89730, 1
89731, 1
89733, 1
89735, 1
89737, 1
89738, 2
89739, 1
89742, 1
89744, 1
89751, 1
89753, 1
89754, 1
89758, 1
89759, 1
89760, 1
89761, 1
89762, 1
89763, 1
89765, 1
89767, 1
89768, 2
89780, 1
89782, 1
89784, 1
89786, 1
89789, 1
89793, 1
89794, 2
89796, 1
89799, 1
89802, 1
89805, 1
89806, 1
89811, 1
89817, 1
89819, 1
89820, 2
89822, 1
89824, 1
89828, 2
89829, 1
89831, 2
89833, 2
89834, 1
89836, 1
89837, 1
89841, 3
89844, 2
89846, 1
89848, 1
89849, 1
89852, 1
89855, 2
89870, 1
89871, 1
89876, 1
89889, 1
89890, 1
89891, 1
89892, 1
89895, 1
89902, 1
89903, 1
89907, 1
89913, 1
89920, 2
89921, 3
89923, 1
89924, 1
89929, 1
89934, 1
89936, 4
89948, 2
89951, 1
89954, 1
89956, 1
89957, 1
89967, 1
89969, 1
89970, 1
89975, 1
89977, 2
89980, 1
89981, 1
89984, 2
89986, 2
89987, 1
89989, 1
89990, 1
89996, 1
90001, 2
90002, 1
90003, 1
90008, 2
90013, 1
90014, 2
90017, 2
90021, 3
90025, 1
90026, 1
90027, 2
90028, 2
90029, 1
90040, 1
90045, 1
90054, 1
90057, 1
90061, 1
90064, 1
90067, 2
90069, 1
90070, 1
90078, 2
90087, 1
90091, 1
90097, 2
90098, 1
90101, 1
90103, 1
90105, 1
90109, 1
90117, 1
90118, 2
90121, 1
90123, 1
90130, 1
90131, 1
90132, 1
90136, 2
90138, 2
90146, 1
90147, 1
90148, 1
90150, 1
90151, 1
90158, 1
90162, 2
90167, 1
90174, 1
90177, 1
90178, 1
90180, 3
90183, 2
90186, 1
90188, 1
90192, 1
90194, 2
90200, 1
90202, 1
90207, 1
90210, 1
90213, 2
90217, 1
90219, 1
90224, 1
90225, 1
90227, 2
90229, 1
90238, 1
90239, 1
90241, 1
90244, 1
90246, 1
90248, 1
90250, 1
90251, 1
90256, 1
90262, 1
90263, 1
90265, 1
90270, 3
90272, 1
90277, 1
90279, 1
90280, 1
90282, 2
90283, 1
90286, 1
90288, 1
90293, 1
90294, 1
90298, 1
90303, 2
90306, 1
90314, 2
90316, 1
90317, 1
90319, 2
90320, 1
90321, 1
90322, 1
90328, 1
90331, 1
90332, 1
90338, 1
90339, 1
90341, 1
90345, 1
90348, 1
90350, 1
90351, 2
90354, 1
90358, 1
90359, 1
90366, 1
90367, 1
90370, 1
90376, 1
90384, 2
90386, 1
90387, 1
90392, 1
90394, 1
90396, 1
90397, 1
90398, 2
90402, 1
90404, 1
90405, 2
90406, 1
90409, 1
90411, 1
90416, 1
90419, 1
90425, 1
90427, 1
90428, 1
90436, 1
90438, 1
90440, 1
90442, 1
90443, 1
90448, 2
90450, 1
90452, 3
90454, 1
90466, 1
90467, 1
90473, 1
90480, 1
90485, 1
90495, 1
90500, 1
90502, 1
90505, 1
90506, 1
90510, 1
90511, 1
90512, 1
90513, 1
90514, 1
90515, 1
90516, 1
90517, 1
90518, 1
90520, 1
90522, 1
90523, 1
90524, 1
90525, 2
90527, 1
90529, 1
90530, 1
90539, 1
90540, 1
90548, 1
90549, 1
90553, 1
90556, 1
90560, 1
90572, 1
90573, 1
90577, 1
90580, 1
90582, 1
90587, 1
90601, 1
90603, 2
90605, 1
90606, 3
90608, 1
90610, 1
90613, 1
90619, 1
90620, 1
90621, 2
90631, 1
90636, 1
90637, 1
90640, 1
90641, 1
90642, 1
90650, 1
90651, 1
90653, 1
90659, 1
90660, 2
90663, 1
90664, 1
90668, 1
90669, 1
90670, 1
90671, 1
90673, 1
90675, 1
90676, 2
90678, 1
90682, 1
90685, 1
90691, 2
90697, 1
90701, 2
90704, 1
90705, 1
90708, 1
90710, 1
90711, 1
90712, 1
90713, 1
90725, 1
90727, 2
90730, 1
90738, 1
90741, 1
90744, 1
90752, 1
90753, 1
90754, 1
90760, 1
90761, 1
90763, 1
90765, 1
90768, 2
90770, 1
90772, 2
90778, 1
90782, 1
90783, 1
90785, 1
90787, 1
90788, 1
90792, 1
90793, 1
90795, 1
90797, 1
90801, 2
90802, 1
90804, 1
90807, 1
90815, 2
90817, 1
90818, 1
90828, 1
90829, 2
90830, 1
90831, 1
90832, 1
90835, 1
90837, 1
90845, 1
90850, 1
90851, 1
90855, 1
90858, 1
90861, 1
90864, 1
90867, 1
90871, 1
90872, 1
90875, 1
90878, 2
90884, 1
90885, 1
90890, 1
90893, 1
90895, 1
90897, 1
90899, 1
90900, 1
90904, 1
90907, 1
90908, 1
90912, 1
90914, 1
90916, 1
90918, 1
90924, 3
90929, 1
90931, 1
90932, 1
90933, 1
90936, 1
90946, 1
90950, 1
90953, 1
90954, 2
90961, 1
90962, 2
90964, 2
90965, 1
90966, 2
90967, 2
90968, 1
90969, 1
90971, 1
90976, 1
90977, 1
90981, 1
90989, 1
90993, 1
90995, 1
90998, 2
91002, 1
91003, 2
91004, 2
91007, 1
91009, 2
91010, 1
91022, 1
91024, 1
91026, 1
91027, 1
91029, 1
91031, 1
91032, 1
91034, 1
91042, 1
91045, 1
91046, 1
91049, 1
91055, 1
91060, 1
91066, 1
91068, 1
91076, 1
91080, 1
91081, 3
91084, 1
91086, 1
91088, 2
91089, 1
91090, 1
91093, 1
91096, 1
91101, 1
91109, 1
91119, 2
91121, 1
91125, 1
91132, 2
91133, 2
91134, 1
91135, 2
91136, 1
91138, 1
91143, 1
91148, 1
91150, 1
91155, 2
91161, 1
91164, 2
91172, 1
91178, 1
91180, 1
91183, 1
91185, 1
91188, 1
91189, 1
91190, 1
91194, 1
91195, 2
91197, 1
91198, 1
91201, 1
91205, 1
91207, 1
91208, 1
91209, 2
91212, 2
91214, 2
91217, 1
91223, 2
91224, 1
91227, 1
91237, 1
91257, 1
91259, 1
91260, 1
91263, 2
91272, 2
91273, 1
91281, 1
91286, 2
91287, 1
91289, 1
91290, 3
91292, 1
91295, 1
91296, 1
91301, 1
91302, 1
91303, 2
91313, 1
91315, 1
91319, 1
91321, 1
91324, 1
91332, 1
91335, 1
91337, 1
91341, 1
91346, 1
91351, 1
91352, 1
91353, 1
91354, 1
91355, 1
91356, 1
91357, 1
91358, 1
91360, 1
91361, 1
91366, 1
91370, 1
91374, 1
91385, 1
91389, 2
91390, 1
91393, 1
91395, 1
91396, 1
91398, 1
91404, 1
91408, 1
91413, 1
91415, 2
91421, 1
91435, 1
91439, 2
91442, 2
91445, 1
91446, 1
91452, 1
91455, 1
91464, 1
91465, 1
91466, 1
91468, 1
91471, 2
91477, 1
91481, 1
91487, 1
91491, 1
91498, 1
91500, 1
91502, 1
91512, 1
91530, 2
91543, 1
91544, 1
91547, 1
91551, 1
91554, 1
91555, 1
91561, 2
91562, 1
91581, 1
91583, 1
91592, 1
91607, 1
91624, 1
91633, 1
91638, 1
91647, 2
91651, 1
91704, 1
91749, 1
95243, 2
95289, 1
95306, 1
95323, 2
95333, 1
95352, 1
95353, 1
95357, 1
95359, 1
95372, 1
95373, 1
95397, 1
95403, 1
95422, 1
95448, 1
95453, 1
95460, 1
95466, 1
95473, 1
95479, 1
95484, 1
95485, 1
95488, 1
95489, 1
95492, 1
95501, 2
95511, 1
95516, 1
95522, 1
95524, 1
95527, 1
95540, 1
95549, 1
95555, 1
95567, 1
95575, 1
95578, 1
95588, 1
95589, 1
95602, 1
95605, 1
95609, 1
95617, 1
95619, 1
95624, 1
95627, 1
95633, 2
95636, 1
95637, 1
95641, 2
95649, 1
95653, 1
95665, 1
95667, 1
95673, 1
95679, 1
95689, 1
95695, 1
95700, 1
95708, 2
95712, 1
95715, 1
95721, 1
95726, 1
95729, 1
95747, 1
95751, 1
95755, 1
95756, 1
95764, 1
95767, 1
95769, 1
95779, 1
95783, 1
95787, 1
95796, 1
95807, 1
95812, 1
95813, 1
95832, 1
95841, 1
95844, 1
95847, 1
95848, 1
95851, 1
95852, 1
95868, 1
95870, 1
95871, 1
95881, 1
95895, 1
95903, 1
95904, 1
95910, 1
95924, 1
95928, 1
95930, 1
95950, 1
95951, 1
95952, 1
95956, 1
95960, 2
95962, 1
95967, 1
95975, 1
95978, 1
95980, 1
95985, 1
95986, 1
95989, 1
95993, 1
96000, 1
96004, 1
96005, 1
96006, 1
96012, 1
96019, 1
96032, 1
96033, 1
96040, 1
96047, 1
96050, 1
96055, 1
96069, 1
96083, 1
96100, 1
96104, 1
96105, 1
96107, 1
96113, 1
96118, 1
96121, 1
96126, 1
96128, 1
96129, 2
96131, 1
96134, 1
96147, 1
96149, 1
96156, 1
96162, 1
96166, 1
96167, 1
96171, 1
96173, 1
96176, 1
96185, 1
96195, 1
96203, 1
96210, 2
96214, 1
96221, 2
96233, 2
96239, 1
96251, 2
96255, 1
96266, 2
96270, 1
96274, 1
96276, 1
96285, 1
96292, 1
96295, 1
96300, 1
96302, 2
96304, 1
96316, 2
96320, 1
96325, 1
96330, 1
96333, 1
96338, 1
96362, 1
96365, 1
96372, 1
96379, 1
96382, 1
96407, 1
96411, 1
96417, 1
96425, 1
96431, 1
96438, 1
96439, 1
96442, 1
96445, 1
96448, 2
96449, 1
96452, 1
96460, 1
96461, 1
96467, 2
96471, 1
96486, 1
96490, 1
96495, 1
96496, 1
96515, 1
96516, 1
96531, 1
96532, 1
96534, 1
96538, 1
96555, 1
96565, 1
96567, 1
96568, 1
96579, 1
96587, 1
96588, 1
96593, 1
96594, 1
96603, 1
96619, 1
96626, 1
96628, 1
96630, 1
96633, 1
96636, 1
96637, 1
96643, 1
96644, 1
96646, 1
96650, 1
96659, 1
96664, 1
96670, 1
96683, 1
96689, 1
96691, 2
96702, 1
96703, 1
96706, 1
96715, 1
96718, 1
96720, 1
96723, 1
96740, 1
96741, 2
96747, 1
96752, 1
96776, 2
96784, 1
96787, 1
96789, 2
96795, 2
96797, 1
96799, 1
96811, 1
96813, 1
96827, 1
96831, 1
96846, 1
96850, 1
96851, 1
96854, 1
96855, 1
96868, 1
96873, 1
96879, 1
96880, 1
96891, 1
96894, 2
96898, 1
96904, 1
96916, 1
96921, 1
96923, 1
96924, 1
96938, 1
96940, 2
96943, 1
96946, 1
96948, 1
96954, 1
96955, 1
96963, 1
96968, 1
96976, 1
96977, 1
96984, 1
96988, 1
96992, 1
96999, 1
97000, 1
97009, 1
97028, 1
97031, 1
97032, 1
97036, 1
97038, 1
97056, 3
97063, 1
97066, 1
97068, 1
97076, 1
97079, 1
97090, 1
97093, 1
97096, 1
97100, 1
97106, 2
97109, 1
97112, 1
97116, 1
97118, 1
97122, 1
97126, 1
97128, 1
97130, 1
97133, 1
97143, 1
97147, 1
97155, 1
97159, 2
97162, 1
97163, 1
97165, 2
97169, 1
97170, 1
97175, 1
97189, 1
97198, 1
97205, 1
97211, 2
97213, 1
97215, 2
97222, 1
97226, 1
97231, 1
97236, 1
97237, 1
97238, 2
97239, 1
97240, 2
97242, 2
97243, 1
97245, 1
97250, 1
97251, 1
97259, 1
97265, 1
97268, 1
97269, 1
97278, 1
97281, 1
97288, 1
97290, 1
97292, 1
97293, 1
97294, 2
97295, 2
97297, 1
97298, 1
97302, 1
97304, 2
97311, 1
97318, 1
97320, 1
97322, 1
97323, 1
97324, 1
97327, 1
97328, 1
97330, 1
97333, 1
97334, 1
97335, 1
97339, 1
97340, 1
97347, 1
97350, 1
97353, 1
97357, 1
97360, 1
97362, 2
97374, 1
97375, 2
97385, 1
97399, 1
97400, 1
97401, 1
97402, 1
97403, 1
97404, 2
97408, 1
97409, 1
97410, 3
97414, 1
97418, 1
97422, 1
97423, 1
97424, 1
97431, 1
97432, 1
97441, 1
97443, 1
97448, 1
97451, 1
97453, 1
97454, 1
97455, 1
97460, 1
97463, 1
97473, 1
97474, 1
97478, 1
97480, 1
97483, 2
97484, 1
97486, 1
97488, 1
97489, 1
97490, 1
97492, 2
97494, 1
97497, 1
97499, 1
97501, 1
97503, 1
97511, 1
97512, 1
97523, 1
97524, 1
97527, 1
97535, 1
97536, 1
97537, 1
97539, 2
97540, 1
97541, 1
97547, 1
97551, 1
97552, 1
97562, 1
97564, 1
97568, 1
97569, 1
97574, 1
97577, 1
97581, 1
97596, 1
97599, 3
97600, 1
97612, 1
97618, 1
97623, 1
97639, 1
97647, 1
97648, 1
97649, 1
97652, 1
97658, 1
97660, 1
97661, 1
97667, 1
97674, 1
97675, 1
97676, 1
97679, 1
97680, 1
97693, 1
97695, 1
97704, 1
97705, 1
97706, 2
97709, 1
97719, 2
97728, 1
97730, 1
97741, 1
97751, 1
97761, 1
97764, 1
97769, 1
97771, 1
97773, 2
97777, 1
97779, 2
97782, 1
97791, 1
97793, 1
97798, 1
97799, 1
97804, 1
97812, 1
97820, 1
97829, 1
97831, 1
97838, 1
97843, 1
97845, 1
97847, 1
97852, 1
97854, 1
97869, 1
97875, 2
97876, 1
97879, 1
97881, 1
97884, 1
97908, 1
97909, 1
97913, 1
97916, 2
97921, 1
97930, 1
97935, 2
97937, 1
97950, 1
97955, 1
97971, 1
97973, 1
97979, 1
97991, 1
97993, 1
98000, 1
98002, 1
98005, 1
98006, 1
98021, 1
98032, 1
98042, 1
98047, 1
98056, 1
98064, 1
98075, 1
98082, 1
98086, 2
98090, 1
98094, 1
98098, 1
98099, 1
98102, 1
98104, 1
98105, 1
98109, 2
98124, 1
98127, 1
98137, 1
98144, 1
98167, 1
98168, 1
98169, 1
98173, 1
98175, 1
98176, 1
98178, 1
98181, 1
98187, 1
98203, 1
98205, 1
98206, 1
98224, 1
98231, 1
98237, 1
98246, 1
98247, 1
98252, 1
98261, 1
98264, 2
98267, 1
98273, 1
98279, 1
98281, 1
98282, 1
98283, 1
98284, 1
98285, 2
98330, 1
98336, 3
98339, 1
98342, 1
98353, 1
98359, 1
98364, 1
98366, 1
98369, 1
98375, 1
98387, 1
98388, 2
98398, 1
98411, 1
98413, 1
98416, 1
98421, 1
98424, 2
98435, 1
98439, 2
98445, 1
98448, 1
98452, 1
98457, 1
98461, 2
98465, 1
98475, 1
98480, 1
98483, 1
98493, 1
98510, 1
98512, 1
98514, 1
98515, 1
98521, 1
98551, 1
98559, 2
98561, 1
98563, 1
98564, 1
98567, 1
98573, 1
98581, 1
98582, 1
98583, 1
98592, 2
98594, 1
98596, 1
98599, 1
98605, 1
98611, 2
98613, 1
98618, 1
98626, 1
98632, 1
98637, 1
98639, 1
98650, 1
98663, 1
98667, 1
98676, 1
98681, 1
98685, 1
98694, 1
98703, 1
98704, 1
98705, 1
98708, 1
98715, 1
98730, 1
98739, 1
98743, 1
98747, 1
98753, 1
98761, 1
98768, 1
98773, 1
98775, 1
98782, 1
98784, 1
98787, 2
98788, 1
98797, 1
98801, 1
98822, 1
98828, 1
98850, 2
98851, 1
98852, 1
98854, 1
98857, 1
98858, 2
98859, 1
98860, 2
98880, 1
98886, 1
98907, 1
98908, 1
98920, 1
98923, 1
98930, 1
98931, 1
98947, 1
98956, 1
98960, 1
98963, 2
98965, 1
98968, 2
98973, 1
98979, 1
98982, 1
99017, 2
99018, 2
99021, 1
99024, 1
99030, 1
99032, 1
99035, 1
99037, 1
99043, 1
99046, 1
99047, 1
99048, 1
99051, 1
99057, 1
99067, 1
99071, 1
99073, 2
99088, 1
99099, 1
99105, 1
99109, 1
99119, 1
99122, 1
99130, 1
99136, 1
99139, 2
99144, 1
99147, 1
99151, 1
99158, 2
99161, 1
99163, 1
99171, 1
99179, 1
99180, 1
99185, 1
99197, 1
99203, 1
99210, 1
99217, 2
99220, 1
99244, 1
99246, 1
99248, 1
99249, 1
99256, 1
99260, 1
99265, 1
99272, 1
99289, 1
99294, 2
99296, 1
99301, 1
99311, 1
99320, 1
99333, 1
99339, 1
99347, 1
99358, 1
99373, 1
99391, 1
99461, 1
99650, 1
103037, 1
103056, 1
103085, 1
103119, 1
103120, 1
103122, 1
103124, 1
103129, 1
103140, 1
103149, 1
103153, 1
103167, 1
103181, 1
103203, 1
103216, 2
103219, 1
103234, 1
103258, 1
103276, 2
103291, 1
103293, 1
103298, 1
103299, 1
103318, 1
103322, 1
103325, 1
103329, 1
103333, 1
103336, 1
103339, 1
103342, 1
103348, 1
103351, 1
103353, 1
103361, 1
103364, 1
103371, 1
103378, 1
103383, 1
103387, 2
103388, 1
103395, 1
103399, 1
103400, 1
103415, 1
103416, 2
103425, 1
103427, 1
103430, 1
103431, 1
103453, 2
103456, 1
103461, 1
103465, 1
103467, 1
103471, 3
103472, 1
103473, 1
103476, 1
103477, 1
103489, 1
103490, 1
103491, 1
103496, 1
103497, 1
103509, 1
103516, 1
103518, 1
103519, 1
103522, 3
103524, 2
103527, 1
103536, 1
103539, 1
103540, 1
103541, 1
103544, 1
103548, 1
103558, 1
103559, 2
103565, 1
103568, 1
103573, 1
103576, 1
103579, 1
103589, 1
103591, 1
103592, 2
103595, 1
103596, 1
103609, 1
103610, 1
103613, 2
103616, 1
103617, 1
103620, 1
103623, 1
103625, 1
103627, 2
103628, 1
103638, 1
103641, 1
103643, 1
103647, 2
103649, 1
103653, 2
103655, 1
103656, 1
103663, 1
103665, 1
103666, 1
103667, 1
103669, 1
103670, 1
103672, 1
103673, 2
103675, 1
103687, 1
103690, 1
103694, 1
103696, 1
103697, 1
103699, 1
103704, 1
103705, 2
103708, 1
103709, 1
103710, 1
103713, 1
103720, 1
103726, 1
103728, 1
103732, 2
103734, 1
103735, 1
103737, 1
103738, 1
103740, 2
103748, 1
103749, 2
103752, 1
103760, 1
103761, 1
103764, 1
103772, 1
103774, 1
103779, 1
103781, 1
103787, 1
103789, 2
103791, 1
103794, 1
103795, 1
103801, 2
103802, 1
103804, 2
103806, 1
103809, 2
103812, 1
103815, 2
103823, 1
103824, 1
103825, 1
103831, 1
103835, 1
103837, 1
103838, 1
103839, 1
103840, 1
103842, 1
103849, 1
103853, 2
103856, 1
103858, 2
103864, 1
103867, 1
103874, 1
103876, 1
103877, 2
103885, 1
103886, 2
103888, 1
103892, 1
103894, 2
103899, 1
103900, 1
103901, 1
103904, 1
103907, 1
103909, 2
103912, 2
103916, 1
103923, 1
103924, 2
103927, 1
103933, 1
103936, 1
103938, 1
103946, 1
103952, 1
103960, 1
103962, 1
103967, 1
103969, 1
103970, 1
103971, 1
103974, 1
103976, 1
103977, 3
103979, 1
103980, 1
103981, 1
103982, 2
103984, 1
103986, 1
103989, 1
103990, 1
104006, 1
104008, 1
104011, 1
104012, 1
104017, 1
104018, 1
104026, 2
104027, 1
104028, 1
104030, 2
104031, 1
104037, 2
104041, 1
104043, 1
104050, 2
104054, 1
104058, 2
104059, 1
104063, 1
104064, 1
104065, 1
104069, 1
104070, 1
104084, 2
104085, 1
104088, 1
104091, 1
104092, 2
104105, 1
104109, 1
104117, 2
104118, 1
104119, 2
104120, 1
104122, 2
104128, 1
104138, 1
104140, 1
104142, 2
104145, 1
104147, 2
104148, 1
104151, 3
104152, 1
104153, 1
104155, 1
104158, 2
104160, 1
104165, 1
104170, 2
104175, 1
104178, 2
104190, 1
104191, 1
104192, 1
104203, 1
104205, 2
104206, 1
104217, 1
104218, 1
104223, 1
104224, 1
104227, 2
104229, 2
104230, 1
104239, 1
104243, 1
104248, 1
104249, 2
104250, 1
104255, 2
104260, 1
104263, 1
104267, 1
104270, 1
104271, 1
104275, 1
104276, 1
104277, 1
104294, 1
104298, 1
104301, 3
104304, 1
104308, 1
104311, 2
104312, 1
104316, 2
104321, 2
104322, 1
104326, 3
104327, 1
104333, 1
104335, 1
104338, 1
104340, 1
104342, 1
104343, 1
104346, 1
104349, 1
104355, 1
104357, 1
104365, 1
104373, 1
104378, 1
104379, 2
104382, 2
104385, 1
104386, 1
104389, 2
104395, 1
104397, 1
104403, 1
104404, 1
104405, 3
104409, 3
104413, 1
104417, 1
104422, 1
104425, 2
104429, 1
104430, 1
104431, 1
104432, 1
104435, 1
104436, 1
104438, 1
104440, 1
104445, 1
104446, 2
104455, 1
104458, 1
104464, 1
104465, 1
104467, 1
104468, 1
104471, 1
104473, 1
104474, 1
104479, 1
104482, 2
104483, 1
104484, 1
104485, 1
104486, 1
104488, 2
104492, 2
104493, 2
104494, 1
104495, 1
104497, 1
104499, 1
104505, 1
104507, 1
104508, 1
104509, 1
104514, 1
104526, 1
104530, 2
104534, 1
104537, 1
104540, 1
104548, 1
104549, 1
104551, 2
104552, 1
104557, 1
104562, 1
104563, 1
104564, 1
104566, 2
104577, 1
104579, 1
104581, 1
104582, 1
104584, 1
104586, 1
104589, 1
104593, 1
104594, 1
104595, 1
104597, 1
104599, 1
104603, 1
104605, 1
104607, 1
104608, 1
104609, 1
104611, 1
104619, 1
104620, 1
104625, 1
104626, 1
104631, 1
104632, 2
104636, 1
104638, 1
104649, 1
104653, 1
104654, 1
104657, 1
104658, 2
104659, 2
104661, 3
104662, 1
104670, 2
104671, 1
104689, 1
104695, 1
104696, 1
104697, 1
104700, 1
104701, 2
104710, 1
104713, 2
104714, 1
104716, 1
104718, 1
104722, 1
104725, 1
104731, 1
104741, 1
104742, 2
104745, 2
104749, 1
104751, 2
104753, 1
104773, 1
104774, 1
104776, 2
104781, 1
104783, 1
104784, 1
104786, 1
104797, 1
104800, 1
104801, 1
104802, 1
104803, 1
104804, 1
104806, 1
104807, 1
104812, 2
104813, 1
104814, 1
104817, 1
104818, 1
104821, 3
104824, 1
104825, 1
104829, 1
104834, 1
104835, 1
104836, 1
104838, 1
104841, 2
104843, 2
104847, 1
104858, 1
104859, 1
104861, 2
104863, 1
104864, 1
104875, 1
104876, 1
104882, 1
104886, 1
104890, 2
104893, 1
104898, 1
104899, 1
104902, 1
104906, 1
104907, 3
104908, 1
104912, 2
104915, 1
104917, 1
104918, 1
104926, 2
104927, 1
104929, 1
104931, 1
104932, 1
104934, 1
104935, 1
104940, 2
104941, 1
104945, 1
104955, 1
104956, 1
104957, 1
104960, 1
104963, 1
104966, 1
104968, 1
104969, 1
104975, 1
104979, 2
104981, 3
104983, 3
104985, 1
104986, 1
104989, 1
104990, 1
104991, 3
104993, 1
104994, 2
104996, 1
104998, 1
104999, 1
105000, 2
105001, 1
105002, 1
105003, 1
105007, 1
105009, 1
105011, 1
105014, 2
105015, 1
105017, 1
105019, 2
105020, 2
105021, 1
105022, 1
105024, 1
105027, 1
105030, 1
105031, 3
105032, 1
105038, 1
105041, 2
105042, 1
105043, 1
105045, 1
105047, 1
105049, 1
105052, 1
105053, 1
105054, 1
105055, 1
105061, 1
105062, 1
105065, 1
105067, 1
105069, 1
105070, 2
105071, 1
105072, 1
105076, 2
105077, 1
105078, 2
105079, 1
105082, 1
105084, 1
105085, 1
105086, 1
105087, 1
105088, 2
105089, 1
105090, 1
105091, 1
105092, 2
105093, 1
105094, 1
105095, 1
105096, 1
105098, 1
105100, 1
105101, 1
105102, 1
105104, 1
105107, 2
105112, 1
105114, 2
105115, 1
105116, 2
105117, 1
105119, 1
105122, 1
105125, 1
105129, 2
105130, 1
105132, 2
105133, 1
105134, 2
105137, 1
105138, 1
105142, 2
105143, 1
105144, 1
105147, 2
105150, 1
105151, 1
105152, 1
105154, 2
105156, 3
105157, 1
105159, 1
105160, 1
105161, 2
105167, 1
105170, 1
105171, 2
105172, 1
105173, 1
105175, 2
105176, 1
105177, 1
105178, 1
105180, 1
105184, 2
105186, 3
105187, 1
105190, 1
105191, 4
105195, 1
105198, 2
105199, 1
105200, 1
105201, 2
105202, 1
105205, 1
105209, 1
105213, 1
105216, 1
105218, 3
105219, 1
105220, 2
105221, 1
105225, 1
105227, 1
105229, 1
105233, 1
105234, 1
105240, 2
105242, 1
105245, 3
105246, 1
105247, 1
105249, 1
105250, 1
105254, 1
105255, 1
105258, 1
105260, 3
105262, 1
105263, 1
105264, 1
105265, 2
105266, 3
105267, 1
105268, 1
105269, 1
105270, 4
105272, 1
105274, 1
105278, 2
105279, 1
105280, 1
105282, 1
105283, 2
105286, 1
105289, 1
105291, 1
105295, 1
105297, 1
105298, 3
105305, 2
105306, 2
105307, 1
105308, 1
105310, 3
105312, 1
105314, 2
105315, 2
105319, 1
105321, 1
105322, 1
105326, 1
105330, 1
105331, 1
105334, 1
105336, 1
105340, 1
105342, 2
105343, 1
105344, 2
105349, 2
105350, 2
105353, 1
105354, 2
105355, 2
105356, 1
105358, 2
105360, 2
105361, 2
105362, 1
105363, 1
105369, 1
105373, 1
105376, 1
105380, 1
105382, 1
105383, 2
105385, 1
105386, 2
105393, 2
105396, 1
105397, 1
105400, 1
105402, 2
105403, 1
105404, 1
105408, 1
105410, 1
105412, 1
105414, 1
105416, 2
105417, 1
105418, 2
105421, 1
105422, 1
105423, 1
105426, 1
105429, 1
105430, 2
105431, 2
105432, 1
105435, 1
105439, 1
105441, 1
105442, 1
105446, 2
105447, 2
105448, 2
105451, 2
105452, 1
105453, 2
105455, 2
105456, 1
105459, 1
105463, 1
105464, 1
105466, 2
105467, 2
105469, 1
105471, 1
105474, 1
105477, 2
105484, 1
105486, 1
105489, 1
105490, 1
105492, 1
105494, 1
105495, 1
105496, 1
105501, 1
105502, 1
105504, 1
105505, 1
105508, 1
105509, 1
105514, 1
105515, 1
105517, 2
105519, 2
105520, 1
105521, 1
105522, 3
105524, 1
105526, 1
105527, 1
105528, 1
105531, 1
105534, 1
105538, 1
105540, 1
105546, 2
105551, 2
105552, 2
105553, 1
105559, 2
105560, 1
105562, 2
105563, 3
105566, 1
105567, 1
105569, 1
105574, 1
105575, 1
105577, 1
105582, 1
105583, 2
105584, 1
105588, 1
105589, 2
105592, 1
105593, 1
105594, 1
105597, 1
105598, 2
105604, 1
105606, 1
105609, 1
105610, 1
105612, 2
105615, 1
105622, 1
105627, 1
105628, 1
105632, 1
105636, 2
105638, 1
105639, 2
105643, 1
105644, 1
105651, 2
105657, 1
105660, 1
105661, 1
105662, 1
105664, 1
105666, 1
105668, 2
105670, 1
105673, 1
105682, 1
105687, 2
105689, 1
105690, 1
105693, 2
105695, 1
105696, 1
105697, 1
105698, 1
105699, 2
105700, 1
105706, 1
105710, 1
105713, 1
105714, 1
105716, 1
105722, 1
105724, 1
105727, 1
105729, 2
105730, 1
105735, 1
105751, 1
105752, 1
105755, 2
105757, 1
105760, 2
105761, 1
105762, 1
105763, 1
105764, 1
105769, 1
105772, 1
105775, 1
105776, 1
105778, 1
105782, 2
105788, 1
105790, 1
105796, 1
105798, 3
105799, 1
105803, 1
105805, 1
105816, 1
105818, 1
105829, 1
105830, 1
105832, 1
105833, 2
105835, 1
105840, 3
105843, 1
105845, 1
105846, 1
105855, 2
105858, 1
105867, 1
105870, 2
105875, 2
105882, 1
105883, 1
105884, 1
105885, 1
105900, 1
105901, 2
105902, 2
105904, 1
105909, 1
105920, 1
105924, 1
105925, 1
105929, 2
105930, 1
105934, 1
105935, 1
105937, 1
105942, 1
105944, 1
105945, 1
105946, 1
105949, 1
105950, 1
105951, 1
105954, 1
105955, 1
105956, 1
105961, 1
105965, 1
105966, 2
105967, 1
105971, 1
105981, 3
105982, 1
105990, 1
105991, 1
105993, 1
105994, 1
105997, 2
106002, 1
106006, 1
106011, 1
106014, 1
106016, 1
106020, 1
106024, 1
106025, 1
106026, 1
106027, 1
106029, 1
106034, 1
106038, 1
106042, 1
106043, 1
106044, 1
106046, 2
106057, 1
106058, 1
106063, 1
106065, 2
106068, 1
106070, 1
106081, 1
106082, 2
106085, 1
106088, 1
106096, 1
106098, 2
106101, 1
106102, 1
106103, 1
106104, 2
106108, 1
106114, 1
106115, 1
106116, 1
106122, 1
106125, 2
106129, 1
106131, 1
106135, 2
106137, 2
106140, 2
106141, 1
106143, 1
106146, 1
106149, 1
106154, 1
106161, 1
106162, 1
106165, 1
106170, 1
106173, 1
106185, 2
106186, 1
106192, 1
106194, 2
106195, 1
106196, 1
106197, 1
106198, 1
106199, 2
106202, 1
106203, 1
106204, 1
106205, 1
106206, 1
106209, 1
106211, 1
106214, 1
106219, 1
106223, 1
106230, 2
106234, 1
106235, 1
106236, 1
106237, 1
106244, 3
106245, 1
106246, 3
106247, 1
106248, 1
106250, 1
106251, 1
106252, 1
106253, 1
106260, 1
106261, 1
106272, 1
106273, 2
106275, 1
106280, 2
106282, 1
106286, 1
106288, 1
106289, 1
106290, 1
106296, 2
106299, 1
106305, 1
106310, 1
106312, 1
106321, 2
106323, 1
106327, 2
106328, 1
106339, 1
106340, 1
106344, 2
106346, 1
106350, 2
106353, 1
106356, 2
106359, 1
106366, 1
106369, 2
106375, 1
106378, 1
106379, 1
106383, 1
106384, 2
106386, 1
106391, 1
106396, 1
106400, 1
106403, 1
106405, 1
106406, 1
106411, 1
106414, 1
106418, 1
106419, 1
106422, 1
106434, 1
106438, 1
106440, 1
106441, 2
106444, 1
106446, 2
106447, 1
106451, 1
106453, 1
106458, 1
106459, 1
106463, 2
106466, 2
106474, 1
106475, 1
106480, 1
106481, 1
106483, 2
106488, 1
106490, 2
106502, 1
106504, 1
106512, 1
106513, 1
106515, 1
106520, 1
106523, 3
106524, 1
106527, 1
106528, 1
106530, 1
106531, 1
106533, 1
106538, 1
106541, 1
106544, 1
106545, 1
106546, 1
106547, 1
106550, 1
106552, 1
106559, 1
106565, 1
106566, 1
106568, 2
106574, 1
106578, 1
106585, 3
106592, 1
106605, 1
106609, 1
106613, 1
106614, 3
106620, 1
106623, 1
106624, 1
106628, 2
106631, 1
106632, 1
106634, 1
106635, 1
106637, 2
106639, 1
106648, 1
106650, 3
106653, 1
106654, 1
106656, 1
106662, 1
106663, 1
106664, 1
106665, 1
106667, 1
106673, 1
106674, 1
106678, 1
106681, 1
106690, 1
106691, 1
106694, 1
106698, 2
106699, 1
106704, 2
106708, 1
106711, 1
106713, 1
106714, 1
106715, 1
106717, 1
106722, 2
106724, 1
106725, 1
106726, 1
106727, 1
106728, 1
106729, 1
106730, 1
106732, 1
106740, 1
106746, 1
106748, 1
106753, 1
106759, 1
106765, 2
106768, 1
106771, 1
106775, 1
106778, 1
106780, 2
106781, 1
106784, 1
106787, 1
106788, 1
106805, 1
106808, 2
106810, 1
106815, 2
106817, 1
106818, 1
106820, 1
106822, 1
106824, 2
106827, 1
106832, 1
106834, 1
106838, 1
106844, 1
106845, 1
106846, 1
106847, 1
106849, 1
106851, 1
106852, 1
106853, 1
106856, 1
106857, 1
106859, 1
106861, 1
106864, 1
106866, 1
106869, 1
106871, 1
106873, 1
106875, 2
106878, 1
106880, 2
106882, 2
106883, 1
106887, 2
106888, 1
106891, 1
106893, 1
106894, 1
106897, 1
106898, 1
106902, 1
106909, 1
106914, 1
106918, 1
106919, 2
106922, 1
106927, 2
106928, 1
106929, 2
106932, 1
106934, 1
106935, 1
106949, 1
106950, 1
106951, 1
106953, 1
106956, 1
106958, 2
106959, 1
106962, 1
106964, 1
106969, 1
106974, 1
106979, 1
106982, 1
106986, 1
106994, 2
106998, 1
106999, 1
107003, 2
107011, 2
107014, 1
107015, 1
107017, 1
107020, 1
107022, 1
107029, 1
107030, 1
107032, 1
107033, 1
107034, 2
107036, 1
107038, 1
107039, 1
107042, 1
107049, 1
107052, 1
107058, 1
107065, 1
107067, 1
107068, 1
107075, 1
107078, 1
107082, 1
107083, 1
107090, 1
107094, 1
107099, 1
107102, 1
107112, 1
107117, 1
107121, 1
107125, 1
107130, 1
107136, 2
107142, 1
107146, 1
107150, 1
107153, 1
107158, 1
107163, 1
107166, 1
107171, 1
107173, 1
107180, 1
107184, 1
107187, 1
107194, 1
107196, 1
107201, 1
107206, 1
107217, 1
107219, 1
107223, 1
107228, 1
107235, 1
107243, 1
107268, 1
107317, 1
107346, 1
107365, 1
107383, 1
111522, 1
111530, 1
111534, 1
111535, 1
111551, 1
111571, 1
111574, 1
111589, 1
111595, 1
111601, 1
111616, 1
111617, 1
111623, 1
111626, 1
111644, 1
111647, 1
111650, 1
111651, 1
111652, 1
111655, 1
111657, 2
111668, 1
111689, 1
111700, 1
111703, 1
111708, 1
111712, 1
111719, 1
111726, 1
111735, 2
111736, 1
111741, 1
111742, 1
111744, 1
111758, 2
111760, 1
111761, 1
111765, 1
111767, 1
111774, 1
111776, 1
111784, 1
111786, 1
111800, 1
111802, 1
111803, 1
111812, 1
111813, 1
111817, 1
111818, 1
111819, 1
111820, 1
111821, 1
111822, 1
111853, 1
111855, 1
111862, 1
111869, 1
111873, 1
111874, 1
111876, 1
111877, 1
111883, 1
111886, 1
111894, 1
111895, 1
111903, 1
111912, 1
111918, 1
111925, 1
111927, 1
111933, 1
111944, 1
111956, 1
111966, 1
111967, 1
111970, 1
111981, 1
111983, 1
111985, 1
111992, 1
111998, 1
111999, 1
112005, 1
112010, 2
112014, 1
112022, 1
112040, 1
112044, 1
112045, 1
112046, 1
112050, 1
112052, 1
112055, 1
112057, 1
112060, 1
112066, 1
112072, 1
112080, 1
112085, 2
112087, 1
112088, 1
112099, 1
112114, 1
112132, 1
112139, 1
112141, 1
112145, 1
112158, 1
112161, 1
112163, 1
112166, 1
112169, 1
112178, 1
112196, 1
112204, 1
112209, 1
112210, 1
112211, 1
112219, 1
112225, 1
112230, 1
112231, 1
112242, 2
112243, 1
112246, 2
112261, 1
112264, 1
112267, 1
112268, 1
112270, 1
112290, 1
112294, 1
112306, 1
112311, 1
112321, 1
112325, 1
112329, 1
112331, 1
112335, 1
112337, 1
112338, 1
112341, 1
112347, 1
112349, 1
112352, 1
112353, 1
112364, 1
112381, 1
112385, 1
112392, 1
112396, 1
112398, 2
112402, 1
112404, 1
112412, 1
112418, 1
112433, 2
112441, 1
112446, 1
112450, 1
112456, 1
112458, 1
112459, 1
112464, 1
112467, 1
112474, 1
112477, 1
112484, 1
112488, 1
112497, 1
112499, 1
112514, 1
112518, 1
112523, 1
112534, 1
112537, 1
112544, 1
112546, 1
112556, 1
112558, 1
112559, 1
112562, 1
112567, 2
112570, 1
112577, 1
112578, 1
112594, 2
112601, 1
112602, 1
112604, 1
112617, 1
112619, 2
112625, 1
112626, 1
112633, 1
112639, 1
112646, 1
112654, 1
112657, 1
112660, 1
112662, 1
112670, 1
112680, 1
112689, 3
112697, 1
112703, 1
112706, 1
112712, 1
112713, 1
112726, 1
112731, 1
112742, 1
112747, 1
112749, 1
112751, 1
112753, 1
112754, 1
112769, 1
112770, 2
112773, 1
112774, 1
112777, 4
112778, 1
112792, 1
112808, 1
112811, 2
112814, 1
112815, 1
112816, 1
112822, 1
112825, 1
112828, 1
112829, 1
112833, 1
112834, 1
112836, 2
112840, 1
112842, 2
112843, 1
112847, 2
112849, 1
112869, 2
112882, 1
112883, 1
112884, 1
112885, 1
112886, 1
112892, 1
112893, 1
112895, 1
112897, 1
112900, 1
112901, 1
112907, 1
112909, 1
112914, 1
112921, 1
112923, 1
112927, 2
112930, 1
112932, 1
112933, 2
112941, 1
112942, 1
112948, 1
112949, 1
112952, 1
112953, 1
112956, 1
112958, 1
112966, 1
112967, 1
112969, 2
112973, 1
112978, 1
112979, 1
112984, 2
112991, 1
112996, 2
113004, 2
113007, 1
113008, 1
113009, 1
113011, 1
113012, 1
113018, 2
113019, 2
113022, 1
113024, 1
113037, 1
113043, 1
113044, 1
113054, 1
113055, 1
113056, 1
113059, 1
113065, 1
113067, 1
113069, 1
113070, 1
113073, 1
113080, 1
113089, 1
113090, 1
113101, 1
113102, 1
113103, 1
113109, 2
113110, 1
113111, 1
113113, 1
113116, 1
113117, 1
113122, 1
113126, 2
113128, 1
113129, 1
113130, 1
113140, 1
113141, 1
113147, 1
113150, 1
113153, 2
113154, 1
113155, 1
113161, 1
113164, 1
113165, 1
113166, 1
113170, 1
113172, 2
113191, 1
113207, 1
113215, 1
113219, 1
113224, 1
113232, 1
113236, 1
113237, 1
113246, 1
113249, 2
113254, 2
113255, 1
113256, 1
113260, 1
113264, 1
113270, 1
113279, 1
113292, 1
113297, 1
113300, 1
113306, 1
113309, 1
113314, 1
113317, 1
113322, 1
113325, 2
113331, 1
113332, 1
113334, 1
113341, 1
113345, 1
113346, 3
113351, 1
113356, 1
113366, 1
113370, 1
113383, 1
113391, 2
113394, 1
113402, 1
113410, 1
113412, 1
113414, 1
113416, 1
113417, 1
113418, 1
113423, 1
113426, 1
113428, 1
113432, 1
113438, 2
113451, 2
113460, 1
113462, 1
113466, 2
113475, 1
113477, 1
113484, 1
113493, 1
113498, 1
113499, 1
113503, 1
113516, 1
113528, 2
113533, 1
113541, 1
113543, 1
113558, 1
113567, 1
113576, 1
113579, 1
113582, 1
113584, 1
113586, 1
113588, 2
113598, 1
113600, 1
113609, 1
113611, 1
113616, 1
113646, 1
113650, 1
113656, 1
113658, 1
113664, 1
113681, 2
113684, 2
113687, 1
113693, 1
113708, 1
113716, 1
113717, 1
113720, 1
113729, 1
113738, 2
113740, 2
113747, 1
113751, 1
113760, 1
113763, 1
113768, 1
113770, 1
113773, 1
113780, 1
113785, 1
113790, 1
113792, 1
113801, 1
113803, 1
113814, 1
113821, 1
113824, 2
113826, 2
113844, 1
113847, 1
113849, 1
113851, 1
113856, 2
113866, 1
113874, 1
113890, 1
113893, 1
113896, 1
113911, 1
113914, 1
113915, 1
113921, 2
113927, 2
113938, 1
113939, 1
113945, 1
113953, 1
113954, 1
113974, 2
113976, 1
113979, 1
113997, 1
114001, 1
114009, 1
114016, 1
114021, 1
114025, 1
114029, 1
114035, 1
114039, 1
114051, 1
114055, 1
114057, 1
114066, 1
114072, 1
114081, 1
114082, 1
114097, 1
114098, 1
114099, 1
114100, 1
114101, 1
114102, 1
114105, 1
114109, 1
114112, 1
114115, 1
114116, 1
114120, 1
114129, 1
114135, 1
114136, 1
114145, 1
114148, 2
114150, 1
114160, 1
114164, 1
114165, 1
114171, 1
114183, 1
114193, 1
114200, 1
114207, 1
114210, 1
114225, 1
114233, 1
114235, 1
114237, 1
114242, 1
114251, 1
114255, 1
114259, 1
114262, 2
114263, 1
114273, 1
114280, 1
114289, 1
114291, 1
114298, 1
114301, 1
114302, 1
114310, 1
114320, 1
114332, 1
114335, 1
114336, 1
114338, 1
114341, 1
114344, 1
114352, 1
114362, 1
114365, 1
114366, 1
114376, 1
114392, 1
114395, 1
114400, 1
114417, 1
114426, 1
114430, 1
114431, 2
114436, 1
114437, 1
114438, 1
114441, 1
114445, 1
114446, 1
114447, 1
114448, 1
114451, 1
114453, 1
114457, 1
114458, 1
114463, 1
114479, 1
114490, 1
114497, 1
114520, 1
114532, 1
114533, 1
114537, 1
114538, 1
114547, 1
114553, 1
114556, 1
114576, 1
114578, 1
114583, 1
114590, 3
114592, 1
114595, 1
114597, 1
114605, 2
114610, 1
114617, 1
114623, 1
114635, 1
114657, 1
114658, 1
114662, 1
114664, 1
114669, 1
114673, 1
114677, 1
114681, 1
114682, 1
114690, 1
114692, 1
114700, 1
114709, 1
114714, 2
114722, 1
114725, 1
114732, 1
114733, 1
114734, 1
114737, 1
114740, 1
114756, 1
114764, 1
114770, 1
114779, 1
114782, 1
114785, 1
114786, 1
114793, 1
114799, 2
114806, 1
114812, 1
114825, 1
114828, 2
114829, 1
114832, 1
114833, 1
114842, 1
114844, 1
114848, 1
114862, 1
114877, 1
114880, 1
114884, 3
114888, 1
114889, 1
114892, 1
114934, 1
114936, 1
114947, 1
114951, 1
115001, 1
115031, 1
115044, 1
115119, 1
115131, 1
115160, 1
115502, 1
115580, 1
115732, 1
120605, 1
120667, 1
120814, 1
120823, 1
120825, 1
120852, 1
120861, 1
120870, 1
120877, 1
120883, 1
120898, 1
120902, 1
120905, 1
120910, 1
120913, 1
120914, 1
120916, 1
120921, 1
120929, 1
120933, 1
120934, 1
120936, 1
120940, 1
120941, 4
120945, 1
120951, 1
120953, 1
120963, 1
120966, 1
120968, 1
120974, 1
120976, 1
120977, 1
120981, 1
120984, 1
120986, 1
120988, 1
120990, 2
120991, 1
121000, 2
121002, 1
121004, 1
121008, 1
121010, 1
121014, 1
121018, 1
121019, 1
121021, 1
121024, 1
121025, 1
121026, 1
121030, 1
121031, 3
121033, 1
121034, 1
121037, 1
121040, 1
121043, 1
121049, 1
121054, 2
121056, 1
121059, 1
121066, 1
121076, 1
121079, 1
121086, 1
121087, 1
121096, 1
121098, 2
121102, 2
121105, 1
121106, 1
121107, 1
121109, 1
121110, 1
121112, 1
121113, 5
121115, 2
121116, 1
121117, 1
121126, 1
121127, 1
121128, 2
121134, 1
121137, 1
121142, 1
121150, 1
121152, 1
121155, 2
121161, 1
121165, 1
121167, 1
121169, 1
121174, 1
121177, 1
121180, 1
121185, 1
121187, 1
121189, 2
121191, 2
121192, 1
121195, 1
121196, 1
121200, 1
121201, 1
121202, 1
121205, 1
121210, 1
121213, 1
121214, 1
121219, 1
121220, 1
121222, 1
121223, 1
121225, 1
121230, 2
121237, 1
121246, 1
121251, 1
121252, 1
121256, 2
121261, 1
121263, 2
121264, 2
121265, 1
121268, 1
121269, 1
121270, 1
121271, 1
121272, 1
121275, 1
121277, 2
121282, 1
121284, 1
121289, 1
121293, 1
121294, 1
121295, 1
121304, 2
121307, 1
121312, 1
121313, 1
121318, 1
121321, 1
121324, 1
121326, 1
121329, 1
121347, 1
121349, 2
121351, 1
121352, 1
121353, 1
121355, 2
121356, 1
121366, 1
121367, 1
121371, 1
121377, 1
121378, 1
121379, 1
121381, 1
121383, 1
121385, 1
121386, 1
121387, 1
121391, 1
121392, 1
121394, 2
121395, 1
121396, 1
121400, 1
121407, 1
121410, 1
121412, 1
121416, 1
121420, 1
121422, 1
121424, 2
121425, 1
121426, 1
121428, 1
121429, 1
121437, 1
121442, 1
121445, 1
121446, 1
121447, 1
121451, 1
121453, 2
121454, 1
121461, 1
121469, 1
121470, 1
121471, 1
121472, 1
121475, 1
121476, 1
121478, 1
121481, 1
121482, 1
121483, 1
121488, 3
121491, 2
121492, 1
121497, 1
121499, 1
121501, 1
121509, 1
121515, 3
121518, 1
121522, 1
121523, 1
121525, 1
121533, 1
121538, 1
121545, 1
121546, 1
121548, 1
121549, 1
121554, 2
121555, 1
121556, 1
121566, 2
121571, 1
121575, 1
121578, 1
121580, 1
121585, 1
121587, 1
121594, 1
121600, 1
121601, 1
121604, 1
121610, 1
121611, 1
121612, 1
121619, 1
121623, 1
121625, 2
121626, 1
121635, 1
121636, 1
121638, 1
121639, 1
121641, 2
121643, 1
121648, 2
121651, 1
121654, 1
121657, 1
121658, 1
121661, 1
121662, 1
121669, 1
121672, 1
121673, 1
121676, 1
121682, 1
121683, 1
121689, 1
121693, 2
121695, 1
121697, 1
121700, 2
121702, 1
121703, 1
121704, 2
121705, 2
121707, 1
121708, 2
121710, 1
121714, 1
121715, 2
121720, 3
121724, 1
121732, 1
121735, 1
121746, 1
121747, 1
121757, 1
121759, 1
121761, 1
121764, 1
121770, 1
121771, 1
121783, 1
121786, 1
121787, 1
121789, 2
121791, 1
121794, 1
121796, 1
121797, 3
121798, 1
121799, 3
121802, 1
121810, 2
121812, 1
121815, 2
121817, 1
121822, 1
121823, 1
121825, 1
121833, 2
121835, 1
121838, 1
121839, 2
121846, 1
121848, 1
121851, 2
121852, 1
121854, 2
121857, 2
121861, 1
121867, 1
121869, 2
121871, 1
121872, 1
121873, 1
121875, 1
121876, 1
121877, 1
121879, 1
121887, 1
121888, 1
121889, 1
121897, 1
121909, 1
121913, 1
121914, 1
121915, 1
121921, 1
121929, 1
121932, 1
121935, 1
121941, 2
121944, 1
121945, 1
121947, 1
121951, 1
121952, 1
121955, 2
121957, 1
121958, 1
121960, 2
121961, 1
121962, 2
121964, 1
121973, 1
121978, 1
121985, 1
121988, 1
121991, 1
121995, 1
121997, 2
122002, 2
122006, 1
122007, 1
122008, 1
122011, 1
122012, 1
122013, 1
122014, 1
122023, 1
122030, 1
122031, 1
122034, 2
122036, 1
122038, 2
122040, 2
122042, 1
122045, 1
122054, 1
122057, 1
122059, 1
122060, 2
122061, 1
122063, 1
122066, 1
122068, 2
122069, 1
122073, 1
122074, 2
122076, 1
122078, 3
122085, 1
122090, 2
122094, 1
122099, 1
122100, 1
122108, 1
122110, 1
122117, 1
122120, 1
122124, 2
122128, 1
122130, 2
122134, 2
122137, 1
122138, 1
122143, 1
122150, 1
122154, 2
122155, 1
122159, 1
122160, 1
122164, 1
122166, 1
122172, 2
122174, 2
122175, 1
122184, 1
122186, 1
122187, 1
122188, 1
122190, 1
122192, 1
122195, 1
122202, 1
122204, 1
122207, 1
122216, 1
122217, 1
122219, 1
122221, 1
122225, 1
122229, 1
122232, 1
122237, 1
122238, 2
122240, 1
122242, 1
122249, 1
122250, 2
122254, 2
122268, 1
122273, 1
122275, 1
122277, 1
122281, 1
122282, 1
122283, 2
122284, 1
122294, 1
122296, 1
122303, 1
122306, 1
122307, 1
122310, 2
122312, 1
122317, 1
122320, 3
122321, 1
122329, 1
122331, 1
122332, 1
122338, 1
122344, 2
122355, 1
122359, 1
122364, 2
122366, 1
122367, 1
122369, 1
122372, 2
122376, 1
122380, 1
122381, 1
122384, 2
122385, 1
122386, 2
122388, 1
122390, 2
122391, 1
122396, 1
122400, 1
122408, 1
122414, 1
122415, 1
122423, 1
122425, 1
122439, 1
122444, 1
122445, 1
122448, 1
122452, 1
122469, 1
122470, 1
122473, 1
122479, 1
122481, 2
122482, 1
122484, 1
122494, 2
122495, 1
122505, 1
122521, 1
122527, 1
122531, 1
122536, 1
122570, 1
122573, 1
122638, 1
122646, 1
122648, 1
122657, 1
