0, 3
1, 3
2, 4
3, 2
4, 3
5, 2
6, 1
7, 1
8, 1
9, 1
10, 3
11, 1
12, 1
13, 3
14, 4
15, 6
16, 1
17, 6
18, 2
19, 5
20, 2
21, 2
22, 11
23, 3
24, 6
25, 7
26, 11
27, 12
28, 8
29, 13
30, 7
31, 7
32, 19
33, 7
34, 12
35, 18
36, 19
37, 9
38, 10
39, 4
40, 2
66, 1
69, 1
73, 1
74, 2
77, 4
79, 1
80, 2
81, 4
82, 3
83, 2
84, 1
85, 1
86, 2
87, 3
89, 4
90, 5
91, 2
92, 3
93, 1
94, 2
95, 1
96, 2
98, 6
100, 3
101, 1
102, 2
103, 6
104, 6
106, 6
107, 3
108, 6
109, 11
110, 4
111, 2
112, 3
113, 2
114, 5
115, 1
116, 6
118, 3
119, 2
120, 1
121, 1
122, 1
124, 3
127, 7
128, 3
130, 1
134, 2
135, 2
139, 1
140, 2
145, 1
1711, 3
1712, 1
1713, 5
1715, 1
1716, 1
1718, 2
1720, 1
1721, 7
1722, 18
1723, 8
1724, 9
1725, 21
1726, 2
1727, 1
1728, 37
1729, 12
1730, 18
1731, 26
1732, 11
1733, 9
1734, 14
1735, 31
1736, 25
1737, 16
1738, 14
1739, 24
1740, 36
1741, 16
1742, 31
1743, 45
1744, 55
1745, 28
1746, 22
1747, 28
1748, 40
1749, 42
1750, 37
1751, 47
1752, 11
1753, 24
1754, 18
1755, 19
1756, 9
1757, 30
1758, 35
1759, 19
1760, 30
1761, 20
1762, 14
1763, 32
1764, 15
1765, 7
1766, 5
1767, 7
1768, 17
1769, 21
1770, 22
1771, 20
1772, 5
1773, 10
1774, 8
1775, 14
1776, 2
1777, 4
1778, 7
1779, 1
1782, 2
1791, 2
1794, 9
1795, 1
1799, 17
1800, 5
1801, 8
1802, 12
1803, 9
1804, 2
1805, 5
1806, 7
1807, 2
1809, 10
1810, 5
1811, 5
1812, 14
1813, 6
1814, 7
1815, 1
1816, 15
1817, 7
1818, 1
1819, 32
1820, 23
1821, 16
1822, 20
1823, 14
1824, 10
1825, 4
1826, 17
1827, 18
1828, 3
1829, 9
1830, 6
1831, 3
1832, 19
1833, 14
1834, 19
1835, 26
1836, 23
1837, 19
1838, 17
1839, 12
1840, 8
1841, 11
1842, 7
1843, 12
1844, 17
1845, 18
1846, 12
1847, 4
1848, 5
1849, 8
1850, 3
1851, 21
1852, 11
1853, 6
1854, 17
1855, 2
1856, 5
1857, 4
1858, 24
1859, 13
1860, 7
1861, 3
1862, 10
1863, 8
1864, 5
1865, 6
1866, 2
1867, 2
1871, 3
1873, 1
1875, 3
1876, 3
1886, 1
1888, 4
1920, 1
1921, 2
2038, 7
2039, 1
2040, 10
2041, 6
2042, 9
2043, 3
2059, 4
2060, 4
2062, 8
2063, 2
2066, 4
2067, 20
2068, 37
2069, 31
2070, 5
2071, 3
2072, 4
2074, 10
2075, 7
2077, 8
2079, 5
2080, 1
2085, 7
2086, 1
2087, 4
2088, 4
2094, 1
2095, 7
2105, 8
2126, 2
2127, 6
2132, 1
2171, 1
2172, 7
2499, 3
2500, 2
2501, 10
2502, 5
2503, 13
2504, 9
2505, 15
2506, 8
2507, 6
2509, 12
2510, 4
2511, 6
2512, 3
2513, 10
2514, 7
2515, 7
2516, 3
2517, 4
2518, 8
2519, 9
2520, 6
2522, 11
2523, 6
2524, 17
2525, 9
2526, 8
2527, 18
2528, 3
2529, 3
2530, 4
2531, 9
2532, 7
2533, 13
2534, 11
2535, 11
2536, 6
2537, 6
2538, 5
2539, 5
2540, 3
2573, 1
2574, 7
2575, 2
2576, 3
2577, 11
2578, 1
2583, 11
2584, 4
2585, 5
2586, 4
2587, 4
2588, 7
2589, 4
2590, 6
2591, 11
2592, 6
2593, 5
2594, 6
2595, 22
2596, 11
2597, 5
2598, 6
2599, 5
2600, 10
2601, 11
2602, 12
2603, 10
2604, 2
2605, 8
2606, 28
2607, 26
2608, 7
2609, 4
2610, 10
2611, 19
2612, 17
2613, 18
2614, 9
2615, 15
2616, 7
2617, 11
2618, 5
2619, 22
2620, 3
2621, 8
2622, 11
2623, 3
2624, 24
2625, 3
2626, 3
2627, 9
2628, 13
2629, 4
2630, 2
2631, 7
2632, 2
2633, 5
2634, 3
2635, 2
2636, 6
2637, 8
2638, 8
2640, 8
2641, 7
2642, 2
2643, 10
2644, 2
2647, 1
2651, 1
2654, 2
2655, 1
2656, 5
2657, 3
2658, 4
2660, 5
2661, 7
2663, 7
2664, 2
2665, 3
2666, 3
2668, 3
2670, 5
2671, 6
2672, 9
2673, 8
2674, 7
2675, 2
2676, 1
2677, 2
2678, 11
2679, 1
2681, 3
2682, 4
2683, 3
2684, 4
2685, 3
2686, 6
2687, 4
2688, 5
2689, 3
2690, 8
2691, 5
2692, 1
2693, 11
2694, 4
2695, 9
2696, 2
2697, 2
2698, 2
2699, 4
2700, 4
2701, 5
2702, 3
2703, 3
2704, 3
2705, 8
2706, 3
2707, 3
2708, 3
2709, 3
2712, 2
2713, 3
2714, 3
2715, 3
2723, 5
2724, 4
2725, 1
2726, 2
2728, 3
2729, 6
2733, 3
2739, 3
2740, 1
2741, 3
2744, 3
2775, 3
2848, 2
2849, 1
2858, 3
2912, 2
2913, 3
2914, 1
2915, 2
2917, 1
2918, 2
2919, 3
2920, 1
2921, 7
2922, 3
2923, 6
2924, 6
2925, 2
2926, 3
2927, 7
2928, 6
2929, 2
2930, 2
2931, 2
2932, 3
2933, 5
2934, 9
2935, 7
2936, 5
2937, 13
2938, 4
2939, 3
2940, 1
2941, 8
2942, 4
2943, 6
2944, 8
2945, 4
2946, 7
2947, 4
2948, 8
2949, 7
2950, 6
2951, 11
2952, 3
2953, 1
2954, 2
2957, 2
2969, 2
2972, 2
2981, 2
2982, 1
2985, 4
2991, 1
2992, 2
2993, 1
2994, 3
2995, 1
2997, 5
2998, 5
3000, 4
3002, 3
3003, 2
3004, 5
3006, 3
3007, 3
3008, 2
3009, 5
3010, 3
3012, 1
3013, 5
3015, 1
3016, 3
3017, 3
3018, 2
3019, 5
3020, 7
3021, 8
3022, 6
3023, 4
3024, 24
3025, 9
3026, 5
3027, 6
3028, 7
3029, 5
3030, 21
3031, 6
3032, 2
3033, 23
3034, 7
3035, 22
3036, 9
3037, 15
3038, 8
3039, 10
3040, 10
3041, 2
3042, 11
3043, 17
3044, 13
3045, 19
3046, 3
3047, 14
3048, 9
3049, 9
3050, 22
3051, 15
3052, 11
3054, 5
3055, 11
3056, 17
3057, 5
3058, 18
3059, 5
3060, 8
3061, 22
3062, 3
3063, 18
3064, 6
3065, 8
3066, 2
3067, 10
3068, 6
3069, 4
3070, 6
3071, 3
3073, 4
3074, 7
3075, 8
3076, 9
3077, 7
3078, 8
3079, 8
3080, 4
3081, 5
3082, 7
3083, 14
3085, 4
3086, 12
3087, 12
3088, 7
3089, 21
3090, 5
3091, 2
3092, 13
3093, 15
3095, 8
3096, 21
3097, 12
3098, 13
3099, 17
3100, 15
3101, 17
3102, 17
3103, 22
3104, 9
3105, 15
3106, 7
3107, 11
3108, 7
3109, 9
3110, 29
3111, 7
3112, 30
3113, 20
3114, 34
3115, 30
3116, 15
3117, 13
3118, 19
3119, 7
3120, 21
3121, 12
3122, 26
3123, 27
3124, 17
3125, 25
3126, 13
3127, 17
3128, 21
3129, 10
3130, 14
3131, 16
3132, 32
3133, 13
3134, 27
3135, 18
3136, 38
3137, 27
3138, 30
3139, 11
3140, 16
3141, 26
3142, 29
3143, 18
3144, 30
3145, 11
3146, 7
3147, 2
3148, 4
3149, 19
3150, 12
3151, 17
3152, 16
3153, 29
3154, 40
3155, 11
3156, 13
3157, 8
3158, 12
3159, 8
3160, 8
3161, 6
3162, 13
3163, 17
3164, 5
3165, 6
3166, 6
3167, 16
3168, 8
3169, 1
3170, 15
3171, 5
3172, 7
3173, 10
3174, 8
3175, 9
3176, 8
3177, 10
3178, 10
3179, 2
3180, 5
3181, 8
3182, 3
3183, 3
3184, 3
3185, 5
3186, 8
3187, 7
3188, 3
3189, 3
3190, 6
3191, 10
3192, 13
3193, 7
3194, 7
3195, 7
3196, 12
3197, 3
3199, 3
3205, 16
3206, 11
3207, 5
3208, 6
3209, 7
3210, 10
3211, 3
3212, 3
3213, 2
3214, 9
3215, 6
3216, 2
3217, 4
3218, 3
3219, 4
3220, 5
3221, 5
3222, 6
3223, 6
3224, 5
3226, 3
3227, 8
3228, 6
3229, 3
3230, 5
3232, 6
3234, 9
3237, 14
3238, 10
3239, 3
3240, 3
3242, 4
3244, 3
3246, 3
3247, 6
3248, 3
3249, 3
3250, 2
3251, 4
3253, 3
3254, 9
3255, 3
3261, 1
3263, 5
3265, 1
3266, 2
3268, 5
3270, 5
3273, 1
3274, 4
3275, 6
3278, 5
3281, 7
3282, 4
3284, 1
3285, 3
3286, 4
3287, 3
3288, 3
3289, 3
3290, 2
3291, 4
3292, 4
3293, 1
3294, 6
3295, 9
3296, 3
3297, 7
3298, 4
3299, 5
3300, 1
3301, 5
3302, 6
3303, 6
3304, 3
3305, 8
3306, 6
3307, 13
3308, 2
3309, 3
3311, 4
3312, 6
3313, 6
3314, 4
3315, 2
3316, 1
3317, 5
3318, 3
3319, 2
3322, 6
3323, 1
3324, 5
3325, 12
3327, 6
3328, 5
3329, 6
3331, 3
3332, 3
3333, 6
3335, 4
3336, 3
3337, 3
3338, 1
3339, 2
3340, 3
3342, 3
3343, 2
3344, 3
3345, 3
3346, 3
3347, 5
3348, 5
3350, 3
3352, 6
3355, 2
3356, 9
3357, 3
3360, 15
3362, 3
3364, 3
3365, 5
3368, 7
3369, 6
3371, 6
3375, 3
3376, 7
3377, 2
3380, 3
3385, 2
3388, 2
3396, 1
3398, 3
3404, 3
3405, 3
3410, 2
3419, 2
3421, 3
3608, 3
3631, 3
3757, 1
3759, 3
3760, 1
3761, 3
3762, 1
3763, 1
3764, 1
3765, 2
3766, 1
3767, 2
3768, 2
3769, 2
3770, 3
3772, 4
3773, 3
3774, 3
3775, 3
3776, 2
3777, 2
3778, 1
3779, 10
3780, 3
3782, 4
3783, 3
3784, 5
3785, 7
3786, 9
3787, 2
3788, 20
3789, 11
3790, 5
3791, 3
3792, 13
3793, 14
3794, 13
3795, 21
3796, 22
3797, 30
3798, 3
3800, 3
3801, 16
3802, 8
3804, 4
3805, 6
3806, 5
3807, 12
3808, 6
3809, 7
3810, 2
3811, 9
3812, 6
3813, 3
3814, 3
3815, 12
3816, 14
3817, 16
3818, 7
3820, 6
3821, 6
3822, 7
3824, 2
3825, 8
3826, 1
3827, 1
3828, 6
3829, 2
3832, 4
3833, 3
3834, 2
3835, 3
3839, 8
3840, 8
3841, 22
3842, 8
3843, 3
3844, 4
3845, 3
3846, 20
3847, 16
3848, 10
3849, 1
3850, 7
3851, 11
3852, 15
3853, 7
3854, 18
3855, 5
3856, 6
3857, 5
3858, 6
3859, 20
3860, 35
3861, 9
3862, 11
3863, 21
3864, 15
3865, 8
3866, 13
3867, 13
3868, 8
3869, 6
3870, 5
3871, 13
3872, 15
3873, 30
3874, 11
3875, 14
3876, 12
3877, 17
3878, 16
3879, 9
3880, 9
3881, 4
3882, 5
3883, 1
3884, 13
3885, 10
3886, 14
3887, 10
3888, 8
3889, 9
3891, 10
3892, 16
3893, 6
3894, 8
3895, 11
3897, 9
3899, 2
3900, 1
3901, 5
3902, 5
3903, 5
3904, 3
3907, 1
3908, 1
3911, 5
3912, 3
3913, 2
3914, 3
3915, 2
3918, 3
3921, 3
4187, 3
4201, 2
4202, 3
4239, 5
4242, 2
4380, 1
4381, 7
4382, 4
4383, 6
4384, 4
4386, 4
4387, 4
4388, 3
4389, 1
4390, 6
4391, 3
4392, 4
4393, 2
4394, 7
4395, 4
4396, 6
4397, 6
4398, 7
4399, 6
4400, 2
4401, 2
4402, 3
4403, 5
4404, 9
4405, 8
4406, 6
4407, 9
4408, 2
4409, 11
4410, 6
4411, 5
4413, 9
4414, 8
4415, 2
4416, 6
4417, 6
4418, 5
4419, 15
4420, 5
4421, 5
4422, 1
4453, 1
4455, 1
4456, 1
4458, 1
4459, 2
4462, 4
4463, 1
4464, 1
4465, 1
4466, 2
4469, 6
4471, 4
4472, 3
4473, 1
4474, 1
4475, 2
4476, 3
4477, 2
4478, 6
4479, 5
4481, 2
4482, 1
4483, 1
4484, 3
4485, 3
4488, 2
4489, 6
4490, 3
4491, 4
4493, 2
4494, 1
4496, 2
4497, 2
4498, 2
4499, 4
4502, 3
4503, 3
4504, 2
4505, 1
4507, 2
4508, 4
4509, 3
4510, 1
4511, 2
4512, 2
4513, 2
4515, 3
4516, 1
4518, 1
4519, 3
4522, 2
4524, 1
4525, 1
4530, 1
4535, 1
4857, 1
4858, 2
4859, 3
4860, 1
4862, 3
4863, 2
4864, 2
4865, 2
4866, 2
4867, 6
4868, 1
4870, 2
4871, 2
4872, 3
4873, 5
4874, 4
4875, 2
4876, 2
4877, 2
4878, 5
4879, 4
4880, 4
4881, 5
4882, 4
4883, 3
4884, 4
4885, 5
4886, 5
4887, 3
4888, 10
4889, 4
4890, 11
4891, 6
4892, 5
4893, 6
4894, 6
4895, 8
4896, 8
4897, 5
4898, 2
4927, 2
4932, 2
4935, 1
4937, 1
4938, 2
4939, 2
4940, 3
4941, 2
4942, 2
4943, 6
4944, 1
4945, 5
4946, 5
4947, 3
4949, 4
4950, 3
4951, 3
4952, 4
4953, 7
4954, 6
4955, 1
4956, 12
4957, 2
4958, 6
4959, 5
4960, 10
4961, 1
4962, 7
4964, 8
4965, 4
4966, 3
4967, 5
4968, 4
4969, 2
4970, 7
4971, 5
4972, 3
4973, 1
4975, 4
4976, 4
4977, 4
4978, 2
4980, 4
4981, 2
4982, 2
4984, 7
4986, 2
4987, 3
4988, 2
4989, 2
4990, 1
4991, 1
4994, 2
5000, 1
5006, 2
5008, 1
5650, 1
5651, 2
5652, 2
5653, 3
5654, 1
5655, 2
5656, 4
5657, 2
5658, 1
5659, 5
5660, 3
5661, 8
5662, 5
5663, 2
5664, 7
5665, 10
5666, 11
5667, 5
5668, 6
5669, 10
5670, 12
5671, 12
5672, 3
5673, 8
5674, 7
5675, 2
5676, 7
5677, 10
5678, 6
5679, 4
5680, 11
5681, 8
5682, 9
5683, 9
5684, 11
5685, 13
5686, 9
5687, 9
5688, 10
5689, 9
5690, 4
5691, 1
5692, 5
5719, 3
5720, 1
5724, 3
5725, 5
5726, 1
5728, 3
5731, 4
5732, 3
5733, 8
5734, 5
5737, 5
5738, 9
5739, 14
5740, 13
5741, 4
5742, 2
5743, 5
5744, 16
5745, 6
5746, 3
5747, 23
5748, 9
5749, 9
5752, 7
5753, 9
5754, 27
5755, 4
5757, 1
5758, 7
5759, 5
5760, 12
5761, 12
5762, 4
5763, 7
5764, 12
5765, 4
5766, 12
5767, 3
5768, 12
5769, 7
5770, 9
5771, 24
5772, 3
5773, 6
5774, 7
5775, 5
5776, 1
5777, 2
5778, 2
5779, 12
5780, 5
5781, 3
5782, 5
5783, 7
5784, 7
5785, 7
5787, 4
5788, 7
5791, 1
5792, 10
5793, 3
5796, 5
5799, 5
5807, 4
5820, 4
5823, 1
5828, 2
5829, 3
5843, 11
5844, 1
5845, 3
5846, 12
5847, 11
5849, 13
5850, 6
5851, 16
5852, 7
5853, 1
5854, 4
5855, 12
5856, 26
5857, 10
5858, 8
5859, 11
5860, 19
5861, 19
5862, 31
5863, 13
5864, 37
5865, 35
5866, 7
5867, 23
5868, 29
5869, 29
5870, 16
5871, 12
5872, 28
5873, 23
5874, 40
5875, 42
5876, 33
5877, 20
5878, 31
5879, 17
5880, 10
5881, 27
5882, 17
5883, 14
5884, 18
5885, 25
5886, 43
5887, 37
5888, 19
5889, 12
5890, 38
5891, 38
5892, 19
5893, 40
5894, 40
5895, 27
5896, 10
5897, 4
5898, 29
5899, 29
5900, 21
5901, 35
5902, 24
5903, 34
5904, 30
5905, 33
5906, 22
5907, 14
5908, 30
5909, 27
5910, 26
5911, 25
5912, 6
5913, 20
5914, 16
5915, 29
5916, 8
5917, 25
5918, 66
5919, 34
5920, 27
5921, 23
5922, 5
5923, 15
5924, 20
5925, 50
5926, 12
5927, 17
5928, 9
5929, 12
5930, 23
5931, 17
5932, 27
5933, 41
5934, 37
5935, 18
5936, 21
5937, 25
5938, 5
5939, 15
5940, 33
5941, 46
5942, 20
5943, 15
5944, 33
5945, 24
5946, 16
5947, 19
5948, 8
5949, 18
5950, 21
5951, 9
5952, 10
5953, 7
5954, 17
5955, 21
5956, 15
5957, 24
5958, 21
5959, 12
5960, 16
5961, 20
5962, 6
5963, 10
5964, 11
5965, 17
5966, 11
5967, 11
5968, 8
5969, 9
5970, 13
5971, 5
5972, 8
5973, 3
5974, 3
5975, 8
5976, 7
5978, 4
5979, 12
5980, 4
5981, 12
5982, 9
5983, 4
5984, 8
5986, 5
5987, 3
5988, 7
5992, 3
5994, 3
5997, 1
6000, 2
6001, 2
6002, 3
6003, 3
6007, 9
6013, 2
6016, 2
6017, 4
6018, 9
6020, 2
6026, 5
6027, 1
6033, 2
6034, 3
6040, 3
6046, 4
6064, 3
6076, 2
6085, 3
6090, 3
6096, 7
6111, 2
6115, 3
6257, 6
6258, 4
6262, 1
6263, 2
6284, 1
6296, 6
6923, 1
6924, 1
6925, 7
6926, 5
6927, 4
6928, 4
6929, 17
6930, 2
6931, 11
6932, 6
6933, 9
6934, 16
6935, 14
6936, 6
6937, 9
6938, 4
6939, 5
6940, 6
6941, 16
6942, 4
6943, 12
6944, 5
6945, 8
6946, 8
6947, 20
6948, 21
6949, 14
6950, 14
6951, 6
6952, 15
6953, 21
6954, 26
6955, 16
6956, 8
6957, 8
6958, 14
6959, 19
6960, 16
6961, 19
6962, 10
6963, 4
6964, 6
6965, 5
6968, 5
6983, 6
6984, 14
6985, 18
6986, 18
6987, 6
6988, 3
6989, 14
6990, 9
6991, 10
6992, 32
6993, 12
6994, 19
6995, 11
6996, 9
6997, 30
6998, 20
6999, 15
7000, 8
7001, 19
7002, 20
7003, 10
7004, 25
7005, 27
7006, 15
7007, 21
7008, 6
7009, 29
7010, 41
7011, 15
7012, 28
7013, 29
7014, 23
7015, 42
7016, 27
7017, 20
7018, 71
7019, 24
7020, 21
7021, 17
7022, 17
7023, 10
7024, 19
7025, 13
7026, 15
7027, 9
7028, 9
7029, 13
7030, 19
7031, 21
7032, 8
7033, 4
7034, 11
7035, 10
7036, 29
7037, 19
7038, 38
7039, 8
7040, 14
7041, 22
7042, 6
7043, 2
7044, 13
7045, 8
7046, 8
7047, 6
7048, 24
7049, 5
7050, 8
7051, 8
7052, 6
7053, 20
7054, 9
7055, 12
7056, 21
7057, 4
7058, 7
7059, 5
7060, 5
7062, 9
7064, 7
7065, 17
7066, 11
7067, 9
7068, 9
7069, 5
7070, 3
7071, 19
7072, 9
7073, 8
7076, 11
7077, 14
7078, 8
7079, 15
7080, 16
7082, 10
7083, 9
7084, 11
7085, 7
7086, 7
7087, 11
7089, 1
7090, 14
7091, 27
7092, 3
7093, 4
7094, 6
7095, 9
7097, 12
7098, 6
7099, 2
7100, 6
7101, 5
7102, 10
7103, 10
7104, 11
7106, 12
7107, 6
7108, 10
7109, 3
7112, 5
7113, 8
7114, 1
7115, 11
7117, 8
7118, 2
7119, 1
7120, 4
7121, 6
7122, 4
7123, 3
7124, 3
7125, 1
7129, 6
7131, 5
7132, 9
7139, 3
7140, 5
7146, 5
7151, 2
7152, 8
7154, 3
7492, 1
7493, 1
7494, 1
7497, 1
7498, 3
7500, 1
7501, 1
7502, 4
7503, 2
7504, 1
7505, 3
7506, 7
7507, 4
7508, 3
7509, 10
7510, 4
7511, 9
7512, 5
7513, 10
7514, 2
7515, 6
7516, 10
7517, 6
7518, 7
7519, 9
7520, 8
7521, 14
7522, 21
7523, 6
7524, 20
7525, 15
7526, 4
7527, 16
7528, 24
7529, 15
7530, 11
7531, 17
7532, 12
7533, 12
7534, 10
7535, 10
7536, 3
7537, 3
7538, 1
7539, 3
7542, 4
7547, 2
7558, 4
7560, 4
7566, 9
7567, 3
7568, 2
7569, 6
7570, 13
7571, 6
7572, 6
7573, 3
7574, 3
7576, 8
7577, 5
7579, 19
7580, 9
7581, 8
7582, 7
7583, 11
7584, 13
7585, 9
7586, 13
7587, 15
7588, 24
7589, 14
7590, 17
7591, 18
7592, 18
7593, 17
7594, 14
7595, 14
7596, 10
7597, 14
7598, 21
7599, 19
7600, 14
7601, 26
7602, 28
7603, 17
7604, 10
7605, 12
7606, 16
7607, 5
7608, 8
7609, 14
7610, 15
7611, 12
7612, 22
7613, 18
7614, 16
7615, 14
7616, 13
7617, 11
7618, 12
7619, 13
7620, 9
7621, 12
7622, 7
7623, 10
7624, 14
7625, 5
7626, 7
7627, 4
7628, 7
7629, 3
7630, 7
7631, 9
7632, 3
7633, 6
7634, 6
7635, 1
7636, 6
7637, 4
7641, 1
7642, 4
7646, 1
7649, 2
7650, 1
7762, 1
7763, 2
7766, 2
7767, 3
7768, 3
7769, 4
7770, 2
7771, 3
7772, 14
7773, 8
7775, 4
7776, 8
7777, 11
7778, 5
7779, 8
7780, 8
7781, 5
7782, 13
7783, 13
7784, 10
7785, 5
7786, 6
7787, 13
7788, 7
7789, 8
7790, 1
7791, 9
7792, 10
7793, 15
7794, 18
7795, 18
7796, 21
7797, 19
7798, 20
7799, 26
7800, 24
7801, 17
7802, 20
7803, 28
7804, 32
7805, 20
7806, 17
7807, 4
7808, 5
7809, 37
7810, 6
7811, 27
7812, 10
7814, 16
7815, 5
7816, 14
7817, 30
7818, 12
7819, 10
7820, 3
7821, 20
7822, 12
7823, 5
7824, 11
7825, 9
7826, 3
7827, 13
7828, 3
7831, 8
7832, 11
7839, 1
7840, 17
7843, 5
7844, 7
7847, 3
7848, 3
7849, 2
7850, 9
7852, 6
7854, 5
7855, 28
7856, 10
7857, 19
7858, 15
7859, 7
7860, 8
7862, 6
7863, 4
7864, 1
7866, 12
7867, 4
7868, 11
7869, 19
7870, 12
7871, 3
7873, 14
7874, 3
7875, 9
7876, 5
7877, 12
7878, 11
7879, 17
7880, 19
7881, 9
7882, 21
7883, 15
7884, 17
7885, 15
7886, 4
7887, 10
7888, 2
7889, 6
7890, 26
7891, 5
7892, 4
7893, 6
7894, 1
7895, 13
7896, 1
7897, 4
7899, 11
7900, 8
7901, 3
7902, 11
7903, 12
7904, 1
7906, 4
7907, 11
7909, 2
7912, 2
7914, 3
7919, 2
7920, 7
7921, 7
7923, 1
7924, 4
7930, 3
7940, 3
7945, 2
7951, 3
7964, 2
8084, 3
8085, 7
8086, 2
8087, 1
8088, 3
8090, 3
8091, 1
8092, 9
8093, 15
8095, 4
8096, 7
8097, 3
8103, 9
8104, 5
8105, 7
8106, 7
8108, 2
8114, 3
8117, 4
8118, 9
8119, 5
8120, 3
8121, 11
8127, 3
8132, 7
8133, 11
8134, 9
8135, 2
8136, 7
8146, 8
8147, 1
8156, 9
8188, 1
8191, 10
8197, 3
8199, 1
8200, 7
8220, 2
8234, 3
8237, 3
9464, 2
9465, 4
9466, 9
9469, 3
9470, 7
9471, 16
9472, 9
9473, 10
9474, 23
9475, 14
9476, 9
9477, 16
9478, 15
9479, 8
9480, 19
9481, 24
9482, 3
9483, 14
9484, 22
9485, 33
9486, 27
9487, 16
9488, 19
9489, 26
9490, 20
9491, 38
9492, 42
9493, 38
9494, 26
9495, 44
9496, 22
9497, 36
9498, 41
9499, 37
9500, 44
9501, 22
9502, 34
9503, 32
9504, 45
9505, 37
9506, 36
9507, 33
9508, 38
9509, 28
9510, 15
9511, 36
9512, 25
9513, 12
9514, 17
9515, 24
9516, 19
9517, 4
9518, 2
9519, 15
9520, 5
9521, 3
9523, 5
9526, 3
9532, 2
9542, 4
9545, 3
9551, 6
9553, 4
9554, 7
9555, 3
9556, 4
9557, 7
9558, 3
9559, 6
9560, 11
9561, 5
9562, 6
9563, 6
9564, 3
9565, 7
9566, 13
9567, 6
9568, 4
9569, 4
9570, 4
9572, 7
9573, 6
9574, 5
9575, 3
9576, 5
9577, 12
9578, 6
9579, 6
9580, 18
9581, 9
9582, 2
9583, 9
9584, 9
9585, 6
9586, 5
9587, 8
9588, 12
9589, 4
9590, 5
9591, 9
9593, 7
9595, 4
9597, 5
9598, 2
9599, 7
9602, 1
9603, 2
9605, 1
9606, 2
9607, 4
9608, 2
9609, 2
9610, 3
9611, 11
9617, 6
9618, 1
9630, 2
9676, 1
9931, 1
9932, 1
9933, 4
9934, 2
9935, 3
9936, 5
9937, 2
9938, 1
9940, 5
9942, 6
9943, 3
9944, 2
9945, 1
9946, 8
9947, 4
9948, 3
9949, 4
9950, 11
9951, 2
9952, 9
9953, 17
9954, 10
9955, 4
9956, 6
9957, 7
9958, 21
9959, 11
9960, 6
9961, 15
9962, 28
9963, 8
9964, 16
9965, 11
9966, 12
9967, 12
9968, 23
9969, 19
9970, 22
9971, 19
9972, 1
9973, 10
9974, 8
9975, 6
9976, 6
9977, 5
9978, 8
9979, 2
9981, 7
9982, 2
9983, 10
9984, 15
9985, 8
9986, 2
10002, 2
10007, 10
10008, 9
10010, 5
10012, 4
10013, 14
10014, 3
10015, 11
10016, 6
10017, 8
10019, 5
10020, 14
10021, 11
10022, 8
10023, 8
10024, 27
10025, 25
10026, 4
10027, 17
10028, 10
10029, 15
10030, 10
10031, 12
10032, 10
10033, 29
10034, 30
10035, 33
10036, 19
10037, 23
10038, 23
10039, 13
10040, 23
10041, 40
10042, 25
10043, 26
10044, 25
10045, 20
10046, 37
10047, 40
10048, 20
10049, 49
10050, 25
10051, 32
10052, 12
10053, 18
10054, 27
10055, 26
10056, 16
10057, 21
10058, 10
10059, 42
10060, 25
10061, 17
10062, 12
10063, 8
10064, 27
10065, 40
10066, 12
10067, 8
10068, 18
10069, 15
10070, 23
10071, 14
10072, 15
10073, 12
10074, 26
10075, 11
10076, 7
10077, 7
10078, 14
10079, 7
10080, 9
10081, 3
10082, 9
10083, 5
10084, 6
10085, 6
10086, 13
10088, 9
10089, 2
10090, 6
10091, 3
10092, 4
10093, 3
10095, 3
10097, 3
10098, 2
10099, 3
10100, 2
10102, 6
10103, 4
10105, 2
10106, 3
10107, 1
10108, 4
10109, 2
10110, 6
10112, 1
10117, 7
10118, 5
10120, 3
10121, 1
10122, 2
10124, 4
10125, 2
10128, 3
10132, 3
10133, 3
10134, 3
10135, 3
10139, 1
10143, 1
10147, 1
10149, 1
10157, 1
10168, 1
10227, 1
10231, 2
10232, 1
10233, 2
10234, 5
10236, 1
10237, 2
10238, 2
10239, 1
10240, 8
10241, 1
10242, 2
10243, 1
10244, 2
10245, 3
10246, 4
10247, 5
10248, 2
10249, 9
10250, 4
10251, 7
10252, 2
10253, 4
10254, 10
10255, 9
10256, 6
10257, 9
10258, 11
10259, 12
10260, 7
10261, 20
10262, 12
10263, 22
10264, 25
10265, 15
10266, 15
10267, 16
10268, 6
10269, 16
10270, 19
10271, 11
10272, 5
10273, 14
10274, 9
10276, 4
10277, 8
10279, 4
10282, 2
10284, 3
10285, 2
10288, 6
10290, 4
10291, 4
10293, 3
10294, 5
10295, 2
10296, 2
10297, 10
10298, 2
10301, 3
10303, 3
10304, 4
10305, 4
10306, 5
10307, 7
10308, 5
10309, 12
10310, 2
10311, 11
10312, 6
10313, 4
10314, 12
10315, 12
10316, 26
10317, 5
10318, 4
10319, 31
10320, 17
10321, 30
10322, 10
10323, 6
10324, 45
10325, 24
10326, 19
10327, 26
10328, 7
10329, 4
10330, 22
10331, 30
10332, 17
10333, 25
10334, 30
10335, 25
10336, 17
10337, 34
10338, 23
10339, 23
10340, 22
10341, 25
10342, 17
10343, 4
10344, 21
10345, 38
10346, 13
10347, 17
10348, 25
10349, 32
10350, 16
10351, 21
10352, 26
10353, 14
10354, 6
10355, 35
10356, 11
10357, 16
10358, 22
10359, 6
10360, 15
10361, 12
10362, 9
10363, 19
10364, 13
10365, 23
10366, 17
10367, 5
10368, 13
10369, 19
10370, 28
10371, 13
10372, 10
10373, 16
10374, 19
10375, 15
10376, 13
10377, 12
10378, 18
10379, 16
10380, 3
10381, 1
10383, 9
10384, 3
10385, 13
10386, 14
10387, 1
10388, 8
10390, 11
10391, 5
10392, 3
10393, 9
10394, 1
10395, 4
10396, 7
10397, 7
10398, 5
10399, 4
10400, 5
10402, 1
10403, 4
10404, 5
10405, 3
10406, 6
10407, 1
10408, 3
10409, 10
10410, 2
10412, 3
10415, 1
10416, 3
10417, 10
10418, 3
10419, 2
10420, 11
10421, 3
10423, 5
10424, 6
10425, 3
10427, 4
10428, 3
10429, 2
10430, 3
10431, 3
10432, 5
10433, 5
10434, 2
10436, 1
10437, 6
10438, 4
10439, 3
10440, 6
10442, 1
10443, 5
10444, 3
10445, 3
10447, 6
10448, 3
10449, 5
10450, 2
10451, 2
10452, 1
10453, 2
10458, 1
10461, 3
10462, 1
10469, 2
10470, 1
10471, 1
10479, 4
10915, 1
10917, 1
10918, 1
10919, 1
10920, 1
10921, 1
10922, 2
10923, 1
10924, 3
10925, 1
10926, 2
10927, 1
10928, 3
10929, 4
10930, 3
10931, 1
10932, 3
10933, 2
10934, 1
10935, 6
10936, 4
10937, 7
10938, 4
10939, 2
10940, 3
10941, 3
10942, 7
10943, 3
10944, 2
10945, 5
10946, 5
10948, 4
10949, 8
10950, 3
10951, 5
10952, 4
10953, 7
10954, 8
10955, 4
10956, 2
10983, 2
10987, 3
10988, 1
10992, 1
10993, 1
10994, 6
10995, 10
11001, 2
11002, 9
11003, 6
11004, 3
11005, 4
11006, 7
11007, 2
11008, 8
11009, 10
11010, 4
11011, 5
11012, 3
11013, 3
11015, 2
11016, 7
11017, 7
11018, 7
11019, 14
11020, 8
11021, 7
11022, 4
11023, 4
11024, 7
11025, 6
11026, 3
11027, 2
11028, 2
11029, 6
11030, 11
11032, 7
11033, 4
11034, 2
11035, 4
11036, 1
11037, 4
11038, 9
11039, 3
11040, 2
11041, 1
11042, 5
11043, 1
11044, 2
11045, 4
11046, 4
11047, 2
11048, 2
11049, 4
11065, 1
11074, 1
12158, 1
12159, 1
12161, 2
12162, 8
12163, 12
12164, 4
12165, 10
12166, 3
12167, 2
12168, 4
12169, 8
12170, 2
12171, 1
12172, 11
12173, 2
12174, 10
12175, 11
12177, 6
12178, 3
12179, 11
12180, 4
12181, 22
12182, 2
12183, 24
12184, 9
12185, 10
12186, 4
12187, 10
12188, 13
12189, 21
12190, 20
12191, 13
12192, 15
12193, 15
12194, 23
12195, 11
12196, 15
12197, 5
12198, 18
12199, 18
12200, 14
12202, 1
12203, 2
12204, 3
12205, 3
12206, 2
12207, 1
12223, 2
12224, 2
12227, 2
12232, 3
12234, 5
12236, 4
12237, 3
12239, 1
12240, 1
12241, 5
12242, 1
12243, 8
12245, 7
12246, 6
12247, 3
12249, 3
12250, 9
12251, 7
12252, 14
12253, 6
12254, 1
12255, 5
12256, 2
12258, 11
12259, 11
12260, 9
12262, 3
12263, 7
12264, 11
12266, 11
12267, 20
12268, 4
12269, 9
12270, 9
12271, 7
12272, 6
12273, 8
12275, 9
12276, 2
12277, 2
12278, 16
12279, 6
12280, 4
12281, 3
12282, 3
12283, 8
12284, 1
12285, 2
12286, 11
12287, 9
12288, 7
12289, 8
12290, 6
12291, 2
12292, 2
12293, 4
12294, 3
12295, 3
12296, 3
12297, 2
12299, 2
12301, 6
12303, 3
12304, 2
12305, 6
12306, 1
12308, 1
12309, 4
12315, 1
12316, 2
12319, 3
12511, 4
12516, 3
12520, 3
12525, 3
12534, 1
12535, 4
12536, 1
12977, 2
12979, 1
12980, 2
12982, 1
12986, 6
12987, 5
12988, 1
12989, 2
12990, 4
12991, 5
12992, 1
12993, 4
12994, 3
12995, 5
12996, 6
12997, 3
12998, 3
12999, 3
13000, 2
13002, 6
13003, 2
13004, 1
13005, 2
13006, 4
13007, 13
13008, 8
13009, 9
13010, 15
13011, 4
13012, 7
13013, 14
13014, 12
13015, 6
13016, 10
13017, 3
13018, 2
13019, 5
13020, 3
13021, 4
13022, 2
13046, 4
13050, 3
13051, 1
13052, 2
13053, 2
13054, 5
13055, 5
13056, 2
13057, 6
13058, 6
13060, 9
13062, 14
13063, 4
13064, 7
13065, 3
13066, 6
13067, 2
13068, 5
13069, 15
13071, 4
13072, 2
13073, 6
13074, 19
13075, 8
13076, 5
13077, 9
13078, 17
13079, 5
13080, 10
13081, 6
13082, 9
13083, 6
13084, 7
13085, 4
13086, 12
13087, 20
13088, 14
13089, 7
13090, 12
13091, 12
13092, 10
13093, 19
13094, 10
13095, 14
13096, 9
13097, 15
13098, 14
13099, 9
13100, 11
13101, 8
13102, 7
13103, 5
13104, 12
13105, 7
13106, 12
13107, 10
13108, 3
13109, 11
13110, 6
13111, 11
13112, 3
13113, 5
13114, 5
13116, 8
13117, 2
13118, 4
13120, 3
13122, 4
13123, 2
13124, 3
13125, 9
13126, 3
13133, 3
13134, 3
13135, 1
13137, 3
13140, 2
13297, 3
13405, 3
13990, 1
13991, 1
13992, 1
13993, 3
13994, 4
13995, 3
13996, 2
13997, 1
13998, 6
13999, 3
14000, 6
14001, 2
14002, 1
14003, 4
14004, 3
14005, 4
14006, 8
14007, 3
14008, 9
14009, 6
14010, 3
14011, 5
14012, 6
14013, 8
14014, 12
14015, 12
14016, 7
14017, 3
14018, 9
14019, 6
14020, 10
14021, 4
14022, 13
14023, 5
14024, 16
14025, 17
14026, 3
14027, 8
14028, 16
14029, 9
14030, 16
14031, 4
14032, 1
14033, 2
14034, 2
14037, 4
14039, 2
14062, 4
14064, 2
14066, 2
14067, 8
14068, 2
14069, 3
14070, 2
14071, 8
14072, 5
14073, 1
14074, 10
14075, 16
14076, 10
14077, 8
14078, 6
14079, 12
14080, 17
14081, 6
14082, 11
14083, 16
14084, 15
14085, 1
14086, 5
14087, 7
14088, 2
14089, 23
14090, 11
14091, 11
14092, 20
14093, 9
14094, 17
14095, 22
14096, 15
14097, 37
14098, 20
14099, 17
14100, 34
14101, 13
14102, 18
14103, 14
14104, 37
14105, 26
14106, 23
14107, 10
14108, 33
14109, 46
14110, 28
14111, 23
14112, 8
14113, 7
14114, 32
14115, 15
14116, 24
14117, 21
14118, 23
14119, 9
14120, 28
14121, 7
14122, 9
14123, 23
14124, 23
14125, 4
14126, 28
14127, 22
14128, 18
14129, 4
14130, 25
14131, 16
14132, 9
14133, 6
14134, 5
14135, 10
14136, 8
14137, 6
14139, 9
14140, 12
14141, 1
14142, 5
14143, 9
14144, 2
14147, 1
14148, 8
14150, 8
14151, 5
14152, 14
14153, 3
14154, 2
14155, 3
14158, 8
14159, 4
14160, 3
14161, 1
14162, 4
14163, 1
14164, 6
14165, 5
14167, 14
14168, 9
14170, 4
14171, 6
14172, 1
14174, 1
14176, 3
14177, 5
14178, 2
14179, 4
14181, 1
14182, 6
14183, 5
14184, 5
14185, 2
14186, 3
14187, 14
14188, 10
14189, 4
14190, 1
14191, 10
14192, 14
14193, 18
14194, 1
14195, 4
14196, 2
14197, 4
14198, 11
14199, 7
14200, 29
14201, 19
14202, 11
14203, 6
14204, 23
14205, 16
14206, 33
14207, 37
14208, 21
14209, 22
14210, 15
14211, 33
14212, 21
14213, 18
14214, 36
14215, 23
14216, 32
14217, 18
14218, 7
14219, 8
14220, 19
14221, 11
14222, 26
14223, 19
14224, 30
14225, 31
14226, 22
14227, 22
14228, 11
14229, 35
14230, 1
14231, 6
14232, 7
14233, 4
14234, 5
14235, 30
14236, 6
14237, 3
14238, 9
14239, 6
14240, 2
14241, 3
14242, 7
14243, 6
14244, 6
14245, 14
14246, 6
14247, 3
14248, 16
14249, 4
14250, 8
14251, 18
14252, 8
14253, 10
14254, 19
14255, 15
14256, 6
14257, 9
14258, 20
14259, 2
14260, 1
14261, 4
14262, 10
14264, 6
14265, 3
14266, 6
14267, 14
14268, 5
14269, 10
14270, 3
14273, 4
14275, 1
14276, 13
14278, 3
14282, 4
14283, 6
14284, 4
14285, 6
14288, 13
14289, 3
14290, 3
14291, 4
14292, 6
14293, 7
14294, 4
14297, 3
14299, 2
14300, 1
14307, 3
14308, 3
14315, 3
14318, 3
14481, 2
14483, 1
14484, 2
14485, 1
14487, 1
14488, 3
14489, 1
14491, 1
14492, 1
14494, 2
14495, 4
14496, 3
14498, 2
14499, 3
14502, 1
14503, 1
14504, 4
14505, 5
14507, 7
14509, 5
14510, 5
14511, 10
14512, 2
14513, 1
14514, 1
14515, 2
14516, 1
14517, 1
14518, 4
14519, 5
14520, 5
14521, 4
14522, 1
14523, 2
14524, 3
14525, 1
14540, 3
14560, 2
14562, 2
14565, 3
14566, 1
14567, 2
14568, 3
14571, 1
14572, 4
14573, 10
14576, 2
14577, 7
14579, 5
14580, 3
14581, 3
14582, 5
14583, 3
14585, 4
14586, 10
14587, 7
14589, 8
14590, 1
14592, 4
14594, 9
14595, 1
14596, 6
14597, 2
14598, 2
14600, 2
14601, 6
14602, 3
14603, 14
14606, 3
14607, 3
14608, 5
14609, 8
14610, 7
14611, 6
14612, 4
14613, 5
14616, 4
14617, 3
14618, 2
14619, 2
14621, 6
14623, 5
14624, 3
14625, 2
14634, 3
14648, 2
14800, 6
14801, 3
14802, 8
14803, 1
14807, 3
14812, 3
14813, 3
14814, 6
14817, 1
14818, 2
14820, 4
14821, 3
14827, 3
14833, 3
14834, 3
14835, 1
14836, 5
14837, 6
14839, 3
14843, 1
14844, 2
14854, 2
14855, 1
14856, 3
14860, 3
14862, 4
14864, 3
14865, 3
14868, 1
14870, 2
14872, 1
14873, 2
14875, 1
14876, 1
14878, 1
14879, 2
14880, 15
14881, 3
14882, 7
14883, 4
14884, 7
14885, 21
14886, 11
14887, 2
14888, 21
14889, 7
14890, 6
14891, 12
14892, 32
14893, 14
14894, 6
14895, 13
14896, 8
14897, 8
14898, 25
14899, 9
14900, 14
14901, 19
14902, 16
14903, 7
14904, 8
14905, 16
14906, 19
14907, 20
14908, 23
14909, 6
14910, 12
14911, 13
14912, 12
14913, 16
14914, 18
14915, 7
14916, 15
14917, 3
14918, 9
14919, 12
14920, 1
14921, 7
14922, 4
14927, 9
14929, 1
14932, 6
14938, 3
14940, 2
14941, 5
14942, 5
14943, 5
14946, 2
14947, 3
14948, 3
14949, 3
14950, 3
14951, 4
14953, 3
14957, 5
14958, 3
14960, 3
14961, 3
14962, 7
14963, 12
14965, 15
14966, 5
14967, 21
14968, 10
14969, 6
14970, 3
14971, 15
14974, 5
14975, 11
14976, 6
14977, 6
14978, 1
14979, 9
14981, 10
14982, 10
14983, 3
14984, 2
14985, 5
14986, 12
14987, 13
14988, 10
14989, 17
14990, 6
14991, 9
14992, 6
14993, 1
14994, 13
14995, 1
14996, 10
14998, 7
14999, 1
15000, 5
15001, 3
15002, 10
15003, 9
15004, 6
15005, 15
15007, 5
15008, 3
15009, 4
15010, 14
15011, 3
15012, 10
15013, 3
15014, 15
15015, 8
15016, 7
15017, 2
15018, 2
15019, 5
15020, 6
15021, 20
15022, 2
15023, 12
15024, 11
15025, 10
15026, 13
15027, 15
15028, 3
15029, 9
15030, 11
15031, 33
15032, 20
15033, 8
15034, 5
15035, 7
15036, 10
15037, 13
15038, 14
15039, 7
15040, 1
15041, 9
15042, 39
15043, 12
15044, 8
15046, 21
15047, 13
15048, 7
15049, 32
15050, 8
15051, 9
15052, 13
15053, 10
15055, 15
15056, 6
15057, 16
15058, 7
15059, 7
15060, 4
15061, 17
15062, 19
15063, 9
15064, 1
15065, 9
15066, 21
15067, 21
15068, 18
15069, 6
15070, 1
15071, 9
15072, 33
15073, 5
15074, 6
15075, 8
15076, 26
15077, 9
15078, 17
15079, 24
15080, 15
15081, 18
15082, 15
15083, 6
15084, 22
15085, 36
15086, 16
15087, 5
15088, 9
15089, 16
15090, 14
15091, 25
15092, 10
15093, 15
15094, 12
15095, 16
15096, 15
15097, 18
15098, 8
15099, 10
15100, 33
15101, 9
15102, 11
15103, 14
15104, 2
15105, 21
15106, 13
15107, 13
15108, 9
15109, 32
15110, 2
15111, 23
15112, 16
15113, 15
15114, 15
15115, 21
15116, 7
15117, 13
15118, 28
15119, 23
15120, 2
15121, 9
15122, 20
15123, 13
15125, 8
15126, 6
15127, 6
15128, 9
15129, 22
15130, 11
15131, 8
15132, 3
15133, 12
15134, 10
15135, 6
15136, 5
15137, 19
15138, 12
15140, 2
15141, 5
15143, 4
15144, 3
15145, 3
15147, 5
15148, 2
15149, 9
15150, 17
15151, 4
15152, 3
15154, 10
15155, 3
15157, 3
15158, 7
15159, 5
15160, 1
15168, 6
15169, 4
15170, 2
15175, 2
15178, 1
15179, 2
15181, 2
15186, 1
15197, 3
15201, 1
15218, 1
15225, 2
15257, 1
15260, 1
15268, 8
15269, 12
15270, 7
15273, 5
15274, 5
15275, 4
15276, 15
15277, 5
15278, 6
15279, 12
15280, 8
15281, 1
15282, 22
15283, 30
15284, 23
15285, 34
15286, 21
15287, 22
15288, 39
15289, 34
15290, 13
15291, 25
15292, 54
15293, 20
15294, 13
15295, 16
15296, 39
15297, 47
15298, 35
15299, 47
15300, 22
15301, 33
15302, 15
15303, 28
15304, 37
15305, 42
15306, 18
15307, 10
15308, 29
15309, 57
15310, 35
15311, 33
15312, 32
15313, 13
15314, 31
15315, 18
15316, 22
15317, 25
15318, 26
15319, 42
15320, 30
15321, 35
15322, 48
15323, 28
15324, 17
15325, 15
15326, 18
15327, 5
15328, 7
15329, 11
15330, 8
15331, 2
15332, 5
15333, 3
15334, 4
15336, 8
15337, 7
15338, 4
15339, 8
15340, 10
15341, 11
15342, 3
15343, 2
15344, 6
15347, 12
15348, 8
15349, 2
15350, 1
15351, 10
15352, 6
15353, 3
15354, 9
15355, 9
15356, 3
15357, 15
15358, 7
15359, 17
15360, 9
15361, 1
15362, 2
15363, 3
15364, 4
15365, 8
15366, 3
15367, 5
15369, 6
15370, 12
15371, 14
15372, 3
15373, 2
15374, 3
15375, 12
15376, 7
15377, 5
15378, 5
15379, 8
15380, 13
15381, 2
15382, 2
15383, 19
15384, 13
15385, 2
15386, 9
15387, 10
15388, 8
15389, 5
15390, 6
15391, 17
15392, 2
15393, 3
15394, 3
15395, 4
15396, 5
15397, 18
15398, 15
15399, 9
15400, 1
15401, 13
15402, 3
15403, 1
15404, 12
15405, 7
15406, 3
15407, 5
15409, 9
15411, 3
15412, 3
15413, 9
15416, 4
15417, 2
15421, 10
15422, 3
15423, 14
15424, 2
15426, 2
15428, 1
15430, 1
15431, 1
15433, 1
15434, 1
15436, 2
15437, 14
15438, 3
15439, 1
15440, 10
15441, 6
15442, 12
15443, 2
15444, 13
15445, 2
15446, 11
15447, 7
15448, 10
15449, 1
15450, 11
15451, 11
15455, 5
15456, 20
15457, 3
15458, 18
15459, 8
15460, 20
15461, 4
15462, 31
15463, 8
15464, 12
15465, 3
15466, 17
15467, 22
15468, 13
15469, 20
15470, 29
15471, 10
15472, 9
15473, 20
15474, 16
15475, 11
15476, 14
15477, 26
15478, 32
15479, 22
15480, 29
15481, 16
15482, 25
15483, 7
15484, 29
15485, 32
15486, 28
15487, 16
15488, 22
15489, 29
15490, 12
15491, 20
15492, 25
15493, 18
15494, 25
15495, 47
15496, 28
15497, 27
15498, 43
15499, 31
15500, 4
15501, 13
15502, 19
15503, 12
15504, 16
15505, 8
15506, 34
15507, 16
15508, 11
15509, 37
15510, 30
15511, 9
15512, 14
15513, 16
15514, 13
15515, 23
15516, 26
15517, 29
15518, 20
15519, 17
15520, 25
15521, 22
15522, 22
15523, 35
15524, 15
15525, 24
15526, 18
15527, 13
15528, 6
15529, 12
15530, 16
15531, 13
15532, 32
15533, 14
15534, 9
15535, 6
15536, 12
15537, 4
15538, 20
15539, 17
15540, 31
15541, 7
15542, 15
15543, 17
15544, 17
15545, 7
15546, 9
15547, 4
15548, 9
15549, 14
15550, 8
15551, 3
15552, 12
15553, 8
15554, 7
15555, 12
15556, 2
15557, 5
15558, 5
15559, 10
15560, 2
15561, 2
15562, 3
15563, 3
15568, 2
15571, 1
15577, 1
15578, 1
15581, 3
15583, 1
15584, 3
15586, 1
15590, 2
15605, 2
15610, 1
15614, 1
15629, 1
15633, 1
16078, 1
16079, 2
16083, 2
16084, 2
16086, 1
16087, 2
16088, 1
16089, 1
16090, 2
16091, 2
16092, 2
16093, 3
16094, 3
16095, 3
16096, 2
16097, 4
16098, 2
16099, 6
16100, 10
16101, 10
16102, 4
16103, 7
16104, 3
16105, 5
16106, 5
16107, 12
16108, 8
16109, 9
16110, 8
16111, 4
16112, 4
16113, 13
16114, 6
16115, 3
16116, 10
16117, 4
16143, 1
16150, 3
16153, 3
16155, 2
16156, 4
16158, 1
16159, 2
16163, 5
16164, 3
16165, 4
16167, 2
16168, 2
16169, 3
16170, 6
16171, 2
16172, 11
16173, 1
16174, 1
16175, 3
16176, 1
16178, 5
16179, 5
16180, 1
16181, 6
16182, 6
16183, 6
16184, 5
16185, 8
16186, 6
16187, 2
16188, 9
16190, 3
16191, 9
16192, 2
16193, 6
16194, 2
16195, 4
16196, 2
16197, 2
16198, 4
16199, 8
16201, 3
16202, 4
16203, 1
16204, 4
16205, 3
16206, 3
16207, 1
16209, 9
16210, 3
16217, 2
16220, 2
16225, 3
16228, 2
16694, 1
16695, 1
16696, 1
16697, 1
16699, 1
16700, 1
16702, 2
16703, 1
16704, 3
16706, 3
16707, 4
16708, 2
16709, 2
16711, 4
16713, 3
16714, 3
16715, 1
16716, 5
16717, 3
16719, 4
16720, 8
16721, 3
16722, 5
16723, 4
16724, 3
16725, 7
16726, 10
16727, 11
16728, 4
16729, 9
16730, 3
16731, 9
16732, 7
16733, 10
16734, 3
16735, 4
16736, 1
16769, 1
16771, 2
16772, 2
16773, 1
16774, 2
16775, 1
16777, 1
16778, 3
16783, 4
16785, 1
16786, 2
16787, 7
16788, 2
16789, 7
16790, 5
16791, 8
16792, 7
16793, 7
16794, 2
16795, 2
16796, 5
16798, 1
16799, 5
16800, 3
16801, 7
16802, 2
16803, 5
16804, 4
16805, 8
16806, 8
16807, 8
16808, 6
16810, 5
16811, 2
16812, 2
16813, 7
16814, 6
16815, 7
16816, 4
16817, 2
16818, 8
16819, 4
16821, 3
16822, 1
16823, 6
16824, 3
16827, 2
16828, 2
16833, 2
16834, 2
16837, 2
16847, 2
17041, 2
17042, 2
17043, 1
17044, 2
17045, 5
17046, 1
17047, 3
17048, 2
17049, 2
17050, 3
17051, 2
17052, 6
17053, 4
17054, 3
17055, 3
17056, 6
17057, 4
17058, 3
17060, 4
17061, 6
17062, 6
17063, 5
17064, 10
17065, 4
17066, 13
17067, 2
17068, 8
17069, 7
17070, 6
17071, 15
17072, 9
17073, 10
17074, 15
17075, 10
17076, 9
17077, 8
17078, 5
17079, 12
17080, 4
17081, 1
17082, 1
17111, 1
17114, 1
17116, 1
17117, 2
17118, 1
17120, 2
17121, 5
17123, 1
17125, 3
17126, 2
17127, 2
17128, 1
17129, 4
17130, 2
17131, 4
17132, 3
17133, 3
17134, 2
17135, 1
17136, 5
17138, 3
17139, 4
17140, 2
17141, 2
17142, 3
17143, 5
17144, 3
17145, 4
17146, 2
17147, 3
17148, 7
17149, 3
17150, 3
17151, 1
17152, 3
17153, 2
17154, 3
17155, 4
17156, 3
17157, 1
17158, 5
17159, 2
17161, 1
17162, 2
17163, 1
17164, 3
17165, 3
17166, 4
17167, 2
17168, 1
17169, 2
17170, 1
17171, 1
17172, 1
17178, 1
17179, 1
17182, 1
17197, 1
17448, 1
17450, 1
17451, 2
17452, 2
17453, 3
17454, 2
17455, 1
17456, 7
17457, 1
17459, 2
17460, 2
17461, 1
17462, 2
17463, 1
17464, 1
17465, 3
17466, 3
17467, 4
17468, 4
17469, 4
17470, 2
17471, 3
17472, 3
17473, 2
17474, 2
17475, 4
17476, 5
17477, 7
17478, 6
17479, 7
17480, 1
17481, 8
17482, 7
17483, 4
17484, 5
17485, 3
17486, 6
17487, 6
17518, 2
17519, 2
17522, 2
17523, 2
17526, 1
17527, 2
17529, 3
17530, 2
17532, 2
17533, 2
17534, 2
17535, 5
17536, 4
17538, 4
17539, 9
17540, 5
17541, 9
17542, 4
17543, 7
17544, 2
17546, 2
17547, 7
17548, 6
17549, 5
17550, 8
17551, 6
17552, 5
17553, 2
17554, 7
17555, 3
17556, 4
17557, 12
17558, 9
17559, 7
17560, 2
17561, 6
17562, 4
17563, 12
17564, 2
17565, 4
17567, 5
17568, 7
17569, 4
17570, 4
17572, 9
17573, 5
17576, 4
17579, 2
17580, 4
17582, 2
17584, 1
17585, 2
17586, 3
17587, 1
17588, 1
17594, 1
17601, 2
17604, 2
17890, 1
17891, 4
17892, 1
17893, 1
17895, 1
17896, 2
17898, 1
17899, 2
17901, 1
17902, 2
17903, 1
17904, 2
17905, 1
17906, 3
17907, 1
17908, 4
17909, 3
17910, 3
17911, 6
17913, 5
17914, 6
17915, 8
17916, 7
17917, 4
17918, 5
17919, 5
17920, 9
17921, 10
17922, 12
17923, 10
17924, 14
17925, 4
17926, 17
17927, 13
17928, 1
17931, 5
17932, 1
17933, 1
17934, 2
17938, 3
17954, 2
17959, 1
17960, 1
17961, 2
17963, 3
17965, 2
17966, 3
17967, 6
17968, 8
17969, 4
17970, 3
17971, 6
17972, 7
17973, 7
17974, 2
17975, 19
17976, 7
17977, 3
17978, 10
17979, 9
17980, 3
17981, 11
17982, 19
17983, 7
17984, 8
17985, 26
17986, 7
17987, 12
17988, 8
17989, 7
17990, 10
17991, 15
17992, 15
17993, 19
17994, 9
17995, 14
17996, 2
17997, 9
17998, 14
17999, 23
18000, 11
18001, 5
18002, 14
18003, 2
18004, 19
18005, 11
18006, 8
18007, 12
18008, 13
18009, 6
18010, 7
18011, 12
18012, 15
18013, 21
18014, 7
18015, 6
18016, 8
18018, 5
18019, 5
18020, 6
18021, 3
18022, 3
18024, 3
18026, 4
18028, 2
18029, 2
18030, 1
18031, 3
18033, 3
18035, 1
18036, 3
18043, 2
18046, 1
18057, 3
18123, 1
18124, 1
18126, 3
18127, 1
18128, 2
18129, 8
18130, 1
18131, 4
18132, 8
18133, 3
18134, 6
18135, 5
18136, 5
18137, 1
18138, 7
18139, 6
18140, 9
18141, 9
18142, 8
18143, 8
18144, 11
18145, 4
18146, 9
18147, 15
18148, 23
18149, 11
18150, 13
18151, 25
18152, 11
18153, 23
18154, 16
18155, 7
18156, 26
18157, 15
18158, 17
18159, 14
18160, 19
18161, 13
18162, 9
18163, 22
18164, 33
18165, 2
18169, 5
18170, 3
18172, 5
18173, 14
18174, 1
18175, 8
18176, 2
18177, 5
18180, 9
18181, 5
18185, 6
18190, 5
18191, 1
18192, 7
18195, 6
18196, 7
18200, 12
18201, 5
18203, 1
18204, 11
18205, 5
18206, 4
18207, 1
18208, 17
18209, 4
18210, 6
18211, 5
18212, 11
18213, 6
18215, 7
18216, 7
18217, 22
18218, 6
18219, 21
18220, 32
18221, 11
18222, 8
18223, 5
18224, 19
18225, 20
18226, 8
18227, 8
18228, 9
18229, 16
18230, 10
18231, 6
18232, 2
18233, 8
18234, 12
18235, 27
18236, 12
18237, 4
18238, 6
18239, 6
18240, 6
18241, 7
18242, 12
18244, 18
18245, 16
18246, 11
18247, 11
18248, 2
18249, 5
18250, 8
18251, 14
18252, 5
18253, 10
18254, 4
18256, 11
18259, 10
18260, 13
18261, 2
18262, 5
18264, 1
18265, 5
18269, 5
18453, 1
18454, 1
18455, 1
18457, 1
18458, 1
18460, 4
18461, 3
18462, 11
18464, 2
18465, 2
18466, 1
18467, 1
18468, 1
18469, 3
18470, 6
18472, 2
18473, 3
18474, 2
18475, 4
18476, 3
18477, 4
18478, 4
18479, 5
18480, 5
18481, 4
18482, 5
18483, 4
18484, 6
18485, 6
18486, 7
18487, 8
18488, 13
18489, 7
18490, 5
18491, 8
18492, 4
18493, 2
18494, 1
18520, 1
18521, 1
18527, 1
18528, 1
18530, 4
18531, 1
18533, 5
18534, 7
18535, 2
18536, 7
18537, 9
18538, 1
18540, 2
18541, 2
18542, 5
18543, 14
18544, 14
18545, 7
18546, 13
18547, 8
18548, 4
18549, 3
18550, 7
18551, 17
18552, 11
18553, 16
18554, 6
18555, 4
18556, 9
18557, 8
18558, 13
18559, 13
18560, 7
18561, 10
18562, 27
18563, 6
18564, 12
18565, 9
18566, 17
18567, 14
18568, 18
18569, 11
18570, 8
18571, 15
18572, 9
18573, 7
18574, 5
18575, 5
18576, 9
18577, 15
18578, 23
18579, 3
18581, 11
18582, 2
18584, 3
18586, 2
18587, 1
18588, 2
18589, 2
18590, 8
18592, 1
18593, 2
18594, 2
18595, 3
18596, 2
18599, 3
18600, 7
18601, 3
18603, 16
18604, 4
18606, 6
18607, 3
18608, 2
18609, 2
18610, 3
18611, 3
18612, 6
18613, 1
18614, 14
18615, 10
18616, 2
18617, 12
18618, 6
18619, 5
18621, 8
18622, 12
18623, 9
18624, 7
18625, 7
18626, 3
18627, 11
18628, 7
18629, 1
18630, 7
18631, 13
18632, 6
18633, 5
18634, 4
18635, 7
18636, 12
18637, 2
18638, 9
18639, 8
18640, 7
18641, 5
18643, 7
18644, 17
18645, 12
18646, 20
18647, 5
18648, 1
18649, 11
18650, 6
18651, 11
18652, 5
18653, 18
18654, 28
18655, 5
18656, 15
18657, 40
18658, 17
18659, 11
18660, 7
18661, 5
18662, 6
18663, 13
18664, 5
18665, 6
18666, 16
18667, 5
18668, 18
18669, 15
18670, 6
18671, 37
18672, 43
18673, 4
18674, 14
18675, 41
18676, 23
18677, 2
18678, 43
18679, 42
18680, 17
18681, 20
18682, 12
18683, 19
18684, 36
18685, 22
18686, 11
18687, 19
18688, 5
18689, 24
18690, 19
18691, 7
18692, 12
18693, 16
18694, 10
18695, 42
18696, 27
18697, 17
18698, 11
18699, 14
18700, 11
18701, 7
18702, 2
18703, 6
18704, 9
18705, 18
18706, 11
18707, 3
18708, 4
18709, 24
18710, 6
18711, 6
18712, 10
18713, 7
18714, 4
18715, 12
18718, 4
18719, 10
18720, 3
18721, 7
18722, 1
18723, 18
18724, 4
18726, 15
18727, 7
18728, 9
18729, 4
18730, 4
18731, 19
18733, 8
18734, 8
18736, 8
18737, 10
18738, 7
18739, 5
18740, 15
18741, 10
18743, 9
18744, 8
18745, 2
18746, 8
18747, 8
18748, 11
18749, 5
18750, 8
18751, 21
18752, 7
18753, 4
18754, 21
18755, 12
18756, 5
18757, 6
18758, 28
18759, 40
18760, 21
18761, 3
18762, 17
18763, 6
18764, 15
18765, 24
18766, 19
18767, 21
18768, 15
18769, 21
18770, 17
18771, 27
18772, 31
18773, 37
18774, 36
18775, 9
18776, 5
18777, 19
18778, 27
18779, 20
18780, 22
18781, 43
18782, 34
18783, 15
18784, 32
18785, 24
18786, 14
18787, 3
18788, 16
18789, 35
18790, 17
18791, 16
18792, 11
18793, 16
18794, 5
18795, 14
18796, 23
18797, 15
18798, 16
18799, 1
18800, 29
18801, 6
18802, 5
18803, 9
18804, 20
18805, 18
18806, 6
18807, 19
18808, 12
18809, 7
18810, 2
18811, 32
18812, 9
18813, 16
18814, 18
18815, 20
18816, 25
18817, 14
18818, 10
18819, 7
18820, 7
18821, 9
18822, 22
18823, 16
18824, 7
18825, 3
18827, 12
18828, 27
18829, 12
18830, 9
18831, 1
18832, 15
18833, 15
18834, 9
18836, 26
18837, 10
18838, 23
18839, 10
18840, 3
18841, 15
18842, 19
18843, 6
18844, 33
18845, 1
18846, 3
18847, 18
18848, 1
18849, 6
18850, 9
18851, 7
18852, 24
18853, 2
18854, 5
18855, 19
18856, 25
18857, 13
18858, 9
18859, 6
18860, 12
18861, 12
18862, 17
18863, 4
18864, 7
18865, 4
18867, 9
18868, 4
18869, 1
18870, 8
18871, 10
18872, 20
18873, 2
18876, 4
18877, 22
18878, 2
18879, 1
18880, 6
18881, 1
18889, 3
18890, 4
18891, 1
18892, 1
18902, 3
18911, 3
18915, 4
18919, 1
18939, 1
18940, 4
18941, 4
18942, 2
18946, 4
18947, 2
18948, 4
18950, 11
18951, 6
18952, 4
18953, 3
18954, 16
18955, 8
18956, 7
18957, 5
18958, 12
18959, 10
18960, 15
18961, 1
18962, 8
18963, 10
18964, 7
18965, 12
18966, 11
18967, 21
18968, 19
18969, 12
18970, 7
18971, 19
18972, 25
18973, 51
18974, 33
18975, 39
18976, 33
18977, 25
18978, 30
18979, 11
18980, 11
18981, 25
18982, 36
18983, 46
18984, 39
18985, 30
18986, 19
18987, 36
18988, 19
18989, 22
18990, 33
18991, 32
18992, 48
18993, 33
18994, 27
18995, 18
18996, 29
18997, 34
18998, 24
18999, 52
19000, 33
19001, 21
19002, 43
19003, 27
19004, 45
19005, 59
19006, 28
19007, 42
19008, 41
19009, 90
19010, 62
19011, 76
19012, 37
19013, 26
19014, 20
19015, 21
19016, 12
19017, 62
19018, 29
19019, 43
19020, 51
19021, 14
19022, 3
19023, 17
19024, 33
19025, 13
19026, 19
19027, 15
19028, 37
19029, 26
19030, 36
19031, 49
19032, 29
19033, 41
19034, 37
19035, 46
19036, 12
19037, 17
19038, 11
19039, 7
19041, 10
19042, 13
19043, 5
19044, 24
19045, 23
19046, 17
19047, 20
19048, 5
19049, 6
19050, 1
19051, 12
19052, 28
19053, 9
19054, 24
19055, 9
19056, 30
19057, 38
19058, 44
19059, 10
19061, 11
19062, 8
19063, 19
19064, 6
19065, 10
19066, 11
19067, 9
19068, 31
19069, 33
19070, 21
19071, 26
19072, 11
19073, 11
19074, 4
19075, 7
19076, 18
19077, 23
19078, 18
19079, 21
19080, 36
19081, 13
19082, 16
19084, 7
19085, 23
19086, 22
19087, 26
19088, 7
19089, 23
19090, 11
19091, 22
19092, 44
19093, 23
19094, 13
19095, 29
19096, 7
19097, 17
19098, 20
19099, 19
19100, 10
19101, 11
19103, 18
19104, 27
19105, 15
19106, 16
19107, 3
19108, 6
19109, 6
19110, 9
19111, 13
19112, 4
19113, 18
19114, 3
19116, 3
19117, 9
19118, 6
19120, 8
19121, 6
19128, 7
19129, 19
19130, 8
19132, 3
19133, 5
19135, 3
19136, 9
19137, 1
19138, 5
19140, 3
19141, 11
19142, 9
19143, 4
19145, 6
19146, 8
19149, 4
19150, 3
19151, 7
19152, 4
19153, 14
19155, 8
19156, 3
19157, 1
19158, 8
19159, 10
19160, 8
19161, 1
19162, 5
19163, 5
19164, 9
19165, 13
19166, 7
19167, 7
19169, 7
19171, 7
19175, 13
19176, 3
19178, 2
19181, 5
19182, 14
19186, 6
19189, 3
19190, 2
19191, 4
19192, 3
19195, 10
19196, 19
19197, 2
19198, 1
19199, 9
19201, 3
19203, 11
19204, 10
19205, 4
19206, 11
19207, 5
19209, 9
19210, 6
19211, 3
19212, 17
19213, 6
19214, 11
19215, 11
19216, 3
19217, 10
19218, 3
19219, 7
19220, 1
19222, 3
19224, 4
19225, 4
19226, 3
19227, 3
19228, 10
19229, 13
19230, 14
19231, 3
19232, 5
19234, 6
19235, 5
19238, 6
19240, 2
19241, 7
19242, 1
19245, 4
19246, 3
19247, 3
19250, 3
19257, 3
19258, 17
19259, 6
19262, 1
19263, 2
19268, 2
19271, 3
19272, 2
19278, 3
19280, 4
19281, 5
19284, 5
19285, 2
19287, 1
19288, 2
19293, 4
19296, 3
19297, 4
19298, 4
19299, 1
19300, 4
19302, 3
19303, 6
19305, 3
19306, 1
19307, 2
19310, 3
19313, 3
19314, 2
19315, 5
19316, 3
19318, 3
19321, 12
19322, 19
19327, 3
19328, 3
19332, 15
19333, 17
19334, 1
19336, 10
19337, 10
19338, 9
19340, 8
19341, 2
19342, 24
19343, 12
19344, 10
19345, 18
19346, 12
19347, 19
19348, 5
19349, 5
19350, 15
19351, 3
19352, 6
19353, 10
19354, 5
19355, 9
19356, 5
19357, 8
19358, 3
19359, 10
19360, 2
19363, 4
19364, 1
19365, 7
19366, 8
19367, 2
19369, 4
19370, 1
19372, 3
19373, 4
19374, 13
19377, 22
19378, 9
19379, 2
19380, 1
19384, 1
19386, 1
19387, 4
19388, 2
19396, 3
19397, 2
19399, 3
19400, 2
19401, 5
19402, 6
19403, 3
19404, 11
19405, 5
19406, 3
19408, 4
19410, 8
19411, 1
19416, 1
19417, 2
19418, 10
19421, 9
19422, 8
19426, 6
19428, 3
19432, 7
19433, 2
19434, 5
19435, 9
19436, 2
19438, 5
19442, 13
19443, 1
19444, 2
19453, 12
19454, 2
19455, 4
19456, 3
19458, 6
19463, 1
19465, 4
19466, 10
19468, 4
19469, 2
19472, 3
19473, 2
19474, 7
19478, 1
19479, 2
19480, 3
19481, 2
19482, 7
19483, 1
19486, 3
19493, 3
19495, 3
19513, 3
19514, 3
19526, 4
19527, 3
19531, 7
19538, 6
19542, 7
19544, 2
19545, 4
19556, 6
19557, 1
19560, 5
19565, 3
19566, 3
19567, 2
19568, 11
19569, 3
19570, 11
19571, 2
19573, 4
19574, 3
19575, 3
19576, 9
19577, 1
19578, 2
19579, 5
19580, 13
19581, 10
19582, 7
19583, 4
19584, 3
19585, 1
19586, 7
19587, 3
19588, 13
19590, 19
19591, 1
19592, 3
19593, 1
19594, 8
19595, 21
19596, 4
19597, 5
19598, 5
19599, 2
19600, 11
19601, 6
19602, 3
19603, 2
19604, 9
19607, 6
19608, 3
19612, 7
19614, 3
19615, 2
19616, 2
19620, 4
19623, 6
19624, 3
19626, 3
19627, 2
19628, 3
19631, 6
19638, 3
19640, 3
19642, 3
19645, 5
19650, 1
19651, 6
19656, 6
19663, 7
19666, 1
19667, 4
19668, 3
19669, 6
19671, 2
19673, 1
19676, 5
19677, 4
19684, 5
19687, 3
19688, 1
19691, 2
19692, 5
19696, 8
19697, 1
19700, 3
19702, 6
19703, 3
19704, 3
19706, 2
19707, 3
19708, 3
19710, 3
19714, 1
19715, 3
19721, 3
19722, 1
19726, 3
19730, 7
19731, 6
19732, 2
19751, 1
19752, 7
19769, 3
19777, 3
19796, 3
19799, 4
19802, 3
19805, 3
19806, 3
19813, 4
19814, 2
19815, 1
19818, 3
19819, 4
19820, 3
19827, 3
19829, 8
19832, 1
19833, 2
19849, 7
19890, 3
19891, 4
19894, 3
19895, 6
19896, 8
19898, 1
19899, 8
19900, 5
19901, 3
19904, 13
19905, 5
19906, 5
19907, 8
19908, 8
19910, 9
19911, 4
19912, 2
19913, 6
19914, 3
19915, 5
19916, 6
19917, 4
19918, 1
19919, 2
19920, 1
19921, 6
19922, 6
19923, 17
19924, 5
19925, 1
19926, 4
19927, 1
19930, 1
19931, 3
19932, 15
19933, 4
19934, 3
19935, 13
19940, 3
19941, 9
19942, 3
19943, 16
19944, 5
19945, 12
19946, 9
19947, 1
19948, 7
19949, 11
19950, 6
19951, 6
19953, 3
19954, 6
19956, 3
19957, 3
19958, 11
19959, 23
19960, 11
19961, 11
19962, 14
19963, 15
19964, 15
19965, 3
19966, 13
19967, 1
19968, 7
19969, 13
19970, 22
19971, 5
19972, 9
19973, 15
19974, 8
19975, 10
19976, 25
19977, 11
19978, 8
19979, 15
19980, 8
19981, 3
19982, 9
19983, 7
19984, 7
19985, 2
19986, 2
19987, 3
19991, 4
19992, 3
19993, 3
19994, 5
19995, 5
19996, 6
19998, 6
19999, 4
20000, 4
20001, 5
20002, 10
20003, 6
20004, 3
20005, 5
20007, 9
20008, 9
20009, 6
20011, 7
20013, 3
20015, 8
20016, 7
20017, 5
20018, 3
20019, 6
20020, 12
20021, 3
20022, 5
20023, 3
20024, 2
20025, 2
20027, 11
20030, 4
20031, 4
20032, 6
20033, 9
20034, 3
20036, 16
20037, 4
20038, 3
20039, 10
20040, 12
20042, 3
20045, 10
20046, 4
20047, 10
20048, 14
20049, 5
20050, 8
20051, 6
20052, 1
20053, 1
20054, 8
20055, 2
20056, 4
20058, 5
20059, 3
20060, 3
20061, 13
20062, 12
20063, 10
20064, 14
20065, 15
20066, 10
20067, 21
20068, 17
20069, 17
20070, 15
20071, 2
20072, 9
20073, 13
20074, 10
20075, 12
20076, 15
20077, 6
20078, 10
20079, 17
20080, 4
20081, 6
20082, 9
20083, 6
20084, 15
20085, 13
20086, 11
20087, 5
20088, 4
20089, 12
20090, 2
20091, 16
20092, 11
20093, 3
20094, 5
20095, 14
20096, 14
20097, 7
20098, 12
20099, 11
20100, 9
20101, 3
20102, 7
20103, 8
20104, 13
20105, 4
20106, 10
20107, 6
20108, 11
20109, 16
20110, 4
20111, 3
20112, 6
20113, 16
20114, 5
20115, 9
20116, 18
20118, 6
20119, 19
20120, 2
20121, 9
20123, 8
20124, 4
20125, 5
20126, 2
20127, 8
20128, 1
20129, 6
20130, 14
20131, 3
20132, 4
20133, 8
20134, 5
20135, 3
20136, 4
20137, 1
20138, 8
20139, 12
20141, 4
20143, 3
20146, 2
20147, 1
20148, 2
20150, 1
20151, 5
20152, 3
20154, 3
20157, 3
20162, 2
20163, 2
20164, 2
20165, 3
20168, 2
20178, 1
20180, 3
20184, 2
20185, 3
20263, 2
20264, 1
20266, 1
20268, 2
20269, 1
20270, 1
20271, 1
20274, 2
20275, 4
20276, 1
20277, 2
20278, 2
20279, 2
20280, 6
20281, 2
20283, 3
20284, 1
20285, 1
20286, 1
20287, 4
20288, 5
20290, 6
20291, 5
20292, 5
20293, 6
20294, 4
20295, 3
20296, 11
20297, 8
20298, 2
20300, 14
20301, 6
20303, 4
20304, 8
20305, 2
20316, 2
20318, 2
20319, 2
20321, 2
20323, 4
20324, 4
20325, 5
20326, 5
20327, 3
20330, 3
20331, 15
20333, 3
20334, 5
20337, 2
20339, 3
20340, 3
20341, 9
20342, 2
20343, 10
20344, 11
20345, 10
20347, 2
20348, 5
20349, 4
20350, 6
20351, 4
20352, 5
20353, 4
20354, 3
20355, 1
20356, 7
20357, 7
20358, 4
20359, 2
20360, 6
20361, 2
20362, 2
20363, 8
20364, 6
20367, 7
20368, 3
20370, 6
20371, 7
20372, 3
20373, 10
20375, 9
20377, 2
20378, 3
20379, 4
20380, 6
20381, 4
20382, 2
20383, 2
20385, 8
20386, 4
20393, 4
20397, 4
20413, 1
20414, 1
20416, 2
20417, 3
20418, 4
20419, 1
20421, 1
20422, 3
20423, 1
20424, 4
20425, 5
20426, 3
20427, 3
20428, 3
20429, 2
20430, 7
20432, 5
20433, 4
20434, 1
20435, 9
20436, 3
20437, 5
20438, 7
20439, 4
20440, 7
20441, 2
20442, 9
20443, 8
20444, 5
20445, 6
20446, 8
20447, 3
20448, 4
20449, 5
20450, 6
20451, 1
20452, 5
20453, 5
20454, 8
20455, 6
20456, 8
20457, 1
20459, 4
20460, 4
20461, 1
20462, 3
20463, 4
20464, 5
20465, 3
20466, 10
20467, 5
20468, 5
20470, 6
20471, 5
20473, 3
20474, 5
20475, 8
20476, 5
20477, 1
20478, 9
20479, 14
20480, 3
20481, 6
20482, 4
20484, 11
20485, 10
20486, 2
20487, 5
20488, 1
20490, 3
20491, 3
20492, 2
20494, 3
20497, 3
20499, 1
20500, 5
20501, 3
20503, 4
20505, 2
20506, 3
20508, 5
20509, 4
20510, 3
20512, 2
20513, 3
20514, 2
20517, 2
20522, 3
20527, 1
20534, 1
20535, 3
20537, 1
20538, 3
20539, 4
20553, 2
20554, 1
20561, 2
20727, 1
20728, 2
20730, 2
20731, 2
20734, 2
20735, 6
20736, 5
20737, 1
20739, 3
20740, 1
20741, 4
20742, 6
20744, 6
20745, 2
20746, 13
20747, 4
20748, 6
20749, 6
20750, 6
20751, 12
20752, 12
20753, 12
20754, 4
20755, 5
20756, 5
20757, 11
20758, 11
20759, 9
20760, 10
20761, 12
20762, 10
20763, 9
20764, 13
20765, 4
20766, 4
20767, 1
20793, 4
20794, 6
20796, 1
20797, 1
20799, 1
20800, 4
20801, 8
20802, 5
20803, 4
20804, 5
20805, 5
20806, 12
20807, 9
20808, 4
20809, 6
20810, 9
20811, 6
20812, 11
20813, 9
20814, 10
20815, 8
20816, 5
20817, 17
20818, 17
20819, 11
20820, 8
20821, 12
20822, 18
20823, 8
20824, 19
20825, 16
20826, 12
20827, 17
20828, 20
20829, 13
20830, 20
20831, 11
20832, 5
20833, 10
20834, 13
20835, 8
20836, 11
20837, 10
20838, 16
20839, 5
20840, 9
20841, 7
20842, 17
20843, 9
20844, 5
20845, 13
20846, 13
20847, 9
20848, 17
20849, 5
20850, 12
20851, 1
20852, 2
20853, 2
20854, 6
20855, 3
20856, 4
20857, 3
20858, 1
20859, 5
20860, 3
20861, 3
20863, 2
20864, 2
20932, 2
20933, 1
20934, 1
20936, 3
20937, 1
20938, 2
20939, 1
20942, 6
20945, 2
20946, 3
20947, 5
20948, 3
20949, 2
20950, 7
20951, 3
20952, 4
20953, 4
20954, 7
20955, 7
20956, 5
20957, 3
20958, 11
20959, 7
20960, 12
20961, 4
20962, 7
20963, 24
20964, 6
20965, 2
20966, 18
20967, 5
20968, 21
20969, 9
20970, 6
20971, 15
20972, 11
20973, 7
20974, 4
20975, 8
20977, 1
20978, 5
20979, 3
20980, 2
20981, 3
20982, 3
20983, 3
20986, 6
20987, 2
20988, 2
20989, 1
20990, 4
20991, 5
20992, 3
20998, 2
21003, 3
21007, 1
21011, 1
21012, 2
21013, 1
21015, 2
21016, 5
21018, 2
21019, 4
21021, 3
21022, 4
21023, 5
21024, 1
21025, 1
21026, 2
21027, 4
21028, 1
21029, 4
21030, 1
21031, 6
21032, 1
21033, 3
21034, 2
21035, 2
21037, 3
21038, 1
21039, 3
21041, 2
21042, 2
21044, 3
21047, 4
21048, 1
21050, 4
21052, 1
21053, 1
21054, 2
21055, 1
21056, 2
21059, 1
21061, 1
21062, 1
21063, 3
21064, 1
21074, 2
21088, 1
21089, 1
21090, 2
21091, 1
21092, 1
21093, 1
21096, 1
21097, 1
21098, 2
21099, 1
21101, 2
21103, 6
21104, 1
21105, 6
21106, 5
21108, 7
21109, 1
21110, 2
21111, 5
21112, 4
21113, 4
21114, 8
21115, 8
21117, 4
21118, 5
21119, 5
21120, 6
21121, 16
21122, 8
21123, 1
21124, 7
21125, 2
21126, 5
21127, 14
21128, 7
21129, 5
21130, 2
21132, 6
21133, 2
21134, 2
21135, 1
21136, 3
21138, 6
21139, 3
21140, 2
21141, 3
21142, 6
21143, 6
21144, 2
21147, 7
21148, 8
21149, 8
21150, 3
21151, 1
21152, 8
21153, 5
21154, 2
21155, 9
21156, 2
21157, 7
21158, 4
21159, 5
21160, 7
21161, 2
21162, 5
21163, 3
21165, 6
21166, 6
21167, 4
21168, 6
21169, 4
21170, 5
21171, 3
21173, 2
21174, 3
21177, 3
21179, 7
21181, 2
21182, 2
21183, 2
21184, 11
21185, 3
21186, 1
21187, 1
21188, 1
21189, 1
21191, 5
21192, 3
21193, 3
21194, 1
21196, 3
21197, 2
21199, 1
21200, 1
21201, 1
21205, 2
21206, 1
21208, 2
21209, 2
21210, 4
21214, 4
21216, 2
21220, 5
21221, 2
21321, 1
21322, 2
21323, 1
21325, 1
21327, 1
21329, 2
21330, 4
21331, 2
21332, 4
21334, 1
21335, 3
21336, 3
21338, 1
21339, 3
21340, 3
21341, 5
21342, 8
21343, 4
21344, 4
21345, 5
21346, 5
21347, 8
21348, 7
21349, 9
21350, 5
21351, 8
21352, 5
21353, 9
21354, 1
21355, 10
21356, 8
21357, 11
21358, 9
21359, 16
21360, 9
21361, 3
21362, 6
21365, 1
21374, 2
21386, 3
21388, 2
21389, 2
21390, 2
21391, 2
21392, 3
21393, 3
21395, 1
21397, 1
21398, 3
21399, 3
21400, 6
21401, 4
21402, 2
21404, 4
21405, 2
21407, 3
21409, 4
21410, 6
21411, 3
21412, 5
21413, 3
21415, 4
21416, 10
21417, 8
21418, 1
21419, 6
21422, 8
21423, 2
21424, 6
21425, 2
21426, 11
21427, 9
21428, 6
21429, 3
21430, 2
21431, 7
21432, 2
21434, 7
21436, 4
21437, 2
21439, 5
21440, 4
21441, 2
21442, 3
21444, 2
21445, 3
21446, 2
21447, 4
21448, 2
21449, 1
21450, 2
21452, 2
21457, 2
21458, 2
21459, 4
21460, 2
21461, 1
21462, 4
21464, 1
21466, 1
21467, 2
21468, 2
21471, 2
21472, 3
21475, 1
21477, 2
21479, 3
21482, 1
21483, 1
21484, 2
21485, 2
21486, 1
21487, 4
21490, 5
21491, 3
21492, 4
21494, 7
21495, 13
21496, 2
21497, 7
21498, 12
21499, 2
21500, 4
21501, 4
21502, 2
21503, 7
21504, 6
21505, 6
21508, 3
21509, 5
21510, 4
21511, 3
21512, 1
21514, 7
21515, 2
21517, 3
21518, 7
21519, 4
21520, 4
21521, 10
21522, 4
21523, 5
21524, 3
21525, 5
21526, 3
21527, 1
21528, 4
21529, 5
21530, 3
21531, 3
21532, 9
21533, 9
21534, 10
21535, 2
21537, 3
21538, 4
21539, 2
21540, 2
21542, 12
21543, 5
21544, 5
21545, 5
21547, 1
21548, 1
21549, 10
21550, 2
21551, 5
21555, 11
21556, 11
21557, 9
21558, 6
21561, 9
21562, 20
21563, 4
21564, 3
21565, 17
21566, 5
21568, 2
21569, 2
21570, 3
21571, 3
21572, 5
21573, 4
21574, 6
21575, 13
21576, 2
21577, 9
21578, 11
21579, 8
21580, 4
21581, 11
21582, 2
21583, 2
21584, 12
21585, 8
21586, 5
21587, 14
21588, 14
21589, 9
21590, 1
21591, 8
21592, 10
21593, 16
21594, 10
21595, 8
21596, 11
21597, 6
21598, 17
21599, 6
21600, 9
21601, 4
21602, 1
21603, 2
21605, 4
21606, 1
21608, 7
21610, 3
21611, 3
21612, 5
21614, 6
21615, 5
21616, 2
21618, 5
21619, 3
21621, 3
21622, 3
21623, 4
21624, 9
21625, 4
21626, 2
21627, 9
21628, 4
21629, 10
21630, 6
21632, 2
21633, 7
21634, 4
21635, 4
21636, 15
21637, 5
21639, 14
21640, 6
21641, 3
21642, 14
21643, 8
21644, 17
21645, 3
21646, 3
21647, 13
21648, 12
21649, 4
21650, 14
21651, 6
21652, 2
21653, 16
21654, 5
21655, 7
21656, 6
21657, 16
21658, 15
21659, 13
21660, 4
21661, 4
21662, 11
21663, 7
21664, 16
21665, 5
21666, 17
21667, 9
21668, 6
21669, 4
21670, 3
21672, 3
21673, 16
21674, 14
21675, 3
21676, 15
21677, 3
21678, 4
21679, 1
21680, 2
21681, 8
21684, 3
21685, 6
21686, 3
21688, 4
21689, 8
21690, 1
21692, 6
21693, 2
21694, 4
21696, 3
21697, 3
21698, 3
21701, 4
21705, 3
21707, 3
21717, 3
21720, 3
21765, 1
21768, 2
21769, 1
21770, 2
21772, 3
21773, 2
21774, 1
21775, 4
21776, 2
21777, 3
21778, 1
21779, 2
21780, 2
21781, 5
21782, 2
21784, 1
21785, 5
21786, 3
21787, 3
21788, 5
21789, 3
21790, 4
21791, 5
21792, 5
21793, 8
21794, 7
21795, 9
21796, 3
21797, 8
21798, 9
21799, 9
21800, 8
21801, 11
21802, 5
21803, 10
21804, 8
21805, 3
21806, 8
21807, 7
21808, 2
21812, 7
21813, 3
21819, 6
21820, 2
21823, 2
21824, 5
21825, 1
21826, 4
21827, 2
21831, 2
21832, 2
21835, 5
21836, 4
21840, 3
21841, 1
21842, 3
21843, 4
21845, 1
21847, 2
21849, 3
21850, 2
21851, 2
21852, 4
21853, 3
21855, 3
21856, 8
21857, 4
21858, 5
21859, 5
21860, 3
21861, 2
21862, 2
21863, 2
21864, 2
21865, 4
21866, 3
21867, 5
21868, 5
21869, 5
21870, 3
21871, 2
21873, 6
21874, 4
21876, 7
21877, 1
21878, 1
21879, 4
21881, 1
21882, 2
21883, 3
21884, 3
21885, 6
21886, 1
21887, 1
21891, 2
21892, 3
21893, 2
21895, 4
21896, 1
21898, 2
21899, 1
21900, 1
21901, 2
21905, 2
21915, 2
21916, 1
21917, 2
21918, 1
21919, 3
21920, 2
21921, 1
21922, 4
21923, 5
21924, 2
21925, 3
21927, 1
21928, 3
21929, 3
21930, 2
21931, 1
21932, 1
21934, 4
21936, 2
21937, 4
21938, 6
21939, 4
21940, 7
21941, 5
21942, 2
21944, 9
21945, 13
21946, 7
21947, 10
21948, 4
21949, 6
21950, 13
21951, 14
21952, 6
21953, 20
21954, 7
21955, 3
21956, 4
21957, 6
21958, 8
21959, 3
21962, 2
21965, 1
21966, 5
21967, 4
21969, 3
21970, 3
21971, 8
21973, 4
21974, 2
21975, 2
21980, 2
21981, 2
21982, 4
21983, 6
21984, 1
21986, 1
21987, 8
21990, 4
21991, 5
21992, 1
21993, 3
21994, 3
21995, 2
21996, 1
21997, 5
21999, 4
22000, 4
22001, 5
22002, 1
22006, 2
22008, 4
22009, 2
22012, 4
22013, 2
22014, 2
22015, 6
22017, 3
22019, 1
22020, 1
22021, 3
22023, 1
22025, 2
22029, 4
22044, 3
22048, 1
22072, 1
22073, 3
22074, 1
22075, 1
22076, 1
22077, 3
22079, 1
22080, 1
22081, 1
22082, 1
22083, 5
22084, 3
22085, 2
22086, 3
22087, 2
22088, 1
22089, 1
22090, 2
22091, 3
22092, 13
22093, 4
22094, 1
22095, 5
22096, 5
22097, 5
22098, 3
22099, 10
22100, 10
22101, 9
22102, 6
22103, 8
22104, 3
22105, 10
22106, 11
22107, 8
22108, 9
22109, 14
22110, 15
22111, 14
22112, 11
22113, 13
22114, 9
22115, 1
22116, 1
22117, 3
22118, 3
22119, 2
22120, 4
22121, 7
22122, 5
22123, 5
22124, 4
22125, 4
22127, 4
22128, 4
22129, 2
22131, 1
22134, 4
22136, 7
22137, 1
22139, 1
22140, 2
22141, 2
22144, 4
22145, 1
22147, 4
22149, 2
22150, 1
22152, 1
22153, 1
22154, 2
22155, 2
22156, 4
22157, 4
22158, 3
22159, 2
22161, 2
22162, 3
22163, 2
22164, 5
22165, 1
22168, 1
22170, 1
22171, 2
22172, 2
22175, 3
22177, 1
22178, 2
22182, 1
22183, 2
22184, 2
22185, 2
22186, 3
22189, 2
22191, 2
22193, 1
22195, 1
22204, 1
22205, 1
22210, 2
22211, 1
22212, 5
22213, 1
22214, 1
22215, 1
22217, 4
22218, 4
22219, 3
22220, 2
22221, 1
22222, 1
22223, 4
22224, 2
22225, 4
22226, 3
22227, 2
22228, 3
22229, 3
22230, 5
22231, 3
22233, 3
22234, 2
22235, 6
22236, 6
22237, 14
22238, 10
22239, 12
22240, 7
22241, 13
22242, 9
22243, 5
22244, 13
22247, 2
22248, 6
22249, 4
22250, 16
22251, 5
22254, 3
22255, 3
22256, 7
22257, 8
22258, 8
22259, 6
22260, 4
22261, 7
22262, 6
22263, 11
22264, 9
22265, 3
22266, 8
22267, 10
22268, 6
22269, 7
22270, 9
22271, 11
22272, 6
22273, 5
22274, 8
22275, 10
22276, 6
22277, 6
22278, 15
22279, 12
22280, 9
22281, 10
22282, 12
22283, 9
22284, 6
22285, 10
22286, 13
22287, 7
22288, 15
22289, 7
22290, 7
22291, 15
22293, 11
22294, 5
22296, 7
22297, 13
22298, 16
22299, 5
22300, 11
22301, 16
22302, 5
22303, 6
22304, 10
22305, 1
22306, 5
22307, 8
22308, 2
22310, 7
22311, 8
22312, 12
22313, 8
22314, 1
22315, 11
22316, 3
22317, 3
22318, 7
22320, 3
22322, 8
22323, 8
22324, 2
22325, 3
22326, 6
22327, 3
22328, 3
22329, 11
22331, 5
22333, 2
22338, 2
22339, 7
22340, 7
22345, 3
22346, 2
22347, 2
22354, 2
22355, 2
22356, 2
22358, 1
22359, 1
22360, 4
22361, 3
22362, 1
22363, 5
22364, 5
22365, 8
22366, 5
22367, 4
22368, 4
22369, 5
22370, 1
22371, 1
22372, 3
22373, 3
22374, 9
22375, 2
22376, 9
22377, 11
22378, 4
22379, 5
22380, 2
22381, 9
22382, 7
22383, 6
22384, 5
22385, 7
22386, 7
22387, 7
22388, 6
22389, 6
22390, 8
22391, 26
22392, 4
22393, 15
22394, 12
22395, 9
22396, 2
22397, 3
22398, 5
22400, 6
22401, 3
22402, 7
22403, 7
22404, 9
22405, 11
22406, 3
22407, 3
22411, 2
22412, 6
22415, 8
22416, 3
22417, 1
22418, 1
22419, 5
22420, 4
22421, 1
22423, 4
22424, 2
22425, 4
22426, 6
22428, 3
22431, 1
22432, 1
22434, 5
22435, 1
22438, 2
22439, 3
22441, 5
22442, 3
22447, 2
22448, 1
22449, 3
22453, 3
22455, 2
22456, 2
22458, 1
22459, 1
22460, 1
22463, 2
22464, 3
22466, 2
22470, 2
22475, 1
22476, 2
22477, 1
22479, 2
22480, 1
22481, 2
22482, 6
22483, 2
22484, 4
22485, 3
22486, 3
22487, 1
22488, 2
22489, 2
22491, 5
22492, 5
22493, 3
22494, 7
22495, 5
22496, 2
22497, 5
22498, 9
22499, 8
22500, 7
22501, 9
22502, 4
22503, 6
22504, 8
22505, 13
22506, 7
22507, 6
22508, 8
22509, 22
22510, 8
22511, 14
22512, 9
22513, 10
22514, 9
22515, 10
22516, 8
22517, 3
22518, 3
22522, 7
22523, 2
22524, 4
22525, 3
22526, 1
22527, 3
22528, 7
22529, 4
22531, 2
22538, 1
22540, 2
22543, 3
22544, 3
22545, 3
22546, 3
22547, 1
22548, 3
22549, 1
22550, 1
22552, 1
22553, 4
22554, 2
22555, 2
22558, 1
22559, 2
22560, 5
22561, 1
22563, 2
22564, 2
22567, 7
22568, 2
22569, 2
22570, 1
22571, 2
22572, 4
22573, 3
22575, 4
22576, 2
22577, 3
22578, 2
22579, 6
22580, 6
22581, 1
22582, 6
22584, 2
22586, 1
22590, 1
22591, 2
22593, 1
22594, 4
22595, 2
22596, 1
22598, 2
22599, 6
22600, 1
22619, 1
22649, 2
22653, 2
22655, 4
22656, 3
22657, 2
22659, 2
22660, 1
22661, 2
22662, 3
22663, 3
22664, 1
22665, 3
22666, 1
22667, 7
22668, 6
22669, 3
22670, 5
22671, 9
22672, 6
22673, 6
22674, 10
22675, 8
22676, 11
22677, 6
22678, 12
22679, 4
22680, 7
22681, 8
22682, 13
22683, 7
22684, 10
22685, 5
22686, 19
22687, 19
22688, 12
22689, 9
22690, 2
22691, 2
22692, 4
22694, 6
22695, 2
22696, 4
22697, 6
22698, 4
22699, 5
22700, 5
22701, 4
22702, 4
22703, 7
22704, 2
22706, 4
22707, 1
22708, 7
22710, 4
22711, 2
22713, 3
22716, 2
22718, 8
22719, 2
22720, 2
22722, 3
22724, 3
22725, 6
22726, 2
22727, 2
22728, 2
22731, 3
22733, 2
22734, 1
22735, 1
22736, 3
22738, 2
22739, 2
22740, 3
22743, 3
22745, 2
22747, 2
22748, 3
22749, 1
22750, 1
22753, 5
22754, 1
22756, 2
22757, 1
22758, 2
22759, 1
22761, 2
22764, 2
22765, 3
22767, 2
22770, 3
22772, 1
22776, 1
22778, 1
22780, 1
22781, 1
22782, 1
22783, 1
22784, 1
22794, 1
22795, 2
22796, 1
22797, 4
22798, 2
22800, 2
22801, 1
22802, 1
22803, 2
22804, 2
22806, 3
22807, 1
22808, 1
22809, 7
22810, 4
22811, 2
22813, 2
22814, 6
22815, 4
22816, 4
22817, 3
22818, 4
22819, 5
22820, 8
22821, 7
22822, 11
22823, 5
22824, 10
22825, 4
22826, 10
22827, 12
22828, 10
22829, 10
22830, 18
22831, 14
22832, 21
22833, 6
22834, 10
22835, 2
22837, 4
22839, 4
22840, 2
22841, 6
22842, 3
22843, 4
22844, 2
22845, 5
22846, 2
22847, 4
22848, 4
22852, 4
22853, 4
22854, 5
22855, 2
22856, 1
22857, 5
22858, 2
22859, 3
22860, 2
22861, 3
22863, 6
22864, 2
22865, 3
22867, 1
22868, 2
22869, 4
22870, 1
22871, 4
22872, 6
22874, 2
22875, 7
22876, 3
22877, 8
22878, 1
22880, 2
22881, 1
22882, 3
22883, 3
22885, 4
22887, 4
22888, 1
22889, 4
22890, 6
22891, 2
22892, 4
22893, 1
22894, 4
22896, 2
22898, 4
22900, 1
22901, 2
22904, 1
22905, 3
22907, 2
22908, 1
22909, 1
22910, 2
22911, 2
22913, 2
22919, 2
23030, 2
23031, 1
23032, 1
23033, 2
23034, 2
23035, 2
23036, 4
23037, 5
23038, 3
23039, 4
23040, 2
23041, 1
23042, 1
23043, 9
23044, 3
23045, 6
23046, 5
23047, 5
23048, 3
23049, 5
23050, 5
23051, 3
23052, 6
23053, 7
23054, 17
23055, 11
23056, 13
23057, 9
23058, 6
23059, 9
23060, 12
23061, 11
23062, 5
23063, 12
23064, 8
23065, 10
23066, 10
23067, 2
23068, 6
23071, 2
23078, 1
23079, 2
23085, 2
23087, 2
23093, 2
23094, 3
23100, 2
23102, 1
23103, 3
23104, 2
23105, 2
23106, 1
23109, 2
23112, 4
23113, 3
23114, 3
23115, 3
23117, 7
23118, 5
23119, 3
23121, 2
23122, 4
23123, 2
23124, 6
23125, 4
23126, 3
23127, 2
23128, 4
23129, 4
23130, 9
23131, 3
23132, 8
23133, 7
23134, 4
23135, 3
23137, 6
23139, 3
23140, 2
23141, 1
23142, 6
23143, 1
23144, 3
23145, 2
23146, 11
23147, 2
23148, 2
23149, 2
23151, 2
23152, 3
23153, 1
23154, 3
23155, 2
23156, 1
23158, 3
23160, 3
23162, 4
23163, 1
23165, 1
23166, 1
23179, 2
23530, 3
23531, 1
23533, 1
23535, 2
23536, 3
23537, 1
23538, 3
23539, 4
23540, 1
23541, 3
23542, 5
23543, 6
23544, 3
23545, 6
23546, 9
23547, 1
23548, 4
23549, 4
23550, 7
23551, 7
23552, 1
23553, 7
23554, 5
23555, 6
23556, 8
23557, 7
23558, 10
23559, 11
23560, 12
23561, 11
23562, 7
23563, 7
23564, 6
23565, 6
23566, 2
23567, 9
23568, 6
23569, 5
23570, 2
23600, 1
23606, 2
23608, 1
23609, 4
23610, 4
23611, 2
23612, 1
23613, 3
23614, 6
23615, 1
23617, 1
23618, 2
23619, 3
23620, 4
23621, 3
23623, 3
23624, 4
23625, 7
23626, 5
23627, 2
23628, 5
23629, 1
23630, 4
23631, 1
23632, 11
23633, 3
23634, 6
23635, 4
23636, 6
23637, 10
23638, 2
23639, 8
23640, 7
23641, 2
23642, 8
23643, 2
23645, 3
23646, 2
23647, 3
23648, 1
23649, 4
23650, 4
23651, 4
23654, 3
23656, 2
23661, 1
23662, 2
23663, 3
23669, 1
23671, 2
23709, 3
23710, 1
23713, 1
23715, 2
23718, 6
23719, 1
23720, 2
23721, 1
23722, 3
23724, 2
23725, 2
23726, 1
23727, 5
23728, 3
23729, 7
23730, 3
23731, 6
23732, 4
23733, 4
23734, 1
23735, 2
23736, 1
23737, 2
23738, 5
23739, 14
23740, 13
23741, 9
23742, 14
23743, 11
23744, 18
23745, 6
23746, 15
23747, 9
23748, 15
23749, 9
23750, 10
23752, 8
23753, 7
23754, 2
23755, 4
23756, 3
23757, 4
23758, 8
23759, 9
23760, 3
23761, 2
23762, 3
23763, 4
23764, 5
23765, 1
23766, 5
23767, 2
23768, 8
23769, 2
23770, 2
23771, 2
23772, 6
23773, 4
23774, 6
23776, 1
23779, 1
23781, 2
23782, 3
23783, 2
23785, 3
23786, 2
23787, 6
23788, 2
23790, 4
23794, 2
23795, 5
23796, 1
23797, 1
23800, 3
23801, 1
23802, 4
23803, 1
23805, 3
23807, 5
23812, 1
23814, 1
23819, 2
23820, 1
23823, 2
23825, 1
23826, 2
23827, 1
23830, 3
23838, 1
23872, 1
23875, 1
23876, 1
23878, 4
23879, 1
23880, 3
23881, 1
23882, 3
23883, 5
23884, 1
23885, 4
23886, 1
23887, 2
23888, 4
23889, 5
23890, 4
23891, 2
23892, 3
23893, 3
23894, 4
23895, 14
23896, 4
23897, 9
23898, 5
23899, 10
23900, 16
23901, 8
23902, 8
23903, 13
23904, 4
23905, 2
23906, 6
23907, 13
23908, 3
23909, 21
23910, 10
23911, 2
23912, 2
23913, 4
23914, 4
23915, 3
23916, 9
23917, 3
23918, 6
23919, 2
23920, 5
23921, 9
23922, 4
23923, 7
23924, 5
23925, 2
23927, 5
23931, 4
23932, 3
23933, 2
23934, 6
23937, 5
23938, 1
23939, 2
23940, 4
23941, 4
23942, 2
23945, 3
23946, 7
23947, 1
23948, 3
23949, 4
23950, 4
23951, 6
23953, 2
23954, 4
23955, 1
23956, 2
23957, 3
23958, 1
23959, 2
23962, 8
23963, 1
23964, 2
23965, 7
23966, 2
23967, 3
23968, 4
23969, 2
23971, 1
23972, 5
23974, 4
23975, 8
23976, 2
23980, 1
23981, 3
23987, 1
23988, 1
23989, 2
23994, 2
23998, 3
24002, 3
24003, 1
24286, 1
24287, 1
24288, 3
24289, 1
24291, 2
24292, 3
24294, 3
24296, 1
24297, 2
24298, 2
24299, 2
24300, 1
24301, 5
24302, 1
24303, 4
24304, 3
24305, 8
24306, 6
24307, 3
24308, 9
24309, 10
24310, 5
24311, 14
24312, 6
24313, 7
24314, 10
24315, 9
24316, 8
24317, 8
24318, 9
24319, 9
24320, 14
24321, 16
24322, 7
24323, 4
24324, 1
24351, 3
24353, 1
24355, 3
24356, 1
24358, 3
24359, 2
24361, 4
24363, 2
24364, 2
24365, 3
24366, 3
24368, 1
24369, 1
24371, 2
24372, 3
24373, 2
24374, 2
24375, 6
24376, 3
24377, 7
24379, 4
24380, 10
24381, 3
24382, 8
24383, 6
24384, 8
24385, 12
24386, 7
24387, 5
24389, 9
24390, 5
24391, 4
24392, 4
24393, 3
24394, 4
24395, 7
24396, 4
24397, 3
24398, 4
24399, 5
24400, 4
24401, 2
24402, 1
24405, 3
24406, 2
24407, 2
24408, 6
24409, 4
24410, 4
24411, 1
24412, 2
24414, 1
24415, 6
24416, 2
24417, 5
24418, 3
24419, 1
24420, 6
24421, 1
24422, 2
24424, 2
24425, 1
24427, 3
24428, 12
24429, 3
24430, 3
24431, 1
24432, 3
24433, 1
24434, 3
24435, 8
24436, 2
24437, 2
24438, 4
24440, 4
24441, 5
24442, 5
24443, 5
24444, 3
24445, 10
24446, 3
24447, 5
24448, 3
24449, 8
24452, 3
24457, 1
24459, 2
24460, 1
24461, 6
24464, 3
24465, 5
24466, 4
24467, 13
24468, 6
24469, 4
24470, 5
24471, 1
24472, 20
24473, 3
24475, 5
24476, 3
24477, 14
24479, 16
24480, 9
24481, 10
24482, 4
24483, 1
24484, 14
24485, 9
24486, 4
24487, 11
24488, 2
24489, 17
24490, 9
24491, 13
24492, 11
24493, 9
24494, 21
24495, 10
24497, 20
24498, 2
24499, 8
24500, 14
24501, 22
24502, 7
24503, 6
24504, 12
24505, 8
24506, 24
24507, 4
24508, 15
24509, 22
24510, 16
24511, 2
24512, 15
24513, 17
24514, 16
24515, 4
24516, 7
24517, 4
24518, 8
24519, 17
24520, 15
24521, 7
24522, 5
24523, 13
24524, 3
24525, 2
24526, 6
24527, 13
24528, 2
24529, 3
24530, 9
24531, 4
24534, 1
24535, 4
24536, 2
24537, 2
24538, 6
24539, 3
24541, 13
24542, 1
24545, 3
24546, 7
24547, 1
24550, 2
24570, 2
24707, 1
24708, 1
24710, 4
24711, 3
24712, 1
24713, 1
24714, 3
24715, 2
24716, 1
24717, 1
24718, 2
24719, 4
24720, 6
24721, 2
24722, 3
24723, 1
24724, 8
24725, 4
24726, 5
24727, 7
24728, 5
24729, 5
24730, 1
24731, 11
24732, 11
24733, 6
24734, 3
24735, 2
24736, 8
24737, 6
24738, 12
24739, 11
24740, 10
24741, 5
24742, 16
24743, 19
24744, 18
24745, 16
24746, 7
24747, 6
24767, 2
24768, 1
24774, 2
24775, 2
24776, 1
24779, 1
24781, 2
24782, 4
24783, 2
24784, 3
24785, 2
24786, 4
24787, 7
24788, 2
24789, 2
24790, 2
24791, 2
24792, 1
24793, 3
24794, 4
24795, 3
24796, 2
24797, 4
24799, 2
24800, 2
24801, 2
24802, 7
24803, 2
24804, 2
24805, 1
24806, 4
24807, 6
24808, 4
24809, 1
24810, 3
24811, 6
24813, 5
24814, 6
24815, 1
24816, 2
24817, 1
24818, 2
24819, 6
24820, 3
24821, 1
24822, 4
24823, 6
24824, 2
24825, 2
24826, 3
24827, 3
24828, 3
24829, 1
24830, 1
24831, 3
24832, 1
24833, 3
24835, 1
24836, 3
24837, 1
24838, 1
24839, 1
24840, 1
24842, 4
24845, 1
24898, 1
24902, 2
24903, 3
24904, 2
24905, 1
24908, 3
24909, 1
24910, 2
24912, 1
24913, 2
24914, 1
24915, 4
24916, 3
24917, 2
24918, 6
24919, 5
24920, 1
24921, 2
24922, 8
24923, 4
24924, 6
24925, 11
24926, 13
24927, 5
24928, 10
24929, 7
24930, 10
24931, 4
24932, 16
24933, 16
24934, 15
24935, 6
24936, 10
24937, 8
24938, 13
24939, 9
24941, 4
24942, 5
24943, 11
24944, 1
24945, 2
24946, 9
24947, 8
24948, 3
24949, 2
24950, 10
24951, 5
24953, 4
24954, 10
24955, 6
24956, 10
24957, 8
24958, 3
24959, 1
24960, 7
24961, 6
24962, 4
24963, 5
24966, 6
24967, 2
24968, 5
24969, 5
24970, 1
24971, 6
24973, 4
24974, 13
24975, 1
24976, 6
24977, 5
24978, 1
24979, 5
24980, 7
24981, 1
24982, 3
24983, 4
24984, 3
24985, 1
24986, 7
24987, 7
24988, 14
24989, 4
24990, 7
24991, 3
24992, 4
24993, 10
24994, 6
24995, 13
24996, 12
24997, 3
24998, 8
24999, 5
25000, 12
25001, 29
25002, 17
25003, 10
25004, 11
25005, 15
25006, 6
25007, 6
25008, 19
25009, 8
25010, 19
25011, 19
25012, 9
25013, 19
25014, 19
25015, 8
25016, 16
25017, 28
25018, 24
25019, 16
25020, 23
25021, 23
25022, 16
25023, 13
25024, 19
25025, 39
25026, 12
25027, 24
25028, 16
25029, 24
25030, 28
25031, 14
25032, 12
25033, 35
25034, 11
25035, 25
25036, 20
25037, 14
25038, 3
25039, 20
25040, 19
25041, 5
25042, 11
25043, 10
25044, 15
25046, 7
25047, 13
25048, 7
25049, 14
25050, 10
25051, 8
25052, 14
25053, 20
25054, 8
25055, 2
25056, 4
25057, 6
25058, 8
25059, 3
25060, 2
25061, 3
25062, 6
25063, 4
25064, 7
25065, 7
25066, 9
25067, 3
25068, 10
25069, 15
25070, 6
25071, 1
25072, 8
25073, 7
25074, 14
25075, 12
25076, 14
25077, 10
25078, 3
25079, 7
25080, 14
25081, 16
25082, 7
25083, 8
25084, 8
25085, 1
25086, 15
25087, 8
25088, 4
25089, 5
25090, 8
25091, 18
25092, 8
25093, 12
25094, 11
25095, 4
25096, 6
25097, 4
25098, 13
25099, 2
25100, 8
25101, 5
25102, 13
25103, 4
25104, 9
25105, 4
25106, 4
25107, 7
25109, 14
25110, 15
25111, 8
25113, 4
25114, 4
25115, 10
25116, 10
25117, 7
25119, 10
25120, 9
25121, 4
25124, 3
25126, 3
25127, 2
25129, 3
25132, 3
25134, 2
25136, 7
25137, 2
25139, 3
25140, 1
25143, 3
25144, 3
25145, 3
25146, 9
25148, 3
25149, 1
25150, 1
25158, 5
25160, 1
25161, 2
25164, 3
25189, 3
25238, 2
25239, 1
25240, 3
25242, 1
25243, 1
25245, 3
25247, 2
25248, 1
25249, 1
25250, 1
25251, 1
25252, 1
25253, 1
25254, 4
25255, 3
25256, 4
25257, 6
25258, 2
25259, 2
25260, 1
25261, 4
25262, 4
25263, 3
25264, 6
25265, 4
25266, 3
25267, 8
25268, 13
25269, 9
25270, 10
25271, 5
25272, 12
25273, 15
25274, 9
25275, 10
25276, 13
25277, 9
25278, 16
25279, 11
25280, 5
25281, 6
25282, 4
25283, 6
25284, 4
25286, 5
25287, 5
25288, 7
25289, 4
25290, 4
25291, 7
25292, 1
25293, 5
25294, 3
25295, 2
25296, 8
25297, 3
25298, 15
25300, 5
25301, 10
25302, 16
25303, 24
25304, 12
25305, 5
25306, 15
25307, 3
25308, 6
25309, 3
25310, 6
25311, 9
25312, 5
25313, 8
25314, 21
25315, 11
25316, 6
25317, 18
25318, 9
25319, 6
25321, 7
25322, 7
25323, 2
25324, 4
25325, 14
25326, 3
25327, 14
25328, 12
25330, 4
25332, 12
25333, 3
25334, 3
25335, 16
25336, 12
25337, 18
25338, 17
25339, 1
25340, 7
25341, 14
25342, 9
25343, 26
25344, 4
25345, 3
25346, 10
25347, 6
25348, 11
25349, 8
25350, 8
25351, 13
25352, 9
25353, 13
25354, 10
25355, 16
25356, 7
25357, 7
25358, 8
25359, 11
25360, 7
25361, 5
25362, 6
25363, 13
25364, 9
25365, 10
25366, 7
25367, 13
25368, 8
25369, 14
25370, 24
25371, 2
25372, 10
25373, 10
25374, 8
25375, 20
25376, 6
25377, 5
25378, 7
25379, 1
25380, 6
25381, 5
25382, 4
25384, 2
25385, 9
25386, 15
25387, 3
25388, 5
25389, 3
25390, 4
25391, 8
25392, 2
25393, 4
25394, 6
25395, 4
25397, 4
25398, 2
25399, 10
25401, 1
25403, 3
25405, 2
25408, 6
25409, 2
25412, 3
25414, 3
25417, 2
25419, 3
25420, 1
25421, 3
25424, 2
25425, 3
25426, 5
25437, 2
25438, 1
25442, 1
25445, 4
25449, 1
25451, 1
25452, 4
25454, 1
25456, 4
25459, 2
25460, 1
25461, 4
25463, 2
25464, 9
25465, 4
25466, 2
25468, 3
25469, 3
25470, 2
25471, 5
25472, 9
25473, 3
25474, 11
25475, 6
25476, 5
25477, 3
25478, 3
25479, 11
25480, 3
25481, 4
25482, 5
25483, 11
25484, 2
25485, 5
25486, 5
25487, 4
25489, 8
25490, 5
25491, 9
25492, 5
25493, 7
25494, 3
25495, 3
25496, 4
25497, 1
25498, 1
25499, 13
25500, 7
25501, 1
25502, 5
25503, 11
25504, 15
25505, 3
25506, 7
25507, 9
25508, 8
25511, 4
25512, 6
25513, 8
25514, 14
25515, 13
25516, 4
25517, 11
25518, 14
25519, 4
25520, 11
25521, 25
25522, 4
25523, 14
25525, 3
25526, 4
25527, 10
25528, 4
25529, 3
25530, 7
25532, 15
25533, 3
25534, 6
25535, 7
25536, 3
25539, 4
25540, 12
25541, 11
25542, 7
25543, 6
25544, 1
25545, 14
25546, 10
25547, 8
25548, 14
25549, 12
25550, 5
25551, 4
25552, 4
25553, 18
25554, 22
25555, 3
25556, 15
25557, 2
25558, 3
25559, 8
25560, 12
25561, 12
25562, 8
25563, 4
25564, 6
25565, 11
25566, 1
25567, 6
25568, 7
25569, 10
25570, 5
25571, 11
25572, 5
25573, 13
25574, 9
25575, 8
25576, 13
25577, 11
25578, 6
25579, 4
25580, 5
25581, 4
25582, 3
25583, 13
25584, 6
25585, 1
25587, 8
25588, 9
25589, 4
25590, 5
25591, 3
25592, 3
25594, 9
25595, 3
25596, 4
25597, 5
25601, 3
25602, 3
25604, 2
25605, 8
25606, 1
25608, 6
25610, 4
25611, 5
25612, 6
25615, 1
25616, 3
25617, 3
25618, 6
25620, 4
25621, 11
25623, 1
25625, 9
25626, 3
25628, 6
25629, 5
25630, 1
25632, 6
25633, 2
25634, 5
25635, 4
25636, 3
25637, 4
25638, 2
25639, 3
25640, 6
25641, 1
25642, 2
25644, 4
25645, 6
25646, 3
25647, 2
25649, 5
25650, 3
25651, 3
25654, 4
25656, 4
25657, 1
25658, 1
25661, 1
25664, 2
25665, 5
25668, 2
25670, 4
25671, 1
25672, 2
25674, 2
25675, 2
25679, 3
25681, 2
25683, 1
25697, 2
25698, 2
25699, 4
25701, 1
25702, 3
25703, 2
25704, 3
25705, 6
25706, 2
25707, 1
25708, 7
25709, 2
25710, 5
25711, 2
25712, 5
25713, 3
25714, 1
25715, 4
25716, 6
25717, 10
25718, 2
25719, 2
25720, 7
25722, 5
25723, 4
25724, 4
25725, 12
25726, 5
25727, 10
25728, 6
25729, 9
25730, 10
25731, 3
25732, 3
25733, 3
25735, 4
25736, 11
25737, 2
25738, 3
25739, 3
25740, 2
25741, 3
25742, 5
25743, 4
25745, 6
25747, 2
25749, 2
25751, 2
25752, 5
25754, 6
25756, 4
25757, 2
25759, 2
25760, 3
25761, 3
25762, 8
25763, 5
25764, 5
25766, 4
25767, 4
25768, 2
25770, 3
25771, 1
25772, 7
25773, 1
25776, 3
25777, 2
25778, 2
25779, 3
25780, 4
25781, 3
25782, 3
25783, 2
25784, 2
25785, 4
25786, 4
25789, 6
25790, 5
25791, 5
25792, 4
25793, 5
25794, 5
25795, 4
25796, 2
25797, 3
25798, 2
25799, 2
25800, 3
25801, 1
25803, 5
25804, 6
25805, 2
25806, 3
25807, 2
25808, 5
25809, 1
25810, 1
25811, 3
25812, 1
25814, 2
25815, 1
25817, 3
25818, 2
25819, 3
25823, 2
25824, 1
25825, 2
25826, 1
25829, 3
25837, 3
25859, 1
25862, 3
25863, 1
25865, 2
25866, 3
25867, 8
25869, 5
25870, 4
25871, 1
25872, 3
25873, 1
25874, 1
25875, 3
25876, 1
25877, 2
25878, 6
25879, 8
25880, 3
25881, 3
25882, 4
25883, 7
25884, 5
25885, 2
25886, 3
25887, 3
25888, 1
25889, 5
25890, 9
25891, 6
25892, 5
25893, 11
25894, 6
25895, 10
25896, 11
25897, 5
25898, 14
25899, 5
25900, 11
25901, 4
25902, 1
25903, 7
25904, 8
25905, 2
25907, 1
25908, 4
25909, 4
25910, 8
25911, 5
25912, 4
25913, 4
25914, 1
25915, 4
25917, 3
25918, 9
25919, 9
25920, 2
25921, 9
25922, 2
25923, 2
25924, 5
25925, 1
25927, 4
25928, 3
25930, 2
25931, 4
25932, 2
25933, 7
25934, 2
25935, 5
25937, 2
25939, 1
25940, 3
25943, 1
25945, 4
25946, 5
25948, 5
25949, 3
25951, 2
25953, 2
25954, 6
25955, 4
25956, 2
25957, 1
25958, 5
25959, 2
25960, 1
25961, 1
25962, 5
25963, 1
25964, 1
25965, 3
25966, 1
25969, 1
25972, 4
25975, 1
25976, 4
25979, 4
25982, 1
25986, 4
25987, 1
25988, 2
25989, 3
25991, 2
25993, 1
25994, 2
25995, 3
25996, 5
25998, 2
26000, 3
26002, 6
26003, 1
26004, 2
26005, 1
26006, 6
26007, 3
26008, 3
26009, 1
26010, 3
26011, 2
26013, 3
26014, 10
26015, 3
26016, 2
26017, 5
26018, 7
26019, 4
26020, 5
26021, 7
26022, 6
26023, 4
26024, 3
26025, 6
26026, 5
26027, 6
26029, 6
26031, 8
26034, 4
26035, 3
26036, 7
26037, 2
26038, 3
26039, 3
26040, 2
26041, 5
26042, 4
26045, 2
26046, 3
26047, 2
26048, 5
26049, 1
26050, 5
26051, 2
26052, 2
26053, 4
26055, 1
26056, 9
26057, 5
26058, 3
26059, 1
26060, 5
26061, 5
26062, 5
26065, 8
26066, 3
26067, 7
26068, 3
26069, 5
26070, 5
26071, 6
26072, 6
26073, 2
26074, 7
26075, 1
26076, 13
26077, 8
26078, 3
26079, 8
26080, 7
26081, 5
26083, 8
26084, 3
26085, 1
26086, 2
26087, 4
26088, 1
26089, 6
26090, 4
26092, 4
26093, 5
26095, 2
26096, 7
26097, 7
26099, 3
26100, 1
26101, 4
26103, 3
26109, 2
26115, 3
26120, 1
26121, 2
26289, 1
26290, 1
26293, 1
26294, 1
26295, 1
26296, 1
26297, 1
26298, 1
26299, 2
26300, 1
26301, 3
26303, 3
26304, 4
26305, 5
26306, 2
26307, 6
26308, 1
26309, 2
26310, 1
26311, 7
26312, 5
26313, 3
26314, 4
26315, 6
26316, 10
26317, 6
26318, 4
26320, 7
26321, 10
26322, 11
26323, 6
26324, 10
26325, 14
26326, 11
26327, 13
26328, 8
26329, 5
26331, 2
26336, 2
26350, 1
26359, 2
26361, 1
26363, 3
26364, 3
26366, 4
26368, 5
26370, 1
26372, 6
26373, 6
26374, 6
26375, 2
26376, 2
26378, 3
26379, 3
26380, 7
26381, 6
26383, 7
26384, 4
26385, 5
26386, 5
26387, 1
26388, 3
26389, 3
26390, 1
26391, 11
26392, 5
26393, 2
26394, 3
26395, 1
26396, 3
26397, 3
26398, 4
26400, 2
26401, 5
26402, 3
26403, 3
26404, 8
26405, 8
26406, 5
26407, 2
26408, 3
26409, 4
26410, 3
26411, 1
26412, 2
26413, 2
26414, 2
26415, 4
26416, 1
26417, 2
26420, 1
26421, 4
26423, 5
26426, 1
26427, 1
26428, 1
26535, 1
26537, 2
26538, 1
26539, 1
26540, 1
26541, 2
26542, 2
26544, 1
26545, 2
26546, 3
26548, 3
26549, 3
26550, 3
26551, 3
26552, 2
26553, 3
26554, 3
26555, 4
26556, 4
26557, 4
26558, 2
26559, 2
26560, 6
26561, 6
26562, 4
26563, 5
26564, 11
26565, 7
26566, 11
26567, 4
26568, 6
26569, 3
26570, 12
26571, 3
26572, 5
26573, 10
26574, 3
26575, 5
26576, 1
26583, 3
26586, 1
26587, 2
26600, 2
26602, 4
26604, 1
26605, 2
26610, 2
26612, 4
26613, 3
26614, 3
26615, 2
26616, 7
26618, 3
26619, 3
26620, 8
26622, 11
26623, 5
26624, 9
26625, 2
26626, 2
26627, 8
26628, 8
26630, 5
26631, 7
26633, 6
26634, 4
26635, 4
26636, 9
26637, 10
26638, 7
26639, 9
26640, 4
26641, 3
26642, 11
26643, 1
26644, 2
26645, 1
26646, 9
26647, 10
26648, 1
26650, 1
26652, 1
26653, 2
26654, 3
26655, 6
26656, 4
26657, 4
26658, 5
26659, 2
26660, 1
26661, 2
26662, 3
26664, 2
26666, 4
26667, 1
26670, 1
26672, 3
26700, 3
26757, 1
26759, 4
26760, 1
26763, 3
26764, 4
26766, 1
26767, 2
26768, 3
26769, 7
26770, 4
26771, 5
26772, 3
26773, 5
26774, 3
26775, 6
26776, 4
26777, 2
26778, 2
26779, 10
26780, 4
26781, 4
26782, 6
26783, 8
26784, 7
26785, 10
26786, 6
26787, 9
26788, 3
26789, 7
26790, 10
26791, 6
26792, 9
26793, 12
26794, 11
26795, 11
26796, 16
26797, 7
26798, 3
26803, 2
26808, 3
26810, 2
26811, 4
26823, 1
26827, 1
26833, 1
26834, 4
26836, 2
26837, 1
26838, 1
26839, 6
26840, 1
26841, 2
26843, 2
26844, 1
26845, 2
26846, 4
26847, 2
26848, 2
26849, 2
26850, 3
26852, 1
26853, 1
26854, 6
26855, 3
26856, 4
26857, 5
26858, 1
26859, 5
26860, 4
26861, 2
26862, 4
26863, 5
26866, 5
26867, 3
26868, 4
26869, 3
26870, 3
26871, 4
26872, 6
26873, 5
26874, 4
26875, 5
26876, 3
26879, 3
26880, 1
26881, 8
26882, 2
26883, 5
26884, 4
26885, 4
26892, 3
26896, 1
26909, 1
27262, 2
27264, 3
27265, 1
27267, 1
27268, 1
27269, 1
27270, 6
27271, 1
27272, 5
27273, 1
27274, 2
27275, 1
27276, 1
27277, 1
27278, 5
27279, 4
27280, 2
27281, 1
27282, 5
27283, 2
27284, 2
27285, 7
27286, 9
27287, 7
27288, 3
27289, 5
27290, 4
27291, 3
27292, 9
27293, 8
27294, 7
27295, 13
27296, 10
27297, 3
27298, 8
27299, 15
27300, 16
27301, 6
27302, 4
27334, 1
27335, 1
27340, 5
27341, 2
27343, 1
27345, 1
27346, 3
27347, 2
27349, 1
27350, 1
27351, 1
27352, 3
27353, 2
27355, 4
27356, 6
27357, 8
27358, 3
27359, 2
27360, 4
27361, 9
27362, 3
27364, 3
27365, 6
27366, 7
27367, 3
27368, 6
27369, 6
27370, 1
27371, 8
27372, 3
27373, 3
27374, 6
27375, 6
27376, 5
27377, 1
27378, 2
27379, 2
27380, 1
27381, 1
27382, 3
27383, 1
27384, 5
27385, 2
27386, 1
27387, 3
27389, 5
27390, 4
27392, 2
27393, 4
27394, 2
27395, 5
27396, 1
27397, 1
27398, 2
27399, 2
27402, 4
27410, 2
27414, 1
27705, 1
27707, 1
27708, 1
27710, 2
27713, 3
27714, 1
27715, 1
27716, 2
27717, 2
27718, 5
27719, 4
27720, 2
27721, 1
27722, 1
27723, 4
27724, 4
27725, 3
27726, 7
27727, 6
27728, 5
27729, 7
27730, 7
27731, 6
27732, 10
27733, 6
27734, 5
27735, 4
27736, 10
27737, 6
27738, 8
27739, 14
27740, 8
27741, 8
27742, 10
27743, 10
27744, 17
27745, 7
27746, 2
27747, 1
27773, 1
27774, 1
27782, 2
27783, 1
27784, 2
27786, 2
27788, 2
27789, 3
27790, 3
27791, 2
27792, 2
27793, 3
27794, 3
27796, 6
27797, 4
27798, 6
27799, 3
27800, 3
27801, 7
27802, 1
27803, 4
27804, 5
27805, 2
27806, 3
27807, 4
27808, 5
27809, 8
27810, 5
27811, 3
27812, 3
27813, 6
27814, 3
27815, 6
27816, 4
27817, 3
27818, 4
27819, 3
27820, 8
27821, 3
27822, 1
27823, 6
27824, 1
27825, 3
27826, 4
27827, 2
27828, 1
27829, 2
27830, 1
27833, 5
27834, 2
27836, 3
27838, 2
27839, 1
27840, 1
27841, 1
27843, 1
27844, 2
27845, 2
27846, 1
27847, 1
27848, 3
27849, 2
27850, 1
27851, 3
27852, 2
27853, 2
27854, 2
27855, 4
27856, 2
27857, 2
27858, 1
27859, 1
27860, 3
27862, 6
27863, 4
27864, 2
27865, 3
27866, 5
27867, 2
27868, 6
27869, 3
27870, 1
27871, 1
27872, 6
27873, 8
27874, 7
27875, 3
27876, 1
27877, 3
27878, 7
27879, 5
27880, 8
27881, 5
27883, 4
27884, 4
27885, 3
27887, 2
27890, 3
27891, 3
27892, 1
27893, 7
27897, 9
27898, 3
27899, 2
27900, 5
27902, 9
27903, 4
27904, 2
27905, 4
27907, 5
27908, 10
27909, 3
27912, 5
27913, 2
27915, 3
27916, 5
27917, 6
27918, 9
27919, 1
27920, 3
27922, 1
27923, 11
27924, 3
27925, 2
27926, 3
27927, 6
27928, 11
27929, 6
27930, 2
27931, 3
27932, 3
27933, 5
27934, 2
27936, 2
27938, 9
27939, 8
27940, 5
27941, 3
27942, 5
27943, 5
27944, 5
27946, 2
27947, 2
27948, 2
27949, 2
27951, 7
27952, 2
27953, 3
27955, 2
27957, 3
27958, 3
27959, 3
27961, 6
27964, 4
27965, 2
27966, 2
27967, 3
27969, 2
28148, 2
28149, 2
28151, 1
28152, 1
28153, 1
28154, 3
28156, 2
28157, 1
28158, 4
28159, 2
28160, 2
28161, 4
28162, 5
28163, 2
28164, 2
28165, 6
28166, 1
28168, 10
28169, 10
28170, 9
28171, 6
28172, 5
28173, 7
28174, 6
28175, 9
28176, 4
28177, 4
28178, 4
28179, 4
28180, 11
28181, 7
28182, 11
28183, 6
28184, 19
28185, 6
28186, 9
28187, 5
28188, 2
28198, 2
28214, 2
28221, 4
28222, 1
28224, 1
28226, 3
28227, 6
28228, 1
28229, 6
28230, 3
28231, 6
28232, 1
28233, 4
28234, 2
28235, 2
28236, 7
28237, 3
28238, 6
28239, 6
28240, 3
28241, 5
28242, 4
28243, 4
28245, 4
28246, 5
28247, 2
28249, 4
28250, 7
28251, 2
28252, 3
28253, 5
28254, 5
28255, 6
28257, 2
28258, 5
28259, 3
28261, 6
28262, 1
28263, 3
28264, 6
28265, 4
28266, 6
28267, 7
28268, 3
28269, 5
28272, 3
28273, 2
28274, 2
28276, 3
28277, 2
28279, 3
28290, 2
28294, 1
28432, 2
28434, 3
28435, 1
28437, 1
28438, 2
28439, 1
28440, 1
28441, 2
28442, 3
28443, 1
28444, 4
28445, 1
28446, 3
28447, 1
28448, 1
28449, 2
28450, 7
28451, 1
28453, 6
28454, 5
28455, 9
28456, 3
28457, 6
28458, 5
28459, 5
28460, 12
28461, 7
28462, 10
28463, 6
28464, 9
28465, 14
28466, 11
28467, 11
28468, 13
28469, 13
28470, 12
28471, 10
28472, 4
28505, 2
28506, 1
28507, 2
28509, 2
28511, 3
28512, 1
28513, 1
28515, 2
28516, 4
28517, 6
28518, 4
28519, 2
28520, 6
28521, 4
28522, 5
28523, 2
28525, 9
28526, 2
28527, 2
28528, 3
28529, 1
28530, 5
28531, 8
28532, 8
28533, 1
28534, 7
28535, 7
28536, 8
28537, 6
28539, 3
28540, 5
28541, 5
28542, 9
28543, 1
28544, 3
28545, 6
28546, 8
28547, 2
28548, 4
28549, 6
28550, 2
28551, 4
28552, 6
28553, 1
28554, 3
28555, 3
28556, 2
28559, 2
28564, 2
28566, 2
28569, 1
28570, 1
28572, 2
28573, 2
28574, 2
28576, 6
28578, 2
28582, 1
28583, 1
28584, 2
28585, 3
28586, 3
28587, 1
28588, 2
28589, 4
28590, 6
28591, 5
28592, 1
28593, 2
28594, 2
28595, 3
28596, 5
28597, 9
28598, 1
28599, 4
28600, 5
28601, 3
28602, 5
28603, 5
28604, 6
28605, 6
28606, 11
28607, 7
28608, 7
28609, 6
28610, 2
28611, 4
28612, 3
28615, 3
28616, 5
28617, 2
28618, 4
28619, 2
28620, 7
28621, 8
28622, 11
28623, 7
28624, 2
28625, 1
28626, 3
28627, 1
28628, 11
28630, 5
28631, 5
28632, 5
28633, 2
28634, 2
28635, 6
28636, 2
28637, 5
28638, 3
28640, 3
28642, 4
28643, 3
28644, 1
28645, 5
28646, 3
28647, 2
28648, 5
28649, 4
28650, 2
28651, 2
28652, 7
28653, 7
28654, 2
28655, 9
28656, 9
28657, 5
28658, 1
28661, 7
28662, 3
28664, 2
28665, 2
28666, 5
28667, 2
28668, 7
28669, 1
28672, 4
28673, 2
28675, 2
28676, 8
28677, 3
28678, 4
28679, 3
28680, 3
28681, 2
28683, 3
28686, 2
28688, 3
28692, 2
28693, 1
28697, 4
28698, 1
28699, 1
28707, 3
28708, 1
28709, 1
28710, 2
28711, 2
28712, 1
28713, 1
28715, 2
28716, 2
28717, 2
28718, 1
28719, 2
28721, 3
28722, 5
28723, 2
28724, 4
28725, 3
28726, 1
28727, 4
28728, 8
28729, 1
28730, 1
28731, 10
28732, 11
28733, 1
28734, 5
28735, 3
28736, 2
28737, 3
28738, 5
28739, 7
28740, 4
28741, 11
28742, 8
28743, 24
28744, 5
28745, 27
28746, 4
28747, 9
28748, 4
28749, 3
28750, 6
28751, 2
28752, 1
28753, 5
28754, 8
28755, 3
28756, 6
28757, 6
28758, 10
28759, 1
28760, 6
28761, 4
28763, 2
28764, 3
28766, 4
28768, 2
28769, 5
28770, 7
28771, 5
28772, 5
28773, 4
28774, 5
28775, 4
28776, 3
28777, 2
28778, 1
28779, 3
28780, 2
28782, 2
28783, 2
28785, 6
28786, 3
28788, 3
28790, 1
28791, 2
28792, 4
28793, 2
28794, 4
28795, 4
28796, 3
28797, 3
28798, 6
28799, 5
28800, 2
28801, 7
28804, 2
28805, 2
28806, 2
28808, 2
28809, 1
28810, 6
28811, 2
28812, 4
28814, 1
28815, 4
28817, 1
28818, 1
28819, 4
28820, 5
28821, 5
28822, 1
28823, 5
28824, 3
28825, 7
28826, 3
28827, 7
28828, 2
28829, 5
28830, 3
28831, 3
28832, 4
28833, 9
28834, 11
28835, 7
28836, 4
28837, 11
28838, 4
28839, 6
28840, 4
28841, 16
28842, 11
28843, 11
28844, 10
28845, 9
28846, 19
28847, 14
28848, 7
28850, 3
28851, 2
28852, 2
28853, 2
28854, 1
28855, 4
28856, 3
28857, 1
28858, 6
28859, 6
28860, 1
28861, 3
28862, 7
28863, 5
28866, 7
28868, 3
28869, 2
28870, 7
28871, 3
28872, 6
28873, 5
28874, 4
28875, 3
28876, 12
28877, 3
28878, 12
28879, 2
28880, 13
28881, 14
28882, 4
28883, 13
28884, 9
28885, 6
28886, 5
28887, 7
28888, 8
28889, 10
28890, 14
28891, 19
28892, 5
28893, 2
28894, 16
28895, 19
28896, 24
28897, 10
28898, 24
28899, 15
28900, 23
28901, 17
28902, 34
28903, 9
28904, 26
28905, 10
28906, 16
28907, 34
28908, 13
28909, 39
28910, 28
28911, 26
28912, 21
28913, 16
28914, 30
28915, 21
28916, 25
28917, 27
28918, 26
28919, 33
28920, 34
28921, 41
28922, 25
28923, 25
28924, 15
28925, 14
28926, 33
28927, 39
28928, 30
28929, 10
28930, 12
28931, 24
28932, 14
28933, 24
28934, 18
28935, 29
28936, 26
28937, 5
28938, 12
28939, 17
28940, 31
28941, 6
28942, 16
28943, 5
28944, 5
28945, 17
28946, 18
28947, 4
28948, 28
28949, 8
28950, 16
28951, 14
28952, 11
28953, 28
28954, 14
28955, 25
28956, 2
28957, 5
28958, 7
28959, 20
28960, 10
28961, 20
28962, 10
28963, 5
28964, 12
28965, 18
28966, 10
28967, 11
28968, 17
28969, 10
28970, 35
28971, 25
28972, 7
28973, 12
28974, 20
28975, 21
28976, 10
28977, 10
28978, 6
28979, 12
28980, 23
28981, 13
28982, 19
28983, 10
28984, 30
28985, 16
28986, 19
28987, 18
28988, 30
28989, 20
28990, 10
28991, 25
28992, 15
28993, 17
28994, 15
28995, 15
28996, 22
28997, 21
28998, 25
28999, 12
29000, 20
29001, 20
29002, 8
29003, 11
29004, 23
29005, 13
29006, 17
29007, 26
29008, 8
29009, 17
29010, 13
29011, 19
29012, 14
29013, 13
29014, 24
29015, 6
29016, 11
29017, 19
29018, 28
29019, 9
29020, 39
29021, 15
29022, 13
29023, 15
29024, 21
29025, 40
29026, 19
29028, 11
29029, 23
29030, 12
29031, 26
29032, 9
29033, 7
29034, 8
29035, 9
29036, 4
29037, 12
29038, 7
29039, 12
29040, 6
29041, 14
29042, 7
29043, 7
29044, 12
29045, 3
29046, 15
29047, 6
29048, 14
29049, 8
29050, 9
29051, 2
29052, 3
29053, 2
29054, 4
29055, 2
29058, 2
29059, 6
29060, 7
29062, 6
29064, 3
29065, 2
29069, 6
29070, 6
29071, 2
29072, 4
29074, 3
29076, 6
29077, 1
29078, 3
29079, 3
29080, 7
29090, 3
29095, 3
29097, 4
29099, 4
29103, 4
29106, 2
29108, 1
29109, 1
29110, 2
29111, 2
29112, 1
29113, 4
29114, 4
29115, 4
29116, 3
29117, 4
29118, 6
29119, 3
29120, 4
29121, 3
29122, 5
29123, 4
29124, 9
29125, 7
29126, 7
29127, 10
29128, 9
29129, 8
29130, 17
29131, 6
29132, 13
29133, 16
29134, 10
29135, 19
29136, 24
29137, 22
29138, 14
29139, 27
29140, 20
29141, 12
29142, 8
29143, 4
29144, 2
29145, 6
29146, 11
29147, 3
29148, 2
29149, 3
29150, 5
29152, 2
29153, 3
29154, 5
29155, 6
29156, 5
29157, 2
29158, 3
29159, 2
29160, 2
29161, 3
29162, 5
29163, 2
29164, 8
29165, 3
29166, 4
29167, 2
29168, 3
29169, 5
29170, 4
29172, 1
29173, 1
29174, 2
29175, 2
29176, 3
29177, 4
29178, 2
29179, 2
29180, 3
29181, 4
29182, 1
29183, 3
29184, 5
29186, 2
29187, 5
29189, 1
29190, 4
29191, 1
29192, 5
29194, 2
29195, 1
29196, 2
29198, 7
29199, 1
29200, 3
29201, 1
29202, 6
29203, 1
29205, 2
29206, 2
29207, 5
29208, 7
29209, 2
29210, 2
29212, 2
29213, 2
29214, 3
29216, 2
29217, 3
29218, 1
29220, 2
29221, 4
29222, 5
29223, 1
29224, 3
29225, 4
29226, 6
29228, 5
29229, 5
29230, 8
29231, 10
29232, 23
29233, 3
29234, 5
29235, 3
29236, 17
29237, 5
29238, 7
29239, 6
29240, 8
29241, 10
29242, 17
29243, 10
29244, 16
29245, 17
29246, 8
29247, 20
29248, 29
29249, 17
29250, 6
29251, 4
29252, 14
29254, 1
29255, 7
29256, 10
29257, 7
29258, 11
29259, 19
29260, 5
29261, 15
29262, 6
29263, 7
29264, 3
29265, 8
29266, 20
29267, 2
29268, 6
29269, 11
29270, 6
29271, 6
29272, 10
29273, 10
29274, 6
29275, 6
29276, 2
29277, 15
29278, 7
29279, 9
29280, 5
29281, 9
29282, 13
29284, 11
29285, 21
29286, 16
29287, 11
29288, 7
29289, 6
29290, 15
29291, 23
29292, 12
29293, 9
29294, 15
29295, 18
29296, 15
29297, 6
29298, 9
29299, 13
29300, 6
29301, 9
29302, 17
29303, 5
29304, 17
29305, 20
29306, 15
29307, 18
29308, 40
29309, 23
29310, 31
29311, 9
29312, 17
29313, 19
29314, 16
29315, 8
29316, 20
29317, 6
29318, 19
29319, 17
29320, 17
29321, 18
29322, 20
29323, 21
29324, 9
29325, 19
29326, 7
29327, 14
29328, 11
29329, 19
29330, 9
29331, 9
29332, 16
29333, 5
29334, 1
29335, 2
29336, 8
29337, 19
29338, 6
29339, 8
29340, 9
29342, 1
29343, 9
29347, 1
29348, 5
29349, 1
29353, 2
29354, 4
29355, 5
29357, 3
29358, 7
29359, 4
29361, 1
29365, 3
29366, 1
29383, 2
29384, 1
29390, 1
29391, 1
29393, 2
29394, 1
29395, 1
29396, 1
29399, 1
29402, 1
29403, 3
29404, 4
29410, 1
29411, 1
29413, 1
29414, 1
29415, 2
29416, 1
29417, 2
29418, 2
29420, 1
29429, 1
29434, 1
29463, 1
29464, 1
29467, 2
29468, 1
29471, 1
29473, 1
29478, 1
29479, 1
29481, 2
29482, 1
29483, 1
29484, 4
29486, 3
29487, 2
29488, 4
29489, 2
29490, 4
29491, 3
29492, 4
29493, 2
29494, 3
29495, 6
29496, 1
29497, 5
29498, 4
29499, 2
29500, 4
29501, 5
29502, 2
29505, 2
29506, 6
29507, 10
29508, 4
29509, 3
29510, 4
29511, 8
29512, 2
29513, 10
29514, 6
29515, 8
29516, 6
29517, 7
29518, 7
29519, 19
29520, 14
29521, 12
29522, 5
29523, 11
29524, 11
29525, 13
29526, 1
29527, 3
29528, 2
29529, 3
29530, 8
29531, 15
29532, 10
29533, 2
29534, 18
29535, 3
29536, 1
29537, 15
29538, 9
29539, 12
29540, 6
29541, 11
29542, 23
29543, 6
29544, 19
29545, 12
29546, 5
29547, 13
29548, 10
29549, 16
29550, 9
29551, 16
29552, 5
29553, 15
29554, 41
29555, 9
29556, 5
29557, 18
29558, 17
29559, 17
29560, 4
29561, 4
29562, 14
29563, 11
29564, 8
29565, 11
29566, 27
29567, 13
29568, 17
29569, 14
29570, 9
29571, 27
29572, 18
29573, 12
29574, 20
29575, 19
29576, 13
29577, 4
29578, 12
29579, 13
29580, 10
29581, 17
29582, 3
29583, 12
29584, 7
29585, 25
29586, 19
29587, 15
29588, 9
29589, 16
29590, 5
29591, 7
29592, 6
29593, 4
29594, 10
29595, 15
29596, 8
29597, 20
29598, 29
29599, 15
29600, 23
29601, 15
29602, 27
29603, 22
29604, 20
29605, 28
29606, 18
29607, 20
29608, 12
29609, 18
29610, 6
29611, 6
29612, 10
29613, 9
29614, 10
29615, 22
29616, 15
29617, 17
29618, 14
29619, 14
29620, 12
29621, 8
29622, 28
29623, 6
29624, 10
29625, 19
29626, 13
29627, 7
29628, 11
29629, 10
29630, 4
29631, 9
29632, 7
29633, 13
29634, 7
29635, 11
29636, 12
29637, 10
29638, 6
29639, 11
29640, 6
29641, 2
29642, 15
29643, 2
29645, 3
29646, 5
29647, 1
29648, 6
29649, 8
29650, 5
29651, 1
29652, 5
29653, 4
29654, 3
29655, 5
29656, 6
29657, 3
29658, 8
29659, 3
29660, 3
29661, 5
29662, 6
29663, 11
29664, 7
29665, 1
29667, 1
29668, 1
29670, 1
29671, 5
29672, 1
29673, 3
29674, 1
29676, 1
29677, 7
29678, 2
29680, 2
29681, 2
29682, 3
29683, 3
29684, 1
29686, 3
29687, 3
29688, 1
29689, 1
29690, 3
29691, 2
29692, 3
29693, 1
29694, 2
29695, 1
29697, 2
29698, 3
29699, 5
29700, 1
29701, 7
29702, 4
29703, 5
29704, 5
29705, 10
29706, 1
29707, 6
29708, 16
29709, 6
29710, 3
29711, 22
29712, 5
29713, 18
29714, 10
29715, 10
29716, 12
29717, 4
29718, 6
29719, 15
29720, 14
29721, 19
29722, 19
29723, 12
29724, 8
29725, 22
29726, 8
29727, 6
29728, 11
29729, 7
29730, 3
29731, 8
29732, 18
29733, 22
29734, 13
29735, 18
29736, 3
29737, 12
29738, 11
29739, 15
29740, 13
29741, 7
29742, 2
29743, 12
29744, 7
29745, 14
29746, 24
29747, 15
29748, 9
29749, 10
29750, 9
29751, 12
29752, 8
29753, 5
29754, 5
29755, 10
29756, 6
29757, 7
29758, 5
29759, 11
29760, 9
29761, 7
29762, 4
29763, 7
29765, 2
29767, 5
29768, 5
29769, 10
29770, 5
29771, 1
29772, 5
29773, 3
29774, 9
29775, 4
29776, 7
29777, 4
29778, 6
29779, 11
29780, 5
29782, 6
29784, 4
29785, 10
29786, 3
29787, 6
29788, 8
29789, 5
29790, 4
29791, 2
29793, 7
29794, 2
29795, 4
29796, 9
29797, 6
29798, 3
29799, 4
29800, 6
29801, 6
29802, 5
29803, 5
29804, 5
29805, 5
29806, 9
29807, 10
29808, 10
29809, 10
29810, 8
29811, 23
29812, 18
29813, 3
29814, 7
29815, 12
29817, 20
29818, 10
29819, 16
29820, 11
29821, 24
29822, 24
29823, 19
29824, 23
29825, 20
29826, 15
29827, 19
29828, 8
29829, 15
29830, 10
29831, 11
29832, 16
29833, 16
29834, 2
29835, 8
29836, 9
29837, 11
29838, 9
29839, 12
29840, 6
29841, 23
29842, 4
29843, 11
29844, 11
29845, 7
29846, 16
29847, 19
29848, 4
29849, 17
29850, 10
29851, 2
29852, 5
29853, 1
29854, 2
29855, 3
29856, 1
29857, 8
29858, 4
29859, 8
29860, 2
29861, 6
29862, 4
29863, 2
29864, 3
29865, 3
29866, 1
29867, 13
29868, 7
29869, 4
29870, 1
29872, 3
29873, 3
29874, 1
29875, 1
29876, 5
29878, 9
29879, 7
29880, 9
29881, 7
29882, 11
29883, 5
29884, 2
29885, 1
29886, 1
29887, 5
29888, 10
29889, 5
29890, 5
29891, 5
29892, 6
29893, 10
29894, 2
29896, 1
29897, 1
29899, 1
29900, 1
29901, 1
29903, 2
29904, 1
29906, 4
29907, 5
29908, 3
29909, 1
29910, 1
29911, 3
29912, 1
29913, 1
29917, 5
29918, 1
29919, 1
29924, 3
29932, 5
29933, 1
29934, 1
35545, 1
35546, 1
35549, 1
35550, 2
35551, 1
35552, 3
35554, 1
35555, 2
35556, 2
35557, 1
35558, 2
35559, 2
35560, 1
35561, 2
35562, 8
35563, 3
35564, 4
35565, 1
35566, 3
35567, 3
35568, 4
35569, 4
35570, 3
35571, 4
35572, 1
35573, 6
35574, 2
35575, 3
35576, 3
35577, 7
35578, 9
35579, 3
35580, 10
35581, 2
35582, 7
35583, 7
35584, 8
35585, 7
35586, 1
35587, 1
35616, 3
35618, 3
35623, 2
35627, 7
35628, 5
35629, 3
35630, 5
35631, 3
35632, 10
35633, 6
35634, 8
35635, 5
35636, 18
35637, 5
35638, 6
35639, 4
35640, 11
35641, 7
35642, 13
35643, 4
35644, 19
35645, 8
35646, 5
35647, 2
35648, 6
35649, 11
35650, 16
35651, 12
35652, 8
35653, 5
35654, 15
35655, 17
35656, 7
35658, 31
35659, 9
35660, 6
35661, 15
35662, 13
35663, 17
35664, 14
35665, 8
35666, 11
35667, 10
35668, 21
35669, 14
35670, 3
35671, 6
35672, 13
35673, 11
35674, 1
35675, 5
35676, 3
35677, 1
35678, 4
35679, 8
35680, 5
35681, 7
35683, 10
35684, 9
35686, 2
35687, 1
35688, 3
35690, 4
35691, 13
35692, 1
35693, 3
35694, 8
35695, 2
35696, 9
35698, 3
35699, 2
35700, 7
35701, 2
35702, 2
35703, 11
35704, 5
35705, 8
35706, 5
35707, 9
35708, 4
35709, 4
35710, 4
35711, 5
35712, 2
35713, 2
35714, 3
35715, 6
35716, 5
35717, 5
35718, 15
35719, 16
35720, 14
35721, 7
35722, 6
35723, 7
35724, 3
35725, 6
35726, 14
35727, 7
35728, 11
35729, 5
35730, 1
35731, 11
35732, 6
35733, 10
35734, 14
35735, 14
35736, 7
35737, 8
35738, 6
35739, 9
35740, 3
35741, 5
35742, 4
35743, 4
35744, 13
35745, 11
35746, 14
35747, 14
35748, 10
35749, 3
35750, 12
35751, 1
35752, 4
35753, 3
35754, 10
35755, 11
35756, 11
35757, 5
35759, 9
35760, 4
35761, 5
35762, 7
35763, 3
35764, 3
35765, 2
35766, 6
35769, 3
35770, 3
35771, 2
35772, 5
35773, 2
35774, 4
35775, 5
35776, 3
35777, 5
35778, 3
35779, 2
35780, 2
35781, 3
35782, 4
35783, 2
35785, 5
35786, 2
35787, 3
35788, 1
35789, 3
35795, 1
35797, 4
35798, 1
35799, 1
35800, 1
35801, 1
35809, 3
45636, 2
45637, 1
45638, 2
45639, 1
45640, 4
45642, 1
45643, 1
45644, 3
45645, 2
45647, 1
45648, 5
45649, 1
45650, 3
45651, 1
45652, 1
45653, 3
45654, 2
45655, 4
45656, 3
45657, 4
45658, 4
45659, 7
45660, 3
45661, 6
45662, 1
45663, 5
45664, 1
45665, 2
45666, 5
45667, 8
45668, 17
45669, 9
45670, 9
45671, 6
45672, 4
45673, 6
45674, 2
45675, 3
45676, 5
45677, 6
45678, 1
45694, 4
45695, 5
45696, 4
45697, 6
45698, 2
45699, 8
45701, 2
45702, 1
45703, 17
45704, 13
45705, 11
45706, 6
45707, 7
45708, 5
45709, 10
45710, 3
45711, 8
45712, 5
45713, 7
45714, 9
45715, 8
45716, 10
45717, 7
45718, 11
45719, 7
45720, 1
45721, 3
45722, 21
45723, 14
45724, 16
45725, 5
45726, 23
45727, 7
45728, 3
45729, 10
45730, 2
45731, 11
45732, 14
45733, 7
45734, 5
45735, 3
45736, 11
45737, 6
45738, 12
45739, 16
45740, 2
45741, 4
45742, 5
45745, 6
45747, 3
45748, 7
45749, 3
45752, 5
45753, 3
45754, 6
45755, 19
45756, 14
45758, 1
45759, 3
45760, 6
45761, 5
45762, 5
45764, 3
45765, 6
45766, 2
45767, 3
45768, 3
45769, 8
45770, 2
45771, 3
45772, 4
45773, 6
45774, 13
45779, 11
45780, 3
45781, 3
45783, 5
45784, 4
45785, 4
45786, 3
45788, 5
45789, 2
45791, 5
45792, 2
45793, 3
45794, 1
45795, 5
45797, 2
45798, 2
45799, 2
45800, 7
45801, 6
45802, 7
45803, 7
45804, 11
45805, 6
45806, 5
45807, 6
45808, 4
45809, 8
45810, 3
45811, 9
45812, 11
45813, 6
45814, 5
45815, 3
45816, 8
45818, 2
45819, 9
45820, 11
45821, 6
45822, 7
45823, 14
45824, 9
45825, 15
45826, 10
45827, 8
45828, 1
45829, 8
45830, 7
45831, 2
45832, 10
45833, 8
45834, 10
45835, 1
45836, 7
45837, 6
45838, 5
45839, 5
45840, 6
45841, 10
45842, 5
45843, 4
45844, 6
45845, 9
45846, 4
45847, 7
45848, 2
45849, 3
45850, 1
45851, 2
45852, 8
45854, 1
45855, 7
45856, 9
45857, 6
45858, 6
45859, 4
45860, 2
45861, 7
45862, 4
45863, 3
45864, 4
45865, 3
45866, 3
45867, 2
45870, 1
45871, 3
45872, 3
45873, 2
45874, 2
45875, 7
45876, 3
45877, 4
45880, 2
45881, 14
45882, 6
45883, 2
45885, 2
45886, 2
45887, 3
45888, 3
45889, 1
45890, 1
45891, 1
45894, 3
45895, 3
45898, 4
45899, 3
45900, 2
45901, 1
45916, 1
45917, 1
45918, 1
45919, 1
45935, 1
55448, 1
55449, 1
55453, 1
55454, 2
55455, 5
55456, 4
55457, 4
55458, 5
55459, 3
55460, 2
55461, 2
55462, 1
55464, 3
55467, 6
55468, 5
55469, 2
55470, 1
55472, 2
55473, 3
55474, 3
55475, 3
55476, 1
55477, 2
55478, 1
55479, 4
55480, 4
55481, 5
55482, 5
55483, 5
55484, 6
55485, 6
55486, 8
55487, 2
55488, 1
55489, 2
55491, 3
55492, 2
55525, 6
55528, 5
55529, 1
55530, 2
55531, 3
55533, 5
55534, 2
55535, 2
55537, 3
55538, 3
55539, 3
55540, 5
55541, 3
55542, 4
55543, 5
55544, 10
55545, 2
55546, 14
55547, 9
55548, 10
55549, 2
55550, 13
55551, 9
55552, 10
55553, 1
55554, 2
55555, 4
55556, 5
55557, 7
55558, 8
55559, 8
55561, 2
55563, 8
55564, 3
55566, 10
55567, 4
55568, 11
55569, 7
55570, 13
55571, 2
55572, 3
55573, 6
55574, 2
55575, 3
55576, 11
55577, 6
55578, 4
55579, 2
55580, 3
55585, 7
55586, 2
55590, 8
55592, 3
55595, 4
55596, 2
55598, 2
55672, 5
55674, 1
55676, 5
55677, 2
55678, 5
55679, 4
55680, 1
55681, 4
55682, 3
55683, 4
55684, 3
55685, 3
55686, 2
55687, 9
55688, 2
55690, 12
55691, 7
55692, 5
55693, 4
55694, 5
55695, 1
55696, 11
55697, 11
55698, 8
55699, 9
55700, 10
55701, 4
55702, 13
55703, 8
55704, 14
55705, 11
55706, 11
55707, 3
55708, 9
55710, 7
55711, 5
55712, 1
55715, 2
55716, 1
55718, 3
55724, 2
55725, 1
55726, 6
55727, 1
55728, 4
55735, 5
55737, 7
55738, 1
55739, 2
55740, 3
55741, 2
55742, 1
55743, 1
55744, 2
55745, 1
55747, 4
55748, 1
55749, 5
55750, 12
55752, 2
55753, 4
55754, 3
55755, 2
55756, 6
55757, 12
55758, 7
55759, 2
55760, 3
55761, 4
55762, 6
55763, 5
55764, 7
55765, 8
55766, 6
55767, 10
55768, 20
55769, 6
55770, 12
55771, 9
55772, 8
55773, 7
55774, 11
55775, 16
55776, 17
55777, 7
55778, 10
55779, 11
55780, 14
55781, 8
55782, 22
55783, 17
55784, 9
55785, 8
55786, 6
55787, 7
55788, 8
55789, 15
55790, 6
55791, 11
55792, 10
55793, 7
55794, 7
55795, 7
55796, 17
55797, 13
55798, 9
55799, 9
55800, 7
55801, 8
55802, 8
55803, 5
55804, 7
55805, 5
55806, 4
55807, 1
55808, 2
55809, 6
55810, 3
55811, 6
55812, 5
55813, 2
55814, 1
55815, 1
55816, 2
55817, 4
55818, 2
55819, 1
55821, 1
55826, 1
55834, 2
55835, 1
55842, 1
55843, 2
55846, 2
55852, 1
55853, 1
55854, 1
55855, 1
55856, 1
55859, 1
55869, 1
55870, 1
55871, 1
55876, 1
55878, 4
55879, 1
59931, 1
59934, 1
59935, 1
59938, 1
59940, 2
59941, 1
59943, 3
59944, 4
59945, 1
59946, 5
59947, 1
59948, 1
59949, 3
59951, 6
59952, 4
59953, 3
59954, 1
59955, 7
59956, 4
59957, 6
59958, 3
59959, 15
59960, 8
59961, 5
59962, 4
59963, 3
59964, 5
59965, 9
59966, 2
59967, 10
59968, 18
59969, 7
59970, 9
59971, 4
60002, 2
60004, 4
60006, 5
60009, 2
60011, 4
60013, 2
60014, 1
60015, 8
60016, 2
60017, 4
60018, 5
60020, 5
60021, 3
60022, 6
60023, 2
60024, 5
60025, 2
60026, 14
60027, 6
60028, 3
60029, 7
60030, 6
60031, 5
60032, 7
60033, 14
60034, 6
60035, 4
60036, 8
60037, 8
60038, 7
60039, 3
60040, 8
60041, 1
60042, 4
60043, 6
60044, 6
60045, 3
60046, 7
60047, 3
60048, 3
60049, 8
60050, 4
60051, 8
60052, 3
60053, 4
60054, 2
60055, 2
60057, 5
60058, 2
60059, 3
60060, 4
60064, 2
60066, 3
60067, 3
60069, 2
60070, 2
60115, 1
60117, 2
60120, 1
60121, 3
60122, 4
60123, 2
60124, 3
60126, 2
60127, 2
60129, 1
60130, 3
60131, 1
60133, 8
60134, 4
60136, 1
60137, 1
60138, 3
60139, 5
60141, 5
60142, 6
60143, 13
60144, 4
60145, 4
60146, 16
60147, 9
60148, 3
60149, 3
60150, 12
60151, 7
60152, 14
60153, 15
60154, 17
60155, 9
60156, 6
60157, 7
60158, 9
60159, 2
60160, 5
60161, 3
60164, 6
60165, 3
60167, 21
60169, 5
60170, 6
60171, 1
60172, 3
60173, 3
60175, 6
60177, 2
60179, 4
60180, 2
60182, 3
60183, 4
60184, 1
60186, 3
60187, 4
60188, 2
60191, 6
60192, 2
60193, 2
60194, 4
60195, 1
60196, 6
60197, 8
60198, 2
60200, 4
60201, 3
60204, 4
60205, 6
60206, 3
60209, 6
60211, 3
60212, 2
60213, 1
60214, 3
60215, 3
60218, 2
60219, 3
60220, 4
60221, 2
60223, 4
60224, 4
60226, 3
60229, 2
60231, 2
60238, 2
60239, 1
60240, 1
60246, 2
60252, 3
60253, 1
60266, 3
60267, 2
60268, 1
60270, 4
60271, 1
60272, 4
60274, 2
60275, 2
60277, 2
60278, 1
60279, 4
60280, 1
60281, 3
60282, 1
60283, 4
60284, 7
60285, 8
60286, 8
60287, 4
60288, 2
60289, 4
60290, 1
60291, 2
60292, 3
60293, 5
60294, 8
60295, 4
60296, 6
60297, 7
60298, 1
60299, 11
60300, 7
60301, 10
60302, 5
60303, 7
60304, 14
60305, 6
60306, 1
60307, 3
60308, 7
60309, 3
60310, 4
60311, 3
60312, 1
60313, 7
60314, 5
60315, 4
60316, 7
60317, 7
60318, 8
60319, 7
60320, 5
60321, 1
60322, 5
60323, 3
60324, 1
60325, 8
60326, 2
60327, 2
60328, 2
60329, 6
60330, 3
60331, 7
60332, 4
60333, 3
60334, 5
60335, 1
60336, 3
60337, 9
60338, 3
60339, 3
60340, 1
60341, 1
60342, 2
60343, 2
60344, 6
60347, 4
60348, 3
60349, 6
60351, 5
60352, 4
60353, 8
60354, 7
60355, 1
60357, 6
60358, 2
60359, 3
60360, 5
60361, 3
60362, 1
60363, 2
60365, 1
60366, 7
60367, 4
60368, 2
60369, 2
60370, 1
60371, 1
60377, 1
60378, 2
60381, 1
60382, 1
60383, 1
60384, 1
60391, 1
60392, 1
60408, 1
60409, 1
66136, 1
66137, 2
66138, 1
66139, 1
66140, 2
66141, 2
66143, 3
66144, 2
66145, 1
66146, 2
66148, 3
66149, 2
66151, 1
66152, 5
66153, 4
66154, 1
66156, 4
66157, 1
66159, 1
66160, 4
66161, 5
66162, 2
66163, 5
66164, 5
66165, 3
66166, 8
66167, 6
66168, 12
66169, 5
66170, 9
66171, 9
66172, 6
66173, 10
66174, 14
66175, 7
66176, 22
66177, 8
66178, 2
66202, 3
66205, 2
66211, 2
66212, 2
66215, 2
66216, 4
66217, 4
66218, 4
66219, 1
66220, 1
66221, 4
66222, 4
66223, 6
66224, 1
66225, 9
66226, 6
66227, 4
66228, 2
66229, 4
66230, 2
66231, 4
66232, 6
66233, 1
66234, 3
66235, 3
66236, 3
66237, 3
66238, 16
66239, 6
66240, 4
66241, 4
66242, 5
66243, 7
66244, 2
66247, 5
66248, 11
66249, 3
66250, 4
66251, 2
66252, 9
66253, 2
66254, 6
66255, 7
66256, 6
66257, 4
66258, 2
66259, 3
66260, 3
66261, 4
66262, 2
66263, 3
66266, 3
66267, 8
66270, 1
66271, 3
66272, 6
66273, 2
66277, 2
66285, 2
75691, 1
75693, 1
75695, 2
75696, 1
75697, 2
75698, 2
75699, 2
75700, 5
75701, 2
75702, 7
75703, 2
75704, 4
75705, 1
75706, 1
75707, 3
75708, 1
75709, 8
75710, 3
75711, 2
75712, 3
75713, 1
75714, 4
75715, 1
75716, 7
75717, 3
75718, 8
75719, 7
75720, 2
75721, 7
75722, 9
75723, 11
75724, 12
75725, 4
75726, 2
75727, 11
75728, 12
75729, 6
75730, 7
75731, 5
75732, 1
75766, 3
75768, 4
75769, 2
75770, 3
75771, 5
75772, 2
75773, 3
75777, 1
75778, 5
75779, 4
75780, 2
75781, 5
75782, 10
75783, 7
75784, 3
75785, 4
75786, 5
75787, 2
75788, 5
75789, 4
75790, 3
75791, 6
75792, 3
75793, 7
75794, 7
75795, 10
75796, 7
75797, 9
75798, 9
75799, 9
75800, 8
75801, 12
75802, 4
75803, 13
75804, 14
75805, 1
75806, 8
75807, 6
75808, 19
75809, 8
75810, 7
75811, 12
75812, 14
75813, 9
75814, 14
75815, 12
75816, 12
75817, 3
75818, 15
75819, 11
75820, 9
75821, 10
75822, 26
75823, 8
75824, 4
75825, 7
75826, 4
75827, 10
75828, 3
75829, 13
75830, 8
75831, 6
75832, 7
75833, 3
75834, 2
75835, 10
75836, 3
75837, 4
75838, 2
75839, 1
75840, 2
75841, 5
75842, 3
75843, 3
75844, 9
75845, 5
75846, 2
75847, 3
75848, 2
75849, 5
75850, 2
75851, 1
75852, 1
75855, 2
75856, 1
75857, 7
75858, 9
75859, 6
75860, 2
75862, 5
75863, 1
75864, 2
75867, 7
75868, 5
75869, 1
75872, 4
75878, 2
75879, 5
75882, 3
75884, 1
75885, 3
75887, 1
75888, 2
75889, 3
75891, 4
75892, 3
75893, 1
75894, 2
75895, 4
75896, 3
75897, 6
75898, 2
75905, 1
75911, 1
75913, 3
75915, 1
75918, 2
75919, 1
75920, 1
75922, 1
75923, 1
75924, 1
75925, 1
75937, 2
76106, 1
76109, 2
76110, 1
76112, 1
76113, 1
76115, 3
76116, 2
76117, 4
76118, 1
76119, 2
76121, 1
76123, 1
76124, 3
76125, 5
76126, 4
76127, 4
76128, 8
76129, 3
76131, 6
76132, 3
76133, 7
76134, 5
76135, 11
76136, 6
76137, 8
76138, 8
76139, 6
76140, 5
76141, 6
76142, 13
76143, 7
76144, 13
76145, 11
76146, 15
76147, 7
76154, 2
76178, 2
76182, 2
76185, 2
76186, 3
76187, 3
76190, 3
76191, 6
76193, 3
76194, 11
76195, 2
76196, 1
76197, 3
76198, 4
76199, 2
76200, 4
76201, 4
76202, 5
76203, 4
76204, 8
76205, 9
76206, 3
76207, 4
76208, 4
76209, 2
76210, 2
76211, 4
76212, 8
76213, 6
76214, 3
76215, 7
76216, 9
76217, 2
76218, 5
76219, 16
76220, 4
76221, 5
76222, 6
76223, 3
76224, 2
76225, 3
76226, 3
76227, 2
76228, 2
76229, 7
76230, 5
76231, 1
76232, 4
76233, 4
76234, 1
76235, 2
76236, 1
76239, 2
76240, 5
76241, 1
76243, 1
76246, 1
76247, 1
76249, 2
76250, 2
76251, 1
76252, 2
76255, 2
76257, 3
76258, 1
76261, 5
76264, 1
76265, 1
76266, 3
76267, 7
76268, 4
76269, 4
76270, 2
76271, 4
76272, 6
76273, 5
76274, 3
76275, 1
76277, 9
76278, 6
76279, 4
76280, 1
76281, 8
76282, 3
76283, 3
76284, 1
76285, 6
76287, 3
76290, 6
76291, 6
76292, 6
76297, 6
76298, 5
76299, 3
76300, 3
76301, 6
76302, 5
76305, 6
76306, 3
76307, 1
76308, 4
76309, 3
76310, 4
76311, 3
76312, 6
76313, 4
76314, 7
76315, 3
76316, 2
76318, 6
76321, 1
76322, 8
76323, 5
76324, 7
76325, 2
76327, 6
76328, 11
76329, 4
76330, 3
76331, 5
76332, 11
76333, 9
76334, 13
76335, 15
76336, 2
76337, 12
76338, 5
76339, 3
76343, 7
76344, 16
76345, 5
76346, 3
76347, 8
76348, 1
76350, 1
76351, 6
76354, 2
76355, 4
76358, 6
76359, 5
76364, 3
76368, 7
76369, 3
76373, 3
76374, 3
76379, 3
85731, 1
85732, 2
85733, 1
85735, 2
85736, 2
85738, 4
85739, 1
85740, 3
85741, 4
85742, 3
85743, 2
85744, 2
85745, 6
85746, 2
85747, 3
85748, 9
85749, 6
85750, 4
85751, 4
85752, 5
85753, 9
85754, 8
85755, 7
85756, 3
85757, 6
85758, 5
85759, 8
85760, 10
85761, 6
85762, 11
85763, 3
85764, 5
85765, 7
85766, 8
85767, 5
85768, 7
85769, 10
85770, 7
85771, 3
85772, 1
85773, 1
85798, 2
85799, 1
85800, 4
85801, 1
85802, 1
85804, 1
85806, 1
85807, 1
85809, 1
85810, 2
85811, 1
85812, 2
85813, 1
85814, 1
85816, 5
85817, 4
85818, 2
85819, 6
85820, 2
85821, 1
85822, 2
85823, 3
85824, 6
85825, 2
85826, 1
85827, 3
85828, 5
85829, 3
85830, 6
85832, 2
85833, 3
85834, 5
85835, 5
85836, 3
85837, 2
85838, 2
85839, 7
85840, 6
85841, 3
85842, 3
85843, 9
85844, 2
85845, 9
85846, 3
85847, 7
85848, 6
85849, 3
85850, 7
85851, 1
85852, 4
85853, 4
85854, 2
85855, 4
85856, 4
85857, 4
85858, 3
85859, 3
85860, 5
85861, 2
85862, 3
85863, 2
85864, 2
85865, 1
85866, 2
85873, 1
85874, 1
85875, 1
85876, 1
85881, 1
85889, 2
86160, 1
86162, 1
86163, 2
86165, 1
86166, 2
86167, 2
86168, 4
86169, 2
86170, 6
86171, 1
86172, 2
86173, 1
86174, 1
86175, 3
86176, 2
86177, 4
86178, 3
86179, 1
86180, 5
86181, 3
86182, 2
86183, 2
86184, 1
86185, 2
86186, 1
86187, 10
86188, 3
86189, 4
86190, 5
86191, 6
86192, 5
86193, 2
86194, 7
86195, 7
86196, 6
86197, 4
86198, 9
86199, 6
86200, 7
86201, 3
86235, 1
86236, 1
86237, 2
86238, 6
86240, 2
86241, 6
86242, 2
86243, 6
86244, 2
86245, 1
86246, 11
86247, 3
86248, 5
86249, 11
86250, 3
86251, 1
86252, 10
86253, 1
86254, 8
86256, 1
86257, 3
86258, 11
86259, 4
86260, 6
86261, 3
86262, 9
86263, 10
86264, 9
86265, 2
86266, 3
86267, 2
86268, 2
86269, 15
86270, 5
86271, 3
86272, 10
86273, 10
86275, 4
86276, 7
86277, 3
86278, 4
86279, 5
86280, 3
86281, 5
86282, 3
86283, 2
86284, 5
86285, 8
86287, 7
86288, 2
86289, 2
86290, 2
86292, 4
86293, 3
86295, 2
86297, 2
86298, 2
86303, 3
86305, 2
95698, 1
95699, 2
95700, 1
95701, 1
95702, 1
95703, 1
95705, 1
95706, 4
95707, 1
95708, 2
95710, 3
95711, 1
95712, 3
95713, 4
95714, 4
95715, 3
95716, 6
95717, 3
95718, 3
95719, 6
95720, 3
95721, 2
95722, 2
95723, 8
95724, 6
95725, 13
95727, 6
95728, 9
95729, 6
95730, 9
95731, 11
95732, 8
95733, 8
95734, 7
95735, 4
95736, 2
95760, 1
95766, 2
95768, 4
95770, 2
95771, 1
95777, 4
95778, 2
95779, 3
95782, 9
95783, 3
95784, 6
95785, 1
95786, 7
95787, 12
95788, 4
95789, 3
95790, 4
95791, 5
95792, 3
95793, 2
95794, 7
95795, 9
95796, 2
95797, 8
95798, 3
95799, 3
95800, 4
95801, 3
95802, 2
95803, 9
95805, 4
95806, 4
95807, 3
95808, 10
95809, 2
95810, 6
95811, 4
95812, 9
95813, 2
95814, 6
95815, 4
95816, 3
95817, 5
95818, 6
95819, 7
95820, 5
95821, 6
95823, 6
95824, 5
95825, 4
95826, 8
95827, 2
95828, 3
95829, 1
95831, 5
95832, 2
95835, 2
95836, 2
95842, 1
95849, 2
95857, 1
95860, 1
95866, 1
95867, 1
95868, 1
95870, 1
95872, 2
95873, 5
95874, 3
95875, 1
95879, 3
95880, 5
95881, 5
95882, 3
95883, 3
95884, 4
95885, 6
95886, 5
95887, 8
95888, 6
95889, 6
95890, 1
95891, 1
95892, 5
95893, 5
95894, 4
95895, 1
95896, 1
95897, 9
95898, 7
95899, 6
95900, 9
95901, 5
95902, 7
95903, 12
95904, 2
95905, 8
95906, 16
95907, 3
95908, 5
95909, 6
95910, 6
95911, 4
95913, 6
95914, 5
95915, 7
95917, 7
95918, 2
95919, 10
95920, 11
95921, 10
95922, 1
95923, 11
95924, 13
95925, 8
95926, 7
95927, 2
95928, 2
95931, 1
95932, 6
95933, 5
95934, 6
95935, 5
95936, 1
95937, 2
95938, 8
95939, 6
95940, 6
95941, 9
95942, 3
95943, 11
95944, 6
95945, 2
95946, 3
95949, 9
95950, 4
95951, 1
95952, 1
95953, 3
95954, 1
95957, 1
95958, 2
95960, 1
95961, 1
95962, 1
95963, 2
95964, 1
95965, 1
95966, 1
95967, 1
95970, 1
95971, 2
95980, 2
95985, 3
95989, 2
96135, 3
96136, 3
96138, 1
96140, 1
96142, 2
96143, 2
96144, 4
96145, 2
96146, 5
96148, 2
96149, 4
96150, 3
96151, 1
96152, 1
96153, 1
96154, 4
96155, 2
96156, 9
96157, 2
96158, 4
96159, 8
96160, 1
96161, 5
96162, 8
96163, 9
96164, 2
96165, 9
96166, 4
96167, 5
96168, 10
96169, 8
96170, 20
96171, 12
96172, 10
96173, 4
96174, 15
96175, 2
96176, 3
96178, 2
96180, 2
96181, 2
96184, 3
96186, 2
96188, 3
96189, 1
96190, 2
96191, 3
96194, 2
96195, 2
96199, 2
96201, 3
96204, 1
96209, 7
96210, 4
96212, 1
96213, 2
96214, 7
96216, 1
96218, 1
96219, 2
96220, 9
96221, 6
96222, 1
96223, 2
96224, 2
96225, 2
96226, 4
96227, 4
96228, 1
96229, 3
96230, 3
96231, 3
96232, 9
96233, 5
96235, 1
96236, 6
96237, 12
96238, 9
96239, 3
96240, 2
96241, 3
96242, 2
96243, 2
96244, 5
96245, 5
96246, 4
96247, 1
96248, 3
96249, 1
96250, 2
96251, 2
96252, 6
96254, 2
96256, 2
96258, 6
96259, 1
96260, 1
96261, 3
96262, 2
96263, 2
96264, 1
96266, 1
96269, 2
96271, 2
96276, 2
96278, 2
96280, 2
96283, 2
96287, 2
96294, 1
96296, 1
96300, 5
96301, 1
96302, 1
96303, 2
96304, 4
96305, 1
96306, 2
96308, 3
96309, 7
96310, 1
96311, 2
96312, 6
96313, 2
96314, 1
96315, 3
96316, 1
96317, 3
96318, 2
96319, 3
96320, 4
96321, 7
96322, 9
96323, 10
96324, 15
96325, 4
96326, 12
96327, 8
96328, 5
96329, 3
96330, 15
96332, 5
96333, 9
96334, 8
96335, 4
96336, 7
96337, 4
96338, 6
96339, 4
96340, 3
96341, 2
96342, 6
96343, 8
96344, 8
96345, 1
96346, 11
96347, 4
96349, 2
96350, 6
96351, 3
96352, 9
96353, 7
96355, 5
96358, 3
96359, 6
96360, 2
96361, 7
96363, 5
96365, 3
96366, 3
96367, 2
96368, 9
96369, 8
96370, 6
96371, 3
96372, 15
96373, 2
96374, 5
96375, 4
96376, 5
96382, 2
96383, 3
96384, 5
96385, 4
96387, 3
96388, 3
96389, 3
96390, 5
96393, 5
96395, 2
96399, 2
96400, 5
96401, 1
96407, 1
96408, 4
96420, 2
105764, 1
105766, 2
105767, 2
105768, 1
105769, 1
105770, 1
105771, 2
105772, 4
105773, 2
105774, 1
105775, 1
105776, 1
105778, 1
105779, 1
105780, 4
105781, 3
105782, 3
105783, 5
105785, 6
105786, 4
105787, 4
105788, 3
105789, 1
105790, 6
105791, 1
105792, 7
105793, 2
105794, 7
105795, 8
105796, 2
105797, 6
105798, 6
105799, 6
105800, 4
105801, 3
105802, 7
105803, 4
105804, 7
105805, 3
105833, 1
105834, 1
105835, 1
105837, 4
105838, 1
105839, 2
105840, 7
105841, 5
105842, 1
105843, 1
105844, 1
105845, 1
105847, 1
105848, 7
105849, 5
105850, 2
105852, 2
105853, 3
105854, 2
105855, 4
105856, 5
105857, 7
105858, 1
105859, 5
105860, 1
105861, 1
105862, 5
105863, 7
105864, 10
105865, 13
105866, 6
105867, 6
105868, 2
105869, 4
105870, 11
105871, 5
105872, 10
105873, 7
105874, 6
105875, 8
105876, 3
105877, 7
105878, 4
105879, 4
105880, 10
105881, 6
105882, 9
105883, 2
105884, 3
105885, 9
105886, 7
105887, 7
105888, 4
105889, 3
105890, 1
105891, 8
105892, 1
105894, 1
105896, 7
105897, 1
105898, 1
105899, 1
105904, 2
105905, 1
105921, 2
106174, 2
106176, 1
106177, 1
106178, 2
106179, 1
106182, 4
106183, 4
106184, 1
106185, 1
106186, 1
106187, 2
106188, 3
106189, 2
106190, 4
106191, 2
106192, 2
106193, 4
106194, 2
106195, 2
106196, 2
106197, 3
106198, 5
106199, 5
106200, 5
106201, 3
106202, 8
106203, 1
106204, 5
106205, 2
106206, 10
106207, 6
106208, 9
106209, 8
106210, 9
106211, 10
106212, 4
106213, 1
106214, 2
106242, 2
106246, 7
106247, 8
106248, 1
106250, 6
106251, 5
106252, 6
106255, 2
106256, 3
106257, 3
106258, 2
106259, 2
106260, 5
106261, 3
106262, 4
106263, 8
106264, 11
106265, 6
106266, 1
106267, 9
106268, 5
106269, 7
106270, 6
106271, 12
106272, 6
106273, 12
106274, 12
106275, 1
106276, 5
106277, 5
106278, 4
106279, 6
106280, 3
106281, 2
106282, 2
106283, 4
106284, 10
106285, 3
106286, 5
106287, 4
106288, 2
106289, 8
106290, 7
106291, 5
106292, 9
106294, 2
106295, 9
106296, 3
106297, 5
106298, 1
106299, 2
106300, 2
106302, 3
106303, 2
106311, 3
106316, 2
106317, 1
106318, 1
115742, 1
115743, 2
115745, 1
115746, 3
115747, 3
115748, 1
115749, 1
115750, 1
115751, 1
115752, 1
115753, 2
115755, 4
115756, 3
115757, 1
115758, 1
115759, 2
115760, 3
115762, 2
115763, 4
115764, 7
115765, 7
115766, 2
115767, 4
115768, 8
115769, 3
115770, 5
115771, 6
115772, 11
115773, 5
115774, 8
115775, 7
115776, 3
115777, 3
115778, 11
115779, 6
115780, 6
115781, 11
115782, 6
115783, 2
115785, 1
115808, 1
115809, 1
115811, 2
115816, 3
115817, 1
115818, 2
115819, 2
115820, 4
115821, 1
115823, 6
115825, 2
115826, 4
115828, 8
115829, 6
115830, 3
115831, 2
115832, 2
115833, 2
115834, 3
115835, 2
115836, 1
115837, 5
115838, 1
115839, 7
115840, 5
115841, 9
115842, 2
115843, 2
115844, 13
115845, 12
115846, 6
115847, 5
115848, 4
115849, 3
115850, 6
115851, 13
115852, 8
115854, 5
115855, 2
115856, 8
115857, 7
115858, 5
115859, 4
115860, 2
115861, 6
115862, 1
115863, 4
115864, 6
115865, 4
115866, 5
115867, 8
115869, 1
115870, 12
115871, 3
115872, 9
115873, 5
115874, 2
115876, 5
115877, 3
115878, 3
115879, 2
115880, 6
115881, 4
115882, 3
115883, 3
115884, 4
115885, 3
115886, 6
115887, 3
115888, 4
115889, 3
115890, 2
115891, 7
115892, 3
115893, 10
115894, 2
115895, 1
115896, 4
115897, 3
115898, 4
115899, 4
115900, 3
115901, 4
115902, 7
115903, 10
115906, 4
115907, 2
115908, 4
115909, 5
115910, 4
115911, 6
115912, 2
115913, 4
115914, 2
115916, 6
115917, 4
115918, 5
115919, 3
115921, 1
115922, 2
115923, 1
115924, 1
115925, 1
115927, 11
115928, 3
115929, 3
115930, 2
115931, 1
115932, 1
115933, 2
115934, 2
115935, 3
115937, 2
115938, 2
115939, 1
115940, 4
115941, 3
115942, 2
115943, 2
115944, 2
115945, 3
115946, 3
115947, 2
115948, 5
115949, 7
115950, 3
115951, 4
115952, 6
115953, 4
115954, 5
115955, 7
115956, 2
115957, 10
115958, 4
115959, 1
115960, 8
115961, 3
115963, 3
115964, 4
115965, 6
115966, 6
115967, 10
115968, 3
115970, 2
115971, 5
115972, 4
115973, 4
115974, 4
115975, 5
115976, 4
115977, 4
115978, 1
115979, 3
115980, 6
115981, 2
115982, 1
115983, 2
115986, 1
115987, 1
115992, 1
115993, 1
115994, 1
115995, 8
115996, 3
115997, 1
116001, 2
116002, 2
116012, 3
116176, 1
116177, 2
116178, 1
116181, 4
116182, 5
116183, 3
116184, 3
116185, 1
116186, 6
116188, 1
116189, 8
116190, 6
116191, 3
116192, 6
116193, 5
116194, 3
116195, 3
116196, 5
116197, 5
116198, 6
116199, 8
116200, 1
116201, 5
116202, 4
116203, 4
116204, 8
116205, 10
116206, 9
116207, 6
116208, 11
116209, 13
116210, 7
116211, 19
116212, 11
116213, 6
116214, 9
116215, 1
116216, 1
116220, 2
116228, 1
116229, 1
116233, 2
116239, 1
116240, 1
116243, 2
116244, 2
116246, 2
116247, 1
116248, 2
116249, 3
116250, 3
116254, 1
116255, 5
116256, 5
116257, 1
116258, 6
116259, 1
116261, 5
116262, 2
116264, 1
116265, 2
116267, 4
116268, 6
116269, 4
116270, 5
116271, 2
116272, 3
116273, 3
116274, 5
116275, 3
116276, 3
116277, 8
116278, 9
116279, 3
116280, 5
116281, 5
116283, 1
116284, 2
116285, 3
116286, 5
116287, 2
116288, 3
116289, 4
116290, 7
116291, 4
116292, 2
116293, 3
116294, 4
116295, 5
116297, 1
116298, 3
116299, 3
116300, 3
116302, 2
116304, 1
116305, 3
116309, 3
116312, 6
116313, 1
116314, 1
116315, 1
116321, 1
116322, 3
116335, 2
116421, 1
116422, 2
116423, 5
116424, 1
116425, 2
116426, 2
116428, 2
116429, 1
116430, 2
116431, 2
116432, 2
116433, 1
116436, 3
116437, 1
116438, 2
116439, 3
116440, 2
116441, 4
116442, 2
116443, 2
116444, 7
116445, 10
116446, 2
116447, 6
116448, 4
116449, 6
116450, 5
116451, 4
116452, 8
116453, 5
116454, 10
116455, 6
116456, 7
116457, 6
116458, 10
116459, 10
116460, 8
116461, 2
116462, 2
116466, 2
116479, 2
116480, 1
116481, 2
116486, 3
116490, 2
116496, 3
116500, 3
116501, 1
116502, 2
116504, 2
116505, 8
116506, 1
116507, 5
116508, 4
116509, 2
116510, 9
116511, 9
116512, 3
116513, 10
116514, 9
116515, 6
116516, 2
116517, 4
116518, 3
116519, 3
116520, 3
116521, 5
116522, 4
116523, 2
116524, 2
116525, 14
116526, 9
116527, 5
116528, 4
116529, 14
116530, 4
116531, 2
116532, 7
116533, 2
116534, 1
116535, 3
116536, 5
116537, 8
116538, 6
116539, 4
116540, 2
116541, 6
116542, 2
116544, 4
116545, 2
116548, 2
116549, 4
116551, 4
116552, 2
116553, 1
116554, 1
116557, 2
116564, 1
116569, 3
116571, 2
125791, 1
125795, 1
125797, 1
125798, 1
125800, 2
125801, 5
125802, 3
125803, 4
125804, 2
125805, 2
125806, 4
125807, 3
125808, 7
125809, 3
125810, 3
125811, 4
125812, 3
125813, 2
125814, 3
125815, 5
125816, 5
125817, 11
125818, 13
125819, 3
125820, 1
125821, 9
125822, 11
125823, 10
125824, 5
125825, 19
125826, 4
125827, 10
125828, 15
125829, 13
125830, 14
125831, 9
125832, 7
125833, 1
125862, 2
125863, 1
125868, 1
125869, 1
125870, 1
125871, 1
125873, 1
125874, 1
125875, 1
125876, 2
125877, 2
125879, 1
125880, 6
125881, 5
125882, 2
125883, 5
125884, 6
125885, 3
125886, 7
125887, 2
125888, 2
125889, 4
125891, 7
125892, 6
125893, 6
125894, 4
125895, 7
125896, 4
125897, 3
125898, 6
125899, 3
125900, 4
125901, 5
125902, 5
125903, 1
125904, 1
125905, 4
125906, 3
125907, 7
125908, 4
125909, 1
125910, 3
125911, 5
125912, 1
125914, 6
125915, 5
125916, 1
125917, 4
125919, 2
125920, 3
125921, 3
125923, 5
125924, 2
125925, 3
125926, 3
125929, 1
125930, 1
125934, 1
125935, 1
125936, 1
125937, 1
126138, 3
126139, 1
126140, 2
126142, 1
126143, 2
126144, 2
126145, 1
126146, 3
126147, 5
126148, 3
126149, 1
126150, 2
126151, 3
126152, 2
126153, 1
126154, 6
126155, 4
126156, 4
126157, 2
126158, 4
126159, 1
126160, 5
126161, 5
126162, 3
126163, 5
126164, 3
126165, 3
126166, 4
126167, 6
126168, 8
126169, 9
126170, 2
126171, 13
126172, 5
126173, 10
126174, 14
126175, 8
126176, 6
126177, 2
126203, 2
126208, 1
126212, 1
126213, 1
126214, 1
126215, 1
126217, 2
126218, 1
126220, 4
126222, 2
126223, 2
126224, 2
126225, 3
126226, 3
126227, 6
126228, 1
126229, 1
126230, 1
126231, 6
126232, 6
126234, 2
126235, 2
126236, 2
126238, 2
126239, 3
126240, 3
126241, 4
126242, 4
126243, 4
126244, 4
126245, 6
126246, 6
126247, 4
126248, 3
126249, 3
126250, 3
126251, 4
126252, 1
126254, 4
126255, 1
126256, 1
126257, 4
126259, 1
126261, 2
126262, 2
126263, 2
126264, 1
126265, 1
126267, 1
126269, 2
126271, 3
126272, 1
126274, 2
126275, 1
126279, 1
126284, 1
135430, 1
135434, 2
135435, 1
135436, 3
135437, 3
135439, 4
135441, 4
135442, 3
135443, 3
135445, 1
135446, 3
135447, 3
135448, 1
135449, 5
135451, 3
135452, 3
135453, 7
135454, 1
135455, 1
135456, 2
135457, 6
135458, 8
135459, 9
135460, 6
135461, 3
135462, 9
135463, 12
135464, 5
135465, 8
135466, 6
135467, 10
135468, 5
135469, 16
135470, 9
135471, 5
135498, 1
135504, 2
135506, 1
135509, 3
135512, 1
135513, 1
135514, 2
135515, 4
135516, 2
135517, 1
135518, 3
135519, 3
135520, 1
135521, 2
135522, 1
135523, 2
135524, 5
135525, 6
135526, 5
135528, 4
135529, 2
135530, 6
135531, 4
135532, 4
135533, 2
135534, 4
135535, 4
135536, 6
135537, 2
135538, 5
135539, 5
135540, 9
135541, 5
135542, 7
135543, 7
135544, 5
135545, 6
135546, 8
135547, 8
135548, 5
135549, 12
135550, 8
135551, 6
135552, 5
135553, 10
135554, 4
135555, 5
135556, 7
135557, 9
135558, 11
135559, 13
135560, 5
135561, 6
135562, 4
135563, 8
135564, 11
135565, 8
135566, 10
135567, 5
135568, 4
135569, 3
135570, 3
135571, 6
135572, 8
135573, 6
135574, 6
135575, 3
135576, 3
135577, 4
135578, 4
135579, 1
135581, 2
135582, 7
135583, 3
135584, 1
135585, 1
135589, 2
135590, 3
135591, 5
135592, 1
135593, 2
135594, 1
135596, 1
135597, 2
135599, 1
135600, 2
135602, 1
135603, 1
135607, 2
135608, 1
135610, 2
135611, 1
135613, 1
135614, 3
135618, 2
135619, 4
135620, 1
135621, 1
135622, 1
135623, 1
135631, 1
135632, 1
135633, 3
135634, 4
135635, 1
135636, 1
135638, 1
135639, 1
135640, 4
135641, 1
135642, 1
135644, 2
135649, 1
135650, 1
135654, 1
