0, 0
19, 0
22, 0
27, 0
28, 0
32, 0
33, 0
38, 0
39, 0
43, 0
44, 0
47, 0
49, 0
51, 0
52, 0
54, 0
55, 0
56, 0
58, 0
59, 0
60, 0
61, 0
62, 0
63, 0
64, 0
65, 0
66, 0
67, 0
69, 0
70, 0
71, 0
72, 0
73, 0
74, 0
75, 0
76, 0
77, 7
78, 0
79, 0
80, 0
81, 0
82, 0
83, 0
84, 0
85, 0
86, 0
87, 0
88, 0
89, 0
90, 0
91, 0
92, 0
94, 0
95, 0
96, 8
97, 0
98, 0
99, 8
100, 0
101, 0
102, 0
103, 0
104, 8
105, 24
106, 0
107, 0
108, 0
109, 8
110, 0
111, 7
112, 0
113, 0
114, 0
115, 0
116, 25
117, 0
118, 0
119, 0
121, 16
122, 0
123, 0
124, 8
125, 7
126, 24
127, 7
128, 8
129, 8
130, 0
132, 24
133, 16
134, 0
135, 16
136, 8
137, 8
138, 16
139, 8
140, 32
141, 8
142, 23
143, 7
144, 24
146, 24
147, 32
148, 57
149, 7
150, 16
151, 23
152, 41
153, 8
154, 64
155, 7
156, 49
157, 47
158, 40
159, 54
160, 24
161, 8
162, 8
163, 24
164, 16
165, 16
166, 8
167, 16
168, 41
169, 32
171, 32
172, 24
173, 55
174, 16
175, 57
176, 24
177, 16
178, 8
179, 24
180, 32
181, 16
182, 49
183, 32
184, 8
185, 32
186, 16
187, 24
188, 15
189, 39
190, 32
191, 40
192, 40
193, 48
194, 40
195, 24
196, 32
197, 16
198, 25
199, 16
200, 31
201, 7
202, 23
203, 8
204, 16
205, 24
206, 8
207, 24
208, 23
209, 8
210, 15
211, 7
212, 47
213, 7
214, 16
215, 7
217, 16
218, 32
219, 24
221, 23
222, 16
224, 15
225, 25
226, 16
227, 24
228, 23
229, 23
230, 15
231, 8
232, 16
233, 64
234, 32
235, 7
236, 23
237, 7
238, 39
239, 32
240, 46
242, 79
243, 32
244, 47
245, 48
246, 16
247, 7
248, 16
249, 24
250, 15
251, 16
252, 7
253, 23
254, 40
255, 23
256, 8
257, 31
258, 56
259, 32
260, 33
261, 24
262, 23
263, 15
264, 24
265, 24
266, 8
267, 40
268, 40
269, 23
270, 16
271, 23
272, 31
273, 15
274, 24
275, 32
276, 49
277, 56
278, 16
279, 39
280, 39
281, 15
282, 41
283, 7
284, 40
285, 15
286, 24
287, 16
288, 7
289, 16
290, 16
291, 15
292, 15
293, 38
295, 24
297, 23
298, 38
299, 8
300, 16
303, 40
304, 8
305, 23
306, 16
307, 8
308, 7
309, 23
310, 8
311, 23
312, 24
313, 32
314, 15
315, 8
316, 15
317, 16
318, 40
319, 48
320, 23
321, 24
322, 8
323, 49
324, 16
325, 31
326, 23
327, 40
328, 64
329, 40
330, 49
331, 16
332, 15
333, 24
334, 16
335, 23
336, 16
337, 8
338, 16
339, 24
340, 48
341, 8
342, 24
343, 57
344, 16
345, 48
346, 16
347, 39
348, 16
349, 15
350, 7
351, 31
352, 40
353, 24
354, 40
355, 8
356, 32
357, 24
358, 7
359, 24
360, 32
361, 23
362, 73
363, 23
364, 56
365, 24
366, 24
367, 40
368, 15
369, 32
370, 24
371, 15
372, 8
373, 23
374, 16
375, 7
376, 16
377, 32
378, 16
379, 15
380, 8
381, 15
382, 24
383, 33
384, 7
385, 24
388, 8
389, 23
390, 39
391, 16
392, 8
393, 8
394, 24
396, 24
397, 24
398, 7
399, 39
400, 16
401, 7
402, 15
403, 15
404, 56
405, 40
406, 7
407, 23
408, 15
409, 40
410, 32
411, 39
412, 25
413, 40
414, 56
415, 31
416, 54
417, 16
418, 8
419, 24
420, 24
421, 7
422, 16
423, 16
424, 24
425, 56
428, 40
429, 56
430, 24
431, 49
432, 41
433, 16
434, 8
435, 16
436, 23
437, 24
438, 32
439, 40
440, 15
441, 24
442, 23
443, 16
444, 31
445, 16
446, 31
447, 32
448, 63
449, 40
450, 16
451, 55
452, 7
453, 49
455, 40
456, 16
457, 15
458, 23
459, 16
460, 8
461, 16
462, 15
463, 32
464, 24
466, 16
467, 16
468, 31
469, 22
470, 8
471, 15
473, 8
474, 23
475, 31
476, 8
477, 16
478, 8
479, 15
480, 16
481, 24
482, 16
483, 24
484, 32
485, 16
486, 16
488, 16
489, 23
490, 80
491, 8
492, 16
493, 15
494, 41
495, 16
496, 40
497, 31
498, 40
499, 48
500, 39
501, 56
502, 33
503, 8
504, 16
505, 16
506, 16
507, 24
509, 15
510, 40
511, 38
512, 8
513, 25
514, 48
515, 32
516, 32
517, 41
518, 23
519, 16
520, 8
521, 23
522, 32
523, 32
524, 33
525, 32
527, 40
528, 16
529, 25
530, 24
531, 23
532, 40
533, 40
534, 38
535, 15
536, 79
537, 16
538, 32
539, 15
540, 32
541, 16
542, 23
543, 16
544, 15
546, 24
547, 15
548, 24
549, 31
550, 8
551, 8
552, 15
553, 23
554, 33
555, 7
556, 24
559, 24
560, 24
561, 24
562, 8
563, 16
564, 15
566, 15
567, 24
568, 23
569, 24
570, 23
571, 15
572, 16
573, 8
574, 24
575, 65
576, 24
577, 8
578, 32
579, 33
580, 15
581, 24
582, 47
583, 24
584, 56
585, 40
586, 72
587, 16
588, 16
589, 8
590, 24
591, 24
592, 7
593, 16
594, 8
595, 23
596, 56
597, 7
598, 16
599, 31
600, 56
601, 16
602, 48
603, 32
604, 16
605, 16
606, 24
607, 15
608, 32
609, 25
610, 48
611, 7
612, 41
613, 16
614, 16
615, 15
616, 40
617, 24
618, 33
619, 56
620, 24
621, 57
622, 32
623, 25
624, 31
625, 8
626, 40
627, 16
628, 8
629, 23
630, 7
631, 23
632, 8
633, 16
634, 41
635, 15
637, 24
639, 39
640, 23
642, 23
645, 40
646, 24
647, 7
648, 8
649, 15
650, 16
651, 16
652, 16
653, 24
654, 16
655, 31
656, 15
657, 16
658, 7
659, 16
660, 32
661, 64
662, 15
663, 8
664, 31
665, 33
666, 16
667, 56
668, 7
669, 48
670, 55
671, 40
672, 49
673, 24
674, 8
675, 8
676, 31
677, 23
678, 8
679, 15
680, 16
681, 49
682, 23
684, 31
685, 32
686, 55
687, 33
688, 25
689, 32
690, 7
691, 15
692, 40
693, 8
694, 41
695, 32
696, 31
697, 25
698, 16
699, 24
700, 24
701, 8
702, 40
703, 32
704, 47
705, 32
706, 49
707, 30
708, 23
709, 32
710, 23
711, 16
712, 39
713, 7
714, 7
715, 30
716, 8
717, 15
718, 23
719, 16
720, 32
721, 7
722, 8
723, 15
724, 32
725, 31
727, 24
730, 16
731, 32
732, 24
733, 8
734, 15
735, 8
736, 16
737, 7
738, 24
739, 23
740, 40
741, 8
742, 25
743, 7
745, 31
746, 40
747, 55
748, 8
749, 15
750, 32
751, 24
752, 32
753, 39
754, 32
755, 48
756, 57
757, 49
758, 24
759, 15
760, 7
761, 24
762, 23
763, 16
764, 7
765, 8
766, 40
767, 39
768, 7
769, 33
770, 24
771, 40
772, 32
773, 40
774, 33
775, 7
776, 16
777, 32
778, 16
779, 24
780, 32
781, 39
782, 15
783, 33
784, 23
785, 8
786, 23
787, 40
788, 25
789, 47
790, 31
791, 15
792, 71
793, 31
794, 16
795, 31
796, 24
797, 23
798, 32
799, 8
800, 23
802, 24
803, 7
804, 15
805, 31
806, 24
808, 25
809, 25
810, 32
811, 8
812, 16
813, 7
815, 8
816, 23
817, 31
818, 16
819, 8
820, 15
821, 7
822, 16
823, 16
824, 32
825, 16
826, 32
827, 16
828, 16
829, 8
830, 16
831, 40
832, 48
833, 15
834, 8
835, 40
836, 8
837, 31
838, 56
839, 7
840, 48
841, 63
842, 31
843, 47
844, 23
845, 16
846, 16
847, 24
848, 7
849, 15
850, 15
851, 24
852, 16
853, 46
855, 32
856, 32
857, 56
858, 25
859, 40
860, 23
861, 15
862, 24
863, 8
864, 23
865, 23
866, 47
867, 32
869, 47
870, 7
871, 24
872, 15
873, 46
874, 16
875, 73
876, 16
877, 39
878, 39
879, 31
880, 40
881, 7
882, 31
883, 24
884, 15
885, 15
886, 16
887, 16
888, 7
889, 23
890, 16
891, 31
892, 7
893, 16
894, 8
895, 32
896, 32
898, 16
899, 7
901, 32
902, 15
903, 24
904, 16
905, 8
906, 16
907, 16
909, 32
910, 15
911, 32
912, 15
913, 15
914, 15
915, 16
916, 8
917, 64
918, 31
919, 7
920, 31
921, 16
922, 31
923, 32
924, 39
925, 16
926, 72
927, 40
928, 65
929, 16
930, 16
931, 15
932, 16
933, 23
934, 8
935, 7
936, 15
937, 32
938, 56
940, 24
941, 40
942, 32
943, 23
944, 40
945, 47
946, 8
947, 16
948, 24
949, 24
950, 24
951, 32
952, 40
953, 8
954, 23
955, 31
956, 25
957, 16
958, 25
959, 32
960, 58
961, 40
962, 32
963, 40
964, 31
965, 8
966, 39
967, 7
968, 39
969, 32
970, 16
971, 8
972, 15
973, 16
974, 7
975, 15
976, 39
977, 15
979, 16
980, 16
981, 48
982, 7
983, 8
984, 15
986, 8
987, 31
988, 32
990, 24
992, 15
993, 16
994, 16
995, 24
996, 32
997, 25
999, 31
1001, 24
1002, 57
1003, 24
1004, 23
1005, 24
1006, 25
1007, 24
1008, 40
1009, 40
1010, 8
1011, 57
1012, 31
1013, 55
1014, 40
1015, 32
1017, 24
1018, 32
1019, 8
1020, 7
1021, 15
1022, 16
1023, 57
1024, 14
1026, 24
1027, 63
1028, 23
1029, 33
1030, 31
1031, 31
1032, 16
1033, 15
1034, 24
1035, 15
1036, 40
1037, 32
1038, 31
1039, 16
1040, 15
1041, 23
1042, 31
1043, 24
1044, 23
1045, 31
1046, 46
1047, 31
1048, 48
1049, 57
1051, 49
1052, 7
1053, 32
1054, 23
1055, 15
1056, 24
1057, 8
1058, 15
1059, 16
1060, 8
1061, 40
1062, 25
1064, 16
1065, 7
1066, 32
1067, 31
1069, 24
1072, 33
1073, 24
1074, 16
1075, 16
1076, 16
1077, 8
1078, 8
1079, 7
1080, 32
1081, 24
1082, 24
1083, 23
1084, 8
1085, 15
1086, 16
1087, 16
1088, 72
1089, 24
1090, 7
1091, 24
1093, 37
1094, 47
1095, 32
1096, 40
1097, 39
1098, 38
1099, 39
1100, 55
1101, 7
1102, 8
1103, 33
1104, 7
1105, 15
1106, 16
1107, 7
1108, 31
1109, 56
1111, 23
1112, 32
1113, 48
1114, 23
1115, 31
1116, 48
1117, 16
1119, 23
1120, 32
1121, 32
1122, 32
1123, 32
1124, 15
1125, 24
1126, 23
1127, 16
1128, 24
1129, 40
1130, 15
1131, 57
1132, 40
1133, 32
1134, 40
1135, 23
1136, 24
1137, 31
1138, 15
1139, 47
1140, 16
1141, 8
1142, 24
1143, 8
1144, 16
1145, 8
1146, 31
1147, 24
1148, 15
1149, 8
1150, 16
1151, 16
1152, 40
1153, 7
1154, 8
1155, 15
1157, 8
1158, 32
1159, 23
1160, 16
1161, 16
1162, 7
1163, 7
1164, 15
1165, 16
1166, 15
1167, 23
1168, 32
1169, 24
1170, 16
1172, 41
1173, 16
1174, 62
1175, 8
1176, 24
1177, 16
1178, 33
1179, 23
1180, 39
1181, 31
1182, 49
1183, 40
1184, 73
1185, 24
1186, 24
1187, 7
1188, 8
1189, 30
1190, 16
1191, 16
1192, 7
1193, 24
1194, 48
1195, 15
1197, 57
1198, 41
1199, 8
1200, 40
1201, 48
1202, 15
1203, 16
1204, 16
1205, 24
1206, 15
1207, 47
1208, 40
1209, 15
1210, 16
1211, 32
1212, 8
1213, 31
1214, 16
1215, 39
1216, 24
1217, 55
1218, 23
1219, 48
1220, 39
1221, 24
1222, 49
1224, 24
1225, 32
1226, 15
1227, 24
1228, 8
1229, 7
1230, 23
1231, 16
1232, 24
1233, 23
1234, 7
1235, 24
1237, 24
1238, 38
1240, 23
1243, 15
1244, 39
1245, 16
1246, 16
1247, 16
1248, 8
1249, 16
1251, 40
1252, 16
1253, 31
1254, 7
1255, 23
1256, 7
1257, 8
1258, 39
1259, 24
1260, 46
1261, 16
1262, 16
1263, 48
1264, 25
1265, 41
1266, 16
1267, 49
1268, 48
1269, 40
1270, 49
1271, 15
1272, 23
1273, 15
1274, 24
1275, 24
1276, 16
1277, 8
1278, 8
1279, 41
1280, 40
1282, 32
1283, 57
1284, 24
1285, 24
1286, 32
1287, 41
1288, 7
1289, 16
1290, 32
1291, 16
1292, 33
1293, 32
1294, 32
1295, 16
1296, 16
1297, 31
1298, 16
1299, 32
1300, 24
1301, 15
1302, 73
1303, 32
1304, 16
1305, 64
1306, 24
1307, 32
1308, 23
1309, 16
1310, 40
1311, 16
1312, 8
1313, 23
1314, 16
1315, 8
1316, 16
1317, 16
1318, 32
1319, 16
1321, 24
1322, 24
1323, 24
1324, 15
1325, 8
1326, 15
1328, 15
1329, 24
1330, 32
1331, 8
1332, 7
1333, 16
1334, 7
1335, 15
1336, 24
1337, 24
1338, 23
1339, 24
1340, 8
1341, 15
1342, 16
1343, 15
1344, 40
1345, 47
1346, 16
1347, 16
1348, 24
1349, 39
1350, 32
1351, 32
1352, 16
1353, 64
1354, 55
1355, 32
1356, 39
1357, 15
1358, 16
1359, 16
1360, 23
1361, 15
1362, 8
1363, 15
1364, 33
1365, 16
1366, 38
1367, 8
1368, 40
1369, 40
1370, 23
1371, 48
1372, 40
1373, 16
1374, 8
1375, 16
1376, 23
1377, 32
1378, 7
1379, 55
1380, 23
1381, 24
1382, 24
1383, 7
1384, 31
1385, 24
1386, 31
1387, 40
1388, 49
1389, 23
1390, 48
1391, 32
1392, 23
1393, 41
1394, 7
1395, 41
1396, 32
1398, 24
1399, 7
1400, 24
1401, 8
1402, 24
1403, 8
1404, 39
1406, 8
1407, 15
1408, 40
1409, 16
1410, 7
1411, 23
1413, 8
1414, 16
1415, 31
1416, 16
1417, 15
1418, 8
1419, 15
1420, 16
1421, 8
1422, 40
1423, 8
1424, 16
1425, 39
1426, 8
1427, 7
1428, 25
1429, 32
1430, 32
1431, 38
1432, 8
1433, 23
1434, 32
1435, 24
1436, 49
1437, 16
1438, 49
1439, 56
1440, 49
1441, 33
1442, 23
1443, 15
1444, 24
1445, 24
1446, 8
1447, 7
1448, 24
1449, 8
1450, 49
1451, 32
1453, 33
1454, 49
1455, 7
1456, 47
1457, 39
1458, 24
1459, 15
1460, 24
1461, 16
1462, 24
1463, 25
1464, 31
1465, 47
1467, 40
1468, 15
1469, 16
1470, 31
1471, 24
1472, 40
1473, 47
1474, 24
1475, 40
1476, 49
1477, 23
1478, 15
1479, 40
1480, 16
1481, 23
1482, 15
1483, 23
1484, 23
1486, 23
1487, 16
1488, 24
1489, 24
1490, 16
1492, 24
1493, 25
1494, 40
1496, 16
1497, 7
1499, 7
1500, 39
1501, 24
1502, 8
1503, 8
1504, 15
1505, 16
1506, 8
1507, 24
1508, 23
1509, 24
1510, 24
1511, 16
1512, 16
1514, 23
1515, 55
1516, 40
1517, 16
1518, 16
1519, 7
1520, 48
1521, 31
1522, 32
1523, 24
1524, 57
1525, 24
1526, 79
1527, 23
1528, 24
1529, 8
1530, 7
1531, 31
1532, 15
1533, 16
1534, 8
1535, 32
1536, 48
1537, 7
1538, 8
1539, 31
1540, 56
1541, 23
1542, 8
1543, 71
1544, 7
1545, 16
1546, 16
1547, 24
1548, 23
1549, 40
1550, 40
1551, 15
1552, 25
1553, 31
1554, 8
1555, 24
1556, 25
1557, 31
1558, 49
1559, 41
1560, 24
1561, 47
1562, 32
1563, 23
1564, 40
1565, 7
1566, 40
1567, 24
1568, 16
1569, 8
1570, 15
1571, 16
1572, 16
1573, 15
1574, 32
1575, 23
1577, 16
1578, 16
1579, 24
1580, 31
1582, 24
1585, 39
1586, 24
1587, 7
1588, 7
1589, 24
1590, 8
1591, 16
1592, 8
1593, 32
1594, 15
1595, 31
1596, 8
1597, 32
1599, 16
1600, 24
1601, 73
1602, 7
1603, 15
1604, 15
1605, 56
1607, 65
1608, 7
1609, 41
1610, 55
1611, 24
1612, 39
1613, 55
1614, 8
1615, 15
1616, 16
1617, 23
1618, 8
1619, 24
1620, 16
1621, 41
1622, 31
1624, 32
1625, 49
1626, 31
1627, 24
1628, 49
1629, 23
1630, 16
1631, 8
1632, 23
1633, 15
1634, 48
1635, 25
1636, 32
1637, 15
1638, 32
1639, 16
1640, 16
1641, 23
1642, 48
1643, 24
1644, 56
1645, 23
1646, 57
1647, 24
1648, 23
1649, 32
1650, 23
1651, 33
1652, 23
1653, 16
1654, 24
1655, 8
1656, 8
1657, 15
1658, 8
1659, 31
1660, 32
1661, 7
1662, 16
1663, 8
1664, 24
1665, 24
1666, 15
1667, 24
1670, 16
1671, 23
1672, 32
1673, 8
1674, 16
1675, 8
1676, 16
1677, 7
1678, 24
1679, 24
1680, 32
1681, 16
1682, 15
1683, 15
1684, 8
1685, 25
1686, 48
1687, 39
1688, 7
1689, 33
1690, 16
1691, 31
1692, 24
1693, 40
1694, 32
1695, 56
1696, 40
1697, 65
1698, 7
1699, 31
1700, 8
1701, 7
1702, 31
1703, 16
1704, 16
1705, 8
1706, 24
1707, 38
1708, 22
1709, 8
1710, 40
1711, 47
1712, 24
1713, 40
1714, 41
1715, 8
1716, 24
1717, 8
1718, 31
1719, 24
1720, 32
1721, 49
1722, 7
1723, 24
1724, 24
1725, 16
1726, 23
1727, 23
1728, 23
1729, 39
1730, 64
1731, 24
1732, 57
1733, 32
1734, 16
1735, 31
1736, 7
1737, 31
1738, 23
1739, 24
1740, 25
1742, 16
1743, 7
1744, 24
1745, 40
1746, 16
1748, 16
1749, 8
1750, 48
1751, 16
1752, 16
1753, 7
1755, 16
1756, 24
1757, 16
1758, 16
1759, 16
1760, 8
1761, 15
1762, 7
1763, 16
1764, 23
1765, 24
1766, 32
1767, 7
1768, 24
1769, 7
1770, 25
1771, 32
1772, 57
1773, 15
1774, 25
1775, 8
1776, 40
1777, 33
1778, 41
1779, 8
1780, 57
1781, 48
1782, 40
1783, 40
1784, 40
1786, 24
1787, 8
1788, 23
1789, 16
1790, 16
1792, 57
1793, 30
1794, 8
1795, 24
1796, 24
1797, 55
1798, 16
1799, 47
1800, 31
1801, 16
1802, 8
1803, 31
1804, 7
1805, 24
1806, 48
1807, 22
1808, 31
1809, 25
1810, 15
1811, 23
1812, 16
1813, 48
1814, 16
1815, 31
1816, 55
1817, 41
1818, 31
1819, 31
1820, 32
1821, 23
1822, 8
1823, 48
1824, 16
1825, 16
1826, 16
1827, 8
1828, 16
1829, 23
1830, 8
1831, 31
1832, 15
1833, 8
1834, 15
1835, 33
1836, 24
1837, 7
1838, 16
1839, 7
1841, 16
1842, 32
1843, 23
1845, 23
1846, 8
1847, 24
1849, 24
1850, 16
1851, 24
1852, 30
1853, 16
1854, 16
1856, 24
1857, 39
1858, 54
1859, 16
1860, 23
1861, 16
1862, 23
1863, 32
1864, 48
1865, 16
1866, 63
1867, 32
1868, 74
1869, 7
1870, 31
1871, 16
1872, 16
1873, 15
1874, 15
1875, 25
1877, 24
1878, 64
1880, 16
1881, 32
1882, 46
1883, 15
1884, 46
1885, 40
1886, 15
1887, 7
1888, 16
1889, 40
1891, 57
1892, 40
1893, 8
1894, 24
1895, 24
1896, 15
1897, 15
1898, 40
1899, 16
1900, 71
1901, 25
1902, 15
1903, 64
1904, 40
1905, 8
1906, 47
1908, 32
1909, 31
1910, 16
1911, 24
1913, 24
1914, 8
1915, 16
1916, 24
1917, 30
1919, 24
1920, 8
1921, 41
1922, 15
1923, 16
1925, 7
1926, 16
1927, 24
1928, 15
1929, 16
1930, 15
1931, 7
1932, 15
1933, 8
1934, 7
1935, 40
1936, 15
1937, 41
1938, 8
1939, 24
1941, 8
1942, 47
1943, 65
1945, 15
1946, 23
1947, 33
1948, 24
1949, 48
1950, 15
1951, 48
1952, 56
1953, 40
1954, 48
1955, 16
1956, 15
1957, 7
1958, 40
1959, 8
1960, 16
1961, 15
1962, 16
1963, 49
1964, 23
1965, 8
1966, 32
1967, 25
1968, 47
1969, 7
1970, 64
1971, 23
1972, 16
1973, 15
1974, 24
1975, 24
1976, 16
1977, 39
1978, 39
1980, 39
1981, 23
1982, 16
1983, 23
1984, 32
1985, 24
1986, 55
1987, 32
1988, 31
1989, 39
1990, 31
1991, 24
1992, 30
1993, 24
1994, 32
1995, 16
1996, 8
1997, 23
1998, 8
1999, 16
2000, 15
2001, 32
2002, 24
2003, 7
2004, 16
2005, 8
2006, 24
2007, 40
2009, 24
2012, 24
2013, 15
2014, 23
2015, 24
2016, 8
2017, 7
2018, 7
2019, 15
2020, 24
2021, 32
2022, 16
2023, 23
2024, 24
2025, 7
2026, 8
2027, 32
2028, 32
2029, 48
2030, 16
2031, 16
2032, 23
2033, 32
2034, 41
2035, 32
2036, 24
2037, 62
2038, 40
2039, 40
2040, 32
2041, 23
2042, 8
2043, 24
2044, 23
2045, 7
2046, 16
2047, 7
2048, 32
2049, 48
2050, 7
2051, 8
2052, 39
2053, 57
2054, 7
2055, 48
2056, 40
2057, 16
2058, 7
2059, 16
2060, 31
2061, 24
2062, 31
2063, 48
2064, 7
2065, 32
2066, 15
2067, 7
2068, 31
2069, 24
2070, 39
2071, 48
2072, 49
2073, 16
2074, 64
2075, 15
2076, 32
2077, 24
2078, 7
2079, 56
2080, 7
2081, 16
2082, 16
2083, 24
2084, 8
2086, 23
2087, 39
2088, 16
2090, 15
2091, 16
2092, 31
2093, 23
2095, 23
2097, 16
2099, 46
2100, 8
2101, 16
2102, 8
2103, 15
2104, 15
2106, 31
2107, 23
2108, 23
2109, 15
2110, 23
2111, 7
2112, 32
2113, 32
2114, 48
2115, 15
2116, 24
2117, 8
2118, 32
2119, 23
2120, 47
2121, 15
2122, 48
2123, 47
2124, 48
2125, 47
2126, 25
2127, 7
2128, 15
2129, 32
2130, 7
2131, 7
2132, 15
2133, 32
2134, 41
2135, 24
2137, 23
2138, 64
2139, 8
2140, 47
2141, 40
2142, 24
2143, 7
2144, 15
2145, 23
2146, 40
2147, 33
2148, 32
2149, 23
2150, 16
2151, 23
2152, 15
2153, 24
2154, 24
2155, 40
2156, 32
2157, 56
2158, 15
2159, 57
2160, 40
2161, 16
2162, 40
2163, 7
2164, 24
2165, 32
2166, 15
2167, 16
2168, 15
2169, 16
2170, 8
2171, 16
2172, 15
2173, 39
2174, 7
2175, 8
2176, 16
2177, 24
2178, 32
2179, 7
2180, 16
2181, 7
2182, 8
2183, 25
2184, 16
2185, 15
2186, 24
2187, 7
2188, 8
2189, 24
2191, 33
2192, 24
2193, 8
2194, 31
2195, 15
2196, 15
2197, 8
2198, 33
2199, 39
2200, 39
2201, 16
2202, 8
2203, 39
2204, 24
2205, 30
2206, 38
2207, 24
2208, 56
2209, 31
2210, 46
2211, 38
2212, 23
2213, 8
2214, 15
2215, 23
2216, 16
2217, 15
2218, 7
2219, 57
2220, 32
2222, 24
2223, 8
2224, 64
2225, 32
2226, 24
2227, 48
2228, 15
2229, 15
2230, 24
2231, 23
2232, 16
2233, 31
2234, 32
2235, 23
2236, 24
2237, 15
2238, 32
2239, 15
2240, 39
2241, 23
2242, 32
2243, 56
2244, 16
2245, 63
2246, 32
2247, 25
2248, 23
2249, 16
2250, 39
2251, 15
2252, 7
2253, 24
2254, 15
2255, 15
2256, 8
2257, 15
2258, 32
2259, 23
2261, 15
2262, 15
2263, 47
2264, 8
2265, 8
2266, 15
2269, 39
2270, 24
2271, 16
2273, 23
2274, 7
2275, 7
2276, 16
2277, 23
2278, 24
2279, 39
2280, 16
2281, 8
2282, 7
2283, 24
2284, 23
2285, 46
2286, 31
2287, 24
2288, 16
2289, 32
2290, 24
2291, 39
2292, 23
2293, 56
2294, 40
2295, 40
2296, 54
2297, 24
2298, 8
2299, 16
2300, 33
2302, 15
2303, 7
2304, 24
2305, 57
2306, 15
2308, 39
2309, 57
2310, 7
2311, 32
2312, 48
2313, 23
2314, 8
2315, 24
2316, 32
2317, 16
2318, 32
2319, 32
2320, 23
2321, 7
2322, 38
2323, 24
2324, 23
2325, 16
2326, 39
2327, 32
2328, 40
2329, 32
2330, 57
2331, 23
2332, 23
2333, 48
2334, 7
2335, 33
2336, 32
2337, 8
2338, 23
2339, 7
2340, 24
2342, 8
2343, 48
2344, 16
2345, 7
2346, 16
2347, 8
2348, 24
2349, 31
2350, 7
2351, 24
2354, 16
2355, 39
2356, 15
2357, 16
2358, 8
2359, 7
2360, 24
2362, 31
2363, 23
2364, 16
2365, 23
2366, 16
2367, 15
2368, 16
2369, 24
2370, 65
2371, 15
2372, 24
2374, 31
2375, 30
2376, 40
2377, 31
2378, 58
2379, 32
2380, 24
2381, 46
2382, 31
2383, 31
2384, 16
2385, 7
2386, 31
2387, 8
2388, 15
2389, 7
2390, 49
2391, 39
2393, 24
2394, 24
2395, 46
2396, 32
2397, 32
2398, 32
2399, 23
2400, 16
2401, 16
2402, 32
2403, 16
2404, 31
2405, 31
2406, 31
2407, 15
2408, 32
2410, 39
2411, 33
2412, 23
2413, 49
2414, 47
2415, 24
2416, 39
2417, 39
2418, 24
2419, 23
2420, 24
2421, 40
2422, 8
2423, 24
2424, 8
2425, 15
2426, 16
2427, 16
2428, 7
2429, 40
2430, 16
2432, 24
2433, 8
2434, 32
2435, 22
2437, 23
2440, 23
2441, 39
2442, 7
2443, 8
2444, 24
2445, 7
2446, 15
2447, 25
2448, 16
2449, 32
2450, 15
2451, 15
2452, 23
2454, 16
2455, 39
2456, 63
2458, 31
2459, 7
2460, 39
2461, 24
2462, 39
2463, 32
2464, 31
2465, 47
2466, 39
2467, 62
2468, 8
2469, 15
2470, 7
2471, 31
2472, 15
2473, 15
2474, 15
2475, 16
2476, 55
2477, 15
2478, 8
2479, 23
2480, 57
2481, 15
2482, 23
2483, 47
2484, 39
2485, 7
2486, 8
2487, 23
2488, 40
2489, 25
2490, 41
2491, 23
2492, 16
2493, 32
2494, 16
2495, 23
2496, 24
2497, 32
2498, 16
2499, 80
2500, 7
2501, 48
2502, 56
2504, 32
2505, 22
2506, 32
2507, 24
2508, 16
2509, 23
2510, 7
2511, 15
2512, 8
2513, 24
2514, 16
2515, 30
2516, 7
2517, 7
2518, 15
2519, 23
2520, 40
2522, 24
2525, 16
2526, 22
2527, 31
2528, 7
2529, 24
2530, 7
2531, 16
2532, 8
2533, 16
2534, 23
2535, 40
2536, 16
2537, 24
2539, 8
2540, 24
2541, 39
2542, 55
2543, 8
2544, 24
2545, 24
2546, 24
2547, 41
2548, 31
2549, 32
2550, 47
2551, 64
2552, 40
2553, 24
2554, 15
2555, 7
2556, 24
2557, 24
2558, 7
2559, 15
2560, 15
2561, 57
2562, 16
2563, 7
2564, 8
2565, 56
2566, 31
2567, 23
2568, 47
2569, 40
2570, 8
2571, 15
2572, 24
2573, 24
2574, 15
2575, 40
2576, 23
2577, 31
2578, 24
2579, 24
2580, 8
2581, 31
2582, 40
2583, 24
2584, 16
2585, 70
2586, 16
2587, 54
2588, 32
2589, 16
2590, 40
2591, 16
2592, 23
2593, 32
2594, 16
2595, 16
2596, 8
2597, 15
2598, 16
2599, 24
2600, 24
2601, 15
2603, 16
2604, 32
2605, 33
2606, 7
2607, 8
2608, 15
2610, 16
2611, 15
2612, 31
2613, 7
2614, 16
2615, 16
2616, 16
2617, 8
2618, 16
2619, 23
2620, 32
2621, 24
2622, 8
2623, 24
2625, 24
2626, 56
2627, 40
2629, 39
2630, 8
2631, 31
2632, 32
2633, 48
2634, 16
2635, 65
2636, 24
2637, 38
2638, 48
2639, 31
2641, 23
2642, 31
2644, 24
2646, 31
2647, 58
2648, 7
2650, 40
2651, 40
2652, 38
2653, 25
2654, 39
2655, 23
2656, 15
2657, 8
2658, 31
2659, 16
2660, 40
2661, 32
2662, 31
2663, 16
2664, 23
2665, 23
2666, 23
2667, 24
2668, 32
2669, 32
2670, 40
2671, 49
2672, 24
2673, 39
2674, 23
2675, 40
2676, 15
2677, 33
2678, 31
2679, 8
2680, 25
2681, 7
2682, 16
2683, 7
2684, 24
2685, 16
2686, 39
2688, 16
2689, 8
2690, 33
2691, 31
2693, 24
2696, 31
2697, 15
2698, 22
2699, 16
2701, 23
2703, 23
2704, 24
2705, 16
2706, 32
2707, 24
2708, 16
2709, 7
2710, 16
2711, 23
2712, 39
2713, 47
2714, 8
2715, 23
2716, 25
2717, 23
2718, 48
2719, 24
2720, 32
2721, 48
2722, 56
2723, 47
2724, 24
2725, 15
2726, 16
2727, 16
2728, 23
2729, 8
2730, 24
2732, 49
2733, 41
2735, 25
2736, 15
2737, 62
2738, 24
2739, 40
2740, 23
2741, 23
2742, 15
2743, 23
2744, 15
2745, 23
2746, 48
2747, 23
2748, 23
2749, 24
2750, 15
2751, 32
2752, 16
2753, 31
2754, 40
2755, 23
2756, 47
2757, 40
2758, 39
2759, 30
2760, 16
2761, 30
2762, 24
2763, 32
2764, 15
2765, 15
2766, 23
2767, 8
2768, 7
2769, 15
2770, 15
2771, 39
2772, 15
2774, 23
2775, 8
2776, 39
2777, 15
2778, 8
2779, 15
2781, 16
2782, 23
2783, 32
2784, 8
2785, 8
2786, 24
2787, 8
2788, 8
2789, 24
2790, 16
2791, 23
2792, 31
2793, 15
2794, 16
2795, 8
2796, 32
2797, 33
2798, 47
2799, 8
2800, 24
2801, 24
2802, 32
2803, 16
2804, 48
2805, 15
2806, 48
2807, 55
2808, 40
2809, 48
2810, 23
2811, 8
2812, 7
2813, 32
2814, 15
2815, 8
2816, 15
2817, 32
2818, 24
2819, 31
2820, 25
2821, 7
2822, 64
2823, 24
2824, 49
2825, 25
2826, 15
2827, 15
2828, 25
2829, 8
2830, 39
2831, 24
2832, 32
2833, 30
2834, 16
2835, 15
2836, 31
2837, 15
2838, 31
2839, 32
2840, 24
2841, 80
2842, 8
2843, 39
2844, 47
2845, 15
2846, 41
2847, 7
2848, 40
2849, 24
2850, 7
2851, 16
2852, 14
2853, 16
2854, 8
2855, 16
2856, 39
2857, 24
2859, 16
2860, 15
2861, 33
2862, 23
2864, 15
2865, 7
2866, 8
2867, 24
2868, 16
2869, 24
2870, 16
2872, 23
2874, 32
2875, 24
2876, 8
2877, 40
2878, 7
2879, 32
2881, 16
2882, 31
2883, 47
2884, 31
2885, 8
2886, 23
2887, 24
2888, 23
2889, 64
2890, 8
2891, 32
2892, 62
2893, 32
2894, 39
2895, 39
2896, 15
2897, 16
2898, 25
2899, 15
2900, 7
2901, 16
2902, 7
2903, 40
2904, 48
2906, 24
2907, 49
2908, 40
2909, 8
2910, 55
2911, 24
2912, 15
2913, 24
2914, 16
2915, 16
2916, 49
2917, 16
2918, 48
2919, 8
2920, 24
2921, 24
2922, 7
2923, 39
2924, 32
2925, 24
2926, 47
2927, 31
2928, 39
2929, 48
2930, 23
2931, 24
2932, 31
2934, 39
2935, 23
2936, 7
2937, 32
2938, 16
2939, 8
2940, 8
2941, 22
2942, 49
2945, 24
2946, 8
2947, 47
2948, 7
2949, 16
2950, 7
2952, 33
2953, 7
2954, 23
2955, 16
2956, 8
2957, 16
2958, 7
2959, 16
2960, 16
2961, 23
2962, 23
2963, 23
2964, 23
2965, 16
2966, 8
2967, 24
2968, 40
2969, 48
2970, 16
2971, 16
2972, 33
2973, 24
2974, 24
2975, 48
2976, 8
2977, 71
2978, 24
2979, 56
2980, 40
2981, 24
2982, 7
2983, 16
2984, 25
2985, 15
2986, 16
2987, 8
2988, 32
2989, 58
2991, 16
2992, 32
2993, 49
2994, 25
2995, 50
2996, 33
2997, 7
2998, 15
2999, 24
3000, 24
3001, 24
3002, 16
3003, 64
3004, 8
3005, 25
3006, 24
3007, 16
3008, 23
3009, 24
3010, 31
3011, 48
3012, 40
3013, 32
3014, 39
3015, 39
3016, 7
3017, 48
3018, 7
3019, 41
3020, 33
3021, 8
3022, 16
3023, 7
3024, 15
3025, 7
3026, 31
3027, 25
3028, 15
3029, 7
3031, 31
3032, 33
3033, 24
3034, 8
3035, 15
3037, 8
3038, 15
3039, 40
3040, 8
3041, 16
3042, 7
3043, 15
3044, 16
3046, 32
3047, 16
3048, 40
3049, 16
3050, 7
3051, 15
3052, 25
3053, 24
3054, 57
3055, 23
3056, 16
3057, 7
3058, 23
3059, 39
3060, 31
3061, 31
3062, 58
3063, 40
3064, 55
3065, 41
3066, 24
3067, 8
3068, 7
3069, 31
3070, 16
3071, 16
3072, 16
3074, 65
3075, 15
3076, 7
3077, 24
3078, 49
3079, 31
3080, 40
3081, 23
3082, 39
3083, 16
3084, 16
3085, 16
3086, 24
3087, 32
3088, 24
3089, 32
3090, 23
3091, 32
3092, 16
3093, 25
3094, 8
3095, 48
3096, 24
3097, 46
3098, 40
3099, 49
3100, 32
3101, 23
3102, 25
3103, 30
3105, 56
3106, 8
3107, 16
3108, 23
3109, 8
3110, 16
3111, 24
3112, 8
3113, 48
3115, 8
3116, 15
3117, 24
3118, 32
3119, 7
3120, 8
3121, 15
3123, 8
3124, 31
3125, 15
3126, 15
3127, 24
3128, 8
3129, 7
3130, 16
3131, 24
3132, 24
3133, 25
3134, 23
3135, 16
3136, 15
3138, 40
3139, 32
3140, 39
3141, 24
3142, 16
3143, 15
3144, 40
3145, 24
3146, 48
3147, 16
3148, 55
3149, 48
3150, 57
3151, 23
3152, 15
3153, 7
3154, 15
3155, 31
3156, 16
3157, 15
3158, 16
3159, 15
3160, 49
3161, 15
3162, 16
3163, 23
3164, 48
3165, 31
3166, 40
3167, 24
3168, 22
3169, 15
3170, 15
3171, 16
3172, 39
3173, 40
3174, 15
3175, 31
3176, 23
3177, 15
3178, 23
3179, 24
3180, 41
3181, 16
3182, 41
3183, 56
3184, 8
3185, 64
3186, 23
3187, 23
3188, 40
3189, 16
3190, 32
3191, 15
3192, 24
3193, 16
3194, 16
3195, 8
3196, 7
3197, 24
3198, 40
3199, 16
3201, 16
3202, 16
3203, 33
3204, 22
3205, 8
3206, 15
3209, 40
3210, 24
3211, 8
3212, 16
3213, 16
3214, 8
3215, 16
3216, 16
3217, 24
3218, 23
3219, 32
3220, 16
3221, 16
3223, 16
3224, 40
3225, 64
3226, 8
3227, 16
3228, 7
3229, 24
3230, 39
3231, 49
3232, 15
3233, 40
3234, 63
3235, 32
3236, 55
3237, 33
3239, 7
3240, 23
3241, 23
3242, 15
3243, 8
3244, 16
3245, 56
3246, 15
3247, 7
3248, 23
3249, 31
3250, 56
3251, 24
3252, 32
3253, 39
3254, 16
3255, 8
3256, 15
3257, 23
3258, 31
3259, 41
3260, 40
3262, 31
3263, 23
3264, 24
3265, 7
3266, 46
3267, 31
3268, 41
3269, 38
3270, 24
3271, 46
3272, 39
3273, 24
3274, 23
3275, 8
3276, 30
3277, 23
3278, 24
3279, 16
3280, 16
3281, 8
3282, 24
3283, 8
3284, 38
3285, 7
3286, 8
3287, 16
3288, 32
3289, 24
3290, 7
3291, 16
3292, 7
3294, 7
3295, 22
3296, 39
3297, 16
3298, 8
3299, 8
3300, 24
3302, 8
3303, 39
3304, 24
3305, 24
3306, 16
3307, 16
3309, 32
3310, 48
3311, 39
3312, 16
3313, 24
3314, 16
3315, 31
3316, 41
3317, 24
3318, 23
3319, 56
3320, 56
3321, 49
3322, 24
3323, 15
3324, 24
3325, 8
3326, 32
3327, 8
3328, 24
3330, 24
3331, 63
3333, 33
3334, 25
3335, 23
3336, 38
3337, 41
3338, 49
3340, 15
3341, 24
3342, 24
3343, 25
3344, 40
3345, 32
3346, 15
3347, 41
3348, 16
3349, 16
3350, 24
3351, 32
3352, 24
3353, 58
3354, 40
3355, 33
3356, 41
3357, 32
3359, 57
3361, 40
3362, 33
3363, 8
3364, 24
3365, 8
3366, 15
3367, 8
3368, 24
3369, 33
3370, 8
3371, 7
3372, 24
3373, 8
3374, 41
3375, 16
3376, 8
3377, 16
3380, 31
3381, 24
3382, 15
3383, 16
3384, 16
3385, 8
3386, 16
3387, 16
3388, 32
3389, 7
3390, 31
3391, 15
3392, 24
3394, 7
3395, 39
3396, 64
3397, 7
3398, 32
3399, 8
3400, 40
3401, 16
3402, 40
3403, 23
3404, 63
3405, 24
3406, 47
3407, 57
3408, 15
3409, 23
3410, 16
3411, 23
3412, 7
3413, 16
3414, 15
3415, 16
3416, 41
3417, 30
3419, 32
3420, 57
3421, 24
3422, 23
3423, 39
3424, 31
3425, 7
3426, 15
3427, 32
3428, 24
3429, 24
3430, 24
3431, 39
3432, 7
3433, 40
3434, 16
3435, 24
3436, 33
3437, 24
3438, 32
3439, 65
3440, 15
3441, 32
3442, 64
3443, 16
3444, 24
3445, 23
3446, 24
3447, 15
3448, 31
3449, 8
3450, 24
3451, 8
3452, 15
3453, 24
3454, 24
3455, 24
3456, 7
3458, 15
3459, 31
3460, 32
3461, 7
3462, 24
3465, 15
3466, 32
3467, 24
3468, 8
3469, 16
3470, 8
3471, 24
3473, 24
3474, 23
3475, 32
3476, 15
3477, 16
3478, 16
3479, 8
3480, 32
3481, 49
3482, 40
3484, 32
3485, 24
3486, 32
3487, 32
3488, 32
3489, 33
3490, 49
3491, 40
3492, 39
3493, 39
3494, 23
3495, 16
3496, 16
3497, 23
3498, 7
3499, 15
3500, 7
3501, 32
3502, 56
3504, 8
3505, 48
3506, 58
3508, 48
3509, 40
3510, 15
3511, 16
3512, 24
3513, 16
3514, 16
3515, 48
3516, 31
3517, 15
3518, 32
3519, 24
3520, 8
3521, 31
3522, 15
3523, 40
3524, 58
3525, 41
3526, 16
3527, 41
3528, 47
3529, 8
3530, 40
3531, 16
3532, 49
3533, 16
3534, 8
3535, 15
3536, 16
3537, 16
3538, 8
3539, 24
3540, 24
3541, 23
3543, 25
3544, 8
3545, 32
3546, 23
3547, 16
3548, 8
3550, 8
3551, 31
3552, 24
3553, 7
3554, 8
3555, 24
3556, 7
3557, 16
3558, 8
3559, 24
3560, 23
3561, 24
3562, 32
3563, 16
3565, 16
3566, 55
3567, 33
3568, 15
3569, 32
3570, 8
3571, 32
3572, 23
3573, 56
3574, 15
3575, 49
3576, 48
3577, 40
3578, 49
3579, 32
3581, 16
3582, 33
3583, 7
3584, 15
3585, 7
3586, 24
3587, 32
3588, 39
3590, 31
3591, 56
3592, 32
3593, 33
3594, 40
3595, 16
3596, 16
3597, 16
3598, 24
3599, 15
3600, 32
3601, 39
3602, 24
3603, 24
3604, 24
3605, 15
3606, 24
3607, 33
3608, 15
3609, 48
3610, 40
3611, 32
3612, 57
3613, 40
3614, 7
3615, 32
3616, 23
3617, 16
3618, 40
3619, 16
3620, 25
3621, 8
3622, 16
3623, 16
3624, 7
3625, 32
3626, 23
3627, 7
3628, 8
3629, 15
3630, 32
3631, 23
3632, 7
3633, 24
3636, 24
3637, 23
3638, 15
3639, 15
3640, 16
3641, 16
3642, 16
3644, 32
3645, 16
3646, 32
3647, 16
3648, 16
3649, 15
3650, 8
3651, 24
3652, 56
3653, 39
3655, 23
3656, 24
3657, 31
3658, 39
3659, 31
3660, 25
3661, 72
3662, 24
3663, 38
3664, 31
3665, 31
3666, 7
3667, 24
3668, 23
3669, 8
3670, 24
3672, 23
3673, 56
3674, 7
3675, 33
3676, 16
3677, 38
3678, 38
3679, 32
3680, 48
3681, 8
3682, 7
3683, 32
3684, 24
3685, 16
3686, 40
3687, 40
3688, 7
3689, 33
3690, 15
3691, 24
3692, 24
3693, 31
3694, 32
3695, 40
3696, 40
3697, 7
3698, 64
3699, 31
3700, 32
3701, 32
3703, 47
3704, 24
3705, 8
3706, 24
3707, 8
3708, 16
3709, 16
3710, 16
3711, 24
3712, 23
3714, 25
3716, 48
3717, 15
3719, 22
3721, 16
3722, 24
3723, 16
3724, 24
3725, 16
3726, 8
3727, 8
3728, 15
3729, 24
3730, 16
3731, 32
3732, 7
3733, 23
3734, 15
3735, 7
3736, 24
3737, 32
3738, 64
3739, 7
3740, 8
3741, 23
3742, 41
3743, 24
3744, 48
3745, 16
3746, 65
3747, 32
3748, 40
3749, 46
3750, 33
3752, 16
3753, 31
3754, 16
3755, 7
3756, 15
3757, 16
3758, 40
3759, 31
3761, 40
3762, 56
3763, 16
3764, 41
3765, 50
3766, 8
3767, 16
3768, 16
3769, 24
3770, 23
3771, 32
3772, 32
3773, 31
3774, 16
3775, 31
3776, 7
3777, 23
3778, 32
3779, 16
3780, 65
3781, 32
3782, 22
3783, 57
3784, 39
3785, 16
3786, 32
3787, 15
3788, 41
3789, 15
3790, 16
3791, 33
3793, 24
3794, 8
3795, 8
3796, 32
3797, 23
3798, 7
3799, 16
3800, 8
3801, 32
3802, 32
3804, 24
3807, 31
3808, 15
3809, 24
3810, 16
3811, 8
3812, 8
3813, 7
3814, 23
3815, 23
3816, 24
3817, 16
3818, 32
3819, 8
3820, 15
3821, 7
3822, 31
3823, 32
3824, 45
3825, 8
3826, 32
3827, 24
3828, 23
3829, 48
3830, 23
3831, 33
3832, 40
3833, 72
3834, 24
3835, 39
3836, 16
3837, 16
3838, 8
3839, 30
3840, 8
3841, 16
3842, 8
3843, 40
3844, 30
3845, 15
3846, 24
3847, 32
3848, 40
3849, 40
3850, 32
3851, 39
3853, 23
3854, 24
3855, 15
3856, 41
3857, 24
3858, 48
3859, 8
3860, 25
3861, 23
3862, 8
3863, 23
3864, 48
3865, 24
3866, 50
3867, 40
3868, 32
3869, 31
3870, 39
3871, 8
3872, 47
3874, 55
3875, 16
3876, 8
3877, 24
3878, 8
3879, 15
3880, 16
3881, 16
3882, 23
3883, 23
3885, 16
3886, 15
3887, 49
3888, 7
3889, 16
3890, 8
3892, 16
3893, 32
3894, 24
3895, 8
3896, 16
3897, 8
3898, 8
3899, 16
3900, 16
3901, 15
3902, 32
3903, 32
3905, 31
3907, 31
3908, 41
3909, 48
3910, 8
3911, 24
3912, 16
3913, 40
3914, 32
3915, 24
3916, 23
3917, 56
3918, 49
3919, 40
3920, 48
3921, 25
3922, 8
3923, 8
3924, 40
3925, 8
3926, 8
3927, 15
3928, 24
3929, 48
3930, 15
3932, 40
3933, 48
3934, 24
3935, 33
3936, 40
3937, 31
3938, 8
3939, 16
3940, 32
3941, 8
3942, 40
3943, 32
3944, 32
3945, 16
3946, 31
3947, 16
3948, 24
3949, 24
3950, 40
3951, 41
3952, 32
3953, 23
3954, 57
3955, 49
3956, 8
3957, 40
3958, 7
3959, 23
3960, 32
3961, 15
3962, 24
3963, 7
3964, 16
3965, 8
3966, 24
3967, 16
3968, 40
3970, 25
3972, 7
3973, 47
3974, 7
3975, 24
3978, 31
3979, 16
3980, 24
3981, 16
3982, 8
3983, 16
3985, 15
3986, 23
3987, 32
3988, 24
3989, 24
3990, 16
3991, 8
3992, 16
3993, 33
3994, 49
3995, 23
3996, 16
3997, 24
3998, 16
3999, 31
4000, 40
4001, 31
4002, 32
4003, 56
4004, 49
4005, 48
4006, 32
4007, 8
4008, 16
4009, 24
4010, 7
4011, 23
4012, 16
4013, 8
4014, 40
4015, 32
4016, 7
4017, 24
4018, 49
4019, 31
4020, 32
4021, 32
4022, 40
4023, 8
4024, 15
4025, 24
4026, 32
4027, 33
4028, 16
4029, 39
4030, 7
4031, 32
4032, 24
4033, 25
4034, 15
4035, 32
4036, 23
4037, 55
4038, 41
4039, 32
4040, 48
4041, 24
4042, 24
4043, 24
4044, 23
4045, 32
4046, 7
4047, 32
4048, 7
4049, 24
4051, 15
4052, 24
4053, 24
4054, 23
4055, 8
4056, 16
4057, 7
4058, 30
4059, 23
4060, 8
4061, 15
4063, 16
4064, 24
4065, 24
4066, 16
4067, 8
4068, 7
4069, 15
4070, 16
4071, 16
4072, 15
4073, 40
4074, 16
4075, 24
4076, 16
4077, 8
4078, 25
4079, 41
4080, 47
4081, 16
4082, 8
4083, 24
4084, 31
4085, 23
4086, 56
4088, 63
4089, 47
4090, 39
4091, 39
4092, 24
4093, 16
4094, 16
4095, 24
4096, 16
4097, 8
4098, 16
4099, 24
4100, 41
4101, 23
4102, 8
4103, 31
4104, 32
4105, 39
4106, 48
4107, 15
4108, 31
4109, 15
4110, 16
4111, 31
4112, 16
4113, 7
4114, 54
4115, 31
4116, 16
4117, 32
4118, 16
4119, 24
4120, 24
4121, 32
4122, 32
4123, 65
4124, 8
4125, 47
4126, 48
4127, 7
4128, 40
4129, 15
4130, 33
4131, 31
4132, 8
4133, 15
4134, 15
4135, 7
4136, 15
4137, 23
4138, 24
4139, 31
4141, 16
4142, 8
4143, 23
4144, 40
4146, 15
4147, 7
4148, 8
4149, 24
4150, 23
4151, 15
4152, 7
4153, 15
4154, 16
4155, 16
4157, 39
4158, 16
4159, 15
4160, 23
4161, 24
4162, 7
4163, 8
4164, 23
4165, 63
4166, 24
4167, 16
4168, 15
4169, 31
4170, 39
4171, 32
4172, 23
4173, 49
4174, 24
4175, 72
4176, 16
4177, 46
4178, 24
4179, 8
4180, 16
4181, 23
4182, 8
4183, 15
4184, 16
4185, 32
4186, 48
4188, 24
4189, 66
4190, 24
4191, 25
4192, 24
4193, 47
4194, 8
4195, 7
4196, 31
4197, 15
4198, 49
4199, 25
4200, 39
4201, 8
4202, 32
4203, 8
4204, 23
4205, 32
4206, 24
4207, 23
4208, 57
4209, 40
4210, 32
4211, 32
4212, 40
4213, 25
4214, 32
4215, 16
4216, 40
4217, 8
4218, 24
4219, 16
4220, 8
4221, 7
4222, 23
4223, 24
4224, 24
4225, 15
4227, 23
4229, 56
4230, 7
4231, 15
4232, 7
4234, 16
4235, 15
4236, 31
4237, 15
4238, 7
4239, 7
4240, 15
4241, 16
4242, 24
4243, 24
4244, 24
4245, 23
4246, 16
4247, 16
4248, 8
4249, 16
4250, 49
4251, 48
4252, 8
4253, 16
4254, 24
4255, 30
4256, 39
4257, 32
4258, 15
4259, 63
4260, 48
4261, 32
4262, 55
4263, 8
4264, 7
4265, 23
4266, 32
4268, 24
4269, 7
4270, 8
4271, 48
4272, 30
4273, 8
4274, 41
4275, 39
4276, 40
4277, 8
4278, 39
4279, 30
4280, 15
4281, 25
4282, 15
4283, 24
4284, 40
4285, 24
4286, 31
4287, 25
4288, 24
4289, 7
4290, 31
4291, 25
4292, 32
4293, 23
4294, 64
4295, 23
4296, 56
4297, 31
4298, 7
4299, 47
4300, 7
4301, 24
4302, 31
4303, 14
4304, 32
4306, 8
4307, 15
4308, 23
4309, 15
4310, 39
4312, 8
4313, 15
4314, 31
4315, 30
4316, 8
4317, 16
4320, 15
4321, 47
4322, 8
4323, 16
4324, 7
4325, 15
4327, 15
4328, 23
4329, 24
4330, 32
4331, 15
4332, 15
4333, 15
4334, 15
4335, 31
4336, 49
4337, 23
4338, 16
4339, 15
4340, 39
4341, 32
4342, 41
4343, 15
4344, 49
4345, 47
4346, 39
4347, 31
4348, 47
4349, 16
4350, 8
4351, 25
4352, 7
4353, 23
4354, 7
4355, 16
4356, 32
4357, 40
4358, 7
4359, 24
4360, 55
4361, 24
4362, 32
4363, 32
4364, 39
4365, 7
4366, 15
4367, 15
4368, 23
4369, 32
4370, 39
4371, 32
4372, 7
4373, 40
4374, 16
4375, 16
4376, 23
4377, 39
4378, 16
4379, 55
4380, 31
4381, 39
4382, 47
4383, 23
4384, 25
4385, 31
4386, 24
4387, 24
4388, 24
4389, 16
4390, 15
4391, 8
4392, 15
4394, 39
4395, 24
4396, 15
4397, 8
4398, 16
4399, 24
4400, 32
4401, 7
4402, 15
4403, 7
4405, 8
4406, 31
4407, 32
4408, 8
4409, 7
4410, 24
4412, 15
4413, 23
4414, 24
4415, 7
4416, 32
4417, 15
4418, 23
4420, 32
4421, 48
4422, 24
4423, 23
4424, 24
4425, 32
4426, 15
4427, 24
4428, 47
4429, 24
4430, 48
4431, 55
4432, 31
4433, 38
4434, 31
4435, 8
4436, 7
4437, 24
4438, 23
4439, 16
4440, 8
4441, 16
4442, 48
4443, 22
4444, 8
4445, 31
4446, 31
4447, 54
4448, 41
4449, 24
4450, 23
4451, 8
4452, 16
4453, 16
4454, 39
4455, 31
4456, 40
4457, 16
4458, 24
4459, 23
4460, 7
4461, 32
4462, 32
4463, 31
4464, 49
4465, 49
4466, 8
4467, 49
4468, 38
4469, 15
4470, 31
4471, 23
4472, 16
4473, 30
4474, 15
4475, 23
4476, 7
4477, 16
4478, 8
4479, 32
4480, 16
4481, 23
4482, 7
4483, 25
4484, 8
4485, 32
4486, 23
4488, 23
4491, 23
4492, 23
4493, 24
4494, 16
4495, 8
4496, 16
4497, 16
4498, 16
4499, 16
4500, 24
4501, 41
4502, 16
4503, 16
4505, 8
4506, 31
4507, 64
4508, 15
4509, 32
4511, 39
4512, 32
4513, 23
4514, 39
4515, 32
4516, 47
4517, 47
4518, 48
4519, 24
4520, 15
4521, 16
4522, 32
4523, 7
4524, 8
4525, 23
4526, 16
4527, 41
4528, 31
4530, 24
4531, 32
4532, 55
4533, 16
4534, 40
4535, 30
4536, 23
4538, 39
4539, 7
4540, 31
4541, 49
4542, 31
4544, 32
4545, 15
4546, 40
4547, 16
4548, 24
4549, 40
4550, 50
4551, 30
4552, 40
4553, 40
4554, 24
4555, 24
4556, 31
4557, 24
4558, 32
4559, 7
4560, 24
4561, 7
4562, 15
4563, 15
4564, 16
4565, 15
4566, 40
4567, 7
4568, 8
4569, 15
4570, 7
4571, 49
4572, 7
4573, 15
4574, 7
4576, 8
4577, 38
4578, 16
4579, 15
4580, 7
4581, 24
4583, 16
4584, 16
4585, 31
4586, 16
4587, 31
4588, 16
4589, 16
4591, 32
4592, 48
4593, 31
4594, 15
4595, 24
4596, 15
4597, 39
4598, 49
4599, 24
4600, 16
4601, 40
4602, 71
4603, 41
4604, 40
4605, 16
4606, 8
4607, 7
4608, 40
4609, 8
4610, 16
4611, 8
4612, 32
4613, 33
4614, 22
4615, 16
4616, 31
4617, 47
4618, 16
4619, 56
4620, 32
4621, 7
4622, 15
4623, 32
4624, 7
4625, 32
4626, 31
4627, 23
4628, 30
4629, 16
4630, 31
4631, 16
4632, 23
4633, 24
4634, 32
4635, 57
4636, 40
4637, 24
4638, 48
4639, 32
4640, 15
4641, 40
4642, 7
4643, 23
4644, 31
4645, 15
4646, 32
4648, 24
4650, 22
4651, 16
4652, 39
4654, 25
4656, 22
4657, 39
4658, 8
4659, 16
4661, 16
4662, 8
4663, 40
4664, 16
4665, 8
4666, 8
4667, 15
4668, 15
4669, 8
4670, 24
4671, 24
4672, 32
4673, 16
4674, 16
4675, 7
4676, 8
4677, 64
4678, 40
4679, 15
4680, 8
4681, 24
4682, 31
4683, 23
4684, 48
4685, 23
4686, 48
4687, 39
4688, 47
4689, 47
4690, 16
4691, 15
4692, 16
4693, 16
4694, 32
4695, 8
4696, 15
4698, 64
4699, 24
4701, 33
4702, 57
4703, 24
4704, 16
4705, 46
4706, 31
4707, 7
4708, 23
4709, 16
4710, 31
4711, 33
4712, 23
4713, 39
4714, 8
4715, 31
4716, 15
4717, 32
4718, 16
4719, 31
4720, 16
4721, 64
4722, 32
4723, 32
4724, 56
4725, 15
4726, 24
4727, 31
4728, 25
4729, 32
4730, 16
4731, 8
4732, 23
4733, 7
4734, 16
4735, 23
4736, 24
4737, 16
4738, 15
4739, 8
4740, 15
4741, 24
4742, 16
4743, 23
4744, 16
4745, 7
4747, 8
4748, 39
4749, 15
4750, 15
4751, 16
4753, 15
4754, 16
4755, 23
4756, 23
4757, 16
4758, 23
4759, 32
4760, 8
4762, 23
4763, 56
4764, 47
4766, 15
4767, 39
4768, 23
4769, 31
4770, 31
4771, 23
4772, 55
4773, 56
4774, 24
4775, 38
4776, 31
4777, 16
4778, 16
4779, 16
4780, 16
4781, 16
4782, 8
4783, 23
4784, 56
4785, 7
4786, 24
4787, 32
4788, 31
4789, 31
4790, 40
4791, 40
4792, 16
4793, 16
4794, 8
4795, 23
4796, 23
4797, 39
4798, 57
4800, 15
4801, 31
4802, 23
4803, 16
4804, 32
4805, 24
4806, 24
4807, 63
4808, 15
4809, 64
4810, 23
4811, 23
4812, 23
4813, 22
4814, 47
4815, 15
4816, 16
4817, 23
4818, 8
4819, 16
4821, 24
4822, 32
4823, 15
4824, 7
4825, 16
4826, 16
4827, 40
4828, 15
4830, 22
4832, 8
4833, 24
4834, 23
4835, 16
4836, 15
4837, 7
4838, 15
4839, 15
4840, 8
4841, 31
4842, 24
4843, 32
4844, 7
4845, 24
4847, 7
4848, 31
4849, 63
4850, 23
4851, 8
4852, 24
4853, 25
4854, 47
4855, 24
4856, 23
4857, 48
4858, 40
4859, 55
4860, 46
4861, 16
4862, 15
4863, 16
4864, 31
4865, 16
4866, 16
4867, 8
4868, 8
4869, 40
4870, 39
4872, 24
4873, 39
4874, 40
4875, 23
4876, 47
4877, 30
4878, 15
4879, 15
4880, 7
4881, 32
4882, 24
4883, 40
4884, 40
4885, 16
4886, 23
4887, 16
4888, 24
4889, 23
4890, 31
4891, 40
4892, 33
4893, 38
4894, 40
4895, 55
4896, 16
4897, 24
4898, 22
4899, 31
4900, 24
4901, 16
4902, 16
4903, 15
4904, 16
4905, 8
4906, 16
4907, 24
4908, 39
4910, 8
4911, 15
4912, 24
4913, 39
4915, 24
4918, 7
4919, 38
4920, 23
4921, 8
4922, 7
4923, 23
4924, 16
4926, 32
4927, 16
4928, 33
4929, 7
4930, 32
4931, 8
4932, 16
4933, 25
4934, 32
4935, 47
4936, 16
4937, 23
4939, 38
4940, 48
4941, 32
4942, 33
4943, 23
4944, 45
4945, 63
4946, 40
4947, 16
4948, 7
4949, 16
4950, 23
4951, 24
4952, 8
4953, 7
4954, 32
4955, 48
4956, 7
4957, 24
4958, 48
4959, 25
4960, 24
4961, 39
4962, 23
4963, 23
4964, 24
4965, 24
4966, 16
4967, 23
4968, 32
4969, 48
4970, 7
4971, 24
4972, 31
4973, 8
4974, 31
4975, 8
4976, 47
4977, 32
4978, 48
4979, 24
4980, 57
4981, 24
4982, 23
4983, 48
4985, 49
4986, 15
4987, 16
4988, 16
4989, 15
4990, 15
4991, 8
4992, 15
4993, 32
4994, 23
4995, 8
4996, 16
4997, 8
4998, 24
4999, 31
5000, 8
5001, 7
5002, 7
5004, 39
5005, 8
5006, 22
5007, 15
5008, 16
5009, 8
5010, 15
5012, 39
5013, 23
5014, 24
5015, 24
5016, 8
5017, 7
5018, 15
5019, 47
5020, 48
5021, 16
5022, 7
5023, 23
5024, 31
5025, 32
5026, 48
5027, 15
5028, 32
5029, 71
5030, 40
5031, 41
5032, 24
5033, 15
5034, 8
5035, 32
5036, 7
5037, 15
5038, 16
5039, 7
5040, 40
5041, 38
5043, 41
5044, 24
5045, 47
5046, 24
5047, 31
5048, 38
5049, 16
5050, 8
5051, 24
5052, 40
5053, 7
5054, 55
5055, 24
5056, 24
5057, 16
5058, 24
5059, 15
5060, 24
5061, 40
5062, 49
5063, 32
5064, 23
5065, 48
5066, 32
5067, 22
5068, 40
5069, 15
5070, 32
5071, 23
5072, 16
5073, 24
5074, 7
5075, 8
5076, 15
5077, 24
5078, 16
5079, 40
5081, 8
5082, 15
5083, 7
5084, 47
5085, 7
5086, 24
5089, 16
5090, 23
5091, 23
5092, 7
5093, 23
5094, 8
5095, 24
5097, 31
5098, 8
5099, 47
5100, 8
5101, 16
5102, 15
5103, 8
5104, 40
5105, 41
5106, 30
5107, 16
5108, 8
5109, 48
5110, 24
5111, 31
5112, 30
5113, 8
5114, 79
5115, 56
5116, 16
5117, 47
5118, 15
5119, 16
5120, 8
5121, 31
5122, 16
5123, 8
5124, 8
5125, 23
5126, 47
5127, 15
5129, 39
5130, 55
5131, 31
5132, 31
5133, 40
5134, 7
5135, 15
5136, 24
5137, 32
5138, 15
5139, 40
5140, 40
5141, 7
5142, 40
5143, 16
5144, 8
5145, 31
5146, 16
5147, 31
5148, 31
5149, 70
5150, 8
5151, 63
5152, 31
5153, 24
5154, 31
5156, 40
5157, 15
5158, 24
5159, 24
5161, 23
5162, 16
5163, 16
5164, 16
5165, 31
5166, 8
5167, 16
5168, 8
5169, 49
5170, 8
5171, 8
5172, 15
5174, 16
5175, 24
5176, 32
5177, 8
5178, 16
5179, 8
5180, 8
5181, 16
5182, 8
5183, 23
5184, 24
5185, 40
5186, 16
5187, 16
5188, 8
5189, 8
5190, 56
5191, 39
5192, 7
5193, 31
5194, 16
5195, 24
5196, 32
5197, 48
5198, 7
5199, 56
5200, 39
5201, 57
5202, 49
5203, 8
5204, 15
5205, 15
5206, 24
5207, 15
5208, 23
5209, 7
5210, 8
5211, 40
5212, 38
5213, 8
5214, 24
5215, 56
5216, 32
5217, 24
5218, 48
5219, 15
5220, 15
5221, 15
5222, 23
5223, 24
5224, 32
5225, 32
5226, 30
5227, 16
5228, 15
5229, 31
5230, 24
5231, 7
5232, 31
5233, 73
5234, 24
5235, 23
5236, 49
5237, 40
5238, 15
5239, 23
5240, 31
5241, 24
5242, 23
5243, 23
5244, 24
5245, 8
5246, 16
5247, 16
5248, 8
5249, 31
5250, 15
5251, 15
5252, 8
5253, 15
5254, 31
5255, 24
5256, 7
5257, 16
5258, 7
5260, 15
5261, 23
5262, 32
5264, 23
5265, 8
5266, 7
5267, 23
5268, 8
5269, 31
5270, 32
5271, 15
5272, 32
5275, 48
5276, 23
5277, 46
5278, 24
5279, 16
5280, 25
5281, 23
5282, 49
5283, 22
5284, 32
5285, 46
5286, 47
5287, 57
5288, 7
5289, 31
5290, 7
5291, 16
5292, 31
5293, 16
5294, 16
5296, 57
5297, 16
5298, 15
5299, 24
5300, 48
5301, 40
5302, 8
5303, 39
5304, 24
5305, 22
5306, 15
5307, 23
5308, 24
5309, 24
5310, 32
5311, 49
5312, 7
5313, 24
5314, 31
5315, 16
5316, 16
5317, 31
5318, 40
5319, 49
5320, 32
5321, 24
5322, 64
5323, 15
5324, 23
5325, 39
5326, 8
5327, 31
5328, 32
5330, 31
5331, 8
5332, 16
5333, 8
5334, 32
5335, 24
5336, 15
5337, 8
5338, 16
5339, 7
5340, 41
5341, 15
5342, 8
5343, 15
5346, 39
5347, 24
5348, 16
5349, 16
5350, 8
5351, 16
5352, 7
5353, 16
5354, 32
5355, 8
5356, 31
5357, 23
5358, 16
5359, 8
5360, 16
5361, 40
5362, 56
5363, 8
5364, 24
5365, 15
5366, 31
5367, 32
5368, 32
5369, 23
5370, 57
5371, 39
5372, 48
5373, 39
5374, 32
5376, 15
5377, 23
5378, 15
5379, 15
5380, 7
5381, 32
5382, 57
5383, 7
5385, 47
5386, 41
5387, 32
5388, 16
5389, 56
5390, 24
5391, 8
5392, 8
5393, 23
5394, 15
5395, 31
5396, 47
5397, 31
5398, 16
5399, 15
5400, 31
5401, 24
5402, 24
5403, 40
5404, 8
5405, 72
5406, 15
5407, 55
5408, 32
5409, 24
5410, 32
5411, 15
5412, 25
5413, 31
5414, 16
5415, 15
5416, 15
5417, 16
5418, 7
5419, 16
5420, 40
5421, 24
5423, 7
5424, 15
5425, 24
5426, 40
5428, 23
5430, 8
5431, 23
5432, 8
5433, 23
5434, 24
5435, 16
5436, 8
5437, 16
5438, 8
5439, 24
5440, 7
5441, 39
5442, 15
5443, 24
5444, 7
5445, 7
5446, 32
5447, 73
5448, 8
5449, 16
5450, 24
5451, 7
5452, 39
5453, 49
5454, 24
5455, 33
5456, 55
5457, 40
5458, 57
5459, 24
5460, 15
5461, 16
5462, 16
5463, 23
5464, 7
5465, 23
5466, 8
5467, 24
5468, 57
5470, 32
5471, 24
5472, 56
5473, 16
5474, 23
5475, 55
5476, 8
5477, 15
5478, 24
5479, 23
5480, 16
5481, 39
5482, 47
5484, 23
5485, 31
5486, 16
5487, 16
5488, 40
5489, 32
5490, 56
5491, 31
5492, 33
5493, 40
5494, 31
5495, 8
5496, 48
5497, 8
5498, 48
5499, 8
5500, 24
5501, 16
5503, 24
5504, 8
5505, 31
5506, 16
5507, 22
5509, 24
5510, 8
5511, 48
5512, 7
5513, 16
5514, 7
5517, 30
5518, 40
5519, 8
5520, 16
5521, 8
5522, 8
5523, 16
5524, 16
5525, 32
5526, 7
5527, 40
5528, 8
5529, 23
5531, 24
5532, 49
5533, 40
5534, 15
5535, 15
5536, 32
5537, 24
5538, 32
5539, 40
5540, 23
5541, 39
5542, 47
5543, 47
5544, 39
5545, 24
5546, 7
5547, 23
5548, 24
5549, 15
5550, 8
5551, 7
5552, 23
5553, 31
5554, 37
5556, 48
5557, 41
5558, 32
5559, 16
5560, 47
5561, 22
5562, 15
5563, 24
5564, 16
5565, 24
5566, 32
5567, 57
5568, 8
5569, 24
5570, 15
5571, 23
5572, 24
5573, 15
5574, 31
5575, 39
5576, 56
5577, 24
5578, 31
5579, 63
5580, 8
5581, 49
5583, 38
5584, 16
5585, 16
5586, 24
5587, 7
5588, 8
5589, 23
5590, 24
5591, 25
5592, 24
5594, 25
5596, 23
5597, 32
5598, 15
5599, 15
5602, 40
5603, 7
5604, 24
5605, 16
5606, 8
5607, 15
5608, 16
5609, 8
5610, 24
5611, 24
5612, 24
5613, 15
5614, 32
5616, 16
5617, 24
5618, 63
5619, 15
5620, 8
5621, 23
5622, 32
5623, 22
5624, 48
5625, 23
5626, 40
5627, 48
5628, 39
5629, 65
5630, 24
5631, 8
5632, 16
5633, 32
5634, 8
5635, 7
5636, 24
5638, 55
5639, 24
5640, 7
5641, 24
5642, 64
5643, 8
5644, 40
5645, 24
5646, 40
5647, 7
5648, 23
5649, 15
5650, 23
5651, 23
5652, 56
5653, 23
5654, 7
5655, 32
5656, 23
5657, 16
5658, 24
5659, 41
5660, 32
5661, 40
5662, 30
5663, 24
5664, 54
5665, 23
5666, 24
5667, 39
5668, 8
5669, 30
5670, 23
5671, 7
5672, 31
5674, 23
5675, 16
5676, 24
5677, 24
5678, 15
5679, 8
5680, 16
5681, 24
5682, 24
5683, 15
5684, 16
5685, 7
5687, 16
5688, 24
5689, 22
5690, 16
5691, 8
5692, 16
5693, 7
5694, 16
5695, 25
5696, 15
5697, 32
5698, 24
5699, 7
5700, 23
5702, 41
5703, 40
5704, 24
5705, 31
5707, 40
5708, 32
5709, 32
5710, 40
5711, 16
5712, 56
5713, 48
5714, 48
5715, 31
5716, 8
5717, 23
5718, 7
5719, 39
5721, 23
5722, 8
5723, 32
5724, 16
5725, 38
5727, 31
5728, 56
5729, 23
5730, 49
5731, 24
5732, 23
5733, 16
5734, 16
5735, 31
5736, 16
5737, 40
5738, 32
5739, 23
5740, 25
5741, 32
5742, 16
5744, 31
5745, 48
5746, 33
5747, 32
5748, 31
5749, 32
5750, 62
5751, 15
5752, 40
5753, 7
5754, 32
5755, 41
5757, 32
5758, 8
5759, 8
5760, 7
5761, 23
5762, 23
5763, 32
5765, 16
5766, 16
5767, 16
5768, 38
5769, 8
5770, 16
5773, 24
5774, 39
5775, 7
5776, 8
5777, 15
5778, 15
5779, 16
5780, 16
5781, 24
5782, 15
5783, 31
5784, 7
5785, 16
5786, 15
5787, 8
5788, 48
5789, 57
5790, 16
5791, 8
5792, 23
5793, 16
5794, 39
5795, 41
5796, 31
5797, 32
5798, 64
5799, 41
5800, 49
5801, 15
5802, 23
5804, 24
5805, 23
5806, 8
5807, 15
5808, 16
5809, 31
5810, 48
5812, 24
5813, 32
5814, 46
5815, 40
5816, 40
5817, 24
5818, 16
5819, 8
5820, 24
5821, 24
5822, 24
5823, 32
5824, 39
5825, 15
5826, 24
5827, 16
5828, 15
5829, 31
5830, 40
5831, 23
5832, 49
5833, 38
5834, 32
5835, 56
5836, 24
5837, 24
5838, 23
5839, 16
5840, 31
5841, 15
5842, 7
5843, 30
5845, 23
5846, 7
5847, 23
5848, 31
5849, 15
5850, 8
5851, 15
5852, 8
5853, 47
5854, 7
5855, 16
5856, 7
5858, 8
5859, 48
5860, 7
5861, 7
5862, 16
5863, 16
5864, 24
5866, 15
5867, 32
5868, 32
5869, 16
5870, 16
5871, 15
5873, 39
5874, 40
5875, 41
5876, 8
5877, 16
5878, 31
5879, 23
5880, 23
5881, 46
5882, 15
5883, 64
5884, 48
5885, 32
5886, 38
5887, 23
5888, 15
5889, 16
5890, 24
5891, 15
5892, 7
5893, 15
5894, 32
5895, 16
5896, 38
5897, 8
5898, 31
5899, 48
5900, 31
5901, 24
5902, 56
5903, 7
5904, 15
5905, 24
5906, 15
5907, 31
5908, 32
5909, 40
5910, 15
5911, 16
5912, 40
5913, 8
5914, 23
5915, 24
5916, 31
5917, 32
5918, 47
5919, 48
5920, 24
5921, 39
5922, 15
5923, 40
5924, 15
5925, 39
5926, 24
5927, 25
5928, 8
5929, 16
5930, 7
5931, 16
5932, 16
5933, 24
5934, 32
5936, 7
5937, 15
5938, 40
5939, 23
5940, 8
5941, 16
5944, 24
5945, 23
5946, 23
5947, 7
5948, 15
5949, 15
5950, 16
5951, 8
5952, 23
5953, 23
5954, 23
5955, 24
5956, 16
5957, 7
5958, 24
5959, 16
5960, 63
5961, 15
5962, 15
5963, 23
5964, 24
5965, 22
5966, 72
5968, 48
5969, 55
5970, 40
5971, 39
5972, 40
5974, 8
5975, 23
5976, 24
5977, 24
5978, 8
5979, 16
5980, 40
5981, 31
5983, 32
5984, 41
5985, 31
5986, 23
5987, 32
5988, 47
5989, 8
5990, 15
5991, 32
5992, 15
5993, 31
5994, 23
5995, 48
5996, 8
5997, 33
5998, 15
5999, 24
6000, 15
6001, 48
6002, 8
6003, 71
6004, 16
6005, 32
6006, 47
6007, 31
6008, 32
6009, 23
6011, 47
6012, 23
6013, 16
6014, 7
6015, 15
6016, 15
6017, 16
6018, 24
6019, 24
6020, 15
6021, 16
6022, 8
6023, 24
6024, 40
6026, 24
6029, 23
6030, 16
6031, 23
6032, 7
6033, 15
6034, 7
6035, 14
6036, 15
6037, 16
6038, 31
6039, 32
6040, 16
6041, 16
6042, 15
6044, 31
6045, 48
6046, 39
6047, 16
6049, 22
6050, 39
6051, 31
6052, 46
6053, 33
6054, 48
6055, 40
6056, 40
6057, 39
6058, 23
6059, 8
6060, 24
6061, 23
6062, 16
6063, 8
6064, 7
6065, 32
6066, 32
6067, 22
6068, 16
6069, 15
6070, 71
6071, 16
6072, 32
6073, 39
6074, 15
6075, 16
6076, 24
6077, 32
6078, 16
6079, 32
6080, 40
6081, 16
6082, 23
6083, 23
6084, 16
6085, 15
6086, 40
6087, 23
6088, 24
6089, 80
6090, 8
6091, 55
6092, 32
6093, 15
6094, 47
6096, 31
6097, 23
6098, 15
6099, 23
6100, 7
6101, 15
6102, 7
6103, 23
6104, 15
6105, 39
6107, 24
6108, 16
6109, 25
6110, 23
6112, 24
6114, 8
6115, 15
6116, 31
6117, 16
6118, 15
6119, 8
6120, 16
6121, 15
6122, 16
6123, 16
6124, 15
6125, 48
6127, 32
6129, 24
6130, 23
6131, 63
6132, 7
6133, 15
6134, 24
6135, 40
6136, 8
6137, 40
6138, 30
6139, 56
6140, 48
6141, 40
6142, 46
6143, 15
6144, 15
6145, 16
6146, 15
6147, 22
6148, 16
6149, 15
6151, 47
6152, 39
6154, 32
6155, 50
6156, 24
6157, 32
6158, 32
6159, 39
6160, 16
6162, 40
6163, 16
6164, 15
6165, 63
6166, 24
6167, 8
6168, 31
6169, 16
6170, 24
6171, 32
6172, 24
6173, 31
6174, 46
6175, 31
6176, 49
6177, 48
6178, 8
6179, 24
6180, 31
6181, 16
6182, 23
6183, 31
6184, 8
6185, 23
6186, 8
6187, 15
6188, 23
6189, 16
6190, 32
6191, 7
6192, 8
6193, 15
6194, 7
6195, 39
6196, 15
6197, 24
6200, 16
6201, 31
6202, 16
6203, 7
6204, 15
6205, 24
6206, 16
6208, 8
6209, 39
6210, 23
6211, 23
6212, 24
6213, 8
6215, 32
6216, 48
6217, 40
6218, 7
6219, 32
6220, 16
6221, 31
6222, 32
6223, 40
6224, 32
6225, 39
6226, 47
6227, 65
6228, 7
6229, 31
6230, 8
6231, 16
6232, 24
6233, 15
6234, 15
6235, 8
6236, 32
6237, 47
6238, 7
6239, 16
6240, 23
6241, 55
6242, 15
6243, 48
6244, 40
6245, 24
6247, 15
6248, 30
6249, 25
6250, 8
6251, 62
6252, 15
6253, 16
6254, 30
6255, 16
6256, 23
6257, 31
6258, 15
6259, 39
6260, 71
6261, 16
6262, 48
6263, 39
6264, 24
6265, 33
6267, 48
6268, 24
6269, 8
6270, 16
6271, 7
6272, 15
6273, 7
6274, 23
6275, 32
6276, 24
6278, 24
6279, 24
6280, 25
6281, 15
6282, 8
6283, 16
6286, 30
6287, 16
6288, 23
6289, 16
6290, 8
6291, 15
6292, 16
6293, 16
6294, 32
6295, 8
6296, 23
6297, 32
6298, 8
6299, 7
6300, 24
6301, 15
6302, 73
6303, 15
6304, 8
6305, 32
6306, 31
6307, 41
6308, 40
6309, 16
6310, 48
6311, 40
6312, 31
6313, 54
6314, 32
6316, 16
6317, 24
6318, 24
6319, 16
6320, 8
6321, 16
6322, 40
6323, 32
6325, 32
6326, 32
6327, 47
6328, 24
6329, 31
6330, 38
6331, 16
6332, 16
6333, 25
6334, 32
6335, 33
6336, 33
6337, 24
6338, 8
6339, 32
6340, 23
6341, 24
6342, 25
6343, 23
6344, 15
6345, 72
6346, 24
6347, 49
6348, 40
6349, 15
6350, 49
6351, 7
6352, 32
6353, 24
6354, 16
6355, 24
6356, 8
6357, 24
6359, 25
6360, 24
6361, 7
6362, 22
6363, 8
6364, 24
6366, 55
6368, 15
6369, 7
6371, 7
6372, 39
6373, 24
6374, 8
6375, 16
6376, 16
6378, 24
6379, 16
6380, 24
6381, 23
6382, 23
6383, 8
6384, 22
6385, 16
6386, 25
6387, 40
6388, 41
6389, 7
6390, 23
6391, 40
6392, 15
6393, 31
6394, 23
6395, 47
6396, 47
6397, 47
6398, 63
6400, 32
6401, 7
6402, 8
6403, 30
6404, 24
6405, 16
6407, 31
6408, 56
6410, 16
6411, 48
6412, 49
6413, 16
6414, 33
6415, 32
6416, 15
6417, 24
6418, 7
6419, 31
6420, 24
6421, 39
6422, 15
6423, 39
6425, 39
6426, 15
6427, 22
6428, 39
6429, 24
6430, 58
6431, 40
6432, 25
6433, 40
6434, 30
6435, 16
6436, 39
6437, 15
6438, 32
6439, 24
6440, 15
6441, 15
6442, 7
6443, 24
6444, 8
6445, 24
6446, 41
6448, 7
6449, 16
6450, 24
6451, 24
6452, 22
6453, 8
6454, 15
6456, 8
6457, 23
6458, 32
6459, 16
6461, 24
6462, 7
6463, 16
6464, 8
6465, 24
6466, 31
6467, 24
6468, 16
6469, 15
6470, 7
6471, 24
6472, 40
6473, 47
6474, 16
6475, 8
6476, 23
6477, 40
6478, 32
6479, 40
6480, 15
6481, 56
6482, 48
6483, 32
6484, 47
6485, 33
6486, 8
6487, 16
6488, 24
6489, 16
6490, 16
6491, 8
6492, 33
6493, 25
6494, 30
6496, 32
6497, 56
6498, 24
6499, 32
6500, 48
6501, 16
6502, 8
6503, 16
6504, 32
6505, 23
6506, 8
6507, 56
6508, 32
6510, 47
6511, 16
6512, 24
6513, 24
6514, 32
6515, 32
6516, 40
6517, 30
6518, 49
6519, 40
6520, 15
6521, 41
6522, 15
6523, 32
6524, 24
6525, 16
6526, 16
6527, 16
6528, 24
6530, 24
6531, 24
6532, 24
6533, 7
6534, 16
6535, 8
6536, 33
6537, 24
6538, 7
6539, 24
6542, 32
6543, 24
6544, 15
6545, 16
6546, 8
6547, 16
6549, 15
6550, 33
6551, 24
6552, 33
6553, 8
6554, 16
6555, 16
6556, 8
6557, 40
6558, 23
6559, 47
6560, 15
6561, 16
6562, 41
6563, 16
6564, 38
6565, 32
6566, 24
6567, 47
6568, 56
6569, 65
6570, 16
6571, 16
6572, 16
6573, 16
6574, 24
6575, 15
6576, 7
6577, 8
6578, 32
6579, 48
6580, 7
6581, 24
6582, 32
6583, 47
6584, 16
6585, 49
6586, 33
6587, 15
6588, 24
6589, 16
6590, 16
6591, 33
6592, 16
6593, 39
6594, 22
6595, 32
6596, 16
6597, 24
6598, 24
6599, 24
6600, 23
6601, 57
6602, 40
6603, 40
6604, 32
6605, 32
6606, 7
6607, 55
6608, 8
6609, 39
6610, 15
6611, 15
6612, 23
6614, 24
6615, 16
6616, 16
6617, 32
6618, 15
6620, 16
6621, 16
6622, 40
6623, 15
6625, 23
6628, 31
6629, 23
6630, 15
6631, 16
6632, 15
6633, 8
6634, 16
6635, 16
6636, 24
6637, 15
6638, 39
6639, 16
6640, 16
6642, 24
6643, 32
6644, 55
6645, 16
6646, 23
6647, 8
6648, 23
6649, 39
6650, 48
6651, 15
6652, 49
6653, 39
6654, 56
6655, 38
6656, 24
6657, 15
6658, 16
6659, 16
6660, 23
6662, 23
6663, 33
6664, 41
6665, 15
6667, 32
6668, 55
6669, 23
6670, 40
6671, 15
6672, 38
6673, 15
6674, 16
6675, 24
6676, 31
6677, 32
6678, 24
6679, 31
6680, 16
6681, 32
6682, 16
6683, 23
6684, 15
6685, 39
6686, 32
6687, 31
6688, 39
6689, 49
6690, 40
6691, 23
6692, 16
6693, 30
6694, 32
6695, 24
6696, 15
6697, 16
6698, 15
6699, 15
6700, 16
6701, 16
6702, 24
6703, 24
6704, 7
6705, 16
6706, 7
6707, 24
6708, 40
6710, 24
6713, 33
6714, 15
6715, 24
6717, 23
6718, 7
6719, 23
6721, 24
6722, 24
6723, 23
6724, 23
6725, 32
6727, 8
6728, 24
6729, 66
6730, 31
6731, 16
6732, 8
6733, 40
6734, 32
6735, 32
6736, 23
6737, 41
6738, 48
6739, 32
6740, 64
6741, 16
6742, 23
6743, 8
6744, 24
6745, 16
6746, 15
6747, 23
6748, 16
6749, 41
6750, 32
6752, 24
6753, 24
6754, 56
6755, 24
6756, 41
6757, 40
6759, 23
6760, 8
6761, 39
6762, 23
6763, 24
6764, 39
6765, 15
6766, 25
6767, 30
6768, 24
6769, 8
6770, 40
6771, 15
6772, 55
6773, 32
6774, 31
6775, 64
6776, 23
6777, 16
6778, 40
6779, 16
6780, 39
6781, 16
6782, 16
6783, 8
6784, 24
6785, 8
6786, 8
6787, 15
6788, 48
6789, 7
6791, 16
6792, 15
6793, 23
6794, 30
6795, 8
6796, 15
6798, 8
6799, 31
6800, 16
6801, 15
6802, 15
6803, 15
6804, 7
6805, 16
6806, 16
6807, 23
6808, 15
6809, 31
6810, 15
6811, 24
6812, 8
6813, 16
6814, 40
6815, 39
6816, 22
6817, 7
6818, 23
6819, 46
6820, 32
6821, 33
6822, 7
6823, 56
6824, 56
6825, 48
6826, 31
6827, 32
6829, 23
6830, 23
6831, 15
6832, 8
6833, 15
6834, 16
6835, 40
6836, 30
6838, 32
6839, 55
6840, 31
6841, 32
6842, 57
6844, 16
6845, 16
6846, 32
6847, 24
6848, 24
6849, 32
6850, 31
6851, 8
6852, 40
6853, 7
6854, 23
6855, 32
6856, 32
6857, 16
6858, 55
6859, 31
6860, 48
6861, 48
6862, 15
6863, 40
6864, 7
6865, 16
6866, 38
6867, 16
6868, 16
6869, 15
6870, 15
6871, 7
6872, 16
6873, 15
6874, 39
6875, 7
6876, 25
6877, 8
6878, 24
6879, 23
6880, 7
6881, 23
6884, 24
6885, 23
6886, 23
6887, 16
6888, 8
6889, 15
6890, 16
6892, 40
6893, 16
6894, 24
6895, 15
6896, 24
6897, 7
6898, 16
6899, 15
6900, 64
6901, 23
6902, 7
6903, 32
6904, 33
6905, 15
6906, 57
6907, 15
6908, 33
6909, 54
6910, 47
6911, 56
6912, 16
6913, 15
6914, 16
6915, 16
6916, 23
6917, 15
6918, 15
6920, 40
6921, 48
6923, 32
6924, 32
6925, 40
6926, 24
6927, 32
6928, 48
6929, 8
6930, 24
6931, 8
6932, 31
6933, 15
6934, 40
6935, 40
6936, 7
6937, 40
6938, 16
6939, 16
6940, 23
6941, 41
6942, 7
6943, 64
6944, 40
6945, 41
6946, 40
6947, 23
6948, 24
6949, 31
6950, 8
6951, 47
6952, 16
6953, 8
6954, 23
6955, 8
6956, 16
6958, 31
6959, 40
6960, 8
6961, 8
6962, 16
6963, 8
6964, 31
6965, 23
6966, 16
6967, 7
6969, 8
6970, 32
6971, 32
6973, 24
6974, 16
6976, 15
6977, 16
6978, 32
6979, 24
6980, 8
6981, 15
6982, 31
6984, 7
6985, 64
6986, 31
6987, 32
6989, 31
6990, 40
6991, 8
6992, 62
6993, 8
6994, 55
6995, 56
6996, 40
6997, 32
6998, 31
7000, 15
7001, 40
7003, 23
7004, 8
7005, 16
7006, 55
7007, 15
7008, 8
7009, 31
7010, 56
7011, 15
7012, 32
7013, 39
7014, 23
7015, 15
7016, 7
7017, 32
7018, 24
7019, 32
7020, 40
7021, 23
7022, 25
7023, 23
7024, 7
7025, 32
7026, 41
7027, 15
7028, 32
7029, 64
7030, 7
7031, 64
7032, 32
7033, 7
7034, 40
7035, 15
7036, 40
7037, 7
7038, 23
7039, 8
7040, 22
7041, 16
7042, 8
7043, 23
7044, 24
7045, 23
7046, 7
7047, 25
7048, 8
7050, 53
7051, 8
7052, 15
7055, 15
7056, 40
7057, 16
7058, 16
7059, 7
7060, 16
7062, 23
7063, 24
7064, 15
7065, 40
7066, 15
7067, 16
7068, 7
7069, 16
7070, 32
7071, 32
7072, 39
7073, 8
7074, 31
7075, 15
7076, 31
7077, 32
7078, 38
7079, 32
7080, 56
7081, 48
7082, 56
7083, 16
7084, 16
7085, 7
7086, 15
7087, 31
7088, 7
7089, 15
7090, 16
7091, 57
7092, 24
7094, 8
7095, 72
7096, 24
7097, 24
7098, 32
7099, 38
7100, 7
7101, 23
7102, 16
7103, 32
7104, 32
7105, 23
7106, 32
7107, 15
7108, 32
7109, 16
7110, 15
7111, 23
7112, 49
7113, 24
7114, 56
7115, 31
7116, 24
7117, 47
7118, 23
7119, 15
7120, 39
7121, 15
7122, 46
7123, 16
7125, 23
7126, 7
7127, 23
7128, 7
7129, 24
7130, 31
7131, 15
7133, 23
7134, 8
7135, 47
7136, 7
7137, 8
7138, 15
7140, 16
7141, 15
7142, 31
7143, 7
7144, 24
7145, 8
7146, 15
7147, 8
7148, 15
7149, 24
7150, 15
7151, 39
7152, 7
7153, 15
7154, 15
7155, 25
7156, 39
7157, 47
7158, 16
7160, 23
7161, 48
7162, 24
7163, 31
7164, 31
7165, 57
7166, 40
7167, 31
7168, 47
7169, 31
7170, 8
7171, 8
7172, 32
7173, 15
7174, 8
7175, 15
7176, 32
7177, 42
7178, 15
7179, 8
7180, 32
7181, 40
7182, 31
7183, 48
7184, 40
7185, 7
7186, 15
7187, 16
7188, 24
7189, 15
7190, 39
7191, 40
7192, 23
7193, 24
7194, 23
7195, 16
7196, 16
7197, 31
7198, 40
7199, 41
7200, 48
7201, 7
7202, 72
7203, 24
7204, 15
7205, 31
7206, 15
7207, 24
7208, 23
7209, 23
7210, 24
7211, 7
7212, 15
7213, 15
7215, 47
7216, 24
7218, 16
7219, 7
7220, 41
7221, 24
7223, 22
7226, 23
7227, 15
7228, 31
7229, 16
7230, 8
7231, 8
7232, 7
7233, 15
7234, 30
7235, 24
7236, 32
7237, 16
7238, 7
7239, 15
7240, 24
7241, 24
7242, 65
7243, 16
7245, 31
7246, 23
7247, 40
7248, 32
7249, 23
7250, 49
7251, 48
7252, 32
7253, 64
7254, 16
7255, 23
7256, 8
7257, 16
7258, 22
7259, 16
7260, 16
7261, 16
7262, 33
7263, 39
7265, 15
7266, 48
7267, 39
7268, 32
7269, 41
7270, 31
7272, 15
7273, 24
7274, 32
7275, 33
7276, 31
7277, 32
7278, 7
7279, 24
7280, 31
7281, 24
7282, 8
7283, 23
7284, 38
7285, 65
7286, 23
7287, 41
7288, 39
7289, 31
7290, 15
7291, 39
7292, 7
7293, 39
7294, 24
7296, 31
7297, 8
7298, 15
7299, 8
7300, 40
7301, 16
7302, 15
7303, 8
7304, 16
7305, 24
7306, 32
7307, 7
7308, 24
7311, 24
7312, 24
7313, 15
7314, 7
7315, 15
7316, 15
7317, 16
7318, 8
7319, 23
7320, 16
7321, 24
7322, 31
7323, 8
7324, 23
7326, 40
7327, 32
7328, 48
7329, 15
7330, 16
7331, 41
7332, 16
7333, 25
7334, 39
7335, 15
7336, 63
7337, 47
7338, 57
7339, 31
7340, 15
7341, 8
7342, 25
7343, 16
7344, 15
7345, 25
7347, 8
7348, 62
7349, 15
7350, 8
7351, 31
7352, 40
7353, 31
7354, 23
7355, 55
7356, 23
7357, 7
7358, 8
7359, 40
7360, 8
7361, 47
7362, 24
7363, 31
7364, 24
7365, 15
7366, 15
7367, 32
7368, 40
7369, 24
7370, 24
7371, 56
7372, 40
7373, 49
7374, 23
7375, 16
7376, 31
7377, 15
7378, 23
7379, 39
7380, 24
7382, 15
7383, 24
7384, 8
7385, 15
7386, 15
7387, 31
7388, 7
7389, 16
7390, 16
7391, 41
7392, 15
7393, 8
7394, 16
7397, 15
7398, 47
7399, 8
7400, 8
7401, 15
7402, 15
7403, 15
7404, 8
7405, 32
7406, 7
7407, 39
7408, 16
7409, 15
7410, 7
7411, 8
7412, 47
7413, 39
7414, 22
7415, 32
7416, 8
7417, 32
7418, 15
7419, 47
7420, 23
7421, 48
7422, 39
7423, 56
7424, 23
7425, 47
7426, 7
7427, 15
7428, 23
7429, 16
7430, 24
7432, 15
7433, 48
7434, 31
7436, 40
7437, 16
7438, 38
7439, 39
7440, 48
7441, 23
7442, 16
7444, 39
7445, 16
7446, 41
7447, 33
7448, 31
7449, 8
7450, 24
7451, 15
7452, 24
7453, 23
7454, 39
7455, 24
7456, 64
7457, 16
7458, 16
7459, 70
7460, 24
7461, 15
7462, 38
7463, 32
7464, 24
7465, 16
7466, 16
7467, 7
7468, 15
7469, 15
7470, 7
7471, 32
7472, 32
7473, 7
7475, 24
7476, 8
7477, 48
7478, 7
7479, 24
7482, 16
7483, 24
7484, 31
7485, 16
7486, 8
7487, 7
7488, 24
7490, 24
7491, 24
7492, 23
7493, 23
7494, 16
7495, 15
7497, 40
7498, 32
7499, 47
7500, 8
7501, 24
7502, 16
7503, 39
7504, 33
7505, 32
7506, 31
7507, 47
7508, 31
7509, 89
7511, 30
7512, 8
7513, 15
7514, 24
7515, 15
7516, 7
7517, 23
7518, 25
7519, 32
7520, 22
7521, 16
7522, 23
7523, 48
7524, 30
7525, 48
7526, 40
7527, 8
7528, 16
7529, 16
7530, 15
7531, 15
7532, 56
7533, 31
7534, 15
7535, 16
7536, 39
7538, 31
7539, 24
7540, 31
7541, 49
7542, 31
7543, 23
7544, 56
7545, 31
7546, 32
7547, 24
7548, 15
7549, 40
7550, 24
7551, 24
7552, 16
7554, 15
7555, 7
7556, 23
7557, 32
7558, 24
7560, 24
7562, 39
7563, 22
7564, 8
7565, 16
7568, 31
7569, 32
7570, 8
7571, 15
7572, 16
7573, 8
7574, 16
7575, 16
7576, 16
7577, 24
7578, 31
7579, 16
7580, 15
7581, 7
7582, 24
7583, 32
7584, 57
7585, 16
7586, 25
7587, 8
7588, 41
7589, 7
7590, 47
7591, 23
7592, 48
7593, 64
7594, 16
7595, 46
7596, 39
7597, 16
7598, 8
7599, 16
7600, 23
7601, 15
7602, 7
7603, 32
7604, 16
7605, 46
7607, 24
7608, 38
7609, 47
7610, 15
7611, 40
7612, 39
7613, 16
7615, 39
7616, 24
7617, 32
7618, 41
7619, 24
7620, 16
7621, 24
7622, 8
7623, 15
7624, 31
7625, 40
7626, 32
7627, 48
7628, 32
7629, 41
7630, 48
7631, 15
7632, 24
7633, 30
7634, 16
7635, 39
7637, 23
7638, 22
7639, 8
7640, 15
7641, 16
7642, 23
7643, 23
7644, 15
7645, 8
7646, 16
7647, 24
7648, 39
7650, 16
7651, 7
7653, 24
7654, 15
7655, 32
7656, 7
7657, 15
7658, 16
7659, 8
7660, 7
7661, 32
7662, 8
7663, 31
7664, 23
7665, 24
7666, 7
7667, 8
7668, 15
7669, 47
7670, 46
7671, 16
7672, 16
7673, 32
7674, 23
7675, 24
7676, 46
7677, 16
7678, 62
7679, 39
7680, 65
7681, 16
7682, 23
7683, 7
7684, 15
7685, 32
7686, 7
7687, 16
7688, 7
7689, 24
7690, 64
7692, 8
7693, 40
7694, 47
7695, 31
7696, 24
7697, 40
7698, 15
7699, 15
7700, 15
7701, 31
7702, 24
7703, 40
7704, 32
7705, 14
7706, 32
7707, 16
7708, 16
7709, 15
7710, 31
7711, 40
7712, 33
7713, 47
7714, 40
7715, 23
7716, 55
7717, 24
7718, 32
7720, 40
7721, 23
7722, 15
7723, 24
7724, 8
7725, 15
7727, 23
7728, 40
7729, 16
7731, 24
7733, 65
7736, 23
7738, 16
7739, 24
7740, 16
7741, 15
7742, 7
7743, 15
7744, 15
7746, 15
7747, 39
7748, 24
7749, 24
7750, 24
7751, 16
7753, 15
7754, 48
7755, 56
7756, 8
7757, 8
7758, 24
7759, 31
7760, 48
7761, 24
7762, 23
7763, 40
7764, 47
7765, 40
7766, 48
7767, 31
7768, 7
7769, 8
7770, 40
7771, 15
7772, 16
7773, 8
7774, 8
7775, 65
7776, 16
7778, 32
7779, 55
7780, 24
7781, 16
7782, 48
7783, 31
7784, 16
7785, 16
7786, 24
7787, 32
7788, 33
7789, 32
7790, 23
7791, 8
7792, 23
7793, 22
7794, 23
7795, 15
7796, 39
7797, 32
7798, 57
7799, 23
7800, 57
7801, 23
7802, 23
7803, 48
7804, 8
7805, 8
7806, 47
7807, 16
7808, 15
7809, 15
7810, 16
7811, 8
7812, 15
7813, 32
7814, 16
7815, 15
7816, 8
7817, 15
7818, 24
7819, 31
7820, 7
7821, 8
7822, 15
7824, 15
7825, 23
7826, 23
7827, 15
7828, 15
7829, 8
7830, 7
7831, 24
7832, 24
7833, 8
7834, 39
7835, 15
7836, 23
7837, 7
7838, 7
7839, 23
7840, 48
7841, 47
7842, 8
7843, 8
7844, 32
7845, 30
7846, 40
7847, 31
7848, 41
7849, 47
7850, 23
7851, 71
7852, 24
7853, 15
7854, 7
7855, 23
7856, 23
7857, 7
7858, 16
7859, 8
7860, 31
7861, 48
7862, 7
7863, 16
7864, 23
7865, 55
7866, 15
7867, 48
7868, 49
7870, 15
7871, 40
7873, 32
7874, 32
7875, 47
7876, 7
7877, 16
7878, 38
7879, 15
7880, 24
7881, 25
7882, 23
7883, 48
7884, 31
7885, 23
7886, 55
7887, 47
7888, 8
7889, 31
7890, 23
7891, 24
7892, 40
7893, 8
7894, 15
7895, 7
7896, 15
7897, 16
7898, 23
7899, 24
7900, 15
7901, 15
7902, 15
7904, 30
7905, 30
7906, 8
7907, 14
7909, 8
7910, 23
7911, 40
7913, 16
7914, 16
7915, 8
7916, 16
7917, 24
7918, 24
7919, 8
7920, 31
7921, 15
7922, 15
7923, 7
7924, 24
7925, 32
7926, 57
7927, 15
7928, 7
7929, 32
7930, 32
7931, 16
7932, 39
7933, 31
7934, 40
7935, 39
7936, 64
7937, 40
7938, 24
7939, 7
7940, 23
7941, 24
7942, 16
7943, 16
7944, 8
7945, 24
7946, 24
7947, 39
7949, 40
7950, 48
7951, 15
7952, 32
7953, 40
7954, 31
7955, 16
7956, 15
7957, 32
7958, 8
7959, 41
7960, 41
7961, 23
7962, 24
7963, 16
7964, 15
7965, 23
7966, 32
7967, 23
7968, 31
7969, 55
7970, 23
7971, 48
7972, 40
7973, 15
7974, 40
7975, 15
7976, 8
7977, 47
7978, 16
7979, 16
7980, 16
7981, 16
7982, 7
7983, 23
7984, 16
7985, 31
7986, 7
7988, 23
7989, 32
7990, 24
7991, 7
7992, 15
7993, 7
7995, 24
7996, 24
7997, 24
7998, 8
7999, 15
8000, 8
8001, 24
8003, 31
8004, 16
8005, 32
8006, 16
8007, 24
8008, 8
8009, 8
8010, 40
8011, 57
8012, 24
8013, 8
8014, 15
8015, 39
8016, 16
8017, 32
8018, 39
8019, 40
8020, 56
8021, 32
8022, 48
8023, 23
8024, 24
8026, 39
8027, 15
8028, 8
8029, 25
8031, 33
8032, 47
8033, 7
8034, 24
8035, 16
8036, 64
8037, 8
8038, 55
8039, 32
8040, 16
8041, 7
8042, 24
8043, 23
8044, 7
8045, 47
8046, 56
8048, 31
8049, 23
8050, 16
8051, 24
8052, 16
8053, 56
8054, 49
8055, 32
8056, 8
8057, 64
8058, 32
8059, 7
8060, 47
8062, 47
8063, 8
8064, 15
8065, 32
8066, 8
8067, 15
8068, 16
8069, 8
8070, 32
8071, 23
8073, 24
8074, 24
8075, 7
8076, 31
8077, 16
8078, 7
8080, 8
8081, 40
8082, 24
8083, 8
8084, 16
8086, 15
8087, 8
8088, 24
8089, 15
8090, 31
8091, 23
8092, 16
8093, 24
8095, 32
8096, 32
8097, 56
8098, 8
8099, 8
8100, 31
8101, 32
8102, 41
8103, 40
8105, 55
8106, 48
8107, 32
8108, 63
8109, 16
8110, 8
8111, 24
8112, 24
8113, 15
8114, 8
8115, 16
8116, 25
8117, 40
8118, 23
8120, 40
8121, 47
8122, 15
8123, 56
8124, 16
8125, 31
8126, 16
8127, 16
8128, 32
8129, 16
8130, 31
8131, 31
8132, 23
8133, 24
8134, 23
8135, 15
8136, 32
8137, 16
8138, 32
8139, 31
8140, 47
8141, 31
8142, 56
8143, 48
8145, 48
8146, 7
8147, 49
8149, 23
8150, 15
8151, 15
8152, 15
8153, 8
8154, 23
8155, 16
8156, 23
8157, 15
8158, 8
8159, 15
8160, 16
8161, 38
8162, 16
8163, 7
8164, 7
8166, 16
8167, 39
8168, 15
8169, 8
8170, 16
8171, 8
8172, 23
8173, 8
8174, 15
8175, 15
8176, 23
8177, 39
8178, 16
8179, 7
8180, 16
8181, 24
8182, 57
8183, 31
8184, 16
8185, 8
8186, 32
8187, 23
8188, 32
8189, 38
8190, 41
8191, 48
8192, 40
8193, 64
8194, 16
8195, 16
8196, 16
8197, 25
8198, 16
8199, 8
8200, 16
8201, 7
8202, 32
8203, 56
8205, 8
8206, 31
8207, 71
8208, 25
8209, 24
8210, 48
8211, 8
8212, 7
8213, 24
8214, 40
8215, 7
8216, 40
8217, 48
8219, 31
8220, 23
8221, 8
8222, 31
8223, 24
8224, 39
8225, 40
8226, 23
8227, 30
8228, 55
8229, 39
8230, 16
8231, 40
8232, 24
8233, 32
8234, 16
8236, 31
8238, 24
8239, 8
8240, 15
8241, 31
8242, 22
8243, 8
8244, 7
8245, 15
8246, 40
8247, 15
8248, 16
8249, 7
8252, 40
8253, 23
8254, 16
8255, 16
8256, 8
8257, 7
8258, 15
8260, 39
8261, 24
8262, 23
8263, 15
8264, 23
8265, 8
8266, 8
8267, 55
8268, 32
8269, 23
8270, 23
8271, 15
8272, 23
8273, 31
8274, 40
8275, 23
8276, 57
8277, 56
8278, 23
8279, 46
8280, 33
8281, 8
8282, 16
8283, 24
8284, 15
8285, 15
8286, 7
8287, 24
8288, 39
8289, 23
8290, 16
8291, 15
8292, 57
8293, 15
8294, 39
8295, 32
8296, 31
8297, 15
8298, 15
8299, 24
8300, 15
8301, 48
8302, 24
8303, 31
8304, 24
8305, 24
8306, 7
8307, 32
8308, 24
8309, 31
8310, 40
8311, 48
8312, 16
8313, 48
8314, 48
8315, 16
8316, 23
8317, 23
8318, 32
8319, 15
8320, 23
8321, 25
8322, 7
8323, 15
8324, 8
8325, 24
8326, 15
8327, 30
8328, 7
8329, 16
8330, 16
8331, 24
8332, 31
8334, 23
8337, 24
8338, 24
8339, 23
8340, 16
8341, 7
8342, 15
8344, 23
8345, 15
8346, 32
8347, 15
8348, 31
8349, 24
8351, 16
8352, 32
8353, 48
8354, 31
8355, 8
8356, 15
8357, 39
8358, 32
8359, 16
8360, 39
8361, 32
8362, 55
8363, 39
8364, 56
8365, 24
8366, 16
8367, 16
8368, 16
8369, 31
8370, 8
8371, 16
8372, 8
8373, 24
8374, 55
8376, 24
8377, 56
8378, 23
8379, 16
8380, 47
8381, 40
8382, 8
8383, 15
8384, 32
8385, 7
8386, 16
8387, 55
8388, 40
8390, 31
8391, 24
8392, 24
8393, 16
8394, 32
8395, 32
8396, 48
8397, 40
8398, 25
8399, 39
8400, 39
8401, 15
8402, 38
8403, 8
8404, 39
8405, 23
8406, 8
8407, 16
8408, 7
8409, 15
8410, 23
8411, 8
8412, 31
8413, 23
8415, 24
8416, 7
8417, 56
8419, 8
8420, 15
8422, 7
8423, 23
8424, 40
8425, 8
8426, 16
8427, 16
8429, 15
8430, 16
8431, 23
8432, 40
8433, 16
8434, 8
8435, 23
8437, 32
8438, 32
8439, 47
8440, 16
8441, 24
8442, 32
8443, 24
8444, 40
8445, 24
8446, 16
8447, 56
8448, 39
8449, 64
8450, 23
8451, 31
8452, 8
8453, 8
8454, 39
8455, 8
8456, 15
8458, 40
8459, 48
8460, 8
8461, 8
8462, 23
8463, 56
8464, 31
8465, 24
8466, 39
8467, 23
8468, 7
8469, 24
8470, 15
8471, 31
8472, 15
8473, 55
8474, 24
8475, 24
8476, 16
8477, 23
8478, 23
8479, 23
8480, 31
8481, 31
8482, 56
8483, 23
8484, 55
8485, 40
8486, 16
8487, 32
8488, 7
8489, 24
8490, 40
8491, 7
8492, 33
8494, 15
8495, 8
8496, 24
8497, 24
8498, 24
8499, 7
8500, 8
8501, 24
8502, 23
8503, 32
8504, 8
8505, 8
8506, 7
8508, 24
8509, 31
8510, 16
8511, 8
8512, 15
8513, 8
8514, 23
8516, 23
8517, 31
8518, 31
8519, 16
8520, 16
8521, 7
8522, 8
8523, 47
8524, 48
8525, 15
8526, 15
8527, 24
8528, 41
8529, 25
8530, 24
8531, 31
8532, 32
8533, 63
8534, 31
8535, 64
8536, 16
8537, 15
8538, 16
8539, 16
8540, 23
8541, 7
8542, 15
8543, 15
8544, 40
8545, 41
8547, 32
8548, 16
8549, 56
8550, 23
8551, 40
8552, 39
8553, 16
8554, 8
8555, 32
8556, 15
8557, 41
8558, 24
8559, 23
8560, 23
8561, 24
8562, 23
8563, 16
8564, 31
8565, 24
8566, 24
8567, 55
8568, 31
8569, 48
8570, 40
8571, 23
8572, 15
8573, 39
8574, 8
8575, 39
8576, 24
8578, 31
8579, 16
8581, 31
8582, 8
8583, 23
8584, 22
8586, 24
8587, 24
8588, 32
8589, 7
8590, 8
8591, 14
8593, 8
8594, 48
8595, 16
8597, 15
8598, 7
8599, 15
8600, 16
8601, 16
8602, 31
8603, 33
8604, 15
8605, 16
8606, 16
8607, 8
8608, 24
8609, 40
8610, 48
8611, 16
8612, 16
8613, 15
8614, 40
8615, 25
8616, 47
8617, 16
8618, 54
8619, 40
8620, 41
8621, 38
8622, 31
8623, 7
8624, 8
8625, 30
8626, 7
8627, 23
8628, 7
8629, 33
8630, 33
8631, 23
8633, 40
8634, 54
8635, 15
8636, 23
8637, 56
8638, 15
8639, 16
8640, 15
8641, 32
8642, 16
8643, 32
8644, 32
8645, 31
8646, 16
8647, 31
8648, 15
8649, 16
8650, 32
8651, 31
8652, 32
8653, 72
8654, 16
8655, 40
8656, 23
8657, 22
8658, 46
8659, 7
8660, 33
8661, 23
8662, 15
8663, 24
8664, 7
8665, 23
8666, 8
8667, 16
8668, 24
8669, 31
8671, 8
8672, 15
8673, 24
8674, 38
8675, 8
8676, 15
8679, 39
8680, 16
8681, 16
8682, 16
8683, 8
8684, 15
8685, 15
8686, 16
8687, 24
8688, 8
8689, 32
8690, 24
8691, 16
8692, 8
8693, 16
8694, 24
8695, 73
8696, 7
8697, 16
8698, 24
8699, 40
8700, 25
8701, 32
8702, 23
8703, 39
8704, 47
8705, 48
8706, 57
8707, 16
8708, 15
8709, 16
8710, 16
8711, 32
8712, 8
8713, 15
8714, 16
8715, 24
8716, 47
8718, 24
8719, 32
8720, 46
8721, 33
8722, 40
8723, 31
8724, 16
8725, 16
8726, 8
8727, 32
8728, 33
8729, 23
8730, 48
8731, 8
8732, 33
8733, 16
8734, 24
8735, 16
8736, 41
8737, 32
8738, 48
8739, 32
8740, 41
8741, 31
8742, 31
8743, 24
8744, 31
8745, 16
8746, 39
8747, 7
8748, 7
8749, 32
8750, 8
8751, 15
8752, 8
8753, 32
8754, 16
8755, 23
8756, 16
8757, 7
8758, 24
8759, 23
8760, 15
8761, 16
8762, 7
8764, 16
8765, 23
8766, 23
8767, 7
8768, 15
8769, 24
8771, 16
8772, 24
8773, 24
8774, 32
8775, 7
8776, 23
8777, 15
8778, 8
8779, 33
8780, 23
8781, 55
8782, 8
8783, 24
8784, 32
8785, 24
8786, 32
8787, 32
8788, 24
8789, 64
8790, 32
8791, 74
8792, 8
8793, 31
8794, 8
8795, 7
8796, 32
8797, 16
8798, 16
8799, 7
8800, 15
8801, 47
8802, 23
8803, 8
8804, 32
8805, 56
8806, 24
8807, 48
8808, 25
8809, 23
8810, 7
8811, 23
8812, 8
8813, 39
8814, 24
8815, 48
8816, 15
8817, 24
8818, 32
8819, 16
8820, 15
8821, 41
8822, 8
8823, 31
8824, 72
8825, 7
8826, 64
8827, 31
8828, 7
8829, 47
8830, 7
8831, 41
8832, 15
8833, 15
8834, 23
8835, 7
8836, 24
8838, 23
8839, 32
8840, 24
8842, 15
8843, 16
8844, 40
8845, 15
8847, 15
8848, 7
8850, 40
8851, 8
8852, 23
8853, 16
8854, 8
8855, 7
8856, 24
8857, 8
8858, 24
8859, 24
8860, 40
8861, 8
8862, 16
8863, 7
8864, 8
8865, 48
8866, 23
8867, 38
8868, 32
8869, 7
8870, 32
8871, 31
8872, 31
8873, 31
8874, 32
8875, 56
8876, 49
8877, 40
8878, 23
8879, 15
8880, 7
8881, 40
8882, 16
8884, 15
8885, 15
8886, 40
8887, 39
8889, 32
8890, 16
8891, 62
8892, 16
8893, 40
8894, 32
8895, 23
8896, 8
8897, 32
8898, 16
8899, 31
8900, 40
8901, 24
8902, 7
8903, 40
8904, 15
8905, 23
8906, 7
8907, 48
8908, 24
8909, 57
8910, 31
8911, 24
8912, 54
8913, 23
8914, 23
8915, 30
8917, 47
8918, 23
8919, 16
8920, 16
8921, 16
8922, 8
8923, 24
8924, 7
8925, 40
8926, 7
8928, 23
8929, 24
8930, 41
8932, 8
8933, 15
8935, 15
8936, 22
8937, 31
8938, 8
8939, 16
8941, 23
8942, 8
8943, 24
8944, 23
8945, 24
8946, 16
8947, 15
8948, 23
8949, 8
8950, 32
8951, 40
8952, 30
8953, 24
8954, 16
8955, 24
8956, 31
8957, 8
8958, 54
8959, 15
8960, 79
8961, 16
8962, 72
8963, 32
8964, 7
8965, 7
8966, 32
8967, 16
8968, 16
8969, 15
8970, 8
8971, 32
8972, 56
8974, 16
8975, 40
8976, 31
8977, 31
8978, 40
8979, 49
8981, 15
8982, 23
8983, 24
8984, 24
8985, 32
8986, 32
8987, 23
8988, 16
8989, 22
8990, 15
8991, 31
8992, 32
8993, 32
8994, 15
8995, 55
8996, 23
8997, 57
8998, 31
8999, 23
9000, 31
9001, 15
9002, 23
9003, 39
9004, 24
9005, 8
9006, 7
9007, 15
9008, 15
9009, 15
9010, 23
9011, 32
9013, 24
9015, 31
9016, 30
9017, 16
9018, 7
9021, 23
9022, 31
9023, 16
9024, 24
9026, 16
9028, 23
9029, 23
9030, 40
9031, 7
9032, 24
9033, 24
9035, 16
9036, 41
9037, 55
9038, 7
9039, 32
9040, 7
9041, 33
9042, 15
9043, 48
9044, 31
9045, 32
9046, 56
9047, 56
9048, 40
9049, 16
9050, 15
9051, 24
9052, 16
9053, 15
9054, 15
9055, 16
9056, 16
9057, 49
9058, 24
9060, 32
9061, 32
9062, 30
9063, 39
9064, 39
9065, 32
9066, 16
9068, 40
9069, 15
9070, 32
9071, 31
9072, 38
9074, 32
9075, 32
9076, 16
9077, 24
9078, 39
9079, 16
9080, 63
9081, 23
9082, 33
9083, 47
9084, 31
9085, 32
9086, 16
9087, 16
9088, 39
9089, 16
9091, 30
9092, 8
9093, 15
9094, 16
9095, 32
9096, 23
9097, 7
9098, 8
9099, 15
9100, 23
9101, 32
9102, 7
9103, 16
9104, 7
9106, 15
9107, 24
9108, 32
9110, 23
9111, 16
9113, 15
9114, 23
9115, 32
9116, 16
9117, 23
9118, 16
9119, 16
9120, 8
9121, 23
9122, 40
9123, 47
9124, 15
9125, 16
9126, 32
9127, 23
9128, 24
9129, 47
9130, 8
9131, 71
9132, 56
9133, 57
9135, 31
9136, 8
9137, 24
9138, 23
9140, 31
9142, 24
9143, 56
9144, 7
9146, 47
9147, 39
9148, 31
9149, 32
9150, 56
9152, 15
9153, 23
9154, 31
9155, 16
9156, 49
9157, 25
9158, 15
9159, 7
9160, 48
9161, 16
9162, 15
9163, 40
9164, 33
9165, 33
9166, 31
9167, 40
9168, 65
9169, 16
9170, 31
9171, 32
9172, 8
9173, 32
9174, 24
9175, 7
9176, 32
9177, 8
9178, 16
9179, 8
9180, 15
9181, 23
9182, 32
9184, 24
9185, 8
9186, 33
9187, 23
9188, 16
9189, 7
9191, 16
9192, 24
9193, 15
9194, 15
9195, 16
9196, 16
9197, 7
9198, 16
9199, 16
9200, 15
9201, 15
9202, 48
9204, 23
9205, 7
9206, 7
9207, 47
9208, 56
9209, 16
9210, 7
9211, 23
9212, 40
9213, 15
9214, 56
9215, 7
9216, 73
9217, 24
9218, 39
9219, 56
9220, 24
9221, 7
9222, 7
9223, 39
9224, 16
9225, 8
9226, 15
9227, 16
9228, 48
9229, 22
9231, 32
9232, 48
9233, 32
9234, 24
9235, 40
9236, 31
9237, 16
9238, 16
9239, 16
9240, 40
9242, 47
9243, 39
9244, 8
9245, 32
9246, 15
9247, 32
9248, 16
9249, 32
9250, 31
9251, 55
9252, 24
9253, 32
9254, 55
9255, 24
9256, 32
9257, 15
9258, 16
9259, 40
9260, 15
9261, 15
9262, 15
9263, 16
9264, 15
9265, 16
9267, 38
9268, 15
9269, 16
9270, 8
9271, 32
9272, 32
9274, 24
9277, 24
9278, 24
9279, 23
9280, 16
9281, 8
9282, 16
9284, 16
9285, 24
9286, 24
9287, 16
9288, 31
9289, 33
9291, 16
9292, 24
9293, 40
9294, 40
9295, 8
9296, 32
9297, 16
9298, 32
9299, 31
9300, 39
9301, 16
9302, 63
9303, 40
9304, 56
9305, 40
9306, 7
9307, 16
9308, 16
9309, 23
9310, 7
9311, 16
9312, 16
9313, 32
9314, 48
9316, 16
9317, 31
9318, 57
9319, 24
9320, 33
9321, 40
9322, 15
9323, 16
9324, 24
9325, 15
9326, 24
9327, 40
9328, 48
9330, 24
9331, 32
9332, 16
9333, 16
9334, 24
9335, 40
9336, 40
9337, 47
9338, 15
9339, 47
9340, 47
9341, 7
9342, 48
9344, 39
9345, 24
9346, 7
9347, 24
9348, 7
9349, 23
9350, 16
9351, 24
9352, 24
9353, 15
9355, 16
9356, 15
9357, 39
9358, 15
9359, 16
9360, 7
9362, 8
9363, 23
9364, 31
9365, 7
9366, 15
9367, 7
9368, 16
9369, 7
9370, 32
9372, 31
9373, 32
9374, 16
9375, 24
9377, 24
9378, 31
9379, 49
9380, 23
9381, 24
9382, 8
9383, 40
9384, 15
9385, 56
9386, 16
9387, 40
9388, 64
9389, 24
9390, 54
9391, 32
9393, 15
9394, 32
9395, 15
9396, 8
9397, 15
9398, 16
9399, 24
9400, 45
9402, 31
9403, 32
9404, 56
9405, 7
9406, 46
9407, 31
9408, 16
9409, 8
9410, 40
9411, 16
9412, 15
9413, 48
9414, 23
9415, 15
9416, 31
9417, 16
9418, 32
9419, 8
9420, 48
9421, 23
9422, 64
9423, 15
9424, 56
9425, 40
9426, 15
9427, 32
9428, 15
9429, 25
9430, 32
9431, 16
9432, 15
9433, 16
9434, 7
9435, 15
9436, 16
9437, 23
9438, 23
9439, 15
9440, 16
9441, 7
9442, 24
9443, 40
9445, 24
9448, 15
9449, 30
9450, 23
9451, 8
9452, 15
9453, 8
9454, 7
9455, 16
9456, 24
9457, 24
9458, 31
9459, 15
9460, 16
9461, 15
9462, 8
9463, 22
9464, 56
9465, 31
9466, 16
9467, 15
9468, 23
9469, 31
9470, 32
9471, 40
9472, 33
9473, 31
9474, 46
9475, 38
9476, 46
9477, 23
9478, 7
9479, 40
9480, 8
9481, 16
9482, 16
9483, 8
9484, 24
9485, 55
9487, 24
9488, 41
9489, 31
9490, 23
9491, 39
9492, 48
9494, 15
9495, 23
9496, 24
9497, 24
9498, 40
9499, 33
9500, 15
9501, 40
9502, 16
9503, 8
9504, 23
9505, 32
9506, 32
9507, 31
9508, 47
9509, 24
9510, 47
9511, 38
9512, 15
9513, 48
9514, 8
9515, 32
9516, 15
9517, 23
9518, 24
9519, 8
9520, 16
9521, 16
9522, 7
9523, 32
9524, 23
9526, 24
9527, 16
9528, 32
9529, 15
9530, 16
9531, 7
9533, 8
9534, 24
9535, 31
9536, 7
9537, 15
9538, 15
9539, 7
9540, 15
9541, 24
9542, 16
9543, 32
9544, 15
9545, 23
9546, 16
9548, 8
9549, 56
9550, 40
9551, 23
9552, 24
9553, 24
9554, 24
9555, 16
9556, 48
9557, 15
9558, 48
9559, 63
9560, 40
9561, 40
9562, 31
9564, 24
9565, 24
9566, 15
9567, 7
9568, 15
9569, 8
9570, 55
9571, 23
9572, 8
9573, 23
9574, 64
9575, 7
9576, 31
9577, 48
9578, 23
9579, 16
9580, 8
9581, 31
9582, 16
9583, 32
9584, 39
9585, 31
9586, 25
9587, 15
9588, 24
9589, 8
9590, 39
9591, 32
9592, 31
9593, 56
9594, 15
9595, 48
9596, 47
9597, 16
9598, 41
9599, 8
9600, 33
9601, 16
9602, 23
9603, 23
9604, 7
9605, 8
9606, 15
9607, 16
9608, 32
9609, 23
9610, 7
9611, 8
9612, 24
9613, 15
9614, 40
9615, 8
9616, 8
9617, 7
9618, 8
9619, 16
9620, 32
9621, 15
9622, 7
9623, 15
9624, 16
9626, 15
9627, 32
9628, 24
9629, 32
9630, 16
9631, 16
9632, 7
9633, 8
9634, 40
9635, 49
9636, 23
9637, 7
9638, 23
9639, 41
9640, 16
9641, 48
9642, 23
9643, 40
9644, 55
9645, 33
9646, 40
9647, 31
9648, 23
9649, 8
9650, 16
9651, 32
9652, 7
9653, 7
9654, 23
9655, 23
9656, 40
9657, 15
9658, 24
9659, 49
9660, 15
9661, 48
9662, 32
9663, 32
9664, 24
9665, 8
9666, 16
9667, 24
9668, 32
9669, 31
9670, 49
9672, 32
9673, 24
9674, 8
9675, 23
9676, 39
9677, 24
9678, 49
9679, 47
9680, 25
9681, 47
9682, 31
9683, 32
9684, 24
9686, 39
9687, 15
9688, 23
9689, 23
9691, 24
9692, 16
9693, 15
9694, 23
9695, 23
9697, 23
9698, 24
9699, 16
9700, 23
9702, 23
9705, 30
9706, 31
9707, 16
9708, 7
9709, 15
9710, 16
9711, 8
9712, 8
9713, 40
9714, 15
9715, 23
9716, 15
9717, 24
9719, 16
9720, 47
9721, 55
9722, 16
9723, 16
9724, 15
9725, 31
9726, 7
9727, 55
9728, 23
9729, 56
9730, 31
9731, 30
9732, 63
9733, 23
9734, 16
9735, 16
9736, 7
9737, 30
9738, 16
9739, 7
9740, 24
9741, 57
9742, 7
9744, 40
9745, 49
9746, 15
9747, 32
9748, 39
9749, 31
9750, 16
9751, 16
9752, 24
9753, 32
9754, 33
9755, 24
9756, 31
9757, 24
9758, 16
9759, 15
9760, 32
9761, 25
9762, 23
9763, 31
9764, 63
9765, 15
9766, 64
9767, 33
9768, 8
9769, 48
9770, 7
9771, 25
9772, 39
9773, 7
9774, 24
9775, 7
9776, 16
9777, 7
9778, 15
9779, 23
9780, 39
9782, 16
9783, 16
9784, 33
9785, 23
9786, 8
9787, 8
9788, 7
9790, 23
9791, 24
9792, 24
9793, 8
9794, 7
9795, 15
9796, 16
9797, 15
9798, 24
9799, 15
9800, 32
9801, 15
9802, 24
9803, 7
9804, 8
9805, 40
9806, 48
9807, 23
9808, 15
9809, 23
9810, 16
9811, 31
9812, 49
9813, 22
9814, 24
9815, 78
9816, 41
9817, 40
9818, 24
9819, 15
9820, 16
9821, 16
9822, 16
9823, 15
9824, 15
9825, 15
9826, 24
9827, 47
9828, 7
9829, 7
9830, 63
9831, 40
9832, 8
9833, 48
9834, 38
9835, 8
9836, 15
9837, 16
9838, 23
9839, 24
9840, 48
9841, 41
9843, 40
9844, 16
9845, 24
9846, 7
9847, 49
9848, 16
9849, 63
9850, 32
9851, 16
9852, 72
9853, 16
9854, 16
9855, 22
9856, 23
9857, 48
9858, 15
9859, 8
9860, 16
9861, 16
9862, 7
9863, 24
9864, 16
9865, 41
9866, 7
9868, 23
9869, 24
9870, 32
9871, 7
9872, 24
9875, 25
9876, 15
9877, 24
9878, 16
9879, 16
9880, 8
9881, 7
9882, 15
9883, 24
9884, 15
9885, 16
9886, 40
9887, 16
9888, 16
9890, 16
9891, 48
9892, 55
9893, 16
9895, 40
9896, 24
9897, 24
9898, 30
9899, 39
9900, 40
9901, 55
9902, 47
9903, 32
9904, 32
9906, 24
9907, 16
9908, 15
9909, 7
9910, 22
9911, 25
9912, 32
9913, 30
9915, 40
9916, 40
9917, 39
9918, 33
9919, 32
9920, 31
9921, 7
9922, 16
9923, 24
9924, 32
9925, 24
9926, 39
9927, 23
9928, 32
9929, 16
9930, 16
9931, 24
9932, 24
9933, 31
9934, 57
9935, 41
9936, 16
9937, 39
9938, 55
9940, 39
9941, 15
9942, 31
9943, 23
9944, 16
9945, 24
9946, 7
9947, 16
9948, 16
9950, 31
9951, 39
9953, 16
9954, 7
9955, 41
9956, 15
9957, 15
9958, 16
9961, 23
9962, 24
9963, 23
9964, 8
9965, 16
9966, 15
9968, 15
9969, 32
9970, 23
9971, 16
9972, 31
9973, 24
9975, 16
9976, 31
9977, 48
9978, 23
9979, 24
9980, 16
9981, 42
9982, 7
9983, 47
9984, 24
9985, 40
9986, 55
9987, 48
9988, 40
9989, 32
9990, 8
9991, 7
9992, 24
9993, 32
9995, 23
9996, 16
9997, 33
9998, 40
10000, 7
10001, 56
10002, 30
10003, 40
10004, 31
10005, 41
10006, 7
10007, 7
10008, 23
10009, 31
10010, 16
10011, 39
10012, 40
10013, 7
10014, 32
10015, 24
10016, 16
10017, 24
10018, 15
10019, 39
10020, 64
10021, 23
10022, 41
10023, 31
10024, 39
10025, 32
10026, 24
10027, 24
10028, 32
10029, 16
10030, 16
10031, 16
10033, 23
10034, 24
10035, 16
10036, 16
10037, 23
10039, 15
10040, 32
10041, 23
10042, 15
10043, 25
10046, 16
10047, 15
10048, 23
10049, 23
10050, 16
10051, 8
10052, 24
10054, 24
10055, 15
10056, 41
10057, 16
10058, 16
10059, 15
10061, 39
10062, 32
10063, 40
10064, 15
10065, 15
10066, 32
10067, 32
10068, 23
10069, 31
10070, 23
10071, 56
10072, 39
10073, 46
10074, 39
10075, 32
10077, 24
10078, 24
10079, 16
10080, 15
10081, 7
10082, 32
10083, 32
10084, 22
10086, 39
10087, 54
10088, 16
10089, 32
10090, 39
10091, 22
10092, 15
10093, 24
10094, 23
10095, 8
10096, 48
10097, 24
10098, 31
10099, 16
10100, 31
10101, 7
10102, 31
10103, 32
10104, 32
10105, 15
10106, 72
10107, 16
10108, 47
10109, 48
10110, 8
10111, 33
10112, 15
10113, 40
10114, 15
10115, 24
10116, 15
10117, 8
10118, 15
10119, 7
10120, 31
10121, 16
10122, 23
10123, 7
10124, 8
10125, 15
10126, 31
10127, 32
10128, 8
10129, 7
10130, 7
10132, 31
10133, 23
10134, 15
10135, 8
10136, 15
10137, 16
10139, 32
10140, 16
10141, 23
10142, 32
10143, 16
10144, 7
10145, 15
10147, 54
10148, 41
10149, 23
10150, 16
10151, 24
10152, 41
10153, 24
10154, 31
10155, 23
10156, 39
10157, 55
10158, 31
10159, 63
10160, 24
10161, 7
10162, 16
10163, 24
10164, 15
10165, 16
10166, 15
10167, 8
10168, 47
10169, 32
10171, 24
10172, 57
10173, 33
10174, 16
10175, 47
10176, 32
10178, 31
10179, 16
10180, 16
10181, 31
10182, 40
10183, 39
10184, 16
10185, 16
10186, 23
10187, 24
10188, 24
10189, 24
10190, 32
10191, 56
10192, 32
10193, 16
10194, 63
10195, 23
10196, 24
10197, 31
10198, 25
10199, 31
10200, 15
10201, 16
10202, 16
10203, 8
10204, 15
10205, 15
10206, 15
10207, 48
10210, 23
10211, 7
10212, 40
10213, 15
10214, 7
10215, 15
10217, 7
10218, 39
10219, 16
10220, 15
10221, 7
10222, 7
10223, 31
10225, 32
10226, 8
10227, 15
10228, 40
10229, 16
10230, 15
10231, 8
10232, 25
10233, 57
10234, 24
10235, 15
10236, 24
10237, 24
10238, 15
10239, 39
10240, 47
10241, 25
10242, 56
10243, 40
10244, 32
10245, 39
10246, 31
10248, 32
10249, 15
10250, 15
10251, 7
10252, 15
10253, 32
10254, 49
10255, 7
10257, 48
10258, 47
10259, 23
10260, 41
10261, 49
10262, 8
10263, 16
10264, 8
10265, 24
10266, 15
10267, 56
10268, 32
10269, 15
10270, 25
10271, 32
10272, 8
10273, 23
10274, 41
10275, 25
10276, 24
10277, 55
10278, 16
10279, 65
10280, 23
10281, 15
10282, 48
10283, 7
10284, 24
10285, 30
10286, 15
10287, 23
10288, 16
10289, 8
10290, 8
10291, 23
10292, 16
10293, 31
10294, 7
10295, 24
10297, 31
10298, 31
10299, 8
10300, 15
10303, 39
10304, 8
10305, 24
10306, 15
10307, 8
10308, 15
10309, 16
10310, 8
10311, 23
10312, 24
10313, 24
10314, 15
10315, 23
10316, 7
10317, 8
10318, 30
10319, 71
10320, 15
10321, 8
10322, 23
10323, 32
10324, 24
10325, 23
10326, 47
10327, 24
10328, 62
10329, 48
10330, 49
10331, 25
10332, 7
10333, 7
10334, 15
10335, 30
10336, 16
10337, 16
10339, 39
10340, 45
10342, 24
10343, 57
10344, 23
10345, 32
10346, 56
10347, 15
10348, 16
10349, 16
10350, 24
10351, 16
10352, 31
10353, 32
10354, 24
10355, 23
10356, 32
10357, 16
10358, 24
10359, 7
10360, 55
10361, 25
10362, 47
10363, 31
10364, 23
10365, 53
10366, 24
10367, 24
10368, 31
10369, 16
10370, 23
10371, 24
10372, 15
10373, 23
10374, 8
10375, 15
10376, 15
10377, 7
10378, 38
10379, 15
10381, 24
10382, 24
10383, 31
10384, 7
10385, 16
10386, 7
10388, 24
10389, 16
10390, 24
10391, 24
10392, 8
10393, 16
10394, 16
10396, 32
10397, 8
10398, 40
10399, 7
10400, 15
10401, 24
10402, 8
10403, 40
10404, 33
10405, 39
10406, 7
10407, 16
10408, 23
10409, 39
10410, 33
10411, 39
10412, 25
10413, 47
10414, 65
10415, 15
10416, 39
10417, 31
10418, 8
10419, 24
10420, 16
10421, 15
10422, 15
10423, 7
10424, 32
10425, 48
10426, 7
10427, 8
10428, 31
10429, 56
10430, 16
10431, 32
10432, 47
10433, 15
10434, 15
10435, 24
10436, 24
10437, 24
10438, 23
10439, 40
10440, 23
10441, 8
10442, 39
10443, 24
10444, 16
10445, 15
10446, 46
10447, 24
10448, 71
10450, 72
10451, 23
10452, 16
10453, 47
10454, 8
10455, 41
10456, 7
10457, 24
10458, 25
10459, 8
10460, 8
10461, 7
10462, 23
10463, 31
10464, 23
10466, 15
10467, 7
10468, 39
10469, 23
10470, 8
10471, 15
10473, 8
10474, 15
10475, 31
10476, 15
10477, 16
10478, 7
10479, 8
10480, 24
10481, 8
10482, 24
10483, 32
10484, 32
10485, 8
10486, 24
10488, 33
10489, 33
10490, 40
10491, 23
10492, 8
10493, 24
10494, 40
10495, 24
10496, 15
10497, 38
10498, 40
10499, 71
10500, 32
10501, 48
10502, 24
10503, 8
10504, 24
10505, 16
10506, 15
10507, 8
10508, 15
10509, 24
10510, 40
10511, 31
10513, 32
10514, 40
10515, 39
10516, 15
10517, 56
10518, 23
10519, 8
10520, 15
10521, 32
10522, 7
10523, 31
10524, 39
10525, 40
10527, 31
10528, 23
10529, 16
10530, 15
10531, 46
10532, 49
10533, 31
10534, 32
10535, 49
10536, 40
10537, 16
10538, 39
10539, 16
10540, 16
10541, 31
10542, 23
10543, 25
10544, 8
10546, 23
10547, 15
10548, 15
10549, 39
10550, 7
10551, 8
10552, 16
10553, 33
10554, 24
10555, 7
10556, 16
10557, 7
10559, 15
10560, 23
10561, 32
10562, 8
10563, 7
10564, 23
10565, 16
10567, 23
10568, 23
10569, 8
10570, 39
10571, 24
10572, 7
10573, 7
10574, 32
10575, 49
10576, 31
10577, 16
10578, 16
10579, 32
10580, 16
10581, 23
10582, 54
10583, 25
10584, 63
10585, 40
10586, 23
10587, 46
10588, 23
10589, 16
10590, 16
10591, 24
10592, 8
10593, 7
10594, 15
10595, 15
10596, 55
10597, 15
10599, 47
10600, 47
10601, 23
10602, 40
10603, 40
10604, 15
10605, 16
10606, 16
10607, 23
10608, 16
10609, 48
10610, 31
10611, 15
10612, 24
10613, 32
10614, 8
10615, 32
10616, 24
10617, 32
10618, 23
10619, 55
10620, 40
10621, 40
10622, 39
10623, 16
10624, 39
10626, 48
10627, 7
10628, 15
10629, 31
10631, 23
10632, 8
10633, 16
10634, 24
10635, 31
10637, 24
10638, 24
10639, 16
10640, 23
10641, 16
10642, 7
10644, 8
10645, 24
10646, 15
10647, 23
10648, 16
10649, 8
10650, 15
10651, 8
10652, 24
10653, 24
10654, 24
10655, 23
10656, 15
10657, 16
10658, 7
10659, 15
10660, 31
10661, 57
10662, 23
10663, 25
10664, 7
10665, 48
10666, 16
10667, 48
10668, 8
10669, 48
10670, 63
10671, 24
10672, 48
10673, 30
10674, 8
10675, 24
10676, 24
10677, 7
10678, 15
10679, 7
10680, 32
10681, 57
10682, 7
10684, 32
10685, 48
10686, 15
10687, 47
10688, 23
10689, 39
10690, 16
10691, 8
10692, 31
10693, 15
10694, 41
10695, 32
10696, 32
10697, 16
10698, 23
10699, 24
10700, 16
10701, 24
10702, 39
10703, 8
10704, 62
10705, 32
10706, 47
10707, 40
10708, 23
10709, 32
10710, 16
10711, 24
10712, 30
10713, 16
10714, 16
10715, 15
10716, 16
10717, 8
10718, 23
10719, 8
10720, 30
10721, 15
10722, 8
10723, 15
10724, 24
10725, 23
10726, 15
10727, 7
10728, 15
10730, 23
10731, 23
10732, 15
10733, 24
10735, 24
10736, 16
10738, 23
10739, 24
10740, 16
10741, 31
10742, 24
10743, 8
10744, 8
10745, 24
10746, 56
10747, 40
10749, 32
10750, 24
10751, 23
10752, 39
10753, 15
10754, 48
10755, 56
10756, 49
10757, 48
10758, 24
10759, 15
10760, 7
10761, 16
10762, 23
10763, 15
10764, 15
10765, 15
10766, 16
10767, 47
10768, 15
10769, 16
10770, 32
10771, 56
10772, 24
10773, 32
10774, 23
10775, 31
10776, 7
10777, 24
10778, 32
10779, 24
10780, 41
10781, 40
10783, 24
10784, 23
10785, 15
10786, 24
10787, 40
10788, 33
10789, 48
10790, 40
10791, 8
10792, 63
10793, 24
10794, 24
10795, 32
10796, 7
10797, 39
10798, 24
10799, 8
10800, 32
10802, 24
10803, 16
10804, 16
10805, 41
10806, 7
10808, 23
10810, 47
10811, 15
10812, 16
10813, 7
10815, 8
10816, 32
10817, 16
10818, 14
10819, 24
10820, 8
10821, 8
10822, 15
10823, 15
10824, 15
10825, 23
10826, 31
10827, 16
10828, 16
10829, 7
10830, 16
10831, 56
10832, 31
10833, 23
10834, 24
10835, 7
10836, 49
10837, 16
10838, 40
10839, 23
10840, 48
10841, 40
10842, 55
10843, 41
10844, 31
10845, 8
10847, 39
10848, 8
10849, 15
10850, 16
10851, 24
10852, 31
10853, 31
10855, 31
10856, 65
10857, 25
10858, 16
10859, 39
10860, 31
10861, 16
10863, 31
10864, 31
10865, 16
10866, 48
10867, 30
10868, 8
10869, 31
10870, 24
10871, 16
10872, 24
10873, 40
10874, 24
10875, 40
10876, 38
10877, 57
10878, 40
10879, 7
10880, 39
10881, 15
10882, 49
10884, 23
10885, 23
10886, 8
10887, 16
10888, 7
10889, 24
10890, 24
10891, 15
10892, 15
10893, 8
10894, 16
10895, 31
10896, 23
10897, 7
10898, 23
10901, 24
10902, 31
10903, 7
10904, 24
10906, 24
10907, 8
10908, 8
10909, 32
10910, 15
10911, 31
10912, 16
10913, 16
10914, 15
10916, 39
10917, 56
10918, 32
10919, 8
10920, 24
10921, 41
10922, 16
10923, 24
10924, 39
10925, 33
10926, 55
10927, 32
10928, 73
10929, 16
10930, 15
10932, 31
10933, 24
10934, 16
10935, 8
10936, 16
10937, 24
10938, 56
10940, 25
10941, 31
10942, 39
10943, 32
10944, 48
10945, 25
10946, 24
10947, 16
10948, 16
10949, 24
10950, 7
10951, 48
10952, 31
10953, 15
10954, 40
10955, 8
10956, 15
10957, 32
10958, 25
10959, 23
10960, 56
10961, 40
10962, 41
10963, 40
10964, 31
10965, 16
10966, 31
10967, 7
10968, 48
10969, 24
10970, 8
10971, 24
10973, 23
10974, 7
10975, 23
10976, 41
10977, 7
10978, 8
10979, 16
10981, 48
10982, 15
10983, 24
10986, 16
10987, 8
10988, 30
10989, 15
10990, 15
10991, 16
10992, 7
10993, 15
10994, 8
10995, 30
10996, 24
10997, 23
10998, 24
10999, 16
11001, 16
11002, 39
11003, 48
11004, 31
11005, 16
11006, 16
11007, 23
11008, 40
11009, 40
11010, 16
11011, 31
11012, 62
11013, 23
11014, 62
11015, 32
11017, 24
11018, 16
11019, 15
11020, 24
11021, 7
11022, 24
11023, 24
11024, 39
11025, 8
11026, 23
11027, 55
11028, 24
11029, 32
11030, 47
11031, 15
11032, 15
11033, 16
11034, 32
11035, 8
11036, 40
11037, 32
11038, 31
11040, 56
11041, 8
11042, 23
11043, 8
11044, 39
11045, 40
11046, 66
11047, 7
11048, 39
11049, 55
11050, 15
11051, 40
11052, 7
11053, 16
11054, 48
11055, 8
11056, 33
11058, 16
11059, 8
11060, 32
11061, 8
11062, 31
11063, 7
11064, 8
11065, 15
11066, 16
11067, 46
11069, 16
11070, 7
11071, 8
11072, 24
11073, 24
11074, 16
11075, 16
11076, 7
11077, 7
11078, 24
11080, 32
11081, 16
11082, 40
11083, 7
11084, 24
11085, 7
11086, 7
11087, 39
11088, 57
11089, 15
11090, 16
11091, 15
11092, 41
11093, 16
11094, 40
11095, 31
11096, 23
11097, 55
11098, 47
11099, 64
11100, 25
11101, 16
11102, 8
11103, 7
11104, 31
11105, 16
11106, 16
11108, 40
11109, 48
11111, 24
11112, 24
11113, 55
11114, 24
11115, 39
11116, 41
11117, 8
11118, 16
11119, 16
11120, 32
11121, 7
11122, 48
11123, 48
11125, 40
11126, 16
11127, 24
11128, 16
11129, 16
11130, 48
11131, 47
11132, 32
11133, 48
11134, 41
11135, 24
11136, 7
11137, 47
11138, 8
11139, 31
11140, 32
11141, 8
11142, 24
11143, 8
11144, 15
11145, 8
11146, 15
11147, 40
11148, 15
11150, 24
11151, 8
11152, 40
11153, 15
11154, 16
11155, 7
11157, 16
11158, 15
11159, 32
11160, 8
11161, 15
11162, 16
11163, 7
11164, 15
11165, 24
11166, 23
11167, 25
11168, 24
11169, 16
11170, 15
11172, 8
11173, 54
11174, 47
11175, 15
11176, 24
11177, 16
11178, 23
11179, 31
11180, 47
11181, 15
11182, 63
11183, 41
11184, 40
11185, 38
11186, 23
11187, 7
11188, 15
11189, 32
11190, 7
11191, 15
11192, 16
11193, 24
11194, 49
11195, 15
11197, 32
11198, 65
11199, 15
11200, 49
11201, 24
11202, 31
11203, 8
11204, 24
11205, 24
11206, 16
11207, 31
11208, 48
11209, 16
11210, 7
11211, 40
11212, 15
11213, 15
11214, 24
11215, 47
11216, 33
11217, 55
11218, 16
11219, 32
11220, 55
11221, 7
11222, 57
11224, 31
11225, 32
11226, 8
11227, 25
11228, 7
11229, 8
11230, 15
11231, 23
11232, 24
11233, 23
11234, 7
11235, 24
11237, 24
11238, 38
11240, 23
11243, 24
11244, 24
11245, 23
11246, 16
11248, 23
11249, 16
11251, 40
11252, 15
11253, 32
11254, 16
11255, 16
11256, 7
11257, 8
11258, 39
11259, 31
11260, 37
11261, 7
11262, 22
11263, 24
11264, 31
11265, 64
11266, 7
11267, 49
11268, 39
11269, 47
11270, 23
11271, 39
11272, 23
11273, 15
11274, 16
11275, 23
11276, 8
11277, 24
11278, 8
11279, 23
11280, 55
11282, 23
11283, 40
11284, 32
11285, 31
11286, 40
11287, 39
11288, 8
11289, 24
11290, 16
11291, 15
11292, 24
11293, 40
11294, 32
11295, 15
11296, 32
11297, 23
11298, 16
11299, 23
11300, 31
11301, 23
11302, 58
11303, 39
11304, 24
11305, 46
11306, 23
11307, 23
11308, 39
11309, 8
11310, 40
11311, 15
11312, 7
11313, 23
11314, 15
11315, 7
11316, 23
11317, 7
11318, 31
11319, 23
11320, 8
11321, 15
11322, 8
11323, 39
11324, 15
11325, 24
11329, 39
11330, 23
11331, 7
11332, 15
11333, 16
11334, 7
11335, 15
11336, 24
11337, 16
11338, 23
11339, 32
11340, 16
11341, 16
11343, 24
11344, 40
11345, 57
11346, 8
11347, 24
11348, 32
11349, 16
11350, 41
11351, 41
11352, 16
11353, 49
11354, 47
11355, 64
11356, 23
11357, 15
11358, 16
11359, 7
11360, 40
11361, 7
11362, 8
11363, 15
11364, 24
11365, 57
11366, 7
11368, 39
11369, 48
11370, 24
11371, 41
11372, 39
11373, 15
11374, 15
11375, 16
11376, 15
11377, 32
11378, 40
11379, 24
11380, 31
11381, 7
11382, 31
11383, 23
11384, 24
11385, 16
11386, 39
11387, 24
11388, 81
11389, 8
11390, 40
11391, 40
11392, 15
11393, 39
11394, 15
11395, 39
11396, 24
11397, 16
11398, 16
11399, 7
11400, 16
11401, 7
11402, 22
11403, 24
11404, 32
11406, 24
11407, 8
11408, 32
11409, 15
11410, 15
11411, 15
11413, 8
11414, 15
11415, 15
11416, 31
11417, 8
11418, 15
11419, 8
11420, 7
11421, 15
11422, 23
11423, 31
11424, 40
11425, 8
11426, 7
11427, 15
11428, 24
11429, 24
11430, 48
11431, 23
11432, 7
11433, 30
11434, 33
11435, 15
11436, 39
11437, 31
11438, 32
11439, 55
11440, 56
11441, 50
11442, 24
11443, 16
11445, 24
11446, 23
11447, 16
11448, 7
11449, 15
11450, 32
11451, 46
11453, 24
11454, 40
11455, 40
11456, 24
11457, 40
11458, 30
11459, 7
11460, 32
11461, 8
11462, 31
11463, 24
11464, 23
11465, 39
11466, 23
11467, 32
11468, 16
11469, 23
11470, 16
11471, 33
11472, 39
11473, 39
11474, 40
11475, 16
11476, 63
11477, 23
11478, 33
11479, 24
11480, 16
11481, 22
11482, 32
11483, 16
11484, 15
11485, 8
11486, 15
11487, 16
11488, 7
11489, 47
11490, 7
11492, 15
11493, 32
11494, 41
11496, 15
11497, 8
11499, 8
11500, 31
11501, 24
11502, 15
11503, 16
11504, 7
11505, 7
11506, 16
11507, 16
11508, 23
11509, 32
11510, 24
11511, 16
11512, 16
11513, 8
11514, 24
11515, 23
11516, 63
11517, 8
11518, 7
11519, 30
11520, 31
11521, 40
11522, 23
11523, 40
11524, 48
11525, 40
11526, 32
11527, 54
11528, 23
11529, 8
11530, 15
11531, 23
11532, 16
11533, 15
11534, 8
11535, 24
11536, 64
11539, 39
11540, 31
11541, 47
11542, 32
11543, 40
11544, 24
11545, 8
11546, 25
11547, 24
11548, 16
11549, 40
11550, 40
11551, 16
11552, 24
11553, 24
11554, 24
11555, 16
11556, 32
11557, 23
11558, 56
11559, 48
11560, 8
11561, 55
11562, 32
11563, 15
11564, 40
11565, 7
11566, 32
11567, 31
11568, 7
11569, 33
11571, 15
11572, 7
11573, 31
11574, 16
11575, 31
11577, 16
11578, 7
11579, 24
11580, 39
11582, 23
11585, 31
11586, 32
11587, 7
11588, 15
11589, 15
11590, 8
11591, 16
11593, 23
11594, 23
11595, 39
11596, 16
11597, 16
11598, 7
11599, 8
11600, 40
11601, 39
11602, 39
11603, 24
11604, 7
11605, 24
11606, 31
11607, 47
11608, 15
11609, 40
11610, 55
11611, 33
11612, 55
11613, 23
11614, 15
11615, 16
11616, 15
11617, 31
11619, 23
11621, 56
11622, 31
11624, 16
11625, 39
11626, 65
11628, 56
11629, 32
11630, 8
11631, 16
11632, 24
11633, 23
11634, 31
11635, 24
11636, 30
11637, 15
11638, 40
11639, 15
11640, 15
11641, 24
11642, 32
11643, 32
11644, 40
11645, 47
11646, 32
11647, 55
11648, 15
11649, 23
11650, 32
11651, 8
11652, 40
11653, 24
11654, 16
11655, 15
11656, 8
11657, 15
11658, 16
11659, 16
11660, 40
11661, 7
11662, 8
11663, 15
11664, 7
11665, 40
11666, 15
11667, 16
11668, 7
11670, 16
11671, 40
11672, 8
11673, 7
11674, 24
11675, 16
11677, 15
11678, 32
11679, 16
11680, 15
11681, 31
11682, 16
11683, 16
11684, 8
11685, 24
11686, 40
11687, 46
11688, 8
11689, 7
11690, 22
11691, 47
11692, 16
11693, 31
11694, 31
11695, 71
11696, 40
11697, 49
11698, 39
11699, 7
11700, 7
11701, 23
11702, 32
11703, 8
11704, 15
11705, 8
11706, 24
11707, 57
11708, 7
11709, 16
11710, 32
11711, 31
11712, 39
11713, 31
11714, 48
11715, 16
11716, 8
11717, 24
11718, 16
11719, 24
11720, 32
11721, 48
11722, 15
11723, 24
11724, 23
11725, 16
11726, 24
11727, 8
11728, 54
11729, 50
11730, 32
11731, 32
11732, 40
11733, 39
11734, 15
11735, 40
11736, 7
11737, 39
11738, 24
11739, 16
11740, 15
11741, 7
11742, 15
11743, 7
11744, 32
11745, 24
11746, 24
11748, 24
11749, 8
11750, 40
11751, 15
11752, 8
11753, 16
11755, 8
11756, 24
11757, 31
11758, 8
11759, 8
11760, 16
11761, 15
11762, 8
11763, 23
11764, 16
11765, 23
11766, 32
11767, 16
11768, 24
11770, 16
11771, 32
11772, 72
11774, 15
11775, 24
11776, 39
11777, 24
11778, 32
11779, 23
11780, 24
11781, 62
11782, 47
11783, 56
11784, 24
11785, 7
11786, 24
11787, 16
11788, 15
11789, 7
11790, 23
11791, 7
11792, 65
11793, 15
11795, 32
11796, 32
11797, 48
11798, 15
11799, 57
11800, 23
11801, 8
11802, 24
11803, 15
11804, 32
11805, 15
11806, 32
11807, 47
11808, 8
11809, 32
11810, 16
11811, 15
11812, 31
11813, 32
11814, 32
11815, 55
11816, 25
11817, 33
11818, 64
11819, 8
11820, 33
11821, 23
11822, 24
11823, 33
11824, 8
11825, 15
11826, 23
11827, 16
11828, 7
11829, 24
11831, 39
11832, 15
11833, 16
11834, 7
11835, 23
11836, 32
11837, 7
11838, 8
11839, 15
11841, 24
11842, 16
11843, 31
11844, 16
11846, 15
11847, 7
11848, 15
11849, 24
11850, 32
11851, 24
11852, 15
11853, 16
11854, 15
11855, 8
11856, 24
11857, 31
11858, 55
11859, 16
11860, 15
11861, 15
11862, 31
11863, 40
11864, 38
11865, 25
11866, 56
11867, 41
11868, 65
11869, 15
11870, 23
11871, 8
11872, 16
11873, 32
11874, 7
11875, 24
11877, 24
11878, 47
11879, 15
11880, 8
11881, 31
11882, 65
11883, 24
11884, 24
11885, 39
11886, 23
11887, 16
11888, 16
11889, 16
11890, 15
11891, 48
11892, 39
11893, 15
11894, 24
11895, 23
11896, 24
11897, 16
11898, 31
11899, 23
11900, 24
11901, 72
11902, 24
11903, 49
11904, 23
11905, 23
11906, 40
11907, 7
11908, 40
11909, 24
11910, 16
11911, 24
11912, 8
11913, 8
11914, 16
11915, 15
11916, 32
11917, 23
11919, 16
11920, 24
11921, 15
11922, 30
11923, 8
11924, 15
11927, 23
11928, 30
11929, 15
11930, 16
11931, 16
11932, 8
11933, 8
11934, 15
11935, 32
11936, 24
11937, 23
11938, 16
11939, 24
11941, 7
11942, 38
11943, 55
11944, 23
11945, 24
11946, 7
11947, 40
11948, 15
11949, 39
11950, 23
11951, 40
11952, 80
11953, 16
11954, 39
11955, 39
11956, 8
11957, 15
11958, 31
11959, 16
11961, 23
11962, 7
11963, 31
11964, 47
11966, 32
11967, 32
11968, 38
11969, 39
11970, 31
11971, 31
11972, 8
11973, 23
11974, 24
11975, 24
11976, 31
11977, 32
11978, 31
11980, 39
11981, 16
11982, 24
11983, 24
11984, 31
11985, 48
11986, 41
11987, 23
11988, 49
11989, 23
11990, 30
11991, 33
11992, 22
11993, 16
11994, 39
11995, 8
11996, 24
11997, 16
11998, 16
11999, 8
12000, 24
12001, 16
12002, 31
12003, 7
12004, 8
12005, 16
12006, 7
12007, 46
12008, 7
12009, 23
12012, 7
12013, 39
12014, 24
12015, 8
12016, 16
12017, 7
12018, 24
12020, 24
12021, 31
12022, 24
12023, 15
12024, 16
12025, 15
12026, 8
12027, 32
12028, 57
12029, 23
12030, 8
12031, 7
12032, 31
12033, 38
12034, 41
12035, 24
12036, 23
12037, 47
12038, 56
12039, 39
12040, 30
12041, 31
12042, 7
12043, 24
12044, 23
12046, 32
12048, 15
12049, 69
12051, 24
12052, 24
12053, 39
12054, 40
12055, 40
12056, 16
12057, 39
12059, 24
12060, 32
12062, 38
12063, 39
12064, 23
12065, 24
12066, 23
12067, 16
12068, 23
12069, 41
12070, 15
12071, 63
12072, 16
12073, 23
12074, 64
12075, 31
12076, 32
12077, 32
12078, 16
12079, 32
12080, 15
12081, 15
12082, 15
12083, 16
12084, 7
12085, 15
12086, 23
12087, 24
12088, 24
12090, 16
12091, 7
12092, 39
12093, 23
12094, 16
12095, 8
12097, 8
12098, 15
12099, 23
12100, 23
12101, 7
12102, 23
12103, 8
12104, 15
12105, 8
12106, 24
12107, 32
12108, 32
12109, 8
12110, 15
12111, 7
12112, 16
12113, 56
12114, 24
12115, 30
12116, 24
12117, 8
12118, 49
12119, 16
12120, 40
12121, 15
12122, 56
12123, 39
12124, 47
12125, 46
12126, 24
12127, 16
12129, 23
12130, 23
12131, 7
12132, 23
12133, 24
12134, 24
12135, 38
12137, 31
12138, 32
12139, 47
12140, 32
12141, 49
12142, 15
12143, 15
12144, 16
12145, 23
12146, 15
12147, 40
12148, 15
12149, 39
12150, 7
12151, 31
12152, 23
12153, 32
12154, 16
12155, 32
12156, 32
12157, 41
12158, 39
12159, 32
12160, 63
12161, 7
12162, 31
12163, 24
12164, 16
12165, 40
12166, 8
12167, 15
12168, 22
12169, 15
12170, 8
12171, 15
12172, 23
12173, 32
12174, 7
12175, 8
12176, 15
12177, 23
12178, 32
12179, 7
12180, 24
12183, 25
12184, 31
12185, 16
12186, 7
12187, 7
12188, 15
12189, 7
12190, 15
12191, 23
12192, 32
12193, 16
12194, 23
12195, 16
12196, 15
12197, 8
12198, 40
12199, 16
12200, 54
12201, 7
12202, 23
12203, 23
12204, 23
12205, 48
12206, 32
12207, 24
12208, 62
12209, 32
12210, 56
12211, 23
12212, 23
12213, 8
12214, 24
12215, 15
12216, 15
12217, 15
12218, 7
12219, 33
12220, 57
12222, 7
12223, 65
12224, 16
12225, 31
12226, 32
12227, 40
12228, 23
12229, 7
12230, 23
12231, 31
12232, 15
12233, 39
12234, 47
12236, 32
12237, 23
12238, 8
12239, 23
12240, 40
12241, 24
12242, 41
12243, 48
12244, 32
12245, 48
12246, 23
12247, 23
12248, 40
12249, 8
12250, 31
12251, 23
12252, 7
12253, 24
12254, 16
12255, 15
12256, 25
12258, 40
12259, 15
12261, 16
12262, 16
12263, 32
12264, 23
12266, 22
12268, 8
12269, 39
12270, 16
12271, 15
12272, 16
12273, 8
12274, 8
12275, 16
12276, 24
12277, 16
12278, 15
12279, 31
12280, 24
12281, 16
12283, 33
12284, 32
12285, 32
12286, 31
12287, 24
12288, 8
12289, 39
12290, 15
12291, 55
12292, 7
12293, 56
12294, 64
12295, 16
12296, 45
12297, 32
12298, 7
12299, 15
12300, 16
12301, 31
12302, 8
12303, 15
12304, 33
12305, 40
12306, 15
12308, 32
12309, 49
12310, 23
12311, 40
12312, 57
12313, 7
12314, 15
12315, 7
12316, 40
12317, 24
12318, 24
12319, 40
12320, 23
12322, 39
12323, 23
12324, 15
12325, 16
12326, 39
12327, 32
12328, 48
12329, 31
12330, 65
12331, 16
12332, 31
12333, 40
12334, 8
12336, 54
12337, 15
12338, 16
12339, 15
12340, 16
12341, 16
12343, 39
12344, 23
12345, 7
12347, 23
12348, 24
12349, 39
12351, 24
12354, 15
12355, 40
12356, 16
12357, 8
12358, 16
12359, 16
12360, 16
12362, 24
12363, 24
12364, 32
12365, 15
12366, 25
12367, 7
12368, 7
12369, 40
12370, 31
12371, 40
12372, 24
12374, 31
12375, 30
12376, 32
12377, 38
12378, 33
12379, 55
12380, 56
12381, 49
12382, 16
12383, 15
12384, 7
12385, 24
12386, 23
12387, 8
12388, 24
12390, 32
12391, 56
12393, 24
12394, 32
12395, 57
12396, 16
12397, 40
12398, 32
12399, 7
12400, 15
12401, 32
12402, 15
12403, 41
12404, 24
12405, 40
12406, 7
12407, 24
12408, 23
12409, 32
12410, 16
12411, 32
12412, 16
12413, 65
12414, 40
12415, 41
12416, 48
12417, 16
12418, 16
12419, 38
12420, 8
12421, 40
12422, 16
12423, 15
12424, 24
12425, 8
12426, 15
12427, 24
12429, 40
12430, 15
12431, 8
12432, 8
12433, 15
12434, 32
12435, 23
12436, 8
12437, 15
12439, 8
12440, 23
12441, 23
12442, 23
12443, 8
12444, 15
12445, 7
12446, 16
12447, 24
12448, 16
12449, 31
12450, 25
12451, 8
12452, 15
12453, 7
12454, 32
12455, 31
12456, 55
12457, 8
12458, 7
12459, 40
12460, 16
12461, 32
12462, 47
12463, 15
12464, 48
12465, 64
12466, 16
12467, 45
12468, 39
12470, 15
12471, 39
12473, 16
12474, 7
12475, 31
12476, 49
12477, 15
12479, 32
12480, 32
12481, 54
12482, 24
12483, 48
12484, 16
12485, 16
12486, 15
12487, 32
12488, 16
12489, 32
12490, 48
12491, 16
12492, 24
12493, 32
12495, 16
12496, 48
12497, 32
12498, 41
12499, 24
12500, 31
12501, 56
12502, 39
12503, 7
12504, 48
12505, 8
12506, 32
12507, 14
12508, 23
12509, 16
12510, 15
12511, 24
12513, 32
12514, 8
12515, 40
12517, 8
12518, 24
12519, 24
12520, 32
12522, 16
12523, 7
12525, 31
12526, 16
12527, 15
12528, 15
12529, 24
12531, 7
12532, 24
12533, 24
12534, 24
12535, 24
12536, 15
12537, 24
12538, 7
12540, 40
12541, 48
12542, 39
12543, 8
12544, 15
12545, 15
12546, 38
12547, 48
12548, 22
12549, 40
12550, 31
12551, 55
12552, 64
12553, 8
12554, 23
12555, 16
12556, 16
12557, 23
12558, 8
12559, 15
12560, 24
12561, 16
12562, 48
12563, 7
12564, 24
12565, 32
12566, 47
12567, 24
12568, 39
12569, 40
12571, 23
12572, 32
12573, 8
12574, 32
12575, 41
12576, 40
12578, 32
12579, 15
12580, 32
12581, 16
12582, 40
12583, 24
12584, 39
12585, 32
12586, 39
12587, 47
12588, 31
12589, 32
12590, 24
12591, 16
12592, 40
12593, 16
12594, 16
12595, 8
12596, 7
12597, 23
12598, 16
12599, 15
12600, 39
12601, 7
12603, 24
12604, 8
12605, 40
12606, 15
12607, 8
12608, 15
12610, 16
12611, 24
12612, 15
12613, 23
12614, 8
12615, 16
12616, 7
12617, 15
12618, 8
12619, 39
12620, 16
12621, 31
12623, 31
12624, 8
12625, 25
12626, 32
12627, 47
12628, 24
12629, 16
12630, 33
12631, 23
12632, 8
12633, 55
12634, 24
12635, 57
12636, 31
12637, 73
12638, 16
12639, 32
12640, 8
12641, 7
12642, 32
12643, 7
12644, 24
12645, 7
12646, 25
12647, 39
12648, 23
12649, 8
12650, 32
12651, 46
12652, 24
12653, 41
12654, 49
12655, 16
12657, 31
12658, 16
12659, 15
12660, 40
12661, 39
12662, 23
12663, 8
12664, 31
12665, 23
12666, 24
12667, 7
12668, 46
12669, 24
12670, 55
12671, 48
12672, 39
12673, 40
12675, 32
12676, 23
12677, 24
12678, 31
12679, 15
12680, 25
12681, 8
12682, 15
12683, 7
12684, 23
12685, 33
12686, 15
12687, 7
12688, 16
12689, 8
12690, 32
12691, 23
12692, 7
12693, 15
12694, 7
12696, 15
12697, 39
12698, 16
12699, 8
12700, 24
12701, 7
12702, 16
12703, 8
12704, 32
12705, 7
12706, 39
12707, 24
12708, 16
12710, 8
12711, 39
12712, 40
12713, 40
12714, 8
12715, 24
12716, 41
12717, 16
12718, 39
12719, 23
12720, 31
12721, 64
12722, 57
12723, 24
12724, 23
12725, 31
12726, 8
12727, 24
12728, 16
12729, 7
12730, 24
12731, 16
12732, 15
12733, 54
12735, 32
12736, 33
12737, 39
12738, 32
12739, 33
12740, 41
12741, 8
12742, 7
12743, 32
12744, 23
12745, 16
12746, 39
12747, 30
12748, 15
12749, 31
12750, 23
12751, 25
12752, 24
12753, 32
12754, 24
12755, 64
12756, 15
12757, 32
12758, 48
12759, 31
12760, 16
12761, 39
12762, 8
12763, 39
12764, 24
12765, 16
12766, 16
12767, 8
12768, 15
12769, 24
12770, 8
12771, 32
12772, 15
12773, 8
12774, 16
12775, 24
12776, 32
12777, 7
12778, 25
12781, 24
12782, 24
12783, 15
12784, 16
12785, 16
12787, 14
12788, 16
12789, 8
12790, 40
12791, 16
12792, 24
12793, 23
12794, 8
12795, 16
12796, 16
12797, 39
12798, 48
12799, 7
12800, 31
12801, 16
12802, 32
12803, 23
12804, 47
12805, 24
12806, 40
12807, 48
12808, 47
12809, 38
12810, 32
12812, 15
12813, 31
12814, 7
12815, 23
12816, 8
12817, 23
12818, 57
12819, 7
12820, 8
12821, 48
12822, 33
12823, 31
12824, 24
12825, 48
12826, 15
12827, 16
12828, 24
12829, 24
12830, 7
12831, 57
12832, 8
12833, 38
12834, 16
12835, 32
12836, 16
12837, 23
12838, 7
12839, 55
12840, 32
12841, 49
12842, 24
12843, 48
12844, 39
12845, 7
12846, 40
12847, 15
12848, 40
12849, 15
12850, 23
12851, 24
12853, 16
12854, 15
12855, 15
12856, 24
12857, 31
12859, 16
12860, 7
12861, 41
12862, 23
12864, 15
12865, 7
12866, 8
12867, 16
12868, 23
12869, 23
12870, 16
12871, 16
12873, 23
12875, 32
12876, 15
12877, 32
12878, 15
12879, 24
12880, 7
12881, 8
12882, 40
12883, 57
12884, 15
12885, 15
12886, 16
12887, 31
12888, 39
12889, 31
12890, 23
12891, 41
12892, 55
12893, 49
12894, 23
12895, 47
12896, 7
12897, 15
12898, 15
12899, 22
12900, 16
12901, 15
12902, 16
12903, 25
12904, 48
12906, 8
12907, 55
12908, 23
12909, 46
12910, 32
12911, 39
12912, 8
12913, 24
12914, 24
12915, 7
12916, 48
12917, 16
12918, 30
12919, 15
12920, 40
12921, 16
12922, 33
12923, 8
12924, 41
12925, 16
12926, 57
12927, 39
12928, 40
12929, 23
12930, 29
12931, 24
12932, 39
12933, 8
12934, 47
12935, 8
12936, 15
12937, 23
12938, 8
12939, 7
12940, 24
12941, 24
12942, 32
12943, 7
12945, 23
12946, 7
12947, 48
12948, 7
12949, 16
12950, 7
12952, 8
12953, 40
12954, 8
12955, 23
12956, 15
12957, 8
12958, 7
12959, 15
12960, 15
12961, 31
12962, 16
12963, 31
12964, 7
12965, 16
12966, 7
12967, 32
12968, 32
12969, 46
12970, 15
12971, 16
12972, 40
12973, 24
12974, 40
12975, 31
12976, 16
12977, 41
12978, 38
12979, 64
12980, 30
12981, 24
12982, 15
12983, 8
12984, 32
12985, 15
12986, 16
12987, 7
12988, 32
12989, 40
12990, 15
12991, 8
12992, 32
12993, 47
12994, 39
12995, 40
12996, 25
12997, 15
12998, 15
12999, 24
13000, 23
13001, 15
13002, 40
13003, 49
13004, 7
13005, 16
13006, 40
13007, 8
13008, 24
13009, 24
13010, 23
13011, 30
13012, 71
13013, 16
13014, 64
13015, 8
13016, 22
13017, 56
13019, 24
13020, 39
13021, 7
13022, 24
13023, 7
13024, 24
13025, 8
13026, 24
13027, 24
13028, 16
13029, 7
13030, 16
13031, 7
13032, 56
13033, 8
13035, 15
13036, 7
13038, 23
13039, 31
13040, 16
13041, 16
13042, 8
13043, 15
13044, 16
13045, 16
13046, 24
13047, 7
13048, 40
13049, 16
13050, 16
13051, 8
13052, 16
13053, 39
13054, 56
13055, 15
13056, 8
13057, 24
13058, 32
13059, 24
13060, 48
13061, 15
13062, 48
13063, 55
13064, 31
13065, 47
13066, 23
13067, 15
13068, 15
13069, 16
13070, 23
13071, 7
13072, 15
13073, 15
13074, 15
13075, 61
13077, 16
13078, 63
13079, 23
13080, 32
13081, 31
13082, 39
13083, 16
13084, 8
13085, 7
13086, 31
13087, 32
13088, 40
13089, 23
13090, 23
13091, 24
13092, 15
13093, 23
13094, 32
13095, 23
13096, 31
13097, 15
13098, 70
13099, 33
13100, 47
13101, 23
13102, 24
13103, 30
13104, 8
13105, 46
13106, 8
13107, 16
13108, 23
13109, 16
13110, 8
13111, 16
13112, 16
13113, 39
13114, 8
13115, 8
13116, 16
13117, 7
13118, 55
13120, 16
13121, 7
13123, 15
13124, 40
13125, 8
13126, 7
13127, 16
13128, 15
13129, 15
13130, 7
13131, 24
13132, 15
13133, 23
13134, 23
13135, 15
13136, 23
13138, 32
13139, 31
13140, 54
13141, 16
13142, 16
13143, 32
13144, 24
13145, 24
13146, 48
13147, 16
13148, 63
13149, 47
13150, 23
13151, 48
13152, 8
13153, 23
13154, 7
13155, 40
13157, 23
13158, 7
13159, 24
13160, 40
13161, 22
13162, 8
13163, 40
13164, 48
13165, 16
13166, 31
13167, 47
13168, 15
13169, 16
13170, 32
13171, 16
13172, 16
13173, 41
13174, 39
13175, 15
13176, 41
13177, 8
13178, 8
13179, 15
13180, 47
13181, 24
13182, 39
13183, 56
13184, 16
13185, 39
13186, 47
13187, 33
13188, 16
13189, 15
13190, 32
13191, 22
13192, 15
13193, 32
13194, 8
13195, 16
13197, 23
13198, 15
13199, 31
13200, 7
13201, 16
13202, 15
13203, 32
13204, 23
13205, 8
13206, 15
13209, 23
13210, 32
13211, 15
13212, 16
13213, 16
13215, 7
13216, 31
13217, 15
13218, 24
13219, 32
13220, 16
13221, 24
13223, 33
13224, 33
13225, 48
13226, 15
13227, 8
13228, 22
13229, 31
13230, 32
13231, 32
13232, 31
13233, 39
13234, 39
13235, 56
13236, 39
13237, 7
13238, 30
13239, 7
13240, 23
13241, 23
13242, 7
13243, 24
13244, 16
13245, 49
13246, 23
13248, 32
13249, 41
13250, 39
13251, 16
13252, 47
13253, 31
13254, 16
13255, 8
13256, 32
13257, 16
13258, 32
13259, 32
13260, 32
13261, 7
13262, 40
13263, 16
13264, 16
13265, 23
13266, 49
13267, 16
13268, 64
13269, 24
13270, 57
13271, 32
13272, 15
13273, 24
13274, 30
13275, 8
13276, 39
13277, 23
13278, 24
13279, 8
13280, 8
13281, 15
13282, 16
13283, 15
13284, 39
13285, 8
13287, 23
13288, 23
13289, 23
13290, 15
13291, 16
13292, 7
13294, 16
13295, 24
13296, 31
13297, 8
13298, 16
13299, 8
13300, 7
13301, 15
13302, 23
13303, 32
13304, 16
13305, 23
13306, 7
13307, 23
13309, 40
13310, 24
13311, 62
13313, 23
13314, 23
13315, 23
13316, 31
13317, 38
13318, 23
13319, 55
13320, 31
13321, 55
13322, 31
13323, 23
13324, 15
13325, 7
13326, 39
13327, 7
13328, 16
13329, 7
13330, 16
13331, 72
13333, 16
13334, 24
13335, 48
13336, 23
13337, 40
13338, 40
13339, 15
13340, 15
13341, 24
13342, 15
13343, 32
13344, 33
13345, 48
13346, 7
13347, 41
13348, 16
13349, 16
13350, 7
13351, 32
13352, 31
13353, 24
13354, 80
13355, 16
13356, 56
13357, 32
13358, 16
13359, 31
13360, 7
13361, 48
13362, 8
13363, 15
13364, 23
13365, 16
13366, 15
13367, 8
13368, 16
13369, 24
13370, 31
13372, 16
13373, 7
13374, 32
13375, 31
13377, 24
13379, 16
13380, 15
13381, 7
13382, 39
13383, 7
13384, 8
13385, 16
13386, 16
13387, 8
13388, 23
13389, 32
13390, 32
13391, 8
13392, 16
13393, 7
13394, 25
13395, 23
13396, 72
13397, 8
13399, 30
13400, 41
13401, 24
13402, 15
13403, 47
13404, 40
13405, 39
13406, 64
13407, 24
13408, 30
13409, 15
13410, 15
13411, 24
13412, 23
13413, 8
13414, 16
13415, 24
13416, 24
13417, 39
13419, 41
13420, 16
13421, 54
13422, 24
13423, 40
13424, 31
13425, 8
13426, 23
13427, 24
13428, 16
13429, 31
13430, 24
13431, 40
13432, 7
13433, 32
13434, 23
13435, 24
13436, 23
13437, 32
13438, 32
13439, 55
13440, 24
13441, 48
13442, 49
13443, 8
13444, 15
13445, 39
13446, 24
13447, 30
13448, 16
13449, 8
13450, 23
13451, 8
13452, 15
13453, 16
13454, 24
13455, 15
13456, 22
13457, 25
13459, 23
13460, 39
13462, 15
13463, 7
13465, 16
13466, 40
13467, 8
13468, 15
13469, 7
13470, 15
13471, 16
13472, 7
13473, 23
13474, 23
13475, 24
13476, 23
13477, 24
13478, 8
13479, 16
13480, 24
13481, 40
13482, 48
13484, 24
13485, 24
13486, 31
13487, 32
13488, 39
13489, 24
13490, 64
13491, 24
13492, 72
13493, 16
13494, 23
13496, 31
13497, 23
13498, 7
13499, 16
13500, 7
13501, 32
13502, 49
13503, 7
13504, 8
13505, 48
13506, 48
13507, 24
13508, 15
13509, 55
13510, 7
13511, 23
13512, 16
13513, 24
13514, 24
13515, 32
13516, 39
13517, 15
13518, 39
13519, 8
13520, 15
13521, 23
13522, 41
13523, 16
13524, 48
13525, 39
13526, 23
13527, 64
13528, 23
13529, 15
13530, 39
13531, 16
13532, 30
13533, 23
13534, 15
13535, 23
13536, 8
13537, 16
13538, 8
13539, 15
13540, 32
13541, 15
13542, 15
13543, 16
13545, 39
13546, 23
13547, 8
13548, 15
13551, 23
13552, 40
13553, 7
13554, 8
13555, 15
13556, 15
13557, 16
13558, 16
13559, 15
13560, 31
13561, 24
13562, 24
13563, 16
13565, 16
13566, 39
13567, 39
13568, 22
13569, 32
13570, 16
13571, 24
13572, 31
13573, 56
13574, 8
13575, 24
13576, 71
13577, 49
13578, 38
13579, 23
13580, 16
13581, 8
13582, 32
13583, 15
13584, 7
13585, 15
13586, 8
13587, 64
13588, 15
13590, 24
13591, 54
13592, 32
13593, 32
13594, 40
13595, 23
13596, 7
13597, 15
13598, 31
13599, 16
13600, 40
13601, 32
13602, 32
13603, 8
13604, 23
13605, 22
13606, 31
13607, 16
13608, 39
13609, 32
13610, 39
13611, 31
13612, 33
13613, 55
13614, 15
13615, 40
13616, 16
13617, 25
13618, 32
13619, 16
13620, 8
13621, 23
13622, 16
13623, 8
13624, 7
13625, 22
13626, 40
13627, 8
13628, 8
13629, 15
13630, 33
13631, 31
13633, 15
13634, 7
13636, 15
13637, 31
13638, 15
13639, 15
13640, 15
13641, 16
13642, 8
13643, 15
13644, 24
13645, 15
13646, 24
13647, 23
13648, 15
13649, 15
13650, 16
13651, 16
13652, 48
13653, 38
13654, 7
13655, 23
13656, 15
13657, 40
13658, 33
13659, 39
13660, 16
13661, 55
13662, 39
13663, 81
13664, 16
13665, 7
13666, 15
13667, 24
13668, 15
13669, 16
13670, 24
13671, 8
13672, 24
13673, 55
13675, 16
13676, 31
13677, 46
13678, 32
13679, 32
13680, 32
13681, 31
13683, 23
13684, 23
13685, 41
13686, 16
13687, 57
13689, 40
13690, 8
13691, 24
13692, 16
13693, 31
13694, 40
13695, 49
13696, 40
13697, 25
13698, 48
13699, 31
13700, 16
13701, 40
13702, 16
13703, 31
13704, 7
13705, 23
13706, 15
13707, 15
13708, 16
13709, 8
13710, 24
13711, 32
13712, 16
13714, 24
13715, 25
13716, 16
13717, 22
13718, 16
13719, 7
13721, 8
13722, 32
13723, 24
13724, 7
13725, 15
13726, 8
13727, 16
13728, 15
13729, 16
13730, 23
13731, 15
13732, 40
13733, 7
13734, 24
13735, 8
13736, 16
13737, 32
13738, 56
13739, 15
13740, 16
13741, 15
13742, 40
13743, 16
13744, 63
13745, 8
13746, 32
13747, 64
13748, 47
13749, 40
13750, 23
13751, 8
13752, 16
13753, 15
13754, 22
13755, 15
13756, 15
13757, 24
13758, 16
13759, 46
13761, 40
13762, 32
13763, 38
13764, 32
13765, 47
13766, 15
13767, 16
13769, 39
13770, 15
13771, 40
13772, 39
13773, 24
13774, 16
13775, 32
13776, 7
13777, 32
13778, 8
13779, 39
13780, 40
13781, 31
13782, 39
13783, 39
13784, 48
13785, 15
13786, 32
13787, 22
13788, 41
13789, 15
13790, 16
13791, 16
13792, 15
13793, 25
13795, 16
13796, 15
13797, 30
13798, 15
13799, 8
13800, 15
13801, 16
13802, 38
13803, 7
13804, 24
13806, 8
13807, 24
13808, 16
13809, 24
13810, 8
13811, 15
13812, 16
13814, 23
13815, 15
13816, 31
13817, 23
13818, 15
13819, 15
13820, 15
13821, 8
13822, 32
13823, 48
13824, 31
13825, 15
13826, 15
13827, 48
13828, 8
13829, 41
13830, 31
13831, 33
13832, 48
13833, 56
13834, 48
13835, 24
13836, 15
13837, 7
13838, 32
13839, 15
13840, 8
13841, 16
13842, 8
13843, 32
13844, 47
13845, 7
13846, 16
13847, 41
13848, 31
13849, 30
13850, 48
13851, 40
13852, 8
13853, 7
13854, 23
13855, 31
13856, 25
13857, 32
13858, 40
13859, 15
13860, 24
13861, 7
13862, 23
13863, 23
13864, 32
13865, 39
13866, 25
13867, 55
13868, 32
13869, 47
13870, 23
13871, 40
13872, 24
13873, 16
13874, 24
13875, 31
13876, 8
13877, 16
13878, 24
13879, 8
13880, 8
13881, 23
13882, 32
13883, 16
13884, 8
13885, 15
13886, 7
13887, 39
13888, 15
13889, 8
13890, 15
13892, 8
13893, 32
13894, 24
13895, 7
13896, 24
13898, 15
13899, 15
13900, 25
13902, 38
13903, 23
13904, 15
13905, 23
13907, 24
13908, 48
13909, 39
13910, 16
13911, 7
13912, 40
13913, 23
13914, 32
13915, 39
13916, 7
13917, 55
13918, 64
13919, 40
13920, 31
13921, 22
13922, 7
13923, 24
13924, 24
13925, 15
13926, 8
13927, 15
13928, 15
13929, 40
13930, 30
13932, 31
13933, 31
13934, 38
13935, 56
13936, 33
13937, 15
13938, 15
13939, 16
13940, 24
13941, 24
13942, 32
13943, 23
13944, 38
13945, 16
13946, 31
13947, 24
13949, 23
13950, 39
13951, 48
13952, 32
13953, 30
13954, 41
13955, 55
13956, 7
13957, 40
13958, 15
13959, 33
13960, 23
13961, 16
13962, 32
13964, 16
13965, 8
13966, 15
13967, 32
13968, 24
13969, 7
13970, 25
13972, 31
13973, 30
13975, 16
13976, 7
13978, 23
13979, 15
13980, 31
13981, 8
13982, 15
13983, 16
13985, 15
13986, 31
13987, 24
13988, 31
13989, 8
13990, 15
13991, 15
13992, 8
13993, 31
13994, 55
13995, 31
13996, 7
13997, 23
13998, 41
13999, 7
14000, 47
14001, 23
14002, 41
14003, 30
14004, 47
14005, 47
14006, 31
14007, 23
14008, 7
14009, 32
14010, 16
14011, 7
14012, 23
14013, 8
14014, 23
14015, 38
14016, 15
14017, 24
14018, 32
14019, 47
14020, 24
14021, 31
14022, 31
14023, 23
14024, 24
14025, 16
14026, 16
14027, 23
14028, 40
14029, 31
14030, 23
14031, 24
14032, 23
14033, 15
14034, 32
14035, 25
14036, 24
14037, 48
14038, 46
14039, 8
14040, 63
14041, 32
14042, 24
14043, 31
14044, 8
14045, 39
14046, 15
14047, 24
14048, 8
14049, 24
14051, 32
14052, 24
14054, 31
14056, 24
14057, 8
14058, 56
14060, 16
14061, 7
14063, 16
14064, 24
14065, 24
14066, 8
14067, 7
14068, 15
14069, 15
14070, 16
14071, 25
14072, 16
14073, 15
14074, 31
14075, 7
14076, 31
14078, 15
14079, 56
14080, 39
14081, 15
14082, 8
14083, 48
14084, 24
14085, 7
14086, 48
14087, 15
14088, 64
14089, 39
14090, 64
14091, 32
14092, 24
14093, 7
14094, 16
14095, 15
14096, 23
14097, 7
14098, 15
14099, 32
14100, 32
14101, 23
14103, 40
14104, 40
14105, 31
14106, 32
14107, 57
14108, 7
14109, 16
14110, 8
14111, 31
14112, 32
14113, 15
14114, 47
14115, 23
14116, 8
14117, 48
14119, 15
14120, 40
14121, 31
14122, 24
14123, 63
14124, 15
14125, 39
14126, 55
14127, 7
14128, 48
14129, 7
14130, 32
14131, 22
14132, 15
14133, 24
14134, 7
14135, 16
14136, 8
14137, 23
14138, 32
14139, 15
14140, 7
14141, 16
14142, 7
14143, 16
14144, 38
14145, 7
14146, 23
14149, 32
14150, 24
14151, 16
14152, 16
14153, 8
14154, 16
14155, 16
14157, 32
14158, 32
14159, 16
14160, 24
14161, 24
14163, 16
14164, 31
14165, 57
14166, 15
14167, 15
14168, 15
14169, 32
14170, 32
14171, 39
14172, 22
14173, 48
14174, 39
14175, 38
14176, 39
14177, 39
14178, 15
14179, 16
14180, 16
14181, 23
14182, 7
14183, 15
14184, 24
14185, 16
14186, 56
14188, 24
14189, 64
14190, 25
14191, 8
14192, 48
14193, 40
14195, 15
14196, 40
14197, 7
14198, 24
14199, 40
14200, 48
14202, 32
14203, 23
14204, 7
14205, 31
14206, 32
14207, 31
14208, 47
14209, 31
14210, 23
14211, 54
14212, 31
14213, 15
14214, 39
14215, 16
14216, 24
14217, 23
14218, 24
14219, 16
14220, 16
14221, 8
14222, 8
14223, 31
14224, 40
14227, 23
14228, 7
14229, 40
14230, 15
14231, 25
14234, 8
14235, 31
14236, 31
14237, 8
14238, 8
14239, 15
14240, 8
14241, 16
14242, 16
14243, 31
14244, 24
14245, 24
14246, 8
14247, 23
14249, 23
14250, 40
14251, 56
14252, 16
14253, 15
14254, 8
14255, 39
14256, 32
14257, 40
14258, 23
14259, 64
14260, 32
14261, 64
14262, 24
14263, 15
14264, 16
14265, 16
14266, 23
14267, 16
14268, 16
14269, 7
14270, 32
14271, 32
14272, 22
14274, 48
14275, 48
14276, 16
14277, 40
14278, 31
14279, 23
14280, 15
14281, 16
14282, 31
14283, 8
14284, 40
14285, 40
14286, 23
14287, 16
14288, 23
14289, 23
14290, 16
14291, 39
14292, 31
14293, 24
14294, 47
14295, 31
14296, 56
14297, 24
14298, 15
14299, 32
14300, 22
14301, 40
14302, 24
14303, 16
14304, 24
14306, 16
14307, 16
14308, 16
14309, 32
14310, 23
14312, 16
14313, 16
14314, 40
14315, 15
14317, 24
14319, 16
14320, 8
14321, 15
14322, 31
14323, 16
14324, 7
14325, 7
14326, 24
14327, 8
14328, 23
14329, 23
14330, 24
14331, 24
14332, 16
14333, 7
14334, 16
14335, 32
14336, 55
14337, 15
14338, 16
14339, 24
14340, 31
14341, 32
14342, 16
14343, 39
14344, 32
14345, 73
14346, 40
14347, 49
14348, 24
14349, 8
14350, 16
14351, 24
14352, 24
14354, 23
14355, 8
14356, 56
14357, 23
14359, 24
14360, 40
14361, 47
14362, 24
14363, 49
14364, 23
14365, 8
14366, 7
14367, 31
14368, 15
14369, 31
14370, 40
14371, 40
14372, 16
14373, 24
14374, 15
14375, 24
14376, 16
14377, 32
14378, 32
14379, 40
14380, 47
14381, 16
14382, 70
14383, 15
14384, 32
14385, 23
14386, 16
14387, 24
14388, 31
14389, 16
14390, 7
14391, 24
14392, 8
14393, 7
14394, 39
14395, 23
14396, 7
14397, 8
14398, 16
14399, 24
14400, 39
14402, 16
14403, 7
14405, 16
14406, 40
14407, 16
14408, 8
14409, 16
14410, 8
14411, 7
14412, 16
14413, 24
14414, 16
14415, 15
14416, 31
14417, 32
14418, 7
14419, 8
14420, 16
14421, 55
14422, 40
14423, 8
14424, 32
14425, 8
14426, 31
14427, 32
14428, 40
14429, 32
14430, 48
14431, 48
14432, 65
14433, 7
14434, 32
14436, 23
14437, 23
14438, 15
14439, 16
14440, 7
14441, 31
14442, 48
14443, 7
14444, 8
14445, 31
14446, 56
14447, 32
14448, 33
14449, 48
14450, 16
14452, 16
14453, 24
14454, 23
14455, 31
14456, 39
14457, 23
14458, 16
14459, 23
14460, 24
14461, 23
14462, 24
14463, 31
14464, 64
14465, 24
14466, 23
14467, 57
14468, 23
14469, 23
14470, 48
14472, 32
14473, 23
14474, 15
14475, 33
14476, 8
14477, 7
14478, 7
14479, 23
14480, 24
14481, 23
14482, 7
14483, 16
14484, 7
14485, 49
14486, 15
14488, 24
14491, 32
14492, 31
14493, 8
14494, 7
14495, 16
14496, 15
14497, 16
14498, 16
14499, 7
14500, 39
14501, 16
14502, 23
14503, 7
14504, 15
14505, 7
14506, 48
14507, 56
14508, 7
14509, 16
14510, 23
14511, 24
14512, 23
14513, 49
14514, 31
14515, 32
14516, 65
14517, 32
14518, 57
14519, 16
14520, 23
14521, 8
14522, 32
14523, 16
14525, 23
14527, 39
14528, 47
14530, 32
14531, 57
14532, 16
14533, 31
14534, 40
14535, 31
14536, 8
14537, 15
14538, 32
14539, 16
14540, 41
14541, 32
14542, 24
14543, 7
14544, 41
14545, 7
14546, 40
14547, 16
14548, 24
14549, 40
14550, 57
14551, 16
14552, 32
14553, 54
14554, 23
14555, 23
14556, 32
14557, 25
14558, 24
14559, 23
14560, 8
14561, 23
14562, 8
14563, 15
14564, 15
14565, 23
14566, 24
14567, 15
14568, 8
14569, 16
14570, 8
14571, 48
14572, 7
14573, 24
14576, 16
14577, 31
14578, 7
14579, 23
14580, 15
14581, 8
14582, 24
14584, 15
14585, 24
14586, 31
14587, 23
14588, 7
14589, 23
14591, 23
14592, 48
14593, 48
14594, 16
14595, 16
14596, 16
14597, 39
14598, 41
14599, 32
14601, 62
14602, 55
14603, 64
14604, 16
14605, 23
14606, 8
14607, 24
14608, 16
14609, 7
14610, 23
14611, 8
14612, 32
14613, 47
14614, 7
14615, 16
14616, 32
14617, 38
14618, 40
14619, 40
14620, 24
14621, 23
14622, 7
14623, 8
14624, 39
14625, 24
14626, 32
14627, 49
14628, 7
14629, 16
14630, 23
14631, 23
14632, 23
14633, 40
14634, 8
14635, 39
14636, 55
14637, 15
14638, 64
14639, 23
14640, 23
14641, 48
14642, 8
14643, 22
14644, 40
14646, 24
14647, 7
14648, 16
14649, 15
14650, 23
14651, 16
14652, 32
14654, 24
14655, 16
14656, 24
14657, 23
14658, 8
14659, 15
14661, 8
14662, 7
14663, 39
14664, 15
14665, 16
14666, 16
14667, 8
14668, 16
14669, 25
14670, 16
14671, 25
14672, 24
14673, 7
14674, 31
14675, 8
14676, 24
14677, 8
14678, 56
14679, 31
14680, 7
14681, 32
14682, 24
14683, 32
14684, 48
14685, 16
14686, 24
14687, 78
14688, 31
14689, 39
14690, 32
14691, 8
14692, 8
14693, 32
14694, 16
14695, 7
14696, 23
14697, 8
14698, 56
14699, 23
14701, 23
14702, 64
14703, 15
14704, 23
14705, 39
14706, 39
14707, 16
14708, 8
14709, 24
14710, 23
14711, 24
14712, 56
14713, 23
14714, 8
14715, 24
14716, 24
14717, 32
14718, 8
14719, 48
14720, 40
14721, 33
14722, 23
14723, 48
14724, 40
14725, 23
14726, 33
14727, 22
14728, 32
14729, 23
14730, 16
14731, 16
14732, 15
14733, 16
14734, 7
14735, 24
14736, 16
14737, 33
14738, 7
14739, 16
14740, 8
14741, 7
14742, 39
14743, 15
14744, 16
14745, 7
14747, 24
14748, 15
14749, 31
14751, 24
14752, 16
14754, 16
14755, 24
14756, 24
14757, 24
14758, 23
14759, 15
14760, 16
14762, 31
14763, 49
14764, 39
14765, 8
14766, 23
14767, 15
14768, 39
14769, 32
14770, 38
14771, 16
14772, 72
14773, 32
14774, 64
14775, 15
14776, 15
14777, 15
14778, 7
14779, 39
14780, 8
14781, 15
14782, 8
14783, 24
14784, 56
14785, 7
14786, 8
14787, 65
14788, 31
14789, 16
14790, 48
14791, 24
14792, 23
14793, 7
14794, 15
14795, 31
14796, 24
14797, 33
14798, 33
14799, 23
14800, 24
14801, 24
14802, 7
14803, 31
14804, 32
14805, 23
14806, 64
14807, 40
14808, 16
14809, 40
14810, 47
14811, 7
14812, 48
14813, 8
14814, 41
14815, 25
14817, 15
14818, 15
14819, 23
14820, 8
14821, 16
14822, 24
14823, 31
14825, 16
14826, 16
14827, 31
14828, 23
14829, 16
14830, 7
14832, 8
14833, 24
14834, 24
14835, 15
14836, 16
14837, 7
14838, 15
14839, 15
14840, 16
14841, 23
14842, 16
14843, 31
14844, 15
14845, 24
14847, 8
14848, 39
14849, 47
14850, 31
14851, 24
14852, 7
14853, 31
14854, 24
14855, 48
14856, 23
14857, 24
14858, 64
14859, 47
14860, 47
14861, 32
14863, 24
14864, 16
14865, 15
14866, 15
14867, 15
14868, 33
14869, 24
14870, 31
14872, 32
14873, 32
14874, 48
14875, 32
14876, 39
14877, 24
14878, 16
14879, 8
14880, 40
14881, 8
14882, 24
14883, 48
14884, 32
14885, 8
14886, 23
14887, 23
14888, 8
14889, 47
14890, 15
14891, 40
14892, 64
14893, 15
14894, 41
14895, 56
14896, 7
14897, 32
14898, 23
14899, 33
14900, 23
14901, 15
14902, 8
14903, 23
14904, 16
14905, 7
14906, 7
14907, 30
14908, 24
14909, 14
14910, 8
14911, 16
14912, 16
14913, 39
14914, 7
14915, 16
14916, 7
14918, 32
14919, 16
14920, 15
14921, 15
14922, 16
14924, 15
14925, 15
14926, 32
14927, 16
14928, 32
14929, 15
14930, 16
14931, 15
14932, 8
14933, 39
14934, 40
14935, 30
14936, 16
14938, 39
14939, 31
14940, 32
14941, 39
14942, 33
14943, 47
14944, 39
14945, 39
14946, 40
14947, 23
14948, 16
14949, 16
14950, 23
14951, 8
14952, 24
14954, 31
14955, 47
14956, 7
14957, 16
14958, 31
14959, 56
14960, 15
14961, 41
14962, 40
14963, 15
14964, 7
14965, 15
14966, 32
14967, 23
14968, 39
14969, 40
14970, 7
14971, 24
14972, 24
14973, 16
14974, 23
14975, 33
14976, 23
14977, 56
14978, 24
14979, 39
14980, 55
14981, 31
14982, 16
14983, 39
14984, 8
14985, 23
14986, 31
14987, 24
14988, 7
14989, 7
14990, 23
14991, 8
14992, 24
14993, 24
14994, 23
14995, 8
14996, 16
14998, 23
14999, 38
15000, 16
15001, 8
15004, 32
15005, 32
15006, 7
15007, 24
15008, 8
15009, 8
15010, 15
15011, 16
15012, 23
15013, 33
15014, 24
15015, 16
15016, 8
15017, 7
15018, 24
15019, 32
15020, 40
15021, 31
15022, 24
15023, 8
15024, 40
15025, 32
15026, 31
15027, 15
15028, 65
15029, 57
15030, 32
15031, 39
15032, 32
15033, 8
15034, 8
15035, 31
15036, 15
15037, 8
15038, 16
15039, 24
15040, 33
15041, 30
15043, 40
15044, 47
15045, 15
15046, 40
15047, 40
15048, 22
15049, 15
15050, 16
15051, 32
15052, 24
15053, 24
15054, 41
15055, 15
15056, 24
15057, 31
15058, 16
15059, 24
15060, 24
15061, 32
15062, 23
15063, 47
15064, 31
15065, 48
15066, 48
15067, 7
15068, 33
15069, 22
15070, 16
15071, 39
15072, 16
15073, 25
15074, 8
15075, 16
15076, 8
15077, 16
15078, 31
15079, 31
15081, 8
15082, 15
15083, 16
15084, 46
15086, 24
15089, 24
15090, 7
15091, 39
15093, 23
15094, 7
15095, 7
15096, 24
15097, 7
15098, 23
15099, 23
15100, 31
15101, 15
15102, 15
15104, 48
15105, 32
15106, 47
15108, 24
15109, 41
15110, 24
15111, 23
15112, 40
15113, 33
15114, 56
15115, 40
15116, 56
15117, 15
15118, 23
15119, 16
15120, 25
15121, 16
15122, 8
15123, 24
15125, 32
15126, 54
15128, 16
15129, 40
15130, 47
15131, 7
15132, 48
15133, 49
15135, 23
15136, 16
15137, 24
15138, 16
15139, 39
15140, 40
15141, 15
15142, 24
15143, 15
15144, 23
15145, 23
15146, 49
15147, 32
15148, 33
15149, 40
15150, 15
15151, 55
15152, 40
15153, 16
15154, 39
15155, 8
15156, 31
15157, 24
15158, 7
15159, 31
15161, 24
15162, 8
15163, 23
15164, 24
15165, 23
15167, 16
15168, 15
15169, 49
15170, 7
15171, 8
15172, 15
15174, 8
15175, 23
15176, 31
15177, 7
15178, 16
15179, 7
15180, 15
15181, 16
15182, 16
15183, 24
15184, 32
15186, 31
15187, 24
15188, 8
15189, 24
15190, 32
15191, 56
15193, 32
15195, 48
15196, 16
15197, 39
15198, 39
15199, 40
15200, 55
15201, 40
15202, 39
15203, 24
15204, 7
15205, 16
15206, 22
15207, 15
15208, 7
15209, 15
15210, 32
15211, 32
15212, 31
15213, 8
15214, 31
15215, 40
15216, 31
15217, 31
15218, 41
15219, 23
15220, 16
15221, 8
15222, 31
15223, 7
15224, 56
15225, 32
15226, 23
15227, 16
15228, 31
15229, 7
15230, 32
15231, 24
15232, 31
15233, 32
15234, 56
15235, 16
15236, 64
15237, 41
15239, 40
15240, 15
15241, 16
15242, 39
15243, 15
15244, 24
15245, 8
15246, 16
15247, 16
15249, 31
15250, 31
15251, 7
15252, 16
15253, 7
15254, 32
15255, 23
15256, 7
15257, 24
15260, 32
15261, 16
15262, 24
15263, 7
15264, 15
15265, 16
15266, 8
15267, 15
15268, 33
15269, 15
15270, 33
15271, 7
15272, 24
15273, 7
15274, 8
15275, 39
15276, 41
15277, 39
15278, 8
15279, 15
15280, 16
15281, 38
15282, 31
15283, 38
15284, 41
15285, 31
15286, 63
15287, 32
15288, 39
15289, 7
15290, 23
15291, 24
15292, 24
15293, 8
15294, 7
15295, 15
15296, 24
15297, 47
15298, 7
15299, 16
15300, 39
15301, 47
15302, 15
15303, 32
15304, 55
15306, 14
15307, 32
15308, 24
15309, 24
15310, 32
15311, 40
15312, 7
15313, 24
15314, 32
15315, 8
15316, 23
15317, 30
15318, 23
15319, 64
15320, 38
15321, 32
15322, 31
15323, 30
15324, 32
15325, 31
15326, 16
15327, 41
15328, 8
15329, 24
15330, 16
15332, 23
15333, 8
15334, 16
15335, 31
15336, 23
15338, 24
15339, 8
15340, 30
15341, 23
15342, 8
15343, 15
15345, 8
15346, 31
15347, 16
15348, 15
15349, 24
15350, 8
15351, 16
15352, 7
15353, 8
15354, 23
15355, 23
15356, 40
15357, 16
15358, 16
15360, 24
15361, 40
15362, 40
15363, 23
15364, 24
15365, 8
15366, 39
15367, 24
15368, 39
15369, 24
15370, 56
15371, 40
15372, 47
15373, 39
15374, 24
15375, 7
15376, 15
15377, 40
15378, 8
15379, 8
15380, 15
15381, 8
15382, 39
15383, 38
15384, 8
15385, 32
15386, 23
15387, 54
15388, 24
15389, 56
15390, 8
15391, 15
15392, 24
15393, 16
15394, 24
15395, 32
15396, 32
15397, 31
15398, 7
15399, 39
15400, 8
15401, 23
15402, 32
15403, 24
15404, 39
15405, 55
15406, 15
15407, 40
15408, 47
15409, 23
15410, 15
15411, 30
15412, 15
15413, 47
15414, 8
15415, 15
15416, 15
15417, 15
15418, 8
15419, 23
15420, 16
15421, 31
15422, 7
15423, 16
15424, 16
15425, 15
15426, 39
15428, 15
15429, 7
15431, 32
15432, 24
15433, 16
15434, 16
15436, 24
15437, 16
15438, 8
15439, 32
15440, 16
15441, 16
15442, 23
15443, 23
15444, 7
15446, 47
15447, 40
15448, 39
15449, 8
15450, 24
15451, 16
15452, 30
15453, 40
15454, 30
15455, 49
15456, 23
15457, 55
15458, 23
15459, 46
15460, 23
15461, 16
15462, 15
15463, 16
15464, 23
15465, 15
15466, 8
15467, 32
15468, 48
15470, 16
15471, 40
15472, 55
15473, 16
15474, 41
15475, 23
15476, 23
15477, 24
15478, 24
15479, 15
15480, 40
15481, 16
15482, 31
15483, 24
15484, 33
15485, 16
15486, 16
15487, 15
15488, 31
15489, 23
15490, 55
15491, 47
15492, 16
15493, 71
15494, 7
15495, 40
15496, 24
15497, 8
15498, 23
15499, 39
15500, 16
15501, 8
15502, 15
15503, 16
15505, 39
15506, 24
15507, 15
15509, 24
15510, 8
15511, 31
15512, 23
15513, 8
15514, 15
15517, 31
15518, 39
15520, 24
15521, 7
15522, 7
15523, 15
15524, 24
15525, 24
15526, 16
15527, 32
15528, 8
15529, 24
15531, 32
15532, 23
15533, 47
15534, 23
15535, 7
15536, 31
15537, 23
15538, 31
15539, 48
15540, 15
15541, 54
15542, 55
15543, 23
15544, 47
15545, 31
15546, 8
15547, 8
15548, 23
15549, 23
15550, 8
15551, 15
15552, 32
15553, 41
15554, 15
15555, 8
15556, 32
15557, 56
15558, 7
15559, 39
15560, 56
15561, 7
15562, 15
15563, 7
15564, 39
15565, 24
15566, 24
15567, 32
15568, 31
15569, 24
15570, 23
15571, 24
15572, 7
15573, 24
15574, 32
15575, 31
15576, 56
15577, 23
15578, 47
15579, 47
15580, 7
15581, 39
15582, 15
15583, 32
15584, 31
15585, 8
15586, 15
15587, 15
15588, 16
15589, 15
15590, 8
15591, 31
15592, 32
15594, 24
15596, 48
15597, 8
15598, 7
15599, 15
15600, 7
15601, 8
15602, 23
15603, 24
15604, 16
15605, 16
15607, 23
15608, 8
15609, 7
15610, 40
15611, 7
15612, 38
15613, 16
15614, 16
15615, 7
15616, 8
15617, 32
15618, 48
15619, 31
15620, 16
15621, 16
15622, 49
15623, 7
15624, 48
15625, 23
15626, 40
15627, 64
15628, 40
15629, 49
15630, 16
15631, 15
15632, 7
15633, 24
15634, 23
15635, 7
15636, 15
15637, 7
15638, 31
15639, 54
15641, 16
15642, 31
15643, 47
15644, 30
15645, 39
15646, 39
15647, 8
15648, 15
15649, 15
15650, 31
15651, 25
15652, 40
15653, 40
15654, 8
15655, 32
15656, 15
15657, 16
15658, 15
15659, 48
15660, 15
15661, 64
15662, 31
15663, 24
15664, 46
15665, 32
15666, 32
15667, 23
15668, 8
15669, 31
15670, 32
15671, 16
15672, 7
15673, 16
15674, 16
15675, 7
15676, 24
15677, 41
15678, 7
15680, 23
15681, 24
15682, 31
15683, 7
15684, 8
15685, 15
15687, 7
15688, 31
15689, 32
15690, 8
15691, 8
15692, 15
15693, 16
15694, 7
15695, 24
15696, 24
15697, 16
15698, 24
15699, 24
15700, 16
15702, 24
15703, 39
15704, 48
15705, 15
15706, 24
15707, 7
15708, 39
15709, 40
15710, 32
15711, 32
15712, 66
15713, 32
15714, 49
15715, 23
15716, 31
15718, 23
15719, 23
15720, 15
15721, 16
15722, 8
15723, 24
15724, 40
15725, 23
15726, 16
15727, 32
15728, 40
15729, 24
15730, 40
15731, 40
15732, 14
15733, 16
15734, 8
15735, 31
15736, 32
15737, 23
15738, 24
15739, 39
15740, 24
15741, 15
15742, 32
15743, 16
15744, 33
15745, 15
15746, 64
15747, 23
15748, 32
15749, 57
15750, 32
15751, 15
15752, 48
15754, 40
15755, 23
15756, 7
15757, 24
15758, 7
15759, 16
15760, 7
15761, 24
15762, 24
15763, 23
15764, 7
15765, 24
15766, 8
15767, 24
15768, 30
15769, 8
15770, 16
15772, 8
15773, 32
15775, 31
15776, 16
15777, 8
15778, 16
15780, 24
15781, 32
15782, 7
15783, 32
15784, 32
15785, 8
15786, 7
15787, 16
15788, 24
15789, 56
15790, 32
15791, 8
15792, 24
15793, 41
15794, 16
15795, 48
15796, 15
15797, 57
15798, 48
15799, 31
15800, 48
15801, 31
15802, 7
15803, 24
15804, 24
15805, 7
15806, 24
15807, 8
15808, 16
15809, 41
15810, 31
15812, 23
15813, 32
15814, 48
15815, 23
15816, 49
15817, 32
15818, 8
15819, 16
15820, 24
15821, 15
15822, 32
15823, 39
15824, 39
15826, 31
15827, 15
15828, 32
15829, 16
15830, 32
15831, 24
15832, 64
15833, 32
15834, 41
15835, 40
15836, 24
15837, 24
15838, 31
15839, 24
15840, 16
15841, 32
15842, 8
15843, 23
15844, 8
15845, 15
15846, 16
15847, 15
15848, 24
15849, 22
15850, 16
15852, 15
15853, 48
15854, 7
15855, 16
15856, 8
15858, 8
15859, 32
15860, 23
15861, 7
15862, 24
15864, 15
15865, 15
15866, 33
15867, 16
15868, 23
15869, 24
15870, 16
15871, 15
15873, 32
15874, 39
15875, 47
15876, 7
15877, 23
15878, 7
15879, 47
15880, 33
15881, 40
15882, 16
15883, 64
15884, 39
15885, 39
15886, 40
15887, 15
15888, 15
15889, 16
15890, 24
15891, 16
15892, 16
15893, 8
15894, 32
15895, 40
15896, 15
15898, 31
15899, 63
15900, 24
15901, 40
15902, 24
15903, 22
15904, 15
15905, 24
15906, 16
15907, 31
15908, 33
15909, 39
15910, 15
15911, 16
15912, 39
15913, 8
15914, 32
15915, 16
15916, 39
15917, 41
15918, 40
15919, 15
15920, 73
15921, 24
15922, 16
15923, 39
15924, 7
15925, 31
15926, 31
15927, 25
15929, 15
15930, 24
15932, 24
15933, 23
15934, 31
15936, 8
15937, 23
15938, 33
15939, 24
15940, 8
15941, 16
15943, 8
15944, 23
15945, 15
15946, 23
15947, 16
15948, 8
15949, 7
15950, 7
15951, 23
15952, 15
15953, 40
15954, 16
15955, 24
15956, 24
15958, 16
15959, 23
15960, 64
15961, 15
15962, 32
15963, 7
15964, 40
15965, 24
15966, 32
15967, 23
15968, 49
15969, 56
15970, 40
15971, 49
15972, 8
15973, 22
15974, 16
15975, 16
15976, 23
15977, 16
15978, 16
15980, 47
15981, 39
15983, 33
15984, 48
15985, 31
15986, 7
15987, 56
15988, 30
15989, 8
15990, 15
15991, 32
15992, 24
15993, 16
15994, 39
15995, 40
15996, 16
15997, 24
15998, 15
15999, 32
16000, 8
16001, 31
16002, 31
16003, 55
16004, 23
16005, 15
16006, 63
16007, 31
16008, 24
16009, 31
16010, 16
16011, 39
16012, 7
16013, 15
16014, 23
16015, 16
16017, 23
16018, 16
16019, 39
16020, 8
16021, 8
16022, 15
16023, 8
16024, 47
16025, 7
16026, 16
16027, 7
16029, 8
16030, 23
16031, 40
16033, 16
16034, 16
16035, 7
16036, 15
16037, 24
16038, 32
16039, 16
16040, 23
16041, 16
16042, 15
16043, 8
16044, 32
16045, 32
16046, 39
16047, 15
16048, 31
16049, 16
16050, 24
16051, 31
16052, 39
16053, 32
16054, 47
16055, 40
16056, 48
16057, 40
16058, 24
16059, 7
16060, 24
16061, 15
16062, 15
16063, 15
16064, 8
16065, 23
16066, 55
16067, 7
16068, 8
16069, 48
16070, 32
16071, 31
16072, 48
16073, 40
16074, 16
16075, 8
16076, 16
16077, 24
16078, 24
16079, 40
16080, 32
16081, 15
16082, 25
16083, 31
16085, 31
16086, 23
16087, 40
16088, 32
16089, 63
16090, 16
16091, 48
16092, 40
16093, 8
16094, 39
16095, 7
16096, 41
16097, 7
16098, 31
16099, 24
16101, 15
16102, 16
16103, 15
16104, 24
16105, 31
16107, 16
16108, 7
16109, 40
16110, 23
16111, 8
16112, 16
16114, 8
16115, 16
16116, 39
16117, 7
16118, 16
16119, 16
16120, 8
16121, 16
16122, 16
16123, 24
16124, 16
16125, 39
16126, 16
16128, 15
16129, 32
16130, 15
16131, 57
16132, 15
16133, 16
16134, 40
16135, 24
16136, 16
16137, 32
16138, 30
16139, 66
16140, 40
16141, 40
16142, 47
16143, 25
16144, 16
16145, 16
16146, 24
16147, 16
16148, 16
16150, 24
16151, 32
16152, 39
16154, 31
16155, 48
16156, 40
16157, 25
16158, 23
16159, 39
16161, 23
16162, 24
16163, 23
16164, 49
16165, 16
16166, 31
16167, 7
16168, 39
16169, 15
16170, 32
16171, 16
16172, 32
16173, 23
16174, 72
16175, 15
16176, 40
16177, 39
16178, 24
16179, 23
16180, 31
16181, 24
16182, 31
16183, 16
16184, 8
16185, 23
16186, 8
16187, 15
16188, 16
16189, 24
16190, 23
16191, 14
16193, 23
16194, 24
16195, 39
16197, 24
16200, 24
16201, 7
16202, 39
16203, 7
16204, 15
16205, 7
16206, 24
16208, 24
16209, 23
16210, 15
16211, 32
16212, 16
16213, 15
16215, 31
16216, 31
16217, 54
16218, 7
16219, 7
16220, 39
16221, 31
16222, 32
16223, 23
16224, 31
16225, 39
16226, 71
16227, 23
16228, 46
16229, 15
16230, 15
16231, 15
16232, 32
16233, 8
16234, 16
16235, 7
16236, 32
16237, 39
16238, 15
16239, 24
16240, 32
16241, 41
16242, 32
16243, 25
16244, 47
16245, 16
16246, 7
16247, 33
16248, 15
16249, 16
16250, 49
16251, 23
16252, 23
16253, 23
16254, 24
16255, 15
16256, 23
16257, 32
16258, 32
16259, 57
16260, 16
16261, 56
16262, 32
16263, 32
16264, 24
16265, 32
16266, 7
16267, 39
16268, 24
16269, 7
16270, 23
16271, 7
16272, 16
16273, 15
16274, 15
16275, 48
16276, 8
16278, 24
16280, 48
16281, 15
16282, 8
16283, 15
16285, 8
16286, 23
16287, 24
16288, 15
16289, 16
16290, 7
16291, 8
16292, 24
16293, 8
16294, 32
16295, 32
16296, 15
16297, 24
16298, 7
16299, 7
16300, 24
16301, 24
16302, 72
16303, 8
16304, 8
16305, 24
16306, 32
16307, 32
16308, 32
16309, 23
16310, 65
16311, 40
16312, 48
16313, 41
16314, 31
16316, 24
16317, 16
16318, 15
16319, 15
16320, 16
16321, 8
16322, 48
16323, 31
16325, 23
16326, 23
16327, 71
16328, 16
16329, 48
16330, 23
16332, 31
16333, 16
16334, 23
16335, 15
16336, 65
16337, 24
16338, 25
16339, 7
16340, 23
16341, 24
16342, 15
16343, 39
16344, 24
16345, 47
16346, 39
16347, 39
16348, 39
16349, 23
16350, 24
16351, 30
16352, 16
16353, 23
16354, 23
16355, 23
16356, 15
16357, 16
16358, 7
16359, 24
16360, 16
16361, 15
16362, 23
16363, 8
16364, 16
16365, 24
16366, 32
16367, 7
16368, 24
16371, 15
16372, 23
16373, 31
16374, 8
16375, 7
16376, 16
16377, 23
16378, 8
16379, 24
16380, 16
16381, 32
16382, 15
16383, 15
16384, 15
16386, 32
16387, 47
16388, 39
16389, 7
16390, 15
16391, 48
16392, 16
16393, 33
16394, 31
16395, 40
16396, 23
16397, 63
16398, 74
16399, 8
16400, 23
16401, 8
16402, 24
16403, 24
16404, 8
16405, 15
16406, 7
16407, 48
16408, 40
16410, 16
16411, 31
16412, 48
16413, 15
16414, 39
16415, 31
16416, 39
16418, 24
16419, 23
16420, 40
16421, 24
16422, 15
16423, 31
16424, 24
16425, 23
16426, 23
16427, 23
16428, 15
16429, 48
16430, 40
16431, 39
16432, 32
16433, 24
16434, 39
16435, 22
16436, 39
16437, 7
16438, 31
16439, 39
16441, 15
16442, 15
16443, 24
16444, 8
16445, 24
16446, 32
16447, 16
16449, 24
16450, 8
16451, 32
16452, 23
16453, 8
16454, 15
16456, 8
16457, 16
16458, 23
16459, 22
16460, 15
16461, 16
16462, 8
16463, 16
16464, 8
16465, 31
16466, 24
16467, 23
16468, 24
16469, 7
16470, 7
16471, 24
16472, 31
16473, 47
16474, 23
16475, 24
16476, 16
16477, 40
16478, 8
16479, 48
16480, 23
16481, 56
16482, 32
16483, 31
16484, 63
16485, 32
16486, 8
16487, 16
16488, 24
16489, 16
16491, 23
16492, 24
16493, 24
16494, 38
16496, 39
16497, 48
16498, 23
16499, 23
16500, 48
16501, 23
16502, 8
16503, 15
16504, 23
16505, 31
16506, 16
16507, 48
16508, 31
16509, 25
16510, 15
16511, 15
16512, 32
16513, 16
16514, 41
16515, 24
16516, 57
16517, 23
16518, 49
16519, 39
16520, 15
16521, 32
16522, 22
16523, 16
16524, 46
16526, 23
16527, 15
16528, 16
16529, 7
16530, 24
16531, 16
16532, 32
16533, 7
16534, 24
16535, 8
16537, 56
16539, 24
16542, 16
16543, 31
16544, 15
16545, 16
16546, 16
16547, 7
16548, 16
16549, 7
16550, 23
16551, 23
16552, 32
16553, 23
16554, 16
16555, 7
16556, 8
16557, 40
16558, 24
16559, 55
16560, 8
16561, 16
16562, 15
16563, 38
16564, 49
16565, 23
16566, 41
16567, 48
16568, 49
16569, 23
16570, 56
16571, 8
16572, 8
16573, 23
16574, 23
16575, 7
16576, 24
16578, 31
16579, 48
16580, 7
16581, 16
16582, 31
16583, 64
16584, 16
16585, 24
16586, 46
16587, 24
16588, 8
16589, 32
16590, 16
16591, 16
16592, 39
16593, 32
16594, 15
16595, 23
16596, 23
16597, 32
16598, 7
16599, 24
16600, 48
16601, 24
16602, 63
16603, 8
16604, 47
16605, 47
16606, 7
16607, 38
16608, 15
16609, 32
16610, 31
16611, 8
16612, 24
16614, 23
16616, 31
16617, 32
16618, 15
16620, 16
16621, 32
16622, 24
16623, 16
16624, 24
16628, 22
16629, 31
16630, 15
16631, 24
16632, 8
16633, 7
16634, 16
16635, 16
16636, 23
16637, 24
16638, 23
16639, 16
16640, 15
16641, 7
16642, 24
16643, 40
16644, 55
16646, 32
16647, 16
16648, 24
16649, 32
16650, 48
16651, 15
16652, 56
16653, 39
16654, 39
16655, 47
16656, 32
16657, 8
16658, 16
16659, 16
16660, 15
16661, 16
16662, 15
16663, 16
16664, 40
16665, 30
16667, 32
16668, 40
16669, 38
16670, 24
16671, 39
16672, 31
16673, 8
16674, 23
16675, 23
16676, 24
16677, 32
16678, 24
16679, 39
16680, 8
16681, 31
16682, 15
16683, 23
16684, 32
16685, 32
16686, 32
16687, 38
16688, 40
16689, 32
16690, 39
16691, 23
16692, 31
16693, 22
16694, 24
16695, 31
16696, 15
16697, 7
16698, 23
16699, 16
16700, 7
16701, 24
16702, 23
16703, 23
16704, 7
16705, 8
16706, 15
16707, 24
16708, 40
16710, 15
16711, 7
16713, 24
16714, 31
16715, 15
16716, 16
16717, 7
16718, 15
16719, 16
16721, 16
16722, 31
16723, 32
16724, 15
16725, 16
16726, 15
16727, 16
16728, 24
16729, 49
16730, 30
16731, 16
16732, 16
16733, 39
16734, 16
16735, 48
16736, 23
16737, 32
16738, 47
16739, 64
16740, 15
16741, 55
16742, 8
16743, 15
16744, 16
16745, 23
16746, 7
16747, 15
16748, 16
16749, 41
16750, 39
16752, 32
16753, 16
16754, 48
16755, 32
16756, 41
16757, 32
16758, 7
16759, 24
16760, 24
16761, 15
16762, 23
16763, 32
16764, 48
16765, 7
16766, 31
16767, 23
16768, 16
16769, 24
16770, 40
16771, 16
16772, 57
16773, 32
16774, 24
16775, 47
16776, 30
16777, 15
16778, 46
16779, 8
16780, 32
16781, 23
16782, 24
16783, 8
16784, 7
16785, 23
16786, 8
16787, 23
16788, 32
16789, 15
16791, 24
16792, 25
16793, 24
16794, 15
16795, 8
16796, 15
16798, 16
16799, 16
16800, 31
16801, 7
16802, 24
16803, 8
16804, 7
16805, 16
16806, 16
16807, 31
16808, 16
16809, 32
16810, 16
16811, 16
16812, 8
16813, 8
16814, 48
16815, 56
16816, 8
16817, 8
16818, 23
16819, 39
16820, 40
16821, 32
16822, 15
16823, 48
16824, 63
16825, 23
16826, 47
16827, 24
16828, 15
16830, 39
16831, 16
16833, 23
16834, 16
16835, 40
16836, 31
16838, 40
16839, 47
16840, 32
16841, 32
16842, 23
16843, 30
16844, 15
16845, 16
16846, 32
16847, 8
16848, 48
16849, 25
16850, 31
16851, 7
16852, 39
16853, 8
16854, 15
16855, 30
16856, 30
16857, 39
16858, 57
16859, 16
16860, 55
16861, 40
16862, 7
16863, 40
16864, 15
16865, 32
16866, 24
16867, 15
16868, 24
16869, 7
16870, 24
16872, 22
16873, 24
16874, 23
16875, 7
16876, 16
16877, 16
16878, 16
16879, 39
16881, 24
16884, 24
16885, 15
16886, 31
16887, 16
16888, 8
16889, 8
16890, 24
16891, 16
16892, 24
16893, 7
16894, 49
16896, 24
16897, 7
16898, 16
16899, 32
16900, 40
16901, 31
16902, 7
16903, 23
16904, 32
16905, 23
16906, 49
16907, 23
16908, 40
16909, 56
16910, 49
16911, 48
16912, 16
16913, 15
16914, 16
16915, 16
16916, 31
16918, 15
16919, 7
16920, 49
16921, 40
16923, 24
16924, 40
16925, 38
16926, 23
16927, 40
16928, 32
16929, 16
16930, 16
16931, 24
16932, 16
16933, 23
16934, 49
16935, 30
16936, 7
16937, 41
16938, 8
16939, 32
16940, 8
16941, 39
16942, 24
16943, 54
16944, 39
16945, 16
16946, 55
16947, 24
16948, 15
16949, 30
16950, 23
16951, 48
16953, 15
16954, 23
16955, 7
16956, 15
16957, 23
16958, 7
16959, 30
16960, 23
16962, 24
16963, 24
16964, 33
16965, 7
16966, 8
16967, 15
16970, 32
16971, 31
16972, 7
16973, 15
16974, 16
16975, 8
16976, 16
16977, 25
16978, 15
16979, 16
16980, 32
16981, 24
16982, 16
16984, 24
16985, 56
16986, 31
16987, 15
16988, 15
16989, 40
16990, 16
16991, 24
16992, 47
16993, 23
16994, 56
16995, 49
16996, 40
16997, 30
16998, 15
16999, 15
17000, 23
17001, 32
17002, 7
17003, 16
17004, 8
17005, 24
17006, 16
17007, 45
17008, 8
17009, 41
17010, 40
17011, 32
17012, 15
17013, 47
17014, 23
17015, 15
17016, 15
17017, 32
17019, 48
17020, 40
17021, 23
17022, 24
17023, 15
17024, 24
17025, 16
17026, 23
17027, 47
17028, 50
17029, 15
17030, 31
17031, 40
17032, 54
17033, 15
17034, 49
17036, 32
17037, 31
17038, 8
17039, 24
17040, 7
17041, 8
17042, 15
17043, 15
17044, 32
17045, 23
17046, 7
17047, 8
17048, 15
17049, 41
17050, 23
17052, 16
17053, 7
17055, 24
17056, 32
17057, 15
17058, 15
17059, 7
17060, 16
17062, 23
17063, 15
17064, 32
17065, 24
17066, 16
17067, 16
17068, 15
17069, 24
17070, 25
17071, 64
17072, 8
17073, 24
17074, 8
17075, 32
17076, 32
17077, 32
17078, 31
17079, 49
17080, 47
17081, 57
17082, 23
17083, 23
17084, 23
17085, 8
17086, 33
17087, 16
17088, 7
17089, 23
17090, 8
17091, 40
17092, 31
17093, 7
17094, 24
17095, 65
17096, 16
17097, 23
17098, 39
17099, 39
17100, 8
17101, 15
17102, 15
17103, 32
17104, 16
17105, 39
17106, 40
17107, 15
17108, 33
17109, 8
17110, 24
17111, 15
17112, 40
17113, 40
17114, 40
17115, 39
17116, 32
17117, 47
17118, 23
17119, 16
17120, 39
17121, 16
17122, 31
17123, 15
17124, 24
17125, 16
17126, 8
17127, 7
17128, 15
17129, 15
17130, 48
17131, 7
17133, 16
17134, 32
17135, 24
17136, 15
17137, 16
17138, 7
17140, 16
17141, 23
17142, 32
17143, 8
17144, 16
17145, 16
17147, 15
17149, 38
17150, 32
17151, 24
17152, 16
17153, 16
17155, 40
17156, 32
17157, 40
17158, 23
17160, 48
17161, 24
17162, 41
17163, 32
17164, 16
17165, 64
17166, 24
17167, 39
17168, 47
17169, 22
17170, 7
17171, 23
17172, 24
17173, 15
17174, 16
17175, 7
17176, 33
17177, 40
17178, 15
17179, 8
17180, 40
17181, 40
17182, 40
17183, 16
17184, 47
17185, 15
17186, 15
17187, 15
17188, 23
17189, 31
17190, 33
17191, 23
17192, 31
17193, 24
17194, 7
17195, 39
17196, 16
17197, 24
17198, 32
17199, 40
17200, 39
17201, 40
17202, 47
17203, 40
17204, 8
17205, 33
17206, 15
17207, 40
17208, 24
17209, 7
17210, 23
17211, 7
17212, 24
17213, 8
17214, 23
17215, 24
17216, 15
17217, 7
17218, 8
17219, 15
17220, 41
17221, 23
17223, 23
17225, 8
17226, 24
17227, 24
17228, 7
17229, 15
17230, 7
17231, 14
17232, 24
17233, 8
17234, 32
17235, 15
17236, 32
17237, 16
17238, 7
17239, 15
17240, 15
17241, 32
17242, 41
17243, 39
17244, 8
17245, 23
17246, 24
17247, 31
17248, 57
17249, 7
17250, 23
17251, 53
17252, 46
17253, 31
17254, 46
17255, 16
17256, 8
17257, 24
17258, 23
17259, 15
17260, 8
17261, 24
17262, 41
17263, 31
17265, 32
17266, 24
17267, 56
17268, 16
17269, 48
17270, 23
17271, 24
17272, 8
17273, 24
17274, 32
17275, 25
17276, 41
17277, 23
17278, 7
17279, 40
17280, 16
17281, 16
17282, 32
17283, 23
17284, 49
17285, 49
17286, 16
17287, 48
17288, 32
17289, 30
17290, 24
17291, 30
17292, 24
17293, 31
17294, 8
17295, 23
17296, 16
17297, 8
17298, 15
17299, 24
17300, 7
17301, 39
17302, 7
17304, 24
17305, 7
17306, 48
17307, 7
17308, 24
17311, 24
17312, 16
17313, 31
17314, 8
17315, 15
17316, 8
17317, 7
17318, 15
17319, 24
17320, 24
17321, 16
17322, 31
17323, 16
17324, 16
17325, 8
17326, 33
17327, 49
17328, 31
17329, 16
17331, 39
17332, 31
17333, 32
17334, 39
17335, 24
17336, 48
17337, 48
17338, 32
17339, 56
17340, 15
17341, 8
17342, 16
17343, 24
17344, 15
17345, 16
17346, 7
17347, 32
17348, 24
17349, 30
17351, 39
17352, 46
17353, 23
17354, 31
17355, 47
17356, 15
17357, 16
17358, 23
17359, 23
17360, 24
17361, 32
17362, 24
17363, 31
17364, 24
17365, 23
17366, 16
17367, 16
17368, 40
17369, 24
17370, 41
17371, 56
17372, 16
17373, 56
17374, 32
17375, 7
17376, 48
17377, 7
17378, 49
17379, 8
17380, 15
17381, 24
17382, 8
17383, 16
17384, 15
17385, 16
17386, 32
17387, 7
17388, 15
17389, 16
17390, 16
17391, 41
17392, 15
17394, 23
17396, 8
17397, 24
17398, 23
17399, 15
17400, 15
17401, 16
17402, 8
17403, 16
17405, 23
17406, 31
17407, 23
17408, 15
17409, 32
17411, 24
17412, 16
17413, 47
17414, 39
17415, 8
17416, 15
17417, 32
17418, 23
17419, 56
17420, 15
17421, 48
17422, 40
17423, 47
17424, 49
17425, 40
17426, 8
17427, 8
17428, 16
17429, 23
17430, 7
17431, 23
17432, 16
17433, 57
17434, 16
17436, 41
17437, 40
17438, 23
17439, 24
17440, 56
17441, 23
17443, 31
17444, 16
17445, 24
17446, 23
17447, 40
17448, 40
17450, 40
17451, 7
17452, 40
17453, 16
17454, 24
17455, 40
17456, 40
17457, 39
17458, 49
17459, 32
17460, 23
17461, 49
17462, 8
17463, 8
17464, 39
17465, 15
17466, 7
17467, 31
17468, 8
17469, 15
17471, 39
17472, 24
17473, 14
17474, 8
17475, 15
17476, 24
17477, 31
17478, 7
17479, 25
17482, 7
17483, 38
17484, 23
17485, 8
17486, 15
17487, 15
17488, 16
17490, 23
17491, 32
17493, 38
17494, 25
17495, 8
17496, 8
17497, 32
17498, 32
17499, 47
17500, 8
17501, 24
17502, 7
17503, 47
17504, 41
17505, 32
17506, 16
17507, 63
17508, 32
17509, 72
17510, 24
17511, 16
17512, 7
17513, 16
17514, 16
17515, 22
17516, 24
17518, 25
17519, 64
17521, 8
17522, 31
17523, 47
17524, 40
17525, 41
17526, 41
17527, 8
17528, 7
17529, 24
17530, 16
17531, 32
17532, 32
17533, 32
17534, 23
17535, 32
17536, 16
17537, 24
17538, 16
17539, 24
17540, 32
17541, 56
17542, 48
17544, 56
17545, 46
17547, 40
17548, 15
17549, 32
17550, 40
17552, 16
17553, 15
17554, 16
17555, 16
17556, 15
17557, 15
17558, 39
17560, 24
17561, 8
17562, 33
17563, 23
17564, 8
17565, 15
17568, 23
17569, 39
17570, 8
17571, 16
17572, 7
17573, 16
17574, 16
17575, 7
17576, 32
17577, 8
17578, 48
17580, 23
17581, 7
17582, 7
17583, 40
17584, 63
17585, 15
17586, 16
17587, 15
17588, 32
17589, 23
17590, 39
17591, 31
17592, 40
17593, 56
17594, 23
17595, 62
17596, 15
17597, 24
17599, 32
17600, 23
17601, 8
17602, 15
17603, 25
17604, 15
17605, 47
17607, 32
17608, 40
17609, 39
17610, 24
17611, 40
17612, 31
17613, 16
17614, 8
17615, 32
17616, 24
17617, 32
17618, 32
17619, 23
17620, 7
17621, 32
17622, 24
17623, 15
17624, 15
17625, 56
17626, 16
17627, 55
17628, 32
17629, 42
17630, 39
17631, 32
17632, 16
17633, 31
17634, 24
17635, 31
17636, 7
17637, 15
17638, 23
17639, 8
17640, 15
17641, 24
17642, 16
17643, 32
17644, 8
17645, 8
17646, 16
17647, 32
17648, 24
17649, 7
17650, 15
17651, 7
17653, 16
17654, 30
17655, 7
17656, 15
17657, 23
17658, 16
17659, 8
17660, 7
17661, 32
17662, 15
17663, 24
17664, 24
17665, 24
17666, 7
17667, 8
17668, 32
17669, 32
17670, 47
17671, 7
17672, 31
17673, 32
17674, 16
17675, 24
17676, 47
17677, 33
17678, 56
17679, 24
17680, 47
17681, 40
17682, 23
17683, 8
17684, 24
17685, 24
17686, 8
17687, 16
17688, 16
17689, 24
17690, 48
17691, 7
17692, 8
17693, 31
17694, 56
17695, 32
17696, 24
17697, 48
17698, 7
17699, 24
17700, 24
17701, 7
17702, 30
17703, 41
17704, 40
17705, 8
17706, 23
17707, 23
17708, 15
17709, 32
17710, 16
17711, 48
17712, 48
17713, 32
17714, 32
17715, 40
17716, 39
17718, 54
17720, 48
17721, 24
17722, 8
17723, 16
17724, 7
17725, 16
17726, 7
17727, 31
17728, 23
17729, 22
17731, 24
17732, 25
17733, 16
17734, 23
17735, 8
17736, 15
17738, 8
17739, 24
17740, 24
17741, 15
17742, 16
17743, 16
17744, 7
17745, 15
17746, 16
17747, 7
17748, 39
17749, 23
17750, 24
17751, 16
17753, 24
17754, 31
17755, 39
17756, 31
17757, 16
17758, 15
17759, 39
17760, 16
17761, 40
17762, 22
17763, 32
17764, 79
17765, 31
17766, 48
17767, 24
17768, 7
17769, 7
17770, 31
17771, 15
17772, 24
17773, 7
17774, 24
17775, 25
17776, 38
17778, 32
17779, 56
17780, 32
17781, 8
17782, 47
17783, 31
17784, 16
17785, 16
17786, 24
17787, 24
17788, 15
17789, 56
17790, 23
17791, 16
17792, 31
17793, 8
17794, 15
17795, 31
17796, 40
17797, 8
17798, 71
17799, 23
17800, 50
17801, 48
17802, 16
17803, 23
17804, 22
17805, 32
17806, 23
17807, 16
17808, 16
17809, 15
17810, 16
17811, 7
17812, 15
17813, 23
17814, 31
17815, 7
17816, 16
17817, 7
17818, 8
17819, 55
17821, 16
17822, 7
17824, 16
17825, 31
17826, 23
17828, 23
17829, 8
17830, 7
17831, 15
17832, 23
17833, 15
17834, 31
17835, 24
17836, 16
17837, 16
17838, 8
17839, 32
17840, 23
17841, 62
17842, 8
17843, 25
17844, 24
17845, 23
17846, 40
17847, 31
17848, 24
17849, 32
17850, 72
17851, 32
17852, 30
17853, 32
17854, 7
17855, 24
17856, 15
17857, 15
17858, 24
17859, 8
17860, 23
17861, 47
17862, 7
17863, 16
17864, 40
17865, 48
17866, 8
17867, 30
17868, 55
17869, 24
17870, 8
17871, 15
17872, 23
17873, 16
17874, 47
17875, 24
17876, 22
17877, 24
17878, 23
17879, 24
17880, 15
17881, 41
17882, 31
17883, 41
17884, 47
17885, 25
17886, 56
17887, 16
17888, 23
17889, 32
17890, 15
17891, 31
17892, 23
17893, 7
17894, 23
17895, 7
17896, 15
17897, 24
17898, 16
17899, 24
17900, 22
17902, 24
17903, 16
17904, 16
17905, 31
17906, 8
17907, 15
17909, 8
17910, 15
17911, 31
17912, 15
17913, 16
17914, 8
17915, 14
17916, 16
17917, 16
17918, 16
17919, 23
17920, 40
17921, 8
17922, 16
17923, 7
17924, 15
17925, 56
17926, 33
17927, 23
17928, 24
17929, 15
17930, 40
17931, 24
17932, 40
17933, 24
17934, 40
17935, 48
17936, 39
17937, 48
17938, 23
17939, 16
17940, 8
17941, 23
17942, 23
17943, 8
17944, 15
17945, 16
17946, 40
17947, 30
17949, 23
17950, 40
17951, 46
17952, 24
17953, 31
17954, 39
17955, 15
17956, 16
17957, 24
17958, 32
17959, 16
17960, 39
17961, 31
17962, 16
17963, 24
17964, 24
17965, 25
17966, 16
17967, 39
17968, 33
17969, 39
17970, 30
17971, 49
17972, 47
17973, 7
17974, 48
17975, 7
17976, 16
17977, 32
17978, 23
17979, 16
17980, 15
17981, 8
17982, 15
17983, 7
17984, 40
17985, 32
17988, 23
17989, 25
17990, 39
17992, 24
17994, 8
17995, 16
17996, 31
17997, 16
17998, 7
17999, 15
18000, 7
18001, 7
18002, 15
18003, 23
18004, 23
18005, 32
18006, 23
18007, 7
18008, 16
18009, 8
18010, 23
18011, 56
18012, 31
18013, 16
18014, 24
18015, 23
18016, 24
18017, 32
18018, 40
18019, 24
18020, 48
18021, 46
18022, 48
18023, 39
18024, 16
18025, 8
18026, 15
18027, 31
18028, 7
18029, 24
18030, 8
18031, 23
18032, 48
18033, 7
18034, 16
18035, 48
18036, 39
18037, 15
18038, 49
18039, 33
18040, 24
18042, 32
18043, 15
18044, 24
18045, 31
18046, 48
18047, 16
18048, 15
18049, 23
18050, 15
18051, 22
18052, 40
18053, 40
18054, 16
18055, 63
18056, 16
18057, 64
18058, 23
18059, 7
18060, 39
18061, 24
18062, 32
18063, 7
18064, 23
18065, 16
18066, 7
18067, 24
18068, 16
18069, 7
18070, 40
18071, 15
18073, 15
18074, 15
18075, 31
18076, 23
18077, 8
18078, 15
18081, 31
18082, 39
18083, 8
18084, 16
18085, 8
18086, 8
18087, 16
18088, 8
18089, 31
18090, 15
18091, 39
18092, 8
18093, 15
18094, 7
18095, 8
18096, 54
18097, 40
18098, 23
18099, 7
18100, 40
18101, 32
18102, 24
18103, 39
18104, 16
18105, 55
18106, 40
18107, 47
18108, 41
18109, 24
18110, 8
18111, 15
18112, 32
18113, 7
18114, 15
18115, 15
18116, 16
18117, 40
18118, 30
18120, 32
18121, 32
18122, 55
18123, 41
18124, 41
18125, 7
18126, 7
18127, 23
18128, 31
18129, 24
18130, 32
18131, 32
18132, 23
18133, 8
18134, 31
18135, 24
18136, 24
18137, 33
18138, 15
18139, 31
18140, 63
18141, 15
18142, 41
18143, 56
18144, 16
18145, 24
18146, 22
18147, 24
18148, 31
18149, 15
18150, 15
18151, 15
18152, 8
18153, 23
18154, 7
18155, 32
18156, 31
18158, 8
18159, 24
18160, 24
18161, 32
18163, 23
18166, 24
18167, 31
18168, 16
18169, 7
18170, 15
18171, 16
18172, 16
18173, 8
18174, 24
18175, 16
18176, 15
18177, 31
18178, 24
18179, 7
18180, 7
18181, 32
18182, 56
18183, 23
18184, 24
18185, 16
18186, 41
18187, 7
18188, 40
18189, 31
18190, 32
18191, 54
18192, 40
18193, 57
18194, 15
18195, 23
18196, 7
18197, 32
18198, 15
18199, 7
18200, 15
18201, 15
18202, 24
18203, 47
18204, 7
18205, 24
18206, 23
18207, 55
18208, 23
18209, 41
18210, 39
18211, 8
18212, 16
18213, 15
18214, 23
18215, 32
18216, 31
18217, 39
18218, 16
18219, 32
18220, 16
18221, 16
18222, 15
18223, 39
18224, 40
18225, 24
18226, 48
18227, 40
18228, 23
18229, 46
18230, 24
18231, 22
18232, 7
18233, 56
18234, 8
18235, 16
18236, 16
18237, 24
18238, 8
18239, 16
18240, 32
18241, 16
18242, 15
18244, 24
18245, 8
18246, 31
18247, 23
18248, 8
18249, 15
18251, 7
18252, 23
18253, 40
18255, 15
18256, 24
18257, 8
18258, 8
18259, 24
18260, 25
18261, 16
18262, 32
18263, 16
18264, 8
18265, 7
18266, 24
18267, 40
18268, 57
18269, 8
18270, 8
18271, 22
18272, 39
18273, 16
18274, 47
18275, 14
18276, 63
18277, 55
18278, 15
18279, 54
18280, 31
18281, 8
18282, 8
18283, 40
18284, 8
18285, 16
18287, 32
18288, 41
18289, 22
18290, 8
18291, 32
18292, 56
18293, 32
18294, 25
18295, 40
18296, 23
18297, 8
18298, 15
18299, 23
18300, 32
18301, 32
18302, 24
18303, 30
18304, 8
18305, 31
18306, 23
18307, 24
18308, 16
18309, 40
18310, 24
18311, 56
18312, 23
18313, 48
18314, 55
18315, 8
18316, 24
18317, 22
18318, 40
18319, 15
18320, 15
18321, 24
18322, 7
18323, 15
18324, 8
18325, 24
18326, 16
18327, 32
18328, 7
18329, 7
18330, 23
18331, 23
18332, 23
18333, 7
18334, 23
18336, 8
18337, 7
18338, 23
18339, 31
18340, 16
18342, 23
18344, 23
18345, 23
18346, 24
18347, 24
18348, 16
18349, 24
18350, 8
18351, 16
18352, 24
18353, 73
18354, 7
18355, 16
18356, 24
18357, 23
18358, 31
18359, 41
18360, 23
18361, 32
18362, 39
18363, 63
18364, 31
18365, 38
18366, 15
18367, 8
18368, 32
18369, 24
18370, 8
18371, 8
18372, 7
18373, 40
18374, 46
18376, 32
18377, 16
18378, 46
18379, 39
18380, 32
18381, 40
18382, 8
18383, 15
18384, 24
18385, 16
18386, 41
18387, 32
18388, 23
18389, 15
18390, 24
18391, 31
18392, 33
18394, 32
18395, 40
18396, 48
18397, 40
18398, 33
18399, 32
18400, 30
18401, 24
18402, 39
18403, 24
18404, 16
18405, 32
18406, 8
18407, 24
18408, 8
18409, 8
18410, 15
18411, 23
18412, 40
18413, 8
18414, 8
18415, 7
18416, 24
18417, 39
18418, 7
18419, 24
18423, 39
18424, 15
18425, 15
18426, 7
18427, 23
18428, 7
18429, 15
18430, 8
18431, 39
18432, 15
18433, 23
18434, 15
18435, 23
18436, 8
18437, 24
18438, 40
18439, 47
18440, 8
18441, 24
18442, 24
18443, 31
18444, 24
18445, 47
18446, 16
18447, 48
18448, 47
18449, 48
18450, 32
18451, 23
18452, 7
18453, 23
18454, 24
18455, 15
18456, 7
18457, 15
18458, 24
18459, 32
18460, 30
18462, 32
18463, 55
18464, 40
18465, 16
18466, 47
18467, 15
18468, 15
18470, 39
18471, 15
18472, 48
18473, 23
18474, 30
18475, 24
18476, 15
18477, 15
18478, 32
18479, 16
18480, 47
18481, 41
18482, 32
18483, 31
18484, 39
18485, 47
18486, 15
18487, 40
18488, 7
18489, 32
18490, 31
18491, 8
18492, 24
18493, 7
18494, 7
18495, 15
18496, 32
18497, 24
18498, 23
18500, 16
18501, 16
18502, 24
18503, 31
18505, 24
18508, 31
18509, 24
18510, 16
18511, 16
18512, 8
18513, 8
18514, 23
18516, 32
18517, 15
18518, 39
18519, 15
18520, 16
18521, 8
18522, 16
18523, 23
18524, 40
18525, 46
18526, 8
18527, 15
18528, 15
18529, 46
18530, 41
18531, 23
18532, 33
18533, 63
18534, 48
18535, 40
18536, 23
18537, 15
18538, 7
18539, 33
18540, 7
18541, 23
18542, 7
18543, 16
18544, 23
18545, 47
18546, 7
18547, 32
18548, 33
18549, 39
18550, 15
18551, 39
18552, 38
18553, 23
18554, 16
18555, 24
18556, 24
18558, 48
18559, 40
18560, 16
18561, 23
18562, 23
18563, 24
18564, 16
18565, 32
18566, 23
18567, 56
18568, 39
18569, 16
18570, 64
18571, 23
18572, 24
18573, 30
18574, 24
18575, 32
18577, 32
18578, 16
18579, 16
18581, 23
18582, 15
18583, 32
18584, 15
18585, 8
18586, 16
18587, 24
18588, 24
18589, 15
18590, 7
18591, 15
18594, 47
18595, 16
18596, 7
18597, 16
18598, 16
18599, 16
18600, 7
18601, 24
18602, 23
18603, 15
18604, 32
18605, 16
18606, 16
18608, 23
18609, 56
18610, 40
18611, 7
18612, 23
18613, 32
18614, 16
18615, 32
18616, 39
18617, 15
18618, 48
18619, 64
18620, 31
18621, 38
18622, 32
18623, 8
18624, 8
18625, 31
18626, 15
18627, 8
18628, 15
18629, 15
18630, 48
18631, 23
18632, 16
18633, 15
18634, 64
18635, 24
18636, 24
18637, 31
18638, 30
18639, 16
18640, 24
18641, 24
18642, 8
18643, 49
18644, 23
18645, 32
18646, 24
18647, 24
18648, 16
18649, 23
18650, 16
18651, 48
18652, 24
18653, 57
18654, 40
18655, 32
18656, 39
18657, 7
18658, 49
18659, 7
18660, 24
18661, 39
18662, 25
18663, 16
18665, 15
18666, 7
18667, 23
18668, 31
18669, 24
18671, 24
18673, 49
18674, 15
18676, 24
18679, 23
18680, 31
18681, 16
18682, 8
18683, 24
18684, 8
18686, 32
18687, 15
18688, 23
18689, 31
18690, 8
18691, 32
18693, 8
18694, 31
18695, 64
18696, 15
18697, 16
18698, 15
18699, 40
18700, 23
18701, 32
18702, 30
18703, 40
18704, 55
18705, 31
18706, 63
18707, 16
18708, 15
18709, 24
18711, 31
18712, 16
18713, 15
18714, 8
18715, 40
18716, 32
18717, 7
18718, 32
18719, 40
18720, 32
18721, 41
18722, 15
18723, 46
18725, 23
18726, 31
18727, 15
18728, 40
18729, 25
18730, 31
18731, 15
18732, 24
18733, 23
18734, 24
18735, 24
18736, 41
18737, 25
18738, 32
18739, 48
18740, 40
18741, 39
18742, 23
18743, 32
18744, 23
18745, 8
18746, 47
18747, 16
18748, 16
18749, 7
18750, 15
18751, 15
18752, 16
18753, 24
18754, 40
18756, 8
18757, 15
18758, 8
18759, 48
18760, 7
18761, 8
18762, 15
18764, 7
18765, 39
18766, 15
18767, 15
18768, 16
18769, 16
18770, 16
18772, 16
18773, 31
18774, 7
18775, 31
18776, 24
18777, 15
18778, 8
18779, 15
18780, 47
18781, 47
18782, 8
18783, 24
18784, 15
18785, 40
18786, 24
18787, 47
18788, 16
18789, 49
18790, 48
18791, 72
18792, 15
18793, 24
18795, 15
18796, 40
18798, 23
18799, 8
18800, 16
18801, 54
18802, 15
18803, 8
18804, 31
18805, 47
18806, 31
18807, 48
18808, 16
18809, 23
18810, 16
18811, 15
18812, 23
18813, 32
18814, 16
18815, 63
18816, 8
18817, 24
18818, 32
18819, 8
18820, 24
18821, 32
18822, 32
18823, 40
18824, 40
18825, 23
18826, 56
18827, 39
18828, 8
18829, 32
18830, 15
18831, 32
18832, 31
18833, 16
18834, 16
18835, 7
18836, 24
18838, 23
18839, 8
18840, 47
18842, 16
18843, 7
18844, 39
18845, 23
18847, 23
18849, 8
18850, 7
18851, 46
18852, 8
18853, 7
18854, 24
18855, 8
18856, 16
18857, 8
18858, 15
18859, 31
18860, 30
18861, 7
18862, 31
18864, 16
18865, 32
18866, 48
18867, 23
18868, 15
18869, 24
18870, 32
18871, 31
18872, 32
18873, 23
18874, 40
18875, 64
18876, 32
18877, 24
18878, 54
18879, 7
18880, 15
18881, 23
18882, 24
18883, 8
18884, 7
18885, 24
18886, 24
18887, 47
18889, 32
18890, 33
18891, 47
18892, 16
18893, 40
18894, 39
18895, 16
18896, 8
18897, 32
18898, 24
18899, 16
18900, 48
18901, 31
18903, 39
18904, 24
18905, 8
18906, 15
18907, 54
18908, 16
18909, 47
18910, 38
18911, 16
18912, 55
18913, 31
18914, 24
18915, 31
18916, 8
18917, 31
18918, 31
18919, 25
18920, 8
18921, 16
18922, 8
18923, 24
18924, 24
18925, 16
18926, 15
18927, 16
18928, 7
18929, 24
18930, 22
18931, 15
18932, 16
18933, 7
18935, 25
18936, 23
18937, 16
18938, 15
18939, 7
18940, 24
18942, 15
18943, 23
18944, 24
18945, 24
18946, 23
18947, 15
18948, 15
18950, 24
18951, 64
18952, 32
18953, 8
18954, 23
18955, 16
18956, 38
18957, 41
18958, 32
18959, 8
18960, 64
18961, 55
18962, 32
18963, 39
18964, 23
18965, 7
18966, 15
18967, 32
18968, 8
18969, 15
18970, 8
18971, 24
18972, 63
18974, 8
18975, 40
18976, 39
18977, 22
18978, 55
18979, 24
18980, 15
18981, 15
18982, 16
18983, 32
18984, 15
18985, 31
18986, 30
18987, 30
18988, 24
18989, 23
18990, 16
18991, 15
18992, 32
18993, 32
18994, 56
18995, 48
18997, 81
18998, 15
18999, 32
19000, 32
19002, 47
19003, 16
19004, 16
19005, 24
19007, 23
19008, 16
19009, 7
19010, 40
19011, 7
19012, 7
19013, 16
19014, 24
19015, 32
19016, 15
19017, 8
19018, 16
19021, 31
19022, 23
19023, 15
19024, 7
19025, 15
19026, 16
19027, 15
19028, 16
19029, 15
19030, 15
19031, 32
19032, 24
19033, 23
19035, 24
19036, 32
19037, 39
19038, 31
19039, 7
19040, 23
19041, 39
19042, 16
19043, 32
19044, 30
19045, 56
19046, 47
19047, 32
19048, 56
19049, 24
19050, 7
19051, 7
19052, 23
19053, 23
19054, 7
19055, 23
19056, 16
19057, 48
19058, 24
19060, 33
19061, 32
19062, 55
19063, 16
19064, 56
19065, 15
19066, 16
19068, 31
19069, 24
19070, 32
19071, 32
19072, 39
19073, 16
19074, 24
19075, 15
19076, 24
19077, 24
19078, 31
19079, 32
19080, 55
19081, 23
19082, 49
19083, 32
19084, 23
19085, 23
19086, 31
19087, 15
19088, 31
19089, 23
19090, 16
19091, 16
19092, 16
19093, 7
19094, 16
19095, 24
19096, 32
19097, 7
19099, 24
19100, 24
19101, 32
19102, 7
19103, 16
19104, 7
19106, 15
19107, 23
19108, 23
19109, 7
19110, 23
19111, 8
19112, 24
19114, 24
19115, 23
19116, 24
19117, 23
19118, 16
19119, 15
19120, 8
19121, 31
19122, 32
19123, 38
19124, 15
19125, 7
19126, 31
19127, 39
19128, 32
19129, 39
19130, 16
19131, 55
19132, 56
19133, 56
19134, 7
19135, 23
19136, 24
19137, 16
19138, 24
19139, 16
19140, 8
19141, 8
19142, 24
19143, 56
19144, 7
19145, 8
19146, 48
19147, 31
19148, 31
19149, 39
19150, 41
19151, 7
19152, 15
19153, 32
19154, 15
19155, 33
19156, 24
19157, 39
19158, 15
19159, 33
19160, 24
19161, 8
19162, 23
19163, 39
19164, 15
19165, 39
19166, 55
19167, 24
19168, 47
19169, 31
19170, 23
19171, 40
19172, 8
19173, 32
19174, 23
19175, 8
19176, 32
19177, 8
19178, 16
19180, 32
19181, 32
19182, 7
19183, 7
19184, 23
19186, 40
19187, 23
19188, 8
19189, 15
19191, 8
19192, 15
19193, 31
19194, 15
19195, 15
19196, 16
19197, 7
19198, 15
19199, 8
19200, 23
19201, 31
19202, 16
19203, 23
19204, 24
19206, 24
19207, 32
19208, 64
19209, 8
19210, 8
19211, 22
19212, 33
19213, 23
19214, 47
19215, 23
19216, 48
19217, 47
19218, 40
19219, 47
19220, 16
19221, 15
19222, 15
19223, 24
19224, 24
19225, 16
19227, 24
19228, 15
19229, 54
19231, 23
19232, 64
19233, 7
19234, 31
19235, 64
19236, 15
19237, 16
19238, 16
19239, 24
19240, 16
19241, 24
19242, 30
19243, 46
19244, 16
19245, 23
19246, 15
19247, 31
19248, 16
19249, 24
19250, 31
19251, 48
19252, 40
19253, 49
19254, 32
19255, 22
19256, 23
19257, 30
19258, 16
19259, 40
19260, 15
19261, 16
19262, 15
19264, 23
19265, 8
19266, 31
19267, 31
19268, 7
19269, 8
19270, 16
19271, 32
19272, 33
19274, 8
19275, 15
19277, 16
19278, 31
19279, 23
19280, 16
19281, 8
19282, 16
19284, 15
19285, 33
19286, 24
19287, 24
19288, 15
19289, 24
19290, 8
19292, 48
19293, 24
19294, 47
19295, 7
19296, 24
19297, 49
19298, 16
19299, 31
19300, 23
19301, 15
19302, 72
19303, 31
19304, 47
19305, 39
19306, 23
19307, 16
19308, 16
19309, 15
19310, 7
19311, 23
19312, 8
19313, 31
19314, 55
19316, 8
19317, 46
19318, 32
19319, 39
19320, 40
19321, 39
19323, 15
19324, 16
19325, 31
19326, 16
19327, 40
19328, 31
19329, 31
19330, 16
19331, 24
19332, 16
19333, 23
19334, 32
19335, 31
19336, 65
19337, 32
19338, 16
19339, 56
19340, 23
19341, 24
19342, 31
19343, 15
19344, 32
19345, 23
19346, 24
19347, 16
19349, 16
19350, 24
19351, 15
19352, 31
19353, 15
19355, 23
19357, 57
19358, 7
19359, 8
19360, 16
19362, 8
19363, 15
19364, 39
19365, 15
19366, 7
19367, 15
19368, 8
19369, 16
19370, 16
19371, 32
19372, 16
19373, 31
19374, 8
19375, 16
19376, 7
19377, 7
19378, 47
19379, 55
19380, 7
19381, 15
19382, 31
19383, 24
19384, 32
19385, 40
19386, 32
19387, 41
19388, 47
19389, 40
19390, 48
19391, 24
19392, 7
19393, 15
19394, 16
19395, 23
19396, 15
19397, 16
19398, 16
19399, 40
19400, 31
19402, 31
19403, 56
19404, 15
19405, 23
19406, 72
19407, 7
19408, 16
19409, 16
19410, 24
19411, 15
19412, 48
19413, 16
19414, 39
19415, 24
19416, 15
19417, 16
19418, 24
19419, 15
19420, 39
19421, 32
19422, 55
19423, 24
19424, 47
19425, 31
19426, 31
19427, 32
19428, 15
19429, 24
19430, 39
19431, 8
19432, 15
19433, 15
19434, 8
19435, 15
19436, 24
19437, 24
19438, 16
19439, 15
19441, 31
19442, 24
19443, 24
19444, 7
19445, 23
19448, 24
19449, 24
19450, 23
19451, 8
19452, 16
19453, 15
19454, 16
19455, 8
19456, 16
19457, 23
19458, 15
19459, 39
19460, 8
19461, 16
19462, 8
19463, 40
19464, 56
19465, 24
19467, 15
19468, 39
19469, 24
19470, 39
19471, 30
19472, 41
19473, 47
19474, 40
19475, 31
19476, 39
19477, 23
19478, 8
19479, 15
19480, 22
19481, 24
19482, 16
19483, 8
19484, 24
19485, 38
19486, 15
19487, 32
19488, 8
19489, 62
19490, 24
19491, 40
19492, 32
19493, 16
19494, 16
19495, 24
19496, 32
19497, 16
19498, 16
19499, 46
19500, 23
19501, 24
19502, 23
19503, 15
19504, 16
19505, 32
19506, 32
19507, 48
19508, 40
19509, 32
19510, 48
19511, 22
19512, 32
19513, 23
19514, 24
19515, 24
19516, 15
19517, 23
19518, 24
19519, 8
19520, 15
19522, 31
19523, 7
19524, 39
19525, 8
19526, 7
19527, 15
19528, 49
19529, 7
19530, 16
19531, 7
19533, 16
19534, 16
19535, 31
19536, 7
19537, 16
19538, 16
19539, 7
19540, 16
19541, 16
19542, 23
19543, 15
19544, 40
19545, 7
19546, 23
19547, 8
19548, 16
19549, 40
19550, 47
19551, 15
19552, 24
19553, 24
19554, 32
19555, 16
19556, 55
19558, 40
19559, 81
19560, 32
19561, 38
19562, 31
19563, 8
19564, 16
19565, 16
19566, 23
19567, 7
19568, 15
19569, 25
19570, 23
19571, 39
19572, 8
19573, 23
19574, 31
19575, 55
19576, 32
19577, 41
19578, 15
19579, 15
19580, 8
19581, 32
19582, 24
19583, 16
19584, 63
19585, 16
19586, 16
19587, 31
19588, 16
19589, 16
19590, 24
19591, 39
19592, 24
19593, 73
19594, 7
19595, 48
19596, 48
19597, 8
19598, 32
19599, 23
19600, 24
19601, 31
19602, 15
19603, 24
19604, 7
19605, 7
19606, 23
19607, 16
19608, 24
19609, 23
19610, 7
19611, 16
19612, 16
19613, 32
19614, 23
19615, 8
19616, 15
19619, 23
19620, 24
19621, 24
19622, 8
19623, 15
19624, 16
19626, 15
19627, 23
19628, 23
19629, 32
19630, 15
19631, 24
19632, 8
19633, 8
19634, 40
19635, 57
19636, 24
19637, 7
19638, 16
19639, 33
19640, 23
19641, 48
19642, 23
19643, 23
19644, 71
19645, 48
19646, 49
19647, 8
19648, 32
19649, 8
19650, 16
19651, 32
19653, 15
19654, 7
19655, 32
19656, 38
19657, 15
19658, 24
19659, 32
19660, 38
19661, 23
19662, 48
19663, 32
19664, 24
19665, 16
19666, 24
19667, 7
19668, 40
19669, 33
19670, 24
19671, 15
19672, 24
19673, 31
19674, 16
19675, 23
19676, 40
19677, 16
19678, 56
19679, 40
19680, 33
19681, 48
19682, 23
19683, 7
19684, 47
19685, 8
19686, 31
19687, 23
19688, 15
19689, 24
19690, 8
19691, 16
19692, 16
19693, 16
19694, 24
19695, 23
19697, 24
19698, 24
19699, 16
19700, 22
19701, 16
19702, 7
19704, 16
19705, 25
19706, 23
19707, 7
19708, 15
19709, 7
19710, 15
19711, 16
19712, 16
19713, 24
19714, 15
19715, 40
19716, 16
19717, 16
19719, 24
19720, 57
19721, 32
19722, 15
19723, 24
19724, 24
19725, 23
19726, 24
19727, 31
19728, 31
19729, 65
19730, 39
19731, 31
19732, 56
19733, 24
19734, 8
19735, 16
19736, 16
19737, 23
19738, 16
19739, 8
19740, 24
19741, 48
19742, 14
19743, 8
19744, 22
19745, 47
19746, 40
19747, 16
19748, 65
19749, 7
19750, 16
19751, 15
19752, 23
19753, 16
19754, 32
19755, 31
19756, 39
19757, 16
19758, 32
19759, 16
19760, 23
19761, 7
19762, 56
19763, 24
19764, 56
19765, 24
19766, 49
19767, 40
19768, 8
19769, 49
19770, 7
19771, 33
19772, 24
19773, 15
19774, 24
19775, 8
19776, 24
19778, 24
19779, 16
19780, 22
19781, 15
19782, 16
19783, 16
19784, 32
19785, 15
19786, 15
19787, 16
19790, 32
19791, 16
19792, 23
19793, 7
19794, 15
19795, 15
19796, 7
19797, 8
19798, 23
19799, 32
19800, 24
19801, 15
19802, 15
19803, 15
19804, 16
19805, 32
19806, 49
19807, 31
19808, 16
19809, 16
19810, 33
19811, 15
19812, 40
19813, 31
19814, 41
19815, 40
19816, 56
19817, 48
19818, 32
19819, 8
19820, 16
19821, 25
19822, 15
19823, 7
19824, 15
19825, 7
19826, 49
19827, 30
19828, 7
19829, 24
19830, 24
19831, 56
19832, 32
19833, 24
19834, 39
19835, 15
19836, 7
19837, 23
19838, 40
19839, 8
19840, 39
19841, 48
19842, 8
19843, 24
19844, 15
19845, 23
19846, 24
19847, 48
19848, 16
19849, 49
19850, 32
19851, 40
19852, 32
19853, 31
19854, 32
19855, 31
19856, 8
19857, 39
19858, 16
19859, 7
19860, 32
19862, 23
19863, 16
19864, 16
19865, 40
19866, 8
19868, 24
19869, 16
19870, 24
19871, 22
19872, 16
19873, 7
19875, 8
19876, 40
19877, 15
19878, 15
19879, 8
19880, 15
19881, 7
19882, 16
19883, 25
19884, 24
19885, 16
19886, 32
19887, 16
19888, 16
19890, 24
19891, 48
19892, 46
19893, 16
19894, 16
19895, 8
19896, 48
19897, 32
19898, 39
19900, 71
19901, 40
19902, 40
19903, 47
19904, 24
19906, 16
19907, 40
19908, 7
19909, 16
19910, 8
19911, 24
19912, 47
19913, 15
19914, 16
19915, 24
19916, 32
19917, 38
19918, 40
19919, 32
19920, 31
19921, 8
19922, 7
19923, 39
19924, 16
19925, 49
19926, 32
19927, 15
19929, 55
19930, 8
19931, 24
19932, 16
19933, 39
19934, 48
19935, 49
19936, 7
19937, 47
19938, 46
19939, 24
19940, 24
19941, 15
19942, 40
19943, 16
19944, 15
19945, 15
19946, 15
19947, 16
19948, 7
19949, 24
19950, 16
19951, 38
19953, 25
19954, 8
19955, 15
19956, 38
19957, 8
19958, 16
19960, 8
19961, 16
19962, 22
19963, 23
19964, 16
19965, 16
19967, 7
19968, 23
19969, 24
19970, 24
19971, 32
19972, 16
19973, 15
19974, 7
19975, 16
19976, 15
19977, 80
19978, 16
19979, 8
19980, 24
19981, 31
19982, 24
19983, 24
19984, 38
19985, 32
19986, 55
19987, 48
19988, 56
19989, 23
19990, 8
19991, 16
19992, 24
19993, 7
19994, 23
19995, 7
19996, 32
19997, 15
19998, 38
19999, 7
20000, 23
20001, 39
20002, 31
20003, 38
20004, 31
20005, 31
20006, 15
20007, 7
20008, 39
20009, 7
20010, 40
20011, 32
20012, 40
20013, 8
20014, 23
20015, 23
20016, 32
20018, 47
20019, 24
20020, 40
20021, 39
20022, 32
20023, 48
20024, 31
20025, 32
20026, 24
20027, 8
20028, 40
20029, 7
20030, 23
20031, 23
20033, 15
20034, 7
20035, 39
20036, 32
20037, 7
20039, 24
20040, 7
20041, 56
20043, 8
20044, 15
20046, 16
20047, 23
20048, 31
20049, 8
20050, 16
20052, 31
20054, 16
20055, 32
20056, 32
20057, 7
20058, 24
20059, 15
20060, 8
20061, 24
20062, 49
20063, 40
20064, 8
20065, 32
20066, 24
20067, 15
20068, 32
20069, 48
20070, 16
20071, 56
20072, 31
20073, 73
20074, 23
20075, 15
20076, 15
20077, 7
20078, 32
20079, 16
20080, 16
20081, 8
20082, 32
20083, 49
20084, 7
20086, 48
20087, 32
20088, 38
20089, 32
20090, 47
20091, 7
20092, 15
20093, 15
20094, 23
20095, 16
20096, 49
20097, 48
20098, 7
20099, 24
20100, 23
20101, 7
20102, 31
20103, 41
20104, 7
20105, 64
20106, 40
20107, 8
20108, 63
20109, 40
20110, 16
20111, 32
20112, 7
20113, 41
20114, 24
20115, 16
20116, 16
20117, 7
20118, 16
20119, 8
20120, 32
20121, 24
20122, 16
20123, 7
20124, 16
20125, 7
20126, 31
20127, 32
20129, 24
20132, 40
20133, 24
20134, 7
20135, 8
20136, 15
20137, 15
20138, 16
20139, 8
20140, 24
20141, 15
20142, 40
20143, 7
20144, 23
20145, 8
20146, 32
20147, 8
20148, 57
20149, 23
20150, 15
20151, 15
20152, 48
20153, 16
20154, 56
20155, 8
20156, 49
20157, 39
20158, 47
20159, 55
20160, 15
20161, 24
20162, 16
20163, 16
20164, 15
20165, 24
20166, 8
20167, 8
20168, 40
20169, 38
20171, 25
20172, 32
20173, 38
20174, 48
20175, 23
20176, 30
20177, 15
20178, 16
20179, 24
20180, 32
20181, 24
20182, 24
20183, 47
20185, 39
20186, 16
20187, 24
20188, 7
20189, 47
20190, 23
20191, 58
20192, 32
20193, 24
20194, 64
20195, 16
20196, 33
20197, 22
20198, 24
20199, 24
20200, 15
20201, 15
20202, 24
20204, 23
20205, 23
20206, 8
20207, 39
20208, 7
20209, 8
20210, 16
20211, 8
20212, 39
20213, 15
20214, 16
20215, 7
20217, 33
20218, 16
20219, 16
20220, 16
20221, 7
20222, 15
20223, 24
20225, 23
20226, 24
20227, 24
20228, 24
20229, 16
20230, 15
20232, 40
20233, 32
20234, 48
20235, 16
20236, 16
20237, 33
20238, 16
20239, 24
20240, 56
20241, 8
20242, 72
20243, 40
20244, 55
20245, 24
20246, 15
20247, 15
20248, 8
20249, 32
20250, 15
20251, 16
20252, 16
20253, 24
20254, 48
20255, 7
20256, 8
20257, 40
20258, 56
20259, 16
20260, 32
20261, 39
20262, 15
20263, 15
20264, 15
20265, 16
20266, 39
20267, 40
20268, 15
20269, 31
20270, 24
20271, 31
20272, 16
20273, 16
20274, 32
20275, 23
20276, 65
20277, 24
20278, 15
20279, 63
20280, 39
20281, 8
20282, 47
20284, 32
20285, 31
20286, 16
20287, 16
20288, 7
20289, 24
20291, 24
20292, 24
20293, 31
20295, 16
20296, 15
20297, 31
20298, 23
20300, 23
20303, 23
20304, 40
20305, 8
20306, 15
20307, 16
20308, 8
20309, 15
20310, 8
20311, 23
20312, 31
20313, 8
20314, 31
20315, 7
20316, 15
20317, 33
20318, 41
20319, 25
20320, 30
20321, 16
20322, 8
20323, 39
20324, 32
20325, 40
20326, 15
20327, 49
20328, 31
20329, 63
20330, 24
20331, 47
20332, 7
20333, 23
20334, 25
20335, 8
20336, 15
20337, 15
20338, 8
20339, 48
20340, 30
20342, 32
20343, 48
20344, 32
20345, 33
20346, 32
20347, 32
20349, 32
20350, 24
20351, 24
20352, 15
20353, 32
20354, 40
20355, 7
20356, 31
20357, 23
20358, 32
20359, 16
20360, 32
20361, 32
20362, 47
20363, 31
20364, 57
20365, 24
20366, 23
20367, 24
20368, 31
20369, 8
20370, 47
20371, 16
20372, 16
20373, 7
20374, 16
20375, 15
20376, 15
20377, 40
20378, 8
20379, 14
20380, 16
20381, 8
20382, 24
20383, 32
20384, 7
20385, 15
20386, 7
20388, 24
20389, 23
20390, 15
20391, 15
20392, 16
20393, 16
20394, 16
20396, 16
20397, 31
20398, 8
20399, 39
20400, 15
20401, 16
20403, 23
20404, 63
20405, 39
20406, 8
20407, 24
20409, 47
20410, 32
20411, 38
20412, 24
20413, 40
20414, 64
20415, 40
20416, 40
20417, 8
20418, 16
20419, 16
20420, 23
20421, 7
20422, 32
20424, 23
20425, 47
20426, 15
20427, 16
20428, 39
20429, 40
20430, 32
20431, 24
20432, 40
20433, 23
20434, 7
20435, 24
20436, 24
20437, 16
20438, 49
20439, 24
20440, 23
20441, 24
20442, 15
20443, 23
20444, 24
20445, 40
20446, 23
20447, 48
20448, 31
20449, 23
20450, 65
20451, 23
20452, 16
20453, 31
20454, 23
20455, 31
20456, 23
20457, 24
20458, 8
20459, 7
20460, 23
20462, 32
20463, 16
20464, 30
20466, 24
20467, 8
20468, 32
20469, 23
20470, 8
20471, 15
20473, 8
20474, 32
20475, 15
20476, 15
20477, 16
20478, 16
20479, 7
20480, 16
20481, 16
20482, 15
20483, 14
20484, 48
20485, 16
20486, 16
20488, 24
20489, 31
20490, 48
20491, 15
20492, 7
20493, 32
20494, 32
20495, 23
20496, 40
20497, 22
20498, 48
20499, 47
20500, 31
20501, 62
20502, 16
20503, 15
20504, 7
20505, 31
20506, 15
20507, 24
20508, 8
20509, 16
20510, 24
20511, 47
20513, 31
20514, 56
20515, 24
20516, 32
20517, 16
20518, 47
20519, 8
20520, 23
20521, 16
20522, 40
20523, 24
20524, 40
20525, 23
20526, 16
20527, 24
20528, 16
20529, 24
20530, 24
20531, 40
20532, 15
20533, 64
20534, 24
20535, 48
20536, 32
20537, 23
20538, 32
20539, 23
20540, 15
20541, 24
20542, 31
20543, 24
20544, 8
20545, 8
20546, 16
20547, 15
20548, 15
20549, 32
20550, 15
20551, 16
20552, 7
20553, 24
20554, 40
20556, 16
20557, 7
20559, 16
20560, 31
20561, 24
20562, 8
20563, 7
20564, 16
20565, 7
20566, 15
20567, 24
20568, 23
20569, 32
20570, 16
20571, 16
20572, 15
20573, 7
20574, 32
20575, 32
20576, 48
20577, 16
20578, 16
20579, 23
20580, 31
20581, 32
20582, 40
20583, 24
20584, 46
20585, 47
20586, 39
20587, 40
20588, 23
20589, 8
20590, 24
20591, 24
20592, 16
20593, 8
20594, 7
20595, 41
20596, 40
20597, 7
20598, 8
20599, 48
20600, 39
20601, 24
20602, 39
20603, 48
20604, 8
20605, 16
20606, 7
20607, 31
20608, 24
20609, 31
20610, 56
20611, 8
20612, 24
20613, 16
20614, 15
20615, 23
20616, 16
20617, 38
20618, 57
20619, 40
20620, 24
20621, 48
20622, 31
20623, 15
20624, 47
20626, 39
20627, 32
20628, 16
20629, 8
20630, 7
20631, 23
20632, 7
20633, 16
20634, 32
20635, 23
20637, 24
20638, 25
20639, 8
20640, 30
20642, 23
20645, 39
20646, 16
20647, 15
20648, 8
20649, 24
20650, 7
20651, 16
20652, 16
20653, 24
20654, 16
20655, 40
20656, 8
20657, 16
20658, 7
20659, 32
20660, 33
20661, 48
20662, 15
20663, 25
20664, 16
20665, 23
20666, 47
20667, 16
20668, 22
20669, 65
20670, 40
20671, 23
20672, 64
20673, 24
20674, 15
20675, 16
20676, 24
20677, 7
20678, 16
20679, 7
20680, 24
20681, 57
20682, 16
20684, 16
20685, 73
20686, 24
20687, 24
20688, 47
20689, 23
20690, 16
20691, 16
20692, 32
20693, 8
20694, 40
20695, 31
20696, 31
20697, 16
20698, 23
20699, 24
20700, 16
20701, 16
20702, 39
20703, 49
20704, 40
20705, 23
20706, 56
20707, 24
20708, 31
20709, 25
20710, 23
20711, 25
20712, 32
20713, 16
20714, 24
20715, 8
20716, 24
20718, 24
20719, 24
20720, 24
20721, 7
20723, 23
20724, 7
20725, 56
20727, 24
20730, 24
20731, 15
20732, 31
20733, 8
20734, 16
20735, 8
20736, 7
20737, 16
20738, 31
20739, 15
20740, 32
20741, 15
20742, 33
20744, 16
20745, 25
20746, 32
20747, 47
20748, 16
20749, 16
20750, 32
20751, 23
20752, 48
20753, 25
20754, 24
20755, 71
20756, 24
20757, 39
20758, 30
20759, 23
20760, 16
20761, 15
20762, 32
20763, 7
20764, 16
20765, 7
20766, 23
20767, 49
20768, 15
20769, 8
20770, 31
20771, 55
20772, 15
20773, 39
20774, 39
20775, 23
20776, 7
20777, 23
20778, 24
20779, 32
20780, 32
20781, 16
20782, 31
20783, 15
20784, 39
20785, 7
20786, 23
20787, 48
20788, 8
20789, 64
20790, 32
20791, 24
20792, 72
20793, 7
20794, 32
20795, 23
20796, 7
20797, 47
20798, 24
20799, 16
20800, 16
20801, 8
20802, 16
20803, 16
20804, 16
20805, 41
20806, 7
20808, 24
20810, 30
20811, 31
20812, 16
20813, 8
20815, 8
20816, 24
20817, 15
20818, 23
20819, 16
20820, 16
20821, 7
20822, 16
20823, 16
20824, 23
20825, 24
20826, 32
20827, 8
20828, 24
20830, 24
20831, 57
20832, 32
20833, 16
20834, 24
20835, 7
20836, 49
20837, 16
20838, 48
20839, 16
20840, 65
20841, 32
20842, 49
20843, 40
20844, 24
20845, 15
20846, 16
20847, 24
20848, 7
20849, 24
20850, 8
20851, 16
20852, 23
20853, 45
20854, 8
20855, 15
20856, 64
20857, 33
20858, 16
20859, 47
20860, 23
20861, 16
20862, 16
20863, 33
20864, 8
20865, 41
20866, 31
20867, 23
20868, 15
20869, 32
20870, 15
20871, 23
20872, 32
20873, 32
20874, 25
20875, 57
20876, 24
20877, 49
20878, 48
20879, 7
20880, 24
20881, 30
20882, 24
20883, 31
20884, 16
20885, 24
20886, 8
20887, 24
20889, 23
20890, 16
20891, 40
20893, 16
20894, 16
20895, 24
20896, 32
20898, 15
20899, 7
20901, 15
20902, 31
20903, 23
20904, 8
20905, 15
20906, 16
20907, 16
20908, 8
20909, 25
20910, 16
20911, 31
20912, 16
20913, 15
20914, 15
20915, 7
20916, 31
20917, 65
20918, 15
20919, 16
20920, 15
20921, 40
20922, 8
20923, 48
20924, 32
20925, 33
20926, 48
20927, 48
20928, 65
20929, 16
20930, 8
20931, 15
20932, 23
20933, 23
20934, 16
20935, 7
20936, 16
20937, 15
20938, 55
20939, 7
20940, 16
20941, 57
20942, 31
20943, 24
20944, 39
20945, 41
20946, 8
20947, 16
20948, 16
20949, 31
20950, 7
20951, 40
20952, 56
20954, 32
20955, 15
20956, 24
20957, 24
20958, 33
20959, 32
20960, 39
20961, 31
20962, 24
20963, 56
20964, 39
20965, 16
20966, 31
20967, 7
20968, 39
20969, 32
20970, 16
20971, 16
20972, 8
20973, 7
20974, 23
20975, 16
20976, 24
20977, 15
20978, 7
20979, 16
20980, 24
20981, 32
20982, 15
20983, 16
20984, 7
20987, 47
20988, 16
20989, 8
20990, 23
20991, 8
20992, 7
20993, 15
20995, 39
20996, 15
20997, 31
20998, 23
20999, 8
21000, 15
21001, 7
21002, 47
21003, 40
21004, 23
21005, 7
21006, 48
21007, 16
21008, 24
21009, 40
21010, 23
21011, 56
21012, 48
21013, 39
21014, 40
21015, 15
21016, 23
21017, 7
21018, 32
21019, 15
21020, 8
21021, 15
21022, 32
21023, 40
21024, 15
21025, 8
21026, 24
21027, 56
21028, 24
21029, 40
21030, 15
21031, 38
21032, 7
21033, 23
21034, 32
21035, 24
21036, 8
21037, 55
21038, 23
21039, 16
21040, 32
21041, 16
21042, 24
21043, 16
21044, 39
21045, 24
21046, 65
21047, 15
21048, 40
21049, 48
21050, 15
21051, 40
21052, 15
21053, 15
21054, 38
21055, 15
21056, 15
21057, 15
21058, 16
21059, 7
21060, 24
21061, 16
21062, 24
21063, 15
21064, 8
21065, 15
21066, 32
21067, 32
21069, 15
21070, 7
21072, 32
21073, 16
21074, 23
21076, 15
21077, 15
21078, 15
21079, 15
21080, 32
21081, 8
21082, 31
21083, 15
21084, 32
21086, 25
21087, 23
21088, 41
21089, 31
21090, 7
21091, 31
21092, 33
21093, 15
21094, 39
21095, 32
21096, 23
21097, 56
21098, 64
21099, 49
21100, 7
21101, 23
21102, 7
21103, 24
21104, 24
21105, 7
21106, 23
21108, 49
21109, 41
21111, 24
21112, 31
21113, 48
21114, 15
21115, 55
21116, 31
21117, 16
21118, 8
21119, 16
21120, 23
21121, 32
21122, 23
21123, 41
21124, 15
21125, 24
21126, 24
21127, 32
21128, 8
21129, 31
21130, 32
21131, 39
21132, 55
21133, 32
21134, 47
21135, 23
21136, 24
21137, 24
21138, 15
21139, 32
21140, 15
21141, 15
21142, 23
21143, 24
21145, 23
21146, 7
21147, 40
21148, 15
21150, 24
21151, 8
21152, 30
21153, 23
21154, 16
21155, 7
21157, 8
21158, 31
21159, 16
21160, 23
21161, 15
21162, 8
21163, 8
21164, 16
21165, 8
21166, 31
21167, 24
21168, 32
21169, 8
21170, 23
21172, 24
21173, 39
21174, 55
21175, 16
21176, 8
21177, 23
21178, 31
21179, 16
21180, 63
21182, 72
21183, 32
21184, 47
21185, 39
21186, 23
21187, 16
21188, 8
21189, 31
21190, 15
21191, 16
21192, 8
21193, 16
21194, 56
21195, 15
21196, 8
21197, 23
21198, 56
21199, 23
21200, 39
21201, 47
21202, 7
21203, 15
21204, 8
21205, 23
21206, 23
21207, 30
21208, 32
21209, 39
21210, 16
21211, 40
21212, 8
21213, 15
21214, 15
21215, 48
21216, 57
21217, 41
21218, 16
21219, 49
21220, 49
21222, 48
21223, 7
21224, 33
21225, 32
21226, 7
21227, 16
21228, 15
21229, 16
21230, 7
21231, 16
21232, 15
21233, 38
21234, 7
21235, 8
21236, 23
21237, 24
21238, 31
21239, 8
21240, 15
21243, 31
21244, 16
21245, 23
21246, 15
21247, 8
21248, 16
21249, 8
21250, 7
21251, 32
21252, 23
21253, 24
21254, 24
21255, 16
21256, 7
21257, 8
21258, 31
21259, 73
21260, 7
21261, 16
21262, 23
21263, 32
21264, 24
21265, 31
21266, 31
21267, 48
21268, 48
21269, 40
21270, 48
21271, 7
21272, 31
21273, 15
21274, 25
21275, 23
21277, 24
21279, 39
21280, 40
21281, 7
21282, 24
21283, 48
21284, 40
21285, 16
21286, 40
21287, 23
21288, 23
21289, 15
21290, 24
21291, 15
21292, 32
21293, 31
21294, 40
21295, 16
21296, 32
21297, 16
21298, 24
21299, 16
21300, 31
21301, 22
21302, 55
21303, 40
21304, 32
21305, 56
21306, 16
21307, 16
21308, 39
21309, 16
21310, 23
21311, 23
21312, 16
21313, 23
21315, 23
21317, 48
21318, 16
21319, 15
21320, 8
21321, 15
21322, 7
21323, 40
21324, 15
21325, 8
21326, 15
21328, 8
21329, 15
21330, 46
21332, 15
21333, 15
21334, 7
21335, 15
21336, 16
21337, 15
21338, 31
21339, 24
21340, 24
21341, 8
21342, 7
21343, 24
21344, 48
21345, 48
21346, 8
21347, 8
21348, 39
21349, 31
21350, 8
21351, 55
21352, 15
21353, 47
21354, 47
21355, 55
21356, 32
21357, 24
21358, 15
21359, 8
21360, 32
21361, 15
21362, 7
21363, 16
21364, 32
21365, 41
21366, 15
21367, 8
21368, 40
21369, 24
21370, 46
21371, 32
21372, 49
21373, 7
21374, 16
21375, 24
21376, 15
21377, 15
21378, 48
21379, 25
21380, 30
21381, 24
21382, 23
21383, 7
21384, 32
21385, 24
21386, 40
21387, 33
21388, 30
21389, 47
21390, 41
21391, 39
21392, 16
21393, 40
21394, 7
21395, 31
21396, 31
21397, 7
21398, 24
21399, 7
21400, 16
21401, 7
21402, 22
21403, 24
21404, 32
21406, 24
21408, 31
21409, 31
21410, 8
21411, 16
21414, 15
21415, 31
21416, 23
21417, 7
21418, 24
21420, 24
21421, 16
21422, 16
21423, 24
21424, 32
21425, 16
21426, 15
21427, 7
21428, 16
21429, 31
21430, 64
21431, 8
21432, 32
21434, 40
21435, 32
21436, 23
21437, 31
21438, 48
21439, 47
21440, 40
21441, 57
21442, 24
21443, 16
21444, 8
21445, 33
21447, 23
21448, 16
21450, 31
21451, 55
21453, 25
21454, 56
21455, 23
21456, 32
21457, 32
21458, 39
21459, 16
21460, 8
21461, 15
21462, 31
21463, 41
21464, 32
21465, 24
21466, 15
21467, 32
21468, 8
21469, 32
21470, 16
21471, 31
21472, 24
21473, 56
21474, 31
21475, 32
21476, 48
21477, 31
21478, 32
21479, 23
21480, 16
21481, 39
21482, 8
21483, 15
21484, 23
21485, 8
21486, 16
21487, 24
21488, 7
21489, 24
21490, 23
21492, 23
21493, 24
21494, 32
21495, 7
21496, 16
21497, 7
21499, 24
21500, 24
21501, 15
21502, 7
21503, 16
21504, 15
21505, 7
21506, 15
21507, 24
21508, 24
21509, 8
21510, 39
21511, 16
21512, 7
21513, 15
21514, 23
21515, 24
21516, 55
21517, 15
21518, 24
21519, 15
21520, 31
21521, 39
21522, 39
21524, 72
21525, 31
21526, 72
21527, 15
21528, 23
21529, 16
21530, 15
21531, 24
21532, 15
21533, 16
21534, 8
21535, 8
21536, 55
21537, 22
21538, 16
21539, 23
21540, 55
21541, 32
21542, 16
21543, 56
21544, 7
21545, 15
21546, 24
21547, 15
21548, 32
21549, 32
21550, 40
21551, 15
21552, 8
21553, 39
21554, 7
21555, 31
21556, 32
21557, 23
21558, 57
21559, 32
21560, 24
21561, 56
21562, 31
21563, 24
21564, 33
21565, 7
21566, 40
21567, 33
21569, 23
21570, 8
21571, 23
21573, 24
21574, 40
21575, 8
21576, 7
21577, 16
21578, 15
21579, 15
21580, 39
21582, 24
21584, 16
21585, 7
21586, 39
21587, 7
21588, 8
21589, 7
21590, 23
21591, 16
21592, 8
21593, 24
21594, 32
21595, 16
21596, 23
21597, 16
21598, 7
21599, 8
21600, 31
21601, 56
21602, 23
21603, 15
21604, 24
21605, 31
21606, 15
21607, 40
21608, 31
21609, 49
21610, 56
21611, 24
21612, 39
21613, 31
21614, 23
21615, 16
21616, 16
21617, 15
21618, 15
21619, 23
21621, 40
21622, 46
21624, 24
21625, 65
21626, 16
21627, 32
21628, 39
21629, 31
21630, 16
21631, 8
21632, 32
21633, 16
21634, 15
21635, 47
21636, 31
21637, 7
21638, 39
21639, 15
21640, 24
21641, 16
21642, 40
21643, 24
21644, 39
21645, 47
21646, 41
21647, 40
21648, 23
21649, 24
21650, 31
21651, 24
21652, 31
21653, 8
21654, 7
21655, 31
21656, 8
21657, 7
21658, 24
21659, 7
21660, 47
21661, 7
21663, 23
21664, 8
21665, 46
21666, 7
21667, 16
21668, 7
21670, 16
21671, 23
21672, 32
21673, 8
21674, 16
21675, 8
21676, 8
21677, 15
21678, 24
21679, 23
21680, 32
21681, 16
21682, 8
21683, 23
21685, 32
21686, 40
21687, 48
21688, 16
21689, 23
21690, 8
21691, 39
21692, 24
21693, 47
21695, 80
21696, 32
21697, 72
21698, 15
21699, 24
21701, 32
21702, 15
21703, 15
21704, 24
21706, 23
21707, 65
21709, 16
21710, 32
21711, 49
21712, 15
21713, 31
21714, 39
21715, 23
21716, 15
21717, 24
21718, 23
21719, 24
21720, 40
21721, 16
21722, 31
21723, 24
21724, 15
21725, 24
21726, 32
21727, 16
21728, 23
21729, 31
21730, 63
21731, 32
21732, 40
21733, 39
21734, 16
21735, 48
21737, 23
21738, 39
21739, 7
21740, 23
21741, 7
21742, 16
21743, 7
21744, 23
21745, 23
21746, 31
21748, 24
21749, 8
21750, 24
21751, 31
21752, 8
21753, 16
21755, 8
21756, 24
21757, 24
21758, 15
21759, 16
21760, 16
21761, 8
21762, 16
21763, 16
21764, 16
21765, 23
21766, 23
21767, 15
21768, 31
21770, 24
21771, 32
21772, 40
21773, 32
21774, 8
21775, 23
21776, 32
21777, 23
21778, 48
21779, 15
21780, 40
21781, 55
21782, 47
21783, 49
21784, 33
21786, 7
21787, 32
21788, 24
21789, 8
21790, 7
21791, 32
21792, 24
21793, 38
21795, 32
21796, 15
21797, 63
21798, 33
21799, 49
21800, 15
21801, 16
21802, 8
21803, 23
21804, 32
21805, 15
21806, 40
21807, 23
21808, 23
21809, 23
21810, 22
21811, 32
21812, 16
21813, 24
21814, 31
21815, 49
21816, 39
21817, 33
21818, 64
21819, 7
21820, 49
21821, 8
21822, 16
21823, 40
21824, 15
21825, 16
21826, 15
21827, 16
21828, 7
21829, 16
21830, 31
21831, 32
21833, 8
21834, 16
21835, 7
21836, 47
21837, 7
21838, 15
21839, 7
21841, 24
21842, 16
21843, 31
21844, 8
21845, 15
21847, 32
21849, 23
21850, 23
21851, 24
21852, 15
21853, 24
21854, 15
21855, 8
21856, 24
21857, 40
21858, 56
21860, 23
21861, 41
21862, 16
21863, 32
21864, 39
21865, 16
21866, 63
21867, 39
21868, 64
21869, 7
21870, 31
21872, 32
21873, 15
21874, 15
21875, 15
21876, 7
21877, 32
21878, 41
21879, 14
21880, 25
21881, 24
21882, 57
21883, 15
21884, 23
21885, 47
21886, 23
21887, 7
21888, 32
21889, 8
21890, 15
21891, 48
21892, 40
21893, 15
21894, 24
21895, 24
21896, 24
21897, 24
21898, 33
21899, 24
21900, 56
21901, 24
21902, 23
21903, 47
21904, 48
21905, 16
21906, 31
21907, 24
21908, 15
21909, 31
21910, 24
21911, 8
21912, 7
21913, 24
21915, 23
21916, 32
21917, 23
21919, 25
21920, 8
21921, 39
21922, 15
21923, 8
21924, 16
21926, 8
21927, 23
21928, 15
21929, 23
21930, 24
21932, 15
21933, 16
21934, 8
21935, 32
21936, 15
21937, 32
21938, 15
21939, 16
21940, 7
21941, 7
21942, 48
21943, 39
21944, 22
21945, 32
21946, 7
21947, 40
21948, 24
21949, 40
21950, 24
21951, 40
21952, 39
21953, 55
21954, 40
21955, 31
21956, 7
21957, 15
21958, 33
21959, 16
21960, 7
21961, 16
21962, 16
21963, 24
21964, 46
21966, 31
21967, 47
21968, 24
21969, 32
21970, 49
21971, 23
21972, 16
21973, 16
21974, 16
21975, 15
21976, 23
21977, 47
21978, 40
21979, 8
21980, 23
21981, 32
21982, 16
21983, 7
21984, 48
21985, 40
21986, 39
21987, 31
21988, 49
21989, 40
21990, 16
21991, 24
21992, 31
21993, 24
21994, 31
21995, 16
21996, 25
21997, 8
21998, 8
21999, 24
22000, 8
22001, 32
22002, 7
22003, 23
22004, 16
22005, 7
22006, 24
22007, 40
22009, 7
22010, 14
22012, 15
22013, 40
22015, 31
22016, 8
22017, 7
22018, 7
22019, 15
22020, 15
22021, 39
22022, 16
22023, 15
22024, 23
22025, 16
22027, 31
22028, 48
22029, 40
22030, 8
22031, 23
22032, 16
22033, 39
22034, 40
22035, 32
22036, 33
22037, 48
22038, 39
22039, 73
22041, 31
22042, 7
22043, 16
22044, 32
22045, 7
22046, 24
22048, 33
22049, 24
22050, 30
22051, 24
22052, 24
22053, 48
22054, 32
22055, 32
22056, 31
22057, 15
22058, 14
22059, 15
22060, 23
22061, 31
22062, 40
22063, 48
22065, 32
22066, 16
22067, 15
22068, 23
22069, 33
22070, 31
22071, 32
22072, 47
22073, 39
22074, 40
22075, 31
22076, 15
22077, 48
22079, 39
22080, 24
22081, 16
22082, 24
22084, 24
22086, 23
22087, 32
22088, 23
22090, 24
22091, 8
22092, 32
22093, 23
22094, 8
22095, 16
22098, 32
22099, 32
22100, 16
22101, 8
22102, 24
22104, 15
22105, 16
22106, 24
22107, 24
22108, 23
22109, 8
22110, 23
22111, 7
22112, 24
22113, 32
22114, 47
22115, 23
22116, 24
22117, 16
22118, 23
22119, 32
22120, 40
22121, 23
22122, 48
22123, 57
22124, 31
22125, 47
22126, 32
22128, 24
22129, 24
22130, 15
22131, 16
22133, 15
22134, 56
22135, 23
22137, 24
22138, 40
22139, 47
22140, 24
22141, 40
22142, 31
22143, 15
22144, 16
22145, 16
22146, 15
22147, 49
22148, 41
22149, 24
22151, 38
22152, 24
22153, 15
22154, 15
22155, 40
22156, 48
22157, 32
22158, 32
22159, 39
22160, 39
22161, 24
22162, 40
22163, 16
22164, 24
22165, 31
22166, 16
22167, 16
22168, 15
22169, 16
22170, 7
22171, 16
22172, 24
22173, 31
22174, 7
22175, 16
22176, 16
22178, 47
22179, 7
22180, 7
22181, 15
22183, 7
22184, 46
22186, 23
22187, 16
22188, 16
22189, 16
22191, 23
22192, 33
22193, 23
22194, 15
22195, 15
22196, 15
22197, 8
22198, 15
22199, 55
22200, 39
22201, 8
22202, 32
22203, 33
22204, 15
22205, 40
22206, 30
22207, 32
22208, 56
22209, 32
22210, 65
22211, 16
22212, 23
22213, 15
22214, 16
22215, 15
22216, 24
22217, 16
22219, 49
22220, 40
22222, 8
22223, 64
22224, 23
22225, 15
22226, 32
22227, 55
22228, 15
22229, 7
22230, 23
22231, 23
22232, 32
22233, 40
22234, 40
22236, 32
22237, 16
22238, 23
22239, 15
22240, 41
22241, 32
22242, 47
22243, 24
22244, 23
22245, 64
22246, 23
22247, 24
22248, 40
22250, 40
22251, 23
22252, 15
22253, 15
22254, 7
22255, 23
22256, 7
22257, 24
22258, 24
22259, 23
22261, 24
22263, 64
22265, 8
22266, 15
22268, 8
22269, 32
22270, 15
22271, 24
22272, 16
22274, 15
22275, 15
22277, 31
22278, 24
22279, 40
22280, 8
22281, 23
22283, 16
22284, 39
22285, 56
22286, 15
22287, 16
22288, 24
22289, 40
22290, 24
22291, 32
22292, 23
22293, 47
22294, 39
22295, 47
22296, 46
22297, 24
22298, 16
22299, 16
22300, 24
22301, 8
22302, 7
22303, 23
22304, 16
22305, 65
22306, 7
22308, 32
22309, 47
22310, 23
22311, 39
22312, 32
22313, 31
22314, 16
22315, 16
22316, 23
22317, 32
22318, 32
22319, 16
22320, 39
22321, 8
22322, 30
22323, 16
22324, 24
22325, 40
22326, 15
22327, 57
22328, 39
22329, 24
22330, 57
22331, 33
22332, 7
22333, 31
22334, 23
22335, 8
22336, 55
22337, 8
22339, 31
22340, 16
22341, 7
22342, 23
22343, 16
22344, 39
22346, 16
22347, 7
22348, 33
22349, 32
22351, 23
22353, 8
22354, 16
22355, 23
22356, 23
22357, 8
22358, 7
22359, 23
22360, 16
22362, 31
22363, 24
22364, 32
22365, 8
22366, 24
22367, 7
22368, 8
22369, 23
22370, 46
22371, 39
22372, 24
22374, 31
22375, 31
22376, 32
22377, 38
22378, 24
22379, 40
22380, 64
22381, 56
22382, 24
22383, 15
22384, 16
22385, 8
22386, 31
22387, 15
22388, 7
22389, 16
22390, 16
22391, 54
22392, 7
22393, 32
22394, 8
22395, 63
22396, 8
22397, 55
22398, 31
22399, 15
22400, 24
22401, 7
22402, 40
22403, 7
22404, 31
22405, 47
22406, 16
22407, 24
22408, 23
22409, 25
22410, 16
22411, 40
22412, 8
22413, 55
22414, 47
22415, 16
22416, 63
22417, 24
22418, 25
22419, 24
22420, 15
22421, 31
22422, 15
22423, 23
22424, 24
22426, 15
22427, 15
22428, 23
22429, 32
22430, 15
22432, 24
22434, 48
22435, 15
22436, 8
22437, 15
22439, 8
22440, 23
22441, 39
22442, 8
22443, 7
22444, 7
22445, 15
22446, 16
22447, 8
22448, 31
22449, 23
22450, 23
22451, 23
22452, 16
22454, 15
22455, 39
22456, 47
22457, 15
22458, 31
22459, 8
22460, 38
22461, 32
22462, 39
22463, 24
22464, 49
22465, 47
22466, 39
22467, 48
22469, 23
22470, 16
22471, 23
22472, 15
22473, 24
22474, 8
22475, 16
22476, 39
22477, 31
22478, 8
22479, 24
22480, 31
22481, 45
22482, 31
22483, 40
22484, 22
22485, 7
22486, 31
22487, 16
22488, 24
22489, 15
22490, 64
22491, 16
22492, 8
22493, 40
22494, 8
22495, 15
22496, 57
22497, 8
22498, 24
22499, 73
22500, 16
22501, 63
22502, 32
22503, 8
22504, 32
22505, 22
22506, 40
22507, 15
22508, 15
22509, 23
22510, 7
22511, 7
22512, 15
22513, 23
22514, 24
22515, 23
22516, 7
22517, 16
22518, 15
22519, 8
22520, 46
22522, 15
22523, 7
22524, 16
22525, 8
22526, 23
22527, 24
22528, 16
22529, 8
22530, 16
22531, 16
22533, 24
22534, 32
22535, 23
22536, 15
22537, 32
22539, 16
22540, 24
22541, 48
22542, 31
22543, 16
22544, 16
22545, 24
22546, 31
22547, 31
22548, 38
22549, 50
22550, 39
22551, 48
22552, 48
22553, 15
22554, 23
22555, 16
22556, 16
22557, 15
22558, 15
22559, 15
22560, 7
22561, 31
22562, 56
22564, 32
22565, 16
22566, 63
22567, 16
22568, 49
22569, 32
22570, 8
22571, 16
22572, 7
22573, 39
22574, 41
22575, 24
22576, 32
22577, 16
22578, 32
22579, 16
22580, 24
22581, 16
22582, 40
22583, 16
22584, 56
22585, 24
22586, 23
22587, 63
22588, 32
22589, 7
22590, 47
22591, 25
22592, 7
22593, 39
22595, 31
22596, 16
22598, 24
22599, 16
22600, 48
22603, 24
22604, 24
22605, 32
22606, 7
22607, 16
22608, 7
22610, 16
22611, 24
22612, 24
22613, 7
22614, 24
22615, 8
22616, 16
22618, 23
22619, 15
22620, 40
22621, 23
22622, 8
22623, 15
22624, 7
22625, 32
22626, 49
22627, 40
22628, 8
22629, 16
22630, 24
22631, 39
22632, 32
22633, 33
22634, 15
22635, 48
22636, 55
22637, 40
22638, 39
22639, 32
22641, 23
22642, 15
22643, 23
22644, 8
22645, 15
22646, 24
22647, 24
22648, 38
22649, 16
22650, 24
22651, 23
22652, 55
22653, 41
22654, 32
22655, 23
22656, 7
22658, 31
22659, 15
22660, 38
22661, 40
22662, 30
22663, 8
22664, 47
22666, 15
22667, 40
22668, 31
22669, 32
22670, 55
22671, 23
22672, 49
22673, 39
22674, 7
22675, 39
22676, 15
22677, 33
22678, 23
22679, 15
22680, 23
22681, 7
22682, 16
22683, 15
22684, 15
22685, 24
22686, 23
22687, 7
22688, 16
22689, 7
22690, 41
22691, 24
22693, 24
22696, 32
22697, 23
22698, 15
22699, 8
22700, 15
22701, 16
22703, 15
22704, 23
22705, 32
22706, 16
22707, 23
22708, 24
22709, 8
22710, 8
22711, 48
22712, 32
22713, 39
22715, 31
22716, 16
22717, 39
22718, 57
22719, 7
22720, 49
22721, 65
22722, 25
22723, 57
22724, 16
22725, 24
22727, 15
22728, 30
22729, 15
22730, 16
22732, 40
22733, 40
22734, 7
22735, 32
22736, 16
22737, 46
22738, 48
22739, 16
22740, 47
22741, 8
22742, 7
22743, 24
22744, 32
22745, 41
22746, 15
22747, 40
22748, 7
22749, 40
22750, 16
22751, 25
22752, 16
22753, 49
22754, 16
22755, 48
22756, 40
22757, 24
22758, 55
22759, 23
22760, 16
22761, 39
22762, 24
22763, 15
22764, 23
22765, 15
22766, 24
22767, 16
22768, 8
22769, 16
22770, 24
22771, 23
22772, 15
22773, 8
22774, 15
22775, 25
22776, 23
22777, 15
22778, 7
22779, 15
22781, 16
22782, 24
22783, 23
22784, 7
22785, 15
22786, 16
22787, 7
22788, 15
22789, 24
22790, 16
22791, 15
22792, 38
22793, 16
22794, 16
22796, 32
22797, 40
22798, 39
22799, 24
22800, 24
22801, 16
22802, 23
22803, 48
22804, 8
22805, 47
22806, 41
22807, 56
22808, 41
22809, 39
22810, 24
22812, 24
22813, 23
22814, 16
22815, 16
22816, 8
22817, 32
22818, 40
22819, 15
22820, 8
22821, 31
22822, 40
22823, 39
22824, 40
22825, 32
22826, 24
22827, 8
22828, 24
22829, 16
22830, 32
22831, 32
22832, 24
22833, 31
22834, 25
22835, 23
22836, 7
22837, 23
22838, 48
22839, 16
22840, 49
22841, 49
22842, 24
22843, 33
22844, 40
22845, 15
22846, 39
22847, 15
22848, 39
22849, 23
22850, 7
22851, 24
22852, 7
22853, 24
22854, 8
22855, 16
22856, 15
22857, 39
22860, 31
22861, 23
22862, 31
22864, 23
22867, 24
22868, 39
22869, 8
22870, 8
22871, 16
22872, 15
22873, 16
22874, 8
22875, 32
22876, 24
22877, 24
22878, 16
22879, 24
22881, 25
22882, 33
22883, 49
22884, 15
22885, 32
22886, 8
22887, 41
22888, 16
22889, 31
22890, 31
22891, 24
22892, 55
22893, 55
22894, 56
22895, 16
22896, 16
22897, 16
22898, 24
22899, 16
22900, 16
22901, 16
22902, 16
22903, 24
22904, 39
22905, 7
22906, 32
22907, 57
22908, 15
22909, 15
22910, 56
22911, 31
22912, 8
22913, 15
22914, 24
22915, 15
22916, 31
22917, 40
22918, 40
22919, 16
22920, 16
22921, 23
22922, 23
22923, 24
22924, 33
22925, 24
22926, 55
22927, 24
22928, 32
22929, 48
22930, 31
22931, 24
22932, 30
22933, 16
22934, 23
22935, 23
22936, 7
22937, 23
22938, 15
22939, 15
22940, 15
22941, 24
22942, 32
22943, 7
22944, 8
22945, 16
22946, 24
22947, 32
22948, 7
22949, 7
22950, 15
22952, 16
22953, 24
22954, 23
22955, 15
22956, 16
22957, 8
22958, 7
22959, 15
22960, 16
22961, 31
22962, 24
22963, 23
22964, 16
22965, 16
22967, 32
22968, 32
22969, 56
22970, 7
22971, 24
22972, 16
22973, 39
22974, 41
22975, 16
22976, 31
22977, 56
22978, 40
22979, 39
22980, 40
22981, 23
22982, 15
22983, 8
22984, 32
22985, 7
22986, 23
22987, 7
22988, 24
22989, 56
22990, 7
22991, 16
22992, 32
22993, 48
22994, 24
22995, 24
22996, 64
22998, 16
22999, 15
23000, 32
23001, 24
23002, 25
23003, 48
23004, 15
23005, 33
23006, 16
23007, 7
23008, 23
23009, 40
23010, 23
23011, 50
23012, 49
23013, 33
23014, 32
23015, 39
23016, 16
23017, 40
23018, 7
23019, 40
23020, 33
23021, 8
23022, 24
23024, 16
23025, 16
23026, 16
23027, 15
23028, 39
23030, 25
23031, 8
23032, 8
23033, 45
23034, 8
23035, 7
23036, 7
23037, 8
23038, 24
23039, 15
23040, 23
23041, 16
23042, 8
23043, 7
23044, 23
23046, 31
23047, 23
23048, 24
23049, 23
23050, 7
23051, 15
23052, 16
23053, 32
23054, 64
23055, 15
23056, 8
23057, 16
23058, 48
23059, 15
23060, 39
23061, 23
23062, 32
23063, 71
23064, 31
23065, 56
23066, 24
23067, 16
23068, 8
23069, 33
23070, 7
23071, 15
23072, 15
23073, 8
23074, 40
23075, 31
23076, 7
23077, 32
23078, 57
23079, 24
23080, 24
23081, 24
23082, 31
23083, 22
23084, 24
23085, 8
23086, 23
23087, 31
23088, 23
23089, 55
23090, 8
23091, 33
23092, 8
23093, 39
23094, 16
23095, 32
23096, 32
23097, 41
23098, 40
23099, 16
23100, 63
23101, 22
23102, 15
23103, 39
23104, 24
23105, 23
23106, 15
23107, 24
23108, 15
23109, 16
23110, 7
23111, 24
23112, 16
23113, 32
23114, 7
23116, 24
23117, 8
23118, 46
23119, 7
23120, 24
23124, 39
23125, 32
23126, 8
23127, 16
23128, 8
23129, 24
23131, 24
23132, 31
23133, 24
23134, 16
23135, 16
23136, 15
23138, 40
23139, 39
23140, 40
23141, 8
23142, 7
23143, 23
23144, 47
23145, 32
23146, 40
23147, 8
23148, 79
23149, 49
23150, 16
23151, 38
23152, 31
23154, 23
23155, 33
23156, 7
23157, 8
23158, 15
23159, 31
23160, 33
23161, 22
23162, 16
23163, 32
23164, 66
23165, 8
23166, 32
23167, 39
23168, 15
23169, 15
23170, 7
23171, 47
23172, 15
23173, 39
23174, 32
23175, 15
23176, 16
23177, 31
23178, 7
23179, 31
23180, 32
23181, 24
23182, 32
23183, 63
23184, 16
23185, 63
23186, 31
23187, 7
23188, 31
23189, 23
23190, 31
23191, 16
23192, 15
23193, 23
23194, 16
23195, 7
23196, 7
23197, 23
23198, 31
23199, 23
23201, 15
23202, 8
23203, 40
23204, 23
23206, 23
23208, 8
23209, 15
23210, 31
23211, 15
23212, 16
23213, 7
23214, 16
23215, 16
23216, 16
23217, 16
23218, 24
23219, 23
23220, 24
23221, 16
23222, 7
23223, 15
23224, 32
23225, 65
23226, 15
23227, 8
23228, 15
23229, 48
23230, 8
23231, 64
23232, 7
23233, 57
23234, 23
23235, 55
23236, 39
23237, 39
23238, 7
23239, 15
23240, 33
23241, 15
23242, 8
23243, 7
23244, 16
23245, 41
23246, 39
23248, 23
23249, 57
23250, 32
23251, 24
23252, 49
23253, 24
23254, 16
23255, 16
23256, 24
23257, 16
23258, 23
23259, 49
23260, 32
23261, 16
23262, 24
23263, 23
23264, 8
23265, 23
23266, 40
23267, 31
23268, 50
23269, 32
23270, 24
23271, 46
23272, 31
23273, 24
23274, 31
23275, 24
23276, 30
23277, 16
23278, 8
23279, 22
23280, 8
23281, 15
23282, 7
23283, 23
23284, 31
23285, 15
23287, 23
23288, 24
23289, 31
23290, 7
23291, 16
23292, 7
23294, 16
23295, 23
23296, 31
23298, 24
23299, 8
23300, 7
23301, 15
23302, 23
23303, 24
23304, 32
23305, 16
23306, 16
23307, 15
23308, 8
23309, 24
23310, 64
23311, 24
23312, 8
23313, 24
23314, 32
23315, 24
23316, 31
23317, 39
23318, 24
23319, 48
23320, 49
23321, 40
23322, 31
23323, 31
23324, 7
23325, 16
23326, 23
23327, 15
23328, 15
23329, 8
23330, 23
23331, 63
23333, 24
23334, 42
23335, 24
23336, 40
23337, 32
23338, 24
23339, 22
23340, 16
23341, 23
23342, 23
23343, 7
23344, 48
23345, 32
23346, 23
23347, 41
23348, 8
23349, 15
23350, 24
23351, 32
23352, 24
23353, 49
23354, 56
23355, 16
23356, 47
23357, 39
23358, 16
23359, 40
23360, 8
23361, 40
23362, 7
23363, 15
23364, 31
23365, 8
23366, 16
23367, 8
23368, 23
23369, 16
23370, 31
23371, 8
23372, 16
23373, 16
23374, 24
23375, 24
23376, 8
23377, 15
23380, 32
23381, 15
23382, 23
23383, 16
23384, 7
23385, 15
23386, 16
23387, 25
23388, 16
23389, 16
23390, 31
23391, 15
23392, 7
23393, 15
23394, 16
23395, 32
23396, 47
23397, 22
23398, 15
23399, 23
23400, 47
23401, 16
23402, 40
23403, 15
23404, 48
23405, 55
23406, 39
23407, 46
23408, 7
23409, 31
23410, 16
23411, 24
23412, 7
23413, 24
23414, 8
23415, 16
23416, 49
23417, 23
23419, 31
23420, 56
23421, 24
23422, 23
23423, 39
23424, 31
23425, 8
23426, 24
23427, 16
23428, 32
23429, 24
23430, 48
23431, 24
23432, 16
23433, 15
23434, 23
23435, 15
23436, 32
23437, 31
23438, 32
23439, 55
23440, 24
23441, 41
23442, 31
23443, 31
23444, 33
23445, 23
23446, 8
23447, 30
23448, 30
23449, 24
23450, 7
23451, 16
23452, 8
23453, 7
23454, 31
23455, 32
23456, 7
23457, 8
23458, 15
23459, 8
23460, 55
23462, 24
23465, 16
23466, 30
23467, 23
23468, 8
23469, 7
23470, 23
23472, 15
23473, 24
23474, 23
23475, 16
23476, 32
23477, 23
23478, 8
23480, 32
23481, 49
23482, 39
23483, 16
23484, 24
23485, 33
23486, 15
23487, 31
23488, 39
23489, 24
23490, 73
23491, 32
23492, 48
23493, 15
23494, 31
23496, 40
23497, 16
23499, 15
23500, 15
23501, 24
23502, 56
23503, 7
23504, 8
23505, 48
23506, 38
23507, 15
23508, 48
23509, 48
23510, 16
23511, 8
23512, 24
23513, 24
23514, 32
23515, 16
23516, 40
23517, 15
23518, 24
23519, 23
23520, 24
23521, 16
23522, 33
23523, 32
23524, 56
23525, 32
23526, 16
23527, 55
23528, 39
23529, 16
23530, 40
23532, 31
23533, 32
23534, 16
23535, 24
23537, 15
23538, 24
23539, 7
23540, 40
23541, 15
23543, 23
23544, 8
23545, 41
23546, 15
23547, 16
23548, 8
23550, 8
23551, 23
23552, 40
23554, 24
23556, 16
23557, 8
23558, 15
23559, 40
23560, 16
23561, 24
23562, 7
23563, 24
23564, 7
23565, 24
23566, 23
23567, 48
23568, 31
23569, 24
23570, 16
23571, 32
23572, 7
23573, 64
23574, 7
23575, 48
23576, 64
23577, 40
23578, 40
23579, 23
23580, 7
23581, 16
23582, 15
23583, 23
23584, 16
23585, 15
23586, 8
23587, 47
23588, 31
23590, 32
23591, 65
23592, 8
23593, 39
23594, 41
23595, 23
23596, 16
23597, 15
23598, 16
23599, 15
23600, 48
23601, 23
23602, 39
23603, 16
23604, 23
23605, 15
23606, 16
23607, 32
23608, 22
23609, 31
23610, 62
23611, 23
23612, 41
23613, 55
23614, 8
23615, 32
23616, 22
23617, 16
23618, 39
23619, 15
23620, 16
23621, 16
23622, 16
23623, 7
23624, 24
23625, 24
23626, 16
23627, 14
23628, 8
23629, 15
23630, 24
23631, 31
23632, 7
23633, 24
23636, 24
23637, 24
23638, 24
23639, 8
23640, 15
23641, 16
23642, 8
23643, 16
23644, 32
23645, 16
23646, 16
23647, 23
23648, 16
23649, 16
23651, 23
23652, 55
23653, 40
23654, 16
23655, 8
23656, 40
23657, 23
23658, 49
23659, 24
23660, 16
23661, 64
23662, 57
23663, 40
23664, 23
23665, 23
23666, 8
23667, 23
23668, 23
23669, 8
23670, 24
23672, 31
23673, 55
23675, 16
23676, 32
23677, 48
23678, 32
23679, 33
23680, 49
23682, 15
23683, 40
23684, 7
23685, 24
23686, 32
23687, 40
23688, 23
23689, 24
23690, 24
23691, 24
23692, 16
23693, 32
23694, 32
23695, 40
23696, 49
23697, 33
23698, 48
23699, 15
23700, 32
23701, 32
23702, 16
23703, 23
23704, 24
23705, 24
23706, 16
23708, 23
23709, 8
23710, 23
23711, 24
23712, 23
23714, 24
23716, 30
23717, 30
23718, 8
23719, 15
23721, 8
23722, 31
23723, 23
23724, 16
23725, 8
23726, 16
23727, 8
23728, 16
23729, 16
23730, 24
23731, 16
23732, 39
23733, 16
23734, 15
23736, 33
23737, 33
23738, 56
23740, 15
23741, 31
23742, 24
23743, 32
23744, 40
23745, 23
23746, 41
23747, 46
23748, 55
23749, 40
23750, 32
23752, 7
23753, 31
23754, 15
23755, 15
23756, 16
23757, 32
23758, 32
23759, 24
23761, 32
23762, 65
23763, 16
23764, 24
23765, 73
23767, 15
23768, 7
23769, 32
23770, 15
23771, 49
23772, 15
23773, 39
23774, 24
23775, 15
23776, 24
23777, 24
23778, 8
23779, 47
23780, 33
23781, 48
23782, 23
23783, 41
23784, 47
23785, 24
23786, 23
23787, 22
23788, 32
23789, 15
23790, 23
23791, 24
23792, 7
23793, 16
23794, 7
23795, 24
23796, 16
23797, 31
23798, 7
23799, 8
23800, 23
23801, 24
23802, 31
23804, 24
23807, 16
23808, 31
23809, 23
23810, 16
23811, 8
23812, 16
23814, 15
23815, 23
23816, 23
23817, 24
23818, 32
23819, 16
23820, 7
23822, 38
23823, 48
23824, 31
23825, 8
23826, 31
23827, 24
23828, 23
23829, 48
23830, 23
23831, 41
23832, 49
23833, 41
23834, 64
23836, 31
23837, 7
23838, 23
23839, 15
23840, 16
23841, 15
23842, 16
23843, 32
23844, 47
23846, 16
23847, 40
23848, 47
23849, 24
23850, 40
23851, 40
23852, 8
23853, 16
23854, 15
23855, 23
23856, 24
23857, 31
23858, 56
23860, 32
23861, 24
23862, 16
23863, 23
23864, 32
23865, 15
23866, 31
23867, 38
23868, 47
23869, 56
23870, 31
23871, 24
23872, 31
23873, 8
23874, 40
23875, 7
23876, 15
23877, 24
23878, 24
23879, 8
23880, 8
23881, 23
23882, 32
23883, 15
23885, 15
23886, 32
23887, 24
23888, 15
23889, 8
23890, 14
23892, 16
23893, 23
23894, 23
23895, 16
23896, 8
23897, 15
23898, 7
23899, 15
23900, 16
23901, 23
23902, 24
23903, 24
23904, 23
23905, 7
23906, 16
23907, 8
23908, 56
23909, 31
23910, 23
23911, 24
23912, 16
23913, 23
23914, 32
23915, 39
23916, 15
23917, 64
23918, 47
23919, 31
23920, 46
23921, 24
23922, 7
23923, 16
23924, 23
23925, 23
23926, 8
23927, 15
23928, 24
23929, 33
23930, 31
23931, 8
23932, 23
23933, 47
23934, 31
23935, 40
23936, 32
23937, 22
23938, 8
23939, 15
23940, 23
23941, 23
23942, 24
23943, 64
23944, 16
23945, 24
23946, 24
23947, 7
23948, 32
23949, 16
23950, 39
23951, 40
23952, 39
23953, 23
23954, 39
23955, 47
23956, 15
23957, 32
23958, 23
23959, 16
23960, 38
23961, 16
23962, 24
23963, 7
23964, 8
23965, 15
23966, 23
23967, 33
23969, 22
23970, 16
23971, 8
23972, 31
23973, 31
23975, 24
23978, 32
23979, 15
23980, 15
23981, 23
23982, 7
23983, 7
23984, 23
23985, 16
23986, 16
23987, 23
23988, 8
23989, 30
23990, 16
23991, 15
23992, 16
23993, 40
23994, 24
23995, 47
23996, 16
23997, 7
23998, 24
23999, 30
24000, 39
24001, 30
24002, 41
24003, 39
24004, 48
24005, 47
24006, 15
24007, 31
24008, 8
24009, 15
24010, 31
24011, 16
24012, 7
24013, 16
24014, 41
24015, 39
24017, 32
24018, 8
24019, 46
24020, 38
24021, 32
24022, 39
24023, 24
24024, 8
24025, 16
24026, 23
24027, 49
24028, 16
24029, 32
24030, 15
24031, 40
24032, 16
24033, 24
24034, 7
24035, 32
24036, 39
24037, 66
24038, 16
24039, 56
24040, 32
24041, 23
24042, 24
24043, 24
24044, 32
24045, 31
24047, 23
24048, 24
24049, 8
24050, 16
24051, 24
24053, 31
24054, 23
24056, 23
24057, 8
24058, 47
24059, 7
24060, 7
24061, 15
24064, 48
24065, 8
24066, 15
24067, 15
24068, 8
24069, 15
24070, 15
24071, 24
24072, 7
24073, 40
24074, 23
24075, 8
24076, 15
24077, 7
24078, 48
24079, 8
24080, 47
24081, 32
24083, 40
24084, 24
24085, 24
24086, 39
24087, 32
24088, 48
24089, 47
24090, 48
24091, 31
24092, 32
24093, 7
24094, 7
24095, 31
24096, 16
24097, 16
24098, 7
24099, 16
24100, 47
24101, 23
24102, 8
24103, 23
24104, 55
24105, 32
24106, 49
24107, 32
24108, 15
24109, 7
24110, 24
24111, 23
24112, 8
24113, 48
24114, 41
24115, 16
24116, 25
24117, 15
24118, 15
24119, 24
24120, 24
24121, 39
24122, 24
24123, 39
24124, 46
24125, 41
24126, 47
24127, 7
24128, 15
24129, 37
24130, 33
24131, 31
24132, 7
24133, 16
24134, 15
24135, 16
24136, 8
24137, 23
24138, 7
24139, 46
24142, 31
24143, 32
24144, 23
24146, 24
24148, 8
24149, 33
24151, 31
24152, 7
24153, 7
24154, 23
24155, 16
24156, 8
24157, 15
24158, 31
24159, 25
24160, 15
24161, 16
24162, 15
24163, 7
24164, 32
24165, 56
24166, 31
24167, 8
24168, 23
24169, 41
24170, 16
24171, 32
24172, 40
24173, 24
24174, 64
24175, 40
24176, 49
24177, 15
24178, 23
24179, 16
24180, 16
24181, 23
24182, 16
24183, 7
24184, 23
24185, 23
24186, 48
24188, 16
24189, 48
24190, 47
24191, 24
24192, 32
24193, 40
24195, 23
24196, 32
24197, 8
24198, 32
24199, 23
24200, 56
24202, 15
24203, 38
24204, 16
24205, 23
24206, 40
24207, 24
24208, 56
24209, 24
24210, 40
24211, 56
24212, 8
24213, 15
24214, 46
24215, 8
24216, 46
24218, 15
24219, 31
24220, 8
24221, 16
24222, 16
24223, 16
24224, 49
24226, 8
24227, 16
24228, 24
24229, 24
24230, 15
24231, 16
24232, 7
24234, 16
24235, 32
24236, 16
24237, 7
24238, 24
24240, 15
24241, 16
24242, 24
24243, 32
24244, 16
24245, 15
24246, 24
24247, 16
24249, 24
24250, 39
24251, 55
24252, 8
24253, 33
24254, 16
24255, 32
24256, 24
24257, 23
24258, 30
24259, 47
24260, 55
24261, 73
24262, 8
24263, 32
24264, 8
24265, 8
24266, 23
24267, 23
24268, 16
24269, 8
24270, 33
24271, 49
24272, 7
24273, 8
24274, 32
24275, 39
24276, 31
24277, 40
24278, 48
24279, 16
24280, 8
24281, 23
24282, 24
24283, 16
24284, 31
24285, 57
24286, 8
24287, 24
24288, 15
24289, 32
24290, 16
24291, 32
24292, 32
24293, 33
24294, 47
24295, 40
24296, 32
24297, 31
24298, 15
24299, 56
24301, 24
24302, 31
24303, 15
24304, 24
24305, 7
24306, 16
24307, 16
24308, 16
24309, 16
24310, 39
24312, 16
24313, 7
24314, 24
24315, 39
24317, 23
24319, 16
24320, 8
24321, 40
24322, 8
24323, 16
24324, 16
24325, 7
24326, 15
24327, 8
24328, 24
24329, 24
24330, 24
24331, 23
24332, 16
24333, 7
24334, 16
24335, 31
24336, 40
24337, 39
24339, 22
24340, 47
24341, 24
24342, 24
24343, 31
24344, 49
24345, 49
24346, 31
24347, 56
24348, 32
24349, 7
24350, 16
24351, 24
24352, 15
24353, 8
24354, 24
24355, 7
24356, 57
24357, 24
24359, 32
24360, 49
24361, 24
24362, 32
24363, 32
24364, 39
24365, 8
24366, 7
24367, 32
24368, 23
24369, 23
24370, 32
24371, 47
24373, 23
24374, 31
24375, 24
24376, 16
24377, 32
24378, 40
24379, 33
24380, 39
24381, 23
24382, 64
24383, 15
24384, 32
24385, 31
24386, 24
24387, 31
24388, 8
24389, 24
24390, 7
24391, 15
24392, 15
24393, 16
24394, 24
24395, 24
24396, 15
24398, 23
24399, 24
24400, 31
24401, 7
24402, 7
24403, 14
24405, 15
24406, 24
24407, 24
24408, 15
24409, 16
24410, 15
24411, 16
24413, 15
24414, 31
24415, 16
24416, 31
24418, 32
24420, 23
24421, 39
24422, 56
24423, 16
24424, 15
24425, 7
24426, 39
24427, 49
24428, 24
24429, 15
24430, 72
24431, 32
24432, 40
24433, 37
24434, 31
24436, 15
24437, 24
24438, 15
24439, 15
24440, 16
24441, 24
24442, 47
24443, 15
24444, 16
24445, 32
24446, 47
24447, 23
24448, 48
24449, 32
24450, 7
24451, 15
24452, 8
24453, 40
24454, 25
24455, 23
24456, 48
24457, 15
24458, 23
24459, 23
24460, 7
24461, 32
24462, 32
24463, 24
24464, 49
24465, 49
24466, 16
24467, 55
24468, 40
24469, 8
24470, 32
24471, 15
24472, 24
24473, 31
24474, 15
24475, 31
24477, 24
24479, 23
24480, 15
24481, 39
24483, 16
24484, 16
24485, 15
24486, 38
24487, 8
24488, 15
24490, 8
24491, 24
24492, 32
24493, 7
24494, 7
24495, 15
24496, 15
24497, 16
24499, 39
24500, 16
24501, 32
24502, 16
24503, 24
24505, 7
24506, 32
24507, 56
24508, 23
24509, 32
24510, 8
24511, 32
24512, 15
24513, 64
24514, 7
24515, 48
24516, 31
24517, 55
24518, 56
24519, 16
24520, 15
24521, 15
24522, 24
24523, 23
24524, 8
24525, 16
24526, 16
24527, 23
24528, 47
24530, 23
24531, 23
24532, 46
24533, 31
24534, 39
24535, 39
24536, 16
24537, 16
24538, 24
24539, 7
24540, 31
24541, 57
24542, 24
24543, 16
24544, 24
24545, 16
24546, 15
24547, 23
24548, 32
24549, 23
24550, 73
24551, 23
24552, 32
24553, 47
24554, 23
24555, 49
24556, 8
24557, 8
24558, 48
24559, 7
24560, 7
24561, 31
24562, 8
24563, 15
24564, 7
24565, 31
24566, 40
24569, 23
24570, 24
24571, 32
24572, 7
24573, 25
24576, 8
24577, 31
24578, 32
24579, 8
24580, 16
24581, 8
24582, 7
24583, 16
24584, 16
24585, 31
24586, 24
24587, 24
24588, 8
24589, 23
24590, 8
24591, 32
24592, 23
24593, 56
24594, 16
24595, 8
24596, 40
24597, 23
24598, 40
24599, 23
24600, 23
24601, 72
24602, 40
24603, 32
24604, 31
24605, 32
24606, 8
24607, 16
24608, 16
24609, 15
24610, 23
24611, 7
24612, 24
24613, 48
24614, 15
24615, 16
24616, 32
24617, 41
24618, 40
24619, 33
24620, 48
24622, 15
24623, 16
24624, 32
24625, 24
24626, 33
24627, 33
24628, 22
24629, 24
24630, 24
24631, 24
24632, 23
24633, 25
24634, 23
24635, 48
24636, 56
24637, 25
24638, 40
24639, 40
24640, 8
24641, 40
24642, 7
24643, 32
24644, 40
24645, 16
24646, 16
24648, 24
24649, 16
24650, 7
24651, 41
24652, 15
24654, 16
24655, 7
24656, 47
24657, 15
24659, 15
24660, 7
24661, 8
24662, 16
24663, 23
24664, 23
24665, 7
24666, 16
24667, 15
24668, 15
24669, 8
24670, 32
24671, 23
24672, 24
24673, 16
24674, 15
24675, 7
24676, 25
24677, 24
24678, 64
24679, 15
24680, 7
24681, 16
24682, 47
24683, 41
24684, 40
24685, 8
24686, 32
24687, 65
24688, 24
24689, 64
24690, 15
24691, 15
24692, 7
24693, 31
24694, 15
24695, 7
24696, 15
24697, 32
24698, 41
24699, 15
24700, 7
24701, 31
24702, 15
24703, 53
24704, 32
24705, 40
24706, 30
24707, 16
24709, 23
24710, 23
24711, 48
24712, 32
24713, 15
24714, 15
24715, 31
24716, 24
24717, 31
24718, 8
24719, 31
24720, 32
24721, 56
24722, 31
24723, 57
24724, 24
24725, 31
24726, 33
24727, 15
24728, 16
24729, 39
24730, 7
24731, 23
24732, 15
24733, 7
24734, 15
24735, 16
24736, 24
24737, 24
24738, 15
24739, 8
24740, 15
24741, 24
24742, 40
24744, 7
24745, 15
24747, 25
24748, 15
24749, 23
24750, 15
24751, 15
24752, 16
24754, 15
24755, 23
24756, 24
24757, 23
24758, 24
24760, 31
24762, 32
24763, 32
24764, 56
24765, 7
24766, 23
24767, 15
24768, 40
24769, 32
24770, 39
24771, 24
24772, 40
24773, 63
24774, 32
24775, 31
24776, 30
24777, 8
24778, 16
24779, 23
24780, 15
24781, 16
24782, 7
24783, 33
24784, 49
24785, 7
24786, 16
24787, 32
24788, 40
24789, 31
24790, 41
24791, 23
24792, 31
24793, 7
24794, 23
24795, 24
24796, 16
24797, 40
24798, 39
24799, 15
24800, 24
24801, 23
24802, 16
24803, 24
24804, 40
24805, 24
24806, 32
24807, 63
24808, 16
24809, 48
24810, 40
24811, 7
24812, 39
24813, 15
24814, 40
24815, 7
24816, 15
24817, 24
24818, 7
24819, 24
24820, 16
24821, 16
24822, 16
24823, 23
24824, 7
24825, 24
24826, 8
24827, 41
24828, 15
24829, 8
24830, 8
24831, 7
24832, 8
24833, 23
24834, 40
24836, 16
24837, 16
24838, 7
24839, 16
24840, 8
24841, 24
24842, 23
24843, 41
24844, 16
24845, 16
24847, 16
24848, 40
24849, 40
24850, 23
24851, 23
24852, 15
24853, 32
24854, 24
24855, 48
24856, 31
24857, 33
24858, 56
24859, 23
24860, 64
24861, 33
24862, 8
24863, 16
24864, 8
24865, 22
24866, 16
24867, 16
24868, 16
24869, 41
24870, 30
24871, 8
24872, 24
24873, 31
24874, 31
24875, 39
24876, 31
24877, 39
24878, 8
24879, 15
24880, 32
24881, 7
24882, 48
24883, 32
24884, 31
24886, 40
24887, 16
24888, 23
24889, 24
24890, 40
24891, 24
24892, 49
24893, 31
24894, 57
24895, 32
24896, 15
24897, 41
24898, 14
24899, 23
24900, 15
24901, 23
24902, 15
24903, 23
24904, 8
24905, 15
24906, 7
24907, 23
24908, 39
24909, 7
24910, 8
24911, 15
24912, 32
24913, 31
24915, 15
24916, 7
24918, 16
24919, 24
24920, 31
24921, 16
24922, 8
24923, 8
24924, 7
24925, 15
24926, 24
24927, 24
24928, 24
24929, 22
24930, 16
24931, 15
24932, 8
24933, 32
24934, 31
24935, 46
24936, 8
24937, 32
24938, 25
24939, 23
24940, 24
24941, 46
24942, 33
24943, 39
24944, 48
24945, 48
24946, 24
24947, 23
24948, 15
24949, 16
24950, 23
24951, 7
24952, 23
24953, 7
24954, 40
24955, 40
24956, 7
24957, 8
24958, 48
24959, 40
24960, 23
24961, 15
24962, 64
24963, 16
24964, 16
24965, 32
24966, 7
24967, 32
24968, 24
24969, 30
24970, 23
24971, 24
24972, 23
24973, 16
24974, 24
24975, 40
24976, 33
24977, 40
24978, 31
24979, 41
24980, 56
24981, 23
24982, 8
24983, 39
24984, 7
24985, 32
24986, 32
24987, 8
24988, 23
24989, 15
24990, 7
24991, 15
24992, 24
24993, 31
24994, 15
24996, 16
24997, 16
24998, 48
24999, 7
25001, 23
25003, 8
25004, 32
25005, 16
25006, 24
25008, 32
25010, 15
25011, 8
25012, 39
25013, 8
25014, 40
25015, 8
25016, 15
25017, 7
25018, 24
25019, 24
25020, 65
25021, 7
25022, 32
25023, 7
25024, 39
25025, 16
25026, 55
25027, 15
25028, 32
25029, 55
25030, 39
25031, 55
25032, 24
25033, 8
25034, 24
25035, 8
25036, 23
25037, 7
25038, 23
25039, 24
25040, 49
25041, 15
25043, 32
25044, 55
25045, 24
25046, 15
25047, 38
25048, 38
25049, 15
25050, 16
25051, 32
25052, 7
25053, 32
25054, 39
25055, 31
25057, 39
25058, 15
25059, 32
25060, 24
25061, 24
25062, 49
25063, 41
25064, 23
25065, 47
25066, 32
25067, 23
25068, 40
25069, 15
25070, 25
25071, 31
25072, 15
25073, 24
25074, 8
25075, 8
25076, 15
25077, 23
25078, 16
25079, 31
25080, 7
25081, 16
25082, 7
25083, 24
25084, 23
25085, 15
25086, 15
25087, 7
25089, 23
25090, 15
25091, 31
25092, 16
25093, 8
25094, 16
25095, 16
25096, 8
25097, 15
25098, 24
25099, 31
25100, 7
25101, 23
25102, 15
25103, 8
25104, 24
25105, 56
25106, 31
25107, 15
25108, 24
25109, 40
25111, 40
25112, 39
25113, 24
25114, 55
25115, 40
25116, 57
25117, 32
25118, 16
25119, 16
25120, 16
25121, 15
25122, 15
25123, 16
25124, 16
25125, 32
25126, 40
25127, 7
25128, 32
25129, 16
25130, 48
25131, 24
25132, 32
25133, 38
25134, 14
25135, 23
25136, 15
25137, 24
25138, 22
25139, 32
25140, 39
25141, 15
25142, 24
25143, 31
25144, 16
25145, 15
25146, 40
25147, 32
25148, 41
25149, 40
25150, 40
25151, 40
25152, 24
25153, 24
25154, 40
25155, 16
25156, 32
25157, 15
25158, 24
25159, 16
25160, 8
25161, 8
25162, 15
25163, 32
25164, 25
25165, 15
25166, 8
25167, 8
25168, 15
25169, 39
25170, 15
25171, 16
25172, 8
25174, 16
25175, 15
25176, 31
25177, 8
25178, 15
25179, 16
25180, 7
25181, 15
25182, 16
25183, 15
25184, 32
25185, 24
25186, 24
25187, 8
25188, 15
25189, 24
25190, 32
25191, 32
25192, 31
25193, 24
25194, 16
25195, 39
25196, 16
25197, 47
25198, 7
25199, 55
25200, 39
25201, 55
25202, 49
25203, 15
25204, 7
25205, 15
25206, 32
25207, 16
25208, 16
25209, 7
25210, 25
25211, 39
25212, 23
25214, 30
25215, 58
25216, 16
25217, 31
25218, 65
25219, 7
25220, 16
25221, 15
25222, 16
25223, 23
25224, 24
25225, 39
25226, 38
25227, 25
25228, 7
25229, 23
25230, 15
25231, 32
25232, 40
25233, 40
25234, 41
25235, 31
25236, 31
25237, 48
25238, 15
25239, 32
25240, 23
25241, 32
25242, 24
25243, 15
25244, 25
25245, 8
25246, 16
25247, 8
25248, 32
25249, 16
25250, 23
25251, 7
25252, 16
25253, 8
25254, 7
25255, 54
25257, 24
25260, 15
25261, 23
25262, 32
25263, 16
25264, 8
25265, 7
25266, 7
25267, 24
25268, 15
25269, 24
25270, 15
25271, 39
25272, 16
25273, 7
25274, 8
25275, 23
25276, 81
25277, 16
25279, 23
25280, 24
25281, 22
25282, 48
25283, 31
25284, 41
25285, 55
25286, 40
25287, 48
25288, 15
25289, 23
25290, 16
25291, 16
25292, 23
25293, 8
25294, 15
25295, 16
25296, 32
25297, 32
25298, 15
25299, 32
25300, 32
25301, 38
25302, 24
25303, 32
25304, 32
25305, 23
25306, 7
25307, 32
25308, 8
25309, 31
25310, 32
25311, 48
25312, 16
25313, 24
25314, 23
25315, 8
25316, 40
25317, 24
25318, 24
25319, 56
25320, 31
25321, 31
25322, 31
25323, 38
25324, 24
25325, 40
25326, 25
25327, 15
25328, 23
25329, 16
25330, 15
25331, 16
25332, 16
25333, 16
25334, 7
25335, 23
25336, 31
25338, 24
25339, 25
25340, 32
25341, 7
25342, 16
25343, 7
25346, 48
25347, 8
25348, 15
25349, 24
25350, 8
25351, 7
25352, 16
25353, 16
25354, 24
25355, 24
25356, 31
25357, 16
25358, 8
25359, 7
25360, 24
25361, 48
25362, 40
25363, 15
25364, 24
25365, 24
25366, 24
25367, 40
25368, 24
25369, 15
25370, 31
25371, 79
25372, 31
25373, 47
25374, 22
25375, 7
25376, 15
25377, 32
25378, 16
25379, 8
25380, 15
25381, 32
25382, 40
25383, 15
25385, 23
25386, 54
25387, 32
25388, 40
25389, 48
25390, 8
25391, 7
25392, 32
25393, 24
25394, 16
25395, 41
25396, 33
25397, 23
25398, 24
25399, 16
25400, 32
25401, 16
25402, 25
25403, 23
25404, 24
25405, 63
25406, 31
25407, 41
25408, 39
25409, 15
25410, 40
25411, 15
25412, 33
25413, 24
25414, 15
25415, 16
25416, 15
25417, 16
25418, 16
25419, 16
25420, 24
25421, 32
25423, 25
25425, 32
25426, 31
25427, 8
25428, 7
25429, 7
25431, 23
25432, 31
25433, 16
25434, 16
25435, 8
25436, 16
25437, 16
25438, 8
25439, 15
25440, 24
25441, 31
25442, 7
25443, 31
25444, 7
25445, 16
25446, 32
25447, 41
25448, 31
25449, 7
25450, 23
25451, 15
25452, 56
25453, 7
25454, 46
25455, 32
25456, 56
25457, 47
25458, 56
25459, 16
25460, 16
25461, 16
25462, 33
25463, 16
25465, 23
25467, 48
25468, 41
25470, 24
25471, 23
25472, 56
25473, 23
25474, 48
25475, 32
25476, 8
25477, 7
25478, 23
25479, 32
25480, 24
25481, 39
25482, 32
25483, 7
25484, 32
25485, 24
25486, 7
25487, 31
25488, 23
25489, 31
25490, 39
25491, 55
25492, 25
25493, 56
25494, 24
25495, 33
25496, 24
25497, 25
25498, 32
25499, 7
25500, 15
25501, 24
25502, 16
25504, 23
25505, 15
25506, 23
25507, 23
25508, 8
25509, 16
25510, 24
25511, 32
25512, 7
25514, 23
25516, 16
25517, 23
25518, 32
25520, 15
25521, 7
25522, 15
25523, 16
25524, 7
25525, 39
25526, 8
25527, 39
25528, 16
25529, 16
25531, 24
25532, 40
25533, 54
25534, 7
25535, 16
25536, 23
25537, 40
25538, 8
25539, 47
25540, 15
25541, 54
25542, 47
25543, 47
25544, 39
25545, 31
25546, 8
25547, 8
25548, 32
25549, 16
25550, 16
25551, 8
25552, 33
25553, 24
25554, 30
25555, 25
25556, 16
25557, 48
25558, 32
25559, 32
25560, 40
25561, 15
25562, 15
25563, 15
25564, 23
25565, 31
25566, 33
25567, 40
25568, 15
25569, 16
25570, 23
25571, 15
25572, 32
25573, 33
25574, 23
25575, 56
25576, 41
25577, 24
25578, 32
25579, 39
25580, 24
25581, 40
25582, 7
25583, 39
25584, 15
25585, 16
25586, 24
25587, 7
25588, 16
25589, 16
25590, 16
25591, 23
25592, 23
25593, 7
25594, 8
25595, 15
25596, 41
25597, 24
25599, 15
25600, 7
25602, 23
25603, 31
25604, 16
25605, 16
25607, 15
25608, 15
25609, 15
25610, 32
25611, 16
25612, 15
25613, 31
25614, 8
25615, 15
25616, 8
25617, 40
25618, 49
25619, 31
25620, 8
25621, 25
25622, 16
25623, 31
25624, 56
25625, 15
25626, 49
25627, 48
25628, 48
25629, 23
25630, 39
25631, 15
25632, 24
25633, 8
25634, 31
25636, 23
25637, 8
25638, 32
25639, 48
25641, 15
25642, 48
25643, 48
25644, 16
25645, 32
25646, 37
25647, 7
25648, 15
25649, 23
25650, 31
25651, 32
25652, 40
25653, 31
25654, 8
25655, 33
25656, 15
25657, 16
25658, 15
25659, 48
25660, 15
25661, 32
25662, 62
25663, 33
25664, 48
25665, 23
25666, 40
25667, 15
25668, 16
25669, 31
25670, 15
25671, 16
25672, 23
25674, 24
25675, 16
25676, 7
25677, 48
25678, 7
25680, 23
25681, 24
25682, 32
25683, 7
25684, 8
25685, 15
25687, 24
25688, 24
25689, 7
25690, 15
25691, 23
25692, 16
25694, 15
25695, 16
25696, 24
25697, 23
25698, 32
25699, 7
25700, 24
25702, 32
25703, 39
25704, 39
25706, 31
25707, 24
25708, 32
25709, 32
25710, 32
25711, 23
25712, 55
25713, 47
25714, 46
25715, 24
25716, 23
25717, 15
25718, 7
25719, 31
25720, 15
25721, 16
25722, 7
25723, 32
25724, 16
25725, 37
25726, 8
25727, 23
25728, 55
25729, 22
25730, 40
25731, 31
25732, 22
25733, 16
25734, 24
25735, 16
25736, 33
25737, 7
25738, 55
25739, 23
25740, 24
25741, 32
25743, 32
25744, 24
25745, 31
25746, 24
25747, 72
25748, 16
25749, 56
25750, 41
25751, 16
25752, 32
25753, 7
25754, 32
25755, 32
25756, 8
25757, 33
25759, 23
25761, 32
25762, 24
25763, 23
25765, 16
25766, 15
25767, 16
25768, 39
25770, 24
25773, 40
25774, 24
25775, 7
25776, 16
25777, 8
25778, 16
25779, 16
25780, 25
25781, 8
25782, 23
25783, 23
25784, 23
25785, 16
25786, 7
25787, 25
25788, 33
25789, 57
25790, 7
25791, 15
25792, 16
25793, 39
25794, 24
25795, 48
25796, 15
25797, 41
25798, 31
25799, 55
25800, 23
25801, 53
25802, 15
25803, 16
25804, 16
25805, 23
25806, 7
25807, 24
25808, 8
25809, 57
25810, 23
25812, 24
25813, 48
25814, 30
25815, 24
25816, 48
25817, 32
25818, 8
25819, 7
25820, 31
25821, 24
25822, 16
25823, 39
25824, 48
25826, 48
25827, 8
25828, 24
25829, 16
25830, 40
25831, 32
25832, 40
25833, 40
25834, 24
25835, 47
25836, 31
25837, 16
25838, 38
25839, 16
25840, 32
25841, 23
25842, 16
25843, 15
25844, 16
25845, 8
25846, 16
25847, 16
25848, 32
25849, 15
25850, 8
25851, 15
25852, 8
25853, 39
25854, 15
25855, 8
25856, 15
25858, 24
25859, 16
25860, 23
25861, 16
25862, 16
25863, 16
25864, 16
25866, 15
25867, 40
25868, 8
25869, 23
25870, 23
25871, 16
25873, 32
25874, 40
25875, 38
25876, 15
25877, 24
25878, 24
25879, 16
25880, 47
25881, 40
25882, 24
25883, 49
25884, 40
25885, 40
25886, 47
25887, 23
25888, 7
25889, 16
25890, 33
25891, 8
25892, 16
25893, 7
25894, 32
25895, 41
25896, 15
25897, 16
25898, 23
25899, 56
25900, 31
25901, 32
25902, 40
25903, 15
25904, 8
25905, 24
25906, 24
25907, 24
25908, 41
25909, 16
25910, 32
25911, 16
25912, 31
25913, 16
25914, 24
25915, 41
25916, 8
25917, 56
25918, 57
25920, 56
25921, 48
25922, 8
25923, 23
25924, 31
25925, 32
25926, 24
25927, 7
25928, 16
25929, 24
25930, 8
25931, 7
25932, 23
25933, 23
25934, 31
25936, 25
25937, 8
25938, 32
25939, 24
25940, 8
25941, 16
25944, 32
25945, 32
25946, 16
25947, 8
25948, 7
25949, 16
25950, 16
25951, 24
25952, 8
25953, 23
25954, 31
25955, 16
25956, 7
25957, 15
25958, 16
25959, 41
25960, 24
25961, 38
25962, 16
25963, 24
25964, 24
25965, 39
25966, 40
25967, 23
25968, 33
25969, 47
25970, 47
25971, 55
25972, 24
25973, 7
25974, 23
25975, 7
25976, 31
25978, 24
25979, 16
25980, 39
25981, 32
25983, 32
25984, 57
25985, 16
25986, 32
25987, 31
25988, 38
25989, 16
25990, 16
25991, 15
25992, 24
25993, 24
25994, 40
25995, 39
25996, 16
25997, 16
25998, 23
25999, 31
26000, 16
26001, 32
26002, 24
26003, 64
26004, 25
26005, 41
26006, 49
26007, 7
26008, 32
26009, 31
26010, 24
26011, 31
26012, 16
26013, 16
26014, 15
26015, 16
26016, 8
26017, 24
26018, 16
26019, 31
26020, 7
26022, 23
26023, 16
26024, 31
26025, 15
26026, 24
26029, 7
26030, 29
26031, 31
26032, 8
26033, 16
26034, 7
26035, 24
26037, 33
26038, 16
26039, 24
26040, 23
26041, 16
26042, 16
26044, 24
26045, 56
26046, 40
26047, 7
26048, 31
26049, 8
26050, 39
26051, 31
26052, 40
26053, 24
26054, 57
26055, 23
26056, 56
26057, 40
26058, 23
26059, 8
26060, 24
26061, 16
26062, 15
26063, 16
26064, 7
26065, 32
26066, 49
26067, 7
26068, 8
26069, 47
26070, 24
26071, 30
26072, 40
26073, 39
26074, 15
26075, 24
26076, 16
26077, 24
26078, 24
26079, 41
26080, 24
26081, 23
26082, 24
26083, 15
26084, 23
26085, 24
26086, 15
26087, 39
26088, 65
26089, 24
26090, 23
26091, 56
26092, 31
26093, 24
26094, 31
26095, 15
26096, 31
26097, 15
26098, 15
26099, 24
26100, 7
26101, 15
26102, 7
26103, 32
26104, 16
26105, 31
26107, 24
26108, 16
26109, 23
26110, 23
26111, 8
26112, 15
26115, 31
26116, 23
26117, 24
26119, 15
26120, 15
26121, 16
26122, 16
26123, 24
26124, 15
26125, 23
26126, 23
26127, 7
26128, 15
26129, 25
26130, 40
26131, 57
26132, 8
26133, 25
26134, 16
26135, 31
26136, 24
26137, 32
26138, 23
26139, 40
26140, 56
26141, 40
26142, 55
26143, 16
26144, 15
26145, 7
26146, 23
26147, 23
26148, 15
26149, 15
26150, 24
26151, 32
26152, 30
26154, 24
26155, 39
26156, 39
26157, 23
26158, 56
26159, 23
26160, 15
26161, 16
26162, 32
26163, 16
26164, 16
26165, 48
26166, 23
26167, 24
26168, 23
26169, 16
26170, 24
26171, 24
26172, 31
26173, 32
26174, 56
26175, 15
26176, 40
26177, 46
26178, 23
26179, 32
26180, 23
26181, 16
26182, 39
26183, 7
26184, 15
26185, 23
26186, 16
26187, 7
26188, 24
26189, 16
26190, 31
26191, 7
26193, 23
26194, 24
26195, 40
26197, 24
26200, 23
26201, 32
26202, 15
26203, 8
26204, 16
26205, 15
26206, 8
26207, 7
26208, 32
26209, 7
26210, 23
26211, 31
26212, 16
26213, 15
26215, 40
26216, 41
26217, 40
26218, 16
26219, 16
26220, 7
26221, 47
26222, 31
26223, 23
26224, 39
26225, 56
26226, 39
26227, 56
26228, 15
26229, 31
26230, 8
26231, 23
26232, 24
26233, 8
26234, 15
26235, 7
26236, 31
26237, 40
26238, 15
26239, 15
26240, 32
26241, 47
26242, 23
26243, 41
26244, 48
26245, 8
26246, 16
26247, 24
26248, 24
26250, 56
26251, 32
26252, 15
26253, 16
26254, 39
26255, 16
26256, 15
26257, 24
26258, 47
26259, 32
26260, 55
26262, 56
26263, 47
26264, 16
26265, 40
26266, 8
26267, 39
26268, 7
26269, 15
26270, 23
26271, 16
26272, 16
26273, 8
26274, 15
26275, 16
26276, 39
26278, 15
26279, 16
26280, 40
26281, 15
26283, 23
26285, 8
26286, 23
26287, 40
26288, 8
26290, 23
26291, 7
26292, 15
26293, 16
26294, 24
26295, 16
26296, 41
26297, 8
26298, 16
26299, 15
26300, 8
26301, 31
26302, 72
26303, 8
26304, 8
26305, 24
26306, 40
26307, 15
26308, 55
26309, 16
26310, 65
26311, 32
26312, 31
26313, 56
26314, 15
26315, 15
26316, 15
26317, 16
26318, 23
26319, 24
26320, 8
26321, 8
26322, 48
26323, 31
26325, 41
26326, 48
26327, 7
26328, 39
26329, 40
26330, 31
26331, 8
26332, 15
26333, 40
26334, 8
26335, 16
26336, 64
26337, 16
26338, 24
26339, 23
26340, 24
26341, 7
26342, 23
26343, 32
26344, 39
26345, 47
26346, 23
26347, 48
26348, 39
26349, 23
26350, 31
26351, 22
26352, 8
26353, 46
26354, 15
26355, 24
26356, 7
26357, 16
26358, 7
26359, 16
26360, 15
26361, 39
26362, 7
26363, 16
26364, 8
26365, 23
26366, 31
26367, 7
26368, 8
26369, 15
26371, 15
26372, 31
26373, 16
26374, 15
26375, 15
26376, 15
26378, 15
26379, 24
26380, 15
26381, 40
26382, 16
26383, 32
26385, 8
26386, 31
26387, 32
26388, 46
26389, 8
26390, 24
26391, 32
26392, 32
26393, 24
26394, 40
26395, 24
26396, 71
26397, 32
26398, 65
26399, 8
26400, 23
26401, 16
26402, 8
26403, 31
26404, 7
26405, 24
26406, 8
26407, 16
26408, 63
26410, 16
26411, 48
26412, 39
26413, 16
26414, 32
26415, 47
26416, 7
26417, 15
26418, 24
26419, 24
26420, 23
26421, 31
26422, 57
26424, 40
26425, 7
26426, 24
26427, 15
26428, 24
26429, 31
26430, 56
26431, 49
26432, 8
26433, 72
26434, 24
26435, 8
26436, 32
26437, 15
26438, 56
26440, 15
26441, 22
26442, 16
26443, 15
26444, 16
26445, 16
26446, 24
26447, 23
26449, 23
26450, 24
26451, 16
26452, 23
26453, 8
26454, 16
26456, 7
26457, 31
26458, 32
26459, 8
26460, 8
26461, 24
26463, 8
26464, 15
26465, 31
26466, 15
26467, 31
26468, 24
26469, 8
26470, 7
26471, 32
26472, 32
26473, 48
26474, 7
26475, 32
26476, 8
26477, 40
26478, 41
26479, 40
26480, 8
26481, 48
26482, 47
26483, 31
26484, 55
26485, 23
26486, 7
26487, 7
26488, 40
26489, 16
26490, 16
26492, 32
26493, 48
26494, 15
26496, 31
26497, 31
26498, 47
26499, 40
26500, 32
26501, 23
26502, 16
26503, 16
26504, 16
26505, 40
26506, 8
26507, 31
26508, 47
26509, 8
26510, 32
26511, 15
26512, 32
26513, 16
26514, 39
26515, 23
26516, 71
26518, 65
26519, 32
26520, 15
26521, 39
26522, 15
26523, 32
26524, 23
26525, 16
26526, 24
26527, 7
26528, 16
26529, 16
26530, 8
26531, 31
26532, 32
26534, 8
26535, 16
26536, 24
26537, 23
26538, 15
26539, 24
26542, 16
26543, 39
26544, 16
26545, 16
26546, 8
26547, 16
26548, 16
26549, 8
26550, 24
26551, 23
26552, 16
26553, 23
26554, 16
26555, 15
26556, 8
26557, 40
26558, 39
26559, 31
26560, 8
26561, 31
26562, 32
26563, 15
26564, 31
26565, 39
26566, 33
26567, 47
26568, 48
26569, 47
26570, 23
26571, 23
26572, 16
26573, 8
26574, 32
26575, 8
26576, 23
26578, 33
26579, 40
26580, 15
26581, 16
26582, 23
26583, 54
26584, 31
26585, 40
26586, 31
26587, 24
26588, 16
26589, 8
26590, 23
26591, 24
26592, 31
26593, 48
26594, 7
26595, 32
26596, 23
26597, 16
26598, 15
26599, 39
26600, 32
26601, 49
26602, 39
26603, 16
26604, 40
26605, 39
26606, 24
26607, 31
26608, 7
26609, 39
26610, 23
26611, 24
26612, 8
26613, 16
26614, 7
26615, 7
26616, 39
26617, 24
26618, 15
26619, 8
26620, 16
26621, 8
26622, 31
26623, 23
26624, 16
26625, 8
26628, 32
26629, 22
26630, 24
26631, 8
26632, 16
26633, 8
26634, 16
26635, 24
26636, 24
26637, 8
26638, 40
26639, 8
26640, 16
26641, 7
26642, 23
26643, 40
26644, 48
26645, 7
26646, 15
26647, 23
26648, 39
26649, 16
26650, 48
26651, 32
26652, 48
26653, 47
26654, 40
26655, 46
26656, 15
26657, 16
26658, 16
26659, 24
26660, 16
26661, 16
26662, 8
26663, 32
26664, 24
26665, 31
26667, 39
26668, 48
26669, 31
26670, 32
26671, 48
26672, 7
26673, 15
26674, 16
26675, 15
26676, 23
26677, 40
26678, 24
26679, 38
26680, 33
26681, 8
26682, 15
26683, 24
26684, 40
26685, 15
26686, 31
26687, 47
26688, 31
26689, 48
26690, 39
26691, 15
26692, 40
26693, 15
26694, 16
26695, 31
26696, 23
26697, 16
26698, 16
26699, 8
26700, 23
26701, 16
26702, 24
26703, 24
26704, 7
26705, 25
26707, 32
26708, 24
26709, 7
26710, 24
26713, 31
26714, 23
26715, 16
26716, 7
26717, 8
26718, 24
26719, 16
26721, 24
26722, 23
26723, 32
26724, 16
26725, 32
26727, 16
26728, 24
26729, 57
26730, 32
26732, 23
26733, 49
26734, 16
26735, 23
26736, 40
26737, 49
26738, 48
26739, 32
26740, 48
26741, 32
26742, 16
26744, 39
26745, 16
26746, 15
26747, 16
26748, 8
26749, 32
26750, 49
26752, 32
26753, 24
26754, 46
26755, 24
26756, 40
26757, 39
26759, 15
26760, 31
26761, 23
26762, 15
26763, 57
26764, 8
26765, 23
26766, 32
26767, 15
26768, 24
26769, 15
26770, 23
26771, 31
26772, 56
26773, 39
26774, 32
26775, 47
26776, 24
26777, 15
26778, 47
26779, 8
26780, 31
26781, 32
26782, 16
26783, 16
26784, 8
26785, 15
26786, 7
26787, 23
26788, 31
26789, 14
26790, 8
26791, 16
26792, 8
26793, 32
26794, 22
26795, 8
26796, 15
26798, 8
26799, 31
26800, 16
26801, 24
26802, 7
26803, 16
26804, 7
26805, 16
26807, 39
26808, 15
26809, 39
26810, 8
26811, 23
26813, 15
26814, 40
26815, 63
26816, 8
26817, 24
26819, 55
26820, 32
26821, 40
26823, 56
26824, 56
26825, 24
26826, 63
26827, 15
26828, 8
26829, 23
26830, 7
26831, 31
26832, 8
26833, 15
26834, 16
26835, 39
26836, 30
26837, 8
26838, 22
26839, 56
26840, 23
26841, 31
26842, 31
26843, 30
26844, 8
26845, 32
26846, 8
26847, 31
26848, 15
26849, 55
26850, 23
26851, 24
26852, 32
26854, 23
26855, 24
26856, 39
26857, 32
26858, 57
26859, 24
26860, 32
26861, 64
26863, 49
26864, 7
26865, 40
26866, 16
26867, 15
26868, 16
26869, 15
26870, 16
26871, 7
26872, 24
26873, 15
26874, 31
26875, 7
26876, 8
26877, 15
26878, 23
26879, 39
26881, 16
26882, 7
26884, 24
26885, 15
26886, 31
26887, 16
26888, 8
26889, 16
26890, 16
26892, 23
26893, 23
26894, 40
26895, 8
26896, 15
26897, 15
26898, 8
26899, 39
26900, 39
26901, 39
26902, 7
26903, 16
26904, 32
26905, 23
26906, 49
26907, 23
26908, 32
26909, 55
26910, 31
26911, 55
26912, 39
26913, 8
26914, 8
26915, 32
26916, 15
26917, 16
26918, 16
26919, 8
26920, 24
26921, 54
26923, 24
26924, 24
26925, 46
26926, 32
26927, 39
26928, 40
26930, 23
26931, 16
26932, 23
26933, 40
26934, 32
26935, 32
26936, 7
26937, 39
26938, 15
26939, 33
26940, 8
26941, 24
26942, 48
26943, 41
26944, 40
26945, 8
26946, 63
26947, 30
26948, 16
26949, 39
26951, 39
26952, 32
26953, 8
26954, 15
26955, 15
26956, 15
26957, 16
26958, 24
26959, 23
26960, 16
26962, 23
26963, 8
26964, 49
26965, 8
26966, 8
26967, 15
26969, 8
26970, 39
26971, 15
26972, 16
26973, 16
26974, 8
26975, 16
26976, 7
26977, 23
26978, 24
26979, 8
26980, 31
26981, 23
26982, 8
26983, 7
26984, 23
26985, 56
26986, 40
26987, 7
26988, 24
26989, 7
26990, 39
26991, 24
26992, 40
26993, 23
26994, 72
26995, 24
26996, 64
26997, 23
26998, 32
27000, 15
27001, 23
27002, 23
27003, 15
27004, 8
27005, 16
27006, 64
27007, 7
27008, 16
27009, 16
27010, 57
27011, 41
27012, 24
27013, 56
27014, 8
27015, 8
27016, 25
27017, 16
27018, 24
27019, 40
27020, 24
27021, 31
27022, 16
27023, 23
27024, 15
27025, 32
27026, 33
27027, 15
27028, 47
27029, 48
27030, 15
27031, 55
27032, 31
27033, 24
27034, 40
27035, 7
27036, 33
27037, 23
27038, 16
27039, 15
27040, 15
27041, 24
27043, 24
27044, 16
27045, 39
27047, 8
27048, 15
27049, 32
27050, 31
27051, 8
27052, 16
27054, 8
27055, 16
27056, 32
27057, 15
27058, 16
27059, 8
27060, 7
27061, 23
27062, 25
27064, 31
27065, 32
27066, 24
27067, 16
27069, 8
27070, 23
27071, 63
27072, 31
27073, 16
27074, 8
27075, 39
27076, 24
27077, 64
27079, 40
27080, 46
27081, 56
27082, 47
27083, 16
27084, 16
27085, 16
27086, 16
27087, 22
27088, 24
27090, 15
27091, 24
27092, 55
27094, 24
27095, 32
27096, 38
27097, 23
27098, 47
27099, 39
27100, 8
27101, 15
27102, 15
27103, 40
27104, 25
27105, 23
27106, 40
27107, 7
27108, 32
27109, 23
27110, 16
27111, 23
27112, 32
27113, 15
27114, 73
27115, 32
27116, 24
27117, 55
27118, 23
27119, 33
27120, 24
27121, 8
27122, 23
27123, 31
27124, 15
27125, 23
27126, 8
27127, 7
27128, 32
27129, 8
27130, 40
27131, 7
27132, 8
27133, 15
27134, 8
27135, 40
27136, 15
27137, 16
27138, 7
27140, 16
27141, 23
27142, 32
27144, 15
27145, 16
27146, 16
27147, 7
27148, 16
27149, 24
27150, 32
27151, 24
27153, 31
27155, 24
27156, 63
27157, 32
27158, 8
27159, 16
27160, 32
27161, 23
27162, 15
27163, 63
27164, 16
27165, 56
27166, 47
27167, 65
27168, 16
27169, 23
27171, 23
27172, 24
27173, 15
27174, 7
27175, 15
27176, 8
27177, 62
27178, 15
27179, 8
27180, 31
27181, 31
27182, 46
27183, 41
27184, 32
27185, 15
27186, 15
27187, 16
27188, 32
27189, 24
27190, 32
27191, 40
27192, 15
27193, 32
27194, 15
27195, 16
27196, 16
27197, 23
27198, 31
27199, 31
27200, 72
27201, 33
27202, 33
27203, 31
27204, 23
27205, 23
27206, 22
27207, 32
27208, 23
27209, 15
27210, 24
27211, 7
27212, 16
27213, 7
27214, 24
27215, 33
27216, 16
27217, 7
27218, 24
27219, 8
27220, 41
27221, 8
27222, 7
27223, 23
27226, 32
27227, 23
27228, 15
27229, 16
27230, 7
27231, 7
27232, 23
27233, 8
27234, 24
27235, 23
27236, 31
27237, 8
27238, 15
27239, 16
27240, 16
27241, 32
27242, 72
27244, 16
27245, 23
27246, 24
27247, 32
27248, 49
27249, 15
27250, 56
27251, 31
27252, 55
27253, 41
27254, 23
27255, 16
27256, 15
27257, 16
27258, 31
27260, 15
27261, 7
27262, 57
27263, 31
27265, 25
27266, 39
27267, 30
27268, 56
27269, 23
27270, 23
27271, 15
27272, 15
27273, 24
27274, 15
27275, 32
27276, 41
27277, 40
27278, 8
27279, 32
27280, 16
27281, 24
27282, 16
27283, 31
27284, 32
27285, 48
27286, 39
27287, 33
27288, 38
27289, 31
27290, 24
27291, 22
27292, 31
27293, 32
27294, 8
27295, 15
27296, 23
27297, 16
27298, 8
27299, 16
27300, 15
27301, 32
27302, 15
27303, 8
27304, 15
27306, 63
27308, 15
27309, 7
27311, 16
27312, 32
27313, 15
27314, 16
27315, 7
27316, 24
27317, 16
27319, 23
27320, 15
27321, 32
27322, 23
27323, 16
27324, 16
27326, 32
27327, 39
27328, 48
27329, 7
27330, 24
27331, 25
27332, 33
27333, 8
27334, 63
27336, 80
27337, 49
27338, 25
27339, 47
27340, 24
27341, 8
27342, 16
27343, 15
27344, 23
27345, 16
27346, 7
27347, 33
27348, 39
27349, 15
27350, 16
27351, 24
27352, 64
27353, 16
27354, 24
27355, 47
27356, 15
27357, 15
27358, 16
27359, 32
27360, 15
27361, 48
27362, 41
27363, 8
27364, 24
27365, 16
27366, 32
27367, 16
27368, 24
27369, 31
27370, 56
27371, 32
27372, 23
27373, 56
27374, 31
27375, 15
27376, 49
27378, 39
27379, 15
27380, 24
27381, 8
27382, 15
27383, 16
27384, 16
27385, 15
27386, 24
27387, 32
27389, 16
27390, 16
27391, 49
27392, 7
27393, 16
27394, 7
27397, 24
27398, 39
27399, 8
27400, 15
27401, 7
27402, 16
27403, 8
27404, 23
27405, 15
27406, 24
27407, 31
27408, 24
27409, 8
27410, 7
27411, 24
27412, 16
27413, 46
27414, 30
27415, 15
27416, 15
27417, 39
27418, 23
27419, 48
27420, 15
27421, 31
27422, 54
27423, 63
27424, 31
27425, 24
27426, 15
27427, 16
27428, 32
27429, 8
27430, 24
27431, 7
27432, 8
27433, 49
27434, 32
27435, 8
27436, 24
27437, 32
27438, 40
27439, 23
27440, 56
27441, 23
27442, 15
27443, 8
27444, 24
27445, 23
27446, 24
27447, 39
27448, 31
27449, 15
27450, 32
27451, 8
27452, 31
27453, 24
27454, 24
27455, 40
27456, 49
27457, 32
27458, 49
27459, 33
27460, 23
27461, 24
27462, 31
27463, 8
27464, 47
27465, 16
27466, 16
27467, 16
27468, 16
27469, 7
27470, 16
27471, 15
27472, 48
27474, 8
27475, 15
27476, 24
27477, 32
27478, 7
27479, 16
27480, 7
27482, 16
27483, 24
27484, 23
27485, 7
27486, 15
27487, 15
27488, 7
27489, 15
27490, 24
27491, 23
27492, 24
27493, 23
27494, 8
27495, 23
27496, 8
27497, 24
27498, 32
27499, 56
27500, 7
27501, 15
27502, 31
27503, 31
27504, 7
27505, 62
27506, 8
27507, 64
27508, 65
27509, 24
27510, 39
27511, 23
27512, 8
27513, 15
27514, 32
27516, 15
27517, 15
27518, 15
27519, 63
27520, 7
27521, 16
27522, 23
27523, 54
27524, 23
27525, 40
27526, 32
27527, 15
27528, 15
27529, 15
27530, 32
27531, 23
27532, 33
27533, 49
27534, 7
27535, 16
27536, 39
27538, 30
27539, 31
27540, 40
27541, 23
27542, 46
27543, 32
27544, 39
27545, 31
27546, 23
27547, 39
27548, 7
27549, 38
27550, 24
27551, 7
27552, 24
27553, 7
27554, 24
27556, 23
27557, 23
27558, 32
27560, 16
27561, 7
27562, 39
27563, 23
27564, 16
27565, 7
27568, 32
27569, 32
27570, 7
27571, 16
27572, 8
27573, 7
27574, 7
27575, 23
27576, 23
27577, 24
27578, 32
27579, 7
27580, 16
27581, 15
27582, 24
27583, 32
27584, 64
27585, 8
27586, 24
27587, 7
27588, 47
27589, 8
27590, 56
27591, 7
27592, 40
27593, 63
27594, 41
27595, 49
27596, 24
27597, 7
27598, 15
27599, 32
27600, 8
27601, 7
27602, 23
27603, 33
27604, 49
27605, 7
27607, 24
27608, 40
27609, 38
27610, 31
27611, 40
27612, 31
27613, 16
27614, 8
27615, 40
27616, 8
27617, 23
27618, 48
27619, 32
27621, 39
27622, 16
27623, 23
27624, 24
27625, 33
27626, 31
27627, 48
27628, 32
27629, 40
27630, 48
27631, 15
27632, 40
27633, 15
27634, 8
27635, 47
27636, 16
27637, 8
27638, 22
27639, 16
27640, 7
27641, 24
27642, 16
27643, 32
27644, 7
27645, 8
27646, 15
27647, 8
27648, 56
27650, 24
27653, 32
27654, 16
27655, 16
27656, 7
27657, 23
27658, 8
27659, 24
27661, 24
27662, 31
27663, 25
27664, 15
27665, 16
27666, 16
27668, 31
27669, 64
27670, 32
27671, 8
27672, 23
27673, 25
27674, 23
27675, 33
27676, 39
27677, 25
27678, 64
27679, 40
27680, 32
27681, 40
27682, 23
27683, 8
27684, 24
27685, 23
27686, 7
27687, 16
27688, 7
27689, 23
27690, 55
27691, 7
27693, 55
27694, 41
27695, 24
27696, 48
27697, 33
27698, 7
27699, 24
27700, 7
27701, 31
27702, 23
27703, 49
27704, 33
27705, 7
27706, 32
27707, 16
27708, 15
27709, 16
27710, 40
27711, 22
27712, 40
27713, 47
27714, 48
27715, 32
27716, 23
27717, 32
27718, 31
27719, 7
27720, 39
27721, 24
27722, 7
27723, 32
27725, 15
27726, 24
27727, 8
27728, 40
27729, 15
27731, 24
27732, 8
27733, 39
27734, 15
27735, 8
27736, 15
27739, 40
27740, 23
27741, 7
27742, 16
27743, 8
27744, 14
27745, 16
27746, 8
27747, 31
27748, 24
27749, 32
27750, 16
27751, 8
27752, 16
27753, 8
27754, 48
27755, 40
27756, 23
27757, 8
27758, 23
27759, 49
27760, 25
27761, 40
27762, 24
27763, 32
27764, 47
27765, 39
27766, 56
27767, 24
27768, 7
27769, 7
27770, 32
27771, 15
27772, 24
27774, 16
27775, 56
27776, 23
27778, 32
27779, 56
27780, 32
27781, 8
27782, 64
27783, 15
27784, 16
27785, 8
27786, 31
27787, 24
27788, 15
27789, 47
27790, 31
27791, 16
27792, 23
27793, 15
27794, 24
27795, 32
27796, 24
27797, 48
27798, 24
27799, 48
27800, 40
27801, 49
27802, 7
27803, 24
27804, 31
27805, 32
27806, 24
27807, 16
27808, 16
27809, 15
27810, 16
27811, 8
27812, 23
27813, 24
27814, 16
27815, 15
27816, 8
27817, 16
27818, 8
27819, 55
27821, 15
27822, 7
27824, 24
27825, 24
27826, 15
27827, 15
27828, 16
27829, 8
27830, 24
27831, 8
27832, 16
27833, 23
27834, 31
27835, 15
27836, 16
27837, 16
27838, 8
27839, 16
27840, 55
27841, 40
27842, 15
27844, 47
27845, 15
27846, 31
27847, 47
27848, 33
27849, 48
27850, 40
27851, 65
27852, 15
27853, 23
27854, 16
27855, 16
27856, 16
27857, 24
27858, 8
27859, 15
27860, 24
27861, 49
27862, 7
27863, 8
27864, 56
27865, 41
27866, 7
27867, 47
27868, 39
27869, 24
27871, 32
27872, 16
27873, 24
27874, 48
27875, 25
27876, 15
27877, 40
27878, 16
27879, 16
27880, 24
27881, 24
27882, 32
27883, 57
27884, 24
27885, 32
27886, 56
27887, 23
27888, 24
27889, 31
27890, 15
27891, 32
27892, 31
27893, 16
27894, 16
27895, 8
27896, 16
27897, 8
27898, 15
27899, 47
27900, 7
27902, 24
27904, 55
27905, 7
27907, 23
27909, 8
27910, 16
27911, 39
27912, 8
27913, 7
27914, 23
27915, 8
27916, 15
27917, 16
27918, 15
27919, 22
27920, 40
27921, 16
27922, 8
27923, 7
27924, 24
27925, 32
27926, 54
27927, 16
27928, 24
27929, 7
27930, 40
27931, 32
27932, 31
27933, 32
27934, 32
27935, 64
27936, 32
27937, 46
27938, 24
27939, 16
27940, 7
27941, 32
27942, 16
27943, 8
27944, 15
27945, 8
27946, 49
27947, 30
27949, 32
27950, 49
27951, 31
27952, 32
27953, 39
27954, 23
27955, 15
27956, 16
27957, 24
27958, 15
27959, 40
27960, 32
27961, 31
27962, 24
27963, 15
27964, 16
27965, 24
27966, 41
27967, 16
27968, 40
27969, 39
27970, 31
27971, 40
27972, 48
27973, 24
27974, 40
27975, 8
27976, 24
27977, 31
27978, 16
27979, 16
27980, 15
27981, 8
27982, 15
27983, 24
27984, 15
27985, 31
27986, 7
27987, 8
27988, 24
27989, 16
27990, 39
27992, 23
27995, 15
27996, 31
27997, 23
27998, 8
27999, 16
28000, 7
28001, 24
28002, 8
28003, 23
28004, 24
28005, 15
28006, 23
28007, 33
28009, 8
28010, 24
28011, 55
28012, 30
28013, 15
28014, 15
28015, 15
28016, 39
28017, 32
28018, 39
28019, 25
28020, 54
28021, 47
28022, 56
28023, 7
28024, 30
28025, 7
28026, 40
28027, 8
28028, 8
28029, 24
28031, 32
28032, 46
28033, 7
28034, 32
28035, 25
28036, 48
28037, 7
28038, 54
28039, 40
28040, 16
28042, 31
28043, 24
28044, 15
28045, 24
28046, 56
28047, 7
28048, 24
28049, 31
28050, 16
28051, 24
28052, 24
28053, 48
28054, 16
28055, 54
28056, 24
28057, 55
28058, 31
28059, 16
28060, 40
28061, 8
28062, 31
28063, 32
28064, 8
28065, 15
28066, 24
28068, 15
28069, 15
28070, 32
28071, 23
28073, 23
28074, 8
28075, 31
28076, 23
28077, 16
28078, 7
28081, 31
28082, 31
28083, 7
28084, 8
28085, 15
28086, 15
28087, 16
28088, 8
28089, 23
28090, 31
28091, 24
28092, 24
28093, 16
28095, 24
28096, 47
28097, 32
28098, 23
28099, 16
28100, 23
28101, 23
28102, 32
28103, 47
28104, 15
28105, 47
28106, 48
28107, 40
28108, 46
28109, 16
28110, 15
28111, 23
28112, 16
28113, 23
28114, 16
28115, 8
28116, 24
28117, 57
28118, 8
28119, 8
28120, 24
28121, 48
28122, 23
28123, 23
28124, 55
28125, 23
28126, 15
28127, 8
28128, 40
28129, 8
28130, 48
28131, 24
28132, 31
28133, 8
28134, 48
28136, 24
28137, 32
28138, 24
28139, 23
28140, 73
28141, 16
28142, 41
28143, 55
28144, 7
28145, 40
28146, 15
28147, 31
28148, 23
28149, 7
28150, 23
28151, 15
28152, 16
28153, 16
28154, 8
28155, 24
28156, 31
28157, 7
28158, 16
28159, 16
28160, 24
28161, 32
28163, 24
28166, 32
28167, 16
28168, 15
28169, 15
28170, 15
28171, 7
28172, 7
28173, 15
28174, 32
28175, 23
28176, 24
28177, 15
28178, 16
28179, 15
28180, 8
28181, 23
28182, 56
28183, 31
28184, 15
28185, 24
28186, 25
28187, 23
28188, 38
28189, 32
28190, 24
28191, 55
28192, 55
28193, 47
28194, 24
28195, 7
28196, 7
28197, 48
28199, 15
28200, 16
28201, 7
28202, 57
28203, 24
28204, 7
28205, 25
28206, 31
28207, 30
28208, 39
28209, 40
28210, 38
28211, 8
28212, 16
28213, 32
28214, 16
28215, 16
28216, 31
28217, 48
28218, 7
28219, 31
28220, 23
28221, 16
28222, 15
28223, 33
28224, 31
28225, 56
28226, 39
28227, 41
28228, 16
28229, 46
28230, 16
28231, 39
28232, 16
28233, 22
28234, 23
28235, 7
28236, 32
28237, 8
28238, 16
28239, 25
28240, 16
28241, 32
28242, 8
28244, 15
28245, 23
28246, 16
28247, 30
28248, 24
28251, 16
28252, 23
28253, 24
28254, 16
28255, 7
28256, 16
28257, 7
28258, 15
28259, 16
28260, 31
28261, 7
28262, 39
28263, 7
28264, 23
28266, 32
28267, 31
28268, 39
28269, 15
28270, 23
28271, 15
28272, 39
28273, 31
28274, 40
28275, 15
28276, 57
28277, 40
28278, 66
28279, 32
28280, 24
28282, 24
28283, 23
28284, 16
28285, 15
28286, 8
28287, 25
28288, 56
28289, 8
28290, 8
28291, 32
28292, 39
28293, 31
28294, 41
28295, 32
28296, 22
28297, 16
28298, 16
28299, 32
28300, 16
28301, 41
28302, 41
28303, 16
28304, 7
28305, 32
28306, 15
28307, 31
28308, 16
28309, 31
28310, 56
28311, 41
28312, 15
28313, 47
28314, 47
28315, 16
28316, 32
28317, 15
28318, 39
28319, 23
28320, 7
28321, 15
28322, 15
28323, 24
28324, 8
28325, 8
28326, 40
28327, 8
28328, 15
28329, 24
28331, 49
28332, 16
28334, 23
28337, 23
28338, 31
28339, 15
28340, 16
28341, 7
28342, 16
28343, 16
28344, 16
28345, 16
28346, 24
28347, 23
28348, 15
28349, 15
28350, 15
28351, 16
28352, 24
28353, 57
28354, 32
28356, 30
28357, 32
28358, 24
28359, 24
28360, 38
28361, 24
28362, 63
28363, 48
28364, 48
28365, 32
28366, 7
28367, 7
28368, 32
28369, 16
28370, 15
28371, 8
28372, 7
28373, 57
28374, 23
28375, 7
28377, 71
28378, 31
28379, 24
28380, 24
28381, 47
28382, 24
28384, 32
28385, 32
28386, 16
28387, 23
28388, 55
28389, 8
28390, 16
28391, 31
28392, 25
28393, 16
28394, 40
28395, 24
28396, 41
28397, 38
28398, 16
28399, 63
28400, 31
28401, 24
28402, 31
28403, 8
28404, 48
28405, 16
28406, 8
28407, 23
28408, 8
28409, 16
28410, 16
28411, 16
28412, 31
28413, 15
28415, 24
28416, 24
28417, 24
28418, 15
28419, 16
28420, 7
28422, 16
28423, 24
28424, 16
28425, 23
28426, 16
28427, 16
28429, 15
28430, 16
28431, 15
28432, 31
28433, 31
28434, 8
28435, 23
28437, 32
28438, 47
28439, 39
28440, 16
28441, 15
28442, 8
28443, 47
28444, 33
28445, 24
28446, 23
28447, 56
28448, 47
28449, 48
28450, 38
28451, 23
28453, 24
28454, 32
28455, 8
28456, 7
28457, 16
28458, 25
28459, 49
28460, 15
28461, 8
28462, 31
28463, 41
28464, 23
28465, 39
28466, 31
28467, 30
28468, 15
28469, 15
28470, 23
28471, 24
28472, 30
28473, 41
28474, 23
28475, 16
28476, 23
28477, 23
28478, 24
28479, 16
28480, 39
28481, 57
28482, 31
28483, 24
28484, 65
28485, 15
28486, 24
28487, 32
28488, 14
28489, 23
28490, 31
28491, 15
28492, 24
28493, 7
28494, 24
28496, 24
28497, 23
28498, 15
28499, 15
28500, 16
28501, 16
28502, 23
28503, 23
28504, 15
28505, 8
28506, 7
28507, 8
28508, 32
28509, 16
28510, 16
28511, 16
28512, 7
28513, 16
28514, 16
28516, 31
28517, 15
28518, 39
28519, 8
28520, 23
28521, 7
28522, 25
28523, 15
28524, 39
28525, 47
28527, 31
28528, 41
28529, 16
28530, 40
28531, 22
28532, 47
28533, 40
28534, 48
28535, 48
28536, 31
28537, 8
28538, 7
28539, 32
28540, 24
28542, 23
28544, 40
28545, 46
28547, 24
28548, 56
28549, 24
28550, 24
28551, 40
28552, 38
28553, 8
28554, 24
28555, 24
28556, 15
28557, 24
28558, 23
28559, 46
28560, 15
28561, 32
28562, 16
28563, 24
28564, 7
28565, 40
28566, 32
28567, 49
28568, 40
28569, 49
28570, 32
28571, 23
28572, 31
28573, 23
28574, 16
28575, 23
28576, 23
28577, 15
28578, 24
28579, 16
28580, 8
28581, 16
28582, 15
28583, 23
28584, 23
28585, 8
28586, 15
28587, 24
28588, 24
28589, 15
28590, 24
28594, 47
28595, 7
28596, 23
28597, 16
28598, 16
28599, 16
28601, 16
28602, 32
28603, 16
28604, 23
28605, 15
28606, 23
28607, 8
28608, 23
28609, 49
28610, 40
28611, 7
28612, 23
28613, 33
28614, 24
28615, 24
28616, 31
28617, 31
28618, 48
28619, 39
28620, 48
28621, 46
28622, 8
28623, 15
28624, 23
28625, 32
28626, 8
28627, 16
28628, 7
28629, 24
28630, 40
28631, 22
28632, 8
28633, 48
28634, 24
28635, 30
28636, 15
28637, 63
28638, 15
28639, 15
28640, 24
28641, 24
28642, 24
28643, 24
28644, 39
28645, 24
28646, 8
28647, 39
28648, 7
28649, 23
28650, 40
28651, 23
28652, 32
28653, 64
28654, 7
28655, 63
28656, 32
28657, 24
28658, 39
28660, 39
28661, 23
28662, 16
28663, 7
28664, 15
28665, 16
28666, 7
28667, 23
28668, 23
28669, 31
28671, 24
28672, 8
28673, 24
28674, 32
28676, 15
28677, 7
28679, 23
28680, 39
28681, 8
28682, 16
28683, 8
28684, 15
28685, 16
28686, 8
28687, 32
28688, 16
28689, 24
28690, 15
28691, 24
28692, 7
28693, 16
28694, 48
28695, 32
28696, 31
28697, 7
28698, 15
28699, 39
28700, 15
28701, 39
28702, 31
28703, 49
28704, 40
28705, 47
28706, 31
28707, 30
28708, 23
28709, 15
28710, 15
28711, 22
28712, 15
28713, 15
28714, 16
28715, 33
28716, 39
28718, 33
28719, 49
28720, 40
28721, 8
28722, 48
28723, 32
28725, 31
28726, 16
28727, 15
28728, 23
28729, 56
28730, 24
28731, 7
28732, 39
28733, 15
28734, 8
28735, 31
28736, 32
28737, 40
28738, 40
28739, 39
28740, 40
28741, 39
28742, 15
28743, 32
28744, 31
28745, 24
28746, 24
28747, 24
28748, 16
28749, 16
28750, 16
28751, 7
28752, 23
28753, 16
28754, 32
28755, 7
28756, 8
28757, 15
28758, 8
28759, 38
28760, 15
28761, 15
28762, 7
28764, 8
28765, 39
28766, 24
28767, 8
28768, 16
28769, 8
28770, 7
28771, 16
28772, 32
28773, 8
28774, 32
28775, 23
28776, 16
28777, 16
28779, 23
28780, 31
28781, 63
28782, 8
28783, 24
28784, 32
28785, 15
28786, 40
28787, 40
28788, 16
28789, 64
28790, 39
28791, 57
28792, 23
28793, 23
28794, 16
28795, 16
28796, 16
28797, 16
28798, 15
28799, 8
28800, 16
28801, 62
28802, 7
28803, 24
28804, 16
28805, 57
28806, 15
28807, 39
28808, 40
28809, 32
28811, 23
28812, 16
28813, 24
28814, 23
28815, 55
28816, 15
28817, 25
28818, 24
28819, 24
28820, 24
28821, 24
28822, 31
28823, 15
28824, 71
28825, 15
28826, 56
28827, 15
28828, 39
28829, 31
28830, 7
28831, 40
28832, 24
28833, 16
28834, 15
28835, 7
28836, 15
28837, 7
28838, 23
28839, 32
28840, 15
28841, 7
28842, 8
28843, 23
28844, 33
28845, 23
28846, 8
28847, 16
28850, 15
28851, 31
28852, 23
28853, 7
28854, 23
28856, 23
28857, 8
28858, 23
28859, 23
28860, 24
28861, 15
28862, 24
28863, 7
28864, 16
28865, 40
28866, 40
28867, 31
28868, 24
28869, 8
28870, 41
28871, 16
28872, 56
28873, 16
28874, 31
28875, 55
28876, 40
28877, 39
28878, 30
28879, 15
28880, 15
28881, 24
28882, 23
28884, 15
28885, 7
28886, 56
28887, 32
28889, 32
28890, 58
28891, 8
28892, 39
28893, 39
28894, 30
28895, 16
28896, 16
28897, 16
28898, 32
28899, 24
28900, 24
28901, 48
28902, 8
28903, 31
28904, 24
28905, 24
28906, 8
28907, 48
28908, 16
28909, 40
28910, 48
28911, 57
28912, 32
28913, 16
28914, 32
28915, 22
28917, 39
28918, 32
28919, 15
28920, 15
28921, 16
28922, 7
28923, 23
28924, 16
28925, 31
28926, 7
28927, 8
28928, 16
28929, 7
28930, 46
28931, 7
28932, 23
28935, 8
28936, 31
28937, 31
28939, 15
28940, 15
28941, 7
28942, 15
28943, 7
28944, 39
28945, 32
28946, 15
28947, 15
28948, 16
28949, 7
28950, 32
28951, 40
28952, 39
28953, 8
28954, 8
28955, 39
28956, 23
28957, 24
28958, 46
28959, 23
28960, 55
28961, 48
28962, 49
28963, 22
28964, 23
28965, 15
28966, 23
28967, 23
28968, 8
28969, 16
28970, 7
28971, 16
28972, 64
28973, 7
28974, 16
28975, 32
28976, 48
28977, 23
28978, 15
28979, 63
28980, 16
28981, 8
28982, 23
28983, 16
28984, 40
28985, 24
28986, 15
28987, 38
28988, 25
28989, 15
28990, 23
28991, 24
28992, 24
28993, 31
28994, 49
28995, 31
28996, 31
28997, 47
28998, 40
28999, 16
29000, 47
29001, 8
29002, 23
29003, 31
29004, 7
29005, 23
29006, 7
29007, 24
29009, 23
29010, 32
29011, 24
29013, 16
29014, 16
29015, 32
29016, 23
29017, 16
29018, 8
29021, 23
29022, 48
29024, 16
29025, 15
29027, 23
29028, 16
29029, 24
29030, 24
29031, 7
29032, 31
29033, 15
29034, 7
29035, 8
29036, 55
29037, 48
29038, 7
29039, 16
29040, 23
29041, 48
29042, 16
29043, 40
29044, 15
29045, 65
29046, 32
29047, 31
29048, 31
29049, 54
29050, 8
29051, 16
29052, 32
29053, 16
29054, 16
29055, 8
29056, 16
29057, 49
29058, 23
29059, 8
29060, 16
29061, 48
29062, 47
29063, 24
29064, 40
29065, 24
29066, 16
29067, 8
29068, 32
29069, 16
29070, 15
29071, 55
29072, 24
29073, 15
29074, 23
29075, 23
29076, 24
29077, 24
29078, 32
29079, 41
29080, 48
29081, 24
29082, 40
29083, 57
29084, 15
29085, 33
29086, 15
29087, 8
29088, 46
29089, 16
29090, 8
29091, 23
29092, 8
29093, 24
29094, 16
29095, 16
29096, 39
29098, 16
29099, 8
29100, 32
29101, 31
29103, 8
29104, 15
29106, 24
29107, 23
29108, 15
29109, 16
29110, 7
29111, 24
29113, 15
29114, 23
29115, 24
29116, 24
29117, 23
29118, 16
29119, 15
29121, 40
29122, 65
29123, 16
29124, 8
29125, 23
29126, 40
29127, 7
29128, 41
29129, 38
29130, 33
29131, 56
29132, 41
29133, 23
29134, 54
29135, 15
29136, 16
29137, 16
29138, 15
29139, 15
29140, 16
29141, 7
29142, 40
29143, 49
29145, 24
29146, 23
29147, 47
29148, 15
29149, 48
29150, 48
29152, 23
29153, 16
29154, 24
29155, 16
29156, 39
29157, 39
29158, 15
29159, 24
29160, 15
29161, 31
29162, 15
29163, 40
29164, 32
29165, 40
29166, 40
29167, 24
29168, 56
29169, 23
29170, 15
29171, 38
29172, 7
29173, 47
29174, 15
29175, 7
29176, 24
29177, 7
29178, 23
29179, 8
29180, 24
29181, 24
29182, 23
29184, 16
29185, 16
29186, 40
29187, 15
29189, 24
29192, 39
29193, 16
29194, 16
29195, 16
29196, 16
29198, 22
29199, 16
29200, 24
29201, 15
29202, 31
29203, 24
29204, 7
29205, 7
29206, 16
29207, 23
29208, 72
29209, 16
29210, 8
29211, 23
29212, 39
29213, 32
29214, 40
29215, 16
29216, 15
29217, 71
29218, 47
29219, 47
29220, 16
29221, 14
29222, 16
29223, 24
29224, 23
29226, 24
29227, 16
29228, 40
29229, 31
29231, 31
29232, 32
29233, 39
29234, 49
29235, 40
29236, 15
29237, 15
29238, 7
29239, 15
29240, 31
29241, 40
29242, 32
29243, 31
29244, 8
29245, 23
29246, 24
29247, 15
29248, 32
29249, 32
29250, 40
29251, 39
29252, 30
29253, 41
29254, 47
29255, 23
29256, 32
29257, 15
29258, 33
29259, 23
29260, 15
29261, 15
29262, 15
29263, 7
29264, 15
29265, 24
29266, 8
29267, 47
29270, 23
29271, 8
29272, 55
29274, 16
29275, 7
29277, 16
29278, 23
29279, 32
29280, 8
29281, 7
29282, 15
29283, 7
29284, 23
29285, 32
29287, 31
29288, 23
29289, 15
29290, 16
29292, 40
29293, 48
29294, 40
29295, 8
29296, 15
29297, 40
29298, 16
29299, 24
29300, 46
29301, 25
29302, 55
29303, 56
29304, 16
29305, 47
29306, 23
29307, 16
29308, 8
29309, 23
29310, 15
29311, 16
29312, 8
29313, 33
29314, 56
29316, 16
29317, 48
29318, 39
29319, 24
29320, 32
29321, 48
29322, 8
29323, 16
29324, 16
29325, 23
29326, 24
29327, 40
29328, 40
29329, 8
29330, 24
29331, 23
29332, 15
29333, 23
29334, 23
29335, 47
29336, 49
29337, 32
29338, 32
29339, 40
29340, 39
29341, 25
29342, 31
29343, 16
29344, 7
29345, 39
29346, 16
29347, 16
29348, 7
29349, 15
29350, 16
29351, 15
29352, 39
29353, 16
29355, 24
29356, 16
29357, 15
29358, 31
29359, 16
29360, 7
29362, 8
29363, 24
29364, 23
29365, 23
29367, 15
29368, 15
29369, 15
29371, 39
29372, 15
29373, 39
29374, 16
29375, 7
29376, 7
29377, 24
29378, 39
29379, 48
29380, 15
29381, 24
29382, 16
29383, 40
29385, 54
29386, 23
29387, 48
29388, 48
29389, 40
29390, 38
29391, 23
29392, 15
29393, 15
29394, 24
29395, 15
29396, 15
29397, 15
29398, 16
29399, 49
29400, 23
29402, 32
29403, 49
29404, 40
29405, 16
29406, 47
29407, 22
29408, 7
29409, 23
29410, 24
29411, 15
29412, 40
29413, 40
29414, 23
29415, 8
29416, 39
29417, 8
29418, 16
29419, 32
29420, 39
29421, 32
29422, 48
29423, 23
29424, 48
29425, 31
29426, 31
29427, 24
29428, 22
29429, 16
29430, 39
29431, 16
29432, 25
29433, 7
29434, 16
29435, 8
29436, 23
29437, 24
29438, 16
29439, 15
29441, 23
29442, 24
29443, 31
29444, 7
29445, 15
29446, 7
29448, 15
29449, 32
29450, 24
29451, 16
29453, 16
29454, 24
29456, 40
29457, 16
29458, 24
29459, 24
29460, 16
29461, 7
29463, 39
29464, 49
29465, 30
29466, 7
29467, 32
29468, 15
29469, 39
29470, 24
29471, 39
29472, 7
29473, 71
29474, 56
29475, 58
29476, 16
29477, 16
29478, 8
29479, 15
29480, 39
29481, 8
29482, 7
29483, 8
29484, 41
29485, 48
29487, 16
29488, 39
29489, 39
29490, 24
29491, 39
29492, 39
29493, 15
29494, 15
29495, 16
29496, 32
29497, 25
29498, 32
29499, 48
29501, 15
29502, 30
29503, 32
29504, 8
29505, 39
29506, 24
29507, 32
29508, 55
29509, 24
29510, 55
29511, 31
29512, 16
29513, 39
29514, 8
29515, 39
29516, 16
29517, 15
29518, 24
29520, 23
29521, 7
29522, 15
29523, 40
29524, 15
29526, 15
29527, 15
29528, 39
29529, 15
29530, 16
29531, 7
29533, 16
29534, 32
29535, 7
29536, 15
29537, 24
29538, 8
29539, 8
29540, 16
29541, 25
29542, 7
29543, 23
29544, 31
29545, 24
29546, 8
29547, 7
29548, 41
29549, 24
29550, 55
29551, 8
29552, 8
29553, 40
29554, 32
29555, 16
29556, 56
29557, 8
29558, 56
29559, 56
29560, 41
29561, 40
29562, 16
29563, 8
29564, 24
29565, 32
29567, 23
29568, 7
29569, 8
29570, 56
29571, 23
29573, 40
29574, 57
29575, 24
29576, 24
29577, 48
29578, 15
29579, 16
29580, 16
29581, 32
29582, 24
29584, 71
29585, 16
29586, 24
29587, 15
29588, 15
29589, 24
29590, 24
29591, 39
29592, 32
29593, 56
29594, 15
29595, 55
29596, 39
29597, 7
29598, 49
29599, 7
29600, 32
29601, 23
29602, 15
29603, 25
29604, 7
29605, 16
29606, 7
29607, 23
29608, 16
29609, 31
29610, 7
29611, 8
29612, 15
29613, 32
29614, 23
29615, 15
29616, 16
29619, 15
29620, 40
29621, 7
29622, 23
29623, 8
29624, 16
29625, 16
29626, 8
29627, 24
29628, 32
29629, 8
29630, 23
29631, 15
29632, 15
29633, 8
29634, 32
29635, 39
29636, 38
29637, 7
29638, 31
29639, 25
29640, 31
29641, 31
29642, 32
29643, 24
29644, 64
29645, 49
29646, 15
29647, 55
29648, 15
29649, 16
29650, 7
29651, 23
29652, 24
29653, 16
29654, 8
29655, 24
29656, 47
29657, 7
29658, 24
29659, 48
29660, 23
29661, 23
29662, 39
29663, 39
29664, 15
29665, 7
29666, 31
29667, 24
29668, 32
29669, 24
29670, 31
29671, 15
29672, 31
29673, 23
29674, 8
29675, 23
29676, 40
29677, 32
29678, 40
29679, 49
29680, 24
29681, 63
29682, 16
29683, 16
29684, 40
29685, 8
29686, 39
29687, 24
29688, 16
29690, 31
29691, 8
29692, 16
29693, 7
29694, 31
29695, 23
29696, 8
29697, 16
29699, 47
29700, 15
29701, 16
29702, 7
29704, 16
29705, 24
29706, 23
29707, 15
29708, 8
29709, 16
29710, 7
29711, 15
29712, 8
29713, 30
29714, 23
29715, 32
29716, 8
29717, 15
29718, 7
29719, 8
29720, 71
29721, 41
29722, 8
29723, 24
29724, 7
29725, 47
29726, 24
29727, 48
29728, 8
29729, 63
29730, 31
29731, 63
29732, 24
29733, 23
29734, 15
29735, 8
29736, 22
29737, 15
29738, 24
29739, 8
29740, 25
29741, 24
29742, 38
29744, 31
29745, 64
29746, 32
29747, 16
29748, 40
29749, 23
29750, 15
29751, 8
29752, 39
29753, 24
29754, 24
29755, 40
29756, 23
29758, 38
29759, 16
29760, 23
29761, 32
29762, 32
29763, 32
29764, 56
29765, 24
29766, 40
29767, 47
29768, 7
29769, 40
29770, 15
29771, 32
29772, 31
29773, 8
29774, 16
29775, 15
29776, 8
29777, 15
29778, 24
29779, 16
29780, 39
29782, 24
29783, 8
29784, 32
29785, 24
29786, 8
29787, 7
29788, 7
29789, 8
29790, 23
29791, 15
29792, 23
29793, 7
29794, 24
29795, 8
29797, 15
29798, 39
29799, 16
29800, 40
29801, 8
29802, 24
29804, 16
29805, 23
29806, 56
29807, 32
29808, 8
29809, 23
29810, 24
29811, 32
29812, 40
29813, 23
29814, 48
29815, 31
29816, 55
29817, 55
29818, 16
29819, 15
29820, 8
29821, 32
29822, 7
29823, 23
29824, 15
29825, 8
29826, 24
29827, 55
29829, 8
29830, 72
29831, 23
29832, 24
29833, 40
29834, 32
29835, 15
29836, 16
29837, 24
29838, 16
29839, 32
29840, 32
29841, 39
29842, 7
29843, 32
29844, 15
29845, 23
29846, 23
29847, 24
29848, 31
29849, 65
29850, 16
29851, 40
29852, 47
29853, 31
29854, 16
29855, 39
29856, 16
29857, 23
29858, 23
29859, 24
29860, 7
29861, 23
29862, 8
29863, 24
29864, 16
29865, 24
29866, 15
29868, 23
29869, 8
29870, 30
29871, 22
29872, 8
29873, 15
29875, 16
29876, 23
29877, 31
29879, 24
29880, 8
29881, 8
29882, 16
29883, 24
29884, 24
29885, 16
29886, 31
29887, 8
29888, 7
29889, 15
29890, 24
29891, 40
29892, 55
29893, 8
29894, 8
29895, 22
29896, 48
29897, 8
29898, 63
29899, 8
29900, 63
29901, 31
29902, 39
29903, 46
29904, 32
29906, 23
29907, 24
29908, 16
29909, 8
29910, 15
29911, 24
29912, 48
29913, 15
29914, 8
29915, 23
29916, 47
29917, 30
29918, 32
29919, 31
29920, 30
29921, 15
29922, 15
29923, 31
29924, 16
29925, 39
29926, 23
29927, 31
29928, 33
29929, 7
29930, 32
29931, 16
29932, 25
29933, 31
29934, 24
29935, 47
29936, 39
29937, 48
29938, 39
29939, 15
29940, 40
29941, 7
29942, 25
29943, 39
29944, 7
29945, 15
29946, 15
29947, 16
29948, 16
29949, 24
29951, 46
29953, 16
29954, 7
29955, 32
29956, 31
29958, 24
29960, 8
29961, 32
29962, 16
29963, 15
29964, 15
29965, 16
29966, 8
29968, 23
29969, 15
29970, 31
29971, 32
29972, 8
29973, 32
29975, 16
29976, 40
29977, 49
29978, 23
29979, 16
29980, 7
29981, 23
29982, 31
29983, 57
29984, 15
29985, 41
29986, 48
29987, 56
29988, 49
29989, 16
29990, 24
29992, 23
29993, 23
29994, 15
29995, 16
29996, 8
29997, 32
29998, 48
30000, 24
30001, 65
30002, 24
30003, 32
30004, 32
30005, 32
30007, 24
30008, 31
30009, 16
30010, 24
30011, 40
30012, 39
30013, 8
30014, 24
30015, 23
30016, 16
30017, 23
30018, 48
30019, 25
30020, 48
30021, 24
30022, 48
30023, 32
30024, 31
30025, 24
30026, 30
30027, 24
30028, 7
30029, 39
30030, 16
30031, 16
30032, 16
30034, 32
30035, 16
30036, 24
30037, 15
30039, 23
30040, 24
30041, 32
30042, 7
30043, 16
30044, 8
30046, 15
30047, 16
30048, 31
30049, 7
30050, 24
30051, 8
30052, 7
30053, 16
30054, 24
30055, 24
30056, 32
30057, 8
30058, 23
30059, 15
30061, 24
30062, 39
30063, 55
30064, 16
30065, 16
30066, 32
30067, 25
30068, 25
30069, 39
30070, 16
30071, 63
30072, 48
30073, 40
30074, 40
30075, 24
30077, 16
30078, 32
30079, 7
30080, 7
30081, 15
30082, 23
30083, 47
30084, 15
30085, 16
30086, 24
30087, 39
30088, 38
30089, 41
30090, 24
30091, 22
30092, 15
30093, 16
30094, 23
30095, 32
30096, 24
30097, 24
30098, 30
30100, 47
30101, 16
30102, 8
30103, 48
30104, 7
30105, 32
30106, 32
30107, 24
30108, 47
30109, 39
30110, 8
30111, 32
30112, 7
30113, 23
30114, 30
30115, 24
30118, 24
30119, 8
30120, 16
30121, 24
30122, 16
30124, 8
30125, 8
30127, 23
30128, 8
30132, 8
30133, 7
30134, 15
30136, 7
30141, 8
30142, 8
30144, 8
30161, 7
30165, 8
